time,open,high,low,close,volume,value,foreign_buy_vol,foreign_sell_vol,foreign_buy_val,foreign_sell_val,foreign_room,foreign_ownership_pct,foreign_buy_value_bn,foreign_sell_value_bn
2017-05-05,3.311,3.311,3.311,3.311,0,0.0,,,,,,,,
2017-05-08,4.636,4.636,4.636,4.636,100,463.6,,,,,,,,
2017-05-09,5.318,5.318,5.318,5.318,1300,6913.4,,,,,,,,
2017-05-10,6.097,6.097,6.097,6.097,9200,56092.4,,,,,,,,
2017-05-11,6.993,6.993,6.993,6.993,17600,123076.8,,,,,,,,
2017-05-12,8.025,8.025,8.025,8.025,6500,52162.5,,,,,,,,
2017-05-15,9.213,9.213,8.025,8.765,14600,127969.0,,,,,,,,
2017-05-16,7.791,7.889,7.791,7.791,2900,22593.9,,,,,,,,
2017-05-17,7.791,7.986,7.694,7.986,20900,166907.4,,,,,,,,
2017-05-18,7.791,7.986,7.791,7.83,7100,55593.0,,,,,,,,
2017-05-19,7.986,7.986,7.83,7.83,6100,47763.0,,,,,,,,
2017-05-22,7.83,7.83,7.83,7.83,1200,9396.0,,,,,,,,
2017-05-23,7.791,7.83,7.791,7.791,8300,64665.3,,,,,,,,
2017-05-24,7.791,7.791,7.402,7.791,1900,14802.9,,,,,,,,
2017-05-25,8.902,8.902,7.713,7.713,310,2391.03,,,,,,,,
2017-05-26,7.869,7.869,7.869,7.869,200,1573.8,,,,,,,,
2017-05-29,7.713,7.713,7.713,7.713,1200,9255.6,,,,,,,,
2017-05-30,7.694,7.713,7.402,7.713,6300,48591.9,,,,,,,,
2017-05-31,7.713,7.713,7.694,7.694,4400,33853.6,,,,,,,,
2017-06-01,7.499,7.499,7.499,7.499,800,5999.2,,,,,,,,
2017-06-02,7.694,7.694,7.694,7.694,3800,29237.2,,,,,,,,
2017-06-05,7.694,7.694,7.694,7.694,1200,9232.8,,,,,,,,
2017-06-06,7.694,7.694,7.694,7.694,0,0.0,,,,,,,,
2017-06-07,7.694,7.694,7.694,7.694,0,0.0,,,,,,,,
2017-06-08,6.545,7.558,6.545,7.558,1200,9069.6,,,,,,,,
2017-06-09,6.7,6.72,6.662,6.72,3400,22848.0,,,,,,,,
2017-06-12,7.363,7.363,6.7,6.7,1400,9380.0,,,,,,,,
2017-06-13,6.739,6.739,6.739,6.739,0,0.0,,,,,,,,
2017-06-14,6.739,6.739,6.739,6.739,0,0.0,,,,,,,,
2017-06-15,6.817,7.11,6.739,6.739,1000,6739.0,,,,,,,,
2017-06-16,6.817,7.11,6.817,7.11,400,2844.0,,,,,,,,
2017-06-19,6.915,6.915,6.662,6.662,300,1998.6,,,,,,,,
2017-06-20,6.642,6.642,6.623,6.623,7700,50997.1,,,,,,,,
2017-06-21,6.778,6.778,6.623,6.662,900,5995.8,,,,,,,,
2017-06-22,6.662,6.7,6.662,6.7,3600,24120.0,,,,,,,,
2017-06-23,6.681,6.681,6.681,6.681,100,668.1,,,,,,,,
2017-06-26,6.681,6.681,6.623,6.623,3900,25829.7,,,,,,,,
2017-06-27,6.623,6.623,6.623,6.623,5710,37817.33,,,,,,,,
2017-06-28,6.525,6.623,6.525,6.623,400,2649.2000000000003,,,,,,,,
2017-06-29,6.584,6.584,6.584,6.584,0,0.0,,,,,,,,
2017-06-30,5.843,5.843,5.843,5.843,100,584.3,,,,,,,,
2017-07-03,6.623,6.623,6.623,6.623,100,662.3000000000001,,,,,,,,
2017-07-04,6.623,6.623,6.623,6.623,0,0.0,,,,,,,,
2017-07-05,5.668,5.668,5.668,5.668,300,1700.4,,,,,,,,
2017-07-06,5.668,5.668,5.668,5.668,0,0.0,,,,,,,,
2017-07-07,5.668,5.668,4.831,5.454,8600,46904.4,,,,,,,,
2017-07-10,5.084,5.084,4.694,4.694,1700,7979.8,,,,,,,,
2017-07-11,5.707,5.707,5.084,5.084,1100,5592.4,,,,,,,,
2017-07-12,5.902,5.902,5.181,5.902,1600,9443.2,,,,,,,,
2017-07-13,6.233,6.233,6.233,6.233,300,1869.9,,,,,,,,
2017-07-14,5.376,5.376,5.376,5.376,200,1075.2,,,,,,,,
2017-07-17,5.415,5.415,5.415,5.415,400,2166.0,,,,,,,,
2017-07-18,6.194,6.194,6.194,6.194,200,1238.8,,,,,,,,
2017-07-19,5.337,5.337,5.318,5.318,1200,6381.599999999999,,,,,,,,
2017-07-20,5.843,5.843,5.123,5.843,2900,16944.7,,,,,,,,
2017-07-21,5.473,5.473,5.473,5.473,0,0.0,,,,,,,,
2017-07-24,5.473,5.473,5.473,5.473,0,0.0,,,,,,,,
2017-07-25,5.532,5.532,5.493,5.493,600,3295.8,,,,,,,,
2017-07-26,5.454,5.454,5.376,5.454,2200,11998.8,,,,,,,,
2017-07-27,6.136,6.136,5.551,5.551,1100,6106.1,,,,,,,,
2017-07-28,5.668,5.668,5.668,5.668,100,566.8000000000001,,,,,,,,
2017-07-31,5.668,5.668,5.668,5.668,0,0.0,,,,,,,,
2017-08-01,6.136,6.136,6.136,6.136,100,613.6,,,,,,,,
2017-08-02,6.136,6.136,6.136,6.136,0,0.0,,,,,,,,
2017-08-03,5.571,5.571,5.571,5.571,4800,26740.8,,,,,,,,
2017-08-04,5.571,5.571,5.571,5.571,0,0.0,,,,,,,,
2017-08-07,6.136,6.136,5.843,5.941,1700,10099.7,,,,,,,,
2017-08-08,6.058,6.058,6.058,6.058,0,0.0,,,,,,,,
2017-08-09,5.649,5.649,5.629,5.649,1500,8473.5,,,,,,,,
2017-08-10,5.668,5.843,5.668,5.843,1500,8764.5,,,,,,,,
2017-08-11,5.843,6.038,5.843,6.038,1300,7849.400000000001,,,,,,,,
2017-08-14,5.882,5.882,5.882,5.882,0,0.0,,,,,,,,
2017-08-15,5.882,5.882,5.882,5.882,9200,54114.4,,,,,,,,
2017-08-16,5.882,5.882,5.882,5.882,0,0.0,,,,,,,,
2017-08-17,5.882,5.882,5.882,5.882,0,0.0,,,,,,,,
2017-08-18,5.454,5.454,5.454,5.454,200,1090.8,,,,,,,,
2017-08-21,5.454,5.454,5.454,5.454,0,0.0,,,,,,,,
2017-08-22,6.136,6.136,6.136,6.136,1900,11658.4,,,,,,,,
2017-08-23,6.116,6.116,6.116,6.116,300,1834.8,,,,,,,,
2017-08-24,5.551,5.551,5.454,5.454,1000,5454.0,,,,,,,,
2017-08-25,6.136,6.136,4.714,4.714,3300,15556.2,,,,,,,,
2017-08-28,5.649,5.766,4.986,4.986,1600,7977.599999999999,,,,,,,,
2017-08-29,5.824,5.843,5.824,5.843,300,1752.9,,,,,,,,
2017-08-30,5.084,6.116,5.084,6.116,1000,6116.0,,,,,,,,
2017-08-31,5.201,6.038,5.201,6.038,200,1207.6,,,,,,,,
2017-09-01,5.473,5.473,5.473,5.473,100,547.3,,,,,,,,
2017-09-05,5.473,5.473,5.473,5.473,0,0.0,,,,,,,,
2017-09-06,4.714,4.714,4.714,4.714,1000,4714.0,,,,,,,,
2017-09-07,4.032,5.415,4.032,5.415,200,1083.0,,,,,,,,
2017-09-08,4.499,4.499,4.499,4.499,200,899.8,,,,,,,,
2017-09-11,4.499,4.499,4.499,4.499,0,0.0,,,,,,,,
2017-09-12,4.499,4.499,4.499,4.499,0,0.0,,,,,,,,
2017-09-13,5.162,5.162,5.162,5.162,5900,30455.8,,,,,,,,
2017-09-14,5.551,5.571,5.551,5.571,1100,6128.099999999999,,,,,,,,
2017-09-15,5.746,5.746,5.649,5.649,1800,10168.2,,,,,,,,
2017-09-18,5.843,5.843,5.843,5.843,1400,8180.2,,,,,,,,
2017-09-19,6.233,6.233,6.233,6.233,100,623.3,,,,,,,,
2017-09-20,6.233,6.233,6.233,6.233,0,0.0,,,,,,,,
2017-09-21,5.843,5.843,5.843,5.843,600,3505.8,,,,,,,,
2017-09-22,5.843,5.843,5.843,5.843,500,2921.5,,,,,,,,
2017-09-25,6.72,6.72,5.843,5.843,600,3505.8,,,,,,,,
2017-09-26,5.843,6.019,5.843,6.019,3400,20464.6,,,,,,,,
2017-09-27,5.843,5.843,5.843,5.843,300,1752.9,,,,,,,,
2017-09-28,5.843,5.843,5.843,5.843,0,0.0,,,,,,,,
2017-09-29,5.843,5.843,5.843,5.843,0,0.0,,,,,,,,
2017-10-02,5.181,5.181,5.181,5.181,500,2590.5,,,,,,,,
2017-10-03,5.181,5.181,5.181,5.181,0,0.0,,,,,,,,
2017-10-04,5.921,5.921,5.921,5.921,100,592.1,,,,,,,,
2017-10-05,5.084,5.084,5.084,5.084,100,508.4,,,,,,,,
2017-10-06,5.084,5.084,5.084,5.084,0,0.0,,,,,,,,
2017-10-09,5.084,5.084,5.084,5.084,0,0.0,,,,,,,,
2017-10-10,5.843,5.843,5.843,5.843,100,584.3,,,,,,,,
2017-10-11,5.843,5.843,5.843,5.843,0,0.0,,,,,,,,
2017-10-12,5.843,5.843,5.843,5.843,0,0.0,,,,,,,,
2017-10-13,5.843,5.843,5.843,5.843,0,0.0,,,,,,,,
2017-10-16,5.843,5.843,5.843,5.843,0,0.0,,,,,,,,
2017-10-17,5.843,5.921,5.843,5.921,1100,6513.1,,,,,,,,
2017-10-18,5.902,5.902,5.902,5.902,500,2951.0,,,,,,,,
2017-10-19,5.902,5.902,5.902,5.902,0,0.0,,,,,,,,
2017-10-20,5.843,5.843,5.843,5.843,4000,23372.0,,,,,,,,
2017-10-23,5.843,5.843,5.843,5.843,1900,11101.7,,,,,,,,
2017-10-24,5.649,5.649,5.649,5.649,1000,5649.0,,,,,,,,
2017-10-25,5.649,5.649,5.649,5.649,2000,11298.0,,,,,,,,
2017-10-26,5.746,5.746,5.649,5.649,1100,6213.9,,,,,,,,
2017-10-27,6.019,6.019,6.019,6.019,100,601.9,,,,,,,,
2017-10-30,6.019,6.019,6.019,6.019,0,0.0,,,,,,,,
2017-10-31,6.72,6.72,6.72,6.72,100,672.0,,,,,,,,
2017-11-01,5.727,5.746,5.727,5.727,3200,18326.4,,,,,,,,
2017-11-02,5.824,5.824,5.824,5.824,100,582.4,,,,,,,,
2017-11-03,5.746,5.746,5.746,5.746,2000,11492.0,,,,,,,,
2017-11-06,6.603,6.603,6.603,6.603,100,660.3,,,,,,,,
2017-11-07,7.577,7.577,5.649,5.649,1400,7908.6,,,,,,,,
2017-11-08,7.558,7.558,6.584,6.584,300,1975.2,,,,,,,,
2017-11-09,6.233,7.382,5.999,6.097,7900,48166.3,,,,,,,,
2017-11-10,6.895,6.895,6.623,6.623,900,5960.7,,,,,,,,
2017-11-13,5.96,6.623,5.96,6.623,300,1986.9,,,,,,,,
2017-11-14,6.175,6.175,6.175,6.175,1000,6175.0,,,,,,,,
2017-11-15,6.175,6.175,6.175,6.175,0,0.0,,,,,,,,
2017-11-16,6.155,6.155,6.155,6.155,200,1231.0,,,,,,,,
2017-11-17,6.798,6.798,6.798,6.798,100,679.8,,,,,,,,
2017-11-20,6.798,6.798,6.798,6.798,0,0.0,,,,,,,,
2017-11-21,6.973,6.973,6.973,6.973,100,697.3,,,,,,,,
2017-11-22,6.077,6.077,6.077,6.077,1000,6077.0,,,,,,,,
2017-11-23,6.077,6.077,6.077,6.077,0,0.0,,,,,,,,
2017-11-24,6.097,6.097,6.097,6.097,100,609.7,,,,,,,,
2017-11-27,6.33,6.33,6.33,6.33,100,633.0,,,,,,,,
2017-11-28,6.33,6.33,6.33,6.33,0,0.0,,,,,,,,
2017-11-29,6.33,6.33,6.33,6.33,0,0.0,,,,,,,,
2017-11-30,6.33,6.33,6.33,6.33,0,0.0,,,,,,,,
2017-12-01,6.33,6.33,6.33,6.33,0,0.0,,,,,,,,
2017-12-04,6.525,6.525,6.525,6.525,200,1305.0,,,,,,,,
2017-12-05,6.525,6.525,6.525,6.525,0,0.0,,,,,,,,
2017-12-06,6.525,6.525,6.525,6.525,0,0.0,,,,,,,,
2017-12-07,6.525,6.525,6.525,6.525,0,0.0,,,,,,,,
2017-12-08,5.766,5.766,5.746,5.746,200,1149.2,,,,,,,,
2017-12-11,5.766,5.766,5.766,5.766,0,0.0,,,,,,,,
2017-12-12,5.766,5.766,5.766,5.766,0,0.0,,,,,,,,
2017-12-13,5.259,5.259,5.259,5.259,4300,22613.7,,,,,,,,
2017-12-14,6.038,6.038,5.454,5.454,400,2181.6,,,,,,,,
2017-12-15,5.61,5.61,5.61,5.61,0,0.0,,,,,,,,
2017-12-18,6.369,6.369,6.369,6.369,100,636.9,,,,,,,,
2017-12-19,6.369,6.369,6.369,6.369,0,0.0,,,,,,,,
2017-12-20,6.369,6.369,6.369,6.369,0,0.0,,,,,,,,
2017-12-21,6.369,6.369,6.369,6.369,0,0.0,,,,,,,,
2017-12-22,6.369,6.369,6.369,6.369,0,0.0,,,,,,,,
2017-12-25,6.369,6.369,6.369,6.369,0,0.0,,,,,,,,
2017-12-26,6.369,6.369,6.369,6.369,0,0.0,,,,,,,,
2017-12-27,6.369,6.369,6.369,6.369,200,1273.8,,,,,,,,
2017-12-28,6.369,6.369,6.369,6.369,0,0.0,,,,,,,,
2017-12-29,6.311,6.311,6.311,6.311,4300,27137.3,,,,,,,,
2018-01-02,6.311,6.311,6.311,6.311,0,0.0,0.0,0.0,0.0,0.0,,0.06,0.0,0.0
2018-01-03,6.311,6.311,6.311,6.311,0,0.0,0.0,0.0,0.0,0.0,,0.06,0.0,0.0
2018-01-04,6.311,6.311,6.311,6.311,0,0.0,0.0,0.0,0.0,0.0,,0.06,0.0,0.0
2018-01-05,5.415,5.415,5.415,5.415,400,2166.0,0.0,0.0,0.0,0.0,,0.06,0.0,0.0
2018-01-08,5.415,5.415,5.415,5.415,0,0.0,0.0,0.0,0.0,0.0,,0.06,0.0,0.0
2018-01-09,5.415,5.415,5.415,5.415,0,0.0,0.0,0.0,0.0,0.0,,0.06,0.0,0.0
2018-01-10,5.746,5.746,5.746,5.746,100,574.6,0.0,0.0,0.0,0.0,,0.06,0.0,0.0
2018-01-11,5.941,6.038,5.941,6.038,400,2415.2000000000003,400.0,0.0,10000.0,0.0,,0.06,0.01,0.0
2018-01-12,5.843,5.843,5.843,5.843,14400,84139.2,0.0,0.0,0.0,0.0,,0.06,0.0,0.0
2018-01-15,5.064,5.064,5.064,5.064,1000,5064.0,0.0,0.0,0.0,0.0,,0.06,0.0,0.0
2018-01-16,5.064,5.064,5.064,5.064,0,0.0,0.0,0.0,0.0,0.0,,0.06,0.0,0.0
2018-01-17,5.356,5.804,5.356,5.746,4500,25857.000000000004,0.0,0.0,0.0,0.0,,0.06,0.0,0.0
2018-01-18,5.649,5.649,5.649,5.649,200,1129.8,0.0,0.0,0.0,0.0,,0.06,0.0,0.0
2018-01-19,5.746,5.746,5.649,5.649,600,3389.4,0.0,0.0,0.0,0.0,,0.06,0.0,0.0
2018-01-22,5.454,5.649,5.454,5.649,500,2824.5,100.0,0.0,0.0,0.0,,0.06,0.0,0.0
2018-01-23,5.551,5.571,5.551,5.571,5800,32311.8,0.0,0.0,0.0,0.0,,0.06,0.0,0.0
2018-01-24,5.454,5.454,5.454,5.454,4300,23452.2,0.0,0.0,0.0,0.0,,0.06,0.0,0.0
2018-01-25,5.454,5.454,5.454,5.454,0,0.0,0.0,0.0,0.0,0.0,,0.06,0.0,0.0
2018-01-26,6.252,6.272,6.252,6.272,2700,16934.4,0.0,0.0,0.0,0.0,,0.06,0.0,0.0
2018-01-29,5.454,5.454,5.454,5.454,100,545.4,0.0,0.0,0.0,0.0,,0.06,0.0,0.0
2018-01-30,5.454,5.454,5.454,5.454,0,0.0,0.0,0.0,0.0,0.0,,0.06,0.0,0.0
2018-01-31,5.649,5.649,5.649,5.649,100,564.9,0.0,0.0,0.0,0.0,,0.06,0.0,0.0
2018-02-01,5.142,5.142,5.142,5.142,400,2056.8,0.0,0.0,0.0,0.0,,0.06,0.0,0.0
2018-02-02,5.142,5.142,5.142,5.142,0,0.0,0.0,0.0,0.0,0.0,,0.06,0.0,0.0
2018-02-05,5.084,5.084,5.084,5.084,800,4067.2,0.0,0.0,0.0,0.0,,0.06,0.0,0.0
2018-02-06,5.064,5.824,5.064,5.824,1100,6406.4,0.0,0.0,0.0,0.0,,0.06,0.0,0.0
2018-02-07,5.746,5.746,5.746,5.746,1000,5746.0,0.0,0.0,0.0,0.0,,0.06,0.0,0.0
2018-02-08,5.746,5.746,5.746,5.746,0,0.0,0.0,0.0,0.0,0.0,,0.06,0.0,0.0
2018-02-09,6.584,6.584,6.584,6.584,1200,7900.799999999999,0.0,0.0,0.0,0.0,,0.06,0.0,0.0
2018-02-12,6.584,6.584,6.584,6.584,0,0.0,0.0,0.0,0.0,0.0,,0.06,0.0,0.0
2018-02-13,6.584,6.584,6.584,6.584,0,0.0,0.0,0.0,0.0,0.0,,0.06,0.0,0.0
2018-02-21,5.61,5.61,5.61,5.61,100,561.0,0.0,0.0,0.0,0.0,,0.06,0.0,0.0
2018-02-22,6.214,6.214,6.214,6.214,100,621.4000000000001,0.0,0.0,0.0,0.0,,0.06,0.0,0.0
2018-02-23,6.214,6.214,6.214,6.214,400,2485.6000000000004,0.0,0.0,0.0,0.0,,0.06,0.0,0.0
2018-02-26,6.214,6.214,6.214,6.214,1400,8699.6,0.0,0.0,0.0,0.0,,0.06,0.0,0.0
2018-02-27,5.298,5.298,5.298,5.298,100,529.8,0.0,0.0,0.0,0.0,,0.06,0.0,0.0
2018-02-28,4.577,4.577,4.538,4.538,2300,10437.4,0.0,0.0,0.0,0.0,,0.06,0.0,0.0
2018-03-01,5.201,5.201,5.201,5.201,100,520.0999999999999,0.0,0.0,0.0,0.0,,0.06,0.0,0.0
2018-03-02,5.96,5.96,5.96,5.96,100,596.0,0.0,0.0,0.0,0.0,,0.06,0.0,0.0
2018-03-05,6.603,6.603,6.603,6.603,2200,14526.6,0.0,0.0,0.0,0.0,,0.06,0.0,0.0
2018-03-06,6.603,6.603,6.603,6.603,0,0.0,0.0,0.0,0.0,0.0,,0.06,0.0,0.0
2018-03-07,5.629,5.629,5.629,5.629,100,562.9,0.0,0.0,0.0,0.0,,0.06,0.0,0.0
2018-03-08,5.629,5.629,5.629,5.629,0,0.0,0.0,0.0,0.0,0.0,,0.06,0.0,0.0
2018-03-09,5.629,5.629,5.629,5.629,0,0.0,0.0,0.0,0.0,0.0,,0.06,0.0,0.0
2018-03-12,5.629,5.629,5.629,5.629,0,0.0,0.0,0.0,0.0,0.0,,0.06,0.0,0.0
2018-03-13,5.629,5.629,5.629,5.629,0,0.0,0.0,0.0,0.0,0.0,,0.06,0.0,0.0
2018-03-14,4.811,4.831,4.811,4.831,2000,9662.0,0.0,0.0,0.0,0.0,,0.06,0.0,0.0
2018-03-15,4.831,4.831,4.831,4.831,0,0.0,0.0,0.0,0.0,0.0,,0.06,0.0,0.0
2018-03-16,4.831,4.831,4.831,4.831,0,0.0,0.0,0.0,0.0,0.0,,0.06,0.0,0.0
2018-03-19,5.551,5.551,5.551,5.551,800,4440.8,0.0,0.0,0.0,0.0,,0.06,0.0,0.0
2018-03-20,6.369,6.369,6.038,6.038,4000,24152.0,0.0,0.0,0.0,0.0,,0.06,0.0,0.0
2018-03-21,5.415,5.434,5.415,5.434,1300,7064.2,0.0,0.0,0.0,0.0,,0.06,0.0,0.0
2018-03-22,5.434,5.843,5.434,5.649,5000,28245.0,0.0,0.0,0.0,0.0,,0.06,0.0,0.0
2018-03-23,5.571,6.389,5.571,6.389,24600,157169.4,0.0,0.0,0.0,0.0,,0.06,0.0,0.0
2018-03-26,7.129,7.129,7.09,7.129,46200,329359.8,0.0,0.0,0.0,0.0,,0.06,0.0,0.0
2018-03-27,7.129,7.986,7.129,7.772,15400,119688.8,0.0,0.0,0.0,0.0,,0.06,0.0,0.0
2018-03-28,6.798,7.012,6.603,6.895,14100,97219.5,0.0,0.0,0.0,0.0,,0.06,0.0,0.0
2018-03-29,6.876,7.051,6.856,7.051,2100,14807.1,0.0,0.0,0.0,0.0,,0.06,0.0,0.0
2018-03-30,7.402,7.421,7.051,7.129,1200,8554.8,0.0,0.0,0.0,0.0,,0.06,0.0,0.0
2018-04-02,7.012,7.402,7.012,7.148,5900,42173.2,0.0,0.0,0.0,0.0,,0.06,0.0,0.0
2018-04-03,7.421,7.421,7.11,7.129,7300,52041.7,0.0,0.0,0.0,0.0,,0.06,0.0,0.0
2018-04-04,7.382,7.382,7.207,7.207,1400,10089.8,0.0,0.0,0.0,0.0,,0.06,0.0,0.0
2018-04-05,6.194,7.343,6.194,6.233,7400,46124.2,0.0,0.0,0.0,0.0,,0.06,0.0,0.0
2018-04-06,7.148,7.148,7.148,7.148,100,714.8,0.0,0.0,0.0,0.0,,0.06,0.0,0.0
2018-04-09,6.077,7.187,6.077,7.012,3300,23139.6,0.0,0.0,0.0,0.0,,0.06,0.0,0.0
2018-04-10,7.187,7.187,6.642,6.642,1400,9298.8,0.0,0.0,0.0,0.0,,0.06,0.0,0.0
2018-04-11,6.681,6.681,6.642,6.642,2000,13284.0,0.0,0.0,0.0,0.0,,0.06,0.0,0.0
2018-04-12,7.012,7.012,7.012,7.012,100,701.1999999999999,0.0,0.0,0.0,0.0,,0.06,0.0,0.0
2018-04-13,7.012,7.012,7.012,7.012,0,0.0,0.0,0.0,0.0,0.0,,0.06,0.0,0.0
2018-04-16,7.986,7.986,6.428,6.428,3800,24426.4,0.0,0.0,0.0,0.0,,0.06,0.0,0.0
2018-04-17,6.428,6.603,6.428,6.603,1900,12545.7,0.0,0.0,0.0,0.0,,0.06,0.0,0.0
2018-04-18,6.389,6.973,6.389,6.973,1300,9064.9,0.0,0.0,0.0,0.0,,0.06,0.0,0.0
2018-04-19,6.525,6.525,6.428,6.525,2600,16965.0,0.0,0.0,0.0,0.0,,0.06,0.0,0.0
2018-04-20,6.623,6.623,6.623,6.623,100,662.3000000000001,0.0,0.0,0.0,0.0,,0.06,0.0,0.0
2018-04-23,6.817,6.817,6.623,6.623,3600,23842.8,0.0,0.0,0.0,0.0,,0.06,0.0,0.0
2018-04-24,7.187,7.187,6.915,6.915,700,4840.5,0.0,0.0,0.0,0.0,,0.06,0.0,0.0
2018-04-26,6.525,7.382,5.921,6.428,5800,37282.4,0.0,0.0,0.0,0.0,,0.06,0.0,0.0
2018-04-27,6.428,6.428,6.428,6.428,500,3214.0,0.0,0.0,0.0,0.0,,0.06,0.0,0.0
2018-05-02,6.993,6.993,6.623,6.623,1300,8609.9,0.0,0.0,0.0,0.0,,0.06,0.0,0.0
2018-05-03,7.207,7.207,6.603,6.623,900,5960.7,100.0,0.0,0.0,0.0,,0.06,0.0,0.0
2018-05-04,6.603,6.681,6.467,6.467,4000,25868.0,0.0,0.0,0.0,0.0,,0.06,0.0,0.0
2018-05-07,6.525,6.525,6.428,6.428,600,3856.8,0.0,0.0,0.0,0.0,,0.06,0.0,0.0
2018-05-08,6.467,6.467,6.467,6.467,0,0.0,0.0,0.0,0.0,0.0,,0.06,0.0,0.0
2018-05-09,6.155,6.486,6.155,6.467,4600,29748.2,3200.0,0.0,110000.0,0.0,,0.06,0.11,0.0
2018-05-10,6.467,6.467,6.428,6.428,3400,21855.2,0.0,0.0,0.0,0.0,,0.06,0.0,0.0
2018-05-11,6.251,6.251,6.251,6.251,100,625.1,0.0,0.0,0.0,0.0,,0.06,0.0,0.0
2018-05-14,5.594,6.172,5.594,6.172,3300,20367.6,0.0,3200.0,0.0,100000.0,,0.06,0.0,0.1
2018-05-15,7.047,7.047,7.047,7.047,100,704.6999999999999,0.0,0.0,0.0,0.0,,0.06,0.0,0.0
2018-05-16,6.191,6.191,6.191,6.191,100,619.1,0.0,0.0,0.0,0.0,,0.06,0.0,0.0
2018-05-17,6.172,6.371,6.172,6.371,600,3822.6,0.0,0.0,0.0,0.0,,0.06,0.0,0.0
2018-05-18,6.331,6.331,6.331,6.331,0,0.0,0.0,0.0,0.0,0.0,,0.06,0.0,0.0
2018-05-21,5.435,5.475,5.435,5.475,200,1095.0,0.0,0.0,0.0,0.0,,0.06,0.0,0.0
2018-05-22,6.271,6.271,6.271,6.271,400,2508.4,0.0,0.0,0.0,0.0,,0.06,0.0,0.0
2018-05-23,6.55,6.55,6.371,6.371,400,2548.4,0.0,0.0,0.0,0.0,,0.06,0.0,0.0
2018-05-24,5.793,5.972,5.793,5.972,1600,9555.2,0.0,0.0,0.0,0.0,,0.06,0.0,0.0
2018-05-25,6.351,6.351,5.435,5.972,400,2388.8,0.0,0.0,0.0,0.0,,0.06,0.0,0.0
2018-05-28,5.315,5.594,5.315,5.594,3600,20138.4,0.0,0.0,0.0,0.0,,0.06,0.0,0.0
2018-05-29,4.798,5.753,4.798,5.753,600,3451.8,0.0,0.0,0.0,0.0,,0.06,0.0,0.0
2018-05-30,5.773,5.972,5.773,5.972,200,1194.4,0.0,0.0,0.0,0.0,,0.06,0.0,0.0
2018-05-31,5.116,5.853,5.116,5.773,300,1731.9,0.0,0.0,0.0,0.0,,0.06,0.0,0.0
2018-06-01,5.853,5.853,4.818,5.773,500,2886.5,0.0,0.0,0.0,0.0,,0.06,0.0,0.0
2018-06-04,5.475,6.012,5.475,6.012,300,1803.6,0.0,0.0,0.0,0.0,,0.06,0.0,0.0
2018-06-05,5.953,5.953,5.953,5.953,100,595.3000000000001,0.0,0.0,0.0,0.0,,0.06,0.0,0.0
2018-06-06,5.236,5.972,5.236,5.953,300,1785.9,0.0,0.0,0.0,0.0,,0.06,0.0,0.0
2018-06-07,4.997,5.674,4.997,5.674,600,3404.4,0.0,0.0,0.0,0.0,,0.06,0.0,0.0
2018-06-08,6.052,6.052,6.052,6.052,100,605.1999999999999,0.0,0.0,0.0,0.0,,0.06,0.0,0.0
2018-06-11,5.435,5.853,5.435,5.853,1300,7608.9,0.0,0.0,0.0,0.0,,0.06,0.0,0.0
2018-06-12,5.574,5.574,5.475,5.475,900,4927.5,0.0,0.0,0.0,0.0,,0.06,0.0,0.0
2018-06-13,5.753,5.773,5.534,5.734,1900,10894.6,0.0,0.0,0.0,0.0,,0.06,0.0,0.0
2018-06-14,5.515,5.574,5.515,5.574,500,2787.0,0.0,0.0,0.0,0.0,,0.06,0.0,0.0
2018-06-15,5.833,5.833,5.833,5.833,100,583.3000000000001,0.0,0.0,0.0,0.0,,0.06,0.0,0.0
2018-06-18,5.495,5.773,5.495,5.574,1800,10033.2,0.0,0.0,0.0,0.0,,0.06,0.0,0.0
2018-06-19,5.594,5.594,4.818,5.475,3100,16972.5,0.0,0.0,0.0,0.0,,0.06,0.0,0.0
2018-06-20,4.858,5.654,4.858,5.574,600,3344.4,0.0,0.0,0.0,0.0,,0.06,0.0,0.0
2018-06-21,5.833,5.833,5.833,5.833,100,583.3000000000001,0.0,0.0,0.0,0.0,,0.06,0.0,0.0
2018-06-22,4.977,5.574,4.977,5.574,300,1672.2,0.0,0.0,0.0,0.0,,0.06,0.0,0.0
2018-06-25,4.917,5.654,4.917,5.654,200,1130.8,0.0,0.0,0.0,0.0,,0.06,0.0,0.0
2018-06-26,4.798,5.634,4.798,5.574,4400,24525.6,0.0,0.0,0.0,0.0,,0.06,0.0,0.0
2018-06-27,5.574,5.873,5.574,5.873,1900,11158.7,0.0,0.0,0.0,0.0,,0.06,0.0,0.0
2018-06-28,6.55,6.55,6.55,6.55,100,655.0,0.0,0.0,0.0,0.0,,0.06,0.0,0.0
2018-06-29,5.614,6.53,5.614,6.072,800,4857.6,0.0,0.0,0.0,0.0,,0.06,0.0,0.0
2018-07-02,6.45,6.45,5.614,5.614,300,1684.2,0.0,0.0,0.0,0.0,,0.06,0.0,0.0
2018-07-03,6.052,6.072,5.972,5.972,3200,19110.4,0.0,0.0,0.0,0.0,,0.06,0.0,0.0
2018-07-04,6.55,6.55,5.972,6.351,1500,9526.5,0.0,0.0,0.0,0.0,,0.06,0.0,0.0
2018-07-05,6.45,6.45,5.992,5.992,1100,6591.2,0.0,0.0,0.0,0.0,,0.06,0.0,0.0
2018-07-06,6.371,6.729,6.371,6.729,200,1345.8,0.0,0.0,0.0,0.0,,0.06,0.0,0.0
2018-07-09,6.769,7.047,6.769,7.047,200,1409.4,0.0,0.0,0.0,0.0,,0.06,0.0,0.0
2018-07-10,6.271,6.271,6.072,6.072,1900,11536.8,0.0,1000.0,0.0,30000.0,,0.06,0.0,0.03
2018-07-11,6.072,6.072,5.972,5.972,3400,20304.800000000003,900.0,0.0,30000.0,0.0,,0.06,0.03,0.0
2018-07-12,6.749,6.749,5.972,6.072,800,4857.6,100.0,0.0,0.0,0.0,,0.06,0.0,0.0
2018-07-13,6.092,6.092,6.012,6.012,1000,6012.0,0.0,0.0,0.0,0.0,,0.06,0.0,0.0
2018-07-16,6.61,6.61,6.61,6.61,100,661.0,0.0,0.0,0.0,0.0,,0.06,0.0,0.0
2018-07-17,5.654,6.948,5.654,6.948,400,2779.2000000000003,0.0,100.0,0.0,0.0,,0.06,0.0,0.0
2018-07-18,6.968,7.545,6.968,7.545,200,1509.0,0.0,0.0,0.0,0.0,,0.06,0.0,0.0
2018-07-19,6.191,6.271,6.191,6.211,1100,6832.1,700.0,100.0,20000.0,0.0,,0.06,0.02,0.0
2018-07-20,6.371,6.371,6.371,6.371,300,1911.3,0.0,0.0,0.0,0.0,,0.06,0.0,0.0
2018-07-23,6.749,6.749,6.749,6.749,100,674.9,0.0,0.0,0.0,0.0,,0.06,0.0,0.0
2018-07-24,6.092,6.749,6.092,6.172,800,4937.599999999999,0.0,100.0,0.0,0.0,,0.06,0.0,0.0
2018-07-25,6.231,6.928,6.231,6.928,200,1385.6,0.0,0.0,0.0,0.0,,0.06,0.0,0.0
2018-07-26,5.614,6.191,5.614,6.191,500,3095.5,0.0,100.0,0.0,0.0,,0.06,0.0,0.0
2018-07-27,6.351,6.371,6.351,6.371,900,5733.900000000001,0.0,0.0,0.0,0.0,,0.06,0.0,0.0
2018-07-30,6.191,6.211,6.191,6.191,900,5571.9,700.0,0.0,20000.0,0.0,,0.06,0.02,0.0
2018-07-31,5.296,7.107,5.296,7.107,200,1421.4,0.0,100.0,0.0,0.0,,0.06,0.0,0.0
2018-08-01,6.211,6.211,6.211,6.211,0,0.0,0.0,0.0,0.0,0.0,,0.06,0.0,0.0
2018-08-02,6.848,6.848,5.495,5.515,700,3860.5,300.0,0.0,10000.0,0.0,,0.06,0.01,0.0
2018-08-03,6.57,6.57,6.57,6.57,100,657.0,0.0,0.0,0.0,0.0,,0.06,0.0,0.0
2018-08-06,5.694,7.426,5.694,7.426,200,1485.2,0.0,100.0,0.0,0.0,,0.06,0.0,0.0
2018-08-07,5.614,5.614,5.614,5.614,100,561.4,0.0,100.0,0.0,0.0,,0.06,0.0,0.0
2018-08-08,5.614,5.614,5.614,5.614,0,0.0,0.0,0.0,0.0,0.0,,0.06,0.0,0.0
2018-08-09,5.873,5.873,5.873,5.873,100,587.3000000000001,0.0,0.0,0.0,0.0,,0.06,0.0,0.0
2018-08-10,6.55,6.55,6.55,6.55,200,1310.0,0.0,0.0,0.0,0.0,,0.06,0.0,0.0
2018-08-13,5.594,6.45,5.594,6.45,1500,9675.0,0.0,100.0,0.0,0.0,,0.06,0.0,0.0
2018-08-14,6.331,6.371,5.972,5.972,500,2986.0,0.0,0.0,0.0,0.0,,0.06,0.0,0.0
2018-08-15,6.769,6.828,6.769,6.828,200,1365.6,0.0,0.0,0.0,0.0,,0.06,0.0,0.0
2018-08-16,6.251,6.251,6.251,6.251,1400,8751.4,1400.0,0.0,40000.0,0.0,,0.06,0.04,0.0
2018-08-17,7.187,7.187,6.251,6.251,1100,6876.1,1000.0,0.0,30000.0,0.0,,0.06,0.03,0.0
2018-08-20,6.729,6.729,6.729,6.729,100,672.9,0.0,0.0,0.0,0.0,,0.06,0.0,0.0
2018-08-21,5.793,5.972,5.793,5.893,900,5303.7,0.0,100.0,0.0,0.0,,0.06,0.0,0.0
2018-08-22,5.933,5.933,5.933,5.933,300,1779.9,0.0,0.0,0.0,0.0,,0.06,0.0,0.0
2018-08-23,5.972,6.072,5.972,5.972,1700,10152.4,0.0,0.0,0.0,0.0,,0.06,0.0,0.0
2018-08-24,6.012,6.012,5.972,5.972,2700,16124.4,1900.0,0.0,60000.0,0.0,,0.06,0.06,0.0
2018-08-27,6.371,6.47,6.371,6.47,5700,36879.0,5100.0,0.0,160000.0,0.0,,0.06,0.16,0.0
2018-08-28,6.371,6.371,6.371,6.371,3700,23572.7,3600.0,0.0,120000.0,0.0,,0.06,0.12,0.0
2018-08-29,6.371,6.371,6.371,6.371,2300,14653.3,300.0,0.0,10000.0,0.0,,0.06,0.01,0.0
2018-08-30,6.371,6.371,6.371,6.371,4400,28032.4,2000.0,0.0,60000.0,0.0,,0.06,0.06,0.0
2018-08-31,6.47,6.47,6.371,6.391,5700,36428.7,1300.0,0.0,40000.0,0.0,,0.06,0.04,0.0
2018-09-04,6.391,6.41,6.391,6.41,2300,14743.0,900.0,0.0,30000.0,0.0,,0.06,0.03,0.0
2018-09-05,6.41,6.43,6.41,6.41,16000,102560.0,3000.0,0.0,100000.0,0.0,,0.06,0.1,0.0
2018-09-06,6.41,6.47,6.41,6.47,9100,58877.0,3600.0,0.0,120000.0,0.0,,0.06,0.12,0.0
2018-09-07,6.41,6.47,6.41,6.47,2400,15528.0,100.0,100.0,0.0,0.0,,0.06,0.0,0.0
2018-09-10,6.53,6.53,6.47,6.47,3900,25233.0,3600.0,0.0,120000.0,0.0,,0.06,0.12,0.0
2018-09-11,6.53,6.53,6.47,6.47,5100,32997.0,2500.0,0.0,80000.0,0.0,,0.06,0.08,0.0
2018-09-12,6.47,6.749,6.47,6.689,2900,19398.1,2600.0,0.0,80000.0,0.0,,0.06,0.08,0.0
2018-09-13,6.49,6.49,6.49,6.49,800,5192.0,800.0,300.0,30000.0,10000.0,,0.06,0.03,0.01
2018-09-14,5.694,6.649,5.694,6.649,200,1329.8,0.0,100.0,0.0,0.0,,0.06,0.0,0.0
2018-09-17,6.172,6.689,6.172,6.689,400,2675.6,0.0,0.0,0.0,0.0,,0.06,0.0,0.0
2018-09-18,6.53,6.53,6.53,6.53,100,653.0,0.0,0.0,0.0,0.0,,0.06,0.0,0.0
2018-09-19,6.53,6.57,6.53,6.57,500,3285.0,400.0,0.0,10000.0,0.0,,0.06,0.01,0.0
2018-09-20,6.49,6.729,6.49,6.729,200,1345.8,0.0,0.0,0.0,0.0,,0.06,0.0,0.0
2018-09-21,6.709,7.565,6.59,6.59,2100,13839.0,0.0,400.0,0.0,10000.0,,0.06,0.0,0.01
2018-09-24,6.828,6.828,6.828,6.828,1200,8193.6,1200.0,0.0,40000.0,0.0,,0.06,0.04,0.0
2018-09-25,7.008,7.008,6.789,6.968,5700,39717.6,2500.0,0.0,90000.0,0.0,,0.06,0.09,0.0
2018-09-26,7.983,7.983,7.983,7.983,100,798.3,0.0,0.0,0.0,0.0,,0.06,0.0,0.0
2018-09-27,6.809,7.127,6.809,7.067,5400,38161.8,0.0,100.0,0.0,0.0,,0.06,0.0,0.0
2018-09-28,7.943,7.943,7.067,7.067,1100,7773.7,400.0,0.0,10000.0,0.0,,0.06,0.01,0.0
2018-10-01,7.943,7.943,7.067,7.545,9400,70923.0,5500.0,0.0,200000.0,0.0,,0.06,0.2,0.0
2018-10-02,7.943,7.943,6.968,6.968,10700,74557.6,3100.0,0.0,110000.0,0.0,,0.06,0.11,0.0
2018-10-03,7.067,7.067,6.968,6.968,8100,56440.8,6600.0,0.0,230000.0,0.0,,0.06,0.23,0.0
2018-10-04,7.724,7.724,6.968,6.968,6000,41808.0,5900.0,0.0,210000.0,0.0,,0.06,0.21,0.0
2018-10-05,6.968,6.968,6.968,6.968,5600,39020.8,5000.0,0.0,180000.0,0.0,,0.06,0.18,0.0
2018-10-08,6.968,6.968,6.968,6.968,6600,45988.8,6600.0,0.0,230000.0,0.0,,0.06,0.23,0.0
2018-10-09,6.968,6.968,6.948,6.948,6600,45856.8,6600.0,0.0,230000.0,0.0,,0.06,0.23,0.0
2018-10-10,6.928,6.928,6.928,6.928,9300,64430.4,6600.0,0.0,230000.0,0.0,,0.06,0.23,0.0
2018-10-11,7.943,7.943,6.928,6.948,12500,86850.0,2700.0,0.0,90000.0,0.0,,0.06,0.09,0.0
2018-10-12,6.948,6.948,6.948,6.948,600,4168.8,600.0,0.0,20000.0,0.0,,0.06,0.02,0.0
2018-10-15,7.545,7.545,6.928,6.948,3000,20844.0,1600.0,0.0,60000.0,0.0,,0.06,0.06,0.0
2018-10-16,6.968,6.968,6.948,6.968,9100,63408.8,0.0,0.0,0.0,0.0,,0.06,0.0,0.0
2018-10-17,7.545,7.565,7.167,7.167,5600,40135.2,0.0,0.0,0.0,0.0,,0.06,0.0,0.0
2018-10-18,7.187,7.207,7.167,7.167,10000,71670.0,3200.0,0.0,120000.0,0.0,,0.06,0.12,0.0
2018-10-19,7.167,7.167,7.067,7.067,12200,86217.40000000001,3200.0,0.0,110000.0,0.0,,0.06,0.11,0.0
2018-10-22,7.067,7.067,7.067,7.067,8200,57949.4,3300.0,0.0,120000.0,0.0,,0.06,0.12,0.0
2018-10-23,7.087,7.087,7.087,7.087,9000,63783.0,0.0,0.0,0.0,0.0,,0.06,0.0,0.0
2018-10-24,7.565,7.565,7.565,7.565,200,1513.0,0.0,0.0,0.0,0.0,,0.06,0.0,0.0
2018-10-25,7.565,7.565,7.565,7.565,7300,55224.5,7200.0,0.0,270000.0,0.0,,0.06,0.27,0.0
2018-10-26,7.585,7.585,7.565,7.565,18700,141465.5,6000.0,0.0,230000.0,0.0,,0.06,0.23,0.0
2018-10-29,7.943,7.943,7.585,7.585,6100,46268.5,300.0,0.0,10000.0,0.0,,0.06,0.01,0.0
2018-10-30,7.625,7.625,7.625,7.625,1100,8387.5,0.0,0.0,0.0,0.0,,0.06,0.0,0.0
2018-10-31,7.923,7.923,7.625,7.625,1700,12962.5,1100.0,0.0,40000.0,0.0,,0.06,0.04,0.0
2018-11-01,7.625,7.625,7.625,7.625,1400,10675.0,1400.0,0.0,50000.0,0.0,,0.06,0.05,0.0
2018-11-02,7.625,7.625,7.625,7.625,3800,28975.0,2000.0,0.0,80000.0,0.0,,0.06,0.08,0.0
2018-11-05,8.342,8.342,7.645,7.645,2100,16054.5,0.0,0.0,0.0,0.0,,0.06,0.0,0.0
2018-11-06,7.685,7.685,7.685,7.685,7100,54563.5,0.0,0.0,0.0,0.0,,0.06,0.0,0.0
2018-11-07,7.824,7.824,7.824,7.824,100,782.4,0.0,0.0,0.0,0.0,,0.06,0.0,0.0
2018-11-08,6.709,7.764,6.709,7.764,300,2329.2000000000003,0.0,100.0,0.0,0.0,,0.06,0.0,0.0
2018-11-09,7.864,7.864,7.366,7.406,6100,45176.6,3000.0,0.0,110000.0,0.0,,0.06,0.11,0.0
2018-11-12,7.824,7.824,7.366,7.366,1700,12522.2,600.0,0.0,20000.0,0.0,,0.06,0.02,0.0
2018-11-13,7.406,7.406,7.406,7.406,3000,22218.0,0.0,0.0,0.0,0.0,,0.06,0.0,0.0
2018-11-14,7.744,7.744,7.406,7.565,2600,19669.0,1300.0,0.0,50000.0,0.0,,0.06,0.05,0.0
2018-11-15,7.764,7.764,7.406,7.406,1300,9627.8,1200.0,0.0,40000.0,0.0,,0.06,0.04,0.0
2018-11-16,7.764,7.764,7.485,7.485,600,4491.0,0.0,0.0,0.0,0.0,,0.06,0.0,0.0
2018-11-19,7.565,7.565,7.565,7.565,1000,7565.0,0.0,0.0,0.0,0.0,,0.06,0.0,0.0
2018-11-20,7.565,7.585,7.505,7.565,8800,66572.0,1500.0,0.0,60000.0,0.0,,0.06,0.06,0.0
2018-11-21,7.565,7.565,7.565,7.565,2500,18912.5,500.0,0.0,20000.0,0.0,,0.06,0.02,0.0
2018-11-22,7.565,7.565,7.565,7.565,6400,48416.0,2000.0,0.0,80000.0,0.0,,0.06,0.08,0.0
2018-11-23,7.565,7.565,7.565,7.565,6500,49172.5,2500.0,0.0,100000.0,0.0,,0.06,0.1,0.0
2018-11-26,7.565,7.565,7.466,7.565,9200,69598.0,3000.0,0.0,110000.0,0.0,,0.06,0.11,0.0
2018-11-27,7.565,7.565,7.565,7.565,2500,18912.5,2500.0,0.0,100000.0,0.0,,0.06,0.1,0.0
2018-11-28,7.565,7.565,7.565,7.565,0,0.0,0.0,0.0,0.0,0.0,,0.06,0.0,0.0
2018-11-29,7.565,7.565,7.565,7.565,100,756.5,0.0,0.0,0.0,0.0,,0.06,0.0,0.0
2018-11-30,6.809,7.565,6.809,7.565,500,3782.5,0.0,100.0,0.0,0.0,,0.06,0.0,0.0
2018-12-03,7.565,7.565,7.565,7.565,500,3782.5,0.0,0.0,0.0,0.0,,0.06,0.0,0.0
2018-12-04,7.565,7.565,7.525,7.565,3700,27990.5,500.0,0.0,20000.0,0.0,,0.06,0.02,0.0
2018-12-05,7.446,7.565,7.446,7.525,4100,30852.5,2500.0,0.0,90000.0,0.0,,0.06,0.09,0.0
2018-12-06,7.545,7.545,7.525,7.545,1800,13581.0,1700.0,0.0,60000.0,0.0,,0.06,0.06,0.0
2018-12-07,7.525,7.525,7.525,7.525,100,752.5,0.0,0.0,0.0,0.0,,0.06,0.0,0.0
2018-12-10,7.525,7.525,7.525,7.525,0,0.0,0.0,0.0,0.0,0.0,,0.06,0.0,0.0
2018-12-11,6.41,7.207,6.41,7.167,10400,74536.8,0.0,100.0,0.0,0.0,,0.06,0.0,0.0
2018-12-12,7.207,7.207,7.187,7.187,2000,14374.0,0.0,0.0,0.0,0.0,,0.06,0.0,0.0
2018-12-13,7.207,7.207,7.187,7.187,2000,14374.0,1800.0,0.0,60000.0,0.0,,0.06,0.06,0.0
2018-12-14,7.187,7.187,7.187,7.187,0,0.0,0.0,0.0,0.0,0.0,,0.06,0.0,0.0
2018-12-17,7.266,7.266,7.266,7.266,1000,7266.0,0.0,0.0,0.0,0.0,,0.06,0.0,0.0
2018-12-18,7.266,7.266,7.266,7.266,4200,30517.2,2100.0,0.0,80000.0,0.0,,0.06,0.08,0.0
2018-12-19,7.286,7.286,7.286,7.286,2800,20400.8,0.0,0.0,0.0,0.0,,0.06,0.0,0.0
2018-12-20,7.306,7.306,7.286,7.286,3500,25501.0,2500.0,0.0,90000.0,0.0,,0.06,0.09,0.0
2018-12-21,7.286,7.286,7.286,7.286,1000,7286.0,1000.0,0.0,40000.0,0.0,,0.06,0.04,0.0
2018-12-24,6.211,7.286,6.211,7.286,400,2914.4,0.0,100.0,0.0,0.0,,0.06,0.0,0.0
2018-12-25,6.57,7.167,6.57,7.167,6800,48735.6,0.0,0.0,0.0,0.0,,0.06,0.0,0.0
2018-12-26,6.669,6.669,6.669,6.669,100,666.9,0.0,0.0,0.0,0.0,,0.06,0.0,0.0
2018-12-27,7.167,7.565,6.371,7.565,300,2269.5,0.0,0.0,0.0,0.0,,0.06,0.0,0.0
2018-12-28,6.729,7.565,6.49,7.565,400,3026.0,0.0,0.0,0.0,0.0,,0.06,0.0,0.0
2019-01-02,7.545,7.565,7.545,7.565,1100,8321.5,0.0,0.0,0.0,0.0,,0.06,0.0,0.0
2019-01-03,6.769,7.227,6.769,7.227,400,2890.8,0.0,0.0,0.0,0.0,,0.06,0.0,0.0
2019-01-04,7.525,7.525,6.868,6.868,200,1373.6,0.0,0.0,0.0,0.0,,0.06,0.0,0.0
2019-01-07,6.57,7.207,6.57,7.207,2400,17296.8,0.0,0.0,0.0,0.0,,0.06,0.0,0.0
2019-01-08,7.067,7.286,7.067,7.286,1600,11657.6,0.0,0.0,0.0,0.0,,0.06,0.0,0.0
2019-01-09,7.266,7.266,7.266,7.266,0,0.0,0.0,0.0,0.0,0.0,,0.06,0.0,0.0
2019-01-10,7.266,7.266,7.266,7.266,0,0.0,0.0,0.0,0.0,0.0,,0.06,0.0,0.0
2019-01-11,7.366,7.366,7.366,7.366,100,736.5999999999999,0.0,0.0,0.0,0.0,,0.06,0.0,0.0
2019-01-14,7.744,7.744,6.988,6.988,200,1397.6,0.0,0.0,0.0,0.0,,0.06,0.0,0.0
2019-01-15,7.565,7.565,7.565,7.565,900,6808.5,0.0,0.0,0.0,0.0,,0.06,0.0,0.0
2019-01-16,7.565,7.565,7.565,7.565,0,0.0,0.0,0.0,0.0,0.0,,0.06,0.0,0.0
2019-01-17,7.286,7.286,7.286,7.286,800,5828.799999999999,0.0,0.0,0.0,0.0,,0.06,0.0,0.0
2019-01-18,7.466,7.466,7.466,7.466,100,746.6,0.0,0.0,0.0,0.0,,0.06,0.0,0.0
2019-01-21,6.669,7.067,6.669,6.968,1100,7664.8,0.0,0.0,0.0,0.0,,0.06,0.0,0.0
2019-01-22,6.968,6.968,6.968,6.968,0,0.0,0.0,0.0,0.0,0.0,,0.06,0.0,0.0
2019-01-23,7.306,7.306,7.306,7.306,1300,9497.8,0.0,0.0,0.0,0.0,,0.06,0.0,0.0
2019-01-24,7.167,7.286,7.167,7.286,9200,67031.2,0.0,0.0,0.0,0.0,,0.06,0.0,0.0
2019-01-25,7.087,7.087,7.087,7.087,500,3543.5,0.0,0.0,0.0,0.0,,0.06,0.0,0.0
2019-01-28,7.087,7.087,7.087,7.087,3200,22678.4,0.0,0.0,0.0,0.0,,0.06,0.0,0.0
2019-01-29,7.963,7.963,7.167,7.167,14200,101771.4,0.0,0.0,0.0,0.0,,0.06,0.0,0.0
2019-01-30,7.167,7.167,7.167,7.167,1400,10033.8,0.0,0.0,0.0,0.0,,0.06,0.0,0.0
2019-01-31,7.167,7.167,7.167,7.167,21500,154090.5,0.0,0.0,0.0,0.0,,0.06,0.0,0.0
2019-02-01,6.271,7.167,6.271,7.167,500,3583.5,0.0,0.0,0.0,0.0,,0.06,0.0,0.0
2019-02-11,7.326,7.326,7.326,7.326,100,732.5999999999999,0.0,0.0,0.0,0.0,,0.06,0.0,0.0
2019-02-12,7.266,7.266,7.266,7.266,100,726.6,0.0,0.0,0.0,0.0,,0.06,0.0,0.0
2019-02-13,7.923,7.923,6.669,6.868,1800,12362.4,0.0,0.0,0.0,0.0,,0.06,0.0,0.0
2019-02-14,6.072,6.968,6.072,6.968,3400,23691.2,0.0,0.0,0.0,0.0,,0.06,0.0,0.0
2019-02-15,6.948,6.948,6.948,6.948,0,0.0,0.0,0.0,0.0,0.0,,0.06,0.0,0.0
2019-02-18,6.968,6.968,6.968,6.968,4300,29962.4,0.0,0.0,0.0,0.0,,0.06,0.0,0.0
2019-02-19,6.968,6.968,6.968,6.968,0,0.0,0.0,0.0,0.0,0.0,,0.06,0.0,0.0
2019-02-20,6.371,6.371,6.371,6.371,100,637.1,0.0,0.0,0.0,0.0,,0.06,0.0,0.0
2019-02-21,7.147,7.147,7.147,7.147,100,714.7,0.0,0.0,0.0,0.0,,0.06,0.0,0.0
2019-02-22,6.968,6.968,6.968,6.968,1000,6968.0,0.0,0.0,0.0,0.0,,0.06,0.0,0.0
2019-02-25,8.003,8.003,8.003,8.003,100,800.3,0.0,0.0,0.0,0.0,,0.06,0.0,0.0
2019-02-26,6.809,7.167,6.809,7.167,1100,7883.7,0.0,100.0,0.0,0.0,,0.06,0.0,0.0
2019-02-27,7.844,7.844,7.167,7.167,3100,22217.7,0.0,0.0,0.0,0.0,,0.06,0.0,0.0
2019-02-28,7.904,7.904,7.904,7.904,100,790.4,0.0,0.0,0.0,0.0,,0.06,0.0,0.0
2019-03-01,7.167,7.167,7.167,7.167,2000,14334.0,0.0,0.0,0.0,0.0,,0.06,0.0,0.0
2019-03-04,7.167,7.167,7.167,7.167,1100,7883.7,0.0,0.0,0.0,0.0,,0.06,0.0,0.0
2019-03-05,7.326,7.326,7.326,7.326,100,732.5999999999999,0.0,0.0,0.0,0.0,,0.06,0.0,0.0
2019-03-06,7.326,7.326,7.326,7.326,0,0.0,0.0,0.0,0.0,0.0,,0.06,0.0,0.0
2019-03-07,7.366,7.366,7.326,7.326,900,6593.4,0.0,0.0,0.0,0.0,,0.06,0.0,0.0
2019-03-08,7.446,7.446,7.446,7.446,100,744.6,0.0,0.0,0.0,0.0,,0.06,0.0,0.0
2019-03-11,7.366,7.426,7.266,7.366,2900,21361.4,0.0,0.0,0.0,0.0,,0.06,0.0,0.0
2019-03-12,7.545,7.545,7.545,7.545,100,754.5,0.0,0.0,0.0,0.0,,0.06,0.0,0.0
2019-03-13,7.565,7.565,7.565,7.565,100,756.5,0.0,0.0,0.0,0.0,,0.06,0.0,0.0
2019-03-14,7.167,7.167,7.167,7.167,1000,7167.0,0.0,0.0,0.0,0.0,,0.06,0.0,0.0
2019-03-15,7.943,7.943,7.943,7.943,100,794.3,0.0,0.0,0.0,0.0,,0.06,0.0,0.0
2019-03-18,6.769,6.769,6.769,6.769,100,676.9,0.0,100.0,0.0,0.0,,0.06,0.0,0.0
2019-03-19,7.764,7.764,6.371,7.167,4900,35118.3,0.0,0.0,0.0,0.0,,0.06,0.0,0.0
2019-03-20,7.167,7.207,7.167,7.167,4000,28668.0,0.0,0.0,0.0,0.0,,0.06,0.0,0.0
2019-03-21,7.167,7.247,7.167,7.247,800,5797.6,0.0,0.0,0.0,0.0,,0.06,0.0,0.0
2019-03-22,7.187,7.187,7.187,7.187,0,0.0,0.0,0.0,0.0,0.0,,0.06,0.0,0.0
2019-03-25,7.744,7.744,7.744,7.744,100,774.4,0.0,0.0,0.0,0.0,,0.06,0.0,0.0
2019-03-26,6.59,7.326,6.59,7.326,200,1465.1999999999998,0.0,100.0,0.0,0.0,,0.06,0.0,0.0
2019-03-27,8.003,8.003,7.167,7.167,1700,12183.9,0.0,0.0,0.0,0.0,,0.06,0.0,0.0
2019-03-28,7.167,7.167,6.968,7.167,12300,88154.09999999999,0.0,0.0,0.0,0.0,,0.06,0.0,0.0
2019-03-29,6.809,6.809,6.809,6.809,100,680.9,0.0,0.0,0.0,0.0,,0.06,0.0,0.0
2019-04-01,7.366,7.366,7.366,7.366,100,736.5999999999999,0.0,0.0,0.0,0.0,,0.06,0.0,0.0
2019-04-02,7.366,7.366,7.366,7.366,0,0.0,0.0,0.0,0.0,0.0,,0.06,0.0,0.0
2019-04-03,7.366,7.366,7.366,7.366,0,0.0,0.0,0.0,0.0,0.0,,0.06,0.0,0.0
2019-04-04,7.366,7.366,7.366,7.366,0,0.0,0.0,0.0,0.0,0.0,,0.06,0.0,0.0
2019-04-05,7.167,7.167,7.167,7.167,700,5016.9,0.0,0.0,0.0,0.0,,0.06,0.0,0.0
2019-04-08,7.147,7.147,6.57,6.57,2100,13797.0,0.0,0.0,0.0,0.0,,0.06,0.0,0.0
2019-04-09,6.61,6.669,6.59,6.669,3700,24675.3,0.0,2100.0,0.0,70000.0,,0.06,0.0,0.07
2019-04-10,6.669,6.968,6.669,6.968,9300,64802.4,0.0,5000.0,0.0,170000.0,,0.06,0.0,0.17
2019-04-11,6.769,6.769,6.769,6.769,100,676.9,0.0,0.0,0.0,0.0,,0.06,0.0,0.0
2019-04-12,6.809,6.828,6.809,6.828,1100,7510.8,0.0,0.0,0.0,0.0,,0.06,0.0,0.0
2019-04-16,6.809,6.809,6.809,6.809,1100,7489.900000000001,0.0,1100.0,0.0,40000.0,,0.06,0.0,0.04
2019-04-17,6.809,6.809,6.809,6.809,900,6128.1,0.0,0.0,0.0,0.0,,0.06,0.0,0.0
2019-04-18,6.809,6.809,6.809,6.809,1000,6809.0,0.0,900.0,0.0,30000.0,,0.06,0.0,0.03
2019-04-19,6.789,6.809,6.789,6.809,1900,12937.1,0.0,1800.0,0.0,60000.0,,0.06,0.0,0.06
2019-04-22,6.809,6.809,6.809,6.809,0,0.0,0.0,0.0,0.0,0.0,,0.06,0.0,0.0
2019-04-23,6.809,6.809,6.809,6.809,0,0.0,0.0,0.0,0.0,0.0,,0.06,0.0,0.0
2019-04-24,6.809,6.809,6.809,6.809,0,0.0,0.0,0.0,0.0,0.0,,0.06,0.0,0.0
2019-04-25,6.769,6.769,6.769,6.769,500,3384.5,0.0,0.0,0.0,0.0,,0.06,0.0,0.0
2019-04-26,6.749,6.769,6.749,6.769,5100,34521.9,0.0,3100.0,0.0,110000.0,,0.06,0.0,0.11
2019-05-02,6.769,6.769,6.769,6.769,3500,23691.5,0.0,3400.0,0.0,120000.0,,0.06,0.0,0.12
2019-05-03,6.769,6.769,6.769,6.769,0,0.0,0.0,0.0,0.0,0.0,,0.06,0.0,0.0
2019-05-06,6.769,6.769,6.769,6.769,0,0.0,0.0,0.0,0.0,0.0,,0.06,0.0,0.0
2019-05-07,6.769,6.769,6.769,6.769,1500,10153.5,0.0,0.0,0.0,0.0,,0.06,0.0,0.0
2019-05-08,6.072,6.072,6.072,6.072,100,607.2,0.0,0.0,0.0,0.0,,0.06,0.0,0.0
2019-05-09,6.072,6.072,6.072,6.072,0,0.0,0.0,0.0,0.0,0.0,,0.06,0.0,0.0
2019-05-10,6.072,6.072,6.072,6.072,0,0.0,0.0,0.0,0.0,0.0,,0.06,0.0,0.0
2019-05-13,6.072,6.072,6.072,6.072,0,0.0,0.0,0.0,0.0,0.0,,0.06,0.0,0.0
2019-05-14,5.793,5.793,5.793,5.793,100,579.3000000000001,0.0,0.0,0.0,0.0,,0.06,0.0,0.0
2019-05-15,5.793,5.793,5.793,5.793,100,579.3000000000001,0.0,100.0,0.0,0.0,,0.06,0.0,0.0
2019-05-16,5.793,5.793,5.793,5.793,0,0.0,0.0,0.0,0.0,0.0,,0.06,0.0,0.0
2019-05-17,6.629,6.649,6.629,6.629,1300,8617.699999999999,0.0,0.0,0.0,0.0,,0.06,0.0,0.0
2019-05-20,6.629,6.629,6.629,6.629,0,0.0,0.0,0.0,0.0,0.0,,0.06,0.0,0.0
2019-05-21,5.913,5.913,5.913,5.913,100,591.3000000000001,0.0,0.0,0.0,0.0,,0.06,0.0,0.0
2019-05-22,5.913,5.913,5.913,5.913,0,0.0,0.0,0.0,0.0,0.0,,0.06,0.0,0.0
2019-05-23,5.913,5.913,5.913,5.913,0,0.0,0.0,0.0,0.0,0.0,,0.06,0.0,0.0
2019-05-24,5.913,5.913,5.913,5.913,0,0.0,0.0,0.0,0.0,0.0,,0.06,0.0,0.0
2019-05-27,6.525,6.525,6.525,6.525,1100,7177.5,0.0,0.0,0.0,0.0,,0.06,0.0,0.0
2019-05-28,6.525,6.525,6.525,6.525,0,0.0,0.0,0.0,0.0,0.0,,0.06,0.0,0.0
2019-05-29,6.525,6.525,6.525,6.525,0,0.0,0.0,0.0,0.0,0.0,,0.06,0.0,0.0
2019-05-30,6.525,6.525,6.525,6.525,0,0.0,0.0,0.0,0.0,0.0,,0.06,0.0,0.0
2019-05-31,6.728,6.728,6.728,6.728,100,672.8,0.0,0.0,0.0,0.0,,0.06,0.0,0.0
2019-06-03,6.728,6.728,6.728,6.728,0,0.0,0.0,0.0,0.0,0.0,,0.06,0.0,0.0
2019-06-04,6.728,6.728,6.728,6.728,0,0.0,0.0,0.0,0.0,0.0,,0.06,0.0,0.0
2019-06-05,6.728,6.728,6.728,6.728,0,0.0,0.0,0.0,0.0,0.0,,0.06,0.0,0.0
2019-06-06,6.728,6.728,6.728,6.728,0,0.0,0.0,0.0,0.0,0.0,,0.06,0.0,0.0
2019-06-07,6.728,6.728,6.728,6.728,0,0.0,0.0,0.0,0.0,0.0,,0.06,0.0,0.0
2019-06-10,6.728,6.728,6.728,6.728,0,0.0,0.0,0.0,0.0,0.0,,0.06,0.0,0.0
2019-06-11,6.728,6.728,6.728,6.728,0,0.0,0.0,0.0,0.0,0.0,,0.06,0.0,0.0
2019-06-12,6.728,6.728,6.728,6.728,0,0.0,0.0,0.0,0.0,0.0,,0.06,0.0,0.0
2019-06-13,6.728,6.728,6.728,6.728,0,0.0,0.0,0.0,0.0,0.0,,0.06,0.0,0.0
2019-06-14,6.728,6.728,6.728,6.728,0,0.0,0.0,0.0,0.0,0.0,,0.06,0.0,0.0
2019-06-17,6.728,6.728,6.728,6.728,0,0.0,0.0,0.0,0.0,0.0,,0.06,0.0,0.0
2019-06-18,6.728,6.728,6.728,6.728,200,1345.6,0.0,0.0,0.0,0.0,,0.06,0.0,0.0
2019-06-19,6.728,6.728,6.728,6.728,0,0.0,0.0,0.0,0.0,0.0,,0.06,0.0,0.0
2019-06-20,6.728,6.728,6.728,6.728,0,0.0,0.0,0.0,0.0,0.0,,0.06,0.0,0.0
2019-06-21,6.728,6.728,6.728,6.728,0,0.0,0.0,0.0,0.0,0.0,,0.06,0.0,0.0
2019-06-24,6.728,6.728,6.728,6.728,0,0.0,0.0,0.0,0.0,0.0,,0.06,0.0,0.0
2019-06-25,6.728,6.728,6.728,6.728,0,0.0,0.0,0.0,0.0,0.0,,0.06,0.0,0.0
2019-06-26,6.728,6.728,6.728,6.728,0,0.0,0.0,0.0,0.0,0.0,,0.06,0.0,0.0
2019-06-27,6.728,6.728,6.728,6.728,0,0.0,0.0,0.0,0.0,0.0,,0.06,0.0,0.0
2019-06-28,6.932,6.932,6.932,6.932,1100,7625.200000000001,0.0,0.0,0.0,0.0,,0.06,0.0,0.0
2019-07-01,6.932,6.932,6.932,6.932,0,0.0,0.0,0.0,0.0,0.0,,0.06,0.0,0.0
2019-07-02,6.932,6.932,6.932,6.932,0,0.0,0.0,0.0,0.0,0.0,,0.06,0.0,0.0
2019-07-03,6.932,6.932,6.932,6.932,0,0.0,0.0,0.0,0.0,0.0,,0.06,0.0,0.0
2019-07-04,6.932,6.932,6.932,6.932,0,0.0,0.0,0.0,0.0,0.0,,0.06,0.0,0.0
2019-07-05,6.932,6.932,6.932,6.932,0,0.0,0.0,0.0,0.0,0.0,,0.06,0.0,0.0
2019-07-08,6.525,6.525,6.525,6.525,100,652.5,0.0,0.0,0.0,0.0,,0.06,0.0,0.0
2019-07-09,6.525,6.525,6.525,6.525,0,0.0,0.0,0.0,0.0,0.0,,0.06,0.0,0.0
2019-07-10,6.525,6.525,6.525,6.525,0,0.0,0.0,0.0,0.0,0.0,,0.06,0.0,0.0
2019-07-11,6.525,6.525,6.525,6.525,0,0.0,0.0,0.0,0.0,0.0,,0.06,0.0,0.0
2019-07-12,6.525,6.525,6.525,6.525,0,0.0,0.0,0.0,0.0,0.0,,0.06,0.0,0.0
2019-07-15,6.525,6.525,6.525,6.525,0,0.0,0.0,0.0,0.0,0.0,,0.06,0.0,0.0
2019-07-16,6.525,6.525,6.525,6.525,0,0.0,0.0,0.0,0.0,0.0,,0.06,0.0,0.0
2019-07-17,6.525,6.525,6.525,6.525,0,0.0,0.0,0.0,0.0,0.0,,0.06,0.0,0.0
2019-07-18,6.525,6.525,6.525,6.525,0,0.0,0.0,0.0,0.0,0.0,,0.06,0.0,0.0
2019-07-19,6.117,6.728,6.117,6.728,26500,178292.0,0.0,0.0,0.0,0.0,,0.06,0.0,0.0
2019-07-22,6.137,6.137,6.137,6.137,0,0.0,0.0,0.0,0.0,0.0,,0.06,0.0,0.0
2019-07-23,6.117,6.117,6.117,6.117,100,611.7,0.0,0.0,0.0,0.0,,0.06,0.0,0.0
2019-07-24,6.117,6.117,6.117,6.117,0,0.0,0.0,0.0,0.0,0.0,,0.06,0.0,0.0
2019-07-25,6.117,6.117,6.117,6.117,0,0.0,0.0,0.0,0.0,0.0,,0.06,0.0,0.0
2019-07-26,6.117,6.117,6.117,6.117,0,0.0,0.0,0.0,0.0,0.0,,0.06,0.0,0.0
2019-07-29,6.117,6.117,6.117,6.117,0,0.0,0.0,0.0,0.0,0.0,,0.06,0.0,0.0
2019-07-30,6.504,6.504,6.504,6.504,1000,6504.0,0.0,0.0,0.0,0.0,,0.06,0.0,0.0
2019-07-31,6.504,6.504,6.504,6.504,0,0.0,0.0,0.0,0.0,0.0,,0.06,0.0,0.0
2019-08-01,6.504,6.504,6.504,6.504,0,0.0,0.0,0.0,0.0,0.0,,0.06,0.0,0.0
2019-08-02,6.504,6.504,6.504,6.504,0,0.0,0.0,0.0,0.0,0.0,,0.06,0.0,0.0
2019-08-05,6.117,6.137,6.117,6.137,400,2454.8,0.0,0.0,0.0,0.0,,0.06,0.0,0.0
2019-08-06,6.117,6.117,6.117,6.117,0,0.0,0.0,0.0,0.0,0.0,,0.06,0.0,0.0
2019-08-07,6.117,6.117,6.117,6.117,0,0.0,0.0,0.0,0.0,0.0,,0.06,0.0,0.0
2019-08-08,6.525,6.525,6.504,6.504,300,1951.2,0.0,0.0,0.0,0.0,,0.06,0.0,0.0
2019-08-09,6.525,6.525,6.525,6.525,50,326.25,0.0,0.0,0.0,0.0,,0.06,0.0,0.0
2019-08-12,6.158,6.158,6.137,6.137,200,1227.4,0.0,0.0,0.0,0.0,,0.06,0.0,0.0
2019-08-13,6.728,6.728,6.728,6.728,400,2691.2,0.0,0.0,0.0,0.0,,0.06,0.0,0.0
2019-08-14,6.728,6.728,6.728,6.728,0,0.0,0.0,0.0,0.0,0.0,,0.06,0.0,0.0
2019-08-15,6.117,6.137,6.117,6.137,300,1841.1,0.0,0.0,0.0,0.0,,0.06,0.0,0.0
2019-08-16,6.137,6.137,6.137,6.137,0,0.0,0.0,0.0,0.0,0.0,,0.06,0.0,0.0
2019-08-19,6.137,6.137,6.117,6.117,700,4281.9,0.0,0.0,0.0,0.0,,0.06,0.0,0.0
2019-08-20,6.117,6.117,6.117,6.117,0,0.0,0.0,0.0,0.0,0.0,,0.06,0.0,0.0
2019-08-21,6.117,6.117,6.117,6.117,0,0.0,0.0,0.0,0.0,0.0,,0.06,0.0,0.0
2019-08-22,6.117,6.117,6.117,6.117,0,0.0,0.0,0.0,0.0,0.0,,0.06,0.0,0.0
2019-08-23,6.3,6.321,6.3,6.321,1200,7585.2,0.0,0.0,0.0,0.0,,0.06,0.0,0.0
2019-08-26,6.321,6.321,6.321,6.321,0,0.0,0.0,0.0,0.0,0.0,,0.06,0.0,0.0
2019-08-27,6.321,6.321,6.321,6.321,0,0.0,0.0,0.0,0.0,0.0,,0.06,0.0,0.0
2019-08-28,6.3,6.3,6.3,6.3,100,630.0,0.0,0.0,0.0,0.0,,0.06,0.0,0.0
2019-08-29,6.3,6.3,6.3,6.3,0,0.0,0.0,0.0,0.0,0.0,,0.06,0.0,0.0
2019-08-30,6.3,6.3,6.3,6.3,0,0.0,0.0,0.0,0.0,0.0,,0.06,0.0,0.0
2019-09-03,6.3,6.3,6.3,6.3,40,252.0,0.0,0.0,0.0,0.0,,0.06,0.0,0.0
2019-09-04,5.607,5.607,5.607,5.607,100,560.7,0.0,0.0,0.0,0.0,,0.06,0.0,0.0
2019-09-05,5.607,5.607,5.607,5.607,0,0.0,0.0,0.0,0.0,0.0,,0.06,0.0,0.0
2019-09-06,5.607,5.607,5.607,5.607,0,0.0,0.0,0.0,0.0,0.0,,0.06,0.0,0.0
2019-09-09,6.117,6.117,6.117,6.117,510,3119.67,0.0,0.0,0.0,0.0,,0.06,0.0,0.0
2019-09-10,6.117,6.117,6.117,6.117,0,0.0,0.0,0.0,0.0,0.0,,0.06,0.0,0.0
2019-09-11,6.117,6.117,6.117,6.117,0,0.0,0.0,0.0,0.0,0.0,,0.06,0.0,0.0
2019-09-12,6.117,6.321,6.117,6.321,2200,13906.2,0.0,0.0,0.0,0.0,,0.06,0.0,0.0
2019-09-13,6.321,6.321,6.321,6.321,100,632.1,0.0,0.0,0.0,0.0,,0.06,0.0,0.0
2019-09-16,6.321,6.321,6.321,6.321,0,0.0,0.0,0.0,0.0,0.0,,0.06,0.0,0.0
2019-09-17,6.321,6.321,6.3,6.3,1100,6930.0,0.0,0.0,0.0,0.0,,0.06,0.0,0.0
2019-09-18,6.321,6.321,6.321,6.321,0,0.0,0.0,0.0,0.0,0.0,,0.06,0.0,0.0
2019-09-19,6.321,6.321,6.321,6.321,0,0.0,0.0,0.0,0.0,0.0,,0.06,0.0,0.0
2019-09-20,6.321,6.321,6.321,6.321,0,0.0,0.0,0.0,0.0,0.0,,0.06,0.0,0.0
2019-09-23,6.015,6.015,6.015,6.015,1000,6015.0,0.0,0.0,0.0,0.0,,0.06,0.0,0.0
2019-09-24,6.015,6.015,6.015,6.015,0,0.0,0.0,0.0,0.0,0.0,,0.06,0.0,0.0
2019-09-25,6.015,6.015,6.015,6.015,0,0.0,0.0,0.0,0.0,0.0,,0.06,0.0,0.0
2019-09-26,6.015,6.015,6.015,6.015,200,1203.0,0.0,0.0,0.0,0.0,,0.06,0.0,0.0
2019-09-27,6.015,6.015,6.015,6.015,0,0.0,0.0,0.0,0.0,0.0,,0.06,0.0,0.0
2019-09-30,6.015,6.015,6.015,6.015,0,0.0,0.0,0.0,0.0,0.0,,0.06,0.0,0.0
2019-10-01,6.015,6.015,6.015,6.015,0,0.0,0.0,0.0,0.0,0.0,,0.06,0.0,0.0
2019-10-02,6.117,6.117,6.117,6.117,1000,6117.0,0.0,0.0,0.0,0.0,,0.06,0.0,0.0
2019-10-03,6.117,6.117,6.117,6.117,200,1223.4,0.0,0.0,0.0,0.0,,0.06,0.0,0.0
2019-10-04,6.117,6.117,6.117,6.117,5,30.585,0.0,0.0,0.0,0.0,,0.06,0.0,0.0
2019-10-07,6.117,6.117,6.117,6.117,10,61.17,0.0,0.0,0.0,0.0,,0.06,0.0,0.0
2019-10-08,6.117,6.117,6.117,6.117,35,214.095,0.0,0.0,0.0,0.0,,0.06,0.0,0.0
2019-10-09,6.117,6.117,6.117,6.117,0,0.0,0.0,0.0,0.0,0.0,,0.06,0.0,0.0
2019-10-10,6.117,6.117,6.117,6.117,0,0.0,0.0,0.0,0.0,0.0,,0.06,0.0,0.0
2019-10-11,6.117,6.117,6.117,6.117,0,0.0,0.0,0.0,0.0,0.0,,0.06,0.0,0.0
2019-10-14,6.117,6.117,6.117,6.117,0,0.0,0.0,0.0,0.0,0.0,,0.06,0.0,0.0
2019-10-15,6.117,6.117,6.117,6.117,0,0.0,0.0,0.0,0.0,0.0,,0.06,0.0,0.0
2019-10-16,6.117,6.117,6.117,6.117,0,0.0,0.0,0.0,0.0,0.0,,0.06,0.0,0.0
2019-10-17,6.117,6.117,6.117,6.117,0,0.0,0.0,0.0,0.0,0.0,,0.06,0.0,0.0
2019-10-18,6.117,6.117,6.117,6.117,10,61.17,0.0,0.0,0.0,0.0,,0.06,0.0,0.0
2019-10-21,6.117,6.117,6.117,6.117,20,122.34,0.0,0.0,0.0,0.0,,0.06,0.0,0.0
2019-10-22,5.913,5.913,5.913,5.913,500,2956.5,0.0,0.0,0.0,0.0,,0.06,0.0,0.0
2019-10-23,5.913,5.913,5.913,5.913,0,0.0,0.0,0.0,0.0,0.0,,0.06,0.0,0.0
2019-10-24,5.913,5.913,5.913,5.913,0,0.0,0.0,0.0,0.0,0.0,,0.06,0.0,0.0
2019-10-25,5.913,5.913,5.913,5.913,0,0.0,0.0,0.0,0.0,0.0,,0.06,0.0,0.0
2019-10-28,5.913,5.913,5.913,5.913,0,0.0,0.0,0.0,0.0,0.0,,0.06,0.0,0.0
2019-10-29,5.913,5.913,5.913,5.913,0,0.0,0.0,0.0,0.0,0.0,,0.06,0.0,0.0
2019-10-30,5.913,5.913,5.913,5.913,0,0.0,0.0,0.0,0.0,0.0,,0.06,0.0,0.0
2019-10-31,5.913,5.913,5.913,5.913,0,0.0,0.0,0.0,0.0,0.0,,0.06,0.0,0.0
2019-11-01,5.913,5.913,5.913,5.913,0,0.0,0.0,0.0,0.0,0.0,,0.06,0.0,0.0
2019-11-04,5.913,5.913,5.913,5.913,5,29.565,0.0,0.0,0.0,0.0,,0.06,0.0,0.0
2019-11-05,5.913,5.913,5.913,5.913,0,0.0,0.0,0.0,0.0,0.0,,0.06,0.0,0.0
2019-11-06,5.913,5.913,5.913,5.913,0,0.0,0.0,0.0,0.0,0.0,,0.06,0.0,0.0
2019-11-07,5.913,5.913,5.913,5.913,0,0.0,0.0,0.0,0.0,0.0,,0.06,0.0,0.0
2019-11-08,5.913,5.913,5.913,5.913,0,0.0,0.0,0.0,0.0,0.0,,0.06,0.0,0.0
2019-11-11,5.913,5.913,5.913,5.913,0,0.0,0.0,0.0,0.0,0.0,,0.06,0.0,0.0
2019-11-12,5.913,5.913,5.913,5.913,0,0.0,0.0,0.0,0.0,0.0,,0.06,0.0,0.0
2019-11-13,5.913,5.913,5.913,5.913,0,0.0,0.0,0.0,0.0,0.0,,0.06,0.0,0.0
2019-11-14,5.913,5.913,5.913,5.913,0,0.0,0.0,0.0,0.0,0.0,,0.06,0.0,0.0
2019-11-15,6.117,6.117,6.117,6.117,205,1253.985,0.0,0.0,0.0,0.0,,0.06,0.0,0.0
2019-11-18,6.117,6.117,6.117,6.117,0,0.0,0.0,0.0,0.0,0.0,,0.06,0.0,0.0
2019-11-19,6.117,6.117,6.117,6.117,0,0.0,0.0,0.0,0.0,0.0,,0.06,0.0,0.0
2019-11-20,6.117,6.117,6.117,6.117,0,0.0,0.0,0.0,0.0,0.0,,0.06,0.0,0.0
2019-11-21,6.117,6.117,6.117,6.117,0,0.0,0.0,0.0,0.0,0.0,,0.06,0.0,0.0
2019-11-22,6.117,6.117,6.117,6.117,0,0.0,0.0,0.0,0.0,0.0,,0.06,0.0,0.0
2019-11-25,6.117,6.117,6.117,6.117,0,0.0,0.0,0.0,0.0,0.0,,0.06,0.0,0.0
2019-11-26,6.117,6.117,6.117,6.117,0,0.0,0.0,0.0,0.0,0.0,,0.06,0.0,0.0
2019-11-27,6.117,6.117,6.117,6.117,0,0.0,0.0,0.0,0.0,0.0,,0.06,0.0,0.0
2019-11-28,6.117,6.117,6.117,6.117,0,0.0,0.0,0.0,0.0,0.0,,0.06,0.0,0.0
2019-11-29,5.505,5.505,5.505,5.505,200,1101.0,0.0,0.0,0.0,0.0,,0.06,0.0,0.0
2019-12-02,6.117,6.117,6.117,6.117,200,1223.4,0.0,0.0,0.0,0.0,,0.06,0.0,0.0
2019-12-03,6.117,6.117,6.117,6.117,0,0.0,0.0,0.0,0.0,0.0,,0.06,0.0,0.0
2019-12-04,6.117,6.117,6.117,6.117,0,0.0,0.0,0.0,0.0,0.0,,0.06,0.0,0.0
2019-12-05,6.117,6.117,6.117,6.117,0,0.0,0.0,0.0,0.0,0.0,,0.06,0.0,0.0
2019-12-06,6.117,6.117,6.117,6.117,0,0.0,0.0,0.0,0.0,0.0,,0.06,0.0,0.0
2019-12-09,6.117,6.117,6.117,6.117,100,611.7,0.0,0.0,0.0,0.0,,0.06,0.0,0.0
2019-12-10,6.117,6.117,6.117,6.117,0,0.0,0.0,0.0,0.0,0.0,,0.06,0.0,0.0
2019-12-11,6.015,6.015,6.015,6.015,1000,6015.0,0.0,0.0,0.0,0.0,,0.06,0.0,0.0
2019-12-12,6.015,6.015,6.015,6.015,0,0.0,0.0,0.0,0.0,0.0,,0.06,0.0,0.0
2019-12-13,6.015,6.015,6.015,6.015,100,601.5,0.0,0.0,0.0,0.0,,0.06,0.0,0.0
2019-12-16,6.015,6.015,6.015,6.015,0,0.0,0.0,0.0,0.0,0.0,,0.06,0.0,0.0
2019-12-17,6.015,6.015,6.015,6.015,0,0.0,0.0,0.0,0.0,0.0,,0.06,0.0,0.0
2019-12-18,6.015,6.015,6.015,6.015,0,0.0,0.0,0.0,0.0,0.0,,0.06,0.0,0.0
2019-12-19,6.015,6.015,6.015,6.015,0,0.0,0.0,0.0,0.0,0.0,,0.06,0.0,0.0
2019-12-20,6.015,6.015,6.015,6.015,0,0.0,0.0,0.0,0.0,0.0,,0.06,0.0,0.0
2019-12-23,6.015,6.015,6.015,6.015,0,0.0,0.0,0.0,0.0,0.0,,0.06,0.0,0.0
2019-12-24,6.015,6.015,6.015,6.015,0,0.0,0.0,0.0,0.0,0.0,,0.06,0.0,0.0
2019-12-25,6.015,6.015,6.015,6.015,0,0.0,0.0,0.0,0.0,0.0,,0.06,0.0,0.0
2019-12-26,6.015,6.015,6.015,6.015,0,0.0,0.0,0.0,0.0,0.0,,0.06,0.0,0.0
2019-12-27,6.015,6.015,6.015,6.015,0,0.0,0.0,0.0,0.0,0.0,,0.06,0.0,0.0
2019-12-30,6.015,6.015,6.015,6.015,0,0.0,0.0,0.0,0.0,0.0,,0.06,0.0,0.0
2019-12-31,6.015,6.015,6.015,6.015,0,0.0,0.0,0.0,0.0,0.0,,0.06,0.0,0.0
2020-01-02,6.015,6.015,6.015,6.015,0,0.0,0.0,0.0,0.0,0.0,,0.06,0.0,0.0
2020-01-03,6.015,6.015,6.015,6.015,0,0.0,0.0,0.0,0.0,0.0,,0.06,0.0,0.0
2020-01-06,6.015,6.015,6.015,6.015,0,0.0,0.0,0.0,0.0,0.0,,0.06,0.0,0.0
2020-01-07,6.015,6.015,6.015,6.015,0,0.0,0.0,0.0,0.0,0.0,,0.06,0.0,0.0
2020-01-08,6.015,6.015,6.015,6.015,0,0.0,0.0,0.0,0.0,0.0,,0.06,0.0,0.0
2020-01-09,6.015,6.015,6.015,6.015,0,0.0,0.0,0.0,0.0,0.0,,0.06,0.0,0.0
2020-01-10,6.015,6.015,6.015,6.015,0,0.0,0.0,0.0,0.0,0.0,,0.06,0.0,0.0
2020-01-13,5.709,5.709,5.709,5.709,200,1141.8,0.0,0.0,0.0,0.0,,0.06,0.0,0.0
2020-01-14,5.709,5.709,5.709,5.709,0,0.0,0.0,0.0,0.0,0.0,,0.06,0.0,0.0
2020-01-15,5.709,5.709,5.709,5.709,0,0.0,0.0,0.0,0.0,0.0,,0.06,0.0,0.0
2020-01-16,5.709,5.709,5.709,5.709,0,0.0,0.0,0.0,0.0,0.0,,0.06,0.0,0.0
2020-01-17,5.709,5.709,5.709,5.709,0,0.0,0.0,0.0,0.0,0.0,,0.06,0.0,0.0
2020-01-20,5.301,5.301,5.301,5.301,3500,18553.5,0.0,0.0,0.0,0.0,,0.06,0.0,0.0
2020-01-21,4.893,4.893,4.893,4.893,2000,9786.0,0.0,0.0,0.0,0.0,,0.06,0.0,0.0
2020-01-22,4.893,4.893,4.893,4.893,0,0.0,0.0,0.0,0.0,0.0,,0.06,0.0,0.0
2020-01-30,4.893,4.893,4.893,4.893,0,0.0,0.0,0.0,0.0,0.0,,0.06,0.0,0.0
2020-01-31,5.505,5.587,5.505,5.587,600,3352.2,0.0,0.0,0.0,0.0,,0.06,0.0,0.0
2020-02-03,5.464,5.485,5.464,5.485,2700,14809.5,0.0,0.0,0.0,0.0,,0.06,0.0,0.0
2020-02-04,5.322,5.464,5.322,5.464,1110,6065.040000000001,0.0,0.0,0.0,0.0,,0.06,0.0,0.0
2020-02-05,5.444,5.444,5.444,5.444,0,0.0,0.0,0.0,0.0,0.0,,0.06,0.0,0.0
2020-02-06,5.444,5.444,5.444,5.444,0,0.0,0.0,0.0,0.0,0.0,,0.06,0.0,0.0
2020-02-07,5.444,5.444,5.444,5.444,0,0.0,0.0,0.0,0.0,0.0,,0.06,0.0,0.0
2020-02-10,5.444,5.444,5.444,5.444,0,0.0,0.0,0.0,0.0,0.0,,0.06,0.0,0.0
2020-02-11,5.199,5.199,5.199,5.199,900,4679.099999999999,0.0,0.0,0.0,0.0,,0.06,0.0,0.0
2020-02-12,5.199,5.199,5.199,5.199,0,0.0,0.0,0.0,0.0,0.0,,0.06,0.0,0.0
2020-02-13,5.199,5.199,5.199,5.199,0,0.0,0.0,0.0,0.0,0.0,,0.06,0.0,0.0
2020-02-14,5.199,5.199,5.199,5.199,0,0.0,0.0,0.0,0.0,0.0,,0.06,0.0,0.0
2020-02-17,5.199,5.199,5.199,5.199,1000,5199.0,0.0,0.0,0.0,0.0,,0.06,0.0,0.0
2020-02-18,5.199,5.199,5.199,5.199,0,0.0,0.0,0.0,0.0,0.0,,0.06,0.0,0.0
2020-02-19,5.199,5.199,5.199,5.199,0,0.0,0.0,0.0,0.0,0.0,,0.06,0.0,0.0
2020-02-20,5.301,5.301,5.301,5.301,500,2650.5,0.0,0.0,0.0,0.0,,0.06,0.0,0.0
2020-02-21,5.301,5.301,5.301,5.301,0,0.0,0.0,0.0,0.0,0.0,,0.06,0.0,0.0
2020-02-24,5.301,5.301,5.301,5.301,200,1060.2,0.0,0.0,0.0,0.0,,0.06,0.0,0.0
2020-02-25,5.301,5.301,5.301,5.301,2700,14312.7,0.0,0.0,0.0,0.0,,0.06,0.0,0.0
2020-02-26,5.301,5.301,5.301,5.301,100,530.1,0.0,0.0,0.0,0.0,,0.06,0.0,0.0
2020-02-27,5.301,5.301,5.301,5.301,0,0.0,0.0,0.0,0.0,0.0,,0.06,0.0,0.0
2020-02-28,5.301,5.301,5.301,5.301,1000,5301.0,0.0,0.0,0.0,0.0,,0.06,0.0,0.0
2020-03-02,5.301,5.301,5.301,5.301,1000,5301.0,0.0,0.0,0.0,0.0,,0.06,0.0,0.0
2020-03-03,4.914,4.914,4.914,4.914,100,491.4,0.0,0.0,0.0,0.0,,0.06,0.0,0.0
2020-03-04,4.914,4.914,4.914,4.914,0,0.0,0.0,0.0,0.0,0.0,,0.06,0.0,0.0
2020-03-05,4.914,4.914,4.914,4.914,0,0.0,0.0,0.0,0.0,0.0,,0.06,0.0,0.0
2020-03-06,4.995,4.995,4.995,4.995,1000,4995.0,0.0,0.0,0.0,0.0,,0.06,0.0,0.0
2020-03-09,5.281,5.281,5.281,5.281,1000,5281.0,0.0,0.0,0.0,0.0,,0.06,0.0,0.0
2020-03-10,5.281,5.281,5.281,5.281,0,0.0,0.0,0.0,0.0,0.0,,0.06,0.0,0.0
2020-03-11,5.281,5.281,5.281,5.281,1010,5333.81,0.0,0.0,0.0,0.0,,0.06,0.0,0.0
2020-03-12,5.281,5.281,5.281,5.281,10,52.81,0.0,0.0,0.0,0.0,,0.06,0.0,0.0
2020-03-13,5.281,5.281,5.281,5.281,0,0.0,0.0,0.0,0.0,0.0,,0.06,0.0,0.0
2020-03-16,5.281,5.281,5.281,5.281,0,0.0,0.0,0.0,0.0,0.0,,0.06,0.0,0.0
2020-03-17,5.281,5.281,5.281,5.281,600,3168.6,0.0,0.0,0.0,0.0,,0.06,0.0,0.0
2020-03-18,5.403,5.403,5.403,5.403,1100,5943.299999999999,0.0,0.0,0.0,0.0,,0.06,0.0,0.0
2020-03-19,5.403,5.403,5.403,5.403,0,0.0,0.0,0.0,0.0,0.0,,0.06,0.0,0.0
2020-03-20,5.424,5.424,5.424,5.424,2030,11010.72,0.0,0.0,0.0,0.0,,0.06,0.0,0.0
2020-03-23,5.424,5.424,5.424,5.424,0,0.0,0.0,0.0,0.0,0.0,,0.06,0.0,0.0
2020-03-24,5.424,5.424,5.424,5.424,0,0.0,0.0,0.0,0.0,0.0,,0.06,0.0,0.0
2020-03-25,5.424,5.424,5.424,5.424,0,0.0,0.0,0.0,0.0,0.0,,0.06,0.0,0.0
2020-03-26,5.424,5.424,5.424,5.424,0,0.0,0.0,0.0,0.0,0.0,,0.06,0.0,0.0
2020-03-27,5.424,5.424,5.424,5.424,500,2712.0,0.0,0.0,0.0,0.0,,0.06,0.0,0.0
2020-03-30,6.219,6.219,6.219,6.219,1110,6903.09,1100.0,0.0,30000.0,0.0,,0.06,0.03,0.0
2020-03-31,6.219,6.219,6.219,6.219,0,0.0,0.0,0.0,0.0,0.0,,0.06,0.0,0.0
2020-04-01,7.136,7.136,7.136,7.136,100,713.6,100.0,0.0,0.0,0.0,,0.06,0.0,0.0
2020-04-03,7.136,7.136,7.136,7.136,0,0.0,0.0,0.0,0.0,0.0,,0.06,0.0,0.0
2020-04-06,7.136,7.136,7.136,7.136,0,0.0,0.0,0.0,0.0,0.0,,0.06,0.0,0.0
2020-04-07,7.136,7.136,7.136,7.136,0,0.0,0.0,0.0,0.0,0.0,,0.06,0.0,0.0
2020-04-08,6.076,6.076,6.076,6.076,1620,9843.12,0.0,0.0,0.0,0.0,,0.06,0.0,0.0
2020-04-09,6.076,6.076,6.076,6.076,6400,38886.4,0.0,3000.0,0.0,90000.0,,0.06,0.0,0.09
2020-04-10,6.076,6.076,6.076,6.076,3400,20658.4,0.0,3400.0,0.0,100000.0,,0.06,0.0,0.1
2020-04-13,6.953,6.953,6.953,6.953,100,695.3000000000001,100.0,0.0,0.0,0.0,,0.06,0.0,0.0
2020-04-14,6.953,6.953,6.953,6.953,0,0.0,0.0,0.0,0.0,0.0,,0.06,0.0,0.0
2020-04-15,6.953,6.953,6.953,6.953,0,0.0,0.0,0.0,0.0,0.0,,0.06,0.0,0.0
2020-04-16,6.728,6.932,6.728,6.932,3500,24262.0,0.0,2100.0,0.0,70000.0,,0.06,0.0,0.07
2020-04-17,6.728,6.728,6.728,6.728,4100,27584.8,0.0,0.0,0.0,0.0,,0.06,0.0,0.0
2020-04-20,6.728,6.728,6.728,6.728,0,0.0,0.0,0.0,0.0,0.0,,0.06,0.0,0.0
2020-04-21,7.728,7.728,6.932,7.136,1300,9276.8,100.0,0.0,0.0,0.0,,0.06,0.0,0.0
2020-04-22,7.116,7.136,7.116,7.136,600,4281.6,600.0,100.0,20000.0,0.0,,0.06,0.02,0.0
2020-04-23,8.181,8.181,8.181,8.181,100,818.0999999999999,0.0,0.0,0.0,0.0,,0.06,0.0,0.0
2020-04-24,8.181,8.181,8.181,8.181,0,0.0,0.0,0.0,0.0,0.0,,0.06,0.0,0.0
2020-04-27,8.181,8.181,8.181,8.181,0,0.0,0.0,0.0,0.0,0.0,,0.06,0.0,0.0
2020-04-28,8.181,8.181,8.181,8.181,0,0.0,0.0,0.0,0.0,0.0,,0.06,0.0,0.0
2020-04-29,8.181,8.181,8.181,8.181,0,0.0,0.0,0.0,0.0,0.0,,0.06,0.0,0.0
2020-05-04,8.181,8.181,8.181,8.181,0,0.0,0.0,0.0,0.0,0.0,,0.06,0.0,0.0
2020-05-05,8.181,8.181,8.181,8.181,0,0.0,0.0,0.0,0.0,0.0,,0.06,0.0,0.0
2020-05-06,8.181,8.181,8.181,8.181,0,0.0,0.0,0.0,0.0,0.0,,0.06,0.0,0.0
2020-05-07,8.181,8.181,8.181,8.181,0,0.0,0.0,0.0,0.0,0.0,,0.06,0.0,0.0
2020-05-08,8.181,8.181,8.181,8.181,0,0.0,0.0,0.0,0.0,0.0,,0.06,0.0,0.0
2020-05-11,8.181,8.181,8.181,8.181,0,0.0,0.0,0.0,0.0,0.0,,0.06,0.0,0.0
2020-05-12,8.181,8.181,8.181,8.181,0,0.0,0.0,0.0,0.0,0.0,,0.06,0.0,0.0
2020-05-13,6.99,6.99,6.99,6.99,100,699.0,0.0,0.0,0.0,0.0,,0.06,0.0,0.0
2020-05-14,6.99,6.99,6.99,6.99,0,0.0,0.0,0.0,0.0,0.0,,0.06,0.0,0.0
2020-05-15,6.99,6.99,6.99,6.99,0,0.0,0.0,0.0,0.0,0.0,,0.06,0.0,0.0
2020-05-18,6.99,6.99,6.99,6.99,0,0.0,0.0,0.0,0.0,0.0,,0.06,0.0,0.0
2020-05-19,6.99,6.99,6.99,6.99,0,0.0,0.0,0.0,0.0,0.0,,0.06,0.0,0.0
2020-05-20,6.084,6.084,6.084,6.084,100,608.4,0.0,0.0,0.0,0.0,,0.06,0.0,0.0
2020-05-21,6.084,6.084,6.084,6.084,0,0.0,0.0,0.0,0.0,0.0,,0.06,0.0,0.0
2020-05-22,6.084,6.084,6.084,6.084,0,0.0,0.0,0.0,0.0,0.0,,0.06,0.0,0.0
2020-05-25,5.178,5.178,5.178,5.178,1000,5178.0,0.0,1000.0,0.0,20000.0,,0.06,0.0,0.02
2020-05-26,5.178,5.178,5.178,5.178,0,0.0,0.0,0.0,0.0,0.0,,0.06,0.0,0.0
2020-05-27,5.178,5.178,5.178,5.178,0,0.0,0.0,0.0,0.0,0.0,,0.06,0.0,0.0
2020-05-28,5.825,5.825,5.825,5.825,1600,9320.0,0.0,0.0,0.0,0.0,,0.06,0.0,0.0
2020-05-29,5.825,5.825,5.825,5.825,0,0.0,0.0,0.0,0.0,0.0,,0.06,0.0,0.0
2020-06-01,5.825,5.825,5.825,5.825,0,0.0,0.0,0.0,0.0,0.0,,0.06,0.0,0.0
2020-06-02,5.825,5.825,5.825,5.825,0,0.0,0.0,0.0,0.0,0.0,,0.06,0.0,0.0
2020-06-03,5.825,5.825,5.825,5.825,0,0.0,0.0,0.0,0.0,0.0,,0.06,0.0,0.0
2020-06-04,5.825,5.825,5.825,5.825,0,0.0,0.0,0.0,0.0,0.0,,0.06,0.0,0.0
2020-06-05,5.825,5.825,5.825,5.825,0,0.0,0.0,0.0,0.0,0.0,,0.06,0.0,0.0
2020-06-08,5.825,5.825,5.825,5.825,10,58.25,0.0,0.0,0.0,0.0,,0.06,0.0,0.0
2020-06-09,5.825,5.825,5.825,5.825,0,0.0,0.0,0.0,0.0,0.0,,0.06,0.0,0.0
2020-06-10,5.825,5.825,5.825,5.825,0,0.0,0.0,0.0,0.0,0.0,,0.06,0.0,0.0
2020-06-11,5.825,5.825,5.825,5.825,0,0.0,0.0,0.0,0.0,0.0,,0.06,0.0,0.0
2020-06-12,5.954,5.954,5.954,5.954,200,1190.8,0.0,0.0,0.0,0.0,,0.06,0.0,0.0
2020-06-15,5.954,5.954,5.954,5.954,0,0.0,0.0,0.0,0.0,0.0,,0.06,0.0,0.0
2020-06-16,5.954,5.954,5.954,5.954,0,0.0,0.0,0.0,0.0,0.0,,0.06,0.0,0.0
2020-06-17,5.954,5.954,5.954,5.954,0,0.0,0.0,0.0,0.0,0.0,,0.06,0.0,0.0
2020-06-18,5.954,5.954,5.954,5.954,0,0.0,0.0,0.0,0.0,0.0,,0.06,0.0,0.0
2020-06-19,5.954,5.954,5.954,5.954,0,0.0,0.0,0.0,0.0,0.0,,0.06,0.0,0.0
2020-06-22,5.954,5.954,5.954,5.954,0,0.0,0.0,0.0,0.0,0.0,,0.06,0.0,0.0
2020-06-23,5.954,5.954,5.954,5.954,0,0.0,0.0,0.0,0.0,0.0,,0.06,0.0,0.0
2020-06-24,5.954,5.954,5.954,5.954,0,0.0,0.0,0.0,0.0,0.0,,0.06,0.0,0.0
2020-06-25,5.954,5.954,5.954,5.954,0,0.0,0.0,0.0,0.0,0.0,,0.06,0.0,0.0
2020-06-26,5.954,5.954,5.954,5.954,0,0.0,0.0,0.0,0.0,0.0,,0.06,0.0,0.0
2020-06-29,5.954,5.954,5.954,5.954,0,0.0,0.0,0.0,0.0,0.0,,0.06,0.0,0.0
2020-06-30,5.954,5.954,5.954,5.954,0,0.0,0.0,0.0,0.0,0.0,,0.06,0.0,0.0
2020-07-01,5.954,5.954,5.954,5.954,0,0.0,0.0,0.0,0.0,0.0,,0.06,0.0,0.0
2020-07-02,5.954,5.954,5.954,5.954,0,0.0,0.0,0.0,0.0,0.0,,0.06,0.0,0.0
2020-07-03,5.954,5.954,5.954,5.954,0,0.0,0.0,0.0,0.0,0.0,,0.06,0.0,0.0
2020-07-06,5.436,5.436,5.436,5.436,300,1630.8,0.0,0.0,0.0,0.0,,0.06,0.0,0.0
2020-07-07,5.436,5.436,5.436,5.436,0,0.0,0.0,0.0,0.0,0.0,,0.06,0.0,0.0
2020-07-08,5.436,5.436,5.436,5.436,0,0.0,0.0,0.0,0.0,0.0,,0.06,0.0,0.0
2020-07-09,5.436,5.436,5.436,5.436,0,0.0,0.0,0.0,0.0,0.0,,0.06,0.0,0.0
2020-07-10,5.436,5.436,5.436,5.436,0,0.0,0.0,0.0,0.0,0.0,,0.06,0.0,0.0
2020-07-13,5.436,5.436,5.436,5.436,0,0.0,0.0,0.0,0.0,0.0,,0.06,0.0,0.0
2020-07-14,6.213,6.213,6.213,6.213,310,1926.03,0.0,0.0,0.0,0.0,,0.06,0.0,0.0
2020-07-15,6.213,6.213,6.213,6.213,0,0.0,0.0,0.0,0.0,0.0,,0.06,0.0,0.0
2020-07-16,6.213,6.213,6.213,6.213,0,0.0,0.0,0.0,0.0,0.0,,0.06,0.0,0.0
2020-07-17,5.954,5.954,5.954,5.954,200,1190.8,0.0,0.0,0.0,0.0,,0.06,0.0,0.0
2020-07-20,5.954,5.954,5.954,5.954,0,0.0,0.0,0.0,0.0,0.0,,0.06,0.0,0.0
2020-07-21,5.954,5.954,5.954,5.954,0,0.0,0.0,0.0,0.0,0.0,,0.06,0.0,0.0
2020-07-22,5.954,5.954,5.954,5.954,90,535.86,0.0,0.0,0.0,0.0,,0.06,0.0,0.0
2020-07-23,5.954,5.954,5.954,5.954,0,0.0,0.0,0.0,0.0,0.0,,0.06,0.0,0.0
2020-07-24,5.954,5.954,5.954,5.954,0,0.0,0.0,0.0,0.0,0.0,,0.06,0.0,0.0
2020-07-27,5.074,5.074,5.074,5.074,100,507.4,0.0,100.0,0.0,0.0,,0.06,0.0,0.0
2020-07-28,5.074,5.074,5.074,5.074,0,0.0,0.0,0.0,0.0,0.0,,0.06,0.0,0.0
2020-07-29,5.074,5.074,5.074,5.074,0,0.0,0.0,0.0,0.0,0.0,,0.06,0.0,0.0
2020-07-30,5.074,5.074,5.074,5.074,0,0.0,0.0,0.0,0.0,0.0,,0.06,0.0,0.0
2020-07-31,5.074,5.074,5.074,5.074,0,0.0,0.0,0.0,0.0,0.0,,0.06,0.0,0.0
2020-08-03,5.074,5.074,5.074,5.074,0,0.0,0.0,0.0,0.0,0.0,,0.06,0.0,0.0
2020-08-04,5.074,5.074,5.074,5.074,0,0.0,0.0,0.0,0.0,0.0,,0.06,0.0,0.0
2020-08-05,5.695,5.695,5.695,5.695,1000,5695.0,0.0,0.0,0.0,0.0,,0.06,0.0,0.0
2020-08-06,5.695,5.695,5.695,5.695,0,0.0,0.0,0.0,0.0,0.0,,0.06,0.0,0.0
2020-08-07,5.695,5.695,5.695,5.695,0,0.0,0.0,0.0,0.0,0.0,,0.06,0.0,0.0
2020-08-10,5.695,5.695,5.695,5.695,0,0.0,0.0,0.0,0.0,0.0,,0.06,0.0,0.0
2020-08-11,5.695,5.695,5.695,5.695,0,0.0,0.0,0.0,0.0,0.0,,0.06,0.0,0.0
2020-08-12,5.695,5.695,5.695,5.695,2000,11390.0,0.0,2000.0,0.0,40000.0,,0.06,0.0,0.04
2020-08-13,5.695,5.695,5.695,5.695,0,0.0,0.0,0.0,0.0,0.0,,0.06,0.0,0.0
2020-08-14,5.695,5.695,5.695,5.695,0,0.0,0.0,0.0,0.0,0.0,,0.06,0.0,0.0
2020-08-17,5.695,5.695,5.695,5.695,1700,9681.5,0.0,0.0,0.0,0.0,,0.06,0.0,0.0
2020-08-18,5.695,5.954,5.695,5.954,4280,25483.12,0.0,2700.0,0.0,60000.0,,0.06,0.0,0.06
2020-08-19,5.954,6.006,5.954,6.006,5420,32552.52,0.0,1500.0,0.0,30000.0,,0.06,0.0,0.03
2020-08-20,6.006,6.006,6.006,6.006,3962,23795.772,0.0,3900.0,0.0,90000.0,,0.06,0.0,0.09
2020-08-21,6.032,6.032,6.032,6.032,2500,15080.0,0.0,0.0,0.0,0.0,,0.06,0.0,0.0
2020-08-24,5.877,6.032,5.877,6.032,6010,36252.32,0.0,2500.0,0.0,60000.0,,0.06,0.0,0.06
2020-08-25,5.954,6.006,5.592,6.006,2410,14474.46,0.0,0.0,0.0,0.0,,0.06,0.0,0.0
2020-08-26,5.954,6.006,5.954,6.006,2400,14414.4,0.0,2400.0,0.0,60000.0,,0.06,0.0,0.06
2020-08-27,6.86,6.86,6.834,6.834,501,3423.834,100.0,0.0,0.0,0.0,,0.06,0.0,0.0
2020-08-28,6.834,6.834,6.834,6.834,10,68.34,0.0,0.0,0.0,0.0,,0.06,0.0,0.0
2020-08-31,6.834,6.834,6.834,6.834,9,61.506,0.0,0.0,0.0,0.0,,0.06,0.0,0.0
2020-09-01,5.902,5.954,5.825,5.954,500,2977.0,0.0,0.0,0.0,0.0,,0.06,0.0,0.0
2020-09-03,5.877,5.877,5.877,5.877,0,0.0,0.0,0.0,0.0,0.0,,0.06,0.0,0.0
2020-09-04,6.213,6.213,6.213,6.213,300,1863.9,200.0,0.0,0.0,0.0,,0.06,0.0,0.0
2020-09-07,6.213,6.213,6.213,6.213,300,1863.9,0.0,0.0,0.0,0.0,,0.06,0.0,0.0
2020-09-08,6.213,6.213,6.213,6.213,0,0.0,0.0,0.0,0.0,0.0,,0.06,0.0,0.0
2020-09-09,6.213,6.213,6.213,6.213,0,0.0,0.0,0.0,0.0,0.0,,0.06,0.0,0.0
2020-09-10,6.213,6.213,6.213,6.213,0,0.0,0.0,0.0,0.0,0.0,,0.06,0.0,0.0
2020-09-11,6.213,6.213,6.213,6.213,1200,7455.6,0.0,0.0,0.0,0.0,,0.06,0.0,0.0
2020-09-14,5.954,5.954,5.902,5.954,1080,6430.32,0.0,400.0,0.0,10000.0,,0.06,0.0,0.01
2020-09-15,5.954,5.954,5.954,5.954,600,3572.4,0.0,600.0,0.0,10000.0,,0.06,0.0,0.01
2020-09-16,5.825,5.825,5.695,5.695,1500,8542.5,0.0,0.0,0.0,0.0,,0.06,0.0,0.0
2020-09-17,5.747,5.825,5.747,5.825,2971,17306.075,0.0,2900.0,0.0,60000.0,,0.06,0.0,0.06
2020-09-18,6.601,6.601,6.601,6.601,100,660.1,100.0,0.0,0.0,0.0,,0.06,0.0,0.0
2020-09-21,5.851,5.851,5.851,5.851,300,1755.3,0.0,0.0,0.0,0.0,,0.06,0.0,0.0
2020-09-22,5.851,5.851,5.851,5.851,0,0.0,0.0,0.0,0.0,0.0,,0.06,0.0,0.0
2020-09-23,5.851,5.851,5.851,5.851,0,0.0,0.0,0.0,0.0,0.0,,0.06,0.0,0.0
2020-09-24,5.851,5.851,5.851,5.851,0,0.0,0.0,0.0,0.0,0.0,,0.06,0.0,0.0
2020-09-25,5.851,5.851,5.851,5.851,0,0.0,0.0,0.0,0.0,0.0,,0.06,0.0,0.0
2020-09-28,6.161,6.161,6.161,6.161,100,616.0999999999999,100.0,0.0,0.0,0.0,,0.06,0.0,0.0
2020-09-29,6.161,6.161,6.161,6.161,0,0.0,0.0,0.0,0.0,0.0,,0.06,0.0,0.0
2020-09-30,6.161,6.161,6.161,6.161,0,0.0,0.0,0.0,0.0,0.0,,0.06,0.0,0.0
2020-10-01,6.032,6.032,5.954,5.954,200,1190.8,100.0,0.0,0.0,0.0,,0.06,0.0,0.0
2020-10-02,6.006,6.006,6.006,6.006,0,0.0,0.0,0.0,0.0,0.0,,0.06,0.0,0.0
2020-10-05,6.006,6.006,6.006,6.006,0,0.0,0.0,0.0,0.0,0.0,,0.06,0.0,0.0
2020-10-06,6.006,6.006,6.006,6.006,0,0.0,0.0,0.0,0.0,0.0,,0.06,0.0,0.0
2020-10-07,6.809,6.809,6.809,6.809,105,714.945,100.0,0.0,0.0,0.0,,0.06,0.0,0.0
2020-10-08,5.877,5.954,5.877,5.954,600,3572.4,0.0,0.0,0.0,0.0,,0.06,0.0,0.0
2020-10-09,5.928,5.928,5.928,5.928,0,0.0,0.0,0.0,0.0,0.0,,0.06,0.0,0.0
2020-10-12,6.809,6.809,6.809,6.809,102,694.518,100.0,0.0,0.0,0.0,,0.06,0.0,0.0
2020-10-13,6.809,6.809,6.809,6.809,0,0.0,0.0,0.0,0.0,0.0,,0.06,0.0,0.0
2020-10-14,6.809,6.809,6.809,6.809,4,27.236,0.0,0.0,0.0,0.0,,0.06,0.0,0.0
2020-10-15,5.954,5.954,5.954,5.954,607,3614.078,0.0,0.0,0.0,0.0,,0.06,0.0,0.0
2020-10-16,5.954,5.954,5.954,5.954,1234,7347.236,0.0,0.0,0.0,0.0,,0.06,0.0,0.0
2020-10-19,5.954,5.954,5.954,5.954,0,0.0,0.0,0.0,0.0,0.0,,0.06,0.0,0.0
2020-10-20,5.954,5.954,5.954,5.954,0,0.0,0.0,0.0,0.0,0.0,,0.06,0.0,0.0
2020-10-21,5.954,5.954,5.954,5.954,75,446.55,0.0,0.0,0.0,0.0,,0.06,0.0,0.0
2020-10-22,5.954,5.954,5.954,5.954,0,0.0,0.0,0.0,0.0,0.0,,0.06,0.0,0.0
2020-10-23,5.954,5.954,5.954,5.954,0,0.0,0.0,0.0,0.0,0.0,,0.06,0.0,0.0
2020-10-26,5.954,5.954,5.954,5.954,0,0.0,0.0,0.0,0.0,0.0,,0.06,0.0,0.0
2020-10-27,5.618,5.618,5.618,5.618,100,561.8000000000001,0.0,0.0,0.0,0.0,,0.06,0.0,0.0
2020-10-28,5.618,5.618,5.618,5.618,628,3528.1040000000003,0.0,0.0,0.0,0.0,,0.06,0.0,0.0
2020-10-29,6.446,6.446,6.446,6.446,100,644.6,100.0,0.0,0.0,0.0,,0.06,0.0,0.0
2020-10-30,6.446,6.446,6.446,6.446,0,0.0,0.0,0.0,0.0,0.0,,0.06,0.0,0.0
2020-11-02,5.695,5.695,5.695,5.695,100,569.5,0.0,0.0,0.0,0.0,,0.06,0.0,0.0
2020-11-03,5.695,5.695,5.695,5.695,0,0.0,0.0,0.0,0.0,0.0,,0.06,0.0,0.0
2020-11-04,5.695,5.695,5.695,5.695,0,0.0,0.0,0.0,0.0,0.0,,0.06,0.0,0.0
2020-11-05,6.55,6.55,6.55,6.55,100,655.0,100.0,0.0,0.0,0.0,,0.06,0.0,0.0
2020-11-06,5.695,5.695,5.695,5.695,120,683.4000000000001,0.0,0.0,0.0,0.0,,0.06,0.0,0.0
2020-11-09,5.695,5.695,5.695,5.695,0,0.0,0.0,0.0,0.0,0.0,,0.06,0.0,0.0
2020-11-10,6.55,6.55,6.55,6.55,100,655.0,100.0,0.0,0.0,0.0,,0.06,0.0,0.0
2020-11-11,6.55,6.55,6.55,6.55,0,0.0,0.0,0.0,0.0,0.0,,0.06,0.0,0.0
2020-11-12,6.55,6.55,6.55,6.55,0,0.0,0.0,0.0,0.0,0.0,,0.06,0.0,0.0
2020-11-13,6.55,6.55,6.55,6.55,0,0.0,0.0,0.0,0.0,0.0,,0.06,0.0,0.0
2020-11-16,6.55,6.55,6.55,6.55,0,0.0,0.0,0.0,0.0,0.0,,0.06,0.0,0.0
2020-11-17,6.55,6.55,6.55,6.55,0,0.0,0.0,0.0,0.0,0.0,,0.06,0.0,0.0
2020-11-18,5.695,5.695,5.592,5.592,620,3467.04,500.0,0.0,10000.0,0.0,,0.06,0.01,0.0
2020-11-19,6.446,6.446,6.446,6.446,100,644.6,100.0,0.0,0.0,0.0,,0.06,0.0,0.0
2020-11-20,6.446,6.446,6.446,6.446,0,0.0,0.0,0.0,0.0,0.0,,0.06,0.0,0.0
2020-11-23,6.446,6.446,6.446,6.446,0,0.0,0.0,0.0,0.0,0.0,,0.06,0.0,0.0
2020-11-24,6.446,6.446,6.446,6.446,10,64.46,0.0,0.0,0.0,0.0,,0.06,0.0,0.0
2020-11-25,6.446,6.446,6.446,6.446,0,0.0,0.0,0.0,0.0,0.0,,0.06,0.0,0.0
2020-11-26,6.446,6.446,6.446,6.446,0,0.0,0.0,0.0,0.0,0.0,,0.06,0.0,0.0
2020-11-27,6.446,6.446,6.446,6.446,0,0.0,0.0,0.0,0.0,0.0,,0.06,0.0,0.0
2020-11-30,6.446,6.446,6.446,6.446,0,0.0,0.0,0.0,0.0,0.0,,0.06,0.0,0.0
2020-12-01,6.446,6.446,6.446,6.446,0,0.0,0.0,0.0,0.0,0.0,,0.06,0.0,0.0
2020-12-02,6.446,6.446,6.446,6.446,0,0.0,0.0,0.0,0.0,0.0,,0.06,0.0,0.0
2020-12-03,6.446,6.446,6.446,6.446,0,0.0,0.0,0.0,0.0,0.0,,0.06,0.0,0.0
2020-12-04,6.446,6.446,6.446,6.446,0,0.0,0.0,0.0,0.0,0.0,,0.06,0.0,0.0
2020-12-07,6.446,6.446,6.446,6.446,0,0.0,0.0,0.0,0.0,0.0,,0.06,0.0,0.0
2020-12-08,6.446,6.446,6.446,6.446,0,0.0,0.0,0.0,0.0,0.0,,0.06,0.0,0.0
2020-12-09,6.446,6.446,6.446,6.446,0,0.0,0.0,0.0,0.0,0.0,,0.06,0.0,0.0
2020-12-10,6.446,6.446,6.446,6.446,0,0.0,0.0,0.0,0.0,0.0,,0.06,0.0,0.0
2020-12-11,6.446,6.446,6.446,6.446,0,0.0,0.0,0.0,0.0,0.0,,0.06,0.0,0.0
2020-12-14,6.446,6.446,6.446,6.446,0,0.0,0.0,0.0,0.0,0.0,,0.06,0.0,0.0
2020-12-15,6.42,6.42,6.42,6.42,2000,12840.0,0.0,0.0,0.0,0.0,,0.06,0.0,0.0
2020-12-16,6.42,6.42,6.213,6.42,2500,16050.0,0.0,1200.0,0.0,30000.0,,0.06,0.0,0.03
2020-12-17,6.317,6.42,6.317,6.42,2100,13482.0,300.0,1300.0,10000.0,30000.0,,0.06,0.01,0.03
2020-12-18,6.317,6.317,6.317,6.317,600,3790.2,0.0,0.0,0.0,0.0,,0.06,0.0,0.0
2020-12-21,6.213,6.601,6.213,6.601,6000,39606.0,0.0,1200.0,0.0,30000.0,,0.06,0.0,0.03
2020-12-22,6.498,6.498,6.498,6.498,1350,8772.300000000001,0.0,0.0,0.0,0.0,,0.06,0.0,0.0
2020-12-23,6.498,6.498,6.498,6.498,3400,22093.2,0.0,1600.0,0.0,40000.0,,0.06,0.0,0.04
2020-12-24,6.343,6.472,6.343,6.472,3000,19416.0,0.0,0.0,0.0,0.0,,0.06,0.0,0.0
2020-12-25,6.42,6.42,6.42,6.42,0,0.0,0.0,0.0,0.0,0.0,,0.06,0.0,0.0
2020-12-28,7.378,7.378,6.99,6.99,2300,16077.0,100.0,0.0,0.0,0.0,,0.06,0.0,0.0
2020-12-29,7.119,7.119,7.119,7.119,0,0.0,0.0,0.0,0.0,0.0,,0.06,0.0,0.0
2020-12-30,7.119,7.119,7.119,7.119,0,0.0,0.0,0.0,0.0,0.0,,0.06,0.0,0.0
2020-12-31,7.119,7.119,7.119,7.119,0,0.0,0.0,0.0,0.0,0.0,,0.06,0.0,0.0
2021-01-04,7.119,7.119,7.119,7.119,0,0.0,0.0,0.0,0.0,0.0,,0.06,0.0,0.0
2021-01-05,8.181,8.181,8.181,8.181,100,818.0999999999999,100.0,0.0,0.0,0.0,,0.06,0.0,0.0
2021-01-06,6.964,6.964,6.964,6.964,200,1392.8000000000002,0.0,0.0,0.0,0.0,,0.06,0.0,0.0
2021-01-07,6.964,6.964,6.964,6.964,1200,8356.800000000001,0.0,0.0,0.0,0.0,,0.06,0.0,0.0
2021-01-08,6.964,6.964,6.964,6.964,0,0.0,0.0,0.0,0.0,0.0,,0.06,0.0,0.0
2021-01-11,6.964,6.964,6.964,6.964,500,3482.0,0.0,0.0,0.0,0.0,,0.06,0.0,0.0
2021-01-12,6.964,6.964,6.964,6.964,0,0.0,0.0,0.0,0.0,0.0,,0.06,0.0,0.0
2021-01-13,6.99,6.99,6.938,6.938,7000,48566.0,0.0,1000.0,0.0,30000.0,,0.06,0.0,0.03
2021-01-14,6.938,6.938,6.938,6.938,6000,41628.0,0.0,6000.0,0.0,160000.0,,0.06,0.0,0.16
2021-01-15,6.938,6.938,6.938,6.938,1600,11100.8,100.0,0.0,0.0,0.0,,0.06,0.0,0.0
2021-01-18,6.472,6.601,6.472,6.601,5500,36305.5,0.0,5000.0,0.0,130000.0,,0.06,0.0,0.13
2021-01-19,6.601,6.601,6.601,6.601,1000,6601.0,0.0,500.0,0.0,10000.0,,0.06,0.0,0.01
2021-01-20,6.601,6.601,6.601,6.601,0,0.0,0.0,0.0,0.0,0.0,,0.06,0.0,0.0
2021-01-21,7.585,7.585,7.119,7.119,200,1423.8,100.0,0.0,0.0,0.0,,0.06,0.0,0.0
2021-01-22,7.352,7.352,7.352,7.352,0,0.0,0.0,0.0,0.0,0.0,,0.06,0.0,0.0
2021-01-25,6.601,6.601,6.601,6.601,1100,7261.1,0.0,0.0,0.0,0.0,,0.06,0.0,0.0
2021-01-26,6.99,6.99,6.472,6.472,5100,33007.200000000004,100.0,0.0,0.0,0.0,,0.06,0.0,0.0
2021-01-27,6.343,6.343,6.343,6.343,3000,19029.0,0.0,1800.0,0.0,40000.0,,0.06,0.0,0.04
2021-01-28,6.343,6.343,6.343,6.343,2210,14018.03,0.0,1200.0,0.0,30000.0,,0.06,0.0,0.03
2021-01-29,6.343,6.42,6.343,6.42,6010,38584.2,0.0,6000.0,0.0,150000.0,,0.06,0.0,0.15
2021-02-01,6.99,6.99,6.99,6.99,100,699.0,100.0,0.0,0.0,0.0,,0.06,0.0,0.0
2021-02-02,5.98,5.98,5.98,5.98,100,598.0,0.0,0.0,0.0,0.0,,0.06,0.0,0.0
2021-02-03,6.834,6.86,5.333,6.86,3200,21952.0,100.0,1000.0,0.0,30000.0,,0.06,0.0,0.03
2021-02-04,7.611,7.611,7.611,7.611,103,783.933,100.0,0.0,0.0,0.0,,0.06,0.0,0.0
2021-02-05,7.611,7.611,7.611,7.611,0,0.0,0.0,0.0,0.0,0.0,,0.06,0.0,0.0
2021-02-08,6.964,6.964,6.964,6.964,200,1392.8000000000002,0.0,0.0,0.0,0.0,,0.06,0.0,0.0
2021-02-09,6.964,6.964,6.964,6.964,1300,9053.2,0.0,0.0,0.0,0.0,,0.06,0.0,0.0
2021-02-17,6.964,6.964,6.964,6.964,4,27.856,0.0,0.0,0.0,0.0,,0.06,0.0,0.0
2021-02-18,6.964,6.964,6.938,6.938,700,4856.599999999999,0.0,200.0,0.0,10000.0,,0.06,0.0,0.01
2021-02-19,6.912,6.912,6.886,6.886,2000,13772.0,0.0,0.0,0.0,0.0,,0.06,0.0,0.0
2021-02-22,6.886,6.886,6.886,6.886,0,0.0,0.0,0.0,0.0,0.0,,0.06,0.0,0.0
2021-02-23,6.886,6.886,6.886,6.886,0,0.0,0.0,0.0,0.0,0.0,,0.06,0.0,0.0
2021-02-24,6.886,6.886,6.886,6.886,0,0.0,0.0,0.0,0.0,0.0,,0.06,0.0,0.0
2021-02-25,6.886,6.886,6.886,6.886,0,0.0,0.0,0.0,0.0,0.0,,0.06,0.0,0.0
2021-02-26,6.886,6.886,6.886,6.886,0,0.0,0.0,0.0,0.0,0.0,,0.06,0.0,0.0
2021-03-01,6.524,6.524,6.524,6.524,400,2609.6,0.0,0.0,0.0,0.0,,0.06,0.0,0.0
2021-03-02,6.524,6.524,6.524,6.524,0,0.0,0.0,0.0,0.0,0.0,,0.06,0.0,0.0
2021-03-03,6.524,6.524,6.524,6.524,0,0.0,0.0,0.0,0.0,0.0,,0.06,0.0,0.0
2021-03-04,6.524,6.524,6.524,6.524,0,0.0,0.0,0.0,0.0,0.0,,0.06,0.0,0.0
2021-03-05,6.524,6.524,6.524,6.524,0,0.0,0.0,0.0,0.0,0.0,,0.06,0.0,0.0
2021-03-08,6.524,6.524,6.524,6.524,0,0.0,0.0,0.0,0.0,0.0,,0.06,0.0,0.0
2021-03-09,6.524,6.524,6.524,6.524,0,0.0,0.0,0.0,0.0,0.0,,0.06,0.0,0.0
2021-03-10,6.783,6.783,6.783,6.783,1000,6783.0,0.0,0.0,0.0,0.0,,0.06,0.0,0.0
2021-03-11,6.783,6.783,6.783,6.783,1000,6783.0,0.0,1000.0,0.0,30000.0,,0.06,0.0,0.03
2021-03-12,6.783,6.783,6.783,6.783,1300,8817.9,0.0,900.0,0.0,20000.0,,0.06,0.0,0.02
2021-03-15,6.783,6.783,6.731,6.731,2300,15481.3,0.0,900.0,0.0,20000.0,,0.06,0.0,0.02
2021-03-16,6.472,6.472,6.472,6.472,200,1294.4,0.0,0.0,0.0,0.0,,0.06,0.0,0.0
2021-03-17,6.472,6.472,6.472,6.472,0,0.0,0.0,0.0,0.0,0.0,,0.06,0.0,0.0
2021-03-18,6.679,6.99,6.679,6.99,1700,11883.0,0.0,100.0,0.0,0.0,,0.06,0.0,0.0
2021-03-19,6.705,6.731,6.705,6.731,2600,17500.6,0.0,1700.0,0.0,40000.0,,0.06,0.0,0.04
2021-03-22,6.731,6.938,6.731,6.938,2600,18038.8,0.0,2600.0,0.0,70000.0,,0.06,0.0,0.07
2021-03-23,6.938,6.938,6.886,6.886,700,4820.2,0.0,0.0,0.0,0.0,,0.06,0.0,0.0
2021-03-24,6.912,6.912,6.912,6.912,100,691.2,0.0,0.0,0.0,0.0,,0.06,0.0,0.0
2021-03-25,6.912,6.912,6.912,6.912,1087,7513.344,0.0,1000.0,0.0,30000.0,,0.06,0.0,0.03
2021-03-26,6.912,6.912,6.912,6.912,0,0.0,0.0,0.0,0.0,0.0,,0.06,0.0,0.0
2021-03-29,6.912,6.912,6.731,6.731,800,5384.8,0.0,700.0,0.0,20000.0,,0.06,0.0,0.02
2021-03-30,6.886,6.886,6.886,6.886,1900,13083.4,0.0,0.0,0.0,0.0,,0.06,0.0,0.0
2021-03-31,6.886,6.886,6.886,6.886,22600,155623.6,0.0,4500.0,0.0,120000.0,,0.06,0.0,0.12
2021-04-01,6.809,6.86,6.809,6.86,14019,96170.34,0.0,0.0,0.0,0.0,,0.06,0.0,0.0
2021-04-02,6.084,6.834,6.084,6.834,200,1366.8,0.0,0.0,0.0,0.0,,0.06,0.0,0.0
2021-04-05,6.809,6.809,6.679,6.809,45949,312866.741,500.0,1000.0,10000.0,30000.0,,0.06,0.01,0.03
2021-04-06,6.809,6.809,6.809,6.809,10675,72686.075,0.0,5000.0,0.0,130000.0,,0.06,0.0,0.13
2021-04-07,6.967,6.967,6.967,6.967,300,2090.1,0.0,0.0,0.0,0.0,,0.06,0.0,0.0
2021-04-08,7.02,7.02,7.02,7.02,2800,19656.0,0.0,1300.0,0.0,30000.0,,0.06,0.0,0.03
2021-04-09,6.967,7.02,6.967,6.967,3900,27171.3,0.0,1000.0,0.0,30000.0,,0.06,0.0,0.03
2021-04-12,7.02,7.02,7.02,7.02,10500,73710.0,0.0,6900.0,0.0,180000.0,,0.06,0.0,0.18
2021-04-13,7.02,7.047,7.02,7.047,7270,51231.69,0.0,3200.0,0.0,80000.0,,0.06,0.0,0.08
2021-04-14,7.047,7.047,7.047,7.047,4000,28188.0,0.0,4000.0,0.0,110000.0,,0.06,0.0,0.11
2021-04-15,7.1,7.1,7.1,7.1,600,4260.0,0.0,600.0,0.0,20000.0,,0.06,0.0,0.02
2021-04-16,8.133,8.133,7.047,7.047,3200,22550.4,100.0,0.0,0.0,0.0,,0.06,0.0,0.0
2021-04-19,7.073,7.153,7.073,7.153,8200,58654.6,0.0,7900.0,0.0,210000.0,,0.06,0.0,0.21
2021-04-20,8.186,8.186,7.153,7.153,600,4291.8,100.0,100.0,0.0,0.0,,0.06,0.0,0.0
2021-04-22,7.285,7.418,7.285,7.365,4100,30196.5,0.0,700.0,0.0,20000.0,,0.06,0.0,0.02
2021-04-23,7.391,7.418,7.391,7.391,8101,59874.491,100.0,6900.0,0.0,190000.0,,0.06,0.0,0.19
2021-04-26,7.285,8.477,7.285,8.477,3000,25431.0,0.0,1300.0,0.0,40000.0,,0.06,0.0,0.04
2021-04-27,7.524,8.477,7.524,8.477,600,5086.2,0.0,200.0,0.0,10000.0,,0.06,0.0,0.01
2021-04-28,7.948,7.948,7.948,7.948,0,0.0,0.0,0.0,0.0,0.0,,0.06,0.0,0.0
2021-04-29,7.948,7.948,7.948,7.948,0,0.0,0.0,0.0,0.0,0.0,,0.06,0.0,0.0
2021-05-04,9.14,9.14,8.477,8.477,723,6128.871,100.0,600.0,0.0,20000.0,,0.06,0.0,0.02
2021-05-05,7.312,7.948,7.312,7.948,200,1589.6,0.0,0.0,0.0,0.0,,0.06,0.0,0.0
2021-05-06,7.63,7.63,7.63,7.63,0,0.0,0.0,0.0,0.0,0.0,,0.06,0.0,0.0
2021-05-07,7.63,7.63,7.63,7.63,0,0.0,0.0,0.0,0.0,0.0,,0.06,0.0,0.0
2021-05-10,8.742,8.742,8.742,8.742,100,874.2,100.0,0.0,0.0,0.0,,0.06,0.0,0.0
2021-05-11,7.471,7.497,7.471,7.471,1513,11303.623,0.0,0.0,0.0,0.0,,0.06,0.0,0.0
2021-05-12,8.583,8.583,8.583,8.583,100,858.3000000000001,100.0,0.0,0.0,0.0,,0.06,0.0,0.0
2021-05-13,7.365,7.815,7.365,7.365,1800,13257.0,0.0,0.0,0.0,0.0,,0.06,0.0,0.0
2021-05-14,7.391,7.391,7.391,7.391,2000,14782.0,0.0,1800.0,0.0,50000.0,,0.06,0.0,0.05
2021-05-17,7.391,7.391,7.391,7.391,300,2217.3,0.0,0.0,0.0,0.0,,0.06,0.0,0.0
2021-05-18,7.391,7.391,7.391,7.391,0,0.0,0.0,0.0,0.0,0.0,,0.06,0.0,0.0
2021-05-19,7.391,7.391,7.02,7.391,2700,19955.7,0.0,0.0,0.0,0.0,,0.06,0.0,0.0
2021-05-20,7.073,7.073,7.02,7.02,2900,20358.0,0.0,0.0,0.0,0.0,,0.06,0.0,0.0
2021-05-21,7.073,7.073,7.073,7.073,2900,20511.7,0.0,2900.0,0.0,80000.0,,0.06,0.0,0.08
2021-05-24,7.073,7.073,6.888,6.914,13300,91956.2,0.0,2700.0,0.0,70000.0,,0.06,0.0,0.07
2021-05-25,7.047,7.047,7.047,7.047,1300,9161.1,0.0,0.0,0.0,0.0,,0.06,0.0,0.0
2021-05-26,7.047,7.073,7.047,7.073,1400,9902.2,0.0,1300.0,0.0,40000.0,,0.06,0.0,0.04
2021-05-27,7.391,7.391,7.365,7.391,1126,8322.266,100.0,30.0,0.0,0.0,,0.06,0.0,0.0
2021-05-28,7.391,7.55,7.391,7.418,1524,11305.032,20.0,1120.0,0.0,30000.0,,0.06,0.0,0.03
2021-05-31,7.391,7.391,7.391,7.391,2800,20694.8,0.0,200.0,0.0,10000.0,,0.06,0.0,0.01
2021-06-01,7.391,7.524,7.391,7.444,5200,38708.8,300.0,2700.0,10000.0,80000.0,,0.06,0.01,0.08
2021-06-02,8.489,8.489,8.458,8.458,1600,13532.8,0.0,0.0,0.0,0.0,,0.06,0.0,0.0
2021-06-03,8.458,8.458,8.458,8.458,0,0.0,0.0,0.0,0.0,0.0,,0.06,0.0,0.0
2021-06-04,8.267,8.267,8.267,8.267,200,1653.4,0.0,0.0,0.0,0.0,,0.06,0.0,0.0
2021-06-07,8.267,8.267,8.267,8.267,100,826.6999999999999,0.0,100.0,0.0,0.0,,0.06,0.0,0.0
2021-06-08,8.267,8.267,8.267,8.267,200,1653.4,0.0,200.0,0.0,10000.0,,0.06,0.0,0.01
2021-06-09,8.267,8.267,8.267,8.267,1000,8267.0,0.0,700.0,0.0,20000.0,,0.06,0.0,0.02
2021-06-10,8.267,8.267,8.267,8.267,0,0.0,0.0,0.0,0.0,0.0,,0.06,0.0,0.0
2021-06-11,7.79,7.79,7.79,7.79,200,1558.0,0.0,0.0,0.0,0.0,,0.06,0.0,0.0
2021-06-14,7.631,7.631,7.631,7.631,5018,38292.358,0.0,0.0,0.0,0.0,,0.06,0.0,0.0
2021-06-15,7.631,7.631,7.631,7.631,1400,10683.4,0.0,1400.0,0.0,30000.0,,0.06,0.0,0.03
2021-06-16,7.631,7.631,7.631,7.631,7210,55019.51,0.0,4100.0,0.0,100000.0,,0.06,0.0,0.1
2021-06-17,7.631,7.631,7.631,7.631,4300,32813.3,0.0,4300.0,0.0,100000.0,,0.06,0.0,0.1
2021-06-18,7.631,7.631,7.631,7.631,0,0.0,0.0,0.0,0.0,0.0,,0.06,0.0,0.0
2021-06-21,6.995,7.504,6.995,7.504,200,1500.8,0.0,0.0,0.0,0.0,,0.06,0.0,0.0
2021-06-22,7.249,7.249,7.249,7.249,0,0.0,0.0,0.0,0.0,0.0,,0.06,0.0,0.0
2021-06-23,7.249,7.249,7.249,7.249,0,0.0,0.0,0.0,0.0,0.0,,0.06,0.0,0.0
2021-06-24,7.154,7.154,7.154,7.154,410,2933.14,0.0,0.0,0.0,0.0,,0.06,0.0,0.0
2021-06-25,7.154,7.154,7.154,7.154,3400,24323.6,0.0,0.0,0.0,0.0,,0.06,0.0,0.0
2021-06-28,7.154,7.599,7.154,7.599,5500,41794.5,0.0,4400.0,0.0,100000.0,,0.06,0.0,0.1
2021-06-29,7.249,7.249,7.249,7.249,0,0.0,0.0,0.0,0.0,0.0,,0.06,0.0,0.0
2021-06-30,8.299,8.299,7.122,7.122,15118,107670.396,100.0,0.0,0.0,0.0,,0.06,0.0,0.0
2021-07-01,7.122,7.122,7.122,7.122,10305,73392.20999999999,0.0,9300.0,0.0,210000.0,,0.06,0.0,0.21
2021-07-02,8.14,8.14,7.313,7.313,200,1462.6,100.0,0.0,0.0,0.0,,0.06,0.0,0.0
2021-07-05,7.313,7.313,7.313,7.313,600,4387.8,0.0,300.0,0.0,10000.0,,0.06,0.0,0.01
2021-07-06,8.362,8.362,8.362,8.362,103,861.2860000000001,100.0,0.0,0.0,0.0,,0.06,0.0,0.0
2021-07-07,7.313,7.377,7.249,7.377,600,4426.2,0.0,0.0,0.0,0.0,,0.06,0.0,0.0
2021-07-08,7.377,7.377,6.995,6.995,200,1399.0,0.0,100.0,0.0,0.0,,0.06,0.0,0.0
2021-07-09,8.203,8.235,7.154,8.235,1400,11529.0,100.0,100.0,0.0,0.0,,0.06,0.0,0.0
2021-07-12,8.521,8.521,8.203,8.203,400,3281.2,100.0,0.0,0.0,0.0,,0.06,0.0,0.0
2021-07-13,7.09,7.949,7.09,7.949,900,7154.099999999999,0.0,0.0,0.0,0.0,,0.06,0.0,0.0
2021-07-14,8.203,8.203,7.949,7.949,400,3179.6,100.0,0.0,0.0,0.0,,0.06,0.0,0.0
2021-07-15,8.012,8.012,8.012,8.012,0,0.0,0.0,0.0,0.0,0.0,,0.06,0.0,0.0
2021-07-16,7.981,8.012,7.981,8.012,5100,40861.2,0.0,5000.0,0.0,130000.0,,0.06,0.0,0.13
2021-07-19,8.012,8.012,7.949,7.949,250,1987.25,0.0,150.0,0.0,0.0,,0.06,0.0,0.0
2021-07-20,6.868,6.868,6.868,6.868,100,686.8000000000001,0.0,0.0,0.0,0.0,,0.06,0.0,0.0
2021-07-21,7.853,7.853,7.853,7.853,200,1570.6,100.0,0.0,0.0,0.0,,0.06,0.0,0.0
2021-07-22,7.853,7.853,7.853,7.853,3,23.559,0.0,0.0,0.0,0.0,,0.06,0.0,0.0
2021-07-23,7.853,7.853,7.853,7.853,50,392.65,0.0,0.0,0.0,0.0,,0.06,0.0,0.0
2021-07-26,7.853,7.853,7.853,7.853,0,0.0,0.0,0.0,0.0,0.0,,0.06,0.0,0.0
2021-07-27,8.203,8.203,8.203,8.203,100,820.3,0.0,0.0,0.0,0.0,,0.06,0.0,0.0
2021-07-28,7.313,7.313,7.313,7.313,118,862.934,0.0,0.0,0.0,0.0,,0.06,0.0,0.0
2021-07-29,7.313,7.313,7.313,7.313,0,0.0,0.0,0.0,0.0,0.0,,0.06,0.0,0.0
2021-07-30,7.949,7.949,7.949,7.949,200,1589.8,0.0,200.0,0.0,0.0,,0.06,0.0,0.0
2021-08-02,7.917,7.917,7.377,7.377,781,5761.437,10.0,0.0,0.0,0.0,,0.06,0.0,0.0
2021-08-03,7.726,7.726,7.726,7.726,0,0.0,0.0,0.0,0.0,0.0,,0.06,0.0,0.0
2021-08-04,7.313,7.313,7.313,7.313,520,3802.76,0.0,0.0,0.0,0.0,,0.06,0.0,0.0
2021-08-05,7.313,7.313,7.313,7.313,620,4534.06,0.0,500.0,0.0,10000.0,,0.06,0.0,0.01
2021-08-06,7.313,7.313,7.313,7.313,560,4095.28,0.0,0.0,0.0,0.0,,0.06,0.0,0.0
2021-08-09,7.313,7.313,7.313,7.313,1020,7459.259999999999,0.0,0.0,0.0,0.0,,0.06,0.0,0.0
2021-08-10,8.108,8.108,7.949,7.949,959,7623.090999999999,0.0,0.0,0.0,0.0,,0.06,0.0,0.0
2021-08-11,7.313,7.853,7.313,7.853,1340,10523.02,40.0,0.0,0.0,0.0,,0.06,0.0,0.0
2021-08-12,7.917,7.917,7.79,7.79,1120,8724.8,0.0,0.0,0.0,0.0,,0.06,0.0,0.0
2021-08-13,7.949,7.949,7.949,7.949,200,1589.8,0.0,0.0,0.0,0.0,,0.06,0.0,0.0
2021-08-16,7.949,7.949,7.949,7.949,0,0.0,0.0,0.0,0.0,0.0,,0.06,0.0,0.0
2021-08-17,7.949,7.949,7.885,7.917,1500,11875.5,0.0,0.0,0.0,0.0,,0.06,0.0,0.0
2021-08-18,7.885,7.885,7.885,7.885,20,157.7,0.0,0.0,0.0,0.0,,0.06,0.0,0.0
2021-08-19,7.885,7.949,7.885,7.949,3379,26859.671,0.0,0.0,0.0,0.0,,0.06,0.0,0.0
2021-08-20,7.853,7.853,7.853,7.853,200,1570.6,0.0,0.0,0.0,0.0,,0.06,0.0,0.0
2021-08-23,7.853,7.853,7.853,7.853,0,0.0,0.0,0.0,0.0,0.0,,0.06,0.0,0.0
2021-08-24,7.853,7.853,7.853,7.853,21,164.91299999999998,0.0,0.0,0.0,0.0,,0.06,0.0,0.0
2021-08-25,7.631,7.631,7.377,7.377,500,3688.5,0.0,0.0,0.0,0.0,,0.06,0.0,0.0
2021-08-26,7.472,7.472,7.472,7.472,1520,11357.44,20.0,0.0,0.0,0.0,,0.06,0.0,0.0
2021-08-27,7.472,8.267,7.472,7.949,16210,128853.29,0.0,5300.0,0.0,130000.0,,0.06,0.0,0.13
2021-08-30,7.949,8.585,7.885,8.585,33491,287520.23500000004,0.0,14710.0,0.0,380000.0,,0.06,0.0,0.38
2021-08-31,8.776,9.221,8.776,8.903,18320,163102.96000000002,0.0,100.0,0.0,0.0,,0.06,0.0,0.0
2021-09-01,8.903,8.903,8.267,8.585,4420,37945.7,0.0,0.0,0.0,0.0,,0.06,0.0,0.0
2021-09-06,8.585,8.585,8.044,8.203,14316,117434.148,100.0,0.0,0.0,0.0,,0.06,0.0,0.0
2021-09-07,9.062,9.062,8.108,8.171,14000,114394.0,0.0,0.0,0.0,0.0,,0.06,0.0,0.0
2021-09-08,8.012,8.362,8.012,8.362,6460,54018.52,0.0,0.0,0.0,0.0,,0.06,0.0,0.0
2021-09-09,8.33,8.33,8.108,8.108,7200,58377.600000000006,0.0,0.0,0.0,0.0,,0.06,0.0,0.0
2021-09-10,8.108,8.203,7.885,7.885,6900,54406.5,0.0,0.0,0.0,0.0,,0.06,0.0,0.0
2021-09-13,8.871,8.871,8.171,8.171,240,1961.04,0.0,0.0,0.0,0.0,,0.06,0.0,0.0
2021-09-14,7.853,7.885,7.853,7.885,1200,9462.0,0.0,0.0,0.0,0.0,,0.06,0.0,0.0
2021-09-15,8.521,8.521,7.885,7.885,1300,10250.5,0.0,0.0,0.0,0.0,,0.06,0.0,0.0
2021-09-16,7.853,7.853,7.79,7.79,2300,17917.0,0.0,0.0,0.0,0.0,,0.06,0.0,0.0
2021-09-17,7.79,7.885,7.79,7.885,8950,70570.75,0.0,0.0,0.0,0.0,,0.06,0.0,0.0
2021-09-20,7.853,7.853,7.726,7.726,800,6180.8,0.0,0.0,0.0,0.0,,0.06,0.0,0.0
2021-09-21,7.631,7.631,7.631,7.631,414,3159.234,0.0,0.0,0.0,0.0,,0.06,0.0,0.0
2021-09-22,7.853,7.949,7.853,7.949,1430,11367.07,400.0,0.0,10000.0,0.0,,0.06,0.01,0.0
2021-09-23,7.79,7.79,7.694,7.694,4460,34315.24,0.0,0.0,0.0,0.0,,0.06,0.0,0.0
2021-09-24,8.235,8.235,8.235,8.235,114,938.79,10.0,0.0,0.0,0.0,,0.06,0.0,0.0
2021-09-27,8.235,8.235,8.235,8.235,40,329.4,0.0,0.0,0.0,0.0,,0.06,0.0,0.0
2021-09-28,7.345,7.885,7.345,7.885,1300,10250.5,0.0,0.0,0.0,0.0,,0.06,0.0,0.0
2021-09-29,7.504,7.504,7.504,7.504,0,0.0,0.0,0.0,0.0,0.0,,0.06,0.0,0.0
2021-09-30,7.631,7.631,7.631,7.631,1350,10301.85,0.0,0.0,0.0,0.0,,0.06,0.0,0.0
2021-10-01,7.631,7.631,7.44,7.472,3200,23910.4,0.0,0.0,0.0,0.0,,0.06,0.0,0.0
2021-10-04,7.504,7.504,7.504,7.504,132,990.528,30.0,0.0,0.0,0.0,,0.06,0.0,0.0
2021-10-05,7.504,7.504,7.345,7.504,4700,35268.8,0.0,0.0,0.0,0.0,,0.06,0.0,0.0
2021-10-06,7.504,7.504,7.504,7.504,1984,14887.936,0.0,0.0,0.0,0.0,,0.06,0.0,0.0
2021-10-07,7.472,7.917,7.472,7.917,2900,22959.3,400.0,0.0,10000.0,0.0,,0.06,0.01,0.0
2021-10-08,7.504,7.504,7.504,7.504,2303,17281.712,0.0,0.0,0.0,0.0,,0.06,0.0,0.0
2021-10-11,7.504,7.504,7.504,7.504,47,352.688,0.0,0.0,0.0,0.0,,0.06,0.0,0.0
2021-10-12,7.885,7.885,7.885,7.885,603,4754.655,0.0,80.0,0.0,0.0,,0.06,0.0,0.0
2021-10-13,7.885,7.885,7.885,7.885,2000,15770.0,0.0,0.0,0.0,0.0,,0.06,0.0,0.0
2021-10-14,7.853,7.853,7.345,7.504,3426,25708.704,0.0,30.0,0.0,0.0,,0.06,0.0,0.0
2021-10-15,7.631,7.631,7.631,7.631,400,3052.4,0.0,0.0,0.0,0.0,,0.06,0.0,0.0
2021-10-18,7.663,7.663,7.631,7.631,600,4578.6,0.0,0.0,0.0,0.0,,0.06,0.0,0.0
2021-10-19,7.631,7.631,7.631,7.631,0,0.0,0.0,0.0,0.0,0.0,,0.06,0.0,0.0
2021-10-20,7.631,7.631,7.631,7.631,2600,19840.6,0.0,0.0,0.0,0.0,,0.06,0.0,0.0
2021-10-21,7.313,7.504,7.313,7.504,900,6753.599999999999,0.0,0.0,0.0,0.0,,0.06,0.0,0.0
2021-10-22,7.726,7.726,7.726,7.726,400,3090.4,0.0,0.0,0.0,0.0,,0.06,0.0,0.0
2021-10-25,7.758,7.758,7.758,7.758,200,1551.6,0.0,0.0,0.0,0.0,,0.06,0.0,0.0
2021-10-26,7.79,7.79,7.79,7.79,200,1558.0,0.0,0.0,0.0,0.0,,0.06,0.0,0.0
2021-10-27,7.536,7.536,7.536,7.536,500,3768.0,0.0,0.0,0.0,0.0,,0.06,0.0,0.0
2021-10-28,7.631,7.822,7.631,7.79,5900,45961.0,0.0,0.0,0.0,0.0,,0.06,0.0,0.0
2021-10-29,7.79,7.79,7.79,7.79,0,0.0,0.0,0.0,0.0,0.0,,0.06,0.0,0.0
2021-11-01,7.79,7.79,7.79,7.79,1000,7790.0,0.0,0.0,0.0,0.0,,0.06,0.0,0.0
2021-11-02,7.79,7.79,7.79,7.79,500,3895.0,0.0,0.0,0.0,0.0,,0.06,0.0,0.0
2021-11-03,7.631,7.631,7.631,7.631,200,1526.2,0.0,0.0,0.0,0.0,,0.06,0.0,0.0
2021-11-04,7.631,7.631,7.631,7.631,0,0.0,0.0,0.0,0.0,0.0,,0.06,0.0,0.0
2021-11-05,7.631,7.631,7.631,7.631,300,2289.3,100.0,0.0,0.0,0.0,,0.06,0.0,0.0
2021-11-08,7.631,7.631,7.472,7.472,500,3736.0,0.0,0.0,0.0,0.0,,0.06,0.0,0.0
2021-11-09,7.536,7.536,7.536,7.536,0,0.0,0.0,0.0,0.0,0.0,,0.06,0.0,0.0
2021-11-10,7.567,7.567,7.567,7.567,4535,34316.345,0.0,0.0,0.0,0.0,,0.06,0.0,0.0
2021-11-11,7.631,7.631,7.599,7.599,300,2279.7000000000003,0.0,0.0,0.0,0.0,,0.06,0.0,0.0
2021-11-12,7.79,7.79,7.758,7.79,1500,11685.0,0.0,0.0,0.0,0.0,,0.06,0.0,0.0
2021-11-15,7.885,7.917,7.885,7.885,1400,11039.0,0.0,0.0,0.0,0.0,,0.06,0.0,0.0
2021-11-16,8.012,8.012,7.949,7.949,200,1589.8,0.0,0.0,0.0,0.0,,0.06,0.0,0.0
2021-11-17,7.313,7.853,7.313,7.631,11900,90808.9,200.0,0.0,0.0,0.0,,0.06,0.0,0.0
2021-11-18,7.536,7.536,7.536,7.536,0,0.0,0.0,0.0,0.0,0.0,,0.06,0.0,0.0
2021-11-19,7.567,7.567,7.567,7.567,5235,39613.245,0.0,0.0,0.0,0.0,,0.06,0.0,0.0
2021-11-22,7.631,7.631,6.518,7.631,3500,26708.5,0.0,0.0,0.0,0.0,,0.06,0.0,0.0
2021-11-23,7.472,7.472,7.472,7.472,1000,7472.0,0.0,0.0,0.0,0.0,,0.06,0.0,0.0
2021-11-24,7.79,7.79,7.79,7.79,1000,7790.0,0.0,0.0,0.0,0.0,,0.06,0.0,0.0
2021-11-25,7.79,7.949,7.79,7.949,2645,21025.105,0.0,0.0,0.0,0.0,,0.06,0.0,0.0
2021-11-26,7.949,7.949,7.949,7.949,300,2384.7,0.0,0.0,0.0,0.0,,0.06,0.0,0.0
2021-11-29,7.949,8.012,7.917,8.012,2735,21912.82,0.0,0.0,0.0,0.0,,0.06,0.0,0.0
2021-11-30,7.981,7.981,7.981,7.981,110,877.91,0.0,0.0,0.0,0.0,,0.06,0.0,0.0
2021-12-01,7.981,7.981,7.981,7.981,0,0.0,0.0,0.0,0.0,0.0,,0.06,0.0,0.0
2021-12-02,7.949,7.949,7.949,7.949,100,794.9,0.0,0.0,0.0,0.0,,0.06,0.0,0.0
2021-12-03,7.822,7.822,7.79,7.79,200,1558.0,0.0,0.0,0.0,0.0,,0.06,0.0,0.0
2021-12-06,7.663,7.694,7.663,7.694,3000,23082.0,0.0,0.0,0.0,0.0,,0.06,0.0,0.0
2021-12-07,7.694,7.694,7.694,7.694,3000,23082.0,0.0,0.0,0.0,0.0,,0.06,0.0,0.0
2021-12-08,7.631,7.694,7.631,7.694,1200,9232.8,0.0,0.0,0.0,0.0,,0.06,0.0,0.0
2021-12-09,7.631,7.631,7.631,7.631,100,763.1,0.0,0.0,0.0,0.0,,0.06,0.0,0.0
2021-12-10,7.631,7.631,7.631,7.631,100,763.1,0.0,0.0,0.0,0.0,,0.06,0.0,0.0
2021-12-13,7.313,7.949,7.313,7.949,2300,18282.7,0.0,0.0,0.0,0.0,,0.06,0.0,0.0
2021-12-14,7.79,7.853,7.79,7.853,527,4138.531,0.0,0.0,0.0,0.0,,0.06,0.0,0.0
2021-12-15,7.822,7.917,7.822,7.917,3201,25342.317,0.0,0.0,0.0,0.0,,0.06,0.0,0.0
2021-12-16,7.917,8.108,7.917,8.108,2115,17148.420000000002,0.0,0.0,0.0,0.0,,0.06,0.0,0.0
2021-12-17,8.012,8.108,8.012,8.012,700,5608.400000000001,0.0,0.0,0.0,0.0,,0.06,0.0,0.0
2021-12-20,8.012,8.012,8.012,8.012,0,0.0,0.0,0.0,0.0,0.0,,0.06,0.0,0.0
2021-12-21,7.949,7.949,7.949,7.949,100,794.9,0.0,0.0,0.0,0.0,,0.06,0.0,0.0
2021-12-22,7.917,8.108,7.885,8.108,3100,25134.800000000003,0.0,0.0,0.0,0.0,,0.06,0.0,0.0
2021-12-23,7.949,8.012,7.949,8.012,5026,40268.312000000005,0.0,0.0,0.0,0.0,,0.06,0.0,0.0
2021-12-24,7.981,8.012,7.981,8.012,1000,8012.0,0.0,0.0,0.0,0.0,,0.06,0.0,0.0
2021-12-27,8.012,8.012,8.012,8.012,44,352.528,0.0,0.0,0.0,0.0,,0.06,0.0,0.0
2021-12-28,8.012,8.012,8.012,8.012,0,0.0,0.0,0.0,0.0,0.0,,0.06,0.0,0.0
2021-12-29,8.012,8.012,8.012,8.012,13,104.156,0.0,0.0,0.0,0.0,,0.06,0.0,0.0
2021-12-30,8.076,8.108,8.076,8.108,3500,28378.000000000004,0.0,0.0,0.0,0.0,,0.06,0.0,0.0
2021-12-31,8.012,8.108,8.012,8.108,900,7297.200000000001,0.0,0.0,0.0,0.0,,0.06,0.0,0.0
2022-01-04,8.108,8.267,8.108,8.267,700,5786.9,0.0,0.0,0.0,0.0,,0.06,0.0,0.0
2022-01-05,8.14,8.14,8.14,8.14,0,0.0,0.0,0.0,0.0,0.0,,0.06,0.0,0.0
2022-01-06,7.949,8.426,7.949,8.426,700,5898.2,0.0,0.0,0.0,0.0,,0.06,0.0,0.0
2022-01-07,8.14,8.14,8.14,8.14,0,0.0,0.0,0.0,0.0,0.0,,0.06,0.0,0.0
2022-01-10,8.14,8.14,8.14,8.14,0,0.0,0.0,0.0,0.0,0.0,,0.06,0.0,0.0
2022-01-11,8.426,8.426,8.426,8.426,2000,16852.0,0.0,0.0,0.0,0.0,,0.06,0.0,0.0
2022-01-12,7.949,8.426,7.949,8.426,1100,9268.6,0.0,0.0,0.0,0.0,,0.06,0.0,0.0
2022-01-13,7.981,7.981,7.981,7.981,25,199.525,0.0,0.0,0.0,0.0,,0.06,0.0,0.0
2022-01-14,7.981,7.981,7.981,7.981,0,0.0,0.0,0.0,0.0,0.0,,0.06,0.0,0.0
2022-01-17,7.631,7.79,7.631,7.663,2100,16092.3,0.0,0.0,0.0,0.0,,0.06,0.0,0.0
2022-01-18,7.694,7.694,7.694,7.694,0,0.0,0.0,0.0,0.0,0.0,,0.06,0.0,0.0
2022-01-19,7.694,7.694,7.694,7.694,0,0.0,0.0,0.0,0.0,0.0,,0.06,0.0,0.0
2022-01-20,7.663,7.663,7.663,7.663,100,766.3000000000001,0.0,0.0,0.0,0.0,,0.06,0.0,0.0
2022-01-21,7.631,7.631,7.631,7.631,5000,38155.0,0.0,0.0,0.0,0.0,,0.06,0.0,0.0
2022-01-24,7.631,7.631,7.631,7.631,10,76.31,0.0,0.0,0.0,0.0,,0.06,0.0,0.0
2022-01-25,7.631,7.631,7.631,7.631,0,0.0,0.0,0.0,0.0,0.0,,0.06,0.0,0.0
2022-01-26,7.631,7.631,7.631,7.631,0,0.0,0.0,0.0,0.0,0.0,,0.06,0.0,0.0
2022-01-27,7.79,7.79,7.79,7.79,1500,11685.0,0.0,0.0,0.0,0.0,,0.06,0.0,0.0
2022-01-28,7.949,7.949,7.949,7.949,2000,15898.0,0.0,0.0,0.0,0.0,,0.06,0.0,0.0
2022-02-07,7.949,7.949,7.949,7.949,0,0.0,0.0,0.0,0.0,0.0,,0.06,0.0,0.0
2022-02-08,7.949,8.108,7.949,8.108,15500,125674.0,0.0,0.0,0.0,0.0,,0.06,0.0,0.0
2022-02-09,8.108,8.108,8.108,8.108,2020,16378.160000000002,0.0,0.0,0.0,0.0,,0.06,0.0,0.0
2022-02-10,8.14,8.14,8.108,8.108,12000,97296.0,0.0,0.0,0.0,0.0,,0.06,0.0,0.0
2022-02-11,8.108,8.108,8.108,8.108,5100,41350.8,0.0,0.0,0.0,0.0,,0.06,0.0,0.0
2022-02-14,8.108,8.108,8.108,8.108,200,1621.6,0.0,0.0,0.0,0.0,,0.06,0.0,0.0
2022-02-15,8.108,8.108,8.108,8.108,0,0.0,0.0,0.0,0.0,0.0,,0.06,0.0,0.0
2022-02-16,8.108,8.108,8.108,8.108,50,405.4,0.0,0.0,0.0,0.0,,0.06,0.0,0.0
2022-02-17,8.108,8.108,8.108,8.108,5000,40540.0,0.0,0.0,0.0,0.0,,0.06,0.0,0.0
2022-02-18,8.108,8.171,8.108,8.171,2100,17159.1,0.0,0.0,0.0,0.0,,0.06,0.0,0.0
2022-02-21,8.171,8.171,8.171,8.171,3722,30412.462,0.0,0.0,0.0,0.0,,0.06,0.0,0.0
2022-02-22,8.235,8.235,8.171,8.235,8400,69174.0,0.0,0.0,0.0,0.0,,0.06,0.0,0.0
2022-02-23,8.203,8.362,8.203,8.362,8600,71913.2,0.0,0.0,0.0,0.0,,0.06,0.0,0.0
2022-02-24,8.426,8.426,8.267,8.362,6000,50172.0,0.0,0.0,0.0,0.0,,0.06,0.0,0.0
2022-02-25,8.458,8.458,8.458,8.458,2100,17761.8,0.0,0.0,0.0,0.0,,0.06,0.0,0.0
2022-02-28,8.458,8.458,8.458,8.458,0,0.0,0.0,0.0,0.0,0.0,,0.06,0.0,0.0
2022-03-01,8.458,8.458,8.458,8.458,10000,84580.0,0.0,0.0,0.0,0.0,,0.06,0.0,0.0
2022-03-02,8.458,8.458,8.458,8.458,0,0.0,0.0,0.0,0.0,0.0,,0.06,0.0,0.0
2022-03-03,8.458,8.458,8.458,8.458,0,0.0,0.0,0.0,0.0,0.0,,0.06,0.0,0.0
2022-03-04,8.458,8.458,8.458,8.458,0,0.0,0.0,0.0,0.0,0.0,,0.06,0.0,0.0
2022-03-07,8.458,8.458,8.458,8.458,2300,19453.4,0.0,0.0,0.0,0.0,,0.06,0.0,0.0
2022-03-08,8.489,8.489,8.458,8.458,2400,20299.2,0.0,0.0,0.0,0.0,,0.06,0.0,0.0
2022-03-09,8.458,8.458,8.458,8.458,0,0.0,0.0,0.0,0.0,0.0,,0.06,0.0,0.0
2022-03-10,8.458,8.458,8.458,8.458,0,0.0,0.0,0.0,0.0,0.0,,0.06,0.0,0.0
2022-03-11,8.458,8.458,8.458,8.458,0,0.0,0.0,0.0,0.0,0.0,,0.06,0.0,0.0
2022-03-14,8.458,8.458,8.458,8.458,2335,19749.43,0.0,0.0,0.0,0.0,,0.06,0.0,0.0
2022-03-15,8.458,8.458,8.458,8.458,0,0.0,0.0,0.0,0.0,0.0,,0.06,0.0,0.0
2022-03-16,8.458,8.458,8.458,8.458,0,0.0,0.0,0.0,0.0,0.0,,0.06,0.0,0.0
2022-03-17,8.458,8.458,8.458,8.458,0,0.0,0.0,0.0,0.0,0.0,,0.06,0.0,0.0
2022-03-18,8.458,8.458,8.458,8.458,0,0.0,0.0,0.0,0.0,0.0,,0.06,0.0,0.0
2022-03-21,8.458,8.458,8.458,8.458,0,0.0,0.0,0.0,0.0,0.0,,0.06,0.0,0.0
2022-03-22,8.458,8.489,8.458,8.489,2100,17826.9,0.0,0.0,0.0,0.0,,0.06,0.0,0.0
2022-03-23,8.458,8.458,8.458,8.458,0,0.0,0.0,0.0,0.0,0.0,,0.06,0.0,0.0
2022-03-24,8.458,8.458,8.458,8.458,0,0.0,0.0,0.0,0.0,0.0,,0.06,0.0,0.0
2022-03-25,8.458,8.458,8.458,8.458,0,0.0,0.0,0.0,0.0,0.0,,0.06,0.0,0.0
2022-03-28,8.458,8.458,8.458,8.458,0,0.0,0.0,0.0,0.0,0.0,,0.06,0.0,0.0
2022-03-29,8.458,8.458,8.458,8.458,100,845.8000000000001,0.0,0.0,0.0,0.0,,0.06,0.0,0.0
2022-03-30,8.458,8.458,8.458,8.458,0,0.0,0.0,0.0,0.0,0.0,,0.06,0.0,0.0
2022-03-31,8.458,8.458,8.458,8.458,0,0.0,0.0,0.0,0.0,0.0,,0.06,0.0,0.0
2022-04-01,8.489,8.489,8.489,8.489,3000,25467.000000000004,0.0,0.0,0.0,0.0,,0.06,0.0,0.0
2022-04-04,8.489,8.489,8.489,8.489,0,0.0,0.0,0.0,0.0,0.0,,0.06,0.0,0.0
2022-04-05,8.521,8.521,8.489,8.489,2400,20373.6,400.0,0.0,10000.0,0.0,,0.06,0.01,0.0
2022-04-06,8.489,8.489,8.489,8.489,0,0.0,0.0,0.0,0.0,0.0,,0.06,0.0,0.0
2022-04-07,8.489,8.489,8.489,8.489,0,0.0,0.0,0.0,0.0,0.0,,0.06,0.0,0.0
2022-04-08,8.521,8.521,7.218,8.489,9016,76536.82400000001,0.0,0.0,0.0,0.0,,0.06,0.0,0.0
2022-04-12,8.489,8.489,8.489,8.489,3000,25467.000000000004,0.0,0.0,0.0,0.0,,0.06,0.0,0.0
2022-04-13,8.489,8.489,8.489,8.489,2000,16978.0,0.0,0.0,0.0,0.0,,0.06,0.0,0.0
2022-04-14,9.189,9.189,9.189,9.189,100,918.9,0.0,0.0,0.0,0.0,,0.06,0.0,0.0
2022-04-15,9.189,9.189,8.585,8.585,2200,18887.000000000004,0.0,0.0,0.0,0.0,,0.06,0.0,0.0
2022-04-18,8.617,8.648,8.617,8.648,200,1729.6,0.0,0.0,0.0,0.0,,0.06,0.0,0.0
2022-04-19,8.648,8.648,8.585,8.585,300,2575.5000000000005,0.0,0.0,0.0,0.0,,0.06,0.0,0.0
2022-04-20,8.617,8.617,8.617,8.617,0,0.0,0.0,0.0,0.0,0.0,,0.06,0.0,0.0
2022-04-21,8.617,8.617,8.617,8.617,0,0.0,0.0,0.0,0.0,0.0,,0.06,0.0,0.0
2022-04-22,8.617,8.617,8.617,8.617,0,0.0,0.0,0.0,0.0,0.0,,0.06,0.0,0.0
2022-04-25,7.79,7.79,7.472,7.472,1800,13449.6,0.0,0.0,0.0,0.0,,0.06,0.0,0.0
2022-04-26,7.504,7.504,7.504,7.504,0,0.0,0.0,0.0,0.0,0.0,,0.06,0.0,0.0
2022-04-27,8.617,8.617,8.585,8.617,1749,15071.133000000002,0.0,0.0,0.0,0.0,,0.06,0.0,0.0
2022-04-28,8.617,8.744,8.617,8.744,400,3497.6,0.0,0.0,0.0,0.0,,0.06,0.0,0.0
2022-04-29,8.68,8.712,8.68,8.68,3300,28644.0,0.0,0.0,0.0,0.0,,0.06,0.0,0.0
2022-05-04,7.79,7.79,7.631,7.631,200,1526.2,0.0,0.0,0.0,0.0,,0.06,0.0,0.0
2022-05-05,7.726,7.726,7.726,7.726,0,0.0,0.0,0.0,0.0,0.0,,0.06,0.0,0.0
2022-05-06,7.949,7.949,7.949,7.949,1000,7949.0,0.0,0.0,0.0,0.0,,0.06,0.0,0.0
2022-05-09,7.949,7.949,7.949,7.949,900,7154.099999999999,0.0,0.0,0.0,0.0,,0.06,0.0,0.0
2022-05-10,7.949,7.949,7.949,7.949,1100,8743.9,0.0,0.0,0.0,0.0,,0.06,0.0,0.0
2022-05-11,7.981,7.981,7.981,7.981,110,877.91,0.0,0.0,0.0,0.0,,0.06,0.0,0.0
2022-05-12,8.299,8.299,8.299,8.299,400,3319.6,0.0,0.0,0.0,0.0,,0.06,0.0,0.0
2022-05-13,7.949,7.949,7.949,7.949,400,3179.6,0.0,0.0,0.0,0.0,,0.06,0.0,0.0
2022-05-16,7.949,7.949,7.949,7.949,1135,9022.115,0.0,0.0,0.0,0.0,,0.06,0.0,0.0
2022-05-17,7.949,7.949,7.949,7.949,60,476.94,0.0,0.0,0.0,0.0,,0.06,0.0,0.0
2022-05-18,7.949,7.949,7.949,7.949,0,0.0,0.0,0.0,0.0,0.0,,0.06,0.0,0.0
2022-05-19,9.093,9.093,7.949,7.949,377,2996.773,0.0,0.0,0.0,0.0,,0.06,0.0,0.0
2022-05-20,8.712,8.712,8.712,8.712,0,0.0,0.0,0.0,0.0,0.0,,0.06,0.0,0.0
2022-05-23,8.712,8.712,8.712,8.712,0,0.0,0.0,0.0,0.0,0.0,,0.06,0.0,0.0
2022-05-24,8.712,8.712,8.712,8.712,50,435.6,0.0,0.0,0.0,0.0,,0.06,0.0,0.0
2022-05-25,8.712,8.712,8.712,8.712,0,0.0,0.0,0.0,0.0,0.0,,0.06,0.0,0.0
2022-05-26,8.744,8.744,8.744,8.744,1100,9618.4,0.0,0.0,0.0,0.0,,0.06,0.0,0.0
2022-05-27,8.744,8.744,8.744,8.744,100,874.4,0.0,0.0,0.0,0.0,,0.06,0.0,0.0
2022-05-30,8.744,8.744,8.744,8.744,2500,21860.0,0.0,0.0,0.0,0.0,,0.06,0.0,0.0
2022-05-31,8.426,10.016,8.299,10.016,1500,15024.0,0.0,0.0,0.0,0.0,,0.06,0.0,0.0
2022-06-01,8.426,8.585,8.33,8.585,1300,11160.500000000002,0.0,0.0,0.0,0.0,,0.06,0.0,0.0
2022-06-02,8.585,8.585,8.585,8.585,1800,15453.000000000002,0.0,0.0,0.0,0.0,,0.06,0.0,0.0
2022-06-03,8.585,8.585,8.585,8.585,1000,8585.0,0.0,0.0,0.0,0.0,,0.06,0.0,0.0
2022-06-06,9.507,9.507,9.507,9.507,100,950.7,0.0,0.0,0.0,0.0,,0.06,0.0,0.0
2022-06-07,8.489,8.807,8.489,8.776,2500,21940.0,0.0,0.0,0.0,0.0,,0.06,0.0,0.0
2022-06-08,9.793,9.793,8.807,8.903,10100,89920.3,0.0,0.0,0.0,0.0,,0.06,0.0,0.0
2022-06-09,8.903,8.903,8.903,8.903,4400,39173.2,0.0,0.0,0.0,0.0,,0.06,0.0,0.0
2022-06-10,8.903,8.903,8.903,8.903,5000,44515.0,0.0,0.0,0.0,0.0,,0.06,0.0,0.0
2022-06-13,8.903,8.903,8.903,8.903,1500,13354.5,0.0,0.0,0.0,0.0,,0.06,0.0,0.0
2022-06-14,8.903,8.903,8.903,8.903,400,3561.2000000000003,0.0,0.0,0.0,0.0,,0.06,0.0,0.0
2022-06-15,8.903,8.903,8.903,8.903,0,0.0,0.0,0.0,0.0,0.0,,0.06,0.0,0.0
2022-06-16,8.903,8.903,8.903,8.903,210,1869.63,0.0,0.0,0.0,0.0,,0.06,0.0,0.0
2022-06-17,8.903,8.903,8.903,8.903,500,4451.5,0.0,0.0,0.0,0.0,,0.06,0.0,0.0
2022-06-20,8.903,8.903,8.903,8.903,0,0.0,0.0,0.0,0.0,0.0,,0.06,0.0,0.0
2022-06-21,8.903,8.903,8.903,8.903,100,890.3000000000001,0.0,0.0,0.0,0.0,,0.06,0.0,0.0
2022-06-22,8.903,8.903,8.903,8.903,1000,8903.0,0.0,0.0,0.0,0.0,,0.06,0.0,0.0
2022-06-23,8.903,8.903,8.903,8.903,1000,8903.0,0.0,0.0,0.0,0.0,,0.06,0.0,0.0
2022-06-24,9.539,9.539,8.903,8.903,200,1780.6,0.0,0.0,0.0,0.0,,0.06,0.0,0.0
2022-06-27,8.903,8.935,8.903,8.935,2500,22337.5,0.0,0.0,0.0,0.0,,0.06,0.0,0.0
2022-06-28,8.903,8.903,8.903,8.903,300,2670.9,0.0,0.0,0.0,0.0,,0.06,0.0,0.0
2022-06-29,8.903,8.903,8.903,8.903,1000,8903.0,0.0,0.0,0.0,0.0,,0.06,0.0,0.0
2022-06-30,8.903,8.903,8.903,8.903,18,160.25400000000002,0.0,0.0,0.0,0.0,,0.06,0.0,0.0
2022-07-01,8.903,8.903,8.903,8.903,0,0.0,0.0,0.0,0.0,0.0,,0.06,0.0,0.0
2022-07-04,9.221,9.252,9.221,9.252,500,4626.0,0.0,0.0,0.0,0.0,,0.06,0.0,0.0
2022-07-05,9.252,9.252,9.252,9.252,0,0.0,0.0,0.0,0.0,0.0,,0.06,0.0,0.0
2022-07-06,9.539,9.539,9.539,9.539,240,2289.36,0.0,0.0,0.0,0.0,,0.06,0.0,0.0
2022-07-07,9.539,9.539,9.539,9.539,0,0.0,0.0,0.0,0.0,0.0,,0.06,0.0,0.0
2022-07-08,9.539,9.539,9.539,9.539,1000,9539.0,0.0,0.0,0.0,0.0,,0.06,0.0,0.0
2022-07-11,10.872,10.872,10.872,10.872,100,1087.2,0.0,0.0,0.0,0.0,,0.06,0.0,0.0
2022-07-12,10.872,10.872,10.872,10.872,0,0.0,0.0,0.0,0.0,0.0,,0.06,0.0,0.0
2022-07-13,10.872,10.872,10.872,10.872,100,1087.2,0.0,0.0,0.0,0.0,,0.06,0.0,0.0
2022-07-14,10.872,10.872,10.872,10.872,1000,10872.0,0.0,0.0,0.0,0.0,,0.06,0.0,0.0
2022-07-15,10.872,10.872,10.872,10.872,0,0.0,0.0,0.0,0.0,0.0,,0.06,0.0,0.0
2022-07-18,10.872,10.872,10.872,10.872,0,0.0,0.0,0.0,0.0,0.0,,0.06,0.0,0.0
2022-07-19,10.872,10.872,10.872,10.872,0,0.0,0.0,0.0,0.0,0.0,,0.06,0.0,0.0
2022-07-20,10.872,10.872,10.872,10.872,0,0.0,0.0,0.0,0.0,0.0,,0.06,0.0,0.0
2022-07-21,10.872,10.872,10.872,10.872,10,108.72,0.0,0.0,0.0,0.0,,0.06,0.0,0.0
2022-07-22,10.872,10.872,10.872,10.872,0,0.0,0.0,0.0,0.0,0.0,,0.06,0.0,0.0
2022-07-25,10.872,10.872,10.872,10.872,0,0.0,0.0,0.0,0.0,0.0,,0.06,0.0,0.0
2022-07-26,10.872,10.872,10.872,10.872,18,195.696,0.0,0.0,0.0,0.0,,0.06,0.0,0.0
2022-07-27,10.872,10.872,10.872,10.872,0,0.0,0.0,0.0,0.0,0.0,,0.06,0.0,0.0
2022-07-28,10.872,10.872,10.872,10.872,0,0.0,0.0,0.0,0.0,0.0,,0.06,0.0,0.0
2022-07-29,10.872,10.872,10.872,10.872,0,0.0,0.0,0.0,0.0,0.0,,0.06,0.0,0.0
2022-08-01,10.872,10.872,10.872,10.872,0,0.0,0.0,0.0,0.0,0.0,,0.06,0.0,0.0
2022-08-02,10.872,10.872,10.872,10.872,0,0.0,0.0,0.0,0.0,0.0,,0.06,0.0,0.0
2022-08-03,10.872,10.872,10.872,10.872,0,0.0,0.0,0.0,0.0,0.0,,0.06,0.0,0.0
2022-08-04,10.872,10.872,10.872,10.872,0,0.0,0.0,0.0,0.0,0.0,,0.06,0.0,0.0
2022-08-05,10.872,10.872,10.872,10.872,0,0.0,0.0,0.0,0.0,0.0,,0.06,0.0,0.0
2022-08-08,10.872,10.872,10.872,10.872,0,0.0,0.0,0.0,0.0,0.0,,0.06,0.0,0.0
2022-08-09,10.872,10.872,10.872,10.872,0,0.0,0.0,0.0,0.0,0.0,,0.06,0.0,0.0
2022-08-10,10.872,10.872,10.872,10.872,0,0.0,0.0,0.0,0.0,0.0,,0.06,0.0,0.0
2022-08-11,10.872,10.872,10.872,10.872,0,0.0,0.0,0.0,0.0,0.0,,0.06,0.0,0.0
2022-08-12,12.489,12.489,12.125,12.125,300,3637.5,0.0,0.0,0.0,0.0,,0.06,0.0,0.0
2022-08-15,12.246,12.246,12.246,12.246,0,0.0,0.0,0.0,0.0,0.0,,0.06,0.0,0.0
2022-08-16,12.246,12.246,12.246,12.246,0,0.0,0.0,0.0,0.0,0.0,,0.06,0.0,0.0
2022-08-17,12.246,12.246,12.246,12.246,0,0.0,0.0,0.0,0.0,0.0,,0.06,0.0,0.0
2022-08-18,12.246,12.246,12.246,12.246,0,0.0,0.0,0.0,0.0,0.0,,0.06,0.0,0.0
2022-08-19,10.427,10.791,10.427,10.427,1000,10427.0,0.0,0.0,0.0,0.0,,0.06,0.0,0.0
2022-08-22,10.427,10.427,10.427,10.427,100,1042.7,0.0,0.0,0.0,0.0,,0.06,0.0,0.0
2022-08-23,10.872,10.872,10.872,10.872,100,1087.2,0.0,0.0,0.0,0.0,,0.06,0.0,0.0
2022-08-24,10.872,10.872,10.872,10.872,0,0.0,0.0,0.0,0.0,0.0,,0.06,0.0,0.0
2022-08-25,10.872,10.872,10.872,10.872,0,0.0,0.0,0.0,0.0,0.0,,0.06,0.0,0.0
2022-08-26,10.872,10.872,10.872,10.872,0,0.0,0.0,0.0,0.0,0.0,,0.06,0.0,0.0
2022-08-29,10.872,10.872,10.872,10.872,0,0.0,0.0,0.0,0.0,0.0,,0.06,0.0,0.0
2022-08-30,12.004,12.004,12.004,12.004,100,1200.4,0.0,0.0,0.0,0.0,,0.06,0.0,0.0
2022-08-31,10.225,10.225,10.225,10.225,4600,47035.0,0.0,0.0,0.0,0.0,,0.06,0.0,0.0
2022-09-05,10.225,10.266,10.225,10.225,3100,31697.5,0.0,0.0,0.0,0.0,,0.06,0.0,0.0
2022-09-06,10.225,10.225,10.225,10.225,0,0.0,0.0,0.0,0.0,0.0,,0.06,0.0,0.0
2022-09-07,10.225,10.225,10.225,10.225,0,0.0,0.0,0.0,0.0,0.0,,0.06,0.0,0.0
2022-09-08,10.225,10.225,10.225,10.225,0,0.0,0.0,0.0,0.0,0.0,,0.06,0.0,0.0
2022-09-09,10.225,10.225,10.225,10.225,0,0.0,0.0,0.0,0.0,0.0,,0.06,0.0,0.0
2022-09-12,10.225,10.225,10.225,10.225,0,0.0,0.0,0.0,0.0,0.0,,0.06,0.0,0.0
2022-09-13,10.225,10.225,10.225,10.225,20,204.5,0.0,0.0,0.0,0.0,,0.06,0.0,0.0
2022-09-14,10.225,10.225,10.225,10.225,802,8200.449999999999,0.0,0.0,0.0,0.0,,0.06,0.0,0.0
2022-09-15,10.225,10.225,10.225,10.225,0,0.0,0.0,0.0,0.0,0.0,,0.06,0.0,0.0
2022-09-16,10.225,10.225,10.225,10.225,0,0.0,0.0,0.0,0.0,0.0,,0.06,0.0,0.0
2022-09-19,10.225,10.225,10.225,10.225,0,0.0,0.0,0.0,0.0,0.0,,0.06,0.0,0.0
2022-09-20,10.225,10.225,10.225,10.225,12,122.7,0.0,0.0,0.0,0.0,,0.06,0.0,0.0
2022-09-21,10.225,10.225,10.225,10.225,3,30.675,0.0,0.0,0.0,0.0,,0.06,0.0,0.0
2022-09-22,10.225,10.225,10.225,10.225,0,0.0,0.0,0.0,0.0,0.0,,0.06,0.0,0.0
2022-09-23,10.225,10.225,10.225,10.225,0,0.0,0.0,0.0,0.0,0.0,,0.06,0.0,0.0
2022-09-26,9.296,9.498,9.296,9.498,1001,9507.498,0.0,0.0,0.0,0.0,,0.06,0.0,0.0
2022-09-27,8.892,9.094,8.892,9.094,1414,12858.916,0.0,0.0,0.0,0.0,,0.06,0.0,0.0
2022-09-28,8.972,9.013,7.679,7.679,2500,19197.5,0.0,0.0,0.0,0.0,,0.06,0.0,0.0
2022-09-29,8.609,8.892,8.609,8.892,1500,13338.0,0.0,0.0,0.0,0.0,,0.06,0.0,0.0
2022-09-30,9.094,9.094,9.094,9.094,150,1364.1,0.0,0.0,0.0,0.0,,0.06,0.0,0.0
2022-10-03,9.094,9.094,9.094,9.094,0,0.0,0.0,0.0,0.0,0.0,,0.06,0.0,0.0
2022-10-04,9.7,9.7,9.7,9.7,119,1154.3,0.0,0.0,0.0,0.0,,0.06,0.0,0.0
2022-10-05,10.185,10.185,10.185,10.185,100,1018.5,0.0,0.0,0.0,0.0,,0.06,0.0,0.0
2022-10-06,10.185,10.185,10.185,10.185,0,0.0,0.0,0.0,0.0,0.0,,0.06,0.0,0.0
2022-10-07,10.185,10.185,10.185,10.185,0,0.0,0.0,0.0,0.0,0.0,,0.06,0.0,0.0
2022-10-10,10.185,10.185,10.185,10.185,0,0.0,0.0,0.0,0.0,0.0,,0.06,0.0,0.0
2022-10-11,10.185,10.185,10.185,10.185,5,50.925,0.0,0.0,0.0,0.0,,0.06,0.0,0.0
2022-10-12,10.185,10.185,10.185,10.185,0,0.0,0.0,0.0,0.0,0.0,,0.06,0.0,0.0
2022-10-13,10.185,10.185,10.185,10.185,18,183.33,0.0,0.0,0.0,0.0,,0.06,0.0,0.0
2022-10-14,10.185,10.185,8.77,8.77,1100,9647.0,0.0,0.0,0.0,0.0,,0.06,0.0,0.0
2022-10-17,9.255,9.255,9.255,9.255,17,157.335,0.0,0.0,0.0,0.0,,0.06,0.0,0.0
2022-10-18,9.255,9.255,9.255,9.255,0,0.0,0.0,0.0,0.0,0.0,,0.06,0.0,0.0
2022-10-19,9.255,9.255,8.932,8.932,5819,51975.308000000005,0.0,0.0,0.0,0.0,,0.06,0.0,0.0
2022-10-20,9.215,9.215,9.215,9.215,0,0.0,0.0,0.0,0.0,0.0,,0.06,0.0,0.0
2022-10-21,9.215,9.215,9.215,9.215,0,0.0,0.0,0.0,0.0,0.0,,0.06,0.0,0.0
2022-10-24,9.215,9.215,9.215,9.215,0,0.0,0.0,0.0,0.0,0.0,,0.06,0.0,0.0
2022-10-25,8.892,8.892,8.851,8.851,1100,9736.1,0.0,0.0,0.0,0.0,,0.06,0.0,0.0
2022-10-26,8.851,8.851,8.851,8.851,0,0.0,0.0,0.0,0.0,0.0,,0.06,0.0,0.0
2022-10-27,8.851,8.851,8.851,8.851,0,0.0,0.0,0.0,0.0,0.0,,0.06,0.0,0.0
2022-10-28,8.892,9.296,8.892,9.296,2500,23240.0,0.0,0.0,0.0,0.0,,0.06,0.0,0.0
2022-10-31,8.892,8.892,8.892,8.892,500,4446.0,0.0,0.0,0.0,0.0,,0.06,0.0,0.0
2022-11-01,8.892,8.892,8.892,8.892,0,0.0,0.0,0.0,0.0,0.0,,0.06,0.0,0.0
2022-11-02,9.296,9.296,9.296,9.296,100,929.6,0.0,0.0,0.0,0.0,,0.06,0.0,0.0
2022-11-03,8.73,8.73,8.73,8.73,500,4365.0,0.0,0.0,0.0,0.0,,0.06,0.0,0.0
2022-11-04,8.73,8.73,8.73,8.73,12,104.76,0.0,0.0,0.0,0.0,,0.06,0.0,0.0
2022-11-07,8.568,8.568,8.568,8.568,100,856.8,0.0,0.0,0.0,0.0,,0.06,0.0,0.0
2022-11-08,8.568,8.568,8.568,8.568,0,0.0,0.0,0.0,0.0,0.0,,0.06,0.0,0.0
2022-11-09,8.568,8.568,8.568,8.568,800,6854.4,0.0,0.0,0.0,0.0,,0.06,0.0,0.0
2022-11-10,8.568,8.568,8.568,8.568,200,1713.6,0.0,0.0,0.0,0.0,,0.06,0.0,0.0
2022-11-11,8.285,8.285,8.285,8.285,200,1657.0,0.0,0.0,0.0,0.0,,0.06,0.0,0.0
2022-11-14,8.285,8.285,8.285,8.285,0,0.0,0.0,0.0,0.0,0.0,,0.06,0.0,0.0
2022-11-15,8.285,8.285,8.285,8.285,0,0.0,0.0,0.0,0.0,0.0,,0.06,0.0,0.0
2022-11-16,8.285,8.285,8.285,8.285,1,8.285,0.0,0.0,0.0,0.0,,0.06,0.0,0.0
2022-11-17,8.285,8.285,8.285,8.285,0,0.0,0.0,0.0,0.0,0.0,,0.06,0.0,0.0
2022-11-18,8.285,8.285,8.285,8.285,0,0.0,0.0,0.0,0.0,0.0,,0.06,0.0,0.0
2022-11-21,8.285,8.285,8.285,8.285,0,0.0,0.0,0.0,0.0,0.0,,0.06,0.0,0.0
2022-11-22,8.568,8.568,8.285,8.487,700,5940.9,0.0,0.0,0.0,0.0,,0.06,0.0,0.0
2022-11-23,8.487,8.487,8.487,8.487,100,848.7,0.0,0.0,0.0,0.0,,0.06,0.0,0.0
2022-11-24,8.487,8.487,8.487,8.487,61,517.707,0.0,0.0,0.0,0.0,,0.06,0.0,0.0
2022-11-25,8.487,8.487,8.487,8.487,0,0.0,0.0,0.0,0.0,0.0,,0.06,0.0,0.0
2022-11-28,8.487,8.487,8.487,8.487,300,2546.1,0.0,0.0,0.0,0.0,,0.06,0.0,0.0
2022-11-29,8.487,8.487,8.487,8.487,0,0.0,0.0,0.0,0.0,0.0,,0.06,0.0,0.0
2022-11-30,8.487,8.487,8.487,8.487,515,4370.805,0.0,0.0,0.0,0.0,,0.06,0.0,0.0
2022-12-01,8.487,8.487,8.487,8.487,83,704.421,0.0,0.0,0.0,0.0,,0.06,0.0,0.0
2022-12-02,8.487,8.487,8.487,8.487,0,0.0,0.0,0.0,0.0,0.0,,0.06,0.0,0.0
2022-12-05,8.487,8.487,8.487,8.487,1000,8487.0,0.0,0.0,0.0,0.0,,0.06,0.0,0.0
2022-12-06,8.487,8.487,8.487,8.487,1019,8648.253,0.0,0.0,0.0,0.0,,0.06,0.0,0.0
2022-12-07,8.487,8.487,8.487,8.487,0,0.0,0.0,0.0,0.0,0.0,,0.06,0.0,0.0
2022-12-08,8.487,8.487,8.487,8.487,0,0.0,0.0,0.0,0.0,0.0,,0.06,0.0,0.0
2022-12-09,8.487,8.487,8.487,8.487,0,0.0,0.0,0.0,0.0,0.0,,0.06,0.0,0.0
2022-12-12,8.487,8.487,8.487,8.487,0,0.0,0.0,0.0,0.0,0.0,,0.06,0.0,0.0
2022-12-13,8.487,8.487,8.487,8.487,0,0.0,0.0,0.0,0.0,0.0,,0.06,0.0,0.0
2022-12-14,8.487,8.487,8.487,8.487,0,0.0,0.0,0.0,0.0,0.0,,0.06,0.0,0.0
2022-12-15,8.487,8.487,8.487,8.487,0,0.0,0.0,0.0,0.0,0.0,,0.06,0.0,0.0
2022-12-16,8.487,8.487,8.487,8.487,0,0.0,0.0,0.0,0.0,0.0,,0.06,0.0,0.0
2022-12-19,8.487,8.487,8.487,8.487,0,0.0,0.0,0.0,0.0,0.0,,0.06,0.0,0.0
2022-12-20,8.487,8.487,8.487,8.487,0,0.0,0.0,0.0,0.0,0.0,,0.06,0.0,0.0
2022-12-21,8.487,8.487,8.487,8.487,0,0.0,0.0,0.0,0.0,0.0,,0.06,0.0,0.0
2022-12-22,8.487,8.487,8.487,8.487,0,0.0,0.0,0.0,0.0,0.0,,0.06,0.0,0.0
2022-12-23,8.487,8.487,8.487,8.487,0,0.0,0.0,0.0,0.0,0.0,,0.06,0.0,0.0
2022-12-26,8.487,8.487,8.487,8.487,0,0.0,0.0,0.0,0.0,0.0,,0.06,0.0,0.0
2022-12-27,8.487,8.487,8.487,8.487,0,0.0,0.0,0.0,0.0,0.0,,0.06,0.0,0.0
2022-12-28,8.487,8.487,8.487,8.487,0,0.0,0.0,0.0,0.0,0.0,,0.06,0.0,0.0
2022-12-29,8.487,8.487,8.487,8.487,0,0.0,0.0,0.0,0.0,0.0,,0.06,0.0,0.0
2022-12-30,8.487,8.487,8.487,8.487,0,0.0,0.0,0.0,0.0,0.0,,0.06,0.0,0.0
2023-01-03,8.487,8.487,8.487,8.487,0,0.0,0.0,0.0,0.0,0.0,,0.06,0.0,0.0
2023-01-04,8.487,8.487,8.487,8.487,0,0.0,0.0,0.0,0.0,0.0,,0.06,0.0,0.0
2023-01-05,8.487,8.487,8.487,8.487,0,0.0,0.0,0.0,0.0,0.0,,0.06,0.0,0.0
2023-01-06,8.487,8.487,8.487,8.487,0,0.0,0.0,0.0,0.0,0.0,,0.06,0.0,0.0
2023-01-09,8.487,8.487,8.487,8.487,800,6789.6,0.0,0.0,0.0,0.0,,0.06,0.0,0.0
2023-01-10,8.487,8.487,8.487,8.487,0,0.0,0.0,0.0,0.0,0.0,,0.06,0.0,0.0
2023-01-11,8.487,8.487,8.487,8.487,0,0.0,0.0,0.0,0.0,0.0,,0.06,0.0,0.0
2023-01-12,8.487,8.487,8.487,8.487,0,0.0,0.0,0.0,0.0,0.0,,0.06,0.0,0.0
2023-01-13,8.892,8.892,8.892,8.892,2600,23119.2,0.0,0.0,0.0,0.0,,0.06,0.0,0.0
2023-01-16,8.892,8.892,8.892,8.892,0,0.0,0.0,0.0,0.0,0.0,,0.06,0.0,0.0
2023-01-17,8.892,8.892,8.892,8.892,0,0.0,0.0,0.0,0.0,0.0,,0.06,0.0,0.0
2023-01-18,8.892,8.892,8.892,8.892,0,0.0,0.0,0.0,0.0,0.0,,0.06,0.0,0.0
2023-01-19,8.892,8.932,8.892,8.892,3700,32900.4,0.0,0.0,0.0,0.0,,0.06,0.0,0.0
2023-01-27,8.932,8.932,8.932,8.932,32,285.824,0.0,0.0,0.0,0.0,,0.06,0.0,0.0
2023-01-30,8.932,8.932,8.932,8.932,0,0.0,0.0,0.0,0.0,0.0,,0.06,0.0,0.0
2023-01-31,8.932,8.932,8.932,8.932,0,0.0,0.0,0.0,0.0,0.0,,0.06,0.0,0.0
2023-02-01,8.932,8.932,8.932,8.932,0,0.0,0.0,0.0,0.0,0.0,,0.06,0.0,0.0
2023-02-02,8.932,8.932,8.932,8.932,0,0.0,0.0,0.0,0.0,0.0,,0.06,0.0,0.0
2023-02-03,8.932,8.932,8.932,8.932,0,0.0,0.0,0.0,0.0,0.0,,0.06,0.0,0.0
2023-02-06,8.932,8.932,8.932,8.932,7,62.524,0.0,0.0,0.0,0.0,,0.06,0.0,0.0
2023-02-07,8.932,8.932,8.932,8.932,0,0.0,0.0,0.0,0.0,0.0,,0.06,0.0,0.0
2023-02-08,8.932,8.932,8.932,8.932,0,0.0,0.0,0.0,0.0,0.0,,0.06,0.0,0.0
2023-02-09,8.932,8.932,8.932,8.932,0,0.0,0.0,0.0,0.0,0.0,,0.06,0.0,0.0
2023-02-10,8.932,8.932,8.932,8.932,0,0.0,0.0,0.0,0.0,0.0,,0.06,0.0,0.0
2023-02-13,8.932,8.932,8.932,8.932,0,0.0,0.0,0.0,0.0,0.0,,0.06,0.0,0.0
2023-02-14,8.932,8.932,8.932,8.932,0,0.0,0.0,0.0,0.0,0.0,,0.06,0.0,0.0
2023-02-15,9.7,9.7,9.7,9.7,800,7759.999999999999,0.0,0.0,0.0,0.0,,0.06,0.0,0.0
2023-02-16,9.7,9.7,9.7,9.7,1400,13579.999999999998,0.0,0.0,0.0,0.0,,0.06,0.0,0.0
2023-02-17,9.7,9.7,9.7,9.7,0,0.0,0.0,0.0,0.0,0.0,,0.06,0.0,0.0
2023-02-20,9.7,9.7,9.7,9.7,0,0.0,0.0,0.0,0.0,0.0,,0.06,0.0,0.0
2023-02-21,10.185,10.185,10.185,10.185,6700,68239.5,0.0,0.0,0.0,0.0,,0.06,0.0,0.0
2023-02-22,10.185,10.185,10.185,10.185,0,0.0,0.0,0.0,0.0,0.0,,0.06,0.0,0.0
2023-02-23,10.185,10.185,10.185,10.185,0,0.0,0.0,0.0,0.0,0.0,,0.06,0.0,0.0
2023-02-24,10.185,10.185,10.185,10.185,0,0.0,0.0,0.0,0.0,0.0,,0.06,0.0,0.0
2023-02-27,10.508,10.508,10.508,10.508,5000,52539.99999999999,0.0,0.0,0.0,0.0,,0.06,0.0,0.0
2023-02-28,10.508,10.508,10.508,10.508,5000,52539.99999999999,0.0,0.0,0.0,0.0,,0.06,0.0,0.0
2023-03-01,10.508,10.508,10.508,10.508,0,0.0,0.0,0.0,0.0,0.0,,0.06,0.0,0.0
2023-03-02,10.508,10.508,10.508,10.508,0,0.0,0.0,0.0,0.0,0.0,,0.06,0.0,0.0
2023-03-03,10.306,10.508,10.306,10.508,5400,56743.2,0.0,0.0,0.0,0.0,,0.06,0.0,0.0
2023-03-06,10.468,10.468,10.468,10.468,0,0.0,0.0,0.0,0.0,0.0,,0.06,0.0,0.0
2023-03-07,10.306,10.508,10.306,10.508,800,8406.4,0.0,0.0,0.0,0.0,,0.06,0.0,0.0
2023-03-08,10.306,10.427,10.306,10.427,600,6256.2,0.0,0.0,0.0,0.0,,0.06,0.0,0.0
2023-03-09,10.427,10.71,10.427,10.508,3910,41086.28,0.0,0.0,0.0,0.0,,0.06,0.0,0.0
2023-03-10,10.71,10.71,10.71,10.71,3027,32419.17,0.0,0.0,0.0,0.0,,0.06,0.0,0.0
2023-03-13,10.71,10.71,10.71,10.71,4800,51408.00000000001,0.0,0.0,0.0,0.0,,0.06,0.0,0.0
2023-03-14,10.71,10.71,10.71,10.71,0,0.0,0.0,0.0,0.0,0.0,,0.06,0.0,0.0
2023-03-15,10.71,10.71,10.71,10.71,0,0.0,0.0,0.0,0.0,0.0,,0.06,0.0,0.0
2023-03-16,10.71,10.71,10.71,10.71,0,0.0,0.0,0.0,0.0,0.0,,0.06,0.0,0.0
2023-03-17,10.71,10.71,10.71,10.71,0,0.0,0.0,0.0,0.0,0.0,,0.06,0.0,0.0
2023-03-20,10.71,10.71,10.71,10.71,2000,21420.0,0.0,0.0,0.0,0.0,,0.06,0.0,0.0
2023-03-21,10.71,10.71,10.71,10.71,1500,16065.000000000002,0.0,0.0,0.0,0.0,,0.06,0.0,0.0
2023-03-22,10.71,10.71,10.71,10.71,0,0.0,0.0,0.0,0.0,0.0,,0.06,0.0,0.0
2023-03-23,10.508,10.508,10.508,10.508,7400,77759.2,0.0,0.0,0.0,0.0,,0.06,0.0,0.0
2023-03-24,10.508,10.508,10.508,10.508,7,73.556,0.0,0.0,0.0,0.0,,0.06,0.0,0.0
2023-03-27,10.508,10.508,10.508,10.508,1300,13660.4,0.0,0.0,0.0,0.0,,0.06,0.0,0.0
2023-03-28,10.508,10.508,10.508,10.508,0,0.0,0.0,0.0,0.0,0.0,,0.06,0.0,0.0
2023-03-29,10.508,10.508,10.508,10.508,0,0.0,0.0,0.0,0.0,0.0,,0.06,0.0,0.0
2023-03-30,10.589,10.589,10.589,10.589,100,1058.9,0.0,0.0,0.0,0.0,,0.06,0.0,0.0
2023-03-31,10.589,10.589,10.589,10.589,0,0.0,0.0,0.0,0.0,0.0,,0.06,0.0,0.0
2023-04-03,10.508,10.508,10.508,10.508,2000,21016.0,0.0,0.0,0.0,0.0,,0.06,0.0,0.0
2023-04-04,10.508,10.508,10.508,10.508,5,52.53999999999999,0.0,0.0,0.0,0.0,,0.06,0.0,0.0
2023-04-05,10.508,10.508,10.508,10.508,3,31.524,0.0,0.0,0.0,0.0,,0.06,0.0,0.0
2023-04-06,10.508,10.508,10.508,10.508,5000,52539.99999999999,0.0,0.0,0.0,0.0,,0.06,0.0,0.0
2023-04-07,10.508,10.508,10.508,10.508,0,0.0,0.0,0.0,0.0,0.0,,0.06,0.0,0.0
2023-04-10,10.104,10.104,10.104,10.104,800,8083.199999999999,0.0,0.0,0.0,0.0,,0.06,0.0,0.0
2023-04-11,10.104,10.104,10.104,10.104,0,0.0,0.0,0.0,0.0,0.0,,0.06,0.0,0.0
2023-04-12,10.104,10.104,10.104,10.104,0,0.0,0.0,0.0,0.0,0.0,,0.06,0.0,0.0
2023-04-13,10.104,10.104,10.104,10.104,0,0.0,0.0,0.0,0.0,0.0,,0.06,0.0,0.0
2023-04-14,10.104,10.104,10.104,10.104,0,0.0,0.0,0.0,0.0,0.0,,0.06,0.0,0.0
2023-04-17,10.104,10.104,10.104,10.104,0,0.0,0.0,0.0,0.0,0.0,,0.06,0.0,0.0
2023-04-18,10.104,10.104,10.104,10.104,0,0.0,0.0,0.0,0.0,0.0,,0.06,0.0,0.0
2023-04-19,10.104,10.104,10.104,10.104,0,0.0,0.0,0.0,0.0,0.0,,0.06,0.0,0.0
2023-04-20,10.104,10.104,10.104,10.104,0,0.0,0.0,0.0,0.0,0.0,,0.06,0.0,0.0
2023-04-21,10.104,10.104,10.104,10.104,0,0.0,0.0,0.0,0.0,0.0,,0.06,0.0,0.0
2023-04-24,10.104,10.104,10.104,10.104,0,0.0,0.0,0.0,0.0,0.0,,0.06,0.0,0.0
2023-04-25,8.625,8.625,8.625,8.625,4800,41400.0,0.0,0.0,0.0,0.0,,0.06,0.0,0.0
2023-04-26,8.625,8.625,8.625,8.625,0,0.0,0.0,0.0,0.0,0.0,,0.06,0.0,0.0
2023-04-27,9.858,9.858,9.858,9.858,100,985.8,0.0,0.0,0.0,0.0,,0.06,0.0,0.0
2023-04-28,9.858,9.858,9.858,9.858,0,0.0,0.0,0.0,0.0,0.0,,0.06,0.0,0.0
2023-05-04,9.858,9.858,9.858,9.858,4700,46332.600000000006,0.0,0.0,0.0,0.0,,0.06,0.0,0.0
2023-05-05,9.858,9.858,9.858,9.858,0,0.0,0.0,0.0,0.0,0.0,,0.06,0.0,0.0
2023-05-08,9.858,9.858,9.858,9.858,0,0.0,0.0,0.0,0.0,0.0,,0.06,0.0,0.0
2023-05-09,10.268,10.268,10.268,10.268,210,2156.28,0.0,0.0,0.0,0.0,,0.06,0.0,0.0
2023-05-10,10.268,10.268,10.268,10.268,0,0.0,0.0,0.0,0.0,0.0,,0.06,0.0,0.0
2023-05-11,8.749,8.749,8.749,8.749,2000,17498.0,0.0,0.0,0.0,0.0,,0.06,0.0,0.0
2023-05-12,8.831,8.831,8.831,8.831,3900,34440.9,0.0,0.0,0.0,0.0,,0.06,0.0,0.0
2023-05-15,8.831,8.831,8.831,8.831,0,0.0,0.0,0.0,0.0,0.0,,0.06,0.0,0.0
2023-05-16,8.831,8.831,8.831,8.831,0,0.0,0.0,0.0,0.0,0.0,,0.06,0.0,0.0
2023-05-17,8.831,8.831,8.831,8.831,0,0.0,0.0,0.0,0.0,0.0,,0.06,0.0,0.0
2023-05-18,8.831,8.831,8.831,8.831,0,0.0,0.0,0.0,0.0,0.0,,0.06,0.0,0.0
2023-05-19,10.116,10.116,10.116,10.116,200,2023.2,0.0,0.0,0.0,0.0,,0.06,0.0,0.0
2023-05-22,11.625,11.625,11.625,11.625,200,2325.0,0.0,0.0,0.0,0.0,,0.06,0.0,0.0
2023-05-23,11.625,11.625,11.625,11.625,0,0.0,0.0,0.0,0.0,0.0,,0.06,0.0,0.0
2023-05-24,11.737,11.737,11.737,11.737,100,1173.7,0.0,0.0,0.0,0.0,,0.06,0.0,0.0
2023-05-25,11.737,11.737,11.737,11.737,0,0.0,0.0,0.0,0.0,0.0,,0.06,0.0,0.0
2023-05-26,11.793,11.793,11.737,11.737,1000,11737.0,0.0,0.0,0.0,0.0,,0.06,0.0,0.0
2023-05-29,11.737,11.737,11.737,11.737,0,0.0,0.0,0.0,0.0,0.0,,0.06,0.0,0.0
2023-05-30,11.737,11.737,11.737,11.737,0,0.0,0.0,0.0,0.0,0.0,,0.06,0.0,0.0
2023-05-31,11.737,11.737,11.737,11.737,0,0.0,0.0,0.0,0.0,0.0,,0.06,0.0,0.0
2023-06-01,11.737,11.737,11.737,11.737,1,11.737,0.0,0.0,0.0,0.0,,0.06,0.0,0.0
2023-06-02,11.737,11.737,11.737,11.737,0,0.0,0.0,0.0,0.0,0.0,,0.06,0.0,0.0
2023-06-05,11.737,11.737,11.737,11.737,4200,49295.4,0.0,0.0,0.0,0.0,,0.06,0.0,0.0
2023-06-06,11.737,11.737,11.737,11.737,0,0.0,0.0,0.0,0.0,0.0,,0.06,0.0,0.0
2023-06-07,11.737,11.737,11.737,11.737,138,1619.706,0.0,0.0,0.0,0.0,,0.06,0.0,0.0
2023-06-08,11.849,11.849,11.793,11.793,702,8278.686,0.0,0.0,0.0,0.0,,0.06,0.0,0.0
2023-06-09,11.849,11.849,11.849,11.849,0,0.0,0.0,0.0,0.0,0.0,,0.06,0.0,0.0
2023-06-12,11.793,11.793,11.793,11.793,500,5896.5,0.0,0.0,0.0,0.0,,0.06,0.0,0.0
2023-06-13,11.793,11.793,11.793,11.793,3,35.379,0.0,0.0,0.0,0.0,,0.06,0.0,0.0
2023-06-14,12.296,12.296,11.793,11.793,1129,13314.297,0.0,0.0,0.0,0.0,,0.06,0.0,0.0
2023-06-15,11.849,11.849,11.849,11.849,10,118.49,0.0,0.0,0.0,0.0,,0.06,0.0,0.0
2023-06-16,11.793,11.793,11.793,11.793,1000,11793.0,0.0,0.0,0.0,0.0,,0.06,0.0,0.0
2023-06-19,11.793,11.793,11.793,11.793,300,3537.9,0.0,0.0,0.0,0.0,,0.06,0.0,0.0
2023-06-20,11.793,11.793,11.793,11.793,0,0.0,0.0,0.0,0.0,0.0,,0.06,0.0,0.0
2023-06-21,11.793,11.793,11.793,11.793,0,0.0,0.0,0.0,0.0,0.0,,0.06,0.0,0.0
2023-06-22,11.793,11.793,11.793,11.793,0,0.0,0.0,0.0,0.0,0.0,,0.06,0.0,0.0
2023-06-23,12.296,12.296,12.296,12.296,500,6148.0,0.0,0.0,0.0,0.0,,0.06,0.0,0.0
2023-06-26,12.296,12.296,12.296,12.296,0,0.0,0.0,0.0,0.0,0.0,,0.06,0.0,0.0
2023-06-27,12.296,12.296,12.296,12.296,0,0.0,0.0,0.0,0.0,0.0,,0.06,0.0,0.0
2023-06-28,12.296,12.296,12.296,12.296,0,0.0,0.0,0.0,0.0,0.0,,0.06,0.0,0.0
2023-06-29,13.134,13.134,13.134,13.134,200,2626.8,0.0,0.0,0.0,0.0,,0.06,0.0,0.0
2023-06-30,13.134,13.134,13.134,13.134,7,91.938,0.0,0.0,0.0,0.0,,0.06,0.0,0.0
2023-07-03,13.134,13.134,13.134,13.134,0,0.0,0.0,0.0,0.0,0.0,,0.06,0.0,0.0
2023-07-04,13.134,13.134,13.134,13.134,0,0.0,0.0,0.0,0.0,0.0,,0.06,0.0,0.0
2023-07-05,12.296,12.296,12.296,12.296,5600,68857.59999999999,0.0,0.0,0.0,0.0,,0.06,0.0,0.0
2023-07-06,12.296,12.296,12.296,12.296,2500,30740.0,0.0,0.0,0.0,0.0,,0.06,0.0,0.0
2023-07-07,12.296,12.296,12.296,12.296,200,2459.2,0.0,0.0,0.0,0.0,,0.06,0.0,0.0
2023-07-10,12.296,12.296,12.296,12.296,60,737.76,0.0,0.0,0.0,0.0,,0.06,0.0,0.0
2023-07-11,12.296,12.296,12.296,12.296,3700,45495.2,0.0,0.0,0.0,0.0,,0.06,0.0,0.0
2023-07-12,12.296,12.296,12.296,12.296,0,0.0,0.0,0.0,0.0,0.0,,0.06,0.0,0.0
2023-07-13,12.296,12.296,12.296,12.296,5500,67628.0,0.0,0.0,0.0,0.0,,0.06,0.0,0.0
2023-07-14,12.296,12.296,12.296,12.296,0,0.0,0.0,0.0,0.0,0.0,,0.06,0.0,0.0
2023-07-17,12.296,12.296,12.296,12.296,0,0.0,0.0,0.0,0.0,0.0,,0.06,0.0,0.0
2023-07-18,12.296,12.296,12.296,12.296,11400,140174.4,0.0,0.0,0.0,0.0,,0.06,0.0,0.0
2023-07-19,12.296,12.296,12.296,12.296,0,0.0,0.0,0.0,0.0,0.0,,0.06,0.0,0.0
2023-07-20,12.296,12.296,12.296,12.296,0,0.0,0.0,0.0,0.0,0.0,,0.06,0.0,0.0
2023-07-21,12.296,12.296,12.296,12.296,0,0.0,0.0,0.0,0.0,0.0,,0.06,0.0,0.0
2023-07-24,12.296,12.296,12.296,12.296,0,0.0,0.0,0.0,0.0,0.0,,0.06,0.0,0.0
2023-07-25,12.296,12.296,12.296,12.296,1020,12541.92,0.0,0.0,0.0,0.0,,0.06,0.0,0.0
2023-07-26,12.296,12.296,12.296,12.296,21,258.216,0.0,0.0,0.0,0.0,,0.06,0.0,0.0
2023-07-27,12.296,12.296,12.296,12.296,945,11619.72,0.0,0.0,0.0,0.0,,0.06,0.0,0.0
2023-07-28,12.296,12.296,12.296,12.296,1,12.296,0.0,0.0,0.0,0.0,,0.06,0.0,0.0
2023-07-31,12.296,12.296,12.296,12.296,0,0.0,0.0,0.0,0.0,0.0,,0.06,0.0,0.0
2023-08-01,12.296,12.296,12.296,12.296,1,12.296,0.0,0.0,0.0,0.0,,0.06,0.0,0.0
2023-08-02,12.296,12.296,12.296,12.296,0,0.0,0.0,0.0,0.0,0.0,,0.06,0.0,0.0
2023-08-03,12.296,12.296,12.296,12.296,2900,35658.4,0.0,0.0,0.0,0.0,,0.06,0.0,0.0
2023-08-04,12.296,12.296,12.296,12.296,0,0.0,0.0,0.0,0.0,0.0,,0.06,0.0,0.0
2023-08-07,10.731,10.731,10.731,10.731,100,1073.1,0.0,0.0,0.0,0.0,,0.06,0.0,0.0
2023-08-08,12.296,12.296,12.296,12.296,1500,18444.0,0.0,0.0,0.0,0.0,,0.06,0.0,0.0
2023-08-09,11.178,11.178,11.178,11.178,100,1117.8000000000002,0.0,0.0,0.0,0.0,,0.06,0.0,0.0
2023-08-10,12.296,12.296,11.234,12.296,2800,34428.8,0.0,0.0,0.0,0.0,,0.06,0.0,0.0
2023-08-11,12.24,12.296,12.24,12.24,1200,14688.0,0.0,0.0,0.0,0.0,,0.06,0.0,0.0
2023-08-14,12.296,12.296,12.296,12.296,1200,14755.2,0.0,0.0,0.0,0.0,,0.06,0.0,0.0
2023-08-15,12.296,12.296,12.296,12.296,1700,20903.2,0.0,0.0,0.0,0.0,,0.06,0.0,0.0
2023-08-16,12.296,12.296,12.296,12.296,400,4918.4,0.0,0.0,0.0,0.0,,0.06,0.0,0.0
2023-08-17,12.296,12.296,12.296,12.296,0,0.0,0.0,0.0,0.0,0.0,,0.06,0.0,0.0
2023-08-18,11.234,11.234,11.234,11.234,500,5617.0,0.0,0.0,0.0,0.0,,0.06,0.0,0.0
2023-08-21,11.234,11.234,11.234,11.234,0,0.0,0.0,0.0,0.0,0.0,,0.06,0.0,0.0
2023-08-22,11.234,11.234,11.234,11.234,0,0.0,0.0,0.0,0.0,0.0,,0.06,0.0,0.0
2023-08-23,12.296,12.296,12.296,12.296,500,6148.0,0.0,0.0,0.0,0.0,,0.06,0.0,0.0
2023-08-24,12.296,12.296,12.296,12.296,0,0.0,0.0,0.0,0.0,0.0,,0.06,0.0,0.0
2023-08-25,12.296,12.296,12.296,12.296,1000,12296.0,0.0,0.0,0.0,0.0,,0.06,0.0,0.0
2023-08-28,12.296,12.296,12.296,12.296,0,0.0,0.0,0.0,0.0,0.0,,0.06,0.0,0.0
2023-08-29,11.29,12.296,11.29,11.29,950,10725.5,0.0,0.0,0.0,0.0,,0.06,0.0,0.0
2023-08-30,12.296,12.296,12.296,12.296,100,1229.6,0.0,0.0,0.0,0.0,,0.06,0.0,0.0
2023-08-31,12.296,12.296,12.296,12.296,1800,22132.8,0.0,0.0,0.0,0.0,,0.06,0.0,0.0
2023-09-05,12.296,12.296,12.296,12.296,48,590.208,0.0,0.0,0.0,0.0,,0.06,0.0,0.0
2023-09-06,12.296,12.296,12.296,12.296,1000,12296.0,0.0,0.0,0.0,0.0,,0.06,0.0,0.0
2023-09-07,12.296,12.296,12.296,12.296,0,0.0,0.0,0.0,0.0,0.0,,0.06,0.0,0.0
2023-09-08,12.296,12.296,12.296,12.296,1000,12296.0,0.0,0.0,0.0,0.0,,0.06,0.0,0.0
2023-09-11,12.296,12.296,12.296,12.296,500,6148.0,0.0,0.0,0.0,0.0,,0.06,0.0,0.0
2023-09-12,12.296,12.296,12.296,12.296,0,0.0,0.0,0.0,0.0,0.0,,0.06,0.0,0.0
2023-09-13,12.296,12.296,12.296,12.296,5000,61480.0,0.0,0.0,0.0,0.0,,0.06,0.0,0.0
2023-09-14,12.296,12.296,12.296,12.296,0,0.0,0.0,0.0,0.0,0.0,,0.06,0.0,0.0
2023-09-15,12.296,12.296,12.296,12.296,0,0.0,0.0,0.0,0.0,0.0,,0.06,0.0,0.0
2023-09-18,12.296,12.296,12.296,12.296,0,0.0,0.0,0.0,0.0,0.0,,0.06,0.0,0.0
2023-09-19,13.134,13.134,13.134,13.134,101,1326.534,0.0,0.0,0.0,0.0,,0.06,0.0,0.0
2023-09-20,13.134,13.134,13.134,13.134,0,0.0,0.0,0.0,0.0,0.0,,0.06,0.0,0.0
2023-09-21,13.134,13.134,13.134,13.134,0,0.0,0.0,0.0,0.0,0.0,,0.06,0.0,0.0
2023-09-22,13.134,13.134,13.134,13.134,0,0.0,0.0,0.0,0.0,0.0,,0.06,0.0,0.0
2023-09-25,13.134,13.134,13.134,13.134,0,0.0,0.0,0.0,0.0,0.0,,0.06,0.0,0.0
2023-09-26,13.134,13.134,13.134,13.134,0,0.0,0.0,0.0,0.0,0.0,,0.06,0.0,0.0
2023-09-27,13.134,13.134,12.855,12.855,1100,14140.5,0.0,0.0,0.0,0.0,,0.06,0.0,0.0
2023-09-28,12.855,12.855,12.855,12.855,0,0.0,0.0,0.0,0.0,0.0,,0.06,0.0,0.0
2023-09-29,12.855,12.855,12.855,12.855,0,0.0,0.0,0.0,0.0,0.0,,0.06,0.0,0.0
2023-10-02,12.855,12.855,12.855,12.855,0,0.0,0.0,0.0,0.0,0.0,,0.06,0.0,0.0
2023-10-03,12.855,12.855,12.855,12.855,0,0.0,0.0,0.0,0.0,0.0,,0.06,0.0,0.0
2023-10-04,12.855,12.855,12.855,12.855,0,0.0,0.0,0.0,0.0,0.0,,0.06,0.0,0.0
2023-10-05,12.575,12.575,12.575,12.575,3000,37725.0,0.0,0.0,0.0,0.0,,0.06,0.0,0.0
2023-10-06,12.575,12.575,12.575,12.575,0,0.0,0.0,0.0,0.0,0.0,,0.06,0.0,0.0
2023-10-09,12.575,12.575,12.575,12.575,0,0.0,0.0,0.0,0.0,0.0,,0.06,0.0,0.0
2023-10-10,12.575,12.575,12.575,12.575,10250,128893.75,0.0,0.0,0.0,0.0,,0.06,0.0,0.0
2023-10-11,12.575,12.575,12.575,12.575,0,0.0,0.0,0.0,0.0,0.0,,0.06,0.0,0.0
2023-10-12,12.575,12.575,12.575,12.575,0,0.0,0.0,0.0,0.0,0.0,,0.06,0.0,0.0
2023-10-13,12.575,12.575,12.575,12.575,0,0.0,0.0,0.0,0.0,0.0,,0.06,0.0,0.0
2023-10-16,12.296,13.134,12.296,13.134,2000,26268.0,0.0,0.0,0.0,0.0,,0.06,0.0,0.0
2023-10-17,12.855,13.246,12.855,13.246,5000,66230.0,0.0,0.0,0.0,0.0,,0.06,0.0,0.0
2023-10-18,13.134,13.414,13.134,13.414,3300,44266.2,0.0,0.0,0.0,0.0,,0.06,0.0,0.0
2023-10-19,13.246,13.246,13.246,13.246,0,0.0,0.0,0.0,0.0,0.0,,0.06,0.0,0.0
2023-10-20,13.246,13.246,13.246,13.246,0,0.0,0.0,0.0,0.0,0.0,,0.06,0.0,0.0
2023-10-23,13.246,13.246,13.246,13.246,0,0.0,0.0,0.0,0.0,0.0,,0.06,0.0,0.0
2023-10-24,13.246,13.246,13.246,13.246,0,0.0,0.0,0.0,0.0,0.0,,0.06,0.0,0.0
2023-10-25,12.855,12.855,12.855,12.855,100,1285.5,0.0,0.0,0.0,0.0,,0.06,0.0,0.0
2023-10-26,12.855,12.855,12.855,12.855,0,0.0,0.0,0.0,0.0,0.0,,0.06,0.0,0.0
2023-10-27,12.855,12.855,12.855,12.855,12,154.26,0.0,0.0,0.0,0.0,,0.06,0.0,0.0
2023-10-30,12.855,12.855,12.855,12.855,3300,42421.5,0.0,0.0,0.0,0.0,,0.06,0.0,0.0
2023-10-31,12.855,12.855,12.855,12.855,2300,29566.5,0.0,0.0,0.0,0.0,,0.06,0.0,0.0
2023-11-01,12.855,12.855,12.855,12.855,1,12.855,0.0,0.0,0.0,0.0,,0.06,0.0,0.0
2023-11-02,12.575,12.855,12.575,12.855,3200,41136.0,0.0,0.0,0.0,0.0,,0.06,0.0,0.0
2023-11-03,12.575,12.575,12.575,12.575,0,0.0,0.0,0.0,0.0,0.0,,0.06,0.0,0.0
2023-11-06,12.575,12.575,12.575,12.575,0,0.0,0.0,0.0,0.0,0.0,,0.06,0.0,0.0
2023-11-07,12.855,12.855,12.855,12.855,2000,25710.0,0.0,0.0,0.0,0.0,,0.06,0.0,0.0
2023-11-08,12.855,12.855,12.855,12.855,0,0.0,0.0,0.0,0.0,0.0,,0.06,0.0,0.0
2023-11-09,12.966,13.134,12.966,13.134,7400,97191.6,0.0,0.0,0.0,0.0,,0.06,0.0,0.0
2023-11-10,13.078,13.078,13.078,13.078,0,0.0,0.0,0.0,0.0,0.0,,0.06,0.0,0.0
2023-11-13,13.134,13.302,13.134,13.302,4500,59859.0,0.0,0.0,0.0,0.0,,0.06,0.0,0.0
2023-11-14,13.246,13.302,13.246,13.302,4000,53208.0,0.0,0.0,0.0,0.0,,0.06,0.0,0.0
2023-11-15,13.302,13.302,13.302,13.302,0,0.0,0.0,0.0,0.0,0.0,,0.06,0.0,0.0
2023-11-16,13.302,13.302,13.302,13.302,2200,29264.4,0.0,0.0,0.0,0.0,,0.06,0.0,0.0
2023-11-17,13.246,13.302,13.246,13.302,5000,66510.0,0.0,0.0,0.0,0.0,,0.06,0.0,0.0
2023-11-20,13.302,13.302,13.302,13.302,1824,24262.848,0.0,0.0,0.0,0.0,,0.06,0.0,0.0
2023-11-21,13.302,13.302,13.302,13.302,3000,39906.0,0.0,0.0,0.0,0.0,,0.06,0.0,0.0
2023-11-22,13.358,13.414,13.358,13.414,3900,52314.6,0.0,0.0,0.0,0.0,,0.06,0.0,0.0
2023-11-23,13.134,13.134,13.134,13.134,300,3940.2,0.0,0.0,0.0,0.0,,0.06,0.0,0.0
2023-11-24,13.134,13.134,13.134,13.134,0,0.0,0.0,0.0,0.0,0.0,,0.06,0.0,0.0
2023-11-27,13.134,13.134,13.134,13.134,500,6567.0,0.0,0.0,0.0,0.0,,0.06,0.0,0.0
2023-11-28,13.134,13.134,13.134,13.134,1053,13830.102,0.0,0.0,0.0,0.0,,0.06,0.0,0.0
2023-11-29,13.134,13.134,13.134,13.134,0,0.0,0.0,0.0,0.0,0.0,,0.06,0.0,0.0
2023-11-30,13.134,13.414,13.134,13.414,1200,16096.8,0.0,0.0,0.0,0.0,,0.06,0.0,0.0
2023-12-01,13.414,13.414,13.414,13.414,1800,24145.2,0.0,0.0,0.0,0.0,,0.06,0.0,0.0
2023-12-04,13.134,13.134,11.457,11.457,1004,11502.828,0.0,0.0,0.0,0.0,,0.06,0.0,0.0
2023-12-05,13.693,13.693,13.693,13.693,100,1369.3,0.0,0.0,0.0,0.0,,0.06,0.0,0.0
2023-12-06,13.134,13.134,13.134,13.134,500,6567.0,0.0,0.0,0.0,0.0,,0.06,0.0,0.0
2023-12-07,13.414,13.414,13.414,13.414,500,6707.0,0.0,0.0,0.0,0.0,,0.06,0.0,0.0
2023-12-08,13.414,13.414,13.414,13.414,1036,13896.904,0.0,0.0,0.0,0.0,,0.06,0.0,0.0
2023-12-11,13.414,13.414,13.414,13.414,200,2682.8,0.0,0.0,0.0,0.0,,0.06,0.0,0.0
2023-12-12,13.693,13.693,13.693,13.693,1800,24647.4,0.0,0.0,0.0,0.0,,0.06,0.0,0.0
2023-12-13,13.693,13.693,13.693,13.693,0,0.0,0.0,0.0,0.0,0.0,,0.06,0.0,0.0
2023-12-14,13.693,13.693,13.693,13.693,0,0.0,0.0,0.0,0.0,0.0,,0.06,0.0,0.0
2023-12-15,13.693,13.693,13.693,13.693,1000,13693.0,0.0,0.0,0.0,0.0,,0.06,0.0,0.0
2023-12-18,13.693,13.693,13.693,13.693,0,0.0,0.0,0.0,0.0,0.0,,0.06,0.0,0.0
2023-12-19,13.693,13.693,13.693,13.693,500,6846.5,0.0,0.0,0.0,0.0,,0.06,0.0,0.0
2023-12-20,13.693,13.693,13.693,13.693,1200,16431.6,0.0,0.0,0.0,0.0,,0.06,0.0,0.0
2023-12-21,13.693,13.693,13.693,13.693,2,27.386,0.0,0.0,0.0,0.0,,0.06,0.0,0.0
2023-12-22,13.693,13.693,13.693,13.693,1500,20539.5,0.0,0.0,0.0,0.0,,0.06,0.0,0.0
2023-12-25,13.693,13.693,13.693,13.693,1102,15089.686,0.0,0.0,0.0,0.0,,0.06,0.0,0.0
2023-12-26,13.693,13.693,13.693,13.693,1000,13693.0,0.0,0.0,0.0,0.0,,0.06,0.0,0.0
2023-12-27,13.693,13.693,13.693,13.693,1010,13829.93,0.0,0.0,0.0,0.0,,0.06,0.0,0.0
2023-12-28,13.917,13.917,13.917,13.917,100,1391.7,0.0,0.0,0.0,0.0,,0.06,0.0,0.0
2023-12-29,13.805,13.805,13.805,13.805,1000,13805.0,0.0,0.0,0.0,0.0,,0.06,0.0,0.0
2024-01-02,13.693,13.693,13.693,13.693,500,6846.5,0.0,0.0,0.0,0.0,,0.06,0.0,0.0
2024-01-03,13.693,13.693,13.693,13.693,1000,13693.0,0.0,0.0,0.0,0.0,,0.06,0.0,0.0
2024-01-04,13.693,13.693,13.693,13.693,0,0.0,0.0,0.0,0.0,0.0,,0.06,0.0,0.0
2024-01-05,13.693,13.693,13.693,13.693,0,0.0,0.0,0.0,0.0,0.0,,0.06,0.0,0.0
2024-01-08,13.861,13.861,13.861,13.861,2000,27722.0,0.0,0.0,0.0,0.0,,0.06,0.0,0.0
2024-01-09,13.861,13.861,13.861,13.861,1600,22177.6,0.0,0.0,0.0,0.0,,0.06,0.0,0.0
2024-01-10,13.917,13.917,13.917,13.917,1800,25050.6,0.0,0.0,0.0,0.0,,0.06,0.0,0.0
2024-01-11,13.917,13.917,13.917,13.917,1000,13917.0,0.0,0.0,0.0,0.0,,0.06,0.0,0.0
2024-01-12,13.917,13.972,13.917,13.972,1500,20958.0,0.0,0.0,0.0,0.0,,0.06,0.0,0.0
2024-01-15,13.972,13.972,13.972,13.972,0,0.0,0.0,0.0,0.0,0.0,,0.06,0.0,0.0
2024-01-16,13.972,13.972,13.972,13.972,1000,13972.0,0.0,0.0,0.0,0.0,,0.06,0.0,0.0
2024-01-17,14.028,14.028,14.028,14.028,1000,14028.0,0.0,0.0,0.0,0.0,,0.06,0.0,0.0
2024-01-18,14.028,14.028,14.028,14.028,0,0.0,0.0,0.0,0.0,0.0,,0.06,0.0,0.0
2024-01-19,14.028,14.028,14.028,14.028,0,0.0,0.0,0.0,0.0,0.0,,0.06,0.0,0.0
2024-01-22,14.028,14.028,14.028,14.028,0,0.0,0.0,0.0,0.0,0.0,,0.06,0.0,0.0
2024-01-23,14.028,14.028,14.028,14.028,8000,112224.0,0.0,0.0,0.0,0.0,,0.06,0.0,0.0
2024-01-24,14.028,14.028,14.028,14.028,0,0.0,0.0,0.0,0.0,0.0,,0.06,0.0,0.0
2024-01-25,14.028,14.028,14.028,14.028,0,0.0,0.0,0.0,0.0,0.0,,0.06,0.0,0.0
2024-01-26,14.028,14.028,14.028,14.028,0,0.0,0.0,0.0,0.0,0.0,,0.06,0.0,0.0
2024-01-29,14.028,14.028,14.028,14.028,1,14.028,0.0,0.0,0.0,0.0,,0.06,0.0,0.0
2024-01-30,14.028,14.028,14.028,14.028,0,0.0,0.0,0.0,0.0,0.0,,0.06,0.0,0.0
2024-01-31,14.028,14.028,14.028,14.028,0,0.0,0.0,0.0,0.0,0.0,,0.06,0.0,0.0
2024-02-01,14.084,14.084,14.084,14.084,100,1408.4,0.0,0.0,0.0,0.0,,0.06,0.0,0.0
2024-02-02,14.084,14.084,14.084,14.084,0,0.0,0.0,0.0,0.0,0.0,,0.06,0.0,0.0
2024-02-05,14.084,14.14,14.084,14.14,1901,26880.14,0.0,0.0,0.0,0.0,,0.06,0.0,0.0
2024-02-06,14.084,14.084,14.084,14.084,0,0.0,0.0,0.0,0.0,0.0,,0.06,0.0,0.0
2024-02-07,14.084,14.084,14.084,14.084,500,7042.0,0.0,0.0,0.0,0.0,,0.06,0.0,0.0
2024-02-15,14.084,14.084,14.084,14.084,0,0.0,0.0,0.0,0.0,0.0,,0.06,0.0,0.0
2024-02-16,14.084,14.084,14.084,14.084,10,140.84,0.0,0.0,0.0,0.0,,0.06,0.0,0.0
2024-02-19,14.252,14.252,14.252,14.252,100,1425.2,0.0,0.0,0.0,0.0,,0.06,0.0,0.0
2024-02-20,14.252,14.252,14.252,14.252,0,0.0,0.0,0.0,0.0,0.0,,0.06,0.0,0.0
2024-02-21,14.252,14.252,14.252,14.252,0,0.0,0.0,0.0,0.0,0.0,,0.06,0.0,0.0
2024-02-22,14.531,14.531,14.531,14.531,100,1453.1,0.0,0.0,0.0,0.0,,0.06,0.0,0.0
2024-02-23,14.531,14.531,14.531,14.531,0,0.0,0.0,0.0,0.0,0.0,,0.06,0.0,0.0
2024-02-26,14.531,14.531,14.531,14.531,0,0.0,0.0,0.0,0.0,0.0,,0.06,0.0,0.0
2024-02-27,15.09,15.649,15.09,15.649,1600,25038.4,0.0,0.0,0.0,0.0,,0.06,0.0,0.0
2024-02-28,15.09,15.09,15.09,15.09,111,1674.99,0.0,0.0,0.0,0.0,,0.06,0.0,0.0
2024-02-29,15.09,15.09,15.09,15.09,0,0.0,0.0,0.0,0.0,0.0,,0.06,0.0,0.0
2024-03-01,15.09,15.09,15.09,15.09,0,0.0,0.0,0.0,0.0,0.0,,0.06,0.0,0.0
2024-03-04,15.09,15.09,15.09,15.09,0,0.0,0.0,0.0,0.0,0.0,,0.06,0.0,0.0
2024-03-05,15.09,15.09,15.09,15.09,11,165.99,0.0,0.0,0.0,0.0,,0.06,0.0,0.0
2024-03-06,15.09,15.09,15.09,15.09,0,0.0,0.0,0.0,0.0,0.0,,0.06,0.0,0.0
2024-03-07,15.09,15.09,15.09,15.09,0,0.0,0.0,0.0,0.0,0.0,,0.06,0.0,0.0
2024-03-08,15.09,15.09,15.09,15.09,0,0.0,0.0,0.0,0.0,0.0,,0.06,0.0,0.0
2024-03-11,15.09,15.09,15.09,15.09,0,0.0,0.0,0.0,0.0,0.0,,0.06,0.0,0.0
2024-03-12,15.929,15.929,15.929,15.929,200,3185.8,0.0,0.0,0.0,0.0,,0.06,0.0,0.0
2024-03-13,15.929,15.929,15.929,15.929,0,0.0,0.0,0.0,0.0,0.0,,0.06,0.0,0.0
2024-03-14,15.929,15.929,15.929,15.929,500,7964.5,0.0,0.0,0.0,0.0,,0.06,0.0,0.0
2024-03-15,16.208,16.208,16.208,16.208,23200,376025.6,0.0,0.0,0.0,0.0,,0.06,0.0,0.0
2024-03-18,16.208,16.208,16.208,16.208,10,162.07999999999998,0.0,0.0,0.0,0.0,,0.06,0.0,0.0
2024-03-19,16.208,16.208,16.208,16.208,0,0.0,0.0,0.0,0.0,0.0,,0.06,0.0,0.0
2024-03-20,16.208,16.208,16.208,16.208,0,0.0,0.0,0.0,0.0,0.0,,0.06,0.0,0.0
2024-03-21,16.208,16.208,16.208,16.208,0,0.0,0.0,0.0,0.0,0.0,,0.06,0.0,0.0
2024-03-22,16.208,16.208,16.208,16.208,40,648.3199999999999,0.0,0.0,0.0,0.0,,0.06,0.0,0.0
2024-03-25,16.208,16.208,16.208,16.208,400,6483.199999999999,0.0,0.0,0.0,0.0,,0.06,0.0,0.0
2024-03-26,16.208,16.208,16.208,16.208,0,0.0,0.0,0.0,0.0,0.0,,0.06,0.0,0.0
2024-03-27,16.208,16.208,16.208,16.208,0,0.0,0.0,0.0,0.0,0.0,,0.06,0.0,0.0
2024-03-28,16.264,16.264,16.264,16.264,100,1626.4,0.0,0.0,0.0,0.0,,0.06,0.0,0.0
2024-03-29,16.264,16.264,16.264,16.264,2040,33178.56,0.0,0.0,0.0,0.0,,0.06,0.0,0.0
2024-04-01,16.264,16.264,16.264,16.264,17,276.488,0.0,0.0,0.0,0.0,,0.06,0.0,0.0
2024-04-02,16.264,16.264,16.264,16.264,0,0.0,0.0,0.0,0.0,0.0,,0.06,0.0,0.0
2024-04-03,16.264,16.264,16.264,16.264,100,1626.4,0.0,0.0,0.0,0.0,,0.06,0.0,0.0
2024-04-04,16.264,16.264,16.264,16.264,0,0.0,0.0,0.0,0.0,0.0,,0.06,0.0,0.0
2024-04-05,16.264,16.264,16.264,16.264,0,0.0,0.0,0.0,0.0,0.0,,0.06,0.0,0.0
2024-04-08,16.264,16.264,16.264,16.264,0,0.0,0.0,0.0,0.0,0.0,,0.06,0.0,0.0
2024-04-09,16.208,16.208,16.208,16.208,2500,40519.99999999999,0.0,0.0,0.0,0.0,,0.06,0.0,0.0
2024-04-10,16.208,16.208,16.208,16.208,0,0.0,0.0,0.0,0.0,0.0,,0.06,0.0,0.0
2024-04-11,16.208,16.208,16.208,16.208,0,0.0,0.0,0.0,0.0,0.0,,0.06,0.0,0.0
2024-04-12,16.264,16.264,16.264,16.264,7200,117100.8,0.0,0.0,0.0,0.0,,0.06,0.0,0.0
2024-04-15,16.264,16.264,16.264,16.264,0,0.0,0.0,0.0,0.0,0.0,,0.06,0.0,0.0
2024-04-16,16.264,16.264,16.264,16.264,8,130.112,0.0,0.0,0.0,0.0,,0.06,0.0,0.0
2024-04-17,16.264,16.264,16.264,16.264,0,0.0,0.0,0.0,0.0,0.0,,0.06,0.0,0.0
2024-04-19,16.264,16.264,16.264,16.264,0,0.0,0.0,0.0,0.0,0.0,,0.06,0.0,0.0
2024-04-22,16.264,16.264,16.264,16.264,0,0.0,0.0,0.0,0.0,0.0,,0.06,0.0,0.0
2024-04-23,16.264,16.264,16.264,16.264,0,0.0,0.0,0.0,0.0,0.0,,0.06,0.0,0.0
2024-04-24,16.264,16.264,16.264,16.264,0,0.0,0.0,0.0,0.0,0.0,,0.06,0.0,0.0
2024-04-25,16.823,17.046,16.823,17.046,2000,34092.0,0.0,0.0,0.0,0.0,,0.06,0.0,0.0
2024-04-26,17.829,18.444,17.829,18.444,700,12910.8,0.0,0.0,0.0,0.0,,0.06,0.0,0.0
2024-05-02,18.052,18.052,18.052,18.052,0,0.0,0.0,0.0,0.0,0.0,,0.06,0.0,0.0
2024-05-03,18.052,18.052,18.052,18.052,0,0.0,0.0,0.0,0.0,0.0,,0.06,0.0,0.0
2024-05-06,19.003,19.561,19.003,19.45,2405,46777.25,0.0,0.0,0.0,0.0,,0.06,0.0,0.0
2024-05-07,19.561,19.561,19.282,19.282,500,9641.0,0.0,0.0,0.0,0.0,,0.06,0.0,0.0
2024-05-08,19.282,20.12,19.282,20.12,400,8048.0,0.0,0.0,0.0,0.0,,0.06,0.0,0.0
2024-05-09,19.506,19.506,18.35,19.275,1800,34695.0,0.0,0.0,0.0,0.0,,0.06,0.0,0.0
2024-05-10,19.121,19.121,19.121,19.121,0,0.0,0.0,0.0,0.0,0.0,,0.06,0.0,0.0
2024-05-13,19.121,19.121,19.121,19.121,0,0.0,0.0,0.0,0.0,0.0,,0.06,0.0,0.0
2024-05-14,19.121,19.121,19.121,19.121,0,0.0,0.0,0.0,0.0,0.0,,0.06,0.0,0.0
2024-05-15,19.121,19.121,19.121,19.121,0,0.0,0.0,0.0,0.0,0.0,,0.06,0.0,0.0
2024-05-16,19.121,19.121,19.121,19.121,0,0.0,0.0,0.0,0.0,0.0,,0.06,0.0,0.0
2024-05-17,19.121,19.121,19.121,19.121,500,9560.5,0.0,0.0,0.0,0.0,,0.06,0.0,0.0
2024-05-20,17.348,18.504,17.348,18.504,2000,37008.0,0.0,0.0,0.0,0.0,,0.06,0.0,0.0
2024-05-21,17.964,17.964,17.964,17.964,0,0.0,0.0,0.0,0.0,0.0,,0.06,0.0,0.0
2024-05-22,18.89,18.89,18.89,18.89,534,10087.26,0.0,0.0,0.0,0.0,,0.06,0.0,0.0
2024-05-23,18.89,18.89,18.89,18.89,0,0.0,0.0,0.0,0.0,0.0,,0.06,0.0,0.0
2024-05-24,18.89,18.89,18.89,18.89,0,0.0,0.0,0.0,0.0,0.0,,0.06,0.0,0.0
2024-05-27,17.502,18.041,17.502,18.041,6500,117266.5,0.0,0.0,0.0,0.0,,0.06,0.0,0.0
2024-05-28,19.275,19.275,19.275,19.275,200,3855.0,0.0,0.0,0.0,0.0,,0.06,0.0,0.0
2024-05-29,19.275,19.275,19.275,19.275,200,3855.0,0.0,0.0,0.0,0.0,,0.06,0.0,0.0
2024-05-30,17.887,18.504,17.733,18.504,6000,111024.0,0.0,0.0,0.0,0.0,,0.06,0.0,0.0
2024-05-31,18.119,18.119,18.119,18.119,0,0.0,0.0,0.0,0.0,0.0,,0.06,0.0,0.0
2024-06-03,18.119,18.119,18.119,18.119,0,0.0,0.0,0.0,0.0,0.0,,0.06,0.0,0.0
2024-06-04,18.119,18.119,18.119,18.119,0,0.0,0.0,0.0,0.0,0.0,,0.06,0.0,0.0
2024-06-05,18.119,18.119,18.119,18.119,0,0.0,0.0,0.0,0.0,0.0,,0.06,0.0,0.0
2024-06-06,18.119,18.119,18.119,18.119,0,0.0,0.0,0.0,0.0,0.0,,0.06,0.0,0.0
2024-06-07,18.119,18.119,18.119,18.119,0,0.0,0.0,0.0,0.0,0.0,,0.06,0.0,0.0
2024-06-10,18.119,18.119,18.119,18.119,0,0.0,0.0,0.0,0.0,0.0,,0.06,0.0,0.0
2024-06-11,18.119,18.119,18.119,18.119,0,0.0,0.0,0.0,0.0,0.0,,0.06,0.0,0.0
2024-06-12,18.119,18.119,18.119,18.119,23,416.737,0.0,0.0,0.0,0.0,,0.06,0.0,0.0
2024-06-13,18.427,18.427,18.273,18.273,3100,56646.3,0.0,0.0,0.0,0.0,,0.06,0.0,0.0
2024-06-14,18.273,18.273,18.273,18.273,0,0.0,0.0,0.0,0.0,0.0,,0.06,0.0,0.0
2024-06-17,18.273,18.273,18.273,18.273,0,0.0,0.0,0.0,0.0,0.0,,0.06,0.0,0.0
2024-06-18,18.273,18.273,18.273,18.273,0,0.0,0.0,0.0,0.0,0.0,,0.06,0.0,0.0
2024-06-19,18.273,18.273,18.273,18.273,5,91.365,0.0,0.0,0.0,0.0,,0.06,0.0,0.0
2024-06-20,19.275,19.275,19.275,19.275,100,1927.5,0.0,0.0,0.0,0.0,,0.06,0.0,0.0
2024-06-21,18.427,18.427,18.427,18.427,153,2819.331,0.0,0.0,0.0,0.0,,0.06,0.0,0.0
2024-06-24,18.427,18.427,18.427,18.427,0,0.0,0.0,0.0,0.0,0.0,,0.06,0.0,0.0
2024-06-25,19.275,19.275,19.275,19.275,100,1927.5,0.0,0.0,0.0,0.0,,0.06,0.0,0.0
2024-06-26,19.275,19.275,19.275,19.275,0,0.0,0.0,0.0,0.0,0.0,,0.06,0.0,0.0
2024-06-27,19.275,19.275,19.275,19.275,27,520.425,0.0,0.0,0.0,0.0,,0.06,0.0,0.0
2024-06-28,19.275,19.275,19.275,19.275,0,0.0,0.0,0.0,0.0,0.0,,0.06,0.0,0.0
2024-07-01,19.275,19.275,19.275,19.275,29,558.9749999999999,0.0,0.0,0.0,0.0,,0.06,0.0,0.0
2024-07-02,16.962,16.962,16.962,16.962,100,1696.2,0.0,0.0,0.0,0.0,,0.06,0.0,0.0
2024-07-03,16.962,16.962,16.962,16.962,0,0.0,0.0,0.0,0.0,0.0,,0.06,0.0,0.0
2024-07-04,16.962,16.962,16.962,16.962,0,0.0,0.0,0.0,0.0,0.0,,0.06,0.0,0.0
2024-07-05,16.962,16.962,16.962,16.962,0,0.0,0.0,0.0,0.0,0.0,,0.06,0.0,0.0
2024-07-08,16.962,16.962,16.962,16.962,0,0.0,0.0,0.0,0.0,0.0,,0.06,0.0,0.0
2024-07-09,16.962,16.962,16.962,16.962,0,0.0,0.0,0.0,0.0,0.0,,0.06,0.0,0.0
2024-07-10,19.275,19.275,19.275,19.275,300,5782.5,0.0,0.0,0.0,0.0,,0.06,0.0,0.0
2024-07-11,19.275,19.275,19.275,19.275,1,19.275,0.0,0.0,0.0,0.0,,0.06,0.0,0.0
2024-07-12,19.275,19.275,19.275,19.275,0,0.0,0.0,0.0,0.0,0.0,,0.06,0.0,0.0
2024-07-15,19.275,19.275,19.275,19.275,737,14205.675,0.0,0.0,0.0,0.0,,0.06,0.0,0.0
2024-07-16,19.275,19.275,19.275,19.275,500,9637.5,0.0,0.0,0.0,0.0,,0.06,0.0,0.0
2024-07-17,19.275,19.275,19.275,19.275,0,0.0,0.0,0.0,0.0,0.0,,0.06,0.0,0.0
2024-07-18,19.275,19.275,19.275,19.275,1,19.275,0.0,0.0,0.0,0.0,,0.06,0.0,0.0
2024-07-19,19.275,19.275,19.275,19.275,0,0.0,0.0,0.0,0.0,0.0,,0.06,0.0,0.0
2024-07-22,19.275,19.275,19.275,19.275,900,17347.5,0.0,0.0,0.0,0.0,,0.06,0.0,0.0
2024-07-23,18.735,18.735,18.735,18.735,103,1929.705,0.0,0.0,0.0,0.0,,0.06,0.0,0.0
2024-07-24,18.735,18.735,18.735,18.735,3,56.205,0.0,0.0,0.0,0.0,,0.06,0.0,0.0
2024-07-25,18.735,18.735,18.735,18.735,0,0.0,0.0,0.0,0.0,0.0,,0.06,0.0,0.0
2024-07-26,18.735,18.735,18.735,18.735,0,0.0,0.0,0.0,0.0,0.0,,0.06,0.0,0.0
2024-07-29,18.735,18.735,18.735,18.735,0,0.0,0.0,0.0,0.0,0.0,,0.06,0.0,0.0
2024-07-30,18.735,18.735,18.735,18.735,0,0.0,0.0,0.0,0.0,0.0,,0.06,0.0,0.0
2024-07-31,18.735,18.735,18.735,18.735,0,0.0,0.0,0.0,0.0,0.0,,0.06,0.0,0.0
2024-08-01,18.735,18.735,18.735,18.735,7,131.14499999999998,0.0,0.0,0.0,0.0,,0.06,0.0,0.0
2024-08-02,18.735,18.735,18.735,18.735,572,10716.42,0.0,0.0,0.0,0.0,,0.06,0.0,0.0
2024-08-05,18.735,18.735,18.735,18.735,0,0.0,0.0,0.0,0.0,0.0,,0.06,0.0,0.0
2024-08-06,18.735,18.735,18.735,18.735,0,0.0,0.0,0.0,0.0,0.0,,0.06,0.0,0.0
2024-08-07,18.735,18.735,18.735,18.735,94,1761.09,0.0,0.0,0.0,0.0,,0.06,0.0,0.0
2024-08-08,19.275,19.275,19.275,19.275,100,1927.5,0.0,0.0,0.0,0.0,,0.06,0.0,0.0
2024-08-09,19.275,19.275,19.275,19.275,400,7709.999999999999,0.0,0.0,0.0,0.0,,0.06,0.0,0.0
2024-08-12,19.275,19.275,19.275,19.275,0,0.0,0.0,0.0,0.0,0.0,,0.06,0.0,0.0
2024-08-13,19.275,19.275,19.275,19.275,0,0.0,0.0,0.0,0.0,0.0,,0.06,0.0,0.0
2024-08-14,19.275,19.275,19.275,19.275,43,828.8249999999999,0.0,0.0,0.0,0.0,,0.06,0.0,0.0
2024-08-15,16.422,18.735,16.422,18.735,200,3747.0,0.0,0.0,0.0,0.0,,0.06,0.0,0.0
2024-08-16,19.275,19.661,19.275,19.661,1200,23593.2,0.0,0.0,0.0,0.0,,0.06,0.0,0.0
2024-08-19,19.352,19.352,19.352,19.352,0,0.0,0.0,0.0,0.0,0.0,,0.06,0.0,0.0
2024-08-20,19.352,19.352,19.352,19.352,7,135.464,0.0,0.0,0.0,0.0,,0.06,0.0,0.0
2024-08-21,19.506,19.506,19.506,19.506,1200,23407.2,0.0,0.0,0.0,0.0,,0.06,0.0,0.0
2024-08-22,19.506,19.506,19.506,19.506,0,0.0,0.0,0.0,0.0,0.0,,0.06,0.0,0.0
2024-08-23,19.506,19.506,19.506,19.506,0,0.0,0.0,0.0,0.0,0.0,,0.06,0.0,0.0
2024-08-26,17.733,17.733,17.733,17.733,100,1773.3,0.0,0.0,0.0,0.0,,0.06,0.0,0.0
2024-08-27,19.275,19.275,19.275,19.275,100,1927.5,0.0,0.0,0.0,0.0,,0.06,0.0,0.0
2024-08-28,19.506,19.661,19.506,19.661,3100,60949.100000000006,0.0,0.0,0.0,0.0,,0.06,0.0,0.0
2024-08-29,19.661,19.661,19.661,19.661,0,0.0,0.0,0.0,0.0,0.0,,0.06,0.0,0.0
2024-08-30,19.661,19.661,19.661,19.661,2000,39322.0,0.0,0.0,0.0,0.0,,0.06,0.0,0.0
2024-09-04,19.661,19.661,19.661,19.661,44,865.0840000000001,0.0,0.0,0.0,0.0,,0.06,0.0,0.0
2024-09-05,19.661,19.738,19.661,19.738,300,5921.4,0.0,0.0,0.0,0.0,,0.06,0.0,0.0
2024-09-06,19.738,19.738,19.738,19.738,600,11842.8,0.0,0.0,0.0,0.0,,0.06,0.0,0.0
2024-09-09,19.738,19.738,19.738,19.738,0,0.0,0.0,0.0,0.0,0.0,,0.06,0.0,0.0
2024-09-10,19.738,19.738,19.738,19.738,0,0.0,0.0,0.0,0.0,0.0,,0.06,0.0,0.0
2024-09-11,19.738,19.738,19.738,19.738,0,0.0,0.0,0.0,0.0,0.0,,0.06,0.0,0.0
2024-09-12,20.046,20.046,20.046,20.046,400,8018.4,0.0,0.0,0.0,0.0,,0.06,0.0,0.0
2024-09-13,20.046,20.046,20.046,20.046,0,0.0,0.0,0.0,0.0,0.0,,0.06,0.0,0.0
2024-09-16,20.046,20.046,20.046,20.046,0,0.0,0.0,0.0,0.0,0.0,,0.06,0.0,0.0
2024-09-17,20.046,20.046,20.046,20.046,2000,40092.0,0.0,0.0,0.0,0.0,,0.06,0.0,0.0
2024-09-18,20.046,20.046,20.046,20.046,5100,102234.6,0.0,0.0,0.0,0.0,,0.06,0.0,0.0
2024-09-19,20.046,20.432,20.046,20.432,3603,73616.496,0.0,0.0,0.0,0.0,,0.06,0.0,0.0
2024-09-20,20.046,20.2,20.046,20.2,3000,60600.0,0.0,0.0,0.0,0.0,,0.06,0.0,0.0
2024-09-23,20.123,20.123,20.123,20.123,0,0.0,0.0,0.0,0.0,0.0,,0.06,0.0,0.0
2024-09-24,20.123,20.123,20.123,20.123,0,0.0,0.0,0.0,0.0,0.0,,0.06,0.0,0.0
2024-09-25,20.123,20.123,20.123,20.123,200,4024.6,0.0,0.0,0.0,0.0,,0.06,0.0,0.0
2024-09-26,20.432,20.432,20.432,20.432,1400,28604.8,0.0,0.0,0.0,0.0,,0.06,0.0,0.0
2024-09-27,20.432,20.432,20.432,20.432,200,4086.4,0.0,0.0,0.0,0.0,,0.06,0.0,0.0
2024-09-30,20.432,20.432,20.432,20.432,1,20.432,0.0,0.0,0.0,0.0,,0.06,0.0,0.0
2024-10-01,20.432,20.432,20.432,20.432,2,40.864,0.0,0.0,0.0,0.0,,0.06,0.0,0.0
2024-10-02,20.432,20.509,20.432,20.509,2599,53302.891,0.0,0.0,0.0,0.0,,0.06,0.0,0.0
2024-10-03,20.509,20.509,20.509,20.509,0,0.0,0.0,0.0,0.0,0.0,,0.06,0.0,0.0
2024-10-04,20.509,20.509,20.509,20.509,100,2050.9,0.0,0.0,0.0,0.0,,0.06,0.0,0.0
2024-10-07,20.586,20.586,20.509,20.509,1001,20529.509,0.0,0.0,0.0,0.0,,0.06,0.0,0.0
2024-10-08,20.509,20.509,20.509,20.509,2000,41018.0,0.0,0.0,0.0,0.0,,0.06,0.0,0.0
2024-10-09,20.509,20.509,20.509,20.509,3,61.527,0.0,0.0,0.0,0.0,,0.06,0.0,0.0
2024-10-10,20.509,20.509,20.509,20.509,10,205.09,0.0,0.0,0.0,0.0,,0.06,0.0,0.0
2024-10-11,20.509,20.509,20.509,20.509,0,0.0,0.0,0.0,0.0,0.0,,0.06,0.0,0.0
2024-10-14,20.509,20.509,20.509,20.509,100,2050.9,0.0,0.0,0.0,0.0,,0.06,0.0,0.0
2024-10-15,20.509,20.509,20.509,20.509,0,0.0,0.0,0.0,0.0,0.0,,0.06,0.0,0.0
2024-10-16,17.81,20.509,17.81,20.509,8617,176726.053,0.0,0.0,0.0,0.0,,0.06,0.0,0.0
2024-10-17,18.504,18.504,18.504,18.504,500,9252.0,0.0,0.0,0.0,0.0,,0.06,0.0,0.0
2024-10-18,20.046,20.046,20.046,20.046,100,2004.6,0.0,0.0,0.0,0.0,,0.06,0.0,0.0
2024-10-21,20.509,20.509,20.509,20.509,105,2153.445,0.0,0.0,0.0,0.0,,0.06,0.0,0.0
2024-10-22,20.509,20.509,20.509,20.509,1500,30763.5,0.0,0.0,0.0,0.0,,0.06,0.0,0.0
2024-10-23,20.509,20.509,20.509,20.509,0,0.0,0.0,0.0,0.0,0.0,,0.06,0.0,0.0
2024-10-24,20.509,20.509,20.509,20.509,0,0.0,0.0,0.0,0.0,0.0,,0.06,0.0,0.0
2024-10-25,20.509,20.509,20.509,20.509,0,0.0,0.0,0.0,0.0,0.0,,0.06,0.0,0.0
2024-10-28,20.509,20.509,20.509,20.509,100,2050.9,0.0,0.0,0.0,0.0,,0.06,0.0,0.0
2024-10-29,20.817,20.817,20.817,20.817,500,10408.5,0.0,0.0,0.0,0.0,,0.06,0.0,0.0
2024-10-30,20.817,20.817,20.817,20.817,1100,22898.7,0.0,0.0,0.0,0.0,,0.06,0.0,0.0
2024-10-31,20.817,20.817,20.817,20.817,0,0.0,0.0,0.0,0.0,0.0,,0.06,0.0,0.0
2024-11-01,20.817,20.817,20.817,20.817,500,10408.5,0.0,0.0,0.0,0.0,,0.06,0.0,0.0
2024-11-04,20.817,20.817,20.817,20.817,0,0.0,0.0,0.0,0.0,0.0,,0.06,0.0,0.0
2024-11-05,20.817,20.817,20.817,20.817,0,0.0,0.0,0.0,0.0,0.0,,0.06,0.0,0.0
2024-11-06,20.817,20.817,20.817,20.817,0,0.0,0.0,0.0,0.0,0.0,,0.06,0.0,0.0
2024-11-07,20.046,20.046,20.046,20.046,1000,20046.0,0.0,0.0,0.0,0.0,,0.06,0.0,0.0
2024-11-08,20.817,20.817,20.509,20.509,5900,121003.1,0.0,0.0,0.0,0.0,,0.06,0.0,0.0
2024-11-11,20.663,20.663,20.663,20.663,0,0.0,0.0,0.0,0.0,0.0,,0.06,0.0,0.0
2024-11-12,21.203,21.203,21.203,21.203,100,2120.3,0.0,0.0,0.0,0.0,,0.06,0.0,0.0
2024-11-13,21.203,21.203,21.203,21.203,0,0.0,0.0,0.0,0.0,0.0,,0.06,0.0,0.0
2024-11-14,21.203,21.203,20.817,20.817,1600,33307.2,0.0,0.0,0.0,0.0,,0.06,0.0,0.0
2024-11-15,20.817,20.817,20.817,20.817,400,8326.8,0.0,0.0,0.0,0.0,,0.06,0.0,0.0
2024-11-18,20.894,20.894,20.432,20.432,1100,22475.2,0.0,0.0,0.0,0.0,,0.06,0.0,0.0
2024-11-19,20.509,20.509,20.509,20.509,0,0.0,0.0,0.0,0.0,0.0,,0.06,0.0,0.0
2024-11-20,20.509,20.509,20.509,20.509,0,0.0,0.0,0.0,0.0,0.0,,0.06,0.0,0.0
2024-11-21,20.509,20.817,20.509,20.817,1500,31225.5,0.0,0.0,0.0,0.0,,0.06,0.0,0.0
2024-11-22,20.586,20.586,20.586,20.586,0,0.0,0.0,0.0,0.0,0.0,,0.06,0.0,0.0
2024-11-25,20.509,20.817,20.509,20.817,2500,52042.5,0.0,0.0,0.0,0.0,,0.06,0.0,0.0
2024-11-26,20.586,20.586,20.586,20.586,1600,32937.6,0.0,0.0,0.0,0.0,,0.06,0.0,0.0
2024-11-27,20.586,20.586,20.586,20.586,0,0.0,0.0,0.0,0.0,0.0,,0.06,0.0,0.0
2024-11-28,20.586,20.817,20.586,20.817,1422,29601.774,0.0,0.0,0.0,0.0,,0.06,0.0,0.0
2024-11-29,20.586,20.586,20.586,20.586,1000,20586.0,0.0,0.0,0.0,0.0,,0.06,0.0,0.0
2024-12-02,20.586,20.894,20.586,20.894,3100,64771.4,0.0,0.0,0.0,0.0,,0.06,0.0,0.0
2024-12-03,20.971,21.742,20.817,21.742,1700,36961.4,0.0,0.0,0.0,0.0,,0.06,0.0,0.0
2024-12-04,21.588,24.287,21.588,24.287,3526,85635.962,0.0,0.0,0.0,0.0,,0.06,0.0,0.0
2024-12-05,23.747,23.747,23.747,23.747,0,0.0,0.0,0.0,0.0,0.0,,0.06,0.0,0.0
2024-12-06,23.747,23.747,23.747,23.747,0,0.0,0.0,0.0,0.0,0.0,,0.06,0.0,0.0
2024-12-09,22.359,22.359,21.203,21.588,2200,47493.6,0.0,0.0,0.0,0.0,,0.06,0.0,0.0
2024-12-10,21.434,21.588,21.434,21.588,4000,86352.0,0.0,0.0,0.0,0.0,,0.06,0.0,0.0
2024-12-11,21.511,21.896,21.434,21.588,2220,47925.36,0.0,0.0,0.0,0.0,,0.06,0.0,0.0
2024-12-12,21.588,21.665,21.588,21.665,600,12999.0,0.0,0.0,0.0,0.0,,0.06,0.0,0.0
2024-12-13,21.588,21.974,21.588,21.974,700,15381.8,0.0,0.0,0.0,0.0,,0.06,0.0,0.0
2024-12-16,24.903,24.903,21.434,21.434,2800,60015.2,0.0,0.0,0.0,0.0,,0.06,0.0,0.0
2024-12-17,24.672,24.672,23.13,23.13,1200,27756.0,0.0,0.0,0.0,0.0,,0.06,0.0,0.0
2024-12-18,22.359,22.359,20.817,21.203,3500,74210.5,0.0,0.0,0.0,0.0,,0.06,0.0,0.0
2024-12-19,21.588,21.974,21.588,21.974,200,4394.8,0.0,0.0,0.0,0.0,,0.06,0.0,0.0
2024-12-20,21.974,21.974,21.588,21.588,500,10794.0,0.0,0.0,0.0,0.0,,0.06,0.0,0.0
2024-12-23,20.432,21.974,20.432,21.974,10337,227145.238,0.0,0.0,0.0,0.0,,0.06,0.0,0.0
2024-12-24,21.588,22.359,21.588,22.359,1200,26830.800000000003,0.0,0.0,0.0,0.0,,0.06,0.0,0.0
2024-12-25,21.974,21.974,21.974,21.974,5000,109870.0,0.0,0.0,0.0,0.0,,0.06,0.0,0.0
2024-12-26,21.974,21.974,21.588,21.588,3117,67289.796,0.0,0.0,0.0,0.0,,0.06,0.0,0.0
2024-12-27,21.665,21.665,21.665,21.665,0,0.0,0.0,0.0,0.0,0.0,,0.06,0.0,0.0
2024-12-30,21.665,21.665,21.665,21.665,0,0.0,0.0,0.0,0.0,0.0,,0.06,0.0,0.0
2024-12-31,21.665,21.665,21.665,21.665,200,4333.0,0.0,0.0,0.0,0.0,,0.06,0.0,0.0
2025-01-02,21.203,21.203,21.048,21.048,2000,42096.0,0.0,0.0,0.0,0.0,,0.06,0.0,0.0
2025-01-03,21.203,21.742,21.203,21.742,4600,100013.2,0.0,0.0,0.0,0.0,,0.06,0.0,0.0
2025-01-06,21.434,21.434,21.434,21.434,10,214.34,0.0,0.0,0.0,0.0,,0.06,0.0,0.0
2025-01-07,21.434,21.742,21.434,21.742,3400,73922.8,0.0,0.0,0.0,0.0,,0.06,0.0,0.0
2025-01-08,21.974,23.901,21.974,23.901,1000,23901.0,0.0,0.0,0.0,0.0,,0.06,0.0,0.0
2025-01-09,24.672,24.672,24.672,24.672,100,2467.2000000000003,0.0,0.0,0.0,0.0,,0.06,0.0,0.0
2025-01-10,26.985,26.985,21.742,21.742,400,8696.800000000001,0.0,0.0,0.0,0.0,,0.06,0.0,0.0
2025-01-13,22.745,22.745,21.665,21.665,200,4333.0,0.0,0.0,0.0,0.0,,0.06,0.0,0.0
2025-01-14,22.205,22.205,22.205,22.205,0,0.0,0.0,0.0,0.0,0.0,,0.06,0.0,0.0
2025-01-15,21.974,21.974,21.742,21.974,2000,43948.0,0.0,0.0,0.0,0.0,,0.06,0.0,0.0
2025-01-16,21.896,21.896,21.588,21.588,500,10794.0,0.0,0.0,0.0,0.0,,0.06,0.0,0.0
2025-01-17,24.672,24.672,24.672,24.672,200,4934.400000000001,0.0,0.0,0.0,0.0,,0.06,0.0,0.0
2025-01-20,24.98,25.597,21.974,21.974,6500,142831.0,0.0,0.0,0.0,0.0,,0.06,0.0,0.0
2025-01-21,22.359,22.359,21.974,21.974,1000,21974.0,0.0,0.0,0.0,0.0,,0.06,0.0,0.0
2025-01-22,22.359,22.359,22.359,22.359,200,4471.8,0.0,0.0,0.0,0.0,,0.06,0.0,0.0
2025-01-23,24.672,24.672,24.672,24.672,100,2467.2000000000003,0.0,0.0,0.0,0.0,,0.06,0.0,0.0
2025-01-24,24.595,24.672,24.595,24.672,331,8166.432,0.0,0.0,0.0,0.0,,0.06,0.0,0.0
2025-02-03,24.672,24.672,24.672,24.672,405,9992.16,0.0,0.0,0.0,0.0,,0.06,0.0,0.0
2025-02-04,24.672,24.672,24.672,24.672,300,7401.6,0.0,0.0,0.0,0.0,,0.06,0.0,0.0
2025-02-05,24.672,24.672,24.672,24.672,0,0.0,0.0,0.0,0.0,0.0,,0.06,0.0,0.0
2025-02-06,24.672,24.672,24.672,24.672,0,0.0,0.0,0.0,0.0,0.0,,0.06,0.0,0.0
2025-02-07,24.672,24.672,24.672,24.672,0,0.0,0.0,0.0,0.0,0.0,,0.06,0.0,0.0
2025-02-10,24.055,24.672,24.055,24.672,4600,113491.2,0.0,0.0,0.0,0.0,,0.06,0.0,0.0
2025-02-11,24.672,25.058,24.672,25.058,6600,165382.8,0.0,0.0,0.0,0.0,,0.06,0.0,0.0
2025-02-12,25.058,25.058,25.058,25.058,100,2505.8,0.0,0.0,0.0,0.0,,0.06,0.0,0.0
2025-02-13,24.98,25.058,24.98,25.058,700,17540.6,0.0,0.0,0.0,0.0,,0.06,0.0,0.0
2025-02-14,25.443,25.443,25.443,25.443,700,17810.100000000002,0.0,0.0,0.0,0.0,,0.06,0.0,0.0
2025-02-17,25.443,25.443,25.443,25.443,0,0.0,0.0,0.0,0.0,0.0,,0.06,0.0,0.0
2025-02-18,25.443,25.443,25.058,25.443,700,17810.100000000002,0.0,0.0,0.0,0.0,,0.06,0.0,0.0
2025-02-19,25.135,25.135,25.135,25.135,0,0.0,0.0,0.0,0.0,0.0,,0.06,0.0,0.0
2025-02-20,25.52,25.52,22.59,22.59,1105,24961.95,0.0,0.0,0.0,0.0,,0.06,0.0,0.0
2025-02-21,25.443,25.443,25.443,25.443,100,2544.3,0.0,0.0,0.0,0.0,,0.06,0.0,0.0
2025-02-24,25.829,25.829,25.443,25.443,400,10177.2,0.0,0.0,0.0,0.0,,0.06,0.0,0.0
2025-02-25,26.137,26.137,26.137,26.137,3100,81024.7,0.0,0.0,0.0,0.0,,0.06,0.0,0.0
2025-02-26,26.985,27.371,26.985,26.985,300,8095.5,0.0,0.0,0.0,0.0,,0.06,0.0,0.0
2025-02-27,25.443,25.443,25.443,25.443,150,3816.45,0.0,0.0,0.0,0.0,,0.06,0.0,0.0
2025-02-28,25.443,25.443,25.443,25.443,2,50.886,0.0,0.0,0.0,0.0,,0.06,0.0,0.0
2025-03-03,27.756,27.756,27.756,27.756,109,3025.404,0.0,0.0,0.0,0.0,,0.06,0.0,0.0
2025-03-04,26.985,26.985,26.985,26.985,501,13519.485,0.0,0.0,0.0,0.0,,0.06,0.0,0.0
2025-03-05,26.985,26.985,26.985,26.985,0,0.0,0.0,0.0,0.0,0.0,,0.06,0.0,0.0
2025-03-06,26.985,26.985,26.985,26.985,0,0.0,0.0,0.0,0.0,0.0,,0.06,0.0,0.0
2025-03-07,26.985,26.985,26.985,26.985,0,0.0,0.0,0.0,0.0,0.0,,0.06,0.0,0.0
2025-03-10,27.756,27.756,27.756,27.756,1900,52736.4,0.0,0.0,0.0,0.0,,0.06,0.0,0.0
2025-03-11,28.527,28.527,28.527,28.527,205,5848.035,0.0,0.0,0.0,0.0,,0.06,0.0,0.0
2025-03-12,29.144,29.298,29.144,29.298,200,5859.599999999999,0.0,0.0,0.0,0.0,,0.06,0.0,0.0
2025-03-13,29.298,29.375,29.298,29.298,605,17725.289999999997,0.0,0.0,0.0,0.0,,0.06,0.0,0.0
2025-03-14,30.069,30.069,29.684,29.684,200,5936.8,0.0,0.0,0.0,0.0,,0.06,0.0,0.0
2025-03-17,27.756,27.756,27.756,27.756,400,11102.4,0.0,0.0,0.0,0.0,,0.06,0.0,0.0
2025-03-18,27.756,28.142,27.756,27.756,2545,70639.02,0.0,0.0,0.0,0.0,,0.06,0.0,0.0
2025-03-19,27.833,27.833,27.833,27.833,1000,27833.0,0.0,0.0,0.0,0.0,,0.06,0.0,0.0
2025-03-20,27.833,27.833,27.833,27.833,0,0.0,0.0,0.0,0.0,0.0,,0.06,0.0,0.0
2025-03-21,27.91,27.91,25.443,25.443,1100,27987.300000000003,0.0,0.0,0.0,0.0,,0.06,0.0,0.0
2025-03-24,26.985,26.985,26.291,26.291,600,15774.6,0.0,0.0,0.0,0.0,,0.06,0.0,0.0
2025-03-25,26.6,26.6,26.6,26.6,0,0.0,0.0,0.0,0.0,0.0,,0.06,0.0,0.0
2025-03-26,26.6,26.6,26.6,26.6,0,0.0,0.0,0.0,0.0,0.0,,0.06,0.0,0.0
2025-03-27,26.6,26.6,26.6,26.6,0,0.0,0.0,0.0,0.0,0.0,,0.06,0.0,0.0
2025-03-28,26.985,26.985,26.985,26.985,119,3211.215,0.0,0.0,0.0,0.0,,0.06,0.0,0.0
2025-03-31,26.985,26.985,26.985,26.985,300,8095.5,0.0,0.0,0.0,0.0,,0.06,0.0,0.0
2025-04-01,26.985,26.985,26.985,26.985,1300,35080.5,0.0,0.0,0.0,0.0,,0.06,0.0,0.0
2025-04-02,26.985,27.756,26.985,27.756,1300,36082.8,0.0,0.0,0.0,0.0,,0.06,0.0,0.0
2025-04-03,26.214,26.214,26.214,26.214,1600,41942.4,0.0,0.0,0.0,0.0,,0.06,0.0,0.0
2025-04-04,26.985,26.985,26.985,26.985,300,8095.5,0.0,0.0,0.0,0.0,,0.06,0.0,0.0
2025-04-08,27.371,27.371,26.985,26.985,1700,45874.5,0.0,0.0,0.0,0.0,,0.06,0.0,0.0
2025-04-09,27.139,27.139,27.139,27.139,0,0.0,0.0,0.0,0.0,0.0,,0.06,0.0,0.0
2025-04-10,27.756,27.756,27.756,27.756,1800,49960.8,0.0,0.0,0.0,0.0,,0.06,0.0,0.0
2025-04-11,27.756,27.756,27.756,27.756,600,16653.6,0.0,0.0,0.0,0.0,,0.06,0.0,0.0
2025-04-14,28.064,28.064,27.756,27.756,800,22204.8,0.0,0.0,0.0,0.0,,0.06,0.0,0.0
2025-04-15,27.756,27.756,27.756,27.756,1000,27756.0,0.0,0.0,0.0,0.0,,0.06,0.0,0.0
2025-04-16,27.756,27.756,27.756,27.756,300,8326.8,0.0,0.0,0.0,0.0,,0.06,0.0,0.0
2025-04-17,27.756,27.756,27.756,27.756,700,19429.2,0.0,0.0,0.0,0.0,,0.06,0.0,0.0
2025-04-18,27.756,27.756,27.756,27.756,500,13878.0,0.0,0.0,0.0,0.0,,0.06,0.0,0.0
2025-04-21,27.756,27.756,27.756,27.756,0,0.0,0.0,0.0,0.0,0.0,,0.06,0.0,0.0
2025-04-22,27.756,27.756,27.756,27.756,300,8326.8,0.0,0.0,0.0,0.0,,0.06,0.0,0.0
2025-04-23,27.756,27.756,27.756,27.756,0,0.0,0.0,0.0,0.0,0.0,,0.06,0.0,0.0
2025-04-24,27.756,27.756,27.756,27.756,0,0.0,0.0,0.0,0.0,0.0,,0.06,0.0,0.0
2025-04-25,27.756,27.756,27.756,27.756,0,0.0,0.0,0.0,0.0,0.0,,0.06,0.0,0.0
2025-04-28,27.756,27.756,27.756,27.756,0,0.0,0.0,0.0,0.0,0.0,,0.06,0.0,0.0
2025-04-29,27.756,27.756,27.756,27.756,0,0.0,0.0,0.0,0.0,0.0,,0.06,0.0,0.0
2025-05-05,27.756,27.756,27.756,27.756,0,0.0,0.0,0.0,0.0,0.0,,0.06,0.0,0.0
2025-05-06,27.756,27.756,27.756,27.756,0,0.0,0.0,0.0,0.0,0.0,,0.06,0.0,0.0
2025-05-07,27.756,27.756,27.756,27.756,0,0.0,0.0,0.0,0.0,0.0,,0.06,0.0,0.0
2025-05-08,27.756,27.756,27.756,27.756,0,0.0,0.0,0.0,0.0,0.0,,0.06,0.0,0.0
2025-05-09,27.756,27.756,27.756,27.756,0,0.0,0.0,0.0,0.0,0.0,,0.06,0.0,0.0
2025-05-12,31.919,31.919,30.069,30.069,1601,48140.469,0.0,0.0,0.0,0.0,,0.06,0.0,0.0
2025-05-13,30.3,30.3,30.3,30.3,0,0.0,0.0,0.0,0.0,0.0,,0.06,0.0,0.0
2025-05-14,30.5,30.5,30.5,30.5,300,9150.0,0.0,0.0,0.0,0.0,,0.06,0.0,0.0
2025-05-15,30.5,30.5,30.5,30.5,0,0.0,0.0,0.0,0.0,0.0,,0.06,0.0,0.0
2025-05-16,30.5,30.5,30.5,30.5,0,0.0,0.0,0.0,0.0,0.0,,0.06,0.0,0.0
2025-05-19,29.5,29.5,29.5,29.5,800,23600.0,0.0,0.0,0.0,0.0,,0.06,0.0,0.0
2025-05-20,30.0,30.0,30.0,30.0,301,9030.0,0.0,0.0,0.0,0.0,,0.06,0.0,0.0
2025-05-21,30.0,30.0,30.0,30.0,0,0.0,0.0,0.0,0.0,0.0,,0.06,0.0,0.0
2025-05-22,30.0,30.0,30.0,30.0,0,0.0,0.0,0.0,0.0,0.0,,0.06,0.0,0.0
2025-05-23,30.0,30.0,30.0,30.0,0,0.0,0.0,0.0,0.0,0.0,,0.06,0.0,0.0
2025-05-26,30.0,30.0,30.0,30.0,0,0.0,0.0,0.0,0.0,0.0,,0.06,0.0,0.0
2025-05-27,27.0,27.0,27.0,27.0,1000,27000.0,0.0,0.0,0.0,0.0,,0.06,0.0,0.0
2025-05-28,28.0,28.0,28.0,28.0,100,2800.0,0.0,0.0,0.0,0.0,,0.06,0.0,0.0
2025-05-29,30.0,30.0,30.0,30.0,1000,30000.0,0.0,0.0,0.0,0.0,,0.06,0.0,0.0
2025-05-30,30.0,30.0,30.0,30.0,0,0.0,0.0,0.0,0.0,0.0,,0.06,0.0,0.0
2025-06-02,27.0,27.0,27.0,27.0,300,8100.0,0.0,0.0,0.0,0.0,,0.06,0.0,0.0
2025-06-03,27.0,28.0,27.0,28.0,700,19600.0,0.0,0.0,0.0,0.0,,0.06,0.0,0.0
2025-06-04,27.9,27.9,27.9,27.9,0,0.0,0.0,0.0,0.0,0.0,,0.06,0.0,0.0
2025-06-05,28.0,28.0,28.0,28.0,100,2800.0,0.0,0.0,0.0,0.0,,0.06,0.0,0.0
2025-06-06,28.0,28.0,27.9,28.0,1000,28000.0,0.0,0.0,0.0,0.0,,0.06,0.0,0.0
2025-06-09,28.0,28.0,28.0,28.0,0,0.0,0.0,0.0,0.0,0.0,,0.06,0.0,0.0
2025-06-10,28.0,28.0,28.0,28.0,0,0.0,0.0,0.0,0.0,0.0,,0.06,0.0,0.0
2025-06-11,28.0,28.0,28.0,28.0,0,0.0,0.0,0.0,0.0,0.0,,0.06,0.0,0.0
2025-06-12,28.6,29.0,28.6,29.0,1000,29000.0,0.0,0.0,0.0,0.0,,0.06,0.0,0.0
2025-06-13,28.0,28.0,28.0,28.0,500,14000.0,0.0,0.0,0.0,0.0,,0.06,0.0,0.0
2025-06-16,28.0,28.0,28.0,28.0,0,0.0,0.0,0.0,0.0,0.0,,0.06,0.0,0.0
2025-06-17,28.2,28.6,28.2,28.6,1900,54340.0,0.0,0.0,0.0,0.0,,0.06,0.0,0.0
2025-06-18,29.6,29.8,29.6,29.8,2530,75394.0,0.0,0.0,0.0,0.0,,0.06,0.0,0.0
2025-06-19,30.0,30.5,30.0,30.5,1358,41419.0,0.0,0.0,0.0,0.0,,0.06,0.0,0.0
2025-06-20,30.1,30.1,30.0,30.0,4145,124350.0,0.0,0.0,0.0,0.0,,0.06,0.0,0.0
2025-06-23,29.2,29.2,29.2,29.2,1000,29200.0,0.0,0.0,0.0,0.0,,0.06,0.0,0.0
2025-06-24,30.0,30.0,30.0,30.0,2800,84000.0,0.0,0.0,0.0,0.0,,0.06,0.0,0.0
2025-06-25,30.0,30.0,30.0,30.0,600,18000.0,0.0,0.0,0.0,0.0,,0.06,0.0,0.0
2025-06-26,30.0,30.0,30.0,30.0,0,0.0,0.0,0.0,0.0,0.0,,0.06,0.0,0.0
2025-06-27,30.0,30.0,30.0,30.0,400,12000.0,0.0,0.0,0.0,0.0,,0.06,0.0,0.0
2025-06-30,30.0,30.0,30.0,30.0,3700,111000.0,0.0,0.0,0.0,0.0,,0.06,0.0,0.0
2025-07-01,30.0,30.0,30.0,30.0,0,0.0,0.0,0.0,0.0,0.0,,0.06,0.0,0.0
2025-07-02,30.5,30.5,30.5,30.5,1000,30500.0,0.0,0.0,0.0,0.0,,0.06,0.0,0.0
2025-07-03,30.5,30.5,30.5,30.5,0,0.0,0.0,0.0,0.0,0.0,,0.06,0.0,0.0
2025-07-04,30.0,30.0,29.0,29.0,1500,43500.0,0.0,0.0,0.0,0.0,,0.06,0.0,0.0
2025-07-07,30.0,30.0,30.0,30.0,500,15000.0,0.0,0.0,0.0,0.0,,0.06,0.0,0.0
2025-07-08,30.0,30.0,30.0,30.0,0,0.0,0.0,0.0,0.0,0.0,,0.06,0.0,0.0
2025-07-09,30.5,31.0,30.5,31.0,3000,93000.0,0.0,0.0,0.0,0.0,,0.06,0.0,0.0
2025-07-10,32.0,32.0,32.0,32.0,117,3744.0,0.0,0.0,0.0,0.0,,0.06,0.0,0.0
2025-07-11,31.0,32.0,31.0,32.0,2080,66560.0,0.0,0.0,0.0,0.0,,0.06,0.0,0.0
2025-07-14,31.5,31.5,31.5,31.5,500,15750.0,0.0,0.0,0.0,0.0,,0.06,0.0,0.0
2025-07-15,28.0,28.0,28.0,28.0,1011,28308.0,0.0,0.0,0.0,0.0,,0.06,0.0,0.0
2025-07-16,31.5,31.5,31.5,31.5,206,6489.0,0.0,0.0,0.0,0.0,,0.06,0.0,0.0
2025-07-17,31.5,31.5,31.5,31.5,200,6300.0,0.0,200.0,0.0,10000.0,,0.06,0.0,0.01
2025-07-18,31.0,31.0,31.0,31.0,4505,139655.0,0.0,0.0,0.0,0.0,,0.06,0.0,0.0
2025-07-21,31.0,31.0,31.0,31.0,700,21700.0,0.0,0.0,0.0,0.0,,0.06,0.0,0.0
2025-07-22,31.0,31.0,31.0,31.0,811,25141.0,0.0,0.0,0.0,0.0,,0.06,0.0,0.0
2025-07-23,31.0,31.0,30.9,30.9,1500,46350.0,0.0,0.0,0.0,0.0,,0.06,0.0,0.0
2025-07-24,30.9,31.0,30.9,31.0,1300,40300.0,0.0,0.0,0.0,0.0,,0.06,0.0,0.0
2025-07-25,31.0,31.0,31.0,31.0,1000,31000.0,0.0,0.0,0.0,0.0,,0.06,0.0,0.0
2025-07-28,31.0,31.0,30.0,31.0,2013,62403.0,0.0,0.0,0.0,0.0,,0.06,0.0,0.0
2025-07-29,31.5,31.5,31.5,31.5,35604,1121526.0,0.0,0.0,0.0,0.0,,0.06,0.0,0.0
2025-07-30,31.5,31.5,31.5,31.5,807,25420.5,0.0,0.0,0.0,0.0,,0.06,0.0,0.0
2025-07-31,31.0,31.5,28.5,31.5,23304,734076.0,0.0,0.0,0.0,0.0,,0.06,0.0,0.0
2025-08-01,31.0,31.5,31.0,31.5,500,15750.0,0.0,0.0,0.0,0.0,,0.06,0.0,0.0
2025-08-04,29.0,29.0,29.0,29.0,2700,78300.0,0.0,0.0,0.0,0.0,,0.06,0.0,0.0
2025-08-05,29.5,29.7,29.5,29.7,4900,145530.0,0.0,0.0,0.0,0.0,,0.06,0.0,0.0
2025-08-06,31.0,31.0,31.0,31.0,2000,62000.0,0.0,0.0,0.0,0.0,,0.06,0.0,0.0
2025-08-07,31.5,31.5,31.0,31.0,8200,254200.0,0.0,0.0,0.0,0.0,,0.06,0.0,0.0
2025-08-08,31.1,31.1,31.1,31.1,0,0.0,0.0,0.0,0.0,0.0,,0.06,0.0,0.0
2025-08-11,31.1,31.1,31.1,31.1,0,0.0,0.0,0.0,0.0,0.0,,0.06,0.0,0.0
2025-08-12,31.1,31.1,30.0,30.5,35904,1095072.0,0.0,0.0,0.0,0.0,,0.06,0.0,0.0
2025-08-13,30.5,30.5,30.5,30.5,17110,521855.0,0.0,0.0,0.0,0.0,,0.06,0.0,0.0
2025-08-14,30.5,30.5,30.5,30.5,40,1220.0,0.0,0.0,0.0,0.0,,0.06,0.0,0.0
2025-08-15,30.1,30.1,30.0,30.0,1102,33060.0,0.0,0.0,0.0,0.0,,0.06,0.0,0.0
2025-08-18,30.0,30.0,30.0,30.0,0,0.0,0.0,0.0,0.0,0.0,,0.06,0.0,0.0
2025-08-19,30.0,30.3,30.0,30.3,1900,57570.0,0.0,0.0,0.0,0.0,,0.06,0.0,0.0
2025-08-20,30.1,30.1,30.1,30.1,0,0.0,0.0,0.0,0.0,0.0,,0.06,0.0,0.0
2025-08-21,30.5,30.5,30.5,30.5,2511,76585.5,0.0,0.0,0.0,0.0,,0.06,0.0,0.0
2025-08-22,30.5,30.5,29.8,30.0,3261,97830.0,0.0,0.0,0.0,0.0,,0.06,0.0,0.0
2025-08-25,30.5,30.5,30.5,30.5,1001,30530.5,0.0,0.0,0.0,0.0,,0.06,0.0,0.0
2025-08-26,31.0,31.0,30.5,30.5,4456,135908.0,0.0,0.0,0.0,0.0,,0.06,0.0,0.0
2025-08-27,31.5,32.0,30.5,30.6,3800,116280.0,0.0,0.0,0.0,0.0,,0.06,0.0,0.0
2025-08-28,31.5,31.5,30.5,30.5,1500,45750.0,0.0,0.0,0.0,0.0,,0.06,0.0,0.0
2025-08-29,30.5,30.5,30.5,30.5,2233,68106.5,0.0,0.0,0.0,0.0,,0.06,0.0,0.0
2025-09-03,30.5,30.5,30.5,30.5,0,0.0,0.0,0.0,0.0,0.0,,0.06,0.0,0.0
2025-09-04,30.5,30.5,30.5,30.5,100,3050.0,0.0,0.0,0.0,0.0,,0.06,0.0,0.0
2025-09-05,31.0,31.0,30.6,30.6,2101,64290.600000000006,0.0,0.0,0.0,0.0,,0.06,0.0,0.0
2025-09-08,30.8,30.8,30.8,30.8,0,0.0,0.0,0.0,0.0,0.0,,0.06,0.0,0.0
2025-09-09,31.0,31.0,31.0,31.0,300,9300.0,0.0,0.0,0.0,0.0,,0.06,0.0,0.0
2025-09-10,31.0,31.0,31.0,31.0,0,0.0,0.0,0.0,0.0,0.0,,0.06,0.0,0.0
2025-09-11,31.0,31.0,31.0,31.0,0,0.0,0.0,0.0,0.0,0.0,,0.06,0.0,0.0
2025-09-12,31.0,31.0,31.0,31.0,300,9300.0,0.0,0.0,0.0,0.0,,0.06,0.0,0.0
2025-09-15,30.6,30.6,30.5,30.5,5502,167811.0,0.0,0.0,0.0,0.0,,0.06,0.0,0.0
2025-09-16,31.0,31.0,31.0,31.0,3300,102300.0,0.0,0.0,0.0,0.0,,0.06,0.0,0.0
2025-09-17,31.0,31.0,31.0,31.0,1100,34100.0,0.0,0.0,0.0,0.0,,0.06,0.0,0.0
2025-09-18,30.6,30.6,30.6,30.6,1411,43176.6,0.0,0.0,0.0,0.0,,0.06,0.0,0.0
2025-09-19,30.6,30.6,30.6,30.6,3,91.8,0.0,0.0,0.0,0.0,,0.06,0.0,0.0
2025-09-22,30.6,31.0,30.6,31.0,12900,399900.0,0.0,0.0,0.0,0.0,,0.06,0.0,0.0
2025-09-23,31.0,31.0,30.9,30.9,1700,52530.0,0.0,0.0,0.0,0.0,,0.06,0.0,0.0
2025-09-24,30.7,30.9,30.6,30.6,3000,91800.0,0.0,0.0,0.0,0.0,,0.06,0.0,0.0
2025-09-25,30.7,31.0,30.7,31.0,2000,62000.0,0.0,0.0,0.0,0.0,,0.06,0.0,0.0
2025-09-26,31.0,31.5,31.0,31.0,10700,331700.0,0.0,0.0,0.0,0.0,,0.06,0.0,0.0
2025-09-29,31.0,31.0,31.0,31.0,700,21700.0,0.0,0.0,0.0,0.0,,0.06,0.0,0.0
2025-09-30,30.9,31.5,30.8,30.8,2600,80080.0,0.0,0.0,0.0,0.0,,0.06,0.0,0.0
2025-10-01,30.8,30.8,30.8,30.8,800,24640.0,0.0,0.0,0.0,0.0,,0.06,0.0,0.0
2025-10-02,30.5,30.5,30.5,30.5,100,3050.0,0.0,0.0,0.0,0.0,,0.06,0.0,0.0
2025-10-03,35.0,35.0,35.0,35.0,102,3570.0,0.0,0.0,0.0,0.0,,0.06,0.0,0.0
2025-10-06,35.0,35.0,35.0,35.0,0,0.0,0.0,0.0,0.0,0.0,,0.06,0.0,0.0
2025-10-07,35.0,35.0,35.0,35.0,0,0.0,0.0,0.0,0.0,0.0,,0.06,0.0,0.0
2025-10-08,40.2,40.2,32.0,32.0,5500,176000.0,0.0,0.0,0.0,0.0,,0.06,0.0,0.0
2025-10-09,,0.0,0.0,0.0,0,0.0,0.0,0.0,0.0,0.0,-2492.7,0.06,0.0,0.0
2025-10-10,31.0,31.0,31.0,31.0,2400,74400.0,0.0,0.0,0.0,0.0,-2492.7,0.06,0.0,0.0
2025-10-13,31.0,31.0,30.8,30.8,3700,113960.0,0.0,0.0,0.0,0.0,-2492.7,0.06,0.0,0.0
2025-10-14,31.2,31.2,30.8,30.8,2100,64680.0,0.0,0.0,0.0,0.0,-2492.7,0.06,0.0,0.0
2025-10-15,30.7,31.0,30.7,31.0,3200,99200.0,0.0,0.0,0.0,0.0,-2492.7,0.06,0.0,0.0
2025-10-16,30.8,30.8,30.7,30.7,2000,61400.0,0.0,0.0,0.0,0.0,-2492.7,0.06,0.0,0.0
2025-10-17,30.8,30.8,30.8,30.8,300,9240.0,0.0,0.0,0.0,0.0,-2492.7,0.06,0.0,0.0
2025-10-20,30.8,30.8,30.8,30.8,2000,61600.0,0.0,0.0,0.0,0.0,-2492.7,0.06,0.0,0.0
2025-10-21,30.8,31.0,30.8,31.0,1100,34100.0,0.0,0.0,0.0,0.0,-2492.7,0.06,0.0,0.0
2025-10-22,,0.0,0.0,0.0,0,0.0,0.0,0.0,0.0,0.0,-2492.7,0.06,0.0,0.0
2025-10-23,,0.0,0.0,0.0,0,0.0,0.0,0.0,0.0,0.0,-2492.7,0.06,0.0,0.0
2025-10-24,30.9,30.9,30.9,30.9,4000,123600.0,0.0,0.0,0.0,0.0,-2492.7,0.06,0.0,0.0
2025-10-27,30.8,30.8,30.8,30.8,1500,46200.0,0.0,0.0,0.0,0.0,-2492.7,0.06,0.0,0.0
2025-10-28,31.0,31.0,31.0,31.0,500,15500.0,0.0,0.0,0.0,0.0,-2492.7,0.06,0.0,0.0
2025-10-29,31.0,31.0,31.0,31.0,1900,58900.0,0.0,0.0,0.0,0.0,-2492.7,0.06,0.0,0.0
2025-10-30,31.0,31.0,30.9,30.9,1800,55620.0,0.0,0.0,0.0,0.0,-2492.7,0.06,0.0,0.0
2025-10-31,30.9,30.9,30.7,30.7,5200,159640.0,0.0,0.0,0.0,0.0,-2492.7,0.06,0.0,0.0
2025-11-03,30.8,30.8,30.8,30.8,500,15400.0,0.0,0.0,0.0,0.0,-2492.7,0.06,0.0,0.0
2025-11-04,,0.0,0.0,0.0,0,0.0,0.0,0.0,0.0,0.0,-2492.7,0.06,0.0,0.0
2025-11-05,,0.0,0.0,0.0,0,0.0,0.0,0.0,0.0,0.0,-2492.7,0.06,0.0,0.0
2025-11-06,29.5,29.5,29.5,29.5,2400,70800.0,0.0,0.0,0.0,0.0,-2492.7,0.06,0.0,0.0
2025-11-07,,0.0,0.0,0.0,0,0.0,0.0,0.0,0.0,0.0,-2492.7,0.06,0.0,0.0
2025-11-10,30.0,30.0,29.2,29.6,6100,180560.0,0.0,0.0,0.0,0.0,-2492.7,0.06,0.0,0.0
2025-11-11,,0.0,0.0,0.0,0,0.0,0.0,0.0,0.0,0.0,0.0,0.06,0.0,0.0
2025-11-12,31.0,31.0,30.0,30.2,2100,63420.0,0.0,0.0,0.0,0.0,-2492.7,0.06,0.0,0.0
2025-11-14,,0.0,0.0,0.0,0,0.0,0.0,0.0,0.0,0.0,-2492.7,0.06,0.0,0.0
2025-11-17,30.0,30.0,30.0,30.0,3000,90000.0,0.0,0.0,0.0,0.0,-2492.7,0.06,0.0,0.0
2025-11-18,31.0,31.0,31.0,31.0,100,3100.0,0.0,0.0,0.0,0.0,-2492.7,0.06,0.0,0.0
2025-11-19,31.0,31.0,31.0,31.0,200,6200.0,0.0,0.0,0.0,0.0,-2492.7,0.06,0.0,0.0
2025-11-20,31.3,31.5,31.3,31.5,2200,69300.0,0.0,0.0,0.0,0.0,-2492.7,0.06,0.0,0.0
2025-11-25,,0.0,0.0,0.0,0,0.0,0.0,0.0,0.0,0.0,-2492.7,0.06,0.0,0.0
2025-11-26,,0.0,0.0,0.0,0,0.0,0.0,0.0,0.0,0.0,-2492.7,0.06,0.0,0.0
2025-11-27,31.3,31.5,31.3,31.5,1200,37800.0,0.0,0.0,0.0,0.0,-2492.7,0.06,0.0,0.0
2025-11-28,,0.0,0.0,0.0,0,0.0,0.0,0.0,0.0,0.0,-2492.7,0.06,0.0,0.0
2025-12-01,31.3,31.3,31.3,31.3,300,9390.0,0.0,0.0,0.0,0.0,-2492.7,0.06,0.0,0.0
2025-12-02,31.3,31.3,31.3,31.3,300,9390.0,0.0,0.0,0.0,0.0,-2492.7,0.06,0.0,0.0
2025-12-03,31.3,31.3,31.3,31.3,600,18780.0,0.0,0.0,0.0,0.0,-2492.7,0.06,0.0,0.0
2025-12-04,34.0,34.0,31.5,33.0,2900,95700.0,0.0,0.0,0.0,0.0,-2492.7,0.06,0.0,0.0
2025-12-05,,0.0,0.0,0.0,0,0.0,0.0,0.0,0.0,0.0,-2492.7,0.06,0.0,0.0
2025-12-08,,0.0,0.0,0.0,0,0.0,0.0,0.0,0.0,0.0,-2492.7,0.06,0.0,0.0
2025-12-10,32.5,32.8,32.5,32.8,500,16400.0,0.0,0.0,0.0,0.0,-2492.7,0.06,0.0,0.0
2025-12-11,32.8,33.0,32.8,33.0,700,23100.0,0.0,0.0,0.0,0.0,-2492.7,0.06,0.0,0.0
2025-12-12,32.8,33.0,32.8,33.0,1100,36300.0,0.0,0.0,0.0,0.0,-2492.7,0.06,0.0,0.0
2025-12-15,33.0,33.0,33.0,33.0,100,3300.0,0.0,0.0,0.0,0.0,-2492.7,0.06,0.0,0.0
2025-12-23,33.5,34.2,33.5,34.2,2800,95760.0,0.0,0.0,0.0,0.0,-2492.7,0.06,0.0,0.0
2025-12-24,34.0,34.1,34.0,34.1,1400,47740.0,0.0,0.0,0.0,0.0,-2492.7,0.06,0.0,0.0
2025-12-25,,0.0,0.0,0.0,0,0.0,0.0,0.0,0.0,0.0,-2492.7,0.06,0.0,0.0
2025-12-26,,0.0,0.0,0.0,0,0.0,0.0,0.0,0.0,0.0,-2492.7,0.06,0.0,0.0
2025-12-29,,0.0,0.0,0.0,0,0.0,0.0,0.0,0.0,0.0,-2492.7,0.06,0.0,0.0
2025-12-30,35.0,35.0,35.0,35.0,300,10500.0,0.0,0.0,0.0,0.0,-2492.7,0.06,0.0,0.0
2025-12-31,35.0,35.0,35.0,35.0,800,28000.0,0.0,0.0,0.0,0.0,-2492.7,0.06,0.0,0.0
2026-01-05,,0.0,0.0,0.0,0,0.0,0.0,0.0,0.0,0.0,-2492.7,0.06,0.0,0.0
2026-01-06,35.0,35.0,35.0,35.0,600,21000.0,0.0,0.0,0.0,0.0,-2492.7,0.06,0.0,0.0
2026-01-07,35.0,35.0,35.0,35.0,1600,56000.0,0.0,0.0,0.0,0.0,-2492.7,0.06,0.0,0.0
2026-01-08,33.0,35.0,33.0,35.0,800,28000.0,0.0,0.0,0.0,0.0,-2492.7,0.06,0.0,0.0
2026-01-09,,0.0,0.0,0.0,0,0.0,0.0,0.0,0.0,0.0,-2492.7,0.06,0.0,0.0
2026-01-12,34.0,34.0,34.0,34.0,300,10200.0,0.0,0.0,0.0,0.0,-2492.7,0.06,0.0,0.0
2026-01-13,34.0,34.0,33.5,34.0,3300,112200.0,0.0,0.0,0.0,0.0,-2492.7,0.06,0.0,0.0
2026-01-14,34.0,34.0,33.9,34.0,3600,122400.0,0.0,0.0,0.0,0.0,-2492.7,0.06,0.0,0.0
2026-01-15,34.0,34.0,34.0,34.0,2200,74800.0,0.0,0.0,0.0,0.0,-2492.7,0.06,0.0,0.0
2026-01-16,34.0,0.0,0.0,0.0,0,0.0,0.0,0.0,0.0,0.0,0.0,0.06,0.0,0.0
2026-01-19,34.2,34.2,34.2,34.2,4400,150480.0,0.0,0.0,0.0,0.0,-2492.7,0.06,0.0,0.0
2026-01-20,34.0,34.1,34.0,34.0,4600,156400.0,0.0,0.0,0.0,0.0,-2492.7,0.06,0.0,0.0
2026-01-21,34.0,34.0,34.0,34.0,4500,153000.0,0.0,0.0,0.0,0.0,-2492.7,0.06,0.0,0.0
2026-01-22,34.0,34.0,34.0,34.0,2900,98600.0,0.0,0.0,0.0,0.0,-2492.7,0.06,0.0,0.0
2026-01-23,34.0,34.0,34.0,34.0,3000,102000.0,0.0,0.0,0.0,0.0,-2492.7,0.06,0.0,0.0
2026-01-26,34.0,34.0,34.0,34.0,10000,340000.0,0.0,420.0,0.0,142800.0,-2492.7,0.06,0.0,0.14
2026-01-27,34.0,34.0,34.0,34.0,9500,323000.0,0.0,0.0,0.0,0.0,-2492.7,0.06,0.0,0.0
2026-01-28,,0.0,0.0,0.0,0,0.0,0.0,0.0,0.0,0.0,-2492.7,0.06,0.0,0.0
2026-01-29,34.0,34.0,34.0,34.0,8800,299200.0,0.0,0.0,0.0,0.0,-2072.7,0.06,0.0,0.0
2026-01-30,34.0,34.0,34.0,34.0,1400,47600.0,0.0,0.0,0.0,0.0,-2072.7,0.06,0.0,0.0
2026-02-02,33.9,33.9,33.9,33.9,100,3390.0,0.0,0.0,0.0,0.0,-2072.7,0.06,0.0,0.0
2026-02-04,34.0,34.0,34.0,34.0,500,17000.0,0.0,0.0,0.0,0.0,-2072.7,0.06,0.0,0.0
2026-02-05,34.3,35.0,34.3,35.0,300,10500.0,0.0,0.0,0.0,0.0,-2072.7,0.06,0.0,0.0
2026-02-06,34.8,35.0,34.8,35.0,1000,35000.0,0.0,0.0,0.0,0.0,-2072.7,0.06,0.0,0.0
2026-02-09,35.0,35.0,35.0,35.0,700,24500.0,0.0,0.0,0.0,0.0,-2072.7,0.06,0.0,0.0
2026-02-10,,0.0,0.0,0.0,0,0.0,0.0,0.0,0.0,0.0,-2072.7,0.06,0.0,0.0
2026-02-11,35.1,35.2,35.1,35.1,900,31590.0,0.0,0.0,0.0,0.0,-2072.7,0.06,0.0,0.0
2026-02-12,35.2,35.2,35.2,35.2,100,3520.0000000000005,0.0,0.0,0.0,0.0,-2072.7,0.06,0.0,0.0
2026-02-13,35.2,35.2,35.2,35.2,200,7040.000000000001,0.0,0.0,0.0,0.0,-2072.7,0.06,0.0,0.0
2026-02-23,35.2,35.2,35.0,35.0,4300,150500.0,0.0,0.0,0.0,0.0,-2072.7,0.06,0.0,0.0
2026-02-24,35.0,35.2,35.0,35.2,2200,77440.0,0.0,0.0,0.0,0.0,-2072.7,0.06,0.0,0.0
2026-02-25,35.0,35.2,35.0,35.0,10200,357000.0,0.0,0.0,0.0,0.0,-2072.7,0.06,0.0,0.0
2026-02-26,35.5,35.5,35.5,35.5,200,7100.0,0.0,0.0,0.0,0.0,-2072.7,0.06,0.0,0.0
2026-02-27,35.5,35.5,35.3,35.3,2000,70600.0,0.0,0.0,0.0,0.0,-2072.7,0.06,0.0,0.0
2026-03-02,35.5,36.0,35.5,36.0,900,32400.0,0.0,0.0,0.0,0.0,-2072.7,0.06,0.0,0.0
2026-03-03,,0.0,0.0,0.0,0,0.0,0.0,0.0,0.0,0.0,-2072.7,0.06,0.0,0.0
2026-03-04,36.0,36.1,36.0,36.1,1100,39710.0,0.0,0.0,0.0,0.0,-2072.7,0.06,0.0,0.0
2026-03-05,35.9,35.9,35.9,35.9,300,10770.0,0.0,0.0,0.0,0.0,-2072.7,0.06,0.0,0.0
2026-03-06,35.9,36.1,35.9,36.1,6200,223820.0,0.0,0.0,0.0,0.0,-2072.7,0.06,0.0,0.0
2026-03-09,36.0,36.0,36.0,36.0,200,7200.0,0.0,0.0,0.0,0.0,-2072.7,0.06,0.0,0.0
2026-03-10,36.0,36.1,36.0,36.1,200,7220.0,0.0,0.0,0.0,0.0,-2072.7,0.06,0.0,0.0
2026-03-11,36.3,36.5,36.3,36.5,600,21900.0,0.0,0.0,0.0,0.0,-2072.7,0.06,0.0,0.0
2026-03-12,36.5,37.0,36.5,37.0,2100,77700.0,0.0,0.0,0.0,0.0,-2072.7,0.06,0.0,0.0
2026-03-13,37.0,37.0,37.0,37.0,100,3700.0,0.0,0.0,0.0,0.0,-2072.7,0.06,0.0,0.0
2026-03-16,37.0,38.5,37.0,38.5,6600,254100.0,0.0,0.0,0.0,0.0,-2072.7,0.06,0.0,0.0
2026-03-17,38.3,38.5,38.3,38.5,300,11550.0,0.0,0.0,0.0,0.0,-2072.7,0.06,0.0,0.0
2026-03-18,38.5,38.5,38.4,38.5,900,34650.0,0.0,0.0,0.0,0.0,-2072.7,0.06,0.0,0.0
2026-03-19,38.5,38.6,38.5,38.6,3100,119660.0,0.0,0.0,0.0,0.0,-2072.7,0.06,0.0,0.0
2026-03-20,38.7,39.0,38.5,38.5,1800,69300.0,0.0,0.0,0.0,0.0,-2072.7,0.06,0.0,0.0
2026-03-23,38.7,38.7,38.7,38.7,100,3870.000000000001,0.0,0.0,0.0,0.0,-2072.7,0.06,0.0,0.0
2026-03-24,38.7,38.7,38.7,38.7,800,30960.000000000004,0.0,0.0,0.0,0.0,-2072.7,0.06,0.0,0.0
2026-03-25,38.6,38.6,38.5,38.5,600,23100.0,0.0,0.0,0.0,0.0,-2072.7,0.06,0.0,0.0
2026-03-26,36.5,38.0,36.5,38.0,400,15200.0,0.0,0.0,0.0,0.0,-2072.7,0.06,0.0,0.0
2026-03-27,38.6,38.6,38.6,38.6,100,3860.0,0.0,0.0,0.0,0.0,-2072.7,0.06,0.0,0.0
2026-03-30,38.5,38.7,38.5,38.7,600,23220.0,0.0,0.0,0.0,0.0,-2072.7,0.06,0.0,0.0
2026-03-31,38.3,38.3,38.3,38.3,100,3830.0,0.0,0.0,0.0,0.0,-2072.7,0.06,0.0,0.0
2026-04-01,38.6,38.8,38.6,38.8,1400,54319.99999999999,0.0,0.0,0.0,0.0,0.0,0.06,0.0,0.0
2026-04-02,38.9,38.9,38.9,38.9,300,11670.0,0.0,0.0,0.0,0.0,0.0,0.06,0.0,0.0
2026-04-03,38.5,38.5,38.0,38.4,2900,111360.0,0.0,0.0,0.0,0.0,0.0,0.06,0.0,0.0
2026-04-06,38.2,38.6,38.2,38.6,1600,61760.0,0.0,0.0,0.0,0.0,0.0,0.06,0.0,0.0
2026-04-07,38.5,38.5,38.5,38.5,1600,61600.0,0.0,0.0,0.0,0.0,0.0,0.06,0.0,0.0
2026-04-08,38.6,39.0,38.6,38.9,2500,97250.0,0.0,0.0,0.0,0.0,0.0,0.06,0.0,0.0
2026-04-09,38.9,39.0,38.9,39.0,1400,54600.0,0.0,0.0,0.0,0.0,0.0,0.06,0.0,0.0
2026-04-10,39.0,39.0,38.9,39.0,7100,276900.0,0.0,0.0,0.0,0.0,0.0,0.06,0.0,0.0
2026-04-13,39.3,40.0,38.7,39.0,2700,105300.0,0.0,0.0,0.0,0.0,-2072.7,0.06,0.0,0.0
2026-04-14,39.5,39.5,39.5,39.5,300,11850.0,0.0,0.0,0.0,0.0,-2072.7,0.06,0.0,0.0
2026-04-15,39.5,39.5,39.0,39.0,6200,241800.0,0.0,0.0,0.0,0.0,-2072.7,0.06,0.0,0.0
2026-04-16,39.5,39.5,39.0,39.0,7900,308100.0,0.0,0.0,0.0,0.0,-2072.7,0.06,0.0,0.0
2026-04-17,39.0,39.5,39.0,39.5,2900,114550.0,0.0,0.0,0.0,0.0,-2072.7,,,
2026-04-20,39.0,39.1,39.0,39.1,2900,113390.0,0.0,0.0,0.0,0.0,-2072.7,,,
2026-04-21,39.1,39.1,39.0,39.0,2300,89700.0,0.0,0.0,0.0,0.0,-2072.7,,,
2026-04-22,39.0,39.0,38.0,38.0,4200,159600.0,0,0,0.0,0.0,-2072.70,,,
