time,open,high,low,close,volume,value,foreign_buy_vol,foreign_sell_vol,foreign_buy_val,foreign_sell_val,foreign_room,foreign_ownership_pct,foreign_buy_value_bn,foreign_sell_value_bn
2016-11-09,9.614,9.614,5.654,8.886,5300,47095.8,,,,,,,,
2016-11-10,6.382,6.705,6.382,6.705,2700,18103.5,,,,,,,,
2016-11-11,7.27,7.27,7.27,7.27,6200,45074.0,,,,,,,,
2016-11-14,7.27,7.27,7.27,7.27,0,0.0,,,,,,,,
2016-11-15,6.382,6.382,6.382,6.382,5000,31910.0,,,,,,,,
2016-11-16,6.382,6.382,6.382,6.382,4000,25528.0,,,,,,,,
2016-11-17,6.059,6.463,6.059,6.059,4300,26053.7,,,,,,,,
2016-11-18,6.463,6.463,6.463,6.463,13400,86604.2,,,,,,,,
2016-11-21,6.705,6.705,6.463,6.463,15700,101469.1,,,,,,,,
2016-11-22,6.463,6.867,6.463,6.867,6900,47382.3,,,,,,,,
2016-11-23,7.029,7.029,7.029,7.029,100,702.9,,,,,,,,
2016-11-24,7.189,7.189,7.189,7.189,300,2156.7,,,,,,,,
2016-11-25,6.624,7.189,6.301,7.189,6800,48885.2,,,,,,,,
2016-11-28,7.029,7.029,7.029,7.029,100,702.9,,,,,,,,
2016-11-29,6.545,6.545,6.463,6.463,15200,98237.6,,,,,,,,
2016-11-30,6.463,6.463,6.463,6.463,800,5170.4,,,,,,,,
2016-12-01,6.545,6.545,6.545,6.545,3000,19635.0,,,,,,,,
2016-12-02,6.463,6.545,6.463,6.545,4200,27489.0,,,,,,,,
2016-12-05,6.545,6.545,6.545,6.545,0,0.0,,,,,,,,
2016-12-06,6.382,6.382,6.382,6.382,2000,12764.0,,,,,,,,
2016-12-07,6.463,6.463,6.463,6.463,1000,6463.0,,,,,,,,
2016-12-08,6.545,6.545,6.545,6.545,8900,58250.5,,,,,,,,
2016-12-09,6.545,6.545,6.545,6.545,400,2618.0,,,,,,,,
2016-12-12,6.624,6.705,6.545,6.545,600,3927.0,,,,,,,,
2016-12-13,6.867,6.867,6.463,6.463,700,4524.1,,,,,,,,
2016-12-14,6.545,6.545,6.545,6.545,100,654.5,,,,,,,,
2016-12-15,6.463,6.463,6.463,6.463,2400,15511.2,,,,,,,,
2016-12-16,6.463,6.463,6.463,6.463,0,0.0,,,,,,,,
2016-12-19,6.463,6.463,6.463,6.463,7500,48472.5,,,,,,,,
2016-12-20,6.463,6.463,6.463,6.463,4000,25852.0,,,,,,,,
2016-12-21,6.382,6.867,6.382,6.867,3200,21974.4,,,,,,,,
2016-12-22,6.867,6.867,6.867,6.867,100,686.7,,,,,,,,
2016-12-23,6.867,6.867,6.867,6.867,300,2060.1,,,,,,,,
2016-12-26,7.029,7.109,6.463,7.109,9300,66113.7,,,,,,,,
2016-12-27,7.029,7.27,7.029,7.27,2700,19629.0,,,,,,,,
2016-12-28,7.27,7.27,7.189,7.189,2600,18691.4,,,,,,,,
2016-12-29,7.189,7.674,7.189,7.674,10800,82879.2,,,,,,,,
2016-12-30,8.564,8.564,7.513,7.513,13500,101425.5,,,,,,,,
2017-01-03,7.997,8.564,7.997,8.564,3000,25692.0,,,,,,,,
2017-01-04,8.079,8.159,8.079,8.159,2900,23661.1,,,,,,,,
2017-01-05,8.645,8.645,8.645,8.645,500,4322.5,,,,,,,,
2017-01-06,8.725,8.725,8.079,8.079,500,4039.500000000001,,,,,,,,
2017-01-09,8.24,8.24,8.24,8.24,0,0.0,,,,,,,,
2017-01-10,8.24,8.24,8.24,8.24,0,0.0,,,,,,,,
2017-01-11,8.24,8.24,8.24,8.24,100,824.0,,,,,,,,
2017-01-12,8.24,8.24,8.24,8.24,0,0.0,,,,,,,,
2017-01-13,9.129,9.129,9.129,9.129,100,912.9,,,,,,,,
2017-01-16,8.079,8.079,7.997,7.997,2000,15994.0,,,,,,,,
2017-01-17,6.867,6.947,6.867,6.867,3300,22661.1,,,,,,,,
2017-01-18,5.978,6.624,5.978,6.22,20800,129376.0,,,,,,,,
2017-01-19,6.786,6.786,6.786,6.786,1000,6786.0,,,,,,,,
2017-01-20,6.786,6.786,6.786,6.786,0,0.0,,,,,,,,
2017-01-23,6.786,6.947,6.786,6.947,1200,8336.4,,,,,,,,
2017-01-24,7.029,7.029,7.029,7.029,1500,10543.5,,,,,,,,
2017-01-25,8.079,8.079,8.079,8.079,400,3231.6000000000004,,,,,,,,
2017-02-02,8.886,8.886,8.886,8.886,100,888.5999999999999,,,,,,,,
2017-02-03,8.886,8.886,8.886,8.886,0,0.0,,,,,,,,
2017-02-06,8.079,8.079,7.755,7.755,700,5428.5,,,,,,,,
2017-02-07,7.997,7.997,7.029,7.029,1200,8434.8,,,,,,,,
2017-02-08,6.947,6.947,6.867,6.867,700,4806.9,,,,,,,,
2017-02-09,6.947,6.947,6.947,6.947,600,4168.2,,,,,,,,
2017-02-10,6.867,6.867,6.867,6.867,1000,6867.0,,,,,,,,
2017-02-13,6.867,6.867,6.867,6.867,0,0.0,,,,,,,,
2017-02-14,6.867,6.867,6.867,6.867,0,0.0,,,,,,,,
2017-02-15,6.867,6.947,6.867,6.947,2800,19451.6,,,,,,,,
2017-02-16,6.947,6.947,6.947,6.947,0,0.0,,,,,,,,
2017-02-17,6.867,6.867,6.867,6.867,500,3433.5,,,,,,,,
2017-02-20,7.27,7.27,7.27,7.27,100,727.0,,,,,,,,
2017-02-21,6.867,6.867,6.867,6.867,1000,6867.0,,,,,,,,
2017-02-22,7.27,7.27,7.27,7.27,1000,7270.0,,,,,,,,
2017-02-23,7.27,7.27,7.27,7.27,13400,97418.0,,,,,,,,
2017-02-24,7.351,7.351,7.351,7.351,1000,7351.0,,,,,,,,
2017-02-27,7.27,7.27,7.27,7.27,500,3635.0,,,,,,,,
2017-02-28,7.27,7.27,7.27,7.27,0,0.0,,,,,,,,
2017-03-01,7.27,7.27,7.27,7.27,0,0.0,,,,,,,,
2017-03-02,7.27,7.27,7.109,7.109,10000,71090.0,,,,,,,,
2017-03-03,7.189,7.189,7.189,7.189,0,0.0,,,,,,,,
2017-03-06,7.189,7.189,7.189,7.189,0,0.0,,,,,,,,
2017-03-07,7.27,7.27,7.189,7.27,10300,74881.0,,,,,,,,
2017-03-08,7.27,7.27,7.27,7.27,3000,21810.0,,,,,,,,
2017-03-09,7.351,7.351,7.351,7.351,10018,73642.318,,,,,,,,
2017-03-10,7.351,7.351,7.351,7.351,2000,14702.0,,,,,,,,
2017-03-13,7.351,7.351,7.351,7.351,0,0.0,,,,,,,,
2017-03-14,7.351,7.351,7.351,7.351,18,132.318,,,,,,,,
2017-03-15,7.351,7.351,7.351,7.351,0,0.0,,,,,,,,
2017-03-16,8.402,8.402,8.402,8.402,150,1260.3,,,,,,,,
2017-03-17,8.402,8.402,8.402,8.402,0,0.0,,,,,,,,
2017-03-20,8.402,8.402,8.402,8.402,0,0.0,,,,,,,,
2017-03-21,9.614,9.614,9.614,9.614,230,2211.2200000000003,,,,,,,,
2017-03-22,9.614,9.614,9.614,9.614,20,192.28000000000003,,,,,,,,
2017-03-23,9.614,9.614,9.614,9.614,0,0.0,,,,,,,,
2017-03-24,9.614,9.614,9.614,9.614,0,0.0,,,,,,,,
2017-03-27,9.614,9.614,9.614,9.614,0,0.0,,,,,,,,
2017-03-28,8.32,8.32,8.32,8.32,1030,8569.6,,,,,,,,
2017-03-29,7.27,7.27,7.27,7.27,1005,7306.349999999999,,,,,,,,
2017-03-30,7.27,7.27,7.27,7.27,0,0.0,,,,,,,,
2017-03-31,7.513,7.513,7.513,7.513,110,826.43,,,,,,,,
2017-04-03,7.513,7.513,7.513,7.513,0,0.0,,,,,,,,
2017-04-04,8.482,8.482,8.482,8.482,2000,16964.0,,,,,,,,
2017-04-05,8.482,8.482,8.482,8.482,300,2544.6,,,,,,,,
2017-04-07,8.482,8.482,8.482,8.482,0,0.0,,,,,,,,
2017-04-10,8.482,8.482,8.482,8.482,2046,17354.172,,,,,,,,
2017-04-11,8.482,8.482,8.482,8.482,0,0.0,,,,,,,,
2017-04-12,8.482,8.482,8.482,8.482,0,0.0,,,,,,,,
2017-04-13,8.482,8.482,8.482,8.482,0,0.0,,,,,,,,
2017-04-14,8.482,8.482,8.482,8.482,0,0.0,,,,,,,,
2017-04-17,7.513,7.513,7.27,7.27,500,3635.0,,,,,,,,
2017-04-18,7.27,7.27,7.27,7.27,500,3635.0,,,,,,,,
2017-04-19,7.351,7.351,7.351,7.351,300,2205.3,,,,,,,,
2017-04-20,7.351,7.351,7.351,7.351,0,0.0,,,,,,,,
2017-04-21,7.351,7.351,7.351,7.351,0,0.0,,,,,,,,
2017-04-24,7.351,7.351,7.351,7.351,0,0.0,,,,,,,,
2017-04-25,8.079,8.079,8.079,8.079,400,3231.6000000000004,,,,,,,,
2017-04-26,8.079,8.079,8.079,8.079,500,4039.500000000001,,,,,,,,
2017-04-27,8.079,8.079,8.079,8.079,0,0.0,,,,,,,,
2017-04-28,8.886,8.967,8.886,8.967,1300,11657.1,,,,,,,,
2017-05-03,8.24,8.886,8.24,8.886,2400,21326.4,,,,,,,,
2017-05-04,8.805,8.805,8.805,8.805,0,0.0,,,,,,,,
2017-05-05,8.805,8.805,8.805,8.805,1000,8805.0,,,,,,,,
2017-05-08,8.805,8.805,8.805,8.805,0,0.0,,,,,,,,
2017-05-09,8.805,8.805,8.805,8.805,0,0.0,,,,,,,,
2017-05-10,8.805,8.805,8.805,8.805,0,0.0,,,,,,,,
2017-05-11,8.805,8.805,8.805,8.805,0,0.0,,,,,,,,
2017-05-12,8.805,8.805,8.805,8.805,0,0.0,,,,,,,,
2017-05-15,8.805,8.805,8.805,8.805,0,0.0,,,,,,,,
2017-05-16,8.24,8.24,8.079,8.079,6500,52513.50000000001,,,,,,,,
2017-05-17,8.24,8.24,8.079,8.079,6800,54937.2,,,,,,,,
2017-05-18,8.159,8.159,8.159,8.159,5000,40795.0,,,,,,,,
2017-05-19,8.079,8.32,8.079,8.24,20746,170947.04,,,,,,,,
2017-05-22,8.24,8.32,8.24,8.32,4300,35776.0,,,,,,,,
2017-05-23,8.32,8.805,8.32,8.805,5500,48427.5,,,,,,,,
2017-05-24,8.402,8.402,8.402,8.402,0,0.0,,,,,,,,
2017-05-25,8.402,8.402,8.402,8.402,0,0.0,,,,,,,,
2017-05-26,8.402,8.402,8.402,8.402,3500,29407.0,,,,,,,,
2017-05-29,8.402,8.402,8.32,8.32,7600,63232.0,,,,,,,,
2017-05-30,8.402,8.402,8.32,8.402,7900,66375.79999999999,,,,,,,,
2017-05-31,8.402,8.402,8.402,8.402,3100,26046.2,,,,,,,,
2017-06-01,8.482,8.482,8.482,8.482,1000,8482.0,,,,,,,,
2017-06-02,8.482,8.482,8.482,8.482,7320,62088.24,,,,,,,,
2017-06-05,8.482,8.482,8.482,8.482,0,0.0,,,,,,,,
2017-06-06,8.482,8.482,8.482,8.482,0,0.0,,,,,,,,
2017-06-07,8.482,8.482,8.482,8.482,0,0.0,,,,,,,,
2017-06-08,8.482,8.482,8.482,8.482,66,559.8119999999999,,,,,,,,
2017-06-09,8.645,8.645,8.645,8.645,1500,12967.5,,,,,,,,
2017-06-12,9.129,9.209,9.129,9.209,6000,55254.0,,,,,,,,
2017-06-13,9.209,9.209,9.209,9.209,0,0.0,,,,,,,,
2017-06-14,9.209,9.209,9.209,9.209,10,92.09,,,,,,,,
2017-06-15,9.97,9.97,9.97,9.97,100,997.0,,,,,,,,
2017-06-16,9.97,9.97,9.97,9.97,0,0.0,,,,,,,,
2017-06-19,9.97,9.97,9.97,9.97,0,0.0,,,,,,,,
2017-06-20,9.885,9.885,9.885,9.885,3000,29655.0,,,,,,,,
2017-06-21,9.885,9.885,9.885,9.885,0,0.0,,,,,,,,
2017-06-22,9.885,9.885,9.885,9.885,0,0.0,,,,,,,,
2017-06-23,9.885,9.885,9.885,9.885,0,0.0,,,,,,,,
2017-06-26,9.885,9.885,9.885,9.885,0,0.0,,,,,,,,
2017-06-27,9.885,9.885,9.885,9.885,0,0.0,,,,,,,,
2017-06-28,8.871,8.871,8.871,8.871,1000,8871.0,,,,,,,,
2017-06-29,8.871,8.871,8.871,8.871,0,0.0,,,,,,,,
2017-06-30,8.871,8.871,8.871,8.871,0,0.0,,,,,,,,
2017-07-03,9.294,9.717,9.294,9.717,1100,10688.7,,,,,,,,
2017-07-04,9.548,9.548,9.548,9.548,0,0.0,,,,,,,,
2017-07-05,9.548,9.548,9.548,9.548,0,0.0,,,,,,,,
2017-07-06,9.548,9.548,9.548,9.548,0,0.0,,,,,,,,
2017-07-07,10.139,10.56,10.139,10.56,5000,52800.0,,,,,,,,
2017-07-10,10.393,10.393,10.393,10.393,0,0.0,,,,,,,,
2017-07-11,10.393,10.393,10.393,10.393,0,0.0,,,,,,,,
2017-07-12,9.632,11.407,9.632,11.407,400,4562.8,,,,,,,,
2017-07-13,10.054,10.054,10.054,10.054,0,0.0,,,,,,,,
2017-07-14,8.871,8.871,8.871,8.871,100,887.1,,,,,,,,
2017-07-17,10.139,10.139,10.139,10.139,5000,50695.0,,,,,,,,
2017-07-18,10.139,10.139,10.139,10.139,0,0.0,,,,,,,,
2017-07-19,10.139,10.139,10.139,10.139,0,0.0,,,,,,,,
2017-07-20,10.139,10.139,10.139,10.139,0,0.0,,,,,,,,
2017-07-21,10.139,10.139,10.139,10.139,0,0.0,,,,,,,,
2017-07-24,10.139,10.139,10.139,10.139,0,0.0,,,,,,,,
2017-07-25,10.139,10.139,10.139,10.139,0,0.0,,,,,,,,
2017-07-26,11.66,11.66,11.66,11.66,4500,52470.0,,,,,,,,
2017-07-27,11.66,11.66,11.66,11.66,4333,50522.78,,,,,,,,
2017-07-28,11.66,11.66,11.66,11.66,0,0.0,,,,,,,,
2017-07-31,11.66,11.66,11.66,11.66,0,0.0,,,,,,,,
2017-08-01,11.66,11.66,11.66,11.66,0,0.0,,,,,,,,
2017-08-02,11.66,11.66,11.66,11.66,43,501.38,,,,,,,,
2017-08-03,11.66,11.66,11.66,11.66,0,0.0,,,,,,,,
2017-08-04,11.66,11.66,11.66,11.66,0,0.0,,,,,,,,
2017-08-07,11.66,11.66,11.66,11.66,0,0.0,,,,,,,,
2017-08-08,11.66,11.66,11.66,11.66,0,0.0,,,,,,,,
2017-08-09,11.66,11.66,11.66,11.66,0,0.0,,,,,,,,
2017-08-10,11.66,11.66,11.66,11.66,0,0.0,,,,,,,,
2017-08-11,11.828,12.674,11.828,12.674,23100,292769.4,,,,,,,,
2017-08-14,12.251,12.251,12.251,12.251,300,3675.3,,,,,,,,
2017-08-15,10.983,10.983,10.646,10.646,20000,212920.00000000003,,,,,,,,
2017-08-16,10.729,10.729,10.729,10.729,0,0.0,,,,,,,,
2017-08-17,12.335,12.335,12.335,12.335,5000,61675.00000000001,,,,,,,,
2017-08-18,12.335,12.335,12.335,12.335,6000,74010.0,,,,,,,,
2017-08-21,12.335,12.335,12.335,12.335,0,0.0,,,,,,,,
2017-08-22,12.335,12.335,12.335,12.335,0,0.0,,,,,,,,
2017-08-23,12.335,12.335,12.335,12.335,0,0.0,,,,,,,,
2017-08-24,12.335,12.335,12.335,12.335,0,0.0,,,,,,,,
2017-08-25,12.335,12.335,12.335,12.335,0,0.0,,,,,,,,
2017-08-28,13.519,13.519,13.519,13.519,4000,54076.0,,,,,,,,
2017-08-29,13.519,13.519,13.519,13.519,0,0.0,,,,,,,,
2017-08-30,13.519,14.785,13.519,14.785,8400,124194.0,,,,,,,,
2017-08-31,16.053,16.053,16.053,16.053,7000,112371.0,,,,,,,,
2017-09-01,16.053,16.053,16.053,16.053,0,0.0,,,,,,,,
2017-09-05,16.053,16.053,16.053,16.053,0,0.0,,,,,,,,
2017-09-06,16.053,16.053,16.053,16.053,0,0.0,,,,,,,,
2017-09-07,15.63,15.63,15.63,15.63,4000,62520.0,,,,,,,,
2017-09-08,13.686,13.686,13.35,13.35,1000,13350.0,,,,,,,,
2017-09-11,11.913,11.913,11.913,11.913,1000,11913.0,,,,,,,,
2017-09-12,11.913,11.913,11.913,11.913,0,0.0,,,,,,,,
2017-09-13,11.913,11.913,11.913,11.913,0,0.0,,,,,,,,
2017-09-14,13.35,13.35,13.35,13.35,6400,85440.0,,,,,,,,
2017-09-15,13.35,13.35,13.35,13.35,0,0.0,,,,,,,,
2017-09-18,13.519,13.519,13.519,13.519,400,5407.6,,,,,,,,
2017-09-19,13.519,13.519,13.519,13.519,0,0.0,,,,,,,,
2017-09-20,13.519,13.519,13.519,13.519,0,0.0,,,,,,,,
2017-09-21,13.096,13.35,13.096,13.35,31600,421860.0,,,,,,,,
2017-09-22,13.18,13.18,13.18,13.18,0,0.0,,,,,,,,
2017-09-25,13.35,13.35,13.35,13.35,2500,33375.0,,,,,,,,
2017-09-26,13.35,13.519,13.35,13.519,3000,40557.0,,,,,,,,
2017-09-27,13.433,14.194,13.18,14.194,4500,63873.00000000001,,,,,,,,
2017-09-28,14.785,15.63,14.785,15.63,32500,507975.0,,,,,,,,
2017-09-29,13.603,13.603,13.603,13.603,100,1360.3,,,,,,,,
2017-10-02,13.096,13.096,13.096,13.096,100,1309.6,,,,,,,,
2017-10-03,13.686,13.771,13.686,13.771,1100,15148.1,,,,,,,,
2017-10-04,11.66,11.66,11.66,11.66,100,1166.0,,,,,,,,
2017-10-05,10.139,10.139,10.139,10.139,100,1013.9,,,,,,,,
2017-10-06,10.139,10.139,10.139,10.139,0,0.0,,,,,,,,
2017-10-09,11.66,11.66,11.66,11.66,100,1166.0,,,,,,,,
2017-10-10,11.66,11.66,11.66,11.66,0,0.0,,,,,,,,
2017-10-11,11.66,11.66,11.66,11.66,0,0.0,,,,,,,,
2017-10-12,11.66,11.66,11.66,11.66,0,0.0,,,,,,,,
2017-10-13,11.66,11.66,11.66,11.66,0,0.0,,,,,,,,
2017-10-16,11.66,11.66,11.66,11.66,0,0.0,,,,,,,,
2017-10-17,11.828,13.18,11.828,13.18,66043,870446.74,,,,,,,,
2017-10-18,12.251,12.251,12.251,12.251,0,0.0,,,,,,,,
2017-10-19,14.025,14.025,14.025,14.025,28500,399712.5,,,,,,,,
2017-10-20,14.785,14.871,14.785,14.785,15100,223253.5,,,,,,,,
2017-10-23,13.096,13.096,13.096,13.096,5000,65480.0,,,,,,,,
2017-10-24,13.519,13.519,13.519,13.519,100,1351.9,,,,,,,,
2017-10-25,13.519,13.519,13.519,13.519,0,0.0,,,,,,,,
2017-10-26,13.519,13.519,13.519,13.519,0,0.0,,,,,,,,
2017-10-27,13.519,13.519,13.519,13.519,0,0.0,,,,,,,,
2017-10-30,13.941,13.941,13.941,13.941,1000,13941.0,,,,,,,,
2017-10-31,13.941,13.941,13.941,13.941,0,0.0,,,,,,,,
2017-11-01,13.857,13.941,13.857,13.941,3400,47399.4,,,,,,,,
2017-11-02,13.941,13.941,13.941,13.941,0,0.0,,,,,,,,
2017-11-03,13.941,13.941,13.941,13.941,1700,23699.7,,,,,,,,
2017-11-06,13.941,13.941,13.941,13.941,5800,80857.8,,,,,,,,
2017-11-07,13.941,13.941,13.941,13.941,0,0.0,,,,,,,,
2017-11-08,13.941,13.941,13.941,13.941,0,0.0,,,,,,,,
2017-11-09,13.941,13.941,13.941,13.941,0,0.0,,,,,,,,
2017-11-10,13.941,13.941,13.941,13.941,6300,87828.3,,,,,,,,
2017-11-13,13.941,13.941,13.941,13.941,26000,362466.0,,,,,,,,
2017-11-14,13.941,13.941,13.941,13.941,5000,69705.0,,,,,,,,
2017-11-15,13.941,13.941,13.941,13.941,0,0.0,,,,,,,,
2017-11-16,13.941,13.941,13.941,13.941,2000,27882.0,,,,,,,,
2017-11-17,13.941,13.941,13.941,13.941,0,0.0,,,,,,,,
2017-11-20,13.941,13.941,13.941,13.941,0,0.0,,,,,,,,
2017-11-21,13.941,13.941,13.941,13.941,0,0.0,,,,,,,,
2017-11-22,13.941,13.941,13.941,13.941,0,0.0,,,,,,,,
2017-11-23,13.941,13.941,13.941,13.941,0,0.0,,,,,,,,
2017-11-24,13.857,13.857,13.857,13.857,1000,13857.0,,,,,,,,
2017-11-27,13.771,13.771,13.771,13.771,1000,13771.0,,,,,,,,
2017-11-28,13.771,13.771,13.603,13.603,4500,61213.5,,,,,,,,
2017-11-29,13.686,13.686,13.686,13.686,0,0.0,,,,,,,,
2017-11-30,13.686,13.686,13.686,13.686,0,0.0,,,,,,,,
2017-12-01,13.686,13.686,13.686,13.686,0,0.0,,,,,,,,
2017-12-04,13.603,13.603,13.519,13.519,24000,324456.0,,,,,,,,
2017-12-05,13.603,13.603,13.603,13.603,0,0.0,,,,,,,,
2017-12-06,13.603,13.603,13.603,13.603,0,0.0,,,,,,,,
2017-12-07,13.603,13.603,13.603,13.603,0,0.0,,,,,,,,
2017-12-08,13.603,13.603,13.603,13.603,0,0.0,,,,,,,,
2017-12-11,13.519,13.519,13.519,13.519,1100,14870.9,,,,,,,,
2017-12-12,13.519,13.519,13.519,13.519,9500,128430.5,,,,,,,,
2017-12-13,13.519,13.941,13.519,13.941,30900,430776.9,,,,,,,,
2017-12-14,13.771,13.771,13.771,13.771,0,0.0,,,,,,,,
2017-12-15,13.941,14.278,13.941,14.278,4100,58539.8,,,,,,,,
2017-12-18,14.194,14.194,14.194,14.194,0,0.0,,,,,,,,
2017-12-19,14.194,14.194,14.194,14.194,0,0.0,,,,,,,,
2017-12-20,14.025,14.194,14.025,14.194,2500,35485.0,,,,,,,,
2017-12-21,13.519,14.11,13.519,14.11,3000,42330.0,,,,,,,,
2017-12-22,13.857,14.11,13.857,14.025,20000,280500.0,,,,,,,,
2017-12-25,14.025,14.025,14.025,14.025,0,0.0,,,,,,,,
2017-12-26,14.025,14.025,14.025,14.025,0,0.0,,,,,,,,
2017-12-27,14.025,14.025,14.025,14.025,0,0.0,,,,,,,,
2017-12-28,14.025,14.025,14.025,14.025,0,0.0,,,,,,,,
2017-12-29,14.11,14.11,13.18,13.18,14500,191110.0,,,,,,,,
2018-01-02,13.266,13.266,13.266,13.266,0,0.0,0.0,0.0,0.0,0.0,,0.31,0.0,0.0
2018-01-03,13.603,14.363,13.603,14.363,8500,122085.5,0.0,0.0,0.0,0.0,,0.31,0.0,0.0
2018-01-04,13.941,14.278,13.941,14.278,18500,264143.0,0.0,0.0,0.0,0.0,,0.31,0.0,0.0
2018-01-05,13.18,14.278,13.18,14.278,14800,211314.4,0.0,0.0,0.0,0.0,,0.31,0.0,0.0
2018-01-08,13.941,13.941,13.941,13.941,0,0.0,0.0,0.0,0.0,0.0,,0.31,0.0,0.0
2018-01-09,13.941,13.941,13.941,13.941,0,0.0,0.0,0.0,0.0,0.0,,0.31,0.0,0.0
2018-01-10,13.941,13.941,13.941,13.941,0,0.0,0.0,0.0,0.0,0.0,,0.31,0.0,0.0
2018-01-11,13.941,13.941,13.941,13.941,0,0.0,0.0,0.0,0.0,0.0,,0.31,0.0,0.0
2018-01-12,13.941,13.941,13.941,13.941,0,0.0,0.0,0.0,0.0,0.0,,0.31,0.0,0.0
2018-01-15,13.941,13.941,13.941,13.941,0,0.0,0.0,0.0,0.0,0.0,,0.31,0.0,0.0
2018-01-16,13.941,13.941,13.941,13.941,0,0.0,0.0,0.0,0.0,0.0,,0.31,0.0,0.0
2018-01-17,13.941,13.941,13.941,13.941,0,0.0,0.0,0.0,0.0,0.0,,0.31,0.0,0.0
2018-01-18,13.941,13.941,13.941,13.941,4100,57158.100000000006,0.0,0.0,0.0,0.0,,0.31,0.0,0.0
2018-01-19,13.941,13.941,13.941,13.941,0,0.0,0.0,0.0,0.0,0.0,,0.31,0.0,0.0
2018-01-22,13.941,13.941,13.941,13.941,0,0.0,0.0,0.0,0.0,0.0,,0.31,0.0,0.0
2018-01-23,13.941,13.941,13.941,13.941,0,0.0,0.0,0.0,0.0,0.0,,0.31,0.0,0.0
2018-01-24,13.941,13.941,13.941,13.941,0,0.0,0.0,0.0,0.0,0.0,,0.31,0.0,0.0
2018-01-25,13.519,13.519,13.519,13.519,8700,117615.3,0.0,0.0,0.0,0.0,,0.31,0.0,0.0
2018-01-26,14.363,14.363,14.363,14.363,2500,35907.5,0.0,0.0,0.0,0.0,,0.31,0.0,0.0
2018-01-29,14.363,14.363,14.363,14.363,0,0.0,0.0,0.0,0.0,0.0,,0.31,0.0,0.0
2018-01-30,14.363,14.363,14.363,14.363,0,0.0,0.0,0.0,0.0,0.0,,0.31,0.0,0.0
2018-01-31,14.363,14.363,14.363,14.363,0,0.0,0.0,0.0,0.0,0.0,,0.31,0.0,0.0
2018-02-01,14.363,14.363,14.363,14.363,7000,100541.0,0.0,0.0,0.0,0.0,,0.31,0.0,0.0
2018-02-02,14.363,14.363,14.363,14.363,3000,43089.0,0.0,0.0,0.0,0.0,,0.31,0.0,0.0
2018-02-05,12.674,12.674,12.674,12.674,100,1267.4,0.0,0.0,0.0,0.0,,0.31,0.0,0.0
2018-02-06,13.519,14.363,13.519,14.363,3000,43089.0,0.0,0.0,0.0,0.0,,0.31,0.0,0.0
2018-02-07,14.11,14.11,14.11,14.11,0,0.0,0.0,0.0,0.0,0.0,,0.31,0.0,0.0
2018-02-08,14.11,14.11,14.11,14.11,43,606.73,0.0,0.0,0.0,0.0,,0.31,0.0,0.0
2018-02-09,14.363,14.363,14.363,14.363,8000,114904.0,0.0,0.0,0.0,0.0,,0.31,0.0,0.0
2018-02-12,14.363,14.363,14.363,14.363,0,0.0,0.0,0.0,0.0,0.0,,0.31,0.0,0.0
2018-02-13,14.363,14.363,14.363,14.363,0,0.0,0.0,0.0,0.0,0.0,,0.31,0.0,0.0
2018-02-21,14.363,14.363,14.363,14.363,0,0.0,0.0,0.0,0.0,0.0,,0.31,0.0,0.0
2018-02-22,14.363,14.363,14.363,14.363,0,0.0,0.0,0.0,0.0,0.0,,0.31,0.0,0.0
2018-02-23,13.519,13.519,13.519,13.519,100,1351.9,0.0,0.0,0.0,0.0,,0.31,0.0,0.0
2018-02-26,13.941,15.208,13.941,15.208,3500,53228.0,0.0,0.0,0.0,0.0,,0.31,0.0,0.0
2018-02-27,14.448,14.448,14.025,14.025,5000,70125.0,0.0,0.0,0.0,0.0,,0.31,0.0,0.0
2018-02-28,14.363,14.785,14.025,14.785,11300,167070.5,0.0,0.0,0.0,0.0,,0.31,0.0,0.0
2018-03-01,14.448,14.448,14.448,14.448,0,0.0,0.0,0.0,0.0,0.0,,0.31,0.0,0.0
2018-03-02,13.941,13.941,13.941,13.941,100,1394.1,0.0,0.0,0.0,0.0,,0.31,0.0,0.0
2018-03-05,14.025,14.025,13.519,13.941,23700,330401.7,0.0,0.0,0.0,0.0,,0.31,0.0,0.0
2018-03-06,14.363,15.884,14.363,15.884,20000,317680.0,0.0,0.0,0.0,0.0,,0.31,0.0,0.0
2018-03-07,14.363,14.363,14.363,14.363,100,1436.3,0.0,0.0,0.0,0.0,,0.31,0.0,0.0
2018-03-08,14.363,16.053,14.363,15.716,24300,381898.8,0.0,0.0,0.0,0.0,,0.31,0.0,0.0
2018-03-09,13.771,15.63,13.771,15.63,1100,17193.0,0.0,0.0,0.0,0.0,,0.31,0.0,0.0
2018-03-12,15.208,15.208,15.208,15.208,500,7604.0,0.0,0.0,0.0,0.0,,0.31,0.0,0.0
2018-03-13,15.63,15.63,15.63,15.63,2000,31260.0,0.0,0.0,0.0,0.0,,0.31,0.0,0.0
2018-03-14,15.377,15.377,15.208,15.208,5100,77560.8,0.0,0.0,0.0,0.0,,0.31,0.0,0.0
2018-03-15,15.293,15.293,15.208,15.208,7200,109497.6,0.0,0.0,0.0,0.0,,0.31,0.0,0.0
2018-03-16,15.208,15.63,15.208,15.63,19700,307911.0,0.0,0.0,0.0,0.0,,0.31,0.0,0.0
2018-03-19,15.461,15.63,15.461,15.461,13400,207177.4,0.0,0.0,0.0,0.0,,0.31,0.0,0.0
2018-03-20,13.519,13.519,13.519,13.519,2000,27038.0,0.0,0.0,0.0,0.0,,0.31,0.0,0.0
2018-03-21,15.125,15.546,15.125,15.546,11000,171006.0,0.0,0.0,0.0,0.0,,0.31,0.0,0.0
2018-03-22,13.941,14.448,13.941,14.448,4000,57792.0,0.0,0.0,0.0,0.0,,0.31,0.0,0.0
2018-03-23,14.278,14.278,14.278,14.278,0,0.0,0.0,0.0,0.0,0.0,,0.31,0.0,0.0
2018-03-26,15.546,15.546,15.546,15.546,1000,15546.0,0.0,0.0,0.0,0.0,,0.31,0.0,0.0
2018-03-27,15.377,15.63,15.377,15.63,4000,62520.0,0.0,0.0,0.0,0.0,,0.31,0.0,0.0
2018-03-28,15.8,15.884,15.8,15.884,8000,127072.0,0.0,0.0,0.0,0.0,,0.31,0.0,0.0
2018-03-29,15.884,16.053,15.884,16.053,5000,80265.0,0.0,0.0,0.0,0.0,,0.31,0.0,0.0
2018-03-30,14.363,15.63,14.363,15.63,2000,31260.0,0.0,0.0,0.0,0.0,,0.31,0.0,0.0
2018-04-02,15.969,17.235,15.969,17.235,19243,331653.105,0.0,0.0,0.0,0.0,,0.31,0.0,0.0
2018-04-03,16.982,17.743,16.982,16.982,9000,152838.0,0.0,0.0,0.0,0.0,,0.31,0.0,0.0
2018-04-04,17.151,17.151,17.151,17.151,100,1715.1,0.0,0.0,0.0,0.0,,0.31,0.0,0.0
2018-04-05,17.743,18.587,16.982,18.587,13700,254641.9,0.0,0.0,0.0,0.0,,0.31,0.0,0.0
2018-04-06,16.053,16.053,16.053,16.053,200,3210.6000000000004,0.0,0.0,0.0,0.0,,0.31,0.0,0.0
2018-04-09,17.743,18.419,17.743,18.419,23300,429162.7,0.0,0.0,0.0,0.0,,0.31,0.0,0.0
2018-04-10,17.068,17.068,16.053,16.053,800,12842.4,0.0,0.0,0.0,0.0,,0.31,0.0,0.0
2018-04-11,18.587,18.587,18.587,18.587,65200,1211872.4,0.0,0.0,0.0,0.0,,0.31,0.0,0.0
2018-04-12,18.587,18.587,16.137,16.137,8200,132323.4,0.0,0.0,0.0,0.0,,0.31,0.0,0.0
2018-04-13,16.222,18.672,16.222,18.587,8000,148696.0,0.0,0.0,0.0,0.0,,0.31,0.0,0.0
2018-04-16,18.587,18.672,17.743,17.743,14100,250176.3,0.0,400.0,0.0,10000.0,,0.31,0.0,0.01
2018-04-17,18.587,18.587,18.587,18.587,1000,18587.0,0.0,0.0,0.0,0.0,,0.31,0.0,0.0
2018-04-18,18.419,18.757,16.053,18.587,15500,288098.5,0.0,0.0,0.0,0.0,,0.31,0.0,0.0
2018-04-19,18.587,18.587,18.587,18.587,12700,236054.9,0.0,0.0,0.0,0.0,,0.31,0.0,0.0
2018-04-20,18.587,18.587,18.587,18.587,16300,302968.1,0.0,0.0,0.0,0.0,,0.31,0.0,0.0
2018-04-23,18.503,18.672,18.503,18.672,21000,392112.0,0.0,0.0,0.0,0.0,,0.31,0.0,0.0
2018-04-24,17.996,17.996,17.996,17.996,3600,64785.6,0.0,0.0,0.0,0.0,,0.31,0.0,0.0
2018-04-26,18.587,18.757,16.898,18.587,20000,371740.0,0.0,0.0,0.0,0.0,,0.31,0.0,0.0
2018-04-27,18.25,18.25,18.25,18.25,0,0.0,0.0,0.0,0.0,0.0,,0.31,0.0,0.0
2018-05-02,18.587,19.01,18.587,18.587,29000,539023.0,0.0,0.0,0.0,0.0,,0.31,0.0,0.0
2018-05-03,18.757,18.757,18.757,18.757,0,0.0,0.0,0.0,0.0,0.0,,0.31,0.0,0.0
2018-05-04,18.587,18.587,18.587,18.587,1000,18587.0,0.0,0.0,0.0,0.0,,0.31,0.0,0.0
2018-05-07,18.757,18.757,18.757,18.757,1000,18757.0,0.0,0.0,0.0,0.0,,0.31,0.0,0.0
2018-05-08,17.321,17.321,17.321,17.321,1400,24249.4,0.0,0.0,0.0,0.0,,0.31,0.0,0.0
2018-05-09,17.321,17.321,17.321,17.321,0,0.0,0.0,0.0,0.0,0.0,,0.31,0.0,0.0
2018-05-10,17.321,17.321,17.321,17.321,0,0.0,0.0,0.0,0.0,0.0,,0.31,0.0,0.0
2018-05-11,17.743,17.743,17.321,17.321,1300,22517.300000000003,0.0,0.0,0.0,0.0,,0.31,0.0,0.0
2018-05-14,16.898,16.898,16.898,16.898,500,8449.0,0.0,0.0,0.0,0.0,,0.31,0.0,0.0
2018-05-15,16.898,16.898,16.898,16.898,0,0.0,0.0,0.0,0.0,0.0,,0.31,0.0,0.0
2018-05-16,18.587,18.587,18.587,18.587,100,1858.7,0.0,0.0,0.0,0.0,,0.31,0.0,0.0
2018-05-17,16.898,16.898,16.898,16.898,1000,16898.0,0.0,0.0,0.0,0.0,,0.31,0.0,0.0
2018-05-18,16.898,16.898,16.898,16.898,0,0.0,0.0,0.0,0.0,0.0,,0.31,0.0,0.0
2018-05-21,16.898,16.898,16.898,16.898,3,50.694,0.0,0.0,0.0,0.0,,0.31,0.0,0.0
2018-05-22,16.898,16.898,16.898,16.898,0,0.0,0.0,0.0,0.0,0.0,,0.31,0.0,0.0
2018-05-23,16.053,16.053,16.053,16.053,1105,17738.565000000002,0.0,0.0,0.0,0.0,,0.31,0.0,0.0
2018-05-24,16.053,16.053,16.053,16.053,0,0.0,0.0,0.0,0.0,0.0,,0.31,0.0,0.0
2018-05-25,16.053,16.053,16.053,16.053,0,0.0,0.0,0.0,0.0,0.0,,0.31,0.0,0.0
2018-05-28,16.053,16.053,16.053,16.053,0,0.0,0.0,0.0,0.0,0.0,,0.31,0.0,0.0
2018-05-29,16.053,16.053,16.053,16.053,0,0.0,0.0,0.0,0.0,0.0,,0.31,0.0,0.0
2018-05-30,16.053,16.053,16.053,16.053,0,0.0,0.0,0.0,0.0,0.0,,0.31,0.0,0.0
2018-05-31,16.053,16.053,16.053,16.053,0,0.0,0.0,0.0,0.0,0.0,,0.31,0.0,0.0
2018-06-01,16.053,16.053,16.053,16.053,0,0.0,0.0,0.0,0.0,0.0,,0.31,0.0,0.0
2018-06-04,16.053,16.053,16.053,16.053,0,0.0,0.0,0.0,0.0,0.0,,0.31,0.0,0.0
2018-06-05,16.053,16.053,16.053,16.053,0,0.0,0.0,0.0,0.0,0.0,,0.31,0.0,0.0
2018-06-06,16.053,16.053,16.053,16.053,0,0.0,0.0,0.0,0.0,0.0,,0.31,0.0,0.0
2018-06-07,16.053,16.053,16.053,16.053,0,0.0,0.0,0.0,0.0,0.0,,0.31,0.0,0.0
2018-06-08,16.053,16.053,16.053,16.053,0,0.0,0.0,0.0,0.0,0.0,,0.31,0.0,0.0
2018-06-11,16.053,16.053,16.053,16.053,0,0.0,0.0,0.0,0.0,0.0,,0.31,0.0,0.0
2018-06-12,16.053,16.053,16.053,16.053,0,0.0,0.0,0.0,0.0,0.0,,0.31,0.0,0.0
2018-06-13,16.053,16.053,16.053,16.053,0,0.0,0.0,0.0,0.0,0.0,,0.31,0.0,0.0
2018-06-14,16.053,16.053,16.053,16.053,500,8026.5,0.0,0.0,0.0,0.0,,0.31,0.0,0.0
2018-06-15,16.053,16.053,16.053,16.053,0,0.0,0.0,0.0,0.0,0.0,,0.31,0.0,0.0
2018-06-18,15.789,15.789,15.789,15.789,1000,15789.0,0.0,0.0,0.0,0.0,,0.31,0.0,0.0
2018-06-19,14.912,14.912,14.912,14.912,1000,14912.0,0.0,0.0,0.0,0.0,,0.31,0.0,0.0
2018-06-20,13.158,13.158,13.158,13.158,100,1315.8,0.0,0.0,0.0,0.0,,0.31,0.0,0.0
2018-06-21,11.842,11.842,11.842,11.842,100,1184.2,0.0,0.0,0.0,0.0,,0.31,0.0,0.0
2018-06-22,11.842,11.842,11.842,11.842,0,0.0,0.0,0.0,0.0,0.0,,0.31,0.0,0.0
2018-06-25,11.842,11.842,11.842,11.842,0,0.0,0.0,0.0,0.0,0.0,,0.31,0.0,0.0
2018-06-26,11.842,11.842,11.842,11.842,0,0.0,0.0,0.0,0.0,0.0,,0.31,0.0,0.0
2018-06-27,13.158,13.158,13.158,13.158,100,1315.8,0.0,0.0,0.0,0.0,,0.31,0.0,0.0
2018-06-28,13.158,13.158,13.158,13.158,2000,26316.0,0.0,0.0,0.0,0.0,,0.31,0.0,0.0
2018-06-29,15.087,15.087,15.087,15.087,1500,22630.5,0.0,0.0,0.0,0.0,,0.31,0.0,0.0
2018-07-02,15.087,15.087,15.087,15.087,2000,30174.0,0.0,0.0,0.0,0.0,,0.31,0.0,0.0
2018-07-03,15.087,15.087,15.087,15.087,500,7543.5,0.0,0.0,0.0,0.0,,0.31,0.0,0.0
2018-07-04,15.614,15.614,15.614,15.614,1600,24982.4,0.0,0.0,0.0,0.0,,0.31,0.0,0.0
2018-07-05,15.614,15.614,15.614,15.614,0,0.0,0.0,0.0,0.0,0.0,,0.31,0.0,0.0
2018-07-06,15.614,15.614,15.614,15.614,1000,15614.0,0.0,0.0,0.0,0.0,,0.31,0.0,0.0
2018-07-09,15.614,15.614,15.614,15.614,0,0.0,0.0,0.0,0.0,0.0,,0.31,0.0,0.0
2018-07-10,15.614,15.614,15.614,15.614,0,0.0,0.0,0.0,0.0,0.0,,0.31,0.0,0.0
2018-07-11,15.614,15.614,15.614,15.614,0,0.0,0.0,0.0,0.0,0.0,,0.31,0.0,0.0
2018-07-12,17.895,17.895,17.895,17.895,100,1789.5,0.0,0.0,0.0,0.0,,0.31,0.0,0.0
2018-07-13,17.895,17.895,17.895,17.895,0,0.0,0.0,0.0,0.0,0.0,,0.31,0.0,0.0
2018-07-16,15.263,20.176,15.263,20.176,200,4035.2,0.0,0.0,0.0,0.0,,0.31,0.0,0.0
2018-07-17,17.544,17.544,17.544,17.544,500,8772.0,0.0,0.0,0.0,0.0,,0.31,0.0,0.0
2018-07-18,16.667,16.667,16.667,16.667,3000,50001.00000000001,0.0,0.0,0.0,0.0,,0.31,0.0,0.0
2018-07-19,16.667,16.667,16.667,16.667,0,0.0,0.0,0.0,0.0,0.0,,0.31,0.0,0.0
2018-07-20,16.667,16.667,16.667,16.667,1000,16667.0,0.0,0.0,0.0,0.0,,0.31,0.0,0.0
2018-07-23,17.106,17.106,16.93,17.106,4300,73555.8,0.0,0.0,0.0,0.0,,0.31,0.0,0.0
2018-07-24,17.106,17.106,17.106,17.106,2000,34212.0,0.0,0.0,0.0,0.0,,0.31,0.0,0.0
2018-07-25,17.106,17.106,17.106,17.106,2000,34212.0,0.0,0.0,0.0,0.0,,0.31,0.0,0.0
2018-07-26,17.106,17.106,17.106,17.106,0,0.0,0.0,0.0,0.0,0.0,,0.31,0.0,0.0
2018-07-27,17.106,17.106,17.106,17.106,0,0.0,0.0,0.0,0.0,0.0,,0.31,0.0,0.0
2018-07-30,16.667,16.667,16.667,16.667,2000,33334.0,0.0,0.0,0.0,0.0,,0.31,0.0,0.0
2018-07-31,16.667,16.667,16.667,16.667,0,0.0,0.0,0.0,0.0,0.0,,0.31,0.0,0.0
2018-08-01,16.667,16.667,16.667,16.667,0,0.0,0.0,0.0,0.0,0.0,,0.31,0.0,0.0
2018-08-02,16.667,16.667,16.667,16.667,0,0.0,0.0,0.0,0.0,0.0,,0.31,0.0,0.0
2018-08-03,16.667,16.667,16.667,16.667,1000,16667.0,0.0,0.0,0.0,0.0,,0.31,0.0,0.0
2018-08-06,16.667,16.667,16.667,16.667,4000,66668.0,0.0,0.0,0.0,0.0,,0.31,0.0,0.0
2018-08-07,16.667,16.667,16.667,16.667,1000,16667.0,0.0,0.0,0.0,0.0,,0.31,0.0,0.0
2018-08-08,16.667,16.667,16.667,16.667,2900,48334.3,0.0,0.0,0.0,0.0,,0.31,0.0,0.0
2018-08-09,16.667,16.667,16.667,16.667,5000,83335.00000000001,0.0,0.0,0.0,0.0,,0.31,0.0,0.0
2018-08-10,17.106,17.544,17.106,17.544,6000,105264.0,0.0,0.0,0.0,0.0,,0.31,0.0,0.0
2018-08-13,17.544,17.808,17.544,17.808,25000,445200.0,0.0,0.0,0.0,0.0,,0.31,0.0,0.0
2018-08-14,15.087,17.983,15.087,17.808,19600,349036.8,0.0,0.0,0.0,0.0,,0.31,0.0,0.0
2018-08-15,17.544,17.544,15.176,15.176,3000,45528.0,0.0,0.0,0.0,0.0,,0.31,0.0,0.0
2018-08-16,15.965,15.965,15.965,15.965,0,0.0,0.0,0.0,0.0,0.0,,0.31,0.0,0.0
2018-08-17,15.965,15.965,15.965,15.965,0,0.0,0.0,0.0,0.0,0.0,,0.31,0.0,0.0
2018-08-20,16.667,16.667,16.667,16.667,3000,50001.00000000001,0.0,0.0,0.0,0.0,,0.31,0.0,0.0
2018-08-21,16.667,16.667,16.667,16.667,0,0.0,0.0,0.0,0.0,0.0,,0.31,0.0,0.0
2018-08-22,16.667,16.667,16.667,16.667,13000,216671.00000000003,0.0,0.0,0.0,0.0,,0.31,0.0,0.0
2018-08-23,16.667,16.667,16.667,16.667,0,0.0,0.0,0.0,0.0,0.0,,0.31,0.0,0.0
2018-08-24,16.667,16.667,16.667,16.667,0,0.0,0.0,0.0,0.0,0.0,,0.31,0.0,0.0
2018-08-27,16.667,16.667,16.667,16.667,0,0.0,0.0,0.0,0.0,0.0,,0.31,0.0,0.0
2018-08-28,16.667,16.667,16.667,16.667,1000,16667.0,0.0,0.0,0.0,0.0,,0.31,0.0,0.0
2018-08-29,16.667,16.667,16.667,16.667,0,0.0,0.0,0.0,0.0,0.0,,0.31,0.0,0.0
2018-08-30,16.667,17.544,16.667,17.544,7000,122808.0,0.0,0.0,0.0,0.0,,0.31,0.0,0.0
2018-08-31,16.93,16.93,16.93,16.93,0,0.0,0.0,0.0,0.0,0.0,,0.31,0.0,0.0
2018-09-04,17.983,17.983,17.983,17.983,1000,17983.0,0.0,0.0,0.0,0.0,,0.31,0.0,0.0
2018-09-05,17.983,17.983,17.983,17.983,0,0.0,0.0,0.0,0.0,0.0,,0.31,0.0,0.0
2018-09-06,17.983,17.983,17.983,17.983,0,0.0,0.0,0.0,0.0,0.0,,0.31,0.0,0.0
2018-09-07,17.983,17.983,17.983,17.983,10000,179830.0,0.0,0.0,0.0,0.0,,0.31,0.0,0.0
2018-09-10,17.983,17.983,17.983,17.983,0,0.0,0.0,0.0,0.0,0.0,,0.31,0.0,0.0
2018-09-11,17.544,17.544,17.544,17.544,1000,17544.0,0.0,0.0,0.0,0.0,,0.31,0.0,0.0
2018-09-12,17.544,17.544,17.544,17.544,0,0.0,0.0,0.0,0.0,0.0,,0.31,0.0,0.0
2018-09-13,17.544,17.544,17.544,17.544,6100,107018.4,0.0,0.0,0.0,0.0,,0.31,0.0,0.0
2018-09-14,17.544,17.544,17.544,17.544,0,0.0,0.0,0.0,0.0,0.0,,0.31,0.0,0.0
2018-09-17,17.544,17.544,17.544,17.544,0,0.0,0.0,0.0,0.0,0.0,,0.31,0.0,0.0
2018-09-18,17.544,17.544,17.544,17.544,0,0.0,0.0,0.0,0.0,0.0,,0.31,0.0,0.0
2018-09-19,17.544,17.544,17.544,17.544,1000,17544.0,0.0,0.0,0.0,0.0,,0.31,0.0,0.0
2018-09-20,17.544,17.544,17.544,17.544,1000,17544.0,0.0,0.0,0.0,0.0,,0.31,0.0,0.0
2018-09-21,17.544,17.544,17.544,17.544,2800,49123.2,0.0,0.0,0.0,0.0,,0.31,0.0,0.0
2018-09-24,17.544,17.544,17.544,17.544,3500,61404.0,0.0,0.0,0.0,0.0,,0.31,0.0,0.0
2018-09-25,17.544,17.544,17.544,17.544,0,0.0,0.0,0.0,0.0,0.0,,0.31,0.0,0.0
2018-09-26,18.422,18.422,18.422,18.422,17000,313174.0,0.0,0.0,0.0,0.0,,0.31,0.0,0.0
2018-09-27,18.422,18.422,18.422,18.422,6000,110532.0,0.0,0.0,0.0,0.0,,0.31,0.0,0.0
2018-09-28,18.422,18.861,18.422,18.861,7500,141457.5,0.0,0.0,0.0,0.0,,0.31,0.0,0.0
2018-10-01,19.299,19.299,19.299,19.299,10000,192990.0,0.0,0.0,0.0,0.0,,0.31,0.0,0.0
2018-10-02,18.861,18.861,18.422,18.422,2000,36844.0,0.0,0.0,0.0,0.0,,0.31,0.0,0.0
2018-10-03,19.299,19.299,19.299,19.299,1000,19299.0,0.0,0.0,0.0,0.0,,0.31,0.0,0.0
2018-10-04,16.667,16.667,16.667,16.667,100,1666.7000000000005,0.0,0.0,0.0,0.0,,0.31,0.0,0.0
2018-10-05,16.667,16.667,16.667,16.667,0,0.0,0.0,0.0,0.0,0.0,,0.31,0.0,0.0
2018-10-08,16.667,16.667,16.667,16.667,0,0.0,0.0,0.0,0.0,0.0,,0.31,0.0,0.0
2018-10-09,16.842,16.842,16.842,16.842,100,1684.1999999999998,0.0,0.0,0.0,0.0,,0.31,0.0,0.0
2018-10-10,18.422,18.861,18.422,18.861,4000,75444.0,0.0,0.0,0.0,0.0,,0.31,0.0,0.0
2018-10-11,18.51,18.51,18.51,18.51,0,0.0,0.0,0.0,0.0,0.0,,0.31,0.0,0.0
2018-10-12,18.51,18.51,18.51,18.51,0,0.0,0.0,0.0,0.0,0.0,,0.31,0.0,0.0
2018-10-15,16.667,18.422,16.667,18.422,200,3684.4,0.0,0.0,0.0,0.0,,0.31,0.0,0.0
2018-10-16,17.544,17.544,17.544,17.544,0,0.0,0.0,0.0,0.0,0.0,,0.31,0.0,0.0
2018-10-17,17.544,17.544,17.544,17.544,0,0.0,0.0,0.0,0.0,0.0,,0.31,0.0,0.0
2018-10-18,19.299,19.299,19.299,19.299,3000,57897.0,0.0,0.0,0.0,0.0,,0.31,0.0,0.0
2018-10-19,17.544,21.054,17.544,21.054,800,16843.199999999997,0.0,0.0,0.0,0.0,,0.31,0.0,0.0
2018-10-22,17.544,22.368,17.544,18.51,1900,35169.0,0.0,0.0,0.0,0.0,,0.31,0.0,0.0
2018-10-23,22.368,22.368,22.368,22.368,100,2236.8,0.0,0.0,0.0,0.0,,0.31,0.0,0.0
2018-10-24,25.263,25.263,21.054,21.93,2000,43860.0,0.0,0.0,0.0,0.0,,0.31,0.0,0.0
2018-10-25,18.422,21.93,18.422,21.93,1500,32895.0,0.0,0.0,0.0,0.0,,0.31,0.0,0.0
2018-10-26,19.737,19.737,19.737,19.737,100,1973.7,0.0,0.0,0.0,0.0,,0.31,0.0,0.0
2018-10-29,21.492,21.492,21.492,21.492,500,10746.0,0.0,0.0,0.0,0.0,,0.31,0.0,0.0
2018-10-30,21.492,21.492,21.492,21.492,0,0.0,0.0,0.0,0.0,0.0,,0.31,0.0,0.0
2018-10-31,19.825,19.825,19.825,19.825,100,1982.5,0.0,0.0,0.0,0.0,,0.31,0.0,0.0
2018-11-01,19.825,19.825,19.825,19.825,0,0.0,0.0,0.0,0.0,0.0,,0.31,0.0,0.0
2018-11-02,19.825,19.825,19.825,19.825,0,0.0,0.0,0.0,0.0,0.0,,0.31,0.0,0.0
2018-11-05,19.825,19.825,19.825,19.825,0,0.0,0.0,0.0,0.0,0.0,,0.31,0.0,0.0
2018-11-06,19.825,19.825,19.825,19.825,0,0.0,0.0,0.0,0.0,0.0,,0.31,0.0,0.0
2018-11-07,19.825,19.825,19.825,19.825,0,0.0,0.0,0.0,0.0,0.0,,0.31,0.0,0.0
2018-11-08,19.825,19.825,19.825,19.825,0,0.0,0.0,0.0,0.0,0.0,,0.31,0.0,0.0
2018-11-09,19.825,19.825,19.825,19.825,0,0.0,0.0,0.0,0.0,0.0,,0.31,0.0,0.0
2018-11-12,19.825,19.825,19.825,19.825,0,0.0,0.0,0.0,0.0,0.0,,0.31,0.0,0.0
2018-11-13,19.825,19.825,19.825,19.825,0,0.0,0.0,0.0,0.0,0.0,,0.31,0.0,0.0
2018-11-14,22.719,22.719,22.719,22.719,100,2271.9,0.0,0.0,0.0,0.0,,0.31,0.0,0.0
2018-11-15,23.509,23.509,23.509,23.509,100,2350.9,0.0,0.0,0.0,0.0,,0.31,0.0,0.0
2018-11-16,20.176,20.176,20.176,20.176,100,2017.6,0.0,0.0,0.0,0.0,,0.31,0.0,0.0
2018-11-19,20.176,20.176,20.176,20.176,0,0.0,0.0,0.0,0.0,0.0,,0.31,0.0,0.0
2018-11-20,20.176,20.176,20.176,20.176,0,0.0,0.0,0.0,0.0,0.0,,0.31,0.0,0.0
2018-11-21,20.176,20.176,20.176,20.176,0,0.0,0.0,0.0,0.0,0.0,,0.31,0.0,0.0
2018-11-22,20.176,20.176,20.176,20.176,0,0.0,0.0,0.0,0.0,0.0,,0.31,0.0,0.0
2018-11-23,20.176,20.176,20.176,20.176,0,0.0,0.0,0.0,0.0,0.0,,0.31,0.0,0.0
2018-11-26,20.352,20.352,20.352,20.352,1000,20352.0,0.0,0.0,0.0,0.0,,0.31,0.0,0.0
2018-11-27,20.352,20.352,20.352,20.352,600,12211.2,0.0,0.0,0.0,0.0,,0.31,0.0,0.0
2018-11-28,20.352,20.352,20.352,20.352,0,0.0,0.0,0.0,0.0,0.0,,0.31,0.0,0.0
2018-11-29,20.352,20.352,20.352,20.352,0,0.0,0.0,0.0,0.0,0.0,,0.31,0.0,0.0
2018-11-30,20.352,20.352,20.352,20.352,0,0.0,0.0,0.0,0.0,0.0,,0.31,0.0,0.0
2018-12-03,21.93,21.93,21.93,21.93,100,2193.0,0.0,0.0,0.0,0.0,,0.31,0.0,0.0
2018-12-04,21.93,21.93,21.93,21.93,600,13158.0,0.0,0.0,0.0,0.0,,0.31,0.0,0.0
2018-12-05,21.93,21.93,21.93,21.93,0,0.0,0.0,0.0,0.0,0.0,,0.31,0.0,0.0
2018-12-06,21.93,21.93,21.93,21.93,0,0.0,0.0,0.0,0.0,0.0,,0.31,0.0,0.0
2018-12-07,21.93,21.93,21.93,21.93,0,0.0,0.0,0.0,0.0,0.0,,0.31,0.0,0.0
2018-12-10,21.93,21.93,21.93,21.93,0,0.0,0.0,0.0,0.0,0.0,,0.31,0.0,0.0
2018-12-11,21.93,21.93,21.93,21.93,0,0.0,0.0,0.0,0.0,0.0,,0.31,0.0,0.0
2018-12-12,21.93,21.93,21.93,21.93,2000,43860.0,0.0,0.0,0.0,0.0,,0.31,0.0,0.0
2018-12-13,21.93,21.93,21.93,21.93,1000,21930.0,0.0,0.0,0.0,0.0,,0.31,0.0,0.0
2018-12-14,21.93,21.93,21.93,21.93,0,0.0,0.0,0.0,0.0,0.0,,0.31,0.0,0.0
2018-12-17,21.93,21.93,21.93,21.93,0,0.0,0.0,0.0,0.0,0.0,,0.31,0.0,0.0
2018-12-18,18.948,23.159,18.948,23.159,300,6947.7,0.0,0.0,0.0,0.0,,0.31,0.0,0.0
2018-12-19,21.755,21.755,21.755,21.755,0,0.0,0.0,0.0,0.0,0.0,,0.31,0.0,0.0
2018-12-20,21.755,21.755,21.755,21.755,0,0.0,0.0,0.0,0.0,0.0,,0.31,0.0,0.0
2018-12-21,22.808,22.808,21.93,21.93,3600,78948.0,0.0,0.0,0.0,0.0,,0.31,0.0,0.0
2018-12-24,25.439,25.439,25.439,25.439,100,2543.9,0.0,0.0,0.0,0.0,,0.31,0.0,0.0
2018-12-25,21.93,27.633,21.93,27.633,300,8289.9,0.0,0.0,0.0,0.0,,0.31,0.0,0.0
2018-12-26,25.702,25.702,25.702,25.702,0,0.0,0.0,0.0,0.0,0.0,,0.31,0.0,0.0
2018-12-27,25.702,25.702,25.702,25.702,0,0.0,0.0,0.0,0.0,0.0,,0.31,0.0,0.0
2018-12-28,25.702,25.702,25.702,25.702,0,0.0,0.0,0.0,0.0,0.0,,0.31,0.0,0.0
2019-01-02,25.702,25.702,25.702,25.702,3,77.10600000000001,0.0,0.0,0.0,0.0,,0.31,0.0,0.0
2019-01-03,21.93,25.79,21.93,25.79,426,10986.54,0.0,0.0,0.0,0.0,,0.31,0.0,0.0
2019-01-04,24.825,24.825,24.825,24.825,0,0.0,0.0,0.0,0.0,0.0,,0.31,0.0,0.0
2019-01-07,24.561,24.561,24.561,24.561,300,7368.3,0.0,0.0,0.0,0.0,,0.31,0.0,0.0
2019-01-08,24.561,24.561,24.561,24.561,0,0.0,0.0,0.0,0.0,0.0,,0.31,0.0,0.0
2019-01-09,24.561,24.561,24.561,24.561,500,12280.5,0.0,0.0,0.0,0.0,,0.31,0.0,0.0
2019-01-10,20.878,24.474,20.878,24.474,600,14684.4,0.0,0.0,0.0,0.0,,0.31,0.0,0.0
2019-01-11,21.054,23.597,21.054,23.597,200,4719.400000000001,0.0,0.0,0.0,0.0,,0.31,0.0,0.0
2019-01-14,23.685,23.685,23.685,23.685,16700,395539.5,0.0,0.0,0.0,0.0,,0.31,0.0,0.0
2019-01-15,23.685,23.685,23.685,23.685,0,0.0,0.0,0.0,0.0,0.0,,0.31,0.0,0.0
2019-01-16,23.685,23.685,23.685,23.685,0,0.0,0.0,0.0,0.0,0.0,,0.31,0.0,0.0
2019-01-17,23.685,23.685,23.685,23.685,0,0.0,0.0,0.0,0.0,0.0,,0.31,0.0,0.0
2019-01-18,23.685,23.685,23.685,23.685,0,0.0,0.0,0.0,0.0,0.0,,0.31,0.0,0.0
2019-01-21,23.685,23.685,23.685,23.685,1000,23685.0,0.0,0.0,0.0,0.0,,0.31,0.0,0.0
2019-01-22,23.685,23.685,23.685,23.685,900,21316.5,0.0,0.0,0.0,0.0,,0.31,0.0,0.0
2019-01-23,23.685,23.685,23.685,23.685,0,0.0,0.0,0.0,0.0,0.0,,0.31,0.0,0.0
2019-01-24,23.685,23.685,23.685,23.685,0,0.0,0.0,0.0,0.0,0.0,,0.31,0.0,0.0
2019-01-25,23.685,23.685,23.685,23.685,0,0.0,0.0,0.0,0.0,0.0,,0.31,0.0,0.0
2019-01-28,23.685,23.685,23.685,23.685,1100,26053.5,0.0,0.0,0.0,0.0,,0.31,0.0,0.0
2019-01-29,23.685,23.685,23.685,23.685,0,0.0,0.0,0.0,0.0,0.0,,0.31,0.0,0.0
2019-01-30,22.808,22.808,22.808,22.808,100,2280.8,0.0,0.0,0.0,0.0,,0.31,0.0,0.0
2019-01-31,21.492,21.492,21.492,21.492,950,20417.4,0.0,0.0,0.0,0.0,,0.31,0.0,0.0
2019-02-01,21.93,24.65,21.93,24.65,400,9860.0,0.0,0.0,0.0,0.0,,0.31,0.0,0.0
2019-02-11,22.632,22.632,22.632,22.632,0,0.0,0.0,0.0,0.0,0.0,,0.31,0.0,0.0
2019-02-12,22.632,22.632,22.632,22.632,0,0.0,0.0,0.0,0.0,0.0,,0.31,0.0,0.0
2019-02-13,22.632,22.632,22.632,22.632,0,0.0,0.0,0.0,0.0,0.0,,0.31,0.0,0.0
2019-02-14,22.632,22.632,22.632,22.632,0,0.0,0.0,0.0,0.0,0.0,,0.31,0.0,0.0
2019-02-15,22.632,22.632,22.632,22.632,17,384.744,0.0,0.0,0.0,0.0,,0.31,0.0,0.0
2019-02-18,22.632,22.632,22.632,22.632,0,0.0,0.0,0.0,0.0,0.0,,0.31,0.0,0.0
2019-02-19,22.632,22.632,22.632,22.632,0,0.0,0.0,0.0,0.0,0.0,,0.31,0.0,0.0
2019-02-20,22.632,22.632,22.632,22.632,0,0.0,0.0,0.0,0.0,0.0,,0.31,0.0,0.0
2019-02-21,22.632,22.632,22.632,22.632,17,384.744,0.0,0.0,0.0,0.0,,0.31,0.0,0.0
2019-02-22,22.632,22.632,22.632,22.632,0,0.0,0.0,0.0,0.0,0.0,,0.31,0.0,0.0
2019-02-25,19.386,25.878,19.386,25.878,200,5175.6,0.0,0.0,0.0,0.0,,0.31,0.0,0.0
2019-02-26,22.632,22.632,22.632,22.632,0,0.0,0.0,0.0,0.0,0.0,,0.31,0.0,0.0
2019-02-27,21.93,21.93,21.93,21.93,1000,21930.0,0.0,0.0,0.0,0.0,,0.31,0.0,0.0
2019-02-28,21.93,21.93,21.93,21.93,1600,35088.0,0.0,0.0,0.0,0.0,,0.31,0.0,0.0
2019-03-01,21.93,21.93,21.93,21.93,0,0.0,0.0,0.0,0.0,0.0,,0.31,0.0,0.0
2019-03-04,21.93,21.93,21.93,21.93,2000,43860.0,0.0,0.0,0.0,0.0,,0.31,0.0,0.0
2019-03-05,21.93,21.93,21.93,21.93,2000,43860.0,0.0,0.0,0.0,0.0,,0.31,0.0,0.0
2019-03-06,21.93,21.93,21.93,21.93,0,0.0,0.0,0.0,0.0,0.0,,0.31,0.0,0.0
2019-03-07,22.017,22.017,21.93,21.93,1000,21930.0,0.0,0.0,0.0,0.0,,0.31,0.0,0.0
2019-03-08,21.93,21.93,21.93,21.93,0,0.0,0.0,0.0,0.0,0.0,,0.31,0.0,0.0
2019-03-11,21.93,21.93,21.93,21.93,500,10965.0,0.0,0.0,0.0,0.0,,0.31,0.0,0.0
2019-03-12,21.93,21.93,21.93,21.93,300,6579.0,0.0,0.0,0.0,0.0,,0.31,0.0,0.0
2019-03-13,21.93,21.93,21.93,21.93,0,0.0,0.0,0.0,0.0,0.0,,0.31,0.0,0.0
2019-03-14,21.93,21.93,21.93,21.93,0,0.0,0.0,0.0,0.0,0.0,,0.31,0.0,0.0
2019-03-15,19.299,22.719,19.299,22.632,1200,27158.4,0.0,0.0,0.0,0.0,,0.31,0.0,0.0
2019-03-18,19.299,19.299,19.299,19.299,1000,19299.0,0.0,0.0,0.0,0.0,,0.31,0.0,0.0
2019-03-19,19.299,19.299,19.299,19.299,0,0.0,0.0,0.0,0.0,0.0,,0.31,0.0,0.0
2019-03-20,22.193,22.193,22.193,22.193,2200,48824.600000000006,0.0,0.0,0.0,0.0,,0.31,0.0,0.0
2019-03-21,25.439,25.439,25.439,25.439,100,2543.9,0.0,0.0,0.0,0.0,,0.31,0.0,0.0
2019-03-22,28.948,28.948,28.948,28.948,100,2894.8,0.0,0.0,0.0,0.0,,0.31,0.0,0.0
2019-03-25,28.948,28.948,28.948,28.948,0,0.0,0.0,0.0,0.0,0.0,,0.31,0.0,0.0
2019-03-26,28.948,28.948,28.948,28.948,0,0.0,0.0,0.0,0.0,0.0,,0.31,0.0,0.0
2019-03-27,28.948,28.948,28.948,28.948,100,2894.8,100.0,0.0,0.0,0.0,,0.31,0.0,0.0
2019-03-28,28.948,28.948,28.948,28.948,1,28.948,0.0,0.0,0.0,0.0,,0.31,0.0,0.0
2019-03-29,28.948,28.948,28.948,28.948,0,0.0,0.0,0.0,0.0,0.0,,0.31,0.0,0.0
2019-04-01,28.948,28.948,28.948,28.948,20,578.96,0.0,0.0,0.0,0.0,,0.31,0.0,0.0
2019-04-02,28.948,28.948,28.948,28.948,0,0.0,0.0,0.0,0.0,0.0,,0.31,0.0,0.0
2019-04-03,28.948,28.948,28.948,28.948,0,0.0,0.0,0.0,0.0,0.0,,0.31,0.0,0.0
2019-04-04,28.948,28.948,28.948,28.948,0,0.0,0.0,0.0,0.0,0.0,,0.31,0.0,0.0
2019-04-05,28.948,28.948,28.948,28.948,0,0.0,0.0,0.0,0.0,0.0,,0.31,0.0,0.0
2019-04-08,28.948,28.948,28.948,28.948,0,0.0,0.0,0.0,0.0,0.0,,0.31,0.0,0.0
2019-04-09,24.65,24.65,24.65,24.65,100,2465.0,0.0,0.0,0.0,0.0,,0.31,0.0,0.0
2019-04-10,24.65,24.65,24.65,24.65,0,0.0,0.0,0.0,0.0,0.0,,0.31,0.0,0.0
2019-04-11,24.65,24.65,24.65,24.65,0,0.0,0.0,0.0,0.0,0.0,,0.31,0.0,0.0
2019-04-12,24.65,24.65,24.65,24.65,0,0.0,0.0,0.0,0.0,0.0,,0.31,0.0,0.0
2019-04-16,24.65,24.65,24.65,24.65,0,0.0,0.0,0.0,0.0,0.0,,0.31,0.0,0.0
2019-04-17,24.65,24.65,24.65,24.65,0,0.0,0.0,0.0,0.0,0.0,,0.31,0.0,0.0
2019-04-18,24.65,24.65,24.65,24.65,0,0.0,0.0,0.0,0.0,0.0,,0.31,0.0,0.0
2019-04-19,24.65,24.65,24.65,24.65,0,0.0,0.0,0.0,0.0,0.0,,0.31,0.0,0.0
2019-04-22,24.65,24.65,24.65,24.65,0,0.0,0.0,0.0,0.0,0.0,,0.31,0.0,0.0
2019-04-23,27.984,27.984,27.984,27.984,100,2798.4,0.0,0.0,0.0,0.0,,0.31,0.0,0.0
2019-04-24,32.018,32.018,23.86,31.491,900,28341.9,0.0,0.0,0.0,0.0,,0.31,0.0,0.0
2019-04-25,31.229,31.229,31.229,31.229,100,3122.9,0.0,0.0,0.0,0.0,,0.31,0.0,0.0
2019-04-26,31.229,31.229,31.229,31.229,0,0.0,0.0,0.0,0.0,0.0,,0.31,0.0,0.0
2019-05-02,31.229,31.229,31.229,31.229,0,0.0,0.0,0.0,0.0,0.0,,0.31,0.0,0.0
2019-05-03,31.229,31.229,31.229,31.229,0,0.0,0.0,0.0,0.0,0.0,,0.31,0.0,0.0
2019-05-06,31.229,31.229,31.229,31.229,0,0.0,0.0,0.0,0.0,0.0,,0.31,0.0,0.0
2019-05-07,31.229,31.229,31.229,31.229,0,0.0,0.0,0.0,0.0,0.0,,0.31,0.0,0.0
2019-05-08,31.229,31.229,31.229,31.229,0,0.0,0.0,0.0,0.0,0.0,,0.31,0.0,0.0
2019-05-09,31.229,31.229,31.229,31.229,0,0.0,0.0,0.0,0.0,0.0,,0.31,0.0,0.0
2019-05-10,33.246,33.246,33.246,33.246,100,3324.6000000000004,0.0,0.0,0.0,0.0,,0.31,0.0,0.0
2019-05-13,33.246,33.246,33.246,33.246,0,0.0,0.0,0.0,0.0,0.0,,0.31,0.0,0.0
2019-05-14,33.246,33.246,33.246,33.246,0,0.0,0.0,0.0,0.0,0.0,,0.31,0.0,0.0
2019-05-15,36.668,36.668,28.335,28.335,200,5667.0,0.0,0.0,0.0,0.0,,0.31,0.0,0.0
2019-05-16,32.544,32.544,32.544,32.544,0,0.0,0.0,0.0,0.0,0.0,,0.31,0.0,0.0
2019-05-17,32.544,32.544,32.544,32.544,0,0.0,0.0,0.0,0.0,0.0,,0.31,0.0,0.0
2019-05-20,27.72,34.124,27.72,34.124,300,10237.2,0.0,0.0,0.0,0.0,,0.31,0.0,0.0
2019-05-21,35.001,35.001,35.001,35.001,100,3500.1,0.0,0.0,0.0,0.0,,0.31,0.0,0.0
2019-05-22,35.001,35.001,35.001,35.001,0,0.0,0.0,0.0,0.0,0.0,,0.31,0.0,0.0
2019-05-23,35.001,35.001,35.001,35.001,0,0.0,0.0,0.0,0.0,0.0,,0.31,0.0,0.0
2019-05-24,35.001,35.001,35.001,35.001,0,0.0,0.0,0.0,0.0,0.0,,0.31,0.0,0.0
2019-05-27,35.001,35.001,35.001,35.001,0,0.0,0.0,0.0,0.0,0.0,,0.31,0.0,0.0
2019-05-28,35.001,35.001,35.001,35.001,0,0.0,0.0,0.0,0.0,0.0,,0.31,0.0,0.0
2019-05-29,35.001,35.001,35.001,35.001,0,0.0,0.0,0.0,0.0,0.0,,0.31,0.0,0.0
2019-05-30,35.001,35.001,35.001,35.001,0,0.0,0.0,0.0,0.0,0.0,,0.31,0.0,0.0
2019-05-31,35.001,35.001,35.001,35.001,0,0.0,0.0,0.0,0.0,0.0,,0.31,0.0,0.0
2019-06-03,35.001,35.001,35.001,35.001,0,0.0,0.0,0.0,0.0,0.0,,0.31,0.0,0.0
2019-06-04,35.001,35.001,35.001,35.001,0,0.0,0.0,0.0,0.0,0.0,,0.31,0.0,0.0
2019-06-05,35.001,35.001,35.001,35.001,0,0.0,0.0,0.0,0.0,0.0,,0.31,0.0,0.0
2019-06-06,35.001,35.001,35.001,35.001,0,0.0,0.0,0.0,0.0,0.0,,0.31,0.0,0.0
2019-06-07,35.001,35.001,35.001,35.001,0,0.0,0.0,0.0,0.0,0.0,,0.31,0.0,0.0
2019-06-10,35.001,35.001,35.001,35.001,0,0.0,0.0,0.0,0.0,0.0,,0.31,0.0,0.0
2019-06-11,35.001,35.001,35.001,35.001,0,0.0,0.0,0.0,0.0,0.0,,0.31,0.0,0.0
2019-06-12,35.001,35.001,35.001,35.001,0,0.0,0.0,0.0,0.0,0.0,,0.31,0.0,0.0
2019-06-13,35.001,35.001,35.001,35.001,0,0.0,0.0,0.0,0.0,0.0,,0.31,0.0,0.0
2019-06-14,29.988,29.988,29.988,29.988,300,8996.4,0.0,0.0,0.0,0.0,,0.31,0.0,0.0
2019-06-17,26.433,26.433,26.433,26.433,500,13216.5,0.0,0.0,0.0,0.0,,0.31,0.0,0.0
2019-06-18,30.352,30.352,22.787,29.896,1200,35875.200000000004,0.0,0.0,0.0,0.0,,0.31,0.0,0.0
2019-06-19,26.98,26.98,26.98,26.98,0,0.0,0.0,0.0,0.0,0.0,,0.31,0.0,0.0
2019-06-20,26.98,26.98,26.98,26.98,0,0.0,0.0,0.0,0.0,0.0,,0.31,0.0,0.0
2019-06-21,26.98,26.98,26.98,26.98,0,0.0,0.0,0.0,0.0,0.0,,0.31,0.0,0.0
2019-06-24,26.98,26.98,26.98,26.98,0,0.0,0.0,0.0,0.0,0.0,,0.31,0.0,0.0
2019-06-25,26.98,26.98,26.98,26.98,0,0.0,0.0,0.0,0.0,0.0,,0.31,0.0,0.0
2019-06-26,26.98,26.98,26.98,26.98,0,0.0,0.0,0.0,0.0,0.0,,0.31,0.0,0.0
2019-06-27,26.98,26.98,26.98,26.98,0,0.0,0.0,0.0,0.0,0.0,,0.31,0.0,0.0
2019-06-28,26.98,26.98,26.98,26.98,0,0.0,0.0,0.0,0.0,0.0,,0.31,0.0,0.0
2019-07-01,26.98,26.98,26.98,26.98,0,0.0,0.0,0.0,0.0,0.0,,0.31,0.0,0.0
2019-07-02,26.98,26.98,26.98,26.98,0,0.0,0.0,0.0,0.0,0.0,,0.31,0.0,0.0
2019-07-03,26.98,26.98,26.98,26.98,10,269.8,0.0,0.0,0.0,0.0,,0.31,0.0,0.0
2019-07-04,26.98,26.98,26.98,26.98,0,0.0,0.0,0.0,0.0,0.0,,0.31,0.0,0.0
2019-07-05,23.242,23.242,23.242,23.242,2500,58105.0,0.0,0.0,0.0,0.0,,0.31,0.0,0.0
2019-07-08,26.706,26.706,26.706,26.706,136,3632.016,0.0,0.0,0.0,0.0,,0.31,0.0,0.0
2019-07-09,23.242,23.242,23.242,23.242,3200,74374.40000000001,0.0,0.0,0.0,0.0,,0.31,0.0,0.0
2019-07-10,26.433,26.433,26.433,26.433,100,2643.3,0.0,0.0,0.0,0.0,,0.31,0.0,0.0
2019-07-11,26.433,26.433,26.433,26.433,0,0.0,0.0,0.0,0.0,0.0,,0.31,0.0,0.0
2019-07-12,26.433,26.433,26.433,26.433,0,0.0,0.0,0.0,0.0,0.0,,0.31,0.0,0.0
2019-07-15,26.433,26.433,26.433,26.433,0,0.0,0.0,0.0,0.0,0.0,,0.31,0.0,0.0
2019-07-16,26.433,26.433,26.433,26.433,0,0.0,0.0,0.0,0.0,0.0,,0.31,0.0,0.0
2019-07-17,26.433,26.433,26.433,26.433,0,0.0,0.0,0.0,0.0,0.0,,0.31,0.0,0.0
2019-07-18,27.8,27.8,27.8,27.8,100,2780.0,0.0,0.0,0.0,0.0,,0.31,0.0,0.0
2019-07-19,28.256,28.256,28.256,28.256,100,2825.6,0.0,0.0,0.0,0.0,,0.31,0.0,0.0
2019-07-22,29.623,29.623,29.623,29.623,100,2962.3,0.0,0.0,0.0,0.0,,0.31,0.0,0.0
2019-07-23,29.623,29.623,29.623,29.623,0,0.0,0.0,0.0,0.0,0.0,,0.31,0.0,0.0
2019-07-24,29.623,29.623,29.623,29.623,0,0.0,0.0,0.0,0.0,0.0,,0.31,0.0,0.0
2019-07-25,29.623,29.623,29.623,29.623,0,0.0,0.0,0.0,0.0,0.0,,0.31,0.0,0.0
2019-07-26,29.623,29.623,29.623,29.623,0,0.0,0.0,0.0,0.0,0.0,,0.31,0.0,0.0
2019-07-29,31.902,31.902,31.902,31.902,100,3190.2000000000003,0.0,0.0,0.0,0.0,,0.31,0.0,0.0
2019-07-30,31.902,31.902,31.902,31.902,0,0.0,0.0,0.0,0.0,0.0,,0.31,0.0,0.0
2019-07-31,31.902,31.902,31.902,31.902,0,0.0,0.0,0.0,0.0,0.0,,0.31,0.0,0.0
2019-08-01,36.642,36.642,36.642,36.642,100,3664.2,0.0,0.0,0.0,0.0,,0.31,0.0,0.0
2019-08-02,36.642,36.642,36.642,36.642,0,0.0,0.0,0.0,0.0,0.0,,0.31,0.0,0.0
2019-08-05,36.642,36.642,36.642,36.642,0,0.0,0.0,0.0,0.0,0.0,,0.31,0.0,0.0
2019-08-06,36.642,36.642,36.642,36.642,0,0.0,0.0,0.0,0.0,0.0,,0.31,0.0,0.0
2019-08-07,36.642,36.642,36.642,36.642,0,0.0,0.0,0.0,0.0,0.0,,0.31,0.0,0.0
2019-08-08,36.642,36.642,36.642,36.642,0,0.0,0.0,0.0,0.0,0.0,,0.31,0.0,0.0
2019-08-09,31.355,31.355,31.355,31.355,100,3135.5,0.0,0.0,0.0,0.0,,0.31,0.0,0.0
2019-08-12,31.355,31.355,31.355,31.355,0,0.0,0.0,0.0,0.0,0.0,,0.31,0.0,0.0
2019-08-13,31.355,31.355,31.355,31.355,0,0.0,0.0,0.0,0.0,0.0,,0.31,0.0,0.0
2019-08-14,31.355,31.355,31.355,31.355,0,0.0,0.0,0.0,0.0,0.0,,0.31,0.0,0.0
2019-08-15,31.355,31.355,31.355,31.355,0,0.0,0.0,0.0,0.0,0.0,,0.31,0.0,0.0
2019-08-16,31.355,31.355,31.355,31.355,0,0.0,0.0,0.0,0.0,0.0,,0.31,0.0,0.0
2019-08-19,27.344,27.344,27.344,27.344,1000,27344.0,0.0,0.0,0.0,0.0,,0.31,0.0,0.0
2019-08-20,31.446,31.446,31.446,31.446,180,5660.280000000001,0.0,0.0,0.0,0.0,,0.31,0.0,0.0
2019-08-21,36.095,36.095,36.095,36.095,1023,36925.185,0.0,0.0,0.0,0.0,,0.31,0.0,0.0
2019-08-22,41.472,41.472,41.472,41.472,1000,41472.0,0.0,0.0,0.0,0.0,,0.31,0.0,0.0
2019-08-23,45.574,45.574,35.274,35.274,1100,38801.4,0.0,0.0,0.0,0.0,,0.31,0.0,0.0
2019-08-26,44.662,44.662,44.662,44.662,0,0.0,0.0,0.0,0.0,0.0,,0.31,0.0,0.0
2019-08-27,44.662,44.662,44.662,44.662,0,0.0,0.0,0.0,0.0,0.0,,0.31,0.0,0.0
2019-08-28,44.662,44.662,44.662,44.662,0,0.0,0.0,0.0,0.0,0.0,,0.31,0.0,0.0
2019-08-29,44.662,44.662,44.662,44.662,0,0.0,0.0,0.0,0.0,0.0,,0.31,0.0,0.0
2019-08-30,38.282,38.282,38.282,38.282,100,3828.2,0.0,0.0,0.0,0.0,,0.31,0.0,0.0
2019-09-03,38.282,38.282,38.282,38.282,0,0.0,0.0,0.0,0.0,0.0,,0.31,0.0,0.0
2019-09-04,32.631,32.631,32.631,32.631,100,3263.1,0.0,0.0,0.0,0.0,,0.31,0.0,0.0
2019-09-05,32.631,32.631,32.631,32.631,0,0.0,0.0,0.0,0.0,0.0,,0.31,0.0,0.0
2019-09-06,36.915,36.915,36.915,36.915,100,3691.5,0.0,0.0,0.0,0.0,,0.31,0.0,0.0
2019-09-09,36.915,36.915,36.915,36.915,0,0.0,0.0,0.0,0.0,0.0,,0.31,0.0,0.0
2019-09-10,36.915,36.915,36.915,36.915,0,0.0,0.0,0.0,0.0,0.0,,0.31,0.0,0.0
2019-09-11,36.915,36.915,36.915,36.915,0,0.0,0.0,0.0,0.0,0.0,,0.31,0.0,0.0
2019-09-12,36.915,36.915,36.915,36.915,0,0.0,0.0,0.0,0.0,0.0,,0.31,0.0,0.0
2019-09-13,31.537,42.293,31.537,42.293,300,12687.9,0.0,0.0,0.0,0.0,,0.31,0.0,0.0
2019-09-16,35.092,35.092,35.092,35.092,0,0.0,0.0,0.0,0.0,0.0,,0.31,0.0,0.0
2019-09-17,40.287,40.287,40.287,40.287,100,4028.7,0.0,0.0,0.0,0.0,,0.31,0.0,0.0
2019-09-18,40.287,40.287,40.287,40.287,0,0.0,0.0,0.0,0.0,0.0,,0.31,0.0,0.0
2019-09-19,40.287,40.287,40.287,40.287,0,0.0,0.0,0.0,0.0,0.0,,0.31,0.0,0.0
2019-09-20,40.287,40.287,40.287,40.287,0,0.0,0.0,0.0,0.0,0.0,,0.31,0.0,0.0
2019-09-23,40.287,40.287,40.287,40.287,0,0.0,0.0,0.0,0.0,0.0,,0.31,0.0,0.0
2019-09-24,40.287,40.287,40.287,40.287,0,0.0,0.0,0.0,0.0,0.0,,0.31,0.0,0.0
2019-09-25,34.271,34.271,34.271,34.271,100,3427.1,0.0,0.0,0.0,0.0,,0.31,0.0,0.0
2019-09-26,34.271,34.271,34.271,34.271,0,0.0,0.0,0.0,0.0,0.0,,0.31,0.0,0.0
2019-09-27,34.271,34.271,34.271,34.271,0,0.0,0.0,0.0,0.0,0.0,,0.31,0.0,0.0
2019-09-30,34.271,34.271,34.271,34.271,0,0.0,0.0,0.0,0.0,0.0,,0.31,0.0,0.0
2019-10-01,34.271,34.271,34.271,34.271,0,0.0,0.0,0.0,0.0,0.0,,0.31,0.0,0.0
2019-10-02,34.271,34.271,34.271,34.271,0,0.0,0.0,0.0,0.0,0.0,,0.31,0.0,0.0
2019-10-03,34.271,34.271,34.271,34.271,0,0.0,0.0,0.0,0.0,0.0,,0.31,0.0,0.0
2019-10-04,34.271,34.271,34.271,34.271,0,0.0,0.0,0.0,0.0,0.0,,0.31,0.0,0.0
2019-10-07,34.271,34.271,34.271,34.271,0,0.0,0.0,0.0,0.0,0.0,,0.31,0.0,0.0
2019-10-08,34.271,34.271,34.271,34.271,0,0.0,0.0,0.0,0.0,0.0,,0.31,0.0,0.0
2019-10-09,34.271,34.271,34.271,34.271,0,0.0,0.0,0.0,0.0,0.0,,0.31,0.0,0.0
2019-10-10,34.271,34.271,34.271,34.271,0,0.0,0.0,0.0,0.0,0.0,,0.31,0.0,0.0
2019-10-11,34.271,34.271,34.271,34.271,0,0.0,0.0,0.0,0.0,0.0,,0.31,0.0,0.0
2019-10-14,34.271,34.271,34.271,34.271,0,0.0,0.0,0.0,0.0,0.0,,0.31,0.0,0.0
2019-10-15,34.271,34.271,34.271,34.271,0,0.0,0.0,0.0,0.0,0.0,,0.31,0.0,0.0
2019-10-16,34.271,34.271,34.271,34.271,0,0.0,0.0,0.0,0.0,0.0,,0.31,0.0,0.0
2019-10-17,34.271,34.271,34.271,34.271,0,0.0,0.0,0.0,0.0,0.0,,0.31,0.0,0.0
2019-10-18,34.271,34.271,34.271,34.271,0,0.0,0.0,0.0,0.0,0.0,,0.31,0.0,0.0
2019-10-21,34.271,34.271,34.271,34.271,0,0.0,0.0,0.0,0.0,0.0,,0.31,0.0,0.0
2019-10-22,34.271,34.271,34.271,34.271,0,0.0,0.0,0.0,0.0,0.0,,0.31,0.0,0.0
2019-10-23,34.271,34.271,34.271,34.271,0,0.0,0.0,0.0,0.0,0.0,,0.31,0.0,0.0
2019-10-24,34.271,34.271,34.271,34.271,0,0.0,0.0,0.0,0.0,0.0,,0.31,0.0,0.0
2019-10-25,29.623,29.623,29.623,29.623,300,8886.9,0.0,0.0,0.0,0.0,,0.31,0.0,0.0
2019-10-28,29.623,29.623,29.623,29.623,0,0.0,0.0,0.0,0.0,0.0,,0.31,0.0,0.0
2019-10-29,29.623,29.623,29.623,29.623,0,0.0,0.0,0.0,0.0,0.0,,0.31,0.0,0.0
2019-10-30,29.623,29.623,29.623,29.623,0,0.0,0.0,0.0,0.0,0.0,,0.31,0.0,0.0
2019-10-31,25.521,33.907,25.521,33.907,700,23734.9,0.0,0.0,0.0,0.0,,0.31,0.0,0.0
2019-11-01,27.891,27.891,27.891,27.891,0,0.0,0.0,0.0,0.0,0.0,,0.31,0.0,0.0
2019-11-04,27.891,27.891,27.891,27.891,0,0.0,0.0,0.0,0.0,0.0,,0.31,0.0,0.0
2019-11-05,27.891,27.891,27.891,27.891,0,0.0,0.0,0.0,0.0,0.0,,0.31,0.0,0.0
2019-11-06,27.891,27.891,27.891,27.891,0,0.0,0.0,0.0,0.0,0.0,,0.31,0.0,0.0
2019-11-07,27.891,27.891,27.891,27.891,0,0.0,0.0,0.0,0.0,0.0,,0.31,0.0,0.0
2019-11-08,27.891,27.891,27.891,27.891,0,0.0,0.0,0.0,0.0,0.0,,0.31,0.0,0.0
2019-11-11,27.891,27.891,27.891,27.891,0,0.0,0.0,0.0,0.0,0.0,,0.31,0.0,0.0
2019-11-12,27.891,27.891,27.891,27.891,0,0.0,0.0,0.0,0.0,0.0,,0.31,0.0,0.0
2019-11-13,27.071,27.071,27.071,27.071,10000,270710.0,0.0,0.0,0.0,0.0,,0.31,0.0,0.0
2019-11-14,24.61,31.081,24.61,31.081,400,12432.4,0.0,0.0,0.0,0.0,,0.31,0.0,0.0
2019-11-15,26.251,26.251,26.251,26.251,0,0.0,0.0,0.0,0.0,0.0,,0.31,0.0,0.0
2019-11-18,26.251,26.251,26.251,26.251,0,0.0,0.0,0.0,0.0,0.0,,0.31,0.0,0.0
2019-11-19,26.251,26.251,26.251,26.251,0,0.0,0.0,0.0,0.0,0.0,,0.31,0.0,0.0
2019-11-20,26.251,26.251,26.251,26.251,0,0.0,0.0,0.0,0.0,0.0,,0.31,0.0,0.0
2019-11-21,26.251,26.251,26.251,26.251,0,0.0,0.0,0.0,0.0,0.0,,0.31,0.0,0.0
2019-11-22,26.251,26.251,26.251,26.251,0,0.0,0.0,0.0,0.0,0.0,,0.31,0.0,0.0
2019-11-25,26.251,26.251,26.251,26.251,0,0.0,0.0,0.0,0.0,0.0,,0.31,0.0,0.0
2019-11-26,26.251,26.251,26.251,26.251,0,0.0,0.0,0.0,0.0,0.0,,0.31,0.0,0.0
2019-11-27,26.251,26.251,26.251,26.251,0,0.0,0.0,0.0,0.0,0.0,,0.31,0.0,0.0
2019-11-28,26.251,26.251,26.251,26.251,0,0.0,0.0,0.0,0.0,0.0,,0.31,0.0,0.0
2019-11-29,26.251,26.251,26.251,26.251,0,0.0,0.0,0.0,0.0,0.0,,0.31,0.0,0.0
2019-12-02,26.251,26.251,26.251,26.251,0,0.0,0.0,0.0,0.0,0.0,,0.31,0.0,0.0
2019-12-03,26.251,26.251,26.251,26.251,0,0.0,0.0,0.0,0.0,0.0,,0.31,0.0,0.0
2019-12-04,26.251,26.251,26.251,26.251,0,0.0,0.0,0.0,0.0,0.0,,0.31,0.0,0.0
2019-12-05,26.251,26.251,26.251,26.251,0,0.0,0.0,0.0,0.0,0.0,,0.31,0.0,0.0
2019-12-06,26.251,26.251,26.251,26.251,0,0.0,0.0,0.0,0.0,0.0,,0.31,0.0,0.0
2019-12-09,26.251,26.251,26.251,26.251,0,0.0,0.0,0.0,0.0,0.0,,0.31,0.0,0.0
2019-12-10,26.251,26.251,26.251,26.251,0,0.0,0.0,0.0,0.0,0.0,,0.31,0.0,0.0
2019-12-11,26.251,26.251,26.251,26.251,0,0.0,0.0,0.0,0.0,0.0,,0.31,0.0,0.0
2019-12-12,26.251,26.251,26.251,26.251,0,0.0,0.0,0.0,0.0,0.0,,0.31,0.0,0.0
2019-12-13,26.251,26.251,26.251,26.251,0,0.0,0.0,0.0,0.0,0.0,,0.31,0.0,0.0
2019-12-16,26.251,26.251,26.251,26.251,0,0.0,0.0,0.0,0.0,0.0,,0.31,0.0,0.0
2019-12-17,26.251,26.251,26.251,26.251,0,0.0,0.0,0.0,0.0,0.0,,0.31,0.0,0.0
2019-12-18,30.17,30.17,30.17,30.17,100,3017.0,0.0,0.0,0.0,0.0,,0.31,0.0,0.0
2019-12-19,34.637,34.637,34.637,34.637,100,3463.7,0.0,0.0,0.0,0.0,,0.31,0.0,0.0
2019-12-20,39.832,39.832,39.832,39.832,100,3983.2,0.0,0.0,0.0,0.0,,0.31,0.0,0.0
2019-12-23,39.832,39.832,39.832,39.832,0,0.0,0.0,0.0,0.0,0.0,,0.31,0.0,0.0
2019-12-24,39.832,39.832,39.832,39.832,0,0.0,0.0,0.0,0.0,0.0,,0.31,0.0,0.0
2019-12-25,33.907,45.756,33.907,45.756,2800,128116.8,0.0,0.0,0.0,0.0,,0.31,0.0,0.0
2019-12-26,46.303,46.303,46.303,46.303,300,13890.9,0.0,0.0,0.0,0.0,,0.31,0.0,0.0
2019-12-27,39.376,50.04,39.376,50.04,1900,95076.0,0.0,0.0,0.0,0.0,,0.31,0.0,0.0
2019-12-30,43.387,43.387,43.387,43.387,100,4338.7,0.0,0.0,0.0,0.0,,0.31,0.0,0.0
2019-12-31,43.387,43.387,43.387,43.387,0,0.0,0.0,0.0,0.0,0.0,,0.31,0.0,0.0
2020-01-02,43.387,43.387,43.387,43.387,0,0.0,0.0,0.0,0.0,0.0,,0.31,0.0,0.0
2020-01-03,43.387,43.387,43.387,43.387,0,0.0,0.0,0.0,0.0,0.0,,0.31,0.0,0.0
2020-01-06,43.387,43.387,43.387,43.387,0,0.0,0.0,0.0,0.0,0.0,,0.31,0.0,0.0
2020-01-07,36.915,36.915,36.915,36.915,100,3691.5,0.0,0.0,0.0,0.0,,0.31,0.0,0.0
2020-01-08,36.915,36.915,36.915,36.915,0,0.0,0.0,0.0,0.0,0.0,,0.31,0.0,0.0
2020-01-09,36.915,36.915,36.915,36.915,0,0.0,0.0,0.0,0.0,0.0,,0.31,0.0,0.0
2020-01-10,36.915,36.915,36.915,36.915,0,0.0,0.0,0.0,0.0,0.0,,0.31,0.0,0.0
2020-01-13,36.915,36.915,36.915,36.915,0,0.0,0.0,0.0,0.0,0.0,,0.31,0.0,0.0
2020-01-14,36.915,36.915,36.915,36.915,0,0.0,0.0,0.0,0.0,0.0,,0.31,0.0,0.0
2020-01-15,36.915,36.915,36.915,36.915,0,0.0,0.0,0.0,0.0,0.0,,0.31,0.0,0.0
2020-01-16,36.915,36.915,36.915,36.915,0,0.0,0.0,0.0,0.0,0.0,,0.31,0.0,0.0
2020-01-17,36.915,36.915,36.915,36.915,0,0.0,0.0,0.0,0.0,0.0,,0.31,0.0,0.0
2020-01-20,36.915,36.915,36.915,36.915,0,0.0,0.0,0.0,0.0,0.0,,0.31,0.0,0.0
2020-01-21,36.915,36.915,36.915,36.915,0,0.0,0.0,0.0,0.0,0.0,,0.31,0.0,0.0
2020-01-22,36.915,36.915,36.915,36.915,0,0.0,0.0,0.0,0.0,0.0,,0.31,0.0,0.0
2020-01-30,36.915,36.915,36.915,36.915,0,0.0,0.0,0.0,0.0,0.0,,0.31,0.0,0.0
2020-01-31,36.915,36.915,36.915,36.915,0,0.0,0.0,0.0,0.0,0.0,,0.31,0.0,0.0
2020-02-03,36.915,36.915,36.915,36.915,0,0.0,0.0,0.0,0.0,0.0,,0.31,0.0,0.0
2020-02-04,36.915,36.915,36.915,36.915,0,0.0,0.0,0.0,0.0,0.0,,0.31,0.0,0.0
2020-02-05,36.915,36.915,36.915,36.915,0,0.0,0.0,0.0,0.0,0.0,,0.31,0.0,0.0
2020-02-06,36.915,36.915,36.915,36.915,0,0.0,0.0,0.0,0.0,0.0,,0.31,0.0,0.0
2020-02-07,36.915,36.915,36.915,36.915,0,0.0,0.0,0.0,0.0,0.0,,0.31,0.0,0.0
2020-02-10,36.915,36.915,36.915,36.915,0,0.0,0.0,0.0,0.0,0.0,,0.31,0.0,0.0
2020-02-11,36.915,36.915,36.915,36.915,0,0.0,0.0,0.0,0.0,0.0,,0.31,0.0,0.0
2020-02-12,36.915,36.915,36.915,36.915,0,0.0,0.0,0.0,0.0,0.0,,0.31,0.0,0.0
2020-02-13,36.915,36.915,36.915,36.915,0,0.0,0.0,0.0,0.0,0.0,,0.31,0.0,0.0
2020-02-14,36.915,36.915,36.915,36.915,0,0.0,0.0,0.0,0.0,0.0,,0.31,0.0,0.0
2020-02-17,36.915,36.915,36.915,36.915,0,0.0,0.0,0.0,0.0,0.0,,0.31,0.0,0.0
2020-02-18,31.902,31.902,31.902,31.902,100,3190.2000000000003,0.0,0.0,0.0,0.0,,0.31,0.0,0.0
2020-02-19,31.902,31.902,31.902,31.902,0,0.0,0.0,0.0,0.0,0.0,,0.31,0.0,0.0
2020-02-20,31.902,31.902,31.902,31.902,0,0.0,0.0,0.0,0.0,0.0,,0.31,0.0,0.0
2020-02-21,31.902,31.902,31.902,31.902,0,0.0,0.0,0.0,0.0,0.0,,0.31,0.0,0.0
2020-02-24,29.168,29.168,29.168,29.168,100,2916.8,0.0,0.0,0.0,0.0,,0.31,0.0,0.0
2020-02-25,29.168,29.168,29.168,29.168,0,0.0,0.0,0.0,0.0,0.0,,0.31,0.0,0.0
2020-02-26,29.168,29.168,29.168,29.168,0,0.0,0.0,0.0,0.0,0.0,,0.31,0.0,0.0
2020-02-27,29.168,29.168,29.168,29.168,0,0.0,0.0,0.0,0.0,0.0,,0.31,0.0,0.0
2020-02-28,29.168,29.168,29.168,29.168,0,0.0,0.0,0.0,0.0,0.0,,0.31,0.0,0.0
2020-03-02,29.168,29.168,29.168,29.168,0,0.0,0.0,0.0,0.0,0.0,,0.31,0.0,0.0
2020-03-03,29.168,29.168,29.168,29.168,0,0.0,0.0,0.0,0.0,0.0,,0.31,0.0,0.0
2020-03-04,29.168,29.168,29.168,29.168,0,0.0,0.0,0.0,0.0,0.0,,0.31,0.0,0.0
2020-03-05,29.168,29.168,29.168,29.168,0,0.0,0.0,0.0,0.0,0.0,,0.31,0.0,0.0
2020-03-06,27.344,27.344,27.344,27.344,100,2734.4,0.0,0.0,0.0,0.0,,0.31,0.0,0.0
2020-03-09,27.344,27.344,27.344,27.344,0,0.0,0.0,0.0,0.0,0.0,,0.31,0.0,0.0
2020-03-10,23.242,23.242,23.242,23.242,102,2370.684,0.0,0.0,0.0,0.0,,0.31,0.0,0.0
2020-03-11,23.242,23.242,23.242,23.242,0,0.0,0.0,0.0,0.0,0.0,,0.31,0.0,0.0
2020-03-12,23.242,23.242,23.242,23.242,0,0.0,0.0,0.0,0.0,0.0,,0.31,0.0,0.0
2020-03-13,23.242,23.242,23.242,23.242,0,0.0,0.0,0.0,0.0,0.0,,0.31,0.0,0.0
2020-03-16,23.242,23.242,23.242,23.242,0,0.0,0.0,0.0,0.0,0.0,,0.31,0.0,0.0
2020-03-17,23.242,23.242,23.242,23.242,0,0.0,0.0,0.0,0.0,0.0,,0.31,0.0,0.0
2020-03-18,22.787,22.787,22.787,22.787,100,2278.7,0.0,0.0,0.0,0.0,,0.31,0.0,0.0
2020-03-19,22.787,22.787,22.787,22.787,0,0.0,0.0,0.0,0.0,0.0,,0.31,0.0,0.0
2020-03-20,22.787,22.787,22.787,22.787,0,0.0,0.0,0.0,0.0,0.0,,0.31,0.0,0.0
2020-03-23,20.052,20.052,19.597,19.597,200,3919.4,0.0,0.0,0.0,0.0,,0.31,0.0,0.0
2020-03-24,16.954,16.954,16.954,16.954,200,3390.8,0.0,0.0,0.0,0.0,,0.31,0.0,0.0
2020-03-25,19.414,19.414,19.414,19.414,100,1941.4,0.0,0.0,0.0,0.0,,0.31,0.0,0.0
2020-03-26,19.414,19.414,19.414,19.414,0,0.0,0.0,0.0,0.0,0.0,,0.31,0.0,0.0
2020-03-27,19.414,19.414,19.414,19.414,0,0.0,0.0,0.0,0.0,0.0,,0.31,0.0,0.0
2020-03-30,19.414,19.414,19.414,19.414,0,0.0,0.0,0.0,0.0,0.0,,0.31,0.0,0.0
2020-03-31,19.414,19.414,19.414,19.414,0,0.0,0.0,0.0,0.0,0.0,,0.31,0.0,0.0
2020-04-01,19.414,19.414,19.414,19.414,0,0.0,0.0,0.0,0.0,0.0,,0.31,0.0,0.0
2020-04-03,19.414,19.414,19.414,19.414,0,0.0,0.0,0.0,0.0,0.0,,0.31,0.0,0.0
2020-04-06,19.414,19.414,19.414,19.414,0,0.0,0.0,0.0,0.0,0.0,,0.31,0.0,0.0
2020-04-07,19.414,19.414,19.414,19.414,0,0.0,0.0,0.0,0.0,0.0,,0.31,0.0,0.0
2020-04-08,19.414,19.414,19.414,19.414,0,0.0,0.0,0.0,0.0,0.0,,0.31,0.0,0.0
2020-04-09,19.414,19.414,19.414,19.414,0,0.0,0.0,0.0,0.0,0.0,,0.31,0.0,0.0
2020-04-10,19.414,19.414,19.414,19.414,0,0.0,0.0,0.0,0.0,0.0,,0.31,0.0,0.0
2020-04-13,19.141,19.141,16.589,19.141,900,17226.899999999998,0.0,0.0,0.0,0.0,,0.31,0.0,0.0
2020-04-14,17.409,17.409,17.409,17.409,0,0.0,0.0,0.0,0.0,0.0,,0.31,0.0,0.0
2020-04-15,17.409,17.409,17.409,17.409,0,0.0,0.0,0.0,0.0,0.0,,0.31,0.0,0.0
2020-04-16,17.409,17.409,17.409,17.409,0,0.0,0.0,0.0,0.0,0.0,,0.31,0.0,0.0
2020-04-17,17.318,19.961,17.318,19.961,200,3992.2,0.0,0.0,0.0,0.0,,0.31,0.0,0.0
2020-04-20,19.141,19.141,19.141,19.141,400,7656.4,0.0,0.0,0.0,0.0,,0.31,0.0,0.0
2020-04-21,19.141,19.141,19.141,19.141,0,0.0,0.0,0.0,0.0,0.0,,0.31,0.0,0.0
2020-04-22,19.141,19.141,19.141,19.141,0,0.0,0.0,0.0,0.0,0.0,,0.31,0.0,0.0
2020-04-23,19.05,19.05,19.05,19.05,100,1905.0,0.0,0.0,0.0,0.0,,0.31,0.0,0.0
2020-04-24,19.05,19.05,19.05,19.05,0,0.0,0.0,0.0,0.0,0.0,,0.31,0.0,0.0
2020-04-27,19.05,19.05,19.05,19.05,0,0.0,0.0,0.0,0.0,0.0,,0.31,0.0,0.0
2020-04-28,19.05,19.05,19.05,19.05,0,0.0,0.0,0.0,0.0,0.0,,0.31,0.0,0.0
2020-04-29,19.05,19.05,19.05,19.05,0,0.0,0.0,0.0,0.0,0.0,,0.31,0.0,0.0
2020-05-04,18.23,18.23,18.23,18.23,100,1823.0,0.0,0.0,0.0,0.0,,0.31,0.0,0.0
2020-05-05,18.23,18.23,18.23,18.23,0,0.0,0.0,0.0,0.0,0.0,,0.31,0.0,0.0
2020-05-06,18.23,18.23,18.23,18.23,0,0.0,0.0,0.0,0.0,0.0,,0.31,0.0,0.0
2020-05-07,18.23,18.23,18.23,18.23,0,0.0,0.0,0.0,0.0,0.0,,0.31,0.0,0.0
2020-05-08,18.23,18.23,18.23,18.23,0,0.0,0.0,0.0,0.0,0.0,,0.31,0.0,0.0
2020-05-11,18.23,18.23,18.23,18.23,0,0.0,0.0,0.0,0.0,0.0,,0.31,0.0,0.0
2020-05-12,18.23,18.23,18.23,18.23,0,0.0,0.0,0.0,0.0,0.0,,0.31,0.0,0.0
2020-05-13,18.23,18.23,18.23,18.23,0,0.0,0.0,0.0,0.0,0.0,,0.31,0.0,0.0
2020-05-14,18.23,18.23,18.23,18.23,0,0.0,0.0,0.0,0.0,0.0,,0.31,0.0,0.0
2020-05-15,18.23,18.23,18.23,18.23,0,0.0,0.0,0.0,0.0,0.0,,0.31,0.0,0.0
2020-05-18,18.23,18.23,18.23,18.23,0,0.0,0.0,0.0,0.0,0.0,,0.31,0.0,0.0
2020-05-19,18.23,18.23,18.23,18.23,100,1823.0,0.0,0.0,0.0,0.0,,0.31,0.0,0.0
2020-05-20,20.964,20.964,20.964,20.964,100,2096.4,0.0,0.0,0.0,0.0,,0.31,0.0,0.0
2020-05-21,20.964,20.964,20.964,20.964,0,0.0,0.0,0.0,0.0,0.0,,0.31,0.0,0.0
2020-05-22,20.964,20.964,20.964,20.964,0,0.0,0.0,0.0,0.0,0.0,,0.31,0.0,0.0
2020-05-25,20.964,20.964,20.964,20.964,0,0.0,0.0,0.0,0.0,0.0,,0.31,0.0,0.0
2020-05-26,20.964,20.964,20.964,20.964,0,0.0,0.0,0.0,0.0,0.0,,0.31,0.0,0.0
2020-05-27,20.964,20.964,20.964,20.964,0,0.0,0.0,0.0,0.0,0.0,,0.31,0.0,0.0
2020-05-28,20.964,20.964,20.964,20.964,0,0.0,0.0,0.0,0.0,0.0,,0.31,0.0,0.0
2020-05-29,20.964,21.42,20.964,21.42,10400,222768.00000000003,0.0,0.0,0.0,0.0,,0.31,0.0,0.0
2020-06-01,21.237,21.237,21.237,21.237,0,0.0,0.0,0.0,0.0,0.0,,0.31,0.0,0.0
2020-06-02,21.237,21.237,21.237,21.237,0,0.0,0.0,0.0,0.0,0.0,,0.31,0.0,0.0
2020-06-03,21.237,21.237,21.237,21.237,0,0.0,0.0,0.0,0.0,0.0,,0.31,0.0,0.0
2020-06-04,21.237,21.237,21.237,21.237,0,0.0,0.0,0.0,0.0,0.0,,0.31,0.0,0.0
2020-06-05,21.237,21.237,21.237,21.237,0,0.0,0.0,0.0,0.0,0.0,,0.31,0.0,0.0
2020-06-08,21.237,21.237,21.237,21.237,0,0.0,0.0,0.0,0.0,0.0,,0.31,0.0,0.0
2020-06-09,21.237,21.237,21.237,21.237,0,0.0,0.0,0.0,0.0,0.0,,0.31,0.0,0.0
2020-06-10,21.237,21.237,21.237,21.237,0,0.0,0.0,0.0,0.0,0.0,,0.31,0.0,0.0
2020-06-11,21.237,21.237,21.237,21.237,0,0.0,0.0,0.0,0.0,0.0,,0.31,0.0,0.0
2020-06-12,21.237,21.237,21.237,21.237,0,0.0,0.0,0.0,0.0,0.0,,0.31,0.0,0.0
2020-06-15,21.237,21.237,21.237,21.237,0,0.0,0.0,0.0,0.0,0.0,,0.31,0.0,0.0
2020-06-16,21.237,21.237,21.237,21.237,0,0.0,0.0,0.0,0.0,0.0,,0.31,0.0,0.0
2020-06-17,21.237,21.237,21.237,21.237,0,0.0,0.0,0.0,0.0,0.0,,0.31,0.0,0.0
2020-06-18,21.237,21.237,21.237,21.237,0,0.0,0.0,0.0,0.0,0.0,,0.31,0.0,0.0
2020-06-19,21.237,21.237,21.237,21.237,0,0.0,0.0,0.0,0.0,0.0,,0.31,0.0,0.0
2020-06-22,21.237,21.237,21.237,21.237,0,0.0,0.0,0.0,0.0,0.0,,0.31,0.0,0.0
2020-06-23,21.237,21.237,21.237,21.237,0,0.0,0.0,0.0,0.0,0.0,,0.31,0.0,0.0
2020-06-24,21.237,21.237,21.237,21.237,0,0.0,0.0,0.0,0.0,0.0,,0.31,0.0,0.0
2020-06-25,21.237,21.237,21.237,21.237,0,0.0,0.0,0.0,0.0,0.0,,0.31,0.0,0.0
2020-06-26,21.237,21.237,21.237,21.237,0,0.0,0.0,0.0,0.0,0.0,,0.31,0.0,0.0
2020-06-29,21.237,21.237,21.237,21.237,1033,21937.821,0.0,0.0,0.0,0.0,,0.31,0.0,0.0
2020-06-30,21.237,21.237,21.237,21.237,0,0.0,0.0,0.0,0.0,0.0,,0.31,0.0,0.0
2020-07-01,21.237,21.237,21.237,21.237,0,0.0,0.0,0.0,0.0,0.0,,0.31,0.0,0.0
2020-07-02,21.237,21.237,21.237,21.237,0,0.0,0.0,0.0,0.0,0.0,,0.31,0.0,0.0
2020-07-03,21.237,21.237,21.237,21.237,0,0.0,0.0,0.0,0.0,0.0,,0.31,0.0,0.0
2020-07-06,21.237,21.237,21.237,21.237,0,0.0,0.0,0.0,0.0,0.0,,0.31,0.0,0.0
2020-07-07,21.237,21.237,21.237,21.237,0,0.0,0.0,0.0,0.0,0.0,,0.31,0.0,0.0
2020-07-08,21.237,21.237,21.237,21.237,0,0.0,0.0,0.0,0.0,0.0,,0.31,0.0,0.0
2020-07-09,24.336,24.336,21.876,24.336,21000,511056.0,0.0,0.0,0.0,0.0,,0.31,0.0,0.0
2020-07-10,23.972,24.154,23.972,23.972,3700,88696.40000000001,0.0,0.0,0.0,0.0,,0.31,0.0,0.0
2020-07-13,24.063,24.063,24.063,24.063,120,2887.56,0.0,0.0,0.0,0.0,,0.31,0.0,0.0
2020-07-14,24.063,24.063,24.063,24.063,13,312.819,0.0,0.0,0.0,0.0,,0.31,0.0,0.0
2020-07-15,24.063,24.063,24.063,24.063,0,0.0,0.0,0.0,0.0,0.0,,0.31,0.0,0.0
2020-07-16,24.063,24.063,24.063,24.063,0,0.0,0.0,0.0,0.0,0.0,,0.31,0.0,0.0
2020-07-17,24.063,24.063,24.063,24.063,0,0.0,0.0,0.0,0.0,0.0,,0.31,0.0,0.0
2020-07-20,24.063,24.063,24.063,24.063,0,0.0,0.0,0.0,0.0,0.0,,0.31,0.0,0.0
2020-07-21,24.063,24.063,24.063,24.063,0,0.0,0.0,0.0,0.0,0.0,,0.31,0.0,0.0
2020-07-22,24.063,24.063,24.063,24.063,0,0.0,0.0,0.0,0.0,0.0,,0.31,0.0,0.0
2020-07-23,24.063,24.063,24.063,24.063,0,0.0,0.0,0.0,0.0,0.0,,0.31,0.0,0.0
2020-07-24,24.063,24.063,24.063,24.063,0,0.0,0.0,0.0,0.0,0.0,,0.31,0.0,0.0
2020-07-27,24.063,24.063,24.063,24.063,0,0.0,0.0,0.0,0.0,0.0,,0.31,0.0,0.0
2020-07-28,24.063,24.063,24.063,24.063,0,0.0,0.0,0.0,0.0,0.0,,0.31,0.0,0.0
2020-07-29,24.063,24.063,24.063,24.063,0,0.0,0.0,0.0,0.0,0.0,,0.31,0.0,0.0
2020-07-30,24.063,24.063,24.063,24.063,0,0.0,0.0,0.0,0.0,0.0,,0.31,0.0,0.0
2020-07-31,24.063,24.063,24.063,24.063,0,0.0,0.0,0.0,0.0,0.0,,0.31,0.0,0.0
2020-08-03,24.063,24.063,24.063,24.063,0,0.0,0.0,0.0,0.0,0.0,,0.31,0.0,0.0
2020-08-04,24.063,24.063,24.063,24.063,0,0.0,0.0,0.0,0.0,0.0,,0.31,0.0,0.0
2020-08-05,24.063,24.063,24.063,24.063,0,0.0,0.0,0.0,0.0,0.0,,0.31,0.0,0.0
2020-08-06,24.063,24.063,24.063,24.063,0,0.0,0.0,0.0,0.0,0.0,,0.31,0.0,0.0
2020-08-07,24.063,24.063,24.063,24.063,0,0.0,0.0,0.0,0.0,0.0,,0.31,0.0,0.0
2020-08-10,24.974,24.974,24.974,24.974,1000,24974.0,0.0,0.0,0.0,0.0,,0.31,0.0,0.0
2020-08-11,24.974,24.974,24.974,24.974,0,0.0,0.0,0.0,0.0,0.0,,0.31,0.0,0.0
2020-08-12,24.974,24.974,24.974,24.974,600,14984.4,0.0,0.0,0.0,0.0,,0.31,0.0,0.0
2020-08-13,21.237,21.237,21.237,21.237,100,2123.7,0.0,0.0,0.0,0.0,,0.31,0.0,0.0
2020-08-14,20.052,24.336,20.052,24.336,200,4867.2,0.0,0.0,0.0,0.0,,0.31,0.0,0.0
2020-08-17,18.958,18.958,18.958,18.958,200,3791.6,0.0,0.0,0.0,0.0,,0.31,0.0,0.0
2020-08-18,18.958,18.958,18.958,18.958,0,0.0,0.0,0.0,0.0,0.0,,0.31,0.0,0.0
2020-08-19,18.958,18.958,18.958,18.958,0,0.0,0.0,0.0,0.0,0.0,,0.31,0.0,0.0
2020-08-20,18.958,18.958,18.958,18.958,0,0.0,0.0,0.0,0.0,0.0,,0.31,0.0,0.0
2020-08-21,20.964,20.964,20.964,20.964,5000,104820.0,0.0,0.0,0.0,0.0,,0.31,0.0,0.0
2020-08-24,24.063,24.063,24.063,24.063,100,2406.3,0.0,0.0,0.0,0.0,,0.31,0.0,0.0
2020-08-25,24.063,24.063,24.063,24.063,0,0.0,0.0,0.0,0.0,0.0,,0.31,0.0,0.0
2020-08-26,24.063,24.063,24.063,24.063,0,0.0,0.0,0.0,0.0,0.0,,0.31,0.0,0.0
2020-08-27,24.063,24.063,24.063,24.063,0,0.0,0.0,0.0,0.0,0.0,,0.31,0.0,0.0
2020-08-28,24.063,24.063,24.063,24.063,0,0.0,0.0,0.0,0.0,0.0,,0.31,0.0,0.0
2020-08-31,24.063,24.063,24.063,24.063,0,0.0,0.0,0.0,0.0,0.0,,0.31,0.0,0.0
2020-09-01,24.063,24.063,24.063,24.063,300,7218.9,0.0,0.0,0.0,0.0,,0.31,0.0,0.0
2020-09-03,24.063,24.063,24.063,24.063,0,0.0,0.0,0.0,0.0,0.0,,0.31,0.0,0.0
2020-09-04,24.063,24.063,24.063,24.063,0,0.0,0.0,0.0,0.0,0.0,,0.31,0.0,0.0
2020-09-07,24.063,24.063,24.063,24.063,0,0.0,0.0,0.0,0.0,0.0,,0.31,0.0,0.0
2020-09-08,24.063,24.063,24.063,24.063,0,0.0,0.0,0.0,0.0,0.0,,0.31,0.0,0.0
2020-09-09,24.063,24.063,24.063,24.063,0,0.0,0.0,0.0,0.0,0.0,,0.31,0.0,0.0
2020-09-10,24.063,24.063,24.063,24.063,0,0.0,0.0,0.0,0.0,0.0,,0.31,0.0,0.0
2020-09-11,24.063,24.063,24.063,24.063,0,0.0,0.0,0.0,0.0,0.0,,0.31,0.0,0.0
2020-09-14,24.063,24.063,24.063,24.063,0,0.0,0.0,0.0,0.0,0.0,,0.31,0.0,0.0
2020-09-15,24.063,24.063,24.063,24.063,0,0.0,0.0,0.0,0.0,0.0,,0.31,0.0,0.0
2020-09-16,24.063,24.063,24.063,24.063,0,0.0,0.0,0.0,0.0,0.0,,0.31,0.0,0.0
2020-09-17,24.063,24.063,24.063,24.063,0,0.0,0.0,0.0,0.0,0.0,,0.31,0.0,0.0
2020-09-18,24.063,24.063,24.063,24.063,0,0.0,0.0,0.0,0.0,0.0,,0.31,0.0,0.0
2020-09-21,24.063,24.063,24.063,24.063,5000,120315.0,0.0,0.0,0.0,0.0,,0.31,0.0,0.0
2020-09-22,24.253,24.253,24.253,24.253,600,14551.8,0.0,0.0,0.0,0.0,,0.31,0.0,0.0
2020-09-23,24.253,24.253,24.253,24.253,0,0.0,0.0,0.0,0.0,0.0,,0.31,0.0,0.0
2020-09-24,24.253,24.253,24.253,24.253,0,0.0,0.0,0.0,0.0,0.0,,0.31,0.0,0.0
2020-09-25,24.253,24.253,24.253,24.253,0,0.0,0.0,0.0,0.0,0.0,,0.31,0.0,0.0
2020-09-28,24.253,24.253,24.253,24.253,0,0.0,0.0,0.0,0.0,0.0,,0.31,0.0,0.0
2020-09-29,24.253,24.253,24.253,24.253,0,0.0,0.0,0.0,0.0,0.0,,0.31,0.0,0.0
2020-09-30,24.253,24.253,24.253,24.253,0,0.0,0.0,0.0,0.0,0.0,,0.31,0.0,0.0
2020-10-01,24.253,24.253,24.253,24.253,0,0.0,0.0,0.0,0.0,0.0,,0.31,0.0,0.0
2020-10-02,24.253,24.253,24.253,24.253,0,0.0,0.0,0.0,0.0,0.0,,0.31,0.0,0.0
2020-10-05,24.253,24.253,24.253,24.253,0,0.0,0.0,0.0,0.0,0.0,,0.31,0.0,0.0
2020-10-06,24.444,24.444,24.444,24.444,400,9777.6,0.0,0.0,0.0,0.0,,0.31,0.0,0.0
2020-10-07,28.058,28.058,28.058,28.058,100,2805.8,100.0,0.0,0.0,0.0,,0.31,0.0,0.0
2020-10-08,28.058,28.058,28.058,28.058,1,28.058,0.0,0.0,0.0,0.0,,0.31,0.0,0.0
2020-10-09,24.253,24.253,24.253,24.253,3500,84885.5,0.0,0.0,0.0,0.0,,0.31,0.0,0.0
2020-10-12,24.253,24.253,24.253,24.253,0,0.0,0.0,0.0,0.0,0.0,,0.31,0.0,0.0
2020-10-13,24.253,24.253,24.253,24.253,0,0.0,0.0,0.0,0.0,0.0,,0.31,0.0,0.0
2020-10-14,24.253,24.253,24.253,24.253,0,0.0,0.0,0.0,0.0,0.0,,0.31,0.0,0.0
2020-10-15,24.253,24.253,24.253,24.253,0,0.0,0.0,0.0,0.0,0.0,,0.31,0.0,0.0
2020-10-16,24.253,24.253,24.253,24.253,0,0.0,0.0,0.0,0.0,0.0,,0.31,0.0,0.0
2020-10-19,24.253,24.253,24.253,24.253,0,0.0,0.0,0.0,0.0,0.0,,0.31,0.0,0.0
2020-10-20,24.253,24.253,24.253,24.253,0,0.0,0.0,0.0,0.0,0.0,,0.31,0.0,0.0
2020-10-21,24.253,24.253,24.253,24.253,0,0.0,0.0,0.0,0.0,0.0,,0.31,0.0,0.0
2020-10-22,24.253,24.253,24.253,24.253,0,0.0,0.0,0.0,0.0,0.0,,0.31,0.0,0.0
2020-10-23,24.253,24.253,24.253,24.253,0,0.0,0.0,0.0,0.0,0.0,,0.31,0.0,0.0
2020-10-26,24.253,24.253,24.253,24.253,0,0.0,0.0,0.0,0.0,0.0,,0.31,0.0,0.0
2020-10-27,24.253,24.253,24.253,24.253,0,0.0,0.0,0.0,0.0,0.0,,0.31,0.0,0.0
2020-10-28,24.253,24.253,24.253,24.253,0,0.0,0.0,0.0,0.0,0.0,,0.31,0.0,0.0
2020-10-29,24.253,24.253,24.253,24.253,0,0.0,0.0,0.0,0.0,0.0,,0.31,0.0,0.0
2020-10-30,24.253,24.253,24.253,24.253,0,0.0,0.0,0.0,0.0,0.0,,0.31,0.0,0.0
2020-11-02,24.253,24.253,24.253,24.253,0,0.0,0.0,0.0,0.0,0.0,,0.31,0.0,0.0
2020-11-03,24.253,24.253,24.253,24.253,0,0.0,0.0,0.0,0.0,0.0,,0.31,0.0,0.0
2020-11-04,24.253,24.253,24.253,24.253,0,0.0,0.0,0.0,0.0,0.0,,0.31,0.0,0.0
2020-11-05,24.253,24.253,24.253,24.253,0,0.0,0.0,0.0,0.0,0.0,,0.31,0.0,0.0
2020-11-06,24.253,24.253,24.253,24.253,0,0.0,0.0,0.0,0.0,0.0,,0.31,0.0,0.0
2020-11-09,24.253,24.253,24.253,24.253,0,0.0,0.0,0.0,0.0,0.0,,0.31,0.0,0.0
2020-11-10,24.253,24.253,24.253,24.253,0,0.0,0.0,0.0,0.0,0.0,,0.31,0.0,0.0
2020-11-11,24.253,24.253,24.253,24.253,0,0.0,0.0,0.0,0.0,0.0,,0.31,0.0,0.0
2020-11-12,24.253,24.253,24.253,24.253,0,0.0,0.0,0.0,0.0,0.0,,0.31,0.0,0.0
2020-11-13,24.253,24.253,24.253,24.253,0,0.0,0.0,0.0,0.0,0.0,,0.31,0.0,0.0
2020-11-16,24.253,24.253,24.253,24.253,0,0.0,0.0,0.0,0.0,0.0,,0.31,0.0,0.0
2020-11-17,24.253,24.253,24.253,24.253,0,0.0,0.0,0.0,0.0,0.0,,0.31,0.0,0.0
2020-11-18,24.253,24.253,24.253,24.253,0,0.0,0.0,0.0,0.0,0.0,,0.31,0.0,0.0
2020-11-19,24.253,24.253,24.253,24.253,0,0.0,0.0,0.0,0.0,0.0,,0.31,0.0,0.0
2020-11-20,33.194,33.194,33.194,33.194,200,6638.8,0.0,0.0,0.0,0.0,,0.31,0.0,0.0
2020-11-23,33.194,33.194,33.194,33.194,0,0.0,0.0,0.0,0.0,0.0,,0.31,0.0,0.0
2020-11-24,33.194,33.194,33.194,33.194,0,0.0,0.0,0.0,0.0,0.0,,0.31,0.0,0.0
2020-11-25,33.194,33.194,33.194,33.194,0,0.0,0.0,0.0,0.0,0.0,,0.31,0.0,0.0
2020-11-26,33.194,33.194,33.194,33.194,1,33.194,0.0,0.0,0.0,0.0,,0.31,0.0,0.0
2020-11-27,33.194,33.194,33.194,33.194,0,0.0,0.0,0.0,0.0,0.0,,0.31,0.0,0.0
2020-11-30,33.194,33.194,33.194,33.194,0,0.0,0.0,0.0,0.0,0.0,,0.31,0.0,0.0
2020-12-01,28.248,28.248,28.248,28.248,100,2824.8,0.0,0.0,0.0,0.0,,0.31,0.0,0.0
2020-12-02,24.063,24.063,24.063,24.063,101,2430.363,0.0,0.0,0.0,0.0,,0.31,0.0,0.0
2020-12-03,24.063,24.063,24.063,24.063,0,0.0,0.0,0.0,0.0,0.0,,0.31,0.0,0.0
2020-12-04,24.063,24.063,24.063,24.063,100,2406.3,0.0,0.0,0.0,0.0,,0.31,0.0,0.0
2020-12-07,24.063,24.063,24.063,24.063,0,0.0,0.0,0.0,0.0,0.0,,0.31,0.0,0.0
2020-12-08,24.063,24.063,24.063,24.063,0,0.0,0.0,0.0,0.0,0.0,,0.31,0.0,0.0
2020-12-09,24.063,24.063,24.063,24.063,0,0.0,0.0,0.0,0.0,0.0,,0.31,0.0,0.0
2020-12-10,24.063,24.063,24.063,24.063,0,0.0,0.0,0.0,0.0,0.0,,0.31,0.0,0.0
2020-12-11,24.063,24.063,24.063,24.063,0,0.0,0.0,0.0,0.0,0.0,,0.31,0.0,0.0
2020-12-14,24.063,24.063,24.063,24.063,0,0.0,0.0,0.0,0.0,0.0,,0.31,0.0,0.0
2020-12-15,24.063,24.063,24.063,24.063,0,0.0,0.0,0.0,0.0,0.0,,0.31,0.0,0.0
2020-12-16,24.729,24.729,24.729,24.729,1000,24729.0,0.0,0.0,0.0,0.0,,0.31,0.0,0.0
2020-12-17,24.729,24.729,24.729,24.729,0,0.0,0.0,0.0,0.0,0.0,,0.31,0.0,0.0
2020-12-18,24.253,24.253,24.253,24.253,300,7275.9,0.0,0.0,0.0,0.0,,0.31,0.0,0.0
2020-12-21,24.253,24.253,24.253,24.253,0,0.0,0.0,0.0,0.0,0.0,,0.31,0.0,0.0
2020-12-22,24.253,24.253,24.253,24.253,0,0.0,0.0,0.0,0.0,0.0,,0.31,0.0,0.0
2020-12-23,24.253,24.253,24.253,24.253,0,0.0,0.0,0.0,0.0,0.0,,0.31,0.0,0.0
2020-12-24,26.631,26.631,26.631,26.631,300,7989.3,0.0,0.0,0.0,0.0,,0.31,0.0,0.0
2020-12-25,26.631,26.631,26.631,26.631,0,0.0,0.0,0.0,0.0,0.0,,0.31,0.0,0.0
2020-12-28,26.631,26.631,26.631,26.631,0,0.0,0.0,0.0,0.0,0.0,,0.31,0.0,0.0
2020-12-29,26.631,26.631,26.631,26.631,0,0.0,0.0,0.0,0.0,0.0,,0.31,0.0,0.0
2020-12-30,26.631,26.631,26.631,26.631,0,0.0,0.0,0.0,0.0,0.0,,0.31,0.0,0.0
2020-12-31,22.636,22.636,22.636,22.636,10000,226360.0,0.0,0.0,0.0,0.0,,0.31,0.0,0.0
2021-01-04,22.636,22.636,22.636,22.636,0,0.0,0.0,0.0,0.0,0.0,,0.31,0.0,0.0
2021-01-05,22.636,22.636,22.636,22.636,0,0.0,0.0,0.0,0.0,0.0,,0.31,0.0,0.0
2021-01-06,25.68,25.965,25.68,25.965,11400,296001.0,0.0,0.0,0.0,0.0,,0.31,0.0,0.0
2021-01-07,25.204,25.68,25.204,25.68,13500,346680.0,0.0,0.0,0.0,0.0,,0.31,0.0,0.0
2021-01-08,25.68,25.68,25.68,25.68,2200,56496.0,0.0,0.0,0.0,0.0,,0.31,0.0,0.0
2021-01-11,25.68,25.68,25.68,25.68,0,0.0,0.0,0.0,0.0,0.0,,0.31,0.0,0.0
2021-01-12,25.68,25.68,25.68,25.68,50800,1304544.0,0.0,0.0,0.0,0.0,,0.31,0.0,0.0
2021-01-13,24.729,24.729,24.729,24.729,1000,24729.0,0.0,0.0,0.0,0.0,,0.31,0.0,0.0
2021-01-14,24.729,24.729,24.729,24.729,0,0.0,0.0,0.0,0.0,0.0,,0.31,0.0,0.0
2021-01-15,24.729,24.729,24.729,24.729,0,0.0,0.0,0.0,0.0,0.0,,0.31,0.0,0.0
2021-01-18,25.68,25.87,25.68,25.87,3500,90545.0,0.0,0.0,0.0,0.0,,0.31,0.0,0.0
2021-01-19,29.675,29.675,29.675,29.675,100,2967.5,100.0,0.0,0.0,0.0,,0.31,0.0,0.0
2021-01-20,29.675,29.675,29.675,29.675,0,0.0,0.0,0.0,0.0,0.0,,0.31,0.0,0.0
2021-01-21,29.675,29.675,29.675,29.675,0,0.0,0.0,0.0,0.0,0.0,,0.31,0.0,0.0
2021-01-22,29.675,29.675,29.675,29.675,0,0.0,0.0,0.0,0.0,0.0,,0.31,0.0,0.0
2021-01-25,29.675,29.675,29.675,29.675,0,0.0,0.0,0.0,0.0,0.0,,0.31,0.0,0.0
2021-01-26,26.631,26.631,26.631,26.631,100,2663.1,0.0,0.0,0.0,0.0,,0.31,0.0,0.0
2021-01-27,26.631,26.631,26.631,26.631,0,0.0,0.0,0.0,0.0,0.0,,0.31,0.0,0.0
2021-01-28,26.631,26.631,26.631,26.631,0,0.0,0.0,0.0,0.0,0.0,,0.31,0.0,0.0
2021-01-29,26.631,26.631,26.631,26.631,0,0.0,0.0,0.0,0.0,0.0,,0.31,0.0,0.0
2021-02-01,26.631,26.631,26.631,26.631,1500,39946.5,0.0,0.0,0.0,0.0,,0.31,0.0,0.0
2021-02-02,26.631,26.631,26.631,26.631,1,26.631,0.0,0.0,0.0,0.0,,0.31,0.0,0.0
2021-02-03,26.631,26.631,26.631,26.631,0,0.0,0.0,0.0,0.0,0.0,,0.31,0.0,0.0
2021-02-04,26.631,26.631,26.631,26.631,0,0.0,0.0,0.0,0.0,0.0,,0.31,0.0,0.0
2021-02-05,26.631,26.631,26.631,26.631,0,0.0,0.0,0.0,0.0,0.0,,0.31,0.0,0.0
2021-02-08,26.631,26.631,26.631,26.631,0,0.0,0.0,0.0,0.0,0.0,,0.31,0.0,0.0
2021-02-09,26.631,26.631,26.631,26.631,0,0.0,0.0,0.0,0.0,0.0,,0.31,0.0,0.0
2021-02-17,24.729,24.729,24.729,24.729,500,12364.5,0.0,0.0,0.0,0.0,,0.31,0.0,0.0
2021-02-18,25.204,25.204,25.204,25.204,500,12602.0,0.0,0.0,0.0,0.0,,0.31,0.0,0.0
2021-02-19,25.204,25.204,25.204,25.204,0,0.0,0.0,0.0,0.0,0.0,,0.31,0.0,0.0
2021-02-22,25.204,25.68,25.204,25.68,2200,56496.0,0.0,0.0,0.0,0.0,,0.31,0.0,0.0
2021-02-23,26.156,26.156,26.156,26.156,100,2615.6,0.0,0.0,0.0,0.0,,0.31,0.0,0.0
2021-02-24,26.156,26.156,26.156,26.156,0,0.0,0.0,0.0,0.0,0.0,,0.31,0.0,0.0
2021-02-25,26.156,26.156,26.156,26.156,0,0.0,0.0,0.0,0.0,0.0,,0.31,0.0,0.0
2021-02-26,26.156,26.156,26.156,26.156,0,0.0,0.0,0.0,0.0,0.0,,0.31,0.0,0.0
2021-03-01,26.156,26.156,26.156,26.156,0,0.0,0.0,0.0,0.0,0.0,,0.31,0.0,0.0
2021-03-02,26.156,26.156,26.156,26.156,0,0.0,0.0,0.0,0.0,0.0,,0.31,0.0,0.0
2021-03-03,26.156,26.156,26.156,26.156,0,0.0,0.0,0.0,0.0,0.0,,0.31,0.0,0.0
2021-03-04,26.156,26.156,26.156,26.156,3000,78468.0,0.0,0.0,0.0,0.0,,0.31,0.0,0.0
2021-03-05,26.156,26.156,26.156,26.156,1000,26156.0,0.0,0.0,0.0,0.0,,0.31,0.0,0.0
2021-03-08,26.156,26.156,26.156,26.156,0,0.0,0.0,0.0,0.0,0.0,,0.31,0.0,0.0
2021-03-09,26.156,26.156,26.156,26.156,0,0.0,0.0,0.0,0.0,0.0,,0.31,0.0,0.0
2021-03-10,26.156,26.156,26.156,26.156,0,0.0,0.0,0.0,0.0,0.0,,0.31,0.0,0.0
2021-03-11,26.156,26.156,26.156,26.156,0,0.0,0.0,0.0,0.0,0.0,,0.31,0.0,0.0
2021-03-12,26.156,26.156,26.156,26.156,0,0.0,0.0,0.0,0.0,0.0,,0.31,0.0,0.0
2021-03-15,26.631,26.631,26.631,26.631,2000,53262.0,0.0,0.0,0.0,0.0,,0.31,0.0,0.0
2021-03-16,26.631,26.631,26.631,26.631,200,5326.2,0.0,0.0,0.0,0.0,,0.31,0.0,0.0
2021-03-17,26.631,26.631,26.631,26.631,0,0.0,0.0,0.0,0.0,0.0,,0.31,0.0,0.0
2021-03-18,29.96,29.96,29.96,29.96,100,2996.0,0.0,0.0,0.0,0.0,,0.31,0.0,0.0
2021-03-19,29.96,29.96,29.96,29.96,0,0.0,0.0,0.0,0.0,0.0,,0.31,0.0,0.0
2021-03-22,29.96,29.96,29.96,29.96,100,2996.0,0.0,0.0,0.0,0.0,,0.31,0.0,0.0
2021-03-23,29.96,29.96,29.96,29.96,0,0.0,0.0,0.0,0.0,0.0,,0.31,0.0,0.0
2021-03-24,29.96,29.96,29.96,29.96,0,0.0,0.0,0.0,0.0,0.0,,0.31,0.0,0.0
2021-03-25,29.96,29.96,29.96,29.96,0,0.0,0.0,0.0,0.0,0.0,,0.31,0.0,0.0
2021-03-26,29.96,29.96,29.96,29.96,0,0.0,0.0,0.0,0.0,0.0,,0.31,0.0,0.0
2021-03-29,29.96,29.96,29.96,29.96,0,0.0,0.0,0.0,0.0,0.0,,0.31,0.0,0.0
2021-03-30,29.96,29.96,29.96,29.96,0,0.0,0.0,0.0,0.0,0.0,,0.31,0.0,0.0
2021-03-31,29.96,29.96,29.96,29.96,0,0.0,0.0,0.0,0.0,0.0,,0.31,0.0,0.0
2021-04-01,29.104,30.055,29.104,30.055,1101,33090.555,0.0,0.0,0.0,0.0,,0.31,0.0,0.0
2021-04-02,29.96,29.96,29.96,29.96,0,0.0,0.0,0.0,0.0,0.0,,0.31,0.0,0.0
2021-04-05,29.96,29.96,29.96,29.96,0,0.0,0.0,0.0,0.0,0.0,,0.31,0.0,0.0
2021-04-06,29.96,29.96,29.96,29.96,0,0.0,0.0,0.0,0.0,0.0,,0.31,0.0,0.0
2021-04-07,29.96,29.96,29.96,29.96,10,299.6,0.0,0.0,0.0,0.0,,0.31,0.0,0.0
2021-04-08,29.96,29.96,29.96,29.96,0,0.0,0.0,0.0,0.0,0.0,,0.31,0.0,0.0
2021-04-09,29.96,29.96,29.96,29.96,0,0.0,0.0,0.0,0.0,0.0,,0.31,0.0,0.0
2021-04-12,29.96,29.96,29.96,29.96,0,0.0,0.0,0.0,0.0,0.0,,0.31,0.0,0.0
2021-04-13,29.96,29.96,29.96,29.96,0,0.0,0.0,0.0,0.0,0.0,,0.31,0.0,0.0
2021-04-14,29.96,29.96,29.96,29.96,0,0.0,0.0,0.0,0.0,0.0,,0.31,0.0,0.0
2021-04-15,29.96,29.96,29.96,29.96,0,0.0,0.0,0.0,0.0,0.0,,0.31,0.0,0.0
2021-04-16,29.96,29.96,29.96,29.96,0,0.0,0.0,0.0,0.0,0.0,,0.31,0.0,0.0
2021-04-19,29.96,29.96,29.96,29.96,0,0.0,0.0,0.0,0.0,0.0,,0.31,0.0,0.0
2021-04-20,29.96,29.96,29.96,29.96,0,0.0,0.0,0.0,0.0,0.0,,0.31,0.0,0.0
2021-04-22,29.96,29.96,29.96,29.96,0,0.0,0.0,0.0,0.0,0.0,,0.31,0.0,0.0
2021-04-23,29.96,29.96,29.96,29.96,0,0.0,0.0,0.0,0.0,0.0,,0.31,0.0,0.0
2021-04-26,29.96,29.96,29.96,29.96,0,0.0,0.0,0.0,0.0,0.0,,0.31,0.0,0.0
2021-04-27,29.96,29.96,29.96,29.96,0,0.0,0.0,0.0,0.0,0.0,,0.31,0.0,0.0
2021-04-28,29.96,29.96,29.96,29.96,0,0.0,0.0,0.0,0.0,0.0,,0.31,0.0,0.0
2021-04-29,29.96,29.96,29.96,29.96,0,0.0,0.0,0.0,0.0,0.0,,0.31,0.0,0.0
2021-05-04,29.96,29.96,29.96,29.96,0,0.0,0.0,0.0,0.0,0.0,,0.31,0.0,0.0
2021-05-05,29.96,29.96,29.96,29.96,0,0.0,0.0,0.0,0.0,0.0,,0.31,0.0,0.0
2021-05-06,29.96,29.96,29.96,29.96,0,0.0,0.0,0.0,0.0,0.0,,0.31,0.0,0.0
2021-05-07,29.96,29.96,29.96,29.96,0,0.0,0.0,0.0,0.0,0.0,,0.31,0.0,0.0
2021-05-10,29.96,29.96,29.96,29.96,0,0.0,0.0,0.0,0.0,0.0,,0.31,0.0,0.0
2021-05-11,29.96,29.96,29.96,29.96,100,2996.0,0.0,0.0,0.0,0.0,,0.31,0.0,0.0
2021-05-12,25.68,25.68,25.68,25.68,6000,154080.0,0.0,0.0,0.0,0.0,,0.31,0.0,0.0
2021-05-13,22.351,22.351,22.351,22.351,600,13410.6,0.0,0.0,0.0,0.0,,0.31,0.0,0.0
2021-05-14,22.351,22.351,22.351,22.351,0,0.0,0.0,0.0,0.0,0.0,,0.31,0.0,0.0
2021-05-17,19.973,19.973,19.973,19.973,8500,169770.5,0.0,0.0,0.0,0.0,,0.31,0.0,0.0
2021-05-18,19.973,19.973,19.973,19.973,300,5991.9,0.0,0.0,0.0,0.0,,0.31,0.0,0.0
2021-05-19,20.164,20.164,20.164,20.164,8000,161312.0,0.0,0.0,0.0,0.0,,0.31,0.0,0.0
2021-05-20,20.164,20.164,20.164,20.164,0,0.0,0.0,0.0,0.0,0.0,,0.31,0.0,0.0
2021-05-21,20.164,20.164,20.164,20.164,0,0.0,0.0,0.0,0.0,0.0,,0.31,0.0,0.0
2021-05-24,23.112,23.112,19.022,19.022,10109,192293.398,0.0,100.0,0.0,0.0,,0.31,0.0,0.0
2021-05-25,19.022,19.022,19.022,19.022,0,0.0,0.0,0.0,0.0,0.0,,0.31,0.0,0.0
2021-05-26,19.022,19.022,19.022,19.022,0,0.0,0.0,0.0,0.0,0.0,,0.31,0.0,0.0
2021-05-27,19.022,19.022,19.022,19.022,0,0.0,0.0,0.0,0.0,0.0,,0.31,0.0,0.0
2021-05-28,19.022,19.022,19.022,19.022,0,0.0,0.0,0.0,0.0,0.0,,0.31,0.0,0.0
2021-05-31,18.547,18.547,18.547,18.547,10000,185470.0,0.0,0.0,0.0,0.0,,0.31,0.0,0.0
2021-06-01,18.547,18.547,18.547,18.547,0,0.0,0.0,0.0,0.0,0.0,,0.31,0.0,0.0
2021-06-02,21.305,21.305,19.973,19.973,209,4174.357,0.0,0.0,0.0,0.0,,0.31,0.0,0.0
2021-06-03,23.683,23.683,23.683,23.683,5100,120783.3,0.0,0.0,0.0,0.0,,0.31,0.0,0.0
2021-06-04,27.202,27.202,20.449,20.449,12100,247432.9,0.0,0.0,0.0,0.0,,0.31,0.0,0.0
2021-06-07,23.588,23.588,23.588,23.588,105,2476.74,0.0,0.0,0.0,0.0,,0.31,0.0,0.0
2021-06-08,23.588,23.588,23.588,23.588,0,0.0,0.0,0.0,0.0,0.0,,0.31,0.0,0.0
2021-06-09,23.588,23.588,23.588,23.588,0,0.0,0.0,0.0,0.0,0.0,,0.31,0.0,0.0
2021-06-10,23.588,23.588,23.588,23.588,0,0.0,0.0,0.0,0.0,0.0,,0.31,0.0,0.0
2021-06-11,27.107,27.107,27.107,27.107,1000,27107.0,0.0,0.0,0.0,0.0,,0.31,0.0,0.0
2021-06-14,27.107,27.107,27.107,27.107,0,0.0,0.0,0.0,0.0,0.0,,0.31,0.0,0.0
2021-06-15,27.107,27.107,27.107,27.107,0,0.0,0.0,0.0,0.0,0.0,,0.31,0.0,0.0
2021-06-16,27.107,27.107,27.107,27.107,0,0.0,0.0,0.0,0.0,0.0,,0.31,0.0,0.0
2021-06-17,27.107,27.107,27.107,27.107,0,0.0,0.0,0.0,0.0,0.0,,0.31,0.0,0.0
2021-06-18,27.107,27.107,27.107,27.107,0,0.0,0.0,0.0,0.0,0.0,,0.31,0.0,0.0
2021-06-21,27.107,27.107,27.107,27.107,0,0.0,0.0,0.0,0.0,0.0,,0.31,0.0,0.0
2021-06-22,27.107,27.107,27.107,27.107,0,0.0,0.0,0.0,0.0,0.0,,0.31,0.0,0.0
2021-06-23,27.107,27.107,27.107,27.107,0,0.0,0.0,0.0,0.0,0.0,,0.31,0.0,0.0
2021-06-24,27.107,27.107,27.107,27.107,0,0.0,0.0,0.0,0.0,0.0,,0.31,0.0,0.0
2021-06-25,27.107,27.107,27.107,27.107,0,0.0,0.0,0.0,0.0,0.0,,0.31,0.0,0.0
2021-06-28,27.107,27.107,27.107,27.107,0,0.0,0.0,0.0,0.0,0.0,,0.31,0.0,0.0
2021-06-29,27.107,27.107,27.107,27.107,0,0.0,0.0,0.0,0.0,0.0,,0.31,0.0,0.0
2021-06-30,27.107,27.107,27.107,27.107,0,0.0,0.0,0.0,0.0,0.0,,0.31,0.0,0.0
2021-07-01,27.107,27.107,27.107,27.107,0,0.0,0.0,0.0,0.0,0.0,,0.31,0.0,0.0
2021-07-02,27.107,27.107,27.107,27.107,0,0.0,0.0,0.0,0.0,0.0,,0.31,0.0,0.0
2021-07-05,27.107,27.107,27.107,27.107,0,0.0,0.0,0.0,0.0,0.0,,0.31,0.0,0.0
2021-07-06,23.207,23.207,23.207,23.207,12000,278484.0,0.0,0.0,0.0,0.0,,0.31,0.0,0.0
2021-07-07,23.207,23.207,23.207,23.207,0,0.0,0.0,0.0,0.0,0.0,,0.31,0.0,0.0
2021-07-08,19.973,19.973,19.973,19.973,100,1997.3,0.0,0.0,0.0,0.0,,0.31,0.0,0.0
2021-07-09,19.973,19.973,19.973,19.973,0,0.0,0.0,0.0,0.0,0.0,,0.31,0.0,0.0
2021-07-12,17.025,17.025,17.025,17.025,1000,17025.0,0.0,0.0,0.0,0.0,,0.31,0.0,0.0
2021-07-13,17.691,17.691,17.691,17.691,100,1769.1,0.0,0.0,0.0,0.0,,0.31,0.0,0.0
2021-07-14,17.691,17.691,17.691,17.691,0,0.0,0.0,0.0,0.0,0.0,,0.31,0.0,0.0
2021-07-15,15.693,15.693,15.693,15.693,12000,188316.0,0.0,0.0,0.0,0.0,,0.31,0.0,0.0
2021-07-16,17.976,17.976,17.976,17.976,200,3595.2,0.0,0.0,0.0,0.0,,0.31,0.0,0.0
2021-07-19,17.976,17.976,17.976,17.976,0,0.0,0.0,0.0,0.0,0.0,,0.31,0.0,0.0
2021-07-20,17.976,17.976,17.976,17.976,0,0.0,0.0,0.0,0.0,0.0,,0.31,0.0,0.0
2021-07-21,16.169,16.169,16.169,16.169,10000,161690.0,0.0,0.0,0.0,0.0,,0.31,0.0,0.0
2021-07-22,15.693,18.547,15.693,18.547,8100,150230.7,0.0,0.0,0.0,0.0,,0.31,0.0,0.0
2021-07-23,17.976,17.976,17.976,17.976,100,1797.6,0.0,0.0,0.0,0.0,,0.31,0.0,0.0
2021-07-26,17.976,17.976,17.976,17.976,0,0.0,0.0,0.0,0.0,0.0,,0.31,0.0,0.0
2021-07-27,17.976,17.976,17.976,17.976,0,0.0,0.0,0.0,0.0,0.0,,0.31,0.0,0.0
2021-07-28,17.976,17.976,17.976,17.976,0,0.0,0.0,0.0,0.0,0.0,,0.31,0.0,0.0
2021-07-29,15.884,15.884,15.884,15.884,17000,270028.0,0.0,0.0,0.0,0.0,,0.31,0.0,0.0
2021-07-30,15.884,15.884,15.693,15.693,500,7846.5,0.0,0.0,0.0,0.0,,0.31,0.0,0.0
2021-08-02,15.693,15.693,15.693,15.693,0,0.0,0.0,0.0,0.0,0.0,,0.31,0.0,0.0
2021-08-03,15.218,15.693,15.218,15.693,18600,291889.8,0.0,0.0,0.0,0.0,,0.31,0.0,0.0
2021-08-04,15.218,15.218,15.218,15.218,0,0.0,0.0,0.0,0.0,0.0,,0.31,0.0,0.0
2021-08-05,15.218,15.218,15.218,15.218,21600,328708.8,0.0,0.0,0.0,0.0,,0.31,0.0,0.0
2021-08-06,15.218,15.218,15.218,15.218,0,0.0,0.0,0.0,0.0,0.0,,0.31,0.0,0.0
2021-08-09,15.218,15.218,15.218,15.218,0,0.0,0.0,0.0,0.0,0.0,,0.31,0.0,0.0
2021-08-10,17.12,17.12,17.12,17.12,100,1712.0,0.0,0.0,0.0,0.0,,0.31,0.0,0.0
2021-08-11,17.12,17.12,17.12,17.12,0,0.0,0.0,0.0,0.0,0.0,,0.31,0.0,0.0
2021-08-12,17.12,17.12,17.12,17.12,3,51.36,0.0,0.0,0.0,0.0,,0.31,0.0,0.0
2021-08-13,19.688,19.688,19.688,19.688,100,1968.8,0.0,0.0,0.0,0.0,,0.31,0.0,0.0
2021-08-16,22.351,22.351,22.351,22.351,2200,49172.2,0.0,0.0,0.0,0.0,,0.31,0.0,0.0
2021-08-17,22.351,22.351,22.351,22.351,0,0.0,0.0,0.0,0.0,0.0,,0.31,0.0,0.0
2021-08-18,25.68,25.68,25.585,25.585,500,12792.5,0.0,0.0,0.0,0.0,,0.31,0.0,0.0
2021-08-19,26.536,26.536,25.87,25.87,200,5174.0,0.0,0.0,0.0,0.0,,0.31,0.0,0.0
2021-08-20,26.251,26.251,26.251,26.251,600,15750.6,0.0,0.0,0.0,0.0,,0.31,0.0,0.0
2021-08-23,28.914,28.914,28.914,28.914,100,2891.4,0.0,0.0,0.0,0.0,,0.31,0.0,0.0
2021-08-24,24.634,24.634,24.634,24.634,205,5049.97,0.0,0.0,0.0,0.0,,0.31,0.0,0.0
2021-08-25,28.248,28.248,23.778,28.248,500,14124.0,0.0,0.0,0.0,0.0,,0.31,0.0,0.0
2021-08-26,26.441,26.441,26.441,26.441,0,0.0,0.0,0.0,0.0,0.0,,0.31,0.0,0.0
2021-08-27,26.441,26.441,26.441,26.441,500,13220.5,0.0,0.0,0.0,0.0,,0.31,0.0,0.0
2021-08-30,26.441,26.441,26.441,26.441,100,2644.1,0.0,0.0,0.0,0.0,,0.31,0.0,0.0
2021-08-31,26.441,26.441,26.441,26.441,0,0.0,0.0,0.0,0.0,0.0,,0.31,0.0,0.0
2021-09-01,26.441,26.441,22.827,22.827,2100,47936.7,0.0,0.0,0.0,0.0,,0.31,0.0,0.0
2021-09-06,26.441,26.441,26.441,26.441,100,2644.1,0.0,0.0,0.0,0.0,,0.31,0.0,0.0
2021-09-07,26.441,26.441,26.441,26.441,1304,34479.064,0.0,0.0,0.0,0.0,,0.31,0.0,0.0
2021-09-08,23.112,23.112,23.112,23.112,100,2311.2,0.0,0.0,0.0,0.0,,0.31,0.0,0.0
2021-09-09,23.207,23.207,23.112,23.112,600,13867.2,0.0,0.0,0.0,0.0,,0.31,0.0,0.0
2021-09-10,26.536,26.536,26.536,26.536,100,2653.6000000000004,0.0,0.0,0.0,0.0,,0.31,0.0,0.0
2021-09-13,26.156,26.156,22.922,22.922,400,9168.8,0.0,0.0,0.0,0.0,,0.31,0.0,0.0
2021-09-14,25.585,25.585,25.585,25.585,200,5117.0,0.0,0.0,0.0,0.0,,0.31,0.0,0.0
2021-09-15,25.204,25.204,23.112,23.112,700,16178.4,0.0,0.0,0.0,0.0,,0.31,0.0,0.0
2021-09-16,22.827,22.827,22.827,22.827,385,8788.395,0.0,0.0,0.0,0.0,,0.31,0.0,0.0
2021-09-17,24.634,24.634,24.253,24.253,208,5044.624,0.0,0.0,0.0,0.0,,0.31,0.0,0.0
2021-09-20,21.876,21.876,21.876,21.876,1000,21876.0,0.0,0.0,0.0,0.0,,0.31,0.0,0.0
2021-09-21,24.158,24.158,24.158,24.158,100,2415.8,0.0,0.0,0.0,0.0,,0.31,0.0,0.0
2021-09-22,24.158,24.158,24.158,24.158,0,0.0,0.0,0.0,0.0,0.0,,0.31,0.0,0.0
2021-09-23,24.158,24.158,24.158,24.158,0,0.0,0.0,0.0,0.0,0.0,,0.31,0.0,0.0
2021-09-24,23.968,23.968,23.968,23.968,200,4793.6,0.0,0.0,0.0,0.0,,0.31,0.0,0.0
2021-09-27,23.968,23.968,23.968,23.968,0,0.0,0.0,0.0,0.0,0.0,,0.31,0.0,0.0
2021-09-28,21.971,21.971,20.924,21.876,1000,21876.0,0.0,0.0,0.0,0.0,,0.31,0.0,0.0
2021-09-29,23.683,23.683,23.683,23.683,100,2368.3,0.0,0.0,0.0,0.0,,0.31,0.0,0.0
2021-09-30,21.4,21.4,21.4,21.4,510,10914.0,0.0,0.0,0.0,0.0,,0.31,0.0,0.0
2021-10-01,24.6,24.6,24.6,24.6,100,2460.0,0.0,0.0,0.0,0.0,,0.31,0.0,0.0
2021-10-04,24.6,24.6,24.6,24.6,0,0.0,0.0,0.0,0.0,0.0,,0.31,0.0,0.0
2021-10-05,24.6,24.6,24.6,24.6,200,4920.0,0.0,0.0,0.0,0.0,,0.31,0.0,0.0
2021-10-06,24.0,24.0,24.0,24.0,1601,38424.0,0.0,0.0,0.0,0.0,,0.31,0.0,0.0
2021-10-07,24.0,24.0,24.0,24.0,104,2496.0,0.0,0.0,0.0,0.0,,0.31,0.0,0.0
2021-10-08,24.0,24.0,24.0,24.0,0,0.0,0.0,0.0,0.0,0.0,,0.31,0.0,0.0
2021-10-11,21.5,21.6,21.5,21.6,1001,21621.6,0.0,0.0,0.0,0.0,,0.31,0.0,0.0
2021-10-12,21.6,24.6,21.6,24.5,1600,39200.0,500.0,0.0,10000.0,0.0,,0.31,0.01,0.0
2021-10-13,24.3,24.6,23.3,24.6,900,22140.0,0.0,0.0,0.0,0.0,,0.31,0.0,0.0
2021-10-14,23.8,24.6,23.0,24.6,2500,61500.0,0.0,0.0,0.0,0.0,,0.31,0.0,0.0
2021-10-15,22.1,22.1,22.1,22.1,300,6630.0,0.0,0.0,0.0,0.0,,0.31,0.0,0.0
2021-10-18,22.1,22.2,22.1,22.2,400,8880.0,0.0,0.0,0.0,0.0,,0.31,0.0,0.0
2021-10-19,22.2,22.2,22.2,22.2,600,13320.0,0.0,0.0,0.0,0.0,,0.31,0.0,0.0
2021-10-20,22.2,22.2,22.2,22.2,200,4440.0,0.0,0.0,0.0,0.0,,0.31,0.0,0.0
2021-10-21,23.7,24.6,23.7,24.6,400,9840.0,0.0,0.0,0.0,0.0,,0.31,0.0,0.0
2021-10-22,24.2,24.2,24.2,24.2,0,0.0,0.0,0.0,0.0,0.0,,0.31,0.0,0.0
2021-10-25,27.8,27.8,27.7,27.8,1600,44480.0,0.0,0.0,0.0,0.0,,0.31,0.0,0.0
2021-10-26,31.8,31.8,30.9,30.9,200,6180.0,0.0,0.0,0.0,0.0,,0.31,0.0,0.0
2021-10-27,32.4,32.4,26.7,26.7,5711,152483.69999999998,0.0,0.0,0.0,0.0,,0.31,0.0,0.0
2021-10-28,25.5,25.5,23.7,24.5,3600,88200.0,100.0,0.0,0.0,0.0,,0.31,0.0,0.0
2021-10-29,24.2,24.3,24.2,24.3,600,14580.0,0.0,0.0,0.0,0.0,,0.31,0.0,0.0
2021-11-01,24.3,25.0,24.3,24.9,1900,47310.0,0.0,0.0,0.0,0.0,,0.31,0.0,0.0
2021-11-02,28.0,28.0,24.9,25.0,16700,417500.0,0.0,500.0,0.0,10000.0,,0.31,0.0,0.01
2021-11-03,27.9,30.4,26.5,26.5,7800,206700.0,0.0,0.0,0.0,0.0,,0.31,0.0,0.0
2021-11-04,34.0,34.0,26.6,26.8,9900,265320.0,0.0,100.0,0.0,0.0,,0.31,0.0,0.0
2021-11-05,28.4,28.4,28.4,28.4,2200,62480.0,0.0,0.0,0.0,0.0,,0.31,0.0,0.0
2021-11-08,32.5,32.5,24.7,27.9,2003,55883.7,0.0,0.0,0.0,0.0,,0.31,0.0,0.0
2021-11-09,27.9,27.9,27.0,27.0,1750,47250.0,0.0,0.0,0.0,0.0,,0.31,0.0,0.0
2021-11-10,27.1,27.1,27.1,27.1,0,0.0,0.0,0.0,0.0,0.0,,0.31,0.0,0.0
2021-11-11,27.0,27.0,27.0,27.0,1306,35262.0,0.0,0.0,0.0,0.0,,0.31,0.0,0.0
2021-11-12,27.0,27.0,27.0,27.0,0,0.0,0.0,0.0,0.0,0.0,,0.31,0.0,0.0
2021-11-15,27.0,27.0,27.0,27.0,700,18900.0,0.0,0.0,0.0,0.0,,0.31,0.0,0.0
2021-11-16,27.0,27.0,27.0,27.0,111,2997.0,0.0,0.0,0.0,0.0,,0.31,0.0,0.0
2021-11-17,25.0,27.0,25.0,25.0,2000,50000.0,0.0,0.0,0.0,0.0,,0.31,0.0,0.0
2021-11-18,26.5,26.5,25.3,25.5,400,10200.0,0.0,0.0,0.0,0.0,,0.31,0.0,0.0
2021-11-19,22.6,27.9,22.6,26.0,1720,44720.0,0.0,0.0,0.0,0.0,,0.31,0.0,0.0
2021-11-22,25.7,25.7,25.6,25.7,2600,66820.0,0.0,0.0,0.0,0.0,,0.31,0.0,0.0
2021-11-23,28.8,29.5,28.8,29.0,4150,120350.0,0.0,0.0,0.0,0.0,,0.31,0.0,0.0
2021-11-24,28.9,33.8,28.9,33.0,5200,171600.0,0.0,0.0,0.0,0.0,,0.31,0.0,0.0
2021-11-25,33.4,33.4,33.4,33.4,0,0.0,0.0,0.0,0.0,0.0,,0.31,0.0,0.0
2021-11-26,33.4,33.4,33.4,33.4,0,0.0,0.0,0.0,0.0,0.0,,0.31,0.0,0.0
2021-11-29,33.4,33.4,33.4,33.4,0,0.0,0.0,0.0,0.0,0.0,,0.31,0.0,0.0
2021-11-30,33.0,33.0,33.0,33.0,300,9900.0,0.0,0.0,0.0,0.0,,0.31,0.0,0.0
2021-12-01,33.0,33.0,33.0,33.0,0,0.0,0.0,0.0,0.0,0.0,,0.31,0.0,0.0
2021-12-02,33.0,33.0,33.0,33.0,0,0.0,0.0,0.0,0.0,0.0,,0.31,0.0,0.0
2021-12-03,33.0,33.0,33.0,33.0,0,0.0,0.0,0.0,0.0,0.0,,0.31,0.0,0.0
2021-12-06,33.0,33.0,33.0,33.0,0,0.0,0.0,0.0,0.0,0.0,,0.31,0.0,0.0
2021-12-07,33.0,33.0,33.0,33.0,0,0.0,0.0,0.0,0.0,0.0,,0.31,0.0,0.0
2021-12-08,33.0,33.0,33.0,33.0,1,33.0,0.0,0.0,0.0,0.0,,0.31,0.0,0.0
2021-12-09,33.0,33.0,33.0,33.0,0,0.0,0.0,0.0,0.0,0.0,,0.31,0.0,0.0
2021-12-10,33.0,33.0,33.0,33.0,0,0.0,0.0,0.0,0.0,0.0,,0.31,0.0,0.0
2021-12-13,31.8,31.8,28.1,28.1,200,5620.0,0.0,0.0,0.0,0.0,,0.31,0.0,0.0
2021-12-14,25.5,25.5,25.5,25.5,4032,102816.0,0.0,0.0,0.0,0.0,,0.31,0.0,0.0
2021-12-15,26.0,26.0,26.0,26.0,1019,26494.0,0.0,0.0,0.0,0.0,,0.31,0.0,0.0
2021-12-16,26.0,28.0,26.0,28.0,346,9688.0,0.0,0.0,0.0,0.0,,0.31,0.0,0.0
2021-12-17,26.7,26.7,26.7,26.7,64,1708.8,0.0,0.0,0.0,0.0,,0.31,0.0,0.0
2021-12-20,23.6,23.6,22.9,23.1,2600,60060.00000000001,0.0,0.0,0.0,0.0,,0.31,0.0,0.0
2021-12-21,25.1,25.1,25.1,25.1,100,2510.0,0.0,0.0,0.0,0.0,,0.31,0.0,0.0
2021-12-22,25.1,25.1,25.1,25.1,0,0.0,0.0,0.0,0.0,0.0,,0.31,0.0,0.0
2021-12-23,24.1,24.2,24.1,24.2,200,4840.0,0.0,0.0,0.0,0.0,,0.31,0.0,0.0
2021-12-24,24.1,24.1,24.1,24.1,100,2410.0,0.0,0.0,0.0,0.0,,0.31,0.0,0.0
2021-12-27,24.0,24.0,21.0,21.0,200,4200.0,0.0,0.0,0.0,0.0,,0.31,0.0,0.0
2021-12-28,24.9,25.0,24.9,25.0,3800,95000.0,0.0,0.0,0.0,0.0,,0.31,0.0,0.0
2021-12-29,25.0,28.7,25.0,28.7,8749,251096.3,0.0,0.0,0.0,0.0,,0.31,0.0,0.0
2021-12-30,28.7,28.7,28.7,28.7,100,2870.0,0.0,0.0,0.0,0.0,,0.31,0.0,0.0
2021-12-31,30.0,30.0,30.0,30.0,1009,30270.0,0.0,0.0,0.0,0.0,,0.31,0.0,0.0
2022-01-04,25.5,28.7,25.5,28.7,200,5740.0,0.0,0.0,0.0,0.0,,0.31,0.0,0.0
2022-01-05,27.1,27.1,27.0,27.0,300,8100.0,0.0,0.0,0.0,0.0,,0.31,0.0,0.0
2022-01-06,26.9,26.9,26.9,26.9,1000,26900.0,0.0,0.0,0.0,0.0,,0.31,0.0,0.0
2022-01-07,24.9,24.9,24.9,24.9,300,7470.0,0.0,0.0,0.0,0.0,,0.31,0.0,0.0
2022-01-10,25.0,26.0,25.0,25.0,3500,87500.0,0.0,0.0,0.0,0.0,,0.31,0.0,0.0
2022-01-11,25.2,25.2,25.2,25.2,1600,40320.0,0.0,0.0,0.0,0.0,,0.31,0.0,0.0
2022-01-12,25.2,25.2,25.2,25.2,0,0.0,0.0,0.0,0.0,0.0,,0.31,0.0,0.0
2022-01-13,25.2,25.2,25.2,25.2,10,252.0,0.0,0.0,0.0,0.0,,0.31,0.0,0.0
2022-01-14,25.2,25.2,25.2,25.2,0,0.0,0.0,0.0,0.0,0.0,,0.31,0.0,0.0
2022-01-17,25.2,25.2,25.2,25.2,0,0.0,0.0,0.0,0.0,0.0,,0.31,0.0,0.0
2022-01-18,25.2,25.2,25.2,25.2,0,0.0,0.0,0.0,0.0,0.0,,0.31,0.0,0.0
2022-01-19,25.2,25.2,25.2,25.2,0,0.0,0.0,0.0,0.0,0.0,,0.31,0.0,0.0
2022-01-20,26.5,26.5,26.5,26.5,100,2650.0,0.0,0.0,0.0,0.0,,0.31,0.0,0.0
2022-01-21,26.5,26.5,26.5,26.5,0,0.0,0.0,0.0,0.0,0.0,,0.31,0.0,0.0
2022-01-24,26.5,26.5,26.5,26.5,0,0.0,0.0,0.0,0.0,0.0,,0.31,0.0,0.0
2022-01-25,26.5,26.5,26.5,26.5,0,0.0,0.0,0.0,0.0,0.0,,0.31,0.0,0.0
2022-01-26,26.5,26.5,26.5,26.5,10,265.0,0.0,0.0,0.0,0.0,,0.31,0.0,0.0
2022-01-27,26.5,26.5,26.5,26.5,0,0.0,0.0,0.0,0.0,0.0,,0.31,0.0,0.0
2022-01-28,26.5,26.5,26.5,26.5,0,0.0,0.0,0.0,0.0,0.0,,0.31,0.0,0.0
2022-02-07,26.4,27.8,26.4,27.8,300,8340.0,0.0,0.0,0.0,0.0,,0.31,0.0,0.0
2022-02-08,25.0,25.0,25.0,25.0,400,10000.0,0.0,0.0,0.0,0.0,,0.31,0.0,0.0
2022-02-09,28.0,28.0,24.5,24.5,27600,676200.0,0.0,0.0,0.0,0.0,,0.31,0.0,0.0
2022-02-10,24.6,24.6,24.6,24.6,0,0.0,0.0,0.0,0.0,0.0,,0.31,0.0,0.0
2022-02-11,23.6,23.6,23.6,23.6,800,18880.0,0.0,0.0,0.0,0.0,,0.31,0.0,0.0
2022-02-14,23.0,23.5,23.0,23.5,1000,23500.0,0.0,0.0,0.0,0.0,,0.31,0.0,0.0
2022-02-15,26.5,26.5,26.5,26.5,218,5777.0,0.0,0.0,0.0,0.0,,0.31,0.0,0.0
2022-02-16,23.2,23.3,23.0,23.0,2000,46000.0,0.0,0.0,0.0,0.0,,0.31,0.0,0.0
2022-02-17,25.6,25.6,25.0,25.0,300,7500.0,0.0,0.0,0.0,0.0,,0.31,0.0,0.0
2022-02-18,25.2,25.2,25.2,25.2,0,0.0,0.0,0.0,0.0,0.0,,0.31,0.0,0.0
2022-02-21,24.6,24.6,24.6,24.6,615,15129.0,0.0,0.0,0.0,0.0,,0.31,0.0,0.0
2022-02-22,22.9,22.9,22.9,22.9,100,2290.0,0.0,0.0,0.0,0.0,,0.31,0.0,0.0
2022-02-23,22.9,22.9,22.9,22.9,0,0.0,0.0,0.0,0.0,0.0,,0.31,0.0,0.0
2022-02-24,22.9,22.9,22.9,22.9,3,68.69999999999999,0.0,0.0,0.0,0.0,,0.31,0.0,0.0
2022-02-25,22.9,22.9,22.9,22.9,100,2290.0,0.0,0.0,0.0,0.0,,0.31,0.0,0.0
2022-02-28,22.9,22.9,22.9,22.9,0,0.0,0.0,0.0,0.0,0.0,,0.31,0.0,0.0
2022-03-01,23.0,23.0,23.0,23.0,1000,23000.0,0.0,0.0,0.0,0.0,,0.31,0.0,0.0
2022-03-02,23.0,23.0,23.0,23.0,0,0.0,0.0,0.0,0.0,0.0,,0.31,0.0,0.0
2022-03-03,20.2,20.2,20.2,20.2,100,2020.0,0.0,0.0,0.0,0.0,,0.31,0.0,0.0
2022-03-04,23.0,23.0,23.0,23.0,1500,34500.0,0.0,0.0,0.0,0.0,,0.31,0.0,0.0
2022-03-07,25.0,25.0,24.9,25.0,1100,27500.0,0.0,0.0,0.0,0.0,,0.31,0.0,0.0
2022-03-08,25.0,25.0,25.0,25.0,200,5000.0,0.0,0.0,0.0,0.0,,0.31,0.0,0.0
2022-03-09,25.0,25.0,25.0,25.0,214,5350.0,0.0,0.0,0.0,0.0,,0.31,0.0,0.0
2022-03-10,23.9,23.9,23.9,23.9,900,21510.0,0.0,0.0,0.0,0.0,,0.31,0.0,0.0
2022-03-11,23.1,23.1,23.0,23.0,300,6900.0,0.0,0.0,0.0,0.0,,0.31,0.0,0.0
2022-03-14,23.0,23.0,23.0,23.0,100,2300.0,0.0,0.0,0.0,0.0,,0.31,0.0,0.0
2022-03-15,23.0,23.0,23.0,23.0,0,0.0,0.0,0.0,0.0,0.0,,0.31,0.0,0.0
2022-03-16,23.0,23.0,23.0,23.0,0,0.0,0.0,0.0,0.0,0.0,,0.31,0.0,0.0
2022-03-17,23.0,23.3,23.0,23.2,1000,23200.0,0.0,0.0,0.0,0.0,,0.31,0.0,0.0
2022-03-18,23.2,23.3,23.2,23.3,500,11650.0,0.0,0.0,0.0,0.0,,0.31,0.0,0.0
2022-03-21,23.3,23.3,23.2,23.3,900,20970.0,0.0,0.0,0.0,0.0,,0.31,0.0,0.0
2022-03-22,23.6,23.6,23.6,23.6,700,16520.0,0.0,0.0,0.0,0.0,,0.31,0.0,0.0
2022-03-23,23.5,23.6,23.5,23.6,1800,42480.0,0.0,0.0,0.0,0.0,,0.31,0.0,0.0
2022-03-24,23.6,23.6,23.6,23.6,0,0.0,0.0,0.0,0.0,0.0,,0.31,0.0,0.0
2022-03-25,23.0,23.8,22.6,23.8,1504,35795.200000000004,0.0,0.0,0.0,0.0,,0.31,0.0,0.0
2022-03-28,25.5,25.5,25.5,25.5,200,5100.0,0.0,0.0,0.0,0.0,,0.31,0.0,0.0
2022-03-29,22.0,22.0,22.0,22.0,100,2200.0,0.0,0.0,0.0,0.0,,0.31,0.0,0.0
2022-03-30,22.0,22.0,22.0,22.0,0,0.0,0.0,0.0,0.0,0.0,,0.31,0.0,0.0
2022-03-31,25.0,25.0,23.0,23.0,500,11500.0,0.0,0.0,0.0,0.0,,0.31,0.0,0.0
2022-04-01,23.4,23.4,23.4,23.4,0,0.0,0.0,0.0,0.0,0.0,,0.31,0.0,0.0
2022-04-04,23.5,23.5,23.5,23.5,500,11750.0,0.0,0.0,0.0,0.0,,0.31,0.0,0.0
2022-04-05,22.7,23.6,22.7,23.0,300,6900.0,0.0,0.0,0.0,0.0,,0.31,0.0,0.0
2022-04-06,26.0,26.0,26.0,26.0,100,2600.0,0.0,0.0,0.0,0.0,,0.31,0.0,0.0
2022-04-07,26.0,26.0,26.0,26.0,4,104.0,0.0,0.0,0.0,0.0,,0.31,0.0,0.0
2022-04-08,22.9,22.9,22.9,22.9,300,6870.0,0.0,0.0,0.0,0.0,,0.31,0.0,0.0
2022-04-12,22.8,22.8,22.8,22.8,900,20520.0,0.0,0.0,0.0,0.0,,0.31,0.0,0.0
2022-04-13,23.4,23.4,23.4,23.4,100,2340.0,0.0,0.0,0.0,0.0,,0.31,0.0,0.0
2022-04-14,23.4,23.4,23.4,23.4,0,0.0,0.0,0.0,0.0,0.0,,0.31,0.0,0.0
2022-04-15,23.4,23.4,23.4,23.4,16,374.4,0.0,0.0,0.0,0.0,,0.31,0.0,0.0
2022-04-18,23.4,23.4,23.3,23.3,200,4660.0,0.0,0.0,0.0,0.0,,0.31,0.0,0.0
2022-04-19,23.4,23.4,23.4,23.4,0,0.0,0.0,0.0,0.0,0.0,,0.31,0.0,0.0
2022-04-20,23.4,23.4,23.4,23.4,0,0.0,0.0,0.0,0.0,0.0,,0.31,0.0,0.0
2022-04-21,23.4,23.4,23.4,23.4,0,0.0,0.0,0.0,0.0,0.0,,0.31,0.0,0.0
2022-04-22,23.4,23.4,23.4,23.4,0,0.0,0.0,0.0,0.0,0.0,,0.31,0.0,0.0
2022-04-25,23.4,23.4,23.4,23.4,0,0.0,0.0,0.0,0.0,0.0,,0.31,0.0,0.0
2022-04-26,23.4,23.4,23.4,23.4,0,0.0,0.0,0.0,0.0,0.0,,0.31,0.0,0.0
2022-04-27,23.0,23.1,23.0,23.1,316,7299.6,0.0,0.0,0.0,0.0,,0.31,0.0,0.0
2022-04-28,23.0,23.0,23.0,23.0,0,0.0,0.0,0.0,0.0,0.0,,0.31,0.0,0.0
2022-04-29,23.0,23.0,23.0,23.0,0,0.0,0.0,0.0,0.0,0.0,,0.31,0.0,0.0
2022-05-04,23.0,23.0,23.0,23.0,0,0.0,0.0,0.0,0.0,0.0,,0.31,0.0,0.0
2022-05-05,23.0,23.0,23.0,23.0,0,0.0,0.0,0.0,0.0,0.0,,0.31,0.0,0.0
2022-05-06,23.0,23.0,23.0,23.0,0,0.0,0.0,0.0,0.0,0.0,,0.31,0.0,0.0
2022-05-09,23.0,23.0,23.0,23.0,0,0.0,0.0,0.0,0.0,0.0,,0.31,0.0,0.0
2022-05-10,23.0,23.0,23.0,23.0,0,0.0,0.0,0.0,0.0,0.0,,0.31,0.0,0.0
2022-05-11,23.4,23.4,23.4,23.4,100,2340.0,0.0,0.0,0.0,0.0,,0.31,0.0,0.0
2022-05-12,26.0,26.0,26.0,26.0,100,2600.0,0.0,0.0,0.0,0.0,,0.31,0.0,0.0
2022-05-13,26.0,26.0,26.0,26.0,0,0.0,0.0,0.0,0.0,0.0,,0.31,0.0,0.0
2022-05-16,26.0,26.0,26.0,26.0,0,0.0,0.0,0.0,0.0,0.0,,0.31,0.0,0.0
2022-05-17,26.0,26.0,26.0,26.0,0,0.0,0.0,0.0,0.0,0.0,,0.31,0.0,0.0
2022-05-18,26.0,26.0,26.0,26.0,0,0.0,0.0,0.0,0.0,0.0,,0.31,0.0,0.0
2022-05-19,26.0,26.0,26.0,26.0,0,0.0,0.0,0.0,0.0,0.0,,0.31,0.0,0.0
2022-05-20,26.0,26.0,26.0,26.0,0,0.0,0.0,0.0,0.0,0.0,,0.31,0.0,0.0
2022-05-23,26.0,26.0,26.0,26.0,0,0.0,0.0,0.0,0.0,0.0,,0.31,0.0,0.0
2022-05-24,23.0,23.0,23.0,23.0,5600,128800.0,0.0,0.0,0.0,0.0,,0.31,0.0,0.0
2022-05-25,23.0,23.0,23.0,23.0,0,0.0,0.0,0.0,0.0,0.0,,0.31,0.0,0.0
2022-05-26,23.0,23.0,23.0,23.0,0,0.0,0.0,0.0,0.0,0.0,,0.31,0.0,0.0
2022-05-27,23.0,23.0,23.0,23.0,0,0.0,0.0,0.0,0.0,0.0,,0.31,0.0,0.0
2022-05-30,25.0,25.0,25.0,25.0,100,2500.0,0.0,0.0,0.0,0.0,,0.31,0.0,0.0
2022-05-31,25.0,25.0,25.0,25.0,0,0.0,0.0,0.0,0.0,0.0,,0.31,0.0,0.0
2022-06-01,25.0,25.0,25.0,25.0,0,0.0,0.0,0.0,0.0,0.0,,0.31,0.0,0.0
2022-06-02,25.0,25.0,25.0,25.0,0,0.0,0.0,0.0,0.0,0.0,,0.31,0.0,0.0
2022-06-03,25.0,25.0,25.0,25.0,0,0.0,0.0,0.0,0.0,0.0,,0.31,0.0,0.0
2022-06-06,25.0,25.0,25.0,25.0,2,50.0,0.0,0.0,0.0,0.0,,0.31,0.0,0.0
2022-06-07,25.0,25.0,25.0,25.0,1,25.0,0.0,0.0,0.0,0.0,,0.31,0.0,0.0
2022-06-08,25.0,25.0,25.0,25.0,0,0.0,0.0,0.0,0.0,0.0,,0.31,0.0,0.0
2022-06-09,25.0,25.0,25.0,25.0,0,0.0,0.0,0.0,0.0,0.0,,0.31,0.0,0.0
2022-06-10,25.0,25.0,25.0,25.0,0,0.0,0.0,0.0,0.0,0.0,,0.31,0.0,0.0
2022-06-13,25.5,25.5,25.5,25.5,100,2550.0,0.0,0.0,0.0,0.0,,0.31,0.0,0.0
2022-06-14,25.5,25.5,25.5,25.5,0,0.0,0.0,0.0,0.0,0.0,,0.31,0.0,0.0
2022-06-15,25.5,25.5,25.5,25.5,0,0.0,0.0,0.0,0.0,0.0,,0.31,0.0,0.0
2022-06-16,25.5,25.5,25.5,25.5,0,0.0,0.0,0.0,0.0,0.0,,0.31,0.0,0.0
2022-06-17,25.5,25.5,25.5,25.5,0,0.0,0.0,0.0,0.0,0.0,,0.31,0.0,0.0
2022-06-20,25.5,25.5,25.5,25.5,0,0.0,0.0,0.0,0.0,0.0,,0.31,0.0,0.0
2022-06-21,25.5,25.5,25.5,25.5,0,0.0,0.0,0.0,0.0,0.0,,0.31,0.0,0.0
2022-06-22,25.5,25.5,25.5,25.5,0,0.0,0.0,0.0,0.0,0.0,,0.31,0.0,0.0
2022-06-23,25.5,25.5,25.5,25.5,0,0.0,0.0,0.0,0.0,0.0,,0.31,0.0,0.0
2022-06-24,25.5,25.5,25.5,25.5,0,0.0,0.0,0.0,0.0,0.0,,0.31,0.0,0.0
2022-06-27,25.5,25.5,25.5,25.5,0,0.0,0.0,0.0,0.0,0.0,,0.31,0.0,0.0
2022-06-28,25.5,25.5,25.5,25.5,0,0.0,0.0,0.0,0.0,0.0,,0.31,0.0,0.0
2022-06-29,25.5,25.5,25.5,25.5,0,0.0,0.0,0.0,0.0,0.0,,0.31,0.0,0.0
2022-06-30,25.5,25.5,25.5,25.5,0,0.0,0.0,0.0,0.0,0.0,,0.31,0.0,0.0
2022-07-01,25.5,25.5,25.5,25.5,0,0.0,0.0,0.0,0.0,0.0,,0.31,0.0,0.0
2022-07-04,25.5,25.5,25.5,25.5,0,0.0,0.0,0.0,0.0,0.0,,0.31,0.0,0.0
2022-07-05,25.5,25.5,25.5,25.5,0,0.0,0.0,0.0,0.0,0.0,,0.31,0.0,0.0
2022-07-06,25.5,25.5,25.5,25.5,0,0.0,0.0,0.0,0.0,0.0,,0.31,0.0,0.0
2022-07-07,25.5,25.5,25.5,25.5,0,0.0,0.0,0.0,0.0,0.0,,0.31,0.0,0.0
2022-07-08,21.7,21.7,21.7,21.7,200,4340.0,0.0,0.0,0.0,0.0,,0.31,0.0,0.0
2022-07-11,21.7,21.7,21.7,21.7,1,21.7,0.0,0.0,0.0,0.0,,0.31,0.0,0.0
2022-07-12,21.7,21.7,21.7,21.7,0,0.0,0.0,0.0,0.0,0.0,,0.31,0.0,0.0
2022-07-13,18.8,18.8,18.7,18.7,300,5610.0,0.0,0.0,0.0,0.0,,0.31,0.0,0.0
2022-07-14,16.4,16.4,16.2,16.4,700,11479.999999999998,0.0,0.0,0.0,0.0,,0.31,0.0,0.0
2022-07-15,16.3,16.3,16.3,16.3,0,0.0,0.0,0.0,0.0,0.0,,0.31,0.0,0.0
2022-07-18,16.3,16.3,16.3,16.3,0,0.0,0.0,0.0,0.0,0.0,,0.31,0.0,0.0
2022-07-19,16.3,16.3,16.3,16.3,1200,19560.0,0.0,0.0,0.0,0.0,,0.31,0.0,0.0
2022-07-20,16.3,16.3,16.3,16.3,0,0.0,0.0,0.0,0.0,0.0,,0.31,0.0,0.0
2022-07-21,16.3,16.3,16.3,16.3,0,0.0,0.0,0.0,0.0,0.0,,0.31,0.0,0.0
2022-07-22,16.3,16.3,16.3,16.3,0,0.0,0.0,0.0,0.0,0.0,,0.31,0.0,0.0
2022-07-25,16.3,16.3,16.3,16.3,0,0.0,0.0,0.0,0.0,0.0,,0.31,0.0,0.0
2022-07-26,17.8,17.9,17.8,17.9,200,3579.9999999999995,0.0,0.0,0.0,0.0,,0.31,0.0,0.0
2022-07-27,17.1,17.1,17.1,17.1,100,1710.0000000000002,0.0,0.0,0.0,0.0,,0.31,0.0,0.0
2022-07-28,15.2,15.2,14.7,14.7,2000,29400.0,0.0,0.0,0.0,0.0,,0.31,0.0,0.0
2022-07-29,15.0,15.0,15.0,15.0,1000,15000.0,0.0,0.0,0.0,0.0,,0.31,0.0,0.0
2022-08-01,17.0,17.0,17.0,17.0,100,1700.0,0.0,0.0,0.0,0.0,,0.31,0.0,0.0
2022-08-02,17.0,17.0,17.0,17.0,0,0.0,0.0,0.0,0.0,0.0,,0.31,0.0,0.0
2022-08-03,18.9,18.9,18.9,18.9,100,1890.0,0.0,0.0,0.0,0.0,,0.31,0.0,0.0
2022-08-04,16.1,16.1,16.1,16.1,1800,28980.000000000004,0.0,0.0,0.0,0.0,,0.31,0.0,0.0
2022-08-05,16.1,16.1,16.1,16.1,0,0.0,0.0,0.0,0.0,0.0,,0.31,0.0,0.0
2022-08-08,18.4,18.4,13.7,13.7,200,2740.0,0.0,0.0,0.0,0.0,,0.31,0.0,0.0
2022-08-09,16.1,16.1,16.1,16.1,1,16.1,0.0,0.0,0.0,0.0,,0.31,0.0,0.0
2022-08-10,16.1,16.1,16.1,16.1,0,0.0,0.0,0.0,0.0,0.0,,0.31,0.0,0.0
2022-08-11,18.5,18.5,16.1,18.3,310,5673.0,0.0,0.0,0.0,0.0,,0.31,0.0,0.0
2022-08-12,17.6,17.6,17.6,17.6,0,0.0,0.0,0.0,0.0,0.0,,0.31,0.0,0.0
2022-08-15,19.9,19.9,17.0,17.0,200,3400.0,0.0,0.0,0.0,0.0,,0.31,0.0,0.0
2022-08-16,18.5,18.5,18.5,18.5,0,0.0,0.0,0.0,0.0,0.0,,0.31,0.0,0.0
2022-08-17,19.8,19.8,19.8,19.8,100,1980.0,0.0,0.0,0.0,0.0,,0.31,0.0,0.0
2022-08-18,19.8,19.8,19.8,19.8,0,0.0,0.0,0.0,0.0,0.0,,0.31,0.0,0.0
2022-08-19,19.8,19.8,19.8,19.8,0,0.0,0.0,0.0,0.0,0.0,,0.31,0.0,0.0
2022-08-22,19.9,19.9,19.9,19.9,100,1990.0,0.0,0.0,0.0,0.0,,0.31,0.0,0.0
2022-08-23,19.9,19.9,19.9,19.9,0,0.0,0.0,0.0,0.0,0.0,,0.31,0.0,0.0
2022-08-24,19.9,19.9,19.9,19.9,0,0.0,0.0,0.0,0.0,0.0,,0.31,0.0,0.0
2022-08-25,19.9,19.9,19.9,19.9,0,0.0,0.0,0.0,0.0,0.0,,0.31,0.0,0.0
2022-08-26,19.9,19.9,19.9,19.9,0,0.0,0.0,0.0,0.0,0.0,,0.31,0.0,0.0
2022-08-29,19.9,19.9,19.9,19.9,0,0.0,0.0,0.0,0.0,0.0,,0.31,0.0,0.0
2022-08-30,20.0,20.0,20.0,20.0,100,2000.0,0.0,0.0,0.0,0.0,,0.31,0.0,0.0
2022-08-31,20.0,20.0,20.0,20.0,6,120.0,0.0,0.0,0.0,0.0,,0.31,0.0,0.0
2022-09-05,20.0,20.0,20.0,20.0,0,0.0,0.0,0.0,0.0,0.0,,0.31,0.0,0.0
2022-09-06,20.0,20.0,20.0,20.0,0,0.0,0.0,0.0,0.0,0.0,,0.31,0.0,0.0
2022-09-07,20.0,20.0,20.0,20.0,0,0.0,0.0,0.0,0.0,0.0,,0.31,0.0,0.0
2022-09-08,20.0,20.0,20.0,20.0,0,0.0,0.0,0.0,0.0,0.0,,0.31,0.0,0.0
2022-09-09,20.0,20.0,20.0,20.0,0,0.0,0.0,0.0,0.0,0.0,,0.31,0.0,0.0
2022-09-12,20.0,20.0,20.0,20.0,0,0.0,0.0,0.0,0.0,0.0,,0.31,0.0,0.0
2022-09-13,20.0,20.0,20.0,20.0,0,0.0,0.0,0.0,0.0,0.0,,0.31,0.0,0.0
2022-09-14,20.0,20.0,20.0,20.0,0,0.0,0.0,0.0,0.0,0.0,,0.31,0.0,0.0
2022-09-15,20.0,20.0,20.0,20.0,0,0.0,0.0,0.0,0.0,0.0,,0.31,0.0,0.0
2022-09-16,20.0,20.0,20.0,20.0,0,0.0,0.0,0.0,0.0,0.0,,0.31,0.0,0.0
2022-09-19,20.0,20.0,20.0,20.0,0,0.0,0.0,0.0,0.0,0.0,,0.31,0.0,0.0
2022-09-20,20.0,20.0,20.0,20.0,0,0.0,0.0,0.0,0.0,0.0,,0.31,0.0,0.0
2022-09-21,20.0,20.0,20.0,20.0,0,0.0,0.0,0.0,0.0,0.0,,0.31,0.0,0.0
2022-09-22,21.0,21.0,21.0,21.0,100,2100.0,0.0,0.0,0.0,0.0,,0.31,0.0,0.0
2022-09-23,21.0,21.0,21.0,21.0,0,0.0,0.0,0.0,0.0,0.0,,0.31,0.0,0.0
2022-09-26,21.0,21.0,21.0,21.0,0,0.0,0.0,0.0,0.0,0.0,,0.31,0.0,0.0
2022-09-27,21.0,21.0,21.0,21.0,0,0.0,0.0,0.0,0.0,0.0,,0.31,0.0,0.0
2022-09-28,21.0,21.0,21.0,21.0,0,0.0,0.0,0.0,0.0,0.0,,0.31,0.0,0.0
2022-09-29,21.0,21.0,21.0,21.0,0,0.0,0.0,0.0,0.0,0.0,,0.31,0.0,0.0
2022-09-30,21.0,21.0,21.0,21.0,0,0.0,0.0,0.0,0.0,0.0,,0.31,0.0,0.0
2022-10-03,24.0,24.0,17.9,17.9,200,3579.9999999999995,0.0,0.0,0.0,0.0,,0.31,0.0,0.0
2022-10-04,21.0,21.0,21.0,21.0,0,0.0,0.0,0.0,0.0,0.0,,0.31,0.0,0.0
2022-10-05,21.0,21.0,21.0,21.0,0,0.0,0.0,0.0,0.0,0.0,,0.31,0.0,0.0
2022-10-06,21.0,21.0,21.0,21.0,0,0.0,0.0,0.0,0.0,0.0,,0.31,0.0,0.0
2022-10-07,21.0,21.0,21.0,21.0,0,0.0,0.0,0.0,0.0,0.0,,0.31,0.0,0.0
2022-10-10,21.0,21.0,21.0,21.0,0,0.0,0.0,0.0,0.0,0.0,,0.31,0.0,0.0
2022-10-11,21.0,21.0,21.0,21.0,0,0.0,0.0,0.0,0.0,0.0,,0.31,0.0,0.0
2022-10-12,17.9,17.9,17.9,17.9,100,1789.9999999999998,0.0,0.0,0.0,0.0,,0.31,0.0,0.0
2022-10-13,17.9,17.9,17.9,17.9,0,0.0,0.0,0.0,0.0,0.0,,0.31,0.0,0.0
2022-10-14,17.9,17.9,17.9,17.9,0,0.0,0.0,0.0,0.0,0.0,,0.31,0.0,0.0
2022-10-17,17.9,17.9,17.9,17.9,0,0.0,0.0,0.0,0.0,0.0,,0.31,0.0,0.0
2022-10-18,20.5,20.5,20.5,20.5,100,2050.0,0.0,0.0,0.0,0.0,,0.31,0.0,0.0
2022-10-19,20.5,20.5,20.5,20.5,0,0.0,0.0,0.0,0.0,0.0,,0.31,0.0,0.0
2022-10-20,20.5,20.5,20.5,20.5,0,0.0,0.0,0.0,0.0,0.0,,0.31,0.0,0.0
2022-10-21,20.5,20.5,20.5,20.5,0,0.0,0.0,0.0,0.0,0.0,,0.31,0.0,0.0
2022-10-24,20.5,20.5,20.5,20.5,0,0.0,0.0,0.0,0.0,0.0,,0.31,0.0,0.0
2022-10-25,17.5,17.5,17.5,17.5,2200,38500.0,0.0,0.0,0.0,0.0,,0.31,0.0,0.0
2022-10-26,17.5,17.5,17.5,17.5,0,0.0,0.0,0.0,0.0,0.0,,0.31,0.0,0.0
2022-10-27,17.5,17.5,17.5,17.5,0,0.0,0.0,0.0,0.0,0.0,,0.31,0.0,0.0
2022-10-28,17.5,17.5,17.5,17.5,0,0.0,0.0,0.0,0.0,0.0,,0.31,0.0,0.0
2022-10-31,17.5,17.5,17.5,17.5,0,0.0,0.0,0.0,0.0,0.0,,0.31,0.0,0.0
2022-11-01,17.5,17.5,17.5,17.5,0,0.0,0.0,0.0,0.0,0.0,,0.31,0.0,0.0
2022-11-02,17.5,17.5,17.5,17.5,0,0.0,0.0,0.0,0.0,0.0,,0.31,0.0,0.0
2022-11-03,17.5,17.5,17.5,17.5,0,0.0,0.0,0.0,0.0,0.0,,0.31,0.0,0.0
2022-11-04,17.5,17.5,17.5,17.5,0,0.0,0.0,0.0,0.0,0.0,,0.31,0.0,0.0
2022-11-07,17.5,17.5,17.5,17.5,0,0.0,0.0,0.0,0.0,0.0,,0.31,0.0,0.0
2022-11-08,17.5,17.5,17.5,17.5,0,0.0,0.0,0.0,0.0,0.0,,0.31,0.0,0.0
2022-11-09,17.5,17.5,17.5,17.5,0,0.0,0.0,0.0,0.0,0.0,,0.31,0.0,0.0
2022-11-10,17.5,17.5,17.5,17.5,0,0.0,0.0,0.0,0.0,0.0,,0.31,0.0,0.0
2022-11-11,17.5,17.5,17.5,17.5,0,0.0,0.0,0.0,0.0,0.0,,0.31,0.0,0.0
2022-11-14,17.5,17.5,17.5,17.5,0,0.0,0.0,0.0,0.0,0.0,,0.31,0.0,0.0
2022-11-15,17.5,17.5,17.5,17.5,0,0.0,0.0,0.0,0.0,0.0,,0.31,0.0,0.0
2022-11-16,17.5,17.5,17.5,17.5,1,17.5,0.0,0.0,0.0,0.0,,0.31,0.0,0.0
2022-11-17,17.5,17.5,17.5,17.5,0,0.0,0.0,0.0,0.0,0.0,,0.31,0.0,0.0
2022-11-18,17.5,17.5,17.5,17.5,0,0.0,0.0,0.0,0.0,0.0,,0.31,0.0,0.0
2022-11-21,17.5,17.5,17.5,17.5,0,0.0,0.0,0.0,0.0,0.0,,0.31,0.0,0.0
2022-11-22,17.5,17.5,17.5,17.5,0,0.0,0.0,0.0,0.0,0.0,,0.31,0.0,0.0
2022-11-23,14.9,14.9,14.9,14.9,1700,25330.0,0.0,0.0,0.0,0.0,,0.31,0.0,0.0
2022-11-24,12.7,12.7,12.7,12.7,100,1270.0,0.0,0.0,0.0,0.0,,0.31,0.0,0.0
2022-11-25,12.7,12.7,12.7,12.7,0,0.0,0.0,0.0,0.0,0.0,,0.31,0.0,0.0
2022-11-28,12.7,12.7,12.7,12.7,0,0.0,0.0,0.0,0.0,0.0,,0.31,0.0,0.0
2022-11-29,12.7,12.7,12.7,12.7,0,0.0,0.0,0.0,0.0,0.0,,0.31,0.0,0.0
2022-11-30,12.7,12.7,12.7,12.7,2500,31750.0,0.0,0.0,0.0,0.0,,0.31,0.0,0.0
2022-12-01,12.0,12.3,12.0,12.0,500,6000.0,0.0,0.0,0.0,0.0,,0.31,0.0,0.0
2022-12-02,11.3,11.3,11.0,11.0,200,2200.0,0.0,0.0,0.0,0.0,,0.31,0.0,0.0
2022-12-05,10.1,12.8,10.0,12.5,8100,101250.0,0.0,100.0,0.0,0.0,,0.31,0.0,0.0
2022-12-06,10.1,10.1,10.1,10.1,0,0.0,0.0,0.0,0.0,0.0,,0.31,0.0,0.0
2022-12-07,10.1,10.1,10.1,10.1,0,0.0,0.0,0.0,0.0,0.0,,0.31,0.0,0.0
2022-12-08,10.1,10.1,10.1,10.1,0,0.0,0.0,0.0,0.0,0.0,,0.31,0.0,0.0
2022-12-09,10.0,10.0,10.0,10.0,100,1000.0,0.0,0.0,0.0,0.0,,0.31,0.0,0.0
2022-12-12,10.0,10.0,10.0,10.0,0,0.0,0.0,0.0,0.0,0.0,,0.31,0.0,0.0
2022-12-13,10.0,10.0,10.0,10.0,0,0.0,0.0,0.0,0.0,0.0,,0.31,0.0,0.0
2022-12-14,10.0,10.0,10.0,10.0,0,0.0,0.0,0.0,0.0,0.0,,0.31,0.0,0.0
2022-12-15,10.1,10.1,10.1,10.1,100,1010.0,0.0,0.0,0.0,0.0,,0.31,0.0,0.0
2022-12-16,10.1,10.1,10.1,10.1,0,0.0,0.0,0.0,0.0,0.0,,0.31,0.0,0.0
2022-12-19,10.1,10.1,10.1,10.1,0,0.0,0.0,0.0,0.0,0.0,,0.31,0.0,0.0
2022-12-20,10.1,10.1,10.1,10.1,0,0.0,0.0,0.0,0.0,0.0,,0.31,0.0,0.0
2022-12-21,10.1,10.1,10.1,10.1,100,1010.0,0.0,0.0,0.0,0.0,,0.31,0.0,0.0
2022-12-22,10.1,10.1,10.1,10.1,0,0.0,0.0,0.0,0.0,0.0,,0.31,0.0,0.0
2022-12-23,10.1,10.1,10.1,10.1,0,0.0,0.0,0.0,0.0,0.0,,0.31,0.0,0.0
2022-12-26,10.1,10.1,10.1,10.1,0,0.0,0.0,0.0,0.0,0.0,,0.31,0.0,0.0
2022-12-27,10.1,10.1,10.1,10.1,0,0.0,0.0,0.0,0.0,0.0,,0.31,0.0,0.0
2022-12-28,10.1,10.1,10.1,10.1,0,0.0,0.0,0.0,0.0,0.0,,0.31,0.0,0.0
2022-12-29,11.6,11.6,11.6,11.6,100,1160.0,0.0,0.0,0.0,0.0,,0.31,0.0,0.0
2022-12-30,13.3,13.3,13.3,13.3,100,1330.0,0.0,0.0,0.0,0.0,,0.31,0.0,0.0
2023-01-03,15.2,15.2,15.2,15.2,100,1520.0,0.0,0.0,0.0,0.0,,0.31,0.0,0.0
2023-01-04,15.2,15.2,15.2,15.2,0,0.0,0.0,0.0,0.0,0.0,,0.31,0.0,0.0
2023-01-05,15.2,15.2,15.2,15.2,0,0.0,0.0,0.0,0.0,0.0,,0.31,0.0,0.0
2023-01-06,15.2,15.2,15.2,15.2,0,0.0,0.0,0.0,0.0,0.0,,0.31,0.0,0.0
2023-01-09,15.2,15.2,15.2,15.2,0,0.0,0.0,0.0,0.0,0.0,,0.31,0.0,0.0
2023-01-10,15.2,15.2,15.2,15.2,0,0.0,0.0,0.0,0.0,0.0,,0.31,0.0,0.0
2023-01-11,15.2,15.2,15.2,15.2,0,0.0,0.0,0.0,0.0,0.0,,0.31,0.0,0.0
2023-01-12,17.2,17.2,17.2,17.2,200,3440.0,0.0,0.0,0.0,0.0,,0.31,0.0,0.0
2023-01-13,18.0,18.0,18.0,18.0,100,1800.0,0.0,0.0,0.0,0.0,,0.31,0.0,0.0
2023-01-16,18.0,18.0,18.0,18.0,0,0.0,0.0,0.0,0.0,0.0,,0.31,0.0,0.0
2023-01-17,18.0,18.0,18.0,18.0,0,0.0,0.0,0.0,0.0,0.0,,0.31,0.0,0.0
2023-01-18,18.0,18.0,18.0,18.0,0,0.0,0.0,0.0,0.0,0.0,,0.31,0.0,0.0
2023-01-19,18.0,18.0,18.0,18.0,0,0.0,0.0,0.0,0.0,0.0,,0.31,0.0,0.0
2023-01-27,18.0,18.0,18.0,18.0,0,0.0,0.0,0.0,0.0,0.0,,0.31,0.0,0.0
2023-01-30,18.0,18.0,18.0,18.0,0,0.0,0.0,0.0,0.0,0.0,,0.31,0.0,0.0
2023-01-31,18.0,18.0,18.0,18.0,0,0.0,0.0,0.0,0.0,0.0,,0.31,0.0,0.0
2023-02-01,18.0,18.0,18.0,18.0,0,0.0,0.0,0.0,0.0,0.0,,0.31,0.0,0.0
2023-02-02,18.0,18.0,18.0,18.0,0,0.0,0.0,0.0,0.0,0.0,,0.31,0.0,0.0
2023-02-03,18.0,18.0,18.0,18.0,0,0.0,0.0,0.0,0.0,0.0,,0.31,0.0,0.0
2023-02-06,18.0,18.0,18.0,18.0,0,0.0,0.0,0.0,0.0,0.0,,0.31,0.0,0.0
2023-02-07,18.0,18.0,18.0,18.0,0,0.0,0.0,0.0,0.0,0.0,,0.31,0.0,0.0
2023-02-08,18.0,18.0,18.0,18.0,0,0.0,0.0,0.0,0.0,0.0,,0.31,0.0,0.0
2023-02-09,18.0,18.0,18.0,18.0,0,0.0,0.0,0.0,0.0,0.0,,0.31,0.0,0.0
2023-02-10,18.0,18.0,18.0,18.0,0,0.0,0.0,0.0,0.0,0.0,,0.31,0.0,0.0
2023-02-13,18.0,18.0,18.0,18.0,0,0.0,0.0,0.0,0.0,0.0,,0.31,0.0,0.0
2023-02-14,18.0,18.0,18.0,18.0,0,0.0,0.0,0.0,0.0,0.0,,0.31,0.0,0.0
2023-02-15,18.0,18.0,18.0,18.0,0,0.0,0.0,0.0,0.0,0.0,,0.31,0.0,0.0
2023-02-16,18.0,18.0,18.0,18.0,0,0.0,0.0,0.0,0.0,0.0,,0.31,0.0,0.0
2023-02-17,18.0,18.0,18.0,18.0,9,162.0,0.0,0.0,0.0,0.0,,0.31,0.0,0.0
2023-02-20,20.6,20.6,18.0,18.0,1100,19800.0,0.0,0.0,0.0,0.0,,0.31,0.0,0.0
2023-02-21,18.2,18.2,18.2,18.2,0,0.0,0.0,0.0,0.0,0.0,,0.31,0.0,0.0
2023-02-22,18.2,18.2,18.2,18.2,0,0.0,0.0,0.0,0.0,0.0,,0.31,0.0,0.0
2023-02-23,18.2,18.2,18.2,18.2,0,0.0,0.0,0.0,0.0,0.0,,0.31,0.0,0.0
2023-02-24,18.2,18.2,18.2,18.2,0,0.0,0.0,0.0,0.0,0.0,,0.31,0.0,0.0
2023-02-27,18.2,18.2,18.2,18.2,0,0.0,0.0,0.0,0.0,0.0,,0.31,0.0,0.0
2023-02-28,18.2,18.2,18.2,18.2,0,0.0,0.0,0.0,0.0,0.0,,0.31,0.0,0.0
2023-03-01,18.2,18.2,18.2,18.2,0,0.0,0.0,0.0,0.0,0.0,,0.31,0.0,0.0
2023-03-02,18.2,18.2,18.2,18.2,0,0.0,0.0,0.0,0.0,0.0,,0.31,0.0,0.0
2023-03-03,18.2,18.2,18.2,18.2,0,0.0,0.0,0.0,0.0,0.0,,0.31,0.0,0.0
2023-03-06,18.2,18.2,18.2,18.2,0,0.0,0.0,0.0,0.0,0.0,,0.31,0.0,0.0
2023-03-07,18.2,18.2,18.2,18.2,0,0.0,0.0,0.0,0.0,0.0,,0.31,0.0,0.0
2023-03-08,18.2,18.2,18.2,18.2,0,0.0,0.0,0.0,0.0,0.0,,0.31,0.0,0.0
2023-03-09,20.0,20.0,20.0,20.0,100,2000.0,0.0,0.0,0.0,0.0,,0.31,0.0,0.0
2023-03-10,20.0,20.0,20.0,20.0,0,0.0,0.0,0.0,0.0,0.0,,0.31,0.0,0.0
2023-03-13,20.0,20.0,20.0,20.0,0,0.0,0.0,0.0,0.0,0.0,,0.31,0.0,0.0
2023-03-14,20.0,20.0,20.0,20.0,0,0.0,0.0,0.0,0.0,0.0,,0.31,0.0,0.0
2023-03-15,20.0,20.0,20.0,20.0,0,0.0,0.0,0.0,0.0,0.0,,0.31,0.0,0.0
2023-03-16,20.0,20.0,20.0,20.0,0,0.0,0.0,0.0,0.0,0.0,,0.31,0.0,0.0
2023-03-17,20.0,20.0,20.0,20.0,0,0.0,0.0,0.0,0.0,0.0,,0.31,0.0,0.0
2023-03-20,20.0,20.0,20.0,20.0,0,0.0,0.0,0.0,0.0,0.0,,0.31,0.0,0.0
2023-03-21,20.0,20.0,20.0,20.0,0,0.0,0.0,0.0,0.0,0.0,,0.31,0.0,0.0
2023-03-22,20.0,20.0,20.0,20.0,0,0.0,0.0,0.0,0.0,0.0,,0.31,0.0,0.0
2023-03-23,20.0,20.0,20.0,20.0,0,0.0,0.0,0.0,0.0,0.0,,0.31,0.0,0.0
2023-03-24,20.0,20.0,20.0,20.0,0,0.0,0.0,0.0,0.0,0.0,,0.31,0.0,0.0
2023-03-27,20.0,20.0,20.0,20.0,0,0.0,0.0,0.0,0.0,0.0,,0.31,0.0,0.0
2023-03-28,20.0,20.0,20.0,20.0,0,0.0,0.0,0.0,0.0,0.0,,0.31,0.0,0.0
2023-03-29,20.0,20.0,20.0,20.0,0,0.0,0.0,0.0,0.0,0.0,,0.31,0.0,0.0
2023-03-30,20.0,20.0,20.0,20.0,0,0.0,0.0,0.0,0.0,0.0,,0.31,0.0,0.0
2023-03-31,20.0,20.0,20.0,20.0,0,0.0,0.0,0.0,0.0,0.0,,0.31,0.0,0.0
2023-04-03,20.0,20.0,20.0,20.0,0,0.0,0.0,0.0,0.0,0.0,,0.31,0.0,0.0
2023-04-04,20.0,20.0,20.0,20.0,0,0.0,0.0,0.0,0.0,0.0,,0.31,0.0,0.0
2023-04-05,20.0,20.0,20.0,20.0,0,0.0,0.0,0.0,0.0,0.0,,0.31,0.0,0.0
2023-04-06,20.0,20.0,20.0,20.0,0,0.0,0.0,0.0,0.0,0.0,,0.31,0.0,0.0
2023-04-07,20.0,20.0,20.0,20.0,0,0.0,0.0,0.0,0.0,0.0,,0.31,0.0,0.0
2023-04-10,20.0,20.0,20.0,20.0,0,0.0,0.0,0.0,0.0,0.0,,0.31,0.0,0.0
2023-04-11,20.0,20.0,20.0,20.0,0,0.0,0.0,0.0,0.0,0.0,,0.31,0.0,0.0
2023-04-12,20.0,20.0,20.0,20.0,0,0.0,0.0,0.0,0.0,0.0,,0.31,0.0,0.0
2023-04-13,20.0,20.0,20.0,20.0,0,0.0,0.0,0.0,0.0,0.0,,0.31,0.0,0.0
2023-04-14,20.0,20.0,20.0,20.0,0,0.0,0.0,0.0,0.0,0.0,,0.31,0.0,0.0
2023-04-17,22.0,22.0,22.0,22.0,100,2200.0,0.0,0.0,0.0,0.0,,0.31,0.0,0.0
2023-04-18,22.0,22.0,22.0,22.0,0,0.0,0.0,0.0,0.0,0.0,,0.31,0.0,0.0
2023-04-19,22.0,22.0,22.0,22.0,0,0.0,0.0,0.0,0.0,0.0,,0.31,0.0,0.0
2023-04-20,22.0,22.0,22.0,22.0,0,0.0,0.0,0.0,0.0,0.0,,0.31,0.0,0.0
2023-04-21,22.0,22.0,22.0,22.0,0,0.0,0.0,0.0,0.0,0.0,,0.31,0.0,0.0
2023-04-24,22.0,22.0,22.0,22.0,0,0.0,0.0,0.0,0.0,0.0,,0.31,0.0,0.0
2023-04-25,22.0,22.0,22.0,22.0,0,0.0,0.0,0.0,0.0,0.0,,0.31,0.0,0.0
2023-04-26,22.0,22.0,22.0,22.0,0,0.0,0.0,0.0,0.0,0.0,,0.31,0.0,0.0
2023-04-27,22.0,22.0,22.0,22.0,0,0.0,0.0,0.0,0.0,0.0,,0.31,0.0,0.0
2023-04-28,22.0,22.0,22.0,22.0,0,0.0,0.0,0.0,0.0,0.0,,0.31,0.0,0.0
2023-05-04,22.0,22.0,22.0,22.0,0,0.0,0.0,0.0,0.0,0.0,,0.31,0.0,0.0
2023-05-05,22.0,22.0,22.0,22.0,0,0.0,0.0,0.0,0.0,0.0,,0.31,0.0,0.0
2023-05-08,22.0,22.0,22.0,22.0,0,0.0,0.0,0.0,0.0,0.0,,0.31,0.0,0.0
2023-05-09,22.0,22.0,22.0,22.0,0,0.0,0.0,0.0,0.0,0.0,,0.31,0.0,0.0
2023-05-10,22.0,22.0,22.0,22.0,0,0.0,0.0,0.0,0.0,0.0,,0.31,0.0,0.0
2023-05-11,22.0,22.0,22.0,22.0,0,0.0,0.0,0.0,0.0,0.0,,0.31,0.0,0.0
2023-05-12,22.0,22.0,22.0,22.0,0,0.0,0.0,0.0,0.0,0.0,,0.31,0.0,0.0
2023-05-15,22.0,22.0,22.0,22.0,0,0.0,0.0,0.0,0.0,0.0,,0.31,0.0,0.0
2023-05-16,22.0,22.0,22.0,22.0,0,0.0,0.0,0.0,0.0,0.0,,0.31,0.0,0.0
2023-05-17,22.0,22.0,22.0,22.0,0,0.0,0.0,0.0,0.0,0.0,,0.31,0.0,0.0
2023-05-18,22.0,22.0,22.0,22.0,0,0.0,0.0,0.0,0.0,0.0,,0.31,0.0,0.0
2023-05-19,22.0,22.0,22.0,22.0,0,0.0,0.0,0.0,0.0,0.0,,0.31,0.0,0.0
2023-05-22,22.0,22.0,22.0,22.0,0,0.0,0.0,0.0,0.0,0.0,,0.31,0.0,0.0
2023-05-23,22.0,22.0,22.0,22.0,0,0.0,0.0,0.0,0.0,0.0,,0.31,0.0,0.0
2023-05-24,22.0,22.0,22.0,22.0,0,0.0,0.0,0.0,0.0,0.0,,0.31,0.0,0.0
2023-05-25,22.0,22.0,22.0,22.0,0,0.0,0.0,0.0,0.0,0.0,,0.31,0.0,0.0
2023-05-26,18.7,18.7,18.7,18.7,2000,37400.0,0.0,0.0,0.0,0.0,,0.31,0.0,0.0
2023-05-29,18.7,18.7,18.7,18.7,0,0.0,0.0,0.0,0.0,0.0,,0.31,0.0,0.0
2023-05-30,18.7,18.7,18.7,18.7,0,0.0,0.0,0.0,0.0,0.0,,0.31,0.0,0.0
2023-05-31,16.0,16.0,16.0,16.0,800,12800.0,0.0,0.0,0.0,0.0,,0.31,0.0,0.0
2023-06-01,16.0,16.0,16.0,16.0,0,0.0,0.0,0.0,0.0,0.0,,0.31,0.0,0.0
2023-06-02,16.0,16.0,16.0,16.0,0,0.0,0.0,0.0,0.0,0.0,,0.31,0.0,0.0
2023-06-05,16.0,16.0,16.0,16.0,0,0.0,0.0,0.0,0.0,0.0,,0.31,0.0,0.0
2023-06-06,16.0,16.0,16.0,16.0,0,0.0,0.0,0.0,0.0,0.0,,0.31,0.0,0.0
2023-06-07,15.5,15.5,15.5,15.5,1000,15500.0,0.0,0.0,0.0,0.0,,0.31,0.0,0.0
2023-06-08,15.5,15.5,15.5,15.5,0,0.0,0.0,0.0,0.0,0.0,,0.31,0.0,0.0
2023-06-09,15.5,15.5,15.5,15.5,0,0.0,0.0,0.0,0.0,0.0,,0.31,0.0,0.0
2023-06-12,15.5,15.5,15.5,15.5,0,0.0,0.0,0.0,0.0,0.0,,0.31,0.0,0.0
2023-06-13,17.0,17.8,17.0,17.8,4200,74760.0,0.0,0.0,0.0,0.0,,0.31,0.0,0.0
2023-06-14,19.5,20.0,19.5,20.0,1400,28000.0,0.0,0.0,0.0,0.0,,0.31,0.0,0.0
2023-06-15,19.6,22.4,19.6,22.4,1700,38080.0,0.0,0.0,0.0,0.0,,0.31,0.0,0.0
2023-06-16,21.8,24.5,21.8,24.5,200,4900.0,0.0,0.0,0.0,0.0,,0.31,0.0,0.0
2023-06-19,24.5,24.5,24.5,24.5,100,2450.0,0.0,0.0,0.0,0.0,,0.31,0.0,0.0
2023-06-20,24.5,24.5,24.5,24.5,0,0.0,0.0,0.0,0.0,0.0,,0.31,0.0,0.0
2023-06-21,24.5,24.5,24.5,24.5,0,0.0,0.0,0.0,0.0,0.0,,0.31,0.0,0.0
2023-06-22,24.5,24.5,24.5,24.5,2100,51450.0,0.0,0.0,0.0,0.0,,0.31,0.0,0.0
2023-06-23,24.5,24.5,24.5,24.5,0,0.0,0.0,0.0,0.0,0.0,,0.31,0.0,0.0
2023-06-26,24.5,26.0,24.5,24.9,1600,39840.0,0.0,0.0,0.0,0.0,,0.31,0.0,0.0
2023-06-27,25.7,25.7,25.7,25.7,0,0.0,0.0,0.0,0.0,0.0,,0.31,0.0,0.0
2023-06-28,21.9,21.9,21.9,21.9,2800,61319.99999999999,0.0,0.0,0.0,0.0,,0.31,0.0,0.0
2023-06-29,25.0,25.1,24.7,24.7,4500,111150.0,0.0,0.0,0.0,0.0,,0.31,0.0,0.0
2023-06-30,25.0,28.4,24.9,28.4,9200,261280.0,0.0,0.0,0.0,0.0,,0.31,0.0,0.0
2023-07-03,21.6,21.6,21.6,21.6,2100,45360.0,0.0,0.0,0.0,0.0,,0.31,0.0,0.0
2023-07-04,24.8,24.8,24.7,24.7,5604,138418.8,0.0,0.0,0.0,0.0,,0.31,0.0,0.0
2023-07-05,24.8,24.8,24.8,24.8,1100,27280.0,0.0,0.0,0.0,0.0,,0.31,0.0,0.0
2023-07-06,24.8,24.8,24.8,24.8,0,0.0,0.0,0.0,0.0,0.0,,0.31,0.0,0.0
2023-07-07,21.2,21.4,21.2,21.4,2604,55725.6,0.0,0.0,0.0,0.0,,0.31,0.0,0.0
2023-07-10,21.4,21.4,21.4,21.4,0,0.0,0.0,0.0,0.0,0.0,,0.31,0.0,0.0
2023-07-11,21.4,21.4,21.4,21.4,0,0.0,0.0,0.0,0.0,0.0,,0.31,0.0,0.0
2023-07-12,21.4,21.4,21.4,21.4,0,0.0,0.0,0.0,0.0,0.0,,0.31,0.0,0.0
2023-07-13,21.4,21.4,21.4,21.4,200,4280.0,0.0,0.0,0.0,0.0,,0.31,0.0,0.0
2023-07-14,21.4,21.4,21.4,21.4,0,0.0,0.0,0.0,0.0,0.0,,0.31,0.0,0.0
2023-07-17,21.4,21.4,21.4,21.4,100,2140.0,0.0,0.0,0.0,0.0,,0.31,0.0,0.0
2023-07-18,21.0,21.0,21.0,21.0,200,4200.0,0.0,0.0,0.0,0.0,,0.31,0.0,0.0
2023-07-19,18.1,19.0,17.9,17.9,3604,64511.59999999999,0.0,0.0,0.0,0.0,,0.31,0.0,0.0
2023-07-20,18.1,18.1,18.1,18.1,2000,36200.0,0.0,0.0,0.0,0.0,,0.31,0.0,0.0
2023-07-21,18.0,18.0,18.0,18.0,100,1800.0,0.0,0.0,0.0,0.0,,0.31,0.0,0.0
2023-07-24,18.9,18.9,18.9,18.9,400,7559.999999999999,0.0,0.0,0.0,0.0,,0.31,0.0,0.0
2023-07-25,18.9,18.9,18.9,18.9,2100,39690.0,0.0,0.0,0.0,0.0,,0.31,0.0,0.0
2023-07-26,18.0,19.0,18.0,19.0,2000,38000.0,0.0,0.0,0.0,0.0,,0.31,0.0,0.0
2023-07-27,18.5,18.5,18.5,18.5,500,9250.0,0.0,0.0,0.0,0.0,,0.31,0.0,0.0
2023-07-28,18.5,18.5,18.5,18.5,2400,44400.0,0.0,0.0,0.0,0.0,,0.31,0.0,0.0
2023-07-31,18.5,18.5,18.5,18.5,0,0.0,0.0,0.0,0.0,0.0,,0.31,0.0,0.0
2023-08-01,18.5,18.5,18.5,18.5,0,0.0,0.0,0.0,0.0,0.0,,0.31,0.0,0.0
2023-08-02,18.0,18.0,16.8,18.0,2800,50400.0,0.0,0.0,0.0,0.0,,0.31,0.0,0.0
2023-08-03,17.0,17.0,17.0,17.0,5400,91800.0,0.0,0.0,0.0,0.0,,0.31,0.0,0.0
2023-08-04,17.0,17.0,17.0,17.0,0,0.0,0.0,0.0,0.0,0.0,,0.31,0.0,0.0
2023-08-07,18.4,18.4,18.4,18.4,201,3698.4,0.0,0.0,0.0,0.0,,0.31,0.0,0.0
2023-08-08,18.4,18.4,18.4,18.4,0,0.0,0.0,0.0,0.0,0.0,,0.31,0.0,0.0
2023-08-09,18.4,18.4,18.4,18.4,0,0.0,0.0,0.0,0.0,0.0,,0.31,0.0,0.0
2023-08-10,16.1,16.4,16.0,16.0,5603,89648.0,0.0,0.0,0.0,0.0,,0.31,0.0,0.0
2023-08-11,16.0,16.0,16.0,16.0,0,0.0,0.0,0.0,0.0,0.0,,0.31,0.0,0.0
2023-08-14,17.9,17.9,17.9,17.9,100,1789.9999999999998,0.0,0.0,0.0,0.0,,0.31,0.0,0.0
2023-08-15,17.9,17.9,17.9,17.9,0,0.0,0.0,0.0,0.0,0.0,,0.31,0.0,0.0
2023-08-16,17.9,17.9,17.9,17.9,0,0.0,0.0,0.0,0.0,0.0,,0.31,0.0,0.0
2023-08-17,17.0,17.0,17.0,17.0,100,1700.0,0.0,0.0,0.0,0.0,,0.31,0.0,0.0
2023-08-18,17.0,17.0,17.0,17.0,100,1700.0,0.0,0.0,0.0,0.0,,0.31,0.0,0.0
2023-08-21,17.6,17.6,17.6,17.6,200,3520.0000000000005,0.0,0.0,0.0,0.0,,0.31,0.0,0.0
2023-08-22,15.1,17.0,15.0,17.0,300,5100.0,0.0,0.0,0.0,0.0,,0.31,0.0,0.0
2023-08-23,15.0,15.0,15.0,15.0,200,3000.0,0.0,0.0,0.0,0.0,,0.31,0.0,0.0
2023-08-24,17.0,17.0,17.0,17.0,100,1700.0,0.0,0.0,0.0,0.0,,0.31,0.0,0.0
2023-08-25,15.6,15.6,15.5,15.5,400,6200.0,0.0,0.0,0.0,0.0,,0.31,0.0,0.0
2023-08-28,15.6,15.6,15.6,15.6,100,1560.0,0.0,0.0,0.0,0.0,,0.31,0.0,0.0
2023-08-29,15.7,16.5,15.7,16.5,400,6600.0,0.0,0.0,0.0,0.0,,0.31,0.0,0.0
2023-08-30,16.4,16.5,16.0,16.0,700,11200.0,0.0,0.0,0.0,0.0,,0.31,0.0,0.0
2023-08-31,16.6,16.6,16.2,16.2,500,8100.0,0.0,0.0,0.0,0.0,,0.31,0.0,0.0
2023-09-05,16.5,16.5,15.1,15.1,200,3020.0,0.0,0.0,0.0,0.0,,0.31,0.0,0.0
2023-09-06,14.6,14.7,14.6,14.7,300,4410.0,0.0,0.0,0.0,0.0,,0.31,0.0,0.0
2023-09-07,16.8,16.8,16.8,16.8,100,1680.0,0.0,0.0,0.0,0.0,,0.31,0.0,0.0
2023-09-08,16.3,16.3,15.2,15.2,300,4560.0,0.0,0.0,0.0,0.0,,0.31,0.0,0.0
2023-09-11,16.0,16.0,16.0,16.0,100,1600.0,0.0,0.0,0.0,0.0,,0.31,0.0,0.0
2023-09-12,15.9,15.9,15.9,15.9,100,1590.0,0.0,0.0,0.0,0.0,,0.31,0.0,0.0
2023-09-13,15.9,15.9,15.9,15.9,105,1669.5,0.0,0.0,0.0,0.0,,0.31,0.0,0.0
2023-09-14,15.9,15.9,15.9,15.9,0,0.0,0.0,0.0,0.0,0.0,,0.31,0.0,0.0
2023-09-15,16.5,16.5,16.5,16.5,200,3300.0,0.0,0.0,0.0,0.0,,0.31,0.0,0.0
2023-09-18,16.5,16.5,16.5,16.5,0,0.0,0.0,0.0,0.0,0.0,,0.31,0.0,0.0
2023-09-19,16.5,16.5,16.5,16.5,0,0.0,0.0,0.0,0.0,0.0,,0.31,0.0,0.0
2023-09-20,16.5,16.5,16.5,16.5,0,0.0,0.0,0.0,0.0,0.0,,0.31,0.0,0.0
2023-09-21,16.5,16.5,16.5,16.5,0,0.0,0.0,0.0,0.0,0.0,,0.31,0.0,0.0
2023-09-22,16.5,16.5,16.5,16.5,0,0.0,0.0,0.0,0.0,0.0,,0.31,0.0,0.0
2023-09-25,16.5,16.5,16.5,16.5,0,0.0,0.0,0.0,0.0,0.0,,0.31,0.0,0.0
2023-09-26,16.5,16.5,16.5,16.5,0,0.0,0.0,0.0,0.0,0.0,,0.31,0.0,0.0
2023-09-27,16.5,16.5,16.5,16.5,0,0.0,0.0,0.0,0.0,0.0,,0.31,0.0,0.0
2023-09-28,16.5,16.5,16.5,16.5,0,0.0,0.0,0.0,0.0,0.0,,0.31,0.0,0.0
2023-09-29,16.5,16.5,16.5,16.5,0,0.0,0.0,0.0,0.0,0.0,,0.31,0.0,0.0
2023-10-02,16.5,16.5,16.5,16.5,0,0.0,0.0,0.0,0.0,0.0,,0.31,0.0,0.0
2023-10-03,16.5,16.5,16.5,16.5,0,0.0,0.0,0.0,0.0,0.0,,0.31,0.0,0.0
2023-10-04,16.5,16.5,16.5,16.5,0,0.0,0.0,0.0,0.0,0.0,,0.31,0.0,0.0
2023-10-05,16.5,16.5,16.5,16.5,0,0.0,0.0,0.0,0.0,0.0,,0.31,0.0,0.0
2023-10-06,16.5,16.5,16.5,16.5,0,0.0,0.0,0.0,0.0,0.0,,0.31,0.0,0.0
2023-10-09,16.5,16.5,16.5,16.5,0,0.0,0.0,0.0,0.0,0.0,,0.31,0.0,0.0
2023-10-10,16.5,16.5,16.5,16.5,0,0.0,0.0,0.0,0.0,0.0,,0.31,0.0,0.0
2023-10-11,16.5,16.5,16.5,16.5,0,0.0,0.0,0.0,0.0,0.0,,0.31,0.0,0.0
2023-10-12,16.5,16.5,16.5,16.5,0,0.0,0.0,0.0,0.0,0.0,,0.31,0.0,0.0
2023-10-13,16.5,16.5,16.5,16.5,0,0.0,0.0,0.0,0.0,0.0,,0.31,0.0,0.0
2023-10-16,14.1,15.8,14.1,15.8,1401,22135.8,0.0,0.0,0.0,0.0,,0.31,0.0,0.0
2023-10-17,14.2,14.2,14.2,14.2,0,0.0,0.0,0.0,0.0,0.0,,0.31,0.0,0.0
2023-10-18,14.2,14.2,14.2,14.2,200,2840.0,0.0,0.0,0.0,0.0,,0.31,0.0,0.0
2023-10-19,15.1,15.1,15.1,15.1,100,1510.0,0.0,0.0,0.0,0.0,,0.31,0.0,0.0
2023-10-20,15.1,15.1,15.1,15.1,0,0.0,0.0,0.0,0.0,0.0,,0.31,0.0,0.0
2023-10-23,15.1,15.1,15.1,15.1,0,0.0,0.0,0.0,0.0,0.0,,0.31,0.0,0.0
2023-10-24,15.1,15.1,15.1,15.1,0,0.0,0.0,0.0,0.0,0.0,,0.31,0.0,0.0
2023-10-25,15.1,15.1,15.1,15.1,0,0.0,0.0,0.0,0.0,0.0,,0.31,0.0,0.0
2023-10-26,15.1,15.1,15.1,15.1,0,0.0,0.0,0.0,0.0,0.0,,0.31,0.0,0.0
2023-10-27,15.1,15.1,15.1,15.1,0,0.0,0.0,0.0,0.0,0.0,,0.31,0.0,0.0
2023-10-30,15.1,15.1,15.1,15.1,0,0.0,0.0,0.0,0.0,0.0,,0.31,0.0,0.0
2023-10-31,15.1,15.1,15.1,15.1,0,0.0,0.0,0.0,0.0,0.0,,0.31,0.0,0.0
2023-11-01,15.1,15.1,15.1,15.1,0,0.0,0.0,0.0,0.0,0.0,,0.31,0.0,0.0
2023-11-02,15.1,15.1,15.1,15.1,0,0.0,0.0,0.0,0.0,0.0,,0.31,0.0,0.0
2023-11-03,15.1,15.1,15.1,15.1,0,0.0,0.0,0.0,0.0,0.0,,0.31,0.0,0.0
2023-11-06,14.5,14.5,14.5,14.5,2800,40600.0,0.0,0.0,0.0,0.0,,0.31,0.0,0.0
2023-11-07,14.5,14.5,14.5,14.5,0,0.0,0.0,0.0,0.0,0.0,,0.31,0.0,0.0
2023-11-08,14.5,14.5,14.5,14.5,0,0.0,0.0,0.0,0.0,0.0,,0.31,0.0,0.0
2023-11-09,14.5,14.5,14.5,14.5,0,0.0,0.0,0.0,0.0,0.0,,0.31,0.0,0.0
2023-11-10,14.5,14.5,14.5,14.5,0,0.0,0.0,0.0,0.0,0.0,,0.31,0.0,0.0
2023-11-13,14.5,14.5,14.5,14.5,1,14.5,0.0,0.0,0.0,0.0,,0.31,0.0,0.0
2023-11-14,14.5,14.5,14.5,14.5,0,0.0,0.0,0.0,0.0,0.0,,0.31,0.0,0.0
2023-11-15,14.5,14.5,14.5,14.5,0,0.0,0.0,0.0,0.0,0.0,,0.31,0.0,0.0
2023-11-16,14.5,14.5,14.5,14.5,0,0.0,0.0,0.0,0.0,0.0,,0.31,0.0,0.0
2023-11-17,14.5,14.5,14.5,14.5,0,0.0,0.0,0.0,0.0,0.0,,0.31,0.0,0.0
2023-11-20,14.5,14.5,14.5,14.5,0,0.0,0.0,0.0,0.0,0.0,,0.31,0.0,0.0
2023-11-21,14.5,14.5,14.5,14.5,0,0.0,0.0,0.0,0.0,0.0,,0.31,0.0,0.0
2023-11-22,14.5,14.5,14.5,14.5,0,0.0,0.0,0.0,0.0,0.0,,0.31,0.0,0.0
2023-11-23,14.5,14.5,14.5,14.5,0,0.0,0.0,0.0,0.0,0.0,,0.31,0.0,0.0
2023-11-24,14.5,14.5,14.5,14.5,0,0.0,0.0,0.0,0.0,0.0,,0.31,0.0,0.0
2023-11-27,14.5,14.5,14.5,14.5,0,0.0,0.0,0.0,0.0,0.0,,0.31,0.0,0.0
2023-11-28,14.5,14.5,14.5,14.5,0,0.0,0.0,0.0,0.0,0.0,,0.31,0.0,0.0
2023-11-29,14.5,14.5,14.5,14.5,0,0.0,0.0,0.0,0.0,0.0,,0.31,0.0,0.0
2023-11-30,14.5,14.5,14.5,14.5,0,0.0,0.0,0.0,0.0,0.0,,0.31,0.0,0.0
2023-12-01,14.5,14.5,14.5,14.5,0,0.0,0.0,0.0,0.0,0.0,,0.31,0.0,0.0
2023-12-04,14.5,14.5,14.5,14.5,0,0.0,0.0,0.0,0.0,0.0,,0.31,0.0,0.0
2023-12-05,14.5,14.5,14.5,14.5,0,0.0,0.0,0.0,0.0,0.0,,0.31,0.0,0.0
2023-12-06,14.5,14.5,14.5,14.5,0,0.0,0.0,0.0,0.0,0.0,,0.31,0.0,0.0
2023-12-07,13.9,14.0,13.9,14.0,300,4200.0,0.0,0.0,0.0,0.0,,0.31,0.0,0.0
2023-12-08,14.0,14.0,14.0,14.0,0,0.0,0.0,0.0,0.0,0.0,,0.31,0.0,0.0
2023-12-11,15.9,15.9,15.9,15.9,100,1590.0,0.0,0.0,0.0,0.0,,0.31,0.0,0.0
2023-12-12,14.1,14.1,13.6,13.6,8100,110160.0,0.0,0.0,0.0,0.0,,0.31,0.0,0.0
2023-12-13,13.6,13.6,13.6,13.6,0,0.0,0.0,0.0,0.0,0.0,,0.31,0.0,0.0
2023-12-14,13.6,13.6,13.6,13.6,0,0.0,0.0,0.0,0.0,0.0,,0.31,0.0,0.0
2023-12-15,13.0,13.0,13.0,13.0,100,1300.0,0.0,0.0,0.0,0.0,,0.31,0.0,0.0
2023-12-18,14.0,14.8,14.0,14.8,201,2974.8,0.0,0.0,0.0,0.0,,0.31,0.0,0.0
2023-12-19,14.4,14.4,14.4,14.4,0,0.0,0.0,0.0,0.0,0.0,,0.31,0.0,0.0
2023-12-20,14.4,14.4,14.4,14.4,0,0.0,0.0,0.0,0.0,0.0,,0.31,0.0,0.0
2023-12-21,14.4,14.4,14.4,14.4,0,0.0,0.0,0.0,0.0,0.0,,0.31,0.0,0.0
2023-12-22,14.4,14.4,14.4,14.4,0,0.0,0.0,0.0,0.0,0.0,,0.31,0.0,0.0
2023-12-25,14.4,14.4,14.4,14.4,0,0.0,0.0,0.0,0.0,0.0,,0.31,0.0,0.0
2023-12-26,14.4,14.4,14.4,14.4,0,0.0,0.0,0.0,0.0,0.0,,0.31,0.0,0.0
2023-12-27,14.4,14.4,14.4,14.4,0,0.0,0.0,0.0,0.0,0.0,,0.31,0.0,0.0
2023-12-28,14.4,14.4,14.4,14.4,0,0.0,0.0,0.0,0.0,0.0,,0.31,0.0,0.0
2023-12-29,14.4,14.4,14.4,14.4,2,28.8,0.0,0.0,0.0,0.0,,0.31,0.0,0.0
2024-01-02,14.4,14.4,14.4,14.4,0,0.0,0.0,0.0,0.0,0.0,,0.31,0.0,0.0
2024-01-03,16.0,16.0,16.0,16.0,100,1600.0,0.0,0.0,0.0,0.0,,0.31,0.0,0.0
2024-01-04,16.0,16.0,16.0,16.0,0,0.0,0.0,0.0,0.0,0.0,,0.31,0.0,0.0
2024-01-05,16.0,16.0,16.0,16.0,0,0.0,0.0,0.0,0.0,0.0,,0.31,0.0,0.0
2024-01-08,16.0,16.0,16.0,16.0,0,0.0,0.0,0.0,0.0,0.0,,0.31,0.0,0.0
2024-01-09,16.0,16.0,16.0,16.0,0,0.0,0.0,0.0,0.0,0.0,,0.31,0.0,0.0
2024-01-10,16.0,16.0,16.0,16.0,0,0.0,0.0,0.0,0.0,0.0,,0.31,0.0,0.0
2024-01-11,16.0,16.0,16.0,16.0,0,0.0,0.0,0.0,0.0,0.0,,0.31,0.0,0.0
2024-01-12,16.0,16.0,16.0,16.0,0,0.0,0.0,0.0,0.0,0.0,,0.31,0.0,0.0
2024-01-15,17.5,17.5,17.5,17.5,100,1750.0,0.0,0.0,0.0,0.0,,0.31,0.0,0.0
2024-01-16,17.5,17.5,17.5,17.5,0,0.0,0.0,0.0,0.0,0.0,,0.31,0.0,0.0
2024-01-17,17.5,17.5,17.5,17.5,0,0.0,0.0,0.0,0.0,0.0,,0.31,0.0,0.0
2024-01-18,17.5,17.5,17.5,17.5,0,0.0,0.0,0.0,0.0,0.0,,0.31,0.0,0.0
2024-01-19,14.9,14.9,14.9,14.9,100,1490.0,0.0,0.0,0.0,0.0,,0.31,0.0,0.0
2024-01-22,14.9,14.9,14.9,14.9,0,0.0,0.0,0.0,0.0,0.0,,0.31,0.0,0.0
2024-01-23,14.9,14.9,14.9,14.9,200,2980.0,0.0,0.0,0.0,0.0,,0.31,0.0,0.0
2024-01-24,14.9,14.9,14.9,14.9,0,0.0,0.0,0.0,0.0,0.0,,0.31,0.0,0.0
2024-01-25,14.9,14.9,14.9,14.9,0,0.0,0.0,0.0,0.0,0.0,,0.31,0.0,0.0
2024-01-26,14.9,14.9,14.9,14.9,1,14.9,0.0,0.0,0.0,0.0,,0.31,0.0,0.0
2024-01-29,14.9,14.9,14.9,14.9,0,0.0,0.0,0.0,0.0,0.0,,0.31,0.0,0.0
2024-01-30,14.9,14.9,14.9,14.9,0,0.0,0.0,0.0,0.0,0.0,,0.31,0.0,0.0
2024-01-31,14.9,14.9,14.9,14.9,0,0.0,0.0,0.0,0.0,0.0,,0.31,0.0,0.0
2024-02-01,14.9,14.9,14.9,14.9,0,0.0,0.0,0.0,0.0,0.0,,0.31,0.0,0.0
2024-02-02,14.9,14.9,14.9,14.9,0,0.0,0.0,0.0,0.0,0.0,,0.31,0.0,0.0
2024-02-05,14.9,14.9,14.9,14.9,0,0.0,0.0,0.0,0.0,0.0,,0.31,0.0,0.0
2024-02-06,14.9,14.9,14.9,14.9,1145,17060.5,0.0,0.0,0.0,0.0,,0.31,0.0,0.0
2024-02-07,14.9,14.9,14.9,14.9,0,0.0,0.0,0.0,0.0,0.0,,0.31,0.0,0.0
2024-02-15,14.9,14.9,14.9,14.9,1,14.9,0.0,0.0,0.0,0.0,,0.31,0.0,0.0
2024-02-16,14.9,14.9,14.9,14.9,47,700.3000000000001,0.0,0.0,0.0,0.0,,0.31,0.0,0.0
2024-02-19,14.9,14.9,14.9,14.9,0,0.0,0.0,0.0,0.0,0.0,,0.31,0.0,0.0
2024-02-20,15.0,15.0,15.0,15.0,700,10500.0,0.0,0.0,0.0,0.0,,0.31,0.0,0.0
2024-02-21,16.9,16.9,16.9,16.9,100,1689.9999999999998,0.0,0.0,0.0,0.0,,0.31,0.0,0.0
2024-02-22,16.9,16.9,16.9,16.9,0,0.0,0.0,0.0,0.0,0.0,,0.31,0.0,0.0
2024-02-23,16.9,16.9,16.9,16.9,0,0.0,0.0,0.0,0.0,0.0,,0.31,0.0,0.0
2024-02-26,16.9,16.9,16.9,16.9,0,0.0,0.0,0.0,0.0,0.0,,0.31,0.0,0.0
2024-02-27,16.9,16.9,16.9,16.9,0,0.0,0.0,0.0,0.0,0.0,,0.31,0.0,0.0
2024-02-28,16.9,16.9,16.9,16.9,0,0.0,0.0,0.0,0.0,0.0,,0.31,0.0,0.0
2024-02-29,16.9,16.9,16.9,16.9,0,0.0,0.0,0.0,0.0,0.0,,0.31,0.0,0.0
2024-03-01,16.9,16.9,16.9,16.9,0,0.0,0.0,0.0,0.0,0.0,,0.31,0.0,0.0
2024-03-04,16.9,16.9,16.9,16.9,0,0.0,0.0,0.0,0.0,0.0,,0.31,0.0,0.0
2024-03-05,16.9,16.9,16.9,16.9,0,0.0,0.0,0.0,0.0,0.0,,0.31,0.0,0.0
2024-03-06,16.9,16.9,16.9,16.9,0,0.0,0.0,0.0,0.0,0.0,,0.31,0.0,0.0
2024-03-07,15.0,15.0,15.0,15.0,100,1500.0,0.0,0.0,0.0,0.0,,0.31,0.0,0.0
2024-03-08,15.0,15.0,15.0,15.0,0,0.0,0.0,0.0,0.0,0.0,,0.31,0.0,0.0
2024-03-11,15.0,15.0,15.0,15.0,0,0.0,0.0,0.0,0.0,0.0,,0.31,0.0,0.0
2024-03-12,15.0,15.0,15.0,15.0,0,0.0,0.0,0.0,0.0,0.0,,0.31,0.0,0.0
2024-03-13,15.5,15.5,15.5,15.5,4500,69750.0,0.0,0.0,0.0,0.0,,0.31,0.0,0.0
2024-03-14,15.5,15.5,15.5,15.5,0,0.0,0.0,0.0,0.0,0.0,,0.31,0.0,0.0
2024-03-15,15.5,15.5,15.5,15.5,0,0.0,0.0,0.0,0.0,0.0,,0.31,0.0,0.0
2024-03-18,15.5,15.5,15.5,15.5,0,0.0,0.0,0.0,0.0,0.0,,0.31,0.0,0.0
2024-03-19,15.5,15.5,15.5,15.5,0,0.0,0.0,0.0,0.0,0.0,,0.31,0.0,0.0
2024-03-20,15.5,15.5,15.5,15.5,10,155.0,0.0,0.0,0.0,0.0,,0.31,0.0,0.0
2024-03-21,15.5,15.5,15.5,15.5,0,0.0,0.0,0.0,0.0,0.0,,0.31,0.0,0.0
2024-03-22,15.5,15.5,15.5,15.5,0,0.0,0.0,0.0,0.0,0.0,,0.31,0.0,0.0
2024-03-25,15.5,15.5,15.5,15.5,0,0.0,0.0,0.0,0.0,0.0,,0.31,0.0,0.0
2024-03-26,15.4,15.4,15.4,15.4,1300,20020.0,0.0,0.0,0.0,0.0,,0.31,0.0,0.0
2024-03-27,15.4,15.4,15.4,15.4,0,0.0,0.0,0.0,0.0,0.0,,0.31,0.0,0.0
2024-03-28,17.2,17.2,17.2,17.2,100,1720.0,0.0,0.0,0.0,0.0,,0.31,0.0,0.0
2024-03-29,17.2,17.2,17.2,17.2,0,0.0,0.0,0.0,0.0,0.0,,0.31,0.0,0.0
2024-04-01,17.2,17.2,17.2,17.2,0,0.0,0.0,0.0,0.0,0.0,,0.31,0.0,0.0
2024-04-02,18.8,18.8,18.8,18.8,100,1880.0,0.0,0.0,0.0,0.0,,0.31,0.0,0.0
2024-04-03,18.8,18.8,18.8,18.8,0,0.0,0.0,0.0,0.0,0.0,,0.31,0.0,0.0
2024-04-04,18.8,18.8,18.8,18.8,4,75.2,0.0,0.0,0.0,0.0,,0.31,0.0,0.0
2024-04-05,18.8,18.8,18.8,18.8,0,0.0,0.0,0.0,0.0,0.0,,0.31,0.0,0.0
2024-04-08,18.8,18.8,18.8,18.8,0,0.0,0.0,0.0,0.0,0.0,,0.31,0.0,0.0
2024-04-09,18.8,18.8,18.8,18.8,0,0.0,0.0,0.0,0.0,0.0,,0.31,0.0,0.0
2024-04-10,18.8,18.8,18.8,18.8,0,0.0,0.0,0.0,0.0,0.0,,0.31,0.0,0.0
2024-04-11,18.8,18.8,18.8,18.8,0,0.0,0.0,0.0,0.0,0.0,,0.31,0.0,0.0
2024-04-12,18.8,18.8,18.8,18.8,0,0.0,0.0,0.0,0.0,0.0,,0.31,0.0,0.0
2024-04-15,18.8,18.8,18.8,18.8,0,0.0,0.0,0.0,0.0,0.0,,0.31,0.0,0.0
2024-04-16,18.8,18.8,18.8,18.8,0,0.0,0.0,0.0,0.0,0.0,,0.31,0.0,0.0
2024-04-17,16.0,16.0,16.0,16.0,100,1600.0,0.0,0.0,0.0,0.0,,0.31,0.0,0.0
2024-04-19,16.0,16.0,16.0,16.0,0,0.0,0.0,0.0,0.0,0.0,,0.31,0.0,0.0
2024-04-22,16.0,16.0,16.0,16.0,0,0.0,0.0,0.0,0.0,0.0,,0.31,0.0,0.0
2024-04-23,16.0,16.0,16.0,16.0,0,0.0,0.0,0.0,0.0,0.0,,0.31,0.0,0.0
2024-04-24,16.0,16.0,16.0,16.0,0,0.0,0.0,0.0,0.0,0.0,,0.31,0.0,0.0
2024-04-25,16.0,16.0,16.0,16.0,0,0.0,0.0,0.0,0.0,0.0,,0.31,0.0,0.0
2024-04-26,16.0,16.0,16.0,16.0,0,0.0,0.0,0.0,0.0,0.0,,0.31,0.0,0.0
2024-05-02,16.0,16.0,16.0,16.0,0,0.0,0.0,0.0,0.0,0.0,,0.31,0.0,0.0
2024-05-03,17.0,17.0,17.0,17.0,110,1870.0,0.0,0.0,0.0,0.0,,0.31,0.0,0.0
2024-05-06,17.0,17.0,17.0,17.0,0,0.0,0.0,0.0,0.0,0.0,,0.31,0.0,0.0
2024-05-07,17.0,17.0,17.0,17.0,0,0.0,0.0,0.0,0.0,0.0,,0.31,0.0,0.0
2024-05-08,17.0,17.0,17.0,17.0,1,17.0,0.0,0.0,0.0,0.0,,0.31,0.0,0.0
2024-05-09,17.0,17.0,17.0,17.0,0,0.0,0.0,0.0,0.0,0.0,,0.31,0.0,0.0
2024-05-10,17.0,17.0,17.0,17.0,0,0.0,0.0,0.0,0.0,0.0,,0.31,0.0,0.0
2024-05-13,17.0,17.0,17.0,17.0,0,0.0,0.0,0.0,0.0,0.0,,0.31,0.0,0.0
2024-05-14,17.0,17.0,17.0,17.0,0,0.0,0.0,0.0,0.0,0.0,,0.31,0.0,0.0
2024-05-15,17.0,17.0,17.0,17.0,0,0.0,0.0,0.0,0.0,0.0,,0.31,0.0,0.0
2024-05-16,17.0,17.0,17.0,17.0,0,0.0,0.0,0.0,0.0,0.0,,0.31,0.0,0.0
2024-05-17,17.0,17.0,17.0,17.0,0,0.0,0.0,0.0,0.0,0.0,,0.31,0.0,0.0
2024-05-20,17.0,17.0,17.0,17.0,0,0.0,0.0,0.0,0.0,0.0,,0.31,0.0,0.0
2024-05-21,17.0,17.0,17.0,17.0,0,0.0,0.0,0.0,0.0,0.0,,0.31,0.0,0.0
2024-05-22,17.0,17.0,17.0,17.0,0,0.0,0.0,0.0,0.0,0.0,,0.31,0.0,0.0
2024-05-23,17.0,17.0,17.0,17.0,0,0.0,0.0,0.0,0.0,0.0,,0.31,0.0,0.0
2024-05-24,17.0,17.0,17.0,17.0,0,0.0,0.0,0.0,0.0,0.0,,0.31,0.0,0.0
2024-05-27,17.0,17.0,17.0,17.0,100,1700.0,0.0,0.0,0.0,0.0,,0.31,0.0,0.0
2024-05-28,17.0,17.0,17.0,17.0,0,0.0,0.0,0.0,0.0,0.0,,0.31,0.0,0.0
2024-05-29,17.0,17.0,17.0,17.0,0,0.0,0.0,0.0,0.0,0.0,,0.31,0.0,0.0
2024-05-30,17.0,17.0,17.0,17.0,0,0.0,0.0,0.0,0.0,0.0,,0.31,0.0,0.0
2024-05-31,17.0,17.0,17.0,17.0,0,0.0,0.0,0.0,0.0,0.0,,0.31,0.0,0.0
2024-06-03,17.0,17.0,17.0,17.0,0,0.0,0.0,0.0,0.0,0.0,,0.31,0.0,0.0
2024-06-04,17.0,17.0,17.0,17.0,0,0.0,0.0,0.0,0.0,0.0,,0.31,0.0,0.0
2024-06-05,17.0,17.0,17.0,17.0,9,153.0,0.0,0.0,0.0,0.0,,0.31,0.0,0.0
2024-06-06,17.0,17.0,17.0,17.0,0,0.0,0.0,0.0,0.0,0.0,,0.31,0.0,0.0
2024-06-07,17.0,17.0,17.0,17.0,1200,20400.0,0.0,0.0,0.0,0.0,,0.31,0.0,0.0
2024-06-10,17.9,17.9,17.9,17.9,1000,17900.0,0.0,0.0,0.0,0.0,,0.31,0.0,0.0
2024-06-11,17.9,17.9,17.9,17.9,0,0.0,0.0,0.0,0.0,0.0,,0.31,0.0,0.0
2024-06-12,17.9,17.9,17.9,17.9,0,0.0,0.0,0.0,0.0,0.0,,0.31,0.0,0.0
2024-06-13,17.9,17.9,17.9,17.9,0,0.0,0.0,0.0,0.0,0.0,,0.31,0.0,0.0
2024-06-14,17.9,17.9,17.9,17.9,2,35.8,0.0,0.0,0.0,0.0,,0.31,0.0,0.0
2024-06-17,17.9,17.9,17.9,17.9,0,0.0,0.0,0.0,0.0,0.0,,0.31,0.0,0.0
2024-06-18,17.9,17.9,17.9,17.9,0,0.0,0.0,0.0,0.0,0.0,,0.31,0.0,0.0
2024-06-19,17.9,17.9,17.9,17.9,0,0.0,0.0,0.0,0.0,0.0,,0.31,0.0,0.0
2024-06-20,18.7,18.7,18.7,18.7,100,1870.0,0.0,0.0,0.0,0.0,,0.31,0.0,0.0
2024-06-21,18.5,18.6,18.5,18.6,400,7440.000000000001,0.0,0.0,0.0,0.0,,0.31,0.0,0.0
2024-06-24,18.6,18.6,18.6,18.6,0,0.0,0.0,0.0,0.0,0.0,,0.31,0.0,0.0
2024-06-25,18.6,18.6,18.6,18.6,0,0.0,0.0,0.0,0.0,0.0,,0.31,0.0,0.0
2024-06-26,18.0,18.2,18.0,18.2,900,16380.0,0.0,0.0,0.0,0.0,,0.31,0.0,0.0
2024-06-27,18.0,18.0,18.0,18.0,0,0.0,0.0,0.0,0.0,0.0,,0.31,0.0,0.0
2024-06-28,18.0,18.0,18.0,18.0,0,0.0,0.0,0.0,0.0,0.0,,0.31,0.0,0.0
2024-07-01,18.0,18.0,18.0,18.0,0,0.0,0.0,0.0,0.0,0.0,,0.31,0.0,0.0
2024-07-02,18.0,18.0,18.0,18.0,0,0.0,0.0,0.0,0.0,0.0,,0.31,0.0,0.0
2024-07-03,18.0,18.0,18.0,18.0,0,0.0,0.0,0.0,0.0,0.0,,0.31,0.0,0.0
2024-07-04,18.0,18.0,18.0,18.0,0,0.0,0.0,0.0,0.0,0.0,,0.31,0.0,0.0
2024-07-05,18.0,18.0,18.0,18.0,0,0.0,0.0,0.0,0.0,0.0,,0.31,0.0,0.0
2024-07-08,18.0,18.0,18.0,18.0,0,0.0,0.0,0.0,0.0,0.0,,0.31,0.0,0.0
2024-07-09,18.0,18.0,18.0,18.0,0,0.0,0.0,0.0,0.0,0.0,,0.31,0.0,0.0
2024-07-10,18.0,18.0,18.0,18.0,0,0.0,0.0,0.0,0.0,0.0,,0.31,0.0,0.0
2024-07-11,18.0,18.0,18.0,18.0,0,0.0,0.0,0.0,0.0,0.0,,0.31,0.0,0.0
2024-07-12,18.0,18.0,18.0,18.0,0,0.0,0.0,0.0,0.0,0.0,,0.31,0.0,0.0
2024-07-15,18.0,18.0,18.0,18.0,0,0.0,0.0,0.0,0.0,0.0,,0.31,0.0,0.0
2024-07-16,18.0,18.0,18.0,18.0,0,0.0,0.0,0.0,0.0,0.0,,0.31,0.0,0.0
2024-07-17,18.0,18.0,18.0,18.0,0,0.0,0.0,0.0,0.0,0.0,,0.31,0.0,0.0
2024-07-18,15.4,15.4,15.4,15.4,200,3080.0,0.0,0.0,0.0,0.0,,0.31,0.0,0.0
2024-07-19,15.4,15.4,15.4,15.4,0,0.0,0.0,0.0,0.0,0.0,,0.31,0.0,0.0
2024-07-22,17.4,17.4,17.4,17.4,200,3479.9999999999995,0.0,0.0,0.0,0.0,,0.31,0.0,0.0
2024-07-23,17.4,17.4,17.4,17.4,0,0.0,0.0,0.0,0.0,0.0,,0.31,0.0,0.0
2024-07-24,17.4,17.4,17.4,17.4,0,0.0,0.0,0.0,0.0,0.0,,0.31,0.0,0.0
2024-07-25,17.4,17.4,17.4,17.4,0,0.0,0.0,0.0,0.0,0.0,,0.31,0.0,0.0
2024-07-26,17.4,17.4,17.4,17.4,0,0.0,0.0,0.0,0.0,0.0,,0.31,0.0,0.0
2024-07-29,17.4,17.4,17.4,17.4,0,0.0,0.0,0.0,0.0,0.0,,0.31,0.0,0.0
2024-07-30,17.4,17.4,17.4,17.4,0,0.0,0.0,0.0,0.0,0.0,,0.31,0.0,0.0
2024-07-31,17.4,17.4,17.4,17.4,0,0.0,0.0,0.0,0.0,0.0,,0.31,0.0,0.0
2024-08-01,14.8,14.8,14.8,14.8,200,2960.0,0.0,0.0,0.0,0.0,,0.31,0.0,0.0
2024-08-02,14.8,14.8,14.8,14.8,0,0.0,0.0,0.0,0.0,0.0,,0.31,0.0,0.0
2024-08-05,14.8,14.8,14.8,14.8,0,0.0,0.0,0.0,0.0,0.0,,0.31,0.0,0.0
2024-08-06,14.8,14.8,14.8,14.8,0,0.0,0.0,0.0,0.0,0.0,,0.31,0.0,0.0
2024-08-07,16.4,16.4,16.4,16.4,100,1639.9999999999998,0.0,0.0,0.0,0.0,,0.31,0.0,0.0
2024-08-08,16.4,16.4,16.4,16.4,0,0.0,0.0,0.0,0.0,0.0,,0.31,0.0,0.0
2024-08-09,16.4,16.4,16.4,16.4,0,0.0,0.0,0.0,0.0,0.0,,0.31,0.0,0.0
2024-08-12,16.4,16.4,16.4,16.4,5,82.0,0.0,0.0,0.0,0.0,,0.31,0.0,0.0
2024-08-13,16.4,16.4,16.4,16.4,5,82.0,0.0,0.0,0.0,0.0,,0.31,0.0,0.0
2024-08-14,16.4,16.4,16.4,16.4,0,0.0,0.0,0.0,0.0,0.0,,0.31,0.0,0.0
2024-08-15,16.4,16.4,16.4,16.4,0,0.0,0.0,0.0,0.0,0.0,,0.31,0.0,0.0
2024-08-16,16.4,16.4,16.4,16.4,0,0.0,0.0,0.0,0.0,0.0,,0.31,0.0,0.0
2024-08-19,17.0,17.0,17.0,17.0,100,1700.0,0.0,0.0,0.0,0.0,,0.31,0.0,0.0
2024-08-20,17.0,17.0,17.0,17.0,0,0.0,0.0,0.0,0.0,0.0,,0.31,0.0,0.0
2024-08-21,17.5,17.5,17.5,17.5,100,1750.0,0.0,0.0,0.0,0.0,,0.31,0.0,0.0
2024-08-22,17.5,17.5,17.5,17.5,0,0.0,0.0,0.0,0.0,0.0,,0.31,0.0,0.0
2024-08-23,15.0,15.0,15.0,15.0,100,1500.0,0.0,0.0,0.0,0.0,,0.31,0.0,0.0
2024-08-26,15.0,15.0,15.0,15.0,0,0.0,0.0,0.0,0.0,0.0,,0.31,0.0,0.0
2024-08-27,15.0,15.0,15.0,15.0,0,0.0,0.0,0.0,0.0,0.0,,0.31,0.0,0.0
2024-08-28,15.0,15.0,15.0,15.0,0,0.0,0.0,0.0,0.0,0.0,,0.31,0.0,0.0
2024-08-29,16.7,16.7,16.7,16.7,100,1670.0,0.0,0.0,0.0,0.0,,0.31,0.0,0.0
2024-08-30,16.7,16.7,16.7,16.7,0,0.0,0.0,0.0,0.0,0.0,,0.31,0.0,0.0
2024-09-04,16.7,16.7,16.7,16.7,0,0.0,0.0,0.0,0.0,0.0,,0.31,0.0,0.0
2024-09-05,16.7,16.7,16.7,16.7,0,0.0,0.0,0.0,0.0,0.0,,0.31,0.0,0.0
2024-09-06,16.7,16.7,16.7,16.7,0,0.0,0.0,0.0,0.0,0.0,,0.31,0.0,0.0
2024-09-09,16.7,16.7,16.7,16.7,0,0.0,0.0,0.0,0.0,0.0,,0.31,0.0,0.0
2024-09-10,18.7,18.7,18.7,18.7,109,2038.3,0.0,0.0,0.0,0.0,,0.31,0.0,0.0
2024-09-11,18.7,18.7,18.7,18.7,0,0.0,0.0,0.0,0.0,0.0,,0.31,0.0,0.0
2024-09-12,18.7,18.7,18.7,18.7,0,0.0,0.0,0.0,0.0,0.0,,0.31,0.0,0.0
2024-09-13,18.7,18.7,18.7,18.7,0,0.0,0.0,0.0,0.0,0.0,,0.31,0.0,0.0
2024-09-16,18.7,18.7,18.7,18.7,0,0.0,0.0,0.0,0.0,0.0,,0.31,0.0,0.0
2024-09-17,18.7,18.7,18.7,18.7,0,0.0,0.0,0.0,0.0,0.0,,0.31,0.0,0.0
2024-09-18,18.7,18.7,18.7,18.7,0,0.0,0.0,0.0,0.0,0.0,,0.31,0.0,0.0
2024-09-19,18.7,18.7,18.7,18.7,0,0.0,0.0,0.0,0.0,0.0,,0.31,0.0,0.0
2024-09-20,18.7,18.7,18.7,18.7,0,0.0,0.0,0.0,0.0,0.0,,0.31,0.0,0.0
2024-09-23,18.7,18.7,18.7,18.7,0,0.0,0.0,0.0,0.0,0.0,,0.31,0.0,0.0
2024-09-24,18.7,18.7,18.7,18.7,0,0.0,0.0,0.0,0.0,0.0,,0.31,0.0,0.0
2024-09-25,18.7,18.7,18.7,18.7,0,0.0,0.0,0.0,0.0,0.0,,0.31,0.0,0.0
2024-09-26,18.7,18.7,18.7,18.7,0,0.0,0.0,0.0,0.0,0.0,,0.31,0.0,0.0
2024-09-27,18.7,18.7,18.7,18.7,0,0.0,0.0,0.0,0.0,0.0,,0.31,0.0,0.0
2024-09-30,18.7,18.7,18.7,18.7,0,0.0,0.0,0.0,0.0,0.0,,0.31,0.0,0.0
2024-10-01,18.7,18.7,18.7,18.7,0,0.0,0.0,0.0,0.0,0.0,,0.31,0.0,0.0
2024-10-02,18.7,18.7,18.7,18.7,0,0.0,0.0,0.0,0.0,0.0,,0.31,0.0,0.0
2024-10-03,18.7,18.7,18.7,18.7,0,0.0,0.0,0.0,0.0,0.0,,0.31,0.0,0.0
2024-10-04,18.7,18.7,18.7,18.7,0,0.0,0.0,0.0,0.0,0.0,,0.31,0.0,0.0
2024-10-07,18.7,18.7,18.7,18.7,0,0.0,0.0,0.0,0.0,0.0,,0.31,0.0,0.0
2024-10-08,18.7,18.7,18.7,18.7,0,0.0,0.0,0.0,0.0,0.0,,0.31,0.0,0.0
2024-10-09,18.7,18.7,18.7,18.7,0,0.0,0.0,0.0,0.0,0.0,,0.31,0.0,0.0
2024-10-10,18.7,18.7,18.7,18.7,0,0.0,0.0,0.0,0.0,0.0,,0.31,0.0,0.0
2024-10-11,18.7,18.7,18.7,18.7,0,0.0,0.0,0.0,0.0,0.0,,0.31,0.0,0.0
2024-10-14,18.7,18.7,18.7,18.7,0,0.0,0.0,0.0,0.0,0.0,,0.31,0.0,0.0
2024-10-15,18.7,18.7,18.7,18.7,0,0.0,0.0,0.0,0.0,0.0,,0.31,0.0,0.0
2024-10-16,18.7,18.7,18.7,18.7,0,0.0,0.0,0.0,0.0,0.0,,0.31,0.0,0.0
2024-10-17,18.7,18.7,18.7,18.7,0,0.0,0.0,0.0,0.0,0.0,,0.31,0.0,0.0
2024-10-18,18.7,18.7,18.7,18.7,0,0.0,0.0,0.0,0.0,0.0,,0.31,0.0,0.0
2024-10-21,18.7,18.7,18.7,18.7,0,0.0,0.0,0.0,0.0,0.0,,0.31,0.0,0.0
2024-10-22,18.7,18.7,18.7,18.7,0,0.0,0.0,0.0,0.0,0.0,,0.31,0.0,0.0
2024-10-23,17.0,17.0,17.0,17.0,100,1700.0,0.0,0.0,0.0,0.0,,0.31,0.0,0.0
2024-10-24,16.6,16.6,16.6,16.6,100,1660.0000000000002,0.0,0.0,0.0,0.0,,0.31,0.0,0.0
2024-10-25,16.6,16.6,16.6,16.6,93,1543.8000000000002,0.0,0.0,0.0,0.0,,0.31,0.0,0.0
2024-10-28,16.6,16.6,16.6,16.6,0,0.0,0.0,0.0,0.0,0.0,,0.31,0.0,0.0
2024-10-29,16.6,16.6,16.6,16.6,1,16.6,0.0,0.0,0.0,0.0,,0.31,0.0,0.0
2024-10-30,18.9,18.9,18.9,18.9,100,1890.0,0.0,0.0,0.0,0.0,,0.31,0.0,0.0
2024-10-31,18.9,18.9,18.9,18.9,0,0.0,0.0,0.0,0.0,0.0,,0.31,0.0,0.0
2024-11-01,18.9,18.9,18.9,18.9,0,0.0,0.0,0.0,0.0,0.0,,0.31,0.0,0.0
2024-11-04,18.9,18.9,18.9,18.9,0,0.0,0.0,0.0,0.0,0.0,,0.31,0.0,0.0
2024-11-05,18.9,18.9,18.9,18.9,0,0.0,0.0,0.0,0.0,0.0,,0.31,0.0,0.0
2024-11-06,18.9,18.9,18.9,18.9,15,283.5,0.0,0.0,0.0,0.0,,0.31,0.0,0.0
2024-11-07,18.9,18.9,18.9,18.9,0,0.0,0.0,0.0,0.0,0.0,,0.31,0.0,0.0
2024-11-08,16.5,16.5,16.5,16.5,100,1650.0,0.0,0.0,0.0,0.0,,0.31,0.0,0.0
2024-11-11,16.5,16.5,16.5,16.5,0,0.0,0.0,0.0,0.0,0.0,,0.31,0.0,0.0
2024-11-12,16.5,16.5,16.5,16.5,100,1650.0,0.0,0.0,0.0,0.0,,0.31,0.0,0.0
2024-11-13,16.5,16.5,16.5,16.5,0,0.0,0.0,0.0,0.0,0.0,,0.31,0.0,0.0
2024-11-14,16.5,16.5,16.5,16.5,0,0.0,0.0,0.0,0.0,0.0,,0.31,0.0,0.0
2024-11-15,16.5,16.5,16.5,16.5,0,0.0,0.0,0.0,0.0,0.0,,0.31,0.0,0.0
2024-11-18,16.5,16.5,16.5,16.5,0,0.0,0.0,0.0,0.0,0.0,,0.31,0.0,0.0
2024-11-19,16.2,16.2,16.2,16.2,100,1620.0,0.0,0.0,0.0,0.0,,0.31,0.0,0.0
2024-11-20,16.2,16.2,16.2,16.2,0,0.0,0.0,0.0,0.0,0.0,,0.31,0.0,0.0
2024-11-21,16.2,16.2,16.2,16.2,0,0.0,0.0,0.0,0.0,0.0,,0.31,0.0,0.0
2024-11-22,16.2,16.2,16.2,16.2,0,0.0,0.0,0.0,0.0,0.0,,0.31,0.0,0.0
2024-11-25,16.5,16.5,16.5,16.5,900,14850.0,0.0,0.0,0.0,0.0,,0.31,0.0,0.0
2024-11-26,16.5,16.5,16.5,16.5,0,0.0,0.0,0.0,0.0,0.0,,0.31,0.0,0.0
2024-11-27,16.5,16.5,16.5,16.5,0,0.0,0.0,0.0,0.0,0.0,,0.31,0.0,0.0
2024-11-28,18.4,18.4,18.4,18.4,100,1840.0,0.0,0.0,0.0,0.0,,0.31,0.0,0.0
2024-11-29,18.4,18.4,18.4,18.4,0,0.0,0.0,0.0,0.0,0.0,,0.31,0.0,0.0
2024-12-02,18.4,18.4,18.4,18.4,0,0.0,0.0,0.0,0.0,0.0,,0.31,0.0,0.0
2024-12-03,18.4,18.4,18.4,18.4,0,0.0,0.0,0.0,0.0,0.0,,0.31,0.0,0.0
2024-12-04,18.4,18.4,18.4,18.4,0,0.0,0.0,0.0,0.0,0.0,,0.31,0.0,0.0
2024-12-05,18.4,18.4,18.4,18.4,0,0.0,0.0,0.0,0.0,0.0,,0.31,0.0,0.0
2024-12-06,18.4,18.4,18.4,18.4,0,0.0,0.0,0.0,0.0,0.0,,0.31,0.0,0.0
2024-12-09,18.4,18.4,18.4,18.4,0,0.0,0.0,0.0,0.0,0.0,,0.31,0.0,0.0
2024-12-10,18.4,18.4,18.4,18.4,0,0.0,0.0,0.0,0.0,0.0,,0.31,0.0,0.0
2024-12-11,18.4,18.4,18.4,18.4,0,0.0,0.0,0.0,0.0,0.0,,0.31,0.0,0.0
2024-12-12,18.4,18.4,18.4,18.4,0,0.0,0.0,0.0,0.0,0.0,,0.31,0.0,0.0
2024-12-13,17.0,17.0,17.0,17.0,100,1700.0,0.0,0.0,0.0,0.0,,0.31,0.0,0.0
2024-12-16,17.0,17.0,17.0,17.0,0,0.0,0.0,0.0,0.0,0.0,,0.31,0.0,0.0
2024-12-17,18.0,18.0,18.0,18.0,100,1800.0,0.0,0.0,0.0,0.0,,0.31,0.0,0.0
2024-12-18,18.0,18.0,18.0,18.0,0,0.0,0.0,0.0,0.0,0.0,,0.31,0.0,0.0
2024-12-19,18.0,18.0,18.0,18.0,0,0.0,0.0,0.0,0.0,0.0,,0.31,0.0,0.0
2024-12-20,18.0,18.0,18.0,18.0,0,0.0,0.0,0.0,0.0,0.0,,0.31,0.0,0.0
2024-12-23,15.3,16.5,15.3,16.5,10551,174091.5,0.0,0.0,0.0,0.0,,0.31,0.0,0.0
2024-12-24,17.5,17.5,17.5,17.5,100,1750.0,0.0,0.0,0.0,0.0,,0.31,0.0,0.0
2024-12-25,17.0,17.0,17.0,17.0,600,10200.0,0.0,0.0,0.0,0.0,,0.31,0.0,0.0
2024-12-26,17.0,17.0,17.0,17.0,0,0.0,0.0,0.0,0.0,0.0,,0.31,0.0,0.0
2024-12-27,15.5,15.5,15.5,15.5,201,3115.5,0.0,0.0,0.0,0.0,,0.31,0.0,0.0
2024-12-30,17.8,17.8,13.7,13.7,200,2740.0,0.0,0.0,0.0,0.0,,0.31,0.0,0.0
2024-12-31,13.6,17.0,13.6,17.0,300,5100.0,0.0,0.0,0.0,0.0,,0.31,0.0,0.0
2025-01-02,15.9,15.9,15.9,15.9,0,0.0,0.0,0.0,0.0,0.0,,0.31,0.0,0.0
2025-01-03,17.0,17.0,17.0,17.0,100,1700.0,0.0,0.0,0.0,0.0,,0.31,0.0,0.0
2025-01-06,17.0,17.0,17.0,17.0,0,0.0,0.0,0.0,0.0,0.0,,0.31,0.0,0.0
2025-01-07,14.5,14.6,14.5,14.6,250,3650.0,0.0,0.0,0.0,0.0,,0.31,0.0,0.0
2025-01-08,14.6,14.6,14.6,14.6,24,350.4,0.0,0.0,0.0,0.0,,0.31,0.0,0.0
2025-01-09,14.6,14.6,14.6,14.6,0,0.0,0.0,0.0,0.0,0.0,,0.31,0.0,0.0
2025-01-10,14.6,14.6,14.6,14.6,0,0.0,0.0,0.0,0.0,0.0,,0.31,0.0,0.0
2025-01-13,14.5,14.6,14.5,14.6,1300,18980.0,0.0,0.0,0.0,0.0,,0.31,0.0,0.0
2025-01-14,14.5,14.5,14.5,14.5,0,0.0,0.0,0.0,0.0,0.0,,0.31,0.0,0.0
2025-01-15,14.5,14.5,14.5,14.5,0,0.0,0.0,0.0,0.0,0.0,,0.31,0.0,0.0
2025-01-16,14.0,14.0,14.0,14.0,100,1400.0,0.0,0.0,0.0,0.0,,0.31,0.0,0.0
2025-01-17,14.0,14.0,14.0,14.0,0,0.0,0.0,0.0,0.0,0.0,,0.31,0.0,0.0
2025-01-20,14.0,14.0,14.0,14.0,0,0.0,0.0,0.0,0.0,0.0,,0.31,0.0,0.0
2025-01-21,14.0,14.0,14.0,14.0,0,0.0,0.0,0.0,0.0,0.0,,0.31,0.0,0.0
2025-01-22,14.0,14.0,14.0,14.0,500,7000.0,0.0,0.0,0.0,0.0,,0.31,0.0,0.0
2025-01-23,14.0,14.0,14.0,14.0,500,7000.0,0.0,0.0,0.0,0.0,,0.31,0.0,0.0
2025-01-24,14.0,14.0,14.0,14.0,0,0.0,0.0,0.0,0.0,0.0,,0.31,0.0,0.0
2025-02-03,16.1,16.1,16.0,16.0,2100,33600.0,0.0,0.0,0.0,0.0,,0.31,0.0,0.0
2025-02-04,16.0,16.0,16.0,16.0,0,0.0,0.0,0.0,0.0,0.0,,0.31,0.0,0.0
2025-02-05,16.0,16.0,16.0,16.0,1000,16000.0,0.0,0.0,0.0,0.0,,0.31,0.0,0.0
2025-02-06,15.5,15.5,15.5,15.5,1800,27900.0,0.0,0.0,0.0,0.0,,0.31,0.0,0.0
2025-02-07,13.2,13.2,13.2,13.2,2500,33000.0,0.0,0.0,0.0,0.0,,0.31,0.0,0.0
2025-02-10,13.2,13.2,13.2,13.2,0,0.0,0.0,0.0,0.0,0.0,,0.31,0.0,0.0
2025-02-11,13.2,13.2,13.2,13.2,0,0.0,0.0,0.0,0.0,0.0,,0.31,0.0,0.0
2025-02-12,12.7,12.7,12.0,12.0,200,2400.0,0.0,0.0,0.0,0.0,,0.31,0.0,0.0
2025-02-13,12.4,12.4,12.4,12.4,12,148.8,0.0,0.0,0.0,0.0,,0.31,0.0,0.0
2025-02-14,12.4,12.4,12.4,12.4,0,0.0,0.0,0.0,0.0,0.0,,0.31,0.0,0.0
2025-02-17,12.4,12.4,12.4,12.4,0,0.0,0.0,0.0,0.0,0.0,,0.31,0.0,0.0
2025-02-18,12.4,12.4,12.4,12.4,4,49.6,0.0,0.0,0.0,0.0,,0.31,0.0,0.0
2025-02-19,12.4,12.4,12.4,12.4,0,0.0,0.0,0.0,0.0,0.0,,0.31,0.0,0.0
2025-02-20,12.4,12.4,12.4,12.4,0,0.0,0.0,0.0,0.0,0.0,,0.31,0.0,0.0
2025-02-21,12.4,12.4,12.4,12.4,0,0.0,0.0,0.0,0.0,0.0,,0.31,0.0,0.0
2025-02-24,12.4,12.4,12.4,12.4,0,0.0,0.0,0.0,0.0,0.0,,0.31,0.0,0.0
2025-02-25,12.0,12.0,12.0,12.0,100,1200.0,0.0,0.0,0.0,0.0,,0.31,0.0,0.0
2025-02-26,12.0,12.0,12.0,12.0,100,1200.0,0.0,0.0,0.0,0.0,,0.31,0.0,0.0
2025-02-27,10.3,10.3,10.3,10.3,100,1030.0,0.0,0.0,0.0,0.0,,0.31,0.0,0.0
2025-02-28,11.0,11.0,11.0,11.0,1600,17600.0,0.0,0.0,0.0,0.0,,0.31,0.0,0.0
2025-03-03,11.0,11.0,11.0,11.0,0,0.0,0.0,0.0,0.0,0.0,,0.31,0.0,0.0
2025-03-04,11.0,11.0,11.0,11.0,0,0.0,0.0,0.0,0.0,0.0,,0.31,0.0,0.0
2025-03-05,11.0,11.0,11.0,11.0,0,0.0,0.0,0.0,0.0,0.0,,0.31,0.0,0.0
2025-03-06,11.0,11.0,11.0,11.0,0,0.0,0.0,0.0,0.0,0.0,,0.31,0.0,0.0
2025-03-07,11.0,11.0,11.0,11.0,0,0.0,0.0,0.0,0.0,0.0,,0.31,0.0,0.0
2025-03-10,11.0,11.0,11.0,11.0,0,0.0,0.0,0.0,0.0,0.0,,0.31,0.0,0.0
2025-03-11,11.0,11.0,11.0,11.0,0,0.0,0.0,0.0,0.0,0.0,,0.31,0.0,0.0
2025-03-12,11.0,11.0,11.0,11.0,0,0.0,0.0,0.0,0.0,0.0,,0.31,0.0,0.0
2025-03-13,9.4,9.4,9.4,9.4,3101,29149.4,0.0,0.0,0.0,0.0,,0.31,0.0,0.0
2025-03-14,9.4,9.4,9.4,9.4,0,0.0,0.0,0.0,0.0,0.0,,0.31,0.0,0.0
2025-03-17,9.4,9.4,9.4,9.4,0,0.0,0.0,0.0,0.0,0.0,,0.31,0.0,0.0
2025-03-18,9.4,9.4,9.4,9.4,0,0.0,0.0,0.0,0.0,0.0,,0.31,0.0,0.0
2025-03-19,9.4,9.4,9.4,9.4,0,0.0,0.0,0.0,0.0,0.0,,0.31,0.0,0.0
2025-03-20,9.4,9.4,9.4,9.4,0,0.0,0.0,0.0,0.0,0.0,,0.31,0.0,0.0
2025-03-21,9.4,9.4,9.4,9.4,0,0.0,0.0,0.0,0.0,0.0,,0.31,0.0,0.0
2025-03-24,9.4,9.4,9.4,9.4,0,0.0,0.0,0.0,0.0,0.0,,0.31,0.0,0.0
2025-03-25,9.4,9.4,9.4,9.4,0,0.0,0.0,0.0,0.0,0.0,,0.31,0.0,0.0
2025-03-26,9.4,9.4,9.4,9.4,0,0.0,0.0,0.0,0.0,0.0,,0.31,0.0,0.0
2025-03-27,9.4,9.4,9.4,9.4,0,0.0,0.0,0.0,0.0,0.0,,0.31,0.0,0.0
2025-03-28,9.4,9.4,9.4,9.4,0,0.0,0.0,0.0,0.0,0.0,,0.31,0.0,0.0
2025-03-31,10.8,10.8,10.8,10.8,100,1080.0,0.0,0.0,0.0,0.0,,0.31,0.0,0.0
2025-04-01,12.4,12.4,12.4,12.4,500,6200.0,0.0,0.0,0.0,0.0,,0.31,0.0,0.0
2025-04-02,14.2,14.2,14.1,14.1,200,2820.0,0.0,0.0,0.0,0.0,,0.31,0.0,0.0
2025-04-03,14.2,14.2,14.2,14.2,0,0.0,0.0,0.0,0.0,0.0,,0.31,0.0,0.0
2025-04-04,14.2,14.2,14.2,14.2,0,0.0,0.0,0.0,0.0,0.0,,0.31,0.0,0.0
2025-04-08,14.2,14.2,14.2,14.2,0,0.0,0.0,0.0,0.0,0.0,,0.31,0.0,0.0
2025-04-09,14.2,14.2,14.2,14.2,0,0.0,0.0,0.0,0.0,0.0,,0.31,0.0,0.0
2025-04-10,12.2,12.2,12.1,12.1,700,8470.0,0.0,0.0,0.0,0.0,,0.31,0.0,0.0
2025-04-11,12.1,12.1,12.1,12.1,4,48.4,0.0,0.0,0.0,0.0,,0.31,0.0,0.0
2025-04-14,12.1,12.1,12.1,12.1,10,121.0,0.0,0.0,0.0,0.0,,0.31,0.0,0.0
2025-04-15,10.3,10.3,10.3,10.3,1300,13390.000000000002,0.0,0.0,0.0,0.0,,0.31,0.0,0.0
2025-04-16,10.3,10.3,10.3,10.3,0,0.0,0.0,0.0,0.0,0.0,,0.31,0.0,0.0
2025-04-17,10.3,10.3,10.3,10.3,0,0.0,0.0,0.0,0.0,0.0,,0.31,0.0,0.0
2025-04-18,11.8,11.8,11.8,11.8,100,1180.0,0.0,0.0,0.0,0.0,,0.31,0.0,0.0
2025-04-21,11.8,11.8,11.8,11.8,0,0.0,0.0,0.0,0.0,0.0,,0.31,0.0,0.0
2025-04-22,11.8,11.8,11.8,11.8,0,0.0,0.0,0.0,0.0,0.0,,0.31,0.0,0.0
2025-04-23,11.8,11.8,11.8,11.8,0,0.0,0.0,0.0,0.0,0.0,,0.31,0.0,0.0
2025-04-24,11.8,11.8,11.8,11.8,0,0.0,0.0,0.0,0.0,0.0,,0.31,0.0,0.0
2025-04-25,11.8,11.8,11.8,11.8,0,0.0,0.0,0.0,0.0,0.0,,0.31,0.0,0.0
2025-04-28,11.8,11.8,11.8,11.8,0,0.0,0.0,0.0,0.0,0.0,,0.31,0.0,0.0
2025-04-29,11.8,11.8,11.8,11.8,0,0.0,0.0,0.0,0.0,0.0,,0.31,0.0,0.0
2025-05-05,10.1,10.1,10.1,10.1,800,8080.0,0.0,0.0,0.0,0.0,,0.31,0.0,0.0
2025-05-06,10.1,10.1,10.1,10.1,0,0.0,0.0,0.0,0.0,0.0,,0.31,0.0,0.0
2025-05-07,10.1,10.1,10.1,10.1,0,0.0,0.0,0.0,0.0,0.0,,0.31,0.0,0.0
2025-05-08,10.1,10.1,10.1,10.1,0,0.0,0.0,0.0,0.0,0.0,,0.31,0.0,0.0
2025-05-09,10.1,10.1,10.1,10.1,0,0.0,0.0,0.0,0.0,0.0,,0.31,0.0,0.0
2025-05-12,10.1,10.1,10.1,10.1,0,0.0,0.0,0.0,0.0,0.0,,0.31,0.0,0.0
2025-05-13,10.1,10.1,10.1,10.1,100,1010.0,0.0,0.0,0.0,0.0,,0.31,0.0,0.0
2025-05-14,10.1,10.1,10.1,10.1,0,0.0,0.0,0.0,0.0,0.0,,0.31,0.0,0.0
2025-05-15,10.1,10.1,10.1,10.1,1,10.1,0.0,0.0,0.0,0.0,,0.31,0.0,0.0
2025-05-16,10.1,10.1,10.1,10.1,0,0.0,0.0,0.0,0.0,0.0,,0.31,0.0,0.0
2025-05-19,10.1,10.1,10.1,10.1,0,0.0,0.0,0.0,0.0,0.0,,0.31,0.0,0.0
2025-05-20,10.1,10.1,10.1,10.1,0,0.0,0.0,0.0,0.0,0.0,,0.31,0.0,0.0
2025-05-21,10.1,10.1,10.1,10.1,0,0.0,0.0,0.0,0.0,0.0,,0.31,0.0,0.0
2025-05-22,10.1,10.1,10.1,10.1,0,0.0,0.0,0.0,0.0,0.0,,0.31,0.0,0.0
2025-05-23,10.1,10.1,10.1,10.1,0,0.0,0.0,0.0,0.0,0.0,,0.31,0.0,0.0
2025-05-26,10.1,10.1,10.1,10.1,0,0.0,0.0,0.0,0.0,0.0,,0.31,0.0,0.0
2025-05-27,10.1,10.1,10.1,10.1,0,0.0,0.0,0.0,0.0,0.0,,0.31,0.0,0.0
2025-05-28,10.1,10.1,10.1,10.1,0,0.0,0.0,0.0,0.0,0.0,,0.31,0.0,0.0
2025-05-29,10.1,10.1,10.1,10.1,0,0.0,0.0,0.0,0.0,0.0,,0.31,0.0,0.0
2025-05-30,10.1,10.1,10.1,10.1,0,0.0,0.0,0.0,0.0,0.0,,0.31,0.0,0.0
2025-06-02,10.1,10.1,10.1,10.1,0,0.0,0.0,0.0,0.0,0.0,,0.31,0.0,0.0
2025-06-03,8.9,8.9,8.6,8.6,400,3440.0,0.0,0.0,0.0,0.0,,0.31,0.0,0.0
2025-06-04,8.8,8.8,8.8,8.8,0,0.0,0.0,0.0,0.0,0.0,,0.31,0.0,0.0
2025-06-05,8.8,8.8,8.8,8.8,0,0.0,0.0,0.0,0.0,0.0,,0.31,0.0,0.0
2025-06-06,8.8,8.8,8.8,8.8,0,0.0,0.0,0.0,0.0,0.0,,0.31,0.0,0.0
2025-06-09,8.8,8.8,8.8,8.8,0,0.0,0.0,0.0,0.0,0.0,,0.31,0.0,0.0
2025-06-10,8.8,8.8,8.8,8.8,0,0.0,0.0,0.0,0.0,0.0,,0.31,0.0,0.0
2025-06-11,10.0,10.0,10.0,10.0,100,1000.0,0.0,0.0,0.0,0.0,,0.31,0.0,0.0
2025-06-12,10.6,10.6,10.6,10.6,100,1060.0,0.0,0.0,0.0,0.0,,0.31,0.0,0.0
2025-06-13,10.6,10.6,10.6,10.6,0,0.0,0.0,0.0,0.0,0.0,,0.31,0.0,0.0
2025-06-16,10.6,10.6,10.6,10.6,0,0.0,0.0,0.0,0.0,0.0,,0.31,0.0,0.0
2025-06-17,11.2,11.2,11.2,11.2,100,1120.0,0.0,0.0,0.0,0.0,,0.31,0.0,0.0
2025-06-18,11.2,11.2,11.2,11.2,0,0.0,0.0,0.0,0.0,0.0,,0.31,0.0,0.0
2025-06-19,10.9,10.9,10.9,10.9,100,1090.0,0.0,0.0,0.0,0.0,,0.31,0.0,0.0
2025-06-20,10.9,10.9,10.9,10.9,0,0.0,0.0,0.0,0.0,0.0,,0.31,0.0,0.0
2025-06-23,10.9,10.9,10.9,10.9,0,0.0,0.0,0.0,0.0,0.0,,0.31,0.0,0.0
2025-06-24,10.9,10.9,10.9,10.9,0,0.0,0.0,0.0,0.0,0.0,,0.31,0.0,0.0
2025-06-25,10.9,10.9,10.9,10.9,0,0.0,0.0,0.0,0.0,0.0,,0.31,0.0,0.0
2025-06-26,10.9,10.9,10.9,10.9,0,0.0,0.0,0.0,0.0,0.0,,0.31,0.0,0.0
2025-06-27,10.9,10.9,10.9,10.9,100,1090.0,0.0,0.0,0.0,0.0,,0.31,0.0,0.0
2025-06-30,10.9,10.9,10.9,10.9,0,0.0,0.0,0.0,0.0,0.0,,0.31,0.0,0.0
2025-07-01,11.0,11.0,11.0,11.0,200,2200.0,0.0,0.0,0.0,0.0,,0.31,0.0,0.0
2025-07-02,11.0,11.0,11.0,11.0,0,0.0,0.0,0.0,0.0,0.0,,0.31,0.0,0.0
2025-07-03,11.0,11.0,11.0,11.0,0,0.0,0.0,0.0,0.0,0.0,,0.31,0.0,0.0
2025-07-04,11.0,11.3,11.0,11.3,400,4520.0,0.0,0.0,0.0,0.0,,0.31,0.0,0.0
2025-07-07,11.1,11.1,11.1,11.1,0,0.0,0.0,0.0,0.0,0.0,,0.31,0.0,0.0
2025-07-08,11.1,11.1,11.1,11.1,0,0.0,0.0,0.0,0.0,0.0,,0.31,0.0,0.0
2025-07-09,11.7,11.7,11.7,11.7,100,1170.0,0.0,0.0,0.0,0.0,,0.31,0.0,0.0
2025-07-10,11.7,11.7,11.7,11.7,0,0.0,0.0,0.0,0.0,0.0,,0.31,0.0,0.0
2025-07-11,11.7,11.7,11.7,11.7,0,0.0,0.0,0.0,0.0,0.0,,0.31,0.0,0.0
2025-07-14,11.7,11.7,11.7,11.7,0,0.0,0.0,0.0,0.0,0.0,,0.31,0.0,0.0
2025-07-15,11.7,11.7,11.7,11.7,0,0.0,0.0,0.0,0.0,0.0,,0.31,0.0,0.0
2025-07-16,11.7,11.7,11.7,11.7,0,0.0,0.0,0.0,0.0,0.0,,0.31,0.0,0.0
2025-07-17,11.7,11.7,11.7,11.7,0,0.0,0.0,0.0,0.0,0.0,,0.31,0.0,0.0
2025-07-18,11.7,11.7,11.7,11.7,0,0.0,0.0,0.0,0.0,0.0,,0.31,0.0,0.0
2025-07-21,12.5,12.5,12.5,12.5,100,1250.0,0.0,0.0,0.0,0.0,,0.31,0.0,0.0
2025-07-22,12.5,12.5,12.5,12.5,1,12.5,0.0,0.0,0.0,0.0,,0.31,0.0,0.0
2025-07-23,12.5,12.5,12.5,12.5,0,0.0,0.0,0.0,0.0,0.0,,0.31,0.0,0.0
2025-07-24,12.5,12.5,12.5,12.5,0,0.0,0.0,0.0,0.0,0.0,,0.31,0.0,0.0
2025-07-25,12.8,12.8,12.8,12.8,100,1280.0,0.0,0.0,0.0,0.0,,0.31,0.0,0.0
2025-07-28,12.8,12.8,12.8,12.8,0,0.0,0.0,0.0,0.0,0.0,,0.31,0.0,0.0
2025-07-29,12.8,12.8,12.8,12.8,0,0.0,0.0,0.0,0.0,0.0,,0.31,0.0,0.0
2025-07-30,12.8,12.8,12.8,12.8,0,0.0,0.0,0.0,0.0,0.0,,0.31,0.0,0.0
2025-07-31,12.8,12.8,12.8,12.8,0,0.0,0.0,0.0,0.0,0.0,,0.31,0.0,0.0
2025-08-01,12.8,12.8,12.8,12.8,0,0.0,0.0,0.0,0.0,0.0,,0.31,0.0,0.0
2025-08-04,12.8,12.8,12.8,12.8,0,0.0,0.0,0.0,0.0,0.0,,0.31,0.0,0.0
2025-08-05,12.8,12.8,12.8,12.8,0,0.0,0.0,0.0,0.0,0.0,,0.31,0.0,0.0
2025-08-06,12.8,12.8,12.8,12.8,0,0.0,0.0,0.0,0.0,0.0,,0.31,0.0,0.0
2025-08-07,12.8,12.8,12.8,12.8,0,0.0,0.0,0.0,0.0,0.0,,0.31,0.0,0.0
2025-08-08,12.8,12.8,12.8,12.8,0,0.0,0.0,0.0,0.0,0.0,,0.31,0.0,0.0
2025-08-11,11.1,11.1,11.0,11.0,211,2321.0,0.0,0.0,0.0,0.0,,0.31,0.0,0.0
2025-08-12,11.0,11.0,11.0,11.0,100,1100.0,0.0,0.0,0.0,0.0,,0.31,0.0,0.0
2025-08-13,11.0,11.0,11.0,11.0,0,0.0,0.0,0.0,0.0,0.0,,0.31,0.0,0.0
2025-08-14,11.0,11.0,11.0,11.0,0,0.0,0.0,0.0,0.0,0.0,,0.31,0.0,0.0
2025-08-15,11.0,11.0,11.0,11.0,100,1100.0,0.0,0.0,0.0,0.0,,0.31,0.0,0.0
2025-08-18,11.8,11.8,11.8,11.8,200,2360.0,0.0,0.0,0.0,0.0,,0.31,0.0,0.0
2025-08-19,11.8,11.8,11.8,11.8,0,0.0,0.0,0.0,0.0,0.0,,0.31,0.0,0.0
2025-08-20,11.8,11.8,11.8,11.8,0,0.0,0.0,0.0,0.0,0.0,,0.31,0.0,0.0
2025-08-21,11.8,11.8,11.8,11.8,0,0.0,0.0,0.0,0.0,0.0,,0.31,0.0,0.0
2025-08-22,11.8,11.8,11.8,11.8,0,0.0,0.0,0.0,0.0,0.0,,0.31,0.0,0.0
2025-08-25,11.8,11.8,11.8,11.8,0,0.0,0.0,0.0,0.0,0.0,,0.31,0.0,0.0
2025-08-26,10.1,10.1,10.1,10.1,2000,20200.0,0.0,0.0,0.0,0.0,,0.31,0.0,0.0
2025-08-27,10.1,10.1,10.1,10.1,0,0.0,0.0,0.0,0.0,0.0,,0.31,0.0,0.0
2025-08-28,10.0,10.0,10.0,10.0,2300,23000.0,0.0,0.0,0.0,0.0,,0.31,0.0,0.0
2025-08-29,10.0,10.0,10.0,10.0,0,0.0,0.0,0.0,0.0,0.0,,0.31,0.0,0.0
2025-09-03,10.0,10.0,10.0,10.0,0,0.0,0.0,0.0,0.0,0.0,,0.31,0.0,0.0
2025-09-04,10.0,10.0,10.0,10.0,0,0.0,0.0,0.0,0.0,0.0,,0.31,0.0,0.0
2025-09-05,10.0,10.0,10.0,10.0,200,2000.0,0.0,0.0,0.0,0.0,,0.31,0.0,0.0
2025-09-08,10.0,10.0,10.0,10.0,0,0.0,0.0,0.0,0.0,0.0,,0.31,0.0,0.0
2025-09-09,10.0,10.0,10.0,10.0,0,0.0,0.0,0.0,0.0,0.0,,0.31,0.0,0.0
2025-09-10,10.0,10.0,10.0,10.0,0,0.0,0.0,0.0,0.0,0.0,,0.31,0.0,0.0
2025-09-11,10.0,10.0,10.0,10.0,0,0.0,0.0,0.0,0.0,0.0,,0.31,0.0,0.0
2025-09-12,10.0,10.0,10.0,10.0,0,0.0,0.0,0.0,0.0,0.0,,0.31,0.0,0.0
2025-09-15,10.0,10.0,10.0,10.0,0,0.0,0.0,0.0,0.0,0.0,,0.31,0.0,0.0
2025-09-16,10.0,10.0,10.0,10.0,0,0.0,0.0,0.0,0.0,0.0,,0.31,0.0,0.0
2025-09-17,10.0,10.0,10.0,10.0,0,0.0,0.0,0.0,0.0,0.0,,0.31,0.0,0.0
2025-09-18,11.2,11.2,11.0,11.0,200,2200.0,0.0,0.0,0.0,0.0,,0.31,0.0,0.0
2025-09-19,11.1,11.1,11.1,11.1,0,0.0,0.0,0.0,0.0,0.0,,0.31,0.0,0.0
2025-09-22,10.5,10.5,10.5,10.5,2400,25200.0,0.0,0.0,0.0,0.0,,0.31,0.0,0.0
2025-09-23,10.2,10.2,10.2,10.2,700,7139.999999999999,0.0,0.0,0.0,0.0,,0.31,0.0,0.0
2025-09-24,10.2,10.2,10.2,10.2,300,3060.0,0.0,0.0,0.0,0.0,,0.31,0.0,0.0
2025-09-25,10.2,10.2,10.2,10.2,0,0.0,0.0,0.0,0.0,0.0,,0.31,0.0,0.0
2025-09-26,10.2,10.2,10.2,10.2,0,0.0,0.0,0.0,0.0,0.0,,0.31,0.0,0.0
2025-09-29,8.7,8.7,8.7,8.7,700,6089.999999999999,0.0,0.0,0.0,0.0,,0.31,0.0,0.0
2025-09-30,8.7,8.7,8.7,8.7,0,0.0,0.0,0.0,0.0,0.0,,0.31,0.0,0.0
2025-10-01,8.0,8.2,8.0,8.0,20500,164000.0,0.0,0.0,0.0,0.0,,0.31,0.0,0.0
2025-10-02,8.0,8.0,8.0,8.0,0,0.0,0.0,0.0,0.0,0.0,,0.31,0.0,0.0
2025-10-03,8.0,8.0,8.0,8.0,0,0.0,0.0,0.0,0.0,0.0,,0.31,0.0,0.0
2025-10-06,9.2,9.2,9.2,9.2,100,920.0,0.0,0.0,0.0,0.0,,0.31,0.0,0.0
2025-10-07,9.2,9.2,9.2,9.2,100,920.0,0.0,0.0,0.0,0.0,,0.31,0.0,0.0
2025-10-08,8.5,8.5,8.5,8.5,100,850.0,0.0,0.0,0.0,0.0,,0.31,0.0,0.0
2025-10-09,9.5,9.5,9.5,9.5,500,4750.0,0.0,0.0,0.0,0.0,-4010.0,0.31,0.0,0.0
2025-10-10,10.0,10.0,10.0,10.0,100,1000.0,0.0,0.0,0.0,0.0,-4010.0,0.31,0.0,0.0
2025-10-13,,0.0,0.0,0.0,0,0.0,0.0,0.0,0.0,0.0,-4010.0,0.31,0.0,0.0
2025-10-14,9.8,9.8,9.8,9.8,100,980.0,0.0,0.0,0.0,0.0,-4010.0,0.31,0.0,0.0
2025-10-15,,0.0,0.0,0.0,0,0.0,0.0,0.0,0.0,0.0,-4010.0,0.31,0.0,0.0
2025-10-16,,0.0,0.0,0.0,0,0.0,0.0,0.0,0.0,0.0,-4010.0,0.31,0.0,0.0
2025-10-17,9.2,9.2,9.2,9.2,100,920.0,0.0,0.0,0.0,0.0,-4010.0,0.31,0.0,0.0
2025-10-20,8.0,8.0,8.0,8.0,100,800.0,0.0,0.0,0.0,0.0,-4010.0,0.31,0.0,0.0
2025-10-21,9.0,9.0,9.0,9.0,100,900.0,0.0,0.0,0.0,0.0,-4010.0,0.31,0.0,0.0
2025-10-22,,0.0,0.0,0.0,0,0.0,0.0,0.0,0.0,0.0,-4010.0,0.31,0.0,0.0
2025-10-23,9.5,9.5,9.5,9.5,100,950.0,0.0,0.0,0.0,0.0,-4010.0,0.31,0.0,0.0
2025-10-24,,0.0,0.0,0.0,0,0.0,0.0,0.0,0.0,0.0,-4010.0,0.31,0.0,0.0
2025-10-27,,0.0,0.0,0.0,0,0.0,0.0,0.0,0.0,0.0,-4010.0,0.31,0.0,0.0
2025-10-28,,0.0,0.0,0.0,0,0.0,0.0,0.0,0.0,0.0,-4010.0,0.31,0.0,0.0
2025-10-29,,0.0,0.0,0.0,0,0.0,0.0,0.0,0.0,0.0,-4010.0,0.31,0.0,0.0
2025-10-30,,0.0,0.0,0.0,0,0.0,0.0,0.0,0.0,0.0,-4010.0,0.31,0.0,0.0
2025-10-31,8.1,8.1,8.1,8.1,700,5670.0,0.0,0.0,0.0,0.0,-4010.0,0.31,0.0,0.0
2025-11-03,,0.0,0.0,0.0,0,0.0,0.0,0.0,0.0,0.0,-4010.0,0.31,0.0,0.0
2025-11-04,8.6,8.6,8.6,8.6,200,1720.0,0.0,0.0,0.0,0.0,-4010.0,0.31,0.0,0.0
2025-11-05,9.2,9.2,9.2,9.2,100,920.0,0.0,0.0,0.0,0.0,-4010.0,0.31,0.0,0.0
2025-11-06,,0.0,0.0,0.0,0,0.0,0.0,0.0,0.0,0.0,-4010.0,0.31,0.0,0.0
2025-11-07,,0.0,0.0,0.0,0,0.0,0.0,0.0,0.0,0.0,-4010.0,0.31,0.0,0.0
2025-11-10,,0.0,0.0,0.0,0,0.0,0.0,0.0,0.0,0.0,-4010.0,0.31,0.0,0.0
2025-11-11,,0.0,0.0,0.0,0,0.0,0.0,0.0,0.0,0.0,0.0,0.31,0.0,0.0
2025-11-12,,0.0,0.0,0.0,0,0.0,0.0,0.0,0.0,0.0,-4010.0,0.31,0.0,0.0
2025-11-14,9.5,9.5,9.5,9.5,100,950.0,0.0,0.0,0.0,0.0,-4010.0,0.31,0.0,0.0
2025-11-17,,0.0,0.0,0.0,0,0.0,0.0,0.0,0.0,0.0,-4010.0,0.31,0.0,0.0
2025-11-18,,0.0,0.0,0.0,0,0.0,0.0,0.0,0.0,0.0,-4010.0,0.31,0.0,0.0
2025-11-19,,0.0,0.0,0.0,0,0.0,0.0,0.0,0.0,0.0,-4010.0,0.31,0.0,0.0
2025-11-20,,0.0,0.0,0.0,0,0.0,0.0,0.0,0.0,0.0,-4010.0,0.31,0.0,0.0
2025-11-25,,0.0,0.0,0.0,0,0.0,0.0,0.0,0.0,0.0,-4010.0,0.31,0.0,0.0
2025-11-26,,0.0,0.0,0.0,0,0.0,0.0,0.0,0.0,0.0,-4010.0,0.31,0.0,0.0
2025-11-27,,0.0,0.0,0.0,0,0.0,0.0,0.0,0.0,0.0,-4010.0,0.31,0.0,0.0
2025-11-28,,0.0,0.0,0.0,0,0.0,0.0,0.0,0.0,0.0,-4010.0,0.31,0.0,0.0
2025-12-01,,0.0,0.0,0.0,0,0.0,0.0,0.0,0.0,0.0,-4010.0,0.31,0.0,0.0
2025-12-02,,0.0,0.0,0.0,0,0.0,0.0,0.0,0.0,0.0,-4010.0,0.31,0.0,0.0
2025-12-03,8.6,9.4,8.6,9.4,300,2820.0,0.0,0.0,0.0,0.0,-4010.0,0.31,0.0,0.0
2025-12-04,7.9,7.9,7.9,7.9,10700,84530.0,0.0,0.0,0.0,0.0,-4010.0,0.31,0.0,0.0
2025-12-05,7.9,7.9,7.9,7.9,500,3950.0,0.0,0.0,0.0,0.0,-4010.0,0.31,0.0,0.0
2025-12-08,8.4,8.8,8.4,8.8,1700,14960.000000000002,0.0,0.0,0.0,0.0,-4010.0,0.31,0.0,0.0
2025-12-10,,0.0,0.0,0.0,0,0.0,0.0,0.0,0.0,0.0,-4010.0,0.31,0.0,0.0
2025-12-11,,0.0,0.0,0.0,0,0.0,0.0,0.0,0.0,0.0,-4010.0,0.31,0.0,0.0
2025-12-12,,0.0,0.0,0.0,0,0.0,0.0,0.0,0.0,0.0,-4010.0,0.31,0.0,0.0
2025-12-15,,0.0,0.0,0.0,0,0.0,0.0,0.0,0.0,0.0,-4010.0,0.31,0.0,0.0
2025-12-23,6.8,6.8,6.8,6.8,100,680.0,0.0,0.0,0.0,0.0,-4010.0,0.31,0.0,0.0
2025-12-24,7.8,7.8,7.8,7.8,100,780.0,0.0,0.0,0.0,0.0,-4010.0,0.31,0.0,0.0
2025-12-25,,0.0,0.0,0.0,0,0.0,0.0,0.0,0.0,0.0,-4010.0,0.31,0.0,0.0
2025-12-26,,0.0,0.0,0.0,0,0.0,0.0,0.0,0.0,0.0,-4010.0,0.31,0.0,0.0
2025-12-29,8.0,8.4,8.0,8.4,200,1680.0,0.0,0.0,0.0,0.0,-4010.0,0.31,0.0,0.0
2025-12-30,8.0,8.0,8.0,8.0,200,1600.0,0.0,0.0,0.0,0.0,-4010.0,0.31,0.0,0.0
2025-12-31,9.2,9.2,9.2,9.2,100,920.0,0.0,0.0,0.0,0.0,-4010.0,0.31,0.0,0.0
2026-01-05,9.2,9.2,9.2,9.2,500,4600.0,0.0,0.0,0.0,0.0,-4010.0,0.31,0.0,0.0
2026-01-06,,0.0,0.0,0.0,0,0.0,0.0,0.0,0.0,0.0,-4010.0,0.31,0.0,0.0
2026-01-07,9.6,9.9,9.6,9.9,300,2970.0,0.0,0.0,0.0,0.0,-4010.0,0.31,0.0,0.0
2026-01-08,10.0,10.0,10.0,10.0,100,1000.0,0.0,0.0,0.0,0.0,-4010.0,0.31,0.0,0.0
2026-01-09,,0.0,0.0,0.0,0,0.0,0.0,0.0,0.0,0.0,-4010.0,0.31,0.0,0.0
2026-01-14,11.5,11.5,11.5,11.5,100,1150.0,0.0,0.0,0.0,0.0,-4010.0,0.31,0.0,0.0
2026-01-15,12.9,12.9,12.9,12.9,100,1290.0,0.0,0.0,0.0,0.0,-4010.0,0.31,0.0,0.0
2026-01-16,12.9,0.0,0.0,0.0,0,0.0,0.0,0.0,0.0,0.0,0.0,0.31,0.0,0.0
2026-02-05,12.9,12.9,12.9,12.9,100,1290.0,0.0,0.0,0.0,0.0,-4010.0,0.31,0.0,0.0
2026-02-06,,0.0,0.0,0.0,0,0.0,0.0,0.0,0.0,0.0,-4010.0,0.31,0.0,0.0
2026-02-10,11.0,11.0,11.0,11.0,900,9900.0,0.0,0.0,0.0,0.0,-4010.0,0.31,0.0,0.0
2026-02-11,,0.0,0.0,0.0,0,0.0,0.0,0.0,0.0,0.0,-4010.0,0.31,0.0,0.0
2026-02-25,9.4,9.5,9.4,9.5,2900,27550.0,0.0,0.0,0.0,0.0,-4010.0,0.31,0.0,0.0
2026-02-26,10.7,10.7,8.1,8.1,13300,107730.0,0.0,0.0,0.0,0.0,-4010.0,0.31,0.0,0.0
2026-02-27,,0.0,0.0,0.0,0,0.0,0.0,0.0,0.0,0.0,-4010.0,0.31,0.0,0.0
2026-03-03,9.6,9.6,9.6,9.6,100,960.0,0.0,0.0,0.0,0.0,-4010.0,0.31,0.0,0.0
2026-03-04,,0.0,0.0,0.0,0,0.0,0.0,0.0,0.0,0.0,-4010.0,0.31,0.0,0.0
2026-03-10,10.9,10.9,10.9,10.9,100,1090.0,0.0,0.0,0.0,0.0,-4010.0,0.31,0.0,0.0
2026-03-11,,0.0,0.0,0.0,0,0.0,0.0,0.0,0.0,0.0,-4010.0,0.31,0.0,0.0
2026-03-12,10.9,10.9,10.9,10.9,200,2180.0,0.0,0.0,0.0,0.0,-4010.0,0.31,0.0,0.0
2026-03-13,10.7,10.7,10.7,10.7,1000,10700.0,0.0,0.0,0.0,0.0,-4010.0,0.31,0.0,0.0
2026-03-16,,0.0,0.0,0.0,0,0.0,0.0,0.0,0.0,0.0,-4010.0,0.31,0.0,0.0
2026-03-19,12.3,12.3,12.1,12.2,1700,20740.0,0.0,0.0,0.0,0.0,-4010.0,0.31,0.0,0.0
2026-03-20,,0.0,0.0,0.0,0,0.0,0.0,0.0,0.0,0.0,-4010.0,0.31,0.0,0.0
2026-04-02,13.5,13.5,10.4,10.4,2700,28080.0,0.0,0.0,0.0,0.0,0.0,0.31,0.0,0.0
2026-04-03,9.0,9.0,9.0,9.0,1400,12600.0,0.0,0.0,0.0,0.0,0.0,0.31,0.0,0.0
2026-04-06,7.9,7.9,7.7,7.7,2400,18480.0,0.0,0.0,0.0,0.0,0.0,0.31,0.0,0.0
2026-04-08,8.7,8.7,8.7,8.7,200,1739.9999999999998,0.0,0.0,0.0,0.0,0.0,0.31,0.0,0.0
2026-04-09,8.7,8.7,8.7,8.7,200,1739.9999999999998,0.0,0.0,0.0,0.0,0.0,0.31,0.0,0.0
2026-04-10,9.5,9.5,9.5,9.5,100,950.0,0.0,0.0,0.0,0.0,0.0,0.31,0.0,0.0
2026-04-13,9.2,9.2,8.4,8.4,1300,10920.0,0.0,0.0,0.0,0.0,-4010.0,0.31,0.0,0.0
2026-04-14,8.4,8.4,7.3,7.3,26600,194180.0,0.0,0.0,0.0,0.0,-4010.0,0.31,0.0,0.0
2026-04-15,,0.0,0.0,0.0,0,0.0,0.0,0.0,0.0,0.0,-4010.0,0.31,0.0,0.0
2026-04-20,7.6,7.6,7.6,7.6,200,1520.0,0.0,0.0,0.0,0.0,-4010.0,,,
2026-04-21,,0.0,0.0,0.0,0,0.0,0.0,0.0,0.0,0.0,-4010.0,,,
2026-04-23,7.0,7.0,7.0,7.0,100,700.0,0.0,0.0,0.0,0.0,-4010.0,,,
2026-04-24,7.0,7.0,7.0,7.0,2100,14700.0,0.0,0.0,0.0,0.0,-4010.0,,,
2026-04-28,7.0,7.0,7.0,7.0,800,5600.0,0,0,0.0,0.0,-4010.00,,,
