time,open,high,low,close,volume,value,foreign_buy_vol,foreign_sell_vol,foreign_buy_val,foreign_sell_val,foreign_room
2007-10-16,22.69,51.56,22.69,40.22,62300,2505706.0,,,,,
2007-10-17,38.67,38.67,38.67,38.67,70700,2733969.0,,,,,
2007-10-18,42.54,42.54,40.73,41.76,46600,1946016.0,,,,,
2007-10-19,45.37,45.37,38.21,38.67,12400,479508.0,,,,,
2007-10-22,40.47,40.47,36.35,36.35,17800,647030.0,,,,,
2007-10-23,33.77,35.01,33.2,33.2,27800,922960.0,,,,,
2007-10-24,30.16,36.61,30.06,36.35,46900,1704815.0,,,,,
2007-10-25,36.3,36.3,33.0,36.3,30300,1099890.0,,,,,
2007-10-26,39.6,39.6,37.64,38.93,28900,1125077.0,,,,,
2007-10-29,38.67,39.19,35.42,35.42,10800,382536.0,,,,,
2007-10-30,37.12,37.12,34.34,34.34,7800,267852.0,,,,,
2007-10-31,34.03,34.55,31.19,34.55,9600,331680.0,,,,,
2007-11-01,33.51,35.32,31.45,34.8,8400,292320.0,,,,,
2007-11-02,35.32,35.32,33.51,33.77,6400,216128.00000000003,,,,,
2007-11-05,31.45,31.97,30.94,31.45,10700,336515.0,,,,,
2007-11-06,29.96,30.88,29.9,30.68,4700,144196.0,,,,,
2007-11-07,30.16,31.45,29.9,30.68,24000,736320.0,,,,,
2007-11-08,30.99,31.45,30.42,30.42,4500,136890.0,,,,,
2007-11-09,29.9,29.9,29.34,29.39,9900,290961.0,,,,,
2007-11-12,29.39,29.39,29.39,29.39,500,14695.0,,,,,
2007-11-13,27.58,27.58,26.81,26.81,2000,53620.0,,,,,
2007-11-14,27.33,28.87,27.33,28.36,17000,482120.0,,,,,
2007-11-15,29.9,29.9,28.36,29.39,1300,38207.0,,,,,
2007-11-16,29.39,29.39,29.39,29.39,0,0.0,,,,,
2007-11-19,27.33,28.87,27.33,28.87,700,20209.0,,,,,
2007-11-20,26.81,27.84,26.3,27.84,2200,61248.0,,,,,
2007-11-21,25.78,25.78,25.78,25.78,1500,38670.0,,,,,
2007-11-22,27.07,27.07,25.78,25.78,3900,100542.0,,,,,
2007-11-23,25.26,25.26,25.26,25.26,3000,75780.0,,,,,
2007-11-26,23.98,26.04,23.98,26.04,21400,557256.0,,,,,
2007-11-27,26.3,27.89,26.3,26.81,2500,67025.0,,,,,
2007-11-28,26.81,26.81,26.3,26.3,500,13150.0,,,,,
2007-11-29,27.07,27.33,26.86,26.86,500,13430.0,,,,,
2007-11-30,26.81,26.81,26.81,26.81,400,10724.0,,,,,
2007-12-03,27.12,27.12,25.93,25.93,2500,64825.0,,,,,
2007-12-04,26.81,28.62,26.81,28.62,15300,437886.0,,,,,
2007-12-05,28.2,28.56,27.58,27.58,14500,399910.0,,,,,
2007-12-06,27.33,28.36,25.78,26.3,10200,268260.0,,,,,
2007-12-07,26.81,28.1,26.81,26.81,6400,171584.0,,,,,
2007-12-10,26.3,26.55,26.3,26.3,1400,36820.0,,,,,
2007-12-11,26.3,26.3,24.23,24.23,1500,36345.0,,,,,
2007-12-12,25.32,26.04,25.32,26.04,8000,208320.0,,,,,
2007-12-13,27.84,27.84,25.78,25.93,2600,67418.0,,,,,
2007-12-14,24.75,25.78,24.75,25.78,600,15468.0,,,,,
2007-12-17,25.26,25.26,24.75,24.75,6200,153450.0,,,,,
2007-12-18,23.72,24.75,23.72,24.75,2000,49500.0,,,,,
2007-12-19,25.26,25.78,24.75,24.75,4600,113850.0,,,,,
2007-12-20,24.75,24.75,24.75,24.75,0,0.0,,,,,
2007-12-21,25.68,25.68,25.68,24.75,200,4950.0,,,,,
2007-12-24,22.63,22.63,22.63,22.63,0,0.0,,,,,
2007-12-25,22.38,25.78,22.38,25.52,1600,40832.0,,,,,
2007-12-26,21.76,23.2,21.66,23.2,7900,183280.0,,,,,
2007-12-27,23.2,23.2,23.2,23.2,2100,48720.0,,,,,
2007-12-28,23.46,23.46,23.36,23.46,1600,37536.0,,,,,
2008-01-02,23.56,23.72,23.56,23.72,3500,83020.0,,,,,
2008-01-03,23.98,25.26,23.98,25.26,5000,126300.0,,,,,
2008-01-04,24.54,24.54,24.49,24.49,3000,73470.0,,,,,
2008-01-07,22.58,24.49,22.58,24.49,300,7346.999999999999,,,,,
2008-01-08,24.49,24.49,24.49,24.49,0,0.0,,,,,
2008-01-09,22.17,23.2,22.17,23.2,1500,34800.0,,,,,
2008-01-10,21.14,21.14,20.88,20.88,5900,123192.0,,,,,
2008-01-11,21.66,21.66,21.14,21.66,3600,77976.0,,,,,
2008-01-14,20.62,20.62,20.11,20.62,5700,117534.0,,,,,
2008-01-15,19.08,19.08,18.56,18.82,3100,58342.0,,,,,
2008-01-16,20.78,20.78,20.62,20.73,19100,395943.0,,,,,
2008-01-17,22.17,22.17,20.62,21.66,1000,21660.0,,,,,
2008-01-18,21.14,21.14,20.57,20.62,4200,86604.0,,,,,
2008-01-21,20.62,21.66,20.62,20.62,12000,247440.0,,,,,
2008-01-22,20.11,20.11,20.06,20.06,1500,30090.0,,,,,
2008-01-23,18.1,18.15,18.1,18.1,1200,21720.0,,,,,
2008-01-24,18.61,18.61,18.1,18.1,600,10860.0,,,,,
2008-01-25,18.3,18.36,18.3,18.36,900,16524.0,,,,,
2008-01-28,18.3,18.36,18.3,18.36,1600,29376.0,,,,,
2008-01-29,16.76,18.46,16.55,18.36,1700,31212.0,,,,,
2008-01-30,19.03,19.08,18.3,19.08,8000,152640.0,,,,,
2008-01-31,20.11,20.37,18.56,18.56,1900,35264.0,,,,,
2008-02-01,18.56,18.82,18.05,18.05,14200,256310.0,,,,,
2008-02-12,18.36,18.36,18.36,18.36,1800,33048.0,,,,,
2008-02-13,18.36,18.36,18.36,18.36,1100,20196.0,,,,,
2008-02-14,18.36,18.36,17.01,17.01,17100,290871.0,,,,,
2008-02-15,17.53,17.53,15.93,15.93,1800,28674.0,,,,,
2008-02-18,15.88,17.27,15.88,15.98,1600,25568.0,,,,,
2008-02-19,15.98,16.29,15.26,15.26,3800,57988.0,,,,,
2008-02-20,16.5,16.5,14.95,14.95,5100,76245.0,,,,,
2008-02-21,13.92,13.92,13.61,13.66,4500,61470.0,,,,,
2008-02-22,12.43,12.63,12.43,12.43,1300,16159.0,,,,,
2008-02-25,13.15,13.77,13.15,13.77,1700,23409.0,,,,,
2008-02-26,14.64,14.64,12.17,12.17,3900,47463.0,,,,,
2008-02-27,11.86,11.86,11.86,11.86,200,2372.0,,,,,
2008-02-28,10.98,11.34,10.98,10.98,1300,14274.0,,,,,
2008-02-29,10.83,12.12,10.83,12.12,4200,50904.0,,,,,
2008-03-03,10.57,10.57,10.52,10.57,4700,49679.0,,,,,
2008-03-04,10.31,10.31,9.54,9.54,2100,20034.0,,,,,
2008-03-05,8.82,9.8,8.82,9.8,5300,51940.00000000001,,,,,
2008-03-06,9.8,9.8,9.8,9.8,5600,54880.00000000001,,,,,
2008-03-07,10.78,10.78,10.78,10.78,7100,76538.0,,,,,
2008-03-10,11.76,11.81,9.74,11.76,18300,215208.0,,,,,
2008-03-11,10.42,11.7,10.42,11.7,600,7020.0,,,,,
2008-03-12,10.31,10.31,10.31,10.31,2500,25775.0,,,,,
2008-03-13,10.57,10.78,9.8,9.8,1900,18620.0,,,,,
2008-03-14,10.31,10.31,9.54,9.8,6900,67620.0,,,,,
2008-03-17,9.23,9.23,8.97,8.97,2300,20631.0,,,,,
2008-03-18,8.09,8.25,8.09,8.15,3200,26080.0,,,,,
2008-03-19,8.92,8.92,8.3,8.51,5000,42550.0,,,,,
2008-03-20,9.64,9.64,8.82,8.82,3400,29988.0,,,,,
2008-03-21,10.11,10.26,9.28,9.28,4100,38048.0,,,,,
2008-03-24,10.21,10.21,8.82,8.82,4800,42336.0,,,,,
2008-03-25,9.49,9.49,8.66,8.66,5300,45898.0,,,,,
2008-03-26,8.56,9.9,8.25,8.25,9200,75900.0,,,,,
2008-03-27,8.56,8.71,8.56,8.71,6100,53131.00000000001,,,,,
2008-03-28,8.82,8.82,8.82,8.82,200,1764.0,,,,,
2008-03-31,8.97,8.97,8.97,8.97,100,897.0000000000001,,,,,
2008-04-01,9.13,9.13,9.13,9.13,1100,10043.0,,,,,
2008-04-02,9.28,9.28,9.28,9.28,200,1856.0,,,,,
2008-04-03,9.44,9.44,9.44,9.44,200,1888.0,,,,,
2008-04-04,9.59,9.59,9.59,9.59,100,959.0,,,,,
2008-04-07,9.85,9.85,9.85,9.85,11200,110320.0,,,,,
2008-04-08,10.11,10.11,9.59,9.74,9300,90582.0,,,,,
2008-04-09,9.95,10.0,9.95,10.0,2100,21000.0,,,,,
2008-04-10,10.0,10.0,9.74,9.74,4100,39934.0,,,,,
2008-04-11,9.64,9.64,9.64,9.64,500,4820.0,,,,,
2008-04-16,9.38,9.9,9.38,9.38,7800,73164.0,,,,,
2008-04-17,9.44,9.74,9.23,9.74,9600,93504.0,,,,,
2008-04-18,9.74,9.8,9.28,9.28,3600,33408.0,,,,,
2008-04-21,9.38,9.49,9.38,9.49,4000,37960.0,,,,,
2008-04-22,9.49,9.49,9.49,9.49,0,0.0,,,,,
2008-04-23,9.49,9.49,9.49,9.49,0,0.0,,,,,
2008-04-24,9.49,9.49,9.49,9.49,0,0.0,,,,,
2008-04-25,9.18,9.18,9.18,9.18,2000,18360.0,,,,,
2008-04-28,8.92,9.18,8.92,8.97,10100,90597.0,,,,,
2008-04-29,8.92,9.18,8.66,8.66,4800,41568.0,,,,,
2008-05-05,8.82,8.97,8.56,8.56,3200,27392.0,,,,,
2008-05-06,8.97,8.97,8.97,8.97,1500,13455.000000000002,,,,,
2008-05-07,9.23,9.23,8.97,8.97,1800,16146.000000000002,,,,,
2008-05-08,8.92,8.92,8.92,8.92,100,892.0,,,,,
2008-05-09,8.66,8.66,8.66,8.66,200,1732.0,,,,,
2008-05-12,8.4,8.92,8.4,8.4,900,7560.0,,,,,
2008-05-13,8.35,8.35,8.35,8.35,100,835.0,,,,,
2008-05-14,8.35,8.35,8.35,8.35,0,0.0,,,,,
2008-05-15,8.35,8.35,8.35,8.35,0,0.0,,,,,
2008-05-16,8.15,8.15,8.15,8.15,600,4890.0,,,,,
2008-05-19,8.15,8.15,8.15,8.15,100,815.0,,,,,
2008-05-20,8.15,8.15,8.15,8.15,0,0.0,,,,,
2008-05-21,8.15,8.15,8.15,8.15,100,815.0,,,,,
2008-05-22,8.15,8.15,8.15,8.15,0,0.0,,,,,
2008-05-23,8.15,8.15,8.15,8.15,0,0.0,,,,,
2008-05-26,8.15,8.15,8.15,8.15,0,0.0,,,,,
2008-05-27,8.15,8.15,8.15,8.15,0,0.0,,,,,
2008-05-28,8.15,8.15,8.15,8.15,0,0.0,,,,,
2008-05-29,8.15,8.15,8.15,8.15,0,0.0,,,,,
2008-05-30,8.15,8.15,8.15,8.15,0,0.0,,,,,
2008-06-02,8.15,8.15,8.15,8.15,0,0.0,,,,,
2008-06-03,8.15,8.15,8.15,8.15,0,0.0,,,,,
2008-06-04,8.15,8.15,8.15,8.15,0,0.0,,,,,
2008-06-05,8.15,8.15,8.15,8.15,0,0.0,,,,,
2008-06-06,8.15,8.15,8.15,8.15,0,0.0,,,,,
2008-06-09,8.15,8.15,8.15,8.15,0,0.0,,,,,
2008-06-10,8.15,8.15,8.15,8.15,0,0.0,,,,,
2008-06-11,8.15,8.15,8.15,8.15,0,0.0,,,,,
2008-06-12,8.15,8.15,8.15,8.15,0,0.0,,,,,
2008-06-13,7.94,7.94,7.94,7.94,200,1588.0,,,,,
2008-06-16,7.73,8.09,7.73,7.73,22900,177017.0,,,,,
2008-06-17,7.94,7.94,7.73,7.94,25200,200088.0,,,,,
2008-06-18,8.15,8.15,7.73,7.73,5300,40969.0,,,,,
2008-06-19,7.58,7.58,7.58,7.58,2000,15160.0,,,,,
2008-06-20,7.58,7.58,7.58,7.58,0,0.0,,,,,
2008-06-23,7.32,7.32,7.32,7.32,5900,43188.0,,,,,
2008-06-24,7.32,7.32,7.32,7.32,100,732.0,,,,,
2008-06-25,7.22,7.22,7.22,7.22,100,722.0,,,,,
2008-06-26,6.96,6.96,6.96,6.96,1100,7656.0,,,,,
2008-06-27,6.7,6.7,6.7,6.7,1100,7370.0,,,,,
2008-06-30,6.44,6.44,6.44,6.44,100,644.0,,,,,
2008-07-01,6.7,6.7,6.19,6.19,25900,160321.0,,,,,
2008-07-02,6.39,6.39,5.98,6.03,31700,191151.0,,,,,
2008-07-03,6.08,6.24,6.08,6.24,45100,281424.0,,,,,
2008-07-04,6.39,6.39,6.39,6.39,8500,54315.0,,,,,
2008-07-07,6.6,6.6,6.6,6.6,3300,21780.0,,,,,
2008-07-08,6.34,6.34,6.34,6.34,4900,31066.0,,,,,
2008-07-09,6.14,6.29,6.14,6.19,16900,104611.0,,,,,
2008-07-10,6.19,6.19,5.98,6.03,16600,100098.0,,,,,
2008-07-11,6.03,6.29,5.98,6.29,25500,160395.0,,,,,
2008-07-14,6.44,6.44,6.24,6.44,9900,63756.00000000001,,,,,
2008-07-15,6.7,6.7,6.7,6.7,29100,194970.0,,,,,
2008-07-16,6.96,6.96,6.55,6.96,28400,197664.0,,,,,
2008-07-17,7.12,7.12,7.12,7.12,18900,134568.0,,,,,
2008-07-18,7.06,7.06,6.86,6.86,2100,14406.0,,,,,
2008-07-21,6.65,6.65,6.65,6.65,100,665.0,,,,,
2008-07-22,6.39,6.39,6.39,6.39,100,639.0,,,,,
2008-07-23,6.39,6.39,6.39,6.39,0,0.0,,,,,
2008-07-24,6.19,6.19,6.19,6.19,1000,6190.0,,,,,
2008-07-25,5.98,5.98,5.98,5.98,100,598.0,,,,,
2008-07-28,5.77,5.77,5.77,5.77,5900,34043.0,,,,,
2008-07-29,5.57,5.98,5.57,5.77,10300,59430.99999999999,,,,,
2008-07-30,5.62,5.62,5.62,5.62,900,5058.0,,,,,
2008-07-31,5.41,5.41,5.41,5.41,2500,13525.0,,,,,
2008-08-01,5.21,5.62,5.21,5.21,1400,7294.0,,,,,
2008-08-04,5.05,5.05,5.05,5.05,2600,13130.0,,,,,
2008-08-05,4.9,4.9,4.9,4.9,4800,23520.0,,,,,
2008-08-06,4.74,5.05,4.74,4.74,7600,36024.0,,,,,
2008-08-07,4.95,4.95,4.64,4.95,5300,26235.0,,,,,
2008-08-08,4.95,4.95,4.95,4.95,1000,4950.0,,,,,
2008-08-11,5.1,5.1,5.1,5.1,1200,6120.0,,,,,
2008-08-12,5.26,5.26,5.21,5.26,18200,95732.0,,,,,
2008-08-13,5.41,5.41,5.26,5.36,6600,35376.0,,,,,
2008-08-14,5.52,5.57,5.52,5.57,6200,34534.0,,,,,
2008-08-15,5.72,5.72,5.72,5.72,3900,22308.0,,,,,
2008-08-18,6.08,6.08,6.08,6.08,1900,11552.0,,,,,
2008-08-19,6.5,6.5,5.67,5.93,6600,39138.0,,,,,
2008-08-20,5.93,5.93,5.88,5.88,3000,17640.0,,,,,
2008-08-21,5.52,5.88,5.52,5.62,6500,36530.0,,,,,
2008-08-22,5.98,5.98,5.57,5.57,8600,47902.0,,,,,
2008-08-25,6.34,6.34,6.34,6.34,14600,92564.0,,,,,
2008-08-26,6.75,6.75,6.75,6.75,9300,62775.0,,,,,
2008-08-27,6.91,6.91,6.91,6.91,8500,58735.0,,,,,
2008-08-28,7.37,7.37,7.22,7.37,57600,424512.0,,,,,
2008-08-29,7.89,7.89,7.89,7.89,9400,74166.0,,,,,
2008-09-03,8.4,8.4,8.4,8.4,1000,8400.0,,,,,
2008-09-04,8.97,8.97,8.97,8.97,2900,26013.000000000004,,,,,
2008-09-05,9.59,9.59,9.59,9.59,6700,64253.0,,,,,
2008-09-08,10.26,10.26,10.26,10.26,14700,150822.0,,,,,
2008-09-09,10.93,10.93,10.93,10.93,8700,95091.0,,,,,
2008-09-10,11.65,11.65,10.21,10.21,28000,285880.0,,,,,
2008-09-11,10.72,10.72,10.72,10.72,1000,10720.0,,,,,
2008-09-12,10.0,10.0,10.0,10.0,100,1000.0,,,,,
2008-09-15,10.0,10.0,10.0,10.0,0,0.0,,,,,
2008-09-16,10.0,10.0,10.0,10.0,0,0.0,,,,,
2008-09-17,9.33,9.33,9.33,9.33,100,933.0,,,,,
2008-09-18,9.33,9.33,9.33,9.33,0,0.0,,,,,
2008-09-19,8.71,8.71,8.71,8.71,33000,287430.0,,,,,
2008-09-22,9.28,9.28,9.02,9.28,93400,866751.9999999999,,,,,
2008-09-23,8.66,8.66,8.66,8.66,200,1732.0,,,,,
2008-09-24,9.18,9.18,8.15,8.15,500,4075.0,,,,,
2008-09-25,7.99,8.04,7.99,8.04,7400,59495.99999999999,,,,,
2008-09-26,7.58,7.58,7.48,7.48,5800,43384.0,,,,,
2008-09-29,6.96,7.27,6.96,6.96,11900,82824.0,,,,,
2008-09-30,6.5,6.5,6.5,6.5,11800,76700.0,,,,,
2008-10-01,6.5,6.6,6.24,6.6,11200,73920.0,,,,,
2008-10-02,6.7,6.75,6.65,6.75,5400,36450.0,,,,,
2008-10-03,6.29,7.17,6.24,7.17,2400,17208.0,,,,,
2008-10-06,7.27,7.27,6.44,6.81,8800,59928.0,,,,,
2008-10-07,7.48,7.53,6.7,6.7,3200,21440.0,,,,,
2008-10-08,6.39,6.39,6.39,6.39,2000,12780.0,,,,,
2008-10-09,5.98,6.7,5.98,6.7,2200,14740.0,,,,,
2008-10-10,6.19,6.55,5.83,6.08,4600,27968.0,,,,,
2008-10-13,6.34,6.34,5.77,6.34,5900,37406.0,,,,,
2008-10-14,6.6,6.6,6.6,6.6,1000,6600.0,,,,,
2008-10-15,7.01,7.01,6.24,6.86,17300,118678.0,,,,,
2008-10-16,6.19,6.39,6.19,6.19,7600,47044.0,,,,,
2008-10-17,6.24,6.29,5.83,5.88,21900,128772.0,,,,,
2008-10-20,5.62,5.62,5.52,5.52,5600,30912.0,,,,,
2008-10-21,5.47,5.67,5.31,5.47,7000,38290.0,,,,,
2008-10-22,5.1,5.41,5.1,5.16,5500,28380.0,,,,,
2008-10-23,4.8,5.52,4.8,4.8,9300,44640.0,,,,,
2008-10-24,4.74,4.74,4.69,4.74,6400,30336.0,,,,,
2008-10-27,5.0,5.0,4.49,4.49,4600,20654.0,,,,,
2008-10-28,4.28,4.54,4.28,4.54,3600,16344.0,,,,,
2008-10-29,4.74,4.74,4.54,4.64,12800,59391.99999999999,,,,,
2008-10-30,5.0,5.0,4.95,5.0,2000,10000.0,,,,,
2008-10-31,5.16,5.16,4.95,5.0,6500,32500.0,,,,,
2008-11-03,5.36,5.36,5.1,5.1,5300,27030.0,,,,,
2008-11-04,5.47,5.47,5.47,5.47,2800,15316.0,,,,,
2008-11-05,5.57,5.62,5.16,5.47,4500,24615.0,,,,,
2008-11-06,5.0,5.0,5.0,5.0,3700,18500.0,,,,,
2008-11-07,4.69,4.69,4.69,4.69,1900,8911.0,,,,,
2008-11-10,4.95,4.95,4.64,4.9,5200,25480.000000000004,,,,,
2008-11-11,4.54,4.54,4.49,4.49,4100,18409.0,,,,,
2008-11-12,4.23,4.69,4.23,4.64,2100,9744.0,,,,,
2008-11-13,4.54,4.69,4.54,4.64,3300,15311.999999999998,,,,,
2008-11-14,4.64,4.64,4.59,4.59,1900,8721.0,,,,,
2008-11-17,4.59,4.59,4.59,4.59,3400,15606.0,,,,,
2008-11-18,4.33,4.33,4.33,4.33,500,2165.0,,,,,
2008-11-19,4.18,4.38,4.18,4.23,1900,8037.000000000001,,,,,
2008-11-20,4.12,4.18,4.12,4.18,900,3762.0,,,,,
2008-11-21,3.87,3.92,3.87,3.92,1200,4704.0,,,,,
2008-11-24,4.12,4.12,4.12,4.12,700,2884.0,,,,,
2008-11-25,4.33,4.33,4.33,4.33,600,2598.0,,,,,
2008-11-26,4.59,4.59,4.23,4.23,5100,21573.000000000004,,,,,
2008-11-27,4.69,4.69,4.59,4.59,2100,9639.0,,,,,
2008-11-28,4.38,4.59,4.38,4.59,1100,5049.0,,,,,
2008-12-01,4.38,4.64,4.38,4.64,600,2784.0,,,,,
2008-12-02,4.64,4.64,4.64,4.64,0,0.0,,,,,
2008-12-03,4.18,4.18,4.18,4.18,2700,11286.0,,,,,
2008-12-04,4.43,4.43,4.43,4.43,100,443.0,,,,,
2008-12-05,4.43,4.43,4.43,4.43,0,0.0,,,,,
2008-12-08,4.43,4.43,4.43,4.43,0,0.0,,,,,
2008-12-09,4.12,4.12,4.12,4.12,2000,8240.0,,,,,
2008-12-10,4.12,4.12,4.12,4.12,0,0.0,,,,,
2008-12-11,3.87,3.87,3.87,3.87,800,3096.0,,,,,
2008-12-12,3.92,3.92,3.92,3.92,100,392.0,,,,,
2008-12-15,3.66,4.12,3.66,4.12,4400,18128.0,,,,,
2008-12-16,3.97,3.97,3.97,3.97,100,397.0,,,,,
2008-12-17,4.07,4.07,3.71,3.71,1100,4081.0,,,,,
2008-12-18,3.92,3.92,3.92,3.92,100,392.0,,,,,
2008-12-19,3.87,3.87,3.87,3.87,500,1935.0,,,,,
2008-12-22,4.02,4.07,3.82,3.82,4600,17572.0,,,,,
2008-12-23,3.97,3.97,3.82,3.87,1200,4644.0,,,,,
2008-12-24,3.87,3.87,3.66,3.66,7900,28914.0,,,,,
2008-12-25,4.02,4.02,3.82,3.82,6400,24448.0,,,,,
2008-12-26,3.92,3.92,3.87,3.92,900,3528.0,,,,,
2008-12-29,4.02,4.02,3.87,3.87,700,2709.0,,,,,
2008-12-30,3.92,3.97,3.87,3.97,3900,15483.0,,,,,
2008-12-31,3.92,4.18,3.92,4.18,6000,25080.0,,,,,
2009-01-02,4.02,4.02,3.97,3.97,1800,7146.0,,,,,
2009-01-05,4.23,4.23,4.23,4.23,100,423.00000000000006,,,,,
2009-01-06,4.07,4.43,4.07,4.18,6700,28006.0,,,,,
2009-01-07,4.23,4.23,4.18,4.18,2100,8778.0,,,,,
2009-01-08,4.18,4.18,4.12,4.12,2000,8240.0,,,,,
2009-01-09,4.12,4.12,4.12,4.12,0,0.0,,,,,
2009-01-12,4.12,4.12,4.12,4.12,2400,9888.0,,,,,
2009-01-13,3.92,3.92,3.92,3.92,1100,4312.0,,,,,
2009-01-14,3.92,3.92,3.92,3.92,1600,6272.0,,,,,
2009-01-15,4.18,4.18,4.18,4.18,100,418.0,,,,,
2009-01-16,4.38,4.38,4.38,4.38,100,438.0,,,,,
2009-01-19,4.38,4.38,4.12,4.12,600,2472.0,,,,,
2009-01-20,4.12,4.12,4.12,4.12,0,0.0,,,,,
2009-01-21,4.12,4.12,4.12,4.12,0,0.0,,,,,
2009-01-22,4.12,4.12,4.12,4.12,0,0.0,,,,,
2009-01-23,4.18,4.18,3.92,3.92,400,1568.0,,,,,
2009-02-02,3.92,3.92,3.92,3.92,0,0.0,,,,,
2009-02-03,3.87,3.87,3.87,3.87,500,1935.0,,,,,
2009-02-04,4.12,4.12,4.12,4.12,100,412.0,,,,,
2009-02-05,4.12,4.12,4.12,4.12,0,0.0,,,,,
2009-02-06,4.12,4.12,4.12,4.12,0,0.0,,,,,
2009-02-09,4.38,4.38,4.38,4.38,100,438.0,,,,,
2009-02-10,4.38,4.38,4.38,4.38,0,0.0,,,,,
2009-02-11,4.38,4.38,4.38,4.38,0,0.0,,,,,
2009-02-12,4.38,4.38,4.38,4.38,0,0.0,,,,,
2009-02-13,4.12,4.12,4.12,4.12,100,412.0,,,,,
2009-02-16,4.12,4.12,4.12,4.12,0,0.0,,,,,
2009-02-17,3.87,3.87,3.87,3.87,900,3483.0,,,,,
2009-02-18,3.76,3.87,3.71,3.76,1700,6392.0,,,,,
2009-02-19,3.61,3.66,3.56,3.66,500,1830.0,,,,,
2009-02-20,3.66,3.66,3.66,3.66,0,0.0,,,,,
2009-02-23,3.45,3.45,3.45,3.45,100,345.0,,,,,
2009-02-24,3.45,3.45,3.45,3.45,0,0.0,,,,,
2009-02-25,3.45,3.45,3.45,3.45,0,0.0,,,,,
2009-02-26,3.45,3.45,3.45,3.45,1100,3795.0,,,,,
2009-02-27,3.45,3.45,3.45,3.45,0,0.0,,,,,
2009-03-02,3.45,3.45,3.45,3.45,0,0.0,,,,,
2009-03-03,3.45,3.45,3.45,3.45,200,690.0,,,,,
2009-03-04,3.45,3.45,3.45,3.45,5100,17595.0,,,,,
2009-03-05,3.45,3.45,3.45,3.45,1000,3450.0,,,,,
2009-03-06,3.45,3.45,3.45,3.45,5700,19665.0,,,,,
2009-03-09,3.45,3.45,3.45,3.45,500,1725.0,,,,,
2009-03-10,3.51,3.66,3.51,3.61,1700,6137.0,,,,,
2009-03-11,3.51,3.51,3.51,3.51,200,702.0,,,,,
2009-03-12,3.51,3.51,3.51,3.51,0,0.0,,,,,
2009-03-13,3.51,3.51,3.51,3.51,0,0.0,,,,,
2009-03-16,3.3,3.66,3.3,3.66,400,1464.0,,,,,
2009-03-17,3.51,3.51,3.51,3.51,800,2808.0,,,,,
2009-03-18,3.3,3.71,3.3,3.71,7400,27454.0,,,,,
2009-03-19,3.66,3.66,3.66,3.66,400,1464.0,,,,,
2009-03-20,3.87,3.87,3.87,3.87,200,774.0,,,,,
2009-03-23,3.87,3.87,3.87,3.87,0,0.0,,,,,
2009-03-24,4.02,4.02,3.61,3.61,400,1444.0,,,,,
2009-03-25,3.87,3.87,3.82,3.87,600,2322.0,,,,,
2009-03-26,3.76,3.76,3.61,3.61,1300,4693.0,,,,,
2009-03-27,3.61,3.61,3.4,3.4,400,1360.0,,,,,
2009-03-30,3.71,3.71,3.3,3.35,1800,6030.0,,,,,
2009-03-31,3.35,3.35,3.35,3.35,0,0.0,,,,,
2009-04-01,3.61,3.61,3.45,3.45,1000,3450.0,,,,,
2009-04-02,3.61,3.61,3.61,3.61,700,2527.0,,,,,
2009-04-03,3.66,3.82,3.66,3.82,17300,66086.0,,,,,
2009-04-07,3.76,4.07,3.76,4.07,3200,13024.0,,,,,
2009-04-08,3.61,3.82,3.61,3.66,3700,13542.0,,,,,
2009-04-09,3.82,3.82,3.82,3.82,200,764.0,,,,,
2009-04-10,3.97,4.07,3.87,3.97,30400,120688.0,,,,,
2009-04-13,3.71,4.23,3.71,4.23,25700,108711.0,,,,,
2009-04-14,4.43,4.43,3.92,4.23,13300,56259.00000000001,,,,,
2009-04-15,3.97,4.23,3.97,4.23,400,1692.0000000000002,,,,,
2009-04-16,4.33,4.33,4.12,4.12,3300,13596.0,,,,,
2009-04-17,4.12,4.23,3.97,3.97,13300,52801.0,,,,,
2009-04-20,4.12,4.12,3.76,3.76,4400,16544.0,,,,,
2009-04-21,3.92,3.92,3.56,3.92,3200,12544.0,,,,,
2009-04-22,3.87,3.87,3.56,3.56,1800,6408.0,,,,,
2009-04-23,3.45,3.97,3.45,3.97,800,3176.0,,,,,
2009-04-24,4.12,4.12,3.61,3.61,8900,32129.0,,,,,
2009-04-27,3.66,3.87,3.66,3.76,5500,20680.0,,,,,
2009-04-28,3.51,3.82,3.51,3.76,600,2256.0,,,,,
2009-04-29,3.87,3.87,3.45,3.51,3100,10881.0,,,,,
2009-05-04,3.45,3.82,3.45,3.82,5500,21010.0,,,,,
2009-05-05,3.51,4.02,3.51,3.92,7100,27832.0,,,,,
2009-05-06,4.23,4.23,3.82,3.82,6000,22920.0,,,,,
2009-05-07,4.02,4.02,3.61,3.71,700,2597.0,,,,,
2009-05-08,3.56,3.97,3.56,3.82,1300,4966.0,,,,,
2009-05-11,3.45,3.87,3.45,3.76,1000,3760.0,,,,,
2009-05-12,3.82,3.97,3.82,3.97,9500,37715.0,,,,,
2009-05-13,3.71,4.12,3.71,3.92,2900,11368.0,,,,,
2009-05-14,4.18,4.18,3.66,3.97,1500,5955.0,,,,,
2009-05-15,3.76,4.18,3.76,4.07,6400,26048.0,,,,,
2009-05-18,4.12,4.12,4.07,4.07,1800,7326.000000000001,,,,,
2009-05-19,4.23,4.23,4.07,4.18,8400,35112.0,,,,,
2009-05-20,4.23,4.43,4.23,4.43,23900,105877.0,,,,,
2009-05-21,4.49,4.59,4.43,4.59,10600,48654.0,,,,,
2009-05-22,4.85,4.85,4.54,4.85,26100,126585.0,,,,,
2009-05-25,4.9,5.1,4.9,5.1,22500,114750.0,,,,,
2009-05-26,5.41,5.41,5.31,5.41,18900,102249.0,,,,,
2009-05-27,5.77,5.77,5.26,5.57,27300,152061.0,,,,,
2009-05-28,5.26,5.26,5.26,5.26,2800,14728.0,,,,,
2009-05-29,4.9,5.36,4.9,5.16,17200,88752.0,,,,,
2009-06-01,5.05,5.31,5.05,5.31,12000,63719.99999999999,,,,,
2009-06-02,5.62,5.62,5.31,5.47,11900,65093.0,,,,,
2009-06-03,5.41,5.47,5.21,5.41,10800,58428.0,,,,,
2009-06-04,5.41,5.67,5.41,5.62,36500,205130.0,,,,,
2009-06-05,5.88,5.88,5.88,5.88,25700,151116.0,,,,,
2009-06-08,6.24,6.24,6.24,6.24,6300,39312.0,,,,,
2009-06-09,6.65,6.65,5.93,6.65,39500,262675.0,,,,,
2009-06-10,7.12,7.12,6.19,6.19,17600,108944.0,,,,,
2009-06-11,6.29,6.75,6.29,6.75,18100,122175.0,,,,,
2009-06-12,7.17,7.17,6.39,6.81,5200,35412.0,,,,,
2009-06-15,6.7,6.7,6.5,6.5,11300,73450.0,,,,,
2009-06-16,6.75,6.75,6.08,6.14,3400,20876.0,,,,,
2009-06-17,6.08,6.19,5.72,6.19,6100,37759.0,,,,,
2009-06-18,6.03,6.39,6.03,6.39,3800,24282.0,,,,,
2009-06-19,6.55,6.55,5.72,5.72,12500,71500.0,,,,,
2009-06-22,5.72,5.72,5.67,5.67,4300,24381.0,,,,,
2009-06-23,5.93,5.93,5.31,5.31,11900,63188.99999999999,,,,,
2009-06-24,5.67,5.72,5.67,5.72,5600,32032.0,,,,,
2009-06-25,6.08,6.08,5.41,5.41,2800,15148.0,,,,,
2009-06-26,5.93,5.93,5.67,5.83,1900,11077.0,,,,,
2009-06-29,5.67,5.67,5.67,5.67,6700,37989.0,,,,,
2009-06-30,5.47,5.93,5.36,5.93,5800,34394.0,,,,,
2009-07-01,5.16,5.67,5.16,5.67,2800,15876.0,,,,,
2009-07-02,5.57,5.57,5.21,5.52,2600,14351.999999999998,,,,,
2009-07-03,5.77,5.88,5.77,5.88,400,2352.0,,,,,
2009-07-06,6.19,6.19,5.47,5.93,2900,17197.0,,,,,
2009-07-07,6.14,6.14,5.67,5.67,3300,18711.0,,,,,
2009-07-08,5.52,5.67,5.52,5.67,1200,6804.0,,,,,
2009-07-09,5.67,5.67,5.57,5.67,2200,12474.0,,,,,
2009-07-10,5.67,5.67,5.36,5.36,5600,30016.0,,,,,
2009-07-13,5.72,5.72,5.41,5.41,2000,10820.0,,,,,
2009-07-14,5.41,5.57,5.41,5.57,3000,16710.0,,,,,
2009-07-15,5.41,5.52,5.41,5.41,1600,8656.0,,,,,
2009-07-16,5.72,5.72,5.72,5.72,2000,11440.0,,,,,
2009-07-17,5.41,5.41,5.41,5.41,3400,18394.0,,,,,
2009-07-20,5.05,5.1,5.05,5.1,1300,6629.999999999999,,,,,
2009-07-21,4.85,5.16,4.85,4.95,1400,6930.0,,,,,
2009-07-22,5.26,5.26,5.26,5.26,100,526.0,,,,,
2009-07-23,5.57,5.62,5.57,5.62,16000,89920.0,,,,,
2009-07-24,5.98,5.98,5.98,5.98,4900,29302.000000000004,,,,,
2009-07-27,6.39,6.39,5.93,5.98,4000,23920.0,,,,,
2009-07-28,6.03,6.03,5.77,5.77,300,1730.9999999999998,,,,,
2009-07-29,5.57,5.57,5.52,5.52,3600,19872.0,,,,,
2009-07-30,5.67,5.67,5.67,5.67,300,1701.0,,,,,
2009-07-31,5.72,5.72,5.72,5.72,200,1144.0,,,,,
2009-08-03,5.67,5.67,5.62,5.62,1300,7306.0,,,,,
2009-08-04,5.88,5.88,5.67,5.67,900,5103.0,,,,,
2009-08-05,5.67,6.19,5.67,6.19,18300,113277.0,,,,,
2009-08-06,6.55,6.55,6.39,6.55,29600,193880.0,,,,,
2009-08-07,6.96,6.96,6.19,6.55,8300,54365.0,,,,,
2009-08-10,6.24,6.24,6.19,6.19,6300,38997.0,,,,,
2009-08-11,6.19,6.19,5.83,5.93,4100,24313.0,,,,,
2009-08-12,6.14,6.14,5.62,6.03,3900,23517.0,,,,,
2009-08-13,5.83,5.88,5.52,5.52,22700,125304.0,,,,,
2009-08-14,5.93,6.03,5.88,6.03,3500,21105.0,,,,,
2009-08-17,6.24,6.24,6.19,6.19,1400,8666.0,,,,,
2009-08-18,6.19,6.19,6.19,6.19,0,0.0,,,,,
2009-08-19,5.83,5.83,5.77,5.77,16500,95205.0,,,,,
2009-08-20,5.57,5.62,5.52,5.57,7400,41218.0,,,,,
2009-08-21,5.41,5.77,5.41,5.72,4300,24596.0,,,,,
2009-08-24,5.67,5.67,5.67,5.67,800,4536.0,,,,,
2009-08-25,5.41,5.41,5.36,5.41,2400,12984.0,,,,,
2009-08-26,5.67,5.67,5.57,5.57,2200,12254.0,,,,,
2009-08-27,5.67,5.67,5.67,5.67,3300,18711.0,,,,,
2009-08-28,5.67,5.83,5.67,5.83,9300,54219.0,,,,,
2009-08-31,5.98,5.98,5.93,5.93,2400,14232.0,,,,,
2009-09-01,5.83,5.88,5.72,5.88,2500,14700.0,,,,,
2009-09-03,5.72,5.72,5.67,5.67,2300,13041.0,,,,,
2009-09-04,5.57,5.67,5.57,5.57,12900,71853.0,,,,,
2009-09-07,5.88,5.88,5.31,5.31,3700,19647.0,,,,,
2009-09-08,5.72,5.72,5.72,5.72,4100,23452.0,,,,,
2009-09-09,5.83,5.83,5.67,5.67,5300,30051.0,,,,,
2009-09-10,5.77,5.88,5.77,5.83,3000,17490.0,,,,,
2009-09-11,5.83,5.83,5.67,5.67,2700,15309.0,,,,,
2009-09-14,5.52,5.72,5.52,5.67,10100,57267.0,,,,,
2009-09-15,5.67,5.67,5.41,5.67,15900,90153.0,,,,,
2009-09-16,5.77,5.83,5.77,5.83,4500,26235.0,,,,,
2009-09-17,5.83,5.83,5.52,5.62,5700,32034.0,,,,,
2009-09-18,5.57,5.62,5.57,5.62,3200,17984.0,,,,,
2009-09-21,5.52,5.62,5.41,5.41,20900,113069.0,,,,,
2009-09-22,5.67,5.67,5.57,5.57,1300,7241.0,,,,,
2009-09-23,5.57,5.67,5.41,5.57,13000,72410.0,,,,,
2009-09-24,5.41,5.52,5.41,5.52,5200,28704.0,,,,,
2009-09-25,5.47,5.47,5.36,5.47,14000,76580.0,,,,,
2009-09-28,5.52,5.52,5.41,5.41,5800,31378.0,,,,,
2009-09-29,5.47,5.47,5.47,5.47,3300,18051.0,,,,,
2009-09-30,5.47,5.52,5.41,5.41,6100,33001.0,,,,,
2009-10-01,5.52,5.52,5.31,5.36,7900,42344.0,,,,,
2009-10-02,5.31,5.31,5.31,5.31,1000,5310.0,,,,,
2009-10-05,5.31,5.36,5.31,5.36,1300,6968.0,,,,,
2009-10-06,5.36,5.41,5.36,5.41,2200,11902.0,,,,,
2009-10-07,5.41,5.47,5.41,5.47,4300,23521.0,,,,,
2009-10-08,5.47,5.57,5.47,5.57,16400,91348.0,,,,,
2009-10-09,5.67,5.83,5.67,5.77,21100,121747.0,,,,,
2009-10-12,5.83,5.93,5.57,5.83,2200,12826.0,,,,,
2009-10-13,5.77,5.77,5.72,5.72,1600,9152.0,,,,,
2009-10-14,5.77,6.14,5.72,6.14,19500,119730.0,,,,,
2009-10-15,6.34,6.39,6.34,6.39,28000,178920.0,,,,,
2009-10-16,6.55,6.65,6.19,6.19,8000,49520.0,,,,,
2009-10-19,6.81,6.81,6.44,6.81,46400,315984.0,,,,,
2009-10-20,7.17,7.22,6.75,7.22,37300,269306.0,,,,,
2009-10-21,7.17,7.63,7.17,7.63,33800,257894.0,,,,,
2009-10-22,8.09,8.09,7.68,8.09,52500,424725.0,,,,,
2009-10-23,8.4,8.4,7.37,7.37,12600,92862.0,,,,,
2009-10-26,7.37,7.37,7.37,7.37,2100,15477.0,,,,,
2009-10-27,6.86,6.86,6.86,6.86,4000,27440.0,,,,,
2009-10-28,6.39,6.44,6.39,6.39,14700,93933.0,,,,,
2009-10-29,5.98,6.19,5.98,5.98,3000,17940.0,,,,,
2009-10-30,6.24,6.5,6.19,6.5,10000,65000.0,,,,,
2009-11-02,6.81,6.81,5.98,5.98,10000,59800.00000000001,,,,,
2009-11-03,5.77,5.93,5.77,5.93,3000,17790.0,,,,,
2009-11-04,6.19,6.19,6.19,6.19,2500,15475.000000000002,,,,,
2009-11-05,6.24,6.6,6.24,6.6,4100,27060.0,,,,,
2009-11-06,6.81,6.81,6.29,6.29,1700,10693.0,,,,,
2009-11-09,6.34,6.34,6.29,6.29,500,3145.0,,,,,
2009-11-10,5.88,5.88,5.88,5.88,2500,14700.0,,,,,
2009-11-11,5.52,5.88,5.52,5.88,4800,28224.0,,,,,
2009-11-12,6.19,6.19,5.47,5.47,9800,53606.0,,,,,
2009-11-13,6.03,6.03,6.03,6.03,2000,12060.0,,,,,
2009-11-16,5.72,6.39,5.72,6.39,2000,12780.0,,,,,
2009-11-17,6.44,6.44,5.98,6.19,4500,27855.0,,,,,
2009-11-18,6.19,6.19,6.19,6.19,900,5571.0,,,,,
2009-11-19,5.98,5.98,5.98,5.98,800,4784.0,,,,,
2009-11-20,6.03,6.03,6.03,6.03,200,1206.0,,,,,
2009-11-23,5.93,5.93,5.67,5.67,3400,19278.0,,,,,
2009-11-24,5.77,5.93,5.77,5.88,1200,7056.0,,,,,
2009-11-25,5.67,5.67,5.47,5.47,2300,12581.0,,,,,
2009-11-26,5.16,5.16,5.1,5.1,1900,9690.0,,,,,
2009-11-27,4.8,4.85,4.8,4.85,1900,9215.0,,,,,
2009-11-30,4.9,5.1,4.9,5.1,300,1530.0,,,,,
2009-12-01,5.26,5.26,5.26,5.26,4100,21566.0,,,,,
2009-12-02,5.16,5.47,5.16,5.47,700,3829.0,,,,,
2009-12-03,4.95,4.95,4.95,4.95,100,495.0,,,,,
2009-12-04,5.16,5.26,4.95,4.95,1700,8415.0,,,,,
2009-12-07,5.16,5.16,5.16,5.16,100,516.0,,,,,
2009-12-08,5.16,5.16,5.16,5.16,800,4128.0,,,,,
2009-12-09,5.0,5.16,5.0,5.16,2100,10836.0,,,,,
2009-12-10,5.05,5.05,4.8,4.8,1400,6720.0,,,,,
2009-12-11,5.05,5.05,4.9,5.0,700,3500.0,,,,,
2009-12-14,4.9,4.9,4.9,4.9,300,1470.0,,,,,
2009-12-15,4.9,4.9,4.64,4.64,2000,9280.0,,,,,
2009-12-16,4.9,4.9,4.9,4.9,100,490.00000000000006,,,,,
2009-12-17,4.9,4.9,4.9,4.9,0,0.0,,,,,
2009-12-18,5.1,5.1,5.1,5.1,300,1530.0,,,,,
2009-12-21,5.1,5.1,5.1,5.1,0,0.0,,,,,
2009-12-22,4.8,4.8,4.8,4.8,700,3360.0,,,,,
2009-12-23,4.54,4.54,4.54,4.54,100,454.0,,,,,
2009-12-24,4.38,4.38,4.23,4.23,4300,18189.000000000004,,,,,
2009-12-25,4.54,4.54,4.54,4.54,2600,11804.0,,,,,
2009-12-28,4.85,4.85,4.64,4.85,5100,24735.0,,,,,
2009-12-29,4.85,5.05,4.85,5.0,11400,57000.0,,,,,
2009-12-30,5.16,5.21,5.0,5.16,1800,9288.0,,,,,
2009-12-31,4.95,4.95,4.95,4.95,1300,6435.0,,,,,
2010-01-04,5.16,5.26,5.16,5.26,1600,8416.0,,,,,
2010-01-05,5.31,5.31,5.21,5.21,3300,17193.0,,,,,
2010-01-06,4.95,5.21,4.95,5.21,2700,14067.0,,,,,
2010-01-07,5.16,5.16,5.16,5.16,100,516.0,,,,,
2010-01-08,5.16,5.16,4.8,4.9,5300,25970.000000000004,,,,,
2010-01-11,5.16,5.16,5.16,5.16,700,3612.0,,,,,
2010-01-12,5.05,5.05,5.05,5.05,500,2525.0,,,,,
2010-01-13,5.16,5.16,5.16,5.16,200,1032.0,,,,,
2010-01-14,5.26,5.26,5.1,5.1,1200,6120.0,,,,,
2010-01-15,4.8,4.8,4.8,4.8,800,3840.0,,,,,
2010-01-18,4.54,4.54,4.54,4.54,700,3178.0,,,,,
2010-01-19,4.64,4.64,4.64,4.64,100,464.0,,,,,
2010-01-20,4.69,4.69,4.64,4.64,700,3248.0,,,,,
2010-01-21,4.54,4.54,4.54,4.54,300,1362.0,,,,,
2010-01-22,4.59,4.59,4.59,4.59,1400,6426.0,,,,,
2010-01-25,4.59,4.59,4.59,4.59,0,0.0,,,,,
2010-01-26,4.8,4.85,4.8,4.85,1600,7759.999999999999,,,,,
2010-01-27,4.85,4.85,4.85,4.85,0,0.0,,,,,
2010-01-28,4.64,4.64,4.54,4.64,3000,13919.999999999998,,,,,
2010-01-29,4.9,4.9,4.85,4.9,4400,21560.0,,,,,
2010-02-01,5.16,5.21,5.16,5.21,6700,34907.0,,,,,
2010-02-02,5.21,5.21,5.21,5.21,0,0.0,,,,,
2010-02-03,5.32,5.32,5.32,5.32,100,532.0,,,,,
2010-02-04,5.32,5.32,5.32,5.32,0,0.0,,,,,
2010-02-05,5.09,5.09,5.09,5.09,500,2545.0,,,,,
2010-02-08,5.09,5.09,5.09,5.09,0,0.0,,,,,
2010-02-09,4.75,4.81,4.75,4.75,1100,5225.0,,,,,
2010-02-10,4.64,4.64,4.64,4.64,1300,6032.0,,,,,
2010-02-11,4.92,4.92,4.92,4.92,100,492.0,,,,,
2010-02-12,4.92,4.92,4.92,4.92,0,0.0,,,,,
2010-02-22,5.26,5.26,5.26,5.26,100,526.0,,,,,
2010-02-23,5.21,5.21,5.21,5.21,500,2605.0,,,,,
2010-02-24,5.09,5.09,5.04,5.09,3900,19851.0,,,,,
2010-02-25,5.09,5.09,5.09,5.09,0,0.0,,,,,
2010-02-26,4.87,5.09,4.87,5.09,1600,8144.0,,,,,
2010-03-01,5.09,5.09,5.09,5.09,0,0.0,,,,,
2010-03-02,4.87,4.87,4.87,4.87,100,487.0,,,,,
2010-03-03,4.87,4.87,4.87,4.87,100,487.0,,,,,
2010-03-04,5.09,5.09,4.64,4.64,2000,9280.0,,,,,
2010-03-05,4.7,4.81,4.7,4.81,2600,12505.999999999998,,,,,
2010-03-08,4.92,4.98,4.87,4.98,5000,24900.000000000004,,,,,
2010-03-09,5.04,5.04,4.98,4.98,1400,6972.000000000001,,,,,
2010-03-10,4.98,4.98,4.98,4.98,0,0.0,,,,,
2010-03-11,4.98,4.98,4.98,4.98,300,1494.0000000000002,,,,,
2010-03-12,4.98,5.09,4.98,5.09,1000,5090.0,,,,,
2010-03-15,5.09,5.09,5.04,5.09,3800,19342.0,,,,,
2010-03-16,5.09,5.09,5.09,5.09,100,509.0,,,,,
2010-03-17,5.15,5.15,5.15,5.15,100,515.0,,,,,
2010-03-18,5.15,5.15,4.81,5.04,2100,10584.0,,,,,
2010-03-19,5.04,5.09,5.04,5.04,2300,11592.0,,,,,
2010-03-22,4.98,4.98,4.98,4.98,100,498.00000000000006,,,,,
2010-03-23,5.09,5.21,5.09,5.09,3900,19851.0,,,,,
2010-03-24,5.15,5.21,5.15,5.15,9700,49955.0,,,,,
2010-03-25,5.09,5.09,5.09,5.09,1600,8144.0,,,,,
2010-03-26,5.15,5.15,5.04,5.04,8500,42840.0,,,,,
2010-03-29,5.09,5.15,5.09,5.09,6100,31049.0,,,,,
2010-03-30,5.09,5.09,5.09,5.09,0,0.0,,,,,
2010-03-31,5.04,5.04,4.98,5.04,3500,17640.0,,,,,
2010-04-01,5.04,5.04,5.04,5.04,0,0.0,,,,,
2010-04-02,5.09,5.09,5.09,5.09,100,509.0,,,,,
2010-04-05,5.09,5.09,5.09,5.09,1100,5599.0,,,,,
2010-04-06,4.92,5.09,4.81,5.09,1500,7635.0,,,,,
2010-04-07,4.87,4.87,4.87,4.87,100,487.0,,,,,
2010-04-08,4.87,5.21,4.87,5.21,10700,55747.0,,,,,
2010-04-09,5.21,5.21,5.09,5.21,3500,18235.0,,,,,
2010-04-12,5.43,5.55,4.98,5.21,5300,27613.0,,,,,
2010-04-13,5.32,5.38,5.09,5.38,4100,22058.0,,,,,
2010-04-14,5.15,5.32,5.15,5.32,1500,7980.0,,,,,
2010-04-15,5.43,5.49,5.43,5.49,21200,116388.0,,,,,
2010-04-16,5.83,5.83,5.49,5.66,5900,33394.0,,,,,
2010-04-19,6.0,6.06,5.83,6.06,15300,92718.0,,,,,
2010-04-20,6.17,6.4,6.17,6.4,10200,65280.0,,,,,
2010-04-21,6.74,6.74,6.74,6.74,7200,48528.0,,,,,
2010-04-22,7.08,7.19,6.34,7.19,72700,522713.0,,,,,
2010-04-26,7.58,7.58,7.58,7.58,35700,270606.0,,,,,
2010-04-27,8.09,8.09,7.64,8.09,28700,232183.0,,,,,
2010-04-28,8.32,8.49,8.09,8.49,20200,171498.0,,,,,
2010-04-29,8.49,9.0,8.21,9.0,26300,236700.0,,,,,
2010-05-04,9.45,9.45,9.45,9.45,3700,34965.0,,,,,
2010-05-05,10.08,10.08,10.08,10.08,8500,85680.0,,,,,
2010-05-06,10.75,10.75,10.47,10.75,74100,796575.0,,,,,
2010-05-07,11.49,11.49,11.04,11.49,46400,533136.0,,,,,
2010-05-10,12.11,12.11,12.11,12.11,12800,155008.0,,,,,
2010-05-11,12.91,12.91,12.91,12.91,15000,193650.0,,,,,
2010-05-12,13.75,13.75,12.06,12.06,34200,412452.0,,,,,
2010-05-13,12.51,12.51,12.51,12.51,2600,32526.0,,,,,
2010-05-14,11.66,11.66,11.66,11.66,1000,11660.0,,,,,
2010-05-17,10.87,10.87,10.87,10.87,2100,22827.0,,,,,
2010-05-18,10.13,10.13,10.13,10.13,1300,13169.000000000002,,,,,
2010-05-19,9.45,9.45,9.45,9.45,700,6614.999999999999,,,,,
2010-05-20,9.45,9.45,9.45,9.45,0,0.0,,,,,
2010-05-21,8.83,8.83,8.83,8.83,100,883.0,,,,,
2010-05-24,8.26,8.26,8.26,8.26,200,1652.0,,,,,
2010-05-25,7.7,7.7,7.7,7.7,12100,93170.0,,,,,
2010-05-26,7.19,8.21,7.19,8.09,90100,728909.0,,,,,
2010-05-27,7.7,7.7,7.7,7.7,51900,399630.0,,,,,
2010-05-28,8.21,8.21,8.15,8.21,86200,707702.0000000001,,,,,
2010-05-31,8.77,8.77,7.92,7.92,34200,270864.0,,,,,
2010-06-01,7.92,7.92,7.75,7.92,41800,331056.0,,,,,
2010-06-02,7.3,7.81,7.3,7.3,55100,402230.0,,,,,
2010-06-03,7.53,7.81,7.36,7.64,23400,178776.0,,,,,
2010-06-04,7.81,7.81,7.36,7.36,700,5152.0,,,,,
2010-06-07,7.08,7.08,7.08,7.08,11500,81420.0,,,,,
2010-06-08,6.62,7.36,6.62,7.36,27000,198720.0,,,,,
2010-06-09,6.85,7.36,6.57,6.57,17700,116289.0,,,,,
2010-06-10,7.08,7.08,6.45,7.08,27400,193992.0,,,,,
2010-06-11,7.53,7.53,7.53,7.53,8300,62499.0,,,,,
2010-06-14,8.04,8.04,7.92,8.04,68400,549935.9999999999,,,,,
2010-06-15,8.49,8.49,7.53,7.81,32000,249920.0,,,,,
2010-06-16,7.7,8.09,7.7,8.09,55000,444950.0,,,,,
2010-06-17,8.38,8.38,7.98,8.09,39900,322791.0,,,,,
2010-06-18,8.21,8.21,7.75,7.98,21700,173166.0,,,,,
2010-06-21,7.87,8.32,7.87,8.32,100300,834496.0,,,,,
2010-06-22,8.43,8.49,7.87,7.98,11500,91770.0,,,,,
2010-06-23,7.64,8.15,7.64,7.92,9000,71280.0,,,,,
2010-06-24,7.92,8.04,7.47,7.64,34900,266636.0,,,,,
2010-06-25,7.53,7.58,7.3,7.36,25300,186208.0,,,,,
2010-06-28,7.36,7.7,7.36,7.7,12700,97790.0,,,,,
2010-06-29,7.92,8.09,7.92,8.04,36400,292655.99999999994,,,,,
2010-06-30,7.58,7.92,7.53,7.92,17100,135432.0,,,,,
2010-07-01,7.58,8.09,7.58,8.09,24700,199823.0,,,,,
2010-07-02,7.92,8.21,7.87,7.98,21000,167580.0,,,,,
2010-07-05,8.26,8.26,7.64,8.04,16300,131052.0,,,,,
2010-07-06,7.92,7.92,7.64,7.64,6900,52716.0,,,,,
2010-07-07,7.87,7.87,7.42,7.42,9100,67522.0,,,,,
2010-07-08,7.75,7.81,7.25,7.36,30900,227424.0,,,,,
2010-07-09,7.58,7.75,7.36,7.75,4600,35650.0,,,,,
2010-07-12,7.64,7.87,7.64,7.87,1400,11018.0,,,,,
2010-07-13,7.98,7.98,7.7,7.7,8500,65450.0,,,,,
2010-07-14,7.87,8.21,7.87,8.09,53900,436051.0,,,,,
2010-07-15,8.09,8.66,8.09,8.66,143400,1241844.0,,,,,
2010-07-16,9.0,9.17,9.0,9.17,177300,1625841.0,,,,,
2010-07-19,9.74,9.79,9.45,9.79,90300,884036.9999999999,,,,,
2010-07-20,10.08,10.3,9.06,9.06,75200,681312.0,,,,,
2010-07-21,8.66,8.77,8.6,8.6,44400,381840.0,,,,,
2010-07-22,8.09,8.72,8.09,8.32,43400,361088.0,,,,,
2010-07-23,8.89,8.89,8.32,8.66,26400,228624.0,,,,,
2010-07-26,8.72,8.72,8.21,8.21,11900,97699.0,,,,,
2010-07-27,8.6,8.6,8.09,8.21,14200,116582.0,,,,,
2010-07-28,8.49,8.49,7.92,8.09,5300,42877.0,,,,,
2010-07-29,8.38,8.38,7.98,8.32,9100,75712.0,,,,,
2010-07-30,8.55,8.83,8.21,8.38,9900,82962.00000000001,,,,,
2010-08-02,7.92,8.72,7.92,7.92,30200,239184.0,,,,,
2010-08-03,8.26,8.26,7.64,7.75,17000,131750.0,,,,,
2010-08-04,8.21,8.21,7.53,7.92,15400,121968.0,,,,,
2010-08-05,8.21,8.21,7.75,7.75,5300,41075.0,,,,,
2010-08-06,7.92,8.26,7.53,8.21,17800,146138.00000000003,,,,,
2010-08-09,7.98,7.98,7.53,7.58,25600,194048.0,,,,,
2010-08-10,7.64,7.64,7.08,7.25,32200,233450.0,,,,,
2010-08-11,7.3,7.47,7.08,7.36,12800,94208.0,,,,,
2010-08-12,6.85,6.85,6.85,6.85,11100,76035.0,,,,,
2010-08-13,6.74,6.91,6.4,6.91,22600,156166.0,,,,,
2010-08-16,6.79,6.96,6.51,6.79,34700,235613.0,,,,,
2010-08-17,6.85,6.91,6.74,6.74,6700,45158.0,,,,,
2010-08-18,6.57,6.79,6.57,6.57,1100,7227.0,,,,,
2010-08-19,6.45,6.96,6.45,6.91,500,3455.0,,,,,
2010-08-20,6.57,6.57,6.34,6.34,3400,21556.0,,,,,
2010-08-23,6.4,6.4,6.11,6.11,4300,26273.0,,,,,
2010-08-24,5.83,5.83,5.77,5.77,15300,88281.0,,,,,
2010-08-25,5.43,5.43,5.43,5.43,3700,20091.0,,,,,
2010-08-26,5.09,5.49,5.09,5.43,12800,69504.0,,,,,
2010-08-27,4.92,5.26,4.87,4.92,15000,73800.0,,,,,
2010-08-30,5.26,5.26,5.26,5.26,8300,43658.0,,,,,
2010-08-31,5.49,5.6,5.43,5.6,28600,160160.0,,,,,
2010-09-01,5.83,5.89,5.32,5.83,16600,96778.0,,,,,
2010-09-06,6.0,6.06,5.77,6.06,39100,236946.0,,,,,
2010-09-07,6.23,6.23,5.66,5.77,8400,48468.0,,,,,
2010-09-08,5.55,5.66,5.49,5.66,20100,113766.0,,,,,
2010-09-09,5.66,5.89,5.66,5.89,14500,85405.0,,,,,
2010-09-10,6.23,6.23,5.66,5.77,13500,77895.0,,,,,
2010-09-13,5.94,5.94,5.55,5.55,9000,49950.0,,,,,
2010-09-14,5.94,5.94,5.55,5.77,9300,53660.99999999999,,,,,
2010-09-15,6.17,6.17,5.66,5.66,3800,21508.0,,,,,
2010-09-16,5.66,5.89,5.66,5.83,1200,6996.0,,,,,
2010-09-17,5.83,5.94,5.66,5.94,23100,137214.0,,,,,
2010-09-20,5.66,5.83,5.66,5.66,18200,103012.0,,,,,
2010-09-21,6.0,6.0,5.66,5.66,15600,88296.0,,,,,
2010-09-22,5.66,5.72,5.66,5.72,1900,10868.0,,,,,
2010-09-23,5.55,5.66,5.55,5.55,7000,38850.0,,,,,
2010-09-24,5.89,5.89,5.26,5.38,10500,56490.0,,,,,
2010-09-27,5.38,5.66,5.38,5.49,4100,22509.0,,,,,
2010-09-28,5.43,5.66,5.43,5.66,16200,91692.0,,,,,
2010-09-29,5.38,5.38,5.32,5.32,10700,56924.0,,,,,
2010-09-30,5.21,5.55,5.09,5.32,4700,25004.0,,,,,
2010-10-01,5.43,5.43,5.38,5.38,10000,53800.0,,,,,
2010-10-04,5.66,5.66,5.15,5.15,5000,25750.0,,,,,
2010-10-05,5.43,5.43,5.43,5.43,400,2172.0,,,,,
2010-10-06,5.26,5.43,5.26,5.38,10100,54338.0,,,,,
2010-10-07,5.49,5.49,5.21,5.21,4100,21361.0,,,,,
2010-10-08,5.49,5.49,5.49,5.49,100,549.0,,,,,
2010-10-11,5.21,5.21,5.15,5.15,2500,12875.0,,,,,
2010-10-12,5.15,5.15,4.81,4.81,15400,74074.0,,,,,
2010-10-13,5.04,5.04,4.98,4.98,800,3984.000000000001,,,,,
2010-10-14,5.32,5.32,4.7,4.7,10600,49820.0,,,,,
2010-10-15,5.04,5.04,4.87,4.87,9500,46265.0,,,,,
2010-10-18,5.09,5.09,4.87,4.87,1400,6818.0,,,,,
2010-10-19,5.15,5.15,4.75,4.75,15500,73625.0,,,,,
2010-10-20,4.58,4.58,4.53,4.53,9700,43941.0,,,,,
2010-10-21,4.81,4.81,4.3,4.53,10000,45300.0,,,,,
2010-10-22,4.64,4.64,4.3,4.3,1300,5590.0,,,,,
2010-10-25,4.53,4.53,4.08,4.25,30300,128775.0,,,,,
2010-10-26,4.47,4.53,4.47,4.53,17100,77463.0,,,,,
2010-10-27,4.3,4.3,4.3,4.3,3400,14620.0,,,,,
2010-10-28,4.53,4.53,4.3,4.3,1500,6450.0,,,,,
2010-10-29,4.53,4.53,4.3,4.3,2500,10750.0,,,,,
2010-11-01,4.13,4.19,4.13,4.19,3500,14665.000000000002,,,,,
2010-11-02,4.19,4.19,4.19,4.19,1600,6704.000000000001,,,,,
2010-11-03,4.13,4.13,4.02,4.02,9400,37787.99999999999,,,,,
2010-11-04,4.02,4.19,3.96,4.08,10600,43248.0,,,,,
2010-11-05,4.13,4.13,4.02,4.08,6800,27744.0,,,,,
2010-11-08,4.08,4.08,4.08,4.08,0,0.0,,,,,
2010-11-09,4.25,4.25,4.13,4.13,400,1652.0,,,,,
2010-11-10,3.96,4.08,3.96,4.08,7200,29376.0,,,,,
2010-11-11,3.96,3.96,3.79,3.79,4100,15539.0,,,,,
2010-11-12,3.74,3.85,3.68,3.85,8100,31185.0,,,,,
2010-11-15,3.96,3.96,3.51,3.74,22800,85272.0,,,,,
2010-11-16,3.68,3.68,3.57,3.57,11500,41055.0,,,,,
2010-11-17,3.57,3.62,3.51,3.62,7400,26788.0,,,,,
2010-11-18,3.74,3.74,3.62,3.74,7700,28798.0,,,,,
2010-11-19,3.68,3.68,3.68,3.68,1200,4416.0,,,,,
2010-11-22,3.68,3.68,3.51,3.51,2600,9126.0,,,,,
2010-11-23,3.57,3.68,3.57,3.68,1100,4048.0,,,,,
2010-11-24,3.57,3.62,3.45,3.51,5500,19305.0,,,,,
2010-11-25,3.62,3.74,3.62,3.74,8600,32164.000000000004,,,,,
2010-11-26,3.74,3.91,3.74,3.91,3800,14858.0,,,,,
2010-11-29,3.91,4.02,3.91,4.02,4900,19698.0,,,,,
2010-11-30,4.13,4.19,4.13,4.13,17700,73101.0,,,,,
2010-12-01,4.08,4.25,3.96,4.25,10500,44625.0,,,,,
2010-12-02,4.02,4.25,4.02,4.25,21700,92225.0,,,,,
2010-12-03,4.47,4.47,4.47,4.47,6700,29949.0,,,,,
2010-12-06,4.75,4.75,4.53,4.75,16800,79800.0,,,,,
2010-12-07,4.75,4.98,4.64,4.7,7400,34780.0,,,,,
2010-12-08,4.53,4.53,4.42,4.42,4600,20332.0,,,,,
2010-12-09,4.3,4.53,4.25,4.42,16100,71162.0,,,,,
2010-12-10,4.42,4.64,4.42,4.64,1200,5568.0,,,,,
2010-12-13,4.7,4.7,4.58,4.7,5600,26320.0,,,,,
2010-12-14,4.75,4.75,4.47,4.47,5600,25032.0,,,,,
2010-12-15,4.36,4.36,4.3,4.3,5000,21500.0,,,,,
2010-12-16,4.53,4.53,4.13,4.13,5100,21063.0,,,,,
2010-12-17,4.13,4.13,4.13,4.13,0,0.0,,,,,
2010-12-20,4.42,4.42,4.42,4.42,100,442.0,,,,,
2010-12-21,4.19,4.19,4.19,4.19,100,419.00000000000006,,,,,
2010-12-22,4.19,4.19,4.13,4.13,1000,4130.0,,,,,
2010-12-23,4.42,4.42,4.42,4.42,100,442.0,,,,,
2010-12-24,4.53,4.53,4.53,4.53,100,453.0,,,,,
2010-12-27,4.7,4.7,4.53,4.58,3100,14198.0,,,,,
2010-12-28,4.58,4.58,4.58,4.58,0,0.0,,,,,
2010-12-29,4.58,4.58,4.58,4.58,100,458.0,,,,,
2010-12-30,4.42,4.42,4.42,4.42,5600,24752.0,,,,,
2010-12-31,4.47,4.47,4.47,4.47,200,894.0,,,,,
2011-01-04,4.75,4.75,4.64,4.64,400,1856.0,,,,,
2011-01-05,4.64,4.64,4.64,4.64,0,0.0,,,,,
2011-01-06,4.64,4.64,4.64,4.64,19800,91872.0,,,,,
2011-01-07,4.42,4.42,4.42,4.42,500,2210.0,,,,,
2011-01-10,4.42,4.42,4.42,4.42,0,0.0,,,,,
2011-01-11,4.13,4.19,4.13,4.19,1500,6285.000000000001,,,,,
2011-01-12,4.25,4.36,4.25,4.36,5900,25724.000000000004,,,,,
2011-01-13,4.64,4.64,4.64,4.64,100,464.0,,,,,
2011-01-14,4.53,4.53,4.53,4.53,1500,6795.0,,,,,
2011-01-17,4.36,4.36,4.3,4.3,1500,6450.0,,,,,
2011-01-18,4.3,4.3,4.3,4.3,0,0.0,,,,,
2011-01-19,4.3,4.3,4.3,4.3,0,0.0,,,,,
2011-01-20,4.3,4.3,4.08,4.08,2700,11016.0,,,,,
2011-01-21,3.96,4.3,3.96,4.3,300,1290.0,,,,,
2011-01-24,4.3,4.3,4.3,4.3,0,0.0,,,,,
2011-01-25,4.25,4.25,4.25,4.25,100,425.0,,,,,
2011-01-26,4.36,4.36,4.02,4.02,700,2813.9999999999995,,,,,
2011-01-27,4.25,4.25,4.25,4.25,5500,23375.0,,,,,
2011-01-28,4.3,4.3,4.3,4.3,2600,11180.0,,,,,
2011-02-08,4.3,4.3,4.3,4.3,0,0.0,,,,,
2011-02-09,4.19,4.19,4.19,4.19,300,1257.0000000000002,,,,,
2011-02-10,4.3,4.3,4.3,4.3,300,1290.0,,,,,
2011-02-11,4.08,4.08,4.08,4.08,1000,4080.0,,,,,
2011-02-14,4.08,4.08,4.08,4.08,3200,13056.0,,,,,
2011-02-15,3.96,3.96,3.91,3.91,800,3128.0,,,,,
2011-02-16,3.91,3.91,3.91,3.91,600,2346.0,,,,,
2011-02-17,3.85,3.85,3.79,3.79,800,3032.0,,,,,
2011-02-18,3.62,3.62,3.57,3.62,500,1810.0,,,,,
2011-02-21,3.51,3.85,3.51,3.85,1100,4235.0,,,,,
2011-02-22,3.79,3.79,3.62,3.62,300,1086.0,,,,,
2011-02-23,3.91,3.91,3.74,3.74,1500,5610.0,,,,,
2011-02-24,3.85,3.91,3.51,3.51,12400,43524.0,,,,,
2011-02-25,3.85,3.85,3.85,3.85,100,385.0,,,,,
2011-02-28,3.85,3.85,3.68,3.68,2400,8832.0,,,,,
2011-03-01,3.62,3.62,3.62,3.62,400,1448.0,,,,,
2011-03-02,3.51,3.62,3.45,3.45,1800,6210.0,,,,,
2011-03-03,3.4,3.4,3.4,3.4,500,1700.0,,,,,
2011-03-04,3.4,3.45,3.4,3.45,1600,5520.0,,,,,
2011-03-07,3.68,3.68,3.68,3.68,100,368.0,,,,,
2011-03-08,3.68,3.68,3.68,3.68,0,0.0,,,,,
2011-03-09,3.45,3.51,3.45,3.45,2700,9315.0,,,,,
2011-03-10,3.62,3.62,3.62,3.62,300,1086.0,,,,,
2011-03-11,3.68,3.68,3.51,3.51,2700,9477.0,,,,,
2011-03-14,3.51,3.51,3.51,3.51,0,0.0,,,,,
2011-03-15,3.57,3.57,3.57,3.57,100,357.0,,,,,
2011-03-16,3.57,3.57,3.57,3.57,0,0.0,,,,,
2011-03-17,3.57,3.57,3.57,3.57,0,0.0,,,,,
2011-03-18,3.45,3.45,3.45,3.45,900,3105.0,,,,,
2011-03-21,3.45,3.45,3.45,3.45,0,0.0,,,,,
2011-03-22,3.45,3.45,3.45,3.45,0,0.0,,,,,
2011-03-23,3.45,3.45,3.45,3.45,0,0.0,,,,,
2011-03-24,3.34,3.34,3.34,3.34,100,334.0,,,,,
2011-03-25,3.34,3.34,3.34,3.34,0,0.0,,,,,
2011-03-28,3.4,3.51,3.4,3.4,3800,12920.0,,,,,
2011-03-29,3.4,3.62,3.4,3.57,3800,13566.0,,,,,
2011-03-30,3.28,3.51,3.28,3.51,1200,4212.0,,,,,
2011-03-31,3.51,3.51,3.4,3.4,1000,3400.0,,,,,
2011-04-01,3.45,3.45,3.45,3.45,100,345.0,,,,,
2011-04-04,3.23,3.23,3.23,3.23,3200,10336.0,,,,,
2011-04-05,3.4,3.4,3.4,3.4,100,340.0,,,,,
2011-04-06,3.4,3.4,3.23,3.23,4900,15827.0,,,,,
2011-04-07,3.11,3.11,3.06,3.11,4500,13995.0,,,,,
2011-04-08,2.94,3.28,2.94,2.94,7300,21462.0,,,,,
2011-04-13,2.89,3.0,2.89,2.89,1200,3468.0,,,,,
2011-04-14,2.89,2.89,2.89,2.89,2000,5780.0,,,,,
2011-04-15,2.89,2.89,2.89,2.89,0,0.0,,,,,
2011-04-18,3.06,3.06,2.83,2.83,2600,7358.0,,,,,
2011-04-19,2.89,2.89,2.89,2.89,300,867.0,,,,,
2011-04-20,2.94,3.0,2.94,3.0,3200,9600.0,,,,,
2011-04-21,3.06,3.06,3.06,3.06,100,306.0,,,,,
2011-04-22,2.94,2.94,2.89,2.89,1900,5491.0,,,,,
2011-04-25,2.89,2.89,2.89,2.89,600,1734.0,,,,,
2011-04-26,2.89,2.89,2.89,2.89,0,0.0,,,,,
2011-04-27,2.89,2.89,2.89,2.89,0,0.0,,,,,
2011-04-28,2.94,2.94,2.94,2.94,1100,3234.0,,,,,
2011-04-29,3.0,3.0,3.0,3.0,100,300.0,,,,,
2011-05-04,2.89,2.89,2.83,2.83,1400,3962.0,,,,,
2011-05-05,2.89,2.89,2.89,2.89,500,1445.0,,,,,
2011-05-06,2.89,2.89,2.89,2.89,0,0.0,,,,,
2011-05-09,2.83,2.83,2.83,2.83,1500,4245.0,,,,,
2011-05-10,2.72,2.72,2.66,2.66,900,2394.0,,,,,
2011-05-11,2.6,2.6,2.6,2.6,2100,5460.0,,,,,
2011-05-12,2.77,2.77,2.77,2.77,1300,3601.0,,,,,
2011-05-13,2.94,2.94,2.94,2.94,100,294.0,,,,,
2011-05-16,3.11,3.11,3.11,3.11,100,311.0,,,,,
2011-05-17,3.11,3.11,3.11,3.11,0,0.0,,,,,
2011-05-18,2.94,2.94,2.94,2.94,700,2058.0,,,,,
2011-05-19,2.94,2.94,2.94,2.94,300,882.0,,,,,
2011-05-20,2.94,2.94,2.94,2.94,0,0.0,,,,,
2011-05-23,2.94,2.94,2.94,2.94,0,0.0,,,,,
2011-05-24,2.94,2.94,2.94,2.94,0,0.0,,,,,
2011-05-25,2.94,2.94,2.94,2.94,0,0.0,,,,,
2011-05-26,3.11,3.11,3.0,3.06,1600,4896.0,,,,,
2011-05-27,3.06,3.06,3.06,3.06,0,0.0,,,,,
2011-05-30,3.06,3.06,3.06,3.06,0,0.0,,,,,
2011-05-31,2.83,2.83,2.83,2.83,300,849.0,,,,,
2011-06-01,2.66,2.72,2.66,2.66,2100,5586.0,,,,,
2011-06-02,2.83,2.83,2.83,2.83,1400,3962.0,,,,,
2011-06-03,2.66,2.66,2.66,2.66,500,1330.0,,,,,
2011-06-06,2.84,2.84,2.84,2.84,0,0.0,,,,,
2011-06-07,2.84,2.84,2.84,2.84,0,0.0,,,,,
2011-06-08,2.66,2.84,2.66,2.66,3600,9576.0,,,,,
2011-06-09,2.72,2.72,2.72,2.72,1500,4080.000000000001,,,,,
2011-06-10,2.84,2.9,2.84,2.9,6700,19430.0,,,,,
2011-06-13,2.72,3.08,2.72,3.08,400,1232.0,,,,,
2011-06-14,3.08,3.2,3.08,3.14,500,1570.0,,,,,
2011-06-15,3.14,3.14,3.02,3.02,2500,7550.0,,,,,
2011-06-16,3.02,3.02,3.02,3.02,600,1812.0,,,,,
2011-06-17,2.84,2.84,2.84,2.84,1500,4260.0,,,,,
2011-06-20,2.66,2.66,2.66,2.66,100,266.0,,,,,
2011-06-21,2.54,2.72,2.54,2.72,2800,7616.000000000001,,,,,
2011-06-22,2.78,2.78,2.78,2.78,500,1390.0,,,,,
2011-06-23,2.78,2.78,2.6,2.66,1500,3990.0,,,,,
2011-06-24,2.54,2.72,2.48,2.66,1200,3192.0,,,,,
2011-06-27,2.48,2.48,2.42,2.42,300,726.0,,,,,
2011-06-28,2.54,2.54,2.54,2.54,2700,6858.0,,,,,
2011-06-29,2.6,2.66,2.6,2.66,900,2394.0,,,,,
2011-06-30,2.66,2.66,2.66,2.66,700,1862.0,,,,,
2011-07-01,2.66,2.84,2.66,2.84,500,1420.0,,,,,
2011-07-04,2.66,2.66,2.66,2.66,1500,3990.0,,,,,
2011-07-05,2.66,2.84,2.66,2.78,1600,4448.0,,,,,
2011-07-06,2.72,2.72,2.72,2.72,100,272.0,,,,,
2011-07-07,2.72,2.72,2.72,2.72,0,0.0,,,,,
2011-07-08,2.72,2.72,2.72,2.72,1000,2720.0,,,,,
2011-07-11,2.6,2.6,2.6,2.6,100,260.0,,,,,
2011-07-12,2.6,2.6,2.6,2.6,0,0.0,,,,,
2011-07-13,2.6,2.6,2.6,2.6,0,0.0,,,,,
2011-07-14,2.42,2.42,2.42,2.42,700,1694.0,,,,,
2011-07-15,2.42,2.42,2.3,2.36,3600,8496.0,,,,,
2011-07-18,2.42,2.42,2.42,2.42,1600,3872.0,,,,,
2011-07-19,2.54,2.54,2.42,2.42,1100,2662.0,,,,,
2011-07-20,2.54,2.54,2.54,2.54,100,254.0,,,,,
2011-07-21,2.54,2.54,2.54,2.54,0,0.0,,,,,
2011-07-22,2.48,2.48,2.42,2.42,2200,5324.0,,,,,
2011-07-25,2.42,2.42,2.42,2.42,1700,4114.0,,,,,
2011-07-26,2.42,2.42,2.42,2.42,0,0.0,,,,,
2011-07-27,2.48,2.54,2.3,2.3,600,1380.0,,,,,
2011-07-28,2.36,2.36,2.36,2.36,1000,2360.0,,,,,
2011-07-29,2.3,2.3,2.3,2.3,200,460.0,,,,,
2011-08-01,2.3,2.3,2.3,2.3,0,0.0,,,,,
2011-08-02,2.3,2.3,2.3,2.3,0,0.0,,,,,
2011-08-03,2.3,2.3,2.3,2.3,0,0.0,,,,,
2011-08-04,2.42,2.42,2.42,2.42,1200,2904.0,,,,,
2011-08-05,2.3,2.3,2.3,2.3,200,460.0,,,,,
2011-08-08,2.3,2.3,2.3,2.3,0,0.0,,,,,
2011-08-09,2.18,2.18,2.18,2.18,100,218.00000000000003,,,,,
2011-08-10,2.3,2.3,2.3,2.3,300,690.0,,,,,
2011-08-11,2.3,2.3,2.3,2.3,0,0.0,,,,,
2011-08-12,2.18,2.42,2.18,2.42,200,484.0,,,,,
2011-08-15,2.42,2.42,2.42,2.42,0,0.0,,,,,
2011-08-16,2.24,2.24,2.24,2.24,600,1344.0000000000002,,,,,
2011-08-17,2.36,2.36,2.36,2.36,300,708.0,,,,,
2011-08-18,2.24,2.36,2.24,2.36,1700,4012.0,,,,,
2011-08-19,2.36,2.36,2.36,2.36,0,0.0,,,,,
2011-08-22,2.48,2.48,2.48,2.48,600,1488.0,,,,,
2011-08-23,2.36,2.36,2.36,2.36,100,236.0,,,,,
2011-08-24,2.36,2.36,2.36,2.36,0,0.0,,,,,
2011-08-25,2.36,2.36,2.36,2.36,0,0.0,,,,,
2011-08-26,2.36,2.36,2.36,2.36,0,0.0,,,,,
2011-08-29,2.24,2.36,2.24,2.36,2000,4720.0,,,,,
2011-08-30,2.42,2.42,2.36,2.36,5100,12036.0,,,,,
2011-08-31,2.36,2.36,2.36,2.36,100,236.0,,,,,
2011-09-01,2.24,2.48,2.24,2.48,4700,11656.0,,,,,
2011-09-05,2.18,2.36,2.18,2.36,600,1416.0,,,,,
2011-09-06,2.24,2.42,2.24,2.42,700,1694.0,,,,,
2011-09-07,2.54,2.54,2.54,2.54,3700,9398.0,,,,,
2011-09-08,2.6,2.66,2.54,2.66,7800,20748.0,,,,,
2011-09-09,2.48,2.78,2.48,2.78,700,1946.0,,,,,
2011-09-12,2.54,2.84,2.54,2.84,3100,8804.0,,,,,
2011-09-13,2.96,2.96,2.96,2.96,6200,18352.0,,,,,
2011-09-14,3.14,3.14,2.9,2.9,3700,10730.0,,,,,
2011-09-15,2.84,2.84,2.78,2.84,6300,17892.0,,,,,
2011-09-16,2.96,2.96,2.78,2.84,13500,38340.0,,,,,
2011-09-19,2.96,2.96,2.9,2.9,500,1450.0,,,,,
2011-09-20,3.02,3.02,2.78,2.78,200,556.0,,,,,
2011-09-21,3.02,3.02,2.72,2.72,2200,5984.0,,,,,
2011-09-22,2.9,2.9,2.84,2.84,1700,4828.0,,,,,
2011-09-23,2.9,2.9,2.72,2.72,2200,5984.0,,,,,
2011-09-26,2.66,2.9,2.66,2.9,300,870.0,,,,,
2011-09-27,2.66,2.78,2.66,2.66,1800,4788.0,,,,,
2011-09-28,2.54,2.54,2.48,2.48,2100,5208.0,,,,,
2011-09-29,2.36,2.42,2.36,2.36,9000,21240.0,,,,,
2011-09-30,2.42,2.42,2.42,2.42,100,242.0,,,,,
2011-10-03,2.3,2.54,2.3,2.54,300,762.0,,,,,
2011-10-04,2.54,2.54,2.54,2.54,0,0.0,,,,,
2011-10-05,2.42,2.42,2.42,2.42,2500,6050.0,,,,,
2011-10-06,2.54,2.54,2.54,2.54,2000,5080.0,,,,,
2011-10-07,2.66,2.66,2.66,2.66,100,266.0,,,,,
2011-10-10,2.54,2.66,2.48,2.66,700,1862.0,,,,,
2011-10-11,2.78,2.78,2.42,2.66,6100,16226.0,,,,,
2011-10-12,2.54,2.6,2.54,2.54,3700,9398.0,,,,,
2011-10-13,2.42,2.42,2.42,2.54,200,508.0,,,,,
2011-10-14,2.42,2.42,2.42,2.42,0,0.0,,,,,
2011-10-17,2.42,2.42,2.42,2.42,0,0.0,,,,,
2011-10-18,2.42,2.42,2.36,2.42,2100,5082.0,,,,,
2011-10-19,2.54,2.54,2.48,2.48,1200,2976.0,,,,,
2011-10-20,2.6,2.6,2.6,2.6,200,520.0,,,,,
2011-10-21,2.78,2.78,2.42,2.42,400,968.0,,,,,
2011-10-24,2.78,2.78,2.78,2.78,300,833.9999999999999,,,,,
2011-10-25,2.78,2.78,2.78,2.78,0,0.0,,,,,
2011-10-26,2.78,2.78,2.78,2.78,0,0.0,,,,,
2011-10-27,2.84,2.84,2.6,2.78,400,1112.0,,,,,
2011-10-28,2.6,2.84,2.6,2.6,4700,12220.0,,,,,
2011-10-31,2.54,2.54,2.54,2.54,1000,2540.0,,,,,
2011-11-01,2.54,2.66,2.54,2.66,1000,2660.0,,,,,
2011-11-02,2.42,2.48,2.42,2.42,3100,7502.0,,,,,
2011-11-03,2.42,2.42,2.42,2.42,0,0.0,,,,,
2011-11-04,2.42,2.42,2.42,2.42,1000,2420.0,,,,,
2011-11-07,2.42,2.42,2.42,2.42,0,0.0,,,,,
2011-11-08,2.3,2.42,2.3,2.42,1600,3872.0,,,,,
2011-11-09,2.42,2.42,2.42,2.42,4300,10406.0,,,,,
2011-11-10,2.42,2.42,2.42,2.42,2000,4840.0,,,,,
2011-11-11,2.3,2.3,2.3,2.3,100,230.0,,,,,
2011-11-14,2.18,2.3,2.18,2.3,1000,2300.0,,,,,
2011-11-15,2.3,2.3,2.3,2.3,0,0.0,,,,,
2011-11-16,2.18,2.18,2.18,2.18,100,218.00000000000003,,,,,
2011-11-17,2.3,2.3,2.3,2.3,3000,6899.999999999999,,,,,
2011-11-18,2.18,2.18,2.18,2.18,200,436.00000000000006,,,,,
2011-11-21,2.06,2.3,2.06,2.3,1400,3219.9999999999995,,,,,
2011-11-22,2.24,2.42,2.24,2.42,1800,4356.0,,,,,
2011-11-23,2.3,2.54,2.3,2.54,600,1524.0,,,,,
2011-11-24,2.54,2.54,2.54,2.54,0,0.0,,,,,
2011-11-25,2.54,2.54,2.54,2.54,1000,2540.0,,,,,
2011-11-28,2.42,2.42,2.42,2.42,100,242.0,,,,,
2011-11-29,2.42,2.42,2.42,2.42,0,0.0,,,,,
2011-11-30,2.3,2.3,2.3,2.3,200,460.0,,,,,
2011-12-01,2.3,2.3,2.3,2.3,0,0.0,,,,,
2011-12-02,2.3,2.3,2.3,2.3,0,0.0,,,,,
2011-12-05,2.18,2.18,2.18,2.18,100,218.00000000000003,,,,,
2011-12-06,2.24,2.3,2.24,2.24,2300,5152.000000000001,,,,,
2011-12-07,2.36,2.36,2.24,2.24,1100,2464.0000000000005,,,,,
2011-12-08,2.24,2.24,2.24,2.24,0,0.0,,,,,
2011-12-09,2.12,2.36,2.12,2.36,900,2124.0,,,,,
2011-12-12,2.36,2.36,2.36,2.36,0,0.0,,,,,
2011-12-13,2.24,2.42,2.24,2.36,7300,17228.0,,,,,
2011-12-14,2.24,2.24,2.24,2.24,5000,11200.000000000002,,,,,
2011-12-15,2.12,2.12,2.12,2.12,100,212.0,,,,,
2011-12-16,2.0,2.24,2.0,2.24,800,1792.0000000000002,,,,,
2011-12-19,2.12,2.36,2.12,2.36,300,708.0,,,,,
2011-12-20,2.36,2.36,2.36,2.36,0,0.0,,,,,
2011-12-21,2.18,2.18,2.18,2.18,100,218.00000000000003,,,,,
2011-12-22,2.06,2.06,2.06,2.06,800,1648.0,,,,,
2011-12-23,1.93,2.18,1.93,2.18,900,1962.0,,,,,
2011-12-26,2.18,2.18,2.18,2.18,0,0.0,,,,,
2011-12-27,2.3,2.3,2.3,2.3,100,230.0,,,,,
2011-12-28,2.18,2.18,2.18,2.18,100,218.00000000000003,,,,,
2011-12-29,2.06,2.06,2.06,2.06,300,618.0,,,,,
2011-12-30,1.93,2.12,1.93,2.12,200,424.0,,,,,
2012-01-03,2.0,2.0,2.0,2.0,100,200.0,,,,,
2012-01-04,1.87,2.12,1.87,2.12,800,1696.0,,,,,
2012-01-05,2.12,2.12,2.12,2.12,0,0.0,,,,,
2012-01-06,1.81,1.81,1.81,1.81,2100,3801.0,,,,,
2012-01-09,1.93,1.93,1.93,1.93,200,386.0,,,,,
2012-01-10,2.06,2.06,2.06,2.06,300,618.0,,,,,
2012-01-11,2.06,2.06,2.06,2.06,0,0.0,,,,,
2012-01-12,2.06,2.06,2.06,2.06,0,0.0,,,,,
2012-01-13,2.06,2.06,2.06,2.06,0,0.0,,,,,
2012-01-16,1.93,1.93,1.93,1.93,200,386.0,,,,,
2012-01-17,1.93,1.93,1.93,1.93,0,0.0,,,,,
2012-01-18,1.93,1.93,1.93,1.93,900,1737.0,,,,,
2012-01-19,1.87,2.06,1.87,2.06,2100,4326.0,,,,,
2012-01-20,2.06,2.06,2.06,2.06,0,0.0,,,,,
2012-01-30,2.06,2.06,2.06,2.06,500,1030.0,,,,,
2012-01-31,1.93,2.18,1.93,2.18,900,1962.0,,,,,
2012-02-01,2.18,2.18,2.18,2.18,0,0.0,,,,,
2012-02-02,2.12,2.12,2.12,2.12,100,212.0,,,,,
2012-02-03,2.24,2.24,2.24,2.24,500,1120.0,,,,,
2012-02-06,2.12,2.12,2.12,2.12,600,1272.0,,,,,
2012-02-07,2.12,2.12,2.12,2.12,0,0.0,,,,,
2012-02-08,2.0,2.18,2.0,2.18,200,436.00000000000006,,,,,
2012-02-09,2.18,2.18,2.18,2.18,100,218.00000000000003,,,,,
2012-02-10,2.06,2.06,2.06,2.06,4000,8240.0,,,,,
2012-02-13,2.0,2.0,2.0,2.0,100,200.0,,,,,
2012-02-14,2.0,2.0,2.0,2.0,0,0.0,,,,,
2012-02-15,1.87,2.12,1.87,2.06,2300,4738.0,,,,,
2012-02-16,2.06,2.06,2.06,2.06,100,206.0,,,,,
2012-02-17,2.06,2.06,1.93,2.0,7500,15000.0,,,,,
2012-02-20,2.12,2.12,2.12,2.12,100,212.0,,,,,
2012-02-21,2.12,2.12,2.12,2.12,3000,6360.0,,,,,
2012-02-22,2.12,2.18,2.12,2.12,7700,16324.0,,,,,
2012-02-23,2.24,2.24,2.12,2.12,6000,12720.0,,,,,
2012-02-24,2.24,2.24,2.24,2.24,1200,2688.0000000000005,,,,,
2012-02-27,2.18,2.36,2.18,2.36,7600,17936.0,,,,,
2012-02-28,2.36,2.36,2.36,2.36,0,0.0,,,,,
2012-02-29,2.36,2.36,2.24,2.36,3700,8732.0,,,,,
2012-03-01,2.48,2.48,2.48,2.48,4800,11904.0,,,,,
2012-03-02,2.6,2.6,2.6,2.6,5000,13000.0,,,,,
2012-03-05,2.78,2.78,2.78,2.78,3900,10842.0,,,,,
2012-03-06,2.96,2.96,2.72,2.96,36800,108928.0,,,,,
2012-03-07,2.9,3.08,2.9,3.08,34600,106568.0,,,,,
2012-03-08,3.2,3.26,3.2,3.2,10400,33280.0,,,,,
2012-03-09,3.45,3.45,3.33,3.45,19100,65895.0,,,,,
2012-03-12,3.63,3.63,3.57,3.63,29000,105270.0,,,,,
2012-03-13,3.87,3.87,3.81,3.81,18200,69342.0,,,,,
2012-03-14,4.11,4.11,4.05,4.05,2100,8505.0,,,,,
2012-03-15,3.87,3.87,3.87,3.87,100,387.0,,,,,
2012-03-16,3.63,3.63,3.63,3.63,100,363.0,,,,,
2012-03-19,3.51,3.51,3.39,3.39,1100,3729.0,,,,,
2012-03-20,3.2,3.2,3.2,3.2,5400,17280.0,,,,,
2012-03-21,3.02,3.02,3.02,3.02,11500,34730.0,,,,,
2012-03-22,2.89,2.89,2.83,2.83,600,1698.0,,,,,
2012-03-23,3.02,3.02,2.96,2.96,500,1480.0,,,,,
2012-03-26,3.09,3.15,3.09,3.15,3400,10710.0,,,,,
2012-03-27,3.02,3.02,3.02,3.02,100,302.0,,,,,
2012-03-28,3.02,3.02,3.02,3.02,200,604.0,,,,,
2012-03-29,3.02,3.02,3.02,3.02,100,302.0,,,,,
2012-03-30,3.02,3.02,3.02,3.02,0,0.0,,,,,
2012-04-03,2.89,2.89,2.89,2.89,100,289.0,,,,,
2012-04-04,2.7,2.83,2.7,2.83,2000,5660.0,,,,,
2012-04-05,2.7,2.7,2.7,2.7,100,270.0,,,,,
2012-04-06,2.57,2.7,2.57,2.7,4100,11070.0,,,,,
2012-04-09,2.77,2.77,2.77,2.77,1300,3601.0,,,,,
2012-04-10,2.77,2.77,2.77,2.77,0,0.0,,,,,
2012-04-11,2.96,2.96,2.96,2.96,600,1776.0,,,,,
2012-04-12,3.09,3.09,3.09,3.09,900,2781.0,,,,,
2012-04-13,3.09,3.09,3.09,3.09,100,309.0,,,,,
2012-04-16,3.09,3.09,3.09,3.09,0,0.0,,,,,
2012-04-17,3.28,3.28,3.22,3.28,7100,23288.0,,,,,
2012-04-18,3.28,3.41,3.28,3.28,4100,13448.0,,,,,
2012-04-19,3.28,3.28,3.28,3.28,4000,13120.0,,,,,
2012-04-20,3.22,3.22,3.22,3.22,900,2898.0,,,,,
2012-04-23,3.22,3.22,3.22,3.22,0,0.0,,,,,
2012-04-24,3.22,3.22,3.22,3.22,0,0.0,,,,,
2012-04-25,3.22,3.22,3.22,3.22,0,0.0,,,,,
2012-04-26,3.22,3.22,3.22,3.22,0,0.0,,,,,
2012-04-27,3.22,3.22,3.22,3.22,0,0.0,,,,,
2012-05-02,3.22,3.22,3.22,3.22,0,0.0,,,,,
2012-05-03,3.02,3.02,3.02,3.02,100,302.0,,,,,
2012-05-04,2.83,3.02,2.83,3.02,500,1510.0,,,,,
2012-05-07,3.22,3.22,3.22,3.22,10600,34132.0,,,,,
2012-05-08,3.41,3.41,3.41,3.41,900,3069.0,,,,,
2012-05-09,3.6,3.6,3.6,3.6,200,720.0,,,,,
2012-05-10,3.79,3.79,3.73,3.73,2600,9698.0,,,,,
2012-05-11,3.99,3.99,3.99,3.99,100,399.0,,,,,
2012-05-14,3.73,3.73,3.73,3.73,1000,3730.0,,,,,
2012-05-15,3.47,3.47,3.47,3.47,800,2776.0,,,,,
2012-05-16,3.28,3.28,3.28,3.28,200,656.0,,,,,
2012-05-17,3.09,3.09,3.09,3.09,200,618.0,,,,,
2012-05-18,2.89,2.89,2.89,2.89,100,289.0,,,,,
2012-05-21,3.02,3.02,3.02,3.02,100,302.0,,,,,
2012-05-22,3.02,3.02,3.02,3.02,0,0.0,,,,,
2012-05-23,3.02,3.02,3.02,3.02,0,0.0,,,,,
2012-05-24,2.89,2.89,2.89,2.89,500,1445.0,,,,,
2012-05-25,2.77,2.77,2.77,2.77,100,277.0,,,,,
2012-05-28,2.89,2.89,2.89,2.89,100,289.0,,,,,
2012-05-29,3.09,3.09,3.09,3.09,100,309.0,,,,,
2012-05-30,2.89,2.89,2.89,2.89,400,1156.0,,,,,
2012-05-31,2.89,2.89,2.89,2.89,0,0.0,,,,,
2012-06-01,2.7,2.7,2.7,2.7,200,540.0,,,,,
2012-06-04,2.7,2.7,2.7,2.7,0,0.0,,,,,
2012-06-05,2.7,2.83,2.7,2.83,1100,3113.0,,,,,
2012-06-06,2.64,3.02,2.64,3.02,400,1208.0,,,,,
2012-06-07,2.83,3.09,2.83,3.09,200,618.0,,,,,
2012-06-08,2.89,3.02,2.89,3.02,1500,4530.0,,,,,
2012-06-11,2.96,2.96,2.83,2.96,1200,3552.0,,,,,
2012-06-12,2.77,2.77,2.77,2.77,1000,2770.0,,,,,
2012-06-13,2.57,2.77,2.57,2.77,2400,6648.0,,,,,
2012-06-14,2.57,2.57,2.57,2.57,1000,2570.0,,,,,
2012-06-15,2.44,2.57,2.44,2.57,900,2313.0,,,,,
2012-06-18,2.7,2.7,2.64,2.64,1200,3168.0,,,,,
2012-06-19,2.57,2.57,2.57,2.57,300,771.0,,,,,
2012-06-20,2.57,2.57,2.57,2.57,0,0.0,,,,,
2012-06-21,2.51,2.64,2.51,2.64,400,1056.0,,,,,
2012-06-22,2.57,2.57,2.51,2.51,5800,14557.999999999998,,,,,
2012-06-25,2.44,2.57,2.44,2.57,2100,5397.0,,,,,
2012-06-26,2.44,2.7,2.44,2.7,1700,4590.0,,,,,
2012-06-27,2.57,2.77,2.57,2.77,2800,7756.0,,,,,
2012-06-28,2.57,2.57,2.57,2.57,1100,2827.0,,,,,
2012-06-29,2.44,2.44,2.44,2.44,3300,8052.0,,,,,
2012-07-02,2.38,2.57,2.38,2.51,1900,4769.0,,,,,
2012-07-03,2.51,2.51,2.51,2.51,2200,5521.999999999999,,,,,
2012-07-04,2.64,2.64,2.44,2.44,1200,2928.0,,,,,
2012-07-05,2.44,2.44,2.44,2.44,1000,2440.0,,,,,
2012-07-06,2.44,2.44,2.44,2.44,0,0.0,,,,,
2012-07-09,2.44,2.44,2.44,2.44,100,244.0,,,,,
2012-07-10,2.44,2.44,2.44,2.44,0,0.0,,,,,
2012-07-11,2.57,2.57,2.57,2.57,200,514.0,,,,,
2012-07-12,2.64,2.7,2.64,2.7,1500,4050.000000000001,,,,,
2012-07-13,2.83,2.83,2.83,2.83,4800,13584.0,,,,,
2012-07-16,2.7,2.7,2.64,2.64,3000,7920.0,,,,,
2012-07-17,2.57,2.64,2.57,2.57,3500,8995.0,,,,,
2012-07-18,2.57,2.57,2.57,2.57,4500,11565.0,,,,,
2012-07-19,2.51,2.51,2.51,2.51,600,1505.9999999999998,,,,,
2012-07-20,2.51,2.51,2.51,2.51,0,0.0,,,,,
2012-07-23,2.51,2.51,2.51,2.51,100,251.0,,,,,
2012-07-24,2.51,2.51,2.51,2.51,0,0.0,,,,,
2012-07-25,2.57,2.57,2.57,2.57,2300,5911.0,,,,,
2012-07-26,2.57,2.57,2.57,2.57,1500,3855.0,,,,,
2012-07-27,2.57,2.57,2.57,2.57,1500,3855.0,,,,,
2012-07-30,2.57,2.57,2.57,2.57,1500,3855.0,,,,,
2012-07-31,2.57,2.57,2.57,2.57,3300,8481.0,,,,,
2012-08-01,2.57,2.57,2.57,2.57,0,0.0,,,,,
2012-08-02,2.57,2.57,2.57,2.57,0,0.0,,,,,
2012-08-03,2.57,2.57,2.57,2.57,0,0.0,,,,,
2012-08-06,2.44,2.44,2.44,2.44,100,244.0,,,,,
2012-08-07,2.32,2.32,2.32,2.32,100,232.0,,,,,
2012-08-08,2.32,2.32,2.32,2.32,0,0.0,,,,,
2012-08-09,2.38,2.44,2.19,2.19,1400,3066.0,,,,,
2012-08-10,2.51,2.51,2.32,2.32,2600,6032.0,,,,,
2012-08-13,2.25,2.25,2.25,2.25,100,225.0,,,,,
2012-08-14,2.38,2.38,2.38,2.38,500,1190.0,,,,,
2012-08-15,2.38,2.38,2.38,2.38,0,0.0,,,,,
2012-08-16,2.25,2.25,2.25,2.25,100,225.0,,,,,
2012-08-17,2.38,2.38,2.38,2.38,7700,18326.0,,,,,
2012-08-20,2.25,2.51,2.25,2.51,200,502.0,,,,,
2012-08-21,2.51,2.51,2.51,2.51,0,0.0,,,,,
2012-08-22,2.51,2.51,2.51,2.51,0,0.0,,,,,
2012-08-23,2.38,2.38,2.38,2.38,6400,15232.0,,,,,
2012-08-24,2.25,2.25,2.25,2.25,1700,3825.0,,,,,
2012-08-27,2.25,2.25,2.25,2.25,0,0.0,,,,,
2012-08-28,2.25,2.25,2.25,2.25,0,0.0,,,,,
2012-08-29,2.25,2.25,2.25,2.25,0,0.0,,,,,
2012-08-30,2.19,2.19,2.19,2.19,2000,4380.0,,,,,
2012-08-31,2.19,2.19,2.19,2.19,0,0.0,,,,,
2012-09-04,2.19,2.19,2.19,2.19,0,0.0,,,,,
2012-09-05,2.06,2.06,2.06,2.06,1800,3708.0,,,,,
2012-09-06,2.06,2.06,2.06,2.06,0,0.0,,,,,
2012-09-07,2.06,2.06,2.06,2.06,0,0.0,,,,,
2012-09-10,2.06,2.06,2.06,2.06,0,0.0,,,,,
2012-09-11,1.93,1.93,1.93,1.93,3000,5790.0,,,,,
2012-09-12,1.93,1.93,1.93,1.93,0,0.0,,,,,
2012-09-13,1.93,1.93,1.93,1.93,0,0.0,,,,,
2012-09-14,1.93,1.93,1.93,1.93,2000,3860.0,,,,,
2012-09-17,1.93,1.93,1.93,1.93,0,0.0,,,,,
2012-09-18,1.93,1.93,1.93,1.93,0,0.0,,,,,
2012-09-19,1.93,1.93,1.93,1.93,0,0.0,,,,,
2012-09-20,1.93,1.93,1.93,1.93,0,0.0,,,,,
2012-09-21,1.93,1.93,1.93,1.93,0,0.0,,,,,
2012-09-24,1.93,1.93,1.93,1.93,0,0.0,,,,,
2012-09-25,1.93,1.93,1.93,1.93,0,0.0,,,,,
2012-09-26,1.93,1.93,1.93,1.93,0,0.0,,,,,
2012-09-27,1.93,1.93,1.93,1.93,0,0.0,,,,,
2012-09-28,2.06,2.06,2.06,2.06,100,206.0,,,,,
2012-10-01,2.06,2.06,2.06,2.06,0,0.0,,,,,
2012-10-02,1.93,1.93,1.93,1.93,2100,4053.0,,,,,
2012-10-03,1.93,1.93,1.93,1.93,0,0.0,,,,,
2012-10-04,1.8,1.8,1.8,1.8,2100,3780.0,,,,,
2012-10-05,1.8,1.8,1.8,1.8,100,180.0,,,,,
2012-10-08,1.8,1.8,1.8,1.8,0,0.0,,,,,
2012-10-09,1.8,1.8,1.8,1.8,0,0.0,,,,,
2012-10-10,1.87,1.87,1.87,1.87,100,187.0,,,,,
2012-10-11,1.8,1.8,1.8,1.8,1800,3240.0,,,,,
2012-10-12,1.8,1.8,1.8,1.8,0,0.0,,,,,
2012-10-15,1.74,1.74,1.74,1.74,1000,1740.0,,,,,
2012-10-16,1.74,1.74,1.74,1.74,0,0.0,,,,,
2012-10-17,1.8,1.8,1.8,1.8,100,180.0,,,,,
2012-10-18,1.87,1.87,1.74,1.8,3300,5940.0,,,,,
2012-10-19,1.8,1.8,1.8,1.8,0,0.0,,,,,
2012-10-22,1.8,1.8,1.8,1.8,0,0.0,,,,,
2012-10-23,1.87,1.87,1.87,1.87,2200,4114.0,,,,,
2012-10-24,1.74,1.99,1.74,1.99,900,1791.0,,,,,
2012-10-25,1.99,1.99,1.99,1.99,0,0.0,,,,,
2012-10-26,1.93,1.93,1.93,1.93,1000,1930.0,,,,,
2012-10-29,1.93,1.93,1.93,1.93,0,0.0,,,,,
2012-10-30,1.93,1.93,1.93,1.93,0,0.0,,,,,
2012-10-31,1.93,1.93,1.93,1.93,0,0.0,,,,,
2012-11-01,2.06,2.06,2.06,2.06,100,206.0,,,,,
2012-11-02,2.06,2.19,2.06,2.19,200,438.0,,,,,
2012-11-05,2.06,2.06,2.06,2.06,500,1030.0,,,,,
2012-11-06,2.06,2.06,2.06,2.06,0,0.0,,,,,
2012-11-07,1.93,1.93,1.93,1.93,200,386.0,,,,,
2012-11-08,1.93,1.93,1.93,1.93,1000,1930.0,,,,,
2012-11-09,1.93,1.93,1.93,1.93,0,0.0,,,,,
2012-11-12,1.87,1.87,1.8,1.8,900,1620.0,,,,,
2012-11-13,1.8,1.8,1.74,1.74,1000,1740.0,,,,,
2012-11-14,1.74,1.74,1.74,1.74,0,0.0,,,,,
2012-11-15,1.74,1.74,1.74,1.74,1500,2610.0,,,,,
2012-11-16,1.74,1.74,1.74,1.74,0,0.0,,,,,
2012-11-19,1.8,1.8,1.8,1.8,300,540.0,,,,,
2012-11-20,1.8,1.8,1.8,1.8,0,0.0,,,,,
2012-11-21,1.8,1.8,1.8,1.8,0,0.0,,,,,
2012-11-22,1.8,1.8,1.8,1.8,0,0.0,,,,,
2012-11-23,1.87,1.87,1.87,1.87,100,187.0,,,,,
2012-11-26,1.74,1.74,1.74,1.74,1500,2610.0,,,,,
2012-11-27,1.74,1.74,1.74,1.74,2000,3480.0,,,,,
2012-11-28,1.74,1.74,1.74,1.74,0,0.0,,,,,
2012-11-29,1.74,1.74,1.74,1.74,0,0.0,,,,,
2012-11-30,1.74,1.74,1.74,1.74,0,0.0,,,,,
2012-12-03,1.74,1.74,1.74,1.74,0,0.0,,,,,
2012-12-04,1.74,1.74,1.74,1.74,0,0.0,,,,,
2012-12-05,1.74,1.74,1.74,1.74,0,0.0,,,,,
2012-12-06,1.74,1.74,1.74,1.74,0,0.0,,,,,
2012-12-07,1.8,1.8,1.8,1.8,100,180.0,,,,,
2012-12-10,1.8,1.8,1.8,1.8,600,1080.0,,,,,
2012-12-11,1.8,1.8,1.8,1.8,0,0.0,,,,,
2012-12-12,1.8,1.8,1.8,1.8,0,0.0,,,,,
2012-12-13,1.8,1.8,1.8,1.8,0,0.0,,,,,
2012-12-14,1.8,1.8,1.8,1.8,1000,1800.0,,,,,
2012-12-17,1.8,1.8,1.8,1.8,2000,3600.0,,,,,
2012-12-18,1.8,1.8,1.8,1.8,0,0.0,,,,,
2012-12-19,1.8,1.8,1.8,1.8,200,360.0,,,,,
2012-12-20,1.8,1.8,1.8,1.8,0,0.0,,,,,
2012-12-21,1.8,1.8,1.8,1.8,0,0.0,,,,,
2012-12-24,1.74,1.74,1.74,1.74,100,174.0,,,,,
2012-12-25,1.74,1.8,1.74,1.8,4100,7380.0,,,,,
2012-12-26,1.8,1.8,1.8,1.8,900,1620.0,,,,,
2012-12-27,1.87,1.87,1.74,1.87,10900,20383.0,,,,,
2012-12-28,1.74,1.74,1.74,1.74,2000,3480.0,,,,,
2013-01-02,1.528,1.528,1.528,1.528,10500,16044.0,,,,,
2013-01-03,1.583,1.583,1.583,1.583,9500,15038.5,,,,,
2013-01-04,1.583,1.692,1.583,1.583,5800,9181.4,,,,,
2013-01-07,1.747,1.747,1.747,1.747,13400,23409.800000000003,,,,,
2013-01-08,1.747,1.747,1.747,1.747,3300,5765.1,,,,,
2013-01-09,1.692,1.692,1.692,1.692,1600,2707.2,,,,,
2013-01-10,1.692,1.692,1.692,1.692,0,0.0,,,,,
2013-01-11,1.692,1.692,1.692,1.692,0,0.0,,,,,
2013-01-14,1.583,1.583,1.583,1.583,4000,6332.0,,,,,
2013-01-15,1.528,1.692,1.528,1.692,10700,18104.4,,,,,
2013-01-16,1.692,1.692,1.637,1.637,1200,1964.4,,,,,
2013-01-17,1.692,1.692,1.692,1.692,7900,13366.8,,,,,
2013-01-18,1.583,1.692,1.583,1.692,23400,39592.8,,,,,
2013-01-21,1.692,1.692,1.637,1.692,8500,14382.0,,,,,
2013-01-22,1.692,1.692,1.528,1.528,3100,4736.8,,,,,
2013-01-23,1.528,1.528,1.528,1.528,200,305.6,,,,,
2013-01-24,1.528,1.528,1.528,1.528,200,305.6,,,,,
2013-01-25,1.528,1.583,1.528,1.583,200,316.6,,,,,
2013-01-28,1.528,1.692,1.528,1.692,2300,3891.6,,,,,
2013-01-29,1.747,1.856,1.747,1.747,5300,9259.1,,,,,
2013-01-30,1.801,1.911,1.801,1.801,4900,8824.9,,,,,
2013-01-31,1.965,1.965,1.911,1.911,3700,7070.7,,,,,
2013-02-01,1.965,1.965,1.911,1.911,3000,5733.0,,,,,
2013-02-04,1.911,1.911,1.911,1.911,0,0.0,,,,,
2013-02-05,1.911,1.911,1.911,1.911,0,0.0,,,,,
2013-02-06,1.911,1.965,1.747,1.747,1700,2969.9,,,,,
2013-02-07,2.074,2.074,2.074,2.074,100,207.4,,,,,
2013-02-08,2.183,2.183,2.183,2.183,100,218.3,,,,,
2013-02-18,2.183,2.183,2.183,2.183,0,0.0,,,,,
2013-02-19,2.183,2.183,2.183,2.183,0,0.0,,,,,
2013-02-20,1.965,1.965,1.965,1.965,100,196.5,,,,,
2013-02-21,2.129,2.129,1.856,1.856,1100,2041.6,,,,,
2013-02-22,1.856,1.856,1.856,1.856,100,185.6,,,,,
2013-02-25,2.019,2.019,2.019,2.019,100,201.9,,,,,
2013-02-26,2.019,2.019,2.019,2.019,0,0.0,,,,,
2013-02-27,2.019,2.019,2.019,2.019,0,0.0,,,,,
2013-02-28,2.019,2.019,2.019,2.019,0,0.0,,,,,
2013-03-01,2.019,2.019,2.019,2.019,0,0.0,,,,,
2013-03-04,2.019,2.019,2.019,2.019,0,0.0,,,,,
2013-03-05,1.856,1.856,1.856,1.856,200,371.2000000000001,,,,,
2013-03-06,1.692,1.692,1.692,1.692,100,169.2,,,,,
2013-03-07,1.528,1.528,1.528,1.528,100,152.8,,,,,
2013-03-08,1.637,1.637,1.637,1.637,6600,10804.2,,,,,
2013-03-11,1.474,1.474,1.474,1.474,100,147.4,,,,,
2013-03-12,1.583,1.583,1.583,1.583,100,158.29999999999998,,,,,
2013-03-13,1.583,1.637,1.583,1.637,1500,2455.5,,,,,
2013-03-14,1.637,1.637,1.637,1.637,0,0.0,,,,,
2013-03-15,1.637,1.637,1.637,1.637,0,0.0,,,,,
2013-03-18,1.637,1.637,1.637,1.637,400,654.8,,,,,
2013-03-19,1.801,1.801,1.583,1.583,1300,2057.9,,,,,
2013-03-20,1.583,1.583,1.583,1.583,0,0.0,,,,,
2013-03-21,1.583,1.583,1.583,1.583,0,0.0,,,,,
2013-03-22,1.637,1.637,1.637,1.637,100,163.7,,,,,
2013-03-25,1.637,1.637,1.637,1.637,0,0.0,,,,,
2013-03-26,1.637,1.801,1.637,1.801,600,1080.6,,,,,
2013-03-27,1.801,1.965,1.801,1.965,1100,2161.5,,,,,
2013-03-28,2.074,2.129,2.074,2.129,51200,109004.8,,,,,
2013-03-29,2.183,2.183,2.183,2.183,100,218.3,,,,,
2013-04-01,1.965,2.347,1.965,2.347,9400,22061.8,,,,,
2013-04-02,2.129,2.129,2.129,2.129,12100,25760.9,,,,,
2013-04-03,1.965,2.292,1.965,1.965,400,786.0,,,,,
2013-04-04,1.856,2.074,1.801,2.074,900,1866.6,,,,,
2013-04-05,1.911,2.183,1.856,2.183,1100,2401.3,,,,,
2013-04-08,1.965,2.074,1.965,2.074,300,622.1999999999999,,,,,
2013-04-09,1.911,1.911,1.911,1.911,300,573.3,,,,,
2013-04-10,1.856,1.911,1.856,1.911,1300,2484.3,,,,,
2013-04-11,1.965,1.965,1.965,1.965,300,589.5,,,,,
2013-04-12,2.019,2.019,1.801,1.965,3700,7270.5,,,,,
2013-04-15,1.856,2.019,1.801,2.019,1400,2826.6000000000004,,,,,
2013-04-16,2.019,2.183,1.911,2.019,3300,6662.700000000001,,,,,
2013-04-17,1.856,2.019,1.856,2.019,400,807.6,,,,,
2013-04-18,2.019,2.183,1.911,2.183,6700,14626.1,,,,,
2013-04-22,2.129,2.401,2.019,2.401,2800,6722.799999999999,,,,,
2013-04-23,2.238,2.62,2.183,2.565,7600,19494.0,,,,,
2013-04-24,2.347,2.729,2.347,2.729,5200,14190.8,,,,,
2013-04-25,2.456,2.729,2.456,2.729,600,1637.4,,,,,
2013-04-26,2.456,2.456,2.456,2.456,3000,7368.0,,,,,
2013-05-02,2.238,2.238,2.238,2.238,100,223.8,,,,,
2013-05-03,2.456,2.456,2.019,2.456,2300,5648.8,,,,,
2013-05-06,2.019,2.238,2.019,2.238,1800,4028.4,,,,,
2013-05-07,2.019,2.456,2.019,2.456,1300,3192.8,,,,,
2013-05-08,2.238,2.565,2.238,2.565,800,2052.0,,,,,
2013-05-09,2.292,2.674,2.292,2.292,3100,7105.2,,,,,
2013-05-10,2.238,2.51,2.074,2.51,6200,15561.999999999998,,,,,
2013-05-13,2.51,2.565,2.347,2.565,2300,5899.5,,,,,
2013-05-14,2.565,2.565,2.565,2.565,0,0.0,,,,,
2013-05-15,2.347,2.565,2.347,2.456,3700,9087.2,,,,,
2013-05-16,2.401,2.401,2.401,2.401,300,720.3,,,,,
2013-05-17,2.401,2.401,2.401,2.401,0,0.0,,,,,
2013-05-20,2.401,2.401,2.401,2.401,0,0.0,,,,,
2013-05-21,2.401,2.401,2.401,2.401,200,480.19999999999993,,,,,
2013-05-22,2.565,2.565,2.401,2.456,46800,114940.8,,,,,
2013-05-23,2.565,2.565,2.565,2.565,100,256.5,,,,,
2013-05-24,2.565,2.674,2.456,2.674,10500,28077.0,,,,,
2013-05-27,2.456,2.784,2.456,2.784,200,556.8,,,,,
2013-05-28,2.729,2.947,2.51,2.947,7100,20923.7,,,,,
2013-05-29,2.892,2.892,2.892,2.892,3600,10411.2,,,,,
2013-05-30,2.892,2.892,2.892,2.892,0,0.0,,,,,
2013-05-31,2.62,3.166,2.62,3.166,17600,55721.6,,,,,
2013-06-03,3.22,3.22,3.22,3.22,6200,19964.0,,,,,
2013-06-04,3.22,3.22,3.22,3.22,0,0.0,,,,,
2013-06-05,2.947,2.947,2.947,2.947,100,294.7,,,,,
2013-06-06,2.947,3.22,2.947,3.22,16300,52486.0,,,,,
2013-06-07,2.947,2.947,2.947,2.947,40000,117880.0,,,,,
2013-06-10,3.166,3.166,2.674,3.111,1500,4666.5,,,,,
2013-06-11,3.166,3.166,2.838,3.056,7100,21697.6,,,,,
2013-06-12,3.056,3.056,3.056,3.056,0,0.0,,,,,
2013-06-13,3.166,3.166,3.166,3.166,100,316.6,,,,,
2013-06-14,3.166,3.166,3.166,3.166,0,0.0,,,,,
2013-06-17,3.274,3.274,3.274,3.274,100,327.4,,,,,
2013-06-18,3.274,3.274,3.274,3.274,0,0.0,,,,,
2013-06-19,3.329,3.329,3.22,3.22,400,1288.0,,,,,
2013-06-20,2.947,2.947,2.947,2.947,300,884.1,,,,,
2013-06-21,3.22,3.22,2.674,3.111,12100,37643.100000000006,,,,,
2013-06-24,3.274,3.274,3.274,3.274,100,327.4,,,,,
2013-06-25,3.274,3.274,3.274,3.274,0,0.0,,,,,
2013-06-26,3.274,3.274,3.274,3.274,0,0.0,,,,,
2013-06-27,2.947,2.947,2.947,2.947,7800,22986.6,,,,,
2013-06-28,2.838,2.892,2.674,2.892,4200,12146.4,,,,,
2013-07-01,2.947,2.947,2.947,2.947,100,294.7,,,,,
2013-07-02,2.674,2.947,2.674,2.947,7100,20923.7,,,,,
2013-07-03,2.674,2.674,2.674,2.674,3000,8022.0,,,,,
2013-07-04,2.565,2.729,2.456,2.729,26900,73410.1,,,,,
2013-07-05,2.456,2.456,2.456,2.456,9000,22104.0,,,,,
2013-07-08,2.292,2.62,2.238,2.62,6700,17554.0,,,,,
2013-07-09,2.62,2.838,2.62,2.838,400,1135.2,,,,,
2013-07-10,3.056,3.056,3.056,3.056,2000,6112.0,,,,,
2013-07-11,3.056,3.056,3.056,3.056,0,0.0,,,,,
2013-07-12,2.838,2.838,2.784,2.784,5100,14198.4,,,,,
2013-07-15,2.784,2.784,2.784,2.784,0,0.0,,,,,
2013-07-16,2.51,3.002,2.51,2.729,2200,6003.8,,,,,
2013-07-17,2.729,2.729,2.729,2.729,0,0.0,,,,,
2013-07-18,2.729,2.729,2.729,2.729,0,0.0,,,,,
2013-07-19,2.456,2.456,2.456,2.456,400,982.4,,,,,
2013-07-22,2.456,2.456,2.456,2.456,0,0.0,,,,,
2013-07-23,2.456,2.456,2.456,2.456,0,0.0,,,,,
2013-07-24,2.456,2.456,2.456,2.456,100,245.6,,,,,
2013-07-25,2.456,2.51,2.456,2.51,2300,5772.999999999999,,,,,
2013-07-26,2.51,2.62,2.51,2.62,4100,10742.0,,,,,
2013-07-29,2.784,2.784,2.784,2.784,100,278.4,,,,,
2013-07-30,2.784,2.784,2.784,2.784,0,0.0,,,,,
2013-07-31,3.056,3.056,2.51,2.784,300,835.1999999999999,,,,,
2013-08-01,3.056,3.056,2.51,2.729,9200,25106.8,,,,,
2013-08-02,2.565,2.784,2.456,2.456,11800,28980.8,,,,,
2013-08-05,2.456,2.674,2.456,2.674,3500,9359.0,,,,,
2013-08-06,2.729,2.892,2.674,2.729,29700,81051.3,,,,,
2013-08-07,2.947,2.947,2.729,2.784,23700,65980.79999999999,,,,,
2013-08-08,2.784,2.892,2.51,2.51,34500,86594.99999999999,,,,,
2013-08-09,2.729,2.729,2.729,2.729,24400,66587.6,,,,,
2013-08-12,2.51,2.729,2.456,2.729,11300,30837.7,,,,,
2013-08-13,2.456,2.729,2.456,2.729,10100,27562.9,,,,,
2013-08-14,2.784,2.784,2.784,2.784,100,278.4,,,,,
2013-08-15,2.892,2.892,2.892,2.892,100,289.2,,,,,
2013-08-16,2.947,2.947,2.892,2.947,19300,56877.1,,,,,
2013-08-19,2.947,2.947,2.947,2.947,0,0.0,,,,,
2013-08-20,2.947,2.947,2.947,2.947,0,0.0,,,,,
2013-08-21,2.947,2.947,2.947,2.947,0,0.0,,,,,
2013-08-22,2.947,2.947,2.947,2.947,0,0.0,,,,,
2013-08-23,3.056,3.056,3.056,3.056,100,305.6,,,,,
2013-08-26,3.056,3.056,3.056,3.056,0,0.0,,,,,
2013-08-27,3.329,3.329,2.784,2.784,3400,9465.6,,,,,
2013-08-28,2.51,2.838,2.51,2.729,9300,25379.7,,,,,
2013-08-29,2.51,2.729,2.456,2.729,2600,7095.400000000001,,,,,
2013-08-30,2.838,2.838,2.838,2.838,100,283.8,,,,,
2013-09-03,2.947,2.947,2.947,2.947,100,294.7,,,,,
2013-09-04,3.056,3.056,2.674,2.674,300,802.1999999999999,,,,,
2013-09-05,2.674,2.674,2.674,2.674,0,0.0,,,,,
2013-09-06,2.51,2.838,2.456,2.729,1900,5185.1,,,,,
2013-09-09,2.456,2.456,2.456,2.456,6300,15472.8,,,,,
2013-09-10,2.238,2.238,2.238,2.238,100,223.8,,,,,
2013-09-11,2.456,2.456,2.456,2.456,100,245.6,,,,,
2013-09-12,2.674,2.674,2.674,2.674,4800,12835.2,,,,,
2013-09-13,2.729,2.729,2.729,2.729,1600,4366.400000000001,,,,,
2013-09-16,2.838,2.838,2.838,2.838,100,283.8,,,,,
2013-09-17,2.838,2.838,2.838,2.838,0,0.0,,,,,
2013-09-18,2.784,2.784,2.784,2.784,1000,2784.0,,,,,
2013-09-19,2.838,2.838,2.838,2.838,100,283.8,,,,,
2013-09-20,2.838,2.838,2.838,2.838,0,0.0,,,,,
2013-09-23,2.838,2.838,2.838,2.838,0,0.0,,,,,
2013-09-24,2.838,2.838,2.838,2.838,0,0.0,,,,,
2013-09-25,2.838,2.838,2.838,2.838,0,0.0,,,,,
2013-09-26,2.565,2.565,2.565,2.565,2000,5130.0,,,,,
2013-09-27,2.729,2.729,2.347,2.347,2100,4928.7,,,,,
2013-09-30,2.347,2.347,2.347,2.347,0,0.0,,,,,
2013-10-01,2.347,2.347,2.347,2.347,0,0.0,,,,,
2013-10-02,2.565,2.565,2.183,2.565,3600,9234.0,,,,,
2013-10-03,2.565,2.565,2.565,2.565,100,256.5,,,,,
2013-10-04,2.565,2.565,2.565,2.565,0,0.0,,,,,
2013-10-07,2.784,2.784,2.784,2.784,1100,3062.4,,,,,
2013-10-08,2.784,2.784,2.784,2.784,0,0.0,,,,,
2013-10-09,2.784,2.784,2.784,2.784,0,0.0,,,,,
2013-10-10,2.784,2.784,2.784,2.784,0,0.0,,,,,
2013-10-11,2.784,2.784,2.784,2.784,0,0.0,,,,,
2013-10-14,3.002,3.002,3.002,3.002,100,300.2,,,,,
2013-10-15,3.002,3.002,3.002,3.002,0,0.0,,,,,
2013-10-16,3.002,3.002,3.002,3.002,0,0.0,,,,,
2013-10-17,3.002,3.002,3.002,3.002,0,0.0,,,,,
2013-10-18,3.002,3.002,3.002,3.002,0,0.0,,,,,
2013-10-21,3.002,3.002,3.002,3.002,0,0.0,,,,,
2013-10-22,3.274,3.274,3.274,3.274,100,327.4,,,,,
2013-10-23,2.947,2.947,2.947,2.947,500,1473.5,,,,,
2013-10-24,2.947,2.947,2.947,2.947,0,0.0,,,,,
2013-10-25,2.947,2.947,2.947,2.947,0,0.0,,,,,
2013-10-28,2.674,2.674,2.674,2.674,500,1337.0,,,,,
2013-10-29,2.456,2.456,2.456,2.456,2400,5894.4,,,,,
2013-10-30,2.62,2.62,2.62,2.62,100,262.0,,,,,
2013-10-31,2.62,2.62,2.62,2.62,0,0.0,,,,,
2013-11-01,2.401,2.838,2.401,2.838,12000,34056.0,,,,,
2013-11-04,2.838,2.838,2.838,2.838,0,0.0,,,,,
2013-11-05,2.838,2.947,2.565,2.565,5600,14364.0,,,,,
2013-11-06,2.401,2.565,2.401,2.565,1000,2565.0,,,,,
2013-11-07,2.456,2.565,2.456,2.565,800,2052.0,,,,,
2013-11-08,2.674,2.674,2.565,2.565,200,513.0,,,,,
2013-11-11,2.565,2.784,2.51,2.51,14300,35893.0,,,,,
2013-11-12,2.674,2.674,2.674,2.674,100,267.4,,,,,
2013-11-13,2.674,2.674,2.674,2.674,0,0.0,,,,,
2013-11-14,2.674,2.674,2.674,2.674,200,534.8,,,,,
2013-11-15,2.729,2.729,2.729,2.729,100,272.90000000000003,,,,,
2013-11-18,2.729,2.729,2.729,2.729,0,0.0,,,,,
2013-11-19,2.729,2.729,2.729,2.729,0,0.0,,,,,
2013-11-20,2.729,2.729,2.729,2.729,0,0.0,,,,,
2013-11-21,2.456,2.729,2.456,2.729,300,818.7,,,,,
2013-11-22,2.729,2.729,2.729,2.729,0,0.0,,,,,
2013-11-25,2.456,2.674,2.456,2.674,700,1871.8,,,,,
2013-11-26,2.674,2.674,2.674,2.674,0,0.0,,,,,
2013-11-27,2.62,2.729,2.62,2.729,900,2456.1,,,,,
2013-11-28,2.729,2.729,2.729,2.729,0,0.0,,,,,
2013-11-29,2.729,2.729,2.729,2.729,0,0.0,,,,,
2013-12-02,2.456,2.674,2.456,2.674,6000,16044.0,,,,,
2013-12-03,2.674,2.674,2.674,2.674,0,0.0,,,,,
2013-12-04,2.674,2.674,2.674,2.674,0,0.0,,,,,
2013-12-05,2.674,2.674,2.674,2.674,300,802.1999999999999,,,,,
2013-12-06,2.674,2.674,2.674,2.674,3000,8022.0,,,,,
2013-12-09,2.729,2.729,2.729,2.729,2200,6003.8,,,,,
2013-12-10,2.729,2.729,2.729,2.729,0,0.0,,,,,
2013-12-11,2.729,2.729,2.729,2.729,0,0.0,,,,,
2013-12-12,2.456,2.51,2.456,2.51,700,1756.9999999999998,,,,,
2013-12-13,2.729,2.729,2.729,2.729,100,272.90000000000003,,,,,
2013-12-16,2.729,2.729,2.729,2.729,0,0.0,,,,,
2013-12-17,2.674,2.674,2.674,2.674,3000,8022.0,,,,,
2013-12-18,2.674,2.674,2.674,2.674,0,0.0,,,,,
2013-12-19,2.456,2.456,2.456,2.456,100,245.6,,,,,
2013-12-20,2.456,2.456,2.456,2.456,0,0.0,,,,,
2013-12-23,2.456,2.456,2.456,2.456,0,0.0,,,,,
2013-12-24,2.674,2.674,2.674,2.674,100,267.4,,,,,
2013-12-25,2.674,2.674,2.674,2.674,0,0.0,,,,,
2013-12-26,2.674,2.674,2.674,2.674,0,0.0,,,,,
2013-12-27,2.674,2.674,2.674,2.674,0,0.0,,,,,
2013-12-30,2.674,2.674,2.674,2.674,0,0.0,,,,,
2013-12-31,2.674,2.674,2.674,2.674,0,0.0,,,,,
2014-01-02,2.674,2.674,2.674,2.674,0,0.0,,,,,
2014-01-03,2.674,2.674,2.674,2.674,0,0.0,,,,,
2014-01-06,2.674,2.674,2.674,2.674,0,0.0,,,,,
2014-01-07,2.674,2.674,2.674,2.674,0,0.0,,,,,
2014-01-08,2.674,2.674,2.674,2.674,0,0.0,,,,,
2014-01-09,2.674,2.674,2.674,2.674,0,0.0,,,,,
2014-01-10,2.674,2.674,2.674,2.674,0,0.0,,,,,
2014-01-13,2.729,2.729,2.62,2.62,10900,28558.0,,,,,
2014-01-14,2.62,2.62,2.62,2.62,0,0.0,,,,,
2014-01-15,2.62,2.62,2.401,2.401,6800,16326.8,,,,,
2014-01-16,2.401,2.401,2.401,2.401,0,0.0,,,,,
2014-01-17,2.565,2.62,2.401,2.401,7500,18007.5,,,,,
2014-01-20,2.62,2.62,2.401,2.62,22100,57902.0,,,,,
2014-01-21,2.62,2.674,2.62,2.674,5400,14439.6,,,,,
2014-01-22,2.674,2.674,2.674,2.674,0,0.0,,,,,
2014-01-23,2.674,2.674,2.674,2.674,0,0.0,,,,,
2014-01-24,2.674,2.674,2.674,2.674,0,0.0,,,,,
2014-01-27,2.674,2.674,2.674,2.674,0,0.0,,,,,
2014-02-06,2.674,2.674,2.674,2.674,0,0.0,,,,,
2014-02-07,2.674,2.674,2.674,2.674,9500,25403.0,,,,,
2014-02-10,2.674,2.674,2.674,2.674,0,0.0,,,,,
2014-02-11,2.674,2.729,2.674,2.729,9300,25379.7,,,,,
2014-02-12,2.784,2.784,2.784,2.784,100,278.4,,,,,
2014-02-13,2.784,2.784,2.62,2.62,1300,3406.0,,,,,
2014-02-14,2.62,2.62,2.62,2.62,0,0.0,,,,,
2014-02-17,2.674,2.729,2.674,2.729,13100,35749.9,,,,,
2014-02-18,2.674,2.729,2.674,2.729,20100,54852.9,,,,,
2014-02-19,3.002,3.002,2.947,2.947,1100,3241.7000000000003,,,,,
2014-02-20,3.22,3.22,3.22,3.22,100,322.0,,,,,
2014-02-21,3.22,3.22,3.22,3.22,0,0.0,,,,,
2014-02-24,3.22,3.22,3.22,3.22,0,0.0,,,,,
2014-02-25,3.22,3.22,3.22,3.22,0,0.0,,,,,
2014-02-26,3.22,3.22,3.22,3.22,0,0.0,,,,,
2014-02-27,3.493,3.493,2.947,3.274,47700,156169.8,,,,,
2014-02-28,3.166,3.166,3.166,3.166,100,316.6,,,,,
2014-03-03,2.892,3.22,2.892,2.892,10600,30655.2,,,,,
2014-03-04,3.166,3.166,3.166,3.166,100,316.6,,,,,
2014-03-05,3.166,3.166,3.166,3.166,0,0.0,,,,,
2014-03-06,3.166,3.166,3.166,3.166,100,316.6,,,,,
2014-03-07,3.002,3.002,2.892,2.892,13300,38463.6,,,,,
2014-03-10,2.729,2.729,2.729,2.729,3300,9005.7,,,,,
2014-03-11,3.002,3.002,3.002,3.002,100,300.2,,,,,
2014-03-12,3.274,3.274,2.729,2.729,300,818.7,,,,,
2014-03-13,2.729,2.729,2.729,2.729,0,0.0,,,,,
2014-03-14,2.729,2.729,2.729,2.729,0,0.0,,,,,
2014-03-17,2.729,2.729,2.729,2.729,500,1364.5,,,,,
2014-03-18,2.784,3.002,2.784,3.002,5300,15910.6,,,,,
2014-03-19,3.22,3.274,3.002,3.002,1300,3902.6,,,,,
2014-03-20,3.166,3.166,3.002,3.166,10200,32293.2,,,,,
2014-03-21,3.166,3.384,3.166,3.329,21200,70574.8,,,,,
2014-03-24,3.056,3.329,3.056,3.274,2500,8185.0,,,,,
2014-03-25,3.274,3.274,3.166,3.22,5700,18354.0,,,,,
2014-03-26,3.22,3.384,3.111,3.111,8800,27376.800000000003,,,,,
2014-03-27,3.111,3.111,3.111,3.111,0,0.0,,,,,
2014-03-28,3.111,3.111,3.111,3.111,0,0.0,,,,,
2014-03-31,2.892,2.892,2.892,2.892,100,289.2,,,,,
2014-04-01,2.729,2.729,2.729,2.729,500,1364.5,,,,,
2014-04-02,2.729,2.892,2.729,2.729,33900,92513.1,,,,,
2014-04-03,3.002,3.002,3.002,3.002,300,900.5999999999999,,,,,
2014-04-04,3.002,3.002,3.002,3.002,0,0.0,,,,,
2014-04-07,3.056,3.056,2.838,2.838,6200,17595.600000000002,,,,,
2014-04-08,2.838,2.838,2.838,2.838,0,0.0,,,,,
2014-04-10,2.838,2.838,2.838,2.838,12000,34056.0,,,,,
2014-04-11,2.838,2.838,2.838,2.838,25000,70950.0,,,,,
2014-04-14,2.838,3.111,2.838,3.111,47800,148705.80000000002,,,,,
2014-04-15,3.111,3.111,3.111,3.111,0,0.0,,,,,
2014-04-16,3.111,3.111,3.111,3.111,1000,3111.0,,,,,
2014-04-17,3.111,3.111,3.111,3.111,0,0.0,,,,,
2014-04-18,2.838,3.22,2.838,3.22,3400,10948.0,,,,,
2014-04-21,3.22,3.22,3.22,3.22,0,0.0,,,,,
2014-04-22,3.22,3.22,3.22,3.22,0,0.0,,,,,
2014-04-23,2.947,2.947,2.947,2.947,1700,5009.900000000001,,,,,
2014-04-24,2.838,2.838,2.838,2.838,300,851.4,,,,,
2014-04-25,3.111,3.111,2.838,2.838,2000,5676.0,,,,,
2014-04-28,2.838,2.838,2.838,2.838,0,0.0,,,,,
2014-04-29,2.838,2.838,2.838,2.838,0,0.0,,,,,
2014-05-05,2.838,2.838,2.838,2.838,0,0.0,,,,,
2014-05-06,2.838,2.838,2.838,2.838,0,0.0,,,,,
2014-05-07,2.838,2.838,2.838,2.838,0,0.0,,,,,
2014-05-08,2.838,2.838,2.838,2.838,0,0.0,,,,,
2014-05-09,2.838,2.838,2.838,2.838,0,0.0,,,,,
2014-05-12,2.838,2.838,2.838,2.838,0,0.0,,,,,
2014-05-13,2.838,2.838,2.838,2.838,0,0.0,,,,,
2014-05-14,2.838,2.838,2.838,2.838,0,0.0,,,,,
2014-05-15,2.838,2.838,2.838,2.838,0,0.0,,,,,
2014-05-16,2.565,2.784,2.565,2.784,200,556.8,,,,,
2014-05-19,2.565,2.565,2.565,2.565,100,256.5,,,,,
2014-05-20,2.565,2.565,2.565,2.565,300,769.5,,,,,
2014-05-21,2.565,2.565,2.565,2.565,400,1026.0,,,,,
2014-05-22,2.565,2.565,2.565,2.565,100,256.5,,,,,
2014-05-23,2.565,2.565,2.565,2.565,0,0.0,,,,,
2014-05-26,2.565,2.565,2.565,2.565,0,0.0,,,,,
2014-05-27,2.565,2.565,2.565,2.565,0,0.0,,,,,
2014-05-28,2.565,2.565,2.565,2.565,0,0.0,,,,,
2014-05-29,2.565,2.565,2.565,2.565,0,0.0,,,,,
2014-05-30,2.565,2.565,2.565,2.565,0,0.0,,,,,
2014-06-02,2.565,2.565,2.565,2.565,0,0.0,,,,,
2014-06-03,2.565,2.565,2.565,2.565,0,0.0,,,,,
2014-06-04,2.565,2.565,2.565,2.565,0,0.0,,,,,
2014-06-05,2.565,2.565,2.565,2.565,0,0.0,,,,,
2014-06-06,2.62,2.62,2.62,2.62,100,262.0,,,,,
2014-06-09,2.62,2.62,2.62,2.62,0,0.0,,,,,
2014-06-10,2.674,2.674,2.674,2.674,1000,2674.0,,,,,
2014-06-11,2.674,2.674,2.674,2.674,0,0.0,,,,,
2014-06-12,2.674,2.674,2.674,2.674,0,0.0,,,,,
2014-06-13,2.674,2.674,2.674,2.674,0,0.0,,,,,
2014-06-16,2.838,2.892,2.51,2.51,2100,5271.0,,,,,
2014-06-17,2.51,2.51,2.51,2.51,0,0.0,,,,,
2014-06-18,2.51,2.51,2.51,2.51,0,0.0,,,,,
2014-06-19,2.51,2.51,2.51,2.51,0,0.0,,,,,
2014-06-20,2.51,2.51,2.51,2.51,0,0.0,,,,,
2014-06-23,2.51,2.51,2.51,2.51,0,0.0,,,,,
2014-06-24,2.51,2.51,2.51,2.51,0,0.0,,,,,
2014-06-25,2.729,2.729,2.729,2.729,100,272.90000000000003,,,,,
2014-06-26,2.729,2.729,2.729,2.729,0,0.0,,,,,
2014-06-27,2.729,2.729,2.729,2.729,0,0.0,,,,,
2014-06-30,2.729,2.729,2.729,2.729,0,0.0,,,,,
2014-07-01,2.729,2.729,2.729,2.729,0,0.0,,,,,
2014-07-02,2.729,2.729,2.729,2.729,0,0.0,,,,,
2014-07-03,2.784,2.784,2.62,2.62,2100,5502.0,,,,,
2014-07-04,2.62,2.838,2.62,2.838,200,567.6,,,,,
2014-07-07,2.729,3.002,2.62,3.002,3000,9006.0,,,,,
2014-07-08,2.838,2.838,2.838,2.838,3000,8514.0,,,,,
2014-07-09,2.838,2.838,2.838,2.838,0,0.0,,,,,
2014-07-10,2.838,2.838,2.838,2.838,0,0.0,,,,,
2014-07-11,2.838,2.838,2.838,2.838,0,0.0,,,,,
2014-07-14,2.838,2.838,2.838,2.838,0,0.0,,,,,
2014-07-15,2.838,2.838,2.838,2.838,0,0.0,,,,,
2014-07-16,2.565,3.111,2.565,3.111,500,1555.5,,,,,
2014-07-17,3.111,3.111,3.111,3.111,0,0.0,,,,,
2014-07-18,3.111,3.111,3.111,3.111,0,0.0,,,,,
2014-07-21,2.838,3.22,2.838,3.22,2200,7084.0,,,,,
2014-07-22,3.22,3.22,3.22,3.22,0,0.0,,,,,
2014-07-23,2.947,3.22,2.947,3.22,200,644.0,,,,,
2014-07-24,2.947,2.947,2.947,2.947,1500,4420.5,,,,,
2014-07-25,3.002,3.002,3.002,3.002,100,300.2,,,,,
2014-07-28,3.056,3.274,3.056,3.274,500,1637.0,,,,,
2014-07-29,3.274,3.274,3.274,3.274,0,0.0,,,,,
2014-07-30,3.274,3.274,3.274,3.274,0,0.0,,,,,
2014-07-31,3.274,3.274,3.274,3.274,0,0.0,,,,,
2014-08-01,3.002,3.002,3.002,3.002,100,300.2,,,,,
2014-08-04,2.729,2.892,2.729,2.892,3100,8965.199999999999,,,,,
2014-08-05,2.947,2.947,2.784,2.784,5100,14198.4,,,,,
2014-08-06,2.784,2.947,2.784,2.947,500,1473.5,,,,,
2014-08-07,2.838,3.002,2.838,3.002,12800,38425.6,,,,,
2014-08-08,3.002,3.002,2.784,2.784,5100,14198.4,,,,,
2014-08-11,2.892,3.002,2.51,3.002,6000,18012.0,,,,,
2014-08-12,2.892,3.002,2.892,2.892,5200,15038.4,,,,,
2014-08-13,3.002,3.002,2.892,2.892,9900,28630.8,,,,,
2014-08-14,2.892,2.947,2.892,2.892,5600,16195.2,,,,,
2014-08-15,2.892,2.892,2.892,2.892,5000,14460.0,,,,,
2014-08-18,2.892,3.111,2.892,3.111,5100,15866.1,,,,,
2014-08-19,3.002,3.002,3.002,3.002,5000,15009.999999999998,,,,,
2014-08-20,2.947,3.111,2.892,3.111,5100,15866.1,,,,,
2014-08-21,3.002,3.002,3.002,3.002,54000,162108.0,,,,,
2014-08-22,3.002,3.002,3.002,3.002,4600,13809.2,,,,,
2014-08-25,2.947,2.947,2.892,2.892,5500,15906.0,,,,,
2014-08-26,3.002,3.002,3.002,3.002,5000,15009.999999999998,,,,,
2014-08-27,2.947,2.947,2.947,2.947,5000,14735.0,,,,,
2014-08-28,2.947,2.947,2.947,2.947,5000,14735.0,,,,,
2014-08-29,2.674,2.674,2.674,2.674,900,2406.6,,,,,
2014-09-03,2.729,2.729,2.729,2.729,100,272.90000000000003,,,,,
2014-09-04,2.729,2.729,2.729,2.729,0,0.0,,,,,
2014-09-05,2.729,2.729,2.729,2.729,0,0.0,,,,,
2014-09-08,2.729,2.729,2.729,2.729,0,0.0,,,,,
2014-09-09,2.729,2.729,2.729,2.729,0,0.0,,,,,
2014-09-10,2.729,2.729,2.729,2.729,0,0.0,,,,,
2014-09-11,2.784,2.784,2.729,2.729,700,1910.3,,,,,
2014-09-12,2.892,2.892,2.892,2.892,500,1446.0,,,,,
2014-09-15,2.62,2.62,2.62,2.62,100,262.0,,,,,
2014-09-16,2.62,2.62,2.62,2.62,0,0.0,,,,,
2014-09-17,2.62,2.62,2.62,2.62,0,0.0,,,,,
2014-09-18,2.674,2.674,2.674,2.674,1100,2941.4,,,,,
2014-09-19,2.674,2.674,2.674,2.674,0,0.0,,,,,
2014-09-22,2.674,2.674,2.674,2.674,0,0.0,,,,,
2014-09-23,2.674,2.674,2.674,2.674,0,0.0,,,,,
2014-09-24,2.674,2.674,2.674,2.674,0,0.0,,,,,
2014-09-25,2.674,2.674,2.674,2.674,0,0.0,,,,,
2014-09-26,2.674,2.674,2.674,2.674,0,0.0,,,,,
2014-09-29,2.674,2.674,2.674,2.674,0,0.0,,,,,
2014-09-30,2.674,2.674,2.674,2.674,0,0.0,,,,,
2014-10-01,2.674,2.674,2.674,2.674,0,0.0,,,,,
2014-10-02,2.838,2.838,2.838,2.838,100,283.8,,,,,
2014-10-03,2.838,2.838,2.838,2.838,0,0.0,,,,,
2014-10-06,2.838,2.838,2.838,2.838,0,0.0,,,,,
2014-10-07,2.838,2.838,2.838,2.838,0,0.0,,,,,
2014-10-08,2.729,2.729,2.729,2.729,600,1637.4,,,,,
2014-10-09,2.674,2.674,2.674,2.674,100,267.4,,,,,
2014-10-10,2.674,2.674,2.674,2.674,0,0.0,,,,,
2014-10-13,2.892,2.892,2.892,2.892,10000,28920.0,,,,,
2014-10-14,2.892,2.892,2.892,2.892,0,0.0,,,,,
2014-10-15,2.892,2.892,2.892,2.892,0,0.0,,,,,
2014-10-16,2.892,2.892,2.892,2.892,0,0.0,,,,,
2014-10-17,2.62,2.947,2.62,2.947,200,589.4,,,,,
2014-10-20,2.947,2.947,2.947,2.947,0,0.0,,,,,
2014-10-21,2.947,2.947,2.947,2.947,0,0.0,,,,,
2014-10-22,2.729,2.947,2.729,2.947,900,2652.3,,,,,
2014-10-23,2.947,2.947,2.947,2.947,0,0.0,,,,,
2014-10-24,2.947,2.947,2.947,2.947,0,0.0,,,,,
2014-10-27,2.947,2.947,2.947,2.947,0,0.0,,,,,
2014-10-28,2.674,2.674,2.674,2.674,100,267.4,,,,,
2014-10-29,2.674,2.674,2.674,2.674,0,0.0,,,,,
2014-10-30,2.674,2.674,2.674,2.674,0,0.0,,,,,
2014-10-31,2.674,2.674,2.674,2.674,0,0.0,,,,,
2014-11-03,2.674,2.674,2.674,2.674,0,0.0,,,,,
2014-11-04,2.674,2.674,2.674,2.674,0,0.0,,,,,
2014-11-05,2.674,2.674,2.674,2.674,500,1337.0,,,,,
2014-11-06,2.674,2.674,2.674,2.674,0,0.0,,,,,
2014-11-07,2.674,2.674,2.674,2.674,0,0.0,,,,,
2014-11-10,2.456,2.456,2.456,2.456,10000,24560.0,,,,,
2014-11-11,2.456,2.456,2.456,2.456,0,0.0,,,,,
2014-11-12,2.456,2.456,2.456,2.456,0,0.0,,,,,
2014-11-13,2.456,2.456,2.456,2.456,0,0.0,,,,,
2014-11-14,2.674,2.674,2.456,2.456,700,1719.2,,,,,
2014-11-17,2.674,2.674,2.674,2.674,600,1604.4,,,,,
2014-11-18,2.892,2.892,2.838,2.838,10800,30650.4,,,,,
2014-11-19,2.838,3.111,2.674,2.729,9300,25379.7,,,,,
2014-11-20,3.002,3.002,3.002,3.002,500,1501.0,,,,,
2014-11-21,3.22,3.274,2.729,2.729,13100,35749.9,,,,,
2014-11-24,3.002,3.002,3.002,3.002,5100,15310.2,,,,,
2014-11-25,3.274,3.274,3.274,3.274,2500,8185.0,,,,,
2014-11-26,3.548,3.602,3.329,3.329,6200,20639.800000000003,,,,,
2014-11-27,3.548,3.548,3.548,3.548,1000,3548.0,,,,,
2014-11-28,3.548,3.875,3.548,3.548,5900,20933.2,,,,,
2014-12-01,3.438,3.438,3.438,3.438,300,1031.4,,,,,
2014-12-02,3.766,3.766,3.766,3.766,2000,7532.0,,,,,
2014-12-03,3.766,3.766,3.766,3.766,0,0.0,,,,,
2014-12-04,3.82,4.094,3.82,4.094,21700,88839.8,,,,,
2014-12-05,4.476,4.476,4.476,4.476,2700,12085.2,,,,,
2014-12-08,4.803,4.912,4.803,4.912,10400,51084.8,,,,,
2014-12-09,4.803,5.404,4.803,5.404,15100,81600.4,,,,,
2014-12-10,5.567,5.567,5.567,5.567,1000,5567.0,,,,,
2014-12-11,5.021,5.458,5.021,5.458,6700,36568.6,,,,,
2014-12-12,5.404,6.004,5.404,6.004,56200,337424.8,,,,,
2014-12-15,5.731,6.604,5.731,6.604,54900,362559.6,,,,,
2014-12-16,6.604,7.259,6.604,6.659,17900,119196.1,,,,,
2014-12-17,6.659,6.659,6.659,6.659,0,0.0,,,,,
2014-12-18,7.313,7.313,7.313,7.313,7000,51191.0,,,,,
2014-12-19,7.313,7.313,7.313,7.313,0,0.0,,,,,
2014-12-22,7.313,7.313,7.313,7.313,0,0.0,,,,,
2014-12-23,7.859,7.859,7.859,7.859,100,785.9,,,,,
2014-12-24,7.859,7.859,7.859,7.859,0,0.0,,,,,
2014-12-25,7.859,7.859,7.859,7.859,0,0.0,,,,,
2014-12-26,7.859,7.859,7.859,7.859,0,0.0,,,,,
2014-12-29,7.859,7.859,7.859,7.859,0,0.0,,,,,
2014-12-30,7.859,7.859,7.859,7.859,0,0.0,,,,,
2014-12-31,7.859,7.859,7.859,7.859,0,0.0,,,,,
2015-01-05,7.859,7.859,7.859,7.859,0,0.0,,,,,
2015-01-06,7.859,7.859,7.859,7.859,0,0.0,,,,,
2015-01-07,7.859,7.859,7.859,7.859,0,0.0,,,,,
2015-01-08,7.095,7.095,7.095,7.095,8100,57469.5,,,,,
2015-01-09,7.095,7.095,7.095,7.095,0,0.0,,,,,
2015-01-12,6.549,6.549,6.386,6.386,500,3193.0,,,,,
2015-01-13,5.786,5.786,5.786,5.786,200,1157.1999999999998,,,,,
2015-01-14,5.24,5.24,5.24,5.24,3500,18340.0,,,,,
2015-01-15,4.748,5.731,4.748,5.731,2500,14327.5,,,,,
2015-01-16,5.731,5.731,5.731,5.731,7100,40690.1,,,,,
2015-01-19,5.731,5.731,5.731,5.731,10500,60175.5,,,,,
2015-01-20,5.731,5.731,5.731,5.731,0,0.0,,,,,
2015-01-21,6.276,6.276,6.276,6.276,100,627.6,,,,,
2015-01-22,6.276,6.276,6.276,6.276,0,0.0,,,,,
2015-01-23,6.276,6.276,6.276,6.276,0,0.0,,,,,
2015-01-26,6.276,6.276,6.276,6.276,0,0.0,,,,,
2015-01-27,6.222,6.822,6.222,6.822,329300,2246484.6,,,,,
2015-01-28,7.477,7.477,7.477,7.477,100,747.7,,,,,
2015-01-29,7.477,7.477,7.477,7.477,0,0.0,,,,,
2015-01-30,7.477,7.477,7.477,7.477,0,0.0,,,,,
2015-02-02,8.187,8.187,8.187,8.187,100,818.6999999999999,,,,,
2015-02-03,8.187,8.187,8.187,8.187,0,0.0,,,,,
2015-02-04,8.187,8.187,8.187,8.187,0,0.0,,,,,
2015-02-05,8.187,8.187,8.187,8.187,0,0.0,,,,,
2015-02-06,7.586,7.586,7.586,7.586,500,3793.0,,,,,
2015-02-09,8.077,8.132,8.077,8.132,200,1626.4,,,,,
2015-02-10,8.132,8.132,8.132,8.132,0,0.0,,,,,
2015-02-11,8.132,8.132,8.132,8.132,0,0.0,,,,,
2015-02-12,8.132,8.132,8.132,8.132,0,0.0,,,,,
2015-02-13,8.132,8.132,8.132,8.132,0,0.0,,,,,
2015-02-24,8.132,8.132,8.132,8.132,0,0.0,,,,,
2015-02-25,8.132,8.132,8.132,8.132,0,0.0,,,,,
2015-02-26,7.532,8.077,7.532,8.077,2800,22615.6,,,,,
2015-02-27,8.077,8.077,8.077,8.077,0,0.0,,,,,
2015-03-02,8.077,8.077,8.077,8.077,0,0.0,,,,,
2015-03-03,8.077,8.077,8.077,8.077,0,0.0,,,,,
2015-03-04,8.077,8.077,8.077,8.077,0,0.0,,,,,
2015-03-05,7.313,8.842,7.313,8.842,4300,38020.600000000006,,,,,
2015-03-06,8.842,8.842,8.842,8.842,0,0.0,,,,,
2015-03-09,8.842,8.842,8.842,8.842,0,0.0,,,,,
2015-03-10,8.842,8.842,8.842,8.842,0,0.0,,,,,
2015-03-11,8.842,8.842,8.842,8.842,0,0.0,,,,,
2015-03-12,8.842,8.842,8.842,8.842,0,0.0,,,,,
2015-03-13,8.842,8.842,8.842,8.842,0,0.0,,,,,
2015-03-16,8.842,8.842,8.842,8.842,0,0.0,,,,,
2015-03-17,8.842,8.842,8.842,8.842,0,0.0,,,,,
2015-03-18,8.842,8.842,8.842,8.842,0,0.0,,,,,
2015-03-19,8.842,8.842,8.842,8.842,0,0.0,,,,,
2015-03-20,8.842,8.842,8.842,8.842,0,0.0,,,,,
2015-03-23,8.842,8.842,8.842,8.842,0,0.0,,,,,
2015-03-24,7.969,9.715,7.969,9.715,15300,148639.5,,,,,
2015-03-25,9.715,9.715,9.715,9.715,0,0.0,,,,,
2015-03-26,9.715,9.715,9.715,9.715,0,0.0,,,,,
2015-03-27,9.715,9.715,9.715,9.715,0,0.0,,,,,
2015-03-30,9.715,9.715,9.715,9.715,0,0.0,,,,,
2015-03-31,9.715,9.715,9.715,9.715,0,0.0,,,,,
2015-04-01,9.715,9.715,9.715,9.715,0,0.0,,,,,
2015-04-02,9.715,9.715,9.715,9.715,0,0.0,,,,,
2015-04-03,9.715,9.715,9.715,9.715,0,0.0,,,,,
2015-04-06,9.715,9.715,9.715,9.715,0,0.0,,,,,
2015-04-07,9.715,9.715,9.715,9.715,0,0.0,,,,,
2015-04-08,9.715,9.715,9.715,9.715,0,0.0,,,,,
2015-04-09,8.787,8.787,8.787,8.787,100,878.7,,,,,
2015-04-10,7.914,7.914,7.914,7.914,6500,51441.0,,,,,
2015-04-13,7.914,7.914,7.914,7.914,0,0.0,,,,,
2015-04-14,7.914,7.914,7.914,7.914,0,0.0,,,,,
2015-04-15,7.914,7.914,7.914,7.914,0,0.0,,,,,
2015-04-16,7.914,7.914,7.914,7.914,0,0.0,,,,,
2015-04-17,7.149,8.678,7.149,8.678,10100,87647.8,,,,,
2015-04-20,7.859,7.859,7.859,7.859,100,785.9,,,,,
2015-04-21,7.095,7.095,7.095,7.095,100,709.5,,,,,
2015-04-22,7.095,7.095,7.095,7.095,0,0.0,,,,,
2015-04-23,6.549,6.549,6.386,6.386,200,1277.2,,,,,
2015-04-24,5.786,5.786,5.786,5.786,200,1157.1999999999998,,,,,
2015-04-27,5.731,6.331,5.731,6.331,1000,6331.0,,,,,
2015-05-04,6.331,6.331,6.331,6.331,0,0.0,,,,,
2015-05-05,6.822,6.822,6.822,6.822,100,682.2,,,,,
2015-05-06,6.822,6.822,6.822,6.822,0,0.0,,,,,
2015-05-07,6.168,6.822,6.168,6.822,3100,21148.2,,,,,
2015-05-08,6.168,6.168,6.168,6.168,200,1233.6,,,,,
2015-05-11,6.113,6.113,6.113,6.113,100,611.3000000000001,,,,,
2015-05-12,6.549,6.549,6.549,6.549,100,654.9000000000001,,,,,
2015-05-13,6.549,7.204,6.549,7.204,3000,21612.0,,,,,
2015-05-14,7.641,7.914,7.204,7.204,1000,7204.0,,,,,
2015-05-15,7.149,7.149,6.549,6.549,200,1309.8000000000002,,,,,
2015-05-18,6.549,6.549,6.549,6.549,0,0.0,,,,,
2015-05-19,6.549,6.549,6.549,6.549,0,0.0,,,,,
2015-05-20,6.549,6.549,6.549,6.549,0,0.0,,,,,
2015-05-21,6.44,6.44,5.894,5.894,4100,24165.4,,,,,
2015-05-22,5.567,6.44,5.567,6.44,4300,27692.0,,,,,
2015-05-25,6.822,6.822,6.822,6.822,100,682.2,,,,,
2015-05-26,6.767,6.767,6.767,6.767,18100,122482.7,,,,,
2015-05-27,6.767,6.767,6.767,6.767,0,0.0,,,,,
2015-05-28,6.767,6.767,6.767,6.767,0,0.0,,,,,
2015-05-29,6.767,6.767,6.767,6.767,0,0.0,,,,,
2015-06-01,6.767,6.767,6.767,6.767,0,0.0,,,,,
2015-06-02,6.767,6.767,6.767,6.767,0,0.0,,,,,
2015-06-03,6.767,6.767,6.767,6.767,0,0.0,,,,,
2015-06-04,6.767,6.767,6.767,6.767,0,0.0,,,,,
2015-06-05,6.767,6.767,6.767,6.767,0,0.0,,,,,
2015-06-08,6.767,6.767,6.767,6.767,0,0.0,,,,,
2015-06-09,6.767,6.767,6.767,6.767,0,0.0,,,,,
2015-06-10,6.767,6.767,6.767,6.767,0,0.0,,,,,
2015-06-11,6.767,6.767,6.767,6.767,0,0.0,,,,,
2015-06-12,6.767,6.767,6.767,6.767,0,0.0,,,,,
2015-06-15,6.767,6.767,6.767,6.767,0,0.0,,,,,
2015-06-16,6.767,6.767,6.767,6.767,0,0.0,,,,,
2015-06-17,6.767,6.767,6.767,6.767,0,0.0,,,,,
2015-06-18,6.767,6.767,6.767,6.767,0,0.0,,,,,
2015-06-19,6.767,6.767,6.767,6.767,0,0.0,,,,,
2015-06-22,6.549,6.549,6.549,6.549,100,654.9000000000001,,,,,
2015-06-23,6.549,6.549,6.549,6.549,0,0.0,,,,,
2015-06-24,6.276,6.276,6.276,6.276,100,627.6,,,,,
2015-06-25,6.276,6.276,6.276,6.276,0,0.0,,,,,
2015-06-26,6.276,6.276,6.276,6.276,0,0.0,,,,,
2015-06-29,6.004,6.004,6.004,6.004,100,600.4,,,,,
2015-06-30,6.004,6.004,6.004,6.004,0,0.0,,,,,
2015-07-01,6.004,6.004,6.004,6.004,0,0.0,,,,,
2015-07-02,6.004,6.004,6.004,6.004,0,0.0,,,,,
2015-07-03,6.004,6.004,6.004,6.004,0,0.0,,,,,
2015-07-06,5.458,5.458,5.458,5.458,100,545.8000000000001,,,,,
2015-07-07,5.458,5.458,5.458,5.458,0,0.0,,,,,
2015-07-08,5.458,5.458,5.458,5.458,0,0.0,,,,,
2015-07-09,5.458,5.458,5.458,5.458,0,0.0,,,,,
2015-07-10,5.458,5.458,5.458,5.458,0,0.0,,,,,
2015-07-13,5.458,5.458,5.458,5.458,0,0.0,,,,,
2015-07-14,5.458,5.458,5.458,5.458,0,0.0,,,,,
2015-07-15,5.458,5.458,5.458,5.458,0,0.0,,,,,
2015-07-16,5.458,5.458,5.458,5.458,0,0.0,,,,,
2015-07-17,5.458,5.458,5.458,5.458,0,0.0,,,,,
2015-07-20,5.458,5.458,5.458,5.458,0,0.0,,,,,
2015-07-21,5.512,6.004,5.512,6.004,2700,16210.8,,,,,
2015-07-22,5.949,6.004,5.949,6.004,5100,30620.4,,,,,
2015-07-23,6.004,6.004,6.004,6.004,0,0.0,,,,,
2015-07-24,6.004,6.004,6.004,6.004,0,0.0,,,,,
2015-07-27,6.004,6.004,6.004,6.004,0,0.0,,,,,
2015-07-28,6.004,6.004,6.004,6.004,0,0.0,,,,,
2015-07-29,6.004,6.004,6.004,6.004,0,0.0,,,,,
2015-07-30,6.004,6.004,6.004,6.004,0,0.0,,,,,
2015-07-31,6.004,6.004,6.004,6.004,0,0.0,,,,,
2015-08-03,6.004,6.004,6.004,6.004,0,0.0,,,,,
2015-08-04,6.004,6.004,6.004,6.004,0,0.0,,,,,
2015-08-05,6.004,6.004,6.004,6.004,0,0.0,,,,,
2015-08-06,6.004,6.004,6.004,6.004,0,0.0,,,,,
2015-08-07,6.004,6.004,6.004,6.004,0,0.0,,,,,
2015-08-10,6.004,6.004,6.004,6.004,0,0.0,,,,,
2015-08-11,6.004,6.004,6.004,6.004,0,0.0,,,,,
2015-08-12,6.004,6.004,6.004,6.004,0,0.0,,,,,
2015-08-13,6.004,6.004,6.004,6.004,0,0.0,,,,,
2015-08-14,5.949,5.949,5.949,5.949,100,594.9,,,,,
2015-08-17,5.949,5.949,5.949,5.949,0,0.0,,,,,
2015-08-18,5.949,5.949,5.949,5.949,0,0.0,,,,,
2015-08-19,5.949,5.949,5.949,5.949,0,0.0,,,,,
2015-08-20,5.949,5.949,5.949,5.949,0,0.0,,,,,
2015-08-21,5.949,5.949,5.949,5.949,0,0.0,,,,,
2015-08-24,5.949,5.949,5.949,5.949,0,0.0,,,,,
2015-08-25,5.949,5.949,5.949,5.949,0,0.0,,,,,
2015-08-26,5.949,5.949,5.949,5.949,0,0.0,,,,,
2015-08-27,5.949,5.949,5.949,5.949,0,0.0,,,,,
2015-08-28,5.949,5.949,5.949,5.949,0,0.0,,,,,
2015-08-31,6.276,6.276,6.276,6.276,100,627.6,,,,,
2015-09-01,6.276,6.276,6.276,6.276,0,0.0,,,,,
2015-09-03,6.276,6.276,6.276,6.276,0,0.0,,,,,
2015-09-04,6.276,6.276,6.276,6.276,0,0.0,,,,,
2015-09-07,6.276,6.495,6.276,6.495,25700,166921.5,,,,,
2015-09-08,6.495,6.495,6.495,6.495,0,0.0,,,,,
2015-09-09,6.495,6.495,6.495,6.495,0,0.0,,,,,
2015-09-10,6.495,6.495,6.495,6.495,0,0.0,,,,,
2015-09-11,6.495,6.495,6.495,6.495,0,0.0,,,,,
2015-09-14,6.495,6.495,6.495,6.495,0,0.0,,,,,
2015-09-15,6.495,6.495,6.495,6.495,0,0.0,,,,,
2015-09-16,6.495,6.495,6.495,6.495,0,0.0,,,,,
2015-09-17,6.495,6.495,6.495,6.495,0,0.0,,,,,
2015-09-18,6.495,6.495,6.495,6.495,0,0.0,,,,,
2015-09-21,6.495,6.495,6.495,6.495,0,0.0,,,,,
2015-09-22,6.495,6.495,6.495,6.495,0,0.0,,,,,
2015-09-23,6.431,6.431,6.431,6.431,9000,57879.0,,,,,
2015-09-24,6.431,6.431,6.431,6.431,0,0.0,,,,,
2015-09-25,6.431,6.431,6.431,6.431,0,0.0,,,,,
2015-09-28,6.431,6.431,6.431,6.431,0,0.0,,,,,
2015-09-29,6.431,6.431,6.431,6.431,0,0.0,,,,,
2015-09-30,6.431,6.431,6.431,6.431,0,0.0,,,,,
2015-10-01,6.431,6.431,6.431,6.431,0,0.0,,,,,
2015-10-02,6.431,6.431,6.431,6.431,0,0.0,,,,,
2015-10-05,6.431,6.431,6.431,6.431,0,0.0,,,,,
2015-10-06,6.431,6.431,6.431,6.431,0,0.0,,,,,
2015-10-07,6.431,6.431,6.431,6.431,0,0.0,,,,,
2015-10-08,6.431,6.431,6.431,6.431,0,0.0,,,,,
2015-10-09,6.431,6.431,6.431,6.431,0,0.0,,,,,
2015-10-12,6.431,6.431,6.431,6.431,0,0.0,,,,,
2015-10-13,6.431,6.431,6.431,6.431,0,0.0,,,,,
2015-10-14,6.431,6.431,6.431,6.431,0,0.0,,,,,
2015-10-15,6.431,6.431,6.431,6.431,0,0.0,,,,,
2015-10-16,6.431,6.431,6.431,6.431,0,0.0,,,,,
2015-10-19,6.431,6.431,6.431,6.431,0,0.0,,,,,
2015-10-20,6.431,6.431,6.431,6.431,0,0.0,,,,,
2015-10-21,6.431,6.431,6.431,6.431,0,0.0,,,,,
2015-10-22,6.431,6.431,6.431,6.431,0,0.0,,,,,
2015-10-23,6.431,6.431,6.431,6.431,0,0.0,,,,,
2015-10-26,6.431,6.431,6.431,6.431,0,0.0,,,,,
2015-10-27,6.431,6.431,6.431,6.431,0,0.0,,,,,
2015-10-28,6.431,6.431,6.431,6.431,0,0.0,,,,,
2015-10-29,6.431,6.431,6.431,6.431,0,0.0,,,,,
2015-10-30,6.431,6.431,6.431,6.431,0,0.0,,,,,
2015-11-02,6.431,6.431,6.431,6.431,0,0.0,,,,,
2015-11-03,6.431,6.431,6.431,6.431,100,643.1,,,,,
2015-11-04,7.074,7.074,7.074,7.074,100,707.4,,,,,
2015-11-05,7.074,7.074,7.074,7.074,0,0.0,,,,,
2015-11-06,7.074,7.074,7.074,7.074,0,0.0,,,,,
2015-11-09,7.074,7.074,7.074,7.074,0,0.0,,,,,
2015-11-10,7.074,7.074,7.074,7.074,0,0.0,,,,,
2015-11-11,7.074,7.074,7.074,7.074,0,0.0,,,,,
2015-11-12,7.074,7.074,7.074,7.074,0,0.0,,,,,
2015-11-13,6.431,6.431,6.431,6.431,3100,19936.1,,,,,
2015-11-16,6.431,6.431,6.431,6.431,0,0.0,,,,,
2015-11-17,6.431,6.431,6.431,6.431,0,0.0,,,,,
2015-11-18,6.431,6.431,6.431,6.431,0,0.0,,,,,
2015-11-19,6.431,6.431,6.431,6.431,0,0.0,,,,,
2015-11-20,6.431,6.431,6.431,6.431,0,0.0,,,,,
2015-11-23,6.431,6.431,6.431,6.431,0,0.0,,,,,
2015-11-24,6.431,6.431,6.431,6.431,0,0.0,,,,,
2015-11-25,6.366,6.366,6.366,6.366,500,3183.0,,,,,
2015-11-26,6.366,6.366,6.366,6.366,0,0.0,,,,,
2015-11-27,6.366,6.366,6.366,6.366,0,0.0,,,,,
2015-11-30,6.366,6.366,6.366,6.366,0,0.0,,,,,
2015-12-01,6.366,6.366,6.366,6.366,0,0.0,,,,,
2015-12-02,6.366,6.366,6.366,6.366,0,0.0,,,,,
2015-12-03,6.945,6.945,6.431,6.945,11700,81256.5,,,,,
2015-12-04,7.331,7.588,7.138,7.588,233900,1774833.2,,,,,
2015-12-07,8.038,8.295,7.652,8.295,97600,809592.0,,,,,
2015-12-08,9.067,9.067,9.003,9.067,142200,1289327.4,,,,,
2015-12-09,9.324,9.967,8.681,9.839,136700,1344991.3,,,,,
2015-12-10,10.289,10.803,9.903,10.803,127200,1374141.6,,,,,
2015-12-11,11.253,11.832,10.932,11.832,121400,1436404.8,,,,,
2015-12-14,12.861,12.99,12.54,12.99,190100,2469399.0,,,,,
2015-12-15,13.504,14.276,13.504,14.276,214300,3059346.8,,,,,
2015-12-16,15.24,15.69,15.112,15.112,638200,9644478.4,,,,,
2015-12-17,15.112,15.24,14.79,14.79,545800,8072382.0,,,,,
2015-12-18,14.79,15.047,13.954,14.147,520400,7362098.8,,,,,
2015-12-21,14.147,14.533,13.89,14.469,509800,7376296.199999999,,,,,
2015-12-22,14.404,15.883,14.404,15.883,714600,11349991.8,,,,,
2015-12-23,17.427,17.427,15.819,16.269,478300,7781462.699999999,,,,,
2015-12-24,16.269,16.848,16.012,16.655,449900,7493084.500000001,,,,,
2015-12-25,16.655,18.263,16.205,16.398,528500,8666343.0,,,,,
2015-12-28,16.398,16.526,15.883,15.883,481700,7650841.1,,,,,
2015-12-29,15.883,15.948,15.433,15.948,402300,6415880.4,,,,,
2015-12-30,15.948,16.398,15.69,16.205,493200,7992305.999999999,,,,,
2015-12-31,16.205,16.398,16.012,16.205,508900,8246724.499999999,,,,,
2016-01-04,16.205,16.591,15.883,16.076,508500,8174646.0,,,,,
2016-01-05,16.076,16.269,15.948,16.205,374500,6068772.499999999,,,,,
2016-01-06,16.462,16.591,16.012,16.205,393400,6375046.999999999,,,,,
2016-01-07,16.269,16.269,16.012,16.269,412700,6714216.299999999,,,,,
2016-01-08,16.269,16.398,16.076,16.398,453900,7443052.2,,,,,
2016-01-11,16.334,16.655,16.012,16.591,390400,6477126.4,,,,,
2016-01-12,16.462,16.655,16.141,16.655,389500,6487122.5,,,,,
2016-01-13,16.719,16.719,16.398,16.591,316300,5247733.300000001,,,,,
2016-01-14,16.591,16.848,16.591,16.784,268000,4498112.0,,,,,
2016-01-15,16.784,17.041,16.462,16.719,370500,6194389.5,,,,,
2016-01-18,16.655,16.784,16.591,16.719,258000,4313502.0,,,,,
2016-01-19,16.719,16.784,16.398,16.719,212500,3552787.5000000005,,,,,
2016-01-20,16.591,16.848,16.462,16.848,242500,4085640.0,,,,,
2016-01-21,17.041,17.169,16.526,16.784,218800,3672339.2,,,,,
2016-01-22,16.912,17.105,16.398,16.655,228200,3800671.000000001,,,,,
2016-01-25,16.655,16.977,16.398,16.977,364700,6191511.9,,,,,
2016-01-26,16.848,17.169,16.526,16.912,248300,4199249.6,,,,,
2016-01-27,16.912,17.041,16.719,16.719,221600,3704930.4,,,,,
2016-01-28,16.591,16.912,16.334,16.848,207300,3492590.4,,,,,
2016-01-29,16.848,17.105,16.526,16.848,195900,3300523.2,,,,,
2016-02-01,17.105,17.234,16.591,16.784,252000,4229568.0,,,,,
2016-02-02,16.655,17.041,16.655,16.719,215700,3606288.3,,,,,
2016-02-03,16.591,16.848,16.591,16.848,226400,3814387.2,,,,,
2016-02-04,16.719,17.105,16.398,16.848,156600,2638396.8,,,,,
2016-02-05,16.977,17.105,16.655,16.784,174100,2922094.4,,,,,
2016-02-15,16.591,16.977,16.462,16.912,179100,3028939.2,,,,,
2016-02-16,16.912,17.041,16.526,16.912,207800,3514313.6,,,,,
2016-02-17,16.912,16.912,16.719,16.719,223200,3731680.8,,,,,
2016-02-18,16.719,16.912,16.526,16.719,644500,10775395.5,,,,,
2016-02-19,16.526,16.977,16.398,16.848,643500,10841688.0,,,,,
2016-02-22,16.719,16.977,16.526,16.912,494500,8362983.999999999,,,,,
2016-02-23,16.784,16.977,16.591,16.912,344900,5832948.8,,,,,
2016-02-24,17.105,17.234,16.655,16.719,448400,7496799.600000001,,,,,
2016-02-25,15.047,16.848,15.047,16.398,578700,9489522.6,,,,,
2016-02-26,16.655,17.105,16.334,17.041,891600,15193755.6,,,,,
2016-02-29,16.912,18.456,16.719,18.456,1399700,25832863.2,,,,,
2016-03-01,18.456,20.256,18.456,19.999,1564600,31290435.4,,,,,
2016-03-02,19.87,20.385,19.677,19.742,913300,18030368.6,,,,,
2016-03-03,19.742,19.742,18.97,19.292,688700,13286400.4,,,,,
2016-03-04,19.099,19.613,18.906,18.97,644800,12231856.0,,,,,
2016-03-07,18.97,19.356,18.456,18.456,567200,10468243.2,,,,,
2016-03-08,18.456,18.777,18.005,18.134,629000,11406286.0,,,,,
2016-03-09,17.941,18.327,17.941,18.198,472200,8593095.6,,,,,
2016-03-10,18.198,18.52,17.748,18.263,531500,9706784.5,,,,,
2016-03-11,16.462,18.391,16.462,18.263,551577,10073450.751,,,,,
2016-03-14,18.263,20.063,18.005,20.063,1344377,26972235.751,,,,,
2016-03-15,20.063,21.414,19.806,21.349,1084700,23157260.3,,,,,
2016-03-16,22.828,23.471,21.221,21.221,604000,12817484.0,,,,,
2016-03-17,21.028,21.478,20.578,20.578,329412,6778640.136,,,,,
2016-03-18,20.578,20.578,20.256,20.32,403500,8199120.0,,,,,
2016-03-21,19.999,20.449,19.742,20.449,233400,4772796.600000001,,,,,
2016-03-22,20.449,20.835,20.128,20.449,507100,10369687.9,,,,,
2016-03-23,20.578,20.899,19.999,20.32,446500,9072880.0,,,,,
2016-03-24,20.32,20.449,20.063,20.385,779327,15886580.895,,,,,
2016-03-25,20.385,20.706,19.935,20.513,362377,7433439.401000001,,,,,
2016-03-28,20.449,20.899,20.256,20.642,1060925,21899613.85,,,,,
2016-03-29,20.642,20.642,20.256,20.513,1178784,24180396.192,,,,,
2016-03-30,20.063,20.578,20.063,20.513,529700,10865736.1,,,,,
2016-03-31,18.52,20.578,18.52,20.449,348700,7130566.300000001,,,,,
2016-04-01,20.449,20.835,19.999,20.385,295200,6017652.0,,,,,
2016-04-04,19.935,21.864,19.742,21.864,1194900,26125293.6,,,,,
2016-04-05,21.864,23.6,21.607,23.536,1086300,25567156.8,,,,,
2016-04-06,23.15,25.079,23.15,25.079,1035200,25961780.8,,,,,
2016-04-07,25.079,25.208,24.436,24.693,499900,12344030.7,,,,,
2016-04-08,24.822,24.822,23.729,24.5,366600,8981700.0,,,,,
2016-04-11,24.5,26.044,23.857,26.044,934400,24335513.6,,,,,
2016-04-12,25.851,28.037,25.722,28.037,1167400,32730393.8,,,,,
2016-04-13,30.802,30.802,27.458,27.458,646500,17751597.0,,,,,
2016-04-14,27.458,27.458,26.365,26.815,383300,10278189.5,,,,,
2016-04-15,26.687,27.008,25.593,25.786,487300,12565517.8,,,,,
2016-04-19,25.465,25.915,25.079,25.786,371300,9574341.8,,,,,
2016-04-20,25.786,26.237,25.401,25.851,255700,6610100.7,,,,,
2016-04-21,26.301,26.301,25.208,25.979,296200,7694979.8,,,,,
2016-04-22,25.915,26.172,25.401,26.172,321500,8414298.0,,,,,
2016-04-25,25.915,28.359,25.529,28.359,1972593,55940764.887,,,,,
2016-04-26,28.616,30.352,28.294,30.352,1832500,55620040.0,,,,,
2016-04-27,30.352,31.188,29.58,30.223,1521500,45984294.5,,,,,
2016-04-28,29.902,30.223,27.201,27.201,381900,10388061.9,,,,,
2016-04-29,24.5,24.5,24.5,24.5,262900,6441050.0,,,,,
2016-05-04,22.057,22.828,22.057,22.828,1620000,36981360.0,,,,,
2016-05-05,22.443,23.278,22.25,22.507,512800,11541589.6,,,,,
2016-05-06,20.385,22.571,20.385,22.571,603500,13621598.5,,,,,
2016-05-09,22.185,23.536,21.864,22.571,1121900,25322404.9,,,,,
2016-05-10,20.385,23.021,20.385,22.443,654500,14688943.5,,,,,
2016-05-11,22.828,23.15,21.799,22.571,992800,22408488.8,,,,,
2016-05-12,20.449,23.15,20.385,22.635,1060200,23997627.0,,,,,
2016-05-13,22.635,23.021,22.185,22.764,473300,10774201.2,,,,,
2016-05-16,22.828,23.086,22.25,22.507,721470,16238125.29,,,,,
2016-05-17,22.378,23.021,22.25,22.828,595400,13591791.2,,,,,
2016-05-18,22.121,23.15,21.928,22.893,434100,9937851.3,,,,,
2016-05-19,22.571,23.214,22.057,22.764,487000,11086068.0,,,,,
2016-05-20,23.15,23.536,22.25,22.764,561018,12771013.752,,,,,
2016-05-23,22.764,23.086,22.185,22.764,648773,14768668.572,,,,,
2016-05-24,22.314,23.021,22.25,22.635,389100,8807278.5,,,,,
2016-05-25,23.021,23.407,21.735,22.635,449977,10185229.395,,,,,
2016-05-26,22.571,23.664,22.25,22.635,506000,11453310.0,,,,,
2016-05-27,22.25,23.407,21.607,22.764,364300,8292925.2,,,,,
2016-05-30,23.214,23.343,21.992,22.764,509600,11600534.4,,,,,
2016-05-31,22.7,23.343,22.185,22.828,653200,14911249.6,,,,,
2016-06-01,22.507,23.15,22.185,22.7,635500,14425850.0,,,,,
2016-06-02,22.507,23.15,22.507,22.828,543600,12409300.8,,,,,
2016-06-03,23.15,23.15,21.735,22.764,393700,8962186.799999999,,,,,
2016-06-06,22.25,23.086,21.864,22.7,549500,12473650.0,,,,,
2016-06-07,22.764,23.086,21.992,22.764,480600,10940378.4,,,,,
2016-06-08,22.571,24.307,22.057,24.307,1699000,41297593.0,,,,,
2016-06-09,24.372,26.687,24.243,26.687,2550900,68075868.3,,,,,
2016-06-10,26.687,27.973,24.05,26.687,1736200,46333969.4,,,,,
2016-06-13,26.558,26.558,24.05,24.05,402700,9684935.0,,,,,
2016-06-14,21.671,21.671,21.671,21.671,641400,13899779.4,,,,,
2016-06-15,19.549,21.092,19.549,19.549,491700,9612243.3,,,,,
2016-06-16,17.62,19.034,17.62,18.97,2205300,41834541.0,,,,,
2016-06-17,18.97,20.771,18.649,20.771,2108000,43785268.0,,,,,
2016-06-20,20.771,22.057,18.713,18.713,2309700,43221416.1,,,,,
2016-06-21,18.649,18.649,16.848,16.848,1732400,29187475.2,,,,,
2016-06-22,15.305,16.655,15.176,15.819,1180100,18668001.9,,,,,
2016-06-23,15.819,16.012,15.562,16.012,433400,6939600.8,,,,,
2016-06-24,16.012,16.076,15.755,15.948,781000,12455388.0,,,,,
2016-06-27,15.755,16.076,15.433,16.012,984800,15768617.6,,,,,
2016-06-28,16.012,16.591,15.69,16.591,913400,15154219.4,,,,,
2016-06-29,16.591,17.041,16.076,17.041,784000,13360144.0,,,,,
2016-06-30,17.041,17.362,16.398,16.912,904200,15291830.4,,,,,
2016-07-01,16.912,17.362,16.719,16.719,828200,13846675.8,,,,,
2016-07-04,16.719,17.041,16.398,16.719,680200,11372263.8,,,,,
2016-07-05,16.719,16.977,16.398,16.784,808800,13574899.2,,,,,
2016-07-06,16.784,17.041,16.398,16.848,743100,12519748.8,,,,,
2016-07-07,16.462,16.977,16.269,16.977,834500,14167306.5,,,,,
2016-07-08,16.719,16.977,16.719,16.719,479300,8013416.7,,,,,
2016-07-11,16.719,16.784,16.526,16.526,578000,9552028.0,,,,,
2016-07-12,16.076,16.912,16.076,16.784,932300,15647723.2,,,,,
2016-07-13,16.977,17.169,16.591,16.719,745800,12469030.2,,,,,
2016-07-14,16.848,16.977,16.526,16.655,559500,9318472.5,,,,,
2016-07-15,16.784,16.912,16.398,16.591,507300,8416614.3,,,,,
2016-07-18,16.462,16.719,16.269,16.719,755300,12627860.7,,,,,
2016-07-19,16.977,17.169,16.526,16.591,500400,8302136.4,,,,,
2016-07-20,16.462,16.912,16.462,16.591,620300,10291397.3,,,,,
2016-07-21,16.591,16.655,16.462,16.591,143200,2375831.2,,,,,
2016-07-22,16.591,17.041,16.269,16.591,550900,9139981.9,,,,,
2016-07-25,16.591,16.591,16.398,16.591,227200,3769475.2,,,,,
2016-07-26,16.591,16.912,16.591,16.719,450900,7538597.100000001,,,,,
2016-07-27,16.848,17.041,16.591,16.719,396700,6632427.300000001,,,,,
2016-07-28,16.784,16.784,16.462,16.719,290400,4855197.600000001,,,,,
2016-07-29,16.719,16.719,16.591,16.719,282500,4723117.5,,,,,
2016-08-01,16.591,16.719,16.462,16.655,484900,8076009.500000001,,,,,
2016-08-02,16.655,16.655,16.462,16.655,418000,6961790.000000001,,,,,
2016-08-03,16.655,16.784,16.462,16.655,336800,5609404.0,,,,,
2016-08-04,16.655,16.784,16.591,16.655,288900,4811629.5,,,,,
2016-08-05,16.591,16.719,16.526,16.719,362980,6068662.62,,,,,
2016-08-08,16.784,16.848,16.591,16.719,205600,3437426.4000000004,,,,,
2016-08-09,16.655,18.391,16.655,18.391,2440800,44888752.8,,,,,
2016-08-10,18.391,19.613,18.07,19.613,1644480,32253186.24,,,,,
2016-08-11,19.613,20.578,19.356,20.578,1444600,29726978.8,,,,,
2016-08-12,20.385,20.385,18.52,18.52,625300,11580556.0,,,,,
2016-08-15,16.719,16.848,16.719,16.719,763600,12766628.4,,,,,
2016-08-16,16.655,17.234,15.047,17.169,711900,12222611.1,,,,,
2016-08-17,17.105,17.427,17.105,17.298,256600,4438666.8,,,,,
2016-08-18,17.234,17.298,16.977,17.169,184600,3169397.4,,,,,
2016-08-19,17.169,18.713,17.105,18.713,873500,16345805.5,,,,,
2016-08-22,18.713,18.97,18.649,18.713,246500,4612754.5,,,,,
2016-08-23,18.713,18.777,18.649,18.649,179800,3353090.2,,,,,
2016-08-24,18.52,18.841,18.391,18.713,188400,3525529.2,,,,,
2016-08-25,18.584,18.97,18.584,18.649,223700,4171781.3,,,,,
2016-08-26,18.906,19.87,18.391,19.806,808600,16015131.6,,,,,
2016-08-29,19.742,20.128,19.484,19.484,166500,3244086.0000000005,,,,,
2016-08-30,19.292,19.935,19.099,19.549,564000,11025636.0,,,,,
2016-08-31,19.227,19.999,19.034,19.484,391800,7633831.200000001,,,,,
2016-09-01,19.613,19.935,18.97,19.484,176500,3438926.0000000005,,,,,
2016-09-05,19.484,19.742,19.034,19.742,214600,4236633.2,,,,,
2016-09-06,19.484,19.806,19.356,19.613,396700,7780477.1,,,,,
2016-09-07,19.677,19.742,19.227,19.42,670400,13019168.000000002,,,,,
2016-09-08,19.549,19.87,19.292,19.484,206500,4023446.000000001,,,,,
2016-09-09,19.484,19.677,19.292,19.613,390600,7660837.8,,,,,
2016-09-12,19.677,19.677,19.356,19.613,854800,16765192.4,,,,,
2016-09-13,19.613,19.677,19.356,19.613,1020600,20017027.8,,,,,
2016-09-14,19.677,19.677,19.42,19.549,306700,5995678.3,,,,,
2016-09-15,19.549,19.87,19.292,19.484,899500,17525858.0,,,,,
2016-09-16,19.484,19.806,19.292,19.613,501100,9828074.3,,,,,
2016-09-19,19.42,20.063,19.356,19.999,829400,16587170.6,,,,,
2016-09-20,19.87,20.578,19.742,20.513,939600,19274014.8,,,,,
2016-09-21,20.385,20.899,20.32,20.899,678000,14169522.0,,,,,
2016-09-22,20.771,21.156,20.642,20.771,1225520,25455275.92,,,,,
2016-09-23,20.771,22.828,20.385,22.828,3460100,78987162.8,,,,,
2016-09-26,22.893,23.343,22.7,22.7,525900,11937930.0,,,,,
2016-09-27,22.7,22.893,21.864,22.121,627100,13872079.1,,,,,
2016-09-28,21.992,22.314,21.735,21.928,429800,9424654.4,,,,,
2016-09-29,21.864,22.185,21.542,21.992,354000,7785168.0,,,,,
2016-09-30,21.928,22.121,21.735,22.121,1764423,39030801.183,,,,,
2016-10-03,22.057,22.314,21.864,21.992,471500,10369228.0,,,,,
2016-10-04,21.864,22.185,21.735,21.992,347000,7631224.0,,,,,
2016-10-05,21.928,22.25,21.735,21.992,408200,8977134.4,,,,,
2016-10-06,21.799,22.25,21.799,22.057,340800,7517025.6,,,,,
2016-10-07,22.185,22.185,21.799,21.928,339400,7442363.2,,,,,
2016-10-10,21.864,22.314,21.799,21.992,304500,6696564.0,,,,,
2016-10-11,21.992,22.185,21.671,21.928,350400,7683571.2,,,,,
2016-10-12,22.121,22.185,21.799,21.992,307300,6758141.600000001,,,,,
2016-10-13,21.864,22.121,21.607,21.992,629703,13848428.376,,,,,
2016-10-14,22.314,22.314,21.928,21.992,432200,9504942.4,,,,,
2016-10-17,21.864,22.507,21.864,22.057,329300,7263370.1,,,,,
2016-10-18,21.928,22.25,21.799,22.057,369200,8143444.399999999,,,,,
2016-10-19,22.121,22.25,21.671,21.992,343600,7556451.2,,,,,
2016-10-20,21.799,22.25,21.799,22.121,317500,7023417.5,,,,,
2016-10-21,22.121,22.121,21.735,21.992,303700,6678970.4,,,,,
2016-10-24,21.992,22.25,21.735,21.864,350900,7672077.600000001,,,,,
2016-10-25,21.864,22.378,21.735,21.992,275500,6058796.0,,,,,
2016-10-26,21.928,22.185,21.671,21.928,317300,6957754.4,,,,,
2016-10-27,21.735,22.185,21.735,22.057,356200,7856703.399999999,,,,,
2016-10-28,22.185,23.343,21.799,23.214,1329100,30853727.4,,,,,
2016-10-31,23.214,23.729,23.021,23.664,1236200,29253436.8,,,,,
2016-11-01,23.536,23.857,23.407,23.857,770100,18372275.7,,,,,
2016-11-02,23.857,24.114,21.478,21.478,258200,5545619.600000001,,,,,
2016-11-03,19.356,19.356,19.356,19.356,215700,4175089.2,,,,,
2016-11-04,17.427,17.427,17.427,17.427,40300,702308.1,,,,,
2016-11-07,17.427,17.427,17.427,17.427,0,0.0,,,,,
2016-11-08,17.427,17.427,17.427,17.427,0,0.0,,,,,
2016-11-09,15.69,15.69,15.69,15.69,100,1569.0,,,,,
2016-11-10,14.147,14.147,14.147,14.147,100,1414.7,,,,,
2016-11-11,12.732,12.732,12.732,12.732,300,3819.6,,,,,
2016-11-14,12.732,12.732,12.732,12.732,0,0.0,,,,,
2016-11-15,11.511,11.511,11.511,11.511,100,1151.1,,,,,
2016-11-16,10.417,10.417,10.417,10.417,100,1041.7,,,,,
2016-11-17,9.389,9.389,9.389,9.389,100,938.9,,,,,
2016-11-18,8.488,8.488,8.488,8.488,200,1697.6,,,,,
2016-11-21,7.652,9.324,7.652,9.324,14000,130536.0,,,,,
2016-11-22,9.324,10.225,8.424,10.225,156013,1595232.925,,,,,
2016-11-23,11.189,11.189,11.189,11.189,500,5594.5,,,,,
2016-11-24,12.282,12.282,12.282,12.282,36000,442152.0,,,,,
2016-11-25,13.504,13.504,13.504,13.504,520312,7026293.248,,,,,
2016-11-28,13.504,14.855,12.154,14.855,235900,3504294.5,,,,,
2016-11-29,16.334,16.334,16.334,16.334,471500,7701481.0,,,,,
2016-11-30,17.941,17.941,17.877,17.941,21600,387525.6,,,,,
2016-12-01,19.677,19.677,19.613,19.677,116810,2298470.37,,,,,
2016-12-02,21.542,21.607,21.542,21.607,141120,3049179.84,,,,,
2016-12-05,21.607,23.664,21.478,21.478,1846530,39659771.34,,,,,
2016-12-06,21.478,23.6,19.356,23.6,249300,5883480.0,,,,,
2016-12-07,25.9,25.9,25.9,25.9,80477,2084354.3,,,,,
2016-12-08,28.4,28.4,28.4,28.4,581000,16500400.0,,,,,
2016-12-09,31.2,31.2,31.2,31.2,170130,5308056.0,,,,,
2016-12-12,34.3,34.3,34.3,34.3,61520,2110136.0,,,,,
2016-12-13,35.5,35.5,31.9,34.3,62500,2143750.0,,,,,
2016-12-14,34.3,37.7,34.1,34.3,1166700,40017810.0,,,,,
2016-12-15,34.2,35.1,32.9,35.0,1570020,54950700.0,,,,,
2016-12-16,34.7,38.4,33.9,38.4,700,26880.0,,,,,
2016-12-19,39.1,40.0,37.1,37.2,10310,383532.00000000006,,,,,
2016-12-20,36.5,37.1,33.5,34.9,27610,963589.0,,,,,
2016-12-21,34.1,34.1,31.5,32.0,13600,435200.0,,,,,
2016-12-22,32.5,34.7,31.0,34.2,13170,450414.00000000006,,,,,
2016-12-23,33.3,35.0,33.3,33.7,800,26960.000000000004,,,,,
2016-12-26,33.7,34.5,30.4,33.0,1200,39600.0,,,,,
2016-12-27,33.4,34.0,29.7,34.0,1183700,40245800.0,,,,,
2016-12-28,33.3,34.4,31.9,34.4,862010,29653144.0,,,,,
2016-12-29,34.4,35.0,34.4,35.0,200,7000.0,,,,,
2016-12-30,35.2,35.2,34.9,34.9,1100,38390.0,,,,,
2017-01-03,35.0,36.0,31.9,31.9,16200,516780.0,,,,,
2017-01-04,33.5,33.5,33.5,33.5,100,3350.0,,,,,
2017-01-05,32.7,34.2,30.3,30.3,300,9090.0,,,,,
2017-01-06,31.8,32.8,27.3,30.3,1200,36360.0,,,,,
2017-01-09,31.0,33.0,31.0,33.0,200,6600.0,,,,,
2017-01-10,31.0,35.0,31.0,35.0,2393560,83774600.0,,,,,
2017-01-11,34.8,36.0,33.0,36.0,432100,15555600.0,,,,,
2017-01-12,35.5,36.0,33.0,33.0,48300,1593900.0,,,,,
2017-01-13,33.0,33.6,30.1,30.1,29310,882231.0,,,,,
2017-01-16,32.0,32.0,27.4,27.6,32800,905280.0,,,,,
2017-01-17,27.4,29.0,25.2,25.2,20150,507780.0,,,,,
2017-01-18,25.2,25.2,22.7,24.7,24000,592800.0,,,,,
2017-01-19,24.0,24.3,22.3,22.3,21700,483910.0,,,,,
2017-01-20,23.0,23.2,21.7,23.2,13500,313200.0,,,,,
2017-01-23,23.0,24.6,22.0,24.6,37100,912660.0,,,,,
2017-01-24,23.8,25.8,23.8,25.8,11430,294894.0,,,,,
2017-01-25,26.0,28.3,23.9,23.9,49800,1190220.0,,,,,
2017-02-02,25.5,25.5,24.5,24.5,10300,252350.0,,,,,
2017-02-03,24.5,25.0,24.0,24.0,14400,345600.0,,,,,
2017-02-06,24.2,24.2,23.1,23.1,10200,235620.0,,,,,
2017-02-07,23.1,24.8,23.1,24.1,12300,296430.0,,,,,
2017-02-08,25.0,25.0,24.1,24.1,33400,804940.0,,,,,
2017-02-09,24.5,24.5,22.1,23.3,19200,447360.0,,,,,
2017-02-10,24.9,24.9,22.9,22.9,13712,314004.8,,,,,
2017-02-13,22.5,23.4,21.0,21.0,12400,260400.0,,,,,
2017-02-14,22.0,23.1,21.0,23.1,1500412,34659517.2,,,,,
2017-02-15,22.9,25.4,20.8,25.4,2322919,59002142.6,,,,,
2017-02-16,25.3,25.3,22.9,22.9,1153100,26405990.0,,,,,
2017-02-17,20.7,20.7,20.7,20.7,842200,17433540.0,,,,,
2017-02-20,18.7,18.7,18.7,18.7,203100,3797970.0,,,,,
2017-02-21,16.9,20.5,16.9,20.5,527400,10811700.0,,,,,
2017-02-22,20.5,22.5,19.5,22.5,640200,14404500.0,,,,,
2017-02-23,23.4,23.4,21.5,22.1,115750,2558075.0,,,,,
2017-02-24,22.0,22.9,20.0,21.9,291510,6384069.0,,,,,
2017-02-27,22.2,23.5,21.5,23.5,220940,5192090.0,,,,,
2017-02-28,23.2,24.0,23.2,23.9,205420,4909538.0,,,,,
2017-03-01,23.6,25.0,23.6,25.0,220500,5512500.0,,,,,
2017-03-02,24.5,25.5,24.5,24.9,131140,3265386.0,,,,,
2017-03-03,24.8,27.0,24.4,24.5,145920,3575040.0,,,,,
2017-03-06,25.0,25.0,24.0,24.0,109651,2631624.0,,,,,
2017-03-07,24.0,25.0,23.0,24.1,116719,2812927.9000000004,,,,,
2017-03-08,23.8,24.4,23.8,24.4,166100,4052840.0,,,,,
2017-03-09,24.1,25.0,23.5,24.7,122300,3020810.0,,,,,
2017-03-10,24.8,24.8,24.4,24.6,488900,12026940.0,,,,,
2017-03-13,24.4,24.6,23.8,24.6,460100,11318460.0,,,,,
2017-03-14,24.9,25.5,24.5,24.5,305520,7485240.0,,,,,
2017-03-15,24.3,24.8,24.0,24.5,221000,5414500.0,,,,,
2017-03-16,24.5,24.7,24.0,24.5,176500,4324250.0,,,,,
2017-03-17,24.3,24.7,24.0,24.6,134400,3306240.0,,,,,
2017-03-20,24.5,25.0,24.4,24.5,103600,2538200.0,,,,,
2017-03-21,24.2,25.4,24.2,24.8,489360,12136128.0,,,,,
2017-03-22,24.4,25.6,24.0,24.7,585500,14461850.0,,,,,
2017-03-23,24.5,24.5,24.0,24.3,175200,4257360.0,,,,,
2017-03-24,24.3,24.9,24.0,24.7,473650,11699155.0,,,,,
2017-03-27,24.6,25.4,24.3,25.0,439170,10979250.0,,,,,
2017-03-28,24.8,26.0,24.7,25.2,622140,15677928.0,,,,,
2017-03-29,25.2,25.5,24.8,24.9,273630,6813387.0,,,,,
2017-03-30,24.6,25.3,24.6,25.1,313200,7861320.0,,,,,
2017-03-31,24.8,25.4,24.6,24.7,349154,8624103.799999999,,,,,
2017-04-03,24.3,25.2,24.3,24.8,378510,9387048.0,,,,,
2017-04-04,24.5,26.8,24.0,24.9,664519,16546523.1,,,,,
2017-04-05,24.9,25.2,24.0,25.0,503022,12575550.0,,,,,
2017-04-07,25.2,25.4,24.2,24.9,338400,8426160.0,,,,,
2017-04-10,24.9,25.4,24.5,25.0,658200,16455000.0,,,,,
2017-04-11,25.1,25.3,24.5,25.0,308408,7710200.0,,,,,
2017-04-12,24.5,25.3,24.5,24.9,380300,9469470.0,,,,,
2017-04-13,24.7,25.3,24.5,25.0,313600,7840000.0,,,,,
2017-04-14,24.8,26.5,24.5,26.5,1451142,38455263.0,,,,,
2017-04-17,26.7,27.4,25.0,27.0,1156910,31236570.0,,,,,
2017-04-18,27.0,27.4,26.5,26.6,359400,9560040.0,,,,,
2017-04-19,26.6,27.0,26.0,26.1,345100,9007110.0,,,,,
2017-04-20,26.3,26.3,25.3,26.1,259900,6783390.0,,,,,
2017-04-21,26.1,26.7,26.0,26.5,681822,18068283.0,,,,,
2017-04-24,26.7,27.6,26.0,27.5,873690,24026475.0,,,,,
2017-04-25,27.6,27.9,26.7,26.9,300400,8080760.0,,,,,
2017-04-26,27.5,27.8,26.5,26.7,422300,11275410.0,,,,,
2017-04-27,26.5,27.1,25.7,26.8,558510,14968068.0,,,,,
2017-04-28,26.6,27.3,26.0,27.0,628000,16956000.0,,,,,
2017-05-03,26.8,27.4,26.4,27.1,679900,18425290.0,,,,,
2017-05-04,27.2,27.6,26.5,27.0,571900,15441300.0,,,,,
2017-05-05,26.9,27.0,26.5,26.9,405812,10916342.8,,,,,
2017-05-08,26.8,27.2,26.4,27.0,580600,15676200.0,,,,,
2017-05-09,26.9,27.5,26.6,27.1,308820,8369022.0,,,,,
2017-05-10,27.0,27.2,25.0,27.1,329400,8926740.0,,,,,
2017-05-11,27.2,29.1,27.0,28.9,1191000,34419900.0,,,,,
2017-05-12,29.0,30.7,28.3,30.7,996920,30605444.0,,,,,
2017-05-15,30.8,31.0,27.7,29.4,592600,17422440.0,,,,,
2017-05-16,29.5,29.8,28.0,28.3,503700,14254710.0,,,,,
2017-05-17,28.0,28.4,27.4,28.1,378800,10644280.0,,,,,
2017-05-18,27.8,28.4,27.4,27.9,413500,11536650.0,,,,,
2017-05-19,27.4,28.3,27.4,28.0,333300,9332400.0,,,,,
2017-05-22,28.3,28.5,27.4,27.9,500900,13975110.0,,,,,
2017-05-23,27.7,28.1,27.5,27.8,442600,12304280.0,,,,,
2017-05-24,27.5,28.2,27.5,27.9,501300,13986270.0,,,,,
2017-05-25,27.7,28.2,27.6,28.0,463906,12989368.0,,,,,
2017-05-26,27.8,28.1,27.2,28.0,393520,11018560.0,,,,,
2017-05-29,27.7,28.2,27.5,28.0,384700,10771600.0,,,,,
2017-05-30,27.6,28.5,27.5,27.9,494600,13799340.0,,,,,
2017-05-31,27.8,28.2,27.5,28.0,435500,12194000.0,,,,,
2017-06-01,27.8,28.0,27.4,28.0,372600,10432800.0,,,,,
2017-06-02,27.5,28.0,27.5,27.9,401500,11201850.0,,,,,
2017-06-05,27.7,28.2,27.5,28.0,343100,9606800.0,,,,,
2017-06-06,28.2,28.2,27.7,27.9,245700,6855030.0,,,,,
2017-06-07,27.8,29.3,27.6,29.3,999220,29277146.0,,,,,
2017-06-08,29.5,29.7,28.8,28.9,346800,10022520.0,,,,,
2017-06-09,29.0,29.2,28.2,28.3,294200,8325860.0,,,,,
2017-06-12,28.0,28.3,27.6,28.1,380800,10700480.0,,,,,
2017-06-13,27.8,28.1,27.8,27.9,308400,8604360.0,,,,,
2017-06-14,27.8,28.3,27.6,28.0,317600,8892800.0,,,,,
2017-06-15,27.9,28.3,27.7,27.9,331700,9254430.0,,,,,
2017-06-16,27.6,28.3,27.6,28.1,197900,5560990.0,,,,,
2017-06-19,28.2,28.4,27.8,27.8,181300,5040140.0,,,,,
2017-06-20,26.5,27.9,25.1,27.9,527000,14703300.0,,,,,
2017-06-21,27.8,28.0,27.5,28.0,242710,6795880.0,,,,,
2017-06-22,27.9,28.3,27.7,28.1,189100,5313710.0,,,,,
2017-06-23,27.8,28.4,27.8,28.0,341800,9570400.0,,,,,
2017-06-26,28.3,28.3,27.5,27.9,187700,5236830.0,,,,,
2017-06-27,27.8,28.1,27.7,28.0,235100,6582800.0,,,,,
2017-06-28,27.9,28.0,27.5,28.0,310200,8685600.0,,,,,
2017-06-29,28.0,28.2,25.2,28.0,373200,10449600.0,,,,,
2017-06-30,27.5,28.4,27.5,28.1,343600,9655160.0,,,,,
2017-07-03,28.2,28.4,27.6,28.0,199000,5572000.0,,,,,
2017-07-04,27.9,28.4,27.5,28.0,246900,6913200.0,,,,,
2017-07-05,27.8,28.4,27.8,28.1,272500,7657250.0,,,,,
2017-07-06,27.8,28.0,27.5,28.0,384500,10766000.0,,,,,
2017-07-07,27.7,28.0,27.7,28.0,317900,8901200.0,,,,,
2017-07-10,27.8,28.4,27.5,28.1,488400,13724040.0,,,,,
2017-07-11,28.4,30.9,28.0,30.9,4099300,126668370.0,,,,,
2017-07-12,31.5,33.9,31.5,33.9,4983250,168932175.0,,,,,
2017-07-13,34.6,35.1,32.0,33.0,3310594,109249602.0,,,,,
2017-07-14,29.7,32.0,29.7,29.7,8590,255123.0,,,,,
2017-07-17,26.8,29.2,26.8,29.0,2243084,65049436.0,,,,,
2017-07-18,29.1,29.1,28.5,28.6,446700,12775620.0,,,,,
2017-07-19,28.3,28.7,28.0,28.7,674100,19346670.0,,,,,
2017-07-20,28.3,28.8,28.3,28.6,499100,14274260.0,,,,,
2017-07-21,28.4,28.4,28.0,28.2,423700,11948340.0,,,,,
2017-07-24,28.2,28.6,27.9,28.3,290270,8214641.0,,,,,
2017-07-25,28.5,28.7,28.2,28.3,413134,11691692.2,,,,,
2017-07-26,28.2,28.3,27.9,28.2,195000,5499000.0,,,,,
2017-07-27,28.2,28.4,27.9,28.3,213850,6051955.0,,,,,
2017-07-28,28.0,28.7,28.0,28.5,933304,26599164.0,,,,,
2017-07-31,28.6,28.7,28.1,28.2,248600,7010520.0,,,,,
2017-08-01,27.0,29.0,25.4,29.0,870930,25256970.0,,,,,
2017-08-02,29.1,29.2,28.6,29.2,464000,13548800.0,,,,,
2017-08-03,29.2,29.3,28.9,29.1,287700,8372070.0,,,,,
2017-08-04,29.1,29.4,28.7,29.2,506300,14783960.0,,,,,
2017-08-07,28.9,30.0,28.9,30.0,753714,22611420.0,,,,,
2017-08-08,30.1,30.2,29.5,29.6,301400,8921440.0,,,,,
2017-08-09,29.5,29.6,29.2,29.5,246500,7271750.0,,,,,
2017-08-10,29.5,30.5,29.3,30.5,781848,23846364.0,,,,,
2017-08-11,30.6,30.7,29.9,30.2,332200,10032440.0,,,,,
2017-08-14,30.2,30.3,29.9,30.3,441200,13368360.0,,,,,
2017-08-15,30.3,31.1,30.0,31.1,568300,17674130.0,,,,,
2017-08-16,31.2,33.9,30.8,30.9,1002500,30977250.0,,,,,
2017-08-17,30.8,31.0,28.1,28.5,1032600,29429100.0,,,,,
2017-08-18,28.5,28.6,27.0,27.6,701600,19364160.0,,,,,
2017-08-21,27.6,27.7,26.4,27.0,405200,10940400.0,,,,,
2017-08-22,27.0,28.6,26.9,28.5,605470,17255895.0,,,,,
2017-08-23,28.5,29.0,28.4,28.8,537100,15468480.0,,,,,
2017-08-24,28.8,28.8,27.5,28.0,335900,9405200.0,,,,,
2017-08-25,28.0,28.4,27.0,27.5,344300,9468250.0,,,,,
2017-08-28,27.5,28.5,27.1,28.5,349400,9957900.0,,,,,
2017-08-29,28.4,28.5,27.9,28.1,185300,5206930.0,,,,,
2017-08-30,28.1,30.9,28.1,30.9,1487298,45957508.2,,,,,
2017-08-31,30.9,30.9,30.3,30.4,181100,5505440.0,,,,,
2017-09-01,30.4,30.4,29.2,29.3,333402,9768678.6,,,,,
2017-09-05,29.2,30.1,29.0,30.1,425900,12819590.0,,,,,
2017-09-06,29.8,31.1,29.7,31.0,436500,13531500.0,,,,,
2017-09-07,30.9,31.6,30.4,31.5,326400,10281600.0,,,,,
2017-09-08,31.4,31.5,30.9,30.9,165900,5126310.0,,,,,
2017-09-11,30.8,31.0,30.5,30.6,111700,3418020.0,,,,,
2017-09-12,30.6,33.0,30.5,33.0,1033323,34099659.0,,,,,
2017-09-13,32.9,33.1,31.9,32.0,221500,7088000.0,,,,,
2017-09-14,32.0,35.2,32.0,35.2,2503700,88130240.0,,,,,
2017-09-15,35.5,36.5,35.1,35.8,965300,34557740.0,,,,,
2017-09-18,35.7,36.4,34.9,35.2,901340,31727168.000000004,,,,,
2017-09-19,35.2,35.2,34.7,34.9,660900,23065410.0,,,,,
2017-09-20,34.9,34.9,34.1,34.7,1075700,37326790.0,,,,,
2017-09-21,34.7,35.1,34.3,34.8,614510,21384948.0,,,,,
2017-09-22,34.7,35.3,34.7,35.2,562223,19790249.6,,,,,
2017-09-25,35.1,36.0,35.0,35.6,620800,22100480.0,,,,,
2017-09-26,35.6,36.3,35.4,35.8,566200,20269960.0,,,,,
2017-09-27,35.8,36.1,33.9,34.5,782400,26992800.0,,,,,
2017-09-28,34.5,34.6,32.9,33.0,652800,21542400.0,,,,,
2017-09-29,33.0,33.6,31.9,32.6,609400,19866440.0,,,,,
2017-10-02,32.6,34.8,32.5,34.7,692100,24015870.000000004,,,,,
2017-10-03,34.7,34.8,33.9,33.9,412100,13970190.0,,,,,
2017-10-04,33.9,35.4,33.9,35.3,724100,25560730.0,,,,,
2017-10-05,35.4,38.7,35.3,38.7,1831900,70894530.0,,,,,
2017-10-06,38.7,42.5,38.6,42.5,1726123,73360227.5,,,,,
2017-10-09,42.0,43.5,38.3,38.3,490060,18769298.0,,,,,
2017-10-10,34.5,34.5,34.5,34.5,200,6900.0,,,,,
2017-10-11,31.1,33.1,31.1,32.0,1491140,47716480.0,,,,,
2017-10-12,29.0,34.0,28.8,34.0,1159320,39416880.0,,,,,
2017-10-13,34.1,34.1,30.6,34.1,750170,25580797.0,,,,,
2017-10-16,30.7,33.8,30.7,30.7,1604344,49253360.8,,,,,
2017-10-17,28.5,31.5,27.7,31.5,2563450,80748675.0,,,,,
2017-10-18,31.5,32.5,28.4,31.3,1085610,33979593.0,,,,,
2017-10-19,31.2,31.2,28.2,28.2,1969300,55534260.0,,,,,
2017-10-20,28.3,28.4,25.4,28.4,245742,6979072.8,,,,,
2017-10-23,28.3,28.5,25.6,28.0,1280080,35842240.0,,,,,
2017-10-24,27.0,28.0,25.2,26.7,190800,5094360.0,,,,,
2017-10-25,26.6,26.6,24.1,24.2,4356200,105420040.0,,,,,
2017-10-26,25.0,25.0,21.8,21.8,3039472,66260489.6,,,,,
2017-10-27,21.9,21.9,19.7,21.0,2467400,51815400.0,,,,,
2017-10-30,21.0,22.4,20.9,22.3,798500,17806550.0,,,,,
2017-10-31,22.3,23.5,22.2,23.4,1066022,24944914.8,,,,,
2017-11-01,23.3,23.4,21.1,21.1,155600,3283160.0,,,,,
2017-11-02,20.0,21.0,19.0,20.0,4787500,95750000.0,,,,,
2017-11-03,20.1,20.8,18.0,18.0,150310,2705580.0,,,,,
2017-11-06,16.5,16.9,16.2,16.2,34010,550962.0,,,,,
2017-11-07,14.6,16.3,14.6,16.2,775410,12561642.0,,,,,
2017-11-08,16.2,17.2,14.6,16.4,318900,5229960.0,,,,,
2017-11-09,16.4,16.9,16.3,16.5,186100,3070650.0,,,,,
2017-11-10,16.2,16.7,14.9,16.2,600900,9734580.0,,,,,
2017-11-13,16.2,17.5,16.1,17.2,761230,13093156.0,,,,,
2017-11-14,17.2,17.8,15.5,17.2,611100,10510920.0,,,,,
2017-11-15,17.1,17.4,15.5,15.5,284730,4413315.0,,,,,
2017-11-16,14.9,14.9,14.0,14.7,298310,4385157.0,,,,,
2017-11-17,14.7,14.9,14.4,14.8,152405,2255594.0,,,,,
2017-11-20,14.8,15.5,14.7,15.2,141810,2155512.0,,,,,
2017-11-21,15.2,15.7,15.1,15.2,393600,5982720.0,,,,,
2017-11-22,15.0,15.0,13.7,14.5,159210,2308545.0,,,,,
2017-11-23,14.6,14.7,14.5,14.6,70500,1029300.0,,,,,
2017-11-24,14.6,15.3,13.5,15.0,976100,14641500.0,,,,,
2017-11-27,14.5,14.5,13.5,14.5,1177600,17075200.0,,,,,
2017-11-28,14.5,14.7,13.1,14.5,481900,6987550.0,,,,,
2017-11-29,14.0,14.6,13.1,13.1,1274130,16691103.0,,,,,
2017-11-30,13.6,14.0,11.8,14.0,190992,2673888.0,,,,,
2017-12-01,13.5,13.6,12.6,13.4,2144131,28731355.4,,,,,
2017-12-04,13.1,13.1,12.1,12.6,1229000,15485400.0,,,,,
2017-12-05,12.4,12.5,11.4,11.4,884310,10081134.0,,,,,
2017-12-06,11.1,12.1,10.3,11.5,745800,8576700.0,,,,,
2017-12-07,11.5,12.6,10.4,12.6,2149320,27081432.0,,,,,
2017-12-08,12.9,12.9,11.4,11.4,1308500,14916900.0,,,,,
2017-12-11,11.3,11.3,10.3,11.2,3753093,42034641.6,,,,,
2017-12-12,11.0,11.2,10.1,11.2,733320,8213183.999999999,,,,,
2017-12-13,10.9,12.0,10.1,11.2,1984525,22226680.0,,,,,
2017-12-14,11.1,11.1,10.1,11.1,1095700,12162270.0,,,,,
2017-12-15,10.9,10.9,10.0,10.0,391930,3919300.0,,,,,
2017-12-18,9.9,9.9,9.0,9.4,371490,3492006.0,,,,,
2017-12-19,9.4,9.8,9.4,9.7,442330,4290601.0,,,,,
2017-12-20,9.9,10.0,8.8,9.4,298980,2810412.0,,,,,
2017-12-21,9.4,10.2,9.2,10.1,1500530,15155353.0,,,,,
2017-12-22,10.1,10.3,9.1,9.1,1397601,12718169.1,,,,,
2017-12-25,10.0,10.0,8.2,8.2,1097880,9002616.0,,,,,
2017-12-26,8.2,8.5,7.4,7.4,1212320,8971168.0,,,,,
2017-12-27,6.8,7.3,6.7,7.0,598220,4187540.0,,,,,
2017-12-28,6.7,7.2,6.4,7.0,175200,1226400.0,,,,,
2017-12-29,6.8,7.0,6.8,6.9,163200,1126080.0,,,,,
2018-01-02,6.8,7.1,6.8,7.0,77300,541100.0,,,,,
2018-01-03,6.9,7.3,6.9,7.1,845930,6006103.0,,,,,
2018-01-04,7.1,7.2,7.0,7.1,157300,1116830.0,,,,,
2018-01-05,7.1,7.3,7.1,7.1,376800,2675280.0,,,,,
2018-01-08,7.1,7.2,7.1,7.1,322500,2289750.0,,,,,
2018-01-09,7.1,7.2,7.0,7.1,197400,1401540.0,,,,,
2018-01-10,7.1,7.8,7.0,7.8,2487920,19405776.0,,,,,
2018-01-11,8.0,8.5,7.9,8.5,2172359,18465051.5,,,,,
2018-01-12,8.7,8.7,7.7,7.8,1267346,9885298.8,,,,,
2018-01-15,7.7,7.7,7.1,7.1,1411800,10023780.0,,,,,
2018-01-16,7.1,7.8,6.5,7.8,3132060,24430068.0,,,,,
2018-01-17,7.7,7.9,7.1,7.1,1626650,11549215.0,,,,,
2018-01-18,6.9,7.0,6.4,6.4,5546726,35499046.4,,,,,
2018-01-19,6.4,6.7,5.8,5.8,5117200,29679760.0,,,,,
2018-01-22,5.8,6.2,5.3,6.0,4242197,25453182.0,,,,,
2018-01-23,5.5,5.6,5.4,5.4,574276,3101090.4000000004,,,,,
2018-01-24,5.1,5.4,4.9,5.2,1319480,6861296.0,,,,,
2018-01-25,5.1,5.1,4.7,4.7,1649090,7750723.0,,,,,
2018-01-26,4.6,4.9,4.3,4.3,1336900,5748670.0,,,,,
2018-01-29,4.3,4.3,3.9,3.9,5976300,23307570.0,,,,,
2018-01-30,3.8,3.9,3.6,3.8,1095920,4164496.0,,,,,
2018-01-31,3.7,4.1,3.6,4.1,4383480,17972268.0,,,,,
2018-02-01,4.1,4.4,3.7,3.7,3931100,14545070.0,,,,,
2018-02-02,3.6,3.9,3.4,3.4,4593519,15617964.6,,,,,
2018-02-05,3.4,3.5,3.1,3.4,2488310,8460254.0,,,,,
2018-02-06,3.2,3.2,3.1,3.1,433700,1344470.0,,,,,
2018-02-07,2.8,3.2,2.8,3.1,430700,1335170.0,,,,,
2018-02-08,3.1,3.4,2.8,3.4,5636180,19163012.0,,,,,
2018-02-09,3.5,3.5,3.1,3.4,2511929,8540558.6,,,,,
2018-02-12,3.2,3.3,3.1,3.1,454600,1409260.0,,,,,
2018-02-13,2.9,3.0,2.8,2.8,1239954,3471871.2,,,,,
2018-02-21,2.7,2.8,2.7,2.8,130200,364560.0,,,,,
2018-02-22,2.8,2.8,2.7,2.7,168100,453870.00000000006,,,,,
2018-02-23,2.7,2.9,2.7,2.8,377244,1056283.2,,,,,
2018-02-26,2.8,2.9,2.7,2.8,306530,858284.0,,,,,
2018-02-27,2.8,3.0,2.8,2.8,343800,962640.0,,,,,
2018-02-28,2.8,2.9,2.7,2.8,326166,913264.8,,,,,
2018-03-01,2.8,2.8,2.7,2.8,156360,437808.0,,,,,
2018-03-02,2.8,2.8,2.7,2.7,369900,998730.0,,,,,
2018-03-05,2.8,2.8,2.7,2.8,117100,327880.0,,,,,
2018-03-06,2.8,2.9,2.7,2.9,209267,606874.2999999999,,,,,
2018-03-07,2.8,3.1,2.7,3.0,433110,1299330.0,,,,,
2018-03-08,3.1,3.2,3.0,3.2,418600,1339520.0,,,,,
2018-03-09,3.2,3.3,3.1,3.2,543430,1738976.0,,,,,
2018-03-12,3.2,3.5,3.2,3.5,1564350,5475225.0,,,,,
2018-03-13,3.6,3.8,3.4,3.6,878251,3161703.6,,,,,
2018-03-14,3.6,3.7,3.3,3.4,573190,1948846.0,,,,,
2018-03-15,3.3,3.3,3.1,3.1,436690,1353739.0,,,,,
2018-03-16,3.1,3.2,3.0,3.1,347020,1075762.0,,,,,
2018-03-19,3.1,3.1,3.0,3.0,177500,532500.0,,,,,
2018-03-20,3.0,3.0,2.9,3.0,168296,504888.0,,,,,
2018-03-21,3.0,3.2,3.0,3.0,230910,692730.0,,,,,
2018-03-22,3.1,3.1,3.0,3.0,236877,710631.0,,,,,
2018-03-23,3.0,3.0,2.9,3.0,96300,288900.0,,,,,
2018-03-26,3.0,3.0,2.8,2.8,280900,786520.0,,,,,
2018-03-27,2.8,2.9,2.8,2.8,307050,859740.0,,,,,
2018-03-28,2.9,3.0,2.8,3.0,1866639,5599917.0,,,,,
2018-03-29,3.3,3.3,3.1,3.3,2031490,6703917.0,,,,,
2018-03-30,3.5,3.6,3.3,3.3,1149650,3793845.0,,,,,
2018-04-02,3.2,3.4,3.0,3.4,753600,2562240.0,,,,,
2018-04-03,3.2,3.4,3.1,3.1,131959,409072.9,,,,,
2018-04-04,3.0,3.3,3.0,3.1,1732100,5369510.0,,,,,
2018-04-05,3.0,3.2,3.0,3.1,1102837,3418794.7,,,,,
2018-04-06,3.1,3.2,2.9,3.0,4382300,13146900.0,,,,,
2018-04-09,3.0,3.1,2.9,3.0,315620,946860.0,,,,,
2018-04-10,3.0,3.0,2.8,2.8,245300,686840.0,,,,,
2018-04-11,2.9,3.0,2.8,3.0,606687,1820061.0,,,,,
2018-04-12,3.1,3.3,3.1,3.3,3019414,9964066.2,,,,,
2018-04-13,3.3,3.5,3.3,3.5,1628738,5700583.0,,,,,
2018-04-16,3.4,3.8,3.4,3.8,3532500,13423500.0,,,,,
2018-04-17,4.0,4.1,3.9,4.1,2982963,12230148.3,,,,,
2018-04-18,4.5,4.5,4.3,4.5,1284247,5779111.5,,,,,
2018-04-19,4.9,4.9,4.6,4.9,1643318,8052258.2,,,,,
2018-04-20,5.3,5.3,4.5,5.3,3839846,20351183.8,,,,,
2018-04-23,5.5,5.8,5.3,5.8,7475877,43360086.6,,,,,
2018-04-24,6.0,6.3,5.3,5.4,4791949,25876524.6,,,,,
2018-04-26,5.3,5.9,4.9,4.9,8718806,42722149.400000006,,,,,
2018-04-27,4.9,5.1,4.5,4.9,1995999,9780395.1,,,,,
2018-05-02,4.9,4.9,4.5,4.5,595439,2679475.5,,,,,
2018-05-03,4.2,4.5,4.1,4.5,5381470,24216615.0,,,,,
2018-05-04,4.5,4.5,4.1,4.1,425330,1743852.9999999998,,,,,
2018-05-07,4.0,4.5,4.0,4.5,1696719,7635235.5,,,,,
2018-05-08,4.7,4.9,4.5,4.9,3899170,19105933.0,,,,,
2018-05-09,5.1,5.3,4.9,5.3,4741900,25132070.0,,,,,
2018-05-10,5.6,5.7,4.8,4.8,4088500,19624800.0,,,,,
2018-05-11,4.8,5.2,4.4,5.1,3520450,17954295.0,,,,,
2018-05-14,5.1,5.4,4.8,5.4,991500,5354100.0,,,,,
2018-05-15,5.4,5.4,4.9,4.9,672709,3296274.1,,,,,
2018-05-16,4.9,5.3,4.8,5.3,4736200,25101860.0,,,,,
2018-05-17,5.3,5.7,5.3,5.4,1329200,7177680.000000001,,,,,
2018-05-18,5.3,5.4,5.1,5.3,871000,4616300.0,,,,,
2018-05-21,5.3,5.4,5.1,5.1,931000,4748100.0,,,,,
2018-05-22,5.2,5.4,4.9,5.2,3802780,19774456.0,,,,,
2018-05-23,5.2,5.3,5.0,5.2,576300,2996760.0,,,,,
2018-05-24,5.3,5.4,4.9,5.0,1178600,5893000.0,,,,,
2018-05-25,5.1,5.2,4.9,5.0,1186350,5931750.0,,,,,
2018-05-28,5.0,5.1,4.5,4.7,943500,4434450.0,,,,,
2018-05-29,4.7,5.1,4.7,5.0,912200,4561000.0,,,,,
2018-05-30,5.0,5.0,4.5,4.9,8622500,42250250.0,,,,,
2018-05-31,4.9,4.9,4.5,4.7,1957120,9198464.0,,,,,
2018-06-01,4.7,4.7,4.3,4.3,1317249,5664170.7,,,,,
2018-06-04,4.1,4.1,3.9,3.9,5985100,23341890.0,,,,,
2018-06-05,3.9,4.0,3.6,3.8,4969100,18882580.0,,,,,
2018-06-06,3.8,3.8,3.5,3.5,2337811,8182338.5,,,,,
2018-06-07,3.2,3.5,3.2,3.2,2650300,8480960.0,,,,,
2018-06-08,3.2,3.5,2.9,3.0,5002409,15007227.0,,,,,
2018-06-11,3.0,3.3,3.0,3.3,1079839,3563468.7,,,,,
2018-06-12,3.5,3.6,3.3,3.6,2037119,7333628.4,,,,,
2018-06-13,3.5,3.5,3.3,3.3,1677360,5535288.0,,,,,
2018-06-14,3.2,3.2,3.0,3.0,5046800,15140400.0,,,,,
2018-06-15,3.0,3.2,2.8,3.1,496000,1537600.0,,,,,
2018-06-18,3.1,3.1,2.9,3.0,685400,2056200.0,,,,,
2018-06-19,2.9,3.0,2.7,2.7,1975663,5334290.100000001,,,,,
2018-06-20,2.7,2.9,2.7,2.9,441300,1279770.0,,,,,
2018-06-21,2.9,2.9,2.8,2.8,485240,1358672.0,,,,,
2018-06-22,2.8,2.9,2.7,2.8,391200,1095360.0,,,,,
2018-06-25,2.8,2.9,2.7,2.8,518900,1452920.0,,,,,
2018-06-26,2.8,2.9,2.8,2.8,529147,1481611.6,,,,,
2018-06-27,2.8,3.0,2.7,2.9,786800,2281720.0,,,,,
2018-06-28,2.9,3.0,2.8,2.8,665510,1863428.0,,,,,
2018-06-29,2.8,2.9,2.7,2.7,828780,2237706.0,,,,,
2018-07-02,2.7,2.8,2.6,2.7,1136800,3069360.0,,,,,
2018-07-03,2.7,2.8,2.5,2.5,1334600,3336500.0,,,,,
2018-07-04,2.5,2.6,2.3,2.3,1411180,3245713.9999999995,,,,,
2018-07-05,2.3,2.3,2.1,2.1,1452300,3049830.0,,,,,
2018-07-06,2.0,2.3,1.9,2.2,1483450,3263590.0000000005,,,,,
2018-07-09,2.3,2.3,2.1,2.2,481270,1058794.0,,,,,
2018-07-10,2.2,2.2,2.1,2.1,152400,320040.0,,,,,
2018-07-11,2.1,2.1,1.9,2.0,602010,1204020.0,,,,,
2018-07-12,2.0,2.2,2.0,2.1,393800,826980.0,,,,,
2018-07-13,2.1,2.2,2.0,2.0,555620,1111240.0,,,,,
2018-07-16,2.0,2.1,1.9,2.0,480511,961022.0,,,,,
2018-07-17,1.9,2.0,1.9,1.9,233300,443270.0,,,,,
2018-07-18,1.9,2.0,1.9,2.0,347100,694200.0,,,,,
2018-07-19,2.1,2.2,2.1,2.2,298500,656700.0,,,,,
2018-07-20,2.4,2.4,2.3,2.4,245600,589440.0,,,,,
2018-07-23,2.6,2.6,2.4,2.5,1629611,4074027.5,,,,,
2018-07-24,2.4,2.5,2.3,2.3,1192260,2742198.0,,,,,
2018-07-25,2.3,2.4,2.2,2.3,751800,1729139.9999999998,,,,,
2018-07-26,2.3,2.4,2.2,2.4,553100,1327440.0,,,,,
2018-07-27,2.4,2.4,2.2,2.4,491640,1179936.0,,,,,
2018-07-30,2.4,2.4,2.2,2.3,595600,1369880.0,,,,,
2018-07-31,2.2,2.3,2.1,2.1,1217410,2556561.0,,,,,
2018-08-01,2.2,2.3,2.1,2.1,710920,1492932.0,,,,,
2018-08-02,2.1,2.2,2.1,2.2,697100,1533620.0000000002,,,,,
2018-08-03,2.2,2.3,2.1,2.3,394106,906443.8,,,,,
2018-08-06,2.2,2.2,2.1,2.1,815528,1712608.8,,,,,
2018-08-07,2.1,2.3,2.1,2.3,824800,1897040.0,,,,,
2018-08-08,2.3,2.3,2.1,2.2,319300,702460.0,,,,,
2018-08-09,2.2,2.2,2.1,2.1,262500,551250.0,,,,,
2018-08-10,2.2,2.2,2.1,2.1,634000,1331400.0,,,,,
2018-08-13,2.1,2.2,2.0,2.2,1141100,2510420.0,,,,,
2018-08-14,2.2,2.2,2.1,2.1,266400,559440.0,,,,,
2018-08-15,2.1,2.2,2.0,2.1,666520,1399692.0,,,,,
2018-08-16,2.1,2.1,2.0,2.1,197400,414540.0,,,,,
2018-08-17,2.1,2.2,2.1,2.1,343400,721140.0,,,,,
2018-08-20,2.1,2.3,2.0,2.3,2641810,6076162.999999999,,,,,
2018-08-21,2.4,2.5,2.3,2.3,1234950,2840385.0,,,,,
2018-08-22,2.4,2.4,2.2,2.3,822100,1890830.0,,,,,
2018-08-23,2.3,2.4,2.2,2.3,371450,854334.9999999999,,,,,
2018-08-24,2.3,2.5,2.3,2.4,922870,2214888.0,,,,,
2018-08-27,2.5,2.6,2.4,2.6,1912133,4971545.8,,,,,
2018-08-28,2.6,2.7,2.6,2.6,524050,1362530.0,,,,,
2018-08-29,2.6,2.6,2.4,2.5,679010,1697525.0,,,,,
2018-08-30,2.5,2.5,2.3,2.5,796738,1991845.0,,,,,
2018-08-31,2.4,2.6,2.4,2.5,324760,811900.0,,,,,
2018-09-04,2.6,2.7,2.6,2.7,466940,1260738.0,,,,,
2018-09-05,2.9,2.9,2.9,2.9,234997,681491.2999999999,,,,,
2018-09-06,3.1,3.1,3.1,3.1,203010,629331.0,,,,,
2018-09-07,3.4,3.4,2.9,3.0,3527921,10583763.0,,,,,
2018-09-10,3.1,3.3,2.9,3.3,2017142,6656568.6,,,,,
2018-09-11,3.6,3.6,3.4,3.6,2147150,7729740.0,,,,,
2018-09-12,3.9,3.9,3.4,3.5,2415570,8454495.0,,,,,
2018-09-13,3.8,3.8,3.2,3.2,3093780,9900096.0,,,,,
2018-09-14,3.2,3.4,3.0,3.2,917860,2937152.0,,,,,
2018-09-17,3.2,3.4,3.1,3.1,758920,2352652.0,,,,,
2018-09-18,3.1,3.4,3.0,3.4,1479523,5030378.2,,,,,
2018-09-19,3.4,3.5,3.1,3.2,1111726,3557523.2,,,,,
2018-09-20,3.2,3.3,3.1,3.1,1067050,3307855.0,,,,,
2018-09-21,3.1,3.2,3.0,3.1,1192308,3696154.8,,,,,
2018-09-24,3.1,3.3,3.1,3.1,712591,2209032.1,,,,,
2018-09-25,3.1,3.2,3.0,3.1,549330,1702923.0,,,,,
2018-09-26,3.1,3.1,2.9,3.0,1249010,3747030.0,,,,,
2018-09-27,3.1,3.1,2.9,3.0,562811,1688433.0,,,,,
2018-09-28,3.0,3.1,2.9,3.1,540640,1675984.0,,,,,
2018-10-01,3.1,3.1,2.9,2.9,1027989,2981168.1,,,,,
2018-10-02,2.9,3.0,2.7,2.8,1288645,3608206.0,,,,,
2018-10-03,2.7,3.0,2.7,2.8,659971,1847918.8,,,,,
2018-10-04,2.9,3.0,2.9,3.0,948508,2845524.0,,,,,
2018-10-05,3.0,3.1,2.9,2.9,852875,2473337.5,,,,,
2018-10-08,2.9,3.1,2.8,2.9,590000,1711000.0,,,,,
2018-10-09,2.9,3.0,2.8,2.9,325818,944872.2,,,,,
2018-10-10,2.9,2.9,2.8,2.8,657100,1839880.0,,,,,
2018-10-11,2.8,2.8,2.6,2.6,2172500,5648500.0,,,,,
2018-10-12,2.5,2.7,2.4,2.6,606700,1577420.0,,,,,
2018-10-15,2.7,2.7,2.5,2.6,583200,1516320.0,,,,,
2018-10-16,2.6,2.7,2.5,2.6,128410,333866.0,,,,,
2018-10-17,2.6,2.8,2.6,2.8,723010,2024428.0,,,,,
2018-10-18,2.9,3.0,2.9,3.0,2193167,6579501.0,,,,,
2018-10-19,3.1,3.1,2.7,2.8,1439200,4029760.0,,,,,
2018-10-22,2.7,2.8,2.6,2.6,1957800,5090280.0,,,,,
2018-10-23,2.5,2.6,2.4,2.5,1025908,2564770.0,,,,,
2018-10-24,2.5,2.6,2.4,2.6,456900,1187940.0,,,,,
2018-10-25,2.5,2.5,2.4,2.4,1050200,2520480.0,,,,,
2018-10-26,2.4,2.5,2.4,2.4,446010,1070424.0,,,,,
2018-10-29,2.4,2.4,2.2,2.3,517112,1189357.6,,,,,
2018-10-30,2.3,2.4,2.2,2.2,347802,765164.4,,,,,
2018-10-31,2.0,2.4,2.0,2.3,651332,1498063.6,,,,,
2018-11-01,2.3,2.3,2.2,2.2,420800,925760.0,,,,,
2018-11-02,2.2,2.3,2.2,2.2,441200,970640.0,,,,,
2018-11-05,2.2,2.3,2.1,2.3,227802,523944.6,,,,,
2018-11-06,2.3,2.4,2.2,2.3,355870,818500.9999999999,,,,,
2018-11-07,2.3,2.4,2.2,2.3,248600,571780.0,,,,,
2018-11-08,2.3,2.4,2.2,2.3,285600,656880.0,,,,,
2018-11-09,2.3,2.3,2.2,2.2,181400,399080.00000000006,,,,,
2018-11-12,2.3,2.3,2.1,2.1,349300,733530.0,,,,,
2018-11-13,2.1,2.3,2.1,2.2,276610,608542.0,,,,,
2018-11-14,2.2,2.3,2.1,2.2,263000,578600.0,,,,,
2018-11-15,2.2,2.3,2.1,2.1,406500,853650.0,,,,,
2018-11-16,2.2,2.3,2.2,2.2,397200,873840.0000000001,,,,,
2018-11-19,2.3,2.3,2.1,2.3,157900,363170.0,,,,,
2018-11-20,2.2,2.3,2.2,2.2,270410,594902.0,,,,,
2018-11-21,2.2,2.3,2.1,2.2,284500,625900.0,,,,,
2018-11-22,2.2,2.3,2.2,2.2,317000,697400.0,,,,,
2018-11-23,2.3,2.3,2.2,2.2,197700,434940.00000000006,,,,,
2018-11-26,2.2,2.3,2.1,2.1,81150,170415.0,,,,,
2018-11-27,2.2,2.2,2.1,2.2,110110,242242.00000000003,,,,,
2018-11-28,2.2,2.2,2.1,2.2,158700,349140.0,,,,,
2018-11-29,2.2,2.2,2.1,2.1,139350,292635.0,,,,,
2018-11-30,2.2,2.2,2.1,2.1,151500,318150.0,,,,,
2018-12-03,2.1,2.2,2.1,2.2,213900,470580.00000000006,,,,,
2018-12-04,2.2,2.2,2.1,2.2,355660,782452.0000000001,,,,,
2018-12-05,2.1,2.2,2.1,2.1,453900,953190.0,,,,,
2018-12-06,2.1,2.3,2.1,2.3,829730,1908379.0,,,,,
2018-12-07,2.5,2.5,2.4,2.5,840660,2101650.0,,,,,
2018-12-10,2.7,2.7,2.3,2.5,550040,1375100.0,,,,,
2018-12-11,2.4,2.5,2.3,2.4,483820,1161168.0,,,,,
2018-12-12,2.4,2.4,2.3,2.4,259600,623040.0,,,,,
2018-12-13,2.3,2.4,2.3,2.4,219900,527760.0,,,,,
2018-12-14,2.4,2.4,2.3,2.3,182300,419290.0,,,,,
2018-12-17,2.3,2.3,2.2,2.2,45300,99660.0,,,,,
2018-12-18,2.2,2.3,2.2,2.2,498900,1097580.0,,,,,
2018-12-19,2.2,2.3,2.1,2.2,157800,347160.0,,,,,
2018-12-20,2.2,2.2,2.0,2.1,677420,1422582.0,,,,,
2018-12-21,2.1,2.3,2.1,2.2,352808,776177.6000000001,,,,,
2018-12-24,2.2,2.3,2.1,2.2,261300,574860.0,,,,,
2018-12-25,2.1,2.2,2.0,2.1,983800,2065980.0,,,,,
2018-12-26,2.1,2.2,2.1,2.1,247200,519120.0,,,,,
2018-12-27,2.1,2.2,2.0,2.2,324600,714120.0,,,,,
2018-12-28,2.2,2.2,2.1,2.1,126500,265650.0,,,,,
2019-01-02,2.1,2.2,2.0,2.0,385300,770600.0,,,,,
2019-01-03,2.1,2.1,1.9,2.0,276214,552428.0,,,,,
2019-01-04,2.0,2.0,1.9,2.0,388800,777600.0,,,,,
2019-01-07,1.9,2.1,1.9,2.1,278500,584850.0,,,,,
2019-01-08,2.1,2.1,1.9,2.1,276100,579810.0,,,,,
2019-01-09,2.0,2.1,2.0,2.1,400314,840659.4,,,,,
2019-01-10,2.1,2.1,1.9,2.0,188900,377800.0,,,,,
2019-01-11,2.0,2.1,1.9,2.1,87030,182763.0,,,,,
2019-01-14,2.0,2.1,1.9,2.0,66400,132800.0,,,,,
2019-01-15,1.9,2.0,1.9,1.9,215000,408500.0,,,,,
2019-01-16,2.0,2.0,1.9,1.9,194300,369170.0,,,,,
2019-01-17,2.0,2.0,1.9,2.0,53000,106000.0,,,,,
2019-01-18,2.0,2.0,1.9,2.0,171600,343200.0,,,,,
2019-01-21,1.9,2.0,1.9,1.9,652200,1239180.0,,,,,
2019-01-22,1.9,2.0,1.8,1.9,209600,398240.0,,,,,
2019-01-23,1.9,1.9,1.8,1.8,111800,201240.0,,,,,
2019-01-24,1.8,1.9,1.7,1.8,340600,613080.0,,,,,
2019-01-25,1.9,1.9,1.8,1.8,120200,216360.0,,,,,
2019-01-28,1.8,1.8,1.7,1.7,373700,635290.0,,,,,
2019-01-29,1.7,1.7,1.6,1.6,349500,559200.0,,,,,
2019-01-30,1.6,1.7,1.5,1.6,119800,191680.0,,,,,
2019-01-31,1.7,1.7,1.6,1.7,401600,682720.0,,,,,
2019-02-01,1.7,1.8,1.7,1.8,89100,160380.0,,,,,
2019-02-11,1.8,1.9,1.7,1.9,184300,350170.0,,,,,
2019-02-12,1.9,1.9,1.8,1.8,355300,639540.0,,,,,
2019-02-13,1.8,1.9,1.7,1.8,166070,298926.0,,,,,
2019-02-14,1.8,1.8,1.7,1.8,84850,152730.0,,,,,
2019-02-15,1.8,1.9,1.7,1.8,280400,504720.0,,,,,
2019-02-18,1.8,1.9,1.8,1.9,124720,236968.0,,,,,
2019-02-19,1.9,1.9,1.8,1.8,358730,645714.0,,,,,
2019-02-20,1.7,1.8,1.7,1.8,132000,237600.0,,,,,
2019-02-21,1.8,1.8,1.7,1.8,97006,174610.80000000002,,,,,
2019-02-22,1.7,1.8,1.7,1.8,77860,140148.0,,,,,
2019-02-25,1.7,1.8,1.7,1.8,461426,830566.8,,,,,
2019-02-26,1.7,1.8,1.7,1.7,207510,352767.0,,,,,
2019-02-27,1.7,1.8,1.7,1.7,165500,281350.0,,,,,
2019-02-28,1.8,1.8,1.6,1.7,87740,149158.0,,,,,
2019-03-01,1.6,1.8,1.6,1.8,125500,225900.0,,,,,
2019-03-04,1.7,1.8,1.7,1.7,215160,365772.0,,,,,
2019-03-05,1.7,1.8,1.7,1.7,232300,394910.0,,,,,
2019-03-06,1.8,1.8,1.7,1.7,80750,137275.0,,,,,
2019-03-07,1.8,1.8,1.8,1.8,554398,997916.4,,,,,
2019-03-08,1.9,1.9,1.7,1.8,374126,673426.8,,,,,
2019-03-11,1.8,1.8,1.7,1.8,86244,155239.2,,,,,
2019-03-12,1.8,1.8,1.7,1.8,223446,402202.8,,,,,
2019-03-13,1.7,1.8,1.7,1.8,140400,252720.0,,,,,
2019-03-14,1.7,1.8,1.7,1.8,193024,347443.2,,,,,
2019-03-15,1.8,1.8,1.7,1.7,338670,575739.0,,,,,
2019-03-18,1.7,1.8,1.7,1.7,112800,191760.0,,,,,
2019-03-19,1.7,1.8,1.7,1.7,170983,290671.1,,,,,
2019-03-20,1.7,1.8,1.7,1.7,131200,223040.0,,,,,
2019-03-21,1.7,1.8,1.7,1.7,208010,353617.0,,,,,
2019-03-22,1.7,1.8,1.7,1.8,123400,222120.0,,,,,
2019-03-25,1.8,1.8,1.7,1.7,582800,990760.0,,,,,
2019-03-26,1.6,1.8,1.6,1.7,96800,164560.0,,,,,
2019-03-27,1.8,1.8,1.7,1.7,44700,75990.0,,,,,
2019-03-28,1.7,1.7,1.6,1.7,142100,241570.0,,,,,
2019-03-29,1.7,1.8,1.7,1.7,46400,78880.0,,,,,
2019-04-01,1.7,1.8,1.6,1.7,206700,351390.0,,,,,
2019-04-02,1.6,1.8,1.6,1.7,210610,358037.0,,,,,
2019-04-03,1.7,1.8,1.6,1.7,198400,337280.0,,,,,
2019-04-04,1.7,1.7,1.6,1.7,114600,194820.0,,,,,
2019-04-05,1.6,1.7,1.6,1.7,92200,156740.0,,,,,
2019-04-08,1.7,1.7,1.6,1.6,180800,289280.0,,,,,
2019-04-09,1.7,1.7,1.7,1.7,402600,684420.0,,,,,
2019-04-10,1.8,1.8,1.7,1.7,132310,224927.0,,,,,
2019-04-11,1.8,1.8,1.7,1.7,102900,174930.0,,,,,
2019-04-12,1.7,1.7,1.6,1.7,98600,167620.0,,,,,
2019-04-16,1.7,1.7,1.6,1.6,200410,320656.0,,,,,
2019-04-17,1.6,1.7,1.6,1.6,240700,385120.0,,,,,
2019-04-18,1.6,1.7,1.6,1.6,178010,284816.0,,,,,
2019-04-19,1.6,1.7,1.6,1.7,195000,331500.0,,,,,
2019-04-22,1.7,1.7,1.6,1.6,318900,510240.0,,,,,
2019-04-23,1.6,1.7,1.5,1.6,175800,281280.0,,,,,
2019-04-24,1.6,1.7,1.5,1.7,287020,487934.0,,,,,
2019-04-25,1.7,1.7,1.6,1.6,212100,339360.0,,,,,
2019-04-26,1.6,1.7,1.5,1.6,231100,369760.0,,,,,
2019-05-02,1.6,1.6,1.5,1.5,60000,90000.0,,,,,
2019-05-03,1.6,1.6,1.5,1.6,137300,219680.0,,,,,
2019-05-06,1.6,1.6,1.5,1.5,1005700,1508550.0,,,,,
2019-05-07,1.5,1.6,1.4,1.5,76270,114405.0,,,,,
2019-05-08,1.5,1.5,1.4,1.4,161300,225820.0,,,,,
2019-05-09,1.5,1.5,1.3,1.4,448000,627200.0,,,,,
2019-05-10,1.4,1.4,1.3,1.4,192700,269780.0,,,,,
2019-05-13,1.4,1.5,1.3,1.5,457000,685500.0,,,,,
2019-05-14,1.5,1.5,1.4,1.4,254000,355600.0,,,,,
2019-05-15,1.4,1.4,1.3,1.4,103300,144620.0,,,,,
2019-05-16,1.4,1.4,1.3,1.3,338100,439530.0,,,,,
2019-05-17,1.3,1.4,1.3,1.4,160300,224420.0,,,,,
2019-05-20,1.3,1.4,1.3,1.3,354520,460876.0,,,,,
2019-05-21,1.3,1.4,1.2,1.3,336000,436800.0,,,,,
2019-05-22,1.2,1.4,1.2,1.4,101010,141414.0,,,,,
2019-05-23,1.4,1.4,1.3,1.4,234100,327740.0,,,,,
2019-05-24,1.3,1.4,1.3,1.3,219400,285220.0,,,,,
2019-05-27,1.3,1.4,1.2,1.2,152800,183360.0,,,,,
2019-05-28,1.2,1.3,1.2,1.3,243510,316563.0,,,,,
2019-05-29,1.3,1.3,1.2,1.3,90500,117650.0,,,,,
2019-05-30,1.3,1.3,1.2,1.3,679000,882700.0,,,,,
2019-05-31,1.3,1.3,1.2,1.2,111200,133440.0,,,,,
2019-06-03,1.2,1.3,1.1,1.2,80828,96993.6,,,,,
2019-06-04,1.2,1.3,1.1,1.1,135720,149292.0,,,,,
2019-06-05,1.2,1.2,1.1,1.2,182810,219372.0,,,,,
2019-06-06,1.2,1.3,1.1,1.2,68732,82478.4,,,,,
2019-06-07,1.3,1.3,1.1,1.2,35800,42960.0,,,,,
2019-06-10,1.2,1.2,1.1,1.1,267300,294030.0,,,,,
2019-06-11,1.1,1.2,1.0,1.1,821700,903870.0,,,,,
2019-06-12,1.2,1.2,1.1,1.2,267910,321492.0,,,,,
2019-06-13,1.1,1.2,1.1,1.1,28200,31020.000000000004,,,,,
2019-06-14,1.1,1.2,1.1,1.1,51200,56320.00000000001,,,,,
2019-06-17,1.2,1.2,1.1,1.1,65900,72490.0,,,,,
2019-06-18,1.2,1.2,1.1,1.2,159400,191280.0,,,,,
2019-06-19,1.2,1.2,1.1,1.1,46100,50710.00000000001,,,,,
2019-06-20,1.2,1.2,1.1,1.1,40200,44220.0,,,,,
2019-06-21,1.2,1.2,1.1,1.2,231800,278160.0,,,,,
2019-06-24,1.2,1.2,1.1,1.1,55200,60720.00000000001,,,,,
2019-06-25,1.2,1.2,1.1,1.2,92600,111120.0,,,,,
2019-06-26,1.1,1.2,1.1,1.1,30600,33660.0,,,,,
2019-06-27,1.2,1.2,1.0,1.2,271800,326160.0,,,,,
2019-06-28,1.2,1.2,1.1,1.1,54200,59620.00000000001,,,,,
2019-07-01,1.1,1.2,1.1,1.1,74900,82390.0,,,,,
2019-07-02,1.1,1.2,1.0,1.1,145600,160160.0,,,,,
2019-07-03,1.1,1.2,1.0,1.0,71700,71700.0,,,,,
2019-07-04,1.1,1.1,1.1,1.1,119100,131010.0,,,,,
2019-07-05,1.1,1.2,1.0,1.1,198710,218581.00000000003,,,,,
2019-07-08,1.1,1.2,1.1,1.1,101600,111760.0,,,,,
2019-07-09,1.1,1.2,1.1,1.2,38400,46080.0,,,,,
2019-07-10,1.2,1.2,1.1,1.1,70600,77660.0,,,,,
2019-07-11,1.2,1.2,1.1,1.1,62900,69190.0,,,,,
2019-07-12,1.2,1.2,1.1,1.1,55600,61160.00000000001,,,,,
2019-07-15,1.2,1.2,1.1,1.1,96350,105985.0,,,,,
2019-07-16,1.2,1.2,1.0,1.0,58000,58000.0,,,,,
2019-07-17,1.0,1.1,1.0,1.1,159500,175450.0,,,,,
2019-07-18,1.0,1.1,1.0,1.1,262400,288640.0,,,,,
2019-07-19,1.0,1.2,1.0,1.1,105400,115940.0,,,,,
2019-07-22,1.0,1.2,1.0,1.1,112100,123310.0,,,,,
2019-07-23,1.0,1.2,1.0,1.0,188350,188350.0,,,,,
2019-07-24,1.0,1.1,1.0,1.1,100600,110660.0,,,,,
2019-07-25,1.1,1.1,1.0,1.1,76900,84590.0,,,,,
2019-07-26,1.1,1.1,1.0,1.1,194700,214170.00000000003,,,,,
2019-07-29,1.0,1.1,1.0,1.1,239000,262900.0,,,,,
2019-07-30,1.1,1.1,1.0,1.0,63300,63300.0,,,,,
2019-07-31,1.0,1.0,0.9,1.0,107000,107000.0,,,,,
2019-08-01,0.9,1.0,0.9,0.9,49900,44910.0,,,,,
2019-08-02,1.0,1.0,1.0,1.0,3800,3800.0,,,,,
2019-08-05,0.9,1.1,0.9,1.0,257400,257400.0,,,,,
2019-08-06,0.9,1.1,0.9,0.9,490300,441270.0,,,,,
2019-08-07,1.0,1.0,0.8,0.9,507200,456480.0,,,,,
2019-08-08,0.9,1.0,0.9,1.0,93000,93000.0,,,,,
2019-08-09,1.0,1.0,0.9,0.9,96800,87120.0,,,,,
2019-08-12,1.0,1.0,0.9,1.0,80220,80220.0,,,,,
2019-08-13,1.0,1.0,0.9,0.9,88800,79920.0,,,,,
2019-08-14,1.0,1.0,0.9,0.9,42600,38340.0,,,,,
2019-08-15,0.9,1.0,0.9,0.9,197200,177480.0,,,,,
2019-08-16,1.0,1.0,0.9,0.9,52700,47430.0,,,,,
2019-08-19,0.9,1.0,0.8,0.9,78110,70299.0,,,,,
2019-08-20,0.8,1.0,0.8,0.9,222100,199890.0,,,,,
2019-08-21,0.9,1.0,0.8,1.0,101900,101900.0,,,,,
2019-08-22,0.9,1.0,0.9,1.0,52600,52600.0,,,,,
2019-08-23,0.9,1.0,0.9,1.0,185760,185760.0,,,,,
2019-08-26,0.9,1.0,0.9,0.9,93900,84510.0,,,,,
2019-08-27,1.0,1.0,0.9,1.0,195200,195200.0,,,,,
2019-08-28,0.9,1.0,0.9,0.9,161600,145440.0,,,,,
2019-08-29,1.0,1.0,0.9,0.9,40930,36837.0,,,,,
2019-08-30,0.9,1.0,0.9,0.9,146000,131400.0,,,,,
2019-09-03,0.9,1.0,0.9,0.9,115500,103950.0,,,,,
2019-09-04,0.9,1.0,0.9,0.9,70600,63540.0,,,,,
2019-09-05,1.0,1.0,0.9,0.9,169610,152649.0,,,,,
2019-09-06,1.0,1.0,0.9,0.9,39500,35550.0,,,,,
2019-09-09,0.9,1.0,0.8,0.9,49450,44505.0,,,,,
2019-09-10,0.9,1.0,0.9,0.9,27600,24840.0,,,,,
2019-09-11,1.0,1.0,0.9,0.9,32900,29610.0,,,,,
2019-09-12,1.0,1.0,0.9,0.9,21900,19710.0,,,,,
2019-09-13,0.9,1.0,0.9,1.0,87500,87500.0,,,,,
2019-09-16,1.0,1.0,0.9,0.9,109700,98730.0,,,,,
2019-09-17,1.0,1.0,1.0,1.0,482630,482630.0,,,,,
2019-09-18,1.1,1.1,1.1,1.1,340320,374352.00000000006,,,,,
2019-09-19,1.2,1.2,1.2,1.2,442470,530964.0,,,,,
2019-09-20,1.3,1.3,1.3,1.3,91800,119340.0,,,,,
2019-09-23,1.4,1.4,1.4,1.4,143600,201040.0,,,,,
2019-09-24,1.5,1.5,1.3,1.3,2200580,2860754.0,,,,,
2019-09-25,1.3,1.3,1.2,1.2,434700,521640.0,,,,,
2019-09-26,1.1,1.3,1.1,1.3,293410,381433.0,,,,,
2019-09-27,1.3,1.4,1.2,1.2,234620,281544.0,,,,,
2019-09-30,1.2,1.3,1.1,1.2,393100,471720.0,,,,,
2019-10-01,1.2,1.2,1.1,1.1,753000,828300.0000000001,,,,,
2019-10-02,1.1,1.2,1.0,1.1,338350,372185.00000000006,,,,,
2019-10-03,1.1,1.2,1.0,1.1,816300,897930.0000000001,,,,,
2019-10-04,1.1,1.1,1.0,1.0,50700,50700.0,,,,,
2019-10-07,1.0,1.1,1.0,1.0,154000,154000.0,,,,,
2019-10-08,0.9,1.1,0.9,1.0,141761,141761.0,,,,,
2019-10-09,1.1,1.1,0.9,1.0,196802,196802.0,,,,,
2019-10-10,1.0,1.1,0.9,1.1,162200,178420.0,,,,,
2019-10-11,1.1,1.1,1.0,1.0,204409,204409.0,,,,,
2019-10-14,1.0,1.1,0.9,1.0,107800,107800.0,,,,,
2019-10-15,1.1,1.1,1.0,1.0,27500,27500.0,,,,,
2019-10-16,1.0,1.1,1.0,1.0,270004,270004.0,,,,,
2019-10-17,1.0,1.1,0.9,0.9,242200,217980.0,,,,,
2019-10-18,0.9,1.0,0.9,1.0,141002,141002.0,,,,,
2019-10-21,1.1,1.1,1.0,1.1,563804,620184.4,,,,,
2019-10-22,1.0,1.1,1.0,1.0,183100,183100.0,,,,,
2019-10-23,1.0,1.1,1.0,1.0,115000,115000.0,,,,,
2019-10-24,1.1,1.1,1.0,1.0,93200,93200.0,,,,,
2019-10-25,1.0,1.1,1.0,1.1,40410,44451.0,,,,,
2019-10-28,1.0,1.1,1.0,1.0,178200,178200.0,,,,,
2019-10-29,1.0,1.1,1.0,1.1,43100,47410.00000000001,,,,,
2019-10-30,1.1,1.1,1.0,1.0,432500,432500.0,,,,,
2019-10-31,1.1,1.1,0.9,0.9,124700,112230.0,,,,,
2019-11-01,0.9,1.0,0.9,1.0,169800,169800.0,,,,,
2019-11-04,1.0,1.0,0.9,0.9,175900,158310.0,,,,,
2019-11-05,0.9,1.0,0.9,1.0,31200,31200.0,,,,,
2019-11-06,1.0,1.0,0.9,1.0,12500,12500.0,,,,,
2019-11-07,1.0,1.0,0.9,1.0,1156100,1156100.0,,,,,
2019-11-08,1.0,1.0,0.9,1.0,586300,586300.0,,,,,
2019-11-11,1.0,1.0,0.9,1.0,28400,28400.0,,,,,
2019-11-12,1.0,1.0,0.9,0.9,455600,410040.0,,,,,
2019-11-13,1.0,1.0,0.9,1.0,293409,293409.0,,,,,
2019-11-14,1.0,1.0,0.9,0.9,63200,56880.0,,,,,
2019-11-15,0.9,1.0,0.9,1.0,105100,105100.0,,,,,
2019-11-18,1.0,1.0,0.9,1.0,530600,530600.0,,,,,
2019-11-19,1.0,1.0,0.9,1.0,286900,286900.0,,,,,
2019-11-20,1.0,1.0,0.9,0.9,88200,79380.0,,,,,
2019-11-21,1.0,1.0,0.9,1.0,700000,700000.0,,,,,
2019-11-22,1.1,1.1,1.0,1.0,1035200,1035200.0,,,,,
2019-11-25,1.0,1.1,1.0,1.1,244300,268730.0,,,,,
2019-11-26,1.1,1.1,1.0,1.0,216400,216400.0,,,,,
2019-11-27,1.0,1.1,1.0,1.0,299000,299000.0,,,,,
2019-11-28,1.0,1.1,0.9,1.0,143500,143500.0,,,,,
2019-11-29,1.0,1.1,0.9,1.1,235400,258940.00000000003,,,,,
2019-12-02,1.0,1.1,1.0,1.0,165700,165700.0,,,,,
2019-12-03,0.9,1.0,0.9,0.9,70300,63270.0,,,,,
2019-12-04,1.0,1.0,0.9,1.0,125400,125400.0,,,,,
2019-12-05,1.0,1.0,0.9,1.0,117000,117000.0,,,,,
2019-12-06,1.0,1.0,0.9,1.0,64500,64500.0,,,,,
2019-12-09,1.0,1.0,0.9,0.9,104600,94140.0,,,,,
2019-12-10,1.0,1.0,0.9,1.0,647700,647700.0,,,,,
2019-12-11,1.0,1.1,0.9,1.0,326710,326710.0,,,,,
2019-12-12,0.9,1.1,0.9,1.0,244600,244600.0,,,,,
2019-12-13,1.0,1.1,1.0,1.0,375200,375200.0,,,,,
2019-12-16,1.1,1.1,1.0,1.0,440700,440700.0,,,,,
2019-12-17,1.1,1.1,1.0,1.1,704500,774950.0000000001,,,,,
2019-12-18,1.0,1.1,1.0,1.0,296217,296217.0,,,,,
2019-12-19,0.9,1.0,0.9,1.0,19700,19700.0,,,,,
2019-12-20,0.9,1.0,0.9,0.9,33000,29700.0,,,,,
2019-12-23,1.0,1.0,0.9,0.9,152100,136890.0,,,,,
2019-12-24,0.9,1.0,0.9,1.0,38800,38800.0,,,,,
2019-12-25,0.9,0.9,0.9,0.9,97211,87489.90000000001,,,,,
2019-12-26,1.0,1.0,0.9,0.9,343500,309150.0,,,,,
2019-12-27,0.9,1.0,0.9,1.0,54151,54151.0,,,,,
2019-12-30,1.0,1.0,0.9,0.9,215500,193950.0,,,,,
2019-12-31,0.9,1.0,0.8,0.8,365200,292160.0,,,,,
2020-01-02,0.9,0.9,0.9,0.9,180210,162189.0,,,,,
2020-01-03,1.0,1.0,0.8,0.9,84000,75600.0,,,,,
2020-01-06,1.0,1.0,0.8,0.9,62110,55899.0,,,,,
2020-01-07,0.9,1.0,0.8,0.9,118800,106920.0,,,,,
2020-01-08,0.9,1.0,0.8,0.8,65400,52320.0,,,,,
2020-01-09,0.8,0.9,0.8,0.9,17241,15516.9,,,,,
2020-01-10,0.9,0.9,0.8,0.8,222000,177600.0,,,,,
2020-01-13,0.9,0.9,0.8,0.8,43000,34400.0,,,,,
2020-01-14,0.8,0.9,0.8,0.9,235800,212220.0,,,,,
2020-01-15,0.8,0.9,0.8,0.8,40200,32160.0,,,,,
2020-01-16,0.8,0.9,0.8,0.9,263700,237330.0,,,,,
2020-01-17,0.8,1.0,0.8,0.9,150900,135810.0,,,,,
2020-01-20,0.9,0.9,0.8,0.9,57800,52020.0,,,,,
2020-01-21,0.9,1.0,0.9,1.0,217700,217700.0,,,,,
2020-01-22,1.0,1.0,0.9,0.9,266700,240030.0,,,,,
2020-01-30,1.0,1.0,0.9,1.0,75320,75320.0,,,,,
2020-01-31,1.0,1.0,0.9,0.9,324800,292320.0,,,,,
2020-02-03,0.8,0.9,0.8,0.9,995600,896040.0,,,,,
2020-02-04,0.9,0.9,0.8,0.9,49101,44190.9,,,,,
2020-02-05,0.9,0.9,0.8,0.8,53400,42720.0,,,,,
2020-02-06,0.8,0.9,0.8,0.9,139000,125100.0,,,,,
2020-02-07,0.9,0.9,0.8,0.8,58500,46800.0,,,,,
2020-02-10,0.9,0.9,0.8,0.9,179400,161460.0,,,,,
2020-02-11,0.9,0.9,0.8,0.8,430300,344240.0,,,,,
2020-02-12,0.9,0.9,0.8,0.8,99200,79360.0,,,,,
2020-02-13,0.9,0.9,0.8,0.8,247001,197600.8,,,,,
2020-02-14,0.9,0.9,0.8,0.8,99800,79840.0,,,,,
2020-02-17,0.8,0.9,0.8,0.8,125000,100000.0,,,,,
2020-02-18,0.8,0.9,0.8,0.9,180300,162270.0,,,,,
2020-02-19,0.8,0.9,0.8,0.8,208700,166960.0,,,,,
2020-02-20,0.8,0.9,0.8,0.9,69400,62460.0,,,,,
2020-02-21,0.9,0.9,0.8,0.9,565500,508950.0,,,,,
2020-02-24,0.9,1.0,0.8,0.8,2101600,1681280.0,,,,,
2020-02-25,0.8,0.9,0.8,0.9,91700,82530.0,,,,,
2020-02-26,0.8,1.0,0.8,1.0,903600,903600.0,,,,,
2020-02-27,1.0,1.1,0.9,0.9,1553000,1397700.0,,,,,
2020-02-28,0.9,1.0,0.9,1.0,827222,827222.0,,,,,
2020-03-02,1.0,1.1,1.0,1.0,154400,154400.0,,,,,
2020-03-03,1.0,1.1,1.0,1.1,633157,696472.7000000001,,,,,
2020-03-04,1.2,1.2,1.1,1.2,720000,864000.0,,,,,
2020-03-05,1.3,1.3,1.1,1.1,547700,602470.0,,,,,
2020-03-06,1.1,1.2,1.0,1.1,883720,972092.0,,,,,
2020-03-09,1.1,1.2,1.0,1.2,1478540,1774248.0,,,,,
2020-03-10,1.3,1.3,1.1,1.2,920911,1105093.2,,,,,
2020-03-11,1.2,1.3,1.2,1.2,713914,856696.7999999999,,,,,
2020-03-12,1.3,1.3,1.2,1.3,615861,800619.3,,,,,
2020-03-13,1.4,1.4,1.4,1.4,347700,486780.0,,,,,
2020-03-16,1.5,1.5,1.5,1.5,834700,1252050.0,,,,,
2020-03-17,1.6,1.6,1.6,1.6,741321,1186113.6,,,,,
2020-03-18,1.7,1.7,1.7,1.7,332480,565216.0,,,,,
2020-03-19,1.8,1.8,1.8,1.8,1696430,3053574.0,,,,,
2020-03-20,1.9,1.9,1.7,1.7,2649956,4504925.2,,,,,
2020-03-23,1.6,1.7,1.6,1.6,81400,130240.0,,,,,
2020-03-24,1.5,1.5,1.5,1.5,120,180.0,,,,,
2020-03-25,1.4,1.4,1.4,1.4,27300,38220.0,,,,,
2020-03-26,1.3,1.3,1.3,1.3,38639,50230.7,,,,,
2020-03-27,1.2,1.2,1.2,1.2,33400,40080.0,,,,,
2020-03-30,1.1,1.1,1.1,1.1,35700,39270.0,,,,,
2020-03-31,1.0,1.1,1.0,1.0,850789,850789.0,,,,,
2020-04-01,0.9,1.1,0.9,1.1,481900,530090.0,,,,,
2020-04-03,1.2,1.2,1.2,1.2,472000,566400.0,,,,,
2020-04-06,1.3,1.3,1.3,1.3,485180,630734.0,,,,,
2020-04-07,1.4,1.4,1.4,1.4,135122,189170.8,,,,,
2020-04-08,1.5,1.5,1.3,1.5,1076100,1614150.0,,,,,
2020-04-09,1.6,1.6,1.5,1.5,584600,876900.0,,,,,
2020-04-10,1.5,1.6,1.4,1.4,867211,1214095.4,,,,,
2020-04-13,1.5,1.5,1.4,1.5,11932,17898.0,,,,,
2020-04-14,1.4,1.4,1.4,1.4,124800,174720.0,,,,,
2020-04-15,1.4,1.5,1.3,1.5,311400,467100.0,,,,,
2020-04-16,1.5,1.6,1.5,1.6,944410,1511056.0,,,,,
2020-04-17,1.6,1.7,1.6,1.7,293922,499667.4,,,,,
2020-04-20,1.7,1.8,1.7,1.8,412650,742770.0,,,,,
2020-04-21,1.9,1.9,1.7,1.7,637500,1083750.0,,,,,
2020-04-22,1.7,1.8,1.6,1.7,29500,50150.0,,,,,
2020-04-23,1.7,1.8,1.7,1.8,228740,411732.0,,,,,
2020-04-24,1.9,1.9,1.7,1.9,15800,30020.0,,,,,
2020-04-27,1.9,2.0,1.8,1.9,179310,340689.0,,,,,
2020-04-28,1.9,1.9,1.8,1.8,36194,65149.2,,,,,
2020-04-29,1.7,1.8,1.7,1.8,38810,69858.0,,,,,
2020-05-04,1.8,1.9,1.7,1.9,138510,263169.0,,,,,
2020-05-05,1.9,1.9,1.8,1.9,141900,269610.0,,,,,
2020-05-06,1.8,2.0,1.8,2.0,392400,784800.0,,,,,
2020-05-07,2.1,2.2,2.1,2.2,262300,577060.0,,,,,
2020-05-08,2.4,2.4,2.4,2.4,514089,1233813.6,,,,,
2020-05-11,2.6,2.6,2.4,2.6,218808,568900.8,,,,,
2020-05-12,2.8,2.8,2.7,2.8,283400,793520.0,,,,,
2020-05-13,3.0,3.0,2.9,3.0,904120,2712360.0,,,,,
2020-05-14,3.3,3.3,3.2,3.3,304586,1005133.8,,,,,
2020-05-15,3.6,3.6,3.2,3.2,1491970,4774304.0,,,,,
2020-05-18,3.0,3.5,2.9,3.4,1266730,4306882.0,,,,,
2020-05-19,3.4,3.4,3.1,3.1,383430,1188633.0,,,,,
2020-05-20,2.8,2.9,2.8,2.8,342891,960094.8,,,,,
2020-05-21,2.6,3.0,2.6,3.0,130021,390063.0,,,,,
2020-05-22,3.3,3.3,3.3,3.3,75100,247830.0,,,,,
2020-05-25,3.6,3.6,3.6,3.6,164200,591120.0,,,,,
2020-05-26,3.9,3.9,3.7,3.9,1691658,6597466.2,,,,,
2020-05-27,3.8,4.2,3.8,4.2,2962577,12442823.4,,,,,
2020-05-28,4.4,4.6,4.4,4.6,721037,3316770.2,,,,,
2020-05-29,4.8,5.0,4.2,4.9,676085,3312816.5000000005,,,,,
2020-06-01,4.9,4.9,4.5,4.5,598553,2693488.5,,,,,
2020-06-02,4.1,4.9,4.1,4.4,1001952,4408588.800000001,,,,,
2020-06-03,4.1,4.8,4.1,4.8,395530,1898544.0,,,,,
2020-06-04,5.0,5.2,4.8,5.1,268877,1371272.7,,,,,
2020-06-05,4.8,5.1,4.6,4.6,377847,1738096.2,,,,,
2020-06-08,4.4,5.0,4.3,5.0,564104,2820520.0,,,,,
2020-06-09,5.1,5.5,4.6,5.5,506440,2785420.0,,,,,
2020-06-10,5.5,6.0,5.1,6.0,528405,3170430.0,,,,,
2020-06-11,6.6,6.6,6.4,6.6,310245,2047617.0,,,,,
2020-06-12,6.9,7.2,6.2,7.2,153781,1107223.2,,,,,
2020-06-15,7.4,7.9,6.5,7.9,2118782,16738377.8,,,,,
2020-06-16,7.9,8.3,7.2,7.7,1712754,13188205.8,,,,,
2020-06-17,7.7,8.4,7.0,8.4,701690,5894196.0,,,,,
2020-06-18,8.4,8.5,7.6,7.6,2722310,20689556.0,,,,,
2020-06-19,7.4,7.4,6.9,6.9,1287264,8882121.6,,,,,
2020-06-22,6.3,7.5,6.3,7.5,4836351,36272632.5,,,,,
2020-06-23,7.5,8.1,6.8,6.8,1000560,6803808.0,,,,,
2020-06-24,7.0,7.1,6.2,6.2,1236270,7664874.0,,,,,
2020-06-25,5.9,6.2,5.6,5.6,474191,2655469.6,,,,,
2020-06-26,5.1,5.9,5.1,5.2,4218844,21937988.8,,,,,
2020-06-29,5.2,5.6,4.8,5.5,609649,3353069.5,,,,,
2020-06-30,5.5,5.7,5.0,5.0,722251,3611255.0,,,,,
2020-07-01,4.9,5.5,4.9,5.5,1247754,6862647.0,,,,,
2020-07-02,5.8,6.0,5.5,6.0,1031162,6186972.0,,,,,
2020-07-03,6.1,6.5,5.4,5.6,2012435,11269636.0,,,,,
2020-07-06,5.6,5.6,5.1,5.1,627800,3201780.0,,,,,
2020-07-07,5.0,5.4,5.0,5.2,416500,2165800.0,,,,,
2020-07-08,5.1,5.3,4.9,5.2,395900,2058680.0,,,,,
2020-07-09,5.1,5.7,4.8,5.7,1991046,11348962.2,,,,,
2020-07-10,5.9,6.2,5.9,6.2,1234831,7655952.2,,,,,
2020-07-13,6.5,6.8,6.4,6.8,998694,6791119.2,,,,,
2020-07-14,7.4,7.4,6.2,6.3,1298639,8181425.7,,,,,
2020-07-15,6.3,6.9,6.3,6.9,954912,6588892.800000001,,,,,
2020-07-16,7.2,7.3,6.3,6.3,2653134,16714744.2,,,,,
2020-07-17,6.2,6.7,5.9,6.3,744055,4687546.5,,,,,
2020-07-20,6.5,6.5,5.7,6.3,274611,1730049.3,,,,,
2020-07-21,6.2,6.5,5.8,6.3,387899,2443763.7,,,,,
2020-07-22,6.3,6.9,5.9,6.9,1784231,12311193.9,,,,,
2020-07-23,7.0,7.2,6.3,6.3,1403322,8840928.6,,,,,
2020-07-24,6.2,6.6,5.7,5.7,600230,3421311.0,,,,,
2020-07-27,5.6,5.6,5.2,5.2,553045,2875834.0,,,,,
2020-07-28,4.7,5.5,4.7,5.2,775000,4030000.0,,,,,
2020-07-29,5.2,5.2,4.7,5.2,473840,2463968.0,,,,,
2020-07-30,5.2,5.5,5.2,5.3,114401,606325.2999999999,,,,,
2020-07-31,5.1,5.2,5.0,5.0,142409,712045.0,,,,,
2020-08-03,5.0,5.5,5.0,5.5,682950,3756225.0,,,,,
2020-08-04,5.8,6.0,5.8,6.0,450250,2701500.0,,,,,
2020-08-05,6.2,6.4,5.8,6.0,245720,1474320.0,,,,,
2020-08-06,5.7,6.6,5.7,6.6,1211805,7997913.0,,,,,
2020-08-07,6.9,7.1,6.5,6.8,238873,1624336.4,,,,,
2020-08-10,6.8,7.0,6.4,7.0,250812,1755684.0,,,,,
2020-08-11,7.0,7.0,6.3,6.6,559620,3693492.0,,,,,
2020-08-12,6.2,6.6,6.0,6.2,185273,1148692.6,,,,,
2020-08-13,6.5,6.8,6.2,6.8,729065,4957642.0,,,,,
2020-08-14,7.1,7.4,6.8,7.4,1517573,11230040.2,,,,,
2020-08-17,7.8,8.1,7.1,8.1,1624193,13155963.3,,,,,
2020-08-18,8.8,8.9,7.3,8.7,2565875,22323112.5,,,,,
2020-08-19,7.9,9.3,7.9,7.9,553338,4371370.2,,,,,
2020-08-20,7.8,7.9,7.2,7.8,836560,6525168.0,,,,,
2020-08-21,7.2,7.5,7.1,7.1,1108540,7870634.0,,,,,
2020-08-24,7.1,7.4,6.4,6.8,1853253,12602120.4,,,,,
2020-08-25,6.8,7.0,6.2,6.2,1681238,10423675.6,,,,,
2020-08-26,5.9,6.4,5.6,5.6,5678770,31801112.0,,,,,
2020-08-27,5.6,5.6,5.1,5.1,6397950,32629545.0,,,,,
2020-08-28,4.8,5.6,4.7,5.6,2168120,12141472.0,,,,,
2020-08-31,5.7,5.7,5.1,5.1,2779660,14176265.999999998,,,,,
2020-09-01,5.1,5.4,4.9,5.3,815440,4321832.0,,,,,
2020-09-03,5.3,5.5,4.9,5.3,2181310,11560943.0,,,,,
2020-09-04,5.2,5.3,5.0,5.1,784910,4003041.0,,,,,
2020-09-07,5.1,5.3,5.0,5.1,1219751,6220730.1,,,,,
2020-09-08,5.0,5.2,5.0,5.2,675900,3514680.0,,,,,
2020-09-09,5.1,5.1,5.0,5.0,800533,4002665.0,,,,,
2020-09-10,5.1,5.2,5.0,5.0,871103,4355515.0,,,,,
2020-09-11,5.0,5.1,4.9,4.9,1138793,5580085.7,,,,,
2020-09-14,5.0,5.0,4.7,4.8,1337516,6420076.8,,,,,
2020-09-15,4.8,5.2,4.8,5.2,3168104,16474140.8,,,,,
2020-09-16,5.2,5.3,4.7,4.7,6026965,28326735.5,,,,,
2020-09-17,4.3,4.6,4.3,4.3,1580900,6797870.0,,,,,
2020-09-18,3.9,3.9,3.9,3.9,427848,1668607.2,,,,,
2020-09-21,3.6,4.2,3.6,4.2,5929651,24904534.2,,,,,
2020-09-22,4.3,4.5,4.0,4.0,483795,1935180.0,,,,,
2020-09-23,4.1,4.4,4.1,4.3,1982971,8526775.299999999,,,,,
2020-09-24,4.3,4.3,4.0,4.2,728440,3059448.0,,,,,
2020-09-25,4.2,4.2,4.0,4.1,412450,1691044.9999999998,,,,,
2020-09-28,4.1,4.2,3.9,4.1,901702,3696978.2,,,,,
2020-09-29,4.1,4.1,3.7,3.7,2909570,10765409.0,,,,,
2020-09-30,3.5,3.7,3.4,3.4,1125131,3825445.4,,,,,
2020-10-01,3.4,3.7,3.3,3.7,1217122,4503351.4,,,,,
2020-10-02,3.8,3.9,3.5,3.5,652922,2285227.0,,,,,
2020-10-05,3.5,3.7,3.5,3.6,372380,1340568.0,,,,,
2020-10-06,3.6,3.6,3.4,3.5,636300,2227050.0,,,,,
2020-10-07,3.6,3.6,3.4,3.5,412230,1442805.0,,,,,
2020-10-08,3.7,3.7,3.4,3.4,352101,1197143.4,,,,,
2020-10-09,3.4,3.6,3.4,3.6,1032620,3717432.0,,,,,
2020-10-12,3.6,3.6,3.4,3.5,373434,1307019.0,,,,,
2020-10-13,3.4,3.5,3.3,3.4,246880,839392.0,,,,,
2020-10-14,3.4,3.4,3.3,3.4,287111,976177.4,,,,,
2020-10-15,3.4,3.4,3.2,3.2,250032,800102.4,,,,,
2020-10-16,3.2,3.3,2.9,3.0,968882,2906646.0,,,,,
2020-10-19,3.0,3.0,2.8,2.8,775362,2171013.6,,,,,
2020-10-20,2.9,3.0,2.8,3.0,463770,1391310.0,,,,,
2020-10-21,3.0,3.2,3.0,3.0,135130,405390.0,,,,,
2020-10-22,2.9,3.0,2.8,2.9,153748,445869.2,,,,,
2020-10-23,2.9,3.0,2.8,2.9,228695,663215.5,,,,,
2020-10-26,3.0,3.0,2.8,2.9,332028,962881.2,,,,,
2020-10-27,2.9,3.0,2.9,3.0,284642,853926.0,,,,,
2020-10-28,2.9,2.9,2.8,2.8,237800,665840.0,,,,,
2020-10-29,2.8,2.9,2.7,2.9,598620,1735998.0,,,,,
2020-10-30,2.9,2.9,2.7,2.7,266818,720408.6000000001,,,,,
2020-11-02,2.7,2.9,2.7,2.9,548200,1589780.0,,,,,
2020-11-03,3.0,3.1,3.0,3.1,395413,1225780.3,,,,,
2020-11-04,3.2,3.4,3.2,3.4,1471440,5002896.0,,,,,
2020-11-05,3.6,3.7,3.5,3.5,840680,2942380.0,,,,,
2020-11-06,3.5,3.5,3.3,3.3,279550,922515.0,,,,,
2020-11-09,3.4,3.5,3.3,3.4,125810,427754.0,,,,,
2020-11-10,3.3,3.4,3.3,3.4,214250,728450.0,,,,,
2020-11-11,3.4,3.4,3.1,3.1,423500,1312850.0,,,,,
2020-11-12,3.1,3.3,3.1,3.2,88968,284697.60000000003,,,,,
2020-11-13,3.2,3.2,3.0,3.1,172600,535060.0,,,,,
2020-11-16,3.1,3.4,3.1,3.4,2757120,9374208.0,,,,,
2020-11-17,3.5,3.7,3.3,3.7,1907845,7059026.5,,,,,
2020-11-18,3.9,4.0,3.6,3.7,742810,2748397.0,,,,,
2020-11-19,3.7,3.7,3.4,3.4,649000,2206600.0,,,,,
2020-11-20,3.2,3.4,3.1,3.3,3539120,11679096.0,,,,,
2020-11-23,3.3,3.3,3.0,3.0,2444100,7332300.0,,,,,
2020-11-24,2.9,3.2,2.7,3.0,572662,1717986.0,,,,,
2020-11-25,3.1,3.1,2.7,2.7,9113258,24605796.6,,,,,
2020-11-26,2.7,2.9,2.7,2.8,563000,1576400.0,,,,,
2020-11-27,2.8,2.9,2.7,2.8,472373,1322644.4,,,,,
2020-11-30,2.8,2.8,2.6,2.6,885610,2302586.0,,,,,
2020-12-01,2.6,2.7,2.5,2.7,922637,2491119.9000000004,,,,,
2020-12-02,2.7,2.7,2.6,2.7,593366,1602088.2000000002,,,,,
2020-12-03,2.7,2.7,2.6,2.6,373652,971495.2,,,,,
2020-12-04,2.7,2.7,2.6,2.6,461590,1200134.0,,,,,
2020-12-07,2.6,2.7,2.6,2.6,561450,1459770.0,,,,,
2020-12-08,2.7,2.7,2.6,2.7,516100,1393470.0,,,,,
2020-12-09,2.7,2.7,2.5,2.6,655924,1705402.4,,,,,
2020-12-10,2.6,2.7,2.5,2.6,474410,1233466.0,,,,,
2020-12-11,2.5,2.7,2.5,2.5,499400,1248500.0,,,,,
2020-12-14,2.6,2.7,2.5,2.6,518500,1348100.0,,,,,
2020-12-15,2.6,2.7,2.5,2.6,631610,1642186.0,,,,,
2020-12-16,2.6,2.7,2.5,2.6,526501,1368902.6,,,,,
2020-12-17,2.6,2.6,2.5,2.6,568230,1477398.0,,,,,
2020-12-18,2.6,2.6,2.5,2.5,488850,1222125.0,,,,,
2020-12-21,2.6,2.6,2.5,2.6,785510,2042326.0,,,,,
2020-12-22,2.6,2.7,2.5,2.7,1579290,4264083.0,,,,,
2020-12-23,2.7,2.9,2.7,2.9,2786490,8080821.0,,,,,
2020-12-24,2.9,3.1,2.7,2.7,1455297,3929301.9,,,,,
2020-12-25,2.7,2.9,2.7,2.8,743260,2081128.0,,,,,
2020-12-28,2.8,2.9,2.7,2.8,1222710,3423588.0,,,,,
2020-12-29,2.8,2.8,2.7,2.7,1219440,3292488.0,,,,,
2020-12-30,2.8,2.8,2.7,2.8,1328750,3720500.0,,,,,
2020-12-31,2.8,2.9,2.7,2.8,766454,2146071.2,,,,,
2021-01-04,2.8,2.9,2.8,2.9,746060,2163574.0,,,,,
2021-01-05,2.9,2.9,2.8,2.8,1422570,3983196.0,,,,,
2021-01-06,2.8,2.9,2.7,2.8,843000,2360400.0,,,,,
2021-01-07,2.7,2.9,2.7,2.8,830144,2324403.2,,,,,
2021-01-08,2.8,3.0,2.8,2.9,4113990,11930571.0,,,,,
2021-01-11,3.0,3.1,2.9,3.1,1229461,3811329.1,,,,,
2021-01-12,3.3,3.4,3.2,3.4,3007650,10226010.0,,,,,
2021-01-13,3.6,3.6,3.2,3.4,2666871,9067361.4,,,,,
2021-01-14,3.4,3.5,3.3,3.5,803823,2813380.5,,,,,
2021-01-15,3.5,3.6,3.3,3.3,2243970,7405101.0,,,,,
2021-01-18,3.4,3.6,3.3,3.5,2546030,8911105.0,,,,,
2021-01-19,3.6,3.8,3.2,3.5,4256350,14897225.0,,,,,
2021-01-20,3.5,3.6,3.3,3.6,1683803,6061690.8,,,,,
2021-01-21,3.5,3.9,3.5,3.9,3833208,14949511.2,,,,,
2021-01-22,3.7,4.2,3.7,4.0,2096206,8384824.0,,,,,
2021-01-25,4.1,4.1,3.8,3.9,1822935,7109446.5,,,,,
2021-01-26,3.8,3.9,3.6,3.6,2455643,8840314.8,,,,,
2021-01-27,3.4,3.5,3.3,3.3,2066111,6818166.3,,,,,
2021-01-28,3.0,3.1,3.0,3.0,290695,872085.0,,,,,
2021-01-29,2.7,2.9,2.7,2.8,3586212,10041393.6,,,,,
2021-02-01,2.8,3.0,2.6,2.8,1360400,3809120.0,,,,,
2021-02-02,2.8,2.8,2.6,2.7,672800,1816560.0,,,,,
2021-02-03,2.8,2.9,2.7,2.9,1228304,3562081.6,,,,,
2021-02-04,3.0,3.0,2.8,2.9,761400,2208060.0,,,,,
2021-02-05,2.9,3.0,2.9,3.0,592512,1777536.0,,,,,
2021-02-08,3.0,3.0,2.7,2.8,1164413,3260356.4,,,,,
2021-02-09,2.8,2.9,2.7,2.9,999025,2897172.5,,,,,
2021-02-17,2.9,3.0,2.8,3.0,748900,2246700.0,,,,,
2021-02-18,3.0,3.1,2.9,3.0,666980,2000940.0,,,,,
2021-02-19,3.0,3.1,2.9,3.0,418300,1254900.0,,,,,
2021-02-22,2.9,3.0,2.9,3.0,1093603,3280809.0,,,,,
2021-02-23,3.0,3.3,2.9,3.3,2128669,7024607.699999999,,,,,
2021-02-24,3.4,3.6,3.3,3.4,2946200,10017080.0,,,,,
2021-02-25,3.4,3.5,3.2,3.4,1129803,3841330.2,,,,,
2021-02-26,3.3,3.3,3.1,3.2,1362800,4360960.0,,,,,
2021-03-01,3.2,3.4,3.1,3.3,1157017,3818156.1,,,,,
2021-03-02,3.4,3.4,3.2,3.3,792300,2614590.0,,,,,
2021-03-03,3.3,3.6,3.3,3.6,2447700,8811720.0,,,,,
2021-03-04,3.6,3.7,3.3,3.4,2463275,8375135.0,,,,,
2021-03-05,3.5,3.6,3.4,3.6,1120900,4035240.0,,,,,
2021-03-08,3.6,3.7,3.6,3.7,1797313,6650058.100000001,,,,,
2021-03-09,3.7,3.7,3.5,3.6,1767052,6361387.2,,,,,
2021-03-10,3.6,3.6,3.5,3.6,961165,3460194.0,,,,,
2021-03-11,3.6,3.7,3.6,3.6,1712310,6164316.0,,,,,
2021-03-12,3.7,3.8,3.7,3.8,2307227,8767462.6,,,,,
2021-03-15,3.8,3.9,3.7,3.9,2220215,8658838.5,,,,,
2021-03-16,3.8,3.9,3.7,3.8,1182204,4492375.2,,,,,
2021-03-17,3.8,3.8,3.6,3.6,1060901,3819243.6,,,,,
2021-03-18,3.6,3.8,3.6,3.7,1315040,4865648.0,,,,,
2021-03-19,3.7,3.7,3.5,3.7,1336200,4943940.0,,,,,
2021-03-22,3.7,3.7,3.6,3.7,878379,3250002.3000000003,,,,,
2021-03-23,3.7,3.8,3.6,3.7,2066620,7646494.0,,,,,
2021-03-24,3.7,4.0,3.6,4.0,6715163,26860652.0,,,,,
2021-03-25,4.2,4.4,4.1,4.4,3357220,14771768.000000002,,,,,
2021-03-26,4.6,4.7,4.0,4.5,3187150,14342175.0,,,,,
2021-03-29,4.4,4.8,4.2,4.5,3981934,17918703.0,,,,,
2021-03-30,4.5,4.6,4.3,4.5,2684561,12080524.5,,,,,
2021-03-31,4.5,4.6,4.2,4.5,3197136,14387112.0,,,,,
2021-04-01,4.5,4.9,4.3,4.7,3013385,14162909.5,,,,,
2021-04-02,4.7,4.8,4.5,4.6,1881924,8656850.399999999,,,,,
2021-04-05,4.6,5.0,4.5,4.8,3029822,14543145.6,,,,,
2021-04-06,4.9,5.1,4.7,5.0,2356495,11782475.0,,,,,
2021-04-07,5.0,5.4,4.9,5.2,2869231,14920001.2,,,,,
2021-04-08,5.2,5.3,4.8,5.0,3056127,15280635.0,,,,,
2021-04-09,5.0,5.2,4.9,5.1,2140277,10915412.7,,,,,
2021-04-12,5.0,5.6,5.0,5.6,3630925,20333180.0,,,,,
2021-04-13,5.6,5.9,5.2,5.4,3060010,16524054.000000002,,,,,
2021-04-14,5.3,5.6,5.0,5.4,3377572,18238888.8,,,,,
2021-04-15,5.5,5.5,5.2,5.3,1886682,9999414.6,,,,,
2021-04-16,5.3,5.3,4.8,4.8,4225100,20280480.0,,,,,
2021-04-19,4.9,4.9,4.4,4.4,2929523,12889901.2,,,,,
2021-04-20,4.4,4.8,4.1,4.8,1965936,9436492.8,,,,,
2021-04-22,4.9,4.9,4.4,4.4,1388900,6111160.000000001,,,,,
2021-04-23,4.1,4.7,4.1,4.4,1386102,6098848.800000001,,,,,
2021-04-26,4.5,4.6,4.1,4.1,1246648,5111256.8,,,,,
2021-04-27,4.1,4.3,4.1,4.2,902500,3790500.0,,,,,
2021-04-28,4.2,4.5,4.1,4.3,729500,3136850.0,,,,,
2021-04-29,4.3,4.4,4.2,4.3,933922,4015864.6,,,,,
2021-05-04,4.2,4.3,4.0,4.0,1198144,4792576.0,,,,,
2021-05-05,4.0,4.3,3.9,4.3,1007300,4331390.0,,,,,
2021-05-06,4.3,4.3,4.1,4.1,1406580,5766977.999999999,,,,,
2021-05-07,4.1,4.2,3.9,3.9,1608488,6273103.2,,,,,
2021-05-10,3.9,4.1,3.8,4.0,1119310,4477240.0,,,,,
2021-05-11,4.0,4.1,3.9,4.0,1070547,4282188.0,,,,,
2021-05-12,4.0,4.2,3.9,4.1,853400,3498939.9999999995,,,,,
2021-05-13,4.2,4.4,4.1,4.3,1963550,8443265.0,,,,,
2021-05-14,4.4,4.4,4.2,4.4,1266458,5572415.2,,,,,
2021-05-17,4.4,4.5,4.3,4.3,1461700,6285310.0,,,,,
2021-05-18,4.3,4.3,4.1,4.1,1219551,5000159.1,,,,,
2021-05-19,4.1,4.3,4.1,4.2,666000,2797200.0,,,,,
2021-05-20,4.2,4.2,4.0,4.2,721880,3031896.0,,,,,
2021-05-21,4.1,4.3,4.1,4.2,1055700,4433940.0,,,,,
2021-05-24,4.3,4.3,4.1,4.2,739804,3107176.8000000003,,,,,
2021-05-25,4.2,4.3,4.1,4.3,684000,2941200.0,,,,,
2021-05-26,4.2,4.3,4.1,4.2,1001406,4205905.2,,,,,
2021-05-27,4.2,4.2,4.0,4.0,709816,2839264.0,,,,,
2021-05-28,4.0,4.1,3.9,4.0,547500,2190000.0,,,,,
2021-05-31,4.1,4.1,3.7,3.8,2316330,8802054.0,,,,,
2021-06-01,3.8,4.1,3.8,4.1,1088900,4464490.0,,,,,
2021-06-02,4.2,4.2,3.9,4.2,1154913,4850634.600000001,,,,,
2021-06-03,4.1,4.4,4.1,4.4,2321594,10215013.6,,,,,
2021-06-04,4.4,4.5,4.2,4.2,1475030,6195126.0,,,,,
2021-06-07,4.2,4.4,4.1,4.3,1285818,5529017.399999999,,,,,
2021-06-08,4.3,4.3,4.1,4.1,1724678,7071179.8,,,,,
2021-06-09,4.1,4.2,4.0,4.2,846400,3554880.0,,,,,
2021-06-10,4.2,4.2,4.0,4.1,379533,1556085.2999999998,,,,,
2021-06-11,4.1,4.2,4.0,4.1,837857,3435213.7,,,,,
2021-06-14,4.2,4.2,4.1,4.2,723707,3039569.4,,,,,
2021-06-15,4.1,4.2,4.0,4.1,1395433,5721275.3,,,,,
2021-06-16,4.1,4.1,4.0,4.0,646757,2587028.0,,,,,
2021-06-17,4.1,4.3,3.9,4.3,1305509,5613688.7,,,,,
2021-06-18,4.2,4.7,4.2,4.7,5454845,25637771.5,,,,,
2021-06-21,4.9,5.1,4.7,4.8,2074669,9958411.2,,,,,
2021-06-22,4.8,4.9,4.5,4.5,1516009,6822040.5,,,,,
2021-06-23,4.5,4.8,4.4,4.7,1367319,6426399.3,,,,,
2021-06-24,4.7,4.7,4.5,4.5,488045,2196202.5,,,,,
2021-06-25,4.6,4.6,4.4,4.5,681212,3065454.0,,,,,
2021-06-28,4.5,4.6,4.4,4.5,882237,3970066.5,,,,,
2021-06-29,4.6,4.6,4.4,4.5,730200,3285900.0,,,,,
2021-06-30,4.4,4.5,4.2,4.2,689310,2895102.0,,,,,
2021-07-01,4.2,4.4,4.2,4.4,472240,2077856.0,,,,,
2021-07-02,4.4,4.4,4.2,4.2,1203200,5053440.0,,,,,
2021-07-05,4.2,4.2,4.0,4.2,686850,2884770.0,,,,,
2021-07-06,4.2,4.2,4.0,4.0,1040800,4163200.0,,,,,
2021-07-07,4.0,4.1,3.9,4.0,605900,2423600.0,,,,,
2021-07-08,4.0,4.2,4.0,4.2,729540,3064068.0,,,,,
2021-07-09,4.2,4.2,3.9,4.0,643800,2575200.0,,,,,
2021-07-12,4.0,4.0,3.6,3.7,1595400,5902980.0,,,,,
2021-07-13,3.6,3.8,3.6,3.8,1006800,3825840.0,,,,,
2021-07-14,3.9,4.0,3.7,3.8,538400,2045920.0,,,,,
2021-07-15,3.7,4.0,3.7,4.0,519500,2078000.0,,,,,
2021-07-16,4.0,4.0,3.8,3.9,451715,1761688.5,,,,,
2021-07-19,3.8,3.9,3.6,3.6,894200,3219120.0,,,,,
2021-07-20,3.6,3.8,3.5,3.8,610100,2318380.0,,,,,
2021-07-21,3.8,3.8,3.7,3.7,244927,906229.9,,,,,
2021-07-22,3.7,3.9,3.6,3.9,553495,2158630.5,,,,,
2021-07-23,3.9,3.9,3.7,3.7,266675,986697.5,,,,,
2021-07-26,3.7,3.8,3.6,3.7,482746,1786160.2000000002,,,,,
2021-07-27,3.7,3.8,3.7,3.7,234741,868541.7000000001,,,,,
2021-07-28,3.8,3.8,3.6,3.7,390900,1446330.0,,,,,
2021-07-29,3.7,3.8,3.6,3.7,565925,2093922.5,,,,,
2021-07-30,3.8,3.8,3.7,3.7,330700,1223590.0,,,,,
2021-08-02,3.7,3.8,3.6,3.7,438025,1620692.5,,,,,
2021-08-03,3.7,3.8,3.7,3.7,509301,1884413.7,,,,,
2021-08-04,3.7,4.0,3.7,3.9,1863159,7266320.1,,,,,
2021-08-05,3.9,4.1,3.8,4.1,909403,3728552.3,,,,,
2021-08-06,4.1,4.2,3.9,3.9,700243,2730947.7,,,,,
2021-08-09,3.9,4.0,3.8,3.9,565040,2203656.0,,,,,
2021-08-10,3.9,4.0,3.8,3.9,1123462,4381501.8,,,,,
2021-08-11,3.9,4.0,3.9,3.9,816913,3185960.7,,,,,
2021-08-12,3.9,4.0,3.8,3.9,746700,2912130.0,,,,,
2021-08-13,3.9,4.0,3.8,4.0,697804,2791216.0,,,,,
2021-08-16,4.0,4.1,4.0,4.0,1077109,4308436.0,,,,,
2021-08-17,4.1,4.2,4.0,4.1,1459912,5985639.199999999,,,,,
2021-08-18,4.1,4.2,4.0,4.1,792261,3248270.1,,,,,
2021-08-19,4.1,4.1,4.0,4.1,620400,2543640.0,,,,,
2021-08-20,4.1,4.2,3.9,4.0,2031050,8124200.0,,,,,
2021-08-23,3.9,4.0,3.9,3.9,1036250,4041375.0,,,,,
2021-08-24,3.9,4.0,3.8,3.9,625332,2438794.8,,,,,
2021-08-25,3.9,4.0,3.8,4.0,453878,1815512.0,,,,,
2021-08-26,4.0,4.0,3.9,3.9,463705,1808449.5,,,,,
2021-08-27,3.9,4.0,3.8,3.9,327222,1276165.8,,,,,
2021-08-30,3.9,4.2,3.9,4.2,2099068,8816085.6,,,,,
2021-08-31,4.2,4.4,4.1,4.2,1077430,4525206.0,,,,,
2021-09-01,4.2,4.5,4.2,4.3,2183719,9389991.7,,,,,
2021-09-06,4.3,4.5,4.3,4.5,1501644,6757398.0,,,,,
2021-09-07,4.6,4.6,4.2,4.2,1425360,5986512.0,,,,,
2021-09-08,4.2,4.3,4.1,4.1,598029,2451918.9,,,,,
2021-09-09,4.2,4.3,4.0,4.2,816800,3430560.0,,,,,
2021-09-10,4.3,4.3,4.1,4.3,730800,3142440.0,,,,,
2021-09-13,4.3,4.7,4.3,4.7,3007048,14133125.6,,,,,
2021-09-14,5.0,5.1,4.9,5.1,5265141,26852219.1,,,,,
2021-09-15,5.5,5.6,5.2,5.4,5237930,28284822.0,,,,,
2021-09-16,5.4,5.5,4.9,5.0,4092380,20461900.0,,,,,
2021-09-17,5.2,5.5,4.7,5.1,2399722,12238582.2,,,,,
2021-09-20,5.1,5.6,4.9,5.6,3828394,21439006.4,,,,,
2021-09-21,6.0,6.0,5.2,5.9,3242685,19131841.5,,,,,
2021-09-22,5.9,6.4,5.5,6.4,4247030,27180992.0,,,,,
2021-09-23,6.6,6.8,5.8,5.8,3824432,22181705.6,,,,,
2021-09-24,5.5,5.7,5.3,5.3,2581610,13682533.0,,,,,
2021-09-27,4.8,5.1,4.8,4.8,2840003,13632014.4,,,,,
2021-09-28,4.4,4.9,4.4,4.9,1720050,8428245.0,,,,,
2021-09-29,4.9,4.9,4.7,4.7,611410,2873627.0,,,,,
2021-09-30,4.7,5.0,4.7,4.8,736362,3534537.6,,,,,
2021-10-01,4.8,4.9,4.6,4.7,997438,4687958.600000001,,,,,
2021-10-04,4.7,4.8,4.5,4.5,974432,4384944.0,,,,,
2021-10-05,4.6,4.9,4.5,4.9,1180072,5782352.800000001,,,,,
2021-10-06,5.0,5.0,4.7,4.9,843400,4132660.000000001,,,,,
2021-10-07,4.9,5.2,4.7,5.1,1173648,5985604.8,,,,,
2021-10-08,5.1,5.2,4.9,4.9,764672,3746892.8,,,,,
2021-10-11,4.9,5.0,4.8,4.9,569990,2792951.0,,,,,
2021-10-12,4.9,4.9,4.7,4.8,1103610,5297328.0,,,,,
2021-10-13,4.8,4.9,4.7,4.8,879550,4221840.0,,,,,
2021-10-14,4.8,5.1,4.7,5.0,966773,4833865.0,,,,,
2021-10-15,5.0,5.1,4.9,5.0,1101822,5509110.0,,,,,
2021-10-18,5.0,5.1,4.9,5.0,1216382,6081910.0,,,,,
2021-10-19,5.0,5.5,4.9,5.5,3171496,17443228.0,,,,,
2021-10-20,5.6,6.0,5.5,5.8,3764614,21834761.2,,,,,
2021-10-21,5.8,5.9,5.6,5.6,1161070,6501992.0,,,,,
2021-10-22,5.6,5.9,5.3,5.7,2194689,12509727.3,,,,,
2021-10-25,5.9,5.9,5.5,5.5,1322698,7274839.0,,,,,
2021-10-26,5.5,5.9,5.4,5.8,1419923,8235553.399999999,,,,,
2021-10-27,5.8,5.9,5.6,5.7,1537367,8762991.9,,,,,
2021-10-28,5.6,5.8,5.6,5.8,1301589,7549216.2,,,,,
2021-10-29,5.8,5.8,5.6,5.7,1775212,10118708.4,,,,,
2021-11-01,5.8,6.2,5.7,6.2,3184623,19744662.6,,,,,
2021-11-02,6.3,6.4,6.0,6.3,1584434,9981934.2,,,,,
2021-11-03,6.2,6.5,5.7,5.7,3198578,18231894.6,,,,,
2021-11-04,5.7,5.9,5.4,5.8,1357224,7871899.2,,,,,
2021-11-05,5.8,6.0,5.7,5.8,1171764,6796231.2,,,,,
2021-11-08,5.8,6.2,5.8,6.1,1718913,10485369.3,,,,,
2021-11-09,6.1,6.1,5.9,5.9,1180930,6967487.0,,,,,
2021-11-10,5.9,6.2,5.8,6.2,1438181,8916722.200000001,,,,,
2021-11-11,6.3,6.8,6.1,6.8,4656769,31666029.2,,,,,
2021-11-12,6.8,7.4,6.5,7.4,3412607,25253291.8,,,,,
2021-11-15,8.1,8.1,7.5,7.6,3242167,24640469.2,,,,,
2021-11-16,7.6,7.6,6.9,7.0,4931652,34521564.0,,,,,
2021-11-17,7.0,7.7,6.9,7.7,2565767,19756405.9,,,,,
2021-11-18,8.4,8.4,7.7,8.4,2685131,22555100.4,,,,,
2021-11-19,8.4,8.8,7.6,8.0,3706374,29650992.0,,,,,
2021-11-22,8.0,8.0,7.2,7.2,2953844,21267676.8,,,,,
2021-11-23,7.1,7.4,6.5,7.4,1327419,9822900.6,,,,,
2021-11-24,7.4,8.0,7.3,7.7,1388675,10692797.5,,,,,
2021-11-25,7.7,7.8,7.3,7.7,1095174,8432839.8,,,,,
2021-11-26,7.6,7.7,7.0,7.2,3103278,22343601.6,,,,,
2021-11-29,7.0,7.9,6.6,7.9,1740534,13750218.6,,,,,
2021-11-30,8.0,8.5,7.8,7.9,2051533,16207110.7,,,,,
2021-12-01,7.8,8.5,7.6,8.4,2268039,19051527.6,,,,,
2021-12-02,8.4,9.2,8.4,8.9,3464129,30830748.1,,,,,
2021-12-03,9.0,9.1,8.1,8.3,2171738,18025425.4,,,,,
2021-12-06,8.3,8.6,7.7,7.9,1803120,14244648.0,,,,,
2021-12-07,8.0,8.6,7.9,8.6,1782827,15332312.2,,,,,
2021-12-08,8.8,9.0,8.5,8.6,1320150,11353290.0,,,,,
2021-12-09,8.6,8.7,8.4,8.5,905500,7696750.0,,,,,
2021-12-10,8.5,8.6,8.1,8.5,1869791,15893223.5,,,,,
2021-12-13,8.4,9.1,8.4,9.0,1611620,14504580.0,,,,,
2021-12-14,9.0,9.1,8.6,8.8,1163635,10239988.0,,,,,
2021-12-15,8.8,8.9,8.6,8.8,1143025,10058620.0,,,,,
2021-12-16,8.9,9.6,8.8,9.6,4379572,42043891.2,,,,,
2021-12-17,10.0,10.5,9.8,10.0,3000549,30005490.0,,,,,
2021-12-20,9.9,10.6,9.8,10.3,1577568,16248950.4,,,,,
2021-12-21,10.3,10.5,9.9,10.3,1364656,14055956.8,,,,,
2021-12-22,10.3,11.0,10.1,10.7,1503198,16084218.6,,,,,
2021-12-23,10.7,11.7,10.0,11.7,3456940,40446198.0,,,,,
2021-12-24,11.7,12.8,11.7,12.4,3032586,37604066.4,,,,,
2021-12-27,11.7,12.6,11.7,12.4,1948179,24157419.6,,,,,
2021-12-28,12.4,13.0,12.3,12.6,1083271,13649214.6,,,,,
2021-12-29,12.6,12.9,12.3,12.8,985888,12619366.4,,,,,
2021-12-30,12.8,12.8,12.3,12.6,1370635,17270001.0,,,,,
2021-12-31,12.5,12.7,12.2,12.2,1417140,17289108.0,,,,,
2022-01-04,12.2,12.5,12.2,12.4,617570,7657868.0,,,,,
2022-01-05,12.5,13.5,12.2,13.0,1786041,23218533.0,,,,,
2022-01-06,13.1,13.4,12.6,12.9,1226370,15820173.0,,,,,
2022-01-07,12.6,13.3,12.4,13.1,846304,11086582.4,,,,,
2022-01-10,13.1,14.4,13.1,13.6,1496153,20347680.8,,,,,
2022-01-11,13.6,14.3,13.0,13.9,1202109,16709315.1,,,,,
2022-01-12,13.9,14.0,12.6,13.8,3948280,54486264.0,,,,,
2022-01-13,13.2,13.8,12.5,12.5,1986000,24825000.0,,,,,
2022-01-14,11.3,13.5,11.3,13.4,1339079,17943658.6,,,,,
2022-01-17,13.4,13.6,12.1,12.1,1104820,13368322.0,,,,,
2022-01-18,12.0,12.2,11.5,11.8,750615,8857257.0,,,,,
2022-01-19,11.8,12.1,11.2,11.9,606050,7211995.0,,,,,
2022-01-20,12.0,12.7,11.7,12.6,564307,7110268.2,,,,,
2022-01-21,12.7,12.9,12.4,12.7,524153,6656743.1,,,,,
2022-01-24,12.8,12.8,11.5,11.5,1199607,13795480.5,,,,,
2022-01-25,11.3,12.2,11.0,11.9,517576,6159154.4,,,,,
2022-01-26,11.6,12.1,11.5,11.7,239012,2796440.4,,,,,
2022-01-27,12.1,12.1,11.2,11.7,252750,2957175.0,,,,,
2022-01-28,11.7,11.9,11.5,11.7,217700,2547090.0,,,,,
2022-02-07,11.7,12.4,11.7,12.3,173580,2135034.0,,,,,
2022-02-08,12.3,13.4,11.1,12.4,448552,5562044.8,,,,,
2022-02-09,12.8,12.9,12.4,12.5,197132,2464150.0,,,,,
2022-02-10,12.5,12.8,12.5,12.7,290238,3686022.6,,,,,
2022-02-11,12.8,12.8,12.5,12.7,371862,4722647.399999999,,,,,
2022-02-14,12.7,12.8,12.4,12.5,187900,2348750.0,,,,,
2022-02-15,12.7,12.9,12.3,12.3,261700,3218910.0,,,,,
2022-02-16,12.6,12.7,12.5,12.6,226215,2850309.0,,,,,
2022-02-17,12.5,12.9,12.5,12.6,307700,3877020.0,,,,,
2022-02-18,12.7,12.8,12.5,12.6,393000,4951800.0,,,,,
2022-02-21,12.6,13.7,12.6,13.7,1931330,26459221.0,,,,,
2022-02-22,13.8,13.8,13.1,13.4,755700,10126380.0,,,,,
2022-02-23,13.4,13.8,13.4,13.7,371600,5090920.0,,,,,
2022-02-24,13.7,13.7,12.4,12.7,1180517,14992565.9,,,,,
2022-02-25,12.7,13.5,12.7,12.8,442637,5665753.600000001,,,,,
2022-02-28,12.8,13.7,12.8,13.5,631908,8530758.0,,,,,
2022-03-01,13.5,14.8,13.5,14.8,2686898,39766090.4,,,,,
2022-03-02,14.9,15.9,14.8,15.3,2165369,33130145.700000003,,,,,
2022-03-03,15.5,15.6,15.0,15.4,733946,11302768.4,,,,,
2022-03-04,15.3,16.0,15.2,15.9,1335739,21238250.1,,,,,
2022-03-07,16.5,16.6,15.2,15.4,1871738,28824765.2,,,,,
2022-03-08,15.4,15.4,14.7,14.8,1486302,21997269.6,,,,,
2022-03-09,14.8,15.2,14.3,14.8,864907,12800623.6,,,,,
2022-03-10,14.8,15.4,14.7,15.0,676720,10150800.0,,,,,
2022-03-11,15.0,16.2,15.0,15.5,1208002,18724031.0,,,,,
2022-03-14,15.5,15.6,15.0,15.3,762700,11669310.0,,,,,
2022-03-15,15.1,15.5,15.0,15.4,463700,7140980.0,,,,,
2022-03-16,15.5,16.4,15.4,15.9,1400426,22266773.4,,,,,
2022-03-17,16.0,16.4,15.5,15.8,1546400,24433120.0,,,,,
2022-03-18,15.7,16.1,15.7,15.7,451600,7090120.0,,,,,
2022-03-21,15.7,16.8,15.5,16.4,1785200,29277280.0,,,,,
2022-03-22,16.4,16.5,15.4,15.5,1892126,29327953.0,,,,,
2022-03-23,15.5,15.9,15.0,15.8,1073982,16968915.6,,,,,
2022-03-24,15.8,16.6,15.3,16.0,1530004,24480064.0,,,,,
2022-03-25,16.0,16.2,15.6,15.6,1405300,21922680.0,,,,,
2022-03-28,15.6,15.6,14.6,14.9,2122430,31624207.0,,,,,
2022-03-29,14.9,15.3,14.9,15.3,584400,8941320.0,,,,,
2022-03-30,14.0,15.4,14.0,14.2,1525900,21667780.0,,,,,
2022-03-31,14.2,14.4,13.2,13.2,1801000,23773200.0,,,,,
2022-04-01,13.2,14.5,12.2,14.2,758109,10765147.8,,,,,
2022-04-04,14.2,15.2,14.2,14.4,515700,7426080.0,,,,,
2022-04-05,14.5,14.6,14.1,14.1,367490,5181609.0,,,,,
2022-04-06,14.1,14.2,13.5,13.7,580400,7951480.0,,,,,
2022-04-07,13.7,13.7,13.3,13.4,494800,6630320.0,,,,,
2022-04-08,13.2,13.7,13.1,13.3,356101,4736143.3,,,,,
2022-04-12,13.3,13.5,12.0,12.0,739000,8868000.0,,,,,
2022-04-13,12.0,12.6,11.7,12.6,689213,8684083.799999999,,,,,
2022-04-14,12.6,13.2,12.2,12.2,213723,2607420.6,,,,,
2022-04-15,12.2,12.3,11.8,11.8,423053,4992025.4,,,,,
2022-04-18,11.8,11.9,10.7,10.7,887700,9498390.0,,,,,
2022-04-19,10.3,10.6,9.7,9.7,1366800,13257959.999999998,,,,,
2022-04-20,9.6,10.4,8.8,9.7,1049216,10177395.2,,,,,
2022-04-21,9.7,10.3,9.1,10.0,619916,6199160.0,,,,,
2022-04-22,10.0,10.7,9.9,10.5,500500,5255250.0,,,,,
2022-04-25,10.6,10.6,9.5,9.5,584800,5555600.0,,,,,
2022-04-26,9.5,10.4,8.8,10.4,431500,4487600.0,,,,,
2022-04-27,10.6,11.0,10.3,10.7,486600,5206620.0,,,,,
2022-04-28,10.7,10.8,10.4,10.6,358500,3800100.0,,,,,
2022-04-29,10.6,11.1,10.4,10.9,455100,4960590.0,,,,,
2022-05-04,10.8,11.1,10.7,10.7,193000,2065100.0,,,,,
2022-05-05,10.7,11.0,10.2,10.6,224300,2377580.0,,,,,
2022-05-06,10.6,10.6,10.1,10.2,206400,2105280.0,,,,,
2022-05-09,10.1,10.1,9.2,9.2,500500,4604600.0,,,,,
2022-05-10,8.9,9.4,8.3,8.4,730400,6135360.0,,,,,
2022-05-11,8.4,9.2,8.4,9.2,437538,4025349.6,,,,,
2022-05-12,9.4,9.5,8.4,8.8,445721,3922344.8,,,,,
2022-05-13,8.4,8.9,8.0,8.0,689900,5519200.0,,,,,
2022-05-16,8.0,8.7,8.0,8.0,253800,2030400.0,,,,,
2022-05-17,8.0,8.8,7.8,8.7,412201,3586148.7,,,,,
2022-05-18,8.6,9.1,8.6,8.9,379000,3373100.0,,,,,
2022-05-19,8.9,8.9,8.4,8.7,126200,1097940.0,,,,,
2022-05-20,8.8,9.1,8.5,8.8,408800,3597440.0000000005,,,,,
2022-05-23,9.0,9.0,8.5,8.6,151000,1298600.0,,,,,
2022-05-24,8.6,8.7,8.4,8.6,154425,1328055.0,,,,,
2022-05-25,8.6,8.9,8.6,8.9,249706,2222383.4,,,,,
2022-05-26,9.0,9.1,8.8,8.8,226200,1990560.0,,,,,
2022-05-27,8.8,9.0,8.7,8.9,415700,3699730.0,,,,,
2022-05-30,8.9,9.7,8.8,9.4,546735,5139309.0,,,,,
2022-05-31,9.6,9.6,9.0,9.0,573949,5165541.0,,,,,
2022-06-01,9.1,9.2,8.9,9.1,269408,2451612.8,,,,,
2022-06-02,9.2,9.3,8.9,9.0,259537,2335833.0,,,,,
2022-06-03,8.9,9.1,8.8,9.0,412402,3711618.0,,,,,
2022-06-06,9.0,9.1,8.9,9.0,302808,2725272.0,,,,,
2022-06-07,8.9,8.9,8.3,8.7,368210,3203426.9999999995,,,,,
2022-06-08,8.7,8.9,8.7,8.8,173937,1530645.6,,,,,
2022-06-09,8.9,8.9,8.6,8.8,111100,977680.0,,,,,
2022-06-10,8.8,8.8,8.3,8.3,182910,1518153.0000000002,,,,,
2022-06-13,8.3,8.3,7.5,7.5,542200,4066500.0,,,,,
2022-06-14,7.1,7.4,6.8,7.3,519600,3793080.0,,,,,
2022-06-15,7.3,7.4,6.6,6.6,500600,3303960.0,,,,,
2022-06-16,6.6,7.2,6.6,7.2,468800,3375360.0,,,,,
2022-06-17,7.2,7.2,6.5,6.7,387200,2594240.0,,,,,
2022-06-20,6.7,6.8,6.1,6.1,300710,1834331.0,,,,,
2022-06-21,5.6,6.0,5.5,5.6,503989,2822338.4,,,,,
2022-06-22,5.7,6.1,5.6,6.1,363600,2217960.0,,,,,
2022-06-23,6.1,6.7,6.1,6.6,204320,1348512.0,,,,,
2022-06-24,6.5,7.0,6.5,6.5,197010,1280565.0,,,,,
2022-06-27,6.5,7.0,6.5,6.9,254660,1757154.0,,,,,
2022-06-28,6.9,7.2,6.8,7.0,265104,1855728.0,,,,,
2022-06-29,7.0,7.1,6.3,7.0,253651,1775557.0,,,,,
2022-06-30,7.0,7.1,6.3,6.6,169500,1118700.0,,,,,
2022-07-01,6.5,7.2,6.3,7.2,142306,1024603.2,,,,,
2022-07-04,7.2,7.5,6.9,7.2,372324,2680732.8000000003,,,,,
2022-07-05,6.7,7.2,6.7,6.9,50800,350520.0,,,,,
2022-07-06,7.1,7.1,6.7,6.7,65500,438850.0,,,,,
2022-07-07,6.8,7.1,6.7,7.0,274400,1920800.0,,,,,
2022-07-08,7.0,7.2,7.0,7.0,205200,1436400.0,,,,,
2022-07-11,7.0,7.0,6.8,7.0,93900,657300.0,,,,,
2022-07-12,7.0,7.1,6.9,7.0,124900,874300.0,,,,,
2022-07-13,7.0,7.3,6.9,7.2,288900,2080080.0,,,,,
2022-07-14,7.3,7.3,7.0,7.2,252710,1819512.0,,,,,
2022-07-15,7.3,7.3,7.2,7.2,178000,1281600.0,,,,,
2022-07-18,7.2,7.4,7.2,7.2,226600,1631520.0,,,,,
2022-07-19,7.1,7.2,6.9,7.1,172500,1224750.0,,,,,
2022-07-20,7.1,7.3,7.1,7.3,232100,1694330.0,,,,,
2022-07-21,7.3,7.3,7.1,7.1,103700,736270.0,,,,,
2022-07-22,7.2,7.8,7.2,7.8,498150,3885570.0,,,,,
2022-07-25,8.3,8.4,7.7,7.7,213554,1644365.8,,,,,
2022-07-26,7.7,7.7,7.6,7.7,76900,592130.0,,,,,
2022-07-27,7.6,8.4,7.5,8.3,710800,5899640.000000001,,,,,
2022-07-28,8.4,8.9,8.3,8.7,442600,3850620.0,,,,,
2022-07-29,8.7,8.7,8.3,8.4,208200,1748880.0,,,,,
2022-08-01,8.3,9.1,8.3,9.0,637800,5740200.0,,,,,
2022-08-02,8.8,9.0,8.7,8.9,225700,2008730.0,,,,,
2022-08-03,8.9,9.2,8.7,9.1,349800,3183180.0,,,,,
2022-08-04,9.1,9.1,8.8,8.8,189000,1663200.0000000002,,,,,
2022-08-05,8.8,9.1,8.8,9.1,130600,1188460.0,,,,,
2022-08-08,9.0,9.0,8.8,8.9,115410,1027149.0,,,,,
2022-08-09,8.9,9.3,8.9,9.1,358842,3265462.2,,,,,
2022-08-10,9.1,9.2,9.0,9.0,140700,1266300.0,,,,,
2022-08-11,9.0,9.3,8.7,8.9,221308,1969641.2,,,,,
2022-08-12,8.9,9.0,8.6,8.9,106200,945180.0,,,,,
2022-08-15,8.9,9.2,8.9,8.9,103010,916789.0,,,,,
2022-08-16,9.0,9.1,8.8,9.1,196800,1790880.0,,,,,
2022-08-17,9.1,9.1,8.8,8.9,150100,1335890.0,,,,,
2022-08-18,8.8,8.9,8.7,8.9,60900,542010.0,,,,,
2022-08-19,8.9,9.0,8.8,8.8,141400,1244320.0,,,,,
2022-08-22,8.8,8.9,8.5,8.6,233400,2007240.0,,,,,
2022-08-23,8.8,8.9,8.6,8.9,78400,697760.0,,,,,
2022-08-24,9.0,9.1,8.8,9.0,195870,1762830.0,,,,,
2022-08-25,9.0,9.8,9.0,9.5,402200,3820900.0,,,,,
2022-08-26,9.4,9.5,9.2,9.4,201900,1897860.0,,,,,
2022-08-29,9.0,9.1,8.8,9.0,224810,2023290.0,,,,,
2022-08-30,8.9,9.2,8.8,9.1,110800,1008280.0,,,,,
2022-08-31,9.1,9.2,9.0,9.1,80700,734370.0,,,,,
2022-09-05,9.1,9.2,9.0,9.1,66400,604240.0,,,,,
2022-09-06,8.9,9.1,8.8,8.9,109200,971880.0,,,,,
2022-09-07,8.8,8.9,8.6,8.6,158344,1361758.4,,,,,
2022-09-08,8.5,8.6,8.2,8.2,189800,1556359.9999999998,,,,,
2022-09-09,8.2,8.4,8.0,8.4,173100,1454040.0,,,,,
2022-09-12,8.6,8.6,8.2,8.4,53357,448198.8000000001,,,,,
2022-09-13,8.2,8.4,8.2,8.4,38800,325920.0,,,,,
2022-09-14,8.3,8.4,7.8,8.4,146900,1233960.0,,,,,
2022-09-15,8.5,8.6,8.1,8.4,68300,573720.0,,,,,
2022-09-16,8.1,8.3,7.8,7.9,203905,1610849.5,,,,,
2022-09-19,8.0,8.0,7.6,7.7,116410,896357.0,,,,,
2022-09-20,7.7,8.3,7.6,8.2,207957,1705247.4,,,,,
2022-09-21,8.1,8.3,7.9,8.2,89700,735539.9999999999,,,,,
2022-09-22,7.9,8.3,7.9,8.2,84512,692998.3999999999,,,,,
2022-09-23,8.1,8.1,7.8,7.9,70800,559320.0,,,,,
2022-09-26,7.8,7.8,7.2,7.7,170300,1311310.0,,,,,
2022-09-27,7.6,7.8,7.5,7.5,76203,571522.5,,,,,
2022-09-28,7.3,7.5,7.3,7.5,71600,537000.0,,,,,
2022-09-29,7.5,7.5,7.2,7.4,65400,483960.0,,,,,
2022-09-30,7.0,7.2,6.7,6.8,234000,1591200.0,,,,,
2022-10-03,6.8,6.8,6.2,6.2,133800,829560.0,,,,,
2022-10-04,6.2,6.5,5.9,6.0,97800,586800.0,,,,,
2022-10-05,6.2,6.4,6.0,6.1,120950,737795.0,,,,,
2022-10-06,6.2,6.2,5.5,5.6,88200,493920.0,,,,,
2022-10-07,5.6,5.6,5.1,5.2,226200,1176240.0,,,,,
2022-10-10,4.8,5.6,4.8,5.6,71201,398725.6,,,,,
2022-10-11,5.6,5.6,5.1,5.1,106500,543150.0,,,,,
2022-10-12,5.1,5.4,5.0,5.0,84500,422500.0,,,,,
2022-10-13,5.0,5.2,5.0,5.2,55703,289655.60000000003,,,,,
2022-10-14,5.4,5.5,5.2,5.4,98600,532440.0,,,,,
2022-10-17,5.3,5.3,5.0,5.2,90600,471120.0,,,,,
2022-10-18,5.4,5.4,5.2,5.3,52000,275600.0,,,,,
2022-10-19,5.2,5.4,5.2,5.3,84600,448380.0,,,,,
2022-10-20,5.3,5.3,5.1,5.2,84600,439920.0,,,,,
2022-10-21,5.1,5.1,4.7,4.7,209100,982770.0,,,,,
2022-10-24,4.7,4.8,4.3,4.3,118701,510414.3,,,,,
2022-10-25,4.1,4.3,4.0,4.1,102900,421890.0,,,,,
2022-10-26,4.0,4.2,3.8,4.0,54409,217636.0,,,,,
2022-10-27,4.0,4.4,3.9,4.4,232200,1021680.0,,,,,
2022-10-28,4.7,4.8,4.6,4.6,181500,834899.9999999999,,,,,
2022-10-31,4.6,4.8,4.5,4.6,83000,381800.0,,,,,
2022-11-01,4.7,4.8,4.7,4.8,95300,457440.0,,,,,
2022-11-02,4.7,4.9,4.7,4.9,35300,172970.0,,,,,
2022-11-03,4.8,4.8,4.7,4.8,26600,127680.0,,,,,
2022-11-04,4.6,4.6,4.4,4.5,121806,548127.0,,,,,
2022-11-07,4.4,4.4,4.2,4.3,97502,419258.6,,,,,
2022-11-08,4.3,4.4,4.2,4.4,65001,286004.4,,,,,
2022-11-09,4.4,4.7,4.4,4.6,28700,132020.0,,,,,
2022-11-10,4.5,4.5,4.2,4.4,61003,268413.2,,,,,
2022-11-11,4.4,4.4,4.0,4.0,88701,354804.0,,,,,
2022-11-14,4.0,4.1,3.6,3.6,52900,190440.0,,,,,
2022-11-15,3.4,3.4,3.3,3.4,133428,453655.2,,,,,
2022-11-16,3.1,3.7,3.1,3.7,106900,395530.0,,,,,
2022-11-17,3.9,4.0,3.9,4.0,124300,497200.0,,,,,
2022-11-18,4.2,4.2,3.9,4.2,38717,162611.4,,,,,
2022-11-21,4.2,4.5,4.2,4.5,50970,229365.0,,,,,
2022-11-22,4.5,4.9,4.5,4.7,155502,730859.4,,,,,
2022-11-23,4.7,4.7,4.4,4.4,25100,110440.0,,,,,
2022-11-24,4.4,4.4,4.2,4.2,90927,381893.4,,,,,
2022-11-25,4.2,4.5,4.2,4.4,42700,187880.00000000003,,,,,
2022-11-28,4.5,4.8,4.5,4.8,105100,504480.0,,,,,
2022-11-29,5.0,5.1,4.6,4.9,180800,885920.0000000001,,,,,
2022-11-30,4.5,5.0,4.5,4.9,69300,339570.0,,,,,
2022-12-01,4.9,5.3,4.9,5.2,426905,2219906.0,,,,,
2022-12-02,5.1,5.3,5.0,5.3,187200,992160.0,,,,,
2022-12-05,5.5,5.5,5.2,5.3,218700,1159110.0,,,,,
2022-12-06,5.3,5.3,4.8,4.8,331700,1592160.0,,,,,
2022-12-07,4.5,4.7,4.4,4.4,291900,1284360.0,,,,,
2022-12-08,4.4,4.7,4.4,4.6,84100,386860.0,,,,,
2022-12-09,4.6,4.6,4.2,4.5,226300,1018350.0,,,,,
2022-12-12,4.5,4.8,4.4,4.4,235900,1037960.0,,,,,
2022-12-13,4.5,4.6,4.3,4.5,213400,960300.0,,,,,
2022-12-14,4.6,4.9,4.3,4.8,199700,958560.0,,,,,
2022-12-15,4.9,4.9,4.5,4.7,115500,542850.0,,,,,
2022-12-16,4.5,4.7,4.3,4.4,264900,1165560.0,,,,,
2022-12-19,4.4,4.5,4.3,4.5,162600,731700.0,,,,,
2022-12-20,4.5,4.5,4.1,4.3,143201,615764.2999999999,,,,,
2022-12-21,4.3,4.4,3.9,4.2,90200,378840.0,,,,,
2022-12-22,4.2,4.3,4.0,4.2,43200,181440.0,,,,,
2022-12-23,4.1,4.2,4.0,4.2,56310,236502.0,,,,,
2022-12-26,4.2,4.2,3.9,3.9,59800,233220.0,,,,,
2022-12-27,3.7,4.0,3.7,4.0,32600,130400.0,,,,,
2022-12-28,4.0,4.1,3.9,4.0,23000,92000.0,,,,,
2022-12-29,4.1,4.4,4.1,4.4,178500,785400.0000000001,,,,,
2022-12-30,4.4,4.4,4.1,4.3,40057,172245.1,,,,,
2023-01-03,4.3,4.5,4.2,4.4,89700,394680.00000000006,,,,,
2023-01-04,4.4,4.6,4.4,4.5,25500,114750.0,,,,,
2023-01-05,4.3,4.5,4.3,4.4,53610,235884.00000000003,,,,,
2023-01-06,4.3,4.3,4.1,4.1,73900,302990.0,,,,,
2023-01-09,4.1,4.3,4.1,4.1,75100,307910.0,,,,,
2023-01-10,4.2,4.3,4.1,4.2,41200,173040.0,,,,,
2023-01-11,4.2,4.3,4.2,4.3,47600,204680.0,,,,,
2023-01-12,4.3,4.3,4.1,4.2,13200,55440.0,,,,,
2023-01-13,4.2,4.3,4.0,4.1,131200,537920.0,,,,,
2023-01-16,4.1,4.1,4.0,4.1,52600,215660.0,,,,,
2023-01-17,4.0,4.2,3.7,4.0,134800,539200.0,,,,,
2023-01-18,4.1,4.3,4.1,4.2,106100,445620.0,,,,,
2023-01-19,4.1,4.3,4.1,4.2,107800,452760.0,,,,,
2023-01-27,4.2,4.4,4.2,4.4,143300,630520.0,,,,,
2023-01-30,4.4,4.7,4.3,4.6,255100,1173460.0,,,,,
2023-01-31,4.6,4.7,4.5,4.7,106900,502430.0,,,,,
2023-02-01,4.6,4.8,4.4,4.4,193100,849640.0000000001,,,,,
2023-02-02,4.4,4.5,4.1,4.4,220900,971960.0,,,,,
2023-02-03,4.3,4.5,4.2,4.3,51000,219300.0,,,,,
2023-02-06,4.3,4.5,4.2,4.3,88100,378830.0,,,,,
2023-02-07,4.3,4.5,4.3,4.3,118600,509980.0,,,,,
2023-02-08,4.4,4.4,4.2,4.4,51601,227044.4,,,,,
2023-02-09,4.4,4.4,4.2,4.4,65800,289520.0,,,,,
2023-02-10,4.4,4.5,4.2,4.3,109400,470420.0,,,,,
2023-02-13,4.3,4.3,4.1,4.3,54500,234350.0,,,,,
2023-02-14,4.2,4.4,4.2,4.3,118740,510582.0,,,,,
2023-02-15,4.3,4.4,4.2,4.3,51557,221695.1,,,,,
2023-02-16,4.3,4.4,4.2,4.4,59500,261800.00000000003,,,,,
2023-02-17,4.4,4.4,4.2,4.3,133600,574480.0,,,,,
2023-02-20,4.3,4.5,4.3,4.5,144900,652050.0,,,,,
2023-02-21,4.5,4.6,4.4,4.4,120800,531520.0,,,,,
2023-02-22,4.4,4.5,4.3,4.3,106700,458810.0,,,,,
2023-02-23,4.2,4.3,4.1,4.3,130800,562440.0,,,,,
2023-02-24,4.3,4.3,4.2,4.2,54839,230323.8,,,,,
2023-02-27,4.2,4.3,4.1,4.1,160500,658050.0,,,,,
2023-02-28,4.1,4.2,4.1,4.1,40901,167694.09999999998,,,,,
2023-03-01,4.1,4.2,4.1,4.1,26500,108650.0,,,,,
2023-03-02,4.2,4.2,4.0,4.0,77200,308800.0,,,,,
2023-03-03,4.1,4.1,3.9,4.1,30500,125050.0,,,,,
2023-03-06,4.2,4.2,4.0,4.1,144400,592040.0,,,,,
2023-03-07,4.2,4.2,4.0,4.1,48501,198854.1,,,,,
2023-03-08,4.0,4.1,4.0,4.1,65900,270190.0,,,,,
2023-03-09,4.1,4.2,4.0,4.2,17300,72660.0,,,,,
2023-03-10,4.1,4.1,4.0,4.1,73102,299718.19999999995,,,,,
2023-03-13,4.0,4.1,3.9,4.0,72625,290500.0,,,,,
2023-03-14,4.1,4.1,3.9,4.0,74400,297600.0,,,,,
2023-03-15,4.0,4.3,4.0,4.2,176300,740460.0,,,,,
2023-03-16,4.1,4.1,4.0,4.1,5727,23480.7,,,,,
2023-03-17,4.1,4.2,4.0,4.1,5500,22550.0,,,,,
2023-03-20,4.1,4.1,4.0,4.0,40612,162448.0,,,,,
2023-03-21,4.0,4.0,3.9,3.9,10100,39390.0,,,,,
2023-03-22,4.0,4.1,4.0,4.1,34015,139461.5,,,,,
2023-03-23,4.0,4.1,4.0,4.1,36230,148543.0,,,,,
2023-03-24,4.0,4.1,4.0,4.1,37300,152930.0,,,,,
2023-03-27,4.1,4.1,4.0,4.0,12300,49200.0,,,,,
2023-03-28,4.1,4.1,4.0,4.0,42582,170328.0,,,,,
2023-03-29,4.0,4.1,4.0,4.0,12204,48816.0,,,,,
2023-03-30,4.0,4.0,4.0,4.0,37213,148852.0,,,,,
2023-03-31,4.0,4.0,3.9,4.0,50700,202800.0,,,,,
2023-04-03,4.1,4.1,4.0,4.0,74913,299652.0,,,,,
2023-04-04,4.0,4.1,4.0,4.0,31500,126000.0,,,,,
2023-04-05,4.1,4.2,4.1,4.2,209600,880320.0,,,,,
2023-04-06,4.2,4.5,4.2,4.3,379100,1630130.0,,,,,
2023-04-07,4.3,4.4,4.2,4.3,178900,769270.0,,,,,
2023-04-10,4.4,4.5,4.2,4.3,280300,1205290.0,,,,,
2023-04-11,4.3,4.3,4.1,4.3,244605,1051801.5,,,,,
2023-04-12,4.3,4.3,4.1,4.3,116929,502794.7,,,,,
2023-04-13,4.2,4.3,4.1,4.2,175425,736785.0,,,,,
2023-04-14,4.2,4.2,4.1,4.1,149435,612683.5,,,,,
2023-04-17,4.1,4.1,4.0,4.0,70800,283200.0,,,,,
2023-04-18,4.0,4.1,4.0,4.1,149335,612273.5,,,,,
2023-04-19,4.1,4.1,4.0,4.0,91324,365296.0,,,,,
2023-04-20,4.0,4.1,4.0,4.1,68800,282080.0,,,,,
2023-04-21,4.0,4.1,4.0,4.0,85500,342000.0,,,,,
2023-04-24,4.1,4.1,3.9,3.9,266300,1038570.0,,,,,
2023-04-25,3.9,4.1,3.9,4.0,67700,270800.0,,,,,
2023-04-26,4.0,4.0,3.9,4.0,44300,177200.0,,,,,
2023-04-27,4.0,4.0,3.9,4.0,27646,110584.0,,,,,
2023-04-28,4.0,4.1,3.9,4.0,63100,252400.0,,,,,
2023-05-04,4.0,4.0,3.9,4.0,162800,651200.0,,,,,
2023-05-05,3.9,4.0,3.9,3.9,138700,540930.0,,,,,
2023-05-08,3.9,4.1,3.9,4.1,146425,600342.5,,,,,
2023-05-09,4.1,4.1,4.0,4.1,67720,277652.0,,,,,
2023-05-10,4.1,4.3,4.0,4.3,330914,1422930.2,,,,,
2023-05-11,4.3,4.4,4.2,4.4,367816,1618390.4,,,,,
2023-05-12,4.4,4.4,4.2,4.3,227801,979544.3,,,,,
2023-05-15,4.4,4.7,4.3,4.5,441218,1985481.0,,,,,
2023-05-16,4.4,4.5,4.3,4.4,132400,582560.0,,,,,
2023-05-17,4.4,4.4,4.3,4.4,196310,863764.0000000001,,,,,
2023-05-18,4.4,4.5,4.4,4.4,65504,288217.60000000003,,,,,
2023-05-19,4.4,4.5,4.2,4.4,187100,823240.0000000001,,,,,
2023-05-22,4.4,4.4,4.3,4.3,73404,315637.2,,,,,
2023-05-23,4.3,4.4,4.3,4.3,84100,361630.0,,,,,
2023-05-24,4.3,4.4,4.2,4.3,168200,723260.0,,,,,
2023-05-25,4.3,4.4,4.2,4.3,105600,454080.0,,,,,
2023-05-26,4.4,4.6,4.4,4.5,448808,2019636.0,,,,,
2023-05-29,4.5,4.8,4.5,4.8,406680,1952064.0,,,,,
2023-05-30,4.8,4.9,4.5,4.6,353400,1625639.9999999998,,,,,
2023-05-31,4.7,4.9,4.7,4.8,621510,2983248.0,,,,,
2023-06-01,4.8,5.2,4.8,5.2,1397195,7265414.0,,,,,
2023-06-02,5.2,5.4,4.9,5.0,671034,3355170.0,,,,,
2023-06-05,5.0,5.1,4.5,4.8,2512902,12061929.6,,,,,
2023-06-06,4.8,5.0,4.5,5.0,2957023,14785115.0,,,,,
2023-06-07,5.4,5.5,4.9,5.2,1704928,8865625.6,,,,,
2023-06-08,5.2,5.3,5.0,5.1,1483503,7565865.3,,,,,
2023-06-09,5.1,5.1,4.9,5.0,1006835,5034175.0,,,,,
2023-06-12,5.0,5.3,5.0,5.3,996961,5283893.3,,,,,
2023-06-13,5.3,5.5,5.2,5.4,1511423,8161684.2,,,,,
2023-06-14,5.4,5.9,5.4,5.5,2373635,13054992.5,,,,,
2023-06-15,5.5,5.6,5.3,5.4,725557,3918007.8,,,,,
2023-06-16,5.4,5.6,5.2,5.2,951900,4949880.0,,,,,
2023-06-19,5.1,5.3,4.9,5.0,1013000,5065000.0,,,,,
2023-06-20,5.0,5.4,5.0,5.3,876005,4642826.5,,,,,
2023-06-21,5.3,5.4,5.2,5.3,529802,2807950.6,,,,,
2023-06-22,5.3,5.4,5.2,5.2,529201,2751845.2,,,,,
2023-06-23,5.2,5.6,5.2,5.5,1189064,6539852.0,,,,,
2023-06-26,5.5,5.6,5.2,5.3,895700,4747210.0,,,,,
2023-06-27,5.3,5.4,5.2,5.3,393955,2087961.5,,,,,
2023-06-28,5.3,5.4,5.1,5.1,670401,3419045.1,,,,,
2023-06-29,5.1,5.2,5.0,5.2,521900,2713880.0,,,,,
2023-06-30,5.2,5.2,5.0,5.1,287900,1468290.0,,,,,
2023-07-03,5.1,5.2,5.0,5.0,184600,923000.0,,,,,
2023-07-04,5.1,5.2,5.1,5.1,300600,1533060.0,,,,,
2023-07-05,5.1,5.2,5.0,5.1,286600,1461660.0,,,,,
2023-07-06,5.1,5.1,4.9,5.0,401304,2006520.0,,,,,
2023-07-07,5.0,5.1,4.9,5.1,254700,1298970.0,,,,,
2023-07-10,5.1,5.2,5.0,5.1,286800,1462680.0,,,,,
2023-07-11,5.1,5.3,5.1,5.2,254802,1324970.4,,,,,
2023-07-12,5.2,5.2,5.0,5.0,586501,2932505.0,,,,,
2023-07-13,5.1,5.2,5.0,5.1,210240,1072224.0,,,,,
2023-07-14,5.2,5.2,5.0,5.1,273700,1395870.0,,,,,
2023-07-17,5.1,5.3,5.1,5.3,754414,3998394.2,,,,,
2023-07-18,5.3,5.3,5.2,5.2,292201,1519445.2,,,,,
2023-07-19,5.2,5.3,5.1,5.2,473400,2461680.0,,,,,
2023-07-20,5.3,5.3,5.1,5.2,189000,982800.0,,,,,
2023-07-21,5.2,5.2,5.1,5.1,457901,2335295.1,,,,,
2023-07-24,5.2,5.2,5.0,5.2,311506,1619831.2,,,,,
2023-07-25,5.2,5.4,5.2,5.3,1190600,6310180.0,,,,,
2023-07-26,5.3,5.4,5.2,5.2,247120,1285024.0,,,,,
2023-07-27,5.2,5.3,5.1,5.2,357200,1857440.0,,,,,
2023-07-28,5.2,5.6,5.1,5.6,1729065,9682764.0,,,,,
2023-07-31,5.5,5.6,5.3,5.4,731500,3950100.000000001,,,,,
2023-08-01,5.5,5.5,5.2,5.2,593400,3085680.0,,,,,
2023-08-02,5.2,5.4,5.2,5.3,618656,3278876.8,,,,,
2023-08-03,5.3,5.4,5.3,5.3,561023,2973421.9,,,,,
2023-08-04,5.4,5.4,5.2,5.3,517919,2744970.7,,,,,
2023-08-07,5.3,5.4,5.2,5.3,518085,2745850.5,,,,,
2023-08-08,5.3,5.6,5.3,5.5,955499,5255244.5,,,,,
2023-08-09,5.5,6.0,5.5,6.0,2078318,12469908.0,,,,,
2023-08-10,6.2,6.2,5.5,5.7,1005740,5732718.0,,,,,
2023-08-11,5.7,5.8,5.4,5.7,725900,4137630.0,,,,,
2023-08-14,5.8,5.9,5.6,5.8,540747,3136332.6,,,,,
2023-08-15,5.8,5.9,5.6,5.8,556500,3227700.0,,,,,
2023-08-16,5.8,5.8,5.5,5.6,630243,3529360.8,,,,,
2023-08-17,5.5,5.7,5.5,5.5,408650,2247575.0,,,,,
2023-08-18,5.5,5.5,5.0,5.1,994300,5070930.0,,,,,
2023-08-21,5.0,5.1,4.8,5.0,476890,2384450.0,,,,,
2023-08-22,5.0,5.1,4.9,5.1,323300,1648830.0,,,,,
2023-08-23,5.1,5.1,4.9,5.0,172050,860250.0,,,,,
2023-08-24,5.0,5.1,4.9,5.0,318100,1590500.0,,,,,
2023-08-25,5.1,5.1,5.0,5.0,182310,911550.0,,,,,
2023-08-28,5.0,5.1,5.0,5.1,155901,795095.1,,,,,
2023-08-29,5.0,5.2,5.0,5.2,173900,904280.0,,,,,
2023-08-30,5.1,5.2,5.0,5.1,250000,1275000.0,,,,,
2023-08-31,5.1,5.3,5.1,5.2,206968,1076233.6,,,,,
2023-09-05,5.2,5.4,5.2,5.3,214835,1138625.5,,,,,
2023-09-06,5.3,5.4,5.1,5.3,307315,1628769.5,,,,,
2023-09-07,5.3,5.3,5.1,5.2,684800,3560960.0,,,,,
2023-09-08,5.2,5.3,5.1,5.1,292265,1490551.5,,,,,
2023-09-11,5.2,5.2,5.0,5.0,422050,2110250.0,,,,,
2023-09-12,5.0,5.1,5.0,5.0,214665,1073325.0,,,,,
2023-09-13,5.0,5.1,5.0,5.0,315601,1578005.0,,,,,
2023-09-14,5.0,5.0,4.8,4.9,323332,1584326.8,,,,,
2023-09-15,4.9,4.9,4.8,4.9,247506,1212779.4,,,,,
2023-09-18,4.9,4.9,4.7,4.9,165700,811930.0000000001,,,,,
2023-09-19,4.9,4.9,4.7,4.7,148700,698890.0,,,,,
2023-09-20,4.8,4.9,4.8,4.8,109300,524640.0,,,,,
2023-09-21,4.8,4.9,4.8,4.9,91500,448350.00000000006,,,,,
2023-09-22,4.8,4.8,4.6,4.6,290900,1338140.0,,,,,
2023-09-25,4.6,4.7,4.4,4.4,119300,524920.0,,,,,
2023-09-26,4.4,4.5,4.2,4.3,208500,896550.0,,,,,
2023-09-27,4.3,4.3,4.1,4.3,106800,459240.0,,,,,
2023-09-28,4.3,4.3,4.1,4.3,113000,485900.0,,,,,
2023-09-29,4.3,4.7,4.3,4.7,308400,1449480.0,,,,,
2023-10-02,4.6,5.0,4.6,4.9,273901,1342114.9,,,,,
2023-10-03,4.8,4.8,4.5,4.5,236600,1064700.0,,,,,
2023-10-04,4.4,4.6,4.1,4.6,144900,666540.0,,,,,
2023-10-05,4.5,4.6,4.4,4.5,82800,372600.0,,,,,
2023-10-06,4.5,4.5,4.3,4.5,83200,374400.0,,,,,
2023-10-09,4.5,4.6,4.4,4.6,70800,325680.0,,,,,
2023-10-10,4.5,4.8,4.5,4.6,108600,499560.0,,,,,
2023-10-11,4.6,4.6,4.5,4.6,51600,237360.0,,,,,
2023-10-12,4.6,4.7,4.5,4.7,126701,595494.7000000001,,,,,
2023-10-13,4.7,4.7,4.5,4.6,87200,401120.0,,,,,
2023-10-16,4.6,4.6,4.4,4.4,37100,163240.0,,,,,
2023-10-17,4.4,4.5,4.4,4.4,103604,455857.6,,,,,
2023-10-18,4.4,4.4,4.0,4.2,171600,720720.0,,,,,
2023-10-19,4.2,4.3,4.0,4.1,44100,180810.0,,,,,
2023-10-20,4.1,4.2,4.0,4.2,75000,315000.0,,,,,
2023-10-23,4.1,4.2,4.1,4.1,38000,155800.0,,,,,
2023-10-24,4.1,4.2,4.0,4.1,51200,209920.0,,,,,
2023-10-25,4.1,4.2,4.1,4.1,30901,126694.1,,,,,
2023-10-26,4.1,4.1,3.8,3.9,226700,884130.0,,,,,
2023-10-27,3.9,3.9,3.7,3.9,89410,348699.0,,,,,
2023-10-30,3.8,3.9,3.8,3.8,89200,338960.0,,,,,
2023-10-31,3.8,3.9,3.7,3.7,77850,288045.0,,,,,
2023-11-01,3.7,3.7,3.5,3.7,129300,478410.0,,,,,
2023-11-02,3.7,4.0,3.7,3.9,145790,568581.0,,,,,
2023-11-03,3.9,3.9,3.7,3.8,63520,241376.0,,,,,
2023-11-06,3.9,4.0,3.8,4.0,38620,154480.0,,,,,
2023-11-07,3.9,4.0,3.8,3.8,45850,174230.0,,,,,
2023-11-08,3.8,4.0,3.8,4.0,143000,572000.0,,,,,
2023-11-09,4.0,4.2,4.0,4.1,98900,405490.0,,,,,
2023-11-10,4.1,4.1,3.9,4.0,76545,306180.0,,,,,
2023-11-13,4.0,4.0,3.9,4.0,41410,165640.0,,,,,
2023-11-14,4.0,4.0,3.9,4.0,58102,232408.0,,,,,
2023-11-15,4.0,4.2,4.0,4.1,45701,187374.1,,,,,
2023-11-16,4.0,4.1,4.0,4.1,38406,157464.59999999998,,,,,
2023-11-17,4.1,4.2,4.0,4.0,265910,1063640.0,,,,,
2023-11-20,4.0,4.0,3.9,4.0,70100,280400.0,,,,,
2023-11-21,4.0,4.0,3.9,4.0,46300,185200.0,,,,,
2023-11-22,4.0,4.0,3.9,4.0,44700,178800.0,,,,,
2023-11-23,4.0,4.0,3.9,3.9,76600,298740.0,,,,,
2023-11-24,3.9,3.9,3.8,3.9,84000,327600.0,,,,,
2023-11-27,3.9,3.9,3.8,3.8,10900,41420.0,,,,,
2023-11-28,3.9,3.9,3.8,3.9,28001,109203.9,,,,,
2023-11-29,3.9,3.9,3.8,3.8,71400,271320.0,,,,,
2023-11-30,3.9,3.9,3.8,3.9,33601,131043.9,,,,,
2023-12-01,3.9,3.9,3.8,3.9,53000,206700.0,,,,,
2023-12-04,3.9,4.0,3.9,3.9,158200,616980.0,,,,,
2023-12-05,4.0,4.0,3.8,3.9,152800,595920.0,,,,,
2023-12-06,3.9,4.0,3.8,4.0,62301,249204.0,,,,,
2023-12-07,4.0,4.0,3.8,3.9,100808,393151.2,,,,,
2023-12-08,3.9,3.9,3.8,3.8,32700,124260.0,,,,,
2023-12-11,3.8,3.9,3.8,3.8,29906,113642.8,,,,,
2023-12-12,3.9,3.9,3.8,3.9,32401,126363.9,,,,,
2023-12-13,3.9,3.9,3.8,3.9,29917,116676.3,,,,,
2023-12-14,3.9,3.9,3.8,3.8,470203,1786771.4,,,,,
2023-12-15,3.8,3.9,3.8,3.9,45900,179010.0,,,,,
2023-12-18,3.9,3.9,3.8,3.9,35900,140010.0,,,,,
2023-12-19,3.9,3.9,3.8,3.9,51017,198966.3,,,,,
2023-12-20,3.9,3.9,3.8,3.8,13432,51041.6,,,,,
2023-12-21,3.8,3.9,3.7,3.8,40200,152760.0,,,,,
2023-12-22,3.8,3.8,3.7,3.8,46200,175560.0,,,,,
2023-12-25,3.8,3.8,3.7,3.8,14605,55499.0,,,,,
2023-12-26,3.8,3.9,3.8,3.9,77300,301470.0,,,,,
2023-12-27,3.9,3.9,3.8,3.9,7505,29269.5,,,,,
2023-12-28,3.9,3.9,3.8,3.9,53700,209430.0,,,,,
2023-12-29,3.9,3.9,3.8,3.9,35810,139659.0,,,,,
2024-01-02,3.9,3.9,3.8,3.9,45800,178620.0,,,,,
2024-01-03,3.8,3.9,3.8,3.9,93708,365461.2,,,,,
2024-01-04,3.9,3.9,3.8,3.8,19100,72580.0,,,,,
2024-01-05,3.8,3.9,3.8,3.8,50260,190988.0,,,,,
2024-01-08,3.9,3.9,3.8,3.8,111360,423168.0,,,,,
2024-01-09,3.8,3.9,3.7,3.8,84100,319580.0,,,,,
2024-01-10,3.8,3.8,3.8,3.8,44110,167618.0,,,,,
2024-01-11,3.7,3.9,3.7,3.8,53902,204827.6,,,,,
2024-01-12,3.8,3.8,3.7,3.8,40100,152380.0,,,,,
2024-01-15,3.8,3.8,3.7,3.8,39027,148302.6,,,,,
2024-01-16,3.8,3.8,3.7,3.8,25321,96219.8,,,,,
2024-01-17,3.8,3.8,3.7,3.8,74561,283331.8,,,,,
2024-01-18,3.8,3.9,3.7,3.8,39000,148200.0,,,,,
2024-01-19,3.8,3.8,3.8,3.8,38004,144415.19999999998,,,,,
2024-01-22,3.8,3.9,3.7,3.8,49400,187720.0,,,,,
2024-01-23,3.8,3.9,3.7,3.8,54800,208240.0,,,,,
2024-01-24,3.8,3.9,3.8,3.9,26000,101400.0,,,,,
2024-01-25,3.8,3.9,3.7,3.9,105700,412230.0,,,,,
2024-01-26,3.9,4.0,3.8,4.0,116200,464800.0,,,,,
2024-01-29,4.0,4.0,3.8,3.8,30000,114000.0,,,,,
2024-01-30,3.8,3.9,3.7,3.8,44600,169480.0,,,,,
2024-01-31,3.5,3.9,3.5,3.8,54901,208623.8,,,,,
2024-02-01,3.8,3.8,3.7,3.8,30903,117431.4,,,,,
2024-02-02,3.8,3.9,3.8,3.9,32014,124854.6,,,,,
2024-02-05,3.9,3.9,3.7,3.9,41550,162045.0,,,,,
2024-02-06,3.8,3.8,3.7,3.8,63215,240217.0,,,,,
2024-02-07,3.7,3.9,3.6,3.9,122812,478966.8,,,,,
2024-02-15,3.8,3.9,3.7,3.9,28450,110955.0,,,,,
2024-02-16,3.9,4.0,3.8,3.9,65942,257173.8,,,,,
2024-02-19,3.9,3.9,3.8,3.9,24300,94770.0,,,,,
2024-02-20,3.9,4.0,3.8,3.9,165104,643905.6,,,,,
2024-02-21,4.0,4.2,4.0,4.2,265467,1114961.4,,,,,
2024-02-22,4.4,4.6,4.4,4.4,816611,3593088.4000000004,,,,,
2024-02-23,4.5,4.6,4.1,4.1,346300,1419829.9999999998,,,,,
2024-02-26,4.2,4.5,4.1,4.4,247000,1086800.0,,,,,
2024-02-27,4.4,4.4,4.2,4.3,108400,466120.0,,,,,
2024-02-28,4.5,4.5,4.1,4.2,218634,918262.8,,,,,
2024-02-29,4.2,4.5,4.1,4.3,156110,671273.0,,,,,
2024-03-01,4.2,4.4,4.2,4.4,59755,262922.0,,,,,
2024-03-04,4.4,4.4,4.3,4.4,129800,571120.0,,,,,
2024-03-05,4.3,4.4,4.2,4.3,119976,515896.8,,,,,
2024-03-06,4.3,4.4,4.2,4.3,114000,490200.0,,,,,
2024-03-07,4.3,4.3,4.1,4.3,130320,560376.0,,,,,
2024-03-08,4.3,4.3,4.1,4.1,77300,316930.0,,,,,
2024-03-11,4.1,4.2,4.0,4.2,55000,231000.0,,,,,
2024-03-12,4.1,4.1,4.0,4.1,52003,213212.3,,,,,
2024-03-13,4.1,4.1,4.0,4.1,41600,170559.99999999997,,,,,
2024-03-14,4.1,4.3,4.1,4.2,131200,551040.0,,,,,
2024-03-15,4.2,4.2,4.1,4.1,51808,212412.8,,,,,
2024-03-18,4.1,4.2,4.0,4.1,129313,530183.2999999999,,,,,
2024-03-19,4.1,4.1,3.9,4.0,163400,653600.0,,,,,
2024-03-20,4.1,4.1,3.9,4.1,112110,459651.0,,,,,
2024-03-21,4.1,4.2,4.0,4.1,162400,665840.0,,,,,
2024-03-22,4.1,4.1,3.9,4.0,339405,1357620.0,,,,,
2024-03-25,4.0,4.0,3.9,3.9,73300,285870.0,,,,,
2024-03-26,4.0,4.0,3.9,4.0,45900,183600.0,,,,,
2024-03-27,4.0,4.1,3.9,4.1,132401,542844.1,,,,,
2024-03-28,4.0,4.1,3.9,4.0,92000,368000.0,,,,,
2024-03-29,4.0,4.0,3.9,4.0,58400,233600.0,,,,,
2024-04-01,4.0,4.0,3.9,3.9,194500,758550.0,,,,,
2024-04-02,3.9,4.0,3.9,4.0,117701,470804.0,,,,,
2024-04-03,4.0,4.0,3.9,3.9,106200,414180.0,,,,,
2024-04-04,4.0,4.0,3.9,4.0,133400,533600.0,,,,,
2024-04-05,3.9,4.0,3.8,3.9,68200,265980.0,,,,,
2024-04-08,3.8,3.9,3.8,3.9,47000,183300.0,,,,,
2024-04-09,3.9,3.9,3.8,3.8,59100,224580.0,,,,,
2024-04-10,3.8,3.9,3.8,3.8,297800,1131640.0,,,,,
2024-04-11,3.9,3.9,3.7,3.8,58701,223063.8,,,,,
2024-04-12,3.8,3.9,3.8,3.9,21607,84267.3,,,,,
2024-04-15,3.8,3.9,3.6,3.8,238400,905920.0,,,,,
2024-04-16,3.7,3.7,3.5,3.6,208300,749880.0,,,,,
2024-04-17,3.7,3.7,3.4,3.5,115200,403200.0,,,,,
2024-04-19,3.4,3.5,3.3,3.3,257705,850426.5,,,,,
2024-04-22,3.3,3.4,3.3,3.4,131300,446420.0,,,,,
2024-04-23,3.4,3.7,3.3,3.5,170300,596050.0,,,,,
2024-04-24,3.5,3.6,3.5,3.6,20300,73080.0,,,,,
2024-04-25,3.5,3.5,3.4,3.5,79500,278250.0,,,,,
2024-04-26,3.5,3.6,3.4,3.6,106700,384120.0,,,,,
2024-05-02,3.6,3.6,3.5,3.6,39700,142920.0,,,,,
2024-05-03,3.6,3.6,3.5,3.6,25400,91440.0,,,,,
2024-05-06,3.6,3.8,3.6,3.7,92700,342990.0,,,,,
2024-05-07,3.7,3.8,3.7,3.7,56203,207951.1,,,,,
2024-05-08,3.7,3.7,3.6,3.7,4700,17390.0,,,,,
2024-05-09,3.8,3.8,3.5,3.6,222600,801360.0,,,,,
2024-05-10,3.6,3.7,3.5,3.6,74600,268560.0,,,,,
2024-05-13,3.6,3.7,3.6,3.6,126800,456480.0,,,,,
2024-05-14,3.6,3.8,3.6,3.8,161700,614460.0,,,,,
2024-05-15,3.8,3.8,3.7,3.8,46500,176700.0,,,,,
2024-05-16,3.8,3.8,3.7,3.7,81300,300810.0,,,,,
2024-05-17,3.8,3.8,3.6,3.8,38200,145160.0,,,,,
2024-05-20,3.7,3.8,3.7,3.8,24200,91960.0,,,,,
2024-05-21,3.8,3.8,3.6,3.7,110331,408224.7,,,,,
2024-05-22,3.7,3.8,3.6,3.8,148000,562400.0,,,,,
2024-05-23,3.6,3.8,3.6,3.8,31832,120961.6,,,,,
2024-05-24,3.8,3.8,3.7,3.7,73700,272690.0,,,,,
2024-05-27,3.7,3.8,3.6,3.8,19300,73340.0,,,,,
2024-05-28,3.8,4.0,3.7,3.9,140562,548191.7999999999,,,,,
2024-05-29,4.0,4.0,3.7,3.9,81500,317850.0,,,,,
2024-05-30,3.8,3.9,3.7,3.8,72400,275120.0,,,,,
2024-05-31,3.7,3.8,3.7,3.7,34012,125844.4,,,,,
2024-06-03,3.7,3.8,3.7,3.8,78939,299968.2,,,,,
2024-06-04,3.8,3.8,3.7,3.8,31200,118560.0,,,,,
2024-06-05,3.8,3.8,3.7,3.8,44110,167618.0,,,,,
2024-06-06,3.8,3.8,3.7,3.7,32100,118770.0,,,,,
2024-06-07,3.7,3.8,3.7,3.8,86300,327940.0,,,,,
2024-06-10,3.8,3.8,3.7,3.7,106100,392570.0,,,,,
2024-06-11,3.7,3.8,3.6,3.8,52200,198360.0,,,,,
2024-06-12,3.7,3.8,3.7,3.8,85301,324143.8,,,,,
2024-06-13,3.8,3.8,3.7,3.7,114800,424760.0,,,,,
2024-06-14,3.7,3.8,3.7,3.7,52700,194990.0,,,,,
2024-06-17,3.7,3.7,3.6,3.7,41301,152813.7,,,,,
2024-06-18,3.7,3.8,3.6,3.8,34109,129614.2,,,,,
2024-06-19,3.8,3.8,3.6,3.7,66001,244203.7,,,,,
2024-06-20,3.6,3.7,3.6,3.7,15700,58090.0,,,,,
2024-06-21,3.6,3.8,3.6,3.8,137500,522500.0,,,,,
2024-06-24,3.8,3.8,3.6,3.8,54000,205200.0,,,,,
2024-06-25,3.7,3.8,3.6,3.8,66300,251940.0,,,,,
2024-06-26,3.7,3.8,3.7,3.8,40100,152380.0,,,,,
2024-06-27,3.7,3.8,3.6,3.7,57200,211640.0,,,,,
2024-06-28,3.7,3.8,3.6,3.6,13400,48240.0,,,,,
2024-07-01,3.6,3.7,3.6,3.6,48900,176040.0,,,,,
2024-07-02,3.6,3.7,3.5,3.7,11500,42550.0,,,,,
2024-07-03,3.6,3.8,3.6,3.8,67600,256880.0,,,,,
2024-07-04,3.7,3.8,3.6,3.7,54603,202031.1,,,,,
2024-07-05,3.7,3.7,3.6,3.7,7300,27010.0,,,,,
2024-07-08,3.6,3.7,3.6,3.6,17600,63360.0,,,,,
2024-07-09,3.6,3.7,3.5,3.7,107900,399230.0,,,,,
2024-07-10,3.7,3.7,3.6,3.7,97350,360195.0,,,,,
2024-07-11,3.7,3.9,3.7,3.8,303302,1152547.6,,,,,
2024-07-12,3.8,4.0,3.8,3.9,171800,670020.0,,,,,
2024-07-15,3.9,4.2,3.8,4.1,783000,3210299.9999999995,,,,,
2024-07-16,4.2,4.3,3.9,3.9,316922,1235995.8,,,,,
2024-07-17,4.0,4.1,3.9,4.0,126705,506820.0,,,,,
2024-07-18,4.0,4.2,3.9,4.1,142818,585553.7999999999,,,,,
2024-07-19,4.1,4.1,3.9,4.0,19106,76424.0,,,,,
2024-07-22,3.9,4.1,3.9,3.9,145911,569052.9,,,,,
2024-07-23,3.9,4.1,3.9,3.9,72517,282816.3,,,,,
2024-07-24,3.9,4.0,3.7,3.8,235121,893459.7999999999,,,,,
2024-07-25,3.9,3.9,3.8,3.9,24809,96755.1,,,,,
2024-07-26,3.9,4.0,3.7,4.0,55600,222400.0,,,,,
2024-07-29,3.9,4.0,3.8,3.9,54301,211773.9,,,,,
2024-07-30,4.0,4.0,3.8,3.9,15130,59007.0,,,,,
2024-07-31,3.9,4.0,3.6,3.6,313502,1128607.2,,,,,
2024-08-01,3.6,3.7,3.3,3.3,530323,1750065.9,,,,,
2024-08-02,3.4,3.4,3.1,3.4,124100,421940.0,,,,,
2024-08-05,3.4,3.4,3.1,3.1,446900,1385390.0,,,,,
2024-08-06,3.0,3.1,2.8,2.9,358702,1040235.8,,,,,
2024-08-07,3.0,3.1,2.9,3.1,190530,590643.0,,,,,
2024-08-08,3.1,3.3,3.0,3.1,166907,517411.7,,,,,
2024-08-09,3.0,3.1,2.9,3.0,199016,597048.0,,,,,
2024-08-12,3.0,3.1,2.9,3.1,32901,101993.1,,,,,
2024-08-13,3.0,3.0,2.9,2.9,83701,242732.9,,,,,
2024-08-14,2.9,3.1,2.9,3.1,261136,809521.6,,,,,
2024-08-15,3.1,3.2,3.0,3.0,71100,213300.0,,,,,
2024-08-16,3.1,3.2,3.0,3.2,79400,254080.0,,,,,
2024-08-19,3.1,3.1,3.0,3.1,32537,100864.7,,,,,
2024-08-20,3.1,3.2,3.0,3.2,49200,157440.0,,,,,
2024-08-21,3.2,3.2,3.0,3.2,36212,115878.4,,,,,
2024-08-22,3.2,3.2,3.0,3.0,22883,68649.0,,,,,
2024-08-23,3.0,3.1,3.0,3.1,34001,105403.1,,,,,
2024-08-26,3.1,3.1,3.0,3.1,14583,45207.3,,,,,
2024-08-27,3.1,3.1,3.0,3.1,74400,230640.0,,,,,
2024-08-28,3.0,3.1,3.0,3.1,95600,296360.0,,,,,
2024-08-29,3.1,3.1,2.9,3.0,112601,337803.0,,,,,
2024-08-30,3.0,3.1,2.9,3.0,57636,172908.0,,,,,
2024-09-04,3.0,3.1,3.0,3.1,35111,108844.1,,,,,
2024-09-05,3.0,3.1,3.0,3.1,16334,50635.4,,,,,
2024-09-06,3.1,3.1,2.9,3.0,67200,201600.0,,,,,
2024-09-09,3.0,3.0,3.0,3.0,11001,33003.0,,,,,
2024-09-10,2.9,3.0,2.9,3.0,11700,35100.0,,,,,
2024-09-11,2.9,3.0,2.8,3.0,70720,212160.0,,,,,
2024-09-12,3.0,3.0,2.9,3.0,14922,44766.0,,,,,
2024-09-13,2.9,3.0,2.9,3.0,47400,142200.0,,,,,
2024-09-16,3.0,3.0,2.9,3.0,24121,72363.0,,,,,
2024-09-17,3.0,3.1,3.0,3.1,3300,10230.0,,,,,
2024-09-18,3.0,3.3,3.0,3.2,410701,1314243.2000000002,,,,,
2024-09-19,3.2,3.2,3.2,3.2,23140,74048.0,,,,,
2024-09-20,3.1,3.2,3.1,3.1,80808,250504.8,,,,,
2024-09-23,3.1,3.4,3.1,3.4,387133,1316252.2,,,,,
2024-09-24,3.6,3.7,3.6,3.7,874225,3234632.5,,,,,
2024-09-25,3.7,3.9,3.5,3.7,287421,1063457.7,,,,,
2024-09-26,3.6,3.6,3.4,3.5,364606,1276121.0,,,,,
2024-09-27,3.5,3.7,3.3,3.4,199504,678313.6,,,,,
2024-09-30,3.4,3.5,3.1,3.1,467935,1450598.5,,,,,
2024-10-01,3.1,3.4,3.1,3.4,423442,1439702.8,,,,,
2024-10-02,3.3,3.3,3.2,3.3,36701,121113.3,,,,,
2024-10-03,3.2,3.3,3.1,3.2,198302,634566.4,,,,,
2024-10-04,3.2,3.3,3.1,3.2,36002,115206.4,,,,,
2024-10-07,3.2,3.3,3.1,3.3,38503,127059.9,,,,,
2024-10-08,3.2,3.2,3.1,3.2,62500,200000.0,,,,,
2024-10-09,3.2,3.2,3.1,3.2,47135,150832.0,,,,,
2024-10-10,3.2,3.3,3.1,3.1,34500,106950.0,,,,,
2024-10-11,3.2,3.2,3.1,3.1,83436,258651.6,,,,,
2024-10-14,3.1,3.2,3.1,3.1,40901,126793.1,,,,,
2024-10-15,3.1,3.2,3.0,3.2,49300,157760.0,,,,,
2024-10-16,3.0,3.2,3.0,3.2,27240,87168.0,,,,,
2024-10-17,3.1,3.2,3.0,3.1,44552,138111.2,,,,,
2024-10-18,3.2,3.2,3.1,3.1,11100,34410.0,,,,,
2024-10-21,3.1,3.1,3.0,3.1,22116,68559.6,,,,,
2024-10-22,3.1,3.1,3.0,3.1,57300,177630.0,,,,,
2024-10-23,3.1,3.1,3.0,3.1,28511,88384.1,,,,,
2024-10-24,3.1,3.2,3.1,3.1,67008,207724.8,,,,,
2024-10-25,3.1,3.2,3.1,3.1,43401,134543.1,,,,,
2024-10-28,3.1,3.2,3.1,3.1,48723,151041.30000000002,,,,,
2024-10-29,3.1,3.2,3.1,3.2,48800,156160.0,,,,,
2024-10-30,3.2,3.2,3.1,3.1,51500,159650.0,,,,,
2024-10-31,3.1,3.1,3.0,3.1,43136,133721.6,,,,,
2024-11-01,3.1,3.1,3.0,3.1,35400,109740.0,,,,,
2024-11-04,3.1,3.1,3.0,3.1,6224,19294.4,,,,,
2024-11-05,3.1,3.1,3.0,3.0,8701,26103.0,,,,,
2024-11-06,3.1,3.2,3.1,3.2,18600,59520.0,,,,,
2024-11-07,3.2,3.2,3.0,3.2,53500,171200.0,,,,,
2024-11-08,3.2,3.2,3.0,3.0,50524,151572.0,,,,,
2024-11-11,3.1,3.1,3.0,3.0,7325,21975.0,,,,,
2024-11-12,3.1,3.1,3.0,3.1,18401,57043.1,,,,,
2024-11-13,3.1,3.1,3.0,3.1,17000,52700.0,,,,,
2024-11-14,3.1,3.1,3.0,3.0,54900,164700.0,,,,,
2024-11-15,3.0,3.1,3.0,3.0,62214,186642.0,,,,,
2024-11-18,3.0,3.0,2.9,2.9,20300,58870.0,,,,,
2024-11-19,3.0,3.0,2.9,3.0,29439,88317.0,,,,,
2024-11-20,3.0,3.1,3.0,3.1,5520,17112.0,,,,,
2024-11-21,3.1,3.1,3.0,3.0,21810,65430.0,,,,,
2024-11-22,3.0,3.0,3.0,3.0,28048,84144.0,,,,,
2024-11-25,3.0,3.0,3.0,3.0,2420,7260.0,,,,,
2024-11-26,3.0,3.1,3.0,3.1,33833,104882.3,,,,,
2024-11-27,3.1,3.1,3.0,3.0,4652,13956.0,,,,,
2024-11-28,3.0,3.1,3.0,3.1,78510,243381.0,,,,,
2024-11-29,3.0,3.1,3.0,3.1,54927,170273.7,,,,,
2024-12-02,3.0,3.1,3.0,3.1,6420,19902.0,,,,,
2024-12-03,3.0,3.0,3.0,3.0,21060,63180.0,,,,,
2024-12-04,3.0,3.0,2.9,3.0,50700,152100.0,,,,,
2024-12-05,3.0,3.3,3.0,3.1,261962,812082.2000000001,,,,,
2024-12-06,3.1,3.2,3.1,3.2,140431,449379.2,,,,,
2024-12-09,3.2,3.4,3.2,3.2,222711,712675.2000000001,,,,,
2024-12-10,3.3,3.5,3.2,3.5,299383,1047840.5,,,,,
2024-12-11,3.5,3.8,3.5,3.5,292775,1024712.5,,,,,
2024-12-12,3.5,3.8,3.5,3.8,914219,3474032.2,,,,,
2024-12-13,3.9,4.1,3.8,4.1,563753,2311387.3,,,,,
2024-12-16,4.2,4.5,4.2,4.5,1269830,5714235.0,,,,,
2024-12-17,4.9,4.9,4.3,4.6,273493,1258067.7999999998,,,,,
2024-12-18,4.7,5.0,4.6,4.9,560644,2747155.6,,,,,
2024-12-19,5.0,5.0,4.6,4.7,160461,754166.7000000001,,,,,
2024-12-20,4.9,5.1,4.7,5.1,785054,4003775.4,,,,,
2024-12-23,5.2,5.6,5.1,5.1,837305,4270255.5,,,,,
2024-12-24,5.1,5.6,5.1,5.6,322066,1803569.6,,,,,
2024-12-25,5.6,5.9,5.1,5.2,1362244,7083668.8,,,,,
2024-12-26,5.3,5.6,5.2,5.5,385568,2120624.0,,,,,
2024-12-27,5.5,5.7,5.3,5.6,301586,1688881.6,,,,,
2024-12-30,5.4,5.6,5.1,5.1,352234,1796393.4,,,,,
2024-12-31,5.1,5.6,4.9,5.6,1744410,9768696.0,,,,,
2025-01-02,5.6,6.1,5.6,6.1,3182739,19414707.9,,,,,
2025-01-03,6.1,6.5,6.0,6.1,396270,2417247.0,,,,,
2025-01-06,6.2,6.2,5.5,5.5,137701,757355.5,,,,,
2025-01-07,5.5,5.6,5.0,5.4,453517,2448991.8000000003,,,,,
2025-01-08,5.4,5.5,5.0,5.4,125105,675567.0,,,,,
2025-01-09,5.4,5.9,5.4,5.7,329708,1879335.6,,,,,
2025-01-10,5.7,5.7,5.4,5.5,154007,847038.5,,,,,
2025-01-13,5.2,5.8,5.2,5.6,170464,954598.4,,,,,
2025-01-14,5.6,5.7,5.2,5.5,164102,902561.0,,,,,
2025-01-15,5.4,6.0,5.1,5.7,1509121,8601989.700000001,,,,,
2025-01-16,5.8,5.9,5.3,5.3,351824,1864667.2,,,,,
2025-01-17,5.4,5.7,5.3,5.6,669614,3749838.4,,,,,
2025-01-20,5.7,5.7,5.4,5.5,287405,1580727.5,,,,,
2025-01-21,5.5,5.6,5.3,5.6,208990,1170344.0,,,,,
2025-01-22,5.5,5.6,5.3,5.4,141901,766265.4,,,,,
2025-01-23,5.4,5.7,5.3,5.4,231950,1252530.0,,,,,
2025-01-24,5.4,5.6,5.3,5.5,73040,401720.0,,,,,
2025-02-03,5.5,5.8,5.5,5.8,299823,1738973.4,,,,,
2025-02-04,5.8,5.9,5.6,5.8,123073,713823.4,,,,,
2025-02-05,5.7,5.8,5.5,5.8,234600,1360680.0,,,,,
2025-02-06,5.6,5.7,5.5,5.7,192680,1098276.0,,,,,
2025-02-07,5.6,5.8,5.5,5.7,107821,614579.7000000001,,,,,
2025-02-10,5.6,6.2,5.6,6.2,1036291,6425004.2,,,,,
2025-02-11,6.2,6.8,6.2,6.8,1123132,7637297.6,,,,,
2025-02-12,7.1,7.1,6.2,6.2,530275,3287705.0,,,,,
2025-02-13,6.2,6.3,5.7,5.8,393016,2279492.8,,,,,
2025-02-14,5.8,6.2,5.6,5.8,484350,2809230.0,,,,,
2025-02-17,5.8,6.1,5.7,6.1,305006,1860536.6,,,,,
2025-02-18,6.1,6.1,5.8,6.1,205516,1253647.6,,,,,
2025-02-19,6.0,6.0,5.8,6.0,86105,516630.0,,,,,
2025-02-20,5.9,6.0,5.8,5.8,77473,449343.4,,,,,
2025-02-21,5.8,6.0,5.8,5.9,110167,649985.3,,,,,
2025-02-24,5.9,6.0,5.8,5.9,137332,810258.8,,,,,
2025-02-25,5.9,5.9,5.8,5.8,36101,209385.8,,,,,
2025-02-26,5.8,6.3,5.8,6.3,1614627,10172150.1,,,,,
2025-02-27,6.4,6.8,6.2,6.7,1060132,7102884.4,,,,,
2025-02-28,6.4,6.4,6.1,6.1,511677,3121229.7,,,,,
2025-03-03,5.8,6.1,5.5,5.9,594833,3509514.7,,,,,
2025-03-04,5.9,5.9,5.7,5.8,81159,470722.2,,,,,
2025-03-05,5.8,5.9,5.7,5.9,92402,545171.8,,,,,
2025-03-06,5.7,6.0,5.7,6.0,78564,471384.0,,,,,
2025-03-07,5.9,6.0,5.8,5.9,51600,304440.0,,,,,
2025-03-10,5.9,6.3,5.9,6.0,187733,1126398.0,,,,,
2025-03-11,6.0,6.0,5.9,6.0,43463,260778.0,,,,,
2025-03-12,6.0,6.0,5.8,6.0,165710,994260.0,,,,,
2025-03-13,5.9,6.0,5.8,5.8,96201,557965.7999999999,,,,,
2025-03-14,5.8,5.9,5.7,5.7,100201,571145.7000000001,,,,,
2025-03-17,5.7,5.9,5.6,5.8,113350,657430.0,,,,,
2025-03-18,5.9,5.9,5.8,5.8,58306,338174.8,,,,,
2025-03-19,5.7,5.9,5.7,5.8,349243,2025609.4,,,,,
2025-03-20,5.8,5.9,5.7,5.9,93207,549921.3,,,,,
2025-03-21,5.8,5.9,5.8,5.9,7400,43660.0,,,,,
2025-03-24,5.8,5.8,5.7,5.8,21901,127025.8,,,,,
2025-03-25,5.8,5.9,5.6,5.8,44301,256945.8,,,,,
2025-03-26,5.7,5.8,5.7,5.7,16909,96381.3,,,,,
2025-03-27,5.7,5.8,5.6,5.7,277000,1578900.0,,,,,
2025-03-28,5.6,5.6,5.4,5.6,96600,540960.0,,,,,
2025-03-31,5.6,5.7,5.4,5.5,21110,116105.0,,,,,
2025-04-01,5.5,5.8,5.5,5.7,190000,1083000.0,,,,,
2025-04-02,5.7,5.8,5.7,5.7,70500,401850.0,,,,,
2025-04-03,5.6,5.6,5.2,5.2,161900,841880.0,,,,,
2025-04-04,5.2,5.2,4.7,4.8,721600,3463680.0,,,,,
2025-04-08,4.7,4.7,4.4,4.4,471508,2074635.2,,,,,
2025-04-09,4.2,4.6,4.0,4.4,85700,377080.00000000006,,,,,
2025-04-10,4.6,4.8,4.6,4.8,126300,606240.0,,,,,
2025-04-11,4.8,4.9,4.7,4.9,158548,776885.2000000001,,,,,
2025-04-14,5.0,5.2,5.0,5.1,250800,1279080.0,,,,,
2025-04-15,5.3,5.5,4.9,4.9,188300,922670.0,,,,,
2025-04-16,4.9,5.0,4.8,4.8,62900,301920.0,,,,,
2025-04-17,4.9,5.0,4.8,4.8,24100,115680.0,,,,,
2025-04-18,4.9,5.1,4.8,4.8,174900,839520.0,,,,,
2025-04-21,4.8,5.0,4.8,5.0,39900,199500.0,,,,,
2025-04-22,5.0,5.0,4.7,4.9,86621,424442.9,,,,,
2025-04-23,4.9,5.2,4.8,5.1,182402,930250.2,,,,,
2025-04-24,5.1,5.1,5.0,5.1,29601,150965.09999999998,,,,,
2025-04-25,5.1,5.2,5.0,5.2,106500,553800.0,,,,,
2025-04-28,5.2,5.2,5.0,5.2,26900,139880.0,,,,,
2025-04-29,5.2,5.4,5.0,5.1,86400,440640.0,,,,,
2025-05-05,5.1,5.3,5.1,5.2,61901,321885.2,,,,,
2025-05-06,5.3,5.5,5.2,5.2,26440,137488.0,,,,,
2025-05-07,5.2,5.2,5.0,5.2,23100,120120.0,,,,,
2025-05-08,5.2,5.3,5.0,5.3,42800,226840.0,,,,,
2025-05-09,5.2,5.8,5.8,5.8,428202,2483571.6,,,,,
2025-05-12,6.1,6.2,5.8,5.8,240602,1395491.6,,,,,
2025-05-13,6.0,6.0,5.8,5.9,54400,320960.0,,,,,
2025-05-14,5.9,5.9,5.8,5.9,82001,483805.9,,,,,
2025-05-15,5.9,5.9,5.8,5.9,43900,259010.00000000003,,,,,
2025-05-16,5.9,6.0,5.8,5.9,56900,335710.0,,,,,
2025-05-19,5.9,6.2,5.8,5.9,336733,1986724.7,,,,,
2025-05-20,6.0,6.0,5.9,6.0,51501,309006.0,,,,,
2025-05-21,6.0,6.6,6.0,6.6,1260757,8320996.199999999,,,,,
2025-05-22,6.6,7.2,6.5,6.5,407721,2650186.5,,,,,
2025-05-23,6.5,6.8,6.3,6.3,161930,1020159.0,,,,,
2025-05-26,6.4,6.9,6.3,6.9,606891,4187547.9,,,,,
2025-05-27,6.9,7.3,6.8,6.9,94290,650601.0,,,,,
2025-05-28,6.9,7.5,6.6,7.5,1022425,7668187.5,,,,,
2025-05-29,7.5,8.1,7.1,7.5,545032,4087740.0,,,,,
2025-05-30,7.4,7.9,7.3,7.5,156768,1175760.0,,,,,
2025-06-02,7.7,7.7,7.4,7.5,110400,828000.0,,,,,
2025-06-03,7.5,8.0,7.5,7.8,608031,4742641.8,,,,,
2025-06-04,8.1,8.2,7.7,7.9,394879,3119544.1,,,,,
2025-06-05,7.9,7.9,7.6,7.9,65800,519820.0,,,,,
2025-06-06,7.9,8.1,7.6,8.0,189401,1515208.0,,,,,
2025-06-09,7.7,7.9,7.5,7.5,166000,1245000.0,,,,,
2025-06-10,7.7,7.8,7.0,7.5,80901,606757.5,,,,,
2025-06-11,7.6,8.2,7.6,8.2,851672,6983710.399999999,,,,,
2025-06-12,8.2,8.8,8.0,8.1,181101,1466918.1,,,,,
2025-06-13,8.1,8.1,7.8,8.0,149701,1197608.0,,,,,
2025-06-16,8.0,8.1,7.7,7.9,145813,1151922.7,,,,,
2025-06-17,7.9,8.0,7.9,7.9,253000,1998700.0,,,,,
2025-06-18,7.9,8.1,7.9,7.9,58600,462940.0,,,,,
2025-06-19,7.9,8.1,7.9,8.0,22500,180000.0,,,,,
2025-06-20,8.0,8.2,8.0,8.0,149776,1198208.0,,,,,
2025-06-23,8.0,8.2,7.6,8.1,189000,1530900.0,,,,,
2025-06-24,8.1,8.2,8.1,8.2,109700,899539.9999999999,,,,,
2025-06-25,8.1,8.3,8.1,8.2,962538,7892811.6,,,,,
2025-06-26,8.2,8.3,8.1,8.3,117000,971100.0,,,,,
2025-06-27,8.4,8.4,8.2,8.3,4601,38188.3,,,,,
2025-06-30,8.3,8.3,8.1,8.2,80400,659280.0,,,,,
2025-07-01,8.2,8.3,8.2,8.3,109288,907090.4,,,,,
2025-07-02,8.2,8.4,8.2,8.3,148800,1235040.0,,,,,
2025-07-03,8.4,8.4,8.3,8.3,95801,795148.3,,,,,
2025-07-04,8.5,9.1,8.1,9.1,1338368,12179148.8,,,,,
2025-07-07,9.1,9.1,8.9,9.0,17478,157302.0,,,,,
2025-07-08,9.1,9.1,8.6,8.6,66568,572484.7999999999,,,,,
2025-07-09,8.6,8.9,8.3,8.9,404600,3600940.0,,,,,
2025-07-10,8.5,8.9,8.3,8.7,141026,1226926.2,,,,,
2025-07-11,8.4,8.5,8.1,8.3,273260,2268058.0,,,,,
2025-07-14,8.2,8.6,8.1,8.2,621101,5093028.199999999,,,,,
2025-07-15,8.1,8.3,8.0,8.1,366544,2969006.4,,,,,
2025-07-16,8.0,8.1,8.0,8.1,54502,441466.2,,,,,
2025-07-17,8.1,8.5,8.0,8.1,587951,4762403.1,,,,,
2025-07-18,8.3,8.3,8.1,8.2,25428,208509.6,,,,,
2025-07-21,8.2,8.3,8.0,8.0,81153,649224.0,,,,,
2025-07-22,8.1,8.1,7.7,7.9,182726,1443535.4,,,,,
2025-07-23,8.0,8.0,7.9,7.9,46803,369743.7,,,,,
2025-07-24,7.9,8.0,7.9,7.9,32123,253771.7,,,,,
2025-07-25,7.9,8.1,7.9,7.9,138402,1093375.8,,,,,
2025-07-28,7.9,8.1,7.9,8.0,74736,597888.0,,,,,
2025-07-29,8.0,8.1,7.7,7.8,170200,1327560.0,,,,,
2025-07-30,7.8,8.0,7.8,8.0,95124,760992.0,,,,,
2025-07-31,8.0,8.0,7.8,8.0,67700,541600.0,,,,,
2025-08-01,8.0,8.1,8.0,8.0,31200,249600.0,,,,,
2025-08-04,8.0,8.1,8.0,8.1,60200,487620.0,,,,,
2025-08-05,8.1,8.2,8.0,8.2,41100,337019.99999999994,,,,,
2025-08-06,8.2,8.2,8.1,8.2,42440,348007.99999999994,,,,,
2025-08-07,8.2,8.2,8.0,8.1,59300,480330.0,,,,,
2025-08-08,8.0,8.2,8.0,8.2,171119,1403175.7999999998,,,,,
2025-08-11,8.2,8.3,8.1,8.3,63732,528975.6000000001,,,,,
2025-08-12,8.3,8.3,8.2,8.3,34808,288906.4,,,,,
2025-08-13,8.2,8.4,7.9,8.3,139160,1155028.0,,,,,
2025-08-14,8.3,8.4,8.2,8.4,34500,289800.0,,,,,
2025-08-15,8.4,8.4,8.0,8.2,67601,554328.2,,,,,
2025-08-18,8.2,8.3,8.1,8.2,15801,129568.19999999998,,,,,
2025-08-19,8.2,8.3,8.0,8.2,55207,452697.4,,,,,
2025-08-20,8.2,8.8,8.2,8.5,292698,2487933.0,,,,,
2025-08-21,8.5,8.6,8.3,8.6,48322,415569.2,,,,,
2025-08-22,8.4,8.6,8.2,8.6,96050,826030.0,,,,,
2025-08-25,8.6,9.4,8.3,9.1,384960,3503136.0,,,,,
2025-08-26,9.1,9.4,9.1,9.1,13548,123286.8,,,,,
2025-08-27,9.1,9.3,8.9,9.3,117520,1092936.0,,,,,
2025-08-28,9.2,9.5,9.1,9.2,11800,108560.0,,,,,
2025-08-29,9.2,9.2,8.9,9.2,26938,247829.6,,,,,
2025-09-03,9.1,9.3,9.0,9.3,35369,328931.7,,,,,
2025-09-04,9.2,9.5,9.1,9.5,120400,1143800.0,,,,,
2025-09-05,9.5,9.5,9.1,9.5,195346,1855787.0,,,,,
2025-09-08,9.5,9.5,9.1,9.2,61301,563969.2,,,,,
2025-09-09,9.2,9.2,8.9,9.2,81700,751640.0,,,,,
2025-09-10,9.1,9.2,9.0,9.2,62130,571596.0,,,,,
2025-09-11,9.0,9.2,8.9,9.2,35901,330289.19999999995,,,,,
2025-09-12,9.2,9.6,9.0,9.5,122700,1165650.0,,,,,
2025-09-15,9.4,9.5,9.3,9.3,57903,538497.9,,,,,
2025-09-16,9.2,9.4,9.0,9.3,66710,620403.0,,,,,
2025-09-17,9.2,9.2,8.9,9.0,69350,624150.0,,,,,
2025-09-18,8.9,9.1,8.9,9.0,18300,164700.0,,,,,
2025-09-19,9.0,9.1,8.9,9.0,69800,628200.0,,,,,
2025-09-22,8.9,9.0,8.7,9.0,55924,503316.0,,,,,
2025-09-23,9.0,9.1,8.9,9.0,11000,99000.0,,,,,
2025-09-24,9.0,9.0,8.9,9.0,28701,258309.0,,,,,
2025-09-25,8.9,8.9,8.8,8.8,102017,897749.6000000001,,,,,
2025-09-26,8.8,8.8,8.7,8.8,24500,215600.00000000003,,,,,
2025-09-29,8.7,8.8,8.7,8.8,25500,224400.00000000003,,,,,
2025-09-30,8.7,9.0,8.6,9.0,137401,1236609.0,,,,,
2025-10-01,9.0,9.1,9.0,9.1,22500,204750.0,,,,,
2025-10-02,9.1,9.1,8.9,9.0,77211,694899.0,,,,,
2025-10-03,8.9,9.0,8.9,9.0,39500,355500.0,,,,,
2025-10-06,9.0,9.1,8.9,9.1,43901,399499.1,,,,,
2025-10-07,9.0,9.0,8.9,9.0,32600,293400.0,,,,,
2025-10-08,9.0,9.4,9.0,9.4,119400,1122360.0,,,,,
2025-10-09,9.3,9.3,9.2,9.3,45000,418500.00000000006,0.0,0.0,0.0,0.0,-1825.0
2025-10-10,9.2,9.3,9.1,9.3,36500,339450.0,0.0,0.0,0.0,0.0,-1825.0
2025-10-13,9.2,9.2,9.0,9.2,66300,609960.0,0.0,0.0,0.0,0.0,-1825.0
2025-10-14,9.3,9.4,9.0,9.4,71000,667400.0,0.0,0.0,0.0,0.0,-1825.0
2025-10-15,9.3,9.4,9.0,9.4,60800,571520.0,0.0,0.0,0.0,0.0,-1825.0
2025-10-16,9.3,9.3,9.0,9.2,40000,368000.0,0.0,0.0,0.0,0.0,-1825.0
2025-10-17,9.3,9.3,8.8,9.2,42700,392840.0,0.0,0.0,0.0,0.0,-1825.0
2025-10-20,8.3,10.0,8.3,9.0,135500,1219500.0,0.0,0.0,0.0,0.0,-1825.0
2025-10-21,9.0,9.2,8.9,9.2,43600,401120.0,0.0,0.0,0.0,0.0,-1825.0
2025-10-22,9.2,9.2,8.9,9.2,74300,683560.0,0.0,0.0,0.0,0.0,-1825.0
2025-10-23,9.1,9.3,8.9,9.2,113900,1047880.0,0.0,0.0,0.0,0.0,-1825.0
2025-10-24,9.1,9.2,9.0,9.2,21500,197800.0,0.0,0.0,0.0,0.0,-1825.0
2025-10-27,9.1,9.1,9.0,9.1,9600,87360.0,0.0,0.0,0.0,0.0,-1825.0
2025-10-28,9.0,9.1,8.9,9.1,11400,103740.0,0.0,0.0,0.0,0.0,-1825.0
2025-10-29,9.0,9.1,9.0,9.1,5700,51870.0,0.0,0.0,0.0,0.0,-1825.0
2025-10-30,9.1,9.1,9.0,9.1,13100,119210.0,0.0,0.0,0.0,0.0,-1825.0
2025-10-31,9.0,9.0,8.9,9.0,27800,250200.0,0.0,0.0,0.0,0.0,-1825.0
2025-11-03,9.0,9.2,8.9,9.2,74300,683560.0,0.0,0.0,0.0,0.0,-1825.0
2025-11-04,9.3,9.4,9.1,9.2,122300,1125160.0,0.0,0.0,0.0,0.0,-1825.0
2025-11-05,9.2,9.2,9.0,9.2,43000,395600.0,0.0,0.0,0.0,0.0,-1825.0
2025-11-06,9.1,9.2,8.9,9.2,47000,432400.0,0.0,0.0,0.0,0.0,-1825.0
2025-11-07,9.1,9.1,9.0,9.0,19500,175500.0,0.0,0.0,0.0,0.0,-1825.0
2025-11-10,9.0,9.0,8.8,9.0,28900,260100.0,0.0,0.0,0.0,0.0,-1825.0
2025-11-11,,0.0,0.0,0.0,0,0.0,0.0,0.0,0.0,0.0,0.0
2025-11-12,8.9,9.0,8.8,9.0,26200,235800.0,0.0,0.0,0.0,0.0,-1825.0
2025-11-14,8.9,9.0,8.8,9.0,29900,269100.0,0.0,0.0,0.0,0.0,-1825.0
2025-11-17,8.9,9.0,8.8,9.0,68900,620100.0,0.0,0.0,0.0,0.0,-1825.0
2025-11-18,8.9,9.0,8.8,9.0,28200,253800.0,0.0,0.0,0.0,0.0,-1825.0
2025-11-19,8.9,9.0,8.8,9.0,82200,739800.0,0.0,0.0,0.0,0.0,-1825.0
2025-11-20,8.8,9.0,8.7,9.0,49700,447300.0,0.0,0.0,0.0,0.0,-1825.0
2025-11-25,8.9,9.0,8.8,9.0,51400,462600.0,0.0,0.0,0.0,0.0,-1825.0
2025-11-26,8.9,9.3,8.9,9.2,89100,819719.9999999999,0.0,0.0,0.0,0.0,-1825.0
2025-11-27,9.2,9.4,9.0,9.3,126500,1176450.0,0.0,0.0,0.0,0.0,-1825.0
2025-11-28,9.3,9.3,9.1,9.2,52300,481160.0,0.0,0.0,0.0,0.0,-1825.0
2025-12-01,9.2,9.3,9.0,9.1,28600,260260.0,0.0,0.0,0.0,0.0,-1825.0
2025-12-02,9.2,9.4,9.1,9.2,171300,1575959.9999999998,0.0,0.0,0.0,0.0,-1825.0
2025-12-03,9.1,9.2,8.9,9.2,78000,717600.0,0.0,0.0,0.0,0.0,-1825.0
2025-12-04,9.1,9.3,9.0,9.2,111900,1029480.0,0.0,0.0,0.0,0.0,-1825.0
2025-12-05,9.2,9.2,9.0,9.1,132300,1203930.0,0.0,0.0,0.0,0.0,-1825.0
2025-12-08,9.2,9.2,9.0,9.1,12500,113750.0,0.0,0.0,0.0,0.0,-1825.0
2025-12-10,9.1,9.1,8.9,9.1,20900,190190.0,0.0,0.0,0.0,0.0,-1825.0
2025-12-11,9.1,9.2,9.0,9.1,14700,133770.0,0.0,0.0,0.0,0.0,-1825.0
2025-12-12,9.0,9.3,8.9,9.1,36200,329420.0,0.0,0.0,0.0,0.0,-1825.0
2025-12-15,9.1,9.2,9.0,9.0,16900,152100.0,0.0,0.0,0.0,0.0,-1825.0
2025-12-23,9.0,9.1,9.0,9.1,15200,138320.0,0.0,0.0,0.0,0.0,-1825.0
2025-12-24,9.0,9.1,8.9,9.1,23300,212030.0,0.0,0.0,0.0,0.0,-1825.0
2025-12-25,9.1,9.2,9.0,9.1,17100,155610.0,0.0,0.0,0.0,0.0,-1825.0
2025-12-26,9.0,9.1,8.9,9.1,33200,302120.0,0.0,0.0,0.0,0.0,-1825.0
2025-12-29,9.1,9.1,9.0,9.1,38300,348530.0,0.0,0.0,0.0,0.0,-1825.0
2025-12-30,9.1,9.1,9.0,9.1,6900,62790.0,0.0,0.0,0.0,0.0,-1825.0
2025-12-31,9.0,9.1,9.0,9.1,10100,91910.0,0.0,0.0,0.0,0.0,-1825.0
2026-01-05,9.1,9.1,9.0,9.1,998200,9083620.0,0.0,0.0,0.0,0.0,-1825.0
2026-01-06,9.1,9.6,8.9,9.5,129300,1228350.0,0.0,0.0,0.0,0.0,-1825.0
2026-01-07,9.5,10.3,9.4,10.0,202000,2020000.0,0.0,0.0,0.0,0.0,-1825.0
2026-01-08,10.0,10.6,10.0,10.3,98700,1016610.0,0.0,50.0,0.0,5250.0,-1825.0
2026-01-09,10.3,10.7,10.2,10.3,778100,8014430.000000001,0.0,20.0,0.0,2140.0,-1825.0
2026-01-12,10.6,11.3,10.3,11.3,441700,4991210.0,0.0,200.0,0.0,22000.0,-1825.0
2026-01-13,11.7,12.4,11.3,12.4,473900,5876360.0,0.0,270.0,0.0,33040.0,-1775.0
2026-01-14,13.0,13.6,12.4,13.6,857500,11662000.0,0.0,70.0,0.0,9080.0,-1755.0
2026-01-15,14.5,14.5,12.3,12.3,71100,874530.0,0.0,0.0,0.0,0.0,-1555.0
2026-01-16,11.1,11.2,11.1,11.1,178000,1975800.0,0.0,0.0,0.0,0.0,0.0
2026-01-19,10.0,11.1,10.0,10.9,302100,3292890.0,0.0,0.0,0.0,0.0,-1215.0
2026-01-20,10.9,10.9,9.9,9.9,115300,1141470.0,0.0,0.0,0.0,0.0,-1215.0
2026-01-21,9.9,10.2,9.5,10.2,20400,208080.0,0.0,0.0,0.0,0.0,-1215.0
2026-01-22,10.2,10.2,9.3,9.6,42400,407040.0,0.0,0.0,0.0,0.0,-1215.0
2026-01-23,9.6,10.1,9.2,10.1,6600,66660.0,0.0,0.0,0.0,0.0,-1215.0
2026-01-26,10.1,10.5,10.0,10.0,443800,4438000.0,0.0,0.0,0.0,0.0,-1215.0
2026-01-27,10.1,10.3,9.9,10.1,228800,2310880.0,0.0,0.0,0.0,0.0,-1215.0
2026-01-28,10.1,10.3,10.0,10.1,153600,1551360.0,0.0,0.0,0.0,0.0,-1215.0
2026-01-29,10.1,10.7,10.0,10.6,347400,3682440.0,0.0,0.0,0.0,0.0,-1215.0
2026-01-30,10.6,11.1,10.3,10.9,492500,5368250.0,0.0,20.0,0.0,2220.0,-1215.0
2026-02-02,11.0,11.0,10.6,10.7,83800,896659.9999999999,0.0,0.0,0.0,0.0,-1215.0
2026-02-03,11.3,11.6,10.7,10.9,242100,2638890.0,0.0,0.0,0.0,0.0,-1215.0
2026-02-04,10.9,11.1,10.3,10.8,239900,2590920.0,0.0,0.0,0.0,0.0,-1195.0
2026-02-05,10.8,11.0,10.5,10.6,162800,1725680.0,0.0,0.0,0.0,0.0,-1195.0
2026-02-06,10.6,10.7,10.4,10.6,101700,1078020.0,0.0,0.0,0.0,0.0,-1195.0
2026-02-09,10.6,10.9,10.6,10.7,530800,5679560.0,0.0,0.0,0.0,0.0,-1195.0
2026-02-10,10.7,11.0,10.6,10.9,415600,4530040.0,0.0,0.0,0.0,0.0,-1195.0
2026-02-11,10.9,11.0,10.5,10.5,408700,4291350.0,0.0,0.0,0.0,0.0,-1195.0
2026-02-12,10.5,10.9,10.3,10.7,148600,1590020.0,0.0,0.0,0.0,0.0,-1195.0
2026-02-13,10.8,11.0,10.5,10.8,206900,2234520.0,0.0,0.0,0.0,0.0,-1195.0
2026-02-23,10.8,11.0,10.7,10.8,133400,1440720.0,0.0,0.0,0.0,0.0,-1195.0
2026-02-24,10.8,11.0,10.3,10.9,417100,4546390.0,0.0,0.0,0.0,0.0,-1195.0
2026-02-25,10.9,11.4,10.8,11.3,349700,3951610.000000001,0.0,0.0,0.0,0.0,-1195.0
2026-02-26,11.3,11.5,11.0,11.3,446800,5048840.0,0.0,0.0,0.0,0.0,-1195.0
2026-02-27,11.4,11.7,11.0,11.2,554200,6207040.0,0.0,0.0,0.0,0.0,-1195.0
2026-03-02,11.2,11.3,10.1,10.9,1253700,13665330.0,0.0,0.0,0.0,0.0,-1195.0
2026-03-03,10.9,11.1,9.9,10.7,993100,10626170.0,0.0,0.0,0.0,0.0,-1195.0
2026-03-04,10.7,10.8,9.7,10.1,905500,9145550.0,0.0,0.0,0.0,0.0,-1195.0
2026-03-05,10.0,10.1,9.1,9.5,255200,2424400.0,0.0,0.0,0.0,0.0,-1195.0
2026-03-06,9.0,9.1,8.6,9.0,309400,2784600.0,0.0,0.0,0.0,0.0,-1195.0
2026-03-09,8.2,8.5,8.1,8.1,113200,916920.0,0.0,0.0,0.0,0.0,-1195.0
2026-03-10,8.3,8.5,7.9,8.4,86400,725760.0,0.0,0.0,0.0,0.0,-1195.0
2026-03-11,8.4,8.7,8.3,8.5,189400,1609900.0,0.0,0.0,0.0,0.0,-1195.0
2026-03-12,8.5,8.5,8.2,8.2,42500,348499.99999999994,0.0,0.0,0.0,0.0,-1195.0
2026-03-13,8.4,8.5,8.2,8.2,27000,221400.0,0.0,0.0,0.0,0.0,-1195.0
2026-03-16,8.1,8.3,8.1,8.2,5100,41820.0,0.0,0.0,0.0,0.0,-1195.0
2026-03-17,8.2,8.4,8.1,8.3,33000,273900.0,0.0,0.0,0.0,0.0,-1195.0
2026-03-18,8.1,8.3,8.0,8.3,25000,207500.00000000003,0.0,0.0,0.0,0.0,-1195.0
2026-03-19,8.2,8.2,8.0,8.2,15900,130380.0,0.0,0.0,0.0,0.0,-1195.0
2026-03-20,8.0,8.2,8.0,8.2,2700,22140.0,0.0,0.0,0.0,0.0,-1195.0
2026-03-23,8.0,8.2,7.9,8.2,36400,298480.0,0.0,0.0,0.0,0.0,-1195.0
2026-03-24,8.2,8.2,8.0,8.2,29200,239440.0,0.0,0.0,0.0,0.0,-1195.0
2026-03-25,8.0,8.2,7.9,7.9,33800,267020.0,0.0,0.0,0.0,0.0,-1195.0
2026-03-26,7.9,8.1,7.8,8.0,3700,29600.0,0.0,0.0,0.0,0.0,-1195.0
2026-03-27,8.0,8.5,8.0,8.3,281300,2334790.0,0.0,0.0,0.0,0.0,-1195.0
2026-03-30,8.2,8.3,7.9,8.2,14900,122180.0,0.0,0.0,0.0,0.0,-1195.0
2026-03-31,8.0,8.1,7.9,8.0,30000,240000.0,0.0,0.0,0.0,0.0,-1195.0
2026-04-01,8.0,8.0,7.8,7.8,12500,97500.0,0.0,0.0,0.0,0.0,0.0
2026-04-02,8.0,8.0,7.8,7.8,9700,75660.0,0.0,0.0,0.0,0.0,0.0
2026-04-03,8.0,8.1,7.9,8.0,18700,149600.0,0.0,0.0,0.0,0.0,0.0
2026-04-06,8.0,8.0,8.0,8.0,3100,24800.0,0.0,0.0,0.0,0.0,0.0
2026-04-07,8.0,8.0,8.0,8.0,1800,14400.0,0.0,0.0,0.0,0.0,0.0
2026-04-08,8.1,8.3,7.9,8.1,21300,172530.0,0.0,0.0,0.0,0.0,0.0
2026-04-09,8.0,8.0,7.9,8.0,3700,29600.0,0.0,0.0,0.0,0.0,0.0
2026-04-10,7.9,8.1,7.9,8.0,2200,17600.0,0.0,0.0,0.0,0.0,0.0
2026-04-13,7.9,8.0,7.9,7.9,1200,9480.0,0.0,0.0,0.0,0.0,-1195.0
2026-04-14,8.0,8.0,7.7,8.0,2300,18400.0,0.0,0.0,0.0,0.0,-1195.0
2026-04-15,8.0,8.1,8.0,8.0,1300,10400.0,0.0,0.0,0.0,0.0,-1195.0
2026-04-16,8.0,8.1,7.2,7.4,105700,782180.0,0.0,0.0,0.0,0.0,-1195.0
2026-04-17,7.4,7.4,7.4,7.4,3000,22200.0,0,0,0.0,0.0,-1195.00
