time,open,high,low,close,volume,value,foreign_buy_vol,foreign_sell_vol,foreign_buy_val,foreign_sell_val,foreign_room,foreign_ownership_pct,foreign_buy_value_bn,foreign_sell_value_bn
2020-06-18,8.427,8.427,8.427,8.427,0,0.0,0.0,0.0,0.0,0.0,,0.0,0.0,0.0
2020-06-19,8.427,8.427,8.427,8.427,0,0.0,0.0,0.0,0.0,0.0,,0.0,0.0,0.0
2020-06-22,8.427,8.427,8.427,8.427,0,0.0,0.0,0.0,0.0,0.0,,0.0,0.0,0.0
2020-06-23,8.427,8.427,8.427,8.427,0,0.0,0.0,0.0,0.0,0.0,,0.0,0.0,0.0
2020-06-24,8.427,8.427,8.427,8.427,0,0.0,0.0,0.0,0.0,0.0,,0.0,0.0,0.0
2020-06-25,8.427,8.427,8.427,8.427,0,0.0,0.0,0.0,0.0,0.0,,0.0,0.0,0.0
2020-06-26,8.427,8.427,8.427,8.427,0,0.0,0.0,0.0,0.0,0.0,,0.0,0.0,0.0
2020-06-29,8.427,8.427,8.427,8.427,0,0.0,0.0,0.0,0.0,0.0,,0.0,0.0,0.0
2020-06-30,8.427,8.427,8.427,8.427,0,0.0,0.0,0.0,0.0,0.0,,0.0,0.0,0.0
2020-07-01,8.427,8.427,8.427,8.427,0,0.0,0.0,0.0,0.0,0.0,,0.0,0.0,0.0
2020-07-02,8.427,8.427,8.427,8.427,0,0.0,0.0,0.0,0.0,0.0,,0.0,0.0,0.0
2020-07-03,8.427,8.427,8.427,8.427,0,0.0,0.0,0.0,0.0,0.0,,0.0,0.0,0.0
2020-07-06,8.427,8.427,8.427,8.427,0,0.0,0.0,0.0,0.0,0.0,,0.0,0.0,0.0
2020-07-07,8.427,8.427,8.427,8.427,0,0.0,0.0,0.0,0.0,0.0,,0.0,0.0,0.0
2020-07-08,8.427,8.427,8.427,8.427,0,0.0,0.0,0.0,0.0,0.0,,0.0,0.0,0.0
2020-07-09,11.761,11.798,11.724,11.724,6000,70344.0,0.0,0.0,0.0,0.0,,0.0,0.0,0.0
2020-07-10,11.981,12.53,11.981,12.53,1100,13783.0,0.0,0.0,0.0,0.0,,0.0,0.0,0.0
2020-07-13,13.813,13.813,13.813,13.813,100,1381.3,0.0,0.0,0.0,0.0,,0.0,0.0,0.0
2020-07-14,15.864,15.864,15.864,15.864,3500,55524.0,0.0,0.0,0.0,0.0,,0.0,0.0,0.0
2020-07-15,17.953,17.989,17.88,17.88,1815,32452.2,0.0,0.0,0.0,0.0,,0.0,0.0,0.0
2020-07-16,17.989,17.989,17.989,17.989,900,16190.1,0.0,0.0,0.0,0.0,,0.0,0.0,0.0
2020-07-17,17.989,17.989,17.989,17.989,0,0.0,0.0,0.0,0.0,0.0,,0.0,0.0,0.0
2020-07-20,15.315,15.315,15.315,15.315,100,1531.5,0.0,0.0,0.0,0.0,,0.0,0.0,0.0
2020-07-21,15.315,15.315,15.315,15.315,100,1531.5,0.0,0.0,0.0,0.0,,0.0,0.0,0.0
2020-07-22,15.315,15.315,15.315,15.315,0,0.0,0.0,0.0,0.0,0.0,,0.0,0.0,0.0
2020-07-23,15.022,15.205,15.022,15.205,200,3041.0,0.0,0.0,0.0,0.0,,0.0,0.0,0.0
2020-07-24,13.19,13.19,12.897,13.007,1600,20811.2,0.0,0.0,0.0,0.0,,0.0,0.0,0.0
2020-07-27,13.08,13.08,13.08,13.08,0,0.0,0.0,0.0,0.0,0.0,,0.0,0.0,0.0
2020-07-28,13.19,13.19,13.19,13.19,900,11871.0,0.0,0.0,0.0,0.0,,0.0,0.0,0.0
2020-07-29,14.655,14.655,14.655,14.655,100,1465.5,0.0,0.0,0.0,0.0,,0.0,0.0,0.0
2020-07-30,14.655,14.655,14.655,14.655,0,0.0,0.0,0.0,0.0,0.0,,0.0,0.0,0.0
2020-07-31,14.619,14.619,14.619,14.619,200,2923.8,0.0,0.0,0.0,0.0,,0.0,0.0,0.0
2020-08-03,14.582,14.582,14.582,14.582,300,4374.6,0.0,0.0,0.0,0.0,,0.0,0.0,0.0
2020-08-04,14.582,14.582,14.582,14.582,0,0.0,0.0,0.0,0.0,0.0,,0.0,0.0,0.0
2020-08-05,14.472,14.472,14.472,14.472,200,2894.4,0.0,0.0,0.0,0.0,,0.0,0.0,0.0
2020-08-06,14.472,14.472,14.472,14.472,0,0.0,0.0,0.0,0.0,0.0,,0.0,0.0,0.0
2020-08-07,12.457,12.677,12.457,12.677,200,2535.4,0.0,0.0,0.0,0.0,,0.0,0.0,0.0
2020-08-10,12.567,12.567,12.567,12.567,100,1256.7,0.0,0.0,0.0,0.0,,0.0,0.0,0.0
2020-08-11,12.567,12.567,12.567,12.567,0,0.0,0.0,0.0,0.0,0.0,,0.0,0.0,0.0
2020-08-12,12.567,12.567,12.567,12.567,0,0.0,0.0,0.0,0.0,0.0,,0.0,0.0,0.0
2020-08-13,12.567,12.567,12.567,12.567,0,0.0,0.0,0.0,0.0,0.0,,0.0,0.0,0.0
2020-08-14,11.724,12.091,11.724,12.091,200,2418.2,0.0,0.0,0.0,0.0,,0.0,0.0,0.0
2020-08-17,10.918,10.918,10.918,10.918,100,1091.8,0.0,0.0,0.0,0.0,,0.0,0.0,0.0
2020-08-18,11.138,11.138,11.138,11.138,100,1113.8,0.0,0.0,0.0,0.0,,0.0,0.0,0.0
2020-08-19,11.395,11.724,11.395,11.724,200,2344.8,0.0,0.0,0.0,0.0,,0.0,0.0,0.0
2020-08-20,11.065,11.065,11.065,11.065,100,1106.5,0.0,0.0,0.0,0.0,,0.0,0.0,0.0
2020-08-21,11.065,11.065,11.065,11.065,0,0.0,0.0,0.0,0.0,0.0,,0.0,0.0,0.0
2020-08-24,11.065,11.065,11.065,11.065,0,0.0,0.0,0.0,0.0,0.0,,0.0,0.0,0.0
2020-08-25,11.285,11.321,11.285,11.321,1400,15849.4,0.0,0.0,0.0,0.0,,0.0,0.0,0.0
2020-08-26,11.431,11.724,11.431,11.724,200,2344.8,0.0,0.0,0.0,0.0,,0.0,0.0,0.0
2020-08-27,9.856,13.3,9.856,11.211,700,7847.7,0.0,0.0,0.0,0.0,,0.0,0.0,0.0
2020-08-28,10.882,12.823,10.882,12.823,900,11540.7,0.0,0.0,0.0,0.0,,0.0,0.0,0.0
2020-08-31,12.823,12.823,12.823,12.823,200,2564.6,0.0,0.0,0.0,0.0,,0.0,0.0,0.0
2020-09-01,13.19,13.19,13.153,13.153,200,2630.6,0.0,0.0,0.0,0.0,,0.0,0.0,0.0
2020-09-03,13.19,13.19,13.153,13.153,200,2630.6,0.0,0.0,0.0,0.0,,0.0,0.0,0.0
2020-09-04,13.19,13.19,13.153,13.19,500,6595.0,0.0,0.0,0.0,0.0,,0.0,0.0,0.0
2020-09-07,12.091,12.274,12.091,12.091,2300,27809.3,0.0,0.0,0.0,0.0,,0.0,0.0,0.0
2020-09-08,12.091,12.091,12.091,12.091,200,2418.2,0.0,0.0,0.0,0.0,,0.0,0.0,0.0
2020-09-09,12.127,12.127,12.127,12.127,100,1212.7,0.0,0.0,0.0,0.0,,0.0,0.0,0.0
2020-09-10,12.274,12.457,12.164,12.457,3700,46090.9,0.0,0.0,0.0,0.0,,0.0,0.0,0.0
2020-09-11,12.201,12.457,12.201,12.457,2000,24914.0,0.0,0.0,0.0,0.0,,0.0,0.0,0.0
2020-09-14,12.494,12.494,12.494,12.494,100,1249.4,0.0,0.0,0.0,0.0,,0.0,0.0,0.0
2020-09-15,12.53,12.53,12.494,12.494,400,4997.6,0.0,0.0,0.0,0.0,,0.0,0.0,0.0
2020-09-16,12.53,12.53,12.494,12.494,900,11244.6,0.0,0.0,0.0,0.0,,0.0,0.0,0.0
2020-09-17,12.457,12.457,12.457,12.457,500,6228.5,0.0,0.0,0.0,0.0,,0.0,0.0,0.0
2020-09-18,12.457,12.457,12.42,12.42,1400,17388.0,0.0,0.0,0.0,0.0,,0.0,0.0,0.0
2020-09-21,12.274,12.42,12.201,12.42,3000,37260.0,0.0,0.0,0.0,0.0,,0.0,0.0,0.0
2020-09-22,12.384,12.457,12.384,12.457,3300,41108.100000000006,0.0,0.0,0.0,0.0,,0.0,0.0,0.0
2020-09-23,12.41,12.41,12.41,12.41,200,2482.0,0.0,0.0,0.0,0.0,,0.0,0.0,0.0
2020-09-24,12.41,12.447,12.41,12.41,700,8687.0,0.0,0.0,0.0,0.0,,0.0,0.0,0.0
2020-09-25,12.41,12.41,12.41,12.41,0,0.0,0.0,0.0,0.0,0.0,,0.0,0.0,0.0
2020-09-28,12.373,12.373,12.336,12.336,200,2467.2000000000003,0.0,0.0,0.0,0.0,,0.0,0.0,0.0
2020-09-29,12.373,12.373,12.373,12.373,0,0.0,0.0,0.0,0.0,0.0,,0.0,0.0,0.0
2020-09-30,12.373,12.373,12.373,12.373,0,0.0,0.0,0.0,0.0,0.0,,0.0,0.0,0.0
2020-10-01,12.188,12.188,12.004,12.004,900,10803.6,0.0,0.0,0.0,0.0,,0.0,0.0,0.0
2020-10-02,12.004,12.004,11.819,11.819,400,4727.6,0.0,0.0,0.0,0.0,,0.0,0.0,0.0
2020-10-05,11.819,11.819,11.819,11.819,100,1181.9,0.0,0.0,0.0,0.0,,0.0,0.0,0.0
2020-10-06,11.819,11.819,11.819,11.819,0,0.0,0.0,0.0,0.0,0.0,,0.0,0.0,0.0
2020-10-07,11.819,11.819,11.819,11.819,0,0.0,0.0,0.0,0.0,0.0,,0.0,0.0,0.0
2020-10-08,11.819,11.819,11.819,11.819,0,0.0,0.0,0.0,0.0,0.0,,0.0,0.0,0.0
2020-10-09,11.819,11.819,11.819,11.819,0,0.0,0.0,0.0,0.0,0.0,,0.0,0.0,0.0
2020-10-12,11.819,11.819,11.819,11.819,0,0.0,0.0,0.0,0.0,0.0,,0.0,0.0,0.0
2020-10-13,11.819,11.819,11.819,11.819,0,0.0,0.0,0.0,0.0,0.0,,0.0,0.0,0.0
2020-10-14,11.819,11.819,11.819,11.819,300,3545.7000000000003,0.0,0.0,0.0,0.0,,0.0,0.0,0.0
2020-10-15,11.819,11.819,11.819,11.819,0,0.0,0.0,0.0,0.0,0.0,,0.0,0.0,0.0
2020-10-16,11.819,11.819,11.819,11.819,0,0.0,0.0,0.0,0.0,0.0,,0.0,0.0,0.0
2020-10-19,11.819,11.819,11.819,11.819,1800,21274.2,0.0,0.0,0.0,0.0,,0.0,0.0,0.0
2020-10-20,12.225,12.225,12.225,12.225,100,1222.5,0.0,0.0,0.0,0.0,,0.0,0.0,0.0
2020-10-21,12.151,12.188,12.151,12.188,300,3656.4,0.0,0.0,0.0,0.0,,0.0,0.0,0.0
2020-10-22,12.188,12.225,12.188,12.225,400,4890.0,0.0,0.0,0.0,0.0,,0.0,0.0,0.0
2020-10-23,11.819,12.742,11.819,12.742,1200,15290.4,0.0,0.0,0.0,0.0,,0.0,0.0,0.0
2020-10-26,12.594,12.594,12.594,12.594,0,0.0,0.0,0.0,0.0,0.0,,0.0,0.0,0.0
2020-10-27,12.594,12.594,12.594,12.594,0,0.0,0.0,0.0,0.0,0.0,,0.0,0.0,0.0
2020-10-28,12.594,12.594,12.594,12.594,0,0.0,0.0,0.0,0.0,0.0,,0.0,0.0,0.0
2020-10-29,12.594,12.594,12.594,12.594,0,0.0,0.0,0.0,0.0,0.0,,0.0,0.0,0.0
2020-10-30,12.594,12.594,12.594,12.594,0,0.0,0.0,0.0,0.0,0.0,,0.0,0.0,0.0
2020-11-02,12.594,12.594,12.594,12.594,0,0.0,0.0,0.0,0.0,0.0,,0.0,0.0,0.0
2020-11-03,12.594,12.594,12.594,12.594,0,0.0,0.0,0.0,0.0,0.0,,0.0,0.0,0.0
2020-11-04,12.742,12.742,12.742,12.742,1100,14016.2,0.0,0.0,0.0,0.0,,0.0,0.0,0.0
2020-11-05,12.558,12.558,12.558,12.558,500,6279.0,0.0,0.0,0.0,0.0,,0.0,0.0,0.0
2020-11-06,12.558,12.558,12.558,12.558,0,0.0,0.0,0.0,0.0,0.0,,0.0,0.0,0.0
2020-11-09,12.558,12.558,12.558,12.558,0,0.0,0.0,0.0,0.0,0.0,,0.0,0.0,0.0
2020-11-10,12.558,12.558,12.558,12.558,100,1255.8,0.0,0.0,0.0,0.0,,0.0,0.0,0.0
2020-11-11,12.742,12.742,12.742,12.742,285,3631.47,0.0,0.0,0.0,0.0,,0.0,0.0,0.0
2020-11-12,12.742,12.742,12.742,12.742,0,0.0,0.0,0.0,0.0,0.0,,0.0,0.0,0.0
2020-11-13,12.742,12.742,12.742,12.742,0,0.0,0.0,0.0,0.0,0.0,,0.0,0.0,0.0
2020-11-16,12.927,12.927,12.927,12.927,500,6463.5,0.0,0.0,0.0,0.0,,0.0,0.0,0.0
2020-11-17,12.853,12.927,12.853,12.927,1600,20683.2,0.0,0.0,0.0,0.0,,0.0,0.0,0.0
2020-11-18,12.89,12.89,12.89,12.89,0,0.0,0.0,0.0,0.0,0.0,,0.0,0.0,0.0
2020-11-19,12.927,12.927,12.927,12.927,100,1292.7,0.0,0.0,0.0,0.0,,0.0,0.0,0.0
2020-11-20,12.927,12.927,12.927,12.927,0,0.0,0.0,0.0,0.0,0.0,,0.0,0.0,0.0
2020-11-23,12.927,12.927,12.927,12.927,0,0.0,0.0,0.0,0.0,0.0,,0.0,0.0,0.0
2020-11-24,12.927,12.927,12.927,12.927,200,2585.4,0.0,0.0,0.0,0.0,,0.0,0.0,0.0
2020-11-25,12.927,12.927,12.188,12.188,300,3656.4,200.0,0.0,10000.0,0.0,,0.0,0.01,0.0
2020-11-26,12.668,12.668,12.668,12.668,0,0.0,0.0,0.0,0.0,0.0,,0.0,0.0,0.0
2020-11-27,11.819,11.819,11.819,11.819,300,3545.7000000000003,0.0,0.0,0.0,0.0,,0.0,0.0,0.0
2020-11-30,11.819,11.819,11.819,11.819,0,0.0,0.0,0.0,0.0,0.0,,0.0,0.0,0.0
2020-12-01,11.819,11.819,11.819,11.819,0,0.0,0.0,0.0,0.0,0.0,,0.0,0.0,0.0
2020-12-02,12.853,12.853,12.558,12.558,700,8790.6,100.0,0.0,0.0,0.0,,0.0,0.0,0.0
2020-12-03,12.742,12.742,12.742,12.742,700,8919.400000000001,100.0,0.0,0.0,0.0,,0.0,0.0,0.0
2020-12-04,12.89,12.927,12.853,12.927,2200,28439.4,0.0,0.0,0.0,0.0,,0.0,0.0,0.0
2020-12-07,12.927,14.22,12.927,14.22,2800,39816.0,0.0,0.0,0.0,0.0,,0.0,0.0,0.0
2020-12-08,14.774,15.992,14.774,15.992,7900,126336.8,0.0,0.0,0.0,0.0,,0.0,0.0,0.0
2020-12-09,14.774,15.143,14.774,15.143,2900,43914.7,0.0,0.0,0.0,0.0,,0.0,0.0,0.0
2020-12-10,16.251,16.251,15.143,15.143,200,3028.6000000000004,0.0,0.0,0.0,0.0,,0.0,0.0,0.0
2020-12-11,16.62,16.62,16.251,16.251,4600,74754.6,0.0,0.0,0.0,0.0,,0.0,0.0,0.0
2020-12-14,16.62,16.62,16.62,16.62,600,9972.0,0.0,0.0,0.0,0.0,,0.0,0.0,0.0
2020-12-15,16.62,16.62,16.62,16.62,0,0.0,0.0,0.0,0.0,0.0,,0.0,0.0,0.0
2020-12-16,14.441,15.512,14.183,15.512,3400,52740.8,0.0,0.0,0.0,0.0,,0.0,0.0,0.0
2020-12-17,16.62,16.99,16.62,16.99,6800,115532.0,0.0,0.0,0.0,0.0,,0.0,0.0,0.0
2020-12-18,16.99,16.99,16.99,16.99,300,5096.999999999999,0.0,0.0,0.0,0.0,,0.0,0.0,0.0
2020-12-21,17.728,17.728,17.728,17.728,100,1772.8000000000002,0.0,0.0,0.0,0.0,,0.0,0.0,0.0
2020-12-22,17.728,19.206,17.728,19.206,5000,96030.0,0.0,200.0,0.0,10000.0,,0.0,0.0,0.01
2020-12-23,19.206,19.206,18.467,18.467,3300,60941.1,0.0,0.0,0.0,0.0,,0.0,0.0,0.0
2020-12-24,16.99,16.99,15.882,15.882,400,6352.8,0.0,0.0,0.0,0.0,,0.0,0.0,0.0
2020-12-25,18.467,18.467,17.728,17.728,1200,21273.6,0.0,0.0,0.0,0.0,,0.0,0.0,0.0
2020-12-28,16.657,17.728,16.62,16.62,3000,49860.0,0.0,0.0,0.0,0.0,,0.0,0.0,0.0
2020-12-29,15.882,19.39,15.882,19.39,1000,19390.0,0.0,0.0,0.0,0.0,,0.0,0.0,0.0
2020-12-30,17.359,17.765,16.62,17.728,4000,70912.0,0.0,0.0,0.0,0.0,,0.0,0.0,0.0
2020-12-31,16.62,18.467,16.62,18.393,300,5517.900000000001,0.0,0.0,0.0,0.0,,0.0,0.0,0.0
2021-01-04,17.728,18.282,17.728,18.282,2100,38392.2,0.0,0.0,0.0,0.0,,0.0,0.0,0.0
2021-01-05,18.282,18.282,18.098,18.098,800,14478.4,0.0,0.0,0.0,0.0,,0.0,0.0,0.0
2021-01-06,18.282,18.282,18.282,18.282,100,1828.2,0.0,0.0,0.0,0.0,,0.0,0.0,0.0
2021-01-07,18.319,18.393,18.319,18.393,800,14714.4,0.0,0.0,0.0,0.0,,0.0,0.0,0.0
2021-01-08,18.356,18.356,17.913,17.913,200,3582.6,0.0,0.0,0.0,0.0,,0.0,0.0,0.0
2021-01-11,18.135,18.393,18.135,18.393,1500,27589.5,0.0,0.0,0.0,0.0,,0.0,0.0,0.0
2021-01-12,18.393,18.467,18.393,18.467,700,12926.9,0.0,0.0,0.0,0.0,,0.0,0.0,0.0
2021-01-13,18.282,18.282,18.282,18.282,100,1828.2,0.0,0.0,0.0,0.0,,0.0,0.0,0.0
2021-01-14,17.728,17.728,17.728,17.728,100,1772.8000000000002,0.0,0.0,0.0,0.0,,0.0,0.0,0.0
2021-01-15,18.393,19.206,18.393,18.836,13100,246751.6,0.0,0.0,0.0,0.0,,0.0,0.0,0.0
2021-01-18,18.836,18.836,18.467,18.652,1900,35438.8,0.0,0.0,0.0,0.0,,0.0,0.0,0.0
2021-01-19,18.652,18.652,18.652,18.652,0,0.0,0.0,0.0,0.0,0.0,,0.0,0.0,0.0
2021-01-20,18.541,18.836,18.541,18.836,6700,126201.2,0.0,0.0,0.0,0.0,,0.0,0.0,0.0
2021-01-21,18.799,18.836,18.762,18.799,2700,50757.3,0.0,0.0,0.0,0.0,,0.0,0.0,0.0
2021-01-22,18.762,18.762,18.504,18.652,2000,37304.0,0.0,0.0,0.0,0.0,,0.0,0.0,0.0
2021-01-25,18.615,18.615,18.615,18.615,0,0.0,0.0,0.0,0.0,0.0,,0.0,0.0,0.0
2021-01-26,18.098,18.098,18.098,18.098,500,9049.0,0.0,0.0,0.0,0.0,,0.0,0.0,0.0
2021-01-27,18.098,18.098,18.098,18.098,0,0.0,0.0,0.0,0.0,0.0,,0.0,0.0,0.0
2021-01-28,18.098,18.098,18.098,18.098,100,1809.8,0.0,100.0,0.0,0.0,,0.0,0.0,0.0
2021-01-29,16.62,16.62,16.62,16.62,100,1662.0,0.0,0.0,0.0,0.0,,0.0,0.0,0.0
2021-02-01,18.098,18.467,18.098,18.467,500,9233.5,0.0,0.0,0.0,0.0,,0.0,0.0,0.0
2021-02-02,18.393,18.393,18.393,18.393,0,0.0,0.0,0.0,0.0,0.0,,0.0,0.0,0.0
2021-02-03,18.393,18.393,18.393,18.393,0,0.0,0.0,0.0,0.0,0.0,,0.0,0.0,0.0
2021-02-04,18.098,18.467,18.098,18.467,700,12926.9,0.0,100.0,0.0,0.0,,0.0,0.0,0.0
2021-02-05,18.43,18.43,18.43,18.43,0,0.0,0.0,0.0,0.0,0.0,,0.0,0.0,0.0
2021-02-08,18.43,18.43,18.43,18.43,0,0.0,0.0,0.0,0.0,0.0,,0.0,0.0,0.0
2021-02-09,18.43,18.43,18.43,18.43,0,0.0,0.0,0.0,0.0,0.0,,0.0,0.0,0.0
2021-02-17,17.728,18.652,17.728,18.652,2300,42899.600000000006,0.0,0.0,0.0,0.0,,0.0,0.0,0.0
2021-02-18,18.541,19.206,18.541,19.206,21200,407167.2,0.0,0.0,0.0,0.0,,0.0,0.0,0.0
2021-02-19,18.836,19.575,18.467,19.316,8600,166117.59999999998,0.0,0.0,0.0,0.0,,0.0,0.0,0.0
2021-02-22,19.501,20.683,19.501,20.683,15200,314381.6,0.0,0.0,0.0,0.0,,0.0,0.0,0.0
2021-02-23,20.831,21.422,20.314,21.237,9500,201751.5,0.0,0.0,0.0,0.0,,0.0,0.0,0.0
2021-02-24,21.606,21.606,21.015,21.052,4300,90523.6,0.0,0.0,0.0,0.0,,0.0,0.0,0.0
2021-02-25,21.089,22.16,21.089,21.311,4200,89506.2,0.0,0.0,0.0,0.0,,0.0,0.0,0.0
2021-02-26,21.126,21.163,18.836,20.609,2500,51522.50000000001,0.0,0.0,0.0,0.0,,0.0,0.0,0.0
2021-03-01,20.388,20.72,20.351,20.72,5700,118104.0,0.0,0.0,0.0,0.0,,0.0,0.0,0.0
2021-03-02,20.72,21.422,20.72,21.052,1800,37893.6,0.0,0.0,0.0,0.0,,0.0,0.0,0.0
2021-03-03,20.978,20.978,20.978,20.978,600,12586.8,0.0,0.0,0.0,0.0,,0.0,0.0,0.0
2021-03-04,20.609,20.609,20.314,20.388,1200,24465.6,0.0,0.0,0.0,0.0,,0.0,0.0,0.0
2021-03-05,20.424,20.424,20.424,20.424,0,0.0,0.0,0.0,0.0,0.0,,0.0,0.0,0.0
2021-03-08,19.575,19.797,19.575,19.649,1300,25543.7,0.0,0.0,0.0,0.0,,0.0,0.0,0.0
2021-03-09,19.76,21.052,19.39,21.052,1100,23157.2,0.0,0.0,0.0,0.0,,0.0,0.0,0.0
2021-03-10,19.575,19.575,19.575,19.575,0,0.0,0.0,0.0,0.0,0.0,,0.0,0.0,0.0
2021-03-11,21.052,21.422,20.683,20.683,5600,115824.8,0.0,0.0,0.0,0.0,,0.0,0.0,0.0
2021-03-12,22.087,22.16,22.087,22.16,5900,130744.0,0.0,0.0,0.0,0.0,,0.0,0.0,0.0
2021-03-15,22.345,23.268,22.345,23.268,7000,162876.0,0.0,0.0,0.0,0.0,,0.0,0.0,0.0
2021-03-16,26.445,26.445,26.223,26.445,400,10578.0,0.0,0.0,0.0,0.0,,0.0,0.0,0.0
2021-03-17,28.07,28.07,27.996,27.996,2200,61591.2,0.0,0.0,0.0,0.0,,0.0,0.0,0.0
2021-03-18,27.996,27.996,27.627,27.627,1300,35915.1,0.0,0.0,0.0,0.0,,0.0,0.0,0.0
2021-03-19,26.592,28.439,25.854,28.439,19600,557404.4,0.0,0.0,0.0,0.0,,0.0,0.0,0.0
2021-03-22,25.484,30.803,25.484,30.803,27000,831681.0,0.0,0.0,0.0,0.0,,0.0,0.0,0.0
2021-03-23,30.803,32.945,26.629,31.431,22000,691482.0,0.0,0.0,0.0,0.0,,0.0,0.0,0.0
2021-03-24,36.195,36.195,30.655,30.655,2800,85834.0,0.0,0.0,0.0,0.0,,0.0,0.0,0.0
2021-03-25,31.948,31.948,29.584,31.763,4000,127052.0,0.0,0.0,0.0,0.0,,0.0,0.0,0.0
2021-03-26,31.394,31.505,31.394,31.505,10700,337103.5,0.0,0.0,0.0,0.0,,0.0,0.0,0.0
2021-03-29,31.505,33.241,31.505,33.241,15400,511911.4,0.0,0.0,0.0,0.0,,0.0,0.0,0.0
2021-03-30,33.241,37.156,33.241,37.156,11801,438477.956,0.0,0.0,0.0,0.0,,0.0,0.0,0.0
2021-03-31,40.627,42.105,38.227,38.227,400,15290.8,0.0,0.0,0.0,0.0,,0.0,0.0,0.0
2021-04-01,38.227,38.227,37.303,37.673,1639,61746.047000000006,0.0,0.0,0.0,0.0,,0.0,0.0,0.0
2021-04-02,37.414,37.414,37.303,37.303,600,22381.8,0.0,0.0,0.0,0.0,,0.0,0.0,0.0
2021-04-05,36.934,38.781,36.934,38.411,1901,73019.311,0.0,0.0,0.0,0.0,,0.0,0.0,0.0
2021-04-06,37.673,39.15,37.673,37.673,1600,60276.8,0.0,0.0,0.0,0.0,,0.0,0.0,0.0
2021-04-07,38.042,38.411,38.005,38.042,3498,133070.916,0.0,0.0,0.0,0.0,,0.0,0.0,0.0
2021-04-08,38.781,39.15,37.303,37.303,700,26112.1,0.0,0.0,0.0,0.0,,0.0,0.0,0.0
2021-04-09,37.045,37.045,36.934,36.934,6102,225371.268,0.0,0.0,0.0,0.0,,0.0,0.0,0.0
2021-04-12,36.934,36.934,36.565,36.934,1000,36934.0,0.0,0.0,0.0,0.0,,0.0,0.0,0.0
2021-04-13,36.195,36.565,36.195,36.565,500,18282.5,0.0,0.0,0.0,0.0,,0.0,0.0,0.0
2021-04-14,36.195,36.195,35.641,35.641,700,24948.7,0.0,0.0,0.0,0.0,,0.0,0.0,0.0
2021-04-15,35.641,35.641,35.124,35.124,1000,35124.0,0.0,0.0,0.0,0.0,,0.0,0.0,0.0
2021-04-16,35.272,35.272,32.133,33.979,1800,61162.2,0.0,0.0,0.0,0.0,,0.0,0.0,0.0
2021-04-19,33.979,36.565,33.241,33.241,400,13296.4,0.0,0.0,0.0,0.0,,0.0,0.0,0.0
2021-04-20,33.241,33.241,33.241,33.241,100,3324.1,0.0,0.0,0.0,0.0,,0.0,0.0,0.0
2021-04-22,31.025,31.025,28.439,28.624,700,20036.8,0.0,0.0,0.0,0.0,,0.0,0.0,0.0
2021-04-23,34.349,34.349,31.394,31.394,1100,34533.4,0.0,0.0,0.0,0.0,,0.0,0.0,0.0
2021-04-26,32.502,32.502,32.502,32.502,100,3250.2000000000003,0.0,0.0,0.0,0.0,,0.0,0.0,0.0
2021-04-27,29.547,29.917,27.627,29.51,12935,381711.85,0.0,0.0,0.0,0.0,,0.0,0.0,0.0
2021-04-28,25.891,30.249,25.854,30.249,1101,33304.149,0.0,0.0,0.0,0.0,,0.0,0.0,0.0
2021-04-29,29.547,30.175,29.547,30.175,20364,614483.7000000001,0.0,0.0,0.0,0.0,,0.0,0.0,0.0
2021-05-04,29.917,29.917,28.808,29.178,10400,303451.2,0.0,0.0,0.0,0.0,,0.0,0.0,0.0
2021-05-05,29.547,30.101,28.439,30.101,13800,415393.8,0.0,0.0,0.0,0.0,,0.0,0.0,0.0
2021-05-06,31.025,33.241,29.178,29.584,6409,189603.856,0.0,0.0,0.0,0.0,,0.0,0.0,0.0
2021-05-07,29.547,29.621,29.178,29.621,7700,228081.7,0.0,0.0,0.0,0.0,,0.0,0.0,0.0
2021-05-10,33.979,33.979,32.133,32.133,4700,151025.1,0.0,0.0,0.0,0.0,,0.0,0.0,0.0
2021-05-11,28.439,31.948,28.439,31.948,4655,148717.94,0.0,0.0,0.0,0.0,,0.0,0.0,0.0
2021-05-12,31.579,31.579,29.547,29.547,500,14773.5,0.0,0.0,0.0,0.0,,0.0,0.0,0.0
2021-05-13,29.917,29.917,29.917,29.917,100,2991.7000000000003,0.0,0.0,0.0,0.0,,0.0,0.0,0.0
2021-05-14,29.547,29.547,28.772,28.772,607,17464.604,0.0,0.0,0.0,0.0,,0.0,0.0,0.0
2021-05-17,28.661,28.919,28.661,28.882,2500,72205.0,0.0,0.0,0.0,0.0,,0.0,0.0,0.0
2021-05-18,31.209,31.209,28.661,28.661,1700,48723.7,0.0,0.0,0.0,0.0,,0.0,0.0,0.0
2021-05-19,28.993,29.362,28.328,28.328,1900,53823.2,0.0,0.0,0.0,0.0,,0.0,0.0,0.0
2021-05-20,29.547,29.547,29.547,29.547,4000,118188.0,0.0,0.0,0.0,0.0,,0.0,0.0,0.0
2021-05-21,29.547,29.547,29.547,29.547,0,0.0,0.0,0.0,0.0,0.0,,0.0,0.0,0.0
2021-05-24,29.547,29.547,28.624,28.808,1700,48973.6,0.0,0.0,0.0,0.0,,0.0,0.0,0.0
2021-05-25,28.808,28.808,28.07,28.07,1400,39298.0,0.0,0.0,0.0,0.0,,0.0,0.0,0.0
2021-05-26,26.592,28.439,24.561,28.439,1500,42658.5,0.0,0.0,0.0,0.0,,0.0,0.0,0.0
2021-05-27,26.223,26.223,26.223,26.223,0,0.0,0.0,0.0,0.0,0.0,,0.0,0.0,0.0
2021-05-28,24.746,26.26,24.746,26.26,1200,31512.000000000004,0.0,0.0,0.0,0.0,,0.0,0.0,0.0
2021-05-31,27.146,28.808,27.146,28.808,500,14404.0,0.0,0.0,0.0,0.0,,0.0,0.0,0.0
2021-06-01,25.115,27.331,25.115,27.331,509,13911.479,0.0,0.0,0.0,0.0,,0.0,0.0,0.0
2021-06-02,25.854,25.854,25.484,25.854,2600,67220.4,200.0,0.0,10000.0,0.0,,0.0,0.01,0.0
2021-06-03,25.854,25.854,25.854,25.854,300,7756.2,0.0,0.0,0.0,0.0,,0.0,0.0,0.0
2021-06-04,27.331,27.331,27.294,27.331,5300,144854.3,0.0,0.0,0.0,0.0,,0.0,0.0,0.0
2021-06-07,27.331,27.7,24.376,24.376,900,21938.4,0.0,0.0,0.0,0.0,,0.0,0.0,0.0
2021-06-08,27.7,27.7,26.592,26.962,1000,26962.0,0.0,0.0,0.0,0.0,,0.0,0.0,0.0
2021-06-09,26.775,26.775,25.696,25.696,900,23126.4,0.0,0.0,0.0,0.0,,0.0,0.0,0.0
2021-06-10,27.89,27.89,24.171,24.283,3100,75277.3,0.0,0.0,0.0,0.0,,0.0,0.0,0.0
2021-06-11,24.729,25.287,24.729,25.287,2500,63217.5,0.0,0.0,0.0,0.0,,0.0,0.0,0.0
2021-06-14,26.217,26.217,25.994,26.217,809,21209.553,0.0,0.0,0.0,0.0,,0.0,0.0,0.0
2021-06-15,25.994,26.775,25.956,26.775,1700,45517.5,0.0,0.0,0.0,0.0,,0.0,0.0,0.0
2021-06-16,27.481,27.481,27.481,27.481,100,2748.1000000000004,0.0,0.0,0.0,0.0,,0.0,0.0,0.0
2021-06-17,25.213,25.213,25.175,25.175,400,10070.0,0.0,0.0,0.0,0.0,,0.0,0.0,0.0
2021-06-18,27.444,27.444,27.444,27.444,100,2744.4,0.0,0.0,0.0,0.0,,0.0,0.0,0.0
2021-06-21,27.444,27.444,27.444,27.444,0,0.0,0.0,0.0,0.0,0.0,,0.0,0.0,0.0
2021-06-22,26.737,26.775,26.737,26.775,200,5355.0,0.0,0.0,0.0,0.0,,0.0,0.0,0.0
2021-06-23,26.031,26.031,26.031,26.031,800,20824.8,0.0,0.0,0.0,0.0,,0.0,0.0,0.0
2021-06-24,26.031,26.031,26.031,26.031,2000,52062.0,0.0,0.0,0.0,0.0,,0.0,0.0,0.0
2021-06-25,26.031,26.031,26.031,26.031,1,26.031,0.0,0.0,0.0,0.0,,0.0,0.0,0.0
2021-06-28,26.031,26.031,23.539,25.994,5900,153364.6,0.0,0.0,0.0,0.0,,0.0,0.0,0.0
2021-06-29,23.725,23.725,23.725,23.725,600,14235.0,0.0,0.0,0.0,0.0,,0.0,0.0,0.0
2021-06-30,24.097,24.097,23.725,23.725,1000,23725.0,0.0,0.0,0.0,0.0,,0.0,0.0,0.0
2021-07-01,25.287,25.287,25.287,25.287,208,5259.696,0.0,0.0,0.0,0.0,,0.0,0.0,0.0
2021-07-02,22.61,25.287,22.61,25.25,1400,35350.0,0.0,0.0,0.0,0.0,,0.0,0.0,0.0
2021-07-05,25.287,25.287,25.25,25.25,500,12625.0,0.0,0.0,0.0,0.0,,0.0,0.0,0.0
2021-07-06,24.357,24.357,24.246,24.246,7100,172146.59999999998,0.0,0.0,0.0,0.0,,0.0,0.0,0.0
2021-07-07,24.357,24.357,24.171,24.171,1300,31422.3,0.0,0.0,0.0,0.0,,0.0,0.0,0.0
2021-07-08,24.209,24.209,24.209,24.209,0,0.0,0.0,0.0,0.0,0.0,,0.0,0.0,0.0
2021-07-09,24.209,24.209,24.209,24.209,0,0.0,0.0,0.0,0.0,0.0,,0.0,0.0,0.0
2021-07-12,23.651,23.651,23.056,23.056,1200,27667.2,0.0,0.0,0.0,0.0,,0.0,0.0,0.0
2021-07-13,22.498,24.134,22.498,23.242,2000,46484.0,0.0,0.0,0.0,0.0,,0.0,0.0,0.0
2021-07-14,20.862,24.097,20.862,23.056,900,20750.4,0.0,0.0,0.0,0.0,,0.0,0.0,0.0
2021-07-15,23.056,23.8,23.056,23.8,800,19040.0,0.0,0.0,0.0,0.0,,0.0,0.0,0.0
2021-07-16,23.093,23.093,23.093,23.093,100,2309.3,0.0,0.0,0.0,0.0,,0.0,0.0,0.0
2021-07-19,23.056,23.428,22.684,23.428,600,14056.8,0.0,0.0,0.0,0.0,,0.0,0.0,0.0
2021-07-20,23.13,23.428,23.13,23.428,3800,89026.40000000001,0.0,0.0,0.0,0.0,,0.0,0.0,0.0
2021-07-21,23.428,24.469,23.428,24.469,5500,134579.5,0.0,0.0,0.0,0.0,,0.0,0.0,0.0
2021-07-22,22.796,24.878,22.796,24.878,200,4975.6,0.0,0.0,0.0,0.0,,0.0,0.0,0.0
2021-07-23,23.8,24.171,23.614,23.614,1500,35421.0,0.0,0.0,0.0,0.0,,0.0,0.0,0.0
2021-07-26,23.837,23.837,23.837,23.837,0,0.0,0.0,0.0,0.0,0.0,,0.0,0.0,0.0
2021-07-27,23.8,23.8,22.312,22.535,2700,60844.5,0.0,0.0,0.0,0.0,,0.0,0.0,0.0
2021-07-28,22.647,22.647,22.312,22.312,1200,26774.4,0.0,0.0,0.0,0.0,,0.0,0.0,0.0
2021-07-29,22.721,23.8,22.721,23.8,2000,47600.0,0.0,0.0,0.0,0.0,,0.0,0.0,0.0
2021-07-30,23.725,24.543,23.725,24.171,4000,96684.0,0.0,0.0,0.0,0.0,,0.0,0.0,0.0
2021-08-02,24.543,27.146,24.543,27.146,1600,43433.6,0.0,100.0,0.0,10000.0,,0.0,0.0,0.01
2021-08-03,24.171,27.146,23.428,27.146,4500,122157.0,0.0,100.0,0.0,10000.0,,0.0,0.0,0.01
2021-08-04,24.915,26.775,24.915,26.775,2700,72292.5,0.0,0.0,0.0,0.0,,0.0,0.0,0.0
2021-08-05,26.031,27.332,26.031,27.146,6600,179163.6,0.0,0.0,0.0,0.0,,0.0,0.0,0.0
2021-08-06,26.775,26.775,26.775,26.775,900,24097.5,0.0,0.0,0.0,0.0,,0.0,0.0,0.0
2021-08-09,26.775,27.89,26.775,27.89,12900,359781.0,0.0,0.0,0.0,0.0,,0.0,0.0,0.0
2021-08-10,26.96,26.96,26.96,26.96,100,2696.0,0.0,0.0,0.0,0.0,,0.0,0.0,0.0
2021-08-11,27.518,27.816,26.775,27.816,400,11126.4,0.0,0.0,0.0,0.0,,0.0,0.0,0.0
2021-08-12,26.775,26.775,26.403,26.775,3800,101745.0,0.0,0.0,0.0,0.0,,0.0,0.0,0.0
2021-08-13,26.365,26.403,26.031,26.031,4500,117139.5,0.0,0.0,0.0,0.0,,0.0,0.0,0.0
2021-08-16,26.031,26.031,26.031,26.031,5300,137964.3,0.0,0.0,0.0,0.0,,0.0,0.0,0.0
2021-08-17,24.952,27.146,24.915,24.915,3600,89694.0,0.0,0.0,0.0,0.0,,0.0,0.0,0.0
2021-08-18,27.146,27.146,24.915,24.915,18008,448669.32,0.0,0.0,0.0,0.0,,0.0,0.0,0.0
2021-08-19,27.146,27.146,26.031,26.031,200,5206.2,0.0,0.0,0.0,0.0,,0.0,0.0,0.0
2021-08-20,25.994,25.994,24.543,24.543,3101,76107.843,0.0,0.0,0.0,0.0,,0.0,0.0,0.0
2021-08-23,25.659,25.659,24.357,24.543,2308,56645.244,0.0,0.0,0.0,0.0,,0.0,0.0,0.0
2021-08-24,25.287,26.403,24.32,24.32,3700,89984.0,0.0,0.0,0.0,0.0,,0.0,0.0,0.0
2021-08-25,25.994,26.365,24.06,24.915,7600,189354.0,0.0,0.0,0.0,0.0,,0.0,0.0,0.0
2021-08-26,24.841,24.841,24.357,24.543,15900,390233.7,0.0,0.0,0.0,0.0,,0.0,0.0,0.0
2021-08-27,24.58,25.287,24.543,25.287,4800,121377.6,0.0,0.0,0.0,0.0,,0.0,0.0,0.0
2021-08-30,24.729,27.816,24.729,27.518,17730,487894.14,0.0,0.0,0.0,0.0,,0.0,0.0,0.0
2021-08-31,30.828,30.828,27.518,28.262,27509,777459.358,0.0,0.0,0.0,0.0,,0.0,0.0,0.0
2021-09-01,26.44,28.262,26.44,28.262,9500,268489.0,0.0,0.0,0.0,0.0,,0.0,0.0,0.0
2021-09-06,27.816,27.853,26.217,27.481,11900,327023.9,0.0,0.0,0.0,0.0,,0.0,0.0,0.0
2021-09-07,26.775,26.998,26.737,26.775,2600,69615.0,0.0,0.0,0.0,0.0,,0.0,0.0,0.0
2021-09-08,26.96,27.518,26.589,26.775,9900,265072.5,0.0,0.0,0.0,0.0,,0.0,0.0,0.0
2021-09-09,26.105,26.96,26.105,26.217,12800,335577.6,0.0,0.0,0.0,0.0,,0.0,0.0,0.0
2021-09-10,26.105,26.217,26.031,26.217,5700,149436.9,0.0,0.0,0.0,0.0,,0.0,0.0,0.0
2021-09-13,26.217,26.217,26.068,26.068,2000,52136.0,0.0,0.0,0.0,0.0,,0.0,0.0,0.0
2021-09-14,25.659,27.481,25.287,26.217,2600,68164.2,0.0,0.0,0.0,0.0,,0.0,0.0,0.0
2021-09-15,26.217,26.403,26.105,26.403,3300,87129.9,0.0,0.0,0.0,0.0,,0.0,0.0,0.0
2021-09-16,27.146,27.89,26.626,27.89,14000,390460.0,0.0,0.0,0.0,0.0,,0.0,0.0,0.0
2021-09-17,27.221,28.188,27.221,28.188,3400,95839.2,0.0,0.0,0.0,0.0,,0.0,0.0,0.0
2021-09-20,28.262,28.448,28.076,28.448,5700,162153.6,0.0,0.0,0.0,0.0,,0.0,0.0,0.0
2021-09-21,28.634,28.634,28.076,28.597,29800,852190.6000000001,0.0,0.0,0.0,0.0,,0.0,0.0,0.0
2021-09-22,28.634,28.931,28.634,28.931,500,14465.5,0.0,0.0,0.0,0.0,,0.0,0.0,0.0
2021-09-23,28.745,29.378,28.745,29.378,2700,79320.6,0.0,0.0,0.0,0.0,,0.0,0.0,0.0
2021-09-24,29.08,29.564,29.043,29.192,3400,99252.8,0.0,0.0,0.0,0.0,,0.0,0.0,0.0
2021-09-27,29.192,29.192,28.597,28.597,3000,85791.0,0.0,0.0,0.0,0.0,,0.0,0.0,0.0
2021-09-28,28.448,28.448,28.448,28.448,1000,28448.0,0.0,0.0,0.0,0.0,,0.0,0.0,0.0
2021-09-29,28.262,28.634,27.518,28.634,9050,259137.7,0.0,0.0,0.0,0.0,,0.0,0.0,0.0
2021-09-30,28.262,28.262,28.262,28.262,500,14131.0,0.0,0.0,0.0,0.0,,0.0,0.0,0.0
2021-10-01,28.262,30.121,28.262,28.634,1100,31497.4,0.0,0.0,0.0,0.0,,0.0,0.0,0.0
2021-10-04,28.634,28.634,28.634,28.634,0,0.0,0.0,0.0,0.0,0.0,,0.0,0.0,0.0
2021-10-05,24.99,29.378,24.99,29.192,1509,44050.728,0.0,0.0,0.0,0.0,,0.0,0.0,0.0
2021-10-06,29.006,29.154,27.89,28.634,6600,188984.4,0.0,0.0,0.0,0.0,,0.0,0.0,0.0
2021-10-07,28.113,28.113,28.113,28.113,0,0.0,0.0,0.0,0.0,0.0,,0.0,0.0,0.0
2021-10-08,29.192,29.192,29.192,29.192,200,5838.4,0.0,0.0,0.0,0.0,,0.0,0.0,0.0
2021-10-11,29.192,29.378,29.192,29.378,1100,32315.8,0.0,0.0,0.0,0.0,,0.0,0.0,0.0
2021-10-12,29.266,29.266,29.192,29.192,500,14596.0,0.0,0.0,0.0,0.0,,0.0,0.0,0.0
2021-10-13,29.006,29.006,29.006,29.006,200,5801.2,0.0,0.0,0.0,0.0,,0.0,0.0,0.0
2021-10-14,29.749,31.051,29.749,29.935,6300,188590.5,0.0,0.0,0.0,0.0,,0.0,0.0,0.0
2021-10-15,31.981,31.981,31.981,31.981,100,3198.1000000000004,0.0,0.0,0.0,0.0,,0.0,0.0,0.0
2021-10-18,31.981,32.724,31.981,32.538,915,29772.27,0.0,0.0,0.0,0.0,,0.0,0.0,0.0
2021-10-19,28.336,34.212,28.336,30.121,2400,72290.4,0.0,0.0,0.0,0.0,,0.0,0.0,0.0
2021-10-20,31.609,33.096,31.609,33.096,800,26476.8,0.0,0.0,0.0,0.0,,0.0,0.0,0.0
2021-10-21,29.749,31.981,29.749,31.981,700,22386.7,0.0,0.0,0.0,0.0,,0.0,0.0,0.0
2021-10-22,31.237,31.237,31.237,31.237,700,21865.9,0.0,0.0,0.0,0.0,,0.0,0.0,0.0
2021-10-25,31.237,31.237,31.237,31.237,2200,68721.4,0.0,0.0,0.0,0.0,,0.0,0.0,0.0
2021-10-26,31.237,31.237,31.237,31.237,0,0.0,0.0,0.0,0.0,0.0,,0.0,0.0,0.0
2021-10-27,34.584,34.77,34.584,34.77,300,10431.000000000002,0.0,0.0,0.0,0.0,,0.0,0.0,0.0
2021-10-28,34.584,34.584,34.584,34.584,100,3458.4000000000005,0.0,0.0,0.0,0.0,,0.0,0.0,0.0
2021-10-29,33.576,33.762,31.71,33.576,3700,124231.2,0.0,0.0,0.0,0.0,,0.0,0.0,0.0
2021-11-01,33.091,33.091,33.091,33.091,0,0.0,0.0,0.0,0.0,0.0,,0.0,0.0,0.0
2021-11-02,33.091,33.091,33.091,33.091,0,0.0,0.0,0.0,0.0,0.0,,0.0,0.0,0.0
2021-11-03,32.456,32.456,31.71,31.71,1600,50736.0,0.0,0.0,0.0,0.0,,0.0,0.0,0.0
2021-11-04,33.576,33.576,33.576,33.576,101,3391.176,0.0,0.0,0.0,0.0,,0.0,0.0,0.0
2021-11-05,31.337,33.576,31.337,33.576,1000,33576.0,0.0,0.0,0.0,0.0,,0.0,0.0,0.0
2021-11-08,33.576,33.576,33.576,33.576,100,3357.6,0.0,0.0,0.0,0.0,,0.0,0.0,0.0
2021-11-09,33.576,33.576,33.576,33.576,0,0.0,0.0,0.0,0.0,0.0,,0.0,0.0,0.0
2021-11-10,33.576,33.576,33.576,33.576,100,3357.6,0.0,0.0,0.0,0.0,,0.0,0.0,0.0
2021-11-11,33.203,33.203,33.203,33.203,300,9960.9,0.0,0.0,0.0,0.0,,0.0,0.0,0.0
2021-11-12,30.778,30.778,30.778,30.778,700,21544.6,0.0,0.0,0.0,0.0,,0.0,0.0,0.0
2021-11-15,31.71,32.083,31.412,32.083,3200,102665.6,0.0,0.0,0.0,0.0,,0.0,0.0,0.0
2021-11-16,33.091,33.203,33.053,33.053,2300,76021.9,0.0,0.0,0.0,0.0,,0.0,0.0,0.0
2021-11-17,31.71,31.71,31.71,31.71,1100,34881.0,0.0,0.0,0.0,0.0,,0.0,0.0,0.0
2021-11-18,31.71,31.71,31.71,31.71,400,12684.0,0.0,0.0,0.0,0.0,,0.0,0.0,0.0
2021-11-19,31.71,31.71,30.591,30.591,700,21413.7,0.0,0.0,0.0,0.0,,0.0,0.0,0.0
2021-11-22,32.046,32.829,31.673,31.71,1400,44394.0,0.0,0.0,0.0,0.0,,0.0,0.0,0.0
2021-11-23,32.456,32.829,32.083,32.083,2000,64166.0,0.0,0.0,0.0,0.0,,0.0,0.0,0.0
2021-11-24,30.927,30.927,30.927,30.927,100,3092.7,0.0,0.0,0.0,0.0,,0.0,0.0,0.0
2021-11-25,26.301,31.001,26.301,30.516,2000,61032.0,0.0,0.0,0.0,0.0,,0.0,0.0,0.0
2021-11-26,30.293,30.293,30.293,30.293,15,454.395,0.0,0.0,0.0,0.0,,0.0,0.0,0.0
2021-11-29,30.293,30.293,30.293,30.293,0,0.0,0.0,0.0,0.0,0.0,,0.0,0.0,0.0
2021-11-30,31.71,31.71,31.337,31.337,300,9401.1,0.0,0.0,0.0,0.0,,0.0,0.0,0.0
2021-12-01,31.71,32.083,31.337,32.083,4400,141165.19999999998,0.0,0.0,0.0,0.0,,0.0,0.0,0.0
2021-12-02,31.71,31.71,31.71,31.71,100,3171.0,0.0,0.0,0.0,0.0,,0.0,0.0,0.0
2021-12-03,31.71,32.083,31.71,32.083,2100,67374.3,0.0,0.0,0.0,0.0,,0.0,0.0,0.0
2021-12-06,33.203,33.762,33.203,33.762,4800,162057.6,0.0,0.0,0.0,0.0,,0.0,0.0,0.0
2021-12-07,32.121,32.456,32.121,32.456,600,19473.6,0.0,0.0,0.0,0.0,,0.0,0.0,0.0
2021-12-08,32.195,32.829,32.195,32.456,6000,194736.00000000003,0.0,0.0,0.0,0.0,,0.0,0.0,0.0
2021-12-09,32.829,32.829,32.494,32.829,4014,131775.606,0.0,0.0,0.0,0.0,,0.0,0.0,0.0
2021-12-10,32.867,33.053,32.829,33.053,700,23137.1,0.0,0.0,0.0,0.0,,0.0,0.0,0.0
2021-12-13,32.904,32.904,32.456,32.829,3100,101769.9,0.0,0.0,0.0,0.0,,0.0,0.0,0.0
2021-12-14,32.643,35.068,31.71,34.695,2400,83268.0,0.0,0.0,0.0,0.0,,0.0,0.0,0.0
2021-12-15,32.867,34.508,32.792,34.508,4500,155286.0,0.0,0.0,0.0,0.0,,0.0,0.0,0.0
2021-12-16,34.322,35.031,32.829,32.829,8500,279046.5,0.0,0.0,0.0,0.0,,0.0,0.0,0.0
2021-12-17,35.844,38.711,35.844,38.711,1100,42582.1,0.0,0.0,0.0,0.0,,0.0,0.0,0.0
2021-12-20,38.233,38.233,36.417,36.8,4700,172960.0,0.0,0.0,0.0,0.0,,0.0,0.0,0.0
2021-12-21,36.8,37.278,36.8,36.8,900,33120.0,0.0,0.0,0.0,0.0,,0.0,0.0,0.0
2021-12-22,36.417,36.561,36.226,36.322,1600,58115.2,0.0,0.0,0.0,0.0,,0.0,0.0,0.0
2021-12-23,35.366,35.844,35.366,35.366,2400,84878.4,0.0,0.0,0.0,0.0,,0.0,0.0,0.0
2021-12-24,35.509,35.509,35.509,35.509,0,0.0,0.0,0.0,0.0,0.0,,0.0,0.0,0.0
2021-12-27,38.186,38.186,34.41,37.23,1967,73231.40999999999,0.0,0.0,0.0,0.0,,0.0,0.0,0.0
2021-12-28,35.7,36.178,35.222,35.222,1500,52833.0,0.0,0.0,0.0,0.0,,0.0,0.0,0.0
2021-12-29,35.7,35.7,35.7,35.7,13,464.1,0.0,0.0,0.0,0.0,,0.0,0.0,0.0
2021-12-30,35.7,35.748,35.366,35.366,1509,53367.294,0.0,0.0,0.0,0.0,,0.0,0.0,0.0
2021-12-31,38.186,38.186,37.278,37.278,1157,43130.646,0.0,0.0,0.0,0.0,,0.0,0.0,0.0
2022-01-04,36.083,36.8,35.987,36.8,1013,37278.4,0.0,0.0,0.0,0.0,,0.0,0.0,0.0
2022-01-05,36.752,36.752,36.752,36.752,200,7350.400000000001,0.0,0.0,0.0,0.0,,0.0,0.0,0.0
2022-01-06,38.186,38.186,35.366,35.366,200,7073.2,0.0,0.0,0.0,0.0,,0.0,0.0,0.0
2022-01-07,37.708,37.708,35.366,35.366,800,28292.8,0.0,0.0,0.0,0.0,,0.0,0.0,0.0
2022-01-10,35.127,35.127,35.127,35.127,100,3512.7000000000003,0.0,0.0,0.0,0.0,,0.0,0.0,0.0
2022-01-11,35.844,35.844,35.127,35.127,2100,73766.70000000001,0.0,0.0,0.0,0.0,,0.0,0.0,0.0
2022-01-12,35.366,35.366,35.366,35.366,1200,42439.2,0.0,0.0,0.0,0.0,,0.0,0.0,0.0
2022-01-13,35.366,35.366,35.366,35.366,500,17683.0,0.0,0.0,0.0,0.0,,0.0,0.0,0.0
2022-01-14,35.366,35.366,35.366,35.366,300,10609.8,0.0,0.0,0.0,0.0,,0.0,0.0,0.0
2022-01-17,35.127,35.127,35.127,35.127,100,3512.7000000000003,0.0,0.0,0.0,0.0,,0.0,0.0,0.0
2022-01-18,33.454,33.932,33.454,33.789,1000,33789.0,0.0,0.0,0.0,0.0,,0.0,0.0,0.0
2022-01-19,33.932,33.932,33.932,33.932,200,6786.400000000001,0.0,0.0,0.0,0.0,,0.0,0.0,0.0
2022-01-20,36.322,36.322,33.932,33.932,2900,98402.8,0.0,0.0,0.0,0.0,,0.0,0.0,0.0
2022-01-21,35.939,35.939,33.932,33.932,3800,128941.6,0.0,0.0,0.0,0.0,,0.0,0.0,0.0
2022-01-24,34.219,34.314,34.219,34.267,900,30840.300000000003,0.0,0.0,0.0,0.0,,0.0,0.0,0.0
2022-01-25,34.267,34.267,34.267,34.267,0,0.0,0.0,0.0,0.0,0.0,,0.0,0.0,0.0
2022-01-26,34.267,34.888,34.267,34.888,1800,62798.4,0.0,0.0,0.0,0.0,,0.0,0.0,0.0
2022-01-27,33.932,33.932,33.932,33.932,100,3393.2000000000003,0.0,0.0,0.0,0.0,,0.0,0.0,0.0
2022-01-28,35.127,35.127,35.127,35.127,300,10538.1,0.0,0.0,0.0,0.0,,0.0,0.0,0.0
2022-02-07,34.41,34.41,34.171,34.171,200,6834.2,0.0,0.0,0.0,0.0,,0.0,0.0,0.0
2022-02-08,34.314,34.314,33.932,33.932,400,13572.8,0.0,0.0,0.0,0.0,,0.0,0.0,0.0
2022-02-09,29.057,33.932,29.057,33.932,900,30538.800000000003,0.0,0.0,0.0,0.0,,0.0,0.0,0.0
2022-02-10,34.888,34.888,34.649,34.649,200,6929.8,0.0,0.0,0.0,0.0,,0.0,0.0,0.0
2022-02-11,34.41,34.41,34.41,34.41,113,3888.33,0.0,0.0,0.0,0.0,,0.0,0.0,0.0
2022-02-14,34.41,34.41,34.41,34.41,0,0.0,0.0,0.0,0.0,0.0,,0.0,0.0,0.0
2022-02-15,35.27,35.27,35.27,35.27,100,3527.0000000000005,0.0,0.0,0.0,0.0,,0.0,0.0,0.0
2022-02-16,35.366,38.233,33.932,33.932,3300,111975.6,0.0,0.0,0.0,0.0,,0.0,0.0,0.0
2022-02-17,30.682,32.737,30.682,32.737,1100,36010.700000000004,0.0,0.0,0.0,0.0,,0.0,0.0,0.0
2022-02-18,30.873,30.873,30.873,30.873,0,0.0,0.0,0.0,0.0,0.0,,0.0,0.0,0.0
2022-02-21,26.285,35.318,26.285,35.318,2400,84763.2,0.0,0.0,0.0,0.0,,0.0,0.0,0.0
2022-02-22,34.888,35.366,33.454,35.366,3700,130854.2,0.0,0.0,0.0,0.0,,0.0,0.0,0.0
2022-02-23,33.024,35.366,33.024,35.366,700,24756.2,0.0,0.0,0.0,0.0,,0.0,0.0,0.0
2022-02-24,34.936,35.605,32.546,34.41,1300,44732.99999999999,0.0,0.0,0.0,0.0,,0.0,0.0,0.0
2022-02-25,35.366,36.322,32.546,35.366,7000,247562.0,0.0,0.0,0.0,0.0,,0.0,0.0,0.0
2022-02-28,30.634,35.844,30.634,35.844,3200,114700.8,0.0,0.0,0.0,0.0,,0.0,0.0,0.0
2022-03-01,31.877,36.752,31.877,36.752,200,7350.400000000001,0.0,0.0,0.0,0.0,,0.0,0.0,0.0
2022-03-02,37.755,37.755,33.454,35.605,300,10681.499999999998,0.0,0.0,0.0,0.0,,0.0,0.0,0.0
2022-03-03,33.741,36.322,33.741,36.274,2900,105194.6,0.0,0.0,0.0,0.0,,0.0,0.0,0.0
2022-03-04,36.322,36.322,34.458,34.458,300,10337.4,0.0,0.0,0.0,0.0,,0.0,0.0,0.0
2022-03-07,35.079,35.079,35.079,35.079,7,245.553,0.0,0.0,0.0,0.0,,0.0,0.0,0.0
2022-03-08,32.833,36.322,32.833,35.079,400,14031.6,0.0,0.0,0.0,0.0,,0.0,0.0,0.0
2022-03-09,34.84,34.84,34.84,34.84,0,0.0,0.0,0.0,0.0,0.0,,0.0,0.0,0.0
2022-03-10,35.796,35.844,35.796,35.844,1500,53766.0,0.0,0.0,0.0,0.0,,0.0,0.0,0.0
2022-03-11,33.502,37.278,33.502,36.8,2200,80960.0,0.0,0.0,0.0,0.0,,0.0,0.0,0.0
2022-03-14,33.454,33.693,33.454,33.693,200,6738.599999999999,0.0,0.0,0.0,0.0,,0.0,0.0,0.0
2022-03-15,33.454,35.605,33.454,35.605,700,24923.5,0.0,0.0,0.0,0.0,,0.0,0.0,0.0
2022-03-16,33.693,33.932,33.502,33.932,1000,33932.0,0.0,0.0,0.0,0.0,,0.0,0.0,0.0
2022-03-17,34.41,34.41,33.932,34.41,2000,68820.0,0.0,0.0,0.0,0.0,,0.0,0.0,0.0
2022-03-18,34.314,34.314,34.314,34.314,200,6862.8,0.0,0.0,0.0,0.0,,0.0,0.0,0.0
2022-03-21,33.454,33.454,33.454,33.454,1200,40144.8,0.0,0.0,0.0,0.0,,0.0,0.0,0.0
2022-03-22,33.502,33.932,33.502,33.598,1005,33765.99,0.0,0.0,0.0,0.0,,0.0,0.0,0.0
2022-03-23,33.693,34.888,33.693,34.888,2500,87220.0,0.0,0.0,0.0,0.0,,0.0,0.0,0.0
2022-03-24,33.932,33.932,33.932,33.932,300,10179.6,0.0,0.0,0.0,0.0,,0.0,0.0,0.0
2022-03-25,33.932,33.932,33.932,33.932,0,0.0,0.0,0.0,0.0,0.0,,0.0,0.0,0.0
2022-03-28,33.932,34.171,33.454,33.693,1900,64016.7,0.0,0.0,0.0,0.0,,0.0,0.0,0.0
2022-03-29,33.454,34.888,33.454,34.888,5600,195372.8,0.0,0.0,0.0,0.0,,0.0,0.0,0.0
2022-03-30,32.976,34.458,32.976,33.932,900,30538.800000000003,0.0,0.0,0.0,0.0,,0.0,0.0,0.0
2022-03-31,33.789,33.789,33.789,33.789,0,0.0,0.0,0.0,0.0,0.0,,0.0,0.0,0.0
2022-04-01,35.318,35.557,35.318,35.557,8200,291567.4,0.0,0.0,0.0,0.0,,0.0,0.0,0.0
2022-04-04,34.888,36.322,34.888,35.366,1100,38902.6,0.0,0.0,0.0,0.0,,0.0,0.0,0.0
2022-04-05,36.8,36.8,35.366,35.366,1300,45975.8,0.0,0.0,0.0,0.0,,0.0,0.0,0.0
2022-04-06,35.796,38.233,35.796,35.939,600,21563.4,0.0,0.0,0.0,0.0,,0.0,0.0,0.0
2022-04-07,37.516,37.516,37.516,37.516,300,11254.8,0.0,0.0,0.0,0.0,,0.0,0.0,0.0
2022-04-08,38.233,39.189,38.186,38.233,1900,72642.7,0.0,0.0,0.0,0.0,,0.0,0.0,0.0
2022-04-12,38.425,38.711,38.233,38.711,1200,46453.2,0.0,0.0,0.0,0.0,,0.0,0.0,0.0
2022-04-13,39.189,39.189,38.233,38.233,2000,76466.0,0.0,0.0,0.0,0.0,,0.0,0.0,0.0
2022-04-14,38.233,38.233,37.755,37.755,3300,124591.5,0.0,0.0,0.0,0.0,,0.0,0.0,0.0
2022-04-15,38.09,38.09,38.09,38.09,0,0.0,0.0,0.0,0.0,0.0,,0.0,0.0,0.0
2022-04-18,34.936,38.138,34.936,38.138,300,11441.4,0.0,0.0,0.0,0.0,,0.0,0.0,0.0
2022-04-19,37.755,37.755,37.755,37.755,200,7551.000000000001,0.0,0.0,0.0,0.0,,0.0,0.0,0.0
2022-04-20,37.755,37.755,37.755,37.755,200,7551.000000000001,0.0,0.0,0.0,0.0,,0.0,0.0,0.0
2022-04-21,34.936,34.936,33.55,34.888,3000,104664.0,0.0,0.0,0.0,0.0,,0.0,0.0,0.0
2022-04-22,33.454,33.454,33.454,33.454,800,26763.2,0.0,0.0,0.0,0.0,,0.0,0.0,0.0
2022-04-25,33.454,33.454,33.454,33.454,500,16727.0,0.0,0.0,0.0,0.0,,0.0,0.0,0.0
2022-04-26,37.23,37.23,37.23,37.23,100,3723.0,0.0,0.0,0.0,0.0,,0.0,0.0,0.0
2022-04-27,35.748,35.748,34.888,34.888,300,10466.4,0.0,0.0,0.0,0.0,,0.0,0.0,0.0
2022-04-28,33.263,35.318,33.263,33.454,1100,36799.4,0.0,0.0,0.0,0.0,,0.0,0.0,0.0
2022-04-29,37.708,37.708,37.708,37.708,900,33937.2,0.0,0.0,0.0,0.0,,0.0,0.0,0.0
2022-05-04,32.976,33.12,32.976,33.072,4900,162052.80000000002,0.0,0.0,0.0,0.0,,0.0,0.0,0.0
2022-05-05,36.274,36.274,36.274,36.274,100,3627.4,0.0,0.0,0.0,0.0,,0.0,0.0,0.0
2022-05-06,36.274,36.274,36.274,36.274,1,36.274,0.0,0.0,0.0,0.0,,0.0,0.0,0.0
2022-05-09,36.274,36.274,36.274,36.274,0,0.0,0.0,0.0,0.0,0.0,,0.0,0.0,0.0
2022-05-10,36.274,36.274,36.274,36.274,0,0.0,0.0,0.0,0.0,0.0,,0.0,0.0,0.0
2022-05-11,36.274,36.274,36.274,36.274,0,0.0,0.0,0.0,0.0,0.0,,0.0,0.0,0.0
2022-05-12,33.454,33.884,32.02,33.884,3204,108564.336,0.0,0.0,0.0,0.0,,0.0,0.0,0.0
2022-05-13,35.414,35.414,31.543,35.031,1732,60673.692,0.0,0.0,0.0,0.0,,0.0,0.0,0.0
2022-05-16,33.454,33.454,33.454,33.454,400,13381.6,0.0,0.0,0.0,0.0,,0.0,0.0,0.0
2022-05-17,34.314,34.314,31.065,34.123,400,13649.2,0.0,0.0,0.0,0.0,,0.0,0.0,0.0
2022-05-18,33.884,33.884,30.634,32.451,1100,35696.1,0.0,0.0,0.0,0.0,,0.0,0.0,0.0
2022-05-19,32.451,32.451,32.02,32.02,600,19212.000000000004,0.0,0.0,0.0,0.0,,0.0,0.0,0.0
2022-05-20,32.307,32.307,32.307,32.307,0,0.0,0.0,0.0,0.0,0.0,,0.0,0.0,0.0
2022-05-23,32.881,32.881,32.881,32.881,300,9864.3,0.0,0.0,0.0,0.0,,0.0,0.0,0.0
2022-05-24,32.881,32.881,32.881,32.881,0,0.0,0.0,0.0,0.0,0.0,,0.0,0.0,0.0
2022-05-25,32.881,32.881,32.881,32.881,0,0.0,0.0,0.0,0.0,0.0,,0.0,0.0,0.0
2022-05-26,32.02,32.02,29.153,29.774,1108,32989.592000000004,0.0,0.0,0.0,0.0,,0.0,0.0,0.0
2022-05-27,30.348,30.348,30.348,30.348,0,0.0,0.0,0.0,0.0,0.0,,0.0,0.0,0.0
2022-05-30,30.348,30.348,30.348,30.348,0,0.0,0.0,0.0,0.0,0.0,,0.0,0.0,0.0
2022-05-31,30.348,30.348,30.348,30.348,0,0.0,0.0,0.0,0.0,0.0,,0.0,0.0,0.0
2022-06-01,31.543,31.829,31.543,31.543,400,12617.2,0.0,0.0,0.0,0.0,,0.0,0.0,0.0
2022-06-02,31.543,32.355,31.543,32.355,200,6470.999999999999,0.0,0.0,0.0,0.0,,0.0,0.0,0.0
2022-06-03,32.307,32.307,32.307,32.307,300,9692.1,0.0,0.0,0.0,0.0,,0.0,0.0,0.0
2022-06-06,32.307,32.307,32.307,32.307,106,3424.5420000000004,0.0,0.0,0.0,0.0,,0.0,0.0,0.0
2022-06-07,32.307,32.307,32.307,32.307,0,0.0,0.0,0.0,0.0,0.0,,0.0,0.0,0.0
2022-06-08,31.543,31.973,30.061,30.061,1330,39981.13,0.0,0.0,0.0,0.0,,0.0,0.0,0.0
2022-06-09,32.212,32.212,32.212,32.212,100,3221.2000000000003,0.0,0.0,0.0,0.0,,0.0,0.0,0.0
2022-06-10,32.164,32.307,30.157,32.259,811,26162.049,0.0,0.0,0.0,0.0,,0.0,0.0,0.0
2022-06-13,30.252,31.829,30.204,30.204,1800,54367.2,0.0,0.0,0.0,0.0,,0.0,0.0,0.0
2022-06-14,32.259,32.259,32.02,32.02,400,12808.000000000002,0.0,0.0,0.0,0.0,,0.0,0.0,0.0
2022-06-15,32.212,32.212,32.212,32.212,0,0.0,0.0,0.0,0.0,0.0,,0.0,0.0,0.0
2022-06-16,31.065,31.065,31.065,31.065,201,6244.0650000000005,0.0,0.0,0.0,0.0,,0.0,0.0,0.0
2022-06-17,31.065,31.877,31.065,31.877,700,22313.9,0.0,0.0,0.0,0.0,,0.0,0.0,0.0
2022-06-20,31.304,31.304,31.304,31.304,0,0.0,0.0,0.0,0.0,0.0,,0.0,0.0,0.0
2022-06-21,31.973,31.973,31.543,31.543,332,10472.276,0.0,0.0,0.0,0.0,,0.0,0.0,0.0
2022-06-22,31.686,31.686,31.686,31.686,0,0.0,0.0,0.0,0.0,0.0,,0.0,0.0,0.0
2022-06-23,32.307,32.307,31.543,31.543,300,9462.9,0.0,0.0,0.0,0.0,,0.0,0.0,0.0
2022-06-24,30.826,32.307,30.826,31.543,502,15834.586,0.0,0.0,0.0,0.0,,0.0,0.0,0.0
2022-06-27,32.307,32.307,32.307,32.307,100,3230.7000000000003,0.0,0.0,0.0,0.0,,0.0,0.0,0.0
2022-06-28,32.307,32.307,32.307,32.307,0,0.0,0.0,0.0,0.0,0.0,,0.0,0.0,0.0
2022-06-29,28.675,28.675,28.675,28.675,100,2867.5,0.0,0.0,0.0,0.0,,0.0,0.0,0.0
2022-06-30,32.307,32.307,32.307,32.307,100,3230.7000000000003,0.0,0.0,0.0,0.0,,0.0,0.0,0.0
2022-07-01,32.452,32.452,32.452,32.452,100,3245.2,0.0,0.0,0.0,0.0,,0.0,0.0,0.0
2022-07-04,32.452,32.452,32.452,32.452,0,0.0,0.0,0.0,0.0,0.0,,0.0,0.0,0.0
2022-07-05,31.296,31.296,31.296,31.296,100,3129.6,0.0,0.0,0.0,0.0,,0.0,0.0,0.0
2022-07-06,31.296,31.296,31.296,31.296,0,0.0,0.0,0.0,0.0,0.0,,0.0,0.0,0.0
2022-07-07,32.5,32.5,32.5,32.5,100,3250.0,0.0,0.0,0.0,0.0,,0.0,0.0,0.0
2022-07-08,32.5,32.5,32.5,32.5,0,0.0,0.0,0.0,0.0,0.0,,0.0,0.0,0.0
2022-07-11,31.296,31.296,31.296,31.296,100,3129.6,0.0,0.0,0.0,0.0,,0.0,0.0,0.0
2022-07-12,31.296,31.296,31.248,31.248,400,12499.2,0.0,0.0,0.0,0.0,,0.0,0.0,0.0
2022-07-13,32.548,32.548,31.296,31.296,300,9388.8,0.0,0.0,0.0,0.0,,0.0,0.0,0.0
2022-07-14,32.548,32.548,32.548,32.548,100,3254.8,0.0,0.0,0.0,0.0,,0.0,0.0,0.0
2022-07-15,28.889,31.2,27.974,31.2,800,24960.0,0.0,0.0,0.0,0.0,,0.0,0.0,0.0
2022-07-18,32.548,32.548,32.548,32.548,100,3254.8,0.0,0.0,0.0,0.0,,0.0,0.0,0.0
2022-07-19,32.548,32.548,32.548,32.548,0,0.0,0.0,0.0,0.0,0.0,,0.0,0.0,0.0
2022-07-20,32.548,32.548,32.548,32.548,0,0.0,0.0,0.0,0.0,0.0,,0.0,0.0,0.0
2022-07-21,27.926,31.248,27.685,27.685,43432,1202414.92,0.0,0.0,0.0,0.0,,0.0,0.0,0.0
2022-07-22,28.889,28.889,27.444,27.444,8154,223778.376,0.0,0.0,0.0,0.0,,0.0,0.0,0.0
2022-07-25,27.444,27.444,26.481,26.481,1500,39721.5,0.0,0.0,0.0,0.0,,0.0,0.0,0.0
2022-07-26,26.481,26.481,26.481,26.481,1400,37073.4,0.0,0.0,0.0,0.0,,0.0,0.0,0.0
2022-07-27,26.963,26.963,26.963,26.963,3000,80889.0,0.0,0.0,0.0,0.0,,0.0,0.0,0.0
2022-07-28,26.963,26.963,25.567,25.567,10002,255721.134,0.0,0.0,0.0,0.0,,0.0,0.0,0.0
2022-07-29,25.615,25.615,25.518,25.567,600,15340.2,0.0,0.0,0.0,0.0,,0.0,0.0,0.0
2022-08-01,27.444,27.444,27.444,27.444,500,13722.0,0.0,0.0,0.0,0.0,,0.0,0.0,0.0
2022-08-02,27.444,27.444,27.444,27.444,0,0.0,0.0,0.0,0.0,0.0,,0.0,0.0,0.0
2022-08-03,27.444,27.444,27.444,27.444,2,54.888,0.0,0.0,0.0,0.0,,0.0,0.0,0.0
2022-08-04,27.444,27.444,27.444,27.444,0,0.0,0.0,0.0,0.0,0.0,,0.0,0.0,0.0
2022-08-05,27.444,27.444,27.444,27.444,99,2716.956,0.0,0.0,0.0,0.0,,0.0,0.0,0.0
2022-08-08,27.444,27.444,27.444,27.444,0,0.0,0.0,0.0,0.0,0.0,,0.0,0.0,0.0
2022-08-09,27.444,27.444,23.641,23.641,200,4728.2,0.0,0.0,0.0,0.0,,0.0,0.0,0.0
2022-08-10,23.641,23.641,23.641,23.641,700,16548.699999999997,0.0,0.0,0.0,0.0,,0.0,0.0,0.0
2022-08-11,25.037,25.037,24.074,24.074,700,16851.800000000003,0.0,0.0,0.0,0.0,,0.0,0.0,0.0
2022-08-12,21.715,26.0,21.715,26.0,600,15600.0,0.0,0.0,0.0,0.0,,0.0,0.0,0.0
2022-08-15,23.4,25.278,23.4,25.278,200,5055.599999999999,0.0,0.0,0.0,0.0,,0.0,0.0,0.0
2022-08-16,24.074,24.074,24.074,24.074,1000,24074.0,0.0,0.0,0.0,0.0,,0.0,0.0,0.0
2022-08-17,24.074,24.074,24.074,24.074,200,4814.8,0.0,0.0,0.0,0.0,,0.0,0.0,0.0
2022-08-18,24.074,24.074,24.074,24.074,200,4814.8,0.0,0.0,0.0,0.0,,0.0,0.0,0.0
2022-08-19,22.196,22.196,22.196,22.196,400,8878.400000000001,0.0,0.0,0.0,0.0,,0.0,0.0,0.0
2022-08-22,22.196,22.196,22.196,22.196,0,0.0,0.0,0.0,0.0,0.0,,0.0,0.0,0.0
2022-08-23,22.244,22.244,22.196,22.196,1000,22196.0,0.0,0.0,0.0,0.0,,0.0,0.0,0.0
2022-08-24,22.437,22.437,22.148,22.148,5400,119599.2,0.0,0.0,0.0,0.0,,0.0,0.0,0.0
2022-08-25,24.074,24.074,22.196,22.196,200,4439.200000000001,0.0,0.0,0.0,0.0,,0.0,0.0,0.0
2022-08-26,20.27,23.593,20.27,23.593,200,4718.6,0.0,0.0,0.0,0.0,,0.0,0.0,0.0
2022-08-29,23.593,23.593,23.111,23.111,200,4622.2,0.0,0.0,0.0,0.0,,0.0,0.0,0.0
2022-08-30,23.352,23.352,23.352,23.352,0,0.0,0.0,0.0,0.0,0.0,,0.0,0.0,0.0
2022-08-31,23.352,23.352,23.352,23.352,100,2335.2,0.0,0.0,0.0,0.0,,0.0,0.0,0.0
2022-09-05,20.27,23.593,20.27,23.593,500,11796.5,0.0,0.0,0.0,0.0,,0.0,0.0,0.0
2022-09-06,21.618,21.618,21.618,21.618,0,0.0,0.0,0.0,0.0,0.0,,0.0,0.0,0.0
2022-09-07,21.667,21.667,21.667,21.667,347,7518.449,0.0,0.0,0.0,0.0,,0.0,0.0,0.0
2022-09-08,23.593,23.593,23.593,23.593,500,11796.5,0.0,0.0,0.0,0.0,,0.0,0.0,0.0
2022-09-09,23.496,23.593,23.496,23.593,300,7077.9,0.0,0.0,0.0,0.0,,0.0,0.0,0.0
2022-09-12,23.593,23.593,23.111,23.111,2702,62445.922,0.0,0.0,0.0,0.0,,0.0,0.0,0.0
2022-09-13,23.352,23.593,23.111,23.304,8532,198829.728,0.0,0.0,0.0,0.0,,0.0,0.0,0.0
2022-09-14,23.304,23.593,22.726,22.726,8100,184080.6,0.0,0.0,0.0,0.0,,0.0,0.0,0.0
2022-09-15,20.367,20.367,20.367,20.367,400,8146.8,0.0,0.0,0.0,0.0,,0.0,0.0,0.0
2022-09-16,22.148,22.148,22.148,22.148,199,4407.452,0.0,0.0,0.0,0.0,,0.0,0.0,0.0
2022-09-19,23.496,23.593,23.496,23.593,1100,25952.3,0.0,0.0,0.0,0.0,,0.0,0.0,0.0
2022-09-20,23.593,23.593,23.593,23.593,500,11796.5,0.0,0.0,0.0,0.0,,0.0,0.0,0.0
2022-09-21,22.63,22.63,22.63,22.63,100,2263.0,0.0,0.0,0.0,0.0,,0.0,0.0,0.0
2022-09-22,22.63,22.63,22.63,22.63,0,0.0,0.0,0.0,0.0,0.0,,0.0,0.0,0.0
2022-09-23,22.63,22.63,22.63,22.63,0,0.0,0.0,0.0,0.0,0.0,,0.0,0.0,0.0
2022-09-26,22.148,24.555,21.667,24.555,2100,51565.5,0.0,0.0,0.0,0.0,,0.0,0.0,0.0
2022-09-27,23.593,23.593,21.667,23.304,1100,25634.4,0.0,0.0,0.0,0.0,,0.0,0.0,0.0
2022-09-28,22.774,22.774,22.774,22.774,0,0.0,0.0,0.0,0.0,0.0,,0.0,0.0,0.0
2022-09-29,22.774,22.774,22.774,22.774,0,0.0,0.0,0.0,0.0,0.0,,0.0,0.0,0.0
2022-09-30,23.593,23.593,23.593,23.593,100,2359.3,0.0,0.0,0.0,0.0,,0.0,0.0,0.0
2022-10-03,23.593,23.593,23.593,23.593,0,0.0,0.0,0.0,0.0,0.0,,0.0,0.0,0.0
2022-10-04,23.593,23.593,23.593,23.593,1,23.593,0.0,0.0,0.0,0.0,,0.0,0.0,0.0
2022-10-05,24.026,24.026,24.026,24.026,300,7207.8,0.0,0.0,0.0,0.0,,0.0,0.0,0.0
2022-10-06,24.026,24.026,24.026,24.026,0,0.0,0.0,0.0,0.0,0.0,,0.0,0.0,0.0
2022-10-07,23.689,23.689,23.689,23.689,300,7106.7,0.0,0.0,0.0,0.0,,0.0,0.0,0.0
2022-10-10,23.593,23.593,21.667,21.667,2729,59129.243,0.0,0.0,0.0,0.0,,0.0,0.0,0.0
2022-10-11,22.773,22.773,21.319,21.319,600,12791.4,0.0,0.0,0.0,0.0,,0.0,0.0,0.0
2022-10-12,22.967,22.967,22.967,22.967,100,2296.7,0.0,0.0,0.0,0.0,,0.0,0.0,0.0
2022-10-13,22.288,22.725,21.319,22.725,3500,79537.5,0.0,0.0,0.0,0.0,,0.0,0.0,0.0
2022-10-14,22.628,24.227,22.628,23.984,7600,182278.4,0.0,0.0,0.0,0.0,,0.0,0.0,0.0
2022-10-17,22.773,22.773,22.773,22.773,400,9109.2,0.0,0.0,0.0,0.0,,0.0,0.0,0.0
2022-10-18,23.936,23.936,23.258,23.258,1700,39538.6,0.0,0.0,0.0,0.0,,0.0,0.0,0.0
2022-10-19,22.773,22.773,20.35,20.835,3900,81256.5,0.0,0.0,0.0,0.0,,0.0,0.0,0.0
2022-10-20,19.866,19.866,18.412,19.866,3233,64226.778,0.0,0.0,0.0,0.0,,0.0,0.0,0.0
2022-10-21,22.095,22.143,20.835,22.143,1119,24778.017,0.0,0.0,0.0,0.0,,0.0,0.0,0.0
2022-10-24,20.835,23.887,20.835,23.742,2700,64103.4,0.0,0.0,0.0,0.0,,0.0,0.0,0.0
2022-10-25,21.562,23.936,21.319,23.936,800,19148.8,0.0,0.0,0.0,0.0,,0.0,0.0,0.0
2022-10-26,24.178,24.178,24.178,24.178,100,2417.8,0.0,0.0,0.0,0.0,,0.0,0.0,0.0
2022-10-27,23.742,24.227,23.742,24.227,4100,99330.7,0.0,0.0,0.0,0.0,,0.0,0.0,0.0
2022-10-28,27.473,27.473,27.473,27.473,100,2747.3,0.0,0.0,0.0,0.0,,0.0,0.0,0.0
2022-10-31,23.451,27.473,23.451,27.473,4852,133298.99599999998,0.0,0.0,0.0,0.0,,0.0,0.0,0.0
2022-11-01,27.134,27.182,27.134,27.182,3300,89700.59999999999,0.0,0.0,0.0,0.0,,0.0,0.0,0.0
2022-11-02,27.134,27.134,27.134,27.134,0,0.0,0.0,0.0,0.0,0.0,,0.0,0.0,0.0
2022-11-03,27.134,27.425,23.403,27.425,5200,142610.0,0.0,0.0,0.0,0.0,,0.0,0.0,0.0
2022-11-04,27.425,27.618,23.258,27.618,14552,401897.136,0.0,0.0,0.0,0.0,,0.0,0.0,0.0
2022-11-07,27.134,27.134,27.134,27.134,6600,179084.4,0.0,0.0,0.0,0.0,,0.0,0.0,0.0
2022-11-08,27.134,28.103,27.134,28.103,5480,154004.44,0.0,0.0,0.0,0.0,,0.0,0.0,0.0
2022-11-09,29.12,29.12,29.12,29.12,103,2999.36,0.0,0.0,0.0,0.0,,0.0,0.0,0.0
2022-11-10,30.283,33.384,30.283,30.283,2316,70135.428,0.0,0.0,0.0,0.0,,0.0,0.0,0.0
2022-11-11,29.072,31.495,29.072,31.495,5201,163805.495,0.0,0.0,0.0,0.0,,0.0,0.0,0.0
2022-11-14,27.182,27.182,27.182,27.182,130,3533.66,0.0,0.0,0.0,0.0,,0.0,0.0,0.0
2022-11-15,30.477,30.477,30.477,30.477,120,3657.24,0.0,0.0,0.0,0.0,,0.0,0.0,0.0
2022-11-16,30.041,32.9,30.041,32.9,900,29610.0,0.0,0.0,0.0,0.0,,0.0,0.0,0.0
2022-11-17,29.072,31.979,29.072,31.979,2830,90500.57,0.0,0.0,0.0,0.0,,0.0,0.0,0.0
2022-11-18,31.495,33.336,31.495,33.336,2400,80006.4,0.0,0.0,0.0,0.0,,0.0,0.0,0.0
2022-11-21,28.442,28.442,28.442,28.442,100,2844.2,0.0,0.0,0.0,0.0,,0.0,0.0,0.0
2022-11-22,32.464,32.706,32.221,32.706,3105,101552.13,0.0,0.0,0.0,0.0,,0.0,0.0,0.0
2022-11-23,34.402,34.886,34.402,34.886,1300,45351.8,0.0,0.0,0.0,0.0,,0.0,0.0,0.0
2022-11-24,34.644,34.886,34.644,34.644,4000,138576.0,0.0,0.0,0.0,0.0,,0.0,0.0,0.0
2022-11-25,37.794,37.794,37.794,37.794,100,3779.4,0.0,0.0,0.0,0.0,,0.0,0.0,0.0
2022-11-28,32.27,32.27,32.27,32.27,100,3227.0000000000005,0.0,0.0,0.0,0.0,,0.0,0.0,0.0
2022-11-29,32.27,32.27,32.27,32.27,10,322.70000000000005,0.0,0.0,0.0,0.0,,0.0,0.0,0.0
2022-11-30,33.917,33.917,33.917,33.917,1621,54979.457,0.0,0.0,0.0,0.0,,0.0,0.0,0.0
2022-12-01,33.917,33.917,33.917,33.917,0,0.0,0.0,0.0,0.0,0.0,,0.0,0.0,0.0
2022-12-02,33.917,33.917,33.917,33.917,0,0.0,0.0,0.0,0.0,0.0,,0.0,0.0,0.0
2022-12-05,34.886,34.886,34.886,34.886,1000,34886.0,0.0,0.0,0.0,0.0,,0.0,0.0,0.0
2022-12-06,30.526,34.886,30.526,34.886,6000,209316.00000000003,0.0,0.0,0.0,0.0,,0.0,0.0,0.0
2022-12-07,29.072,34.886,29.072,34.886,3000,104658.0,0.0,0.0,0.0,0.0,,0.0,0.0,0.0
2022-12-08,30.526,35.419,30.526,35.419,8104,287035.576,0.0,0.0,0.0,0.0,,0.0,0.0,0.0
2022-12-09,34.45,34.45,34.45,34.45,0,0.0,0.0,0.0,0.0,0.0,,0.0,0.0,0.0
2022-12-12,32.512,34.886,32.512,34.886,1689,58922.454000000005,0.0,0.0,0.0,0.0,,0.0,0.0,0.0
2022-12-13,32.657,32.657,32.657,32.657,0,0.0,0.0,0.0,0.0,0.0,,0.0,0.0,0.0
2022-12-14,32.657,32.657,32.657,32.657,1,32.657,0.0,0.0,0.0,0.0,,0.0,0.0,0.0
2022-12-15,32.754,37.309,32.754,37.309,3900,145505.09999999998,0.0,0.0,0.0,0.0,,0.0,0.0,0.0
2022-12-16,34.063,39.15,34.063,39.15,26200,1025730.0,0.0,0.0,0.0,0.0,,0.0,0.0,0.0
2022-12-19,38.763,38.763,38.763,38.763,1812,70238.556,0.0,0.0,0.0,0.0,,0.0,0.0,0.0
2022-12-20,38.763,38.763,38.763,38.763,2500,96907.5,0.0,0.0,0.0,0.0,,0.0,0.0,0.0
2022-12-21,38.763,38.763,38.763,38.763,300,11628.9,0.0,0.0,0.0,0.0,,0.0,0.0,0.0
2022-12-22,38.763,38.763,38.763,38.763,0,0.0,0.0,0.0,0.0,0.0,,0.0,0.0,0.0
2022-12-23,39.005,39.005,39.005,39.005,500,19502.5,0.0,0.0,0.0,0.0,,0.0,0.0,0.0
2022-12-26,39.005,39.005,39.005,39.005,0,0.0,0.0,0.0,0.0,0.0,,0.0,0.0,0.0
2022-12-27,38.86,38.86,38.86,38.86,100,3886.0,0.0,0.0,0.0,0.0,,0.0,0.0,0.0
2022-12-28,42.93,42.93,42.93,42.93,100,4293.0,0.0,0.0,0.0,0.0,,0.0,0.0,0.0
2022-12-29,42.93,42.93,42.93,42.93,1,42.93,0.0,0.0,0.0,0.0,,0.0,0.0,0.0
2022-12-30,42.93,43.608,42.93,43.608,300,13082.4,0.0,0.0,0.0,0.0,,0.0,0.0,0.0
2023-01-03,37.794,37.794,37.794,37.794,100,3779.4,0.0,0.0,0.0,0.0,,0.0,0.0,0.0
2023-01-04,39.247,39.247,39.247,39.247,5400,211933.8,0.0,0.0,0.0,0.0,,0.0,0.0,0.0
2023-01-05,39.247,39.247,39.247,39.247,0,0.0,0.0,0.0,0.0,0.0,,0.0,0.0,0.0
2023-01-06,39.732,39.732,39.732,39.732,800,31785.6,0.0,0.0,0.0,0.0,,0.0,0.0,0.0
2023-01-09,42.639,42.639,41.185,41.185,819,33730.515,0.0,0.0,0.0,0.0,,0.0,0.0,0.0
2023-01-10,41.718,41.718,41.718,41.718,0,0.0,0.0,0.0,0.0,0.0,,0.0,0.0,0.0
2023-01-11,41.718,41.718,41.718,41.718,0,0.0,0.0,0.0,0.0,0.0,,0.0,0.0,0.0
2023-01-12,38.763,38.763,38.763,38.763,100,3876.3,0.0,0.0,0.0,0.0,,0.0,0.0,0.0
2023-01-13,38.763,38.763,38.763,38.763,0,0.0,0.0,0.0,0.0,0.0,,0.0,0.0,0.0
2023-01-16,38.763,38.763,38.763,38.763,0,0.0,0.0,0.0,0.0,0.0,,0.0,0.0,0.0
2023-01-17,38.763,38.763,38.763,38.763,0,0.0,0.0,0.0,0.0,0.0,,0.0,0.0,0.0
2023-01-18,38.763,38.763,38.763,38.763,0,0.0,0.0,0.0,0.0,0.0,,0.0,0.0,0.0
2023-01-19,43.608,44.577,43.608,44.577,3605,160700.085,0.0,0.0,0.0,0.0,,0.0,0.0,0.0
2023-01-27,44.383,44.383,44.383,44.383,0,0.0,0.0,0.0,0.0,0.0,,0.0,0.0,0.0
2023-01-30,44.383,44.383,44.383,44.383,0,0.0,0.0,0.0,0.0,0.0,,0.0,0.0,0.0
2023-01-31,44.383,44.383,44.383,44.383,0,0.0,0.0,0.0,0.0,0.0,,0.0,0.0,0.0
2023-02-01,41.67,41.912,41.67,41.912,400,16764.8,0.0,0.0,0.0,0.0,,0.0,0.0,0.0
2023-02-02,41.815,41.815,41.815,41.815,0,0.0,0.0,0.0,0.0,0.0,,0.0,0.0,0.0
2023-02-03,41.815,41.815,41.815,41.815,0,0.0,0.0,0.0,0.0,0.0,,0.0,0.0,0.0
2023-02-06,41.815,41.815,41.815,41.815,2401,100397.815,0.0,0.0,0.0,0.0,,0.0,0.0,0.0
2023-02-07,41.815,41.815,41.815,41.815,200,8363.0,0.0,0.0,0.0,0.0,,0.0,0.0,0.0
2023-02-08,41.815,41.815,41.815,41.815,0,0.0,0.0,0.0,0.0,0.0,,0.0,0.0,0.0
2023-02-09,41.815,41.815,41.815,41.815,0,0.0,0.0,0.0,0.0,0.0,,0.0,0.0,0.0
2023-02-10,41.815,42.59,41.815,42.154,1200,50584.8,0.0,0.0,0.0,0.0,,0.0,0.0,0.0
2023-02-13,42.154,42.154,42.154,42.154,200,8430.800000000001,0.0,0.0,0.0,0.0,,0.0,0.0,0.0
2023-02-14,42.154,42.154,42.154,42.154,0,0.0,0.0,0.0,0.0,0.0,,0.0,0.0,0.0
2023-02-15,42.154,42.154,42.154,42.154,100,4215.400000000001,0.0,0.0,0.0,0.0,,0.0,0.0,0.0
2023-02-16,42.106,42.154,42.106,42.154,500,21077.0,0.0,0.0,0.0,0.0,,0.0,0.0,0.0
2023-02-17,48.405,48.405,48.405,48.405,200,9681.0,0.0,0.0,0.0,0.0,,0.0,0.0,0.0
2023-02-20,48.405,48.405,48.405,48.405,0,0.0,0.0,0.0,0.0,0.0,,0.0,0.0,0.0
2023-02-21,42.154,42.154,42.154,42.154,400,16861.600000000002,0.0,0.0,0.0,0.0,,0.0,0.0,0.0
2023-02-22,42.154,42.154,42.154,42.154,0,0.0,0.0,0.0,0.0,0.0,,0.0,0.0,0.0
2023-02-23,42.154,42.154,42.154,42.154,0,0.0,0.0,0.0,0.0,0.0,,0.0,0.0,0.0
2023-02-24,42.154,42.154,42.154,42.154,0,0.0,0.0,0.0,0.0,0.0,,0.0,0.0,0.0
2023-02-27,42.154,42.154,42.154,42.154,33,1391.082,0.0,0.0,0.0,0.0,,0.0,0.0,0.0
2023-02-28,41.185,42.154,41.185,42.154,10900,459478.6,0.0,0.0,0.0,0.0,,0.0,0.0,0.0
2023-03-01,41.234,41.234,41.234,41.234,0,0.0,0.0,0.0,0.0,0.0,,0.0,0.0,0.0
2023-03-02,41.234,41.234,41.234,41.234,44,1814.296,0.0,0.0,0.0,0.0,,0.0,0.0,0.0
2023-03-03,41.67,41.67,41.67,41.67,222,9250.74,0.0,0.0,0.0,0.0,,0.0,0.0,0.0
2023-03-06,41.67,41.67,41.67,41.67,100,4167.0,0.0,0.0,0.0,0.0,,0.0,0.0,0.0
2023-03-07,41.67,41.67,41.67,41.67,0,0.0,0.0,0.0,0.0,0.0,,0.0,0.0,0.0
2023-03-08,41.67,41.67,41.67,41.67,0,0.0,0.0,0.0,0.0,0.0,,0.0,0.0,0.0
2023-03-09,41.67,41.67,41.67,41.67,0,0.0,0.0,0.0,0.0,0.0,,0.0,0.0,0.0
2023-03-10,41.67,41.67,41.67,41.67,0,0.0,0.0,0.0,0.0,0.0,,0.0,0.0,0.0
2023-03-13,41.67,41.67,41.67,41.67,0,0.0,0.0,0.0,0.0,0.0,,0.0,0.0,0.0
2023-03-14,41.67,41.67,41.67,41.67,0,0.0,0.0,0.0,0.0,0.0,,0.0,0.0,0.0
2023-03-15,41.67,41.67,41.67,41.67,0,0.0,0.0,0.0,0.0,0.0,,0.0,0.0,0.0
2023-03-16,41.67,41.67,41.67,41.67,0,0.0,0.0,0.0,0.0,0.0,,0.0,0.0,0.0
2023-03-17,41.67,41.67,41.67,41.67,0,0.0,0.0,0.0,0.0,0.0,,0.0,0.0,0.0
2023-03-20,41.67,41.67,41.67,41.67,1,41.67,0.0,0.0,0.0,0.0,,0.0,0.0,0.0
2023-03-21,41.67,41.67,41.67,41.67,0,0.0,0.0,0.0,0.0,0.0,,0.0,0.0,0.0
2023-03-22,41.67,41.67,41.67,41.67,0,0.0,0.0,0.0,0.0,0.0,,0.0,0.0,0.0
2023-03-23,41.67,41.67,41.67,41.67,0,0.0,0.0,0.0,0.0,0.0,,0.0,0.0,0.0
2023-03-24,41.67,41.67,41.67,41.67,0,0.0,0.0,0.0,0.0,0.0,,0.0,0.0,0.0
2023-03-27,41.67,41.67,41.67,41.67,0,0.0,0.0,0.0,0.0,0.0,,0.0,0.0,0.0
2023-03-28,41.67,41.67,41.67,41.67,0,0.0,0.0,0.0,0.0,0.0,,0.0,0.0,0.0
2023-03-29,37.309,37.309,37.309,37.309,100,3730.9,0.0,0.0,0.0,0.0,,0.0,0.0,0.0
2023-03-30,37.309,37.309,37.309,37.309,0,0.0,0.0,0.0,0.0,0.0,,0.0,0.0,0.0
2023-03-31,35.129,35.129,35.129,35.129,130,4566.77,0.0,0.0,0.0,0.0,,0.0,0.0,0.0
2023-04-03,34.886,40.168,34.644,39.635,8801,348827.635,0.0,0.0,0.0,0.0,,0.0,0.0,0.0
2023-04-04,38.763,40.168,38.763,39.635,4003,158658.905,0.0,0.0,0.0,0.0,,0.0,0.0,0.0
2023-04-05,41.137,41.137,39.635,39.635,3701,146689.13499999998,0.0,0.0,0.0,0.0,,0.0,0.0,0.0
2023-04-06,39.732,39.732,39.732,39.732,0,0.0,0.0,0.0,0.0,0.0,,0.0,0.0,0.0
2023-04-07,39.732,39.732,39.732,39.732,0,0.0,0.0,0.0,0.0,0.0,,0.0,0.0,0.0
2023-04-10,41.428,41.428,39.635,39.635,15900,630196.5,0.0,0.0,0.0,0.0,,0.0,0.0,0.0
2023-04-11,40.652,40.652,40.652,40.652,103,4187.156,0.0,0.0,0.0,0.0,,0.0,0.0,0.0
2023-04-12,40.652,40.652,40.652,40.652,0,0.0,0.0,0.0,0.0,0.0,,0.0,0.0,0.0
2023-04-13,40.652,40.652,40.652,40.652,0,0.0,0.0,0.0,0.0,0.0,,0.0,0.0,0.0
2023-04-14,39.247,39.247,39.247,39.247,200,7849.4,0.0,0.0,0.0,0.0,,0.0,0.0,0.0
2023-04-17,39.247,39.247,39.247,39.247,200,7849.4,0.0,0.0,0.0,0.0,,0.0,0.0,0.0
2023-04-18,42.59,42.59,41.185,41.185,400,16474.0,0.0,0.0,0.0,0.0,,0.0,0.0,0.0
2023-04-19,41.524,41.524,41.524,41.524,43,1785.5320000000002,0.0,0.0,0.0,0.0,,0.0,0.0,0.0
2023-04-20,41.524,41.524,41.524,41.524,0,0.0,0.0,0.0,0.0,0.0,,0.0,0.0,0.0
2023-04-21,41.524,41.524,41.524,41.524,24,996.576,0.0,0.0,0.0,0.0,,0.0,0.0,0.0
2023-04-24,41.524,41.524,41.524,41.524,0,0.0,0.0,0.0,0.0,0.0,,0.0,0.0,0.0
2023-04-25,41.524,41.524,41.524,41.524,0,0.0,0.0,0.0,0.0,0.0,,0.0,0.0,0.0
2023-04-26,36.824,36.824,36.824,36.824,100,3682.4,0.0,0.0,0.0,0.0,,0.0,0.0,0.0
2023-04-27,36.824,40.895,36.34,40.895,2200,89969.0,0.0,0.0,0.0,0.0,,0.0,0.0,0.0
2023-04-28,42.203,42.203,39.635,39.635,800,31708.0,0.0,0.0,0.0,0.0,,0.0,0.0,0.0
2023-05-04,39.974,39.974,39.974,39.974,0,0.0,0.0,0.0,0.0,0.0,,0.0,0.0,0.0
2023-05-05,40.119,40.119,40.119,40.119,100,4011.9,0.0,0.0,0.0,0.0,,0.0,0.0,0.0
2023-05-08,40.652,40.652,39.199,39.247,7300,286503.1,0.0,0.0,0.0,0.0,,0.0,0.0,0.0
2023-05-09,39.247,39.247,39.247,39.247,1,39.247,0.0,0.0,0.0,0.0,,0.0,0.0,0.0
2023-05-10,39.247,39.247,39.247,39.247,0,0.0,0.0,0.0,0.0,0.0,,0.0,0.0,0.0
2023-05-11,39.683,39.732,39.683,39.732,1100,43705.2,0.0,0.0,0.0,0.0,,0.0,0.0,0.0
2023-05-12,39.732,39.732,39.732,39.732,0,0.0,0.0,0.0,0.0,0.0,,0.0,0.0,0.0
2023-05-15,37.794,39.489,37.794,39.489,700,27642.3,0.0,0.0,0.0,0.0,,0.0,0.0,0.0
2023-05-16,37.842,37.842,37.842,37.842,300,11352.6,0.0,0.0,0.0,0.0,,0.0,0.0,0.0
2023-05-17,37.842,37.842,37.842,37.842,0,0.0,0.0,0.0,0.0,0.0,,0.0,0.0,0.0
2023-05-18,39.732,39.732,39.732,39.732,1000,39732.0,0.0,0.0,0.0,0.0,,0.0,0.0,0.0
2023-05-19,39.732,39.732,39.732,39.732,0,0.0,0.0,0.0,0.0,0.0,,0.0,0.0,0.0
2023-05-22,39.247,39.732,39.247,39.732,2200,87410.4,0.0,0.0,0.0,0.0,,0.0,0.0,0.0
2023-05-23,39.489,39.489,39.489,39.489,0,0.0,0.0,0.0,0.0,0.0,,0.0,0.0,0.0
2023-05-24,39.489,39.489,39.489,39.489,0,0.0,0.0,0.0,0.0,0.0,,0.0,0.0,0.0
2023-05-25,39.489,39.489,39.489,39.489,0,0.0,0.0,0.0,0.0,0.0,,0.0,0.0,0.0
2023-05-26,39.489,39.489,39.489,39.489,0,0.0,0.0,0.0,0.0,0.0,,0.0,0.0,0.0
2023-05-29,38.278,38.278,38.278,38.278,600,22966.8,0.0,0.0,0.0,0.0,,0.0,0.0,0.0
2023-05-30,39.489,39.877,39.489,39.877,1400,55827.8,0.0,0.0,0.0,0.0,,0.0,0.0,0.0
2023-05-31,39.732,45.74,39.732,39.732,1400,55624.8,0.0,0.0,0.0,0.0,,0.0,0.0,0.0
2023-06-01,40.313,40.313,40.313,40.313,0,0.0,0.0,0.0,0.0,0.0,,0.0,0.0,0.0
2023-06-02,40.313,40.313,40.313,40.313,0,0.0,0.0,0.0,0.0,0.0,,0.0,0.0,0.0
2023-06-05,40.313,40.313,40.313,40.313,0,0.0,0.0,0.0,0.0,0.0,,0.0,0.0,0.0
2023-06-06,40.313,40.313,40.313,40.313,0,0.0,0.0,0.0,0.0,0.0,,0.0,0.0,0.0
2023-06-07,40.313,40.313,40.313,40.313,0,0.0,0.0,0.0,0.0,0.0,,0.0,0.0,0.0
2023-06-08,40.313,40.313,40.313,40.313,0,0.0,0.0,0.0,0.0,0.0,,0.0,0.0,0.0
2023-06-09,40.215,40.215,40.215,40.215,524,21072.660000000003,0.0,0.0,0.0,0.0,,0.0,0.0,0.0
2023-06-12,40.215,40.215,40.215,40.215,0,0.0,0.0,0.0,0.0,0.0,,0.0,0.0,0.0
2023-06-13,40.215,40.215,40.215,40.215,0,0.0,0.0,0.0,0.0,0.0,,0.0,0.0,0.0
2023-06-14,40.215,40.215,40.215,40.215,0,0.0,0.0,0.0,0.0,0.0,,0.0,0.0,0.0
2023-06-15,40.215,40.215,40.215,40.215,0,0.0,0.0,0.0,0.0,0.0,,0.0,0.0,0.0
2023-06-16,40.215,40.215,40.215,40.215,0,0.0,0.0,0.0,0.0,0.0,,0.0,0.0,0.0
2023-06-19,40.215,40.215,40.215,40.215,0,0.0,0.0,0.0,0.0,0.0,,0.0,0.0,0.0
2023-06-20,40.215,40.215,40.215,40.215,500,20107.5,0.0,0.0,0.0,0.0,,0.0,0.0,0.0
2023-06-21,40.215,40.215,40.215,40.215,0,0.0,0.0,0.0,0.0,0.0,,0.0,0.0,0.0
2023-06-22,40.215,40.215,40.215,40.215,0,0.0,0.0,0.0,0.0,0.0,,0.0,0.0,0.0
2023-06-23,41.921,41.921,41.921,41.921,100,4192.1,0.0,0.0,0.0,0.0,,0.0,0.0,0.0
2023-06-26,41.921,41.921,41.921,41.921,0,0.0,0.0,0.0,0.0,0.0,,0.0,0.0,0.0
2023-06-27,41.921,41.921,41.921,41.921,1,41.921,0.0,0.0,0.0,0.0,,0.0,0.0,0.0
2023-06-28,39.971,41.434,39.971,41.434,1100,45577.4,0.0,0.0,0.0,0.0,,0.0,0.0,0.0
2023-06-29,39.971,39.971,39.971,39.971,1007,40250.797,0.0,0.0,0.0,0.0,,0.0,0.0,0.0
2023-06-30,39.971,39.971,39.971,39.971,0,0.0,0.0,0.0,0.0,0.0,,0.0,0.0,0.0
2023-07-03,39.971,39.971,39.971,39.971,1023,40890.333,0.0,0.0,0.0,0.0,,0.0,0.0,0.0
2023-07-04,39.971,41.385,38.997,41.385,1600,66216.0,0.0,0.0,0.0,0.0,,0.0,0.0,0.0
2023-07-05,40.361,40.361,40.361,40.361,0,0.0,0.0,0.0,0.0,0.0,,0.0,0.0,0.0
2023-07-06,40.361,40.361,40.361,40.361,0,0.0,0.0,0.0,0.0,0.0,,0.0,0.0,0.0
2023-07-07,40.361,40.361,40.361,40.361,0,0.0,0.0,0.0,0.0,0.0,,0.0,0.0,0.0
2023-07-10,40.361,40.361,40.361,40.361,0,0.0,0.0,0.0,0.0,0.0,,0.0,0.0,0.0
2023-07-11,40.459,41.434,40.459,41.434,600,24860.4,0.0,0.0,0.0,0.0,,0.0,0.0,0.0
2023-07-12,41.288,41.288,41.288,41.288,0,0.0,0.0,0.0,0.0,0.0,,0.0,0.0,0.0
2023-07-13,41.288,41.288,41.288,41.288,5700,235341.6,0.0,0.0,0.0,0.0,,0.0,0.0,0.0
2023-07-14,41.288,41.288,41.288,41.288,0,0.0,0.0,0.0,0.0,0.0,,0.0,0.0,0.0
2023-07-17,41.288,41.288,41.288,41.288,0,0.0,0.0,0.0,0.0,0.0,,0.0,0.0,0.0
2023-07-18,41.288,41.288,41.288,41.288,0,0.0,0.0,0.0,0.0,0.0,,0.0,0.0,0.0
2023-07-19,40.459,40.459,39.971,39.971,1300,51962.3,0.0,0.0,0.0,0.0,,0.0,0.0,0.0
2023-07-20,39.971,39.971,39.971,39.971,500,19985.5,0.0,0.0,0.0,0.0,,0.0,0.0,0.0
2023-07-21,44.846,45.967,44.846,45.967,7166,329399.522,0.0,0.0,0.0,0.0,,0.0,0.0,0.0
2023-07-24,48.746,48.746,45.87,46.065,14400,663336.0,0.0,0.0,0.0,0.0,,0.0,0.0,0.0
2023-07-25,46.065,46.065,45.821,46.065,1900,87523.5,0.0,0.0,0.0,0.0,,0.0,0.0,0.0
2023-07-26,46.065,46.065,46.065,46.065,2800,128982.0,0.0,0.0,0.0,0.0,,0.0,0.0,0.0
2023-07-27,48.746,48.746,47.771,47.771,1200,57325.2,0.0,0.0,0.0,0.0,,0.0,0.0,0.0
2023-07-28,48.21,48.21,48.21,48.21,0,0.0,0.0,0.0,0.0,0.0,,0.0,0.0,0.0
2023-07-31,46.065,46.065,46.065,46.065,500,23032.5,0.0,0.0,0.0,0.0,,0.0,0.0,0.0
2023-08-01,43.871,46.26,43.871,46.26,8500,393210.0,0.0,0.0,0.0,0.0,,0.0,0.0,0.0
2023-08-02,46.26,46.26,46.26,46.26,500,23130.0,0.0,0.0,0.0,0.0,,0.0,0.0,0.0
2023-08-03,43.871,43.871,43.384,43.384,200,8676.8,0.0,0.0,0.0,0.0,,0.0,0.0,0.0
2023-08-04,43.627,43.627,43.627,43.627,0,0.0,0.0,0.0,0.0,0.0,,0.0,0.0,0.0
2023-08-07,43.871,43.871,43.871,43.871,400,17548.4,0.0,0.0,0.0,0.0,,0.0,0.0,0.0
2023-08-08,43.871,43.871,43.871,43.871,0,0.0,0.0,0.0,0.0,0.0,,0.0,0.0,0.0
2023-08-09,45.577,48.258,44.602,48.258,26016,1255480.128,0.0,0.0,0.0,0.0,,0.0,0.0,0.0
2023-08-10,47.088,47.088,47.088,47.088,0,0.0,0.0,0.0,0.0,0.0,,0.0,0.0,0.0
2023-08-11,47.088,47.088,47.088,47.088,0,0.0,0.0,0.0,0.0,0.0,,0.0,0.0,0.0
2023-08-14,46.455,48.21,46.455,48.21,600,28926.0,0.0,0.0,0.0,0.0,,0.0,0.0,0.0
2023-08-15,47.771,48.258,47.771,48.258,2400,115819.2,0.0,0.0,0.0,0.0,,0.0,0.0,0.0
2023-08-16,48.648,48.648,47.771,47.771,10600,506372.6,0.0,0.0,0.0,0.0,,0.0,0.0,0.0
2023-08-17,47.771,47.771,47.771,47.771,1800,85987.8,0.0,0.0,0.0,0.0,,0.0,0.0,0.0
2023-08-18,47.771,47.771,47.771,47.771,0,0.0,0.0,0.0,0.0,0.0,,0.0,0.0,0.0
2023-08-21,47.771,48.258,47.771,48.258,2400,115819.2,0.0,0.0,0.0,0.0,,0.0,0.0,0.0
2023-08-22,45.918,45.918,45.918,45.918,207,9505.026,0.0,0.0,0.0,0.0,,0.0,0.0,0.0
2023-08-23,45.918,45.918,45.918,45.918,0,0.0,0.0,0.0,0.0,0.0,,0.0,0.0,0.0
2023-08-24,45.918,45.918,45.918,45.918,0,0.0,0.0,0.0,0.0,0.0,,0.0,0.0,0.0
2023-08-25,45.918,45.918,45.918,45.918,0,0.0,0.0,0.0,0.0,0.0,,0.0,0.0,0.0
2023-08-28,47.771,47.771,47.771,47.771,100,4777.1,0.0,0.0,0.0,0.0,,0.0,0.0,0.0
2023-08-29,47.771,47.771,47.771,47.771,0,0.0,0.0,0.0,0.0,0.0,,0.0,0.0,0.0
2023-08-30,45.87,45.87,45.87,45.87,100,4587.0,0.0,0.0,0.0,0.0,,0.0,0.0,0.0
2023-08-31,38.997,43.871,38.997,43.871,413,18118.723,0.0,0.0,0.0,0.0,,0.0,0.0,0.0
2023-09-05,41.434,41.434,41.434,41.434,0,0.0,0.0,0.0,0.0,0.0,,0.0,0.0,0.0
2023-09-06,47.283,47.527,47.283,47.527,500,23763.5,0.0,0.0,0.0,0.0,,0.0,0.0,0.0
2023-09-07,47.332,47.332,47.332,47.332,0,0.0,0.0,0.0,0.0,0.0,,0.0,0.0,0.0
2023-09-08,47.332,47.332,47.332,47.332,0,0.0,0.0,0.0,0.0,0.0,,0.0,0.0,0.0
2023-09-11,47.332,47.332,47.332,47.332,0,0.0,0.0,0.0,0.0,0.0,,0.0,0.0,0.0
2023-09-12,47.332,47.332,47.332,47.332,0,0.0,0.0,0.0,0.0,0.0,,0.0,0.0,0.0
2023-09-13,47.332,47.332,47.332,47.332,0,0.0,0.0,0.0,0.0,0.0,,0.0,0.0,0.0
2023-09-14,46.308,50.696,46.308,50.696,200,10139.2,0.0,0.0,0.0,0.0,,0.0,0.0,0.0
2023-09-15,46.26,46.26,46.26,46.26,101,4672.26,0.0,0.0,0.0,0.0,,0.0,0.0,0.0
2023-09-18,46.26,46.26,46.26,46.26,0,0.0,0.0,0.0,0.0,0.0,,0.0,0.0,0.0
2023-09-19,46.26,46.26,46.26,46.26,0,0.0,0.0,0.0,0.0,0.0,,0.0,0.0,0.0
2023-09-20,46.308,46.308,46.211,46.211,400,18484.4,0.0,0.0,0.0,0.0,,0.0,0.0,0.0
2023-09-21,46.26,46.26,46.26,46.26,0,0.0,0.0,0.0,0.0,0.0,,0.0,0.0,0.0
2023-09-22,46.308,46.308,46.308,46.308,1000,46308.0,0.0,0.0,0.0,0.0,,0.0,0.0,0.0
2023-09-25,46.308,46.308,46.308,46.308,2600,120400.8,0.0,0.0,0.0,0.0,,0.0,0.0,0.0
2023-09-26,46.357,46.357,46.357,46.357,1000,46357.0,0.0,0.0,0.0,0.0,,0.0,0.0,0.0
2023-09-27,46.357,46.357,46.357,46.357,0,0.0,0.0,0.0,0.0,0.0,,0.0,0.0,0.0
2023-09-28,47.722,47.771,47.722,47.771,200,9554.2,0.0,0.0,0.0,0.0,,0.0,0.0,0.0
2023-09-29,47.771,47.771,47.771,47.771,400,19108.4,0.0,0.0,0.0,0.0,,0.0,0.0,0.0
2023-10-02,47.771,47.771,47.771,47.771,0,0.0,0.0,0.0,0.0,0.0,,0.0,0.0,0.0
2023-10-03,48.697,48.697,48.697,48.697,500,24348.5,0.0,0.0,0.0,0.0,,0.0,0.0,0.0
2023-10-04,45.03,45.03,45.03,45.03,100,4503.0,0.0,0.0,0.0,0.0,,0.0,0.0,0.0
2023-10-05,50.555,50.555,50.555,50.555,3701,187104.055,0.0,0.0,0.0,0.0,,0.0,0.0,0.0
2023-10-06,50.555,50.555,50.555,50.555,0,0.0,0.0,0.0,0.0,0.0,,0.0,0.0,0.0
2023-10-09,52.804,52.804,48.403,48.403,2600,125847.8,0.0,0.0,0.0,0.0,,0.0,0.0,0.0
2023-10-10,48.892,50.848,48.892,50.848,410,20847.68,0.0,0.0,0.0,0.0,,0.0,0.0,0.0
2023-10-11,44.052,44.052,44.052,44.052,100,4405.2,0.0,0.0,0.0,0.0,,0.0,0.0,0.0
2023-10-12,50.31,50.31,50.31,50.31,600,30186.0,0.0,0.0,0.0,0.0,,0.0,0.0,0.0
2023-10-13,50.31,50.31,50.31,50.31,0,0.0,0.0,0.0,0.0,0.0,,0.0,0.0,0.0
2023-10-16,44.492,47.915,44.492,47.915,500,23957.5,0.0,0.0,0.0,0.0,,0.0,0.0,0.0
2023-10-17,48.403,48.403,48.403,48.403,100,4840.3,0.0,0.0,0.0,0.0,,0.0,0.0,0.0
2023-10-18,48.403,48.648,48.403,48.648,6000,291888.0,0.0,0.0,0.0,0.0,,0.0,0.0,0.0
2023-10-19,50.359,50.359,50.359,50.359,200,10071.8,0.0,0.0,0.0,0.0,,0.0,0.0,0.0
2023-10-20,50.359,50.359,50.359,50.359,0,0.0,0.0,0.0,0.0,0.0,,0.0,0.0,0.0
2023-10-23,50.359,50.604,50.359,50.359,4310,217047.29,0.0,0.0,0.0,0.0,,0.0,0.0,0.0
2023-10-24,49.137,49.137,49.137,49.137,100,4913.7,0.0,0.0,0.0,0.0,,0.0,0.0,0.0
2023-10-25,51.239,53.195,51.239,53.195,2900,154265.5,0.0,0.0,0.0,0.0,,0.0,0.0,0.0
2023-10-26,52.168,52.804,52.168,52.804,1601,84539.204,0.0,0.0,0.0,0.0,,0.0,0.0,0.0
2023-10-27,52.804,53.831,52.804,53.831,1000,53831.0,0.0,0.0,0.0,0.0,,0.0,0.0,0.0
2023-10-30,53.635,53.635,53.635,53.635,0,0.0,0.0,0.0,0.0,0.0,,0.0,0.0,0.0
2023-10-31,53.733,55.737,53.733,55.737,2200,122621.4,0.0,0.0,0.0,0.0,,0.0,0.0,0.0
2023-11-01,53.782,54.759,53.782,54.759,1000,54759.0,0.0,0.0,0.0,0.0,,0.0,0.0,0.0
2023-11-02,51.337,51.337,51.337,51.337,101,5185.037,0.0,0.0,0.0,0.0,,0.0,0.0,0.0
2023-11-03,56.226,57.693,56.226,57.693,700,40385.1,0.0,0.0,0.0,0.0,,0.0,0.0,0.0
2023-11-06,56.666,56.666,56.666,56.666,0,0.0,0.0,0.0,0.0,0.0,,0.0,0.0,0.0
2023-11-07,58.524,58.671,58.524,58.671,1200,70405.2,0.0,0.0,0.0,0.0,,0.0,0.0,0.0
2023-11-08,58.573,58.573,58.573,58.573,0,0.0,0.0,0.0,0.0,0.0,,0.0,0.0,0.0
2023-11-09,59.16,59.16,59.16,59.16,1000,59160.0,0.0,0.0,0.0,0.0,,0.0,0.0,0.0
2023-11-10,59.16,59.16,59.16,59.16,0,0.0,0.0,0.0,0.0,0.0,,0.0,0.0,0.0
2023-11-13,64.538,64.538,64.538,64.538,109,7034.642,0.0,0.0,0.0,0.0,,0.0,0.0,0.0
2023-11-14,64.538,64.538,64.538,64.538,0,0.0,0.0,0.0,0.0,0.0,,0.0,0.0,0.0
2023-11-15,64.538,64.538,64.538,64.538,1,64.538,0.0,0.0,0.0,0.0,,0.0,0.0,0.0
2023-11-16,64.44,64.538,64.44,64.538,600,38722.8,0.0,0.0,0.0,0.0,,0.0,0.0,0.0
2023-11-17,64.782,65.956,63.071,63.071,1100,69378.09999999999,0.0,0.0,0.0,0.0,,0.0,0.0,0.0
2023-11-20,64.294,66.005,64.294,66.005,1100,72605.5,0.0,0.0,0.0,0.0,,0.0,0.0,0.0
2023-11-21,65.222,65.222,65.222,65.222,0,0.0,0.0,0.0,0.0,0.0,,0.0,0.0,0.0
2023-11-22,65.76,65.76,65.76,65.76,519,34129.44,0.0,0.0,0.0,0.0,,0.0,0.0,0.0
2023-11-23,65.76,65.76,65.76,65.76,5,328.8,0.0,0.0,0.0,0.0,,0.0,0.0,0.0
2023-11-24,65.76,65.76,65.76,65.76,0,0.0,0.0,0.0,0.0,0.0,,0.0,0.0,0.0
2023-11-27,66.005,67.472,66.005,67.472,600,40483.2,0.0,0.0,0.0,0.0,,0.0,0.0,0.0
2023-11-28,66.249,66.885,66.249,66.885,300,20065.5,0.0,0.0,0.0,0.0,,0.0,0.0,0.0
2023-11-29,66.689,66.689,66.689,66.689,0,0.0,0.0,0.0,0.0,0.0,,0.0,0.0,0.0
2023-11-30,66.494,66.494,66.494,66.494,204,13564.776,0.0,0.0,0.0,0.0,,0.0,0.0,0.0
2023-12-01,66.494,66.494,66.494,66.494,0,0.0,0.0,0.0,0.0,0.0,,0.0,0.0,0.0
2023-12-04,67.472,67.472,67.472,67.472,200,13494.4,0.0,0.0,0.0,0.0,,0.0,0.0,0.0
2023-12-05,67.472,67.472,67.472,67.472,0,0.0,0.0,0.0,0.0,0.0,,0.0,0.0,0.0
2023-12-06,68.694,68.841,68.694,68.841,500,34420.5,0.0,0.0,0.0,0.0,,0.0,0.0,0.0
2023-12-07,68.743,68.743,68.743,68.743,0,0.0,0.0,0.0,0.0,0.0,,0.0,0.0,0.0
2023-12-08,67.96,67.96,67.472,67.472,200,13494.4,0.0,0.0,0.0,0.0,,0.0,0.0,0.0
2023-12-11,67.716,67.716,67.716,67.716,0,0.0,0.0,0.0,0.0,0.0,,0.0,0.0,0.0
2023-12-12,68.938,68.938,68.938,68.938,100,6893.8,0.0,0.0,0.0,0.0,,0.0,0.0,0.0
2023-12-13,68.938,68.938,68.938,68.938,0,0.0,0.0,0.0,0.0,0.0,,0.0,0.0,0.0
2023-12-14,68.938,68.938,68.938,68.938,0,0.0,0.0,0.0,0.0,0.0,,0.0,0.0,0.0
2023-12-15,68.889,68.889,68.889,68.889,100,6888.9,0.0,0.0,0.0,0.0,,0.0,0.0,0.0
2023-12-18,67.96,67.96,67.472,67.472,200,13494.4,0.0,0.0,0.0,0.0,,0.0,0.0,0.0
2023-12-19,66.494,66.494,66.494,66.494,800,53195.2,0.0,0.0,0.0,0.0,,0.0,0.0,0.0
2023-12-20,66.494,66.494,66.494,66.494,0,0.0,0.0,0.0,0.0,0.0,,0.0,0.0,0.0
2023-12-21,66.494,66.494,66.494,66.494,0,0.0,0.0,0.0,0.0,0.0,,0.0,0.0,0.0
2023-12-22,66.494,66.494,66.494,66.494,0,0.0,0.0,0.0,0.0,0.0,,0.0,0.0,0.0
2023-12-25,66.494,66.494,66.494,66.494,0,0.0,0.0,0.0,0.0,0.0,,0.0,0.0,0.0
2023-12-26,66.494,66.494,66.494,66.494,700,46545.8,0.0,0.0,0.0,0.0,,0.0,0.0,0.0
2023-12-27,66.494,66.494,66.494,66.494,0,0.0,0.0,0.0,0.0,0.0,,0.0,0.0,0.0
2023-12-28,66.445,66.445,66.445,66.445,100,6644.499999999999,0.0,0.0,0.0,0.0,,0.0,0.0,0.0
2023-12-29,66.445,66.445,66.445,66.445,0,0.0,0.0,0.0,0.0,0.0,,0.0,0.0,0.0
2024-01-02,66.445,66.445,66.445,66.445,0,0.0,0.0,0.0,0.0,0.0,,0.0,0.0,0.0
2024-01-03,66.445,66.445,66.445,66.445,0,0.0,0.0,0.0,0.0,0.0,,0.0,0.0,0.0
2024-01-04,66.445,66.445,66.445,66.445,0,0.0,0.0,0.0,0.0,0.0,,0.0,0.0,0.0
2024-01-05,63.56,64.538,63.56,63.56,1606,102077.36,0.0,0.0,0.0,0.0,,0.0,0.0,0.0
2024-01-08,64.0,64.0,64.0,64.0,0,0.0,0.0,0.0,0.0,0.0,,0.0,0.0,0.0
2024-01-09,58.915,59.16,58.671,59.16,400,23664.0,0.0,0.0,0.0,0.0,,0.0,0.0,0.0
2024-01-10,58.866,58.866,58.866,58.866,0,0.0,0.0,0.0,0.0,0.0,,0.0,0.0,0.0
2024-01-11,63.56,63.56,63.56,63.56,100,6356.0,0.0,0.0,0.0,0.0,,0.0,0.0,0.0
2024-01-12,63.56,63.56,63.56,63.56,0,0.0,0.0,0.0,0.0,0.0,,0.0,0.0,0.0
2024-01-15,63.56,63.56,63.56,63.56,0,0.0,0.0,0.0,0.0,0.0,,0.0,0.0,0.0
2024-01-16,54.026,64.538,54.026,64.538,300,19361.4,0.0,0.0,0.0,0.0,,0.0,0.0,0.0
2024-01-17,59.893,59.893,59.893,59.893,0,0.0,0.0,0.0,0.0,0.0,,0.0,0.0,0.0
2024-01-18,59.893,59.893,59.893,59.893,0,0.0,0.0,0.0,0.0,0.0,,0.0,0.0,0.0
2024-01-19,59.893,59.893,59.893,59.893,0,0.0,0.0,0.0,0.0,0.0,,0.0,0.0,0.0
2024-01-22,61.116,61.116,58.671,59.649,7300,435437.7,0.0,0.0,0.0,0.0,,0.0,0.0,0.0
2024-01-23,59.16,60.627,59.16,60.627,600,36376.2,0.0,0.0,0.0,0.0,,0.0,0.0,0.0
2024-01-24,59.893,59.893,59.893,59.893,0,0.0,0.0,0.0,0.0,0.0,,0.0,0.0,0.0
2024-01-25,58.915,59.649,58.671,59.649,700,41754.3,0.0,0.0,0.0,0.0,,0.0,0.0,0.0
2024-01-26,58.964,58.964,58.964,58.964,0,0.0,0.0,0.0,0.0,0.0,,0.0,0.0,0.0
2024-01-29,58.964,58.964,58.964,58.964,0,0.0,0.0,0.0,0.0,0.0,,0.0,0.0,0.0
2024-01-30,58.964,58.964,58.964,58.964,0,0.0,0.0,0.0,0.0,0.0,,0.0,0.0,0.0
2024-01-31,58.964,58.964,58.964,58.964,0,0.0,0.0,0.0,0.0,0.0,,0.0,0.0,0.0
2024-02-01,58.964,58.964,58.964,58.964,0,0.0,0.0,0.0,0.0,0.0,,0.0,0.0,0.0
2024-02-02,50.604,58.964,50.604,58.964,200,11792.8,0.0,0.0,0.0,0.0,,0.0,0.0,0.0
2024-02-05,54.808,54.808,54.808,54.808,0,0.0,0.0,0.0,0.0,0.0,,0.0,0.0,0.0
2024-02-06,54.808,54.808,54.808,54.808,0,0.0,0.0,0.0,0.0,0.0,,0.0,0.0,0.0
2024-02-07,54.808,54.808,54.808,54.808,0,0.0,0.0,0.0,0.0,0.0,,0.0,0.0,0.0
2024-02-15,54.808,54.808,54.808,54.808,0,0.0,0.0,0.0,0.0,0.0,,0.0,0.0,0.0
2024-02-16,59.404,59.551,58.671,58.671,415,24348.465,0.0,0.0,0.0,0.0,,0.0,0.0,0.0
2024-02-19,58.671,58.915,58.671,58.915,300,17674.5,0.0,0.0,0.0,0.0,,0.0,0.0,0.0
2024-02-20,58.769,58.769,58.769,58.769,0,0.0,0.0,0.0,0.0,0.0,,0.0,0.0,0.0
2024-02-21,58.769,58.769,58.769,58.769,0,0.0,0.0,0.0,0.0,0.0,,0.0,0.0,0.0
2024-02-22,58.769,58.769,58.769,58.769,0,0.0,0.0,0.0,0.0,0.0,,0.0,0.0,0.0
2024-02-23,58.769,58.769,58.769,58.769,0,0.0,0.0,0.0,0.0,0.0,,0.0,0.0,0.0
2024-02-26,58.769,58.769,58.769,58.769,0,0.0,0.0,0.0,0.0,0.0,,0.0,0.0,0.0
2024-02-27,58.769,58.769,58.769,58.769,0,0.0,0.0,0.0,0.0,0.0,,0.0,0.0,0.0
2024-02-28,57.106,57.106,57.106,57.106,500,28553.0,0.0,0.0,0.0,0.0,,0.0,0.0,0.0
2024-02-29,58.671,58.671,58.671,58.671,100,5867.1,0.0,0.0,0.0,0.0,,0.0,0.0,0.0
2024-03-01,58.671,58.671,58.671,58.671,0,0.0,0.0,0.0,0.0,0.0,,0.0,0.0,0.0
2024-03-04,60.431,60.431,60.431,60.431,100,6043.099999999999,0.0,0.0,0.0,0.0,,0.0,0.0,0.0
2024-03-05,60.431,60.431,60.431,60.431,0,0.0,0.0,0.0,0.0,0.0,,0.0,0.0,0.0
2024-03-06,60.431,60.431,60.431,60.431,0,0.0,0.0,0.0,0.0,0.0,,0.0,0.0,0.0
2024-03-07,60.431,60.431,60.431,60.431,0,0.0,0.0,0.0,0.0,0.0,,0.0,0.0,0.0
2024-03-08,60.431,60.431,60.431,60.431,0,0.0,0.0,0.0,0.0,0.0,,0.0,0.0,0.0
2024-03-11,60.431,60.431,60.431,60.431,0,0.0,0.0,0.0,0.0,0.0,,0.0,0.0,0.0
2024-03-12,58.671,58.671,58.671,58.671,100,5867.1,0.0,0.0,0.0,0.0,,0.0,0.0,0.0
2024-03-13,58.671,58.671,58.671,58.671,200,11734.2,0.0,0.0,0.0,0.0,,0.0,0.0,0.0
2024-03-14,58.671,58.671,58.671,58.671,0,0.0,0.0,0.0,0.0,0.0,,0.0,0.0,0.0
2024-03-15,58.671,58.671,58.671,58.671,0,0.0,0.0,0.0,0.0,0.0,,0.0,0.0,0.0
2024-03-18,59.649,59.649,59.649,59.649,110,6561.39,0.0,0.0,0.0,0.0,,0.0,0.0,0.0
2024-03-19,59.649,59.649,59.649,59.649,0,0.0,0.0,0.0,0.0,0.0,,0.0,0.0,0.0
2024-03-20,59.649,59.649,59.649,59.649,0,0.0,0.0,0.0,0.0,0.0,,0.0,0.0,0.0
2024-03-21,58.671,59.16,58.671,59.16,700,41412.0,0.0,0.0,0.0,0.0,,0.0,0.0,0.0
2024-03-22,56.226,58.671,56.226,58.671,203,11910.213,0.0,0.0,0.0,0.0,,0.0,0.0,0.0
2024-03-25,57.449,57.449,57.449,57.449,9,517.0409999999999,0.0,0.0,0.0,0.0,,0.0,0.0,0.0
2024-03-26,57.449,57.449,57.449,57.449,0,0.0,0.0,0.0,0.0,0.0,,0.0,0.0,0.0
2024-03-27,57.449,57.449,57.449,57.449,0,0.0,0.0,0.0,0.0,0.0,,0.0,0.0,0.0
2024-03-28,58.671,58.671,58.671,58.671,121,7099.191,0.0,0.0,0.0,0.0,,0.0,0.0,0.0
2024-03-29,58.671,58.671,58.671,58.671,0,0.0,0.0,0.0,0.0,0.0,,0.0,0.0,0.0
2024-04-01,58.671,58.671,58.671,58.671,21,1232.091,0.0,0.0,0.0,0.0,,0.0,0.0,0.0
2024-04-02,58.671,58.671,58.671,58.671,1056,61956.576,0.0,0.0,0.0,0.0,,0.0,0.0,0.0
2024-04-03,58.671,58.671,58.671,58.671,0,0.0,0.0,0.0,0.0,0.0,,0.0,0.0,0.0
2024-04-04,53.782,60.382,53.782,60.382,4400,265680.8,0.0,0.0,0.0,0.0,,0.0,0.0,0.0
2024-04-05,59.404,59.404,59.404,59.404,1,59.404,0.0,0.0,0.0,0.0,,0.0,0.0,0.0
2024-04-08,58.671,59.16,58.671,59.16,205,12127.8,0.0,0.0,0.0,0.0,,0.0,0.0,0.0
2024-04-09,58.915,58.915,58.915,58.915,1,58.915,0.0,0.0,0.0,0.0,,0.0,0.0,0.0
2024-04-10,59.16,63.56,59.16,61.116,6411,391814.676,0.0,0.0,0.0,0.0,,0.0,0.0,0.0
2024-04-11,59.16,59.16,59.16,59.16,400,23664.0,0.0,0.0,0.0,0.0,,0.0,0.0,0.0
2024-04-12,61.604,61.604,61.604,61.604,100,6160.4,0.0,0.0,0.0,0.0,,0.0,0.0,0.0
2024-04-15,60.138,60.138,57.204,57.204,610,34894.44,0.0,0.0,0.0,0.0,,0.0,0.0,0.0
2024-04-16,58.671,62.533,58.671,62.533,210,13131.93,0.0,0.0,0.0,0.0,,0.0,0.0,0.0
2024-04-17,60.627,60.627,60.627,60.627,0,0.0,0.0,0.0,0.0,0.0,,0.0,0.0,0.0
2024-04-19,60.138,60.138,60.138,60.138,100,6013.8,0.0,0.0,0.0,0.0,,0.0,0.0,0.0
2024-04-22,60.382,60.382,58.671,58.671,311,18246.681,0.0,0.0,0.0,0.0,,0.0,0.0,0.0
2024-04-23,58.671,58.671,58.671,58.671,100,5867.1,0.0,0.0,0.0,0.0,,0.0,0.0,0.0
2024-04-24,63.56,63.56,59.16,59.16,201,11891.16,0.0,0.0,0.0,0.0,,0.0,0.0,0.0
2024-04-25,61.36,61.36,61.36,61.36,0,0.0,0.0,0.0,0.0,0.0,,0.0,0.0,0.0
2024-04-26,61.36,61.36,61.36,61.36,0,0.0,0.0,0.0,0.0,0.0,,0.0,0.0,0.0
2024-05-02,61.36,61.36,61.36,61.36,0,0.0,0.0,0.0,0.0,0.0,,0.0,0.0,0.0
2024-05-03,63.56,63.56,63.56,63.56,257,16334.92,0.0,0.0,0.0,0.0,,0.0,0.0,0.0
2024-05-06,63.365,63.365,59.649,59.649,2600,155087.4,0.0,0.0,0.0,0.0,,0.0,0.0,0.0
2024-05-07,59.16,63.56,59.16,59.649,5000,298245.0,0.0,0.0,0.0,0.0,,0.0,0.0,0.0
2024-05-08,63.071,63.12,63.071,63.12,1100,69432.0,0.0,0.0,0.0,0.0,,0.0,0.0,0.0
2024-05-09,63.022,63.022,63.022,63.022,500,31511.0,0.0,0.0,0.0,0.0,,0.0,0.0,0.0
2024-05-10,60.627,60.627,60.627,60.627,300,18188.1,0.0,0.0,0.0,0.0,,0.0,0.0,0.0
2024-05-13,59.649,62.093,59.649,62.093,2200,136604.6,0.0,0.0,0.0,0.0,,0.0,0.0,0.0
2024-05-14,60.138,60.138,59.747,59.747,600,35848.2,0.0,0.0,0.0,0.0,,0.0,0.0,0.0
2024-05-15,59.795,59.795,59.795,59.795,0,0.0,0.0,0.0,0.0,0.0,,0.0,0.0,0.0
2024-05-16,59.893,59.893,59.649,59.649,400,23859.6,0.0,0.0,0.0,0.0,,0.0,0.0,0.0
2024-05-17,59.747,59.747,59.747,59.747,0,0.0,0.0,0.0,0.0,0.0,,0.0,0.0,0.0
2024-05-20,59.747,59.747,59.747,59.747,0,0.0,0.0,0.0,0.0,0.0,,0.0,0.0,0.0
2024-05-21,59.893,59.893,59.893,59.893,100,5989.3,0.0,0.0,0.0,0.0,,0.0,0.0,0.0
2024-05-22,61.604,61.849,60.382,60.871,900,54783.9,0.0,0.0,0.0,0.0,,0.0,0.0,0.0
2024-05-23,62.24,62.338,62.24,62.338,2100,130909.8,0.0,0.0,0.0,0.0,,0.0,0.0,0.0
2024-05-24,61.653,61.653,61.604,61.604,300,18481.2,0.0,0.0,0.0,0.0,,0.0,0.0,0.0
2024-05-27,62.778,62.778,62.533,62.533,5200,325171.60000000003,0.0,0.0,0.0,0.0,,0.0,0.0,0.0
2024-05-28,62.338,62.338,62.338,62.338,1100,68571.8,0.0,0.0,0.0,0.0,,0.0,0.0,0.0
2024-05-29,63.025,63.025,62.089,62.828,1300,81676.40000000001,0.0,0.0,0.0,0.0,,0.0,0.0,0.0
2024-05-30,62.089,62.089,62.089,62.089,100,6208.9,0.0,0.0,0.0,0.0,,0.0,0.0,0.0
2024-05-31,62.729,62.828,62.581,62.581,600,37548.6,0.0,0.0,0.0,0.0,,0.0,0.0,0.0
2024-06-03,62.089,62.729,61.596,62.581,6700,419292.7,0.0,0.0,0.0,0.0,,0.0,0.0,0.0
2024-06-04,61.596,62.581,61.596,61.596,1100,67755.59999999999,0.0,0.0,0.0,0.0,,0.0,0.0,0.0
2024-06-05,62.532,62.532,62.532,62.532,6100,381445.2,0.0,0.0,0.0,0.0,,0.0,0.0,0.0
2024-06-06,62.532,62.532,62.532,62.532,0,0.0,0.0,0.0,0.0,0.0,,0.0,0.0,0.0
2024-06-07,62.581,62.828,62.581,62.828,5700,358119.60000000003,0.0,0.0,0.0,0.0,,0.0,0.0,0.0
2024-06-10,62.581,62.581,62.581,62.581,301,18836.881,0.0,0.0,0.0,0.0,,0.0,0.0,0.0
2024-06-11,62.581,62.581,62.581,62.581,800,50064.8,0.0,0.0,0.0,0.0,,0.0,0.0,0.0
2024-06-12,62.581,62.581,62.581,62.581,800,50064.8,0.0,0.0,0.0,0.0,,0.0,0.0,0.0
2024-06-13,62.581,62.581,62.581,62.581,300,18774.3,0.0,0.0,0.0,0.0,,0.0,0.0,0.0
2024-06-14,62.581,62.828,62.581,62.828,300,18848.4,0.0,0.0,0.0,0.0,,0.0,0.0,0.0
2024-06-17,62.581,62.581,62.581,62.581,300,18774.3,0.0,0.0,0.0,0.0,,0.0,0.0,0.0
2024-06-18,62.581,62.581,62.581,62.581,0,0.0,0.0,0.0,0.0,0.0,,0.0,0.0,0.0
2024-06-19,62.581,63.321,62.581,63.321,1302,82443.942,0.0,0.0,0.0,0.0,,0.0,0.0,0.0
2024-06-20,63.074,63.567,63.074,63.567,710,45132.57,0.0,0.0,0.0,0.0,,0.0,0.0,0.0
2024-06-21,63.567,63.567,63.271,63.271,500,31635.5,0.0,0.0,0.0,0.0,,0.0,0.0,0.0
2024-06-24,63.37,63.37,63.37,63.37,0,0.0,0.0,0.0,0.0,0.0,,0.0,0.0,0.0
2024-06-25,63.37,63.37,63.37,63.37,0,0.0,0.0,0.0,0.0,0.0,,0.0,0.0,0.0
2024-06-26,63.419,63.419,63.074,63.321,503,31850.463,0.0,0.0,0.0,0.0,,0.0,0.0,0.0
2024-06-27,63.222,63.222,63.222,63.222,0,0.0,0.0,0.0,0.0,0.0,,0.0,0.0,0.0
2024-06-28,63.074,63.074,62.581,62.581,200,12516.2,0.0,0.0,0.0,0.0,,0.0,0.0,0.0
2024-07-01,62.828,62.828,62.828,62.828,200,12565.6,0.0,0.0,0.0,0.0,,0.0,0.0,0.0
2024-07-02,62.581,62.581,62.581,62.581,209,13079.429,0.0,0.0,0.0,0.0,,0.0,0.0,0.0
2024-07-03,62.631,63.321,62.581,62.976,3600,226713.6,0.0,0.0,0.0,0.0,,0.0,0.0,0.0
2024-07-04,63.567,64.06,63.567,64.06,1944,124532.64,0.0,0.0,0.0,0.0,,0.0,0.0,0.0
2024-07-05,64.553,64.553,64.06,64.06,600,38436.0,0.0,0.0,0.0,0.0,,0.0,0.0,0.0
2024-07-08,64.553,68.987,64.553,68.987,7000,482909.0,0.0,0.0,0.0,0.0,,0.0,0.0,0.0
2024-07-09,68.987,68.987,68.495,68.987,1902,131213.27399999998,0.0,0.0,0.0,0.0,,0.0,0.0,0.0
2024-07-10,68.741,68.938,68.741,68.938,1000,68938.0,0.0,0.0,0.0,0.0,,0.0,0.0,0.0
2024-07-11,68.938,68.938,68.938,68.938,0,0.0,0.0,0.0,0.0,0.0,,0.0,0.0,0.0
2024-07-12,68.938,68.938,66.819,66.819,1125,75171.375,0.0,0.0,0.0,0.0,,0.0,0.0,0.0
2024-07-15,68.987,68.987,64.553,64.553,1202,77592.70599999999,0.0,0.0,0.0,0.0,,0.0,0.0,0.0
2024-07-16,65.587,68.987,65.538,68.987,6109,421441.583,0.0,0.0,0.0,0.0,,0.0,0.0,0.0
2024-07-17,66.77,66.77,66.524,66.524,1000,66524.0,0.0,0.0,0.0,0.0,,0.0,0.0,0.0
2024-07-18,66.277,67.509,66.277,67.509,400,27003.6,0.0,0.0,0.0,0.0,,0.0,0.0,0.0
2024-07-19,66.524,66.573,66.524,66.524,1600,106438.4,0.0,0.0,0.0,0.0,,0.0,0.0,0.0
2024-07-22,68.495,68.987,68.248,68.987,1433,98858.371,0.0,0.0,0.0,0.0,,0.0,0.0,0.0
2024-07-23,68.79,68.987,68.79,68.987,1400,96581.8,0.0,0.0,0.0,0.0,,0.0,0.0,0.0
2024-07-24,68.938,69.973,68.938,68.987,2800,193163.6,0.0,0.0,0.0,0.0,,0.0,0.0,0.0
2024-07-25,70.712,71.451,69.973,69.973,800,55978.4,0.0,0.0,0.0,0.0,,0.0,0.0,0.0
2024-07-26,76.133,76.133,71.451,71.451,701,50087.151,0.0,0.0,0.0,0.0,,0.0,0.0,0.0
2024-07-29,73.176,73.176,73.176,73.176,0,0.0,0.0,0.0,0.0,0.0,,0.0,0.0,0.0
2024-07-30,76.379,76.379,75.837,75.837,200,15167.4,0.0,0.0,0.0,0.0,,0.0,0.0,0.0
2024-07-31,76.133,76.133,76.133,76.133,144,10963.152,0.0,0.0,0.0,0.0,,0.0,0.0,0.0
2024-08-01,71.944,72.19,71.944,72.19,200,14438.0,0.0,0.0,0.0,0.0,,0.0,0.0,0.0
2024-08-02,71.451,71.451,71.451,71.451,200,14290.2,0.0,0.0,0.0,0.0,,0.0,0.0,0.0
2024-08-05,71.451,73.817,71.451,73.669,1000,73669.0,0.0,0.0,0.0,0.0,,0.0,0.0,0.0
2024-08-06,73.028,73.028,73.028,73.028,45,3286.26,0.0,0.0,0.0,0.0,,0.0,0.0,0.0
2024-08-07,73.028,73.028,73.028,73.028,100,7302.8,0.0,0.0,0.0,0.0,,0.0,0.0,0.0
2024-08-08,72.338,72.338,70.959,71.451,903,64520.253,0.0,0.0,0.0,0.0,,0.0,0.0,0.0
2024-08-09,71.451,71.451,70.959,70.959,302,21429.618,0.0,0.0,0.0,0.0,,0.0,0.0,0.0
2024-08-12,71.106,71.106,71.106,71.106,0,0.0,0.0,0.0,0.0,0.0,,0.0,0.0,0.0
2024-08-13,68.987,68.987,68.987,68.987,300,20696.1,0.0,0.0,0.0,0.0,,0.0,0.0,0.0
2024-08-14,68.987,69.234,68.987,69.234,400,27693.6,0.0,0.0,0.0,0.0,,0.0,0.0,0.0
2024-08-15,69.234,69.234,69.234,69.234,100,6923.4,0.0,0.0,0.0,0.0,,0.0,0.0,0.0
2024-08-16,64.06,71.402,64.06,70.417,900,63375.3,0.0,0.0,0.0,0.0,,0.0,0.0,0.0
2024-08-19,69.185,69.185,69.185,69.185,0,0.0,0.0,0.0,0.0,0.0,,0.0,0.0,0.0
2024-08-20,65.045,70.466,65.045,68.987,800,55189.6,0.0,0.0,0.0,0.0,,0.0,0.0,0.0
2024-08-21,70.466,70.466,69.973,69.973,700,48981.1,0.0,0.0,0.0,0.0,,0.0,0.0,0.0
2024-08-22,70.466,70.466,69.973,69.973,200,13994.6,0.0,0.0,0.0,0.0,,0.0,0.0,0.0
2024-08-23,69.48,69.727,69.234,69.727,600,41836.2,0.0,0.0,0.0,0.0,,0.0,0.0,0.0
2024-08-26,69.48,69.48,69.48,69.48,200,13896.0,0.0,0.0,0.0,0.0,,0.0,0.0,0.0
2024-08-27,70.219,70.219,69.48,69.973,500,34986.5,0.0,0.0,0.0,0.0,,0.0,0.0,0.0
2024-08-28,69.825,69.825,69.825,69.825,10,698.25,0.0,0.0,0.0,0.0,,0.0,0.0,0.0
2024-08-29,70.121,70.121,70.121,70.121,100,7012.099999999999,0.0,0.0,0.0,0.0,,0.0,0.0,0.0
2024-08-30,69.973,73.915,69.973,73.915,2200,162613.0,0.0,0.0,0.0,0.0,,0.0,0.0,0.0
2024-09-04,73.915,73.915,71.944,71.944,1200,86332.8,0.0,0.0,0.0,0.0,,0.0,0.0,0.0
2024-09-05,73.767,73.767,73.767,73.767,5,368.835,0.0,0.0,0.0,0.0,,0.0,0.0,0.0
2024-09-06,73.817,74.162,73.817,74.162,1803,133714.086,0.0,0.0,0.0,0.0,,0.0,0.0,0.0
2024-09-09,74.408,81.307,74.162,74.162,1407,104345.934,0.0,0.0,0.0,0.0,,0.0,0.0,0.0
2024-09-10,85.249,85.249,85.249,85.249,103,8780.646999999999,0.0,0.0,0.0,0.0,,0.0,0.0,0.0
2024-09-11,85.249,85.249,85.249,85.249,6,511.494,0.0,0.0,0.0,0.0,,0.0,0.0,0.0
2024-09-12,85.249,85.249,85.249,85.249,0,0.0,0.0,0.0,0.0,0.0,,0.0,0.0,0.0
2024-09-13,85.249,85.249,85.249,85.249,0,0.0,0.0,0.0,0.0,0.0,,0.0,0.0,0.0
2024-09-16,85.249,85.249,85.249,85.249,1,85.249,0.0,0.0,0.0,0.0,,0.0,0.0,0.0
2024-09-17,83.721,83.721,78.843,82.982,2521,209197.622,0.0,0.0,0.0,0.0,,0.0,0.0,0.0
2024-09-18,82.982,82.982,82.785,82.785,200,16557.0,0.0,0.0,0.0,0.0,,0.0,0.0,0.0
2024-09-19,83.771,83.771,78.843,82.243,1389,114235.527,0.0,0.0,0.0,0.0,,0.0,0.0,0.0
2024-09-20,81.011,81.011,81.011,81.011,0,0.0,0.0,0.0,0.0,0.0,,0.0,0.0,0.0
2024-09-23,70.022,83.721,70.022,83.721,300,25116.300000000003,0.0,0.0,0.0,0.0,,0.0,0.0,0.0
2024-09-24,83.031,83.031,78.843,78.843,301,23731.743,0.0,0.0,0.0,0.0,,0.0,0.0,0.0
2024-09-25,80.223,80.223,80.223,80.223,0,0.0,0.0,0.0,0.0,0.0,,0.0,0.0,0.0
2024-09-26,80.223,80.223,80.223,80.223,0,0.0,0.0,0.0,0.0,0.0,,0.0,0.0,0.0
2024-09-27,83.771,83.771,83.771,83.771,100,8377.1,0.0,0.0,0.0,0.0,,0.0,0.0,0.0
2024-09-30,78.843,81.257,78.794,81.257,1100,89382.70000000001,0.0,0.0,0.0,0.0,,0.0,0.0,0.0
2024-10-01,74.408,81.257,73.915,81.257,1901,154469.557,0.0,0.0,0.0,0.0,,0.0,0.0,0.0
2024-10-02,83.771,83.771,78.892,79.779,1503,119907.837,0.0,0.0,0.0,0.0,,0.0,0.0,0.0
2024-10-03,79.336,79.336,79.336,79.336,600,47601.6,0.0,0.0,0.0,0.0,,0.0,0.0,0.0
2024-10-04,79.336,79.336,79.336,79.336,0,0.0,0.0,0.0,0.0,0.0,,0.0,0.0,0.0
2024-10-07,74.457,80.223,74.457,80.223,300,24066.9,0.0,0.0,0.0,0.0,,0.0,0.0,0.0
2024-10-08,79.828,79.828,79.828,79.828,100,7982.8,0.0,0.0,0.0,0.0,,0.0,0.0,0.0
2024-10-09,79.828,79.828,79.828,79.828,200,15965.6,0.0,0.0,0.0,0.0,,0.0,0.0,0.0
2024-10-10,79.828,79.828,79.828,79.828,200,15965.6,0.0,0.0,0.0,0.0,,0.0,0.0,0.0
2024-10-11,79.828,79.828,79.828,79.828,0,0.0,0.0,0.0,0.0,0.0,,0.0,0.0,0.0
2024-10-14,79.828,79.828,79.828,79.828,100,7982.8,0.0,0.0,0.0,0.0,,0.0,0.0,0.0
2024-10-15,79.828,81.307,79.336,79.336,400,31734.4,0.0,0.0,0.0,0.0,,0.0,0.0,0.0
2024-10-16,80.469,80.469,80.469,80.469,0,0.0,0.0,0.0,0.0,0.0,,0.0,0.0,0.0
2024-10-17,80.571,81.263,80.571,81.263,600,48757.8,0.0,0.0,0.0,0.0,,0.0,0.0,0.0
2024-10-18,81.065,81.312,81.065,81.312,1800,146361.6,0.0,0.0,0.0,0.0,,0.0,0.0,0.0
2024-10-21,81.312,81.312,81.312,81.312,0,0.0,0.0,0.0,0.0,0.0,,0.0,0.0,0.0
2024-10-22,80.571,81.312,80.571,81.312,400,32524.8,0.0,0.0,0.0,0.0,,0.0,0.0,0.0
2024-10-23,81.016,81.016,81.016,81.016,0,0.0,0.0,0.0,0.0,0.0,,0.0,0.0,0.0
2024-10-24,79.088,79.088,79.088,79.088,100,7908.799999999999,0.0,0.0,0.0,0.0,,0.0,0.0,0.0
2024-10-25,74.194,79.088,74.194,79.088,300,23726.4,0.0,0.0,0.0,0.0,,0.0,0.0,0.0
2024-10-28,77.457,77.457,76.617,76.617,1001,76693.617,0.0,0.0,0.0,0.0,,0.0,0.0,0.0
2024-10-29,76.617,76.617,76.617,76.617,300,22985.1,0.0,0.0,0.0,0.0,,0.0,0.0,0.0
2024-10-30,74.194,74.194,74.145,74.145,1200,88974.0,0.0,0.0,0.0,0.0,,0.0,0.0,0.0
2024-10-31,74.145,74.145,74.145,74.145,0,0.0,0.0,0.0,0.0,0.0,,0.0,0.0,0.0
2024-11-01,70.191,74.145,70.191,74.145,1100,81559.5,0.0,0.0,0.0,0.0,,0.0,0.0,0.0
2024-11-04,77.605,77.605,77.605,77.605,100,7760.5,0.0,0.0,0.0,0.0,,0.0,0.0,0.0
2024-11-05,77.605,77.605,77.605,77.605,0,0.0,0.0,0.0,0.0,0.0,,0.0,0.0,0.0
2024-11-06,77.605,77.605,77.605,77.605,100,7760.5,0.0,0.0,0.0,0.0,,0.0,0.0,0.0
2024-11-07,74.145,74.145,71.674,71.674,1201,86080.474,0.0,0.0,0.0,0.0,,0.0,0.0,0.0
2024-11-08,72.069,72.069,72.069,72.069,1,72.069,0.0,0.0,0.0,0.0,,0.0,0.0,0.0
2024-11-11,71.674,71.674,71.674,71.674,1000,71674.0,0.0,0.0,0.0,0.0,,0.0,0.0,0.0
2024-11-12,71.674,71.674,71.674,71.674,0,0.0,0.0,0.0,0.0,0.0,,0.0,0.0,0.0
2024-11-13,71.674,71.674,71.674,71.674,0,0.0,0.0,0.0,0.0,0.0,,0.0,0.0,0.0
2024-11-14,71.674,71.674,71.674,71.674,301,21573.874000000003,0.0,0.0,0.0,0.0,,0.0,0.0,0.0
2024-11-15,71.674,71.674,71.674,71.674,0,0.0,0.0,0.0,0.0,0.0,,0.0,0.0,0.0
2024-11-18,70.191,70.191,70.191,70.191,1100,77210.1,0.0,0.0,0.0,0.0,,0.0,0.0,0.0
2024-11-19,70.438,70.438,67.225,68.955,500,34477.5,0.0,0.0,0.0,0.0,,0.0,0.0,0.0
2024-11-20,69.202,69.696,68.757,69.696,400,27878.4,0.0,0.0,0.0,0.0,,0.0,0.0,0.0
2024-11-21,70.191,70.191,69.202,69.202,300,20760.6,0.0,0.0,0.0,0.0,,0.0,0.0,0.0
2024-11-22,69.35,71.674,69.202,71.674,1800,129013.2,0.0,0.0,0.0,0.0,,0.0,0.0,0.0
2024-11-25,67.324,71.426,67.324,71.426,600,42855.6,0.0,0.0,0.0,0.0,,0.0,0.0,0.0
2024-11-26,70.339,70.339,70.339,70.339,0,0.0,0.0,0.0,0.0,0.0,,0.0,0.0,0.0
2024-11-27,70.784,70.932,68.213,68.213,1600,109140.8,0.0,0.0,0.0,0.0,,0.0,0.0,0.0
2024-11-28,69.202,69.202,68.955,68.955,1700,117223.5,0.0,0.0,0.0,0.0,,0.0,0.0,0.0
2024-11-29,70.438,70.438,69.202,69.202,1100,76122.2,0.0,0.0,0.0,0.0,,0.0,0.0,0.0
2024-12-02,68.213,69.696,68.213,69.696,1400,97574.4,0.0,0.0,0.0,0.0,,0.0,0.0,0.0
2024-12-03,69.004,69.449,69.004,69.202,400,27680.8,0.0,0.0,0.0,0.0,,0.0,0.0,0.0
2024-12-04,69.301,69.301,67.719,68.708,1200,82449.59999999999,0.0,0.0,0.0,0.0,,0.0,0.0,0.0
2024-12-05,67.966,68.213,67.818,67.818,1800,122072.4,0.0,0.0,0.0,0.0,,0.0,0.0,0.0
2024-12-06,67.867,67.867,67.373,67.571,15910,1075054.61,0.0,0.0,0.0,0.0,,0.0,0.0,0.0
2024-12-09,67.67,67.719,67.67,67.719,2100,142209.9,0.0,0.0,0.0,0.0,,0.0,0.0,0.0
2024-12-10,67.719,67.719,67.719,67.719,1300,88034.7,0.0,0.0,0.0,0.0,,0.0,0.0,0.0
2024-12-11,67.966,67.966,67.719,67.917,1500,101875.5,0.0,0.0,0.0,0.0,,0.0,0.0,0.0
2024-12-12,67.818,67.818,67.818,67.818,300,20345.4,0.0,0.0,0.0,0.0,,0.0,0.0,0.0
2024-12-13,68.807,68.807,68.807,68.807,100,6880.7,0.0,0.0,0.0,0.0,,0.0,0.0,0.0
2024-12-16,68.905,68.905,68.609,68.609,600,41165.4,0.0,0.0,0.0,0.0,,0.0,0.0,0.0
2024-12-17,67.769,67.966,67.769,67.818,600,40690.8,0.0,0.0,0.0,0.0,,0.0,0.0,0.0
2024-12-18,67.966,68.213,67.818,68.115,2300,156664.5,0.0,0.0,0.0,0.0,,0.0,0.0,0.0
2024-12-19,68.065,68.065,68.065,68.065,200,13613.0,0.0,0.0,0.0,0.0,,0.0,0.0,0.0
2024-12-20,67.324,67.373,67.324,67.373,200,13474.6,0.0,0.0,0.0,0.0,,0.0,0.0,0.0
2024-12-23,67.521,67.521,67.521,67.521,100,6752.1,0.0,0.0,0.0,0.0,,0.0,0.0,0.0
2024-12-24,67.769,68.708,67.769,68.115,500,34057.5,0.0,0.0,0.0,0.0,,0.0,0.0,0.0
2024-12-25,67.769,68.213,67.719,67.966,6500,441779.0,0.0,0.0,0.0,0.0,,0.0,0.0,0.0
2024-12-26,67.966,67.966,67.966,67.966,500,33983.0,0.0,0.0,0.0,0.0,,0.0,0.0,0.0
2024-12-27,67.966,67.966,67.966,67.966,500,33983.0,0.0,0.0,0.0,0.0,,0.0,0.0,0.0
2024-12-30,67.966,67.966,67.719,67.719,700,47403.3,0.0,0.0,0.0,0.0,,0.0,0.0,0.0
2024-12-31,66.978,67.719,66.978,67.719,1220,82617.18,0.0,0.0,0.0,0.0,,0.0,0.0,0.0
2025-01-02,68.658,68.708,68.658,68.708,500,34354.0,0.0,0.0,0.0,0.0,,0.0,0.0,0.0
2025-01-03,67.769,67.769,67.719,67.719,200,13543.8,0.0,0.0,0.0,0.0,,0.0,0.0,0.0
2025-01-06,67.769,67.769,67.472,67.472,1005,67809.36,0.0,0.0,0.0,0.0,,0.0,0.0,0.0
2025-01-07,67.571,67.571,66.731,67.324,1300,87521.2,0.0,0.0,0.0,0.0,,0.0,0.0,0.0
2025-01-08,67.274,67.274,67.225,67.225,1800,121005.0,0.0,0.0,0.0,0.0,,0.0,0.0,0.0
2025-01-09,67.225,67.225,67.225,67.225,0,0.0,0.0,0.0,0.0,0.0,,0.0,0.0,0.0
2025-01-10,67.966,67.966,67.966,67.966,100,6796.599999999999,0.0,0.0,0.0,0.0,,0.0,0.0,0.0
2025-01-13,67.966,67.966,67.966,67.966,20,1359.32,0.0,0.0,0.0,0.0,,0.0,0.0,0.0
2025-01-14,69.202,71.674,69.202,71.13,10125,720191.25,0.0,0.0,0.0,0.0,,0.0,0.0,0.0
2025-01-15,69.202,69.202,68.708,68.708,700,48095.6,0.0,0.0,0.0,0.0,,0.0,0.0,0.0
2025-01-16,69.202,69.202,68.213,68.213,200,13642.6,0.0,0.0,0.0,0.0,,0.0,0.0,0.0
2025-01-17,67.966,68.213,67.966,68.213,900,61391.7,0.0,0.0,0.0,0.0,,0.0,0.0,0.0
2025-01-20,67.719,67.719,67.472,67.472,1000,67472.0,0.0,0.0,0.0,0.0,,0.0,0.0,0.0
2025-01-21,67.521,67.521,66.483,66.483,3810,253300.23,0.0,0.0,0.0,0.0,,0.0,0.0,0.0
2025-01-22,66.731,66.978,60.057,66.632,4722,314636.304,0.0,0.0,0.0,0.0,,0.0,0.0,0.0
2025-01-23,66.038,66.038,66.038,66.038,0,0.0,0.0,0.0,0.0,0.0,,0.0,0.0,0.0
2025-01-24,66.731,66.978,66.731,66.78,1500,100170.0,0.0,0.0,0.0,0.0,,0.0,0.0,0.0
2025-02-03,61.886,63.27,61.886,62.875,800,50300.0,0.0,0.0,0.0,0.0,,0.0,0.0,0.0
2025-02-04,63.765,67.472,63.27,67.472,3200,215910.4,0.0,0.0,0.0,0.0,,0.0,0.0,0.0
2025-02-05,66.731,66.731,66.681,66.681,800,53344.8,0.0,0.0,0.0,0.0,,0.0,0.0,0.0
2025-02-06,65.248,65.989,65.248,65.989,203,13395.767000000002,0.0,0.0,0.0,0.0,,0.0,0.0,0.0
2025-02-07,67.225,67.225,67.225,67.225,120,8066.999999999999,0.0,0.0,0.0,0.0,,0.0,0.0,0.0
2025-02-10,67.225,67.225,67.225,67.225,400,26890.0,0.0,0.0,0.0,0.0,,0.0,0.0,0.0
2025-02-11,66.829,67.719,66.829,67.719,1200,81262.79999999999,0.0,0.0,0.0,0.0,,0.0,0.0,0.0
2025-02-12,66.731,66.731,66.731,66.731,600,40038.6,0.0,0.0,0.0,0.0,,0.0,0.0,0.0
2025-02-13,66.731,66.731,66.731,66.731,0,0.0,0.0,0.0,0.0,0.0,,0.0,0.0,0.0
2025-02-14,66.731,66.731,66.731,66.731,200,13346.2,0.0,0.0,0.0,0.0,,0.0,0.0,0.0
2025-02-17,66.731,67.719,66.731,67.225,1900,127727.5,0.0,0.0,0.0,0.0,,0.0,0.0,0.0
2025-02-18,69.202,69.696,68.955,69.696,3700,257875.2,0.0,0.0,0.0,0.0,,0.0,0.0,0.0
2025-02-19,69.795,69.845,69.795,69.845,305,21302.725,0.0,0.0,0.0,0.0,,0.0,0.0,0.0
2025-02-20,69.943,70.438,69.943,70.438,1300,91569.4,0.0,0.0,0.0,0.0,,0.0,0.0,0.0
2025-02-21,70.932,70.932,70.685,70.734,700,49513.8,0.0,0.0,0.0,0.0,,0.0,0.0,0.0
2025-02-24,70.734,70.734,70.191,70.191,603,42325.173,0.0,0.0,0.0,0.0,,0.0,0.0,0.0
2025-02-25,70.191,70.438,70.191,70.438,1500,105657.0,0.0,0.0,0.0,0.0,,0.0,0.0,0.0
2025-02-26,71.179,72.168,71.179,71.674,1704,122132.496,0.0,0.0,0.0,0.0,,0.0,0.0,0.0
2025-02-27,71.674,71.674,71.674,71.674,100,7167.400000000001,0.0,0.0,0.0,0.0,,0.0,0.0,0.0
2025-02-28,71.525,71.674,71.525,71.674,201,14406.474000000002,0.0,0.0,0.0,0.0,,0.0,0.0,0.0
2025-03-03,72.168,72.662,72.168,72.662,600,43597.2,0.0,0.0,0.0,0.0,,0.0,0.0,0.0
2025-03-04,73.552,73.651,73.552,73.601,400,29440.4,0.0,0.0,0.0,0.0,,0.0,0.0,0.0
2025-03-05,71.921,71.921,71.921,71.921,1044,75085.524,0.0,0.0,0.0,0.0,,0.0,0.0,0.0
2025-03-06,71.921,71.921,71.921,71.921,0,0.0,0.0,0.0,0.0,0.0,,0.0,0.0,0.0
2025-03-07,73.404,74.145,73.404,74.145,1500,111217.5,0.0,0.0,0.0,0.0,,0.0,0.0,0.0
2025-03-10,74.145,74.639,74.145,74.639,1405,104867.795,0.0,0.0,0.0,0.0,,0.0,0.0,0.0
2025-03-11,74.54,74.54,74.54,74.54,100,7454.000000000001,0.0,0.0,0.0,0.0,,0.0,0.0,0.0
2025-03-12,74.639,76.617,74.639,76.32,6400,488448.0,0.0,0.0,0.0,0.0,,0.0,0.0,0.0
2025-03-13,76.32,76.32,76.32,76.32,200,15263.999999999998,0.0,0.0,0.0,0.0,,0.0,0.0,0.0
2025-03-14,76.419,76.617,76.419,76.617,1000,76617.0,0.0,0.0,0.0,0.0,,0.0,0.0,0.0
2025-03-17,76.617,79.088,76.617,78.05,1900,148295.0,0.0,0.0,0.0,0.0,,0.0,0.0,0.0
2025-03-18,77.902,77.902,77.902,77.902,3308,257699.816,0.0,0.0,0.0,0.0,,0.0,0.0,0.0
2025-03-19,77.902,80.077,77.902,80.077,902,72229.454,0.0,0.0,0.0,0.0,,0.0,0.0,0.0
2025-03-20,79.286,79.582,79.286,79.582,600,47749.2,0.0,0.0,0.0,0.0,,0.0,0.0,0.0
2025-03-21,79.335,79.582,79.335,79.582,401,31912.382,0.0,0.0,0.0,0.0,,0.0,0.0,0.0
2025-03-24,79.385,79.385,79.385,79.385,109,8652.965,0.0,0.0,0.0,0.0,,0.0,0.0,0.0
2025-03-25,79.385,79.385,79.385,79.385,0,0.0,0.0,0.0,0.0,0.0,,0.0,0.0,0.0
2025-03-26,79.385,79.385,79.385,79.385,0,0.0,0.0,0.0,0.0,0.0,,0.0,0.0,0.0
2025-03-27,79.385,79.385,79.385,79.385,300,23815.5,0.0,0.0,0.0,0.0,,0.0,0.0,0.0
2025-03-28,79.385,79.385,79.385,79.385,0,0.0,0.0,0.0,0.0,0.0,,0.0,0.0,0.0
2025-03-31,79.088,79.088,78.099,78.099,1600,124958.4,0.0,0.0,0.0,0.0,,0.0,0.0,0.0
2025-04-01,78.594,78.594,78.099,78.099,1400,109338.6,0.0,0.0,0.0,0.0,,0.0,0.0,0.0
2025-04-02,78.594,78.594,78.594,78.594,100,7859.4,0.0,0.0,0.0,0.0,,0.0,0.0,0.0
2025-04-03,78.099,78.099,78.099,78.099,101,7887.999000000001,0.0,0.0,0.0,0.0,,0.0,0.0,0.0
2025-04-04,66.731,78.05,66.731,78.05,2300,179515.0,0.0,0.0,0.0,0.0,,0.0,0.0,0.0
2025-04-08,74.145,74.145,71.674,71.674,10501,752648.6740000001,0.0,0.0,0.0,0.0,,0.0,0.0,0.0
2025-04-09,71.624,71.674,71.624,71.674,7900,566224.6000000001,0.0,0.0,0.0,0.0,,0.0,0.0,0.0
2025-04-10,76.617,76.617,76.617,76.617,200,15323.4,0.0,0.0,0.0,0.0,,0.0,0.0,0.0
2025-04-11,76.617,76.617,76.617,76.617,0,0.0,0.0,0.0,0.0,0.0,,0.0,0.0,0.0
2025-04-14,76.617,76.617,76.617,76.617,0,0.0,0.0,0.0,0.0,0.0,,0.0,0.0,0.0
2025-04-15,76.617,76.617,76.617,76.617,0,0.0,0.0,0.0,0.0,0.0,,0.0,0.0,0.0
2025-04-16,76.617,76.617,76.617,76.617,0,0.0,0.0,0.0,0.0,0.0,,0.0,0.0,0.0
2025-04-17,74.145,74.145,74.145,74.145,200,14829.0,0.0,0.0,0.0,0.0,,0.0,0.0,0.0
2025-04-18,74.145,74.145,74.145,74.145,500,37072.5,0.0,0.0,0.0,0.0,,0.0,0.0,0.0
2025-04-21,74.145,74.145,74.145,74.145,200,14829.0,0.0,0.0,0.0,0.0,,0.0,0.0,0.0
2025-04-22,74.145,74.145,74.145,74.145,100,7414.5,0.0,0.0,0.0,0.0,,0.0,0.0,0.0
2025-04-23,74.145,74.145,74.145,74.145,0,0.0,0.0,0.0,0.0,0.0,,0.0,0.0,0.0
2025-04-24,74.145,79.088,74.145,79.088,1483,117287.504,0.0,0.0,0.0,0.0,,0.0,0.0,0.0
2025-04-25,74.145,74.145,74.145,74.145,100,7414.5,0.0,0.0,0.0,0.0,,0.0,0.0,0.0
2025-04-28,74.145,74.145,74.145,74.145,0,0.0,0.0,0.0,0.0,0.0,,0.0,0.0,0.0
2025-04-29,74.145,74.145,74.145,74.145,0,0.0,0.0,0.0,0.0,0.0,,0.0,0.0,0.0
2025-05-05,74.194,74.194,74.145,74.145,2000,148290.0,0.0,0.0,0.0,0.0,,0.0,0.0,0.0
2025-05-06,74.194,74.194,74.194,74.194,0,0.0,0.0,0.0,0.0,0.0,,0.0,0.0,0.0
2025-05-07,74.194,74.194,74.194,74.194,0,0.0,0.0,0.0,0.0,0.0,,0.0,0.0,0.0
2025-05-08,74.194,74.194,74.194,74.194,0,0.0,0.0,0.0,0.0,0.0,,0.0,0.0,0.0
2025-05-09,74.194,74.194,74.194,74.194,1,74.194,0.0,0.0,0.0,0.0,,0.0,0.0,0.0
2025-05-12,74.145,74.145,74.145,74.145,100,7414.5,0.0,0.0,0.0,0.0,,0.0,0.0,0.0
2025-05-13,74.145,74.145,74.145,74.145,600,44487.0,0.0,0.0,0.0,0.0,,0.0,0.0,0.0
2025-05-14,76.617,76.617,76.617,76.617,300,22985.1,0.0,0.0,0.0,0.0,,0.0,0.0,0.0
2025-05-15,76.617,76.617,76.617,76.617,500,38308.5,0.0,0.0,0.0,0.0,,0.0,0.0,0.0
2025-05-16,76.617,76.617,76.617,76.617,200,15323.4,0.0,0.0,0.0,0.0,,0.0,0.0,0.0
2025-05-19,76.617,76.617,76.617,76.617,0,0.0,0.0,0.0,0.0,0.0,,0.0,0.0,0.0
2025-05-20,81.56,81.56,74.639,74.639,202,15077.078,0.0,0.0,0.0,0.0,,0.0,0.0,0.0
2025-05-21,78.099,78.099,78.099,78.099,0,0.0,0.0,0.0,0.0,0.0,,0.0,0.0,0.0
2025-05-22,72.168,74.145,72.168,74.145,200,14829.0,0.0,0.0,0.0,0.0,,0.0,0.0,0.0
2025-05-23,73.156,73.156,73.156,73.156,0,0.0,0.0,0.0,0.0,0.0,,0.0,0.0,0.0
2025-05-26,77.605,77.605,77.605,77.605,200,15521.0,0.0,0.0,0.0,0.0,,0.0,0.0,0.0
2025-05-27,77.605,77.605,77.605,77.605,0,0.0,0.0,0.0,0.0,0.0,,0.0,0.0,0.0
2025-05-28,77.605,81.56,77.605,81.56,3800,309928.0,0.0,0.0,0.0,0.0,,0.0,0.0,0.0
2025-05-29,84.031,84.031,80.077,84.031,300,25209.300000000003,0.0,0.0,0.0,0.0,,0.0,0.0,0.0
2025-05-30,83.042,83.042,83.042,83.042,200,16608.4,0.0,0.0,0.0,0.0,,0.0,0.0,0.0
2025-06-02,83.042,86.503,83.042,86.503,900,77852.7,0.0,0.0,0.0,0.0,,0.0,0.0,0.0
2025-06-03,85.514,85.514,79.137,79.137,500,39568.5,0.0,0.0,0.0,0.0,,0.0,0.0,0.0
2025-06-04,81.609,81.609,81.609,81.609,0,0.0,0.0,0.0,0.0,0.0,,0.0,0.0,0.0
2025-06-05,78.099,78.099,77.111,77.111,900,69399.90000000001,0.0,0.0,0.0,0.0,,0.0,0.0,0.0
2025-06-06,77.803,77.803,77.803,77.803,0,0.0,0.0,0.0,0.0,0.0,,0.0,0.0,0.0
2025-06-09,88.974,89.468,88.974,89.172,6309,562586.1479999999,0.0,0.0,0.0,0.0,,0.0,0.0,0.0
2025-06-10,88.48,88.974,84.031,84.031,2206,185372.386,0.0,0.0,0.0,0.0,,0.0,0.0,0.0
2025-06-11,88.974,88.974,79.088,79.286,1503,119166.858,0.0,0.0,0.0,0.0,,0.0,0.0,0.0
2025-06-12,81.065,81.065,79.088,79.088,2200,173993.59999999998,0.0,0.0,0.0,0.0,,0.0,0.0,0.0
2025-06-13,79.978,79.978,79.978,79.978,1,79.978,0.0,0.0,0.0,0.0,,0.0,0.0,0.0
2025-06-16,85.02,86.997,75.134,75.134,1000,75134.0,0.0,0.0,0.0,0.0,,0.0,0.0,0.0
2025-06-17,80.67,80.67,79.582,79.582,1503,119611.74599999998,0.0,0.0,0.0,0.0,,0.0,0.0,0.0
2025-06-18,79.978,79.978,79.978,79.978,0,0.0,0.0,0.0,0.0,0.0,,0.0,0.0,0.0
2025-06-19,84.031,84.031,83.042,83.042,500,41521.0,0.0,0.0,0.0,0.0,,0.0,0.0,0.0
2025-06-20,80.571,81.065,80.077,81.065,600,48639.0,0.0,0.0,0.0,0.0,,0.0,0.0,0.0
2025-06-23,80.769,80.769,80.67,80.67,7000,564690.0,0.0,0.0,0.0,0.0,,0.0,0.0,0.0
2025-06-24,80.373,80.571,80.077,80.571,7410,597031.11,0.0,0.0,0.0,0.0,,0.0,0.0,0.0
2025-06-25,80.077,80.077,80.077,80.077,1100,88084.7,0.0,0.0,0.0,0.0,,0.0,0.0,0.0
2025-06-26,80.077,80.077,80.077,80.077,6301,504565.177,0.0,0.0,0.0,0.0,,0.0,0.0,0.0
2025-06-27,79.582,79.582,79.582,79.582,512,40745.984,0.0,0.0,0.0,0.0,,0.0,0.0,0.0
2025-06-30,79.582,79.681,79.582,79.681,600,47808.6,0.0,0.0,0.0,0.0,,0.0,0.0,0.0
2025-07-01,79.681,79.681,79.681,79.681,0,0.0,0.0,0.0,0.0,0.0,,0.0,0.0,0.0
2025-07-02,79.681,79.681,79.681,79.681,0,0.0,0.0,0.0,0.0,0.0,,0.0,0.0,0.0
2025-07-03,80.077,80.077,79.582,80.077,1600,128123.2,0.0,0.0,0.0,0.0,,0.0,0.0,0.0
2025-07-04,79.879,79.879,79.879,79.879,0,0.0,0.0,0.0,0.0,0.0,,0.0,0.0,0.0
2025-07-07,79.879,79.879,79.879,79.879,21,1677.459,0.0,0.0,0.0,0.0,,0.0,0.0,0.0
2025-07-08,82.054,82.054,82.054,82.054,114,9354.156,0.0,0.0,0.0,0.0,,0.0,0.0,0.0
2025-07-09,82.054,82.054,79.187,79.187,809,64062.283,0.0,0.0,0.0,0.0,,0.0,0.0,0.0
2025-07-10,76.617,78.099,76.617,76.913,2500,192282.5,0.0,0.0,0.0,0.0,,0.0,0.0,0.0
2025-07-11,83.042,83.042,83.042,83.042,133,11044.586,0.0,0.0,0.0,0.0,,0.0,0.0,0.0
2025-07-14,80.077,80.077,79.088,80.077,6800,544523.6,0.0,0.0,0.0,0.0,,0.0,0.0,0.0
2025-07-15,79.978,79.978,79.978,79.978,0,0.0,0.0,0.0,0.0,0.0,,0.0,0.0,0.0
2025-07-16,77.309,77.309,77.309,77.309,100,7730.9,0.0,0.0,0.0,0.0,,0.0,0.0,0.0
2025-07-17,77.309,77.309,77.309,77.309,0,0.0,0.0,0.0,0.0,0.0,,0.0,0.0,0.0
2025-07-18,70.191,82.054,70.191,80.077,5800,464446.6,0.0,0.0,0.0,0.0,,0.0,0.0,0.0
2025-07-21,80.077,80.077,80.077,80.077,209,16736.093,0.0,0.0,0.0,0.0,,0.0,0.0,0.0
2025-07-22,82.054,83.932,82.054,82.647,1802,148929.894,0.0,0.0,0.0,0.0,,0.0,0.0,0.0
2025-07-23,82.746,87.985,82.746,87.491,2689,235263.299,0.0,0.0,0.0,0.0,,0.0,0.0,0.0
2025-07-24,83.141,83.141,83.141,83.141,0,0.0,0.0,0.0,0.0,0.0,,0.0,0.0,0.0
2025-07-25,79.187,85.02,79.187,84.031,1010,84871.31000000001,0.0,0.0,0.0,0.0,,0.0,0.0,0.0
2025-07-28,83.734,83.734,83.734,83.734,2,167.468,0.0,0.0,0.0,0.0,,0.0,0.0,0.0
2025-07-29,83.734,84.031,83.734,83.734,1613,135062.94199999998,0.0,0.0,0.0,0.0,,0.0,0.0,0.0
2025-07-30,81.757,82.746,81.757,82.153,2200,180736.6,0.0,0.0,0.0,0.0,,0.0,0.0,0.0
2025-07-31,82.153,82.153,82.153,82.153,0,0.0,0.0,0.0,0.0,0.0,,0.0,0.0,0.0
2025-08-01,82.153,82.153,82.153,82.153,0,0.0,0.0,0.0,0.0,0.0,,0.0,0.0,0.0
2025-08-04,81.065,81.065,81.065,81.065,213,17266.845,0.0,0.0,0.0,0.0,,0.0,0.0,0.0
2025-08-05,81.658,82.647,81.658,82.647,600,49588.2,0.0,0.0,0.0,0.0,,0.0,0.0,0.0
2025-08-06,84.031,84.031,84.031,84.031,600,50418.600000000006,0.0,0.0,0.0,0.0,,0.0,0.0,0.0
2025-08-07,84.031,84.031,84.031,84.031,100,8403.1,0.0,0.0,0.0,0.0,,0.0,0.0,0.0
2025-08-08,82.35,82.548,82.054,82.153,24500,2012748.5,0.0,0.0,0.0,0.0,,0.0,0.0,0.0
2025-08-11,84.031,85.02,84.031,84.13,3723,313215.99,0.0,0.0,0.0,0.0,,0.0,0.0,0.0
2025-08-12,84.13,85.02,82.252,84.328,5300,446938.4,0.0,0.0,0.0,0.0,,0.0,0.0,0.0
2025-08-13,84.031,85.02,84.031,85.02,1400,119028.0,0.0,0.0,0.0,0.0,,0.0,0.0,0.0
2025-08-14,82.054,85.02,82.054,84.426,3400,287048.4,0.0,0.0,0.0,0.0,,0.0,0.0,0.0
2025-08-15,83.141,84.426,82.153,82.153,2300,188951.9,0.0,0.0,0.0,0.0,,0.0,0.0,0.0
2025-08-18,82.548,84.525,82.548,83.24,2600,216424.0,0.0,0.0,0.0,0.0,,0.0,0.0,0.0
2025-08-19,83.141,84.624,83.141,83.636,550,45999.8,0.0,0.0,0.0,0.0,,0.0,0.0,0.0
2025-08-20,84.031,88.974,83.734,84.031,1600,134449.6,0.0,0.0,0.0,0.0,,0.0,0.0,0.0
2025-08-21,82.054,84.031,82.054,84.031,700,58821.7,0.0,0.0,0.0,0.0,,0.0,0.0,0.0
2025-08-22,83.141,84.031,83.141,83.636,1200,100363.2,0.0,0.0,0.0,0.0,,0.0,0.0,0.0
2025-08-25,83.24,83.537,83.24,83.537,400,33414.8,0.0,0.0,0.0,0.0,,0.0,0.0,0.0
2025-08-26,83.24,83.24,83.24,83.24,200,16648.0,0.0,0.0,0.0,0.0,,0.0,0.0,0.0
2025-08-27,80.571,93.818,80.571,84.426,400,33770.4,0.0,0.0,0.0,0.0,,0.0,0.0,0.0
2025-08-28,84.822,84.822,84.822,84.822,0,0.0,0.0,0.0,0.0,0.0,,0.0,0.0,0.0
2025-08-29,89.963,89.963,85.118,85.118,1100,93629.8,0.0,0.0,0.0,0.0,,0.0,0.0,0.0
2025-09-03,85.514,85.514,85.514,85.514,0,0.0,0.0,0.0,0.0,0.0,,0.0,0.0,0.0
2025-09-04,82.153,91.94,82.153,90.951,10900,991365.9,0.0,0.0,0.0,0.0,,0.0,0.0,0.0
2025-09-05,89.172,90.457,89.172,90.457,302,27318.014,0.0,0.0,0.0,0.0,,0.0,0.0,0.0
2025-09-08,86.503,86.503,86.503,86.503,100,8650.3,0.0,0.0,0.0,0.0,,0.0,0.0,0.0
2025-09-09,88.5,90.2,88.5,90.2,300,27060.0,0.0,0.0,0.0,0.0,,0.0,0.0,0.0
2025-09-10,90.0,91.1,90.0,91.1,200,18220.0,0.0,0.0,0.0,0.0,,0.0,0.0,0.0
2025-09-11,91.1,91.1,91.1,91.1,111,10112.1,0.0,0.0,0.0,0.0,,0.0,0.0,0.0
2025-09-12,93.0,95.0,93.0,95.0,1116,106020.0,0.0,0.0,0.0,0.0,,0.0,0.0,0.0
2025-09-15,94.9,99.0,94.9,99.0,1300,128700.0,0.0,0.0,0.0,0.0,,0.0,0.0,0.0
2025-09-16,102.0,102.0,102.0,102.0,100,10200.0,0.0,0.0,0.0,0.0,,0.0,0.0,0.0
2025-09-17,114.0,114.0,110.0,110.0,1301,143110.0,0.0,0.0,0.0,0.0,,0.0,0.0,0.0
2025-09-18,113.5,113.5,110.0,110.0,1100,121000.0,0.0,0.0,0.0,0.0,,0.0,0.0,0.0
2025-09-19,105.0,105.0,104.5,105.0,6618,694890.0,0.0,0.0,0.0,0.0,,0.0,0.0,0.0
2025-09-22,105.0,105.0,105.0,105.0,0,0.0,0.0,0.0,0.0,0.0,,0.0,0.0,0.0
2025-09-23,90.1,103.0,90.1,103.0,410,42230.0,0.0,0.0,0.0,0.0,,0.0,0.0,0.0
2025-09-24,94.3,104.8,94.3,104.8,1635,171348.0,0.0,0.0,0.0,0.0,,0.0,0.0,0.0
2025-09-25,104.7,104.7,104.7,104.7,100,10470.0,0.0,0.0,0.0,0.0,,0.0,0.0,0.0
2025-09-26,104.8,104.9,104.7,104.9,5017,526283.3,0.0,0.0,0.0,0.0,,0.0,0.0,0.0
2025-09-29,95.0,104.3,95.0,100.0,1200,120000.0,0.0,0.0,0.0,0.0,,0.0,0.0,0.0
2025-09-30,104.5,104.9,104.5,104.9,900,94410.0,0.0,0.0,0.0,0.0,,0.0,0.0,0.0
2025-10-01,104.8,104.8,100.0,104.6,2902,303549.2,0.0,0.0,0.0,0.0,,0.0,0.0,0.0
2025-10-02,104.4,104.4,104.4,104.4,200,20880.0,0.0,0.0,0.0,0.0,,0.0,0.0,0.0
2025-10-03,104.4,104.4,104.4,104.4,11,1148.4,0.0,0.0,0.0,0.0,,0.0,0.0,0.0
2025-10-06,104.0,104.0,104.0,104.0,1100,114400.0,0.0,0.0,0.0,0.0,,0.0,0.0,0.0
2025-10-07,106.8,106.8,106.8,106.8,100,10680.0,0.0,0.0,0.0,0.0,,0.0,0.0,0.0
2025-10-08,106.8,106.8,106.8,106.8,0,0.0,0.0,0.0,0.0,0.0,,0.0,0.0,0.0
2025-10-09,107.0,108.0,98.3,106.5,400,42600.0,0.0,0.0,0.0,0.0,0.0,0.0,0.0,0.0
2025-10-10,107.5,108.0,104.0,107.7,3400,366180.0,0.0,0.0,0.0,0.0,0.0,0.0,0.0,0.0
2025-10-13,107.7,109.0,107.7,109.0,900,98100.0,0.0,0.0,0.0,0.0,0.0,0.0,0.0,0.0
2025-10-14,,0.0,0.0,0.0,0,0.0,0.0,0.0,0.0,0.0,0.0,0.0,0.0,0.0
2025-10-15,,0.0,0.0,0.0,0,0.0,0.0,0.0,0.0,0.0,0.0,0.0,0.0,0.0
2025-10-16,,0.0,0.0,0.0,0,0.0,0.0,0.0,0.0,0.0,0.0,0.0,0.0,0.0
2025-10-17,95.2,107.7,95.2,107.7,200,21540.0,0.0,0.0,0.0,0.0,0.0,0.0,0.0,0.0
2025-10-20,108.0,108.0,106.9,106.9,200,21380.0,0.0,0.0,0.0,0.0,0.0,0.0,0.0,0.0
2025-10-21,107.5,108.0,107.5,107.5,400,43000.0,0.0,0.0,0.0,0.0,0.0,0.0,0.0,0.0
2025-10-22,,0.0,0.0,0.0,0,0.0,0.0,0.0,0.0,0.0,0.0,0.0,0.0,0.0
2025-10-23,108.0,110.8,108.0,110.8,1900,210520.0,0.0,0.0,0.0,0.0,0.0,0.0,0.0,0.0
2025-10-24,106.5,115.0,106.5,113.5,1800,204300.0,0.0,0.0,0.0,0.0,0.0,0.0,0.0,0.0
2025-10-27,111.7,115.0,110.0,110.0,2500,275000.0,0.0,0.0,0.0,0.0,0.0,0.0,0.0,0.0
2025-10-28,112.8,115.0,110.1,113.0,1100,124300.0,0.0,0.0,0.0,0.0,0.0,0.0,0.0,0.0
2025-10-29,113.4,115.0,113.4,114.2,1500,171300.0,0.0,0.0,0.0,0.0,0.0,0.0,0.0,0.0
2025-10-30,106.1,113.4,106.1,113.4,200,22680.0,0.0,0.0,0.0,0.0,0.0,0.0,0.0,0.0
2025-10-31,113.4,114.0,110.5,113.7,7100,807270.0,0.0,0.0,0.0,0.0,0.0,0.0,0.0,0.0
2025-11-03,113.0,114.0,113.0,114.0,1600,182400.0,0.0,0.0,0.0,0.0,0.0,0.0,0.0,0.0
2025-11-04,113.9,113.9,113.9,113.9,200,22780.0,0.0,0.0,0.0,0.0,0.0,0.0,0.0,0.0
2025-11-05,,0.0,0.0,0.0,0,0.0,0.0,0.0,0.0,0.0,0.0,0.0,0.0,0.0
2025-11-06,,0.0,0.0,0.0,0,0.0,0.0,0.0,0.0,0.0,0.0,0.0,0.0,0.0
2025-11-07,114.8,114.8,114.8,114.8,200,22960.0,0.0,0.0,0.0,0.0,0.0,0.0,0.0,0.0
2025-11-10,,0.0,0.0,0.0,0,0.0,0.0,0.0,0.0,0.0,0.0,0.0,0.0,0.0
2025-11-11,,0.0,0.0,0.0,0,0.0,0.0,0.0,0.0,0.0,0.0,0.0,0.0,0.0
2025-11-12,110.1,113.8,110.1,113.8,200,22760.0,0.0,0.0,0.0,0.0,0.0,0.0,0.0,0.0
2025-11-14,113.4,114.7,113.3,114.5,5100,583950.0,0.0,0.0,0.0,0.0,0.0,0.0,0.0,0.0
2025-11-17,113.4,113.5,113.0,113.0,1800,203400.0,0.0,0.0,0.0,0.0,0.0,0.0,0.0,0.0
2025-11-18,113.0,114.0,113.0,113.6,1800,204480.0,0.0,0.0,0.0,0.0,0.0,0.0,0.0,0.0
2025-11-19,113.1,113.2,113.0,113.0,3800,429400.0,0.0,0.0,0.0,0.0,0.0,0.0,0.0,0.0
2025-11-20,113.0,114.9,113.0,113.0,3600,406800.0,0.0,0.0,0.0,0.0,0.0,0.0,0.0,0.0
2025-11-25,113.5,113.5,113.5,113.5,1100,124850.0,0.0,0.0,0.0,0.0,0.0,0.0,0.0,0.0
2025-11-26,113.5,113.5,113.5,113.5,300,34050.0,0.0,0.0,0.0,0.0,0.0,0.0,0.0,0.0
2025-11-27,113.4,113.4,113.4,113.4,300,34020.0,0.0,0.0,0.0,0.0,0.0,0.0,0.0,0.0
2025-11-28,113.5,115.0,113.5,114.9,600,68940.0,0.0,0.0,0.0,0.0,0.0,0.0,0.0,0.0
2025-12-01,114.7,116.0,114.7,115.7,300,34710.0,0.0,0.0,0.0,0.0,0.0,0.0,0.0,0.0
2025-12-02,115.4,115.4,111.5,111.5,1000,111500.0,0.0,0.0,0.0,0.0,0.0,0.0,0.0,0.0
2025-12-03,112.9,116.0,112.9,112.9,2100,237090.0,0.0,0.0,0.0,0.0,0.0,0.0,0.0,0.0
2025-12-04,113.6,118.0,113.6,118.0,300,35400.0,0.0,0.0,0.0,0.0,0.0,0.0,0.0,0.0
2025-12-05,116.2,116.2,116.2,116.2,400,46480.0,0.0,0.0,0.0,0.0,0.0,0.0,0.0,0.0
2025-12-08,116.2,116.2,116.0,116.0,600,69600.0,0.0,0.0,0.0,0.0,0.0,0.0,0.0,0.0
2025-12-10,115.0,115.0,115.0,115.0,100,11500.0,0.0,0.0,0.0,0.0,0.0,0.0,0.0,0.0
2025-12-11,115.0,115.0,113.0,113.0,700,79100.0,0.0,0.0,0.0,0.0,0.0,0.0,0.0,0.0
2025-12-12,114.5,114.5,114.1,114.1,200,22820.0,0.0,0.0,0.0,0.0,0.0,0.0,0.0,0.0
2025-12-15,113.8,113.8,113.8,113.8,200,22760.0,0.0,0.0,0.0,0.0,0.0,0.0,0.0,0.0
2025-12-23,115.0,120.0,115.0,115.0,1200,138000.0,0.0,0.0,0.0,0.0,0.0,0.0,0.0,0.0
2025-12-24,116.0,117.0,116.0,117.0,300,35100.0,0.0,0.0,0.0,0.0,0.0,0.0,0.0,0.0
2025-12-25,116.3,116.3,116.3,116.3,500,58150.0,0.0,0.0,0.0,0.0,0.0,0.0,0.0,0.0
2025-12-26,116.3,119.9,116.3,118.0,2500,295000.0,0.0,0.0,0.0,0.0,0.0,0.0,0.0,0.0
2025-12-29,115.5,116.0,115.0,115.6,5100,589560.0,0.0,0.0,0.0,0.0,0.0,0.0,0.0,0.0
2025-12-30,115.7,115.8,115.6,115.8,1300,150540.0,0.0,0.0,0.0,0.0,0.0,0.0,0.0,0.0
2025-12-31,119.0,119.0,115.8,115.9,1200,139080.0,0.0,0.0,0.0,0.0,0.0,0.0,0.0,0.0
2026-01-05,115.6,116.0,114.0,114.0,5700,649800.0,0.0,0.0,0.0,0.0,0.0,0.0,0.0,0.0
2026-01-06,114.0,114.0,114.0,114.0,1900,216600.0,0.0,0.0,0.0,0.0,0.0,0.0,0.0,0.0
2026-01-07,114.0,114.0,113.5,114.0,18600,2120400.0,0.0,0.0,0.0,0.0,0.0,0.0,0.0,0.0
2026-01-08,114.0,114.0,113.0,113.5,1400,158900.0,0.0,0.0,0.0,0.0,0.0,0.0,0.0,0.0
2026-01-09,113.4,113.4,113.4,113.4,100,11340.0,0.0,0.0,0.0,0.0,0.0,0.0,0.0,0.0
2026-01-12,113.0,117.0,113.0,117.0,2300,269100.0,0.0,0.0,0.0,0.0,0.0,0.0,0.0,0.0
2026-01-13,,0.0,0.0,0.0,0,0.0,0.0,0.0,0.0,0.0,0.0,0.0,0.0,0.0
2026-01-14,114.0,116.0,114.0,114.2,300,34260.0,0.0,0.0,0.0,0.0,0.0,0.0,0.0,0.0
2026-01-15,114.7,114.7,114.7,114.7,600,68820.0,0.0,0.0,0.0,0.0,0.0,0.0,0.0,0.0
2026-01-16,114.7,115.4,113.5,115.4,1000,115400.0,0.0,0.0,0.0,0.0,0.0,0.0,0.0,0.0
2026-01-19,114.1,115.2,113.0,115.2,500,57600.0,0.0,0.0,0.0,0.0,0.0,0.0,0.0,0.0
2026-01-20,114.1,117.0,114.1,117.0,4200,491400.0,0.0,0.0,0.0,0.0,0.0,0.0,0.0,0.0
2026-01-21,118.0,123.9,117.9,120.5,5100,614550.0,0.0,0.0,0.0,0.0,0.0,0.0,0.0,0.0
2026-01-22,125.0,125.0,124.7,124.9,2300,287270.0,0.0,0.0,0.0,0.0,0.0,0.0,0.0,0.0
2026-01-23,124.9,125.7,124.9,125.7,2500,314250.0,0.0,0.0,0.0,0.0,0.0,0.0,0.0,0.0
2026-01-26,122.1,124.0,115.1,124.0,700,86800.0,0.0,0.0,0.0,0.0,0.0,0.0,0.0,0.0
2026-01-27,120.0,120.9,115.5,120.9,4200,507780.0,0.0,0.0,0.0,0.0,0.0,0.0,0.0,0.0
2026-01-28,115.2,117.5,114.0,117.5,1600,188000.0,0.0,0.0,0.0,0.0,0.0,0.0,0.0,0.0
2026-01-29,114.0,120.0,113.3,116.0,3100,359600.0,0.0,0.0,0.0,0.0,0.0,0.0,0.0,0.0
2026-01-30,118.9,118.9,118.9,118.9,300,35670.0,0.0,0.0,0.0,0.0,0.0,0.0,0.0,0.0
2026-02-02,116.1,118.8,116.0,118.8,1100,130680.0,0.0,0.0,0.0,0.0,0.0,0.0,0.0,0.0
2026-02-03,119.9,119.9,119.9,119.9,100,11990.0,0.0,0.0,0.0,0.0,0.0,0.0,0.0,0.0
2026-02-04,120.0,120.0,118.1,118.1,400,47240.0,0.0,0.0,0.0,0.0,0.0,0.0,0.0,0.0
2026-02-05,117.1,118.5,117.0,118.5,600,71100.0,0.0,0.0,0.0,0.0,0.0,0.0,0.0,0.0
2026-02-06,114.8,117.5,114.5,116.0,4400,510400.0,0.0,0.0,0.0,0.0,0.0,0.0,0.0,0.0
2026-02-09,,0.0,0.0,0.0,0,0.0,0.0,0.0,0.0,0.0,0.0,0.0,0.0,0.0
2026-02-10,116.0,116.0,116.0,116.0,200,23200.0,0.0,0.0,0.0,0.0,0.0,0.0,0.0,0.0
2026-02-11,116.0,116.0,116.0,116.0,300,34800.0,0.0,0.0,0.0,0.0,0.0,0.0,0.0,0.0
2026-02-12,,0.0,0.0,0.0,0,0.0,0.0,0.0,0.0,0.0,0.0,0.0,0.0,0.0
2026-02-13,120.3,120.3,119.9,119.9,200,23980.0,0.0,0.0,0.0,0.0,0.0,0.0,0.0,0.0
2026-02-23,120.1,120.1,120.1,120.1,400,48040.0,0.0,0.0,0.0,0.0,0.0,0.0,0.0,0.0
2026-02-24,120.0,123.8,120.0,123.8,700,86660.0,0.0,0.0,0.0,0.0,0.0,0.0,0.0,0.0
2026-02-25,122.6,122.6,122.6,122.6,100,12260.0,0.0,0.0,0.0,0.0,0.0,0.0,0.0,0.0
2026-02-26,,0.0,0.0,0.0,0,0.0,0.0,0.0,0.0,0.0,0.0,0.0,0.0,0.0
2026-03-02,120.0,122.1,116.2,121.9,1800,219420.0,0.0,0.0,0.0,0.0,0.0,0.0,0.0,0.0
2026-03-03,120.6,121.0,120.5,121.0,900,108900.0,0.0,0.0,0.0,0.0,0.0,0.0,0.0,0.0
2026-03-04,120.5,120.6,119.0,120.5,1000,120500.0,0.0,0.0,0.0,0.0,0.0,0.0,0.0,0.0
2026-03-05,,0.0,0.0,0.0,0,0.0,0.0,0.0,0.0,0.0,0.0,0.0,0.0,0.0
2026-03-06,119.8,119.8,119.8,119.8,100,11980.0,0.0,0.0,0.0,0.0,0.0,0.0,0.0,0.0
2026-03-09,119.0,119.0,113.0,113.0,1000,113000.0,0.0,0.0,0.0,0.0,0.0,0.0,0.0,0.0
2026-03-10,114.5,115.4,114.5,115.3,600,69180.0,0.0,0.0,0.0,0.0,0.0,0.0,0.0,0.0
2026-03-11,108.6,120.0,108.6,120.0,300,36000.0,0.0,0.0,0.0,0.0,0.0,0.0,0.0,0.0
2026-03-12,119.9,119.9,119.9,119.9,100,11990.0,0.0,0.0,0.0,0.0,0.0,0.0,0.0,0.0
2026-03-13,118.9,120.8,118.0,120.8,400,48320.0,0.0,0.0,0.0,0.0,0.0,0.0,0.0,0.0
2026-03-16,122.5,122.5,122.5,122.5,100,12250.0,0.0,0.0,0.0,0.0,0.0,0.0,0.0,0.0
2026-03-17,120.9,120.9,118.0,118.0,1500,177000.0,0.0,0.0,0.0,0.0,0.0,0.0,0.0,0.0
2026-03-18,118.0,120.4,118.0,120.4,300,36120.0,0.0,0.0,0.0,0.0,0.0,0.0,0.0,0.0
2026-03-19,120.2,120.2,120.1,120.1,200,24020.0,0.0,0.0,0.0,0.0,0.0,0.0,0.0,0.0
2026-03-20,119.5,119.5,119.5,119.5,100,11950.0,0.0,0.0,0.0,0.0,0.0,0.0,0.0,0.0
2026-03-23,119.4,119.4,116.2,116.2,1000,116200.0,0.0,0.0,0.0,0.0,0.0,0.0,0.0,0.0
2026-03-24,116.0,116.9,114.5,116.9,2700,315630.0,0.0,0.0,0.0,0.0,0.0,0.0,0.0,0.0
2026-03-25,120.4,120.4,120.0,120.1,500,60050.0,0.0,0.0,0.0,0.0,0.0,0.0,0.0,0.0
2026-03-26,117.2,120.1,117.2,120.1,400,48040.0,0.0,0.0,0.0,0.0,0.0,0.0,0.0,0.0
2026-03-27,118.1,120.0,118.1,120.0,1000,120000.0,0.0,0.0,0.0,0.0,0.0,0.0,0.0,0.0
2026-03-30,118.2,118.2,118.2,118.2,100,11820.0,0.0,0.0,0.0,0.0,0.0,0.0,0.0,0.0
2026-03-31,,0.0,0.0,0.0,0,0.0,0.0,0.0,0.0,0.0,0.0,0.0,0.0,0.0
2026-04-06,118.2,120.0,117.0,119.5,2400,286800.0,0.0,0.0,0.0,0.0,0.0,0.0,0.0,0.0
2026-04-07,119.0,119.0,119.0,119.0,1000,119000.0,0.0,0.0,0.0,0.0,0.0,0.0,0.0,0.0
2026-04-08,119.1,119.1,119.0,119.0,1600,190400.0,0.0,0.0,0.0,0.0,0.0,0.0,0.0,0.0
2026-04-09,118.0,118.5,117.9,117.9,1300,153270.0,0.0,0.0,0.0,0.0,0.0,0.0,0.0,0.0
2026-04-13,118.1,118.5,118.0,118.5,10300,1220550.0,0.0,0.0,0.0,0.0,0.0,0.0,0.0,0.0
2026-04-14,118.1,123.5,118.1,120.0,11100,1332000.0,0.0,0.0,0.0,0.0,0.0,0.0,0.0,0.0
2026-04-15,120.9,120.9,120.7,120.7,200,24140.0,0.0,0.0,0.0,0.0,0.0,0.0,0.0,0.0
2026-04-16,120.8,120.8,120.6,120.6,400,48240.0,0.0,0.0,0.0,0.0,0.0,0.0,0.0,0.0
2026-04-17,120.7,121.0,120.6,120.6,1700,205020.0,0.0,0.0,0.0,0.0,0.0,,,
2026-04-20,120.5,120.5,120.5,120.5,300,36150.0,0.0,0.0,0.0,0.0,0.0,,,
2026-04-21,120.5,121.8,119.0,120.5,5400,650700.0,0.0,0.0,0.0,0.0,0.0,,,
2026-04-22,120.0,120.0,114.6,120.0,2700,324000.0,0.0,0.0,0.0,0.0,0.0,,,
2026-04-23,120.0,120.0,120.0,120.0,400,48000.0,0.0,0.0,0.0,0.0,0.0,,,
2026-04-24,119.0,119.0,119.0,119.0,100,11900.0,0.0,0.0,0.0,0.0,0.0,,,
2026-04-28,115.0,118.9,114.5,115.0,900,103500.0,0.0,0.0,0.0,0.0,0.0,,,
2026-04-29,116.0,116.0,116.0,116.0,2800,324800.0,0.0,0.0,0.0,0.0,0.0,,,
2026-05-04,116.0,116.0,116.0,116.0,2100,243600.0,0.0,0.0,0.0,0.0,0.0,,,
2026-05-05,114.5,114.5,106.3,106.3,500,53150.0,0.0,0.0,0.0,0.0,0.0,,,
2026-05-06,115.9,115.9,102.0,111.1,62700,6965970.0,0.0,0.0,0.0,0.0,0.0,,,
2026-05-07,112.0,112.0,112.0,112.0,100,11200.0,0.0,0.0,0.0,0.0,0.0,,,
2026-05-08,109.5,109.5,109.5,109.5,100,10950.0,0.0,0.0,0.0,0.0,0.0,,,
2026-05-11,109.5,109.5,108.5,108.5,500,54250.0,0.0,0.0,0.0,0.0,0.0,,,
2026-05-12,,0.0,0.0,0.0,0,0.0,0.0,0.0,0.0,0.0,0.0,,,
2026-05-13,100.8,108.5,93.2,100.0,59400,5940000.0,0.0,0.0,0.0,0.0,0.0,,,
2026-05-14,100.0,100.0,98.0,99.0,3900,386100.0,0.0,0.0,0.0,0.0,0.0,,,
2026-05-18,102.0,102.0,102.0,102.0,100,10200.0,0.0,0.0,0.0,0.0,0.0,,,
2026-05-19,,0.0,0.0,0.0,0,0.0,0.0,0.0,0.0,0.0,0.0,,,
2026-05-20,107.8,109.0,100.1,100.1,1000,100100.0,0.0,0.0,0.0,0.0,0.0,,,
2026-05-21,,0.0,0.0,0.0,0,0.0,0.0,0.0,0.0,0.0,0.0,,,
2026-05-22,108.8,110.0,105.0,105.0,2000,210000.0,0.0,0.0,0.0,0.0,0.0,,,
2026-05-25,,0.0,0.0,0.0,0,0.0,0.0,0.0,0.0,0.0,0.0,,,
2026-05-27,103.1,105.0,103.1,105.0,1500,157500.0,0.0,0.0,0.0,0.0,0.0,,,
2026-05-28,105.0,105.2,104.8,104.8,1600,167680.0,0.0,0.0,0.0,0.0,0.0,,,
2026-05-29,104.8,105.0,104.8,105.0,3900,409500.0,0,0,0.0,0.0,0.00,,,
