time,open,high,low,close,volume,value,foreign_buy_vol,foreign_sell_vol,foreign_buy_val,foreign_sell_val,foreign_room
2018-08-07,6.177,6.424,4.942,5.374,465100,2499447.4,,,,,
2018-08-08,5.374,6.486,5.374,5.868,452721,2656566.828,,,,,
2018-08-09,6.115,6.239,5.312,6.115,256811,1570399.265,,,,,
2018-08-10,5.745,6.115,5.374,5.436,213435,1160232.66,,,,,
2018-08-13,5.868,6.115,5.251,6.115,608321,3719882.915,,,,,
2018-08-14,5.93,5.992,5.312,5.559,215585,1198437.015,,,,,
2018-08-15,5.807,5.868,5.312,5.498,301154,1655744.692,,,,,
2018-08-16,5.559,5.807,5.436,5.559,254405,1414237.395,,,,,
2018-08-17,5.559,5.807,5.436,5.621,232938,1309344.498,,,,,
2018-08-20,5.683,5.745,5.498,5.498,312731,1719395.0380000002,,,,,
2018-08-21,5.683,5.745,5.312,5.498,286640,1575946.72,,,,,
2018-08-22,5.436,5.621,5.251,5.436,414933,2255575.788,,,,,
2018-08-23,5.559,5.683,5.374,5.436,170328,925903.008,,,,,
2018-08-24,5.559,6.424,5.559,5.683,680649,3868128.267,,,,,
2018-08-27,5.683,6.301,5.559,5.559,403722,2244290.598,,,,,
2018-08-28,5.807,5.93,5.436,5.559,280578,1559733.102,,,,,
2018-08-29,5.498,5.559,5.436,5.436,68360,371604.96,,,,,
2018-08-30,5.436,5.559,5.374,5.559,92124,512117.316,,,,,
2018-08-31,5.374,5.683,5.374,5.436,181696,987699.456,,,,,
2018-09-04,5.436,5.436,5.251,5.436,60537,329079.132,,,,,
2018-09-05,5.436,5.498,5.127,5.312,168869,897032.128,,,,,
2018-09-06,5.065,5.374,5.065,5.189,185740,963804.86,,,,,
2018-09-07,5.251,5.251,5.004,5.127,164266,842191.782,,,,,
2018-09-10,5.127,5.127,4.88,4.942,185593,917200.606,,,,,
2018-09-11,4.88,5.374,4.633,5.374,370275,1989857.85,,,,,
2018-09-12,5.004,5.189,4.88,4.942,176225,870903.9500000001,,,,,
2018-09-13,5.004,5.065,4.942,5.004,198076,991172.304,,,,,
2018-09-14,5.065,5.312,4.942,5.127,181152,928766.304,,,,,
2018-09-17,5.251,5.251,5.004,5.065,151610,767904.65,,,,,
2018-09-18,5.065,5.065,4.942,5.004,134994,675509.9759999999,,,,,
2018-09-19,4.942,5.004,4.88,4.942,196527,971236.434,,,,,
2018-09-20,4.942,4.942,4.88,4.942,193494,956247.348,,,,,
2018-09-21,5.004,5.374,4.942,5.127,360098,1846222.446,,,,,
2018-09-24,5.251,5.559,5.065,5.127,248609,1274618.343,,,,,
2018-09-25,5.251,5.93,5.251,5.498,493247,2711872.006,,,,,
2018-09-26,5.745,5.868,5.374,5.559,435407,2420427.5130000003,,,,,
2018-09-27,5.807,6.177,5.559,5.807,728675,4231415.725000001,,,,,
2018-09-28,5.868,6.177,5.745,5.868,804080,4718341.44,,,,,
2018-10-01,5.868,5.868,5.436,5.436,40106,218016.216,,,,,
2018-10-02,5.312,5.436,4.942,5.312,25267,134218.304,,,,,
2018-10-03,5.312,5.312,5.189,5.189,29002,150491.378,,,,,
2018-10-04,5.251,5.374,5.251,5.251,43844,230224.844,,,,,
2018-10-05,5.312,5.436,5.251,5.251,91532,480634.532,,,,,
2018-10-08,5.312,5.374,5.251,5.312,38167,202743.104,,,,,
2018-10-09,5.251,5.251,5.127,5.189,50331,261167.559,,,,,
2018-10-10,5.189,5.189,5.004,5.004,39090,195606.36,,,,,
2018-10-11,5.004,5.004,4.818,4.818,77606,373905.708,,,,,
2018-10-12,4.88,4.88,4.695,4.88,45531,222191.28,,,,,
2018-10-15,4.88,4.942,4.818,4.818,20080,96745.44,,,,,
2018-10-16,4.818,4.942,4.756,4.942,10972,54223.624,,,,,
2018-10-17,4.942,4.942,4.756,4.88,19577,95535.76,,,,,
2018-10-18,4.942,4.942,4.695,4.695,33983,159550.185,,,,,
2018-10-19,4.633,4.695,4.571,4.571,13602,62174.742,,,,,
2018-10-22,4.818,4.818,4.633,4.633,14386,66650.338,,,,,
2018-10-23,4.509,4.695,4.509,4.695,29305,137586.975,,,,,
2018-10-24,4.571,4.571,4.509,4.509,23053,103945.977,,,,,
2018-10-25,4.201,4.509,4.201,4.509,8221,37068.489,,,,,
2018-10-26,4.139,4.386,4.139,4.262,15270,65080.73999999999,,,,,
2018-10-29,4.262,4.262,4.077,4.139,24790,102605.81,,,,,
2018-10-30,4.015,4.201,4.015,4.201,25566,107402.766,,,,,
2018-10-31,4.201,4.262,3.83,4.262,45128,192335.536,,,,,
2018-11-01,4.077,4.139,3.953,3.953,20600,81431.8,,,,,
2018-11-02,4.015,4.201,3.892,4.201,86373,362852.973,,,,,
2018-11-05,4.077,4.201,4.077,4.077,24718,100775.286,,,,,
2018-11-06,4.077,4.571,4.077,4.262,15070,64228.34,,,,,
2018-11-07,4.324,4.386,4.262,4.324,23000,99452.0,,,,,
2018-11-08,4.324,4.324,4.324,4.324,5674,24534.376,,,,,
2018-11-09,4.262,4.262,4.201,4.201,20155,84671.155,,,,,
2018-11-12,4.077,4.201,4.015,4.139,22900,94783.1,,,,,
2018-11-13,4.015,4.077,4.015,4.077,22247,90701.019,,,,,
2018-11-14,4.015,4.015,3.953,4.015,15610,62674.15,,,,,
2018-11-15,4.015,4.015,3.83,3.892,29351,114234.092,,,,,
2018-11-16,3.768,3.892,3.706,3.892,13356,51981.552,,,,,
2018-11-19,3.83,3.953,3.83,3.892,19264,74975.488,,,,,
2018-11-20,3.892,3.953,3.892,3.953,11925,47139.525,,,,,
2018-11-21,3.953,3.953,3.953,3.953,8900,35181.7,,,,,
2018-11-22,4.139,4.139,3.768,3.953,24660,97480.98,,,,,
2018-11-23,3.83,3.892,3.83,3.83,16990,65071.7,,,,,
2018-11-26,3.83,3.83,3.768,3.83,11930,45691.9,,,,,
2018-11-27,3.953,3.953,3.706,3.768,19500,73476.0,,,,,
2018-11-28,3.768,3.83,3.768,3.768,10010,37717.68,,,,,
2018-11-29,3.706,3.768,3.706,3.706,14065,52124.89,,,,,
2018-11-30,3.706,3.706,3.645,3.645,7324,26695.98,,,,,
2018-12-03,3.706,3.706,3.459,3.521,9619,33868.499,,,,,
2018-12-04,3.397,3.459,3.336,3.397,60270,204737.19,,,,,
2018-12-05,3.397,3.521,3.336,3.459,20140,69664.26,,,,,
2018-12-06,3.459,3.459,3.397,3.397,34553,117376.541,,,,,
2018-12-07,3.397,3.459,3.397,3.459,11600,40124.4,,,,,
2018-12-10,3.397,3.521,3.397,3.459,22210,76824.39,,,,,
2018-12-11,3.459,3.459,3.397,3.459,15951,55174.509,,,,,
2018-12-12,3.397,3.459,3.397,3.397,33667,114366.799,,,,,
2018-12-13,3.459,3.521,3.397,3.459,40094,138685.146,,,,,
2018-12-14,3.459,3.459,3.397,3.397,31015,105357.955,,,,,
2018-12-17,3.397,3.397,3.336,3.336,28800,96076.8,,,,,
2018-12-18,3.397,3.397,3.336,3.336,36925,123181.8,,,,,
2018-12-19,3.397,3.397,3.212,3.274,26428,86525.272,,,,,
2018-12-20,3.212,3.212,3.027,3.027,21900,66291.3,,,,,
2018-12-21,3.027,3.15,3.027,3.027,16079,48671.133,,,,,
2018-12-24,3.089,3.089,3.089,3.089,14400,44481.6,,,,,
2018-12-25,3.089,3.089,2.965,3.027,30300,91718.1,,,,,
2018-12-26,3.027,3.027,3.027,3.027,12400,37534.8,,,,,
2018-12-27,3.089,3.089,2.842,2.965,34041,100931.565,,,,,
2018-12-28,3.027,3.027,2.842,2.965,13760,40798.4,,,,,
2019-01-02,2.965,2.965,2.842,2.965,12338,36582.17,,,,,
2019-01-03,2.903,2.965,2.903,2.903,29970,87002.91,,,,,
2019-01-04,2.903,2.903,2.903,2.903,6224,18068.272,,,,,
2019-01-07,2.903,2.903,2.903,2.903,19300,56027.9,,,,,
2019-01-08,2.903,3.336,2.903,3.15,23987,75559.05,,,,,
2019-01-09,3.15,3.15,3.089,3.15,8660,27279.0,,,,,
2019-01-10,3.089,3.089,2.842,3.089,14090,43524.01,,,,,
2019-01-11,2.965,3.15,2.965,3.15,7668,24154.2,,,,,
2019-01-14,3.027,3.15,2.965,3.15,4210,13261.5,,,,,
2019-01-15,3.15,3.15,3.027,3.089,14360,44358.04,,,,,
2019-01-16,3.089,3.15,3.089,3.15,4360,13734.0,,,,,
2019-01-17,3.089,3.15,3.089,3.15,3590,11308.5,,,,,
2019-01-18,3.15,3.15,3.089,3.15,3100,9765.0,,,,,
2019-01-21,3.089,3.089,3.027,3.089,5920,18286.88,,,,,
2019-01-22,3.089,3.089,3.027,3.027,8588,25995.876,,,,,
2019-01-23,3.089,3.089,3.089,3.089,13760,42504.64,,,,,
2019-01-24,3.089,3.15,3.027,3.089,11176,34522.664,,,,,
2019-01-25,3.089,3.212,3.089,3.212,30980,99507.76,,,,,
2019-01-28,3.089,3.089,3.089,3.089,35644,110104.316,,,,,
2019-01-29,3.089,3.089,3.027,3.027,10797,32682.519,,,,,
2019-01-30,3.027,3.089,3.027,3.027,7012,21225.324,,,,,
2019-01-31,3.027,3.089,3.027,3.027,13662,41354.874,,,,,
2019-02-01,3.027,3.15,3.027,3.089,17740,54798.86,,,,,
2019-02-11,3.027,3.027,2.78,2.903,14640,42499.92,,,,,
2019-02-12,2.965,3.027,2.903,2.965,22350,66267.75,,,,,
2019-02-13,3.089,3.089,3.089,3.089,7837,24208.493,,,,,
2019-02-14,3.027,3.089,3.027,3.089,18871,58292.519,,,,,
2019-02-15,3.027,3.027,2.78,3.027,24550,74312.85,,,,,
2019-02-18,2.903,2.965,2.78,2.903,11700,33965.1,,,,,
2019-02-19,3.027,3.027,2.903,2.903,14328,41594.184,,,,,
2019-02-20,2.903,3.027,2.903,3.027,15620,47281.740000000005,,,,,
2019-02-21,3.027,3.027,2.965,2.965,4124,12227.66,,,,,
2019-02-22,2.965,2.965,2.903,2.965,7666,22729.69,,,,,
2019-02-25,2.965,2.965,2.903,2.903,16790,48741.37,,,,,
2019-02-26,2.903,2.903,2.842,2.903,20472,59430.216,,,,,
2019-02-27,2.903,2.965,2.903,2.903,23506,68237.918,,,,,
2019-02-28,2.965,2.965,2.903,2.965,32400,96066.0,,,,,
2019-03-01,2.903,2.965,2.903,2.965,40900,121268.5,,,,,
2019-03-04,2.965,2.965,2.965,2.965,12613,37397.545,,,,,
2019-03-05,3.027,3.212,3.027,3.15,50260,158319.0,,,,,
2019-03-06,3.274,3.274,3.15,3.212,86765,278689.18,,,,,
2019-03-07,3.274,3.274,3.15,3.212,62352,200274.624,,,,,
2019-03-08,3.274,3.274,3.15,3.212,30500,97966.0,,,,,
2019-03-11,3.212,3.212,3.027,3.027,42226,127818.102,,,,,
2019-03-12,3.089,3.089,3.089,3.089,41500,128193.5,,,,,
2019-03-13,3.089,3.089,3.089,3.089,31345,96824.705,,,,,
2019-03-14,3.089,3.089,3.089,3.089,30273,93513.297,,,,,
2019-03-15,2.965,3.212,2.965,3.15,45500,143325.0,,,,,
2019-03-18,3.089,3.15,3.089,3.15,16640,52416.0,,,,,
2019-03-19,3.089,3.089,3.089,3.089,51709,159729.101,,,,,
2019-03-20,3.089,3.15,3.089,3.15,50192,158104.8,,,,,
2019-03-21,3.15,3.521,3.089,3.521,138426,487397.946,,,,,
2019-03-22,3.645,3.892,3.645,3.892,137275,534274.2999999999,,,,,
2019-03-25,4.262,4.448,4.262,4.448,126633,563263.584,,,,,
2019-03-26,5.065,5.065,3.83,4.262,304484,1297710.808,,,,,
2019-03-27,4.262,4.262,4.015,4.015,167200,671308.0,,,,,
2019-03-28,4.015,4.015,3.645,3.892,230110,895588.12,,,,,
2019-03-29,3.768,4.386,3.768,4.386,229295,1005687.87,,,,,
2019-04-01,4.386,4.448,4.201,4.386,107400,471056.4,,,,,
2019-04-02,4.201,4.324,4.139,4.262,96000,409152.0,,,,,
2019-04-03,4.015,4.262,3.953,4.139,76082,314903.39800000004,,,,,
2019-04-04,3.953,4.201,3.953,4.201,75740,318183.74,,,,,
2019-04-05,4.077,4.571,4.077,4.571,275803,1260695.513,,,,,
2019-04-08,4.509,4.633,4.386,4.633,159529,739097.857,,,,,
2019-04-09,4.633,4.633,4.448,4.509,100078,451251.7020000001,,,,,
2019-04-10,4.448,4.509,4.386,4.509,168112,758017.008,,,,,
2019-04-11,4.448,4.571,4.448,4.509,65196,293968.764,,,,,
2019-04-12,4.448,4.571,4.324,4.386,92156,404196.216,,,,,
2019-04-16,4.324,4.324,4.077,4.077,75128,306296.856,,,,,
2019-04-17,4.262,4.262,3.83,4.077,39630,161571.51,,,,,
2019-04-18,3.953,4.077,3.83,3.892,53041,206435.572,,,,,
2019-04-19,4.077,4.077,3.768,3.892,40970,159455.24,,,,,
2019-04-22,3.83,3.892,3.768,3.892,33360,129837.12,,,,,
2019-04-23,3.83,3.83,3.706,3.83,34830,133398.9,,,,,
2019-04-24,3.768,3.892,3.706,3.768,23500,88548.0,,,,,
2019-04-25,3.706,3.83,3.706,3.706,15399,57068.694,,,,,
2019-04-26,3.706,3.768,3.706,3.706,27190,100766.14,,,,,
2019-05-02,3.768,3.768,3.706,3.768,27860,104976.48,,,,,
2019-05-03,3.706,3.768,3.706,3.706,23330,86460.98,,,,,
2019-05-06,3.706,3.706,3.583,3.583,25547,91534.901,,,,,
2019-05-07,3.583,3.583,3.397,3.521,40403,142258.963,,,,,
2019-05-08,3.397,3.397,3.336,3.397,13571,46100.687,,,,,
2019-05-09,3.336,3.459,3.212,3.397,48420,164482.74,,,,,
2019-05-10,3.397,3.645,3.336,3.521,60652,213555.692,,,,,
2019-05-13,3.521,3.645,3.521,3.645,58050,211592.25,,,,,
2019-05-14,3.583,3.645,3.521,3.645,53080,193476.6,,,,,
2019-05-15,3.521,3.645,3.521,3.645,57917,211107.465,,,,,
2019-05-16,3.583,3.706,3.583,3.706,117000,433602.0,,,,,
2019-05-17,3.645,3.892,3.645,3.892,88710,345259.32,,,,,
2019-05-20,3.83,3.83,3.768,3.768,34907,131529.576,,,,,
2019-05-21,3.768,3.83,3.768,3.768,22866,86159.08799999999,,,,,
2019-05-22,3.706,3.83,3.645,3.83,142520,545851.6,,,,,
2019-05-23,3.768,3.768,3.768,3.768,49920,188098.56,,,,,
2019-05-24,3.768,3.83,3.645,3.83,44340,169822.2,,,,,
2019-05-27,3.768,3.892,3.768,3.83,58264,223151.12,,,,,
2019-05-28,3.768,3.892,3.768,3.768,16891,63645.28799999999,,,,,
2019-05-29,3.83,3.892,3.768,3.768,9960,37529.28,,,,,
2019-05-30,3.706,3.768,3.645,3.645,19370,70603.65,,,,,
2019-05-31,3.583,3.706,3.583,3.645,30164,109947.78,,,,,
2019-06-03,3.706,3.706,3.645,3.645,15900,57955.5,,,,,
2019-06-04,3.706,3.706,3.583,3.583,25161,90151.863,,,,,
2019-06-05,3.521,3.521,3.459,3.459,27675,95727.825,,,,,
2019-06-06,3.521,3.521,3.397,3.521,14370,50596.77,,,,,
2019-06-07,3.583,3.645,3.521,3.521,18718,65906.078,,,,,
2019-06-10,3.521,3.768,3.521,3.706,24405,90444.93,,,,,
2019-06-11,3.706,4.077,3.706,3.768,62151,234184.968,,,,,
2019-06-12,3.706,3.83,3.706,3.83,31717,121476.11,,,,,
2019-06-13,3.768,3.953,3.768,3.953,92341,365023.973,,,,,
2019-06-14,3.892,3.953,3.892,3.892,62379,242779.068,,,,,
2019-06-17,3.706,3.83,3.706,3.83,17636,67545.88,,,,,
2019-06-18,3.892,3.892,3.768,3.83,35522,136049.26,,,,,
2019-06-19,3.892,3.892,3.83,3.892,40581,157941.252,,,,,
2019-06-20,4.262,4.262,3.768,3.892,33971,132215.13199999998,,,,,
2019-06-21,3.83,3.892,3.768,3.768,53613,202013.784,,,,,
2019-06-24,3.768,3.83,3.768,3.83,44615,170875.45,,,,,
2019-06-25,3.768,3.768,3.706,3.706,24498,90789.588,,,,,
2019-06-26,3.706,3.706,3.645,3.645,22565,82249.425,,,,,
2019-06-27,3.706,3.706,3.645,3.706,67673,250796.138,,,,,
2019-06-28,3.706,3.768,3.645,3.645,7862,28656.99,,,,,
2019-07-01,3.706,3.706,3.583,3.706,17971,66600.526,,,,,
2019-07-02,3.645,3.892,3.645,3.83,2756681,10558088.23,,,,,
2019-07-03,3.706,3.953,3.706,3.768,55521,209203.128,,,,,
2019-07-04,3.892,3.953,3.83,3.892,55726,216885.592,,,,,
2019-07-05,3.83,3.892,3.83,3.83,17603,67419.49,,,,,
2019-07-08,3.892,3.892,3.706,3.768,49635,187024.68,,,,,
2019-07-09,3.768,3.768,3.706,3.768,49320,185837.76,,,,,
2019-07-10,3.706,3.768,3.706,3.768,34942,131661.456,,,,,
2019-07-11,3.83,3.83,3.706,3.706,20751,76903.206,,,,,
2019-07-12,3.706,3.83,3.706,3.768,35126,132354.76799999998,,,,,
2019-07-15,3.768,3.83,3.768,3.768,26215,98778.12,,,,,
2019-07-16,3.768,3.768,3.706,3.768,63448,239072.064,,,,,
2019-07-17,3.768,4.324,3.768,4.324,381365,1649022.26,,,,,
2019-07-18,4.633,4.756,3.892,4.324,99954,432201.096,,,,,
2019-07-19,4.139,4.386,4.139,4.324,189449,819177.476,,,,,
2019-07-22,4.324,4.324,4.201,4.262,60314,257058.268,,,,,
2019-07-23,4.201,4.386,4.139,4.324,100039,432568.636,,,,,
2019-07-24,4.324,4.571,4.324,4.448,297144,1321696.512,,,,,
2019-07-25,4.509,5.004,4.509,4.818,610702,2942362.236,,,,,
2019-07-26,4.818,5.004,4.571,4.633,259740,1203375.42,,,,,
2019-07-29,4.756,5.004,4.509,4.695,152828,717527.4600000001,,,,,
2019-07-30,4.571,4.633,4.324,4.386,180011,789528.246,,,,,
2019-07-31,4.201,4.509,4.139,4.324,98194,424590.856,,,,,
2019-08-01,4.324,4.509,4.262,4.324,102959,445194.716,,,,,
2019-08-02,4.324,4.571,4.324,4.509,214580,967541.22,,,,,
2019-08-05,4.448,4.571,4.448,4.509,144098,649737.8820000001,,,,,
2019-08-06,4.509,4.509,4.386,4.448,126812,564059.7760000001,,,,,
2019-08-07,4.448,4.509,4.324,4.448,64118,285196.864,,,,,
2019-08-08,4.324,4.324,4.201,4.262,130291,555300.242,,,,,
2019-08-09,4.262,4.386,4.262,4.324,58518,253031.832,,,,,
2019-08-12,4.262,4.633,4.262,4.448,92980,413575.04,,,,,
2019-08-13,4.386,4.448,4.324,4.386,90089,395130.354,,,,,
2019-08-14,4.324,4.448,4.324,4.386,92462,405538.332,,,,,
2019-08-15,4.324,4.386,4.201,4.324,73082,316006.568,,,,,
2019-08-16,4.324,4.88,4.324,4.88,861412,4203690.56,,,,,
2019-08-19,4.88,5.436,4.88,5.436,671699,3651355.764,,,,,
2019-08-20,5.683,6.177,5.312,5.745,1380495,7930943.775,,,,,
2019-08-21,5.745,5.807,5.065,5.251,731734,3842335.234,,,,,
2019-08-22,5.374,5.436,5.065,5.189,332264,1724117.896,,,,,
2019-08-23,5.127,5.683,4.942,5.374,498831,2680717.794,,,,,
2019-08-26,5.498,5.498,4.942,5.127,276009,1415098.143,,,,,
2019-08-27,5.127,5.251,4.88,5.004,315436,1578441.744,,,,,
2019-08-28,4.942,4.942,4.695,4.756,366133,1741328.5480000002,,,,,
2019-08-29,4.633,4.818,4.571,4.695,242871,1140279.345,,,,,
2019-08-30,4.818,5.251,4.695,4.88,331791,1619140.08,,,,,
2019-09-03,4.942,5.065,4.633,4.695,280853,1318604.8350000002,,,,,
2019-09-04,4.633,4.695,4.448,4.571,118180,540200.7799999999,,,,,
2019-09-05,4.571,4.756,4.448,4.633,98538,456526.554,,,,,
2019-09-06,4.571,4.756,4.571,4.633,126137,584392.721,,,,,
2019-09-09,4.571,4.695,4.386,4.386,197117,864555.162,,,,,
2019-09-10,4.509,4.509,4.139,4.262,162315,691786.5299999999,,,,,
2019-09-11,4.201,4.324,4.201,4.262,68362,291358.844,,,,,
2019-09-12,4.262,4.386,4.201,4.324,72064,311604.736,,,,,
2019-09-13,4.324,4.509,4.201,4.448,111015,493794.72,,,,,
2019-09-16,4.509,4.571,4.324,4.386,87011,381630.246,,,,,
2019-09-17,4.571,4.571,4.324,4.448,79389,353122.27200000006,,,,,
2019-09-18,4.448,4.448,4.262,4.324,137260,593512.24,,,,,
2019-09-19,4.262,4.448,4.262,4.386,47035,206295.51,,,,,
2019-09-20,4.386,4.448,4.324,4.324,106026,458456.424,,,,,
2019-09-23,4.324,4.324,4.262,4.324,91869,397241.556,,,,,
2019-09-24,4.262,4.324,3.953,4.139,255840,1058921.76,,,,,
2019-09-25,4.139,4.201,4.015,4.077,91498,373037.346,,,,,
2019-09-26,4.139,4.139,4.015,4.015,144150,578762.25,,,,,
2019-09-27,3.953,3.953,3.892,3.953,135261,534686.733,,,,,
2019-09-30,3.892,4.015,3.892,4.015,57790,232026.85,,,,,
2019-10-01,4.015,4.015,3.892,3.892,63445,246927.94,,,,,
2019-10-02,3.953,3.953,3.953,3.953,0,0.0,,,,,
2019-10-03,3.953,3.953,3.953,3.953,0,0.0,,,,,
2019-10-04,3.953,3.953,3.953,3.953,0,0.0,,,,,
2019-10-07,3.953,4.015,3.768,3.892,158116,615387.472,,,,,
2019-10-08,3.892,4.015,3.892,3.892,32083,124867.036,,,,,
2019-10-09,3.892,3.892,3.83,3.892,55580,216317.36,,,,,
2019-10-10,3.768,3.892,3.768,3.83,31499,120641.17,,,,,
2019-10-11,3.83,3.892,3.768,3.83,32590,124819.7,,,,,
2019-10-14,3.83,3.892,3.645,3.645,124412,453481.74,,,,,
2019-10-15,3.706,3.768,3.336,3.645,216276,788326.02,,,,,
2019-10-16,3.521,3.645,3.397,3.645,38995,142136.775,,,,,
2019-10-17,3.521,3.583,3.459,3.521,73090,257349.89,,,,,
2019-10-18,3.583,3.645,3.459,3.583,36556,130980.148,,,,,
2019-10-21,3.521,3.583,3.521,3.521,23520,82813.92,,,,,
2019-10-22,3.583,3.583,3.397,3.459,71620,247733.58,,,,,
2019-10-23,3.397,3.397,3.212,3.274,139144,455557.456,,,,,
2019-10-24,3.336,3.583,3.336,3.521,47506,167268.626,,,,,
2019-10-25,3.583,3.953,3.459,3.892,171607,667894.444,,,,,
2019-10-28,3.83,4.077,3.83,3.953,246945,976173.585,,,,,
2019-10-29,4.015,4.015,3.706,3.83,82442,315752.86,,,,,
2019-10-30,3.83,3.83,3.706,3.768,49450,186327.6,,,,,
2019-10-31,3.768,3.953,3.768,3.83,95469,365646.27,,,,,
2019-11-01,3.83,3.892,3.768,3.768,10444,39352.992,,,,,
2019-11-04,3.768,3.83,3.768,3.768,20476,77153.568,,,,,
2019-11-05,3.768,3.83,3.706,3.768,88438,333234.384,,,,,
2019-11-06,3.706,3.706,3.645,3.706,68270,253008.62,,,,,
2019-11-07,3.645,3.768,3.645,3.706,14395,53347.87,,,,,
2019-11-08,3.706,3.768,3.645,3.645,72906,265742.37,,,,,
2019-11-11,3.768,3.768,3.645,3.645,39272,143146.44,,,,,
2019-11-12,3.645,3.645,3.583,3.645,30777,112182.165,,,,,
2019-11-13,3.645,3.706,3.583,3.706,40206,149003.436,,,,,
2019-11-14,3.645,3.645,3.583,3.583,20975,75153.425,,,,,
2019-11-15,3.645,3.645,3.583,3.645,24862,90621.99,,,,,
2019-11-18,3.706,3.706,3.521,3.583,31998,114648.834,,,,,
2019-11-19,3.645,3.645,3.521,3.583,27700,99249.1,,,,,
2019-11-20,3.583,3.645,3.583,3.583,24731,88611.17300000001,,,,,
2019-11-21,3.583,3.583,3.521,3.521,26779,94288.859,,,,,
2019-11-22,3.521,3.583,3.459,3.459,43842,151649.478,,,,,
2019-11-25,3.459,3.583,3.397,3.521,11096,39069.016,,,,,
2019-11-26,3.521,3.521,3.459,3.459,24108,83389.572,,,,,
2019-11-27,3.459,3.521,3.397,3.459,32500,112417.5,,,,,
2019-11-28,3.459,3.459,3.336,3.397,58426,198473.122,,,,,
2019-11-29,3.397,3.397,3.274,3.397,74397,252726.609,,,,,
2019-12-02,3.336,3.397,3.274,3.274,31296,102463.104,,,,,
2019-12-03,3.336,3.397,3.274,3.336,41027,136866.072,,,,,
2019-12-04,3.336,3.397,3.274,3.397,39249,133328.853,,,,,
2019-12-05,3.397,3.583,3.397,3.521,36464,128389.744,,,,,
2019-12-06,3.583,3.583,3.459,3.521,29634,104341.314,,,,,
2019-12-09,3.521,3.521,3.397,3.397,51164,173804.10799999998,,,,,
2019-12-10,3.397,3.459,3.274,3.459,39220,135661.98,,,,,
2019-12-11,3.459,3.459,3.336,3.397,12402,42129.594,,,,,
2019-12-12,3.336,3.397,3.274,3.336,30796,102735.456,,,,,
2019-12-13,3.336,3.459,3.274,3.397,34645,117689.065,,,,,
2019-12-16,3.397,3.645,3.336,3.583,91162,326633.446,,,,,
2019-12-17,3.583,3.706,3.521,3.521,70835,249410.035,,,,,
2019-12-18,3.521,3.583,3.459,3.459,41401,143206.059,,,,,
2019-12-19,3.397,3.459,3.397,3.397,75943,257978.371,,,,,
2019-12-20,3.521,3.583,3.397,3.583,33947,121632.101,,,,,
2019-12-23,3.521,3.521,3.397,3.397,65855,223709.435,,,,,
2019-12-24,3.397,3.459,3.397,3.459,22287,77090.73300000001,,,,,
2019-12-25,3.459,3.521,3.459,3.521,23442,82539.28199999999,,,,,
2019-12-26,3.521,3.521,3.459,3.459,20521,70982.139,,,,,
2019-12-27,3.459,3.459,3.397,3.397,34067,115725.599,,,,,
2019-12-30,3.459,3.459,3.397,3.397,19510,66275.47,,,,,
2019-12-31,3.397,3.459,3.336,3.336,52439,174936.504,,,,,
2020-01-02,3.397,3.397,3.274,3.336,47164,157339.104,,,,,
2020-01-03,3.397,3.459,3.397,3.459,40760,140988.84,,,,,
2020-01-06,3.459,3.459,3.397,3.459,48936,169269.624,,,,,
2020-01-07,3.459,3.83,3.459,3.768,429204,1617240.672,,,,,
2020-01-08,3.706,3.768,3.521,3.706,132184,489873.904,,,,,
2020-01-09,3.645,3.83,3.583,3.768,71500,269412.0,,,,,
2020-01-10,3.768,4.015,3.768,3.892,247702,964056.184,,,,,
2020-01-13,3.768,3.83,3.336,3.706,141146,523087.076,,,,,
2020-01-14,3.583,3.83,3.521,3.83,181901,696680.83,,,,,
2020-01-15,3.83,3.953,3.83,3.953,87200,344701.6,,,,,
2020-01-16,3.892,4.015,3.768,4.015,218810,878522.1499999999,,,,,
2020-01-17,3.953,4.077,3.892,4.077,94035,383380.695,,,,,
2020-01-20,4.015,4.201,3.953,4.201,89400,375569.4,,,,,
2020-01-21,4.139,4.386,3.953,3.953,259900,1027384.7,,,,,
2020-01-22,4.015,4.201,3.892,4.139,29913,123809.907,,,,,
2020-01-30,4.015,4.077,3.953,4.015,56900,228453.5,,,,,
2020-01-31,3.953,4.139,3.953,4.139,140754,582580.806,,,,,
2020-02-03,3.953,3.953,3.459,3.892,174185,677928.02,,,,,
2020-02-04,3.706,4.262,3.706,4.262,471825,2010918.15,,,,,
2020-02-05,4.262,4.818,4.201,4.386,707263,3102055.518,,,,,
2020-02-06,4.695,4.818,4.201,4.324,293939,1270992.236,,,,,
2020-02-07,4.262,4.386,4.201,4.262,118965,507028.83,,,,,
2020-02-10,4.262,4.88,4.262,4.88,495066,2415922.08,,,,,
2020-02-11,4.756,5.004,4.695,5.004,489288,2448397.152,,,,,
2020-02-12,4.818,4.942,4.756,4.88,165306,806693.28,,,,,
2020-02-13,4.818,5.312,4.818,5.251,553713,2907546.963,,,,,
2020-02-14,5.065,5.251,4.942,5.251,318610,1673021.11,,,,,
2020-02-17,5.189,5.251,4.942,5.251,265092,1391998.0920000002,,,,,
2020-02-18,5.413,5.677,5.083,5.677,407664,2314308.528,,,,,
2020-02-19,5.413,5.743,5.413,5.413,350014,1894625.782,,,,,
2020-02-20,5.479,5.677,5.413,5.545,237009,1314214.905,,,,,
2020-02-21,5.479,5.479,5.149,5.281,75879,400716.999,,,,,
2020-02-24,5.281,5.677,4.819,5.413,474444,2568165.372,,,,,
2020-02-25,5.347,5.809,5.347,5.743,426017,2446615.631,,,,,
2020-02-26,5.677,5.677,5.545,5.611,408959,2294668.949,,,,,
2020-02-27,5.479,5.479,5.281,5.281,99960,527888.76,,,,,
2020-02-28,5.347,5.347,5.017,5.083,66876,339930.708,,,,,
2020-03-02,4.951,5.215,4.885,4.951,67093,332177.443,,,,,
2020-03-03,5.017,5.149,4.885,4.951,87062,431043.962,,,,,
2020-03-04,4.885,5.017,4.819,5.017,39308,197208.236,,,,,
2020-03-05,4.951,5.017,4.951,5.017,66814,335205.83800000005,,,,,
2020-03-06,4.951,5.083,4.753,5.017,72956,366020.252,,,,,
2020-03-09,4.951,4.951,4.555,4.687,163305,765410.535,,,,,
2020-03-10,4.291,4.819,4.159,4.687,203820,955304.34,,,,,
2020-03-11,4.621,4.819,4.489,4.687,92700,434484.9,,,,,
2020-03-12,4.555,4.621,4.423,4.621,92275,426402.775,,,,,
2020-03-13,4.423,4.687,4.423,4.687,83419,390984.853,,,,,
2020-03-16,4.555,4.885,4.555,4.819,98995,477056.905,,,,,
2020-03-17,4.687,4.819,4.687,4.819,59010,284369.19,,,,,
2020-03-18,4.753,4.885,4.753,4.885,57289,279856.765,,,,,
2020-03-19,4.819,4.819,4.621,4.753,98646,468864.438,,,,,
2020-03-20,4.621,4.951,4.621,4.951,91919,455090.969,,,,,
2020-03-23,4.819,4.819,4.687,4.753,37624,178826.872,,,,,
2020-03-24,4.687,4.753,4.621,4.621,5355,24745.455,,,,,
2020-03-25,4.687,4.687,4.621,4.687,39435,184831.845,,,,,
2020-03-26,4.555,4.621,4.225,4.621,23223,107313.483,,,,,
2020-03-27,4.555,4.555,4.423,4.423,29146,128912.758,,,,,
2020-03-30,4.423,4.489,4.357,4.357,11978,52188.146,,,,,
2020-03-31,4.291,4.753,3.763,4.423,55180,244061.14,,,,,
2020-04-01,4.093,4.357,4.093,4.291,29009,124477.619,,,,,
2020-04-03,4.159,4.489,4.159,4.423,29140,128886.22,,,,,
2020-04-06,4.225,4.555,4.225,4.555,17505,79735.275,,,,,
2020-04-07,4.423,4.423,4.357,4.357,27897,121547.229,,,,,
2020-04-08,4.291,4.423,4.291,4.423,13375,59157.625,,,,,
2020-04-09,4.357,4.489,4.357,4.357,42666,185895.762,,,,,
2020-04-10,4.357,4.423,4.357,4.423,21369,94515.087,,,,,
2020-04-13,4.357,4.489,4.357,4.423,14858,65716.934,,,,,
2020-04-14,4.357,4.423,4.291,4.357,15238,66391.966,,,,,
2020-04-15,4.357,4.423,4.291,4.357,15095,65768.91500000001,,,,,
2020-04-16,4.357,4.423,4.291,4.357,48697,212172.829,,,,,
2020-04-17,4.357,4.555,4.357,4.423,63823,282289.129,,,,,
2020-04-20,4.423,4.951,4.423,4.753,116612,554256.836,,,,,
2020-04-21,4.819,4.819,4.489,4.489,54130,242989.57,,,,,
2020-04-22,4.621,4.687,4.489,4.621,39319,181693.099,,,,,
2020-04-23,4.687,5.017,4.687,4.819,95875,462021.625,,,,,
2020-04-24,4.819,4.819,4.621,4.819,24759,119313.621,,,,,
2020-04-27,4.819,4.819,4.621,4.753,29862,141934.086,,,,,
2020-04-28,4.753,4.753,4.555,4.687,31177,146126.59900000002,,,,,
2020-04-29,4.621,4.753,4.621,4.621,9895,45724.795000000006,,,,,
2020-05-04,4.687,4.687,4.423,4.621,62740,289921.54000000004,,,,,
2020-05-05,4.621,4.687,4.555,4.555,12891,58718.505,,,,,
2020-05-06,4.621,4.687,4.555,4.621,22499,103967.87900000002,,,,,
2020-05-07,4.621,4.687,4.489,4.687,69672,326552.66400000005,,,,,
2020-05-08,4.687,4.885,4.687,4.753,155422,738720.7660000001,,,,,
2020-05-11,4.885,4.885,4.753,4.885,57788,282294.38,,,,,
2020-05-12,4.819,4.885,4.753,4.885,77128,376770.28,,,,,
2020-05-13,4.753,4.819,4.687,4.753,85558,406657.174,,,,,
2020-05-14,4.687,4.885,4.687,4.687,70247,329247.689,,,,,
2020-05-15,4.687,4.687,4.621,4.687,54164,253866.668,,,,,
2020-05-18,4.621,4.621,4.621,4.621,59490,274903.29000000004,,,,,
2020-05-19,4.621,5.215,4.621,5.017,1015977,5097156.609,,,,,
2020-05-20,5.083,5.413,5.083,5.149,212270,1092978.23,,,,,
2020-05-21,5.149,5.149,4.951,5.017,54303,272438.151,,,,,
2020-05-22,5.017,5.083,4.951,4.951,82106,406506.806,,,,,
2020-05-25,4.951,4.951,4.885,4.951,124863,618196.713,,,,,
2020-05-26,4.951,5.149,4.885,5.083,69802,354803.566,,,,,
2020-05-27,5.017,5.149,4.885,4.951,80432,398218.832,,,,,
2020-05-28,5.017,5.017,4.885,4.885,39090,190954.65,,,,,
2020-05-29,4.885,4.951,4.885,4.885,45442,221984.17,,,,,
2020-06-01,4.885,4.951,4.819,4.885,130430,637150.5499999999,,,,,
2020-06-02,4.819,5.017,4.819,4.951,110747,548308.397,,,,,
2020-06-03,4.885,5.017,4.885,5.017,73056,366521.9520000001,,,,,
2020-06-04,4.951,5.017,4.885,4.951,171569,849438.119,,,,,
2020-06-05,4.951,4.951,4.885,4.951,161479,799482.529,,,,,
2020-06-08,4.951,5.149,4.885,5.083,497621,2529407.543,,,,,
2020-06-09,5.083,5.149,5.017,5.017,178601,896041.2170000001,,,,,
2020-06-10,5.083,5.545,5.017,5.347,521056,2786086.432,,,,,
2020-06-11,5.347,5.545,5.017,5.083,407992,2073823.336,,,,,
2020-06-12,5.017,5.017,4.687,4.951,174619,864538.6689999999,,,,,
2020-06-15,4.885,4.885,4.687,4.753,393506,1870334.018,,,,,
2020-06-16,4.753,4.819,4.687,4.819,167331,806368.089,,,,,
2020-06-17,4.819,4.819,4.687,4.753,165072,784587.216,,,,,
2020-06-18,4.753,4.819,4.687,4.753,89546,425612.138,,,,,
2020-06-19,4.753,4.885,4.687,4.819,77316,372585.804,,,,,
2020-06-22,4.819,4.819,4.753,4.819,90573,436471.287,,,,,
2020-06-23,4.753,4.819,4.687,4.819,264459,1274427.921,,,,,
2020-06-24,4.753,4.819,4.687,4.753,129258,614363.274,,,,,
2020-06-25,4.753,4.753,4.555,4.621,189578,876039.9380000001,,,,,
2020-06-26,4.621,4.621,4.489,4.555,166547,758621.585,,,,,
2020-06-29,4.555,4.555,4.159,4.291,159911,686178.101,,,,,
2020-06-30,4.159,4.357,4.159,4.225,103905,438998.625,,,,,
2020-07-01,4.225,4.489,4.225,4.489,71767,322162.063,,,,,
2020-07-02,4.489,4.489,4.423,4.423,28821,127475.283,,,,,
2020-07-03,4.489,4.621,4.423,4.489,29773,133650.997,,,,,
2020-07-06,4.291,4.489,4.291,4.423,59600,263610.8,,,,,
2020-07-07,4.423,4.489,4.423,4.423,62379,275902.317,,,,,
2020-07-08,4.357,4.489,4.357,4.489,45685,205079.965,,,,,
2020-07-09,4.357,4.489,4.357,4.423,50560,223626.88,,,,,
2020-07-10,4.489,4.489,4.357,4.423,137623,608706.529,,,,,
2020-07-13,4.423,4.423,4.357,4.357,41822,182218.454,,,,,
2020-07-14,4.423,4.489,4.357,4.423,96286,425872.978,,,,,
2020-07-15,4.357,4.423,4.357,4.423,63465,280705.695,,,,,
2020-07-16,4.423,4.489,4.357,4.357,25868,112706.876,,,,,
2020-07-17,4.357,4.423,4.291,4.423,115253,509764.019,,,,,
2020-07-20,4.423,4.489,4.357,4.357,27756,120932.892,,,,,
2020-07-21,4.357,4.423,4.357,4.423,60110,265866.53,,,,,
2020-07-22,4.357,4.423,4.357,4.423,34130,150956.99,,,,,
2020-07-23,4.357,4.357,4.291,4.357,51352,223740.664,,,,,
2020-07-24,4.291,4.357,3.961,4.027,129424,521190.448,,,,,
2020-07-27,3.961,4.159,3.763,3.763,197061,741540.543,,,,,
2020-07-28,3.895,4.093,3.895,4.027,78752,317134.304,,,,,
2020-07-29,4.093,4.093,3.829,3.895,67303,262145.185,,,,,
2020-07-30,3.961,4.027,3.961,4.027,47777,192397.979,,,,,
2020-07-31,3.895,4.027,3.895,4.027,42682,171880.41400000002,,,,,
2020-08-03,3.895,4.027,3.895,3.961,74844,296457.084,,,,,
2020-08-04,4.027,4.159,3.961,4.093,60797,248842.121,,,,,
2020-08-05,4.093,4.093,3.961,4.093,58882,241004.026,,,,,
2020-08-06,4.027,4.093,4.027,4.027,33770,135991.79,,,,,
2020-08-07,4.093,4.093,4.027,4.093,58052,237606.836,,,,,
2020-08-10,4.093,4.357,4.093,4.225,108469,458281.525,,,,,
2020-08-11,4.225,4.423,4.159,4.291,76219,327055.72900000005,,,,,
2020-08-12,4.291,4.423,4.291,4.291,91424,392300.384,,,,,
2020-08-13,4.291,4.357,4.291,4.357,87786,382483.602,,,,,
2020-08-14,4.357,4.885,4.357,4.555,385633,1756558.315,,,,,
2020-08-17,4.555,4.621,4.423,4.621,106109,490329.6890000001,,,,,
2020-08-18,4.555,4.687,4.489,4.555,54564,248539.02,,,,,
2020-08-19,4.555,4.555,4.423,4.423,113819,503421.437,,,,,
2020-08-20,4.555,4.621,4.357,4.489,35645,160010.405,,,,,
2020-08-21,4.423,4.489,4.357,4.423,63314,280037.822,,,,,
2020-08-24,4.423,4.555,4.357,4.555,178131,811386.705,,,,,
2020-08-25,4.489,4.621,4.423,4.555,129026,587713.4299999999,,,,,
2020-08-26,4.555,4.555,4.489,4.489,75628,339494.092,,,,,
2020-08-27,4.489,4.555,4.423,4.489,96960,435253.44,,,,,
2020-08-28,4.489,4.621,4.489,4.621,107200,495371.20000000007,,,,,
2020-08-31,4.489,4.555,4.489,4.489,72416,325075.424,,,,,
2020-09-01,4.489,4.489,4.423,4.489,57278,257120.942,,,,,
2020-09-03,4.423,4.489,4.423,4.423,93125,411891.875,,,,,
2020-09-04,4.423,4.489,4.357,4.489,95163,427186.707,,,,,
2020-09-07,4.489,4.489,4.423,4.423,130596,577626.108,,,,,
2020-09-08,4.423,4.489,4.423,4.489,44623,200312.647,,,,,
2020-09-09,4.423,4.423,4.357,4.423,101815,450327.745,,,,,
2020-09-10,4.423,4.489,4.423,4.489,106704,478994.256,,,,,
2020-09-11,4.489,4.621,4.489,4.489,99640,447283.96,,,,,
2020-09-14,4.489,4.621,4.489,4.489,134516,603842.324,,,,,
2020-09-15,4.555,4.555,4.489,4.489,189607,851145.823,,,,,
2020-09-16,4.555,4.753,4.489,4.753,422713,2009154.889,,,,,
2020-09-17,4.687,4.819,4.621,4.687,149052,698606.724,,,,,
2020-09-18,4.687,4.753,4.621,4.753,143314,681171.442,,,,,
2020-09-21,4.753,4.819,4.687,4.753,263973,1254663.669,,,,,
2020-09-22,4.687,4.819,4.687,4.819,231689,1116509.291,,,,,
2020-09-23,4.753,4.951,4.753,4.819,96094,463076.986,,,,,
2020-09-24,4.819,5.281,4.753,5.215,792878,4134858.77,,,,,
2020-09-25,5.215,5.413,5.149,5.149,772441,3977298.709,,,,,
2020-09-28,5.083,5.149,5.017,5.083,203911,1036479.613,,,,,
2020-09-29,5.017,5.017,4.753,4.885,375851,1836032.135,,,,,
2020-09-30,4.753,4.951,4.687,4.885,243399,1189004.115,,,,,
2020-10-01,4.885,5.149,4.819,5.083,414828,2108570.724,,,,,
2020-10-02,5.083,5.149,4.885,5.149,386816,1991715.584,,,,,
2020-10-05,5.083,5.281,5.083,5.281,505887,2671589.247,,,,,
2020-10-06,5.281,5.281,5.149,5.281,305949,1615716.669,,,,,
2020-10-07,5.149,5.347,5.149,5.281,242708,1281740.948,,,,,
2020-10-08,5.281,5.347,5.215,5.281,276304,1459161.424,,,,,
2020-10-09,5.281,5.413,5.215,5.413,256508,1388477.804,,,,,
2020-10-12,5.413,5.545,5.215,5.347,281363,1504447.961,,,,,
2020-10-13,5.347,5.347,5.215,5.281,76590,404471.79,,,,,
2020-10-14,5.281,5.281,5.215,5.215,121656,634436.04,,,,,
2020-10-15,5.083,5.281,5.017,5.281,218100,1151786.1,,,,,
2020-10-16,5.149,5.281,5.149,5.215,70146,365811.39,,,,,
2020-10-19,5.215,5.281,5.149,5.215,116517,607636.155,,,,,
2020-10-20,5.215,5.281,5.215,5.281,118206,624245.8859999999,,,,,
2020-10-21,5.281,5.479,5.215,5.281,191966,1013772.446,,,,,
2020-10-22,5.215,5.347,5.215,5.281,79920,422057.52,,,,,
2020-10-23,5.281,5.347,5.215,5.215,98285,512556.275,,,,,
2020-10-26,5.281,5.413,5.281,5.347,248295,1327633.365,,,,,
2020-10-27,5.347,5.545,5.281,5.545,309562,1716521.29,,,,,
2020-10-28,5.413,5.611,5.413,5.413,238396,1290437.548,,,,,
2020-10-29,5.281,5.479,5.281,5.413,176281,954209.053,,,,,
2020-10-30,5.347,5.347,5.347,5.347,72613,388261.711,,,,,
2020-11-02,5.281,5.347,5.215,5.347,78155,417894.785,,,,,
2020-11-03,5.281,5.413,5.281,5.347,120427,643923.169,,,,,
2020-11-04,5.347,5.413,5.347,5.413,125979,681924.327,,,,,
2020-11-05,5.413,5.413,5.281,5.281,53279,281366.399,,,,,
2020-11-06,5.347,5.347,5.281,5.347,84056,449447.432,,,,,
2020-11-09,5.281,5.347,5.281,5.347,79576,425492.872,,,,,
2020-11-10,5.347,5.347,5.281,5.281,119776,632537.056,,,,,
2020-11-11,5.347,5.347,5.215,5.347,154361,825368.2670000001,,,,,
2020-11-12,5.281,5.281,5.215,5.281,40433,213526.673,,,,,
2020-11-13,5.215,5.413,5.215,5.281,162489,858104.409,,,,,
2020-11-16,5.281,5.347,5.215,5.281,116988,617813.6279999999,,,,,
2020-11-17,5.347,5.347,5.281,5.347,136266,728614.302,,,,,
2020-11-18,5.281,5.347,5.281,5.347,134606,719738.282,,,,,
2020-11-19,5.281,5.347,5.281,5.347,89757,479930.67900000006,,,,,
2020-11-20,5.347,5.347,5.281,5.347,101634,543436.998,,,,,
2020-11-23,5.347,5.413,5.281,5.347,124372,665017.084,,,,,
2020-11-24,5.347,5.413,5.281,5.347,49692,265703.124,,,,,
2020-11-25,5.347,5.413,5.215,5.347,122993,657643.571,,,,,
2020-11-26,5.215,5.281,5.215,5.281,32456,171400.136,,,,,
2020-11-27,5.215,5.347,5.215,5.281,42802,226037.362,,,,,
2020-11-30,5.215,5.611,5.215,5.413,186300,1008441.9,,,,,
2020-12-01,5.413,5.743,5.347,5.743,299624,1720740.632,,,,,
2020-12-02,5.743,5.875,5.611,5.809,394694,2292777.446,,,,,
2020-12-03,5.743,6.205,5.743,6.139,331554,2035410.006,,,,,
2020-12-04,6.139,6.205,5.941,5.941,261283,1552282.303,,,,,
2020-12-07,5.941,5.941,5.743,5.941,190689,1132883.349,,,,,
2020-12-08,5.809,6.007,5.677,5.875,183616,1078744.0,,,,,
2020-12-09,5.875,6.139,5.743,5.941,283752,1685770.632,,,,,
2020-12-10,5.941,6.007,5.809,5.875,146000,857750.0,,,,,
2020-12-11,5.941,6.073,5.875,5.941,160907,955948.487,,,,,
2020-12-14,5.941,6.139,5.875,6.073,106531,646962.763,,,,,
2020-12-15,6.007,6.007,5.941,6.007,139868,840187.076,,,,,
2020-12-16,6.007,6.073,5.941,6.073,250836,1523327.0280000002,,,,,
2020-12-17,6.007,6.139,5.875,6.007,525102,3154287.714,,,,,
2020-12-18,6.073,6.073,5.941,6.007,76965,462328.755,,,,,
2020-12-21,6.007,6.073,5.875,6.007,180970,1087086.79,,,,,
2020-12-22,5.941,6.601,5.941,6.403,560501,3588887.903,,,,,
2020-12-23,6.403,6.403,6.073,6.271,278460,1746222.66,,,,,
2020-12-24,6.271,6.271,5.941,6.073,160369,973920.937,,,,,
2020-12-25,6.007,6.271,6.007,6.073,199221,1209869.133,,,,,
2020-12-28,6.073,6.469,6.073,6.403,486058,3112229.374,,,,,
2020-12-29,6.337,6.733,6.337,6.601,1457806,9622977.406,,,,,
2020-12-30,6.601,6.733,6.403,6.535,998410,6524609.350000001,,,,,
2020-12-31,6.535,6.535,6.403,6.469,229899,1487216.631,,,,,
2021-01-04,6.403,6.469,6.337,6.403,370948,2375180.044,,,,,
2021-01-05,6.337,6.403,6.205,6.271,574748,3604244.708,,,,,
2021-01-06,6.205,6.403,6.205,6.271,267878,1679862.938,,,,,
2021-01-07,6.271,6.469,6.271,6.337,598962,3795622.194,,,,,
2021-01-08,6.403,6.403,6.271,6.337,319280,2023277.36,,,,,
2021-01-11,6.337,6.733,6.271,6.403,714189,4572952.166999999,,,,,
2021-01-12,6.469,6.865,6.469,6.799,2302971,15657899.829000002,,,,,
2021-01-13,6.601,7.261,6.601,7.063,1034872,7309300.936,,,,,
2021-01-14,7.129,7.129,6.865,7.063,772309,5454818.467,,,,,
2021-01-15,6.997,7.261,6.799,7.063,2064318,14580278.034,,,,,
2021-01-18,6.997,7.261,6.997,7.195,1349544,9709969.08,,,,,
2021-01-19,7.195,7.195,6.469,6.667,1004341,6695941.447,,,,,
2021-01-20,6.601,6.799,6.139,6.667,537519,3583639.173,,,,,
2021-01-21,6.667,6.865,6.535,6.799,481305,3272392.6950000003,,,,,
2021-01-22,6.799,6.865,6.667,6.799,317036,2155527.764,,,,,
2021-01-25,6.799,6.865,6.667,6.799,582170,3958173.83,,,,,
2021-01-26,6.799,6.799,6.469,6.601,484509,3198243.909,,,,,
2021-01-27,6.535,6.535,5.941,6.073,313478,1903751.894,,,,,
2021-01-28,5.941,5.941,5.281,5.281,782315,4131405.515,,,,,
2021-01-29,5.281,5.809,4.621,5.413,405634,2195696.842,,,,,
2021-02-01,5.479,5.809,5.281,5.281,385191,2034193.671,,,,,
2021-02-02,5.281,5.479,5.215,5.413,262065,1418557.845,,,,,
2021-02-03,5.413,5.677,5.413,5.677,325299,1846722.423,,,,,
2021-02-04,5.677,5.743,5.479,5.545,197505,1095165.225,,,,,
2021-02-05,5.611,5.875,5.413,5.611,474342,2661532.962,,,,,
2021-02-08,5.677,5.743,5.479,5.479,253430,1388542.97,,,,,
2021-02-09,5.611,5.677,5.413,5.611,207147,1162301.817,,,,,
2021-02-17,5.545,5.743,5.545,5.677,263643,1496701.311,,,,,
2021-02-18,5.743,5.743,5.611,5.677,314838,1787335.326,,,,,
2021-02-19,5.677,6.403,5.677,6.073,469916,2853799.868,,,,,
2021-02-22,6.073,6.205,6.007,6.139,328144,2014476.016,,,,,
2021-02-23,6.139,6.205,6.073,6.139,442325,2715433.1750000003,,,,,
2021-02-24,6.073,6.139,5.875,5.941,417038,2477622.758,,,,,
2021-02-25,6.007,6.007,5.941,6.007,175942,1056883.594,,,,,
2021-02-26,5.941,6.007,5.875,5.941,188307,1118731.887,,,,,
2021-03-01,5.941,6.073,5.941,6.007,147867,888237.0689999999,,,,,
2021-03-02,6.007,6.535,6.007,6.337,1003825,6361239.024999999,,,,,
2021-03-03,6.205,7.129,6.205,7.129,2461263,17546343.926999997,,,,,
2021-03-04,7.063,7.261,6.733,7.063,1406652,9935183.076,,,,,
2021-03-05,7.129,7.129,6.667,7.063,923686,6523994.217999999,,,,,
2021-03-08,6.931,7.129,6.931,7.129,557693,3975793.397,,,,,
2021-03-09,7.063,7.261,6.865,7.129,970487,6918601.823,,,,,
2021-03-10,7.129,7.261,7.063,7.129,579954,4134492.066,,,,,
2021-03-11,7.129,7.129,6.931,6.997,526472,3683724.584,,,,,
2021-03-12,6.931,7.129,6.931,6.997,538788,3769899.636,,,,,
2021-03-15,6.997,6.997,6.865,6.931,434999,3014978.069,,,,,
2021-03-16,6.931,6.931,6.799,6.931,416535,2887004.085,,,,,
2021-03-17,6.931,7.261,6.799,7.129,1100513,7845557.176999999,,,,,
2021-03-18,7.129,7.591,7.129,7.261,979312,7110784.432,,,,,
2021-03-19,7.261,7.261,7.063,7.261,634954,4610400.994,,,,,
2021-03-22,7.261,7.327,6.997,7.195,1026209,7383573.755,,,,,
2021-03-23,7.129,7.261,6.931,6.997,752745,5266956.765,,,,,
2021-03-24,6.997,6.997,6.799,6.931,519735,3602283.285,,,,,
2021-03-25,6.997,6.997,6.733,6.865,415222,2850499.0300000003,,,,,
2021-03-26,6.865,6.865,6.535,6.799,539155,3665714.845,,,,,
2021-03-29,6.733,7.063,6.733,6.997,430402,3011522.794,,,,,
2021-03-30,6.931,7.195,6.931,7.195,789831,5682834.045,,,,,
2021-03-31,7.129,8.119,7.063,7.921,3888525,30801006.525,,,,,
2021-04-01,7.921,8.317,7.855,8.053,1033786,8325078.658000001,,,,,
2021-04-02,8.119,8.251,8.053,8.119,1015619,8245810.660999999,,,,,
2021-04-05,8.119,8.119,7.789,7.921,1243168,9847133.728,,,,,
2021-04-06,7.921,8.053,7.789,7.921,660004,5227891.684,,,,,
2021-04-07,7.921,8.053,7.789,7.921,725250,5744705.25,,,,,
2021-04-08,7.855,8.119,7.855,8.053,752693,6061436.729,,,,,
2021-04-09,7.987,8.449,7.987,8.251,1070075,8829188.825,,,,,
2021-04-12,8.251,8.383,8.119,8.185,465486,3810002.91,,,,,
2021-04-13,8.185,8.185,7.855,7.921,1025221,8120775.541,,,,,
2021-04-14,7.855,7.855,7.591,7.723,943963,7290226.249,,,,,
2021-04-15,7.855,7.921,7.591,7.591,566860,4303034.26,,,,,
2021-04-16,7.591,7.789,7.195,7.591,455661,3458922.651,,,,,
2021-04-19,7.657,7.921,7.327,7.657,465022,3560673.454,,,,,
2021-04-20,7.591,7.855,7.459,7.789,335923,2616504.247,,,,,
2021-04-22,7.723,7.723,7.393,7.393,361162,2670070.666,,,,,
2021-04-23,7.261,7.591,6.997,7.525,332955,2505486.375,,,,,
2021-04-26,7.525,7.789,7.459,7.459,412678,3078165.202,,,,,
2021-04-27,7.459,7.525,7.327,7.525,157560,1185639.0,,,,,
2021-04-28,7.459,7.591,7.393,7.525,154702,1164132.55,,,,,
2021-04-29,7.525,7.591,7.327,7.393,182148,1346620.164,,,,,
2021-05-04,7.327,7.393,6.931,6.997,674792,4721519.624,,,,,
2021-05-05,6.997,7.261,6.997,7.195,421085,3029706.575,,,,,
2021-05-06,7.195,7.525,7.129,7.393,437347,3233306.371,,,,,
2021-05-07,7.327,7.459,7.195,7.393,389199,2877348.207,,,,,
2021-05-10,7.327,7.393,7.195,7.393,311015,2299333.895,,,,,
2021-05-11,7.261,7.393,7.261,7.327,159227,1166656.229,,,,,
2021-05-12,7.261,7.327,7.195,7.261,178880,1298847.68,,,,,
2021-05-13,7.261,7.327,7.195,7.261,151898,1102931.378,,,,,
2021-05-14,7.195,7.261,7.129,7.261,244340,1774152.74,,,,,
2021-05-17,7.327,7.459,7.195,7.327,484790,3552056.33,,,,,
2021-05-18,7.261,7.393,7.195,7.195,163919,1179397.205,,,,,
2021-05-19,7.261,7.261,7.195,7.261,122029,886052.569,,,,,
2021-05-20,7.129,7.129,6.997,7.063,155224,1096347.112,,,,,
2021-05-21,7.063,7.195,6.865,6.997,188840,1321313.48,,,,,
2021-05-24,7.063,7.129,6.931,6.997,227143,1589319.571,,,,,
2021-05-25,6.931,7.129,6.931,7.129,251584,1793542.336,,,,,
2021-05-26,6.997,7.327,6.997,7.195,449484,3234037.3800000004,,,,,
2021-05-27,7.261,7.657,7.261,7.525,579089,4357644.725000001,,,,,
2021-05-28,7.525,7.657,7.525,7.591,372765,2829659.115,,,,,
2021-05-31,7.657,8.383,7.591,8.119,1532394,12441506.886,,,,,
2021-06-01,8.185,8.713,8.119,8.449,1180533,9974323.317,,,,,
2021-06-02,8.449,8.581,8.251,8.317,727640,6051781.88,,,,,
2021-06-03,8.317,9.241,8.185,8.779,1765100,15495812.9,,,,,
2021-06-04,8.779,9.043,8.581,8.779,980080,8604122.32,,,,,
2021-06-07,8.779,8.977,8.383,8.515,1005897,8565212.955,,,,,
2021-06-08,8.515,8.581,8.053,8.119,568142,4612744.898,,,,,
2021-06-09,8.119,8.317,7.657,8.053,670661,5400833.033000001,,,,,
2021-06-10,8.053,8.251,7.987,8.053,307317,2474823.8010000004,,,,,
2021-06-11,8.053,8.581,7.987,8.383,568115,4762508.045,,,,,
2021-06-14,8.317,8.581,8.317,8.449,623496,5267917.704,,,,,
2021-06-15,8.449,8.647,8.449,8.449,591166,4994761.534,,,,,
2021-06-16,8.449,8.515,8.317,8.317,293328,2439608.9760000003,,,,,
2021-06-17,8.251,8.515,8.185,8.515,272119,2317093.285,,,,,
2021-06-18,8.383,8.449,8.317,8.449,391656,3309101.544,,,,,
2021-06-21,8.383,8.515,8.317,8.383,266763,2236274.229,,,,,
2021-06-22,8.383,8.449,8.317,8.383,437983,3671611.489,,,,,
2021-06-23,8.383,8.383,8.251,8.317,256431,2132736.627,,,,,
2021-06-24,8.317,8.449,8.251,8.383,348492,2921408.436,,,,,
2021-06-25,8.317,8.383,8.251,8.317,352806,2934287.502,,,,,
2021-06-28,8.251,8.317,8.251,8.317,612648,5095393.416,,,,,
2021-06-29,8.383,8.383,8.251,8.383,421677,3534918.291,,,,,
2021-06-30,8.317,8.383,8.185,8.251,304584,2513122.584,,,,,
2021-07-01,8.185,8.251,8.119,8.185,343442,2811072.77,,,,,
2021-07-02,8.185,8.317,8.185,8.251,455048,3754601.048,,,,,
2021-07-05,8.185,8.251,8.053,8.185,365196,2989129.26,,,,,
2021-07-06,8.185,8.845,8.185,8.449,2564163,21664613.187,,,,,
2021-07-07,8.383,8.515,8.185,8.383,307474,2577554.542,,,,,
2021-07-08,8.317,8.713,8.317,8.713,1121699,9773363.386999998,,,,,
2021-07-09,8.581,8.845,8.053,8.383,1073845,9002042.635,,,,,
2021-07-12,8.845,8.845,7.789,7.987,1035395,8269699.865,,,,,
2021-07-13,8.053,8.185,7.855,8.053,480165,3866768.7450000006,,,,,
2021-07-14,8.053,8.119,7.723,7.987,386082,3083636.934,,,,,
2021-07-15,7.855,8.119,7.855,7.921,352051,2788595.971,,,,,
2021-07-16,8.187,8.263,8.035,8.111,270738,2195955.918,,,,,
2021-07-19,8.111,8.111,7.429,7.58,348852,2644298.16,,,,,
2021-07-20,7.429,7.732,7.429,7.732,225525,1743759.3,,,,,
2021-07-21,7.656,7.884,7.656,7.884,406199,3202472.916,,,,,
2021-07-22,7.808,7.884,7.732,7.884,182059,1435353.156,,,,,
2021-07-23,7.808,7.808,7.656,7.732,314633,2432742.356,,,,,
2021-07-26,7.732,7.732,7.505,7.656,186650,1428992.4,,,,,
2021-07-27,7.656,7.808,7.656,7.732,141675,1095431.1,,,,,
2021-07-28,7.656,7.732,7.58,7.656,234985,1799045.16,,,,,
2021-07-29,7.656,7.732,7.58,7.656,210522,1611756.432,,,,,
2021-07-30,7.656,7.808,7.58,7.732,187924,1453028.368,,,,,
2021-08-02,7.732,7.808,7.656,7.808,328279,2563202.432,,,,,
2021-08-03,7.732,8.035,7.732,8.035,400073,3214586.555,,,,,
2021-08-04,8.035,8.338,8.035,8.263,743943,6147201.009,,,,,
2021-08-05,8.187,8.338,8.187,8.187,199684,1634812.9079999998,,,,,
2021-08-06,8.263,8.263,8.035,8.035,374525,3009308.375,,,,,
2021-08-09,8.035,8.187,7.959,8.111,368695,2990485.145,,,,,
2021-08-10,8.187,8.263,8.035,8.187,434471,3557014.077,,,,,
2021-08-11,8.187,8.793,8.187,8.642,1849194,15980734.548,,,,,
2021-08-12,8.642,8.869,8.642,8.642,794028,6861989.976,,,,,
2021-08-13,8.717,8.717,8.338,8.642,518450,4480444.899999999,,,,,
2021-08-16,8.566,8.642,8.414,8.642,580526,5016905.692,,,,,
2021-08-17,8.642,8.642,8.49,8.566,414815,3553305.2900000005,,,,,
2021-08-18,8.566,8.642,8.49,8.566,208033,1782010.678,,,,,
2021-08-19,8.49,8.566,8.414,8.566,406766,3484357.5560000003,,,,,
2021-08-20,8.566,8.566,8.263,8.338,610409,5089590.242,,,,,
2021-08-23,8.338,8.338,7.884,7.959,599312,4769924.208,,,,,
2021-08-24,8.035,8.035,7.732,7.808,453961,3544527.488,,,,,
2021-08-25,7.808,7.959,7.732,7.884,261016,2057850.144,,,,,
2021-08-26,7.959,7.959,7.808,7.884,310585,2448652.14,,,,,
2021-08-27,7.884,8.035,7.732,7.959,288241,2294110.119,,,,,
2021-08-30,8.035,8.642,8.035,8.49,989632,8401975.68,,,,,
2021-08-31,8.414,8.566,7.808,8.414,401427,3377606.778,,,,,
2021-09-01,8.414,8.414,8.111,8.338,353348,2946215.624,,,,,
2021-09-06,8.338,8.642,8.187,8.49,1047439,8892757.11,,,,,
2021-09-07,8.49,9.475,8.49,9.172,4001578,36702473.416,,,,,
2021-09-08,9.248,9.4,9.096,9.172,1154785,10591688.02,,,,,
2021-09-09,9.172,9.248,8.945,9.096,661358,6015712.368,,,,,
2021-09-10,9.096,9.172,8.945,9.172,688058,6310867.976000001,,,,,
2021-09-13,9.096,9.855,9.021,9.324,1164714,10859793.336,,,,,
2021-09-14,9.324,9.324,9.021,9.172,470710,4317352.12,,,,,
2021-09-15,9.172,9.172,8.945,9.172,872294,8000680.568000001,,,,,
2021-09-16,8.945,9.475,8.945,9.248,929621,8597135.008,,,,,
2021-09-17,9.324,9.475,9.248,9.4,707322,6648826.8,,,,,
2021-09-20,9.475,10.158,9.324,9.93,2394750,23779867.5,,,,,
2021-09-21,9.855,10.082,9.551,9.93,1177082,11688424.26,,,,,
2021-09-22,9.855,10.461,9.855,10.309,1218997,12566640.073,,,,,
2021-09-23,10.158,10.537,9.779,10.082,1446872,14587363.504,,,,,
2021-09-24,9.855,10.158,9.627,10.082,950438,9582315.916,,,,,
2021-09-27,10.082,10.158,9.855,9.93,1044491,10371795.63,,,,,
2021-09-28,9.855,10.082,9.703,10.006,688559,6889721.354,,,,,
2021-09-29,9.855,10.006,9.779,10.006,421757,4220100.542,,,,,
2021-09-30,10.006,10.234,9.855,10.082,316973,3195721.7860000003,,,,,
2021-10-01,10.082,10.158,9.93,10.006,598339,5986980.034,,,,,
2021-10-04,10.006,10.006,9.779,9.855,836691,8245589.805000001,,,,,
2021-10-05,10.006,10.082,9.855,10.006,483537,4838271.222,,,,,
2021-10-06,10.082,10.234,9.93,10.234,583414,5970658.876,,,,,
2021-10-07,10.234,10.916,10.234,10.688,1133328,12113009.664,,,,,
2021-10-08,10.764,10.764,10.461,10.688,643555,6878315.840000001,,,,,
2021-10-11,10.613,11.674,10.613,11.371,1549129,17615145.859,,,,,
2021-10-12,11.371,11.901,11.295,11.674,1440170,16812544.58,,,,,
2021-10-13,11.75,11.977,11.598,11.75,610215,7170026.25,,,,,
2021-10-14,11.75,11.75,11.446,11.598,783420,9086105.16,,,,,
2021-10-15,11.598,11.674,11.371,11.598,809701,9390912.198,,,,,
2021-10-18,11.598,11.75,11.522,11.674,670688,7829611.711999999,,,,,
2021-10-19,11.674,12.204,11.598,12.204,869141,10606996.764,,,,,
2021-10-20,12.129,13.19,12.129,12.962,1432255,18564889.31,,,,,
2021-10-21,12.887,13.266,12.508,13.19,837533,11047060.27,,,,,
2021-10-22,12.887,13.19,12.887,13.19,766573,10111097.87,,,,,
2021-10-25,13.266,13.569,12.962,13.19,745331,9830915.89,,,,,
2021-10-26,13.19,13.493,13.19,13.493,612082,8258822.426,,,,,
2021-10-27,13.417,13.569,13.341,13.493,509283,6871755.519,,,,,
2021-10-28,13.417,13.645,13.417,13.645,731385,9979748.325,,,,,
2021-10-29,13.569,14.1,13.569,14.024,907088,12721002.112,,,,,
2021-11-01,13.948,14.479,13.948,14.251,808018,11515064.518,,,,,
2021-11-02,14.251,14.327,14.1,14.1,694614,9794057.4,,,,,
2021-11-03,14.024,14.1,12.887,13.341,1930641,25756681.581,,,,,
2021-11-04,13.493,13.645,12.887,13.493,498507,6726354.951,,,,,
2021-11-05,13.493,13.645,13.266,13.569,451845,6131084.805000001,,,,,
2021-11-08,13.493,13.569,13.266,13.417,524420,7036143.14,,,,,
2021-11-09,13.493,13.872,13.266,13.569,610562,8284715.778000001,,,,,
2021-11-10,13.569,13.72,13.493,13.645,479885,6548030.825,,,,,
2021-11-11,13.493,13.645,13.417,13.645,554306,7563505.37,,,,,
2021-11-12,13.569,13.645,13.266,13.569,612769,8314662.561000001,,,,,
2021-11-15,13.493,14.1,13.493,13.948,1599491,22309700.468,,,,,
2021-11-16,14.024,14.024,13.72,13.872,894070,12402539.04,,,,,
2021-11-17,13.872,13.872,13.645,13.72,522092,7163102.24,,,,,
2021-11-18,13.645,14.858,13.569,14.554,2275332,33115181.928,,,,,
2021-11-19,14.251,15.161,14.1,14.554,1331728,19381969.312,,,,,
2021-11-22,14.782,15.009,14.1,14.327,924780,13249323.06,,,,,
2021-11-23,14.327,14.327,12.356,13.872,1325369,18385518.768,,,,,
2021-11-24,13.872,14.327,13.645,13.948,1077052,15022721.296,,,,,
2021-11-25,13.948,14.024,13.72,13.872,765764,10622678.208,,,,,
2021-11-26,13.872,13.872,13.341,13.645,872189,11901018.905,,,,,
2021-11-29,13.569,13.645,13.038,13.493,559462,7548820.766,,,,,
2021-11-30,13.569,14.706,13.569,14.024,2187894,30683025.456,,,,,
2021-12-01,14.024,14.175,13.796,14.1,755058,10646317.8,,,,,
2021-12-02,14.1,14.175,13.948,14.1,1024854,14450441.4,,,,,
2021-12-03,14.175,14.479,13.948,13.948,1817557,25351285.036,,,,,
2021-12-06,14.479,14.479,13.417,13.645,958653,13080820.185,,,,,
2021-12-07,13.72,14.1,13.417,14.1,1371222,19334230.2,,,,,
2021-12-08,14.251,15.691,14.1,15.691,6715216,105368454.256,,,,,
2021-12-09,15.54,15.919,15.161,15.388,2640638,40634137.544,,,,,
2021-12-10,15.388,15.388,14.933,15.237,1044776,15919251.912,,,,,
2021-12-13,15.085,15.54,14.858,15.388,2246930,34575758.84,,,,,
2021-12-14,15.312,15.54,14.858,14.858,1210679,17988268.582000002,,,,,
2021-12-15,14.933,15.009,14.554,14.706,1162314,17092989.684,,,,,
2021-12-16,14.782,14.782,14.1,14.63,1790596,26196419.48,,,,,
2021-12-17,14.479,15.312,14.403,14.63,1387521,20299432.23,,,,,
2021-12-20,14.403,14.782,14.175,14.327,1531949,21948233.323,,,,,
2021-12-21,14.327,14.403,13.872,14.024,1782109,24992296.616,,,,,
2021-12-22,14.175,14.933,14.1,14.554,1726257,25123944.378,,,,,
2021-12-23,14.63,14.782,13.948,14.175,1503880,21317499.0,,,,,
2021-12-24,14.175,14.479,14.024,14.175,647767,9182097.225,,,,,
2021-12-27,14.175,14.327,13.948,14.024,778315,10915089.56,,,,,
2021-12-28,14.1,14.479,14.024,14.327,1471005,21075088.635,,,,,
2021-12-29,14.403,14.782,14.403,14.554,1749734,25465628.636,,,,,
2022-01-12,15.919,15.919,14.1,14.441,3210500,46362830.5,,,,,
2022-01-13,14.554,14.706,13.455,13.72,1054900,14473228.0,,,,,
2022-01-14,12.811,13.645,12.811,13.114,760400,9971885.6,,,,,
2022-01-17,13.114,13.114,12.204,12.204,2348200,28657432.8,,,,,
2022-01-18,11.522,12.28,11.371,12.28,1511500,18561220.0,,,,,
2022-01-19,12.242,13.114,11.977,13.114,857500,11245255.0,,,,,
2022-01-20,12.204,13.228,12.204,12.773,1116300,14258499.9,,,,,
2022-01-21,12.508,12.811,12.318,12.621,1288500,16262158.5,,,,,
2022-01-24,12.621,12.621,11.75,11.825,1446500,17104862.5,,,,,
2022-01-25,12.053,12.053,11.446,12.015,630300,7573054.5,,,,,
2022-01-26,12.356,12.356,11.674,11.674,448200,5232286.8,,,,,
2022-01-27,11.522,12.432,11.522,11.75,1137400,13364450.0,,,,,
2022-01-28,11.825,11.901,11.522,11.863,491000,5824733.0,,,,,
2022-02-07,12.167,12.659,12.053,12.508,700200,8758101.6,,,,,
2022-02-08,12.887,12.887,12.432,12.546,426800,5354632.8,,,,,
2022-02-09,12.432,12.621,12.204,12.508,673100,8419134.799999999,,,,,
2022-02-10,12.508,12.735,12.129,12.204,1456200,17771464.8,,,,,
2022-02-11,12.204,12.356,12.091,12.204,476400,5813985.600000001,,,,,
2022-02-14,12.204,12.659,12.015,12.432,1464200,18202934.4,,,,,
2022-02-15,12.129,12.432,12.129,12.356,1136700,14045065.2,,,,,
2022-02-16,12.356,12.621,12.204,12.47,1700600,21206482.0,,,,,
2022-02-17,12.508,12.508,12.204,12.356,658300,8133954.8,,,,,
2022-02-18,12.356,12.659,12.318,12.621,998900,12607116.9,,,,,
2022-02-21,12.621,12.735,12.621,12.735,635100,8087998.5,,,,,
2022-02-22,12.887,13.341,12.735,13.341,1940700,25890878.7,,,,,
2022-02-23,13.341,13.569,13.266,13.341,738900,9857664.9,,,,,
2022-02-24,13.152,13.417,12.508,13.114,1777200,23306200.8,,,,,
2022-02-25,13.038,13.417,13.038,13.417,1958400,26275852.8,,,,,
2022-02-28,13.417,13.645,13.266,13.493,2240100,30225669.3,,,,,
2022-03-01,13.493,13.493,13.266,13.304,700000,9312800.0,,,,,
2022-03-02,13.152,13.266,12.925,12.962,1064600,13799345.2,,,,,
2022-03-03,13.12,13.604,13.12,13.523,706800,9558056.4,,,,,
2022-03-04,13.967,13.967,13.645,13.645,734000,10015430.0,,,,,
2022-03-07,13.685,13.806,13.322,13.564,643600,8729790.4,,,,,
2022-03-08,13.322,13.645,13.322,13.483,515900,6955879.7,,,,,
2022-03-09,13.806,14.412,13.725,14.412,2898400,41771740.8,,,,,
2022-03-10,14.936,15.259,14.533,14.573,2059400,30011636.2,,,,,
2022-03-11,14.573,14.573,14.29,14.371,692200,9947606.2,,,,,
2022-03-14,14.048,14.29,13.564,13.645,1284100,17521544.5,,,,,
2022-03-15,13.402,13.725,13.402,13.564,648900,8801679.6,,,,,
2022-03-16,13.725,13.967,13.645,13.927,467200,6506694.399999999,,,,,
2022-03-17,14.129,14.129,13.725,13.766,442700,6094208.2,,,,,
2022-03-18,13.766,14.129,13.725,13.806,423600,5848221.6,,,,,
2022-03-21,13.766,13.967,13.766,13.766,542000,7461172.0,,,,,
2022-03-22,13.766,13.846,13.604,13.725,827800,11361555.0,,,,,
2022-03-23,13.725,14.008,13.725,13.846,700800,9703276.8,,,,,
2022-03-24,13.766,13.887,13.685,13.887,624900,8677986.3,,,,,
2022-03-25,13.967,14.492,13.967,14.21,1095200,15562792.000000002,,,,,
2022-03-28,13.806,14.21,13.806,14.129,690600,9757487.4,,,,,
2022-03-29,14.129,14.29,13.725,13.766,1745500,24028553.0,,,,,
2022-03-30,13.766,14.089,13.564,13.806,1391800,19215190.8,,,,,
2022-03-31,13.806,13.887,13.322,13.806,1236000,17064216.0,,,,,
2022-04-01,13.725,13.766,13.483,13.725,611700,8395582.5,,,,,
2022-04-04,13.725,13.806,13.645,13.725,544400,7471890.0,,,,,
2022-04-05,13.685,13.685,13.523,13.564,489300,6636865.2,,,,,
2022-04-06,13.402,13.523,13.241,13.241,978000,12949698.0,,,,,
2022-04-07,13.241,13.281,12.837,12.837,791800,10164336.6,,,,,
2022-04-08,12.837,12.918,12.433,12.433,791600,9841962.8,,,,,
2022-04-12,12.272,12.595,11.949,11.949,914900,10932140.1,,,,,
2022-04-13,11.949,12.353,11.949,12.353,486400,6008499.2,,,,,
2022-04-14,12.393,12.756,12.393,12.433,308500,3835580.5,,,,,
2022-04-15,12.393,12.433,12.111,12.433,283800,3528485.4,,,,,
2022-04-18,12.433,12.433,11.586,11.747,744400,8744466.8,,,,,
2022-04-19,11.788,12.03,10.94,10.94,539100,5897754.0,,,,,
2022-04-20,10.94,10.98,10.254,10.455,872400,9120942.0,,,,,
2022-04-21,10.132,10.899,9.89,10.899,826600,9009113.4,,,,,
2022-04-22,10.899,11.222,10.778,10.94,367200,4017168.0,,,,,
2022-04-25,10.657,10.98,10.213,10.213,732700,7483065.1,,,,,
2022-04-26,9.89,10.375,9.527,10.375,769500,7983562.5,,,,,
2022-04-27,10.375,10.536,10.132,10.536,346400,3649670.4,,,,,
2022-04-28,10.536,10.738,10.334,10.415,355100,3698366.5,,,,,
2022-04-29,10.334,10.496,10.254,10.496,632400,6637670.4,,,,,
2022-05-04,10.577,10.778,10.334,10.496,329000,3453184.0,,,,,
2022-05-05,10.536,10.819,10.415,10.496,272800,2863308.8000000003,,,,,
2022-05-06,10.415,10.415,10.132,10.132,279900,2835946.8,,,,,
2022-05-09,10.092,10.132,9.446,9.446,466600,4407503.6,,,,,
2022-05-10,8.8,9.446,8.8,9.285,803900,7464211.5,,,,,
2022-05-11,9.527,9.608,9.204,9.365,330600,3096069.0,,,,,
2022-05-12,9.365,9.446,8.881,8.881,337600,2998225.6,,,,,
2022-05-13,8.881,8.881,8.276,8.276,879800,7281224.8,,,,,
2022-05-16,8.477,8.841,8.397,8.397,282000,2367954.0,,,,,
2022-05-17,8.154,8.962,8.154,8.962,400300,3587488.6,,,,,
2022-05-18,9.083,9.285,9.043,9.204,221600,2039606.4,,,,,
2022-05-19,8.881,9.285,8.8,9.244,197800,1828463.2,,,,,
2022-05-20,9.043,9.487,9.043,9.204,247600,2278910.4000000004,,,,,
2022-05-23,9.204,9.285,8.881,8.881,191800,1703375.8,,,,,
2022-05-24,8.881,9.204,8.76,9.204,190800,1756123.2000000002,,,,,
2022-05-25,9.204,9.365,9.043,9.164,222500,2038990.0,,,,,
2022-05-26,9.365,9.648,9.164,9.487,912200,8654041.4,,,,,
2022-05-27,9.527,9.567,9.446,9.527,176900,1685326.2999999998,,,,,
2022-05-30,9.487,9.931,9.487,9.931,253400,2516515.4,,,,,
2022-05-31,9.85,9.931,9.487,9.608,488300,4691586.4,,,,,
2022-06-01,9.648,9.688,9.406,9.648,276500,2667672.0,,,,,
2022-06-02,9.487,9.608,9.164,9.487,236500,2243675.5,,,,,
2022-06-03,9.608,9.608,8.962,9.365,133500,1250227.5,,,,,
2022-06-06,9.325,9.325,9.083,9.083,170600,1549559.8,,,,,
2022-06-07,8.881,9.083,8.841,9.083,407500,3701322.5,,,,,
2022-06-08,9.043,9.446,9.043,9.446,272200,2571201.2,,,,,
2022-06-09,9.527,9.527,9.204,9.244,180900,1672239.6,,,,,
2022-06-10,9.204,9.285,8.881,9.204,135700,1248982.8,,,,,
2022-06-13,9.043,9.043,8.598,8.598,576400,4955887.2,,,,,
2022-06-14,8.397,8.639,8.316,8.437,239400,2019817.8,,,,,
2022-06-15,8.437,8.598,8.033,8.154,498100,4061507.4,,,,,
2022-06-16,8.639,8.639,8.074,8.074,191700,1547785.8,,,,,
2022-06-17,7.993,7.993,7.557,7.589,328500,2492986.5,,,,,
2022-06-20,7.589,8.074,7.444,7.509,203200,1525828.8,,,,,
2022-06-21,7.266,7.589,7.266,7.468,187500,1400250.0,,,,,
2022-06-22,7.484,7.509,7.266,7.468,192900,1440577.2,,,,,
2022-06-23,7.476,7.751,7.468,7.751,124400,964224.4,,,,,
2022-06-24,7.759,8.154,7.759,7.953,230600,1833961.8,,,,,
2022-06-27,7.953,8.235,7.953,8.074,116500,940621.0,,,,,
2022-06-28,8.114,8.356,7.993,8.235,303500,2499322.5,,,,,
2022-06-29,8.066,8.235,8.066,8.074,125600,1014094.4,,,,,
2022-06-30,8.074,8.074,7.993,8.074,109300,882488.2,,,,,
2022-07-01,8.001,8.058,7.823,7.993,78600,628249.8,,,,,
2022-07-04,8.074,8.195,8.033,8.154,101200,825184.8,,,,,
2022-07-05,8.154,8.154,7.993,8.017,63100,505872.7,,,,,
2022-07-06,7.759,8.009,7.735,7.735,104500,808307.5,,,,,
2022-07-07,7.67,7.823,7.67,7.815,95700,747895.5,,,,,
2022-07-08,7.735,7.912,7.735,7.831,65300,511364.3000000001,,,,,
2022-07-11,7.791,7.912,7.791,7.815,109100,852616.5,,,,,
2022-07-12,7.815,7.864,7.791,7.864,128300,1008951.2,,,,,
2022-07-13,7.993,8.041,7.751,7.936,282000,2237952.0,,,,,
2022-07-14,7.912,8.154,7.912,8.154,254900,2078454.6,,,,,
2022-07-15,8.235,8.558,8.195,8.477,361600,3065283.2,,,,,
2022-07-18,8.477,8.72,8.437,8.477,173100,1467368.7,,,,,
2022-07-19,8.477,8.558,8.235,8.477,167600,1420745.2,,,,,
2022-07-20,8.558,8.76,8.397,8.679,288600,2504759.4,,,,,
2022-07-21,8.76,8.881,8.477,8.72,326900,2850568.0,,,,,
2022-07-22,8.679,8.841,8.639,8.72,230400,2009088.0,,,,,
2022-07-25,8.639,8.8,8.558,8.598,160800,1382558.4,,,,,
2022-07-26,8.598,8.679,8.477,8.598,304100,2614651.8000000003,,,,,
2022-07-27,8.639,8.639,8.356,8.477,212100,1797971.7,,,,,
2022-07-28,8.558,8.76,8.477,8.72,215400,1878288.0,,,,,
2022-07-29,8.72,8.72,8.598,8.639,85900,742090.1,,,,,
2022-08-01,8.558,8.72,8.477,8.679,259600,2253068.4,,,,,
2022-08-02,8.639,9.123,8.639,8.8,310000,2728000.0,,,,,
2022-08-03,8.8,9.244,8.8,9.043,330500,2988711.4999999995,,,,,
2022-08-04,9.204,9.204,8.881,8.921,215500,1922475.5,,,,,
2022-08-05,8.921,8.962,8.841,8.962,226600,2030789.2,,,,,
2022-08-08,8.962,9.083,8.881,9.043,271700,2456983.1,,,,,
2022-08-09,9.043,9.123,9.002,9.083,166400,1511411.2,,,,,
2022-08-10,9.083,9.123,9.002,9.043,187900,1699179.7,,,,,
2022-08-11,9.083,9.123,8.72,8.841,237600,2100621.6,,,,,
2022-08-12,8.8,8.921,8.72,8.841,287900,2545323.9,,,,,
2022-08-15,8.881,9.083,8.881,9.083,238300,2164478.9,,,,,
2022-08-16,9.123,9.123,9.002,9.083,170200,1545926.6,,,,,
2022-08-17,9.083,9.123,9.002,9.083,318100,2889302.3000000003,,,,,
2022-08-18,9.043,9.083,8.881,8.962,200600,1797777.2,,,,,
2022-08-19,8.962,9.043,8.881,8.962,285000,2554170.0,,,,,
2022-08-22,9.129,9.216,8.911,8.911,339100,3021720.1,,,,,
2022-08-23,8.823,8.954,8.823,8.954,128400,1149693.6,,,,,
2022-08-24,8.954,9.042,8.823,8.954,113700,1018069.8,,,,,
2022-08-25,8.954,8.954,8.823,8.911,422900,3768461.9,,,,,
2022-08-26,8.867,9.478,8.823,8.998,224900,2023650.2,,,,,
2022-08-29,8.736,8.78,8.596,8.736,471600,4119897.6,,,,,
2022-08-30,8.736,8.911,8.718,8.718,162700,1418418.6,,,,,
2022-08-31,8.474,8.701,8.474,8.649,230400,1992729.6,,,,,
2022-09-05,8.823,8.823,8.675,8.736,202200,1766419.2000000002,,,,,
2022-09-06,8.736,8.78,8.692,8.692,96400,837908.8,,,,,
2022-09-07,8.657,8.692,8.552,8.552,131400,1123732.8,,,,,
2022-09-08,8.552,8.552,8.299,8.299,171300,1421618.7,,,,,
2022-09-09,8.212,8.299,8.037,8.194,202100,1656007.4,,,,,
2022-09-12,8.386,8.736,8.386,8.736,503100,4395081.600000001,,,,,
2022-09-13,8.78,9.347,8.78,9.347,1076500,10062045.5,,,,,
2022-09-14,9.26,9.435,9.042,9.435,628500,5929897.5,,,,,
2022-09-15,9.435,9.74,9.26,9.435,491500,4637302.5,,,,,
2022-09-16,9.522,9.522,9.129,9.129,415500,3793099.5,,,,,
2022-09-19,9.173,9.173,8.78,9.042,394300,3565260.6,,,,,
2022-09-20,8.867,9.566,8.867,9.566,492100,4707428.600000001,,,,,
2022-09-21,9.347,9.522,9.216,9.216,293600,2705817.6,,,,,
2022-09-22,9.173,9.216,8.911,9.085,314300,2855415.5000000005,,,,,
2022-09-23,9.085,9.391,8.998,9.173,217800,1997879.4,,,,,
2022-09-26,9.085,9.085,8.535,8.631,605800,5228659.8,,,,,
2022-09-27,8.561,8.736,8.561,8.736,312400,2729126.4000000004,,,,,
2022-09-28,8.727,8.727,8.421,8.561,251900,2156515.9,,,,,
2022-09-29,8.649,8.649,8.43,8.605,326700,2811253.5,,,,,
2022-09-30,8.587,8.683,8.386,8.526,205500,1752093.0,,,,,
2022-10-03,8.474,8.631,8.247,8.343,333100,2779053.3,,,,,
2022-10-04,8.29,8.701,8.168,8.343,199600,1665262.8,,,,,
2022-10-05,8.474,8.911,8.212,8.491,525700,4463718.7,,,,,
2022-10-06,8.561,8.561,8.299,8.299,156000,1294644.0,,,,,
2022-10-07,8.133,8.203,7.723,7.731,584000,4514904.0,,,,,
2022-10-10,7.775,7.775,7.251,7.731,221400,1711643.4,,,,,
2022-10-11,7.6,7.688,7.198,7.198,558400,4019363.2,,,,,
2022-10-12,7.198,7.329,6.901,7.207,273800,1973276.6,,,,,
2022-10-13,7.207,7.452,7.163,7.181,142700,1024728.7,,,,,
2022-10-14,7.207,7.574,7.207,7.425,286400,2126520.0,,,,,
2022-10-17,7.408,7.408,7.163,7.382,86900,641495.7999999999,,,,,
2022-10-18,7.495,7.6,7.382,7.513,218900,1644595.7,,,,,
2022-10-19,7.557,7.557,7.338,7.356,71800,528160.8,,,,,
2022-10-20,7.294,7.399,7.26,7.277,95700,696408.9,,,,,
2022-10-21,7.251,7.513,6.989,6.989,243700,1703219.3,,,,,
2022-10-24,6.989,7.076,6.499,6.971,1000000,6971000.0,,,,,
2022-10-25,6.971,6.989,6.491,6.561,155000,1016955.0,,,,,
2022-10-26,6.901,7.006,6.596,6.901,441100,3044031.1,,,,,
2022-10-27,6.989,7.155,6.98,7.05,237600,1675080.0,,,,,
2022-10-28,7.05,7.163,6.989,7.032,91200,641318.4,,,,,
2022-10-31,6.989,7.032,6.814,6.997,93100,651420.7,,,,,
2022-11-01,6.945,7.015,6.849,6.91,88300,610153.0,,,,,
2022-11-02,6.91,6.91,6.805,6.814,92200,628250.8,,,,,
2022-11-03,6.901,6.901,6.657,6.657,128600,856090.2,,,,,
2022-11-04,6.657,6.657,6.377,6.377,136300,869185.1,,,,,
2022-11-07,6.377,6.552,5.932,6.377,463500,2955739.5,,,,,
2022-11-08,6.334,6.36,5.932,6.36,211600,1345776.0,,,,,
2022-11-09,5.967,6.421,5.967,6.29,98000,616420.0,,,,,
2022-11-10,6.29,6.29,5.871,6.272,262900,1648908.8,,,,,
2022-11-11,6.202,6.29,5.967,6.159,184000,1133256.0,,,,,
2022-11-14,6.106,6.106,5.731,6.063,305200,1850427.6,,,,,
2022-11-15,5.766,5.853,5.643,5.643,199300,1124649.9,,,,,
2022-11-16,5.25,5.94,5.25,5.678,388700,2207038.6,,,,,
2022-11-17,5.678,5.932,5.591,5.766,156500,902379.0,,,,,
2022-11-18,5.678,5.766,5.364,5.678,274100,1556339.8,,,,,
2022-11-21,5.434,5.809,5.434,5.678,159700,906776.6,,,,,
2022-11-22,5.923,5.984,5.591,5.809,202200,1174579.8,,,,,
2022-11-23,5.809,6.01,5.678,5.766,101500,585249.0,,,,,
2022-11-24,5.766,5.766,5.364,5.547,190500,1056703.5,,,,,
2022-11-25,5.547,5.635,5.547,5.635,174500,983307.5,,,,,
2022-11-28,5.635,5.958,5.635,5.949,346400,2060733.6,,,,,
2022-11-29,5.984,6.246,5.984,6.124,356000,2180144.0,,,,,
2022-11-30,6.272,6.29,6.141,6.29,373300,2348057.0,,,,,
2022-12-01,6.543,6.543,6.386,6.508,358200,2331165.6,,,,,
2022-12-02,6.508,6.508,6.115,6.499,336300,2185613.7,,,,,
2022-12-05,6.552,6.814,6.499,6.596,397600,2622569.6,,,,,
2022-12-06,6.596,6.596,6.141,6.202,270200,1675780.4,,,,,
2022-12-07,6.202,6.202,5.853,5.871,136700,802565.7000000001,,,,,
2022-12-08,5.897,6.115,5.871,5.94,169300,1005642.0,,,,,
2022-12-09,6.194,6.194,5.897,6.028,106800,643790.3999999999,,,,,
2022-12-12,6.028,6.272,6.028,6.089,229600,1398034.4,,,,,
2022-12-13,6.264,6.264,6.028,6.124,112000,685888.0,,,,,
2022-12-14,6.334,6.334,6.15,6.168,185100,1141696.8,,,,,
2022-12-15,6.115,6.168,6.08,6.098,228900,1395832.2,,,,,
2022-12-16,6.098,6.377,6.036,6.334,417000,2641278.0,,,,,
2022-12-19,6.29,6.447,6.264,6.264,274000,1716336.0,,,,,
2022-12-20,6.185,6.202,5.914,5.984,417100,2495926.4,,,,,
2022-12-21,5.774,6.377,5.774,6.377,728400,4645006.8,,,,,
2022-12-22,6.377,6.823,6.334,6.823,1164400,7944701.2,,,,,
2022-12-23,7.294,7.294,7.251,7.294,531400,3876031.6,,,,,
2022-12-26,7.801,7.801,7.303,7.513,2406600,18080785.8,,,,,
2022-12-27,7.513,7.792,7.338,7.513,587300,4412384.9,,,,,
2022-12-28,7.513,7.67,7.163,7.495,452600,3392237.0,,,,,
2022-12-29,7.495,7.513,7.163,7.495,242000,1813790.0,,,,,
2022-12-30,7.504,7.504,7.181,7.408,296800,2198694.4,,,,,
2023-01-03,7.26,7.408,7.094,7.128,1193400,8506555.2,,,,,
2023-01-04,7.076,7.207,7.05,7.076,303600,2148273.6,,,,,
2023-01-05,7.076,7.338,7.076,7.216,184000,1327744.0,,,,,
2023-01-06,7.216,7.338,7.085,7.085,120700,855159.5,,,,,
2023-01-09,7.085,7.198,7.067,7.067,133300,942031.1,,,,,
2023-01-10,7.067,7.557,7.067,7.557,651800,4925652.600000001,,,,,
2023-01-11,8.011,8.011,7.338,7.338,319400,2343757.2,,,,,
2023-01-12,7.469,7.469,7.251,7.26,81500,591690.0,,,,,
2023-01-13,7.26,7.46,7.251,7.251,192400,1395092.4,,,,,
2023-01-16,7.207,7.268,7.172,7.198,165900,1194148.2,,,,,
2023-01-17,7.198,7.294,7.163,7.233,228100,1649847.2999999998,,,,,
2023-01-18,7.19,7.338,7.19,7.233,384400,2780365.2,,,,,
2023-01-19,7.233,7.391,7.181,7.329,219100,1605783.9,,,,,
2023-01-27,7.731,7.731,7.382,7.53,226900,1708557.0,,,,,
2023-01-30,7.434,7.6,7.425,7.452,222400,1657324.8,,,,,
2023-01-31,7.425,7.452,7.163,7.347,381100,2799941.7,,,,,
2023-02-01,7.382,7.504,7.251,7.251,255700,1854080.7,,,,,
2023-02-02,7.242,7.425,7.163,7.303,180900,1321112.7,,,,,
2023-02-03,7.425,7.425,7.163,7.163,202800,1452656.4,,,,,
2023-02-06,7.172,7.207,7.102,7.207,209800,1512028.6,,,,,
2023-02-07,7.251,7.321,7.076,7.163,134500,963423.5,,,,,
2023-02-08,7.032,7.163,6.989,7.076,150500,1064938.0,,,,,
2023-02-09,7.137,7.137,7.085,7.128,47600,339292.8,,,,,
2023-02-10,7.015,7.198,7.006,7.024,158800,1115411.2,,,,,
2023-02-13,7.032,7.076,6.727,6.727,305200,2053080.4,,,,,
2023-02-14,6.814,6.989,6.727,6.753,111600,753634.8,,,,,
2023-02-15,6.893,6.928,6.814,6.814,90800,618711.2,,,,,
2023-02-16,6.901,6.928,6.814,6.866,98600,676987.6,,,,,
2023-02-17,6.866,7.067,6.84,6.875,119900,824312.5,,,,,
2023-02-20,6.875,7.163,6.875,7.163,260900,1868826.7,,,,,
2023-02-21,7.163,7.425,7.12,7.146,173800,1241974.8,,,,,
2023-02-22,7.032,7.12,6.98,6.98,195300,1363194.0,,,,,
2023-02-23,6.98,6.98,6.823,6.971,85800,598111.8,,,,,
2023-02-24,6.962,6.971,6.858,6.858,66400,455371.2,,,,,
2023-02-27,6.727,6.971,6.727,6.797,70800,481227.6,,,,,
2023-02-28,6.814,6.971,6.814,6.849,49000,335601.0,,,,,
2023-03-01,6.831,6.884,6.735,6.866,189300,1299733.8,,,,,
2023-03-02,6.884,6.901,6.831,6.875,36500,250937.5,,,,,
2023-03-03,6.875,6.884,6.814,6.814,67700,461307.8,,,,,
2023-03-06,6.84,6.84,6.727,6.77,71200,482024.0,,,,,
2023-03-07,6.893,6.893,6.753,6.779,53900,365388.1,,,,,
2023-03-08,6.692,6.788,6.683,6.788,61800,419498.4,,,,,
2023-03-09,6.788,6.866,6.762,6.858,171800,1178204.4,,,,,
2023-03-10,6.823,6.84,6.727,6.814,70200,478342.8,,,,,
2023-03-13,6.753,6.797,6.7,6.727,120600,811276.2000000001,,,,,
2023-03-14,6.657,6.727,6.508,6.622,73100,484068.2,,,,,
2023-03-15,6.639,6.77,6.639,6.709,129400,868144.6,,,,,
2023-03-16,6.665,6.683,6.613,6.639,79500,527800.5,,,,,
2023-03-17,6.639,6.735,6.639,6.683,34500,230563.5,,,,,
2023-03-20,6.683,6.683,6.578,6.613,67400,445716.2,,,,,
2023-03-21,6.552,6.639,6.29,6.508,196500,1278822.0,,,,,
2023-03-22,6.508,6.508,6.377,6.395,171300,1095463.5,,,,,
2023-03-23,6.395,6.456,6.342,6.386,105700,675000.2000000001,,,,,
2023-03-24,6.508,6.508,6.386,6.412,73200,469358.4,,,,,
2023-03-27,6.412,6.412,6.377,6.395,57500,367712.5,,,,,
2023-03-28,6.386,6.456,6.377,6.395,220100,1407539.5,,,,,
2023-03-29,6.421,6.421,6.377,6.395,108600,694497.0,,,,,
2023-03-30,6.421,6.465,6.395,6.421,74500,478364.5,,,,,
2023-03-31,6.421,6.438,6.36,6.386,77300,493637.8,,,,,
2023-04-03,6.403,6.517,6.395,6.447,221800,1429944.6,,,,,
2023-04-04,6.465,6.596,6.465,6.552,132200,866174.3999999999,,,,,
2023-04-05,6.552,6.727,6.552,6.665,160000,1066400.0,,,,,
2023-04-06,6.639,6.744,6.639,6.648,159000,1057032.0,,,,,
2023-04-07,6.657,6.674,6.569,6.639,170600,1132613.4,,,,,
2023-04-10,6.657,6.928,6.639,6.814,508800,3466963.2,,,,,
2023-04-11,6.823,6.919,6.823,6.91,455900,3150269.0,,,,,
2023-04-12,6.919,7.163,6.919,6.989,472200,3300205.8,,,,,
2023-04-13,7.076,7.076,6.858,6.875,266100,1829437.5,,,,,
2023-04-14,6.901,6.901,6.683,6.814,280900,1914052.6,,,,,
2023-04-17,6.814,6.945,6.814,6.814,244400,1665341.6,,,,,
2023-04-18,6.945,6.945,6.805,6.823,174700,1191978.1,,,,,
2023-04-19,6.893,6.893,6.648,6.648,169500,1126836.0,,,,,
2023-04-20,6.648,6.77,6.648,6.727,394600,2654474.2,,,,,
2023-04-21,6.849,6.849,6.639,6.639,94400,626721.6,,,,,
2023-04-24,6.639,6.7,6.622,6.648,131900,876871.2,,,,,
2023-04-25,6.648,6.683,6.552,6.604,93500,617474.0,,,,,
2023-04-26,6.438,6.587,6.438,6.526,166600,1087231.6,,,,,
2023-04-27,6.526,6.604,6.508,6.508,253300,1648476.4,,,,,
2023-04-28,6.508,6.718,6.465,6.674,265200,1769944.8,,,,,
2023-05-04,6.631,6.648,6.596,6.639,126400,839169.6,,,,,
2023-05-05,6.596,6.718,6.596,6.639,169400,1124646.6,,,,,
2023-05-08,6.805,6.805,6.604,6.683,273500,1827800.5,,,,,
2023-05-09,6.639,6.683,6.596,6.657,176600,1175626.2,,,,,
2023-05-10,6.622,6.858,6.622,6.831,670900,4582917.9,,,,,
2023-05-11,6.945,6.945,6.779,6.779,305800,2073018.2,,,,,
2023-05-12,6.779,6.823,6.727,6.788,228900,1553773.2,,,,,
2023-05-15,6.814,6.928,6.788,6.875,659300,4532687.5,,,,,
2023-05-16,6.989,7.163,6.989,7.05,812200,5726010.0,,,,,
2023-05-17,7.233,7.513,7.163,7.338,1435400,10532965.2,,,,,
2023-05-18,7.347,7.591,7.347,7.382,906500,6691783.0,,,,,
2023-05-19,7.495,7.53,7.294,7.408,760500,5633784.0,,,,,
2023-05-22,7.408,7.443,7.294,7.321,666900,4882374.899999999,,,,,
2023-05-23,7.312,7.312,7.251,7.251,543900,3943818.9,,,,,
2023-05-24,7.251,7.522,7.251,7.399,666500,4931433.5,,,,,
2023-05-25,7.425,7.583,7.338,7.391,461000,3407251.0,,,,,
2023-05-26,7.425,7.46,7.347,7.425,334400,2482920.0,,,,,
2023-05-29,7.443,7.941,7.391,7.941,1845200,14652733.2,,,,,
2023-05-30,8.212,8.491,7.993,8.491,2451700,20817384.7,,,,,
2023-05-31,8.78,8.911,8.535,8.736,2412900,21079094.4,,,,,
2023-06-01,8.78,8.867,8.386,8.657,1260100,10908685.7,,,,,
2023-06-02,8.867,8.867,8.483,8.483,1367300,11598805.9,,,,,
2023-06-05,8.622,8.622,8.404,8.404,814100,6841696.4,,,,,
2023-06-06,8.474,8.517,8.386,8.386,877400,7357876.399999999,,,,,
2023-06-07,8.386,8.954,8.386,8.954,1629200,14587856.8,,,,,
2023-06-08,8.954,8.998,8.474,8.544,841700,7191484.800000001,,,,,
2023-06-09,8.544,8.561,8.369,8.474,544700,4615787.8,,,,,
2023-06-12,8.483,8.823,8.386,8.675,607100,5266592.5,,,,,
2023-06-13,8.683,8.736,8.474,8.57,596700,5113719.0,,,,,
2023-06-14,8.57,8.579,8.378,8.386,553300,4639973.8,,,,,
2023-06-15,8.43,8.43,8.037,8.151,666700,5434271.7,,,,,
2023-06-16,8.186,8.517,8.186,8.343,666400,5559775.2,,,,,
2023-06-19,8.351,8.386,8.194,8.194,325900,2670424.6,,,,,
2023-06-20,8.124,8.151,8.037,8.151,533700,4350188.7,,,,,
2023-06-21,8.203,8.474,8.194,8.386,672700,5641262.199999999,,,,,
2023-06-22,8.404,8.587,8.325,8.483,673900,5716693.7,,,,,
2023-06-23,8.605,8.605,8.395,8.413,428000,3600764.0,,,,,
2023-06-26,8.386,8.413,8.124,8.212,516800,4243961.6,,,,,
2023-06-27,8.22,8.378,8.22,8.299,400600,3324579.4,,,,,
2023-06-28,8.255,8.317,8.177,8.177,804100,6575125.699999999,,,,,
2023-06-29,8.29,8.29,8.037,8.037,428200,3441443.4000000004,,,,,
2023-06-30,7.95,8.124,7.906,7.906,387100,3060412.6,,,,,
2023-07-03,7.923,8.037,7.871,7.941,298200,2368006.2,,,,,
2023-07-04,7.906,7.95,7.862,7.95,560000,4452000.0,,,,,
2023-07-05,8.124,8.124,7.958,7.993,359700,2875082.1,,,,,
2023-07-06,7.967,8.037,7.819,7.836,437500,3428250.0,,,,,
2023-07-07,7.854,7.871,7.644,7.714,550500,4246557.0,,,,,
2023-07-10,7.731,7.915,7.714,7.88,239800,1889624.0,,,,,
2023-07-11,7.862,8.081,7.862,8.002,425300,3403250.6,,,,,
2023-07-12,7.967,8.037,7.906,7.923,243600,1930042.8,,,,,
2023-07-13,7.932,8.255,7.932,8.177,941300,7697010.1,,,,,
2023-07-14,8.229,8.509,8.212,8.421,1446800,12183502.8,,,,,
2023-07-17,8.43,8.517,8.299,8.369,1107100,9265319.9,,,,,
2023-07-18,8.334,8.378,8.282,8.378,791200,6628673.6,,,,,
2023-07-19,8.474,8.727,8.386,8.579,1407100,12071510.9,,,,,
2023-07-20,8.649,8.683,8.544,8.649,1095600,9475844.4,,,,,
2023-07-21,8.823,8.823,8.343,8.369,2003000,16763107.0,,,,,
2023-07-24,8.369,8.421,8.212,8.282,1066400,8831924.8,,,,,
2023-07-25,8.334,8.561,8.22,8.404,925100,7774540.4,,,,,
2023-07-26,8.544,8.954,8.474,8.954,4988700,44668819.8,,,,,
2023-07-27,9.435,9.435,8.954,9.042,2097600,18966499.2,,,,,
2023-07-28,9.042,9.085,8.823,8.954,1826000,16350004.000000002,,,,,
2023-07-31,9.085,9.129,8.911,9.042,1831200,16557710.4,,,,,
2023-08-01,9.085,9.085,8.736,8.736,1472400,12862886.4,,,,,
2023-08-02,8.727,8.998,8.657,8.911,1196500,10662011.5,,,,,
2023-08-03,8.78,8.911,8.736,8.736,1541100,13463049.6,,,,,
2023-08-04,8.823,9.347,8.823,9.347,3579800,33460390.6,,,,,
2023-08-07,9.391,9.74,9.391,9.566,2161600,20677865.6,,,,,
2023-08-08,9.478,9.566,9.347,9.478,1391800,13191480.4,,,,,
2023-08-09,9.435,10.003,9.304,9.828,4270500,41970474.0,,,,,
2023-08-10,9.828,10.046,9.784,9.784,3762600,36813278.400000006,,,,,
2023-08-11,9.74,9.872,9.391,9.478,2830200,26824635.6,,,,,
2023-08-14,9.609,9.74,9.478,9.609,1044600,10037561.4,,,,,
2023-08-15,9.872,10.265,9.697,10.046,2294700,23052556.2,,,,,
2023-08-16,10.046,10.352,9.915,10.352,1375200,14236070.4,,,,,
2023-08-17,10.308,10.876,10.265,10.658,2117900,22572578.2,,,,,
2023-08-18,10.483,10.789,9.915,9.915,3394700,33658450.5,,,,,
2023-08-21,9.828,10.308,9.609,10.134,1507300,15274978.2,,,,,
2023-08-22,10.046,10.308,9.609,10.265,1485400,15247631.0,,,,,
2023-08-23,10.265,10.439,10.221,10.265,521600,5354224.0,,,,,
2023-08-24,10.265,10.483,10.134,10.439,661600,6906442.4,,,,,
2023-08-25,10.439,10.745,10.396,10.439,1405700,14674102.3,,,,,
2023-08-28,10.527,10.789,10.396,10.614,964500,10237203.0,,,,,
2023-08-29,10.614,10.789,10.439,10.57,932800,9859696.0,,,,,
2023-08-30,10.658,11.095,10.614,10.832,1728000,18717696.0,,,,,
2023-08-31,10.876,10.964,10.701,10.701,970300,10383180.3,,,,,
2023-09-05,10.745,10.876,10.57,10.701,1506800,16124266.8,,,,,
2023-09-06,10.701,11.444,10.614,11.444,2483800,28424607.200000003,,,,,
2023-09-07,11.662,11.662,11.313,11.531,1594900,18390791.9,,,,,
2023-09-08,11.619,11.881,11.444,11.837,2010500,23798288.5,,,,,
2023-09-11,11.837,11.837,11.444,11.488,1524900,17518051.2,,,,,
2023-09-12,11.357,11.662,11.269,11.575,1359600,15737369.999999998,,,,,
2023-09-13,11.575,11.706,11.488,11.575,1925500,22287662.5,,,,,
2023-09-14,11.488,11.575,11.095,11.269,1765500,19895419.5,,,,,
2023-09-15,11.269,11.706,11.269,11.488,1539000,17680032.0,,,,,
2023-09-18,11.357,11.4,11.138,11.138,1455300,16209131.4,,,,,
2023-09-19,11.138,11.182,10.658,10.832,3406900,36903540.8,,,,,
2023-09-20,10.832,11.095,10.658,10.832,6252200,67723830.4,,,,,
2023-09-21,11.481,11.574,11.203,11.574,1272500,14727915.0,,,,,
2023-09-22,11.759,12.361,11.574,11.805,2098700,24775153.5,,,,,
2023-09-25,11.805,11.852,11.018,11.018,1680500,18515749.0,,,,,
2023-09-26,10.926,11.481,10.926,11.25,816200,9182250.0,,,,,
2023-09-27,11.111,11.296,10.879,11.111,954200,10602116.2,,,,,
2023-09-28,11.203,11.203,10.926,11.203,443000,4962929.0,,,,,
2023-09-29,11.111,11.296,11.018,11.296,797000,9002912.0,,,,,
2023-10-02,11.111,11.296,10.926,10.926,573400,6264968.4,,,,,
2023-10-03,10.833,11.111,10.231,10.324,1161500,11991326.0,,,,,
2023-10-04,10.231,10.74,10.231,10.648,686100,7305592.8,,,,,
2023-10-05,10.648,10.879,10.602,10.602,640200,6787400.4,,,,,
2023-10-06,10.555,10.833,10.509,10.74,345900,3714966.0,,,,,
2023-10-09,10.648,10.926,10.648,10.833,395200,4281201.6,,,,,
2023-10-10,10.833,10.972,10.694,10.833,612400,6634129.2,,,,,
2023-10-11,10.833,10.833,10.648,10.787,380500,4104453.500000001,,,,,
2023-10-12,10.833,10.833,10.648,10.74,485300,5212122.0,,,,,
2023-10-13,10.648,10.74,10.555,10.74,407900,4380846.0,,,,,
2023-10-16,10.694,10.74,10.555,10.555,337400,3561257.0,,,,,
2023-10-17,10.555,11.25,10.555,11.018,2334500,25721521.0,,,,,
2023-10-18,11.065,11.111,10.555,10.972,641200,7035246.399999999,,,,,
2023-10-19,10.926,10.926,10.231,10.463,1031300,10790491.9,,,,,
2023-10-20,10.463,10.602,10.277,10.416,696800,7257868.8,,,,,
2023-10-23,10.463,10.74,10.463,10.509,736500,7739878.5,,,,,
2023-10-24,10.416,10.833,10.416,10.74,603600,6482664.0,,,,,
2023-10-25,10.602,10.74,10.555,10.555,470300,4964016.5,,,,,
2023-10-26,10.694,10.694,10.231,10.37,2193700,22748669.0,,,,,
2023-10-27,10.324,10.37,10.231,10.277,961600,9882363.2,,,,,
2023-10-30,10.324,10.416,10.324,10.324,894500,9234818.0,,,,,
2023-10-31,10.324,10.37,10.185,10.185,1033900,10530271.5,,,,,
2023-11-01,10.185,10.277,9.583,10.185,4507000,45903795.0,,,,,
2023-11-02,10.324,10.879,10.324,10.879,19666200,213948589.8,,,,,
2023-11-03,11.296,11.296,11.018,11.111,1280400,14226524.4,,,,,
2023-11-06,11.203,11.574,11.018,11.574,6443300,74574754.2,,,,,
2023-11-07,11.527,11.527,11.25,11.435,1754500,20062707.5,,,,,
2023-11-08,11.435,12.037,11.296,11.898,2474900,29446360.2,,,,,
2023-11-09,11.99,12.037,11.805,11.99,2833300,33971267.0,,,,,
2023-11-10,12.037,12.037,11.713,11.898,2276400,27084607.2,,,,,
2023-11-13,11.898,12.222,11.759,12.083,5164200,62399028.6,,,,,
2023-11-14,12.129,12.916,12.083,12.916,6349500,82010142.0,,,,,
2023-11-15,13.796,13.796,13.703,13.796,7090700,97823297.2,,,,,
2023-11-16,13.889,14.537,13.703,14.259,13886400,198006177.6,,,,,
2023-11-17,14.722,14.722,13.703,14.027,9390400,131719140.8,,,,,
2023-11-20,13.796,15.0,13.703,15.0,13954400,209316000.0,,,,,
2023-11-21,15.37,15.555,14.676,14.768,8374400,123673139.2,,,,,
2023-11-22,14.861,15.463,14.722,15.463,7825600,121007252.8,,,,,
2023-11-23,15.509,15.555,14.814,14.814,9026100,133712645.4,,,,,
2023-11-24,14.907,14.907,14.166,14.722,5383600,79257359.2,,,,,
2023-11-27,14.814,15.185,14.305,14.768,6703500,98997288.0,,,,,
2023-11-28,15.277,15.37,14.398,15.185,7764000,117896340.0,,,,,
2023-11-29,15.277,15.37,14.768,15.277,7624700,116482541.9,,,,,
2023-11-30,15.37,15.74,15.185,15.74,9873400,155407316.0,,,,,
2023-12-01,15.833,16.111,15.555,15.925,8284900,131937032.5,,,,,
2023-12-04,16.203,16.666,15.879,16.481,7615200,125506111.20000002,,,,,
2023-12-05,16.666,16.666,15.694,15.694,6999100,109843875.4,,,,,
2023-12-06,15.74,15.925,15.416,15.925,6389800,101757565.0,,,,,
2023-12-07,16.064,16.157,15.092,15.925,7812700,124417247.5,,,,,
2023-12-08,15.648,15.925,15.231,15.555,5507500,85669162.5,,,,,
2023-12-11,15.74,15.74,14.953,15.185,5796800,88024408.0,,,,,
2023-12-12,15.185,15.416,15.092,15.185,5299700,80475944.5,,,,,
2023-12-13,15.185,15.509,14.861,15.0,5625000,84375000.0,,,,,
2023-12-14,15.0,15.092,14.537,14.629,4309100,63037823.9,,,,,
2023-12-15,14.629,15.0,14.49,14.814,4328700,64125361.8,,,,,
2023-12-18,15.0,15.0,14.676,14.676,2178000,31964328.0,,,,,
2023-12-19,14.49,14.814,14.259,14.814,5836700,86464873.8,,,,,
2023-12-20,15.0,15.046,14.814,14.861,4172700,62010494.7,,,,,
2023-12-21,15.092,15.092,14.768,14.907,5149600,76765087.2,,,,,
2023-12-22,15.0,15.0,14.722,14.814,4073000,60337422.0,,,,,
2023-12-25,14.814,15.0,14.722,14.861,7494200,111371306.2,,,,,
2023-12-26,14.953,15.0,14.768,14.861,4887900,72639081.9,,,,,
2023-12-27,14.907,14.907,14.629,14.768,3534500,52197496.0,,,,,
2023-12-28,14.722,14.814,14.629,14.722,3041400,44775490.8,,,,,
2023-12-29,14.722,14.861,14.629,14.814,3288200,48711394.8,,,,,
2024-01-02,14.861,14.953,14.074,14.907,12328600,183782440.2,,,,,
2024-01-03,14.814,15.416,14.583,15.416,11529600,177740313.6,,,,,
2024-01-04,15.555,16.157,15.416,15.833,15555700,246293398.1,,,,,
2024-01-05,15.879,16.203,15.648,15.833,8649500,136947533.5,,,,,
2024-01-08,16.064,16.851,15.787,16.666,17514400,291894990.40000004,,,,,
2024-01-09,16.666,16.851,16.435,16.666,8130300,135499579.8,,,,,
2024-01-10,16.851,16.851,15.648,15.972,8371000,133701612.0,,,,,
2024-01-11,15.833,16.157,15.509,15.833,5537800,87679987.4,,,,,
2024-01-12,15.555,16.018,15.138,15.648,8388200,131258553.6,,,,,
2024-01-15,15.879,15.972,15.231,15.463,4440500,68663451.5,,,,,
2024-01-16,15.231,15.879,15.231,15.879,5889500,93519370.5,,,,,
2024-01-17,15.925,15.972,15.694,15.74,5765400,90747396.0,,,,,
2024-01-18,15.833,15.925,15.555,15.787,4642800,73295883.60000001,,,,,
2024-01-19,15.787,15.972,15.555,15.74,5755400,90589996.0,,,,,
2024-01-22,15.925,15.925,15.277,15.555,5008200,77902551.0,,,,,
2024-01-23,15.555,15.601,15.185,15.509,3771200,58487540.8,,,,,
2024-01-24,15.463,15.555,14.814,14.814,5234000,77536476.0,,,,,
2024-01-25,14.814,15.092,14.722,14.907,3600700,53675634.9,,,,,
2024-01-26,14.953,15.37,14.907,15.277,7066100,107948809.7,,,,,
2024-01-29,15.324,15.509,15.185,15.324,4569000,70015356.0,,,,,
2024-01-30,15.324,15.324,14.953,15.046,3770900,56736961.4,,,,,
2024-01-31,15.138,15.138,14.768,14.907,4211000,62773377.0,,,,,
2024-02-01,15.046,15.092,14.768,15.0,3655400,54831000.0,,,,,
2024-02-02,15.046,15.046,14.722,14.953,3477700,52002048.1,,,,,
2024-02-05,14.953,14.953,14.351,14.583,5966100,87003636.3,,,,,
2024-02-06,14.537,14.814,14.537,14.722,4918200,72405740.39999999,,,,,
2024-02-07,14.537,14.814,14.351,14.722,4346700,63992117.4,,,,,
2024-02-15,14.814,14.907,14.676,14.722,3617500,53256835.0,,,,,
2024-02-16,14.814,14.814,14.351,14.444,5709000,82460796.0,,,,,
2024-02-19,14.583,15.416,14.351,15.416,15372000,236974752.0,,,,,
2024-02-20,15.74,16.388,15.463,16.111,17076400,275117880.40000004,,,,,
2024-02-21,16.296,16.296,15.463,15.787,10214700,161259468.9,,,,,
2024-02-22,15.925,16.203,15.509,16.203,19546200,316707078.6,,,,,
2024-02-23,16.481,17.314,16.157,16.851,35442200,597236512.1999999,,,,,
2024-02-26,17.037,17.777,16.898,17.777,18522100,329267371.70000005,,,,,
2024-02-27,18.194,18.379,17.129,17.731,14132300,250579811.3,,,,,
2024-02-28,17.962,17.962,16.99,17.407,17959700,312624497.9,,,,,
2024-02-29,17.5,17.824,16.944,17.777,15659600,278380709.2,,,,,
2024-03-01,17.777,18.055,17.268,17.824,11391400,203040313.6,,,,,
2024-03-04,17.916,18.101,17.222,17.5,11049800,193371500.0,,,,,
2024-03-05,17.546,17.685,17.083,17.546,10009000,175617914.0,,,,,
2024-03-06,17.546,17.592,16.712,17.037,12224900,208275621.3,,,,,
2024-03-07,16.944,17.222,16.666,17.175,10320200,177249435.0,,,,,
2024-03-08,17.222,17.268,16.018,16.064,33851100,543784070.4,,,,,
2024-03-11,16.111,16.25,15.694,16.203,12252200,198522396.6,,,,,
2024-03-12,16.203,16.388,15.833,15.833,10631500,168328539.5,,,,,
2024-03-13,15.972,16.111,15.74,16.018,10718200,171684127.6,,,,,
2024-03-14,16.111,16.111,15.648,15.694,16793400,263555619.6,,,,,
2024-03-15,15.74,16.111,15.694,16.111,10921800,175961119.8,,,,,
2024-03-18,15.972,16.018,15.046,15.046,16005000,240811230.0,,,,,
2024-03-19,15.231,15.231,14.814,15.0,8257300,123859500.0,,,,,
2024-03-20,15.092,15.37,14.768,15.277,7337900,112101098.3,,,,,
2024-03-21,15.463,15.509,15.138,15.277,5974300,91269381.1,,,,,
2024-03-22,15.37,15.37,14.953,15.046,7785900,117146651.4,,,,,
2024-03-25,15.231,15.231,14.722,14.861,9277500,137872927.5,,,,,
2024-03-26,14.907,15.74,14.722,15.74,10902500,171605350.0,,,,,
2024-03-27,15.879,15.879,15.416,15.463,7936900,122728284.7,,,,,
2024-03-28,15.555,15.694,15.092,15.138,7985100,120878443.8,,,,,
2024-03-29,15.185,15.509,14.953,15.37,7800000,119886000.0,,,,,
2024-04-01,15.277,15.37,14.953,15.046,6542800,98442968.8,,,,,
2024-04-02,15.092,15.37,14.953,15.138,7485000,113307930.0,,,,,
2024-04-03,15.138,15.324,14.861,15.046,7526700,113246728.2,,,,,
2024-04-04,15.046,15.138,14.722,14.722,6580700,96881065.4,,,,,
2024-04-05,14.676,14.907,14.537,14.722,5766100,84888524.2,,,,,
2024-04-08,14.814,14.814,13.703,13.75,18927200,260249000.0,,,,,
2024-04-09,13.796,14.12,13.24,13.981,9561600,133680729.6,,,,,
2024-04-10,14.213,14.351,13.935,13.981,6968100,97421006.1,,,,,
2024-04-11,13.657,13.981,13.657,13.889,4131100,57376847.9,,,,,
2024-04-12,13.842,14.12,13.796,13.981,6547900,91546189.9,,,,,
2024-04-15,13.981,13.981,13.009,13.009,7172400,93305751.6,,,,,
2024-04-16,12.824,12.963,12.129,12.407,17879400,221829715.8,,,,,
2024-04-17,12.777,12.824,12.5,12.546,5841400,73286204.39999999,,,,,
2024-04-19,12.222,12.5,11.99,12.083,6816300,82361352.9,,,,,
2024-04-22,12.592,12.639,12.083,12.453,5029100,62627382.3,,,,,
2024-04-23,12.5,12.5,11.99,12.129,4575800,55499878.2,,,,,
2024-04-24,12.268,12.87,12.222,12.87,7834200,100826154.0,,,,,
2024-04-25,12.777,12.777,12.314,12.546,4761800,59741542.8,,,,,
2024-04-26,12.268,12.453,12.129,12.176,5850300,71233252.8,,,,,
2024-05-02,12.314,12.453,12.083,12.314,3708500,45666469.0,,,,,
2024-05-03,12.407,12.731,12.268,12.314,9210600,113419328.4,,,,,
2024-05-06,12.5,13.148,12.361,13.148,13263400,174387183.2,,,,,
2024-05-07,13.518,13.518,13.009,13.24,9542100,126337404.0,,,,,
2024-05-08,12.963,13.333,12.916,13.24,6666300,88261812.0,,,,,
2024-05-09,13.333,13.333,12.731,12.916,8734100,112809635.6,,,,,
2024-05-10,12.963,13.009,12.592,12.87,6445100,82948437.0,,,,,
2024-05-13,12.777,12.916,12.407,12.592,6797700,85596638.4,,,,,
2024-05-14,12.639,12.777,12.453,12.5,5016800,62710000.0,,,,,
2024-05-15,12.639,12.824,12.407,12.731,7091800,90285705.8,,,,,
2024-05-16,12.87,13.101,12.731,12.87,8363900,107643393.0,,,,,
2024-05-17,12.916,13.75,12.87,13.75,20887700,287205875.0,,,,,
2024-05-20,13.981,14.676,13.889,14.629,35951200,525930104.8,,,,,
2024-05-21,14.629,14.861,14.351,14.676,16242800,238379332.8,,,,,
2024-05-22,14.768,15.185,14.537,14.907,19364800,288671073.6,,,,,
2024-05-23,14.814,15.185,14.537,15.046,13650400,205383918.4,,,,,
2024-05-24,14.907,15.092,14.213,14.351,16466100,236305001.1,,,,,
2024-05-27,14.49,15.138,14.444,15.092,17117500,258337310.0,,,,,
2024-05-28,15.277,15.648,15.092,15.092,13487300,203550331.6,,,,,
2024-05-29,15.185,15.463,14.861,15.092,18977000,286400884.0,,,,,
2024-05-30,14.907,15.046,14.444,14.676,14537400,213350882.4,,,,,
2024-05-31,14.907,15.046,14.629,14.676,8243300,120978670.8,,,,,
2024-06-03,14.907,15.046,14.629,14.676,14751400,216491546.4,,,,,
2024-06-04,14.722,15.231,14.676,15.046,18226900,274241937.4,,,,,
2024-06-05,15.185,15.231,14.722,14.722,11328700,166781121.4,,,,,
2024-06-06,14.814,15.0,14.629,14.768,10682500,157759160.0,,,,,
2024-06-07,14.907,14.953,14.629,14.676,9511100,139584903.6,,,,,
2024-06-10,14.814,14.814,14.351,14.351,10995400,157794985.4,,,,,
2024-06-11,14.444,14.537,13.981,14.027,15061500,211267660.5,,,,,
2024-06-12,14.12,14.305,14.027,14.074,9301200,130905088.8,,,,,
2024-06-13,14.259,14.49,14.12,14.305,11087800,158610979.0,,,,,
2024-06-14,14.398,14.398,13.703,13.703,11109000,152226627.0,,,,,
2024-06-17,13.842,14.583,13.75,14.398,15492000,223053816.0,,,,,
2024-06-18,14.537,14.537,14.213,14.213,8519700,121090496.1,,,,,
2024-06-19,14.351,14.351,13.796,13.935,9627900,134164786.5,,,,,
2024-06-20,14.027,14.027,13.518,13.75,6332100,87066375.0,,,,,
2024-06-21,13.889,14.074,13.518,13.518,13752800,185910350.4,,,,,
2024-06-24,13.518,13.75,12.87,12.87,14469800,186226326.0,,,,,
2024-06-25,13.055,13.194,12.87,13.055,4409800,57569939.0,,,,,
2024-06-26,13.055,13.148,12.592,12.639,8632200,109102375.8,,,,,
2024-06-27,12.731,13.333,12.639,13.055,7501300,97929471.5,,,,,
2024-06-28,13.194,13.24,12.592,13.24,6448700,85380788.0,,,,,
2024-07-01,13.055,13.055,12.87,12.916,3064400,39579790.4,,,,,
2024-07-02,12.963,13.101,12.916,13.009,2918000,37960262.0,,,,,
2024-07-03,13.009,13.379,13.009,13.148,4799300,63101196.4,,,,,
2024-07-04,13.24,13.333,13.009,13.009,2938900,38232150.1,,,,,
2024-07-05,13.009,13.101,12.87,12.916,3358800,43382260.8,,,,,
2024-07-08,12.963,13.194,12.916,12.963,3917200,50778663.6,,,,,
2024-07-09,13.009,13.703,13.009,13.703,10881000,149102343.0,,,,,
2024-07-10,13.703,13.796,13.426,13.426,5078600,68185283.6,,,,,
2024-07-11,13.518,13.611,13.333,13.333,3338000,44505554.0,,,,,
2024-07-12,13.379,13.379,13.101,13.101,3589200,47022109.2,,,,,
2024-07-15,13.101,13.24,13.009,13.101,2723000,35674023.0,,,,,
2024-07-16,13.101,13.518,13.101,13.101,4975300,65181405.3,,,,,
2024-07-17,13.24,13.24,12.546,12.824,8036000,103053664.0,,,,,
2024-07-18,12.824,12.916,12.592,12.916,5018100,64813779.6,,,,,
2024-07-19,13.009,13.009,12.5,12.5,5338800,66735000.0,,,,,
2024-07-22,12.5,12.5,11.713,11.99,11168600,133911514.0,,,,,
2024-07-23,11.99,12.129,11.898,11.944,6125300,73160583.2,,,,,
2024-07-24,11.713,12.222,11.713,12.176,4676100,56936193.6,,,,,
2024-07-25,12.222,12.222,11.944,12.037,2250100,27084453.700000003,,,,,
2024-07-26,12.176,12.176,11.99,12.129,1930800,23418673.2,,,,,
2024-07-29,12.222,12.268,12.083,12.129,2239700,27165321.3,,,,,
2024-07-30,12.083,12.129,11.759,11.759,5067600,59589908.4,,,,,
2024-07-31,11.852,12.083,11.805,11.944,2443000,29179192.000000004,,,,,
2024-08-01,11.944,11.99,11.111,11.111,7480000,83110280.0,,,,,
2024-08-02,11.111,11.342,10.787,11.296,6446700,72821923.2,,,,,
2024-08-05,10.926,11.111,10.509,10.509,7976800,83828191.2,,,,,
2024-08-06,10.509,10.74,10.231,10.694,5422900,57992492.6,,,,,
2024-08-07,10.694,10.74,10.509,10.602,1973700,20925167.4,,,,,
2024-08-08,10.648,11.018,10.555,10.787,4131900,44570805.3,,,,,
2024-08-09,10.833,10.926,10.694,10.879,2673000,29079567.0,,,,,
2024-08-12,10.787,10.972,10.787,10.879,2161700,23517134.3,,,,,
2024-08-13,10.833,10.926,10.602,10.694,2756100,29473733.4,,,,,
2024-08-14,10.694,10.787,10.509,10.509,2269700,23852277.3,,,,,
2024-08-15,10.509,10.555,10.277,10.277,2350000,24150950.0,,,,,
2024-08-16,10.37,10.972,10.37,10.972,5693500,62469082.0,,,,,
2024-08-19,11.296,11.481,11.157,11.296,6148400,69452326.39999999,,,,,
2024-08-20,11.342,11.666,11.25,11.574,6184000,71573616.0,,,,,
2024-08-21,11.574,11.62,11.389,11.481,3269200,37533685.2,,,,,
2024-08-22,11.527,11.62,11.342,11.527,3014300,34745836.099999994,,,,,
2024-08-23,11.481,11.527,11.342,11.481,2336600,26826504.6,,,,,
2024-08-26,11.666,11.759,11.342,11.342,3413100,38711380.2,,,,,
2024-08-27,11.342,11.435,11.203,11.389,2791600,31793532.4,,,,,
2024-08-28,11.342,11.435,11.065,11.296,4810400,54338278.4,,,,,
2024-08-29,11.342,11.527,11.296,11.296,2572200,29055571.2,,,,,
2024-08-30,11.389,11.574,11.296,11.296,3545700,40052227.2,,,,,
2024-09-04,11.203,11.25,10.972,11.065,3772400,41741606.0,,,,,
2024-09-05,11.111,11.342,11.065,11.111,4201700,46685088.7,,,,,
2024-09-06,11.111,11.157,10.972,11.065,1458500,16138302.5,,,,,
2024-09-09,11.018,11.018,10.787,10.787,4451100,48014015.7,,,,,
2024-09-10,10.879,10.879,10.463,10.602,3934900,41717809.8,,,,,
2024-09-11,10.555,10.694,10.463,10.602,2110800,22378701.6,,,,,
2024-09-12,10.648,10.74,10.602,10.602,1259700,13355339.4,,,,,
2024-09-13,10.602,10.74,10.602,10.74,1495000,16056300.0,,,,,
2024-09-16,10.74,10.74,10.463,10.509,2318600,24366167.4,,,,,
2024-09-17,10.463,10.602,10.416,10.602,2008600,21295177.2,,,,,
2024-09-18,10.648,10.694,10.509,10.694,2019600,21597602.4,,,,,
2024-09-19,10.694,10.74,10.602,10.694,1653000,17677182.0,,,,,
2024-09-20,10.787,10.972,10.648,10.648,15424800,164243270.4,,,,,
2024-09-23,10.74,10.787,10.555,10.694,3001200,32094832.8,,,,,
2024-09-24,10.694,10.694,10.509,10.694,3238700,34634657.800000004,,,,,
2024-09-25,10.74,11.435,10.694,11.342,12543300,142266108.6,,,,,
2024-09-26,11.296,11.389,11.203,11.342,3789000,42974838.0,,,,,
2024-09-27,11.481,11.527,11.25,11.342,6038800,68492069.60000001,,,,,
2024-09-30,11.389,11.389,11.157,11.296,3275400,36998918.4,,,,,
2024-10-01,11.342,11.527,11.157,11.157,10082400,112489336.8,,,,,
2024-10-02,11.157,11.25,11.111,11.111,2919900,32443008.9,,,,,
2024-10-03,11.111,11.25,10.74,10.787,7731000,83394297.0,,,,,
2024-10-04,10.787,10.833,10.694,10.833,2601000,28176633.0,,,,,
2024-10-07,10.833,10.879,10.602,10.74,2674200,28720908.0,,,,,
2024-10-08,10.694,10.787,10.555,10.787,2531800,27310526.6,,,,,
2024-10-09,10.787,10.833,10.694,10.833,2546200,27582984.6,,,,,
2024-10-10,10.879,11.25,10.879,11.111,6228500,69204863.5,,,,,
2024-10-11,11.111,11.111,10.972,11.065,1970200,21800263.0,,,,,
2024-10-14,11.111,11.203,10.787,10.787,5069900,54689011.3,,,,,
2024-10-15,10.787,10.879,10.694,10.74,3040800,32658192.0,,,,,
2024-10-16,10.694,10.833,10.416,10.416,5662900,58984766.4,,,,,
2024-10-17,10.5,10.7,10.4,10.6,3859300,40908580.0,,,,,
2024-10-18,10.65,10.7,10.5,10.5,1851600,19441800.0,,,,,
2024-10-21,10.55,10.75,10.45,10.6,2081800,22067080.0,,,,,
2024-10-22,10.6,11.15,10.55,10.9,7256200,79092580.0,,,,,
2024-10-23,10.95,11.2,10.9,11.15,5204700,58032405.0,,,,,
2024-10-24,11.15,11.15,10.9,10.9,2643800,28817420.0,,,,,
2024-10-25,10.85,11.0,10.8,10.8,2623400,28332720.000000004,,,,,
2024-10-28,10.8,10.9,10.65,10.7,2162200,23135540.0,,,,,
2024-10-29,10.75,11.05,10.75,11.0,3114000,34254000.0,,,,,
2024-10-30,11.0,11.0,10.8,10.9,1529400,16670460.0,,,,,
2024-10-31,10.85,11.0,10.8,10.85,2226700,24159695.0,,,,,
2024-11-01,10.9,11.3,10.85,11.0,7657500,84232500.0,,,,,
2024-11-04,11.05,11.1,10.8,10.95,2745600,30064320.0,,,,,
2024-11-05,10.9,11.0,10.85,10.85,1942600,21077210.0,,,,,
2024-11-06,10.9,11.25,10.85,11.2,4410900,49402080.0,,,,,
2024-11-07,11.3,11.35,11.05,11.1,2880700,31975770.0,,,,,
2024-11-08,11.1,11.15,11.0,11.1,2378600,26402460.0,,,,,
2024-11-11,11.1,11.5,11.1,11.35,7682900,87200915.0,,,,,
2024-11-12,11.4,11.4,11.1,11.25,3241100,36462375.0,,,,,
2024-11-13,11.15,11.2,10.7,10.95,6942300,76018185.0,,,,,
2024-11-14,10.95,10.95,10.4,10.6,5576200,59107720.0,,,,,
2024-11-15,10.55,10.75,10.45,10.5,3682600,38667300.0,,,,,
2024-11-18,10.5,10.7,10.4,10.7,3064400,32789080.0,,,,,
2024-11-19,10.6,10.7,10.25,10.25,4188600,42933150.0,,,,,
2024-11-20,10.05,10.35,9.96,10.1,7078100,71488810.0,,,,,
2024-11-21,10.15,10.4,10.1,10.35,1935200,20029320.0,,,,,
2024-11-22,10.3,10.35,10.2,10.2,3112000,31742400.0,,,,,
2024-11-25,10.25,10.4,10.15,10.4,2408600,25049440.0,,,,,
2024-11-26,10.4,10.85,10.4,10.7,5417800,57970459.99999999,,,,,
2024-11-27,10.7,10.7,10.5,10.55,1649300,17400115.0,,,,,
2024-11-28,10.65,10.7,10.5,10.55,1409600,14871280.000000002,,,,,
2024-11-29,10.5,10.9,10.5,10.7,7889000,84412300.0,,,,,
2024-12-02,10.85,10.9,10.55,10.75,5869700,63099275.0,,,,,
2024-12-03,10.8,10.85,10.55,10.55,6669700,70365335.0,,,,,
2024-12-04,10.6,10.6,10.15,10.2,9092700,92745540.0,,,,,
2024-12-05,10.3,10.65,10.0,10.65,9824200,104627730.0,,,,,
2024-12-06,10.7,10.7,10.4,10.45,8560600,89458270.0,,,,,
2024-12-09,10.45,10.55,10.35,10.45,6844200,71521890.0,,,,,
2024-12-10,10.5,10.55,10.35,10.45,5640900,58947404.99999999,,,,,
2024-12-11,10.5,10.5,10.2,10.25,7014500,71898625.0,,,,,
2024-12-12,10.25,10.3,10.1,10.25,5855500,60018875.0,,,,,
2024-12-13,10.25,10.25,10.05,10.1,5541200,55966120.0,,,,,
2024-12-16,10.1,10.2,10.0,10.05,5078200,51035910.0,,,,,
2024-12-17,10.1,10.15,10.0,10.1,4750100,47976010.0,,,,,
2024-12-18,10.15,10.15,10.0,10.1,4268200,43108820.0,,,,,
2024-12-19,10.0,10.05,9.76,9.84,8049700,79209048.0,,,,,
2024-12-20,9.87,9.87,9.67,9.72,7047300,68499756.0,,,,,
2024-12-23,9.75,9.97,9.75,9.89,2606100,25774329.0,,,,,
2024-12-24,9.87,9.89,9.72,9.72,3986100,38744892.0,,,,,
2024-12-25,9.75,9.9,9.74,9.77,5402900,52786333.0,,,,,
2024-12-26,9.84,9.84,9.75,9.75,3739800,36463050.0,,,,,
2024-12-27,9.77,9.78,9.55,9.55,8321800,79473190.0,,,,,
2024-12-30,9.57,9.58,9.15,9.19,10225600,93973264.0,,,,,
2024-12-31,9.16,9.27,8.96,9.1,7755600,70575960.0,,,,,
2025-01-02,9.12,9.2,9.04,9.1,2434200,22151220.0,,,,,
2025-01-03,9.05,9.1,8.8,8.8,6502000,57217600.00000001,,,,,
2025-01-06,8.7,8.84,8.44,8.5,6773700,57576450.0,,,,,
2025-01-07,8.46,9.07,8.36,8.85,8764900,77569365.0,,,,,
2025-01-08,8.85,9.39,8.85,9.25,10203500,94382375.0,,,,,
2025-01-09,9.25,9.25,9.0,9.0,4550300,40952700.0,,,,,
2025-01-10,9.0,9.02,8.8,8.8,4209700,37045360.0,,,,,
2025-01-13,8.8,9.23,8.7,9.23,7834200,72309666.0,,,,,
2025-01-14,9.29,9.29,8.7,9.0,3922100,35298900.0,,,,,
2025-01-15,9.06,9.16,9.06,9.1,3658100,33288710.0,,,,,
2025-01-16,9.15,9.26,9.08,9.08,3909300,35496444.0,,,,,
2025-01-17,9.08,9.15,9.05,9.05,2555600,23128180.0,,,,,
2025-01-20,9.08,9.4,9.08,9.29,7473400,69427886.0,,,,,
2025-01-21,9.38,9.38,9.2,9.27,3075500,28509885.0,,,,,
2025-01-22,9.29,9.34,9.16,9.16,4258000,39003280.0,,,,,
2025-01-23,9.18,9.27,9.12,9.25,3407600,31520300.0,,,,,
2025-01-24,9.28,9.38,9.21,9.29,5788900,53778880.99999999,,,,,
2025-02-03,9.29,9.34,9.13,9.29,2414800,22433492.0,,,,,
2025-02-04,9.31,9.74,9.31,9.62,8727200,83955664.0,,,,,
2025-02-05,9.7,9.7,9.56,9.57,3267200,31267104.0,,,,,
2025-02-06,9.57,9.63,9.5,9.52,3613800,34403376.0,,,,,
2025-02-07,9.51,9.65,9.49,9.51,4253300,40448883.0,,,,,
2025-02-10,9.51,9.51,9.3,9.32,4847100,45174972.0,,,,,
2025-02-11,9.38,9.51,9.36,9.5,4177300,39684350.0,,,,,
2025-02-12,9.5,9.7,9.5,9.5,5506500,52311750.0,,,,,
2025-02-13,9.5,9.61,9.5,9.59,3405400,32657786.0,,,,,
2025-02-14,9.68,10.25,9.62,10.25,18182200,186367550.0,,,,,
2025-02-17,10.45,10.95,10.45,10.95,23156600,253564770.0,,,,,
2025-02-18,11.05,11.15,10.85,10.9,12822500,139765250.0,,,,,
2025-02-19,10.9,11.25,10.8,11.15,9911400,110512110.0,,,,,
2025-02-20,11.35,11.7,11.15,11.4,16388400,186827760.0,,,,,
2025-02-21,11.5,11.6,11.15,11.35,9697300,110064355.0,,,,,
2025-02-24,11.25,11.6,11.25,11.35,7124400,80861940.0,,,,,
2025-02-25,11.45,11.5,11.2,11.3,9872300,111556990.0,,,,,
2025-02-26,11.4,11.65,11.2,11.25,13153700,147979125.0,,,,,
2025-02-27,11.3,11.3,10.75,10.95,19521300,213758235.0,,,,,
2025-02-28,11.0,11.0,10.8,11.0,6899100,75890100.0,,,,,
2025-03-03,11.1,11.3,10.95,11.15,7524900,83902635.0,,,,,
2025-03-04,11.1,11.15,10.4,10.65,24852900,264683385.0,,,,,
2025-03-05,10.5,10.75,10.35,10.35,5680900,58797315.0,,,,,
2025-03-06,10.4,10.8,10.4,10.8,12694100,137096280.0,,,,,
2025-03-07,10.85,10.95,10.6,10.6,7091800,75173080.0,,,,,
2025-03-10,10.6,10.8,10.45,10.5,6473800,67974900.0,,,,,
2025-03-11,10.35,10.6,10.3,10.55,7180400,75753220.0,,,,,
2025-03-12,10.6,10.9,10.55,10.55,10887500,114863125.0,,,,,
2025-03-13,10.55,10.6,10.3,10.45,7165800,74882610.0,,,,,
2025-03-14,10.5,10.5,10.25,10.25,8886900,91090725.0,,,,,
2025-03-17,10.3,10.5,10.3,10.5,3966200,41645100.0,,,,,
2025-03-18,10.55,10.7,10.4,10.45,7780100,81302045.0,,,,,
2025-03-19,10.45,10.55,10.35,10.35,7074600,73222110.0,,,,,
2025-03-20,10.45,10.45,9.95,10.15,12134400,123164160.0,,,,,
2025-03-21,10.15,10.2,10.05,10.05,5549500,55772475.00000001,,,,,
2025-03-24,10.15,10.2,9.95,10.0,9631200,96312000.0,,,,,
2025-03-25,10.1,10.4,9.99,10.25,11808600,121038150.0,,,,,
2025-03-26,10.3,10.35,10.05,10.05,5758800,57875940.00000001,,,,,
2025-03-27,10.05,10.15,10.0,10.0,5860700,58607000.0,,,,,
2025-03-28,10.05,10.1,9.76,9.81,11150800,109389348.0,,,,,
2025-03-31,9.81,9.99,9.73,9.95,3726500,37078675.0,,,,,
2025-04-01,9.95,10.1,9.95,10.0,3724700,37247000.0,,,,,
2025-04-02,10.0,10.55,10.0,10.5,20062100,210652050.0,,,,,
2025-04-03,10.05,10.15,9.77,9.77,15706300,153450551.0,,,,,
2025-04-04,9.09,9.41,9.09,9.17,20270700,185882319.0,,,,,
2025-04-08,8.7,9.0,8.53,8.53,6612800,56407183.99999999,,,,,
2025-04-09,7.94,8.29,7.94,7.94,17445500,138517270.0,,,,,
2025-04-10,8.49,8.49,8.49,8.49,724700,6152703.0,,,,,
2025-04-11,8.55,9.08,8.45,9.04,13304300,120270872.0,,,,,
2025-04-14,9.13,9.3,9.01,9.2,6721600,61838719.99999999,,,,,
2025-04-15,9.1,9.25,8.9,8.91,8415000,74977650.0,,,,,
2025-04-16,8.9,9.1,8.9,8.92,4596600,41001672.0,,,,,
2025-04-17,8.91,9.45,8.91,9.2,8660000,79672000.0,,,,,
2025-04-18,9.28,9.5,9.19,9.2,10001300,92011960.0,,,,,
2025-04-21,9.38,9.63,9.31,9.31,8549800,79598638.0,,,,,
2025-04-22,9.31,9.46,8.66,9.15,20726700,189649305.0,,,,,
2025-04-23,9.35,9.39,9.21,9.31,5093700,47422347.0,,,,,
2025-04-24,9.31,9.56,9.17,9.3,6602800,61406040.00000001,,,,,
2025-04-25,9.35,9.41,9.22,9.22,4574900,42180578.0,,,,,
2025-04-28,9.23,9.35,9.17,9.33,4775200,44552616.0,,,,,
2025-04-29,9.33,9.65,9.33,9.44,11222500,105940400.0,,,,,
2025-05-05,9.54,10.05,9.44,9.9,11803655,116856184.5,,,,,
2025-05-06,9.99,9.99,9.65,9.65,10540000,101711000.0,,,,,
2025-05-07,9.57,9.68,9.51,9.59,8202700,78663893.0,,,,,
2025-05-08,9.7,9.93,9.69,9.81,15986234,156824955.54000002,,,,,
2025-05-09,9.81,9.83,9.65,9.69,6398400,62000496.0,,,,,
2025-05-12,9.8,9.86,9.68,9.72,9372928,91104860.16,,,,,
2025-05-13,9.85,10.25,9.76,10.0,17893300,178933000.0,,,,,
2025-05-14,10.1,10.1,9.87,9.91,9619800,95332218.0,,,,,
2025-05-15,9.93,10.0,9.78,9.86,8039000,79264540.0,,,,,
2025-05-16,9.9,10.25,9.9,9.9,15270100,151173990.0,,,,,
2025-05-19,9.82,9.9,9.7,9.73,10933100,106379063.0,,,,,
2025-05-20,9.73,9.85,9.73,9.78,8032800,78560784.0,,,,,
2025-05-21,9.8,9.83,9.55,9.65,13615600,131390540.0,,,,,
2025-05-22,9.61,10.3,9.57,10.3,42213700,434801110.00000006,,,,,
2025-05-23,10.5,10.7,10.3,10.45,19189400,200529230.0,,,,,
2025-05-26,10.5,10.65,10.0,10.6,19228600,203823160.0,,,,,
2025-05-27,10.65,11.0,10.55,10.6,27868300,295403980.0,,,,,
2025-05-28,10.65,10.7,10.35,10.45,17401100,181841495.0,,,,,
2025-05-29,10.5,10.8,10.4,10.65,16540200,176153130.0,,,,,
2025-05-30,10.7,10.75,10.3,10.35,14519000,150271650.0,,,,,
2025-06-02,10.3,11.0,10.25,10.95,30599900,335068905.0,,,,,
2025-06-03,11.05,11.1,10.8,10.8,16220000,175176000.0,,,,,
2025-06-04,10.8,11.3,10.8,11.1,28541300,316808430.0,,,,,
2025-06-05,11.0,11.1,10.8,10.85,13809200,149829820.0,,,,,
2025-06-06,10.9,11.0,10.8,10.8,12962300,139992840.0,,,,,
2025-06-09,10.65,10.75,10.5,10.5,17597100,184769550.0,,,,,
2025-06-10,10.5,10.7,10.45,10.5,13298700,139636350.0,,,,,
2025-06-11,10.6,10.65,10.5,10.6,5671700,60120020.0,,,,,
2025-06-12,10.7,10.75,10.6,10.65,6488700,69104655.0,,,,,
2025-06-13,10.45,10.5,10.05,10.15,25192600,255704890.0,,,,,
2025-06-16,10.15,10.35,10.15,10.35,6239100,64574685.0,,,,,
2025-06-17,10.35,10.55,10.3,10.35,6054500,62664075.0,,,,,
2025-06-18,10.4,10.45,10.2,10.3,8938000,92061400.0,,,,,
2025-06-19,10.35,10.35,10.15,10.2,5235700,53404140.0,,,,,
2025-06-20,10.3,10.4,10.15,10.2,5121900,52243380.0,,,,,
2025-06-23,10.1,10.2,10.0,10.1,8076500,81572650.0,,,,,
2025-06-24,10.25,10.35,10.15,10.15,7107800,72144170.0,,,,,
2025-06-25,10.3,10.5,10.2,10.25,8320500,85285125.0,,,,,
2025-06-26,10.3,10.3,10.2,10.3,4357515,44882404.5,,,,,
2025-06-27,10.4,10.45,10.25,10.25,4308800,44165200.0,,,,,
2025-06-30,10.35,10.7,10.25,10.5,13935401,146321710.5,,,,,
2025-07-01,10.5,10.55,10.4,10.45,6986200,73005790.0,,,,,
2025-07-02,10.45,10.9,10.45,10.75,16208100,174237075.0,,,,,
2025-07-03,10.7,11.25,10.55,10.8,27511800,297127440.0,,,,,
2025-07-04,10.95,11.05,10.75,10.8,7073500,76393800.0,,,,,
2025-07-07,10.95,11.15,10.85,10.9,15033800,163868420.0,,,,,
2025-07-08,11.0,11.35,10.85,11.2,21904400,245329280.0,,,,,
2025-07-09,11.35,11.4,11.0,11.1,16624700,184534170.0,,,,,
2025-07-10,11.2,11.3,11.0,11.15,12281800,136942070.0,,,,,
2025-07-11,11.2,11.3,11.0,11.1,12866200,142814820.0,,,,,
2025-07-14,11.1,11.6,10.9,11.6,27058200,313875120.0,,,,,
2025-07-15,11.75,12.1,11.6,11.8,26114300,308148740.0,,,,,
2025-07-16,11.8,11.9,11.7,11.9,12580800,149711520.0,,,,,
2025-07-17,12.1,12.25,11.7,11.9,17660300,210157570.0,,,,,
2025-07-18,12.0,12.45,11.85,12.2,22439900,273766780.0,,,,,
2025-07-21,12.7,13.05,12.6,12.85,38088000,489430800.0,,,,,
2025-07-22,12.8,13.4,12.5,13.3,25087300,333661090.0,,,,,
2025-07-23,13.55,13.6,13.0,13.15,25985800,341713270.0,,,,,
2025-07-24,13.25,14.0,13.1,13.95,34798700,485441865.0,,,,,
2025-07-25,14.2,14.35,14.0,14.15,23916100,338412815.0,,,,,
2025-07-28,14.4,14.9,14.25,14.75,26402500,389436875.0,,,,,
2025-07-29,14.8,14.8,13.75,13.75,53097800,730094750.0,,,,,
2025-07-30,13.5,13.55,12.8,13.35,37939900,506497665.0,,,,,
2025-07-31,13.6,13.65,12.8,13.0,19055800,247725400.0,,,,,
2025-08-01,13.05,13.7,13.0,13.4,21627300,289805820.0,,,,,
2025-08-04,13.4,14.2,13.2,14.15,26559800,375821170.0,,,,,
2025-08-05,14.35,14.5,13.2,13.55,49177500,666355125.0,,,,,
2025-08-06,13.75,14.45,13.65,14.45,36847200,532442040.0,,,,,
2025-08-07,14.85,14.85,14.2,14.5,27005400,391578300.0,,,,,
2025-08-08,14.75,14.75,13.65,14.0,29773500,416829000.0,,,,,
2025-08-11,14.15,14.3,13.9,14.0,16843900,235814600.0,,,,,
2025-08-12,14.05,14.65,13.95,14.5,31734200,460145900.0,,,,,
2025-08-13,14.7,15.3,14.55,15.3,43833600,670654080.0,,,,,
2025-08-14,15.7,16.35,15.5,16.25,36658100,595694125.0,,,,,
2025-08-15,16.5,16.5,15.3,15.6,31413100,490044360.0,,,,,
2025-08-18,15.2,15.75,15.05,15.75,30425700,479204775.0,,,,,
2025-08-19,16.0,16.2,15.7,15.7,24521500,384987550.0,,,,,
2025-08-20,15.7,15.7,14.65,14.95,51582100,771152395.0,,,,,
2025-08-21,15.1,15.1,14.5,14.5,19909900,288693550.0,,,,,
2025-08-22,14.0,14.4,13.5,13.9,32692900,454431310.0,,,,,
2025-08-25,14.3,14.3,13.45,13.5,13263200,179053200.0,,,,,
2025-08-26,13.4,14.4,13.35,14.4,14496200,208745280.0,,,,,
2025-08-27,14.65,14.75,14.15,14.15,15500100,219326415.0,,,,,
2025-08-28,14.15,14.25,13.95,14.05,9442900,132672745.0,,,,,
2025-08-29,14.25,14.7,14.05,14.15,14066100,199035315.0,,,,,
2025-09-03,14.2,14.6,14.1,14.6,9558300,139551180.0,,,,,
2025-09-04,14.8,15.05,14.5,14.6,14267700,208308420.0,,,,,
2025-09-05,14.7,14.75,14.0,14.1,15235200,214816320.0,,,,,
2025-09-08,13.9,14.0,13.15,13.15,24186500,318052475.0,,,,,
2025-09-09,13.2,13.4,13.0,13.3,9008300,119810390.0,,,,,
2025-09-10,13.5,13.5,13.05,13.2,6290700,83037240.0,,,,,
2025-09-11,13.1,13.4,12.5,13.35,14063800,187751730.0,,,,,
2025-09-12,13.55,13.55,13.3,13.35,7198600,96101310.0,,,,,
2025-09-15,13.45,13.75,13.4,13.6,6103400,83006240.0,,,,,
2025-09-16,13.9,13.9,13.35,13.45,7007000,94244150.0,,,,,
2025-09-17,13.3,13.5,13.3,13.3,5730600,76216980.0,,,,,
2025-09-18,13.4,13.4,13.2,13.3,5510900,73294970.0,,,,,
2025-09-19,13.35,13.55,13.25,13.35,4722100,63040035.0,,,,,
2025-09-22,13.35,13.35,12.8,12.85,10692700,137401195.0,,,,,
2025-09-23,12.9,13.05,12.7,12.85,6565000,84360250.0,,,,,
2025-09-24,13.05,13.2,12.8,13.2,4820800,63634560.0,,,,,
2025-09-25,13.35,13.8,13.2,13.65,13688600,186849390.0,,,,,
2025-09-26,13.6,13.65,13.3,13.3,5451600,72506280.0,,,,,
2025-09-29,13.2,13.4,13.05,13.15,4025400,52934010.0,,,,,
2025-09-30,13.2,13.55,13.1,13.3,8945900,118980470.0,,,,,
2025-10-01,13.45,14.2,13.45,14.2,29510800,419053360.0,,,,,
2025-10-02,14.25,14.25,13.7,13.75,9716200,133597750.0,,,,,
2025-10-03,13.6,13.8,13.2,13.3,10536000,140128800.0,,,,,
2025-10-06,13.3,13.95,13.3,13.95,9191700,128224215.0,,,,,
2025-10-07,13.95,14.0,13.65,13.75,7354100,101118875.0,,,,,
2025-10-08,13.95,13.95,13.6,13.85,7424700,102832095.0,,,,,
2025-10-09,13.95,14.2,13.9,14.15,9451800,133742970.0,2957.0,57920.0,411648.0,8140000.0,10947857.0
2025-10-10,14.3,14.4,14.0,14.05,9223400,129588770.0,500.0,63350.0,70100.0,8992575.0,10953314.2
2025-10-13,13.8,13.85,13.6,13.7,9807400,134361380.0,9040.0,45200.0,1238655.0,6223230.0,10945954.2
2025-10-14,13.8,14.3,13.7,13.95,14921600,208156320.0,90690.0,8700.0,12664650.0,1214700.0,10928587.0
2025-10-15,13.95,14.15,13.75,13.9,6965000,96813500.0,24570.0,300.0,3424370.0,42300.0,10968987.0
2025-10-16,14.05,14.4,13.9,14.3,15749700,225220710.0,44280.0,0.0,6232705.0,0.0,10970747.0
2025-10-17,14.45,14.45,13.65,13.85,11311500,156664275.0,17500.0,104310.0,2407385.0,14811080.0,10951247.0
2025-10-20,13.6,13.9,12.9,12.9,13101400,169008060.0,10834.0,42300.0,1438228.75,5827700.0,10959912.5
2025-10-21,12.7,13.1,12.4,12.7,14492600,184056020.0,52910.0,64280.0,6680595.0,8225275.0,10917837.0
2025-10-22,12.95,13.0,12.6,13.0,6156000,80028000.0,14640.0,18990.0,1875885.0,2427780.0,11042427.0
2025-10-23,13.1,13.4,12.95,12.95,6192600,80194170.0,12470.0,10830.0,1634190.0,1427030.0,11070102.5
2025-10-24,12.95,13.15,12.9,12.9,5848000,75439200.0,31940.0,32180.0,4167690.0,4200070.0,11066482.5
2025-10-27,12.95,13.1,12.65,12.85,5407800,69490230.0,3000.0,19450.0,387235.0,2501730.0,11094102.5
2025-10-28,12.7,12.9,12.4,12.9,8290300,106944870.0,2000.0,12370.0,256500.0,1572915.0,11096392.5
2025-10-29,13.1,13.2,12.9,13.05,4365500,56969775.0,16210.0,13230.0,2109970.0,1729240.0,11076282.5
2025-10-30,13.1,13.1,12.85,12.85,4409100,56656935.0,6560.0,19030.0,848975.0,2473855.0,11110252.5
2025-10-31,12.85,13.15,12.75,12.75,5438300,69338325.0,58180.0,811.0,7557605.0,105913.0,11063972.5
2025-11-03,12.8,12.9,12.35,12.35,6093000,75248550.0,5820.0,18080.0,718770.0,2291935.0,11051054.1
2025-11-04,12.1,12.85,11.8,12.85,8667400,111376090.0,18250.0,6200.0,2229505.0,758570.0,11064034.1
2025-11-05,12.75,12.75,12.5,12.6,2705500,34089300.0,20.0,34970.0,2505.0,4410775.0,11070214.1
2025-11-06,12.6,12.75,12.45,12.6,3958000,49870800.0,22610.0,20940.0,2851595.0,2648290.0,11055344.1
2025-11-07,12.55,12.75,12.1,12.1,4526400,54769440.0,20720.0,21200.0,2591490.0,2655710.0,11060104.1
2025-11-10,12.25,12.35,12.0,12.0,2784900,33418800.0,27760.0,110.0,3375105.0,13435.0,11082324.1
2025-11-11,,0.0,0.0,0.0,0,0.0,0.0,0.0,0.0,0.0,0.0
2025-11-12,12.15,12.4,12.1,12.35,2470100,30505735.0,17040.0,15480.0,2078480.0,1897555.0,11061214.1
2025-11-14,12.3,12.4,12.2,12.25,2572100,31508225.0,7270.0,4040.0,893925.0,498870.0,11077114.1
2025-11-17,12.3,12.45,12.25,12.45,3161400,39359430.0,20670.0,150.0,2552685.0,18570.0,11058154.1
2025-11-18,12.45,12.7,12.4,12.55,3867600,48538380.0,10040.0,33830.0,1256400.0,4259020.0,11061364.1
2025-11-19,12.5,12.5,12.2,12.3,2606600,32061180.0,200.0,18600.0,24600.0,2299645.0,11071004.1
2025-11-20,12.3,12.35,12.15,12.25,1490000,18252500.0,0.0,29690.0,0.0,3642140.0,11071404.1
2025-11-25,12.05,12.15,11.8,11.95,3381300,40406535.0,500.0,1080.0,59750.0,129945.0,11135324.1
2025-11-26,11.85,12.25,11.85,12.25,2927000,35855750.0,16500.0,10.0,2001760.0,1195.0,11137954.1
2025-11-27,12.25,12.35,12.1,12.1,1786400,21615440.0,0.0,660.0,0.0,80450.0,11136824.1
2025-11-28,12.1,12.2,11.95,12.0,2144000,25728000.0,310.0,0.0,37355.0,0.0,11136674.1
2025-12-01,12.15,12.15,11.9,11.95,1810200,21631890.0,8340.0,1520.0,1000800.0,182415.0,11131754.1
2025-12-02,11.95,12.0,11.75,11.9,1831100,21790090.0,780.0,14940.0,92820.0,1764285.0,11117184.1
2025-12-03,12.0,12.2,11.9,12.1,2843000,34400300.0,23020.0,940.0,2777260.0,113780.0,11110914.1
2025-12-04,12.1,12.4,12.1,12.3,3882000,47748600.0,15510.0,8940.0,1902410.0,1095480.0,11095814.1
2025-12-05,12.35,12.4,12.1,12.1,1672500,20237250.0,0.0,1080.0,0.0,132090.0,11119894.1
2025-12-08,12.1,12.15,11.9,11.9,2557300,30431870.0,0.0,11890.0,0.0,1427950.0,11119444.1
2025-12-10,11.85,11.9,11.75,11.85,1111800,13174830.0,0.0,4240.0,0.0,500835.0,11114704.1
2025-12-11,11.85,12.0,11.6,11.6,2137000,24789200.0,10.0,2900.0,1180.0,345020.0,11127564.1
2025-12-12,11.75,11.75,10.8,10.9,6156700,67108030.0,26040.0,3510.0,2841600.0,407550.0,11124164.1
2025-12-15,10.7,11.1,10.65,10.9,4194000,45714600.0,29400.0,2930.0,3220375.0,320940.0,11105084.1
2025-12-23,11.55,11.65,11.35,11.4,2291700,26125380.0,1510.0,630.0,172140.0,72245.0,11116074.1
2025-12-24,11.35,11.45,11.3,11.45,2099400,24038130.0,21630.0,650.0,2464720.0,74095.0,11103444.1
2025-12-25,11.45,11.55,11.2,11.2,2593700,29049440.0,6650.0,12810.0,755420.0,1457715.0,11096224.1
2025-12-26,11.2,11.25,10.85,11.15,3814200,42528330.0,12630.0,21720.0,1399815.0,2411245.0,11090954.1
2025-12-29,11.15,11.25,11.05,11.05,1503400,16612570.000000002,14590.0,1520.0,1623775.0,169275.0,11088264.1
2025-12-30,11.1,11.15,11.0,11.05,2145400,23706670.0,32580.0,690.0,3612295.0,76440.0,11063804.1
2025-12-31,11.1,11.2,11.05,11.05,2168600,23963030.0,9190.0,1440.0,1022220.0,159840.0,11059804.1
2026-01-05,11.05,11.1,10.7,10.75,3594600,38641950.0,4860.0,44990.0,522450.0,4892975.0,11061274.1
2026-01-06,10.85,11.0,10.6,10.9,3060500,33359450.0,45650.0,5060.0,4935335.0,549030.0,11002984.1
2026-01-07,10.95,11.3,10.95,11.2,4159700,46588640.0,86900.0,3880.0,9652040.0,432825.0,10938644.1
2026-01-08,11.4,11.4,11.15,11.15,4296700,47908205.0,43660.0,3770.0,4918625.0,426550.0,10925314.1
2026-01-09,11.2,11.25,11.0,11.05,3164800,34971040.0,26690.0,980.0,2970275.0,109190.0,10916074.1
2026-01-12,11.05,11.55,11.05,11.5,6229600,71640400.0,75660.0,26090.0,8607065.0,2987285.0,10837724.1
2026-01-13,11.6,12.15,11.45,11.7,6387800,74737260.0,8420.0,75620.0,976720.0,8950260.0,10858094.1
2026-01-14,11.75,11.85,11.45,11.55,4619200,53351760.0,2900.0,57524.0,332050.0,6722999.25,10864454.1
2026-01-15,11.55,11.9,11.5,11.7,5726200,66996539.99999999,80720.0,39900.0,9374690.0,4689775.0,10786664.1
2026-01-16,11.85,11.85,11.55,11.55,3508000,40517400.0,16660.0,35806.0,1943135.0,4186509.4,10877114.1
2026-01-19,11.6,11.7,11.5,11.55,3156600,36458730.0,33500.0,3310.0,3879585.0,384420.0,10903758.8
2026-01-20,11.6,11.7,11.5,11.55,3254500,37589475.0,12260.0,4200.0,1419310.0,487635.0,10902748.8
2026-01-21,11.5,11.5,11.15,11.3,5925500,66958150.00000001,4350.0,103630.0,491540.0,11745630.0,10924875.6
2026-01-22,11.4,12.05,11.35,12.05,6976700,84069235.0,72940.0,5990.0,8457650.0,698765.0,10856685.6
2026-01-23,12.25,12.45,11.75,11.75,8941300,105060275.0,19840.0,90540.0,2381335.0,11025235.0,10816785.6
2026-01-26,11.8,11.8,11.25,11.3,4263700,48179810.0,25850.0,36480.0,2951955.0,4194345.0,10936355.6
2026-01-27,11.4,11.5,11.2,11.5,3658400,42071600.0,15070.0,20120.0,1705140.0,2293105.0,10931565.6
2026-01-28,11.5,11.75,11.4,11.55,4361100,50370705.0,2590.0,58790.0,298970.0,6828550.0,11016585.6
2026-01-29,11.75,12.0,11.6,11.65,3386600,39453890.0,1340.0,34910.0,158570.0,4115485.0,11027975.6
2026-01-30,11.65,11.75,11.5,11.55,4281600,49452480.0,21280.0,12730.0,2474020.0,1484650.0,11024355.6
2026-02-02,11.65,11.7,11.35,11.6,3654300,42389880.0,53370.0,6310.0,6157200.0,728560.0,11026475.6
2026-02-03,11.75,12.2,11.7,11.85,6800600,80587110.0,67660.0,3570.0,8031840.0,431175.0,11014625.6
2026-02-04,11.95,12.3,11.85,12.0,7731400,92776800.0,50750.0,22110.0,6102425.0,2682285.2,10967085.6
2026-02-05,12.1,12.25,11.7,11.7,4027000,47115900.0,7500.0,39180.0,899195.0,4737370.0,10981916.4
2026-02-06,11.65,11.75,11.4,11.4,4671900,53259660.0,24710.0,64970.0,2846390.0,7535030.0,10965316.4
2026-02-09,11.55,11.55,11.2,11.35,2439300,27686055.0,0.0,43440.0,0.0,4972165.0,10990036.4
2026-02-10,11.35,11.5,11.2,11.3,2659600,30053480.000000004,190.0,28580.0,21620.0,3259895.0,11010376.4
2026-02-11,11.3,11.65,11.3,11.6,2078700,24112920.0,12630.0,20920.0,1450115.0,2405760.0,11049586.4
2026-02-12,11.5,11.65,11.45,11.5,1133700,13037550.0,0.0,1280.0,0.0,147840.0,11102806.4
2026-02-13,11.5,12.3,11.45,12.1,10160900,122946890.0,56350.0,7750.0,6773975.0,897920.0,11049006.4
2026-02-23,12.3,12.9,12.05,12.9,24430600,315154740.0,78315.0,23750.0,10061462.5,3015430.0,11015421.4
2026-02-24,12.9,13.35,12.8,13.15,11680500,153598575.0,56480.0,6520.0,7361375.0,852460.0,10979341.4
2026-02-25,13.35,13.35,12.9,12.9,9628200,124203780.0,106840.0,61560.0,13895610.0,8053270.0,10855471.4
2026-02-26,12.9,13.8,12.85,13.8,17941400,247591320.0,120070.0,67920.0,15603810.0,9115545.0,10824431.4
2026-02-27,13.8,13.95,13.5,13.8,8052600,111125880.0,30.0,66910.0,4125.0,9198040.0,10890301.4
2026-03-02,13.25,14.4,13.2,13.75,26777800,368194750.0,146990.0,118350.0,20142560.0,16487790.0,10739431.4
2026-03-03,13.6,13.9,13.35,13.85,11536800,159784680.0,45910.0,109730.0,6225240.0,14981520.0,10790311.4
2026-03-04,13.75,13.85,12.9,13.3,21285000,283090500.0,110710.0,32500.0,14747710.0,4345235.0,10819901.4
2026-03-05,13.6,13.9,13.4,13.4,8487100,113727140.0,98241.0,78360.0,13280524.5,10704675.0,10740049.9
2026-03-06,13.2,14.15,13.1,13.6,16078800,218671680.0,146630.0,110180.0,19952205.0,15077645.0,10746749.9
2026-03-09,12.9,13.0,12.65,12.65,9187000,116215550.0,8100.0,26580.0,1040740.0,3399795.0,10852539.9
2026-03-10,12.9,13.5,12.65,13.5,18581400,250848900.0,186820.0,96040.0,24640539.5,12472685.0,10673839.4
2026-03-11,13.85,14.4,13.75,14.4,20132600,289909440.0,15290.0,39110.0,2138990.0,5600790.0,10754428.6
2026-03-12,14.75,15.25,14.35,14.7,22065700,324365790.0,136740.0,133660.0,20014364.4,19883360.0,10631159.2
2026-03-13,14.5,15.2,14.25,15.1,19282100,291159710.0,182450.0,231390.0,26617285.0,34256775.0,10590949.2
2026-03-16,15.15,15.15,14.05,14.05,21501000,302089050.0,5800.0,63936.0,849735.0,9451716.0,10803459.2
2026-03-17,14.0,14.35,13.3,13.95,14158700,197513865.0,120855.0,91411.0,16462627.5,12888683.0,10665294.2
2026-03-18,13.95,14.5,13.65,13.8,9517600,131342880.0,24391.0,132830.0,3390455.65,18759400.0,10780924.3
2026-03-19,13.55,14.25,13.05,13.75,15746700,216517125.0,143570.0,45660.0,19710362.1,6335105.0,10720481.2
2026-03-20,13.7,14.4,13.65,13.85,13543600,187578860.0,104011.0,146841.0,14485891.25,20596935.0,10660899.7
2026-03-23,13.5,13.8,12.9,13.0,15032700,195425100.0,1882.0,49540.0,256181.5,6741090.0,10895658.1
2026-03-24,13.4,13.65,13.15,13.25,6124600,81150950.0,10930.0,79400.0,1459100.0,10605760.0,10862250.1
2026-03-25,13.55,14.15,13.45,13.9,12085500,167988450.0,36660.0,116350.0,5012015.0,16176660.0,10903009.8
2026-03-26,14.0,14.4,13.85,13.95,10218400,142546680.0,6740.0,53715.0,940345.0,7658542.5,10959485.5
2026-03-27,13.9,14.45,13.8,14.3,10343500,147912050.0,113980.0,13510.0,16168930.0,1899995.0,10921437.8
2026-03-30,13.95,14.8,13.95,14.5,13009700,188640650.0,80490.0,3392.0,11527200.0,492438.1,10915646.8
2026-03-31,14.65,14.9,14.05,14.2,10460100,148533420.0,11.0,50.0,1596.0,7325.0,10965684.5
2026-04-01,14.45,14.5,13.6,13.8,19272400,265959120.0,1325.0,444700.0,0.02,6.23,0.0
2026-04-02,13.7,14.05,13.5,13.75,9342200,128455250.0,300200.0,396000.0,4.14,5.46,0.0
2026-04-03,13.8,13.95,13.25,13.3,14014600,186394180.0,51230.0,256400.0,0.69,3.46,0.0
2026-04-06,13.25,13.5,13.2,13.25,6232900,82585925.0,353515.0,0.0,4.72,0.0,0.0
2026-04-07,13.25,13.5,13.25,13.5,4288000,57888000.0,206200.0,3100.0,2.75,0.04,0.0
2026-04-08,14.05,14.2,13.8,13.95,10687700,149093415.0,102400.0,105800.0,1.43,1.48,0.0
2026-04-09,13.95,14.1,13.8,13.85,6399400,88631690.0,49400.0,128300.0,0.69,1.78,0.0
2026-04-10,13.9,14.2,13.65,13.8,6603700,91131060.0,0.0,176100.0,0.0,2.45,0.0
2026-04-13,13.65,14.0,13.65,13.7,5566600,76262420.0,5510.0,22570.0,763135.0,3123910.0,10984607.5
2026-04-14,13.9,14.0,13.6,13.85,4598400,63687840.0,0,8000,0.0,1102590.0,11014487.50
