time,open,high,low,close,volume,value,foreign_buy_vol,foreign_sell_vol,foreign_buy_val,foreign_sell_val,foreign_room
2006-12-04,8.14,8.14,8.14,8.14,62050,505087.00000000006,,,,,
2006-12-05,7.82,7.82,7.73,7.73,89420,691216.6000000001,,,,,
2006-12-06,7.37,7.37,7.37,7.37,3250,23952.5,,,,,
2006-12-07,7.04,7.73,7.04,7.73,216560,1674008.8,,,,,
2006-12-08,8.06,8.06,8.06,8.06,18700,150722.0,,,,,
2006-12-11,8.39,8.39,8.39,8.39,73020,612637.8,,,,,
2006-12-12,8.71,8.71,8.39,8.39,92600,776914.0,,,,,
2006-12-13,7.98,8.14,7.98,8.14,87350,711029.0,,,,,
2006-12-14,8.14,8.39,8.14,8.14,58750,478225.00000000006,,,,,
2006-12-15,8.14,8.14,8.06,8.06,84120,678007.2000000001,,,,,
2006-12-18,8.06,8.06,7.82,7.98,47200,376656.0,,,,,
2006-12-19,7.82,7.82,7.82,7.82,30160,235851.2,,,,,
2006-12-20,7.82,7.86,7.82,7.86,48390,380345.4,,,,,
2006-12-21,7.86,7.86,7.73,7.73,55170,426464.1,,,,,
2006-12-22,7.37,7.37,7.37,7.37,26950,198621.5,,,,,
2006-12-25,7.16,7.73,7.16,7.73,26850,207550.5,,,,,
2006-12-26,8.1,8.1,7.9,7.98,80250,640395.0,,,,,
2006-12-27,8.14,8.14,8.14,8.14,97420,792998.8,,,,,
2006-12-28,8.14,8.14,8.06,8.14,57710,469759.4,,,,,
2006-12-29,8.06,8.14,8.02,8.14,34500,280830.0,,,,,
2007-01-02,8.14,8.14,8.14,8.14,33390,271794.60000000003,,,,,
2007-01-03,7.98,8.14,7.98,8.14,34780,283109.2,,,,,
2007-01-04,8.55,8.55,8.55,8.55,43650,373207.50000000006,,,,,
2007-01-05,8.95,8.95,8.79,8.79,123610,1086531.9,,,,,
2007-01-08,9.2,9.2,8.95,8.95,98860,884796.9999999999,,,,,
2007-01-09,8.95,8.95,8.95,8.95,119530,1069793.5,,,,,
2007-01-10,9.12,9.28,9.12,9.28,92650,859791.9999999999,,,,,
2007-01-11,9.52,9.69,9.52,9.69,131220,1271521.8,,,,,
2007-01-12,10.09,10.09,10.09,10.09,70430,710638.7,,,,,
2007-01-15,10.26,10.26,10.26,10.26,43810,449490.6,,,,,
2007-01-16,10.18,10.18,9.93,9.93,38020,377538.6,,,,,
2007-01-17,9.77,9.77,9.44,9.44,44580,420835.2,,,,,
2007-01-18,9.04,9.61,9.04,9.61,59940,576023.4,,,,,
2007-01-19,9.77,9.93,9.77,9.93,63440,629959.2,,,,,
2007-01-22,9.44,9.77,9.44,9.77,38260,373800.2,,,,,
2007-01-23,9.77,9.85,9.77,9.85,65400,644190.0,,,,,
2007-01-24,9.93,9.93,9.77,9.77,96830,946029.1,,,,,
2007-01-25,9.61,9.61,9.44,9.61,39090,375654.9,,,,,
2007-01-26,9.77,9.77,9.77,9.77,68980,673934.6,,,,,
2007-01-29,10.26,10.26,10.26,10.26,68730,705169.7999999999,,,,,
2007-01-30,10.75,10.75,10.75,10.75,60270,647902.5,,,,,
2007-01-31,11.23,11.23,11.23,11.23,100630,1130074.9,,,,,
2007-02-01,11.48,11.48,11.23,11.23,75240,844945.2000000001,,,,,
2007-02-02,10.99,10.99,10.99,10.99,65700,722043.0,,,,,
2007-02-05,10.99,10.99,10.58,10.58,23530,248947.4,,,,,
2007-02-06,10.58,10.58,10.42,10.42,66210,689908.2,,,,,
2007-02-07,10.91,10.91,10.91,10.91,83850,914803.5,,,,,
2007-02-08,11.4,11.4,11.4,11.4,79680,908352.0,,,,,
2007-02-09,10.83,10.83,10.83,10.83,28970,313745.1,,,,,
2007-02-12,10.99,10.99,10.99,10.99,32160,353438.4,,,,,
2007-02-13,11.15,11.15,11.07,11.15,26550,296032.5,,,,,
2007-02-14,11.07,11.48,11.07,11.4,53510,610014.0,,,,,
2007-02-15,11.4,11.56,11.4,11.56,36370,420437.2,,,,,
2007-02-26,11.8,11.8,11.72,11.8,45490,536782.0,,,,,
2007-02-27,12.05,12.37,12.05,12.21,80190,979119.9,,,,,
2007-02-28,11.89,11.89,11.64,11.64,17630,205213.2,,,,,
2007-03-01,11.64,11.8,11.64,11.64,25870,301126.8,,,,,
2007-03-02,11.8,11.8,11.64,11.64,48820,568264.8,,,,,
2007-03-05,11.64,11.8,11.64,11.8,44210,521678.00000000006,,,,,
2007-03-06,11.89,11.89,11.64,11.64,42730,497377.2,,,,,
2007-03-07,11.8,11.8,11.8,11.8,18980,223964.0,,,,,
2007-03-08,11.8,11.8,11.8,11.8,27390,323202.0,,,,,
2007-03-09,11.72,11.8,11.64,11.64,11540,134325.6,,,,,
2007-03-12,11.72,11.72,11.64,11.72,33720,395198.4,,,,,
2007-03-13,11.8,12.21,11.8,12.21,62280,760438.8,,,,,
2007-03-14,12.37,12.37,12.05,12.05,42340,510197.00000000006,,,,,
2007-03-15,11.8,11.8,11.48,11.48,5670,65091.600000000006,,,,,
2007-03-16,11.48,12.05,11.48,12.05,12010,144720.5,,,,,
2007-03-19,12.05,12.05,11.8,11.8,21240,250632.00000000003,,,,,
2007-03-20,11.8,11.8,11.64,11.64,30030,349549.2,,,,,
2007-03-21,11.4,11.4,11.07,11.4,9590,109326.0,,,,,
2007-03-22,11.23,11.23,10.99,10.99,18690,205403.1,,,,,
2007-03-23,10.99,10.99,10.58,10.58,18230,192873.4,,,,,
2007-03-26,10.18,10.18,10.09,10.09,18780,189490.2,,,,,
2007-03-27,9.61,9.61,9.61,9.61,22630,217474.3,,,,,
2007-03-28,9.2,9.77,9.2,9.77,49710,485666.7,,,,,
2007-03-29,10.26,10.26,10.26,10.26,23540,241520.4,,,,,
2007-03-30,10.75,10.75,10.75,10.75,37520,403340.0,,,,,
2007-04-02,10.75,10.75,10.75,10.75,21160,227470.0,,,,,
2007-04-03,10.5,10.5,10.26,10.34,10000,103400.0,,,,,
2007-04-04,9.93,10.34,9.93,10.34,5920,61212.8,,,,,
2007-04-05,10.34,10.42,10.34,10.42,15590,162447.8,,,,,
2007-04-06,10.09,10.34,10.09,10.34,10340,106915.6,,,,,
2007-04-09,10.34,10.34,10.34,10.34,6250,64625.0,,,,,
2007-04-10,10.58,10.75,10.58,10.75,19410,208657.5,,,,,
2007-04-11,10.75,10.75,10.58,10.58,15010,158805.8,,,,,
2007-04-12,10.58,10.58,10.5,10.5,19880,208740.0,,,,,
2007-04-13,10.01,10.42,10.01,10.42,13870,144525.4,,,,,
2007-04-16,10.34,10.34,10.09,10.09,20470,206542.3,,,,,
2007-04-17,8.71,8.71,8.71,8.71,27440,239002.4,,,,,
2007-04-18,8.71,9.12,8.71,9.12,4130,37665.6,,,,,
2007-04-19,9.52,9.52,9.36,9.36,13440,125798.4,,,,,
2007-04-20,9.36,9.36,9.36,9.36,8270,77407.2,,,,,
2007-04-23,8.95,8.95,8.95,8.95,13020,116529.0,,,,,
2007-04-24,8.71,8.71,8.55,8.55,1300,11115.000000000002,,,,,
2007-04-25,8.14,8.3,8.14,8.3,24650,204595.00000000003,,,,,
2007-05-02,8.63,8.63,8.3,8.3,4100,34030.0,,,,,
2007-05-03,8.3,8.3,8.22,8.22,9820,80720.40000000001,,,,,
2007-05-04,7.98,8.14,7.98,8.14,10030,81644.20000000001,,,,,
2007-05-07,8.06,8.55,8.06,8.55,19280,164844.0,,,,,
2007-05-08,8.95,8.95,8.95,8.95,32580,291591.0,,,,,
2007-05-09,9.12,9.12,9.12,9.12,32130,293025.6,,,,,
2007-05-10,8.95,8.95,8.95,8.95,1440,12887.999999999998,,,,,
2007-05-11,8.55,8.79,8.55,8.79,13680,120247.19999999998,,,,,
2007-05-14,8.95,8.95,8.79,8.79,7800,68562.0,,,,,
2007-05-15,8.79,8.79,8.79,8.79,28550,250954.5,,,,,
2007-05-16,8.55,8.55,8.55,8.55,13140,112347.0,,,,,
2007-05-17,8.55,8.79,8.55,8.79,7810,68649.9,,,,,
2007-05-18,8.79,8.79,8.71,8.71,17090,148853.90000000002,,,,,
2007-05-21,8.71,8.79,8.71,8.79,12960,113918.4,,,,,
2007-05-22,8.79,9.12,8.79,9.12,29360,267763.19999999995,,,,,
2007-05-23,9.52,9.52,9.36,9.36,39790,372434.4,,,,,
2007-05-24,9.36,9.36,9.12,9.12,14510,132331.19999999998,,,,,
2007-05-25,8.79,8.95,8.79,8.95,5790,51820.49999999999,,,,,
2007-05-28,8.95,8.95,8.79,8.87,8460,75040.2,,,,,
2007-05-29,8.87,8.87,8.87,8.87,21240,188398.8,,,,,
2007-05-30,8.87,8.87,8.63,8.87,6850,60759.49999999999,,,,,
2007-05-31,8.87,8.87,8.87,8.87,15180,134646.59999999998,,,,,
2007-06-01,8.87,8.87,8.71,8.71,13700,119327.0,,,,,
2007-06-04,8.55,8.55,8.55,8.55,22980,196479.00000000003,,,,,
2007-06-05,8.55,8.55,8.47,8.47,11600,98252.0,,,,,
2007-06-06,8.55,8.55,8.47,8.47,24450,207091.50000000003,,,,,
2007-06-07,8.71,8.71,8.55,8.71,11450,99729.5,,,,,
2007-06-08,8.71,8.71,8.55,8.55,17360,148428.0,,,,,
2007-06-11,8.55,8.55,8.55,8.55,5650,48307.50000000001,,,,,
2007-06-12,8.95,8.95,8.95,8.95,66600,596070.0,,,,,
2007-06-13,9.04,9.04,8.63,8.63,50700,437541.00000000006,,,,,
2007-06-14,9.04,9.04,8.95,9.04,31330,283223.19999999995,,,,,
2007-06-15,9.44,9.44,9.44,9.44,102640,968921.6,,,,,
2007-06-18,9.85,9.85,9.85,9.85,43590,429361.5,,,,,
2007-06-19,10.34,10.34,10.34,10.34,59250,612645.0,,,,,
2007-06-20,10.83,10.83,10.09,10.09,166010,1675040.9,,,,,
2007-06-21,10.09,10.09,9.61,9.61,52800,507408.0,,,,,
2007-06-22,9.77,10.01,9.77,10.01,66420,664864.2,,,,,
2007-06-25,10.01,10.01,10.01,10.01,61730,617917.2999999999,,,,,
2007-06-26,10.18,10.34,10.18,10.34,82660,854704.4,,,,,
2007-06-27,10.26,10.26,9.93,9.93,44870,445559.1,,,,,
2007-06-28,9.93,9.93,9.69,9.69,54400,527136.0,,,,,
2007-06-29,9.77,10.09,9.77,10.09,54150,546373.5,,,,,
2007-07-02,10.58,10.58,10.58,10.58,295270,3123956.6,,,,,
2007-07-03,10.58,10.58,10.58,10.58,147680,1562454.4,,,,,
2007-07-04,10.83,10.99,10.83,10.99,170140,1869838.6,,,,,
2007-07-05,10.99,10.99,10.83,10.83,91490,990836.7,,,,,
2007-07-06,10.66,11.32,10.66,11.23,105860,1188807.8,,,,,
2007-07-09,11.4,11.72,11.4,11.72,112970,1324008.4,,,,,
2007-07-10,12.29,12.29,12.29,12.29,67950,835105.5,,,,,
2007-07-11,12.86,12.86,12.86,12.86,81210,1044360.6,,,,,
2007-07-12,12.29,12.29,12.29,12.29,70960,872098.3999999999,,,,,
2007-07-13,12.54,12.54,12.37,12.37,66000,816420.0,,,,,
2007-07-16,12.05,12.05,11.8,11.8,27760,327568.0,,,,,
2007-07-17,11.8,11.97,11.8,11.97,33880,405543.6,,,,,
2007-07-18,12.13,12.13,11.72,11.72,27130,317963.60000000003,,,,,
2007-07-19,11.72,11.72,11.23,11.23,51470,578008.1,,,,,
2007-07-20,11.23,11.23,11.07,11.07,44490,492504.3,,,,,
2007-07-23,11.56,11.56,11.56,11.56,25430,293970.8,,,,,
2007-07-24,12.13,12.13,12.13,12.13,80430,975615.9,,,,,
2007-07-25,12.13,12.13,12.05,12.05,76800,925440.0,,,,,
2007-07-26,12.05,12.05,11.48,11.48,42130,483652.4,,,,,
2007-07-27,11.48,11.48,11.32,11.32,12940,146480.80000000002,,,,,
2007-07-30,11.07,11.23,11.07,11.07,11790,130515.3,,,,,
2007-07-31,11.15,11.23,11.07,11.07,50810,562466.7000000001,,,,,
2007-08-01,11.23,11.56,11.4,11.56,10800,124848.0,,,,,
2007-08-02,11.56,11.48,11.23,11.23,18200,204386.0,,,,,
2007-08-03,11.23,11.23,11.23,11.23,17140,192482.2,,,,,
2007-08-06,11.15,11.23,11.15,11.23,15490,173952.7,,,,,
2007-08-07,11.23,11.72,11.07,11.72,46030,539471.6,,,,,
2007-08-08,12.13,12.05,11.72,11.72,42340,496224.8000000001,,,,,
2007-08-09,11.72,11.97,11.56,11.97,22980,275070.60000000003,,,,,
2007-08-10,12.05,11.97,11.8,11.8,32860,387748.0,,,,,
2007-08-13,11.48,11.8,11.48,11.48,18760,215364.8,,,,,
2007-08-14,12.05,12.05,11.64,12.05,79650,959782.5,,,,,
2007-08-15,11.72,11.8,10.99,11.97,17400,208278.0,,,,,
2007-08-16,11.8,11.97,11.8,11.8,15960,188328.0,,,,,
2007-08-17,12.29,12.29,11.56,11.72,10090,118254.8,,,,,
2007-08-20,11.72,12.21,11.64,12.21,40820,498412.2,,,,,
2007-08-21,12.05,12.21,12.05,12.05,6880,82904.0,,,,,
2007-08-22,12.21,12.21,12.05,12.21,39070,477044.7,,,,,
2007-08-23,12.13,12.13,11.89,12.13,10290,124817.7,,,,,
2007-08-24,12.13,12.37,12.13,12.29,60660,745511.3999999999,,,,,
2007-08-27,12.46,12.46,12.21,12.46,51910,646798.6000000001,,,,,
2007-08-28,13.03,13.03,12.54,13.03,95430,1243452.9,,,,,
2007-08-29,13.43,13.43,13.11,13.43,37110,498387.3,,,,,
2007-08-30,13.11,13.43,13.03,13.11,21870,286715.7,,,,,
2007-08-31,13.11,13.19,13.11,13.11,26620,348988.2,,,,,
2007-09-04,13.19,13.76,13.19,13.76,24080,331340.8,,,,,
2007-09-05,13.92,14.0,13.6,13.84,30430,421151.2,,,,,
2007-09-06,13.84,13.92,13.76,13.92,47310,658555.2,,,,,
2007-09-07,13.76,13.84,13.68,13.68,22860,312724.8,,,,,
2007-09-10,13.84,13.84,13.6,13.6,14990,203864.0,,,,,
2007-09-11,13.27,13.51,13.03,13.03,56230,732676.8999999999,,,,,
2007-09-12,13.51,13.51,13.03,13.27,17200,228244.0,,,,,
2007-09-13,13.11,13.27,13.11,13.11,16000,209760.0,,,,,
2007-09-14,13.03,13.11,13.03,13.03,16270,211998.1,,,,,
2007-09-17,13.03,13.19,13.03,13.19,21910,288992.9,,,,,
2007-09-18,13.19,13.27,13.03,13.03,28480,371094.4,,,,,
2007-09-19,12.62,12.78,12.54,12.78,37710,481933.8,,,,,
2007-09-20,13.11,13.35,12.94,13.35,37680,503028.0,,,,,
2007-09-21,13.11,13.35,13.03,13.11,11520,151027.19999999998,,,,,
2007-09-24,13.11,13.11,13.03,13.03,22010,286790.3,,,,,
2007-09-25,13.03,13.68,13.03,13.03,49420,643942.6,,,,,
2007-09-26,13.03,13.11,13.03,13.03,31980,416699.4,,,,,
2007-09-27,12.62,12.94,12.62,12.78,19630,250871.4,,,,,
2007-09-28,12.78,13.03,12.78,12.94,29170,377459.8,,,,,
2007-10-01,13.11,13.51,13.11,13.51,46050,622135.5,,,,,
2007-10-02,13.68,13.68,13.43,13.6,20360,276896.0,,,,,
2007-10-03,13.84,13.84,13.19,13.35,13180,175953.0,,,,,
2007-10-04,13.43,13.6,13.43,13.6,31610,429896.0,,,,,
2007-10-05,13.6,13.68,13.51,13.51,16050,216835.5,,,,,
2007-10-08,13.43,13.51,13.27,13.27,33270,441492.9,,,,,
2007-10-09,13.27,13.43,13.27,13.27,12590,167069.3,,,,,
2007-10-10,13.11,13.43,13.11,13.43,14230,191108.9,,,,,
2007-10-11,13.84,13.84,13.43,13.84,36560,505990.4,,,,,
2007-10-12,13.84,13.84,13.68,13.76,21480,295564.8,,,,,
2007-10-15,13.76,13.84,13.6,13.76,14390,198006.4,,,,,
2007-10-16,13.76,14.41,13.76,14.41,44410,639948.1,,,,,
2007-10-17,14.57,15.06,14.57,15.06,65740,990044.4,,,,,
2007-10-18,15.79,15.79,15.06,15.79,103570,1635370.2999999998,,,,,
2007-10-19,15.06,16.28,15.06,16.28,30970,504191.6,,,,,
2007-10-22,16.53,16.53,15.87,15.87,16700,265029.0,,,,,
2007-10-23,15.47,15.47,15.14,15.14,25690,388946.6,,,,,
2007-10-24,14.74,15.06,14.74,15.06,8850,133281.0,,,,,
2007-10-25,15.79,15.79,15.06,15.79,73250,1156617.5,,,,,
2007-10-26,15.87,16.53,15.87,16.53,31510,520860.3000000001,,,,,
2007-10-29,16.53,16.53,15.71,16.2,11930,193266.0,,,,,
2007-10-30,16.85,16.93,16.69,16.93,41770,707166.1,,,,,
2007-10-31,17.75,17.75,17.75,17.75,16460,292165.0,,,,,
2007-11-01,18.56,18.56,18.56,18.56,9560,177433.59999999998,,,,,
2007-11-02,19.46,19.46,19.46,19.46,12580,244806.8,,,,,
2007-11-05,20.35,20.35,19.54,19.95,60220,1201389.0,,,,,
2007-11-06,20.19,20.35,19.38,19.62,18230,357672.60000000003,,,,,
2007-11-07,19.62,19.62,18.64,18.64,3870,72136.8,,,,,
2007-11-08,17.99,18.72,17.99,18.32,11380,208481.6,,,,,
2007-11-09,17.91,18.07,17.91,18.07,5310,95951.7,,,,,
2007-11-12,18.72,18.89,18.24,18.89,35470,670028.3,,,,,
2007-11-13,18.89,19.21,18.07,18.07,2470,44632.9,,,,,
2007-11-14,18.07,18.32,18.07,18.32,5250,96180.0,,,,,
2007-11-15,18.07,18.4,18.07,18.4,23800,437920.0,,,,,
2007-11-16,19.05,19.05,18.4,18.72,21580,403977.6,,,,,
2007-11-19,18.48,18.89,18.48,18.81,13680,257320.8,,,,,
2007-11-20,18.32,18.56,18.07,18.07,7600,137332.0,,,,,
2007-11-21,18.07,18.48,18.07,18.15,4170,75685.5,,,,,
2007-11-22,18.15,18.15,17.91,18.15,3730,67699.5,,,,,
2007-11-23,17.83,18.15,17.83,18.15,1740,31581.0,,,,,
2007-11-26,18.72,19.05,18.48,19.05,28130,535876.5,,,,,
2007-11-27,19.21,19.21,19.05,19.05,13670,260413.5,,,,,
2007-11-28,19.05,19.05,18.89,19.05,14890,283654.5,,,,,
2007-11-29,19.05,19.05,18.89,19.05,10320,196596.0,,,,,
2007-11-30,18.72,18.97,18.56,18.97,6690,126909.3,,,,,
2007-12-03,18.72,18.89,18.56,18.81,3640,68468.4,,,,,
2007-12-04,18.72,18.81,18.72,18.72,9570,179150.4,,,,,
2007-12-05,18.48,18.56,18.15,18.15,9900,179685.0,,,,,
2007-12-06,17.91,18.24,17.91,18.07,10980,198408.6,,,,,
2007-12-07,17.75,17.99,17.75,17.91,6890,123399.9,,,,,
2007-12-10,18.07,18.07,17.91,18.07,710,12829.7,,,,,
2007-12-11,18.07,18.07,17.99,17.99,500,8995.0,,,,,
2007-12-12,17.91,17.99,17.91,17.91,2380,42625.8,,,,,
2007-12-13,17.91,17.91,17.67,17.67,350,6184.500000000001,,,,,
2007-12-14,16.85,17.01,16.85,16.85,12460,209951.00000000003,,,,,
2007-12-17,16.04,16.2,16.04,16.04,13340,213973.6,,,,,
2007-12-18,15.47,16.04,15.47,15.63,7930,123945.9,,,,,
2007-12-19,15.71,16.2,15.71,16.12,9240,148948.80000000002,,,,,
2007-12-20,16.2,16.2,15.87,16.12,5290,85274.8,,,,,
2007-12-21,15.47,16.28,15.47,16.28,4640,75539.20000000001,,,,,
2007-12-24,16.28,16.28,15.87,15.87,5080,80619.59999999999,,,,,
2007-12-25,15.87,15.87,15.47,15.47,12320,190590.4,,,,,
2007-12-26,15.47,15.47,15.39,15.47,5630,87096.1,,,,,
2007-12-27,15.79,15.79,15.47,15.47,18110,280161.7,,,,,
2007-12-28,15.47,15.47,15.22,15.22,13340,203034.8,,,,,
2008-01-02,15.71,15.71,15.55,15.71,2680,42102.8,,,,,
2008-01-03,15.71,15.71,15.47,15.47,8720,134898.4,,,,,
2008-01-04,15.47,15.47,15.39,15.39,2410,37089.9,,,,,
2008-01-07,15.06,15.3,14.65,15.3,9500,145350.0,,,,,
2008-01-08,15.63,15.63,15.3,15.3,9810,150093.0,,,,,
2008-01-09,15.47,15.47,15.3,15.3,6570,100521.0,,,,,
2008-01-10,14.82,15.3,14.74,15.3,5850,89505.0,,,,,
2008-01-11,14.98,15.39,14.98,14.98,21830,327013.4,,,,,
2008-01-14,14.98,14.98,14.65,14.98,12670,189796.6,,,,,
2008-01-15,14.33,14.98,14.33,14.98,12130,181707.4,,,,,
2008-01-16,14.98,15.71,14.65,15.55,3630,56446.5,,,,,
2008-01-17,15.47,15.47,15.06,15.39,1950,30010.5,,,,,
2008-01-18,15.39,15.39,15.3,15.3,660,10098.0,,,,,
2008-01-21,14.9,15.3,14.9,15.3,1430,21879.0,,,,,
2008-01-22,14.9,15.06,14.82,14.98,6000,89880.0,,,,,
2008-01-23,14.98,14.98,14.25,14.98,9980,149500.4,,,,,
2008-01-24,14.33,15.06,14.25,14.25,11790,168007.5,,,,,
2008-01-25,13.68,14.25,13.84,14.17,10280,145667.6,,,,,
2008-01-28,14.17,14.17,13.68,13.76,3900,53664.0,,,,,
2008-01-29,13.84,14.41,13.68,14.41,9820,141506.2,,,,,
2008-01-30,15.06,15.06,14.82,15.06,10660,160539.6,,,,,
2008-01-31,14.98,15.63,14.82,15.63,18100,282903.0,,,,,
2008-02-01,15.63,15.63,15.47,15.63,4400,68772.0,,,,,
2008-02-12,14.98,15.63,14.98,15.63,5910,92373.3,,,,,
2008-02-13,15.79,15.79,15.06,15.79,11420,180321.8,,,,,
2008-02-14,15.79,15.79,15.14,15.79,11300,178427.0,,,,,
2008-02-15,15.63,15.63,15.63,15.63,250,3907.5,,,,,
2008-02-18,15.63,15.63,15.06,15.39,8100,124659.0,,,,,
2008-02-19,15.39,15.39,14.9,15.06,750,11295.0,,,,,
2008-02-20,15.06,15.06,14.65,14.65,7690,112658.5,,,,,
2008-02-21,13.92,13.92,13.92,13.92,18190,253204.8,,,,,
2008-02-22,13.27,13.84,13.27,13.84,25680,355411.2,,,,,
2008-02-25,14.49,14.49,14.41,14.49,1840,26661.6,,,,,
2008-02-26,14.65,14.82,14.17,14.57,6840,99658.8,,,,,
2008-02-27,14.65,14.98,14.17,14.17,4170,59088.9,,,,,
2008-02-28,14.17,14.17,13.51,13.51,8990,121454.9,,,,,
2008-02-29,14.08,14.08,12.86,12.86,4450,57227.0,,,,,
2008-03-03,12.29,12.37,12.29,12.29,2280,28021.2,,,,,
2008-03-04,11.72,11.72,11.72,11.72,1020,11954.4,,,,,
2008-03-05,11.15,11.15,11.15,11.15,810,9031.5,,,,,
2008-03-06,11.64,11.64,11.64,11.64,3470,40390.8,,,,,
2008-03-07,12.21,12.21,12.21,12.21,13050,159340.5,,,,,
2008-03-10,12.78,12.78,12.21,12.37,18590,229958.3,,,,,
2008-03-11,11.8,11.97,11.8,11.97,8900,106533.0,,,,,
2008-03-12,11.89,12.37,11.89,11.89,10180,121040.2,,,,,
2008-03-13,11.89,11.97,11.8,11.8,5000,59000.0,,,,,
2008-03-14,11.8,11.89,11.4,11.4,4270,48678.0,,,,,
2008-03-17,11.23,11.23,10.83,10.83,8670,93896.1,,,,,
2008-03-18,10.34,10.34,10.34,10.34,5540,57283.6,,,,,
2008-03-19,10.09,10.5,10.09,10.09,3830,38644.7,,,,,
2008-03-20,10.09,10.34,10.09,10.34,17930,185396.2,,,,,
2008-03-21,10.42,10.42,10.34,10.34,2600,26884.0,,,,,
2008-03-24,9.85,9.85,9.85,9.85,3290,32406.5,,,,,
2008-03-25,9.36,9.36,9.36,9.36,5950,55692.0,,,,,
2008-03-26,8.95,9.77,8.95,9.52,25600,243712.0,,,,,
2008-03-27,9.61,9.61,9.61,9.61,110,1057.1,,,,,
2008-03-28,9.69,9.69,9.69,9.69,1690,16376.1,,,,,
2008-03-31,9.77,9.77,9.77,9.77,1350,13189.5,,,,,
2008-04-01,9.85,9.85,9.85,9.85,110,1083.5,,,,,
2008-04-02,9.93,9.93,9.93,9.93,10,99.3,,,,,
2008-04-03,10.01,10.01,10.01,10.01,4230,42342.3,,,,,
2008-04-04,10.09,10.09,10.09,10.09,10,100.9,,,,,
2008-04-07,10.26,10.26,10.26,10.26,2100,21546.0,,,,,
2008-04-08,10.42,10.42,10.42,10.42,18630,194124.6,,,,,
2008-04-09,10.58,10.58,10.5,10.58,11360,120188.8,,,,,
2008-04-10,10.75,10.75,10.58,10.58,12160,128652.8,,,,,
2008-04-11,10.42,10.42,10.42,10.42,4700,48974.0,,,,,
2008-04-16,10.26,10.26,10.26,10.26,10710,109884.6,,,,,
2008-04-17,10.09,10.42,10.09,10.42,27740,289050.8,,,,,
2008-04-18,10.58,10.58,10.5,10.5,7320,76860.0,,,,,
2008-04-21,10.34,10.34,10.34,10.34,660,6824.4,,,,,
2008-04-22,10.18,10.18,10.18,10.18,15640,159215.19999999998,,,,,
2008-04-23,10.18,10.18,10.01,10.01,3220,32232.2,,,,,
2008-04-24,9.85,10.18,9.85,10.18,22980,233936.4,,,,,
2008-04-25,10.34,10.34,10.34,10.34,13920,143932.8,,,,,
2008-04-28,10.34,10.5,10.34,10.5,11820,124110.0,,,,,
2008-04-29,10.5,10.5,10.5,10.5,9700,101850.0,,,,,
2008-05-05,10.66,10.66,10.66,10.66,30290,322891.4,,,,,
2008-05-06,10.83,10.83,10.83,10.83,24620,266634.6,,,,,
2008-05-07,10.99,10.99,10.75,10.99,56340,619176.6,,,,,
2008-05-08,10.83,10.83,10.83,10.83,5480,59348.4,,,,,
2008-05-09,10.66,10.66,10.66,10.66,3280,34964.8,,,,,
2008-05-12,10.5,10.5,10.5,10.5,5030,52815.0,,,,,
2008-05-13,10.5,10.5,10.34,10.34,340,3515.6,,,,,
2008-05-14,10.18,10.18,10.18,10.18,7260,73906.8,,,,,
2008-05-15,10.01,10.01,10.01,10.01,8720,87287.2,,,,,
2008-05-16,10.01,10.18,10.01,10.18,26200,266716.0,,,,,
2008-05-19,10.18,10.34,10.18,10.18,7280,74110.4,,,,,
2008-05-20,10.26,10.26,10.01,10.01,7550,75575.5,,,,,
2008-05-21,9.85,9.85,9.85,9.85,300,2955.0,,,,,
2008-05-22,9.69,9.69,9.69,9.69,410,3972.9,,,,,
2008-05-23,9.52,9.52,9.52,9.52,15130,144037.6,,,,,
2008-05-26,9.36,9.36,9.36,9.36,320,2995.2,,,,,
2008-05-30,9.2,9.2,9.2,9.2,320,2944.0,,,,,
2008-06-02,9.04,9.04,9.04,9.04,4370,39504.8,,,,,
2008-06-03,8.87,8.87,8.87,8.87,200,1773.9999999999998,,,,,
2008-06-04,8.71,8.71,8.71,8.71,10,87.10000000000001,,,,,
2008-06-05,8.63,8.63,8.55,8.55,360,3078.0000000000005,,,,,
2008-06-06,8.39,8.39,8.39,8.39,410,3439.9,,,,,
2008-06-09,8.22,8.22,8.22,8.22,200,1644.0000000000002,,,,,
2008-06-10,8.06,8.06,8.06,8.06,50,403.0,,,,,
2008-06-11,7.94,7.94,7.94,7.94,16160,128310.4,,,,,
2008-06-12,7.82,7.9,7.82,7.82,17490,136771.80000000002,,,,,
2008-06-13,7.77,7.94,7.77,7.94,10390,82496.6,,,,,
2008-06-16,7.9,8.06,7.9,7.98,28870,230382.6,,,,,
2008-06-17,7.98,8.1,7.98,8.1,37700,305370.0,,,,,
2008-06-18,8.14,8.14,7.98,7.98,10180,81236.40000000001,,,,,
2008-06-19,7.77,7.77,7.77,7.77,10,77.69999999999999,,,,,
2008-06-20,7.57,7.57,7.57,7.57,420,3179.4,,,,,
2008-06-23,7.37,7.41,7.37,7.37,8370,61686.9,,,,,
2008-06-24,7.16,7.25,7.16,7.16,13610,97447.6,,,,,
2008-06-25,6.96,7.33,6.96,7.29,21990,160307.1,,,,,
2008-06-26,7.49,7.49,7.49,7.49,18060,135269.4,,,,,
2008-06-27,7.65,7.69,7.49,7.69,5200,39988.0,,,,,
2008-06-30,7.9,7.9,7.9,7.9,7470,59013.0,,,,,
2008-07-01,8.1,8.1,8.1,8.1,4860,39366.0,,,,,
2008-07-02,8.3,8.3,8.3,8.3,22320,185256.00000000003,,,,,
2008-07-03,8.55,8.55,8.55,8.55,12710,108670.5,,,,,
2008-07-04,8.79,8.79,8.79,8.79,11460,100733.4,,,,,
2008-07-07,9.04,9.04,8.55,8.55,34760,297198.0,,,,,
2008-07-08,8.55,8.55,8.3,8.3,3000,24900.000000000004,,,,,
2008-07-09,8.55,8.55,8.3,8.55,9320,79686.0,,,,,
2008-07-10,8.39,8.71,8.39,8.71,7200,62712.00000000001,,,,,
2008-07-11,8.79,8.95,8.71,8.95,15230,136308.5,,,,,
2008-07-14,8.79,9.2,8.79,9.2,11430,105156.0,,,,,
2008-07-15,9.36,9.44,9.2,9.44,12410,117150.4,,,,,
2008-07-16,9.69,9.69,9.61,9.69,16720,162016.8,,,,,
2008-07-17,9.77,9.77,9.52,9.52,4420,42078.4,,,,,
2008-07-18,9.28,9.28,9.28,9.28,1050,9744.0,,,,,
2008-07-21,9.04,9.04,9.04,9.04,10,90.4,,,,,
2008-07-22,8.79,8.79,8.79,8.79,10,87.89999999999999,,,,,
2008-07-23,8.55,8.55,8.55,8.55,10,85.5,,,,,
2008-07-24,8.3,8.3,8.3,8.3,1010,8383.0,,,,,
2008-07-25,8.06,8.06,8.06,8.06,710,5722.6,,,,,
2008-07-28,7.86,8.14,7.86,8.14,11980,97517.2,,,,,
2008-07-29,8.39,8.39,8.39,8.39,3940,33056.600000000006,,,,,
2008-07-30,8.63,8.63,8.14,8.63,3370,29083.1,,,,,
2008-07-31,8.87,8.87,8.87,8.87,7930,70339.09999999999,,,,,
2008-08-01,9.04,9.04,8.63,8.63,11040,95275.2,,,,,
2008-08-04,8.39,8.39,8.39,8.39,160,1342.4,,,,,
2008-08-05,8.14,8.14,8.14,8.14,10,81.4,,,,,
2008-08-06,7.9,8.39,7.9,8.39,7610,63847.9,,,,,
2008-08-07,8.63,8.63,8.63,8.63,23690,204444.7,,,,,
2008-08-08,8.79,8.87,8.71,8.87,21280,188753.6,,,,,
2008-08-11,9.12,9.12,9.12,9.12,12230,111537.6,,,,,
2008-08-12,9.2,9.28,8.87,8.87,3840,34060.8,,,,,
2008-08-13,8.71,8.79,8.71,8.79,780,6856.199999999999,,,,,
2008-08-14,8.63,9.04,8.55,9.04,4720,42668.8,,,,,
2008-08-15,9.28,9.28,9.28,9.28,20650,191632.0,,,,,
2008-08-18,9.69,9.69,9.69,9.69,21150,204943.5,,,,,
2008-08-19,10.09,10.09,9.85,10.09,59560,600960.4,,,,,
2008-08-20,9.61,10.09,9.61,9.69,4250,41182.5,,,,,
2008-08-21,9.28,9.69,9.28,9.44,4200,39648.0,,,,,
2008-08-22,9.44,9.44,9.04,9.28,21610,200540.8,,,,,
2008-08-25,8.87,9.69,8.87,9.2,106670,981364.0,,,,,
2008-08-26,9.04,9.44,9.04,9.04,77170,697616.7999999999,,,,,
2008-08-27,9.12,9.12,9.04,9.04,11100,100344.0,,,,,
2008-08-28,8.87,9.04,8.79,8.79,3740,32874.6,,,,,
2008-08-29,8.39,8.55,8.39,8.47,19720,167028.40000000002,,,,,
2008-09-03,8.06,8.87,8.06,8.06,52810,425648.6,,,,,
2008-09-04,7.98,8.06,7.9,8.06,31260,251955.6,,,,,
2008-09-05,7.73,8.39,7.73,8.39,39420,330733.80000000005,,,,,
2008-09-08,8.39,8.39,8.22,8.39,45550,382164.5,,,,,
2008-09-09,8.39,8.55,8.39,8.47,36660,310510.2,,,,,
2008-09-10,8.14,8.22,8.06,8.06,22670,182720.2,,,,,
2008-09-11,7.69,7.73,7.69,7.69,28650,220318.5,,,,,
2008-09-12,7.33,7.69,7.33,7.33,46010,337253.3,,,,,
2008-09-15,7.08,7.57,7.08,7.57,29460,223012.2,,,,,
2008-09-16,7.65,7.65,7.33,7.33,12750,93457.5,,,,,
2008-09-17,7.0,7.08,6.96,6.96,6600,45936.0,,,,,
2008-09-18,6.63,7.0,6.63,6.63,27620,183120.6,,,,,
2008-09-19,6.63,6.96,6.63,6.96,11390,79274.4,,,,,
2008-09-22,7.29,7.29,7.29,7.29,15010,109422.9,,,,,
2008-09-23,7.61,7.61,7.61,7.61,65480,498302.8000000001,,,,,
2008-09-24,7.73,7.82,7.25,7.25,8520,61770.0,,,,,
2008-09-25,7.49,7.57,7.41,7.57,17500,132475.0,,,,,
2008-09-26,7.69,7.69,7.49,7.57,18410,139363.7,,,,,
2008-09-29,7.73,7.77,7.33,7.33,16200,118746.0,,,,,
2008-09-30,6.96,7.33,6.96,7.33,54900,402417.0,,,,,
2008-10-01,7.69,7.69,7.49,7.49,4200,31458.0,,,,,
2008-10-02,7.82,7.86,7.82,7.86,34810,273606.60000000003,,,,,
2008-10-03,8.06,8.06,7.82,7.82,12760,99783.2,,,,,
2008-10-06,7.45,7.69,7.45,7.45,86480,644276.0,,,,,
2008-10-07,7.08,7.08,7.08,7.08,23730,168008.4,,,,,
2008-10-08,6.76,7.41,6.76,7.41,27870,206516.7,,,,,
2008-10-09,7.12,7.25,7.08,7.08,5230,37028.4,,,,,
2008-10-10,6.76,7.08,6.76,7.08,3960,28036.8,,,,,
2008-10-13,7.08,7.08,6.84,6.84,4260,29138.4,,,,,
2008-10-14,7.16,7.16,7.16,7.16,6160,44105.6,,,,,
2008-10-15,7.49,7.49,6.96,6.96,15070,104887.2,,,,,
2008-10-16,6.63,6.96,6.63,6.96,52300,364008.0,,,,,
2008-10-17,7.16,7.16,6.72,6.72,20500,137760.0,,,,,
2008-10-20,6.72,6.76,6.72,6.72,4300,28896.0,,,,,
2008-10-21,7.04,7.04,6.76,6.76,37070,250593.2,,,,,
2008-10-22,6.92,6.92,6.8,6.84,3560,24350.4,,,,,
2008-10-23,6.59,6.68,6.59,6.59,4500,29655.0,,,,,
2008-10-24,6.35,6.51,6.35,6.35,15760,100076.0,,,,,
2008-10-27,6.06,6.11,6.06,6.06,32600,197556.0,,,,,
2008-10-28,5.78,5.82,5.78,5.78,47310,273451.8,,,,,
2008-10-29,6.06,6.06,5.86,6.06,9410,57024.6,,,,,
2008-10-30,6.35,6.35,6.27,6.27,430,2696.1,,,,,
2008-10-31,6.27,6.27,6.19,6.27,2160,13543.2,,,,,
2008-11-03,5.98,6.02,5.98,5.98,8030,48019.4,,,,,
2008-11-04,5.78,6.27,5.78,6.27,2880,18057.6,,,,,
2008-11-05,6.55,6.55,6.55,6.55,29340,192177.0,,,,,
2008-11-06,6.55,6.55,6.27,6.27,1900,11913.0,,,,,
2008-11-07,5.98,6.02,5.98,6.02,5040,30340.8,,,,,
2008-11-10,5.66,6.02,5.66,5.7,44970,256329.0,,,,,
2008-11-11,5.86,5.86,5.54,5.54,16020,88750.8,,,,,
2008-11-12,5.54,5.7,5.54,5.7,1530,8721.0,,,,,
2008-11-13,5.5,5.9,5.5,5.86,2250,13185.0,,,,,
2008-11-14,6.11,6.11,5.58,5.58,14910,83197.8,,,,,
2008-11-17,5.58,5.7,5.58,5.62,2600,14612.0,,,,,
2008-11-18,5.62,5.7,5.58,5.7,5240,29868.0,,,,,
2008-11-19,5.7,5.7,5.58,5.62,6760,37991.2,,,,,
2008-11-20,5.45,5.62,5.45,5.5,4630,25465.0,,,,,
2008-11-21,5.37,5.54,5.37,5.5,5000,27500.0,,,,,
2008-11-24,5.45,5.62,5.45,5.62,610,3428.2000000000003,,,,,
2008-11-25,5.62,5.66,5.58,5.58,3300,18414.0,,,,,
2008-11-26,5.58,5.58,5.54,5.54,6380,35345.2,,,,,
2008-11-27,5.54,5.54,5.37,5.37,24490,131511.3,,,,,
2008-11-28,5.5,5.5,5.37,5.37,11330,60842.1,,,,,
2008-12-01,5.13,5.21,5.13,5.17,27820,143829.4,,,,,
2008-12-02,4.97,5.09,4.97,4.97,14150,70325.5,,,,,
2008-12-03,4.8,4.88,4.8,4.8,21950,105360.0,,,,,
2008-12-04,4.88,4.93,4.88,4.93,2240,11043.2,,,,,
2008-12-05,4.84,4.84,4.8,4.84,1800,8712.0,,,,,
2008-12-08,4.72,4.88,4.72,4.88,3090,15079.2,,,,,
2008-12-09,4.68,4.68,4.64,4.64,4050,18792.0,,,,,
2008-12-10,4.8,4.84,4.72,4.72,2330,10997.6,,,,,
2008-12-11,4.88,4.88,4.84,4.84,4200,20328.0,,,,,
2008-12-12,4.97,5.05,4.97,5.05,7810,39440.5,,,,,
2008-12-15,5.05,5.29,5.05,5.29,1360,7194.4,,,,,
2008-12-16,5.29,5.29,5.05,5.13,860,4411.8,,,,,
2008-12-17,4.97,5.37,4.97,5.37,22050,118408.5,,,,,
2008-12-18,5.58,5.62,5.58,5.62,30840,173320.80000000002,,,,,
2008-12-19,5.86,5.86,5.78,5.86,49280,288780.8,,,,,
2008-12-22,6.11,6.11,6.02,6.11,29040,177434.40000000002,,,,,
2008-12-23,6.11,6.11,5.82,5.82,7960,46327.2,,,,,
2008-12-24,5.54,5.86,5.54,5.86,3220,18869.2,,,,,
2008-12-25,5.58,5.78,5.58,5.78,2520,14565.6,,,,,
2008-12-26,5.82,5.82,5.82,5.82,330,1920.6,,,,,
2008-12-29,5.58,5.86,5.58,5.86,2540,14884.4,,,,,
2008-12-30,5.82,5.82,5.82,5.82,400,2328.0,,,,,
2008-12-31,6.11,6.11,6.11,6.11,3530,21568.300000000003,,,,,
2009-01-02,5.82,5.82,5.82,5.82,7090,41263.8,,,,,
2009-01-05,5.54,5.54,5.54,5.54,8930,49472.2,,,,,
2009-01-06,5.29,5.7,5.29,5.33,22680,120884.4,,,,,
2009-01-07,5.58,5.58,5.58,5.58,7860,43858.8,,,,,
2009-01-08,5.58,5.7,5.58,5.7,780,4446.0,,,,,
2009-01-09,5.7,5.7,5.7,5.7,420,2394.0,,,,,
2009-01-12,5.54,5.62,5.45,5.62,1330,7474.6,,,,,
2009-01-13,5.62,5.7,5.41,5.62,7760,43611.2,,,,,
2009-01-14,5.45,5.54,5.45,5.45,2400,13080.0,,,,,
2009-01-15,5.45,5.5,5.45,5.45,4080,22236.0,,,,,
2009-01-16,5.33,5.41,5.33,5.41,1350,7303.5,,,,,
2009-01-19,5.5,5.54,5.41,5.5,3820,21010.0,,,,,
2009-01-20,5.54,5.54,5.45,5.54,6400,35456.0,,,,,
2009-01-21,5.54,5.54,5.54,5.54,1000,5540.0,,,,,
2009-01-22,5.37,5.45,5.37,5.45,5760,31392.0,,,,,
2009-01-23,5.58,5.58,5.29,5.58,8310,46369.8,,,,,
2009-02-02,5.62,5.7,5.5,5.62,120,674.4,,,,,
2009-02-03,5.37,5.58,5.37,5.58,550,3069.0,,,,,
2009-02-04,5.58,5.58,5.45,5.54,2160,11966.4,,,,,
2009-02-05,5.54,5.62,5.29,5.54,1000,5540.0,,,,,
2009-02-06,5.5,5.5,5.41,5.45,10750,58587.5,,,,,
2009-02-09,5.45,5.54,5.37,5.45,2580,14061.0,,,,,
2009-02-10,5.54,5.54,5.5,5.5,70,385.0,,,,,
2009-02-11,5.29,5.37,5.29,5.29,2650,14018.5,,,,,
2009-02-12,5.37,5.41,5.05,5.05,20160,101808.0,,,,,
2009-02-13,5.05,5.13,5.05,5.13,7810,40065.3,,,,,
2009-02-16,5.13,5.13,4.97,5.13,2410,12363.3,,,,,
2009-02-17,5.13,5.29,5.09,5.13,4590,23546.7,,,,,
2009-02-18,5.13,5.13,4.88,4.88,11790,57535.2,,,,,
2009-02-19,4.8,4.88,4.72,4.88,18310,89352.8,,,,,
2009-02-20,4.72,4.72,4.64,4.72,20660,97515.2,,,,,
2009-02-23,4.56,4.56,4.52,4.52,19020,85970.4,,,,,
2009-02-24,4.31,4.31,4.31,4.31,23520,101371.2,,,,,
2009-02-25,4.4,4.4,4.31,4.4,11870,52228.00000000001,,,,,
2009-02-26,4.4,4.4,4.19,4.19,28510,119456.9,,,,,
2009-02-27,4.01,4.27,4.01,4.19,7320,30670.800000000003,,,,,
2009-03-02,4.11,4.36,3.99,4.07,25230,102686.1,,,,,
2009-03-03,4.07,4.15,4.07,4.07,9350,38054.5,,,,,
2009-03-04,4.11,4.11,4.07,4.11,3030,12453.3,,,,,
2009-03-05,4.23,4.23,4.07,4.11,10220,42004.2,,,,,
2009-03-06,4.11,4.11,3.99,4.07,14320,58282.4,,,,,
2009-03-09,4.07,4.07,4.07,4.07,4380,17826.600000000002,,,,,
2009-03-10,4.11,4.11,4.06,4.07,8770,35693.9,,,,,
2009-03-11,4.23,4.23,4.11,4.15,5010,20791.5,,,,,
2009-03-12,4.15,4.15,4.04,4.06,3330,13519.8,,,,,
2009-03-13,4.07,4.07,4.07,4.07,8500,34595.0,,,,,
2009-03-16,4.07,4.07,4.05,4.07,7900,32153.000000000004,,,,,
2009-03-17,4.07,4.11,4.04,4.07,14870,60520.9,,,,,
2009-03-18,4.19,4.27,4.19,4.27,41620,177717.4,,,,,
2009-03-19,4.23,4.23,4.07,4.23,15550,65776.5,,,,,
2009-03-20,4.19,4.19,4.19,4.19,1400,5866.000000000001,,,,,
2009-03-23,4.04,4.15,4.04,4.15,2030,8424.5,,,,,
2009-03-24,4.31,4.31,4.19,4.19,59800,250562.00000000003,,,,,
2009-03-25,4.11,4.19,4.07,4.15,7160,29714.000000000004,,,,,
2009-03-26,4.19,4.19,4.11,4.15,14930,61959.50000000001,,,,,
2009-03-27,4.15,4.15,4.11,4.11,18580,76363.8,,,,,
2009-03-30,4.11,4.11,4.03,4.04,19680,79507.2,,,,,
2009-03-31,3.96,3.99,3.96,3.96,6550,25938.0,,,,,
2009-04-01,4.05,4.07,4.0,4.07,11070,45054.9,,,,,
2009-04-02,4.07,4.07,4.03,4.07,16350,66544.5,,,,,
2009-04-03,4.11,4.15,4.07,4.07,73980,301098.60000000003,,,,,
2009-04-07,4.07,4.19,4.03,4.19,60400,253076.00000000003,,,,,
2009-04-08,4.15,4.19,4.15,4.15,21500,89225.00000000001,,,,,
2009-04-09,4.15,4.15,4.07,4.07,36550,148758.5,,,,,
2009-04-10,4.15,4.27,4.11,4.27,71830,306714.1,,,,,
2009-04-13,4.48,4.48,4.44,4.48,113200,507136.00000000006,,,,,
2009-04-14,4.48,4.64,4.36,4.48,33180,148646.40000000002,,,,,
2009-04-15,4.31,4.4,4.27,4.27,41360,176607.19999999998,,,,,
2009-04-16,4.23,4.31,4.11,4.15,134880,559752.0,,,,,
2009-04-17,4.36,4.36,4.27,4.36,125740,548226.4,,,,,
2009-04-20,4.56,4.56,4.4,4.48,143950,644896.0000000001,,,,,
2009-04-21,4.27,4.44,4.27,4.31,31820,137144.19999999998,,,,,
2009-04-22,4.36,4.44,4.36,4.44,81360,361238.4,,,,,
2009-04-23,4.44,4.48,4.4,4.44,82610,366788.4,,,,,
2009-04-24,4.44,4.48,4.36,4.36,91990,401076.4,,,,,
2009-04-27,4.44,4.44,4.36,4.4,33090,145596.0,,,,,
2009-04-28,4.4,4.48,4.4,4.48,22970,102905.6,,,,,
2009-04-29,4.56,4.68,4.52,4.68,68120,318801.6,,,,,
2009-05-04,4.88,4.88,4.88,4.88,10350,50508.0,,,,,
2009-05-05,5.13,5.13,5.13,5.13,32460,166519.8,,,,,
2009-05-06,4.97,5.05,4.88,4.88,50820,248001.6,,,,,
2009-05-07,4.88,5.13,4.88,5.13,62380,320009.4,,,,,
2009-05-08,4.93,5.09,4.88,4.88,55140,269083.2,,,,,
2009-05-11,5.01,5.01,4.88,4.88,22900,111752.0,,,,,
2009-05-12,4.76,4.88,4.68,4.88,13870,67685.59999999999,,,,,
2009-05-13,4.88,4.97,4.8,4.8,27060,129888.0,,,,,
2009-05-14,4.64,4.76,4.64,4.76,10570,50313.2,,,,,
2009-05-15,4.88,4.93,4.8,4.93,8530,42052.9,,,,,
2009-05-18,4.97,5.05,4.8,4.8,33620,161376.0,,,,,
2009-05-19,4.97,5.01,4.8,5.01,34510,172895.1,,,,,
2009-05-20,5.05,5.21,5.05,5.21,30000,156300.0,,,,,
2009-05-21,5.13,5.17,4.97,4.97,27600,137172.0,,,,,
2009-05-22,4.76,4.88,4.76,4.8,28450,136560.0,,,,,
2009-05-25,4.88,5.01,4.88,4.97,31600,157052.0,,,,,
2009-05-26,5.09,5.09,4.97,4.97,54670,271709.9,,,,,
2009-05-27,5.13,5.13,5.01,5.13,20090,103061.7,,,,,
2009-05-28,5.01,5.05,4.97,4.97,13810,68635.7,,,,,
2009-05-29,4.97,4.97,4.88,4.97,20960,104171.2,,,,,
2009-06-01,4.97,5.05,4.97,5.05,32510,164175.5,,,,,
2009-06-02,5.25,5.29,5.17,5.29,71000,375590.0,,,,,
2009-06-03,5.54,5.54,5.54,5.54,55380,306805.2,,,,,
2009-06-04,5.78,5.78,5.74,5.78,55180,318940.4,,,,,
2009-06-05,6.06,6.06,6.02,6.06,76700,464802.0,,,,,
2009-06-08,6.35,6.35,6.31,6.35,137370,872299.5,,,,,
2009-06-09,6.11,6.19,6.06,6.11,31780,194175.8,,,,,
2009-06-10,5.9,5.9,5.9,5.82,24080,140145.6,,,,,
2009-06-11,5.62,5.7,5.62,5.86,39520,231587.2,,,,,
2009-06-12,5.86,5.94,5.66,5.82,55250,321555.0,,,,,
2009-06-15,5.54,5.62,5.54,5.54,72760,403090.4,,,,,
2009-06-16,5.29,5.54,5.29,5.29,66920,354006.8,,,,,
2009-06-17,5.21,5.37,5.21,5.33,18560,98924.8,,,,,
2009-06-18,5.45,5.58,5.37,5.58,25010,139555.8,,,,,
2009-06-19,5.62,5.66,5.45,5.45,13360,72812.0,,,,,
2009-06-22,5.41,5.45,5.33,5.37,54660,293524.2,,,,,
2009-06-23,5.21,5.21,5.13,5.13,49990,256448.7,,,,,
2009-06-24,5.13,5.37,4.97,4.97,33740,167687.8,,,,,
2009-06-25,5.21,5.21,5.21,5.21,18160,94613.6,,,,,
2009-06-26,5.25,5.29,5.21,5.21,6230,32458.3,,,,,
2009-06-29,5.09,5.13,5.01,5.01,29430,147444.3,,,,,
2009-06-30,5.13,5.13,4.88,4.97,18830,93585.1,,,,,
2009-07-01,4.76,4.97,4.76,4.8,18880,90624.0,,,,,
2009-07-02,4.93,4.93,4.6,4.84,25690,124339.6,,,,,
2009-07-03,4.68,4.76,4.64,4.76,17810,84775.59999999999,,,,,
2009-07-06,4.84,4.97,4.72,4.97,11870,58993.9,,,,,
2009-07-07,5.05,5.05,4.72,5.05,64990,328199.5,,,,,
2009-07-08,4.88,5.01,4.88,5.01,4550,22795.5,,,,,
2009-07-09,5.05,5.05,4.93,5.05,40170,202858.5,,,,,
2009-07-10,5.05,5.05,4.93,4.93,4720,23269.6,,,,,
2009-07-13,4.84,4.84,4.8,4.84,12440,60209.6,,,,,
2009-07-14,4.93,4.93,4.72,4.88,10420,50849.6,,,,,
2009-07-15,4.8,5.01,4.8,4.88,8860,43236.8,,,,,
2009-07-16,4.97,4.97,4.8,4.88,9350,45628.0,,,,,
2009-07-17,4.88,4.88,4.88,4.88,2050,10004.0,,,,,
2009-07-20,4.68,4.72,4.68,4.72,4390,20720.8,,,,,
2009-07-21,4.72,4.8,4.72,4.8,5840,28032.0,,,,,
2009-07-22,4.93,4.93,4.88,4.88,5960,29084.8,,,,,
2009-07-23,4.88,5.01,4.88,5.01,22140,110921.4,,,,,
2009-07-24,5.25,5.25,5.21,5.25,22930,120382.5,,,,,
2009-07-27,5.25,5.29,5.05,5.13,13930,71460.9,,,,,
2009-07-28,4.93,5.05,4.88,4.88,18540,90475.2,,,,,
2009-07-29,4.97,4.97,4.88,4.88,20290,99015.2,,,,,
2009-07-30,4.88,4.97,4.88,4.93,26270,129511.1,,,,,
2009-07-31,4.93,4.97,4.88,4.93,15480,76316.4,,,,,
2009-08-03,4.93,4.97,4.88,4.88,8970,43773.6,,,,,
2009-08-04,5.01,5.01,4.88,4.97,8720,43338.4,,,,,
2009-08-05,4.97,5.05,4.93,5.05,8480,42824.0,,,,,
2009-08-06,5.09,5.09,5.05,5.05,15510,78325.5,,,,,
2009-08-07,5.05,5.05,5.01,5.05,11720,59186.0,,,,,
2009-08-10,5.05,5.21,5.01,5.13,27350,140305.5,,,,,
2009-08-11,5.25,5.37,5.21,5.37,39790,213672.3,,,,,
2009-08-12,5.62,5.62,5.45,5.5,27850,153175.0,,,,,
2009-08-13,5.54,5.66,5.5,5.62,33200,186584.0,,,,,
2009-08-14,5.54,5.62,5.5,5.5,29130,160215.0,,,,,
2009-08-17,5.62,5.62,5.5,5.5,36790,202345.0,,,,,
2009-08-18,5.29,5.5,5.29,5.37,8400,45108.0,,,,,
2009-08-19,5.41,5.54,5.41,5.5,5100,28050.0,,,,,
2009-08-20,5.45,5.62,5.45,5.62,19660,110489.2,,,,,
2009-08-21,5.62,5.66,5.58,5.62,39510,222046.2,,,,,
2009-08-24,5.62,5.62,5.54,5.58,5390,30076.2,,,,,
2009-08-25,5.37,5.5,5.37,5.45,44430,242143.5,,,,,
2009-08-26,5.58,5.66,5.54,5.58,31640,176551.2,,,,,
2009-08-27,5.5,5.62,5.5,5.54,2580,14293.2,,,,,
2009-08-28,5.58,5.58,5.54,5.58,16960,94636.8,,,,,
2009-08-31,5.66,5.66,5.58,5.66,25280,143084.80000000002,,,,,
2009-09-01,5.54,5.58,5.54,5.54,8540,47311.6,,,,,
2009-09-03,5.62,5.62,5.33,5.62,66940,376202.8,,,,,
2009-09-04,5.62,5.62,5.58,5.62,27780,156123.6,,,,,
2009-09-07,5.62,5.62,5.5,5.62,19410,109084.2,,,,,
2009-09-08,5.7,5.74,5.66,5.7,9320,53124.0,,,,,
2009-09-09,5.62,5.74,5.62,5.62,16940,95202.8,,,,,
2009-09-10,5.58,5.58,5.54,5.58,4050,22599.0,,,,,
2009-09-11,5.62,5.7,5.62,5.62,12440,69912.8,,,,,
2009-09-14,5.66,5.78,5.62,5.7,33490,190893.0,,,,,
2009-09-15,5.7,5.7,5.62,5.62,18520,104082.4,,,,,
2009-09-16,5.7,5.86,5.7,5.86,42330,248053.8,,,,,
2009-09-17,5.86,6.02,5.74,6.02,40840,245856.8,,,,,
2009-09-18,6.11,6.15,6.02,6.06,36780,222886.8,,,,,
2009-09-21,6.06,6.11,5.94,6.02,19160,115343.2,,,,,
2009-09-22,6.02,6.02,5.82,5.9,13660,80594.0,,,,,
2009-09-23,5.9,6.02,5.9,5.98,56200,336076.0,,,,,
2009-09-24,5.78,6.02,5.78,6.02,22910,137918.19999999998,,,,,
2009-09-25,6.02,6.31,5.94,6.31,36000,227160.0,,,,,
2009-09-28,6.51,6.59,6.47,6.59,44270,291739.3,,,,,
2009-09-29,6.92,6.92,6.76,6.84,27680,189331.2,,,,,
2009-09-30,6.59,6.59,6.51,6.51,25910,168674.1,,,,,
2009-10-01,6.31,6.31,6.19,6.27,13720,86024.4,,,,,
2009-10-02,6.11,6.11,6.02,6.11,31450,192159.5,,,,,
2009-10-05,6.23,6.35,6.11,6.27,8720,54674.4,,,,,
2009-10-06,6.27,6.39,6.23,6.39,33670,215151.3,,,,,
2009-10-07,6.68,6.68,6.39,6.68,11670,77955.59999999999,,,,,
2009-10-08,6.84,6.84,6.72,6.76,5390,36436.4,,,,,
2009-10-09,6.84,6.84,6.76,6.8,20050,136340.0,,,,,
2009-10-12,6.68,6.8,6.59,6.8,14360,97648.0,,,,,
2009-10-13,6.8,6.8,6.47,6.76,8620,58271.2,,,,,
2009-10-14,6.76,6.84,6.47,6.76,17740,119922.4,,,,,
2009-10-15,6.88,7.08,6.88,7.08,44880,317750.4,,,,,
2009-10-16,7.0,7.0,6.92,7.0,6930,48510.0,,,,,
2009-10-19,6.76,7.04,6.76,7.0,3750,26250.0,,,,,
2009-10-20,7.2,7.2,6.84,6.84,3060,20930.4,,,,,
2009-10-21,6.84,7.04,6.84,7.0,23770,166390.0,,,,,
2009-10-22,7.04,7.04,6.88,7.04,12350,86944.0,,,,,
2009-10-23,7.04,7.04,6.84,6.84,57440,392889.6,,,,,
2009-10-26,6.55,6.92,6.55,6.63,42970,284891.1,,,,,
2009-10-27,6.68,6.72,6.63,6.63,13990,92753.7,,,,,
2009-10-28,6.63,6.68,6.63,6.63,16630,110256.9,,,,,
2009-10-29,6.51,6.63,6.47,6.63,20310,134655.3,,,,,
2009-10-30,6.51,6.76,6.51,6.51,17060,111060.6,,,,,
2009-11-02,6.51,6.51,6.27,6.35,39330,249745.5,,,,,
2009-11-03,6.19,6.59,6.19,6.43,31830,204666.9,,,,,
2009-11-04,6.43,6.63,6.43,6.51,21110,137426.1,,,,,
2009-11-05,6.68,6.68,6.51,6.68,9470,63259.6,,,,,
2009-11-06,6.59,6.88,6.59,6.76,4450,30082.0,,,,,
2009-11-09,6.59,6.68,6.59,6.68,8420,56245.6,,,,,
2009-11-10,6.59,6.68,6.59,6.68,3500,23380.0,,,,,
2009-11-11,6.51,6.84,6.51,6.84,10470,71614.8,,,,,
2009-11-12,6.84,6.92,6.84,6.92,41720,288702.4,,,,,
2009-11-13,6.92,6.92,6.84,6.88,900,6192.0,,,,,
2009-11-16,6.88,6.88,6.88,6.88,0,0.0,,,,,
2009-11-17,6.59,6.88,6.59,6.59,730,4810.7,,,,,
2009-11-18,6.59,6.84,6.35,6.84,12930,88441.2,,,,,
2009-11-19,6.84,6.84,6.84,6.84,1050,7182.0,,,,,
2009-11-20,6.84,6.84,6.68,6.68,3410,22778.8,,,,,
2009-11-23,6.55,6.68,6.55,6.55,590,3864.5,,,,,
2009-11-24,6.76,6.76,6.35,6.76,5500,37180.0,,,,,
2009-11-25,6.76,6.84,6.47,6.76,13250,89570.0,,,,,
2009-11-26,6.43,6.51,6.43,6.43,610,3922.3,,,,,
2009-11-27,6.19,6.55,6.19,6.55,4600,30130.0,,,,,
2009-11-30,6.59,6.59,6.55,6.59,630,4151.7,,,,,
2009-12-01,6.55,6.76,6.55,6.76,1250,8450.0,,,,,
2009-12-02,6.8,6.8,6.47,6.68,5680,37942.4,,,,,
2009-12-03,6.51,6.51,6.51,6.51,10320,67183.2,,,,,
2009-12-04,6.35,6.35,6.35,6.35,300,1905.0,,,,,
2009-12-07,6.19,6.19,6.06,6.06,7510,45510.6,,,,,
2009-12-08,6.06,6.19,5.9,5.9,7500,44250.0,,,,,
2009-12-09,5.62,5.62,5.62,5.62,5900,33158.0,,,,,
2009-12-10,5.37,5.62,5.37,5.37,23000,123510.0,,,,,
2009-12-11,5.45,5.62,5.41,5.62,29310,164722.2,,,,,
2009-12-14,5.7,5.7,5.7,5.7,3390,19323.0,,,,,
2009-12-15,5.94,5.94,5.78,5.94,5700,33858.0,,,,,
2009-12-16,5.94,5.94,5.82,5.86,8130,47641.8,,,,,
2009-12-17,5.86,5.86,5.78,5.86,20840,122122.4,,,,,
2009-12-18,6.15,6.15,5.86,6.15,6370,39175.5,,,,,
2009-12-21,6.43,6.43,6.11,6.43,5850,37615.5,,,,,
2009-12-22,6.68,6.72,6.55,6.59,13360,88042.4,,,,,
2009-12-23,6.59,6.59,6.59,6.59,520,3426.8,,,,,
2009-12-24,6.51,6.51,6.51,6.51,3010,19595.1,,,,,
2009-12-25,6.51,6.51,6.39,6.51,7710,50192.1,,,,,
2009-12-28,6.51,6.51,6.19,6.35,11090,70421.5,,,,,
2009-12-29,6.51,6.55,6.06,6.55,22710,148750.5,,,,,
2009-12-30,6.88,6.88,6.55,6.88,9960,68524.8,,,,,
2009-12-31,6.88,6.88,6.84,6.88,15330,105470.4,,,,,
2010-01-04,6.96,6.96,6.84,6.84,6260,42818.4,,,,,
2010-01-05,6.59,6.8,6.59,6.59,2930,19308.7,,,,,
2010-01-06,6.72,6.72,6.35,6.35,2780,17653.0,,,,,
2010-01-07,6.55,6.55,6.23,6.23,1110,6915.3,,,,,
2010-01-08,6.23,6.27,6.23,6.23,12010,74822.3,,,,,
2010-01-11,6.47,6.47,6.27,6.27,420,2633.4,,,,,
2010-01-12,6.27,6.27,6.11,6.11,4190,25600.9,,,,,
2010-01-13,6.11,6.19,6.11,6.11,7800,47658.0,,,,,
2010-01-14,6.11,6.27,6.11,6.27,1380,8652.599999999999,,,,,
2010-01-15,6.23,6.23,6.23,6.23,1200,7476.000000000001,,,,,
2010-01-18,6.11,6.11,6.11,6.11,2490,15213.9,,,,,
2010-01-19,5.94,6.11,5.86,5.86,31170,182656.2,,,,,
2010-01-20,5.82,5.94,5.58,5.58,32340,180457.2,,,,,
2010-01-21,5.58,5.58,5.37,5.37,15380,82590.6,,,,,
2010-01-22,5.33,5.37,5.21,5.21,13180,68667.8,,,,,
2010-01-25,5.45,5.45,5.29,5.29,3850,20366.5,,,,,
2010-01-26,5.29,5.54,5.29,5.45,38460,209607.0,,,,,
2010-01-27,5.45,5.54,5.37,5.37,4810,25829.7,,,,,
2010-01-28,5.29,5.54,5.29,5.37,6040,32434.8,,,,,
2010-01-29,5.21,5.54,5.21,5.29,12640,66865.6,,,,,
2010-02-01,5.21,5.29,5.21,5.21,7660,39908.6,,,,,
2010-02-02,5.21,5.45,5.21,5.29,9190,48615.1,,,,,
2010-02-03,5.29,5.54,5.29,5.54,19790,109636.6,,,,,
2010-02-04,5.74,5.74,5.62,5.62,43490,244413.8,,,,,
2010-02-05,5.62,5.74,5.62,5.62,21900,123078.0,,,,,
2010-02-08,5.66,5.66,5.37,5.37,16090,86403.3,,,,,
2010-02-09,5.21,5.33,5.21,5.21,32850,171148.5,,,,,
2010-02-10,5.25,5.45,5.25,5.45,40310,219689.5,,,,,
2010-02-11,5.29,5.54,5.29,5.54,21400,118556.0,,,,,
2010-02-12,5.45,5.66,5.45,5.54,21390,118500.6,,,,,
2010-02-22,5.54,5.66,5.54,5.62,25120,141174.4,,,,,
2010-02-23,5.62,5.66,5.62,5.62,65620,368784.4,,,,,
2010-02-24,5.62,5.66,5.62,5.62,24620,138364.4,,,,,
2010-02-25,5.62,5.62,5.58,5.62,52400,294488.0,,,,,
2010-02-26,5.7,5.7,5.7,5.7,150,855.0,,,,,
2010-03-01,5.78,5.78,5.7,5.7,2920,16644.0,,,,,
2010-03-02,5.66,5.7,5.54,5.66,1570,8886.2,,,,,
2010-03-03,5.7,5.7,5.54,5.7,360,2052.0,,,,,
2010-03-04,5.7,5.74,5.7,5.74,10620,60958.8,,,,,
2010-03-05,5.7,5.74,5.7,5.7,8150,46455.0,,,,,
2010-03-08,5.78,5.78,5.74,5.74,2380,13661.2,,,,,
2010-03-09,5.78,5.9,5.74,5.9,27900,164610.0,,,,,
2010-03-10,5.98,5.98,5.7,5.7,6670,38019.0,,,,,
2010-03-11,5.9,5.9,5.54,5.86,40110,235044.6,,,,,
2010-03-12,5.86,5.86,5.86,5.86,1300,7618.0,,,,,
2010-03-15,5.78,5.78,5.78,5.78,1690,9768.2,,,,,
2010-03-16,5.86,5.86,5.7,5.7,1390,7923.0,,,,,
2010-03-17,5.78,5.78,5.78,5.78,8800,50864.0,,,,,
2010-03-18,5.7,5.78,5.7,5.78,11880,68666.40000000001,,,,,
2010-03-19,5.78,5.78,5.78,5.78,11000,63580.0,,,,,
2010-03-22,5.82,5.82,5.78,5.82,2890,16819.8,,,,,
2010-03-23,5.82,6.11,5.82,6.11,22990,140468.9,,,,,
2010-03-24,6.11,6.11,6.06,6.11,3130,19124.3,,,,,
2010-03-25,5.9,6.11,5.9,6.11,250,1527.5,,,,,
2010-03-26,5.98,5.98,5.94,5.98,920,5501.6,,,,,
2010-03-29,5.98,5.98,5.86,5.86,3670,21506.2,,,,,
2010-03-30,5.86,5.86,5.86,5.86,700,4102.0,,,,,
2010-03-31,5.82,5.82,5.82,5.82,2100,12222.0,,,,,
2010-04-01,5.86,5.98,5.82,5.98,40100,239798.00000000003,,,,,
2010-04-02,6.06,6.06,5.98,6.02,19370,116607.4,,,,,
2010-04-05,6.02,6.02,5.98,5.98,12390,74092.20000000001,,,,,
2010-04-06,5.98,6.02,5.86,5.86,11450,67097.0,,,,,
2010-04-07,5.86,5.86,5.86,5.86,1560,9141.6,,,,,
2010-04-08,6.11,6.11,5.9,5.9,610,3599.0,,,,,
2010-04-09,5.82,5.9,5.74,5.74,2580,14809.2,,,,,
2010-04-12,5.78,5.78,5.74,5.78,1660,9594.8,,,,,
2010-04-13,5.7,5.74,5.58,5.62,20030,112568.6,,,,,
2010-04-14,5.7,5.7,5.66,5.7,3250,18525.0,,,,,
2010-04-15,5.7,5.74,5.66,5.7,21200,120840.0,,,,,
2010-04-16,5.7,5.7,5.62,5.62,16580,93179.6,,,,,
2010-04-19,5.62,5.87,5.62,5.66,5010,28356.6,,,,,
2010-04-20,5.74,5.74,5.66,5.74,2020,11594.8,,,,,
2010-04-21,5.74,5.74,5.66,5.66,5800,32828.0,,,,,
2010-04-22,5.7,5.7,5.66,5.66,5730,32431.8,,,,,
2010-04-26,5.7,5.7,5.66,5.66,6310,35714.6,,,,,
2010-04-27,5.66,5.7,5.66,5.7,8220,46854.0,,,,,
2010-04-28,5.74,5.74,5.66,5.74,2610,14981.4,,,,,
2010-04-29,5.74,5.74,5.7,5.74,7330,42074.2,,,,,
2010-05-04,5.87,5.87,5.74,5.87,32860,192888.2,,,,,
2010-05-05,5.87,5.87,5.87,5.87,38500,225995.0,,,,,
2010-05-06,5.83,5.87,5.78,5.87,14310,83999.7,,,,,
2010-05-07,5.83,5.83,5.66,5.66,28550,161593.0,,,,,
2010-05-10,5.7,5.7,5.7,5.7,1170,6669.0,,,,,
2010-05-11,5.87,5.87,5.7,5.7,1480,8436.0,,,,,
2010-05-12,5.7,5.74,5.62,5.74,4480,25715.2,,,,,
2010-05-13,5.7,5.7,5.7,5.7,1010,5757.0,,,,,
2010-05-14,5.7,5.74,5.7,5.7,4580,26106.0,,,,,
2010-05-17,5.58,5.7,5.53,5.58,4300,23994.0,,,,,
2010-05-18,5.66,5.66,5.66,5.66,150,849.0,,,,,
2010-05-19,5.66,5.66,5.45,5.45,5150,28067.5,,,,,
2010-05-20,5.32,5.53,5.28,5.53,1210,6691.3,,,,,
2010-05-21,5.37,5.45,5.37,5.45,870,4741.5,,,,,
2010-05-24,5.45,5.45,5.45,5.45,3000,16350.0,,,,,
2010-05-25,5.28,5.28,5.28,5.28,4010,21172.8,,,,,
2010-05-26,5.41,5.41,5.41,5.41,410,2218.1,,,,,
2010-05-27,5.41,5.41,5.37,5.41,350,1893.5,,,,,
2010-05-28,5.58,5.58,5.53,5.58,810,4519.8,,,,,
2010-05-31,5.62,5.62,5.53,5.53,5200,28756.0,,,,,
2010-06-01,5.49,5.49,5.49,5.49,1000,5490.0,,,,,
2010-06-02,5.66,5.66,5.66,5.66,10,56.6,,,,,
2010-06-03,5.49,5.62,5.49,5.62,1020,5732.400000000001,,,,,
2010-06-04,5.53,5.74,5.41,5.41,1200,6492.0,,,,,
2010-06-07,5.28,5.28,5.28,5.28,10,52.8,,,,,
2010-06-08,5.28,5.28,5.28,5.28,3860,20380.8,,,,,
2010-06-09,5.28,5.28,5.28,5.28,1710,9028.8,,,,,
2010-06-10,5.53,5.53,5.28,5.53,710,3926.3,,,,,
2010-06-11,5.7,5.7,5.7,5.7,10,57.0,,,,,
2010-06-14,5.45,5.7,5.45,5.45,20,109.0,,,,,
2010-06-15,5.28,5.41,5.28,5.28,610,3220.8,,,,,
2010-06-16,5.41,5.41,5.32,5.41,1030,5572.3,,,,,
2010-06-17,5.41,5.41,5.41,5.41,0,0.0,,,,,
2010-06-18,5.37,5.37,5.37,5.37,100,537.0,,,,,
2010-06-21,5.37,5.37,5.32,5.37,1430,7679.1,,,,,
2010-06-22,5.37,5.37,5.37,5.37,50,268.5,,,,,
2010-06-23,5.32,5.37,5.28,5.32,1560,8299.2,,,,,
2010-06-24,5.32,5.32,5.28,5.32,4050,21546.0,,,,,
2010-06-25,5.28,5.28,5.28,5.28,2440,12883.2,,,,,
2010-06-28,5.28,5.28,5.28,5.28,100,528.0,,,,,
2010-06-29,5.24,5.24,5.24,5.24,1490,7807.6,,,,,
2010-06-30,5.2,5.2,5.16,5.16,3410,17595.600000000002,,,,,
2010-07-01,5.16,5.16,5.16,5.16,4030,20794.8,,,,,
2010-07-02,5.16,5.28,5.16,5.28,9590,50635.2,,,,,
2010-07-05,5.41,5.41,5.28,5.41,1160,6275.6,,,,,
2010-07-06,5.37,5.37,5.37,5.37,1000,5370.0,,,,,
2010-07-07,5.37,5.37,5.37,5.37,300,1611.0,,,,,
2010-07-08,5.37,5.37,5.37,5.37,0,0.0,,,,,
2010-07-09,5.11,5.11,5.11,5.11,500,2555.0,,,,,
2010-07-12,5.11,5.11,5.11,5.11,0,0.0,,,,,
2010-07-13,5.37,5.37,5.37,5.37,350,1879.5,,,,,
2010-07-14,5.53,5.53,5.53,5.53,50,276.5,,,,,
2010-07-15,5.53,5.53,5.41,5.53,2400,13272.0,,,,,
2010-07-16,5.53,5.53,5.53,5.53,0,0.0,,,,,
2010-07-19,5.28,5.37,5.28,5.28,250,1320.0,,,,,
2010-07-20,5.32,5.32,5.32,5.32,2000,10640.0,,,,,
2010-07-21,5.32,5.32,5.32,5.32,100,532.0,,,,,
2010-07-22,5.32,5.32,5.28,5.32,800,4256.0,,,,,
2010-07-23,5.37,5.37,5.37,5.37,10,53.7,,,,,
2010-07-26,5.37,5.37,5.37,5.37,0,0.0,,,,,
2010-07-27,5.37,5.37,5.37,5.37,400,2148.0,,,,,
2010-07-28,5.37,5.37,5.37,5.37,17800,95586.0,,,,,
2010-07-29,5.2,5.37,5.2,5.37,810,4349.7,,,,,
2010-07-30,5.37,5.37,5.37,5.37,0,0.0,,,,,
2010-08-02,5.37,5.37,5.37,5.37,200,1074.0,,,,,
2010-08-03,5.28,5.28,5.28,5.28,500,2640.0,,,,,
2010-08-04,5.2,5.2,5.2,5.2,600,3120.0,,,,,
2010-08-05,5.2,5.2,5.2,5.2,0,0.0,,,,,
2010-08-06,5.28,5.28,4.95,5.28,2220,11721.6,,,,,
2010-08-09,5.28,5.28,5.07,5.07,490,2484.3,,,,,
2010-08-10,5.07,5.07,5.07,5.07,0,0.0,,,,,
2010-08-11,5.07,5.11,5.07,5.07,310,1571.7,,,,,
2010-08-12,4.99,5.11,4.99,4.99,17620,87923.8,,,,,
2010-08-13,4.99,4.99,4.95,4.99,10480,52295.2,,,,,
2010-08-16,5.03,5.07,5.03,5.03,11870,59706.100000000006,,,,,
2010-08-17,5.03,5.03,5.03,5.03,3290,16548.7,,,,,
2010-08-18,5.03,5.03,5.03,5.03,7150,35964.5,,,,,
2010-08-19,5.03,5.03,5.03,5.03,2390,12021.7,,,,,
2010-08-20,5.03,5.03,5.03,5.03,5610,28218.300000000003,,,,,
2010-08-23,4.95,4.95,4.95,4.95,800,3960.0,,,,,
2010-08-24,4.74,5.16,4.74,4.74,30,142.20000000000002,,,,,
2010-08-25,4.86,4.86,4.86,4.86,1000,4860.0,,,,,
2010-08-26,4.95,4.95,4.95,4.95,100,495.0,,,,,
2010-08-27,4.74,4.86,4.74,4.74,3530,16732.2,,,,,
2010-08-30,4.95,4.95,4.95,4.95,320,1584.0,,,,,
2010-08-31,5.16,5.16,5.16,5.16,7410,38235.6,,,,,
2010-09-01,5.03,5.16,5.03,5.03,2200,11066.0,,,,,
2010-09-06,5.03,5.03,5.03,5.03,0,0.0,,,,,
2010-09-07,5.03,5.03,4.82,4.82,110,530.2,,,,,
2010-09-08,4.78,4.86,4.78,4.78,1400,6692.0,,,,,
2010-09-09,4.86,4.86,4.86,4.86,7450,36207.0,,,,,
2010-09-10,4.86,4.86,4.86,4.86,2000,9720.0,,,,,
2010-09-13,4.86,4.86,4.86,4.86,1700,8262.0,,,,,
2010-09-14,4.86,4.95,4.86,4.95,2990,14800.5,,,,,
2010-09-15,4.95,4.95,4.95,4.95,0,0.0,,,,,
2010-09-16,4.95,4.95,4.95,4.95,0,0.0,,,,,
2010-09-17,4.95,4.95,4.86,4.95,6000,29700.0,,,,,
2010-09-20,4.99,4.99,4.74,4.99,2060,10279.4,,,,,
2010-09-21,4.95,4.95,4.95,4.95,200,990.0,,,,,
2010-09-22,4.95,4.95,4.95,4.95,0,0.0,,,,,
2010-09-23,4.74,4.9,4.74,4.9,3500,17150.0,,,,,
2010-09-24,4.9,4.9,4.78,4.78,300,1434.0,,,,,
2010-09-27,4.86,4.86,4.65,4.86,260,1263.6,,,,,
2010-09-28,4.86,4.86,4.86,4.86,0,0.0,,,,,
2010-09-29,4.65,5.03,4.65,4.86,2050,9963.0,,,,,
2010-09-30,4.95,4.95,4.95,4.95,2100,10395.0,,,,,
2010-10-01,4.95,4.95,4.95,4.95,500,2475.0,,,,,
2010-10-04,4.95,4.95,4.95,4.95,0,0.0,,,,,
2010-10-05,5.07,5.07,5.07,5.07,1730,8771.1,,,,,
2010-10-06,5.03,5.03,5.03,5.03,900,4527.0,,,,,
2010-10-07,5.03,5.03,5.03,5.03,0,0.0,,,,,
2010-10-08,5.03,5.03,5.03,5.03,0,0.0,,,,,
2010-10-11,5.03,5.03,5.03,5.03,0,0.0,,,,,
2010-10-12,5.03,5.03,5.03,5.03,0,0.0,,,,,
2010-10-13,4.78,4.78,4.78,4.78,220,1051.6,,,,,
2010-10-14,4.78,4.78,4.78,4.78,170,812.6,,,,,
2010-10-15,4.78,4.78,4.74,4.78,670,3202.6000000000004,,,,,
2010-10-18,4.99,4.99,4.99,4.99,660,3293.4,,,,,
2010-10-19,4.99,4.99,4.99,4.99,0,0.0,,,,,
2010-10-20,4.9,4.9,4.78,4.9,3200,15680.000000000002,,,,,
2010-10-21,4.86,4.86,4.7,4.86,1030,5005.8,,,,,
2010-10-22,4.86,4.86,4.78,4.78,1200,5736.0,,,,,
2010-10-25,4.78,4.78,4.78,4.78,0,0.0,,,,,
2010-10-26,4.78,4.78,4.61,4.78,5090,24330.2,,,,,
2010-10-27,4.78,4.78,4.78,4.78,0,0.0,,,,,
2010-10-28,4.78,4.78,4.78,4.78,10,47.8,,,,,
2010-10-29,4.78,4.78,4.78,4.78,100,478.0,,,,,
2010-11-01,4.61,4.61,4.61,4.61,500,2305.0,,,,,
2010-11-02,4.61,4.61,4.61,4.61,70,322.70000000000005,,,,,
2010-11-03,4.78,4.78,4.78,4.78,100,478.0,,,,,
2010-11-04,4.78,4.78,4.61,4.78,1040,4971.2,,,,,
2010-11-05,4.78,4.9,4.78,4.9,5180,25382.000000000004,,,,,
2010-11-08,4.9,4.9,4.9,4.9,10580,51842.00000000001,,,,,
2010-11-09,4.95,4.95,4.95,4.95,5000,24750.0,,,,,
2010-11-10,4.9,4.9,4.9,4.9,500,2450.0,,,,,
2010-11-11,4.86,4.86,4.86,4.86,2000,9720.0,,,,,
2010-11-12,4.86,4.86,4.86,4.86,0,0.0,,,,,
2010-11-15,4.86,4.86,4.86,4.86,0,0.0,,,,,
2010-11-16,4.86,4.86,4.86,4.86,0,0.0,,,,,
2010-11-17,4.86,4.86,4.86,4.86,0,0.0,,,,,
2010-11-18,4.86,4.86,4.86,4.86,0,0.0,,,,,
2010-11-19,4.86,4.86,4.86,4.86,900,4374.0,,,,,
2010-11-22,4.78,4.78,4.78,4.78,3400,16252.0,,,,,
2010-11-23,4.78,4.78,4.7,4.78,27850,133123.0,,,,,
2010-11-24,4.74,4.74,4.7,4.74,11000,52140.0,,,,,
2010-11-25,4.7,4.7,4.7,4.7,11500,54050.0,,,,,
2010-11-26,4.86,4.86,4.82,4.82,26900,129658.0,,,,,
2010-11-29,4.82,4.82,4.82,4.82,3000,14460.0,,,,,
2010-11-30,4.86,4.86,4.82,4.86,2200,10692.0,,,,,
2010-12-01,4.99,4.99,4.78,4.99,5000,24950.0,,,,,
2010-12-02,5.03,5.03,5.03,5.03,200,1006.0,,,,,
2010-12-03,5.03,5.07,4.99,5.03,72270,363518.1,,,,,
2010-12-06,5.03,5.11,4.95,5.03,80100,402903.0,,,,,
2010-12-07,5.07,5.07,5.03,5.07,15160,76861.2,,,,,
2010-12-08,5.16,5.16,4.95,4.99,69540,347004.60000000003,,,,,
2010-12-09,5.03,5.03,4.99,4.99,73000,364270.0,,,,,
2010-12-10,5.03,5.07,5.03,5.03,17330,87169.90000000001,,,,,
2010-12-13,5.2,5.28,5.16,5.2,3420,17784.0,,,,,
2010-12-14,5.28,5.37,5.24,5.28,6910,36484.8,,,,,
2010-12-15,5.41,5.41,5.37,5.37,16310,87584.7,,,,,
2010-12-16,5.45,5.45,5.45,5.45,3000,16350.0,,,,,
2010-12-17,5.2,5.45,5.2,5.45,5910,32209.5,,,,,
2010-12-20,5.24,5.24,5.24,5.24,1200,6288.0,,,,,
2010-12-21,5.41,5.41,5.2,5.41,5420,29322.2,,,,,
2010-12-22,5.41,5.41,5.37,5.41,16800,90888.0,,,,,
2010-12-23,5.24,5.24,5.16,5.24,5500,28820.0,,,,,
2010-12-24,4.99,4.99,4.99,4.99,1520,7584.8,,,,,
2010-12-27,4.99,4.99,4.99,4.99,4030,20109.7,,,,,
2010-12-28,4.86,5.2,4.78,5.2,12830,66716.0,,,,,
2010-12-29,5.01,5.43,5.01,5.43,11000,59730.0,,,,,
2010-12-30,5.43,5.62,5.39,5.62,10100,56762.0,,,,,
2010-12-31,5.62,5.81,5.58,5.81,30500,177205.0,,,,,
2011-01-04,5.81,5.58,5.58,5.58,100,558.0,,,,,
2011-01-05,5.58,5.58,5.34,5.34,3490,18636.6,,,,,
2011-01-06,5.34,5.34,5.29,5.29,1640,8675.6,,,,,
2011-01-07,5.29,5.43,5.43,5.43,10,54.3,,,,,
2011-01-10,5.43,5.43,5.2,5.2,720,3744.0,,,,,
2011-01-11,5.1,5.2,5.01,5.2,1010,5252.0,,,,,
2011-01-12,5.1,5.29,5.01,5.29,2020,10685.8,,,,,
2011-01-13,5.29,5.29,5.1,5.29,190,1005.1,,,,,
2011-01-14,5.06,5.06,5.06,5.06,13290,67247.4,,,,,
2011-01-17,5.06,5.06,5.06,5.06,1050,5313.0,,,,,
2011-01-18,5.06,5.06,5.06,5.06,580,2934.8,,,,,
2011-01-19,5.01,5.06,4.91,5.01,1570,7865.7,,,,,
2011-01-20,5.01,5.01,4.91,4.91,780,3829.8,,,,,
2011-01-21,4.91,4.91,4.87,4.87,550,2678.5,,,,,
2011-01-24,4.87,4.87,4.87,4.87,1500,7305.0,,,,,
2011-01-25,4.73,4.82,4.68,4.68,1930,9032.4,,,,,
2011-01-26,4.87,4.87,4.87,4.87,10,48.7,,,,,
2011-01-27,4.96,4.96,4.96,4.96,10,49.6,,,,,
2011-01-28,5.1,5.1,4.72,4.72,1170,5522.4,,,,,
2011-02-08,4.73,4.73,4.72,4.72,700,3304.0,,,,,
2011-02-09,4.72,4.77,4.49,4.49,1910,8575.9,,,,,
2011-02-10,4.54,4.71,4.54,4.71,2460,11586.6,,,,,
2011-02-11,4.73,4.73,4.73,4.73,950,4493.5,,,,,
2011-02-14,4.73,4.73,4.73,4.73,2440,11541.2,,,,,
2011-02-15,4.7,4.7,4.7,4.7,10,47.0,,,,,
2011-02-16,4.7,4.7,4.7,4.7,0,0.0,,,,,
2011-02-17,4.55,4.69,4.54,4.54,2480,11259.2,,,,,
2011-02-18,4.72,4.73,4.55,4.63,3560,16482.8,,,,,
2011-02-21,4.54,4.73,4.54,4.54,2520,11440.8,,,,,
2011-02-22,4.54,4.54,4.31,4.31,3080,13274.8,,,,,
2011-02-23,4.31,4.52,4.31,4.52,1020,4610.4,,,,,
2011-02-24,4.3,4.44,4.3,4.44,130,577.2,,,,,
2011-02-25,4.62,4.62,4.36,4.62,520,2402.4,,,,,
2011-02-28,4.63,4.63,4.63,4.63,300,1389.0,,,,,
2011-03-01,4.63,4.63,4.41,4.63,1250,5787.5,,,,,
2011-03-02,4.41,4.58,4.41,4.58,90,412.2,,,,,
2011-03-03,4.37,4.53,4.37,4.53,70,317.1,,,,,
2011-03-04,4.53,4.53,4.53,4.53,1750,7927.5,,,,,
2011-03-07,4.72,4.72,4.31,4.68,620,2901.6,,,,,
2011-03-08,4.68,4.68,4.68,4.68,0,0.0,,,,,
2011-03-09,4.58,4.58,4.58,4.58,400,1832.0,,,,,
2011-03-10,4.37,4.54,4.37,4.54,1540,6991.6,,,,,
2011-03-11,4.33,4.73,4.33,4.73,730,3452.9,,,,,
2011-03-14,4.49,4.73,4.49,4.73,1310,6196.3,,,,,
2011-03-15,4.49,4.72,4.49,4.72,20,94.4,,,,,
2011-03-16,4.72,4.72,4.72,4.72,0,0.0,,,,,
2011-03-17,4.49,4.49,4.49,4.49,450,2020.5,,,,,
2011-03-18,4.49,4.69,4.27,4.44,6740,29925.6,,,,,
2011-03-21,4.65,4.65,4.23,4.57,120,548.4000000000001,,,,,
2011-03-22,4.39,4.49,4.39,4.49,520,2334.8,,,,,
2011-03-23,4.44,4.44,4.35,4.35,1700,7394.999999999999,,,,,
2011-03-24,4.54,4.54,4.25,4.52,520,2350.4,,,,,
2011-03-25,4.35,4.35,4.35,4.35,20,87.0,,,,,
2011-03-28,4.36,4.36,4.36,4.36,30,130.8,,,,,
2011-03-29,4.18,4.39,4.16,4.16,3220,13395.2,,,,,
2011-03-30,4.16,4.33,4.16,4.31,210,905.1,,,,,
2011-03-31,4.43,4.43,4.43,4.43,10,44.3,,,,,
2011-04-01,4.43,4.43,4.43,4.43,1100,4873.0,,,,,
2011-04-04,4.49,4.49,4.49,4.49,300,1347.0,,,,,
2011-04-05,4.3,4.39,4.27,4.39,50,219.5,,,,,
2011-04-06,4.17,4.17,4.17,4.17,360,1501.2,,,,,
2011-04-07,4.35,4.35,4.35,4.35,10,43.5,,,,,
2011-04-08,4.34,4.34,4.25,4.25,780,3315.0,,,,,
2011-04-13,4.06,4.35,4.06,4.35,1080,4698.0,,,,,
2011-04-14,4.24,4.35,4.24,4.35,20,87.0,,,,,
2011-04-15,4.16,4.16,4.16,4.16,90,374.4,,,,,
2011-04-18,3.97,4.25,3.97,3.97,120,476.4,,,,,
2011-04-19,3.77,3.77,3.77,3.77,150,565.5,,,,,
2011-04-20,3.77,3.95,3.59,3.92,2570,10074.4,,,,,
2011-04-21,4.02,4.02,3.73,4.01,920,3689.2,,,,,
2011-04-22,4.1,4.1,3.81,3.81,270,1028.7,,,,,
2011-04-25,3.96,3.96,3.96,3.96,10,39.6,,,,,
2011-04-26,3.78,3.87,3.78,3.78,60,226.8,,,,,
2011-04-27,3.96,3.96,3.96,3.96,40,158.4,,,,,
2011-04-28,3.78,3.78,3.78,3.78,500,1890.0,,,,,
2011-04-29,3.61,3.87,3.61,3.72,1230,4575.6,,,,,
2011-05-04,3.64,3.72,3.64,3.71,7450,27639.5,,,,,
2011-05-05,3.89,3.89,3.57,3.85,8940,34419.0,,,,,
2011-05-06,3.85,3.85,3.85,3.85,7300,28105.0,,,,,
2011-05-09,3.8,3.86,3.8,3.86,4800,18528.0,,,,,
2011-05-10,3.85,4.0,3.85,3.86,10240,39526.4,,,,,
2011-05-11,3.98,3.98,3.86,3.98,1400,5572.0,,,,,
2011-05-12,3.99,3.99,3.9,3.9,1300,5070.0,,,,,
2011-05-13,3.98,3.98,3.75,3.75,27320,102450.0,,,,,
2011-05-16,3.71,3.91,3.71,3.91,5160,20175.6,,,,,
2011-05-17,4.0,4.0,4.0,4.0,2640,10560.0,,,,,
2011-05-18,4.0,4.0,3.9,4.0,7470,29880.0,,,,,
2011-05-19,4.0,4.1,4.0,4.0,6840,27360.0,,,,,
2011-05-20,4.0,4.1,4.0,4.0,2770,11080.0,,,,,
2011-05-23,4.19,4.19,3.9,4.0,8270,33080.0,,,,,
2011-05-24,4.15,4.15,3.81,3.81,2190,8343.9,,,,,
2011-05-25,3.63,4.0,3.63,4.0,750,3000.0,,,,,
2011-05-26,4.09,4.09,3.85,4.09,3410,13946.9,,,,,
2011-05-27,4.0,4.0,3.95,3.95,11500,45425.0,,,,,
2011-05-30,4.05,4.05,4.05,4.05,10,40.5,,,,,
2011-05-31,3.9,4.0,3.9,4.0,620,2480.0,,,,,
2011-06-01,3.9,4.0,3.9,4.0,200,800.0,,,,,
2011-06-02,3.95,4.1,3.95,4.1,730,2992.9999999999995,,,,,
2011-06-03,4.18,4.18,4.0,4.1,11530,47272.99999999999,,,,,
2011-06-06,4.1,4.2,4.1,4.1,10160,41656.0,,,,,
2011-06-07,4.1,4.15,4.1,4.15,44850,186127.50000000003,,,,,
2011-06-08,4.15,4.2,4.0,4.15,20540,85241.00000000001,,,,,
2011-06-09,4.15,4.2,4.15,4.2,15140,63588.0,,,,,
2011-06-10,4.2,4.2,4.2,4.2,13310,55902.0,,,,,
2011-06-13,4.2,4.2,4.2,4.2,13000,54600.0,,,,,
2011-06-14,4.13,4.2,4.13,4.2,250,1050.0,,,,,
2011-06-15,4.2,4.2,4.2,4.2,120,504.0,,,,,
2011-06-16,4.2,4.2,4.2,4.2,0,0.0,,,,,
2011-06-17,4.2,4.2,4.2,4.2,0,0.0,,,,,
2011-06-20,4.2,4.2,4.2,4.2,220,924.0,,,,,
2011-06-21,4.2,4.2,4.0,4.0,990,3960.0,,,,,
2011-06-22,4.2,4.2,4.2,4.2,10,42.0,,,,,
2011-06-23,4.2,4.2,4.2,4.2,0,0.0,,,,,
2011-06-24,4.41,4.41,4.2,4.2,17710,74382.0,,,,,
2011-06-27,4.2,4.2,4.2,4.2,30,126.0,,,,,
2011-06-28,4.2,4.2,4.2,4.2,0,0.0,,,,,
2011-06-29,4.2,4.2,4.2,4.2,0,0.0,,,,,
2011-06-30,4.25,4.25,4.1,4.1,310,1271.0,,,,,
2011-07-01,4.1,4.15,4.1,4.1,5500,22550.0,,,,,
2011-07-04,4.0,4.2,4.0,4.2,250,1050.0,,,,,
2011-07-05,4.1,4.2,4.1,4.2,15000,63000.0,,,,,
2011-07-06,4.2,4.2,4.2,4.2,5000,21000.0,,,,,
2011-07-07,4.2,4.2,4.2,4.2,0,0.0,,,,,
2011-07-08,4.2,4.25,4.2,4.25,3460,14705.0,,,,,
2011-07-11,4.31,4.31,4.31,4.31,500,2155.0,,,,,
2011-07-12,4.31,4.51,4.31,4.51,5350,24128.5,,,,,
2011-07-13,4.51,4.66,4.51,4.66,6430,29963.8,,,,,
2011-07-14,4.79,4.81,4.79,4.81,5000,24050.0,,,,,
2011-07-15,4.81,4.81,4.81,4.81,30,144.29999999999998,,,,,
2011-07-18,4.81,4.81,4.81,4.81,0,0.0,,,,,
2011-07-19,4.62,4.62,4.62,4.62,100,462.0,,,,,
2011-07-20,4.39,4.39,4.39,4.39,200,877.9999999999999,,,,,
2011-07-21,4.31,4.31,4.17,4.17,2380,9924.6,,,,,
2011-07-22,4.17,4.37,4.14,4.14,15490,64128.6,,,,,
2011-07-25,4.35,4.35,4.1,4.1,5060,20746.0,,,,,
2011-07-26,4.2,4.2,4.2,4.2,10,42.0,,,,,
2011-07-27,4.1,4.41,4.1,4.41,5910,26063.1,,,,,
2011-07-28,4.5,4.51,4.5,4.51,3000,13530.0,,,,,
2011-07-29,4.51,4.51,4.51,4.51,0,0.0,,,,,
2011-08-01,4.51,4.61,4.51,4.61,4500,20745.0,,,,,
2011-08-02,4.38,4.81,4.38,4.71,59930,282270.3,,,,,
2011-08-03,4.76,4.9,4.76,4.9,1550,7595.000000000001,,,,,
2011-08-04,4.9,4.9,4.9,4.9,0,0.0,,,,,
2011-08-05,4.9,4.9,4.9,4.9,0,0.0,,,,,
2011-08-08,4.9,4.9,4.9,4.9,0,0.0,,,,,
2011-08-09,4.9,4.9,4.9,4.9,0,0.0,,,,,
2011-08-10,4.9,4.9,4.9,4.9,0,0.0,,,,,
2011-08-11,4.9,4.9,4.9,4.9,0,0.0,,,,,
2011-08-12,4.66,4.81,4.66,4.81,22000,105820.0,,,,,
2011-08-15,4.66,4.66,4.66,4.66,200,932.0,,,,,
2011-08-16,4.76,4.76,4.76,4.76,590,2808.4,,,,,
2011-08-17,4.76,4.76,4.53,4.53,1220,5526.6,,,,,
2011-08-18,4.75,4.75,4.75,4.75,10,47.5,,,,,
2011-08-19,4.75,4.75,4.75,4.75,0,0.0,,,,,
2011-08-22,4.91,4.91,4.91,4.91,20,98.2,,,,,
2011-08-23,4.76,4.76,4.76,4.76,50,238.0,,,,,
2011-08-24,4.53,4.53,4.53,4.53,100,453.0,,,,,
2011-08-25,4.71,4.71,4.71,4.71,10,47.1,,,,,
2011-08-26,4.48,4.71,4.48,4.7,130,611.0,,,,,
2011-08-29,4.66,4.66,4.66,4.66,40,186.4,,,,,
2011-08-30,4.66,4.66,4.66,4.66,0,0.0,,,,,
2011-08-31,4.66,4.66,4.66,4.66,0,0.0,,,,,
2011-09-01,4.66,4.66,4.66,4.66,0,0.0,,,,,
2011-09-05,4.66,4.66,4.66,4.66,0,0.0,,,,,
2011-09-06,4.8,4.8,4.56,4.56,110,501.6,,,,,
2011-09-07,4.56,4.56,4.56,4.56,200,912.0,,,,,
2011-09-08,4.56,4.56,4.51,4.51,430,1939.3,,,,,
2011-09-09,4.65,4.65,4.65,4.65,20,93.0,,,,,
2011-09-12,4.76,4.76,4.71,4.71,20,94.2,,,,,
2011-09-13,4.81,4.81,4.8,4.8,610,2928.0,,,,,
2011-09-14,4.57,4.57,4.57,4.57,10,45.7,,,,,
2011-09-15,4.72,4.72,4.72,4.72,20,94.4,,,,,
2011-09-16,4.72,4.72,4.72,4.72,30,141.6,,,,,
2011-09-19,4.51,4.75,4.51,4.74,10010,47447.4,,,,,
2011-09-20,4.66,4.91,4.66,4.91,7150,35106.5,,,,,
2011-09-21,4.71,4.71,4.67,4.67,11550,53938.5,,,,,
2011-09-22,4.46,4.67,4.46,4.67,1710,7985.7,,,,,
2011-09-23,4.46,4.47,4.46,4.47,530,2369.1,,,,,
2011-09-26,4.47,4.61,4.46,4.61,370,1705.7,,,,,
2011-09-27,4.41,4.61,4.41,4.61,110,507.1,,,,,
2011-09-28,4.56,4.61,4.56,4.56,1110,5061.599999999999,,,,,
2011-09-29,4.56,4.56,4.56,4.56,600,2735.9999999999995,,,,,
2011-09-30,4.56,4.56,4.51,4.51,5260,23722.6,,,,,
2011-10-03,4.49,4.49,4.49,4.49,1000,4490.0,,,,,
2011-10-04,4.36,4.61,4.36,4.61,470,2166.7000000000003,,,,,
2011-10-05,4.41,4.56,4.41,4.56,350,1595.9999999999998,,,,,
2011-10-06,4.56,4.56,4.56,4.56,0,0.0,,,,,
2011-10-07,4.56,4.56,4.56,4.56,0,0.0,,,,,
2011-10-10,4.37,4.61,4.34,4.61,450,2074.5,,,,,
2011-10-11,4.55,4.56,4.51,4.56,8260,37665.6,,,,,
2011-10-12,4.51,4.51,4.51,4.51,500,2255.0,,,,,
2011-10-13,4.51,4.51,4.51,4.51,0,0.0,,,,,
2011-10-14,4.51,4.51,4.51,4.51,2400,10824.0,,,,,
2011-10-17,4.51,4.51,4.51,4.51,10,45.1,,,,,
2011-10-18,4.51,4.51,4.51,4.51,5000,22550.0,,,,,
2011-10-19,4.51,4.51,4.51,4.51,0,0.0,,,,,
2011-10-20,4.51,4.51,4.51,4.51,2420,10914.2,,,,,
2011-10-21,4.51,4.51,4.51,4.51,1890,8523.9,,,,,
2011-10-24,4.46,4.46,4.46,4.46,640,2854.4,,,,,
2011-10-25,4.46,4.51,4.46,4.51,3010,13575.1,,,,,
2011-10-26,4.51,4.51,4.51,4.51,6850,30893.5,,,,,
2011-10-27,4.32,4.51,4.32,4.51,1150,5186.5,,,,,
2011-10-28,4.51,4.51,4.51,4.51,2000,9020.0,,,,,
2011-10-31,4.51,4.51,4.51,4.51,6210,28007.1,,,,,
2011-11-01,4.51,4.51,4.51,4.51,600,2706.0,,,,,
2011-11-02,4.51,4.51,4.51,4.51,10620,47896.2,,,,,
2011-11-03,4.51,4.51,4.51,4.51,7000,31570.0,,,,,
2011-11-04,4.51,4.51,4.51,4.51,3920,17679.2,,,,,
2011-11-07,4.51,4.73,4.51,4.73,2800,13244.000000000002,,,,,
2011-11-08,4.93,4.93,4.93,4.93,100,493.0,,,,,
2011-11-09,4.93,4.93,4.93,4.93,870,4289.099999999999,,,,,
2011-11-10,4.93,4.93,4.93,4.93,0,0.0,,,,,
2011-11-11,4.93,4.93,4.93,4.93,0,0.0,,,,,
2011-11-14,4.93,4.93,4.93,4.93,0,0.0,,,,,
2011-11-15,4.93,4.93,4.93,4.93,0,0.0,,,,,
2011-11-16,4.93,4.93,4.93,4.93,0,0.0,,,,,
2011-11-17,4.69,4.69,4.69,4.69,50,234.50000000000003,,,,,
2011-11-18,4.69,4.69,4.69,4.69,0,0.0,,,,,
2011-11-21,4.69,4.69,4.69,4.69,0,0.0,,,,,
2011-11-22,4.69,4.69,4.69,4.69,0,0.0,,,,,
2011-11-23,4.46,4.46,4.46,4.46,510,2274.6,,,,,
2011-11-24,4.23,4.23,4.23,4.23,160,676.8000000000001,,,,,
2011-11-25,4.2,4.23,4.02,4.2,1120,4704.0,,,,,
2011-11-28,4.0,4.2,3.99,4.2,760,3192.0,,,,,
2011-11-29,3.99,4.0,3.99,3.99,3650,14563.5,,,,,
2011-11-30,3.99,4.18,3.8,3.8,360,1368.0,,,,,
2011-12-01,3.99,3.99,3.61,3.61,1910,6895.099999999999,,,,,
2011-12-02,3.43,3.55,3.43,3.43,20720,71069.6,,,,,
2011-12-05,3.6,3.6,3.26,3.6,10940,39384.0,,,,,
2011-12-06,3.6,3.65,3.6,3.65,500,1825.0,,,,,
2011-12-07,3.65,3.65,3.5,3.65,2740,10001.0,,,,,
2011-12-08,3.65,3.65,3.52,3.65,2040,7446.0,,,,,
2011-12-09,3.6,3.6,3.5,3.52,3320,11686.4,,,,,
2011-12-12,3.53,3.55,3.45,3.55,9240,32802.0,,,,,
2011-12-13,3.59,3.6,3.58,3.59,2390,8580.1,,,,,
2011-12-14,3.65,3.65,3.55,3.6,10540,37944.0,,,,,
2011-12-15,3.51,3.65,3.51,3.65,6760,24674.0,,,,,
2011-12-16,3.6,3.65,3.5,3.65,9710,35441.5,,,,,
2011-12-19,3.62,3.65,3.55,3.63,10960,39784.8,,,,,
2011-12-20,3.65,3.65,3.63,3.63,11200,40656.0,,,,,
2011-12-21,3.6,3.64,3.6,3.63,4100,14883.0,,,,,
2011-12-22,3.6,3.81,3.6,3.81,13230,50406.3,,,,,
2011-12-23,3.8,3.84,3.8,3.84,2610,10022.4,,,,,
2011-12-26,3.8,3.86,3.8,3.86,10760,41533.6,,,,,
2011-12-27,3.86,3.86,3.8,3.86,12510,48288.6,,,,,
2011-12-28,3.86,3.89,3.86,3.88,1810,7022.8,,,,,
2011-12-29,3.69,3.69,3.69,3.69,7210,26604.9,,,,,
2011-12-30,3.51,3.87,3.51,3.87,20180,78096.6,,,,,
2012-01-03,3.9,4.06,3.9,4.06,20,81.19999999999999,,,,,
2012-01-04,4.1,4.25,4.05,4.25,5010,21292.5,,,,,
2012-01-05,4.25,4.25,4.25,4.25,1020,4335.0,,,,,
2012-01-06,4.24,4.24,4.2,4.2,3000,12600.0,,,,,
2012-01-09,4.0,4.2,4.0,4.2,2120,8904.0,,,,,
2012-01-10,4.19,4.19,4.19,4.19,12000,50280.00000000001,,,,,
2012-01-11,4.19,4.19,4.0,4.0,10500,42000.0,,,,,
2012-01-12,3.8,3.8,3.8,3.8,4800,18240.0,,,,,
2012-01-13,3.99,3.99,3.99,3.99,10,39.900000000000006,,,,,
2012-01-16,4.18,4.18,4.18,4.18,10,41.8,,,,,
2012-01-17,4.18,4.18,4.18,4.18,0,0.0,,,,,
2012-01-18,4.18,4.31,4.18,4.2,38630,162246.0,,,,,
2012-01-19,4.2,4.2,4.2,4.2,41000,172200.0,,,,,
2012-01-20,4.2,4.2,4.15,4.15,21420,88893.00000000001,,,,,
2012-01-30,4.36,4.36,4.36,4.36,10,43.6,,,,,
2012-01-31,4.25,4.25,4.15,4.23,35770,151307.1,,,,,
2012-02-01,4.31,4.31,4.31,4.31,1340,5775.4,,,,,
2012-02-02,4.31,4.31,4.31,4.31,3010,12973.1,,,,,
2012-02-03,4.31,4.31,4.31,4.31,1300,5602.999999999999,,,,,
2012-02-06,4.31,4.31,4.31,4.31,1300,5602.999999999999,,,,,
2012-02-07,4.2,4.31,4.2,4.31,2500,10774.999999999998,,,,,
2012-02-08,4.2,4.33,4.2,4.33,3510,15198.3,,,,,
2012-02-09,4.2,4.36,4.2,4.36,6000,26160.000000000004,,,,,
2012-02-10,4.2,4.35,4.2,4.31,5560,23963.6,,,,,
2012-02-13,4.12,4.31,4.1,4.31,8800,37928.0,,,,,
2012-02-14,4.25,4.25,4.22,4.22,1650,6963.0,,,,,
2012-02-15,4.22,4.22,4.01,4.01,63760,255677.6,,,,,
2012-02-16,4.01,4.2,4.01,4.2,970,4074.0,,,,,
2012-02-17,4.2,4.2,3.99,4.1,57280,234848.0,,,,,
2012-02-20,4.19,4.19,4.0,4.19,16540,69302.6,,,,,
2012-02-21,4.2,4.2,4.2,4.2,7050,29610.0,,,,,
2012-02-22,4.2,4.2,4.19,4.2,10720,45024.0,,,,,
2012-02-23,4.05,4.18,4.0,4.18,6100,25498.0,,,,,
2012-02-24,4.38,4.38,4.21,4.21,4770,20081.7,,,,,
2012-02-27,4.32,4.32,4.2,4.2,2560,10752.0,,,,,
2012-02-28,4.1,4.15,4.0,4.09,4930,20163.7,,,,,
2012-02-29,4.0,4.09,4.0,4.09,5750,23517.5,,,,,
2012-03-01,4.0,4.05,4.0,4.05,5390,21829.5,,,,,
2012-03-02,4.05,4.1,4.04,4.04,4100,16564.0,,,,,
2012-03-05,4.04,4.09,4.04,4.08,21300,86904.0,,,,,
2012-03-06,4.05,4.08,4.05,4.08,570,2325.6,,,,,
2012-03-07,4.08,4.1,3.97,4.1,2530,10373.0,,,,,
2012-03-08,4.1,4.1,4.1,4.1,0,0.0,,,,,
2012-03-09,4.0,4.07,3.95,4.05,3960,16038.0,,,,,
2012-03-12,3.86,4.05,3.86,4.05,5400,21870.0,,,,,
2012-03-13,3.9,4.02,3.9,3.91,940,3675.4,,,,,
2012-03-14,4.0,4.0,4.0,4.0,230,920.0,,,,,
2012-03-15,3.84,4.0,3.84,4.0,1000,4000.0,,,,,
2012-03-16,3.99,4.0,3.86,4.0,270,1080.0,,,,,
2012-03-19,3.95,3.95,3.9,3.9,5550,21645.0,,,,,
2012-03-20,3.82,3.83,3.8,3.83,44820,171660.6,,,,,
2012-03-21,3.89,3.9,3.83,3.83,12870,49292.1,,,,,
2012-03-22,3.87,3.87,3.83,3.83,2660,10187.8,,,,,
2012-03-23,4.02,4.02,3.83,3.83,12130,46457.9,,,,,
2012-03-26,3.83,3.83,3.79,3.83,7510,28763.3,,,,,
2012-03-27,3.8,3.8,3.7,3.8,21670,82346.0,,,,,
2012-03-28,3.7,3.8,3.7,3.8,9570,36366.0,,,,,
2012-03-29,3.83,3.83,3.8,3.8,2050,7790.0,,,,,
2012-03-30,3.8,3.8,3.75,3.79,1050,3979.5,,,,,
2012-04-03,3.79,3.79,3.63,3.75,9470,35512.5,,,,,
2012-04-04,3.83,3.83,3.7,3.75,23460,87975.0,,,,,
2012-04-05,3.8,3.8,3.67,3.75,2810,10537.5,,,,,
2012-04-06,3.8,3.8,3.65,3.73,12260,45729.8,,,,,
2012-04-09,3.7,3.77,3.7,3.77,8950,33741.5,,,,,
2012-04-10,3.71,3.8,3.7,3.8,7260,27588.0,,,,,
2012-04-11,3.71,3.8,3.7,3.8,22580,85804.0,,,,,
2012-04-12,3.7,3.8,3.7,3.78,18380,69476.4,,,,,
2012-04-13,3.79,3.79,3.69,3.69,10030,37010.7,,,,,
2012-04-16,3.8,3.87,3.65,3.87,21440,82972.8,,,,,
2012-04-17,3.87,4.0,3.87,3.88,46110,178906.8,,,,,
2012-04-18,3.97,3.97,3.75,3.75,59800,224250.0,,,,,
2012-04-19,3.87,3.93,3.83,3.92,13670,53586.4,,,,,
2012-04-20,3.89,3.92,3.87,3.92,17550,68796.0,,,,,
2012-04-23,3.94,3.94,3.92,3.94,12780,50353.2,,,,,
2012-04-24,3.94,3.94,3.85,3.91,19900,77809.0,,,,,
2012-04-25,3.91,4.02,3.91,4.02,9050,36380.99999999999,,,,,
2012-04-26,3.98,4.02,3.94,4.02,15700,63113.99999999999,,,,,
2012-04-27,3.99,4.01,3.99,4.01,10740,43067.4,,,,,
2012-05-02,3.95,3.95,3.93,3.93,5080,19964.4,,,,,
2012-05-03,3.96,3.96,3.95,3.95,890,3515.5,,,,,
2012-05-04,3.93,3.95,3.88,3.94,19730,77736.2,,,,,
2012-05-07,3.93,3.97,3.93,3.97,14720,58438.4,,,,,
2012-05-08,3.95,4.01,3.95,3.98,15560,61928.8,,,,,
2012-05-09,4.01,4.13,4.01,4.02,10280,41325.6,,,,,
2012-05-10,4.03,4.03,3.95,4.02,18190,73123.79999999999,,,,,
2012-05-11,3.93,4.01,3.93,4.0,4650,18600.0,,,,,
2012-05-14,4.0,4.0,3.91,3.91,3830,14975.3,,,,,
2012-05-15,3.73,3.93,3.73,3.93,7820,30732.6,,,,,
2012-05-16,3.82,3.93,3.82,3.83,5840,22367.2,,,,,
2012-05-17,3.82,3.93,3.82,3.84,3560,13670.4,,,,,
2012-05-18,3.84,3.84,3.81,3.81,15260,58140.6,,,,,
2012-05-21,3.79,3.86,3.79,3.83,1990,7621.7,,,,,
2012-05-22,3.93,3.93,3.86,3.87,8230,31850.1,,,,,
2012-05-23,3.87,3.96,3.86,3.91,6330,24750.3,,,,,
2012-05-24,3.9,3.96,3.89,3.93,1750,6877.5,,,,,
2012-05-25,3.86,4.01,3.86,3.87,4250,16447.5,,,,,
2012-05-28,3.97,3.97,3.97,3.97,30,119.1,,,,,
2012-05-29,3.97,4.14,3.78,3.78,500,1890.0,,,,,
2012-05-30,3.96,3.96,3.95,3.96,3620,14335.2,,,,,
2012-05-31,3.9,4.03,3.9,3.91,11130,43518.3,,,,,
2012-06-01,3.98,4.03,3.93,4.03,3810,15354.3,,,,,
2012-06-04,3.93,4.03,3.91,4.03,4540,18296.2,,,,,
2012-06-05,3.98,4.14,3.98,4.03,10380,41831.4,,,,,
2012-06-06,4.03,4.13,4.03,4.13,15640,64593.2,,,,,
2012-06-07,4.14,4.19,3.99,3.99,23110,92208.9,,,,,
2012-06-08,4.16,4.16,4.02,4.14,12150,50300.99999999999,,,,,
2012-06-11,4.17,4.22,4.17,4.22,20,84.39999999999999,,,,,
2012-06-12,4.02,4.24,4.02,4.02,2270,9125.4,,,,,
2012-06-13,4.12,4.12,3.98,3.98,5940,23641.2,,,,,
2012-06-14,4.14,4.14,3.98,4.01,5950,23859.5,,,,,
2012-06-15,4.04,4.04,4.03,4.03,630,2538.9,,,,,
2012-06-18,4.1,4.13,4.01,4.06,3060,12423.6,,,,,
2012-06-19,4.07,4.14,4.06,4.06,1120,4547.2,,,,,
2012-06-20,4.07,4.1,4.07,4.1,9690,39729.0,,,,,
2012-06-21,4.06,4.13,3.89,4.03,10210,41146.3,,,,,
2012-06-22,4.08,4.08,4.07,4.07,24210,98534.7,,,,,
2012-06-25,4.08,4.11,4.08,4.11,3100,12741.000000000002,,,,,
2012-06-26,4.11,4.13,3.95,4.13,7050,29116.5,,,,,
2012-06-27,4.08,4.13,4.07,4.12,5000,20600.0,,,,,
2012-06-28,4.14,4.14,4.05,4.13,4300,17759.0,,,,,
2012-06-29,3.98,4.14,3.98,4.14,4010,16601.399999999998,,,,,
2012-07-02,4.12,4.13,4.12,4.13,1980,8177.4,,,,,
2012-07-03,3.98,4.08,3.98,4.06,7560,30693.6,,,,,
2012-07-04,4.11,4.14,4.07,4.07,5710,23239.7,,,,,
2012-07-05,4.11,4.14,4.06,4.07,7000,28490.000000000004,,,,,
2012-07-06,4.11,4.11,4.11,4.11,5000,20550.0,,,,,
2012-07-09,4.14,4.14,4.03,4.13,11190,46214.7,,,,,
2012-07-10,4.12,4.13,4.03,4.13,10980,45347.4,,,,,
2012-07-11,4.14,4.14,4.14,4.14,4600,19044.0,,,,,
2012-07-12,4.14,4.14,4.14,4.14,14000,57959.99999999999,,,,,
2012-07-13,4.14,4.24,4.14,4.14,6310,26123.4,,,,,
2012-07-16,4.04,4.17,4.04,4.17,5100,21267.0,,,,,
2012-07-17,4.17,4.17,4.17,4.17,4100,17097.0,,,,,
2012-07-18,4.14,4.14,4.14,4.14,7640,31629.6,,,,,
2012-07-19,4.14,4.14,4.14,4.14,1000,4140.0,,,,,
2012-07-20,4.14,4.14,4.14,4.14,0,0.0,,,,,
2012-07-23,4.14,4.14,4.14,4.14,1000,4140.0,,,,,
2012-07-24,4.14,4.14,4.14,4.14,1510,6251.4,,,,,
2012-07-25,4.14,4.14,4.14,4.14,0,0.0,,,,,
2012-07-26,4.08,4.13,4.03,4.03,2500,10075.0,,,,,
2012-07-27,4.14,4.14,4.14,4.14,10,41.4,,,,,
2012-07-30,4.14,4.14,4.14,4.14,0,0.0,,,,,
2012-07-31,4.03,4.11,4.03,4.11,20,82.2,,,,,
2012-08-01,4.11,4.14,4.11,4.14,1200,4968.0,,,,,
2012-08-02,4.14,4.14,4.14,4.14,0,0.0,,,,,
2012-08-03,4.03,4.03,4.03,4.03,740,2982.2000000000003,,,,,
2012-08-06,4.03,4.13,4.03,4.13,3210,13257.3,,,,,
2012-08-07,4.13,4.13,4.13,4.13,0,0.0,,,,,
2012-08-08,4.13,4.23,4.08,4.23,27700,117171.0,,,,,
2012-08-09,4.04,4.23,4.04,4.23,1100,4653.000000000001,,,,,
2012-08-10,4.22,4.22,4.06,4.06,1950,7916.999999999999,,,,,
2012-08-13,4.06,4.23,4.06,4.22,640,2700.8,,,,,
2012-08-14,4.14,4.14,4.14,4.14,250,1035.0,,,,,
2012-08-15,4.14,4.14,4.14,4.14,50,207.0,,,,,
2012-08-16,4.03,4.14,4.03,4.14,1120,4636.799999999999,,,,,
2012-08-17,4.14,4.14,4.14,4.14,2000,8280.0,,,,,
2012-08-20,4.19,4.19,4.14,4.14,10600,43884.0,,,,,
2012-08-21,3.99,4.28,3.99,4.28,370,1583.6,,,,,
2012-08-22,4.28,4.28,4.22,4.22,160,675.1999999999999,,,,,
2012-08-23,4.14,4.14,4.03,4.14,160,662.4,,,,,
2012-08-24,4.24,4.24,4.24,4.24,10,42.400000000000006,,,,,
2012-08-27,4.19,4.19,4.03,4.03,13850,55815.5,,,,,
2012-08-28,4.03,4.03,4.02,4.02,14310,57526.2,,,,,
2012-08-29,4.03,4.03,4.03,4.03,400,1612.0,,,,,
2012-08-30,4.03,4.03,4.03,4.03,100,403.0,,,,,
2012-08-31,4.08,4.08,4.03,4.03,3150,12694.5,,,,,
2012-09-04,4.03,4.03,3.83,4.03,4910,19787.300000000003,,,,,
2012-09-05,4.03,4.03,3.87,4.03,4430,17852.9,,,,,
2012-09-06,4.03,4.03,4.03,4.03,0,0.0,,,,,
2012-09-07,4.08,4.08,3.87,4.03,2880,11606.4,,,,,
2012-09-10,3.84,4.03,3.83,4.03,1610,6488.3,,,,,
2012-09-11,3.98,3.98,3.98,3.98,7900,31442.0,,,,,
2012-09-12,3.98,3.98,3.98,3.98,0,0.0,,,,,
2012-09-13,4.14,4.17,4.03,4.17,21940,91489.8,,,,,
2012-09-14,4.37,4.37,4.2,4.24,15010,63642.4,,,,,
2012-09-17,4.23,4.24,4.23,4.23,18500,78255.00000000001,,,,,
2012-09-18,4.15,4.15,4.13,4.13,13290,54887.7,,,,,
2012-09-19,4.03,4.13,4.03,4.13,6760,27918.8,,,,,
2012-09-20,4.03,4.14,4.03,4.12,23480,96737.6,,,,,
2012-09-21,4.12,4.12,4.12,4.12,0,0.0,,,,,
2012-09-24,4.06,4.06,4.05,4.05,640,2592.0,,,,,
2012-09-25,4.07,4.07,3.98,3.98,4040,16079.2,,,,,
2012-09-26,4.14,4.14,4.03,4.03,1010,4070.3,,,,,
2012-09-27,4.13,4.13,4.13,4.13,500,2065.0,,,,,
2012-09-28,4.03,4.24,4.03,4.24,13850,58724.0,,,,,
2012-10-01,4.24,4.24,4.24,4.24,3430,14543.2,,,,,
2012-10-02,4.06,4.24,4.05,4.24,400,1696.0,,,,,
2012-10-03,4.24,4.24,4.24,4.24,0,0.0,,,,,
2012-10-04,4.24,4.24,4.24,4.24,0,0.0,,,,,
2012-10-05,4.24,4.24,4.24,4.24,0,0.0,,,,,
2012-10-08,4.24,4.46,4.03,4.46,140,624.4,,,,,
2012-10-09,4.4,4.4,4.4,4.4,10,44.0,,,,,
2012-10-10,4.35,4.46,4.35,4.46,90,401.4,,,,,
2012-10-11,4.45,4.45,4.4,4.45,200,890.0,,,,,
2012-10-12,4.46,4.56,4.45,4.45,3360,14952.0,,,,,
2012-10-15,4.43,4.43,4.3,4.42,900,3978.0,,,,,
2012-10-16,4.57,4.63,4.57,4.63,160,740.8,,,,,
2012-10-17,4.46,4.57,4.45,4.57,660,3016.2000000000003,,,,,
2012-10-18,4.45,4.45,4.45,4.45,60,267.0,,,,,
2012-10-19,4.57,4.57,4.45,4.45,510,2269.5,,,,,
2012-10-22,4.57,4.57,4.57,4.57,10,45.7,,,,,
2012-10-23,4.57,4.57,4.57,4.57,0,0.0,,,,,
2012-10-24,4.75,4.75,4.75,4.75,10,47.5,,,,,
2012-10-25,4.52,4.57,4.52,4.57,260,1188.2,,,,,
2012-10-26,4.57,4.57,4.57,4.57,0,0.0,,,,,
2012-10-29,4.57,4.57,4.57,4.57,10,45.7,,,,,
2012-10-30,4.57,4.57,4.57,4.57,0,0.0,,,,,
2012-10-31,4.45,4.45,4.39,4.45,380,1691.0,,,,,
2012-11-01,4.27,4.66,4.27,4.66,210,978.6,,,,,
2012-11-02,4.43,4.43,4.43,4.43,220,974.6,,,,,
2012-11-05,4.33,4.33,4.33,4.33,140,606.2,,,,,
2012-11-06,4.29,4.33,4.29,4.33,720,3117.6,,,,,
2012-11-07,4.43,4.43,4.43,4.43,10,44.3,,,,,
2012-11-08,4.33,4.49,4.33,4.49,210,942.9,,,,,
2012-11-09,4.39,4.39,4.33,4.33,1840,7967.2,,,,,
2012-11-12,4.33,4.33,4.21,4.33,900,3897.0,,,,,
2012-11-13,4.31,4.31,4.3,4.3,240,1032.0,,,,,
2012-11-14,4.33,4.33,4.33,4.33,500,2165.0,,,,,
2012-11-15,4.43,4.43,4.33,4.33,560,2424.8,,,,,
2012-11-16,4.39,4.39,4.39,4.39,10,43.9,,,,,
2012-11-19,4.27,4.27,4.27,4.27,500,2135.0,,,,,
2012-11-20,4.47,4.47,4.1,4.23,340,1438.2,,,,,
2012-11-21,4.33,4.33,4.33,4.33,60,259.8,,,,,
2012-11-22,4.21,4.39,4.21,4.3,2070,8901.0,,,,,
2012-11-23,4.39,4.39,4.21,4.27,1370,5849.9,,,,,
2012-11-26,4.21,4.33,4.21,4.33,880,3810.4,,,,,
2012-11-27,4.25,4.25,4.25,4.25,130,552.5,,,,,
2012-11-28,4.3,4.3,4.3,4.3,20,86.0,,,,,
2012-11-29,4.51,4.51,4.21,4.21,450,1894.5,,,,,
2012-11-30,4.31,4.31,4.31,4.31,10,43.1,,,,,
2012-12-03,4.23,4.33,4.23,4.33,270,1169.1,,,,,
2012-12-04,4.33,4.33,4.3,4.3,240,1032.0,,,,,
2012-12-05,4.27,4.33,4.23,4.27,440,1878.8,,,,,
2012-12-06,4.21,4.25,4.21,4.22,4670,19707.4,,,,,
2012-12-07,4.17,4.23,4.17,4.21,3300,13893.0,,,,,
2012-12-10,4.22,4.23,4.21,4.23,7050,29821.500000000004,,,,,
2012-12-11,4.18,4.18,4.18,4.18,1300,5434.0,,,,,
2012-12-12,4.21,4.23,4.21,4.23,2270,9602.1,,,,,
2012-12-13,4.27,4.27,4.21,4.21,2020,8504.2,,,,,
2012-12-14,4.21,4.21,4.21,4.21,0,0.0,,,,,
2012-12-17,4.23,4.24,4.21,4.21,3640,15324.4,,,,,
2012-12-18,4.21,4.23,4.15,4.15,5840,24236.000000000004,,,,,
2012-12-19,4.16,4.16,4.16,4.16,1250,5200.0,,,,,
2012-12-20,4.21,4.21,4.21,4.21,3000,12630.0,,,,,
2012-12-21,4.21,4.21,4.18,4.18,390,1630.1999999999998,,,,,
2012-12-24,4.18,4.18,4.18,4.18,400,1672.0,,,,,
2012-12-25,4.18,4.19,4.18,4.19,2770,11606.3,,,,,
2012-12-26,4.33,4.33,4.33,4.33,5000,21650.0,,,,,
2012-12-27,4.21,4.24,4.21,4.24,1600,6784.0,,,,,
2012-12-28,4.21,4.24,4.21,4.24,3300,13992.0,,,,,
2013-01-02,4.206,4.206,4.206,4.206,5090,21408.54,,,,,
2013-01-03,4.206,4.206,4.194,4.206,1670,7024.02,,,,,
2013-01-04,4.206,4.206,4.206,4.206,2000,8412.0,,,,,
2013-01-07,4.206,4.206,4.146,4.206,3180,13375.080000000002,,,,,
2013-01-08,4.194,4.194,4.146,4.194,9850,41310.9,,,,,
2013-01-09,4.194,4.398,4.194,4.326,52790,228369.54,,,,,
2013-01-10,4.206,4.314,4.206,4.23,13460,56935.8,,,,,
2013-01-11,4.122,4.314,4.122,4.206,28650,120501.9,,,,,
2013-01-14,4.146,4.206,4.146,4.206,1150,4836.900000000001,,,,,
2013-01-15,4.158,4.17,4.146,4.17,14040,58546.8,,,,,
2013-01-16,4.17,4.17,4.086,4.17,7200,30024.0,,,,,
2013-01-17,4.17,4.17,4.086,4.146,23000,95358.0,,,,,
2013-01-18,4.098,4.098,4.086,4.086,2000,8172.000000000001,,,,,
2013-01-21,4.146,4.146,4.062,4.146,10210,42330.66,,,,,
2013-01-22,4.206,4.206,4.086,4.098,12940,53028.12,,,,,
2013-01-23,4.086,4.146,4.074,4.146,11950,49544.7,,,,,
2013-01-24,4.146,4.242,4.146,4.242,8100,34360.2,,,,,
2013-01-25,4.266,4.266,4.194,4.218,11360,47916.48,,,,,
2013-01-28,4.218,4.254,3.978,4.206,27970,117641.82,,,,,
2013-01-29,4.206,4.206,3.918,4.146,11470,47554.62,,,,,
2013-01-30,4.194,4.194,4.002,4.146,2050,8499.3,,,,,
2013-01-31,4.146,4.146,3.906,4.086,4350,17774.100000000002,,,,,
2013-02-01,4.086,4.146,4.086,4.146,6210,25746.66,,,,,
2013-02-04,4.254,4.254,4.254,4.254,3480,14803.919999999998,,,,,
2013-02-05,4.206,4.206,3.99,4.194,540,2264.76,,,,,
2013-02-06,4.242,4.242,4.194,4.194,380,1593.72,,,,,
2013-02-07,4.254,4.254,3.942,4.182,2670,11165.94,,,,,
2013-02-08,4.038,4.038,4.038,4.038,10,40.38,,,,,
2013-02-18,4.314,4.314,4.038,4.206,4360,18338.160000000003,,,,,
2013-02-19,4.146,4.146,4.098,4.098,620,2540.76,,,,,
2013-02-20,4.206,4.206,4.11,4.182,3240,13549.680000000002,,,,,
2013-02-21,4.146,4.17,4.086,4.086,24080,98390.88,,,,,
2013-02-22,4.194,4.194,4.05,4.146,1970,8167.62,,,,,
2013-02-25,4.086,4.134,4.086,4.086,980,4004.28,,,,,
2013-02-26,4.206,4.206,4.086,4.086,4120,16834.32,,,,,
2013-02-27,4.098,4.11,4.086,4.098,15960,65404.08,,,,,
2013-02-28,4.266,4.266,4.146,4.194,1260,5284.44,,,,,
2013-03-01,4.194,4.194,4.086,4.098,1220,4999.56,,,,,
2013-03-04,4.146,4.146,4.146,4.146,10,41.46,,,,,
2013-03-05,4.086,4.086,4.086,4.086,500,2043.0,,,,,
2013-03-06,4.086,4.086,4.074,4.086,2050,8376.300000000001,,,,,
2013-03-07,4.086,4.086,4.086,4.086,500,2043.0,,,,,
2013-03-08,4.086,4.086,4.086,4.086,500,2043.0,,,,,
2013-03-11,4.086,4.086,4.086,4.086,100,408.6,,,,,
2013-03-12,4.086,4.086,4.014,4.026,2600,10467.6,,,,,
2013-03-13,4.086,4.086,3.978,4.086,2350,9602.1,,,,,
2013-03-14,4.026,4.086,4.014,4.086,6560,26804.160000000003,,,,,
2013-03-15,4.002,4.062,3.978,4.062,8010,32536.620000000003,,,,,
2013-03-18,4.074,4.074,4.074,4.074,10,40.74,,,,,
2013-03-19,4.074,4.074,3.966,4.074,5900,24036.6,,,,,
2013-03-20,4.086,4.35,4.086,4.35,106780,464493.0,,,,,
2013-03-21,4.615,4.651,4.615,4.651,192830,896852.33,,,,,
2013-03-22,4.915,4.915,4.338,4.446,39600,176061.59999999998,,,,,
2013-03-25,4.446,4.446,4.254,4.434,16500,73161.0,,,,,
2013-03-26,4.338,4.338,4.158,4.314,43790,188910.06,,,,,
2013-03-27,4.326,4.446,4.29,4.326,73110,316273.86,,,,,
2013-03-28,4.326,4.326,4.146,4.206,17240,72511.44,,,,,
2013-03-29,4.146,4.206,4.086,4.11,11880,48826.8,,,,,
2013-04-01,4.11,4.182,4.014,4.17,36860,153706.2,,,,,
2013-04-02,4.17,4.17,4.086,4.098,63240,259157.52,,,,,
2013-04-03,4.098,4.134,4.086,4.086,5110,20879.460000000003,,,,,
2013-04-04,4.05,4.086,3.966,3.966,48860,193778.76,,,,,
2013-04-05,4.11,4.11,3.978,3.978,28450,113174.1,,,,,
2013-04-08,4.182,4.182,4.002,4.086,5870,23984.820000000003,,,,,
2013-04-09,4.086,4.086,4.026,4.086,22720,92833.92,,,,,
2013-04-10,4.146,4.146,4.026,4.05,15270,61843.5,,,,,
2013-04-11,4.062,4.062,3.942,3.966,18400,72974.40000000001,,,,,
2013-04-12,3.918,3.99,3.894,3.954,21340,84378.36,,,,,
2013-04-15,3.918,3.942,3.882,3.942,27770,109469.34,,,,,
2013-04-16,3.966,3.966,3.846,3.846,20250,77881.5,,,,,
2013-04-17,3.954,3.954,3.846,3.93,11120,43701.6,,,,,
2013-04-18,3.954,3.954,3.822,3.822,27280,104264.16,,,,,
2013-04-22,3.942,3.942,3.725,3.822,18670,71356.74,,,,,
2013-04-23,3.846,3.846,3.785,3.785,1980,7494.3,,,,,
2013-04-24,3.894,3.894,3.846,3.846,50,192.3,,,,,
2013-04-25,3.846,3.846,3.581,3.725,7350,27378.75,,,,,
2013-04-26,3.834,3.834,3.834,3.834,20,76.68,,,,,
2013-05-02,3.797,3.809,3.725,3.725,5380,20040.5,,,,,
2013-05-03,3.846,3.846,3.725,3.737,18180,67938.66,,,,,
2013-05-06,3.906,3.906,3.785,3.822,4570,17466.54,,,,,
2013-05-07,3.809,3.809,3.809,3.809,90,342.81,,,,,
2013-05-08,3.822,3.834,3.822,3.834,100,383.4,,,,,
2013-05-09,3.785,3.797,3.725,3.725,27970,104188.25,,,,,
2013-05-10,3.665,3.785,3.665,3.773,5110,19280.03,,,,,
2013-05-13,3.822,3.822,3.725,3.785,7630,28879.55,,,,,
2013-05-14,3.737,3.797,3.725,3.797,9010,34210.97,,,,,
2013-05-15,3.749,3.966,3.749,3.834,6690,25649.46,,,,,
2013-05-16,3.761,3.761,3.761,3.761,890,3347.29,,,,,
2013-05-17,3.761,3.822,3.761,3.785,20300,76835.5,,,,,
2013-05-20,3.785,3.834,3.761,3.809,4450,16950.05,,,,,
2013-05-21,3.809,3.834,3.797,3.834,8050,30863.7,,,,,
2013-05-22,3.894,3.906,3.834,3.906,11410,44567.46,,,,,
2013-05-23,3.966,3.966,3.894,3.894,5610,21845.34,,,,,
2013-05-24,3.918,4.014,3.894,4.014,6140,24645.960000000003,,,,,
2013-05-27,4.026,4.074,3.978,4.026,7070,28463.82,,,,,
2013-05-28,3.978,3.99,3.846,3.99,13290,53027.100000000006,,,,,
2013-05-29,3.894,3.966,3.87,3.882,2770,10753.14,,,,,
2013-05-30,3.894,3.906,3.785,3.797,37790,143488.63,,,,,
2013-05-31,3.797,3.858,3.797,3.846,43960,169070.16,,,,,
2013-06-03,3.906,4.086,3.858,3.858,9970,38464.26,,,,,
2013-06-04,3.87,3.894,3.858,3.858,21670,83602.86,,,,,
2013-06-05,3.969,3.982,3.945,3.957,4690,18558.33,,,,,
2013-06-06,3.945,3.994,3.945,3.982,34540,137538.28,,,,,
2013-06-07,3.982,4.056,3.945,4.031,53060,213884.86,,,,,
2013-06-10,4.069,4.217,4.031,4.131,39520,163257.12,,,,,
2013-06-11,4.143,4.217,4.069,4.155,36650,152280.75,,,,,
2013-06-12,4.168,4.391,4.168,4.391,36730,161281.43,,,,,
2013-06-13,4.342,4.391,4.217,4.217,26830,113142.11,,,,,
2013-06-14,4.217,4.217,4.118,4.217,31780,134016.25999999998,,,,,
2013-06-17,4.217,4.217,4.131,4.131,46660,192752.46,,,,,
2013-06-18,4.131,4.205,4.093,4.205,10970,46128.85,,,,,
2013-06-19,4.317,4.317,4.18,4.242,32180,136507.56,,,,,
2013-06-20,4.317,4.466,4.242,4.354,88650,385982.1,,,,,
2013-06-21,4.404,4.466,4.354,4.366,8820,38508.12,,,,,
2013-06-24,4.366,4.466,4.292,4.391,19240,84482.84,,,,,
2013-06-25,4.416,4.416,4.131,4.317,43440,187530.48,,,,,
2013-06-26,4.342,4.342,4.18,4.304,18590,80011.36,,,,,
2013-06-27,4.317,4.317,4.217,4.292,32620,140005.04,,,,,
2013-06-28,4.217,4.279,4.217,4.217,19010,80165.17,,,,,
2013-07-01,4.279,4.304,4.217,4.304,31470,135446.88,,,,,
2013-07-02,4.354,4.354,4.217,4.23,21180,89591.40000000001,,,,,
2013-07-03,4.279,4.279,4.255,4.255,240,1021.2,,,,,
2013-07-04,4.255,4.255,4.118,4.131,24310,100424.61,,,,,
2013-07-05,4.205,4.205,4.143,4.155,45390,188595.45,,,,,
2013-07-08,4.143,4.217,4.131,4.217,30920,130389.63999999998,,,,,
2013-07-09,4.131,4.217,4.131,4.155,35350,146879.25,,,,,
2013-07-10,4.217,4.217,4.155,4.155,28230,117295.65,,,,,
2013-07-11,4.205,4.391,4.205,4.317,69510,300074.67,,,,,
2013-07-12,4.317,4.466,4.317,4.329,1770,7662.33,,,,,
2013-07-15,4.242,4.342,4.23,4.23,12650,53509.50000000001,,,,,
2013-07-16,4.292,4.292,4.217,4.23,3150,13324.500000000002,,,,,
2013-07-17,4.329,4.329,4.242,4.279,2670,11424.93,,,,,
2013-07-18,4.279,4.292,4.242,4.279,2610,11168.19,,,,,
2013-07-19,4.279,4.317,4.242,4.304,11820,50873.280000000006,,,,,
2013-07-22,4.329,4.466,4.292,4.466,72120,322087.92000000004,,,,,
2013-07-23,4.466,4.763,4.466,4.676,59970,280419.72000000003,,,,,
2013-07-24,4.676,4.714,4.503,4.577,13340,61057.18,,,,,
2013-07-25,4.354,4.577,4.354,4.428,12750,56457.0,,,,,
2013-07-26,4.466,4.466,4.404,4.453,5430,24179.79,,,,,
2013-07-29,4.466,4.466,4.304,4.391,14920,65513.72,,,,,
2013-07-30,4.304,4.404,4.304,4.404,4510,19862.04,,,,,
2013-07-31,4.354,4.404,4.23,4.404,25460,112125.84,,,,,
2013-08-01,4.404,4.404,4.404,4.404,6400,28185.6,,,,,
2013-08-02,4.267,4.404,4.267,4.404,3120,13740.48,,,,,
2013-08-05,4.404,4.59,4.404,4.503,55190,248520.57,,,,,
2013-08-06,4.528,4.788,4.528,4.664,79460,370601.44,,,,,
2013-08-07,4.751,4.751,4.664,4.714,14100,66467.40000000001,,,,,
2013-08-08,4.652,4.701,4.565,4.59,25610,117549.9,,,,,
2013-08-09,4.59,4.59,4.49,4.49,15740,70672.6,,,,,
2013-08-12,4.49,4.59,4.416,4.552,7090,32273.68,,,,,
2013-08-13,4.552,4.689,4.441,4.59,33320,152938.8,,,,,
2013-08-14,4.59,4.614,4.54,4.59,9420,43237.8,,,,,
2013-08-15,4.676,4.689,4.59,4.614,20190,93156.66,,,,,
2013-08-16,4.639,4.639,4.466,4.478,22570,101068.46,,,,,
2013-08-19,4.552,4.614,4.478,4.49,17220,77317.8,,,,,
2013-08-20,4.577,4.577,4.453,4.49,12860,57741.4,,,,,
2013-08-21,4.466,4.59,4.453,4.552,30770,140065.03999999998,,,,,
2013-08-22,4.478,4.565,4.466,4.466,27300,121921.8,,,,,
2013-08-23,4.528,4.528,4.404,4.503,15830,71282.49,,,,,
2013-08-26,4.503,4.528,4.416,4.528,10710,48494.88,,,,,
2013-08-27,4.49,4.49,4.466,4.466,2800,12504.8,,,,,
2013-08-28,4.466,4.466,4.267,4.428,15080,66774.24,,,,,
2013-08-29,4.478,4.478,4.404,4.466,1140,5091.24,,,,,
2013-08-30,4.404,4.466,4.354,4.466,4750,21213.5,,,,,
2013-09-03,4.466,4.466,4.354,4.354,2350,10231.9,,,,,
2013-09-04,4.354,4.391,4.267,4.292,8530,36610.76,,,,,
2013-09-05,4.279,4.304,4.255,4.304,7310,31462.24,,,,,
2013-09-06,4.342,4.379,4.304,4.342,5120,22231.04,,,,,
2013-09-09,4.391,4.404,4.379,4.379,430,1882.97,,,,,
2013-09-10,4.217,4.379,4.217,4.379,1020,4466.58,,,,,
2013-09-11,4.404,4.404,4.317,4.391,9280,40748.48,,,,,
2013-09-12,4.317,4.391,4.317,4.391,1900,8342.9,,,,,
2013-09-13,4.329,4.466,4.317,4.404,1430,6297.72,,,,,
2013-09-16,4.329,4.416,4.329,4.416,470,2075.52,,,,,
2013-09-17,4.342,4.391,4.267,4.292,7720,33134.24,,,,,
2013-09-18,4.379,4.379,4.292,4.292,3160,13562.72,,,,,
2013-09-19,4.329,4.329,4.292,4.317,4800,20721.6,,,,,
2013-09-20,4.329,4.342,4.279,4.342,22950,99648.9,,,,,
2013-09-23,4.342,4.453,4.329,4.453,14870,66216.11,,,,,
2013-09-24,4.404,4.441,4.404,4.404,11960,52671.84,,,,,
2013-09-25,4.404,4.416,4.342,4.342,37750,163910.5,,,,,
2013-09-26,4.304,4.366,4.292,4.354,8110,35310.94,,,,,
2013-09-27,4.342,4.391,4.329,4.366,4130,18031.58,,,,,
2013-09-30,4.379,4.391,4.342,4.391,38530,169185.23,,,,,
2013-10-01,4.391,4.391,4.304,4.317,33510,144662.67,,,,,
2013-10-02,4.404,4.404,4.317,4.342,6170,26790.14,,,,,
2013-10-03,4.342,4.391,4.329,4.329,2840,12294.36,,,,,
2013-10-04,4.342,4.354,4.317,4.317,9850,42522.45,,,,,
2013-10-07,4.329,4.354,4.329,4.354,7910,34440.14,,,,,
2013-10-08,4.354,4.354,4.329,4.354,7950,34614.3,,,,,
2013-10-09,4.366,4.652,4.366,4.652,55960,260325.92,,,,,
2013-10-10,4.738,4.776,4.664,4.714,46360,218541.04,,,,,
2013-10-11,4.714,4.776,4.652,4.652,28770,133838.04,,,,,
2013-10-14,4.652,4.652,4.54,4.565,6470,29535.550000000003,,,,,
2013-10-15,4.54,4.59,4.528,4.54,16480,74819.2,,,,,
2013-10-16,4.59,4.776,4.54,4.701,19980,93925.98,,,,,
2013-10-17,4.652,4.701,4.59,4.652,13450,62569.4,,,,,
2013-10-18,4.59,4.652,4.59,4.652,4000,18608.0,,,,,
2013-10-21,4.342,4.652,4.342,4.614,14860,68564.04,,,,,
2013-10-22,4.59,4.59,4.466,4.466,26450,118125.7,,,,,
2013-10-23,4.59,4.59,4.466,4.59,7570,34746.3,,,,,
2013-10-24,4.515,4.528,4.49,4.528,1550,7018.4,,,,,
2013-10-25,4.54,4.54,4.478,4.503,13640,61420.92,,,,,
2013-10-28,4.528,4.528,4.49,4.49,15250,68472.5,,,,,
2013-10-29,4.49,4.54,4.49,4.528,23890,108173.91999999998,,,,,
2013-10-30,4.528,4.59,4.528,4.54,19270,87485.8,,,,,
2013-10-31,4.54,4.552,4.503,4.552,24810,112935.12,,,,,
2013-11-01,4.552,4.552,4.466,4.515,19360,87410.4,,,,,
2013-11-04,4.49,4.528,4.404,4.466,84230,376171.18,,,,,
2013-11-05,4.503,4.503,4.466,4.503,19560,88078.68000000001,,,,,
2013-11-06,4.528,4.528,4.478,4.503,9240,41607.72,,,,,
2013-11-07,4.503,4.54,4.503,4.503,12270,55251.810000000005,,,,,
2013-11-08,4.503,4.54,4.49,4.515,6490,29302.35,,,,,
2013-11-11,4.478,4.577,4.478,4.577,14690,67236.13,,,,,
2013-11-12,4.652,4.652,4.552,4.59,15190,69722.09999999999,,,,,
2013-11-13,4.602,4.602,4.552,4.577,17460,79914.42,,,,,
2013-11-14,4.603,4.705,4.501,4.59,8330,38234.7,,,,,
2013-11-15,4.603,4.603,4.552,4.603,3660,16846.98,,,,,
2013-11-18,4.564,4.73,4.564,4.717,25730,121368.41,,,,,
2013-11-19,4.717,4.717,4.717,4.717,30330,143066.61,,,,,
2013-11-20,4.717,4.845,4.666,4.845,23940,115989.3,,,,,
2013-11-21,4.781,4.858,4.781,4.819,6170,29733.23,,,,,
2013-11-22,4.666,4.819,4.654,4.654,3200,14892.8,,,,,
2013-11-25,4.756,4.756,4.641,4.641,6420,29795.22,,,,,
2013-11-26,4.628,4.819,4.628,4.692,4640,21770.88,,,,,
2013-11-27,4.692,4.832,4.666,4.666,5010,23376.660000000003,,,,,
2013-11-28,4.679,4.73,4.628,4.666,1090,5085.9400000000005,,,,,
2013-11-29,4.641,4.666,4.641,4.654,2730,12705.42,,,,,
2013-12-02,4.654,4.717,4.603,4.717,2990,14103.829999999998,,,,,
2013-12-03,4.654,4.743,4.654,4.743,2370,11240.910000000002,,,,,
2013-12-04,4.781,4.781,4.679,4.717,3050,14386.85,,,,,
2013-12-05,4.717,4.743,4.717,4.73,9080,42948.4,,,,,
2013-12-06,4.717,4.781,4.717,4.781,13700,65499.7,,,,,
2013-12-09,4.781,4.781,4.717,4.717,5420,25566.14,,,,,
2013-12-10,4.717,4.794,4.717,4.73,15780,74639.40000000001,,,,,
2013-12-11,4.692,4.73,4.654,4.73,8820,41718.600000000006,,,,,
2013-12-12,4.654,4.705,4.628,4.705,2120,9974.6,,,,,
2013-12-13,4.705,4.845,4.666,4.756,5010,23827.56,,,,,
2013-12-16,4.666,4.743,4.666,4.743,3460,16410.780000000002,,,,,
2013-12-17,4.781,4.781,4.666,4.679,1230,5755.17,,,,,
2013-12-18,4.781,4.781,4.781,4.781,1000,4781.0,,,,,
2013-12-19,4.717,4.768,4.705,4.73,4860,22987.800000000003,,,,,
2013-12-20,4.768,4.768,4.717,4.717,18310,86368.26999999999,,,,,
2013-12-23,4.756,4.781,4.717,4.781,24270,116034.87,,,,,
2013-12-24,4.781,4.845,4.781,4.807,13670,65711.69,,,,,
2013-12-25,4.832,4.832,4.781,4.781,18540,88639.73999999999,,,,,
2013-12-26,4.781,4.781,4.781,4.781,1890,9036.09,,,,,
2013-12-27,4.794,4.794,4.768,4.794,5400,25887.6,,,,,
2013-12-30,4.781,4.781,4.666,4.666,7970,37188.02,,,,,
2013-12-31,4.628,4.768,4.628,4.756,790,3757.24,,,,,
2014-01-02,4.756,4.768,4.756,4.768,2410,11490.88,,,,,
2014-01-03,4.756,4.794,4.717,4.794,13010,62369.94,,,,,
2014-01-06,4.807,5.113,4.807,5.1,55630,283713.0,,,,,
2014-01-07,5.036,5.1,5.011,5.1,20980,106998.0,,,,,
2014-01-08,5.023,5.227,5.011,5.215,43410,226383.15,,,,,
2014-01-09,5.355,5.355,5.138,5.151,58460,301127.46,,,,,
2014-01-10,5.164,5.227,5.164,5.164,67400,348053.6,,,,,
2014-01-13,5.164,5.47,5.151,5.151,22490,115845.99,,,,,
2014-01-14,5.113,5.176,5.113,5.151,51480,265173.48,,,,,
2014-01-15,5.176,5.508,5.176,5.508,44560,245436.48,,,,,
2014-01-16,5.89,5.89,5.89,5.89,25610,150842.9,,,,,
2014-01-17,6.235,6.235,5.929,6.082,162880,990636.16,,,,,
2014-01-20,6.056,6.107,5.737,5.992,72790,436157.68,,,,,
2014-01-21,6.12,6.375,5.98,6.375,73610,469263.75,,,,,
2014-01-22,6.375,6.502,6.107,6.133,135440,830653.52,,,,,
2014-01-23,6.133,6.362,6.12,6.209,63280,392905.52,,,,,
2014-01-24,6.247,6.439,6.247,6.311,78480,495287.28,,,,,
2014-01-27,6.375,6.375,6.26,6.337,50580,320525.46,,,,,
2014-02-06,6.247,6.337,6.222,6.311,124760,787360.36,,,,,
2014-02-07,6.311,6.694,6.311,6.502,96230,625687.46,,,,,
2014-02-10,6.63,6.949,6.566,6.949,35310,245369.19,,,,,
2014-02-11,6.949,7.331,6.949,7.012,57190,401016.28,,,,,
2014-02-12,7.14,7.395,7.012,7.395,41360,305857.19999999995,,,,,
2014-02-13,7.522,7.522,7.012,7.267,85910,624307.97,,,,,
2014-02-14,7.267,7.267,7.076,7.267,108020,784981.3400000001,,,,,
2014-02-17,7.267,7.267,7.14,7.204,41090,296012.36,,,,,
2014-02-18,7.267,7.267,7.012,7.14,45940,328011.6,,,,,
2014-02-19,7.14,7.267,7.076,7.267,55640,404335.88,,,,,
2014-02-20,7.331,7.331,6.885,6.885,119320,821518.2,,,,,
2014-02-21,7.012,7.076,6.821,7.076,35300,249782.8,,,,,
2014-02-24,7.076,7.076,7.012,7.076,21020,148737.52,,,,,
2014-02-25,7.012,7.14,7.012,7.14,36570,261109.8,,,,,
2014-02-26,7.204,7.204,6.885,7.076,18350,129844.6,,,,,
2014-02-27,7.14,7.14,7.012,7.076,27830,196925.08,,,,,
2014-02-28,6.885,7.012,6.885,7.012,19130,134139.56,,,,,
2014-03-03,7.012,7.012,6.821,6.821,13000,88673.0,,,,,
2014-03-04,6.821,6.821,6.63,6.694,18100,121161.4,,,,,
2014-03-05,6.885,7.14,6.885,7.14,35120,250756.8,,,,,
2014-03-06,7.267,7.586,7.267,7.586,67710,513648.06,,,,,
2014-03-07,7.841,7.841,7.586,7.65,37000,283050.0,,,,,
2014-03-10,7.586,7.586,7.459,7.586,27210,206415.06,,,,,
2014-03-11,7.586,7.65,7.522,7.65,27980,214047.0,,,,,
2014-03-12,7.777,8.16,7.777,8.032,94390,758140.48,,,,,
2014-03-13,8.096,8.096,7.777,8.032,5460,43854.72,,,,,
2014-03-14,8.096,8.287,7.969,8.287,68870,570725.6900000001,,,,,
2014-03-17,8.032,8.287,8.032,8.224,11580,95233.92,,,,,
2014-03-18,8.224,8.287,8.032,8.224,19350,159134.4,,,,,
2014-03-19,8.67,8.734,8.415,8.606,54590,469801.54,,,,,
2014-03-20,8.925,9.18,8.67,8.734,146050,1275600.7,,,,,
2014-03-21,8.925,8.925,8.479,8.606,42300,364033.8,,,,,
2014-03-24,8.542,8.734,8.542,8.67,37250,322957.5,,,,,
2014-03-25,8.606,8.606,8.351,8.415,33660,283248.9,,,,,
2014-03-26,8.351,8.351,7.841,7.905,82080,648842.4,,,,,
2014-03-27,7.905,7.905,7.586,7.841,29510,231387.91,,,,,
2014-03-28,7.714,8.287,7.714,7.969,108920,867983.48,,,,,
2014-03-31,8.032,8.096,7.905,7.969,40830,325374.27,,,,,
2014-04-01,7.905,8.032,7.841,7.969,31840,253732.96,,,,,
2014-04-02,7.905,7.905,7.586,7.65,31250,239062.5,,,,,
2014-04-03,7.905,8.032,7.777,7.905,26350,208296.75,,,,,
2014-04-04,7.905,8.096,7.841,7.905,10150,80235.75,,,,,
2014-04-07,7.905,7.969,7.905,7.969,10340,82399.46,,,,,
2014-04-08,7.905,8.032,7.905,8.032,9350,75099.2,,,,,
2014-04-10,7.905,8.032,7.905,7.969,20540,163683.26,,,,,
2014-04-11,7.905,7.969,7.777,7.841,13690,107343.29,,,,,
2014-04-14,7.905,7.905,7.777,7.777,59640,463820.28,,,,,
2014-04-15,7.777,7.841,7.714,7.777,7720,60038.44,,,,,
2014-04-16,7.777,7.777,7.459,7.777,32710,254385.67,,,,,
2014-04-17,7.841,7.841,7.714,7.777,10310,80180.87,,,,,
2014-04-18,7.777,7.777,7.459,7.586,16130,122362.18,,,,,
2014-04-21,7.522,7.522,7.14,7.14,34850,248829.0,,,,,
2014-04-22,7.14,7.395,6.694,7.076,39570,279997.32,,,,,
2014-04-23,7.076,7.395,7.076,7.14,12530,89464.2,,,,,
2014-04-24,7.204,7.204,7.012,7.204,5720,41206.88,,,,,
2014-04-25,7.076,7.395,7.076,7.395,11220,82971.9,,,,,
2014-04-28,7.459,7.459,7.267,7.267,5080,36916.36,,,,,
2014-04-29,7.267,7.331,7.267,7.331,27140,198963.34,,,,,
2014-05-05,7.395,7.395,7.076,7.331,18160,133130.96000000002,,,,,
2014-05-06,7.14,7.267,6.885,7.14,15290,109170.6,,,,,
2014-05-07,7.012,7.204,7.012,7.076,4430,31346.68,,,,,
2014-05-08,7.076,7.076,6.63,6.63,79920,529869.6,,,,,
2014-05-09,6.757,6.821,6.63,6.757,16730,113044.61,,,,,
2014-05-12,6.63,6.63,6.286,6.286,27920,175505.12,,,,,
2014-05-13,6.286,6.311,6.12,6.184,20110,124360.24,,,,,
2014-05-14,6.375,6.566,6.184,6.502,26680,173473.36,,,,,
2014-05-15,6.831,6.831,6.502,6.555,15680,102782.4,,,,,
2014-05-16,6.568,6.634,6.555,6.634,18950,125714.3,,,,,
2014-05-19,6.831,6.831,6.502,6.765,27120,183466.8,,,,,
2014-05-20,6.568,6.699,6.502,6.568,22530,147977.03999999998,,,,,
2014-05-21,6.568,6.896,6.568,6.896,7620,52547.52,,,,,
2014-05-22,6.896,7.159,6.765,6.831,15520,106017.12,,,,,
2014-05-23,6.831,6.831,6.699,6.699,8440,56539.56,,,,,
2014-05-26,6.699,6.765,6.699,6.765,920,6223.799999999999,,,,,
2014-05-27,6.765,6.962,6.699,6.896,51290,353695.84,,,,,
2014-05-28,6.896,7.093,6.896,6.962,8380,58341.56,,,,,
2014-05-29,6.896,6.962,6.896,6.962,1240,8632.88,,,,,
2014-05-30,6.831,7.028,6.831,6.896,9460,65236.16,,,,,
2014-06-02,6.831,6.831,6.699,6.831,13040,89076.24,,,,,
2014-06-03,6.896,6.896,6.699,6.831,12730,86958.63,,,,,
2014-06-04,6.831,6.896,6.699,6.831,48140,328844.34,,,,,
2014-06-05,6.765,6.896,6.699,6.896,16700,115163.2,,,,,
2014-06-06,6.896,7.028,6.896,7.028,30580,214916.24,,,,,
2014-06-09,7.093,7.093,6.962,7.028,1330,9347.24,,,,,
2014-06-10,6.962,6.962,6.896,6.962,28710,199879.02,,,,,
2014-06-11,6.896,7.028,6.896,6.962,32510,226334.62,,,,,
2014-06-12,7.028,7.028,6.896,6.962,6310,43930.22,,,,,
2014-06-13,7.093,7.093,6.962,6.962,18160,126429.92,,,,,
2014-06-16,6.896,6.962,6.896,6.962,19930,138752.66,,,,,
2014-06-17,6.896,6.962,6.831,6.962,25620,178366.44,,,,,
2014-06-18,6.962,6.962,6.896,6.962,41210,286904.02,,,,,
2014-06-19,6.962,6.962,6.831,6.896,14980,103302.08,,,,,
2014-06-20,6.831,6.962,6.831,6.896,13750,94820.0,,,,,
2014-06-23,6.962,6.962,6.831,6.896,2240,15447.04,,,,,
2014-06-24,6.896,7.028,6.896,6.962,33230,231347.26,,,,,
2014-06-25,6.962,7.028,6.962,7.028,26150,183782.2,,,,,
2014-06-26,7.028,7.093,6.962,7.093,49160,348691.88,,,,,
2014-06-27,6.962,7.028,6.962,7.028,37200,261441.6,,,,,
2014-06-30,7.028,7.093,6.962,7.093,40480,287124.64,,,,,
2014-07-01,7.028,7.225,7.028,7.225,17520,126582.0,,,,,
2014-07-02,7.159,7.685,7.093,7.685,37830,290723.55,,,,,
2014-07-03,7.685,7.685,7.488,7.553,9540,72055.62,,,,,
2014-07-04,7.488,7.553,7.356,7.422,9050,67169.09999999999,,,,,
2014-07-07,7.422,7.422,7.225,7.291,38160,278224.56,,,,,
2014-07-08,7.291,7.291,7.093,7.291,17990,131165.09,,,,,
2014-07-09,7.356,7.356,7.159,7.225,4960,35836.0,,,,,
2014-07-10,7.225,7.225,7.159,7.159,9980,71446.81999999999,,,,,
2014-07-11,7.159,7.225,7.093,7.225,1990,14377.75,,,,,
2014-07-14,7.291,7.291,7.225,7.225,300,2167.5,,,,,
2014-07-15,7.225,7.291,7.159,7.159,14080,100798.72,,,,,
2014-07-16,7.225,7.356,7.159,7.356,23600,173601.6,,,,,
2014-07-17,7.356,7.356,7.291,7.356,9730,71573.88,,,,,
2014-07-18,7.291,7.488,7.291,7.488,28580,214007.04,,,,,
2014-07-21,7.488,7.816,7.488,7.685,44600,342751.0,,,,,
2014-07-22,7.685,8.079,7.685,8.013,130990,1049622.87,,,,,
2014-07-23,8.013,8.079,7.816,7.882,33680,265465.76,,,,,
2014-07-24,7.882,8.407,7.882,8.407,180870,1520574.09,,,,,
2014-07-25,8.407,8.407,8.21,8.276,44270,366378.52,,,,,
2014-07-28,8.276,8.276,8.013,8.144,56570,460706.08,,,,,
2014-07-29,8.144,8.21,8.013,8.144,18850,153514.4,,,,,
2014-07-30,8.144,8.276,8.144,8.21,26710,219289.10000000003,,,,,
2014-07-31,8.21,8.538,8.21,8.538,37850,323163.3,,,,,
2014-08-01,8.538,8.933,8.538,8.801,109750,965909.75,,,,,
2014-08-04,8.801,8.867,8.67,8.801,56620,498312.62,,,,,
2014-08-05,8.801,8.801,8.67,8.801,67780,596531.78,,,,,
2014-08-06,8.735,8.801,8.67,8.67,48700,422229.0,,,,,
2014-08-07,8.538,8.867,8.538,8.801,41880,368585.88,,,,,
2014-08-08,8.67,8.933,8.67,8.67,17300,149991.0,,,,,
2014-08-11,8.801,8.801,8.735,8.801,24220,213160.22,,,,,
2014-08-12,8.867,8.867,8.735,8.735,18350,160287.25,,,,,
2014-08-13,8.867,8.867,8.801,8.867,26950,238965.65,,,,,
2014-08-14,8.998,9.195,8.933,9.13,125140,1142528.2000000002,,,,,
2014-08-15,8.998,9.13,8.998,9.064,25770,233579.28,,,,,
2014-08-18,9.064,9.064,8.801,8.867,64410,571123.4700000001,,,,,
2014-08-19,8.67,8.867,8.473,8.473,71840,608700.3200000001,,,,,
2014-08-20,8.407,8.867,8.407,8.801,44250,389444.25,,,,,
2014-08-21,8.867,8.867,8.67,8.801,72400,637192.4,,,,,
2014-08-22,8.801,8.867,8.735,8.867,48160,427034.72,,,,,
2014-08-25,8.801,8.867,8.67,8.801,100290,882652.29,,,,,
2014-08-26,8.801,8.867,8.67,8.735,99660,870530.1,,,,,
2014-08-27,9.339,9.339,9.123,9.142,76270,697260.34,,,,,
2014-08-28,9.142,9.162,9.103,9.103,28100,255794.3,,,,,
2014-08-29,9.063,9.103,9.024,9.024,30870,278570.87999999995,,,,,
2014-09-03,9.024,9.024,8.827,8.827,55430,489280.61,,,,,
2014-09-04,8.768,8.768,8.669,8.709,45850,399307.65,,,,,
2014-09-05,8.709,8.728,8.63,8.709,20590,179318.31,,,,,
2014-09-08,8.709,8.709,8.61,8.61,11640,100220.4,,,,,
2014-09-09,8.63,8.866,8.472,8.571,29550,253273.05,,,,,
2014-09-10,8.571,8.63,8.472,8.63,3110,26839.300000000003,,,,,
2014-09-11,8.571,8.709,8.512,8.571,4960,42512.16,,,,,
2014-09-12,8.591,8.591,8.551,8.571,51920,445006.32,,,,,
2014-09-15,8.571,8.571,8.472,8.472,12670,107340.24,,,,,
2014-09-16,8.472,8.472,8.354,8.453,7810,66017.93,,,,,
2014-09-17,8.472,8.472,8.275,8.275,19930,164920.75,,,,,
2014-09-18,8.275,8.334,8.196,8.334,4510,37586.34,,,,,
2014-09-19,8.295,8.374,8.275,8.374,4490,37599.26,,,,,
2014-09-22,8.374,8.374,8.137,8.157,8150,66479.55,,,,,
2014-09-23,8.157,8.216,8.059,8.059,8020,64633.17999999999,,,,,
2014-09-24,7.96,7.96,7.822,7.822,22550,176386.1,,,,,
2014-09-25,7.704,7.724,7.566,7.684,41810,321268.04,,,,,
2014-09-26,7.684,8.137,7.684,8.039,25670,206361.13,,,,,
2014-09-29,8.039,8.039,7.862,7.862,19090,150085.58000000002,,,,,
2014-09-30,7.862,8.394,7.33,8.374,33480,280361.52,,,,,
2014-10-01,8.669,8.669,8.236,8.256,2670,22043.52,,,,,
2014-10-02,8.295,8.295,8.236,8.256,27110,223820.16,,,,,
2014-10-03,8.196,8.256,7.862,7.98,28390,226552.2,,,,,
2014-10-06,7.98,7.98,7.842,7.842,21270,166799.34,,,,,
2014-10-07,7.822,7.94,7.822,7.94,2740,21755.6,,,,,
2014-10-08,7.881,7.881,7.684,7.743,33650,260551.95,,,,,
2014-10-09,7.783,7.94,7.684,7.94,15970,126801.8,,,,,
2014-10-10,7.743,7.763,7.684,7.704,28490,219486.96,,,,,
2014-10-13,7.684,7.684,7.566,7.566,33820,255882.12,,,,,
2014-10-14,7.566,7.586,7.487,7.487,74230,555760.01,,,,,
2014-10-15,7.487,7.645,7.448,7.487,13410,100400.67,,,,,
2014-10-16,7.487,7.507,7.428,7.428,20210,150119.88,,,,,
2014-10-17,7.487,7.507,7.408,7.467,42470,317123.49,,,,,
2014-10-20,7.487,7.527,7.448,7.507,26170,196458.19,,,,,
2014-10-21,7.546,7.546,7.389,7.467,26850,200488.95,,,,,
2014-10-22,7.467,7.566,7.33,7.527,23150,174250.05000000002,,,,,
2014-10-23,7.487,7.487,7.369,7.487,3580,26803.46,,,,,
2014-10-24,7.487,7.487,7.369,7.487,3640,27252.68,,,,,
2014-10-27,7.467,7.507,7.408,7.408,20180,149493.44,,,,,
2014-10-28,7.251,7.408,7.251,7.408,6540,48448.32,,,,,
2014-10-29,7.389,7.408,7.389,7.408,8590,63634.72,,,,,
2014-10-30,7.408,7.487,7.349,7.349,14320,105237.68,,,,,
2014-10-31,7.467,7.684,7.349,7.684,8220,63162.48,,,,,
2014-11-03,7.684,7.783,7.664,7.763,15640,121413.32,,,,,
2014-11-04,7.783,7.783,7.724,7.743,6800,52652.4,,,,,
2014-11-05,7.783,7.783,7.724,7.783,17900,139315.7,,,,,
2014-11-06,7.822,7.842,7.743,7.822,21100,165044.2,,,,,
2014-11-07,7.862,7.862,7.783,7.783,10590,82421.97,,,,,
2014-11-10,7.763,7.862,7.763,7.822,5690,44507.18,,,,,
2014-11-11,7.842,7.862,7.743,7.783,10380,80787.54000000001,,,,,
2014-11-12,7.802,7.802,7.783,7.802,23240,181318.48,,,,,
2014-11-13,7.802,7.862,7.783,7.862,23850,187508.7,,,,,
2014-11-14,7.862,7.98,7.783,7.98,38070,303798.60000000003,,,,,
2014-11-17,7.881,8.275,7.881,8.275,65660,543336.5,,,,,
2014-11-18,8.551,8.61,8.315,8.571,52950,453834.45,,,,,
2014-11-19,8.591,8.591,8.275,8.275,19780,163679.5,,,,,
2014-11-20,8.216,8.551,8.216,8.472,41100,348199.19999999995,,,,,
2014-11-21,8.472,8.512,8.315,8.315,49240,409430.6,,,,,
2014-11-24,8.315,8.512,8.315,8.512,29190,248465.28,,,,,
2014-11-25,8.315,8.551,8.315,8.531,13760,117386.56,,,,,
2014-11-26,8.531,8.531,8.394,8.472,21350,180877.2,,,,,
2014-11-27,8.334,8.472,8.315,8.453,11900,100590.7,,,,,
2014-11-28,8.453,8.453,8.315,8.433,8870,74800.70999999999,,,,,
2014-12-01,8.453,8.61,8.453,8.492,24140,204996.88000000003,,,,,
2014-12-02,8.472,8.492,8.453,8.453,7060,59678.17999999999,,,,,
2014-12-03,8.453,8.453,8.413,8.453,540,4564.62,,,,,
2014-12-04,8.394,8.433,8.315,8.374,1670,13984.580000000002,,,,,
2014-12-05,8.295,8.472,8.275,8.433,15220,128350.26,,,,,
2014-12-08,8.275,8.413,8.256,8.413,7880,66294.44,,,,,
2014-12-09,8.275,8.394,8.216,8.216,7440,61127.03999999999,,,,,
2014-12-10,8.196,8.196,7.98,8.196,7810,64010.76,,,,,
2014-12-11,8.059,8.078,8.019,8.019,1300,10424.7,,,,,
2014-12-12,8.078,8.137,7.96,8.078,3720,30050.16,,,,,
2014-12-15,8.118,8.118,8.078,8.118,1000,8118.0,,,,,
2014-12-16,8.078,8.078,7.645,7.645,13950,106647.75,,,,,
2014-12-17,7.684,7.684,7.448,7.684,14210,109189.64,,,,,
2014-12-18,7.684,7.96,7.684,7.96,7190,57232.4,,,,,
2014-12-19,7.98,7.98,7.684,7.684,1930,14830.12,,,,,
2014-12-22,7.684,7.96,7.684,7.96,5780,46008.8,,,,,
2014-12-23,7.96,8.019,7.802,7.802,30410,237258.82,,,,,
2014-12-24,7.96,7.96,7.96,7.96,1610,12815.6,,,,,
2014-12-25,7.881,7.98,7.881,7.921,6060,48001.26,,,,,
2014-12-26,7.98,7.98,7.684,7.98,1360,10852.8,,,,,
2014-12-29,7.98,8.078,7.881,8.078,14800,119554.4,,,,,
2014-12-30,8.078,8.177,7.881,8.177,50850,415800.45,,,,,
2014-12-31,8.275,8.275,8.078,8.236,96830,797491.8800000001,,,,,
2015-01-05,8.236,8.275,8.236,8.256,33740,278557.44,,,,,
2015-01-06,8.216,8.275,8.216,8.275,26170,216556.75,,,,,
2015-01-07,8.275,8.374,8.275,8.374,10100,84577.40000000001,,,,,
2015-01-08,8.374,8.374,8.275,8.275,7190,59497.25,,,,,
2015-01-09,8.374,8.413,8.374,8.374,12870,107773.38,,,,,
2015-01-12,8.374,8.591,8.374,8.531,28490,243048.19,,,,,
2015-01-13,8.374,8.531,8.374,8.531,25690,219161.39,,,,,
2015-01-14,8.531,8.65,8.492,8.65,53980,466927.0,,,,,
2015-01-15,8.669,8.847,8.669,8.847,25120,222236.64,,,,,
2015-01-16,8.866,9.201,8.768,9.201,122700,1128962.7,,,,,
2015-01-19,9.201,9.241,9.063,9.241,61720,570354.52,,,,,
2015-01-20,9.201,9.201,8.965,9.182,22590,207421.38,,,,,
2015-01-21,9.182,9.182,8.985,9.162,28680,262766.16000000003,,,,,
2015-01-22,9.142,9.142,8.866,9.063,32160,291466.08,,,,,
2015-01-23,9.083,9.103,9.044,9.044,73330,663196.52,,,,,
2015-01-26,9.044,9.063,8.985,9.063,37630,341040.69,,,,,
2015-01-27,9.063,9.162,9.063,9.162,80720,739556.64,,,,,
2015-01-28,9.221,9.221,9.162,9.221,16770,154636.17,,,,,
2015-01-29,9.162,9.162,9.063,9.063,13010,117909.63,,,,,
2015-01-30,9.063,9.162,9.063,9.162,51320,470193.84,,,,,
2015-02-02,9.142,9.182,9.083,9.162,87900,805339.8,,,,,
2015-02-03,9.162,9.398,9.063,9.379,80910,758854.89,,,,,
2015-02-04,9.359,9.359,9.359,9.359,10,93.59,,,,,
2015-02-05,9.063,9.339,9.063,9.339,17480,163245.72,,,,,
2015-02-06,9.32,9.359,9.26,9.32,18590,173258.80000000002,,,,,
2015-02-09,9.26,9.32,9.063,9.32,8820,82202.40000000001,,,,,
2015-02-10,9.063,9.339,9.063,9.339,29030,271111.17,,,,,
2015-02-11,9.26,9.556,9.26,9.517,43870,417510.79,,,,,
2015-02-12,9.457,9.556,9.457,9.556,28890,276072.84,,,,,
2015-02-13,9.556,9.556,9.457,9.556,610,5829.16,,,,,
2015-02-24,9.556,9.556,9.536,9.556,52560,502263.3599999999,,,,,
2015-02-25,9.556,9.595,9.26,9.477,13040,123580.08,,,,,
2015-02-26,9.556,9.556,9.359,9.359,2730,25550.07,,,,,
2015-02-27,9.359,9.457,9.28,9.457,4970,47001.29,,,,,
2015-03-02,9.32,9.457,9.26,9.457,4270,40381.39000000001,,,,,
2015-03-03,9.26,9.556,9.26,9.556,27040,258394.24,,,,,
2015-03-04,9.556,9.576,9.556,9.576,8770,83981.52,,,,,
2015-03-05,9.497,9.595,9.497,9.595,420,4029.9,,,,,
2015-03-06,9.615,9.635,9.359,9.635,35880,345703.8,,,,,
2015-03-09,9.655,9.655,9.556,9.556,2710,25896.76,,,,,
2015-03-10,9.556,9.556,9.497,9.497,27120,257558.64,,,,,
2015-03-11,9.497,9.556,9.457,9.517,13510,128574.67,,,,,
2015-03-12,9.517,9.536,9.517,9.536,1890,18023.04,,,,,
2015-03-13,9.536,9.536,9.28,9.28,1010,9372.8,,,,,
2015-03-16,9.536,9.536,9.063,9.063,3470,31448.61,,,,,
2015-03-17,9.457,9.556,9.063,9.103,9460,86114.38,,,,,
2015-03-18,9.26,9.418,9.201,9.418,2830,26652.94,,,,,
2015-03-19,9.457,9.457,8.965,8.965,17450,156439.25,,,,,
2015-03-20,9.28,9.28,8.985,9.28,510,4732.799999999999,,,,,
2015-03-23,9.28,9.339,9.044,9.339,3720,34741.08,,,,,
2015-03-24,9.339,9.339,9.339,9.339,0,0.0,,,,,
2015-03-25,8.985,9.241,8.965,8.985,12540,112671.9,,,,,
2015-03-26,8.985,9.123,8.985,8.985,12170,109347.45,,,,,
2015-03-27,8.985,9.103,8.985,9.063,67180,608852.3400000001,,,,,
2015-03-30,9.063,9.162,9.063,9.162,171940,1575314.28,,,,,
2015-03-31,9.063,9.162,9.063,9.123,2070,18884.61,,,,,
2015-04-01,8.985,9.32,8.886,9.32,900,8388.0,,,,,
2015-04-02,9.32,9.32,9.32,9.32,0,0.0,,,,,
2015-04-03,9.359,9.359,9.359,9.359,20,187.18,,,,,
2015-04-06,9.26,9.26,8.985,9.221,30,276.63,,,,,
2015-04-07,9.063,9.221,9.044,9.221,23020,212267.42,,,,,
2015-04-08,9.221,9.32,9.221,9.32,6510,60673.2,,,,,
2015-04-09,9.359,9.359,9.162,9.3,10350,96255.0,,,,,
2015-04-10,9.3,9.3,9.063,9.26,1550,14353.0,,,,,
2015-04-13,9.063,9.063,9.063,9.063,1800,16313.4,,,,,
2015-04-14,9.3,9.3,9.162,9.162,4550,41687.100000000006,,,,,
2015-04-15,9.063,9.339,9.063,9.103,3690,33590.07,,,,,
2015-04-16,9.162,9.162,9.162,9.162,2800,25653.6,,,,,
2015-04-17,9.26,9.26,9.182,9.26,10730,99359.8,,,,,
2015-04-20,9.26,9.26,9.162,9.162,2200,20156.4,,,,,
2015-04-21,9.162,9.162,9.162,9.162,2210,20248.02,,,,,
2015-04-22,9.162,9.162,9.083,9.083,72600,659425.8,,,,,
2015-04-23,9.083,9.162,9.083,9.162,3390,31059.180000000004,,,,,
2015-04-24,9.162,9.182,9.162,9.182,5660,51970.12,,,,,
2015-04-27,9.182,9.26,9.182,9.182,4100,37646.2,,,,,
2015-05-04,9.182,9.182,8.965,8.965,11510,103187.15,,,,,
2015-05-05,8.965,9.26,8.866,9.26,6260,57967.6,,,,,
2015-05-06,9.063,9.26,8.63,9.26,92550,857013.0,,,,,
2015-05-07,9.28,9.28,8.63,9.26,147490,1365757.4,,,,,
2015-05-08,9.26,9.26,8.63,9.063,184750,1674389.25,,,,,
2015-05-11,8.65,8.65,8.472,8.571,5840,50054.64,,,,,
2015-05-12,8.571,8.669,8.472,8.669,14670,127174.23,,,,,
2015-05-13,8.65,8.669,8.591,8.669,46130,399900.97,,,,,
2015-05-14,8.689,8.906,8.689,8.768,71430,626298.24,,,,,
2015-05-15,8.644,8.932,8.644,8.788,6360,55891.68,,,,,
2015-05-18,8.624,8.624,8.418,8.603,2800,24088.4,,,,,
2015-05-19,8.603,8.603,8.336,8.603,3150,27099.45,,,,,
2015-05-20,8.624,8.788,8.624,8.767,13160,115373.72,,,,,
2015-05-21,8.767,8.829,8.767,8.829,19960,176226.84000000003,,,,,
2015-05-22,8.788,8.952,8.726,8.952,35290,315916.08,,,,,
2015-05-25,8.829,9.137,8.829,9.137,25110,229430.07,,,,,
2015-05-26,9.281,9.445,9.137,9.445,600460,5671344.7,,,,,
2015-05-27,9.65,10.102,9.65,10.102,186920,1888265.84,,,,,
2015-05-28,10.78,10.78,9.897,10.164,100060,1017009.84,,,,,
2015-05-29,10.061,10.061,9.589,9.589,4390,42095.71,,,,,
2015-06-01,9.835,9.835,9.445,9.445,2910,27484.95,,,,,
2015-06-02,9.301,9.609,9.24,9.26,5910,54726.6,,,,,
2015-06-03,9.322,9.548,9.26,9.548,9230,88128.04,,,,,
2015-06-04,9.281,9.732,9.24,9.342,10970,102481.74,,,,,
2015-06-05,9.24,9.712,9.24,9.281,5550,51509.55,,,,,
2015-06-08,9.363,9.363,9.363,9.363,6910,64698.33,,,,,
2015-06-09,9.445,9.548,9.24,9.26,32590,301783.4,,,,,
2015-06-10,9.24,9.24,9.24,9.24,1050,9702.0,,,,,
2015-06-11,9.24,9.445,9.24,9.281,490,4547.6900000000005,,,,,
2015-06-12,9.424,9.424,9.24,9.383,15510,145530.33,,,,,
2015-06-15,9.24,9.342,9.24,9.301,3010,27996.01,,,,,
2015-06-16,9.301,9.301,9.24,9.281,17680,164088.08000000002,,,,,
2015-06-17,9.301,9.301,9.24,9.281,5930,55036.33,,,,,
2015-06-18,9.301,9.301,9.24,9.301,12560,116820.56,,,,,
2015-06-19,9.342,9.876,9.24,9.65,220,2123.0,,,,,
2015-06-22,9.24,9.24,9.24,9.24,300,2772.0,,,,,
2015-06-23,9.24,9.24,9.24,9.24,4770,44074.8,,,,,
2015-06-24,9.445,9.445,9.342,9.424,8070,76051.68,,,,,
2015-06-25,9.24,9.26,9.24,9.26,2390,22131.4,,,,,
2015-06-26,9.26,9.404,9.24,9.404,3320,31221.28,,,,,
2015-06-29,9.26,9.342,9.24,9.342,3990,37274.58,,,,,
2015-06-30,9.281,9.342,9.24,9.342,2930,27372.06,,,,,
2015-07-01,9.322,9.322,9.24,9.322,630,5872.86,,,,,
2015-07-02,9.24,9.342,9.24,9.342,2010,18777.42,,,,,
2015-07-03,9.342,9.342,9.24,9.24,3080,28459.2,,,,,
2015-07-06,9.24,9.322,9.24,9.322,5980,55745.56,,,,,
2015-07-07,9.24,9.301,9.24,9.281,2110,19582.91,,,,,
2015-07-08,9.24,9.24,9.199,9.199,10140,93277.86,,,,,
2015-07-09,9.158,9.199,9.158,9.199,5570,51238.43,,,,,
2015-07-10,9.24,9.24,9.24,9.24,2510,23192.4,,,,,
2015-07-13,9.301,9.301,9.219,9.281,2230,20696.63,,,,,
2015-07-14,9.301,9.301,9.24,9.24,4750,43890.0,,,,,
2015-07-15,9.24,9.281,9.219,9.281,3680,34154.08,,,,,
2015-07-16,9.24,9.24,9.24,9.24,840,7761.6,,,,,
2015-07-17,9.281,9.281,9.281,9.281,5030,46683.43,,,,,
2015-07-20,9.24,9.24,9.178,9.178,4290,39373.62,,,,,
2015-07-21,9.24,9.363,9.199,9.24,2310,21344.4,,,,,
2015-07-22,9.281,9.363,9.116,9.116,9490,86510.84,,,,,
2015-07-23,9.548,9.548,9.034,9.034,16660,150506.44,,,,,
2015-07-24,9.342,9.342,9.24,9.24,1210,11180.4,,,,,
2015-07-27,9.24,9.342,9.24,9.24,27230,251605.2,,,,,
2015-07-28,9.24,9.342,9.24,9.342,6870,64179.54,,,,,
2015-07-29,9.342,9.342,9.158,9.301,1220,11347.22,,,,,
2015-07-30,9.24,9.24,9.178,9.178,1000,9178.0,,,,,
2015-07-31,9.24,9.24,9.137,9.199,4680,43051.32,,,,,
2015-08-03,9.137,9.281,9.034,9.199,6970,64117.03,,,,,
2015-08-04,8.993,9.178,8.993,9.178,3530,32398.340000000004,,,,,
2015-08-05,9.158,9.219,9.014,9.014,2420,21813.88,,,,,
2015-08-06,9.014,9.158,8.993,9.158,1310,11996.98,,,,,
2015-08-07,9.158,9.158,9.034,9.158,400,3663.2,,,,,
2015-08-10,9.158,9.24,8.932,9.014,5980,53903.72,,,,,
2015-08-11,9.137,9.137,9.055,9.055,1030,9326.65,,,,,
2015-08-12,9.24,9.24,8.993,8.993,750,6744.75,,,,,
2015-08-13,8.993,8.993,8.911,8.911,6500,57921.5,,,,,
2015-08-14,8.644,9.116,8.644,8.767,710,6224.57,,,,,
2015-08-17,8.767,8.993,8.624,8.829,4180,36905.22,,,,,
2015-08-18,8.624,8.829,8.624,8.829,300,2648.7000000000003,,,,,
2015-08-19,8.829,8.87,8.726,8.87,1800,15965.999999999998,,,,,
2015-08-20,8.726,8.911,8.726,8.726,1210,10558.46,,,,,
2015-08-21,8.644,8.726,8.418,8.459,3810,32228.79,,,,,
2015-08-24,8.336,8.418,7.905,7.905,5880,46481.4,,,,,
2015-08-25,7.905,8.418,7.905,8.418,840,7071.119999999999,,,,,
2015-08-26,8.418,8.829,8.213,8.213,2700,22175.1,,,,,
2015-08-27,8.213,8.685,7.967,8.603,620,5333.86,,,,,
2015-08-28,8.521,8.624,8.521,8.624,1500,12936.0,,,,,
2015-08-31,8.624,8.624,8.028,8.583,7810,67033.23,,,,,
2015-09-01,8.583,8.583,8.09,8.418,4150,34934.7,,,,,
2015-09-03,8.583,8.583,8.562,8.562,440,3767.28,,,,,
2015-09-04,8.213,8.521,8.213,8.357,2500,20892.5,,,,,
2015-09-07,8.418,8.459,8.418,8.459,310,2622.29,,,,,
2015-09-08,8.521,8.521,8.521,8.521,40,340.84000000000003,,,,,
2015-09-09,8.521,8.603,8.521,8.603,1120,9635.36,,,,,
2015-09-10,8.603,8.603,8.521,8.583,700,6008.1,,,,,
2015-09-11,8.542,8.542,8.521,8.521,550,4686.55,,,,,
2015-09-14,8.439,8.521,8.439,8.48,840,7123.200000000001,,,,,
2015-09-15,8.829,8.829,8.439,8.48,7730,65550.40000000001,,,,,
2015-09-16,8.48,8.624,8.418,8.624,1980,17075.52,,,,,
2015-09-17,8.459,8.459,8.459,8.459,240,2030.16,,,,,
2015-09-18,8.665,8.665,8.439,8.439,120,1012.68,,,,,
2015-09-21,8.624,8.624,8.418,8.521,5220,44479.62,,,,,
2015-09-22,8.624,8.624,8.521,8.521,1170,9969.570000000002,,,,,
2015-09-23,8.418,8.5,8.418,8.5,560,4760.0,,,,,
2015-09-24,8.418,8.48,8.377,8.48,6460,54780.8,,,,,
2015-09-25,8.418,8.439,8.418,8.439,7500,63292.5,,,,,
2015-09-28,8.295,8.418,8.295,8.418,590,4966.62,,,,,
2015-09-29,8.357,8.357,8.336,8.336,2040,17005.440000000002,,,,,
2015-09-30,8.316,8.808,8.316,8.808,12550,110540.4,,,,,
2015-10-01,8.808,8.808,8.521,8.706,8880,77309.28,,,,,
2015-10-02,8.418,8.624,8.336,8.603,5230,44993.69,,,,,
2015-10-05,8.418,8.542,8.418,8.542,3870,33057.54,,,,,
2015-10-06,8.952,8.952,8.418,8.418,16290,137129.22,,,,,
2015-10-07,8.726,8.726,8.336,8.521,7570,64503.97000000001,,,,,
2015-10-08,8.521,8.624,8.418,8.418,350,2946.3,,,,,
2015-10-09,8.377,8.603,8.336,8.377,9030,75644.31000000001,,,,,
2015-10-12,8.418,8.418,8.357,8.357,3220,26909.54,,,,,
2015-10-13,8.357,8.603,8.357,8.603,6880,59188.64,,,,,
2015-10-14,8.542,8.542,8.418,8.418,7580,63808.44,,,,,
2015-10-15,8.624,8.624,8.213,8.521,9220,78563.62000000001,,,,,
2015-10-16,8.521,8.521,8.377,8.377,6840,57298.68000000001,,,,,
2015-10-19,8.418,8.418,8.377,8.418,2580,21718.44,,,,,
2015-10-20,8.521,8.521,8.398,8.48,11300,95824.0,,,,,
2015-10-21,8.418,8.48,8.336,8.48,9940,84291.2,,,,,
2015-10-22,8.418,8.48,8.418,8.48,7920,67161.6,,,,,
2015-10-23,8.418,8.521,8.418,8.48,4780,40534.4,,,,,
2015-10-26,8.48,8.521,8.48,8.521,1430,12185.03,,,,,
2015-10-27,8.439,8.521,8.418,8.521,3790,32294.590000000004,,,,,
2015-10-28,8.521,8.624,8.459,8.459,5020,42464.18,,,,,
2015-10-29,8.459,8.829,8.459,8.829,8010,70720.29000000001,,,,,
2015-10-30,8.829,8.829,8.439,8.583,3410,29268.03,,,,,
2015-11-02,8.439,8.624,8.336,8.624,13570,117027.68,,,,,
2015-11-03,8.418,8.521,8.418,8.521,4620,39367.02,,,,,
2015-11-04,8.336,8.418,8.316,8.418,1350,11364.3,,,,,
2015-11-05,8.418,8.418,8.316,8.316,210,1746.36,,,,,
2015-11-06,8.316,8.418,8.316,8.418,1010,8502.179999999998,,,,,
2015-11-09,8.295,8.316,8.295,8.295,5030,41723.85,,,,,
2015-11-10,8.234,8.316,8.213,8.254,1790,14774.66,,,,,
2015-11-11,8.254,8.316,8.213,8.234,1650,13586.1,,,,,
2015-11-12,8.316,8.316,8.193,8.275,1260,10426.5,,,,,
2015-11-13,8.213,8.213,8.11,8.213,7140,58640.81999999999,,,,,
2015-11-16,8.213,8.213,8.069,8.09,8420,68117.8,,,,,
2015-11-17,8.09,8.09,7.905,8.09,8240,66661.6,,,,,
2015-11-18,8.09,8.09,8.008,8.09,2370,19173.3,,,,,
2015-11-19,8.418,8.418,7.905,8.09,10110,81789.9,,,,,
2015-11-20,8.008,8.069,7.905,8.069,4110,33163.590000000004,,,,,
2015-11-23,7.905,8.008,7.905,8.008,1700,13613.6,,,,,
2015-11-24,7.905,8.008,7.905,7.967,3940,31389.98,,,,,
2015-11-25,7.782,8.09,7.782,7.967,9990,79590.33,,,,,
2015-11-26,7.987,8.008,7.802,7.802,6520,50869.04,,,,,
2015-11-27,7.905,7.987,7.802,7.823,6070,47485.61,,,,,
2015-11-30,7.802,7.843,7.802,7.843,10280,80626.04,,,,,
2015-12-01,7.905,7.905,7.802,7.905,2240,17707.2,,,,,
2015-12-02,7.905,7.905,7.802,7.905,3160,24979.8,,,,,
2015-12-03,7.72,7.802,7.618,7.618,4490,34204.82,,,,,
2015-12-04,7.802,7.885,7.761,7.802,12830,100099.66,,,,,
2015-12-07,8.172,8.172,8.172,8.172,30,245.16000000000005,,,,,
2015-12-08,7.741,8.008,7.741,8.008,2620,20980.96,,,,,
2015-12-09,7.802,8.008,7.802,7.802,1150,8972.3,,,,,
2015-12-10,7.659,7.802,7.659,7.72,2370,18296.4,,,,,
2015-12-11,7.987,7.987,7.72,7.72,3720,28718.4,,,,,
2015-12-14,7.638,7.967,7.638,7.905,2090,16521.45,,,,,
2015-12-15,7.802,7.802,7.7,7.7,3210,24717.0,,,,,
2015-12-16,7.864,7.864,7.72,7.72,60,463.2,,,,,
2015-12-17,7.761,7.802,7.7,7.72,4230,32655.6,,,,,
2015-12-18,7.741,7.802,7.72,7.802,1810,14121.62,,,,,
2015-12-21,7.577,7.638,7.577,7.597,1680,12762.96,,,,,
2015-12-22,7.885,7.885,7.885,7.885,950,7490.75,,,,,
2015-12-23,7.802,7.802,7.802,7.802,7000,54614.0,,,,,
2015-12-24,7.597,7.802,7.597,7.782,3990,31050.18,,,,,
2015-12-25,7.761,7.782,7.638,7.638,1760,13442.88,,,,,
2015-12-28,7.782,7.782,7.597,7.597,2640,20056.08,,,,,
2015-12-29,7.618,7.7,7.597,7.7,3310,25487.0,,,,,
2015-12-30,7.802,7.802,7.72,7.802,4520,35265.04,,,,,
2015-12-31,7.782,7.782,7.7,7.7,1140,8778.0,,,,,
2016-01-04,7.618,7.618,7.597,7.597,3330,25298.01,,,,,
2016-01-05,7.7,7.7,7.597,7.618,1330,10131.94,,,,,
2016-01-06,7.885,7.885,7.597,7.659,3850,29487.15,,,,,
2016-01-07,7.618,7.618,7.597,7.597,2710,20587.870000000003,,,,,
2016-01-08,7.782,7.782,7.597,7.618,2170,16531.06,,,,,
2016-01-11,7.782,7.802,7.597,7.761,2440,18936.84,,,,,
2016-01-12,7.761,7.761,7.761,7.761,40,310.44,,,,,
2016-01-13,7.802,7.802,7.597,7.7,1050,8085.0,,,,,
2016-01-14,7.597,7.7,7.597,7.597,1660,12611.02,,,,,
2016-01-15,7.597,7.782,7.597,7.597,3380,25677.86,,,,,
2016-01-18,7.597,7.597,7.556,7.577,1860,14093.22,,,,,
2016-01-19,7.556,7.556,7.556,7.556,170,1284.52,,,,,
2016-01-20,7.556,7.556,7.535,7.535,2900,21851.5,,,,,
2016-01-21,7.535,7.885,7.535,7.823,5840,45686.32,,,,,
2016-01-22,7.823,7.823,7.823,7.823,0,0.0,,,,,
2016-01-25,7.761,7.761,7.556,7.741,2420,18733.22,,,,,
2016-01-26,7.741,7.741,7.741,7.741,0,0.0,,,,,
2016-01-27,7.741,7.741,7.741,7.741,10,77.41,,,,,
2016-01-28,7.741,7.987,7.597,7.741,330,2554.53,,,,,
2016-01-29,7.741,7.741,7.597,7.741,1720,13314.52,,,,,
2016-02-01,7.659,7.741,7.597,7.741,2930,22681.13,,,,,
2016-02-02,7.72,7.741,7.638,7.741,890,6889.49,,,,,
2016-02-03,7.741,7.741,7.72,7.741,650,5031.65,,,,,
2016-02-04,7.761,7.761,7.597,7.72,1150,8878.0,,,,,
2016-02-05,7.987,7.987,7.72,7.802,2140,16696.28,,,,,
2016-02-15,7.7,7.802,7.7,7.802,2530,19739.06,,,,,
2016-02-16,7.823,8.193,7.823,8.193,2380,19499.34,,,,,
2016-02-17,8.275,8.377,8.131,8.213,5980,49113.74,,,,,
2016-02-18,8.213,8.213,8.213,8.213,2230,18314.99,,,,,
2016-02-19,8.131,8.316,8.008,8.213,13810,113421.52999999998,,,,,
2016-02-22,8.213,8.5,8.213,8.418,12110,101941.98,,,,,
2016-02-23,8.5,8.932,8.5,8.644,17370,150146.28,,,,,
2016-02-24,8.665,8.932,8.665,8.726,12090,105497.34,,,,,
2016-02-25,8.829,8.932,8.706,8.788,7040,61867.52,,,,,
2016-02-26,8.808,8.829,8.624,8.624,8160,70371.84000000001,,,,,
2016-02-29,8.624,9.034,8.624,9.034,31360,283306.24000000005,,,,,
2016-03-01,9.034,9.034,8.829,9.034,1490,13460.660000000002,,,,,
2016-03-02,9.034,9.034,8.726,9.014,2390,21543.46,,,,,
2016-03-03,8.829,8.829,8.624,8.808,14230,125337.84,,,,,
2016-03-04,8.726,8.952,8.624,8.952,6530,58456.56,,,,,
2016-03-07,8.911,8.952,8.829,8.829,21320,188234.28,,,,,
2016-03-08,8.726,8.829,8.685,8.829,6890,60831.810000000005,,,,,
2016-03-09,8.829,8.85,8.706,8.85,24560,217356.0,,,,,
2016-03-10,8.85,9.24,8.829,9.24,35510,328112.4,,,,,
2016-03-11,9.24,9.65,9.24,9.65,13110,126511.5,,,,,
2016-03-14,9.65,10.266,9.65,10.266,75650,776622.9,,,,,
2016-03-15,10.266,10.677,10.082,10.369,27350,283592.15,,,,,
2016-03-16,10.266,10.472,9.65,10.205,22620,230837.1,,,,,
2016-03-17,10.205,10.266,9.958,9.958,33210,330705.18,,,,,
2016-03-18,9.958,10.02,9.527,9.527,18320,174534.63999999998,,,,,
2016-03-21,9.383,9.65,9.034,9.158,6450,59069.1,,,,,
2016-03-22,9.096,9.322,9.034,9.322,7500,69915.0,,,,,
2016-03-23,9.363,9.63,9.24,9.26,26530,245667.8,,,,,
2016-03-24,9.322,9.63,9.322,9.342,2190,20458.98,,,,,
2016-03-25,9.363,9.445,9.116,9.445,5290,49964.05,,,,,
2016-03-28,9.568,9.856,9.568,9.856,14370,141630.72,,,,,
2016-03-29,9.856,9.856,9.507,9.753,7250,70709.25,,,,,
2016-03-30,9.753,9.794,9.63,9.794,17380,170219.72,,,,,
2016-03-31,10.02,10.02,9.445,9.712,8750,84980.0,,,,,
2016-04-01,9.445,9.712,9.445,9.712,5320,51667.84,,,,,
2016-04-04,9.65,9.65,9.65,9.65,290,2798.5,,,,,
2016-04-05,9.548,9.548,9.445,9.445,3420,32301.9,,,,,
2016-04-06,9.445,9.609,9.445,9.609,6810,65437.29,,,,,
2016-04-07,9.856,10.061,9.753,9.958,49100,488937.8,,,,,
2016-04-08,10.164,10.472,9.958,10.266,74850,768410.1,,,,,
2016-04-11,10.266,10.369,10.184,10.266,14490,148754.34,,,,,
2016-04-12,10.472,10.472,10.184,10.266,26790,275026.14,,,,,
2016-04-13,10.266,10.266,10.205,10.246,31400,321724.4,,,,,
2016-04-14,10.225,10.225,10.102,10.164,12200,124000.8,,,,,
2016-04-15,10.164,10.677,10.164,10.369,76700,795302.2999999999,,,,,
2016-04-19,10.369,10.369,10.164,10.164,14160,143922.24,,,,,
2016-04-20,10.061,10.061,9.897,9.938,8130,80795.94,,,,,
2016-04-21,10.246,10.246,10.164,10.164,11830,120240.12,,,,,
2016-04-22,10.164,10.164,10.061,10.164,8150,82836.59999999999,,,,,
2016-04-25,9.958,10.02,9.671,10.02,20550,205911.0,,,,,
2016-04-26,10.02,10.02,9.712,9.958,12980,129254.84,,,,,
2016-04-27,9.753,9.938,9.712,9.917,12740,126342.58,,,,,
2016-04-28,9.897,9.897,9.65,9.794,8830,86481.02,,,,,
2016-04-29,9.835,9.835,9.63,9.671,18730,181137.83,,,,,
2016-05-04,9.691,9.691,9.445,9.527,21480,204639.96,,,,,
2016-05-05,9.568,9.568,9.342,9.568,22380,214131.84,,,,,
2016-05-06,9.65,9.65,9.568,9.609,10730,103104.57,,,,,
2016-05-09,9.65,9.65,9.466,9.548,9600,91660.8,,,,,
2016-05-10,9.26,9.568,9.26,9.424,8400,79161.59999999999,,,,,
2016-05-11,9.445,9.466,9.424,9.424,16260,153234.24,,,,,
2016-05-12,9.486,9.486,9.363,9.445,23070,217896.15,,,,,
2016-05-13,9.363,9.445,9.363,9.445,150,1416.75,,,,,
2016-05-16,9.281,9.65,9.281,9.65,32900,317485.0,,,,,
2016-05-17,9.65,9.65,9.445,9.589,15170,145465.13,,,,,
2016-05-18,9.63,9.63,9.445,9.466,12110,114633.26,,,,,
2016-05-19,9.659,9.659,9.552,9.616,6380,61350.08,,,,,
2016-05-20,9.401,9.573,9.38,9.38,600,5628.000000000001,,,,,
2016-05-23,9.337,9.337,8.843,9.015,13510,121792.65,,,,,
2016-05-24,9.122,9.122,8.843,9.015,7610,68604.15000000001,,,,,
2016-05-25,8.886,9.015,8.886,8.993,3310,29766.83,,,,,
2016-05-26,9.015,9.015,8.8,8.908,5930,52824.44,,,,,
2016-05-27,8.993,8.993,8.8,8.843,6550,57921.65,,,,,
2016-05-30,8.8,8.8,8.757,8.8,5310,46728.00000000001,,,,,
2016-05-31,8.886,8.886,8.736,8.8,17640,155232.0,,,,,
2016-06-01,8.757,8.779,8.586,8.65,26910,232771.5,,,,,
2016-06-02,8.8,8.8,8.693,8.8,2330,20504.0,,,,,
2016-06-03,8.886,9.015,8.8,8.993,9230,83005.39,,,,,
2016-06-06,9.015,9.015,8.972,8.972,10290,92321.88,,,,,
2016-06-07,8.822,9.015,8.822,8.972,6250,56075.0,,,,,
2016-06-08,8.908,8.972,8.865,8.972,8020,71955.44,,,,,
2016-06-09,8.972,8.972,8.865,8.908,3400,30287.2,,,,,
2016-06-10,9.015,9.294,8.822,9.144,71170,650778.48,,,,,
2016-06-13,9.144,9.337,8.972,9.337,16540,154433.97999999998,,,,,
2016-06-14,9.337,9.401,9.23,9.401,17570,165175.57,,,,,
2016-06-15,9.401,9.659,9.101,9.659,16830,162560.97,,,,,
2016-06-16,9.874,9.874,9.53,9.659,20160,194725.44,,,,,
2016-06-17,9.831,9.874,9.68,9.809,16130,158219.16999999998,,,,,
2016-06-20,9.938,9.938,9.53,9.53,3840,36595.2,,,,,
2016-06-21,9.487,9.487,9.444,9.487,6620,62803.94,,,,,
2016-06-22,9.358,9.423,9.337,9.423,1670,15736.41,,,,,
2016-06-23,9.423,9.766,9.423,9.702,43880,425723.76,,,,,
2016-06-24,9.68,9.68,9.036,9.487,53440,506985.28,,,,,
2016-06-27,9.015,9.444,9.015,9.444,830,7838.52,,,,,
2016-06-28,9.444,9.444,9.23,9.444,11590,109455.96,,,,,
2016-06-29,9.423,9.444,9.144,9.208,124780,1148974.24,,,,,
2016-06-30,9.208,9.659,9.165,9.616,32910,316462.56,,,,,
2016-07-01,9.616,9.616,9.444,9.616,12430,119526.88,,,,,
2016-07-04,9.315,9.573,9.23,9.552,73830,705224.1599999999,,,,,
2016-07-05,9.552,9.552,9.444,9.444,34520,326006.88,,,,,
2016-07-06,9.401,9.745,9.401,9.723,23660,230046.18,,,,,
2016-07-07,9.874,10.389,9.659,10.389,128500,1334986.5,,,,,
2016-07-08,11.054,11.054,10.947,11.054,118260,1307246.04,,,,,
2016-07-11,11.805,11.805,11.161,11.483,219430,2519714.69,,,,,
2016-07-12,11.483,11.483,10.947,11.376,102430,1165243.68,,,,,
2016-07-13,11.591,11.698,11.376,11.376,67330,765946.08,,,,,
2016-07-14,11.161,11.376,10.603,10.732,87800,942269.6,,,,,
2016-07-15,10.732,10.732,10.195,10.625,56100,596062.5,,,,,
2016-07-18,10.346,11.269,10.346,11.161,38720,432153.92,,,,,
2016-07-19,11.161,11.161,10.839,10.839,41020,444615.78,,,,,
2016-07-20,10.947,11.161,10.732,11.054,55930,618250.22,,,,,
2016-07-21,10.947,11.161,10.732,10.947,32270,353259.69,,,,,
2016-07-22,10.732,10.732,10.303,10.625,47200,501500.0,,,,,
2016-07-25,10.539,10.947,10.517,10.839,28400,307827.60000000003,,,,,
2016-07-26,10.732,10.839,10.625,10.839,12100,131151.9,,,,,
2016-07-27,10.539,10.839,10.539,10.839,13960,151312.44,,,,,
2016-07-28,10.839,10.839,10.646,10.732,12000,128784.0,,,,,
2016-07-29,10.732,10.839,10.625,10.839,15290,165728.31,,,,,
2016-08-01,10.839,10.839,10.646,10.839,14020,151962.78,,,,,
2016-08-02,10.668,10.711,10.582,10.625,8590,91268.75,,,,,
2016-08-03,10.517,10.625,10.517,10.582,41370,437777.34,,,,,
2016-08-04,10.582,10.582,10.517,10.517,35460,372932.82,,,,,
2016-08-05,10.603,10.603,10.517,10.517,7420,78036.14,,,,,
2016-08-08,10.517,10.56,10.517,10.56,630,6652.8,,,,,
2016-08-09,10.517,10.56,10.432,10.56,5060,53433.600000000006,,,,,
2016-08-10,10.839,11.269,10.839,11.269,130870,1474774.03,,,,,
2016-08-11,11.376,11.483,11.161,11.376,37100,422049.6,,,,,
2016-08-12,11.269,11.376,11.161,11.269,39670,447041.23,,,,,
2016-08-15,11.269,12.02,11.161,11.698,125490,1467982.02,,,,,
2016-08-16,11.805,12.449,11.805,12.449,195880,2438510.12,,,,,
2016-08-17,12.449,13.2,12.342,12.771,81580,1041858.18,,,,,
2016-08-18,12.986,13.093,12.557,12.557,62360,783054.52,,,,,
2016-08-19,12.557,12.557,12.02,12.127,90590,1098584.9300000002,,,,,
2016-08-22,11.913,12.878,11.913,12.878,182300,2347659.4,,,,,
2016-08-23,12.664,13.415,12.557,13.2,31860,420552.0,,,,,
2016-08-24,13.093,13.093,12.664,12.771,20930,267297.03,,,,,
2016-08-25,12.771,12.878,12.557,12.771,64360,821941.56,,,,,
2016-08-26,12.771,12.986,12.771,12.878,45410,584789.98,,,,,
2016-08-29,12.878,12.878,12.664,12.664,12980,164378.72,,,,,
2016-08-30,12.664,12.986,12.664,12.986,64720,840453.92,,,,,
2016-08-31,12.878,13.415,12.878,13.415,76200,1022223.0,,,,,
2016-09-01,13.522,13.522,13.093,13.522,13450,181870.9,,,,,
2016-09-05,14.166,14.166,13.737,13.844,141540,1959479.76,,,,,
2016-09-06,13.844,13.844,13.093,13.093,39840,521625.12,,,,,
2016-09-07,13.093,13.952,13.093,13.522,81190,1097851.18,,,,,
2016-09-08,13.522,13.63,13.2,13.2,89900,1186680.0,,,,,
2016-09-09,13.2,13.308,13.2,13.2,55680,734976.0,,,,,
2016-09-12,13.093,13.2,12.921,13.093,22190,290533.67,,,,,
2016-09-13,13.093,13.2,13.072,13.2,34200,451440.0,,,,,
2016-09-14,13.093,13.415,13.093,13.308,30320,403498.56,,,,,
2016-09-15,13.308,13.415,13.243,13.308,23040,306616.32,,,,,
2016-09-16,13.308,13.737,13.308,13.415,81270,1090237.05,,,,,
2016-09-19,13.63,13.63,13.415,13.522,19710,266518.62,,,,,
2016-09-20,13.522,13.63,13.437,13.587,28040,380979.48,,,,,
2016-09-21,13.63,13.63,13.522,13.608,36170,492201.36,,,,,
2016-09-22,13.608,13.608,13.522,13.522,45830,619713.26,,,,,
2016-09-23,13.308,13.415,13.2,13.265,38340,508580.1,,,,,
2016-09-26,13.265,13.394,12.986,13.351,28990,387045.4900000001,,,,,
2016-09-27,13.351,13.415,13.265,13.394,31190,417758.86,,,,,
2016-09-28,13.394,13.437,13.308,13.394,15160,203053.04,,,,,
2016-09-29,13.158,13.63,13.136,13.415,35910,481732.65,,,,,
2016-09-30,13.737,13.93,13.522,13.866,59900,830573.4,,,,,
2016-10-03,14.059,14.531,14.059,14.145,78200,1106139.0,,,,,
2016-10-04,14.574,14.574,13.78,14.059,17480,245751.32,,,,,
2016-10-05,14.059,14.059,13.866,13.952,8650,120684.8,,,,,
2016-10-06,13.952,13.952,13.694,13.737,26530,364442.61,,,,,
2016-10-07,13.952,14.166,13.737,14.059,69340,974851.06,,,,,
2016-10-10,14.381,14.381,14.059,14.274,58010,828034.74,,,,,
2016-10-11,14.338,14.338,13.995,14.166,17240,244221.84,,,,,
2016-10-12,14.166,14.166,13.887,13.952,20020,279319.04,,,,,
2016-10-13,14.123,14.381,13.952,14.381,19180,275827.58,,,,,
2016-10-14,14.317,14.381,13.952,13.973,29160,407452.68,,,,,
2016-10-17,13.973,13.995,13.844,13.844,4530,62713.32,,,,,
2016-10-18,13.823,13.887,13.415,13.415,15120,202834.8,,,,,
2016-10-19,13.63,13.78,13.415,13.415,37020,496623.3,,,,,
2016-10-20,13.737,13.737,13.479,13.479,9070,122254.53,,,,,
2016-10-21,13.737,13.737,13.437,13.437,18060,242672.22,,,,,
2016-10-24,12.943,13.63,12.943,13.2,20730,273636.0,,,,,
2016-10-25,13.2,13.415,13.115,13.2,33570,443124.0,,,,,
2016-10-26,13.2,13.2,13.115,13.2,9900,130680.0,,,,,
2016-10-27,13.093,13.179,12.986,13.179,5350,70507.65,,,,,
2016-10-28,13.394,13.394,13.2,13.308,10820,143992.56,,,,,
2016-10-31,13.308,13.308,13.308,13.308,1250,16635.0,,,,,
2016-11-01,13.308,13.394,13.308,13.394,4140,55451.16,,,,,
2016-11-02,13.587,13.587,13.093,13.093,11990,156985.07,,,,,
2016-11-03,13.372,13.372,13.093,13.179,2840,37428.36,,,,,
2016-11-04,13.522,13.522,12.986,12.986,4520,58696.72,,,,,
2016-11-07,13.072,13.072,12.921,12.921,4970,64217.37,,,,,
2016-11-08,13.565,13.565,12.986,13.308,2220,29543.76,,,,,
2016-11-09,13.093,13.093,12.771,12.878,8380,107917.64,,,,,
2016-11-10,13.093,13.093,12.664,12.878,18350,236311.3,,,,,
2016-11-11,12.878,12.878,12.664,12.664,9780,123853.92,,,,,
2016-11-14,12.664,12.728,12.557,12.664,11140,141076.96,,,,,
2016-11-15,12.557,12.664,12.449,12.664,8130,102958.32,,,,,
2016-11-16,12.642,12.642,12.449,12.449,15840,197192.16,,,,,
2016-11-17,12.449,12.449,12.299,12.449,9430,117394.07,,,,,
2016-11-18,12.449,12.449,12.149,12.235,19930,243843.55,,,,,
2016-11-21,12.235,12.235,11.805,11.805,25690,303270.45,,,,,
2016-11-22,11.805,12.02,11.805,11.998,24350,292151.3,,,,,
2016-11-23,11.998,12.02,11.805,12.02,20800,250016.0,,,,,
2016-11-24,11.956,12.857,11.956,12.578,62710,788766.38,,,,,
2016-11-25,12.642,12.642,12.235,12.235,14850,181689.75,,,,,
2016-11-28,12.492,12.492,12.235,12.256,12130,148665.28,,,,,
2016-11-29,12.449,12.449,12.235,12.406,15280,189563.68,,,,,
2016-11-30,12.235,12.428,12.235,12.235,15610,190988.35,,,,,
2016-12-01,12.235,12.385,12.235,12.235,15860,194047.1,,,,,
2016-12-02,12.277,12.406,12.235,12.235,20530,251184.55,,,,,
2016-12-05,12.342,12.342,12.235,12.235,16160,197717.6,,,,,
2016-12-06,12.406,12.406,12.235,12.277,16180,198641.86,,,,,
2016-12-07,12.428,12.428,12.235,12.235,10730,131281.55,,,,,
2016-12-08,12.342,12.342,12.235,12.235,38430,470191.05,,,,,
2016-12-09,12.277,12.342,12.213,12.342,43430,536013.06,,,,,
2016-12-12,12.342,12.342,12.127,12.235,5700,69739.5,,,,,
2016-12-13,12.235,12.235,12.084,12.192,5930,72298.56,,,,,
2016-12-14,12.235,12.32,12.127,12.235,50690,620192.15,,,,,
2016-12-15,12.235,12.235,12.084,12.106,18780,227350.68,,,,,
2016-12-16,12.607,12.607,12.247,12.27,6120,75092.4,,,,,
2016-12-19,12.27,12.607,12.27,12.472,24220,302071.84,,,,,
2016-12-20,12.652,12.72,12.607,12.652,35210,445476.92,,,,,
2016-12-21,12.472,12.675,12.472,12.607,10180,128339.26,,,,,
2016-12-22,12.652,12.675,12.607,12.675,1770,22434.75,,,,,
2016-12-23,12.675,12.675,12.382,12.495,2520,31487.4,,,,,
2016-12-26,12.72,12.72,12.382,12.675,19250,243993.75,,,,,
2016-12-27,12.63,12.675,12.517,12.607,24360,307106.52,,,,,
2016-12-28,12.607,12.607,12.607,12.607,26470,333707.29,,,,,
2016-12-29,12.607,12.63,12.495,12.607,9320,117497.24,,,,,
2016-12-30,12.72,12.72,12.382,12.585,17910,225397.35,,,,,
2017-01-03,12.427,12.427,12.247,12.382,11740,145364.68,,,,,
2017-01-04,12.382,12.382,11.594,12.157,34290,416863.53,,,,,
2017-01-05,12.022,12.022,11.819,11.932,16240,193775.68,,,,,
2017-01-06,11.842,11.842,11.257,11.482,33260,381891.32,,,,,
2017-01-09,11.707,11.819,11.482,11.684,33270,388726.68,,,,,
2017-01-10,11.707,11.729,11.482,11.707,20620,241398.34000000003,,,,,
2017-01-11,11.774,11.774,11.707,11.707,10990,128659.93,,,,,
2017-01-12,11.707,11.707,11.662,11.707,16890,197731.23,,,,,
2017-01-13,11.707,11.729,11.707,11.707,16670,195155.69,,,,,
2017-01-16,11.707,11.752,11.707,11.707,27520,322176.64,,,,,
2017-01-17,11.729,11.774,11.707,11.774,32740,385480.76,,,,,
2017-01-18,11.797,12.112,11.797,12.022,30320,364507.04,,,,,
2017-01-19,11.932,12.022,11.864,11.932,16920,201889.44,,,,,
2017-01-20,11.932,12.067,11.932,12.045,23930,288236.85,,,,,
2017-01-23,11.955,12.382,11.955,12.157,23650,287513.05,,,,,
2017-01-24,12.27,12.495,12.27,12.27,17900,219633.0,,,,,
2017-01-25,12.112,12.607,12.112,12.585,26370,331866.45,,,,,
2017-02-02,12.585,12.607,12.382,12.495,14270,178303.65,,,,,
2017-02-03,12.495,12.517,12.405,12.517,13110,164097.87,,,,,
2017-02-06,12.562,12.607,12.472,12.607,12390,156200.72999999998,,,,,
2017-02-07,12.607,13.238,12.607,13.193,31520,415843.36,,,,,
2017-02-08,13.283,13.621,13.238,13.485,38010,512564.85,,,,,
2017-02-09,13.733,13.733,13.35,13.485,27440,370028.4,,,,,
2017-02-10,13.328,13.463,13.17,13.283,6720,89261.76,,,,,
2017-02-13,13.17,13.508,12.945,13.508,27130,366472.04,,,,,
2017-02-14,13.283,13.508,13.238,13.283,34470,457865.01,,,,,
2017-02-15,13.395,13.395,13.17,13.283,39070,518966.81,,,,,
2017-02-16,13.283,13.328,13.193,13.193,49710,655824.03,,,,,
2017-02-17,13.193,13.395,13.058,13.395,5330,71395.34999999999,,,,,
2017-02-20,13.395,13.395,13.193,13.193,17610,232328.73,,,,,
2017-02-21,13.193,13.193,13.058,13.08,21130,276380.4,,,,,
2017-02-22,13.17,13.17,12.945,13.058,14690,191822.02,,,,,
2017-02-23,13.058,13.058,13.058,13.058,7430,97020.94,,,,,
2017-02-24,13.058,13.148,12.833,13.058,15860,207099.88,,,,,
2017-02-27,13.058,13.058,12.72,12.833,24960,320311.68,,,,,
2017-02-28,12.607,13.035,12.607,13.035,8010,104410.35,,,,,
2017-03-01,12.833,12.833,12.72,12.833,860,11036.38,,,,,
2017-03-02,12.833,12.968,12.833,12.968,11520,149391.36,,,,,
2017-03-03,12.968,12.968,12.833,12.9,7360,94944.0,,,,,
2017-03-06,12.945,12.945,12.788,12.9,11340,146286.0,,,,,
2017-03-07,12.81,12.9,12.788,12.9,16470,212463.0,,,,,
2017-03-08,12.945,13.643,12.9,13.621,144850,1973001.85,,,,,
2017-03-09,13.711,13.711,13.508,13.508,30560,412804.48,,,,,
2017-03-10,13.508,13.553,13.508,13.508,18580,250978.64,,,,,
2017-03-13,13.395,13.598,13.058,13.508,32880,444143.04,,,,,
2017-03-14,13.508,13.846,13.395,13.733,46920,644352.36,,,,,
2017-03-15,13.936,13.936,13.53,13.553,9600,130108.8,,,,,
2017-03-16,13.575,13.688,13.395,13.553,22400,303587.2,,,,,
2017-03-17,13.733,13.733,13.328,13.621,15960,217391.16,,,,,
2017-03-20,13.846,13.846,13.621,13.823,34660,479105.18,,,,,
2017-03-21,13.553,13.733,13.553,13.733,12580,172761.14,,,,,
2017-03-22,13.508,13.733,13.26,13.508,21470,290016.76,,,,,
2017-03-23,13.17,13.598,13.17,13.553,156550,2121722.15,,,,,
2017-03-24,13.958,13.958,13.688,13.688,19510,267052.88,,,,,
2017-03-27,13.891,13.958,13.688,13.936,106110,1478748.96,,,,,
2017-03-28,14.071,14.071,13.846,13.913,18740,260729.62,,,,,
2017-03-29,13.913,14.296,13.913,14.071,40960,576348.16,,,,,
2017-03-30,14.071,14.634,14.048,14.634,291920,4271957.28,,,,,
2017-03-31,14.746,15.264,14.746,15.039,137730,2071321.47,,,,,
2017-04-03,15.084,15.084,14.634,14.679,19550,286974.45,,,,,
2017-04-04,14.949,14.949,14.589,14.769,125250,1849817.25,,,,,
2017-04-05,14.859,14.859,14.589,14.701,165960,2439777.96,,,,,
2017-04-07,14.408,14.634,13.846,14.521,107730,1564347.33,,,,,
2017-04-10,13.981,14.521,13.981,14.476,186900,2705564.4000000004,,,,,
2017-04-11,14.296,14.814,14.183,14.634,103800,1519009.2,,,,,
2017-04-12,14.679,14.701,14.138,14.138,66280,937066.64,,,,,
2017-04-13,14.138,14.296,13.958,13.958,10150,141673.7,,,,,
2017-04-14,13.846,14.071,13.756,13.868,17780,246573.04,,,,,
2017-04-17,13.958,13.958,13.508,13.508,23740,320679.92,,,,,
2017-04-18,13.756,13.756,13.328,13.711,8850,121342.35,,,,,
2017-04-19,13.733,13.733,13.643,13.733,5050,69351.65000000001,,,,,
2017-04-20,13.733,13.846,13.643,13.711,2990,40995.89,,,,,
2017-04-21,13.733,13.846,13.643,13.801,4920,67900.92,,,,,
2017-04-24,13.958,14.183,13.508,13.508,16900,228285.2,,,,,
2017-04-25,13.508,13.643,13.395,13.395,2600,34827.0,,,,,
2017-04-26,13.395,13.733,13.395,13.508,8330,112521.64,,,,,
2017-04-27,13.373,13.891,13.328,13.508,14450,195190.6,,,,,
2017-04-28,13.958,13.958,13.733,13.823,6940,95931.62,,,,,
2017-05-03,13.508,13.733,13.508,13.621,6240,84995.04000000001,,,,,
2017-05-04,13.733,13.891,13.621,13.733,12640,173585.12,,,,,
2017-05-05,13.508,13.733,13.508,13.53,2810,38019.3,,,,,
2017-05-08,13.508,13.643,13.508,13.53,8050,108916.5,,,,,
2017-05-09,13.328,13.53,13.328,13.463,6170,83066.70999999999,,,,,
2017-05-10,13.463,13.598,13.463,13.575,17880,242721.0,,,,,
2017-05-11,13.733,13.846,13.575,13.643,19150,261263.45,,,,,
2017-05-12,13.643,13.643,13.44,13.508,31180,421179.44,,,,,
2017-05-15,13.508,13.823,13.485,13.575,14330,194529.75,,,,,
2017-05-16,13.733,13.846,13.621,13.733,16230,222886.59,,,,,
2017-05-17,13.801,14.048,13.801,13.936,11760,163887.36,,,,,
2017-05-18,14.138,14.138,13.733,13.733,21370,293474.21,,,,,
2017-05-19,13.846,13.958,13.846,13.936,18220,253913.92,,,,,
2017-05-22,13.936,14.071,13.778,13.958,17820,248731.56,,,,,
2017-05-23,13.913,14.026,13.801,13.936,12070,168207.52,,,,,
2017-05-24,14.678,14.678,14.326,14.326,25490,365169.74,,,,,
2017-05-25,14.326,14.351,14.101,14.301,29500,421879.5,,,,,
2017-05-26,14.075,14.402,14.075,14.351,18520,265780.52,,,,,
2017-05-29,14.351,14.402,14.276,14.276,21000,299796.0,,,,,
2017-05-30,14.176,14.301,14.176,14.201,27190,386125.19,,,,,
2017-05-31,14.251,14.377,14.226,14.351,11850,170059.35,,,,,
2017-06-01,14.276,14.427,14.251,14.276,14740,210428.24,,,,,
2017-06-02,14.276,14.351,14.276,14.351,12420,178239.42,,,,,
2017-06-05,14.351,14.351,14.075,14.351,21400,307111.4,,,,,
2017-06-06,14.301,14.326,14.251,14.301,24390,348801.39,,,,,
2017-06-07,14.301,14.301,14.075,14.301,15830,226384.83,,,,,
2017-06-08,14.402,15.054,14.301,14.853,35190,522677.07,,,,,
2017-06-09,14.803,14.929,14.803,14.803,12470,184593.41,,,,,
2017-06-12,15.054,15.054,14.703,14.903,11860,176749.58000000002,,,,,
2017-06-13,14.703,14.803,14.552,14.778,12890,190488.42,,,,,
2017-06-14,14.627,14.728,14.552,14.678,8540,125350.12,,,,,
2017-06-15,14.653,15.054,14.653,14.678,23020,337887.56,,,,,
2017-06-16,14.803,15.681,14.778,15.681,158710,2488731.51,,,,,
2017-06-19,15.807,15.807,15.556,15.681,36280,568906.6799999999,,,,,
2017-06-20,15.656,15.681,15.631,15.631,14270,223054.37,,,,,
2017-06-21,15.455,15.932,15.455,15.681,68820,1079166.42,,,,,
2017-06-22,15.681,16.509,15.681,16.334,39290,641762.86,,,,,
2017-06-23,16.108,16.936,16.108,16.66,52140,868652.4,,,,,
2017-06-26,16.66,16.785,16.309,16.309,38450,627081.05,,,,,
2017-06-27,16.309,16.434,16.183,16.258,32020,520581.16,,,,,
2017-06-28,16.258,16.334,16.108,16.258,25060,407425.48,,,,,
2017-06-29,16.183,16.233,16.158,16.183,23000,372209.0,,,,,
2017-06-30,16.158,16.183,15.807,15.932,35720,569091.04,,,,,
2017-07-03,15.932,16.083,15.179,15.932,18130,288847.16000000003,,,,,
2017-07-04,15.932,15.932,15.807,15.857,17240,273374.68,,,,,
2017-07-05,15.932,15.932,15.807,15.807,16320,257970.24,,,,,
2017-07-06,16.183,16.183,15.932,16.183,34470,557828.01,,,,,
2017-07-07,16.183,16.183,16.058,16.058,14220,228344.76,,,,,
2017-07-10,16.058,16.058,15.807,16.058,33330,535213.14,,,,,
2017-07-11,16.534,16.534,16.058,16.183,28970,468821.51,,,,,
2017-07-12,16.309,16.309,16.058,16.283,5350,87114.05,,,,,
2017-07-13,16.183,16.309,15.932,16.283,15830,257759.89,,,,,
2017-07-14,16.233,16.233,16.033,16.083,32290,519320.07,,,,,
2017-07-17,15.932,16.083,15.832,16.058,10040,161222.32,,,,,
2017-07-18,16.058,16.058,15.706,16.058,28870,463594.46,,,,,
2017-07-19,16.309,17.162,16.283,17.162,189410,3250654.42,,,,,
2017-07-20,17.312,17.814,17.312,17.638,50940,898479.7200000001,,,,,
2017-07-21,17.638,18.316,17.563,17.613,48060,846480.78,,,,,
2017-07-24,17.588,17.588,16.584,17.111,40850,698984.35,,,,,
2017-07-25,16.81,17.312,16.81,16.936,28100,475901.6,,,,,
2017-07-26,16.936,17.362,16.81,17.287,34120,589832.44,,,,,
2017-07-27,17.111,17.563,17.061,17.438,18250,318243.5,,,,,
2017-07-28,17.438,17.438,16.936,16.986,46600,791547.6,,,,,
2017-07-31,16.81,16.986,16.76,16.81,51510,865883.1,,,,,
2017-08-01,16.81,17.312,16.81,17.287,21980,379968.26,,,,,
2017-08-02,17.061,17.061,16.835,16.911,6730,113811.03,,,,,
2017-08-03,16.961,16.961,16.81,16.86,28390,478655.4,,,,,
2017-08-04,16.835,17.563,16.835,17.111,70160,1200507.76,,,,,
2017-08-07,17.312,17.337,17.061,17.187,21740,373645.38,,,,,
2017-08-08,17.187,17.212,16.986,17.011,16390,278810.29,,,,,
2017-08-09,17.011,17.011,16.835,16.911,17280,292222.08,,,,,
2017-08-10,16.835,16.986,16.835,16.86,13560,228621.6,,,,,
2017-08-11,16.86,17.187,16.81,17.061,20890,356404.29,,,,,
2017-08-14,17.061,17.262,16.86,17.187,7750,133199.25,,,,,
2017-08-15,17.061,17.262,17.061,17.061,7530,128469.33,,,,,
2017-08-16,17.187,17.187,17.061,17.061,21010,358451.61,,,,,
2017-08-17,17.061,17.162,17.061,17.061,6060,103389.66,,,,,
2017-08-18,17.061,17.237,16.961,16.961,5260,89214.85999999999,,,,,
2017-08-21,16.961,17.187,16.961,17.136,11290,193465.44,,,,,
2017-08-22,17.061,17.262,17.061,17.162,8240,141414.88,,,,,
2017-08-23,17.162,17.187,17.061,17.061,6620,112943.82,,,,,
2017-08-24,17.086,17.136,17.011,17.136,4010,68715.36,,,,,
2017-08-25,17.086,17.111,16.936,16.936,9030,152932.08,,,,,
2017-08-28,17.061,17.061,16.936,16.986,7000,118902.0,,,,,
2017-08-29,16.986,17.061,16.835,16.911,10520,177903.72,,,,,
2017-08-30,16.911,16.936,16.835,16.936,2340,39630.24,,,,,
2017-08-31,16.936,17.061,16.886,16.911,9360,158286.96000000002,,,,,
2017-09-01,16.911,17.187,16.81,17.162,10570,181402.34,,,,,
2017-09-05,17.187,17.187,17.086,17.162,13070,224307.34,,,,,
2017-09-06,17.162,17.162,16.936,17.011,6570,111762.27,,,,,
2017-09-07,17.011,17.011,16.81,17.011,21820,371180.02,,,,,
2017-09-08,16.86,16.86,16.434,16.559,34660,573934.9400000001,,,,,
2017-09-11,16.61,16.685,16.309,16.309,18940,308892.46,,,,,
2017-09-12,16.309,16.309,15.982,16.208,10990,178125.91999999998,,,,,
2017-09-13,16.083,16.309,16.083,16.108,10540,169778.32,,,,,
2017-09-14,16.309,16.534,16.183,16.359,27020,442020.18000000005,,,,,
2017-09-15,16.359,16.534,15.556,15.807,245330,3877931.31,,,,,
2017-09-18,15.807,15.807,15.506,15.581,49210,766741.01,,,,,
2017-09-19,16.283,16.283,15.556,15.807,47000,742929.0,,,,,
2017-09-20,15.932,16.033,15.807,15.807,16080,254176.56,,,,,
2017-09-21,15.807,16.007,15.731,16.007,15220,243626.54,,,,,
2017-09-22,15.807,16.007,15.706,15.731,7320,115150.92,,,,,
2017-09-25,15.556,15.807,15.556,15.681,68090,1067719.29,,,,,
2017-09-26,15.782,15.782,15.506,15.631,110410,1725818.71,,,,,
2017-09-27,15.631,15.631,15.481,15.631,27900,436104.9,,,,,
2017-09-28,15.556,15.631,15.506,15.631,6330,98944.23,,,,,
2017-09-29,15.506,15.807,15.506,15.807,33990,537279.93,,,,,
2017-10-02,15.807,15.857,15.631,15.832,7030,111298.96,,,,,
2017-10-03,15.807,15.932,15.681,15.932,12750,203133.0,,,,,
2017-10-04,15.681,15.982,15.681,15.807,5560,87886.92,,,,,
2017-10-05,15.757,15.907,15.757,15.907,1230,19565.61,,,,,
2017-10-06,16.007,16.007,15.706,15.706,6430,100989.58,,,,,
2017-10-09,15.706,15.807,15.706,15.706,7720,121250.32,,,,,
2017-10-10,15.706,15.731,15.706,15.706,12210,191770.26,,,,,
2017-10-11,15.706,15.757,15.681,15.681,18450,289314.45,,,,,
2017-10-12,15.631,15.731,15.606,15.731,4130,64969.03,,,,,
2017-10-13,15.631,15.807,15.631,15.706,1630,25600.78,,,,,
2017-10-16,15.681,16.133,15.656,15.932,26210,417577.72,,,,,
2017-10-17,15.932,16.033,15.932,15.932,6850,109134.2,,,,,
2017-10-18,15.932,15.932,15.932,15.932,4220,67233.04000000001,,,,,
2017-10-19,15.932,16.685,15.807,16.534,28600,472872.4,,,,,
2017-10-20,16.283,16.309,16.033,16.033,18740,300458.42000000004,,,,,
2017-10-23,16.108,16.183,15.807,15.832,16930,268035.76,,,,,
2017-10-24,15.807,15.932,15.681,15.807,11240,177670.68,,,,,
2017-10-25,15.807,15.932,15.807,15.932,12040,191821.28,,,,,
2017-10-26,15.807,16.033,15.631,15.882,12410,197095.62,,,,,
2017-10-27,15.656,15.982,15.656,15.932,2300,36643.6,,,,,
2017-10-30,15.807,15.807,15.581,15.631,20920,327000.52,,,,,
2017-10-31,15.455,15.681,15.455,15.631,8470,132394.57,,,,,
2017-11-01,15.631,15.706,15.631,15.681,6510,102083.31,,,,,
2017-11-02,15.757,15.757,15.631,15.681,14850,232862.85,,,,,
2017-11-03,15.556,15.681,15.506,15.681,17420,273163.02,,,,,
2017-11-06,15.606,15.857,15.556,15.857,17310,274484.67,,,,,
2017-11-07,15.932,15.932,15.782,15.932,4080,65002.560000000005,,,,,
2017-11-08,15.681,15.932,15.681,15.807,4780,75557.46,,,,,
2017-11-09,15.932,15.932,15.782,15.782,11550,182282.1,,,,,
2017-11-10,15.807,15.807,15.631,15.782,4200,66284.4,,,,,
2017-11-13,15.782,15.932,15.681,15.932,16820,267976.24,,,,,
2017-11-14,15.932,16.283,15.832,15.832,23570,373160.24,,,,,
2017-11-15,16.283,16.936,15.932,16.936,119270,2019956.72,,,,,
2017-11-16,16.936,17.187,16.886,17.061,66190,1129267.59,,,,,
2017-11-17,17.061,17.563,16.71,17.563,67530,1186029.39,,,,,
2017-11-20,17.688,18.667,17.563,17.939,131320,2355749.48,,,,,
2017-11-21,18.316,18.316,16.81,17.111,73670,1260567.37,,,,,
2017-11-22,17.061,17.563,17.061,17.438,24790,432288.02,,,,,
2017-11-23,17.212,17.212,16.961,17.036,21070,358948.52,,,,,
2017-11-24,16.81,17.036,16.76,17.036,22880,389783.68000000005,,,,,
2017-11-27,17.036,17.061,16.584,16.685,23790,396936.15,,,,,
2017-11-28,16.811,17.064,16.685,16.811,19520,328150.72,,,,,
2017-11-29,16.685,17.114,16.685,16.887,8150,137629.05000000002,,,,,
2017-11-30,16.988,17.165,16.811,16.887,15470,261241.89,,,,,
2017-12-01,16.811,16.887,16.685,16.76,19020,318775.2,,,,,
2017-12-04,16.76,16.861,16.76,16.861,27590,465194.99,,,,,
2017-12-05,16.861,16.861,16.76,16.76,10750,180170.00000000003,,,,,
2017-12-06,16.685,16.861,16.558,16.76,6200,103912.0,,,,,
2017-12-07,16.912,16.912,16.685,16.811,17270,290325.97,,,,,
2017-12-08,16.861,16.937,16.836,16.887,15580,263099.46,,,,,
2017-12-11,16.76,16.861,16.685,16.685,4930,82257.04999999999,,,,,
2017-12-12,16.735,16.735,16.053,16.179,27360,442657.44,,,,,
2017-12-13,16.685,16.685,16.179,16.432,22350,367255.2,,,,,
2017-12-14,16.432,16.432,16.305,16.432,24010,394532.32,,,,,
2017-12-15,16.432,16.811,16.432,16.811,19410,326301.51,,,,,
2017-12-18,16.811,16.836,16.558,16.786,17380,291740.68000000005,,,,,
2017-12-19,16.558,16.76,16.558,16.735,9540,159651.9,,,,,
2017-12-20,16.685,16.735,16.558,16.685,9930,165682.05,,,,,
2017-12-21,16.508,16.558,16.508,16.508,13850,228635.8,,,,,
2017-12-22,16.558,16.811,16.558,16.735,9910,165843.85,,,,,
2017-12-25,16.735,16.887,16.432,16.685,5720,95438.2,,,,,
2017-12-26,16.811,16.811,16.432,16.482,8920,147019.44,,,,,
2017-12-27,16.482,16.634,16.432,16.634,5900,98140.6,,,,,
2017-12-28,16.432,16.659,16.432,16.659,6440,107283.96,,,,,
2017-12-29,16.659,16.71,16.432,16.685,8230,137317.55,,,,,
2018-01-02,16.305,16.558,16.305,16.558,4770,78981.66,,,,,
2018-01-03,16.735,16.735,16.432,16.685,41890,698934.6499999999,,,,,
2018-01-04,16.685,16.735,16.685,16.685,29740,496211.9,,,,,
2018-01-05,16.685,16.71,16.558,16.558,9630,159453.54,,,,,
2018-01-08,16.432,16.634,16.432,16.634,5110,84999.74,,,,,
2018-01-09,16.634,16.659,16.558,16.609,21060,349785.54000000004,,,,,
2018-01-10,16.609,16.811,16.609,16.76,34110,571683.6000000001,,,,,
2018-01-11,16.76,16.76,16.609,16.685,12710,212066.35,,,,,
2018-01-12,16.685,16.811,16.609,16.685,31050,518069.25,,,,,
2018-01-15,16.735,17.291,16.685,17.291,28510,492966.41,,,,,
2018-01-16,17.418,17.418,16.937,17.14,7820,134034.80000000002,,,,,
2018-01-17,17.064,17.064,16.937,16.937,1210,20493.77,,,,,
2018-01-18,16.937,16.937,16.558,16.937,9360,158530.32,,,,,
2018-01-19,17.038,17.038,16.937,16.988,19910,338231.08,,,,,
2018-01-22,16.583,16.937,16.432,16.533,25060,414316.98,,,,,
2018-01-25,16.685,16.685,16.28,16.28,62660,1020104.8,,,,,
2018-01-26,16.28,16.558,16.28,16.558,8400,139087.2,,,,,
2018-01-29,16.432,16.558,16.204,16.432,25830,424438.56,,,,,
2018-01-30,15.623,16.432,15.623,16.331,42780,698640.1799999999,,,,,
2018-01-31,16.432,16.432,15.673,16.305,28190,459637.95,,,,,
2018-02-01,16.432,16.432,16.179,16.406,6860,112545.16,,,,,
2018-02-02,16.179,16.179,16.053,16.179,13890,224726.31,,,,,
2018-02-05,15.926,16.053,15.673,15.673,9350,146542.55,,,,,
2018-02-06,15.673,15.673,14.915,15.522,31900,495151.8,,,,,
2018-02-07,16.179,16.179,15.926,15.926,11980,190793.48,,,,,
2018-02-08,15.547,15.876,15.547,15.648,13580,212499.84,,,,,
2018-02-09,14.789,15.724,14.789,15.547,6570,102143.79,,,,,
2018-02-12,15.926,15.926,15.673,15.825,11190,177081.75,,,,,
2018-02-13,15.825,15.926,15.825,15.926,14050,223760.3,,,,,
2018-02-21,15.8,15.926,15.8,15.926,22970,365820.22,,,,,
2018-02-22,15.926,16.053,15.926,15.926,18430,293516.18,,,,,
2018-02-23,16.103,16.103,15.825,15.825,9020,142741.5,,,,,
2018-02-26,15.825,15.825,15.623,15.673,53980,846028.54,,,,,
2018-02-27,15.673,16.053,15.421,16.053,37640,604234.92,,,,,
2018-02-28,16.027,16.027,15.648,16.027,22290,357241.83,,,,,
2018-03-01,16.027,16.179,15.926,16.154,9830,158793.82,,,,,
2018-03-02,16.154,16.154,16.053,16.128,8920,143861.76,,,,,
2018-03-05,16.255,16.255,16.053,16.053,20640,331333.92000000004,,,,,
2018-03-06,16.103,16.103,16.053,16.103,22920,369080.76,,,,,
2018-03-07,16.103,16.103,15.977,16.053,29360,471316.08,,,,,
2018-03-08,16.053,16.053,16.053,16.053,15130,242881.89,,,,,
2018-03-09,16.053,16.053,16.027,16.027,17210,275824.67000000004,,,,,
2018-03-12,15.951,16.053,15.8,16.053,17410,279482.73000000004,,,,,
2018-03-13,15.926,15.926,15.926,15.926,12500,199075.0,,,,,
2018-03-14,15.673,15.951,15.673,15.926,11460,182511.96,,,,,
2018-03-15,15.926,16.053,15.8,15.825,7410,117263.25,,,,,
2018-03-16,15.977,16.053,15.926,16.053,11000,176583.0,,,,,
2018-03-19,16.179,16.179,15.926,15.926,11910,189678.66,,,,,
2018-03-20,15.926,16.053,15.926,16.027,4400,70518.8,,,,,
2018-03-21,16.255,16.255,16.027,16.027,21330,341855.91000000003,,,,,
2018-03-22,16.103,16.103,16.027,16.053,6790,108999.87,,,,,
2018-03-23,15.8,16.154,15.8,16.128,2760,44513.28,,,,,
2018-03-26,16.053,16.128,16.053,16.053,11630,186696.39,,,,,
2018-03-27,15.926,16.078,15.926,16.053,27500,441457.5,,,,,
2018-03-28,15.876,15.926,15.85,15.926,6050,96352.3,,,,,
2018-03-29,16.053,16.053,15.926,15.926,8280,131867.28,,,,,
2018-03-30,15.926,15.926,15.926,15.926,2210,35196.46,,,,,
2018-04-02,15.926,16.128,15.85,15.926,14690,233952.94,,,,,
2018-04-03,15.926,15.951,15.926,15.926,16900,269149.4,,,,,
2018-04-04,16.053,16.053,16.002,16.002,1190,19042.38,,,,,
2018-04-05,16.053,16.053,15.876,15.876,4550,72235.8,,,,,
2018-04-06,15.926,16.027,15.901,15.926,2910,46344.66,,,,,
2018-04-09,16.053,16.053,15.926,16.053,40620,652072.86,,,,,
2018-04-10,16.053,16.053,15.825,15.825,29130,460982.25,,,,,
2018-04-11,15.926,15.951,15.825,15.926,8520,135689.52,,,,,
2018-04-12,16.179,16.179,15.699,15.901,29440,468125.44,,,,,
2018-04-13,16.432,16.432,15.901,15.901,11880,188903.88,,,,,
2018-04-16,16.053,16.053,15.901,15.901,3460,55017.46,,,,,
2018-04-17,15.901,16.053,15.901,15.901,10610,168709.61,,,,,
2018-04-18,15.8,15.926,15.8,15.8,6310,99698.0,,,,,
2018-04-19,15.8,15.926,15.8,15.901,3870,61536.87,,,,,
2018-04-20,15.926,15.926,15.825,15.926,1580,25163.08,,,,,
2018-04-23,16.002,16.053,15.901,15.926,16810,267716.06,,,,,
2018-04-24,15.749,15.926,15.673,15.673,20870,327095.51,,,,,
2018-04-26,15.876,15.876,15.446,15.446,8760,135306.96,,,,,
2018-04-27,15.421,15.901,15.421,15.901,3030,48180.03,,,,,
2018-05-02,15.673,15.926,15.446,15.673,7190,112688.87,,,,,
2018-05-03,15.673,15.673,15.421,15.471,35050,542258.55,,,,,
2018-05-04,15.926,15.926,15.547,15.572,22730,353951.56,,,,,
2018-05-07,15.85,15.876,15.572,15.572,16530,257405.16,,,,,
2018-05-08,15.572,15.85,15.547,15.572,71030,1106079.16,,,,,
2018-05-09,15.673,15.673,15.547,15.547,64520,1003092.44,,,,,
2018-05-10,15.547,15.673,15.547,15.547,41560,646133.3200000001,,,,,
2018-05-11,15.673,15.673,15.547,15.547,4110,63898.170000000006,,,,,
2018-05-14,15.673,15.85,15.673,15.825,23100,365557.5,,,,,
2018-05-15,15.825,15.825,15.825,15.825,30,474.75,,,,,
2018-05-16,15.8,15.8,15.547,15.8,1360,21488.0,,,,,
2018-05-17,15.673,15.825,15.547,15.572,30480,474634.56,,,,,
2018-05-18,15.572,15.85,15.471,15.85,5530,87650.5,,,,,
2018-05-21,15.825,15.825,15.547,15.547,4130,64209.11,,,,,
2018-05-22,15.85,15.85,15.471,15.8,18210,287718.0,,,,,
2018-05-23,15.8,15.8,15.421,15.421,9590,147887.38999999998,,,,,
2018-05-24,15.547,15.547,15.421,15.421,6380,98385.98,,,,,
2018-05-25,15.547,15.547,15.421,15.421,810,12491.01,,,,,
2018-05-28,15.522,15.522,14.359,14.359,27220,390851.98,,,,,
2018-05-29,14.359,15.345,13.398,15.345,1443440,22149586.8,,,,,
2018-05-30,15.168,15.345,14.713,14.713,2670,39283.71,,,,,
2018-05-31,14.713,15.421,14.713,15.421,9970,153747.37,,,,,
2018-06-01,15.37,15.421,15.168,15.218,2920,44436.56,,,,,
2018-06-04,15.989,15.989,15.582,15.698,3920,61536.16,,,,,
2018-06-05,16.715,16.715,16.134,16.134,6440,103902.96,,,,,
2018-06-06,16.134,16.134,16.134,16.134,2890,46627.26,,,,,
2018-06-07,16.134,16.279,16.018,16.018,11510,184367.18,,,,,
2018-06-08,15.96,15.96,15.931,15.96,7300,116508.0,,,,,
2018-06-11,15.843,15.989,15.843,15.989,17510,279967.39,,,,,
2018-06-12,15.262,15.436,15.262,15.407,2600,40058.2,,,,,
2018-06-13,15.698,15.843,15.698,15.698,3750,58867.5,,,,,
2018-06-14,16.279,16.279,15.698,15.698,2440,38303.12,,,,,
2018-06-15,15.698,15.698,15.465,15.553,600,9331.8,,,,,
2018-06-18,14.971,15.698,14.971,15.378,28410,436888.98,,,,,
2018-06-19,15.262,15.989,14.942,15.407,26080,401814.56,,,,,
2018-06-20,15.785,15.785,15.378,15.378,430,6612.54,,,,,
2018-06-21,15.175,16.279,14.913,15.64,28900,451996.0,,,,,
2018-06-22,15.058,15.407,15.058,15.117,1340,20256.78,,,,,
2018-06-25,15.436,15.436,15.407,15.407,110,1694.77,,,,,
2018-06-26,15.378,15.407,15.117,15.407,9070,139741.49,,,,,
2018-06-27,15.553,15.553,15.291,15.291,7780,118963.98,,,,,
2018-06-28,15.407,15.407,14.39,14.39,3510,50508.9,,,,,
2018-06-29,14.564,15.262,14.521,15.262,18340,279905.08,,,,,
2018-07-02,15.582,16.134,15.582,16.134,10000,161340.0,,,,,
2018-07-03,15.669,15.669,15.029,15.029,1550,23294.95,,,,,
2018-07-04,15.029,15.204,14.564,15.204,670,10186.68,,,,,
2018-07-05,14.884,15.029,14.826,15.029,640,9618.56,,,,,
2018-07-06,15.029,15.117,15.029,15.117,1010,15268.17,,,,,
2018-07-09,14.826,15.117,14.826,15.117,12580,190171.86,,,,,
2018-07-10,15.117,15.117,14.826,14.884,3170,47182.28,,,,,
2018-07-11,15.088,15.262,14.826,15.262,19270,294098.74,,,,,
2018-07-12,15.698,15.698,14.826,15.378,56560,869779.68,,,,,
2018-07-13,14.419,15.378,14.419,15.378,18650,286799.7,,,,,
2018-07-16,15.262,15.262,14.971,15.0,190,2850.0,,,,,
2018-07-17,15.378,15.378,14.855,15.088,12200,184073.6,,,,,
2018-07-18,14.855,15.088,14.739,14.739,7340,108184.26,,,,,
2018-07-19,15.088,15.117,14.826,15.117,4200,63491.4,,,,,
2018-07-20,15.117,15.698,14.826,15.117,16050,242627.85,,,,,
2018-07-23,14.681,15.117,14.564,15.117,3310,50037.27,,,,,
2018-07-24,14.448,15.117,14.448,15.117,4730,71503.41,,,,,
2018-07-25,15.407,15.407,14.826,14.826,570,8450.82,,,,,
2018-07-26,15.407,15.407,14.826,14.826,44800,664204.8,,,,,
2018-07-27,15.088,15.088,14.535,15.0,13970,209550.0,,,,,
2018-07-30,15.0,15.117,14.71,15.117,2970,44897.490000000005,,,,,
2018-07-31,14.855,15.117,14.826,15.117,11230,169763.91,,,,,
2018-08-01,15.117,15.117,14.826,14.826,2230,33061.98,,,,,
2018-08-02,14.826,15.262,14.826,15.262,24690,376818.78,,,,,
2018-08-03,15.262,15.698,15.117,15.465,29230,452041.95,,,,,
2018-08-06,15.407,15.407,15.117,15.117,5980,90399.66,,,,,
2018-08-07,15.117,15.117,14.884,15.117,13080,197730.36,,,,,
2018-08-08,14.971,15.117,14.971,15.0,1600,24000.0,,,,,
2018-08-09,15.117,15.117,15.029,15.058,3570,53757.06,,,,,
2018-08-10,15.349,15.349,14.855,14.855,4930,73235.15000000001,,,,,
2018-08-13,14.855,14.971,14.855,14.855,15820,235006.1,,,,,
2018-08-14,14.681,14.971,14.564,14.971,5500,82340.5,,,,,
2018-08-15,14.71,15.117,14.71,15.117,2010,30385.17,,,,,
2018-08-16,15.262,15.698,15.117,15.117,23900,361296.3000000001,,,,,
2018-08-17,15.117,15.117,14.797,15.117,3150,47618.55,,,,,
2018-08-20,14.884,15.262,14.884,15.117,13400,202567.8,,,,,
2018-08-21,15.117,15.117,14.913,14.913,130,1938.69,,,,,
2018-08-22,14.913,15.117,14.913,14.971,530,7934.63,,,,,
2018-08-23,15.117,15.117,15.058,15.117,6160,93120.72,,,,,
2018-08-24,15.117,15.117,15.117,15.117,6500,98260.5,,,,,
2018-08-27,14.942,15.117,14.913,15.117,7090,107179.53,,,,,
2018-08-28,14.942,15.117,14.942,15.117,6570,99318.69,,,,,
2018-08-29,15.117,15.117,15.088,15.117,53070,802259.1900000001,,,,,
2018-08-30,15.378,15.407,15.0,15.0,8070,121050.0,,,,,
2018-08-31,14.942,15.233,14.913,15.233,1280,19498.24,,,,,
2018-09-04,15.175,15.262,15.175,15.233,1790,27267.07,,,,,
2018-09-05,15.407,15.698,15.117,15.117,75190,1136647.23,,,,,
2018-09-06,15.117,15.117,15.088,15.117,5890,89039.13,,,,,
2018-09-07,15.233,15.233,15.233,15.233,10,152.33,,,,,
2018-09-10,15.233,15.233,15.058,15.117,11250,170066.25,,,,,
2018-09-11,15.233,15.233,15.175,15.175,2810,42641.75,,,,,
2018-09-12,15.175,15.611,15.175,15.262,35340,539359.08,,,,,
2018-09-13,14.884,15.175,14.884,15.175,6640,100762.0,,,,,
2018-09-14,15.175,15.262,15.117,15.117,30310,458196.27,,,,,
2018-09-17,15.029,15.117,14.913,15.117,32910,497500.47,,,,,
2018-09-18,14.971,15.117,14.971,15.117,3540,53514.18,,,,,
2018-09-19,15.233,15.698,15.233,15.407,41040,632303.28,,,,,
2018-09-20,15.117,15.262,15.088,15.262,113060,1725521.72,,,,,
2018-09-21,15.64,15.698,15.117,15.378,40060,616042.68,,,,,
2018-09-24,15.407,15.407,15.117,15.117,54640,825992.88,,,,,
2018-09-25,15.378,15.378,15.262,15.262,310,4731.22,,,,,
2018-09-26,15.407,15.407,15.175,15.262,4100,62574.2,,,,,
2018-09-27,15.262,15.64,15.262,15.553,119450,1857805.85,,,,,
2018-09-28,15.553,15.553,15.117,15.117,226890,3429896.1300000004,,,,,
2018-10-01,15.117,15.698,15.117,15.611,33560,523905.16,,,,,
2018-10-02,15.407,15.843,15.407,15.756,43950,692476.2,,,,,
2018-10-03,15.756,15.756,15.407,15.553,16970,263934.41000000003,,,,,
2018-10-04,15.436,15.495,15.407,15.495,4130,63994.35,,,,,
2018-10-05,15.407,15.436,15.378,15.407,13820,212924.74,,,,,
2018-10-08,15.32,15.465,15.262,15.465,4310,66654.15,,,,,
2018-10-09,15.407,15.669,15.407,15.669,11020,172672.38,,,,,
2018-10-10,15.495,15.495,15.495,15.495,6000,92970.0,,,,,
2018-10-11,15.262,15.262,14.971,15.117,64850,980337.45,,,,,
2018-10-12,15.465,15.465,15.117,15.407,3090,47607.63,,,,,
2018-10-15,15.407,15.407,15.407,15.407,10,154.07,,,,,
2018-10-16,15.262,15.407,15.262,15.407,3790,58392.53,,,,,
2018-10-17,15.378,15.669,15.029,15.378,20030,308021.34,,,,,
2018-10-18,15.378,15.378,15.378,15.378,0,0.0,,,,,
2018-10-19,15.378,15.378,15.378,15.378,0,0.0,,,,,
2018-10-22,15.117,15.175,15.117,15.117,9880,149355.96000000002,,,,,
2018-10-23,15.029,15.262,14.855,15.262,24180,369035.16,,,,,
2018-10-24,14.971,15.117,14.942,15.117,3050,46106.850000000006,,,,,
2018-10-25,15.495,15.495,14.506,15.117,31570,477243.69,,,,,
2018-10-26,14.826,15.378,14.826,15.117,20010,302491.17000000004,,,,,
2018-10-29,14.826,15.088,14.651,15.088,31410,473914.08,,,,,
2018-10-30,15.029,15.088,14.622,14.971,24060,360202.26,,,,,
2018-10-31,15.088,15.117,15.088,15.117,10010,151321.17,,,,,
2018-11-01,14.71,15.117,14.71,15.117,4760,71956.92,,,,,
2018-11-02,14.826,14.826,14.826,14.826,2450,36323.7,,,,,
2018-11-05,14.71,14.71,14.71,14.71,270,3971.7,,,,,
2018-11-06,14.826,15.088,14.826,15.088,80,1207.04,,,,,
2018-11-07,15.088,15.088,14.739,14.739,200,2947.8,,,,,
2018-11-08,14.739,14.884,14.739,14.884,2330,34679.72,,,,,
2018-11-09,14.564,14.826,14.564,14.826,270,4003.02,,,,,
2018-11-12,14.826,14.826,14.651,14.651,2420,35455.42,,,,,
2018-11-13,14.681,14.71,14.681,14.681,18340,269249.54,,,,,
2018-11-14,14.942,14.971,14.681,14.681,410,6019.21,,,,,
2018-11-15,14.681,14.826,14.681,14.826,1930,28614.18,,,,,
2018-11-16,14.826,14.826,14.826,14.826,200,2965.2000000000003,,,,,
2018-11-19,14.826,14.826,14.681,14.71,7440,109442.4,,,,,
2018-11-20,14.942,14.942,14.826,14.826,1910,28317.66,,,,,
2018-11-21,14.681,14.855,14.622,14.797,4710,69693.87000000001,,,,,
2018-11-22,14.622,14.797,14.622,14.797,3660,54157.02,,,,,
2018-11-23,14.593,14.797,14.593,14.681,31010,455257.81,,,,,
2018-11-26,14.768,14.768,14.681,14.681,4020,59017.62,,,,,
2018-11-27,14.681,14.826,14.681,14.681,17050,250311.05,,,,,
2018-11-28,14.768,15.088,14.768,14.826,31910,473097.66,,,,,
2018-11-29,14.826,15.262,14.826,15.262,31210,476327.02,,,,,
2018-11-30,15.262,15.64,15.262,15.64,23800,372232.0,,,,,
2018-12-03,15.553,16.279,15.553,16.279,67010,1090855.79,,,,,
2018-12-04,16.279,16.279,15.378,16.279,16110,262254.69,,,,,
2018-12-05,16.221,16.221,15.436,15.465,50,773.25,,,,,
2018-12-06,15.495,15.989,15.495,15.989,4760,76107.64,,,,,
2018-12-07,15.524,16.279,15.495,16.279,6750,109883.25,,,,,
2018-12-10,16.25,16.25,15.901,15.931,620,9877.22,,,,,
2018-12-11,15.96,16.279,15.96,16.279,12890,209836.31,,,,,
2018-12-12,16.25,16.425,16.25,16.396,15350,251678.6,,,,,
2018-12-13,16.396,16.57,16.279,16.57,27320,452692.4,,,,,
2018-12-14,16.279,16.803,16.279,16.803,18020,302790.06,,,,,
2018-12-17,16.803,16.832,16.57,16.832,8990,151319.68,,,,,
2018-12-18,16.832,16.861,16.832,16.861,15010,253083.61,,,,,
2018-12-19,16.715,16.861,16.338,16.861,17080,287985.88,,,,,
2018-12-20,16.832,17.122,16.832,17.122,20000,342440.0,,,,,
2018-12-21,16.861,17.413,16.861,17.413,16420,285921.46,,,,,
2018-12-24,17.006,17.559,17.006,17.559,9130,160313.67,,,,,
2018-12-25,17.006,17.559,17.006,17.559,8390,147320.01,,,,,
2018-12-26,17.442,17.529,17.384,17.529,13480,236290.92,,,,,
2018-12-27,17.006,17.529,17.006,17.471,45580,796328.18,,,,,
2018-12-28,17.152,17.704,17.152,17.704,164070,2904695.2800000003,,,,,
2019-01-02,17.704,17.704,17.297,17.442,6540,114070.68,,,,,
2019-01-03,17.035,17.355,16.861,17.355,7520,130509.6,,,,,
2019-01-04,17.355,17.355,16.483,16.861,25560,430967.16,,,,,
2019-01-07,16.279,16.861,15.843,16.861,7040,118701.44,,,,,
2019-01-08,15.843,16.861,15.843,16.861,16630,280398.43,,,,,
2019-01-09,15.989,16.57,15.727,16.57,11000,182270.0,,,,,
2019-01-10,15.785,15.843,15.698,15.698,3050,47878.9,,,,,
2019-01-11,15.698,15.727,15.436,15.436,5190,80112.84,,,,,
2019-01-14,15.465,15.495,14.826,15.407,12160,187349.12,,,,,
2019-01-15,15.407,15.407,14.71,14.855,11690,173654.95,,,,,
2019-01-16,14.855,15.117,14.564,14.913,11280,168218.64,,,,,
2019-01-17,14.651,14.651,14.651,14.651,3000,43953.0,,,,,
2019-01-18,14.651,15.088,14.535,15.088,9150,138055.19999999998,,,,,
2019-01-21,14.826,14.826,14.477,14.506,7530,109230.18,,,,,
2019-01-22,14.593,14.593,14.506,14.535,2550,37064.25,,,,,
2019-01-23,15.088,15.553,14.477,14.535,5510,80087.85,,,,,
2019-01-24,14.535,14.535,14.506,14.506,8810,127797.86,,,,,
2019-01-25,14.535,14.535,14.477,14.477,1230,17806.71,,,,,
2019-01-28,14.477,14.535,14.477,14.535,1730,25145.55,,,,,
2019-01-29,14.768,14.768,14.463,14.535,1260,18314.1,,,,,
2019-01-30,14.564,14.564,14.521,14.535,7330,106541.55,,,,,
2019-01-31,14.535,14.535,14.506,14.506,1620,23499.72,,,,,
2019-02-01,14.492,14.681,14.477,14.681,240,3523.44,,,,,
2019-02-11,14.681,14.71,14.681,14.681,2400,35234.4,,,,,
2019-02-12,14.681,14.71,14.535,14.535,8250,119913.75,,,,,
2019-02-13,14.39,14.564,14.39,14.535,2890,42006.15,,,,,
2019-02-14,14.535,14.564,14.448,14.477,4390,63554.03,,,,,
2019-02-15,14.535,14.535,14.477,14.477,670,9699.59,,,,,
2019-02-18,14.681,14.681,14.477,14.535,6620,96221.7,,,,,
2019-02-19,14.826,15.117,14.535,14.535,26750,388811.25,,,,,
2019-02-20,14.564,14.564,14.506,14.506,14910,216284.46,,,,,
2019-02-21,14.797,14.797,14.506,14.506,9420,136646.52,,,,,
2019-02-22,14.506,14.797,14.506,14.535,12240,177908.4,,,,,
2019-02-25,14.71,14.71,14.477,14.535,12000,174420.0,,,,,
2019-02-26,14.477,14.681,14.215,14.244,22620,322199.28,,,,,
2019-02-27,14.375,14.448,14.186,14.448,2520,36408.96,,,,,
2019-02-28,14.535,14.535,14.448,14.448,2090,30196.32,,,,,
2019-03-01,14.448,15.088,14.419,15.088,8190,123570.72,,,,,
2019-03-04,15.088,15.088,14.71,14.71,25180,370397.8000000001,,,,,
2019-03-05,14.797,14.942,14.622,14.942,25580,382216.36,,,,,
2019-03-06,14.942,15.058,14.622,14.826,12960,192144.96,,,,,
2019-03-07,14.826,14.913,14.622,14.622,34050,497879.1,,,,,
2019-03-08,14.681,14.797,14.593,14.651,54340,796135.34,,,,,
2019-03-11,14.71,14.71,14.564,14.593,20350,296967.55,,,,,
2019-03-12,14.651,14.739,14.593,14.593,25540,372705.22,,,,,
2019-03-13,14.564,15.117,14.535,14.739,115010,1695132.39,,,,,
2019-03-14,15.029,15.378,14.826,15.262,25350,386891.7,,,,,
2019-03-15,15.262,15.32,15.117,15.262,18690,285246.78,,,,,
2019-03-18,15.262,15.262,14.971,14.971,22090,330709.39,,,,,
2019-03-19,15.146,15.146,14.855,15.117,16740,253058.58,,,,,
2019-03-20,15.117,15.117,14.884,15.117,5380,81329.46,,,,,
2019-03-21,15.117,15.117,14.826,14.971,18800,281454.8,,,,,
2019-03-22,14.971,15.117,14.913,15.117,31240,472255.08,,,,,
2019-03-25,14.971,14.971,14.739,14.884,6760,100615.84,,,,,
2019-03-26,14.71,14.884,14.71,14.739,6440,94919.16,,,,,
2019-03-27,14.622,15.0,14.535,15.0,21620,324300.0,,,,,
2019-03-28,15.0,15.407,14.681,15.407,51930,800085.51,,,,,
2019-03-29,15.756,15.756,15.349,15.407,33330,513515.31,,,,,
2019-04-01,15.436,15.436,14.971,14.971,11300,169172.3,,,,,
2019-04-02,15.0,15.146,14.971,14.971,7340,109887.14,,,,,
2019-04-03,14.971,15.262,14.739,14.739,26020,383508.78,,,,,
2019-04-04,14.739,14.768,14.739,14.768,820,12109.76,,,,,
2019-04-05,14.768,14.826,14.739,14.739,20980,309224.22000000003,,,,,
2019-04-08,14.739,15.0,14.739,14.942,4120,61561.04,,,,,
2019-04-09,15.117,15.117,14.768,14.768,8940,132025.92,,,,,
2019-04-10,14.826,14.826,14.71,14.739,12810,188806.59,,,,,
2019-04-11,14.739,14.884,14.739,14.884,2640,39293.76,,,,,
2019-04-12,14.913,14.913,14.768,14.884,1560,23219.04,,,,,
2019-04-16,14.884,14.884,14.739,14.768,160,2362.88,,,,,
2019-04-17,14.681,14.913,14.535,14.913,13670,203860.71,,,,,
2019-04-18,14.826,14.826,14.681,14.826,9720,144108.72,,,,,
2019-04-19,14.826,14.826,14.681,14.826,6710,99482.46,,,,,
2019-04-22,14.681,14.942,14.681,14.942,6860,102502.12,,,,,
2019-04-23,14.942,14.971,14.942,14.971,8520,127552.92,,,,,
2019-04-24,14.942,15.088,14.826,15.088,12650,190863.2,,,,,
2019-04-25,15.088,15.088,14.826,15.088,12350,186336.8,,,,,
2019-04-26,15.088,15.204,14.797,15.088,13490,203537.12,,,,,
2019-05-02,15.088,15.088,14.855,14.855,1480,21985.4,,,,,
2019-05-03,14.826,14.855,14.826,14.826,4610,68347.86,,,,,
2019-05-06,14.564,14.681,14.564,14.681,7380,108345.78,,,,,
2019-05-07,14.681,15.088,14.681,14.971,28900,432661.9,,,,,
2019-05-08,14.942,15.262,14.681,15.262,40210,613685.02,,,,,
2019-05-09,15.088,15.088,14.826,14.855,2450,36394.75,,,,,
2019-05-10,14.826,15.233,14.768,15.233,580,8835.14,,,,,
2019-05-13,15.378,15.378,14.797,14.797,4680,69249.96,,,,,
2019-05-14,14.826,14.826,14.826,14.826,18220,270129.72000000003,,,,,
2019-05-15,14.826,14.826,14.797,14.826,5730,84952.98,,,,,
2019-05-16,14.826,14.971,14.71,14.71,5480,80610.8,,,,,
2019-05-17,14.71,14.71,14.71,14.71,2750,40452.5,,,,,
2019-05-20,14.71,14.826,14.681,14.826,16240,240774.24,,,,,
2019-05-21,14.942,14.971,14.622,14.681,6860,100711.66,,,,,
2019-05-22,14.739,14.739,14.535,14.71,28700,422177.0,,,,,
2019-05-23,14.71,14.971,14.535,14.971,29940,448231.74,,,,,
2019-05-24,14.826,14.855,14.593,14.593,4290,62603.97,,,,,
2019-05-27,14.681,14.971,14.681,14.971,17450,261243.95,,,,,
2019-05-28,14.826,15.088,14.826,14.971,8780,131445.38,,,,,
2019-05-29,14.739,14.913,14.651,14.913,22910,341656.83,,,,,
2019-05-30,14.942,14.942,14.651,14.884,32200,479264.8,,,,,
2019-05-31,14.855,14.971,14.826,14.942,14280,213371.76,,,,,
2019-06-03,14.942,14.942,14.622,14.622,11560,169030.32,,,,,
2019-06-04,14.884,14.884,14.622,14.622,8220,120192.84,,,,,
2019-06-05,14.826,14.826,14.535,14.564,13670,199089.88,,,,,
2019-06-06,14.564,14.564,14.419,14.506,11010,159711.06,,,,,
2019-06-07,14.506,14.826,14.506,14.826,15250,226096.5,,,,,
2019-06-10,14.826,14.826,14.593,14.797,4340,64218.98,,,,,
2019-06-11,14.797,14.797,14.535,14.768,18250,269516.0,,,,,
2019-06-12,14.739,14.768,14.506,14.535,51360,746517.6,,,,,
2019-06-13,15.02,15.02,14.535,14.687,23730,348522.51,,,,,
2019-06-14,14.687,14.777,14.687,14.777,6600,97528.2,,,,,
2019-06-17,14.626,14.687,14.565,14.656,460,6741.76,,,,,
2019-06-18,14.535,14.717,14.444,14.656,35150,515158.4,,,,,
2019-06-19,14.656,14.717,14.505,14.505,5330,77311.65000000001,,,,,
2019-06-20,14.535,14.535,14.475,14.475,4450,64413.75,,,,,
2019-06-21,14.475,14.535,14.384,14.535,8140,118314.9,,,,,
2019-06-24,14.535,14.535,14.384,14.399,4210,60619.78999999999,,,,,
2019-06-25,14.384,14.384,14.232,14.232,5750,81834.0,,,,,
2019-06-26,14.535,14.535,14.535,14.535,100,1453.5,,,,,
2019-06-27,14.505,14.505,14.202,14.49,1600,23184.0,,,,,
2019-06-28,14.444,14.475,14.232,14.323,3440,49271.12,,,,,
2019-07-01,14.323,14.323,14.111,14.142,6750,95458.5,,,,,
2019-07-02,14.111,14.111,13.96,13.99,2800,39172.0,,,,,
2019-07-03,13.99,14.172,13.99,14.051,260,3653.26,,,,,
2019-07-04,14.142,14.354,13.99,14.354,8570,123013.78,,,,,
2019-07-05,14.414,14.414,14.414,14.414,19500,281073.0,,,,,
2019-07-08,14.414,14.535,14.232,14.505,6280,91091.4,,,,,
2019-07-09,14.505,14.535,14.475,14.535,14100,204943.5,,,,,
2019-07-10,14.52,14.535,14.475,14.535,17100,248548.5,,,,,
2019-07-11,14.535,14.535,14.475,14.535,30760,447096.6,,,,,
2019-07-12,14.475,14.505,14.384,14.505,6300,91381.5,,,,,
2019-07-15,14.444,14.505,14.444,14.505,3180,46125.9,,,,,
2019-07-16,14.505,14.535,14.414,14.505,4170,60485.850000000006,,,,,
2019-07-17,14.52,14.535,14.384,14.535,25540,371223.9,,,,,
2019-07-18,14.384,14.535,14.384,14.535,5130,74564.55,,,,,
2019-07-19,14.535,14.535,14.384,14.535,20120,292444.2,,,,,
2019-07-22,14.535,14.535,14.172,14.232,17320,246498.24,,,,,
2019-07-23,14.172,14.384,14.081,14.384,11000,158224.0,,,,,
2019-07-24,14.384,14.475,14.232,14.475,3200,46320.0,,,,,
2019-07-25,14.475,14.505,14.475,14.505,6270,90946.35,,,,,
2019-07-26,14.505,14.535,14.232,14.535,15120,219769.2,,,,,
2019-07-29,14.505,14.505,14.384,14.505,6320,91671.6,,,,,
2019-07-30,14.248,14.505,14.172,14.505,12570,182327.85,,,,,
2019-07-31,14.232,15.141,14.232,15.141,16070,243315.87,,,,,
2019-08-01,15.141,15.141,14.475,14.777,6440,95163.88,,,,,
2019-08-02,14.475,14.535,14.081,14.535,16160,234885.6,,,,,
2019-08-05,14.535,14.535,14.308,14.505,2380,34521.9,,,,,
2019-08-06,14.535,14.535,14.248,14.535,3880,56395.8,,,,,
2019-08-07,14.535,14.535,14.354,14.535,19730,286775.55,,,,,
2019-08-08,14.278,14.505,14.263,14.505,11930,173044.65000000002,,,,,
2019-08-09,14.505,14.505,14.505,14.505,1670,24223.35,,,,,
2019-08-12,14.505,14.535,14.111,14.505,11540,167387.7,,,,,
2019-08-13,14.505,14.505,14.475,14.505,12740,184793.7,,,,,
2019-08-14,14.475,14.505,14.232,14.505,5150,74700.75,,,,,
2019-08-15,14.505,14.505,14.263,14.505,3230,46851.15,,,,,
2019-08-16,14.475,14.535,14.475,14.505,16200,234981.0,,,,,
2019-08-19,14.384,14.505,14.384,14.505,3390,49171.95,,,,,
2019-08-20,14.505,14.535,14.384,14.535,50630,735907.05,,,,,
2019-08-21,14.505,14.687,14.505,14.535,21220,308432.7,,,,,
2019-08-22,14.535,14.596,14.505,14.535,30910,449276.85,,,,,
2019-08-23,14.535,14.535,14.535,14.535,3600,52326.0,,,,,
2019-08-26,14.535,14.535,14.384,14.535,15030,218461.05,,,,,
2019-08-27,14.535,14.535,14.535,14.535,15510,225437.85,,,,,
2019-08-28,14.838,14.838,14.535,14.535,1540,22383.9,,,,,
2019-08-29,14.505,14.505,14.475,14.505,13660,198138.3,,,,,
2019-08-30,14.535,14.535,14.475,14.535,39330,571661.55,,,,,
2019-09-03,14.293,14.535,14.293,14.535,13150,191135.25,,,,,
2019-09-04,14.505,14.535,14.444,14.52,18340,266296.8,,,,,
2019-09-05,14.535,14.535,14.505,14.535,16010,232705.35,,,,,
2019-09-06,14.535,14.535,14.505,14.535,11600,168606.0,,,,,
2019-09-09,14.535,14.535,14.505,14.535,20080,291862.8,,,,,
2019-09-10,14.505,14.535,14.293,14.535,2890,42006.15,,,,,
2019-09-11,14.535,14.535,14.505,14.505,13350,193641.75,,,,,
2019-09-12,14.475,14.52,14.475,14.52,3030,43995.6,,,,,
2019-09-13,14.52,14.565,14.52,14.52,12360,179467.19999999998,,,,,
2019-09-16,14.535,14.535,14.52,14.52,3500,50820.0,,,,,
2019-09-17,14.52,14.52,14.505,14.52,8090,117466.8,,,,,
2019-09-18,14.505,14.505,14.263,14.505,2840,41194.2,,,,,
2019-09-19,14.475,14.535,14.475,14.535,71490,1039107.15,,,,,
2019-09-20,14.535,14.535,14.475,14.475,13220,191359.5,,,,,
2019-09-23,14.762,14.762,14.475,14.505,7670,111253.35,,,,,
2019-09-24,14.505,14.505,14.384,14.505,4800,69624.0,,,,,
2019-09-25,14.505,14.505,14.475,14.505,16830,244119.15,,,,,
2019-09-26,14.505,14.535,14.444,14.52,32000,464640.0,,,,,
2019-09-27,14.52,15.08,14.52,15.05,80760,1215438.0,,,,,
2019-09-30,15.868,15.868,15.126,15.141,7960,120522.36,,,,,
2019-10-01,15.111,15.111,14.838,14.838,3450,51191.1,,,,,
2019-10-02,14.838,14.838,14.687,14.717,3930,57837.810000000005,,,,,
2019-10-03,14.687,14.702,14.475,14.656,11830,173380.48,,,,,
2019-10-04,14.656,15.02,14.475,14.838,57760,857042.88,,,,,
2019-10-07,15.095,15.292,15.095,15.141,14560,220452.96,,,,,
2019-10-08,15.262,15.292,15.111,15.111,12600,190398.6,,,,,
2019-10-09,15.141,15.746,15.111,15.141,69840,1057447.44,,,,,
2019-10-10,15.141,15.141,14.747,14.747,710,10470.37,,,,,
2019-10-11,15.111,15.111,14.838,14.838,150,2225.7,,,,,
2019-10-14,14.838,15.08,14.717,14.989,3710,55609.19,,,,,
2019-10-15,14.747,14.747,14.747,14.747,100,1474.7,,,,,
2019-10-16,14.762,14.762,14.687,14.717,2910,42826.47,,,,,
2019-10-17,14.717,14.717,14.717,14.717,980,14422.66,,,,,
2019-10-18,14.717,15.565,14.717,15.201,960,14592.96,,,,,
2019-10-21,14.838,14.838,14.838,14.838,1420,21069.96,,,,,
2019-10-22,15.141,15.141,14.687,14.687,3470,50963.89,,,,,
2019-10-23,14.565,14.565,14.535,14.535,9000,130815.0,,,,,
2019-10-24,14.535,14.687,14.535,14.565,23000,334995.0,,,,,
2019-10-25,14.641,14.838,14.626,14.838,8600,127606.8,,,,,
2019-10-28,14.687,14.687,14.687,14.687,250,3671.75,,,,,
2019-10-29,14.687,14.747,14.687,14.702,3730,54838.46,,,,,
2019-10-30,14.944,14.944,14.687,14.687,5000,73435.0,,,,,
2019-10-31,14.687,14.974,14.687,14.974,1920,28750.08,,,,,
2019-11-01,14.974,14.974,14.702,14.717,620,9124.54,,,,,
2019-11-04,14.929,14.929,14.702,14.702,4040,59396.08,,,,,
2019-11-05,14.702,14.838,14.687,14.838,3520,52229.76,,,,,
2019-11-06,14.959,14.959,14.838,14.838,2860,42436.68,,,,,
2019-11-07,14.838,14.838,14.838,14.838,0,0.0,,,,,
2019-11-08,14.838,14.838,14.717,14.838,4850,71964.3,,,,,
2019-11-11,14.838,14.868,14.838,14.838,21600,320500.8,,,,,
2019-11-12,14.838,14.838,14.838,14.838,5340,79234.92,,,,,
2019-11-13,14.838,14.989,14.747,14.853,2570,38172.21,,,,,
2019-11-14,14.883,15.141,14.883,14.929,4700,70166.3,,,,,
2019-11-15,15.126,15.686,14.959,14.989,20180,302478.02,,,,,
2019-11-18,14.989,15.444,14.989,15.444,50910,786254.04,,,,,
2019-11-19,15.444,16.352,15.444,16.352,78030,1275946.56,,,,,
2019-11-20,16.352,16.594,16.352,16.594,39510,655628.9400000001,,,,,
2019-11-21,16.594,17.17,16.594,16.927,71120,1203848.24,,,,,
2019-11-22,16.534,16.927,16.352,16.352,62080,1015132.16,,,,,
2019-11-25,16.352,16.413,16.231,16.231,19170,311148.27,,,,,
2019-11-26,16.14,16.14,16.049,16.049,5480,87948.52,,,,,
2019-11-27,15.777,16.322,15.777,16.322,7550,123231.1,,,,,
2019-11-28,16.352,17.139,16.322,16.534,25440,420624.96,,,,,
2019-11-29,16.534,16.655,16.352,16.503,6850,113045.55,,,,,
2019-12-02,16.352,16.655,16.352,16.503,11790,194570.37,,,,,
2019-12-03,16.352,16.443,16.17,16.17,25480,412011.6,,,,,
2019-12-04,16.352,16.352,16.14,16.292,4160,67774.72,,,,,
2019-12-05,16.201,16.231,15.656,15.656,24660,386076.96,,,,,
2019-12-06,15.746,16.049,15.625,16.049,11340,181995.66,,,,,
2019-12-09,16.049,16.231,16.019,16.049,24540,393842.46,,,,,
2019-12-10,16.049,16.049,15.807,16.049,10220,164020.78,,,,,
2019-12-11,16.14,16.292,16.049,16.049,4130,66282.37,,,,,
2019-12-12,16.049,16.049,15.746,16.049,12380,198686.62,,,,,
2019-12-13,16.049,16.049,15.807,15.807,2360,37304.52,,,,,
2019-12-16,15.898,15.898,15.807,15.807,2900,45840.3,,,,,
2019-12-17,15.686,16.049,15.595,15.868,15110,239765.48,,,,,
2019-12-18,15.868,15.989,15.595,15.868,6570,104252.76,,,,,
2019-12-19,15.868,15.868,15.868,15.868,640,10155.52,,,,,
2019-12-20,15.656,15.746,15.444,15.444,9370,144710.28,,,,,
2019-12-23,15.444,15.444,15.141,15.141,8850,133997.85,,,,,
2019-12-24,15.141,15.141,14.838,15.141,4110,62229.51,,,,,
2019-12-25,15.126,15.126,14.535,14.747,8110,119598.17,,,,,
2019-12-26,15.353,15.353,14.777,14.838,1580,23444.04,,,,,
2019-12-27,14.611,14.838,14.384,14.777,10730,158557.21,,,,,
2019-12-30,14.808,14.868,14.626,14.626,12090,176828.34,,,,,
2019-12-31,14.535,14.747,14.535,14.535,19290,280380.15,,,,,
2020-01-02,15.065,15.065,14.596,14.596,1010,14741.96,,,,,
2020-01-03,15.262,15.262,14.535,14.535,7120,103489.2,,,,,
2020-01-06,14.596,14.838,14.535,14.838,6090,90363.42,,,,,
2020-01-07,14.702,14.702,14.656,14.687,4450,65357.15,,,,,
2020-01-08,14.687,14.793,14.626,14.656,8080,118420.48,,,,,
2020-01-09,14.687,14.823,14.55,14.823,7910,117249.93,,,,,
2020-01-10,15.08,15.095,14.959,15.005,11700,175558.5,,,,,
2020-01-13,14.762,14.959,14.581,14.959,1340,20045.06,,,,,
2020-01-14,14.853,15.005,14.838,14.989,7830,117363.87,,,,,
2020-01-15,14.989,14.989,14.838,14.838,1150,17063.7,,,,,
2020-01-16,14.823,14.838,14.687,14.838,3530,52378.14,,,,,
2020-01-17,14.838,14.883,14.641,14.883,6570,97781.31,,,,,
2020-01-20,15.095,15.141,14.838,14.838,12470,185029.86,,,,,
2020-01-21,14.838,15.05,14.838,14.989,8820,132202.98,,,,,
2020-01-22,15.383,15.383,14.853,15.141,20850,315689.85,,,,,
2020-01-30,15.686,15.716,15.201,15.534,27830,432311.22,,,,,
2020-01-31,15.868,16.594,15.807,16.594,188860,3133942.8400000003,,,,,
2020-02-03,17.23,17.745,16.958,16.958,339630,5759445.539999999,,,,,
2020-02-04,16.382,16.655,16.049,16.443,59520,978687.36,,,,,
2020-02-05,16.08,16.08,15.323,16.049,91670,1471211.8299999998,,,,,
2020-02-06,15.807,15.898,15.504,15.656,149490,2340415.44,,,,,
2020-02-07,15.595,16.352,15.595,16.201,44400,719324.4,,,,,
2020-02-10,16.503,16.988,16.443,16.594,125560,2083542.64,,,,,
2020-02-11,16.837,17.261,16.352,16.988,146190,2483475.72,,,,,
2020-02-12,16.988,17.503,16.988,17.382,152500,2650755.0,,,,,
2020-02-13,17.563,18.169,17.412,17.412,162660,2832235.92,,,,,
2020-02-14,17.412,17.563,17.351,17.503,118140,2067804.42,,,,,
2020-02-17,17.745,17.745,17.018,17.23,58580,1009333.4,,,,,
2020-02-18,17.23,18.411,17.23,18.411,388490,7152489.390000001,,,,,
2020-02-19,19.653,19.653,18.411,18.593,258560,4807406.08,,,,,
2020-02-20,18.472,18.775,18.018,18.32,101900,1866808.0,,,,,
2020-02-21,18.32,18.956,18.108,18.744,238990,4479628.56,,,,,
2020-02-24,18.775,19.229,18.169,18.775,212140,3982928.5,,,,,
2020-02-25,18.775,18.775,18.351,18.351,125700,2306720.7,,,,,
2020-02-26,18.351,18.775,18.199,18.199,113300,2061946.7,,,,,
2020-02-27,17.896,18.199,17.563,17.715,163120,2889670.8,,,,,
2020-02-28,17.715,18.048,17.382,17.654,80550,1422029.7,,,,,
2020-03-02,17.503,17.927,17.503,17.563,44050,773650.1499999999,,,,,
2020-03-03,18.048,18.048,17.533,17.775,72150,1282466.25,,,,,
2020-03-04,17.775,17.775,17.533,17.654,53900,951550.6,,,,,
2020-03-05,18.048,18.744,18.048,18.381,157980,2903830.38,,,,,
2020-03-06,18.23,18.926,18.23,18.532,98960,1833926.72,,,,,
2020-03-09,18.139,18.32,17.261,17.261,132120,2280523.32,,,,,
2020-03-10,17.109,18.29,16.958,17.624,84320,1486055.68,,,,,
2020-03-11,17.927,18.018,17.109,17.866,146550,2618262.3,,,,,
2020-03-12,17.563,17.563,16.625,16.625,183080,3043705.0,,,,,
2020-03-13,15.474,16.927,15.474,16.806,82690,1389688.14,,,,,
2020-03-16,16.806,16.958,15.686,15.686,72470,1136764.42,,,,,
2020-03-17,15.686,16.322,15.686,16.08,54810,881344.7999999999,,,,,
2020-03-18,16.352,16.594,15.837,15.837,53740,851080.38,,,,,
2020-03-19,15.746,15.746,15.292,15.444,72440,1118763.36,,,,,
2020-03-20,15.444,15.746,15.444,15.504,34840,540159.36,,,,,
2020-03-23,15.141,15.141,14.429,14.429,156470,2257705.63,,,,,
2020-03-24,13.642,14.232,13.43,13.43,194710,2614955.3,,,,,
2020-03-25,13.627,13.899,13.051,13.899,132060,1835501.94,,,,,
2020-03-26,13.899,13.899,13.203,13.203,114630,1513459.89,,,,,
2020-03-27,13.203,13.415,12.718,12.733,129450,1648286.85,,,,,
2020-03-30,12.733,12.733,11.855,12.733,154740,1970304.42,,,,,
2020-03-31,12.264,13.475,11.961,12.839,74830,960742.37,,,,,
2020-04-01,12.839,13.263,12.113,13.036,14150,184459.4,,,,,
2020-04-03,13.036,13.415,13.036,13.415,36730,492732.95,,,,,
2020-04-06,13.475,14.217,13.475,14.217,76050,1081202.85,,,,,
2020-04-07,14.384,14.384,13.93,14.354,58660,842005.6399999999,,,,,
2020-04-08,14.354,14.596,14.081,14.535,41450,602475.75,,,,,
2020-04-09,14.535,14.959,14.535,14.777,36600,540838.2,,,,,
2020-04-10,14.777,14.838,14.535,14.777,56600,836378.2,,,,,
2020-04-13,14.838,15.444,14.838,15.292,103910,1588991.72,,,,,
2020-04-14,15.292,15.292,14.929,15.292,63770,975170.84,,,,,
2020-04-15,15.292,15.444,15.201,15.353,29770,457058.81,,,,,
2020-04-16,15.323,15.444,15.141,15.383,49520,761766.1599999999,,,,,
2020-04-17,15.656,16.322,15.444,16.231,72160,1171228.9600000002,,,,,
2020-04-20,16.655,17.261,16.655,16.655,164070,2732585.85,,,,,
2020-04-21,16.655,16.685,15.746,16.049,67150,1077690.35,,,,,
2020-04-22,16.201,16.201,15.746,16.049,46020,738574.98,,,,,
2020-04-23,16.322,16.625,16.231,16.292,23230,378463.16,,,,,
2020-04-24,16.292,16.352,16.11,16.201,24340,394332.34,,,,,
2020-04-27,16.049,16.352,16.049,16.049,26420,424014.58,,,,,
2020-04-28,16.413,16.413,16.08,16.231,15710,254989.01000000004,,,,,
2020-04-29,16.261,16.473,16.201,16.201,22050,357232.05,,,,,
2020-05-04,16.201,16.201,15.625,15.777,21280,335734.56,,,,,
2020-05-05,15.898,16.049,15.898,15.898,25010,397608.98,,,,,
2020-05-06,15.898,16.049,15.777,15.989,16990,271653.11,,,,,
2020-05-07,15.807,16.14,15.807,16.049,32880,527691.12,,,,,
2020-05-08,16.17,16.17,15.928,16.049,36410,584344.09,,,,,
2020-05-11,16.049,16.655,16.049,16.352,100540,1644030.08,,,,,
2020-05-12,16.625,16.625,16.322,16.382,18360,300773.52,,,,,
2020-05-13,16.352,16.503,16.292,16.413,18770,308072.01,,,,,
2020-05-14,16.625,17.018,16.564,16.988,120200,2041957.6,,,,,
2020-05-15,16.988,17.261,16.958,16.958,95100,1612705.7999999998,,,,,
2020-05-18,16.958,16.958,16.655,16.897,43020,726908.94,,,,,
2020-05-19,16.958,16.958,16.352,16.352,43860,717198.72,,,,,
2020-05-20,16.655,16.655,16.231,16.352,18810,307581.12,,,,,
2020-05-21,16.564,16.564,16.201,16.201,62930,1019528.93,,,,,
2020-05-22,16.049,16.261,16.019,16.019,70410,1127897.7899999998,,,,,
2020-05-25,16.08,16.352,16.08,16.322,8090,132044.97999999998,,,,,
2020-05-26,16.564,16.564,16.11,16.352,42510,695123.52,,,,,
2020-05-27,16.625,16.625,16.14,16.17,88690,1434117.3,,,,,
2020-05-28,16.503,16.503,16.11,16.352,18290,299078.08,,,,,
2020-05-29,16.473,16.473,16.352,16.413,21260,348940.38,,,,,
2020-06-01,16.594,17.261,16.534,16.988,136070,2311557.16,,,,,
2020-06-02,17.2,18.018,17.2,17.412,146890,2557648.68,,,,,
2020-06-03,17.563,18.139,17.412,18.108,115670,2094552.36,,,,,
2020-06-04,18.169,18.744,18.018,18.26,118380,2161618.8000000003,,,,,
2020-06-05,18.199,18.199,17.261,18.139,93910,1703433.49,,,,,
2020-06-08,18.139,18.139,17.715,17.806,91910,1636549.4600000002,,,,,
2020-06-09,17.806,18.018,17.473,17.715,61940,1097267.1,,,,,
2020-06-10,17.806,17.866,17.442,17.684,18730,331221.32,,,,,
2020-06-11,17.684,17.684,17.018,17.018,66480,1131356.64,,,,,
2020-06-12,16.049,17.261,16.049,16.776,91180,1529635.68,,,,,
2020-06-15,16.776,17.291,16.382,16.655,37190,619399.4500000001,,,,,
2020-06-16,16.958,17.109,16.685,16.958,9080,153978.63999999998,,,,,
2020-06-17,16.806,16.958,16.776,16.958,14260,241821.08,,,,,
2020-06-18,16.655,16.897,16.534,16.806,8020,134784.12,,,,,
2020-06-19,16.958,16.958,16.715,16.806,22250,373933.5,,,,,
2020-06-22,16.776,17.109,16.776,17.049,11850,202030.65,,,,,
2020-06-23,17.049,17.563,16.806,17.563,40610,713233.4299999999,,,,,
2020-06-24,17.866,17.866,17.473,17.775,77240,1372941.0,,,,,
2020-06-25,17.715,17.775,17.563,17.563,57070,1002320.41,,,,,
2020-06-26,17.715,17.806,17.412,17.563,14340,251853.42,,,,,
2020-06-29,17.563,17.563,16.958,17.139,32220,552218.58,,,,,
2020-06-30,17.139,17.17,16.958,17.109,33170,567505.53,,,,,
2020-07-01,17.109,17.412,16.958,17.261,21590,372664.99,,,,,
2020-07-02,17.503,17.563,17.291,17.533,34000,596122.0,,,,,
2020-07-03,17.745,17.806,17.503,17.806,42440,755686.64,,,,,
2020-07-06,17.806,17.836,17.684,17.684,33890,599310.76,,,,,
2020-07-07,17.806,17.806,17.563,17.563,67780,1190420.14,,,,,
2020-07-08,17.563,17.715,17.563,17.563,38020,667745.26,,,,,
2020-07-09,17.654,17.684,17.563,17.684,60090,1062631.56,,,,,
2020-07-10,17.594,17.806,17.594,17.715,91490,1620745.35,,,,,
2020-07-13,17.715,17.987,17.563,17.927,164500,2948991.5,,,,,
2020-07-14,18.821,18.821,18.42,18.541,156750,2906301.75,,,,,
2020-07-15,18.541,18.781,18.541,18.581,46760,868847.5599999999,,,,,
2020-07-16,18.621,18.621,17.299,18.22,73390,1337165.7999999998,,,,,
2020-07-17,18.22,18.661,17.78,18.22,129400,2357668.0,,,,,
2020-07-20,18.661,18.661,18.32,18.42,71490,1316845.8,,,,,
2020-07-21,18.501,18.501,18.34,18.42,34800,641016.0000000001,,,,,
2020-07-22,18.42,18.42,18.02,18.06,39780,718426.7999999999,,,,,
2020-07-23,18.06,18.34,17.82,18.02,33970,612139.4,,,,,
2020-07-24,18.06,18.06,16.819,17.019,141700,2411592.3,,,,,
2020-07-27,16.659,17.019,15.858,15.878,90560,1437911.68,,,,,
2020-07-28,15.898,16.979,15.898,16.979,70740,1201094.46,,,,,
2020-07-29,17.219,17.239,16.018,16.699,44340,740433.66,,,,,
2020-07-30,16.458,17.219,16.458,16.819,22290,374895.51,,,,,
2020-07-31,17.219,17.379,16.839,17.299,87940,1521274.06,,,,,
2020-08-03,17.62,17.62,17.299,17.6,100200,1763520.0000000002,,,,,
2020-08-04,17.78,18.02,17.62,17.82,36450,649539.0,,,,,
2020-08-05,17.82,17.98,17.499,17.7,68860,1218822.0,,,,,
2020-08-06,17.86,17.86,17.499,17.62,84320,1485718.4,,,,,
2020-08-07,17.62,17.64,17.479,17.6,40730,716848.0,,,,,
2020-08-10,17.62,17.72,17.519,17.58,58970,1036692.6,,,,,
2020-08-11,17.58,17.62,17.519,17.58,59010,1037395.8,,,,,
2020-08-12,17.62,17.62,17.459,17.459,46360,809399.24,,,,,
2020-08-13,17.459,17.56,17.399,17.539,85540,1500286.06,,,,,
2020-08-14,17.58,18.36,17.459,18.14,302650,5490071.0,,,,,
2020-08-17,18.18,18.701,17.9,18.601,169720,3156961.72,,,,,
2020-08-18,18.601,18.821,18.42,18.601,164510,3060050.51,,,,,
2020-08-19,18.581,18.741,18.3,18.621,132670,2470448.07,,,,,
2020-08-20,18.461,18.581,18.26,18.38,136740,2513281.2,,,,,
2020-08-21,18.3,19.622,18.3,19.101,348630,6659181.63,,,,,
2020-08-24,19.101,19.502,19.101,19.341,138140,2671765.74,,,,,
2020-08-25,19.341,19.422,19.141,19.281,123700,2385059.7,,,,,
2020-08-26,19.281,19.822,19.141,19.261,157570,3034955.77,,,,,
2020-08-27,19.261,19.422,19.101,19.261,103080,1985423.88,,,,,
2020-08-28,19.341,19.542,19.261,19.382,139640,2706502.48,,,,,
2020-08-31,19.382,19.382,18.841,18.961,163960,3108845.56,,,,,
2020-09-01,18.901,19.021,18.781,18.921,61730,1167993.33,,,,,
2020-09-03,19.021,19.021,18.861,18.921,68050,1287574.05,,,,,
2020-09-04,18.661,19.021,18.661,18.921,107870,2041008.27,,,,,
2020-09-07,18.941,19.141,18.941,19.021,79630,1514642.23,,,,,
2020-09-08,19.101,19.221,18.901,19.221,68090,1308757.89,,,,,
2020-09-09,19.101,19.141,18.981,19.081,64340,1227671.54,,,,,
2020-09-10,19.221,19.221,19.041,19.081,57230,1092005.63,,,,,
2020-09-11,18.901,19.081,18.901,19.061,51800,987359.8,,,,,
2020-09-14,19.061,19.422,18.981,19.281,153170,2953270.77,,,,,
2020-09-15,19.281,20.002,19.281,19.822,370180,7337707.96,,,,,
2020-09-16,19.822,19.822,19.622,19.782,71240,1409269.68,,,,,
2020-09-17,19.762,20.222,19.622,19.782,148280,2933274.96,,,,,
2020-09-18,19.982,19.982,19.682,19.682,125260,2465367.32,,,,,
2020-09-21,19.942,19.942,19.662,19.662,121580,2390505.96,,,,,
2020-09-22,19.662,19.702,19.281,19.442,162980,3168657.16,,,,,
2020-09-23,19.442,19.582,19.281,19.382,94880,1838964.16,,,,,
2020-09-24,19.382,19.402,19.281,19.281,69100,1332317.1,,,,,
2020-09-25,19.281,19.301,19.061,19.221,133200,2560237.2,,,,,
2020-09-28,19.221,19.422,19.181,19.301,75170,1450856.17,,,,,
2020-09-29,19.362,19.362,19.141,19.141,71530,1369155.73,,,,,
2020-09-30,19.141,19.221,19.021,19.221,52360,1006411.56,,,,,
2020-10-01,19.321,19.382,19.141,19.241,74270,1429029.07,,,,,
2020-10-02,19.241,19.241,18.981,19.161,93350,1788679.35,,,,,
2020-10-05,19.341,19.341,19.101,19.161,40910,783876.51,,,,,
2020-10-06,19.261,19.261,19.101,19.221,52400,1007180.4,,,,,
2020-10-07,19.221,19.221,19.061,19.101,58530,1117981.53,,,,,
2020-10-08,19.101,19.201,19.061,19.101,60040,1146824.04,,,,,
2020-10-09,19.181,19.181,19.021,19.021,37910,721086.11,,,,,
2020-10-12,19.021,19.101,18.941,18.941,40340,764079.94,,,,,
2020-10-13,18.901,19.341,18.901,19.141,102620,1964249.42,,,,,
2020-10-14,19.181,19.221,19.001,19.061,53940,1028150.34,,,,,
2020-10-15,19.181,19.181,18.901,19.021,51270,975206.67,,,,,
2020-10-16,19.101,19.101,18.701,18.941,101730,1926867.93,,,,,
2020-10-19,18.821,19.021,18.821,18.861,49190,927772.59,,,,,
2020-10-20,18.861,18.901,18.581,18.701,74960,1401826.96,,,,,
2020-10-21,18.721,18.921,18.621,18.721,41250,772241.25,,,,,
2020-10-22,18.721,18.721,18.541,18.581,21380,397261.78,,,,,
2020-10-23,18.661,18.701,18.461,18.661,48410,903379.01,,,,,
2020-10-26,18.821,18.821,18.501,18.681,34610,646549.41,,,,,
2020-10-27,18.661,18.701,18.501,18.681,32450,606198.4500000001,,,,,
2020-10-28,18.661,18.981,18.541,18.541,46570,863454.37,,,,,
2020-10-29,18.761,19.822,18.461,19.622,448010,8790852.22,,,,,
2020-10-30,19.982,19.982,19.221,19.662,150910,2967192.42,,,,,
2020-11-02,19.662,19.942,19.662,19.842,206300,4093404.6,,,,,
2020-11-03,19.822,19.922,19.742,19.822,125160,2480921.52,,,,,
2020-11-04,19.662,19.862,19.622,19.802,168200,3330696.4,,,,,
2020-11-05,19.822,19.822,19.602,19.642,97830,1921576.86,,,,,
2020-11-06,19.642,20.343,19.642,20.222,209690,4240351.180000001,,,,,
2020-11-09,20.343,21.143,20.222,21.023,289100,6077749.3,,,,,
2020-11-10,21.184,21.344,21.103,21.224,143050,3036093.2,,,,,
2020-11-11,21.184,21.624,21.063,21.344,239340,5108472.96,,,,,
2020-11-12,21.464,21.464,20.703,20.903,298410,6237664.23,,,,,
2020-11-13,20.903,21.344,20.743,21.023,91520,1924024.96,,,,,
2020-11-16,20.983,21.023,20.062,20.263,157440,3190206.72,,,,,
2020-11-17,20.343,20.663,20.343,20.663,47130,973847.19,,,,,
2020-11-18,20.943,20.943,20.343,20.703,134080,2775858.24,,,,,
2020-11-19,20.783,20.823,20.503,20.823,27100,564303.3,,,,,
2020-11-20,20.943,20.943,20.623,20.823,83920,1747466.16,,,,,
2020-11-23,20.823,20.983,20.623,20.743,41310,856893.33,,,,,
2020-11-24,20.903,20.903,20.583,20.583,64510,1327809.3299999998,,,,,
2020-11-25,20.823,21.984,20.623,21.984,366280,8052299.52,,,,,
2020-11-26,22.225,22.425,21.664,21.944,70380,1544418.72,,,,,
2020-11-27,22.225,22.385,21.984,22.105,53000,1171565.0,,,,,
2020-11-30,22.024,22.024,21.544,21.544,65300,1406823.2,,,,,
2020-12-01,20.943,21.624,20.943,21.544,91130,1963304.72,,,,,
2020-12-02,22.145,22.705,21.664,22.465,163500,3673027.5,,,,,
2020-12-03,22.505,22.625,22.024,22.225,74800,1662430.0,,,,,
2020-12-04,22.225,22.385,22.024,22.185,63650,1412075.25,,,,,
2020-12-07,22.105,22.345,22.105,22.225,50100,1113472.5,,,,,
2020-12-08,22.225,22.225,21.824,22.024,65120,1434202.88,,,,,
2020-12-09,22.024,22.185,21.864,22.024,87110,1918510.64,,,,,
2020-12-10,22.024,22.024,21.704,21.944,77940,1710315.36,,,,,
2020-12-11,21.944,22.385,21.744,22.385,121050,2709704.25,,,,,
2020-12-14,22.625,22.905,22.265,22.745,163870,3727223.15,,,,,
2020-12-15,22.785,22.865,22.505,22.505,60810,1368529.05,,,,,
2020-12-16,22.505,22.825,22.505,22.585,61810,1395978.85,,,,,
2020-12-17,22.585,22.785,22.185,22.385,60580,1356083.3,,,,,
2020-12-18,22.265,22.425,22.265,22.345,53820,1202607.9,,,,,
2020-12-21,22.345,22.545,22.225,22.265,77590,1727541.35,,,,,
2020-12-22,22.385,22.385,22.105,22.265,96370,2145678.0500000003,,,,,
2020-12-23,22.385,22.785,22.145,22.425,81010,1816649.25,,,,,
2020-12-24,22.745,22.745,21.864,22.185,34370,762498.45,,,,,
2020-12-25,22.185,22.585,22.105,22.505,37680,847988.3999999999,,,,,
2020-12-28,22.265,22.625,22.225,22.225,97110,2158269.75,,,,,
2020-12-29,22.465,22.465,22.185,22.305,62860,1402092.3,,,,,
2020-12-30,22.425,22.425,22.225,22.345,48610,1086190.45,,,,,
2020-12-31,22.425,22.625,22.345,22.545,85560,1928950.2,,,,,
2021-01-04,22.625,23.626,22.625,23.226,149500,3472287.0,,,,,
2021-01-05,23.346,23.346,23.146,23.146,51900,1201277.4,,,,,
2021-01-06,23.386,23.386,23.146,23.226,60000,1393560.0,,,,,
2021-01-07,23.346,23.346,23.026,23.186,42500,985405.0,,,,,
2021-01-08,23.186,23.346,23.186,23.186,45800,1061918.8,,,,,
2021-01-11,23.186,23.386,23.026,23.226,42800,994072.8,,,,,
2021-01-12,23.426,24.027,23.346,23.826,74300,1770271.8,,,,,
2021-01-13,23.947,23.947,23.426,23.466,35800,840082.8,,,,,
2021-01-14,23.466,23.506,22.505,23.506,98800,2322392.8,,,,,
2021-01-15,23.506,23.626,23.266,23.306,19700,459128.2,,,,,
2021-01-18,23.546,23.546,23.026,23.026,59400,1367744.4,,,,,
2021-01-19,23.026,23.066,21.664,22.024,63900,1407333.6,,,,,
2021-01-20,22.024,22.385,21.824,22.105,53800,1189249.0,,,,,
2021-01-21,22.825,22.825,22.024,22.345,44400,992118.0,,,,,
2021-01-22,22.705,22.825,22.385,22.665,41200,933798.0,,,,,
2021-01-25,22.825,23.066,22.265,23.026,38300,881895.8,,,,,
2021-01-26,23.426,23.826,22.425,23.426,119000,2787694.0,,,,,
2021-01-27,23.226,23.506,22.705,22.705,27600,626658.0,,,,,
2021-01-28,22.545,22.545,21.143,21.143,128900,2725332.7,,,,,
2021-01-29,20.503,22.585,20.503,22.545,37000,834165.0000000001,,,,,
2021-02-01,22.024,22.585,21.704,21.704,28800,625075.2000000001,,,,,
2021-02-02,21.944,21.984,21.464,21.744,12100,263102.4,,,,,
2021-02-03,21.784,22.225,21.744,21.944,28800,631987.2,,,,,
2021-02-04,22.705,22.705,21.624,22.305,20000,446100.0,,,,,
2021-02-05,22.665,22.665,22.185,22.425,5400,121095.0,,,,,
2021-02-08,22.785,22.785,22.145,22.145,12200,270169.0,,,,,
2021-02-09,22.185,22.425,21.424,22.425,32000,717600.0,,,,,
2021-02-17,22.785,22.825,22.225,22.705,61400,1394087.0,,,,,
2021-02-18,23.466,24.267,23.026,24.267,290000,7037430.0,,,,,
2021-02-19,25.829,25.949,25.228,25.588,140900,3605349.2,,,,,
2021-02-22,25.588,25.588,25.148,25.228,97200,2452161.6,,,,,
2021-02-23,25.228,25.228,24.427,24.707,94700,2339752.9,,,,,
2021-02-24,24.707,25.028,24.467,24.587,87600,2153821.2,,,,,
2021-02-25,24.587,25.348,24.587,25.228,96300,2429456.4000000004,,,,,
2021-02-26,25.148,26.029,24.547,25.468,64400,1640139.2,,,,,
2021-03-01,25.628,25.628,25.348,25.548,68900,1760257.2,,,,,
2021-03-02,25.628,25.709,25.028,25.028,81100,2029770.8,,,,,
2021-03-03,25.228,25.548,25.068,25.428,76700,1950327.6,,,,,
2021-03-04,25.709,25.709,25.228,25.228,50000,1261400.0,,,,,
2021-03-05,25.028,25.709,25.028,25.508,75200,1918201.6,,,,,
2021-03-08,26.189,26.83,25.548,26.429,129300,3417269.7,,,,,
2021-03-09,26.429,26.83,26.069,26.229,39800,1043914.2,,,,,
2021-03-10,26.269,26.83,26.029,26.83,67400,1808342.0,,,,,
2021-03-11,26.91,28.031,26.83,28.031,69800,1956563.8,,,,,
2021-03-12,28.031,28.031,27.23,27.831,64700,1800665.7,,,,,
2021-03-15,27.951,29.553,27.951,29.513,201200,5938015.600000001,,,,,
2021-03-16,29.513,29.513,28.472,28.872,44300,1279029.6,,,,,
2021-03-17,29.032,29.072,28.472,29.032,114700,3329970.4,,,,,
2021-03-18,29.192,29.232,28.832,29.032,54800,1590953.6,,,,,
2021-03-19,29.032,29.232,28.512,29.232,41400,1210204.8,,,,,
2021-03-22,29.433,29.473,29.112,29.152,84200,2454598.4,,,,,
2021-03-23,29.152,29.313,29.072,29.112,88800,2585145.6,,,,,
2021-03-24,29.112,29.152,28.992,29.072,50500,1468136.0,,,,,
2021-03-25,29.152,29.232,29.072,29.112,62800,1828233.6,,,,,
2021-03-26,29.192,29.433,29.072,29.393,58100,1707733.3,,,,,
2021-03-29,30.434,30.434,29.633,29.673,62500,1854562.5,,,,,
2021-03-30,29.753,30.033,29.513,29.513,10000,295130.0,,,,,
2021-03-31,28.992,29.553,28.992,29.433,40400,1189093.2,,,,,
2021-04-01,29.433,29.513,29.232,29.433,42800,1259732.4,,,,,
2021-04-02,29.433,29.433,28.432,28.912,1045900,30239060.8,,,,,
2021-04-05,29.032,29.713,28.912,29.633,29800,883063.4,,,,,
2021-04-06,29.673,29.673,29.032,29.232,30800,900345.6,,,,,
2021-04-07,29.553,29.553,28.952,29.232,58100,1698379.2,,,,,
2021-04-08,29.593,29.593,28.952,29.072,52900,1537908.8,,,,,
2021-04-09,29.072,29.313,29.072,29.072,107500,3125240.0,,,,,
2021-04-12,29.192,29.833,28.792,29.112,112500,3275100.0,,,,,
2021-04-13,29.112,29.112,28.792,28.832,41800,1205177.6,,,,,
2021-04-14,28.992,28.992,28.792,28.832,38100,1098499.2,,,,,
2021-04-15,29.032,29.032,28.792,28.832,20500,591056.0,,,,,
2021-04-16,28.832,28.952,28.031,28.432,32000,909824.0,,,,,
2021-04-19,28.792,29.232,28.512,28.832,19700,567990.4,,,,,
2021-04-20,28.031,29.032,28.031,29.032,86700,2517074.4,,,,,
2021-04-22,28.832,29.032,28.071,28.432,85700,2436622.4,,,,,
2021-04-23,28.432,28.832,28.432,28.472,58000,1651376.0,,,,,
2021-04-26,28.472,28.832,28.432,28.552,27100,773759.2,,,,,
2021-04-27,28.832,29.112,28.632,28.832,245800,7086905.600000001,,,,,
2021-04-28,29.232,29.232,28.832,29.032,75100,2180303.2,,,,,
2021-04-29,29.192,29.192,28.832,29.072,65400,1901308.8,,,,,
2021-05-04,28.031,29.072,28.031,29.032,103100,2993199.2,,,,,
2021-05-05,29.192,29.192,28.872,29.032,57300,1663533.6,,,,,
2021-05-06,29.032,29.072,29.032,29.072,62100,1805371.2,,,,,
2021-05-07,28.872,29.032,28.872,29.032,17400,505156.8,,,,,
2021-05-10,29.032,29.072,29.032,29.072,38000,1104736.0,,,,,
2021-05-11,29.112,29.112,29.032,29.032,37500,1088700.0,,,,,
2021-05-12,29.072,29.433,29.072,29.232,32900,961732.8,,,,,
2021-05-13,28.832,29.433,28.832,29.232,23300,681105.6,,,,,
2021-05-14,29.232,29.232,28.872,29.152,17500,510160.0,,,,,
2021-05-17,29.152,29.232,29.032,29.112,12800,372633.6,,,,,
2021-05-18,29.192,29.192,28.432,28.432,59100,1680331.2,,,,,
2021-05-19,29.032,29.072,28.432,28.832,41700,1202294.4,,,,,
2021-05-20,28.632,28.832,28.472,28.472,61600,1753875.2000000002,,,,,
2021-05-21,29.032,29.072,28.832,29.032,71100,2064175.2,,,,,
2021-05-24,29.032,29.072,28.912,29.032,37000,1074184.0,,,,,
2021-05-25,29.032,29.192,29.032,29.032,64000,1858048.0,,,,,
2021-05-26,29.032,29.112,28.992,29.072,46900,1363476.8,,,,,
2021-05-27,29.072,29.152,28.872,29.032,43300,1257085.6,,,,,
2021-05-28,28.872,29.112,28.832,29.112,28600,832603.2,,,,,
2021-05-31,29.112,29.192,29.112,29.112,21700,631730.3999999999,,,,,
2021-06-01,29.032,29.112,29.032,29.112,30300,882093.6,,,,,
2021-06-02,28.992,29.353,28.992,29.353,31400,921684.2,,,,,
2021-06-03,29.393,29.513,29.152,29.433,45800,1348031.4,,,,,
2021-06-04,29.433,30.634,29.433,30.234,5500,166287.0,,,,,
2021-06-07,30.354,30.674,30.234,30.234,17200,520024.8000000001,,,,,
2021-06-08,30.634,30.634,30.234,30.234,23900,722592.6000000001,,,,,
2021-06-09,29.753,30.434,29.753,30.434,25300,769980.2000000001,,,,,
2021-06-10,30.394,30.394,29.433,29.433,48600,1430443.8,,,,,
2021-06-11,29.633,30.434,29.633,30.434,34200,1040842.8,,,,,
2021-06-14,30.474,30.474,30.434,30.434,19700,599549.8,,,,,
2021-06-15,30.474,30.754,30.434,30.754,42500,1307045.0,,,,,
2021-06-16,31.034,32.636,31.034,32.036,31800,1018744.8,,,,,
2021-06-17,32.436,32.836,32.036,32.516,20700,673081.2,,,,,
2021-06-18,32.516,32.516,31.835,32.116,18700,600569.2,,,,,
2021-06-21,30.954,32.036,30.954,32.036,32600,1044373.6,,,,,
2021-06-22,31.635,32.076,31.235,32.036,33700,1079613.2,,,,,
2021-06-23,33.054,33.054,31.83,32.238,43500,1402353.0,,,,,
2021-06-24,32.605,32.85,32.238,32.85,32900,1080765.0,,,,,
2021-06-25,31.83,32.85,31.83,32.85,7600,249660.0,,,,,
2021-06-28,32.238,32.442,31.83,32.442,8700,282245.4,,,,,
2021-06-29,32.483,32.483,31.83,32.401,3000,97203.0,,,,,
2021-06-30,32.605,32.605,31.83,32.564,14100,459152.4,,,,,
2021-07-01,32.564,32.564,32.442,32.442,5100,165454.2,,,,,
2021-07-02,31.83,31.83,30.198,31.218,9400,293449.2,,,,,
2021-07-05,31.218,31.218,29.586,29.586,40900,1210067.4,,,,,
2021-07-06,29.381,31.218,29.381,30.606,14900,456029.4,,,,,
2021-07-07,30.565,30.606,30.524,30.524,13400,409021.6,,,,,
2021-07-08,30.524,30.565,30.524,30.524,8700,265558.8,,,,,
2021-07-09,30.932,30.932,30.524,30.524,8300,253349.2,,,,,
2021-07-12,30.524,30.524,28.647,28.647,12500,358087.5,,,,,
2021-07-13,29.79,29.79,28.688,28.729,6600,189611.4,,,,,
2021-07-14,28.729,29.79,28.729,29.79,1600,47664.0,,,,,
2021-07-15,29.749,29.79,29.708,29.79,2800,83412.0,,,,,
2021-07-16,31.014,31.014,29.381,29.545,5300,156588.5,,,,,
2021-07-19,30.606,30.606,29.994,29.994,7700,230953.8,,,,,
2021-07-20,29.177,29.749,28.565,29.749,3800,113046.2,,,,,
2021-07-21,29.749,29.749,29.749,29.749,2700,80322.3,,,,,
2021-07-22,29.626,29.626,28.769,29.218,8100,236665.8,,,,,
2021-07-23,28.973,29.545,28.973,29.014,1700,49323.8,,,,,
2021-07-26,29.014,29.545,28.973,29.545,1300,38408.5,,,,,
2021-07-27,29.545,29.545,29.381,29.381,1500,44071.5,,,,,
2021-07-28,29.381,29.381,29.381,29.381,2300,67576.3,,,,,
2021-07-29,29.381,29.381,28.973,29.381,7700,226233.7,,,,,
2021-07-30,29.545,29.586,29.177,29.586,7300,215977.8,,,,,
2021-08-02,29.504,29.504,28.973,28.973,8000,231784.0,,,,,
2021-08-03,28.973,29.014,28.973,29.014,10700,310449.8,,,,,
2021-08-04,29.014,29.381,28.973,29.259,4500,131665.5,,,,,
2021-08-05,28.973,29.055,28.973,29.014,11500,333661.0,,,,,
2021-08-06,29.014,29.381,28.933,28.933,7400,214104.2,,,,,
2021-08-09,28.933,29.177,28.892,29.137,5700,166080.9,,,,,
2021-08-10,29.137,29.137,28.565,28.769,15200,437288.8,,,,,
2021-08-11,28.769,28.973,28.769,28.769,4100,117952.9,,,,,
2021-08-12,28.973,29.137,28.443,28.443,14800,420956.4,,,,,
2021-08-13,28.606,28.769,27.79,28.035,13100,367258.5,,,,,
2021-08-16,28.565,29.137,28.198,28.239,20900,590195.1,,,,,
2021-08-17,29.381,29.381,28.28,28.361,18800,533186.8,,,,,
2021-08-18,28.769,28.933,28.565,28.81,4000,115240.0,,,,,
2021-08-19,28.973,29.381,28.81,28.81,21000,605010.0,,,,,
2021-08-20,28.81,28.973,28.035,28.198,23300,657013.4,,,,,
2021-08-23,29.545,29.545,28.198,28.198,11200,315817.6,,,,,
2021-08-24,28.198,28.933,27.79,27.79,16600,461314.0,,,,,
2021-08-25,28.157,28.565,27.79,27.831,12200,339538.2,,,,,
2021-08-26,27.831,28.076,27.831,27.994,6700,187559.8,,,,,
2021-08-27,28.443,29.912,27.994,29.912,97700,2922402.4,,,,,
2021-08-30,31.912,31.912,30.279,31.422,68800,2161833.6,,,,,
2021-08-31,31.789,31.789,30.198,30.238,29800,901092.4,,,,,
2021-09-01,29.79,30.198,29.586,29.626,28200,835453.2000000001,,,,,
2021-09-06,29.586,29.586,28.402,28.647,57700,1652931.9,,,,,
2021-09-07,29.014,29.381,28.361,28.892,32400,936100.8,,,,,
2021-09-08,29.137,29.137,28.81,28.81,6800,195908.0,,,,,
2021-09-09,28.769,29.177,28.769,29.177,20900,609799.3,,,,,
2021-09-10,29.177,29.177,28.81,28.851,18400,530858.4,,,,,
2021-09-13,28.769,28.973,28.565,28.769,18700,537980.2999999999,,,,,
2021-09-14,28.28,28.933,28.28,28.647,13000,372411.0,,,,,
2021-09-15,28.647,29.177,28.647,28.892,25300,730967.6,,,,,
2021-09-16,29.177,29.381,28.892,29.218,17500,511315.0,,,,,
2021-09-17,29.259,29.463,29.259,29.463,12500,368287.5,,,,,
2021-09-20,29.504,30.198,29.381,29.381,18800,552362.8,,,,,
2021-09-21,29.218,29.463,29.218,29.422,12900,379543.8,,,,,
2021-09-22,29.463,29.79,29.463,29.504,8400,247833.6,,,,,
2021-09-23,29.504,29.79,29.463,29.504,11400,336345.60000000003,,,,,
2021-09-24,29.422,29.545,29.422,29.545,4800,141816.0,,,,,
2021-09-27,29.545,30.198,29.545,29.79,25600,762624.0,,,,,
2021-09-28,29.79,29.79,29.79,29.79,13100,390249.0,,,,,
2021-09-29,29.79,30.157,29.749,29.749,9000,267741.0,,,,,
2021-09-30,29.79,29.79,29.708,29.79,15600,464724.0,,,,,
2021-10-01,29.667,29.994,29.667,29.79,3700,110223.0,,,,,
2021-10-04,29.708,29.79,29.586,29.79,10200,303858.0,,,,,
2021-10-05,29.79,29.79,29.586,29.626,24900,737687.4,,,,,
2021-10-06,29.79,30.198,29.667,29.994,16300,488902.2,,,,,
2021-10-07,29.871,29.994,29.871,29.994,8900,266946.6,,,,,
2021-10-08,29.994,30.198,29.871,30.198,12300,371435.4,,,,,
2021-10-11,30.116,30.198,30.116,30.198,5300,160049.4,,,,,
2021-10-12,30.157,30.198,29.586,30.198,36200,1093167.6,,,,,
2021-10-13,30.198,30.198,29.79,30.198,25400,767029.2,,,,,
2021-10-14,29.626,30.198,29.626,29.626,19500,577707.0,,,,,
2021-10-15,30.483,30.483,29.708,29.871,12200,364426.2,,,,,
2021-10-18,29.994,30.565,29.994,30.565,30300,926119.5,,,,,
2021-10-19,30.32,30.728,30.32,30.606,24000,734544.0,,,,,
2021-10-20,30.565,30.606,30.32,30.442,8500,258757.0,,,,,
2021-10-21,30.442,30.442,30.279,30.442,10100,307464.2,,,,,
2021-10-22,30.279,30.279,30.157,30.157,4600,138722.2,,,,,
2021-10-25,29.871,29.912,29.871,29.912,2700,80762.4,,,,,
2021-10-26,29.83,29.912,29.79,29.912,4100,122639.2,,,,,
2021-10-27,29.708,30.198,29.708,29.994,4300,128974.2,,,,,
2021-10-28,29.994,30.402,29.83,29.871,2000,59742.0,,,,,
2021-10-29,29.953,30.157,29.953,30.116,4300,129498.8,,,,,
2021-11-01,30.116,30.606,30.116,30.198,6500,196287.0,,,,,
2021-11-02,30.565,30.973,30.442,30.973,31000,960163.0,,,,,
2021-11-03,30.973,30.973,30.606,30.606,6700,205060.2,,,,,
2021-11-04,30.606,30.606,30.402,30.606,29700,908998.2,,,,,
2021-11-05,30.606,30.81,30.606,30.769,17900,550765.1,,,,,
2021-11-08,30.81,30.851,30.442,30.728,32700,1004805.6,,,,,
2021-11-09,30.647,30.728,30.442,30.728,13900,427119.2,,,,,
2021-11-10,30.769,30.769,30.687,30.728,6100,187440.8,,,,,
2021-11-11,30.769,30.769,30.647,30.728,8100,248896.8,,,,,
2021-11-12,30.647,30.728,30.198,30.198,10500,317079.0,,,,,
2021-11-15,30.198,30.198,30.034,30.116,10200,307183.2,,,,,
2021-11-16,30.198,30.606,30.198,30.606,5400,165272.40000000002,,,,,
2021-11-17,30.81,30.81,30.402,30.606,6100,186696.6,,,,,
2021-11-18,30.116,30.565,30.116,30.565,5100,155881.5,,,,,
2021-11-19,30.034,30.565,30.034,30.565,300,9169.5,,,,,
2021-11-22,30.034,30.565,29.994,30.198,2300,69455.4,,,,,
2021-11-23,29.586,30.198,28.565,29.626,4000,118504.0,,,,,
2021-11-24,30.279,30.32,30.034,30.198,17600,531484.8,,,,,
2021-11-25,30.238,30.524,30.238,30.279,31900,965900.1,,,,,
2021-11-26,30.402,30.402,29.586,29.586,21800,644974.7999999999,,,,,
2021-11-29,29.626,29.79,29.626,29.79,500,14895.0,,,,,
2021-11-30,30.687,30.687,29.83,29.83,1600,47728.0,,,,,
2021-12-01,30.157,30.198,29.626,29.626,27000,799902.0,,,,,
2021-12-02,30.075,30.81,30.075,30.238,8900,269118.2,,,,,
2021-12-03,30.606,30.851,30.606,30.647,37000,1133939.0,,,,,
2021-12-06,30.647,31.218,30.606,31.055,26000,807430.0,,,,,
2021-12-07,31.585,31.585,31.095,31.422,5300,166536.6,,,,,
2021-12-08,31.381,31.422,31.095,31.422,3300,103692.6,,,,,
2021-12-09,31.422,31.422,31.095,31.095,10400,323388.0,,,,,
2021-12-10,31.136,31.218,31.095,31.218,11700,365250.6,,,,,
2021-12-13,30.442,31.952,30.442,31.626,13500,426951.0,,,,,
2021-12-14,31.626,31.626,31.218,31.626,1400,44276.4,,,,,
2021-12-15,31.83,31.952,31.667,31.667,4600,145668.2,,,,,
2021-12-16,31.708,31.789,31.667,31.667,1600,50667.2,,,,,
2021-12-17,31.667,31.708,30.891,31.708,2500,79270.0,,,,,
2021-12-20,31.055,31.055,30.606,30.687,12400,380518.8,,,,,
2021-12-21,31.83,31.83,30.81,30.891,1600,49425.6,,,,,
2021-12-22,30.891,31.83,30.891,31.422,9100,285940.2,,,,,
2021-12-23,31.789,31.789,31.055,31.626,3900,123341.4,,,,,
2021-12-24,30.973,31.055,30.973,31.055,600,18633.0,,,,,
2021-12-27,31.218,31.218,31.055,31.095,5400,167913.0,,,,,
2021-12-28,31.014,31.014,31.014,31.014,6400,198489.6,,,,,
2021-12-29,31.014,31.422,31.014,31.055,6200,192541.0,,,,,
2021-12-30,31.789,31.789,31.014,31.422,1800,56559.6,,,,,
2021-12-31,31.381,31.748,31.381,31.748,10300,327004.4,,,,,
2022-01-04,31.667,31.667,31.055,31.055,700,21738.5,,,,,
2022-01-05,31.055,31.299,31.055,31.136,6400,199270.4,,,,,
2022-01-06,31.136,31.136,31.136,31.136,2600,80953.59999999999,,,,,
2022-01-07,31.014,31.095,31.014,31.055,7200,223596.0,,,,,
2022-01-10,31.095,31.177,31.095,31.095,5700,177241.5,,,,,
2022-01-11,31.095,31.381,31.095,31.381,8400,263600.4,,,,,
2022-01-12,31.381,31.381,31.014,31.014,34000,1054476.0,,,,,
2022-01-13,31.83,31.83,31.055,31.136,13300,414108.8,,,,,
2022-01-14,31.095,31.259,31.095,31.259,2500,78147.5,,,,,
2022-01-17,31.299,31.299,31.095,31.136,2900,90294.4,,,,,
2022-01-18,31.259,31.463,31.259,31.422,20600,647293.2000000001,,,,,
2022-01-19,31.626,31.626,31.259,31.259,2400,75021.6,,,,,
2022-01-20,31.259,31.259,31.259,31.259,0,0.0,,,,,
2022-01-21,31.422,31.422,31.422,31.422,4000,125688.0,,,,,
2022-01-24,31.218,31.422,31.218,31.218,14700,458904.6,,,,,
2022-01-25,31.422,31.422,31.422,31.422,5500,172821.0,,,,,
2022-01-26,31.422,31.422,31.299,31.299,1100,34428.9,,,,,
2022-01-27,31.299,31.585,31.299,31.585,400,12634.0,,,,,
2022-01-28,31.259,31.83,31.218,31.422,8600,270229.2,,,,,
2022-02-07,31.83,32.564,31.422,32.564,8400,273537.6,,,,,
2022-02-08,31.83,32.605,31.626,32.075,5700,182827.50000000003,,,,,
2022-02-09,32.075,33.421,31.667,33.421,61800,2065417.8,,,,,
2022-02-10,31.83,35.258,31.83,35.258,87600,3088600.8000000003,,,,,
2022-02-11,35.217,35.258,32.809,32.809,14300,469168.7,,,,,
2022-02-14,34.238,34.238,32.279,32.279,1500,48418.50000000001,,,,,
2022-02-15,34.523,34.523,32.238,34.238,41900,1434572.2,,,,,
2022-02-16,34.156,34.156,33.462,33.462,900,30115.800000000003,,,,,
2022-02-17,32.238,32.85,32.238,32.809,5300,173887.69999999998,,,,,
2022-02-18,33.462,33.462,32.483,33.462,300,10038.6,,,,,
2022-02-21,33.462,33.462,32.32,32.401,19300,625339.3,,,,,
2022-02-22,33.054,33.054,32.442,32.442,6300,204384.6,,,,,
2022-02-23,32.442,32.85,32.442,32.605,4500,146722.5,,,,,
2022-02-24,32.605,33.013,32.442,32.442,1000,32442.0,,,,,
2022-02-25,31.136,33.054,31.136,32.564,1000,32564.0,,,,,
2022-02-28,31.83,32.646,31.83,32.034,7500,240255.0,,,,,
2022-03-01,32.238,33.462,31.952,33.258,6100,202873.8,,,,,
2022-03-02,31.789,33.136,31.789,32.156,800,25724.8,,,,,
2022-03-03,32.156,32.156,32.156,32.156,600,19293.6,,,,,
2022-03-04,32.646,32.646,31.952,32.034,4000,128136.0,,,,,
2022-03-07,31.952,31.952,31.952,31.952,600,19171.2,,,,,
2022-03-08,31.952,32.524,31.952,31.952,6800,217273.6,,,,,
2022-03-09,31.708,31.708,30.198,31.544,12400,391145.6,,,,,
2022-03-10,31.83,31.83,31.626,31.626,7200,227707.2,,,,,
2022-03-11,31.463,31.463,30.81,31.014,25200,781552.7999999999,,,,,
2022-03-14,30.769,30.769,30.198,30.606,9400,287696.4,,,,,
2022-03-15,30.606,31.381,30.606,30.606,1400,42848.4,,,,,
2022-03-16,30.606,30.606,30.606,30.606,8400,257090.4,,,,,
2022-03-17,30.524,30.565,30.524,30.565,1700,51960.5,,,,,
2022-03-18,29.79,30.606,29.79,30.565,900,27508.5,,,,,
2022-03-21,30.565,31.014,30.565,30.606,2300,70393.8,,,,,
2022-03-22,30.606,30.606,30.402,30.565,6800,207842.0,,,,,
2022-03-23,31.014,31.014,30.238,30.32,5100,154632.0,,,,,
2022-03-24,30.524,30.565,30.524,30.565,500,15282.5,,,,,
2022-03-25,30.565,30.565,30.442,30.442,2800,85237.6,,,,,
2022-03-28,30.442,30.524,30.442,30.442,2400,73060.8,,,,,
2022-03-29,30.606,30.81,30.565,30.565,8000,244520.0,,,,,
2022-03-30,30.606,30.728,30.606,30.606,12000,367272.0,,,,,
2022-03-31,30.647,30.647,30.606,30.606,10100,309120.60000000003,,,,,
2022-04-01,30.647,30.647,30.647,30.647,1500,45970.5,,,,,
2022-04-04,30.647,30.891,30.606,30.891,11000,339801.0,,,,,
2022-04-05,30.891,31.055,30.647,30.81,10400,320424.0,,,,,
2022-04-06,30.687,31.299,30.687,31.259,700,21881.3,,,,,
2022-04-07,31.259,31.259,30.606,30.606,9300,284635.8,,,,,
2022-04-08,30.606,30.606,30.279,30.524,1200,36628.8,,,,,
2022-04-12,30.198,30.238,30.198,30.198,12600,380494.8,,,,,
2022-04-13,30.238,30.402,30.198,30.402,5600,170251.2,,,,,
2022-04-14,30.402,30.402,30.361,30.361,400,12144.4,,,,,
2022-04-15,29.994,30.32,29.994,30.32,4300,130376.0,,,,,
2022-04-18,30.32,30.32,30.198,30.198,4700,141930.6,,,,,
2022-04-19,30.198,30.198,29.994,29.994,13100,392921.4,,,,,
2022-04-20,30.32,31.218,29.994,29.994,14700,440911.8,,,,,
2022-04-21,29.953,29.953,29.79,29.871,9700,289748.7,,,,,
2022-04-22,29.871,30.565,29.83,30.565,6100,186446.5,,,,,
2022-04-25,30.565,30.565,29.871,30.524,3800,115991.2,,,,,
2022-04-26,29.667,30.442,29.667,30.442,700,21309.4,,,,,
2022-04-27,29.626,30.402,29.586,30.402,600,18241.2,,,,,
2022-04-28,29.708,30.198,29.667,30.198,500,15099.0,,,,,
2022-04-29,30.157,30.157,29.79,30.157,700,21109.9,,,,,
2022-05-04,30.157,30.157,28.076,29.381,50700,1489616.7,,,,,
2022-05-05,29.259,29.259,28.769,28.769,5100,146721.9,,,,,
2022-05-06,27.015,29.381,27.015,29.218,1700,49670.6,,,,,
2022-05-09,28.565,28.565,27.994,27.994,9700,271541.8,,,,,
2022-05-10,28.035,28.035,26.933,27.341,23600,645247.6,,,,,
2022-05-11,27.79,27.831,27.341,27.341,1900,51947.9,,,,,
2022-05-12,27.423,27.423,27.137,27.178,9300,252755.4,,,,,
2022-05-13,27.137,27.341,25.382,25.423,19800,503375.4,,,,,
2022-05-16,25.464,25.464,25.423,25.423,4400,111861.2,,,,,
2022-05-17,25.423,26.933,24.117,26.933,2100,56559.3,,,,,
2022-05-18,26.525,26.77,26.525,26.729,5100,136317.9,,,,,
2022-05-19,26.729,27.178,26.198,27.096,2100,56901.6,,,,,
2022-05-20,27.096,27.096,27.096,27.096,100,2709.6,,,,,
2022-05-23,27.015,27.096,26.974,26.974,2300,62040.2,,,,,
2022-05-24,27.423,27.464,27.423,27.423,1000,27423.0,,,,,
2022-05-25,27.965,27.965,27.589,27.965,1900,53133.5,,,,,
2022-05-26,27.965,27.965,27.965,27.965,1000,27965.0,,,,,
2022-05-27,27.965,29.133,27.965,29.092,400,11636.8,,,,,
2022-05-30,28.799,28.799,27.965,27.965,1000,27965.0,,,,,
2022-05-31,27.965,28.34,27.965,28.34,300,8502.0,,,,,
2022-06-01,28.758,28.758,27.631,27.631,600,16578.6,,,,,
2022-06-02,27.631,29.092,27.631,27.631,1200,33157.2,,,,,
2022-06-03,27.547,27.547,27.547,27.547,100,2754.7000000000003,,,,,
2022-06-06,27.213,27.547,27.088,27.13,6900,187197.0,,,,,
2022-06-07,26.963,27.13,26.713,27.13,400,10852.0,,,,,
2022-06-08,28.173,28.173,26.713,28.173,300,8451.9,,,,,
2022-06-09,27.13,27.422,26.629,27.422,4500,123399.0,,,,,
2022-06-10,27.422,27.422,26.587,26.587,2000,53174.0,,,,,
2022-06-13,27.13,28.424,25.085,25.627,2200,56379.4,,,,,
2022-06-14,25.085,27.38,25.043,27.38,5800,158804.0,,,,,
2022-06-15,28.758,28.799,25.502,27.965,1100,30761.5,,,,,
2022-06-16,26.086,28.758,26.045,27.506,1800,49510.8,,,,,
2022-06-17,27.255,27.297,25.586,25.836,1900,49088.4,,,,,
2022-06-20,26.253,27.088,25.836,26.671,1400,37339.4,,,,,
2022-06-21,25.711,26.671,25.669,25.711,2700,69419.7,,,,,
2022-06-22,25.711,26.212,25.46,25.878,3500,90573.0,,,,,
2022-06-23,25.252,26.045,25.252,25.252,2400,60604.8,,,,,
2022-06-24,25.252,25.252,24.626,24.626,5500,135443.0,,,,,
2022-06-27,24.626,24.667,24.459,24.542,11300,277324.60000000003,,,,,
2022-06-28,24.96,25.001,24.918,25.001,3900,97503.9,,,,,
2022-06-29,25.043,25.043,25.001,25.001,300,7500.3,,,,,
2022-06-30,25.377,25.377,24.208,24.834,9400,233439.6,,,,,
2022-07-01,23.874,25.252,23.791,24.793,8600,213219.8,,,,,
2022-07-04,24.793,25.21,24.626,24.626,1200,29551.2,,,,,
2022-07-05,24.25,24.626,24.208,24.626,2100,51714.600000000006,,,,,
2022-07-06,25.043,25.043,24.626,24.667,6600,162802.2,,,,,
2022-07-07,24.626,24.667,24.626,24.626,1300,32013.800000000003,,,,,
2022-07-08,24.626,24.667,24.626,24.667,5700,140601.90000000002,,,,,
2022-07-11,24.626,24.834,24.626,24.834,1400,34767.6,,,,,
2022-07-12,24.834,25.043,24.834,25.043,1100,27547.3,,,,,
2022-07-13,25.043,25.252,25.043,25.252,3200,80806.4,,,,,
2022-07-14,25.085,25.878,25.085,25.878,18600,481330.8,,,,,
2022-07-15,27.13,27.13,27.046,27.046,1800,48682.8,,,,,
2022-07-18,25.92,27.547,25.92,27.547,2200,60603.4,,,,,
2022-07-19,27.547,27.547,27.547,27.547,200,5509.400000000001,,,,,
2022-07-20,26.003,27.339,26.003,26.045,2100,54694.5,,,,,
2022-07-21,26.462,26.462,26.295,26.295,2100,55219.5,,,,,
2022-07-22,27.506,27.506,27.506,27.506,200,5501.2,,,,,
2022-07-25,26.504,26.504,26.504,26.504,200,5300.8,,,,,
2022-07-26,27.13,28.34,27.13,28.34,6700,189878.0,,,,,
2022-07-27,27.965,27.965,26.504,26.504,1100,29154.4,,,,,
2022-07-28,26.921,27.756,26.921,27.756,3400,94370.4,,,,,
2022-07-29,27.756,27.756,27.756,27.756,0,0.0,,,,,
2022-08-01,27.756,27.756,27.756,27.756,100,2775.6,,,,,
2022-08-02,26.295,26.713,26.295,26.713,1200,32055.6,,,,,
2022-08-03,26.713,27.046,26.713,27.046,900,24341.4,,,,,
2022-08-04,26.713,26.713,26.713,26.713,100,2671.3,,,,,
2022-08-05,26.713,26.713,26.713,26.713,0,0.0,,,,,
2022-08-08,25.544,25.544,25.502,25.502,300,7650.599999999999,,,,,
2022-08-09,25.669,25.669,25.586,25.669,3000,77007.0,,,,,
2022-08-10,25.794,25.878,25.794,25.878,4500,116451.0,,,,,
2022-08-11,25.878,25.92,25.878,25.92,9100,235872.00000000003,,,,,
2022-08-12,25.878,25.92,25.878,25.92,1500,38880.0,,,,,
2022-08-15,25.92,25.92,25.92,25.92,0,0.0,,,,,
2022-08-16,25.961,25.961,25.92,25.92,400,10368.0,,,,,
2022-08-17,25.961,26.462,25.92,26.462,5000,132310.0,,,,,
2022-08-18,26.253,26.253,26.212,26.212,1200,31454.4,,,,,
2022-08-19,26.212,26.212,26.212,26.212,0,0.0,,,,,
2022-08-22,27.464,27.464,26.212,27.088,1700,46049.6,,,,,
2022-08-23,25.586,26.838,25.586,26.838,4900,131506.2,,,,,
2022-08-24,26.796,26.796,26.713,26.713,500,13356.5,,,,,
2022-08-25,26.128,26.17,26.086,26.086,5100,133038.6,,,,,
2022-08-26,26.17,26.671,26.17,26.671,2400,64010.4,,,,,
2022-08-29,25.878,26.045,25.878,26.045,1900,49485.5,,,,,
2022-08-30,26.045,26.045,26.045,26.045,1000,26045.0,,,,,
2022-08-31,26.212,26.253,25.961,26.253,1400,36754.2,,,,,
2022-09-05,26.253,26.253,25.46,25.502,5600,142811.19999999998,,,,,
2022-09-06,26.253,26.253,25.669,25.669,300,7700.7,,,,,
2022-09-07,26.253,26.253,25.669,25.669,700,17968.3,,,,,
2022-09-08,25.669,25.836,25.669,25.794,1300,33532.2,,,,,
2022-09-09,26.253,26.253,25.836,25.836,800,20668.8,,,,,
2022-09-12,24.667,26.253,25.878,26.253,4200,110262.6,,,,,
2022-09-13,26.295,26.504,26.295,26.504,11000,291544.0,,,,,
2022-09-14,25.252,26.713,26.295,26.295,300,7888.500000000001,,,,,
2022-09-15,26.295,26.337,26.086,26.086,4900,127821.4,,,,,
2022-09-16,26.128,26.504,26.128,26.504,300,7951.200000000001,,,,,
2022-09-19,26.504,26.504,25.46,25.46,3600,91656.0,,,,,
2022-09-20,25.878,26.337,25.878,26.295,3200,84144.0,,,,,
2022-09-21,26.295,26.295,26.086,26.086,1400,36520.4,,,,,
2022-09-22,25.878,25.878,25.669,25.878,3100,80221.8,,,,,
2022-09-23,25.878,25.878,25.836,25.836,2800,72340.8,,,,,
2022-09-26,25.836,25.878,25.669,25.669,5700,146313.3,,,,,
2022-09-27,25.669,25.711,25.669,25.669,10300,264390.7,,,,,
2022-09-28,25.669,26.587,25.669,26.587,19900,529081.3,,,,,
2022-09-29,26.337,26.379,25.878,25.878,400,10351.2,,,,,
2022-09-30,25.669,25.92,25.669,25.878,15100,390757.8,,,,,
2022-10-03,25.419,25.878,25.419,25.878,9000,232902.0,,,,,
2022-10-04,25.878,25.878,25.878,25.878,7500,194085.0,,,,,
2022-10-05,25.836,25.878,25.794,25.878,3800,98336.4,,,,,
2022-10-06,25.46,25.46,25.46,25.46,100,2546.0,,,,,
2022-10-07,25.46,25.46,25.46,25.46,0,0.0,,,,,
2022-10-10,25.878,25.878,25.252,25.252,400,10100.8,,,,,
2022-10-11,25.21,25.21,25.21,25.21,200,5042.0,,,,,
2022-10-12,25.168,25.21,24.834,25.043,900,22538.7,,,,,
2022-10-13,24.626,25.46,24.417,24.417,10000,244170.00000000003,,,,,
2022-10-14,24.208,24.292,24.0,24.0,10200,244800.0,,,,,
2022-10-17,23.791,23.833,23.373,23.833,4700,112015.1,,,,,
2022-10-18,24.0,24.417,23.874,23.874,5100,121757.4,,,,,
2022-10-19,23.582,24.0,23.582,24.0,9200,220800.0,,,,,
2022-10-20,24.0,24.0,24.0,24.0,1800,43200.0,,,,,
2022-10-21,23.499,24.0,23.499,24.0,1900,45600.0,,,,,
2022-10-24,23.666,23.791,23.165,23.791,5500,130850.5,,,,,
2022-10-25,22.747,23.791,22.33,23.373,3800,88817.40000000001,,,,,
2022-10-26,23.373,23.457,23.373,23.373,9300,217368.9,,,,,
2022-10-27,23.373,23.373,22.288,23.123,4400,101741.2,,,,,
2022-10-28,23.123,23.123,23.04,23.123,600,13873.8,,,,,
2022-10-31,23.123,23.123,22.205,22.205,3000,66615.0,,,,,
2022-11-01,22.121,22.121,22.121,22.121,5200,115029.2,,,,,
2022-11-02,22.121,22.58,22.121,22.58,3400,76772.0,,,,,
2022-11-03,22.414,22.539,22.121,22.539,6700,151011.30000000002,,,,,
2022-11-04,21.704,21.704,21.495,21.495,9500,204202.5,,,,,
2022-11-07,21.704,21.704,21.287,21.287,1500,31930.5,,,,,
2022-11-08,20.452,20.869,20.452,20.452,3000,61356.00000000001,,,,,
2022-11-09,20.452,20.452,20.452,20.452,9100,186113.2,,,,,
2022-11-10,20.034,20.452,19.408,19.408,6100,118388.8,,,,,
2022-11-11,18.782,20.243,18.782,19.617,8600,168706.2,,,,,
2022-11-14,18.407,19.659,18.407,19.283,7700,148479.1,,,,,
2022-11-15,19.596,19.993,19.408,19.408,13100,254244.8,,,,,
2022-11-16,18.156,20.243,18.156,20.243,10800,218624.4,,,,,
2022-11-17,20.243,21.62,20.243,21.62,26400,570768.0,,,,,
2022-11-18,22.372,22.372,21.328,22.121,2600,57514.6,,,,,
2022-11-21,22.121,22.747,21.913,21.954,14000,307356.0,,,,,
2022-11-22,21.287,21.287,21.078,21.078,2000,42156.0,,,,,
2022-11-23,20.869,22.121,20.869,22.121,2100,46454.1,,,,,
2022-11-24,22.539,22.539,21.495,22.414,700,15689.8,,,,,
2022-11-25,22.121,22.121,22.121,22.121,1500,33181.5,,,,,
2022-11-28,22.121,23.165,22.121,23.165,15500,359057.5,,,,,
2022-11-29,22.121,23.791,22.121,23.791,8200,195086.2,,,,,
2022-11-30,23.749,24.834,23.707,24.834,9300,230956.2,,,,,
2022-12-01,25.419,25.419,23.791,25.043,1800,45077.4,,,,,
2022-12-02,24.626,26.086,23.415,26.086,13200,344335.19999999995,,,,,
2022-12-05,26.086,26.921,26.086,26.921,4100,110376.1,,,,,
2022-12-06,26.713,28.591,25.043,26.963,50100,1350846.3,,,,,
2022-12-07,26.88,26.88,25.46,26.88,300,8064.0,,,,,
2022-12-08,26.003,26.88,26.003,26.88,900,24192.0,,,,,
2022-12-09,25.46,26.504,25.46,26.504,1400,37105.6,,,,,
2022-12-12,25.043,26.086,25.043,26.086,600,15651.6,,,,,
2022-12-13,26.212,26.212,26.212,26.212,100,2621.2,,,,,
2022-12-14,25.043,26.086,25.043,26.086,2300,59997.8,,,,,
2022-12-15,26.045,26.128,25.878,26.128,5500,143704.0,,,,,
2022-12-16,25.043,26.086,25.043,26.045,300,7813.500000000001,,,,,
2022-12-19,25.753,25.753,25.753,25.753,200,5150.6,,,,,
2022-12-20,25.043,26.504,24.834,26.295,6400,168288.0,,,,,
2022-12-21,26.086,26.086,26.045,26.045,500,13022.5,,,,,
2022-12-22,25.043,25.043,25.043,25.043,1400,35060.2,,,,,
2022-12-23,23.54,25.043,23.457,24.626,5700,140368.2,,,,,
2022-12-26,24.626,24.626,24.626,24.626,0,0.0,,,,,
2022-12-27,25.001,25.001,25.001,25.001,100,2500.1,,,,,
2022-12-28,25.001,25.001,25.001,25.001,0,0.0,,,,,
2022-12-29,24.0,25.043,24.0,25.043,2100,52590.3,,,,,
2022-12-30,25.043,26.295,25.043,25.126,4100,103016.6,,,,,
2023-01-03,25.126,25.126,25.126,25.126,0,0.0,,,,,
2023-01-04,24.0,25.126,23.791,25.126,15700,394478.2,,,,,
2023-01-05,23.791,25.085,23.791,23.791,10300,245047.3,,,,,
2023-01-06,24.834,24.834,23.791,23.791,11500,273596.5,,,,,
2023-01-09,23.791,23.791,23.54,23.54,4700,110638.0,,,,,
2023-01-10,23.54,23.54,23.54,23.54,400,9416.0,,,,,
2023-01-11,23.666,23.666,23.207,23.207,400,9282.8,,,,,
2023-01-12,23.207,23.207,22.622,23.207,3300,76583.1,,,,,
2023-01-13,24.125,24.626,24.0,24.0,500,12000.0,,,,,
2023-01-16,24.0,24.0,24.0,24.0,13200,316800.0,,,,,
2023-01-17,23.958,24.0,23.958,24.0,2800,67200.0,,,,,
2023-01-18,24.0,24.0,24.0,24.0,10000,240000.0,,,,,
2023-01-19,24.0,24.0,24.0,24.0,1200,28800.0,,,,,
2023-01-27,24.0,24.0,23.874,23.874,2100,50135.4,,,,,
2023-01-30,23.916,24.208,23.874,24.167,3300,79751.1,,,,,
2023-01-31,24.667,24.667,24.0,24.0,3000,72000.0,,,,,
2023-02-01,24.0,24.0,23.874,24.0,5900,141600.0,,,,,
2023-02-02,24.0,24.0,24.0,24.0,0,0.0,,,,,
2023-02-03,24.0,24.0,24.0,24.0,0,0.0,,,,,
2023-02-06,23.165,23.749,22.998,23.749,1400,33248.6,,,,,
2023-02-07,24.0,24.0,23.165,23.373,6200,144912.6,,,,,
2023-02-08,23.749,23.749,23.749,23.749,100,2374.9,,,,,
2023-02-09,23.373,23.582,23.373,23.373,18300,427725.9,,,,,
2023-02-10,23.332,23.791,23.332,23.791,3500,83268.5,,,,,
2023-02-13,23.582,23.791,23.582,23.749,500,11874.5,,,,,
2023-02-14,23.749,23.749,23.29,23.707,700,16594.9,,,,,
2023-02-15,23.582,23.582,23.582,23.582,100,2358.2000000000003,,,,,
2023-02-16,22.622,23.332,22.622,22.747,5600,127383.2,,,,,
2023-02-17,23.332,23.332,22.247,22.247,8600,191324.2,,,,,
2023-02-20,22.539,22.539,22.247,22.247,46600,1036710.2,,,,,
2023-02-21,22.247,22.247,20.869,22.038,18100,398887.8,,,,,
2023-02-22,22.956,22.956,21.328,21.328,2200,46921.6,,,,,
2023-02-23,20.911,21.328,20.285,20.994,37300,783076.2,,,,,
2023-02-24,21.37,21.37,21.287,21.287,1800,38316.6,,,,,
2023-02-27,21.287,21.287,20.66,20.869,5600,116866.4,,,,,
2023-02-28,20.869,20.953,20.827,20.869,1200,25042.8,,,,,
2023-03-01,20.869,21.036,20.827,20.869,11100,231645.9,,,,,
2023-03-02,20.869,20.869,20.452,20.848,7300,152190.4,,,,,
2023-03-03,20.827,20.994,20.827,20.848,7600,158444.8,,,,,
2023-03-06,20.869,20.869,20.243,20.452,7000,143164.0,,,,,
2023-03-07,20.535,20.786,20.452,20.452,3900,79762.8,,,,,
2023-03-08,20.786,20.786,20.786,20.786,100,2078.6000000000004,,,,,
2023-03-09,20.452,20.66,20.306,20.66,4500,92970.0,,,,,
2023-03-10,20.368,20.577,20.264,20.452,5400,110440.8,,,,,
2023-03-13,20.869,21.37,20.452,20.452,4300,87943.6,,,,,
2023-03-14,20.619,20.619,20.327,20.327,2300,46752.100000000006,,,,,
2023-03-15,20.306,20.702,20.306,20.327,2000,40654.0,,,,,
2023-03-16,19.638,20.452,19.638,20.452,4400,89988.8,,,,,
2023-03-17,20.452,20.786,20.452,20.452,7400,151344.80000000002,,,,,
2023-03-20,20.64,20.64,20.64,20.64,300,6192.0,,,,,
2023-03-21,20.619,21.036,20.452,21.036,4000,84144.0,,,,,
2023-03-22,21.454,21.454,20.535,20.869,3200,66780.8,,,,,
2023-03-23,20.869,21.078,19.617,20.869,2900,60520.1,,,,,
2023-03-24,20.243,20.827,20.243,20.827,2200,45819.4,,,,,
2023-03-27,20.327,20.765,20.034,20.765,2100,43606.5,,,,,
2023-03-28,20.786,20.786,20.327,20.327,500,10163.5,,,,,
2023-03-29,20.055,20.243,20.034,20.097,1900,38184.3,,,,,
2023-03-30,20.097,20.452,19.951,20.014,10500,210147.0,,,,,
2023-03-31,19.826,20.014,19.638,19.638,3100,60877.8,,,,,
2023-04-03,19.659,20.368,19.617,19.617,23200,455114.4,,,,,
2023-04-04,20.034,20.034,19.617,19.701,18400,362498.4,,,,,
2023-04-05,19.721,19.93,19.68,19.93,1600,31888.0,,,,,
2023-04-06,20.034,20.034,19.763,19.909,4800,95563.2,,,,,
2023-04-07,20.201,20.201,19.847,19.993,2600,51981.8,,,,,
2023-04-10,20.243,20.243,19.972,20.201,5000,101005.0,,,,,
2023-04-11,20.222,20.66,20.222,20.452,7300,149299.6,,,,,
2023-04-12,20.473,20.66,20.452,20.494,4800,98371.2,,,,,
2023-04-13,20.66,20.66,20.494,20.494,36600,750080.4,,,,,
2023-04-14,20.494,20.869,20.494,20.535,5400,110889.0,,,,,
2023-04-17,20.66,20.66,20.535,20.535,2000,41070.0,,,,,
2023-04-18,20.66,21.287,20.66,21.078,8000,168624.0,,,,,
2023-04-19,21.078,21.37,20.681,21.287,6200,131979.4,,,,,
2023-04-20,21.454,21.454,21.287,21.287,1500,31930.5,,,,,
2023-04-21,21.328,22.747,21.287,22.747,27700,630091.9,,,,,
2023-04-24,22.706,22.789,22.163,22.622,9900,223957.8,,,,,
2023-04-25,21.829,22.539,21.078,22.455,9000,202095.0,,,,,
2023-04-26,21.412,22.08,21.328,21.62,6200,134044.0,,,,,
2023-04-27,22.08,22.121,21.662,22.08,800,17664.0,,,,,
2023-04-28,22.121,22.121,21.328,21.662,4700,101811.4,,,,,
2023-05-04,21.662,22.956,21.662,22.914,12600,288716.4,,,,,
2023-05-05,22.831,23.081,22.372,22.914,6400,146649.6,,,,,
2023-05-08,22.956,23.207,22.914,23.081,12500,288512.5,,,,,
2023-05-09,23.373,23.582,23.207,23.207,39600,918997.2,,,,,
2023-05-10,23.165,23.373,23.123,23.207,21400,496629.8,,,,,
2023-05-11,23.165,23.499,23.04,23.499,3700,86946.29999999999,,,,,
2023-05-12,23.373,23.499,23.165,23.165,5200,120458.0,,,,,
2023-05-15,23.248,23.791,23.248,23.332,6500,151658.0,,,,,
2023-05-16,23.332,23.373,23.165,23.373,12300,287487.9,,,,,
2023-05-17,23.332,23.707,22.956,23.373,6700,156599.1,,,,,
2023-05-18,23.081,23.666,22.956,23.373,3600,84142.8,,,,,
2023-05-19,22.956,23.207,22.956,23.207,1700,39451.9,,,,,
2023-05-22,23.207,23.373,22.747,23.207,1500,34810.5,,,,,
2023-05-23,23.207,23.207,23.207,23.207,0,0.0,,,,,
2023-05-24,22.747,23.081,22.747,22.914,400,9165.6,,,,,
2023-05-25,23.373,23.373,22.288,22.288,7100,158244.8,,,,,
2023-05-26,22.33,22.789,22.121,22.706,5300,120341.8,,,,,
2023-05-29,22.247,22.956,22.121,22.956,2800,64276.8,,,,,
2023-05-30,22.956,23.123,22.539,22.539,1600,36062.4,,,,,
2023-05-31,23.123,23.123,22.58,22.956,1600,36729.6,,,,,
2023-06-01,22.956,23.081,22.789,23.081,7900,182339.9,,,,,
2023-06-02,23.081,23.373,23.081,23.332,5000,116660.0,,,,,
2023-06-05,23.332,23.791,23.165,23.373,14600,341245.8,,,,,
2023-06-06,23.666,23.666,23.081,23.29,15400,358666.0,,,,,
2023-06-07,23.081,23.499,22.956,23.165,9300,215434.5,,,,,
2023-06-08,23.373,24.5,23.373,24.167,20400,493006.8000000001,,,,,
2023-06-09,24.417,25.46,24.167,25.46,38600,982756.0,,,,,
2023-06-12,25.46,25.46,24.834,25.043,6200,155266.6,,,,,
2023-06-13,25.043,25.46,24.626,24.918,14700,366294.6,,,,,
2023-06-14,23.958,25.043,23.958,24.918,2900,72262.2,,,,,
2023-06-15,25.043,25.46,25.043,25.043,1000,25043.0,,,,,
2023-06-16,25.043,25.252,24.918,24.96,7200,179712.0,,,,,
2023-06-19,24.96,24.96,24.96,24.96,0,0.0,,,,,
2023-06-20,25.46,25.46,24.751,24.96,13300,331968.0,,,,,
2023-06-21,24.751,24.96,24.417,24.876,23500,584586.0,,,,,
2023-06-22,24.292,24.876,24.25,24.876,2700,67165.2,,,,,
2023-06-23,24.834,24.834,24.333,24.333,10200,248196.6,,,,,
2023-06-26,24.417,24.751,24.333,24.751,6400,158406.4,,,,,
2023-06-27,24.751,25.043,24.417,25.043,4200,105180.6,,,,,
2023-06-28,25.043,25.043,24.918,24.918,4200,104655.6,,,,,
2023-06-29,24.876,25.043,24.793,25.043,1300,32555.9,,,,,
2023-06-30,25.043,25.878,25.043,25.46,23100,588126.0,,,,,
2023-07-03,26.504,26.504,25.46,26.253,23600,619570.8,,,,,
2023-07-04,26.253,27.13,26.253,26.462,2600,68801.2,,,,,
2023-07-05,25.878,26.295,25.753,25.753,4700,121039.1,,,,,
2023-07-06,25.293,26.086,25.293,26.086,5200,135647.19999999998,,,,,
2023-07-07,25.878,27.13,25.46,26.671,25500,680110.5,,,,,
2023-07-10,26.086,26.671,26.086,26.587,4400,116982.8,,,,,
2023-07-11,26.587,26.587,26.379,26.504,13700,363104.8000000001,,,,,
2023-07-12,26.504,26.921,25.878,26.921,42200,1136066.2,,,,,
2023-07-13,26.921,27.088,26.629,26.921,7700,207291.7,,,,,
2023-07-14,26.921,27.046,26.587,26.713,8500,227060.5,,,,,
2023-07-17,26.713,26.713,26.086,26.086,23900,623455.3999999999,,,,,
2023-07-18,26.295,27.881,26.086,27.881,105300,2935869.3,,,,,
2023-07-19,29.217,29.801,28.799,29.801,200900,5987020.899999999,,,,,
2023-07-20,30.052,30.886,29.968,29.968,78800,2361478.4,,,,,
2023-07-21,29.926,29.926,29.008,29.384,78800,2315459.2,,,,,
2023-07-24,29.384,31.304,29.384,30.177,90900,2743089.3,,,,,
2023-07-25,30.469,30.886,30.052,30.469,15100,460081.9,,,,,
2023-07-26,30.26,30.886,29.843,29.885,29200,872642.0,,,,,
2023-07-27,29.926,30.219,29.676,29.676,20400,605390.4,,,,,
2023-07-28,29.676,29.885,29.259,29.676,20800,617260.7999999999,,,,,
2023-07-31,29.718,29.885,29.509,29.759,13600,404722.4,,,,,
2023-08-01,29.384,30.26,29.133,29.133,79200,2307333.6,,,,,
2023-08-02,29.133,29.217,28.799,29.133,25600,745804.7999999999,,,,,
2023-08-03,28.382,28.883,28.382,28.799,19500,561580.5,,,,,
2023-08-04,28.799,28.799,28.048,28.507,21500,612900.5,,,,,
2023-08-07,28.257,28.507,27.881,28.34,15000,425100.0,,,,,
2023-08-08,28.34,29.759,28.34,29.175,12500,364687.5,,,,,
2023-08-09,29.175,29.217,28.799,28.883,41300,1192867.9,,,,,
2023-08-10,28.799,29.133,28.591,28.591,16200,463174.2,,,,,
2023-08-11,28.424,28.591,28.382,28.507,10500,299323.5,,,,,
2023-08-14,28.382,28.591,28.382,28.591,3700,105786.7,,,,,
2023-08-15,28.215,29.885,28.215,29.885,24600,735171.0,,,,,
2023-08-16,29.634,29.634,29.133,29.133,10600,308809.8,,,,,
2023-08-17,29.008,29.467,28.925,29.05,13300,386365.0,,,,,
2023-08-18,28.382,29.05,27.881,28.382,17200,488170.4,,,,,
2023-08-21,28.382,28.424,28.382,28.424,4000,113696.0,,,,,
2023-08-22,28.424,28.424,27.547,28.424,7300,207495.2,,,,,
2023-08-23,28.466,28.591,27.965,28.507,10900,310726.3,,,,,
2023-08-24,28.382,28.591,28.215,28.382,4700,133395.4,,,,,
2023-08-25,28.382,28.382,28.173,28.215,12800,361152.0,,,,,
2023-08-28,28.215,28.758,28.173,28.758,6000,172548.0,,,,,
2023-08-29,28.758,28.758,28.257,28.758,20400,586663.2,,,,,
2023-08-30,28.716,28.716,28.299,28.674,18100,518999.4,,,,,
2023-08-31,28.758,28.799,28.382,28.716,10700,307261.2,,,,,
2023-09-05,28.716,29.008,28.716,29.008,18100,525044.7999999999,,,,,
2023-09-06,29.008,29.968,29.008,29.634,27500,814935.0,,,,,
2023-09-07,29.634,29.634,29.3,29.634,12400,367461.6,,,,,
2023-09-08,29.342,29.634,28.758,29.092,19000,552748.0,,,,,
2023-09-11,29.092,29.342,29.092,29.133,16100,469041.3,,,,,
2023-09-12,29.217,29.426,29.05,29.342,5900,173117.8,,,,,
2023-09-13,29.634,30.052,29.259,29.467,26200,772035.4,,,,,
2023-09-14,29.718,29.968,29.384,29.634,28000,829752.0,,,,,
2023-09-15,29.926,29.926,29.676,29.801,12000,357612.0,,,,,
2023-09-18,29.801,30.845,29.801,30.052,11400,342592.8,,,,,
2023-09-19,30.052,30.678,29.843,30.01,23800,714238.0,,,,,
2023-09-20,30.386,30.386,29.885,30.052,13300,399691.6,,,,,
2023-09-21,30.052,30.26,29.634,29.676,12000,356112.0,,,,,
2023-09-22,30.01,30.01,28.841,29.092,24800,721481.6,,,,,
2023-09-25,29.05,29.217,28.048,28.424,34800,989155.2,,,,,
2023-09-26,28.424,28.591,28.215,28.466,10300,293199.8,,,,,
2023-09-27,28.591,28.591,27.714,28.299,27200,769732.7999999999,,,,,
2023-09-28,28.299,28.299,27.589,27.965,6400,178976.0,,,,,
2023-09-29,28.34,28.382,27.965,28.382,8000,227056.0,,,,,
2023-10-02,29.217,29.217,28.799,29.133,30300,882729.9,,,,,
2023-10-03,29.217,29.634,28.674,29.217,24400,712894.7999999999,,,,,
2023-10-04,29.342,29.342,28.799,29.008,17300,501838.4,,,,,
2023-10-05,28.457,29.346,28.457,28.457,21300,606134.1,,,,,
2023-10-06,27.79,28.768,27.79,28.724,16300,468201.2,,,,,
2023-10-09,28.724,28.902,28.724,28.902,7700,222545.4,,,,,
2023-10-10,29.346,29.346,28.768,28.902,21800,630063.6,,,,,
2023-10-11,28.457,28.902,28.457,28.768,24500,704816.0,,,,,
2023-10-12,28.679,28.902,28.635,28.902,23600,682087.2000000001,,,,,
2023-10-13,28.546,28.857,28.457,28.857,14300,412655.1,,,,,
2023-10-16,28.501,28.813,28.501,28.679,11900,341280.1,,,,,
2023-10-17,28.813,28.902,28.146,28.146,17900,503813.4,,,,,
2023-10-18,28.146,28.324,27.568,27.568,8000,220544.0,,,,,
2023-10-19,27.79,28.413,27.123,27.79,31500,875385.0,,,,,
2023-10-20,27.345,27.968,26.901,27.123,31900,865223.7000000001,,,,,
2023-10-23,27.123,27.123,26.678,26.767,6800,182015.6,,,,,
2023-10-24,26.856,27.123,26.767,26.901,8900,239418.9,,,,,
2023-10-25,26.767,27.123,26.678,27.079,5900,159766.1,,,,,
2023-10-26,26.856,26.856,25.211,25.745,32300,831563.5,,,,,
2023-10-27,25.789,25.789,25.344,25.656,11600,297609.6,,,,,
2023-10-30,25.344,25.7,25.256,25.611,6000,153666.0,,,,,
2023-10-31,25.656,25.656,24.9,25.478,18300,466247.4,,,,,
2023-11-01,24.544,25.433,24.544,25.344,2800,70963.2,,,,,
2023-11-02,25.344,26.456,25.344,26.234,16000,419744.0,,,,,
2023-11-03,26.234,26.456,26.056,26.056,2100,54717.6,,,,,
2023-11-06,26.234,26.545,26.011,26.011,10200,265312.2,,,,,
2023-11-07,25.789,26.011,25.567,25.789,7300,188259.7,,,,,
2023-11-08,25.789,25.789,25.567,25.745,14400,370728.0,,,,,
2023-11-09,25.745,25.967,25.389,25.789,11400,293994.60000000003,,,,,
2023-11-10,25.344,25.745,25.344,25.611,4700,120371.7,,,,,
2023-11-13,25.256,25.611,24.678,24.9,14000,348600.0,,,,,
2023-11-14,25.344,25.344,24.855,24.855,12800,318144.0,,,,,
2023-11-15,24.855,25.656,24.855,25.033,13100,327932.3,,,,,
2023-11-16,25.033,25.078,24.678,25.033,13100,327932.3,,,,,
2023-11-17,25.033,25.256,24.9,24.989,7800,194914.2,,,,,
2023-11-20,24.944,24.944,24.722,24.722,6200,153276.4,,,,,
2023-11-21,24.855,24.855,24.589,24.633,12000,295596.0,,,,,
2023-11-22,24.678,24.722,24.455,24.589,24300,597512.7,,,,,
2023-11-23,24.5,25.122,24.5,24.855,32300,802816.5,,,,,
2023-11-24,24.944,24.944,24.544,24.544,3900,95721.6,,,,,
2023-11-27,24.544,24.944,24.455,24.455,18000,440190.0,,,,,
2023-11-28,24.455,24.722,23.166,24.366,36600,891795.6,,,,,
2023-11-29,24.5,24.678,23.966,24.5,3100,75950.0,,,,,
2023-11-30,24.455,24.811,24.277,24.366,7600,185181.6,,,,,
2023-12-01,24.455,24.455,24.233,24.366,9000,219294.0,,,,,
2023-12-04,24.322,24.678,24.188,24.589,24800,609807.2,,,,,
2023-12-05,24.544,24.544,24.277,24.455,10200,249441.0,,,,,
2023-12-06,24.455,24.544,24.411,24.544,26600,652870.4,,,,,
2023-12-07,24.411,24.855,24.411,24.544,29200,716684.8,,,,,
2023-12-08,24.544,24.544,24.233,24.544,6300,154627.2,,,,,
2023-12-11,24.855,24.855,24.366,24.544,4500,110448.0,,,,,
2023-12-12,24.455,24.678,24.455,24.678,17400,429397.2,,,,,
2023-12-13,24.544,25.389,24.544,25.122,41000,1030002.0,,,,,
2023-12-14,25.122,25.789,25.122,25.567,30800,787463.6,,,,,
2023-12-15,25.789,25.789,25.522,25.745,16100,414494.5,,,,,
2023-12-18,25.7,25.7,25.344,25.344,9300,235699.2,,,,,
2023-12-19,25.344,25.344,25.078,25.344,1100,27878.4,,,,,
2023-12-20,25.078,25.433,24.9,25.433,15800,401841.4,,,,,
2023-12-21,25.344,25.344,24.855,25.122,26000,653172.0,,,,,
2023-12-22,25.033,25.344,24.989,25.344,14600,370022.4,,,,,
2023-12-25,25.344,25.344,24.855,25.344,16300,413107.2,,,,,
2023-12-26,25.256,25.256,24.9,25.211,25800,650443.7999999999,,,,,
2023-12-27,24.989,25.211,24.855,24.855,9400,233637.0,,,,,
2023-12-28,24.9,25.122,24.855,24.9,7300,181770.0,,,,,
2023-12-29,24.9,25.167,24.9,25.167,4200,105701.4,,,,,
2024-01-02,25.211,25.522,25.122,25.344,12300,311731.2,,,,,
2024-01-03,25.3,26.901,25.256,26.323,130500,3435151.5,,,,,
2024-01-04,26.678,27.479,26.678,27.301,56200,1534316.2,,,,,
2024-01-05,27.39,27.39,26.678,27.123,43800,1187987.4,,,,,
2024-01-08,26.812,27.345,26.812,27.345,13600,371892.0,,,,,
2024-01-09,27.123,27.746,26.767,27.256,35400,964862.4,,,,,
2024-01-10,27.256,27.568,26.767,27.479,33600,923294.4,,,,,
2024-01-11,27.523,28.012,27.212,27.746,106400,2952174.4,,,,,
2024-01-12,27.879,27.879,27.301,27.39,27000,739530.0,,,,,
2024-01-15,27.568,27.968,27.256,27.834,21500,598431.0,,,,,
2024-01-16,27.79,28.19,27.79,28.012,66000,1848792.0,,,,,
2024-01-17,28.012,28.19,27.701,27.968,5400,151027.2,,,,,
2024-01-18,27.657,28.59,27.568,28.368,46700,1324785.6,,,,,
2024-01-19,28.19,28.546,27.657,28.368,35900,1018411.2,,,,,
2024-01-22,28.457,28.457,26.678,28.146,15500,436263.0,,,,,
2024-01-23,27.079,28.012,27.079,27.879,66300,1848377.7,,,,,
2024-01-24,27.879,27.879,27.612,27.612,7800,215373.6,,,,,
2024-01-25,27.879,27.879,27.612,27.834,7100,197621.4,,,,,
2024-01-26,27.612,27.834,27.256,27.79,69200,1923068.0,,,,,
2024-01-29,27.923,27.923,27.434,27.434,23200,636468.8,,,,,
2024-01-30,27.568,27.568,27.123,27.479,14500,398445.5,,,,,
2024-01-31,27.123,27.212,27.034,27.168,11400,309715.2,,,,,
2024-02-01,26.323,27.568,26.323,27.568,23300,642334.4,,,,,
2024-02-02,27.568,27.657,27.39,27.39,18500,506715.0,,,,,
2024-02-05,27.39,27.657,27.345,27.657,8300,229553.1,,,,,
2024-02-06,27.568,28.235,27.39,28.146,32900,926003.4,,,,,
2024-02-07,28.235,28.235,27.612,28.012,9100,254909.2,,,,,
2024-02-15,27.657,28.413,27.657,28.012,18200,509818.4,,,,,
2024-02-16,28.012,28.012,27.568,27.968,23200,648857.6,,,,,
2024-02-19,28.012,28.902,27.79,28.902,172900,4997155.8,,,,,
2024-02-20,28.902,29.213,28.902,29.213,19300,563810.9,,,,,
2024-02-21,29.213,29.569,28.857,28.857,44800,1292793.6,,,,,
2024-02-22,28.902,29.124,28.857,29.079,14700,427461.3,,,,,
2024-02-23,29.346,29.346,28.902,29.124,21900,637815.6,,,,,
2024-02-26,28.635,28.991,28.635,28.991,29500,855234.5,,,,,
2024-02-27,29.035,29.524,28.902,29.435,47300,1392275.5,,,,,
2024-02-28,29.435,29.524,29.435,29.48,14500,427460.0,,,,,
2024-02-29,28.991,29.524,28.902,29.435,6900,203101.5,,,,,
2024-03-01,29.302,29.702,29.124,29.702,10000,297020.0,,,,,
2024-03-04,29.746,30.058,29.613,29.702,24900,739579.8,,,,,
2024-03-05,29.969,29.969,29.435,29.524,9600,283430.4,,,,,
2024-03-06,29.48,29.657,29.257,29.524,16300,481241.2,,,,,
2024-03-07,29.569,29.569,29.168,29.257,17300,506146.1,,,,,
2024-03-08,29.569,29.569,28.946,29.213,15500,452801.5,,,,,
2024-03-11,29.168,29.346,29.035,29.168,11100,323764.8,,,,,
2024-03-12,29.168,29.346,28.902,28.902,18500,534687.0,,,,,
2024-03-13,28.813,29.48,28.813,29.435,28700,844784.5,,,,,
2024-03-14,29.435,29.613,29.391,29.613,7800,230981.4,,,,,
2024-03-15,29.435,29.613,29.346,29.613,20300,601143.9,,,,,
2024-03-18,29.613,29.613,28.902,29.302,38400,1125196.8,,,,,
2024-03-19,29.657,30.236,29.035,30.013,60200,1806782.6,,,,,
2024-03-20,30.013,30.68,30.013,30.369,56900,1727996.1,,,,,
2024-03-21,30.413,30.991,30.413,30.769,56200,1729217.7999999998,,,,,
2024-03-22,30.902,30.902,30.413,30.814,18800,579303.2,,,,,
2024-03-25,30.324,30.769,30.191,30.191,28500,860443.5,,,,,
2024-03-26,30.058,30.591,29.569,29.969,17200,515466.8000000001,,,,,
2024-03-27,29.924,30.236,29.924,30.236,17800,538200.8,,,,,
2024-03-28,30.236,30.814,30.236,30.236,7600,229793.6,,,,,
2024-03-29,30.324,30.725,30.147,30.547,16100,491806.7,,,,,
2024-04-01,30.502,30.68,29.791,30.013,16200,486210.6,,,,,
2024-04-02,29.791,30.191,29.791,30.013,16800,504218.4,,,,,
2024-04-03,29.88,30.191,29.88,30.013,28800,864374.4,,,,,
2024-04-04,29.791,30.058,29.791,29.969,23000,689287.0,,,,,
2024-04-05,29.969,30.013,29.569,29.924,16300,487761.2,,,,,
2024-04-08,29.702,30.191,29.702,30.147,29700,895365.8999999999,,,,,
2024-04-09,30.236,30.236,30.102,30.236,31200,943363.2,,,,,
2024-04-10,30.191,30.413,30.102,30.147,22200,669263.4,,,,,
2024-04-11,30.236,30.236,30.058,30.058,13900,417806.2,,,,,
2024-04-12,30.324,31.303,30.236,31.258,71200,2225569.6,,,,,
2024-04-15,31.169,31.214,30.413,30.858,48400,1493527.2,,,,,
2024-04-16,30.458,30.902,30.458,30.814,35800,1103141.2,,,,,
2024-04-17,31.747,31.747,31.125,31.569,48500,1531096.5,,,,,
2024-04-19,31.525,31.525,30.814,30.814,17600,542326.4,,,,,
2024-04-22,30.28,30.28,28.679,29.168,268200,7822857.6,,,,,
2024-04-23,29.168,29.168,28.59,28.857,49800,1437078.6,,,,,
2024-04-24,28.546,29.791,28.501,29.079,54700,1590621.3,,,,,
2024-04-25,29.124,29.124,28.679,28.946,34900,1010215.4,,,,,
2024-04-26,28.946,28.946,28.635,28.679,24200,694031.7999999999,,,,,
2024-05-02,28.679,28.946,28.679,28.946,19100,552868.6,,,,,
2024-05-03,28.902,29.124,28.813,28.946,12600,364719.6,,,,,
2024-05-06,28.946,29.302,28.946,28.991,29500,855234.5,,,,,
2024-05-07,29.079,29.791,29.079,29.613,19400,574492.2,,,,,
2024-05-08,29.613,29.746,29.391,29.613,12100,358317.3,,,,,
2024-05-09,29.569,29.746,29.524,29.702,10700,317811.4,,,,,
2024-05-10,29.702,29.702,29.346,29.569,14100,416922.9,,,,,
2024-05-13,29.702,29.88,29.346,29.569,25400,751052.6,,,,,
2024-05-14,29.569,29.569,28.991,29.257,15300,447632.1,,,,,
2024-05-15,29.257,29.569,29.168,29.48,34600,1020008.0,,,,,
2024-05-16,29.48,29.791,29.48,29.791,22200,661360.2,,,,,
2024-05-17,29.791,29.791,29.613,29.613,7700,228020.1,,,,,
2024-05-20,29.613,29.746,29.524,29.524,8500,250954.0,,,,,
2024-05-21,29.391,29.613,29.302,29.613,24700,731441.1,,,,,
2024-05-22,29.613,29.613,29.257,29.48,4800,141504.0,,,,,
2024-05-23,29.613,31.125,29.435,31.036,63800,1980096.8,,,,,
2024-05-24,30.725,30.725,29.791,30.013,30000,900390.0,,,,,
2024-05-27,30.013,30.236,29.569,30.058,14300,429829.4,,,,,
2024-05-28,31.036,31.036,29.791,30.058,9400,282545.2,,,,,
2024-05-29,30.058,30.413,30.013,30.413,27600,839398.8,,,,,
2024-05-30,30.236,30.28,30.058,30.236,12200,368879.2,,,,,
2024-05-31,30.236,30.28,30.147,30.28,4300,130204.0,,,,,
2024-06-03,30.28,30.68,30.28,30.636,23900,732200.4,,,,,
2024-06-04,30.636,30.68,30.502,30.636,8800,269596.8,,,,,
2024-06-05,30.591,30.636,30.236,30.413,11900,361914.7,,,,,
2024-06-06,30.369,30.902,30.369,30.814,56600,1744072.4,,,,,
2024-06-07,30.769,30.814,30.591,30.591,5700,174368.7,,,,,
2024-06-10,30.591,31.125,30.013,30.991,38900,1205549.9,,,,,
2024-06-11,31.08,31.881,30.858,31.436,86700,2725501.2,,,,,
2024-06-12,31.436,31.481,31.392,31.436,33900,1065680.4,,,,,
2024-06-13,31.481,32.014,31.169,31.836,65200,2075707.2,,,,,
2024-06-14,31.881,31.881,31.303,31.303,15800,494587.4,,,,,
2024-06-17,31.303,31.525,30.947,31.125,22800,709650.0,,,,,
2024-06-18,31.125,31.347,31.125,31.169,11400,355326.6,,,,,
2024-06-19,31.214,31.97,31.214,31.97,80500,2573585.0,,,,,
2024-06-20,32.414,33.081,32.014,33.081,122300,4045806.3,,,,,
2024-06-21,32.503,33.526,32.459,32.459,42300,1373015.7000000002,,,,,
2024-06-24,32.414,32.903,32.37,32.459,89600,2908326.4000000004,,,,,
2024-06-25,32.859,33.348,32.459,32.992,76500,2523888.0,,,,,
2024-06-26,33.348,33.526,33.17,33.526,99900,3349247.4000000004,,,,,
2024-06-27,33.526,33.748,33.304,33.348,35500,1183854.0,,,,,
2024-06-28,33.348,33.971,33.126,33.481,153100,5125941.100000001,,,,,
2024-07-01,33.793,33.793,32.903,33.17,79200,2627064.0,,,,,
2024-07-02,33.215,33.437,33.126,33.392,61400,2050268.8000000005,,,,,
2024-07-03,33.348,33.57,33.259,33.392,15800,527593.6000000001,,,,,
2024-07-04,33.704,33.704,33.215,33.392,22500,751320.0000000001,,,,,
2024-07-05,33.392,33.57,33.259,33.348,47600,1587364.8,,,,,
2024-07-08,33.57,34.237,33.57,34.104,113700,3877624.8,,,,,
2024-07-09,34.148,35.838,33.882,35.838,234200,8393259.6,,,,,
2024-07-10,36.149,36.46,35.571,36.238,114200,4138379.6,,,,,
2024-07-11,36.298,38.774,36.298,38.725,207000,8016075.0,,,,,
2024-07-12,39.418,41.102,39.17,40.408,160000,6465280.0,,,,,
2024-07-15,40.309,43.231,39.913,43.231,291500,12601836.5,,,,,
2024-07-16,43.924,46.252,43.924,46.252,82200,3801914.4,,,,,
2024-07-17,49.47,49.47,43.033,43.033,394000,16955002.0,,,,,
2024-07-18,42.092,42.983,41.102,42.092,132000,5556144.0,,,,,
2024-07-19,42.042,42.092,39.616,40.309,163800,6602614.199999999,,,,,
2024-07-22,39.22,40.606,38.13,40.111,203100,8146544.1,,,,,
2024-07-23,39.22,41.597,39.22,40.705,83300,3390726.5,,,,,
2024-07-24,40.606,41.25,40.26,40.656,81100,3297201.6,,,,,
2024-07-25,40.606,40.606,40.111,40.161,44900,1803228.9,,,,,
2024-07-26,41.102,42.241,40.359,42.241,226800,9580258.8,,,,,
2024-07-29,42.389,44.469,42.389,42.587,67800,2887398.6,,,,,
2024-07-30,43.082,43.082,41.102,41.102,56100,2305822.2,,,,,
2024-07-31,41.547,41.547,40.359,40.557,71500,2899825.5,,,,,
2024-08-01,40.557,41.25,38.923,39.368,149300,5877642.4,,,,,
2024-08-02,39.121,41.597,39.121,40.359,221100,8923374.9,,,,,
2024-08-05,39.616,41.102,39.517,40.062,111500,4466913.0,,,,,
2024-08-06,40.507,40.804,39.765,40.705,36600,1489803.0,,,,,
2024-08-07,41.003,41.547,40.705,41.003,53500,2193660.5,,,,,
2024-08-08,41.102,41.102,40.161,40.854,50800,2075383.2,,,,,
2024-08-09,40.606,41.003,40.408,40.705,42400,1725892.0,,,,,
2024-08-12,40.904,42.835,40.904,41.745,71900,3001465.5,,,,,
2024-08-13,41.795,41.844,41.102,41.597,39800,1655560.6,,,,,
2024-08-14,42.34,42.686,41.597,42.042,68600,2884081.2,,,,,
2024-08-15,41.844,42.587,41.844,41.943,63800,2675963.4,,,,,
2024-08-16,42.587,43.528,42.092,43.082,109500,4717479.0,,,,,
2024-08-19,43.082,44.023,42.934,43.578,76000,3311928.0,,,,,
2024-08-20,42.884,44.271,42.884,43.726,107000,4678682.0,,,,,
2024-08-21,43.677,43.677,42.686,42.736,92400,3948806.4,,,,,
2024-08-22,42.637,42.934,42.092,42.686,77700,3316702.2,,,,,
2024-08-23,42.686,42.686,41.894,42.29,43100,1822699.0,,,,,
2024-08-26,42.29,42.29,41.646,42.092,42500,1788910.0,,,,,
2024-08-27,41.646,42.092,41.349,41.993,27800,1167405.4,,,,,
2024-08-28,41.646,42.092,41.597,41.795,42400,1772108.0,,,,,
2024-08-29,41.795,42.538,41.597,42.389,46400,1966849.6,,,,,
2024-08-30,42.389,43.924,42.092,43.479,105400,4582686.6,,,,,
2024-09-04,43.875,46.499,43.528,46.499,342000,15902658.0,,,,,
2024-09-05,46.598,47.044,45.212,45.212,81100,3666693.2,,,,,
2024-09-06,46.301,48.034,45.558,48.034,197500,9486715.0,,,,,
2024-09-09,48.282,49.223,47.539,47.638,167000,7955546.0,,,,,
2024-09-10,47.638,47.935,45.905,46.054,150100,6912705.4,,,,,
2024-09-11,45.558,46.747,45.558,46.103,87000,4010961.0,,,,,
2024-09-12,46.499,47.044,45.955,46.549,56700,2639328.3,,,,,
2024-09-13,46.549,46.549,45.856,46.549,68000,3165332.0,,,,,
2024-09-16,46.153,46.549,45.558,46.054,145000,6677830.0,,,,,
2024-09-17,47.44,49.272,46.648,49.272,618500,30474732.0,,,,,
2024-09-18,50.411,52.689,50.411,52.689,484800,25543627.2,,,,,
2024-09-19,54.373,55.958,51.402,51.897,380100,19726049.7,,,,,
2024-09-20,51.897,51.996,50.411,50.808,229500,11660436.0,,,,,
2024-09-23,51.006,51.798,50.708,51.303,97200,4986651.6,,,,,
2024-09-24,51.303,51.501,50.51,51.303,128200,6577044.6,,,,,
2024-09-25,51.303,51.501,49.619,49.817,179400,8937169.8,,,,,
2024-09-26,49.817,50.808,49.718,49.718,99800,4961856.4,,,,,
2024-09-27,49.817,50.51,49.074,49.817,133900,6670496.3,,,,,
2024-09-30,49.817,50.213,49.322,49.52,94500,4679640.0,,,,,
2024-10-01,49.817,50.015,49.47,49.619,93100,4619528.9,,,,,
2024-10-02,49.718,51.006,49.322,50.213,113100,5679090.3,,,,,
2024-10-03,50.213,50.213,49.025,49.421,105900,5233683.9,,,,,
2024-10-04,49.47,49.47,48.53,48.53,63700,3091361.0,,,,,
2024-10-07,48.53,49.322,47.242,47.737,95700,4568430.9,,,,,
2024-10-08,47.737,47.737,46.153,47.292,73100,3457045.2,,,,,
2024-10-09,47.193,47.292,46.549,46.648,101800,4748766.4,,,,,
2024-10-10,46.648,49.421,46.598,47.539,58000,2757262.0,,,,,
2024-10-11,47.638,48.53,47.242,47.539,43100,2048930.9,,,,,
2024-10-14,47.539,48.183,46.549,46.648,67700,3158069.6,,,,,
2024-10-15,46.4,47.49,46.351,46.351,40700,1886485.7,,,,,
2024-10-16,46.351,46.994,46.301,46.45,24100,1119445.0,,,,,
2024-10-17,46.549,46.994,46.351,46.549,40400,1880579.6,,,,,
2024-10-18,47.044,47.044,46.054,46.4,63000,2923200.0,,,,,
2024-10-21,45.657,45.856,43.875,44.023,292000,12854716.000000002,,,,,
2024-10-22,43.578,43.974,41.943,42.191,246300,10391643.3,,,,,
2024-10-23,42.587,43.38,42.191,42.884,99900,4284111.6,,,,,
2024-10-24,42.934,45.162,42.736,44.568,161100,7179904.8,,,,,
2024-10-25,45.558,45.905,44.32,44.32,102500,4542800.0,,,,,
2024-10-28,44.32,45.41,43.627,44.271,53800,2381779.8,,,,,
2024-10-29,44.271,44.271,43.776,43.974,97300,4278670.199999999,,,,,
2024-10-30,43.776,44.964,43.578,44.766,114200,5112277.2,,,,,
2024-10-31,45.162,45.212,44.172,44.568,63400,2825611.2,,,,,
2024-11-01,44.469,44.816,43.974,44.568,62300,2776586.4,,,,,
2024-11-04,44.568,44.568,43.578,43.875,82400,3615300.0,,,,,
2024-11-05,43.875,43.974,43.528,43.875,58700,2575462.5,,,,,
2024-11-06,43.875,44.271,43.578,43.825,64600,2831095.0,,,,,
2024-11-07,43.974,44.469,43.578,44.172,83700,3697196.4,,,,,
2024-11-08,43.578,44.073,43.38,43.578,80700,3516744.6,,,,,
2024-11-11,43.578,43.578,42.29,43.479,199100,8656668.9,,,,,
2024-11-12,43.429,43.429,42.389,42.835,223300,9565055.5,,,,,
2024-11-13,42.785,42.785,42.29,42.389,66600,2823107.4000000004,,,,,
2024-11-14,42.34,42.884,42.092,42.389,55700,2361067.3000000003,,,,,
2024-11-15,42.29,42.785,41.894,41.894,78500,3288679.0,,,,,
2024-11-18,41.894,41.894,40.953,41.399,78700,3258101.3000000003,,,,,
2024-11-19,41.399,41.795,41.399,41.399,62600,2591577.4,,,,,
2024-11-20,41.498,41.498,40.804,41.399,112200,4644967.8,,,,,
2024-11-21,41.399,41.745,40.904,41.003,37400,1533512.2,,,,,
2024-11-22,41.003,41.201,40.804,40.953,152200,6233046.600000001,,,,,
2024-11-25,40.953,43.776,40.953,43.578,222500,9696105.0,,,,,
2024-11-26,43.578,44.667,42.884,43.28,100000,4328000.0,,,,,
2024-11-27,43.28,43.28,42.587,42.785,43300,1852590.5,,,,,
2024-11-28,42.637,45.063,42.637,44.419,338700,15044715.3,,,,,
2024-11-29,44.915,45.657,44.419,44.419,267700,11890966.3,,,,,
2024-12-02,45.311,45.311,44.568,45.063,137500,6196162.5,,,,,
2024-12-03,45.014,48.183,44.717,48.183,793400,38228392.2,,,,,
2024-12-04,48.53,50.51,46.549,47.539,431300,20503570.7,,,,,
2024-12-05,47.539,48.728,46.4,47.737,285300,13619366.1,,,,,
2024-12-06,47.143,47.539,45.856,45.955,390700,17954618.5,,,,,
2024-12-09,46.45,47.193,46.004,46.598,327100,15242205.8,,,,,
2024-12-10,46.549,48.53,46.549,47.688,450000,21459600.0,,,,,
2024-12-11,48.034,48.133,46.846,47.539,183000,8699637.0,,,,,
2024-12-12,47.935,50.312,46.945,49.025,554600,27189265.0,,,,,
2024-12-13,48.926,49.718,47.688,48.183,308400,14859637.2,,,,,
2024-12-16,48.034,48.579,46.945,47.094,143800,6772117.2,,,,,
2024-12-17,47.44,47.935,47.044,47.539,162000,7701318.0,,,,,
2024-12-18,48.183,48.183,47.539,47.539,125600,5970898.4,,,,,
2024-12-19,47.143,47.935,46.846,47.242,216100,10208996.2,,,,,
2024-12-20,47.341,47.836,46.895,47.836,209300,10012074.8,,,,,
2024-12-23,48.53,49.322,48.232,48.282,485600,23445739.2,,,,,
2024-12-24,48.53,48.53,47.836,48.034,133400,6407735.6,,,,,
2024-12-25,48.034,49.025,46.945,47.044,454500,21381498.0,,,,,
2024-12-26,47.044,47.985,47.044,47.985,163800,7859943.0,,,,,
2024-12-27,48.232,48.232,47.094,47.242,119000,5621798.0,,,,,
2024-12-30,47.292,47.391,46.549,46.796,130400,6102198.4,,,,,
2024-12-31,46.895,46.945,46.45,46.549,100400,4673519.6,,,,,
2025-01-02,46.549,47.094,46.054,46.895,75300,3531193.5000000005,,,,,
2025-01-03,46.598,46.895,45.856,45.856,104500,4791952.0,,,,,
2025-01-06,45.856,46.351,42.686,43.082,214800,9254013.6,,,,,
2025-01-07,43.825,44.122,43.429,43.776,134800,5901004.800000001,,,,,
2025-01-08,43.924,44.32,43.578,43.627,73500,3206584.5,,,,,
2025-01-09,43.627,43.875,43.082,43.132,83400,3597208.8,,,,,
2025-01-10,43.181,44.073,42.983,43.28,94500,4089960.0,,,,,
2025-01-13,42.785,43.479,42.092,43.28,102900,4453512.0,,,,,
2025-01-14,43.28,44.073,42.29,42.587,82800,3526203.6,,,,,
2025-01-15,42.587,43.132,42.488,42.884,48500,2079874.0,,,,,
2025-01-16,43.677,43.677,43.082,43.082,34100,1469096.2,,,,,
2025-01-17,43.082,45.063,42.587,43.875,119200,5229900.0,,,,,
2025-01-20,43.875,44.568,43.875,44.469,92200,4100041.8,,,,,
2025-01-21,44.568,44.766,43.479,43.924,102500,4502210.0,,,,,
2025-01-22,44.518,45.558,43.974,44.766,146600,6562695.6,,,,,
2025-01-23,45.162,45.162,43.578,44.37,46700,2072079.0,,,,,
2025-01-24,44.37,44.37,43.578,43.776,75600,3309465.6,,,,,
2025-02-03,43.578,44.172,43.28,44.172,50300,2221851.6,,,,,
2025-02-04,44.172,44.915,44.172,44.766,86100,3854352.6,,,,,
2025-02-05,45.212,45.212,43.578,44.568,104600,4661812.8,,,,,
2025-02-06,44.915,46.549,44.37,46.549,204300,9509960.7,,,,,
2025-02-07,46.499,47.836,46.301,46.796,253100,11844067.6,,,,,
2025-02-10,46.796,46.846,45.657,46.004,162400,7471049.6,,,,,
2025-02-11,46.054,49.223,46.054,48.133,966900,46539797.7,,,,,
2025-02-12,48.332,48.431,47.341,47.539,118100,5614355.9,,,,,
2025-02-13,47.638,48.332,47.193,47.44,243300,11542152.0,,,,,
2025-02-14,48.034,48.431,47.193,47.638,300000,14291400.0,,,,,
2025-02-17,47.836,50.015,47.836,48.332,526500,25446798.0,,,,,
2025-02-18,48.53,48.926,48.084,48.381,137900,6671739.9,,,,,
2025-02-19,48.232,49.52,46.549,47.539,564700,26845273.3,,,,,
2025-02-20,47.391,48.827,47.143,48.777,213700,10423644.9,,,,,
2025-02-21,48.975,49.272,47.935,48.034,188700,9064015.8,,,,,
2025-02-24,48.034,48.133,47.193,47.638,193000,9194134.0,,,,,
2025-02-25,47.638,47.985,47.094,47.292,149400,7065424.8,,,,,
2025-02-26,47.292,48.034,47.292,47.539,192900,9170273.1,,,,,
2025-02-27,47.539,47.836,47.193,47.44,99400,4715536.0,,,,,
2025-02-28,47.49,47.49,46.648,47.44,159700,7576168.0,,,,,
2025-03-03,47.935,47.935,46.895,46.945,187300,8792798.5,,,,,
2025-03-04,46.846,46.945,46.45,46.598,175900,8196588.2,,,,,
2025-03-05,46.549,46.747,45.756,45.806,277000,12688262.0,,,,,
2025-03-06,45.806,46.351,45.36,46.153,69700,3216864.1,,,,,
2025-03-07,46.252,46.648,46.103,46.153,113300,5229134.899999999,,,,,
2025-03-10,46.153,46.252,45.459,45.509,162100,7377008.9,,,,,
2025-03-11,45.856,46.4,44.766,46.153,189600,8750608.799999999,,,,,
2025-03-12,46.499,48.53,46.054,48.431,506600,24535144.6,,,,,
2025-03-13,49.025,49.025,47.737,47.737,302500,14440442.5,,,,,
2025-03-14,47.737,48.084,47.589,47.737,185200,8840892.4,,,,,
2025-03-17,47.737,47.737,46.549,46.945,172100,8079234.5,,,,,
2025-03-18,47.143,47.539,46.351,47.539,97700,4644560.3,,,,,
2025-03-19,48.133,50.808,47.737,50.808,1270500,64551564.0,,,,,
2025-03-20,51.996,51.996,50.312,51.501,407400,20981507.4,,,,,
2025-03-21,51.996,52.788,51.105,51.105,373400,19082607.0,,,,,
2025-03-24,51.105,51.105,47.539,47.539,1114500,52982215.5,,,,,
2025-03-25,46.697,46.945,44.618,44.717,966400,43214508.8,,,,,
2025-03-26,44.766,45.905,44.766,45.162,229800,10378227.6,,,,,
2025-03-27,45.162,45.459,44.865,45.212,94400,4268012.800000001,,,,,
2025-03-28,45.162,45.41,45.063,45.113,150600,6794017.8,,,,,
2025-03-31,44.469,44.915,44.073,44.122,194600,8586141.2,,,,,
2025-04-01,44.221,45.311,44.221,44.568,98100,4372120.8,,,,,
2025-04-02,44.667,45.36,44.568,44.816,79900,3580798.4000000004,,,,,
2025-04-03,43.578,44.469,41.696,41.696,373000,15552608.0,,,,,
2025-04-04,38.824,41.696,38.824,41.25,212500,8765625.0,,,,,
2025-04-08,39.616,40.606,38.378,38.378,276900,10626868.2,,,,,
2025-04-09,36.645,41.052,35.753,39.071,232900,9099635.9,,,,,
2025-04-10,41.795,41.795,41.795,41.795,9600,401232.0,,,,,
2025-04-11,42.587,43.875,41.795,43.528,260700,11347749.6,,,,,
2025-04-14,43.578,44.073,42.587,43.479,170100,7395777.899999999,,,,,
2025-04-15,43.479,43.479,42.389,42.637,69300,2954744.1,,,,,
2025-04-16,41.795,42.884,41.795,42.488,61700,2621509.6,,,,,
2025-04-17,42.092,42.736,41.696,42.637,50500,2153168.5,,,,,
2025-04-18,43.082,43.38,42.587,43.033,53700,2310872.1,,,,,
2025-04-21,42.785,43.479,42.785,43.033,26400,1136071.2,,,,,
2025-04-22,43.479,43.479,40.606,41.597,117600,4891807.2,,,,,
2025-04-23,43.38,43.38,42.241,42.488,41100,1746256.8,,,,,
2025-04-24,42.587,43.627,42.587,43.181,45700,1973371.7,,,,,
2025-04-25,43.231,43.231,42.389,42.389,46400,1966849.6,,,,,
2025-04-28,42.587,42.785,42.191,42.587,56100,2389130.7,,,,,
2025-04-29,42.587,42.637,42.389,42.587,20400,868774.8,,,,,
2025-05-05,43.479,43.479,42.439,43.082,24300,1046892.6,,,,,
2025-05-06,42.587,43.28,42.587,43.082,48300,2080860.6,,,,,
2025-05-07,43.082,44.717,43.082,43.974,134900,5932092.6,,,,,
2025-05-08,44.073,46.895,44.073,46.549,370100,17227784.9,,,,,
2025-05-09,46.252,48.827,46.252,48.827,621500,30345980.5,,,,,
2025-05-12,49.52,49.52,48.48,48.876,268000,13098768.0,,,,,
2025-05-13,48.431,48.678,46.846,47.044,309000,14536595.999999998,,,,,
2025-05-14,47.242,48.381,47.242,47.539,95100,4520958.9,,,,,
2025-05-15,46.796,48.975,46.796,48.728,212900,10374191.2,,,,,
2025-05-16,48.53,48.53,47.886,47.935,76800,3681408.0,,,,,
2025-05-19,47.589,50.213,47.539,49.47,301900,14934993.0,,,,,
2025-05-20,49.52,50.114,49.025,49.025,294500,14437862.5,,,,,
2025-05-21,49.817,50.015,48.728,49.718,202500,10067895.0,,,,,
2025-05-22,49.718,51.006,48.876,50.114,379800,19033297.2,,,,,
2025-05-23,51.501,53.581,50.808,51.501,707400,36431807.4,,,,,
2025-05-26,52.491,54.175,52.194,54.175,1262400,68390520.0,,,,,
2025-05-27,54.175,54.274,52.194,52.293,306600,16033033.8,,,,,
2025-05-28,51.996,51.996,50.312,50.708,550500,27914754.0,,,,,
2025-05-29,51.204,52.293,50.907,51.897,190600,9891568.2,,,,,
2025-05-30,51.897,52.689,51.204,51.501,169600,8734569.6,,,,,
2025-06-02,51.996,52.095,51.204,51.996,196900,10238012.4,,,,,
2025-06-03,52.293,52.293,51.303,51.501,131500,6772381.5,,,,,
2025-06-04,51.501,51.6,51.006,51.204,250900,12847083.6,,,,,
2025-06-05,51.204,51.6,51.204,51.501,213300,10985163.3,,,,,
2025-06-06,51.6,51.699,51.105,51.699,174000,8995626.0,,,,,
2025-06-09,51.3,51.5,50.1,50.4,200600,10110240.0,,,,,
2025-06-10,50.5,51.1,50.2,50.7,72200,3660540.0,,,,,
2025-06-11,50.5,51.2,50.4,50.5,69000,3484500.0,,,,,
2025-06-12,51.0,51.0,50.4,50.9,51800,2636620.0,,,,,
2025-06-13,50.7,51.0,50.4,50.4,119500,6022800.0,,,,,
2025-06-16,50.4,52.0,50.4,51.6,115800,5975280.0,,,,,
2025-06-17,51.7,52.3,51.1,51.6,66900,3452040.0,,,,,
2025-06-18,51.6,51.6,50.9,51.3,63100,3237030.0,,,,,
2025-06-19,51.3,51.3,50.5,51.3,52200,2677860.0,,,,,
2025-06-20,51.1,51.8,51.1,51.6,65000,3354000.0,,,,,
2025-06-23,50.6,51.2,50.6,51.1,62500,3193750.0,,,,,
2025-06-24,51.3,51.5,50.9,51.3,34600,1774980.0,,,,,
2025-06-25,51.3,51.3,50.9,51.2,39100,2001920.0,,,,,
2025-06-26,51.6,51.6,50.7,51.1,44904,2294594.4,,,,,
2025-06-27,50.7,51.4,50.7,51.4,77700,3993780.0,,,,,
2025-06-30,51.9,52.0,51.2,51.6,43912,2265859.2,,,,,
2025-07-01,51.2,51.6,51.2,51.6,70900,3658440.0,,,,,
2025-07-02,52.0,54.0,51.9,52.0,282000,14664000.0,,,,,
2025-07-03,52.0,52.8,51.4,51.6,121200,6253920.0,,,,,
2025-07-04,51.9,52.0,51.3,52.0,94900,4934800.0,,,,,
2025-07-07,52.3,52.8,51.8,52.0,93900,4882800.0,,,,,
2025-07-08,52.0,52.7,51.8,52.2,116500,6081300.0,,,,,
2025-07-09,51.9,53.8,51.9,52.6,252800,13297280.0,,,,,
2025-07-10,53.0,53.8,52.3,52.7,72400,3815480.0,,,,,
2025-07-11,52.8,52.8,51.8,51.9,145300,7541070.0,,,,,
2025-07-14,52.0,52.4,51.7,51.8,97000,5024600.0,,,,,
2025-07-15,52.3,52.3,51.5,51.9,250200,12985380.0,,,,,
2025-07-16,51.9,52.0,51.7,51.8,130900,6780620.0,,,,,
2025-07-17,51.9,51.9,51.6,51.8,189900,9836820.0,,,,,
2025-07-18,52.1,52.1,51.5,51.7,169300,8752810.0,,,,,
2025-07-21,52.4,53.2,51.8,52.0,272400,14164800.0,,,,,
2025-07-22,52.0,52.6,51.8,52.2,112000,5846400.0,,,,,
2025-07-23,52.2,53.1,52.0,52.0,168200,8746400.0,,,,,
2025-07-24,52.5,52.5,51.8,52.0,173100,9001200.0,,,,,
2025-07-25,51.8,52.0,51.7,51.9,118900,6170910.0,,,,,
2025-07-28,52.1,52.5,51.7,51.9,145500,7551450.0,,,,,
2025-07-29,51.9,52.0,51.0,51.0,337200,17197200.0,,,,,
2025-07-30,51.5,51.5,50.5,50.5,180000,9090000.0,,,,,
2025-07-31,50.5,52.0,50.3,52.0,154000,8008000.0,,,,,
2025-08-01,52.5,53.5,51.8,52.7,233000,12279100.0,,,,,
2025-08-04,52.5,54.7,52.5,54.3,458100,24874830.0,,,,,
2025-08-05,54.9,54.9,53.2,53.8,163100,8774780.0,,,,,
2025-08-06,53.4,53.7,52.2,52.6,144600,7605960.0,,,,,
2025-08-07,52.7,53.0,52.2,52.4,72000,3772800.0,,,,,
2025-08-08,52.3,54.0,52.1,53.9,259000,13960100.0,,,,,
2025-08-11,54.0,54.3,53.0,53.1,60100,3191310.0,,,,,
2025-08-12,53.4,53.7,52.6,53.0,62700,3323100.0,,,,,
2025-08-13,53.5,54.9,52.6,54.6,455200,24853920.0,,,,,
2025-08-14,55.0,55.1,53.7,54.0,82200,4438800.0,,,,,
2025-08-15,53.6,55.7,53.3,55.0,974900,53619500.0,,,,,
2025-08-18,55.1,55.6,53.8,54.9,128100,7032690.0,,,,,
2025-08-19,54.9,56.5,53.9,54.3,184500,10018350.0,,,,,
2025-08-20,54.3,54.3,51.8,52.8,323700,17091360.0,,,,,
2025-08-21,52.8,54.3,52.1,54.0,317500,17145000.0,,,,,
2025-08-22,53.9,53.9,52.5,53.2,38100,2026920.0,,,,,
2025-08-25,53.2,54.0,51.9,52.7,166200,8758740.0,,,,,
2025-08-26,52.1,52.7,52.1,52.6,52200,2745720.0,,,,,
2025-08-27,52.6,53.9,52.4,52.5,94000,4935000.0,,,,,
2025-08-28,52.5,53.0,52.3,52.3,51400,2688220.0,,,,,
2025-08-29,52.3,54.0,51.5,53.8,248100,13347780.0,,,,,
2025-09-03,52.1,54.9,52.1,54.7,127500,6974250.0,,,,,
2025-09-04,54.1,55.0,53.1,54.7,103500,5661450.0,,,,,
2025-09-05,54.7,54.7,53.6,53.8,33200,1786160.0,,,,,
2025-09-08,54.4,55.5,52.8,55.4,210100,11639540.0,,,,,
2025-09-09,55.9,55.9,54.4,54.9,39300,2157570.0,,,,,
2025-09-10,55.0,55.5,54.4,54.5,74600,4065700.0,,,,,
2025-09-11,54.7,55.9,54.4,54.4,209400,11391360.0,,,,,
2025-09-12,54.4,54.9,54.2,54.5,65200,3553400.0,,,,,
2025-09-15,54.5,55.0,54.0,54.6,71500,3903900.0,,,,,
2025-09-16,54.6,54.6,53.2,53.3,118300,6305390.0,,,,,
2025-09-17,53.1,54.0,53.1,54.0,24300,1312200.0,,,,,
2025-09-18,53.3,54.0,53.0,53.1,34900,1853190.0,,,,,
2025-09-19,53.1,53.5,53.1,53.4,8500,453900.0,,,,,
2025-09-22,53.7,53.7,52.7,53.2,51300,2729160.0,,,,,
2025-09-23,53.2,53.3,52.9,53.3,10300,548990.0,,,,,
2025-09-24,53.0,53.2,52.7,53.1,18900,1003590.0,,,,,
2025-09-25,53.0,53.5,52.8,53.2,22500,1197000.0,,,,,
2025-09-26,53.2,53.2,52.6,53.0,50300,2665900.0,,,,,
2025-09-29,53.0,53.1,52.6,52.7,22600,1191020.0,,,,,
2025-09-30,52.7,52.9,52.2,52.9,60900,3221610.0,,,,,
2025-10-01,52.9,53.1,52.5,53.0,21400,1134200.0,,,,,
2025-10-02,52.7,52.8,52.4,52.5,31400,1648500.0,,,,,
2025-10-03,52.2,52.9,52.2,52.5,10900,572250.0,,,,,
2025-10-06,52.5,52.8,52.4,52.4,25100,1315240.0,,,,,
2025-10-07,52.4,52.4,52.2,52.4,20100,1053240.0,,,,,
2025-10-08,52.4,52.6,52.1,52.1,34900,1818290.0,,,,,
2025-10-09,52.7,52.7,51.2,52.0,50900,2646800.0,1460.0,2170.0,759810.0,1123900.0,4078796.5
2025-10-10,52.0,52.0,51.2,51.9,41600,2159040.0,0.0,30.0,0.0,15480.0,4080256.5
2025-10-13,51.9,51.9,50.8,51.0,42100,2147100.0,60.0,171.0,30780.0,87395.8,4080136.5
2025-10-14,51.0,51.9,50.5,50.7,59200,3001440.0,480.0,630.0,244800.0,320660.0,4080486.5
2025-10-15,50.7,51.0,50.7,51.0,24000,1224000.0,0.0,230.0,0.0,116610.0,4080936.5
2025-10-16,51.0,51.0,50.4,50.6,17900,905740.0,200.0,930.0,101800.0,470310.0,4080907.5
2025-10-17,50.6,51.3,50.3,50.6,28700,1452220.0,40.0,170.0,20390.0,86080.0,4081217.5
2025-10-20,50.6,50.6,48.0,48.0,71000,3408000.0,1650.0,1635.0,804350.0,818968.6,4078837.5
2025-10-21,48.3,50.0,48.3,49.5,37800,1871100.0,10.0,84.0,4915.0,41772.4,4082192.7
2025-10-22,49.5,50.4,49.25,49.75,21900,1089525.0,10.0,980.0,4985.0,485230.0,4082322.7
2025-10-23,49.65,50.0,48.9,49.5,16100,796950.0,0.0,1320.0,0.0,650040.0,4082332.7
2025-10-24,49.5,49.5,47.0,49.0,63300,3101700.0,210.0,4560.0,100905.0,2203335.0,4082197.5
2025-10-27,49.3,49.3,48.0,48.95,30800,1507660.0,0.0,140.0,0.0,67420.0,4083377.5
2025-10-28,48.95,49.2,47.5,48.95,69200,3387340.0,350.0,6320.0,168030.0,3015780.0,4083927.5
2025-10-29,48.95,49.0,48.75,48.8,31200,1522560.0,0.0,1610.0,0.0,786865.0,4089047.5
2025-10-30,48.75,48.75,47.35,48.55,111000,5389050.0,2960.0,8680.0,1414660.0,4145985.0,4085777.5
2025-10-31,48.5,50.1,48.0,50.1,54400,2725440.0,1320.0,2480.0,635290.0,1204070.0,4092877.5
2025-11-03,50.0,50.0,47.5,49.5,61400,3039300.0,3560.0,3830.0,1744400.0,1877090.0,4087637.5
2025-11-04,49.0,49.4,48.6,48.95,38400,1879680.0,2250.0,1670.0,1102380.0,816425.0,4096717.5
2025-11-05,49.0,49.0,48.2,48.85,41200,2012620.0,2320.0,38810.0,1118270.0,18709840.0,4099517.5
2025-11-06,49.0,49.5,48.85,49.45,16600,820870.0,1060.0,210.0,520725.0,103020.0,4100807.5
2025-11-07,49.4,49.4,48.5,48.65,37200,1809780.0,3340.0,16140.0,1634265.0,7835740.0,4098527.5
2025-11-10,49.1,49.5,49.0,49.3,62000,3056600.0,1600.0,400.0,784600.0,196250.0,4131567.5
2025-11-11,,0.0,0.0,0.0,0,0.0,0.0,0.0,0.0,0.0,0.0
2025-11-12,49.25,49.75,49.0,49.45,14600,721970.0,750.0,150.0,367505.0,73875.0,4146197.5
2025-11-14,48.3,49.0,48.3,48.7,17400,847380.0,20.0,120.0,9695.0,58190.0,4149707.5
2025-11-17,48.7,48.8,47.45,48.3,211700,10225110.0,70.0,20080.0,33215.0,9577675.0,4149637.5
2025-11-18,48.0,48.4,48.0,48.4,14900,721160.0,10.0,260.0,4800.0,125820.0,4154367.5
2025-11-19,48.4,48.45,47.0,47.25,152600,7210350.0,10.0,12770.0,4800.0,6021940.0,4151467.5
2025-11-20,47.25,47.6,47.2,47.25,85100,4020975.0,6180.0,6260.0,2920050.0,2958260.0,4168307.5
2025-11-25,47.3,47.5,46.2,47.0,157600,7407200.0,5670.0,7308.0,2658925.0,3381633.95,4172117.5
2025-11-26,46.5,47.45,46.5,47.4,21800,1033320.0,1710.0,150.0,807670.0,70500.0,4185987.5
2025-11-27,47.4,47.8,47.0,47.5,103200,4902000.0,4100.0,5240.0,1945985.0,2466470.0,4180837.5
2025-11-28,47.5,47.75,47.5,47.6,24400,1161440.0,1250.0,300.0,595440.0,143100.0,4187036.1
2025-12-01,47.5,49.3,46.3,49.3,188000,9268400.0,9111.0,5190.0,4406279.65,2420920.0,4173935.1
2025-12-02,49.45,50.6,49.45,50.4,97800,4929120.0,4430.0,185.0,2203995.0,91708.4,4174805.1
2025-12-03,50.8,50.8,49.5,50.1,77100,3862710.0,3690.0,866.0,1834610.0,436672.2,4175760.5
2025-12-04,50.1,50.1,49.6,50.1,33800,1693380.0,2710.0,310.0,1353525.0,154610.0,4175217.1
2025-12-05,50.1,50.4,49.7,50.2,51100,2565220.0,4120.0,270.0,2062580.0,135250.0,4173197.1
2025-12-08,50.0,50.2,48.6,49.2,265500,13062600.0,10690.0,19860.0,5271185.0,9683775.0,4162767.1
2025-12-10,49.1,49.1,48.5,48.7,61500,2995050.0,4130.0,350.0,2008550.0,170775.0,4168567.1
2025-12-11,48.05,49.5,48.0,49.0,21700,1063300.0,1010.0,1380.0,488850.0,667775.0,4177257.1
2025-12-12,49.0,49.0,48.2,48.6,6800,330480.0,0.0,520.0,0.0,251535.0,4178257.1
2025-12-15,48.0,48.55,48.0,48.55,34000,1650700.0,1060.0,150.0,511980.0,72605.0,4178267.1
2025-12-23,50.3,50.5,50.0,50.2,60900,3057180.0,1010.0,200.0,509870.0,100310.0,4172147.1
2025-12-24,49.1,50.1,49.1,50.1,7300,365730.0,250.0,160.0,124130.0,78910.0,4172097.1
2025-12-25,50.0,50.6,50.0,50.6,34500,1745700.0,0.0,210.0,0.0,105250.0,4172257.1
2025-12-26,50.6,50.6,49.2,50.5,71800,3625900.0,0.0,3650.0,0.0,1843400.0,4172147.1
2025-12-29,50.4,50.7,50.0,50.7,34000,1723800.0,840.0,150.0,420290.0,75150.0,4171207.1
2025-12-30,50.7,52.4,50.7,51.7,103500,5350950.0,6000.0,280.0,3097190.0,143450.0,4165357.1
2025-12-31,51.7,53.2,51.7,52.5,96300,5055750.0,3850.0,150.0,2027860.0,78300.0,4165787.1
2026-01-05,52.5,52.5,51.6,52.1,69500,3620950.0,650.0,802.0,341250.0,419752.5,4165357.1
2026-01-06,52.1,52.3,50.5,51.8,31400,1626520.0,1440.0,280.0,747110.0,145999.1,4164267.1
2026-01-07,51.3,52.5,51.2,52.5,90300,4740750.0,2950.0,150.0,1518700.0,77400.0,4159547.9
2026-01-08,52.4,52.8,52.0,52.5,36500,1916250.0,2450.0,829.0,1281660.0,431986.3,4158750.0
2026-01-09,52.3,52.6,52.0,52.5,43800,2299500.0,4040.0,0.0,2120460.0,0.0,4155229.0
2026-01-12,52.3,52.7,52.2,52.3,61400,3211220.0,3690.0,1350.0,1937510.0,706350.0,4151569.0
2026-01-13,52.1,53.6,52.1,53.1,88100,4678110.0,2270.0,300.0,1210560.0,158200.0,4150439.0
2026-01-14,53.1,53.6,53.1,53.2,47900,2548280.0,2860.0,450.0,1529980.0,239250.0,4149119.0
2026-01-15,53.2,53.7,53.0,53.7,57700,3098490.0,70.0,150.0,37250.0,79800.0,4149249.0
2026-01-16,54.3,54.6,54.0,54.2,56600,3067720.0,310.0,380.0,167970.0,206690.0,4148489.0
2026-01-19,54.5,55.0,54.4,54.5,28100,1531450.0,530.0,150.0,290410.0,81900.0,4149079.0
2026-01-20,54.9,54.9,53.6,53.6,61100,3274960.0,2110.0,150.0,1144180.0,81450.0,4147409.0
2026-01-21,53.6,53.9,53.6,53.6,83800,4491680.0,4340.0,430.0,2326660.0,230480.0,4142789.0
2026-01-22,54.4,54.4,53.5,53.6,31000,1661600.0,160.0,28.0,86010.0,15283.4,4143549.0
2026-01-23,53.4,54.0,53.4,53.7,86600,4650420.0,2560.0,103.0,1373380.0,55302.0,4141027.2
2026-01-26,53.6,54.0,53.6,53.9,27500,1482250.0,0.0,640.0,0.0,344500.0,4141130.2
2026-01-27,53.0,53.7,53.0,53.7,23200,1245840.0,0.0,170.0,0.0,91000.0,4140630.2
2026-01-28,53.7,53.8,53.6,53.8,31600,1700080.0,160.0,50.0,85760.0,26800.0,4140630.2
2026-01-29,53.6,53.8,53.6,53.8,47900,2577020.0,2630.0,210.0,1409680.0,112670.0,4138590.2
2026-01-30,53.8,54.3,53.8,54.2,51500,2791300.0,140.0,30.0,75670.0,16200.0,4138810.2
2026-02-02,54.1,54.2,53.4,54.0,32300,1744200.0,90.0,220.0,48620.0,119040.0,4138750.2
2026-02-03,54.0,54.3,53.8,54.1,39800,2153180.0,340.0,1010.0,183940.0,546062.8,4138490.2
2026-02-04,54.0,54.2,54.0,54.1,28900,1563490.0,60.0,50.0,32440.0,27050.0,4138800.2
2026-02-05,54.1,54.3,54.1,54.2,14600,791320.0,680.0,50.0,367890.0,27050.0,4138240.2
2026-02-06,54.1,54.3,53.6,54.1,100400,5431640.0,430.0,140.0,230540.0,75570.0,4138521.0
2026-02-09,53.7,54.1,53.7,54.0,11300,610200.0,0.0,60.0,0.0,32390.0,4138661.0
2026-02-10,53.7,54.0,53.5,53.8,44100,2372580.0,530.0,90.0,284160.0,48798.8,4138631.0
2026-02-11,53.6,53.9,53.5,53.9,38800,2091320.0,0.0,80.0,0.0,42890.0,4138731.8
2026-02-12,53.9,53.9,53.5,53.8,25800,1388040.0,0.0,310.0,0.0,166260.0,4138791.8
2026-02-13,53.1,53.5,53.1,53.4,16800,897120.0,0.0,173.0,0.0,92309.2,4138761.8
2026-02-23,53.0,54.0,53.0,53.7,28300,1519710.0,350.0,330.0,187950.0,175070.0,4137530.7
2026-02-24,53.7,54.2,53.7,53.9,44000,2371600.0,2680.0,0.0,1447070.0,0.0,4136441.8
2026-02-25,53.9,54.1,53.9,53.9,19600,1056440.0,0.0,0.0,0.0,0.0,4136615.2
2026-02-26,53.8,54.2,53.8,53.9,11300,609070.0,0.0,0.0,0.0,0.0,4136655.2
2026-02-27,53.9,54.2,53.9,54.0,44700,2413800.0,3130.0,0.0,1690200.0,0.0,4133275.2
2026-03-02,53.0,54.2,52.2,54.0,10300,556200.0,0.0,10.0,0.0,5390.0,4133525.2
2026-03-03,54.0,54.2,53.8,54.0,22000,1188000.0,320.0,290.0,172980.0,156420.0,4133185.2
2026-03-04,54.0,54.2,53.6,54.2,179600,9734320.0,0.0,13911.0,0.0,7511319.2,4133185.2
2026-03-05,54.3,54.3,54.1,54.3,28000,1520400.0,640.0,0.0,346880.0,0.0,4131155.2
2026-03-06,54.5,54.5,53.9,53.9,26800,1444520.0,0.0,30.0,0.0,16290.0,4132865.2
2026-03-09,52.9,54.4,52.9,53.7,186900,10036530.0,1790.0,7780.0,965710.0,4196470.0,4144666.4
2026-03-10,53.7,57.0,53.7,56.4,187900,10597560.0,180.0,4900.0,100960.0,2743200.0,4146446.4
2026-03-11,56.9,57.0,56.4,56.7,267600,15172920.0,1130.0,2000.0,640030.0,1135000.0,4145276.4
2026-03-12,56.7,56.8,55.4,56.1,50700,2844270.0,130.0,1510.0,72330.0,840990.0,4152496.4
2026-03-13,55.7,56.7,55.0,55.0,77000,4235000.0,330.0,100.0,184300.0,56700.0,4156706.4
2026-03-16,55.1,56.7,55.1,55.6,113900,6332840.0,1000.0,8180.0,556490.0,4539260.0,4156526.4
2026-03-17,56.5,56.5,55.6,56.1,35200,1974720.0,2480.0,0.0,1392630.0,0.0,4156666.4
2026-03-18,55.6,56.0,55.0,55.1,51000,2810100.0,820.0,780.0,454860.0,432290.0,4155936.4
2026-03-19,55.2,55.3,55.0,55.0,31500,1732500.0,140.0,120.0,77140.0,66120.0,4163496.4
2026-03-20,54.7,55.4,54.3,54.5,70000,3815000.0,30.0,371.0,16400.0,202850.0,4164026.4
2026-03-23,54.5,54.7,53.7,54.4,90700,4934080.0,540.0,3090.0,292390.0,1675940.0,4163336.4
2026-03-24,54.7,55.0,54.4,55.0,14100,775500.0,170.0,140.0,92830.0,76560.0,4164006.4
2026-03-25,55.0,55.3,54.2,55.2,46500,2566800.0,590.0,1060.0,321480.0,577570.0,4163828.0
2026-03-26,55.4,55.4,54.5,54.5,25600,1395200.0,170.0,100.0,92870.0,55200.0,4166808.0
2026-03-27,54.4,54.8,54.4,54.8,17600,964480.0,0.0,412.0,0.0,225440.5,4166868.0
2026-03-30,54.6,55.0,54.1,55.0,123000,6765000.0,470.0,8460.0,256240.0,4650890.0,4166628.0
2026-03-31,55.0,55.3,54.7,54.7,11800,645460.0,210.0,20.0,115050.0,10990.0,4167068.0
2026-04-01,54.8,55.8,54.8,55.7,48900,2723730.0,2398.0,1006.0,0.13,0.06,0.0
2026-04-02,55.7,55.7,55.4,55.6,12200,678320.0,500.0,0.0,0.03,0.0,0.0
2026-04-03,55.9,55.9,55.3,55.7,25400,1414780.0,5800.0,100.0,0.32,0.01,0.0
2026-04-06,56.0,56.0,55.3,55.7,17700,985890.0,200.0,200.0,0.01,0.01,0.0
2026-04-07,55.6,55.6,55.2,55.5,12700,704850.0,1300.0,1200.0,0.07,0.07,0.0
2026-04-08,56.0,56.0,55.1,55.6,30400,1690240.0,1100.0,800.0,0.06,0.04,0.0
2026-04-09,56.6,56.6,55.5,55.6,30600,1701360.0,100.0,100.0,0.01,0.01,0.0
2026-04-10,55.7,55.7,55.5,55.5,24200,1343100.0,1100.0,0.0,0.06,0.0,0.0
