time,open,high,low,close,volume,value,foreign_buy_vol,foreign_sell_vol,foreign_buy_val,foreign_sell_val,foreign_room,foreign_ownership_pct,foreign_buy_value_bn,foreign_sell_value_bn
2008-06-30,31.19,31.19,31.19,31.19,220,6861.8,,,,,,,,
2008-07-01,30.28,30.28,30.28,30.28,70,2119.6,,,,,,,,
2008-07-02,29.43,29.43,29.43,29.43,20,588.6,,,,,,,,
2008-07-03,28.59,28.59,28.59,28.59,10,285.9,,,,,,,,
2008-07-04,27.74,27.74,27.74,27.74,10,277.4,,,,,,,,
2008-07-07,26.96,26.96,26.96,26.96,10,269.6,,,,,,,,
2008-07-08,26.96,26.96,26.96,26.96,0,0.0,,,,,,,,
2008-07-09,26.96,26.96,26.96,26.96,0,0.0,,,,,,,,
2008-07-10,26.18,26.18,26.18,26.18,10,261.8,,,,,,,,
2008-07-11,26.18,26.18,26.18,26.18,0,0.0,,,,,,,,
2008-07-14,25.4,25.4,25.4,25.4,10,254.0,,,,,,,,
2008-07-15,24.69,24.69,24.69,24.69,70,1728.3000000000002,,,,,,,,
2008-07-16,23.97,23.97,23.97,23.97,60,1438.1999999999998,,,,,,,,
2008-07-17,23.26,23.26,23.26,23.26,80,1860.8,,,,,,,,
2008-07-18,22.61,22.61,22.61,22.61,10,226.1,,,,,,,,
2008-07-21,22.09,22.09,22.09,22.09,100,2209.0,,,,,,,,
2008-07-22,22.09,22.09,22.09,22.09,0,0.0,,,,,,,,
2008-07-23,21.44,21.44,21.44,21.44,10,214.4,,,,,,,,
2008-07-24,20.86,20.86,20.86,20.86,10,208.6,,,,,,,,
2008-07-25,20.27,20.27,20.27,20.27,920,18648.4,,,,,,,,
2008-07-28,19.69,19.69,19.69,19.69,20,393.8,,,,,,,,
2008-07-29,19.1,19.1,19.1,19.1,10,191.0,,,,,,,,
2008-07-30,19.1,19.1,19.1,19.1,0,0.0,,,,,,,,
2008-07-31,18.58,18.58,18.58,18.58,10,185.8,,,,,,,,
2008-08-01,18.06,18.06,18.06,18.06,20,361.2,,,,,,,,
2008-08-04,17.54,17.54,17.54,17.54,20,350.79999999999995,,,,,,,,
2008-08-05,17.54,17.54,17.54,17.54,0,0.0,,,,,,,,
2008-08-06,17.02,17.02,17.02,17.02,10,170.2,,,,,,,,
2008-08-07,16.57,16.57,16.57,16.57,19620,325103.4,,,,,,,,
2008-08-08,16.11,16.11,16.11,16.11,15010,241811.1,,,,,,,,
2008-08-11,15.66,15.66,15.66,15.66,13950,218457.0,,,,,,,,
2008-08-12,15.2,15.2,15.2,15.2,310,4712.0,,,,,,,,
2008-08-13,14.75,14.75,14.75,14.75,14020,206795.0,,,,,,,,
2008-08-14,14.36,14.36,14.36,14.36,1180,16944.8,,,,,,,,
2008-08-15,13.97,13.97,13.97,13.97,34440,481126.8000000001,,,,,,,,
2008-08-18,13.32,13.32,13.32,13.32,790,10522.8,,,,,,,,
2008-08-19,12.67,12.67,12.67,12.67,1920,24326.4,,,,,,,,
2008-08-20,12.08,12.08,12.08,12.08,12410,149912.8,,,,,,,,
2008-08-21,11.5,11.5,11.5,11.5,410,4715.0,,,,,,,,
2008-08-22,10.98,10.98,10.98,10.98,3880,42602.4,,,,,,,,
2008-08-25,10.46,11.5,10.46,11.5,1185260,13630490.0,,,,,,,,
2008-08-26,12.02,12.02,12.02,12.02,210300,2527806.0,,,,,,,,
2008-08-27,12.6,12.6,12.6,12.6,73710,928746.0,,,,,,,,
2008-08-28,13.19,13.19,12.02,13.19,265520,3502208.8,,,,,,,,
2008-08-29,12.54,12.54,12.54,12.54,97850,1227039.0,,,,,,,,
2008-09-03,11.95,12.54,11.95,11.95,631710,7548934.5,,,,,,,,
2008-09-04,11.37,11.44,11.37,11.37,211600,2405892.0,,,,,,,,
2008-09-05,10.85,10.85,10.85,10.85,143310,1554913.5,,,,,,,,
2008-09-08,10.4,10.85,10.33,10.85,439970,4773674.5,,,,,,,,
2008-09-09,11.37,11.37,11.37,11.37,170800,1941996.0,,,,,,,,
2008-09-10,11.89,11.89,11.05,11.37,292400,3324588.0,,,,,,,,
2008-09-11,10.92,11.05,10.85,10.85,80610,874618.5,,,,,,,,
2008-09-12,10.33,10.33,10.33,10.33,55760,576000.8,,,,,,,,
2008-09-15,9.88,10.72,9.88,9.88,189790,1875125.2,,,,,,,,
2008-09-16,9.42,9.42,9.42,9.42,44820,422204.4,,,,,,,,
2008-09-17,8.97,8.97,8.97,8.97,12710,114008.7,,,,,,,,
2008-09-18,8.58,8.58,8.58,8.58,13620,116859.6,,,,,,,,
2008-09-19,8.58,8.97,8.58,8.97,80520,722264.4,,,,,,,,
2008-09-22,9.36,9.36,9.36,9.36,8310,77781.59999999999,,,,,,,,
2008-09-23,8.9,9.62,8.9,8.9,131790,1172931.0,,,,,,,,
2008-09-24,8.51,8.84,8.51,8.51,111980,952949.8,,,,,,,,
2008-09-25,8.12,8.51,8.12,8.12,197530,1603943.6,,,,,,,,
2008-09-26,8.51,8.51,7.73,8.45,111070,938541.5,,,,,,,,
2008-09-29,8.45,8.58,8.06,8.06,63950,515437.00000000006,,,,,,,,
2008-09-30,7.67,7.67,7.67,7.67,59510,456441.7,,,,,,,,
2008-10-01,7.47,7.8,7.34,7.41,205860,1525422.6,,,,,,,,
2008-10-02,7.73,7.73,7.54,7.73,108940,842106.2000000001,,,,,,,,
2008-10-03,7.6,7.93,7.6,7.93,87480,693716.4,,,,,,,,
2008-10-06,7.6,7.8,7.54,7.54,72030,543106.2,,,,,,,,
2008-10-07,7.21,7.21,7.21,7.21,11590,83563.9,,,,,,,,
2008-10-08,6.89,6.95,6.89,6.89,113950,785115.5,,,,,,,,
2008-10-09,6.63,6.89,6.56,6.56,182490,1197134.4,,,,,,,,
2008-10-10,6.24,6.24,6.24,6.24,139490,870417.6,,,,,,,,
2008-10-13,6.3,6.3,5.98,5.98,51440,307611.2,,,,,,,,
2008-10-14,6.24,6.24,6.24,6.24,119440,745305.6,,,,,,,,
2008-10-15,6.3,6.43,5.98,6.43,119790,770249.7,,,,,,,,
2008-10-16,6.17,6.3,6.17,6.17,32240,198920.8,,,,,,,,
2008-10-17,6.11,6.11,5.91,5.91,57040,337106.4,,,,,,,,
2008-10-20,5.78,5.91,5.72,5.78,53430,308825.4,,,,,,,,
2008-10-21,5.85,5.85,5.65,5.85,62360,364806.0,,,,,,,,
2008-10-22,5.78,5.85,5.78,5.85,25130,147010.5,,,,,,,,
2008-10-23,5.65,5.85,5.59,5.59,52990,296214.1,,,,,,,,
2008-10-24,5.59,5.59,5.46,5.52,28690,158368.8,,,,,,,,
2008-10-27,5.26,5.26,5.26,5.26,5320,27983.2,,,,,,,,
2008-10-28,5.0,5.0,5.0,5.0,16390,81950.0,,,,,,,,
2008-10-29,5.2,5.2,4.81,5.13,100830,517257.9,,,,,,,,
2008-10-30,5.07,5.2,5.0,5.0,55930,279650.0,,,,,,,,
2008-10-31,5.0,5.13,5.0,5.07,37480,190023.6,,,,,,,,
2008-11-03,5.0,5.07,4.87,4.87,45140,219831.8,,,,,,,,
2008-11-04,4.87,5.07,4.87,5.07,65200,330564.0,,,,,,,,
2008-11-05,5.26,5.26,5.2,5.26,51080,268680.8,,,,,,,,
2008-11-06,5.07,5.26,5.0,5.07,26270,133188.9,,,,,,,,
2008-11-07,4.87,5.0,4.87,4.87,91410,445166.7,,,,,,,,
2008-11-10,4.87,5.0,4.81,4.94,42110,208023.4,,,,,,,,
2008-11-11,4.74,4.81,4.74,4.74,56830,269374.2,,,,,,,,
2008-11-12,4.61,4.74,4.55,4.55,32150,146282.5,,,,,,,,
2008-11-13,4.55,4.68,4.35,4.55,96330,438301.5,,,,,,,,
2008-11-14,4.68,4.68,4.55,4.68,100000,468000.0,,,,,,,,
2008-11-17,4.68,4.68,4.55,4.61,37340,172137.40000000002,,,,,,,,
2008-11-18,4.55,4.81,4.55,4.74,82680,391903.2,,,,,,,,
2008-11-19,4.74,4.74,4.61,4.61,19570,90217.7,,,,,,,,
2008-11-20,4.48,4.55,4.42,4.42,50160,221707.2,,,,,,,,
2008-11-21,4.22,4.35,4.22,4.22,50330,212392.6,,,,,,,,
2008-11-24,4.35,4.35,4.16,4.22,26510,111872.2,,,,,,,,
2008-11-25,4.42,4.42,4.29,4.29,38220,163963.8,,,,,,,,
2008-11-26,4.29,4.35,4.09,4.09,55150,225563.5,,,,,,,,
2008-11-27,4.16,4.16,3.9,3.96,56710,224571.6,,,,,,,,
2008-11-28,4.09,4.16,4.09,4.16,41190,171350.4,,,,,,,,
2008-12-01,4.35,4.35,4.16,4.35,64260,279531.0,,,,,,,,
2008-12-02,4.22,4.22,4.16,4.16,32070,133411.2,,,,,,,,
2008-12-03,4.16,4.22,4.03,4.03,17660,71169.8,,,,,,,,
2008-12-04,4.09,4.16,3.96,4.16,23750,98800.0,,,,,,,,
2008-12-05,4.03,4.09,3.96,4.03,19680,79310.40000000001,,,,,,,,
2008-12-08,3.9,3.96,3.83,3.83,48460,185601.8,,,,,,,,
2008-12-09,3.83,3.9,3.77,3.83,18340,70242.2,,,,,,,,
2008-12-10,3.83,3.9,3.77,3.77,19780,74570.6,,,,,,,,
2008-12-11,3.83,3.83,3.64,3.64,25790,93875.6,,,,,,,,
2008-12-12,3.7,3.77,3.7,3.77,17780,67030.6,,,,,,,,
2008-12-15,3.9,3.9,3.64,3.77,19750,74457.5,,,,,,,,
2008-12-16,3.77,3.77,3.64,3.64,38930,141705.2,,,,,,,,
2008-12-17,3.7,3.7,3.57,3.57,6670,23811.9,,,,,,,,
2008-12-18,3.57,3.7,3.57,3.7,5630,20831.0,,,,,,,,
2008-12-19,3.77,3.77,3.57,3.77,7980,30084.6,,,,,,,,
2008-12-22,3.77,3.83,3.64,3.7,39860,147482.0,,,,,,,,
2008-12-23,3.64,3.7,3.57,3.64,33550,122122.0,,,,,,,,
2008-12-24,3.7,3.7,3.51,3.51,7210,25307.1,,,,,,,,
2008-12-25,3.57,3.57,3.51,3.57,6770,24168.9,,,,,,,,
2008-12-26,3.7,3.7,3.57,3.64,22080,80371.2,,,,,,,,
2008-12-29,3.57,3.64,3.57,3.64,13810,50268.4,,,,,,,,
2008-12-30,3.64,3.7,3.57,3.64,24100,87724.0,,,,,,,,
2008-12-31,3.57,3.7,3.57,3.64,33870,123286.8,,,,,,,,
2009-01-02,3.7,3.7,3.57,3.64,17950,65338.0,,,,,,,,
2009-01-05,3.64,3.77,3.64,3.77,68180,257038.6,,,,,,,,
2009-01-06,3.9,3.9,3.9,3.9,13280,51792.0,,,,,,,,
2009-01-07,4.09,4.09,4.09,4.09,14840,60695.6,,,,,,,,
2009-01-08,4.03,4.09,3.9,3.9,140230,546897.0,,,,,,,,
2009-01-09,3.9,3.96,3.9,3.96,30280,119908.8,,,,,,,,
2009-01-12,3.9,3.96,3.9,3.96,19840,78566.4,,,,,,,,
2009-01-13,3.9,3.96,3.83,3.9,31690,123591.0,,,,,,,,
2009-01-14,3.9,3.9,3.83,3.9,14560,56784.0,,,,,,,,
2009-01-15,3.83,3.83,3.77,3.77,9550,36003.5,,,,,,,,
2009-01-16,3.77,3.83,3.7,3.77,26750,100847.5,,,,,,,,
2009-01-19,3.77,3.83,3.7,3.83,28820,110380.6,,,,,,,,
2009-01-20,3.77,3.77,3.7,3.7,36480,134976.0,,,,,,,,
2009-01-21,3.7,3.77,3.64,3.7,20290,75073.0,,,,,,,,
2009-01-22,3.7,3.77,3.7,3.77,9200,34684.0,,,,,,,,
2009-01-23,3.77,3.9,3.64,3.77,4020,15155.4,,,,,,,,
2009-02-02,3.64,3.77,3.64,3.64,17650,64246.0,,,,,,,,
2009-02-03,3.57,3.64,3.51,3.51,41330,145068.3,,,,,,,,
2009-02-04,3.51,3.64,3.44,3.57,10170,36306.9,,,,,,,,
2009-02-05,3.64,3.7,3.51,3.51,14000,49140.0,,,,,,,,
2009-02-06,3.64,3.64,3.57,3.57,3720,13280.4,,,,,,,,
2009-02-09,3.64,3.64,3.51,3.51,8190,28746.9,,,,,,,,
2009-02-10,3.51,3.51,3.44,3.44,12410,42690.4,,,,,,,,
2009-02-11,3.38,3.44,3.31,3.31,29030,96089.3,,,,,,,,
2009-02-12,3.31,3.44,3.31,3.38,33660,113770.8,,,,,,,,
2009-02-13,3.31,3.38,3.31,3.38,13310,44987.8,,,,,,,,
2009-02-16,3.51,3.51,3.51,3.51,10160,35661.6,,,,,,,,
2009-02-17,3.64,3.64,3.64,3.64,4470,16270.8,,,,,,,,
2009-02-18,3.77,3.77,3.64,3.64,127540,464245.6,,,,,,,,
2009-02-19,3.7,3.77,3.7,3.77,63960,241129.2,,,,,,,,
2009-02-20,3.77,3.83,3.77,3.83,56810,217582.3,,,,,,,,
2009-02-23,3.83,3.83,3.7,3.7,79360,293632.0,,,,,,,,
2009-02-24,3.64,3.7,3.64,3.64,21890,79679.6,,,,,,,,
2009-02-25,3.77,3.77,3.7,3.77,50030,188613.1,,,,,,,,
2009-02-26,3.7,3.77,3.64,3.64,49550,180362.0,,,,,,,,
2009-02-27,3.7,3.77,3.64,3.7,23990,88763.0,,,,,,,,
2009-03-02,3.77,3.77,3.64,3.77,29960,112949.2,,,,,,,,
2009-03-03,3.7,3.77,3.64,3.7,18500,68450.0,,,,,,,,
2009-03-04,3.7,3.77,3.7,3.77,17380,65522.6,,,,,,,,
2009-03-05,3.77,3.77,3.7,3.77,33210,125201.7,,,,,,,,
2009-03-06,3.7,3.7,3.7,3.7,10100,37370.0,,,,,,,,
2009-03-09,3.77,3.77,3.64,3.77,16070,60583.9,,,,,,,,
2009-03-10,3.77,3.9,3.77,3.83,102530,392689.9,,,,,,,,
2009-03-11,3.96,3.96,3.9,3.9,94170,367263.0,,,,,,,,
2009-03-12,3.83,3.9,3.77,3.77,67300,253721.0,,,,,,,,
2009-03-13,3.77,3.83,3.77,3.83,28890,110648.7,,,,,,,,
2009-03-16,3.9,3.9,3.83,3.9,53480,208572.0,,,,,,,,
2009-03-17,3.96,4.09,3.96,4.09,174650,714318.5,,,,,,,,
2009-03-18,4.22,4.29,4.22,4.29,184570,791805.3,,,,,,,,
2009-03-19,4.42,4.48,4.09,4.09,201260,823153.4,,,,,,,,
2009-03-20,4.03,4.22,4.03,4.16,103370,430019.2,,,,,,,,
2009-03-23,4.16,4.22,4.09,4.09,71280,291535.2,,,,,,,,
2009-03-24,4.29,4.29,4.16,4.29,103550,444229.5,,,,,,,,
2009-03-25,4.22,4.48,4.16,4.42,116150,513383.0,,,,,,,,
2009-03-26,4.55,4.55,4.42,4.55,146910,668440.5,,,,,,,,
2009-03-27,4.68,4.68,4.55,4.61,120240,554306.4,,,,,,,,
2009-03-30,4.48,4.61,4.42,4.42,131170,579771.4,,,,,,,,
2009-03-31,4.42,4.61,4.42,4.61,141170,650793.7000000001,,,,,,,,
2009-04-01,4.81,4.81,4.81,4.81,39660,190764.6,,,,,,,,
2009-04-02,5.0,5.0,5.0,5.0,15480,77400.0,,,,,,,,
2009-04-03,5.2,5.2,5.2,5.2,45150,234780.0,,,,,,,,
2009-04-07,5.46,5.46,5.26,5.46,265870,1451650.2,,,,,,,,
2009-04-08,5.2,5.59,5.2,5.2,380280,1977456.0,,,,,,,,
2009-04-09,5.26,5.33,5.07,5.13,173650,890824.5,,,,,,,,
2009-04-10,5.33,5.33,5.26,5.33,256400,1366612.0,,,,,,,,
2009-04-13,5.33,5.59,5.33,5.59,301890,1687565.1,,,,,,,,
2009-04-14,5.72,5.78,5.52,5.78,232980,1346624.4,,,,,,,,
2009-04-15,5.59,5.78,5.52,5.52,80380,443697.6,,,,,,,,
2009-04-16,5.59,5.65,5.33,5.39,99720,537490.7999999999,,,,,,,,
2009-04-17,5.2,5.2,5.13,5.13,162820,835266.6,,,,,,,,
2009-04-20,4.94,4.94,4.94,4.94,28430,140444.2,,,,,,,,
2009-04-21,4.74,4.74,4.74,4.74,7650,36261.0,,,,,,,,
2009-04-22,4.61,4.87,4.55,4.55,282670,1286148.5,,,,,,,,
2009-04-23,4.48,4.74,4.48,4.74,163100,773094.0,,,,,,,,
2009-04-24,4.81,4.81,4.55,4.55,100740,458367.0,,,,,,,,
2009-04-27,4.55,4.68,4.55,4.55,69270,315178.5,,,,,,,,
2009-04-28,4.55,4.61,4.55,4.61,20710,95473.1,,,,,,,,
2009-04-29,4.55,4.74,4.48,4.61,48210,222248.1,,,,,,,,
2009-05-04,4.81,4.81,4.81,4.81,36340,174795.4,,,,,,,,
2009-05-05,5.0,5.0,4.81,4.81,89160,428859.6,,,,,,,,
2009-05-06,4.74,4.74,4.61,4.61,67560,311451.60000000003,,,,,,,,
2009-05-07,4.74,4.74,4.61,4.74,87490,414702.6,,,,,,,,
2009-05-08,4.61,4.81,4.55,4.81,347060,1669358.6,,,,,,,,
2009-05-11,5.0,5.0,5.0,5.0,107330,536650.0,,,,,,,,
2009-05-12,5.2,5.2,5.2,5.2,37410,194532.0,,,,,,,,
2009-05-13,5.46,5.46,5.46,5.46,18680,101992.8,,,,,,,,
2009-05-14,5.72,5.72,5.72,5.72,114860,656999.2,,,,,,,,
2009-05-15,5.98,5.98,5.98,5.98,35460,212050.8,,,,,,,,
2009-05-18,6.24,6.24,6.24,6.24,155140,968073.6,,,,,,,,
2009-05-19,6.5,6.5,6.5,6.5,25220,163930.0,,,,,,,,
2009-05-20,6.82,6.82,6.82,6.82,7030,47944.6,,,,,,,,
2009-05-21,7.15,7.15,7.15,7.15,30790,220148.5,,,,,,,,
2009-05-22,7.47,7.47,7.47,7.47,178770,1335411.9,,,,,,,,
2009-05-25,7.8,7.8,7.47,7.8,648320,5056896.0,,,,,,,,
2009-05-26,8.19,8.19,7.8,8.19,444370,3639390.3,,,,,,,,
2009-05-27,8.58,8.58,8.58,8.58,82940,711625.2,,,,,,,,
2009-05-28,8.97,8.97,8.97,8.97,70040,628258.8,,,,,,,,
2009-05-29,9.36,9.36,8.58,8.77,631360,5537027.2,,,,,,,,
2009-06-01,8.51,9.16,8.38,8.9,496050,4414845.0,,,,,,,,
2009-06-02,9.29,9.29,8.77,8.77,256340,2248101.8,,,,,,,,
2009-06-03,8.38,8.58,8.38,8.51,334900,2849999.0,,,,,,,,
2009-06-04,8.9,8.9,8.9,8.9,156870,1396143.0,,,,,,,,
2009-06-05,9.29,9.29,9.29,9.29,71630,665442.7,,,,,,,,
2009-06-08,9.75,9.75,9.75,9.75,63690,620977.5,,,,,,,,
2009-06-09,10.2,10.2,9.75,10.2,491400,5012280.0,,,,,,,,
2009-06-10,9.75,9.75,9.75,9.75,158990,1550152.5,,,,,,,,
2009-06-11,9.42,9.68,9.42,10.2,406360,4144872.0,,,,,,,,
2009-06-12,10.53,10.53,9.75,9.81,224120,2198617.2,,,,,,,,
2009-06-15,9.36,9.36,9.36,9.36,97770,915127.2,,,,,,,,
2009-06-16,8.9,8.9,8.9,8.9,34560,307584.0,,,,,,,,
2009-06-17,8.51,8.51,8.51,8.51,24370,207388.7,,,,,,,,
2009-06-18,8.9,8.9,8.19,8.51,236330,2011168.3,,,,,,,,
2009-06-19,8.51,8.71,8.12,8.12,146160,1186819.2,,,,,,,,
2009-06-22,7.8,7.93,7.73,7.73,156920,1212991.6,,,,,,,,
2009-06-23,7.41,7.41,7.41,7.41,21270,157610.7,,,,,,,,
2009-06-24,7.41,7.73,7.41,7.73,170970,1321598.1,,,,,,,,
2009-06-25,8.06,8.06,7.6,7.67,97560,748285.2,,,,,,,,
2009-06-26,7.67,7.8,7.34,7.6,61550,467780.0,,,,,,,,
2009-06-29,7.67,7.67,7.28,7.28,41430,301610.4,,,,,,,,
2009-06-30,7.21,7.21,6.95,6.95,110010,764569.5,,,,,,,,
2009-07-01,6.63,6.69,6.63,6.63,40410,267918.3,,,,,,,,
2009-07-02,6.63,6.95,6.43,6.82,98990,675111.8,,,,,,,,
2009-07-03,6.82,7.15,6.82,7.15,49480,353782.0,,,,,,,,
2009-07-06,7.47,7.47,7.47,7.47,42770,319491.9,,,,,,,,
2009-07-07,7.8,7.8,7.73,7.8,156010,1216878.0,,,,,,,,
2009-07-08,7.8,8.19,7.73,8.06,134070,1080604.2,,,,,,,,
2009-07-09,7.8,8.06,7.73,7.86,57250,449985.0,,,,,,,,
2009-07-10,7.67,7.67,7.47,7.54,85950,648063.0,,,,,,,,
2009-07-13,7.54,7.54,7.21,7.21,59100,426111.0,,,,,,,,
2009-07-14,7.28,7.28,6.89,7.02,42720,299894.4,,,,,,,,
2009-07-15,7.21,7.34,7.08,7.21,23220,167416.2,,,,,,,,
2009-07-16,7.54,7.54,7.15,7.34,17380,127569.2,,,,,,,,
2009-07-17,7.02,7.41,7.02,7.28,15540,113131.2,,,,,,,,
2009-07-20,7.02,7.02,6.95,6.95,34280,238246.0,,,,,,,,
2009-07-21,6.95,7.02,6.89,6.95,26980,187511.0,,,,,,,,
2009-07-22,7.08,7.08,6.95,7.02,30580,214671.6,,,,,,,,
2009-07-23,6.76,7.15,6.76,7.15,25660,183469.0,,,,,,,,
2009-07-24,7.47,7.47,7.47,7.47,32640,243820.8,,,,,,,,
2009-07-27,7.8,7.8,7.54,7.8,144310,1125618.0,,,,,,,,
2009-07-28,7.47,7.73,7.41,7.41,40330,298845.3,,,,,,,,
2009-07-29,7.28,7.6,7.28,7.28,25080,182582.4,,,,,,,,
2009-07-30,7.54,7.6,7.54,7.6,150310,1142356.0,,,,,,,,
2009-07-31,7.93,7.93,7.93,7.93,48270,382781.1,,,,,,,,
2009-08-03,8.32,8.32,7.93,8.06,327460,2639327.6,,,,,,,,
2009-08-04,7.99,8.12,7.93,7.93,92010,729639.2999999999,,,,,,,,
2009-08-05,7.86,7.93,7.73,7.8,94450,736710.0,,,,,,,,
2009-08-06,7.8,8.12,7.8,7.86,116530,915925.8,,,,,,,,
2009-08-07,7.73,7.93,7.73,7.86,112980,888022.8,,,,,,,,
2009-08-10,7.86,8.19,7.86,7.99,75090,599969.1,,,,,,,,
2009-08-11,7.99,8.12,7.93,8.12,170250,1382429.9999999998,,,,,,,,
2009-08-12,8.19,8.25,7.99,7.99,97490,778945.1,,,,,,,,
2009-08-13,8.25,8.38,8.12,8.38,193690,1623122.2000000002,,,,,,,,
2009-08-14,8.38,8.38,8.12,8.12,146490,1189498.7999999998,,,,,,,,
2009-08-17,7.93,8.12,7.86,7.93,50380,399513.4,,,,,,,,
2009-08-18,7.73,8.12,7.73,7.99,55890,446561.1,,,,,,,,
2009-08-19,7.99,8.12,7.99,8.06,84510,681150.6000000001,,,,,,,,
2009-08-20,8.12,8.12,7.99,8.06,76070,613124.2000000001,,,,,,,,
2009-08-21,8.06,8.38,8.06,8.06,178490,1438629.4,,,,,,,,
2009-08-24,8.19,8.19,7.99,8.06,94910,764974.6000000001,,,,,,,,
2009-08-25,8.12,8.12,7.86,7.99,54210,433137.9,,,,,,,,
2009-08-26,7.93,8.06,7.86,8.06,112100,903526.0,,,,,,,,
2009-08-27,8.12,8.38,8.06,8.32,93950,781664.0,,,,,,,,
2009-08-28,8.38,8.71,8.32,8.71,379880,3308754.8000000003,,,,,,,,
2009-08-31,8.84,9.1,8.84,8.84,257640,2277537.6,,,,,,,,
2009-09-01,8.58,8.64,8.45,8.58,205290,1761388.2,,,,,,,,
2009-09-03,8.64,8.64,8.32,8.64,103140,891129.6000000001,,,,,,,,
2009-09-04,8.64,9.03,8.58,8.64,337610,2916950.4000000004,,,,,,,,
2009-09-07,8.58,8.77,8.32,8.58,167910,1440667.8,,,,,,,,
2009-09-08,8.71,8.84,8.51,8.71,178720,1556651.2000000002,,,,,,,,
2009-09-09,9.1,9.1,8.97,9.1,398190,3623529.0,,,,,,,,
2009-09-10,9.55,9.55,9.36,9.55,775810,7408985.500000001,,,,,,,,
2009-09-11,9.55,9.62,9.1,9.23,234280,2162404.4,,,,,,,,
2009-09-14,9.1,9.23,8.97,9.23,197480,1822740.4,,,,,,,,
2009-09-15,9.1,9.1,8.84,8.9,164970,1468233.0,,,,,,,,
2009-09-16,8.9,8.97,8.77,8.77,195750,1716727.5,,,,,,,,
2009-09-17,8.9,8.9,8.71,8.77,150250,1317692.5,,,,,,,,
2009-09-18,8.71,8.84,8.71,8.77,108670,953035.9,,,,,,,,
2009-09-21,8.77,8.9,8.77,8.77,147950,1297521.5,,,,,,,,
2009-09-22,8.97,9.16,8.84,9.16,163750,1499950.0,,,,,,,,
2009-09-23,9.36,9.36,8.9,8.9,182590,1625051.0,,,,,,,,
2009-09-24,8.9,8.9,8.71,8.71,122040,1062968.4,,,,,,,,
2009-09-25,8.77,8.84,8.64,8.84,96260,850938.4,,,,,,,,
2009-09-28,8.84,8.9,8.58,8.64,167380,1446163.2000000002,,,,,,,,
2009-09-29,8.77,8.77,8.58,8.71,160130,1394732.3,,,,,,,,
2009-09-30,8.84,9.1,8.71,9.1,220330,2005003.0,,,,,,,,
2009-10-01,9.1,9.29,8.84,8.84,221190,1955319.6,,,,,,,,
2009-10-02,8.58,8.77,8.51,8.77,172630,1513965.1,,,,,,,,
2009-10-05,8.97,8.97,8.64,8.77,121690,1067221.3,,,,,,,,
2009-10-06,8.9,8.9,8.64,8.71,75880,660914.8,,,,,,,,
2009-10-07,8.71,8.84,8.64,8.64,174230,1505347.2000000002,,,,,,,,
2009-10-08,8.64,8.77,8.51,8.77,113940,999253.8,,,,,,,,
2009-10-09,8.77,8.84,8.71,8.77,169870,1489759.9,,,,,,,,
2009-10-12,8.97,9.16,8.97,9.16,311990,2857828.4,,,,,,,,
2009-10-13,9.29,9.29,8.9,9.03,193760,1749652.7999999998,,,,,,,,
2009-10-14,9.03,9.42,8.97,9.36,291010,2723853.6,,,,,,,,
2009-10-15,9.81,9.81,9.81,9.81,179980,1765603.8,,,,,,,,
2009-10-16,10.27,10.27,10.27,10.27,101880,1046307.6,,,,,,,,
2009-10-19,10.72,10.72,10.72,10.72,67130,719633.6000000001,,,,,,,,
2009-10-20,11.24,11.24,11.24,11.24,28040,315169.60000000003,,,,,,,,
2009-10-21,11.76,11.76,11.24,11.76,984560,11578425.6,,,,,,,,
2009-10-22,11.89,11.89,11.37,11.69,566810,6626008.899999999,,,,,,,,
2009-10-23,12.28,12.28,11.11,11.11,588550,6538790.5,,,,,,,,
2009-10-26,11.18,11.44,10.92,10.92,239140,2611408.8,,,,,,,,
2009-10-27,10.66,10.92,10.4,10.4,268090,2788136.0,,,,,,,,
2009-10-28,10.4,10.85,10.07,10.07,315650,3178595.5,,,,,,,,
2009-10-29,9.75,10.07,9.62,9.75,310310,3025522.5,,,,,,,,
2009-10-30,10.2,10.2,10.2,10.2,21190,216138.0,,,,,,,,
2009-11-02,10.66,10.66,10.53,10.66,521610,5560362.6,,,,,,,,
2009-11-03,11.11,11.18,10.59,11.18,593260,6632646.8,,,,,,,,
2009-11-04,11.31,11.44,10.66,10.72,213640,2290220.8000000003,,,,,,,,
2009-11-05,10.79,10.92,10.33,10.79,115780,1249266.2,,,,,,,,
2009-11-06,10.92,10.98,10.4,10.4,238880,2484352.0,,,,,,,,
2009-11-09,10.01,10.07,9.88,9.88,148930,1471428.4,,,,,,,,
2009-11-10,10.07,10.14,9.42,9.55,161850,1545667.5,,,,,,,,
2009-11-11,9.55,9.75,9.23,9.75,113150,1103212.5,,,,,,,,
2009-11-12,9.75,9.94,9.75,9.75,109470,1067332.5,,,,,,,,
2009-11-13,9.42,9.94,9.42,9.75,125480,1223430.0,,,,,,,,
2009-11-16,9.75,10.07,9.75,9.81,120340,1180535.4,,,,,,,,
2009-11-17,9.88,9.94,9.62,9.62,129030,1241268.6,,,,,,,,
2009-11-18,9.55,9.75,9.36,9.75,112130,1093267.5,,,,,,,,
2009-11-19,9.75,9.94,9.68,9.88,137790,1361365.2000000002,,,,,,,,
2009-11-20,9.88,10.33,9.88,10.33,327510,3383178.3,,,,,,,,
2009-11-23,10.4,10.72,10.2,10.27,239780,2462540.6,,,,,,,,
2009-11-24,10.4,10.4,9.81,9.81,74540,731237.4,,,,,,,,
2009-11-25,10.01,10.01,9.36,9.36,202600,1896336.0,,,,,,,,
2009-11-26,8.9,8.97,8.9,8.9,111140,989146.0,,,,,,,,
2009-11-27,8.51,9.29,8.51,8.9,201750,1795575.0,,,,,,,,
2009-11-30,8.9,9.29,8.84,8.97,105340,944899.8,,,,,,,,
2009-12-01,9.23,9.36,9.23,9.23,193710,1787943.3,,,,,,,,
2009-12-02,9.23,9.23,8.77,8.77,93740,822099.7999999999,,,,,,,,
2009-12-03,8.51,9.1,8.51,8.9,48330,430137.0,,,,,,,,
2009-12-04,8.97,9.1,8.9,8.97,57000,511290.00000000006,,,,,,,,
2009-12-07,8.97,9.16,8.97,9.1,92700,843570.0,,,,,,,,
2009-12-08,8.84,8.9,8.64,8.64,40250,347760.0,,,,,,,,
2009-12-09,8.32,8.45,8.25,8.25,90040,742830.0,,,,,,,,
2009-12-10,8.12,8.25,7.86,7.86,118090,928187.4,,,,,,,,
2009-12-11,7.6,7.8,7.47,7.47,74720,558158.4,,,,,,,,
2009-12-14,7.47,7.8,7.47,7.8,81550,636090.0,,,,,,,,
2009-12-15,8.06,8.06,7.6,7.6,46640,354464.0,,,,,,,,
2009-12-16,7.41,7.41,7.28,7.28,52080,379142.4,,,,,,,,
2009-12-17,6.95,7.54,6.95,6.95,91070,632936.5,,,,,,,,
2009-12-18,6.95,7.28,6.95,7.28,62910,457984.8,,,,,,,,
2009-12-21,7.6,7.6,7.41,7.6,41510,315476.0,,,,,,,,
2009-12-22,7.6,7.8,7.6,7.6,58260,442776.0,,,,,,,,
2009-12-23,7.6,7.73,7.6,7.67,52810,405052.7,,,,,,,,
2009-12-24,7.54,7.93,7.54,7.93,56400,447252.0,,,,,,,,
2009-12-25,8.12,8.32,7.86,8.32,120490,1002476.8,,,,,,,,
2009-12-28,8.32,8.45,7.99,8.32,62260,518003.2,,,,,,,,
2009-12-29,8.06,8.32,8.06,8.32,69460,577907.2000000001,,,,,,,,
2009-12-30,8.32,8.45,8.19,8.45,65750,555587.5,,,,,,,,
2009-12-31,8.45,8.58,8.32,8.51,101290,861977.9,,,,,,,,
2010-01-04,8.64,8.9,8.64,8.9,80470,716183.0,,,,,,,,
2010-01-05,9.23,9.29,8.84,8.97,83000,744510.0,,,,,,,,
2010-01-06,8.71,8.97,8.58,8.71,99590,867428.9000000001,,,,,,,,
2010-01-07,8.71,8.9,8.64,8.84,99480,879403.2,,,,,,,,
2010-01-08,9.03,9.03,8.45,8.45,83420,704898.9999999999,,,,,,,,
2010-01-11,8.45,8.45,8.25,8.32,62640,521164.8000000001,,,,,,,,
2010-01-12,8.25,8.32,7.99,7.99,96380,770076.2000000001,,,,,,,,
2010-01-13,7.86,8.32,7.67,8.32,40520,337126.4,,,,,,,,
2010-01-14,8.32,8.45,8.32,8.32,41460,344947.2,,,,,,,,
2010-01-15,8.32,8.32,7.99,8.12,32410,263169.19999999995,,,,,,,,
2010-01-18,8.12,8.12,7.73,7.73,75230,581527.9,,,,,,,,
2010-01-19,7.73,7.93,7.67,7.8,23250,181350.0,,,,,,,,
2010-01-20,7.93,7.99,7.67,7.93,41550,329491.5,,,,,,,,
2010-01-21,7.6,7.8,7.54,7.54,47320,356792.8,,,,,,,,
2010-01-22,7.54,7.54,7.28,7.34,19960,146506.4,,,,,,,,
2010-01-25,7.54,7.54,7.21,7.54,17480,131799.2,,,,,,,,
2010-01-26,7.73,7.86,7.6,7.86,50080,393628.8,,,,,,,,
2010-01-27,7.54,7.86,7.54,7.86,17130,134641.80000000002,,,,,,,,
2010-01-28,7.86,7.86,7.47,7.73,17230,133187.9,,,,,,,,
2010-01-29,7.8,7.8,7.47,7.8,10150,79170.0,,,,,,,,
2010-02-01,7.93,8.06,7.8,7.93,65670,520763.1,,,,,,,,
2010-02-02,8.32,8.32,8.19,8.32,147430,1226617.6,,,,,,,,
2010-02-03,8.64,8.64,8.32,8.58,143480,1231058.4,,,,,,,,
2010-02-04,8.32,8.58,8.25,8.32,79550,661856.0,,,,,,,,
2010-02-05,8.12,8.38,7.99,8.06,168170,1355450.2000000002,,,,,,,,
2010-02-08,8.06,8.32,7.73,8.06,64550,520273.00000000006,,,,,,,,
2010-02-09,7.86,7.93,7.8,7.86,52210,410370.6,,,,,,,,
2010-02-10,7.86,8.06,7.86,8.06,4640,37398.4,,,,,,,,
2010-02-11,7.93,8.12,7.8,7.86,87990,691601.4,,,,,,,,
2010-02-12,8.06,8.06,7.86,7.99,30580,244334.2,,,,,,,,
2010-02-22,8.19,8.19,7.86,7.86,26140,205460.4,,,,,,,,
2010-02-23,7.86,7.86,7.47,7.6,88640,673664.0,,,,,,,,
2010-02-24,7.6,7.6,7.54,7.6,71660,544616.0,,,,,,,,
2010-02-25,7.67,7.73,7.6,7.6,17770,135052.0,,,,,,,,
2010-02-26,7.6,7.73,7.6,7.73,62530,483356.9,,,,,,,,
2010-03-01,7.73,7.99,7.73,7.8,97750,762450.0,,,,,,,,
2010-03-02,7.8,7.8,7.73,7.8,61240,477672.0,,,,,,,,
2010-03-03,7.86,7.86,7.73,7.86,43780,344110.8,,,,,,,,
2010-03-04,7.93,8.06,7.8,7.93,168980,1340011.4,,,,,,,,
2010-03-05,7.99,8.32,7.86,8.32,184790,1537452.8,,,,,,,,
2010-03-08,8.71,8.71,8.71,8.71,52510,457362.1,,,,,,,,
2010-03-09,9.1,9.1,8.84,9.1,1108390,10086349.0,,,,,,,,
2010-03-10,9.1,9.23,8.71,9.03,300200,2710806.0,,,,,,,,
2010-03-11,8.84,9.1,8.71,8.77,183880,1612627.6,,,,,,,,
2010-03-12,9.03,9.16,8.97,9.16,457930,4194638.8,,,,,,,,
2010-03-15,9.49,9.62,9.29,9.49,520090,4935654.100000001,,,,,,,,
2010-03-16,9.49,9.49,9.03,9.03,194970,1760579.1,,,,,,,,
2010-03-17,8.97,8.97,8.64,8.64,348230,3008707.2,,,,,,,,
2010-03-18,8.64,8.84,8.64,8.84,170270,1505186.8,,,,,,,,
2010-03-19,8.77,9.03,8.77,8.97,144800,1298856.0,,,,,,,,
2010-03-22,8.97,8.97,8.64,8.71,243410,2120101.1,,,,,,,,
2010-03-23,8.58,8.77,8.51,8.51,178400,1518184.0,,,,,,,,
2010-03-24,8.71,8.9,8.51,8.9,378190,3365891.0,,,,,,,,
2010-03-25,8.84,8.84,8.51,8.51,218370,1858328.7,,,,,,,,
2010-03-26,8.51,8.71,8.45,8.58,94150,807807.0,,,,,,,,
2010-03-29,8.58,8.64,8.45,8.58,67330,577691.4,,,,,,,,
2010-03-30,8.58,8.9,8.58,8.71,434730,3786498.3,,,,,,,,
2010-03-31,8.77,8.9,8.64,8.71,349240,3041880.4000000004,,,,,,,,
2010-04-01,8.77,8.77,8.64,8.77,147140,1290417.8,,,,,,,,
2010-04-02,9.16,9.16,9.16,9.16,223170,2044237.2,,,,,,,,
2010-04-05,9.62,9.62,9.36,9.62,1167140,11227886.8,,,,,,,,
2010-04-06,9.68,9.75,9.36,9.62,425200,4090424.0,,,,,,,,
2010-04-07,9.36,9.55,9.23,9.36,293450,2746692.0,,,,,,,,
2010-04-08,9.36,9.62,9.23,9.29,319100,2964438.9999999995,,,,,,,,
2010-04-09,9.55,9.55,9.29,9.29,329610,3062076.9,,,,,,,,
2010-04-12,9.29,9.29,9.1,9.29,292390,2716303.1,,,,,,,,
2010-04-13,9.42,9.55,9.23,9.29,259970,2415121.3,,,,,,,,
2010-04-14,9.42,9.42,9.16,9.23,111630,1030344.9,,,,,,,,
2010-04-15,9.36,9.36,9.1,9.23,159720,1474215.6,,,,,,,,
2010-04-16,9.68,9.68,9.62,9.68,374180,3622062.4,,,,,,,,
2010-04-19,10.14,10.14,9.75,10.07,1154630,11627124.1,,,,,,,,
2010-04-20,9.81,9.88,9.62,9.62,658310,6332942.199999999,,,,,,,,
2010-04-21,9.75,9.81,9.62,9.75,358030,3490792.5,,,,,,,,
2010-04-22,9.68,9.81,9.49,9.55,277920,2654136.0,,,,,,,,
2010-04-26,9.49,9.68,9.49,9.49,170540,1618424.6,,,,,,,,
2010-04-27,9.42,9.55,9.36,9.36,364410,3410877.6,,,,,,,,
2010-04-28,9.23,9.75,9.23,9.55,509010,4861045.5,,,,,,,,
2010-04-29,9.75,9.75,9.55,9.68,217650,2106852.0,,,,,,,,
2010-05-04,10.01,10.01,9.81,9.88,318570,3147471.6,,,,,,,,
2010-05-05,9.75,9.81,9.62,9.62,240000,2308800.0,,,,,,,,
2010-05-06,9.75,9.88,9.62,9.88,443570,4382471.600000001,,,,,,,,
2010-05-07,9.75,10.07,9.55,10.01,951190,9521411.9,,,,,,,,
2010-05-10,10.46,10.46,10.2,10.46,960570,10047562.2,,,,,,,,
2010-05-11,10.98,10.98,10.2,10.33,373530,3858564.9,,,,,,,,
2010-05-12,10.01,10.07,9.88,9.88,333710,3297054.8000000003,,,,,,,,
2010-05-13,9.88,9.94,9.55,9.55,365380,3489379.0000000005,,,,,,,,
2010-05-14,9.75,9.75,9.36,9.49,202340,1920206.6,,,,,,,,
2010-05-17,9.75,9.75,9.16,9.23,416520,3844479.6,,,,,,,,
2010-05-18,9.23,9.36,9.16,9.16,163440,1497110.4,,,,,,,,
2010-05-19,9.23,9.23,8.77,8.77,269270,2361497.9,,,,,,,,
2010-05-20,8.38,8.77,8.38,8.77,472300,4142071.0,,,,,,,,
2010-05-21,8.38,8.58,8.38,8.38,226240,1895891.2,,,,,,,,
2010-05-24,8.38,8.64,8.19,8.45,134030,1132553.5,,,,,,,,
2010-05-25,8.32,8.51,8.32,8.32,186390,1550764.8,,,,,,,,
2010-05-26,8.45,8.71,8.32,8.58,190400,1633632.0,,,,,,,,
2010-05-27,8.45,8.58,8.38,8.38,270640,2267963.2,,,,,,,,
2010-05-28,8.77,8.77,8.64,8.77,275690,2417801.3,,,,,,,,
2010-05-31,8.77,8.84,8.51,8.58,127390,1093006.2,,,,,,,,
2010-06-01,8.64,8.77,8.45,8.77,172930,1516596.1,,,,,,,,
2010-06-02,8.64,8.84,8.58,8.77,155060,1359876.2,,,,,,,,
2010-06-03,9.03,9.03,8.84,8.9,201040,1789256.0,,,,,,,,
2010-06-04,9.29,9.29,9.29,9.29,180850,1680096.4999999998,,,,,,,,
2010-06-07,9.29,9.55,8.9,8.9,398290,3544781.0,,,,,,,,
2010-06-08,8.71,9.1,8.71,9.1,198780,1808898.0,,,,,,,,
2010-06-09,9.1,9.1,8.9,8.9,279320,2485948.0,,,,,,,,
2010-06-10,8.97,9.12,8.97,9.12,199410,1818619.2,,,,,,,,
2010-06-11,9.28,9.28,9.12,9.12,202740,1848988.8,,,,,,,,
2010-06-14,9.2,9.51,9.2,9.51,332970,3166544.7,,,,,,,,
2010-06-15,9.67,9.67,9.51,9.67,347320,3358584.4,,,,,,,,
2010-06-16,9.82,9.82,9.28,9.51,153950,1464064.5,,,,,,,,
2010-06-17,9.43,9.59,9.36,9.51,223180,2122441.8,,,,,,,,
2010-06-18,9.51,9.59,9.36,9.43,134860,1271729.8,,,,,,,,
2010-06-21,9.51,9.67,9.43,9.67,256680,2482095.6,,,,,,,,
2010-06-22,9.67,9.67,9.43,9.43,138950,1310298.5,,,,,,,,
2010-06-23,9.36,9.51,9.36,9.43,150190,1416291.7,,,,,,,,
2010-06-24,9.43,9.59,9.43,9.43,119850,1130185.5,,,,,,,,
2010-06-25,9.36,9.43,9.28,9.28,146580,1360262.4,,,,,,,,
2010-06-28,9.28,9.43,9.2,9.28,89870,833993.6,,,,,,,,
2010-06-29,9.28,9.36,9.12,9.12,235000,2143200.0,,,,,,,,
2010-06-30,8.97,9.12,8.89,8.97,263940,2367541.8000000003,,,,,,,,
2010-07-01,9.04,9.04,8.81,8.97,162250,1455382.5,,,,,,,,
2010-07-02,8.97,9.04,8.97,9.04,131840,1191833.6,,,,,,,,
2010-07-05,9.04,9.04,8.97,8.97,75210,674633.7000000001,,,,,,,,
2010-07-06,9.04,9.04,8.81,8.97,105720,948308.4,,,,,,,,
2010-07-07,8.97,9.04,8.81,8.89,103050,916114.5,,,,,,,,
2010-07-08,9.04,9.04,8.81,8.89,156340,1389862.6,,,,,,,,
2010-07-09,9.04,9.04,8.89,9.04,194240,1755929.6,,,,,,,,
2010-07-12,9.12,9.43,9.12,9.43,369920,3488345.6,,,,,,,,
2010-07-13,9.59,9.67,9.43,9.51,172380,1639333.8,,,,,,,,
2010-07-14,9.67,9.67,9.2,9.2,157640,1450288.0,,,,,,,,
2010-07-15,9.28,9.28,9.12,9.2,100690,926348.0,,,,,,,,
2010-07-16,9.12,9.28,9.12,9.12,146310,1334347.2,,,,,,,,
2010-07-19,9.2,9.36,9.12,9.36,176790,1654754.4,,,,,,,,
2010-07-20,9.36,9.51,9.2,9.28,229250,2127440.0,,,,,,,,
2010-07-21,9.43,9.67,9.36,9.67,1166460,11279668.2,,,,,,,,
2010-07-22,10.13,10.13,9.51,9.59,464760,4457048.4,,,,,,,,
2010-07-23,9.59,9.59,9.43,9.43,114060,1075585.8,,,,,,,,
2010-07-26,9.36,9.59,9.36,9.36,93000,870480.0,,,,,,,,
2010-07-27,9.36,9.43,9.12,9.12,324060,2955427.2,,,,,,,,
2010-07-28,9.12,9.12,8.81,8.89,321810,2860890.9000000004,,,,,,,,
2010-07-29,8.89,9.12,8.81,8.89,163500,1453515.0,,,,,,,,
2010-07-30,8.89,9.12,8.89,8.89,56470,502018.3000000001,,,,,,,,
2010-08-02,8.89,9.28,8.89,9.04,236340,2136513.6,,,,,,,,
2010-08-03,9.04,9.12,8.89,9.04,135890,1228445.6,,,,,,,,
2010-08-04,8.97,8.97,8.73,8.81,181060,1595138.6,,,,,,,,
2010-08-05,8.97,8.97,8.73,8.73,128720,1123725.6,,,,,,,,
2010-08-06,8.73,8.73,8.58,8.58,149800,1285284.0,,,,,,,,
2010-08-09,8.58,8.58,8.19,8.26,246350,2034851.0,,,,,,,,
2010-08-10,8.19,8.19,7.87,7.95,309190,2458060.5,,,,,,,,
2010-08-11,7.95,8.19,7.8,8.03,163500,1312905.0,,,,,,,,
2010-08-12,7.87,7.87,7.64,7.64,228940,1749101.6,,,,,,,,
2010-08-13,7.56,7.87,7.56,7.8,158890,1239342.0,,,,,,,,
2010-08-16,7.95,8.19,7.87,8.11,230390,1868462.9,,,,,,,,
2010-08-17,7.95,8.11,7.8,7.95,157050,1248547.5,,,,,,,,
2010-08-18,7.95,7.95,7.72,7.72,123500,953420.0,,,,,,,,
2010-08-19,7.72,7.87,7.64,7.8,173250,1351350.0,,,,,,,,
2010-08-20,7.8,7.8,7.64,7.8,135110,1053858.0,,,,,,,,
2010-08-23,7.72,7.8,7.72,7.72,46050,355506.0,,,,,,,,
2010-08-24,7.64,7.64,7.41,7.41,196480,1455916.8,,,,,,,,
2010-08-25,7.25,7.25,7.09,7.09,139800,991182.0,,,,,,,,
2010-08-26,7.09,7.17,6.86,7.02,112780,791715.6,,,,,,,,
2010-08-27,7.02,7.09,6.78,6.94,98050,680467.0,,,,,,,,
2010-08-30,7.25,7.25,7.25,7.25,80770,585582.5,,,,,,,,
2010-08-31,7.41,7.56,7.25,7.48,230620,1725037.6,,,,,,,,
2010-09-01,7.48,7.64,7.33,7.56,252300,1907388.0,,,,,,,,
2010-09-06,7.72,7.87,7.72,7.87,288230,2268370.1,,,,,,,,
2010-09-07,7.8,7.87,7.64,7.72,216400,1670608.0,,,,,,,,
2010-09-08,7.56,7.72,7.48,7.56,129320,977659.2,,,,,,,,
2010-09-09,7.64,7.8,7.56,7.72,269950,2084014.0,,,,,,,,
2010-09-10,7.64,7.72,7.41,7.41,194430,1440726.3,,,,,,,,
2010-09-13,7.33,7.48,7.17,7.25,100230,726667.5,,,,,,,,
2010-09-14,7.25,7.41,7.25,7.33,53510,392228.3,,,,,,,,
2010-09-15,7.17,7.41,7.17,7.17,84690,607227.3,,,,,,,,
2010-09-16,7.25,7.33,7.17,7.25,97150,704337.5,,,,,,,,
2010-09-17,7.41,7.48,7.33,7.48,134740,1007855.2,,,,,,,,
2010-09-20,7.64,7.64,7.48,7.48,151760,1135164.8,,,,,,,,
2010-09-21,7.64,7.64,7.25,7.25,57880,419630.0,,,,,,,,
2010-09-22,7.33,7.33,7.25,7.33,199970,1465780.1,,,,,,,,
2010-09-23,7.33,7.33,7.17,7.33,91150,668129.5,,,,,,,,
2010-09-24,7.33,7.33,7.17,7.25,69490,503802.5,,,,,,,,
2010-09-27,7.09,7.33,7.09,7.33,72450,531058.5,,,,,,,,
2010-09-28,7.33,7.41,7.17,7.17,85420,612461.4,,,,,,,,
2010-09-29,7.17,7.17,7.09,7.09,55250,391722.5,,,,,,,,
2010-09-30,7.09,7.17,7.02,7.09,93690,664262.1,,,,,,,,
2010-10-01,7.09,7.17,7.02,7.09,24650,174768.5,,,,,,,,
2010-10-04,7.09,7.09,6.86,6.86,137490,943181.4,,,,,,,,
2010-10-05,6.86,6.86,6.63,6.78,115520,783225.6,,,,,,,,
2010-10-06,6.86,7.02,6.86,6.94,99670,691709.8,,,,,,,,
2010-10-07,6.94,7.02,6.86,6.86,93580,641958.8,,,,,,,,
2010-10-08,6.86,7.02,6.86,6.86,79080,542488.8,,,,,,,,
2010-10-11,6.86,6.86,6.86,6.86,45280,310620.8,,,,,,,,
2010-10-12,6.78,6.86,6.7,6.78,53140,360289.2,,,,,,,,
2010-10-13,6.7,6.78,6.7,6.78,44600,302388.0,,,,,,,,
2010-10-14,6.78,6.86,6.7,6.7,51640,345988.0,,,,,,,,
2010-10-15,6.63,6.7,6.63,6.63,64530,427833.9,,,,,,,,
2010-10-18,6.63,6.63,6.55,6.55,74140,485617.0,,,,,,,,
2010-10-19,6.47,6.63,6.47,6.55,80180,525179.0,,,,,,,,
2010-10-20,6.55,6.55,6.31,6.31,95860,604876.6,,,,,,,,
2010-10-21,6.39,6.39,6.24,6.24,80610,503006.4,,,,,,,,
2010-10-22,6.16,6.31,6.16,6.16,53220,327835.2,,,,,,,,
2010-10-25,6.0,6.16,5.92,6.0,122280,733680.0,,,,,,,,
2010-10-26,6.16,6.24,6.16,6.24,73030,455707.2,,,,,,,,
2010-10-27,6.31,6.39,6.24,6.24,45650,284856.0,,,,,,,,
2010-10-28,6.24,6.31,6.16,6.16,60570,373111.2,,,,,,,,
2010-10-29,6.16,6.31,6.16,6.24,67860,423446.4,,,,,,,,
2010-11-01,6.24,6.31,6.16,6.24,63800,398112.0,,,,,,,,
2010-11-02,6.16,6.24,6.16,6.16,55550,342188.0,,,,,,,,
2010-11-03,6.16,6.16,6.0,6.0,145220,871320.0,,,,,,,,
2010-11-04,6.0,6.16,6.0,6.08,44820,272505.6,,,,,,,,
2010-11-05,6.16,6.31,6.16,6.24,122730,765835.2000000001,,,,,,,,
2010-11-08,6.24,6.24,6.0,6.16,21620,133179.2,,,,,,,,
2010-11-09,5.92,6.16,5.92,5.92,214460,1269603.2,,,,,,,,
2010-11-10,5.85,5.92,5.77,5.77,142410,821705.7,,,,,,,,
2010-11-11,5.61,5.69,5.54,5.61,76760,430623.6,,,,,,,,
2010-11-12,5.54,5.54,5.38,5.38,152810,822117.7999999999,,,,,,,,
2010-11-15,5.3,5.3,5.15,5.15,159540,821631.0,,,,,,,,
2010-11-16,4.99,5.07,4.91,4.91,212270,1042245.7,,,,,,,,
2010-11-17,4.83,5.15,4.83,5.15,121890,627733.5,,,,,,,,
2010-11-18,5.3,5.38,5.3,5.38,213910,1150835.8,,,,,,,,
2010-11-19,5.54,5.54,5.3,5.3,220710,1169763.0,,,,,,,,
2010-11-22,5.07,5.22,5.07,5.15,108050,556457.5,,,,,,,,
2010-11-23,5.15,5.3,5.15,5.3,64850,343705.0,,,,,,,,
2010-11-24,5.15,5.3,5.15,5.22,49180,256719.6,,,,,,,,
2010-11-25,5.22,5.46,5.22,5.3,101770,539381.0,,,,,,,,
2010-11-26,5.46,5.46,5.22,5.46,147200,803712.0,,,,,,,,
2010-11-29,5.3,5.54,5.3,5.54,98650,546521.0,,,,,,,,
2010-11-30,5.69,5.77,5.61,5.77,240020,1384915.4,,,,,,,,
2010-12-01,5.92,5.92,5.69,5.85,213380,1248273.0,,,,,,,,
2010-12-02,5.69,6.08,5.69,6.08,339520,2064281.6,,,,,,,,
2010-12-03,6.31,6.31,6.31,6.31,57950,365664.5,,,,,,,,
2010-12-06,6.63,6.63,6.31,6.63,340520,2257647.6,,,,,,,,
2010-12-07,6.63,6.94,6.55,6.55,720570,4719733.5,,,,,,,,
2010-12-08,6.39,6.63,6.24,6.24,404520,2524204.8000000003,,,,,,,,
2010-12-09,6.16,6.55,6.08,6.55,226070,1480758.5,,,,,,,,
2010-12-10,6.47,6.86,6.47,6.86,225580,1547478.8,,,,,,,,
2010-12-13,7.09,7.17,7.02,7.17,417350,2992399.5,,,,,,,,
2010-12-14,6.94,7.09,6.86,6.86,377900,2592394.0,,,,,,,,
2010-12-15,6.7,6.94,6.55,6.55,317950,2082572.5,,,,,,,,
2010-12-16,6.55,6.86,6.47,6.86,613670,4209776.2,,,,,,,,
2010-12-17,7.02,7.02,6.7,6.86,93650,642439.0,,,,,,,,
2010-12-20,6.86,6.94,6.63,6.63,159660,1058545.8,,,,,,,,
2010-12-21,6.55,6.7,6.39,6.55,182340,1194327.0,,,,,,,,
2010-12-22,6.55,6.63,6.31,6.31,234750,1481272.5,,,,,,,,
2010-12-23,6.24,6.47,6.16,6.24,129430,807643.2000000001,,,,,,,,
2010-12-24,6.08,6.47,6.08,6.31,112830,711957.2999999999,,,,,,,,
2010-12-27,6.31,6.39,6.24,6.31,58500,369135.0,,,,,,,,
2010-12-28,6.31,6.55,6.24,6.47,79370,513523.9,,,,,,,,
2010-12-29,6.47,6.55,6.24,6.24,77110,481166.4,,,,,,,,
2010-12-30,6.24,6.39,6.24,6.24,114260,712982.4,,,,,,,,
2010-12-31,6.24,6.47,6.16,6.31,118280,746346.7999999999,,,,,,,,
2011-01-04,6.31,6.47,6.39,6.47,66650,431225.5,,,,,,,,
2011-01-05,6.47,6.55,6.24,6.24,175870,1097428.8,,,,,,,,
2011-01-06,6.39,6.39,6.24,6.31,62010,391283.1,,,,,,,,
2011-01-07,6.31,6.39,6.31,6.31,39830,251327.3,,,,,,,,
2011-01-10,6.24,6.24,6.16,6.16,43580,268452.8,,,,,,,,
2011-01-11,6.24,6.24,5.92,6.0,129370,776220.0,,,,,,,,
2011-01-12,6.0,6.16,5.92,6.08,110090,669347.2,,,,,,,,
2011-01-13,6.16,6.24,6.08,6.08,60310,366684.8,,,,,,,,
2011-01-14,6.08,6.24,6.0,6.16,70630,435080.8,,,,,,,,
2011-01-17,6.16,6.31,6.16,6.16,81050,499268.0,,,,,,,,
2011-01-18,6.16,6.16,6.0,6.0,110530,663180.0,,,,,,,,
2011-01-19,6.08,6.16,6.0,6.0,37280,223680.0,,,,,,,,
2011-01-20,5.92,6.08,5.92,5.92,89720,531142.4,,,,,,,,
2011-01-21,6.0,6.08,5.92,6.0,62340,374040.0,,,,,,,,
2011-01-24,5.92,5.92,5.85,5.85,77510,453433.5,,,,,,,,
2011-01-25,5.85,5.85,5.69,5.77,84180,485718.6,,,,,,,,
2011-01-26,5.77,5.85,5.69,5.77,51700,298309.0,,,,,,,,
2011-01-27,5.85,5.92,5.85,5.85,38930,227740.5,,,,,,,,
2011-01-28,5.85,6.08,5.85,5.92,177570,1051214.4,,,,,,,,
2011-02-08,6.08,6.08,5.92,5.92,33820,200214.4,,,,,,,,
2011-02-09,6.08,6.08,5.92,5.92,62800,371776.0,,,,,,,,
2011-02-10,5.92,6.0,5.85,5.92,41120,243430.4,,,,,,,,
2011-02-11,5.85,6.0,5.85,6.0,52720,316320.0,,,,,,,,
2011-02-14,6.0,6.08,5.85,5.92,69870,413630.4,,,,,,,,
2011-02-15,5.77,6.0,5.69,5.77,156810,904793.7,,,,,,,,
2011-02-16,5.77,5.77,5.54,5.54,417700,2314058.0,,,,,,,,
2011-02-17,5.46,5.61,5.38,5.38,78300,421254.0,,,,,,,,
2011-02-18,5.46,5.46,5.22,5.22,196920,1027922.4,,,,,,,,
2011-02-21,5.22,5.22,4.99,4.99,130500,651195.0,,,,,,,,
2011-02-22,4.83,4.83,4.76,4.83,270570,1306853.1,,,,,,,,
2011-02-23,4.91,4.99,4.83,4.83,86760,419050.8,,,,,,,,
2011-02-24,4.83,4.91,4.68,4.76,125350,596666.0,,,,,,,,
2011-02-25,4.83,4.91,4.76,4.91,75780,372079.8,,,,,,,,
2011-02-28,4.99,5.07,4.76,4.76,124890,594476.4,,,,,,,,
2011-03-01,4.68,4.83,4.68,4.83,24070,116258.1,,,,,,,,
2011-03-02,4.76,4.83,4.6,4.68,161160,754228.7999999999,,,,,,,,
2011-03-03,4.68,4.68,4.6,4.68,41610,194734.8,,,,,,,,
2011-03-04,4.68,4.76,4.68,4.68,62590,292921.19999999995,,,,,,,,
2011-03-07,4.68,4.68,4.52,4.6,27500,126500.0,,,,,,,,
2011-03-08,4.6,4.76,4.6,4.76,157670,750509.2,,,,,,,,
2011-03-09,4.76,4.83,4.52,4.68,187890,879325.2,,,,,,,,
2011-03-10,4.91,4.91,4.91,4.91,158010,775829.1,,,,,,,,
2011-03-11,5.15,5.15,5.07,5.15,235180,1211177.0,,,,,,,,
2011-03-14,5.3,5.3,4.91,4.91,429850,2110563.5,,,,,,,,
2011-03-15,4.83,4.91,4.76,4.83,347900,1680357.0,,,,,,,,
2011-03-16,4.83,4.99,4.83,4.99,114210,569907.9,,,,,,,,
2011-03-17,4.99,5.07,4.91,4.91,91960,451523.6,,,,,,,,
2011-03-18,4.91,5.07,4.83,5.07,226380,1147746.6,,,,,,,,
2011-03-21,5.15,5.15,4.99,4.99,333180,1662568.2000000002,,,,,,,,
2011-03-22,4.91,5.07,4.83,4.91,372500,1828975.0,,,,,,,,
2011-03-23,4.83,4.99,4.83,4.91,222780,1093849.8,,,,,,,,
2011-03-24,4.91,4.99,4.83,4.83,327220,1580472.6,,,,,,,,
2011-03-25,4.91,4.91,4.83,4.91,171750,843292.5,,,,,,,,
2011-03-28,4.99,4.99,4.83,4.83,110000,531300.0,,,,,,,,
2011-03-29,4.83,4.91,4.68,4.83,211090,1019564.7,,,,,,,,
2011-03-30,4.76,4.83,4.68,4.83,133740,645964.2,,,,,,,,
2011-03-31,4.76,4.83,4.76,4.76,265940,1265874.4,,,,,,,,
2011-04-01,4.76,4.76,4.68,4.68,64050,299754.0,,,,,,,,
2011-04-04,4.6,4.68,4.6,4.6,180700,831219.9999999999,,,,,,,,
2011-04-05,4.6,4.68,4.52,4.6,84770,389942.0,,,,,,,,
2011-04-06,4.6,4.76,4.6,4.76,128680,612516.7999999999,,,,,,,,
2011-04-07,4.76,4.83,4.68,4.76,59010,280887.6,,,,,,,,
2011-04-08,4.76,4.83,4.68,4.76,115200,548352.0,,,,,,,,
2011-04-13,4.76,4.76,4.68,4.68,72950,341406.0,,,,,,,,
2011-04-14,4.68,4.76,4.68,4.68,137460,643312.7999999999,,,,,,,,
2011-04-15,4.68,4.68,4.52,4.52,240630,1087647.6,,,,,,,,
2011-04-18,4.44,4.52,4.37,4.44,104270,462958.8000000001,,,,,,,,
2011-04-19,4.37,4.52,4.29,4.29,253120,1085884.8,,,,,,,,
2011-04-20,4.21,4.37,4.21,4.21,177480,747190.8,,,,,,,,
2011-04-21,4.29,4.29,4.13,4.13,108650,448724.5,,,,,,,,
2011-04-22,4.13,4.21,3.98,3.98,147770,588124.6,,,,,,,,
2011-04-25,4.05,4.13,3.98,4.13,497220,2053518.6,,,,,,,,
2011-04-26,4.13,4.21,3.98,3.98,163750,651725.0,,,,,,,,
2011-04-27,4.05,4.13,3.9,4.05,165370,669748.5,,,,,,,,
2011-04-28,4.13,4.13,3.98,4.05,117290,475024.5,,,,,,,,
2011-04-29,4.05,4.05,3.98,3.98,163920,652401.6,,,,,,,,
2011-05-04,3.98,4.05,3.9,3.9,85310,332709.0,,,,,,,,
2011-05-05,3.9,3.98,3.9,3.9,233180,909402.0,,,,,,,,
2011-05-06,3.9,4.05,3.9,4.05,411660,1667223.0,,,,,,,,
2011-05-09,4.13,4.21,4.05,4.13,112950,466483.5,,,,,,,,
2011-05-10,4.05,4.21,4.05,4.13,113000,466690.0,,,,,,,,
2011-05-11,4.13,4.13,4.05,4.05,91100,368955.0,,,,,,,,
2011-05-12,4.05,4.13,3.98,4.05,150730,610456.5,,,,,,,,
2011-05-13,4.05,4.13,4.05,4.05,141570,573358.5,,,,,,,,
2011-05-16,4.13,4.13,3.98,4.05,87040,352512.0,,,,,,,,
2011-05-17,3.98,4.05,3.9,3.98,92810,369383.8,,,,,,,,
2011-05-18,3.98,3.98,3.82,3.98,126110,501917.8,,,,,,,,
2011-05-19,3.98,3.98,3.9,3.98,29760,118444.8,,,,,,,,
2011-05-20,3.98,3.98,3.9,3.9,72840,284076.0,,,,,,,,
2011-05-23,3.82,3.98,3.74,3.74,131780,492857.2,,,,,,,,
2011-05-24,3.74,3.74,3.59,3.59,190270,683069.2999999999,,,,,,,,
2011-05-25,3.51,3.51,3.43,3.43,150420,515940.6,,,,,,,,
2011-05-26,3.27,3.59,3.27,3.59,387610,1391519.9,,,,,,,,
2011-05-27,3.59,3.74,3.51,3.66,98600,360876.0,,,,,,,,
2011-05-30,3.66,3.66,3.51,3.51,44070,154685.69999999998,,,,,,,,
2011-05-31,3.35,3.51,3.35,3.43,85810,294328.3,,,,,,,,
2011-06-01,3.35,3.59,3.35,3.59,60510,217230.9,,,,,,,,
2011-06-02,3.59,3.74,3.59,3.74,389030,1454972.2000000002,,,,,,,,
2011-06-03,3.82,3.9,3.59,3.74,240820,900666.8,,,,,,,,
2011-06-06,3.74,3.74,3.59,3.59,117810,422937.9,,,,,,,,
2011-06-07,3.66,3.74,3.59,3.74,100450,375683.0,,,,,,,,
2011-06-08,3.74,3.74,3.59,3.59,112540,404018.6,,,,,,,,
2011-06-09,3.59,3.74,3.51,3.74,85830,321004.2,,,,,,,,
2011-06-10,3.74,3.9,3.74,3.82,388140,1482694.8,,,,,,,,
2011-06-13,3.82,3.98,3.82,3.98,400740,1594945.2,,,,,,,,
2011-06-14,4.13,4.13,3.98,4.13,840900,3472917.0,,,,,,,,
2011-06-15,4.05,4.13,3.98,3.98,261290,1039934.2,,,,,,,,
2011-06-16,4.13,4.13,4.05,4.13,597080,2465940.4,,,,,,,,
2011-06-17,4.29,4.29,4.21,4.29,1072410,4600638.9,,,,,,,,
2011-06-20,4.37,4.44,4.29,4.29,717260,3077045.4,,,,,,,,
2011-06-21,4.29,4.44,4.21,4.37,237220,1036651.4,,,,,,,,
2011-06-22,4.37,4.37,4.21,4.21,326280,1373638.8,,,,,,,,
2011-06-23,4.13,4.13,4.05,4.05,320330,1297336.5,,,,,,,,
2011-06-24,4.13,4.21,4.13,4.21,339820,1430642.2,,,,,,,,
2011-06-27,4.29,4.37,4.29,4.37,511110,2233550.7,,,,,,,,
2011-06-28,4.37,4.37,4.21,4.21,308770,1299921.7,,,,,,,,
2011-06-29,4.21,4.21,4.05,4.13,120530,497788.9,,,,,,,,
2011-06-30,4.13,4.21,4.05,4.05,100480,406944.0,,,,,,,,
2011-07-01,4.05,4.13,3.9,3.98,326850,1300863.0,,,,,,,,
2011-07-04,4.05,4.05,3.9,4.05,50770,205618.5,,,,,,,,
2011-07-05,4.13,4.21,4.05,4.13,106990,441868.7,,,,,,,,
2011-07-06,4.13,4.13,3.98,3.98,16760,66704.8,,,,,,,,
2011-07-07,4.05,4.05,3.98,3.98,80700,321186.0,,,,,,,,
2011-07-08,3.98,4.05,3.9,3.98,22030,87679.4,,,,,,,,
2011-07-11,4.05,4.05,3.9,3.9,97730,381147.0,,,,,,,,
2011-07-12,3.82,3.9,3.82,3.82,125900,480938.0,,,,,,,,
2011-07-13,3.9,3.9,3.82,3.82,32010,122278.2,,,,,,,,
2011-07-14,3.82,3.98,3.82,3.98,174520,694589.6,,,,,,,,
2011-07-15,4.05,4.05,3.9,3.98,78350,311833.0,,,,,,,,
2011-07-18,3.98,3.98,3.82,3.82,56120,214378.4,,,,,,,,
2011-07-19,3.9,3.9,3.82,3.9,47570,185523.0,,,,,,,,
2011-07-20,3.9,3.98,3.82,3.98,55160,219536.8,,,,,,,,
2011-07-21,3.98,3.98,3.9,3.98,47160,187696.8,,,,,,,,
2011-07-22,3.9,3.98,3.9,3.9,37090,144651.0,,,,,,,,
2011-07-25,3.9,3.9,3.82,3.82,92890,354839.8,,,,,,,,
2011-07-26,3.74,3.9,3.66,3.74,140320,524796.8,,,,,,,,
2011-07-27,3.74,3.82,3.66,3.82,47500,181450.0,,,,,,,,
2011-07-28,3.74,3.82,3.74,3.82,85420,326304.4,,,,,,,,
2011-07-29,3.82,3.82,3.66,3.74,67080,250879.2,,,,,,,,
2011-08-01,3.66,3.74,3.59,3.59,140230,503425.7,,,,,,,,
2011-08-02,3.59,3.66,3.51,3.51,97270,341417.69999999995,,,,,,,,
2011-08-03,3.51,3.51,3.35,3.43,74280,254780.4,,,,,,,,
2011-08-04,3.43,3.59,3.43,3.59,70700,253813.0,,,,,,,,
2011-08-05,3.51,3.74,3.51,3.66,85630,313405.8,,,,,,,,
2011-08-08,3.66,3.66,3.51,3.51,49770,174692.69999999998,,,,,,,,
2011-08-09,3.35,3.51,3.35,3.35,191600,641860.0,,,,,,,,
2011-08-10,3.43,3.51,3.35,3.35,47780,160063.0,,,,,,,,
2011-08-11,3.35,3.35,3.27,3.35,63940,214199.0,,,,,,,,
2011-08-12,3.43,3.51,3.35,3.43,119750,410742.5,,,,,,,,
2011-08-15,3.59,3.59,3.59,3.59,55750,200142.5,,,,,,,,
2011-08-16,3.74,3.74,3.74,3.74,64080,239659.2,,,,,,,,
2011-08-17,3.82,3.82,3.66,3.82,284000,1084880.0,,,,,,,,
2011-08-18,3.82,3.9,3.74,3.74,132510,495587.4,,,,,,,,
2011-08-19,3.9,3.9,3.74,3.82,356130,1360416.6,,,,,,,,
2011-08-22,3.74,3.98,3.74,3.98,152840,608303.2,,,,,,,,
2011-08-23,3.98,3.98,3.82,3.82,207230,791618.6,,,,,,,,
2011-08-24,3.98,3.98,3.82,3.82,112990,431621.8,,,,,,,,
2011-08-25,3.82,3.9,3.74,3.9,147610,575679.0,,,,,,,,
2011-08-26,3.9,3.98,3.82,3.98,122950,489341.0,,,,,,,,
2011-08-29,3.98,4.13,3.98,4.05,196380,795339.0,,,,,,,,
2011-08-30,4.13,4.21,3.98,4.05,291510,1180615.5,,,,,,,,
2011-08-31,4.05,4.05,3.98,3.98,183610,730767.8,,,,,,,,
2011-09-01,3.98,4.05,3.9,4.05,221900,898695.0,,,,,,,,
2011-09-05,3.98,4.05,3.9,3.9,157590,614601.0,,,,,,,,
2011-09-06,3.9,3.9,3.74,3.74,89880,336151.2,,,,,,,,
2011-09-07,3.9,3.9,3.82,3.9,189290,738231.0,,,,,,,,
2011-09-08,3.98,4.05,3.9,3.9,252360,984204.0,,,,,,,,
2011-09-09,3.9,4.05,3.82,4.05,625000,2531250.0,,,,,,,,
2011-09-12,4.13,4.21,4.13,4.21,401250,1689262.5,,,,,,,,
2011-09-13,4.37,4.37,4.37,4.37,78960,345055.2,,,,,,,,
2011-09-14,4.52,4.52,4.44,4.52,1004190,4538938.8,,,,,,,,
2011-09-15,4.52,4.52,4.37,4.37,852440,3725162.8,,,,,,,,
2011-09-16,4.37,4.37,4.21,4.21,338070,1423274.7,,,,,,,,
2011-09-19,4.05,4.21,4.05,4.13,362030,1495183.9,,,,,,,,
2011-09-20,3.98,4.13,3.98,3.98,466800,1857864.0,,,,,,,,
2011-09-21,3.9,4.13,3.9,4.05,350700,1420335.0,,,,,,,,
2011-09-22,4.13,4.21,3.98,4.13,175000,722750.0,,,,,,,,
2011-09-23,4.05,4.13,3.98,4.05,116170,470488.5,,,,,,,,
2011-09-26,4.05,4.05,3.9,3.9,270950,1056705.0,,,,,,,,
2011-09-27,3.9,4.05,3.9,3.98,118290,470794.2,,,,,,,,
2011-09-28,4.05,4.13,3.98,4.05,104550,423427.5,,,,,,,,
2011-09-29,4.05,4.05,3.9,3.9,119540,466206.0,,,,,,,,
2011-09-30,3.82,4.05,3.82,3.9,128120,499668.0,,,,,,,,
2011-10-03,3.98,3.98,3.74,3.9,88940,346866.0,,,,,,,,
2011-10-04,3.9,3.9,3.74,3.74,75600,282744.0,,,,,,,,
2011-10-05,3.9,3.9,3.82,3.82,91720,350370.4,,,,,,,,
2011-10-06,3.82,3.98,3.82,3.9,133700,521430.0,,,,,,,,
2011-10-07,3.82,3.9,3.82,3.9,82270,320853.0,,,,,,,,
2011-10-10,3.98,3.98,3.82,3.82,78300,299106.0,,,,,,,,
2011-10-11,3.9,3.9,3.82,3.82,30940,118190.8,,,,,,,,
2011-10-12,3.74,3.9,3.66,3.66,503730,1843651.8,,,,,,,,
2011-10-13,3.59,3.74,3.51,3.74,89440,334505.60000000003,,,,,,,,
2011-10-14,3.66,3.82,3.66,3.74,38220,142942.80000000002,,,,,,,,
2011-10-17,3.66,3.82,3.59,3.66,46940,171800.4,,,,,,,,
2011-10-18,3.66,3.66,3.51,3.51,150280,527482.7999999999,,,,,,,,
2011-10-19,3.59,3.59,3.43,3.59,88790,318756.1,,,,,,,,
2011-10-20,3.59,3.66,3.59,3.59,11910,42756.9,,,,,,,,
2011-10-21,3.51,3.74,3.51,3.66,38160,139665.6,,,,,,,,
2011-10-24,3.74,3.82,3.66,3.66,81320,297631.2,,,,,,,,
2011-10-25,3.66,3.66,3.59,3.66,52550,192333.0,,,,,,,,
2011-10-26,3.59,3.66,3.59,3.59,73750,264762.5,,,,,,,,
2011-10-27,3.74,3.74,3.59,3.59,80000,287200.0,,,,,,,,
2011-10-28,3.66,3.74,3.59,3.74,130250,487135.0,,,,,,,,
2011-10-31,3.82,3.9,3.74,3.74,208300,779042.0,,,,,,,,
2011-11-01,3.74,3.74,3.59,3.59,141080,506477.2,,,,,,,,
2011-11-02,3.51,3.59,3.51,3.51,111220,390382.2,,,,,,,,
2011-11-03,3.51,3.66,3.51,3.66,33000,120780.0,,,,,,,,
2011-11-04,3.74,3.74,3.51,3.59,27650,99263.5,,,,,,,,
2011-11-07,3.51,3.59,3.43,3.43,32280,110720.4,,,,,,,,
2011-11-08,3.51,3.51,3.35,3.51,50630,177711.3,,,,,,,,
2011-11-09,3.51,3.59,3.35,3.43,52340,179526.2,,,,,,,,
2011-11-10,3.35,3.43,3.27,3.35,155780,521863.0,,,,,,,,
2011-11-11,3.35,3.43,3.2,3.35,179200,600320.0,,,,,,,,
2011-11-14,3.35,3.43,3.2,3.2,116630,373216.0,,,,,,,,
2011-11-15,3.2,3.27,3.2,3.2,61390,196448.0,,,,,,,,
2011-11-16,3.2,3.35,3.2,3.27,68730,224747.1,,,,,,,,
2011-11-17,3.27,3.27,3.2,3.2,20110,64352.0,,,,,,,,
2011-11-18,3.2,3.2,3.04,3.12,56580,176529.6,,,,,,,,
2011-11-21,3.04,3.12,3.04,3.04,74560,226662.4,,,,,,,,
2011-11-22,3.04,3.12,3.04,3.12,49740,155188.80000000002,,,,,,,,
2011-11-23,3.12,3.2,3.12,3.2,26690,85408.0,,,,,,,,
2011-11-24,3.12,3.2,3.04,3.12,77290,241144.8,,,,,,,,
2011-11-25,3.12,3.2,3.04,3.12,32240,100588.8,,,,,,,,
2011-11-28,3.2,3.2,3.04,3.04,94690,287857.6,,,,,,,,
2011-11-29,3.04,3.12,3.04,3.12,38910,121399.2,,,,,,,,
2011-11-30,3.04,3.12,3.04,3.04,39120,118924.8,,,,,,,,
2011-12-01,3.12,3.12,3.04,3.04,47030,142971.2,,,,,,,,
2011-12-02,3.04,3.12,3.04,3.12,35130,109605.6,,,,,,,,
2011-12-05,3.27,3.27,3.12,3.27,170480,557469.6,,,,,,,,
2011-12-06,3.43,3.43,3.27,3.27,72440,236878.8,,,,,,,,
2011-12-07,3.2,3.2,3.2,3.2,33750,108000.0,,,,,,,,
2011-12-08,3.2,3.2,3.12,3.2,26900,86080.0,,,,,,,,
2011-12-09,3.2,3.2,3.04,3.12,34700,108264.0,,,,,,,,
2011-12-12,3.04,3.12,3.04,3.04,60120,182764.8,,,,,,,,
2011-12-13,3.04,3.04,2.96,3.04,40460,122998.4,,,,,,,,
2011-12-14,2.96,3.04,2.96,2.96,141130,417744.8,,,,,,,,
2011-12-15,2.88,3.04,2.88,2.88,91600,263808.0,,,,,,,,
2011-12-16,2.88,2.96,2.88,2.96,78870,233455.2,,,,,,,,
2011-12-19,3.04,3.04,2.88,2.88,23480,67622.4,,,,,,,,
2011-12-20,2.96,2.96,2.81,2.81,75440,211986.4,,,,,,,,
2011-12-21,2.73,2.88,2.73,2.73,64460,175975.8,,,,,,,,
2011-12-22,2.65,2.73,2.65,2.65,43250,114612.5,,,,,,,,
2011-12-23,2.57,2.65,2.57,2.57,58050,149188.5,,,,,,,,
2011-12-26,2.49,2.49,2.49,2.49,9200,22908.000000000004,,,,,,,,
2011-12-27,2.42,2.42,2.42,2.42,19900,48158.0,,,,,,,,
2011-12-28,2.34,2.49,2.34,2.42,182960,442763.2,,,,,,,,
2011-12-29,2.42,2.42,2.34,2.34,90610,212027.4,,,,,,,,
2011-12-30,2.34,2.42,2.26,2.34,138360,323762.4,,,,,,,,
2012-01-03,2.34,2.42,2.34,2.42,21940,53094.8,,,,,,,,
2012-01-04,2.42,2.49,2.34,2.42,83650,202433.0,,,,,,,,
2012-01-05,2.42,2.42,2.34,2.42,70460,170513.19999999998,,,,,,,,
2012-01-06,2.42,2.42,2.34,2.42,81640,197568.8,,,,,,,,
2012-01-09,2.34,2.42,2.34,2.42,60910,147402.19999999998,,,,,,,,
2012-01-10,2.49,2.49,2.49,2.49,93870,233736.3,,,,,,,,
2012-01-11,2.57,2.57,2.49,2.57,86410,222073.7,,,,,,,,
2012-01-12,2.57,2.57,2.49,2.49,16540,41184.600000000006,,,,,,,,
2012-01-13,2.42,2.49,2.42,2.42,151170,365831.4,,,,,,,,
2012-01-16,2.42,2.49,2.42,2.49,46480,115735.2,,,,,,,,
2012-01-17,2.49,2.49,2.42,2.49,22330,55601.7,,,,,,,,
2012-01-18,2.49,2.49,2.42,2.49,11820,29431.800000000003,,,,,,,,
2012-01-19,2.49,2.57,2.49,2.57,191480,492103.6,,,,,,,,
2012-01-20,2.57,2.65,2.57,2.65,82400,218360.0,,,,,,,,
2012-01-30,2.65,2.73,2.57,2.73,28430,77613.9,,,,,,,,
2012-01-31,2.65,2.65,2.65,2.65,39780,105417.0,,,,,,,,
2012-02-01,2.57,2.57,2.57,2.57,2100,5397.0,,,,,,,,
2012-02-02,2.49,2.57,2.49,2.49,492270,1225752.3,,,,,,,,
2012-02-03,2.57,2.57,2.42,2.49,219660,546953.4,,,,,,,,
2012-02-06,2.42,2.57,2.42,2.57,156190,401408.3,,,,,,,,
2012-02-07,2.57,2.65,2.49,2.57,110820,284807.4,,,,,,,,
2012-02-08,2.57,2.65,2.57,2.57,116240,298736.8,,,,,,,,
2012-02-09,2.49,2.57,2.49,2.49,110110,274173.9,,,,,,,,
2012-02-10,2.49,2.49,2.42,2.42,85940,207974.8,,,,,,,,
2012-02-13,2.34,2.42,2.34,2.34,58200,136188.0,,,,,,,,
2012-02-14,2.42,2.42,2.34,2.42,70400,170368.0,,,,,,,,
2012-02-15,2.42,2.42,2.42,2.42,13510,32694.2,,,,,,,,
2012-02-16,2.42,2.42,2.34,2.34,30620,71650.8,,,,,,,,
2012-02-17,2.42,2.42,2.42,2.42,48690,117829.8,,,,,,,,
2012-02-20,2.49,2.49,2.42,2.49,121640,302883.60000000003,,,,,,,,
2012-02-21,2.49,2.49,2.42,2.42,146130,353634.6,,,,,,,,
2012-02-22,2.42,2.49,2.34,2.49,161960,403280.4,,,,,,,,
2012-02-23,2.49,2.57,2.42,2.57,319020,819881.3999999999,,,,,,,,
2012-02-24,2.65,2.65,2.57,2.57,192080,493645.6,,,,,,,,
2012-02-27,2.57,2.65,2.57,2.65,175260,464439.0,,,,,,,,
2012-02-28,2.73,2.73,2.57,2.65,385640,1021946.0,,,,,,,,
2012-02-29,2.65,2.65,2.57,2.65,341770,905690.5,,,,,,,,
2012-03-01,2.65,2.65,2.57,2.65,108950,288717.5,,,,,,,,
2012-03-02,2.57,2.73,2.57,2.73,383120,1045917.6,,,,,,,,
2012-03-05,2.81,2.81,2.81,2.81,169170,475367.7,,,,,,,,
2012-03-06,2.88,2.88,2.73,2.88,934940,2692627.2,,,,,,,,
2012-03-07,2.96,2.96,2.81,2.96,630400,1865984.0,,,,,,,,
2012-03-08,2.88,2.96,2.88,2.88,294130,847094.4,,,,,,,,
2012-03-09,2.88,2.88,2.81,2.81,162290,456034.9,,,,,,,,
2012-03-12,2.81,2.81,2.73,2.73,97530,266256.9,,,,,,,,
2012-03-13,2.73,2.73,2.65,2.65,393000,1041450.0,,,,,,,,
2012-03-14,2.65,2.73,2.57,2.57,410240,1054316.8,,,,,,,,
2012-03-15,2.57,2.65,2.49,2.65,250680,664302.0,,,,,,,,
2012-03-16,2.73,2.73,2.65,2.73,343180,936881.4,,,,,,,,
2012-03-19,2.65,2.81,2.65,2.73,240190,655718.7,,,,,,,,
2012-03-20,2.73,2.81,2.65,2.73,197020,537864.6,,,,,,,,
2012-03-21,2.81,2.81,2.73,2.81,607490,1707046.9,,,,,,,,
2012-03-22,2.81,2.88,2.73,2.73,255260,696859.8,,,,,,,,
2012-03-23,2.73,2.81,2.73,2.81,663950,1865699.5,,,,,,,,
2012-03-26,2.88,2.88,2.81,2.88,576270,1659657.6,,,,,,,,
2012-03-27,2.96,2.96,2.88,2.96,829890,2456474.4,,,,,,,,
2012-03-28,2.96,3.04,2.88,2.88,504660,1453420.8,,,,,,,,
2012-03-29,2.88,2.96,2.81,2.81,332980,935673.8,,,,,,,,
2012-03-30,2.81,2.81,2.73,2.73,331270,904367.1,,,,,,,,
2012-04-03,2.73,2.81,2.65,2.73,515980,1408625.4,,,,,,,,
2012-04-04,2.73,2.81,2.65,2.65,252500,669125.0,,,,,,,,
2012-04-05,2.65,2.73,2.65,2.73,117130,319764.9,,,,,,,,
2012-04-06,2.73,2.81,2.65,2.81,189980,533843.8,,,,,,,,
2012-04-09,2.73,2.81,2.73,2.73,254300,694239.0,,,,,,,,
2012-04-10,2.73,2.81,2.73,2.73,289020,789024.6,,,,,,,,
2012-04-11,2.81,2.81,2.73,2.81,351260,987040.6,,,,,,,,
2012-04-12,2.81,2.88,2.81,2.81,362660,1019074.6,,,,,,,,
2012-04-13,2.81,2.88,2.81,2.81,496200,1394322.0,,,,,,,,
2012-04-16,2.81,2.88,2.81,2.88,497870,1433865.6,,,,,,,,
2012-04-17,2.96,2.96,2.96,2.96,322120,953475.2,,,,,,,,
2012-04-18,3.04,3.04,3.04,3.04,69550,211432.0,,,,,,,,
2012-04-19,3.12,3.12,3.12,3.12,75790,236464.8,,,,,,,,
2012-04-20,3.27,3.27,3.04,3.12,1609000,5020080.0,,,,,,,,
2012-04-23,3.12,3.2,3.04,3.12,443680,1384281.6,,,,,,,,
2012-04-24,3.12,3.2,3.04,3.2,217250,695200.0,,,,,,,,
2012-04-25,3.27,3.35,3.2,3.35,681770,2283929.5,,,,,,,,
2012-04-26,3.43,3.51,3.35,3.51,1038000,3643380.0,,,,,,,,
2012-04-27,3.66,3.66,3.66,3.66,254030,929749.8,,,,,,,,
2012-05-02,3.82,3.82,3.82,3.82,1660190,6341925.8,,,,,,,,
2012-05-03,3.98,3.98,3.98,3.98,360400,1434392.0,,,,,,,,
2012-05-04,4.13,4.13,4.13,4.13,56190,232064.7,,,,,,,,
2012-05-07,4.29,4.29,4.29,4.29,56620,242899.8,,,,,,,,
2012-05-08,4.44,4.44,4.44,4.44,90050,399822.00000000006,,,,,,,,
2012-05-09,4.6,4.6,4.6,4.6,160210,736966.0,,,,,,,,
2012-05-10,4.76,4.76,4.68,4.76,2483920,11823459.2,,,,,,,,
2012-05-11,4.83,4.99,4.6,4.68,2263180,10591682.4,,,,,,,,
2012-05-14,4.68,4.83,4.44,4.44,787450,3496278.0000000005,,,,,,,,
2012-05-15,4.29,4.6,4.29,4.37,636900,2783253.0,,,,,,,,
2012-05-16,4.37,4.52,4.21,4.37,1226800,5361116.0,,,,,,,,
2012-05-17,4.37,4.52,4.37,4.52,842360,3807467.2,,,,,,,,
2012-05-18,4.52,4.68,4.37,4.6,775800,3568679.9999999995,,,,,,,,
2012-05-21,4.68,4.76,4.68,4.76,429770,2045705.2,,,,,,,,
2012-05-22,4.6,4.76,4.52,4.52,465620,2104602.4,,,,,,,,
2012-05-23,4.37,4.37,4.37,4.37,17870,78091.90000000001,,,,,,,,
2012-05-24,4.21,4.21,4.21,4.21,8710,36669.1,,,,,,,,
2012-05-25,4.05,4.37,4.05,4.05,1430840,5794902.0,,,,,,,,
2012-05-28,4.13,4.13,3.9,3.9,811580,3165162.0,,,,,,,,
2012-05-29,3.9,3.9,3.74,3.82,353970,1352165.4,,,,,,,,
2012-05-30,3.9,3.98,3.9,3.98,88070,350518.6,,,,,,,,
2012-05-31,3.98,4.05,3.82,3.9,505690,1972191.0,,,,,,,,
2012-06-01,4.05,4.05,4.05,4.05,640730,2594956.5,,,,,,,,
2012-06-04,4.21,4.21,3.98,4.21,511200,2152152.0,,,,,,,,
2012-06-05,4.29,4.37,4.13,4.21,369900,1557279.0,,,,,,,,
2012-06-06,4.21,4.29,4.13,4.21,265820,1119102.2,,,,,,,,
2012-06-07,4.21,4.37,4.13,4.37,842520,3681812.4,,,,,,,,
2012-06-08,4.44,4.52,4.21,4.21,486470,2048038.7,,,,,,,,
2012-06-11,4.21,4.29,4.05,4.13,315920,1304749.6,,,,,,,,
2012-06-12,4.13,4.3,4.13,4.3,479700,2062710.0,,,,,,,,
2012-06-13,4.38,4.38,4.13,4.21,233100,981351.0,,,,,,,,
2012-06-14,4.21,4.3,4.13,4.13,152050,627966.5,,,,,,,,
2012-06-15,4.21,4.3,4.05,4.05,217070,879133.5,,,,,,,,
2012-06-18,4.13,4.21,4.05,4.13,245890,1015525.7,,,,,,,,
2012-06-19,4.21,4.21,3.97,3.97,269100,1068327.0,,,,,,,,
2012-06-20,3.97,4.05,3.97,4.05,167770,679468.5,,,,,,,,
2012-06-21,4.05,4.05,3.88,3.88,291710,1131834.8,,,,,,,,
2012-06-22,3.8,3.88,3.72,3.72,524100,1949652.0,,,,,,,,
2012-06-25,3.64,3.8,3.55,3.55,396220,1406581.0,,,,,,,,
2012-06-26,3.47,3.47,3.39,3.39,440590,1493600.1,,,,,,,,
2012-06-27,3.47,3.47,3.22,3.22,527320,1697970.4,,,,,,,,
2012-06-28,3.14,3.22,3.14,3.22,428950,1381219.0,,,,,,,,
2012-06-29,3.22,3.31,3.22,3.31,322710,1068170.1,,,,,,,,
2012-07-02,3.31,3.31,3.14,3.14,196840,618077.6,,,,,,,,
2012-07-03,3.06,3.14,3.06,3.06,267340,818060.4,,,,,,,,
2012-07-04,3.06,3.06,2.97,2.97,462490,1373595.3,,,,,,,,
2012-07-05,2.97,3.06,2.89,3.06,148850,455481.0,,,,,,,,
2012-07-06,3.14,3.14,3.14,3.14,30170,94733.8,,,,,,,,
2012-07-09,3.22,3.22,3.22,3.22,59760,192427.2,,,,,,,,
2012-07-10,3.22,3.31,3.14,3.14,419990,1318768.6,,,,,,,,
2012-07-11,3.14,3.14,3.06,3.14,422050,1325237.0,,,,,,,,
2012-07-12,3.14,3.22,3.14,3.22,126020,405784.4,,,,,,,,
2012-07-13,3.22,3.31,3.22,3.31,299080,989954.8,,,,,,,,
2012-07-16,3.39,3.47,3.31,3.39,653700,2216043.0,,,,,,,,
2012-07-17,3.31,3.55,3.31,3.55,292450,1038197.5,,,,,,,,
2012-07-18,3.47,3.55,3.39,3.47,367420,1274947.4,,,,,,,,
2012-07-19,3.47,3.64,3.39,3.64,726200,2643368.0,,,,,,,,
2012-07-20,3.64,3.8,3.55,3.55,721430,2561076.5,,,,,,,,
2012-07-23,3.47,3.64,3.39,3.64,514180,1871615.2,,,,,,,,
2012-07-24,3.55,3.55,3.47,3.47,225260,781652.2000000001,,,,,,,,
2012-07-25,3.31,3.47,3.31,3.31,532900,1763899.0,,,,,,,,
2012-07-26,3.31,3.47,3.22,3.39,126990,430496.1,,,,,,,,
2012-07-27,3.39,3.39,3.22,3.31,129920,430035.2,,,,,,,,
2012-07-30,3.31,3.31,3.22,3.22,114820,369720.4,,,,,,,,
2012-07-31,3.22,3.31,3.14,3.22,239070,769805.4,,,,,,,,
2012-08-01,3.22,3.31,3.14,3.22,124310,400278.2,,,,,,,,
2012-08-02,3.22,3.31,3.22,3.31,19540,64677.4,,,,,,,,
2012-08-03,3.22,3.31,3.22,3.22,127890,411805.8000000001,,,,,,,,
2012-08-06,3.22,3.31,3.22,3.31,169080,559654.8,,,,,,,,
2012-08-07,3.31,3.39,3.31,3.31,141020,466776.2,,,,,,,,
2012-08-08,3.39,3.39,3.31,3.39,144840,491007.6,,,,,,,,
2012-08-09,3.47,3.55,3.39,3.47,383730,1331543.1,,,,,,,,
2012-08-10,3.39,3.47,3.31,3.31,148500,491535.0,,,,,,,,
2012-08-13,3.31,3.39,3.22,3.31,187650,621121.5,,,,,,,,
2012-08-14,3.31,3.47,3.31,3.39,81090,274895.10000000003,,,,,,,,
2012-08-15,3.31,3.39,3.22,3.31,195370,646674.7,,,,,,,,
2012-08-16,3.31,3.39,3.22,3.31,86930,287738.3,,,,,,,,
2012-08-17,3.31,3.39,3.22,3.31,116690,386243.9,,,,,,,,
2012-08-20,3.22,3.39,3.22,3.31,152700,505437.0,,,,,,,,
2012-08-21,3.22,3.22,3.14,3.14,401820,1261714.8,,,,,,,,
2012-08-22,3.06,3.14,3.06,3.06,483630,1479907.8,,,,,,,,
2012-08-23,2.97,2.97,2.97,2.97,64560,191743.2,,,,,,,,
2012-08-24,2.89,3.06,2.89,2.97,573230,1702493.1,,,,,,,,
2012-08-27,2.89,2.97,2.89,2.89,187450,541730.5,,,,,,,,
2012-08-28,2.81,2.89,2.81,2.81,199480,560538.8,,,,,,,,
2012-08-29,2.81,2.89,2.73,2.89,369730,1068519.7,,,,,,,,
2012-08-30,2.81,2.89,2.81,2.81,252240,708794.4,,,,,,,,
2012-08-31,2.73,2.81,2.73,2.73,266170,726644.1,,,,,,,,
2012-09-04,2.73,2.81,2.73,2.73,74270,202757.1,,,,,,,,
2012-09-05,2.73,2.81,2.64,2.64,148480,391987.2,,,,,,,,
2012-09-06,2.64,2.64,2.56,2.56,105100,269056.0,,,,,,,,
2012-09-07,2.56,2.64,2.48,2.48,191480,474870.4,,,,,,,,
2012-09-10,2.48,2.48,2.4,2.4,293210,703704.0,,,,,,,,
2012-09-11,2.31,2.48,2.31,2.4,86210,206904.0,,,,,,,,
2012-09-12,2.4,2.48,2.4,2.48,113530,281554.4,,,,,,,,
2012-09-13,2.48,2.56,2.4,2.48,96530,239394.4,,,,,,,,
2012-09-14,2.56,2.56,2.48,2.56,158670,406195.2,,,,,,,,
2012-09-17,2.56,2.64,2.56,2.64,241540,637665.6,,,,,,,,
2012-09-18,2.64,2.64,2.56,2.56,113830,291404.8,,,,,,,,
2012-09-19,2.48,2.56,2.48,2.48,74420,184561.6,,,,,,,,
2012-09-20,2.48,2.48,2.4,2.48,267310,662928.8,,,,,,,,
2012-09-21,2.48,2.56,2.48,2.56,55640,142438.4,,,,,,,,
2012-09-24,2.48,2.56,2.48,2.48,76920,190761.6,,,,,,,,
2012-09-25,2.4,2.48,2.4,2.4,61800,148320.0,,,,,,,,
2012-09-26,2.4,2.48,2.4,2.4,15510,37224.0,,,,,,,,
2012-09-27,2.4,2.48,2.31,2.4,47590,114216.0,,,,,,,,
2012-09-28,2.4,2.4,2.31,2.4,44810,107544.0,,,,,,,,
2012-10-01,2.31,2.4,2.31,2.31,209670,484337.7,,,,,,,,
2012-10-02,2.31,2.31,2.23,2.23,161860,360947.8,,,,,,,,
2012-10-03,2.23,2.31,2.15,2.15,57080,122722.0,,,,,,,,
2012-10-04,2.15,2.23,2.15,2.15,58360,125474.0,,,,,,,,
2012-10-05,2.15,2.23,2.07,2.15,53090,114143.5,,,,,,,,
2012-10-08,2.15,2.23,2.15,2.23,143640,320317.2,,,,,,,,
2012-10-09,2.31,2.31,2.23,2.31,123210,284615.10000000003,,,,,,,,
2012-10-10,2.31,2.4,2.31,2.4,86480,207552.0,,,,,,,,
2012-10-11,2.48,2.48,2.48,2.48,126110,312752.8,,,,,,,,
2012-10-12,2.4,2.48,2.4,2.4,184950,443880.0,,,,,,,,
2012-10-15,2.31,2.4,2.31,2.31,63250,146107.5,,,,,,,,
2012-10-16,2.31,2.4,2.31,2.4,178440,428256.0,,,,,,,,
2012-10-17,2.48,2.48,2.31,2.4,126090,302616.0,,,,,,,,
2012-10-18,2.4,2.4,2.31,2.4,153540,368496.0,,,,,,,,
2012-10-19,2.31,2.4,2.31,2.31,158010,365003.1,,,,,,,,
2012-10-22,2.31,2.31,2.23,2.23,123410,275204.3,,,,,,,,
2012-10-23,2.31,2.31,2.15,2.15,118090,253893.5,,,,,,,,
2012-10-24,2.23,2.23,2.23,2.23,33240,74125.2,,,,,,,,
2012-10-25,2.31,2.31,2.31,2.31,56710,131000.1,,,,,,,,
2012-10-26,2.4,2.4,2.31,2.4,238600,572640.0,,,,,,,,
2012-10-29,2.31,2.4,2.31,2.31,144740,334349.4,,,,,,,,
2012-10-30,2.31,2.31,2.23,2.23,84040,187409.2,,,,,,,,
2012-10-31,2.23,2.31,2.15,2.23,85570,190821.1,,,,,,,,
2012-11-01,2.31,2.31,2.23,2.23,32350,72140.5,,,,,,,,
2012-11-02,2.15,2.23,2.15,2.15,253070,544100.5,,,,,,,,
2012-11-05,2.15,2.23,2.07,2.07,66280,137199.59999999998,,,,,,,,
2012-11-06,2.07,2.15,1.98,2.07,91080,188535.6,,,,,,,,
2012-11-07,2.07,2.15,2.07,2.15,50440,108446.0,,,,,,,,
2012-11-08,2.15,2.23,2.15,2.23,27780,61949.4,,,,,,,,
2012-11-09,2.23,2.23,2.15,2.23,37480,83580.4,,,,,,,,
2012-11-12,2.23,2.23,2.15,2.23,137410,306424.3,,,,,,,,
2012-11-13,2.23,2.31,2.15,2.15,83860,180299.0,,,,,,,,
2012-11-14,2.15,2.23,2.15,2.15,33420,71853.0,,,,,,,,
2012-11-15,2.23,2.23,2.15,2.23,76610,170840.3,,,,,,,,
2012-11-16,2.15,2.23,2.15,2.15,78710,169226.5,,,,,,,,
2012-11-19,2.15,2.23,2.15,2.15,89550,192532.5,,,,,,,,
2012-11-20,2.15,2.23,2.15,2.23,40250,89757.5,,,,,,,,
2012-11-21,2.15,2.23,2.15,2.23,60980,135985.4,,,,,,,,
2012-11-22,2.15,2.23,2.15,2.15,69490,149403.5,,,,,,,,
2012-11-23,2.15,2.15,2.07,2.15,178810,384441.5,,,,,,,,
2012-11-26,2.07,2.15,2.07,2.15,37390,80388.5,,,,,,,,
2012-11-27,2.07,2.15,2.07,2.07,19000,39330.0,,,,,,,,
2012-11-28,2.07,2.15,2.07,2.15,39090,84043.5,,,,,,,,
2012-11-29,2.07,2.15,2.07,2.15,38200,82130.0,,,,,,,,
2012-11-30,2.15,2.15,2.07,2.07,52380,108426.6,,,,,,,,
2012-12-03,2.15,2.15,2.07,2.07,136950,283486.5,,,,,,,,
2012-12-04,2.07,2.15,2.07,2.15,183950,395492.5,,,,,,,,
2012-12-05,2.23,2.23,2.23,2.23,219920,490421.6,,,,,,,,
2012-12-06,2.23,2.31,2.15,2.23,295770,659567.1,,,,,,,,
2012-12-07,2.23,2.31,2.23,2.23,96720,215685.6,,,,,,,,
2012-12-10,2.23,2.31,2.23,2.31,273910,632732.1,,,,,,,,
2012-12-11,2.4,2.4,2.4,2.4,374000,897600.0,,,,,,,,
2012-12-12,2.4,2.48,2.31,2.48,284080,704518.4,,,,,,,,
2012-12-13,2.4,2.48,2.4,2.4,245930,590232.0,,,,,,,,
2012-12-14,2.4,2.4,2.31,2.4,155910,374184.0,,,,,,,,
2012-12-17,2.4,2.4,2.31,2.31,194440,449156.4,,,,,,,,
2012-12-18,2.31,2.31,2.23,2.23,153370,342015.1,,,,,,,,
2012-12-19,2.23,2.31,2.23,2.31,104840,242180.4,,,,,,,,
2012-12-20,2.4,2.4,2.23,2.23,142580,317953.4,,,,,,,,
2012-12-21,2.23,2.31,2.23,2.31,117140,270593.4,,,,,,,,
2012-12-24,2.4,2.4,2.31,2.31,75270,173873.7,,,,,,,,
2012-12-25,2.4,2.4,2.31,2.4,185700,445680.0,,,,,,,,
2012-12-26,2.4,2.48,2.31,2.4,137800,330720.0,,,,,,,,
2012-12-27,2.4,2.48,2.4,2.48,465820,1155233.6,,,,,,,,
2012-12-28,2.48,2.56,2.48,2.56,332510,851225.6,,,,,,,,
2013-01-02,2.645,2.645,2.645,2.645,238200,630039.0,,,,,,,,
2013-01-03,2.727,2.727,2.562,2.645,786170,2079419.65,,,,,,,,
2013-01-04,2.645,2.727,2.562,2.645,416220,1100901.9,,,,,,,,
2013-01-07,2.727,2.727,2.562,2.727,495260,1350574.02,,,,,,,,
2013-01-08,2.645,2.727,2.645,2.645,580950,1536612.75,,,,,,,,
2013-01-09,2.645,2.727,2.562,2.562,452070,1158203.34,,,,,,,,
2013-01-10,2.562,2.562,2.479,2.562,377100,966130.2,,,,,,,,
2013-01-11,2.645,2.645,2.479,2.645,227450,601605.25,,,,,,,,
2013-01-14,2.562,2.727,2.562,2.645,275110,727665.95,,,,,,,,
2013-01-15,2.562,2.81,2.562,2.81,635390,1785445.9,,,,,,,,
2013-01-16,2.975,2.975,2.893,2.975,406570,1209545.75,,,,,,,,
2013-01-17,3.058,3.058,2.893,2.893,477290,1380799.97,,,,,,,,
2013-01-18,2.81,2.893,2.727,2.893,199840,578137.12,,,,,,,,
2013-01-21,2.81,2.81,2.727,2.727,310720,847333.44,,,,,,,,
2013-01-22,2.645,2.81,2.562,2.562,321650,824067.2999999999,,,,,,,,
2013-01-23,2.645,2.727,2.479,2.645,221990,587163.55,,,,,,,,
2013-01-24,2.645,2.727,2.479,2.727,210730,574660.71,,,,,,,,
2013-01-25,2.562,2.81,2.562,2.727,160240,436974.48,,,,,,,,
2013-01-28,2.645,2.81,2.562,2.645,252550,667994.75,,,,,,,,
2013-01-29,2.645,2.727,2.562,2.645,123140,325705.3,,,,,,,,
2013-01-30,2.562,2.727,2.562,2.645,90840,240271.8,,,,,,,,
2013-01-31,2.562,2.645,2.479,2.562,151080,387066.96,,,,,,,,
2013-02-01,2.479,2.562,2.479,2.562,259650,665223.2999999999,,,,,,,,
2013-02-04,2.562,2.562,2.479,2.479,319850,792908.15,,,,,,,,
2013-02-05,2.562,2.645,2.396,2.479,258770,641490.8300000001,,,,,,,,
2013-02-06,2.562,2.645,2.562,2.645,92570,244847.65,,,,,,,,
2013-02-07,2.645,2.645,2.479,2.479,117480,291232.92,,,,,,,,
2013-02-08,2.562,2.645,2.562,2.645,272840,721661.8,,,,,,,,
2013-02-18,2.727,2.81,2.727,2.81,457990,1286951.9,,,,,,,,
2013-02-19,2.893,2.893,2.727,2.81,506860,1424276.6,,,,,,,,
2013-02-20,2.727,2.81,2.727,2.81,311210,874500.1,,,,,,,,
2013-02-21,2.81,2.975,2.727,2.81,2034770,5717703.7,,,,,,,,
2013-02-22,2.893,2.975,2.727,2.81,657850,1848558.5,,,,,,,,
2013-02-25,2.81,2.975,2.81,2.893,186350,539110.5499999999,,,,,,,,
2013-02-26,2.893,2.893,2.727,2.727,404730,1103698.71,,,,,,,,
2013-02-27,2.645,2.727,2.562,2.727,149590,407931.93,,,,,,,,
2013-02-28,2.727,2.81,2.645,2.727,218780,596613.0599999999,,,,,,,,
2013-03-01,2.727,2.81,2.645,2.645,144900,383260.5,,,,,,,,
2013-03-04,2.562,2.727,2.479,2.479,307540,762391.66,,,,,,,,
2013-03-05,2.479,2.562,2.396,2.479,292280,724562.12,,,,,,,,
2013-03-06,2.562,2.562,2.479,2.562,147320,377433.84,,,,,,,,
2013-03-07,2.562,2.562,2.396,2.562,323220,828089.6399999999,,,,,,,,
2013-03-08,2.479,2.562,2.479,2.562,234040,599610.48,,,,,,,,
2013-03-11,2.479,2.645,2.479,2.645,335630,887741.35,,,,,,,,
2013-03-12,2.562,2.645,2.479,2.562,285250,730810.5,,,,,,,,
2013-03-13,2.562,2.562,2.479,2.562,464380,1189741.5599999998,,,,,,,,
2013-03-14,2.479,2.562,2.479,2.479,192900,478199.1,,,,,,,,
2013-03-15,2.562,2.645,2.562,2.645,1021590,2702105.55,,,,,,,,
2013-03-18,2.81,2.81,2.727,2.81,1077680,3028280.8000000003,,,,,,,,
2013-03-19,2.81,2.81,2.645,2.645,300650,795219.25,,,,,,,,
2013-03-20,2.645,2.727,2.562,2.645,407200,1077044.0,,,,,,,,
2013-03-21,2.645,2.727,2.562,2.645,165650,438144.25,,,,,,,,
2013-03-22,2.645,2.645,2.479,2.562,342490,877459.3799999999,,,,,,,,
2013-03-25,2.562,2.645,2.479,2.645,186060,492128.7,,,,,,,,
2013-03-26,2.645,2.727,2.562,2.562,102630,262938.06,,,,,,,,
2013-03-27,2.645,2.645,2.479,2.645,88940,235246.3,,,,,,,,
2013-03-28,2.645,2.645,2.479,2.479,256040,634723.16,,,,,,,,
2013-03-29,2.479,2.562,2.479,2.562,267240,684668.88,,,,,,,,
2013-04-01,2.562,2.645,2.479,2.645,412860,1092014.7,,,,,,,,
2013-04-02,2.645,2.645,2.479,2.562,319640,818917.6799999999,,,,,,,,
2013-04-03,2.562,2.645,2.479,2.479,368090,912495.11,,,,,,,,
2013-04-04,2.479,2.562,2.396,2.396,158850,380604.6,,,,,,,,
2013-04-05,2.479,2.562,2.396,2.479,328500,814351.5,,,,,,,,
2013-04-08,2.479,2.562,2.396,2.479,421000,1043659.0,,,,,,,,
2013-04-09,2.396,2.479,2.396,2.479,333970,827911.63,,,,,,,,
2013-04-10,2.479,2.562,2.396,2.396,197130,472323.48,,,,,,,,
2013-04-11,2.396,2.479,2.314,2.314,162390,375770.46,,,,,,,,
2013-04-12,2.396,2.396,2.314,2.396,300180,719231.28,,,,,,,,
2013-04-15,2.396,2.479,2.314,2.314,224260,518937.64,,,,,,,,
2013-04-16,2.314,2.396,2.232,2.396,507070,1214939.72,,,,,,,,
2013-04-17,2.396,2.396,2.232,2.396,356810,854916.76,,,,,,,,
2013-04-18,2.314,2.396,2.232,2.314,624290,1444607.06,,,,,,,,
2013-04-22,2.232,2.232,2.232,2.232,10570,23592.24,,,,,,,,
2013-04-23,2.149,2.149,2.149,2.149,23360,50200.64,,,,,,,,
2013-04-24,2.066,2.066,2.066,2.066,53100,109704.6,,,,,,,,
2013-04-25,1.984,2.066,1.984,1.984,39243840,77859778.56,,,,,,,,
2013-04-26,1.984,2.066,1.901,1.984,362970,720132.48,,,,,,,,
2013-05-02,1.984,1.984,1.901,1.984,113190,224568.96,,,,,,,,
2013-05-03,1.984,1.984,1.901,1.901,207760,394951.76,,,,,,,,
2013-05-06,1.984,1.984,1.984,1.984,440040,873039.36,,,,,,,,
2013-05-07,1.984,2.066,1.984,1.984,292940,581192.96,,,,,,,,
2013-05-08,1.984,2.066,1.984,1.984,237020,470247.68,,,,,,,,
2013-05-09,1.984,2.066,1.901,2.066,173290,358017.14,,,,,,,,
2013-05-10,2.066,2.066,1.984,1.984,289610,574586.24,,,,,,,,
2013-05-13,1.901,1.984,1.901,1.901,227650,432762.65,,,,,,,,
2013-05-14,1.901,1.984,1.818,1.901,89970,171032.97,,,,,,,,
2013-05-15,1.901,1.984,1.818,1.901,118200,224698.2,,,,,,,,
2013-05-16,1.901,1.901,1.818,1.901,178940,340164.94,,,,,,,,
2013-05-17,1.901,1.901,1.818,1.818,386320,702329.76,,,,,,,,
2013-05-20,1.818,1.901,1.818,1.818,47900,87082.2,,,,,,,,
2013-05-21,1.901,1.901,1.901,1.901,389530,740496.53,,,,,,,,
2013-05-22,1.984,1.984,1.984,1.984,304490,604108.16,,,,,,,,
2013-05-23,1.984,2.066,1.901,1.984,391320,776378.88,,,,,,,,
2013-05-24,1.984,1.984,1.901,1.984,247070,490186.88,,,,,,,,
2013-05-27,1.901,2.066,1.901,1.984,312620,620238.08,,,,,,,,
2013-05-28,1.984,2.066,1.901,1.984,261980,519768.32,,,,,,,,
2013-05-29,1.984,2.066,1.901,2.066,314750,650273.5,,,,,,,,
2013-05-30,1.984,2.066,1.984,1.984,102450,203260.8,,,,,,,,
2013-05-31,1.984,2.066,1.901,1.984,515030,1021819.52,,,,,,,,
2013-06-03,1.984,2.066,1.901,1.984,186100,369222.4,,,,,,,,
2013-06-04,1.984,2.066,1.901,1.901,288380,548210.38,,,,,,,,
2013-06-05,1.901,1.984,1.818,1.984,90860,180266.24,,,,,,,,
2013-06-06,1.901,1.984,1.901,1.984,47690,94616.96,,,,,,,,
2013-06-07,1.984,1.984,1.901,1.901,286400,544446.4,,,,,,,,
2013-06-10,1.901,1.984,1.901,1.901,123390,234564.39,,,,,,,,
2013-06-11,1.901,1.984,1.901,1.901,153170,291176.17,,,,,,,,
2013-06-12,1.901,1.984,1.901,1.984,289460,574288.64,,,,,,,,
2013-06-13,1.984,1.984,1.901,1.984,141770,281271.68,,,,,,,,
2013-06-14,1.984,2.066,1.901,1.984,200340,397474.56,,,,,,,,
2013-06-17,1.984,1.984,1.901,1.901,75390,143316.39,,,,,,,,
2013-06-18,1.901,1.984,1.901,1.901,155900,296365.9,,,,,,,,
2013-06-19,1.901,1.984,1.901,1.901,37190,70698.19,,,,,,,,
2013-06-20,1.984,1.984,1.901,1.984,44760,88803.84,,,,,,,,
2013-06-21,1.901,1.984,1.901,1.901,240410,457019.41,,,,,,,,
2013-06-24,1.901,1.984,1.818,1.901,21640,41137.64,,,,,,,,
2013-06-25,1.818,1.984,1.818,1.818,392620,713783.16,,,,,,,,
2013-06-26,1.818,1.901,1.818,1.901,27830,52904.83,,,,,,,,
2013-06-27,1.901,1.901,1.818,1.901,70350,133735.35,,,,,,,,
2013-06-28,1.901,1.901,1.818,1.818,85090,154693.62,,,,,,,,
2013-07-01,1.901,1.901,1.901,1.901,32990,62713.99,,,,,,,,
2013-07-02,1.984,1.984,1.984,1.984,61940,122888.96,,,,,,,,
2013-07-03,2.066,2.066,2.066,2.066,113210,233891.86,,,,,,,,
2013-07-04,2.149,2.149,2.149,2.149,94670,203445.83,,,,,,,,
2013-07-05,2.232,2.232,2.232,2.232,17780,39684.96000000001,,,,,,,,
2013-07-08,2.314,2.314,2.149,2.232,1552780,3465804.9600000004,,,,,,,,
2013-07-09,2.232,2.314,2.149,2.149,321340,690559.66,,,,,,,,
2013-07-10,2.232,2.232,2.066,2.149,81700,175573.3,,,,,,,,
2013-07-11,2.149,2.149,2.066,2.066,340950,704402.7,,,,,,,,
2013-07-12,2.066,2.149,1.984,2.066,300000,619800.0,,,,,,,,
2013-07-15,2.149,2.149,1.984,2.066,108980,225152.68,,,,,,,,
2013-07-16,2.066,2.066,1.984,2.066,315020,650831.32,,,,,,,,
2013-07-17,2.066,2.149,1.984,2.066,150440,310809.04,,,,,,,,
2013-07-18,2.066,2.149,1.984,2.066,124370,256948.42,,,,,,,,
2013-07-19,2.066,2.066,1.984,1.984,310600,616230.4,,,,,,,,
2013-07-22,2.066,2.066,2.066,2.066,194110,401031.26,,,,,,,,
2013-07-23,2.149,2.149,2.149,2.149,46000,98854.0,,,,,,,,
2013-07-24,2.232,2.232,2.149,2.149,1141380,2452825.62,,,,,,,,
2013-07-25,2.149,2.232,2.066,2.149,353050,758704.45,,,,,,,,
2013-07-26,2.149,2.232,2.066,2.149,67190,144391.31,,,,,,,,
2013-07-29,2.149,2.149,2.066,2.066,359640,743016.24,,,,,,,,
2013-07-30,2.149,2.149,2.149,2.149,480050,1031627.45,,,,,,,,
2013-07-31,2.149,2.232,2.066,2.232,242410,541059.12,,,,,,,,
2013-08-01,2.149,2.232,2.149,2.149,476310,1023590.19,,,,,,,,
2013-08-02,2.232,2.232,2.149,2.149,92870,199577.63,,,,,,,,
2013-08-05,2.149,2.232,2.066,2.232,618400,1380268.8,,,,,,,,
2013-08-06,2.314,2.314,2.314,2.314,748980,1733139.72,,,,,,,,
2013-08-07,2.396,2.396,2.396,2.396,189520,454089.92,,,,,,,,
2013-08-08,2.479,2.479,2.314,2.396,674110,1615167.5599999998,,,,,,,,
2013-08-09,2.314,2.396,2.232,2.314,267040,617930.56,,,,,,,,
2013-08-12,2.314,2.396,2.314,2.396,277540,664985.84,,,,,,,,
2013-08-13,2.232,2.314,2.232,2.232,1469480,3279879.3600000003,,,,,,,,
2013-08-14,2.149,2.149,2.149,2.149,110970,238474.53,,,,,,,,
2013-08-15,2.066,2.232,2.066,2.232,1017990,2272153.68,,,,,,,,
2013-08-16,2.232,2.232,2.149,2.149,459310,987057.19,,,,,,,,
2013-08-19,2.066,2.232,2.066,2.149,209410,450022.09,,,,,,,,
2013-08-20,2.149,2.232,2.149,2.149,200860,431648.14,,,,,,,,
2013-08-21,2.149,2.232,2.066,2.232,271500,605988.0,,,,,,,,
2013-08-22,2.149,2.232,2.149,2.149,211580,454685.42,,,,,,,,
2013-08-23,2.066,2.232,2.066,2.232,147970,330269.04000000004,,,,,,,,
2013-08-26,2.232,2.232,2.149,2.149,92740,199298.26,,,,,,,,
2013-08-27,2.149,2.232,2.066,2.149,70920,152407.08,,,,,,,,
2013-08-28,2.149,2.149,2.066,2.149,261210,561340.29,,,,,,,,
2013-08-29,2.149,2.232,2.066,2.149,78060,167750.94,,,,,,,,
2013-08-30,2.066,2.232,2.066,2.232,63830,142468.56000000003,,,,,,,,
2013-09-03,2.149,2.149,2.149,2.149,44780,96232.22,,,,,,,,
2013-09-04,2.066,2.149,2.066,2.066,62290,128691.13999999998,,,,,,,,
2013-09-05,2.149,2.149,2.066,2.066,17010,35142.66,,,,,,,,
2013-09-06,2.066,2.149,2.066,2.149,111910,240494.59,,,,,,,,
2013-09-09,2.066,2.232,2.066,2.066,347500,717935.0,,,,,,,,
2013-09-10,2.066,2.149,2.066,2.149,64450,138503.05,,,,,,,,
2013-09-11,2.149,2.149,2.066,2.149,176250,378761.25,,,,,,,,
2013-09-12,2.066,2.149,2.066,2.149,72410,155609.09,,,,,,,,
2013-09-13,2.149,2.149,2.066,2.149,82740,177808.26,,,,,,,,
2013-09-16,2.066,2.149,2.066,2.066,116450,240585.7,,,,,,,,
2013-09-17,2.066,2.066,1.984,2.066,50010,103320.66,,,,,,,,
2013-09-18,2.066,2.066,1.984,2.066,55840,115365.44,,,,,,,,
2013-09-19,2.066,2.066,1.984,2.066,146860,303412.75999999995,,,,,,,,
2013-09-20,2.066,2.066,1.984,1.984,64190,127352.96,,,,,,,,
2013-09-23,1.984,2.066,1.901,2.066,202740,418860.84,,,,,,,,
2013-09-24,2.066,2.149,2.066,2.149,289400,621920.6,,,,,,,,
2013-09-25,2.149,2.232,2.066,2.149,440670,946999.83,,,,,,,,
2013-09-26,2.149,2.232,2.149,2.149,7880,16934.12,,,,,,,,
2013-09-27,2.232,2.232,2.149,2.149,74610,160336.89,,,,,,,,
2013-09-30,2.232,2.232,2.149,2.232,276850,617929.2000000001,,,,,,,,
2013-10-01,2.314,2.314,2.232,2.314,916040,2119716.56,,,,,,,,
2013-10-02,2.314,2.396,2.232,2.396,365620,876025.52,,,,,,,,
2013-10-03,2.396,2.396,2.232,2.314,203280,470389.92,,,,,,,,
2013-10-04,2.232,2.396,2.232,2.396,369470,885250.12,,,,,,,,
2013-10-07,2.479,2.479,2.396,2.479,248510,616056.29,,,,,,,,
2013-10-08,2.479,2.645,2.314,2.645,589110,1558195.95,,,,,,,,
2013-10-09,2.81,2.81,2.81,2.81,379200,1065552.0,,,,,,,,
2013-10-10,2.975,2.975,2.893,2.975,1960100,5831297.5,,,,,,,,
2013-10-11,3.058,3.141,2.975,3.141,847230,2661149.43,,,,,,,,
2013-10-14,3.305,3.305,3.223,3.305,681910,2253712.5500000003,,,,,,,,
2013-10-15,3.388,3.471,3.388,3.471,652480,2264758.08,,,,,,,,
2013-10-16,3.636,3.636,3.305,3.305,2632850,8701569.25,,,,,,,,
2013-10-17,3.388,3.471,3.223,3.471,1654140,5741519.94,,,,,,,,
2013-10-18,3.471,3.554,3.305,3.305,1718030,5678089.15,,,,,,,,
2013-10-21,3.471,3.471,3.388,3.471,568760,1974165.96,,,,,,,,
2013-10-22,3.636,3.636,3.554,3.636,2460850,8947650.6,,,,,,,,
2013-10-23,3.802,3.885,3.719,3.885,1408750,5472993.75,,,,,,,,
2013-10-24,4.05,4.132,3.967,4.132,1981020,8185574.64,,,,,,,,
2013-10-25,4.215,4.297,3.967,4.05,1261160,5107698.0,,,,,,,,
2013-10-28,4.132,4.297,4.05,4.05,1418950,5746747.5,,,,,,,,
2013-10-29,4.132,4.132,3.885,3.967,1095580,4346165.86,,,,,,,,
2013-10-30,4.05,4.132,3.967,4.05,544480,2205144.0,,,,,,,,
2013-10-31,4.05,4.05,3.885,3.967,590580,2342830.86,,,,,,,,
2013-11-01,3.967,4.132,3.885,4.05,738150,2989507.5,,,,,,,,
2013-11-04,4.05,4.132,3.967,4.132,765020,3161062.64,,,,,,,,
2013-11-05,4.215,4.215,4.05,4.05,534480,2164644.0,,,,,,,,
2013-11-06,4.05,4.297,4.05,4.297,1441400,6193695.8,,,,,,,,
2013-11-07,4.463,4.545,4.38,4.545,1330590,6047531.55,,,,,,,,
2013-11-08,4.545,4.794,4.545,4.794,1137960,5455380.239999999,,,,,,,,
2013-11-11,5.041,5.124,4.959,5.124,2266750,11614827.0,,,,,,,,
2013-11-12,5.041,5.041,4.794,4.794,1531190,7340524.859999999,,,,,,,,
2013-11-13,4.794,5.124,4.794,5.124,1080870,5538377.88,,,,,,,,
2013-11-14,5.455,5.455,5.455,5.455,253980,1385460.9,,,,,,,,
2013-11-15,5.785,5.785,5.537,5.785,3593620,20789091.7,,,,,,,,
2013-11-18,5.703,6.033,5.703,5.868,1024190,6009946.92,,,,,,,,
2013-11-19,6.198,6.198,6.198,6.198,583550,3616842.9,,,,,,,,
2013-11-20,6.612,6.612,6.529,6.612,855790,5658483.48,,,,,,,,
2013-11-21,7.025,7.025,6.612,6.859,2198830,15081774.97,,,,,,,,
2013-11-22,7.025,7.273,6.942,7.273,1732240,12598581.52,,,,,,,,
2013-11-25,7.768,7.768,7.686,7.768,1708440,13271161.92,,,,,,,,
2013-11-26,7.768,8.265,7.768,8.265,1721220,14225883.3,,,,,,,,
2013-11-27,8.843,8.843,7.851,8.677,1613210,13997823.17,,,,,,,,
2013-11-28,8.099,8.513,8.099,8.099,1497660,12129548.34,,,,,,,,
2013-11-29,7.604,7.851,7.604,7.604,1454780,11062147.12,,,,,,,,
2013-12-02,7.107,7.107,7.107,7.107,493860,3509863.02,,,,,,,,
2013-12-03,6.612,7.604,6.612,7.604,3945330,30000289.32,,,,,,,,
2013-12-04,7.851,7.851,7.107,7.107,1109740,7886922.180000001,,,,,,,,
2013-12-05,6.612,6.612,6.612,6.612,225440,1490609.28,,,,,,,,
2013-12-06,6.198,6.198,6.198,6.198,262500,1626975.0,,,,,,,,
2013-12-09,5.785,6.281,5.785,5.785,4204380,24322338.3,,,,,,,,
2013-12-10,5.868,6.115,5.785,6.115,1578000,9649470.0,,,,,,,,
2013-12-11,6.115,6.115,5.703,5.785,1405640,8131627.4,,,,,,,,
2013-12-12,5.62,5.703,5.455,5.455,1764690,9626383.95,,,,,,,,
2013-12-13,5.289,5.785,5.289,5.785,1205550,6974106.75,,,,,,,,
2013-12-16,5.95,6.115,5.95,6.115,962070,5883058.05,,,,,,,,
2013-12-17,6.364,6.529,6.281,6.364,1838610,11700914.04,,,,,,,,
2013-12-18,6.281,6.446,6.033,6.198,1139280,7061257.44,,,,,,,,
2013-12-19,6.446,6.612,6.198,6.198,1132860,7021466.28,,,,,,,,
2013-12-20,6.281,6.364,5.868,5.868,1353270,7940988.36,,,,,,,,
2013-12-23,5.868,6.115,5.785,5.95,913800,5437110.0,,,,,,,,
2013-12-24,5.95,5.95,5.785,5.868,600350,3522853.8000000003,,,,,,,,
2013-12-25,5.868,6.198,5.868,6.198,1256540,7788034.920000001,,,,,,,,
2013-12-26,6.198,6.364,6.033,6.115,438170,2679409.5500000003,,,,,,,,
2013-12-27,6.115,6.115,5.703,5.868,915330,5371156.44,,,,,,,,
2013-12-30,5.785,5.868,5.537,5.537,945260,5233904.62,,,,,,,,
2013-12-31,5.455,5.868,5.455,5.868,598620,3512702.16,,,,,,,,
2014-01-02,5.95,5.95,5.703,5.785,606510,3508660.35,,,,,,,,
2014-01-03,5.785,5.868,5.703,5.785,428510,2478930.35,,,,,,,,
2014-01-06,5.703,6.033,5.703,6.033,666250,4019486.250000001,,,,,,,,
2014-01-07,6.115,6.115,5.868,5.868,424680,2492022.24,,,,,,,,
2014-01-08,5.785,6.033,5.785,5.95,379530,2258203.5,,,,,,,,
2014-01-09,5.95,6.364,5.785,6.198,1075930,6668614.140000001,,,,,,,,
2014-01-10,6.198,6.612,6.198,6.281,2367010,14867189.81,,,,,,,,
2014-01-13,6.364,6.446,6.281,6.281,575490,3614652.69,,,,,,,,
2014-01-14,6.281,6.364,6.198,6.198,359560,2228552.8800000004,,,,,,,,
2014-01-15,6.198,6.281,6.033,6.198,1220230,7562985.54,,,,,,,,
2014-01-16,6.198,6.281,6.033,6.033,770930,4651020.69,,,,,,,,
2014-01-17,6.115,6.198,5.95,5.95,583400,3471230.0,,,,,,,,
2014-01-20,5.95,6.115,5.62,5.785,760400,4398914.0,,,,,,,,
2014-01-21,5.785,5.95,5.703,5.785,614390,3554246.15,,,,,,,,
2014-01-22,5.785,6.115,5.62,6.033,1721890,10388162.37,,,,,,,,
2014-01-23,6.033,6.033,5.868,5.868,194040,1138626.72,,,,,,,,
2014-01-24,5.868,5.95,5.785,5.868,203300,1192964.4,,,,,,,,
2014-01-27,5.703,5.95,5.703,5.785,350780,2029262.3,,,,,,,,
2014-02-06,5.785,6.115,5.785,6.033,873030,5266989.99,,,,,,,,
2014-02-07,6.033,6.198,5.95,5.95,560090,3332535.5,,,,,,,,
2014-02-10,5.95,6.364,5.95,6.198,2033590,12604190.82,,,,,,,,
2014-02-11,6.281,6.612,6.281,6.446,2717590,17517585.14,,,,,,,,
2014-02-12,6.612,6.859,6.612,6.859,1226790,8414552.61,,,,,,,,
2014-02-13,7.273,7.273,7.107,7.273,3349870,24363604.51,,,,,,,,
2014-02-14,7.273,7.521,7.025,7.355,2094510,15405121.05,,,,,,,,
2014-02-17,7.273,7.438,7.025,7.107,1897190,13483329.33,,,,,,,,
2014-02-18,7.025,7.438,7.025,7.355,2397680,17634936.400000002,,,,,,,,
2014-02-19,7.438,7.438,7.19,7.273,1070900,7788655.699999999,,,,,,,,
2014-02-20,7.355,7.438,6.777,6.777,2653600,17983447.2,,,,,,,,
2014-02-21,6.695,6.777,6.364,6.612,1314420,8690945.040000001,,,,,,,,
2014-02-24,6.612,6.777,6.529,6.777,902290,6114819.33,,,,,,,,
2014-02-25,6.612,6.777,6.529,6.612,1047670,6927194.04,,,,,,,,
2014-02-26,6.612,7.025,6.529,7.025,2122860,14913091.5,,,,,,,,
2014-02-27,7.273,7.438,6.942,6.942,2140640,14860322.88,,,,,,,,
2014-02-28,6.942,7.355,6.859,7.355,2769180,20367318.9,,,,,,,,
2014-03-03,7.355,7.355,6.942,6.942,1586470,11013274.74,,,,,,,,
2014-03-04,6.942,7.19,6.777,7.107,884720,6287705.04,,,,,,,,
2014-03-05,7.273,7.355,7.025,7.355,1771100,13026440.5,,,,,,,,
2014-03-06,7.355,7.604,7.273,7.438,2292670,17052879.46,,,,,,,,
2014-03-07,7.438,7.604,7.355,7.438,2053880,15276759.44,,,,,,,,
2014-03-10,7.438,7.934,7.438,7.768,1979580,15377377.44,,,,,,,,
2014-03-11,7.686,7.851,7.521,7.604,1357120,10319540.48,,,,,,,,
2014-03-12,7.521,7.686,7.355,7.355,1926870,14172128.85,,,,,,,,
2014-03-13,7.438,7.686,7.355,7.604,1332870,10135143.48,,,,,,,,
2014-03-14,7.604,7.686,7.355,7.521,1202330,9042723.93,,,,,,,,
2014-03-17,7.604,7.686,7.438,7.521,1329700,10000673.7,,,,,,,,
2014-03-18,7.604,7.851,7.438,7.604,1826500,13888706.0,,,,,,,,
2014-03-19,7.521,7.768,7.521,7.604,1367450,10398089.8,,,,,,,,
2014-03-20,7.768,7.768,7.438,7.438,1328980,9884953.24,,,,,,,,
2014-03-21,7.521,7.604,7.438,7.438,959700,7138248.6,,,,,,,,
2014-03-24,7.604,7.934,7.521,7.934,2177120,17273270.080000002,,,,,,,,
2014-03-25,8.182,8.182,7.686,7.686,1895360,14567736.96,,,,,,,,
2014-03-26,7.768,7.768,7.19,7.273,1760830,12806516.59,,,,,,,,
2014-03-27,7.273,7.355,7.025,7.355,873390,6423783.45,,,,,,,,
2014-03-28,7.355,7.521,7.19,7.273,535710,3896218.83,,,,,,,,
2014-03-31,7.521,7.521,7.273,7.273,995820,7242598.859999999,,,,,,,,
2014-04-01,7.273,7.273,6.777,6.859,714260,4899109.34,,,,,,,,
2014-04-02,7.025,7.025,6.529,6.695,762160,5102661.2,,,,,,,,
2014-04-03,6.777,6.942,6.695,6.942,623760,4330141.92,,,,,,,,
2014-04-04,7.025,7.025,6.695,6.777,519420,3520109.34,,,,,,,,
2014-04-07,6.777,6.942,6.695,6.942,379850,2636918.7,,,,,,,,
2014-04-08,6.859,7.107,6.859,6.942,577910,4011851.22,,,,,,,,
2014-04-10,6.942,7.107,6.942,6.942,400780,2782214.76,,,,,,,,
2014-04-11,6.777,6.942,6.777,6.942,315940,2193255.48,,,,,,,,
2014-04-14,6.859,7.025,6.695,6.777,366650,2484787.0500000003,,,,,,,,
2014-04-15,6.695,6.777,6.446,6.446,557360,3592742.56,,,,,,,,
2014-04-16,6.281,6.529,6.033,6.281,870710,5468929.51,,,,,,,,
2014-04-17,6.281,6.446,6.281,6.281,382510,2402545.31,,,,,,,,
2014-04-18,6.281,6.281,5.868,5.868,1264600,7420672.800000001,,,,,,,,
2014-04-21,5.868,5.868,5.537,5.537,884480,4897365.76,,,,,,,,
2014-04-22,5.703,5.868,5.455,5.868,413230,2424833.64,,,,,,,,
2014-04-23,5.785,5.95,5.703,5.785,455940,2637612.9,,,,,,,,
2014-04-24,5.703,5.785,5.537,5.703,273860,1561823.58,,,,,,,,
2014-04-25,5.703,5.785,5.62,5.703,321500,1833514.5,,,,,,,,
2014-04-28,5.703,5.703,5.372,5.372,371810,1997363.32,,,,,,,,
2014-04-29,5.289,5.372,5.124,5.206,343510,1788313.06,,,,,,,,
2014-05-05,5.206,5.289,4.876,4.876,505430,2464476.68,,,,,,,,
2014-05-06,4.876,4.876,4.545,4.711,796480,3752217.28,,,,,,,,
2014-05-07,4.794,4.794,4.545,4.628,170640,789721.92,,,,,,,,
2014-05-08,4.545,4.545,4.38,4.38,642230,2812967.4,,,,,,,,
2014-05-09,4.215,4.38,4.132,4.215,512740,2161199.1,,,,,,,,
2014-05-12,4.132,4.132,3.967,3.967,239340,949461.78,,,,,,,,
2014-05-13,3.718,3.8,3.718,3.718,580500,2158299.0,,,,,,,,
2014-05-14,3.471,3.967,3.471,3.802,1081860,4113231.72,,,,,,,,
2014-05-15,3.802,4.05,3.719,3.967,1575410,6249651.47,,,,,,,,
2014-05-16,3.967,4.215,3.967,4.215,989740,4171754.1,,,,,,,,
2014-05-19,4.215,4.463,4.05,4.463,862420,3848980.46,,,,,,,,
2014-05-20,4.38,4.711,4.38,4.711,942440,4439834.84,,,,,,,,
2014-05-21,4.794,4.959,4.711,4.959,1129960,5603471.64,,,,,,,,
2014-05-22,5.041,5.206,4.876,4.876,1816500,8857254.0,,,,,,,,
2014-05-23,4.876,5.041,4.711,4.876,709400,3459034.4000000004,,,,,,,,
2014-05-26,4.876,4.959,4.628,4.959,685020,3397014.18,,,,,,,,
2014-05-27,4.959,5.289,4.959,5.289,1298250,6866444.25,,,,,,,,
2014-05-28,5.455,5.537,5.289,5.455,701580,3827118.9,,,,,,,,
2014-05-29,5.289,5.455,5.124,5.124,983630,5040120.12,,,,,,,,
2014-05-30,5.041,5.206,4.959,5.041,604130,3045419.33,,,,,,,,
2014-06-02,5.124,5.124,4.794,4.876,569920,2778929.9200000004,,,,,,,,
2014-06-03,4.876,5.124,4.876,4.959,366080,1815390.72,,,,,,,,
2014-06-04,4.959,5.041,4.711,4.794,445830,2137309.02,,,,,,,,
2014-06-05,4.794,5.041,4.711,4.959,417140,2068597.26,,,,,,,,
2014-06-06,4.959,5.124,4.959,5.124,465110,2383223.64,,,,,,,,
2014-06-09,5.206,5.372,5.124,5.206,947830,4934402.98,,,,,,,,
2014-06-10,5.124,5.206,5.041,5.041,269740,1359759.34,,,,,,,,
2014-06-11,5.124,5.206,4.959,5.124,265620,1361036.88,,,,,,,,
2014-06-12,5.124,5.206,5.041,5.041,494350,2492018.35,,,,,,,,
2014-06-13,5.041,5.124,5.041,5.041,330480,1665949.6800000002,,,,,,,,
2014-06-16,5.041,5.124,5.041,5.124,122660,628509.84,,,,,,,,
2014-06-17,5.041,5.289,5.041,5.289,562200,2973475.8,,,,,,,,
2014-06-18,5.372,5.62,5.372,5.62,2003150,11257703.0,,,,,,,,
2014-06-19,5.62,5.703,5.289,5.537,1160170,6423861.29,,,,,,,,
2014-06-20,5.537,5.703,5.372,5.62,391360,2199443.2,,,,,,,,
2014-06-23,5.62,5.62,5.289,5.289,758190,4010066.91,,,,,,,,
2014-06-24,5.206,5.537,5.206,5.455,510560,2785104.8,,,,,,,,
2014-06-25,5.537,5.62,5.372,5.455,469730,2562377.15,,,,,,,,
2014-06-26,5.455,5.537,5.372,5.455,499570,2725154.35,,,,,,,,
2014-06-27,5.455,5.455,5.289,5.372,373390,2005851.08,,,,,,,,
2014-06-30,5.289,5.62,5.289,5.537,969850,5370059.45,,,,,,,,
2014-07-01,5.455,5.62,5.455,5.537,338800,1875935.6,,,,,,,,
2014-07-02,5.537,5.785,5.537,5.703,759550,4331713.65,,,,,,,,
2014-07-03,5.785,5.95,5.703,5.868,1436040,8426682.72,,,,,,,,
2014-07-04,5.785,5.95,5.703,5.785,540780,3128412.3000000003,,,,,,,,
2014-07-07,5.785,6.115,5.785,5.95,1085400,6458130.0,,,,,,,,
2014-07-08,5.868,6.115,5.868,5.95,814470,4846096.5,,,,,,,,
2014-07-09,6.033,6.115,5.95,6.033,331450,1999637.85,,,,,,,,
2014-07-10,6.033,6.033,5.703,5.868,639180,3750708.24,,,,,,,,
2014-07-11,5.868,5.868,5.703,5.785,643420,3722184.7,,,,,,,,
2014-07-14,5.785,5.868,5.785,5.868,217440,1275937.9200000002,,,,,,,,
2014-07-15,5.868,5.95,5.868,5.868,470430,2760483.24,,,,,,,,
2014-07-16,5.95,5.95,5.868,5.868,667070,3914366.76,,,,,,,,
2014-07-17,5.868,5.868,5.785,5.868,400990,2353009.3200000003,,,,,,,,
2014-07-18,5.785,5.868,5.703,5.703,435730,2484968.19,,,,,,,,
2014-07-21,5.703,5.785,5.62,5.62,471000,2647020.0,,,,,,,,
2014-07-22,5.95,5.95,5.95,5.95,1074160,6391252.0,,,,,,,,
2014-07-23,6.115,6.281,6.033,6.115,1487560,9096429.4,,,,,,,,
2014-07-24,6.033,6.033,5.95,5.95,697530,4150303.5,,,,,,,,
2014-07-25,5.95,5.95,5.785,5.785,510480,2953126.8000000003,,,,,,,,
2014-07-28,5.703,5.703,5.455,5.455,1480900,8078309.5,,,,,,,,
2014-07-29,5.537,5.62,5.372,5.62,415230,2333592.6,,,,,,,,
2014-07-30,5.62,5.703,5.537,5.703,233600,1332220.8,,,,,,,,
2014-07-31,5.537,5.703,5.537,5.703,464230,2647503.69,,,,,,,,
2014-08-01,5.62,5.703,5.537,5.62,318490,1789913.8,,,,,,,,
2014-08-04,5.703,5.703,5.537,5.62,282350,1586807.0,,,,,,,,
2014-08-05,5.703,5.785,5.62,5.785,543250,3142701.25,,,,,,,,
2014-08-06,5.785,5.868,5.703,5.703,574260,3275004.7800000003,,,,,,,,
2014-08-07,5.703,6.033,5.703,6.033,1523740,9192723.42,,,,,,,,
2014-08-08,6.115,6.115,5.95,5.95,648320,3857504.0,,,,,,,,
2014-08-11,5.95,6.198,5.95,6.033,904720,5458175.760000001,,,,,,,,
2014-08-12,6.033,6.033,5.95,6.033,588400,3549817.2,,,,,,,,
2014-08-13,5.95,6.115,5.95,6.115,695160,4250903.4,,,,,,,,
2014-08-14,6.198,6.198,6.033,6.033,837570,5053059.8100000005,,,,,,,,
2014-08-15,6.115,6.198,6.033,6.115,865810,5294428.15,,,,,,,,
2014-08-18,6.281,6.529,6.198,6.529,2210470,14432158.63,,,,,,,,
2014-08-19,6.529,6.942,6.529,6.695,1844610,12349663.95,,,,,,,,
2014-08-20,6.695,6.859,6.612,6.695,858380,5746854.100000001,,,,,,,,
2014-08-21,6.695,7.107,6.695,6.942,1900860,13195770.12,,,,,,,,
2014-08-22,7.025,7.19,7.025,7.025,1570290,11031287.25,,,,,,,,
2014-08-25,7.025,7.107,6.859,6.942,1072820,7447516.44,,,,,,,,
2014-08-26,6.942,7.025,6.777,6.859,1600400,10977143.6,,,,,,,,
2014-08-27,6.695,7.107,6.695,6.942,1291820,8967814.44,,,,,,,,
2014-08-28,6.942,6.942,6.777,6.859,1220480,8371272.32,,,,,,,,
2014-08-29,6.859,7.107,6.859,7.107,985120,7001247.84,,,,,,,,
2014-09-03,7.19,7.521,7.19,7.355,1352470,9947416.85,,,,,,,,
2014-09-04,7.19,7.438,7.19,7.355,1015910,7472018.050000001,,,,,,,,
2014-09-05,7.438,7.521,7.273,7.521,861890,6482274.69,,,,,,,,
2014-09-08,7.521,7.686,7.355,7.355,1039760,7647434.800000001,,,,,,,,
2014-09-09,7.355,7.438,6.859,6.859,1674580,11485944.22,,,,,,,,
2014-09-10,6.859,6.942,6.612,6.942,1166040,8094649.680000001,,,,,,,,
2014-09-11,7.025,7.107,6.777,6.942,570390,3959647.38,,,,,,,,
2014-09-12,7.025,7.355,6.859,7.355,1451750,10677621.25,,,,,,,,
2014-09-15,7.604,7.604,7.19,7.19,1007960,7247232.4,,,,,,,,
2014-09-16,7.19,7.273,6.942,7.19,653200,4696508.0,,,,,,,,
2014-09-17,7.273,7.273,7.025,7.025,994480,6986222.0,,,,,,,,
2014-09-18,7.025,7.107,6.777,6.777,1136650,7703077.05,,,,,,,,
2014-09-19,6.777,7.025,6.695,6.859,457260,3136346.34,,,,,,,,
2014-09-22,6.859,6.942,6.777,6.777,366170,2481534.09,,,,,,,,
2014-09-23,6.777,6.942,6.695,6.777,456350,3092683.95,,,,,,,,
2014-09-24,6.777,6.859,6.695,6.695,403990,2704713.0500000003,,,,,,,,
2014-09-25,6.695,6.859,6.612,6.777,612750,4152606.75,,,,,,,,
2014-09-26,6.859,6.942,6.777,6.777,512720,3474703.44,,,,,,,,
2014-09-29,6.777,6.859,6.695,6.695,362420,2426401.9,,,,,,,,
2014-09-30,6.695,6.859,6.612,6.695,493590,3304585.0500000003,,,,,,,,
2014-10-01,6.859,7.107,6.859,7.107,1224200,8700389.4,,,,,,,,
2014-10-02,7.19,7.273,7.025,7.107,698020,4960828.140000001,,,,,,,,
2014-10-03,7.107,7.355,7.107,7.107,766000,5443962.0,,,,,,,,
2014-10-06,7.107,7.438,7.107,7.273,1052940,7658032.62,,,,,,,,
2014-10-07,7.438,7.521,7.273,7.438,806390,5997928.819999999,,,,,,,,
2014-10-08,7.273,7.355,7.107,7.19,924990,6650678.100000001,,,,,,,,
2014-10-09,7.273,7.355,7.19,7.273,725680,5277870.64,,,,,,,,
2014-10-10,7.273,7.273,7.107,7.107,817650,5811038.55,,,,,,,,
2014-10-13,7.025,7.19,7.025,7.19,341030,2452005.7,,,,,,,,
2014-10-14,7.19,7.273,6.942,6.942,370520,2572149.84,,,,,,,,
2014-10-15,6.942,7.025,6.859,6.942,386700,2684471.4,,,,,,,,
2014-10-16,7.025,7.025,6.695,6.695,576340,3858596.3,,,,,,,,
2014-10-17,6.777,6.859,6.612,6.859,397050,2723365.95,,,,,,,,
2014-10-20,6.942,7.19,6.859,7.107,373820,2656738.74,,,,,,,,
2014-10-21,6.942,7.025,6.777,6.859,478050,3278944.95,,,,,,,,
2014-10-22,6.859,7.025,6.859,6.942,993340,6895766.28,,,,,,,,
2014-10-23,6.942,6.942,6.695,6.859,380110,2607174.49,,,,,,,,
2014-10-24,6.859,6.859,6.695,6.777,221690,1502393.13,,,,,,,,
2014-10-27,6.777,6.777,6.364,6.364,536370,3413458.68,,,,,,,,
2014-10-28,6.364,6.612,6.281,6.529,387010,2526788.29,,,,,,,,
2014-10-29,6.612,6.695,6.529,6.695,328790,2201249.0500000003,,,,,,,,
2014-10-30,6.612,6.695,6.529,6.529,204140,1332830.06,,,,,,,,
2014-10-31,6.612,6.777,6.529,6.612,346030,2287950.36,,,,,,,,
2014-11-03,6.859,6.859,6.612,6.777,339710,2302214.67,,,,,,,,
2014-11-04,6.695,6.777,6.695,6.695,419580,2809088.1,,,,,,,,
2014-11-05,6.695,7.025,6.695,6.942,1040910,7225997.22,,,,,,,,
2014-11-06,6.942,7.025,6.777,6.777,666960,4519987.92,,,,,,,,
2014-11-07,6.942,6.942,6.777,6.859,339050,2325543.95,,,,,,,,
2014-11-10,6.859,6.942,6.777,6.777,297200,2014124.4,,,,,,,,
2014-11-11,6.777,6.942,6.777,6.777,607420,4116485.34,,,,,,,,
2014-11-12,6.859,7.19,6.777,7.025,858170,6028644.25,,,,,,,,
2014-11-13,7.025,7.19,7.025,7.025,578610,4064735.25,,,,,,,,
2014-11-14,6.942,7.107,6.859,7.107,583650,4148000.55,,,,,,,,
2014-11-17,7.107,7.19,6.942,7.025,190910,1341142.75,,,,,,,,
2014-11-18,7.025,7.025,6.942,7.025,415420,2918325.5,,,,,,,,
2014-11-19,7.025,7.025,6.695,6.777,498900,3381045.3000000003,,,,,,,,
2014-11-20,6.859,6.942,6.777,6.859,258980,1776343.82,,,,,,,,
2014-11-21,6.859,6.859,6.612,6.695,763630,5112502.850000001,,,,,,,,
2014-11-24,6.695,6.859,6.612,6.777,436310,2956872.87,,,,,,,,
2014-11-25,6.612,6.859,6.612,6.695,127080,850800.6000000001,,,,,,,,
2014-11-26,6.777,6.942,6.695,6.777,724120,4907361.24,,,,,,,,
2014-11-27,6.777,6.859,6.777,6.777,217620,1474810.74,,,,,,,,
2014-11-28,6.777,6.942,6.777,6.859,287600,1972648.4,,,,,,,,
2014-12-01,6.859,7.025,6.859,6.859,193350,1326187.65,,,,,,,,
2014-12-02,6.942,6.942,6.777,6.777,167200,1133114.4,,,,,,,,
2014-12-03,6.777,6.859,6.777,6.777,185370,1256252.49,,,,,,,,
2014-12-04,6.942,7.19,6.942,7.19,761600,5475904.0,,,,,,,,
2014-12-05,7.355,7.604,7.19,7.19,2153430,15483161.7,,,,,,,,
2014-12-08,7.273,7.355,7.107,7.107,1131550,8041925.850000001,,,,,,,,
2014-12-09,7.107,7.19,6.777,6.777,826050,5598140.850000001,,,,,,,,
2014-12-10,6.859,7.19,6.695,7.19,1236280,8888853.200000001,,,,,,,,
2014-12-11,7.273,7.521,7.107,7.273,1082380,7872149.739999999,,,,,,,,
2014-12-12,7.438,7.521,7.355,7.438,723310,5379979.78,,,,,,,,
2014-12-15,7.438,7.438,7.19,7.19,693540,4986552.600000001,,,,,,,,
2014-12-16,7.19,7.273,7.025,7.19,813190,5846836.100000001,,,,,,,,
2014-12-17,7.19,7.19,6.695,6.777,1060320,7185788.640000001,,,,,,,,
2014-12-18,6.859,7.025,6.859,6.942,492510,3419004.42,,,,,,,,
2014-12-19,7.182,7.182,6.727,6.727,495850,3335582.95,,,,,,,,
2014-12-22,6.727,6.818,6.545,6.636,470510,3122304.36,,,,,,,,
2014-12-23,6.636,6.909,6.545,6.727,387650,2607721.5500000003,,,,,,,,
2014-12-24,6.909,6.909,6.636,6.636,307820,2042693.52,,,,,,,,
2014-12-25,6.636,6.818,6.545,6.545,400100,2618654.5,,,,,,,,
2014-12-26,6.636,6.636,6.182,6.273,476250,2987516.25,,,,,,,,
2014-12-29,6.364,6.455,5.909,5.909,850370,5024836.33,,,,,,,,
2014-12-30,6.0,6.182,5.545,6.091,436530,2658904.23,,,,,,,,
2014-12-31,6.091,6.455,6.091,6.455,742230,4791094.65,,,,,,,,
2015-01-05,6.636,6.818,6.455,6.636,543810,3608723.16,,,,,,,,
2015-01-06,6.455,6.909,6.455,6.909,493760,3411387.84,,,,,,,,
2015-01-07,7.0,7.0,6.636,6.636,905280,6007438.08,,,,,,,,
2015-01-08,6.636,6.818,6.455,6.545,525270,3437892.15,,,,,,,,
2015-01-09,6.545,6.727,6.545,6.636,385390,2557448.04,,,,,,,,
2015-01-12,6.636,6.818,6.455,6.455,356900,2303789.5,,,,,,,,
2015-01-13,6.455,6.636,6.455,6.545,415110,2716894.95,,,,,,,,
2015-01-14,6.545,6.727,6.455,6.636,315100,2091003.6,,,,,,,,
2015-01-15,6.636,6.727,6.545,6.636,483600,3209169.6,,,,,,,,
2015-01-16,6.636,6.727,6.545,6.545,448120,2932945.4,,,,,,,,
2015-01-19,6.545,6.636,6.455,6.455,332300,2144996.5,,,,,,,,
2015-01-20,6.545,6.545,6.364,6.545,251970,1649143.65,,,,,,,,
2015-01-21,6.273,6.364,6.091,6.182,1965160,12148619.12,,,,,,,,
2015-01-22,6.091,6.182,6.0,6.182,716760,4431010.32,,,,,,,,
2015-01-23,6.182,6.273,6.091,6.091,378680,2306539.88,,,,,,,,
2015-01-26,6.091,6.364,6.091,6.273,1132390,7103482.47,,,,,,,,
2015-01-27,6.364,6.364,6.0,6.0,589990,3539940.0,,,,,,,,
2015-01-28,6.091,6.182,6.0,6.0,235030,1410180.0,,,,,,,,
2015-01-29,6.091,6.091,6.0,6.091,329560,2007349.96,,,,,,,,
2015-01-30,6.091,6.091,5.909,5.909,358080,2115894.72,,,,,,,,
2015-02-02,5.909,5.909,5.636,5.727,374080,2142356.16,,,,,,,,
2015-02-03,5.727,5.727,5.455,5.455,588960,3212776.8,,,,,,,,
2015-02-04,5.364,5.545,5.364,5.455,338510,1846572.05,,,,,,,,
2015-02-05,5.455,5.545,5.364,5.364,187160,1003926.24,,,,,,,,
2015-02-06,5.364,5.545,5.364,5.455,375100,2046170.5,,,,,,,,
2015-02-09,5.455,5.545,5.364,5.455,174950,954352.25,,,,,,,,
2015-02-10,5.455,5.455,5.364,5.364,226030,1212424.92,,,,,,,,
2015-02-11,5.364,5.727,5.364,5.727,499410,2860121.0700000003,,,,,,,,
2015-02-12,5.818,6.0,5.818,5.818,426100,2479049.8,,,,,,,,
2015-02-13,5.818,5.909,5.818,5.818,206340,1200486.12,,,,,,,,
2015-02-24,5.818,5.909,5.818,5.909,157210,928953.89,,,,,,,,
2015-02-25,5.909,5.909,5.727,5.818,306410,1782693.38,,,,,,,,
2015-02-26,5.818,5.909,5.727,5.818,213880,1244353.84,,,,,,,,
2015-02-27,5.909,5.909,5.818,5.818,258380,1503254.84,,,,,,,,
2015-03-02,5.727,5.818,5.727,5.818,121780,708516.0399999999,,,,,,,,
2015-03-03,5.818,6.0,5.727,5.909,266130,1572562.17,,,,,,,,
2015-03-04,6.0,6.182,5.909,6.091,528290,3217814.39,,,,,,,,
2015-03-05,6.182,6.273,6.091,6.091,457800,2788459.8000000003,,,,,,,,
2015-03-06,6.091,6.182,6.0,6.091,262000,1595842.0,,,,,,,,
2015-03-09,6.0,6.0,5.818,5.818,258850,1505989.2999999998,,,,,,,,
2015-03-10,5.818,5.909,5.727,5.818,227910,1325980.38,,,,,,,,
2015-03-11,5.818,5.909,5.727,5.727,124910,715359.5700000001,,,,,,,,
2015-03-12,5.818,5.818,5.727,5.727,143270,820507.29,,,,,,,,
2015-03-13,5.727,5.909,5.727,5.727,154010,882015.27,,,,,,,,
2015-03-16,5.818,5.818,5.636,5.636,119730,674798.28,,,,,,,,
2015-03-17,5.636,5.818,5.636,5.727,115070,659005.89,,,,,,,,
2015-03-18,5.727,5.727,5.636,5.636,182170,1026710.12,,,,,,,,
2015-03-19,5.727,5.727,5.545,5.545,243340,1349320.3,,,,,,,,
2015-03-20,5.545,5.727,5.545,5.636,128310,723155.16,,,,,,,,
2015-03-23,5.636,5.636,5.455,5.455,291540,1590350.7,,,,,,,,
2015-03-24,5.455,5.545,5.364,5.455,326890,1783184.95,,,,,,,,
2015-03-25,5.455,5.545,5.455,5.455,156900,855889.5,,,,,,,,
2015-03-26,5.455,5.545,5.455,5.545,141020,781955.9,,,,,,,,
2015-03-27,5.455,5.545,5.273,5.364,221480,1188018.72,,,,,,,,
2015-03-30,5.273,5.455,5.182,5.273,259070,1366076.11,,,,,,,,
2015-03-31,5.273,5.455,5.273,5.364,169870,911182.68,,,,,,,,
2015-04-01,5.364,5.364,5.091,5.091,271390,1381646.49,,,,,,,,
2015-04-02,5.091,5.273,5.0,5.273,153390,808825.47,,,,,,,,
2015-04-03,5.273,5.364,5.182,5.364,94150,505020.6,,,,,,,,
2015-04-06,5.364,5.364,5.273,5.364,49870,267502.68,,,,,,,,
2015-04-07,5.273,5.455,5.182,5.364,224610,1204808.04,,,,,,,,
2015-04-08,5.455,5.545,5.364,5.364,232600,1247666.4,,,,,,,,
2015-04-09,5.455,5.636,5.273,5.545,534970,2966408.65,,,,,,,,
2015-04-10,5.545,5.636,5.455,5.455,178180,971971.9,,,,,,,,
2015-04-13,5.545,5.545,5.364,5.364,213180,1143497.52,,,,,,,,
2015-04-14,5.455,5.455,5.182,5.364,139530,748438.9199999999,,,,,,,,
2015-04-15,5.273,5.455,5.273,5.364,180950,970615.8,,,,,,,,
2015-04-16,5.273,5.455,5.273,5.364,235250,1261881.0,,,,,,,,
2015-04-17,5.364,5.455,5.273,5.455,183110,998865.05,,,,,,,,
2015-04-20,5.364,5.455,5.273,5.273,193210,1018796.33,,,,,,,,
2015-04-21,5.0,5.091,4.909,4.909,449970,2208902.73,,,,,,,,
2015-04-22,4.636,4.727,4.636,4.636,578680,2682760.48,,,,,,,,
2015-04-23,4.545,4.636,4.455,4.545,707640,3216223.8,,,,,,,,
2015-04-24,4.545,4.636,4.545,4.545,182640,830098.7999999999,,,,,,,,
2015-04-27,4.455,4.545,4.364,4.455,131740,586901.7,,,,,,,,
2015-05-04,4.364,4.364,4.182,4.182,342690,1433129.58,,,,,,,,
2015-05-05,4.091,4.182,3.909,4.182,447800,1872699.6,,,,,,,,
2015-05-06,4.091,4.182,3.909,3.909,224390,877140.51,,,,,,,,
2015-05-07,3.727,4.0,3.636,3.818,385800,1472984.4,,,,,,,,
2015-05-08,3.818,4.0,3.818,4.0,472370,1889480.0,,,,,,,,
2015-05-11,4.091,4.182,3.909,3.909,225840,882808.5599999999,,,,,,,,
2015-05-12,3.818,4.0,3.818,4.0,263520,1054080.0,,,,,,,,
2015-05-13,4.0,4.091,3.909,3.909,154150,602572.35,,,,,,,,
2015-05-14,4.0,4.0,3.909,4.0,74460,297840.0,,,,,,,,
2015-05-15,4.0,4.0,3.727,3.727,299970,1117988.19,,,,,,,,
2015-05-18,3.727,3.727,3.545,3.545,329780,1169070.1,,,,,,,,
2015-05-19,3.545,3.727,3.545,3.727,212710,792770.1699999999,,,,,,,,
2015-05-20,3.636,3.909,3.636,3.909,371350,1451607.15,,,,,,,,
2015-05-21,3.909,4.091,3.909,4.091,184430,754503.13,,,,,,,,
2015-05-22,4.091,4.364,4.0,4.364,578550,2524792.2,,,,,,,,
2015-05-25,4.545,4.636,4.455,4.636,886120,4108052.32,,,,,,,,
2015-05-26,4.818,4.909,4.727,4.909,917570,4504351.13,,,,,,,,
2015-05-27,4.909,5.0,4.727,4.818,627690,3024210.42,,,,,,,,
2015-05-28,4.818,5.0,4.727,4.818,538960,2596709.28,,,,,,,,
2015-05-29,4.909,4.909,4.727,4.909,274580,1347913.22,,,,,,,,
2015-06-01,4.818,4.909,4.636,4.636,399880,1853843.68,,,,,,,,
2015-06-02,4.545,4.636,4.364,4.455,1201820,5354108.1,,,,,,,,
2015-06-03,4.364,4.545,4.273,4.545,184660,839279.7,,,,,,,,
2015-06-04,4.636,4.727,4.455,4.545,166210,755424.45,,,,,,,,
2015-06-05,4.636,4.818,4.636,4.818,597410,2878321.38,,,,,,,,
2015-06-08,4.909,5.091,4.909,5.091,1348530,6865366.23,,,,,,,,
2015-06-09,5.182,5.273,5.091,5.182,620510,3215482.8200000003,,,,,,,,
2015-06-10,5.091,5.091,4.909,4.909,1041150,5111005.35,,,,,,,,
2015-06-11,5.0,5.182,5.0,5.182,705240,3654553.68,,,,,,,,
2015-06-12,5.364,5.364,5.182,5.364,578610,3103664.04,,,,,,,,
2015-06-15,5.364,5.364,5.091,5.182,568950,2948298.9000000004,,,,,,,,
2015-06-16,5.182,5.273,5.091,5.091,620380,3158354.58,,,,,,,,
2015-06-17,5.0,5.091,4.909,5.0,604680,3023400.0,,,,,,,,
2015-06-18,5.2,5.3,5.1,5.2,559390,2908828.0,,,,,,,,
2015-06-19,5.5,5.5,5.5,5.5,976400,5370200.0,,,,,,,,
2015-06-22,5.6,5.8,5.6,5.6,608430,3407208.0,,,,,,,,
2015-06-23,5.6,5.7,5.5,5.5,418090,2299495.0,,,,,,,,
2015-06-24,5.6,5.6,5.4,5.5,522670,2874685.0,,,,,,,,
2015-06-25,5.6,5.6,5.4,5.4,385040,2079216.0,,,,,,,,
2015-06-26,5.4,5.5,5.3,5.4,409820,2213028.0,,,,,,,,
2015-06-29,5.3,5.4,5.2,5.3,347780,1843234.0,,,,,,,,
2015-06-30,5.3,5.4,5.1,5.2,407390,2118428.0,,,,,,,,
2015-07-01,5.2,5.3,5.1,5.2,230550,1198860.0,,,,,,,,
2015-07-02,5.1,5.4,5.1,5.4,237660,1283364.0,,,,,,,,
2015-07-03,5.5,5.5,5.2,5.4,234550,1266570.0,,,,,,,,
2015-07-06,5.5,5.6,5.4,5.5,331910,1825505.0,,,,,,,,
2015-07-07,5.4,5.6,5.4,5.5,472460,2598530.0,,,,,,,,
2015-07-08,5.5,5.5,5.3,5.4,262990,1420146.0,,,,,,,,
2015-07-09,5.3,5.4,5.2,5.4,177670,959418.0,,,,,,,,
2015-07-10,5.3,5.5,5.2,5.4,253590,1369386.0,,,,,,,,
2015-07-13,5.4,5.4,5.3,5.4,95080,513432.00000000006,,,,,,,,
2015-07-14,5.4,5.4,5.3,5.4,236200,1275480.0,,,,,,,,
2015-07-15,5.4,5.4,5.2,5.3,196850,1043305.0,,,,,,,,
2015-07-16,5.3,5.4,5.2,5.3,117900,624870.0,,,,,,,,
2015-07-17,5.3,5.4,5.2,5.2,70880,368576.0,,,,,,,,
2015-07-20,5.2,5.5,5.2,5.5,475180,2613490.0,,,,,,,,
2015-07-21,5.8,5.8,5.6,5.6,1253940,7022064.0,,,,,,,,
2015-07-22,5.6,5.6,5.5,5.5,91740,504570.0,,,,,,,,
2015-07-23,5.5,5.6,5.4,5.5,358280,1970540.0,,,,,,,,
2015-07-24,5.4,5.8,5.3,5.7,863880,4924116.0,,,,,,,,
2015-07-27,5.8,6.0,5.7,6.0,1785330,10711980.0,,,,,,,,
2015-07-28,6.3,6.4,6.1,6.2,1732090,10738958.0,,,,,,,,
2015-07-29,6.2,6.2,6.0,6.1,1075070,6557927.0,,,,,,,,
2015-07-30,6.0,6.1,5.9,6.0,653610,3921660.0,,,,,,,,
2015-07-31,6.0,6.4,6.0,6.3,1110950,6998985.0,,,,,,,,
2015-08-03,5.9,5.9,5.9,5.9,86970,513123.00000000006,,,,,,,,
2015-08-04,5.5,5.8,5.5,5.6,1749940,9799664.0,,,,,,,,
2015-08-05,5.7,5.9,5.7,5.8,802560,4654848.0,,,,,,,,
2015-08-06,5.8,6.0,5.6,5.6,499140,2795184.0,,,,,,,,
2015-08-07,5.6,5.8,5.6,5.7,611620,3486234.0,,,,,,,,
2015-08-10,5.8,5.9,5.7,5.8,630240,3655392.0,,,,,,,,
2015-08-11,5.8,5.9,5.6,5.6,572500,3206000.0,,,,,,,,
2015-08-12,5.6,5.7,5.5,5.7,556390,3171423.0,,,,,,,,
2015-08-13,5.7,5.7,5.4,5.5,839370,4616535.0,,,,,,,,
2015-08-14,5.5,5.6,5.3,5.4,451650,2438910.0,,,,,,,,
2015-08-17,5.5,5.5,5.3,5.4,293920,1587168.0,,,,,,,,
2015-08-18,5.4,5.5,5.3,5.5,211200,1161600.0,,,,,,,,
2015-08-19,5.5,5.5,5.3,5.5,503130,2767215.0,,,,,,,,
2015-08-20,5.4,5.8,5.4,5.5,893220,4912710.0,,,,,,,,
2015-08-21,5.4,5.6,5.2,5.4,770880,4162752.000000001,,,,,,,,
2015-08-24,5.3,5.4,5.1,5.1,523190,2668269.0,,,,,,,,
2015-08-25,4.9,5.1,4.8,4.8,981300,4710240.0,,,,,,,,
2015-08-26,4.7,5.1,4.7,5.0,721780,3608900.0,,,,,,,,
2015-08-27,5.1,5.2,5.0,5.1,372890,1901739.0,,,,,,,,
2015-08-28,5.1,5.2,5.1,5.2,744790,3872908.0,,,,,,,,
2015-08-31,5.2,5.2,4.9,5.0,620290,3101450.0,,,,,,,,
2015-09-01,4.9,5.1,4.9,5.1,217670,1110117.0,,,,,,,,
2015-09-03,5.0,5.1,5.0,5.1,197000,1004700.0,,,,,,,,
2015-09-04,5.0,5.1,4.9,5.0,92270,461350.0,,,,,,,,
2015-09-07,5.0,5.2,4.8,5.1,257000,1310700.0,,,,,,,,
2015-09-08,5.1,5.2,5.0,5.1,153010,780351.0,,,,,,,,
2015-09-09,5.1,5.2,4.9,5.0,422560,2112800.0,,,,,,,,
2015-09-10,4.9,5.0,4.7,4.7,1119780,5262966.0,,,,,,,,
2015-09-11,4.6,4.6,4.4,4.6,1341080,6168967.999999999,,,,,,,,
2015-09-14,4.4,4.5,4.3,4.3,522610,2247223.0,,,,,,,,
2015-09-15,4.1,4.3,4.0,4.1,853660,3500005.9999999995,,,,,,,,
2015-09-16,4.1,4.3,4.0,4.1,280630,1150583.0,,,,,,,,
2015-09-17,4.1,4.3,4.1,4.2,255750,1074150.0,,,,,,,,
2015-09-18,4.3,4.4,4.3,4.4,890310,3917364.000000001,,,,,,,,
2015-09-21,4.5,4.7,4.5,4.7,717790,3373613.0,,,,,,,,
2015-09-22,4.7,4.9,4.6,4.6,335910,1545185.9999999998,,,,,,,,
2015-09-23,4.6,4.7,4.5,4.6,368740,1696203.9999999998,,,,,,,,
2015-09-24,4.6,4.7,4.5,4.6,196870,905602.0,,,,,,,,
2015-09-25,4.6,4.7,4.5,4.7,498460,2342762.0,,,,,,,,
2015-09-28,4.8,4.9,4.6,4.7,449200,2111240.0,,,,,,,,
2015-09-29,4.6,4.7,4.5,4.5,345290,1553805.0,,,,,,,,
2015-09-30,4.6,4.7,4.6,4.6,187260,861395.9999999999,,,,,,,,
2015-10-01,4.7,4.7,4.6,4.6,187290,861533.9999999999,,,,,,,,
2015-10-02,4.6,4.7,4.5,4.5,261530,1176885.0,,,,,,,,
2015-10-05,4.7,4.8,4.7,4.8,718430,3448464.0,,,,,,,,
2015-10-06,5.1,5.1,5.1,5.1,752620,3838362.0,,,,,,,,
2015-10-07,5.2,5.3,4.9,5.1,902620,4603362.0,,,,,,,,
2015-10-08,5.0,5.1,4.8,5.0,787390,3936950.0,,,,,,,,
2015-10-09,5.0,5.1,4.9,5.0,657510,3287550.0,,,,,,,,
2015-10-12,5.0,5.0,4.8,4.9,183260,897974.0000000001,,,,,,,,
2015-10-13,4.8,5.0,4.8,4.8,238570,1145136.0,,,,,,,,
2015-10-14,4.9,5.0,4.8,5.0,461590,2307950.0,,,,,,,,
2015-10-15,4.9,5.0,4.8,4.9,193550,948395.0,,,,,,,,
2015-10-16,4.9,5.0,4.8,4.9,194150,951335.0,,,,,,,,
2015-10-19,4.8,4.9,4.7,4.8,235930,1132464.0,,,,,,,,
2015-10-20,4.8,4.9,4.7,4.9,539820,2645118.0,,,,,,,,
2015-10-21,5.0,5.2,5.0,5.0,1115360,5576800.0,,,,,,,,
2015-10-22,5.0,5.1,4.9,5.1,236390,1205589.0,,,,,,,,
2015-10-23,5.1,5.1,4.9,5.0,197930,989650.0,,,,,,,,
2015-10-26,5.0,5.1,4.8,4.9,202220,990878.0,,,,,,,,
2015-10-27,5.0,5.1,4.9,5.0,481240,2406200.0,,,,,,,,
2015-10-28,5.0,5.0,4.9,4.9,188940,925806.0,,,,,,,,
2015-10-29,5.0,5.1,4.8,4.9,368680,1806532.0,,,,,,,,
2015-10-30,4.9,4.9,4.8,4.9,204860,1003814.0,,,,,,,,
2015-11-02,4.9,4.9,4.8,4.8,131180,629664.0,,,,,,,,
2015-11-03,4.8,4.9,4.7,4.9,294250,1441825.0,,,,,,,,
2015-11-04,4.9,4.9,4.8,4.8,175420,842016.0,,,,,,,,
2015-11-05,4.9,5.0,4.9,5.0,398970,1994850.0,,,,,,,,
2015-11-06,4.9,5.0,4.8,4.8,428790,2058192.0,,,,,,,,
2015-11-09,4.8,5.0,4.8,4.9,178030,872347.0000000001,,,,,,,,
2015-11-10,4.8,4.9,4.8,4.8,222550,1068240.0,,,,,,,,
2015-11-11,4.7,4.9,4.7,4.7,161470,758909.0,,,,,,,,
2015-11-12,4.7,4.8,4.5,4.7,431510,2028097.0,,,,,,,,
2015-11-13,4.7,4.8,4.6,4.8,118860,570528.0,,,,,,,,
2015-11-16,4.7,4.8,4.5,4.5,294510,1325295.0,,,,,,,,
2015-11-17,4.6,4.7,4.5,4.6,263790,1213434.0,,,,,,,,
2015-11-18,4.7,4.7,4.6,4.6,115410,530886.0,,,,,,,,
2015-11-19,4.6,4.7,4.6,4.6,224940,1034724.0,,,,,,,,
2015-11-20,4.7,4.8,4.7,4.7,394450,1853915.0,,,,,,,,
2015-11-23,4.7,4.8,4.7,4.8,434970,2087856.0,,,,,,,,
2015-11-24,4.8,4.8,4.6,4.8,183630,881424.0,,,,,,,,
2015-11-25,4.7,4.8,4.6,4.8,226960,1089408.0,,,,,,,,
2015-11-26,4.7,4.8,4.6,4.6,250290,1151334.0,,,,,,,,
2015-11-27,4.7,4.7,4.5,4.5,415990,1871955.0,,,,,,,,
2015-11-30,4.6,4.6,4.4,4.5,268110,1206495.0,,,,,,,,
2015-12-01,4.5,4.6,4.4,4.5,270710,1218195.0,,,,,,,,
2015-12-02,4.5,4.6,4.5,4.6,150290,691334.0,,,,,,,,
2015-12-03,4.5,4.6,4.4,4.6,79770,366942.0,,,,,,,,
2015-12-04,4.5,4.6,4.4,4.6,112250,516350.0,,,,,,,,
2015-12-07,4.5,4.6,4.5,4.5,71590,322155.0,,,,,,,,
2015-12-08,4.4,4.6,4.4,4.6,306600,1410360.0,,,,,,,,
2015-12-09,4.6,4.6,4.4,4.5,182470,821115.0,,,,,,,,
2015-12-10,4.4,4.6,4.4,4.5,122160,549720.0,,,,,,,,
2015-12-11,4.5,4.6,4.4,4.4,105470,464068.00000000006,,,,,,,,
2015-12-14,4.4,4.5,4.3,4.3,138480,595464.0,,,,,,,,
2015-12-15,4.4,4.5,4.3,4.5,70590,317655.0,,,,,,,,
2015-12-16,4.4,4.5,4.4,4.4,199880,879472.0000000001,,,,,,,,
2015-12-17,4.5,4.5,4.4,4.5,54190,243855.0,,,,,,,,
2015-12-18,4.4,4.5,4.4,4.5,78500,353250.0,,,,,,,,
2015-12-21,4.4,4.5,4.3,4.5,171650,772425.0,,,,,,,,
2015-12-22,4.4,4.5,4.3,4.3,49130,211259.0,,,,,,,,
2015-12-23,4.4,4.5,4.3,4.5,115830,521235.0,,,,,,,,
2015-12-24,4.4,4.5,4.4,4.5,59950,269775.0,,,,,,,,
2015-12-25,4.4,4.5,4.4,4.4,81210,357324.0,,,,,,,,
2015-12-28,4.4,4.4,4.3,4.3,186930,803799.0,,,,,,,,
2015-12-29,4.3,4.4,4.3,4.4,86610,381084.00000000006,,,,,,,,
2015-12-30,4.4,4.5,4.3,4.5,94040,423180.0,,,,,,,,
2015-12-31,4.4,4.5,4.3,4.5,137720,619740.0,,,,,,,,
2016-01-04,4.4,4.4,4.3,4.4,194560,856064.0000000001,,,,,,,,
2016-01-05,4.3,4.4,4.3,4.3,94010,404243.0,,,,,,,,
2016-01-06,4.4,4.4,4.2,4.3,42860,184298.0,,,,,,,,
2016-01-07,4.2,4.2,4.0,4.2,201890,847938.0,,,,,,,,
2016-01-08,4.1,4.2,4.0,4.0,219090,876360.0,,,,,,,,
2016-01-11,4.0,4.0,3.8,4.0,167530,670120.0,,,,,,,,
2016-01-12,4.0,4.1,3.9,4.0,266280,1065120.0,,,,,,,,
2016-01-13,4.0,4.1,3.9,4.0,193730,774920.0,,,,,,,,
2016-01-14,4.0,4.0,3.8,3.8,166220,631636.0,,,,,,,,
2016-01-15,3.9,3.9,3.8,3.8,96230,365674.0,,,,,,,,
2016-01-18,3.7,3.7,3.6,3.6,337330,1214388.0,,,,,,,,
2016-01-19,3.6,3.8,3.6,3.8,197810,751678.0,,,,,,,,
2016-01-20,3.8,3.8,3.6,3.6,272280,980208.0,,,,,,,,
2016-01-21,3.4,3.6,3.4,3.4,686170,2332978.0,,,,,,,,
2016-01-22,3.5,3.5,3.3,3.5,133850,468475.0,,,,,,,,
2016-01-25,3.5,3.7,3.5,3.6,226450,815220.0,,,,,,,,
2016-01-26,3.5,3.6,3.4,3.5,85450,299075.0,,,,,,,,
2016-01-27,3.5,3.7,3.5,3.7,125530,464461.0,,,,,,,,
2016-01-28,3.6,3.8,3.6,3.7,168430,623191.0,,,,,,,,
2016-01-29,3.7,3.7,3.6,3.7,32180,119066.0,,,,,,,,
2016-02-01,3.7,3.9,3.7,3.9,372810,1453959.0,,,,,,,,
2016-02-02,4.1,4.1,3.9,4.0,261420,1045680.0,,,,,,,,
2016-02-03,3.9,3.9,3.8,3.8,71900,273220.0,,,,,,,,
2016-02-04,3.8,4.0,3.8,4.0,132680,530720.0,,,,,,,,
2016-02-05,4.0,4.0,3.9,4.0,130850,523400.0,,,,,,,,
2016-02-15,3.9,3.9,3.8,3.9,45360,176904.0,,,,,,,,
2016-02-16,4.0,4.0,3.9,3.9,227950,889005.0,,,,,,,,
2016-02-17,4.0,4.0,3.8,3.9,70090,273351.0,,,,,,,,
2016-02-18,3.9,4.0,3.8,3.9,273000,1064700.0,,,,,,,,
2016-02-19,4.0,4.0,3.8,3.9,120260,469014.0,,,,,,,,
2016-02-22,3.9,4.0,3.9,3.9,169070,659373.0,,,,,,,,
2016-02-23,3.9,4.0,3.9,3.9,187530,731367.0,,,,,,,,
2016-02-24,3.9,4.0,3.8,3.9,141580,552162.0,,,,,,,,
2016-02-25,3.9,3.9,3.8,3.8,220010,836038.0,,,,,,,,
2016-02-26,3.8,4.0,3.8,3.9,111920,436488.0,,,,,,,,
2016-02-29,4.0,4.1,4.0,4.1,185380,760057.9999999999,,,,,,,,
2016-03-01,4.3,4.3,4.3,4.3,305810,1314983.0,,,,,,,,
2016-03-02,4.5,4.5,4.2,4.4,609130,2680172.0,,,,,,,,
2016-03-03,4.3,4.3,4.1,4.2,160080,672336.0,,,,,,,,
2016-03-04,4.2,4.3,4.1,4.3,198690,854367.0,,,,,,,,
2016-03-07,4.2,4.3,4.2,4.2,137920,579264.0,,,,,,,,
2016-03-08,4.1,4.2,4.1,4.2,112440,472248.0,,,,,,,,
2016-03-09,4.2,4.3,4.1,4.2,125280,526176.0,,,,,,,,
2016-03-10,4.2,4.4,4.2,4.4,546700,2405480.0,,,,,,,,
2016-03-11,4.6,4.6,4.4,4.5,391320,1760940.0,,,,,,,,
2016-03-14,4.6,4.8,4.6,4.8,1071590,5143632.0,,,,,,,,
2016-03-15,4.8,4.8,4.5,4.7,586110,2754717.0,,,,,,,,
2016-03-16,4.7,5.0,4.6,5.0,1021760,5108800.0,,,,,,,,
2016-03-17,4.9,5.0,4.8,4.8,478930,2298864.0,,,,,,,,
2016-03-18,4.9,4.9,4.7,4.9,164820,807618.0000000001,,,,,,,,
2016-03-21,4.8,4.8,4.6,4.7,548100,2576070.0,,,,,,,,
2016-03-22,4.7,4.7,4.5,4.5,402470,1811115.0,,,,,,,,
2016-03-23,4.4,4.7,4.4,4.7,660330,3103551.0,,,,,,,,
2016-03-24,4.6,4.7,4.5,4.5,276500,1244250.0,,,,,,,,
2016-03-25,4.6,4.6,4.4,4.5,335190,1508355.0,,,,,,,,
2016-03-28,4.5,4.8,4.4,4.7,704730,3312231.0,,,,,,,,
2016-03-29,4.7,4.8,4.4,4.6,408090,1877214.0,,,,,,,,
2016-03-30,4.5,4.7,4.5,4.7,463140,2176758.0,,,,,,,,
2016-03-31,4.6,4.7,4.4,4.4,425320,1871408.0,,,,,,,,
2016-04-01,4.4,4.7,4.3,4.7,1533390,7206933.0,,,,,,,,
2016-04-04,5.0,5.0,4.7,5.0,1153540,5767700.0,,,,,,,,
2016-04-05,4.9,5.0,4.8,4.8,314850,1511280.0,,,,,,,,
2016-04-06,4.8,5.1,4.8,5.1,1894790,9663429.0,,,,,,,,
2016-04-07,5.4,5.4,5.3,5.4,1206480,6514992.0,,,,,,,,
2016-04-08,5.7,5.7,5.7,5.7,482230,2748711.0,,,,,,,,
2016-04-11,6.0,6.0,6.0,6.0,297910,1787460.0,,,,,,,,
2016-04-12,6.4,6.4,6.1,6.2,5094190,31583978.0,,,,,,,,
2016-04-13,6.3,6.3,5.9,6.2,915130,5673806.0,,,,,,,,
2016-04-14,6.3,6.6,6.2,6.6,677670,4472622.0,,,,,,,,
2016-04-15,7.0,7.0,6.9,7.0,2708070,18956490.0,,,,,,,,
2016-04-19,7.1,7.4,6.7,7.2,2397560,17262432.0,,,,,,,,
2016-04-20,7.1,7.4,6.9,7.2,1424740,10258128.0,,,,,,,,
2016-04-21,7.3,7.3,6.7,6.7,1664600,11152820.0,,,,,,,,
2016-04-22,6.4,6.7,6.3,6.4,1914690,12254016.0,,,,,,,,
2016-04-25,6.8,6.8,6.7,6.8,777850,5289380.0,,,,,,,,
2016-04-26,7.0,7.0,6.5,6.5,1118320,7269080.0,,,,,,,,
2016-04-27,6.6,6.7,6.5,6.5,757710,4925115.0,,,,,,,,
2016-04-28,6.6,6.6,6.2,6.2,459660,2849892.0,,,,,,,,
2016-04-29,6.1,6.5,6.1,6.2,735170,4558054.0,,,,,,,,
2016-05-04,6.2,6.5,6.2,6.3,755230,4757949.0,,,,,,,,
2016-05-05,6.2,6.7,6.2,6.7,1414810,9479227.0,,,,,,,,
2016-05-06,6.7,7.0,6.6,6.7,995500,6669850.0,,,,,,,,
2016-05-09,6.7,6.8,6.4,6.5,605450,3935425.0,,,,,,,,
2016-05-10,6.4,6.5,6.2,6.4,498320,3189248.0,,,,,,,,
2016-05-11,6.3,6.7,6.3,6.6,513230,3387318.0,,,,,,,,
2016-05-12,6.6,6.7,6.5,6.6,509220,3360852.0,,,,,,,,
2016-05-13,6.5,6.6,6.3,6.5,537670,3494855.0,,,,,,,,
2016-05-16,6.4,6.6,6.3,6.3,424130,2672019.0,,,,,,,,
2016-05-17,6.4,6.7,6.4,6.5,718270,4668755.0,,,,,,,,
2016-05-18,6.6,6.7,6.4,6.5,470260,3056690.0,,,,,,,,
2016-05-19,6.5,6.9,6.5,6.9,1600420,11042898.0,,,,,,,,
2016-05-20,7.0,7.2,7.0,7.1,725170,5148707.0,,,,,,,,
2016-05-23,7.5,7.5,7.4,7.5,967590,7256925.0,,,,,,,,
2016-05-24,7.7,8.0,7.6,7.6,2251260,17109576.0,,,,,,,,
2016-05-25,7.7,7.7,7.4,7.5,876800,6576000.0,,,,,,,,
2016-05-26,7.5,7.6,7.0,7.2,1697860,12224592.0,,,,,,,,
2016-05-27,7.1,7.4,7.0,7.2,579650,4173480.0,,,,,,,,
2016-05-30,7.2,7.2,7.0,7.1,932000,6617200.0,,,,,,,,
2016-05-31,7.0,7.5,6.9,7.5,1576130,11820975.0,,,,,,,,
2016-06-01,7.5,7.8,7.4,7.5,574040,4305300.0,,,,,,,,
2016-06-02,7.6,7.8,7.5,7.7,707670,5449059.0,,,,,,,,
2016-06-03,7.6,7.8,7.3,7.3,928680,6779364.0,,,,,,,,
2016-06-06,7.3,7.4,7.0,7.2,756050,5443560.0,,,,,,,,
2016-06-07,7.3,7.4,7.1,7.2,998910,7192152.0,,,,,,,,
2016-06-08,7.2,7.4,7.1,7.2,625380,4502736.0,,,,,,,,
2016-06-09,7.2,7.3,7.1,7.3,663780,4845594.0,,,,,,,,
2016-06-10,7.3,7.4,7.2,7.2,712800,5132160.0,,,,,,,,
2016-06-13,7.1,7.2,6.7,6.8,1148490,7809732.0,,,,,,,,
2016-06-14,6.8,7.1,6.7,7.0,510150,3571050.0,,,,,,,,
2016-06-15,6.9,7.0,6.8,7.0,354340,2480380.0,,,,,,,,
2016-06-16,6.9,7.0,6.8,6.8,585360,3980448.0,,,,,,,,
2016-06-17,6.7,6.8,6.6,6.8,389690,2649892.0,,,,,,,,
2016-06-20,6.7,6.9,6.6,6.7,396060,2653602.0,,,,,,,,
2016-06-21,6.7,6.9,6.6,6.9,457200,3154680.0,,,,,,,,
2016-06-22,6.8,6.9,6.7,6.8,395080,2686544.0,,,,,,,,
2016-06-23,6.8,6.8,6.6,6.7,324600,2174820.0,,,,,,,,
2016-06-24,6.6,6.6,6.3,6.3,1283360,8085168.0,,,,,,,,
2016-06-27,6.2,6.4,5.9,6.4,967420,6191488.0,,,,,,,,
2016-06-28,6.2,6.4,6.2,6.2,166810,1034222.0,,,,,,,,
2016-06-29,6.2,6.4,6.1,6.3,324700,2045610.0,,,,,,,,
2016-06-30,6.3,6.3,5.9,5.9,702350,4143865.000000001,,,,,,,,
2016-07-01,5.9,6.0,5.7,5.8,506400,2937120.0,,,,,,,,
2016-07-04,5.8,6.1,5.8,6.0,526180,3157080.0,,,,,,,,
2016-07-05,6.1,6.3,6.0,6.3,418860,2638818.0,,,,,,,,
2016-07-06,6.0,6.2,6.0,6.2,342620,2124244.0,,,,,,,,
2016-07-07,6.1,6.1,5.9,5.9,524930,3097087.0,,,,,,,,
2016-07-08,5.9,6.1,5.8,6.0,328260,1969560.0,,,,,,,,
2016-07-11,5.9,6.0,5.6,5.8,680230,3945334.0,,,,,,,,
2016-07-12,5.7,5.7,5.5,5.7,408960,2331072.0,,,,,,,,
2016-07-13,5.7,5.9,5.7,5.9,330750,1951425.0,,,,,,,,
2016-07-14,5.8,5.9,5.7,5.9,153300,904470.0,,,,,,,,
2016-07-15,5.8,5.8,5.6,5.7,373320,2127924.0,,,,,,,,
2016-07-18,5.7,5.8,5.6,5.8,100090,580522.0,,,,,,,,
2016-07-19,5.8,6.1,5.8,6.0,623340,3740040.0,,,,,,,,
2016-07-20,6.0,6.0,5.7,5.9,159860,943174.0,,,,,,,,
2016-07-21,5.9,6.0,5.7,5.7,245850,1401345.0,,,,,,,,
2016-07-22,5.7,5.9,5.5,5.9,404920,2389028.0,,,,,,,,
2016-07-25,5.9,5.9,5.7,5.8,120540,699132.0,,,,,,,,
2016-07-26,5.8,5.8,5.6,5.7,269700,1537290.0,,,,,,,,
2016-07-27,5.7,5.7,5.6,5.6,151090,846104.0,,,,,,,,
2016-07-28,5.7,5.8,5.5,5.8,361700,2097860.0,,,,,,,,
2016-07-29,5.8,5.8,5.6,5.6,181790,1018024.0,,,,,,,,
2016-08-01,5.6,5.6,5.4,5.5,186130,1023715.0,,,,,,,,
2016-08-02,5.4,5.4,5.2,5.3,581250,3080625.0,,,,,,,,
2016-08-03,5.2,5.5,5.2,5.4,267750,1445850.0,,,,,,,,
2016-08-04,5.4,5.4,5.3,5.4,444090,2398086.0,,,,,,,,
2016-08-05,5.3,5.3,5.1,5.3,202120,1071236.0,,,,,,,,
2016-08-08,5.2,5.3,5.1,5.1,197520,1007352.0,,,,,,,,
2016-08-09,5.1,5.3,5.0,5.2,174210,905892.0,,,,,,,,
2016-08-10,5.1,5.3,5.0,5.3,241340,1279102.0,,,,,,,,
2016-08-11,5.3,5.4,5.2,5.4,289690,1564326.0,,,,,,,,
2016-08-12,5.4,5.6,5.3,5.3,188540,999262.0,,,,,,,,
2016-08-15,5.3,5.4,5.2,5.3,218680,1159004.0,,,,,,,,
2016-08-16,5.2,5.4,5.1,5.3,339580,1799774.0,,,,,,,,
2016-08-17,5.1,5.3,5.1,5.2,276480,1437696.0,,,,,,,,
2016-08-18,5.1,5.3,5.1,5.3,152030,805759.0,,,,,,,,
2016-08-19,5.3,5.3,5.2,5.2,100960,524992.0,,,,,,,,
2016-08-22,5.2,5.2,5.0,5.2,176940,920088.0,,,,,,,,
2016-08-23,5.1,5.1,4.9,5.0,378070,1890350.0,,,,,,,,
2016-08-24,5.0,5.3,5.0,5.3,728060,3858718.0,,,,,,,,
2016-08-25,5.5,5.6,5.5,5.6,735220,4117232.0,,,,,,,,
2016-08-26,5.5,5.8,5.5,5.7,577370,3291009.0,,,,,,,,
2016-08-29,5.6,5.7,5.4,5.4,371310,2005074.0,,,,,,,,
2016-08-30,5.4,5.6,5.3,5.6,264690,1482264.0,,,,,,,,
2016-08-31,5.6,5.6,5.4,5.5,120730,664015.0,,,,,,,,
2016-09-01,5.5,5.8,5.4,5.7,572770,3264789.0,,,,,,,,
2016-09-05,5.7,5.8,5.7,5.8,192710,1117718.0,,,,,,,,
2016-09-06,5.7,5.9,5.7,5.8,154630,896854.0,,,,,,,,
2016-09-07,5.8,5.8,5.5,5.6,173420,971152.0,,,,,,,,
2016-09-08,5.6,5.7,5.4,5.5,64880,356840.0,,,,,,,,
2016-09-09,5.4,5.8,5.4,5.7,189000,1077300.0,,,,,,,,
2016-09-12,5.7,5.7,5.52,5.69,109700,624193.0,,,,,,,,
2016-09-13,5.69,5.69,5.5,5.6,56310,315336.0,,,,,,,,
2016-09-14,5.52,5.52,5.36,5.48,219920,1205161.6,,,,,,,,
2016-09-15,5.4,5.48,5.2,5.4,241950,1306530.0,,,,,,,,
2016-09-16,5.2,5.3,5.12,5.3,97270,515531.0,,,,,,,,
2016-09-19,5.4,5.4,5.1,5.2,94230,489996.0,,,,,,,,
2016-09-20,5.3,5.3,5.19,5.23,204380,1068907.4,,,,,,,,
2016-09-21,5.23,5.34,5.16,5.34,156980,838273.2,,,,,,,,
2016-09-22,5.38,5.38,5.21,5.32,32830,174655.6,,,,,,,,
2016-09-23,5.21,5.31,5.19,5.25,119220,625905.0,,,,,,,,
2016-09-26,5.2,5.3,5.2,5.25,61890,324922.5,,,,,,,,
2016-09-27,5.2,5.26,5.1,5.25,212930,1117882.5,,,,,,,,
2016-09-28,5.2,5.6,5.11,5.5,155990,857945.0,,,,,,,,
2016-09-29,5.4,5.5,5.4,5.49,91880,504421.2,,,,,,,,
2016-09-30,5.47,5.49,5.26,5.45,61290,334030.5,,,,,,,,
2016-10-03,5.4,5.4,5.2,5.3,53280,282384.0,,,,,,,,
2016-10-04,5.3,5.44,5.3,5.35,124270,664844.5,,,,,,,,
2016-10-05,5.45,5.45,5.2,5.2,122870,638924.0,,,,,,,,
2016-10-06,5.2,5.46,5.2,5.39,371660,2003247.4,,,,,,,,
2016-10-07,5.39,5.39,5.15,5.15,217490,1120073.5,,,,,,,,
2016-10-10,5.36,5.36,5.16,5.21,108840,567056.4,,,,,,,,
2016-10-11,5.19,5.2,5.16,5.2,52820,274664.0,,,,,,,,
2016-10-12,5.2,5.22,5.15,5.2,80840,420368.0,,,,,,,,
2016-10-13,5.16,5.29,5.16,5.17,282650,1461300.5,,,,,,,,
2016-10-14,5.29,5.35,5.2,5.2,159300,828360.0,,,,,,,,
2016-10-17,5.22,5.52,5.22,5.46,577480,3153040.8,,,,,,,,
2016-10-18,5.46,5.7,5.32,5.65,419790,2371813.5,,,,,,,,
2016-10-19,5.65,5.65,5.4,5.6,480750,2692200.0,,,,,,,,
2016-10-20,5.44,5.55,5.39,5.51,347760,1916157.6,,,,,,,,
2016-10-21,5.4,5.5,5.3,5.4,111830,603882.0,,,,,,,,
2016-10-24,5.45,5.46,5.29,5.39,282850,1524561.5,,,,,,,,
2016-10-25,5.26,5.3,5.22,5.28,109680,579110.4,,,,,,,,
2016-10-26,5.3,5.3,5.15,5.15,129710,668006.5,,,,,,,,
2016-10-27,5.15,5.2,5.12,5.17,81850,423164.5,,,,,,,,
2016-10-28,5.16,5.19,5.1,5.15,92620,476993.00000000006,,,,,,,,
2016-10-31,5.15,5.15,5.08,5.15,156840,807726.0,,,,,,,,
2016-11-01,5.15,5.15,5.1,5.1,15780,80478.0,,,,,,,,
2016-11-02,5.1,5.2,5.1,5.2,67510,351052.0,,,,,,,,
2016-11-03,5.1,5.18,5.1,5.18,135850,703703.0,,,,,,,,
2016-11-04,5.12,5.18,5.02,5.16,35760,184521.6,,,,,,,,
2016-11-07,5.12,5.16,5.1,5.1,112090,571659.0,,,,,,,,
2016-11-08,5.05,5.1,5.01,5.03,49720,250091.6,,,,,,,,
2016-11-09,5.0,5.09,4.68,4.79,217110,1039956.9,,,,,,,,
2016-11-10,4.83,4.9,4.7,4.7,264070,1241129.0,,,,,,,,
2016-11-11,4.5,4.79,4.5,4.75,110660,525635.0,,,,,,,,
2016-11-14,4.71,4.78,4.71,4.77,130310,621578.7,,,,,,,,
2016-11-15,4.76,5.1,4.72,5.1,410520,2093652.0,,,,,,,,
2016-11-16,5.45,5.45,5.2,5.45,334490,1822970.5,,,,,,,,
2016-11-17,5.8,5.8,5.35,5.4,178910,966114.0,,,,,,,,
2016-11-18,5.35,5.38,5.2,5.28,66940,353443.2,,,,,,,,
2016-11-21,5.16,5.2,5.16,5.17,66950,346131.5,,,,,,,,
2016-11-22,5.06,5.1,5.0,5.08,171680,872134.4,,,,,,,,
2016-11-23,4.9,5.1,4.9,5.02,190660,957113.2,,,,,,,,
2016-11-24,5.15,5.37,5.15,5.37,385910,2072336.7,,,,,,,,
2016-11-25,5.6,5.6,5.26,5.35,180730,966905.5,,,,,,,,
2016-11-28,5.25,5.25,5.15,5.21,63920,333023.2,,,,,,,,
2016-11-29,5.15,5.3,5.1,5.2,177000,920400.0,,,,,,,,
2016-11-30,5.16,5.2,5.0,5.2,97530,507156.0,,,,,,,,
2016-12-01,5.1,5.3,5.1,5.19,107190,556316.1000000001,,,,,,,,
2016-12-02,5.14,5.14,5.07,5.14,99060,509168.4,,,,,,,,
2016-12-05,5.1,5.1,5.0,5.1,138160,704616.0,,,,,,,,
2016-12-06,5.12,5.12,4.9,4.9,104790,513471.00000000006,,,,,,,,
2016-12-07,5.07,5.07,4.9,5.0,29590,147950.0,,,,,,,,
2016-12-08,5.06,5.15,4.9,5.15,15530,79979.5,,,,,,,,
2016-12-09,5.19,5.19,4.89,5.1,40250,205275.0,,,,,,,,
2016-12-12,5.05,5.05,4.86,4.9,79010,387149.0,,,,,,,,
2016-12-13,4.82,4.95,4.8,4.9,38350,187915.0,,,,,,,,
2016-12-14,4.9,5.0,4.8,5.0,58400,292000.0,,,,,,,,
2016-12-15,5.0,5.0,4.85,4.95,9540,47223.0,,,,,,,,
2016-12-16,4.95,4.99,4.8,4.95,65010,321799.5,,,,,,,,
2016-12-19,5.05,5.1,4.81,5.05,28150,142157.5,,,,,,,,
2016-12-20,5.12,5.12,4.95,5.0,1490,7450.0,,,,,,,,
2016-12-21,5.0,5.1,4.95,5.0,65410,327050.0,,,,,,,,
2016-12-22,5.0,5.2,5.0,5.1,374210,1908471.0,,,,,,,,
2016-12-23,5.19,5.19,5.09,5.15,62880,323832.0,,,,,,,,
2016-12-26,5.18,5.18,5.0,5.1,31740,161874.0,,,,,,,,
2016-12-27,5.1,5.19,4.82,5.12,155770,797542.4,,,,,,,,
2016-12-28,5.0,5.1,5.0,5.0,46760,233800.0,,,,,,,,
2016-12-29,5.1,5.1,4.91,5.08,21400,108712.0,,,,,,,,
2016-12-30,5.08,5.08,4.93,4.93,34940,172254.19999999998,,,,,,,,
2017-01-03,4.91,5.1,4.91,5.04,19410,97826.4,,,,,,,,
2017-01-04,5.05,5.08,4.95,5.04,18130,91375.2,,,,,,,,
2017-01-05,5.04,5.16,4.96,5.15,190900,983135.0,,,,,,,,
2017-01-06,5.15,5.29,5.11,5.25,104410,548152.5,,,,,,,,
2017-01-09,5.16,5.2,5.06,5.11,94050,480595.50000000006,,,,,,,,
2017-01-10,5.16,5.16,5.05,5.14,24960,128294.4,,,,,,,,
2017-01-11,5.19,5.19,5.05,5.05,17960,90698.0,,,,,,,,
2017-01-12,5.01,5.05,4.95,5.05,31190,157509.5,,,,,,,,
2017-01-13,5.1,5.15,4.96,4.99,30370,151546.30000000002,,,,,,,,
2017-01-16,5.09,5.09,4.91,5.06,22950,116127.0,,,,,,,,
2017-01-17,5.05,5.1,4.95,5.0,74740,373700.0,,,,,,,,
2017-01-18,5.1,5.2,5.1,5.15,260190,1339978.5,,,,,,,,
2017-01-19,5.05,5.15,5.05,5.14,148700,764318.0,,,,,,,,
2017-01-20,5.14,5.19,5.0,5.19,97840,507789.6,,,,,,,,
2017-01-23,5.01,5.19,5.01,5.14,152930,786060.2,,,,,,,,
2017-01-24,5.13,5.2,5.1,5.2,111500,579800.0,,,,,,,,
2017-01-25,5.12,5.2,5.05,5.2,47320,246064.0,,,,,,,,
2017-02-02,5.2,5.2,5.03,5.1,42630,217413.0,,,,,,,,
2017-02-03,5.09,5.1,4.99,5.0,162540,812700.0,,,,,,,,
2017-02-06,5.09,5.09,5.0,5.04,28480,143539.2,,,,,,,,
2017-02-07,5.0,5.08,5.0,5.0,81110,405550.0,,,,,,,,
2017-02-08,5.07,5.07,4.9,4.9,46250,226625.00000000003,,,,,,,,
2017-02-09,4.9,5.01,4.9,5.01,68560,343485.6,,,,,,,,
2017-02-10,5.09,5.09,4.9,4.9,71900,352310.0,,,,,,,,
2017-02-13,4.9,4.99,4.9,4.99,66770,333182.3,,,,,,,,
2017-02-14,4.99,4.99,4.95,4.96,59050,292888.0,,,,,,,,
2017-02-15,4.92,4.98,4.92,4.98,26280,130874.4,,,,,,,,
2017-02-16,4.98,4.98,4.9,4.95,106560,527472.0,,,,,,,,
2017-02-17,4.95,4.95,4.9,4.9,25810,126469.0,,,,,,,,
2017-02-20,4.9,4.9,4.8,4.8,197650,948720.0,,,,,,,,
2017-02-21,4.8,4.87,4.8,4.82,105160,506871.2,,,,,,,,
2017-02-22,4.81,4.84,4.77,4.78,72970,348796.60000000003,,,,,,,,
2017-02-23,4.74,4.9,4.74,4.88,66550,324764.0,,,,,,,,
2017-02-24,4.93,4.95,4.84,4.9,80570,394793.0,,,,,,,,
2017-02-27,4.9,4.9,4.78,4.78,97550,466289.0,,,,,,,,
2017-02-28,4.8,4.89,4.75,4.89,142340,696042.6,,,,,,,,
2017-03-01,4.85,4.87,4.72,4.85,149710,726093.5,,,,,,,,
2017-03-02,4.84,4.84,4.76,4.82,26500,127730.0,,,,,,,,
2017-03-03,4.8,4.8,4.75,4.75,44340,210615.0,,,,,,,,
2017-03-06,4.8,4.9,4.75,4.75,105390,500602.5,,,,,,,,
2017-03-07,4.81,4.81,4.74,4.74,69640,330093.60000000003,,,,,,,,
2017-03-08,4.71,4.79,4.71,4.74,23740,112527.6,,,,,,,,
2017-03-09,4.73,4.75,4.7,4.74,27460,130160.4,,,,,,,,
2017-03-10,4.66,4.74,4.65,4.65,56440,262446.0,,,,,,,,
2017-03-13,4.78,4.78,4.6,4.61,48890,225382.9,,,,,,,,
2017-03-14,4.63,4.66,4.6,4.65,34140,158751.0,,,,,,,,
2017-03-15,4.69,4.69,4.6,4.61,35200,162272.0,,,,,,,,
2017-03-16,4.61,4.68,4.6,4.62,32490,150103.80000000002,,,,,,,,
2017-03-17,4.62,4.71,4.61,4.7,113820,534954.0,,,,,,,,
2017-03-20,4.8,4.9,4.8,4.86,346050,1681803.0,,,,,,,,
2017-03-21,4.89,4.89,4.81,4.85,45450,220432.5,,,,,,,,
2017-03-22,4.8,4.8,4.64,4.64,87060,403958.4,,,,,,,,
2017-03-23,4.64,4.69,4.57,4.63,92190,426839.7,,,,,,,,
2017-03-24,4.58,4.69,4.54,4.56,42720,194803.2,,,,,,,,
2017-03-27,4.56,4.6,4.5,4.5,116290,523305.0,,,,,,,,
2017-03-28,4.5,4.61,4.48,4.5,109780,494010.0,,,,,,,,
2017-03-29,4.58,4.58,4.49,4.57,58080,265425.60000000003,,,,,,,,
2017-03-30,4.57,4.57,4.5,4.51,30030,135435.3,,,,,,,,
2017-03-31,4.58,4.6,4.5,4.6,59320,272872.0,,,,,,,,
2017-04-03,4.6,4.62,4.6,4.6,13260,60995.99999999999,,,,,,,,
2017-04-04,4.55,4.6,4.54,4.55,85200,387660.0,,,,,,,,
2017-04-05,4.54,4.6,4.5,4.6,103860,477756.0,,,,,,,,
2017-04-07,4.6,4.62,4.5,4.5,71060,319770.0,,,,,,,,
2017-04-10,4.5,4.58,4.48,4.58,40420,185123.6,,,,,,,,
2017-04-11,4.51,4.58,4.5,4.5,42750,192375.0,,,,,,,,
2017-04-12,4.57,4.57,4.36,4.44,86340,383349.6,,,,,,,,
2017-04-13,4.42,4.43,4.36,4.42,75380,333179.6,,,,,,,,
2017-04-14,4.4,4.42,4.12,4.41,349000,1539090.0,,,,,,,,
2017-04-17,4.41,4.45,4.36,4.43,46100,204223.0,,,,,,,,
2017-04-18,4.5,4.5,4.36,4.44,15160,67310.40000000001,,,,,,,,
2017-04-19,4.44,4.44,4.38,4.43,18660,82663.79999999999,,,,,,,,
2017-04-20,4.4,4.47,4.31,4.39,8550,37534.5,,,,,,,,
2017-04-21,4.22,4.34,4.19,4.2,59350,249270.0,,,,,,,,
2017-04-24,4.1,4.19,4.01,4.17,36930,153998.1,,,,,,,,
2017-04-25,4.01,4.17,4.01,4.15,21660,89889.00000000001,,,,,,,,
2017-04-26,4.04,4.14,4.0,4.13,63290,261387.7,,,,,,,,
2017-04-27,4.12,4.13,4.03,4.13,31660,130755.8,,,,,,,,
2017-04-28,4.15,4.15,4.04,4.15,42720,177288.00000000003,,,,,,,,
2017-05-03,4.15,4.19,4.07,4.07,11060,45014.2,,,,,,,,
2017-05-04,4.07,4.15,4.07,4.09,18130,74151.7,,,,,,,,
2017-05-05,4.15,4.35,4.09,4.35,63700,277095.0,,,,,,,,
2017-05-08,4.35,4.42,4.2,4.24,142180,602843.2000000001,,,,,,,,
2017-05-09,4.35,4.35,4.1,4.22,96930,409044.6,,,,,,,,
2017-05-10,4.22,4.22,4.16,4.22,31980,134955.6,,,,,,,,
2017-05-11,4.24,4.29,4.22,4.29,82100,352209.0,,,,,,,,
2017-05-12,4.29,4.51,4.29,4.43,330320,1463317.6,,,,,,,,
2017-05-15,4.45,4.65,4.43,4.6,718070,3303121.9999999995,,,,,,,,
2017-05-16,4.7,4.71,4.48,4.54,166980,758089.2,,,,,,,,
2017-05-17,4.5,4.5,4.38,4.48,82720,370585.6,,,,,,,,
2017-05-18,4.4,4.45,4.36,4.41,177030,780702.3,,,,,,,,
2017-05-19,4.43,4.5,4.3,4.5,112700,507150.0,,,,,,,,
2017-05-22,4.49,4.5,4.3,4.45,61720,274654.0,,,,,,,,
2017-05-23,4.32,4.45,4.3,4.38,68200,298716.0,,,,,,,,
2017-05-24,4.31,4.42,4.2,4.42,96430,426220.6,,,,,,,,
2017-05-25,4.42,4.42,4.3,4.3,55340,237962.0,,,,,,,,
2017-05-26,4.38,4.39,4.31,4.32,29130,125841.6,,,,,,,,
2017-05-29,4.3,4.5,4.3,4.38,44990,197056.2,,,,,,,,
2017-05-30,4.38,4.4,4.3,4.37,26570,116110.9,,,,,,,,
2017-05-31,4.35,4.37,4.3,4.37,21820,95353.4,,,,,,,,
2017-06-01,4.35,4.38,4.27,4.32,26440,114220.8,,,,,,,,
2017-06-02,4.29,4.36,4.25,4.32,59140,255484.8,,,,,,,,
2017-06-05,4.25,4.35,4.25,4.34,67940,294859.6,,,,,,,,
2017-06-06,4.35,4.64,4.35,4.64,622780,2889699.2,,,,,,,,
2017-06-07,4.96,4.96,4.95,4.96,286960,1423321.6,,,,,,,,
2017-06-08,5.29,5.29,4.94,5.05,319200,1611960.0,,,,,,,,
2017-06-09,4.8,5.0,4.77,4.93,153360,756064.7999999999,,,,,,,,
2017-06-12,4.8,4.8,4.63,4.76,74000,352240.0,,,,,,,,
2017-06-13,4.55,4.66,4.5,4.66,135440,631150.4,,,,,,,,
2017-06-14,4.68,4.68,4.4,4.4,152220,669768.0,,,,,,,,
2017-06-15,4.4,4.62,4.4,4.5,93230,419535.0,,,,,,,,
2017-06-16,4.7,4.7,4.46,4.55,35200,160160.0,,,,,,,,
2017-06-19,4.47,4.6,4.43,4.51,133090,600235.9,,,,,,,,
2017-06-20,4.56,4.57,4.4,4.49,96860,434901.4,,,,,,,,
2017-06-21,4.55,4.55,4.34,4.49,37170,166893.30000000002,,,,,,,,
2017-06-22,4.39,4.49,4.36,4.4,31840,140096.0,,,,,,,,
2017-06-23,4.43,4.48,4.4,4.4,106010,466444.00000000006,,,,,,,,
2017-06-26,4.45,4.48,4.33,4.45,34610,154014.5,,,,,,,,
2017-06-27,4.47,4.49,4.38,4.45,35050,155972.5,,,,,,,,
2017-06-28,4.45,4.5,4.38,4.47,28910,129227.7,,,,,,,,
2017-06-29,4.45,4.5,4.41,4.48,24770,110969.6,,,,,,,,
2017-06-30,4.4,4.45,4.39,4.45,34400,153080.0,,,,,,,,
2017-07-03,4.39,4.45,4.35,4.42,64430,284780.6,,,,,,,,
2017-07-04,4.42,4.45,4.15,4.45,87210,388084.5,,,,,,,,
2017-07-05,4.44,4.45,4.3,4.45,112260,499557.0,,,,,,,,
2017-07-06,4.43,4.64,4.43,4.54,148210,672873.4,,,,,,,,
2017-07-07,4.5,4.61,4.49,4.49,77460,347795.4,,,,,,,,
2017-07-10,4.49,4.59,4.31,4.5,90830,408735.0,,,,,,,,
2017-07-11,4.54,4.81,4.54,4.81,918380,4417407.8,,,,,,,,
2017-07-12,5.14,5.14,5.13,5.14,787790,4049240.6,,,,,,,,
2017-07-13,5.2,5.38,4.9,5.0,394150,1970750.0,,,,,,,,
2017-07-14,4.7,4.89,4.7,4.79,363080,1739153.2,,,,,,,,
2017-07-17,4.74,4.74,4.5,4.65,496610,2309236.5,,,,,,,,
2017-07-18,4.52,4.63,4.5,4.63,144920,670979.6,,,,,,,,
2017-07-19,4.53,4.63,4.5,4.6,256220,1178612.0,,,,,,,,
2017-07-20,4.5,4.6,4.49,4.54,106510,483555.4,,,,,,,,
2017-07-21,4.58,4.85,4.54,4.85,166810,809028.4999999999,,,,,,,,
2017-07-24,4.85,4.85,4.55,4.6,44630,205298.0,,,,,,,,
2017-07-25,4.6,4.67,4.56,4.65,54120,251658.00000000003,,,,,,,,
2017-07-26,4.58,4.65,4.54,4.63,176970,819371.1,,,,,,,,
2017-07-27,4.69,4.69,4.31,4.56,172280,785596.7999999999,,,,,,,,
2017-07-28,4.51,4.58,4.47,4.5,126460,569070.0,,,,,,,,
2017-07-31,4.55,4.69,4.44,4.65,228260,1061409.0,,,,,,,,
2017-08-01,4.65,4.66,4.58,4.63,61440,284467.2,,,,,,,,
2017-08-02,4.6,4.64,4.58,4.58,218880,1002470.4,,,,,,,,
2017-08-03,4.58,4.79,4.58,4.74,156500,741810.0,,,,,,,,
2017-08-04,4.61,4.74,4.61,4.66,32510,151496.6,,,,,,,,
2017-08-07,4.62,4.77,4.56,4.68,309990,1450753.2,,,,,,,,
2017-08-08,4.7,4.73,4.61,4.65,195240,907866.0,,,,,,,,
2017-08-09,4.6,4.7,4.58,4.58,279540,1280293.2,,,,,,,,
2017-08-10,4.56,4.66,4.5,4.53,70880,321086.4,,,,,,,,
2017-08-11,4.54,4.58,4.5,4.5,139660,628470.0,,,,,,,,
2017-08-14,4.6,4.6,4.5,4.5,68840,309780.0,,,,,,,,
2017-08-15,4.5,4.6,4.5,4.54,72200,327788.0,,,,,,,,
2017-08-16,4.51,4.55,4.48,4.48,47910,214636.8,,,,,,,,
2017-08-17,4.59,4.59,4.45,4.48,40820,182873.6,,,,,,,,
2017-08-18,4.48,4.5,4.4,4.5,65520,294840.0,,,,,,,,
2017-08-21,4.5,4.5,4.45,4.5,25570,115065.0,,,,,,,,
2017-08-22,4.5,4.5,4.4,4.45,94620,421059.0,,,,,,,,
2017-08-23,4.36,4.4,4.2,4.3,220260,947118.0,,,,,,,,
2017-08-24,4.3,4.3,4.19,4.2,315090,1323378.0,,,,,,,,
2017-08-25,4.25,4.25,4.08,4.16,313150,1302704.0,,,,,,,,
2017-08-28,4.2,4.3,4.15,4.3,174120,748716.0,,,,,,,,
2017-08-29,4.24,4.24,4.17,4.23,126910,536829.3,,,,,,,,
2017-08-30,4.11,4.23,4.11,4.2,121110,508662.0,,,,,,,,
2017-08-31,4.15,4.18,4.12,4.16,155970,648835.2000000001,,,,,,,,
2017-09-01,4.16,4.16,4.06,4.14,264130,1093498.2,,,,,,,,
2017-09-05,4.13,4.2,4.11,4.2,47810,200802.0,,,,,,,,
2017-09-06,4.12,4.2,4.11,4.15,42150,174922.50000000003,,,,,,,,
2017-09-07,4.2,4.38,4.17,4.25,137480,584290.0,,,,,,,,
2017-09-08,4.25,4.25,4.19,4.19,13590,56942.100000000006,,,,,,,,
2017-09-11,4.19,4.19,4.15,4.16,32990,137238.4,,,,,,,,
2017-09-12,4.16,4.16,4.14,4.15,24900,103335.0,,,,,,,,
2017-09-13,4.2,4.2,4.09,4.2,65080,273336.0,,,,,,,,
2017-09-14,4.2,4.21,4.2,4.21,12780,53803.8,,,,,,,,
2017-09-15,4.11,4.2,4.09,4.14,107450,444843.0,,,,,,,,
2017-09-18,4.14,4.14,4.1,4.14,35340,146307.59999999998,,,,,,,,
2017-09-19,4.12,4.13,4.08,4.09,165680,677631.2,,,,,,,,
2017-09-20,4.1,4.11,4.05,4.09,170350,696731.5,,,,,,,,
2017-09-21,4.1,4.1,4.01,4.08,273230,1114778.4,,,,,,,,
2017-09-22,4.08,4.18,4.02,4.18,119600,499928.0,,,,,,,,
2017-09-25,4.08,4.2,4.08,4.15,124770,517795.50000000006,,,,,,,,
2017-09-26,4.11,4.15,4.09,4.15,92450,383667.50000000006,,,,,,,,
2017-09-27,4.1,4.18,4.1,4.15,148960,618184.0,,,,,,,,
2017-09-28,4.16,4.25,4.16,4.2,185340,778428.0,,,,,,,,
2017-09-29,4.2,4.2,4.16,4.2,14550,61110.0,,,,,,,,
2017-10-02,4.2,4.2,4.08,4.15,106420,441643.00000000006,,,,,,,,
2017-10-03,4.1,4.1,4.01,4.08,108950,444516.0,,,,,,,,
2017-10-04,4.02,4.1,4.0,4.08,87970,358917.60000000003,,,,,,,,
2017-10-05,4.08,4.08,4.0,4.06,172370,699822.2,,,,,,,,
2017-10-06,4.06,4.06,4.0,4.04,25930,104757.2,,,,,,,,
2017-10-09,4.06,4.09,4.0,4.04,61560,248702.4,,,,,,,,
2017-10-10,4.03,4.04,3.99,4.04,31810,128512.4,,,,,,,,
2017-10-11,4.04,4.05,4.0,4.02,25190,101263.8,,,,,,,,
2017-10-12,4.0,4.03,3.97,4.02,84540,339850.8,,,,,,,,
2017-10-13,4.04,4.04,3.98,4.03,35050,141251.5,,,,,,,,
2017-10-16,4.03,4.03,3.98,4.03,38260,154187.80000000002,,,,,,,,
2017-10-17,3.94,4.2,3.94,4.2,113660,477372.0,,,,,,,,
2017-10-18,4.11,4.18,4.08,4.13,22540,93090.2,,,,,,,,
2017-10-19,4.13,4.13,4.1,4.11,29120,119683.2,,,,,,,,
2017-10-20,4.05,4.07,4.0,4.05,55400,224370.0,,,,,,,,
2017-10-23,4.0,4.05,3.93,3.97,88080,349677.60000000003,,,,,,,,
2017-10-24,3.84,3.99,3.84,3.99,87060,347369.4,,,,,,,,
2017-10-25,3.97,3.99,3.9,3.95,85690,338475.5,,,,,,,,
2017-10-26,3.99,4.03,3.9,3.93,94200,370206.0,,,,,,,,
2017-10-27,3.96,4.03,3.9,4.03,19910,80237.3,,,,,,,,
2017-10-30,4.03,4.03,3.95,3.96,20170,79873.2,,,,,,,,
2017-10-31,3.88,3.94,3.7,3.7,62860,232582.0,,,,,,,,
2017-11-01,3.7,3.86,3.7,3.76,80250,301740.0,,,,,,,,
2017-11-02,3.84,3.88,3.84,3.88,2020,7837.599999999999,,,,,,,,
2017-11-03,3.99,3.99,3.61,3.99,13600,54264.0,,,,,,,,
2017-11-06,3.97,3.97,3.75,3.93,28770,113066.1,,,,,,,,
2017-11-07,3.96,3.97,3.93,3.93,17780,69875.40000000001,,,,,,,,
2017-11-08,3.88,3.96,3.88,3.96,19300,76428.0,,,,,,,,
2017-11-09,3.95,3.99,3.95,3.96,9520,37699.2,,,,,,,,
2017-11-10,3.99,4.05,3.9,4.04,191390,773215.6,,,,,,,,
2017-11-13,4.04,4.04,3.9,4.0,8860,35440.0,,,,,,,,
2017-11-14,3.9,3.9,3.85,3.88,12440,48267.2,,,,,,,,
2017-11-15,3.8,3.9,3.8,3.88,29820,115701.6,,,,,,,,
2017-11-16,3.88,3.99,3.77,3.98,114930,457421.4,,,,,,,,
2017-11-17,3.95,3.96,3.9,3.95,7260,28677.0,,,,,,,,
2017-11-20,3.9,3.9,3.89,3.9,29370,114543.0,,,,,,,,
2017-11-21,3.9,3.9,3.89,3.89,95890,373012.1,,,,,,,,
2017-11-22,3.88,3.89,3.8,3.89,22070,85852.3,,,,,,,,
2017-11-23,3.89,3.95,3.81,3.94,257910,1016165.4,,,,,,,,
2017-11-24,3.94,3.97,3.9,3.97,28180,111874.6,,,,,,,,
2017-11-27,4.04,4.1,3.96,4.01,54400,218144.0,,,,,,,,
2017-11-28,4.01,4.05,3.98,4.01,19350,77593.5,,,,,,,,
2017-11-29,4.0,4.05,3.96,4.01,42660,171066.59999999998,,,,,,,,
2017-11-30,4.01,4.01,3.96,4.0,56260,225040.0,,,,,,,,
2017-12-01,3.95,3.96,3.95,3.95,32250,127387.5,,,,,,,,
2017-12-04,3.95,4.02,3.9,3.96,115400,456984.0,,,,,,,,
2017-12-05,3.95,4.0,3.94,4.0,54000,216000.0,,,,,,,,
2017-12-06,4.0,4.0,3.95,4.0,25640,102560.0,,,,,,,,
2017-12-07,3.95,4.0,3.95,4.0,17110,68440.0,,,,,,,,
2017-12-08,3.95,4.03,3.93,4.01,324040,1299400.4,,,,,,,,
2017-12-11,4.01,4.03,4.0,4.01,22790,91387.9,,,,,,,,
2017-12-12,4.0,4.0,3.9,4.0,16480,65920.0,,,,,,,,
2017-12-13,3.93,4.0,3.9,4.0,35120,140480.0,,,,,,,,
2017-12-14,3.99,4.0,3.93,3.99,2180,8698.2,,,,,,,,
2017-12-15,3.99,3.99,3.95,3.99,52310,208716.9,,,,,,,,
2017-12-18,3.99,4.15,3.95,4.15,91860,381219.00000000006,,,,,,,,
2017-12-19,4.1,4.19,4.0,4.09,35270,144254.3,,,,,,,,
2017-12-20,4.09,4.18,4.0,4.12,315190,1298582.8,,,,,,,,
2017-12-21,4.13,4.4,4.13,4.35,306140,1331709.0,,,,,,,,
2017-12-22,4.4,4.42,4.3,4.3,131930,567299.0,,,,,,,,
2017-12-25,4.3,4.3,4.18,4.28,14760,63172.8,,,,,,,,
2017-12-26,4.28,4.28,4.14,4.22,70470,297383.4,,,,,,,,
2017-12-27,4.14,4.21,4.07,4.2,294840,1238328.0,,,,,,,,
2017-12-28,4.22,4.22,4.15,4.22,43280,182641.6,,,,,,,,
2017-12-29,4.23,4.3,4.16,4.3,99090,426087.0,,,,,,,,
2018-01-02,4.3,4.3,4.22,4.3,34470,148221.0,0.0,0.0,0.0,0.0,,62.6,0.0,0.0
2018-01-03,4.3,4.36,4.2,4.3,314150,1350845.0,260080.0,0.0,1120000.0,0.0,,62.6,1.12,0.0
2018-01-04,4.27,4.4,4.27,4.39,37980,166732.19999999998,2000.0,0.0,10000.0,0.0,,62.6,0.01,0.0
2018-01-05,4.39,4.39,4.27,4.35,14480,62987.99999999999,0.0,0.0,0.0,0.0,,62.6,0.0,0.0
2018-01-08,4.35,4.35,4.25,4.29,9180,39382.2,0.0,0.0,0.0,0.0,,62.6,0.0,0.0
2018-01-09,4.28,4.36,4.1,4.35,141040,613524.0,56800.0,0.0,250000.0,0.0,,62.6,0.25,0.0
2018-01-10,4.35,4.51,4.35,4.51,155500,701305.0,0.0,0.0,0.0,0.0,,62.6,0.0,0.0
2018-01-11,4.51,4.72,4.4,4.72,180810,853423.2,48740.0,0.0,230000.0,0.0,,62.6,0.23,0.0
2018-01-12,4.53,4.74,4.53,4.73,107700,509421.00000000006,0.0,0.0,0.0,0.0,,62.6,0.0,0.0
2018-01-15,4.74,4.74,4.6,4.67,64720,302242.4,0.0,0.0,0.0,0.0,,62.6,0.0,0.0
2018-01-16,4.62,4.67,4.5,4.67,372390,1739061.3,161620.0,0.0,750000.0,0.0,,62.6,0.75,0.0
2018-01-17,4.67,4.67,4.49,4.58,103670,474808.6,0.0,0.0,0.0,0.0,,62.6,0.0,0.0
2018-01-18,4.42,4.55,4.34,4.42,112890,498973.8,0.0,0.0,0.0,0.0,,62.6,0.0,0.0
2018-01-19,4.42,4.43,4.41,4.42,25950,114699.0,0.0,0.0,0.0,0.0,,62.6,0.0,0.0
2018-01-22,4.42,4.42,4.14,4.39,8380,36788.2,0.0,0.0,0.0,0.0,,62.6,0.0,0.0
2018-01-25,4.35,4.5,4.29,4.38,76260,334018.8,0.0,100.0,0.0,0.0,,62.6,0.0,0.0
2018-01-26,4.44,4.44,4.15,4.39,43110,189252.9,2500.0,0.0,10000.0,0.0,,62.6,0.01,0.0
2018-01-29,4.44,4.44,4.21,4.39,43660,191667.4,0.0,0.0,0.0,0.0,,62.6,0.0,0.0
2018-01-30,4.3,4.38,4.15,4.32,36800,158976.0,0.0,0.0,0.0,0.0,,62.6,0.0,0.0
2018-01-31,4.16,4.3,4.02,4.02,132020,530720.3999999999,0.0,0.0,0.0,0.0,,62.6,0.0,0.0
2018-02-01,4.02,4.04,3.9,4.04,20690,83587.6,100.0,0.0,0.0,0.0,,62.6,0.0,0.0
2018-02-02,4.04,4.1,3.91,4.04,24770,100070.8,2900.0,0.0,10000.0,0.0,,62.6,0.01,0.0
2018-02-05,4.07,4.07,3.82,4.03,11090,44692.7,0.0,0.0,0.0,0.0,,62.6,0.0,0.0
2018-02-06,3.9,4.03,3.75,4.0,57420,229680.0,600.0,0.0,0.0,0.0,,62.6,0.0,0.0
2018-02-07,3.99,4.06,3.99,4.06,78100,317085.99999999994,0.0,0.0,0.0,0.0,,62.6,0.0,0.0
2018-02-08,4.08,4.08,3.79,4.06,75180,305230.8,600.0,0.0,0.0,0.0,,62.6,0.0,0.0
2018-02-09,3.81,4.04,3.8,4.04,28500,115140.0,1000.0,0.0,0.0,0.0,,62.6,0.0,0.0
2018-02-12,4.05,4.05,3.9,4.05,18570,75208.5,0.0,0.0,0.0,0.0,,62.6,0.0,0.0
2018-02-13,4.14,4.14,3.9,4.06,35120,142587.19999999998,0.0,0.0,0.0,0.0,,62.6,0.0,0.0
2018-02-21,4.15,4.15,4.0,4.1,14110,57850.99999999999,5000.0,0.0,20000.0,0.0,,62.6,0.02,0.0
2018-02-22,4.1,4.1,3.9,4.08,53920,219993.6,0.0,0.0,0.0,0.0,,62.6,0.0,0.0
2018-02-23,3.93,4.13,3.93,4.12,286490,1180338.8,0.0,0.0,0.0,0.0,,62.6,0.0,0.0
2018-02-26,4.13,4.25,4.0,4.25,267160,1135430.0,0.0,0.0,0.0,0.0,,62.6,0.0,0.0
2018-02-27,4.28,4.28,4.12,4.25,31620,134385.0,0.0,0.0,0.0,0.0,,62.6,0.0,0.0
2018-02-28,4.27,4.27,4.15,4.25,24590,104507.5,10000.0,0.0,40000.0,0.0,,62.6,0.04,0.0
2018-03-01,4.25,4.25,4.1,4.23,18480,78170.40000000001,10000.0,0.0,40000.0,0.0,,62.6,0.04,0.0
2018-03-02,4.2,4.2,4.0,4.05,29560,119718.0,0.0,0.0,0.0,0.0,,62.6,0.0,0.0
2018-03-05,4.02,4.19,4.02,4.19,13110,54930.90000000001,0.0,0.0,0.0,0.0,,62.6,0.0,0.0
2018-03-06,4.19,4.19,4.0,4.14,34450,142623.0,0.0,0.0,0.0,0.0,,62.6,0.0,0.0
2018-03-07,4.19,4.19,3.96,4.16,74820,311251.2,0.0,0.0,0.0,0.0,,62.6,0.0,0.0
2018-03-08,4.16,4.38,4.15,4.3,58290,250647.0,0.0,0.0,0.0,0.0,,62.6,0.0,0.0
2018-03-09,4.3,4.35,4.2,4.3,53070,228201.0,0.0,4000.0,0.0,20000.0,,62.6,0.0,0.02
2018-03-12,4.33,4.35,4.0,4.3,76810,330283.0,0.0,10000.0,0.0,40000.0,,62.6,0.0,0.04
2018-03-13,4.26,4.27,4.01,4.1,38010,155841.0,0.0,0.0,0.0,0.0,,62.6,0.0,0.0
2018-03-14,4.21,4.29,4.05,4.18,131780,550840.3999999999,0.0,0.0,0.0,0.0,,62.6,0.0,0.0
2018-03-15,4.23,4.23,4.0,4.17,71810,299447.7,10000.0,0.0,40000.0,0.0,,62.6,0.04,0.0
2018-03-16,4.2,4.2,4.17,4.19,7300,30587.000000000004,0.0,0.0,0.0,0.0,,62.6,0.0,0.0
2018-03-19,4.27,4.27,3.99,4.18,535520,2238473.6,15000.0,0.0,60000.0,0.0,,62.6,0.06,0.0
2018-03-20,4.18,4.18,4.0,4.15,5200,21580.000000000004,5000.0,0.0,0.0,0.0,,62.6,0.0,0.0
2018-03-21,4.14,4.14,3.98,4.11,547650,2250841.5,510.0,0.0,0.0,0.0,,62.6,0.0,0.0
2018-03-22,4.11,4.11,3.99,4.1,258330,1059153.0,0.0,0.0,0.0,0.0,,62.6,0.0,0.0
2018-03-23,3.96,4.1,3.85,4.1,290180,1189738.0,1400.0,0.0,10000.0,0.0,,62.6,0.01,0.0
2018-03-26,4.09,4.1,4.08,4.09,617180,2524266.2,0.0,0.0,0.0,0.0,,62.6,0.0,0.0
2018-03-27,4.09,4.09,3.96,4.09,4170,17055.3,0.0,0.0,0.0,0.0,,62.6,0.0,0.0
2018-03-28,4.06,4.06,3.9,4.02,14800,59495.99999999999,0.0,0.0,0.0,0.0,,62.6,0.0,0.0
2018-03-29,4.01,4.02,3.94,4.0,5540,22160.0,0.0,0.0,0.0,0.0,,62.6,0.0,0.0
2018-03-30,3.99,4.1,3.99,4.1,15660,64205.99999999999,0.0,0.0,0.0,0.0,,62.6,0.0,0.0
2018-04-02,4.1,4.1,4.0,4.09,2570,10511.3,0.0,0.0,0.0,0.0,,62.6,0.0,0.0
2018-04-03,4.08,4.14,3.9,4.09,50990,208549.1,60.0,0.0,0.0,0.0,,62.6,0.0,0.0
2018-04-04,4.13,4.13,4.01,4.1,41110,168550.99999999997,0.0,0.0,0.0,0.0,,62.6,0.0,0.0
2018-04-05,3.95,4.1,3.95,4.09,6400,26176.0,0.0,0.0,0.0,0.0,,62.6,0.0,0.0
2018-04-06,4.08,4.08,4.0,4.07,9760,39723.2,0.0,0.0,0.0,0.0,,62.6,0.0,0.0
2018-04-09,4.05,4.05,3.89,4.03,18270,73628.1,0.0,0.0,0.0,0.0,,62.6,0.0,0.0
2018-04-10,4.0,4.07,3.8,4.07,22980,93528.6,0.0,0.0,0.0,0.0,,62.6,0.0,0.0
2018-04-11,4.06,4.06,3.86,4.05,29950,121297.5,0.0,0.0,0.0,0.0,,62.6,0.0,0.0
2018-04-12,3.84,4.05,3.81,4.05,16920,68526.0,0.0,0.0,0.0,0.0,,62.6,0.0,0.0
2018-04-13,4.07,4.15,3.95,4.05,64000,259200.0,0.0,0.0,0.0,0.0,,62.6,0.0,0.0
2018-04-16,4.05,4.06,3.8,4.0,26380,105520.0,0.0,0.0,0.0,0.0,,62.6,0.0,0.0
2018-04-17,4.06,4.09,4.0,4.09,22500,92025.0,0.0,0.0,0.0,0.0,,62.6,0.0,0.0
2018-04-18,4.08,4.08,4.07,4.07,31520,128286.4,0.0,0.0,0.0,0.0,,62.6,0.0,0.0
2018-04-19,4.07,4.07,3.86,4.03,85500,344565.0,0.0,0.0,0.0,0.0,,62.6,0.0,0.0
2018-04-20,3.9,4.03,3.87,4.03,34940,140808.2,0.0,0.0,0.0,0.0,,62.6,0.0,0.0
2018-04-23,3.88,4.03,3.88,4.03,7680,30950.4,0.0,0.0,0.0,0.0,,62.6,0.0,0.0
2018-04-24,3.9,4.0,3.9,4.0,1170,4680.0,0.0,0.0,0.0,0.0,,62.6,0.0,0.0
2018-04-26,3.9,3.99,3.82,3.99,25640,102303.6,0.0,0.0,0.0,0.0,,62.6,0.0,0.0
2018-04-27,3.9,3.99,3.83,3.98,20210,80435.8,550.0,0.0,0.0,0.0,,62.6,0.0,0.0
2018-05-02,4.05,4.05,3.8,3.99,6300,25137.0,0.0,0.0,0.0,0.0,,62.6,0.0,0.0
2018-05-03,3.81,3.98,3.81,3.93,31740,124738.2,0.0,0.0,0.0,0.0,,62.6,0.0,0.0
2018-05-04,3.84,3.9,3.8,3.89,41190,160229.1,0.0,0.0,0.0,0.0,,62.6,0.0,0.0
2018-05-07,3.76,3.94,3.76,3.86,45130,174201.8,0.0,0.0,0.0,0.0,,62.6,0.0,0.0
2018-05-08,3.89,3.89,3.68,3.87,15690,60720.3,0.0,0.0,0.0,0.0,,62.6,0.0,0.0
2018-05-09,3.85,3.97,3.77,3.97,13000,51610.0,0.0,0.0,0.0,0.0,,62.6,0.0,0.0
2018-05-10,3.83,3.9,3.8,3.9,16000,62400.0,0.0,0.0,0.0,0.0,,62.6,0.0,0.0
2018-05-11,3.81,3.9,3.81,3.9,2510,9789.0,0.0,0.0,0.0,0.0,,62.6,0.0,0.0
2018-05-14,3.92,3.92,3.8,3.89,12710,49441.9,0.0,0.0,0.0,0.0,,62.6,0.0,0.0
2018-05-15,3.89,3.9,3.8,3.88,16500,64020.0,0.0,0.0,0.0,0.0,,62.6,0.0,0.0
2018-05-16,3.8,3.87,3.79,3.87,5100,19737.0,0.0,0.0,0.0,0.0,,62.6,0.0,0.0
2018-05-17,3.87,3.87,3.8,3.86,13500,52110.0,10000.0,0.0,40000.0,0.0,,62.6,0.04,0.0
2018-05-18,3.85,3.86,3.75,3.86,4620,17833.2,0.0,0.0,0.0,0.0,,62.6,0.0,0.0
2018-05-21,3.85,3.85,3.7,3.8,6200,23560.0,0.0,0.0,0.0,0.0,,62.6,0.0,0.0
2018-05-22,3.79,3.79,3.62,3.77,17930,67596.1,300.0,0.0,0.0,0.0,,62.6,0.0,0.0
2018-05-23,3.7,3.77,3.7,3.7,19030,70411.0,0.0,0.0,0.0,0.0,,62.6,0.0,0.0
2018-05-24,3.75,3.8,3.67,3.8,18500,70300.0,0.0,0.0,0.0,0.0,,62.6,0.0,0.0
2018-05-25,3.63,3.8,3.63,3.8,17200,65360.0,0.0,0.0,0.0,0.0,,62.6,0.0,0.0
2018-05-28,4.05,4.05,3.66,3.8,48690,185022.0,0.0,0.0,0.0,0.0,,62.6,0.0,0.0
2018-05-29,3.79,3.9,3.65,3.9,33740,131586.0,0.0,0.0,0.0,0.0,,62.6,0.0,0.0
2018-05-30,3.89,3.9,3.89,3.9,500,1950.0,0.0,0.0,0.0,0.0,,62.6,0.0,0.0
2018-05-31,3.65,3.89,3.65,3.8,42400,161120.0,0.0,0.0,0.0,0.0,,62.6,0.0,0.0
2018-06-01,3.71,3.79,3.69,3.77,34670,130705.9,0.0,0.0,0.0,0.0,,62.6,0.0,0.0
2018-06-04,3.65,3.8,3.65,3.76,41160,154761.59999999998,0.0,0.0,0.0,0.0,,62.6,0.0,0.0
2018-06-05,3.66,3.76,3.6,3.75,63780,239175.0,0.0,0.0,0.0,0.0,,62.6,0.0,0.0
2018-06-06,3.66,3.75,3.62,3.68,46520,171193.6,0.0,0.0,0.0,0.0,,62.6,0.0,0.0
2018-06-07,3.7,3.7,3.6,3.68,90500,333040.0,0.0,0.0,0.0,0.0,,62.6,0.0,0.0
2018-06-08,3.62,3.7,3.61,3.69,42560,157046.4,1000.0,0.0,0.0,0.0,,62.6,0.0,0.0
2018-06-11,3.7,3.7,3.7,3.7,5090,18833.0,0.0,0.0,0.0,0.0,,62.6,0.0,0.0
2018-06-12,3.69,3.7,3.67,3.7,8040,29748.0,0.0,0.0,0.0,0.0,,62.6,0.0,0.0
2018-06-13,3.57,3.7,3.57,3.7,18300,67710.0,0.0,0.0,0.0,0.0,,62.6,0.0,0.0
2018-06-14,3.7,3.7,3.62,3.68,18610,68484.8,0.0,0.0,0.0,0.0,,62.6,0.0,0.0
2018-06-15,3.65,3.68,3.62,3.68,22940,84419.2,0.0,0.0,0.0,0.0,,62.6,0.0,0.0
2018-06-18,3.65,3.66,3.62,3.66,15690,57425.4,0.0,0.0,0.0,0.0,,62.6,0.0,0.0
2018-06-19,3.65,3.65,3.57,3.6,31570,113652.0,0.0,0.0,0.0,0.0,,62.6,0.0,0.0
2018-06-20,3.6,3.6,3.6,3.6,2070,7452.0,0.0,0.0,0.0,0.0,,62.6,0.0,0.0
2018-06-21,3.6,3.6,3.6,3.6,920,3312.0,0.0,0.0,0.0,0.0,,62.6,0.0,0.0
2018-06-22,3.6,3.65,3.55,3.65,40520,147898.0,0.0,0.0,0.0,0.0,,62.6,0.0,0.0
2018-06-25,3.65,3.9,3.6,3.85,18760,72226.0,0.0,2520.0,0.0,10000.0,,62.6,0.0,0.01
2018-06-26,3.8,3.8,3.62,3.8,33300,126540.0,0.0,0.0,0.0,0.0,,62.6,0.0,0.0
2018-06-27,3.74,3.89,3.71,3.8,29700,112860.0,0.0,0.0,0.0,0.0,,62.6,0.0,0.0
2018-06-28,3.66,3.8,3.66,3.75,21050,78937.5,0.0,0.0,0.0,0.0,,62.6,0.0,0.0
2018-06-29,3.67,3.85,3.67,3.8,2180,8284.0,0.0,0.0,0.0,0.0,,62.6,0.0,0.0
2018-07-02,3.84,3.85,3.54,3.54,29830,105598.2,0.0,0.0,0.0,0.0,,62.6,0.0,0.0
2018-07-03,3.63,3.68,3.4,3.6,34020,122472.0,0.0,520.0,0.0,0.0,,62.6,0.0,0.0
2018-07-04,3.67,3.68,3.55,3.65,21510,78511.5,550.0,0.0,0.0,0.0,,62.6,0.0,0.0
2018-07-05,3.62,3.65,3.52,3.65,16870,61575.5,0.0,0.0,0.0,0.0,,62.6,0.0,0.0
2018-07-06,3.6,3.6,3.55,3.59,44650,160293.5,0.0,0.0,0.0,0.0,,62.6,0.0,0.0
2018-07-09,3.56,3.6,3.55,3.6,32460,116856.0,0.0,0.0,0.0,0.0,,62.6,0.0,0.0
2018-07-10,3.6,3.61,3.52,3.6,45180,162648.0,0.0,0.0,0.0,0.0,,62.6,0.0,0.0
2018-07-11,3.55,3.58,3.4,3.4,349410,1187994.0,0.0,0.0,0.0,0.0,,62.6,0.0,0.0
2018-07-12,3.6,3.6,3.5,3.6,226100,813960.0,0.0,0.0,0.0,0.0,,62.6,0.0,0.0
2018-07-13,3.6,3.7,3.5,3.66,31690,115985.4,0.0,0.0,0.0,0.0,,62.6,0.0,0.0
2018-07-16,3.6,3.7,3.6,3.68,9110,33524.8,0.0,0.0,0.0,0.0,,62.6,0.0,0.0
2018-07-17,3.65,3.68,3.55,3.66,16080,58852.8,10000.0,10.0,40000.0,0.0,,62.6,0.04,0.0
2018-07-18,3.58,3.7,3.55,3.65,37400,136510.0,10000.0,0.0,40000.0,0.0,,62.6,0.04,0.0
2018-07-19,3.58,3.63,3.55,3.62,41020,148492.4,10000.0,0.0,40000.0,0.0,,62.6,0.04,0.0
2018-07-20,3.56,3.62,3.55,3.62,14850,53757.0,0.0,0.0,0.0,0.0,,62.6,0.0,0.0
2018-07-23,3.6,3.62,3.37,3.62,46300,167606.0,8000.0,0.0,30000.0,0.0,,62.6,0.03,0.0
2018-07-24,3.62,3.62,3.45,3.59,76330,274024.7,3000.0,0.0,10000.0,0.0,,62.6,0.01,0.0
2018-07-25,3.52,3.58,3.45,3.58,77750,278345.0,0.0,0.0,0.0,0.0,,62.6,0.0,0.0
2018-07-26,3.5,3.56,3.47,3.55,59940,212787.0,0.0,0.0,0.0,0.0,,62.6,0.0,0.0
2018-07-27,3.54,3.54,3.45,3.53,50310,177594.3,0.0,0.0,0.0,0.0,,62.6,0.0,0.0
2018-07-30,3.53,3.54,3.41,3.52,43210,152099.2,1000.0,0.0,0.0,0.0,,62.6,0.0,0.0
2018-07-31,3.51,3.52,3.43,3.51,65730,230712.3,0.0,0.0,0.0,0.0,,62.6,0.0,0.0
2018-08-01,3.5,3.52,3.44,3.52,41480,146009.6,0.0,550.0,0.0,0.0,,62.6,0.0,0.0
2018-08-02,3.46,3.52,3.43,3.45,59790,206275.5,1000.0,0.0,0.0,0.0,,62.6,0.0,0.0
2018-08-03,3.43,3.5,3.41,3.5,53840,188440.0,200.0,0.0,0.0,0.0,,62.6,0.0,0.0
2018-08-06,3.44,3.5,3.38,3.5,91690,320915.0,10000.0,0.0,30000.0,0.0,,62.6,0.03,0.0
2018-08-07,3.48,3.5,3.4,3.48,104690,364321.2,0.0,0.0,0.0,0.0,,62.6,0.0,0.0
2018-08-08,3.4,3.47,3.38,3.45,30620,105639.0,0.0,0.0,0.0,0.0,,62.6,0.0,0.0
2018-08-09,3.4,3.45,3.35,3.45,52170,179986.5,0.0,0.0,0.0,0.0,,62.6,0.0,0.0
2018-08-10,3.41,3.44,3.32,3.4,65700,223380.0,590.0,0.0,0.0,0.0,,62.6,0.0,0.0
2018-08-13,3.4,3.4,3.36,3.36,32940,110678.4,0.0,0.0,0.0,0.0,,62.6,0.0,0.0
2018-08-14,3.36,3.38,3.3,3.38,105130,355339.4,2000.0,0.0,10000.0,0.0,,62.6,0.01,0.0
2018-08-15,3.38,3.4,3.3,3.37,92150,310545.5,6700.0,0.0,20000.0,0.0,,62.6,0.02,0.0
2018-08-16,3.37,3.39,3.14,3.37,48260,162636.2,0.0,35240.0,0.0,110000.0,,62.6,0.0,0.11
2018-08-17,3.43,3.43,3.39,3.4,52450,178330.0,0.0,0.0,0.0,0.0,,62.6,0.0,0.0
2018-08-20,3.35,3.35,3.17,3.32,141450,469614.0,11000.0,0.0,40000.0,0.0,,62.6,0.04,0.0
2018-08-21,3.3,3.32,3.29,3.29,7720,25398.8,0.0,0.0,0.0,0.0,,62.6,0.0,0.0
2018-08-22,3.28,3.35,3.28,3.33,14880,49550.4,0.0,0.0,0.0,0.0,,62.6,0.0,0.0
2018-08-23,3.21,3.32,3.17,3.17,28070,88981.9,100.0,0.0,0.0,0.0,,62.6,0.0,0.0
2018-08-24,3.24,3.32,3.17,3.31,49790,164804.9,0.0,10000.0,0.0,30000.0,,62.6,0.0,0.03
2018-08-27,3.3,3.39,3.3,3.38,11500,38870.0,0.0,0.0,0.0,0.0,,62.6,0.0,0.0
2018-08-28,3.36,3.38,3.28,3.37,14690,49505.3,0.0,0.0,0.0,0.0,,62.6,0.0,0.0
2018-08-29,3.35,3.35,3.3,3.31,5560,18403.6,1000.0,0.0,0.0,0.0,,62.6,0.0,0.0
2018-08-30,3.35,3.35,3.28,3.35,10200,34170.0,0.0,0.0,0.0,0.0,,62.6,0.0,0.0
2018-08-31,3.35,3.35,3.25,3.3,45620,150546.0,0.0,0.0,0.0,0.0,,62.6,0.0,0.0
2018-09-04,3.25,3.28,3.17,3.28,62600,205328.0,0.0,0.0,0.0,0.0,,62.6,0.0,0.0
2018-09-05,3.28,3.28,3.12,3.24,73860,239306.4,0.0,0.0,0.0,0.0,,62.6,0.0,0.0
2018-09-06,3.27,3.27,3.13,3.24,11430,37033.2,0.0,0.0,0.0,0.0,,62.6,0.0,0.0
2018-09-07,3.24,3.24,3.12,3.24,90950,294678.0,0.0,0.0,0.0,0.0,,62.6,0.0,0.0
2018-09-10,3.23,3.23,3.1,3.22,162240,522412.8000000001,0.0,0.0,0.0,0.0,,62.6,0.0,0.0
2018-09-11,3.21,3.3,3.13,3.3,70770,233541.0,0.0,0.0,0.0,0.0,,62.6,0.0,0.0
2018-09-12,3.3,3.4,3.3,3.37,44310,149324.7,0.0,0.0,0.0,0.0,,62.6,0.0,0.0
2018-09-13,3.39,3.39,3.33,3.37,9670,32587.9,0.0,0.0,0.0,0.0,,62.6,0.0,0.0
2018-09-14,3.23,3.35,3.2,3.32,90900,301788.0,0.0,0.0,0.0,0.0,,62.6,0.0,0.0
2018-09-17,3.29,3.3,3.21,3.3,49590,163647.0,0.0,0.0,0.0,0.0,,62.6,0.0,0.0
2018-09-18,3.3,3.43,3.2,3.43,244320,838017.6000000001,0.0,0.0,0.0,0.0,,62.6,0.0,0.0
2018-09-19,3.45,3.65,3.45,3.56,436940,1555506.4,0.0,0.0,0.0,0.0,,62.6,0.0,0.0
2018-09-20,3.6,3.68,3.58,3.63,123280,447506.4,0.0,0.0,0.0,0.0,,62.6,0.0,0.0
2018-09-21,3.6,3.6,3.5,3.54,93190,329892.6,0.0,0.0,0.0,0.0,,62.6,0.0,0.0
2018-09-24,3.5,3.5,3.4,3.43,103980,356651.4,0.0,0.0,0.0,0.0,,62.6,0.0,0.0
2018-09-25,3.41,3.49,3.4,3.48,73150,254562.0,0.0,0.0,0.0,0.0,,62.6,0.0,0.0
2018-09-26,3.42,3.49,3.38,3.43,125230,429538.9,0.0,0.0,0.0,0.0,,62.6,0.0,0.0
2018-09-27,3.47,3.48,3.34,3.48,56860,197872.8,0.0,0.0,0.0,0.0,,62.6,0.0,0.0
2018-09-28,3.45,3.45,3.34,3.42,76030,260022.6,0.0,0.0,0.0,0.0,,62.6,0.0,0.0
2018-10-01,3.41,3.41,3.35,3.4,21840,74256.0,0.0,0.0,0.0,0.0,,62.6,0.0,0.0
2018-10-02,3.4,3.4,3.3,3.38,46400,156832.0,0.0,0.0,0.0,0.0,,62.6,0.0,0.0
2018-10-03,3.38,3.39,3.26,3.35,57540,192759.0,0.0,0.0,0.0,0.0,,62.6,0.0,0.0
2018-10-04,3.35,3.37,3.25,3.35,27470,92024.5,2710.0,0.0,10000.0,0.0,,62.6,0.01,0.0
2018-10-05,3.35,3.4,3.35,3.39,16810,56985.9,0.0,0.0,0.0,0.0,,62.6,0.0,0.0
2018-10-08,3.39,3.39,3.16,3.3,313550,1034715.0,0.0,0.0,0.0,0.0,,62.6,0.0,0.0
2018-10-09,3.2,3.3,3.19,3.3,76660,252978.0,0.0,0.0,0.0,0.0,,62.6,0.0,0.0
2018-10-10,3.22,3.3,3.15,3.15,84510,266206.5,0.0,0.0,0.0,0.0,,62.6,0.0,0.0
2018-10-11,3.15,3.3,2.93,3.3,290890,959937.0,0.0,0.0,0.0,0.0,,62.6,0.0,0.0
2018-10-12,3.18,3.19,3.12,3.18,89210,283687.8,0.0,0.0,0.0,0.0,,62.6,0.0,0.0
2018-10-15,3.1,3.19,3.01,3.19,37510,119656.9,0.0,0.0,0.0,0.0,,62.6,0.0,0.0
2018-10-16,3.1,3.17,2.97,3.09,444110,1372299.9,0.0,0.0,0.0,0.0,,62.6,0.0,0.0
2018-10-17,3.17,3.19,3.01,3.19,68870,219695.3,0.0,0.0,0.0,0.0,,62.6,0.0,0.0
2018-10-18,3.0,3.16,3.0,3.13,67960,212714.8,0.0,0.0,0.0,0.0,,62.6,0.0,0.0
2018-10-19,3.01,3.09,3.0,3.09,101790,314531.1,0.0,0.0,0.0,0.0,,62.6,0.0,0.0
2018-10-22,3.02,3.09,2.9,3.03,742610,2250108.3,0.0,0.0,0.0,0.0,,62.6,0.0,0.0
2018-10-23,3.02,3.03,2.96,3.03,87140,264034.2,0.0,0.0,0.0,0.0,,62.6,0.0,0.0
2018-10-24,3.05,3.05,2.93,3.03,8470,25664.1,0.0,0.0,0.0,0.0,,62.6,0.0,0.0
2018-10-25,3.0,3.02,2.9,3.02,70370,212517.4,0.0,0.0,0.0,0.0,,62.6,0.0,0.0
2018-10-26,3.0,3.03,2.87,3.03,150260,455287.8,0.0,0.0,0.0,0.0,,62.6,0.0,0.0
2018-10-29,3.0,3.03,2.91,3.03,30990,93899.7,0.0,3910.0,0.0,10000.0,,62.6,0.0,0.01
2018-10-30,3.04,3.04,2.93,3.03,15530,47055.9,3000.0,0.0,10000.0,0.0,,62.6,0.01,0.0
2018-10-31,3.02,3.03,2.95,3.02,63810,192706.2,0.0,0.0,0.0,0.0,,62.6,0.0,0.0
2018-11-01,3.0,3.01,2.93,3.01,37950,114229.5,0.0,0.0,0.0,0.0,,62.6,0.0,0.0
2018-11-02,3.0,3.22,3.0,3.22,90310,290798.2,0.0,0.0,0.0,0.0,,62.6,0.0,0.0
2018-11-05,3.38,3.38,3.2,3.3,173460,572418.0,0.0,0.0,0.0,0.0,,62.6,0.0,0.0
2018-11-06,3.35,3.36,3.3,3.33,77860,259273.8,0.0,0.0,0.0,0.0,,62.6,0.0,0.0
2018-11-07,3.25,3.33,3.25,3.33,80870,269297.1,0.0,0.0,0.0,0.0,,62.6,0.0,0.0
2018-11-08,3.33,3.33,3.24,3.24,27600,89424.0,0.0,0.0,0.0,0.0,,62.6,0.0,0.0
2018-11-09,3.14,3.28,3.14,3.28,35750,117260.0,0.0,0.0,0.0,0.0,,62.6,0.0,0.0
2018-11-12,3.2,3.26,3.2,3.26,29630,96593.8,0.0,0.0,0.0,0.0,,62.6,0.0,0.0
2018-11-13,3.2,3.47,3.2,3.42,250660,857257.2,0.0,15000.0,0.0,50000.0,,62.6,0.0,0.05
2018-11-14,3.63,3.65,3.62,3.65,1153450,4210092.5,0.0,10000.0,0.0,40000.0,,62.6,0.0,0.04
2018-11-15,3.9,3.9,3.9,3.9,1073910,4188249.0,0.0,13000.0,0.0,50000.0,,62.6,0.0,0.05
2018-11-16,4.01,4.09,3.9,3.9,562060,2192034.0,0.0,0.0,0.0,0.0,,62.6,0.0,0.0
2018-11-19,3.9,3.9,3.65,3.73,521040,1943479.2,0.0,0.0,0.0,0.0,,62.6,0.0,0.0
2018-11-20,3.7,3.8,3.52,3.79,499300,1892347.0,0.0,0.0,0.0,0.0,,62.6,0.0,0.0
2018-11-21,3.62,4.05,3.62,4.05,313770,1270768.5,0.0,5000.0,0.0,20000.0,,62.6,0.0,0.02
2018-11-22,4.33,4.33,4.07,4.07,608560,2476839.2,0.0,5000.0,0.0,20000.0,,62.6,0.0,0.02
2018-11-23,4.03,4.25,3.95,4.25,249730,1061352.5,0.0,0.0,0.0,0.0,,62.6,0.0,0.0
2018-11-26,4.05,4.54,4.05,4.5,306830,1380735.0,0.0,0.0,0.0,0.0,,62.6,0.0,0.0
2018-11-27,4.49,4.55,4.22,4.48,338680,1517286.4,0.0,0.0,0.0,0.0,,62.6,0.0,0.0
2018-11-28,4.48,4.49,4.22,4.43,197400,874482.0,0.0,0.0,0.0,0.0,,62.6,0.0,0.0
2018-11-29,4.4,4.4,4.21,4.35,250590,1090066.5,0.0,0.0,0.0,0.0,,62.6,0.0,0.0
2018-11-30,4.49,4.49,4.05,4.05,489280,1981584.0,0.0,0.0,0.0,0.0,,62.6,0.0,0.0
2018-12-03,3.86,4.0,3.77,3.77,655860,2472592.2,2500.0,0.0,10000.0,0.0,,62.6,0.01,0.0
2018-12-04,3.8,3.9,3.55,3.9,204180,796302.0,0.0,0.0,0.0,0.0,,62.6,0.0,0.0
2018-12-05,3.8,3.93,3.63,3.63,818050,2969521.5,710.0,0.0,0.0,0.0,,62.6,0.0,0.0
2018-12-06,3.55,3.64,3.38,3.38,771880,2608954.4,0.0,0.0,0.0,0.0,,62.6,0.0,0.0
2018-12-07,3.27,3.49,3.21,3.38,154070,520756.6,0.0,0.0,0.0,0.0,,62.6,0.0,0.0
2018-12-10,3.37,3.61,3.37,3.61,421470,1521506.7,0.0,0.0,0.0,0.0,,62.6,0.0,0.0
2018-12-11,3.62,3.62,3.4,3.56,80460,286437.6,0.0,0.0,0.0,0.0,,62.6,0.0,0.0
2018-12-12,3.59,3.59,3.45,3.5,69410,242935.0,0.0,0.0,0.0,0.0,,62.6,0.0,0.0
2018-12-13,3.5,3.52,3.39,3.4,224010,761634.0,0.0,0.0,0.0,0.0,,62.6,0.0,0.0
2018-12-14,3.4,3.6,3.4,3.51,230610,809441.1,0.0,0.0,0.0,0.0,,62.6,0.0,0.0
2018-12-17,3.6,3.6,3.36,3.46,110810,383402.6,0.0,0.0,0.0,0.0,,62.6,0.0,0.0
2018-12-18,3.36,3.43,3.32,3.4,57630,195942.0,0.0,0.0,0.0,0.0,,62.6,0.0,0.0
2018-12-19,3.34,3.39,3.17,3.17,650120,2060880.4,0.0,0.0,0.0,0.0,,62.6,0.0,0.0
2018-12-20,3.1,3.25,3.06,3.25,61850,201012.5,0.0,0.0,0.0,0.0,,62.6,0.0,0.0
2018-12-21,3.11,3.2,3.06,3.06,54370,166372.2,0.0,0.0,0.0,0.0,,62.6,0.0,0.0
2018-12-24,3.21,3.21,3.1,3.16,59210,187103.6,0.0,0.0,0.0,0.0,,62.6,0.0,0.0
2018-12-25,3.1,3.1,2.94,3.09,455540,1407618.6,3000.0,0.0,10000.0,0.0,,62.6,0.01,0.0
2018-12-26,3.0,3.1,3.0,3.1,73330,227323.0,0.0,0.0,0.0,0.0,,62.6,0.0,0.0
2018-12-27,3.09,3.2,3.07,3.19,155340,495534.6,0.0,0.0,0.0,0.0,,62.6,0.0,0.0
2018-12-28,3.03,3.29,3.01,3.29,204810,673824.9,0.0,0.0,0.0,0.0,,62.6,0.0,0.0
2019-01-02,3.39,3.39,3.15,3.19,66980,213666.2,0.0,0.0,0.0,0.0,,62.6,0.0,0.0
2019-01-03,3.1,3.18,3.01,3.18,135750,431685.0,0.0,510.0,0.0,0.0,,62.6,0.0,0.0
2019-01-04,2.99,3.25,2.99,3.25,155270,504627.5,0.0,0.0,0.0,0.0,,62.6,0.0,0.0
2019-01-07,3.25,3.3,3.15,3.3,52530,173349.0,0.0,0.0,0.0,0.0,,62.6,0.0,0.0
2019-01-08,3.28,3.35,3.07,3.29,870220,2863023.8,0.0,0.0,0.0,0.0,,62.6,0.0,0.0
2019-01-09,3.29,3.29,3.06,3.06,440500,1347930.0,0.0,0.0,0.0,0.0,,62.6,0.0,0.0
2019-01-10,3.1,3.1,2.98,3.0,84300,252900.0,0.0,0.0,0.0,0.0,,62.6,0.0,0.0
2019-01-11,3.05,3.05,2.95,3.05,58500,178425.0,0.0,0.0,0.0,0.0,,62.6,0.0,0.0
2019-01-14,3.1,3.1,3.0,3.0,19670,59010.0,0.0,0.0,0.0,0.0,,62.6,0.0,0.0
2019-01-15,3.05,3.2,3.01,3.09,114990,355319.1,0.0,0.0,0.0,0.0,,62.6,0.0,0.0
2019-01-16,3.09,3.1,3.05,3.09,76380,236014.2,0.0,0.0,0.0,0.0,,62.6,0.0,0.0
2019-01-17,3.09,3.09,3.03,3.03,25060,75931.79999999999,0.0,0.0,0.0,0.0,,62.6,0.0,0.0
2019-01-18,3.02,3.05,3.0,3.05,63620,194041.0,0.0,0.0,0.0,0.0,,62.6,0.0,0.0
2019-01-21,3.05,3.05,2.84,2.9,360700,1046030.0,0.0,0.0,0.0,0.0,,62.6,0.0,0.0
2019-01-22,2.89,2.91,2.77,2.8,93270,261156.0,0.0,0.0,0.0,0.0,,62.6,0.0,0.0
2019-01-23,2.85,2.92,2.8,2.92,70550,206006.0,1000.0,0.0,0.0,0.0,,62.6,0.0,0.0
2019-01-24,2.8,2.84,2.79,2.81,82900,232949.0,0.0,0.0,0.0,0.0,,62.6,0.0,0.0
2019-01-25,2.8,2.83,2.72,2.8,30400,85120.0,2000.0,0.0,10000.0,0.0,,62.6,0.01,0.0
2019-01-28,2.8,2.81,2.73,2.8,38110,106708.0,2000.0,0.0,10000.0,0.0,,62.6,0.01,0.0
2019-01-29,2.85,2.85,2.77,2.79,14370,40092.3,1000.0,0.0,0.0,0.0,,62.6,0.0,0.0
2019-01-30,2.8,2.8,2.7,2.75,65960,181390.0,0.0,0.0,0.0,0.0,,62.6,0.0,0.0
2019-01-31,2.72,2.78,2.68,2.78,65170,181172.6,0.0,0.0,0.0,0.0,,62.6,0.0,0.0
2019-02-01,2.85,2.85,2.69,2.83,29160,82522.8,0.0,0.0,0.0,0.0,,62.6,0.0,0.0
2019-02-11,2.88,2.89,2.85,2.87,10100,28987.0,0.0,0.0,0.0,0.0,,62.6,0.0,0.0
2019-02-12,2.87,2.9,2.86,2.9,32070,93003.0,0.0,600.0,0.0,0.0,,62.6,0.0,0.0
2019-02-13,3.0,3.0,2.92,2.99,63380,189506.2,24000.0,0.0,70000.0,0.0,,62.6,0.07,0.0
2019-02-14,2.98,2.98,2.92,2.98,20870,62192.6,0.0,0.0,0.0,0.0,,62.6,0.0,0.0
2019-02-15,2.98,2.98,2.96,2.98,21120,62937.6,0.0,0.0,0.0,0.0,,62.6,0.0,0.0
2019-02-18,2.98,2.98,2.88,2.98,37990,113210.2,0.0,0.0,0.0,0.0,,62.6,0.0,0.0
2019-02-19,2.98,2.98,2.87,2.95,94070,277506.5,0.0,0.0,0.0,0.0,,62.6,0.0,0.0
2019-02-20,2.88,2.89,2.84,2.89,52590,151985.1,0.0,0.0,0.0,0.0,,62.6,0.0,0.0
2019-02-21,2.86,2.88,2.79,2.85,52500,149625.0,0.0,0.0,0.0,0.0,,62.6,0.0,0.0
2019-02-22,2.85,2.89,2.85,2.89,27350,79041.5,0.0,0.0,0.0,0.0,,62.6,0.0,0.0
2019-02-25,2.93,2.93,2.75,2.8,60060,168168.0,0.0,0.0,0.0,0.0,,62.6,0.0,0.0
2019-02-26,2.8,2.88,2.8,2.8,16680,46704.0,0.0,0.0,0.0,0.0,,62.6,0.0,0.0
2019-02-27,2.82,2.84,2.8,2.83,33200,93956.0,3000.0,0.0,10000.0,0.0,,62.6,0.01,0.0
2019-02-28,2.8,2.85,2.75,2.84,93740,266221.6,0.0,0.0,0.0,0.0,,62.6,0.0,0.0
2019-03-01,2.85,2.9,2.75,2.9,89920,260768.0,0.0,0.0,0.0,0.0,,62.6,0.0,0.0
2019-03-04,2.88,3.08,2.88,3.03,100290,303878.69999999995,0.0,0.0,0.0,0.0,,62.6,0.0,0.0
2019-03-05,3.03,3.08,3.0,3.08,78610,242118.8,3000.0,0.0,10000.0,0.0,,62.6,0.01,0.0
2019-03-06,3.08,3.17,3.0,3.17,89480,283651.6,0.0,1030.0,0.0,0.0,,62.6,0.0,0.0
2019-03-07,3.17,3.18,3.05,3.16,51480,162676.80000000002,0.0,0.0,0.0,0.0,,62.6,0.0,0.0
2019-03-08,3.09,3.13,3.0,3.1,64470,199857.0,0.0,0.0,0.0,0.0,,62.6,0.0,0.0
2019-03-11,3.1,3.1,3.0,3.09,58160,179714.4,0.0,0.0,0.0,0.0,,62.6,0.0,0.0
2019-03-12,3.09,3.09,2.95,3.04,243630,740635.2,0.0,0.0,0.0,0.0,,62.6,0.0,0.0
2019-03-13,2.93,3.04,2.93,2.97,48510,144074.7,0.0,0.0,0.0,0.0,,62.6,0.0,0.0
2019-03-14,2.97,3.04,2.96,3.03,74780,226583.4,0.0,0.0,0.0,0.0,,62.6,0.0,0.0
2019-03-15,3.05,3.05,2.91,3.0,185150,555450.0,0.0,0.0,0.0,0.0,,62.6,0.0,0.0
2019-03-18,3.0,3.0,2.9,2.95,198220,584749.0,0.0,0.0,0.0,0.0,,62.6,0.0,0.0
2019-03-19,2.91,2.94,2.88,2.94,69770,205123.8,0.0,0.0,0.0,0.0,,62.6,0.0,0.0
2019-03-20,2.9,2.94,2.86,2.94,76790,225762.6,0.0,0.0,0.0,0.0,,62.6,0.0,0.0
2019-03-21,2.94,2.94,2.88,2.93,74660,218753.8,0.0,0.0,0.0,0.0,,62.6,0.0,0.0
2019-03-22,2.96,2.96,2.9,2.92,30990,90490.8,0.0,0.0,0.0,0.0,,62.6,0.0,0.0
2019-03-25,2.93,2.93,2.8,2.9,68960,199984.0,0.0,0.0,0.0,0.0,,62.6,0.0,0.0
2019-03-26,2.9,2.9,2.8,2.86,85460,244415.6,0.0,0.0,0.0,0.0,,62.6,0.0,0.0
2019-03-27,2.86,2.86,2.8,2.85,68040,193914.0,0.0,0.0,0.0,0.0,,62.6,0.0,0.0
2019-03-28,2.8,2.9,2.76,2.9,60720,176088.0,0.0,0.0,0.0,0.0,,62.6,0.0,0.0
2019-03-29,2.81,2.92,2.8,2.92,174480,509481.6,0.0,0.0,0.0,0.0,,62.6,0.0,0.0
2019-04-01,2.85,2.91,2.8,2.88,57060,164332.8,0.0,0.0,0.0,0.0,,62.6,0.0,0.0
2019-04-02,2.91,2.91,2.77,2.77,213400,591118.0,0.0,0.0,0.0,0.0,,62.6,0.0,0.0
2019-04-03,2.77,2.84,2.75,2.84,37150,105506.0,0.0,0.0,0.0,0.0,,62.6,0.0,0.0
2019-04-04,2.76,2.83,2.65,2.79,547770,1528278.3,0.0,0.0,0.0,0.0,,62.6,0.0,0.0
2019-04-05,2.71,2.76,2.71,2.72,25250,68680.0,0.0,0.0,0.0,0.0,,62.6,0.0,0.0
2019-04-08,2.76,2.76,2.7,2.7,65200,176040.0,0.0,0.0,0.0,0.0,,62.6,0.0,0.0
2019-04-09,2.7,2.75,2.7,2.74,77530,212432.2,0.0,0.0,0.0,0.0,,62.6,0.0,0.0
2019-04-10,2.69,2.73,2.69,2.7,29450,79515.0,0.0,0.0,0.0,0.0,,62.6,0.0,0.0
2019-04-11,2.68,2.85,2.68,2.84,136300,387092.0,840.0,0.0,0.0,0.0,,62.6,0.0,0.0
2019-04-12,2.8,2.86,2.8,2.86,54270,155212.19999999998,0.0,0.0,0.0,0.0,,62.6,0.0,0.0
2019-04-16,2.86,2.86,2.8,2.83,34030,96304.9,1700.0,0.0,0.0,0.0,,62.6,0.0,0.0
2019-04-17,2.83,2.83,2.7,2.78,78260,217562.8,0.0,0.0,0.0,0.0,,62.6,0.0,0.0
2019-04-18,2.78,2.78,2.72,2.72,34540,93948.8,2000.0,0.0,10000.0,0.0,,62.6,0.01,0.0
2019-04-19,2.7,2.76,2.7,2.71,183690,497799.9,5000.0,0.0,10000.0,0.0,,62.6,0.01,0.0
2019-04-22,2.71,2.74,2.68,2.72,96740,263132.80000000005,0.0,0.0,0.0,0.0,,62.6,0.0,0.0
2019-04-23,2.74,2.74,2.61,2.7,125700,339390.0,0.0,44500.0,0.0,120000.0,,62.6,0.0,0.12
2019-04-24,2.71,2.88,2.71,2.88,402840,1160179.2,0.0,0.0,0.0,0.0,,62.6,0.0,0.0
2019-04-25,3.08,3.08,2.98,3.0,362340,1087020.0,0.0,0.0,0.0,0.0,,62.6,0.0,0.0
2019-04-26,3.0,3.0,2.87,3.0,56740,170220.0,0.0,0.0,0.0,0.0,,62.6,0.0,0.0
2019-05-02,3.0,3.0,2.8,2.89,109890,317582.10000000003,0.0,0.0,0.0,0.0,,62.6,0.0,0.0
2019-05-03,2.83,2.88,2.75,2.75,130780,359645.0,0.0,0.0,0.0,0.0,,62.6,0.0,0.0
2019-05-06,2.75,2.92,2.71,2.9,123240,357396.0,0.0,0.0,0.0,0.0,,62.6,0.0,0.0
2019-05-07,3.1,3.1,2.96,3.07,314200,964594.0,0.0,0.0,0.0,0.0,,62.6,0.0,0.0
2019-05-08,3.0,3.28,3.0,3.28,552670,1812757.6,0.0,0.0,0.0,0.0,,62.6,0.0,0.0
2019-05-09,3.36,3.5,3.36,3.5,766270,2681945.0,0.0,1700.0,0.0,10000.0,,62.6,0.0,0.01
2019-05-10,3.65,3.71,3.53,3.68,445530,1639550.4,0.0,0.0,0.0,0.0,,62.6,0.0,0.0
2019-05-13,3.6,3.68,3.43,3.44,378050,1300492.0,1000.0,0.0,0.0,0.0,,62.6,0.0,0.0
2019-05-14,3.39,3.5,3.35,3.5,272510,953785.0,0.0,4120.0,0.0,10000.0,,62.6,0.0,0.01
2019-05-15,3.5,3.5,3.37,3.4,102420,348228.0,0.0,0.0,0.0,0.0,,62.6,0.0,0.0
2019-05-16,3.45,3.45,3.17,3.18,184180,585692.4,0.0,0.0,0.0,0.0,,62.6,0.0,0.0
2019-05-17,3.15,3.2,3.08,3.2,203470,651104.0,0.0,0.0,0.0,0.0,,62.6,0.0,0.0
2019-05-20,3.18,3.2,3.09,3.15,40620,127953.0,0.0,0.0,0.0,0.0,,62.6,0.0,0.0
2019-05-21,3.1,3.17,3.09,3.14,86220,270730.8,0.0,0.0,0.0,0.0,,62.6,0.0,0.0
2019-05-22,3.11,3.11,3.03,3.1,110790,343449.0,0.0,0.0,0.0,0.0,,62.6,0.0,0.0
2019-05-23,3.09,3.09,3.0,3.0,158690,476070.0,0.0,0.0,0.0,0.0,,62.6,0.0,0.0
2019-05-24,3.0,3.21,3.0,3.21,112140,359969.4,0.0,0.0,0.0,0.0,,62.6,0.0,0.0
2019-05-27,3.42,3.42,3.2,3.24,59480,192715.2,40294.5,38737.5,1290000.0,1240000.0,,62.6,1.29,1.24
2019-05-28,3.28,3.46,3.22,3.45,332690,1147780.5,56322.0,36717.7,1820000.0,1190000.0,,62.6,1.82,1.19
2019-05-29,3.38,3.48,3.3,3.31,71310,236036.1,0.0,0.0,0.0,0.0,,62.6,0.0,0.0
2019-05-30,3.49,3.49,3.25,3.37,42950,144741.5,0.0,0.0,0.0,0.0,,62.6,0.0,0.0
2019-05-31,3.31,3.33,3.14,3.15,194240,611856.0,0.0,0.0,0.0,0.0,,62.6,0.0,0.0
2019-06-03,3.15,3.2,3.09,3.1,107120,332072.0,0.0,0.0,0.0,0.0,,62.6,0.0,0.0
2019-06-04,3.15,3.15,3.08,3.1,59580,184698.0,0.0,0.0,0.0,0.0,,62.6,0.0,0.0
2019-06-05,3.09,3.31,3.09,3.31,277190,917498.9,810594.7,0.0,25130000.0,0.0,,62.6,25.13,0.0
2019-06-06,3.4,3.41,3.3,3.32,85870,285088.4,290.0,0.0,0.0,0.0,,62.6,0.0,0.0
2019-06-07,3.38,3.38,3.1,3.3,24060,79398.0,0.0,0.0,0.0,0.0,,62.6,0.0,0.0
2019-06-10,3.12,3.2,3.12,3.2,98960,316672.0,0.0,0.0,0.0,0.0,,62.6,0.0,0.0
2019-06-11,3.13,3.19,3.08,3.1,227560,705436.0,0.0,0.0,0.0,0.0,,62.6,0.0,0.0
2019-06-12,3.06,3.1,3.01,3.01,76660,230746.6,650.0,0.0,0.0,0.0,,62.6,0.0,0.0
2019-06-13,2.9,3.1,2.9,3.1,30780,95418.0,0.0,0.0,0.0,0.0,,62.6,0.0,0.0
2019-06-14,3.14,3.14,2.96,2.98,84170,250826.6,0.0,0.0,0.0,0.0,,62.6,0.0,0.0
2019-06-17,3.0,3.0,2.9,2.99,55860,167021.40000000002,0.0,0.0,0.0,0.0,,62.6,0.0,0.0
2019-06-18,2.92,2.95,2.8,2.95,90170,266001.5,0.0,0.0,0.0,0.0,,62.6,0.0,0.0
2019-06-19,2.96,2.96,2.91,2.92,21280,62137.6,0.0,0.0,0.0,0.0,,62.6,0.0,0.0
2019-06-20,2.89,2.95,2.85,2.94,45810,134681.4,0.0,0.0,0.0,0.0,,62.6,0.0,0.0
2019-06-21,2.98,2.98,2.9,2.93,61440,180019.2,0.0,0.0,0.0,0.0,,62.6,0.0,0.0
2019-06-24,2.86,2.94,2.85,2.93,31790,93144.7,0.0,10.0,0.0,0.0,,62.6,0.0,0.0
2019-06-25,2.85,2.95,2.84,2.91,33350,97048.5,0.0,0.0,0.0,0.0,,62.6,0.0,0.0
2019-06-26,2.81,2.92,2.81,2.92,82750,241630.0,0.0,0.0,0.0,0.0,,62.6,0.0,0.0
2019-06-27,2.87,2.89,2.8,2.89,79890,230882.1,0.0,0.0,0.0,0.0,,62.6,0.0,0.0
2019-06-28,2.82,2.91,2.8,2.91,123460,359268.60000000003,5000.0,0.0,10000.0,0.0,,62.6,0.01,0.0
2019-07-01,2.98,3.05,2.97,3.05,106800,325740.0,0.0,0.0,0.0,0.0,,62.6,0.0,0.0
2019-07-02,3.0,3.04,2.99,3.0,51340,154020.0,0.0,0.0,0.0,0.0,,62.6,0.0,0.0
2019-07-03,2.99,3.0,2.87,3.0,76400,229200.0,0.0,0.0,0.0,0.0,,62.6,0.0,0.0
2019-07-04,3.0,3.05,2.93,3.05,61870,188703.5,0.0,0.0,0.0,0.0,,62.6,0.0,0.0
2019-07-05,3.05,3.05,2.98,3.04,63080,191763.2,0.0,0.0,0.0,0.0,,62.6,0.0,0.0
2019-07-08,2.95,3.04,2.94,3.04,30230,91899.2,0.0,0.0,0.0,0.0,,62.6,0.0,0.0
2019-07-09,2.98,3.04,2.95,3.03,3330,10089.9,2000.0,0.0,10000.0,0.0,,62.6,0.01,0.0
2019-07-10,2.93,3.0,2.9,3.0,193480,580440.0,0.0,0.0,0.0,0.0,,62.6,0.0,0.0
2019-07-11,3.0,3.0,2.9,2.99,106110,317268.9,0.0,0.0,0.0,0.0,,62.6,0.0,0.0
2019-07-12,2.99,2.99,2.91,2.98,46910,139791.8,0.0,0.0,0.0,0.0,,62.6,0.0,0.0
2019-07-15,2.92,2.95,2.9,2.9,83430,241947.0,0.0,0.0,0.0,0.0,,62.6,0.0,0.0
2019-07-16,2.95,2.95,2.88,2.9,22310,64699.0,0.0,0.0,0.0,0.0,,62.6,0.0,0.0
2019-07-17,2.88,2.9,2.85,2.88,124880,359654.4,7950.0,0.0,20000.0,0.0,,62.6,0.02,0.0
2019-07-18,2.9,2.9,2.8,2.87,73630,211318.1,0.0,0.0,0.0,0.0,,62.6,0.0,0.0
2019-07-19,2.85,2.89,2.76,2.76,101860,281133.6,0.0,0.0,0.0,0.0,,62.6,0.0,0.0
2019-07-22,2.86,2.88,2.83,2.88,13370,38505.6,0.0,0.0,0.0,0.0,,62.6,0.0,0.0
2019-07-23,2.86,2.87,2.82,2.86,22560,64521.6,0.0,0.0,0.0,0.0,,62.6,0.0,0.0
2019-07-24,2.78,2.86,2.78,2.81,32620,91662.2,2000.0,0.0,10000.0,0.0,,62.6,0.01,0.0
2019-07-25,2.8,2.82,2.75,2.82,66770,188291.4,2000.0,0.0,10000.0,0.0,,62.6,0.01,0.0
2019-07-26,2.78,2.83,2.78,2.79,14480,40399.2,0.0,0.0,0.0,0.0,,62.6,0.0,0.0
2019-07-29,2.82,2.82,2.78,2.78,13980,38864.4,0.0,0.0,0.0,0.0,,62.6,0.0,0.0
2019-07-30,2.75,2.78,2.75,2.78,78710,218813.8,0.0,0.0,0.0,0.0,,62.6,0.0,0.0
2019-07-31,2.7,2.8,2.7,2.8,43240,121072.0,0.0,0.0,0.0,0.0,,62.6,0.0,0.0
2019-08-01,2.72,2.79,2.72,2.75,46490,127847.5,2000.0,0.0,10000.0,0.0,,62.6,0.01,0.0
2019-08-02,2.7,2.8,2.7,2.8,2180,6104.0,0.0,100.0,0.0,0.0,,62.6,0.0,0.0
2019-08-05,2.81,2.81,2.75,2.8,7200,20160.0,0.0,0.0,0.0,0.0,,62.6,0.0,0.0
2019-08-06,2.72,2.83,2.72,2.83,60910,172375.30000000002,0.0,0.0,0.0,0.0,,62.6,0.0,0.0
2019-08-07,2.82,2.86,2.77,2.86,107010,306048.6,0.0,0.0,0.0,0.0,,62.6,0.0,0.0
2019-08-08,2.85,2.85,2.79,2.84,45010,127828.4,0.0,0.0,0.0,0.0,,62.6,0.0,0.0
2019-08-09,2.8,2.84,2.79,2.84,33010,93748.4,0.0,0.0,0.0,0.0,,62.6,0.0,0.0
2019-08-12,2.8,2.84,2.79,2.84,9500,26980.0,0.0,0.0,0.0,0.0,,62.6,0.0,0.0
2019-08-13,2.79,2.83,2.78,2.82,20370,57443.4,0.0,0.0,0.0,0.0,,62.6,0.0,0.0
2019-08-14,2.83,2.83,2.72,2.82,49660,140041.19999999998,1900.0,0.0,10000.0,0.0,,62.6,0.01,0.0
2019-08-15,2.76,2.8,2.7,2.8,20580,57623.99999999999,0.0,0.0,0.0,0.0,,62.6,0.0,0.0
2019-08-16,2.73,2.81,2.73,2.81,10510,29533.1,0.0,0.0,0.0,0.0,,62.6,0.0,0.0
2019-08-19,2.75,2.76,2.73,2.76,60060,165765.59999999998,0.0,0.0,0.0,0.0,,62.6,0.0,0.0
2019-08-20,2.73,2.73,2.7,2.73,151890,414659.7,6600.0,0.0,20000.0,0.0,,62.6,0.02,0.0
2019-08-21,2.71,2.73,2.69,2.73,91360,249412.8,1000.0,0.0,0.0,0.0,,62.6,0.0,0.0
2019-08-22,2.78,2.78,2.69,2.73,19230,52497.9,5000.0,0.0,10000.0,0.0,,62.6,0.01,0.0
2019-08-23,2.71,2.75,2.66,2.74,123580,338609.2,0.0,0.0,0.0,0.0,,62.6,0.0,0.0
2019-08-26,2.75,2.75,2.65,2.72,212000,576640.0,0.0,0.0,0.0,0.0,,62.6,0.0,0.0
2019-08-27,2.68,2.72,2.63,2.67,129020,344483.4,0.0,0.0,0.0,0.0,,62.6,0.0,0.0
2019-08-28,2.66,2.67,2.63,2.67,36650,97855.5,3000.0,0.0,10000.0,0.0,,62.6,0.01,0.0
2019-08-29,2.66,2.68,2.61,2.67,66220,176807.4,6000.0,0.0,20000.0,0.0,,62.6,0.02,0.0
2019-08-30,2.69,2.69,2.6,2.6,133350,346710.0,5500.0,0.0,10000.0,0.0,,62.6,0.01,0.0
2019-09-03,2.66,2.66,2.6,2.65,7720,20458.0,0.0,0.0,0.0,0.0,,62.6,0.0,0.0
2019-09-04,2.61,2.63,2.55,2.6,68590,178334.0,0.0,0.0,0.0,0.0,,62.6,0.0,0.0
2019-09-05,2.58,2.63,2.58,2.6,4450,11570.0,0.0,0.0,0.0,0.0,,62.6,0.0,0.0
2019-09-06,2.58,2.6,2.55,2.55,19640,50082.0,0.0,0.0,0.0,0.0,,62.6,0.0,0.0
2019-09-09,2.55,2.58,2.54,2.58,18740,48349.2,0.0,0.0,0.0,0.0,,62.6,0.0,0.0
2019-09-10,2.56,2.56,2.52,2.52,17500,44100.0,0.0,0.0,0.0,0.0,,62.6,0.0,0.0
2019-09-11,2.52,2.55,2.52,2.55,13850,35317.5,2000.0,0.0,10000.0,0.0,,62.6,0.01,0.0
2019-09-12,2.58,2.58,2.51,2.58,25970,67002.6,0.0,0.0,0.0,0.0,,62.6,0.0,0.0
2019-09-13,2.54,2.61,2.53,2.6,42240,109824.0,0.0,0.0,0.0,0.0,,62.6,0.0,0.0
2019-09-16,2.54,2.6,2.54,2.55,18040,46002.0,0.0,0.0,0.0,0.0,,62.6,0.0,0.0
2019-09-17,2.51,2.55,2.5,2.55,24340,62066.99999999999,0.0,0.0,0.0,0.0,,62.6,0.0,0.0
2019-09-18,2.55,2.57,2.5,2.57,15100,38807.0,0.0,0.0,0.0,0.0,,62.6,0.0,0.0
2019-09-19,2.54,2.57,2.53,2.57,4180,10742.6,300.0,0.0,0.0,0.0,,62.6,0.0,0.0
2019-09-20,2.55,2.56,2.52,2.52,19140,48232.8,0.0,0.0,0.0,0.0,,62.6,0.0,0.0
2019-09-23,2.52,2.55,2.45,2.53,155660,393819.8,0.0,0.0,0.0,0.0,,62.6,0.0,0.0
2019-09-24,2.55,2.55,2.52,2.52,19260,48535.2,2840.0,0.0,10000.0,0.0,,62.6,0.01,0.0
2019-09-25,2.54,2.54,2.5,2.52,7950,20034.0,0.0,0.0,0.0,0.0,,62.6,0.0,0.0
2019-09-26,2.52,2.52,2.48,2.52,7370,18572.4,0.0,0.0,0.0,0.0,,62.6,0.0,0.0
2019-09-27,2.49,2.52,2.49,2.52,69110,174157.2,0.0,0.0,0.0,0.0,,62.6,0.0,0.0
2019-09-30,2.52,2.52,2.5,2.5,22680,56700.0,0.0,0.0,0.0,0.0,,62.6,0.0,0.0
2019-10-01,2.5,2.55,2.48,2.55,12350,31492.5,0.0,0.0,0.0,0.0,,62.6,0.0,0.0
2019-10-02,2.52,2.53,2.48,2.53,7120,18013.6,0.0,0.0,0.0,0.0,,62.6,0.0,0.0
2019-10-03,2.5,2.53,2.46,2.53,43220,109346.6,0.0,0.0,0.0,0.0,,62.6,0.0,0.0
2019-10-04,2.5,2.52,2.5,2.52,8150,20538.0,0.0,0.0,0.0,0.0,,62.6,0.0,0.0
2019-10-07,2.52,2.58,2.5,2.53,3690,9335.7,0.0,0.0,0.0,0.0,,62.6,0.0,0.0
2019-10-08,2.5,2.53,2.5,2.53,21670,54825.1,0.0,0.0,0.0,0.0,,62.6,0.0,0.0
2019-10-09,2.5,2.53,2.49,2.52,22280,56145.6,0.0,0.0,0.0,0.0,,62.6,0.0,0.0
2019-10-10,2.48,2.51,2.48,2.51,6560,16465.6,0.0,0.0,0.0,0.0,,62.6,0.0,0.0
2019-10-11,2.52,2.52,2.49,2.51,940,2359.4,0.0,0.0,0.0,0.0,,62.6,0.0,0.0
2019-10-14,2.48,2.53,2.48,2.52,16150,40698.0,0.0,0.0,0.0,0.0,,62.6,0.0,0.0
2019-10-15,2.53,2.53,2.5,2.51,16940,42519.4,0.0,0.0,0.0,0.0,,62.6,0.0,0.0
2019-10-16,2.51,2.68,2.51,2.61,31010,80936.09999999999,0.0,0.0,0.0,0.0,,62.6,0.0,0.0
2019-10-17,2.6,2.65,2.6,2.62,1080,2829.6,720.0,0.0,0.0,0.0,,62.6,0.0,0.0
2019-10-18,2.61,2.8,2.56,2.8,183130,512764.0,70.0,0.0,0.0,0.0,,62.6,0.0,0.0
2019-10-21,2.8,2.9,2.79,2.9,192020,556858.0,0.0,20600.0,0.0,60000.0,,62.6,0.0,0.06
2019-10-22,2.92,2.92,2.88,2.9,37350,108315.0,3000.0,350.0,10000.0,0.0,,62.6,0.01,0.0
2019-10-23,2.88,2.9,2.76,2.77,46230,128057.1,160.0,0.0,0.0,0.0,,62.6,0.0,0.0
2019-10-24,2.75,2.75,2.69,2.75,31570,86817.5,0.0,0.0,0.0,0.0,,62.6,0.0,0.0
2019-10-25,2.79,2.79,2.69,2.72,21340,58044.8,0.0,0.0,0.0,0.0,,62.6,0.0,0.0
2019-10-28,2.72,2.75,2.7,2.72,38460,104611.2,200.0,0.0,0.0,0.0,,62.6,0.0,0.0
2019-10-29,2.71,2.78,2.67,2.72,35010,95227.2,0.0,0.0,0.0,0.0,,62.6,0.0,0.0
2019-10-30,2.71,2.72,2.6,2.71,109380,296419.8,0.0,500.0,0.0,0.0,,62.6,0.0,0.0
2019-10-31,2.63,2.72,2.63,2.72,5020,13654.4,0.0,0.0,0.0,0.0,,62.6,0.0,0.0
2019-11-01,2.7,2.71,2.64,2.7,2600,7020.000000000001,0.0,290.0,0.0,0.0,,62.6,0.0,0.0
2019-11-04,2.68,2.7,2.68,2.7,1900,5130.0,0.0,0.0,0.0,0.0,,62.6,0.0,0.0
2019-11-05,2.63,2.67,2.62,2.67,8710,23255.7,0.0,0.0,0.0,0.0,,62.6,0.0,0.0
2019-11-06,2.67,2.78,2.66,2.72,8640,23500.800000000003,0.0,0.0,0.0,0.0,,62.6,0.0,0.0
2019-11-07,2.65,2.7,2.63,2.68,40810,109370.8,0.0,0.0,0.0,0.0,,62.6,0.0,0.0
2019-11-08,2.63,2.72,2.6,2.72,36180,98409.6,0.0,0.0,0.0,0.0,,62.6,0.0,0.0
2019-11-11,2.72,2.72,2.62,2.71,12090,32763.9,0.0,0.0,0.0,0.0,,62.6,0.0,0.0
2019-11-12,2.77,2.77,2.62,2.71,370,1002.7,0.0,0.0,0.0,0.0,,62.6,0.0,0.0
2019-11-13,2.69,2.7,2.63,2.67,9200,24564.0,0.0,0.0,0.0,0.0,,62.6,0.0,0.0
2019-11-14,2.67,2.7,2.66,2.66,67180,178698.80000000002,0.0,0.0,0.0,0.0,,62.6,0.0,0.0
2019-11-15,2.66,2.7,2.64,2.7,16130,43551.0,0.0,0.0,0.0,0.0,,62.6,0.0,0.0
2019-11-18,2.68,2.71,2.6,2.69,85060,228811.4,0.0,0.0,0.0,0.0,,62.6,0.0,0.0
2019-11-19,2.69,2.69,2.67,2.67,5050,13483.5,0.0,0.0,0.0,0.0,,62.6,0.0,0.0
2019-11-20,2.62,2.68,2.62,2.68,7700,20636.0,0.0,0.0,0.0,0.0,,62.6,0.0,0.0
2019-11-21,2.63,2.68,2.63,2.63,67980,178787.4,0.0,0.0,0.0,0.0,,62.6,0.0,0.0
2019-11-22,2.64,2.66,2.6,2.61,94810,247454.1,0.0,0.0,0.0,0.0,,62.6,0.0,0.0
2019-11-25,2.63,2.63,2.61,2.61,7960,20775.6,0.0,20.0,0.0,0.0,,62.6,0.0,0.0
2019-11-26,2.61,2.61,2.6,2.61,15030,39228.3,0.0,400.0,0.0,0.0,,62.6,0.0,0.0
2019-11-27,2.56,2.61,2.56,2.61,9840,25682.4,0.0,0.0,0.0,0.0,,62.6,0.0,0.0
2019-11-28,2.61,2.62,2.58,2.61,25290,66006.9,0.0,0.0,0.0,0.0,,62.6,0.0,0.0
2019-11-29,2.61,2.63,2.6,2.61,610,1592.1,0.0,0.0,0.0,0.0,,62.6,0.0,0.0
2019-12-02,2.63,2.63,2.59,2.6,5500,14300.0,0.0,0.0,0.0,0.0,,62.6,0.0,0.0
2019-12-03,2.51,2.59,2.51,2.58,16630,42905.4,0.0,0.0,0.0,0.0,,62.6,0.0,0.0
2019-12-04,2.52,2.57,2.5,2.57,56260,144588.19999999998,0.0,0.0,0.0,0.0,,62.6,0.0,0.0
2019-12-05,2.6,2.6,2.54,2.57,10710,27524.7,0.0,0.0,0.0,0.0,,62.6,0.0,0.0
2019-12-06,2.5,2.55,2.5,2.55,4140,10557.0,0.0,0.0,0.0,0.0,,62.6,0.0,0.0
2019-12-09,2.56,2.56,2.52,2.55,29430,75046.5,0.0,0.0,0.0,0.0,,62.6,0.0,0.0
2019-12-10,2.56,2.56,2.52,2.53,430,1087.9,0.0,0.0,0.0,0.0,,62.6,0.0,0.0
2019-12-11,2.54,2.54,2.5,2.54,25760,65430.4,0.0,0.0,0.0,0.0,,62.6,0.0,0.0
2019-12-12,2.54,2.55,2.5,2.55,13200,33660.0,6000.0,0.0,20000.0,0.0,,62.6,0.02,0.0
2019-12-13,2.55,2.59,2.51,2.59,19550,50634.5,0.0,0.0,0.0,0.0,,62.6,0.0,0.0
2019-12-16,2.59,2.63,2.53,2.62,24580,64399.600000000006,7500.0,0.0,20000.0,0.0,,62.6,0.02,0.0
2019-12-17,2.64,2.65,2.57,2.64,37800,99792.0,0.0,0.0,0.0,0.0,,62.6,0.0,0.0
2019-12-18,2.63,2.63,2.6,2.62,2250,5895.0,800.0,0.0,0.0,0.0,,62.6,0.0,0.0
2019-12-19,2.62,2.65,2.6,2.64,12120,31996.800000000003,0.0,0.0,0.0,0.0,,62.6,0.0,0.0
2019-12-20,2.63,2.63,2.61,2.62,18630,48810.6,0.0,0.0,0.0,0.0,,62.6,0.0,0.0
2019-12-23,2.64,2.64,2.6,2.63,30560,80372.8,0.0,0.0,0.0,0.0,,62.6,0.0,0.0
2019-12-24,2.61,2.63,2.6,2.63,2870,7548.099999999999,0.0,0.0,0.0,0.0,,62.6,0.0,0.0
2019-12-25,2.6,2.63,2.56,2.62,32440,84992.8,0.0,0.0,0.0,0.0,,62.6,0.0,0.0
2019-12-26,2.61,2.62,2.6,2.61,19310,50399.1,0.0,0.0,0.0,0.0,,62.6,0.0,0.0
2019-12-27,2.6,2.7,2.59,2.7,25140,67878.0,0.0,0.0,0.0,0.0,,62.6,0.0,0.0
2019-12-30,2.7,2.7,2.62,2.66,19020,50593.2,0.0,0.0,0.0,0.0,,62.6,0.0,0.0
2019-12-31,2.66,2.84,2.59,2.84,49750,141290.0,0.0,0.0,0.0,0.0,,62.6,0.0,0.0
2020-01-02,2.82,2.82,2.68,2.79,10150,28318.5,0.0,0.0,0.0,0.0,,62.6,0.0,0.0
2020-01-03,2.71,2.71,2.7,2.7,1430,3861.000000000001,0.0,100.0,0.0,0.0,,62.6,0.0,0.0
2020-01-06,2.6,2.69,2.56,2.69,25090,67492.1,0.0,0.0,0.0,0.0,,62.6,0.0,0.0
2020-01-07,2.8,2.8,2.66,2.67,144080,384693.6,0.0,0.0,0.0,0.0,,62.6,0.0,0.0
2020-01-08,2.7,2.7,2.63,2.7,2400,6480.0,0.0,0.0,0.0,0.0,,62.6,0.0,0.0
2020-01-09,2.69,2.74,2.62,2.74,38200,104668.0,0.0,0.0,0.0,0.0,,62.6,0.0,0.0
2020-01-10,2.73,2.75,2.64,2.75,25730,70757.5,0.0,0.0,0.0,0.0,,62.6,0.0,0.0
2020-01-13,2.74,2.74,2.7,2.7,11400,30780.000000000004,0.0,0.0,0.0,0.0,,62.6,0.0,0.0
2020-01-14,2.67,2.74,2.61,2.74,33140,90803.6,0.0,0.0,0.0,0.0,,62.6,0.0,0.0
2020-01-15,2.73,2.74,2.68,2.73,3370,9200.1,0.0,0.0,0.0,0.0,,62.6,0.0,0.0
2020-01-16,2.74,2.74,2.67,2.73,4850,13240.5,0.0,430.0,0.0,0.0,,62.6,0.0,0.0
2020-01-17,2.66,2.71,2.65,2.71,20930,56720.3,0.0,0.0,0.0,0.0,,62.6,0.0,0.0
2020-01-20,2.6,2.6,2.6,2.6,90870,236262.0,0.0,0.0,0.0,0.0,,62.6,0.0,0.0
2020-01-21,2.62,2.64,2.6,2.64,41330,109111.2,4000.0,0.0,10000.0,0.0,,62.6,0.01,0.0
2020-01-22,2.64,2.7,2.61,2.7,14380,38826.0,0.0,0.0,0.0,0.0,,62.6,0.0,0.0
2020-01-30,2.7,2.7,2.65,2.68,8250,22110.0,0.0,0.0,0.0,0.0,,62.6,0.0,0.0
2020-01-31,2.68,2.68,2.56,2.65,5550,14707.5,0.0,0.0,0.0,0.0,,62.6,0.0,0.0
2020-02-03,2.65,2.65,2.48,2.6,101110,262886.0,0.0,0.0,0.0,0.0,,62.6,0.0,0.0
2020-02-04,2.59,2.59,2.5,2.59,16530,42812.7,0.0,0.0,0.0,0.0,,62.6,0.0,0.0
2020-02-05,2.55,2.58,2.55,2.58,2530,6527.400000000001,0.0,0.0,0.0,0.0,,62.6,0.0,0.0
2020-02-06,2.58,2.65,2.51,2.65,85120,225568.0,0.0,0.0,0.0,0.0,,62.6,0.0,0.0
2020-02-07,2.6,2.7,2.6,2.7,14810,39987.0,0.0,0.0,0.0,0.0,,62.6,0.0,0.0
2020-02-10,2.56,2.65,2.53,2.65,11750,31137.5,10.0,0.0,0.0,0.0,,62.6,0.0,0.0
2020-02-11,2.6,2.65,2.6,2.65,183390,485983.5,10.0,0.0,0.0,0.0,,62.6,0.0,0.0
2020-02-12,2.61,2.65,2.6,2.65,8110,21491.5,0.0,0.0,0.0,0.0,,62.6,0.0,0.0
2020-02-13,2.65,2.7,2.6,2.68,30110,80694.8,0.0,0.0,0.0,0.0,,62.6,0.0,0.0
2020-02-14,2.67,2.67,2.64,2.64,930,2455.2000000000003,0.0,0.0,0.0,0.0,,62.6,0.0,0.0
2020-02-17,2.64,2.64,2.61,2.63,3590,9441.7,0.0,0.0,0.0,0.0,,62.6,0.0,0.0
2020-02-18,2.62,2.62,2.6,2.62,530,1388.6,0.0,0.0,0.0,0.0,,62.6,0.0,0.0
2020-02-19,2.61,2.64,2.6,2.64,28930,76375.2,0.0,0.0,0.0,0.0,,62.6,0.0,0.0
2020-02-20,2.63,2.63,2.6,2.63,6100,16043.0,0.0,0.0,0.0,0.0,,62.6,0.0,0.0
2020-02-21,2.63,2.63,2.62,2.62,10070,26383.4,0.0,0.0,0.0,0.0,,62.6,0.0,0.0
2020-02-24,2.61,2.61,2.53,2.6,8020,20852.0,0.0,0.0,0.0,0.0,,62.6,0.0,0.0
2020-02-25,2.59,2.6,2.57,2.6,12690,32994.0,0.0,3000.0,0.0,10000.0,,62.6,0.0,0.01
2020-02-26,2.6,2.62,2.53,2.62,9470,24811.4,0.0,0.0,0.0,0.0,,62.6,0.0,0.0
2020-02-27,2.61,2.62,2.58,2.62,2870,7519.400000000001,0.0,0.0,0.0,0.0,,62.6,0.0,0.0
2020-02-28,2.61,2.61,2.57,2.59,3350,8676.5,0.0,280.0,0.0,0.0,,62.6,0.0,0.0
2020-03-02,2.59,2.59,2.55,2.59,7100,18389.0,0.0,0.0,0.0,0.0,,62.6,0.0,0.0
2020-03-03,2.56,2.61,2.55,2.59,31530,81662.7,10.0,0.0,0.0,0.0,,62.6,0.0,0.0
2020-03-04,2.58,2.58,2.54,2.58,16890,43576.2,0.0,0.0,0.0,0.0,,62.6,0.0,0.0
2020-03-05,2.58,2.58,2.54,2.58,38650,99717.0,10.0,0.0,0.0,0.0,,62.6,0.0,0.0
2020-03-06,2.57,2.58,2.54,2.55,7720,19686.0,0.0,0.0,0.0,0.0,,62.6,0.0,0.0
2020-03-09,2.55,2.55,2.38,2.47,144600,357162.0,4500.0,15000.0,10000.0,40000.0,,62.6,0.01,0.04
2020-03-10,2.45,2.45,2.3,2.3,360900,830069.9999999999,5010.0,4120.0,10000.0,10000.0,,62.6,0.01,0.01
2020-03-11,2.32,2.32,2.3,2.32,90620,210238.4,0.0,0.0,0.0,0.0,,62.6,0.0,0.0
2020-03-12,2.18,2.21,2.16,2.16,135930,293608.80000000005,0.0,20510.0,0.0,40000.0,,62.6,0.0,0.04
2020-03-13,2.02,2.3,2.02,2.28,46160,105244.8,0.0,14500.0,0.0,30000.0,,62.6,0.0,0.03
2020-03-16,2.17,2.38,2.17,2.33,51320,119575.6,0.0,0.0,0.0,0.0,,62.6,0.0,0.0
2020-03-17,2.33,2.33,2.21,2.3,47600,109480.0,0.0,0.0,0.0,0.0,,62.6,0.0,0.0
2020-03-18,2.3,2.34,2.25,2.3,19090,43907.0,10.0,0.0,0.0,0.0,,62.6,0.0,0.0
2020-03-19,2.21,2.27,2.14,2.25,254770,573232.5,18020.0,180.0,40000.0,0.0,,62.6,0.04,0.0
2020-03-20,2.25,2.25,2.19,2.23,16130,35969.9,0.0,0.0,0.0,0.0,,62.6,0.0,0.0
2020-03-23,2.23,2.23,2.08,2.1,82420,173082.0,0.0,0.0,0.0,0.0,,62.6,0.0,0.0
2020-03-24,2.08,2.08,1.97,2.08,79570,165505.6,0.0,5000.0,0.0,10000.0,,62.6,0.0,0.01
2020-03-25,2.08,2.08,2.07,2.07,19640,40654.8,0.0,0.0,0.0,0.0,,62.6,0.0,0.0
2020-03-26,2.0,2.05,2.0,2.05,220,451.0,0.0,0.0,0.0,0.0,,62.6,0.0,0.0
2020-03-27,2.0,2.04,1.95,2.04,58610,119564.4,0.0,40000.0,0.0,80000.0,,62.6,0.0,0.08
2020-03-30,1.95,2.05,1.92,2.05,38840,79622.0,0.0,0.0,0.0,0.0,,62.6,0.0,0.0
2020-03-31,1.96,2.05,1.96,2.05,32040,65682.0,0.0,0.0,0.0,0.0,,62.6,0.0,0.0
2020-04-01,2.05,2.05,2.0,2.04,27080,55243.2,0.0,0.0,0.0,0.0,,62.6,0.0,0.0
2020-04-03,2.03,2.03,2.0,2.02,41600,84032.0,0.0,0.0,0.0,0.0,,62.6,0.0,0.0
2020-04-06,2.02,2.15,2.0,2.15,62750,134912.5,0.0,0.0,0.0,0.0,,62.6,0.0,0.0
2020-04-07,2.11,2.11,2.02,2.1,31010,65121.0,10.0,0.0,0.0,0.0,,62.6,0.0,0.0
2020-04-08,2.09,2.1,2.06,2.1,22600,47460.0,0.0,0.0,0.0,0.0,,62.6,0.0,0.0
2020-04-09,2.11,2.15,2.08,2.13,53100,113103.0,0.0,0.0,0.0,0.0,,62.6,0.0,0.0
2020-04-10,2.13,2.17,2.1,2.16,64100,138456.0,19900.0,0.0,40000.0,0.0,,62.6,0.04,0.0
2020-04-13,2.15,2.17,2.11,2.16,13300,28728.000000000004,0.0,0.0,0.0,0.0,,62.6,0.0,0.0
2020-04-14,2.16,2.16,2.07,2.13,46570,99194.1,340.0,0.0,0.0,0.0,,62.6,0.0,0.0
2020-04-15,2.13,2.13,2.06,2.11,36210,76403.09999999999,2000.0,0.0,0.0,0.0,,62.6,0.0,0.0
2020-04-16,2.11,2.11,2.06,2.11,6710,14158.1,0.0,0.0,0.0,0.0,,62.6,0.0,0.0
2020-04-17,2.08,2.14,2.05,2.12,36560,77507.2,100.0,0.0,0.0,0.0,,62.6,0.0,0.0
2020-04-20,2.12,2.13,2.08,2.13,24430,52035.9,0.0,0.0,0.0,0.0,,62.6,0.0,0.0
2020-04-21,2.15,2.15,2.0,2.0,59320,118640.0,2000.0,80.0,0.0,0.0,,62.6,0.0,0.0
2020-04-22,2.01,2.12,2.01,2.12,74900,158788.0,0.0,0.0,0.0,0.0,,62.6,0.0,0.0
2020-04-23,2.15,2.15,2.1,2.12,18830,39919.6,0.0,0.0,0.0,0.0,,62.6,0.0,0.0
2020-04-24,2.13,2.13,2.08,2.08,15990,33259.200000000004,0.0,0.0,0.0,0.0,,62.6,0.0,0.0
2020-04-27,2.07,2.12,2.06,2.1,120480,253008.0,0.0,0.0,0.0,0.0,,62.6,0.0,0.0
2020-04-28,2.1,2.1,2.09,2.09,43250,90392.5,0.0,0.0,0.0,0.0,,62.6,0.0,0.0
2020-04-29,2.08,2.12,2.08,2.12,15510,32881.200000000004,0.0,0.0,0.0,0.0,,62.6,0.0,0.0
2020-05-04,2.03,2.1,2.03,2.1,27540,57834.0,0.0,0.0,0.0,0.0,,62.6,0.0,0.0
2020-05-05,2.08,2.09,2.02,2.09,17930,37473.7,0.0,0.0,0.0,0.0,,62.6,0.0,0.0
2020-05-06,2.09,2.09,2.0,2.04,151400,308856.0,0.0,0.0,0.0,0.0,,62.6,0.0,0.0
2020-05-07,2.05,2.05,2.0,2.03,173410,352022.3,0.0,0.0,0.0,0.0,,62.6,0.0,0.0
2020-05-08,2.03,2.07,2.0,2.04,178680,364507.2,440.0,0.0,0.0,0.0,,62.6,0.0,0.0
2020-05-11,2.04,2.04,2.0,2.02,43060,86981.2,130.0,0.0,0.0,0.0,,62.6,0.0,0.0
2020-05-12,2.01,2.06,2.0,2.05,80840,165722.0,0.0,0.0,0.0,0.0,,62.6,0.0,0.0
2020-05-13,2.04,2.06,2.03,2.06,43360,89321.6,0.0,0.0,0.0,0.0,,62.6,0.0,0.0
2020-05-14,2.02,2.06,2.0,2.04,293800,599352.0,0.0,0.0,0.0,0.0,,62.6,0.0,0.0
2020-05-15,2.04,2.05,2.03,2.04,141080,287803.2,0.0,0.0,0.0,0.0,,62.6,0.0,0.0
2020-05-18,2.04,2.18,2.04,2.18,347080,756634.4,280.0,110.0,0.0,0.0,,62.6,0.0,0.0
2020-05-19,2.32,2.33,2.25,2.31,507990,1173456.9,0.0,0.0,0.0,0.0,,62.6,0.0,0.0
2020-05-20,2.3,2.3,2.21,2.25,127370,286582.5,0.0,0.0,0.0,0.0,,62.6,0.0,0.0
2020-05-21,2.22,2.25,2.15,2.2,172340,379148.00000000006,5510.0,0.0,10000.0,0.0,,62.6,0.01,0.0
2020-05-22,2.14,2.19,2.12,2.17,169810,368487.7,0.0,0.0,0.0,0.0,,62.6,0.0,0.0
2020-05-25,2.17,2.2,2.15,2.18,78380,170868.40000000002,0.0,0.0,0.0,0.0,,62.6,0.0,0.0
2020-05-26,2.18,2.19,2.15,2.19,150380,329332.2,0.0,710.0,0.0,0.0,,62.6,0.0,0.0
2020-05-27,2.18,2.18,2.12,2.16,59100,127656.0,0.0,0.0,0.0,0.0,,62.6,0.0,0.0
2020-05-28,2.16,2.17,2.13,2.16,90590,195674.4,4310.0,0.0,10000.0,0.0,,62.6,0.01,0.0
2020-05-29,2.16,2.21,2.15,2.19,98780,216328.2,0.0,0.0,0.0,0.0,,62.6,0.0,0.0
2020-06-01,2.19,2.34,2.18,2.29,160830,368300.7,0.0,0.0,0.0,0.0,,62.6,0.0,0.0
2020-06-02,2.25,2.34,2.2,2.2,51150,112530.0,0.0,0.0,0.0,0.0,,62.6,0.0,0.0
2020-06-03,2.15,2.22,2.15,2.2,98800,217360.00000000003,0.0,0.0,0.0,0.0,,62.6,0.0,0.0
2020-06-04,2.17,2.2,2.16,2.18,142450,310541.0,0.0,0.0,0.0,0.0,,62.6,0.0,0.0
2020-06-05,2.17,2.29,2.17,2.26,112950,255267.0,0.0,0.0,0.0,0.0,,62.6,0.0,0.0
2020-06-08,2.26,2.41,2.26,2.4,561780,1348272.0,0.0,7310.0,0.0,20000.0,,62.6,0.0,0.02
2020-06-09,2.4,2.4,2.31,2.37,188670,447147.9,4000.0,4000.0,10000.0,10000.0,,62.6,0.01,0.01
2020-06-10,2.36,2.53,2.33,2.53,492160,1245164.7999999998,0.0,0.0,0.0,0.0,,62.6,0.0,0.0
2020-06-11,2.62,2.7,2.53,2.53,1159640,2933889.2,0.0,2020.0,0.0,10000.0,,62.6,0.0,0.01
2020-06-12,2.41,2.52,2.41,2.5,191620,479050.0,0.0,0.0,0.0,0.0,,62.6,0.0,0.0
2020-06-15,2.59,2.59,2.45,2.46,324770,798934.2,0.0,0.0,0.0,0.0,,62.6,0.0,0.0
2020-06-16,2.4,2.49,2.4,2.47,338360,835749.2000000001,0.0,7000.0,0.0,20000.0,,62.6,0.0,0.02
2020-06-17,2.5,2.52,2.4,2.48,96190,238551.2,0.0,0.0,0.0,0.0,,62.6,0.0,0.0
2020-06-18,2.48,2.48,2.39,2.46,91070,224032.2,0.0,0.0,0.0,0.0,,62.6,0.0,0.0
2020-06-19,2.46,2.46,2.4,2.45,224150,549167.5,0.0,0.0,0.0,0.0,,62.6,0.0,0.0
2020-06-22,2.45,2.56,2.4,2.51,146070,366635.7,0.0,0.0,0.0,0.0,,62.6,0.0,0.0
2020-06-23,2.51,2.51,2.43,2.48,50650,125612.0,0.0,0.0,0.0,0.0,,62.6,0.0,0.0
2020-06-24,2.47,2.48,2.35,2.4,120330,288792.0,0.0,0.0,0.0,0.0,,62.6,0.0,0.0
2020-06-25,2.38,2.4,2.32,2.4,75570,181368.0,0.0,0.0,0.0,0.0,,62.6,0.0,0.0
2020-06-26,2.42,2.42,2.25,2.25,539560,1214010.0,0.0,0.0,0.0,0.0,,62.6,0.0,0.0
2020-06-29,2.25,2.26,2.21,2.26,76450,172776.99999999997,0.0,0.0,0.0,0.0,,62.6,0.0,0.0
2020-06-30,2.24,2.3,2.22,2.29,61750,141407.5,0.0,0.0,0.0,0.0,,62.6,0.0,0.0
2020-07-01,2.3,2.34,2.26,2.34,111800,261612.0,0.0,0.0,0.0,0.0,,62.6,0.0,0.0
2020-07-02,2.34,2.34,2.3,2.31,11400,26334.0,0.0,0.0,0.0,0.0,,62.6,0.0,0.0
2020-07-03,2.3,2.37,2.3,2.35,16580,38963.0,0.0,0.0,0.0,0.0,,62.6,0.0,0.0
2020-07-06,2.35,2.39,2.3,2.39,62430,149207.7,0.0,7500.0,0.0,20000.0,,62.6,0.0,0.02
2020-07-07,2.35,2.37,2.29,2.35,27610,64883.5,0.0,0.0,0.0,0.0,,62.6,0.0,0.0
2020-07-08,2.35,2.35,2.34,2.35,29400,69090.0,0.0,0.0,0.0,0.0,,62.6,0.0,0.0
2020-07-09,2.32,2.35,2.31,2.35,122890,288791.5,0.0,0.0,0.0,0.0,,62.6,0.0,0.0
2020-07-10,2.32,2.32,2.24,2.31,97100,224301.0,0.0,0.0,0.0,0.0,,62.6,0.0,0.0
2020-07-13,2.31,2.31,2.25,2.3,95080,218684.0,0.0,0.0,0.0,0.0,,62.6,0.0,0.0
2020-07-14,2.29,2.3,2.28,2.3,8490,19527.0,0.0,0.0,0.0,0.0,,62.6,0.0,0.0
2020-07-15,2.3,2.3,2.22,2.26,110360,249413.6,0.0,0.0,0.0,0.0,,62.6,0.0,0.0
2020-07-16,2.25,2.27,2.25,2.26,16430,37131.8,0.0,0.0,0.0,0.0,,62.6,0.0,0.0
2020-07-17,2.25,2.29,2.25,2.28,39350,89717.99999999999,0.0,0.0,0.0,0.0,,62.6,0.0,0.0
2020-07-20,2.29,2.29,2.25,2.29,43230,98996.7,0.0,0.0,0.0,0.0,,62.6,0.0,0.0
2020-07-21,2.25,2.29,2.25,2.28,29970,68331.59999999999,0.0,0.0,0.0,0.0,,62.6,0.0,0.0
2020-07-22,2.27,2.28,2.2,2.26,113350,256171.0,0.0,0.0,0.0,0.0,,62.6,0.0,0.0
2020-07-23,2.22,2.24,2.15,2.24,80760,180902.4,0.0,0.0,0.0,0.0,,62.6,0.0,0.0
2020-07-24,2.15,2.24,2.1,2.17,86310,187292.7,0.0,0.0,0.0,0.0,,62.6,0.0,0.0
2020-07-27,2.03,2.15,2.02,2.08,127830,265886.4,3410.0,0.0,10000.0,0.0,,62.6,0.01,0.0
2020-07-28,2.0,2.21,2.0,2.21,104630,231232.3,5000.0,0.0,10000.0,0.0,,62.6,0.01,0.0
2020-07-29,2.06,2.17,2.06,2.1,33470,70287.0,0.0,0.0,0.0,0.0,,62.6,0.0,0.0
2020-07-30,2.12,2.12,2.09,2.12,25020,53042.4,0.0,0.0,0.0,0.0,,62.6,0.0,0.0
2020-07-31,2.14,2.14,2.02,2.07,34760,71953.2,0.0,0.0,0.0,0.0,,62.6,0.0,0.0
2020-08-03,2.0,2.14,2.0,2.14,48470,103725.8,0.0,0.0,0.0,0.0,,62.6,0.0,0.0
2020-08-04,2.17,2.17,2.11,2.13,13670,29117.1,0.0,0.0,0.0,0.0,,62.6,0.0,0.0
2020-08-05,2.12,2.15,2.07,2.15,40670,87440.5,0.0,0.0,0.0,0.0,,62.6,0.0,0.0
2020-08-06,2.14,2.16,2.08,2.15,17310,37216.5,500.0,0.0,0.0,0.0,,62.6,0.0,0.0
2020-08-07,2.13,2.15,2.1,2.15,13750,29562.5,0.0,0.0,0.0,0.0,,62.6,0.0,0.0
2020-08-10,2.12,2.15,2.1,2.1,49770,104517.0,0.0,0.0,0.0,0.0,,62.6,0.0,0.0
2020-08-11,2.12,2.13,2.08,2.13,23010,49011.3,1500.0,0.0,0.0,0.0,,62.6,0.0,0.0
2020-08-12,2.15,2.15,2.12,2.15,23980,51557.0,0.0,0.0,0.0,0.0,,62.6,0.0,0.0
2020-08-13,2.14,2.15,2.06,2.12,112640,238796.8,2860.0,0.0,10000.0,0.0,,62.6,0.01,0.0
2020-08-14,2.12,2.12,2.06,2.08,58610,121908.8,0.0,0.0,0.0,0.0,,62.6,0.0,0.0
2020-08-17,2.11,2.11,2.06,2.1,7650,16065.0,0.0,0.0,0.0,0.0,,62.6,0.0,0.0
2020-08-18,2.11,2.11,2.05,2.1,15390,32319.0,0.0,0.0,0.0,0.0,,62.6,0.0,0.0
2020-08-19,2.1,2.16,2.09,2.11,137580,290293.8,5000.0,0.0,10000.0,0.0,,62.6,0.01,0.0
2020-08-20,2.11,2.14,2.08,2.12,51730,109667.6,0.0,0.0,0.0,0.0,,62.6,0.0,0.0
2020-08-21,2.13,2.13,2.08,2.12,85470,181196.4,0.0,0.0,0.0,0.0,,62.6,0.0,0.0
2020-08-24,2.11,2.22,2.1,2.2,137520,302544.0,0.0,0.0,0.0,0.0,,62.6,0.0,0.0
2020-08-25,2.16,2.2,2.16,2.19,49130,107594.7,8000.0,5000.0,20000.0,10000.0,,62.6,0.02,0.01
2020-08-26,2.15,2.19,2.14,2.17,21890,47501.3,0.0,0.0,0.0,0.0,,62.6,0.0,0.0
2020-08-27,2.12,2.17,2.12,2.13,43950,93613.5,3660.0,0.0,10000.0,0.0,,62.6,0.01,0.0
2020-08-28,2.14,2.21,2.14,2.2,144480,317856.0,2210.0,0.0,0.0,0.0,,62.6,0.0,0.0
2020-08-31,2.22,2.22,2.16,2.19,44920,98374.8,5000.0,0.0,10000.0,0.0,,62.6,0.01,0.0
2020-09-01,2.18,2.26,2.12,2.26,64840,146538.4,0.0,0.0,0.0,0.0,,62.6,0.0,0.0
2020-09-03,2.22,2.27,2.15,2.22,63110,140104.2,16430.0,0.0,40000.0,0.0,,62.6,0.04,0.0
2020-09-04,2.22,2.23,2.15,2.18,55370,120706.6,0.0,0.0,0.0,0.0,,62.6,0.0,0.0
2020-09-07,2.19,2.21,2.15,2.19,173810,380643.9,5050.0,13500.0,10000.0,30000.0,,62.6,0.01,0.03
2020-09-08,2.2,2.2,2.15,2.18,5240,11423.2,0.0,0.0,0.0,0.0,,62.6,0.0,0.0
2020-09-09,2.15,2.2,2.15,2.2,42900,94380.0,0.0,0.0,0.0,0.0,,62.6,0.0,0.0
2020-09-10,2.2,2.21,2.16,2.17,81300,176421.0,0.0,0.0,0.0,0.0,,62.6,0.0,0.0
2020-09-11,2.19,2.22,2.17,2.22,76690,170251.80000000002,0.0,0.0,0.0,0.0,,62.6,0.0,0.0
2020-09-14,2.2,2.27,2.2,2.27,92390,209725.3,0.0,0.0,0.0,0.0,,62.6,0.0,0.0
2020-09-15,2.28,2.28,2.2,2.25,50260,113085.0,5000.0,0.0,10000.0,0.0,,62.6,0.01,0.0
2020-09-16,2.27,2.27,2.21,2.25,45130,101542.5,0.0,0.0,0.0,0.0,,62.6,0.0,0.0
2020-09-17,2.25,2.26,2.2,2.25,78140,175815.0,0.0,0.0,0.0,0.0,,62.6,0.0,0.0
2020-09-18,2.21,2.26,2.21,2.25,46690,105052.5,2940.0,10000.0,10000.0,20000.0,,62.6,0.01,0.02
2020-09-21,2.29,2.29,2.22,2.25,73450,165262.5,0.0,0.0,0.0,0.0,,62.6,0.0,0.0
2020-09-22,2.21,2.25,2.21,2.24,13880,31091.200000000004,0.0,0.0,0.0,0.0,,62.6,0.0,0.0
2020-09-23,2.24,2.27,2.22,2.25,70270,158107.5,200.0,0.0,0.0,0.0,,62.6,0.0,0.0
2020-09-24,2.27,2.27,2.2,2.25,15630,35167.5,0.0,0.0,0.0,0.0,,62.6,0.0,0.0
2020-09-25,2.21,2.26,2.21,2.24,21800,48832.00000000001,0.0,0.0,0.0,0.0,,62.6,0.0,0.0
2020-09-28,2.24,2.25,2.2,2.21,42940,94897.4,0.0,0.0,0.0,0.0,,62.6,0.0,0.0
2020-09-29,2.24,2.24,2.2,2.22,22900,50838.00000000001,0.0,0.0,0.0,0.0,,62.6,0.0,0.0
2020-09-30,2.22,2.23,2.21,2.22,91080,202197.6,0.0,0.0,0.0,0.0,,62.6,0.0,0.0
2020-10-01,2.22,2.24,2.2,2.23,46260,103159.8,0.0,0.0,0.0,0.0,,62.6,0.0,0.0
2020-10-02,2.22,2.26,2.21,2.24,50810,113814.4,0.0,0.0,0.0,0.0,,62.6,0.0,0.0
2020-10-05,2.22,2.24,2.2,2.22,51850,115107.0,0.0,0.0,0.0,0.0,,62.6,0.0,0.0
2020-10-06,2.21,2.24,2.2,2.22,65260,144877.2,0.0,0.0,0.0,0.0,,62.6,0.0,0.0
2020-10-07,2.22,2.27,2.22,2.23,155310,346341.3,0.0,0.0,0.0,0.0,,62.6,0.0,0.0
2020-10-08,2.24,2.24,2.2,2.24,48850,109424.0,0.0,0.0,0.0,0.0,,62.6,0.0,0.0
2020-10-09,2.24,2.26,2.21,2.22,8040,17848.800000000003,0.0,2840.0,0.0,10000.0,,62.6,0.0,0.01
2020-10-12,2.25,2.25,2.18,2.2,121100,266420.0,0.0,0.0,0.0,0.0,,62.6,0.0,0.0
2020-10-13,2.23,2.23,2.19,2.19,7440,16293.6,0.0,0.0,0.0,0.0,,62.6,0.0,0.0
2020-10-14,2.19,2.2,2.18,2.18,57040,124347.2,0.0,5360.0,0.0,10000.0,,62.6,0.0,0.01
2020-10-15,2.24,2.24,2.16,2.2,244630,538186.0,0.0,16370.0,0.0,40000.0,,62.6,0.0,0.04
2020-10-16,2.2,2.2,2.15,2.18,24960,54412.8,0.0,0.0,0.0,0.0,,62.6,0.0,0.0
2020-10-19,2.17,2.18,2.16,2.18,58230,126941.4,0.0,0.0,0.0,0.0,,62.6,0.0,0.0
2020-10-20,2.18,2.24,2.18,2.19,15840,34689.6,0.0,0.0,0.0,0.0,,62.6,0.0,0.0
2020-10-21,2.21,2.21,2.17,2.18,72660,158398.80000000002,0.0,0.0,0.0,0.0,,62.6,0.0,0.0
2020-10-22,2.18,2.21,2.18,2.2,96030,211266.00000000003,0.0,0.0,0.0,0.0,,62.6,0.0,0.0
2020-10-23,2.18,2.22,2.18,2.22,100500,223110.00000000003,0.0,0.0,0.0,0.0,,62.6,0.0,0.0
2020-10-26,2.23,2.23,2.18,2.18,56580,123344.4,0.0,0.0,0.0,0.0,,62.6,0.0,0.0
2020-10-27,2.21,2.21,2.18,2.18,56540,123257.2,0.0,0.0,0.0,0.0,,62.6,0.0,0.0
2020-10-28,2.2,2.32,2.16,2.32,149790,347512.8,0.0,0.0,0.0,0.0,,62.6,0.0,0.0
2020-10-29,2.21,2.28,2.2,2.25,103250,232312.5,16750.0,0.0,40000.0,0.0,,62.6,0.04,0.0
2020-10-30,2.26,2.26,2.22,2.25,73030,164317.5,0.0,0.0,0.0,0.0,,62.6,0.0,0.0
2020-11-02,2.27,2.27,2.23,2.25,101280,227880.0,0.0,0.0,0.0,0.0,,62.6,0.0,0.0
2020-11-03,2.25,2.4,2.24,2.4,783730,1880952.0,0.0,110.0,0.0,0.0,,62.6,0.0,0.0
2020-11-04,2.56,2.56,2.5,2.56,1271430,3254860.8000000003,90000.0,5000.0,230000.0,10000.0,,62.6,0.23,0.01
2020-11-05,2.6,2.65,2.46,2.54,197820,502462.8,0.0,15300.0,0.0,40000.0,,62.6,0.0,0.04
2020-11-06,2.43,2.49,2.38,2.4,204240,490176.0,0.0,0.0,0.0,0.0,,62.6,0.0,0.0
2020-11-09,2.32,2.45,2.32,2.45,329540,807373.0000000001,10.0,0.0,0.0,0.0,,62.6,0.0,0.0
2020-11-10,2.45,2.45,2.3,2.36,236640,558470.4,4930.0,0.0,10000.0,0.0,,62.6,0.01,0.0
2020-11-11,2.32,2.41,2.3,2.34,161760,378518.4,20240.0,0.0,50000.0,0.0,,62.6,0.05,0.0
2020-11-12,2.39,2.39,2.32,2.39,235620,563131.8,0.0,0.0,0.0,0.0,,62.6,0.0,0.0
2020-11-13,2.35,2.41,2.32,2.41,113440,273390.4,2340.0,0.0,10000.0,0.0,,62.6,0.01,0.0
2020-11-16,2.44,2.44,2.35,2.38,128730,306377.4,27490.0,0.0,60000.0,0.0,,62.6,0.06,0.0
2020-11-17,2.38,2.42,2.35,2.4,108450,260280.0,8060.0,5000.0,20000.0,10000.0,,62.6,0.02,0.01
2020-11-18,2.41,2.56,2.38,2.56,379010,970265.6,0.0,22000.0,0.0,60000.0,,62.6,0.0,0.06
2020-11-19,2.64,2.73,2.62,2.69,1020350,2744741.5,15480.0,50900.0,40000.0,140000.0,,62.6,0.04,0.14
2020-11-20,2.7,2.7,2.51,2.61,136570,356447.7,27340.0,50540.0,70000.0,130000.0,,62.6,0.07,0.13
2020-11-23,2.61,2.61,2.52,2.57,218030,560337.1,0.0,0.0,0.0,0.0,,62.6,0.0,0.0
2020-11-24,2.57,2.57,2.45,2.55,406560,1036728.0,0.0,0.0,0.0,0.0,,62.6,0.0,0.0
2020-11-25,2.55,2.55,2.46,2.54,108390,275310.6,0.0,0.0,0.0,0.0,,62.6,0.0,0.0
2020-11-26,2.55,2.55,2.5,2.55,44740,114087.0,0.0,0.0,0.0,0.0,,62.6,0.0,0.0
2020-11-27,2.55,2.6,2.5,2.54,81490,206984.6,0.0,0.0,0.0,0.0,,62.6,0.0,0.0
2020-11-30,2.54,2.54,2.48,2.51,84700,212597.0,0.0,0.0,0.0,0.0,,62.6,0.0,0.0
2020-12-01,2.5,2.5,2.45,2.5,141960,354900.0,0.0,0.0,0.0,0.0,,62.6,0.0,0.0
2020-12-02,2.5,2.55,2.45,2.49,82910,206445.9,3480.0,0.0,10000.0,0.0,,62.6,0.01,0.0
2020-12-03,2.5,2.6,2.46,2.6,163130,424138.0,160.0,0.0,0.0,0.0,,62.6,0.0,0.0
2020-12-04,2.6,2.6,2.51,2.55,41040,104652.0,1000.0,0.0,0.0,0.0,,62.6,0.0,0.0
2020-12-07,2.59,2.6,2.5,2.6,117550,305630.0,5640.0,0.0,10000.0,0.0,,62.6,0.01,0.0
2020-12-08,2.61,2.61,2.52,2.58,117680,303614.4,1000.0,0.0,0.0,0.0,,62.6,0.0,0.0
2020-12-09,2.6,2.7,2.54,2.64,189000,498960.0,3360.0,0.0,10000.0,0.0,,62.6,0.01,0.0
2020-12-10,2.7,2.73,2.55,2.64,278060,734078.4,0.0,40000.0,0.0,110000.0,,62.6,0.0,0.11
2020-12-11,2.56,2.67,2.56,2.67,25800,68886.0,0.0,0.0,0.0,0.0,,62.6,0.0,0.0
2020-12-14,2.66,2.79,2.66,2.68,123920,332105.60000000003,0.0,0.0,0.0,0.0,,62.6,0.0,0.0
2020-12-15,2.68,2.77,2.61,2.75,182310,501352.5,1000.0,0.0,0.0,0.0,,62.6,0.0,0.0
2020-12-16,2.75,2.76,2.68,2.74,188910,517613.4,0.0,0.0,0.0,0.0,,62.6,0.0,0.0
2020-12-17,2.7,2.74,2.68,2.68,138540,371287.2,0.0,0.0,0.0,0.0,,62.6,0.0,0.0
2020-12-18,2.68,2.7,2.65,2.7,190060,513162.00000000006,0.0,0.0,0.0,0.0,,62.6,0.0,0.0
2020-12-21,2.7,2.78,2.6,2.74,354510,971357.4,1000.0,0.0,0.0,0.0,,62.6,0.0,0.0
2020-12-22,2.74,2.86,2.71,2.84,282060,801050.3999999999,0.0,0.0,0.0,0.0,,62.6,0.0,0.0
2020-12-23,2.84,2.9,2.78,2.81,91230,256356.3,0.0,0.0,0.0,0.0,,62.6,0.0,0.0
2020-12-24,2.81,2.83,2.62,2.8,166820,467096.0,2000.0,0.0,10000.0,0.0,,62.6,0.01,0.0
2020-12-25,2.8,2.85,2.72,2.85,131370,374404.5,5000.0,0.0,10000.0,0.0,,62.6,0.01,0.0
2020-12-28,2.89,2.89,2.8,2.85,162380,462783.0,0.0,1480.0,0.0,0.0,,62.6,0.0,0.0
2020-12-29,2.87,2.87,2.75,2.8,422830,1183924.0,0.0,30.0,0.0,0.0,,62.6,0.0,0.0
2020-12-30,2.8,2.97,2.75,2.9,275250,798225.0,0.0,0.0,0.0,0.0,,62.6,0.0,0.0
2020-12-31,2.81,2.98,2.81,2.95,91330,269423.5,0.0,0.0,0.0,0.0,,62.6,0.0,0.0
2021-01-04,3.0,3.0,2.9,2.99,118400,354016.0,700.0,0.0,0.0,0.0,,62.6,0.0,0.0
2021-01-05,2.86,2.96,2.86,2.9,206900,600010.0,0.0,0.0,0.0,0.0,,62.6,0.0,0.0
2021-01-06,2.9,2.94,2.85,2.93,165200,484036.0,0.0,0.0,0.0,0.0,,62.6,0.0,0.0
2021-01-07,2.93,2.93,2.8,2.85,526800,1501380.0,1400.0,0.0,0.0,0.0,,62.6,0.0,0.0
2021-01-08,2.85,2.88,2.78,2.88,284800,820224.0,100.0,45000.0,0.0,130000.0,,62.6,0.0,0.13
2021-01-11,2.88,2.88,2.78,2.83,331900,939277.0,0.0,0.0,0.0,0.0,,62.6,0.0,0.0
2021-01-12,2.83,3.02,2.79,3.02,1029100,3107882.0,0.0,0.0,0.0,0.0,,62.6,0.0,0.0
2021-01-13,3.23,3.23,3.12,3.23,1305300,4216119.0,0.0,200.0,0.0,0.0,,62.6,0.0,0.0
2021-01-14,3.26,3.26,3.1,3.17,463000,1467710.0,100.0,0.0,0.0,0.0,,62.6,0.0,0.0
2021-01-15,3.2,3.3,3.15,3.29,470500,1547945.0,0.0,5000.0,0.0,20000.0,,62.6,0.0,0.02
2021-01-18,3.3,3.5,3.12,3.45,1100600,3797070.0,0.0,0.0,0.0,0.0,,62.6,0.0,0.0
2021-01-19,3.45,3.5,3.21,3.21,355300,1140513.0,0.0,0.0,0.0,0.0,,62.6,0.0,0.0
2021-01-20,3.1,3.11,2.99,3.04,344600,1047584.0,0.0,0.0,0.0,0.0,,62.6,0.0,0.0
2021-01-21,2.97,3.2,2.97,3.19,417100,1330549.0,0.0,7000.0,0.0,20000.0,,62.6,0.0,0.02
2021-01-22,3.15,3.22,3.0,3.06,359700,1100682.0,600.0,0.0,0.0,0.0,,62.6,0.0,0.0
2021-01-25,3.03,3.09,3.0,3.0,382800,1148400.0,0.0,0.0,0.0,0.0,,62.6,0.0,0.0
2021-01-26,3.08,3.08,2.86,3.0,260600,781800.0,0.0,9100.0,0.0,30000.0,,62.6,0.0,0.03
2021-01-27,3.0,3.0,2.8,2.9,191600,555640.0,400.0,2000.0,0.0,10000.0,,62.6,0.0,0.01
2021-01-28,2.71,2.75,2.7,2.7,108100,291870.0,0.0,0.0,0.0,0.0,,62.6,0.0,0.0
2021-01-29,2.52,2.72,2.52,2.68,316000,846880.0,500.0,0.0,0.0,0.0,,62.6,0.0,0.0
2021-02-01,2.52,2.68,2.5,2.5,164000,410000.0,0.0,0.0,0.0,0.0,,62.6,0.0,0.0
2021-02-02,2.5,2.5,2.37,2.49,123200,306768.0,0.0,16700.0,0.0,40000.0,,62.6,0.0,0.04
2021-02-03,2.49,2.66,2.49,2.66,197900,526414.0,0.0,18000.0,0.0,40000.0,,62.6,0.0,0.04
2021-02-04,2.66,2.74,2.6,2.61,159200,415512.0,0.0,0.0,0.0,0.0,,62.6,0.0,0.0
2021-02-05,2.65,2.68,2.57,2.67,117700,314259.0,0.0,0.0,0.0,0.0,,62.6,0.0,0.0
2021-02-08,2.67,2.71,2.56,2.62,42400,111088.0,0.0,0.0,0.0,0.0,,62.6,0.0,0.0
2021-02-09,2.63,2.68,2.55,2.68,76900,206092.0,0.0,0.0,0.0,0.0,,62.6,0.0,0.0
2021-02-17,2.69,2.75,2.6,2.75,137400,377850.0,1000.0,8000.0,0.0,20000.0,,62.6,0.0,0.02
2021-02-18,2.66,2.78,2.66,2.75,113600,312400.0,0.0,0.0,0.0,0.0,,62.6,0.0,0.0
2021-02-19,2.75,2.75,2.7,2.71,60800,164768.0,1700.0,400.0,0.0,0.0,,62.6,0.0,0.0
2021-02-22,2.71,2.76,2.7,2.71,38400,104064.0,0.0,4400.0,0.0,10000.0,,62.6,0.0,0.01
2021-02-23,2.7,2.78,2.7,2.76,114200,315192.0,0.0,0.0,0.0,0.0,,62.6,0.0,0.0
2021-02-24,2.75,2.78,2.7,2.74,159200,436208.00000000006,0.0,0.0,0.0,0.0,,62.6,0.0,0.0
2021-02-25,2.78,2.78,2.7,2.75,40200,110550.0,0.0,0.0,0.0,0.0,,62.6,0.0,0.0
2021-02-26,2.75,2.79,2.74,2.77,145500,403035.0,0.0,0.0,0.0,0.0,,62.6,0.0,0.0
2021-03-01,2.93,2.93,2.85,2.92,111800,326456.0,0.0,100.0,0.0,0.0,,62.6,0.0,0.0
2021-03-02,2.92,2.92,2.89,2.92,67800,197976.0,0.0,0.0,0.0,0.0,,62.6,0.0,0.0
2021-03-03,2.92,3.05,2.87,3.0,306000,918000.0,0.0,6600.0,0.0,20000.0,,62.6,0.0,0.02
2021-03-04,3.05,3.05,2.9,2.92,112400,328208.0,0.0,0.0,0.0,0.0,,62.6,0.0,0.0
2021-03-05,2.91,2.96,2.86,2.93,48600,142398.0,0.0,0.0,0.0,0.0,,62.6,0.0,0.0
2021-03-08,2.99,3.01,2.93,3.0,192000,576000.0,0.0,0.0,0.0,0.0,,62.6,0.0,0.0
2021-03-09,3.0,3.01,2.94,2.97,69500,206415.0,0.0,1000.0,0.0,0.0,,62.6,0.0,0.0
2021-03-10,2.97,3.06,2.97,3.0,209200,627600.0,0.0,0.0,0.0,0.0,,62.6,0.0,0.0
2021-03-11,3.04,3.04,2.91,3.0,349200,1047600.0,0.0,0.0,0.0,0.0,,62.6,0.0,0.0
2021-03-12,3.0,3.0,2.94,2.96,145100,429496.0,0.0,0.0,0.0,0.0,,62.6,0.0,0.0
2021-03-15,2.94,3.09,2.9,3.05,469000,1430450.0,0.0,0.0,0.0,0.0,,62.6,0.0,0.0
2021-03-16,3.02,3.06,2.98,3.02,204400,617288.0,0.0,0.0,0.0,0.0,,62.6,0.0,0.0
2021-03-17,3.05,3.07,3.01,3.05,201400,614270.0,70000.0,0.0,210000.0,0.0,,62.6,0.21,0.0
2021-03-18,3.05,3.07,3.01,3.02,182700,551754.0,0.0,0.0,0.0,0.0,,62.6,0.0,0.0
2021-03-19,3.02,3.03,2.96,3.02,76700,231634.0,0.0,0.0,0.0,0.0,,62.6,0.0,0.0
2021-03-22,3.02,3.05,2.98,3.01,198600,597786.0,0.0,0.0,0.0,0.0,,62.6,0.0,0.0
2021-03-23,3.01,3.05,2.99,3.01,325000,978250.0,0.0,0.0,0.0,0.0,,62.6,0.0,0.0
2021-03-24,3.01,3.22,2.97,3.22,1314000,4231080.0,0.0,0.0,0.0,0.0,,62.6,0.0,0.0
2021-03-25,3.43,3.44,3.36,3.44,1148500,3950840.0,4000.0,5000.0,10000.0,20000.0,,62.6,0.01,0.02
2021-03-26,3.44,3.68,3.4,3.68,765600,2817408.0,40000.0,0.0,140000.0,0.0,,62.6,0.14,0.0
2021-03-29,3.65,3.69,3.43,3.68,1202200,4424096.0,48000.0,0.0,170000.0,0.0,,62.6,0.17,0.0
2021-03-30,3.51,3.63,3.45,3.6,759200,2733120.0,0.0,4000.0,0.0,10000.0,,62.6,0.0,0.01
2021-03-31,3.5,3.55,3.36,3.39,575100,1949589.0,0.0,40000.0,0.0,140000.0,,62.6,0.0,0.14
2021-04-01,3.33,3.6,3.33,3.53,441200,1557436.0,0.0,0.0,0.0,0.0,,62.6,0.0,0.0
2021-04-02,3.58,3.58,3.4,3.47,479500,1663865.0,0.0,0.0,0.0,0.0,,62.6,0.0,0.0
2021-04-05,3.42,3.56,3.41,3.54,459900,1628046.0,0.0,0.0,0.0,0.0,,62.6,0.0,0.0
2021-04-06,3.54,3.7,3.49,3.6,659400,2373840.0,0.0,0.0,0.0,0.0,,62.6,0.0,0.0
2021-04-07,3.7,3.85,3.65,3.85,1029000,3961650.0,0.0,400.0,0.0,0.0,,62.6,0.0,0.0
2021-04-08,3.94,3.98,3.84,3.95,1054800,4166460.0,8000.0,0.0,30000.0,0.0,,62.6,0.03,0.0
2021-04-09,3.85,3.95,3.8,3.89,650700,2531223.0,0.0,4000.0,0.0,20000.0,,62.6,0.0,0.02
2021-04-12,3.89,4.16,3.89,4.16,861200,3582592.0,5000.0,4000.0,20000.0,20000.0,,62.6,0.02,0.02
2021-04-13,4.39,4.39,4.06,4.06,1365500,5543929.999999999,100.0,5000.0,0.0,20000.0,,62.6,0.0,0.02
2021-04-14,4.05,4.32,3.95,4.3,915900,3938370.0,0.0,0.0,0.0,0.0,,62.6,0.0,0.0
2021-04-15,4.3,4.6,4.3,4.6,1511600,6953359.999999999,14200.0,5000.0,60000.0,20000.0,,62.6,0.06,0.02
2021-04-16,4.7,4.8,4.4,4.5,1056300,4753350.0,18700.0,0.0,90000.0,0.0,,62.6,0.09,0.0
2021-04-19,4.53,4.53,4.19,4.19,1133400,4748946.0,0.0,3000.0,0.0,10000.0,,62.6,0.0,0.01
2021-04-20,3.95,4.18,3.9,3.9,1316800,5135520.0,0.0,0.0,0.0,0.0,,62.6,0.0,0.0
2021-04-22,3.8,4.0,3.71,3.9,573900,2238210.0,0.0,5000.0,0.0,20000.0,,62.6,0.0,0.02
2021-04-23,3.65,3.89,3.63,3.84,518400,1990656.0,0.0,0.0,0.0,0.0,,62.6,0.0,0.0
2021-04-26,3.84,3.85,3.61,3.61,255300,921633.0,0.0,0.0,0.0,0.0,,62.6,0.0,0.0
2021-04-27,3.61,3.7,3.46,3.49,274300,957307.0,0.0,0.0,0.0,0.0,,62.6,0.0,0.0
2021-04-28,3.45,3.73,3.45,3.73,450600,1680738.0,0.0,0.0,0.0,0.0,,62.6,0.0,0.0
2021-04-29,3.81,3.99,3.81,3.98,507400,2019452.0,1000.0,0.0,0.0,0.0,,62.6,0.0,0.0
2021-05-04,3.72,3.9,3.72,3.76,250800,943008.0,100.0,0.0,0.0,0.0,,62.6,0.0,0.0
2021-05-05,3.76,3.82,3.76,3.8,287500,1092500.0,300.0,0.0,0.0,0.0,,62.6,0.0,0.0
2021-05-06,3.8,3.84,3.72,3.72,229600,854112.0,0.0,0.0,0.0,0.0,,62.6,0.0,0.0
2021-05-07,3.72,3.74,3.63,3.63,363200,1318416.0,0.0,0.0,0.0,0.0,,62.6,0.0,0.0
2021-05-10,3.58,3.68,3.4,3.61,323100,1166391.0,0.0,500.0,0.0,0.0,,62.6,0.0,0.0
2021-05-11,3.52,3.78,3.52,3.75,156800,588000.0,100.0,0.0,0.0,0.0,,62.6,0.0,0.0
2021-05-12,3.75,3.85,3.7,3.85,287300,1106105.0,0.0,500.0,0.0,0.0,,62.6,0.0,0.0
2021-05-13,4.11,4.11,4.1,4.11,1294200,5319162.0,0.0,0.0,0.0,0.0,,62.6,0.0,0.0
2021-05-14,4.39,4.39,4.39,4.39,721300,3166507.0,0.0,0.0,0.0,0.0,,62.6,0.0,0.0
2021-05-17,4.69,4.69,4.69,4.69,707900,3320051.0000000005,0.0,0.0,0.0,0.0,,62.6,0.0,0.0
2021-05-18,5.01,5.01,5.01,5.01,751600,3765516.0,0.0,12000.0,0.0,60000.0,,62.6,0.0,0.06
2021-05-19,5.36,5.36,5.02,5.36,2917500,15637800.000000002,107000.0,200.0,570000.0,0.0,,62.6,0.57,0.0
2021-05-20,5.73,5.73,5.73,5.73,905200,5186796.0,17300.0,59600.0,100000.0,340000.0,,62.6,0.1,0.34
2021-05-21,6.13,6.13,6.13,6.13,1083700,6643081.0,18600.0,0.0,110000.0,0.0,,62.6,0.11,0.0
2021-05-24,6.55,6.55,5.71,6.0,4633500,27801000.0,25900.0,132100.0,170000.0,800000.0,,62.6,0.17,0.8
2021-05-25,5.84,5.99,5.61,5.61,1196800,6714048.0,0.0,0.0,0.0,0.0,,62.6,0.0,0.0
2021-05-26,5.39,6.0,5.39,6.0,1254800,7528800.0,0.0,112000.0,0.0,600000.0,,62.6,0.0,0.6
2021-05-27,6.38,6.42,6.11,6.42,860200,5522484.0,22700.0,100.0,140000.0,0.0,,62.6,0.14,0.0
2021-05-28,6.86,6.86,6.8,6.86,2490800,17086888.0,29000.0,0.0,200000.0,0.0,,62.6,0.2,0.0
2021-05-31,7.3,7.31,6.8,7.3,1997300,14580290.0,1300.0,0.0,10000.0,0.0,,62.6,0.01,0.0
2021-06-01,7.3,7.3,6.99,7.02,617400,4334148.0,23600.0,0.0,170000.0,0.0,,62.6,0.17,0.0
2021-06-02,6.8,7.49,6.8,7.49,1001600,7501984.0,31100.0,0.0,220000.0,0.0,,62.6,0.22,0.0
2021-06-03,7.25,7.8,7.25,7.67,1005000,7708350.0,107000.0,1300.0,800000.0,10000.0,,62.6,0.8,0.01
2021-06-04,7.5,7.6,7.14,7.6,2627000,19965200.0,53900.0,17900.0,400000.0,130000.0,,62.6,0.4,0.13
2021-06-07,7.7,7.7,7.4,7.59,1003500,7616565.0,11900.0,13000.0,90000.0,100000.0,,62.6,0.09,0.1
2021-06-08,7.41,7.59,7.3,7.5,1390100,10425750.0,0.0,84100.0,0.0,630000.0,,62.6,0.0,0.63
2021-06-09,7.48,7.52,7.4,7.49,586700,4394383.0,38600.0,12000.0,290000.0,90000.0,,62.6,0.29,0.09
2021-06-10,7.45,8.01,7.45,8.01,1621700,12989817.0,55100.0,0.0,430000.0,0.0,,62.6,0.43,0.0
2021-06-11,8.57,8.57,8.39,8.53,1345700,11478821.0,1600.0,20800.0,10000.0,180000.0,,62.6,0.01,0.18
2021-06-14,8.53,8.8,8.2,8.35,866700,7236945.0,1000.0,32100.0,10000.0,270000.0,,62.6,0.01,0.27
2021-06-15,8.3,8.5,8.2,8.39,401700,3370263.0,0.0,8300.0,0.0,70000.0,,62.6,0.0,0.07
2021-06-16,8.2,8.35,8.16,8.25,788400,6504300.0,26300.0,13300.0,220000.0,110000.0,,62.6,0.22,0.11
2021-06-17,8.2,8.53,8.2,8.26,444200,3669092.0,47400.0,1700.0,400000.0,10000.0,,62.6,0.4,0.01
2021-06-18,8.26,8.4,8.26,8.32,314700,2618304.0,13500.0,7500.0,110000.0,60000.0,,62.6,0.11,0.06
2021-06-21,8.32,8.41,8.24,8.38,613800,5143644.000000001,9900.0,5500.0,80000.0,50000.0,,62.6,0.08,0.05
2021-06-22,8.6,8.96,8.5,8.96,1084500,9717120.0,11600.0,0.0,100000.0,0.0,,62.6,0.1,0.0
2021-06-23,9.49,9.55,9.0,9.38,1150200,10788876.0,3400.0,29800.0,30000.0,280000.0,,62.6,0.03,0.28
2021-06-24,9.41,9.6,9.15,9.36,817100,7648056.0,13800.0,16000.0,130000.0,150000.0,,62.6,0.13,0.15
2021-06-25,9.35,9.35,9.11,9.2,548300,5044360.0,19000.0,9700.0,180000.0,90000.0,,62.6,0.18,0.09
2021-06-28,9.2,9.3,9.15,9.17,540900,4960053.0,20800.0,0.0,190000.0,0.0,,62.6,0.19,0.0
2021-06-29,9.1,9.36,9.07,9.22,524000,4831280.0,34500.0,0.0,320000.0,0.0,,62.6,0.32,0.0
2021-06-30,9.22,9.25,9.14,9.18,308700,2833866.0,6500.0,1300.0,60000.0,10000.0,,62.6,0.06,0.01
2021-07-01,9.18,9.41,9.15,9.18,258800,2375784.0,14700.0,8100.0,140000.0,70000.0,,62.6,0.14,0.07
2021-07-02,9.2,9.3,9.1,9.14,363900,3326046.0,0.0,13900.0,0.0,130000.0,,62.6,0.0,0.13
2021-07-05,9.14,9.14,8.7,8.77,688600,6039022.0,1300.0,15500.0,10000.0,140000.0,,62.6,0.01,0.14
2021-07-06,8.77,9.0,8.16,8.16,364400,2973504.0,6500.0,18500.0,60000.0,160000.0,,62.6,0.06,0.16
2021-07-07,8.17,8.59,8.11,8.43,446400,3763152.0,22900.0,3000.0,190000.0,20000.0,,62.6,0.19,0.02
2021-07-08,8.43,8.7,8.4,8.43,203400,1714662.0,0.0,28700.0,0.0,240000.0,,62.6,0.0,0.24
2021-07-09,8.43,8.43,7.85,7.85,564000,4427400.0,3000.0,5500.0,20000.0,50000.0,,62.6,0.02,0.05
2021-07-12,7.5,8.15,7.31,7.31,680500,4974455.0,22400.0,2100.0,170000.0,20000.0,,62.6,0.17,0.02
2021-07-13,7.32,7.45,7.1,7.33,286800,2102244.0,13700.0,1400.0,100000.0,10000.0,,62.6,0.1,0.01
2021-07-14,7.25,7.45,7.25,7.44,204400,1520736.0,8900.0,4000.0,70000.0,30000.0,,62.6,0.07,0.03
2021-07-15,7.49,7.49,7.0,7.45,250200,1863990.0,13900.0,21800.0,100000.0,160000.0,,62.6,0.1,0.16
2021-07-16,7.59,7.59,7.2,7.29,159900,1165671.0,1800.0,4700.0,10000.0,30000.0,,62.6,0.01,0.03
2021-07-19,7.27,7.27,6.85,6.89,422600,2911714.0,3500.0,14800.0,20000.0,110000.0,,62.6,0.02,0.11
2021-07-20,6.89,7.37,6.89,7.37,314500,2317865.0,11800.0,23500.0,90000.0,170000.0,,62.6,0.09,0.17
2021-07-21,7.53,7.8,7.37,7.5,191800,1438500.0,400.0,25300.0,0.0,190000.0,,62.6,0.0,0.19
2021-07-22,7.6,7.9,7.0,7.89,301800,2381202.0,50700.0,8600.0,390000.0,70000.0,,62.6,0.39,0.07
2021-07-23,7.89,7.89,7.5,7.79,249300,1942047.0,1000.0,7700.0,10000.0,60000.0,,62.6,0.01,0.06
2021-07-26,7.77,7.77,7.41,7.59,171700,1303203.0,500.0,3500.0,0.0,30000.0,,62.6,0.0,0.03
2021-07-27,7.6,7.7,7.6,7.63,197600,1507688.0,13200.0,0.0,100000.0,0.0,,62.6,0.1,0.0
2021-07-28,7.63,7.63,7.5,7.6,129000,980400.0,2500.0,0.0,20000.0,0.0,,62.6,0.02,0.0
2021-07-29,7.6,7.64,7.42,7.56,203400,1537704.0,9400.0,2200.0,70000.0,20000.0,,62.6,0.07,0.02
2021-07-30,7.56,7.58,7.45,7.51,289900,2177149.0,2300.0,0.0,20000.0,0.0,,62.6,0.02,0.0
2021-08-02,7.4,7.7,7.4,7.61,268000,2039480.0,3600.0,0.0,30000.0,0.0,,62.6,0.03,0.0
2021-08-03,7.3,7.61,7.3,7.61,235500,1792155.0,800.0,5300.0,10000.0,40000.0,,62.6,0.01,0.04
2021-08-04,7.6,7.62,7.49,7.5,271100,2033250.0,800.0,1200.0,10000.0,10000.0,,62.6,0.01,0.01
2021-08-05,7.6,8.02,7.49,8.02,554900,4450298.0,5900.0,1900.0,40000.0,10000.0,,62.6,0.04,0.01
2021-08-06,8.58,8.58,8.2,8.39,997300,8367347.000000001,0.0,21100.0,0.0,180000.0,,62.6,0.0,0.18
2021-08-09,8.49,8.49,8.21,8.25,285400,2354550.0,0.0,9000.0,0.0,70000.0,,62.6,0.0,0.07
2021-08-10,8.25,8.25,7.75,7.9,820500,6481950.0,400.0,10200.0,0.0,80000.0,,62.6,0.0,0.08
2021-08-11,7.8,8.3,7.65,7.95,557600,4432920.0,5400.0,4200.0,40000.0,30000.0,,62.6,0.04,0.03
2021-08-12,7.95,7.99,7.85,7.9,310600,2453740.0,0.0,6100.0,0.0,50000.0,,62.6,0.0,0.05
2021-08-13,7.9,7.95,7.8,7.95,371500,2953425.0,0.0,11100.0,0.0,90000.0,,62.6,0.0,0.09
2021-08-16,7.95,8.2,7.95,8.03,553400,4443802.0,12500.0,0.0,100000.0,0.0,,62.6,0.1,0.0
2021-08-17,8.05,8.1,7.98,8.02,326900,2621738.0,1900.0,3000.0,20000.0,20000.0,,62.6,0.02,0.02
2021-08-18,8.03,8.03,7.5,7.89,287500,2268375.0,2300.0,1900.0,20000.0,20000.0,,62.6,0.02,0.02
2021-08-19,7.8,7.89,7.52,7.75,339500,2631125.0,12000.0,1100.0,90000.0,10000.0,,62.6,0.09,0.01
2021-08-20,7.76,7.8,7.5,7.55,509900,3849745.0,2500.0,7400.0,20000.0,60000.0,,62.6,0.02,0.06
2021-08-23,7.55,7.56,7.35,7.39,311400,2301246.0,18700.0,4300.0,140000.0,30000.0,,62.6,0.14,0.03
2021-08-24,7.38,7.44,7.24,7.3,219500,1602350.0,2600.0,8500.0,20000.0,60000.0,,62.6,0.02,0.06
2021-08-25,7.31,7.39,7.16,7.29,151700,1105893.0,300.0,12200.0,0.0,90000.0,,62.6,0.0,0.09
2021-08-26,7.4,7.47,7.3,7.33,318800,2336804.0,14500.0,105900.0,110000.0,780000.0,,62.6,0.11,0.78
2021-08-27,7.4,7.4,7.23,7.35,222400,1634640.0,0.0,3100.0,0.0,20000.0,,62.6,0.0,0.02
2021-08-30,7.35,7.8,7.33,7.63,381500,2910845.0,53200.0,41200.0,390000.0,300000.0,,62.6,0.39,0.3
2021-08-31,7.64,7.78,7.5,7.5,196400,1473000.0,500.0,7000.0,0.0,50000.0,,62.6,0.0,0.05
2021-09-01,7.5,7.6,7.49,7.52,212300,1596496.0,2700.0,3700.0,20000.0,30000.0,,62.6,0.02,0.03
2021-09-06,7.6,8.04,7.49,8.04,799100,6424763.999999999,15100.0,0.0,120000.0,0.0,,62.6,0.12,0.0
2021-09-07,8.4,8.49,7.8,7.94,467400,3711156.0,0.0,29100.0,0.0,240000.0,,62.6,0.0,0.24
2021-09-08,7.9,7.9,7.66,7.8,183900,1434420.0,300.0,5300.0,0.0,40000.0,,62.6,0.0,0.04
2021-09-09,7.9,8.34,7.8,8.34,1820300,15181302.0,6900.0,12200.0,60000.0,100000.0,,62.6,0.06,0.1
2021-09-10,8.7,8.9,8.5,8.75,1346000,11777500.0,1200.0,22100.0,10000.0,190000.0,,62.6,0.01,0.19
2021-09-13,8.9,9.3,8.76,8.8,1212300,10668240.0,3000.0,23200.0,30000.0,210000.0,,62.6,0.03,0.21
2021-09-14,8.2,8.69,8.2,8.37,824700,6902738.999999999,17400.0,3200.0,150000.0,30000.0,,62.6,0.15,0.03
2021-09-15,8.3,8.95,8.01,8.95,1163600,10414220.0,27400.0,11800.0,230000.0,100000.0,,62.6,0.23,0.1
2021-09-16,9.0,9.25,8.81,8.92,557400,4972008.0,1100.0,7200.0,10000.0,70000.0,,62.6,0.01,0.07
2021-09-17,8.92,9.2,8.6,8.85,607700,5378145.0,28800.0,6100.0,250000.0,50000.0,,62.6,0.25,0.05
2021-09-20,9.1,9.1,8.6,8.63,782900,6756427.000000001,21400.0,2400.0,190000.0,20000.0,,62.6,0.19,0.02
2021-09-21,8.26,8.48,8.2,8.32,726500,6044480.0,15000.0,23300.0,130000.0,190000.0,,62.6,0.13,0.19
2021-09-22,8.24,8.89,8.24,8.7,641500,5581050.0,600.0,5600.0,10000.0,50000.0,,62.6,0.01,0.05
2021-09-23,8.7,8.74,8.2,8.28,467100,3867588.0,12100.0,7900.0,100000.0,70000.0,,62.6,0.1,0.07
2021-09-24,8.3,8.31,8.05,8.12,309300,2511515.9999999995,10400.0,12100.0,80000.0,100000.0,,62.6,0.08,0.1
2021-09-27,8.1,8.2,7.56,7.56,752500,5688900.0,7500.0,1000.0,60000.0,10000.0,,62.6,0.06,0.01
2021-09-28,7.35,7.85,7.04,7.6,690600,5248560.0,75100.0,6400.0,560000.0,50000.0,,62.6,0.56,0.05
2021-09-29,7.61,7.9,7.61,7.7,172100,1325170.0,15200.0,25700.0,120000.0,200000.0,,62.6,0.12,0.2
2021-09-30,8.0,8.0,7.65,7.7,156900,1208130.0,0.0,16900.0,0.0,130000.0,,62.6,0.0,0.13
2021-10-01,7.8,7.8,7.46,7.55,201500,1521325.0,5700.0,5200.0,40000.0,40000.0,,62.6,0.04,0.04
2021-10-04,7.55,7.7,7.35,7.6,210200,1597520.0,6600.0,7300.0,50000.0,50000.0,,62.6,0.05,0.05
2021-10-05,7.5,7.7,7.5,7.64,254100,1941324.0,2700.0,7700.0,20000.0,60000.0,,62.6,0.02,0.06
2021-10-06,7.6,8.0,7.6,7.9,312200,2466380.0,1000.0,4900.0,10000.0,40000.0,,62.6,0.01,0.04
2021-10-07,8.0,8.0,7.77,7.88,301400,2375032.0,1800.0,100.0,10000.0,0.0,,62.6,0.01,0.0
2021-10-08,7.88,7.95,7.77,7.88,367200,2893536.0,4300.0,0.0,30000.0,0.0,,62.6,0.03,0.0
2021-10-11,7.88,7.95,7.7,7.88,282900,2229252.0,6600.0,0.0,50000.0,0.0,,62.6,0.05,0.0
2021-10-12,7.88,7.9,7.71,7.79,243500,1896865.0,2400.0,6300.0,20000.0,50000.0,,62.6,0.02,0.05
2021-10-13,7.8,7.81,7.69,7.7,277300,2135210.0,100.0,6000.0,0.0,50000.0,,62.6,0.0,0.05
2021-10-14,7.55,7.99,7.55,7.9,410900,3246110.0,10900.0,16000.0,90000.0,130000.0,,62.6,0.09,0.13
2021-10-15,7.9,7.94,7.72,7.74,161000,1246140.0,4800.0,1900.0,40000.0,10000.0,,62.6,0.04,0.01
2021-10-18,7.8,7.8,7.62,7.63,308500,2353855.0,0.0,11300.0,0.0,90000.0,,62.6,0.0,0.09
2021-10-19,7.64,7.92,7.59,7.9,482400,3810960.0,1500.0,26500.0,10000.0,200000.0,,62.6,0.01,0.2
2021-10-20,7.9,7.98,7.73,7.88,383300,3020404.0,2400.0,0.0,20000.0,0.0,,62.6,0.02,0.0
2021-10-21,7.84,8.25,7.82,8.25,652100,5379825.0,7500.0,100.0,60000.0,0.0,,62.6,0.06,0.0
2021-10-22,8.2,8.44,8.2,8.3,894600,7425180.000000001,1000.0,14800.0,10000.0,120000.0,,62.6,0.01,0.12
2021-10-25,8.4,8.4,8.22,8.22,505200,4152744.000000001,4100.0,2900.0,30000.0,20000.0,,62.6,0.03,0.02
2021-10-26,8.22,8.79,8.05,8.79,1569100,13792388.999999998,19900.0,101300.0,170000.0,860000.0,,62.6,0.17,0.86
2021-10-27,9.0,9.3,8.82,8.9,1472900,13108810.0,2500.0,14800.0,20000.0,130000.0,,62.6,0.02,0.13
2021-10-28,9.0,9.0,8.8,8.82,665400,5868828.0,15200.0,9600.0,130000.0,90000.0,,62.6,0.13,0.09
2021-10-29,8.79,8.82,8.51,8.75,1020500,8929375.0,25400.0,41200.0,220000.0,360000.0,,62.6,0.22,0.36
2021-11-01,8.7,9.29,8.69,9.0,1548400,13935600.0,29300.0,13400.0,260000.0,120000.0,,62.6,0.26,0.12
2021-11-02,8.8,9.63,8.8,9.63,3377200,32522436.000000004,52700.0,4000.0,500000.0,40000.0,,62.6,0.5,0.04
2021-11-03,9.63,9.81,8.97,8.98,1486300,13346974.0,5000.0,16200.0,50000.0,150000.0,,62.6,0.05,0.15
2021-11-04,8.6,9.0,8.6,8.95,533700,4776615.0,10300.0,5600.0,90000.0,50000.0,,62.6,0.09,0.05
2021-11-05,8.9,8.9,8.41,8.77,1215500,10659935.0,14300.0,4400.0,120000.0,40000.0,,62.6,0.12,0.04
2021-11-08,8.8,9.25,8.8,9.1,970200,8828820.0,62900.0,0.0,570000.0,0.0,,62.6,0.57,0.0
2021-11-09,9.16,9.2,8.95,8.99,721800,6488982.0,8800.0,3300.0,80000.0,30000.0,,62.6,0.08,0.03
2021-11-10,8.95,9.2,8.95,9.05,676200,6119610.000000001,40400.0,0.0,370000.0,0.0,,62.6,0.37,0.0
2021-11-11,9.21,9.68,9.04,9.61,2517200,24190292.0,59300.0,2400.0,570000.0,20000.0,,62.6,0.57,0.02
2021-11-12,9.7,10.25,9.4,10.25,3130500,32087625.0,46400.0,11200.0,460000.0,110000.0,,62.6,0.46,0.11
2021-11-15,10.9,10.95,10.4,10.95,1440700,15775664.999999998,12200.0,30800.0,130000.0,330000.0,,62.6,0.13,0.33
2021-11-16,10.5,10.8,10.2,10.2,1866600,19039320.0,28100.0,11200.0,290000.0,120000.0,,62.6,0.29,0.12
2021-11-17,10.0,10.9,9.8,10.9,1762100,19206890.0,35200.0,27200.0,350000.0,270000.0,,62.6,0.35,0.27
2021-11-18,11.5,11.5,10.7,10.75,1371800,14746850.0,11700.0,42700.0,130000.0,470000.0,,62.6,0.13,0.47
2021-11-19,10.5,11.0,10.0,10.8,1750100,18901080.0,47200.0,36200.0,500000.0,380000.0,,62.6,0.5,0.38
2021-11-22,10.75,10.75,10.05,10.05,1101700,11072085.0,2300.0,57700.0,20000.0,580000.0,,62.6,0.02,0.58
2021-11-23,9.35,9.9,9.35,9.69,941500,9123135.0,11700.0,48700.0,110000.0,470000.0,,62.6,0.11,0.47
2021-11-24,9.75,10.05,9.35,9.36,750700,7026552.0,0.0,40500.0,0.0,390000.0,,62.6,0.0,0.39
2021-11-25,9.1,9.59,9.08,9.2,781500,7189799.999999999,14100.0,13200.0,130000.0,120000.0,,62.6,0.13,0.12
2021-11-26,9.2,9.49,9.01,9.45,861100,8137394.999999999,25900.0,18500.0,240000.0,170000.0,,62.6,0.24,0.17
2021-11-29,8.9,9.55,8.9,9.32,633800,5907016.0,22600.0,3700.0,210000.0,30000.0,,62.6,0.21,0.03
2021-11-30,9.55,9.55,9.32,9.5,820500,7794750.0,11100.0,5400.0,110000.0,50000.0,,62.6,0.11,0.05
2021-12-01,9.5,9.53,9.3,9.32,521200,4857584.0,3700.0,23900.0,40000.0,220000.0,,62.6,0.04,0.22
2021-12-02,9.4,9.97,9.4,9.97,828500,8260145.000000001,5400.0,8000.0,50000.0,80000.0,,62.6,0.05,0.08
2021-12-03,10.4,10.4,9.55,9.69,916300,8878947.0,4000.0,70700.0,40000.0,710000.0,,62.6,0.04,0.71
2021-12-06,9.64,9.64,9.03,9.05,623400,5641770.0,4700.0,21300.0,40000.0,200000.0,,62.6,0.04,0.2
2021-12-07,9.1,9.37,8.6,9.26,601700,5571742.0,18500.0,3300.0,160000.0,30000.0,,62.6,0.16,0.03
2021-12-08,9.34,9.35,9.0,9.11,415700,3787027.0,1900.0,6200.0,20000.0,60000.0,,62.6,0.02,0.06
2021-12-09,9.3,9.3,9.07,9.27,371500,3443805.0,13600.0,9600.0,120000.0,90000.0,,62.6,0.12,0.09
2021-12-10,9.27,9.9,9.11,9.29,425900,3956611.0,5900.0,14700.0,50000.0,140000.0,,62.6,0.05,0.14
2021-12-13,9.29,9.49,9.29,9.31,378200,3521042.0,8800.0,5400.0,80000.0,50000.0,,62.6,0.08,0.05
2021-12-14,9.34,9.8,9.34,9.61,774800,7445828.0,10100.0,20700.0,100000.0,200000.0,,62.6,0.1,0.2
2021-12-15,9.7,9.7,9.46,9.47,457300,4330631.0,6200.0,12100.0,60000.0,120000.0,,62.6,0.06,0.12
2021-12-16,9.47,9.68,9.41,9.6,545900,5240640.0,15100.0,100.0,140000.0,0.0,,62.6,0.14,0.0
2021-12-17,9.7,10.25,9.65,10.25,1603400,16434850.0,9700.0,11400.0,90000.0,120000.0,,62.6,0.09,0.12
2021-12-20,10.35,10.55,9.9,10.2,866900,8842380.0,2000.0,26500.0,20000.0,270000.0,,62.6,0.02,0.27
2021-12-21,10.2,10.2,9.9,10.1,582800,5886280.0,10400.0,3500.0,100000.0,30000.0,,62.6,0.1,0.03
2021-12-22,10.0,10.8,10.0,10.25,1558000,15969500.0,7900.0,27600.0,80000.0,290000.0,,62.6,0.08,0.29
2021-12-23,10.3,10.9,10.3,10.7,2038800,21815160.0,2500.0,10300.0,30000.0,110000.0,,62.6,0.03,0.11
2021-12-24,11.1,11.1,10.2,10.35,768600,7955010.0,0.0,59400.0,0.0,630000.0,,62.6,0.0,0.63
2021-12-27,10.4,10.5,10.0,10.4,627900,6530160.0,18700.0,9900.0,190000.0,100000.0,,62.6,0.19,0.1
2021-12-28,10.7,10.7,10.2,10.45,1336200,13963289.999999998,26400.0,2700.0,280000.0,30000.0,,62.6,0.28,0.03
2021-12-29,10.6,10.6,10.1,10.2,770800,7862159.999999999,0.0,12800.0,0.0,130000.0,,62.6,0.0,0.13
2021-12-30,10.2,10.2,9.94,9.95,866200,8618690.0,2500.0,6600.0,30000.0,70000.0,,62.6,0.03,0.07
2021-12-31,9.94,10.4,9.66,9.9,757400,7498260.0,0.0,24000.0,0.0,240000.0,,62.6,0.0,0.24
2022-01-04,10.0,10.0,9.6,9.92,677300,6718816.0,28000.0,100.0,280000.0,0.0,,62.6,0.28,0.0
2022-01-05,9.91,10.3,9.9,10.2,733200,7478639.999999999,30500.0,0.0,300000.0,0.0,,62.6,0.3,0.0
2022-01-06,10.45,10.5,10.15,10.25,1033500,10593375.0,23500.0,100.0,240000.0,0.0,,62.6,0.24,0.0
2022-01-07,10.2,10.95,10.15,10.95,2148200,23522790.0,57300.0,0.0,610000.0,0.0,,62.6,0.61,0.0
2022-01-10,11.7,11.7,11.6,11.7,1509100,17656470.0,14000.0,13900.0,160000.0,160000.0,,62.6,0.16,0.16
2022-01-11,11.5,11.95,10.9,11.0,1263300,13896300.0,10800.0,27100.0,120000.0,310000.0,,62.6,0.12,0.31
2022-01-12,10.3,10.8,10.25,10.25,1486500,15236625.0,27800.0,5000.0,290000.0,50000.0,,62.6,0.29,0.05
2022-01-13,9.54,10.25,9.54,9.54,1179700,11254337.999999998,2300.0,14300.0,20000.0,140000.0,,62.6,0.02,0.14
2022-01-14,8.88,9.5,8.88,9.1,947100,8618610.0,17700.0,7900.0,160000.0,70000.0,,62.6,0.16,0.07
2022-01-17,9.1,9.3,8.47,8.47,640300,5423341.0,11500.0,27000.0,100000.0,240000.0,,62.6,0.1,0.24
2022-01-18,7.88,8.3,7.88,7.88,442600,3487688.0,35700.0,5800.0,290000.0,50000.0,,62.6,0.29,0.05
2022-01-19,7.33,7.5,7.33,7.33,727600,5333308.0,118000.0,12800.0,860000.0,90000.0,,62.6,0.86,0.09
2022-01-20,6.85,7.84,6.85,7.84,276100,2164624.0,17800.0,29700.0,130000.0,230000.0,,62.6,0.13,0.23
2022-01-21,8.05,8.38,8.03,8.05,470400,3786720.000000001,13300.0,73600.0,110000.0,610000.0,,62.6,0.11,0.61
2022-01-24,8.1,8.27,7.49,7.49,411500,3082135.0,10700.0,47900.0,80000.0,380000.0,,62.6,0.08,0.38
2022-01-25,7.03,7.8,7.03,7.59,100400,762036.0,7100.0,5400.0,50000.0,40000.0,,62.6,0.05,0.04
2022-01-26,7.6,7.61,7.32,7.32,335400,2455128.0,0.0,30100.0,0.0,220000.0,,62.6,0.0,0.22
2022-01-27,7.32,7.4,7.13,7.27,194700,1415469.0,3200.0,7800.0,20000.0,60000.0,,62.6,0.02,0.06
2022-01-28,7.05,7.5,7.05,7.28,143000,1041040.0,8100.0,3400.0,60000.0,20000.0,,62.6,0.06,0.02
2022-02-07,7.3,7.78,7.3,7.78,270000,2100600.0,24200.0,100.0,190000.0,0.0,,62.6,0.19,0.0
2022-02-08,7.25,7.98,7.25,7.89,239800,1892022.0,2500.0,1400.0,20000.0,10000.0,,62.6,0.02,0.01
2022-02-09,7.9,7.9,7.7,7.84,132100,1035664.0,200.0,2900.0,0.0,20000.0,,62.6,0.0,0.02
2022-02-10,7.86,8.1,7.86,8.0,179000,1432000.0,2600.0,5300.0,20000.0,40000.0,,62.6,0.02,0.04
2022-02-11,8.0,8.0,7.88,7.9,191700,1514430.0,1500.0,600.0,10000.0,0.0,,62.6,0.01,0.0
2022-02-14,7.89,7.95,7.79,7.9,308600,2437940.0,3300.0,2600.0,30000.0,20000.0,,62.6,0.03,0.02
2022-02-15,7.9,7.91,7.8,7.88,120900,952692.0,1800.0,1100.0,10000.0,10000.0,,62.6,0.01,0.01
2022-02-16,7.82,8.29,7.82,8.14,184800,1504272.0,4500.0,0.0,40000.0,0.0,,62.6,0.04,0.0
2022-02-17,8.14,8.2,8.0,8.0,299700,2397600.0,1400.0,600.0,10000.0,0.0,,62.6,0.01,0.0
2022-02-18,7.99,8.13,7.95,8.09,242500,1961825.0,16800.0,200.0,140000.0,0.0,,62.6,0.14,0.0
2022-02-21,8.1,8.5,8.1,8.4,352900,2964360.0,92200.0,2200.0,770000.0,20000.0,,62.6,0.77,0.02
2022-02-22,8.35,8.38,8.15,8.19,414500,3394755.0,0.0,6800.0,0.0,60000.0,,62.6,0.0,0.06
2022-02-23,8.16,8.45,8.15,8.31,620400,5155524.0,9600.0,1500.0,80000.0,10000.0,,62.6,0.08,0.01
2022-02-24,8.28,8.31,7.74,8.0,388400,3107200.0,9900.0,13800.0,80000.0,110000.0,,62.6,0.08,0.11
2022-02-25,8.1,8.25,8.02,8.13,192200,1562586.0000000002,8900.0,0.0,70000.0,0.0,,62.6,0.07,0.0
2022-02-28,8.1,8.3,8.08,8.12,185800,1508695.9999999998,200.0,4900.0,0.0,40000.0,,62.6,0.0,0.04
2022-03-01,8.15,8.2,8.08,8.19,292700,2397213.0,4800.0,500.0,40000.0,0.0,,62.6,0.04,0.0
2022-03-02,8.21,8.5,8.21,8.3,471300,3911790.000000001,11600.0,5800.0,100000.0,50000.0,,62.6,0.1,0.05
2022-03-03,8.36,8.6,8.3,8.6,396000,3405600.0,3800.0,5000.0,30000.0,40000.0,,62.6,0.03,0.04
2022-03-04,8.63,9.18,8.61,9.05,1166300,10555015.0,2300.0,87900.0,20000.0,780000.0,,62.6,0.02,0.78
2022-03-07,9.1,9.1,8.5,8.92,588800,5252096.0,2100.0,11700.0,20000.0,100000.0,,62.6,0.02,0.1
2022-03-08,8.86,8.86,8.6,8.64,416300,3596832.0000000005,6100.0,13500.0,50000.0,120000.0,,62.6,0.05,0.12
2022-03-09,8.53,8.64,8.29,8.39,353100,2962509.0,0.0,4200.0,0.0,30000.0,,62.6,0.0,0.03
2022-03-10,8.4,8.95,8.4,8.82,330700,2916774.0,15900.0,5000.0,140000.0,40000.0,,62.6,0.14,0.04
2022-03-11,8.82,8.85,8.61,8.64,314500,2717280.0,13900.0,0.0,120000.0,0.0,,62.6,0.12,0.0
2022-03-14,8.6,8.6,8.2,8.25,343200,2831400.0,0.0,17600.0,0.0,150000.0,,62.6,0.0,0.15
2022-03-15,8.1,8.39,8.1,8.25,343500,2833875.0,100.0,15500.0,0.0,130000.0,,62.6,0.0,0.13
2022-03-16,8.3,8.5,8.0,8.4,172700,1450680.0,3400.0,2800.0,30000.0,20000.0,,62.6,0.03,0.02
2022-03-17,8.44,8.65,8.44,8.52,260900,2222868.0,9900.0,300.0,80000.0,0.0,,62.6,0.08,0.0
2022-03-18,8.6,8.64,8.48,8.53,381200,3251635.9999999995,7200.0,0.0,60000.0,0.0,,62.6,0.06,0.0
2022-03-21,8.45,8.88,8.45,8.8,444700,3913360.000000001,35000.0,0.0,300000.0,0.0,,62.6,0.3,0.0
2022-03-22,8.8,8.81,8.7,8.77,358000,3139660.0,8900.0,1000.0,80000.0,10000.0,,62.6,0.08,0.01
2022-03-23,8.78,9.1,8.71,8.97,772800,6932016.000000001,14300.0,6500.0,130000.0,60000.0,,62.6,0.13,0.06
2022-03-24,8.96,8.96,8.7,8.89,231300,2056257.0,18800.0,0.0,170000.0,0.0,,62.6,0.17,0.0
2022-03-25,8.9,9.17,8.81,9.05,840800,7609240.000000001,2800.0,0.0,30000.0,0.0,,62.6,0.03,0.0
2022-03-28,9.05,9.15,8.51,8.8,482200,4243360.0,6700.0,5200.0,60000.0,50000.0,,62.6,0.06,0.05
2022-03-29,8.88,9.41,8.85,9.38,1014600,9516948.0,39900.0,4100.0,360000.0,40000.0,,62.6,0.36,0.04
2022-03-30,9.12,9.79,9.01,9.02,685300,6181406.0,1900.0,30800.0,20000.0,290000.0,,62.6,0.02,0.29
2022-03-31,9.15,9.25,8.89,9.01,292700,2637227.0,1100.0,20400.0,10000.0,190000.0,,62.6,0.01,0.19
2022-04-01,8.8,9.05,8.52,9.04,371500,3358359.9999999995,11600.0,3000.0,100000.0,30000.0,,62.6,0.1,0.03
2022-04-04,9.05,9.2,8.96,8.97,235300,2110641.0,7500.0,1700.0,70000.0,20000.0,,62.6,0.07,0.02
2022-04-05,8.97,8.97,8.76,8.86,222200,1968692.0,10400.0,1000.0,90000.0,10000.0,,62.6,0.09,0.01
2022-04-06,8.82,9.1,8.75,8.76,257500,2255700.0,3700.0,8900.0,30000.0,80000.0,,62.6,0.03,0.08
2022-04-07,8.79,8.99,8.7,8.71,223500,1946685.0,200.0,24300.0,0.0,210000.0,,62.6,0.0,0.21
2022-04-08,8.71,8.88,8.36,8.5,176700,1501950.0,0.0,21300.0,0.0,180000.0,,62.6,0.0,0.18
2022-04-12,8.53,8.7,8.0,8.09,326900,2644621.0,3300.0,19100.0,30000.0,160000.0,,62.6,0.03,0.16
2022-04-13,8.05,8.09,7.54,8.0,273300,2186400.0,2800.0,55100.0,20000.0,430000.0,,62.6,0.02,0.43
2022-04-14,8.0,8.1,7.83,8.0,218900,1751200.0,7300.0,10900.0,60000.0,90000.0,,62.6,0.06,0.09
2022-04-15,8.0,8.0,7.8,7.8,124000,967200.0,100.0,14500.0,0.0,110000.0,,62.6,0.0,0.11
2022-04-18,7.8,7.98,7.26,7.26,390000,2831400.0,3300.0,6200.0,20000.0,50000.0,,62.6,0.02,0.05
2022-04-19,7.27,7.47,6.76,6.76,417200,2820272.0,5700.0,10100.0,40000.0,70000.0,,62.6,0.04,0.07
2022-04-20,6.32,6.9,6.29,6.29,395600,2488324.0,27200.0,0.0,170000.0,0.0,,62.6,0.17,0.0
2022-04-21,5.86,5.95,5.85,5.85,548100,3206385.0,14300.0,0.0,80000.0,0.0,,62.6,0.08,0.0
2022-04-22,5.54,6.25,5.54,6.0,259500,1557000.0,7600.0,4000.0,40000.0,20000.0,,62.6,0.04,0.02
2022-04-25,6.39,6.39,5.7,5.97,293100,1749807.0,6100.0,17200.0,40000.0,110000.0,,62.6,0.04,0.11
2022-04-26,5.89,6.12,5.7,6.12,153000,936360.0,6700.0,2500.0,40000.0,10000.0,,62.6,0.04,0.01
2022-04-27,6.2,6.39,6.1,6.38,121200,773256.0,2900.0,8600.0,20000.0,50000.0,,62.6,0.02,0.05
2022-04-28,6.36,6.5,6.31,6.32,138900,877848.0,600.0,14000.0,0.0,90000.0,,62.6,0.0,0.09
2022-04-29,6.32,6.75,6.31,6.73,575200,3871096.000000001,6500.0,3100.0,40000.0,20000.0,,62.6,0.04,0.02
2022-05-04,6.87,6.87,6.5,6.6,102000,673200.0,0.0,5600.0,0.0,40000.0,,62.6,0.0,0.04
2022-05-05,6.6,6.6,6.31,6.4,122700,785280.0,2900.0,12200.0,20000.0,80000.0,,62.6,0.02,0.08
2022-05-06,5.98,6.29,5.98,6.15,131300,807495.0,2000.0,1500.0,10000.0,10000.0,,62.6,0.01,0.01
2022-05-09,6.15,6.15,5.72,5.72,140700,804804.0,0.0,7500.0,0.0,40000.0,,62.6,0.0,0.04
2022-05-10,5.5,5.89,5.33,5.88,174400,1025472.0,11400.0,7900.0,60000.0,40000.0,,62.6,0.06,0.04
2022-05-11,5.88,6.15,5.86,6.0,98300,589800.0,2800.0,10100.0,20000.0,60000.0,,62.6,0.02,0.06
2022-05-12,5.91,6.11,5.58,5.58,119100,664578.0,800.0,14100.0,0.0,80000.0,,62.6,0.0,0.08
2022-05-13,5.25,5.74,5.19,5.19,178700,927453.0,1900.0,7000.0,10000.0,40000.0,,62.6,0.01,0.04
2022-05-16,5.31,5.46,5.05,5.2,73700,383240.0,3500.0,0.0,20000.0,0.0,,62.6,0.02,0.0
2022-05-17,5.42,5.56,5.04,5.56,154400,858463.9999999999,3300.0,4000.0,20000.0,20000.0,,62.6,0.02,0.02
2022-05-18,5.56,5.79,5.56,5.59,83500,466765.0,300.0,5400.0,0.0,30000.0,,62.6,0.0,0.03
2022-05-19,5.49,5.66,5.4,5.54,63900,354006.0,1800.0,1800.0,10000.0,10000.0,,62.6,0.01,0.01
2022-05-20,5.54,5.65,5.5,5.51,159900,881049.0,1300.0,2900.0,10000.0,20000.0,,62.6,0.01,0.02
2022-05-23,5.6,5.75,5.48,5.53,61100,337883.0,400.0,4400.0,0.0,20000.0,,62.6,0.0,0.02
2022-05-24,5.7,5.7,5.44,5.53,58400,322952.0,0.0,9700.0,0.0,50000.0,,62.6,0.0,0.05
2022-05-25,5.54,5.69,5.5,5.63,91600,515708.0,1000.0,1700.0,10000.0,10000.0,,62.6,0.01,0.01
2022-05-26,5.68,5.68,5.52,5.58,128500,717030.0,100.0,11500.0,0.0,60000.0,,62.6,0.0,0.06
2022-05-27,5.6,5.97,5.58,5.97,296400,1769508.0,900.0,1300.0,10000.0,10000.0,,62.6,0.01,0.01
2022-05-30,6.38,6.38,6.38,6.38,169400,1080772.0,0.0,100.0,0.0,0.0,,62.6,0.0,0.0
2022-05-31,6.0,6.4,6.0,6.25,297000,1856250.0,800.0,3200.0,0.0,20000.0,,62.6,0.0,0.02
2022-06-01,5.99,6.23,5.99,5.99,257000,1539430.0,5000.0,5200.0,30000.0,30000.0,,62.6,0.03,0.03
2022-06-02,6.01,6.15,6.0,6.0,203300,1219800.0,1900.0,2500.0,10000.0,20000.0,,62.6,0.01,0.02
2022-06-03,6.01,6.19,6.01,6.15,206500,1269975.0,3100.0,500.0,20000.0,0.0,,62.6,0.02,0.0
2022-06-06,6.14,6.14,6.0,6.01,130300,783103.0,2700.0,3500.0,20000.0,20000.0,,62.6,0.02,0.02
2022-06-07,5.95,6.11,5.72,6.02,64700,389494.0,600.0,2600.0,0.0,20000.0,,62.6,0.0,0.02
2022-06-08,6.0,6.16,5.89,6.15,238700,1468005.0,1100.0,3000.0,10000.0,20000.0,,62.6,0.01,0.02
2022-06-09,6.15,6.17,6.02,6.02,80000,481600.0,300.0,3400.0,0.0,20000.0,,62.6,0.0,0.02
2022-06-10,5.96,6.05,5.81,5.81,178200,1035342.0,1200.0,3400.0,10000.0,20000.0,,62.6,0.01,0.02
2022-06-13,5.51,5.68,5.41,5.41,274000,1482340.0,0.0,8800.0,0.0,50000.0,,62.6,0.0,0.05
2022-06-14,5.07,5.29,5.04,5.05,171900,868095.0,0.0,4000.0,0.0,20000.0,,62.6,0.0,0.02
2022-06-15,5.06,5.27,4.7,4.7,281800,1324460.0,2000.0,4200.0,10000.0,20000.0,,62.6,0.01,0.02
2022-06-16,4.75,4.88,4.38,4.7,137100,644370.0,4200.0,4900.0,20000.0,20000.0,,62.6,0.02,0.02
2022-06-17,4.68,4.68,4.38,4.38,283200,1240416.0,1000.0,1800.0,0.0,10000.0,,62.6,0.0,0.01
2022-06-20,4.39,4.5,4.15,4.37,196700,859579.0,0.0,5300.0,0.0,20000.0,,62.6,0.0,0.02
2022-06-21,4.37,4.38,4.07,4.07,131300,534391.0,0.0,4700.0,0.0,20000.0,,62.6,0.0,0.02
2022-06-22,4.08,4.21,4.08,4.18,96300,402534.0,0.0,5000.0,0.0,20000.0,,62.6,0.0,0.02
2022-06-23,4.16,4.37,4.06,4.37,104000,454480.0,9500.0,8300.0,40000.0,40000.0,,62.6,0.04,0.04
2022-06-24,4.37,4.4,4.3,4.37,49400,215878.0,0.0,3800.0,0.0,20000.0,,62.6,0.0,0.02
2022-06-27,4.35,4.48,4.22,4.44,67100,297924.0,0.0,3100.0,0.0,10000.0,,62.6,0.0,0.01
2022-06-28,4.44,4.57,4.27,4.54,105600,479424.0,0.0,2800.0,0.0,10000.0,,62.6,0.0,0.01
2022-06-29,4.54,4.57,4.4,4.47,83100,371457.0,0.0,2800.0,0.0,10000.0,,62.6,0.0,0.01
2022-06-30,4.5,4.5,4.32,4.33,37500,162375.0,0.0,3100.0,0.0,10000.0,,62.6,0.0,0.01
2022-07-01,4.2,4.31,4.2,4.31,68500,295235.0,0.0,3000.0,0.0,10000.0,,62.6,0.0,0.01
2022-07-04,4.35,4.52,4.31,4.48,52000,232960.00000000003,0.0,3200.0,0.0,10000.0,,62.6,0.0,0.01
2022-07-05,4.48,4.52,4.35,4.37,75700,330809.0,0.0,3500.0,0.0,20000.0,,62.6,0.0,0.02
2022-07-06,4.37,4.37,4.15,4.15,76700,318305.0,200.0,3500.0,0.0,10000.0,,62.6,0.0,0.01
2022-07-07,4.24,4.24,4.1,4.14,51800,214452.0,0.0,4100.0,0.0,20000.0,,62.6,0.0,0.02
2022-07-08,4.24,4.28,4.14,4.21,74300,312803.0,0.0,4500.0,0.0,20000.0,,62.6,0.0,0.02
2022-07-11,4.21,4.39,4.2,4.3,93900,403770.0,0.0,5100.0,0.0,20000.0,,62.6,0.0,0.02
2022-07-12,4.3,4.45,4.2,4.37,65300,285361.0,0.0,6000.0,0.0,30000.0,,62.6,0.0,0.03
2022-07-13,4.37,4.49,4.37,4.41,76300,336483.0,0.0,6600.0,0.0,30000.0,,62.6,0.0,0.03
2022-07-14,4.4,4.45,4.31,4.45,99900,444555.0,0.0,9000.0,0.0,40000.0,,62.6,0.0,0.04
2022-07-15,4.45,4.47,4.41,4.46,67100,299266.0,0.0,9300.0,0.0,40000.0,,62.6,0.0,0.04
2022-07-18,4.45,4.53,4.44,4.49,170500,765545.0,0.0,9300.0,0.0,40000.0,,62.6,0.0,0.04
2022-07-19,4.49,4.55,4.44,4.52,86800,392336.0,300.0,6700.0,0.0,30000.0,,62.6,0.0,0.03
2022-07-20,4.52,4.79,4.52,4.6,221300,1017980.0,0.0,4300.0,0.0,20000.0,,62.6,0.0,0.02
2022-07-21,4.54,4.73,4.53,4.59,75800,347922.0,0.0,1400.0,0.0,10000.0,,62.6,0.0,0.01
2022-07-22,4.55,4.6,4.52,4.6,68000,312800.0,0.0,100.0,0.0,0.0,,62.6,0.0,0.0
2022-07-25,4.6,4.6,4.44,4.46,146500,653390.0,0.0,0.0,0.0,0.0,,62.6,0.0,0.0
2022-07-26,4.45,4.54,4.45,4.53,91900,416307.0,0.0,0.0,0.0,0.0,,62.6,0.0,0.0
2022-07-27,4.54,4.55,4.45,4.52,30200,136504.0,0.0,0.0,0.0,0.0,,62.6,0.0,0.0
2022-07-28,4.6,4.61,4.52,4.52,46700,211084.0,0.0,0.0,0.0,0.0,,62.6,0.0,0.0
2022-07-29,4.55,4.6,4.41,4.53,87300,395469.0,0.0,0.0,0.0,0.0,,62.6,0.0,0.0
2022-08-01,4.59,4.63,4.49,4.61,114600,528306.0,0.0,0.0,0.0,0.0,,62.6,0.0,0.0
2022-08-02,4.61,4.78,4.58,4.75,232500,1104375.0,0.0,400.0,0.0,0.0,,62.6,0.0,0.0
2022-08-03,4.76,4.85,4.74,4.78,70800,338424.0,0.0,0.0,0.0,0.0,,62.6,0.0,0.0
2022-08-04,4.81,4.86,4.71,4.77,141400,674477.9999999999,0.0,0.0,0.0,0.0,,62.6,0.0,0.0
2022-08-05,4.72,4.78,4.7,4.73,119800,566654.0,0.0,0.0,0.0,0.0,,62.6,0.0,0.0
2022-08-08,4.94,4.94,4.75,4.82,86400,416448.0,6900.0,0.0,30000.0,0.0,,62.6,0.03,0.0
2022-08-09,4.93,4.98,4.82,4.96,240200,1191392.0,0.0,100.0,0.0,0.0,,62.6,0.0,0.0
2022-08-10,4.96,5.0,4.81,4.94,121600,600704.0,0.0,0.0,0.0,0.0,,62.6,0.0,0.0
2022-08-11,4.98,5.1,4.94,4.98,153500,764430.0000000001,0.0,200.0,0.0,0.0,,62.6,0.0,0.0
2022-08-12,4.92,5.07,4.9,4.97,84400,419468.0,0.0,1000.0,0.0,0.0,,62.6,0.0,0.0
2022-08-15,4.97,5.0,4.92,4.97,68400,339948.0,0.0,0.0,0.0,0.0,,62.6,0.0,0.0
2022-08-16,4.98,4.98,4.9,4.91,118200,580362.0,0.0,0.0,0.0,0.0,,62.6,0.0,0.0
2022-08-17,4.97,4.97,4.88,4.91,122800,602948.0,0.0,0.0,0.0,0.0,,62.6,0.0,0.0
2022-08-18,4.9,4.94,4.76,4.85,100400,486940.0,0.0,0.0,0.0,0.0,,62.6,0.0,0.0
2022-08-19,4.89,4.89,4.75,4.76,84900,404124.0,0.0,0.0,0.0,0.0,,62.6,0.0,0.0
2022-08-22,4.74,4.74,4.58,4.72,513800,2425136.0,0.0,0.0,0.0,0.0,,62.6,0.0,0.0
2022-08-23,4.7,4.7,4.62,4.7,48000,225600.0,0.0,0.0,0.0,0.0,,62.6,0.0,0.0
2022-08-24,4.8,4.8,4.7,4.72,64700,305384.0,400.0,0.0,0.0,0.0,,62.6,0.0,0.0
2022-08-25,4.72,4.77,4.7,4.72,93500,441320.0,300.0,0.0,0.0,0.0,,62.6,0.0,0.0
2022-08-26,4.74,4.75,4.6,4.7,142000,667400.0,0.0,0.0,0.0,0.0,,62.6,0.0,0.0
2022-08-29,4.68,4.68,4.46,4.49,114900,515901.0,0.0,0.0,0.0,0.0,,62.6,0.0,0.0
2022-08-30,4.5,4.6,4.47,4.5,217900,980550.0,0.0,600.0,0.0,0.0,,62.6,0.0,0.0
2022-08-31,4.49,4.53,4.42,4.51,75300,339603.0,0.0,0.0,0.0,0.0,,62.6,0.0,0.0
2022-09-05,4.46,4.53,4.46,4.51,26600,119966.0,0.0,0.0,0.0,0.0,,62.6,0.0,0.0
2022-09-06,4.52,4.52,4.4,4.44,74200,329448.0,0.0,0.0,0.0,0.0,,62.6,0.0,0.0
2022-09-07,4.44,4.44,4.24,4.24,55400,234896.0,0.0,0.0,0.0,0.0,,62.6,0.0,0.0
2022-09-08,4.21,4.31,4.2,4.23,43500,184005.00000000003,0.0,0.0,0.0,0.0,,62.6,0.0,0.0
2022-09-09,4.34,4.34,4.15,4.16,56000,232960.0,0.0,0.0,0.0,0.0,,62.6,0.0,0.0
2022-09-12,4.26,4.36,4.16,4.2,118300,496860.0,0.0,13183.0,0.0,60000.0,,62.6,0.0,0.06
2022-09-13,4.21,4.29,4.21,4.24,40000,169600.0,100.0,0.0,0.0,0.0,,62.6,0.0,0.0
2022-09-14,4.2,4.22,4.2,4.22,50400,212688.0,100.0,300.0,0.0,0.0,,62.6,0.0,0.0
2022-09-15,4.22,4.29,4.22,4.27,124000,529480.0,0.0,8000.0,0.0,30000.0,,62.6,0.0,0.03
2022-09-16,4.27,4.27,4.15,4.15,48700,202105.00000000003,100.0,0.0,0.0,0.0,,62.6,0.0,0.0
2022-09-19,4.16,4.19,4.0,4.09,103200,422088.0,0.0,0.0,0.0,0.0,,62.6,0.0,0.0
2022-09-20,3.92,4.15,3.92,4.05,86800,351540.0,0.0,6900.0,0.0,30000.0,,62.6,0.0,0.03
2022-09-21,4.05,4.05,3.81,3.99,91000,363090.0,0.0,3.0,0.0,0.0,,62.6,0.0,0.0
2022-09-22,3.99,4.05,3.93,4.03,56700,228501.0,0.0,0.0,0.0,0.0,,62.6,0.0,0.0
2022-09-23,4.04,4.05,3.98,4.0,53700,214800.0,100.0,0.0,0.0,0.0,,62.6,0.0,0.0
2022-09-26,4.0,4.0,3.81,3.9,86200,336180.0,0.0,800.0,0.0,0.0,,62.6,0.0,0.0
2022-09-27,3.9,3.9,3.86,3.89,27300,106197.0,0.0,0.0,0.0,0.0,,62.6,0.0,0.0
2022-09-28,3.9,3.9,3.8,3.82,47100,179922.0,0.0,1300.0,0.0,0.0,,62.6,0.0,0.0
2022-09-29,3.85,3.87,3.7,3.7,79300,293410.0,0.0,0.0,0.0,0.0,,62.6,0.0,0.0
2022-09-30,3.69,3.75,3.5,3.7,79700,294890.0,0.0,0.0,0.0,0.0,,62.6,0.0,0.0
2022-10-03,3.7,3.7,3.5,3.55,45800,162590.0,0.0,0.0,0.0,0.0,,62.6,0.0,0.0
2022-10-04,3.56,3.62,3.5,3.52,82900,291808.0,0.0,0.0,0.0,0.0,,62.6,0.0,0.0
2022-10-05,3.48,3.59,3.48,3.56,70800,252048.0,100.0,100.0,0.0,0.0,,62.6,0.0,0.0
2022-10-06,3.56,3.56,3.46,3.47,15900,55173.0,0.0,0.0,0.0,0.0,,62.6,0.0,0.0
2022-10-07,3.4,3.4,3.23,3.23,91900,296837.0,3000.0,0.0,10000.0,0.0,,62.6,0.01,0.0
2022-10-10,3.01,3.22,3.01,3.18,222700,708186.0,0.0,0.0,0.0,0.0,,62.6,0.0,0.0
2022-10-11,3.02,3.1,2.96,3.04,42900,130416.0,0.0,0.0,0.0,0.0,,62.6,0.0,0.0
2022-10-12,2.97,3.15,2.97,3.09,145300,448977.0,30000.0,0.0,90000.0,0.0,,62.6,0.09,0.0
2022-10-13,3.14,3.14,3.08,3.1,43900,136090.0,0.0,0.0,0.0,0.0,,62.6,0.0,0.0
2022-10-14,3.18,3.19,3.1,3.12,102000,318240.0,0.0,0.0,0.0,0.0,,62.6,0.0,0.0
2022-10-17,3.12,3.12,3.07,3.1,56200,174220.0,0.0,0.0,0.0,0.0,,62.6,0.0,0.0
2022-10-18,3.11,3.25,3.11,3.21,42600,136746.0,0.0,0.0,0.0,0.0,,62.6,0.0,0.0
2022-10-19,3.21,3.21,3.1,3.15,16200,51030.0,0.0,0.0,0.0,0.0,,62.6,0.0,0.0
2022-10-20,3.14,3.15,3.03,3.14,36700,115238.0,0.0,0.0,0.0,0.0,,62.6,0.0,0.0
2022-10-21,3.15,3.15,2.93,2.93,147900,433347.0,0.0,0.0,0.0,0.0,,62.6,0.0,0.0
2022-10-24,2.93,3.02,2.73,2.73,100900,275457.0,0.0,0.0,0.0,0.0,,62.6,0.0,0.0
2022-10-25,2.73,2.89,2.69,2.81,85200,239412.0,0.0,0.0,0.0,0.0,,62.6,0.0,0.0
2022-10-26,2.84,2.89,2.8,2.83,60100,170083.0,0.0,5000.0,0.0,10000.0,,62.6,0.0,0.01
2022-10-27,2.81,2.94,2.8,2.93,42600,124818.0,0.0,100.0,0.0,0.0,,62.6,0.0,0.0
2022-10-28,2.93,3.08,2.9,2.94,63900,187866.0,0.0,0.0,0.0,0.0,,62.6,0.0,0.0
2022-10-31,3.05,3.06,2.9,2.95,27500,81125.0,100.0,0.0,0.0,0.0,,62.6,0.0,0.0
2022-11-01,2.99,3.0,2.89,2.94,28300,83202.0,0.0,0.0,0.0,0.0,,62.6,0.0,0.0
2022-11-02,2.98,2.98,2.88,2.9,48700,141230.0,0.0,0.0,0.0,0.0,,62.6,0.0,0.0
2022-11-03,2.92,2.92,2.76,2.84,106600,302744.0,0.0,0.0,0.0,0.0,,62.6,0.0,0.0
2022-11-04,2.85,2.89,2.76,2.87,33500,96145.0,0.0,0.0,0.0,0.0,,62.6,0.0,0.0
2022-11-07,2.87,2.88,2.67,2.72,70000,190400.0,0.0,0.0,0.0,0.0,,62.6,0.0,0.0
2022-11-08,2.75,2.75,2.68,2.73,168500,460005.0,40000.0,0.0,110000.0,0.0,,62.6,0.11,0.0
2022-11-09,2.73,2.85,2.73,2.75,34100,93775.0,3000.0,100.0,10000.0,0.0,,62.6,0.01,0.0
2022-11-10,2.7,2.77,2.56,2.56,134900,345344.0,200.0,0.0,0.0,0.0,,62.6,0.0,0.0
2022-11-11,2.56,2.6,2.5,2.59,84200,218078.0,300.0,0.0,0.0,0.0,,62.6,0.0,0.0
2022-11-14,2.59,2.59,2.41,2.41,47800,115198.0,100.0,0.0,0.0,0.0,,62.6,0.0,0.0
2022-11-15,2.41,2.45,2.25,2.25,84300,189675.0,0.0,0.0,0.0,0.0,,62.6,0.0,0.0
2022-11-16,2.25,2.4,2.11,2.4,86100,206640.0,0.0,1100.0,0.0,0.0,,62.6,0.0,0.0
2022-11-17,2.44,2.56,2.44,2.56,51100,130816.0,5700.0,1000.0,10000.0,0.0,,62.6,0.01,0.0
2022-11-18,2.6,2.6,2.45,2.57,118600,304802.0,54300.0,1000.0,140000.0,0.0,,62.6,0.14,0.0
2022-11-21,2.65,2.69,2.57,2.63,108600,285618.0,0.0,0.0,0.0,0.0,,62.6,0.0,0.0
2022-11-22,2.72,2.8,2.63,2.77,96800,268136.0,100.0,0.0,0.0,0.0,,62.6,0.0,0.0
2022-11-23,2.7,2.81,2.64,2.64,29500,77880.0,200.0,0.0,0.0,0.0,,62.6,0.0,0.0
2022-11-24,2.77,2.77,2.61,2.66,13000,34580.0,900.0,0.0,0.0,0.0,,62.6,0.0,0.0
2022-11-25,2.66,2.78,2.66,2.76,64000,176640.0,0.0,0.0,0.0,0.0,,62.6,0.0,0.0
2022-11-28,2.76,2.95,2.76,2.94,155700,457758.0,200.0,3800.0,0.0,10000.0,,62.6,0.0,0.01
2022-11-29,3.0,3.1,2.94,2.99,118800,355212.0,100.0,0.0,0.0,0.0,,62.6,0.0,0.0
2022-11-30,3.14,3.14,2.99,3.05,96100,293105.0,1200.0,0.0,0.0,0.0,,62.6,0.0,0.0
2022-12-01,3.06,3.26,3.06,3.2,217100,694720.0,0.0,3800.0,0.0,10000.0,,62.6,0.0,0.01
2022-12-02,3.2,3.26,3.06,3.23,75100,242573.0,100.0,1000.0,0.0,0.0,,62.6,0.0,0.0
2022-12-05,3.25,3.32,3.24,3.27,189200,618684.0,100.0,0.0,0.0,0.0,,62.6,0.0,0.0
2022-12-06,3.28,3.28,3.08,3.08,105000,323400.0,200.0,0.0,0.0,0.0,,62.6,0.0,0.0
2022-12-07,3.07,3.13,2.99,3.07,66200,203234.0,200.0,0.0,0.0,0.0,,62.6,0.0,0.0
2022-12-08,3.13,3.14,3.05,3.05,48500,147925.0,0.0,0.0,0.0,0.0,,62.6,0.0,0.0
2022-12-09,3.06,3.14,3.0,3.07,76300,234241.0,0.0,0.0,0.0,0.0,,62.6,0.0,0.0
2022-12-12,3.07,3.15,3.0,3.1,107900,334490.0,100.0,0.0,0.0,0.0,,62.6,0.0,0.0
2022-12-13,3.03,3.15,3.0,3.08,32800,101024.0,0.0,0.0,0.0,0.0,,62.6,0.0,0.0
2022-12-14,3.14,3.18,3.01,3.06,71500,218790.0,0.0,100.0,0.0,0.0,,62.6,0.0,0.0
2022-12-15,3.02,3.09,2.95,2.95,85200,251340.00000000003,0.0,0.0,0.0,0.0,,62.6,0.0,0.0
2022-12-16,3.05,3.07,2.95,3.02,92300,278746.0,0.0,0.0,0.0,0.0,,62.6,0.0,0.0
2022-12-19,3.02,3.06,2.99,3.02,79800,240996.0,200.0,20000.0,0.0,60000.0,,62.6,0.0,0.06
2022-12-20,3.0,3.04,2.86,2.99,83000,248170.00000000003,100.0,0.0,0.0,0.0,,62.6,0.0,0.0
2022-12-21,3.01,3.01,2.86,2.97,20800,61776.00000000001,200.0,0.0,0.0,0.0,,62.6,0.0,0.0
2022-12-22,2.99,2.99,2.85,2.9,17900,51910.0,0.0,0.0,0.0,0.0,,62.6,0.0,0.0
2022-12-23,2.95,2.95,2.8,2.85,11400,32490.0,0.0,0.0,0.0,0.0,,62.6,0.0,0.0
2022-12-26,2.8,2.9,2.66,2.66,27200,72352.0,0.0,0.0,0.0,0.0,,62.6,0.0,0.0
2022-12-27,2.7,2.7,2.55,2.64,19100,50424.0,100.0,0.0,0.0,0.0,,62.6,0.0,0.0
2022-12-28,2.68,2.78,2.64,2.72,16500,44880.0,0.0,0.0,0.0,0.0,,62.6,0.0,0.0
2022-12-29,2.75,2.78,2.72,2.74,34500,94530.0,0.0,800.0,0.0,0.0,,62.6,0.0,0.0
2022-12-30,2.8,2.8,2.72,2.76,8100,22356.0,0.0,0.0,0.0,0.0,,62.6,0.0,0.0
2023-01-03,2.88,2.88,2.74,2.88,67700,194976.0,0.0,0.0,0.0,0.0,,62.6,0.0,0.0
2023-01-04,2.88,2.94,2.82,2.91,31200,90792.0,0.0,0.0,0.0,0.0,,62.6,0.0,0.0
2023-01-05,2.98,3.0,2.88,2.92,49600,144832.0,0.0,0.0,0.0,0.0,,62.6,0.0,0.0
2023-01-06,2.94,2.94,2.82,2.84,41700,118428.0,0.0,0.0,0.0,0.0,,62.6,0.0,0.0
2023-01-09,2.84,2.97,2.83,2.86,26800,76648.0,100.0,0.0,0.0,0.0,,62.6,0.0,0.0
2023-01-10,2.94,2.94,2.83,2.89,22500,65025.0,0.0,0.0,0.0,0.0,,62.6,0.0,0.0
2023-01-11,2.9,2.97,2.87,2.9,40500,117450.0,0.0,0.0,0.0,0.0,,62.6,0.0,0.0
2023-01-12,2.99,3.0,2.77,2.9,1700,4930.0,0.0,0.0,0.0,0.0,,62.6,0.0,0.0
2023-01-13,2.86,2.92,2.8,2.84,22100,62764.0,0.0,100.0,0.0,0.0,,62.6,0.0,0.0
2023-01-16,2.85,2.93,2.72,2.84,7700,21868.0,0.0,0.0,0.0,0.0,,62.6,0.0,0.0
2023-01-17,2.88,2.88,2.65,2.83,116500,329695.0,0.0,0.0,0.0,0.0,,62.6,0.0,0.0
2023-01-18,2.69,2.85,2.68,2.84,38100,108204.0,200.0,0.0,0.0,0.0,,62.6,0.0,0.0
2023-01-19,2.8,2.88,2.77,2.86,62600,179036.0,200.0,500.0,0.0,0.0,,62.6,0.0,0.0
2023-01-27,2.86,3.06,2.86,3.06,239500,732870.0,0.0,1000.0,0.0,0.0,,62.6,0.0,0.0
2023-01-30,3.18,3.2,3.07,3.19,121000,385990.0,11700.0,0.0,40000.0,0.0,,62.6,0.04,0.0
2023-01-31,3.16,3.18,3.05,3.12,155200,484224.0,5000.0,0.0,20000.0,0.0,,62.6,0.02,0.0
2023-02-01,3.14,3.23,3.07,3.11,218200,678602.0,0.0,0.0,0.0,0.0,,62.6,0.0,0.0
2023-02-02,3.1,3.15,3.08,3.15,162100,510615.0,0.0,0.0,0.0,0.0,,62.6,0.0,0.0
2023-02-03,3.17,3.2,3.11,3.14,50900,159826.0,100.0,0.0,0.0,0.0,,62.6,0.0,0.0
2023-02-06,3.21,3.21,3.1,3.14,56100,176154.0,0.0,0.0,0.0,0.0,,62.6,0.0,0.0
2023-02-07,3.12,3.17,3.07,3.09,79800,246582.0,100.0,0.0,0.0,0.0,,62.6,0.0,0.0
2023-02-08,3.13,3.13,3.02,3.08,22200,68376.0,0.0,0.0,0.0,0.0,,62.6,0.0,0.0
2023-02-09,3.07,3.12,3.07,3.1,56800,176080.0,8500.0,0.0,30000.0,0.0,,62.6,0.03,0.0
2023-02-10,3.1,3.12,3.03,3.1,55100,170810.0,0.0,0.0,0.0,0.0,,62.6,0.0,0.0
2023-02-13,3.01,3.05,2.94,3.05,15400,46970.0,0.0,0.0,0.0,0.0,,62.6,0.0,0.0
2023-02-14,3.04,3.1,3.0,3.05,26400,80520.0,0.0,0.0,0.0,0.0,,62.6,0.0,0.0
2023-02-15,3.07,3.09,3.05,3.08,25600,78848.0,0.0,0.0,0.0,0.0,,62.6,0.0,0.0
2023-02-16,3.08,3.11,3.07,3.1,40500,125550.0,0.0,0.0,0.0,0.0,,62.6,0.0,0.0
2023-02-17,3.12,3.12,3.05,3.06,56100,171666.0,0.0,0.0,0.0,0.0,,62.6,0.0,0.0
2023-02-20,3.07,3.14,3.06,3.12,60600,189072.0,0.0,0.0,0.0,0.0,,62.6,0.0,0.0
2023-02-21,3.14,3.18,3.09,3.15,147900,465885.0,0.0,300.0,0.0,0.0,,62.6,0.0,0.0
2023-02-22,3.15,3.15,3.09,3.1,40800,126480.0,0.0,0.0,0.0,0.0,,62.6,0.0,0.0
2023-02-23,3.14,3.14,3.0,3.08,35600,109648.0,300.0,0.0,0.0,0.0,,62.6,0.0,0.0
2023-02-24,3.03,3.07,3.03,3.04,31500,95760.0,0.0,0.0,0.0,0.0,,62.6,0.0,0.0
2023-02-27,3.04,3.05,2.96,3.03,17800,53934.0,0.0,0.0,0.0,0.0,,62.6,0.0,0.0
2023-02-28,3.03,3.05,3.0,3.04,63300,192432.0,0.0,0.0,0.0,0.0,,62.6,0.0,0.0
2023-03-01,3.04,3.04,3.0,3.03,9600,29088.0,0.0,0.0,0.0,0.0,,62.6,0.0,0.0
2023-03-02,3.03,3.06,3.0,3.04,24800,75392.0,0.0,0.0,0.0,0.0,,62.6,0.0,0.0
2023-03-03,3.04,3.05,3.0,3.05,11700,35685.0,0.0,0.0,0.0,0.0,,62.6,0.0,0.0
2023-03-06,3.05,3.06,3.0,3.0,34000,102000.0,100.0,0.0,0.0,0.0,,62.6,0.0,0.0
2023-03-07,3.03,3.03,2.98,3.0,21400,64200.0,0.0,0.0,0.0,0.0,,62.6,0.0,0.0
2023-03-08,3.01,3.02,2.99,3.02,53200,160664.0,0.0,0.0,0.0,0.0,,62.6,0.0,0.0
2023-03-09,3.02,3.04,3.02,3.03,23900,72417.0,0.0,300.0,0.0,0.0,,62.6,0.0,0.0
2023-03-10,2.96,3.03,2.96,3.0,29000,87000.0,0.0,0.0,0.0,0.0,,62.6,0.0,0.0
2023-03-13,2.96,3.0,2.88,2.97,21200,62964.00000000001,0.0,0.0,0.0,0.0,,62.6,0.0,0.0
2023-03-14,2.99,3.0,2.92,2.97,38400,114048.0,0.0,0.0,0.0,0.0,,62.6,0.0,0.0
2023-03-15,2.97,3.0,2.97,2.97,53700,159489.0,0.0,0.0,0.0,0.0,,62.6,0.0,0.0
2023-03-16,2.91,2.99,2.91,2.94,17500,51450.0,0.0,11700.0,0.0,30000.0,,62.6,0.0,0.03
2023-03-17,2.94,2.97,2.85,2.94,45900,134946.0,0.0,0.0,0.0,0.0,,62.6,0.0,0.0
2023-03-20,2.93,2.95,2.9,2.94,30300,89082.0,0.0,0.0,0.0,0.0,,62.6,0.0,0.0
2023-03-21,2.94,2.95,2.9,2.94,19100,56154.0,400.0,0.0,0.0,0.0,,62.6,0.0,0.0
2023-03-22,2.94,2.97,2.9,2.94,13700,40278.0,0.0,0.0,0.0,0.0,,62.6,0.0,0.0
2023-03-23,2.93,2.93,2.9,2.92,6900,20148.0,0.0,0.0,0.0,0.0,,62.6,0.0,0.0
2023-03-24,2.9,2.93,2.86,2.93,49400,144742.0,0.0,0.0,0.0,0.0,,62.6,0.0,0.0
2023-03-27,2.94,2.94,2.88,2.93,32500,95225.0,0.0,0.0,0.0,0.0,,62.6,0.0,0.0
2023-03-28,2.91,2.95,2.89,2.93,42200,123646.0,0.0,0.0,0.0,0.0,,62.6,0.0,0.0
2023-03-29,2.94,2.94,2.89,2.89,14600,42194.0,0.0,0.0,0.0,0.0,,62.6,0.0,0.0
2023-03-30,2.89,2.93,2.86,2.89,104800,302872.0,0.0,0.0,0.0,0.0,,62.6,0.0,0.0
2023-03-31,2.89,2.91,2.69,2.69,237700,639413.0,0.0,0.0,0.0,0.0,,62.6,0.0,0.0
2023-04-03,2.8,2.82,2.75,2.81,73300,205973.0,0.0,1000.0,0.0,0.0,,62.6,0.0,0.0
2023-04-04,2.84,2.84,2.79,2.83,60000,169800.0,0.0,0.0,0.0,0.0,,62.6,0.0,0.0
2023-04-05,2.82,2.89,2.81,2.88,40000,115200.0,0.0,1000.0,0.0,0.0,,62.6,0.0,0.0
2023-04-06,2.86,2.95,2.86,2.93,152900,447997.0,0.0,1000.0,0.0,0.0,,62.6,0.0,0.0
2023-04-07,2.91,2.95,2.81,2.93,23900,70027.0,0.0,400.0,0.0,0.0,,62.6,0.0,0.0
2023-04-10,2.9,2.98,2.9,2.93,50100,146793.0,0.0,0.0,0.0,0.0,,62.6,0.0,0.0
2023-04-11,2.94,2.94,2.86,2.93,57500,168475.0,0.0,0.0,0.0,0.0,,62.6,0.0,0.0
2023-04-12,2.93,2.93,2.87,2.91,27900,81189.0,0.0,300.0,0.0,0.0,,62.6,0.0,0.0
2023-04-13,2.89,2.92,2.86,2.9,66700,193430.0,0.0,100.0,0.0,0.0,,62.6,0.0,0.0
2023-04-14,2.92,2.92,2.81,2.88,33200,95616.0,0.0,0.0,0.0,0.0,,62.6,0.0,0.0
2023-04-17,2.82,2.89,2.81,2.85,8700,24795.0,100.0,0.0,0.0,0.0,,62.6,0.0,0.0
2023-04-18,2.86,2.88,2.81,2.84,35300,100252.0,0.0,0.0,0.0,0.0,,62.6,0.0,0.0
2023-04-19,2.85,2.87,2.81,2.85,44800,127680.0,0.0,0.0,0.0,0.0,,62.6,0.0,0.0
2023-04-20,2.84,2.85,2.82,2.84,32400,92016.0,0.0,0.0,0.0,0.0,,62.6,0.0,0.0
2023-04-21,2.83,2.89,2.7,2.7,98100,264870.0,0.0,0.0,0.0,0.0,,62.6,0.0,0.0
2023-04-24,2.75,2.88,2.73,2.88,176800,509184.0,0.0,1000.0,0.0,0.0,,62.6,0.0,0.0
2023-04-25,2.93,2.95,2.88,2.89,108300,312987.0,0.0,0.0,0.0,0.0,,62.6,0.0,0.0
2023-04-26,2.89,2.91,2.83,2.89,35500,102595.0,0.0,0.0,0.0,0.0,,62.6,0.0,0.0
2023-04-27,2.89,2.91,2.69,2.89,83900,242471.0,0.0,0.0,0.0,0.0,,62.6,0.0,0.0
2023-04-28,2.9,2.9,2.8,2.81,60200,169162.0,0.0,0.0,0.0,0.0,,62.6,0.0,0.0
2023-05-04,2.8,2.89,2.71,2.87,58700,168469.0,0.0,0.0,0.0,0.0,,62.6,0.0,0.0
2023-05-05,2.87,2.88,2.81,2.86,25500,72930.0,0.0,0.0,0.0,0.0,,62.6,0.0,0.0
2023-05-08,2.84,2.94,2.84,2.92,81400,237688.0,0.0,1000.0,0.0,0.0,,62.6,0.0,0.0
2023-05-09,2.9,2.91,2.87,2.9,29800,86420.0,0.0,0.0,0.0,0.0,,62.6,0.0,0.0
2023-05-10,2.86,3.04,2.85,3.0,160400,481200.0,0.0,1000.0,0.0,0.0,,62.6,0.0,0.0
2023-05-11,3.0,3.07,3.0,3.02,177500,536050.0,0.0,600.0,0.0,0.0,,62.6,0.0,0.0
2023-05-12,3.06,3.23,3.05,3.23,585700,1891811.0,0.0,2000.0,0.0,10000.0,,62.6,0.0,0.01
2023-05-15,3.45,3.45,3.4,3.45,764100,2636145.0,0.0,1000.0,0.0,0.0,,62.6,0.0,0.0
2023-05-16,3.64,3.65,3.39,3.45,502100,1732245.0,0.0,0.0,0.0,0.0,,62.6,0.0,0.0
2023-05-17,3.45,3.55,3.41,3.5,426300,1492050.0,0.0,1000.0,0.0,0.0,,62.6,0.0,0.0
2023-05-18,3.5,3.51,3.4,3.4,327000,1111800.0,0.0,0.0,0.0,0.0,,62.6,0.0,0.0
2023-05-19,3.4,3.46,3.28,3.36,223900,752304.0,0.0,0.0,0.0,0.0,,62.6,0.0,0.0
2023-05-22,3.37,3.44,3.31,3.4,237500,807500.0,0.0,600.0,0.0,0.0,,62.6,0.0,0.0
2023-05-23,3.43,3.46,3.31,3.35,150400,503840.0,0.0,1000.0,0.0,0.0,,62.6,0.0,0.0
2023-05-24,3.36,3.44,3.36,3.42,146600,501372.0,0.0,0.0,0.0,0.0,,62.6,0.0,0.0
2023-05-25,3.42,3.55,3.36,3.52,344600,1212992.0,0.0,1000.0,0.0,0.0,,62.6,0.0,0.0
2023-05-26,3.56,3.57,3.48,3.51,228700,802737.0,1400.0,0.0,0.0,0.0,,62.6,0.0,0.0
2023-05-29,3.55,3.75,3.55,3.75,502200,1883250.0,0.0,1000.0,0.0,0.0,,62.6,0.0,0.0
2023-05-30,3.8,3.93,3.72,3.75,324300,1216125.0,0.0,0.0,0.0,0.0,,62.6,0.0,0.0
2023-05-31,3.8,3.95,3.75,3.82,312800,1194896.0,0.0,0.0,0.0,0.0,,62.6,0.0,0.0
2023-06-01,3.85,3.99,3.8,3.99,443800,1770762.0,11600.0,0.0,40000.0,0.0,,62.6,0.04,0.0
2023-06-02,4.14,4.18,3.95,3.99,658800,2628612.0,0.0,0.0,0.0,0.0,,62.6,0.0,0.0
2023-06-05,4.0,4.1,3.72,3.72,398400,1482048.0,0.0,0.0,0.0,0.0,,62.6,0.0,0.0
2023-06-06,3.7,3.84,3.7,3.82,542500,2072350.0,0.0,0.0,0.0,0.0,,62.6,0.0,0.0
2023-06-07,3.9,3.95,3.8,3.86,310700,1199302.0,1000.0,0.0,0.0,0.0,,62.6,0.0,0.0
2023-06-08,3.81,4.13,3.81,4.06,990500,4021430.0,0.0,1000.0,0.0,0.0,,62.6,0.0,0.0
2023-06-09,4.07,4.1,3.94,4.0,320400,1281600.0,0.0,0.0,0.0,0.0,,62.6,0.0,0.0
2023-06-12,4.0,4.28,3.94,4.28,527900,2259412.0,200.0,1000.0,0.0,0.0,,62.6,0.0,0.0
2023-06-13,4.5,4.56,4.32,4.54,763900,3468106.0,0.0,0.0,0.0,0.0,,62.6,0.0,0.0
2023-06-14,4.6,4.6,4.23,4.23,597100,2525733.0000000005,17000.0,0.0,80000.0,0.0,,62.6,0.08,0.0
2023-06-15,4.16,4.42,4.1,4.32,363500,1570320.0,100.0,0.0,0.0,0.0,,62.6,0.0,0.0
2023-06-16,4.4,4.42,4.02,4.16,341000,1418560.0,0.0,0.0,0.0,0.0,,62.6,0.0,0.0
2023-06-19,4.16,4.3,3.98,3.99,198600,792414.0,0.0,0.0,0.0,0.0,,62.6,0.0,0.0
2023-06-20,3.97,4.16,3.95,4.01,154200,618342.0,0.0,0.0,0.0,0.0,,62.6,0.0,0.0
2023-06-21,4.01,4.15,3.97,4.08,257900,1052232.0,3000.0,0.0,10000.0,0.0,,62.6,0.01,0.0
2023-06-22,4.05,4.15,4.04,4.07,100900,410663.0,0.0,0.0,0.0,0.0,,62.6,0.0,0.0
2023-06-23,4.12,4.12,4.05,4.08,209600,855168.0,6500.0,0.0,30000.0,0.0,,62.6,0.03,0.0
2023-06-26,4.08,4.14,4.0,4.01,151000,605510.0,0.0,0.0,0.0,0.0,,62.6,0.0,0.0
2023-06-27,3.73,4.07,3.73,3.98,112700,448546.0,0.0,0.0,0.0,0.0,,62.6,0.0,0.0
2023-06-28,3.97,4.05,3.89,3.9,136900,533910.0,0.0,0.0,0.0,0.0,,62.6,0.0,0.0
2023-06-29,3.9,3.97,3.83,3.92,201700,790664.0,0.0,100.0,0.0,0.0,,62.6,0.0,0.0
2023-06-30,3.95,3.97,3.82,3.82,146900,561158.0,0.0,0.0,0.0,0.0,,62.6,0.0,0.0
2023-07-03,3.9,3.91,3.79,3.81,116400,443484.0,1000.0,0.0,0.0,0.0,,62.6,0.0,0.0
2023-07-04,3.83,3.9,3.83,3.88,70400,273152.0,0.0,0.0,0.0,0.0,,62.6,0.0,0.0
2023-07-05,3.9,3.96,3.87,3.94,101100,398334.0,14800.0,0.0,60000.0,0.0,,62.6,0.06,0.0
2023-07-06,3.91,4.02,3.9,3.91,105900,414069.0,0.0,0.0,0.0,0.0,,62.6,0.0,0.0
2023-07-07,3.9,3.96,3.9,3.91,94900,371059.0,0.0,0.0,0.0,0.0,,62.6,0.0,0.0
2023-07-10,3.95,3.96,3.8,3.94,122500,482650.0,0.0,0.0,0.0,0.0,,62.6,0.0,0.0
2023-07-11,3.91,4.04,3.91,3.95,125700,496515.0,0.0,0.0,0.0,0.0,,62.6,0.0,0.0
2023-07-12,3.94,4.02,3.92,3.93,75500,296715.0,0.0,1900.0,0.0,10000.0,,62.6,0.0,0.01
2023-07-13,3.92,3.99,3.92,3.97,93600,371592.0,0.0,0.0,0.0,0.0,,62.6,0.0,0.0
2023-07-14,3.97,4.01,3.97,4.0,236500,946000.0,0.0,0.0,0.0,0.0,,62.6,0.0,0.0
2023-07-17,4.08,4.08,4.01,4.05,166200,673110.0,0.0,0.0,0.0,0.0,,62.6,0.0,0.0
2023-07-18,4.05,4.07,3.98,4.03,130800,527124.0,0.0,0.0,0.0,0.0,,62.6,0.0,0.0
2023-07-19,3.98,4.06,3.96,4.05,271600,1099980.0,0.0,2100.0,0.0,10000.0,,62.6,0.0,0.01
2023-07-20,4.06,4.1,4.03,4.07,222800,906796.0,0.0,2000.0,0.0,10000.0,,62.6,0.0,0.01
2023-07-21,4.1,4.1,4.02,4.04,185800,750632.0,0.0,0.0,0.0,0.0,,62.6,0.0,0.0
2023-07-24,4.04,4.06,3.96,4.02,321200,1291223.9999999998,0.0,0.0,0.0,0.0,,62.6,0.0,0.0
2023-07-25,4.02,4.1,3.98,3.98,229700,914206.0,0.0,0.0,0.0,0.0,,62.6,0.0,0.0
2023-07-26,3.99,4.04,3.94,3.96,223000,883080.0,0.0,0.0,0.0,0.0,,62.6,0.0,0.0
2023-07-27,3.97,4.0,3.94,3.95,160400,633580.0,0.0,2000.0,0.0,10000.0,,62.6,0.0,0.01
2023-07-28,4.01,4.11,3.92,4.04,481600,1945664.0,0.0,0.0,0.0,0.0,,62.6,0.0,0.0
2023-07-31,4.16,4.16,4.03,4.07,221500,901505.0,0.0,2000.0,0.0,10000.0,,62.6,0.0,0.01
2023-08-01,4.07,4.07,3.98,4.0,199200,796800.0,0.0,0.0,0.0,0.0,,62.6,0.0,0.0
2023-08-02,3.97,4.02,3.9,4.0,226400,905600.0,3700.0,0.0,10000.0,0.0,,62.6,0.01,0.0
2023-08-03,4.0,4.02,3.95,3.98,134000,533320.0,0.0,0.0,0.0,0.0,,62.6,0.0,0.0
2023-08-04,3.99,4.0,3.94,3.98,188600,750628.0,0.0,0.0,0.0,0.0,,62.6,0.0,0.0
2023-08-07,4.0,4.04,3.99,4.01,324800,1302448.0,0.0,3600.0,0.0,10000.0,,62.6,0.0,0.01
2023-08-08,4.03,4.23,4.03,4.21,840900,3540189.0,0.0,0.0,0.0,0.0,,62.6,0.0,0.0
2023-08-09,4.35,4.35,4.22,4.25,403400,1714450.0,0.0,0.0,0.0,0.0,,62.6,0.0,0.0
2023-08-10,4.29,4.29,4.15,4.18,305800,1278244.0,0.0,0.0,0.0,0.0,,62.6,0.0,0.0
2023-08-11,4.16,4.2,4.06,4.11,263600,1083396.0,0.0,0.0,0.0,0.0,,62.6,0.0,0.0
2023-08-14,4.12,4.16,4.08,4.15,344000,1427600.0000000002,0.0,0.0,0.0,0.0,,62.6,0.0,0.0
2023-08-15,4.19,4.2,4.14,4.15,151700,629555.0,0.0,0.0,0.0,0.0,,62.6,0.0,0.0
2023-08-16,4.13,4.17,4.1,4.12,121300,499756.0,0.0,0.0,0.0,0.0,,62.6,0.0,0.0
2023-08-17,4.13,4.13,4.0,4.01,283700,1137637.0,0.0,0.0,0.0,0.0,,62.6,0.0,0.0
2023-08-18,4.0,4.07,3.73,3.73,471300,1757949.0,0.0,0.0,0.0,0.0,,62.6,0.0,0.0
2023-08-21,3.73,3.73,3.47,3.6,199300,717480.0,0.0,0.0,0.0,0.0,,62.6,0.0,0.0
2023-08-22,3.6,3.69,3.36,3.56,188100,669636.0,0.0,0.0,0.0,0.0,,62.6,0.0,0.0
2023-08-23,3.63,3.63,3.51,3.61,94200,340062.0,0.0,0.0,0.0,0.0,,62.6,0.0,0.0
2023-08-24,3.66,3.66,3.58,3.63,35400,128502.0,0.0,0.0,0.0,0.0,,62.6,0.0,0.0
2023-08-25,3.63,3.66,3.61,3.62,86100,311682.0,0.0,0.0,0.0,0.0,,62.6,0.0,0.0
2023-08-28,3.6,3.75,3.59,3.62,75400,272948.0,0.0,0.0,0.0,0.0,,62.6,0.0,0.0
2023-08-29,3.7,3.71,3.61,3.64,68300,248612.0,0.0,0.0,0.0,0.0,,62.6,0.0,0.0
2023-08-30,3.64,3.71,3.64,3.7,99800,369260.0,5200.0,0.0,20000.0,0.0,,62.6,0.02,0.0
2023-08-31,3.73,3.79,3.68,3.75,140600,527250.0,0.0,0.0,0.0,0.0,,62.6,0.0,0.0
2023-09-05,3.75,3.79,3.75,3.79,115100,436229.0,0.0,0.0,0.0,0.0,,62.6,0.0,0.0
2023-09-06,3.84,3.84,3.75,3.79,148700,563573.0,0.0,0.0,0.0,0.0,,62.6,0.0,0.0
2023-09-07,3.82,3.88,3.79,3.82,140400,536328.0,0.0,0.0,0.0,0.0,,62.6,0.0,0.0
2023-09-08,3.82,3.85,3.8,3.81,135100,514731.0,0.0,0.0,0.0,0.0,,62.6,0.0,0.0
2023-09-11,3.83,3.84,3.76,3.77,124600,469742.0,0.0,0.0,0.0,0.0,,62.6,0.0,0.0
2023-09-12,3.72,3.79,3.72,3.77,75600,285012.0,0.0,0.0,0.0,0.0,,62.6,0.0,0.0
2023-09-13,3.77,3.77,3.7,3.74,169300,633182.0,0.0,0.0,0.0,0.0,,62.6,0.0,0.0
2023-09-14,3.74,3.74,3.62,3.63,85300,309639.0,0.0,0.0,0.0,0.0,,62.6,0.0,0.0
2023-09-15,3.63,3.78,3.63,3.66,72600,265716.0,0.0,0.0,0.0,0.0,,62.6,0.0,0.0
2023-09-18,3.69,3.7,3.65,3.67,29700,108999.0,0.0,100.0,0.0,0.0,,62.6,0.0,0.0
2023-09-19,3.66,3.66,3.6,3.63,70100,254463.0,0.0,9.0,0.0,0.0,,62.6,0.0,0.0
2023-09-20,3.58,3.7,3.58,3.67,38400,140928.0,0.0,0.0,0.0,0.0,,62.6,0.0,0.0
2023-09-21,3.65,3.69,3.64,3.68,84200,309856.0,0.0,0.0,0.0,0.0,,62.6,0.0,0.0
2023-09-22,3.68,3.68,3.45,3.65,105100,383615.0,0.0,1200.0,0.0,0.0,,62.6,0.0,0.0
2023-09-25,3.65,3.65,3.45,3.51,96300,338013.0,0.0,0.0,0.0,0.0,,62.6,0.0,0.0
2023-09-26,3.5,3.53,3.43,3.45,92000,317400.0,0.0,0.0,0.0,0.0,,62.6,0.0,0.0
2023-09-27,3.45,3.48,3.32,3.48,104100,362268.0,9500.0,0.0,30000.0,0.0,,62.6,0.03,0.0
2023-09-28,3.4,3.49,3.38,3.4,67400,229160.0,0.0,0.0,0.0,0.0,,62.6,0.0,0.0
2023-09-29,3.39,3.48,3.36,3.44,54300,186792.0,0.0,0.0,0.0,0.0,,62.6,0.0,0.0
2023-10-02,3.38,3.52,3.38,3.47,7600,26372.0,0.0,0.0,0.0,0.0,,62.6,0.0,0.0
2023-10-03,3.4,3.49,3.23,3.38,60600,204828.0,5400.0,0.0,20000.0,0.0,,62.6,0.02,0.0
2023-10-04,3.37,3.39,3.3,3.38,35800,121004.0,0.0,0.0,0.0,0.0,,62.6,0.0,0.0
2023-10-05,3.4,3.41,3.34,3.37,11800,39766.0,0.0,0.0,0.0,0.0,,62.6,0.0,0.0
2023-10-06,3.35,3.39,3.3,3.37,37700,127049.0,12900.0,0.0,40000.0,0.0,,62.6,0.04,0.0
2023-10-09,3.39,3.45,3.37,3.38,10800,36504.0,0.0,0.0,0.0,0.0,,62.6,0.0,0.0
2023-10-10,3.39,3.61,3.33,3.6,298300,1073880.0,0.0,0.0,0.0,0.0,,62.6,0.0,0.0
2023-10-11,3.6,3.62,3.54,3.59,46900,168371.0,0.0,0.0,0.0,0.0,,62.6,0.0,0.0
2023-10-12,3.59,3.68,3.59,3.66,82700,302682.0,0.0,0.0,0.0,0.0,,62.6,0.0,0.0
2023-10-13,3.59,3.65,3.53,3.62,29000,104980.0,0.0,0.0,0.0,0.0,,62.6,0.0,0.0
2023-10-16,3.63,3.63,3.54,3.6,50200,180720.0,0.0,0.0,0.0,0.0,,62.6,0.0,0.0
2023-10-17,3.55,3.61,3.55,3.59,20200,72518.0,0.0,0.0,0.0,0.0,,62.6,0.0,0.0
2023-10-18,3.59,3.59,3.4,3.44,48100,165464.0,0.0,0.0,0.0,0.0,,62.6,0.0,0.0
2023-10-19,3.44,3.65,3.4,3.46,77300,267458.0,0.0,0.0,0.0,0.0,,62.6,0.0,0.0
2023-10-20,3.45,3.54,3.4,3.5,39000,136500.0,0.0,0.0,0.0,0.0,,62.6,0.0,0.0
2023-10-23,3.5,3.53,3.46,3.5,30200,105700.0,0.0,0.0,0.0,0.0,,62.6,0.0,0.0
2023-10-24,3.58,3.58,3.46,3.51,4300,15092.999999999998,0.0,0.0,0.0,0.0,,62.6,0.0,0.0
2023-10-25,3.51,3.54,3.5,3.51,18400,64583.99999999999,0.0,0.0,0.0,0.0,,62.6,0.0,0.0
2023-10-26,3.51,3.51,3.37,3.39,51600,174924.0,0.0,0.0,0.0,0.0,,62.6,0.0,0.0
2023-10-27,3.39,3.55,3.39,3.44,51100,175784.0,0.0,0.0,0.0,0.0,,62.6,0.0,0.0
2023-10-30,3.39,3.56,3.25,3.51,143300,502983.0,0.0,0.0,0.0,0.0,,62.6,0.0,0.0
2023-10-31,3.5,3.53,3.45,3.52,63000,221760.0,0.0,0.0,0.0,0.0,,62.6,0.0,0.0
2023-11-01,3.43,3.54,3.43,3.53,82900,292637.0,0.0,0.0,0.0,0.0,,62.6,0.0,0.0
2023-11-02,3.54,3.66,3.5,3.66,196000,717360.0,0.0,30000.0,0.0,110000.0,,62.6,0.0,0.11
2023-11-03,3.65,3.65,3.55,3.57,14100,50337.0,0.0,0.0,0.0,0.0,,62.6,0.0,0.0
2023-11-06,3.64,3.64,3.53,3.57,8700,31059.0,0.0,0.0,0.0,0.0,,62.6,0.0,0.0
2023-11-07,3.6,3.6,3.58,3.58,1800,6444.0,0.0,0.0,0.0,0.0,,62.6,0.0,0.0
2023-11-08,3.57,3.6,3.5,3.6,64500,232200.0,0.0,0.0,0.0,0.0,,62.6,0.0,0.0
2023-11-09,3.6,3.64,3.57,3.61,94900,342589.0,0.0,0.0,0.0,0.0,,62.6,0.0,0.0
2023-11-10,3.61,3.63,3.5,3.62,65400,236748.0,0.0,0.0,0.0,0.0,,62.6,0.0,0.0
2023-11-13,3.64,3.64,3.52,3.62,20300,73486.0,0.0,0.0,0.0,0.0,,62.6,0.0,0.0
2023-11-14,3.61,3.61,3.56,3.58,23800,85204.0,0.0,0.0,0.0,0.0,,62.6,0.0,0.0
2023-11-15,3.6,3.61,3.57,3.59,75300,270327.0,400.0,0.0,0.0,0.0,,62.6,0.0,0.0
2023-11-16,3.58,3.6,3.57,3.59,12300,44157.0,0.0,0.0,0.0,0.0,,62.6,0.0,0.0
2023-11-17,3.59,3.6,3.55,3.59,50400,180936.0,0.0,0.0,0.0,0.0,,62.6,0.0,0.0
2023-11-20,3.51,3.59,3.51,3.59,23800,85442.0,0.0,0.0,0.0,0.0,,62.6,0.0,0.0
2023-11-21,3.56,3.59,3.56,3.59,53200,190988.0,0.0,0.0,0.0,0.0,,62.6,0.0,0.0
2023-11-22,3.55,3.59,3.51,3.59,34200,122778.0,0.0,0.0,0.0,0.0,,62.6,0.0,0.0
2023-11-23,3.56,3.6,3.56,3.58,47900,171482.0,0.0,0.0,0.0,0.0,,62.6,0.0,0.0
2023-11-24,3.55,3.59,3.53,3.54,21200,75048.0,0.0,0.0,0.0,0.0,,62.6,0.0,0.0
2023-11-27,3.55,3.56,3.47,3.53,41300,145789.0,0.0,0.0,0.0,0.0,,62.6,0.0,0.0
2023-11-28,3.53,3.54,3.49,3.5,12300,43050.0,0.0,0.0,0.0,0.0,,62.6,0.0,0.0
2023-11-29,3.48,3.54,3.48,3.53,26900,94957.0,0.0,0.0,0.0,0.0,,62.6,0.0,0.0
2023-11-30,3.56,3.56,3.5,3.5,19900,69650.0,0.0,0.0,0.0,0.0,,62.6,0.0,0.0
2023-12-01,3.5,3.55,3.46,3.55,46200,164010.0,0.0,0.0,0.0,0.0,,62.6,0.0,0.0
2023-12-04,3.55,3.55,3.48,3.55,18900,67095.0,0.0,8.0,0.0,0.0,,62.6,0.0,0.0
2023-12-05,3.54,3.55,3.51,3.53,25200,88956.0,0.0,0.0,0.0,0.0,,62.6,0.0,0.0
2023-12-06,3.53,3.55,3.5,3.54,21100,74694.0,0.0,0.0,0.0,0.0,,62.6,0.0,0.0
2023-12-07,3.54,3.57,3.5,3.54,19500,69030.0,3400.0,0.0,10000.0,0.0,,62.6,0.01,0.0
2023-12-08,3.53,3.54,3.5,3.53,22800,80484.0,4600.0,0.0,20000.0,0.0,,62.6,0.02,0.0
2023-12-11,3.53,3.54,3.5,3.53,7500,26475.0,0.0,0.0,0.0,0.0,,62.6,0.0,0.0
2023-12-12,3.52,3.53,3.46,3.52,30500,107360.0,0.0,0.0,0.0,0.0,,62.6,0.0,0.0
2023-12-13,3.52,3.54,3.47,3.48,14500,50460.0,0.0,0.0,0.0,0.0,,62.6,0.0,0.0
2023-12-14,3.51,3.52,3.47,3.52,49500,174240.0,2000.0,0.0,10000.0,0.0,,62.6,0.01,0.0
2023-12-15,3.5,3.52,3.47,3.52,6600,23232.0,0.0,0.0,0.0,0.0,,62.6,0.0,0.0
2023-12-18,3.54,3.54,3.28,3.51,32000,112320.0,0.0,300.0,0.0,0.0,,62.6,0.0,0.0
2023-12-19,3.52,3.52,3.45,3.5,32100,112350.0,0.0,0.0,0.0,0.0,,62.6,0.0,0.0
2023-12-20,3.52,3.52,3.46,3.5,11300,39550.0,2300.0,0.0,10000.0,0.0,,62.6,0.01,0.0
2023-12-21,3.48,3.5,3.47,3.5,9700,33950.0,0.0,0.0,0.0,0.0,,62.6,0.0,0.0
2023-12-22,3.47,3.5,3.47,3.47,21300,73911.0,0.0,0.0,0.0,0.0,,62.6,0.0,0.0
2023-12-25,3.5,3.51,3.45,3.5,10000,35000.0,0.0,0.0,0.0,0.0,,62.6,0.0,0.0
2023-12-26,3.49,3.5,3.47,3.5,5900,20650.0,0.0,0.0,0.0,0.0,,62.6,0.0,0.0
2023-12-27,3.5,3.51,3.47,3.47,32900,114163.0,0.0,0.0,0.0,0.0,,62.6,0.0,0.0
2023-12-28,3.5,3.59,3.5,3.54,122200,432588.0,0.0,0.0,0.0,0.0,,62.6,0.0,0.0
2023-12-29,3.57,3.57,3.52,3.53,34500,121785.0,0.0,0.0,0.0,0.0,,62.6,0.0,0.0
2024-01-02,3.53,3.55,3.48,3.54,12600,44604.0,0.0,0.0,0.0,0.0,,62.6,0.0,0.0
2024-01-03,3.48,3.54,3.48,3.54,25800,91332.0,0.0,0.0,0.0,0.0,,62.6,0.0,0.0
2024-01-04,3.5,3.56,3.5,3.54,111000,392940.0,0.0,0.0,0.0,0.0,,62.6,0.0,0.0
2024-01-05,3.51,3.56,3.48,3.55,105500,374525.0,0.0,0.0,0.0,0.0,,62.6,0.0,0.0
2024-01-08,3.59,3.59,3.51,3.55,17600,62480.0,0.0,0.0,0.0,0.0,,62.6,0.0,0.0
2024-01-09,3.55,3.56,3.51,3.55,21200,75260.0,0.0,0.0,0.0,0.0,,62.6,0.0,0.0
2024-01-10,3.56,3.56,3.51,3.52,21400,75328.0,0.0,0.0,0.0,0.0,,62.6,0.0,0.0
2024-01-11,3.52,3.55,3.5,3.51,31400,110214.0,0.0,0.0,0.0,0.0,,62.6,0.0,0.0
2024-01-12,3.52,3.52,3.49,3.51,28400,99684.0,0.0,0.0,0.0,0.0,,62.6,0.0,0.0
2024-01-15,3.47,3.51,3.47,3.5,19300,67550.0,0.0,0.0,0.0,0.0,,62.6,0.0,0.0
2024-01-16,3.49,3.5,3.47,3.5,27700,96950.0,0.0,0.0,0.0,0.0,,62.6,0.0,0.0
2024-01-17,3.5,3.52,3.5,3.51,34000,119340.0,0.0,0.0,0.0,0.0,,62.6,0.0,0.0
2024-01-18,3.5,3.51,3.47,3.51,19700,69147.0,0.0,0.0,0.0,0.0,,62.6,0.0,0.0
2024-01-19,3.47,3.52,3.47,3.52,74700,262944.0,0.0,0.0,0.0,0.0,,62.6,0.0,0.0
2024-01-22,3.52,3.52,3.5,3.52,23700,83424.0,0.0,5200.0,0.0,20000.0,,62.6,0.0,0.02
2024-01-23,3.5,3.52,3.46,3.51,4100,14391.0,0.0,0.0,0.0,0.0,,62.6,0.0,0.0
2024-01-24,3.51,3.52,3.49,3.51,14800,51948.0,0.0,0.0,0.0,0.0,,62.6,0.0,0.0
2024-01-25,3.48,3.52,3.48,3.51,34900,122499.0,0.0,0.0,0.0,0.0,,62.6,0.0,0.0
2024-01-26,3.51,3.52,3.5,3.52,18300,64416.0,0.0,0.0,0.0,0.0,,62.6,0.0,0.0
2024-01-29,3.52,3.52,3.49,3.52,8500,29920.0,0.0,0.0,0.0,0.0,,62.6,0.0,0.0
2024-01-30,3.52,3.53,3.5,3.52,14100,49632.0,0.0,0.0,0.0,0.0,,62.6,0.0,0.0
2024-01-31,3.48,3.52,3.47,3.51,32400,113724.0,0.0,0.0,0.0,0.0,,62.6,0.0,0.0
2024-02-01,3.51,3.51,3.46,3.51,17200,60371.99999999999,0.0,0.0,0.0,0.0,,62.6,0.0,0.0
2024-02-02,3.51,3.51,3.47,3.5,14300,50050.0,0.0,0.0,0.0,0.0,,62.6,0.0,0.0
2024-02-05,3.5,3.51,3.46,3.46,8900,30794.0,0.0,0.0,0.0,0.0,,62.6,0.0,0.0
2024-02-06,3.46,3.51,3.46,3.5,65600,229600.0,0.0,0.0,0.0,0.0,,62.6,0.0,0.0
2024-02-07,3.5,3.51,3.49,3.51,14900,52299.0,0.0,0.0,0.0,0.0,,62.6,0.0,0.0
2024-02-15,3.51,3.52,3.48,3.51,9900,34749.0,0.0,0.0,0.0,0.0,,62.6,0.0,0.0
2024-02-16,3.5,3.51,3.47,3.51,66400,233064.0,0.0,0.0,0.0,0.0,,62.6,0.0,0.0
2024-02-19,3.51,3.53,3.51,3.52,75800,266816.0,0.0,0.0,0.0,0.0,,62.6,0.0,0.0
2024-02-20,3.53,3.55,3.52,3.54,80600,285324.0,0.0,0.0,0.0,0.0,,62.6,0.0,0.0
2024-02-21,3.54,3.56,3.52,3.56,119000,423640.0,0.0,0.0,0.0,0.0,,62.6,0.0,0.0
2024-02-22,3.56,3.59,3.56,3.58,115500,413490.0,0.0,0.0,0.0,0.0,,62.6,0.0,0.0
2024-02-23,3.59,3.7,3.57,3.59,302000,1084180.0,0.0,0.0,0.0,0.0,,62.6,0.0,0.0
2024-02-26,3.6,3.62,3.57,3.62,65700,237834.0,0.0,0.0,0.0,0.0,,62.6,0.0,0.0
2024-02-27,3.62,3.63,3.57,3.6,121600,437760.0,0.0,0.0,0.0,0.0,,62.6,0.0,0.0
2024-02-28,3.6,3.62,3.56,3.59,97800,351102.0,0.0,0.0,0.0,0.0,,62.6,0.0,0.0
2024-02-29,3.58,3.6,3.55,3.56,114000,405840.0,0.0,0.0,0.0,0.0,,62.6,0.0,0.0
2024-03-01,3.57,3.57,3.52,3.56,50100,178356.0,0.0,0.0,0.0,0.0,,62.6,0.0,0.0
2024-03-04,3.57,3.58,3.54,3.56,114500,407620.0,0.0,0.0,0.0,0.0,,62.6,0.0,0.0
2024-03-05,3.56,3.57,3.54,3.57,59900,213843.0,0.0,100.0,0.0,0.0,,62.6,0.0,0.0
2024-03-06,3.56,3.58,3.54,3.57,71200,254184.0,0.0,0.0,0.0,0.0,,62.6,0.0,0.0
2024-03-07,3.55,3.57,3.53,3.57,128800,459816.0,0.0,0.0,0.0,0.0,,62.6,0.0,0.0
2024-03-08,3.56,3.57,3.53,3.56,41400,147384.0,0.0,0.0,0.0,0.0,,62.6,0.0,0.0
2024-03-11,3.55,3.56,3.52,3.52,21500,75680.0,0.0,0.0,0.0,0.0,,62.6,0.0,0.0
2024-03-12,3.51,3.55,3.51,3.53,55700,196621.0,0.0,1200.0,0.0,0.0,,62.6,0.0,0.0
2024-03-13,3.53,3.54,3.52,3.52,62900,221408.0,0.0,0.0,0.0,0.0,,62.6,0.0,0.0
2024-03-14,3.52,3.54,3.51,3.54,62800,222312.0,0.0,0.0,0.0,0.0,,62.6,0.0,0.0
2024-03-15,3.52,3.6,3.51,3.58,94400,337952.0,0.0,18400.0,0.0,70000.0,,62.6,0.0,0.07
2024-03-18,3.58,3.58,3.52,3.55,95700,339735.0,0.0,0.0,0.0,0.0,,62.6,0.0,0.0
2024-03-19,3.53,3.56,3.53,3.56,25100,89356.0,0.0,0.0,0.0,0.0,,62.6,0.0,0.0
2024-03-20,3.54,3.57,3.53,3.57,139000,496230.0,0.0,0.0,0.0,0.0,,62.6,0.0,0.0
2024-03-21,3.57,3.58,3.56,3.58,80700,288906.0,0.0,0.0,0.0,0.0,,62.6,0.0,0.0
2024-03-22,3.58,3.65,3.58,3.63,199300,723459.0,0.0,0.0,0.0,0.0,,62.6,0.0,0.0
2024-03-25,3.6,3.63,3.6,3.61,58700,211907.0,0.0,0.0,0.0,0.0,,62.6,0.0,0.0
2024-03-26,3.61,3.62,3.57,3.62,73900,267518.0,0.0,0.0,0.0,0.0,,62.6,0.0,0.0
2024-03-27,3.6,3.62,3.58,3.62,16700,60454.0,0.0,0.0,0.0,0.0,,62.6,0.0,0.0
2024-03-28,3.62,3.62,3.57,3.61,40500,146205.0,0.0,0.0,0.0,0.0,,62.6,0.0,0.0
2024-03-29,3.56,3.61,3.55,3.61,11400,41154.0,0.0,0.0,0.0,0.0,,62.6,0.0,0.0
2024-04-01,3.6,3.6,3.56,3.58,30100,107758.0,4000.0,0.0,10000.0,0.0,,62.6,0.01,0.0
2024-04-02,3.58,3.59,3.55,3.58,21000,75180.0,0.0,0.0,0.0,0.0,,62.6,0.0,0.0
2024-04-03,3.56,3.58,3.55,3.55,38900,138095.0,0.0,0.0,0.0,0.0,,62.6,0.0,0.0
2024-04-04,3.53,3.54,3.51,3.54,84800,300192.0,0.0,0.0,0.0,0.0,,62.6,0.0,0.0
2024-04-05,3.52,3.53,3.5,3.53,54800,193444.0,0.0,0.0,0.0,0.0,,62.6,0.0,0.0
2024-04-08,3.52,3.53,3.49,3.53,52300,184619.0,0.0,0.0,0.0,0.0,,62.6,0.0,0.0
2024-04-09,3.35,3.53,3.35,3.51,18200,63881.99999999999,0.0,0.0,0.0,0.0,,62.6,0.0,0.0
2024-04-10,3.5,3.5,3.48,3.5,100600,352100.0,0.0,0.0,0.0,0.0,,62.6,0.0,0.0
2024-04-11,3.5,3.5,3.47,3.49,8000,27920.0,0.0,0.0,0.0,0.0,,62.6,0.0,0.0
2024-04-12,3.47,3.5,3.44,3.48,72800,253344.0,0.0,0.0,0.0,0.0,,62.6,0.0,0.0
2024-04-15,3.48,3.56,3.45,3.46,31700,109682.0,0.0,0.0,0.0,0.0,,62.6,0.0,0.0
2024-04-16,3.43,3.53,3.41,3.45,18400,63480.0,0.0,0.0,0.0,0.0,,62.6,0.0,0.0
2024-04-17,3.44,3.48,3.4,3.4,21600,73440.0,0.0,0.0,0.0,0.0,,62.6,0.0,0.0
2024-04-19,3.4,3.47,3.4,3.42,9400,32148.0,0.0,0.0,0.0,0.0,,62.6,0.0,0.0
2024-04-22,3.42,3.45,3.4,3.44,61000,209840.0,0.0,0.0,0.0,0.0,,62.6,0.0,0.0
2024-04-23,3.45,3.45,3.36,3.41,15000,51150.0,0.0,0.0,0.0,0.0,,62.6,0.0,0.0
2024-04-24,3.43,3.43,3.38,3.42,37100,126882.0,0.0,0.0,0.0,0.0,,62.6,0.0,0.0
2024-04-25,3.42,3.43,3.25,3.42,118000,403560.0,0.0,0.0,0.0,0.0,,62.6,0.0,0.0
2024-04-26,3.43,3.44,3.42,3.42,1000,3420.0,0.0,0.0,0.0,0.0,,62.6,0.0,0.0
2024-05-02,3.35,3.48,3.35,3.48,41000,142680.0,0.0,0.0,0.0,0.0,,62.6,0.0,0.0
2024-05-03,3.45,3.49,3.44,3.49,30000,104700.0,0.0,0.0,0.0,0.0,,62.6,0.0,0.0
2024-05-06,3.45,3.49,3.43,3.49,44900,156701.0,0.0,0.0,0.0,0.0,,62.6,0.0,0.0
2024-05-07,3.49,3.5,3.46,3.5,13500,47250.0,0.0,0.0,0.0,0.0,,62.6,0.0,0.0
2024-05-08,3.4,3.49,3.4,3.48,19500,67860.0,0.0,0.0,0.0,0.0,,62.6,0.0,0.0
2024-05-09,3.49,3.49,3.44,3.48,8200,28536.0,0.0,0.0,0.0,0.0,,62.6,0.0,0.0
2024-05-10,3.47,3.49,3.4,3.48,15200,52896.0,0.0,0.0,0.0,0.0,,62.6,0.0,0.0
2024-05-13,3.48,3.48,3.44,3.46,25700,88922.0,0.0,0.0,0.0,0.0,,62.6,0.0,0.0
2024-05-14,3.47,3.49,3.46,3.49,100200,349698.0,0.0,0.0,0.0,0.0,,62.6,0.0,0.0
2024-05-15,3.49,3.63,3.48,3.61,143600,518396.0,0.0,8500.0,0.0,30000.0,,62.6,0.0,0.03
2024-05-16,3.59,3.63,3.56,3.57,43300,154581.0,0.0,6100.0,0.0,20000.0,,62.6,0.0,0.02
2024-05-17,3.55,3.56,3.33,3.55,145500,516525.0,0.0,11500.0,0.0,40000.0,,62.6,0.0,0.04
2024-05-20,3.54,3.55,3.45,3.49,34800,121452.0,0.0,2900.0,0.0,10000.0,,62.6,0.0,0.01
2024-05-21,3.49,3.5,3.44,3.49,30200,105398.0,0.0,4600.0,0.0,20000.0,,62.6,0.0,0.02
2024-05-22,3.51,3.62,3.46,3.47,89700,311259.0,0.0,2100.0,0.0,10000.0,,62.6,0.0,0.01
2024-05-23,3.48,3.49,3.45,3.48,50000,174000.0,0.0,0.0,0.0,0.0,,62.6,0.0,0.0
2024-05-24,3.46,3.49,3.45,3.48,64900,225852.0,0.0,0.0,0.0,0.0,,62.6,0.0,0.0
2024-05-27,3.5,3.51,3.45,3.49,73600,256864.00000000003,0.0,100.0,0.0,0.0,,62.6,0.0,0.0
2024-05-28,3.49,3.5,3.44,3.45,150200,518190.0,0.0,72700.0,0.0,250000.0,,62.6,0.0,0.25
2024-05-29,3.47,3.5,3.44,3.5,133700,467950.0,0.0,800.0,0.0,0.0,,62.6,0.0,0.0
2024-05-30,3.46,3.49,3.45,3.48,14900,51852.0,0.0,0.0,0.0,0.0,,62.6,0.0,0.0
2024-05-31,3.48,3.58,3.44,3.56,244200,869352.0,0.0,0.0,0.0,0.0,,62.6,0.0,0.0
2024-06-03,3.62,3.62,3.52,3.56,130800,465648.0,0.0,0.0,0.0,0.0,,62.6,0.0,0.0
2024-06-04,3.51,3.55,3.5,3.55,49200,174660.0,0.0,0.0,0.0,0.0,,62.6,0.0,0.0
2024-06-05,3.52,3.56,3.5,3.54,136200,482148.0,0.0,0.0,0.0,0.0,,62.6,0.0,0.0
2024-06-06,3.52,3.54,3.5,3.51,34200,120042.0,0.0,0.0,0.0,0.0,,62.6,0.0,0.0
2024-06-07,3.51,3.54,3.5,3.52,31500,110880.0,0.0,0.0,0.0,0.0,,62.6,0.0,0.0
2024-06-10,3.52,3.54,3.5,3.52,79900,281248.0,0.0,0.0,0.0,0.0,,62.6,0.0,0.0
2024-06-11,3.54,3.54,3.51,3.51,18700,65637.0,0.0,133.0,0.0,0.0,,62.6,0.0,0.0
2024-06-12,3.52,3.53,3.51,3.52,36300,127776.0,0.0,0.0,0.0,0.0,,62.6,0.0,0.0
2024-06-13,3.53,3.53,3.5,3.52,13900,48928.0,0.0,0.0,0.0,0.0,,62.6,0.0,0.0
2024-06-14,3.53,3.53,3.49,3.5,66400,232400.0,0.0,0.0,0.0,0.0,,62.6,0.0,0.0
2024-06-17,3.49,3.52,3.49,3.52,22500,79200.0,200.0,0.0,0.0,0.0,,62.6,0.0,0.0
2024-06-18,3.52,3.54,3.51,3.53,58300,205799.0,0.0,60.0,0.0,0.0,,62.6,0.0,0.0
2024-06-19,3.53,3.54,3.5,3.53,25100,88603.0,0.0,14700.0,0.0,50000.0,,62.6,0.0,0.05
2024-06-20,3.49,3.53,3.45,3.53,57800,204034.0,0.0,0.0,0.0,0.0,,62.6,0.0,0.0
2024-06-21,3.51,3.53,3.49,3.53,46500,164145.0,0.0,0.0,0.0,0.0,,62.6,0.0,0.0
2024-06-24,3.47,3.53,3.45,3.51,47300,166023.0,0.0,17900.0,0.0,60000.0,,62.6,0.0,0.06
2024-06-25,3.51,3.51,3.48,3.5,17000,59500.0,0.0,9300.0,0.0,30000.0,,62.6,0.0,0.03
2024-06-26,3.45,3.51,3.45,3.5,22100,77350.0,0.0,700.0,0.0,0.0,,62.6,0.0,0.0
2024-06-27,3.52,3.52,3.45,3.49,15200,53048.0,0.0,4900.0,0.0,20000.0,,62.6,0.0,0.02
2024-06-28,3.49,3.51,3.45,3.48,104400,363312.0,0.0,0.0,0.0,0.0,,62.6,0.0,0.0
2024-07-01,3.52,3.52,3.45,3.49,15900,55491.0,0.0,0.0,0.0,0.0,,62.6,0.0,0.0
2024-07-02,3.48,3.5,3.48,3.49,9700,33853.0,0.0,0.0,0.0,0.0,,62.6,0.0,0.0
2024-07-03,3.49,3.5,3.48,3.5,7500,26250.0,0.0,0.0,0.0,0.0,,62.6,0.0,0.0
2024-07-04,3.51,3.51,3.49,3.5,18000,63000.0,0.0,0.0,0.0,0.0,,62.6,0.0,0.0
2024-07-05,3.51,3.51,3.49,3.5,29000,101500.0,0.0,0.0,0.0,0.0,,62.6,0.0,0.0
2024-07-08,3.5,3.51,3.48,3.51,44000,154440.0,0.0,0.0,0.0,0.0,,62.6,0.0,0.0
2024-07-09,3.5,3.52,3.5,3.52,19500,68640.0,0.0,0.0,0.0,0.0,,62.6,0.0,0.0
2024-07-10,3.5,3.52,3.49,3.51,13200,46332.0,0.0,0.0,0.0,0.0,,62.6,0.0,0.0
2024-07-11,3.51,3.52,3.48,3.52,14200,49984.0,0.0,0.0,0.0,0.0,,62.6,0.0,0.0
2024-07-12,3.51,3.52,3.5,3.52,6900,24288.0,0.0,0.0,0.0,0.0,,62.6,0.0,0.0
2024-07-15,3.5,3.53,3.5,3.53,11900,42007.0,0.0,0.0,0.0,0.0,,62.6,0.0,0.0
2024-07-16,3.5,3.55,3.5,3.53,37600,132728.0,0.0,0.0,0.0,0.0,,62.6,0.0,0.0
2024-07-17,3.54,3.54,3.48,3.48,32600,113448.0,0.0,0.0,0.0,0.0,,62.6,0.0,0.0
2024-07-18,3.52,3.52,3.48,3.51,11100,38961.0,0.0,0.0,0.0,0.0,,62.6,0.0,0.0
2024-07-19,3.49,3.5,3.48,3.5,16000,56000.0,0.0,0.0,0.0,0.0,,62.6,0.0,0.0
2024-07-22,3.5,3.5,3.26,3.47,33900,117633.0,0.0,0.0,0.0,0.0,,62.6,0.0,0.0
2024-07-23,3.47,3.49,3.42,3.45,12400,42780.0,0.0,0.0,0.0,0.0,,62.6,0.0,0.0
2024-07-24,3.31,3.48,3.21,3.45,89700,309465.0,0.0,0.0,0.0,0.0,,62.6,0.0,0.0
2024-07-25,3.44,3.45,3.44,3.45,1700,5865.0,0.0,0.0,0.0,0.0,,62.6,0.0,0.0
2024-07-26,3.56,3.61,3.45,3.57,114100,407337.0,0.0,10.0,0.0,0.0,,62.6,0.0,0.0
2024-07-29,3.58,3.58,3.52,3.55,17400,61770.0,0.0,0.0,0.0,0.0,,62.6,0.0,0.0
2024-07-30,3.56,3.57,3.5,3.55,18400,65320.0,0.0,0.0,0.0,0.0,,62.6,0.0,0.0
2024-07-31,3.52,3.54,3.5,3.5,24900,87150.0,0.0,0.0,0.0,0.0,,62.6,0.0,0.0
2024-08-01,3.46,3.5,3.4,3.45,47500,163875.0,0.0,0.0,0.0,0.0,,62.6,0.0,0.0
2024-08-02,3.45,3.45,3.4,3.45,11000,37950.0,0.0,0.0,0.0,0.0,,62.6,0.0,0.0
2024-08-05,3.39,3.41,3.21,3.31,67100,222101.0,0.0,0.0,0.0,0.0,,62.6,0.0,0.0
2024-08-06,3.3,3.38,3.3,3.35,35600,119260.0,0.0,0.0,0.0,0.0,,62.6,0.0,0.0
2024-08-07,3.35,3.36,3.3,3.36,14000,47040.0,0.0,0.0,0.0,0.0,,62.6,0.0,0.0
2024-08-08,3.35,3.42,3.31,3.37,32600,109862.0,0.0,0.0,0.0,0.0,,62.6,0.0,0.0
2024-08-09,3.39,3.39,3.36,3.39,1800,6102.0,0.0,0.0,0.0,0.0,,62.6,0.0,0.0
2024-08-12,3.42,3.42,3.36,3.4,21500,73100.0,0.0,0.0,0.0,0.0,,62.6,0.0,0.0
2024-08-13,3.4,3.41,3.17,3.4,6700,22780.0,0.0,0.0,0.0,0.0,,62.6,0.0,0.0
2024-08-14,3.4,3.4,3.34,3.39,2500,8475.0,0.0,0.0,0.0,0.0,,62.6,0.0,0.0
2024-08-15,3.31,3.38,3.31,3.36,8200,27552.0,0.0,0.0,0.0,0.0,,62.6,0.0,0.0
2024-08-16,3.28,3.41,3.28,3.39,28500,96615.0,0.0,0.0,0.0,0.0,,62.6,0.0,0.0
2024-08-19,3.41,3.41,3.34,3.38,5300,17914.0,0.0,0.0,0.0,0.0,,62.6,0.0,0.0
2024-08-20,3.4,3.4,3.35,3.39,4500,15255.0,0.0,0.0,0.0,0.0,,62.6,0.0,0.0
2024-08-21,3.3,3.39,3.3,3.39,51100,173229.0,0.0,0.0,0.0,0.0,,62.6,0.0,0.0
2024-08-22,3.32,3.39,3.32,3.38,2500,8450.0,0.0,0.0,0.0,0.0,,62.6,0.0,0.0
2024-08-23,3.37,3.37,3.32,3.37,1400,4718.0,0.0,0.0,0.0,0.0,,62.6,0.0,0.0
2024-08-26,3.36,3.44,3.33,3.37,16500,55605.0,0.0,0.0,0.0,0.0,,62.6,0.0,0.0
2024-08-27,3.32,3.37,3.32,3.37,5200,17524.0,0.0,0.0,0.0,0.0,,62.6,0.0,0.0
2024-08-28,3.36,3.38,3.34,3.37,12900,43473.0,0.0,0.0,0.0,0.0,,62.6,0.0,0.0
2024-08-29,3.36,3.38,3.32,3.37,17400,58638.0,0.0,0.0,0.0,0.0,,62.6,0.0,0.0
2024-08-30,3.35,3.43,3.35,3.4,33300,113220.0,0.0,0.0,0.0,0.0,,62.6,0.0,0.0
2024-09-04,3.3,3.42,3.3,3.39,11700,39663.0,0.0,0.0,0.0,0.0,,62.6,0.0,0.0
2024-09-05,3.34,3.38,3.31,3.31,8300,27473.0,0.0,0.0,0.0,0.0,,62.6,0.0,0.0
2024-09-06,3.33,3.38,3.31,3.35,35100,117585.0,0.0,0.0,0.0,0.0,,62.6,0.0,0.0
2024-09-09,3.31,3.35,3.3,3.35,17800,59630.0,0.0,0.0,0.0,0.0,,62.6,0.0,0.0
2024-09-10,3.35,3.44,3.3,3.36,5200,17472.0,0.0,0.0,0.0,0.0,,62.6,0.0,0.0
2024-09-11,3.3,3.38,3.3,3.34,7400,24716.0,0.0,0.0,0.0,0.0,,62.6,0.0,0.0
2024-09-12,3.34,3.37,3.31,3.34,4900,16366.0,0.0,0.0,0.0,0.0,,62.6,0.0,0.0
2024-09-13,3.34,3.34,3.3,3.33,13100,43623.0,0.0,0.0,0.0,0.0,,62.6,0.0,0.0
2024-09-16,3.33,3.4,3.3,3.31,51400,170134.0,0.0,0.0,0.0,0.0,,62.6,0.0,0.0
2024-09-17,3.35,3.35,3.28,3.28,87200,286016.0,0.0,0.0,0.0,0.0,,62.6,0.0,0.0
2024-09-18,3.28,3.34,3.25,3.25,77500,251875.0,0.0,0.0,0.0,0.0,,62.6,0.0,0.0
2024-09-19,3.3,3.3,3.22,3.22,209900,675878.0,0.0,0.0,0.0,0.0,,62.6,0.0,0.0
2024-09-20,3.22,3.24,3.2,3.23,54600,176358.0,0.0,0.0,0.0,0.0,,62.6,0.0,0.0
2024-09-23,3.29,3.29,3.23,3.26,13100,42706.0,0.0,0.0,0.0,0.0,,62.6,0.0,0.0
2024-09-24,3.23,3.28,3.21,3.27,9400,30738.0,0.0,0.0,0.0,0.0,,62.6,0.0,0.0
2024-09-25,3.26,3.26,3.23,3.25,9400,30550.0,0.0,0.0,0.0,0.0,,62.6,0.0,0.0
2024-09-26,3.25,3.32,3.22,3.28,27400,89872.0,0.0,0.0,0.0,0.0,,62.6,0.0,0.0
2024-09-27,3.24,3.27,3.24,3.26,3900,12714.0,0.0,0.0,0.0,0.0,,62.6,0.0,0.0
2024-09-30,3.25,3.28,3.24,3.25,20300,65975.0,0.0,200.0,0.0,0.0,,62.6,0.0,0.0
2024-10-01,3.29,3.3,3.25,3.26,11700,38142.0,0.0,0.0,0.0,0.0,,62.6,0.0,0.0
2024-10-02,3.26,3.26,3.26,3.26,5200,16952.0,0.0,0.0,0.0,0.0,,62.6,0.0,0.0
2024-10-03,3.23,3.26,3.19,3.21,52000,166920.0,0.0,0.0,0.0,0.0,,62.6,0.0,0.0
2024-10-04,3.25,3.25,3.19,3.21,5100,16371.0,0.0,0.0,0.0,0.0,,62.6,0.0,0.0
2024-10-07,3.21,3.24,3.21,3.21,15000,48150.0,0.0,0.0,0.0,0.0,,62.6,0.0,0.0
2024-10-08,3.01,3.22,3.01,3.22,4900,15778.000000000002,0.0,0.0,0.0,0.0,,62.6,0.0,0.0
2024-10-09,3.22,3.23,3.19,3.21,29100,93411.0,0.0,0.0,0.0,0.0,,62.6,0.0,0.0
2024-10-10,3.2,3.26,3.18,3.21,17300,55533.0,0.0,0.0,0.0,0.0,,62.6,0.0,0.0
2024-10-11,3.21,3.23,3.19,3.21,22300,71583.0,0.0,0.0,0.0,0.0,,62.6,0.0,0.0
2024-10-14,3.25,3.25,3.17,3.22,3500,11270.0,0.0,0.0,0.0,0.0,,62.6,0.0,0.0
2024-10-15,3.21,3.23,3.19,3.22,15500,49910.0,0.0,0.0,0.0,0.0,,62.6,0.0,0.0
2024-10-16,3.23,3.23,3.19,3.22,3100,9982.0,0.0,0.0,0.0,0.0,,62.6,0.0,0.0
2024-10-17,3.21,3.22,3.18,3.22,26500,85330.0,0.0,0.0,0.0,0.0,,62.6,0.0,0.0
2024-10-18,3.22,3.26,3.2,3.24,21900,70956.0,0.0,0.0,0.0,0.0,,62.6,0.0,0.0
2024-10-21,3.22,3.26,3.2,3.23,22600,72998.0,0.0,0.0,0.0,0.0,,62.6,0.0,0.0
2024-10-22,3.23,3.23,3.2,3.23,10300,33269.0,0.0,0.0,0.0,0.0,,62.6,0.0,0.0
2024-10-23,3.2,3.24,3.2,3.24,19500,63180.00000000001,0.0,0.0,0.0,0.0,,62.6,0.0,0.0
2024-10-24,3.21,3.24,3.21,3.23,9000,29070.0,0.0,0.0,0.0,0.0,,62.6,0.0,0.0
2024-10-25,3.22,3.24,3.2,3.23,39400,127262.0,0.0,0.0,0.0,0.0,,62.6,0.0,0.0
2024-10-28,3.2,3.26,3.2,3.26,7000,22820.0,0.0,0.0,0.0,0.0,,62.6,0.0,0.0
2024-10-29,3.22,3.26,3.15,3.24,14300,46332.0,0.0,0.0,0.0,0.0,,62.6,0.0,0.0
2024-10-30,3.2,3.24,3.19,3.22,1800,5796.0,0.0,0.0,0.0,0.0,,62.6,0.0,0.0
2024-10-31,3.2,3.23,3.19,3.2,7800,24960.0,0.0,0.0,0.0,0.0,,62.6,0.0,0.0
2024-11-01,3.2,3.24,3.19,3.22,16600,53452.0,0.0,0.0,0.0,0.0,,62.6,0.0,0.0
2024-11-04,3.22,3.23,3.18,3.22,28800,92736.0,0.0,0.0,0.0,0.0,,62.6,0.0,0.0
2024-11-05,3.24,3.24,3.19,3.22,4000,12880.0,0.0,0.0,0.0,0.0,,62.6,0.0,0.0
2024-11-06,3.23,3.24,3.2,3.23,9900,31977.0,0.0,0.0,0.0,0.0,,62.6,0.0,0.0
2024-11-07,3.23,3.24,3.22,3.23,16200,52326.0,0.0,0.0,0.0,0.0,,62.6,0.0,0.0
2024-11-08,3.23,3.24,3.2,3.23,9100,29393.0,0.0,0.0,0.0,0.0,,62.6,0.0,0.0
2024-11-11,3.23,3.23,3.21,3.23,1300,4199.0,0.0,0.0,0.0,0.0,,62.6,0.0,0.0
2024-11-12,3.2,3.23,3.2,3.22,11500,37030.0,0.0,0.0,0.0,0.0,,62.6,0.0,0.0
2024-11-13,3.19,3.23,3.17,3.21,11300,36273.0,0.0,0.0,0.0,0.0,,62.6,0.0,0.0
2024-11-14,3.26,3.26,3.2,3.22,8700,28014.0,0.0,0.0,0.0,0.0,,62.6,0.0,0.0
2024-11-15,3.22,3.23,3.19,3.23,13500,43605.0,0.0,0.0,0.0,0.0,,62.6,0.0,0.0
2024-11-18,3.24,3.24,3.22,3.23,22000,71060.0,0.0,0.0,0.0,0.0,,62.6,0.0,0.0
2024-11-19,3.24,3.24,3.2,3.2,19000,60800.0,0.0,0.0,0.0,0.0,,62.6,0.0,0.0
2024-11-20,3.23,3.23,3.16,3.22,28100,90482.0,0.0,0.0,0.0,0.0,,62.6,0.0,0.0
2024-11-21,3.23,3.23,3.2,3.22,3800,12236.0,0.0,0.0,0.0,0.0,,62.6,0.0,0.0
2024-11-22,3.22,3.23,3.19,3.22,3500,11270.0,0.0,0.0,0.0,0.0,,62.6,0.0,0.0
2024-11-25,3.22,3.23,3.19,3.22,2800,9016.0,0.0,0.0,0.0,0.0,,62.6,0.0,0.0
2024-11-26,3.23,3.23,3.18,3.21,44100,141561.0,0.0,0.0,0.0,0.0,,62.6,0.0,0.0
2024-11-27,3.2,3.2,3.2,3.2,800,2560.0,0.0,0.0,0.0,0.0,,62.6,0.0,0.0
2024-11-28,3.2,3.22,3.18,3.2,16400,52480.0,0.0,0.0,0.0,0.0,,62.6,0.0,0.0
2024-11-29,3.21,3.21,3.15,3.2,12000,38400.0,0.0,0.0,0.0,0.0,,62.6,0.0,0.0
2024-12-02,3.16,3.22,3.15,3.22,19300,62146.00000000001,0.0,0.0,0.0,0.0,,62.6,0.0,0.0
2024-12-03,3.21,3.23,3.16,3.22,14600,47012.0,0.0,0.0,0.0,0.0,,62.6,0.0,0.0
2024-12-04,3.22,3.23,3.18,3.23,6700,21641.0,0.0,0.0,0.0,0.0,,62.6,0.0,0.0
2024-12-05,3.24,3.24,3.2,3.23,8000,25840.0,0.0,0.0,0.0,0.0,,62.6,0.0,0.0
2024-12-06,3.23,3.24,3.21,3.23,17100,55233.0,0.0,3000.0,0.0,10000.0,,62.6,0.0,0.01
2024-12-09,3.22,3.24,3.22,3.24,4700,15228.000000000002,0.0,0.0,0.0,0.0,,62.6,0.0,0.0
2024-12-10,3.24,3.25,3.21,3.24,12400,40176.0,0.0,0.0,0.0,0.0,,62.6,0.0,0.0
2024-12-11,3.24,3.24,3.21,3.24,13100,42444.0,0.0,0.0,0.0,0.0,,62.6,0.0,0.0
2024-12-12,3.23,3.24,3.21,3.24,2500,8100.000000000001,0.0,0.0,0.0,0.0,,62.6,0.0,0.0
2024-12-13,3.24,3.24,3.22,3.24,2700,8748.0,0.0,0.0,0.0,0.0,,62.6,0.0,0.0
2024-12-16,3.22,3.24,3.22,3.24,4900,15876.000000000002,0.0,0.0,0.0,0.0,,62.6,0.0,0.0
2024-12-17,3.23,3.24,3.2,3.24,900,2916.0,0.0,0.0,0.0,0.0,,62.6,0.0,0.0
2024-12-18,3.2,3.24,3.2,3.24,600,1944.0,0.0,0.0,0.0,0.0,,62.6,0.0,0.0
2024-12-19,3.22,3.24,3.19,3.22,8800,28336.0,0.0,0.0,0.0,0.0,,62.6,0.0,0.0
2024-12-20,3.18,3.23,3.18,3.23,9400,30362.0,0.0,0.0,0.0,0.0,,62.6,0.0,0.0
2024-12-23,3.22,3.24,3.22,3.24,2700,8748.0,0.0,0.0,0.0,0.0,,62.6,0.0,0.0
2024-12-24,3.24,3.24,3.2,3.24,1900,6156.0,0.0,0.0,0.0,0.0,,62.6,0.0,0.0
2024-12-25,3.21,3.25,3.21,3.25,55200,179400.0,0.0,42800.0,0.0,140000.0,,62.6,0.0,0.14
2024-12-26,3.23,3.25,3.22,3.24,5600,18144.0,0.0,0.0,0.0,0.0,,62.6,0.0,0.0
2024-12-27,3.24,3.25,3.2,3.25,7100,23075.0,0.0,0.0,0.0,0.0,,62.6,0.0,0.0
2024-12-30,3.25,3.34,3.25,3.28,18900,61991.99999999999,0.0,0.0,0.0,0.0,,62.6,0.0,0.0
2024-12-31,3.27,3.29,3.24,3.25,1400,4550.0,0.0,0.0,0.0,0.0,,62.6,0.0,0.0
2025-01-02,3.25,3.25,3.21,3.24,6100,19764.0,0.0,0.0,0.0,0.0,,62.6,0.0,0.0
2025-01-03,3.24,3.25,3.2,3.23,3300,10659.0,0.0,0.0,0.0,0.0,,62.6,0.0,0.0
2025-01-06,3.24,3.24,3.2,3.23,18300,59109.0,0.0,0.0,0.0,0.0,,62.6,0.0,0.0
2025-01-07,3.23,3.24,3.2,3.24,26000,84240.0,0.0,0.0,0.0,0.0,,62.6,0.0,0.0
2025-01-08,3.24,3.24,3.24,3.24,0,0.0,0.0,0.0,0.0,0.0,,62.6,0.0,0.0
2025-01-09,3.24,3.25,3.22,3.24,8000,25920.0,0.0,0.0,0.0,0.0,,62.6,0.0,0.0
2025-01-10,3.2,3.25,3.2,3.23,6200,20026.0,0.0,0.0,0.0,0.0,,62.6,0.0,0.0
2025-01-13,3.23,3.24,3.21,3.23,8300,26809.0,0.0,0.0,0.0,0.0,,62.6,0.0,0.0
2025-01-14,3.24,3.24,3.23,3.24,1400,4536.0,0.0,0.0,0.0,0.0,,62.6,0.0,0.0
2025-01-15,3.23,3.24,3.23,3.24,1300,4212.0,0.0,0.0,0.0,0.0,,62.6,0.0,0.0
2025-01-16,3.24,3.24,3.23,3.24,900,2916.0,0.0,0.0,0.0,0.0,,62.6,0.0,0.0
2025-01-17,3.24,3.24,3.21,3.24,9200,29808.000000000004,0.0,0.0,0.0,0.0,,62.6,0.0,0.0
2025-01-20,3.23,3.27,3.22,3.27,9600,31392.0,0.0,0.0,0.0,0.0,,62.6,0.0,0.0
2025-01-21,3.27,3.28,3.26,3.26,19200,62591.99999999999,0.0,0.0,0.0,0.0,,62.6,0.0,0.0
2025-01-22,3.26,3.28,3.22,3.23,4200,13566.0,0.0,0.0,0.0,0.0,,62.6,0.0,0.0
2025-01-23,3.24,3.25,3.23,3.23,15000,48450.0,0.0,0.0,0.0,0.0,,62.6,0.0,0.0
2025-01-24,3.21,3.24,3.19,3.22,16100,51842.0,0.0,0.0,0.0,0.0,,62.6,0.0,0.0
2025-02-03,3.21,3.31,3.21,3.31,66600,220446.0,0.0,0.0,0.0,0.0,,62.6,0.0,0.0
2025-02-04,3.31,3.32,3.3,3.32,17800,59096.0,0.0,0.0,0.0,0.0,,62.6,0.0,0.0
2025-02-05,3.32,3.32,3.3,3.32,6800,22576.0,0.0,0.0,0.0,0.0,,62.6,0.0,0.0
2025-02-06,3.3,3.32,3.28,3.3,8400,27720.0,0.0,0.0,0.0,0.0,,62.6,0.0,0.0
2025-02-07,3.29,3.3,3.27,3.29,46700,153643.0,0.0,0.0,0.0,0.0,,62.6,0.0,0.0
2025-02-10,3.28,3.3,3.28,3.29,6900,22701.0,0.0,0.0,0.0,0.0,,62.6,0.0,0.0
2025-02-11,3.29,3.3,3.25,3.28,34100,111848.0,0.0,0.0,0.0,0.0,,62.6,0.0,0.0
2025-02-12,3.28,3.33,3.27,3.31,38200,126442.0,0.0,0.0,0.0,0.0,,62.6,0.0,0.0
2025-02-13,3.3,3.34,3.3,3.34,42300,141282.0,0.0,0.0,0.0,0.0,,62.6,0.0,0.0
2025-02-14,3.34,3.44,3.3,3.42,109800,375516.0,0.0,0.0,0.0,0.0,,62.6,0.0,0.0
2025-02-17,3.42,3.47,3.42,3.42,65300,223326.0,0.0,0.0,0.0,0.0,,62.6,0.0,0.0
2025-02-18,3.43,3.45,3.39,3.4,39000,132600.0,0.0,0.0,0.0,0.0,,62.6,0.0,0.0
2025-02-19,3.4,3.46,3.39,3.45,85400,294630.0,0.0,0.0,0.0,0.0,,62.6,0.0,0.0
2025-02-20,3.45,3.51,3.43,3.47,31900,110693.0,0.0,0.0,0.0,0.0,,62.6,0.0,0.0
2025-02-21,3.47,3.48,3.4,3.4,89200,303280.0,0.0,0.0,0.0,0.0,,62.6,0.0,0.0
2025-02-24,3.4,3.42,3.37,3.42,12200,41724.0,0.0,0.0,0.0,0.0,,62.6,0.0,0.0
2025-02-25,3.4,3.42,3.4,3.42,32500,111150.0,0.0,0.0,0.0,0.0,,62.6,0.0,0.0
2025-02-26,3.35,3.42,3.35,3.42,7500,25650.0,0.0,0.0,0.0,0.0,,62.6,0.0,0.0
2025-02-27,3.44,3.44,3.38,3.41,3500,11935.0,0.0,0.0,0.0,0.0,,62.6,0.0,0.0
2025-02-28,3.41,3.42,3.37,3.4,15100,51340.0,0.0,0.0,0.0,0.0,,62.6,0.0,0.0
2025-03-03,3.4,3.4,3.35,3.39,6100,20679.0,0.0,0.0,0.0,0.0,,62.6,0.0,0.0
2025-03-04,3.27,3.4,3.27,3.35,46700,156445.0,200000.0,0.0,630000.0,0.0,,62.6,0.63,0.0
2025-03-05,3.35,3.35,3.34,3.35,1500,5025.0,0.0,0.0,0.0,0.0,,62.6,0.0,0.0
2025-03-06,3.26,3.38,3.26,3.32,13100,43492.0,0.0,0.0,0.0,0.0,,62.6,0.0,0.0
2025-03-07,3.32,3.34,3.27,3.32,15100,50132.0,0.0,0.0,0.0,0.0,,62.6,0.0,0.0
2025-03-10,3.25,3.32,3.25,3.32,14400,47808.0,0.0,0.0,0.0,0.0,,62.6,0.0,0.0
2025-03-11,3.31,3.33,3.27,3.32,79800,264936.0,0.0,0.0,0.0,0.0,,62.6,0.0,0.0
2025-03-12,3.28,3.32,3.28,3.32,24900,82668.0,0.0,0.0,0.0,0.0,,62.6,0.0,0.0
2025-03-13,3.33,3.33,3.3,3.32,14300,47476.0,0.0,0.0,0.0,0.0,,62.6,0.0,0.0
2025-03-14,3.26,3.33,3.25,3.32,54200,179944.0,0.0,0.0,0.0,0.0,,62.6,0.0,0.0
2025-03-17,3.26,3.32,3.26,3.32,16800,55776.0,0.0,0.0,0.0,0.0,,62.6,0.0,0.0
2025-03-18,3.32,3.33,3.3,3.3,34100,112530.0,0.0,0.0,0.0,0.0,,62.6,0.0,0.0
2025-03-19,3.31,3.33,3.3,3.33,35000,116550.0,0.0,0.0,0.0,0.0,,62.6,0.0,0.0
2025-03-20,3.33,3.33,3.3,3.3,7200,23760.0,0.0,0.0,0.0,0.0,,62.6,0.0,0.0
2025-03-21,3.31,3.32,3.3,3.32,31400,104248.0,0.0,0.0,0.0,0.0,,62.6,0.0,0.0
2025-03-24,3.33,3.33,3.3,3.32,2700,8964.0,0.0,0.0,0.0,0.0,,62.6,0.0,0.0
2025-03-25,3.33,3.33,3.29,3.32,29800,98936.0,0.0,0.0,0.0,0.0,,62.6,0.0,0.0
2025-03-26,3.28,3.33,3.28,3.33,43200,143856.0,0.0,0.0,0.0,0.0,,62.6,0.0,0.0
2025-03-27,3.3,3.33,3.3,3.33,1900,6327.0,0.0,0.0,0.0,0.0,,62.6,0.0,0.0
2025-03-28,3.27,3.32,3.27,3.3,4300,14190.0,0.0,0.0,0.0,0.0,,62.6,0.0,0.0
2025-03-31,3.32,3.32,3.27,3.32,11900,39508.0,0.0,0.0,0.0,0.0,,62.6,0.0,0.0
2025-04-01,3.3,3.32,3.29,3.32,18100,60092.0,0.0,0.0,0.0,0.0,,62.6,0.0,0.0
2025-04-02,3.3,3.34,3.3,3.34,7800,26052.0,0.0,0.0,0.0,0.0,,62.6,0.0,0.0
2025-04-03,3.31,3.31,3.17,3.24,40200,130248.0,0.0,0.0,0.0,0.0,,62.6,0.0,0.0
2025-04-04,3.2,3.23,3.02,3.15,50700,159705.0,0.0,0.0,0.0,0.0,,62.6,0.0,0.0
2025-04-08,3.01,3.09,2.93,2.99,30300,90597.0,0.0,0.0,0.0,0.0,,62.6,0.0,0.0
2025-04-09,3.09,3.09,2.81,2.83,20100,56883.0,0.0,0.0,0.0,0.0,,62.6,0.0,0.0
2025-04-10,3.02,3.02,3.02,3.02,9200,27784.0,0.0,0.0,0.0,0.0,,62.6,0.0,0.0
2025-04-11,3.21,3.22,3.02,3.16,4200,13272.0,0.0,0.0,0.0,0.0,,62.6,0.0,0.0
2025-04-14,3.12,3.15,3.01,3.08,10200,31416.0,0.0,0.0,0.0,0.0,,62.6,0.0,0.0
2025-04-15,3.09,3.09,3.07,3.08,2700,8316.0,0.0,0.0,0.0,0.0,,62.6,0.0,0.0
2025-04-16,2.91,3.2,2.91,3.13,1800,5634.0,0.0,0.0,0.0,0.0,,62.6,0.0,0.0
2025-04-17,3.2,3.2,2.94,3.15,700,2205.0,0.0,0.0,0.0,0.0,,62.6,0.0,0.0
2025-04-18,2.98,3.14,2.94,2.95,60600,178770.0,0.0,0.0,0.0,0.0,,62.6,0.0,0.0
2025-04-21,3.07,3.07,2.91,3.04,14900,45296.0,0.0,0.0,0.0,0.0,,62.6,0.0,0.0
2025-04-22,2.95,3.04,2.92,3.01,15500,46655.0,0.0,0.0,0.0,0.0,,62.6,0.0,0.0
2025-04-23,2.93,3.0,2.93,2.97,8400,24948.0,0.0,0.0,0.0,0.0,,62.6,0.0,0.0
2025-04-24,2.97,3.04,2.96,2.99,12400,37076.0,0.0,0.0,0.0,0.0,,62.6,0.0,0.0
2025-04-25,2.99,3.0,2.82,3.0,24400,73200.0,0.0,0.0,0.0,0.0,,62.6,0.0,0.0
2025-04-28,2.95,3.03,2.95,3.0,13700,41100.0,0.0,300.0,0.0,0.0,,62.6,0.0,0.0
2025-04-29,2.93,3.01,2.92,3.01,14000,42140.0,0.0,0.0,0.0,0.0,,62.6,0.0,0.0
2025-05-05,3.1,3.1,2.92,2.99,14700,43953.0,0.0,0.0,0.0,0.0,,62.6,0.0,0.0
2025-05-06,2.99,3.04,2.97,3.0,16000,48000.0,0.0,0.0,0.0,0.0,,62.6,0.0,0.0
2025-05-07,2.99,3.03,2.99,3.03,12300,37269.0,0.0,0.0,0.0,0.0,,62.6,0.0,0.0
2025-05-08,3.03,3.08,2.95,3.07,29300,89951.0,0.0,0.0,0.0,0.0,,62.6,0.0,0.0
2025-05-09,3.07,3.07,2.96,3.04,12800,38912.0,0.0,0.0,0.0,0.0,,62.6,0.0,0.0
2025-05-12,3.04,3.06,3.0,3.06,900,2754.0,0.0,0.0,0.0,0.0,,62.6,0.0,0.0
2025-05-13,3.06,3.09,3.04,3.08,29700,91476.0,0.0,0.0,0.0,0.0,,62.6,0.0,0.0
2025-05-14,3.07,3.1,3.0,3.09,47500,146775.0,0.0,0.0,0.0,0.0,,62.6,0.0,0.0
2025-05-15,3.08,3.11,3.02,3.1,48700,150970.0,0.0,0.0,0.0,0.0,,62.6,0.0,0.0
2025-05-16,3.06,3.11,3.06,3.1,14700,45570.0,0.0,0.0,0.0,0.0,,62.6,0.0,0.0
2025-05-19,3.1,3.1,3.03,3.09,8500,26265.0,0.0,0.0,0.0,0.0,,62.6,0.0,0.0
2025-05-20,3.07,3.15,3.06,3.1,10800,33480.0,0.0,0.0,0.0,0.0,,62.6,0.0,0.0
2025-05-21,3.15,3.15,3.06,3.09,17300,53457.0,0.0,0.0,0.0,0.0,,62.6,0.0,0.0
2025-05-22,3.05,3.14,3.05,3.1,11400,35340.0,0.0,0.0,0.0,0.0,,62.6,0.0,0.0
2025-05-23,3.03,3.1,3.02,3.08,5200,16016.0,0.0,0.0,0.0,0.0,,62.6,0.0,0.0
2025-05-26,3.09,3.09,3.02,3.09,23300,71997.0,0.0,0.0,0.0,0.0,,62.6,0.0,0.0
2025-05-27,3.27,3.27,3.09,3.16,23000,72680.0,0.0,0.0,0.0,0.0,,62.6,0.0,0.0
2025-05-28,3.19,3.19,3.08,3.14,131700,413538.0,0.0,0.0,0.0,0.0,,62.6,0.0,0.0
2025-05-29,3.18,3.2,3.1,3.13,15000,46950.0,0.0,0.0,0.0,0.0,,62.6,0.0,0.0
2025-05-30,3.1,3.14,3.08,3.11,13900,43229.0,0.0,0.0,0.0,0.0,,62.6,0.0,0.0
2025-06-02,3.1,3.12,3.1,3.11,9700,30167.0,0.0,0.0,0.0,0.0,,62.6,0.0,0.0
2025-06-03,3.11,3.12,3.08,3.12,62500,195000.0,0.0,0.0,0.0,0.0,,62.6,0.0,0.0
2025-06-04,3.12,3.13,3.07,3.1,32900,101990.0,100.0,0.0,0.0,0.0,,62.6,0.0,0.0
2025-06-05,3.1,3.1,3.07,3.1,6800,21080.0,0.0,0.0,0.0,0.0,,62.6,0.0,0.0
2025-06-06,3.11,3.11,3.0,3.07,41800,128326.0,0.0,0.0,0.0,0.0,,62.6,0.0,0.0
2025-06-09,2.97,3.08,2.97,3.07,38200,117274.0,0.0,0.0,0.0,0.0,,62.6,0.0,0.0
2025-06-10,3.09,3.09,3.01,3.07,18300,56181.0,0.0,0.0,0.0,0.0,,62.6,0.0,0.0
2025-06-11,3.05,3.06,3.02,3.05,23800,72590.0,0.0,0.0,0.0,0.0,,62.6,0.0,0.0
2025-06-12,3.13,3.13,3.04,3.04,11400,34656.0,0.0,0.0,0.0,0.0,,62.6,0.0,0.0
2025-06-13,3.02,3.08,2.99,3.03,126000,381780.0,0.0,0.0,0.0,0.0,,62.6,0.0,0.0
2025-06-16,3.07,3.07,3.02,3.03,54500,165135.0,0.0,0.0,0.0,0.0,,62.6,0.0,0.0
2025-06-17,3.03,3.03,3.02,3.03,26200,79386.0,0.0,0.0,0.0,0.0,,62.6,0.0,0.0
2025-06-18,3.04,3.05,3.02,3.04,79500,241680.0,0.0,0.0,0.0,0.0,,62.6,0.0,0.0
2025-06-19,3.02,3.04,2.9,3.04,44300,134672.0,0.0,0.0,0.0,0.0,,62.6,0.0,0.0
2025-06-20,3.04,3.16,3.0,3.03,23800,72114.0,0.0,0.0,0.0,0.0,,62.6,0.0,0.0
2025-06-23,3.03,3.16,3.03,3.03,30600,92718.0,0.0,0.0,0.0,0.0,,62.6,0.0,0.0
2025-06-24,3.1,3.1,3.03,3.05,8200,25010.0,0.0,0.0,0.0,0.0,,62.6,0.0,0.0
2025-06-25,3.05,3.05,3.03,3.05,3300,10065.0,0.0,0.0,0.0,0.0,,62.6,0.0,0.0
2025-06-26,3.08,3.08,3.03,3.05,2642,8058.099999999999,0.0,0.0,0.0,0.0,,62.6,0.0,0.0
2025-06-27,3.04,3.07,3.02,3.04,45000,136800.0,0.0,0.0,0.0,0.0,,62.6,0.0,0.0
2025-06-30,3.03,3.05,3.0,3.04,8900,27056.0,0.0,0.0,0.0,0.0,,62.6,0.0,0.0
2025-07-01,3.05,3.05,3.0,3.02,22500,67950.0,100.0,0.0,0.0,0.0,,62.6,0.0,0.0
2025-07-02,3.03,3.06,3.02,3.04,31100,94544.0,0.0,0.0,0.0,0.0,,62.6,0.0,0.0
2025-07-03,3.0,3.07,3.0,3.05,71900,219295.0,0.0,0.0,0.0,0.0,,62.6,0.0,0.0
2025-07-04,3.07,3.09,3.05,3.05,8700,26535.0,0.0,0.0,0.0,0.0,,62.6,0.0,0.0
2025-07-07,3.05,3.1,3.05,3.05,15400,46970.0,0.0,0.0,0.0,0.0,,62.6,0.0,0.0
2025-07-08,3.08,3.09,3.05,3.05,66100,201605.0,0.0,0.0,0.0,0.0,,62.6,0.0,0.0
2025-07-09,3.05,3.16,3.05,3.12,71400,222768.0,0.0,0.0,0.0,0.0,,62.6,0.0,0.0
2025-07-10,3.12,3.16,3.12,3.13,89500,280135.0,0.0,0.0,0.0,0.0,,62.6,0.0,0.0
2025-07-11,3.14,3.17,3.1,3.13,29500,92335.0,0.0,0.0,0.0,0.0,,62.6,0.0,0.0
2025-07-14,3.13,3.14,3.1,3.14,20400,64056.0,0.0,0.0,0.0,0.0,,62.6,0.0,0.0
2025-07-15,3.14,3.15,3.12,3.14,61100,191854.0,0.0,0.0,0.0,0.0,,62.6,0.0,0.0
2025-07-16,3.13,3.16,3.1,3.15,41100,129465.0,0.0,0.0,0.0,0.0,,62.6,0.0,0.0
2025-07-17,3.15,3.17,3.12,3.15,31500,99225.0,0.0,0.0,0.0,0.0,,62.6,0.0,0.0
2025-07-18,3.15,3.15,3.14,3.14,43200,135648.0,0.0,0.0,0.0,0.0,,62.6,0.0,0.0
2025-07-21,3.14,3.25,3.14,3.19,73400,234146.0,0.0,0.0,0.0,0.0,,62.6,0.0,0.0
2025-07-22,3.19,3.2,3.14,3.16,79400,250904.0,0.0,0.0,0.0,0.0,,62.6,0.0,0.0
2025-07-23,3.15,3.21,3.11,3.16,64800,204768.0,0.0,0.0,0.0,0.0,,62.6,0.0,0.0
2025-07-24,3.16,3.17,3.14,3.16,44700,141252.0,0.0,0.0,0.0,0.0,,62.6,0.0,0.0
2025-07-25,3.16,3.17,3.15,3.15,39800,125370.0,0.0,0.0,0.0,0.0,,62.6,0.0,0.0
2025-07-28,3.16,3.19,3.14,3.18,62800,199704.0,0.0,0.0,0.0,0.0,,62.6,0.0,0.0
2025-07-29,3.18,3.19,3.13,3.15,223500,704025.0,600.0,0.0,0.0,0.0,,62.6,0.0,0.0
2025-07-30,3.15,3.15,3.11,3.15,130100,409815.0,0.0,0.0,0.0,0.0,,62.6,0.0,0.0
2025-07-31,3.15,3.18,3.1,3.17,16200,51354.0,0.0,0.0,0.0,0.0,,62.6,0.0,0.0
2025-08-01,3.17,3.19,3.16,3.16,20900,66044.0,0.0,0.0,0.0,0.0,,62.6,0.0,0.0
2025-08-04,3.16,3.19,3.15,3.17,95300,302101.0,0.0,0.0,0.0,0.0,,62.6,0.0,0.0
2025-08-05,3.17,3.18,3.15,3.17,97000,307490.0,0.0,0.0,0.0,0.0,,62.6,0.0,0.0
2025-08-06,3.17,3.18,3.15,3.16,67600,213616.0,0.0,0.0,0.0,0.0,,62.6,0.0,0.0
2025-08-07,3.17,3.18,3.14,3.18,40500,128790.0,0.0,600.0,0.0,0.0,,62.6,0.0,0.0
2025-08-08,3.16,3.18,3.15,3.17,39900,126483.0,0.0,0.0,0.0,0.0,,62.6,0.0,0.0
2025-08-11,3.17,3.27,3.17,3.21,58800,188748.0,0.0,800.0,0.0,0.0,,62.6,0.0,0.0
2025-08-12,3.21,3.21,3.18,3.21,46400,148944.0,0.0,0.0,0.0,0.0,,62.6,0.0,0.0
2025-08-13,3.2,3.2,3.17,3.18,35400,112572.0,0.0,0.0,0.0,0.0,,62.6,0.0,0.0
2025-08-14,3.19,3.19,3.17,3.18,37000,117660.0,0.0,0.0,0.0,0.0,,62.6,0.0,0.0
2025-08-15,3.19,3.19,3.17,3.18,5100,16218.0,0.0,0.0,0.0,0.0,,62.6,0.0,0.0
2025-08-18,3.18,3.2,3.18,3.18,19800,62964.0,0.0,0.0,0.0,0.0,,62.6,0.0,0.0
2025-08-19,3.18,3.25,3.16,3.19,89400,285186.0,0.0,0.0,0.0,0.0,,62.6,0.0,0.0
2025-08-20,3.2,3.2,3.15,3.18,51900,165042.0,0.0,0.0,0.0,0.0,,62.6,0.0,0.0
2025-08-21,3.19,3.2,3.17,3.19,36000,114840.0,0.0,0.0,0.0,0.0,,62.6,0.0,0.0
2025-08-22,3.12,3.19,3.1,3.14,63300,198762.0,0.0,0.0,0.0,0.0,,62.6,0.0,0.0
2025-08-25,3.15,3.15,3.1,3.13,20500,64165.0,0.0,0.0,0.0,0.0,,62.6,0.0,0.0
2025-08-26,3.13,3.14,3.11,3.11,13900,43229.0,0.0,0.0,0.0,0.0,,62.6,0.0,0.0
2025-08-27,3.11,3.13,3.09,3.12,48100,150072.0,0.0,0.0,0.0,0.0,,62.6,0.0,0.0
2025-08-28,3.12,3.12,2.91,3.09,103400,319506.0,0.0,0.0,0.0,0.0,,62.6,0.0,0.0
2025-08-29,3.12,3.13,3.06,3.1,36600,113460.0,0.0,0.0,0.0,0.0,,62.6,0.0,0.0
2025-09-03,3.09,3.1,3.07,3.1,19700,61070.0,0.0,0.0,0.0,0.0,,62.6,0.0,0.0
2025-09-04,3.09,3.12,3.08,3.1,161400,500340.0,0.0,0.0,0.0,0.0,,62.6,0.0,0.0
2025-09-05,3.1,3.12,3.09,3.1,38500,119350.0,0.0,0.0,0.0,0.0,,62.6,0.0,0.0
2025-09-08,3.09,3.11,3.06,3.1,34000,105400.0,0.0,0.0,0.0,0.0,,62.6,0.0,0.0
2025-09-09,3.09,3.09,3.04,3.08,22800,70224.0,0.0,0.0,0.0,0.0,,62.6,0.0,0.0
2025-09-10,3.01,3.08,3.01,3.07,31700,97319.0,0.0,0.0,0.0,0.0,,62.6,0.0,0.0
2025-09-11,3.04,3.08,2.93,3.08,8200,25256.0,0.0,0.0,0.0,0.0,,62.6,0.0,0.0
2025-09-12,3.08,3.08,3.06,3.07,3500,10745.0,0.0,0.0,0.0,0.0,,62.6,0.0,0.0
2025-09-15,3.06,3.08,3.03,3.06,54300,166158.0,0.0,2200.0,0.0,10000.0,,62.6,0.0,0.01
2025-09-16,3.06,3.06,3.02,3.05,24800,75640.0,0.0,0.0,0.0,0.0,,62.6,0.0,0.0
2025-09-17,3.05,3.11,3.03,3.07,29600,90872.0,0.0,0.0,0.0,0.0,,62.6,0.0,0.0
2025-09-18,3.04,3.08,3.04,3.07,2500,7675.0,0.0,0.0,0.0,0.0,,62.6,0.0,0.0
2025-09-19,3.06,3.06,3.03,3.05,2800,8540.0,0.0,0.0,0.0,0.0,,62.6,0.0,0.0
2025-09-22,3.08,3.08,3.03,3.05,7900,24095.0,0.0,0.0,0.0,0.0,,62.6,0.0,0.0
2025-09-23,3.05,3.18,3.05,3.06,19700,60282.0,0.0,0.0,0.0,0.0,,62.6,0.0,0.0
2025-09-24,3.07,3.07,3.06,3.07,1500,4605.0,0.0,0.0,0.0,0.0,,62.6,0.0,0.0
2025-09-25,3.05,3.07,3.05,3.06,19600,59976.0,0.0,0.0,0.0,0.0,,62.6,0.0,0.0
2025-09-26,3.06,3.06,3.03,3.04,25600,77824.0,0.0,0.0,0.0,0.0,,62.6,0.0,0.0
2025-09-29,3.04,3.06,3.04,3.06,21300,65178.0,0.0,0.0,0.0,0.0,,62.6,0.0,0.0
2025-09-30,3.06,3.06,3.04,3.06,3000,9180.0,0.0,0.0,0.0,0.0,,62.6,0.0,0.0
2025-10-01,3.06,3.07,3.02,3.05,57700,175985.0,0.0,0.0,0.0,0.0,,62.6,0.0,0.0
2025-10-02,3.06,3.06,3.04,3.06,14600,44676.0,0.0,0.0,0.0,0.0,,62.6,0.0,0.0
2025-10-03,3.05,3.07,3.04,3.06,3800,11628.0,0.0,0.0,0.0,0.0,,62.6,0.0,0.0
2025-10-06,3.05,3.06,3.04,3.06,51600,157896.0,0.0,0.0,0.0,0.0,,62.6,0.0,0.0
2025-10-07,3.05,3.06,3.04,3.06,19300,59058.0,0.0,0.0,0.0,0.0,,62.6,0.0,0.0
2025-10-08,3.05,3.06,3.02,3.06,4400,13464.0,0.0,0.0,0.0,0.0,,62.6,0.0,0.0
2025-10-09,3.05,3.05,3.01,3.05,15100,46055.0,0.0,0.0,0.0,0.0,2125936.6,62.6,0.0,0.0
2025-10-10,3.04,3.06,3.02,3.05,9600,29280.0,0.0,0.0,0.0,0.0,2125936.6,62.6,0.0,0.0
2025-10-13,3.05,3.05,3.01,3.05,29400,89670.0,0.0,0.0,0.0,0.0,2125936.6,62.6,0.0,0.0
2025-10-14,3.05,3.05,3.0,3.05,73800,225090.0,0.0,0.0,0.0,0.0,2125936.6,62.6,0.0,0.0
2025-10-15,3.03,3.05,3.0,3.04,4900,14896.0,0.0,0.0,0.0,0.0,2125936.6,62.6,0.0,0.0
2025-10-16,3.02,3.06,2.95,3.05,8000,24400.0,0.0,0.0,0.0,0.0,2125936.6,62.6,0.0,0.0
2025-10-17,3.05,3.05,3.03,3.05,5900,17995.0,0.0,0.0,0.0,0.0,2125936.6,62.6,0.0,0.0
2025-10-20,3.03,3.03,3.0,3.0,6500,19500.0,0.0,0.0,0.0,0.0,2125936.6,62.6,0.0,0.0
2025-10-21,3.02,3.02,2.94,2.96,25400,75184.0,0.0,0.0,0.0,0.0,2125936.6,62.6,0.0,0.0
2025-10-22,3.03,3.03,2.94,3.0,2600,7800.0,0.0,0.0,0.0,0.0,2125936.6,62.6,0.0,0.0
2025-10-23,3.02,3.02,2.97,3.0,6100,18300.0,0.0,0.0,0.0,0.0,2125936.6,62.6,0.0,0.0
2025-10-24,3.0,3.0,3.0,3.0,200,600.0,0.0,0.0,0.0,0.0,2125936.6,62.6,0.0,0.0
2025-10-27,3.0,3.04,3.0,3.01,1400,4214.0,0.0,0.0,0.0,0.0,2125936.6,62.6,0.0,0.0
2025-10-28,2.99,3.01,2.99,3.01,3400,10234.0,0.0,0.0,0.0,0.0,2125936.6,62.6,0.0,0.0
2025-10-29,3.0,3.01,2.99,3.0,6700,20100.0,0.0,0.0,0.0,0.0,2125936.6,62.6,0.0,0.0
2025-10-30,3.01,3.01,2.79,2.99,21500,64285.00000000001,0.0,0.0,0.0,0.0,2125936.6,62.6,0.0,0.0
2025-10-31,3.0,3.0,2.97,3.0,3900,11700.0,0.0,0.0,0.0,0.0,2125936.6,62.6,0.0,0.0
2025-11-03,3.0,3.0,2.91,2.99,10100,30199.000000000004,0.0,0.0,0.0,0.0,2125936.6,62.6,0.0,0.0
2025-11-04,2.99,3.0,2.92,2.98,6500,19370.0,0.0,0.0,0.0,0.0,2125936.6,62.6,0.0,0.0
2025-11-05,2.98,3.0,2.97,2.99,5700,17043.0,0.0,0.0,0.0,0.0,2125936.6,62.6,0.0,0.0
2025-11-06,2.97,3.0,2.96,3.0,5000,15000.0,0.0,0.0,0.0,0.0,2125936.6,62.6,0.0,0.0
2025-11-07,2.99,2.99,2.99,2.99,100,299.0,0.0,0.0,0.0,0.0,2125936.6,62.6,0.0,0.0
2025-11-10,2.99,2.99,2.94,2.97,4200,12474.0,0.0,0.0,0.0,0.0,2125936.6,62.6,0.0,0.0
2025-11-11,,0.0,0.0,0.0,0,0.0,0.0,0.0,0.0,0.0,0.0,62.6,0.0,0.0
2025-11-12,3.0,3.05,2.97,3.05,22200,67710.0,0.0,0.0,0.0,0.0,2125936.6,62.6,0.0,0.0
2025-11-14,2.99,3.03,2.99,3.03,300,909.0,0.0,0.0,0.0,0.0,2125936.6,62.6,0.0,0.0
2025-11-17,3.0,3.04,2.96,3.0,2300,6900.0,0.0,0.0,0.0,0.0,2125936.6,62.6,0.0,0.0
2025-11-18,2.99,3.01,2.97,3.0,16300,48900.0,0.0,0.0,0.0,0.0,2125936.6,62.6,0.0,0.0
2025-11-19,2.99,3.0,2.96,3.0,26300,78900.0,0.0,0.0,0.0,0.0,2125936.6,62.6,0.0,0.0
2025-11-20,2.95,3.0,2.93,2.99,17600,52624.00000000001,0.0,0.0,0.0,0.0,2125936.6,62.6,0.0,0.0
2025-11-25,2.96,2.98,2.95,2.95,11600,34220.0,0.0,0.0,0.0,0.0,2125936.6,62.6,0.0,0.0
2025-11-26,2.95,2.97,2.93,2.96,4100,12136.0,0.0,40.0,0.0,1180.0,2125936.6,62.6,0.0,0.0
2025-11-27,2.94,2.98,2.94,2.97,9900,29403.000000000004,0.0,0.0,0.0,0.0,2125936.6,62.6,0.0,0.0
2025-11-28,2.97,2.97,2.96,2.96,5200,15392.0,0.0,0.0,0.0,0.0,2125936.6,62.6,0.0,0.0
2025-12-01,2.96,2.97,2.95,2.97,9100,27027.0,0.0,0.0,0.0,0.0,2125976.6,62.6,0.0,0.0
2025-12-02,2.94,2.97,2.94,2.97,46600,138402.0,0.0,0.0,0.0,0.0,2125976.6,62.6,0.0,0.0
2025-12-03,2.95,2.97,2.94,2.97,10200,30294.000000000004,0.0,0.0,0.0,0.0,2125976.6,62.6,0.0,0.0
2025-12-04,2.97,2.98,2.96,2.97,25900,76923.0,0.0,0.0,0.0,0.0,2125976.6,62.6,0.0,0.0
2025-12-05,2.93,2.97,2.93,2.97,3800,11286.0,0.0,0.0,0.0,0.0,2125976.6,62.6,0.0,0.0
2025-12-08,2.97,3.0,2.95,3.0,10100,30300.0,0.0,0.0,0.0,0.0,2125976.6,62.6,0.0,0.0
2025-12-10,3.0,3.02,2.98,2.98,23000,68540.0,0.0,0.0,0.0,0.0,2125976.6,62.6,0.0,0.0
2025-12-11,2.99,3.0,2.99,2.99,2100,6279.0,0.0,0.0,0.0,0.0,2125976.6,62.6,0.0,0.0
2025-12-12,3.0,3.0,2.96,2.99,4300,12857.000000000002,0.0,0.0,0.0,0.0,2125976.6,62.6,0.0,0.0
2025-12-15,2.98,3.0,2.94,2.95,22600,66670.0,0.0,0.0,0.0,0.0,2125976.6,62.6,0.0,0.0
2025-12-23,2.92,2.97,2.91,2.97,7700,22869.0,0.0,0.0,0.0,0.0,2125946.6,62.6,0.0,0.0
2025-12-24,2.95,2.97,2.91,2.97,2300,6831.0,0.0,0.0,0.0,0.0,2125946.6,62.6,0.0,0.0
2025-12-25,2.96,2.97,2.96,2.97,200,594.0,0.0,0.0,0.0,0.0,2126446.6,62.6,0.0,0.0
2025-12-26,2.85,2.97,2.85,2.97,4000,11880.0,0.0,0.0,0.0,0.0,2126446.6,62.6,0.0,0.0
2025-12-29,2.97,2.97,2.92,2.97,1200,3564.0000000000005,0.0,0.0,0.0,0.0,2126446.6,62.6,0.0,0.0
2025-12-30,2.96,2.97,2.91,2.97,2800,8316.0,0.0,0.0,0.0,0.0,2126446.6,62.6,0.0,0.0
2025-12-31,2.96,2.96,2.96,2.96,600,1776.0,0.0,0.0,0.0,0.0,2126446.6,62.6,0.0,0.0
2026-01-05,2.96,2.97,2.91,2.94,4300,12642.0,0.0,0.0,0.0,0.0,2126446.6,62.6,0.0,0.0
2026-01-06,2.94,2.95,2.91,2.95,17400,51330.0,0.0,0.0,0.0,0.0,2126446.6,62.6,0.0,0.0
2026-01-07,2.95,2.97,2.92,2.97,27200,80784.0,0.0,0.0,0.0,0.0,2126446.6,62.6,0.0,0.0
2026-01-08,2.93,2.97,2.91,2.97,2400,7128.000000000001,0.0,10.0,0.0,296.0,2126446.6,62.6,0.0,0.0
2026-01-09,2.95,2.97,2.93,2.97,1600,4752.0,0.0,0.0,0.0,0.0,2126446.6,62.6,0.0,0.0
2026-01-12,2.97,2.97,2.94,2.97,10600,31482.000000000004,0.0,0.0,0.0,0.0,2126446.6,62.6,0.0,0.0
2026-01-13,2.96,2.97,2.96,2.97,3500,10395.0,0.0,0.0,0.0,0.0,2126456.6,62.6,0.0,0.0
2026-01-14,2.97,2.97,2.92,2.97,3600,10692.0,0.0,0.0,0.0,0.0,2126456.6,62.6,0.0,0.0
2026-01-15,2.95,2.97,2.95,2.97,2100,6237.0,0.0,0.0,0.0,0.0,2126456.6,62.6,0.0,0.0
2026-01-16,2.91,2.96,2.91,2.95,2500,7375.0,0.0,0.0,0.0,0.0,2126456.6,62.6,0.0,0.0
2026-01-19,2.93,2.95,2.93,2.94,4800,14112.0,0.0,0.0,0.0,0.0,2126456.6,62.6,0.0,0.0
2026-01-20,2.95,2.95,2.92,2.92,3600,10512.0,0.0,0.0,0.0,0.0,2126456.6,62.6,0.0,0.0
2026-01-21,2.94,2.94,2.91,2.93,1200,3516.0,0.0,0.0,0.0,0.0,2126456.6,62.6,0.0,0.0
2026-01-22,2.92,2.94,2.9,2.93,4500,13185.0,0.0,0.0,0.0,0.0,2126456.6,62.6,0.0,0.0
2026-01-23,2.94,2.94,2.91,2.91,8600,25026.0,0.0,0.0,0.0,0.0,2126456.6,62.6,0.0,0.0
2026-01-26,2.93,2.93,2.89,2.92,7800,22776.0,0.0,0.0,0.0,0.0,2126456.6,62.6,0.0,0.0
2026-01-27,2.92,2.94,2.88,2.92,4300,12556.0,0.0,0.0,0.0,0.0,2126456.6,62.6,0.0,0.0
2026-01-28,2.92,2.93,2.92,2.92,1400,4088.0,0.0,0.0,0.0,0.0,2126456.6,62.6,0.0,0.0
2026-01-29,2.92,2.93,2.9,2.93,4900,14357.0,0.0,0.0,0.0,0.0,2126456.6,62.6,0.0,0.0
2026-01-30,2.93,2.93,2.88,2.9,1500,4350.0,0.0,0.0,0.0,0.0,2126456.6,62.6,0.0,0.0
2026-02-02,2.88,2.9,2.88,2.89,9800,28322.0,0.0,0.0,0.0,0.0,2126456.6,62.6,0.0,0.0
2026-02-03,2.91,2.91,2.86,2.88,10900,31392.0,0.0,0.0,0.0,0.0,2126456.6,62.6,0.0,0.0
2026-02-04,2.89,2.93,2.89,2.89,127700,369053.0,0.0,700.0,0.0,20300.0,2126456.6,62.6,0.0,0.02
2026-02-05,2.92,2.93,2.89,2.9,118600,343940.0,0.0,0.0,0.0,0.0,2126456.6,62.6,0.0,0.0
2026-02-06,2.9,2.91,2.85,2.85,9900,28215.0,0.0,0.0,0.0,0.0,2126456.6,62.6,0.0,0.0
2026-02-09,2.92,2.92,2.8,2.9,16300,47270.0,0.0,0.0,0.0,0.0,2127156.6,62.6,0.0,0.0
2026-02-10,2.85,2.88,2.83,2.88,3700,10656.0,0.0,0.0,0.0,0.0,2127156.6,62.6,0.0,0.0
2026-02-11,2.88,2.89,2.83,2.87,8900,25543.0,0.0,0.0,0.0,0.0,2127156.6,62.6,0.0,0.0
2026-02-12,2.85,2.86,2.67,2.83,43100,121973.0,0.0,0.0,0.0,0.0,2127156.6,62.6,0.0,0.0
2026-02-13,2.84,2.86,2.72,2.8,19600,54880.0,0.0,0.0,0.0,0.0,2127156.6,62.6,0.0,0.0
2026-02-23,2.8,2.84,2.8,2.82,9400,26508.0,20.0,0.0,564.0,0.0,2127136.6,62.6,0.0,0.0
2026-02-24,2.82,2.83,2.8,2.83,13700,38771.0,0.0,0.0,0.0,0.0,2127136.6,62.6,0.0,0.0
2026-02-25,2.83,2.85,2.83,2.85,12400,35340.0,0.0,0.0,0.0,0.0,2127136.6,62.6,0.0,0.0
2026-02-26,2.85,2.86,2.84,2.85,4700,13395.0,0.0,0.0,0.0,0.0,2127136.6,62.6,0.0,0.0
2026-02-27,2.84,2.85,2.84,2.85,10400,29640.0,0.0,0.0,0.0,0.0,2127136.6,62.6,0.0,0.0
2026-03-02,2.83,2.85,2.82,2.85,6000,17100.0,0.0,0.0,0.0,0.0,2127136.6,62.6,0.0,0.0
2026-03-03,2.84,2.86,2.82,2.85,12900,36765.0,0.0,0.0,0.0,0.0,2127136.6,62.6,0.0,0.0
2026-03-04,2.85,2.85,2.83,2.84,10800,30672.0,0.0,0.0,0.0,0.0,2127136.6,62.6,0.0,0.0
2026-03-05,2.84,2.85,2.8,2.83,5300,14999.0,0.0,0.0,0.0,0.0,2127136.6,62.6,0.0,0.0
2026-03-06,2.83,2.83,2.74,2.8,8600,24080.0,0.0,0.0,0.0,0.0,2127136.6,62.6,0.0,0.0
2026-03-09,2.75,2.79,2.68,2.72,8300,22576.0,0.0,0.0,0.0,0.0,2127136.6,62.6,0.0,0.0
2026-03-10,2.71,2.78,2.69,2.72,21500,58480.00000000001,0.0,0.0,0.0,0.0,2127136.6,62.6,0.0,0.0
2026-03-11,2.72,2.74,2.69,2.73,11300,30849.0,0.0,0.0,0.0,0.0,2127136.6,62.6,0.0,0.0
2026-03-12,2.74,2.74,2.69,2.73,22400,61152.0,0.0,0.0,0.0,0.0,2127136.6,62.6,0.0,0.0
2026-03-13,2.71,2.73,2.71,2.73,2100,5733.0,0.0,0.0,0.0,0.0,2127136.6,62.6,0.0,0.0
2026-03-16,2.72,2.73,2.71,2.73,5200,14196.0,0.0,0.0,0.0,0.0,2127136.6,62.6,0.0,0.0
2026-03-17,2.73,2.75,2.73,2.74,14800,40552.0,0.0,0.0,0.0,0.0,2127136.6,62.6,0.0,0.0
2026-03-18,2.74,2.77,2.74,2.77,39000,108030.0,0.0,0.0,0.0,0.0,2127136.6,62.6,0.0,0.0
2026-03-19,2.75,2.75,2.71,2.74,8000,21920.0,0.0,0.0,0.0,0.0,2127136.6,62.6,0.0,0.0
2026-03-20,2.73,2.75,2.7,2.74,9400,25756.000000000004,0.0,0.0,0.0,0.0,2127136.6,62.6,0.0,0.0
2026-03-23,2.7,2.73,2.69,2.69,6700,18023.0,0.0,0.0,0.0,0.0,2127136.6,62.6,0.0,0.0
2026-03-24,2.71,2.72,2.69,2.7,7900,21330.0,0.0,0.0,0.0,0.0,2127136.6,62.6,0.0,0.0
2026-03-25,2.67,2.71,2.67,2.7,10200,27540.0,0.0,0.0,0.0,0.0,2127136.6,62.6,0.0,0.0
2026-03-26,2.7,2.71,2.68,2.71,14000,37940.0,0.0,0.0,0.0,0.0,2127136.6,62.6,0.0,0.0
2026-03-27,2.71,2.73,2.7,2.72,17900,48688.0,0.0,0.0,0.0,0.0,2127136.6,62.6,0.0,0.0
2026-03-30,2.72,2.73,2.7,2.72,6700,18224.0,0.0,0.0,0.0,0.0,2127136.6,62.6,0.0,0.0
2026-03-31,2.73,2.73,2.69,2.72,24500,66640.0,0.0,0.0,0.0,0.0,2127136.6,62.6,0.0,0.0
2026-04-01,2.71,2.72,2.7,2.72,23300,63376.00000000001,0.0,0.0,0.0,0.0,0.0,62.6,0.0,0.0
2026-04-02,2.7,2.72,2.7,2.72,2600,7072.000000000001,0.0,0.0,0.0,0.0,0.0,62.6,0.0,0.0
2026-04-03,2.71,2.73,2.7,2.73,25600,69888.0,0.0,0.0,0.0,0.0,0.0,62.6,0.0,0.0
2026-04-06,2.69,2.73,2.69,2.72,1100,2992.0,0.0,0.0,0.0,0.0,0.0,62.6,0.0,0.0
2026-04-07,2.71,2.72,2.7,2.72,9500,25840.000000000004,0.0,0.0,0.0,0.0,0.0,62.6,0.0,0.0
2026-04-08,2.67,2.73,2.63,2.72,15500,42160.0,200.0,0.0,0.0,0.0,0.0,62.6,0.0,0.0
2026-04-09,2.7,2.73,2.7,2.72,7500,20400.0,0.0,0.0,0.0,0.0,0.0,62.6,0.0,0.0
2026-04-10,2.71,2.72,2.68,2.72,6500,17680.0,0.0,200.0,0.0,0.0,0.0,62.6,0.0,0.0
2026-04-13,2.72,2.73,2.7,2.73,5600,15288.0,0.0,0.0,0.0,0.0,2127116.6,62.6,0.0,0.0
2026-04-14,2.7,2.73,2.67,2.72,4700,12784.000000000002,0.0,0.0,0.0,0.0,2127116.6,62.6,0.0,0.0
2026-04-15,2.71,2.73,2.7,2.72,15300,41616.0,0.0,0.0,0.0,0.0,2127136.6,62.6,0.0,0.0
2026-04-16,2.71,2.73,2.69,2.73,15100,41223.0,0.0,0.0,0.0,0.0,2127136.6,62.6,0.0,0.0
2026-04-17,2.73,2.73,2.7,2.71,31400,85094.0,0.0,0.0,0.0,0.0,2127136.6,62.6,0.0,0.0
2026-04-20,2.73,2.75,2.7,2.75,16100,44275.0,0.0,0.0,0.0,0.0,2127136.6,,,
2026-04-21,2.7,2.75,2.7,2.74,28000,76720.0,0.0,0.0,0.0,0.0,2127136.6,,,
2026-04-22,2.73,2.74,2.72,2.72,33500,91120.0,0.0,0.0,0.0,0.0,2127136.6,,,
2026-04-23,2.71,2.77,2.7,2.77,34600,95842.0,0.0,0.0,0.0,0.0,2127136.6,,,
2026-04-24,2.74,2.77,2.74,2.77,33000,91410.0,0.0,0.0,0.0,0.0,2127136.6,,,
2026-04-28,2.77,2.84,2.72,2.77,29900,82823.0,0.0,0.0,0.0,0.0,2127136.6,,,
2026-04-29,2.77,2.81,2.74,2.74,11200,30688.000000000004,0.0,0.0,0.0,0.0,2127136.6,,,
2026-05-04,2.75,2.77,2.72,2.74,12000,32880.0,0.0,0.0,0.0,0.0,2127136.6,,,
2026-05-05,2.73,2.74,2.71,2.73,12700,34671.0,20.0,0.0,546.0,0.0,2127116.6,,,
2026-05-06,2.72,2.75,2.72,2.75,15500,42625.0,0.0,0.0,0.0,0.0,2127116.6,,,
2026-05-07,2.74,2.75,2.72,2.72,21400,58208.00000000001,0.0,0.0,0.0,0.0,2127116.6,,,
2026-05-08,2.73,2.74,2.72,2.72,4600,12512.0,0.0,0.0,0.0,0.0,2127116.6,,,
2026-05-11,2.73,2.75,2.72,2.72,11800,32096.000000000004,0.0,0.0,0.0,0.0,2127116.6,,,
2026-05-12,2.73,2.74,2.73,2.74,600,1644.0000000000002,0.0,0.0,0.0,0.0,2127116.6,,,
2026-05-13,2.74,2.77,2.74,2.76,17000,46920.0,0.0,0.0,0.0,0.0,2127116.6,,,
2026-05-14,2.74,2.78,2.73,2.76,9400,25944.0,410.0,0.0,11234.0,0.0,2126706.6,,,
2026-05-18,2.76,2.82,2.76,2.8,51700,144760.0,0.0,0.0,0.0,0.0,2118706.6,,,
2026-05-19,2.8,2.81,2.76,2.8,6900,19320.0,0.0,0.0,0.0,0.0,2118706.6,,,
2026-05-20,2.8,2.82,2.79,2.82,2400,6768.0,0.0,0.0,0.0,0.0,2109706.6,,,
2026-05-21,2.82,2.83,2.82,2.83,17800,50374.0,0,0,0.0,0.0,2109706.60,,,
