time,open,high,low,close,volume,value,foreign_buy_vol,foreign_sell_vol,foreign_buy_val,foreign_sell_val,foreign_room,foreign_ownership_pct,foreign_buy_value_bn,foreign_sell_value_bn
2017-06-05,4.9,4.9,4.9,4.9,0,0.0,,,,,,,,
2017-06-06,4.9,4.9,4.9,4.9,0,0.0,,,,,,,,
2017-06-07,4.9,4.9,4.9,4.9,0,0.0,,,,,,,,
2017-06-08,4.9,4.9,4.9,4.9,0,0.0,,,,,,,,
2017-06-09,4.9,4.9,4.9,4.9,0,0.0,,,,,,,,
2017-06-12,4.9,4.9,4.9,4.9,0,0.0,,,,,,,,
2017-06-13,4.9,4.9,4.9,4.9,0,0.0,,,,,,,,
2017-06-14,4.9,4.9,4.9,4.9,0,0.0,,,,,,,,
2017-06-15,4.9,4.9,4.9,4.9,0,0.0,,,,,,,,
2017-06-16,4.9,4.9,4.9,4.9,0,0.0,,,,,,,,
2017-06-19,4.9,4.9,4.9,4.9,0,0.0,,,,,,,,
2017-06-20,4.9,4.9,4.9,4.9,0,0.0,,,,,,,,
2017-06-21,4.9,4.9,4.9,4.9,0,0.0,,,,,,,,
2017-06-22,4.9,4.9,4.9,4.9,0,0.0,,,,,,,,
2017-06-23,4.9,4.9,4.9,4.9,0,0.0,,,,,,,,
2017-06-26,4.9,4.9,4.9,4.9,0,0.0,,,,,,,,
2017-06-27,4.9,4.9,4.9,4.9,0,0.0,,,,,,,,
2017-06-28,4.9,4.9,4.9,4.9,0,0.0,,,,,,,,
2017-06-29,4.9,4.9,4.9,4.9,0,0.0,,,,,,,,
2017-06-30,4.9,4.9,4.9,4.9,0,0.0,,,,,,,,
2017-07-03,4.9,4.9,4.9,4.9,0,0.0,,,,,,,,
2017-07-04,4.9,4.9,4.9,4.9,0,0.0,,,,,,,,
2017-07-05,4.9,4.9,4.9,4.9,0,0.0,,,,,,,,
2017-07-06,4.9,4.9,4.9,4.9,0,0.0,,,,,,,,
2017-07-07,4.9,4.9,4.9,4.9,0,0.0,,,,,,,,
2017-07-10,4.9,4.9,4.9,4.9,0,0.0,,,,,,,,
2017-07-11,4.9,4.9,4.9,4.9,0,0.0,,,,,,,,
2017-07-12,6.8,6.8,6.8,6.8,8000,54400.0,,,,,,,,
2017-07-13,7.8,7.8,7.8,7.8,13000,101400.0,,,,,,,,
2017-07-14,8.9,8.9,8.9,8.9,7200,64080.0,,,,,,,,
2017-07-17,10.2,10.2,10.2,10.2,3700,37740.0,,,,,,,,
2017-07-18,10.2,10.2,10.2,10.2,300,3060.0,,,,,,,,
2017-07-19,8.7,8.7,8.7,8.7,500,4350.0,,,,,,,,
2017-07-20,8.7,8.7,8.7,8.7,0,0.0,,,,,,,,
2017-07-21,8.7,8.7,8.7,8.7,0,0.0,,,,,,,,
2017-07-24,8.7,8.7,8.7,8.7,0,0.0,,,,,,,,
2017-07-25,7.4,8.2,7.4,7.4,400,2960.0,,,,,,,,
2017-07-26,8.6,8.6,8.6,8.6,100,860.0,,,,,,,,
2017-07-27,7.4,7.4,7.4,7.4,100,740.0,,,,,,,,
2017-07-28,7.4,7.4,7.4,7.4,0,0.0,,,,,,,,
2017-07-31,7.4,7.4,7.4,7.4,0,0.0,,,,,,,,
2017-08-01,8.2,8.2,8.2,8.2,400,3279.9999999999995,,,,,,,,
2017-08-02,8.2,8.2,8.2,8.2,0,0.0,,,,,,,,
2017-08-03,8.0,8.2,7.0,7.0,2000,14000.0,,,,,,,,
2017-08-04,8.2,8.2,8.2,8.2,100,819.9999999999999,,,,,,,,
2017-08-07,8.2,8.2,8.2,8.2,0,0.0,,,,,,,,
2017-08-08,8.2,8.2,8.2,8.2,0,0.0,,,,,,,,
2017-08-09,8.2,9.3,8.2,9.3,200,1860.0,,,,,,,,
2017-08-10,8.8,8.8,8.8,8.8,0,0.0,,,,,,,,
2017-08-11,7.5,7.5,7.5,7.5,500,3750.0,,,,,,,,
2017-08-14,6.4,6.4,6.4,6.4,200,1280.0,,,,,,,,
2017-08-15,6.4,6.4,6.4,6.4,0,0.0,,,,,,,,
2017-08-16,6.4,6.4,6.4,6.4,0,0.0,,,,,,,,
2017-08-17,6.4,6.4,6.4,6.4,0,0.0,,,,,,,,
2017-08-18,6.4,6.4,6.4,6.4,0,0.0,,,,,,,,
2017-08-21,6.0,6.0,6.0,6.0,300,1800.0,,,,,,,,
2017-08-22,6.0,6.0,6.0,6.0,0,0.0,,,,,,,,
2017-08-23,6.9,6.9,6.9,6.9,300,2070.0,,,,,,,,
2017-08-24,6.9,6.9,6.9,6.9,0,0.0,,,,,,,,
2017-08-25,6.9,6.9,6.9,6.9,0,0.0,,,,,,,,
2017-08-28,6.9,6.9,6.9,6.9,0,0.0,,,,,,,,
2017-08-29,6.9,6.9,6.9,6.9,0,0.0,,,,,,,,
2017-08-30,6.9,6.9,6.9,6.9,0,0.0,,,,,,,,
2017-08-31,7.0,7.0,7.0,7.0,100,700.0,,,,,,,,
2017-09-01,7.0,7.0,7.0,7.0,0,0.0,,,,,,,,
2017-09-05,6.6,6.6,6.6,6.6,3000,19800.0,,,,,,,,
2017-09-06,6.6,6.6,6.6,6.6,0,0.0,,,,,,,,
2017-09-07,6.6,6.6,6.6,6.6,100,660.0,,,,,,,,
2017-09-08,6.6,6.6,6.6,6.6,0,0.0,,,,,,,,
2017-09-11,7.0,7.0,7.0,7.0,300,2100.0,,,,,,,,
2017-09-12,7.0,7.0,7.0,7.0,0,0.0,,,,,,,,
2017-09-13,7.0,7.0,7.0,7.0,0,0.0,,,,,,,,
2017-09-14,7.0,7.0,7.0,7.0,0,0.0,,,,,,,,
2017-09-15,7.0,7.0,7.0,7.0,0,0.0,,,,,,,,
2017-09-18,7.0,7.0,7.0,7.0,0,0.0,,,,,,,,
2017-09-19,7.0,7.0,7.0,7.0,0,0.0,,,,,,,,
2017-09-20,7.0,7.0,7.0,7.0,0,0.0,,,,,,,,
2017-09-21,6.0,6.0,6.0,6.0,2000,12000.0,,,,,,,,
2017-09-22,6.0,6.0,6.0,6.0,0,0.0,,,,,,,,
2017-09-25,6.0,6.0,6.0,6.0,0,0.0,,,,,,,,
2017-09-26,6.0,6.0,6.0,6.0,600,3600.0,,,,,,,,
2017-09-27,6.0,6.0,6.0,6.0,0,0.0,,,,,,,,
2017-09-28,6.0,6.0,6.0,6.0,0,0.0,,,,,,,,
2017-09-29,6.0,6.0,6.0,6.0,400,2400.0,,,,,,,,
2017-10-02,6.0,6.0,6.0,6.0,0,0.0,,,,,,,,
2017-10-03,6.0,6.0,6.0,6.0,0,0.0,,,,,,,,
2017-10-04,6.0,6.0,6.0,6.0,0,0.0,,,,,,,,
2017-10-05,6.0,6.0,6.0,6.0,0,0.0,,,,,,,,
2017-10-06,6.0,6.0,6.0,6.0,0,0.0,,,,,,,,
2017-10-09,6.0,6.0,6.0,6.0,0,0.0,,,,,,,,
2017-10-10,6.5,6.5,6.5,6.5,1000,6500.0,,,,,,,,
2017-10-11,6.5,6.5,6.5,6.5,0,0.0,,,,,,,,
2017-10-12,6.5,6.5,6.5,6.5,0,0.0,,,,,,,,
2017-10-13,6.5,6.5,6.5,6.5,0,0.0,,,,,,,,
2017-10-16,6.5,6.5,6.5,6.5,0,0.0,,,,,,,,
2017-10-17,6.5,6.5,6.5,6.5,0,0.0,,,,,,,,
2017-10-18,6.5,6.5,6.5,6.5,0,0.0,,,,,,,,
2017-10-19,6.5,6.5,6.5,6.5,0,0.0,,,,,,,,
2017-10-20,6.5,6.5,6.5,6.5,0,0.0,,,,,,,,
2017-10-23,6.5,6.5,6.5,6.5,0,0.0,,,,,,,,
2017-10-24,6.5,6.5,6.5,6.5,0,0.0,,,,,,,,
2017-10-25,6.5,6.5,6.5,6.5,0,0.0,,,,,,,,
2017-10-26,7.0,7.0,7.0,7.0,100,700.0,,,,,,,,
2017-10-27,7.0,7.0,7.0,7.0,0,0.0,,,,,,,,
2017-10-30,7.0,7.0,7.0,7.0,0,0.0,,,,,,,,
2017-10-31,7.0,7.0,7.0,7.0,0,0.0,,,,,,,,
2017-11-01,7.0,7.0,7.0,7.0,0,0.0,,,,,,,,
2017-11-02,7.5,7.5,7.5,7.5,100,750.0,,,,,,,,
2017-11-03,8.0,8.0,8.0,8.0,100,800.0,,,,,,,,
2017-11-06,8.0,8.0,8.0,8.0,0,0.0,,,,,,,,
2017-11-07,8.0,8.0,8.0,8.0,0,0.0,,,,,,,,
2017-11-08,8.5,8.5,8.5,8.5,100,850.0,,,,,,,,
2017-11-09,8.5,8.5,8.5,8.5,0,0.0,,,,,,,,
2017-11-10,9.7,9.7,9.7,9.7,100,970.0,,,,,,,,
2017-11-13,9.7,9.7,9.7,9.7,0,0.0,,,,,,,,
2017-11-14,9.7,9.7,9.7,9.7,0,0.0,,,,,,,,
2017-11-15,9.7,9.7,9.7,9.7,0,0.0,,,,,,,,
2017-11-16,9.7,9.7,9.7,9.7,0,0.0,,,,,,,,
2017-11-17,9.7,9.7,9.7,9.7,0,0.0,,,,,,,,
2017-11-20,9.7,9.7,9.7,9.7,3000,29100.0,,,,,,,,
2017-11-21,9.7,9.7,9.7,9.7,0,0.0,,,,,,,,
2017-11-22,9.7,9.7,9.7,9.7,0,0.0,,,,,,,,
2017-11-23,9.7,9.7,9.7,9.7,0,0.0,,,,,,,,
2017-11-24,9.7,9.7,9.7,9.7,0,0.0,,,,,,,,
2017-11-27,9.7,9.7,9.7,9.7,0,0.0,,,,,,,,
2017-11-28,9.7,9.7,9.7,9.7,0,0.0,,,,,,,,
2017-11-29,9.7,9.7,9.7,9.7,0,0.0,,,,,,,,
2017-11-30,9.7,9.7,9.7,9.7,0,0.0,,,,,,,,
2017-12-01,8.3,8.3,8.3,8.3,3000,24900.000000000004,,,,,,,,
2017-12-04,8.3,8.3,8.3,8.3,0,0.0,,,,,,,,
2017-12-05,8.3,8.3,8.3,8.3,0,0.0,,,,,,,,
2017-12-06,8.3,8.3,8.3,8.3,0,0.0,,,,,,,,
2017-12-07,9.5,9.5,9.5,9.5,100,950.0,,,,,,,,
2017-12-08,9.9,9.9,9.9,9.9,100,990.0,,,,,,,,
2017-12-11,9.9,9.9,9.9,9.9,0,0.0,,,,,,,,
2017-12-12,9.9,9.9,9.9,9.9,0,0.0,,,,,,,,
2017-12-13,9.9,9.9,9.9,9.9,0,0.0,,,,,,,,
2017-12-14,9.9,9.9,9.9,9.9,0,0.0,,,,,,,,
2017-12-15,9.9,9.9,9.9,9.9,0,0.0,,,,,,,,
2017-12-18,9.9,9.9,9.9,9.9,0,0.0,,,,,,,,
2017-12-19,9.9,9.9,9.9,9.9,0,0.0,,,,,,,,
2017-12-20,9.9,9.9,9.9,9.9,0,0.0,,,,,,,,
2017-12-21,9.9,9.9,9.9,9.9,0,0.0,,,,,,,,
2017-12-22,9.9,9.9,9.9,9.9,0,0.0,,,,,,,,
2017-12-25,9.9,9.9,9.9,9.9,0,0.0,,,,,,,,
2017-12-26,9.9,9.9,9.9,9.9,1000,9900.0,,,,,,,,
2017-12-27,9.9,9.9,9.9,9.9,0,0.0,,,,,,,,
2017-12-28,9.9,9.9,9.9,9.9,0,0.0,,,,,,,,
2017-12-29,9.9,9.9,9.9,9.9,0,0.0,,,,,,,,
2018-01-02,9.9,9.9,9.9,9.9,0,0.0,0.0,0.0,0.0,0.0,,0.0,0.0,0.0
2018-01-03,9.0,9.0,8.6,8.9,2100,18690.0,0.0,0.0,0.0,0.0,,0.0,0.0,0.0
2018-01-04,8.9,8.9,8.9,8.9,0,0.0,0.0,0.0,0.0,0.0,,0.0,0.0,0.0
2018-01-05,8.9,8.9,8.9,8.9,0,0.0,0.0,0.0,0.0,0.0,,0.0,0.0,0.0
2018-01-08,9.6,9.6,8.9,8.9,2000,17800.0,0.0,0.0,0.0,0.0,,0.0,0.0,0.0
2018-01-09,8.0,8.0,8.0,8.0,200,1600.0,0.0,0.0,0.0,0.0,,0.0,0.0,0.0
2018-01-10,7.5,7.5,7.5,7.5,1300,9750.0,0.0,0.0,0.0,0.0,,0.0,0.0,0.0
2018-01-11,7.0,7.0,7.0,7.0,3400,23800.0,0.0,0.0,0.0,0.0,,0.0,0.0,0.0
2018-01-12,7.0,7.0,7.0,7.0,0,0.0,0.0,0.0,0.0,0.0,,0.0,0.0,0.0
2018-01-15,8.0,8.0,8.0,8.0,200,1600.0,0.0,0.0,0.0,0.0,,0.0,0.0,0.0
2018-01-16,8.0,8.0,8.0,8.0,0,0.0,0.0,0.0,0.0,0.0,,0.0,0.0,0.0
2018-01-17,8.0,8.0,8.0,8.0,0,0.0,0.0,0.0,0.0,0.0,,0.0,0.0,0.0
2018-01-18,8.0,8.0,8.0,8.0,0,0.0,0.0,0.0,0.0,0.0,,0.0,0.0,0.0
2018-01-19,9.0,9.0,9.0,9.0,1000,9000.0,0.0,0.0,0.0,0.0,,0.0,0.0,0.0
2018-01-22,9.0,9.0,9.0,9.0,0,0.0,0.0,0.0,0.0,0.0,,0.0,0.0,0.0
2018-01-23,9.0,9.0,9.0,9.0,0,0.0,0.0,0.0,0.0,0.0,,0.0,0.0,0.0
2018-01-24,9.0,9.0,9.0,9.0,0,0.0,0.0,0.0,0.0,0.0,,0.0,0.0,0.0
2018-01-25,9.0,9.0,9.0,9.0,0,0.0,0.0,0.0,0.0,0.0,,0.0,0.0,0.0
2018-01-26,9.0,9.0,9.0,9.0,0,0.0,0.0,0.0,0.0,0.0,,0.0,0.0,0.0
2018-01-29,9.0,9.0,9.0,9.0,0,0.0,0.0,0.0,0.0,0.0,,0.0,0.0,0.0
2018-01-30,9.0,9.0,9.0,9.0,0,0.0,0.0,0.0,0.0,0.0,,0.0,0.0,0.0
2018-01-31,9.0,9.0,9.0,9.0,0,0.0,0.0,0.0,0.0,0.0,,0.0,0.0,0.0
2018-02-01,9.0,9.0,9.0,9.0,0,0.0,0.0,0.0,0.0,0.0,,0.0,0.0,0.0
2018-02-02,9.0,9.0,9.0,9.0,0,0.0,0.0,0.0,0.0,0.0,,0.0,0.0,0.0
2018-02-05,7.7,7.7,7.7,7.7,500,3850.0,0.0,0.0,0.0,0.0,,0.0,0.0,0.0
2018-02-06,7.7,7.7,7.7,7.7,0,0.0,0.0,0.0,0.0,0.0,,0.0,0.0,0.0
2018-02-07,7.7,7.7,7.7,7.7,0,0.0,0.0,0.0,0.0,0.0,,0.0,0.0,0.0
2018-02-08,7.7,7.7,7.7,7.7,0,0.0,0.0,0.0,0.0,0.0,,0.0,0.0,0.0
2018-02-09,7.7,7.7,7.7,7.7,0,0.0,0.0,0.0,0.0,0.0,,0.0,0.0,0.0
2018-02-12,7.7,7.7,7.7,7.7,0,0.0,0.0,0.0,0.0,0.0,,0.0,0.0,0.0
2018-02-13,7.7,7.7,7.7,7.7,0,0.0,0.0,0.0,0.0,0.0,,0.0,0.0,0.0
2018-02-21,7.7,7.7,7.7,7.7,0,0.0,0.0,0.0,0.0,0.0,,0.0,0.0,0.0
2018-02-22,7.7,7.7,7.7,7.7,0,0.0,0.0,0.0,0.0,0.0,,0.0,0.0,0.0
2018-02-23,7.7,7.7,7.7,7.7,0,0.0,0.0,0.0,0.0,0.0,,0.0,0.0,0.0
2018-02-26,7.0,7.0,7.0,7.0,500,3500.0,0.0,0.0,0.0,0.0,,0.0,0.0,0.0
2018-02-27,7.0,7.0,7.0,7.0,500,3500.0,0.0,0.0,0.0,0.0,,0.0,0.0,0.0
2018-02-28,7.0,7.0,7.0,7.0,0,0.0,0.0,0.0,0.0,0.0,,0.0,0.0,0.0
2018-03-01,7.0,7.0,7.0,7.0,0,0.0,0.0,0.0,0.0,0.0,,0.0,0.0,0.0
2018-03-02,7.0,7.0,7.0,7.0,0,0.0,0.0,0.0,0.0,0.0,,0.0,0.0,0.0
2018-03-05,7.8,7.8,7.8,7.8,1000,7800.0,0.0,0.0,0.0,0.0,,0.0,0.0,0.0
2018-03-06,7.8,7.8,7.8,7.8,0,0.0,0.0,0.0,0.0,0.0,,0.0,0.0,0.0
2018-03-07,7.8,7.8,7.8,7.8,0,0.0,0.0,0.0,0.0,0.0,,0.0,0.0,0.0
2018-03-08,7.9,7.9,7.9,7.9,100,790.0,0.0,0.0,0.0,0.0,,0.0,0.0,0.0
2018-03-09,6.8,8.0,6.8,8.0,300,2400.0,0.0,0.0,0.0,0.0,,0.0,0.0,0.0
2018-03-12,7.6,7.6,7.6,7.6,0,0.0,0.0,0.0,0.0,0.0,,0.0,0.0,0.0
2018-03-13,7.6,7.6,7.6,7.6,0,0.0,0.0,0.0,0.0,0.0,,0.0,0.0,0.0
2018-03-14,7.6,7.6,7.6,7.6,0,0.0,0.0,0.0,0.0,0.0,,0.0,0.0,0.0
2018-03-15,7.6,7.6,7.6,7.6,0,0.0,0.0,0.0,0.0,0.0,,0.0,0.0,0.0
2018-03-16,7.6,7.6,7.6,7.6,0,0.0,0.0,0.0,0.0,0.0,,0.0,0.0,0.0
2018-03-19,7.6,7.6,7.6,7.6,0,0.0,0.0,0.0,0.0,0.0,,0.0,0.0,0.0
2018-03-20,7.6,7.6,7.6,7.6,0,0.0,0.0,0.0,0.0,0.0,,0.0,0.0,0.0
2018-03-21,7.6,7.6,7.6,7.6,0,0.0,0.0,0.0,0.0,0.0,,0.0,0.0,0.0
2018-03-22,7.6,7.6,7.6,7.6,0,0.0,0.0,0.0,0.0,0.0,,0.0,0.0,0.0
2018-03-23,7.6,7.6,7.6,7.6,0,0.0,0.0,0.0,0.0,0.0,,0.0,0.0,0.0
2018-03-26,7.6,7.6,7.6,7.6,0,0.0,0.0,0.0,0.0,0.0,,0.0,0.0,0.0
2018-03-27,7.6,7.6,7.6,7.6,0,0.0,0.0,0.0,0.0,0.0,,0.0,0.0,0.0
2018-03-28,7.6,7.6,7.6,7.6,210,1596.0,0.0,0.0,0.0,0.0,,0.0,0.0,0.0
2018-03-29,7.6,7.6,7.6,7.6,0,0.0,0.0,0.0,0.0,0.0,,0.0,0.0,0.0
2018-03-30,7.5,7.5,7.5,7.5,200,1500.0,0.0,0.0,0.0,0.0,,0.0,0.0,0.0
2018-04-02,7.5,7.5,7.5,7.5,0,0.0,0.0,0.0,0.0,0.0,,0.0,0.0,0.0
2018-04-03,7.5,7.5,7.5,7.5,0,0.0,0.0,0.0,0.0,0.0,,0.0,0.0,0.0
2018-04-04,7.5,7.5,7.5,7.5,0,0.0,0.0,0.0,0.0,0.0,,0.0,0.0,0.0
2018-04-05,7.5,7.5,7.5,7.5,0,0.0,0.0,0.0,0.0,0.0,,0.0,0.0,0.0
2018-04-06,7.5,7.5,7.5,7.5,0,0.0,0.0,0.0,0.0,0.0,,0.0,0.0,0.0
2018-04-09,7.5,7.5,7.5,7.5,0,0.0,0.0,0.0,0.0,0.0,,0.0,0.0,0.0
2018-04-10,7.5,7.5,7.5,7.5,0,0.0,0.0,0.0,0.0,0.0,,0.0,0.0,0.0
2018-04-11,7.5,7.5,7.5,7.5,0,0.0,0.0,0.0,0.0,0.0,,0.0,0.0,0.0
2018-04-12,7.5,7.5,7.5,7.5,0,0.0,0.0,0.0,0.0,0.0,,0.0,0.0,0.0
2018-04-13,7.5,7.5,7.5,7.5,0,0.0,0.0,0.0,0.0,0.0,,0.0,0.0,0.0
2018-04-16,7.5,7.5,7.5,7.5,1000,7500.0,0.0,0.0,0.0,0.0,,0.0,0.0,0.0
2018-04-17,7.5,7.5,7.5,7.5,1000,7500.0,0.0,0.0,0.0,0.0,,0.0,0.0,0.0
2018-04-18,7.5,7.5,7.5,7.5,0,0.0,0.0,0.0,0.0,0.0,,0.0,0.0,0.0
2018-04-19,7.5,7.5,7.5,7.5,0,0.0,0.0,0.0,0.0,0.0,,0.0,0.0,0.0
2018-04-20,7.5,7.5,7.5,7.5,0,0.0,0.0,0.0,0.0,0.0,,0.0,0.0,0.0
2018-04-23,7.5,7.5,7.5,7.5,0,0.0,0.0,0.0,0.0,0.0,,0.0,0.0,0.0
2018-04-24,7.5,7.5,7.5,7.5,0,0.0,0.0,0.0,0.0,0.0,,0.0,0.0,0.0
2018-04-26,7.5,7.5,7.5,7.5,0,0.0,0.0,0.0,0.0,0.0,,0.0,0.0,0.0
2018-04-27,7.5,7.5,7.5,7.5,0,0.0,0.0,0.0,0.0,0.0,,0.0,0.0,0.0
2018-05-02,7.5,7.5,7.5,7.5,0,0.0,0.0,0.0,0.0,0.0,,0.0,0.0,0.0
2018-05-03,7.5,7.5,7.5,7.5,0,0.0,0.0,0.0,0.0,0.0,,0.0,0.0,0.0
2018-05-04,7.5,7.5,7.5,7.5,0,0.0,0.0,0.0,0.0,0.0,,0.0,0.0,0.0
2018-05-07,7.5,7.5,7.5,7.5,0,0.0,0.0,0.0,0.0,0.0,,0.0,0.0,0.0
2018-05-08,7.5,7.5,7.5,7.5,0,0.0,0.0,0.0,0.0,0.0,,0.0,0.0,0.0
2018-05-09,7.5,7.5,7.5,7.5,0,0.0,0.0,0.0,0.0,0.0,,0.0,0.0,0.0
2018-05-10,7.5,7.5,7.5,7.5,0,0.0,0.0,0.0,0.0,0.0,,0.0,0.0,0.0
2018-05-11,7.5,7.5,7.5,7.5,0,0.0,0.0,0.0,0.0,0.0,,0.0,0.0,0.0
2018-05-14,7.5,7.5,7.5,7.5,0,0.0,0.0,0.0,0.0,0.0,,0.0,0.0,0.0
2018-05-15,7.5,7.5,7.5,7.5,0,0.0,0.0,0.0,0.0,0.0,,0.0,0.0,0.0
2018-05-16,7.5,7.5,7.5,7.5,0,0.0,0.0,0.0,0.0,0.0,,0.0,0.0,0.0
2018-05-17,7.5,7.5,7.5,7.5,0,0.0,0.0,0.0,0.0,0.0,,0.0,0.0,0.0
2018-05-18,7.5,7.5,7.5,7.5,0,0.0,0.0,0.0,0.0,0.0,,0.0,0.0,0.0
2018-05-21,7.5,7.5,7.5,7.5,0,0.0,0.0,0.0,0.0,0.0,,0.0,0.0,0.0
2018-05-22,7.5,7.5,7.5,7.5,0,0.0,0.0,0.0,0.0,0.0,,0.0,0.0,0.0
2018-05-23,7.5,7.5,7.5,7.5,0,0.0,0.0,0.0,0.0,0.0,,0.0,0.0,0.0
2018-05-24,7.5,7.5,7.5,7.5,0,0.0,0.0,0.0,0.0,0.0,,0.0,0.0,0.0
2018-05-25,7.5,7.5,7.5,7.5,0,0.0,0.0,0.0,0.0,0.0,,0.0,0.0,0.0
2018-05-28,7.5,7.5,7.5,7.5,0,0.0,0.0,0.0,0.0,0.0,,0.0,0.0,0.0
2018-05-29,7.5,7.5,7.5,7.5,0,0.0,0.0,0.0,0.0,0.0,,0.0,0.0,0.0
2018-05-30,7.5,7.5,7.5,7.5,0,0.0,0.0,0.0,0.0,0.0,,0.0,0.0,0.0
2018-05-31,7.5,7.5,7.5,7.5,0,0.0,0.0,0.0,0.0,0.0,,0.0,0.0,0.0
2018-06-01,7.5,7.5,7.5,7.5,0,0.0,0.0,0.0,0.0,0.0,,0.0,0.0,0.0
2018-06-04,4.5,4.5,4.5,4.5,100,450.0,0.0,0.0,0.0,0.0,,0.0,0.0,0.0
2018-06-05,5.1,5.1,4.8,4.8,2500,12000.0,0.0,0.0,0.0,0.0,,0.0,0.0,0.0
2018-06-06,4.8,4.8,4.8,4.8,0,0.0,0.0,0.0,0.0,0.0,,0.0,0.0,0.0
2018-06-07,5.0,5.0,5.0,5.0,100,500.0,0.0,0.0,0.0,0.0,,0.0,0.0,0.0
2018-06-08,5.0,5.0,5.0,5.0,0,0.0,0.0,0.0,0.0,0.0,,0.0,0.0,0.0
2018-06-11,5.0,5.0,5.0,5.0,10,50.0,0.0,0.0,0.0,0.0,,0.0,0.0,0.0
2018-06-12,5.0,5.0,5.0,5.0,0,0.0,0.0,0.0,0.0,0.0,,0.0,0.0,0.0
2018-06-13,5.0,5.0,5.0,5.0,0,0.0,0.0,0.0,0.0,0.0,,0.0,0.0,0.0
2018-06-14,5.3,5.3,5.3,5.3,100,530.0,0.0,0.0,0.0,0.0,,0.0,0.0,0.0
2018-06-15,5.3,5.3,5.3,5.3,0,0.0,0.0,0.0,0.0,0.0,,0.0,0.0,0.0
2018-06-18,5.3,5.3,5.3,5.3,0,0.0,0.0,0.0,0.0,0.0,,0.0,0.0,0.0
2018-06-19,5.3,5.3,5.3,5.3,10,53.0,0.0,0.0,0.0,0.0,,0.0,0.0,0.0
2018-06-20,5.3,5.3,5.3,5.3,0,0.0,0.0,0.0,0.0,0.0,,0.0,0.0,0.0
2018-06-21,5.3,5.3,5.3,5.3,0,0.0,0.0,0.0,0.0,0.0,,0.0,0.0,0.0
2018-06-22,5.0,5.0,5.0,5.0,100,500.0,0.0,0.0,0.0,0.0,,0.0,0.0,0.0
2018-06-25,5.0,5.0,5.0,5.0,700,3500.0,0.0,0.0,0.0,0.0,,0.0,0.0,0.0
2018-06-26,5.0,5.0,5.0,5.0,0,0.0,0.0,0.0,0.0,0.0,,0.0,0.0,0.0
2018-06-27,5.0,5.0,5.0,5.0,0,0.0,0.0,0.0,0.0,0.0,,0.0,0.0,0.0
2018-06-28,5.7,5.7,5.0,5.0,200,1000.0,0.0,0.0,0.0,0.0,,0.0,0.0,0.0
2018-06-29,5.0,5.0,5.0,5.0,800,4000.0,0.0,0.0,0.0,0.0,,0.0,0.0,0.0
2018-07-02,5.0,5.0,5.0,5.0,0,0.0,0.0,0.0,0.0,0.0,,0.0,0.0,0.0
2018-07-03,5.0,5.0,5.0,5.0,0,0.0,0.0,0.0,0.0,0.0,,0.0,0.0,0.0
2018-07-04,5.0,5.0,5.0,5.0,0,0.0,0.0,0.0,0.0,0.0,,0.0,0.0,0.0
2018-07-05,5.0,5.0,5.0,5.0,0,0.0,0.0,0.0,0.0,0.0,,0.0,0.0,0.0
2018-07-06,5.0,5.0,5.0,5.0,0,0.0,0.0,0.0,0.0,0.0,,0.0,0.0,0.0
2018-07-09,5.0,5.0,5.0,5.0,0,0.0,0.0,0.0,0.0,0.0,,0.0,0.0,0.0
2018-07-10,5.0,5.0,5.0,5.0,0,0.0,0.0,0.0,0.0,0.0,,0.0,0.0,0.0
2018-07-11,5.0,5.0,5.0,5.0,0,0.0,0.0,0.0,0.0,0.0,,0.0,0.0,0.0
2018-07-12,5.0,5.0,5.0,5.0,0,0.0,0.0,0.0,0.0,0.0,,0.0,0.0,0.0
2018-07-13,5.0,5.0,5.0,5.0,0,0.0,0.0,0.0,0.0,0.0,,0.0,0.0,0.0
2018-07-16,5.0,5.0,5.0,5.0,0,0.0,0.0,0.0,0.0,0.0,,0.0,0.0,0.0
2018-07-17,5.0,5.0,5.0,5.0,0,0.0,0.0,0.0,0.0,0.0,,0.0,0.0,0.0
2018-07-18,5.0,5.0,5.0,5.0,400,2000.0,0.0,0.0,0.0,0.0,,0.0,0.0,0.0
2018-07-19,5.0,5.0,5.0,5.0,0,0.0,0.0,0.0,0.0,0.0,,0.0,0.0,0.0
2018-07-20,5.0,5.0,5.0,5.0,0,0.0,0.0,0.0,0.0,0.0,,0.0,0.0,0.0
2018-07-23,5.0,5.0,5.0,5.0,0,0.0,0.0,0.0,0.0,0.0,,0.0,0.0,0.0
2018-07-24,5.0,5.0,5.0,5.0,0,0.0,0.0,0.0,0.0,0.0,,0.0,0.0,0.0
2018-07-25,5.0,5.0,5.0,5.0,0,0.0,0.0,0.0,0.0,0.0,,0.0,0.0,0.0
2018-07-26,5.0,5.0,5.0,5.0,0,0.0,0.0,0.0,0.0,0.0,,0.0,0.0,0.0
2018-07-27,5.0,5.0,5.0,5.0,0,0.0,0.0,0.0,0.0,0.0,,0.0,0.0,0.0
2018-07-30,5.0,5.0,5.0,5.0,0,0.0,0.0,0.0,0.0,0.0,,0.0,0.0,0.0
2018-07-31,5.0,5.0,5.0,5.0,0,0.0,0.0,0.0,0.0,0.0,,0.0,0.0,0.0
2018-08-01,5.0,5.0,5.0,5.0,0,0.0,0.0,0.0,0.0,0.0,,0.0,0.0,0.0
2018-08-02,5.0,5.0,5.0,5.0,0,0.0,0.0,0.0,0.0,0.0,,0.0,0.0,0.0
2018-08-03,5.0,5.0,5.0,5.0,0,0.0,0.0,0.0,0.0,0.0,,0.0,0.0,0.0
2018-08-06,5.0,5.0,5.0,5.0,0,0.0,0.0,0.0,0.0,0.0,,0.0,0.0,0.0
2018-08-07,5.0,5.0,5.0,5.0,0,0.0,0.0,0.0,0.0,0.0,,0.0,0.0,0.0
2018-08-08,5.0,5.0,5.0,5.0,0,0.0,0.0,0.0,0.0,0.0,,0.0,0.0,0.0
2018-08-09,5.0,5.0,5.0,5.0,0,0.0,0.0,0.0,0.0,0.0,,0.0,0.0,0.0
2018-08-10,5.0,5.0,5.0,5.0,0,0.0,0.0,0.0,0.0,0.0,,0.0,0.0,0.0
2018-08-13,4.3,4.3,4.3,4.3,900,3870.0,0.0,0.0,0.0,0.0,,0.0,0.0,0.0
2018-08-14,4.3,4.3,4.3,4.3,0,0.0,0.0,0.0,0.0,0.0,,0.0,0.0,0.0
2018-08-15,4.3,4.3,4.3,4.3,0,0.0,0.0,0.0,0.0,0.0,,0.0,0.0,0.0
2018-08-16,4.3,4.3,4.3,4.3,0,0.0,0.0,0.0,0.0,0.0,,0.0,0.0,0.0
2018-08-17,4.9,4.9,4.9,4.9,500,2450.0,0.0,0.0,0.0,0.0,,0.0,0.0,0.0
2018-08-20,4.9,4.9,4.9,4.9,0,0.0,0.0,0.0,0.0,0.0,,0.0,0.0,0.0
2018-08-21,4.9,4.9,4.9,4.9,0,0.0,0.0,0.0,0.0,0.0,,0.0,0.0,0.0
2018-08-22,4.9,4.9,4.9,4.9,0,0.0,0.0,0.0,0.0,0.0,,0.0,0.0,0.0
2018-08-23,4.9,4.9,4.9,4.9,0,0.0,0.0,0.0,0.0,0.0,,0.0,0.0,0.0
2018-08-24,4.9,4.9,4.9,4.9,0,0.0,0.0,0.0,0.0,0.0,,0.0,0.0,0.0
2018-08-27,4.9,4.9,4.9,4.9,0,0.0,0.0,0.0,0.0,0.0,,0.0,0.0,0.0
2018-08-28,4.9,4.9,4.9,4.9,0,0.0,0.0,0.0,0.0,0.0,,0.0,0.0,0.0
2018-08-29,4.9,4.9,4.9,4.9,0,0.0,0.0,0.0,0.0,0.0,,0.0,0.0,0.0
2018-08-30,4.9,4.9,4.9,4.9,0,0.0,0.0,0.0,0.0,0.0,,0.0,0.0,0.0
2018-08-31,4.9,4.9,4.9,4.9,0,0.0,0.0,0.0,0.0,0.0,,0.0,0.0,0.0
2018-09-04,4.9,4.9,4.9,4.9,0,0.0,0.0,0.0,0.0,0.0,,0.0,0.0,0.0
2018-09-05,4.9,4.9,4.9,4.9,0,0.0,0.0,0.0,0.0,0.0,,0.0,0.0,0.0
2018-09-06,4.9,4.9,4.9,4.9,0,0.0,0.0,0.0,0.0,0.0,,0.0,0.0,0.0
2018-09-07,4.9,4.9,4.9,4.9,0,0.0,0.0,0.0,0.0,0.0,,0.0,0.0,0.0
2018-09-10,4.9,4.9,4.9,4.9,0,0.0,0.0,0.0,0.0,0.0,,0.0,0.0,0.0
2018-09-11,4.9,4.9,4.9,4.9,0,0.0,0.0,0.0,0.0,0.0,,0.0,0.0,0.0
2018-09-12,4.9,4.9,4.9,4.9,0,0.0,0.0,0.0,0.0,0.0,,0.0,0.0,0.0
2018-09-13,4.9,4.9,4.9,4.9,0,0.0,0.0,0.0,0.0,0.0,,0.0,0.0,0.0
2018-09-14,4.9,4.9,4.9,4.9,0,0.0,0.0,0.0,0.0,0.0,,0.0,0.0,0.0
2018-09-17,4.9,4.9,4.9,4.9,0,0.0,0.0,0.0,0.0,0.0,,0.0,0.0,0.0
2018-09-18,4.9,4.9,4.9,4.9,0,0.0,0.0,0.0,0.0,0.0,,0.0,0.0,0.0
2018-09-19,4.9,4.9,4.9,4.9,0,0.0,0.0,0.0,0.0,0.0,,0.0,0.0,0.0
2018-09-20,4.9,4.9,4.9,4.9,0,0.0,0.0,0.0,0.0,0.0,,0.0,0.0,0.0
2018-09-21,5.0,5.0,5.0,5.0,100,500.0,0.0,0.0,0.0,0.0,,0.0,0.0,0.0
2018-09-24,5.0,5.0,5.0,5.0,0,0.0,0.0,0.0,0.0,0.0,,0.0,0.0,0.0
2018-09-25,5.0,5.0,5.0,5.0,0,0.0,0.0,0.0,0.0,0.0,,0.0,0.0,0.0
2018-09-26,5.0,5.0,5.0,5.0,0,0.0,0.0,0.0,0.0,0.0,,0.0,0.0,0.0
2018-09-27,5.0,5.0,5.0,5.0,0,0.0,0.0,0.0,0.0,0.0,,0.0,0.0,0.0
2018-09-28,5.0,5.0,5.0,5.0,0,0.0,0.0,0.0,0.0,0.0,,0.0,0.0,0.0
2018-10-01,5.0,5.0,5.0,5.0,0,0.0,0.0,0.0,0.0,0.0,,0.0,0.0,0.0
2018-10-02,5.0,5.0,5.0,5.0,0,0.0,0.0,0.0,0.0,0.0,,0.0,0.0,0.0
2018-10-03,5.0,5.0,5.0,5.0,0,0.0,0.0,0.0,0.0,0.0,,0.0,0.0,0.0
2018-10-04,5.0,5.0,5.0,5.0,0,0.0,0.0,0.0,0.0,0.0,,0.0,0.0,0.0
2018-10-05,5.0,5.0,5.0,5.0,0,0.0,0.0,0.0,0.0,0.0,,0.0,0.0,0.0
2018-10-08,5.0,5.0,5.0,5.0,0,0.0,0.0,0.0,0.0,0.0,,0.0,0.0,0.0
2018-10-09,5.0,5.0,5.0,5.0,500,2500.0,0.0,0.0,0.0,0.0,,0.0,0.0,0.0
2018-10-10,5.0,5.0,5.0,5.0,0,0.0,0.0,0.0,0.0,0.0,,0.0,0.0,0.0
2018-10-11,5.0,5.0,5.0,5.0,0,0.0,0.0,0.0,0.0,0.0,,0.0,0.0,0.0
2018-10-12,5.0,5.0,5.0,5.0,0,0.0,0.0,0.0,0.0,0.0,,0.0,0.0,0.0
2018-10-15,5.0,5.0,5.0,5.0,0,0.0,0.0,0.0,0.0,0.0,,0.0,0.0,0.0
2018-10-16,5.0,5.0,5.0,5.0,0,0.0,0.0,0.0,0.0,0.0,,0.0,0.0,0.0
2018-10-17,5.0,5.0,5.0,5.0,300,1500.0,0.0,0.0,0.0,0.0,,0.0,0.0,0.0
2018-10-18,5.0,5.0,5.0,5.0,0,0.0,0.0,0.0,0.0,0.0,,0.0,0.0,0.0
2018-10-19,5.0,5.0,5.0,5.0,0,0.0,0.0,0.0,0.0,0.0,,0.0,0.0,0.0
2018-10-22,5.0,5.0,5.0,5.0,0,0.0,0.0,0.0,0.0,0.0,,0.0,0.0,0.0
2018-10-23,5.0,5.0,5.0,5.0,0,0.0,0.0,0.0,0.0,0.0,,0.0,0.0,0.0
2018-10-24,5.0,5.0,5.0,5.0,0,0.0,0.0,0.0,0.0,0.0,,0.0,0.0,0.0
2018-10-25,5.0,5.0,5.0,5.0,0,0.0,0.0,0.0,0.0,0.0,,0.0,0.0,0.0
2018-10-26,5.0,5.0,5.0,5.0,0,0.0,0.0,0.0,0.0,0.0,,0.0,0.0,0.0
2018-10-29,5.0,5.0,5.0,5.0,0,0.0,0.0,0.0,0.0,0.0,,0.0,0.0,0.0
2018-10-30,5.0,5.0,5.0,5.0,0,0.0,0.0,0.0,0.0,0.0,,0.0,0.0,0.0
2018-10-31,5.0,5.0,5.0,5.0,0,0.0,0.0,0.0,0.0,0.0,,0.0,0.0,0.0
2018-11-01,5.5,5.5,5.5,5.5,100,550.0,0.0,0.0,0.0,0.0,,0.0,0.0,0.0
2018-11-02,5.5,5.5,5.5,5.5,0,0.0,0.0,0.0,0.0,0.0,,0.0,0.0,0.0
2018-11-05,5.5,5.5,5.5,5.5,0,0.0,0.0,0.0,0.0,0.0,,0.0,0.0,0.0
2018-11-06,5.5,5.5,5.5,5.5,0,0.0,0.0,0.0,0.0,0.0,,0.0,0.0,0.0
2018-11-07,5.5,5.5,5.5,5.5,0,0.0,0.0,0.0,0.0,0.0,,0.0,0.0,0.0
2018-11-08,5.5,5.5,5.5,5.5,0,0.0,0.0,0.0,0.0,0.0,,0.0,0.0,0.0
2018-11-09,5.5,5.5,5.5,5.5,0,0.0,0.0,0.0,0.0,0.0,,0.0,0.0,0.0
2018-11-12,5.5,5.5,5.5,5.5,0,0.0,0.0,0.0,0.0,0.0,,0.0,0.0,0.0
2018-11-13,5.5,5.5,5.5,5.5,0,0.0,0.0,0.0,0.0,0.0,,0.0,0.0,0.0
2018-11-14,5.5,5.5,5.5,5.5,0,0.0,0.0,0.0,0.0,0.0,,0.0,0.0,0.0
2018-11-15,5.5,5.5,5.5,5.5,0,0.0,0.0,0.0,0.0,0.0,,0.0,0.0,0.0
2018-11-16,5.5,5.5,5.5,5.5,0,0.0,0.0,0.0,0.0,0.0,,0.0,0.0,0.0
2018-11-19,5.5,5.5,5.5,5.5,0,0.0,0.0,0.0,0.0,0.0,,0.0,0.0,0.0
2018-11-20,5.5,5.5,5.5,5.5,0,0.0,0.0,0.0,0.0,0.0,,0.0,0.0,0.0
2018-11-21,5.5,5.5,5.5,5.5,0,0.0,0.0,0.0,0.0,0.0,,0.0,0.0,0.0
2018-11-22,5.5,5.5,5.5,5.5,0,0.0,0.0,0.0,0.0,0.0,,0.0,0.0,0.0
2018-11-23,5.5,5.5,5.5,5.5,0,0.0,0.0,0.0,0.0,0.0,,0.0,0.0,0.0
2018-11-26,5.5,5.5,5.5,5.5,0,0.0,0.0,0.0,0.0,0.0,,0.0,0.0,0.0
2018-11-27,5.5,5.5,5.5,5.5,0,0.0,0.0,0.0,0.0,0.0,,0.0,0.0,0.0
2018-11-28,5.5,5.5,5.5,5.5,0,0.0,0.0,0.0,0.0,0.0,,0.0,0.0,0.0
2018-11-29,5.5,5.5,5.5,5.5,0,0.0,0.0,0.0,0.0,0.0,,0.0,0.0,0.0
2018-11-30,5.5,5.5,5.5,5.5,0,0.0,0.0,0.0,0.0,0.0,,0.0,0.0,0.0
2018-12-03,5.5,5.5,5.5,5.5,0,0.0,0.0,0.0,0.0,0.0,,0.0,0.0,0.0
2018-12-04,5.5,5.5,5.5,5.5,0,0.0,0.0,0.0,0.0,0.0,,0.0,0.0,0.0
2018-12-05,5.5,5.5,5.5,5.5,0,0.0,0.0,0.0,0.0,0.0,,0.0,0.0,0.0
2018-12-06,5.5,5.5,5.5,5.5,0,0.0,0.0,0.0,0.0,0.0,,0.0,0.0,0.0
2018-12-07,5.5,5.5,5.5,5.5,0,0.0,0.0,0.0,0.0,0.0,,0.0,0.0,0.0
2018-12-10,5.5,5.5,5.5,5.5,0,0.0,0.0,0.0,0.0,0.0,,0.0,0.0,0.0
2018-12-11,5.5,5.5,5.5,5.5,0,0.0,0.0,0.0,0.0,0.0,,0.0,0.0,0.0
2018-12-12,5.5,5.5,5.5,5.5,0,0.0,0.0,0.0,0.0,0.0,,0.0,0.0,0.0
2018-12-13,5.5,5.5,5.5,5.5,0,0.0,0.0,0.0,0.0,0.0,,0.0,0.0,0.0
2018-12-14,5.5,5.5,5.5,5.5,0,0.0,0.0,0.0,0.0,0.0,,0.0,0.0,0.0
2018-12-17,5.5,5.5,5.5,5.5,0,0.0,0.0,0.0,0.0,0.0,,0.0,0.0,0.0
2018-12-18,5.5,5.5,5.5,5.5,0,0.0,0.0,0.0,0.0,0.0,,0.0,0.0,0.0
2018-12-19,5.5,5.5,5.5,5.5,0,0.0,0.0,0.0,0.0,0.0,,0.0,0.0,0.0
2018-12-20,5.5,5.5,5.5,5.5,0,0.0,0.0,0.0,0.0,0.0,,0.0,0.0,0.0
2018-12-21,5.5,5.5,5.5,5.5,0,0.0,0.0,0.0,0.0,0.0,,0.0,0.0,0.0
2018-12-24,5.5,5.5,5.5,5.5,0,0.0,0.0,0.0,0.0,0.0,,0.0,0.0,0.0
2018-12-25,5.5,5.5,5.5,5.5,0,0.0,0.0,0.0,0.0,0.0,,0.0,0.0,0.0
2018-12-26,5.5,5.5,5.5,5.5,0,0.0,0.0,0.0,0.0,0.0,,0.0,0.0,0.0
2018-12-27,5.5,5.5,5.5,5.5,0,0.0,0.0,0.0,0.0,0.0,,0.0,0.0,0.0
2018-12-28,5.5,5.5,5.5,5.5,0,0.0,0.0,0.0,0.0,0.0,,0.0,0.0,0.0
2019-01-02,5.5,5.5,5.5,5.5,0,0.0,0.0,0.0,0.0,0.0,,0.0,0.0,0.0
2019-01-03,5.5,5.5,5.5,5.5,0,0.0,0.0,0.0,0.0,0.0,,0.0,0.0,0.0
2019-01-04,5.5,5.5,5.5,5.5,0,0.0,0.0,0.0,0.0,0.0,,0.0,0.0,0.0
2019-01-07,5.5,5.5,5.5,5.5,0,0.0,0.0,0.0,0.0,0.0,,0.0,0.0,0.0
2019-01-08,5.5,5.5,5.5,5.5,0,0.0,0.0,0.0,0.0,0.0,,0.0,0.0,0.0
2019-01-09,5.5,5.5,5.5,5.5,0,0.0,0.0,0.0,0.0,0.0,,0.0,0.0,0.0
2019-01-10,5.5,5.5,5.5,5.5,0,0.0,0.0,0.0,0.0,0.0,,0.0,0.0,0.0
2019-01-11,5.5,5.5,5.5,5.5,0,0.0,0.0,0.0,0.0,0.0,,0.0,0.0,0.0
2019-01-14,5.5,5.5,5.5,5.5,0,0.0,0.0,0.0,0.0,0.0,,0.0,0.0,0.0
2019-01-15,5.5,5.5,5.5,5.5,0,0.0,0.0,0.0,0.0,0.0,,0.0,0.0,0.0
2019-01-16,5.5,5.5,5.5,5.5,0,0.0,0.0,0.0,0.0,0.0,,0.0,0.0,0.0
2019-01-17,5.5,5.5,5.5,5.5,0,0.0,0.0,0.0,0.0,0.0,,0.0,0.0,0.0
2019-01-18,5.5,5.5,5.5,5.5,0,0.0,0.0,0.0,0.0,0.0,,0.0,0.0,0.0
2019-01-21,5.5,5.5,5.5,5.5,0,0.0,0.0,0.0,0.0,0.0,,0.0,0.0,0.0
2019-01-22,5.5,5.5,5.5,5.5,0,0.0,0.0,0.0,0.0,0.0,,0.0,0.0,0.0
2019-01-23,5.5,5.5,5.5,5.5,0,0.0,0.0,0.0,0.0,0.0,,0.0,0.0,0.0
2019-01-24,5.5,5.5,5.5,5.5,0,0.0,0.0,0.0,0.0,0.0,,0.0,0.0,0.0
2019-01-25,5.5,5.5,5.5,5.5,0,0.0,0.0,0.0,0.0,0.0,,0.0,0.0,0.0
2019-01-28,5.5,5.5,5.5,5.5,0,0.0,0.0,0.0,0.0,0.0,,0.0,0.0,0.0
2019-01-29,5.5,5.5,5.5,5.5,0,0.0,0.0,0.0,0.0,0.0,,0.0,0.0,0.0
2019-01-30,5.5,5.5,5.5,5.5,0,0.0,0.0,0.0,0.0,0.0,,0.0,0.0,0.0
2019-01-31,5.5,5.5,5.5,5.5,0,0.0,0.0,0.0,0.0,0.0,,0.0,0.0,0.0
2019-02-01,5.5,5.5,5.5,5.5,0,0.0,0.0,0.0,0.0,0.0,,0.0,0.0,0.0
2019-02-11,5.5,5.5,5.5,5.5,400,2200.0,0.0,0.0,0.0,0.0,,0.0,0.0,0.0
2019-02-12,5.5,5.5,5.5,5.5,0,0.0,0.0,0.0,0.0,0.0,,0.0,0.0,0.0
2019-02-13,5.5,5.5,5.5,5.5,0,0.0,0.0,0.0,0.0,0.0,,0.0,0.0,0.0
2019-02-14,5.5,5.5,5.5,5.5,0,0.0,0.0,0.0,0.0,0.0,,0.0,0.0,0.0
2019-02-15,5.5,5.5,5.5,5.5,0,0.0,0.0,0.0,0.0,0.0,,0.0,0.0,0.0
2019-02-18,5.5,5.5,5.5,5.5,0,0.0,0.0,0.0,0.0,0.0,,0.0,0.0,0.0
2019-02-19,5.5,5.5,5.5,5.5,0,0.0,0.0,0.0,0.0,0.0,,0.0,0.0,0.0
2019-02-20,5.5,5.5,5.5,5.5,0,0.0,0.0,0.0,0.0,0.0,,0.0,0.0,0.0
2019-02-21,5.5,5.5,5.5,5.5,0,0.0,0.0,0.0,0.0,0.0,,0.0,0.0,0.0
2019-02-22,5.5,5.5,5.5,5.5,0,0.0,0.0,0.0,0.0,0.0,,0.0,0.0,0.0
2019-02-25,5.5,5.5,5.5,5.5,0,0.0,0.0,0.0,0.0,0.0,,0.0,0.0,0.0
2019-02-26,5.5,5.5,5.5,5.5,0,0.0,0.0,0.0,0.0,0.0,,0.0,0.0,0.0
2019-02-27,5.5,5.5,5.5,5.5,0,0.0,0.0,0.0,0.0,0.0,,0.0,0.0,0.0
2019-02-28,5.5,5.5,5.5,5.5,0,0.0,0.0,0.0,0.0,0.0,,0.0,0.0,0.0
2019-03-01,5.5,5.5,5.5,5.5,0,0.0,0.0,0.0,0.0,0.0,,0.0,0.0,0.0
2019-03-04,5.5,5.5,5.5,5.5,0,0.0,0.0,0.0,0.0,0.0,,0.0,0.0,0.0
2019-03-05,5.0,5.0,5.0,5.0,1000,5000.0,0.0,0.0,0.0,0.0,,0.0,0.0,0.0
2019-03-06,5.0,5.0,5.0,5.0,0,0.0,0.0,0.0,0.0,0.0,,0.0,0.0,0.0
2019-03-07,5.0,5.0,5.0,5.0,0,0.0,0.0,0.0,0.0,0.0,,0.0,0.0,0.0
2019-03-08,5.0,5.0,5.0,5.0,0,0.0,0.0,0.0,0.0,0.0,,0.0,0.0,0.0
2019-03-11,5.0,5.0,5.0,5.0,100,500.0,0.0,0.0,0.0,0.0,,0.0,0.0,0.0
2019-03-12,5.0,5.0,5.0,5.0,0,0.0,0.0,0.0,0.0,0.0,,0.0,0.0,0.0
2019-03-13,5.0,5.0,5.0,5.0,0,0.0,0.0,0.0,0.0,0.0,,0.0,0.0,0.0
2019-03-14,5.0,5.0,5.0,5.0,0,0.0,0.0,0.0,0.0,0.0,,0.0,0.0,0.0
2019-03-15,5.0,5.0,5.0,5.0,0,0.0,0.0,0.0,0.0,0.0,,0.0,0.0,0.0
2019-03-18,5.0,5.0,5.0,5.0,0,0.0,0.0,0.0,0.0,0.0,,0.0,0.0,0.0
2019-03-19,5.0,5.0,5.0,5.0,0,0.0,0.0,0.0,0.0,0.0,,0.0,0.0,0.0
2019-03-20,5.7,5.7,5.7,5.7,100,570.0,0.0,0.0,0.0,0.0,,0.0,0.0,0.0
2019-03-21,5.7,5.7,5.7,5.7,0,0.0,0.0,0.0,0.0,0.0,,0.0,0.0,0.0
2019-03-22,5.7,5.7,5.7,5.7,0,0.0,0.0,0.0,0.0,0.0,,0.0,0.0,0.0
2019-03-25,5.7,5.7,5.7,5.7,0,0.0,0.0,0.0,0.0,0.0,,0.0,0.0,0.0
2019-03-26,5.7,5.7,5.7,5.7,0,0.0,0.0,0.0,0.0,0.0,,0.0,0.0,0.0
2019-03-27,5.7,5.7,5.7,5.7,0,0.0,0.0,0.0,0.0,0.0,,0.0,0.0,0.0
2019-03-28,5.7,5.7,5.7,5.7,0,0.0,0.0,0.0,0.0,0.0,,0.0,0.0,0.0
2019-03-29,5.7,5.7,5.7,5.7,0,0.0,0.0,0.0,0.0,0.0,,0.0,0.0,0.0
2019-04-01,5.7,5.7,5.7,5.7,0,0.0,0.0,0.0,0.0,0.0,,0.0,0.0,0.0
2019-04-02,5.7,5.7,5.7,5.7,0,0.0,0.0,0.0,0.0,0.0,,0.0,0.0,0.0
2019-04-03,4.9,5.0,4.9,5.0,400,2000.0,0.0,0.0,0.0,0.0,,0.0,0.0,0.0
2019-04-04,5.0,5.0,5.0,5.0,500,2500.0,0.0,0.0,0.0,0.0,,0.0,0.0,0.0
2019-04-05,5.0,5.0,5.0,5.0,0,0.0,0.0,0.0,0.0,0.0,,0.0,0.0,0.0
2019-04-08,5.0,5.0,5.0,5.0,300,1500.0,0.0,0.0,0.0,0.0,,0.0,0.0,0.0
2019-04-09,5.0,5.0,5.0,5.0,0,0.0,0.0,0.0,0.0,0.0,,0.0,0.0,0.0
2019-04-10,5.0,5.0,5.0,5.0,0,0.0,0.0,0.0,0.0,0.0,,0.0,0.0,0.0
2019-04-11,5.0,5.0,5.0,5.0,300,1500.0,0.0,0.0,0.0,0.0,,0.0,0.0,0.0
2019-04-12,5.0,5.0,5.0,5.0,0,0.0,0.0,0.0,0.0,0.0,,0.0,0.0,0.0
2019-04-16,5.0,5.0,5.0,5.0,500,2500.0,0.0,0.0,0.0,0.0,,0.0,0.0,0.0
2019-04-17,5.0,5.0,5.0,5.0,0,0.0,0.0,0.0,0.0,0.0,,0.0,0.0,0.0
2019-04-18,5.0,5.0,5.0,5.0,0,0.0,0.0,0.0,0.0,0.0,,0.0,0.0,0.0
2019-04-19,5.0,5.0,5.0,5.0,0,0.0,0.0,0.0,0.0,0.0,,0.0,0.0,0.0
2019-04-22,5.0,5.0,5.0,5.0,0,0.0,0.0,0.0,0.0,0.0,,0.0,0.0,0.0
2019-04-23,5.0,5.0,5.0,5.0,0,0.0,0.0,0.0,0.0,0.0,,0.0,0.0,0.0
2019-04-24,5.0,5.0,5.0,5.0,0,0.0,0.0,0.0,0.0,0.0,,0.0,0.0,0.0
2019-04-25,5.0,5.0,5.0,5.0,0,0.0,0.0,0.0,0.0,0.0,,0.0,0.0,0.0
2019-04-26,5.0,5.0,5.0,5.0,0,0.0,0.0,0.0,0.0,0.0,,0.0,0.0,0.0
2019-05-02,5.0,5.0,5.0,5.0,0,0.0,0.0,0.0,0.0,0.0,,0.0,0.0,0.0
2019-05-03,5.0,5.0,5.0,5.0,0,0.0,0.0,0.0,0.0,0.0,,0.0,0.0,0.0
2019-05-06,5.0,5.0,5.0,5.0,0,0.0,0.0,0.0,0.0,0.0,,0.0,0.0,0.0
2019-05-07,5.0,5.0,5.0,5.0,0,0.0,0.0,0.0,0.0,0.0,,0.0,0.0,0.0
2019-05-08,5.0,5.0,5.0,5.0,0,0.0,0.0,0.0,0.0,0.0,,0.0,0.0,0.0
2019-05-09,5.0,5.0,5.0,5.0,0,0.0,0.0,0.0,0.0,0.0,,0.0,0.0,0.0
2019-05-10,5.0,5.0,5.0,5.0,0,0.0,0.0,0.0,0.0,0.0,,0.0,0.0,0.0
2019-05-13,5.0,5.0,5.0,5.0,0,0.0,0.0,0.0,0.0,0.0,,0.0,0.0,0.0
2019-05-14,5.0,5.0,5.0,5.0,0,0.0,0.0,0.0,0.0,0.0,,0.0,0.0,0.0
2019-05-15,5.0,5.0,5.0,5.0,0,0.0,0.0,0.0,0.0,0.0,,0.0,0.0,0.0
2019-05-16,5.0,5.0,5.0,5.0,0,0.0,0.0,0.0,0.0,0.0,,0.0,0.0,0.0
2019-05-17,5.0,5.0,5.0,5.0,0,0.0,0.0,0.0,0.0,0.0,,0.0,0.0,0.0
2019-05-20,5.7,5.7,5.7,5.7,108,615.6,0.0,0.0,0.0,0.0,,0.0,0.0,0.0
2019-05-21,6.5,6.5,6.5,6.5,100,650.0,0.0,0.0,0.0,0.0,,0.0,0.0,0.0
2019-05-22,6.5,6.5,6.5,6.5,0,0.0,0.0,0.0,0.0,0.0,,0.0,0.0,0.0
2019-05-23,6.5,6.5,6.5,6.5,0,0.0,0.0,0.0,0.0,0.0,,0.0,0.0,0.0
2019-05-24,6.5,6.5,6.5,6.5,0,0.0,0.0,0.0,0.0,0.0,,0.0,0.0,0.0
2019-05-27,5.6,5.6,5.6,5.6,800,4480.0,0.0,0.0,0.0,0.0,,0.0,0.0,0.0
2019-05-28,5.5,5.5,5.5,5.5,1000,5500.0,0.0,0.0,0.0,0.0,,0.0,0.0,0.0
2019-05-29,5.5,5.5,5.5,5.5,0,0.0,0.0,0.0,0.0,0.0,,0.0,0.0,0.0
2019-05-30,5.5,5.5,5.5,5.5,0,0.0,0.0,0.0,0.0,0.0,,0.0,0.0,0.0
2019-05-31,5.5,5.5,5.5,5.5,0,0.0,0.0,0.0,0.0,0.0,,0.0,0.0,0.0
2019-06-03,5.5,5.5,5.5,5.5,0,0.0,0.0,0.0,0.0,0.0,,0.0,0.0,0.0
2019-06-04,5.0,5.0,5.0,5.0,2000,10000.0,0.0,0.0,0.0,0.0,,0.0,0.0,0.0
2019-06-05,5.0,5.0,5.0,5.0,300,1500.0,0.0,0.0,0.0,0.0,,0.0,0.0,0.0
2019-06-06,5.0,5.0,5.0,5.0,0,0.0,0.0,0.0,0.0,0.0,,0.0,0.0,0.0
2019-06-07,5.0,5.0,5.0,5.0,500,2500.0,0.0,0.0,0.0,0.0,,0.0,0.0,0.0
2019-06-10,5.0,5.0,5.0,5.0,1000,5000.0,0.0,0.0,0.0,0.0,,0.0,0.0,0.0
2019-06-11,5.0,5.0,5.0,5.0,0,0.0,0.0,0.0,0.0,0.0,,0.0,0.0,0.0
2019-06-12,5.0,5.0,5.0,5.0,0,0.0,0.0,0.0,0.0,0.0,,0.0,0.0,0.0
2019-06-13,5.0,5.0,5.0,5.0,500,2500.0,0.0,0.0,0.0,0.0,,0.0,0.0,0.0
2019-06-14,5.0,5.0,5.0,5.0,0,0.0,0.0,0.0,0.0,0.0,,0.0,0.0,0.0
2019-06-17,5.0,5.0,5.0,5.0,1500,7500.0,0.0,0.0,0.0,0.0,,0.0,0.0,0.0
2019-06-18,5.0,5.0,5.0,5.0,0,0.0,0.0,0.0,0.0,0.0,,0.0,0.0,0.0
2019-06-19,5.0,5.0,5.0,5.0,0,0.0,0.0,0.0,0.0,0.0,,0.0,0.0,0.0
2019-06-20,5.0,5.0,5.0,5.0,0,0.0,0.0,0.0,0.0,0.0,,0.0,0.0,0.0
2019-06-21,5.0,5.0,5.0,5.0,0,0.0,0.0,0.0,0.0,0.0,,0.0,0.0,0.0
2019-06-24,5.0,5.0,5.0,5.0,0,0.0,0.0,0.0,0.0,0.0,,0.0,0.0,0.0
2019-06-25,5.0,5.0,5.0,5.0,0,0.0,0.0,0.0,0.0,0.0,,0.0,0.0,0.0
2019-06-26,5.0,5.0,5.0,5.0,0,0.0,0.0,0.0,0.0,0.0,,0.0,0.0,0.0
2019-06-27,5.0,5.0,5.0,5.0,0,0.0,0.0,0.0,0.0,0.0,,0.0,0.0,0.0
2019-06-28,5.0,5.0,5.0,5.0,0,0.0,0.0,0.0,0.0,0.0,,0.0,0.0,0.0
2019-07-01,5.0,5.0,5.0,5.0,0,0.0,0.0,0.0,0.0,0.0,,0.0,0.0,0.0
2019-07-02,5.0,5.0,5.0,5.0,0,0.0,0.0,0.0,0.0,0.0,,0.0,0.0,0.0
2019-07-03,5.0,5.0,5.0,5.0,0,0.0,0.0,0.0,0.0,0.0,,0.0,0.0,0.0
2019-07-04,5.0,5.0,5.0,5.0,0,0.0,0.0,0.0,0.0,0.0,,0.0,0.0,0.0
2019-07-05,5.0,5.0,5.0,5.0,0,0.0,0.0,0.0,0.0,0.0,,0.0,0.0,0.0
2019-07-08,5.0,5.0,5.0,5.0,0,0.0,0.0,0.0,0.0,0.0,,0.0,0.0,0.0
2019-07-09,5.0,5.0,5.0,5.0,0,0.0,0.0,0.0,0.0,0.0,,0.0,0.0,0.0
2019-07-10,5.0,5.0,5.0,5.0,0,0.0,0.0,0.0,0.0,0.0,,0.0,0.0,0.0
2019-07-11,5.0,5.7,5.0,5.7,1400,7980.0,0.0,0.0,0.0,0.0,,0.0,0.0,0.0
2019-07-12,5.3,5.3,5.3,5.3,0,0.0,0.0,0.0,0.0,0.0,,0.0,0.0,0.0
2019-07-15,5.3,5.3,5.3,5.3,0,0.0,0.0,0.0,0.0,0.0,,0.0,0.0,0.0
2019-07-16,5.3,5.3,5.3,5.3,0,0.0,0.0,0.0,0.0,0.0,,0.0,0.0,0.0
2019-07-17,5.3,5.3,5.3,5.3,0,0.0,0.0,0.0,0.0,0.0,,0.0,0.0,0.0
2019-07-18,5.3,5.3,5.3,5.3,0,0.0,0.0,0.0,0.0,0.0,,0.0,0.0,0.0
2019-07-19,5.3,5.3,5.3,5.3,0,0.0,0.0,0.0,0.0,0.0,,0.0,0.0,0.0
2019-07-22,5.3,5.3,5.3,5.3,0,0.0,0.0,0.0,0.0,0.0,,0.0,0.0,0.0
2019-07-23,5.0,5.0,5.0,5.0,100,500.0,0.0,0.0,0.0,0.0,,0.0,0.0,0.0
2019-07-24,5.0,5.0,5.0,5.0,0,0.0,0.0,0.0,0.0,0.0,,0.0,0.0,0.0
2019-07-25,5.0,5.0,5.0,5.0,0,0.0,0.0,0.0,0.0,0.0,,0.0,0.0,0.0
2019-07-26,5.0,5.0,5.0,5.0,0,0.0,0.0,0.0,0.0,0.0,,0.0,0.0,0.0
2019-07-29,5.0,5.0,5.0,5.0,0,0.0,0.0,0.0,0.0,0.0,,0.0,0.0,0.0
2019-07-30,5.0,5.0,5.0,5.0,100,500.0,0.0,0.0,0.0,0.0,,0.0,0.0,0.0
2019-07-31,5.0,5.0,5.0,5.0,1300,6500.0,0.0,0.0,0.0,0.0,,0.0,0.0,0.0
2019-08-01,5.0,5.0,5.0,5.0,1000,5000.0,0.0,0.0,0.0,0.0,,0.0,0.0,0.0
2019-08-02,5.0,5.0,5.0,5.0,0,0.0,0.0,0.0,0.0,0.0,,0.0,0.0,0.0
2019-08-05,5.0,5.0,5.0,5.0,0,0.0,0.0,0.0,0.0,0.0,,0.0,0.0,0.0
2019-08-06,5.0,5.0,5.0,5.0,2000,10000.0,0.0,0.0,0.0,0.0,,0.0,0.0,0.0
2019-08-07,5.0,5.0,5.0,5.0,0,0.0,0.0,0.0,0.0,0.0,,0.0,0.0,0.0
2019-08-08,5.0,5.0,5.0,5.0,0,0.0,0.0,0.0,0.0,0.0,,0.0,0.0,0.0
2019-08-09,5.0,5.0,5.0,5.0,0,0.0,0.0,0.0,0.0,0.0,,0.0,0.0,0.0
2019-08-12,5.0,5.0,5.0,5.0,0,0.0,0.0,0.0,0.0,0.0,,0.0,0.0,0.0
2019-08-13,5.0,5.0,5.0,5.0,0,0.0,0.0,0.0,0.0,0.0,,0.0,0.0,0.0
2019-08-14,5.0,5.0,5.0,5.0,0,0.0,0.0,0.0,0.0,0.0,,0.0,0.0,0.0
2019-08-15,5.0,5.0,5.0,5.0,100,500.0,0.0,0.0,0.0,0.0,,0.0,0.0,0.0
2019-08-16,5.0,5.0,5.0,5.0,0,0.0,0.0,0.0,0.0,0.0,,0.0,0.0,0.0
2019-08-19,5.0,5.0,5.0,5.0,0,0.0,0.0,0.0,0.0,0.0,,0.0,0.0,0.0
2019-08-20,5.0,5.0,5.0,5.0,0,0.0,0.0,0.0,0.0,0.0,,0.0,0.0,0.0
2019-08-21,5.0,5.0,5.0,5.0,0,0.0,0.0,0.0,0.0,0.0,,0.0,0.0,0.0
2019-08-22,5.0,5.0,5.0,5.0,0,0.0,0.0,0.0,0.0,0.0,,0.0,0.0,0.0
2019-08-23,5.0,5.0,5.0,5.0,0,0.0,0.0,0.0,0.0,0.0,,0.0,0.0,0.0
2019-08-26,5.0,5.0,5.0,5.0,0,0.0,0.0,0.0,0.0,0.0,,0.0,0.0,0.0
2019-08-27,5.0,5.0,5.0,5.0,0,0.0,0.0,0.0,0.0,0.0,,0.0,0.0,0.0
2019-08-28,5.0,5.0,5.0,5.0,0,0.0,0.0,0.0,0.0,0.0,,0.0,0.0,0.0
2019-08-29,5.0,5.0,5.0,5.0,200,1000.0,0.0,0.0,0.0,0.0,,0.0,0.0,0.0
2019-08-30,5.0,5.0,5.0,5.0,0,0.0,0.0,0.0,0.0,0.0,,0.0,0.0,0.0
2019-09-03,5.0,5.0,5.0,5.0,0,0.0,0.0,0.0,0.0,0.0,,0.0,0.0,0.0
2019-09-04,5.0,5.0,5.0,5.0,1000,5000.0,0.0,0.0,0.0,0.0,,0.0,0.0,0.0
2019-09-05,5.0,5.0,5.0,5.0,0,0.0,0.0,0.0,0.0,0.0,,0.0,0.0,0.0
2019-09-06,5.0,5.0,5.0,5.0,0,0.0,0.0,0.0,0.0,0.0,,0.0,0.0,0.0
2019-09-09,5.0,5.0,5.0,5.0,0,0.0,0.0,0.0,0.0,0.0,,0.0,0.0,0.0
2019-09-10,5.0,5.0,5.0,5.0,0,0.0,0.0,0.0,0.0,0.0,,0.0,0.0,0.0
2019-09-11,5.0,5.0,5.0,5.0,0,0.0,0.0,0.0,0.0,0.0,,0.0,0.0,0.0
2019-09-12,5.0,5.0,5.0,5.0,0,0.0,0.0,0.0,0.0,0.0,,0.0,0.0,0.0
2019-09-13,5.0,5.0,5.0,5.0,0,0.0,0.0,0.0,0.0,0.0,,0.0,0.0,0.0
2019-09-16,5.0,5.0,5.0,5.0,0,0.0,0.0,0.0,0.0,0.0,,0.0,0.0,0.0
2019-09-17,4.9,4.9,4.9,4.9,100,490.00000000000006,0.0,0.0,0.0,0.0,,0.0,0.0,0.0
2019-09-18,4.9,4.9,4.9,4.9,0,0.0,0.0,0.0,0.0,0.0,,0.0,0.0,0.0
2019-09-19,4.9,4.9,4.9,4.9,0,0.0,0.0,0.0,0.0,0.0,,0.0,0.0,0.0
2019-09-20,4.9,4.9,4.9,4.9,0,0.0,0.0,0.0,0.0,0.0,,0.0,0.0,0.0
2019-09-23,4.9,4.9,4.9,4.9,0,0.0,0.0,0.0,0.0,0.0,,0.0,0.0,0.0
2019-09-24,4.9,4.9,4.9,4.9,0,0.0,0.0,0.0,0.0,0.0,,0.0,0.0,0.0
2019-09-25,4.9,4.9,4.9,4.9,0,0.0,0.0,0.0,0.0,0.0,,0.0,0.0,0.0
2019-09-26,4.9,4.9,4.9,4.9,0,0.0,0.0,0.0,0.0,0.0,,0.0,0.0,0.0
2019-09-27,4.9,4.9,4.9,4.9,0,0.0,0.0,0.0,0.0,0.0,,0.0,0.0,0.0
2019-09-30,4.9,4.9,4.9,4.9,300,1470.0,0.0,0.0,0.0,0.0,,0.0,0.0,0.0
2019-10-01,4.9,4.9,4.9,4.9,0,0.0,0.0,0.0,0.0,0.0,,0.0,0.0,0.0
2019-10-02,4.9,4.9,4.9,4.9,0,0.0,0.0,0.0,0.0,0.0,,0.0,0.0,0.0
2019-10-03,4.9,4.9,4.9,4.9,0,0.0,0.0,0.0,0.0,0.0,,0.0,0.0,0.0
2019-10-04,4.9,4.9,4.9,4.9,0,0.0,0.0,0.0,0.0,0.0,,0.0,0.0,0.0
2019-10-07,4.9,4.9,4.9,4.9,0,0.0,0.0,0.0,0.0,0.0,,0.0,0.0,0.0
2019-10-08,4.9,4.9,4.9,4.9,0,0.0,0.0,0.0,0.0,0.0,,0.0,0.0,0.0
2019-10-09,4.9,4.9,4.9,4.9,0,0.0,0.0,0.0,0.0,0.0,,0.0,0.0,0.0
2019-10-10,4.9,4.9,4.9,4.9,0,0.0,0.0,0.0,0.0,0.0,,0.0,0.0,0.0
2019-10-11,4.9,4.9,4.9,4.9,0,0.0,0.0,0.0,0.0,0.0,,0.0,0.0,0.0
2019-10-14,4.9,4.9,4.9,4.9,0,0.0,0.0,0.0,0.0,0.0,,0.0,0.0,0.0
2019-10-15,4.9,4.9,4.9,4.9,0,0.0,0.0,0.0,0.0,0.0,,0.0,0.0,0.0
2019-10-16,4.9,4.9,4.9,4.9,0,0.0,0.0,0.0,0.0,0.0,,0.0,0.0,0.0
2019-10-17,4.9,4.9,4.9,4.9,0,0.0,0.0,0.0,0.0,0.0,,0.0,0.0,0.0
2019-10-18,4.8,4.8,4.8,4.8,1100,5280.0,0.0,0.0,0.0,0.0,,0.0,0.0,0.0
2019-10-21,4.8,4.8,4.8,4.8,0,0.0,0.0,0.0,0.0,0.0,,0.0,0.0,0.0
2019-10-22,4.8,4.8,4.8,4.8,0,0.0,0.0,0.0,0.0,0.0,,0.0,0.0,0.0
2019-10-23,4.8,4.8,4.8,4.8,0,0.0,0.0,0.0,0.0,0.0,,0.0,0.0,0.0
2019-10-24,4.8,4.8,4.8,4.8,0,0.0,0.0,0.0,0.0,0.0,,0.0,0.0,0.0
2019-10-25,4.8,4.8,4.8,4.8,0,0.0,0.0,0.0,0.0,0.0,,0.0,0.0,0.0
2019-10-28,4.8,4.8,4.8,4.8,0,0.0,0.0,0.0,0.0,0.0,,0.0,0.0,0.0
2019-10-29,4.8,4.8,4.8,4.8,0,0.0,0.0,0.0,0.0,0.0,,0.0,0.0,0.0
2019-10-30,4.8,4.8,4.8,4.8,0,0.0,0.0,0.0,0.0,0.0,,0.0,0.0,0.0
2019-10-31,4.8,4.8,4.8,4.8,0,0.0,0.0,0.0,0.0,0.0,,0.0,0.0,0.0
2019-11-01,4.8,4.8,4.8,4.8,0,0.0,0.0,0.0,0.0,0.0,,0.0,0.0,0.0
2019-11-04,4.8,4.8,4.8,4.8,0,0.0,0.0,0.0,0.0,0.0,,0.0,0.0,0.0
2019-11-05,4.8,4.8,4.8,4.8,0,0.0,0.0,0.0,0.0,0.0,,0.0,0.0,0.0
2019-11-06,4.8,4.8,4.8,4.8,0,0.0,0.0,0.0,0.0,0.0,,0.0,0.0,0.0
2019-11-07,4.8,4.8,4.8,4.8,0,0.0,0.0,0.0,0.0,0.0,,0.0,0.0,0.0
2019-11-08,4.8,4.8,4.8,4.8,0,0.0,0.0,0.0,0.0,0.0,,0.0,0.0,0.0
2019-11-11,4.8,4.8,4.8,4.8,0,0.0,0.0,0.0,0.0,0.0,,0.0,0.0,0.0
2019-11-12,4.8,4.8,4.8,4.8,0,0.0,0.0,0.0,0.0,0.0,,0.0,0.0,0.0
2019-11-13,4.8,4.8,4.8,4.8,0,0.0,0.0,0.0,0.0,0.0,,0.0,0.0,0.0
2019-11-14,4.8,4.8,4.8,4.8,0,0.0,0.0,0.0,0.0,0.0,,0.0,0.0,0.0
2019-11-15,4.8,4.8,4.8,4.8,0,0.0,0.0,0.0,0.0,0.0,,0.0,0.0,0.0
2019-11-18,4.8,4.8,4.8,4.8,0,0.0,0.0,0.0,0.0,0.0,,0.0,0.0,0.0
2019-11-19,4.8,4.8,4.8,4.8,0,0.0,0.0,0.0,0.0,0.0,,0.0,0.0,0.0
2019-11-20,4.8,4.8,4.8,4.8,0,0.0,0.0,0.0,0.0,0.0,,0.0,0.0,0.0
2019-11-21,4.8,4.8,4.8,4.8,0,0.0,0.0,0.0,0.0,0.0,,0.0,0.0,0.0
2019-11-22,4.8,4.8,4.8,4.8,0,0.0,0.0,0.0,0.0,0.0,,0.0,0.0,0.0
2019-11-25,4.8,4.8,4.8,4.8,0,0.0,0.0,0.0,0.0,0.0,,0.0,0.0,0.0
2019-11-26,4.8,4.8,4.8,4.8,0,0.0,0.0,0.0,0.0,0.0,,0.0,0.0,0.0
2019-11-27,5.6,5.6,5.6,5.6,500,2800.0,0.0,0.0,0.0,0.0,,0.0,0.0,0.0
2019-11-28,5.6,5.6,5.6,5.6,0,0.0,0.0,0.0,0.0,0.0,,0.0,0.0,0.0
2019-11-29,5.6,5.6,5.6,5.6,0,0.0,0.0,0.0,0.0,0.0,,0.0,0.0,0.0
2019-12-02,5.7,5.7,5.7,5.7,100,570.0,0.0,0.0,0.0,0.0,,0.0,0.0,0.0
2019-12-03,5.7,5.7,5.7,5.7,0,0.0,0.0,0.0,0.0,0.0,,0.0,0.0,0.0
2019-12-04,5.7,5.7,5.7,5.7,0,0.0,0.0,0.0,0.0,0.0,,0.0,0.0,0.0
2019-12-05,5.7,5.7,5.7,5.7,0,0.0,0.0,0.0,0.0,0.0,,0.0,0.0,0.0
2019-12-06,5.7,5.7,5.7,5.7,0,0.0,0.0,0.0,0.0,0.0,,0.0,0.0,0.0
2019-12-09,5.7,5.7,5.7,5.7,0,0.0,0.0,0.0,0.0,0.0,,0.0,0.0,0.0
2019-12-10,5.7,5.7,5.7,5.7,0,0.0,0.0,0.0,0.0,0.0,,0.0,0.0,0.0
2019-12-11,5.7,5.7,5.7,5.7,0,0.0,0.0,0.0,0.0,0.0,,0.0,0.0,0.0
2019-12-12,5.7,5.7,5.7,5.7,0,0.0,0.0,0.0,0.0,0.0,,0.0,0.0,0.0
2019-12-13,5.7,5.7,5.7,5.7,0,0.0,0.0,0.0,0.0,0.0,,0.0,0.0,0.0
2019-12-16,5.7,5.7,5.7,5.7,0,0.0,0.0,0.0,0.0,0.0,,0.0,0.0,0.0
2019-12-17,5.7,5.7,5.7,5.7,0,0.0,0.0,0.0,0.0,0.0,,0.0,0.0,0.0
2019-12-18,5.7,5.7,5.7,5.7,0,0.0,0.0,0.0,0.0,0.0,,0.0,0.0,0.0
2019-12-19,5.7,5.7,5.7,5.7,0,0.0,0.0,0.0,0.0,0.0,,0.0,0.0,0.0
2019-12-20,5.7,5.7,5.7,5.7,0,0.0,0.0,0.0,0.0,0.0,,0.0,0.0,0.0
2019-12-23,5.7,5.7,5.7,5.7,0,0.0,0.0,0.0,0.0,0.0,,0.0,0.0,0.0
2019-12-24,5.7,5.7,5.7,5.7,0,0.0,0.0,0.0,0.0,0.0,,0.0,0.0,0.0
2019-12-25,5.7,5.7,5.7,5.7,0,0.0,0.0,0.0,0.0,0.0,,0.0,0.0,0.0
2019-12-26,5.7,5.7,5.7,5.7,0,0.0,0.0,0.0,0.0,0.0,,0.0,0.0,0.0
2019-12-27,5.7,5.7,5.7,5.7,0,0.0,0.0,0.0,0.0,0.0,,0.0,0.0,0.0
2019-12-30,5.7,5.7,5.7,5.7,0,0.0,0.0,0.0,0.0,0.0,,0.0,0.0,0.0
2019-12-31,5.7,5.7,5.7,5.7,0,0.0,0.0,0.0,0.0,0.0,,0.0,0.0,0.0
2020-01-02,5.7,5.7,5.7,5.7,0,0.0,0.0,0.0,0.0,0.0,,0.0,0.0,0.0
2020-01-03,5.7,5.7,5.7,5.7,0,0.0,0.0,0.0,0.0,0.0,,0.0,0.0,0.0
2020-01-06,5.7,5.7,5.7,5.7,0,0.0,0.0,0.0,0.0,0.0,,0.0,0.0,0.0
2020-01-07,5.7,5.7,5.7,5.7,0,0.0,0.0,0.0,0.0,0.0,,0.0,0.0,0.0
2020-01-08,5.7,5.7,5.7,5.7,0,0.0,0.0,0.0,0.0,0.0,,0.0,0.0,0.0
2020-01-09,5.7,5.7,5.7,5.7,0,0.0,0.0,0.0,0.0,0.0,,0.0,0.0,0.0
2020-01-10,5.7,5.7,5.7,5.7,0,0.0,0.0,0.0,0.0,0.0,,0.0,0.0,0.0
2020-01-13,5.7,5.7,5.7,5.7,0,0.0,0.0,0.0,0.0,0.0,,0.0,0.0,0.0
2020-01-14,5.7,5.7,5.7,5.7,0,0.0,0.0,0.0,0.0,0.0,,0.0,0.0,0.0
2020-01-15,5.7,5.7,5.7,5.7,0,0.0,0.0,0.0,0.0,0.0,,0.0,0.0,0.0
2020-01-16,5.7,5.7,5.7,5.7,0,0.0,0.0,0.0,0.0,0.0,,0.0,0.0,0.0
2020-01-17,5.7,5.7,5.7,5.7,0,0.0,0.0,0.0,0.0,0.0,,0.0,0.0,0.0
2020-01-20,5.7,5.7,5.7,5.7,0,0.0,0.0,0.0,0.0,0.0,,0.0,0.0,0.0
2020-01-21,5.7,5.7,5.7,5.7,0,0.0,0.0,0.0,0.0,0.0,,0.0,0.0,0.0
2020-01-22,5.7,5.7,5.7,5.7,0,0.0,0.0,0.0,0.0,0.0,,0.0,0.0,0.0
2020-01-30,5.7,5.7,5.7,5.7,0,0.0,0.0,0.0,0.0,0.0,,0.0,0.0,0.0
2020-01-31,5.7,5.7,5.7,5.7,0,0.0,0.0,0.0,0.0,0.0,,0.0,0.0,0.0
2020-02-03,5.7,5.7,5.7,5.7,0,0.0,0.0,0.0,0.0,0.0,,0.0,0.0,0.0
2020-02-04,5.7,5.7,5.7,5.7,0,0.0,0.0,0.0,0.0,0.0,,0.0,0.0,0.0
2020-02-05,5.7,5.7,5.7,5.7,0,0.0,0.0,0.0,0.0,0.0,,0.0,0.0,0.0
2020-02-06,5.7,5.7,5.7,5.7,0,0.0,0.0,0.0,0.0,0.0,,0.0,0.0,0.0
2020-02-07,5.7,5.7,5.7,5.7,0,0.0,0.0,0.0,0.0,0.0,,0.0,0.0,0.0
2020-02-10,5.7,5.7,5.7,5.7,0,0.0,0.0,0.0,0.0,0.0,,0.0,0.0,0.0
2020-02-11,5.7,5.7,5.7,5.7,0,0.0,0.0,0.0,0.0,0.0,,0.0,0.0,0.0
2020-02-12,5.7,5.7,5.7,5.7,0,0.0,0.0,0.0,0.0,0.0,,0.0,0.0,0.0
2020-02-13,5.7,5.7,5.7,5.7,0,0.0,0.0,0.0,0.0,0.0,,0.0,0.0,0.0
2020-02-14,5.7,5.7,5.7,5.7,0,0.0,0.0,0.0,0.0,0.0,,0.0,0.0,0.0
2020-02-17,5.7,5.7,5.7,5.7,0,0.0,0.0,0.0,0.0,0.0,,0.0,0.0,0.0
2020-02-18,5.7,5.7,5.7,5.7,0,0.0,0.0,0.0,0.0,0.0,,0.0,0.0,0.0
2020-02-19,5.7,5.7,5.7,5.7,0,0.0,0.0,0.0,0.0,0.0,,0.0,0.0,0.0
2020-02-20,5.7,5.7,5.7,5.7,0,0.0,0.0,0.0,0.0,0.0,,0.0,0.0,0.0
2020-02-21,5.7,5.7,5.7,5.7,0,0.0,0.0,0.0,0.0,0.0,,0.0,0.0,0.0
2020-02-24,5.7,5.7,5.7,5.7,0,0.0,0.0,0.0,0.0,0.0,,0.0,0.0,0.0
2020-02-25,5.7,5.7,5.7,5.7,0,0.0,0.0,0.0,0.0,0.0,,0.0,0.0,0.0
2020-02-26,5.7,5.7,5.7,5.7,0,0.0,0.0,0.0,0.0,0.0,,0.0,0.0,0.0
2020-02-27,5.7,5.7,5.7,5.7,0,0.0,0.0,0.0,0.0,0.0,,0.0,0.0,0.0
2020-02-28,5.7,5.7,5.7,5.7,0,0.0,0.0,0.0,0.0,0.0,,0.0,0.0,0.0
2020-03-02,5.7,5.7,5.7,5.7,0,0.0,0.0,0.0,0.0,0.0,,0.0,0.0,0.0
2020-03-03,6.0,6.0,6.0,6.0,1000,6000.0,0.0,0.0,0.0,0.0,,0.0,0.0,0.0
2020-03-04,6.0,6.0,6.0,6.0,0,0.0,0.0,0.0,0.0,0.0,,0.0,0.0,0.0
2020-03-05,6.0,6.0,6.0,6.0,0,0.0,0.0,0.0,0.0,0.0,,0.0,0.0,0.0
2020-03-06,6.0,6.0,6.0,6.0,0,0.0,0.0,0.0,0.0,0.0,,0.0,0.0,0.0
2020-03-09,6.0,6.0,6.0,6.0,0,0.0,0.0,0.0,0.0,0.0,,0.0,0.0,0.0
2020-03-10,6.0,6.0,6.0,6.0,0,0.0,0.0,0.0,0.0,0.0,,0.0,0.0,0.0
2020-03-11,6.0,6.0,6.0,6.0,0,0.0,0.0,0.0,0.0,0.0,,0.0,0.0,0.0
2020-03-12,6.0,6.0,6.0,6.0,0,0.0,0.0,0.0,0.0,0.0,,0.0,0.0,0.0
2020-03-13,6.0,6.0,6.0,6.0,0,0.0,0.0,0.0,0.0,0.0,,0.0,0.0,0.0
2020-03-16,6.0,6.0,6.0,6.0,0,0.0,0.0,0.0,0.0,0.0,,0.0,0.0,0.0
2020-03-17,6.0,6.0,6.0,6.0,0,0.0,0.0,0.0,0.0,0.0,,0.0,0.0,0.0
2020-03-18,6.0,6.0,6.0,6.0,0,0.0,0.0,0.0,0.0,0.0,,0.0,0.0,0.0
2020-03-19,6.0,6.0,6.0,6.0,0,0.0,0.0,0.0,0.0,0.0,,0.0,0.0,0.0
2020-03-20,6.0,6.0,6.0,6.0,0,0.0,0.0,0.0,0.0,0.0,,0.0,0.0,0.0
2020-03-23,6.0,6.0,6.0,6.0,0,0.0,0.0,0.0,0.0,0.0,,0.0,0.0,0.0
2020-03-24,6.0,6.0,6.0,6.0,0,0.0,0.0,0.0,0.0,0.0,,0.0,0.0,0.0
2020-03-25,6.0,6.0,6.0,6.0,0,0.0,0.0,0.0,0.0,0.0,,0.0,0.0,0.0
2020-03-26,6.0,6.0,6.0,6.0,0,0.0,0.0,0.0,0.0,0.0,,0.0,0.0,0.0
2020-03-27,6.0,6.0,6.0,6.0,0,0.0,0.0,0.0,0.0,0.0,,0.0,0.0,0.0
2020-03-30,6.0,6.0,6.0,6.0,0,0.0,0.0,0.0,0.0,0.0,,0.0,0.0,0.0
2020-03-31,6.0,6.0,6.0,6.0,0,0.0,0.0,0.0,0.0,0.0,,0.0,0.0,0.0
2020-04-01,6.0,6.0,6.0,6.0,0,0.0,0.0,0.0,0.0,0.0,,0.0,0.0,0.0
2020-04-03,6.0,6.0,6.0,6.0,0,0.0,0.0,0.0,0.0,0.0,,0.0,0.0,0.0
2020-04-06,6.0,6.0,6.0,6.0,0,0.0,0.0,0.0,0.0,0.0,,0.0,0.0,0.0
2020-04-07,6.0,6.0,6.0,6.0,0,0.0,0.0,0.0,0.0,0.0,,0.0,0.0,0.0
2020-04-08,6.0,6.0,6.0,6.0,0,0.0,0.0,0.0,0.0,0.0,,0.0,0.0,0.0
2020-04-09,6.0,6.0,6.0,6.0,0,0.0,0.0,0.0,0.0,0.0,,0.0,0.0,0.0
2020-04-10,6.0,6.0,6.0,6.0,0,0.0,0.0,0.0,0.0,0.0,,0.0,0.0,0.0
2020-04-13,6.0,6.0,6.0,6.0,0,0.0,0.0,0.0,0.0,0.0,,0.0,0.0,0.0
2020-04-14,6.0,6.0,6.0,6.0,0,0.0,0.0,0.0,0.0,0.0,,0.0,0.0,0.0
2020-04-15,6.0,6.0,6.0,6.0,0,0.0,0.0,0.0,0.0,0.0,,0.0,0.0,0.0
2020-04-16,6.0,6.0,6.0,6.0,0,0.0,0.0,0.0,0.0,0.0,,0.0,0.0,0.0
2020-04-17,6.0,6.0,6.0,6.0,0,0.0,0.0,0.0,0.0,0.0,,0.0,0.0,0.0
2020-04-20,6.0,6.0,6.0,6.0,0,0.0,0.0,0.0,0.0,0.0,,0.0,0.0,0.0
2020-04-21,6.0,6.0,6.0,6.0,0,0.0,0.0,0.0,0.0,0.0,,0.0,0.0,0.0
2020-04-22,6.0,6.0,6.0,6.0,0,0.0,0.0,0.0,0.0,0.0,,0.0,0.0,0.0
2020-04-23,6.0,6.0,6.0,6.0,0,0.0,0.0,0.0,0.0,0.0,,0.0,0.0,0.0
2020-04-24,6.0,6.0,6.0,6.0,0,0.0,0.0,0.0,0.0,0.0,,0.0,0.0,0.0
2020-04-27,6.0,6.0,6.0,6.0,0,0.0,0.0,0.0,0.0,0.0,,0.0,0.0,0.0
2020-04-28,6.0,6.0,6.0,6.0,0,0.0,0.0,0.0,0.0,0.0,,0.0,0.0,0.0
2020-04-29,6.0,6.0,6.0,6.0,0,0.0,0.0,0.0,0.0,0.0,,0.0,0.0,0.0
2020-05-04,6.0,6.0,6.0,6.0,0,0.0,0.0,0.0,0.0,0.0,,0.0,0.0,0.0
2020-05-05,6.0,6.0,6.0,6.0,0,0.0,0.0,0.0,0.0,0.0,,0.0,0.0,0.0
2020-05-06,6.0,6.0,6.0,6.0,0,0.0,0.0,0.0,0.0,0.0,,0.0,0.0,0.0
2020-05-07,6.0,6.0,6.0,6.0,0,0.0,0.0,0.0,0.0,0.0,,0.0,0.0,0.0
2020-05-08,6.0,6.0,6.0,6.0,0,0.0,0.0,0.0,0.0,0.0,,0.0,0.0,0.0
2020-05-11,6.0,6.0,6.0,6.0,0,0.0,0.0,0.0,0.0,0.0,,0.0,0.0,0.0
2020-05-12,6.0,6.0,6.0,6.0,0,0.0,0.0,0.0,0.0,0.0,,0.0,0.0,0.0
2020-05-13,6.0,6.0,6.0,6.0,0,0.0,0.0,0.0,0.0,0.0,,0.0,0.0,0.0
2020-05-14,6.0,6.0,6.0,6.0,0,0.0,0.0,0.0,0.0,0.0,,0.0,0.0,0.0
2020-05-15,6.0,6.0,6.0,6.0,0,0.0,0.0,0.0,0.0,0.0,,0.0,0.0,0.0
2020-05-18,6.0,6.0,6.0,6.0,0,0.0,0.0,0.0,0.0,0.0,,0.0,0.0,0.0
2020-05-19,6.0,6.0,6.0,6.0,0,0.0,0.0,0.0,0.0,0.0,,0.0,0.0,0.0
2020-05-20,6.0,6.0,6.0,6.0,0,0.0,0.0,0.0,0.0,0.0,,0.0,0.0,0.0
2020-05-21,6.0,6.0,6.0,6.0,0,0.0,0.0,0.0,0.0,0.0,,0.0,0.0,0.0
2020-05-22,6.0,6.0,6.0,6.0,0,0.0,0.0,0.0,0.0,0.0,,0.0,0.0,0.0
2020-05-25,6.0,6.0,6.0,6.0,0,0.0,0.0,0.0,0.0,0.0,,0.0,0.0,0.0
2020-05-26,6.0,6.0,6.0,6.0,0,0.0,0.0,0.0,0.0,0.0,,0.0,0.0,0.0
2020-05-27,6.0,6.0,6.0,6.0,0,0.0,0.0,0.0,0.0,0.0,,0.0,0.0,0.0
2020-05-28,6.0,6.0,6.0,6.0,0,0.0,0.0,0.0,0.0,0.0,,0.0,0.0,0.0
2020-05-29,8.4,8.4,8.4,8.4,500,4200.0,0.0,0.0,0.0,0.0,,0.0,0.0,0.0
2020-06-01,8.4,8.4,8.4,8.4,0,0.0,0.0,0.0,0.0,0.0,,0.0,0.0,0.0
2020-06-02,8.4,8.4,8.4,8.4,500,4200.0,0.0,0.0,0.0,0.0,,0.0,0.0,0.0
2020-06-03,8.4,8.4,8.4,8.4,0,0.0,0.0,0.0,0.0,0.0,,0.0,0.0,0.0
2020-06-04,8.4,8.4,8.4,8.4,0,0.0,0.0,0.0,0.0,0.0,,0.0,0.0,0.0
2020-06-05,8.4,8.4,8.4,8.4,0,0.0,0.0,0.0,0.0,0.0,,0.0,0.0,0.0
2020-06-08,8.4,8.4,8.4,8.4,0,0.0,0.0,0.0,0.0,0.0,,0.0,0.0,0.0
2020-06-09,8.4,8.4,8.4,8.4,0,0.0,0.0,0.0,0.0,0.0,,0.0,0.0,0.0
2020-06-10,8.4,8.4,8.4,8.4,0,0.0,0.0,0.0,0.0,0.0,,0.0,0.0,0.0
2020-06-11,8.4,8.4,8.4,8.4,0,0.0,0.0,0.0,0.0,0.0,,0.0,0.0,0.0
2020-06-12,8.4,8.4,8.4,8.4,0,0.0,0.0,0.0,0.0,0.0,,0.0,0.0,0.0
2020-06-15,8.4,8.4,8.4,8.4,0,0.0,0.0,0.0,0.0,0.0,,0.0,0.0,0.0
2020-06-16,8.4,8.4,8.4,8.4,0,0.0,0.0,0.0,0.0,0.0,,0.0,0.0,0.0
2020-06-17,8.4,8.4,8.4,8.4,0,0.0,0.0,0.0,0.0,0.0,,0.0,0.0,0.0
2020-06-18,8.4,8.4,8.4,8.4,0,0.0,0.0,0.0,0.0,0.0,,0.0,0.0,0.0
2020-06-19,8.4,8.4,8.4,8.4,0,0.0,0.0,0.0,0.0,0.0,,0.0,0.0,0.0
2020-06-22,8.4,8.4,8.4,8.4,0,0.0,0.0,0.0,0.0,0.0,,0.0,0.0,0.0
2020-06-23,8.4,8.4,8.4,8.4,0,0.0,0.0,0.0,0.0,0.0,,0.0,0.0,0.0
2020-06-24,8.4,8.4,8.4,8.4,0,0.0,0.0,0.0,0.0,0.0,,0.0,0.0,0.0
2020-06-25,8.4,8.4,8.4,8.4,0,0.0,0.0,0.0,0.0,0.0,,0.0,0.0,0.0
2020-06-26,8.4,8.4,8.4,8.4,0,0.0,0.0,0.0,0.0,0.0,,0.0,0.0,0.0
2020-06-29,8.4,8.4,8.4,8.4,0,0.0,0.0,0.0,0.0,0.0,,0.0,0.0,0.0
2020-06-30,8.4,8.4,8.4,8.4,0,0.0,0.0,0.0,0.0,0.0,,0.0,0.0,0.0
2020-07-01,8.4,8.4,8.4,8.4,0,0.0,0.0,0.0,0.0,0.0,,0.0,0.0,0.0
2020-07-02,8.4,8.4,8.4,8.4,0,0.0,0.0,0.0,0.0,0.0,,0.0,0.0,0.0
2020-07-03,8.4,8.4,8.4,8.4,0,0.0,0.0,0.0,0.0,0.0,,0.0,0.0,0.0
2020-07-06,8.4,8.4,8.4,8.4,0,0.0,0.0,0.0,0.0,0.0,,0.0,0.0,0.0
2020-07-07,8.4,8.4,8.4,8.4,0,0.0,0.0,0.0,0.0,0.0,,0.0,0.0,0.0
2020-07-08,8.4,8.4,8.4,8.4,0,0.0,0.0,0.0,0.0,0.0,,0.0,0.0,0.0
2020-07-09,8.4,8.4,8.4,8.4,0,0.0,0.0,0.0,0.0,0.0,,0.0,0.0,0.0
2020-07-10,8.4,8.4,8.4,8.4,0,0.0,0.0,0.0,0.0,0.0,,0.0,0.0,0.0
2020-07-13,8.4,8.4,8.4,8.4,0,0.0,0.0,0.0,0.0,0.0,,0.0,0.0,0.0
2020-07-14,8.4,8.4,8.4,8.4,0,0.0,0.0,0.0,0.0,0.0,,0.0,0.0,0.0
2020-07-15,8.4,8.4,8.4,8.4,0,0.0,0.0,0.0,0.0,0.0,,0.0,0.0,0.0
2020-07-16,8.4,8.4,8.4,8.4,0,0.0,0.0,0.0,0.0,0.0,,0.0,0.0,0.0
2020-07-17,8.4,8.4,8.4,8.4,0,0.0,0.0,0.0,0.0,0.0,,0.0,0.0,0.0
2020-07-20,8.4,8.4,8.4,8.4,0,0.0,0.0,0.0,0.0,0.0,,0.0,0.0,0.0
2020-07-21,8.4,8.4,8.4,8.4,0,0.0,0.0,0.0,0.0,0.0,,0.0,0.0,0.0
2020-07-22,8.4,8.4,8.4,8.4,0,0.0,0.0,0.0,0.0,0.0,,0.0,0.0,0.0
2020-07-23,8.4,8.4,8.4,8.4,0,0.0,0.0,0.0,0.0,0.0,,0.0,0.0,0.0
2020-07-24,8.4,8.4,8.4,8.4,0,0.0,0.0,0.0,0.0,0.0,,0.0,0.0,0.0
2020-07-27,8.4,8.4,8.4,8.4,0,0.0,0.0,0.0,0.0,0.0,,0.0,0.0,0.0
2020-07-28,8.4,8.4,8.4,8.4,0,0.0,0.0,0.0,0.0,0.0,,0.0,0.0,0.0
2020-07-29,8.4,8.4,8.4,8.4,0,0.0,0.0,0.0,0.0,0.0,,0.0,0.0,0.0
2020-07-30,8.4,8.4,8.4,8.4,0,0.0,0.0,0.0,0.0,0.0,,0.0,0.0,0.0
2020-07-31,8.4,8.4,8.4,8.4,0,0.0,0.0,0.0,0.0,0.0,,0.0,0.0,0.0
2020-08-03,8.4,8.4,8.4,8.4,0,0.0,0.0,0.0,0.0,0.0,,0.0,0.0,0.0
2020-08-04,8.4,8.4,8.4,8.4,0,0.0,0.0,0.0,0.0,0.0,,0.0,0.0,0.0
2020-08-05,8.4,8.4,8.4,8.4,0,0.0,0.0,0.0,0.0,0.0,,0.0,0.0,0.0
2020-08-06,8.4,8.4,8.4,8.4,0,0.0,0.0,0.0,0.0,0.0,,0.0,0.0,0.0
2020-08-07,8.4,8.4,8.4,8.4,0,0.0,0.0,0.0,0.0,0.0,,0.0,0.0,0.0
2020-08-10,8.4,8.4,8.4,8.4,0,0.0,0.0,0.0,0.0,0.0,,0.0,0.0,0.0
2020-08-11,8.4,8.4,8.4,8.4,0,0.0,0.0,0.0,0.0,0.0,,0.0,0.0,0.0
2020-08-12,8.4,8.4,8.4,8.4,0,0.0,0.0,0.0,0.0,0.0,,0.0,0.0,0.0
2020-08-13,8.4,8.4,8.4,8.4,0,0.0,0.0,0.0,0.0,0.0,,0.0,0.0,0.0
2020-08-14,8.4,8.4,8.4,8.4,0,0.0,0.0,0.0,0.0,0.0,,0.0,0.0,0.0
2020-08-17,8.4,8.4,8.4,8.4,0,0.0,0.0,0.0,0.0,0.0,,0.0,0.0,0.0
2020-08-18,8.4,8.4,8.4,8.4,0,0.0,0.0,0.0,0.0,0.0,,0.0,0.0,0.0
2020-08-19,8.4,8.4,8.4,8.4,0,0.0,0.0,0.0,0.0,0.0,,0.0,0.0,0.0
2020-08-20,8.4,8.4,8.4,8.4,0,0.0,0.0,0.0,0.0,0.0,,0.0,0.0,0.0
2020-08-21,8.4,8.4,8.4,8.4,0,0.0,0.0,0.0,0.0,0.0,,0.0,0.0,0.0
2020-08-24,8.4,8.4,8.4,8.4,0,0.0,0.0,0.0,0.0,0.0,,0.0,0.0,0.0
2020-08-25,5.1,5.1,5.1,5.1,500,2550.0,0.0,0.0,0.0,0.0,,0.0,0.0,0.0
2020-08-26,5.1,5.1,5.1,5.1,0,0.0,0.0,0.0,0.0,0.0,,0.0,0.0,0.0
2020-08-27,5.1,5.1,5.1,5.1,0,0.0,0.0,0.0,0.0,0.0,,0.0,0.0,0.0
2020-08-28,5.1,5.1,5.1,5.1,0,0.0,0.0,0.0,0.0,0.0,,0.0,0.0,0.0
2020-08-31,5.1,5.1,5.1,5.1,400,2040.0,0.0,0.0,0.0,0.0,,0.0,0.0,0.0
2020-09-01,5.1,5.1,5.1,5.1,0,0.0,0.0,0.0,0.0,0.0,,0.0,0.0,0.0
2020-09-03,5.1,5.1,5.1,5.1,0,0.0,0.0,0.0,0.0,0.0,,0.0,0.0,0.0
2020-09-04,5.1,5.1,5.1,5.1,0,0.0,0.0,0.0,0.0,0.0,,0.0,0.0,0.0
2020-09-07,5.1,5.1,5.1,5.1,0,0.0,0.0,0.0,0.0,0.0,,0.0,0.0,0.0
2020-09-08,5.1,5.1,5.1,5.1,0,0.0,0.0,0.0,0.0,0.0,,0.0,0.0,0.0
2020-09-09,5.1,5.1,5.1,5.1,0,0.0,0.0,0.0,0.0,0.0,,0.0,0.0,0.0
2020-09-10,5.5,5.5,5.5,5.5,200,1100.0,0.0,0.0,0.0,0.0,,0.0,0.0,0.0
2020-09-11,5.5,5.5,5.5,5.5,0,0.0,0.0,0.0,0.0,0.0,,0.0,0.0,0.0
2020-09-14,5.5,5.5,5.5,5.5,0,0.0,0.0,0.0,0.0,0.0,,0.0,0.0,0.0
2020-09-15,5.5,5.5,5.5,5.5,0,0.0,0.0,0.0,0.0,0.0,,0.0,0.0,0.0
2020-09-16,5.5,5.5,5.5,5.5,0,0.0,0.0,0.0,0.0,0.0,,0.0,0.0,0.0
2020-09-17,5.5,5.5,5.5,5.5,0,0.0,0.0,0.0,0.0,0.0,,0.0,0.0,0.0
2020-09-18,5.5,5.5,5.5,5.5,0,0.0,0.0,0.0,0.0,0.0,,0.0,0.0,0.0
2020-09-21,5.5,5.5,5.5,5.5,0,0.0,0.0,0.0,0.0,0.0,,0.0,0.0,0.0
2020-09-22,5.4,5.4,5.4,5.4,300,1620.0,0.0,0.0,0.0,0.0,,0.0,0.0,0.0
2020-09-23,5.4,5.4,5.4,5.4,0,0.0,0.0,0.0,0.0,0.0,,0.0,0.0,0.0
2020-09-24,5.4,5.4,5.4,5.4,0,0.0,0.0,0.0,0.0,0.0,,0.0,0.0,0.0
2020-09-25,5.4,5.4,5.4,5.4,0,0.0,0.0,0.0,0.0,0.0,,0.0,0.0,0.0
2020-09-28,5.4,5.4,5.4,5.4,0,0.0,0.0,0.0,0.0,0.0,,0.0,0.0,0.0
2020-09-29,5.4,5.4,5.4,5.4,0,0.0,0.0,0.0,0.0,0.0,,0.0,0.0,0.0
2020-09-30,5.4,5.4,5.4,5.4,0,0.0,0.0,0.0,0.0,0.0,,0.0,0.0,0.0
2020-10-01,5.4,5.4,5.4,5.4,0,0.0,0.0,0.0,0.0,0.0,,0.0,0.0,0.0
2020-10-02,5.4,5.4,5.4,5.4,0,0.0,0.0,0.0,0.0,0.0,,0.0,0.0,0.0
2020-10-05,5.4,5.4,5.4,5.4,0,0.0,0.0,0.0,0.0,0.0,,0.0,0.0,0.0
2020-10-06,5.4,5.4,5.4,5.4,0,0.0,0.0,0.0,0.0,0.0,,0.0,0.0,0.0
2020-10-07,5.4,5.4,5.4,5.4,0,0.0,0.0,0.0,0.0,0.0,,0.0,0.0,0.0
2020-10-08,5.4,5.4,5.4,5.4,0,0.0,0.0,0.0,0.0,0.0,,0.0,0.0,0.0
2020-10-09,5.4,5.4,5.4,5.4,0,0.0,0.0,0.0,0.0,0.0,,0.0,0.0,0.0
2020-10-12,5.4,5.4,5.4,5.4,0,0.0,0.0,0.0,0.0,0.0,,0.0,0.0,0.0
2020-10-13,5.4,5.4,5.4,5.4,0,0.0,0.0,0.0,0.0,0.0,,0.0,0.0,0.0
2020-10-14,5.4,5.4,5.4,5.4,0,0.0,0.0,0.0,0.0,0.0,,0.0,0.0,0.0
2020-10-15,5.4,5.4,5.4,5.4,0,0.0,0.0,0.0,0.0,0.0,,0.0,0.0,0.0
2020-10-16,5.4,5.4,5.4,5.4,0,0.0,0.0,0.0,0.0,0.0,,0.0,0.0,0.0
2020-10-19,5.4,5.4,5.4,5.4,0,0.0,0.0,0.0,0.0,0.0,,0.0,0.0,0.0
2020-10-20,5.4,5.4,5.4,5.4,0,0.0,0.0,0.0,0.0,0.0,,0.0,0.0,0.0
2020-10-21,5.4,5.4,5.4,5.4,0,0.0,0.0,0.0,0.0,0.0,,0.0,0.0,0.0
2020-10-22,5.4,5.4,5.4,5.4,0,0.0,0.0,0.0,0.0,0.0,,0.0,0.0,0.0
2020-10-23,5.4,5.4,5.4,5.4,0,0.0,0.0,0.0,0.0,0.0,,0.0,0.0,0.0
2020-10-26,5.4,5.4,5.4,5.4,0,0.0,0.0,0.0,0.0,0.0,,0.0,0.0,0.0
2020-10-27,5.4,5.4,5.4,5.4,0,0.0,0.0,0.0,0.0,0.0,,0.0,0.0,0.0
2020-10-28,5.0,5.0,5.0,5.0,100,500.0,0.0,0.0,0.0,0.0,,0.0,0.0,0.0
2020-10-29,5.0,5.0,5.0,5.0,0,0.0,0.0,0.0,0.0,0.0,,0.0,0.0,0.0
2020-10-30,5.0,5.0,5.0,5.0,0,0.0,0.0,0.0,0.0,0.0,,0.0,0.0,0.0
2020-11-02,5.0,5.0,5.0,5.0,0,0.0,0.0,0.0,0.0,0.0,,0.0,0.0,0.0
2020-11-03,5.0,5.0,5.0,5.0,0,0.0,0.0,0.0,0.0,0.0,,0.0,0.0,0.0
2020-11-04,5.0,5.0,5.0,5.0,0,0.0,0.0,0.0,0.0,0.0,,0.0,0.0,0.0
2020-11-05,5.0,5.0,5.0,5.0,0,0.0,0.0,0.0,0.0,0.0,,0.0,0.0,0.0
2020-11-06,5.0,5.0,5.0,5.0,0,0.0,0.0,0.0,0.0,0.0,,0.0,0.0,0.0
2020-11-09,5.0,5.0,5.0,5.0,0,0.0,0.0,0.0,0.0,0.0,,0.0,0.0,0.0
2020-11-10,5.0,5.0,5.0,5.0,0,0.0,0.0,0.0,0.0,0.0,,0.0,0.0,0.0
2020-11-11,5.0,5.0,5.0,5.0,0,0.0,0.0,0.0,0.0,0.0,,0.0,0.0,0.0
2020-11-12,5.0,5.0,5.0,5.0,0,0.0,0.0,0.0,0.0,0.0,,0.0,0.0,0.0
2020-11-13,5.0,5.0,5.0,5.0,0,0.0,0.0,0.0,0.0,0.0,,0.0,0.0,0.0
2020-11-16,5.0,5.0,5.0,5.0,0,0.0,0.0,0.0,0.0,0.0,,0.0,0.0,0.0
2020-11-17,5.0,5.0,5.0,5.0,0,0.0,0.0,0.0,0.0,0.0,,0.0,0.0,0.0
2020-11-18,5.0,5.0,5.0,5.0,0,0.0,0.0,0.0,0.0,0.0,,0.0,0.0,0.0
2020-11-19,5.0,5.0,5.0,5.0,0,0.0,0.0,0.0,0.0,0.0,,0.0,0.0,0.0
2020-11-20,5.0,5.0,5.0,5.0,0,0.0,0.0,0.0,0.0,0.0,,0.0,0.0,0.0
2020-11-23,5.0,5.0,5.0,5.0,0,0.0,0.0,0.0,0.0,0.0,,0.0,0.0,0.0
2020-11-24,5.0,5.0,5.0,5.0,0,0.0,0.0,0.0,0.0,0.0,,0.0,0.0,0.0
2020-11-25,5.0,5.0,5.0,5.0,0,0.0,0.0,0.0,0.0,0.0,,0.0,0.0,0.0
2020-11-26,5.0,5.0,5.0,5.0,0,0.0,0.0,0.0,0.0,0.0,,0.0,0.0,0.0
2020-11-27,5.0,5.0,5.0,5.0,0,0.0,0.0,0.0,0.0,0.0,,0.0,0.0,0.0
2020-11-30,5.0,5.0,5.0,5.0,0,0.0,0.0,0.0,0.0,0.0,,0.0,0.0,0.0
2020-12-01,5.0,5.0,5.0,5.0,0,0.0,0.0,0.0,0.0,0.0,,0.0,0.0,0.0
2020-12-02,5.0,5.0,5.0,5.0,0,0.0,0.0,0.0,0.0,0.0,,0.0,0.0,0.0
2020-12-03,5.0,5.0,5.0,5.0,0,0.0,0.0,0.0,0.0,0.0,,0.0,0.0,0.0
2020-12-04,5.0,5.0,5.0,5.0,0,0.0,0.0,0.0,0.0,0.0,,0.0,0.0,0.0
2020-12-07,5.0,5.0,5.0,5.0,0,0.0,0.0,0.0,0.0,0.0,,0.0,0.0,0.0
2020-12-08,5.5,5.5,5.5,5.5,100,550.0,0.0,0.0,0.0,0.0,,0.0,0.0,0.0
2020-12-09,5.5,5.5,5.5,5.5,0,0.0,0.0,0.0,0.0,0.0,,0.0,0.0,0.0
2020-12-10,5.5,5.5,5.5,5.5,0,0.0,0.0,0.0,0.0,0.0,,0.0,0.0,0.0
2020-12-11,5.5,5.5,5.5,5.5,0,0.0,0.0,0.0,0.0,0.0,,0.0,0.0,0.0
2020-12-14,5.5,5.5,5.5,5.5,1000,5500.0,0.0,0.0,0.0,0.0,,0.0,0.0,0.0
2020-12-15,5.5,5.5,5.5,5.5,0,0.0,0.0,0.0,0.0,0.0,,0.0,0.0,0.0
2020-12-16,5.5,5.5,5.5,5.5,100,550.0,0.0,0.0,0.0,0.0,,0.0,0.0,0.0
2020-12-17,5.5,5.5,5.5,5.5,0,0.0,0.0,0.0,0.0,0.0,,0.0,0.0,0.0
2020-12-18,5.5,5.5,5.5,5.5,0,0.0,0.0,0.0,0.0,0.0,,0.0,0.0,0.0
2020-12-21,5.5,5.5,5.5,5.5,0,0.0,0.0,0.0,0.0,0.0,,0.0,0.0,0.0
2020-12-22,5.5,5.5,5.5,5.5,0,0.0,0.0,0.0,0.0,0.0,,0.0,0.0,0.0
2020-12-23,5.5,5.5,5.5,5.5,0,0.0,0.0,0.0,0.0,0.0,,0.0,0.0,0.0
2020-12-24,5.5,5.5,5.5,5.5,0,0.0,0.0,0.0,0.0,0.0,,0.0,0.0,0.0
2020-12-25,5.5,5.5,5.5,5.5,0,0.0,0.0,0.0,0.0,0.0,,0.0,0.0,0.0
2020-12-28,5.5,5.5,5.5,5.5,0,0.0,0.0,0.0,0.0,0.0,,0.0,0.0,0.0
2020-12-29,5.5,5.5,5.5,5.5,0,0.0,0.0,0.0,0.0,0.0,,0.0,0.0,0.0
2020-12-30,5.5,5.5,5.5,5.5,0,0.0,0.0,0.0,0.0,0.0,,0.0,0.0,0.0
2020-12-31,5.5,5.5,5.5,5.5,0,0.0,0.0,0.0,0.0,0.0,,0.0,0.0,0.0
2021-01-04,5.5,5.5,5.5,5.5,0,0.0,0.0,0.0,0.0,0.0,,0.0,0.0,0.0
2021-01-05,6.3,6.3,6.3,6.3,300,1890.0,0.0,0.0,0.0,0.0,,0.0,0.0,0.0
2021-01-06,7.2,7.2,7.2,7.2,200,1440.0,0.0,0.0,0.0,0.0,,0.0,0.0,0.0
2021-01-07,8.0,8.0,8.0,8.0,100,800.0,0.0,0.0,0.0,0.0,,0.0,0.0,0.0
2021-01-08,8.5,8.5,8.5,8.5,100,850.0,0.0,0.0,0.0,0.0,,0.0,0.0,0.0
2021-01-11,8.5,8.5,8.5,8.5,0,0.0,0.0,0.0,0.0,0.0,,0.0,0.0,0.0
2021-01-12,8.5,8.5,8.5,8.5,0,0.0,0.0,0.0,0.0,0.0,,0.0,0.0,0.0
2021-01-13,8.5,8.5,8.5,8.5,0,0.0,0.0,0.0,0.0,0.0,,0.0,0.0,0.0
2021-01-14,8.5,8.5,8.5,8.5,800,6800.0,0.0,0.0,0.0,0.0,,0.0,0.0,0.0
2021-01-15,8.5,8.5,8.5,8.5,0,0.0,0.0,0.0,0.0,0.0,,0.0,0.0,0.0
2021-01-18,8.5,8.5,8.5,8.5,400,3400.0,0.0,0.0,0.0,0.0,,0.0,0.0,0.0
2021-01-19,8.5,8.5,8.5,8.5,0,0.0,0.0,0.0,0.0,0.0,,0.0,0.0,0.0
2021-01-20,8.5,8.5,8.5,8.5,0,0.0,0.0,0.0,0.0,0.0,,0.0,0.0,0.0
2021-01-21,8.5,8.5,8.5,8.5,0,0.0,0.0,0.0,0.0,0.0,,0.0,0.0,0.0
2021-01-22,8.5,8.5,8.5,8.5,0,0.0,0.0,0.0,0.0,0.0,,0.0,0.0,0.0
2021-01-25,8.5,8.5,8.5,8.5,0,0.0,0.0,0.0,0.0,0.0,,0.0,0.0,0.0
2021-01-26,8.5,8.5,8.5,8.5,0,0.0,0.0,0.0,0.0,0.0,,0.0,0.0,0.0
2021-01-27,8.5,8.5,8.5,8.5,0,0.0,0.0,0.0,0.0,0.0,,0.0,0.0,0.0
2021-01-28,8.5,8.5,8.5,8.5,0,0.0,0.0,0.0,0.0,0.0,,0.0,0.0,0.0
2021-01-29,8.5,8.5,8.5,8.5,0,0.0,0.0,0.0,0.0,0.0,,0.0,0.0,0.0
2021-02-01,8.5,8.5,8.5,8.5,0,0.0,0.0,0.0,0.0,0.0,,0.0,0.0,0.0
2021-02-02,8.5,8.5,8.5,8.5,0,0.0,0.0,0.0,0.0,0.0,,0.0,0.0,0.0
2021-02-03,8.5,8.5,8.5,8.5,0,0.0,0.0,0.0,0.0,0.0,,0.0,0.0,0.0
2021-02-04,8.5,8.5,8.5,8.5,0,0.0,0.0,0.0,0.0,0.0,,0.0,0.0,0.0
2021-02-05,8.5,8.5,8.5,8.5,0,0.0,0.0,0.0,0.0,0.0,,0.0,0.0,0.0
2021-02-08,8.5,8.5,8.5,8.5,100,850.0,0.0,0.0,0.0,0.0,,0.0,0.0,0.0
2021-02-09,8.5,8.5,8.5,8.5,0,0.0,0.0,0.0,0.0,0.0,,0.0,0.0,0.0
2021-02-17,8.5,8.5,8.5,8.5,0,0.0,0.0,0.0,0.0,0.0,,0.0,0.0,0.0
2021-02-18,8.5,8.5,8.5,8.5,0,0.0,0.0,0.0,0.0,0.0,,0.0,0.0,0.0
2021-02-19,8.5,8.5,8.5,8.5,0,0.0,0.0,0.0,0.0,0.0,,0.0,0.0,0.0
2021-02-22,8.5,8.5,8.5,8.5,0,0.0,0.0,0.0,0.0,0.0,,0.0,0.0,0.0
2021-02-23,9.7,9.7,9.7,9.7,100,970.0,0.0,0.0,0.0,0.0,,0.0,0.0,0.0
2021-02-24,8.3,8.3,8.3,8.3,3200,26560.000000000004,0.0,0.0,0.0,0.0,,0.0,0.0,0.0
2021-02-25,8.3,8.3,8.3,8.3,0,0.0,0.0,0.0,0.0,0.0,,0.0,0.0,0.0
2021-02-26,8.3,8.3,8.3,8.3,0,0.0,0.0,0.0,0.0,0.0,,0.0,0.0,0.0
2021-03-01,8.3,8.3,8.3,8.3,200,1660.0000000000002,0.0,0.0,0.0,0.0,,0.0,0.0,0.0
2021-03-02,8.3,8.3,8.3,8.3,100,830.0000000000001,0.0,0.0,0.0,0.0,,0.0,0.0,0.0
2021-03-03,8.3,8.3,8.3,8.3,0,0.0,0.0,0.0,0.0,0.0,,0.0,0.0,0.0
2021-03-04,8.3,8.3,8.3,8.3,0,0.0,0.0,0.0,0.0,0.0,,0.0,0.0,0.0
2021-03-05,7.5,7.5,7.1,7.1,4000,28400.0,0.0,0.0,0.0,0.0,,0.0,0.0,0.0
2021-03-08,7.5,7.5,7.1,7.1,800,5680.0,0.0,0.0,0.0,0.0,,0.0,0.0,0.0
2021-03-09,7.4,7.6,7.2,7.2,4300,30960.0,0.0,0.0,0.0,0.0,,0.0,0.0,0.0
2021-03-10,6.4,7.0,6.4,7.0,1500,10500.0,0.0,0.0,0.0,0.0,,0.0,0.0,0.0
2021-03-11,7.1,7.1,7.1,7.1,101,717.0999999999999,0.0,0.0,0.0,0.0,,0.0,0.0,0.0
2021-03-12,7.0,7.0,6.5,6.5,4400,28600.0,0.0,0.0,0.0,0.0,,0.0,0.0,0.0
2021-03-15,6.8,7.4,6.7,7.0,4300,30100.0,0.0,0.0,0.0,0.0,,0.0,0.0,0.0
2021-03-16,7.5,7.5,7.4,7.4,2700,19980.0,0.0,0.0,0.0,0.0,,0.0,0.0,0.0
2021-03-17,7.2,7.2,7.2,7.2,5000,36000.0,0.0,0.0,0.0,0.0,,0.0,0.0,0.0
2021-03-18,7.1,7.1,7.0,7.0,1900,13300.0,0.0,0.0,0.0,0.0,,0.0,0.0,0.0
2021-03-19,7.0,7.5,6.9,7.4,8410,62234.0,0.0,0.0,0.0,0.0,,0.0,0.0,0.0
2021-03-22,7.0,7.1,7.0,7.1,1800,12780.0,0.0,0.0,0.0,0.0,,0.0,0.0,0.0
2021-03-23,8.0,8.0,7.5,7.5,1700,12750.0,0.0,0.0,0.0,0.0,,0.0,0.0,0.0
2021-03-24,7.6,7.6,7.6,7.6,0,0.0,0.0,0.0,0.0,0.0,,0.0,0.0,0.0
2021-03-25,7.1,7.1,7.1,7.1,200,1420.0,0.0,0.0,0.0,0.0,,0.0,0.0,0.0
2021-03-26,7.1,7.1,7.1,7.1,500,3550.0,0.0,0.0,0.0,0.0,,0.0,0.0,0.0
2021-03-29,7.3,7.3,7.3,7.3,600,4380.0,0.0,0.0,0.0,0.0,,0.0,0.0,0.0
2021-03-30,7.0,7.0,7.0,7.0,500,3500.0,0.0,0.0,0.0,0.0,,0.0,0.0,0.0
2021-03-31,8.0,8.0,7.7,7.7,2800,21560.0,0.0,0.0,0.0,0.0,,0.0,0.0,0.0
2021-04-01,7.7,7.7,7.7,7.7,700,5390.0,0.0,0.0,0.0,0.0,,0.0,0.0,0.0
2021-04-02,7.7,7.7,7.7,7.7,0,0.0,0.0,0.0,0.0,0.0,,0.0,0.0,0.0
2021-04-05,6.7,6.7,6.7,6.7,500,3350.0,0.0,0.0,0.0,0.0,,0.0,0.0,0.0
2021-04-06,7.7,7.7,7.2,7.2,3100,22320.0,0.0,0.0,0.0,0.0,,0.0,0.0,0.0
2021-04-07,7.3,7.3,7.0,7.2,7000,50400.0,0.0,0.0,0.0,0.0,,0.0,0.0,0.0
2021-04-08,7.3,7.3,7.3,7.3,100,730.0,0.0,0.0,0.0,0.0,,0.0,0.0,0.0
2021-04-09,7.3,7.3,7.3,7.3,0,0.0,0.0,0.0,0.0,0.0,,0.0,0.0,0.0
2021-04-12,7.2,7.2,7.2,7.2,4200,30240.0,0.0,0.0,0.0,0.0,,0.0,0.0,0.0
2021-04-13,7.2,8.2,7.2,8.0,6600,52800.0,0.0,0.0,0.0,0.0,,0.0,0.0,0.0
2021-04-14,7.1,7.6,7.1,7.6,400,3040.0,0.0,0.0,0.0,0.0,,0.0,0.0,0.0
2021-04-15,7.5,7.6,7.3,7.6,4900,37240.0,0.0,0.0,0.0,0.0,,0.0,0.0,0.0
2021-04-16,7.3,7.4,7.1,7.1,2500,17750.0,0.0,0.0,0.0,0.0,,0.0,0.0,0.0
2021-04-19,7.5,8.1,7.5,7.9,1300,10270.0,0.0,0.0,0.0,0.0,,0.0,0.0,0.0
2021-04-20,7.7,8.1,7.3,7.3,3500,25550.0,0.0,0.0,0.0,0.0,,0.0,0.0,0.0
2021-04-22,7.6,7.7,7.1,7.1,1000,7100.0,0.0,0.0,0.0,0.0,,0.0,0.0,0.0
2021-04-23,6.8,7.4,6.8,7.4,200,1480.0,0.0,0.0,0.0,0.0,,0.0,0.0,0.0
2021-04-26,7.1,7.1,7.1,7.1,0,0.0,0.0,0.0,0.0,0.0,,0.0,0.0,0.0
2021-04-27,6.3,6.5,6.3,6.5,1100,7150.0,0.0,0.0,0.0,0.0,,0.0,0.0,0.0
2021-04-28,6.9,6.9,6.9,6.9,300,2070.0,0.0,0.0,0.0,0.0,,0.0,0.0,0.0
2021-04-29,6.9,6.9,6.5,6.5,1400,9100.0,0.0,0.0,0.0,0.0,,0.0,0.0,0.0
2021-05-04,6.8,6.8,6.8,6.8,2100,14280.0,0.0,0.0,0.0,0.0,,0.0,0.0,0.0
2021-05-05,6.8,6.9,6.8,6.8,3100,21080.0,0.0,0.0,0.0,0.0,,0.0,0.0,0.0
2021-05-06,7.3,7.3,7.3,7.3,1000,7300.0,0.0,0.0,0.0,0.0,,0.0,0.0,0.0
2021-05-07,7.3,7.3,7.3,7.3,0,0.0,0.0,0.0,0.0,0.0,,0.0,0.0,0.0
2021-05-10,6.5,6.5,6.4,6.4,3500,22400.0,0.0,0.0,0.0,0.0,,0.0,0.0,0.0
2021-05-11,6.4,6.4,6.4,6.4,0,0.0,0.0,0.0,0.0,0.0,,0.0,0.0,0.0
2021-05-12,7.1,7.1,7.1,7.1,400,2840.0,0.0,0.0,0.0,0.0,,0.0,0.0,0.0
2021-05-13,7.0,7.0,6.8,6.9,3500,24150.0,0.0,0.0,0.0,0.0,,0.0,0.0,0.0
2021-05-14,7.1,7.1,7.1,7.1,100,710.0,0.0,0.0,0.0,0.0,,0.0,0.0,0.0
2021-05-17,7.0,7.0,6.6,6.6,800,5280.0,0.0,0.0,0.0,0.0,,0.0,0.0,0.0
2021-05-18,6.9,7.6,6.9,7.1,7900,56090.0,0.0,0.0,0.0,0.0,,0.0,0.0,0.0
2021-05-19,7.2,7.3,7.2,7.3,1900,13870.0,0.0,0.0,0.0,0.0,,0.0,0.0,0.0
2021-05-20,7.3,7.3,7.3,7.3,100,730.0,0.0,0.0,0.0,0.0,,0.0,0.0,0.0
2021-05-21,7.2,7.2,7.2,7.2,100,720.0,0.0,0.0,0.0,0.0,,0.0,0.0,0.0
2021-05-24,6.9,6.9,6.3,6.5,4700,30550.0,0.0,0.0,0.0,0.0,,0.0,0.0,0.0
2021-05-25,6.9,7.1,6.9,7.1,300,2130.0,0.0,0.0,0.0,0.0,,0.0,0.0,0.0
2021-05-26,7.0,7.0,7.0,7.0,0,0.0,0.0,0.0,0.0,0.0,,0.0,0.0,0.0
2021-05-27,6.9,6.9,6.4,6.5,1100,7150.0,0.0,0.0,0.0,0.0,,0.0,0.0,0.0
2021-05-28,6.4,6.6,6.3,6.3,2400,15120.0,0.0,0.0,0.0,0.0,,0.0,0.0,0.0
2021-05-31,6.6,6.7,6.6,6.7,600,4020.0,0.0,0.0,0.0,0.0,,0.0,0.0,0.0
2021-06-01,6.7,6.7,6.7,6.7,400,2680.0,0.0,0.0,0.0,0.0,,0.0,0.0,0.0
2021-06-02,6.7,7.2,6.7,7.1,2000,14200.0,0.0,0.0,0.0,0.0,,0.0,0.0,0.0
2021-06-03,6.8,7.2,6.8,7.1,800,5680.0,0.0,0.0,0.0,0.0,,0.0,0.0,0.0
2021-06-04,7.0,7.5,7.0,7.3,2700,19710.0,0.0,0.0,0.0,0.0,,0.0,0.0,0.0
2021-06-07,8.1,8.1,8.0,8.0,200,1600.0,0.0,0.0,0.0,0.0,,0.0,0.0,0.0
2021-06-08,7.3,7.4,7.3,7.3,700,5110.0,0.0,0.0,0.0,0.0,,0.0,0.0,0.0
2021-06-09,7.3,7.3,7.3,7.3,0,0.0,0.0,0.0,0.0,0.0,,0.0,0.0,0.0
2021-06-10,7.3,7.3,7.3,7.3,1000,7300.0,0.0,0.0,0.0,0.0,,0.0,0.0,0.0
2021-06-11,7.3,7.3,7.3,7.3,500,3650.0,0.0,0.0,0.0,0.0,,0.0,0.0,0.0
2021-06-14,7.3,7.3,7.2,7.2,1900,13680.0,0.0,0.0,0.0,0.0,,0.0,0.0,0.0
2021-06-15,7.1,7.1,7.1,7.1,200,1420.0,0.0,0.0,0.0,0.0,,0.0,0.0,0.0
2021-06-16,7.1,7.1,7.1,7.1,1900,13490.0,0.0,0.0,0.0,0.0,,0.0,0.0,0.0
2021-06-17,7.1,7.1,7.1,7.1,1600,11360.0,0.0,0.0,0.0,0.0,,0.0,0.0,0.0
2021-06-18,7.1,7.1,6.5,6.5,1000,6500.0,0.0,0.0,0.0,0.0,,0.0,0.0,0.0
2021-06-21,6.7,7.0,6.5,7.0,2400,16800.0,0.0,0.0,0.0,0.0,,0.0,0.0,0.0
2021-06-22,7.0,7.0,7.0,7.0,600,4200.0,0.0,0.0,0.0,0.0,,0.0,0.0,0.0
2021-06-23,7.0,7.0,7.0,7.0,1400,9800.0,0.0,0.0,0.0,0.0,,0.0,0.0,0.0
2021-06-24,7.1,7.2,7.1,7.2,200,1440.0,0.0,0.0,0.0,0.0,,0.0,0.0,0.0
2021-06-25,7.1,7.2,7.1,7.2,400,2880.0,0.0,0.0,0.0,0.0,,0.0,0.0,0.0
2021-06-28,7.0,7.0,6.8,6.8,1200,8160.0,0.0,0.0,0.0,0.0,,0.0,0.0,0.0
2021-06-29,7.0,7.1,7.0,7.0,600,4200.0,0.0,0.0,0.0,0.0,,0.0,0.0,0.0
2021-06-30,6.9,7.0,6.9,7.0,600,4200.0,0.0,0.0,0.0,0.0,,0.0,0.0,0.0
2021-07-01,6.9,6.9,6.9,6.9,0,0.0,0.0,0.0,0.0,0.0,,0.0,0.0,0.0
2021-07-02,6.9,6.9,6.9,6.9,0,0.0,0.0,0.0,0.0,0.0,,0.0,0.0,0.0
2021-07-05,6.9,6.9,6.9,6.9,0,0.0,0.0,0.0,0.0,0.0,,0.0,0.0,0.0
2021-07-06,6.9,6.9,6.9,6.9,0,0.0,0.0,0.0,0.0,0.0,,0.0,0.0,0.0
2021-07-07,6.9,6.9,6.9,6.9,0,0.0,0.0,0.0,0.0,0.0,,0.0,0.0,0.0
2021-07-08,7.0,7.0,7.0,7.0,900,6300.0,0.0,0.0,0.0,0.0,,0.0,0.0,0.0
2021-07-09,7.0,7.2,7.0,7.2,2400,17280.0,0.0,0.0,0.0,0.0,,0.0,0.0,0.0
2021-07-12,7.0,7.0,7.0,7.0,500,3500.0,0.0,0.0,0.0,0.0,,0.0,0.0,0.0
2021-07-13,7.0,7.0,7.0,7.0,0,0.0,0.0,0.0,0.0,0.0,,0.0,0.0,0.0
2021-07-14,7.0,7.0,7.0,7.0,200,1400.0,0.0,0.0,0.0,0.0,,0.0,0.0,0.0
2021-07-15,7.0,7.0,7.0,7.0,0,0.0,0.0,0.0,0.0,0.0,,0.0,0.0,0.0
2021-07-16,6.1,6.1,6.1,6.1,2400,14640.0,0.0,0.0,0.0,0.0,,0.0,0.0,0.0
2021-07-19,6.1,6.1,6.1,6.1,0,0.0,0.0,0.0,0.0,0.0,,0.0,0.0,0.0
2021-07-20,6.1,6.1,6.1,6.1,0,0.0,0.0,0.0,0.0,0.0,,0.0,0.0,0.0
2021-07-21,6.9,6.9,6.9,6.9,100,690.0,0.0,0.0,0.0,0.0,,0.0,0.0,0.0
2021-07-22,6.8,6.8,6.8,6.8,100,680.0,0.0,0.0,0.0,0.0,,0.0,0.0,0.0
2021-07-23,6.8,6.8,6.8,6.8,0,0.0,0.0,0.0,0.0,0.0,,0.0,0.0,0.0
2021-07-26,6.8,6.8,6.8,6.8,1500,10200.0,0.0,0.0,0.0,0.0,,0.0,0.0,0.0
2021-07-27,6.8,6.8,6.8,6.8,0,0.0,0.0,0.0,0.0,0.0,,0.0,0.0,0.0
2021-07-28,6.8,6.8,6.8,6.8,0,0.0,0.0,0.0,0.0,0.0,,0.0,0.0,0.0
2021-07-29,6.8,6.8,6.8,6.8,0,0.0,0.0,0.0,0.0,0.0,,0.0,0.0,0.0
2021-07-30,6.8,6.8,6.8,6.8,0,0.0,0.0,0.0,0.0,0.0,,0.0,0.0,0.0
2021-08-02,6.8,6.8,6.8,6.8,0,0.0,0.0,0.0,0.0,0.0,,0.0,0.0,0.0
2021-08-03,6.8,6.8,6.8,6.8,0,0.0,0.0,0.0,0.0,0.0,,0.0,0.0,0.0
2021-08-04,6.8,6.8,6.8,6.8,0,0.0,0.0,0.0,0.0,0.0,,0.0,0.0,0.0
2021-08-05,6.2,6.2,6.2,6.2,700,4340.0,0.0,0.0,0.0,0.0,,0.0,0.0,0.0
2021-08-06,6.2,6.2,6.2,6.2,0,0.0,0.0,0.0,0.0,0.0,,0.0,0.0,0.0
2021-08-09,6.2,6.2,6.2,6.2,0,0.0,0.0,0.0,0.0,0.0,,0.0,0.0,0.0
2021-08-10,7.1,7.1,7.1,7.1,2000,14200.0,0.0,0.0,0.0,0.0,,0.0,0.0,0.0
2021-08-11,7.1,7.1,7.0,7.0,200,1400.0,0.0,0.0,0.0,0.0,,0.0,0.0,0.0
2021-08-12,7.1,7.6,7.1,7.6,1200,9120.0,0.0,0.0,0.0,0.0,,0.0,0.0,0.0
2021-08-13,7.6,7.7,7.6,7.7,4500,34650.0,0.0,0.0,0.0,0.0,,0.0,0.0,0.0
2021-08-16,7.6,7.6,7.6,7.6,0,0.0,0.0,0.0,0.0,0.0,,0.0,0.0,0.0
2021-08-17,7.3,7.5,7.3,7.5,1400,10500.0,0.0,0.0,0.0,0.0,,0.0,0.0,0.0
2021-08-18,7.5,7.5,7.5,7.5,2100,15750.0,0.0,0.0,0.0,0.0,,0.0,0.0,0.0
2021-08-19,7.5,7.5,7.4,7.4,900,6660.0,0.0,0.0,0.0,0.0,,0.0,0.0,0.0
2021-08-20,7.3,7.6,7.3,7.6,600,4560.0,0.0,0.0,0.0,0.0,,0.0,0.0,0.0
2021-08-23,7.4,7.4,7.4,7.4,300,2220.0,0.0,0.0,0.0,0.0,,0.0,0.0,0.0
2021-08-24,7.4,7.4,7.4,7.4,2400,17760.0,0.0,0.0,0.0,0.0,,0.0,0.0,0.0
2021-08-25,7.4,7.4,7.4,7.4,0,0.0,0.0,0.0,0.0,0.0,,0.0,0.0,0.0
2021-08-26,7.5,7.5,7.4,7.4,2700,19980.0,0.0,0.0,0.0,0.0,,0.0,0.0,0.0
2021-08-27,7.5,7.5,7.5,7.5,1000,7500.0,0.0,0.0,0.0,0.0,,0.0,0.0,0.0
2021-08-30,7.5,7.5,7.5,7.5,0,0.0,0.0,0.0,0.0,0.0,,0.0,0.0,0.0
2021-08-31,7.5,7.5,7.5,7.5,400,3000.0,0.0,0.0,0.0,0.0,,0.0,0.0,0.0
2021-09-01,8.4,8.6,8.4,8.6,5600,48160.0,0.0,0.0,0.0,0.0,,0.0,0.0,0.0
2021-09-06,8.6,9.8,8.6,9.7,17900,173630.0,0.0,0.0,0.0,0.0,,0.0,0.0,0.0
2021-09-07,9.0,9.0,9.0,9.0,1000,9000.0,0.0,0.0,0.0,0.0,,0.0,0.0,0.0
2021-09-08,9.0,9.0,9.0,9.0,1300,11700.0,0.0,0.0,0.0,0.0,,0.0,0.0,0.0
2021-09-09,9.0,9.0,9.0,9.0,500,4500.0,0.0,0.0,0.0,0.0,,0.0,0.0,0.0
2021-09-10,9.0,9.0,8.9,9.0,2000,18000.0,0.0,0.0,0.0,0.0,,0.0,0.0,0.0
2021-09-13,9.0,9.1,9.0,9.1,5800,52780.0,0.0,0.0,0.0,0.0,,0.0,0.0,0.0
2021-09-14,9.0,9.0,9.0,9.0,300,2700.0,0.0,0.0,0.0,0.0,,0.0,0.0,0.0
2021-09-15,9.0,9.7,9.0,9.5,6300,59850.0,0.0,0.0,0.0,0.0,,0.0,0.0,0.0
2021-09-16,9.0,9.1,9.0,9.1,4900,44590.0,0.0,0.0,0.0,0.0,,0.0,0.0,0.0
2021-09-17,9.1,9.1,9.0,9.0,4800,43200.0,0.0,0.0,0.0,0.0,,0.0,0.0,0.0
2021-09-20,9.0,9.0,9.0,9.0,4800,43200.0,0.0,0.0,0.0,0.0,,0.0,0.0,0.0
2021-09-21,8.8,8.8,8.8,8.8,1000,8800.0,0.0,0.0,0.0,0.0,,0.0,0.0,0.0
2021-09-22,9.2,9.2,9.2,9.2,1000,9200.0,0.0,0.0,0.0,0.0,,0.0,0.0,0.0
2021-09-23,9.3,9.7,8.0,9.7,20800,201760.0,0.0,0.0,0.0,0.0,,0.0,0.0,0.0
2021-09-24,9.8,9.8,9.8,9.8,2900,28420.000000000004,0.0,0.0,0.0,0.0,,0.0,0.0,0.0
2021-09-27,10.0,10.0,10.0,10.0,2200,22000.0,0.0,0.0,0.0,0.0,,0.0,0.0,0.0
2021-09-28,9.9,9.9,8.7,8.7,2300,20010.0,0.0,0.0,0.0,0.0,,0.0,0.0,0.0
2021-09-29,10.0,10.1,10.0,10.1,7100,71710.0,0.0,0.0,0.0,0.0,,0.0,0.0,0.0
2021-09-30,10.1,10.1,10.1,10.1,1000,10100.0,0.0,0.0,0.0,0.0,,0.0,0.0,0.0
2021-10-01,10.2,10.2,10.2,10.2,2500,25500.0,0.0,0.0,0.0,0.0,,0.0,0.0,0.0
2021-10-04,10.2,10.2,10.2,10.2,1500,15299.999999999998,0.0,0.0,0.0,0.0,,0.0,0.0,0.0
2021-10-05,10.2,10.3,10.2,10.3,2500,25750.0,0.0,0.0,0.0,0.0,,0.0,0.0,0.0
2021-10-06,10.3,10.4,10.3,10.4,4400,45760.0,0.0,0.0,0.0,0.0,,0.0,0.0,0.0
2021-10-07,10.5,11.8,10.4,11.8,24400,287920.0,0.0,0.0,0.0,0.0,,0.0,0.0,0.0
2021-10-08,12.6,12.6,12.5,12.6,7658,96490.8,0.0,0.0,0.0,0.0,,0.0,0.0,0.0
2021-10-11,14.4,14.4,13.6,14.4,17500,252000.0,0.0,0.0,0.0,0.0,,0.0,0.0,0.0
2021-10-12,15.0,16.0,14.4,14.9,21500,320350.0,0.0,0.0,0.0,0.0,,0.0,0.0,0.0
2021-10-13,13.5,16.0,13.2,16.0,46500,744000.0,0.0,0.0,0.0,0.0,,0.0,0.0,0.0
2021-10-14,14.7,16.0,13.5,14.0,13700,191800.0,0.0,0.0,0.0,0.0,,0.0,0.0,0.0
2021-10-15,13.7,15.5,13.7,15.5,4759,73764.5,0.0,0.0,0.0,0.0,,0.0,0.0,0.0
2021-10-18,14.7,14.7,14.0,14.0,7100,99400.0,0.0,0.0,0.0,0.0,,0.0,0.0,0.0
2021-10-19,13.0,13.0,13.0,13.0,550,7150.0,0.0,0.0,0.0,0.0,,0.0,0.0,0.0
2021-10-20,13.0,14.3,13.0,14.0,9700,135800.0,0.0,0.0,0.0,0.0,,0.0,0.0,0.0
2021-10-21,13.0,13.3,13.0,13.0,7800,101400.0,0.0,0.0,0.0,0.0,,0.0,0.0,0.0
2021-10-22,12.0,14.4,12.0,14.2,14500,205900.0,0.0,0.0,0.0,0.0,,0.0,0.0,0.0
2021-10-25,14.1,15.7,14.1,14.5,28250,409625.0,0.0,0.0,0.0,0.0,,0.0,0.0,0.0
2021-10-26,15.2,15.5,14.7,15.2,13000,197600.0,0.0,0.0,0.0,0.0,,0.0,0.0,0.0
2021-10-27,15.5,15.5,14.5,14.8,34439,509697.2,0.0,0.0,0.0,0.0,,0.0,0.0,0.0
2021-10-28,15.0,15.5,15.0,15.3,20700,316710.0,0.0,0.0,0.0,0.0,,0.0,0.0,0.0
2021-10-29,15.0,15.1,14.7,14.7,32500,477750.0,0.0,0.0,0.0,0.0,,0.0,0.0,0.0
2021-11-01,14.7,17.0,14.7,16.1,67200,1081920.0,0.0,0.0,0.0,0.0,,0.0,0.0,0.0
2021-11-02,16.1,18.0,16.0,18.0,61006,1098108.0,0.0,0.0,0.0,0.0,,0.0,0.0,0.0
2021-11-03,18.5,20.3,18.0,20.3,194750,3953425.0,0.0,0.0,0.0,0.0,,0.0,0.0,0.0
2021-11-04,20.2,21.8,18.5,20.2,36300,733260.0,0.0,0.0,0.0,0.0,,0.0,0.0,0.0
2021-11-05,20.3,23.0,20.0,20.0,23800,476000.0,0.0,0.0,0.0,0.0,,0.0,0.0,0.0
2021-11-08,20.5,21.8,20.5,21.0,55500,1165500.0,0.0,0.0,0.0,0.0,,0.0,0.0,0.0
2021-11-09,20.2,20.4,19.5,19.5,38306,746967.0,0.0,0.0,0.0,0.0,,0.0,0.0,0.0
2021-11-10,19.7,22.8,19.4,22.8,191098,4357034.4,0.0,0.0,0.0,0.0,,0.0,0.0,0.0
2021-11-11,22.8,25.0,22.8,25.0,202619,5065475.0,0.0,0.0,0.0,0.0,,0.0,0.0,0.0
2021-11-12,28.7,28.7,26.0,28.7,185001,5309528.7,0.0,0.0,0.0,0.0,,0.0,0.0,0.0
2021-11-15,33.0,33.0,33.0,33.0,63908,2108964.0,0.0,0.0,0.0,0.0,,0.0,0.0,0.0
2021-11-16,37.9,37.9,37.9,37.9,39800,1508420.0,0.0,0.0,0.0,0.0,,0.0,0.0,0.0
2021-11-17,43.5,43.5,43.5,43.5,45001,1957543.5,0.0,0.0,0.0,0.0,,0.0,0.0,0.0
2021-11-18,50.0,50.0,48.0,50.0,251697,12584850.0,0.0,0.0,0.0,0.0,,0.0,0.0,0.0
2021-11-19,57.5,57.5,57.5,57.5,37301,2144807.5,0.0,0.0,0.0,0.0,,0.0,0.0,0.0
2021-11-22,66.1,66.1,66.1,66.1,55024,3637086.4,0.0,0.0,0.0,0.0,,0.0,0.0,0.0
2021-11-23,76.0,76.0,56.2,76.0,298792,22708192.0,0.0,0.0,0.0,0.0,,0.0,0.0,0.0
2021-11-24,84.0,84.0,84.0,84.0,38135,3203340.0,0.0,0.0,0.0,0.0,,0.0,0.0,0.0
2021-11-25,96.6,96.6,96.6,96.6,52529,5074301.399999999,0.0,0.0,0.0,0.0,,0.0,0.0,0.0
2021-11-26,111.0,111.0,109.0,111.0,219909,24409899.0,0.0,0.0,0.0,0.0,,0.0,0.0,0.0
2021-11-29,127.6,127.6,127.5,127.6,27400,3496240.0,0.0,0.0,0.0,0.0,,0.0,0.0,0.0
2021-11-30,146.7,146.7,146.7,146.7,22200,3256739.9999999995,0.0,0.0,0.0,0.0,,0.0,0.0,0.0
2021-12-01,168.7,168.7,124.7,131.0,281594,36888814.0,0.0,0.0,0.0,0.0,,0.0,0.0,0.0
2021-12-02,131.0,131.1,131.0,131.0,25313,3316003.0,0.0,0.0,0.0,0.0,,0.0,0.0,0.0
2021-12-03,111.4,111.4,111.4,111.4,8991,1001597.4,0.0,0.0,0.0,0.0,,0.0,0.0,0.0
2021-12-06,94.7,94.7,94.7,94.7,5600,530320.0,0.0,0.0,0.0,0.0,,0.0,0.0,0.0
2021-12-07,80.5,80.5,80.5,80.5,364,29302.0,0.0,0.0,0.0,0.0,,0.0,0.0,0.0
2021-12-08,68.5,68.5,68.5,68.5,6100,417850.0,0.0,0.0,0.0,0.0,,0.0,0.0,0.0
2021-12-09,58.3,58.3,58.3,58.3,4065,236989.5,0.0,0.0,0.0,0.0,,0.0,0.0,0.0
2021-12-10,49.6,67.0,49.6,58.3,294872,17191037.599999998,0.0,0.0,0.0,0.0,,0.0,0.0,0.0
2021-12-13,50.1,65.4,50.1,65.4,36251,2370815.4000000004,0.0,0.0,0.0,0.0,,0.0,0.0,0.0
2021-12-14,70.0,73.4,68.0,73.4,10334,758515.6000000001,0.0,0.0,0.0,0.0,,0.0,0.0,0.0
2021-12-15,82.6,82.9,66.0,82.9,141879,11761769.1,0.0,0.0,0.0,0.0,,0.0,0.0,0.0
2021-12-16,82.9,89.9,78.2,89.9,20887,1877741.3,0.0,0.0,0.0,0.0,,0.0,0.0,0.0
2021-12-17,102.8,102.8,80.0,86.0,79234,6814124.0,0.0,0.0,0.0,0.0,,0.0,0.0,0.0
2021-12-20,83.0,93.0,82.1,82.1,55679,4571245.899999999,0.0,0.0,0.0,0.0,,0.0,0.0,0.0
2021-12-21,71.2,77.0,71.2,71.6,57171,4093443.6,0.0,0.0,0.0,0.0,,0.0,0.0,0.0
2021-12-22,70.0,82.5,62.0,82.5,29369,2422942.5,0.0,0.0,0.0,0.0,,0.0,0.0,0.0
2021-12-23,86.0,86.0,77.0,84.0,15451,1297884.0,0.0,0.0,0.0,0.0,,0.0,0.0,0.0
2021-12-24,82.0,82.0,71.5,74.2,10153,753352.6,0.0,0.0,0.0,0.0,,0.0,0.0,0.0
2021-12-27,73.1,74.0,65.0,71.1,13819,982530.9,0.0,0.0,0.0,0.0,,0.0,0.0,0.0
2021-12-28,71.3,73.0,68.0,68.0,28624,1946432.0,0.0,0.0,0.0,0.0,,0.0,0.0,0.0
2021-12-29,65.0,69.9,63.0,63.0,25545,1609335.0,0.0,0.0,0.0,0.0,,0.0,0.0,0.0
2021-12-30,60.0,68.7,55.9,68.7,47563,3267578.1,0.0,0.0,0.0,0.0,,0.0,0.0,0.0
2021-12-31,61.0,67.8,61.0,66.5,12923,859379.5,0.0,0.0,0.0,0.0,,0.0,0.0,0.0
2022-01-04,66.6,67.0,64.0,64.0,20115,1287360.0,0.0,0.0,0.0,0.0,,0.0,0.0,0.0
2022-01-05,64.0,64.0,60.0,61.5,48913,3008149.5,0.0,0.0,0.0,0.0,,0.0,0.0,0.0
2022-01-06,61.8,62.2,55.0,58.5,45826,2680821.0,0.0,0.0,0.0,0.0,,0.0,0.0,0.0
2022-01-07,59.1,67.9,59.0,67.9,25946,1761733.4,0.0,0.0,0.0,0.0,,0.0,0.0,0.0
2022-01-10,76.4,76.7,70.5,76.7,63717,4887093.9,0.0,0.0,0.0,0.0,,0.0,0.0,0.0
2022-01-11,70.0,73.5,66.0,68.0,37802,2570536.0,0.0,0.0,0.0,0.0,,0.0,0.0,0.0
2022-01-12,64.1,66.0,59.2,61.0,44712,2727432.0,0.0,0.0,0.0,0.0,,0.0,0.0,0.0
2022-01-13,61.4,70.0,60.0,60.0,25900,1554000.0,0.0,0.0,0.0,0.0,,0.0,0.0,0.0
2022-01-14,55.8,61.2,55.5,61.2,25930,1586916.0,0.0,0.0,0.0,0.0,,0.0,0.0,0.0
2022-01-17,59.0,61.0,55.0,55.0,30100,1655500.0,0.0,0.0,0.0,0.0,,0.0,0.0,0.0
2022-01-18,52.0,53.0,48.5,48.5,24122,1169917.0,0.0,0.0,0.0,0.0,,0.0,0.0,0.0
2022-01-19,42.6,46.5,42.6,46.5,21801,1013746.5,0.0,0.0,0.0,0.0,,0.0,0.0,0.0
2022-01-20,46.5,49.9,43.4,49.9,10600,528940.0,0.0,0.0,0.0,0.0,,0.0,0.0,0.0
2022-01-21,49.9,53.4,49.9,53.4,4100,218940.0,0.0,0.0,0.0,0.0,,0.0,0.0,0.0
2022-01-24,59.2,61.0,50.2,53.0,15200,805600.0,0.0,0.0,0.0,0.0,,0.0,0.0,0.0
2022-01-25,53.0,57.5,50.0,54.4,12200,663680.0,0.0,0.0,0.0,0.0,,0.0,0.0,0.0
2022-01-26,58.9,58.9,52.0,53.6,7400,396640.0,0.0,0.0,0.0,0.0,,0.0,0.0,0.0
2022-01-27,50.0,50.0,46.8,50.0,3200,160000.0,0.0,0.0,0.0,0.0,,0.0,0.0,0.0
2022-01-28,51.0,51.0,48.0,49.0,10300,504700.0,0.0,0.0,0.0,0.0,,0.0,0.0,0.0
2022-02-07,48.6,52.0,48.6,51.7,15601,806571.7000000001,0.0,0.0,0.0,0.0,,0.0,0.0,0.0
2022-02-08,52.0,53.7,51.7,53.7,13800,741060.0,0.0,0.0,0.0,0.0,,0.0,0.0,0.0
2022-02-09,55.2,55.2,51.0,52.0,23100,1201200.0,0.0,0.0,0.0,0.0,,0.0,0.0,0.0
2022-02-10,51.9,53.0,51.9,52.2,6000,313200.0,0.0,0.0,0.0,0.0,,0.0,0.0,0.0
2022-02-11,52.4,52.4,52.3,52.3,1200,62760.0,0.0,0.0,0.0,0.0,,0.0,0.0,0.0
2022-02-14,48.2,51.7,48.2,49.6,6616,328153.60000000003,0.0,0.0,0.0,0.0,,0.0,0.0,0.0
2022-02-15,52.5,52.5,48.7,51.2,6600,337920.0,0.0,0.0,0.0,0.0,,0.0,0.0,0.0
2022-02-16,50.0,51.8,50.0,51.8,12200,631960.0,0.0,0.0,0.0,0.0,,0.0,0.0,0.0
2022-02-17,50.5,50.5,49.1,49.6,12816,635673.6,0.0,0.0,0.0,0.0,,0.0,0.0,0.0
2022-02-18,49.6,49.9,49.0,49.9,13700,683630.0,0.0,0.0,0.0,0.0,,0.0,0.0,0.0
2022-02-21,49.2,52.7,49.0,51.7,90900,4699530.0,0.0,0.0,0.0,0.0,,0.0,0.0,0.0
2022-02-22,51.9,59.0,50.0,55.0,54800,3014000.0,0.0,0.0,0.0,0.0,,0.0,0.0,0.0
2022-02-23,54.6,59.0,54.6,56.6,22500,1273500.0,0.0,0.0,0.0,0.0,,0.0,0.0,0.0
2022-02-24,55.8,56.8,50.9,52.0,34000,1768000.0,0.0,0.0,0.0,0.0,,0.0,0.0,0.0
2022-02-25,53.0,53.4,51.1,51.5,29310,1509465.0,0.0,0.0,0.0,0.0,,0.0,0.0,0.0
2022-02-28,52.2,60.0,51.5,60.0,200500,12030000.0,0.0,0.0,0.0,0.0,,0.0,0.0,0.0
2022-03-01,61.0,64.9,60.0,64.0,53050,3395200.0,0.0,0.0,0.0,0.0,,0.0,0.0,0.0
2022-03-02,64.5,65.0,60.2,61.0,21851,1332911.0,0.0,0.0,0.0,0.0,,0.0,0.0,0.0
2022-03-03,62.6,62.6,57.1,59.0,21600,1274400.0,0.0,0.0,0.0,0.0,,0.0,0.0,0.0
2022-03-04,58.8,58.8,55.1,58.7,30800,1807960.0,0.0,0.0,0.0,0.0,,0.0,0.0,0.0
2022-03-07,57.3,60.0,57.0,58.7,24000,1408800.0,0.0,0.0,0.0,0.0,,0.0,0.0,0.0
2022-03-08,58.7,58.9,56.0,56.5,41401,2339156.5,0.0,0.0,0.0,0.0,,0.0,0.0,0.0
2022-03-09,57.4,57.4,54.0,54.5,30606,1668027.0,0.0,0.0,0.0,0.0,,0.0,0.0,0.0
2022-03-10,55.0,56.0,50.0,53.5,35104,1878064.0,0.0,0.0,0.0,0.0,,0.0,0.0,0.0
2022-03-11,58.0,58.0,53.0,54.3,17800,966540.0,0.0,0.0,0.0,0.0,,0.0,0.0,0.0
2022-03-14,54.1,54.1,51.2,53.0,7029,372537.0,0.0,0.0,0.0,0.0,,0.0,0.0,0.0
2022-03-15,52.0,52.9,51.0,51.9,25000,1297500.0,0.0,0.0,0.0,0.0,,0.0,0.0,0.0
2022-03-16,51.8,51.9,51.0,51.6,23700,1222920.0,0.0,0.0,0.0,0.0,,0.0,0.0,0.0
2022-03-17,51.0,53.0,51.0,53.0,12700,673100.0,0.0,0.0,0.0,0.0,,0.0,0.0,0.0
2022-03-18,51.2,53.0,51.2,52.0,43500,2262000.0,0.0,0.0,0.0,0.0,,0.0,0.0,0.0
2022-03-21,51.0,52.5,51.0,52.0,24000,1248000.0,0.0,0.0,0.0,0.0,,0.0,0.0,0.0
2022-03-22,52.5,53.5,51.8,51.8,25600,1326080.0,0.0,0.0,0.0,0.0,,0.0,0.0,0.0
2022-03-23,52.5,52.5,51.2,51.7,32140,1661638.0,0.0,0.0,0.0,0.0,,0.0,0.0,0.0
2022-03-24,51.1,51.9,50.8,51.5,48199,2482248.5,0.0,0.0,0.0,0.0,,0.0,0.0,0.0
2022-03-25,51.3,51.5,51.0,51.2,19500,998400.0,0.0,0.0,0.0,0.0,,0.0,0.0,0.0
2022-03-28,51.2,51.2,50.0,50.4,35700,1799280.0,0.0,0.0,0.0,0.0,,0.0,0.0,0.0
2022-03-29,50.6,51.0,50.5,50.5,18244,921322.0,0.0,0.0,0.0,0.0,,0.0,0.0,0.0
2022-03-30,50.5,51.0,50.0,50.8,26400,1341120.0,0.0,0.0,0.0,0.0,,0.0,0.0,0.0
2022-03-31,50.3,50.3,49.0,49.9,9400,469060.0,0.0,0.0,0.0,0.0,,0.0,0.0,0.0
2022-04-01,50.0,50.0,48.0,49.0,15355,752395.0,0.0,0.0,0.0,0.0,,0.0,0.0,0.0
2022-04-04,49.0,50.0,48.7,49.9,6502,324449.8,0.0,0.0,0.0,0.0,,0.0,0.0,0.0
2022-04-05,49.7,49.7,48.8,49.4,13301,657069.4,0.0,0.0,0.0,0.0,,0.0,0.0,0.0
2022-04-06,49.0,49.0,43.0,46.1,39349,1813988.9,0.0,0.0,0.0,0.0,,0.0,0.0,0.0
2022-04-07,48.5,48.5,45.0,46.0,8000,368000.0,0.0,0.0,0.0,0.0,,0.0,0.0,0.0
2022-04-08,46.1,46.1,43.0,43.0,19700,847100.0,0.0,0.0,0.0,0.0,,0.0,0.0,0.0
2022-04-12,44.0,44.0,38.2,39.7,18306,726748.2000000001,0.0,0.0,0.0,0.0,,0.0,0.0,0.0
2022-04-13,39.0,39.0,36.6,38.5,20150,775775.0,0.0,0.0,0.0,0.0,,0.0,0.0,0.0
2022-04-14,39.0,39.0,35.1,37.5,14320,537000.0,0.0,0.0,0.0,0.0,,0.0,0.0,0.0
2022-04-15,38.9,38.9,37.5,38.0,2400,91200.0,0.0,0.0,0.0,0.0,,0.0,0.0,0.0
2022-04-18,34.3,34.8,32.3,34.4,19713,678127.2,0.0,0.0,0.0,0.0,,0.0,0.0,0.0
2022-04-19,32.9,32.9,30.2,30.2,16044,484528.8,0.0,0.0,0.0,0.0,,0.0,0.0,0.0
2022-04-20,32.0,32.0,28.0,28.0,8704,243712.0,0.0,0.0,0.0,0.0,,0.0,0.0,0.0
2022-04-21,24.5,27.2,24.5,25.0,30380,759500.0,0.0,0.0,0.0,0.0,,0.0,0.0,0.0
2022-04-22,25.0,27.9,25.0,27.0,16200,437400.0,0.0,0.0,0.0,0.0,,0.0,0.0,0.0
2022-04-25,27.7,27.7,25.6,25.6,5200,133120.0,0.0,0.0,0.0,0.0,,0.0,0.0,0.0
2022-04-26,26.0,28.8,25.6,28.8,3400,97920.0,0.0,0.0,0.0,0.0,,0.0,0.0,0.0
2022-04-27,28.8,28.8,28.0,28.7,10610,304507.0,0.0,0.0,0.0,0.0,,0.0,0.0,0.0
2022-04-28,28.5,29.0,28.0,28.4,4100,116440.0,0.0,0.0,0.0,0.0,,0.0,0.0,0.0
2022-04-29,28.3,28.8,28.0,28.6,11300,323180.0,0.0,0.0,0.0,0.0,,0.0,0.0,0.0
2022-05-04,28.8,28.9,26.2,26.5,2400,63600.0,0.0,0.0,0.0,0.0,,0.0,0.0,0.0
2022-05-05,28.1,28.3,25.0,25.3,3700,93610.0,0.0,0.0,0.0,0.0,,0.0,0.0,0.0
2022-05-06,26.7,27.5,25.0,25.0,4605,115125.0,0.0,0.0,0.0,0.0,,0.0,0.0,0.0
2022-05-09,25.9,25.9,22.3,22.3,3700,82510.0,0.0,0.0,0.0,0.0,,0.0,0.0,0.0
2022-05-10,19.3,22.7,19.3,22.7,9900,224730.0,0.0,0.0,0.0,0.0,,0.0,0.0,0.0
2022-05-11,21.0,23.9,21.0,23.9,42205,1008699.5,0.0,0.0,0.0,0.0,,0.0,0.0,0.0
2022-05-12,23.8,27.3,23.8,25.8,34800,897840.0,0.0,0.0,0.0,0.0,,0.0,0.0,0.0
2022-05-13,25.6,26.0,22.7,24.1,8310,200271.0,0.0,0.0,0.0,0.0,,0.0,0.0,0.0
2022-05-16,27.9,27.9,23.0,23.0,12100,278300.0,0.0,0.0,0.0,0.0,,0.0,0.0,0.0
2022-05-17,23.0,27.5,23.0,27.5,21500,591250.0,0.0,0.0,0.0,0.0,,0.0,0.0,0.0
2022-05-18,27.5,27.7,26.0,26.9,14200,381980.0,0.0,0.0,0.0,0.0,,0.0,0.0,0.0
2022-05-19,23.0,26.5,23.0,24.0,16800,403200.0,0.0,0.0,0.0,0.0,,0.0,0.0,0.0
2022-05-20,24.4,24.4,24.2,24.4,8200,200080.0,0.0,0.0,0.0,0.0,,0.0,0.0,0.0
2022-05-23,24.4,25.0,23.4,24.6,15700,386220.0,0.0,0.0,0.0,0.0,,0.0,0.0,0.0
2022-05-24,23.0,23.1,21.0,23.0,10900,250700.0,0.0,0.0,0.0,0.0,,0.0,0.0,0.0
2022-05-25,25.0,25.0,22.0,24.5,8800,215600.0,0.0,0.0,0.0,0.0,,0.0,0.0,0.0
2022-05-26,23.2,24.5,22.8,22.8,19900,453720.0,0.0,0.0,0.0,0.0,,0.0,0.0,0.0
2022-05-27,25.5,25.5,22.5,23.3,25200,587160.0,0.0,0.0,0.0,0.0,,0.0,0.0,0.0
2022-05-30,23.3,24.0,23.0,24.0,15900,381600.0,0.0,0.0,0.0,0.0,,0.0,0.0,0.0
2022-05-31,23.0,25.5,23.0,24.0,80900,1941600.0,0.0,0.0,0.0,0.0,,0.0,0.0,0.0
2022-06-01,24.1,24.7,23.5,24.7,3300,81510.0,0.0,0.0,0.0,0.0,,0.0,0.0,0.0
2022-06-02,23.0,24.0,23.0,23.0,12100,278300.0,0.0,0.0,0.0,0.0,,0.0,0.0,0.0
2022-06-03,23.0,23.7,22.6,23.7,14200,336540.0,0.0,0.0,0.0,0.0,,0.0,0.0,0.0
2022-06-06,23.0,23.0,22.0,23.0,15800,363400.0,0.0,0.0,0.0,0.0,,0.0,0.0,0.0
2022-06-07,22.6,22.6,21.6,22.3,5800,129340.0,0.0,0.0,0.0,0.0,,0.0,0.0,0.0
2022-06-08,22.3,23.0,21.6,22.2,8800,195360.0,0.0,0.0,0.0,0.0,,0.0,0.0,0.0
2022-06-09,22.6,22.9,21.6,22.5,24600,553500.0,0.0,0.0,0.0,0.0,,0.0,0.0,0.0
2022-06-10,22.3,22.3,21.0,22.0,13700,301400.0,0.0,0.0,0.0,0.0,,0.0,0.0,0.0
2022-06-13,21.1,21.1,19.1,19.1,5100,97410.0,0.0,0.0,0.0,0.0,,0.0,0.0,0.0
2022-06-14,20.7,20.7,20.0,20.0,3300,66000.0,0.0,0.0,0.0,0.0,,0.0,0.0,0.0
2022-06-15,18.0,20.0,17.5,17.5,11300,197750.0,0.0,0.0,0.0,0.0,,0.0,0.0,0.0
2022-06-16,19.4,19.4,17.0,17.0,5700,96900.0,0.0,0.0,0.0,0.0,,0.0,0.0,0.0
2022-06-17,15.5,17.5,15.5,17.5,11200,196000.0,0.0,0.0,0.0,0.0,,0.0,0.0,0.0
2022-06-20,15.7,17.5,13.5,13.5,3300,44550.0,0.0,0.0,0.0,0.0,,0.0,0.0,0.0
2022-06-21,14.0,15.5,13.0,14.0,5100,71400.0,0.0,0.0,0.0,0.0,,0.0,0.0,0.0
2022-06-22,12.3,15.2,12.3,15.2,7500,114000.0,0.0,0.0,0.0,0.0,,0.0,0.0,0.0
2022-06-23,15.5,16.8,15.0,16.8,10910,183288.0,0.0,0.0,0.0,0.0,,0.0,0.0,0.0
2022-06-24,16.5,17.8,16.5,16.8,9900,166320.0,0.0,0.0,0.0,0.0,,0.0,0.0,0.0
2022-06-27,17.0,17.0,17.0,17.0,1200,20400.0,0.0,0.0,0.0,0.0,,0.0,0.0,0.0
2022-06-28,18.0,19.5,18.0,19.5,21400,417300.0,0.0,0.0,0.0,0.0,,0.0,0.0,0.0
2022-06-29,20.5,21.9,19.2,21.8,19600,427280.0,0.0,0.0,0.0,0.0,,0.0,0.0,0.0
2022-06-30,21.9,24.3,20.2,22.6,21900,494940.00000000006,0.0,0.0,0.0,0.0,,0.0,0.0,0.0
2022-07-01,20.0,20.0,19.0,20.0,9900,198000.0,0.0,0.0,0.0,0.0,,0.0,0.0,0.0
2022-07-04,20.0,21.0,20.0,20.3,8300,168490.0,0.0,0.0,0.0,0.0,,0.0,0.0,0.0
2022-07-05,20.0,20.0,18.3,18.3,7200,131760.0,0.0,0.0,0.0,0.0,,0.0,0.0,0.0
2022-07-06,16.1,19.7,16.1,19.7,2700,53190.0,0.0,0.0,0.0,0.0,,0.0,0.0,0.0
2022-07-07,18.0,19.0,18.0,18.9,1600,30240.0,0.0,0.0,0.0,0.0,,0.0,0.0,0.0
2022-07-08,16.6,20.1,16.6,19.7,10200,200940.0,0.0,0.0,0.0,0.0,,0.0,0.0,0.0
2022-07-11,17.9,20.2,17.6,18.8,11900,223720.0,0.0,0.0,0.0,0.0,,0.0,0.0,0.0
2022-07-12,18.7,19.4,18.7,19.0,6400,121600.0,0.0,0.0,0.0,0.0,,0.0,0.0,0.0
2022-07-13,16.6,19.3,16.6,19.3,13300,256690.0,0.0,0.0,0.0,0.0,,0.0,0.0,0.0
2022-07-14,17.8,19.2,17.8,19.2,8600,165120.0,0.0,0.0,0.0,0.0,,0.0,0.0,0.0
2022-07-15,18.9,21.5,18.8,19.8,14200,281160.0,0.0,0.0,0.0,0.0,,0.0,0.0,0.0
2022-07-18,21.0,21.0,19.5,20.0,18600,372000.0,0.0,0.0,0.0,0.0,,0.0,0.0,0.0
2022-07-19,18.3,19.6,18.3,19.6,4400,86240.0,0.0,0.0,0.0,0.0,,0.0,0.0,0.0
2022-07-20,18.6,20.0,18.6,19.6,16700,327320.0,0.0,0.0,0.0,0.0,,0.0,0.0,0.0
2022-07-21,19.0,19.2,19.0,19.0,5900,112100.0,0.0,0.0,0.0,0.0,,0.0,0.0,0.0
2022-07-22,18.3,19.2,18.0,19.1,12400,236840.00000000003,0.0,0.0,0.0,0.0,,0.0,0.0,0.0
2022-07-25,18.4,18.4,18.4,18.4,10400,191360.0,0.0,0.0,0.0,0.0,,0.0,0.0,0.0
2022-07-26,18.4,18.4,18.0,18.0,8300,149400.0,0.0,0.0,0.0,0.0,,0.0,0.0,0.0
2022-07-27,18.2,18.6,17.7,18.6,2900,53940.00000000001,0.0,0.0,0.0,0.0,,0.0,0.0,0.0
2022-07-28,18.9,20.5,18.3,19.5,19200,374400.0,0.0,0.0,0.0,0.0,,0.0,0.0,0.0
2022-07-29,18.7,19.9,18.6,19.4,13400,259960.0,0.0,0.0,0.0,0.0,,0.0,0.0,0.0
2022-08-01,18.9,19.4,18.9,19.3,10000,193000.0,0.0,0.0,0.0,0.0,,0.0,0.0,0.0
2022-08-02,19.2,19.8,19.2,19.8,18800,372240.0,0.0,0.0,0.0,0.0,,0.0,0.0,0.0
2022-08-03,19.0,19.9,19.0,19.6,7400,145040.0,0.0,0.0,0.0,0.0,,0.0,0.0,0.0
2022-08-04,19.9,20.0,19.4,19.5,13500,263250.0,0.0,0.0,0.0,0.0,,0.0,0.0,0.0
2022-08-05,19.3,20.2,19.3,20.2,35800,723160.0,0.0,0.0,0.0,0.0,,0.0,0.0,0.0
2022-08-08,20.2,22.0,20.2,21.1,38300,808130.0,0.0,0.0,0.0,0.0,,0.0,0.0,0.0
2022-08-09,22.5,22.5,21.1,22.1,26000,574600.0,0.0,0.0,0.0,0.0,,0.0,0.0,0.0
2022-08-10,22.0,24.0,22.0,23.5,35900,843650.0,0.0,0.0,0.0,0.0,,0.0,0.0,0.0
2022-08-11,24.0,26.4,24.0,25.2,85800,2162160.0,0.0,0.0,0.0,0.0,,0.0,0.0,0.0
2022-08-12,24.2,25.3,24.0,25.3,19900,503470.0,0.0,0.0,0.0,0.0,,0.0,0.0,0.0
2022-08-15,24.5,25.5,23.4,24.8,14400,357120.0,0.0,0.0,0.0,0.0,,0.0,0.0,0.0
2022-08-16,23.7,24.2,23.5,23.5,26700,627450.0,0.0,0.0,0.0,0.0,,0.0,0.0,0.0
2022-08-17,24.2,24.2,22.9,23.0,10600,243800.0,0.0,0.0,0.0,0.0,,0.0,0.0,0.0
2022-08-18,22.9,23.4,22.0,23.4,19300,451620.0,0.0,0.0,0.0,0.0,,0.0,0.0,0.0
2022-08-19,22.2,23.3,22.2,23.0,2600,59800.0,0.0,0.0,0.0,0.0,,0.0,0.0,0.0
2022-08-22,23.0,23.0,21.4,22.2,12700,281940.0,0.0,0.0,0.0,0.0,,0.0,0.0,0.0
2022-08-23,20.2,22.8,20.2,22.8,14100,321480.0,0.0,0.0,0.0,0.0,,0.0,0.0,0.0
2022-08-24,21.8,22.1,21.5,21.7,12104,262656.8,0.0,0.0,0.0,0.0,,0.0,0.0,0.0
2022-08-25,21.7,22.5,20.2,21.8,13100,285580.0,0.0,0.0,0.0,0.0,,0.0,0.0,0.0
2022-08-26,21.7,22.0,21.6,22.0,2300,50600.0,0.0,0.0,0.0,0.0,,0.0,0.0,0.0
2022-08-29,21.7,21.7,20.1,21.3,9100,193830.0,0.0,0.0,0.0,0.0,,0.0,0.0,0.0
2022-08-30,22.0,22.0,21.3,21.3,4700,100110.0,0.0,0.0,0.0,0.0,,0.0,0.0,0.0
2022-08-31,21.3,21.6,20.5,21.4,5700,121980.0,0.0,0.0,0.0,0.0,,0.0,0.0,0.0
2022-09-05,21.0,21.0,20.6,20.8,7900,164320.0,0.0,0.0,0.0,0.0,,0.0,0.0,0.0
2022-09-06,20.8,21.6,20.8,21.6,13100,282960.0,0.0,0.0,0.0,0.0,,0.0,0.0,0.0
2022-09-07,21.6,21.7,20.1,21.5,14900,320350.0,0.0,0.0,0.0,0.0,,0.0,0.0,0.0
2022-09-08,21.0,21.0,20.0,20.0,14700,294000.0,0.0,0.0,0.0,0.0,,0.0,0.0,0.0
2022-09-09,19.2,23.0,19.2,23.0,16700,384100.0,0.0,0.0,0.0,0.0,,0.0,0.0,0.0
2022-09-12,23.0,23.5,21.0,21.3,13800,293940.0,0.0,0.0,0.0,0.0,,0.0,0.0,0.0
2022-09-13,20.7,21.7,20.5,21.7,5600,121520.0,0.0,0.0,0.0,0.0,,0.0,0.0,0.0
2022-09-14,20.0,21.0,20.0,20.7,5000,103500.0,0.0,0.0,0.0,0.0,,0.0,0.0,0.0
2022-09-15,20.7,21.9,20.2,21.4,8000,171200.0,0.0,0.0,0.0,0.0,,0.0,0.0,0.0
2022-09-16,20.5,21.4,20.2,21.3,3500,74550.0,0.0,0.0,0.0,0.0,,0.0,0.0,0.0
2022-09-19,20.1,21.3,19.2,20.8,19700,409760.0,0.0,0.0,0.0,0.0,,0.0,0.0,0.0
2022-09-20,19.1,20.7,19.1,20.7,300,6210.0,0.0,0.0,0.0,0.0,,0.0,0.0,0.0
2022-09-21,19.6,20.9,19.6,20.9,3700,77330.0,0.0,0.0,0.0,0.0,,0.0,0.0,0.0
2022-09-22,19.8,20.7,19.8,20.7,2900,60030.0,0.0,0.0,0.0,0.0,,0.0,0.0,0.0
2022-09-23,20.1,21.2,20.1,21.0,8700,182700.0,0.0,0.0,0.0,0.0,,0.0,0.0,0.0
2022-09-26,19.3,19.9,18.6,19.9,17400,346260.0,0.0,0.0,0.0,0.0,,0.0,0.0,0.0
2022-09-27,19.1,20.2,19.0,20.2,4000,80800.0,0.0,0.0,0.0,0.0,,0.0,0.0,0.0
2022-09-28,20.1,20.1,18.7,19.4,4400,85360.0,0.0,0.0,0.0,0.0,,0.0,0.0,0.0
2022-09-29,19.2,19.7,18.6,19.0,11401,216619.0,0.0,0.0,0.0,0.0,,0.0,0.0,0.0
2022-09-30,16.7,19.5,16.7,19.5,2100,40950.0,0.0,0.0,0.0,0.0,,0.0,0.0,0.0
2022-10-03,16.8,19.0,16.8,18.7,1600,29920.0,0.0,0.0,0.0,0.0,,0.0,0.0,0.0
2022-10-04,19.0,19.0,17.5,17.9,2400,42960.0,0.0,0.0,0.0,0.0,,0.0,0.0,0.0
2022-10-05,17.9,18.5,17.3,18.4,1300,23920.0,0.0,0.0,0.0,0.0,,0.0,0.0,0.0
2022-10-06,16.9,18.3,16.8,17.2,3300,56760.0,0.0,0.0,0.0,0.0,,0.0,0.0,0.0
2022-10-07,18.2,18.2,16.0,16.9,5500,92950.0,0.0,0.0,0.0,0.0,,0.0,0.0,0.0
2022-10-10,16.8,16.9,16.8,16.9,1800,30420.0,0.0,0.0,0.0,0.0,,0.0,0.0,0.0
2022-10-11,16.8,16.8,16.0,16.0,5302,84832.0,0.0,0.0,0.0,0.0,,0.0,0.0,0.0
2022-10-12,14.2,16.1,14.1,16.0,5600,89600.0,0.0,0.0,0.0,0.0,,0.0,0.0,0.0
2022-10-13,15.4,16.2,15.0,16.2,6500,105300.0,0.0,0.0,0.0,0.0,,0.0,0.0,0.0
2022-10-14,15.1,16.4,15.0,16.2,7900,127980.0,0.0,0.0,0.0,0.0,,0.0,0.0,0.0
2022-10-17,16.7,16.7,16.6,16.6,2400,39840.0,0.0,0.0,0.0,0.0,,0.0,0.0,0.0
2022-10-18,16.9,17.5,16.9,17.5,4700,82250.0,0.0,0.0,0.0,0.0,,0.0,0.0,0.0
2022-10-19,17.9,17.9,17.9,17.9,400,7159.999999999999,0.0,0.0,0.0,0.0,,0.0,0.0,0.0
2022-10-20,17.9,17.9,17.9,17.9,0,0.0,0.0,0.0,0.0,0.0,,0.0,0.0,0.0
2022-10-21,17.9,17.9,17.9,17.9,0,0.0,0.0,0.0,0.0,0.0,,0.0,0.0,0.0
2022-10-24,18.4,18.4,18.3,18.3,2400,43920.0,0.0,0.0,0.0,0.0,,0.0,0.0,0.0
2022-10-25,15.7,17.2,15.7,17.0,7700,130900.0,0.0,0.0,0.0,0.0,,0.0,0.0,0.0
2022-10-26,18.5,18.9,14.2,17.1,6100,104310.0,0.0,0.0,0.0,0.0,,0.0,0.0,0.0
2022-10-27,17.8,17.8,17.3,17.4,3800,66120.0,0.0,0.0,0.0,0.0,,0.0,0.0,0.0
2022-10-28,17.0,17.8,17.0,17.7,4100,72570.0,0.0,0.0,0.0,0.0,,0.0,0.0,0.0
2022-10-31,17.5,17.5,15.4,16.9,2700,45629.99999999999,0.0,0.0,0.0,0.0,,0.0,0.0,0.0
2022-11-01,16.3,17.3,15.0,17.0,700,11900.0,0.0,0.0,0.0,0.0,,0.0,0.0,0.0
2022-11-02,16.8,17.5,15.3,16.9,1400,23660.0,0.0,0.0,0.0,0.0,,0.0,0.0,0.0
2022-11-03,16.8,16.8,16.8,16.8,2000,33600.0,0.0,0.0,0.0,0.0,,0.0,0.0,0.0
2022-11-04,15.0,16.4,14.6,16.4,2900,47559.99999999999,0.0,0.0,0.0,0.0,,0.0,0.0,0.0
2022-11-07,16.9,16.9,13.7,15.6,5800,90480.0,0.0,0.0,0.0,0.0,,0.0,0.0,0.0
2022-11-08,16.4,16.9,13.4,15.6,5136,80121.59999999999,0.0,0.0,0.0,0.0,,0.0,0.0,0.0
2022-11-09,15.3,16.3,15.3,15.9,5000,79500.0,0.0,0.0,0.0,0.0,,0.0,0.0,0.0
2022-11-10,15.6,16.8,14.1,15.5,9800,151900.0,0.0,0.0,0.0,0.0,,0.0,0.0,0.0
2022-11-11,16.1,16.1,14.3,14.6,1100,16060.0,0.0,0.0,0.0,0.0,,0.0,0.0,0.0
2022-11-14,14.0,15.1,13.6,14.9,3100,46190.0,0.0,0.0,0.0,0.0,,0.0,0.0,0.0
2022-11-15,14.8,14.8,12.4,12.4,4900,60760.0,0.0,0.0,0.0,0.0,,0.0,0.0,0.0
2022-11-16,13.7,14.8,11.4,14.0,36300,508200.0,0.0,0.0,0.0,0.0,,0.0,0.0,0.0
2022-11-17,13.9,14.1,13.9,14.0,1400,19600.0,0.0,0.0,0.0,0.0,,0.0,0.0,0.0
2022-11-18,14.8,15.4,12.1,14.1,5700,80370.0,0.0,0.0,0.0,0.0,,0.0,0.0,0.0
2022-11-21,14.1,14.1,12.9,14.0,4700,65800.0,0.0,0.0,0.0,0.0,,0.0,0.0,0.0
2022-11-22,14.6,14.6,12.7,12.7,12300,156210.0,0.0,0.0,0.0,0.0,,0.0,0.0,0.0
2022-11-23,13.0,13.8,13.0,13.8,1900,26220.0,0.0,0.0,0.0,0.0,,0.0,0.0,0.0
2022-11-24,14.1,14.1,12.0,12.9,2000,25800.0,0.0,0.0,0.0,0.0,,0.0,0.0,0.0
2022-11-25,13.4,13.4,12.1,12.8,10200,130560.0,0.0,0.0,0.0,0.0,,0.0,0.0,0.0
2022-11-28,13.9,14.4,13.0,13.9,39006,542183.4,0.0,0.0,0.0,0.0,,0.0,0.0,0.0
2022-11-29,13.8,15.3,13.7,14.2,35200,499840.0,0.0,0.0,0.0,0.0,,0.0,0.0,0.0
2022-11-30,13.8,16.3,13.8,16.3,66100,1077430.0,0.0,0.0,0.0,0.0,,0.0,0.0,0.0
2022-12-01,17.4,17.4,17.0,17.4,12306,214124.4,0.0,0.0,0.0,0.0,,0.0,0.0,0.0
2022-12-02,20.0,20.0,20.0,20.0,27807,556140.0,0.0,0.0,0.0,0.0,,0.0,0.0,0.0
2022-12-05,23.0,23.0,23.0,23.0,15410,354430.0,0.0,0.0,0.0,0.0,,0.0,0.0,0.0
2022-12-06,26.4,26.4,19.6,23.0,194130,4464990.0,0.0,0.0,0.0,0.0,,0.0,0.0,0.0
2022-12-07,21.2,23.8,20.9,20.9,45300,946770.0,0.0,0.0,0.0,0.0,,0.0,0.0,0.0
2022-12-08,20.5,24.8,20.5,23.3,80600,1877980.0,0.0,0.0,0.0,0.0,,0.0,0.0,0.0
2022-12-09,22.1,22.2,20.6,22.0,23900,525800.0,0.0,0.0,0.0,0.0,,0.0,0.0,0.0
2022-12-12,21.3,22.0,18.2,18.2,52100,948220.0,0.0,0.0,0.0,0.0,,0.0,0.0,0.0
2022-12-13,17.5,18.8,16.2,18.8,43400,815920.0,0.0,0.0,0.0,0.0,,0.0,0.0,0.0
2022-12-14,18.5,18.5,16.3,17.6,13411,236033.6,0.0,0.0,0.0,0.0,,0.0,0.0,0.0
2022-12-15,17.2,17.2,16.0,16.8,25500,428400.0,0.0,0.0,0.0,0.0,,0.0,0.0,0.0
2022-12-16,16.5,17.0,16.4,17.0,26795,455515.0,0.0,0.0,0.0,0.0,,0.0,0.0,0.0
2022-12-19,16.8,18.2,16.1,16.1,7910,127351.0,0.0,0.0,0.0,0.0,,0.0,0.0,0.0
2022-12-20,17.0,17.0,14.6,15.1,22821,344597.1,0.0,0.0,0.0,0.0,,0.0,0.0,0.0
2022-12-21,15.1,15.1,13.8,14.1,13500,190350.0,0.0,0.0,0.0,0.0,,0.0,0.0,0.0
2022-12-22,15.0,15.0,14.1,15.0,7300,109500.0,0.0,0.0,0.0,0.0,,0.0,0.0,0.0
2022-12-23,15.0,15.0,14.4,14.6,1400,20440.0,0.0,0.0,0.0,0.0,,0.0,0.0,0.0
2022-12-26,14.1,14.2,13.5,13.7,16100,220570.0,0.0,0.0,0.0,0.0,,0.0,0.0,0.0
2022-12-27,14.5,15.0,14.0,15.0,12802,192030.0,0.0,0.0,0.0,0.0,,0.0,0.0,0.0
2022-12-28,15.8,16.9,15.7,16.8,5800,97440.0,0.0,0.0,0.0,0.0,,0.0,0.0,0.0
2022-12-29,16.5,16.5,15.5,16.3,2300,37490.0,0.0,0.0,0.0,0.0,,0.0,0.0,0.0
2022-12-30,16.0,16.0,14.7,14.7,5700,83790.0,0.0,0.0,0.0,0.0,,0.0,0.0,0.0
2023-01-03,16.5,17.3,16.3,17.2,12506,215103.2,0.0,0.0,0.0,0.0,,0.0,0.0,0.0
2023-01-04,16.7,18.0,16.0,16.7,9800,163660.0,0.0,0.0,0.0,0.0,,0.0,0.0,0.0
2023-01-05,15.8,16.8,15.8,16.8,3400,57120.0,0.0,0.0,0.0,0.0,,0.0,0.0,0.0
2023-01-06,15.9,16.1,14.8,14.8,19300,285640.0,0.0,0.0,0.0,0.0,,0.0,0.0,0.0
2023-01-09,15.2,15.8,14.9,15.0,4200,63000.0,0.0,0.0,0.0,0.0,,0.0,0.0,0.0
2023-01-10,15.0,15.1,15.0,15.1,5300,80030.0,0.0,0.0,0.0,0.0,,0.0,0.0,0.0
2023-01-11,14.7,16.0,14.7,15.0,3802,57030.0,0.0,0.0,0.0,0.0,,0.0,0.0,0.0
2023-01-12,14.2,14.9,14.1,14.9,1800,26820.0,0.0,0.0,0.0,0.0,,0.0,0.0,0.0
2023-01-13,14.5,15.5,14.5,15.1,1100,16610.0,0.0,0.0,0.0,0.0,,0.0,0.0,0.0
2023-01-16,14.5,14.7,14.1,14.7,3500,51450.0,0.0,0.0,0.0,0.0,,0.0,0.0,0.0
2023-01-17,14.7,15.8,14.7,15.8,220,3476.0,0.0,0.0,0.0,0.0,,0.0,0.0,0.0
2023-01-18,15.8,17.0,15.6,16.7,21800,364060.0,0.0,0.0,0.0,0.0,,0.0,0.0,0.0
2023-01-19,16.7,16.7,15.8,16.0,8800,140800.0,0.0,0.0,0.0,0.0,,0.0,0.0,0.0
2023-01-27,16.5,17.7,16.5,17.7,1300,23010.0,0.0,0.0,0.0,0.0,,0.0,0.0,0.0
2023-01-30,16.4,16.7,16.2,16.2,15002,243032.4,0.0,0.0,0.0,0.0,,0.0,0.0,0.0
2023-01-31,16.3,16.3,15.6,15.7,6700,105190.0,0.0,0.0,0.0,0.0,,0.0,0.0,0.0
2023-02-01,16.0,16.9,15.3,15.3,1900,29070.0,0.0,0.0,0.0,0.0,,0.0,0.0,0.0
2023-02-02,15.6,15.6,15.0,15.1,3800,57380.0,0.0,0.0,0.0,0.0,,0.0,0.0,0.0
2023-02-03,15.5,15.5,15.3,15.3,2400,36720.0,0.0,0.0,0.0,0.0,,0.0,0.0,0.0
2023-02-06,15.8,15.8,14.5,15.7,1200,18840.0,0.0,0.0,0.0,0.0,,0.0,0.0,0.0
2023-02-07,15.4,15.9,14.5,15.6,3400,53040.0,0.0,0.0,0.0,0.0,,0.0,0.0,0.0
2023-02-08,16.2,16.2,15.7,15.7,1900,29830.0,0.0,0.0,0.0,0.0,,0.0,0.0,0.0
2023-02-09,16.1,16.1,16.1,16.1,0,0.0,0.0,0.0,0.0,0.0,,0.0,0.0,0.0
2023-02-10,14.5,16.1,14.5,15.6,2600,40560.0,0.0,0.0,0.0,0.0,,0.0,0.0,0.0
2023-02-13,14.5,14.6,14.0,14.0,8500,119000.0,0.0,0.0,0.0,0.0,,0.0,0.0,0.0
2023-02-14,16.3,16.3,14.3,14.3,4400,62920.0,0.0,0.0,0.0,0.0,,0.0,0.0,0.0
2023-02-15,14.3,16.3,14.3,15.0,10400,156000.0,0.0,0.0,0.0,0.0,,0.0,0.0,0.0
2023-02-16,15.0,15.5,15.0,15.4,2700,41580.0,0.0,0.0,0.0,0.0,,0.0,0.0,0.0
2023-02-17,14.5,15.8,14.5,15.8,11400,180120.0,0.0,0.0,0.0,0.0,,0.0,0.0,0.0
2023-02-20,15.1,16.0,14.7,16.0,14700,235200.0,0.0,0.0,0.0,0.0,,0.0,0.0,0.0
2023-02-21,16.9,16.9,15.7,15.8,13402,211751.6,0.0,0.0,0.0,0.0,,0.0,0.0,0.0
2023-02-22,15.8,15.8,15.8,15.8,7200,113760.0,0.0,0.0,0.0,0.0,,0.0,0.0,0.0
2023-02-23,15.0,15.1,14.6,15.0,6500,97500.0,0.0,0.0,0.0,0.0,,0.0,0.0,0.0
2023-02-24,15.0,15.8,15.0,15.0,3500,52500.0,0.0,0.0,0.0,0.0,,0.0,0.0,0.0
2023-02-27,13.3,15.0,13.3,14.0,10300,144200.0,0.0,0.0,0.0,0.0,,0.0,0.0,0.0
2023-02-28,12.5,15.8,12.5,14.8,5800,85840.0,0.0,0.0,0.0,0.0,,0.0,0.0,0.0
2023-03-01,12.6,14.0,12.6,13.8,9100,125580.0,0.0,0.0,0.0,0.0,,0.0,0.0,0.0
2023-03-02,13.6,14.0,13.5,13.5,4100,55350.0,0.0,0.0,0.0,0.0,,0.0,0.0,0.0
2023-03-03,13.6,13.7,13.5,13.5,8000,108000.0,0.0,0.0,0.0,0.0,,0.0,0.0,0.0
2023-03-06,14.9,14.9,13.6,14.5,2800,40600.0,0.0,0.0,0.0,0.0,,0.0,0.0,0.0
2023-03-07,14.6,14.7,13.9,14.0,3400,47600.0,0.0,0.0,0.0,0.0,,0.0,0.0,0.0
2023-03-08,14.0,14.2,14.0,14.2,600,8520.0,0.0,0.0,0.0,0.0,,0.0,0.0,0.0
2023-03-09,14.2,14.2,14.2,14.2,0,0.0,0.0,0.0,0.0,0.0,,0.0,0.0,0.0
2023-03-10,14.2,14.2,14.2,14.2,2000,28400.0,0.0,0.0,0.0,0.0,,0.0,0.0,0.0
2023-03-13,14.2,14.2,14.2,14.2,0,0.0,0.0,0.0,0.0,0.0,,0.0,0.0,0.0
2023-03-14,14.2,14.2,14.2,14.2,0,0.0,0.0,0.0,0.0,0.0,,0.0,0.0,0.0
2023-03-15,13.5,14.5,13.5,14.5,10200,147900.0,0.0,0.0,0.0,0.0,,0.0,0.0,0.0
2023-03-16,14.7,14.7,14.7,14.7,400,5880.0,0.0,0.0,0.0,0.0,,0.0,0.0,0.0
2023-03-17,14.7,14.7,14.7,14.7,0,0.0,0.0,0.0,0.0,0.0,,0.0,0.0,0.0
2023-03-20,14.5,14.5,13.5,13.5,2500,33750.0,0.0,0.0,0.0,0.0,,0.0,0.0,0.0
2023-03-21,14.9,14.9,13.3,14.2,1400,19880.0,0.0,0.0,0.0,0.0,,0.0,0.0,0.0
2023-03-22,13.9,14.5,13.9,14.2,2200,31240.0,0.0,0.0,0.0,0.0,,0.0,0.0,0.0
2023-03-23,13.6,14.0,13.6,13.7,500,6850.0,0.0,0.0,0.0,0.0,,0.0,0.0,0.0
2023-03-24,13.7,13.8,13.5,13.8,5500,75900.0,0.0,0.0,0.0,0.0,,0.0,0.0,0.0
2023-03-27,13.7,13.7,13.6,13.6,6800,92480.0,0.0,0.0,0.0,0.0,,0.0,0.0,0.0
2023-03-28,13.1,13.9,13.0,13.9,6200,86180.0,0.0,0.0,0.0,0.0,,0.0,0.0,0.0
2023-03-29,13.5,13.6,13.5,13.5,2000,27000.0,0.0,0.0,0.0,0.0,,0.0,0.0,0.0
2023-03-30,13.6,14.5,13.4,13.8,16100,222180.0,0.0,0.0,0.0,0.0,,0.0,0.0,0.0
2023-03-31,14.3,14.3,14.2,14.2,1400,19880.0,0.0,0.0,0.0,0.0,,0.0,0.0,0.0
2023-04-03,14.2,15.0,14.0,14.7,12400,182280.0,0.0,0.0,0.0,0.0,,0.0,0.0,0.0
2023-04-04,14.5,15.0,14.4,14.4,15100,217440.0,0.0,0.0,0.0,0.0,,0.0,0.0,0.0
2023-04-05,14.0,14.9,13.5,14.0,28800,403200.0,0.0,0.0,0.0,0.0,,0.0,0.0,0.0
2023-04-06,14.9,15.0,14.4,14.4,17800,256320.0,0.0,0.0,0.0,0.0,,0.0,0.0,0.0
2023-04-07,15.0,15.0,13.6,14.0,5600,78400.0,0.0,0.0,0.0,0.0,,0.0,0.0,0.0
2023-04-10,14.8,15.0,13.9,14.2,14606,207405.2,0.0,0.0,0.0,0.0,,0.0,0.0,0.0
2023-04-11,14.2,14.2,13.6,14.2,3100,44020.0,0.0,0.0,0.0,0.0,,0.0,0.0,0.0
2023-04-12,13.9,14.4,13.8,13.8,3900,53820.0,0.0,0.0,0.0,0.0,,0.0,0.0,0.0
2023-04-13,13.6,14.0,13.5,14.0,3904,54656.0,0.0,0.0,0.0,0.0,,0.0,0.0,0.0
2023-04-14,13.5,13.8,12.6,12.8,10200,130560.0,0.0,0.0,0.0,0.0,,0.0,0.0,0.0
2023-04-17,13.0,13.4,12.6,13.4,900,12060.0,0.0,0.0,0.0,0.0,,0.0,0.0,0.0
2023-04-18,13.5,14.0,13.3,13.8,6600,91080.0,0.0,0.0,0.0,0.0,,0.0,0.0,0.0
2023-04-19,14.0,15.5,14.0,15.5,61140,947670.0,0.0,0.0,0.0,0.0,,0.0,0.0,0.0
2023-04-20,17.5,17.7,17.5,17.7,9553,169088.1,0.0,0.0,0.0,0.0,,0.0,0.0,0.0
2023-04-21,20.3,20.3,18.0,19.4,206646,4008932.4,0.0,0.0,0.0,0.0,,0.0,0.0,0.0
2023-04-24,20.0,20.0,18.5,18.9,31804,601095.6,0.0,0.0,0.0,0.0,,0.0,0.0,0.0
2023-04-25,19.0,20.0,18.0,18.5,58300,1078550.0,0.0,0.0,0.0,0.0,,0.0,0.0,0.0
2023-04-26,18.4,18.9,17.6,18.9,25200,476280.0,0.0,0.0,0.0,0.0,,0.0,0.0,0.0
2023-04-27,18.0,18.5,17.9,18.5,11906,220261.0,0.0,0.0,0.0,0.0,,0.0,0.0,0.0
2023-04-28,18.4,18.4,17.0,18.0,12500,225000.0,0.0,0.0,0.0,0.0,,0.0,0.0,0.0
2023-05-04,19.0,19.0,16.5,17.5,18000,315000.0,0.0,0.0,0.0,0.0,,0.0,0.0,0.0
2023-05-05,17.0,18.0,16.7,17.5,15409,269657.5,0.0,0.0,0.0,0.0,,0.0,0.0,0.0
2023-05-08,17.2,17.2,16.7,17.0,9903,168351.0,0.0,0.0,0.0,0.0,,0.0,0.0,0.0
2023-05-09,18.0,18.0,16.6,17.0,10100,171700.0,0.0,0.0,0.0,0.0,,0.0,0.0,0.0
2023-05-10,16.8,17.4,16.6,17.3,5700,98610.0,0.0,0.0,0.0,0.0,,0.0,0.0,0.0
2023-05-11,17.4,17.5,17.0,17.1,12100,206910.00000000003,0.0,0.0,0.0,0.0,,0.0,0.0,0.0
2023-05-12,17.3,18.2,17.0,17.4,15827,275389.8,0.0,0.0,0.0,0.0,,0.0,0.0,0.0
2023-05-15,18.0,18.0,17.7,17.7,7000,123900.0,0.0,0.0,0.0,0.0,,0.0,0.0,0.0
2023-05-16,17.8,17.9,17.1,17.5,4600,80500.0,0.0,0.0,0.0,0.0,,0.0,0.0,0.0
2023-05-17,17.9,17.9,16.9,16.9,4000,67600.0,0.0,0.0,0.0,0.0,,0.0,0.0,0.0
2023-05-18,16.9,17.5,16.7,17.5,5000,87500.0,0.0,0.0,0.0,0.0,,0.0,0.0,0.0
2023-05-19,17.0,18.0,17.0,17.6,14100,248160.00000000003,0.0,0.0,0.0,0.0,,0.0,0.0,0.0
2023-05-22,17.8,19.7,17.8,19.4,34800,675120.0,0.0,0.0,0.0,0.0,,0.0,0.0,0.0
2023-05-23,20.8,20.8,18.5,18.6,10406,193551.6,0.0,0.0,0.0,0.0,,0.0,0.0,0.0
2023-05-24,19.5,19.5,18.1,18.3,14000,256200.0,0.0,0.0,0.0,0.0,,0.0,0.0,0.0
2023-05-25,17.8,18.8,17.8,18.0,3900,70200.0,0.0,0.0,0.0,0.0,,0.0,0.0,0.0
2023-05-26,17.5,18.7,17.0,18.0,10100,181800.0,0.0,0.0,0.0,0.0,,0.0,0.0,0.0
2023-05-29,18.8,19.1,18.5,19.0,30000,570000.0,0.0,0.0,0.0,0.0,,0.0,0.0,0.0
2023-05-30,19.5,19.7,18.2,18.9,5200,98280.0,0.0,0.0,0.0,0.0,,0.0,0.0,0.0
2023-05-31,17.7,19.0,17.7,18.8,8207,154291.6,0.0,0.0,0.0,0.0,,0.0,0.0,0.0
2023-06-01,18.6,18.9,18.1,18.5,7801,144318.5,0.0,0.0,0.0,0.0,,0.0,0.0,0.0
2023-06-02,18.5,18.5,17.8,18.0,32500,585000.0,0.0,0.0,0.0,0.0,,0.0,0.0,0.0
2023-06-05,18.0,18.4,17.5,18.3,10101,184848.3,0.0,0.0,0.0,0.0,,0.0,0.0,0.0
2023-06-06,17.8,18.9,17.8,18.9,13100,247590.0,0.0,0.0,0.0,0.0,,0.0,0.0,0.0
2023-06-07,18.5,19.1,18.3,19.0,15500,294500.0,0.0,0.0,0.0,0.0,,0.0,0.0,0.0
2023-06-08,18.7,21.2,18.1,19.5,21100,411450.0,0.0,0.0,0.0,0.0,,0.0,0.0,0.0
2023-06-09,19.5,20.3,18.7,19.2,16000,307200.0,0.0,0.0,0.0,0.0,,0.0,0.0,0.0
2023-06-12,18.7,19.1,18.4,19.1,3100,59210.00000000001,0.0,0.0,0.0,0.0,,0.0,0.0,0.0
2023-06-13,18.5,18.8,18.0,18.5,8200,151700.0,0.0,0.0,0.0,0.0,,0.0,0.0,0.0
2023-06-14,18.7,18.7,18.3,18.7,7800,145860.0,0.0,0.0,0.0,0.0,,0.0,0.0,0.0
2023-06-15,18.5,18.6,18.5,18.6,1100,20460.0,0.0,0.0,0.0,0.0,,0.0,0.0,0.0
2023-06-16,18.8,18.8,18.4,18.4,4604,84713.59999999999,0.0,0.0,0.0,0.0,,0.0,0.0,0.0
2023-06-19,18.4,18.4,18.2,18.2,1100,20020.0,0.0,0.0,0.0,0.0,,0.0,0.0,0.0
2023-06-20,20.7,20.7,17.1,18.8,2721,51154.8,0.0,0.0,0.0,0.0,,0.0,0.0,0.0
2023-06-21,18.0,18.5,18.0,18.5,2800,51800.0,0.0,0.0,0.0,0.0,,0.0,0.0,0.0
2023-06-22,18.5,18.5,18.1,18.4,1501,27618.4,0.0,0.0,0.0,0.0,,0.0,0.0,0.0
2023-06-23,19.2,19.2,18.2,18.2,2600,47320.0,0.0,0.0,0.0,0.0,,0.0,0.0,0.0
2023-06-26,18.3,18.4,17.0,18.4,8020,147568.0,0.0,0.0,0.0,0.0,,0.0,0.0,0.0
2023-06-27,17.8,18.4,17.8,17.8,2100,37380.0,0.0,0.0,0.0,0.0,,0.0,0.0,0.0
2023-06-28,18.6,18.6,17.9,18.6,3500,65100.00000000001,0.0,0.0,0.0,0.0,,0.0,0.0,0.0
2023-06-29,18.4,18.5,17.3,18.5,6000,111000.0,0.0,0.0,0.0,0.0,,0.0,0.0,0.0
2023-06-30,18.6,18.6,17.3,17.3,2000,34600.0,0.0,0.0,0.0,0.0,,0.0,0.0,0.0
2023-07-03,17.5,19.2,17.5,19.2,800,15360.0,0.0,0.0,0.0,0.0,,0.0,0.0,0.0
2023-07-04,18.8,18.8,18.7,18.7,200,3740.0,0.0,0.0,0.0,0.0,,0.0,0.0,0.0
2023-07-05,17.8,18.7,17.5,18.4,4400,80960.0,0.0,0.0,0.0,0.0,,0.0,0.0,0.0
2023-07-06,19.4,19.4,17.5,17.5,4100,71750.0,0.0,0.0,0.0,0.0,,0.0,0.0,0.0
2023-07-07,18.5,18.5,17.9,17.9,1000,17900.0,0.0,0.0,0.0,0.0,,0.0,0.0,0.0
2023-07-10,18.0,18.8,17.9,18.0,5700,102600.0,0.0,0.0,0.0,0.0,,0.0,0.0,0.0
2023-07-11,19.0,19.0,17.6,18.6,3200,59520.00000000001,0.0,0.0,0.0,0.0,,0.0,0.0,0.0
2023-07-12,17.5,18.4,17.5,18.4,1900,34960.0,0.0,0.0,0.0,0.0,,0.0,0.0,0.0
2023-07-13,18.3,18.3,17.2,18.0,3400,61200.0,0.0,0.0,0.0,0.0,,0.0,0.0,0.0
2023-07-14,17.8,18.0,17.8,18.0,3400,61200.0,0.0,0.0,0.0,0.0,,0.0,0.0,0.0
2023-07-17,18.0,18.5,17.1,18.4,4900,90160.0,0.0,0.0,0.0,0.0,,0.0,0.0,0.0
2023-07-18,18.3,18.3,18.0,18.0,1100,19800.0,0.0,0.0,0.0,0.0,,0.0,0.0,0.0
2023-07-19,18.1,18.1,17.5,17.5,4900,85750.0,0.0,0.0,0.0,0.0,,0.0,0.0,0.0
2023-07-20,17.2,17.5,16.9,16.9,14300,241670.0,0.0,0.0,0.0,0.0,,0.0,0.0,0.0
2023-07-21,16.8,18.5,16.8,18.2,5000,91000.0,0.0,0.0,0.0,0.0,,0.0,0.0,0.0
2023-07-24,17.5,18.2,17.5,18.2,11400,207480.0,0.0,0.0,0.0,0.0,,0.0,0.0,0.0
2023-07-25,17.3,18.0,17.3,18.0,1100,19800.0,0.0,0.0,0.0,0.0,,0.0,0.0,0.0
2023-07-26,17.6,18.0,17.5,17.9,4500,80550.0,0.0,0.0,0.0,0.0,,0.0,0.0,0.0
2023-07-27,17.4,18.0,17.0,17.6,19000,334400.0,0.0,0.0,0.0,0.0,,0.0,0.0,0.0
2023-07-28,18.2,18.5,17.3,18.5,29700,549450.0,0.0,0.0,0.0,0.0,,0.0,0.0,0.0
2023-07-31,18.5,18.6,17.6,18.3,11500,210450.0,0.0,0.0,0.0,0.0,,0.0,0.0,0.0
2023-08-01,18.0,18.3,17.7,18.2,6189,112639.8,0.0,0.0,0.0,0.0,,0.0,0.0,0.0
2023-08-02,17.5,17.6,17.5,17.6,3800,66880.0,0.0,0.0,0.0,0.0,,0.0,0.0,0.0
2023-08-03,17.5,18.0,17.5,17.5,2100,36750.0,0.0,0.0,0.0,0.0,,0.0,0.0,0.0
2023-08-04,17.5,18.0,17.4,17.6,12300,216480.00000000003,0.0,0.0,0.0,0.0,,0.0,0.0,0.0
2023-08-07,17.6,19.2,17.6,18.5,43500,804750.0,0.0,0.0,0.0,0.0,,0.0,0.0,0.0
2023-08-08,18.5,18.5,18.0,18.0,13000,234000.0,0.0,0.0,0.0,0.0,,0.0,0.0,0.0
2023-08-09,18.1,19.0,17.5,18.2,9300,169260.0,0.0,0.0,0.0,0.0,,0.0,0.0,0.0
2023-08-10,17.5,18.3,17.5,17.9,7205,128969.5,0.0,0.0,0.0,0.0,,0.0,0.0,0.0
2023-08-11,18.2,18.2,17.5,18.1,3300,59730.00000000001,0.0,0.0,0.0,0.0,,0.0,0.0,0.0
2023-08-14,17.9,20.4,17.9,20.4,62145,1267758.0,0.0,0.0,0.0,0.0,,0.0,0.0,0.0
2023-08-15,22.0,22.7,22.0,22.7,97836,2220877.2,0.0,0.0,0.0,0.0,,0.0,0.0,0.0
2023-08-16,25.8,25.8,20.0,21.9,102524,2245275.6,0.0,0.0,0.0,0.0,,0.0,0.0,0.0
2023-08-17,22.2,23.0,21.0,21.1,47900,1010690.0,0.0,0.0,0.0,0.0,,0.0,0.0,0.0
2023-08-18,19.5,21.7,18.6,19.5,59513,1160503.5,0.0,0.0,0.0,0.0,,0.0,0.0,0.0
2023-08-21,20.3,20.3,18.7,18.7,29926,559616.2,0.0,0.0,0.0,0.0,,0.0,0.0,0.0
2023-08-22,20.2,20.2,18.2,18.9,32300,610470.0,0.0,0.0,0.0,0.0,,0.0,0.0,0.0
2023-08-23,18.9,19.4,18.2,19.4,9800,190120.0,0.0,0.0,0.0,0.0,,0.0,0.0,0.0
2023-08-24,19.6,19.6,18.0,18.7,52001,972418.7,0.0,0.0,0.0,0.0,,0.0,0.0,0.0
2023-08-25,18.6,18.6,18.3,18.3,4500,82350.0,0.0,0.0,0.0,0.0,,0.0,0.0,0.0
2023-08-28,18.3,18.8,18.0,18.8,25400,477520.0,0.0,0.0,0.0,0.0,,0.0,0.0,0.0
2023-08-29,18.5,19.2,18.4,18.7,13600,254320.0,0.0,0.0,0.0,0.0,,0.0,0.0,0.0
2023-08-30,18.4,18.7,18.4,18.7,2900,54230.0,0.0,0.0,0.0,0.0,,0.0,0.0,0.0
2023-08-31,18.5,18.6,18.4,18.5,8400,155400.0,0.0,0.0,0.0,0.0,,0.0,0.0,0.0
2023-09-05,18.5,18.9,18.3,18.5,6800,125800.0,0.0,0.0,0.0,0.0,,0.0,0.0,0.0
2023-09-06,18.5,19.1,18.2,19.0,48400,919600.0,0.0,0.0,0.0,0.0,,0.0,0.0,0.0
2023-09-07,18.9,18.9,18.7,18.9,10700,202230.0,0.0,0.0,0.0,0.0,,0.0,0.0,0.0
2023-09-08,19.0,20.6,19.0,20.4,17600,359040.0,0.0,0.0,0.0,0.0,,0.0,0.0,0.0
2023-09-11,19.4,19.4,19.0,19.0,14000,266000.0,0.0,0.0,0.0,0.0,,0.0,0.0,0.0
2023-09-12,19.0,19.3,18.8,19.0,4200,79800.0,0.0,0.0,0.0,0.0,,0.0,0.0,0.0
2023-09-13,19.0,19.0,18.3,19.0,12500,237500.0,0.0,0.0,0.0,0.0,,0.0,0.0,0.0
2023-09-14,18.7,18.7,18.0,18.0,30900,556200.0,0.0,0.0,0.0,0.0,,0.0,0.0,0.0
2023-09-15,17.8,17.9,17.7,17.8,15004,267071.2,0.0,0.0,0.0,0.0,,0.0,0.0,0.0
2023-09-18,17.4,18.0,17.4,17.9,2500,44750.0,0.0,0.0,0.0,0.0,,0.0,0.0,0.0
2023-09-19,17.9,17.9,17.5,17.9,4200,75180.0,0.0,0.0,0.0,0.0,,0.0,0.0,0.0
2023-09-20,17.4,17.7,17.4,17.6,5700,100320.0,0.0,0.0,0.0,0.0,,0.0,0.0,0.0
2023-09-21,17.8,17.8,17.7,17.8,3800,67640.0,0.0,0.0,0.0,0.0,,0.0,0.0,0.0
2023-09-22,18.6,18.6,17.6,18.0,9500,171000.0,0.0,0.0,0.0,0.0,,0.0,0.0,0.0
2023-09-25,18.9,18.9,17.6,17.6,6300,110880.0,0.0,0.0,0.0,0.0,,0.0,0.0,0.0
2023-09-26,17.4,17.7,17.0,17.1,2200,37620.0,0.0,0.0,0.0,0.0,,0.0,0.0,0.0
2023-09-27,17.0,17.3,17.0,17.3,6700,115910.0,0.0,0.0,0.0,0.0,,0.0,0.0,0.0
2023-09-28,16.9,17.1,16.9,17.1,2200,37620.0,0.0,0.0,0.0,0.0,,0.0,0.0,0.0
2023-09-29,17.2,18.3,17.0,18.3,13600,248880.0,0.0,0.0,0.0,0.0,,0.0,0.0,0.0
2023-10-02,18.3,18.3,17.4,17.4,600,10440.0,0.0,0.0,0.0,0.0,,0.0,0.0,0.0
2023-10-03,17.3,17.3,16.6,16.6,2300,38180.0,0.0,0.0,0.0,0.0,,0.0,0.0,0.0
2023-10-04,16.8,17.5,16.6,17.5,5400,94500.0,0.0,0.0,0.0,0.0,,0.0,0.0,0.0
2023-10-05,17.9,17.9,17.8,17.8,3100,55180.0,0.0,0.0,0.0,0.0,,0.0,0.0,0.0
2023-10-06,17.0,17.0,17.0,17.0,500,8500.0,0.0,0.0,0.0,0.0,,0.0,0.0,0.0
2023-10-09,16.6,16.7,16.6,16.7,2400,40080.0,0.0,0.0,0.0,0.0,,0.0,0.0,0.0
2023-10-10,18.0,18.0,16.8,17.0,1100,18700.0,0.0,0.0,0.0,0.0,,0.0,0.0,0.0
2023-10-11,17.0,17.0,16.7,16.7,3700,61790.0,0.0,0.0,0.0,0.0,,0.0,0.0,0.0
2023-10-12,16.8,16.8,16.7,16.7,1000,16700.0,0.0,0.0,0.0,0.0,,0.0,0.0,0.0
2023-10-13,16.7,17.3,16.7,16.7,2300,38410.0,0.0,0.0,0.0,0.0,,0.0,0.0,0.0
2023-10-16,16.9,16.9,16.9,16.9,1800,30420.0,0.0,0.0,0.0,0.0,,0.0,0.0,0.0
2023-10-17,16.7,16.8,16.7,16.7,3300,55110.0,0.0,0.0,0.0,0.0,,0.0,0.0,0.0
2023-10-18,16.8,16.8,15.2,15.2,1300,19760.0,0.0,0.0,0.0,0.0,,0.0,0.0,0.0
2023-10-19,16.5,16.5,14.6,15.9,3000,47700.0,0.0,0.0,0.0,0.0,,0.0,0.0,0.0
2023-10-20,15.8,16.0,15.8,15.9,1600,25440.0,0.0,0.0,0.0,0.0,,0.0,0.0,0.0
2023-10-23,15.1,15.1,15.1,15.1,1000,15100.0,0.0,0.0,0.0,0.0,,0.0,0.0,0.0
2023-10-24,15.2,16.2,15.2,16.2,200,3240.0,0.0,0.0,0.0,0.0,,0.0,0.0,0.0
2023-10-25,14.6,15.7,14.6,15.7,600,9420.0,0.0,0.0,0.0,0.0,,0.0,0.0,0.0
2023-10-26,13.3,15.0,13.3,14.0,7300,102200.0,0.0,0.0,0.0,0.0,,0.0,0.0,0.0
2023-10-27,14.5,16.2,14.5,16.2,500,8100.0,0.0,0.0,0.0,0.0,,0.0,0.0,0.0
2023-10-30,12.9,16.3,12.9,16.3,9500,154850.0,0.0,0.0,0.0,0.0,,0.0,0.0,0.0
2023-10-31,15.7,17.3,15.7,17.3,1000,17300.0,0.0,0.0,0.0,0.0,,0.0,0.0,0.0
2023-11-01,17.1,17.1,14.1,14.1,500,7050.0,0.0,0.0,0.0,0.0,,0.0,0.0,0.0
2023-11-02,17.0,17.0,15.1,15.7,9100,142870.0,0.0,0.0,0.0,0.0,,0.0,0.0,0.0
2023-11-03,16.9,16.9,14.6,15.9,1000,15900.0,0.0,0.0,0.0,0.0,,0.0,0.0,0.0
2023-11-06,15.2,15.9,15.2,15.9,2500,39750.0,0.0,0.0,0.0,0.0,,0.0,0.0,0.0
2023-11-07,17.5,17.5,17.5,17.5,100,1750.0,0.0,0.0,0.0,0.0,,0.0,0.0,0.0
2023-11-08,15.0,17.5,15.0,15.8,4000,63200.0,0.0,0.0,0.0,0.0,,0.0,0.0,0.0
2023-11-09,15.8,16.5,15.8,16.5,6500,107250.0,0.0,0.0,0.0,0.0,,0.0,0.0,0.0
2023-11-10,15.9,16.6,15.9,15.9,2500,39750.0,0.0,0.0,0.0,0.0,,0.0,0.0,0.0
2023-11-13,15.2,15.9,15.2,15.8,4900,77420.0,0.0,0.0,0.0,0.0,,0.0,0.0,0.0
2023-11-14,15.6,16.2,15.6,16.0,5100,81600.0,0.0,0.0,0.0,0.0,,0.0,0.0,0.0
2023-11-15,15.8,15.8,15.7,15.8,7400,116920.0,0.0,0.0,0.0,0.0,,0.0,0.0,0.0
2023-11-16,15.8,15.8,15.8,15.8,4600,72680.0,0.0,0.0,0.0,0.0,,0.0,0.0,0.0
2023-11-17,15.8,15.8,15.2,15.2,4600,69920.0,0.0,0.0,0.0,0.0,,0.0,0.0,0.0
2023-11-20,14.5,17.0,14.5,17.0,2700,45900.0,0.0,0.0,0.0,0.0,,0.0,0.0,0.0
2023-11-21,17.0,17.0,15.5,15.5,600,9300.0,0.0,0.0,0.0,0.0,,0.0,0.0,0.0
2023-11-22,16.4,16.4,16.0,16.0,2200,35200.0,0.0,0.0,0.0,0.0,,0.0,0.0,0.0
2023-11-23,16.5,16.9,15.9,16.0,9900,158400.0,0.0,0.0,0.0,0.0,,0.0,0.0,0.0
2023-11-24,16.0,16.0,16.0,16.0,1000,16000.0,0.0,0.0,0.0,0.0,,0.0,0.0,0.0
2023-11-27,16.0,16.0,16.0,16.0,0,0.0,0.0,0.0,0.0,0.0,,0.0,0.0,0.0
2023-11-28,15.0,15.0,15.0,15.0,13000,195000.0,0.0,0.0,0.0,0.0,,0.0,0.0,0.0
2023-11-29,15.0,15.4,15.0,15.0,2100,31500.0,0.0,0.0,0.0,0.0,,0.0,0.0,0.0
2023-11-30,14.9,14.9,14.6,14.6,400,5840.0,0.0,0.0,0.0,0.0,,0.0,0.0,0.0
2023-12-01,14.7,14.8,14.7,14.8,6800,100640.0,0.0,0.0,0.0,0.0,,0.0,0.0,0.0
2023-12-04,15.4,15.4,14.5,15.0,3700,55500.0,0.0,0.0,0.0,0.0,,0.0,0.0,0.0
2023-12-05,15.0,16.0,14.2,16.0,700,11200.0,0.0,0.0,0.0,0.0,,0.0,0.0,0.0
2023-12-06,15.0,15.8,14.9,15.5,5400,83700.0,0.0,0.0,0.0,0.0,,0.0,0.0,0.0
2023-12-07,15.0,15.0,15.0,15.0,6049,90735.0,0.0,0.0,0.0,0.0,,0.0,0.0,0.0
2023-12-08,15.0,15.4,15.0,15.4,500,7700.0,0.0,0.0,0.0,0.0,,0.0,0.0,0.0
2023-12-11,15.1,15.1,14.6,14.9,400,5960.0,0.0,0.0,0.0,0.0,,0.0,0.0,0.0
2023-12-12,14.7,14.9,14.6,14.9,4000,59600.0,0.0,0.0,0.0,0.0,,0.0,0.0,0.0
2023-12-13,14.8,15.0,14.8,14.8,1400,20720.0,0.0,0.0,0.0,0.0,,0.0,0.0,0.0
2023-12-14,15.0,15.0,14.9,14.9,3000,44700.0,0.0,0.0,0.0,0.0,,0.0,0.0,0.0
2023-12-15,17.1,17.2,15.0,15.0,2600,39000.0,0.0,0.0,0.0,0.0,,0.0,0.0,0.0
2023-12-18,15.5,15.5,15.5,15.5,5400,83700.0,0.0,0.0,0.0,0.0,,0.0,0.0,0.0
2023-12-19,15.5,16.5,15.5,15.7,9500,149150.0,0.0,0.0,0.0,0.0,,0.0,0.0,0.0
2023-12-20,16.5,16.5,16.5,16.5,100,1650.0,0.0,0.0,0.0,0.0,,0.0,0.0,0.0
2023-12-21,16.4,16.4,15.7,15.7,5600,87920.0,0.0,0.0,0.0,0.0,,0.0,0.0,0.0
2023-12-22,15.1,15.1,14.8,14.9,900,13410.0,0.0,0.0,0.0,0.0,,0.0,0.0,0.0
2023-12-25,15.0,15.0,15.0,15.0,0,0.0,0.0,0.0,0.0,0.0,,0.0,0.0,0.0
2023-12-26,15.0,15.2,15.0,15.0,2300,34500.0,0.0,0.0,0.0,0.0,,0.0,0.0,0.0
2023-12-27,15.0,15.0,15.0,15.0,4700,70500.0,0.0,0.0,0.0,0.0,,0.0,0.0,0.0
2023-12-28,15.0,15.8,15.0,15.8,400,6320.0,0.0,0.0,0.0,0.0,,0.0,0.0,0.0
2023-12-29,15.4,15.4,15.4,15.4,1500,23100.0,0.0,0.0,0.0,0.0,,0.0,0.0,0.0
2024-01-02,15.4,15.8,15.0,15.0,1900,28500.0,0.0,0.0,0.0,0.0,,0.0,0.0,0.0
2024-01-03,15.0,15.9,15.0,15.9,3000,47700.0,0.0,0.0,0.0,0.0,,0.0,0.0,0.0
2024-01-04,15.1,15.8,15.0,15.2,1700,25840.0,0.0,0.0,0.0,0.0,,0.0,0.0,0.0
2024-01-05,15.6,15.6,15.3,15.3,700,10710.0,0.0,0.0,0.0,0.0,,0.0,0.0,0.0
2024-01-08,15.1,15.6,15.1,15.6,500,7800.0,0.0,0.0,0.0,0.0,,0.0,0.0,0.0
2024-01-09,15.2,15.2,15.1,15.1,200,3020.0,0.0,0.0,0.0,0.0,,0.0,0.0,0.0
2024-01-10,15.2,15.2,15.2,15.2,0,0.0,0.0,0.0,0.0,0.0,,0.0,0.0,0.0
2024-01-11,15.2,15.2,15.2,15.2,1200,18240.0,0.0,0.0,0.0,0.0,,0.0,0.0,0.0
2024-01-12,15.2,15.2,15.2,15.2,0,0.0,0.0,0.0,0.0,0.0,,0.0,0.0,0.0
2024-01-15,15.2,15.2,15.2,15.2,200,3040.0,0.0,0.0,0.0,0.0,,0.0,0.0,0.0
2024-01-16,14.9,15.5,14.9,15.5,400,6200.0,0.0,0.0,0.0,0.0,,0.0,0.0,0.0
2024-01-17,15.0,15.5,14.6,15.4,1600,24640.0,0.0,0.0,0.0,0.0,,0.0,0.0,0.0
2024-01-18,15.3,15.4,15.3,15.4,900,13860.0,0.0,0.0,0.0,0.0,,0.0,0.0,0.0
2024-01-19,15.4,15.8,15.4,15.4,2900,44660.0,0.0,0.0,0.0,0.0,,0.0,0.0,0.0
2024-01-22,15.6,15.6,15.6,15.6,300,4680.0,0.0,0.0,0.0,0.0,,0.0,0.0,0.0
2024-01-23,15.6,15.6,15.6,15.6,0,0.0,0.0,0.0,0.0,0.0,,0.0,0.0,0.0
2024-01-24,14.7,14.7,14.6,14.6,1000,14600.0,0.0,0.0,0.0,0.0,,0.0,0.0,0.0
2024-01-25,15.6,15.6,15.6,15.6,200,3120.0,0.0,0.0,0.0,0.0,,0.0,0.0,0.0
2024-01-26,15.6,15.6,15.6,15.6,0,0.0,0.0,0.0,0.0,0.0,,0.0,0.0,0.0
2024-01-29,15.6,15.6,15.6,15.6,0,0.0,0.0,0.0,0.0,0.0,,0.0,0.0,0.0
2024-01-30,14.6,14.7,14.6,14.6,3100,45260.0,0.0,0.0,0.0,0.0,,0.0,0.0,0.0
2024-01-31,15.7,15.7,15.7,15.7,100,1570.0,0.0,0.0,0.0,0.0,,0.0,0.0,0.0
2024-02-01,15.3,15.6,14.6,15.3,2800,42840.0,0.0,0.0,0.0,0.0,,0.0,0.0,0.0
2024-02-02,15.1,15.1,15.1,15.1,0,0.0,0.0,0.0,0.0,0.0,,0.0,0.0,0.0
2024-02-05,14.6,15.4,14.6,14.7,700,10290.0,0.0,0.0,0.0,0.0,,0.0,0.0,0.0
2024-02-06,15.6,15.6,15.3,15.3,1401,21435.3,0.0,0.0,0.0,0.0,,0.0,0.0,0.0
2024-02-07,15.4,15.4,15.0,15.0,2000,30000.0,0.0,0.0,0.0,0.0,,0.0,0.0,0.0
2024-02-15,15.0,15.1,15.0,15.0,2200,33000.0,0.0,0.0,0.0,0.0,,0.0,0.0,0.0
2024-02-16,15.2,16.0,15.2,15.7,1603,25167.1,0.0,0.0,0.0,0.0,,0.0,0.0,0.0
2024-02-19,15.4,15.4,15.1,15.3,3600,55080.0,0.0,0.0,0.0,0.0,,0.0,0.0,0.0
2024-02-20,15.8,15.8,15.2,15.2,9300,141360.0,0.0,0.0,0.0,0.0,,0.0,0.0,0.0
2024-02-21,15.8,15.8,15.1,15.1,2100,31710.0,0.0,0.0,0.0,0.0,,0.0,0.0,0.0
2024-02-22,15.6,15.6,15.6,15.6,100,1560.0,0.0,0.0,0.0,0.0,,0.0,0.0,0.0
2024-02-23,15.1,15.4,15.0,15.0,700,10500.0,0.0,0.0,0.0,0.0,,0.0,0.0,0.0
2024-02-26,15.2,15.2,15.2,15.2,200,3040.0,0.0,0.0,0.0,0.0,,0.0,0.0,0.0
2024-02-27,15.5,17.2,15.2,17.1,12900,220590.00000000003,0.0,0.0,0.0,0.0,,0.0,0.0,0.0
2024-02-28,16.3,18.7,16.0,18.6,29700,552420.0,0.0,0.0,0.0,0.0,,0.0,0.0,0.0
2024-02-29,20.0,20.5,17.0,18.9,13500,255150.0,0.0,0.0,0.0,0.0,,0.0,0.0,0.0
2024-03-01,18.3,18.3,17.3,17.3,5049,87347.7,0.0,0.0,0.0,0.0,,0.0,0.0,0.0
2024-03-04,17.1,17.9,15.2,16.3,23900,389570.0,0.0,0.0,0.0,0.0,,0.0,0.0,0.0
2024-03-05,15.9,17.3,15.9,17.3,4649,80427.7,0.0,0.0,0.0,0.0,,0.0,0.0,0.0
2024-03-06,17.5,17.5,15.2,16.5,15100,249150.0,0.0,0.0,0.0,0.0,,0.0,0.0,0.0
2024-03-07,15.8,16.0,15.8,15.9,2900,46110.0,0.0,0.0,0.0,0.0,,0.0,0.0,0.0
2024-03-08,15.9,15.9,15.6,15.6,1400,21840.0,0.0,0.0,0.0,0.0,,0.0,0.0,0.0
2024-03-11,15.3,16.1,15.3,15.5,10400,161200.0,0.0,0.0,0.0,0.0,,0.0,0.0,0.0
2024-03-12,16.0,16.2,15.6,15.9,8700,138330.0,0.0,0.0,0.0,0.0,,0.0,0.0,0.0
2024-03-13,16.6,16.6,15.7,16.0,6800,108800.0,0.0,0.0,0.0,0.0,,0.0,0.0,0.0
2024-03-14,16.2,16.2,15.4,16.1,10800,173880.00000000003,0.0,0.0,0.0,0.0,,0.0,0.0,0.0
2024-03-15,15.7,16.1,15.7,16.1,12700,204470.00000000003,0.0,0.0,0.0,0.0,,0.0,0.0,0.0
2024-03-18,16.7,16.7,15.2,15.5,4600,71300.0,0.0,0.0,0.0,0.0,,0.0,0.0,0.0
2024-03-19,16.9,16.9,15.5,15.5,2700,41850.0,0.0,0.0,0.0,0.0,,0.0,0.0,0.0
2024-03-20,15.9,15.9,15.5,15.7,2000,31400.0,0.0,0.0,0.0,0.0,,0.0,0.0,0.0
2024-03-21,15.7,15.8,15.7,15.8,700,11060.0,0.0,0.0,0.0,0.0,,0.0,0.0,0.0
2024-03-22,15.3,15.8,15.3,15.8,1300,20540.0,0.0,0.0,0.0,0.0,,0.0,0.0,0.0
2024-03-25,15.4,16.0,15.4,16.0,6900,110400.0,0.0,0.0,0.0,0.0,,0.0,0.0,0.0
2024-03-26,15.5,15.9,15.5,15.8,5300,83740.0,0.0,0.0,0.0,0.0,,0.0,0.0,0.0
2024-03-27,16.0,16.1,15.8,15.8,3900,61620.0,0.0,0.0,0.0,0.0,,0.0,0.0,0.0
2024-03-28,15.6,16.3,15.6,16.0,20717,331472.0,0.0,0.0,0.0,0.0,,0.0,0.0,0.0
2024-03-29,16.0,16.3,16.0,16.1,7200,115920.0,0.0,0.0,0.0,0.0,,0.0,0.0,0.0
2024-04-01,15.8,16.7,15.8,16.1,4032,64915.2,0.0,0.0,0.0,0.0,,0.0,0.0,0.0
2024-04-02,16.4,18.8,16.1,18.8,61907,1163851.6,0.0,0.0,0.0,0.0,,0.0,0.0,0.0
2024-04-03,19.5,20.9,19.3,20.2,37992,767438.4,0.0,0.0,0.0,0.0,,0.0,0.0,0.0
2024-04-04,20.8,23.2,20.8,22.0,71571,1574562.0,0.0,0.0,0.0,0.0,,0.0,0.0,0.0
2024-04-05,24.6,24.6,20.6,22.3,37137,828155.1,0.0,0.0,0.0,0.0,,0.0,0.0,0.0
2024-04-08,21.8,22.7,20.0,21.0,39300,825300.0,0.0,0.0,0.0,0.0,,0.0,0.0,0.0
2024-04-09,21.5,22.4,20.5,22.1,32800,724880.0,0.0,0.0,0.0,0.0,,0.0,0.0,0.0
2024-04-10,22.3,22.3,20.6,20.6,18038,371582.8000000001,0.0,0.0,0.0,0.0,,0.0,0.0,0.0
2024-04-11,20.0,20.6,20.0,20.6,51800,1067080.0,0.0,0.0,0.0,0.0,,0.0,0.0,0.0
2024-04-12,20.5,22.0,20.1,21.1,59132,1247685.2000000002,0.0,0.0,0.0,0.0,,0.0,0.0,0.0
2024-04-15,21.8,21.8,19.7,20.9,16206,338705.4,0.0,0.0,0.0,0.0,,0.0,0.0,0.0
2024-04-16,20.8,21.0,19.5,20.4,11800,240720.0,0.0,0.0,0.0,0.0,,0.0,0.0,0.0
2024-04-17,20.4,21.8,19.7,21.0,16932,355572.0,0.0,0.0,0.0,0.0,,0.0,0.0,0.0
2024-04-19,21.2,21.2,19.2,20.5,10910,223655.0,0.0,0.0,0.0,0.0,,0.0,0.0,0.0
2024-04-22,20.5,21.6,19.9,20.7,9100,188370.0,0.0,0.0,0.0,0.0,,0.0,0.0,0.0
2024-04-23,20.6,20.7,19.7,19.7,5617,110654.9,0.0,0.0,0.0,0.0,,0.0,0.0,0.0
2024-04-24,19.5,20.5,18.8,20.0,20600,412000.0,0.0,0.0,0.0,0.0,,0.0,0.0,0.0
2024-04-25,20.9,20.9,20.7,20.7,600,12420.0,0.0,0.0,0.0,0.0,,0.0,0.0,0.0
2024-04-26,19.6,20.3,19.6,20.2,4400,88880.0,0.0,0.0,0.0,0.0,,0.0,0.0,0.0
2024-05-02,20.1,20.6,19.9,20.4,12400,252960.0,0.0,0.0,0.0,0.0,,0.0,0.0,0.0
2024-05-03,20.1,21.4,20.0,20.3,19899,403949.7,0.0,0.0,0.0,0.0,,0.0,0.0,0.0
2024-05-06,20.3,21.0,20.3,20.7,3100,64170.0,0.0,0.0,0.0,0.0,,0.0,0.0,0.0
2024-05-07,20.8,21.3,20.1,20.7,10500,217350.0,0.0,0.0,0.0,0.0,,0.0,0.0,0.0
2024-05-08,21.9,24.0,20.7,21.4,15000,321000.0,0.0,0.0,0.0,0.0,,0.0,0.0,0.0
2024-05-09,22.4,22.4,20.5,21.0,4800,100800.0,0.0,0.0,0.0,0.0,,0.0,0.0,0.0
2024-05-10,21.9,21.9,21.0,21.0,8000,168000.0,0.0,0.0,0.0,0.0,,0.0,0.0,0.0
2024-05-13,23.0,23.0,20.6,20.6,7110,146466.0,0.0,0.0,0.0,0.0,,0.0,0.0,0.0
2024-05-14,21.8,21.8,19.9,20.0,4200,84000.0,0.0,0.0,0.0,0.0,,0.0,0.0,0.0
2024-05-15,20.0,20.4,18.4,19.9,5670,112833.0,0.0,0.0,0.0,0.0,,0.0,0.0,0.0
2024-05-16,20.0,20.0,19.0,19.0,7800,148200.0,0.0,0.0,0.0,0.0,,0.0,0.0,0.0
2024-05-17,19.9,19.9,19.1,19.1,6580,125678.0,0.0,0.0,0.0,0.0,,0.0,0.0,0.0
2024-05-20,19.1,19.9,19.1,19.5,5500,107250.0,0.0,0.0,0.0,0.0,,0.0,0.0,0.0
2024-05-21,19.9,19.9,19.4,19.5,5400,105300.0,0.0,0.0,0.0,0.0,,0.0,0.0,0.0
2024-05-22,19.8,19.8,19.2,19.2,8600,165120.0,0.0,0.0,0.0,0.0,,0.0,0.0,0.0
2024-05-23,19.1,19.5,19.0,19.1,2700,51570.00000000001,0.0,0.0,0.0,0.0,,0.0,0.0,0.0
2024-05-24,19.7,19.7,18.9,18.9,4900,92610.0,0.0,0.0,0.0,0.0,,0.0,0.0,0.0
2024-05-27,19.5,19.5,18.9,19.4,3100,60139.99999999999,0.0,0.0,0.0,0.0,,0.0,0.0,0.0
2024-05-28,19.4,19.4,19.0,19.0,1100,20900.0,0.0,0.0,0.0,0.0,,0.0,0.0,0.0
2024-05-29,19.2,20.7,19.0,19.0,4400,83600.0,0.0,0.0,0.0,0.0,,0.0,0.0,0.0
2024-05-30,20.0,20.0,18.3,19.3,4600,88780.0,0.0,0.0,0.0,0.0,,0.0,0.0,0.0
2024-05-31,19.5,19.5,18.9,19.0,2600,49400.0,0.0,0.0,0.0,0.0,,0.0,0.0,0.0
2024-06-03,18.6,20.1,18.6,19.0,6800,129200.0,0.0,0.0,0.0,0.0,,0.0,0.0,0.0
2024-06-04,20.0,20.0,18.9,19.7,17600,346720.0,0.0,0.0,0.0,0.0,,0.0,0.0,0.0
2024-06-05,20.5,20.5,19.0,19.5,2500,48750.0,0.0,0.0,0.0,0.0,,0.0,0.0,0.0
2024-06-06,19.9,19.9,19.4,19.4,2400,46560.0,0.0,0.0,0.0,0.0,,0.0,0.0,0.0
2024-06-07,19.9,20.1,19.4,19.4,2700,52379.99999999999,0.0,0.0,0.0,0.0,,0.0,0.0,0.0
2024-06-10,20.0,20.0,19.0,19.2,5900,113280.0,0.0,0.0,0.0,0.0,,0.0,0.0,0.0
2024-06-11,19.5,19.5,18.7,18.8,1425,26790.0,0.0,0.0,0.0,0.0,,0.0,0.0,0.0
2024-06-12,19.7,19.7,19.0,19.4,800,15519.999999999998,0.0,0.0,0.0,0.0,,0.0,0.0,0.0
2024-06-13,19.8,19.8,19.0,19.0,5810,110390.0,0.0,0.0,0.0,0.0,,0.0,0.0,0.0
2024-06-14,19.6,19.6,18.7,19.5,9200,179400.0,0.0,0.0,0.0,0.0,,0.0,0.0,0.0
2024-06-17,19.5,19.5,18.7,19.0,3821,72599.0,0.0,0.0,0.0,0.0,,0.0,0.0,0.0
2024-06-18,19.5,21.6,19.5,21.6,46160,997056.0,0.0,0.0,0.0,0.0,,0.0,0.0,0.0
2024-06-19,23.0,24.4,23.0,24.4,47800,1166320.0,0.0,0.0,0.0,0.0,,0.0,0.0,0.0
2024-06-20,28.0,28.0,27.0,28.0,154540,4327120.0,0.0,0.0,0.0,0.0,,0.0,0.0,0.0
2024-06-21,32.0,32.0,29.6,32.0,127400,4076800.0,0.0,0.0,0.0,0.0,,0.0,0.0,0.0
2024-06-24,35.6,36.0,27.4,28.0,137800,3858400.0,0.0,0.0,0.0,0.0,,0.0,0.0,0.0
2024-06-25,29.1,29.1,25.5,28.2,56238,1585911.6,0.0,0.0,0.0,0.0,,0.0,0.0,0.0
2024-06-26,28.0,28.0,25.6,27.1,28951,784572.1000000001,0.0,0.0,0.0,0.0,,0.0,0.0,0.0
2024-06-27,26.5,27.6,25.3,26.9,16518,444334.2,0.0,0.0,0.0,0.0,,0.0,0.0,0.0
2024-06-28,26.8,26.8,23.6,24.5,35310,865095.0,0.0,0.0,0.0,0.0,,0.0,0.0,0.0
2024-07-01,25.5,26.0,24.1,24.9,5501,136974.9,0.0,0.0,0.0,0.0,,0.0,0.0,0.0
2024-07-02,25.0,25.0,23.5,24.6,19220,472812.0,0.0,0.0,0.0,0.0,,0.0,0.0,0.0
2024-07-03,25.0,27.5,25.0,26.4,12602,332692.8,0.0,0.0,0.0,0.0,,0.0,0.0,0.0
2024-07-04,27.3,28.2,26.5,27.3,18400,502320.0,0.0,0.0,0.0,0.0,,0.0,0.0,0.0
2024-07-05,29.0,29.0,24.8,27.0,30800,831600.0,0.0,0.0,0.0,0.0,,0.0,0.0,0.0
2024-07-08,27.4,27.4,25.5,26.0,10600,275600.0,0.0,0.0,0.0,0.0,,0.0,0.0,0.0
2024-07-09,26.1,26.7,25.0,25.0,18300,457500.0,0.0,0.0,0.0,0.0,,0.0,0.0,0.0
2024-07-10,25.5,26.0,25.0,26.0,9400,244400.0,0.0,0.0,0.0,0.0,,0.0,0.0,0.0
2024-07-11,26.1,26.6,25.3,25.7,6820,175274.0,0.0,0.0,0.0,0.0,,0.0,0.0,0.0
2024-07-12,26.9,26.9,24.8,25.2,16504,415900.8,0.0,0.0,0.0,0.0,,0.0,0.0,0.0
2024-07-15,25.5,25.5,24.5,24.7,14101,348294.7,0.0,0.0,0.0,0.0,,0.0,0.0,0.0
2024-07-16,24.8,25.7,24.5,25.3,5000,126500.0,0.0,0.0,0.0,0.0,,0.0,0.0,0.0
2024-07-17,25.6,25.6,23.8,24.0,23301,559224.0,0.0,0.0,0.0,0.0,,0.0,0.0,0.0
2024-07-18,26.8,26.8,24.0,25.4,13800,350520.0,0.0,0.0,0.0,0.0,,0.0,0.0,0.0
2024-07-19,25.5,25.5,22.6,23.9,27200,650080.0,0.0,0.0,0.0,0.0,,0.0,0.0,0.0
2024-07-22,22.6,24.0,22.6,23.0,15923,366229.0,0.0,0.0,0.0,0.0,,0.0,0.0,0.0
2024-07-23,25.7,25.7,24.8,25.0,1500,37500.0,0.0,0.0,0.0,0.0,,0.0,0.0,0.0
2024-07-24,25.0,25.0,21.6,22.9,24200,554180.0,0.0,0.0,0.0,0.0,,0.0,0.0,0.0
2024-07-25,24.6,24.6,20.5,23.3,12800,298240.0,0.0,0.0,0.0,0.0,,0.0,0.0,0.0
2024-07-26,23.5,23.7,22.2,23.7,12500,296250.0,0.0,0.0,0.0,0.0,,0.0,0.0,0.0
2024-07-29,25.6,25.6,23.9,24.0,2738,65712.0,0.0,0.0,0.0,0.0,,0.0,0.0,0.0
2024-07-30,22.5,24.0,22.5,23.8,900,21420.0,0.0,0.0,0.0,0.0,,0.0,0.0,0.0
2024-07-31,23.8,23.8,21.7,23.1,4800,110880.0,0.0,0.0,0.0,0.0,,0.0,0.0,0.0
2024-08-01,22.8,24.4,21.9,23.1,10115,233656.5,0.0,0.0,0.0,0.0,,0.0,0.0,0.0
2024-08-02,23.0,23.0,23.0,23.0,0,0.0,0.0,0.0,0.0,0.0,,0.0,0.0,0.0
2024-08-05,22.9,23.9,21.0,21.9,18000,394200.0,0.0,0.0,0.0,0.0,,0.0,0.0,0.0
2024-08-06,22.7,22.7,20.1,22.1,7100,156910.0,0.0,0.0,0.0,0.0,,0.0,0.0,0.0
2024-08-07,23.8,23.8,21.0,21.3,3700,78810.0,0.0,0.0,0.0,0.0,,0.0,0.0,0.0
2024-08-08,24.9,24.9,22.0,22.0,2400,52800.0,0.0,0.0,0.0,0.0,,0.0,0.0,0.0
2024-08-09,25.9,25.9,22.2,22.5,3400,76500.0,0.0,0.0,0.0,0.0,,0.0,0.0,0.0
2024-08-12,22.5,22.5,20.6,21.0,2200,46200.0,0.0,0.0,0.0,0.0,,0.0,0.0,0.0
2024-08-13,22.5,22.5,21.0,22.1,900,19890.0,0.0,0.0,0.0,0.0,,0.0,0.0,0.0
2024-08-14,21.9,21.9,21.0,21.7,1101,23891.7,0.0,0.0,0.0,0.0,,0.0,0.0,0.0
2024-08-15,22.2,22.2,22.2,22.2,100,2220.0,0.0,0.0,0.0,0.0,,0.0,0.0,0.0
2024-08-16,22.9,22.9,21.0,22.5,11600,261000.0,0.0,0.0,0.0,0.0,,0.0,0.0,0.0
2024-08-19,25.0,25.5,23.0,25.5,47000,1198500.0,0.0,0.0,0.0,0.0,,0.0,0.0,0.0
2024-08-20,25.6,27.6,25.5,26.0,23625,614250.0,0.0,0.0,0.0,0.0,,0.0,0.0,0.0
2024-08-21,26.9,26.9,25.0,25.0,2164,54100.0,0.0,0.0,0.0,0.0,,0.0,0.0,0.0
2024-08-22,25.0,25.0,24.3,24.5,8500,208250.0,0.0,0.0,0.0,0.0,,0.0,0.0,0.0
2024-08-23,25.9,25.9,24.6,25.0,2603,65075.0,0.0,0.0,0.0,0.0,,0.0,0.0,0.0
2024-08-26,26.3,26.3,25.7,25.7,801,20585.7,0.0,0.0,0.0,0.0,,0.0,0.0,0.0
2024-08-27,25.9,26.8,23.9,25.5,18400,469200.0,0.0,0.0,0.0,0.0,,0.0,0.0,0.0
2024-08-28,25.4,25.4,23.7,23.7,11500,272550.0,0.0,0.0,0.0,0.0,,0.0,0.0,0.0
2024-08-29,26.0,26.0,24.5,25.0,5503,137575.0,0.0,0.0,0.0,0.0,,0.0,0.0,0.0
2024-08-30,25.9,25.9,25.5,25.5,300,7650.0,0.0,0.0,0.0,0.0,,0.0,0.0,0.0
2024-09-04,25.7,25.7,25.0,25.3,5126,129687.8,0.0,0.0,0.0,0.0,,0.0,0.0,0.0
2024-09-05,25.9,25.9,22.1,25.8,21836,563368.8,0.0,0.0,0.0,0.0,,0.0,0.0,0.0
2024-09-06,25.8,25.8,24.3,24.5,4124,101038.0,0.0,0.0,0.0,0.0,,0.0,0.0,0.0
2024-09-09,25.3,25.3,24.5,25.0,3000,75000.0,0.0,0.0,0.0,0.0,,0.0,0.0,0.0
2024-09-10,24.8,24.8,24.3,24.5,6900,169050.0,0.0,0.0,0.0,0.0,,0.0,0.0,0.0
2024-09-11,25.7,25.7,24.2,24.2,7604,184016.8,0.0,0.0,0.0,0.0,,0.0,0.0,0.0
2024-09-12,24.3,24.3,24.0,24.3,5702,138558.6,0.0,0.0,0.0,0.0,,0.0,0.0,0.0
2024-09-13,25.2,25.2,25.2,25.2,516,13003.2,0.0,0.0,0.0,0.0,,0.0,0.0,0.0
2024-09-16,25.5,25.5,24.0,24.0,8300,199200.0,0.0,0.0,0.0,0.0,,0.0,0.0,0.0
2024-09-17,25.2,25.2,23.9,25.0,8802,220050.0,0.0,0.0,0.0,0.0,,0.0,0.0,0.0
2024-09-18,25.1,25.1,21.6,24.9,6209,154604.09999999998,0.0,0.0,0.0,0.0,,0.0,0.0,0.0
2024-09-19,24.9,25.7,24.5,24.6,4700,115620.0,0.0,0.0,0.0,0.0,,0.0,0.0,0.0
2024-09-20,25.9,25.9,24.0,24.0,3900,93600.0,0.0,0.0,0.0,0.0,,0.0,0.0,0.0
2024-09-23,24.7,24.7,23.8,23.8,1100,26180.0,0.0,0.0,0.0,0.0,,0.0,0.0,0.0
2024-09-24,24.0,24.0,23.9,24.0,5600,134400.0,0.0,0.0,0.0,0.0,,0.0,0.0,0.0
2024-09-25,24.7,24.7,24.0,24.0,8127,195048.0,0.0,0.0,0.0,0.0,,0.0,0.0,0.0
2024-09-26,24.0,24.0,24.0,24.0,6201,148824.0,0.0,0.0,0.0,0.0,,0.0,0.0,0.0
2024-09-27,24.0,24.0,24.0,24.0,13700,328800.0,0.0,0.0,0.0,0.0,,0.0,0.0,0.0
2024-09-30,23.0,23.8,23.0,23.0,5311,122153.0,0.0,0.0,0.0,0.0,,0.0,0.0,0.0
2024-10-01,23.0,23.6,23.0,23.4,3336,78062.4,0.0,0.0,0.0,0.0,,0.0,0.0,0.0
2024-10-02,23.8,23.8,23.8,23.8,100,2380.0,0.0,0.0,0.0,0.0,,0.0,0.0,0.0
2024-10-03,22.5,23.8,22.4,23.8,28001,666423.8,0.0,0.0,0.0,0.0,,0.0,0.0,0.0
2024-10-04,23.5,24.9,23.5,24.5,20600,504700.0,0.0,0.0,0.0,0.0,,0.0,0.0,0.0
2024-10-07,24.5,25.0,24.5,24.5,3700,90650.0,0.0,0.0,0.0,0.0,,0.0,0.0,0.0
2024-10-08,24.9,24.9,21.0,24.5,36500,894250.0,0.0,0.0,0.0,0.0,,0.0,0.0,0.0
2024-10-09,24.8,24.8,24.5,24.7,5900,145730.0,0.0,0.0,0.0,0.0,,0.0,0.0,0.0
2024-10-10,25.5,25.5,24.5,24.6,7616,187353.6,0.0,0.0,0.0,0.0,,0.0,0.0,0.0
2024-10-11,24.6,24.9,24.6,24.9,5102,127039.8,0.0,0.0,0.0,0.0,,0.0,0.0,0.0
2024-10-14,25.5,25.5,24.7,25.5,8000,204000.0,0.0,0.0,0.0,0.0,,0.0,0.0,0.0
2024-10-15,25.0,26.2,25.0,26.2,6308,165269.6,0.0,0.0,0.0,0.0,,0.0,0.0,0.0
2024-10-16,26.0,29.0,26.0,29.0,22890,663810.0,0.0,0.0,0.0,0.0,,0.0,0.0,0.0
2024-10-17,31.0,33.0,29.3,31.5,40500,1275750.0,0.0,0.0,0.0,0.0,,0.0,0.0,0.0
2024-10-18,31.7,32.5,30.0,30.7,34200,1049940.0,0.0,0.0,0.0,0.0,,0.0,0.0,0.0
2024-10-21,30.0,30.9,29.2,30.9,23000,710700.0,0.0,0.0,0.0,0.0,,0.0,0.0,0.0
2024-10-22,30.0,30.0,29.1,29.5,10200,300900.0,0.0,0.0,0.0,0.0,,0.0,0.0,0.0
2024-10-23,29.2,29.9,28.2,28.9,15200,439280.0,0.0,0.0,0.0,0.0,,0.0,0.0,0.0
2024-10-24,32.9,32.9,28.5,29.2,5400,157680.0,0.0,0.0,0.0,0.0,,0.0,0.0,0.0
2024-10-25,29.4,31.0,29.3,30.3,5000,151500.0,0.0,0.0,0.0,0.0,,0.0,0.0,0.0
2024-10-28,31.0,34.5,31.0,34.5,44414,1532283.0,0.0,0.0,0.0,0.0,,0.0,0.0,0.0
2024-10-29,38.8,38.8,34.8,34.8,22509,783313.2,0.0,0.0,0.0,0.0,,0.0,0.0,0.0
2024-10-30,34.0,35.8,34.0,35.2,5203,183145.6,0.0,0.0,0.0,0.0,,0.0,0.0,0.0
2024-10-31,35.2,38.0,35.0,35.0,8200,287000.0,0.0,0.0,0.0,0.0,,0.0,0.0,0.0
2024-11-01,35.0,35.5,33.8,33.8,7910,267358.0,0.0,0.0,0.0,0.0,,0.0,0.0,0.0
2024-11-04,34.3,39.4,34.3,38.2,51368,1962257.6,0.0,0.0,0.0,0.0,,0.0,0.0,0.0
2024-11-05,39.0,41.2,38.0,38.0,18500,703000.0,0.0,0.0,0.0,0.0,,0.0,0.0,0.0
2024-11-06,38.8,38.8,37.5,37.7,24200,912340.0,0.0,0.0,0.0,0.0,,0.0,0.0,0.0
2024-11-07,38.0,38.5,35.0,35.0,28404,994140.0,0.0,0.0,0.0,0.0,,0.0,0.0,0.0
2024-11-08,36.6,37.6,35.0,35.3,4402,155390.59999999998,0.0,0.0,0.0,0.0,,0.0,0.0,0.0
2024-11-11,37.3,37.3,34.1,36.5,7500,273750.0,0.0,0.0,0.0,0.0,,0.0,0.0,0.0
2024-11-12,37.0,37.4,35.4,36.2,12800,463360.00000000006,0.0,0.0,0.0,0.0,,0.0,0.0,0.0
2024-11-13,36.9,36.9,36.5,36.5,1200,43800.0,0.0,0.0,0.0,0.0,,0.0,0.0,0.0
2024-11-14,36.6,36.6,34.2,36.0,6300,226800.0,0.0,0.0,0.0,0.0,,0.0,0.0,0.0
2024-11-15,36.0,39.5,35.0,37.5,6900,258750.0,0.0,0.0,0.0,0.0,,0.0,0.0,0.0
2024-11-18,37.8,37.8,35.3,35.5,7100,252050.0,0.0,0.0,0.0,0.0,,0.0,0.0,0.0
2024-11-19,36.4,36.4,34.0,34.0,14701,499834.0,0.0,0.0,0.0,0.0,,0.0,0.0,0.0
2024-11-20,36.9,36.9,36.9,36.9,401,14796.9,0.0,0.0,0.0,0.0,,0.0,0.0,0.0
2024-11-21,35.5,36.0,35.5,36.0,2200,79200.0,0.0,0.0,0.0,0.0,,0.0,0.0,0.0
2024-11-22,36.9,36.9,35.8,36.0,6400,230400.0,0.0,0.0,0.0,0.0,,0.0,0.0,0.0
2024-11-25,36.0,36.0,33.7,34.7,11400,395580.00000000006,0.0,0.0,0.0,0.0,,0.0,0.0,0.0
2024-11-26,34.3,38.0,33.3,38.0,53297,2025286.0,0.0,0.0,0.0,0.0,,0.0,0.0,0.0
2024-11-27,38.1,38.1,35.2,36.7,2700,99090.0,0.0,0.0,0.0,0.0,,0.0,0.0,0.0
2024-11-28,37.0,37.0,35.0,36.5,8100,295650.0,0.0,0.0,0.0,0.0,,0.0,0.0,0.0
2024-11-29,37.7,37.7,35.5,35.6,2400,85440.0,0.0,0.0,0.0,0.0,,0.0,0.0,0.0
2024-12-02,37.4,37.4,35.5,36.0,3900,140400.0,0.0,0.0,0.0,0.0,,0.0,0.0,0.0
2024-12-03,37.6,37.6,35.5,35.6,3600,128160.0,0.0,0.0,0.0,0.0,,0.0,0.0,0.0
2024-12-04,36.5,36.7,36.4,36.4,1300,47320.0,0.0,0.0,0.0,0.0,,0.0,0.0,0.0
2024-12-05,36.4,37.3,35.0,36.5,27700,1011050.0,0.0,0.0,0.0,0.0,,0.0,0.0,0.0
2024-12-06,36.0,36.9,35.5,36.9,700,25830.0,0.0,0.0,0.0,0.0,,0.0,0.0,0.0
2024-12-09,36.0,37.5,36.0,36.5,22200,810300.0,0.0,0.0,0.0,0.0,,0.0,0.0,0.0
2024-12-10,37.5,38.0,34.1,38.0,46000,1748000.0,0.0,0.0,0.0,0.0,,0.0,0.0,0.0
2024-12-11,36.5,37.4,36.2,37.4,11822,442142.8,0.0,0.0,0.0,0.0,,0.0,0.0,0.0
2024-12-12,36.1,37.5,36.1,37.5,4300,161250.0,0.0,0.0,0.0,0.0,,0.0,0.0,0.0
2024-12-13,38.7,38.7,36.2,36.2,322,11656.4,0.0,0.0,0.0,0.0,,0.0,0.0,0.0
2024-12-16,37.1,37.6,37.1,37.6,1800,67680.0,0.0,0.0,0.0,0.0,,0.0,0.0,0.0
2024-12-17,36.2,37.3,36.2,37.3,2100,78330.0,0.0,0.0,0.0,0.0,,0.0,0.0,0.0
2024-12-18,36.1,37.5,36.1,36.3,1600,58079.99999999999,0.0,0.0,0.0,0.0,,0.0,0.0,0.0
2024-12-19,33.6,36.9,31.7,36.9,9802,361693.8,0.0,0.0,0.0,0.0,,0.0,0.0,0.0
2024-12-20,35.3,35.6,35.3,35.5,1200,42600.0,0.0,0.0,0.0,0.0,,0.0,0.0,0.0
2024-12-23,35.6,35.7,35.0,35.2,4000,140800.0,0.0,0.0,0.0,0.0,,0.0,0.0,0.0
2024-12-24,35.5,35.6,34.0,35.6,14102,502031.2,0.0,0.0,0.0,0.0,,0.0,0.0,0.0
2024-12-25,34.3,36.0,34.3,34.3,8100,277830.0,0.0,0.0,0.0,0.0,,0.0,0.0,0.0
2024-12-26,34.5,34.9,34.0,34.3,11001,377334.3,0.0,0.0,0.0,0.0,,0.0,0.0,0.0
2024-12-27,33.0,34.3,33.0,34.2,5800,198360.00000000003,0.0,0.0,0.0,0.0,,0.0,0.0,0.0
2024-12-30,34.0,34.5,34.0,34.5,1500,51750.0,0.0,0.0,0.0,0.0,,0.0,0.0,0.0
2024-12-31,34.0,34.0,32.3,32.6,7304,238110.4,0.0,0.0,0.0,0.0,,0.0,0.0,0.0
2025-01-02,35.5,35.5,35.5,35.5,100,3550.0,0.0,0.0,0.0,0.0,,0.0,0.0,0.0
2025-01-03,34.2,34.2,33.0,33.0,2200,72600.0,0.0,0.0,0.0,0.0,,0.0,0.0,0.0
2025-01-06,33.0,33.0,32.5,32.5,7600,247000.0,0.0,0.0,0.0,0.0,,0.0,0.0,0.0
2025-01-07,32.2,32.2,30.0,30.2,14300,431860.0,0.0,0.0,0.0,0.0,,0.0,0.0,0.0
2025-01-08,32.7,32.8,32.6,32.8,3500,114800.0,0.0,0.0,0.0,0.0,,0.0,0.0,0.0
2025-01-09,33.0,35.0,33.0,35.0,1000,35000.0,0.0,0.0,0.0,0.0,,0.0,0.0,0.0
2025-01-10,31.1,31.1,31.0,31.0,5300,164300.0,0.0,0.0,0.0,0.0,,0.0,0.0,0.0
2025-01-13,31.0,31.5,31.0,31.5,300,9450.0,0.0,0.0,0.0,0.0,,0.0,0.0,0.0
2025-01-14,32.4,32.4,32.3,32.3,1300,41989.99999999999,0.0,0.0,0.0,0.0,,0.0,0.0,0.0
2025-01-15,32.3,32.3,32.3,32.3,0,0.0,0.0,0.0,0.0,0.0,,0.0,0.0,0.0
2025-01-16,30.2,30.5,30.2,30.3,3100,93930.0,0.0,0.0,0.0,0.0,,0.0,0.0,0.0
2025-01-17,30.5,34.6,30.5,33.5,6400,214400.0,0.0,0.0,0.0,0.0,,0.0,0.0,0.0
2025-01-20,33.9,33.9,32.1,33.0,19001,627033.0,0.0,0.0,0.0,0.0,,0.0,0.0,0.0
2025-01-21,32.2,32.2,32.2,32.2,700,22540.000000000004,0.0,0.0,0.0,0.0,,0.0,0.0,0.0
2025-01-22,32.0,32.0,32.0,32.0,200,6400.0,0.0,0.0,0.0,0.0,,0.0,0.0,0.0
2025-01-23,32.0,32.0,32.0,32.0,1000,32000.0,0.0,0.0,0.0,0.0,,0.0,0.0,0.0
2025-01-24,36.0,36.0,31.2,31.3,6500,203450.0,0.0,0.0,0.0,0.0,,0.0,0.0,0.0
2025-02-03,34.9,34.9,34.9,34.9,205,7154.5,0.0,0.0,0.0,0.0,,0.0,0.0,0.0
2025-02-04,34.0,35.0,33.9,35.0,4700,164500.0,0.0,0.0,0.0,0.0,,0.0,0.0,0.0
2025-02-05,35.0,35.0,33.0,33.0,2405,79365.0,0.0,0.0,0.0,0.0,,0.0,0.0,0.0
2025-02-06,33.3,36.0,33.3,35.9,1335,47926.5,0.0,0.0,0.0,0.0,,0.0,0.0,0.0
2025-02-07,35.1,35.1,33.2,34.6,800,27680.0,0.0,0.0,0.0,0.0,,0.0,0.0,0.0
2025-02-10,33.1,33.1,33.0,33.0,5800,191400.0,0.0,0.0,0.0,0.0,,0.0,0.0,0.0
2025-02-11,34.3,34.3,31.1,31.1,414,12875.4,0.0,0.0,0.0,0.0,,0.0,0.0,0.0
2025-02-12,30.5,34.0,30.5,34.0,824,28016.0,0.0,0.0,0.0,0.0,,0.0,0.0,0.0
2025-02-13,34.5,34.5,34.5,34.5,700,24150.0,0.0,0.0,0.0,0.0,,0.0,0.0,0.0
2025-02-14,36.4,36.4,32.5,32.5,601,19532.5,0.0,0.0,0.0,0.0,,0.0,0.0,0.0
2025-02-17,35.8,35.8,35.8,35.8,0,0.0,0.0,0.0,0.0,0.0,,0.0,0.0,0.0
2025-02-18,32.8,33.0,32.8,33.0,2100,69300.0,0.0,0.0,0.0,0.0,,0.0,0.0,0.0
2025-02-19,32.0,33.5,32.0,33.5,2217,74269.5,0.0,0.0,0.0,0.0,,0.0,0.0,0.0
2025-02-20,33.4,38.2,33.4,38.2,68762,2626708.4000000004,0.0,0.0,0.0,0.0,,0.0,0.0,0.0
2025-02-21,40.0,41.0,37.9,38.2,11920,455344.00000000006,0.0,0.0,0.0,0.0,,0.0,0.0,0.0
2025-02-24,38.2,38.2,35.0,36.0,22607,813852.0,0.0,0.0,0.0,0.0,,0.0,0.0,0.0
2025-02-25,36.9,37.4,35.5,35.5,11002,390571.0,0.0,0.0,0.0,0.0,,0.0,0.0,0.0
2025-02-26,36.2,41.6,36.2,39.5,65514,2587803.0,0.0,0.0,0.0,0.0,,0.0,0.0,0.0
2025-02-27,41.6,44.6,41.0,44.6,55600,2479760.0,0.0,0.0,0.0,0.0,,0.0,0.0,0.0
2025-02-28,42.3,48.6,42.3,48.5,59025,2862712.5,0.0,0.0,0.0,0.0,,0.0,0.0,0.0
2025-03-03,48.0,53.0,47.5,47.8,34909,1668650.2,0.0,0.0,0.0,0.0,,0.0,0.0,0.0
2025-03-04,48.4,48.4,43.7,44.0,42323,1862212.0,0.0,0.0,0.0,0.0,,0.0,0.0,0.0
2025-03-05,45.2,47.0,43.0,44.6,20006,892267.6,0.0,0.0,0.0,0.0,,0.0,0.0,0.0
2025-03-06,46.0,46.0,43.2,44.1,15001,661544.1,0.0,0.0,0.0,0.0,,0.0,0.0,0.0
2025-03-07,43.5,45.0,43.4,44.8,6800,304640.0,0.0,0.0,0.0,0.0,,0.0,0.0,0.0
2025-03-10,45.9,45.9,40.4,41.5,14501,601791.5,0.0,0.0,0.0,0.0,,0.0,0.0,0.0
2025-03-11,43.4,43.4,40.3,40.5,11600,469800.0,0.0,0.0,0.0,0.0,,0.0,0.0,0.0
2025-03-12,44.3,44.3,40.0,41.1,9111,374462.1,0.0,0.0,0.0,0.0,,0.0,0.0,0.0
2025-03-13,43.0,43.0,40.6,40.6,10900,442540.0,0.0,0.0,0.0,0.0,,0.0,0.0,0.0
2025-03-14,40.5,41.0,39.6,40.9,12709,519798.1,0.0,0.0,0.0,0.0,,0.0,0.0,0.0
2025-03-17,41.0,41.0,38.5,40.0,17300,692000.0,0.0,0.0,0.0,0.0,,0.0,0.0,0.0
2025-03-18,40.9,44.5,39.7,41.0,12900,528900.0,0.0,0.0,0.0,0.0,,0.0,0.0,0.0
2025-03-19,41.0,41.0,39.2,41.0,12200,500200.0,0.0,0.0,0.0,0.0,,0.0,0.0,0.0
2025-03-20,41.0,41.0,40.0,40.1,5400,216540.0,0.0,0.0,0.0,0.0,,0.0,0.0,0.0
2025-03-21,41.9,41.9,40.0,40.0,4700,188000.0,0.0,0.0,0.0,0.0,,0.0,0.0,0.0
2025-03-24,40.3,41.3,40.3,40.3,4401,177360.3,0.0,0.0,0.0,0.0,,0.0,0.0,0.0
2025-03-25,41.0,42.0,40.6,40.6,4600,186760.0,0.0,0.0,0.0,0.0,,0.0,0.0,0.0
2025-03-26,41.4,42.7,40.6,40.6,38900,1579340.0,0.0,0.0,0.0,0.0,,0.0,0.0,0.0
2025-03-27,40.6,42.8,40.6,40.8,20300,828240.0,0.0,0.0,0.0,0.0,,0.0,0.0,0.0
2025-03-28,41.2,41.2,40.5,40.5,10000,405000.0,0.0,0.0,0.0,0.0,,0.0,0.0,0.0
2025-03-31,41.7,41.7,40.0,40.0,6100,244000.0,0.0,0.0,0.0,0.0,,0.0,0.0,0.0
2025-04-01,40.7,40.7,40.7,40.7,6800,276760.0,0.0,0.0,0.0,0.0,,0.0,0.0,0.0
2025-04-02,42.0,46.8,41.1,41.1,10169,417945.9,0.0,0.0,0.0,0.0,,0.0,0.0,0.0
2025-04-03,39.0,39.0,36.1,36.1,26671,962823.1,0.0,0.0,0.0,0.0,,0.0,0.0,0.0
2025-04-04,30.7,30.7,30.7,30.7,84300,2588010.0,0.0,0.0,0.0,0.0,,0.0,0.0,0.0
2025-04-08,27.0,33.0,26.1,26.1,8700,227070.0,0.0,0.0,0.0,0.0,,0.0,0.0,0.0
2025-04-09,23.4,27.6,23.3,26.8,183901,4928546.8,0.0,0.0,0.0,0.0,,0.0,0.0,0.0
2025-04-10,26.9,26.9,26.9,26.9,800,21520.0,0.0,0.0,0.0,0.0,,0.0,0.0,0.0
2025-04-11,30.7,30.9,27.4,29.9,88900,2658110.0,0.0,0.0,0.0,0.0,,0.0,0.0,0.0
2025-04-14,31.3,33.9,29.8,30.0,11600,348000.0,0.0,0.0,0.0,0.0,,0.0,0.0,0.0
2025-04-15,32.4,32.4,30.0,30.3,2600,78780.0,0.0,0.0,0.0,0.0,,0.0,0.0,0.0
2025-04-16,30.1,30.1,28.5,29.3,5600,164080.0,0.0,0.0,0.0,0.0,,0.0,0.0,0.0
2025-04-17,28.8,30.5,28.8,29.9,3300,98670.0,0.0,0.0,0.0,0.0,,0.0,0.0,0.0
2025-04-18,32.9,32.9,29.5,29.7,7900,234630.0,0.0,0.0,0.0,0.0,,0.0,0.0,0.0
2025-04-21,28.0,31.5,28.0,30.2,11400,344280.0,0.0,0.0,0.0,0.0,,0.0,0.0,0.0
2025-04-22,31.7,31.7,28.8,30.4,14300,434720.0,0.0,0.0,0.0,0.0,,0.0,0.0,0.0
2025-04-23,31.4,34.0,30.2,33.0,12000,396000.0,0.0,0.0,0.0,0.0,,0.0,0.0,0.0
2025-04-24,32.7,32.7,30.9,31.7,9501,301181.7,0.0,0.0,0.0,0.0,,0.0,0.0,0.0
2025-04-25,32.0,34.9,31.2,31.2,8100,252720.0,0.0,0.0,0.0,0.0,,0.0,0.0,0.0
2025-04-28,33.9,33.9,31.8,31.8,21400,680520.0,0.0,0.0,0.0,0.0,,0.0,0.0,0.0
2025-04-29,33.5,33.5,31.3,32.4,7905,256122.0,0.0,0.0,0.0,0.0,,0.0,0.0,0.0
2025-05-05,32.8,33.4,31.7,32.8,23000,754399.9999999999,0.0,0.0,0.0,0.0,,0.0,0.0,0.0
2025-05-06,33.4,33.4,31.9,31.9,14000,446600.0,0.0,0.0,0.0,0.0,,0.0,0.0,0.0
2025-05-07,32.6,33.9,32.3,32.6,22402,730305.2000000001,0.0,0.0,0.0,0.0,,0.0,0.0,0.0
2025-05-08,33.5,33.9,32.6,32.9,15100,496790.0,0.0,0.0,0.0,0.0,,0.0,0.0,0.0
2025-05-09,32.6,33.3,32.4,32.7,10500,343350.00000000006,0.0,0.0,0.0,0.0,,0.0,0.0,0.0
2025-05-12,32.8,33.9,32.3,32.8,15100,495280.0,0.0,0.0,0.0,0.0,,0.0,0.0,0.0
2025-05-13,33.9,33.9,32.2,32.9,3200,105280.0,0.0,0.0,0.0,0.0,,0.0,0.0,0.0
2025-05-14,32.4,33.0,32.2,32.2,17807,573385.4,0.0,0.0,0.0,0.0,,0.0,0.0,0.0
2025-05-15,32.8,32.8,31.9,31.9,16201,516811.9,0.0,0.0,0.0,0.0,,0.0,0.0,0.0
2025-05-16,31.4,31.5,31.1,31.5,9500,299250.0,0.0,0.0,0.0,0.0,,0.0,0.0,0.0
2025-05-19,31.9,31.9,31.0,31.0,20300,629300.0,0.0,0.0,0.0,0.0,,0.0,0.0,0.0
2025-05-20,31.3,32.0,31.3,32.0,6500,208000.0,0.0,0.0,0.0,0.0,,0.0,0.0,0.0
2025-05-21,32.0,32.0,31.3,31.3,1402,43882.6,0.0,0.0,0.0,0.0,,0.0,0.0,0.0
2025-05-22,31.7,32.3,31.7,31.7,10405,329838.5,0.0,0.0,0.0,0.0,,0.0,0.0,0.0
2025-05-23,31.6,31.9,31.6,31.9,5620,179278.0,0.0,0.0,0.0,0.0,,0.0,0.0,0.0
2025-05-26,35.5,35.5,30.7,30.7,5005,153653.5,0.0,0.0,0.0,0.0,,0.0,0.0,0.0
2025-05-27,31.5,32.2,31.5,32.0,10016,320512.0,0.0,0.0,0.0,0.0,,0.0,0.0,0.0
2025-05-28,32.3,32.7,31.7,32.3,6400,206720.0,0.0,0.0,0.0,0.0,,0.0,0.0,0.0
2025-05-29,32.8,34.3,32.2,32.2,9800,315560.0,0.0,0.0,0.0,0.0,,0.0,0.0,0.0
2025-05-30,34.6,34.6,32.6,32.6,1700,55420.0,0.0,0.0,0.0,0.0,,0.0,0.0,0.0
2025-06-02,33.5,34.0,33.0,33.1,9600,317760.0,0.0,0.0,0.0,0.0,,0.0,0.0,0.0
2025-06-03,34.0,34.6,33.2,34.1,26803,913982.3,0.0,0.0,0.0,0.0,,0.0,0.0,0.0
2025-06-04,37.0,37.0,34.1,35.0,7205,252175.0,0.0,0.0,0.0,0.0,,0.0,0.0,0.0
2025-06-05,35.8,36.0,33.3,34.7,9900,343530.0,0.0,0.0,0.0,0.0,,0.0,0.0,0.0
2025-06-06,33.2,33.2,33.2,33.2,700,23240.000000000004,0.0,0.0,0.0,0.0,,0.0,0.0,0.0
2025-06-09,32.5,33.0,32.0,32.9,8600,282940.0,0.0,0.0,0.0,0.0,,0.0,0.0,0.0
2025-06-10,32.4,32.8,31.9,32.0,9300,297600.0,0.0,0.0,0.0,0.0,,0.0,0.0,0.0
2025-06-11,32.0,33.3,32.0,33.0,6700,221100.0,0.0,0.0,0.0,0.0,,0.0,0.0,0.0
2025-06-12,33.0,37.8,33.0,37.8,62324,2355847.2,0.0,0.0,0.0,0.0,,0.0,0.0,0.0
2025-06-13,39.0,42.0,38.0,42.0,45872,1926624.0,0.0,0.0,0.0,0.0,,0.0,0.0,0.0
2025-06-16,41.0,43.8,37.5,38.2,33510,1280082.0,0.0,0.0,0.0,0.0,,0.0,0.0,0.0
2025-06-17,38.6,40.0,37.6,37.9,7810,295999.0,0.0,0.0,0.0,0.0,,0.0,0.0,0.0
2025-06-18,37.5,37.8,37.3,37.3,15103,563341.8999999999,0.0,0.0,0.0,0.0,,0.0,0.0,0.0
2025-06-19,36.7,37.8,32.0,34.0,55928,1901552.0,0.0,0.0,0.0,0.0,,0.0,0.0,0.0
2025-06-20,35.4,35.4,33.8,34.2,14239,486973.8000000001,0.0,0.0,0.0,0.0,,0.0,0.0,0.0
2025-06-23,30.2,34.8,30.2,33.5,25200,844200.0,0.0,0.0,0.0,0.0,,0.0,0.0,0.0
2025-06-24,32.6,36.9,32.6,34.0,21416,728144.0,0.0,0.0,0.0,0.0,,0.0,0.0,0.0
2025-06-25,33.1,33.3,32.8,33.1,9500,314450.0,0.0,0.0,0.0,0.0,,0.0,0.0,0.0
2025-06-26,32.2,33.4,31.9,33.4,25316,845554.3999999999,0.0,0.0,0.0,0.0,,0.0,0.0,0.0
2025-06-27,32.3,33.6,32.3,32.3,20300,655690.0,0.0,0.0,0.0,0.0,,0.0,0.0,0.0
2025-06-30,32.4,33.0,32.3,32.5,18200,591500.0,0.0,0.0,0.0,0.0,,0.0,0.0,0.0
2025-07-01,33.3,33.3,32.2,32.8,14300,469040.0,0.0,0.0,0.0,0.0,,0.0,0.0,0.0
2025-07-02,32.6,32.8,31.0,32.6,27400,893240.0,0.0,0.0,0.0,0.0,,0.0,0.0,0.0
2025-07-03,32.6,33.3,31.9,31.9,17000,542300.0,0.0,0.0,0.0,0.0,,0.0,0.0,0.0
2025-07-04,33.3,33.3,32.5,32.9,2500,82250.0,0.0,0.0,0.0,0.0,,0.0,0.0,0.0
2025-07-07,33.0,33.0,32.0,32.1,28676,920499.6,0.0,0.0,0.0,0.0,,0.0,0.0,0.0
2025-07-08,32.2,32.9,31.9,32.9,13700,450730.0,0.0,0.0,0.0,0.0,,0.0,0.0,0.0
2025-07-09,32.0,33.2,31.9,32.0,17707,566624.0,0.0,0.0,0.0,0.0,,0.0,0.0,0.0
2025-07-10,32.0,32.6,31.9,32.0,26300,841600.0,0.0,0.0,0.0,0.0,,0.0,0.0,0.0
2025-07-11,32.2,32.2,32.1,32.1,3001,96332.1,0.0,0.0,0.0,0.0,,0.0,0.0,0.0
2025-07-14,32.8,32.8,31.8,32.1,4400,141240.0,0.0,0.0,0.0,0.0,,0.0,0.0,0.0
2025-07-15,32.8,34.3,32.6,32.8,21400,701919.9999999999,0.0,0.0,0.0,0.0,,0.0,0.0,0.0
2025-07-16,33.3,33.3,32.5,33.0,7200,237600.0,0.0,0.0,0.0,0.0,,0.0,0.0,0.0
2025-07-17,33.4,34.5,32.4,33.8,84117,2843154.6,0.0,0.0,0.0,0.0,,0.0,0.0,0.0
2025-07-18,33.8,33.9,33.0,33.0,16400,541200.0,0.0,0.0,0.0,0.0,,0.0,0.0,0.0
2025-07-21,33.6,33.9,33.0,33.0,16600,547800.0,0.0,0.0,0.0,0.0,,0.0,0.0,0.0
2025-07-22,32.8,33.3,32.5,32.7,23800,778260.0000000001,0.0,0.0,0.0,0.0,,0.0,0.0,0.0
2025-07-23,32.6,32.7,32.6,32.7,32900,1075830.0,0.0,0.0,0.0,0.0,,0.0,0.0,0.0
2025-07-24,32.7,33.0,32.2,32.5,19430,631475.0,0.0,0.0,0.0,0.0,,0.0,0.0,0.0
2025-07-25,32.2,33.0,32.0,32.5,14100,458250.0,0.0,0.0,0.0,0.0,,0.0,0.0,0.0
2025-07-28,32.5,33.3,32.0,33.0,36210,1194930.0,0.0,0.0,0.0,0.0,,0.0,0.0,0.0
2025-07-29,33.1,35.9,33.1,33.9,131173,4446764.7,0.0,0.0,0.0,0.0,,0.0,0.0,0.0
2025-07-30,33.5,34.7,33.2,33.6,8108,272428.8,0.0,0.0,0.0,0.0,,0.0,0.0,0.0
2025-07-31,33.6,34.3,33.2,33.4,28300,945220.0,0.0,0.0,0.0,0.0,,0.0,0.0,0.0
2025-08-01,33.6,34.4,32.1,33.9,14438,489448.2,0.0,0.0,0.0,0.0,,0.0,0.0,0.0
2025-08-04,34.7,36.6,34.0,36.0,54846,1974456.0,0.0,0.0,0.0,0.0,,0.0,0.0,0.0
2025-08-05,36.0,36.9,34.8,35.2,37050,1304160.0,0.0,0.0,0.0,0.0,,0.0,0.0,0.0
2025-08-06,35.4,35.4,33.5,34.9,22816,796278.4,0.0,0.0,0.0,0.0,,0.0,0.0,0.0
2025-08-07,33.8,34.6,33.6,33.9,22902,776377.7999999999,0.0,0.0,0.0,0.0,,0.0,0.0,0.0
2025-08-08,33.8,34.8,33.1,34.4,26510,911944.0,0.0,0.0,0.0,0.0,,0.0,0.0,0.0
2025-08-11,34.0,34.4,33.5,33.7,23100,778470.0000000001,0.0,0.0,0.0,0.0,,0.0,0.0,0.0
2025-08-12,33.9,34.0,33.2,33.2,14300,474760.00000000006,0.0,0.0,0.0,0.0,,0.0,0.0,0.0
2025-08-13,33.7,34.0,33.0,33.7,20200,680740.0,0.0,0.0,0.0,0.0,,0.0,0.0,0.0
2025-08-14,33.5,33.5,32.6,32.7,32216,1053463.2000000002,0.0,0.0,0.0,0.0,,0.0,0.0,0.0
2025-08-15,32.7,32.7,30.7,31.7,49600,1572320.0,0.0,0.0,0.0,0.0,,0.0,0.0,0.0
2025-08-18,31.7,33.0,31.0,32.5,18000,585000.0,0.0,0.0,0.0,0.0,,0.0,0.0,0.0
2025-08-19,32.1,33.9,32.1,33.2,24500,813400.0000000001,0.0,0.0,0.0,0.0,,0.0,0.0,0.0
2025-08-20,33.5,33.5,31.2,31.8,18800,597840.0,0.0,0.0,0.0,0.0,,0.0,0.0,0.0
2025-08-21,31.8,32.0,31.2,31.5,27401,863131.5,0.0,0.0,0.0,0.0,,0.0,0.0,0.0
2025-08-22,31.4,31.4,30.1,30.4,16500,501600.0,0.0,0.0,0.0,0.0,,0.0,0.0,0.0
2025-08-25,30.6,30.6,30.2,30.2,5360,161872.0,0.0,0.0,0.0,0.0,,0.0,0.0,0.0
2025-08-26,30.3,30.6,30.1,30.6,10300,315180.0,0.0,0.0,0.0,0.0,,0.0,0.0,0.0
2025-08-27,30.5,30.6,30.0,30.6,27600,844560.0,0.0,0.0,0.0,0.0,,0.0,0.0,0.0
2025-08-28,30.4,30.4,29.7,30.4,1200,36480.0,0.0,0.0,0.0,0.0,,0.0,0.0,0.0
2025-08-29,31.0,31.0,29.9,30.0,17900,537000.0,0.0,0.0,0.0,0.0,,0.0,0.0,0.0
2025-09-03,30.2,31.5,30.2,30.6,6007,183814.2,0.0,0.0,0.0,0.0,,0.0,0.0,0.0
2025-09-04,31.0,31.0,30.4,30.6,8207,251134.2,0.0,0.0,0.0,0.0,,0.0,0.0,0.0
2025-09-05,30.3,30.5,30.0,30.0,9200,276000.0,0.0,0.0,0.0,0.0,,0.0,0.0,0.0
2025-09-08,29.7,29.7,28.0,28.5,18705,533092.5,0.0,0.0,0.0,0.0,,0.0,0.0,0.0
2025-09-09,28.8,30.0,28.5,28.7,11200,321440.0,0.0,0.0,0.0,0.0,,0.0,0.0,0.0
2025-09-10,29.1,29.1,28.5,28.7,3526,101196.2,0.0,0.0,0.0,0.0,,0.0,0.0,0.0
2025-09-11,28.2,28.5,27.5,28.5,3600,102600.0,0.0,0.0,0.0,0.0,,0.0,0.0,0.0
2025-09-12,28.9,29.5,28.4,28.9,3000,86700.0,0.0,0.0,0.0,0.0,,0.0,0.0,0.0
2025-09-15,29.0,29.0,28.5,28.5,6586,187701.0,0.0,0.0,0.0,0.0,,0.0,0.0,0.0
2025-09-16,28.6,29.7,28.5,28.5,10200,290700.0,0.0,0.0,0.0,0.0,,0.0,0.0,0.0
2025-09-17,29.4,29.4,29.4,29.4,500,14700.0,0.0,0.0,0.0,0.0,,0.0,0.0,0.0
2025-09-18,28.9,28.9,27.9,28.7,5700,163590.0,0.0,0.0,0.0,0.0,,0.0,0.0,0.0
2025-09-19,30.8,30.8,28.6,28.6,3000,85800.0,0.0,0.0,0.0,0.0,,0.0,0.0,0.0
2025-09-22,28.6,28.6,28.2,28.5,2220,63270.0,0.0,0.0,0.0,0.0,,0.0,0.0,0.0
2025-09-23,28.3,28.3,27.8,28.2,1300,36660.0,0.0,0.0,0.0,0.0,,0.0,0.0,0.0
2025-09-24,27.9,28.8,27.9,28.8,3400,97920.0,0.0,0.0,0.0,0.0,,0.0,0.0,0.0
2025-09-25,28.1,28.8,27.0,28.8,10005,288144.0,0.0,0.0,0.0,0.0,,0.0,0.0,0.0
2025-09-26,28.0,28.0,27.6,27.6,6400,176640.0,0.0,0.0,0.0,0.0,,0.0,0.0,0.0
2025-09-29,28.5,28.5,27.6,27.7,7400,204980.0,0.0,0.0,0.0,0.0,,0.0,0.0,0.0
2025-09-30,27.5,27.9,27.0,27.9,14000,390600.0,0.0,0.0,0.0,0.0,,0.0,0.0,0.0
2025-10-01,27.9,28.1,27.2,28.1,4300,120830.0,0.0,0.0,0.0,0.0,,0.0,0.0,0.0
2025-10-02,27.9,28.2,26.3,27.1,8100,219510.0,0.0,0.0,0.0,0.0,,0.0,0.0,0.0
2025-10-03,27.5,27.5,27.0,27.0,2600,70200.0,0.0,0.0,0.0,0.0,,0.0,0.0,0.0
2025-10-06,27.0,27.8,27.0,27.7,2350,65095.0,0.0,0.0,0.0,0.0,,0.0,0.0,0.0
2025-10-07,27.0,27.6,27.0,27.6,5300,146280.0,0.0,0.0,0.0,0.0,,0.0,0.0,0.0
2025-10-08,27.1,28.4,27.0,28.4,800,22720.0,0.0,0.0,0.0,0.0,,0.0,0.0,0.0
2025-10-09,28.0,28.3,27.5,28.0,1900,53200.0,0.0,0.0,0.0,0.0,0.0,0.0,0.0,0.0
2025-10-10,27.2,27.8,26.9,27.8,9600,266880.0,0.0,0.0,0.0,0.0,0.0,0.0,0.0,0.0
2025-10-13,27.1,27.4,27.0,27.0,3100,83700.0,0.0,0.0,0.0,0.0,0.0,0.0,0.0,0.0
2025-10-14,27.1,27.1,25.5,27.0,4100,110700.0,0.0,0.0,0.0,0.0,0.0,0.0,0.0,0.0
2025-10-15,26.5,26.5,26.4,26.4,2400,63360.0,0.0,0.0,0.0,0.0,0.0,0.0,0.0,0.0
2025-10-16,26.5,26.5,23.1,25.7,6700,172190.0,0.0,0.0,0.0,0.0,0.0,0.0,0.0,0.0
2025-10-17,25.6,26.1,25.5,25.5,4000,102000.0,0.0,0.0,0.0,0.0,0.0,0.0,0.0,0.0
2025-10-20,23.9,24.3,23.8,24.0,4400,105600.0,0.0,0.0,0.0,0.0,0.0,0.0,0.0,0.0
2025-10-21,24.2,25.9,23.9,24.6,34100,838860.0,0.0,0.0,0.0,0.0,0.0,0.0,0.0,0.0
2025-10-22,24.3,24.4,24.2,24.2,4100,99220.0,0.0,0.0,0.0,0.0,0.0,0.0,0.0,0.0
2025-10-23,24.9,27.2,24.9,26.5,8600,227900.0,0.0,0.0,0.0,0.0,0.0,0.0,0.0,0.0
2025-10-24,28.0,28.0,26.8,27.3,16400,447720.0,0.0,0.0,0.0,0.0,0.0,0.0,0.0,0.0
2025-10-27,27.9,27.9,26.1,26.5,3400,90100.0,0.0,0.0,0.0,0.0,0.0,0.0,0.0,0.0
2025-10-28,26.6,26.8,26.5,26.7,7500,200250.0,0.0,0.0,0.0,0.0,0.0,0.0,0.0,0.0
2025-10-29,27.0,27.9,27.0,27.1,4000,108400.0,0.0,0.0,0.0,0.0,0.0,0.0,0.0,0.0
2025-10-30,28.0,29.0,28.0,28.6,17900,511940.0,0.0,0.0,0.0,0.0,0.0,0.0,0.0,0.0
2025-10-31,29.3,29.3,27.9,28.0,9900,277200.0,0.0,0.0,0.0,0.0,0.0,0.0,0.0,0.0
2025-11-03,28.6,32.0,28.3,28.3,500,14150.0,0.0,0.0,0.0,0.0,0.0,0.0,0.0,0.0
2025-11-04,28.3,28.3,27.7,27.7,1500,41550.0,0.0,0.0,0.0,0.0,0.0,0.0,0.0,0.0
2025-11-05,27.9,28.4,27.9,28.1,3000,84300.0,0.0,0.0,0.0,0.0,0.0,0.0,0.0,0.0
2025-11-06,28.1,28.1,27.1,27.2,1200,32640.0,0.0,0.0,0.0,0.0,0.0,0.0,0.0,0.0
2025-11-07,26.6,27.4,26.5,26.5,2400,63600.0,0.0,0.0,0.0,0.0,0.0,0.0,0.0,0.0
2025-11-10,28.2,28.2,27.5,27.5,600,16500.0,0.0,0.0,0.0,0.0,0.0,0.0,0.0,0.0
2025-11-11,,0.0,0.0,0.0,0,0.0,0.0,0.0,0.0,0.0,0.0,0.0,0.0,0.0
2025-11-12,26.2,26.7,26.2,26.7,400,10680.0,0.0,0.0,0.0,0.0,0.0,0.0,0.0,0.0
2025-11-14,26.8,26.9,26.0,26.4,2700,71280.0,0.0,0.0,0.0,0.0,0.0,0.0,0.0,0.0
2025-11-17,23.2,26.8,23.2,26.0,3500,91000.0,0.0,0.0,0.0,0.0,0.0,0.0,0.0,0.0
2025-11-18,25.8,26.0,25.8,26.0,800,20800.0,0.0,0.0,0.0,0.0,0.0,0.0,0.0,0.0
2025-11-19,25.8,25.9,25.7,25.7,6200,159340.0,0.0,0.0,0.0,0.0,0.0,0.0,0.0,0.0
2025-11-20,26.4,29.5,26.4,27.3,4200,114660.0,0.0,0.0,0.0,0.0,0.0,0.0,0.0,0.0
2025-11-25,27.7,27.7,27.5,27.5,700,19250.0,0.0,0.0,0.0,0.0,0.0,0.0,0.0,0.0
2025-11-26,27.0,27.3,27.0,27.3,2400,65520.0,0.0,0.0,0.0,0.0,0.0,0.0,0.0,0.0
2025-11-27,27.1,28.3,27.1,27.4,2700,73980.0,0.0,0.0,0.0,0.0,0.0,0.0,0.0,0.0
2025-11-28,27.0,27.5,26.7,27.5,1400,38500.0,0.0,0.0,0.0,0.0,0.0,0.0,0.0,0.0
2025-12-01,27.5,27.5,26.8,27.2,7500,204000.0,0.0,0.0,0.0,0.0,0.0,0.0,0.0,0.0
2025-12-02,26.9,26.9,25.6,25.6,14000,358400.0,0.0,0.0,0.0,0.0,0.0,0.0,0.0,0.0
2025-12-03,25.6,26.4,25.5,26.3,11800,310340.0,0.0,0.0,0.0,0.0,0.0,0.0,0.0,0.0
2025-12-04,26.8,26.8,25.5,25.6,12200,312320.0,0.0,0.0,0.0,0.0,0.0,0.0,0.0,0.0
2025-12-05,26.2,26.2,25.4,25.4,4900,124460.0,0.0,0.0,0.0,0.0,0.0,0.0,0.0,0.0
2025-12-08,26.9,26.9,25.2,25.2,7000,176400.0,0.0,0.0,0.0,0.0,0.0,0.0,0.0,0.0
2025-12-10,25.4,25.4,24.6,24.6,1500,36900.0,0.0,0.0,0.0,0.0,0.0,0.0,0.0,0.0
2025-12-11,25.0,25.8,24.7,25.3,8100,204930.0,0.0,0.0,0.0,0.0,0.0,0.0,0.0,0.0
2025-12-12,26.0,26.0,24.5,24.5,2500,61250.0,0.0,0.0,0.0,0.0,0.0,0.0,0.0,0.0
2025-12-15,25.2,25.3,25.2,25.2,2100,52920.0,0.0,0.0,0.0,0.0,0.0,0.0,0.0,0.0
2025-12-23,24.9,24.9,24.6,24.6,1700,41820.0,0.0,0.0,0.0,0.0,0.0,0.0,0.0,0.0
2025-12-24,24.5,24.5,24.3,24.3,1800,43740.0,0.0,0.0,0.0,0.0,0.0,0.0,0.0,0.0
2025-12-25,24.4,24.4,24.3,24.3,2500,60750.0,0.0,0.0,0.0,0.0,0.0,0.0,0.0,0.0
2025-12-26,25.1,25.1,24.0,24.0,900,21600.0,0.0,0.0,0.0,0.0,0.0,0.0,0.0,0.0
2025-12-29,25.2,25.2,25.0,25.1,1000,25100.0,0.0,0.0,0.0,0.0,0.0,0.0,0.0,0.0
2025-12-30,25.0,25.0,25.0,25.0,100,2500.0,0.0,0.0,0.0,0.0,0.0,0.0,0.0,0.0
2025-12-31,25.0,25.3,25.0,25.3,9200,232760.0,0.0,0.0,0.0,0.0,0.0,0.0,0.0,0.0
2026-01-05,,0.0,0.0,0.0,0,0.0,0.0,0.0,0.0,0.0,0.0,0.0,0.0,0.0
2026-01-07,25.3,26.5,25.3,26.5,13200,349800.0,0.0,0.0,0.0,0.0,0.0,0.0,0.0,0.0
2026-01-08,27.7,27.7,26.0,26.0,1600,41600.0,0.0,0.0,0.0,0.0,0.0,0.0,0.0,0.0
2026-01-09,27.7,27.7,25.7,25.9,3800,98420.0,0.0,0.0,0.0,0.0,0.0,0.0,0.0,0.0
2026-01-12,27.0,27.0,25.8,25.8,3600,92880.0,0.0,0.0,0.0,0.0,0.0,0.0,0.0,0.0
2026-01-13,25.6,25.9,25.6,25.8,4100,105780.0,0.0,0.0,0.0,0.0,0.0,0.0,0.0,0.0
2026-01-14,25.7,27.4,25.7,25.9,4600,119140.0,0.0,0.0,0.0,0.0,0.0,0.0,0.0,0.0
2026-01-15,26.0,27.4,26.0,27.0,19200,518400.0,0.0,0.0,0.0,0.0,0.0,0.0,0.0,0.0
2026-01-16,27.7,30.7,27.7,29.9,62200,1859780.0,0.0,0.0,0.0,0.0,0.0,0.0,0.0,0.0
2026-01-19,33.4,33.4,28.3,29.4,11900,349860.0,0.0,0.0,0.0,0.0,0.0,0.0,0.0,0.0
2026-01-20,29.4,29.4,27.7,27.7,13200,365640.0,0.0,0.0,0.0,0.0,0.0,0.0,0.0,0.0
2026-01-21,28.3,28.3,26.7,26.7,10300,275010.0,0.0,0.0,0.0,0.0,0.0,0.0,0.0,0.0
2026-01-22,25.6,28.0,25.6,26.6,7600,202160.0,0.0,0.0,0.0,0.0,0.0,0.0,0.0,0.0
2026-01-23,26.6,27.6,26.3,27.6,5600,154560.0,0.0,0.0,0.0,0.0,0.0,0.0,0.0,0.0
2026-01-26,29.4,29.4,25.5,27.0,2700,72900.0,0.0,0.0,0.0,0.0,0.0,0.0,0.0,0.0
2026-01-27,27.4,27.4,26.0,27.1,3200,86720.0,0.0,0.0,0.0,0.0,0.0,0.0,0.0,0.0
2026-01-28,27.3,27.3,26.5,27.0,4100,110700.0,0.0,0.0,0.0,0.0,0.0,0.0,0.0,0.0
2026-01-29,27.0,27.0,26.9,26.9,400,10760.0,0.0,0.0,0.0,0.0,0.0,0.0,0.0,0.0
2026-01-30,27.0,27.0,27.0,27.0,2000,54000.0,0.0,0.0,0.0,0.0,0.0,0.0,0.0,0.0
2026-02-02,27.0,29.9,26.9,26.9,3500,94150.0,0.0,0.0,0.0,0.0,0.0,0.0,0.0,0.0
2026-02-03,27.0,27.0,27.0,27.0,1000,27000.0,0.0,0.0,0.0,0.0,0.0,0.0,0.0,0.0
2026-02-04,27.9,28.7,27.0,27.0,2000,54000.0,0.0,0.0,0.0,0.0,0.0,0.0,0.0,0.0
2026-02-05,27.0,27.4,26.8,26.8,1000,26800.0,0.0,0.0,0.0,0.0,0.0,0.0,0.0,0.0
2026-02-06,27.8,27.8,26.1,26.3,2300,60490.0,0.0,0.0,0.0,0.0,0.0,0.0,0.0,0.0
2026-02-09,27.7,27.7,25.0,25.9,2600,67340.0,0.0,0.0,0.0,0.0,0.0,0.0,0.0,0.0
2026-02-10,25.8,27.2,25.8,26.0,5600,145600.0,0.0,0.0,0.0,0.0,0.0,0.0,0.0,0.0
2026-02-11,27.0,27.0,26.5,26.5,500,13250.0,0.0,0.0,0.0,0.0,0.0,0.0,0.0,0.0
2026-02-12,26.8,26.8,26.8,26.8,1000,26800.0,0.0,0.0,0.0,0.0,0.0,0.0,0.0,0.0
2026-02-13,26.0,26.1,26.0,26.0,1000,26000.0,0.0,0.0,0.0,0.0,0.0,0.0,0.0,0.0
2026-02-23,29.3,29.3,26.6,26.6,25100,667660.0,0.0,0.0,0.0,0.0,0.0,0.0,0.0,0.0
2026-02-24,27.0,27.5,27.0,27.0,5500,148500.0,0.0,0.0,0.0,0.0,0.0,0.0,0.0,0.0
2026-02-25,27.8,27.8,26.9,26.9,5100,137190.0,0.0,0.0,0.0,0.0,0.0,0.0,0.0,0.0
2026-02-26,27.2,27.2,27.2,27.2,2300,62560.0,0.0,0.0,0.0,0.0,0.0,0.0,0.0,0.0
2026-02-27,27.2,27.2,26.0,27.1,2400,65040.0,0.0,0.0,0.0,0.0,0.0,0.0,0.0,0.0
2026-03-02,27.8,27.8,25.2,26.5,9900,262350.0,0.0,0.0,0.0,0.0,0.0,0.0,0.0,0.0
2026-03-03,27.4,27.4,25.9,26.0,9400,244400.0,0.0,0.0,0.0,0.0,0.0,0.0,0.0,0.0
2026-03-04,25.2,26.1,25.2,26.0,1100,28600.0,0.0,0.0,0.0,0.0,0.0,0.0,0.0,0.0
2026-03-05,26.0,26.8,26.0,26.0,3900,101400.0,0.0,0.0,0.0,0.0,0.0,0.0,0.0,0.0
2026-03-06,26.6,26.6,26.0,26.2,6700,175540.0,0.0,0.0,0.0,0.0,0.0,0.0,0.0,0.0
2026-03-09,26.0,26.0,24.0,24.0,22700,544800.0,0.0,0.0,0.0,0.0,0.0,0.0,0.0,0.0
2026-03-10,26.4,26.4,24.0,25.0,5300,132500.0,0.0,0.0,0.0,0.0,0.0,0.0,0.0,0.0
2026-03-11,26.4,26.4,25.8,25.8,3900,100620.0,0.0,0.0,0.0,0.0,0.0,0.0,0.0,0.0
2026-03-12,26.5,26.9,26.0,26.9,12200,328180.0,0.0,0.0,0.0,0.0,0.0,0.0,0.0,0.0
2026-03-13,26.9,28.7,26.7,28.3,41200,1165960.0,0.0,0.0,0.0,0.0,0.0,0.0,0.0,0.0
2026-03-16,28.9,31.9,28.9,30.8,36200,1114960.0,0.0,0.0,0.0,0.0,0.0,0.0,0.0,0.0
2026-03-17,31.0,33.0,31.0,32.5,47500,1543750.0,0.0,0.0,0.0,0.0,0.0,0.0,0.0,0.0
2026-03-18,33.9,36.9,32.7,36.8,66900,2461920.0,0.0,0.0,0.0,0.0,0.0,0.0,0.0,0.0
2026-03-19,37.4,37.4,35.4,36.7,22200,814740.0000000001,0.0,0.0,0.0,0.0,0.0,0.0,0.0,0.0
2026-03-20,36.0,36.5,32.7,33.0,33900,1118700.0,0.0,0.0,0.0,0.0,0.0,0.0,0.0,0.0
2026-03-23,30.6,30.6,29.5,30.1,16400,493640.0,0.0,0.0,0.0,0.0,0.0,0.0,0.0,0.0
2026-03-24,31.8,32.0,31.0,31.0,16900,523900.0,0.0,0.0,0.0,0.0,0.0,0.0,0.0,0.0
2026-03-25,31.4,31.5,31.0,31.0,14100,437100.0,0.0,0.0,0.0,0.0,0.0,0.0,0.0,0.0
2026-03-26,31.0,31.3,30.1,30.1,13900,418390.0,0.0,0.0,0.0,0.0,0.0,0.0,0.0,0.0
2026-03-27,30.1,32.1,30.0,32.0,3600,115200.0,0.0,0.0,0.0,0.0,0.0,0.0,0.0,0.0
2026-03-30,34.0,34.0,32.0,32.5,2800,91000.0,0.0,0.0,0.0,0.0,0.0,0.0,0.0,0.0
2026-03-31,32.2,32.2,31.0,31.5,6300,198450.0,0.0,0.0,0.0,0.0,0.0,0.0,0.0,0.0
2026-04-01,32.0,32.0,31.7,31.7,3800,120460.0,0.0,0.0,0.0,0.0,0.0,0.0,0.0,0.0
2026-04-02,31.8,32.2,31.8,32.2,1300,41860.00000000001,0.0,0.0,0.0,0.0,0.0,0.0,0.0,0.0
2026-04-03,31.2,32.7,31.2,32.6,6600,215160.0,0.0,0.0,0.0,0.0,0.0,0.0,0.0,0.0
2026-04-06,32.3,32.6,32.1,32.1,7900,253590.0,0.0,0.0,0.0,0.0,0.0,0.0,0.0,0.0
2026-04-07,32.3,32.5,32.3,32.3,5800,187340.0,0.0,0.0,0.0,0.0,0.0,0.0,0.0,0.0
2026-04-08,32.5,33.0,32.5,32.8,6500,213200.0,0.0,0.0,0.0,0.0,0.0,0.0,0.0,0.0
2026-04-09,32.3,32.3,31.1,32.0,8500,272000.0,0.0,0.0,0.0,0.0,0.0,0.0,0.0,0.0
2026-04-10,31.6,31.6,30.1,30.6,10200,312120.0,0.0,0.0,0.0,0.0,0.0,0.0,0.0,0.0
2026-04-13,31.0,31.0,30.5,30.5,2000,61000.0,0.0,0.0,0.0,0.0,0.0,0.0,0.0,0.0
2026-04-14,29.2,31.0,29.2,31.0,3600,111600.0,0.0,0.0,0.0,0.0,0.0,0.0,0.0,0.0
2026-04-15,31.0,31.1,30.9,31.0,6500,201500.0,0.0,0.0,0.0,0.0,0.0,0.0,0.0,0.0
2026-04-16,26.4,31.2,26.4,29.0,12600,365400.0,0.0,0.0,0.0,0.0,0.0,0.0,0.0,0.0
2026-04-17,30.9,30.9,28.4,28.5,3400,96900.0,0.0,0.0,0.0,0.0,0.0,0.0,0.0,0.0
2026-04-20,28.5,29.6,28.2,28.5,8200,233700.0,0.0,0.0,0.0,0.0,0.0,,,
2026-04-21,28.5,29.0,28.4,29.0,5200,150800.0,0.0,0.0,0.0,0.0,0.0,,,
2026-04-22,28.7,28.9,28.5,28.9,1600,46240.0,0.0,0.0,0.0,0.0,0.0,,,
2026-04-23,29.4,32.7,28.9,29.0,7800,226200.0,0.0,0.0,0.0,0.0,0.0,,,
2026-04-24,29.5,30.9,29.5,30.8,5700,175560.0,0.0,0.0,0.0,0.0,0.0,,,
2026-04-28,30.4,30.7,30.4,30.7,5500,168850.0,0.0,0.0,0.0,0.0,0.0,,,
2026-04-29,30.5,31.5,30.5,31.5,4700,148050.0,0.0,0.0,0.0,0.0,0.0,,,
2026-05-04,30.7,31.0,30.7,31.0,1500,46500.0,0.0,0.0,0.0,0.0,0.0,,,
2026-05-05,30.7,30.7,30.6,30.7,4500,138150.0,0.0,0.0,0.0,0.0,0.0,,,
2026-05-06,30.7,30.7,30.6,30.7,1800,55260.0,0.0,0.0,0.0,0.0,0.0,,,
2026-05-07,,0.0,0.0,0.0,0,0.0,0.0,0.0,0.0,0.0,0.0,,,
2026-05-08,30.5,30.5,29.0,29.8,6400,190720.0,0.0,0.0,0.0,0.0,0.0,,,
2026-05-11,29.3,29.3,29.1,29.1,2400,69840.0,0.0,0.0,0.0,0.0,0.0,,,
2026-05-12,29.1,29.1,29.0,29.0,1200,34800.0,0.0,0.0,0.0,0.0,0.0,,,
2026-05-13,29.0,29.0,28.7,29.0,4700,136300.0,0.0,0.0,0.0,0.0,0.0,,,
2026-05-14,,0.0,0.0,0.0,0,0.0,0.0,0.0,0.0,0.0,0.0,,,
2026-05-18,32.0,32.8,30.1,30.2,5900,178180.0,0.0,0.0,0.0,0.0,0.0,,,
2026-05-19,32.0,32.0,30.2,31.2,2800,87360.0,0.0,0.0,0.0,0.0,0.0,,,
2026-05-20,30.0,30.0,29.6,29.6,800,23680.0,0.0,0.0,0.0,0.0,0.0,,,
2026-05-21,29.5,29.5,29.5,29.5,2200,64900.0,0.0,0.0,0.0,0.0,0.0,,,
2026-05-22,29.5,30.5,29.5,30.5,600,18300.0,0.0,0.0,0.0,0.0,0.0,,,
2026-05-25,29.7,29.7,29.3,29.3,200,5860.0,0,0,0.0,0.0,0.00,,,
