time,open,high,low,close,volume,value,foreign_buy_vol,foreign_sell_vol,foreign_buy_val,foreign_sell_val,foreign_room,foreign_ownership_pct,foreign_buy_value_bn,foreign_sell_value_bn
2014-03-03,5.731,5.731,5.731,5.731,1000,5731.0,,,,,,,,
2014-03-04,6.298,6.298,6.298,6.298,100,629.8,,,,,,,,
2014-03-05,6.927,6.927,6.927,6.927,100,692.6999999999999,,,,,,,,
2014-03-06,7.62,7.62,7.62,7.62,100,762.0,,,,,,,,
2014-03-07,8.376,8.376,8.376,8.376,100,837.5999999999999,,,,,,,,
2014-03-10,9.195,9.195,9.195,9.195,15000,137925.0,,,,,,,,
2014-03-11,10.076,10.097,9.446,9.656,20300,196016.8,,,,,,,,
2014-03-12,9.761,9.761,9.446,9.446,3800,35894.8,,,,,,,,
2014-03-13,8.712,8.712,8.712,8.712,100,871.1999999999999,,,,,,,,
2014-03-14,8.691,8.712,8.691,8.712,9200,80150.4,,,,,,,,
2014-03-17,8.712,8.712,8.712,8.712,0,0.0,,,,,,,,
2014-03-18,9.027,9.027,9.027,9.027,5500,49648.49999999999,,,,,,,,
2014-03-19,9.027,9.027,9.027,9.027,1000,9027.0,,,,,,,,
2014-03-20,9.027,9.027,9.027,9.027,0,0.0,,,,,,,,
2014-03-21,9.027,9.027,9.027,9.027,3000,27081.0,,,,,,,,
2014-03-24,9.027,9.027,9.027,9.027,0,0.0,,,,,,,,
2014-03-25,9.027,9.048,9.027,9.048,2300,20810.4,,,,,,,,
2014-03-26,9.048,9.048,9.048,9.048,300,2714.4,,,,,,,,
2014-03-27,9.09,9.09,9.09,9.09,500,4545.0,,,,,,,,
2014-03-28,9.132,9.132,9.132,9.132,400,3652.8,,,,,,,,
2014-03-31,9.132,9.132,9.132,9.132,0,0.0,,,,,,,,
2014-04-01,9.132,9.132,9.132,9.132,0,0.0,,,,,,,,
2014-04-02,8.607,8.67,8.607,8.67,5100,44217.0,,,,,,,,
2014-04-03,8.817,8.817,8.817,8.817,3000,26451.0,,,,,,,,
2014-04-04,8.817,8.817,8.817,8.817,0,0.0,,,,,,,,
2014-04-07,8.817,8.817,8.817,8.817,0,0.0,,,,,,,,
2014-04-08,8.817,8.817,8.817,8.817,0,0.0,,,,,,,,
2014-04-10,8.817,8.817,8.817,8.817,0,0.0,,,,,,,,
2014-04-11,8.817,8.817,8.817,8.817,0,0.0,,,,,,,,
2014-04-14,9.342,9.446,9.342,9.446,200,1889.2,,,,,,,,
2014-04-15,9.237,9.237,9.237,9.237,100,923.7,,,,,,,,
2014-04-16,9.027,9.027,8.817,8.817,1200,10580.4,,,,,,,,
2014-04-17,8.817,8.817,8.817,8.817,0,0.0,,,,,,,,
2014-04-18,8.817,8.817,8.817,8.817,0,0.0,,,,,,,,
2014-04-21,8.817,8.817,8.817,8.817,0,0.0,,,,,,,,
2014-04-22,8.817,8.817,8.817,8.817,0,0.0,,,,,,,,
2014-04-23,8.817,8.817,8.817,8.817,0,0.0,,,,,,,,
2014-04-24,8.817,8.817,8.817,8.817,0,0.0,,,,,,,,
2014-04-25,8.817,8.817,8.817,8.817,0,0.0,,,,,,,,
2014-04-28,8.817,8.817,8.817,8.817,0,0.0,,,,,,,,
2014-04-29,9.027,9.027,9.027,9.027,100,902.7,,,,,,,,
2014-05-05,9.027,9.027,9.027,9.027,0,0.0,,,,,,,,
2014-05-06,9.027,9.027,9.027,9.027,0,0.0,,,,,,,,
2014-05-07,9.027,9.027,9.027,9.027,0,0.0,,,,,,,,
2014-05-08,8.607,8.607,8.187,8.187,300,2456.1,,,,,,,,
2014-05-09,8.187,8.187,8.187,8.187,0,0.0,,,,,,,,
2014-05-12,8.187,8.187,8.187,8.187,0,0.0,,,,,,,,
2014-05-13,8.187,8.187,8.187,8.187,0,0.0,,,,,,,,
2014-05-14,8.187,8.187,8.187,8.187,0,0.0,,,,,,,,
2014-05-15,8.523,8.523,8.187,8.187,300,2456.1,,,,,,,,
2014-05-16,8.187,8.187,8.187,8.187,0,0.0,,,,,,,,
2014-05-19,8.994,8.994,8.994,8.994,1000,8994.0,,,,,,,,
2014-05-20,8.994,8.994,8.994,8.994,0,0.0,,,,,,,,
2014-05-21,8.994,8.994,8.994,8.994,600,5396.4,,,,,,,,
2014-05-22,8.994,8.994,8.994,8.994,400,3597.6,,,,,,,,
2014-05-23,8.994,8.994,8.994,8.994,0,0.0,,,,,,,,
2014-05-26,8.994,8.994,8.994,8.994,0,0.0,,,,,,,,
2014-05-27,8.994,8.994,8.994,8.994,600,5396.4,,,,,,,,
2014-05-28,8.972,9.084,8.972,9.084,1000,9084.0,,,,,,,,
2014-05-29,9.084,9.084,9.084,9.084,0,0.0,,,,,,,,
2014-05-30,9.084,9.084,9.084,9.084,0,0.0,,,,,,,,
2014-06-02,9.084,9.084,9.084,9.084,0,0.0,,,,,,,,
2014-06-03,9.084,9.084,9.084,9.084,0,0.0,,,,,,,,
2014-06-04,8.523,8.523,8.523,8.523,100,852.3,,,,,,,,
2014-06-05,8.523,8.523,8.523,8.523,0,0.0,,,,,,,,
2014-06-06,8.523,8.523,8.523,8.523,0,0.0,,,,,,,,
2014-06-09,8.523,8.523,8.523,8.523,0,0.0,,,,,,,,
2014-06-10,8.523,8.523,8.523,8.523,0,0.0,,,,,,,,
2014-06-11,8.523,8.523,8.523,8.523,500,4261.5,,,,,,,,
2014-06-12,8.523,8.523,8.523,8.523,0,0.0,,,,,,,,
2014-06-13,8.523,8.523,8.523,8.523,0,0.0,,,,,,,,
2014-06-16,8.523,8.523,8.523,8.523,0,0.0,,,,,,,,
2014-06-17,8.523,8.523,8.523,8.523,0,0.0,,,,,,,,
2014-06-18,8.523,8.523,8.523,8.523,0,0.0,,,,,,,,
2014-06-19,8.523,8.523,8.523,8.523,400,3409.2,,,,,,,,
2014-06-20,8.523,8.523,8.523,8.523,0,0.0,,,,,,,,
2014-06-23,8.523,8.523,8.523,8.523,200,1704.6,,,,,,,,
2014-06-24,8.523,8.523,8.523,8.523,0,0.0,,,,,,,,
2014-06-25,8.523,8.523,8.523,8.523,0,0.0,,,,,,,,
2014-06-26,8.523,8.523,8.523,8.523,0,0.0,,,,,,,,
2014-06-27,8.523,8.523,8.523,8.523,0,0.0,,,,,,,,
2014-06-30,8.299,8.299,8.299,8.299,400,3319.6,,,,,,,,
2014-07-01,8.299,8.299,8.299,8.299,0,0.0,,,,,,,,
2014-07-02,8.299,8.299,8.299,8.299,0,0.0,,,,,,,,
2014-07-03,8.299,8.299,8.299,8.299,0,0.0,,,,,,,,
2014-07-04,8.299,8.299,8.299,8.299,500,4149.5,,,,,,,,
2014-07-07,8.299,8.299,8.299,8.299,0,0.0,,,,,,,,
2014-07-08,8.299,8.299,8.299,8.299,0,0.0,,,,,,,,
2014-07-09,8.299,8.299,8.299,8.299,0,0.0,,,,,,,,
2014-07-10,8.299,8.299,8.299,8.299,0,0.0,,,,,,,,
2014-07-11,8.299,8.299,8.299,8.299,0,0.0,,,,,,,,
2014-07-14,8.299,8.299,8.299,8.299,0,0.0,,,,,,,,
2014-07-15,8.075,8.075,8.075,8.075,500,4037.5,,,,,,,,
2014-07-16,8.075,8.075,8.075,8.075,0,0.0,,,,,,,,
2014-07-17,8.075,8.075,8.075,8.075,100,807.4999999999999,,,,,,,,
2014-07-18,8.075,8.075,8.075,8.075,1200,9690.0,,,,,,,,
2014-07-21,8.075,8.075,8.075,8.075,0,0.0,,,,,,,,
2014-07-22,8.075,8.075,8.075,8.075,0,0.0,,,,,,,,
2014-07-23,8.075,8.075,8.075,8.075,500,4037.5,,,,,,,,
2014-07-24,8.075,8.075,8.075,8.075,500,4037.5,,,,,,,,
2014-07-25,8.075,8.075,8.075,8.075,0,0.0,,,,,,,,
2014-07-28,8.075,8.075,8.075,8.075,0,0.0,,,,,,,,
2014-07-29,8.075,8.075,8.075,8.075,0,0.0,,,,,,,,
2014-07-30,8.075,8.075,8.075,8.075,0,0.0,,,,,,,,
2014-07-31,8.075,8.075,8.075,8.075,0,0.0,,,,,,,,
2014-08-01,8.075,8.075,8.075,8.075,0,0.0,,,,,,,,
2014-08-04,8.075,8.075,8.075,8.075,0,0.0,,,,,,,,
2014-08-05,8.075,8.075,8.075,8.075,0,0.0,,,,,,,,
2014-08-06,8.075,8.075,8.075,8.075,0,0.0,,,,,,,,
2014-08-07,8.075,8.075,8.075,8.075,0,0.0,,,,,,,,
2014-08-08,8.075,8.075,8.075,8.075,0,0.0,,,,,,,,
2014-08-11,8.075,8.075,8.075,8.075,0,0.0,,,,,,,,
2014-08-12,8.075,8.075,8.075,8.075,0,0.0,,,,,,,,
2014-08-13,8.075,8.075,8.075,8.075,0,0.0,,,,,,,,
2014-08-14,8.075,8.075,8.075,8.075,0,0.0,,,,,,,,
2014-08-15,8.075,8.075,8.075,8.075,100,807.4999999999999,,,,,,,,
2014-08-18,8.075,8.075,8.075,8.075,0,0.0,,,,,,,,
2014-08-19,8.075,8.075,8.075,8.075,0,0.0,,,,,,,,
2014-08-20,8.075,8.075,8.075,8.075,0,0.0,,,,,,,,
2014-08-21,8.075,8.075,8.075,8.075,0,0.0,,,,,,,,
2014-08-22,8.075,8.075,8.075,8.075,500,4037.5,,,,,,,,
2014-08-25,8.075,8.075,8.075,8.075,0,0.0,,,,,,,,
2014-08-26,8.075,8.075,8.075,8.075,0,0.0,,,,,,,,
2014-08-27,8.075,8.075,8.075,8.075,0,0.0,,,,,,,,
2014-08-28,8.075,8.075,8.075,8.075,0,0.0,,,,,,,,
2014-08-29,8.075,8.075,8.075,8.075,0,0.0,,,,,,,,
2014-09-03,8.075,8.075,8.075,8.075,0,0.0,,,,,,,,
2014-09-04,8.075,8.075,8.075,8.075,0,0.0,,,,,,,,
2014-09-05,8.142,8.142,8.097,8.097,1500,12145.5,,,,,,,,
2014-09-08,8.097,8.097,8.097,8.097,0,0.0,,,,,,,,
2014-09-09,8.097,8.097,8.097,8.097,0,0.0,,,,,,,,
2014-09-10,7.29,8.097,7.29,8.097,200,1619.4,,,,,,,,
2014-09-11,8.097,8.097,8.097,8.097,0,0.0,,,,,,,,
2014-09-12,8.097,8.097,8.097,8.097,0,0.0,,,,,,,,
2014-09-15,8.097,8.097,8.097,8.097,0,0.0,,,,,,,,
2014-09-16,8.097,8.097,8.097,8.097,0,0.0,,,,,,,,
2014-09-17,8.097,8.097,8.097,8.097,1000,8096.999999999999,,,,,,,,
2014-09-18,8.097,8.097,8.097,8.097,0,0.0,,,,,,,,
2014-09-19,8.097,8.097,8.097,8.097,0,0.0,,,,,,,,
2014-09-22,8.097,8.097,8.097,8.097,0,0.0,,,,,,,,
2014-09-23,8.097,8.097,8.097,8.097,0,0.0,,,,,,,,
2014-09-24,8.097,8.097,8.097,8.097,0,0.0,,,,,,,,
2014-09-25,8.097,8.097,8.097,8.097,0,0.0,,,,,,,,
2014-09-26,7.85,7.85,7.514,7.626,3600,27453.6,,,,,,,,
2014-09-29,7.626,7.626,7.626,7.626,0,0.0,,,,,,,,
2014-09-30,7.626,7.626,7.626,7.626,0,0.0,,,,,,,,
2014-10-01,7.85,7.85,7.85,7.85,100,785.0,,,,,,,,
2014-10-02,7.626,7.626,7.626,7.626,1000,7626.0,,,,,,,,
2014-10-03,7.626,7.626,7.626,7.626,0,0.0,,,,,,,,
2014-10-06,7.514,7.514,7.514,7.514,300,2254.2000000000003,,,,,,,,
2014-10-07,7.514,7.514,7.514,7.514,0,0.0,,,,,,,,
2014-10-08,7.514,7.514,7.514,7.514,0,0.0,,,,,,,,
2014-10-09,7.626,7.626,7.626,7.626,5900,44993.4,,,,,,,,
2014-10-10,7.626,7.626,7.626,7.626,1100,8388.6,,,,,,,,
2014-10-13,7.626,7.626,7.626,7.626,0,0.0,,,,,,,,
2014-10-14,7.581,7.581,7.581,7.581,900,6822.900000000001,,,,,,,,
2014-10-15,7.604,7.604,7.604,7.604,3000,22812.0,,,,,,,,
2014-10-16,7.604,7.604,7.604,7.604,0,0.0,,,,,,,,
2014-10-17,7.604,7.604,7.604,7.604,0,0.0,,,,,,,,
2014-10-20,7.604,7.604,7.604,7.604,0,0.0,,,,,,,,
2014-10-21,7.604,7.604,7.604,7.604,0,0.0,,,,,,,,
2014-10-22,7.604,7.604,7.604,7.604,0,0.0,,,,,,,,
2014-10-23,7.604,7.604,7.604,7.604,0,0.0,,,,,,,,
2014-10-24,7.604,7.604,7.604,7.604,0,0.0,,,,,,,,
2014-10-27,7.604,7.604,7.604,7.604,0,0.0,,,,,,,,
2014-10-28,7.604,7.604,7.604,7.604,0,0.0,,,,,,,,
2014-10-29,7.604,7.604,7.604,7.604,0,0.0,,,,,,,,
2014-10-30,7.604,7.604,7.604,7.604,0,0.0,,,,,,,,
2014-10-31,7.604,7.604,7.604,7.604,0,0.0,,,,,,,,
2014-11-03,7.604,7.604,7.604,7.604,0,0.0,,,,,,,,
2014-11-04,7.604,7.604,7.604,7.604,0,0.0,,,,,,,,
2014-11-05,7.604,7.604,7.604,7.604,0,0.0,,,,,,,,
2014-11-06,7.604,7.604,7.604,7.604,0,0.0,,,,,,,,
2014-11-07,7.604,7.604,7.604,7.604,0,0.0,,,,,,,,
2014-11-10,7.604,7.604,7.604,7.604,0,0.0,,,,,,,,
2014-11-11,7.604,7.604,7.604,7.604,0,0.0,,,,,,,,
2014-11-12,7.604,7.604,7.604,7.604,2000,15208.0,,,,,,,,
2014-11-13,7.604,7.604,7.604,7.604,0,0.0,,,,,,,,
2014-11-14,7.604,7.604,7.604,7.604,0,0.0,,,,,,,,
2014-11-17,7.604,7.604,7.604,7.604,0,0.0,,,,,,,,
2014-11-18,7.604,7.604,7.604,7.604,0,0.0,,,,,,,,
2014-11-19,7.604,7.604,7.604,7.604,0,0.0,,,,,,,,
2014-11-20,7.604,7.604,7.604,7.604,0,0.0,,,,,,,,
2014-11-21,7.604,7.604,7.604,7.604,0,0.0,,,,,,,,
2014-11-24,7.604,7.604,7.604,7.604,0,0.0,,,,,,,,
2014-11-25,7.604,7.604,7.604,7.604,0,0.0,,,,,,,,
2014-11-26,7.604,7.604,7.604,7.604,0,0.0,,,,,,,,
2014-11-27,7.604,7.604,7.604,7.604,0,0.0,,,,,,,,
2014-11-28,7.604,7.604,7.604,7.604,0,0.0,,,,,,,,
2014-12-01,7.604,7.604,7.604,7.604,0,0.0,,,,,,,,
2014-12-02,7.604,7.604,7.604,7.604,0,0.0,,,,,,,,
2014-12-03,7.604,7.604,7.604,7.604,0,0.0,,,,,,,,
2014-12-04,7.604,7.604,7.604,7.604,0,0.0,,,,,,,,
2014-12-05,7.604,7.604,7.604,7.604,0,0.0,,,,,,,,
2014-12-08,7.604,7.604,7.604,7.604,0,0.0,,,,,,,,
2014-12-09,7.604,7.604,7.604,7.604,0,0.0,,,,,,,,
2014-12-10,7.604,7.604,7.604,7.604,0,0.0,,,,,,,,
2014-12-11,7.604,7.604,7.604,7.604,0,0.0,,,,,,,,
2014-12-12,7.604,7.604,7.604,7.604,0,0.0,,,,,,,,
2014-12-15,7.604,7.604,7.604,7.604,0,0.0,,,,,,,,
2014-12-16,7.604,7.604,7.604,7.604,0,0.0,,,,,,,,
2014-12-17,7.604,7.604,7.604,7.604,0,0.0,,,,,,,,
2014-12-18,7.604,7.604,7.604,7.604,0,0.0,,,,,,,,
2014-12-19,7.604,7.604,7.604,7.604,0,0.0,,,,,,,,
2014-12-22,7.604,7.604,7.604,7.604,0,0.0,,,,,,,,
2014-12-23,7.604,7.604,7.604,7.604,0,0.0,,,,,,,,
2014-12-24,7.604,7.604,7.604,7.604,100,760.4,,,,,,,,
2014-12-25,7.604,7.604,7.604,7.604,0,0.0,,,,,,,,
2014-12-26,7.604,7.604,7.604,7.604,0,0.0,,,,,,,,
2014-12-29,7.604,7.604,7.604,7.604,0,0.0,,,,,,,,
2014-12-30,7.604,7.604,7.604,7.604,0,0.0,,,,,,,,
2014-12-31,7.604,7.604,7.604,7.604,0,0.0,,,,,,,,
2015-01-05,7.604,7.604,7.604,7.604,0,0.0,,,,,,,,
2015-01-06,7.604,7.604,7.604,7.604,0,0.0,,,,,,,,
2015-01-07,7.604,7.604,7.604,7.604,0,0.0,,,,,,,,
2015-01-08,7.604,7.604,7.604,7.604,0,0.0,,,,,,,,
2015-01-09,7.604,7.604,7.604,7.604,0,0.0,,,,,,,,
2015-01-12,7.604,7.604,7.604,7.604,0,0.0,,,,,,,,
2015-01-13,7.604,7.604,7.604,7.604,0,0.0,,,,,,,,
2015-01-14,7.402,7.402,7.402,7.402,200,1480.4,,,,,,,,
2015-01-15,7.402,7.402,7.402,7.402,0,0.0,,,,,,,,
2015-01-16,7.402,7.402,7.402,7.402,0,0.0,,,,,,,,
2015-01-19,7.402,7.402,7.402,7.402,200,1480.4,,,,,,,,
2015-01-20,7.402,7.402,7.402,7.402,2000,14804.0,,,,,,,,
2015-01-21,7.402,7.402,7.402,7.402,1000,7402.0,,,,,,,,
2015-01-22,7.402,7.402,7.402,7.402,2100,15544.2,,,,,,,,
2015-01-23,7.402,7.402,7.402,7.402,0,0.0,,,,,,,,
2015-01-26,7.402,7.402,7.402,7.402,0,0.0,,,,,,,,
2015-01-27,7.402,7.402,7.402,7.402,0,0.0,,,,,,,,
2015-01-28,7.402,7.402,7.402,7.402,0,0.0,,,,,,,,
2015-01-29,7.402,7.402,7.402,7.402,0,0.0,,,,,,,,
2015-01-30,7.402,7.402,7.402,7.402,87,643.974,,,,,,,,
2015-02-02,7.402,7.402,7.402,7.402,0,0.0,,,,,,,,
2015-02-03,7.402,7.402,7.402,7.402,0,0.0,,,,,,,,
2015-02-04,7.402,7.402,7.402,7.402,0,0.0,,,,,,,,
2015-02-05,7.402,7.402,7.402,7.402,87,643.974,,,,,,,,
2015-02-06,7.402,7.402,7.402,7.402,13,96.226,,,,,,,,
2015-02-09,7.402,7.402,7.402,7.402,0,0.0,,,,,,,,
2015-02-10,7.402,7.402,7.402,7.402,0,0.0,,,,,,,,
2015-02-11,7.402,7.402,7.402,7.402,0,0.0,,,,,,,,
2015-02-12,7.402,7.402,7.402,7.402,0,0.0,,,,,,,,
2015-02-13,6.729,6.729,6.707,6.707,13500,90544.5,,,,,,,,
2015-02-24,6.707,6.707,6.707,6.707,0,0.0,,,,,,,,
2015-02-25,6.707,6.707,6.707,6.707,0,0.0,,,,,,,,
2015-02-26,6.729,6.729,6.729,6.729,3200,21532.8,,,,,,,,
2015-02-27,6.729,6.729,6.729,6.729,0,0.0,,,,,,,,
2015-03-02,6.729,6.729,6.729,6.729,187,1258.323,,,,,,,,
2015-03-03,6.729,6.729,6.729,6.729,0,0.0,,,,,,,,
2015-03-04,6.729,6.729,6.729,6.729,0,0.0,,,,,,,,
2015-03-05,6.729,6.729,6.729,6.729,100,672.9,,,,,,,,
2015-03-06,6.729,6.729,6.729,6.729,0,0.0,,,,,,,,
2015-03-09,6.729,6.729,6.729,6.729,0,0.0,,,,,,,,
2015-03-10,6.729,6.729,6.729,6.729,500,3364.5,,,,,,,,
2015-03-11,6.056,6.056,6.056,6.056,100,605.6,,,,,,,,
2015-03-12,6.056,6.056,6.056,6.056,0,0.0,,,,,,,,
2015-03-13,6.46,6.46,6.46,6.46,400,2584.0,,,,,,,,
2015-03-16,6.46,6.46,6.46,6.46,0,0.0,,,,,,,,
2015-03-17,6.46,6.46,6.46,6.46,0,0.0,,,,,,,,
2015-03-18,6.46,6.46,6.46,6.46,0,0.0,,,,,,,,
2015-03-19,6.46,6.46,6.46,6.46,100,646.0,,,,,,,,
2015-03-20,6.46,6.46,6.46,6.46,0,0.0,,,,,,,,
2015-03-23,7.088,7.088,7.088,7.088,100,708.8,,,,,,,,
2015-03-24,7.088,7.088,7.088,7.088,80,567.04,,,,,,,,
2015-03-25,7.088,7.088,7.088,7.088,0,0.0,,,,,,,,
2015-03-26,7.088,7.088,7.088,7.088,0,0.0,,,,,,,,
2015-03-27,7.088,7.088,7.088,7.088,0,0.0,,,,,,,,
2015-03-30,7.088,7.088,7.088,7.088,0,0.0,,,,,,,,
2015-03-31,7.088,7.088,7.088,7.088,0,0.0,,,,,,,,
2015-04-01,7.088,7.088,7.088,7.088,0,0.0,,,,,,,,
2015-04-02,7.088,7.088,7.088,7.088,0,0.0,,,,,,,,
2015-04-03,7.088,7.088,7.088,7.088,0,0.0,,,,,,,,
2015-04-06,7.088,7.088,7.088,7.088,0,0.0,,,,,,,,
2015-04-07,7.088,7.088,7.088,7.088,0,0.0,,,,,,,,
2015-04-08,7.088,7.088,7.088,7.088,0,0.0,,,,,,,,
2015-04-09,7.088,7.088,7.088,7.088,0,0.0,,,,,,,,
2015-04-10,7.088,7.088,7.088,7.088,0,0.0,,,,,,,,
2015-04-13,7.088,7.088,7.088,7.088,0,0.0,,,,,,,,
2015-04-14,6.729,6.729,6.393,6.393,1750,11187.75,,,,,,,,
2015-04-15,6.393,6.393,6.393,6.393,0,0.0,,,,,,,,
2015-04-16,6.393,6.393,6.393,6.393,0,0.0,,,,,,,,
2015-04-17,6.393,6.393,6.393,6.393,0,0.0,,,,,,,,
2015-04-20,6.393,6.393,6.393,6.393,0,0.0,,,,,,,,
2015-04-21,6.393,6.393,6.393,6.393,0,0.0,,,,,,,,
2015-04-22,6.393,6.393,6.393,6.393,0,0.0,,,,,,,,
2015-04-23,6.393,6.393,6.393,6.393,0,0.0,,,,,,,,
2015-04-24,6.55,6.55,6.55,6.55,1000,6550.0,,,,,,,,
2015-04-27,6.55,6.55,6.55,6.55,0,0.0,,,,,,,,
2015-05-04,6.572,6.572,6.572,6.572,2000,13144.0,,,,,,,,
2015-05-05,6.572,6.572,6.572,6.572,0,0.0,,,,,,,,
2015-05-06,6.572,6.572,6.572,6.572,0,0.0,,,,,,,,
2015-05-07,6.617,6.617,6.617,6.617,500,3308.5,,,,,,,,
2015-05-08,6.617,6.617,6.617,6.617,0,0.0,,,,,,,,
2015-05-11,6.617,6.617,6.617,6.617,0,0.0,,,,,,,,
2015-05-12,6.617,6.617,6.617,6.617,0,0.0,,,,,,,,
2015-05-13,6.617,6.617,6.617,6.617,0,0.0,,,,,,,,
2015-05-14,6.617,6.617,6.617,6.617,0,0.0,,,,,,,,
2015-05-15,6.617,6.617,6.617,6.617,0,0.0,,,,,,,,
2015-05-18,6.572,6.572,6.572,6.572,300,1971.6,,,,,,,,
2015-05-19,7.209,7.209,7.209,7.209,1000,7209.0,,,,,,,,
2015-05-20,7.185,7.185,7.185,7.185,1500,10777.5,,,,,,,,
2015-05-21,7.185,7.185,7.185,7.185,0,0.0,,,,,,,,
2015-05-22,7.185,7.185,7.185,7.185,1000,7185.0,,,,,,,,
2015-05-25,7.185,7.185,7.185,7.185,0,0.0,,,,,,,,
2015-05-26,7.185,7.185,7.185,7.185,0,0.0,,,,,,,,
2015-05-27,6.572,6.572,6.572,6.572,3000,19716.0,,,,,,,,
2015-05-28,6.376,6.376,6.376,6.376,2000,12752.0,,,,,,,,
2015-05-29,6.376,6.376,6.376,6.376,0,0.0,,,,,,,,
2015-06-01,6.376,6.376,6.376,6.376,0,0.0,,,,,,,,
2015-06-02,6.376,6.376,6.376,6.376,0,0.0,,,,,,,,
2015-06-03,6.376,6.376,6.376,6.376,0,0.0,,,,,,,,
2015-06-04,6.376,6.376,6.376,6.376,0,0.0,,,,,,,,
2015-06-05,6.376,6.376,6.376,6.376,0,0.0,,,,,,,,
2015-06-08,6.376,6.376,6.376,6.376,0,0.0,,,,,,,,
2015-06-09,6.376,6.376,6.376,6.376,0,0.0,,,,,,,,
2015-06-10,6.376,6.376,6.376,6.376,0,0.0,,,,,,,,
2015-06-11,6.376,6.376,6.376,6.376,0,0.0,,,,,,,,
2015-06-12,6.376,6.376,6.376,6.376,0,0.0,,,,,,,,
2015-06-15,6.253,6.253,6.253,6.253,1000,6253.0,,,,,,,,
2015-06-16,6.253,6.253,6.253,6.253,0,0.0,,,,,,,,
2015-06-17,6.253,6.253,6.253,6.253,0,0.0,,,,,,,,
2015-06-18,6.253,6.253,6.253,6.253,0,0.0,,,,,,,,
2015-06-19,6.253,6.253,6.253,6.253,0,0.0,,,,,,,,
2015-06-22,6.253,6.253,6.253,6.253,0,0.0,,,,,,,,
2015-06-23,6.253,6.253,6.253,6.253,0,0.0,,,,,,,,
2015-06-24,6.253,6.253,6.253,6.253,0,0.0,,,,,,,,
2015-06-25,6.253,6.253,6.253,6.253,0,0.0,,,,,,,,
2015-06-26,6.253,6.253,6.253,6.253,0,0.0,,,,,,,,
2015-06-29,6.253,6.253,6.253,6.253,0,0.0,,,,,,,,
2015-06-30,6.253,6.253,6.253,6.253,0,0.0,,,,,,,,
2015-07-01,6.253,6.253,6.253,6.253,0,0.0,,,,,,,,
2015-07-02,6.253,6.253,6.253,6.253,0,0.0,,,,,,,,
2015-07-03,6.253,6.253,6.253,6.253,0,0.0,,,,,,,,
2015-07-06,6.253,6.253,6.253,6.253,0,0.0,,,,,,,,
2015-07-07,6.253,6.253,6.253,6.253,0,0.0,,,,,,,,
2015-07-08,6.253,6.253,6.253,6.253,0,0.0,,,,,,,,
2015-07-09,6.253,6.253,6.253,6.253,0,0.0,,,,,,,,
2015-07-10,6.253,6.253,6.253,6.253,0,0.0,,,,,,,,
2015-07-13,6.253,6.253,6.253,6.253,0,0.0,,,,,,,,
2015-07-14,6.253,6.253,6.253,6.253,0,0.0,,,,,,,,
2015-07-15,6.253,6.253,6.253,6.253,0,0.0,,,,,,,,
2015-07-16,6.253,6.253,6.253,6.253,0,0.0,,,,,,,,
2015-07-17,6.253,6.253,6.253,6.253,0,0.0,,,,,,,,
2015-07-20,6.253,6.253,6.253,6.253,0,0.0,,,,,,,,
2015-07-21,6.253,6.253,6.253,6.253,0,0.0,,,,,,,,
2015-07-22,6.253,6.253,6.253,6.253,0,0.0,,,,,,,,
2015-07-23,6.253,6.253,6.253,6.253,0,0.0,,,,,,,,
2015-07-24,6.253,6.253,6.253,6.253,0,0.0,,,,,,,,
2015-07-27,6.253,6.253,6.253,6.253,0,0.0,,,,,,,,
2015-07-28,6.253,6.253,6.253,6.253,0,0.0,,,,,,,,
2015-07-29,6.253,6.253,6.253,6.253,0,0.0,,,,,,,,
2015-07-30,6.253,6.253,6.253,6.253,500,3126.5,,,,,,,,
2015-07-31,6.253,6.253,6.253,6.253,0,0.0,,,,,,,,
2015-08-03,6.253,6.253,6.253,6.253,0,0.0,,,,,,,,
2015-08-04,6.253,6.253,6.253,6.253,1000,6253.0,,,,,,,,
2015-08-05,6.253,6.253,6.253,6.253,1500,9379.5,,,,,,,,
2015-08-06,6.253,6.253,6.253,6.253,0,0.0,,,,,,,,
2015-08-07,6.253,6.253,6.253,6.253,0,0.0,,,,,,,,
2015-08-10,6.253,6.253,6.253,6.253,0,0.0,,,,,,,,
2015-08-11,6.253,6.253,6.253,6.253,0,0.0,,,,,,,,
2015-08-12,6.253,6.253,6.253,6.253,0,0.0,,,,,,,,
2015-08-13,6.253,6.253,6.253,6.253,0,0.0,,,,,,,,
2015-08-14,5.664,5.664,5.664,5.664,2500,14160.0,,,,,,,,
2015-08-17,5.664,5.664,5.664,5.664,0,0.0,,,,,,,,
2015-08-18,5.664,5.664,5.664,5.664,0,0.0,,,,,,,,
2015-08-19,5.664,5.664,5.664,5.664,0,0.0,,,,,,,,
2015-08-20,5.664,5.664,5.664,5.664,0,0.0,,,,,,,,
2015-08-21,5.664,5.664,5.664,5.664,0,0.0,,,,,,,,
2015-08-24,5.664,5.664,5.664,5.664,0,0.0,,,,,,,,
2015-08-25,5.664,5.664,5.664,5.664,0,0.0,,,,,,,,
2015-08-26,5.664,5.664,5.664,5.664,0,0.0,,,,,,,,
2015-08-27,5.664,5.664,5.664,5.664,0,0.0,,,,,,,,
2015-08-28,5.664,5.664,5.664,5.664,0,0.0,,,,,,,,
2015-08-31,5.664,5.664,5.664,5.664,0,0.0,,,,,,,,
2015-09-01,5.664,5.664,5.664,5.664,0,0.0,,,,,,,,
2015-09-03,5.664,5.664,5.664,5.664,0,0.0,,,,,,,,
2015-09-04,5.664,5.664,5.664,5.664,0,0.0,,,,,,,,
2015-09-07,5.664,5.664,5.664,5.664,0,0.0,,,,,,,,
2015-09-08,5.664,5.664,5.664,5.664,0,0.0,,,,,,,,
2015-09-09,5.664,5.664,5.664,5.664,0,0.0,,,,,,,,
2015-09-10,5.664,5.664,5.664,5.664,0,0.0,,,,,,,,
2015-09-11,5.664,5.664,5.664,5.664,0,0.0,,,,,,,,
2015-09-14,5.664,5.664,5.664,5.664,0,0.0,,,,,,,,
2015-09-15,5.664,5.664,5.664,5.664,0,0.0,,,,,,,,
2015-09-16,5.664,5.664,5.664,5.664,0,0.0,,,,,,,,
2015-09-17,5.664,5.664,5.664,5.664,0,0.0,,,,,,,,
2015-09-18,5.664,5.664,5.664,5.664,100,566.4,,,,,,,,
2015-09-21,5.664,5.664,5.664,5.664,0,0.0,,,,,,,,
2015-09-22,5.664,5.664,5.664,5.664,0,0.0,,,,,,,,
2015-09-23,5.664,5.664,5.664,5.664,0,0.0,,,,,,,,
2015-09-24,5.664,5.664,5.664,5.664,0,0.0,,,,,,,,
2015-09-25,5.664,5.664,5.664,5.664,0,0.0,,,,,,,,
2015-09-28,5.664,5.664,5.664,5.664,0,0.0,,,,,,,,
2015-09-29,5.664,5.664,5.664,5.664,0,0.0,,,,,,,,
2015-09-30,5.15,5.15,5.15,5.15,4000,20600.0,,,,,,,,
2015-10-01,5.15,5.15,5.15,5.15,0,0.0,,,,,,,,
2015-10-02,5.15,5.15,5.15,5.15,0,0.0,,,,,,,,
2015-10-05,5.15,5.15,5.15,5.15,2000,10300.0,,,,,,,,
2015-10-06,4.904,4.904,4.904,4.904,500,2452.0,,,,,,,,
2015-10-07,4.659,4.659,4.659,4.659,2000,9318.0,,,,,,,,
2015-10-08,4.659,4.659,4.659,4.659,0,0.0,,,,,,,,
2015-10-09,4.659,4.659,4.659,4.659,0,0.0,,,,,,,,
2015-10-12,4.659,4.659,4.659,4.659,0,0.0,,,,,,,,
2015-10-13,4.659,4.659,4.659,4.659,0,0.0,,,,,,,,
2015-10-14,4.659,4.659,4.659,4.659,0,0.0,,,,,,,,
2015-10-15,4.659,4.659,4.659,4.659,0,0.0,,,,,,,,
2015-10-16,4.659,4.659,4.659,4.659,0,0.0,,,,,,,,
2015-10-19,4.659,4.659,4.659,4.659,0,0.0,,,,,,,,
2015-10-20,4.659,4.659,4.659,4.659,0,0.0,,,,,,,,
2015-10-21,4.659,4.659,4.659,4.659,0,0.0,,,,,,,,
2015-10-22,4.659,4.659,4.659,4.659,0,0.0,,,,,,,,
2015-10-23,4.659,4.659,4.659,4.659,0,0.0,,,,,,,,
2015-10-26,4.659,4.659,4.659,4.659,0,0.0,,,,,,,,
2015-10-27,4.659,4.659,4.659,4.659,0,0.0,,,,,,,,
2015-10-28,4.659,4.659,4.659,4.659,0,0.0,,,,,,,,
2015-10-29,4.659,4.659,4.659,4.659,0,0.0,,,,,,,,
2015-10-30,4.659,4.659,4.659,4.659,0,0.0,,,,,,,,
2015-11-02,4.659,4.659,4.659,4.659,0,0.0,,,,,,,,
2015-11-03,4.659,4.659,4.659,4.659,0,0.0,,,,,,,,
2015-11-04,4.659,4.659,4.659,4.659,0,0.0,,,,,,,,
2015-11-05,4.659,4.659,4.659,4.659,0,0.0,,,,,,,,
2015-11-06,4.659,4.659,4.659,4.659,0,0.0,,,,,,,,
2015-11-09,4.659,4.659,4.659,4.659,0,0.0,,,,,,,,
2015-11-10,4.659,4.659,4.659,4.659,0,0.0,,,,,,,,
2015-11-11,4.659,4.659,4.659,4.659,0,0.0,,,,,,,,
2015-11-12,4.659,4.659,4.659,4.659,0,0.0,,,,,,,,
2015-11-13,4.659,4.659,4.659,4.659,0,0.0,,,,,,,,
2015-11-16,5.125,5.125,5.125,5.125,100,512.5,,,,,,,,
2015-11-17,5.125,5.125,5.125,5.125,0,0.0,,,,,,,,
2015-11-18,5.125,5.125,5.125,5.125,0,0.0,,,,,,,,
2015-11-19,5.125,5.125,5.125,5.125,0,0.0,,,,,,,,
2015-11-20,5.125,5.125,5.125,5.125,0,0.0,,,,,,,,
2015-11-23,5.125,5.125,5.125,5.125,0,0.0,,,,,,,,
2015-11-24,5.125,5.125,5.125,5.125,0,0.0,,,,,,,,
2015-11-25,5.125,5.125,5.125,5.125,0,0.0,,,,,,,,
2015-11-26,5.125,5.125,5.125,5.125,0,0.0,,,,,,,,
2015-11-27,5.125,5.125,5.125,5.125,0,0.0,,,,,,,,
2015-11-30,5.125,5.125,5.125,5.125,0,0.0,,,,,,,,
2015-12-01,5.125,5.125,5.125,5.125,0,0.0,,,,,,,,
2015-12-02,5.125,5.125,5.125,5.125,0,0.0,,,,,,,,
2015-12-03,5.125,5.125,5.125,5.125,0,0.0,,,,,,,,
2015-12-04,5.125,5.125,5.125,5.125,0,0.0,,,,,,,,
2015-12-07,5.125,5.125,5.125,5.125,0,0.0,,,,,,,,
2015-12-08,5.125,5.125,5.125,5.125,0,0.0,,,,,,,,
2015-12-09,5.125,5.125,5.125,5.125,0,0.0,,,,,,,,
2015-12-10,5.125,5.125,5.125,5.125,0,0.0,,,,,,,,
2015-12-11,5.125,5.125,5.125,5.125,0,0.0,,,,,,,,
2015-12-14,5.125,5.125,5.125,5.125,0,0.0,,,,,,,,
2015-12-15,5.125,5.125,5.125,5.125,0,0.0,,,,,,,,
2015-12-16,5.125,5.125,5.125,5.125,0,0.0,,,,,,,,
2015-12-17,5.125,5.125,5.125,5.125,0,0.0,,,,,,,,
2015-12-18,5.125,5.125,5.125,5.125,0,0.0,,,,,,,,
2015-12-21,5.027,5.027,4.904,4.904,7000,34328.0,,,,,,,,
2015-12-22,4.904,4.904,4.904,4.904,0,0.0,,,,,,,,
2015-12-23,4.904,4.904,4.904,4.904,0,0.0,,,,,,,,
2015-12-24,4.904,4.904,4.904,4.904,0,0.0,,,,,,,,
2015-12-25,4.904,4.904,4.904,4.904,0,0.0,,,,,,,,
2015-12-28,4.904,4.904,4.904,4.904,0,0.0,,,,,,,,
2015-12-29,4.904,4.904,4.904,4.904,0,0.0,,,,,,,,
2015-12-30,4.904,4.904,4.904,4.904,0,0.0,,,,,,,,
2015-12-31,4.659,4.659,4.659,4.659,100,465.9,,,,,,,,
2016-01-04,4.659,4.659,4.659,4.659,0,0.0,,,,,,,,
2016-01-05,4.659,4.659,4.659,4.659,0,0.0,,,,,,,,
2016-01-06,4.659,4.659,4.659,4.659,0,0.0,,,,,,,,
2016-01-07,4.659,4.659,4.659,4.659,0,0.0,,,,,,,,
2016-01-08,4.659,4.659,4.659,4.659,1000,4659.0,,,,,,,,
2016-01-11,4.659,4.659,4.659,4.659,5000,23295.0,,,,,,,,
2016-01-12,4.659,4.659,4.659,4.659,0,0.0,,,,,,,,
2016-01-13,4.659,4.659,4.659,4.659,3000,13977.0,,,,,,,,
2016-01-14,4.659,4.659,4.659,4.659,5000,23295.0,,,,,,,,
2016-01-15,4.659,4.659,4.659,4.659,0,0.0,,,,,,,,
2016-01-18,4.659,4.659,4.659,4.659,0,0.0,,,,,,,,
2016-01-19,4.659,4.659,4.659,4.659,0,0.0,,,,,,,,
2016-01-20,4.659,4.659,4.659,4.659,0,0.0,,,,,,,,
2016-01-21,4.659,4.659,4.659,4.659,5000,23295.0,,,,,,,,
2016-01-22,4.659,4.659,4.659,4.659,1300,6056.7,,,,,,,,
2016-01-25,4.659,4.659,4.659,4.659,0,0.0,,,,,,,,
2016-01-26,4.659,4.659,4.659,4.659,0,0.0,,,,,,,,
2016-01-27,4.659,4.659,4.659,4.659,0,0.0,,,,,,,,
2016-01-28,4.659,4.659,4.659,4.659,0,0.0,,,,,,,,
2016-01-29,4.659,4.659,4.659,4.659,0,0.0,,,,,,,,
2016-02-01,4.659,4.659,4.659,4.659,0,0.0,,,,,,,,
2016-02-02,4.659,4.659,4.659,4.659,0,0.0,,,,,,,,
2016-02-03,4.659,4.659,4.659,4.659,0,0.0,,,,,,,,
2016-02-04,4.659,4.659,4.659,4.659,0,0.0,,,,,,,,
2016-02-05,4.659,4.659,4.659,4.659,0,0.0,,,,,,,,
2016-02-15,4.659,4.659,4.659,4.659,0,0.0,,,,,,,,
2016-02-16,4.659,4.659,4.659,4.659,0,0.0,,,,,,,,
2016-02-17,4.659,4.659,4.659,4.659,0,0.0,,,,,,,,
2016-02-18,4.659,4.659,4.659,4.659,0,0.0,,,,,,,,
2016-02-19,4.659,4.659,4.659,4.659,0,0.0,,,,,,,,
2016-02-22,4.659,4.659,4.659,4.659,0,0.0,,,,,,,,
2016-02-23,4.708,5.027,4.708,5.027,1100,5529.7,,,,,,,,
2016-02-24,5.027,5.027,5.027,5.027,0,0.0,,,,,,,,
2016-02-25,5.027,5.027,5.027,5.027,0,0.0,,,,,,,,
2016-02-26,5.027,5.027,5.027,5.027,0,0.0,,,,,,,,
2016-02-29,5.027,5.027,5.027,5.027,0,0.0,,,,,,,,
2016-03-01,5.027,5.027,5.027,5.027,0,0.0,,,,,,,,
2016-03-02,5.027,5.027,5.027,5.027,0,0.0,,,,,,,,
2016-03-03,5.15,5.15,5.15,5.15,100,515.0,,,,,,,,
2016-03-04,5.272,5.395,5.272,5.395,1000,5395.0,,,,,,,,
2016-03-07,5.395,5.395,5.395,5.395,0,0.0,,,,,,,,
2016-03-08,5.395,5.395,5.395,5.395,0,0.0,,,,,,,,
2016-03-09,5.395,5.395,5.395,5.395,0,0.0,,,,,,,,
2016-03-10,5.395,5.395,5.395,5.395,0,0.0,,,,,,,,
2016-03-11,5.395,5.395,5.395,5.395,0,0.0,,,,,,,,
2016-03-14,5.395,5.395,5.395,5.395,0,0.0,,,,,,,,
2016-03-15,5.395,5.395,5.395,5.395,0,0.0,,,,,,,,
2016-03-16,5.395,5.395,5.395,5.395,0,0.0,,,,,,,,
2016-03-17,5.395,5.395,5.395,5.395,0,0.0,,,,,,,,
2016-03-18,5.395,5.395,5.395,5.395,0,0.0,,,,,,,,
2016-03-21,5.395,5.395,5.395,5.395,0,0.0,,,,,,,,
2016-03-22,5.395,5.395,5.395,5.395,0,0.0,,,,,,,,
2016-03-23,5.395,5.395,5.395,5.395,0,0.0,,,,,,,,
2016-03-24,5.395,5.395,5.395,5.395,0,0.0,,,,,,,,
2016-03-25,5.395,5.395,5.395,5.395,0,0.0,,,,,,,,
2016-03-28,5.395,5.395,5.395,5.395,0,0.0,,,,,,,,
2016-03-29,5.395,5.395,5.395,5.395,0,0.0,,,,,,,,
2016-03-30,5.395,5.395,5.395,5.395,0,0.0,,,,,,,,
2016-03-31,5.395,5.395,5.395,5.395,0,0.0,,,,,,,,
2016-04-01,5.395,5.395,5.395,5.395,0,0.0,,,,,,,,
2016-04-04,5.395,5.395,5.395,5.395,0,0.0,,,,,,,,
2016-04-05,5.395,5.395,5.395,5.395,0,0.0,,,,,,,,
2016-04-06,5.395,5.395,5.395,5.395,0,0.0,,,,,,,,
2016-04-07,5.395,5.395,5.395,5.395,0,0.0,,,,,,,,
2016-04-08,5.395,5.395,5.395,5.395,0,0.0,,,,,,,,
2016-04-11,5.395,5.395,5.395,5.395,0,0.0,,,,,,,,
2016-04-12,5.395,5.395,5.395,5.395,0,0.0,,,,,,,,
2016-04-13,5.395,5.395,5.395,5.395,0,0.0,,,,,,,,
2016-04-14,5.395,5.395,5.395,5.395,0,0.0,,,,,,,,
2016-04-15,5.37,5.37,5.37,5.37,100,537.0,,,,,,,,
2016-04-19,5.37,5.37,5.37,5.37,0,0.0,,,,,,,,
2016-04-20,5.37,5.37,5.37,5.37,30,161.1,,,,,,,,
2016-04-21,5.37,5.37,5.37,5.37,0,0.0,,,,,,,,
2016-04-22,5.37,5.37,5.37,5.37,0,0.0,,,,,,,,
2016-04-25,5.37,5.37,5.37,5.37,30,161.1,,,,,,,,
2016-04-26,5.37,5.37,5.37,5.37,0,0.0,,,,,,,,
2016-04-27,5.395,5.395,5.395,5.395,5000,26975.0,,,,,,,,
2016-04-28,5.395,5.395,5.395,5.395,30,161.85,,,,,,,,
2016-04-29,5.395,5.395,5.395,5.395,0,0.0,,,,,,,,
2016-05-04,5.395,5.395,5.395,5.395,900,4855.5,,,,,,,,
2016-05-05,5.395,5.395,5.395,5.395,0,0.0,,,,,,,,
2016-05-06,5.395,5.395,5.395,5.395,30,161.85,,,,,,,,
2016-05-09,5.395,5.395,5.395,5.395,0,0.0,,,,,,,,
2016-05-10,5.395,5.395,5.395,5.395,0,0.0,,,,,,,,
2016-05-11,5.395,5.395,5.395,5.395,0,0.0,,,,,,,,
2016-05-12,5.395,5.395,5.395,5.395,0,0.0,,,,,,,,
2016-05-13,5.395,5.395,5.395,5.395,0,0.0,,,,,,,,
2016-05-16,5.395,5.395,5.395,5.395,0,0.0,,,,,,,,
2016-05-17,5.395,5.395,5.395,5.395,0,0.0,,,,,,,,
2016-05-18,5.395,5.395,5.395,5.395,0,0.0,,,,,,,,
2016-05-19,5.395,5.395,5.395,5.395,0,0.0,,,,,,,,
2016-05-20,5.395,5.395,5.395,5.395,0,0.0,,,,,,,,
2016-05-23,5.395,5.395,5.395,5.395,0,0.0,,,,,,,,
2016-05-24,5.395,5.395,5.395,5.395,0,0.0,,,,,,,,
2016-05-25,5.395,5.395,5.395,5.395,0,0.0,,,,,,,,
2016-05-26,5.395,5.395,5.395,5.395,0,0.0,,,,,,,,
2016-05-27,5.395,5.395,5.395,5.395,0,0.0,,,,,,,,
2016-05-30,5.395,5.395,5.395,5.395,0,0.0,,,,,,,,
2016-05-31,5.395,5.395,5.395,5.395,0,0.0,,,,,,,,
2016-06-01,5.395,5.395,5.395,5.395,0,0.0,,,,,,,,
2016-06-02,5.395,5.395,5.395,5.395,0,0.0,,,,,,,,
2016-06-03,5.395,5.395,5.395,5.395,0,0.0,,,,,,,,
2016-06-06,5.395,5.395,5.395,5.395,30,161.85,,,,,,,,
2016-06-07,5.934,5.934,5.934,5.934,200,1186.8,,,,,,,,
2016-06-08,6.474,6.474,6.474,6.474,200,1294.8,,,,,,,,
2016-06-09,6.474,6.474,6.474,6.474,0,0.0,,,,,,,,
2016-06-10,6.473,6.473,6.473,6.473,0,0.0,,,,,,,,
2016-06-13,6.473,6.473,6.473,6.473,0,0.0,,,,,,,,
2016-06-14,6.473,6.473,6.473,6.473,0,0.0,,,,,,,,
2016-06-15,6.473,6.473,6.473,6.473,0,0.0,,,,,,,,
2016-06-16,6.878,6.878,6.878,6.878,200,1375.6,,,,,,,,
2016-06-17,6.878,6.878,6.878,6.878,0,0.0,,,,,,,,
2016-06-20,6.878,6.878,6.878,6.878,0,0.0,,,,,,,,
2016-06-21,6.878,6.878,6.878,6.878,0,0.0,,,,,,,,
2016-06-22,6.878,6.878,6.878,6.878,0,0.0,,,,,,,,
2016-06-23,6.878,6.878,6.878,6.878,0,0.0,,,,,,,,
2016-06-24,6.878,6.878,6.878,6.878,0,0.0,,,,,,,,
2016-06-27,6.878,6.878,6.878,6.878,0,0.0,,,,,,,,
2016-06-28,6.878,6.878,6.878,6.878,1000,6878.0,,,,,,,,
2016-06-29,6.676,6.676,6.676,6.676,400,2670.4,,,,,,,,
2016-06-30,6.676,6.676,6.676,6.676,0,0.0,,,,,,,,
2016-07-01,6.676,6.676,6.676,6.676,0,0.0,,,,,,,,
2016-07-04,6.676,6.676,6.676,6.676,0,0.0,,,,,,,,
2016-07-05,6.676,6.676,6.676,6.676,500,3338.0,,,,,,,,
2016-07-06,6.676,6.676,6.676,6.676,0,0.0,,,,,,,,
2016-07-07,6.676,6.676,6.676,6.676,0,0.0,,,,,,,,
2016-07-08,6.676,6.676,6.676,6.676,0,0.0,,,,,,,,
2016-07-11,6.676,6.676,6.676,6.676,0,0.0,,,,,,,,
2016-07-12,6.676,6.676,6.676,6.676,0,0.0,,,,,,,,
2016-07-13,6.676,6.676,6.676,6.676,0,0.0,,,,,,,,
2016-07-14,6.676,6.676,6.676,6.676,0,0.0,,,,,,,,
2016-07-15,6.676,6.676,6.676,6.676,0,0.0,,,,,,,,
2016-07-18,6.676,6.676,6.676,6.676,0,0.0,,,,,,,,
2016-07-19,6.676,6.676,6.676,6.676,0,0.0,,,,,,,,
2016-07-20,6.676,6.676,6.676,6.676,0,0.0,,,,,,,,
2016-07-21,6.676,6.676,6.676,6.676,0,0.0,,,,,,,,
2016-07-22,6.676,6.676,6.676,6.676,0,0.0,,,,,,,,
2016-07-25,6.676,6.676,6.676,6.676,0,0.0,,,,,,,,
2016-07-26,6.676,6.676,6.676,6.676,0,0.0,,,,,,,,
2016-07-27,6.676,6.676,6.676,6.676,0,0.0,,,,,,,,
2016-07-28,6.676,6.676,6.676,6.676,0,0.0,,,,,,,,
2016-07-29,6.676,6.676,6.676,6.676,0,0.0,,,,,,,,
2016-08-01,6.676,6.676,6.676,6.676,0,0.0,,,,,,,,
2016-08-02,6.676,6.676,6.676,6.676,0,0.0,,,,,,,,
2016-08-03,6.676,6.676,6.676,6.676,0,0.0,,,,,,,,
2016-08-04,6.676,6.676,6.676,6.676,0,0.0,,,,,,,,
2016-08-05,6.676,6.676,6.676,6.676,0,0.0,,,,,,,,
2016-08-08,6.676,6.676,6.676,6.676,0,0.0,,,,,,,,
2016-08-09,6.676,6.676,6.676,6.676,0,0.0,,,,,,,,
2016-08-10,6.676,6.676,6.676,6.676,0,0.0,,,,,,,,
2016-08-11,6.676,6.676,6.676,6.676,0,0.0,,,,,,,,
2016-08-12,6.676,6.676,6.676,6.676,7300,48734.8,,,,,,,,
2016-08-15,6.676,7.323,6.676,7.323,3150,23067.45,,,,,,,,
2016-08-16,7.323,7.323,7.323,7.323,0,0.0,,,,,,,,
2016-08-17,7.323,7.323,7.323,7.323,0,0.0,,,,,,,,
2016-08-18,7.323,7.323,7.323,7.323,0,0.0,,,,,,,,
2016-08-19,7.323,7.323,7.323,7.323,0,0.0,,,,,,,,
2016-08-22,7.323,7.323,7.323,7.323,0,0.0,,,,,,,,
2016-08-23,7.323,7.323,7.323,7.323,0,0.0,,,,,,,,
2016-08-24,7.323,7.323,7.323,7.323,0,0.0,,,,,,,,
2016-08-25,7.323,7.323,7.323,7.323,0,0.0,,,,,,,,
2016-08-26,6.878,6.878,6.878,6.878,500,3439.0,,,,,,,,
2016-08-29,6.878,6.878,6.878,6.878,500,3439.0,,,,,,,,
2016-08-30,6.878,6.878,6.878,6.878,0,0.0,,,,,,,,
2016-08-31,6.878,6.878,6.878,6.878,0,0.0,,,,,,,,
2016-09-01,6.878,6.878,6.878,6.878,0,0.0,,,,,,,,
2016-09-05,6.878,6.878,6.878,6.878,0,0.0,,,,,,,,
2016-09-06,6.878,6.878,6.878,6.878,0,0.0,,,,,,,,
2016-09-07,6.878,6.878,6.878,6.878,0,0.0,,,,,,,,
2016-09-08,6.878,6.878,6.878,6.878,0,0.0,,,,,,,,
2016-09-09,6.878,6.878,6.878,6.878,0,0.0,,,,,,,,
2016-09-12,6.878,6.878,6.878,6.878,0,0.0,,,,,,,,
2016-09-13,6.878,6.878,6.878,6.878,0,0.0,,,,,,,,
2016-09-14,6.878,6.878,6.878,6.878,0,0.0,,,,,,,,
2016-09-15,6.878,6.878,6.878,6.878,0,0.0,,,,,,,,
2016-09-16,6.878,6.878,6.878,6.878,0,0.0,,,,,,,,
2016-09-19,6.878,6.878,6.878,6.878,0,0.0,,,,,,,,
2016-09-20,6.878,6.878,6.878,6.878,0,0.0,,,,,,,,
2016-09-21,6.878,6.878,6.878,6.878,0,0.0,,,,,,,,
2016-09-22,6.878,6.878,6.878,6.878,0,0.0,,,,,,,,
2016-09-23,6.878,6.878,6.878,6.878,0,0.0,,,,,,,,
2016-09-26,6.878,6.878,6.878,6.878,0,0.0,,,,,,,,
2016-09-27,6.878,6.878,6.878,6.878,0,0.0,,,,,,,,
2016-09-28,6.878,6.878,6.878,6.878,0,0.0,,,,,,,,
2016-09-29,6.878,6.878,6.878,6.878,0,0.0,,,,,,,,
2016-09-30,6.878,6.878,6.878,6.878,0,0.0,,,,,,,,
2016-10-03,6.878,6.878,6.878,6.878,0,0.0,,,,,,,,
2016-10-04,6.878,6.878,6.878,6.878,0,0.0,,,,,,,,
2016-10-05,6.878,6.878,6.878,6.878,0,0.0,,,,,,,,
2016-10-06,6.878,6.878,6.878,6.878,0,0.0,,,,,,,,
2016-10-07,6.878,6.878,6.878,6.878,0,0.0,,,,,,,,
2016-10-10,6.878,6.878,6.878,6.878,0,0.0,,,,,,,,
2016-10-11,6.878,6.878,6.878,6.878,0,0.0,,,,,,,,
2016-10-12,6.878,6.878,6.878,6.878,0,0.0,,,,,,,,
2016-10-13,6.878,6.878,6.878,6.878,0,0.0,,,,,,,,
2016-10-14,6.878,6.878,6.878,6.878,0,0.0,,,,,,,,
2016-10-17,6.878,6.878,6.878,6.878,0,0.0,,,,,,,,
2016-10-18,6.878,6.878,6.878,6.878,0,0.0,,,,,,,,
2016-10-19,6.878,6.878,6.878,6.878,0,0.0,,,,,,,,
2016-10-20,6.878,6.878,6.878,6.878,0,0.0,,,,,,,,
2016-10-21,6.878,6.878,6.878,6.878,0,0.0,,,,,,,,
2016-10-24,6.878,6.878,6.878,6.878,0,0.0,,,,,,,,
2016-10-25,6.878,6.878,6.878,6.878,0,0.0,,,,,,,,
2016-10-26,6.878,6.878,6.878,6.878,0,0.0,,,,,,,,
2016-10-27,6.878,6.878,6.878,6.878,0,0.0,,,,,,,,
2016-10-28,6.878,6.878,6.878,6.878,0,0.0,,,,,,,,
2016-10-31,6.878,6.878,6.878,6.878,0,0.0,,,,,,,,
2016-11-01,6.878,6.878,6.878,6.878,0,0.0,,,,,,,,
2016-11-02,6.878,6.878,6.878,6.878,0,0.0,,,,,,,,
2016-11-03,6.878,6.878,6.878,6.878,0,0.0,,,,,,,,
2016-11-04,6.878,6.878,6.878,6.878,0,0.0,,,,,,,,
2016-11-07,6.878,6.878,6.878,6.878,0,0.0,,,,,,,,
2016-11-08,6.878,6.878,6.878,6.878,0,0.0,,,,,,,,
2016-11-09,6.878,6.878,6.878,6.878,0,0.0,,,,,,,,
2016-11-10,7.282,7.282,7.282,7.282,1700,12379.4,,,,,,,,
2016-11-11,7.282,7.282,7.282,7.282,0,0.0,,,,,,,,
2016-11-14,7.282,7.282,7.282,7.282,0,0.0,,,,,,,,
2016-11-15,7.282,7.282,7.282,7.282,0,0.0,,,,,,,,
2016-11-16,7.282,7.282,7.282,7.282,0,0.0,,,,,,,,
2016-11-17,7.282,7.282,7.282,7.282,0,0.0,,,,,,,,
2016-11-18,7.282,7.282,7.282,7.282,0,0.0,,,,,,,,
2016-11-21,7.282,7.282,7.282,7.282,0,0.0,,,,,,,,
2016-11-22,7.282,7.282,7.282,7.282,0,0.0,,,,,,,,
2016-11-23,7.282,7.282,7.282,7.282,0,0.0,,,,,,,,
2016-11-24,7.282,7.282,7.282,7.282,0,0.0,,,,,,,,
2016-11-25,7.282,7.282,7.282,7.282,0,0.0,,,,,,,,
2016-11-28,7.282,7.282,7.282,7.282,0,0.0,,,,,,,,
2016-11-29,7.282,7.282,7.282,7.282,0,0.0,,,,,,,,
2016-11-30,7.283,7.283,7.283,7.283,0,0.0,,,,,,,,
2016-12-01,7.283,7.283,7.283,7.283,0,0.0,,,,,,,,
2016-12-02,7.283,7.283,7.283,7.283,0,0.0,,,,,,,,
2016-12-05,7.283,7.283,7.283,7.283,0,0.0,,,,,,,,
2016-12-06,7.283,7.283,7.283,7.283,0,0.0,,,,,,,,
2016-12-07,7.283,7.283,7.283,7.283,0,0.0,,,,,,,,
2016-12-08,7.283,7.283,7.283,7.283,0,0.0,,,,,,,,
2016-12-09,7.283,7.283,7.283,7.283,0,0.0,,,,,,,,
2016-12-12,7.283,7.283,7.283,7.283,0,0.0,,,,,,,,
2016-12-13,7.283,7.283,7.283,7.283,0,0.0,,,,,,,,
2016-12-14,7.283,7.283,7.283,7.283,0,0.0,,,,,,,,
2016-12-15,7.283,7.283,7.283,7.283,0,0.0,,,,,,,,
2016-12-16,7.283,7.283,7.283,7.283,0,0.0,,,,,,,,
2016-12-19,7.283,7.283,7.283,7.283,0,0.0,,,,,,,,
2016-12-20,7.283,7.283,7.283,7.283,0,0.0,,,,,,,,
2016-12-21,7.283,7.283,7.283,7.283,0,0.0,,,,,,,,
2016-12-22,7.283,7.283,7.283,7.283,0,0.0,,,,,,,,
2016-12-23,7.283,7.283,7.283,7.283,0,0.0,,,,,,,,
2016-12-26,7.283,7.283,7.283,7.283,0,0.0,,,,,,,,
2016-12-27,7.283,7.283,7.283,7.283,0,0.0,,,,,,,,
2016-12-28,7.283,7.283,7.283,7.283,0,0.0,,,,,,,,
2016-12-29,7.283,7.283,7.283,7.283,0,0.0,,,,,,,,
2016-12-30,7.283,7.283,7.283,7.283,10300,75014.90000000001,,,,,,,,
2017-01-03,7.283,7.283,7.283,7.283,0,0.0,,,,,,,,
2017-01-04,7.283,7.283,7.283,7.283,0,0.0,,,,,,,,
2017-01-05,7.283,7.283,7.283,7.283,0,0.0,,,,,,,,
2017-01-06,7.283,7.283,7.283,7.283,0,0.0,,,,,,,,
2017-01-09,7.283,7.283,7.283,7.283,0,0.0,,,,,,,,
2017-01-10,7.283,7.283,7.283,7.283,0,0.0,,,,,,,,
2017-01-11,7.283,7.283,7.283,7.283,0,0.0,,,,,,,,
2017-01-12,7.283,7.283,7.283,7.283,0,0.0,,,,,,,,
2017-01-13,7.283,7.283,7.283,7.283,0,0.0,,,,,,,,
2017-01-16,7.283,7.283,7.283,7.283,0,0.0,,,,,,,,
2017-01-17,7.283,7.283,7.283,7.283,0,0.0,,,,,,,,
2017-01-18,7.283,7.283,7.283,7.283,0,0.0,,,,,,,,
2017-01-19,7.283,7.283,7.283,7.283,0,0.0,,,,,,,,
2017-01-20,7.283,7.283,7.283,7.283,0,0.0,,,,,,,,
2017-01-23,7.283,7.283,7.283,7.283,0,0.0,,,,,,,,
2017-01-24,7.283,7.283,7.283,7.283,0,0.0,,,,,,,,
2017-01-25,7.283,7.283,7.283,7.283,0,0.0,,,,,,,,
2017-02-02,7.283,7.283,7.283,7.283,0,0.0,,,,,,,,
2017-02-03,7.283,7.283,7.283,7.283,0,0.0,,,,,,,,
2017-02-06,7.283,7.283,7.283,7.283,0,0.0,,,,,,,,
2017-02-07,7.283,7.283,7.283,7.283,0,0.0,,,,,,,,
2017-02-08,7.283,7.283,7.283,7.283,0,0.0,,,,,,,,
2017-02-09,7.283,7.283,7.283,7.283,0,0.0,,,,,,,,
2017-02-10,7.283,7.283,7.283,7.283,0,0.0,,,,,,,,
2017-02-13,7.283,7.283,7.283,7.283,0,0.0,,,,,,,,
2017-02-14,7.156,7.156,7.156,7.156,1000,7156.0,,,,,,,,
2017-02-15,7.156,7.156,7.156,7.156,0,0.0,,,,,,,,
2017-02-16,7.156,7.156,7.156,7.156,0,0.0,,,,,,,,
2017-02-17,7.156,7.156,7.156,7.156,0,0.0,,,,,,,,
2017-02-20,7.156,7.156,7.156,7.156,0,0.0,,,,,,,,
2017-02-21,7.156,7.156,7.156,7.156,0,0.0,,,,,,,,
2017-02-22,7.156,7.156,7.156,7.156,0,0.0,,,,,,,,
2017-02-23,7.156,7.156,7.156,7.156,0,0.0,,,,,,,,
2017-02-24,7.156,7.156,7.156,7.156,0,0.0,,,,,,,,
2017-02-27,7.156,7.156,7.156,7.156,0,0.0,,,,,,,,
2017-02-28,7.156,7.156,7.156,7.156,0,0.0,,,,,,,,
2017-03-01,7.156,7.156,7.156,7.156,0,0.0,,,,,,,,
2017-03-02,7.156,7.156,7.156,7.156,0,0.0,,,,,,,,
2017-03-03,7.156,7.156,7.156,7.156,0,0.0,,,,,,,,
2017-03-06,7.156,7.156,7.156,7.156,0,0.0,,,,,,,,
2017-03-07,7.156,7.156,7.156,7.156,0,0.0,,,,,,,,
2017-03-08,7.156,7.156,7.156,7.156,0,0.0,,,,,,,,
2017-03-09,7.156,7.156,7.156,7.156,0,0.0,,,,,,,,
2017-03-10,7.156,7.156,7.156,7.156,0,0.0,,,,,,,,
2017-03-13,7.156,7.156,7.156,7.156,0,0.0,,,,,,,,
2017-03-14,7.156,7.156,7.156,7.156,0,0.0,,,,,,,,
2017-03-15,7.156,7.156,7.156,7.156,0,0.0,,,,,,,,
2017-03-16,7.156,7.156,7.156,7.156,0,0.0,,,,,,,,
2017-03-17,7.156,7.156,7.156,7.156,0,0.0,,,,,,,,
2017-03-20,7.156,7.156,7.156,7.156,0,0.0,,,,,,,,
2017-03-21,7.156,7.156,7.156,7.156,0,0.0,,,,,,,,
2017-03-22,7.156,7.156,7.156,7.156,0,0.0,,,,,,,,
2017-03-23,7.156,7.156,7.156,7.156,0,0.0,,,,,,,,
2017-03-24,7.156,7.156,7.156,7.156,0,0.0,,,,,,,,
2017-03-27,7.156,7.156,7.156,7.156,0,0.0,,,,,,,,
2017-03-28,7.156,7.156,7.156,7.156,0,0.0,,,,,,,,
2017-03-29,7.156,7.156,7.156,7.156,0,0.0,,,,,,,,
2017-03-30,7.156,7.156,7.156,7.156,0,0.0,,,,,,,,
2017-03-31,7.156,7.156,7.156,7.156,0,0.0,,,,,,,,
2017-04-03,7.156,7.156,7.156,7.156,0,0.0,,,,,,,,
2017-04-04,7.156,7.156,7.156,7.156,0,0.0,,,,,,,,
2017-04-05,7.156,7.156,7.156,7.156,0,0.0,,,,,,,,
2017-04-07,7.156,7.156,7.156,7.156,0,0.0,,,,,,,,
2017-04-10,7.156,7.156,7.156,7.156,0,0.0,,,,,,,,
2017-04-11,7.156,7.156,7.156,7.156,0,0.0,,,,,,,,
2017-04-12,7.156,7.156,7.156,7.156,0,0.0,,,,,,,,
2017-04-13,7.156,7.156,7.156,7.156,0,0.0,,,,,,,,
2017-04-14,7.156,7.156,7.156,7.156,0,0.0,,,,,,,,
2017-04-17,7.156,7.156,7.156,7.156,0,0.0,,,,,,,,
2017-04-18,7.156,7.156,7.156,7.156,0,0.0,,,,,,,,
2017-04-19,7.156,7.156,7.156,7.156,0,0.0,,,,,,,,
2017-04-20,7.156,7.156,7.156,7.156,0,0.0,,,,,,,,
2017-04-21,7.156,7.156,7.156,7.156,0,0.0,,,,,,,,
2017-04-24,7.156,7.156,7.156,7.156,0,0.0,,,,,,,,
2017-04-25,7.156,7.156,7.156,7.156,0,0.0,,,,,,,,
2017-04-26,7.156,7.156,7.156,7.156,0,0.0,,,,,,,,
2017-04-27,7.156,7.156,7.156,7.156,0,0.0,,,,,,,,
2017-04-28,7.156,7.156,7.156,7.156,0,0.0,,,,,,,,
2017-05-03,7.156,7.156,7.156,7.156,0,0.0,,,,,,,,
2017-05-04,7.156,7.156,7.156,7.156,0,0.0,,,,,,,,
2017-05-05,7.156,7.156,7.156,7.156,0,0.0,,,,,,,,
2017-05-08,7.156,7.156,7.156,7.156,0,0.0,,,,,,,,
2017-05-09,7.156,7.156,7.156,7.156,0,0.0,,,,,,,,
2017-05-10,7.156,7.156,7.156,7.156,0,0.0,,,,,,,,
2017-05-11,7.156,7.156,7.156,7.156,0,0.0,,,,,,,,
2017-05-12,7.156,7.156,7.156,7.156,0,0.0,,,,,,,,
2017-05-15,7.156,7.156,7.156,7.156,0,0.0,,,,,,,,
2017-05-16,7.156,7.156,7.156,7.156,0,0.0,,,,,,,,
2017-05-17,7.156,7.156,7.156,7.156,0,0.0,,,,,,,,
2017-05-18,7.156,7.156,7.156,7.156,0,0.0,,,,,,,,
2017-05-19,7.156,7.156,7.156,7.156,0,0.0,,,,,,,,
2017-05-22,7.156,7.156,7.156,7.156,0,0.0,,,,,,,,
2017-05-23,7.156,7.156,7.156,7.156,0,0.0,,,,,,,,
2017-05-24,7.156,7.156,7.156,7.156,0,0.0,,,,,,,,
2017-05-25,7.156,7.156,7.156,7.156,0,0.0,,,,,,,,
2017-05-26,7.156,7.156,7.156,7.156,0,0.0,,,,,,,,
2017-05-29,7.156,7.156,7.156,7.156,0,0.0,,,,,,,,
2017-05-30,7.156,7.156,7.156,7.156,0,0.0,,,,,,,,
2017-05-31,7.156,7.156,7.156,7.156,0,0.0,,,,,,,,
2017-06-01,7.156,7.156,7.156,7.156,0,0.0,,,,,,,,
2017-06-02,7.156,7.156,7.156,7.156,0,0.0,,,,,,,,
2017-06-05,7.156,7.156,7.156,7.156,0,0.0,,,,,,,,
2017-06-06,7.156,7.156,7.156,7.156,0,0.0,,,,,,,,
2017-06-07,7.156,7.156,7.156,7.156,0,0.0,,,,,,,,
2017-06-08,7.156,7.156,7.156,7.156,0,0.0,,,,,,,,
2017-06-09,7.156,7.156,7.156,7.156,0,0.0,,,,,,,,
2017-06-12,7.156,7.156,7.156,7.156,0,0.0,,,,,,,,
2017-06-13,7.156,7.156,7.156,7.156,0,0.0,,,,,,,,
2017-06-14,7.156,7.156,7.156,7.156,0,0.0,,,,,,,,
2017-06-15,7.156,7.156,7.156,7.156,0,0.0,,,,,,,,
2017-06-16,7.156,7.156,7.156,7.156,0,0.0,,,,,,,,
2017-06-19,7.156,7.156,7.156,7.156,0,0.0,,,,,,,,
2017-06-20,7.156,7.156,7.156,7.156,0,0.0,,,,,,,,
2017-06-21,7.156,7.156,7.156,7.156,0,0.0,,,,,,,,
2017-06-22,7.156,7.156,7.156,7.156,0,0.0,,,,,,,,
2017-06-23,7.156,7.156,7.156,7.156,0,0.0,,,,,,,,
2017-06-26,7.156,7.156,7.156,7.156,0,0.0,,,,,,,,
2017-06-27,7.156,7.156,7.156,7.156,0,0.0,,,,,,,,
2017-06-28,7.156,7.156,7.156,7.156,0,0.0,,,,,,,,
2017-06-29,7.156,7.156,7.156,7.156,0,0.0,,,,,,,,
2017-06-30,7.156,7.156,7.156,7.156,0,0.0,,,,,,,,
2017-07-03,7.156,7.156,7.156,7.156,0,0.0,,,,,,,,
2017-07-04,7.156,7.156,7.156,7.156,0,0.0,,,,,,,,
2017-07-05,7.156,7.156,7.156,7.156,0,0.0,,,,,,,,
2017-07-06,7.156,7.156,7.156,7.156,0,0.0,,,,,,,,
2017-07-07,7.156,7.156,7.156,7.156,0,0.0,,,,,,,,
2017-07-10,7.156,7.156,7.156,7.156,0,0.0,,,,,,,,
2017-07-11,7.156,7.156,7.156,7.156,0,0.0,,,,,,,,
2017-07-12,7.156,7.156,7.156,7.156,0,0.0,,,,,,,,
2017-07-13,7.156,7.156,7.156,7.156,0,0.0,,,,,,,,
2017-07-14,7.156,7.156,7.156,7.156,0,0.0,,,,,,,,
2017-07-17,7.156,7.156,7.156,7.156,0,0.0,,,,,,,,
2017-07-18,7.156,7.156,7.156,7.156,0,0.0,,,,,,,,
2017-07-19,7.156,7.156,7.156,7.156,64,457.984,,,,,,,,
2017-07-20,7.156,7.156,7.156,7.156,0,0.0,,,,,,,,
2017-07-21,7.156,7.156,7.156,7.156,0,0.0,,,,,,,,
2017-07-24,7.156,7.156,7.156,7.156,0,0.0,,,,,,,,
2017-07-25,7.156,7.156,7.156,7.156,0,0.0,,,,,,,,
2017-07-26,7.156,7.156,7.156,7.156,0,0.0,,,,,,,,
2017-07-27,7.156,7.156,7.156,7.156,0,0.0,,,,,,,,
2017-07-28,7.156,7.156,7.156,7.156,0,0.0,,,,,,,,
2017-07-31,7.156,7.156,7.156,7.156,0,0.0,,,,,,,,
2017-08-01,7.156,7.156,7.156,7.156,0,0.0,,,,,,,,
2017-08-02,7.156,7.156,7.156,7.156,0,0.0,,,,,,,,
2017-08-03,7.156,7.156,7.156,7.156,0,0.0,,,,,,,,
2017-08-04,7.156,7.156,7.156,7.156,0,0.0,,,,,,,,
2017-08-07,7.156,7.156,7.156,7.156,0,0.0,,,,,,,,
2017-08-08,7.156,7.156,7.156,7.156,0,0.0,,,,,,,,
2017-08-09,7.156,7.156,7.156,7.156,0,0.0,,,,,,,,
2017-08-10,7.156,7.156,7.156,7.156,0,0.0,,,,,,,,
2017-08-11,7.156,7.156,7.156,7.156,0,0.0,,,,,,,,
2017-08-14,7.156,7.156,7.156,7.156,0,0.0,,,,,,,,
2017-08-15,7.156,7.156,7.156,7.156,0,0.0,,,,,,,,
2017-08-16,7.156,7.156,7.156,7.156,0,0.0,,,,,,,,
2017-08-17,7.156,7.156,7.156,7.156,0,0.0,,,,,,,,
2017-08-18,7.85,7.85,7.85,7.85,700,5495.0,,,,,,,,
2017-08-21,7.85,7.85,7.85,7.85,0,0.0,,,,,,,,
2017-08-22,7.85,7.85,7.85,7.85,0,0.0,,,,,,,,
2017-08-23,7.85,7.85,7.85,7.85,0,0.0,,,,,,,,
2017-08-24,7.85,7.85,7.85,7.85,0,0.0,,,,,,,,
2017-08-25,7.85,7.85,7.85,7.85,0,0.0,,,,,,,,
2017-08-28,7.85,7.85,7.85,7.85,0,0.0,,,,,,,,
2017-08-29,7.85,7.85,7.85,7.85,0,0.0,,,,,,,,
2017-08-30,7.85,7.85,7.85,7.85,0,0.0,,,,,,,,
2017-08-31,7.85,7.85,7.85,7.85,0,0.0,,,,,,,,
2017-09-01,7.85,7.85,7.85,7.85,0,0.0,,,,,,,,
2017-09-05,7.85,7.85,7.85,7.85,0,0.0,,,,,,,,
2017-09-06,7.85,7.85,7.85,7.85,0,0.0,,,,,,,,
2017-09-07,7.85,7.85,7.85,7.85,0,0.0,,,,,,,,
2017-09-08,7.85,7.85,7.85,7.85,0,0.0,,,,,,,,
2017-09-11,7.85,7.85,7.85,7.85,500,3925.0,,,,,,,,
2017-09-12,7.85,7.85,7.85,7.85,0,0.0,,,,,,,,
2017-09-13,7.85,7.85,7.85,7.85,0,0.0,,,,,,,,
2017-09-14,7.85,7.85,7.85,7.85,0,0.0,,,,,,,,
2017-09-15,7.85,7.85,7.85,7.85,0,0.0,,,,,,,,
2017-09-18,7.85,7.85,7.85,7.85,0,0.0,,,,,,,,
2017-09-19,7.373,7.373,7.373,7.373,20400,150409.2,,,,,,,,
2017-09-20,6.939,6.939,6.939,6.939,900,6245.1,,,,,,,,
2017-09-21,6.939,6.939,6.939,6.939,300,2081.7,,,,,,,,
2017-09-22,6.939,6.939,6.939,6.939,0,0.0,,,,,,,,
2017-09-25,6.939,6.939,6.939,6.939,0,0.0,,,,,,,,
2017-09-26,6.939,6.939,6.939,6.939,0,0.0,,,,,,,,
2017-09-27,6.939,6.939,6.939,6.939,0,0.0,,,,,,,,
2017-09-28,6.939,6.939,6.939,6.939,0,0.0,,,,,,,,
2017-09-29,6.939,6.939,6.939,6.939,0,0.0,,,,,,,,
2017-10-02,6.939,6.939,6.939,6.939,0,0.0,,,,,,,,
2017-10-03,6.939,6.939,6.939,6.939,0,0.0,,,,,,,,
2017-10-04,6.939,6.939,6.939,6.939,0,0.0,,,,,,,,
2017-10-05,6.939,6.939,6.939,6.939,0,0.0,,,,,,,,
2017-10-06,6.939,6.939,6.939,6.939,0,0.0,,,,,,,,
2017-10-09,6.939,6.939,6.939,6.939,0,0.0,,,,,,,,
2017-10-10,6.939,6.939,6.939,6.939,0,0.0,,,,,,,,
2017-10-11,6.939,6.939,6.939,6.939,0,0.0,,,,,,,,
2017-10-12,6.939,6.939,6.939,6.939,0,0.0,,,,,,,,
2017-10-13,6.939,6.939,6.939,6.939,0,0.0,,,,,,,,
2017-10-16,6.939,6.939,6.939,6.939,0,0.0,,,,,,,,
2017-10-17,6.939,6.939,6.939,6.939,0,0.0,,,,,,,,
2017-10-18,6.939,6.939,6.939,6.939,0,0.0,,,,,,,,
2017-10-19,6.939,6.939,6.939,6.939,0,0.0,,,,,,,,
2017-10-20,6.939,6.939,6.939,6.939,0,0.0,,,,,,,,
2017-10-23,6.939,6.939,6.939,6.939,0,0.0,,,,,,,,
2017-10-24,6.939,6.939,6.939,6.939,0,0.0,,,,,,,,
2017-10-25,6.939,6.939,6.939,6.939,0,0.0,,,,,,,,
2017-10-26,6.939,6.939,6.939,6.939,0,0.0,,,,,,,,
2017-10-27,6.939,6.939,6.939,6.939,1500,10408.5,,,,,,,,
2017-10-30,6.939,6.939,6.939,6.939,0,0.0,,,,,,,,
2017-10-31,6.939,6.939,6.939,6.939,0,0.0,,,,,,,,
2017-11-01,6.939,6.939,6.939,6.939,0,0.0,,,,,,,,
2017-11-02,6.939,6.939,6.939,6.939,0,0.0,,,,,,,,
2017-11-03,6.245,6.245,6.245,6.245,15000,93675.0,,,,,,,,
2017-11-06,6.245,6.245,6.245,6.245,0,0.0,,,,,,,,
2017-11-07,5.855,5.855,5.855,5.855,1000,5855.0,,,,,,,,
2017-11-08,5.855,5.855,5.855,5.855,0,0.0,,,,,,,,
2017-11-09,5.855,5.855,5.855,5.855,0,0.0,,,,,,,,
2017-11-10,5.855,5.855,5.855,5.855,0,0.0,,,,,,,,
2017-11-13,5.855,5.855,5.855,5.855,0,0.0,,,,,,,,
2017-11-14,5.855,5.855,5.855,5.855,0,0.0,,,,,,,,
2017-11-15,5.855,5.855,5.855,5.855,0,0.0,,,,,,,,
2017-11-16,5.855,5.855,5.855,5.855,0,0.0,,,,,,,,
2017-11-17,5.855,5.855,5.855,5.855,0,0.0,,,,,,,,
2017-11-20,5.855,5.855,5.855,5.855,0,0.0,,,,,,,,
2017-11-21,5.855,5.855,5.855,5.855,0,0.0,,,,,,,,
2017-11-22,5.855,5.855,5.855,5.855,0,0.0,,,,,,,,
2017-11-23,5.855,5.855,5.855,5.855,0,0.0,,,,,,,,
2017-11-24,5.855,5.855,5.855,5.855,0,0.0,,,,,,,,
2017-11-27,5.855,5.855,5.855,5.855,0,0.0,,,,,,,,
2017-11-28,5.855,5.855,5.855,5.855,0,0.0,,,,,,,,
2017-11-29,5.855,5.855,5.855,5.855,0,0.0,,,,,,,,
2017-11-30,5.855,5.855,5.855,5.855,0,0.0,,,,,,,,
2017-12-01,5.855,5.855,5.855,5.855,0,0.0,,,,,,,,
2017-12-04,6.44,6.44,6.44,6.44,100,644.0,,,,,,,,
2017-12-05,5.855,5.855,5.855,5.855,500,2927.5,,,,,,,,
2017-12-06,5.63,5.63,5.269,5.269,4500,23710.5,,,,,,,,
2017-12-07,5.314,5.314,5.269,5.269,2700,14226.3,,,,,,,,
2017-12-08,5.269,5.269,5.269,5.269,0,0.0,,,,,,,,
2017-12-11,5.269,5.269,5.269,5.269,0,0.0,,,,,,,,
2017-12-12,5.269,5.269,5.269,5.269,0,0.0,,,,,,,,
2017-12-13,5.269,5.269,5.269,5.269,0,0.0,,,,,,,,
2017-12-14,5.404,5.404,5.404,5.404,1000,5404.0,,,,,,,,
2017-12-15,5.54,5.54,5.54,5.54,100,554.0,,,,,,,,
2017-12-18,5.044,5.044,4.999,4.999,3600,17996.399999999998,,,,,,,,
2017-12-19,5.044,5.044,5.044,5.044,1400,7061.599999999999,,,,,,,,
2017-12-20,5.044,5.044,5.044,5.044,0,0.0,,,,,,,,
2017-12-21,5.044,5.044,5.044,5.044,0,0.0,,,,,,,,
2017-12-22,5.044,5.044,5.044,5.044,0,0.0,,,,,,,,
2017-12-25,5.044,5.044,5.044,5.044,0,0.0,,,,,,,,
2017-12-26,5.044,5.044,5.044,5.044,0,0.0,,,,,,,,
2017-12-27,4.549,4.549,4.549,4.549,100,454.9,,,,,,,,
2017-12-28,4.549,4.549,4.549,4.549,0,0.0,,,,,,,,
2017-12-29,4.549,4.549,4.549,4.549,0,0.0,,,,,,,,
2018-01-02,4.549,4.549,4.549,4.549,0,0.0,0.0,0.0,0.0,0.0,,0.3,0.0,0.0
2018-01-03,4.729,4.729,4.594,4.639,2500,11597.5,0.0,0.0,0.0,0.0,,0.3,0.0,0.0
2018-01-04,4.729,4.729,4.729,4.729,100,472.9,0.0,0.0,0.0,0.0,,0.3,0.0,0.0
2018-01-05,4.729,4.729,4.729,4.729,0,0.0,0.0,0.0,0.0,0.0,,0.3,0.0,0.0
2018-01-08,4.729,4.729,4.729,4.729,0,0.0,0.0,0.0,0.0,0.0,,0.3,0.0,0.0
2018-01-09,4.729,4.729,4.729,4.729,0,0.0,0.0,0.0,0.0,0.0,,0.3,0.0,0.0
2018-01-10,4.729,4.729,4.729,4.729,0,0.0,0.0,0.0,0.0,0.0,,0.3,0.0,0.0
2018-01-11,4.729,4.729,4.729,4.729,0,0.0,0.0,0.0,0.0,0.0,,0.3,0.0,0.0
2018-01-12,4.954,4.954,4.954,4.954,1000,4954.0,0.0,0.0,0.0,0.0,,0.3,0.0,0.0
2018-01-15,4.999,5.404,4.999,5.404,2100,11348.4,0.0,0.0,0.0,0.0,,0.3,0.0,0.0
2018-01-16,5.404,5.945,5.404,5.945,2100,12484.5,0.0,0.0,0.0,0.0,,0.3,0.0,0.0
2018-01-17,5.945,6.305,5.855,6.305,1400,8827.0,0.0,0.0,0.0,0.0,,0.3,0.0,0.0
2018-01-18,5.675,5.675,5.675,5.675,100,567.5,0.0,100.0,0.0,0.0,,0.3,0.0,0.0
2018-01-19,5.675,5.675,5.675,5.675,0,0.0,0.0,0.0,0.0,0.0,,0.3,0.0,0.0
2018-01-22,5.945,5.945,5.945,5.945,1000,5945.0,0.0,0.0,0.0,0.0,,0.3,0.0,0.0
2018-01-23,5.359,5.359,5.359,5.359,300,1607.7,0.0,100.0,0.0,0.0,,0.3,0.0,0.0
2018-01-24,5.359,5.359,5.359,5.359,0,0.0,0.0,0.0,0.0,0.0,,0.3,0.0,0.0
2018-01-25,5.359,5.359,5.359,5.359,0,0.0,0.0,0.0,0.0,0.0,,0.3,0.0,0.0
2018-01-26,5.359,5.359,5.359,5.359,0,0.0,0.0,0.0,0.0,0.0,,0.3,0.0,0.0
2018-01-29,5.359,5.359,5.359,5.359,0,0.0,0.0,0.0,0.0,0.0,,0.3,0.0,0.0
2018-01-30,4.864,5.765,4.864,5.765,7000,40355.0,0.0,100.0,0.0,0.0,,0.3,0.0,0.0
2018-01-31,5.765,5.765,5.765,5.765,0,0.0,0.0,0.0,0.0,0.0,,0.3,0.0,0.0
2018-02-01,5.224,5.224,5.224,5.224,100,522.4,0.0,100.0,0.0,0.0,,0.3,0.0,0.0
2018-02-02,4.729,4.729,4.729,4.729,100,472.9,0.0,100.0,0.0,0.0,,0.3,0.0,0.0
2018-02-05,4.729,4.729,4.729,4.729,0,0.0,0.0,0.0,0.0,0.0,,0.3,0.0,0.0
2018-02-06,4.504,4.504,4.324,4.324,200,864.8,0.0,0.0,0.0,0.0,,0.3,0.0,0.0
2018-02-07,4.729,4.729,4.504,4.504,2800,12611.2,0.0,0.0,0.0,0.0,,0.3,0.0,0.0
2018-02-08,4.504,4.504,4.504,4.504,0,0.0,0.0,0.0,0.0,0.0,,0.3,0.0,0.0
2018-02-09,4.504,4.504,4.504,4.504,0,0.0,0.0,0.0,0.0,0.0,,0.3,0.0,0.0
2018-02-12,4.864,4.954,4.729,4.729,2300,10876.7,0.0,0.0,0.0,0.0,,0.3,0.0,0.0
2018-02-13,4.729,4.729,4.729,4.729,0,0.0,0.0,0.0,0.0,0.0,,0.3,0.0,0.0
2018-02-21,5.089,5.179,4.729,4.729,6100,28846.9,100.0,0.0,0.0,0.0,,0.3,0.0,0.0
2018-02-22,4.729,4.729,4.729,4.729,0,0.0,0.0,0.0,0.0,0.0,,0.3,0.0,0.0
2018-02-23,4.729,4.729,4.729,4.729,0,0.0,0.0,0.0,0.0,0.0,,0.3,0.0,0.0
2018-02-26,4.729,4.729,4.729,4.729,0,0.0,0.0,0.0,0.0,0.0,,0.3,0.0,0.0
2018-02-27,4.729,4.729,4.729,4.729,0,0.0,0.0,0.0,0.0,0.0,,0.3,0.0,0.0
2018-02-28,4.729,4.729,4.729,4.729,0,0.0,0.0,0.0,0.0,0.0,,0.3,0.0,0.0
2018-03-01,4.729,4.729,4.729,4.729,0,0.0,0.0,0.0,0.0,0.0,,0.3,0.0,0.0
2018-03-02,4.729,4.729,4.729,4.729,0,0.0,0.0,0.0,0.0,0.0,,0.3,0.0,0.0
2018-03-05,4.729,4.729,4.729,4.729,0,0.0,0.0,0.0,0.0,0.0,,0.3,0.0,0.0
2018-03-06,4.279,4.279,4.279,4.279,100,427.9,0.0,100.0,0.0,0.0,,0.3,0.0,0.0
2018-03-07,4.279,4.279,4.279,4.279,0,0.0,0.0,0.0,0.0,0.0,,0.3,0.0,0.0
2018-03-08,4.279,4.279,4.279,4.279,0,0.0,0.0,0.0,0.0,0.0,,0.3,0.0,0.0
2018-03-09,4.279,4.279,4.279,4.279,0,0.0,0.0,0.0,0.0,0.0,,0.3,0.0,0.0
2018-03-12,4.279,4.279,4.279,4.279,0,0.0,0.0,0.0,0.0,0.0,,0.3,0.0,0.0
2018-03-13,4.279,4.279,4.279,4.279,0,0.0,0.0,0.0,0.0,0.0,,0.3,0.0,0.0
2018-03-14,4.279,4.279,4.279,4.279,0,0.0,0.0,0.0,0.0,0.0,,0.3,0.0,0.0
2018-03-15,4.279,4.279,4.279,4.279,0,0.0,0.0,0.0,0.0,0.0,,0.3,0.0,0.0
2018-03-16,4.279,4.279,4.279,4.279,0,0.0,0.0,0.0,0.0,0.0,,0.3,0.0,0.0
2018-03-19,3.873,4.504,3.873,4.504,200,900.8,0.0,100.0,0.0,0.0,,0.3,0.0,0.0
2018-03-20,4.504,4.504,4.504,4.504,0,0.0,0.0,0.0,0.0,0.0,,0.3,0.0,0.0
2018-03-21,4.954,4.954,4.504,4.504,8500,38283.99999999999,0.0,0.0,0.0,0.0,,0.3,0.0,0.0
2018-03-22,4.504,4.504,4.504,4.504,0,0.0,0.0,0.0,0.0,0.0,,0.3,0.0,0.0
2018-03-23,4.504,4.504,4.504,4.504,100,450.4,0.0,0.0,0.0,0.0,,0.3,0.0,0.0
2018-03-26,4.504,4.504,4.504,4.504,0,0.0,0.0,0.0,0.0,0.0,,0.3,0.0,0.0
2018-03-27,4.504,4.504,4.504,4.504,0,0.0,0.0,0.0,0.0,0.0,,0.3,0.0,0.0
2018-03-28,4.504,4.504,4.504,4.504,0,0.0,0.0,0.0,0.0,0.0,,0.3,0.0,0.0
2018-03-29,4.053,4.053,4.053,4.053,100,405.3,0.0,100.0,0.0,0.0,,0.3,0.0,0.0
2018-03-30,4.053,4.053,4.053,4.053,0,0.0,0.0,0.0,0.0,0.0,,0.3,0.0,0.0
2018-04-02,4.053,4.053,4.053,4.053,0,0.0,0.0,0.0,0.0,0.0,,0.3,0.0,0.0
2018-04-03,4.053,4.053,4.053,4.053,0,0.0,0.0,0.0,0.0,0.0,,0.3,0.0,0.0
2018-04-04,4.053,4.053,4.053,4.053,0,0.0,0.0,0.0,0.0,0.0,,0.3,0.0,0.0
2018-04-05,4.053,4.053,4.053,4.053,0,0.0,0.0,0.0,0.0,0.0,,0.3,0.0,0.0
2018-04-06,4.053,4.053,4.053,4.053,0,0.0,0.0,0.0,0.0,0.0,,0.3,0.0,0.0
2018-04-09,4.053,4.053,4.053,4.053,0,0.0,0.0,0.0,0.0,0.0,,0.3,0.0,0.0
2018-04-10,4.053,4.053,4.053,4.053,0,0.0,0.0,0.0,0.0,0.0,,0.3,0.0,0.0
2018-04-11,4.053,4.053,4.053,4.053,0,0.0,0.0,0.0,0.0,0.0,,0.3,0.0,0.0
2018-04-12,4.053,4.053,4.053,4.053,0,0.0,0.0,0.0,0.0,0.0,,0.3,0.0,0.0
2018-04-13,4.459,4.459,4.459,4.459,100,445.9,0.0,0.0,0.0,0.0,,0.3,0.0,0.0
2018-04-16,4.459,4.459,4.459,4.459,0,0.0,0.0,0.0,0.0,0.0,,0.3,0.0,0.0
2018-04-17,4.459,4.459,4.459,4.459,0,0.0,0.0,0.0,0.0,0.0,,0.3,0.0,0.0
2018-04-18,4.459,4.459,4.459,4.459,0,0.0,0.0,0.0,0.0,0.0,,0.3,0.0,0.0
2018-04-19,4.504,4.504,4.504,4.504,1000,4504.0,0.0,0.0,0.0,0.0,,0.3,0.0,0.0
2018-04-20,4.504,4.504,4.504,4.504,0,0.0,0.0,0.0,0.0,0.0,,0.3,0.0,0.0
2018-04-23,4.504,4.504,4.504,4.504,0,0.0,0.0,0.0,0.0,0.0,,0.3,0.0,0.0
2018-04-24,4.053,4.053,4.053,4.053,100,405.3,0.0,100.0,0.0,0.0,,0.3,0.0,0.0
2018-04-26,4.053,4.053,4.053,4.053,0,0.0,0.0,0.0,0.0,0.0,,0.3,0.0,0.0
2018-04-27,4.053,4.053,4.053,4.053,0,0.0,0.0,0.0,0.0,0.0,,0.3,0.0,0.0
2018-05-02,4.053,4.053,4.053,4.053,0,0.0,0.0,0.0,0.0,0.0,,0.3,0.0,0.0
2018-05-03,4.053,4.053,4.053,4.053,0,0.0,0.0,0.0,0.0,0.0,,0.3,0.0,0.0
2018-05-04,4.098,4.098,4.098,4.098,1000,4098.0,0.0,0.0,0.0,0.0,,0.3,0.0,0.0
2018-05-07,4.098,4.098,4.098,4.098,0,0.0,0.0,0.0,0.0,0.0,,0.3,0.0,0.0
2018-05-08,4.098,4.098,4.098,4.098,0,0.0,0.0,0.0,0.0,0.0,,0.3,0.0,0.0
2018-05-09,4.098,4.098,4.098,4.098,0,0.0,0.0,0.0,0.0,0.0,,0.3,0.0,0.0
2018-05-10,4.098,4.098,4.098,4.098,0,0.0,0.0,0.0,0.0,0.0,,0.3,0.0,0.0
2018-05-11,4.098,4.098,4.098,4.098,10,40.98,0.0,0.0,0.0,0.0,,0.3,0.0,0.0
2018-05-14,4.098,4.098,4.098,4.098,0,0.0,0.0,0.0,0.0,0.0,,0.3,0.0,0.0
2018-05-15,3.738,3.738,3.738,3.738,100,373.8,0.0,100.0,0.0,0.0,,0.3,0.0,0.0
2018-05-16,3.738,3.738,3.738,3.738,0,0.0,0.0,0.0,0.0,0.0,,0.3,0.0,0.0
2018-05-17,3.738,3.738,3.738,3.738,0,0.0,0.0,0.0,0.0,0.0,,0.3,0.0,0.0
2018-05-18,3.738,3.738,3.738,3.738,0,0.0,0.0,0.0,0.0,0.0,,0.3,0.0,0.0
2018-05-21,3.738,3.738,3.738,3.738,0,0.0,0.0,0.0,0.0,0.0,,0.3,0.0,0.0
2018-05-22,3.738,3.738,3.738,3.738,0,0.0,0.0,0.0,0.0,0.0,,0.3,0.0,0.0
2018-05-23,3.738,3.738,3.738,3.738,0,0.0,0.0,0.0,0.0,0.0,,0.3,0.0,0.0
2018-05-24,3.738,3.738,3.738,3.738,0,0.0,0.0,0.0,0.0,0.0,,0.3,0.0,0.0
2018-05-25,3.738,3.738,3.738,3.738,0,0.0,0.0,0.0,0.0,0.0,,0.3,0.0,0.0
2018-05-28,3.738,3.738,3.738,3.738,0,0.0,0.0,0.0,0.0,0.0,,0.3,0.0,0.0
2018-05-29,3.738,3.738,3.738,3.738,0,0.0,0.0,0.0,0.0,0.0,,0.3,0.0,0.0
2018-05-30,3.738,3.738,3.738,3.738,0,0.0,0.0,0.0,0.0,0.0,,0.3,0.0,0.0
2018-05-31,3.738,3.738,3.738,3.738,0,0.0,0.0,0.0,0.0,0.0,,0.3,0.0,0.0
2018-06-01,3.935,3.935,3.935,3.935,200,787.0,0.0,0.0,0.0,0.0,,0.3,0.0,0.0
2018-06-04,3.935,3.935,3.935,3.935,0,0.0,0.0,0.0,0.0,0.0,,0.3,0.0,0.0
2018-06-05,3.541,4.328,3.541,4.328,1700,7357.6,0.0,100.0,0.0,0.0,,0.3,0.0,0.0
2018-06-06,4.722,4.722,4.722,4.722,710,3352.6200000000003,0.0,0.0,0.0,0.0,,0.3,0.0,0.0
2018-06-07,4.722,4.722,4.722,4.722,0,0.0,0.0,0.0,0.0,0.0,,0.3,0.0,0.0
2018-06-08,4.279,4.279,4.279,4.279,100,427.9,0.0,100.0,0.0,0.0,,0.3,0.0,0.0
2018-06-11,4.279,4.279,4.279,4.279,0,0.0,0.0,0.0,0.0,0.0,,0.3,0.0,0.0
2018-06-12,4.279,4.279,4.279,4.279,0,0.0,0.0,0.0,0.0,0.0,,0.3,0.0,0.0
2018-06-13,4.279,4.279,4.279,4.279,0,0.0,0.0,0.0,0.0,0.0,,0.3,0.0,0.0
2018-06-14,4.279,4.279,4.279,4.279,0,0.0,0.0,0.0,0.0,0.0,,0.3,0.0,0.0
2018-06-15,4.672,4.672,4.672,4.672,100,467.2,0.0,0.0,0.0,0.0,,0.3,0.0,0.0
2018-06-18,4.672,4.672,4.672,4.672,0,0.0,0.0,0.0,0.0,0.0,,0.3,0.0,0.0
2018-06-19,4.672,4.672,4.672,4.672,0,0.0,0.0,0.0,0.0,0.0,,0.3,0.0,0.0
2018-06-20,4.23,4.23,4.23,4.23,100,423.00000000000006,0.0,100.0,0.0,0.0,,0.3,0.0,0.0
2018-06-21,3.885,3.885,3.885,3.885,100,388.5,0.0,100.0,0.0,0.0,,0.3,0.0,0.0
2018-06-22,3.885,3.885,3.885,3.885,0,0.0,0.0,0.0,0.0,0.0,,0.3,0.0,0.0
2018-06-25,3.885,3.885,3.885,3.885,0,0.0,0.0,0.0,0.0,0.0,,0.3,0.0,0.0
2018-06-26,3.885,3.885,3.885,3.885,0,0.0,0.0,0.0,0.0,0.0,,0.3,0.0,0.0
2018-06-27,4.23,4.23,4.23,4.23,100,423.00000000000006,0.0,0.0,0.0,0.0,,0.3,0.0,0.0
2018-06-28,4.23,4.23,4.23,4.23,0,0.0,0.0,0.0,0.0,0.0,,0.3,0.0,0.0
2018-06-29,4.23,4.23,4.23,4.23,0,0.0,0.0,0.0,0.0,0.0,,0.3,0.0,0.0
2018-07-02,4.23,4.23,4.23,4.23,0,0.0,0.0,0.0,0.0,0.0,,0.3,0.0,0.0
2018-07-03,4.23,4.23,4.23,4.23,0,0.0,0.0,0.0,0.0,0.0,,0.3,0.0,0.0
2018-07-04,4.23,4.23,4.23,4.23,0,0.0,0.0,0.0,0.0,0.0,,0.3,0.0,0.0
2018-07-05,4.23,4.23,4.23,4.23,0,0.0,0.0,0.0,0.0,0.0,,0.3,0.0,0.0
2018-07-06,4.23,4.23,4.23,4.23,0,0.0,0.0,0.0,0.0,0.0,,0.3,0.0,0.0
2018-07-09,3.935,3.935,3.935,3.935,100,393.5,0.0,100.0,0.0,0.0,,0.3,0.0,0.0
2018-07-10,3.935,3.935,3.935,3.935,0,0.0,0.0,0.0,0.0,0.0,,0.3,0.0,0.0
2018-07-11,3.935,3.935,3.935,3.935,0,0.0,0.0,0.0,0.0,0.0,,0.3,0.0,0.0
2018-07-12,3.935,3.935,3.935,3.935,0,0.0,0.0,0.0,0.0,0.0,,0.3,0.0,0.0
2018-07-13,4.328,4.328,4.328,4.328,100,432.8,0.0,0.0,0.0,0.0,,0.3,0.0,0.0
2018-07-16,4.328,4.328,4.328,4.328,0,0.0,0.0,0.0,0.0,0.0,,0.3,0.0,0.0
2018-07-17,4.328,4.328,4.328,4.328,0,0.0,0.0,0.0,0.0,0.0,,0.3,0.0,0.0
2018-07-18,4.328,4.328,4.328,4.328,0,0.0,0.0,0.0,0.0,0.0,,0.3,0.0,0.0
2018-07-19,4.328,4.328,4.328,4.328,0,0.0,0.0,0.0,0.0,0.0,,0.3,0.0,0.0
2018-07-20,4.328,4.328,4.328,4.328,0,0.0,0.0,0.0,0.0,0.0,,0.3,0.0,0.0
2018-07-23,4.328,4.328,4.328,4.328,0,0.0,0.0,0.0,0.0,0.0,,0.3,0.0,0.0
2018-07-24,4.033,4.033,4.033,4.033,100,403.3,0.0,100.0,0.0,0.0,,0.3,0.0,0.0
2018-07-25,4.033,4.033,4.033,4.033,0,0.0,0.0,0.0,0.0,0.0,,0.3,0.0,0.0
2018-07-26,4.033,4.033,4.033,4.033,0,0.0,0.0,0.0,0.0,0.0,,0.3,0.0,0.0
2018-07-27,4.427,4.427,4.427,4.427,100,442.69999999999993,0.0,0.0,0.0,0.0,,0.3,0.0,0.0
2018-07-30,4.082,4.082,4.082,4.082,100,408.2,0.0,100.0,0.0,0.0,,0.3,0.0,0.0
2018-07-31,4.082,4.082,4.082,4.082,0,0.0,0.0,0.0,0.0,0.0,,0.3,0.0,0.0
2018-08-01,4.082,4.082,4.082,4.082,0,0.0,0.0,0.0,0.0,0.0,,0.3,0.0,0.0
2018-08-02,4.476,4.476,4.476,4.476,100,447.6,0.0,0.0,0.0,0.0,,0.3,0.0,0.0
2018-08-03,4.476,4.476,4.476,4.476,0,0.0,0.0,0.0,0.0,0.0,,0.3,0.0,0.0
2018-08-06,4.476,4.476,4.476,4.476,0,0.0,0.0,0.0,0.0,0.0,,0.3,0.0,0.0
2018-08-07,4.082,4.082,4.082,4.082,100,408.2,0.0,100.0,0.0,0.0,,0.3,0.0,0.0
2018-08-08,4.082,4.082,4.082,4.082,0,0.0,0.0,0.0,0.0,0.0,,0.3,0.0,0.0
2018-08-09,4.082,4.082,4.082,4.082,0,0.0,0.0,0.0,0.0,0.0,,0.3,0.0,0.0
2018-08-10,4.476,4.476,4.476,4.476,110,492.36,0.0,0.0,0.0,0.0,,0.3,0.0,0.0
2018-08-13,4.476,4.476,4.476,4.476,0,0.0,0.0,0.0,0.0,0.0,,0.3,0.0,0.0
2018-08-14,4.181,4.181,4.181,4.181,100,418.1,0.0,100.0,0.0,0.0,,0.3,0.0,0.0
2018-08-15,4.181,4.181,4.181,4.181,0,0.0,0.0,0.0,0.0,0.0,,0.3,0.0,0.0
2018-08-16,4.131,4.131,4.131,4.131,100,413.1,0.0,100.0,0.0,0.0,,0.3,0.0,0.0
2018-08-17,3.935,4.525,3.935,4.525,200,905.0,0.0,100.0,0.0,0.0,,0.3,0.0,0.0
2018-08-20,4.525,4.525,4.525,4.525,0,0.0,0.0,0.0,0.0,0.0,,0.3,0.0,0.0
2018-08-21,4.968,4.968,4.279,4.279,300,1283.7,0.0,0.0,0.0,0.0,,0.3,0.0,0.0
2018-08-22,4.672,4.672,4.672,4.672,100,467.2,0.0,0.0,0.0,0.0,,0.3,0.0,0.0
2018-08-23,4.672,4.672,4.672,4.672,0,0.0,0.0,0.0,0.0,0.0,,0.3,0.0,0.0
2018-08-24,4.672,4.672,4.672,4.672,0,0.0,0.0,0.0,0.0,0.0,,0.3,0.0,0.0
2018-08-27,4.328,4.328,4.328,4.328,200,865.6,0.0,0.0,0.0,0.0,,0.3,0.0,0.0
2018-08-28,4.328,4.328,4.328,4.328,0,0.0,0.0,0.0,0.0,0.0,,0.3,0.0,0.0
2018-08-29,4.328,4.328,4.328,4.328,0,0.0,0.0,0.0,0.0,0.0,,0.3,0.0,0.0
2018-08-30,4.131,4.131,4.131,4.131,100,413.1,0.0,0.0,0.0,0.0,,0.3,0.0,0.0
2018-08-31,4.131,4.131,4.131,4.131,0,0.0,0.0,0.0,0.0,0.0,,0.3,0.0,0.0
2018-09-04,4.131,4.131,4.131,4.131,0,0.0,0.0,0.0,0.0,0.0,,0.3,0.0,0.0
2018-09-05,4.131,4.131,4.131,4.131,0,0.0,0.0,0.0,0.0,0.0,,0.3,0.0,0.0
2018-09-06,3.984,3.984,3.984,3.984,500,1992.0,0.0,0.0,0.0,0.0,,0.3,0.0,0.0
2018-09-07,3.984,3.984,3.984,3.984,0,0.0,0.0,0.0,0.0,0.0,,0.3,0.0,0.0
2018-09-10,3.984,3.984,3.984,3.984,10,39.84,0.0,0.0,0.0,0.0,,0.3,0.0,0.0
2018-09-11,3.738,3.738,3.738,3.738,300,1121.4,0.0,0.0,0.0,0.0,,0.3,0.0,0.0
2018-09-12,3.59,3.59,3.59,3.59,200,718.0,0.0,0.0,0.0,0.0,,0.3,0.0,0.0
2018-09-13,3.59,3.59,3.59,3.59,0,0.0,0.0,0.0,0.0,0.0,,0.3,0.0,0.0
2018-09-14,3.59,3.59,3.59,3.59,0,0.0,0.0,0.0,0.0,0.0,,0.3,0.0,0.0
2018-09-17,3.59,3.59,3.59,3.59,0,0.0,0.0,0.0,0.0,0.0,,0.3,0.0,0.0
2018-09-18,3.59,3.59,3.59,3.59,0,0.0,0.0,0.0,0.0,0.0,,0.3,0.0,0.0
2018-09-19,3.59,3.59,3.59,3.59,0,0.0,0.0,0.0,0.0,0.0,,0.3,0.0,0.0
2018-09-20,3.59,3.59,3.59,3.59,0,0.0,0.0,0.0,0.0,0.0,,0.3,0.0,0.0
2018-09-21,3.59,3.59,3.59,3.59,0,0.0,0.0,0.0,0.0,0.0,,0.3,0.0,0.0
2018-09-24,3.59,3.59,3.59,3.59,0,0.0,0.0,0.0,0.0,0.0,,0.3,0.0,0.0
2018-09-25,3.59,3.59,3.59,3.59,0,0.0,0.0,0.0,0.0,0.0,,0.3,0.0,0.0
2018-09-26,3.59,3.59,3.59,3.59,0,0.0,0.0,0.0,0.0,0.0,,0.3,0.0,0.0
2018-09-27,3.59,3.59,3.59,3.59,0,0.0,0.0,0.0,0.0,0.0,,0.3,0.0,0.0
2018-09-28,3.59,3.59,3.59,3.59,0,0.0,0.0,0.0,0.0,0.0,,0.3,0.0,0.0
2018-10-01,3.59,3.59,3.59,3.59,0,0.0,0.0,0.0,0.0,0.0,,0.3,0.0,0.0
2018-10-02,3.59,3.59,3.59,3.59,0,0.0,0.0,0.0,0.0,0.0,,0.3,0.0,0.0
2018-10-03,3.59,3.59,3.59,3.59,0,0.0,0.0,0.0,0.0,0.0,,0.3,0.0,0.0
2018-10-04,3.59,3.59,3.59,3.59,0,0.0,0.0,0.0,0.0,0.0,,0.3,0.0,0.0
2018-10-05,3.59,3.59,3.59,3.59,0,0.0,0.0,0.0,0.0,0.0,,0.3,0.0,0.0
2018-10-08,3.59,3.59,3.59,3.59,0,0.0,0.0,0.0,0.0,0.0,,0.3,0.0,0.0
2018-10-09,3.59,3.59,3.59,3.59,0,0.0,0.0,0.0,0.0,0.0,,0.3,0.0,0.0
2018-10-10,3.59,3.59,3.59,3.59,0,0.0,0.0,0.0,0.0,0.0,,0.3,0.0,0.0
2018-10-11,3.59,3.59,3.59,3.59,0,0.0,0.0,0.0,0.0,0.0,,0.3,0.0,0.0
2018-10-12,3.59,3.59,3.59,3.59,0,0.0,0.0,0.0,0.0,0.0,,0.3,0.0,0.0
2018-10-15,3.59,3.59,3.59,3.59,0,0.0,0.0,0.0,0.0,0.0,,0.3,0.0,0.0
2018-10-16,3.59,3.59,3.59,3.59,0,0.0,0.0,0.0,0.0,0.0,,0.3,0.0,0.0
2018-10-17,3.59,3.59,3.59,3.59,0,0.0,0.0,0.0,0.0,0.0,,0.3,0.0,0.0
2018-10-18,3.59,3.59,3.59,3.59,0,0.0,0.0,0.0,0.0,0.0,,0.3,0.0,0.0
2018-10-19,3.59,3.59,3.59,3.59,0,0.0,0.0,0.0,0.0,0.0,,0.3,0.0,0.0
2018-10-22,3.59,3.59,3.59,3.59,0,0.0,0.0,0.0,0.0,0.0,,0.3,0.0,0.0
2018-10-23,3.59,3.59,3.59,3.59,0,0.0,0.0,0.0,0.0,0.0,,0.3,0.0,0.0
2018-10-24,3.59,3.59,3.59,3.59,0,0.0,0.0,0.0,0.0,0.0,,0.3,0.0,0.0
2018-10-25,3.394,3.394,3.394,3.394,300,1018.2,0.0,0.0,0.0,0.0,,0.3,0.0,0.0
2018-10-26,3.394,3.394,3.394,3.394,0,0.0,0.0,0.0,0.0,0.0,,0.3,0.0,0.0
2018-10-29,3.394,3.394,3.394,3.394,0,0.0,0.0,0.0,0.0,0.0,,0.3,0.0,0.0
2018-10-30,3.394,3.394,3.394,3.394,0,0.0,0.0,0.0,0.0,0.0,,0.3,0.0,0.0
2018-10-31,3.099,3.099,3.099,3.099,500,1549.5,0.0,0.0,0.0,0.0,,0.3,0.0,0.0
2018-11-01,3.099,3.099,3.099,3.099,0,0.0,0.0,0.0,0.0,0.0,,0.3,0.0,0.0
2018-11-02,2.902,2.902,2.902,2.902,500,1451.0,0.0,0.0,0.0,0.0,,0.3,0.0,0.0
2018-11-05,2.902,2.902,2.902,2.902,0,0.0,0.0,0.0,0.0,0.0,,0.3,0.0,0.0
2018-11-06,2.902,2.902,2.902,2.902,0,0.0,0.0,0.0,0.0,0.0,,0.3,0.0,0.0
2018-11-07,2.902,2.902,2.902,2.902,0,0.0,0.0,0.0,0.0,0.0,,0.3,0.0,0.0
2018-11-08,2.902,2.902,2.902,2.902,0,0.0,0.0,0.0,0.0,0.0,,0.3,0.0,0.0
2018-11-09,2.902,2.902,2.902,2.902,0,0.0,0.0,0.0,0.0,0.0,,0.3,0.0,0.0
2018-11-12,2.902,2.902,2.902,2.902,0,0.0,0.0,0.0,0.0,0.0,,0.3,0.0,0.0
2018-11-13,2.902,2.902,2.902,2.902,0,0.0,0.0,0.0,0.0,0.0,,0.3,0.0,0.0
2018-11-14,2.902,2.902,2.902,2.902,0,0.0,0.0,0.0,0.0,0.0,,0.3,0.0,0.0
2018-11-15,2.902,2.902,2.902,2.902,0,0.0,0.0,0.0,0.0,0.0,,0.3,0.0,0.0
2018-11-16,2.902,2.902,2.902,2.902,0,0.0,0.0,0.0,0.0,0.0,,0.3,0.0,0.0
2018-11-19,2.902,2.902,2.902,2.902,0,0.0,0.0,0.0,0.0,0.0,,0.3,0.0,0.0
2018-11-20,2.902,2.902,2.902,2.902,0,0.0,0.0,0.0,0.0,0.0,,0.3,0.0,0.0
2018-11-21,2.656,2.656,2.656,2.656,100,265.6,0.0,100.0,0.0,0.0,,0.3,0.0,0.0
2018-11-22,2.656,2.656,2.656,2.656,0,0.0,0.0,0.0,0.0,0.0,,0.3,0.0,0.0
2018-11-23,2.656,2.656,2.656,2.656,0,0.0,0.0,0.0,0.0,0.0,,0.3,0.0,0.0
2018-11-26,2.656,2.656,2.656,2.656,0,0.0,0.0,0.0,0.0,0.0,,0.3,0.0,0.0
2018-11-27,2.656,2.656,2.656,2.656,0,0.0,0.0,0.0,0.0,0.0,,0.3,0.0,0.0
2018-11-28,2.656,2.656,2.656,2.656,0,0.0,0.0,0.0,0.0,0.0,,0.3,0.0,0.0
2018-11-29,2.656,2.656,2.656,2.656,0,0.0,0.0,0.0,0.0,0.0,,0.3,0.0,0.0
2018-11-30,2.656,2.656,2.656,2.656,0,0.0,0.0,0.0,0.0,0.0,,0.3,0.0,0.0
2018-12-03,2.656,2.656,2.656,2.656,0,0.0,0.0,0.0,0.0,0.0,,0.3,0.0,0.0
2018-12-04,2.656,2.656,2.656,2.656,0,0.0,0.0,0.0,0.0,0.0,,0.3,0.0,0.0
2018-12-05,2.656,2.656,2.656,2.656,0,0.0,0.0,0.0,0.0,0.0,,0.3,0.0,0.0
2018-12-06,2.656,2.656,2.656,2.656,0,0.0,0.0,0.0,0.0,0.0,,0.3,0.0,0.0
2018-12-07,2.656,2.656,2.656,2.656,0,0.0,0.0,0.0,0.0,0.0,,0.3,0.0,0.0
2018-12-10,2.656,2.656,2.656,2.656,0,0.0,0.0,0.0,0.0,0.0,,0.3,0.0,0.0
2018-12-11,2.656,2.656,2.656,2.656,0,0.0,0.0,0.0,0.0,0.0,,0.3,0.0,0.0
2018-12-12,2.656,2.656,2.656,2.656,0,0.0,0.0,0.0,0.0,0.0,,0.3,0.0,0.0
2018-12-13,2.656,2.656,2.656,2.656,0,0.0,0.0,0.0,0.0,0.0,,0.3,0.0,0.0
2018-12-14,2.656,2.656,2.656,2.656,0,0.0,0.0,0.0,0.0,0.0,,0.3,0.0,0.0
2018-12-17,2.656,2.656,2.656,2.656,0,0.0,0.0,0.0,0.0,0.0,,0.3,0.0,0.0
2018-12-18,2.656,2.656,2.656,2.656,0,0.0,0.0,0.0,0.0,0.0,,0.3,0.0,0.0
2018-12-19,2.656,2.656,2.656,2.656,0,0.0,0.0,0.0,0.0,0.0,,0.3,0.0,0.0
2018-12-20,2.656,2.656,2.656,2.656,0,0.0,0.0,0.0,0.0,0.0,,0.3,0.0,0.0
2018-12-21,2.656,2.656,2.656,2.656,0,0.0,0.0,0.0,0.0,0.0,,0.3,0.0,0.0
2018-12-24,2.656,2.656,2.656,2.656,0,0.0,0.0,0.0,0.0,0.0,,0.3,0.0,0.0
2018-12-25,2.656,2.656,2.656,2.656,0,0.0,0.0,0.0,0.0,0.0,,0.3,0.0,0.0
2018-12-26,2.656,2.656,2.656,2.656,0,0.0,0.0,0.0,0.0,0.0,,0.3,0.0,0.0
2018-12-27,2.656,2.656,2.656,2.656,0,0.0,0.0,0.0,0.0,0.0,,0.3,0.0,0.0
2018-12-28,2.656,2.656,2.656,2.656,0,0.0,0.0,0.0,0.0,0.0,,0.3,0.0,0.0
2019-01-02,2.656,2.656,2.656,2.656,0,0.0,0.0,0.0,0.0,0.0,,0.3,0.0,0.0
2019-01-03,2.656,2.656,2.656,2.656,0,0.0,0.0,0.0,0.0,0.0,,0.3,0.0,0.0
2019-01-04,2.656,2.656,2.656,2.656,0,0.0,0.0,0.0,0.0,0.0,,0.3,0.0,0.0
2019-01-07,2.656,2.656,2.656,2.656,0,0.0,0.0,0.0,0.0,0.0,,0.3,0.0,0.0
2019-01-08,2.656,2.656,2.656,2.656,0,0.0,0.0,0.0,0.0,0.0,,0.3,0.0,0.0
2019-01-09,2.656,2.656,2.656,2.656,0,0.0,0.0,0.0,0.0,0.0,,0.3,0.0,0.0
2019-01-10,2.656,2.656,2.656,2.656,0,0.0,0.0,0.0,0.0,0.0,,0.3,0.0,0.0
2019-01-11,2.656,2.656,2.656,2.656,0,0.0,0.0,0.0,0.0,0.0,,0.3,0.0,0.0
2019-01-14,2.656,2.656,2.656,2.656,0,0.0,0.0,0.0,0.0,0.0,,0.3,0.0,0.0
2019-01-15,2.656,2.656,2.656,2.656,0,0.0,0.0,0.0,0.0,0.0,,0.3,0.0,0.0
2019-01-16,2.656,2.656,2.656,2.656,0,0.0,0.0,0.0,0.0,0.0,,0.3,0.0,0.0
2019-01-17,2.656,2.656,2.656,2.656,0,0.0,0.0,0.0,0.0,0.0,,0.3,0.0,0.0
2019-01-18,2.656,2.656,2.656,2.656,0,0.0,0.0,0.0,0.0,0.0,,0.3,0.0,0.0
2019-01-21,2.656,2.656,2.656,2.656,0,0.0,0.0,0.0,0.0,0.0,,0.3,0.0,0.0
2019-01-22,2.656,2.656,2.656,2.656,0,0.0,0.0,0.0,0.0,0.0,,0.3,0.0,0.0
2019-01-23,2.656,2.656,2.656,2.656,0,0.0,0.0,0.0,0.0,0.0,,0.3,0.0,0.0
2019-01-24,2.656,2.656,2.656,2.656,0,0.0,0.0,0.0,0.0,0.0,,0.3,0.0,0.0
2019-01-25,2.656,2.656,2.656,2.656,0,0.0,0.0,0.0,0.0,0.0,,0.3,0.0,0.0
2019-01-28,2.656,2.656,2.656,2.656,0,0.0,0.0,0.0,0.0,0.0,,0.3,0.0,0.0
2019-01-29,2.656,2.656,2.656,2.656,0,0.0,0.0,0.0,0.0,0.0,,0.3,0.0,0.0
2019-01-30,2.656,2.656,2.656,2.656,0,0.0,0.0,0.0,0.0,0.0,,0.3,0.0,0.0
2019-01-31,2.656,2.656,2.656,2.656,0,0.0,0.0,0.0,0.0,0.0,,0.3,0.0,0.0
2019-02-01,2.656,2.656,2.656,2.656,0,0.0,0.0,0.0,0.0,0.0,,0.3,0.0,0.0
2019-02-11,2.656,2.656,2.656,2.656,0,0.0,0.0,0.0,0.0,0.0,,0.3,0.0,0.0
2019-02-12,2.656,2.656,2.656,2.656,0,0.0,0.0,0.0,0.0,0.0,,0.3,0.0,0.0
2019-02-13,2.656,2.656,2.656,2.656,0,0.0,0.0,0.0,0.0,0.0,,0.3,0.0,0.0
2019-02-14,2.656,2.656,2.656,2.656,0,0.0,0.0,0.0,0.0,0.0,,0.3,0.0,0.0
2019-02-15,2.656,2.656,2.656,2.656,0,0.0,0.0,0.0,0.0,0.0,,0.3,0.0,0.0
2019-02-18,2.656,2.656,2.656,2.656,0,0.0,0.0,0.0,0.0,0.0,,0.3,0.0,0.0
2019-02-19,2.656,2.656,2.656,2.656,0,0.0,0.0,0.0,0.0,0.0,,0.3,0.0,0.0
2019-02-20,2.656,2.656,2.656,2.656,0,0.0,0.0,0.0,0.0,0.0,,0.3,0.0,0.0
2019-02-21,2.656,2.656,2.656,2.656,0,0.0,0.0,0.0,0.0,0.0,,0.3,0.0,0.0
2019-02-22,2.656,2.656,2.656,2.656,0,0.0,0.0,0.0,0.0,0.0,,0.3,0.0,0.0
2019-02-25,2.656,2.656,2.656,2.656,0,0.0,0.0,0.0,0.0,0.0,,0.3,0.0,0.0
2019-02-26,2.656,2.656,2.656,2.656,0,0.0,0.0,0.0,0.0,0.0,,0.3,0.0,0.0
2019-02-27,2.656,2.656,2.656,2.656,0,0.0,0.0,0.0,0.0,0.0,,0.3,0.0,0.0
2019-02-28,2.656,2.656,2.656,2.656,0,0.0,0.0,0.0,0.0,0.0,,0.3,0.0,0.0
2019-03-01,2.656,2.656,2.656,2.656,0,0.0,0.0,0.0,0.0,0.0,,0.3,0.0,0.0
2019-03-04,2.656,2.656,2.656,2.656,0,0.0,0.0,0.0,0.0,0.0,,0.3,0.0,0.0
2019-03-05,2.656,2.656,2.656,2.656,0,0.0,0.0,0.0,0.0,0.0,,0.3,0.0,0.0
2019-03-06,2.656,2.656,2.656,2.656,0,0.0,0.0,0.0,0.0,0.0,,0.3,0.0,0.0
2019-03-07,2.656,2.656,2.656,2.656,0,0.0,0.0,0.0,0.0,0.0,,0.3,0.0,0.0
2019-03-08,2.656,2.656,2.656,2.656,1,2.656,0.0,0.0,0.0,0.0,,0.3,0.0,0.0
2019-03-11,2.656,2.656,2.656,2.656,0,0.0,0.0,0.0,0.0,0.0,,0.3,0.0,0.0
2019-03-12,2.656,2.656,2.656,2.656,0,0.0,0.0,0.0,0.0,0.0,,0.3,0.0,0.0
2019-03-13,2.656,2.656,2.656,2.656,0,0.0,0.0,0.0,0.0,0.0,,0.3,0.0,0.0
2019-03-14,2.656,2.656,2.656,2.656,0,0.0,0.0,0.0,0.0,0.0,,0.3,0.0,0.0
2019-03-15,2.656,2.656,2.656,2.656,0,0.0,0.0,0.0,0.0,0.0,,0.3,0.0,0.0
2019-03-18,2.656,2.656,2.656,2.656,0,0.0,0.0,0.0,0.0,0.0,,0.3,0.0,0.0
2019-03-19,2.656,2.656,2.656,2.656,0,0.0,0.0,0.0,0.0,0.0,,0.3,0.0,0.0
2019-03-20,2.656,2.656,2.656,2.656,0,0.0,0.0,0.0,0.0,0.0,,0.3,0.0,0.0
2019-03-21,2.656,2.656,2.656,2.656,0,0.0,0.0,0.0,0.0,0.0,,0.3,0.0,0.0
2019-03-22,2.656,2.656,2.656,2.656,0,0.0,0.0,0.0,0.0,0.0,,0.3,0.0,0.0
2019-03-25,2.656,2.656,2.656,2.656,0,0.0,0.0,0.0,0.0,0.0,,0.3,0.0,0.0
2019-03-26,2.656,2.656,2.656,2.656,0,0.0,0.0,0.0,0.0,0.0,,0.3,0.0,0.0
2019-03-27,2.656,2.656,2.656,2.656,0,0.0,0.0,0.0,0.0,0.0,,0.3,0.0,0.0
2019-03-28,2.656,2.656,2.656,2.656,0,0.0,0.0,0.0,0.0,0.0,,0.3,0.0,0.0
2019-03-29,2.656,2.656,2.656,2.656,0,0.0,0.0,0.0,0.0,0.0,,0.3,0.0,0.0
2019-04-01,2.656,2.656,2.656,2.656,0,0.0,0.0,0.0,0.0,0.0,,0.3,0.0,0.0
2019-04-02,2.656,2.656,2.656,2.656,0,0.0,0.0,0.0,0.0,0.0,,0.3,0.0,0.0
2019-04-03,2.656,2.656,2.656,2.656,0,0.0,0.0,0.0,0.0,0.0,,0.3,0.0,0.0
2019-04-04,2.656,2.656,2.656,2.656,0,0.0,0.0,0.0,0.0,0.0,,0.3,0.0,0.0
2019-04-05,2.656,2.656,2.656,2.656,0,0.0,0.0,0.0,0.0,0.0,,0.3,0.0,0.0
2019-04-08,2.656,2.656,2.656,2.656,0,0.0,0.0,0.0,0.0,0.0,,0.3,0.0,0.0
2019-04-09,2.656,2.656,2.656,2.656,0,0.0,0.0,0.0,0.0,0.0,,0.3,0.0,0.0
2019-04-10,2.656,2.656,2.656,2.656,0,0.0,0.0,0.0,0.0,0.0,,0.3,0.0,0.0
2019-04-11,2.656,2.656,2.656,2.656,0,0.0,0.0,0.0,0.0,0.0,,0.3,0.0,0.0
2019-04-12,2.656,2.656,2.656,2.656,0,0.0,0.0,0.0,0.0,0.0,,0.3,0.0,0.0
2019-04-16,2.656,2.656,2.656,2.656,0,0.0,0.0,0.0,0.0,0.0,,0.3,0.0,0.0
2019-04-17,2.656,2.656,2.656,2.656,0,0.0,0.0,0.0,0.0,0.0,,0.3,0.0,0.0
2019-04-18,2.656,2.656,2.656,2.656,0,0.0,0.0,0.0,0.0,0.0,,0.3,0.0,0.0
2019-04-19,2.656,2.656,2.656,2.656,0,0.0,0.0,0.0,0.0,0.0,,0.3,0.0,0.0
2019-04-22,2.656,2.656,2.656,2.656,0,0.0,0.0,0.0,0.0,0.0,,0.3,0.0,0.0
2019-04-23,2.656,2.656,2.656,2.656,0,0.0,0.0,0.0,0.0,0.0,,0.3,0.0,0.0
2019-04-24,2.656,2.656,2.656,2.656,0,0.0,0.0,0.0,0.0,0.0,,0.3,0.0,0.0
2019-04-25,2.656,2.656,2.656,2.656,0,0.0,0.0,0.0,0.0,0.0,,0.3,0.0,0.0
2019-04-26,2.656,2.656,2.656,2.656,0,0.0,0.0,0.0,0.0,0.0,,0.3,0.0,0.0
2019-05-02,2.656,2.656,2.656,2.656,0,0.0,0.0,0.0,0.0,0.0,,0.3,0.0,0.0
2019-05-03,2.656,2.656,2.656,2.656,0,0.0,0.0,0.0,0.0,0.0,,0.3,0.0,0.0
2019-05-06,2.656,2.656,2.656,2.656,0,0.0,0.0,0.0,0.0,0.0,,0.3,0.0,0.0
2019-05-07,2.656,2.656,2.656,2.656,0,0.0,0.0,0.0,0.0,0.0,,0.3,0.0,0.0
2019-05-08,2.656,2.656,2.656,2.656,0,0.0,0.0,0.0,0.0,0.0,,0.3,0.0,0.0
2019-05-09,2.887,2.887,2.887,2.887,100,288.7,0.0,100.0,0.0,0.0,,0.3,0.0,0.0
2019-05-10,2.887,2.887,2.887,2.887,0,0.0,0.0,0.0,0.0,0.0,,0.3,0.0,0.0
2019-05-13,2.887,2.887,2.887,2.887,0,0.0,0.0,0.0,0.0,0.0,,0.3,0.0,0.0
2019-05-14,2.887,2.887,2.887,2.887,0,0.0,0.0,0.0,0.0,0.0,,0.3,0.0,0.0
2019-05-15,2.887,2.887,2.887,2.887,0,0.0,0.0,0.0,0.0,0.0,,0.3,0.0,0.0
2019-05-16,2.887,2.887,2.887,2.887,0,0.0,0.0,0.0,0.0,0.0,,0.3,0.0,0.0
2019-05-17,2.887,2.887,2.887,2.887,0,0.0,0.0,0.0,0.0,0.0,,0.3,0.0,0.0
2019-05-20,2.887,2.887,2.887,2.887,0,0.0,0.0,0.0,0.0,0.0,,0.3,0.0,0.0
2019-05-21,2.887,2.887,2.887,2.887,0,0.0,0.0,0.0,0.0,0.0,,0.3,0.0,0.0
2019-05-22,2.887,2.887,2.887,2.887,0,0.0,0.0,0.0,0.0,0.0,,0.3,0.0,0.0
2019-05-23,2.887,2.887,2.887,2.887,0,0.0,0.0,0.0,0.0,0.0,,0.3,0.0,0.0
2019-05-24,2.887,2.887,2.887,2.887,0,0.0,0.0,0.0,0.0,0.0,,0.3,0.0,0.0
2019-05-27,2.887,2.887,2.887,2.887,0,0.0,0.0,0.0,0.0,0.0,,0.3,0.0,0.0
2019-05-28,2.887,2.887,2.887,2.887,0,0.0,0.0,0.0,0.0,0.0,,0.3,0.0,0.0
2019-05-29,2.887,2.887,2.887,2.887,0,0.0,0.0,0.0,0.0,0.0,,0.3,0.0,0.0
2019-05-30,2.887,2.887,2.887,2.887,0,0.0,0.0,0.0,0.0,0.0,,0.3,0.0,0.0
2019-05-31,2.887,2.887,2.887,2.887,0,0.0,0.0,0.0,0.0,0.0,,0.3,0.0,0.0
2019-06-03,2.887,2.887,2.887,2.887,0,0.0,0.0,0.0,0.0,0.0,,0.3,0.0,0.0
2019-06-04,2.887,2.887,2.887,2.887,0,0.0,0.0,0.0,0.0,0.0,,0.3,0.0,0.0
2019-06-05,2.887,2.887,2.887,2.887,0,0.0,0.0,0.0,0.0,0.0,,0.3,0.0,0.0
2019-06-06,2.887,2.887,2.887,2.887,0,0.0,0.0,0.0,0.0,0.0,,0.3,0.0,0.0
2019-06-07,2.887,2.887,2.887,2.887,0,0.0,0.0,0.0,0.0,0.0,,0.3,0.0,0.0
2019-06-10,2.887,2.887,2.887,2.887,0,0.0,0.0,0.0,0.0,0.0,,0.3,0.0,0.0
2019-06-11,3.138,3.138,3.138,3.138,100,313.8,0.0,100.0,0.0,0.0,,0.3,0.0,0.0
2019-06-12,3.138,3.138,3.138,3.138,0,0.0,0.0,0.0,0.0,0.0,,0.3,0.0,0.0
2019-06-13,3.138,3.138,3.138,3.138,0,0.0,0.0,0.0,0.0,0.0,,0.3,0.0,0.0
2019-06-14,3.138,3.138,3.138,3.138,0,0.0,0.0,0.0,0.0,0.0,,0.3,0.0,0.0
2019-06-17,3.138,3.138,3.138,3.138,0,0.0,0.0,0.0,0.0,0.0,,0.3,0.0,0.0
2019-06-18,3.451,3.451,3.451,3.451,100,345.1,0.0,0.0,0.0,0.0,,0.3,0.0,0.0
2019-06-19,3.451,3.451,3.451,3.451,0,0.0,0.0,0.0,0.0,0.0,,0.3,0.0,0.0
2019-06-20,3.451,3.451,3.451,3.451,0,0.0,0.0,0.0,0.0,0.0,,0.3,0.0,0.0
2019-06-21,3.451,3.451,3.451,3.451,0,0.0,0.0,0.0,0.0,0.0,,0.3,0.0,0.0
2019-06-24,3.451,3.451,3.451,3.451,1,3.451,0.0,0.0,0.0,0.0,,0.3,0.0,0.0
2019-06-25,3.451,3.451,3.451,3.451,0,0.0,0.0,0.0,0.0,0.0,,0.3,0.0,0.0
2019-06-26,3.451,3.451,3.451,3.451,0,0.0,0.0,0.0,0.0,0.0,,0.3,0.0,0.0
2019-06-27,3.451,3.451,3.451,3.451,0,0.0,0.0,0.0,0.0,0.0,,0.3,0.0,0.0
2019-06-28,3.451,3.451,3.451,3.451,0,0.0,0.0,0.0,0.0,0.0,,0.3,0.0,0.0
2019-07-01,3.451,3.451,3.451,3.451,0,0.0,0.0,0.0,0.0,0.0,,0.3,0.0,0.0
2019-07-02,3.451,3.451,3.451,3.451,0,0.0,0.0,0.0,0.0,0.0,,0.3,0.0,0.0
2019-07-03,3.451,3.451,3.451,3.451,0,0.0,0.0,0.0,0.0,0.0,,0.3,0.0,0.0
2019-07-04,3.451,3.451,3.451,3.451,0,0.0,0.0,0.0,0.0,0.0,,0.3,0.0,0.0
2019-07-05,3.451,3.451,3.451,3.451,0,0.0,0.0,0.0,0.0,0.0,,0.3,0.0,0.0
2019-07-08,3.451,3.451,3.451,3.451,0,0.0,0.0,0.0,0.0,0.0,,0.3,0.0,0.0
2019-07-09,3.451,3.451,3.451,3.451,0,0.0,0.0,0.0,0.0,0.0,,0.3,0.0,0.0
2019-07-10,3.451,3.451,3.451,3.451,0,0.0,0.0,0.0,0.0,0.0,,0.3,0.0,0.0
2019-07-11,3.451,3.451,3.451,3.451,0,0.0,0.0,0.0,0.0,0.0,,0.3,0.0,0.0
2019-07-12,3.451,3.451,3.451,3.451,0,0.0,0.0,0.0,0.0,0.0,,0.3,0.0,0.0
2019-07-15,3.451,3.451,3.451,3.451,0,0.0,0.0,0.0,0.0,0.0,,0.3,0.0,0.0
2019-07-16,3.451,3.451,3.451,3.451,0,0.0,0.0,0.0,0.0,0.0,,0.3,0.0,0.0
2019-07-17,3.451,3.451,3.451,3.451,0,0.0,0.0,0.0,0.0,0.0,,0.3,0.0,0.0
2019-07-18,3.451,3.451,3.451,3.451,0,0.0,0.0,0.0,0.0,0.0,,0.3,0.0,0.0
2019-07-19,3.451,3.451,3.451,3.451,0,0.0,0.0,0.0,0.0,0.0,,0.3,0.0,0.0
2019-07-22,3.451,3.451,3.451,3.451,0,0.0,0.0,0.0,0.0,0.0,,0.3,0.0,0.0
2019-07-23,3.451,3.451,3.451,3.451,0,0.0,0.0,0.0,0.0,0.0,,0.3,0.0,0.0
2019-07-24,3.451,3.451,3.451,3.451,0,0.0,0.0,0.0,0.0,0.0,,0.3,0.0,0.0
2019-07-25,3.451,3.451,3.451,3.451,0,0.0,0.0,0.0,0.0,0.0,,0.3,0.0,0.0
2019-07-26,3.451,3.451,3.451,3.451,0,0.0,0.0,0.0,0.0,0.0,,0.3,0.0,0.0
2019-07-29,3.451,3.451,3.451,3.451,0,0.0,0.0,0.0,0.0,0.0,,0.3,0.0,0.0
2019-07-30,3.451,3.451,3.451,3.451,0,0.0,0.0,0.0,0.0,0.0,,0.3,0.0,0.0
2019-07-31,3.451,3.451,3.451,3.451,0,0.0,0.0,0.0,0.0,0.0,,0.3,0.0,0.0
2019-08-01,3.451,3.451,3.451,3.451,0,0.0,0.0,0.0,0.0,0.0,,0.3,0.0,0.0
2019-08-02,3.765,3.765,3.765,3.765,100,376.5,0.0,0.0,0.0,0.0,,0.3,0.0,0.0
2019-08-05,3.389,3.389,3.389,3.389,100,338.9,0.0,100.0,0.0,0.0,,0.3,0.0,0.0
2019-08-06,3.075,3.075,3.075,3.075,100,307.5,0.0,100.0,0.0,0.0,,0.3,0.0,0.0
2019-08-07,2.824,2.824,2.824,2.824,100,282.4,0.0,100.0,0.0,0.0,,0.3,0.0,0.0
2019-08-08,2.573,3.075,2.573,3.075,600,1845.0,0.0,100.0,0.0,0.0,,0.3,0.0,0.0
2019-08-09,3.075,3.075,3.075,3.075,0,0.0,0.0,0.0,0.0,0.0,,0.3,0.0,0.0
2019-08-12,3.075,3.075,3.075,3.075,0,0.0,0.0,0.0,0.0,0.0,,0.3,0.0,0.0
2019-08-13,3.075,3.075,3.075,3.075,0,0.0,0.0,0.0,0.0,0.0,,0.3,0.0,0.0
2019-08-14,3.326,3.326,3.326,3.326,100,332.6,0.0,0.0,0.0,0.0,,0.3,0.0,0.0
2019-08-15,3.64,3.64,3.64,3.64,200,728.0,0.0,0.0,0.0,0.0,,0.3,0.0,0.0
2019-08-16,3.389,3.954,3.389,3.954,600,2372.4,0.0,100.0,0.0,0.0,,0.3,0.0,0.0
2019-08-19,3.64,4.33,3.64,4.33,200,866.0,0.0,100.0,0.0,0.0,,0.3,0.0,0.0
2019-08-20,3.954,3.954,3.954,3.954,100,395.4,0.0,100.0,0.0,0.0,,0.3,0.0,0.0
2019-08-21,3.954,3.954,3.954,3.954,0,0.0,0.0,0.0,0.0,0.0,,0.3,0.0,0.0
2019-08-22,3.577,3.577,3.577,3.577,100,357.7,0.0,100.0,0.0,0.0,,0.3,0.0,0.0
2019-08-23,3.577,3.577,3.577,3.577,0,0.0,0.0,0.0,0.0,0.0,,0.3,0.0,0.0
2019-08-26,3.577,3.577,3.577,3.577,0,0.0,0.0,0.0,0.0,0.0,,0.3,0.0,0.0
2019-08-27,3.577,3.577,3.577,3.577,0,0.0,0.0,0.0,0.0,0.0,,0.3,0.0,0.0
2019-08-28,3.577,3.577,3.577,3.577,0,0.0,0.0,0.0,0.0,0.0,,0.3,0.0,0.0
2019-08-29,3.577,3.577,3.577,3.577,0,0.0,0.0,0.0,0.0,0.0,,0.3,0.0,0.0
2019-08-30,3.577,3.577,3.577,3.577,0,0.0,0.0,0.0,0.0,0.0,,0.3,0.0,0.0
2019-09-03,3.577,3.577,3.577,3.577,0,0.0,0.0,0.0,0.0,0.0,,0.3,0.0,0.0
2019-09-04,3.577,3.577,3.577,3.577,0,0.0,0.0,0.0,0.0,0.0,,0.3,0.0,0.0
2019-09-05,3.577,3.577,3.577,3.577,0,0.0,0.0,0.0,0.0,0.0,,0.3,0.0,0.0
2019-09-06,3.577,3.577,3.577,3.577,0,0.0,0.0,0.0,0.0,0.0,,0.3,0.0,0.0
2019-09-09,3.577,3.577,3.577,3.577,0,0.0,0.0,0.0,0.0,0.0,,0.3,0.0,0.0
2019-09-10,3.577,3.577,3.577,3.577,0,0.0,0.0,0.0,0.0,0.0,,0.3,0.0,0.0
2019-09-11,3.577,3.577,3.577,3.577,0,0.0,0.0,0.0,0.0,0.0,,0.3,0.0,0.0
2019-09-12,3.577,3.577,3.577,3.577,0,0.0,0.0,0.0,0.0,0.0,,0.3,0.0,0.0
2019-09-13,3.577,3.577,3.577,3.577,0,0.0,0.0,0.0,0.0,0.0,,0.3,0.0,0.0
2019-09-16,3.577,3.577,3.577,3.577,0,0.0,0.0,0.0,0.0,0.0,,0.3,0.0,0.0
2019-09-17,3.577,3.577,3.577,3.577,0,0.0,0.0,0.0,0.0,0.0,,0.3,0.0,0.0
2019-09-18,3.577,3.577,3.577,3.577,0,0.0,0.0,0.0,0.0,0.0,,0.3,0.0,0.0
2019-09-19,3.577,3.577,3.577,3.577,0,0.0,0.0,0.0,0.0,0.0,,0.3,0.0,0.0
2019-09-20,3.577,3.577,3.577,3.577,0,0.0,0.0,0.0,0.0,0.0,,0.3,0.0,0.0
2019-09-23,3.577,3.577,3.577,3.577,0,0.0,0.0,0.0,0.0,0.0,,0.3,0.0,0.0
2019-09-24,3.577,3.577,3.577,3.577,0,0.0,0.0,0.0,0.0,0.0,,0.3,0.0,0.0
2019-09-25,3.577,3.577,3.577,3.577,0,0.0,0.0,0.0,0.0,0.0,,0.3,0.0,0.0
2019-09-26,3.577,3.577,3.577,3.577,0,0.0,0.0,0.0,0.0,0.0,,0.3,0.0,0.0
2019-09-27,3.577,3.577,3.577,3.577,0,0.0,0.0,0.0,0.0,0.0,,0.3,0.0,0.0
2019-09-30,3.577,3.577,3.577,3.577,0,0.0,0.0,0.0,0.0,0.0,,0.3,0.0,0.0
2019-10-01,3.577,3.577,3.577,3.577,0,0.0,0.0,0.0,0.0,0.0,,0.3,0.0,0.0
2019-10-02,3.577,3.577,3.577,3.577,0,0.0,0.0,0.0,0.0,0.0,,0.3,0.0,0.0
2019-10-03,3.577,3.577,3.577,3.577,0,0.0,0.0,0.0,0.0,0.0,,0.3,0.0,0.0
2019-10-04,3.577,3.577,3.577,3.577,0,0.0,0.0,0.0,0.0,0.0,,0.3,0.0,0.0
2019-10-07,3.577,3.577,3.577,3.577,0,0.0,0.0,0.0,0.0,0.0,,0.3,0.0,0.0
2019-10-08,3.577,3.577,3.577,3.577,0,0.0,0.0,0.0,0.0,0.0,,0.3,0.0,0.0
2019-10-09,3.577,3.577,3.577,3.577,0,0.0,0.0,0.0,0.0,0.0,,0.3,0.0,0.0
2019-10-10,3.577,3.577,3.577,3.577,0,0.0,0.0,0.0,0.0,0.0,,0.3,0.0,0.0
2019-10-11,3.577,3.577,3.577,3.577,0,0.0,0.0,0.0,0.0,0.0,,0.3,0.0,0.0
2019-10-14,3.577,3.577,3.577,3.577,0,0.0,0.0,0.0,0.0,0.0,,0.3,0.0,0.0
2019-10-15,3.577,3.577,3.577,3.577,0,0.0,0.0,0.0,0.0,0.0,,0.3,0.0,0.0
2019-10-16,3.577,3.577,3.577,3.577,0,0.0,0.0,0.0,0.0,0.0,,0.3,0.0,0.0
2019-10-17,3.577,3.577,3.577,3.577,0,0.0,0.0,0.0,0.0,0.0,,0.3,0.0,0.0
2019-10-18,3.577,3.577,3.577,3.577,0,0.0,0.0,0.0,0.0,0.0,,0.3,0.0,0.0
2019-10-21,3.577,3.577,3.577,3.577,0,0.0,0.0,0.0,0.0,0.0,,0.3,0.0,0.0
2019-10-22,3.577,3.577,3.577,3.577,0,0.0,0.0,0.0,0.0,0.0,,0.3,0.0,0.0
2019-10-23,3.577,3.577,3.577,3.577,0,0.0,0.0,0.0,0.0,0.0,,0.3,0.0,0.0
2019-10-24,3.577,3.577,3.577,3.577,0,0.0,0.0,0.0,0.0,0.0,,0.3,0.0,0.0
2019-10-25,3.577,3.577,3.577,3.577,0,0.0,0.0,0.0,0.0,0.0,,0.3,0.0,0.0
2019-10-28,3.577,3.577,3.577,3.577,0,0.0,0.0,0.0,0.0,0.0,,0.3,0.0,0.0
2019-10-29,3.577,3.577,3.577,3.577,0,0.0,0.0,0.0,0.0,0.0,,0.3,0.0,0.0
2019-10-30,3.577,3.577,3.577,3.577,0,0.0,0.0,0.0,0.0,0.0,,0.3,0.0,0.0
2019-10-31,3.577,3.577,3.577,3.577,0,0.0,0.0,0.0,0.0,0.0,,0.3,0.0,0.0
2019-11-01,3.577,3.577,3.577,3.577,0,0.0,0.0,0.0,0.0,0.0,,0.3,0.0,0.0
2019-11-04,3.577,3.577,3.577,3.577,0,0.0,0.0,0.0,0.0,0.0,,0.3,0.0,0.0
2019-11-05,3.577,3.577,3.577,3.577,0,0.0,0.0,0.0,0.0,0.0,,0.3,0.0,0.0
2019-11-06,3.577,3.577,3.577,3.577,0,0.0,0.0,0.0,0.0,0.0,,0.3,0.0,0.0
2019-11-07,3.577,3.577,3.577,3.577,0,0.0,0.0,0.0,0.0,0.0,,0.3,0.0,0.0
2019-11-08,3.577,3.577,3.577,3.577,0,0.0,0.0,0.0,0.0,0.0,,0.3,0.0,0.0
2019-11-11,3.577,3.577,3.577,3.577,0,0.0,0.0,0.0,0.0,0.0,,0.3,0.0,0.0
2019-11-12,3.577,3.577,3.577,3.577,0,0.0,0.0,0.0,0.0,0.0,,0.3,0.0,0.0
2019-11-13,3.577,3.577,3.577,3.577,0,0.0,0.0,0.0,0.0,0.0,,0.3,0.0,0.0
2019-11-14,3.577,3.577,3.577,3.577,0,0.0,0.0,0.0,0.0,0.0,,0.3,0.0,0.0
2019-11-15,3.577,3.577,3.577,3.577,0,0.0,0.0,0.0,0.0,0.0,,0.3,0.0,0.0
2019-11-18,3.577,3.577,3.577,3.577,0,0.0,0.0,0.0,0.0,0.0,,0.3,0.0,0.0
2019-11-19,3.577,3.577,3.577,3.577,0,0.0,0.0,0.0,0.0,0.0,,0.3,0.0,0.0
2019-11-20,3.577,3.577,3.577,3.577,0,0.0,0.0,0.0,0.0,0.0,,0.3,0.0,0.0
2019-11-21,3.577,3.577,3.577,3.577,0,0.0,0.0,0.0,0.0,0.0,,0.3,0.0,0.0
2019-11-22,3.577,3.577,3.577,3.577,0,0.0,0.0,0.0,0.0,0.0,,0.3,0.0,0.0
2019-11-25,3.577,3.577,3.577,3.577,0,0.0,0.0,0.0,0.0,0.0,,0.3,0.0,0.0
2019-11-26,3.577,3.577,3.577,3.577,0,0.0,0.0,0.0,0.0,0.0,,0.3,0.0,0.0
2019-11-27,3.577,3.577,3.577,3.577,0,0.0,0.0,0.0,0.0,0.0,,0.3,0.0,0.0
2019-11-28,3.577,3.577,3.577,3.577,0,0.0,0.0,0.0,0.0,0.0,,0.3,0.0,0.0
2019-11-29,3.577,3.577,3.577,3.577,0,0.0,0.0,0.0,0.0,0.0,,0.3,0.0,0.0
2019-12-02,3.577,3.577,3.577,3.577,0,0.0,0.0,0.0,0.0,0.0,,0.3,0.0,0.0
2019-12-03,3.577,3.577,3.577,3.577,0,0.0,0.0,0.0,0.0,0.0,,0.3,0.0,0.0
2019-12-04,3.577,3.577,3.577,3.577,0,0.0,0.0,0.0,0.0,0.0,,0.3,0.0,0.0
2019-12-05,3.577,3.577,3.577,3.577,0,0.0,0.0,0.0,0.0,0.0,,0.3,0.0,0.0
2019-12-06,3.577,3.577,3.577,3.577,0,0.0,0.0,0.0,0.0,0.0,,0.3,0.0,0.0
2019-12-09,3.577,3.577,3.577,3.577,0,0.0,0.0,0.0,0.0,0.0,,0.3,0.0,0.0
2019-12-10,3.577,3.577,3.577,3.577,0,0.0,0.0,0.0,0.0,0.0,,0.3,0.0,0.0
2019-12-11,3.577,3.577,3.577,3.577,0,0.0,0.0,0.0,0.0,0.0,,0.3,0.0,0.0
2019-12-12,3.577,3.577,3.577,3.577,0,0.0,0.0,0.0,0.0,0.0,,0.3,0.0,0.0
2019-12-13,3.577,3.577,3.577,3.577,0,0.0,0.0,0.0,0.0,0.0,,0.3,0.0,0.0
2019-12-16,3.577,3.577,3.577,3.577,0,0.0,0.0,0.0,0.0,0.0,,0.3,0.0,0.0
2019-12-17,3.577,3.577,3.577,3.577,0,0.0,0.0,0.0,0.0,0.0,,0.3,0.0,0.0
2019-12-18,3.577,3.577,3.577,3.577,0,0.0,0.0,0.0,0.0,0.0,,0.3,0.0,0.0
2019-12-19,3.577,3.577,3.577,3.577,0,0.0,0.0,0.0,0.0,0.0,,0.3,0.0,0.0
2019-12-20,3.577,3.577,3.577,3.577,0,0.0,0.0,0.0,0.0,0.0,,0.3,0.0,0.0
2019-12-23,3.577,3.577,3.577,3.577,0,0.0,0.0,0.0,0.0,0.0,,0.3,0.0,0.0
2019-12-24,3.577,3.577,3.577,3.577,0,0.0,0.0,0.0,0.0,0.0,,0.3,0.0,0.0
2019-12-25,3.577,3.577,3.577,3.577,0,0.0,0.0,0.0,0.0,0.0,,0.3,0.0,0.0
2019-12-26,3.577,3.577,3.577,3.577,0,0.0,0.0,0.0,0.0,0.0,,0.3,0.0,0.0
2019-12-27,3.577,3.577,3.577,3.577,0,0.0,0.0,0.0,0.0,0.0,,0.3,0.0,0.0
2019-12-30,3.577,3.577,3.577,3.577,0,0.0,0.0,0.0,0.0,0.0,,0.3,0.0,0.0
2019-12-31,3.577,3.577,3.577,3.577,0,0.0,0.0,0.0,0.0,0.0,,0.3,0.0,0.0
2020-01-02,3.577,3.577,3.577,3.577,0,0.0,0.0,0.0,0.0,0.0,,0.3,0.0,0.0
2020-01-03,3.577,3.577,3.577,3.577,0,0.0,0.0,0.0,0.0,0.0,,0.3,0.0,0.0
2020-01-06,3.577,3.577,3.577,3.577,0,0.0,0.0,0.0,0.0,0.0,,0.3,0.0,0.0
2020-01-07,3.577,3.577,3.577,3.577,0,0.0,0.0,0.0,0.0,0.0,,0.3,0.0,0.0
2020-01-08,3.577,3.577,3.577,3.577,0,0.0,0.0,0.0,0.0,0.0,,0.3,0.0,0.0
2020-01-09,3.577,3.577,3.577,3.577,0,0.0,0.0,0.0,0.0,0.0,,0.3,0.0,0.0
2020-01-10,3.577,3.577,3.577,3.577,0,0.0,0.0,0.0,0.0,0.0,,0.3,0.0,0.0
2020-01-13,3.577,3.577,3.577,3.577,0,0.0,0.0,0.0,0.0,0.0,,0.3,0.0,0.0
2020-01-14,3.577,3.577,3.577,3.577,0,0.0,0.0,0.0,0.0,0.0,,0.3,0.0,0.0
2020-01-15,3.577,3.577,3.577,3.577,0,0.0,0.0,0.0,0.0,0.0,,0.3,0.0,0.0
2020-01-16,3.577,3.577,3.577,3.577,0,0.0,0.0,0.0,0.0,0.0,,0.3,0.0,0.0
2020-01-17,3.577,3.577,3.577,3.577,0,0.0,0.0,0.0,0.0,0.0,,0.3,0.0,0.0
2020-01-20,3.577,3.577,3.577,3.577,0,0.0,0.0,0.0,0.0,0.0,,0.3,0.0,0.0
2020-01-21,3.577,3.577,3.577,3.577,0,0.0,0.0,0.0,0.0,0.0,,0.3,0.0,0.0
2020-01-22,3.577,3.577,3.577,3.577,0,0.0,0.0,0.0,0.0,0.0,,0.3,0.0,0.0
2020-01-30,3.577,3.577,3.577,3.577,0,0.0,0.0,0.0,0.0,0.0,,0.3,0.0,0.0
2020-01-31,3.577,3.577,3.577,3.577,0,0.0,0.0,0.0,0.0,0.0,,0.3,0.0,0.0
2020-02-03,3.577,3.577,3.577,3.577,0,0.0,0.0,0.0,0.0,0.0,,0.3,0.0,0.0
2020-02-04,3.577,3.577,3.577,3.577,0,0.0,0.0,0.0,0.0,0.0,,0.3,0.0,0.0
2020-02-05,3.577,3.577,3.577,3.577,0,0.0,0.0,0.0,0.0,0.0,,0.3,0.0,0.0
2020-02-06,3.577,3.577,3.577,3.577,0,0.0,0.0,0.0,0.0,0.0,,0.3,0.0,0.0
2020-02-07,3.577,3.577,3.577,3.577,0,0.0,0.0,0.0,0.0,0.0,,0.3,0.0,0.0
2020-02-10,3.577,3.577,3.577,3.577,0,0.0,0.0,0.0,0.0,0.0,,0.3,0.0,0.0
2020-02-11,3.577,3.577,3.577,3.577,0,0.0,0.0,0.0,0.0,0.0,,0.3,0.0,0.0
2020-02-12,3.577,3.577,3.577,3.577,0,0.0,0.0,0.0,0.0,0.0,,0.3,0.0,0.0
2020-02-13,3.577,3.577,3.577,3.577,0,0.0,0.0,0.0,0.0,0.0,,0.3,0.0,0.0
2020-02-14,3.577,3.577,3.577,3.577,0,0.0,0.0,0.0,0.0,0.0,,0.3,0.0,0.0
2020-02-17,3.577,3.577,3.577,3.577,0,0.0,0.0,0.0,0.0,0.0,,0.3,0.0,0.0
2020-02-18,3.577,3.577,3.577,3.577,0,0.0,0.0,0.0,0.0,0.0,,0.3,0.0,0.0
2020-02-19,3.577,3.577,3.577,3.577,0,0.0,0.0,0.0,0.0,0.0,,0.3,0.0,0.0
2020-02-20,3.577,3.577,3.577,3.577,0,0.0,0.0,0.0,0.0,0.0,,0.3,0.0,0.0
2020-02-21,3.577,3.577,3.577,3.577,0,0.0,0.0,0.0,0.0,0.0,,0.3,0.0,0.0
2020-02-24,3.577,3.577,3.577,3.577,0,0.0,0.0,0.0,0.0,0.0,,0.3,0.0,0.0
2020-02-25,3.577,3.577,3.577,3.577,0,0.0,0.0,0.0,0.0,0.0,,0.3,0.0,0.0
2020-02-26,3.577,3.577,3.577,3.577,0,0.0,0.0,0.0,0.0,0.0,,0.3,0.0,0.0
2020-02-27,3.577,3.577,3.577,3.577,0,0.0,0.0,0.0,0.0,0.0,,0.3,0.0,0.0
2020-02-28,3.577,3.577,3.577,3.577,0,0.0,0.0,0.0,0.0,0.0,,0.3,0.0,0.0
2020-03-02,3.577,3.577,3.577,3.577,0,0.0,0.0,0.0,0.0,0.0,,0.3,0.0,0.0
2020-03-03,3.577,3.577,3.577,3.577,0,0.0,0.0,0.0,0.0,0.0,,0.3,0.0,0.0
2020-03-04,3.577,3.577,3.577,3.577,0,0.0,0.0,0.0,0.0,0.0,,0.3,0.0,0.0
2020-03-05,3.577,3.577,3.577,3.577,0,0.0,0.0,0.0,0.0,0.0,,0.3,0.0,0.0
2020-03-06,3.577,3.577,3.577,3.577,0,0.0,0.0,0.0,0.0,0.0,,0.3,0.0,0.0
2020-03-09,3.577,3.577,3.577,3.577,0,0.0,0.0,0.0,0.0,0.0,,0.3,0.0,0.0
2020-03-10,3.577,3.577,3.577,3.577,0,0.0,0.0,0.0,0.0,0.0,,0.3,0.0,0.0
2020-03-11,3.577,3.577,3.577,3.577,0,0.0,0.0,0.0,0.0,0.0,,0.3,0.0,0.0
2020-03-12,3.577,3.577,3.577,3.577,0,0.0,0.0,0.0,0.0,0.0,,0.3,0.0,0.0
2020-03-13,3.577,3.577,3.577,3.577,0,0.0,0.0,0.0,0.0,0.0,,0.3,0.0,0.0
2020-03-16,3.577,3.577,3.577,3.577,0,0.0,0.0,0.0,0.0,0.0,,0.3,0.0,0.0
2020-03-17,3.577,3.577,3.577,3.577,0,0.0,0.0,0.0,0.0,0.0,,0.3,0.0,0.0
2020-03-18,3.577,3.577,3.577,3.577,0,0.0,0.0,0.0,0.0,0.0,,0.3,0.0,0.0
2020-03-19,3.577,3.577,3.577,3.577,0,0.0,0.0,0.0,0.0,0.0,,0.3,0.0,0.0
2020-03-20,3.577,3.577,3.577,3.577,0,0.0,0.0,0.0,0.0,0.0,,0.3,0.0,0.0
2020-03-23,3.577,3.577,3.577,3.577,0,0.0,0.0,0.0,0.0,0.0,,0.3,0.0,0.0
2020-03-24,3.577,3.577,3.577,3.577,0,0.0,0.0,0.0,0.0,0.0,,0.3,0.0,0.0
2020-03-25,3.577,3.577,3.577,3.577,0,0.0,0.0,0.0,0.0,0.0,,0.3,0.0,0.0
2020-03-26,3.577,3.577,3.577,3.577,0,0.0,0.0,0.0,0.0,0.0,,0.3,0.0,0.0
2020-03-27,3.577,3.577,3.577,3.577,0,0.0,0.0,0.0,0.0,0.0,,0.3,0.0,0.0
2020-03-30,3.577,3.577,3.577,3.577,0,0.0,0.0,0.0,0.0,0.0,,0.3,0.0,0.0
2020-03-31,3.577,3.577,3.577,3.577,0,0.0,0.0,0.0,0.0,0.0,,0.3,0.0,0.0
2020-04-01,3.577,3.577,3.577,3.577,0,0.0,0.0,0.0,0.0,0.0,,0.3,0.0,0.0
2020-04-03,3.577,3.577,3.577,3.577,0,0.0,0.0,0.0,0.0,0.0,,0.3,0.0,0.0
2020-04-06,3.577,3.577,3.577,3.577,0,0.0,0.0,0.0,0.0,0.0,,0.3,0.0,0.0
2020-04-07,3.577,3.577,3.577,3.577,0,0.0,0.0,0.0,0.0,0.0,,0.3,0.0,0.0
2020-04-08,3.577,3.577,3.577,3.577,0,0.0,0.0,0.0,0.0,0.0,,0.3,0.0,0.0
2020-04-09,3.577,3.577,3.577,3.577,0,0.0,0.0,0.0,0.0,0.0,,0.3,0.0,0.0
2020-04-10,3.577,3.577,3.577,3.577,0,0.0,0.0,0.0,0.0,0.0,,0.3,0.0,0.0
2020-04-13,3.577,3.577,3.577,3.577,0,0.0,0.0,0.0,0.0,0.0,,0.3,0.0,0.0
2020-04-14,3.577,3.577,3.577,3.577,0,0.0,0.0,0.0,0.0,0.0,,0.3,0.0,0.0
2020-04-15,3.577,3.577,3.577,3.577,0,0.0,0.0,0.0,0.0,0.0,,0.3,0.0,0.0
2020-04-16,3.577,3.577,3.577,3.577,0,0.0,0.0,0.0,0.0,0.0,,0.3,0.0,0.0
2020-04-17,3.577,3.577,3.577,3.577,0,0.0,0.0,0.0,0.0,0.0,,0.3,0.0,0.0
2020-04-20,3.577,3.577,3.577,3.577,0,0.0,0.0,0.0,0.0,0.0,,0.3,0.0,0.0
2020-04-21,3.577,3.577,3.577,3.577,0,0.0,0.0,0.0,0.0,0.0,,0.3,0.0,0.0
2020-04-22,3.577,3.577,3.577,3.577,0,0.0,0.0,0.0,0.0,0.0,,0.3,0.0,0.0
2020-04-23,3.577,3.577,3.577,3.577,0,0.0,0.0,0.0,0.0,0.0,,0.3,0.0,0.0
2020-04-24,3.577,3.577,3.577,3.577,0,0.0,0.0,0.0,0.0,0.0,,0.3,0.0,0.0
2020-04-27,3.577,3.577,3.577,3.577,0,0.0,0.0,0.0,0.0,0.0,,0.3,0.0,0.0
2020-04-28,3.577,3.577,3.577,3.577,0,0.0,0.0,0.0,0.0,0.0,,0.3,0.0,0.0
2020-04-29,3.577,3.577,3.577,3.577,0,0.0,0.0,0.0,0.0,0.0,,0.3,0.0,0.0
2020-05-04,3.577,3.577,3.577,3.577,0,0.0,0.0,0.0,0.0,0.0,,0.3,0.0,0.0
2020-05-05,3.577,3.577,3.577,3.577,0,0.0,0.0,0.0,0.0,0.0,,0.3,0.0,0.0
2020-05-06,3.577,3.577,3.577,3.577,0,0.0,0.0,0.0,0.0,0.0,,0.3,0.0,0.0
2020-05-07,3.577,3.577,3.577,3.577,0,0.0,0.0,0.0,0.0,0.0,,0.3,0.0,0.0
2020-05-08,3.577,3.577,3.577,3.577,0,0.0,0.0,0.0,0.0,0.0,,0.3,0.0,0.0
2020-05-11,3.577,3.577,3.577,3.577,0,0.0,0.0,0.0,0.0,0.0,,0.3,0.0,0.0
2020-05-12,3.577,3.577,3.577,3.577,0,0.0,0.0,0.0,0.0,0.0,,0.3,0.0,0.0
2020-05-13,3.577,3.577,3.577,3.577,0,0.0,0.0,0.0,0.0,0.0,,0.3,0.0,0.0
2020-05-14,3.577,3.577,3.577,3.577,0,0.0,0.0,0.0,0.0,0.0,,0.3,0.0,0.0
2020-05-15,3.577,3.577,3.577,3.577,0,0.0,0.0,0.0,0.0,0.0,,0.3,0.0,0.0
2020-05-18,3.577,3.577,3.577,3.577,0,0.0,0.0,0.0,0.0,0.0,,0.3,0.0,0.0
2020-05-19,3.577,3.577,3.577,3.577,0,0.0,0.0,0.0,0.0,0.0,,0.3,0.0,0.0
2020-05-20,3.577,3.577,3.577,3.577,0,0.0,0.0,0.0,0.0,0.0,,0.3,0.0,0.0
2020-05-21,3.577,3.577,3.577,3.577,0,0.0,0.0,0.0,0.0,0.0,,0.3,0.0,0.0
2020-05-22,3.577,3.577,3.577,3.577,0,0.0,0.0,0.0,0.0,0.0,,0.3,0.0,0.0
2020-05-25,3.577,3.577,3.577,3.577,0,0.0,0.0,0.0,0.0,0.0,,0.3,0.0,0.0
2020-05-26,3.577,3.577,3.577,3.577,0,0.0,0.0,0.0,0.0,0.0,,0.3,0.0,0.0
2020-05-27,3.577,3.577,3.577,3.577,0,0.0,0.0,0.0,0.0,0.0,,0.3,0.0,0.0
2020-05-28,3.577,3.577,3.577,3.577,0,0.0,0.0,0.0,0.0,0.0,,0.3,0.0,0.0
2020-05-29,3.577,3.577,3.577,3.577,0,0.0,0.0,0.0,0.0,0.0,,0.3,0.0,0.0
2020-06-01,3.577,3.577,3.577,3.577,0,0.0,0.0,0.0,0.0,0.0,,0.3,0.0,0.0
2020-06-02,3.577,3.577,3.577,3.577,0,0.0,0.0,0.0,0.0,0.0,,0.3,0.0,0.0
2020-06-03,3.577,3.577,3.577,3.577,0,0.0,0.0,0.0,0.0,0.0,,0.3,0.0,0.0
2020-06-04,3.577,3.577,3.577,3.577,0,0.0,0.0,0.0,0.0,0.0,,0.3,0.0,0.0
2020-06-05,3.577,3.577,3.577,3.577,0,0.0,0.0,0.0,0.0,0.0,,0.3,0.0,0.0
2020-06-08,3.577,3.577,3.577,3.577,0,0.0,0.0,0.0,0.0,0.0,,0.3,0.0,0.0
2020-06-09,3.577,3.577,3.577,3.577,0,0.0,0.0,0.0,0.0,0.0,,0.3,0.0,0.0
2020-06-10,3.577,3.577,3.577,3.577,0,0.0,0.0,0.0,0.0,0.0,,0.3,0.0,0.0
2020-06-11,3.577,3.577,3.577,3.577,0,0.0,0.0,0.0,0.0,0.0,,0.3,0.0,0.0
2020-06-12,3.577,3.577,3.577,3.577,0,0.0,0.0,0.0,0.0,0.0,,0.3,0.0,0.0
2020-06-15,3.577,3.577,3.577,3.577,0,0.0,0.0,0.0,0.0,0.0,,0.3,0.0,0.0
2020-06-16,3.577,3.577,3.577,3.577,0,0.0,0.0,0.0,0.0,0.0,,0.3,0.0,0.0
2020-06-17,3.577,3.577,3.577,3.577,0,0.0,0.0,0.0,0.0,0.0,,0.3,0.0,0.0
2020-06-18,3.577,3.577,3.577,3.577,0,0.0,0.0,0.0,0.0,0.0,,0.3,0.0,0.0
2020-06-19,3.577,3.577,3.577,3.577,0,0.0,0.0,0.0,0.0,0.0,,0.3,0.0,0.0
2020-06-22,3.577,3.577,3.577,3.577,0,0.0,0.0,0.0,0.0,0.0,,0.3,0.0,0.0
2020-06-23,3.577,3.577,3.577,3.577,0,0.0,0.0,0.0,0.0,0.0,,0.3,0.0,0.0
2020-06-24,3.577,3.577,3.577,3.577,0,0.0,0.0,0.0,0.0,0.0,,0.3,0.0,0.0
2020-06-25,3.577,3.577,3.577,3.577,0,0.0,0.0,0.0,0.0,0.0,,0.3,0.0,0.0
2020-06-26,3.577,3.577,3.577,3.577,0,0.0,0.0,0.0,0.0,0.0,,0.3,0.0,0.0
2020-06-29,3.577,3.577,3.577,3.577,0,0.0,0.0,0.0,0.0,0.0,,0.3,0.0,0.0
2020-06-30,3.577,3.577,3.577,3.577,0,0.0,0.0,0.0,0.0,0.0,,0.3,0.0,0.0
2020-07-01,3.577,3.577,3.577,3.577,0,0.0,0.0,0.0,0.0,0.0,,0.3,0.0,0.0
2020-07-02,3.577,3.577,3.577,3.577,0,0.0,0.0,0.0,0.0,0.0,,0.3,0.0,0.0
2020-07-03,3.577,3.577,3.577,3.577,0,0.0,0.0,0.0,0.0,0.0,,0.3,0.0,0.0
2020-07-06,3.577,3.577,3.577,3.577,0,0.0,0.0,0.0,0.0,0.0,,0.3,0.0,0.0
2020-07-07,3.577,3.577,3.577,3.577,0,0.0,0.0,0.0,0.0,0.0,,0.3,0.0,0.0
2020-07-08,3.577,3.577,3.577,3.577,0,0.0,0.0,0.0,0.0,0.0,,0.3,0.0,0.0
2020-07-09,3.577,3.577,3.577,3.577,0,0.0,0.0,0.0,0.0,0.0,,0.3,0.0,0.0
2020-07-10,3.577,3.577,3.577,3.577,0,0.0,0.0,0.0,0.0,0.0,,0.3,0.0,0.0
2020-07-13,3.577,3.577,3.577,3.577,0,0.0,0.0,0.0,0.0,0.0,,0.3,0.0,0.0
2020-07-14,3.577,3.577,3.577,3.577,0,0.0,0.0,0.0,0.0,0.0,,0.3,0.0,0.0
2020-07-15,3.577,3.577,3.577,3.577,0,0.0,0.0,0.0,0.0,0.0,,0.3,0.0,0.0
2020-07-16,3.577,3.577,3.577,3.577,0,0.0,0.0,0.0,0.0,0.0,,0.3,0.0,0.0
2020-07-17,3.577,3.577,3.577,3.577,0,0.0,0.0,0.0,0.0,0.0,,0.3,0.0,0.0
2020-07-20,3.577,3.577,3.577,3.577,0,0.0,0.0,0.0,0.0,0.0,,0.3,0.0,0.0
2020-07-21,3.577,3.577,3.577,3.577,0,0.0,0.0,0.0,0.0,0.0,,0.3,0.0,0.0
2020-07-22,3.577,3.577,3.577,3.577,0,0.0,0.0,0.0,0.0,0.0,,0.3,0.0,0.0
2020-07-23,3.577,3.577,3.577,3.577,0,0.0,0.0,0.0,0.0,0.0,,0.3,0.0,0.0
2020-07-24,3.577,3.577,3.577,3.577,0,0.0,0.0,0.0,0.0,0.0,,0.3,0.0,0.0
2020-07-27,3.577,3.577,3.577,3.577,0,0.0,0.0,0.0,0.0,0.0,,0.3,0.0,0.0
2020-07-28,3.577,3.577,3.577,3.577,0,0.0,0.0,0.0,0.0,0.0,,0.3,0.0,0.0
2020-07-29,3.577,3.577,3.577,3.577,0,0.0,0.0,0.0,0.0,0.0,,0.3,0.0,0.0
2020-07-30,3.577,3.577,3.577,3.577,0,0.0,0.0,0.0,0.0,0.0,,0.3,0.0,0.0
2020-07-31,3.577,3.577,3.577,3.577,0,0.0,0.0,0.0,0.0,0.0,,0.3,0.0,0.0
2020-08-03,3.577,3.577,3.577,3.577,0,0.0,0.0,0.0,0.0,0.0,,0.3,0.0,0.0
2020-08-04,3.577,3.577,3.577,3.577,0,0.0,0.0,0.0,0.0,0.0,,0.3,0.0,0.0
2020-08-05,3.577,3.577,3.577,3.577,0,0.0,0.0,0.0,0.0,0.0,,0.3,0.0,0.0
2020-08-06,3.577,3.577,3.577,3.577,0,0.0,0.0,0.0,0.0,0.0,,0.3,0.0,0.0
2020-08-07,3.577,3.577,3.577,3.577,0,0.0,0.0,0.0,0.0,0.0,,0.3,0.0,0.0
2020-08-10,3.577,3.577,3.577,3.577,0,0.0,0.0,0.0,0.0,0.0,,0.3,0.0,0.0
2020-08-11,3.577,3.577,3.577,3.577,0,0.0,0.0,0.0,0.0,0.0,,0.3,0.0,0.0
2020-08-12,3.577,3.577,3.577,3.577,0,0.0,0.0,0.0,0.0,0.0,,0.3,0.0,0.0
2020-08-13,3.577,3.577,3.577,3.577,0,0.0,0.0,0.0,0.0,0.0,,0.3,0.0,0.0
2020-08-14,3.577,3.577,3.577,3.577,0,0.0,0.0,0.0,0.0,0.0,,0.3,0.0,0.0
2020-08-17,3.577,3.577,3.577,3.577,0,0.0,0.0,0.0,0.0,0.0,,0.3,0.0,0.0
2020-08-18,3.577,3.577,3.577,3.577,0,0.0,0.0,0.0,0.0,0.0,,0.3,0.0,0.0
2020-08-19,3.577,3.577,3.577,3.577,0,0.0,0.0,0.0,0.0,0.0,,0.3,0.0,0.0
2020-08-20,3.577,3.577,3.577,3.577,0,0.0,0.0,0.0,0.0,0.0,,0.3,0.0,0.0
2020-08-21,3.577,3.577,3.577,3.577,0,0.0,0.0,0.0,0.0,0.0,,0.3,0.0,0.0
2020-08-24,3.577,3.577,3.577,3.577,0,0.0,0.0,0.0,0.0,0.0,,0.3,0.0,0.0
2020-08-25,3.577,3.577,3.577,3.577,0,0.0,0.0,0.0,0.0,0.0,,0.3,0.0,0.0
2020-08-26,3.577,3.577,3.577,3.577,0,0.0,0.0,0.0,0.0,0.0,,0.3,0.0,0.0
2020-08-27,3.577,3.577,3.577,3.577,0,0.0,0.0,0.0,0.0,0.0,,0.3,0.0,0.0
2020-08-28,3.577,3.577,3.577,3.577,0,0.0,0.0,0.0,0.0,0.0,,0.3,0.0,0.0
2020-08-31,3.577,3.577,3.577,3.577,0,0.0,0.0,0.0,0.0,0.0,,0.3,0.0,0.0
2020-09-01,3.577,3.577,3.577,3.577,0,0.0,0.0,0.0,0.0,0.0,,0.3,0.0,0.0
2020-09-03,3.577,3.577,3.577,3.577,0,0.0,0.0,0.0,0.0,0.0,,0.3,0.0,0.0
2020-09-04,3.577,3.577,3.577,3.577,0,0.0,0.0,0.0,0.0,0.0,,0.3,0.0,0.0
2020-09-07,3.577,3.577,3.577,3.577,0,0.0,0.0,0.0,0.0,0.0,,0.3,0.0,0.0
2020-09-08,3.577,3.577,3.577,3.577,0,0.0,0.0,0.0,0.0,0.0,,0.3,0.0,0.0
2020-09-09,3.577,3.577,3.577,3.577,0,0.0,0.0,0.0,0.0,0.0,,0.3,0.0,0.0
2020-09-10,3.577,3.577,3.577,3.577,0,0.0,0.0,0.0,0.0,0.0,,0.3,0.0,0.0
2020-09-11,3.577,3.577,3.577,3.577,0,0.0,0.0,0.0,0.0,0.0,,0.3,0.0,0.0
2020-09-14,3.577,3.577,3.577,3.577,0,0.0,0.0,0.0,0.0,0.0,,0.3,0.0,0.0
2020-09-15,3.577,3.577,3.577,3.577,0,0.0,0.0,0.0,0.0,0.0,,0.3,0.0,0.0
2020-09-16,3.577,3.577,3.577,3.577,0,0.0,0.0,0.0,0.0,0.0,,0.3,0.0,0.0
2020-09-17,3.577,3.577,3.577,3.577,0,0.0,0.0,0.0,0.0,0.0,,0.3,0.0,0.0
2020-09-18,3.577,3.577,3.577,3.577,0,0.0,0.0,0.0,0.0,0.0,,0.3,0.0,0.0
2020-09-21,3.577,3.577,3.577,3.577,0,0.0,0.0,0.0,0.0,0.0,,0.3,0.0,0.0
2020-09-22,3.577,3.577,3.577,3.577,0,0.0,0.0,0.0,0.0,0.0,,0.3,0.0,0.0
2020-09-23,3.577,3.577,3.577,3.577,0,0.0,0.0,0.0,0.0,0.0,,0.3,0.0,0.0
2020-09-24,3.577,3.577,3.577,3.577,0,0.0,0.0,0.0,0.0,0.0,,0.3,0.0,0.0
2020-09-25,3.577,3.577,3.577,3.577,0,0.0,0.0,0.0,0.0,0.0,,0.3,0.0,0.0
2020-09-28,3.577,3.577,3.577,3.577,0,0.0,0.0,0.0,0.0,0.0,,0.3,0.0,0.0
2020-09-29,3.577,3.577,3.577,3.577,0,0.0,0.0,0.0,0.0,0.0,,0.3,0.0,0.0
2020-09-30,3.577,3.577,3.577,3.577,0,0.0,0.0,0.0,0.0,0.0,,0.3,0.0,0.0
2020-10-01,3.577,3.577,3.577,3.577,0,0.0,0.0,0.0,0.0,0.0,,0.3,0.0,0.0
2020-10-02,3.577,3.577,3.577,3.577,0,0.0,0.0,0.0,0.0,0.0,,0.3,0.0,0.0
2020-10-05,3.577,3.577,3.577,3.577,0,0.0,0.0,0.0,0.0,0.0,,0.3,0.0,0.0
2020-10-06,3.577,3.577,3.577,3.577,0,0.0,0.0,0.0,0.0,0.0,,0.3,0.0,0.0
2020-10-07,3.577,3.577,3.577,3.577,0,0.0,0.0,0.0,0.0,0.0,,0.3,0.0,0.0
2020-10-08,3.577,3.577,3.577,3.577,0,0.0,0.0,0.0,0.0,0.0,,0.3,0.0,0.0
2020-10-09,3.577,3.577,3.577,3.577,0,0.0,0.0,0.0,0.0,0.0,,0.3,0.0,0.0
2020-10-12,3.577,3.577,3.577,3.577,0,0.0,0.0,0.0,0.0,0.0,,0.3,0.0,0.0
2020-10-13,3.577,3.577,3.577,3.577,0,0.0,0.0,0.0,0.0,0.0,,0.3,0.0,0.0
2020-10-14,3.577,3.577,3.577,3.577,0,0.0,0.0,0.0,0.0,0.0,,0.3,0.0,0.0
2020-10-15,3.928,3.928,3.928,3.928,100,392.8,0.0,100.0,0.0,0.0,,0.3,0.0,0.0
2020-10-16,4.279,4.279,4.279,4.279,100,427.9,0.0,100.0,0.0,0.0,,0.3,0.0,0.0
2020-10-19,4.699,4.699,4.699,4.699,100,469.9,0.0,100.0,0.0,0.0,,0.3,0.0,0.0
2020-10-20,5.12,5.12,5.12,5.12,100,512.0,0.0,0.0,0.0,0.0,,0.3,0.0,0.0
2020-10-21,5.611,5.611,5.05,5.05,1500,7575.0,0.0,100.0,0.0,0.0,,0.3,0.0,0.0
2020-10-22,5.541,5.541,5.541,5.541,2000,11082.0,0.0,2000.0,0.0,20000.0,,0.3,0.0,0.02
2020-10-23,5.541,5.541,5.541,5.541,0,0.0,0.0,0.0,0.0,0.0,,0.3,0.0,0.0
2020-10-26,5.541,5.541,5.541,5.541,0,0.0,0.0,0.0,0.0,0.0,,0.3,0.0,0.0
2020-10-27,5.541,5.541,5.541,5.541,0,0.0,0.0,0.0,0.0,0.0,,0.3,0.0,0.0
2020-10-28,5.541,5.541,5.541,5.541,0,0.0,0.0,0.0,0.0,0.0,,0.3,0.0,0.0
2020-10-29,5.541,5.541,5.541,5.541,0,0.0,0.0,0.0,0.0,0.0,,0.3,0.0,0.0
2020-10-30,5.541,5.541,5.541,5.541,0,0.0,0.0,0.0,0.0,0.0,,0.3,0.0,0.0
2020-11-02,5.541,5.541,5.541,5.541,0,0.0,0.0,0.0,0.0,0.0,,0.3,0.0,0.0
2020-11-03,5.541,5.541,5.541,5.541,0,0.0,0.0,0.0,0.0,0.0,,0.3,0.0,0.0
2020-11-04,5.541,5.541,5.541,5.541,0,0.0,0.0,0.0,0.0,0.0,,0.3,0.0,0.0
2020-11-05,5.541,5.541,5.541,5.541,0,0.0,0.0,0.0,0.0,0.0,,0.3,0.0,0.0
2020-11-06,5.541,5.541,5.541,5.541,0,0.0,0.0,0.0,0.0,0.0,,0.3,0.0,0.0
2020-11-09,5.541,5.541,5.541,5.541,0,0.0,0.0,0.0,0.0,0.0,,0.3,0.0,0.0
2020-11-10,5.541,5.541,5.541,5.541,0,0.0,0.0,0.0,0.0,0.0,,0.3,0.0,0.0
2020-11-11,5.541,5.541,5.541,5.541,0,0.0,0.0,0.0,0.0,0.0,,0.3,0.0,0.0
2020-11-12,5.541,5.541,5.541,5.541,0,0.0,0.0,0.0,0.0,0.0,,0.3,0.0,0.0
2020-11-13,5.541,5.541,5.541,5.541,0,0.0,0.0,0.0,0.0,0.0,,0.3,0.0,0.0
2020-11-16,5.541,5.541,5.541,5.541,0,0.0,0.0,0.0,0.0,0.0,,0.3,0.0,0.0
2020-11-17,5.541,5.541,5.541,5.541,0,0.0,0.0,0.0,0.0,0.0,,0.3,0.0,0.0
2020-11-18,5.541,5.541,5.541,5.541,0,0.0,0.0,0.0,0.0,0.0,,0.3,0.0,0.0
2020-11-19,5.541,5.541,5.541,5.541,0,0.0,0.0,0.0,0.0,0.0,,0.3,0.0,0.0
2020-11-20,5.541,5.541,5.541,5.541,0,0.0,0.0,0.0,0.0,0.0,,0.3,0.0,0.0
2020-11-23,5.541,5.541,5.541,5.541,0,0.0,0.0,0.0,0.0,0.0,,0.3,0.0,0.0
2020-11-24,5.541,5.541,5.541,5.541,0,0.0,0.0,0.0,0.0,0.0,,0.3,0.0,0.0
2020-11-25,5.541,5.541,5.541,5.541,0,0.0,0.0,0.0,0.0,0.0,,0.3,0.0,0.0
2020-11-26,5.541,5.541,5.541,5.541,0,0.0,0.0,0.0,0.0,0.0,,0.3,0.0,0.0
2020-11-27,5.541,5.541,5.541,5.541,0,0.0,0.0,0.0,0.0,0.0,,0.3,0.0,0.0
2020-11-30,5.541,5.541,5.541,5.541,0,0.0,0.0,0.0,0.0,0.0,,0.3,0.0,0.0
2020-12-01,5.541,5.541,5.541,5.541,0,0.0,0.0,0.0,0.0,0.0,,0.3,0.0,0.0
2020-12-02,5.541,5.541,5.541,5.541,0,0.0,0.0,0.0,0.0,0.0,,0.3,0.0,0.0
2020-12-03,5.541,5.541,5.541,5.541,0,0.0,0.0,0.0,0.0,0.0,,0.3,0.0,0.0
2020-12-04,5.541,5.541,5.541,5.541,0,0.0,0.0,0.0,0.0,0.0,,0.3,0.0,0.0
2020-12-07,5.541,5.541,5.541,5.541,0,0.0,0.0,0.0,0.0,0.0,,0.3,0.0,0.0
2020-12-08,5.541,5.541,5.541,5.541,0,0.0,0.0,0.0,0.0,0.0,,0.3,0.0,0.0
2020-12-09,5.541,5.541,5.541,5.541,0,0.0,0.0,0.0,0.0,0.0,,0.3,0.0,0.0
2020-12-10,5.541,5.541,5.541,5.541,0,0.0,0.0,0.0,0.0,0.0,,0.3,0.0,0.0
2020-12-11,5.541,5.541,5.541,5.541,0,0.0,0.0,0.0,0.0,0.0,,0.3,0.0,0.0
2020-12-14,5.541,5.541,5.541,5.541,0,0.0,0.0,0.0,0.0,0.0,,0.3,0.0,0.0
2020-12-15,5.541,5.541,5.541,5.541,0,0.0,0.0,0.0,0.0,0.0,,0.3,0.0,0.0
2020-12-16,5.541,5.541,5.541,5.541,0,0.0,0.0,0.0,0.0,0.0,,0.3,0.0,0.0
2020-12-17,5.541,5.541,5.541,5.541,0,0.0,0.0,0.0,0.0,0.0,,0.3,0.0,0.0
2020-12-18,5.541,5.541,5.541,5.541,0,0.0,0.0,0.0,0.0,0.0,,0.3,0.0,0.0
2020-12-21,5.541,5.541,5.541,5.541,0,0.0,0.0,0.0,0.0,0.0,,0.3,0.0,0.0
2020-12-22,5.541,5.541,5.541,5.541,0,0.0,0.0,0.0,0.0,0.0,,0.3,0.0,0.0
2020-12-23,5.541,5.541,5.541,5.541,0,0.0,0.0,0.0,0.0,0.0,,0.3,0.0,0.0
2020-12-24,5.541,5.541,5.541,5.541,0,0.0,0.0,0.0,0.0,0.0,,0.3,0.0,0.0
2020-12-25,5.541,5.541,5.541,5.541,0,0.0,0.0,0.0,0.0,0.0,,0.3,0.0,0.0
2020-12-28,5.541,5.541,5.541,5.541,0,0.0,0.0,0.0,0.0,0.0,,0.3,0.0,0.0
2020-12-29,5.541,5.541,5.541,5.541,0,0.0,0.0,0.0,0.0,0.0,,0.3,0.0,0.0
2020-12-30,5.541,5.541,5.541,5.541,0,0.0,0.0,0.0,0.0,0.0,,0.3,0.0,0.0
2020-12-31,5.541,5.541,5.541,5.541,0,0.0,0.0,0.0,0.0,0.0,,0.3,0.0,0.0
2021-01-04,5.541,5.541,5.541,5.541,0,0.0,0.0,0.0,0.0,0.0,,0.3,0.0,0.0
2021-01-05,5.541,5.541,5.541,5.541,0,0.0,0.0,0.0,0.0,0.0,,0.3,0.0,0.0
2021-01-06,5.541,5.541,5.541,5.541,0,0.0,0.0,0.0,0.0,0.0,,0.3,0.0,0.0
2021-01-07,5.541,5.541,5.541,5.541,0,0.0,0.0,0.0,0.0,0.0,,0.3,0.0,0.0
2021-01-08,5.541,5.541,5.541,5.541,0,0.0,0.0,0.0,0.0,0.0,,0.3,0.0,0.0
2021-01-11,5.541,5.541,5.541,5.541,0,0.0,0.0,0.0,0.0,0.0,,0.3,0.0,0.0
2021-01-12,5.541,5.541,5.541,5.541,0,0.0,0.0,0.0,0.0,0.0,,0.3,0.0,0.0
2021-01-13,5.541,5.541,5.541,5.541,0,0.0,0.0,0.0,0.0,0.0,,0.3,0.0,0.0
2021-01-14,5.541,5.541,5.541,5.541,0,0.0,0.0,0.0,0.0,0.0,,0.3,0.0,0.0
2021-01-15,5.541,5.541,5.541,5.541,0,0.0,0.0,0.0,0.0,0.0,,0.3,0.0,0.0
2021-01-18,5.541,5.541,5.541,5.541,0,0.0,0.0,0.0,0.0,0.0,,0.3,0.0,0.0
2021-01-19,5.541,5.541,5.541,5.541,0,0.0,0.0,0.0,0.0,0.0,,0.3,0.0,0.0
2021-01-20,5.541,5.541,5.541,5.541,0,0.0,0.0,0.0,0.0,0.0,,0.3,0.0,0.0
2021-01-21,5.541,5.541,5.541,5.541,0,0.0,0.0,0.0,0.0,0.0,,0.3,0.0,0.0
2021-01-22,5.541,5.541,5.541,5.541,0,0.0,0.0,0.0,0.0,0.0,,0.3,0.0,0.0
2021-01-25,5.541,5.541,5.541,5.541,0,0.0,0.0,0.0,0.0,0.0,,0.3,0.0,0.0
2021-01-26,5.541,5.541,5.541,5.541,0,0.0,0.0,0.0,0.0,0.0,,0.3,0.0,0.0
2021-01-27,5.541,5.541,5.541,5.541,0,0.0,0.0,0.0,0.0,0.0,,0.3,0.0,0.0
2021-01-28,5.541,5.541,5.541,5.541,0,0.0,0.0,0.0,0.0,0.0,,0.3,0.0,0.0
2021-01-29,5.541,5.541,5.541,5.541,0,0.0,0.0,0.0,0.0,0.0,,0.3,0.0,0.0
2021-02-01,5.541,5.541,5.541,5.541,0,0.0,0.0,0.0,0.0,0.0,,0.3,0.0,0.0
2021-02-02,5.541,5.541,5.541,5.541,0,0.0,0.0,0.0,0.0,0.0,,0.3,0.0,0.0
2021-02-03,5.541,5.541,5.541,5.541,0,0.0,0.0,0.0,0.0,0.0,,0.3,0.0,0.0
2021-02-04,5.541,5.541,5.541,5.541,0,0.0,0.0,0.0,0.0,0.0,,0.3,0.0,0.0
2021-02-05,5.541,5.541,5.541,5.541,0,0.0,0.0,0.0,0.0,0.0,,0.3,0.0,0.0
2021-02-08,5.541,5.541,5.541,5.541,0,0.0,0.0,0.0,0.0,0.0,,0.3,0.0,0.0
2021-02-09,5.541,5.541,5.541,5.541,0,0.0,0.0,0.0,0.0,0.0,,0.3,0.0,0.0
2021-02-17,5.541,5.541,5.541,5.541,0,0.0,0.0,0.0,0.0,0.0,,0.3,0.0,0.0
2021-02-18,5.541,5.541,5.541,5.541,0,0.0,0.0,0.0,0.0,0.0,,0.3,0.0,0.0
2021-02-19,5.541,5.541,5.541,5.541,0,0.0,0.0,0.0,0.0,0.0,,0.3,0.0,0.0
2021-02-22,5.541,5.541,5.541,5.541,0,0.0,0.0,0.0,0.0,0.0,,0.3,0.0,0.0
2021-02-23,5.541,5.541,5.541,5.541,0,0.0,0.0,0.0,0.0,0.0,,0.3,0.0,0.0
2021-02-24,5.541,5.541,5.541,5.541,0,0.0,0.0,0.0,0.0,0.0,,0.3,0.0,0.0
2021-02-25,5.541,5.541,5.541,5.541,0,0.0,0.0,0.0,0.0,0.0,,0.3,0.0,0.0
2021-02-26,5.541,5.541,5.541,5.541,0,0.0,0.0,0.0,0.0,0.0,,0.3,0.0,0.0
2021-03-01,5.541,5.541,5.541,5.541,0,0.0,0.0,0.0,0.0,0.0,,0.3,0.0,0.0
2021-03-02,5.541,5.541,5.541,5.541,0,0.0,0.0,0.0,0.0,0.0,,0.3,0.0,0.0
2021-03-03,5.541,5.541,5.541,5.541,0,0.0,0.0,0.0,0.0,0.0,,0.3,0.0,0.0
2021-03-04,5.541,5.541,5.541,5.541,0,0.0,0.0,0.0,0.0,0.0,,0.3,0.0,0.0
2021-03-05,5.541,5.541,5.541,5.541,0,0.0,0.0,0.0,0.0,0.0,,0.3,0.0,0.0
2021-03-08,5.541,5.541,5.541,5.541,0,0.0,0.0,0.0,0.0,0.0,,0.3,0.0,0.0
2021-03-09,5.541,5.541,5.541,5.541,0,0.0,0.0,0.0,0.0,0.0,,0.3,0.0,0.0
2021-03-10,5.541,5.541,5.541,5.541,0,0.0,0.0,0.0,0.0,0.0,,0.3,0.0,0.0
2021-03-11,5.541,5.541,5.541,5.541,0,0.0,0.0,0.0,0.0,0.0,,0.3,0.0,0.0
2021-03-12,5.541,5.541,5.541,5.541,0,0.0,0.0,0.0,0.0,0.0,,0.3,0.0,0.0
2021-03-15,5.541,5.541,5.541,5.541,0,0.0,0.0,0.0,0.0,0.0,,0.3,0.0,0.0
2021-03-16,5.541,5.541,5.541,5.541,0,0.0,0.0,0.0,0.0,0.0,,0.3,0.0,0.0
2021-03-17,5.541,5.541,5.541,5.541,0,0.0,0.0,0.0,0.0,0.0,,0.3,0.0,0.0
2021-03-18,5.541,5.541,5.541,5.541,0,0.0,0.0,0.0,0.0,0.0,,0.3,0.0,0.0
2021-03-19,5.541,5.541,5.541,5.541,0,0.0,0.0,0.0,0.0,0.0,,0.3,0.0,0.0
2021-03-22,5.541,5.541,5.541,5.541,0,0.0,0.0,0.0,0.0,0.0,,0.3,0.0,0.0
2021-03-23,5.541,5.541,5.541,5.541,0,0.0,0.0,0.0,0.0,0.0,,0.3,0.0,0.0
2021-03-24,5.541,5.541,5.541,5.541,0,0.0,0.0,0.0,0.0,0.0,,0.3,0.0,0.0
2021-03-25,6.032,6.032,6.032,6.032,100,603.2,0.0,0.0,0.0,0.0,,0.3,0.0,0.0
2021-03-26,6.032,6.032,6.032,6.032,10,60.32,0.0,0.0,0.0,0.0,,0.3,0.0,0.0
2021-03-29,6.032,6.032,6.032,6.032,90,542.88,0.0,0.0,0.0,0.0,,0.3,0.0,0.0
2021-03-30,6.032,6.032,6.032,6.032,0,0.0,0.0,0.0,0.0,0.0,,0.3,0.0,0.0
2021-03-31,6.032,6.032,6.032,6.032,0,0.0,0.0,0.0,0.0,0.0,,0.3,0.0,0.0
2021-04-01,6.032,6.032,6.032,6.032,0,0.0,0.0,0.0,0.0,0.0,,0.3,0.0,0.0
2021-04-02,6.032,6.032,6.032,6.032,0,0.0,0.0,0.0,0.0,0.0,,0.3,0.0,0.0
2021-04-05,6.032,6.032,6.032,6.032,0,0.0,0.0,0.0,0.0,0.0,,0.3,0.0,0.0
2021-04-06,6.032,6.032,6.032,6.032,0,0.0,0.0,0.0,0.0,0.0,,0.3,0.0,0.0
2021-04-07,6.032,6.032,6.032,6.032,0,0.0,0.0,0.0,0.0,0.0,,0.3,0.0,0.0
2021-04-08,6.032,6.032,6.032,6.032,0,0.0,0.0,0.0,0.0,0.0,,0.3,0.0,0.0
2021-04-09,6.032,6.032,6.032,6.032,100,603.2,0.0,0.0,0.0,0.0,,0.3,0.0,0.0
2021-04-12,6.032,6.032,6.032,6.032,0,0.0,0.0,0.0,0.0,0.0,,0.3,0.0,0.0
2021-04-13,6.032,6.032,6.032,6.032,4200,25334.4,0.0,0.0,0.0,0.0,,0.3,0.0,0.0
2021-04-14,6.032,6.032,6.032,6.032,1600,9651.2,0.0,0.0,0.0,0.0,,0.3,0.0,0.0
2021-04-15,6.032,6.032,6.032,6.032,0,0.0,0.0,0.0,0.0,0.0,,0.3,0.0,0.0
2021-04-16,6.032,6.032,6.032,6.032,0,0.0,0.0,0.0,0.0,0.0,,0.3,0.0,0.0
2021-04-19,6.032,6.032,6.032,6.032,0,0.0,0.0,0.0,0.0,0.0,,0.3,0.0,0.0
2021-04-20,6.032,6.032,6.032,6.032,0,0.0,0.0,0.0,0.0,0.0,,0.3,0.0,0.0
2021-04-22,6.453,6.453,6.453,6.453,4200,27102.6,0.0,0.0,0.0,0.0,,0.3,0.0,0.0
2021-04-23,6.453,6.453,6.453,6.453,0,0.0,0.0,0.0,0.0,0.0,,0.3,0.0,0.0
2021-04-26,6.453,6.453,6.453,6.453,0,0.0,0.0,0.0,0.0,0.0,,0.3,0.0,0.0
2021-04-27,6.453,6.453,6.453,6.453,0,0.0,0.0,0.0,0.0,0.0,,0.3,0.0,0.0
2021-04-28,6.453,6.453,6.453,6.453,0,0.0,0.0,0.0,0.0,0.0,,0.3,0.0,0.0
2021-04-29,6.453,6.453,6.453,6.453,0,0.0,0.0,0.0,0.0,0.0,,0.3,0.0,0.0
2021-05-04,6.453,6.453,6.453,6.453,0,0.0,0.0,0.0,0.0,0.0,,0.3,0.0,0.0
2021-05-05,6.453,6.453,6.453,6.453,0,0.0,0.0,0.0,0.0,0.0,,0.3,0.0,0.0
2021-05-06,6.453,6.453,6.453,6.453,0,0.0,0.0,0.0,0.0,0.0,,0.3,0.0,0.0
2021-05-07,6.453,6.453,6.453,6.453,0,0.0,0.0,0.0,0.0,0.0,,0.3,0.0,0.0
2021-05-10,6.453,6.453,6.453,6.453,0,0.0,0.0,0.0,0.0,0.0,,0.3,0.0,0.0
2021-05-11,6.453,6.453,6.453,6.453,0,0.0,0.0,0.0,0.0,0.0,,0.3,0.0,0.0
2021-05-12,6.453,6.453,6.453,6.453,0,0.0,0.0,0.0,0.0,0.0,,0.3,0.0,0.0
2021-05-13,6.453,6.453,6.453,6.453,0,0.0,0.0,0.0,0.0,0.0,,0.3,0.0,0.0
2021-05-14,6.453,6.453,6.453,6.453,0,0.0,0.0,0.0,0.0,0.0,,0.3,0.0,0.0
2021-05-17,6.453,6.453,6.453,6.453,0,0.0,0.0,0.0,0.0,0.0,,0.3,0.0,0.0
2021-05-18,6.453,6.453,6.453,6.453,0,0.0,0.0,0.0,0.0,0.0,,0.3,0.0,0.0
2021-05-19,6.453,6.453,6.453,6.453,0,0.0,0.0,0.0,0.0,0.0,,0.3,0.0,0.0
2021-05-20,6.453,6.453,6.453,6.453,0,0.0,0.0,0.0,0.0,0.0,,0.3,0.0,0.0
2021-05-21,6.453,6.453,6.453,6.453,0,0.0,0.0,0.0,0.0,0.0,,0.3,0.0,0.0
2021-05-24,7.084,7.084,7.084,7.084,1100,7792.4,0.0,0.0,0.0,0.0,,0.3,0.0,0.0
2021-05-25,7.084,7.084,7.084,7.084,0,0.0,0.0,0.0,0.0,0.0,,0.3,0.0,0.0
2021-05-26,7.084,7.084,7.084,7.084,0,0.0,0.0,0.0,0.0,0.0,,0.3,0.0,0.0
2021-05-27,7.084,7.084,7.084,7.084,0,0.0,0.0,0.0,0.0,0.0,,0.3,0.0,0.0
2021-05-28,7.084,7.084,7.084,7.084,1000,7084.0,0.0,0.0,0.0,0.0,,0.3,0.0,0.0
2021-05-31,7.084,7.084,7.084,7.084,0,0.0,0.0,0.0,0.0,0.0,,0.3,0.0,0.0
2021-06-01,7.084,7.084,7.084,7.084,0,0.0,0.0,0.0,0.0,0.0,,0.3,0.0,0.0
2021-06-02,7.084,7.084,7.084,7.084,0,0.0,0.0,0.0,0.0,0.0,,0.3,0.0,0.0
2021-06-03,7.084,7.084,7.084,7.084,0,0.0,0.0,0.0,0.0,0.0,,0.3,0.0,0.0
2021-06-04,7.084,7.084,7.084,7.084,0,0.0,0.0,0.0,0.0,0.0,,0.3,0.0,0.0
2021-06-07,7.084,7.084,7.084,7.084,0,0.0,0.0,0.0,0.0,0.0,,0.3,0.0,0.0
2021-06-08,7.084,7.084,7.084,7.084,0,0.0,0.0,0.0,0.0,0.0,,0.3,0.0,0.0
2021-06-09,7.084,7.084,7.084,7.084,0,0.0,0.0,0.0,0.0,0.0,,0.3,0.0,0.0
2021-06-10,7.084,7.084,7.084,7.084,0,0.0,0.0,0.0,0.0,0.0,,0.3,0.0,0.0
2021-06-11,7.084,7.084,7.084,7.084,0,0.0,0.0,0.0,0.0,0.0,,0.3,0.0,0.0
2021-06-14,7.084,7.084,7.084,7.084,0,0.0,0.0,0.0,0.0,0.0,,0.3,0.0,0.0
2021-06-15,7.084,7.084,7.084,7.084,0,0.0,0.0,0.0,0.0,0.0,,0.3,0.0,0.0
2021-06-16,7.084,7.084,7.084,7.084,0,0.0,0.0,0.0,0.0,0.0,,0.3,0.0,0.0
2021-06-17,7.084,7.084,7.084,7.084,0,0.0,0.0,0.0,0.0,0.0,,0.3,0.0,0.0
2021-06-18,7.084,7.084,7.084,7.084,0,0.0,0.0,0.0,0.0,0.0,,0.3,0.0,0.0
2021-06-21,7.084,7.084,7.084,7.084,0,0.0,0.0,0.0,0.0,0.0,,0.3,0.0,0.0
2021-06-22,7.084,7.084,7.084,7.084,0,0.0,0.0,0.0,0.0,0.0,,0.3,0.0,0.0
2021-06-23,7.084,7.084,7.084,7.084,0,0.0,0.0,0.0,0.0,0.0,,0.3,0.0,0.0
2021-06-24,7.084,7.084,7.084,7.084,0,0.0,0.0,0.0,0.0,0.0,,0.3,0.0,0.0
2021-06-25,7.084,7.084,7.084,7.084,0,0.0,0.0,0.0,0.0,0.0,,0.3,0.0,0.0
2021-06-28,7.084,7.084,7.084,7.084,0,0.0,0.0,0.0,0.0,0.0,,0.3,0.0,0.0
2021-06-29,7.084,7.084,7.084,7.084,0,0.0,0.0,0.0,0.0,0.0,,0.3,0.0,0.0
2021-06-30,7.084,7.084,7.084,7.084,0,0.0,0.0,0.0,0.0,0.0,,0.3,0.0,0.0
2021-07-01,7.084,7.084,7.084,7.084,0,0.0,0.0,0.0,0.0,0.0,,0.3,0.0,0.0
2021-07-02,7.084,7.084,7.084,7.084,0,0.0,0.0,0.0,0.0,0.0,,0.3,0.0,0.0
2021-07-05,7.755,7.755,7.755,7.755,1500,11632.5,0.0,0.0,0.0,0.0,,0.3,0.0,0.0
2021-07-06,7.755,7.755,7.755,7.755,0,0.0,0.0,0.0,0.0,0.0,,0.3,0.0,0.0
2021-07-07,7.755,7.755,7.755,7.755,0,0.0,0.0,0.0,0.0,0.0,,0.3,0.0,0.0
2021-07-08,7.755,7.755,7.755,7.755,0,0.0,0.0,0.0,0.0,0.0,,0.3,0.0,0.0
2021-07-09,7.755,7.755,7.755,7.755,0,0.0,0.0,0.0,0.0,0.0,,0.3,0.0,0.0
2021-07-12,7.755,7.755,7.755,7.755,0,0.0,0.0,0.0,0.0,0.0,,0.3,0.0,0.0
2021-07-13,7.755,7.755,7.755,7.755,0,0.0,0.0,0.0,0.0,0.0,,0.3,0.0,0.0
2021-07-14,7.755,7.755,7.755,7.755,0,0.0,0.0,0.0,0.0,0.0,,0.3,0.0,0.0
2021-07-15,7.755,7.755,7.755,7.755,0,0.0,0.0,0.0,0.0,0.0,,0.3,0.0,0.0
2021-07-16,7.755,7.755,7.755,7.755,0,0.0,0.0,0.0,0.0,0.0,,0.3,0.0,0.0
2021-07-19,7.755,7.755,7.755,7.755,0,0.0,0.0,0.0,0.0,0.0,,0.3,0.0,0.0
2021-07-20,7.755,7.755,7.755,7.755,0,0.0,0.0,0.0,0.0,0.0,,0.3,0.0,0.0
2021-07-21,7.755,7.755,7.755,7.755,0,0.0,0.0,0.0,0.0,0.0,,0.3,0.0,0.0
2021-07-22,7.755,7.755,7.755,7.755,0,0.0,0.0,0.0,0.0,0.0,,0.3,0.0,0.0
2021-07-23,7.755,7.755,7.755,7.755,0,0.0,0.0,0.0,0.0,0.0,,0.3,0.0,0.0
2021-07-26,8.501,8.501,8.501,8.501,1000,8501.0,0.0,0.0,0.0,0.0,,0.3,0.0,0.0
2021-07-27,8.501,8.501,8.501,8.501,0,0.0,0.0,0.0,0.0,0.0,,0.3,0.0,0.0
2021-07-28,8.501,8.501,8.501,8.501,0,0.0,0.0,0.0,0.0,0.0,,0.3,0.0,0.0
2021-07-29,8.501,8.501,8.501,8.501,0,0.0,0.0,0.0,0.0,0.0,,0.3,0.0,0.0
2021-07-30,8.501,8.501,8.501,8.501,0,0.0,0.0,0.0,0.0,0.0,,0.3,0.0,0.0
2021-08-02,8.501,8.501,8.501,8.501,0,0.0,0.0,0.0,0.0,0.0,,0.3,0.0,0.0
2021-08-03,8.501,8.501,8.501,8.501,0,0.0,0.0,0.0,0.0,0.0,,0.3,0.0,0.0
2021-08-04,8.501,8.501,8.501,8.501,0,0.0,0.0,0.0,0.0,0.0,,0.3,0.0,0.0
2021-08-05,8.501,8.501,8.501,8.501,0,0.0,0.0,0.0,0.0,0.0,,0.3,0.0,0.0
2021-08-06,8.501,8.501,8.501,8.501,0,0.0,0.0,0.0,0.0,0.0,,0.3,0.0,0.0
2021-08-09,8.501,8.501,8.501,8.501,0,0.0,0.0,0.0,0.0,0.0,,0.3,0.0,0.0
2021-08-10,9.097,9.172,9.097,9.172,600,5503.200000000001,0.0,0.0,0.0,0.0,,0.3,0.0,0.0
2021-08-11,9.172,9.172,9.172,9.172,0,0.0,0.0,0.0,0.0,0.0,,0.3,0.0,0.0
2021-08-12,9.172,9.172,9.172,9.172,0,0.0,0.0,0.0,0.0,0.0,,0.3,0.0,0.0
2021-08-13,9.172,9.172,9.172,9.172,0,0.0,0.0,0.0,0.0,0.0,,0.3,0.0,0.0
2021-08-16,9.172,9.172,9.172,9.172,0,0.0,0.0,0.0,0.0,0.0,,0.3,0.0,0.0
2021-08-17,9.172,9.172,9.172,9.172,0,0.0,0.0,0.0,0.0,0.0,,0.3,0.0,0.0
2021-08-18,9.172,9.172,9.172,9.172,0,0.0,0.0,0.0,0.0,0.0,,0.3,0.0,0.0
2021-08-19,9.172,9.172,9.172,9.172,0,0.0,0.0,0.0,0.0,0.0,,0.3,0.0,0.0
2021-08-20,9.172,9.172,9.172,9.172,0,0.0,0.0,0.0,0.0,0.0,,0.3,0.0,0.0
2021-08-23,8.799,8.799,8.799,8.799,500,4399.5,0.0,0.0,0.0,0.0,,0.3,0.0,0.0
2021-08-24,8.799,8.799,8.799,8.799,0,0.0,0.0,0.0,0.0,0.0,,0.3,0.0,0.0
2021-08-25,9.545,9.545,9.545,9.545,100,954.5,0.0,0.0,0.0,0.0,,0.3,0.0,0.0
2021-08-26,9.545,9.545,9.545,9.545,0,0.0,0.0,0.0,0.0,0.0,,0.3,0.0,0.0
2021-08-27,10.141,10.141,9.321,9.321,400,3728.4,0.0,0.0,0.0,0.0,,0.3,0.0,0.0
2021-08-30,9.545,9.545,9.545,9.545,100,954.5,0.0,0.0,0.0,0.0,,0.3,0.0,0.0
2021-08-31,9.545,9.545,9.545,9.545,0,0.0,0.0,0.0,0.0,0.0,,0.3,0.0,0.0
2021-09-01,8.799,8.799,8.799,8.799,100,879.9,0.0,0.0,0.0,0.0,,0.3,0.0,0.0
2021-09-06,8.203,8.203,8.203,8.203,100,820.3,0.0,0.0,0.0,0.0,,0.3,0.0,0.0
2021-09-07,8.203,8.203,8.203,8.203,0,0.0,0.0,0.0,0.0,0.0,,0.3,0.0,0.0
2021-09-08,8.203,8.203,8.203,8.203,0,0.0,0.0,0.0,0.0,0.0,,0.3,0.0,0.0
2021-09-09,9.023,9.023,9.023,9.023,100,902.3,0.0,0.0,0.0,0.0,,0.3,0.0,0.0
2021-09-10,9.023,9.023,9.023,9.023,0,0.0,0.0,0.0,0.0,0.0,,0.3,0.0,0.0
2021-09-13,9.023,9.023,9.023,9.023,0,0.0,0.0,0.0,0.0,0.0,,0.3,0.0,0.0
2021-09-14,8.203,8.203,8.203,8.203,500,4101.5,0.0,0.0,0.0,0.0,,0.3,0.0,0.0
2021-09-15,8.203,8.203,8.203,8.203,4200,34452.6,0.0,0.0,0.0,0.0,,0.3,0.0,0.0
2021-09-16,8.203,8.203,8.203,8.203,4200,34452.6,0.0,0.0,0.0,0.0,,0.3,0.0,0.0
2021-09-17,8.203,8.203,8.203,8.203,0,0.0,0.0,0.0,0.0,0.0,,0.3,0.0,0.0
2021-09-20,8.203,8.203,8.203,8.203,0,0.0,0.0,0.0,0.0,0.0,,0.3,0.0,0.0
2021-09-21,8.203,8.203,8.203,8.203,0,0.0,0.0,0.0,0.0,0.0,,0.3,0.0,0.0
2021-09-22,8.203,8.203,8.203,8.203,0,0.0,0.0,0.0,0.0,0.0,,0.3,0.0,0.0
2021-09-23,8.203,8.203,8.203,8.203,0,0.0,0.0,0.0,0.0,0.0,,0.3,0.0,0.0
2021-09-24,8.203,8.203,8.203,8.203,0,0.0,0.0,0.0,0.0,0.0,,0.3,0.0,0.0
2021-09-27,8.203,8.203,8.203,8.203,0,0.0,0.0,0.0,0.0,0.0,,0.3,0.0,0.0
2021-09-28,8.203,8.203,8.203,8.203,0,0.0,0.0,0.0,0.0,0.0,,0.3,0.0,0.0
2021-09-29,8.203,8.203,8.203,8.203,0,0.0,0.0,0.0,0.0,0.0,,0.3,0.0,0.0
2021-09-30,8.203,8.203,8.203,8.203,0,0.0,0.0,0.0,0.0,0.0,,0.3,0.0,0.0
2021-10-01,8.948,9.023,8.948,9.023,700,6316.099999999999,0.0,0.0,0.0,0.0,,0.3,0.0,0.0
2021-10-04,9.023,9.023,9.023,9.023,0,0.0,0.0,0.0,0.0,0.0,,0.3,0.0,0.0
2021-10-05,9.023,9.023,9.023,9.023,0,0.0,0.0,0.0,0.0,0.0,,0.3,0.0,0.0
2021-10-06,8.203,8.203,8.203,8.203,2500,20507.5,0.0,0.0,0.0,0.0,,0.3,0.0,0.0
2021-10-07,9.023,9.023,9.023,9.023,900,8120.7,0.0,0.0,0.0,0.0,,0.3,0.0,0.0
2021-10-08,9.918,9.918,9.918,9.918,200,1983.6,0.0,0.0,0.0,0.0,,0.3,0.0,0.0
2021-10-11,10.887,10.887,10.887,10.887,3301,35937.987,900.0,0.0,10000.0,0.0,,0.3,0.01,0.0
2021-10-12,10.887,10.887,10.887,10.887,0,0.0,0.0,0.0,0.0,0.0,,0.3,0.0,0.0
2021-10-13,10.887,10.887,10.887,10.887,0,0.0,0.0,0.0,0.0,0.0,,0.3,0.0,0.0
2021-10-14,9.843,9.843,9.843,9.843,500,4921.5,0.0,0.0,0.0,0.0,,0.3,0.0,0.0
2021-10-15,9.097,9.172,8.874,9.097,3100,28200.7,0.0,900.0,0.0,10000.0,,0.3,0.0,0.01
2021-10-18,9.247,9.992,9.247,9.992,310,3097.5200000000004,0.0,0.0,0.0,0.0,,0.3,0.0,0.0
2021-10-19,10.962,10.962,10.962,10.962,1000,10962.0,0.0,0.0,0.0,0.0,,0.3,0.0,0.0
2021-10-20,9.918,11.558,9.918,11.484,3100,35600.4,0.0,0.0,0.0,0.0,,0.3,0.0,0.0
2021-10-21,11.335,12.304,11.335,12.304,1840,22639.36,0.0,0.0,0.0,0.0,,0.3,0.0,0.0
2021-10-22,13.05,13.05,12.677,13.05,1209,15777.45,0.0,0.0,0.0,0.0,,0.3,0.0,0.0
2021-10-25,14.094,14.094,13.87,13.87,1500,20805.0,0.0,0.0,0.0,0.0,,0.3,0.0,0.0
2021-10-26,13.87,13.87,13.87,13.87,0,0.0,0.0,0.0,0.0,0.0,,0.3,0.0,0.0
2021-10-27,13.87,13.87,13.87,13.87,0,0.0,0.0,0.0,0.0,0.0,,0.3,0.0,0.0
2021-10-28,13.05,13.05,12.528,12.528,2300,28814.4,0.0,0.0,0.0,0.0,,0.3,0.0,0.0
2021-10-29,11.335,11.409,11.335,11.409,6400,73017.6,0.0,0.0,0.0,0.0,,0.3,0.0,0.0
2021-11-01,10.514,10.514,10.365,10.514,9400,98831.6,0.0,0.0,0.0,0.0,,0.3,0.0,0.0
2021-11-02,11.185,11.185,11.185,11.185,600,6711.0,0.0,0.0,0.0,0.0,,0.3,0.0,0.0
2021-11-03,11.185,11.185,11.185,11.185,7,78.295,0.0,0.0,0.0,0.0,,0.3,0.0,0.0
2021-11-04,11.185,11.185,11.185,11.185,1,11.185,0.0,0.0,0.0,0.0,,0.3,0.0,0.0
2021-11-05,11.111,11.931,11.111,11.707,2600,30438.2,0.0,0.0,0.0,0.0,,0.3,0.0,0.0
2021-11-08,11.707,11.782,11.185,11.707,7425,86924.475,0.0,0.0,0.0,0.0,,0.3,0.0,0.0
2021-11-09,11.782,11.782,11.707,11.707,4900,57364.3,0.0,0.0,0.0,0.0,,0.3,0.0,0.0
2021-11-10,11.558,11.707,10.663,10.887,8900,96894.3,0.0,0.0,0.0,0.0,,0.3,0.0,0.0
2021-11-11,10.887,10.887,10.813,10.813,7600,82178.8,0.0,0.0,0.0,0.0,,0.3,0.0,0.0
2021-11-12,10.813,10.813,10.813,10.813,0,0.0,0.0,0.0,0.0,0.0,,0.3,0.0,0.0
2021-11-15,10.813,10.813,10.44,10.738,4400,47247.2,0.0,0.0,0.0,0.0,,0.3,0.0,0.0
2021-11-16,11.26,11.26,11.185,11.185,5300,59280.5,0.0,0.0,0.0,0.0,,0.3,0.0,0.0
2021-11-17,11.26,11.335,11.185,11.185,3207,35870.295,0.0,0.0,0.0,0.0,,0.3,0.0,0.0
2021-11-18,10.887,11.111,10.887,10.887,1200,13064.4,0.0,0.0,0.0,0.0,,0.3,0.0,0.0
2021-11-19,10.887,10.962,10.887,10.887,3500,38104.5,0.0,0.0,0.0,0.0,,0.3,0.0,0.0
2021-11-22,9.843,9.843,9.843,9.843,400,3937.2,0.0,0.0,0.0,0.0,,0.3,0.0,0.0
2021-11-23,9.694,10.663,9.694,10.663,200,2132.6,0.0,0.0,0.0,0.0,,0.3,0.0,0.0
2021-11-24,10.589,10.589,10.589,10.589,800,8471.2,0.0,0.0,0.0,0.0,,0.3,0.0,0.0
2021-11-25,9.843,10.44,9.843,10.44,3600,37584.0,0.0,0.0,0.0,0.0,,0.3,0.0,0.0
2021-11-26,9.619,9.769,9.619,9.769,3900,38099.1,0.0,0.0,0.0,0.0,,0.3,0.0,0.0
2021-11-29,9.769,9.769,9.769,9.769,0,0.0,0.0,0.0,0.0,0.0,,0.3,0.0,0.0
2021-11-30,9.769,9.769,9.769,9.769,2900,28330.1,0.0,0.0,0.0,0.0,,0.3,0.0,0.0
2021-12-01,10.365,10.738,10.365,10.738,8200,88051.59999999999,0.0,0.0,0.0,0.0,,0.3,0.0,0.0
2021-12-02,11.707,11.707,11.633,11.707,5100,59705.7,0.0,0.0,0.0,0.0,,0.3,0.0,0.0
2021-12-03,11.633,11.633,10.887,10.887,200,2177.4,0.0,0.0,0.0,0.0,,0.3,0.0,0.0
2021-12-06,9.843,10.813,9.843,10.067,400,4026.8,0.0,0.0,0.0,0.0,,0.3,0.0,0.0
2021-12-07,10.663,10.663,10.663,10.663,100,1066.3,0.0,0.0,0.0,0.0,,0.3,0.0,0.0
2021-12-08,10.663,10.663,10.663,10.663,0,0.0,0.0,0.0,0.0,0.0,,0.3,0.0,0.0
2021-12-09,10.514,10.514,10.514,10.514,100,1051.4,0.0,0.0,0.0,0.0,,0.3,0.0,0.0
2021-12-10,10.067,10.067,10.067,10.067,100,1006.7,0.0,0.0,0.0,0.0,,0.3,0.0,0.0
2021-12-13,10.365,10.365,10.365,10.365,100,1036.5,0.0,0.0,0.0,0.0,,0.3,0.0,0.0
2021-12-14,9.47,9.47,9.47,9.47,1000,9470.0,0.0,0.0,0.0,0.0,,0.3,0.0,0.0
2021-12-15,10.291,10.365,10.291,10.365,2500,25912.5,0.0,0.0,0.0,0.0,,0.3,0.0,0.0
2021-12-16,11.26,11.26,11.26,11.26,400,4504.0,0.0,0.0,0.0,0.0,,0.3,0.0,0.0
2021-12-17,11.409,11.409,11.335,11.335,400,4534.0,0.0,0.0,0.0,0.0,,0.3,0.0,0.0
2021-12-20,10.813,10.813,10.813,10.813,100,1081.3,0.0,0.0,0.0,0.0,,0.3,0.0,0.0
2021-12-21,9.918,10.738,9.769,10.738,10200,109527.6,0.0,0.0,0.0,0.0,,0.3,0.0,0.0
2021-12-22,10.738,10.738,10.738,10.738,0,0.0,0.0,0.0,0.0,0.0,,0.3,0.0,0.0
2021-12-23,10.738,10.738,10.738,10.738,0,0.0,0.0,0.0,0.0,0.0,,0.3,0.0,0.0
2021-12-24,10.738,10.738,10.738,10.738,0,0.0,0.0,0.0,0.0,0.0,,0.3,0.0,0.0
2021-12-27,9.918,9.918,9.769,9.843,1600,15748.8,0.0,0.0,0.0,0.0,,0.3,0.0,0.0
2021-12-28,9.47,9.47,9.47,9.47,200,1894.0,0.0,0.0,0.0,0.0,,0.3,0.0,0.0
2021-12-29,9.47,9.47,9.47,9.47,0,0.0,0.0,0.0,0.0,0.0,,0.3,0.0,0.0
2021-12-30,9.918,9.918,9.918,9.918,100,991.8,0.0,0.0,0.0,0.0,,0.3,0.0,0.0
2021-12-31,9.918,9.918,9.918,9.918,0,0.0,0.0,0.0,0.0,0.0,,0.3,0.0,0.0
2022-01-04,9.918,9.918,9.918,9.918,0,0.0,0.0,0.0,0.0,0.0,,0.3,0.0,0.0
2022-01-05,9.918,9.918,9.918,9.918,0,0.0,0.0,0.0,0.0,0.0,,0.3,0.0,0.0
2022-01-06,9.918,9.918,9.918,9.918,200,1983.6,0.0,0.0,0.0,0.0,,0.3,0.0,0.0
2022-01-07,10.291,10.291,10.291,10.291,200,2058.2000000000003,0.0,0.0,0.0,0.0,,0.3,0.0,0.0
2022-01-10,10.291,10.291,10.291,10.291,25,257.27500000000003,0.0,0.0,0.0,0.0,,0.3,0.0,0.0
2022-01-11,10.365,10.365,10.291,10.291,300,3087.3,0.0,0.0,0.0,0.0,,0.3,0.0,0.0
2022-01-12,10.291,10.291,10.291,10.291,0,0.0,0.0,0.0,0.0,0.0,,0.3,0.0,0.0
2022-01-13,10.291,10.291,10.291,10.291,0,0.0,0.0,0.0,0.0,0.0,,0.3,0.0,0.0
2022-01-14,10.291,10.291,10.291,10.291,0,0.0,0.0,0.0,0.0,0.0,,0.3,0.0,0.0
2022-01-17,9.545,9.545,9.47,9.47,200,1894.0,0.0,0.0,0.0,0.0,,0.3,0.0,0.0
2022-01-18,9.47,9.47,9.47,9.47,0,0.0,0.0,0.0,0.0,0.0,,0.3,0.0,0.0
2022-01-19,9.47,9.47,9.47,9.47,0,0.0,0.0,0.0,0.0,0.0,,0.3,0.0,0.0
2022-01-20,8.948,9.545,8.948,9.545,200,1909.0,0.0,0.0,0.0,0.0,,0.3,0.0,0.0
2022-01-21,9.545,9.545,9.545,9.545,0,0.0,0.0,0.0,0.0,0.0,,0.3,0.0,0.0
2022-01-24,9.545,9.545,9.545,9.545,0,0.0,0.0,0.0,0.0,0.0,,0.3,0.0,0.0
2022-01-25,9.47,9.47,9.47,9.47,100,947.0,0.0,0.0,0.0,0.0,,0.3,0.0,0.0
2022-01-26,9.47,9.47,9.47,9.47,17,160.99,0.0,0.0,0.0,0.0,,0.3,0.0,0.0
2022-01-27,9.47,9.47,9.47,9.47,0,0.0,0.0,0.0,0.0,0.0,,0.3,0.0,0.0
2022-01-28,9.47,9.47,9.47,9.47,0,0.0,0.0,0.0,0.0,0.0,,0.3,0.0,0.0
2022-02-07,9.47,9.47,9.47,9.47,0,0.0,0.0,0.0,0.0,0.0,,0.3,0.0,0.0
2022-02-08,8.948,8.948,8.948,8.948,100,894.8000000000001,0.0,0.0,0.0,0.0,,0.3,0.0,0.0
2022-02-09,9.769,9.843,9.769,9.843,200,1968.6,0.0,0.0,0.0,0.0,,0.3,0.0,0.0
2022-02-10,9.321,10.365,9.321,10.365,3310,34308.15,0.0,0.0,0.0,0.0,,0.3,0.0,0.0
2022-02-11,9.619,9.619,9.619,9.619,100,961.9,0.0,0.0,0.0,0.0,,0.3,0.0,0.0
2022-02-14,9.619,9.619,9.619,9.619,0,0.0,0.0,0.0,0.0,0.0,,0.3,0.0,0.0
2022-02-15,9.619,9.619,9.619,9.619,112,1077.328,0.0,0.0,0.0,0.0,,0.3,0.0,0.0
2022-02-16,9.619,9.619,9.619,9.619,300,2885.7,0.0,0.0,0.0,0.0,,0.3,0.0,0.0
2022-02-17,9.47,9.47,9.47,9.47,100,947.0,0.0,0.0,0.0,0.0,,0.3,0.0,0.0
2022-02-18,9.47,9.47,9.47,9.47,0,0.0,0.0,0.0,0.0,0.0,,0.3,0.0,0.0
2022-02-21,9.47,9.47,9.47,9.47,0,0.0,0.0,0.0,0.0,0.0,,0.3,0.0,0.0
2022-02-22,8.948,8.948,8.948,8.948,600,5368.8,0.0,0.0,0.0,0.0,,0.3,0.0,0.0
2022-02-23,9.545,9.843,9.545,9.843,900,8858.7,0.0,0.0,0.0,0.0,,0.3,0.0,0.0
2022-02-24,9.843,10.44,9.843,10.44,600,6264.0,0.0,0.0,0.0,0.0,,0.3,0.0,0.0
2022-02-25,10.365,10.44,10.365,10.44,600,6264.0,0.0,0.0,0.0,0.0,,0.3,0.0,0.0
2022-02-28,10.44,10.44,10.44,10.44,0,0.0,0.0,0.0,0.0,0.0,,0.3,0.0,0.0
2022-03-01,10.365,10.365,10.365,10.365,500,5182.5,0.0,0.0,0.0,0.0,,0.3,0.0,0.0
2022-03-02,9.992,10.813,9.992,10.813,200,2162.6,0.0,0.0,0.0,0.0,,0.3,0.0,0.0
2022-03-03,10.813,10.813,10.067,10.067,500,5033.5,0.0,0.0,0.0,0.0,,0.3,0.0,0.0
2022-03-04,10.44,10.44,10.44,10.44,116,1211.04,0.0,0.0,0.0,0.0,,0.3,0.0,0.0
2022-03-07,11.335,11.335,10.589,10.962,14428,158159.736,0.0,0.0,0.0,0.0,,0.3,0.0,0.0
2022-03-08,11.111,12.006,11.111,12.006,20900,250925.4,0.0,0.0,0.0,0.0,,0.3,0.0,0.0
2022-03-09,12.155,13.199,12.155,13.199,12416,163878.784,0.0,0.0,0.0,0.0,,0.3,0.0,0.0
2022-03-10,13.199,14.466,13.199,13.199,11400,150468.6,0.0,0.0,0.0,0.0,,0.3,0.0,0.0
2022-03-11,13.199,14.466,13.05,13.199,13300,175546.7,0.0,0.0,0.0,0.0,,0.3,0.0,0.0
2022-03-14,13.199,13.199,12.528,12.528,8806,110321.568,6000.0,0.0,100000.0,0.0,,0.3,0.1,0.0
2022-03-15,11.409,11.409,11.335,11.335,4100,46473.5,0.0,0.0,0.0,0.0,,0.3,0.0,0.0
2022-03-16,10.44,12.304,10.216,12.155,2800,34034.0,0.0,0.0,0.0,0.0,,0.3,0.0,0.0
2022-03-17,12.155,12.155,11.036,11.409,6300,71876.70000000001,1000.0,0.0,20000.0,0.0,,0.3,0.02,0.0
2022-03-18,11.409,11.558,11.185,11.409,800,9127.2,0.0,0.0,0.0,0.0,,0.3,0.0,0.0
2022-03-21,11.409,12.304,11.409,12.006,9802,117682.812,0.0,0.0,0.0,0.0,,0.3,0.0,0.0
2022-03-22,12.006,12.08,10.813,11.558,3814,44082.212,0.0,0.0,0.0,0.0,,0.3,0.0,0.0
2022-03-23,11.335,11.857,10.514,11.857,6500,77070.5,0.0,0.0,0.0,0.0,,0.3,0.0,0.0
2022-03-24,11.185,12.08,11.185,11.633,1602,18636.066,0.0,0.0,0.0,0.0,,0.3,0.0,0.0
2022-03-25,11.558,11.782,11.185,11.782,3600,42415.2,0.0,0.0,0.0,0.0,,0.3,0.0,0.0
2022-03-28,11.782,11.782,11.409,11.707,4714,55186.798,0.0,0.0,0.0,0.0,,0.3,0.0,0.0
2022-03-29,11.707,11.782,11.633,11.707,11100,129947.7,0.0,0.0,0.0,0.0,,0.3,0.0,0.0
2022-03-30,11.633,11.707,11.335,11.558,1800,20804.4,0.0,0.0,0.0,0.0,,0.3,0.0,0.0
2022-03-31,11.185,11.484,11.185,11.26,1200,13512.0,0.0,0.0,0.0,0.0,,0.3,0.0,0.0
2022-04-01,11.558,11.558,11.409,11.409,1500,17113.5,0.0,200.0,0.0,0.0,,0.3,0.0,0.0
2022-04-04,11.633,11.633,10.813,11.409,1300,14831.7,0.0,0.0,0.0,0.0,,0.3,0.0,0.0
2022-04-05,11.409,11.409,11.185,11.185,700,7829.5,0.0,0.0,0.0,0.0,,0.3,0.0,0.0
2022-04-06,10.813,11.185,10.813,11.185,1100,12303.5,0.0,0.0,0.0,0.0,,0.3,0.0,0.0
2022-04-07,11.185,11.782,11.185,11.782,26800,315757.6,0.0,1000.0,0.0,20000.0,,0.3,0.0,0.02
2022-04-08,11.782,11.857,11.707,11.782,7000,82474.0,0.0,0.0,0.0,0.0,,0.3,0.0,0.0
2022-04-12,11.558,11.558,11.558,11.558,1100,12713.8,0.0,0.0,0.0,0.0,,0.3,0.0,0.0
2022-04-13,11.185,11.26,11.185,11.26,2900,32654.0,0.0,0.0,0.0,0.0,,0.3,0.0,0.0
2022-04-14,11.26,11.782,11.26,11.782,3500,41237.0,0.0,1000.0,0.0,20000.0,,0.3,0.0,0.02
2022-04-15,11.707,11.782,11.707,11.782,3500,41237.0,0.0,0.0,0.0,0.0,,0.3,0.0,0.0
2022-04-18,11.782,11.782,11.782,11.782,0,0.0,0.0,0.0,0.0,0.0,,0.3,0.0,0.0
2022-04-19,12.528,12.528,11.26,11.26,1400,15764.0,1000.0,0.0,20000.0,0.0,,0.3,0.02,0.0
2022-04-20,11.26,11.26,11.26,11.26,0,0.0,0.0,0.0,0.0,0.0,,0.3,0.0,0.0
2022-04-21,10.141,11.185,10.141,11.185,200,2237.0,0.0,0.0,0.0,0.0,,0.3,0.0,0.0
2022-04-22,11.036,11.185,10.44,11.185,3000,33555.0,0.0,1000.0,0.0,10000.0,,0.3,0.0,0.01
2022-04-25,11.185,11.185,11.185,11.185,5900,65991.5,0.0,0.0,0.0,0.0,,0.3,0.0,0.0
2022-04-26,11.111,11.185,11.111,11.111,2600,28888.6,0.0,0.0,0.0,0.0,,0.3,0.0,0.0
2022-04-27,11.185,11.185,11.185,11.185,4400,49214.0,0.0,0.0,0.0,0.0,,0.3,0.0,0.0
2022-04-28,11.185,11.185,11.185,11.185,400,4474.0,0.0,0.0,0.0,0.0,,0.3,0.0,0.0
2022-04-29,11.185,11.185,11.185,11.185,200,2237.0,0.0,0.0,0.0,0.0,,0.3,0.0,0.0
2022-05-04,11.558,11.558,11.558,11.558,3000,34674.0,0.0,0.0,0.0,0.0,,0.3,0.0,0.0
2022-05-05,11.558,11.558,11.558,11.558,2100,24271.8,0.0,0.0,0.0,0.0,,0.3,0.0,0.0
2022-05-06,11.185,11.558,11.185,11.558,1300,15025.4,300.0,0.0,0.0,0.0,,0.3,0.0,0.0
2022-05-09,11.558,11.558,11.558,11.558,0,0.0,0.0,0.0,0.0,0.0,,0.3,0.0,0.0
2022-05-10,11.558,11.558,11.558,11.558,2700,31206.6,0.0,0.0,0.0,0.0,,0.3,0.0,0.0
2022-05-11,11.558,11.558,11.558,11.558,0,0.0,0.0,0.0,0.0,0.0,,0.3,0.0,0.0
2022-05-12,11.558,11.558,11.558,11.558,0,0.0,0.0,0.0,0.0,0.0,,0.3,0.0,0.0
2022-05-13,11.558,11.558,11.558,11.558,4200,48543.6,0.0,0.0,0.0,0.0,,0.3,0.0,0.0
2022-05-16,11.558,11.558,11.558,11.558,200,2311.6,0.0,0.0,0.0,0.0,,0.3,0.0,0.0
2022-05-17,11.558,11.558,11.558,11.558,0,0.0,0.0,0.0,0.0,0.0,,0.3,0.0,0.0
2022-05-18,11.558,11.558,11.558,11.558,4800,55478.4,0.0,0.0,0.0,0.0,,0.3,0.0,0.0
2022-05-19,11.558,11.558,11.558,11.558,7,80.906,0.0,0.0,0.0,0.0,,0.3,0.0,0.0
2022-05-20,11.558,11.931,11.558,11.931,2000,23862.0,0.0,0.0,0.0,0.0,,0.3,0.0,0.0
2022-05-23,12.677,12.677,12.677,12.677,100,1267.7,0.0,0.0,0.0,0.0,,0.3,0.0,0.0
2022-05-24,12.521,12.521,12.521,12.521,100,1252.1,0.0,0.0,0.0,0.0,,0.3,0.0,0.0
2022-05-25,12.443,12.443,12.443,12.443,200,2488.6,0.0,0.0,0.0,0.0,,0.3,0.0,0.0
2022-05-26,12.443,12.443,12.443,12.443,0,0.0,0.0,0.0,0.0,0.0,,0.3,0.0,0.0
2022-05-27,12.443,12.443,12.443,12.443,0,0.0,0.0,0.0,0.0,0.0,,0.3,0.0,0.0
2022-05-30,12.443,12.443,12.443,12.443,0,0.0,0.0,0.0,0.0,0.0,,0.3,0.0,0.0
2022-05-31,12.443,12.443,12.443,12.443,0,0.0,0.0,0.0,0.0,0.0,,0.3,0.0,0.0
2022-06-01,12.443,12.443,12.443,12.443,0,0.0,0.0,0.0,0.0,0.0,,0.3,0.0,0.0
2022-06-02,12.443,12.443,12.443,12.443,3489,43413.627,0.0,0.0,0.0,0.0,,0.3,0.0,0.0
2022-06-03,12.443,12.443,12.443,12.443,0,0.0,0.0,0.0,0.0,0.0,,0.3,0.0,0.0
2022-06-06,12.443,12.443,12.443,12.443,0,0.0,0.0,0.0,0.0,0.0,,0.3,0.0,0.0
2022-06-07,12.443,12.443,12.443,12.443,0,0.0,0.0,0.0,0.0,0.0,,0.3,0.0,0.0
2022-06-08,12.443,12.443,12.443,12.443,0,0.0,0.0,0.0,0.0,0.0,,0.3,0.0,0.0
2022-06-09,12.443,12.443,12.443,12.443,0,0.0,0.0,0.0,0.0,0.0,,0.3,0.0,0.0
2022-06-10,12.912,13.303,12.912,13.303,800,10642.4,0.0,0.0,0.0,0.0,,0.3,0.0,0.0
2022-06-13,14.086,14.086,14.086,14.086,100,1408.6,0.0,100.0,0.0,0.0,,0.3,0.0,0.0
2022-06-14,14.086,14.947,14.086,14.947,8000,119576.0,0.0,200.0,0.0,0.0,,0.3,0.0,0.0
2022-06-15,14.947,14.947,14.947,14.947,0,0.0,0.0,0.0,0.0,0.0,,0.3,0.0,0.0
2022-06-16,15.651,15.651,15.651,15.651,1100,17216.1,0.0,0.0,0.0,0.0,,0.3,0.0,0.0
2022-06-17,14.086,14.086,14.086,14.086,7519,105912.634,0.0,0.0,0.0,0.0,,0.3,0.0,0.0
2022-06-20,12.677,12.677,12.677,12.677,3000,38031.0,0.0,0.0,0.0,0.0,,0.3,0.0,0.0
2022-06-21,12.677,12.677,12.677,12.677,0,0.0,0.0,0.0,0.0,0.0,,0.3,0.0,0.0
2022-06-22,12.677,12.677,12.677,12.677,0,0.0,0.0,0.0,0.0,0.0,,0.3,0.0,0.0
2022-06-23,12.208,12.208,11.425,11.425,3000,34275.0,0.0,0.0,0.0,0.0,,0.3,0.0,0.0
2022-06-24,11.425,11.425,11.425,11.425,0,0.0,0.0,0.0,0.0,0.0,,0.3,0.0,0.0
2022-06-27,10.33,10.33,10.33,10.33,1900,19627.0,0.0,0.0,0.0,0.0,,0.3,0.0,0.0
2022-06-28,10.33,10.33,10.33,10.33,0,0.0,0.0,0.0,0.0,0.0,,0.3,0.0,0.0
2022-06-29,10.33,10.33,10.33,10.33,0,0.0,0.0,0.0,0.0,0.0,,0.3,0.0,0.0
2022-06-30,10.33,10.33,10.33,10.33,0,0.0,0.0,0.0,0.0,0.0,,0.3,0.0,0.0
2022-07-01,10.33,10.33,10.33,10.33,0,0.0,0.0,0.0,0.0,0.0,,0.3,0.0,0.0
2022-07-04,11.347,11.347,11.347,11.347,2100,23828.7,0.0,0.0,0.0,0.0,,0.3,0.0,0.0
2022-07-05,12.443,12.443,12.443,12.443,7100,88345.3,0.0,500.0,0.0,10000.0,,0.3,0.0,0.01
2022-07-06,12.912,13.616,12.912,13.616,40001,544653.616,0.0,0.0,0.0,0.0,,0.3,0.0,0.0
2022-07-07,14.947,14.947,14.868,14.947,19846,296638.162,0.0,0.0,0.0,0.0,,0.3,0.0,0.0
2022-07-08,16.434,16.434,14.086,14.086,2200,30989.2,0.0,0.0,0.0,0.0,,0.3,0.0,0.0
2022-07-11,12.677,12.912,12.677,12.912,500,6456.0,0.0,0.0,0.0,0.0,,0.3,0.0,0.0
2022-07-12,12.912,12.912,12.912,12.912,0,0.0,0.0,0.0,0.0,0.0,,0.3,0.0,0.0
2022-07-13,12.912,12.912,12.912,12.912,8400,108460.8,0.0,0.0,0.0,0.0,,0.3,0.0,0.0
2022-07-14,13.303,13.303,13.303,13.303,100,1330.3000000000002,0.0,0.0,0.0,0.0,,0.3,0.0,0.0
2022-07-15,13.303,14.634,13.303,14.634,6900,100974.6,0.0,0.0,0.0,0.0,,0.3,0.0,0.0
2022-07-18,14.634,14.634,14.634,14.634,0,0.0,0.0,0.0,0.0,0.0,,0.3,0.0,0.0
2022-07-19,14.086,14.086,14.086,14.086,300,4225.8,0.0,0.0,0.0,0.0,,0.3,0.0,0.0
2022-07-20,14.086,14.086,14.086,14.086,10600,149311.6,0.0,0.0,0.0,0.0,,0.3,0.0,0.0
2022-07-21,14.477,14.477,14.477,14.477,5700,82518.90000000001,0.0,0.0,0.0,0.0,,0.3,0.0,0.0
2022-07-22,14.477,14.477,14.477,14.477,0,0.0,0.0,0.0,0.0,0.0,,0.3,0.0,0.0
2022-07-25,14.477,14.477,14.477,14.477,0,0.0,0.0,0.0,0.0,0.0,,0.3,0.0,0.0
2022-07-26,14.477,14.477,14.477,14.477,100,1447.7,0.0,0.0,0.0,0.0,,0.3,0.0,0.0
2022-07-27,13.069,14.868,13.069,14.868,25743,382746.924,0.0,0.0,0.0,0.0,,0.3,0.0,0.0
2022-07-28,13.382,13.382,13.382,13.382,200,2676.4,0.0,0.0,0.0,0.0,,0.3,0.0,0.0
2022-07-29,13.382,13.382,13.382,13.382,0,0.0,0.0,0.0,0.0,0.0,,0.3,0.0,0.0
2022-08-01,13.382,13.382,13.382,13.382,0,0.0,0.0,0.0,0.0,0.0,,0.3,0.0,0.0
2022-08-02,13.382,13.382,13.382,13.382,0,0.0,0.0,0.0,0.0,0.0,,0.3,0.0,0.0
2022-08-03,14.712,14.712,14.712,14.712,10000,147120.0,0.0,0.0,0.0,0.0,,0.3,0.0,0.0
2022-08-04,14.868,14.868,14.868,14.868,15000,223020.0,0.0,0.0,0.0,0.0,,0.3,0.0,0.0
2022-08-05,14.947,14.947,14.947,14.947,20100,300434.7,0.0,0.0,0.0,0.0,,0.3,0.0,0.0
2022-08-08,15.025,15.025,15.025,15.025,3000,45075.0,0.0,0.0,0.0,0.0,,0.3,0.0,0.0
2022-08-09,15.025,15.025,15.025,15.025,0,0.0,0.0,0.0,0.0,0.0,,0.3,0.0,0.0
2022-08-10,15.338,15.338,15.338,15.338,10400,159515.19999999998,0.0,0.0,0.0,0.0,,0.3,0.0,0.0
2022-08-11,15.494,15.494,15.494,15.494,800,12395.2,0.0,0.0,0.0,0.0,,0.3,0.0,0.0
2022-08-12,15.494,15.494,15.494,15.494,0,0.0,0.0,0.0,0.0,0.0,,0.3,0.0,0.0
2022-08-15,15.494,15.494,15.494,15.494,0,0.0,0.0,0.0,0.0,0.0,,0.3,0.0,0.0
2022-08-16,15.494,15.494,15.494,15.494,0,0.0,0.0,0.0,0.0,0.0,,0.3,0.0,0.0
2022-08-17,15.494,15.494,15.494,15.494,0,0.0,0.0,0.0,0.0,0.0,,0.3,0.0,0.0
2022-08-18,15.494,15.494,15.494,15.494,0,0.0,0.0,0.0,0.0,0.0,,0.3,0.0,0.0
2022-08-19,15.494,15.494,15.494,15.494,0,0.0,0.0,0.0,0.0,0.0,,0.3,0.0,0.0
2022-08-22,15.494,15.494,15.494,15.494,0,0.0,0.0,0.0,0.0,0.0,,0.3,0.0,0.0
2022-08-23,15.494,15.494,15.494,15.494,0,0.0,0.0,0.0,0.0,0.0,,0.3,0.0,0.0
2022-08-24,15.494,15.494,15.494,15.494,0,0.0,0.0,0.0,0.0,0.0,,0.3,0.0,0.0
2022-08-25,15.494,15.494,15.494,15.494,0,0.0,0.0,0.0,0.0,0.0,,0.3,0.0,0.0
2022-08-26,15.494,15.494,15.494,15.494,0,0.0,0.0,0.0,0.0,0.0,,0.3,0.0,0.0
2022-08-29,15.494,15.494,15.494,15.494,0,0.0,0.0,0.0,0.0,0.0,,0.3,0.0,0.0
2022-08-30,15.651,15.651,15.651,15.651,2800,43822.8,0.0,500.0,0.0,10000.0,,0.3,0.0,0.01
2022-08-31,15.651,15.651,15.651,15.651,0,0.0,0.0,0.0,0.0,0.0,,0.3,0.0,0.0
2022-09-05,15.651,15.651,15.651,15.651,100,1565.1,0.0,0.0,0.0,0.0,,0.3,0.0,0.0
2022-09-06,15.651,15.651,15.651,15.651,0,0.0,0.0,0.0,0.0,0.0,,0.3,0.0,0.0
2022-09-07,15.651,15.651,15.651,15.651,3400,53213.4,0.0,0.0,0.0,0.0,,0.3,0.0,0.0
2022-09-08,15.651,15.651,15.651,15.651,0,0.0,0.0,0.0,0.0,0.0,,0.3,0.0,0.0
2022-09-09,15.651,15.651,15.651,15.651,2000,31302.0,0.0,0.0,0.0,0.0,,0.3,0.0,0.0
2022-09-12,15.651,15.651,15.651,15.651,0,0.0,0.0,0.0,0.0,0.0,,0.3,0.0,0.0
2022-09-13,14.868,14.868,14.868,14.868,10000,148680.0,0.0,0.0,0.0,0.0,,0.3,0.0,0.0
2022-09-14,14.868,14.868,14.868,14.868,0,0.0,0.0,0.0,0.0,0.0,,0.3,0.0,0.0
2022-09-15,14.868,14.868,14.868,14.868,0,0.0,0.0,0.0,0.0,0.0,,0.3,0.0,0.0
2022-09-16,13.382,13.382,13.382,13.382,105,1405.11,0.0,0.0,0.0,0.0,,0.3,0.0,0.0
2022-09-19,13.382,13.382,13.382,13.382,0,0.0,0.0,0.0,0.0,0.0,,0.3,0.0,0.0
2022-09-20,13.382,13.382,13.382,13.382,0,0.0,0.0,0.0,0.0,0.0,,0.3,0.0,0.0
2022-09-21,13.382,13.382,13.382,13.382,0,0.0,0.0,0.0,0.0,0.0,,0.3,0.0,0.0
2022-09-22,13.382,13.382,13.382,13.382,0,0.0,0.0,0.0,0.0,0.0,,0.3,0.0,0.0
2022-09-23,13.382,13.382,13.382,13.382,0,0.0,0.0,0.0,0.0,0.0,,0.3,0.0,0.0
2022-09-26,13.382,13.382,13.382,13.382,5,66.91,0.0,0.0,0.0,0.0,,0.3,0.0,0.0
2022-09-27,13.382,13.382,13.382,13.382,0,0.0,0.0,0.0,0.0,0.0,,0.3,0.0,0.0
2022-09-28,13.382,13.382,13.382,13.382,0,0.0,0.0,0.0,0.0,0.0,,0.3,0.0,0.0
2022-09-29,12.051,12.051,12.051,12.051,100,1205.1,0.0,0.0,0.0,0.0,,0.3,0.0,0.0
2022-09-30,12.051,12.051,12.051,12.051,0,0.0,0.0,0.0,0.0,0.0,,0.3,0.0,0.0
2022-10-03,12.521,12.912,12.521,12.912,1500,19368.0,0.0,1500.0,0.0,20000.0,,0.3,0.0,0.02
2022-10-04,12.912,12.912,12.912,12.912,0,0.0,0.0,0.0,0.0,0.0,,0.3,0.0,0.0
2022-10-05,12.912,12.912,12.912,12.912,0,0.0,0.0,0.0,0.0,0.0,,0.3,0.0,0.0
2022-10-06,11.817,11.817,11.817,11.817,100,1181.7,0.0,0.0,0.0,0.0,,0.3,0.0,0.0
2022-10-07,11.817,11.817,11.817,11.817,0,0.0,0.0,0.0,0.0,0.0,,0.3,0.0,0.0
2022-10-10,11.817,11.817,11.817,11.817,0,0.0,0.0,0.0,0.0,0.0,,0.3,0.0,0.0
2022-10-11,10.643,11.19,10.643,10.721,1200,12865.2,0.0,1000.0,0.0,10000.0,,0.3,0.0,0.01
2022-10-12,11.347,11.347,11.347,11.347,500,5673.5,0.0,500.0,0.0,10000.0,,0.3,0.0,0.01
2022-10-13,10.33,10.33,10.33,10.33,100,1033.0,0.0,0.0,0.0,0.0,,0.3,0.0,0.0
2022-10-14,9.86,9.86,9.86,9.86,100,986.0,0.0,0.0,0.0,0.0,,0.3,0.0,0.0
2022-10-17,10.33,10.33,10.33,10.33,500,5165.0,0.0,500.0,0.0,10000.0,,0.3,0.0,0.01
2022-10-18,10.33,10.33,10.33,10.33,0,0.0,0.0,0.0,0.0,0.0,,0.3,0.0,0.0
2022-10-19,10.33,10.33,10.33,10.33,0,0.0,0.0,0.0,0.0,0.0,,0.3,0.0,0.0
2022-10-20,10.33,10.33,10.33,10.33,0,0.0,0.0,0.0,0.0,0.0,,0.3,0.0,0.0
2022-10-21,10.33,10.33,10.33,10.33,0,0.0,0.0,0.0,0.0,0.0,,0.3,0.0,0.0
2022-10-24,10.33,10.33,10.33,10.33,21,216.93,0.0,0.0,0.0,0.0,,0.3,0.0,0.0
2022-10-25,9.312,9.312,9.312,9.312,100,931.2,0.0,0.0,0.0,0.0,,0.3,0.0,0.0
2022-10-26,9.312,9.312,9.312,9.312,0,0.0,0.0,0.0,0.0,0.0,,0.3,0.0,0.0
2022-10-27,9.312,9.312,9.312,9.312,0,0.0,0.0,0.0,0.0,0.0,,0.3,0.0,0.0
2022-10-28,9.312,9.312,9.312,9.312,0,0.0,0.0,0.0,0.0,0.0,,0.3,0.0,0.0
2022-10-31,8.999,8.999,8.999,8.999,300,2699.7000000000003,0.0,300.0,0.0,0.0,,0.3,0.0,0.0
2022-11-01,8.608,8.765,8.608,8.765,20100,176176.5,0.0,0.0,0.0,0.0,,0.3,0.0,0.0
2022-11-02,8.765,8.765,8.765,8.765,0,0.0,0.0,0.0,0.0,0.0,,0.3,0.0,0.0
2022-11-03,7.904,7.904,7.904,7.904,100,790.4,0.0,0.0,0.0,0.0,,0.3,0.0,0.0
2022-11-04,7.904,7.904,7.904,7.904,0,0.0,0.0,0.0,0.0,0.0,,0.3,0.0,0.0
2022-11-07,7.904,7.904,7.904,7.904,0,0.0,0.0,0.0,0.0,0.0,,0.3,0.0,0.0
2022-11-08,7.904,7.904,7.904,7.904,0,0.0,0.0,0.0,0.0,0.0,,0.3,0.0,0.0
2022-11-09,7.904,7.904,7.904,7.904,0,0.0,0.0,0.0,0.0,0.0,,0.3,0.0,0.0
2022-11-10,7.904,7.904,7.904,7.904,0,0.0,0.0,0.0,0.0,0.0,,0.3,0.0,0.0
2022-11-11,7.904,7.904,7.904,7.904,0,0.0,0.0,0.0,0.0,0.0,,0.3,0.0,0.0
2022-11-14,7.904,7.904,7.904,7.904,0,0.0,0.0,0.0,0.0,0.0,,0.3,0.0,0.0
2022-11-15,7.904,7.904,7.904,7.904,0,0.0,0.0,0.0,0.0,0.0,,0.3,0.0,0.0
2022-11-16,7.904,7.904,7.904,7.904,0,0.0,0.0,0.0,0.0,0.0,,0.3,0.0,0.0
2022-11-17,7.904,7.904,7.904,7.904,0,0.0,0.0,0.0,0.0,0.0,,0.3,0.0,0.0
2022-11-18,7.904,7.904,7.904,7.904,0,0.0,0.0,0.0,0.0,0.0,,0.3,0.0,0.0
2022-11-21,7.904,7.904,7.904,7.904,0,0.0,0.0,0.0,0.0,0.0,,0.3,0.0,0.0
2022-11-22,7.904,7.904,7.904,7.904,0,0.0,0.0,0.0,0.0,0.0,,0.3,0.0,0.0
2022-11-23,7.904,7.904,7.904,7.904,0,0.0,0.0,0.0,0.0,0.0,,0.3,0.0,0.0
2022-11-24,7.904,7.904,7.904,7.904,1,7.904,0.0,0.0,0.0,0.0,,0.3,0.0,0.0
2022-11-25,7.904,7.904,7.904,7.904,0,0.0,0.0,0.0,0.0,0.0,,0.3,0.0,0.0
2022-11-28,7.904,7.904,7.904,7.904,0,0.0,0.0,0.0,0.0,0.0,,0.3,0.0,0.0
2022-11-29,8.686,8.686,8.686,8.686,200,1737.2,0.0,0.0,0.0,0.0,,0.3,0.0,0.0
2022-11-30,8.686,8.686,8.686,8.686,0,0.0,0.0,0.0,0.0,0.0,,0.3,0.0,0.0
2022-12-01,9.547,9.547,9.547,9.547,100,954.7,0.0,0.0,0.0,0.0,,0.3,0.0,0.0
2022-12-02,10.173,10.173,10.173,10.173,500,5086.5,0.0,0.0,0.0,0.0,,0.3,0.0,0.0
2022-12-05,10.173,10.173,10.173,10.173,0,0.0,0.0,0.0,0.0,0.0,,0.3,0.0,0.0
2022-12-06,10.173,10.173,10.173,10.173,0,0.0,0.0,0.0,0.0,0.0,,0.3,0.0,0.0
2022-12-07,11.19,11.19,9.234,9.234,11200,103420.8,0.0,0.0,0.0,0.0,,0.3,0.0,0.0
2022-12-08,9.234,9.234,9.234,9.234,0,0.0,0.0,0.0,0.0,0.0,,0.3,0.0,0.0
2022-12-09,9.234,9.234,9.234,9.234,0,0.0,0.0,0.0,0.0,0.0,,0.3,0.0,0.0
2022-12-12,9.234,9.234,9.234,9.234,0,0.0,0.0,0.0,0.0,0.0,,0.3,0.0,0.0
2022-12-13,9.234,9.234,9.234,9.234,0,0.0,0.0,0.0,0.0,0.0,,0.3,0.0,0.0
2022-12-14,9.234,9.234,9.234,9.234,0,0.0,0.0,0.0,0.0,0.0,,0.3,0.0,0.0
2022-12-15,10.095,10.095,9.782,9.782,5000,48910.0,0.0,0.0,0.0,0.0,,0.3,0.0,0.0
2022-12-16,9.782,9.782,9.782,9.782,0,0.0,0.0,0.0,0.0,0.0,,0.3,0.0,0.0
2022-12-19,10.721,10.721,10.721,10.721,500,5360.5,0.0,0.0,0.0,0.0,,0.3,0.0,0.0
2022-12-20,11.738,11.738,11.738,11.738,500,5869.0,0.0,0.0,0.0,0.0,,0.3,0.0,0.0
2022-12-21,12.521,12.521,12.521,12.521,300,3756.3,0.0,0.0,0.0,0.0,,0.3,0.0,0.0
2022-12-22,13.069,13.069,11.347,11.347,400,4538.8,0.0,0.0,0.0,0.0,,0.3,0.0,0.0
2022-12-23,12.443,12.443,10.33,10.33,300,3099.0,0.0,0.0,0.0,0.0,,0.3,0.0,0.0
2022-12-26,11.347,11.347,11.347,11.347,200,2269.4,0.0,0.0,0.0,0.0,,0.3,0.0,0.0
2022-12-27,12.443,12.443,10.33,10.33,200,2066.0,0.0,0.0,0.0,0.0,,0.3,0.0,0.0
2022-12-28,11.347,11.347,11.347,11.347,1100,12481.7,0.0,0.0,0.0,0.0,,0.3,0.0,0.0
2022-12-29,12.443,12.443,10.486,10.486,200,2097.2000000000003,0.0,0.0,0.0,0.0,,0.3,0.0,0.0
2022-12-30,11.503,11.503,11.503,11.503,300,3450.9,0.0,0.0,0.0,0.0,,0.3,0.0,0.0
2023-01-03,11.503,11.503,11.503,11.503,0,0.0,0.0,0.0,0.0,0.0,,0.3,0.0,0.0
2023-01-04,11.503,11.503,11.503,11.503,0,0.0,0.0,0.0,0.0,0.0,,0.3,0.0,0.0
2023-01-05,11.503,11.503,11.503,11.503,0,0.0,0.0,0.0,0.0,0.0,,0.3,0.0,0.0
2023-01-06,11.503,11.503,11.503,11.503,0,0.0,0.0,0.0,0.0,0.0,,0.3,0.0,0.0
2023-01-09,11.503,11.503,11.503,11.503,0,0.0,0.0,0.0,0.0,0.0,,0.3,0.0,0.0
2023-01-10,11.503,11.503,11.503,11.503,1,11.503,0.0,0.0,0.0,0.0,,0.3,0.0,0.0
2023-01-11,11.503,11.503,11.503,11.503,0,0.0,0.0,0.0,0.0,0.0,,0.3,0.0,0.0
2023-01-12,11.503,11.503,11.503,11.503,0,0.0,0.0,0.0,0.0,0.0,,0.3,0.0,0.0
2023-01-13,11.503,11.503,11.503,11.503,0,0.0,0.0,0.0,0.0,0.0,,0.3,0.0,0.0
2023-01-16,11.503,11.503,11.503,11.503,0,0.0,0.0,0.0,0.0,0.0,,0.3,0.0,0.0
2023-01-17,11.503,11.503,11.503,11.503,0,0.0,0.0,0.0,0.0,0.0,,0.3,0.0,0.0
2023-01-18,11.503,11.503,11.503,11.503,0,0.0,0.0,0.0,0.0,0.0,,0.3,0.0,0.0
2023-01-19,11.503,11.503,11.503,11.503,0,0.0,0.0,0.0,0.0,0.0,,0.3,0.0,0.0
2023-01-27,10.564,10.564,10.564,10.564,3000,31692.0,0.0,0.0,0.0,0.0,,0.3,0.0,0.0
2023-01-30,10.486,11.582,10.486,11.582,10100,116978.2,0.0,0.0,0.0,0.0,,0.3,0.0,0.0
2023-01-31,11.582,11.582,11.582,11.582,0,0.0,0.0,0.0,0.0,0.0,,0.3,0.0,0.0
2023-02-01,10.564,10.564,10.564,10.564,100,1056.4,0.0,0.0,0.0,0.0,,0.3,0.0,0.0
2023-02-02,10.877,10.877,10.877,10.877,2000,21754.0,0.0,0.0,0.0,0.0,,0.3,0.0,0.0
2023-02-03,10.017,10.017,10.017,10.017,100,1001.7,0.0,0.0,0.0,0.0,,0.3,0.0,0.0
2023-02-06,10.017,10.017,10.017,10.017,0,0.0,0.0,0.0,0.0,0.0,,0.3,0.0,0.0
2023-02-07,10.017,10.017,10.017,10.017,0,0.0,0.0,0.0,0.0,0.0,,0.3,0.0,0.0
2023-02-08,10.017,10.017,10.017,10.017,0,0.0,0.0,0.0,0.0,0.0,,0.3,0.0,0.0
2023-02-09,10.877,10.877,10.877,10.877,600,6526.200000000001,0.0,0.0,0.0,0.0,,0.3,0.0,0.0
2023-02-10,10.877,10.877,10.877,10.877,0,0.0,0.0,0.0,0.0,0.0,,0.3,0.0,0.0
2023-02-13,10.877,10.877,10.877,10.877,0,0.0,0.0,0.0,0.0,0.0,,0.3,0.0,0.0
2023-02-14,10.877,10.877,10.877,10.877,0,0.0,0.0,0.0,0.0,0.0,,0.3,0.0,0.0
2023-02-15,10.877,10.877,10.877,10.877,0,0.0,0.0,0.0,0.0,0.0,,0.3,0.0,0.0
2023-02-16,10.017,10.017,10.017,10.017,200,2003.4,0.0,0.0,0.0,0.0,,0.3,0.0,0.0
2023-02-17,10.956,10.956,10.095,10.956,8120,88962.72,0.0,0.0,0.0,0.0,,0.3,0.0,0.0
2023-02-20,10.956,10.956,10.956,10.956,0,0.0,0.0,0.0,0.0,0.0,,0.3,0.0,0.0
2023-02-21,10.956,10.956,10.956,10.956,0,0.0,0.0,0.0,0.0,0.0,,0.3,0.0,0.0
2023-02-22,10.956,10.956,10.251,10.251,3100,31778.1,0.0,0.0,0.0,0.0,,0.3,0.0,0.0
2023-02-23,10.251,10.251,10.251,10.251,0,0.0,0.0,0.0,0.0,0.0,,0.3,0.0,0.0
2023-02-24,10.251,10.251,10.251,10.251,0,0.0,0.0,0.0,0.0,0.0,,0.3,0.0,0.0
2023-02-27,10.251,10.251,10.251,10.251,2,20.502,0.0,0.0,0.0,0.0,,0.3,0.0,0.0
2023-02-28,10.251,10.251,10.251,10.251,0,0.0,0.0,0.0,0.0,0.0,,0.3,0.0,0.0
2023-03-01,10.251,10.251,10.251,10.251,0,0.0,0.0,0.0,0.0,0.0,,0.3,0.0,0.0
2023-03-02,10.251,10.251,10.251,10.251,0,0.0,0.0,0.0,0.0,0.0,,0.3,0.0,0.0
2023-03-03,10.251,10.251,10.251,10.251,0,0.0,0.0,0.0,0.0,0.0,,0.3,0.0,0.0
2023-03-06,10.251,10.251,10.251,10.251,0,0.0,0.0,0.0,0.0,0.0,,0.3,0.0,0.0
2023-03-07,10.251,10.251,10.251,10.251,0,0.0,0.0,0.0,0.0,0.0,,0.3,0.0,0.0
2023-03-08,10.251,10.251,10.251,10.251,0,0.0,0.0,0.0,0.0,0.0,,0.3,0.0,0.0
2023-03-09,10.251,10.251,10.251,10.251,0,0.0,0.0,0.0,0.0,0.0,,0.3,0.0,0.0
2023-03-10,10.251,10.251,10.251,10.251,0,0.0,0.0,0.0,0.0,0.0,,0.3,0.0,0.0
2023-03-13,10.251,10.251,10.251,10.251,0,0.0,0.0,0.0,0.0,0.0,,0.3,0.0,0.0
2023-03-14,10.251,10.251,10.251,10.251,0,0.0,0.0,0.0,0.0,0.0,,0.3,0.0,0.0
2023-03-15,10.251,10.251,10.251,10.251,0,0.0,0.0,0.0,0.0,0.0,,0.3,0.0,0.0
2023-03-16,10.251,10.251,10.251,10.251,0,0.0,0.0,0.0,0.0,0.0,,0.3,0.0,0.0
2023-03-17,10.251,10.251,10.251,10.251,0,0.0,0.0,0.0,0.0,0.0,,0.3,0.0,0.0
2023-03-20,10.877,10.877,10.877,10.877,1600,17403.2,0.0,0.0,0.0,0.0,,0.3,0.0,0.0
2023-03-21,10.877,10.877,10.877,10.877,0,0.0,0.0,0.0,0.0,0.0,,0.3,0.0,0.0
2023-03-22,10.877,10.877,10.877,10.877,20,217.54,0.0,0.0,0.0,0.0,,0.3,0.0,0.0
2023-03-23,10.877,10.877,10.877,10.877,0,0.0,0.0,0.0,0.0,0.0,,0.3,0.0,0.0
2023-03-24,10.017,10.017,10.017,10.017,200,2003.4,0.0,0.0,0.0,0.0,,0.3,0.0,0.0
2023-03-27,10.017,10.017,10.017,10.017,0,0.0,0.0,0.0,0.0,0.0,,0.3,0.0,0.0
2023-03-28,10.017,10.017,10.017,10.017,0,0.0,0.0,0.0,0.0,0.0,,0.3,0.0,0.0
2023-03-29,10.017,10.017,10.017,10.017,0,0.0,0.0,0.0,0.0,0.0,,0.3,0.0,0.0
2023-03-30,10.017,10.017,10.017,10.017,0,0.0,0.0,0.0,0.0,0.0,,0.3,0.0,0.0
2023-03-31,10.017,10.017,10.017,10.017,0,0.0,0.0,0.0,0.0,0.0,,0.3,0.0,0.0
2023-04-03,10.017,10.017,10.017,10.017,0,0.0,0.0,0.0,0.0,0.0,,0.3,0.0,0.0
2023-04-04,10.017,10.017,10.017,10.017,0,0.0,0.0,0.0,0.0,0.0,,0.3,0.0,0.0
2023-04-05,10.017,10.017,10.017,10.017,0,0.0,0.0,0.0,0.0,0.0,,0.3,0.0,0.0
2023-04-06,10.017,10.017,10.017,10.017,0,0.0,0.0,0.0,0.0,0.0,,0.3,0.0,0.0
2023-04-07,10.017,10.017,10.017,10.017,0,0.0,0.0,0.0,0.0,0.0,,0.3,0.0,0.0
2023-04-10,10.017,10.017,10.017,10.017,0,0.0,0.0,0.0,0.0,0.0,,0.3,0.0,0.0
2023-04-11,10.017,10.017,10.017,10.017,0,0.0,0.0,0.0,0.0,0.0,,0.3,0.0,0.0
2023-04-12,10.017,10.017,10.017,10.017,0,0.0,0.0,0.0,0.0,0.0,,0.3,0.0,0.0
2023-04-13,10.017,10.017,10.017,10.017,0,0.0,0.0,0.0,0.0,0.0,,0.3,0.0,0.0
2023-04-14,10.017,10.017,10.017,10.017,0,0.0,0.0,0.0,0.0,0.0,,0.3,0.0,0.0
2023-04-17,10.017,10.017,10.017,10.017,0,0.0,0.0,0.0,0.0,0.0,,0.3,0.0,0.0
2023-04-18,10.017,10.017,10.017,10.017,0,0.0,0.0,0.0,0.0,0.0,,0.3,0.0,0.0
2023-04-19,10.017,10.017,10.017,10.017,0,0.0,0.0,0.0,0.0,0.0,,0.3,0.0,0.0
2023-04-20,10.017,10.017,10.017,10.017,0,0.0,0.0,0.0,0.0,0.0,,0.3,0.0,0.0
2023-04-21,10.017,10.017,10.017,10.017,0,0.0,0.0,0.0,0.0,0.0,,0.3,0.0,0.0
2023-04-24,10.408,10.408,10.408,10.408,500,5204.0,0.0,0.0,0.0,0.0,,0.3,0.0,0.0
2023-04-25,10.408,10.408,10.408,10.408,0,0.0,0.0,0.0,0.0,0.0,,0.3,0.0,0.0
2023-04-26,10.408,10.408,10.408,10.408,0,0.0,0.0,0.0,0.0,0.0,,0.3,0.0,0.0
2023-04-27,10.408,10.408,10.408,10.408,0,0.0,0.0,0.0,0.0,0.0,,0.3,0.0,0.0
2023-04-28,10.408,10.408,10.408,10.408,0,0.0,0.0,0.0,0.0,0.0,,0.3,0.0,0.0
2023-05-04,10.408,10.408,10.408,10.408,0,0.0,0.0,0.0,0.0,0.0,,0.3,0.0,0.0
2023-05-05,10.408,10.408,10.408,10.408,1,10.408,0.0,0.0,0.0,0.0,,0.3,0.0,0.0
2023-05-08,9.782,9.782,9.782,9.782,500,4891.0,0.0,0.0,0.0,0.0,,0.3,0.0,0.0
2023-05-09,9.782,9.782,9.782,9.782,0,0.0,0.0,0.0,0.0,0.0,,0.3,0.0,0.0
2023-05-10,9.782,9.782,9.782,9.782,0,0.0,0.0,0.0,0.0,0.0,,0.3,0.0,0.0
2023-05-11,10.564,10.564,10.564,10.564,300,3169.2,0.0,0.0,0.0,0.0,,0.3,0.0,0.0
2023-05-12,10.564,10.564,10.564,10.564,1,10.564,0.0,0.0,0.0,0.0,,0.3,0.0,0.0
2023-05-15,10.564,10.564,10.564,10.564,0,0.0,0.0,0.0,0.0,0.0,,0.3,0.0,0.0
2023-05-16,10.564,10.564,10.564,10.564,201,2123.364,0.0,0.0,0.0,0.0,,0.3,0.0,0.0
2023-05-17,10.956,10.956,10.956,10.956,210,2300.76,0.0,0.0,0.0,0.0,,0.3,0.0,0.0
2023-05-18,10.956,10.956,10.956,10.956,5019,54988.164,0.0,0.0,0.0,0.0,,0.3,0.0,0.0
2023-05-19,10.956,10.956,10.956,10.956,100,1095.6,0.0,0.0,0.0,0.0,,0.3,0.0,0.0
2023-05-22,10.956,11.991,10.18,10.18,5100,51918.0,0.0,0.0,0.0,0.0,,0.3,0.0,0.0
2023-05-23,10.18,10.18,10.18,10.18,0,0.0,0.0,0.0,0.0,0.0,,0.3,0.0,0.0
2023-05-24,10.18,10.18,10.18,10.18,0,0.0,0.0,0.0,0.0,0.0,,0.3,0.0,0.0
2023-05-25,10.18,10.18,10.18,10.18,0,0.0,0.0,0.0,0.0,0.0,,0.3,0.0,0.0
2023-05-26,10.18,10.18,10.18,10.18,0,0.0,0.0,0.0,0.0,0.0,,0.3,0.0,0.0
2023-05-29,10.18,10.18,10.18,10.18,0,0.0,0.0,0.0,0.0,0.0,,0.3,0.0,0.0
2023-05-30,10.18,10.18,10.18,10.18,0,0.0,0.0,0.0,0.0,0.0,,0.3,0.0,0.0
2023-05-31,10.18,10.18,10.18,10.18,0,0.0,0.0,0.0,0.0,0.0,,0.3,0.0,0.0
2023-06-01,10.18,10.18,10.18,10.18,0,0.0,0.0,0.0,0.0,0.0,,0.3,0.0,0.0
2023-06-02,10.18,10.18,10.18,10.18,0,0.0,0.0,0.0,0.0,0.0,,0.3,0.0,0.0
2023-06-05,10.18,10.18,10.18,10.18,0,0.0,0.0,0.0,0.0,0.0,,0.3,0.0,0.0
2023-06-06,10.18,10.18,10.18,10.18,0,0.0,0.0,0.0,0.0,0.0,,0.3,0.0,0.0
2023-06-07,10.18,10.18,10.18,10.18,0,0.0,0.0,0.0,0.0,0.0,,0.3,0.0,0.0
2023-06-08,10.18,10.18,10.18,10.18,0,0.0,0.0,0.0,0.0,0.0,,0.3,0.0,0.0
2023-06-09,10.18,10.18,10.18,10.18,0,0.0,0.0,0.0,0.0,0.0,,0.3,0.0,0.0
2023-06-12,10.18,10.18,10.18,10.18,0,0.0,0.0,0.0,0.0,0.0,,0.3,0.0,0.0
2023-06-13,10.18,10.18,10.18,10.18,0,0.0,0.0,0.0,0.0,0.0,,0.3,0.0,0.0
2023-06-14,10.18,10.18,10.18,10.18,0,0.0,0.0,0.0,0.0,0.0,,0.3,0.0,0.0
2023-06-15,10.18,10.18,10.18,10.18,3,30.54,0.0,0.0,0.0,0.0,,0.3,0.0,0.0
2023-06-16,10.18,10.18,10.18,10.18,0,0.0,0.0,0.0,0.0,0.0,,0.3,0.0,0.0
2023-06-19,10.18,10.18,10.18,10.18,0,0.0,0.0,0.0,0.0,0.0,,0.3,0.0,0.0
2023-06-20,10.18,10.18,10.18,10.18,0,0.0,0.0,0.0,0.0,0.0,,0.3,0.0,0.0
2023-06-21,10.18,10.18,10.18,10.18,0,0.0,0.0,0.0,0.0,0.0,,0.3,0.0,0.0
2023-06-22,10.18,10.18,10.18,10.18,0,0.0,0.0,0.0,0.0,0.0,,0.3,0.0,0.0
2023-06-23,10.18,10.18,10.18,10.18,0,0.0,0.0,0.0,0.0,0.0,,0.3,0.0,0.0
2023-06-26,10.18,10.18,10.18,10.18,0,0.0,0.0,0.0,0.0,0.0,,0.3,0.0,0.0
2023-06-27,10.18,10.18,10.18,10.18,0,0.0,0.0,0.0,0.0,0.0,,0.3,0.0,0.0
2023-06-28,10.18,10.18,10.18,10.18,5,50.9,0.0,0.0,0.0,0.0,,0.3,0.0,0.0
2023-06-29,10.18,10.18,10.18,10.18,0,0.0,0.0,0.0,0.0,0.0,,0.3,0.0,0.0
2023-06-30,10.18,10.18,10.18,10.18,0,0.0,0.0,0.0,0.0,0.0,,0.3,0.0,0.0
2023-07-03,10.18,10.18,10.18,10.18,0,0.0,0.0,0.0,0.0,0.0,,0.3,0.0,0.0
2023-07-04,10.18,10.18,10.18,10.18,0,0.0,0.0,0.0,0.0,0.0,,0.3,0.0,0.0
2023-07-05,10.18,10.18,10.18,10.18,0,0.0,0.0,0.0,0.0,0.0,,0.3,0.0,0.0
2023-07-06,10.18,10.18,10.18,10.18,0,0.0,0.0,0.0,0.0,0.0,,0.3,0.0,0.0
2023-07-07,10.18,10.18,10.18,10.18,0,0.0,0.0,0.0,0.0,0.0,,0.3,0.0,0.0
2023-07-10,10.18,10.18,10.18,10.18,0,0.0,0.0,0.0,0.0,0.0,,0.3,0.0,0.0
2023-07-11,10.18,10.18,10.18,10.18,0,0.0,0.0,0.0,0.0,0.0,,0.3,0.0,0.0
2023-07-12,10.18,10.18,10.18,10.18,0,0.0,0.0,0.0,0.0,0.0,,0.3,0.0,0.0
2023-07-13,10.18,10.18,10.18,10.18,0,0.0,0.0,0.0,0.0,0.0,,0.3,0.0,0.0
2023-07-14,10.18,10.18,10.18,10.18,0,0.0,0.0,0.0,0.0,0.0,,0.3,0.0,0.0
2023-07-17,10.18,10.18,10.18,10.18,0,0.0,0.0,0.0,0.0,0.0,,0.3,0.0,0.0
2023-07-18,10.18,10.18,10.18,10.18,0,0.0,0.0,0.0,0.0,0.0,,0.3,0.0,0.0
2023-07-19,10.18,10.18,10.18,10.18,0,0.0,0.0,0.0,0.0,0.0,,0.3,0.0,0.0
2023-07-20,10.18,10.18,10.18,10.18,0,0.0,0.0,0.0,0.0,0.0,,0.3,0.0,0.0
2023-07-21,10.18,10.18,10.18,10.18,0,0.0,0.0,0.0,0.0,0.0,,0.3,0.0,0.0
2023-07-24,10.18,10.18,10.18,10.18,0,0.0,0.0,0.0,0.0,0.0,,0.3,0.0,0.0
2023-07-25,10.18,10.18,10.18,10.18,0,0.0,0.0,0.0,0.0,0.0,,0.3,0.0,0.0
2023-07-26,10.18,10.18,10.18,10.18,0,0.0,0.0,0.0,0.0,0.0,,0.3,0.0,0.0
2023-07-27,10.18,10.18,10.18,10.18,0,0.0,0.0,0.0,0.0,0.0,,0.3,0.0,0.0
2023-07-28,10.18,10.18,10.18,10.18,0,0.0,0.0,0.0,0.0,0.0,,0.3,0.0,0.0
2023-07-31,10.18,10.18,10.18,10.18,0,0.0,0.0,0.0,0.0,0.0,,0.3,0.0,0.0
2023-08-01,10.18,10.18,10.18,10.18,0,0.0,0.0,0.0,0.0,0.0,,0.3,0.0,0.0
2023-08-02,10.18,10.18,10.18,10.18,0,0.0,0.0,0.0,0.0,0.0,,0.3,0.0,0.0
2023-08-03,10.18,10.18,10.18,10.18,0,0.0,0.0,0.0,0.0,0.0,,0.3,0.0,0.0
2023-08-04,10.18,10.18,10.18,10.18,0,0.0,0.0,0.0,0.0,0.0,,0.3,0.0,0.0
2023-08-07,10.18,10.18,10.18,10.18,0,0.0,0.0,0.0,0.0,0.0,,0.3,0.0,0.0
2023-08-08,10.18,10.18,10.18,10.18,0,0.0,0.0,0.0,0.0,0.0,,0.3,0.0,0.0
2023-08-09,10.18,10.18,10.18,10.18,0,0.0,0.0,0.0,0.0,0.0,,0.3,0.0,0.0
2023-08-10,10.18,10.18,10.18,10.18,0,0.0,0.0,0.0,0.0,0.0,,0.3,0.0,0.0
2023-08-11,10.18,10.18,10.18,10.18,0,0.0,0.0,0.0,0.0,0.0,,0.3,0.0,0.0
2023-08-14,10.18,10.18,10.18,10.18,0,0.0,0.0,0.0,0.0,0.0,,0.3,0.0,0.0
2023-08-15,10.18,10.18,10.18,10.18,0,0.0,0.0,0.0,0.0,0.0,,0.3,0.0,0.0
2023-08-16,10.18,10.18,10.18,10.18,0,0.0,0.0,0.0,0.0,0.0,,0.3,0.0,0.0
2023-08-17,10.18,10.18,10.18,10.18,0,0.0,0.0,0.0,0.0,0.0,,0.3,0.0,0.0
2023-08-18,10.18,10.18,10.18,10.18,0,0.0,0.0,0.0,0.0,0.0,,0.3,0.0,0.0
2023-08-21,10.18,10.18,10.18,10.18,0,0.0,0.0,0.0,0.0,0.0,,0.3,0.0,0.0
2023-08-22,10.18,10.18,10.18,10.18,0,0.0,0.0,0.0,0.0,0.0,,0.3,0.0,0.0
2023-08-23,10.18,10.18,10.18,10.18,0,0.0,0.0,0.0,0.0,0.0,,0.3,0.0,0.0
2023-08-24,10.18,10.18,10.18,10.18,0,0.0,0.0,0.0,0.0,0.0,,0.3,0.0,0.0
2023-08-25,10.18,10.18,10.18,10.18,0,0.0,0.0,0.0,0.0,0.0,,0.3,0.0,0.0
2023-08-28,10.18,10.18,10.18,10.18,0,0.0,0.0,0.0,0.0,0.0,,0.3,0.0,0.0
2023-08-29,10.18,10.18,10.18,10.18,0,0.0,0.0,0.0,0.0,0.0,,0.3,0.0,0.0
2023-08-30,10.18,10.18,10.18,10.18,0,0.0,0.0,0.0,0.0,0.0,,0.3,0.0,0.0
2023-08-31,10.18,10.18,10.18,10.18,0,0.0,0.0,0.0,0.0,0.0,,0.3,0.0,0.0
2023-09-05,10.18,10.18,10.18,10.18,0,0.0,0.0,0.0,0.0,0.0,,0.3,0.0,0.0
2023-09-06,10.18,10.18,10.18,10.18,200,2036.0,0.0,0.0,0.0,0.0,,0.3,0.0,0.0
2023-09-07,10.18,10.18,10.18,10.18,0,0.0,0.0,0.0,0.0,0.0,,0.3,0.0,0.0
2023-09-08,10.18,10.18,10.18,10.18,5,50.9,0.0,0.0,0.0,0.0,,0.3,0.0,0.0
2023-09-11,10.18,10.18,10.18,10.18,1,10.18,0.0,0.0,0.0,0.0,,0.3,0.0,0.0
2023-09-12,10.18,10.18,10.18,10.18,0,0.0,0.0,0.0,0.0,0.0,,0.3,0.0,0.0
2023-09-13,10.18,10.18,10.18,10.18,0,0.0,0.0,0.0,0.0,0.0,,0.3,0.0,0.0
2023-09-14,10.18,10.18,10.18,10.18,0,0.0,0.0,0.0,0.0,0.0,,0.3,0.0,0.0
2023-09-15,10.18,10.18,10.18,10.18,0,0.0,0.0,0.0,0.0,0.0,,0.3,0.0,0.0
2023-09-18,10.18,10.18,10.18,10.18,0,0.0,0.0,0.0,0.0,0.0,,0.3,0.0,0.0
2023-09-19,10.18,10.18,10.18,10.18,0,0.0,0.0,0.0,0.0,0.0,,0.3,0.0,0.0
2023-09-20,10.18,10.18,10.18,10.18,0,0.0,0.0,0.0,0.0,0.0,,0.3,0.0,0.0
2023-09-21,10.18,10.18,10.18,10.18,0,0.0,0.0,0.0,0.0,0.0,,0.3,0.0,0.0
2023-09-22,10.18,10.18,10.18,10.18,0,0.0,0.0,0.0,0.0,0.0,,0.3,0.0,0.0
2023-09-25,10.18,10.18,10.18,10.18,0,0.0,0.0,0.0,0.0,0.0,,0.3,0.0,0.0
2023-09-26,10.18,10.18,10.18,10.18,0,0.0,0.0,0.0,0.0,0.0,,0.3,0.0,0.0
2023-09-27,10.18,10.18,10.18,10.18,0,0.0,0.0,0.0,0.0,0.0,,0.3,0.0,0.0
2023-09-28,10.18,10.18,10.18,10.18,0,0.0,0.0,0.0,0.0,0.0,,0.3,0.0,0.0
2023-09-29,10.18,10.18,10.18,10.18,0,0.0,0.0,0.0,0.0,0.0,,0.3,0.0,0.0
2023-10-02,10.18,10.18,10.18,10.18,0,0.0,0.0,0.0,0.0,0.0,,0.3,0.0,0.0
2023-10-03,10.18,10.18,10.18,10.18,0,0.0,0.0,0.0,0.0,0.0,,0.3,0.0,0.0
2023-10-04,11.129,11.129,11.129,11.129,1000,11129.0,0.0,0.0,0.0,0.0,,0.3,0.0,0.0
2023-10-05,11.129,11.129,11.129,11.129,0,0.0,0.0,0.0,0.0,0.0,,0.3,0.0,0.0
2023-10-06,11.129,11.129,11.129,11.129,0,0.0,0.0,0.0,0.0,0.0,,0.3,0.0,0.0
2023-10-09,11.129,11.129,11.129,11.129,0,0.0,0.0,0.0,0.0,0.0,,0.3,0.0,0.0
2023-10-10,11.129,11.129,11.129,11.129,0,0.0,0.0,0.0,0.0,0.0,,0.3,0.0,0.0
2023-10-11,11.129,11.129,11.129,11.129,0,0.0,0.0,0.0,0.0,0.0,,0.3,0.0,0.0
2023-10-12,11.129,11.129,11.129,11.129,0,0.0,0.0,0.0,0.0,0.0,,0.3,0.0,0.0
2023-10-13,11.129,11.129,11.129,11.129,0,0.0,0.0,0.0,0.0,0.0,,0.3,0.0,0.0
2023-10-16,11.129,11.129,11.129,11.129,0,0.0,0.0,0.0,0.0,0.0,,0.3,0.0,0.0
2023-10-17,11.129,11.129,11.129,11.129,0,0.0,0.0,0.0,0.0,0.0,,0.3,0.0,0.0
2023-10-18,11.129,11.129,11.129,11.129,0,0.0,0.0,0.0,0.0,0.0,,0.3,0.0,0.0
2023-10-19,11.129,11.129,11.129,11.129,0,0.0,0.0,0.0,0.0,0.0,,0.3,0.0,0.0
2023-10-20,11.129,11.129,11.129,11.129,0,0.0,0.0,0.0,0.0,0.0,,0.3,0.0,0.0
2023-10-23,11.129,11.129,11.129,11.129,0,0.0,0.0,0.0,0.0,0.0,,0.3,0.0,0.0
2023-10-24,11.129,11.129,11.129,11.129,1,11.129,0.0,0.0,0.0,0.0,,0.3,0.0,0.0
2023-10-25,11.129,11.129,11.129,11.129,0,0.0,0.0,0.0,0.0,0.0,,0.3,0.0,0.0
2023-10-26,11.129,11.129,11.129,11.129,0,0.0,0.0,0.0,0.0,0.0,,0.3,0.0,0.0
2023-10-27,11.129,11.129,11.129,11.129,0,0.0,0.0,0.0,0.0,0.0,,0.3,0.0,0.0
2023-10-30,11.129,11.129,11.129,11.129,0,0.0,0.0,0.0,0.0,0.0,,0.3,0.0,0.0
2023-10-31,11.129,11.129,11.129,11.129,0,0.0,0.0,0.0,0.0,0.0,,0.3,0.0,0.0
2023-11-01,11.129,11.129,11.129,11.129,0,0.0,0.0,0.0,0.0,0.0,,0.3,0.0,0.0
2023-11-02,11.129,11.129,11.129,11.129,0,0.0,0.0,0.0,0.0,0.0,,0.3,0.0,0.0
2023-11-03,11.129,11.129,11.129,11.129,0,0.0,0.0,0.0,0.0,0.0,,0.3,0.0,0.0
2023-11-06,11.129,11.129,11.129,11.129,0,0.0,0.0,0.0,0.0,0.0,,0.3,0.0,0.0
2023-11-07,11.129,11.129,11.129,11.129,0,0.0,0.0,0.0,0.0,0.0,,0.3,0.0,0.0
2023-11-08,11.129,11.129,11.129,11.129,0,0.0,0.0,0.0,0.0,0.0,,0.3,0.0,0.0
2023-11-09,11.129,11.129,11.129,11.129,0,0.0,0.0,0.0,0.0,0.0,,0.3,0.0,0.0
2023-11-10,11.129,11.129,11.129,11.129,0,0.0,0.0,0.0,0.0,0.0,,0.3,0.0,0.0
2023-11-13,11.129,11.129,11.129,11.129,0,0.0,0.0,0.0,0.0,0.0,,0.3,0.0,0.0
2023-11-14,11.129,11.129,11.129,11.129,0,0.0,0.0,0.0,0.0,0.0,,0.3,0.0,0.0
2023-11-15,11.129,11.129,11.129,11.129,0,0.0,0.0,0.0,0.0,0.0,,0.3,0.0,0.0
2023-11-16,11.129,11.129,11.129,11.129,0,0.0,0.0,0.0,0.0,0.0,,0.3,0.0,0.0
2023-11-17,11.129,11.129,11.129,11.129,0,0.0,0.0,0.0,0.0,0.0,,0.3,0.0,0.0
2023-11-20,11.129,11.129,11.129,11.129,0,0.0,0.0,0.0,0.0,0.0,,0.3,0.0,0.0
2023-11-21,11.129,11.129,11.129,11.129,0,0.0,0.0,0.0,0.0,0.0,,0.3,0.0,0.0
2023-11-22,11.129,11.129,11.129,11.129,0,0.0,0.0,0.0,0.0,0.0,,0.3,0.0,0.0
2023-11-23,11.129,11.129,11.129,11.129,0,0.0,0.0,0.0,0.0,0.0,,0.3,0.0,0.0
2023-11-24,11.129,11.129,11.129,11.129,0,0.0,0.0,0.0,0.0,0.0,,0.3,0.0,0.0
2023-11-27,11.129,11.129,11.129,11.129,0,0.0,0.0,0.0,0.0,0.0,,0.3,0.0,0.0
2023-11-28,11.129,11.129,11.129,11.129,0,0.0,0.0,0.0,0.0,0.0,,0.3,0.0,0.0
2023-11-29,11.129,11.129,11.129,11.129,0,0.0,0.0,0.0,0.0,0.0,,0.3,0.0,0.0
2023-11-30,11.129,11.129,11.129,11.129,0,0.0,0.0,0.0,0.0,0.0,,0.3,0.0,0.0
2023-12-01,11.129,11.129,11.129,11.129,0,0.0,0.0,0.0,0.0,0.0,,0.3,0.0,0.0
2023-12-04,11.129,11.129,11.129,11.129,0,0.0,0.0,0.0,0.0,0.0,,0.3,0.0,0.0
2023-12-05,11.129,11.129,11.129,11.129,0,0.0,0.0,0.0,0.0,0.0,,0.3,0.0,0.0
2023-12-06,11.129,11.129,11.129,11.129,0,0.0,0.0,0.0,0.0,0.0,,0.3,0.0,0.0
2023-12-07,12.078,12.078,12.078,12.078,100,1207.8,0.0,0.0,0.0,0.0,,0.3,0.0,0.0
2023-12-08,12.078,12.078,12.078,12.078,0,0.0,0.0,0.0,0.0,0.0,,0.3,0.0,0.0
2023-12-11,12.078,12.078,12.078,12.078,0,0.0,0.0,0.0,0.0,0.0,,0.3,0.0,0.0
2023-12-12,12.078,12.078,12.078,12.078,0,0.0,0.0,0.0,0.0,0.0,,0.3,0.0,0.0
2023-12-13,12.078,12.078,12.078,12.078,0,0.0,0.0,0.0,0.0,0.0,,0.3,0.0,0.0
2023-12-14,12.078,12.078,12.078,12.078,0,0.0,0.0,0.0,0.0,0.0,,0.3,0.0,0.0
2023-12-15,12.078,12.078,12.078,12.078,0,0.0,0.0,0.0,0.0,0.0,,0.3,0.0,0.0
2023-12-18,12.94,12.94,12.94,12.94,100,1294.0,0.0,0.0,0.0,0.0,,0.3,0.0,0.0
2023-12-19,12.94,12.94,12.94,12.94,0,0.0,0.0,0.0,0.0,0.0,,0.3,0.0,0.0
2023-12-20,12.94,12.94,12.94,12.94,0,0.0,0.0,0.0,0.0,0.0,,0.3,0.0,0.0
2023-12-21,12.94,12.94,12.94,12.94,0,0.0,0.0,0.0,0.0,0.0,,0.3,0.0,0.0
2023-12-22,12.94,14.148,12.94,14.148,600,8488.8,0.0,0.0,0.0,0.0,,0.3,0.0,0.0
2023-12-25,15.097,15.097,15.097,15.097,100,1509.7,0.0,0.0,0.0,0.0,,0.3,0.0,0.0
2023-12-26,15.96,16.391,15.96,16.391,1100,18030.1,0.0,0.0,0.0,0.0,,0.3,0.0,0.0
2023-12-27,16.391,16.391,16.391,16.391,200,3278.2,0.0,0.0,0.0,0.0,,0.3,0.0,0.0
2023-12-28,14.752,16.391,14.752,16.305,7681,125238.705,0.0,0.0,0.0,0.0,,0.3,0.0,0.0
2023-12-29,16.391,16.391,16.391,16.391,100,1639.1,0.0,0.0,0.0,0.0,,0.3,0.0,0.0
2024-01-02,16.391,16.391,16.391,16.391,0,0.0,0.0,0.0,0.0,0.0,,0.3,0.0,0.0
2024-01-03,14.752,14.752,14.752,14.752,300,4425.6,0.0,0.0,0.0,0.0,,0.3,0.0,0.0
2024-01-04,14.752,14.752,14.752,14.752,0,0.0,0.0,0.0,0.0,0.0,,0.3,0.0,0.0
2024-01-05,14.752,14.752,14.752,14.752,0,0.0,0.0,0.0,0.0,0.0,,0.3,0.0,0.0
2024-01-08,13.285,13.285,13.285,13.285,100,1328.5,0.0,0.0,0.0,0.0,,0.3,0.0,0.0
2024-01-09,13.285,13.285,13.285,13.285,0,0.0,0.0,0.0,0.0,0.0,,0.3,0.0,0.0
2024-01-10,13.285,13.285,13.285,13.285,0,0.0,0.0,0.0,0.0,0.0,,0.3,0.0,0.0
2024-01-11,11.991,11.991,11.991,11.991,100,1199.1,0.0,0.0,0.0,0.0,,0.3,0.0,0.0
2024-01-12,11.991,11.991,11.991,11.991,0,0.0,0.0,0.0,0.0,0.0,,0.3,0.0,0.0
2024-01-15,11.991,11.991,11.991,11.991,0,0.0,0.0,0.0,0.0,0.0,,0.3,0.0,0.0
2024-01-16,11.991,11.991,11.991,11.991,0,0.0,0.0,0.0,0.0,0.0,,0.3,0.0,0.0
2024-01-17,11.991,11.991,11.991,11.991,0,0.0,0.0,0.0,0.0,0.0,,0.3,0.0,0.0
2024-01-18,11.991,11.991,11.991,11.991,0,0.0,0.0,0.0,0.0,0.0,,0.3,0.0,0.0
2024-01-19,11.991,11.991,11.991,11.991,0,0.0,0.0,0.0,0.0,0.0,,0.3,0.0,0.0
2024-01-22,11.991,11.991,11.991,11.991,0,0.0,0.0,0.0,0.0,0.0,,0.3,0.0,0.0
2024-01-23,11.991,11.991,11.991,11.991,0,0.0,0.0,0.0,0.0,0.0,,0.3,0.0,0.0
2024-01-24,11.991,11.991,11.991,11.991,0,0.0,0.0,0.0,0.0,0.0,,0.3,0.0,0.0
2024-01-25,11.991,11.991,11.991,11.991,0,0.0,0.0,0.0,0.0,0.0,,0.3,0.0,0.0
2024-01-26,11.991,11.991,11.991,11.991,0,0.0,0.0,0.0,0.0,0.0,,0.3,0.0,0.0
2024-01-29,11.991,11.991,11.991,11.991,0,0.0,0.0,0.0,0.0,0.0,,0.3,0.0,0.0
2024-01-30,11.991,11.991,11.991,11.991,0,0.0,0.0,0.0,0.0,0.0,,0.3,0.0,0.0
2024-01-31,11.991,11.991,11.991,11.991,1,11.991,0.0,0.0,0.0,0.0,,0.3,0.0,0.0
2024-02-01,11.991,11.991,11.991,11.991,0,0.0,0.0,0.0,0.0,0.0,,0.3,0.0,0.0
2024-02-02,11.991,11.991,11.991,11.991,0,0.0,0.0,0.0,0.0,0.0,,0.3,0.0,0.0
2024-02-05,11.991,11.991,11.991,11.991,0,0.0,0.0,0.0,0.0,0.0,,0.3,0.0,0.0
2024-02-06,11.991,11.991,11.991,11.991,0,0.0,0.0,0.0,0.0,0.0,,0.3,0.0,0.0
2024-02-07,11.991,11.991,11.991,11.991,0,0.0,0.0,0.0,0.0,0.0,,0.3,0.0,0.0
2024-02-15,11.991,11.991,11.991,11.991,0,0.0,0.0,0.0,0.0,0.0,,0.3,0.0,0.0
2024-02-16,11.991,11.991,11.991,11.991,0,0.0,0.0,0.0,0.0,0.0,,0.3,0.0,0.0
2024-02-19,10.87,10.87,10.87,10.87,100,1087.0,0.0,0.0,0.0,0.0,,0.3,0.0,0.0
2024-02-20,10.266,10.266,10.266,10.266,100,1026.6,0.0,0.0,0.0,0.0,,0.3,0.0,0.0
2024-02-21,10.266,10.266,10.266,10.266,0,0.0,0.0,0.0,0.0,0.0,,0.3,0.0,0.0
2024-02-22,10.352,10.352,10.352,10.352,12655,131004.56,0.0,0.0,0.0,0.0,,0.3,0.0,0.0
2024-02-23,10.352,10.352,10.352,10.352,0,0.0,0.0,0.0,0.0,0.0,,0.3,0.0,0.0
2024-02-26,10.352,10.352,10.352,10.352,0,0.0,0.0,0.0,0.0,0.0,,0.3,0.0,0.0
2024-02-27,10.352,10.352,10.352,10.352,0,0.0,0.0,0.0,0.0,0.0,,0.3,0.0,0.0
2024-02-28,10.352,10.352,10.352,10.352,0,0.0,0.0,0.0,0.0,0.0,,0.3,0.0,0.0
2024-02-29,10.352,10.352,10.352,10.352,0,0.0,0.0,0.0,0.0,0.0,,0.3,0.0,0.0
2024-03-01,10.352,10.352,10.352,10.352,0,0.0,0.0,0.0,0.0,0.0,,0.3,0.0,0.0
2024-03-04,10.352,10.352,10.352,10.352,0,0.0,0.0,0.0,0.0,0.0,,0.3,0.0,0.0
2024-03-05,10.352,10.352,10.352,10.352,0,0.0,0.0,0.0,0.0,0.0,,0.3,0.0,0.0
2024-03-06,10.352,10.352,10.352,10.352,0,0.0,0.0,0.0,0.0,0.0,,0.3,0.0,0.0
2024-03-07,10.352,10.352,10.352,10.352,0,0.0,0.0,0.0,0.0,0.0,,0.3,0.0,0.0
2024-03-08,11.388,11.388,11.388,11.388,100,1138.8,0.0,0.0,0.0,0.0,,0.3,0.0,0.0
2024-03-11,11.388,11.388,11.388,11.388,900,10249.2,0.0,0.0,0.0,0.0,,0.3,0.0,0.0
2024-03-12,12.509,12.509,12.509,12.509,100,1250.9,0.0,0.0,0.0,0.0,,0.3,0.0,0.0
2024-03-13,12.509,12.509,12.509,12.509,0,0.0,0.0,0.0,0.0,0.0,,0.3,0.0,0.0
2024-03-14,11.646,11.646,11.646,11.646,7400,86180.40000000001,0.0,0.0,0.0,0.0,,0.3,0.0,0.0
2024-03-15,11.646,11.646,11.646,11.646,3652,42531.192,0.0,0.0,0.0,0.0,,0.3,0.0,0.0
2024-03-18,11.646,11.646,11.646,11.646,0,0.0,0.0,0.0,0.0,0.0,,0.3,0.0,0.0
2024-03-19,11.646,11.646,11.646,11.646,0,0.0,0.0,0.0,0.0,0.0,,0.3,0.0,0.0
2024-03-20,12.078,12.078,12.078,12.078,100,1207.8,0.0,0.0,0.0,0.0,,0.3,0.0,0.0
2024-03-21,12.078,12.078,12.078,12.078,0,0.0,0.0,0.0,0.0,0.0,,0.3,0.0,0.0
2024-03-22,12.509,12.509,12.509,12.509,300,3752.7,0.0,0.0,0.0,0.0,,0.3,0.0,0.0
2024-03-25,12.509,12.509,12.509,12.509,0,0.0,0.0,0.0,0.0,0.0,,0.3,0.0,0.0
2024-03-26,12.509,12.509,12.509,12.509,0,0.0,0.0,0.0,0.0,0.0,,0.3,0.0,0.0
2024-03-27,12.509,12.509,12.509,12.509,0,0.0,0.0,0.0,0.0,0.0,,0.3,0.0,0.0
2024-03-28,12.509,12.509,12.509,12.509,0,0.0,0.0,0.0,0.0,0.0,,0.3,0.0,0.0
2024-03-29,12.509,12.509,12.509,12.509,0,0.0,0.0,0.0,0.0,0.0,,0.3,0.0,0.0
2024-04-01,12.509,12.509,12.509,12.509,0,0.0,0.0,0.0,0.0,0.0,,0.3,0.0,0.0
2024-04-02,12.509,12.509,12.509,12.509,0,0.0,0.0,0.0,0.0,0.0,,0.3,0.0,0.0
2024-04-03,12.509,12.509,12.509,12.509,0,0.0,0.0,0.0,0.0,0.0,,0.3,0.0,0.0
2024-04-04,12.509,12.509,12.509,12.509,0,0.0,0.0,0.0,0.0,0.0,,0.3,0.0,0.0
2024-04-05,12.509,12.509,12.509,12.509,0,0.0,0.0,0.0,0.0,0.0,,0.3,0.0,0.0
2024-04-08,12.509,12.509,12.509,12.509,0,0.0,0.0,0.0,0.0,0.0,,0.3,0.0,0.0
2024-04-09,12.509,12.509,12.509,12.509,0,0.0,0.0,0.0,0.0,0.0,,0.3,0.0,0.0
2024-04-10,12.509,12.509,12.509,12.509,0,0.0,0.0,0.0,0.0,0.0,,0.3,0.0,0.0
2024-04-11,13.631,13.631,12.94,12.94,400,5176.0,0.0,0.0,0.0,0.0,,0.3,0.0,0.0
2024-04-12,12.94,12.94,12.94,12.94,0,0.0,0.0,0.0,0.0,0.0,,0.3,0.0,0.0
2024-04-15,13.631,14.148,13.631,14.148,300,4244.4,0.0,0.0,0.0,0.0,,0.3,0.0,0.0
2024-04-16,14.148,14.148,14.148,14.148,0,0.0,0.0,0.0,0.0,0.0,,0.3,0.0,0.0
2024-04-17,14.148,14.148,14.148,14.148,0,0.0,0.0,0.0,0.0,0.0,,0.3,0.0,0.0
2024-04-19,14.148,14.148,14.148,14.148,0,0.0,0.0,0.0,0.0,0.0,,0.3,0.0,0.0
2024-04-22,14.148,14.148,14.148,14.148,0,0.0,0.0,0.0,0.0,0.0,,0.3,0.0,0.0
2024-04-23,14.148,14.148,14.148,14.148,100,1414.8,0.0,0.0,0.0,0.0,,0.3,0.0,0.0
2024-04-24,14.148,14.148,14.148,14.148,0,0.0,0.0,0.0,0.0,0.0,,0.3,0.0,0.0
2024-04-25,14.148,14.148,14.148,14.148,0,0.0,0.0,0.0,0.0,0.0,,0.3,0.0,0.0
2024-04-26,14.148,14.148,14.148,14.148,0,0.0,0.0,0.0,0.0,0.0,,0.3,0.0,0.0
2024-05-02,14.148,14.148,14.148,14.148,0,0.0,0.0,0.0,0.0,0.0,,0.3,0.0,0.0
2024-05-03,14.148,14.148,14.148,14.148,0,0.0,0.0,0.0,0.0,0.0,,0.3,0.0,0.0
2024-05-06,14.148,14.148,14.148,14.148,0,0.0,0.0,0.0,0.0,0.0,,0.3,0.0,0.0
2024-05-07,14.148,14.148,14.148,14.148,1,14.148,0.0,0.0,0.0,0.0,,0.3,0.0,0.0
2024-05-08,14.148,14.148,14.148,14.148,45,636.66,0.0,0.0,0.0,0.0,,0.3,0.0,0.0
2024-05-09,14.148,14.148,14.148,14.148,0,0.0,0.0,0.0,0.0,0.0,,0.3,0.0,0.0
2024-05-10,14.148,14.148,14.148,14.148,0,0.0,0.0,0.0,0.0,0.0,,0.3,0.0,0.0
2024-05-13,14.148,14.148,14.148,14.148,0,0.0,0.0,0.0,0.0,0.0,,0.3,0.0,0.0
2024-05-14,14.148,14.148,14.148,14.148,0,0.0,0.0,0.0,0.0,0.0,,0.3,0.0,0.0
2024-05-15,14.149,14.149,14.149,14.149,0,0.0,0.0,0.0,0.0,0.0,,0.3,0.0,0.0
2024-05-16,14.149,14.149,14.149,14.149,0,0.0,0.0,0.0,0.0,0.0,,0.3,0.0,0.0
2024-05-17,14.149,14.149,14.149,14.149,0,0.0,0.0,0.0,0.0,0.0,,0.3,0.0,0.0
2024-05-20,14.149,14.149,14.149,14.149,0,0.0,0.0,0.0,0.0,0.0,,0.3,0.0,0.0
2024-05-21,14.149,14.149,14.149,14.149,0,0.0,0.0,0.0,0.0,0.0,,0.3,0.0,0.0
2024-05-22,14.149,14.149,14.149,14.149,0,0.0,0.0,0.0,0.0,0.0,,0.3,0.0,0.0
2024-05-23,14.149,14.149,14.149,14.149,0,0.0,0.0,0.0,0.0,0.0,,0.3,0.0,0.0
2024-05-24,14.149,14.149,14.149,14.149,0,0.0,0.0,0.0,0.0,0.0,,0.3,0.0,0.0
2024-05-27,14.149,14.149,14.149,14.149,0,0.0,0.0,0.0,0.0,0.0,,0.3,0.0,0.0
2024-05-28,14.149,14.149,14.149,14.149,0,0.0,0.0,0.0,0.0,0.0,,0.3,0.0,0.0
2024-05-29,14.149,14.149,14.149,14.149,0,0.0,0.0,0.0,0.0,0.0,,0.3,0.0,0.0
2024-05-30,14.149,14.149,14.149,14.149,0,0.0,0.0,0.0,0.0,0.0,,0.3,0.0,0.0
2024-05-31,14.149,14.149,14.149,14.149,0,0.0,0.0,0.0,0.0,0.0,,0.3,0.0,0.0
2024-06-03,14.149,14.149,14.149,14.149,1,14.149,0.0,0.0,0.0,0.0,,0.3,0.0,0.0
2024-06-04,14.149,14.149,14.149,14.149,19,268.831,0.0,0.0,0.0,0.0,,0.3,0.0,0.0
2024-06-05,14.149,14.149,14.149,14.149,0,0.0,0.0,0.0,0.0,0.0,,0.3,0.0,0.0
2024-06-06,14.149,14.149,14.149,14.149,0,0.0,0.0,0.0,0.0,0.0,,0.3,0.0,0.0
2024-06-07,14.149,14.149,14.149,14.149,0,0.0,0.0,0.0,0.0,0.0,,0.3,0.0,0.0
2024-06-10,14.149,14.149,14.149,14.149,0,0.0,0.0,0.0,0.0,0.0,,0.3,0.0,0.0
2024-06-11,14.149,14.149,14.149,14.149,0,0.0,0.0,0.0,0.0,0.0,,0.3,0.0,0.0
2024-06-12,14.149,14.149,14.149,14.149,0,0.0,0.0,0.0,0.0,0.0,,0.3,0.0,0.0
2024-06-13,14.149,14.149,14.149,14.149,0,0.0,0.0,0.0,0.0,0.0,,0.3,0.0,0.0
2024-06-14,14.34,14.34,14.34,14.34,200,2868.0,0.0,0.0,0.0,0.0,,0.3,0.0,0.0
2024-06-17,14.34,14.34,14.34,14.34,0,0.0,0.0,0.0,0.0,0.0,,0.3,0.0,0.0
2024-06-18,14.34,14.34,14.34,14.34,50,717.0,0.0,0.0,0.0,0.0,,0.3,0.0,0.0
2024-06-19,14.34,14.34,14.34,14.34,0,0.0,0.0,0.0,0.0,0.0,,0.3,0.0,0.0
2024-06-20,14.34,14.34,14.34,14.34,0,0.0,0.0,0.0,0.0,0.0,,0.3,0.0,0.0
2024-06-21,14.34,14.34,14.34,14.34,48,688.3199999999999,0.0,0.0,0.0,0.0,,0.3,0.0,0.0
2024-06-24,14.34,14.34,14.34,14.34,0,0.0,0.0,0.0,0.0,0.0,,0.3,0.0,0.0
2024-06-25,14.34,14.34,14.34,14.34,0,0.0,0.0,0.0,0.0,0.0,,0.3,0.0,0.0
2024-06-26,14.34,14.34,14.34,14.34,10,143.4,0.0,0.0,0.0,0.0,,0.3,0.0,0.0
2024-06-27,14.34,14.34,14.34,14.34,2,28.68,0.0,0.0,0.0,0.0,,0.3,0.0,0.0
2024-06-28,14.34,14.34,14.34,14.34,17,243.78,0.0,0.0,0.0,0.0,,0.3,0.0,0.0
2024-07-01,14.34,14.34,14.34,14.34,0,0.0,0.0,0.0,0.0,0.0,,0.3,0.0,0.0
2024-07-02,14.34,14.34,14.34,14.34,42,602.28,0.0,0.0,0.0,0.0,,0.3,0.0,0.0
2024-07-03,14.34,14.34,14.34,14.34,0,0.0,0.0,0.0,0.0,0.0,,0.3,0.0,0.0
2024-07-04,14.34,14.34,14.34,14.34,0,0.0,0.0,0.0,0.0,0.0,,0.3,0.0,0.0
2024-07-05,14.34,14.34,14.34,14.34,0,0.0,0.0,0.0,0.0,0.0,,0.3,0.0,0.0
2024-07-08,14.34,14.34,14.34,14.34,0,0.0,0.0,0.0,0.0,0.0,,0.3,0.0,0.0
2024-07-09,14.34,14.34,14.34,14.34,0,0.0,0.0,0.0,0.0,0.0,,0.3,0.0,0.0
2024-07-10,14.34,14.34,14.34,14.34,0,0.0,0.0,0.0,0.0,0.0,,0.3,0.0,0.0
2024-07-11,14.34,14.34,14.34,14.34,0,0.0,0.0,0.0,0.0,0.0,,0.3,0.0,0.0
2024-07-12,14.34,14.34,14.34,14.34,0,0.0,0.0,0.0,0.0,0.0,,0.3,0.0,0.0
2024-07-15,14.34,14.34,14.34,14.34,0,0.0,0.0,0.0,0.0,0.0,,0.3,0.0,0.0
2024-07-16,14.34,14.34,14.34,14.34,0,0.0,0.0,0.0,0.0,0.0,,0.3,0.0,0.0
2024-07-17,14.34,14.34,14.34,14.34,5,71.7,0.0,0.0,0.0,0.0,,0.3,0.0,0.0
2024-07-18,14.34,14.34,14.34,14.34,0,0.0,0.0,0.0,0.0,0.0,,0.3,0.0,0.0
2024-07-19,14.34,14.34,14.34,14.34,0,0.0,0.0,0.0,0.0,0.0,,0.3,0.0,0.0
2024-07-22,14.34,14.34,14.34,14.34,0,0.0,0.0,0.0,0.0,0.0,,0.3,0.0,0.0
2024-07-23,14.34,14.34,14.34,14.34,0,0.0,0.0,0.0,0.0,0.0,,0.3,0.0,0.0
2024-07-24,14.34,14.34,14.34,14.34,0,0.0,0.0,0.0,0.0,0.0,,0.3,0.0,0.0
2024-07-25,14.34,14.34,14.34,14.34,0,0.0,0.0,0.0,0.0,0.0,,0.3,0.0,0.0
2024-07-26,15.774,15.774,15.774,15.774,200,3154.8,0.0,0.0,0.0,0.0,,0.3,0.0,0.0
2024-07-29,15.774,15.774,15.774,15.774,1,15.774,0.0,0.0,0.0,0.0,,0.3,0.0,0.0
2024-07-30,15.774,15.774,15.774,15.774,0,0.0,0.0,0.0,0.0,0.0,,0.3,0.0,0.0
2024-07-31,17.304,17.304,17.304,17.304,200,3460.8,0.0,0.0,0.0,0.0,,0.3,0.0,0.0
2024-08-01,17.304,17.304,17.304,17.304,66,1142.064,0.0,0.0,0.0,0.0,,0.3,0.0,0.0
2024-08-02,17.304,17.304,17.304,17.304,200,3460.8,0.0,0.0,0.0,0.0,,0.3,0.0,0.0
2024-08-05,17.304,17.304,17.304,17.304,0,0.0,0.0,0.0,0.0,0.0,,0.3,0.0,0.0
2024-08-06,17.304,17.304,17.304,17.304,3,51.91199999999999,0.0,0.0,0.0,0.0,,0.3,0.0,0.0
2024-08-07,17.304,17.304,17.304,17.304,0,0.0,0.0,0.0,0.0,0.0,,0.3,0.0,0.0
2024-08-08,17.304,17.304,17.304,17.304,0,0.0,0.0,0.0,0.0,0.0,,0.3,0.0,0.0
2024-08-09,17.304,17.304,17.304,17.304,2,34.608,0.0,0.0,0.0,0.0,,0.3,0.0,0.0
2024-08-12,17.208,17.304,17.208,17.304,2100,36338.4,0.0,0.0,0.0,0.0,,0.3,0.0,0.0
2024-08-13,15.774,15.774,15.774,15.774,400,6309.599999999999,0.0,0.0,0.0,0.0,,0.3,0.0,0.0
2024-08-14,15.774,15.774,14.244,14.244,3377,48101.988,0.0,0.0,0.0,0.0,,0.3,0.0,0.0
2024-08-15,14.244,14.244,14.244,14.244,0,0.0,0.0,0.0,0.0,0.0,,0.3,0.0,0.0
2024-08-16,14.244,14.244,14.244,14.244,0,0.0,0.0,0.0,0.0,0.0,,0.3,0.0,0.0
2024-08-19,14.244,14.244,14.244,14.244,0,0.0,0.0,0.0,0.0,0.0,,0.3,0.0,0.0
2024-08-20,15.583,15.583,15.583,15.583,100,1558.3,0.0,0.0,0.0,0.0,,0.3,0.0,0.0
2024-08-21,17.112,17.112,17.112,17.112,400,6844.799999999999,0.0,0.0,0.0,0.0,,0.3,0.0,0.0
2024-08-22,17.112,17.112,17.112,17.112,201,3439.512,0.0,0.0,0.0,0.0,,0.3,0.0,0.0
2024-08-23,17.208,17.208,17.112,17.112,200,3422.4,200.0,0.0,0.0,0.0,,0.3,0.0,0.0
2024-08-26,17.112,17.112,17.112,17.112,1,17.112,0.0,0.0,0.0,0.0,,0.3,0.0,0.0
2024-08-27,17.112,17.112,17.112,17.112,109,1865.208,100.0,0.0,0.0,0.0,,0.3,0.0,0.0
2024-08-28,17.112,17.112,17.112,17.112,200,3422.4,200.0,0.0,0.0,0.0,,0.3,0.0,0.0
2024-08-29,17.112,17.112,17.112,17.112,100,1711.1999999999998,100.0,0.0,0.0,0.0,,0.3,0.0,0.0
2024-08-30,17.112,17.112,17.112,17.112,0,0.0,0.0,0.0,0.0,0.0,,0.3,0.0,0.0
2024-09-04,18.738,18.738,18.738,18.738,2000,37476.0,1800.0,0.0,40000.0,0.0,,0.3,0.04,0.0
2024-09-05,18.738,18.738,18.738,18.738,0,0.0,0.0,0.0,0.0,0.0,,0.3,0.0,0.0
2024-09-06,18.738,18.738,18.738,18.738,0,0.0,0.0,0.0,0.0,0.0,,0.3,0.0,0.0
2024-09-09,17.208,17.208,17.112,17.112,200,3422.4,0.0,0.0,0.0,0.0,,0.3,0.0,0.0
2024-09-10,17.112,17.112,17.112,17.112,0,0.0,0.0,0.0,0.0,0.0,,0.3,0.0,0.0
2024-09-11,17.304,17.304,17.304,17.304,100,1730.4,0.0,0.0,0.0,0.0,,0.3,0.0,0.0
2024-09-12,17.304,17.304,17.304,17.304,0,0.0,0.0,0.0,0.0,0.0,,0.3,0.0,0.0
2024-09-13,17.304,17.304,17.304,17.304,0,0.0,0.0,0.0,0.0,0.0,,0.3,0.0,0.0
2024-09-16,17.304,17.304,17.304,17.304,0,0.0,0.0,0.0,0.0,0.0,,0.3,0.0,0.0
2024-09-17,17.304,17.304,17.304,17.304,0,0.0,0.0,0.0,0.0,0.0,,0.3,0.0,0.0
2024-09-18,17.304,17.304,17.304,17.304,0,0.0,0.0,0.0,0.0,0.0,,0.3,0.0,0.0
2024-09-19,17.304,17.304,17.304,17.304,0,0.0,0.0,0.0,0.0,0.0,,0.3,0.0,0.0
2024-09-20,17.304,17.304,17.304,17.304,0,0.0,0.0,0.0,0.0,0.0,,0.3,0.0,0.0
2024-09-23,19.024,19.024,19.024,19.024,100,1902.4,0.0,0.0,0.0,0.0,,0.3,0.0,0.0
2024-09-24,19.024,19.024,19.024,19.024,3,57.072,0.0,0.0,0.0,0.0,,0.3,0.0,0.0
2024-09-25,19.024,19.024,19.024,19.024,0,0.0,0.0,0.0,0.0,0.0,,0.3,0.0,0.0
2024-09-26,19.024,19.024,19.024,19.024,0,0.0,0.0,0.0,0.0,0.0,,0.3,0.0,0.0
2024-09-27,19.024,19.024,19.024,19.024,0,0.0,0.0,0.0,0.0,0.0,,0.3,0.0,0.0
2024-09-30,19.024,19.024,19.024,19.024,0,0.0,0.0,0.0,0.0,0.0,,0.3,0.0,0.0
2024-10-01,19.024,19.024,19.024,19.024,0,0.0,0.0,0.0,0.0,0.0,,0.3,0.0,0.0
2024-10-02,19.024,19.024,19.024,19.024,0,0.0,0.0,0.0,0.0,0.0,,0.3,0.0,0.0
2024-10-03,19.024,19.024,19.024,19.024,0,0.0,0.0,0.0,0.0,0.0,,0.3,0.0,0.0
2024-10-04,19.024,19.024,19.024,19.024,0,0.0,0.0,0.0,0.0,0.0,,0.3,0.0,0.0
2024-10-07,17.208,17.208,17.208,17.208,400,6883.199999999999,0.0,0.0,0.0,0.0,,0.3,0.0,0.0
2024-10-08,17.208,17.208,16.252,16.252,9600,156019.19999999998,9200.0,0.0,160000.0,0.0,,0.3,0.16,0.0
2024-10-09,16.443,16.443,16.443,16.443,200,3288.6000000000004,0.0,0.0,0.0,0.0,,0.3,0.0,0.0
2024-10-10,15.296,15.296,15.296,15.296,800,12236.8,800.0,0.0,10000.0,0.0,,0.3,0.01,0.0
2024-10-11,15.296,15.296,15.296,15.296,0,0.0,0.0,0.0,0.0,0.0,,0.3,0.0,0.0
2024-10-14,15.296,15.296,15.296,15.296,8,122.368,0.0,0.0,0.0,0.0,,0.3,0.0,0.0
2024-10-15,15.296,15.296,15.296,15.296,1200,18355.2,0.0,0.0,0.0,0.0,,0.3,0.0,0.0
2024-10-16,16.73,16.826,16.73,16.826,4600,77399.6,0.0,4600.0,0.0,80000.0,,0.3,0.0,0.08
2024-10-17,15.2,15.2,15.2,15.2,310,4712.0,200.0,0.0,0.0,0.0,,0.3,0.0,0.0
2024-10-18,15.296,15.296,14.34,14.34,500,7170.0,0.0,0.0,0.0,0.0,,0.3,0.0,0.0
2024-10-21,13.862,13.862,13.862,13.862,1000,13862.0,0.0,0.0,0.0,0.0,,0.3,0.0,0.0
2024-10-22,15.2,15.2,14.34,14.34,300,4302.0,0.0,0.0,0.0,0.0,,0.3,0.0,0.0
2024-10-23,15.774,15.774,15.774,15.774,110,1735.14,0.0,0.0,0.0,0.0,,0.3,0.0,0.0
2024-10-24,17.208,17.208,16.826,16.826,500,8413.0,0.0,100.0,0.0,0.0,,0.3,0.0,0.0
2024-10-25,16.826,16.826,16.826,16.826,1700,28604.2,0.0,1000.0,0.0,20000.0,,0.3,0.0,0.02
2024-10-28,16.73,16.826,16.73,16.826,300,5047.8,0.0,0.0,0.0,0.0,,0.3,0.0,0.0
2024-10-29,17.017,17.017,17.017,17.017,200,3403.4,0.0,200.0,0.0,0.0,,0.3,0.0,0.0
2024-10-30,17.017,17.017,17.017,17.017,0,0.0,0.0,0.0,0.0,0.0,,0.3,0.0,0.0
2024-10-31,18.642,18.642,18.642,18.642,153,2852.226,0.0,0.0,0.0,0.0,,0.3,0.0,0.0
2024-11-01,16.826,17.208,16.826,17.208,1900,32695.2,0.0,1400.0,0.0,30000.0,,0.3,0.0,0.03
2024-11-04,17.208,17.208,17.208,17.208,0,0.0,0.0,0.0,0.0,0.0,,0.3,0.0,0.0
2024-11-05,17.208,17.208,17.208,17.208,0,0.0,0.0,0.0,0.0,0.0,,0.3,0.0,0.0
2024-11-06,17.208,17.208,17.208,17.208,1,17.208,0.0,0.0,0.0,0.0,,0.3,0.0,0.0
2024-11-07,17.208,17.208,17.112,17.208,1600,27532.8,800.0,1000.0,10000.0,20000.0,,0.3,0.01,0.02
2024-11-08,17.208,17.208,17.208,17.208,0,0.0,0.0,0.0,0.0,0.0,,0.3,0.0,0.0
2024-11-11,17.208,17.208,17.208,17.208,100,1720.7999999999995,0.0,100.0,0.0,0.0,,0.3,0.0,0.0
2024-11-12,17.208,17.208,17.208,17.208,0,0.0,0.0,0.0,0.0,0.0,,0.3,0.0,0.0
2024-11-13,17.208,17.208,17.208,17.208,0,0.0,0.0,0.0,0.0,0.0,,0.3,0.0,0.0
2024-11-14,17.208,17.208,17.208,17.208,0,0.0,0.0,0.0,0.0,0.0,,0.3,0.0,0.0
2024-11-15,17.208,17.208,17.208,17.208,0,0.0,0.0,0.0,0.0,0.0,,0.3,0.0,0.0
2024-11-18,15.87,15.87,15.87,15.87,500,7935.0,0.0,0.0,0.0,0.0,,0.3,0.0,0.0
2024-11-19,15.87,15.87,15.87,15.87,1200,19044.0,0.0,0.0,0.0,0.0,,0.3,0.0,0.0
2024-11-20,15.87,15.87,15.87,15.87,0,0.0,0.0,0.0,0.0,0.0,,0.3,0.0,0.0
2024-11-21,15.965,15.965,15.965,15.965,2000,31930.0,0.0,0.0,0.0,0.0,,0.3,0.0,0.0
2024-11-22,16.73,16.73,16.73,16.73,100,1673.0,0.0,0.0,0.0,0.0,,0.3,0.0,0.0
2024-11-25,16.061,16.061,15.87,15.87,1200,19044.0,0.0,0.0,0.0,0.0,,0.3,0.0,0.0
2024-11-26,15.774,15.774,15.774,15.774,1100,17351.399999999998,0.0,0.0,0.0,0.0,,0.3,0.0,0.0
2024-11-27,15.774,15.774,15.774,15.774,0,0.0,0.0,0.0,0.0,0.0,,0.3,0.0,0.0
2024-11-28,16.252,16.252,15.87,15.87,1000,15870.0,0.0,0.0,0.0,0.0,,0.3,0.0,0.0
2024-11-29,16.156,16.156,15.87,15.965,1500,23947.5,0.0,0.0,0.0,0.0,,0.3,0.0,0.0
2024-12-02,16.252,16.252,16.252,16.252,401,6517.052,0.0,0.0,0.0,0.0,,0.3,0.0,0.0
2024-12-03,16.156,17.017,15.296,17.017,7300,124224.1,100.0,0.0,0.0,0.0,,0.3,0.0,0.0
2024-12-04,16.73,16.73,16.73,16.73,100,1673.0,0.0,0.0,0.0,0.0,,0.3,0.0,0.0
2024-12-05,16.348,16.348,16.348,16.348,2700,44139.6,0.0,0.0,0.0,0.0,,0.3,0.0,0.0
2024-12-06,16.348,16.348,16.348,16.348,0,0.0,0.0,0.0,0.0,0.0,,0.3,0.0,0.0
2024-12-09,16.348,16.348,16.348,16.348,0,0.0,0.0,0.0,0.0,0.0,,0.3,0.0,0.0
2024-12-10,16.826,16.826,16.826,16.826,3300,55525.8,0.0,0.0,0.0,0.0,,0.3,0.0,0.0
2024-12-11,15.774,16.061,15.774,15.87,1400,22218.0,100.0,0.0,0.0,0.0,,0.3,0.0,0.0
2024-12-12,16.921,17.017,16.921,17.017,2400,40840.8,0.0,0.0,0.0,0.0,,0.3,0.0,0.0
2024-12-13,17.017,17.112,16.921,16.921,2000,33842.0,0.0,0.0,0.0,0.0,,0.3,0.0,0.0
2024-12-16,16.921,16.921,16.921,16.921,0,0.0,0.0,0.0,0.0,0.0,,0.3,0.0,0.0
2024-12-17,16.921,16.921,16.921,16.921,100,1692.1,0.0,0.0,0.0,0.0,,0.3,0.0,0.0
2024-12-18,16.921,16.921,16.921,16.921,0,0.0,0.0,0.0,0.0,0.0,,0.3,0.0,0.0
2024-12-19,16.921,16.921,16.921,16.921,0,0.0,0.0,0.0,0.0,0.0,,0.3,0.0,0.0
2024-12-20,16.921,16.921,16.921,16.921,0,0.0,0.0,0.0,0.0,0.0,,0.3,0.0,0.0
2024-12-23,17.112,17.112,17.112,17.112,1000,17112.0,0.0,0.0,0.0,0.0,,0.3,0.0,0.0
2024-12-24,17.112,17.112,17.112,17.112,0,0.0,0.0,0.0,0.0,0.0,,0.3,0.0,0.0
2024-12-25,16.73,16.73,16.73,16.73,500,8365.0,0.0,0.0,0.0,0.0,,0.3,0.0,0.0
2024-12-26,17.208,17.208,15.965,17.208,4300,73994.4,0.0,2000.0,0.0,40000.0,,0.3,0.0,0.04
2024-12-27,15.583,15.583,15.583,15.583,100,1558.3,0.0,0.0,0.0,0.0,,0.3,0.0,0.0
2024-12-30,16.252,16.252,16.252,16.252,545,8857.34,0.0,0.0,0.0,0.0,,0.3,0.0,0.0
2024-12-31,17.208,17.208,16.156,16.156,1100,17771.6,0.0,0.0,0.0,0.0,,0.3,0.0,0.0
2025-01-02,16.73,16.73,16.73,16.73,401,6708.7300000000005,100.0,0.0,0.0,0.0,,0.3,0.0,0.0
2025-01-03,16.73,16.73,16.73,16.73,0,0.0,0.0,0.0,0.0,0.0,,0.3,0.0,0.0
2025-01-06,16.73,16.73,16.73,16.73,544,9101.12,0.0,0.0,0.0,0.0,,0.3,0.0,0.0
2025-01-07,16.73,16.73,16.73,16.73,0,0.0,0.0,0.0,0.0,0.0,,0.3,0.0,0.0
2025-01-08,16.73,16.73,16.73,16.73,300,5019.0,0.0,0.0,0.0,0.0,,0.3,0.0,0.0
2025-01-09,16.73,16.73,16.73,16.73,0,0.0,0.0,0.0,0.0,0.0,,0.3,0.0,0.0
2025-01-10,17.017,17.304,17.017,17.304,200,3460.8,0.0,0.0,0.0,0.0,,0.3,0.0,0.0
2025-01-13,16.73,16.73,16.73,16.73,600,10038.0,0.0,0.0,0.0,0.0,,0.3,0.0,0.0
2025-01-14,16.73,16.73,16.73,16.73,200,3346.0,0.0,0.0,0.0,0.0,,0.3,0.0,0.0
2025-01-15,16.73,16.73,16.73,16.73,1,16.73,0.0,0.0,0.0,0.0,,0.3,0.0,0.0
2025-01-16,16.73,16.73,16.73,16.73,0,0.0,0.0,0.0,0.0,0.0,,0.3,0.0,0.0
2025-01-17,16.73,16.73,16.73,16.73,500,8365.0,0.0,0.0,0.0,0.0,,0.3,0.0,0.0
2025-01-20,16.73,16.73,16.73,16.73,700,11711.0,0.0,0.0,0.0,0.0,,0.3,0.0,0.0
2025-01-21,16.826,16.826,16.826,16.826,500,8413.0,0.0,0.0,0.0,0.0,,0.3,0.0,0.0
2025-01-22,16.921,16.921,16.826,16.921,1000,16921.0,0.0,0.0,0.0,0.0,,0.3,0.0,0.0
2025-01-23,16.921,16.921,16.921,16.921,0,0.0,0.0,0.0,0.0,0.0,,0.3,0.0,0.0
2025-01-24,17.017,17.686,17.017,17.686,300,5305.8,0.0,0.0,0.0,0.0,,0.3,0.0,0.0
2025-02-03,17.973,19.311,17.686,19.311,1700,32828.7,0.0,0.0,0.0,0.0,,0.3,0.0,0.0
2025-02-04,19.598,21.032,19.598,20.841,27600,575211.6,800.0,0.0,20000.0,0.0,,0.3,0.02,0.0
2025-02-05,21.223,21.319,21.032,21.223,3500,74280.5,0.0,0.0,0.0,0.0,,0.3,0.0,0.0
2025-02-06,21.032,21.032,19.694,19.694,2000,39388.0,0.0,0.0,0.0,0.0,,0.3,0.0,0.0
2025-02-07,20.841,20.841,20.458,20.65,600,12390.0,0.0,0.0,0.0,0.0,,0.3,0.0,0.0
2025-02-10,19.12,21.319,19.12,21.032,3600,75715.2,1200.0,0.0,30000.0,0.0,,0.3,0.03,0.0
2025-02-11,21.032,23.135,20.745,23.135,18302,423416.77,0.0,0.0,0.0,0.0,,0.3,0.0,0.0
2025-02-12,22.466,22.466,22.466,22.466,101,2269.0660000000003,0.0,0.0,0.0,0.0,,0.3,0.0,0.0
2025-02-13,20.936,21.701,20.936,21.701,1100,23871.1,0.0,0.0,0.0,0.0,,0.3,0.0,0.0
2025-02-14,21.032,21.128,21.032,21.128,200,4225.6,0.0,0.0,0.0,0.0,,0.3,0.0,0.0
2025-02-17,21.128,21.128,21.128,21.128,0,0.0,0.0,0.0,0.0,0.0,,0.3,0.0,0.0
2025-02-18,21.128,21.128,21.128,21.128,0,0.0,0.0,0.0,0.0,0.0,,0.3,0.0,0.0
2025-02-19,21.51,23.231,21.319,23.135,25400,587629.0,0.0,200.0,0.0,0.0,,0.3,0.0,0.0
2025-02-20,22.944,23.422,21.701,21.892,8600,188271.2,0.0,0.0,0.0,0.0,,0.3,0.0,0.0
2025-02-21,21.892,21.892,21.892,21.892,0,0.0,0.0,0.0,0.0,0.0,,0.3,0.0,0.0
2025-02-24,22.179,22.179,21.51,21.51,200,4302.0,0.0,0.0,0.0,0.0,,0.3,0.0,0.0
2025-02-25,23.04,23.613,21.988,21.988,46700,1026839.6,1200.0,0.0,30000.0,0.0,,0.3,0.03,0.0
2025-02-26,22.944,22.944,22.944,22.944,200,4588.8,0.0,0.0,0.0,0.0,,0.3,0.0,0.0
2025-02-27,23.9,23.9,23.9,23.9,1200,28680.0,200.0,0.0,0.0,0.0,,0.3,0.0,0.0
2025-02-28,22.466,22.466,21.51,21.988,2210,48593.48,0.0,0.0,0.0,0.0,,0.3,0.0,0.0
2025-03-03,22.944,23.709,22.944,23.709,2210,52396.89,0.0,0.0,0.0,0.0,,0.3,0.0,0.0
2025-03-04,22.466,22.466,22.466,22.466,110,2471.26,0.0,0.0,0.0,0.0,,0.3,0.0,0.0
2025-03-05,22.944,22.944,22.944,22.944,100,2294.4,0.0,0.0,0.0,0.0,,0.3,0.0,0.0
2025-03-06,22.944,22.944,22.944,22.944,9,206.496,0.0,0.0,0.0,0.0,,0.3,0.0,0.0
2025-03-07,21.988,22.944,21.988,22.944,400,9177.6,0.0,0.0,0.0,0.0,,0.3,0.0,0.0
2025-03-10,22.466,23.518,22.466,23.518,5600,131700.80000000002,0.0,0.0,0.0,0.0,,0.3,0.0,0.0
2025-03-11,23.9,23.9,23.422,23.9,3118,74520.2,0.0,0.0,0.0,0.0,,0.3,0.0,0.0
2025-03-12,23.9,23.9,23.9,23.9,200,4780.0,0.0,0.0,0.0,0.0,,0.3,0.0,0.0
2025-03-13,23.9,23.9,23.709,23.9,1335,31906.5,200.0,0.0,0.0,0.0,,0.3,0.0,0.0
2025-03-14,23.9,23.9,23.9,23.9,200,4780.0,0.0,0.0,0.0,0.0,,0.3,0.0,0.0
2025-03-17,23.9,25.716,23.9,25.716,15219,391371.804,0.0,0.0,0.0,0.0,,0.3,0.0,0.0
2025-03-18,25.716,25.716,25.716,25.716,15,385.74,0.0,0.0,0.0,0.0,,0.3,0.0,0.0
2025-03-19,25.334,25.334,25.334,25.334,200,5066.8,0.0,0.0,0.0,0.0,,0.3,0.0,0.0
2025-03-20,25.43,25.43,25.43,25.43,1500,38145.0,0.0,0.0,0.0,0.0,,0.3,0.0,0.0
2025-03-21,24.856,24.856,24.856,24.856,100,2485.6000000000004,0.0,0.0,0.0,0.0,,0.3,0.0,0.0
2025-03-24,25.238,25.334,25.238,25.334,6300,159604.2,0.0,0.0,0.0,0.0,,0.3,0.0,0.0
2025-03-25,25.334,25.334,25.334,25.334,0,0.0,0.0,0.0,0.0,0.0,,0.3,0.0,0.0
2025-03-26,25.812,25.812,24.856,24.856,13412,333368.672,0.0,0.0,0.0,0.0,,0.3,0.0,0.0
2025-03-27,24.856,24.856,24.856,24.856,0,0.0,0.0,0.0,0.0,0.0,,0.3,0.0,0.0
2025-03-28,23.9,23.9,23.9,23.9,100,2390.0,0.0,0.0,0.0,0.0,,0.3,0.0,0.0
2025-03-31,23.9,23.9,23.9,23.9,0,0.0,0.0,0.0,0.0,0.0,,0.3,0.0,0.0
2025-04-01,26.194,26.194,26.194,26.194,100,2619.4,0.0,0.0,0.0,0.0,,0.3,0.0,0.0
2025-04-02,26.194,26.194,26.194,26.194,0,0.0,0.0,0.0,0.0,0.0,,0.3,0.0,0.0
2025-04-03,24.378,24.378,23.613,23.613,9142,215870.046,100.0,0.0,0.0,0.0,,0.3,0.0,0.0
2025-04-04,21.319,21.319,21.319,21.319,2300,49033.7,0.0,0.0,0.0,0.0,,0.3,0.0,0.0
2025-04-08,21.319,21.319,21.319,21.319,0,0.0,0.0,0.0,0.0,0.0,,0.3,0.0,0.0
2025-04-09,19.216,23.422,19.216,23.422,510,11945.22,0.0,0.0,0.0,0.0,,0.3,0.0,0.0
2025-04-10,23.422,23.422,23.422,23.422,0,0.0,0.0,0.0,0.0,0.0,,0.3,0.0,0.0
2025-04-11,25.238,25.238,25.238,25.238,2000,50476.0,0.0,0.0,0.0,0.0,,0.3,0.0,0.0
2025-04-14,25.238,25.238,25.238,25.238,10,252.38,0.0,0.0,0.0,0.0,,0.3,0.0,0.0
2025-04-15,25.238,25.238,25.238,25.238,0,0.0,0.0,0.0,0.0,0.0,,0.3,0.0,0.0
2025-04-16,25.716,25.716,25.716,25.716,4200,108007.2,0.0,200.0,0.0,10000.0,,0.3,0.0,0.01
2025-04-17,25.812,25.812,23.326,23.326,1900,44319.4,100.0,0.0,0.0,0.0,,0.3,0.0,0.0
2025-04-18,24.856,25.621,24.856,25.621,24604,630379.0839999999,300.0,0.0,10000.0,0.0,,0.3,0.01,0.0
2025-04-21,26.768,28.106,26.768,28.106,90006,2529708.636,0.0,0.0,0.0,0.0,,0.3,0.0,0.0
2025-04-22,30.879,30.879,30.879,30.879,6200,191449.8,0.0,0.0,0.0,0.0,,0.3,0.0,0.0
2025-04-23,33.938,33.938,33.938,33.938,15000,509070.00000000006,0.0,0.0,0.0,0.0,,0.3,0.0,0.0
2025-04-24,37.284,37.284,36.328,37.284,101508,3784624.272,0.0,200.0,0.0,10000.0,,0.3,0.0,0.01
2025-04-25,40.917,41.012,40.917,41.012,18771,769836.252,100.0,0.0,0.0,0.0,,0.3,0.0,0.0
2025-04-28,45.028,45.028,43.976,45.028,39289,1769105.092,100.0,100.0,0.0,0.0,,0.3,0.0,0.0
2025-04-29,47.131,47.131,40.534,40.534,24073,975774.982,0.0,0.0,0.0,0.0,,0.3,0.0,0.0
2025-05-05,40.534,44.454,40.534,44.454,26856,1193856.624,2000.0,0.0,90000.0,0.0,,0.3,0.09,0.0
2025-05-06,45.41,45.888,40.534,41.204,18700,770514.8,100.0,0.0,0.0,0.0,,0.3,0.0,0.0
2025-05-07,41.873,44.836,41.873,43.307,7310,316574.17000000004,0.0,0.0,0.0,0.0,,0.3,0.0,0.0
2025-05-08,44.741,44.741,40.248,40.439,20201,816908.239,0.0,100.0,0.0,0.0,,0.3,0.0,0.0
2025-05-09,40.63,44.454,40.63,44.454,20204,898148.616,0.0,0.0,0.0,0.0,,0.3,0.0,0.0
2025-05-12,44.454,47.704,40.056,43.498,10512,457250.976,300.0,400.0,10000.0,20000.0,,0.3,0.01,0.02
2025-05-13,43.5,46.5,43.0,46.0,13357,614422.0,100.0,0.0,0.0,0.0,,0.3,0.0,0.0
2025-05-14,45.0,46.0,44.5,46.0,7902,363492.0,900.0,0.0,40000.0,0.0,,0.3,0.04,0.0
2025-05-15,46.0,46.0,44.7,44.7,6000,268200.0,0.0,0.0,0.0,0.0,,0.3,0.0,0.0
2025-05-16,44.7,46.0,44.7,46.0,3300,151800.0,0.0,0.0,0.0,0.0,,0.3,0.0,0.0
2025-05-19,46.0,50.6,46.0,50.6,14460,731676.0,700.0,0.0,40000.0,0.0,,0.3,0.04,0.0
2025-05-20,53.6,55.6,50.3,54.5,42549,2318920.5,0.0,1400.0,0.0,80000.0,,0.3,0.0,0.08
2025-05-21,55.8,59.9,54.0,56.0,14622,818832.0,400.0,0.0,20000.0,0.0,,0.3,0.02,0.0
2025-05-22,55.9,56.0,53.3,53.3,14801,788893.2999999999,0.0,100.0,0.0,10000.0,,0.3,0.0,0.01
2025-05-23,53.3,53.5,53.3,53.3,9070,483431.0,0.0,600.0,0.0,30000.0,,0.3,0.0,0.03
2025-05-26,53.3,53.3,51.0,53.2,5082,270362.4,0.0,0.0,0.0,0.0,,0.3,0.0,0.0
2025-05-27,52.5,55.0,52.0,52.0,16002,832104.0,300.0,0.0,20000.0,0.0,,0.3,0.02,0.0
2025-05-28,52.1,52.1,51.6,51.7,1901,98281.7,300.0,0.0,20000.0,0.0,,0.3,0.02,0.0
2025-05-29,52.0,52.2,52.0,52.0,3900,202800.0,0.0,0.0,0.0,0.0,,0.3,0.0,0.0
2025-05-30,52.0,52.3,51.6,52.0,1602,83304.0,500.0,0.0,30000.0,0.0,,0.3,0.03,0.0
2025-06-02,52.0,52.5,52.0,52.0,715,37180.0,0.0,0.0,0.0,0.0,,0.3,0.0,0.0
2025-06-03,52.0,52.0,51.2,52.0,2727,141804.0,300.0,0.0,20000.0,0.0,,0.3,0.02,0.0
2025-06-04,52.0,52.0,50.9,51.0,2802,142902.0,0.0,300.0,0.0,20000.0,,0.3,0.0,0.02
2025-06-05,51.0,51.0,51.0,51.0,2901,147951.0,0.0,100.0,0.0,10000.0,,0.3,0.0,0.01
2025-06-06,51.0,54.0,51.0,54.0,6416,346464.0,0.0,0.0,0.0,0.0,,0.3,0.0,0.0
2025-06-09,52.5,54.5,48.6,54.0,9801,529254.0,100.0,0.0,10000.0,0.0,,0.3,0.01,0.0
2025-06-10,54.0,54.0,54.0,54.0,0,0.0,0.0,0.0,0.0,0.0,,0.3,0.0,0.0
2025-06-11,52.0,52.0,52.0,52.0,2400,124800.0,0.0,0.0,0.0,0.0,,0.3,0.0,0.0
2025-06-12,52.0,52.0,52.0,52.0,2101,109252.0,0.0,0.0,0.0,0.0,,0.3,0.0,0.0
2025-06-13,52.5,57.1,52.5,53.0,11204,593812.0,0.0,0.0,0.0,0.0,,0.3,0.0,0.0
2025-06-16,54.1,55.1,53.5,53.5,3300,176550.0,0.0,0.0,0.0,0.0,,0.3,0.0,0.0
2025-06-17,55.0,55.0,53.0,54.0,5500,297000.0,0.0,0.0,0.0,0.0,,0.3,0.0,0.0
2025-06-18,54.0,55.0,53.5,55.0,3200,176000.0,0.0,0.0,0.0,0.0,,0.3,0.0,0.0
2025-06-19,54.7,54.8,54.0,54.0,1915,103410.0,0.0,400.0,0.0,20000.0,,0.3,0.0,0.02
2025-06-20,52.0,52.2,52.0,52.2,1126,58777.2,0.0,0.0,0.0,0.0,,0.3,0.0,0.0
2025-06-23,52.1,52.2,52.1,52.2,400,20880.0,0.0,0.0,0.0,0.0,,0.3,0.0,0.0
2025-06-24,52.2,52.5,52.2,52.5,2900,152250.0,0.0,0.0,0.0,0.0,,0.3,0.0,0.0
2025-06-25,52.5,54.6,52.5,54.0,5601,302454.0,0.0,0.0,0.0,0.0,,0.3,0.0,0.0
2025-06-26,54.8,55.0,54.0,54.0,6405,345870.0,0.0,0.0,0.0,0.0,,0.3,0.0,0.0
2025-06-27,54.5,55.0,54.5,54.9,6700,367830.0,0.0,0.0,0.0,0.0,,0.3,0.0,0.0
2025-06-30,55.0,55.0,53.0,55.0,1200,66000.0,0.0,0.0,0.0,0.0,,0.3,0.0,0.0
2025-07-01,55.0,55.0,55.0,55.0,4500,247500.0,0.0,0.0,0.0,0.0,,0.3,0.0,0.0
2025-07-02,55.0,60.5,55.0,60.5,32578,1970969.0,0.0,0.0,0.0,0.0,,0.3,0.0,0.0
2025-07-03,60.5,66.5,58.5,66.5,8300,551950.0,0.0,0.0,0.0,0.0,,0.3,0.0,0.0
2025-07-04,60.0,66.3,60.0,65.0,600,39000.0,0.0,0.0,0.0,0.0,,0.3,0.0,0.0
2025-07-07,64.0,64.3,58.5,58.7,2500,146750.0,400.0,100.0,20000.0,10000.0,,0.3,0.02,0.01
2025-07-08,62.8,62.8,53.2,53.5,625,33437.5,0.0,0.0,0.0,0.0,,0.3,0.0,0.0
2025-07-09,53.6,58.7,48.4,55.9,9604,536863.6,0.0,0.0,0.0,0.0,,0.3,0.0,0.0
2025-07-10,56.0,58.7,56.0,58.7,600,35220.0,0.0,0.0,0.0,0.0,,0.3,0.0,0.0
2025-07-11,57.5,60.9,54.5,60.9,3300,200970.0,0.0,200.0,0.0,10000.0,,0.3,0.0,0.01
2025-07-14,55.0,55.0,55.0,55.0,110,6050.0,0.0,0.0,0.0,0.0,,0.3,0.0,0.0
2025-07-15,55.0,55.0,49.6,50.3,1567,78820.09999999999,0.0,0.0,0.0,0.0,,0.3,0.0,0.0
2025-07-16,50.4,55.3,48.5,50.1,2100,105210.0,0.0,0.0,0.0,0.0,,0.3,0.0,0.0
2025-07-17,50.3,55.0,50.0,50.0,27204,1360200.0,100.0,0.0,10000.0,0.0,,0.3,0.01,0.0
2025-07-18,53.5,55.0,51.2,55.0,7418,407990.0,0.0,0.0,0.0,0.0,,0.3,0.0,0.0
2025-07-21,56.0,60.5,56.0,60.5,19260,1165230.0,0.0,0.0,0.0,0.0,,0.3,0.0,0.0
2025-07-22,61.0,63.2,55.3,62.3,4001,249262.3,0.0,100.0,0.0,10000.0,,0.3,0.0,0.01
2025-07-23,62.0,63.5,57.6,57.6,5102,293875.2,0.0,0.0,0.0,0.0,,0.3,0.0,0.0
2025-07-24,63.3,63.3,63.0,63.0,16300,1026900.0,0.0,100.0,0.0,10000.0,,0.3,0.0,0.01
2025-07-25,63.0,68.8,58.2,68.8,6200,426560.0,0.0,0.0,0.0,0.0,,0.3,0.0,0.0
2025-07-28,62.1,65.9,62.1,62.1,2136,132645.6,100.0,700.0,10000.0,40000.0,,0.3,0.01,0.04
2025-07-29,62.1,62.1,62.1,62.1,1001,62162.1,0.0,0.0,0.0,0.0,,0.3,0.0,0.0
2025-07-30,62.0,62.0,57.6,57.6,308,17740.8,0.0,0.0,0.0,0.0,,0.3,0.0,0.0
2025-07-31,63.0,63.0,55.0,61.1,300,18330.0,0.0,100.0,0.0,10000.0,,0.3,0.0,0.01
2025-08-01,58.6,60.0,58.6,60.0,1300,78000.0,200.0,0.0,10000.0,0.0,,0.3,0.01,0.0
2025-08-04,58.9,59.0,57.0,57.0,2900,165300.0,0.0,0.0,0.0,0.0,,0.3,0.0,0.0
2025-08-05,58.2,62.7,58.2,62.1,5401,335402.10000000003,0.0,0.0,0.0,0.0,,0.3,0.0,0.0
2025-08-06,60.9,62.1,57.5,57.5,1100,63250.0,0.0,200.0,0.0,10000.0,,0.3,0.0,0.01
2025-08-07,60.0,60.0,52.0,53.2,1507,80172.40000000001,0.0,0.0,0.0,0.0,,0.3,0.0,0.0
2025-08-08,53.5,58.5,53.5,55.6,6960,386976.0,0.0,0.0,0.0,0.0,,0.3,0.0,0.0
2025-08-11,58.5,59.9,58.5,59.7,7628,455391.6,0.0,0.0,0.0,0.0,,0.3,0.0,0.0
2025-08-12,59.6,59.7,59.6,59.7,1700,101490.0,0.0,0.0,0.0,0.0,,0.3,0.0,0.0
2025-08-13,55.0,60.0,55.0,55.4,233670,12945318.0,100.0,0.0,10000.0,0.0,,0.3,0.01,0.0
2025-08-14,55.5,55.6,55.4,55.4,18507,1025287.8,0.0,0.0,0.0,0.0,,0.3,0.0,0.0
2025-08-15,55.4,60.9,55.0,55.7,11457,638154.9,300.0,0.0,20000.0,0.0,,0.3,0.02,0.0
2025-08-18,56.0,56.6,55.2,55.2,8580,473616.0,0.0,0.0,0.0,0.0,,0.3,0.0,0.0
2025-08-19,56.0,56.0,55.2,55.2,4302,237470.4,0.0,0.0,0.0,0.0,,0.3,0.0,0.0
2025-08-20,55.7,55.7,54.9,55.1,2651,146070.1,0.0,0.0,0.0,0.0,,0.3,0.0,0.0
2025-08-21,52.0,52.0,52.0,52.0,5005,260260.0,0.0,0.0,0.0,0.0,,0.3,0.0,0.0
2025-08-22,57.2,57.2,52.8,52.8,10063,531326.4,0.0,0.0,0.0,0.0,,0.3,0.0,0.0
2025-08-25,53.1,53.1,53.1,53.1,10000,531000.0,0.0,0.0,0.0,0.0,,0.3,0.0,0.0
2025-08-26,53.1,53.1,53.1,53.1,51,2708.1,0.0,0.0,0.0,0.0,,0.3,0.0,0.0
2025-08-27,58.3,58.4,56.2,56.2,8836,496583.2,0.0,0.0,0.0,0.0,,0.3,0.0,0.0
2025-08-28,56.5,56.7,56.5,56.7,2471,140105.7,0.0,0.0,0.0,0.0,,0.3,0.0,0.0
2025-08-29,56.7,56.7,56.7,56.7,1,56.7,0.0,0.0,0.0,0.0,,0.3,0.0,0.0
2025-09-03,56.7,57.5,56.5,57.5,13968,803160.0,300.0,0.0,20000.0,0.0,,0.3,0.02,0.0
2025-09-04,57.5,59.5,57.5,59.5,1400,83300.0,100.0,0.0,10000.0,0.0,,0.3,0.01,0.0
2025-09-05,59.1,59.2,59.0,59.2,5700,337440.0,0.0,0.0,0.0,0.0,,0.3,0.0,0.0
2025-09-08,59.1,59.2,56.7,57.0,1200,68400.0,0.0,0.0,0.0,0.0,,0.3,0.0,0.0
2025-09-09,57.0,60.0,57.0,59.9,5227,313097.3,0.0,0.0,0.0,0.0,,0.3,0.0,0.0
2025-09-10,57.5,57.7,57.5,57.5,2900,166750.0,600.0,0.0,30000.0,0.0,,0.3,0.03,0.0
2025-09-11,57.5,57.5,57.2,57.2,1201,68697.2,0.0,0.0,0.0,0.0,,0.3,0.0,0.0
2025-09-12,59.0,60.0,59.0,60.0,5000,300000.0,0.0,0.0,0.0,0.0,,0.3,0.0,0.0
2025-09-15,60.0,61.0,60.0,60.2,3200,192640.0,200.0,0.0,10000.0,0.0,,0.3,0.01,0.0
2025-09-16,59.9,60.0,57.5,57.5,1636,94070.0,0.0,0.0,0.0,0.0,,0.3,0.0,0.0
2025-09-17,57.6,59.5,57.6,59.5,625,37187.5,0.0,0.0,0.0,0.0,,0.3,0.0,0.0
2025-09-18,57.2,57.2,57.2,57.2,100,5720.0,0.0,0.0,0.0,0.0,,0.3,0.0,0.0
2025-09-19,57.5,60.0,57.5,57.9,4800,277920.0,0.0,0.0,0.0,0.0,,0.3,0.0,0.0
2025-09-22,57.9,57.9,57.9,57.9,0,0.0,0.0,0.0,0.0,0.0,,0.3,0.0,0.0
2025-09-23,57.9,57.9,57.9,57.9,0,0.0,0.0,0.0,0.0,0.0,,0.3,0.0,0.0
2025-09-24,58.0,60.0,57.6,57.6,5700,328320.0,0.0,1000.0,0.0,60000.0,,0.3,0.0,0.06
2025-09-25,57.6,57.6,57.6,57.6,2,115.2,0.0,0.0,0.0,0.0,,0.3,0.0,0.0
2025-09-26,57.6,57.6,57.6,57.6,0,0.0,0.0,0.0,0.0,0.0,,0.3,0.0,0.0
2025-09-29,57.6,57.6,57.6,57.6,0,0.0,0.0,0.0,0.0,0.0,,0.3,0.0,0.0
2025-09-30,58.0,58.0,57.8,57.8,28069,1622388.2,0.0,0.0,0.0,0.0,,0.3,0.0,0.0
2025-10-01,57.8,57.8,57.8,57.8,0,0.0,0.0,0.0,0.0,0.0,,0.3,0.0,0.0
2025-10-02,57.8,57.8,57.8,57.8,2,115.6,0.0,0.0,0.0,0.0,,0.3,0.0,0.0
2025-10-03,53.2,59.0,53.2,57.6,1200,69120.0,0.0,0.0,0.0,0.0,,0.3,0.0,0.0
2025-10-06,53.0,57.6,53.0,57.6,6106,351705.60000000003,0.0,0.0,0.0,0.0,,0.3,0.0,0.0
2025-10-07,57.6,57.6,57.6,57.6,0,0.0,0.0,0.0,0.0,0.0,,0.3,0.0,0.0
2025-10-08,57.6,57.6,57.6,57.6,0,0.0,0.0,0.0,0.0,0.0,,0.3,0.0,0.0
2025-10-09,,0.0,0.0,0.0,0,0.0,0.0,0.0,0.0,0.0,769891.7,0.3,0.0,0.0
2025-10-10,53.6,53.6,53.6,53.6,100,5360.0,0.0,0.0,0.0,0.0,769811.7,0.3,0.0,0.0
2025-10-13,58.0,58.9,53.6,58.9,67700,3987530.0,50.0,100.0,26800.0,58900.0,769761.7,0.3,0.03,0.05
2025-10-14,53.8,53.8,53.8,53.8,1500,80700.0,0.0,0.0,0.0,0.0,769711.7,0.3,0.0,0.0
2025-10-15,55.0,59.1,54.4,54.4,1700,92480.0,0.0,0.0,0.0,0.0,769851.7,0.3,0.0,0.0
2025-10-16,57.7,57.8,54.3,54.3,1500,81450.0,0.0,0.0,0.0,0.0,769861.7,0.3,0.0,0.0
2025-10-17,59.0,59.7,59.0,59.7,14100,841770.0,0.0,0.0,0.0,0.0,769861.7,0.3,0.0,0.0
2025-10-20,58.0,60.5,58.0,60.2,12900,776580.0,30.0,0.0,18150.0,0.0,769911.7,0.3,0.02,0.0
2025-10-21,56.2,58.0,56.2,58.0,19500,1131000.0,0.0,0.0,0.0,0.0,769831.7,0.3,0.0,0.0
2025-10-22,57.9,57.9,57.9,57.9,300,17370.0,0.0,0.0,0.0,0.0,769831.7,0.3,0.0,0.0
2025-10-23,57.6,57.6,57.4,57.4,1200,68880.0,0.0,0.0,0.0,0.0,769831.7,0.3,0.0,0.0
2025-10-24,,0.0,0.0,0.0,0,0.0,0.0,0.0,0.0,0.0,769831.7,0.3,0.0,0.0
2025-10-27,52.8,57.4,52.8,57.4,11700,671580.0,0.0,0.0,0.0,0.0,769911.7,0.3,0.0,0.0
2025-10-28,57.4,57.4,57.4,57.4,900,51660.0,10.0,0.0,5740.0,0.0,769821.7,0.3,0.01,0.0
2025-10-29,57.4,57.4,57.4,57.4,1200,68880.0,0.0,0.0,0.0,0.0,769821.7,0.3,0.0,0.0
2025-10-30,57.1,57.4,57.0,57.0,3600,205200.0,80.0,0.0,45920.0,0.0,769821.7,0.3,0.05,0.0
2025-10-31,57.4,57.4,57.0,57.4,600,34440.0,0.0,0.0,0.0,0.0,769821.7,0.3,0.0,0.0
2025-11-03,59.5,59.5,57.1,57.2,20600,1178320.0,0.0,0.0,0.0,0.0,769821.7,0.3,0.0,0.0
2025-11-04,57.2,57.2,56.1,56.1,3700,207570.0,0.0,0.0,0.0,0.0,769821.7,0.3,0.0,0.0
2025-11-05,,0.0,0.0,0.0,0,0.0,0.0,0.0,0.0,0.0,769821.7,0.3,0.0,0.0
2025-11-06,56.3,56.3,56.3,56.3,1000,56300.0,0.0,0.0,0.0,0.0,769821.7,0.3,0.0,0.0
2025-11-07,59.5,60.0,57.0,59.0,28100,1657900.0,0.0,0.0,0.0,0.0,769821.7,0.3,0.0,0.0
2025-11-10,59.0,59.1,59.0,59.0,5300,312700.0,0.0,0.0,0.0,0.0,769821.7,0.3,0.0,0.0
2025-11-11,,0.0,0.0,0.0,0,0.0,0.0,0.0,0.0,0.0,0.0,0.3,0.0,0.0
2025-11-12,59.5,59.5,59.5,59.5,500,29750.0,0.0,0.0,0.0,0.0,769821.7,0.3,0.0,0.0
2025-11-14,59.5,60.0,59.5,60.0,3300,198000.0,0.0,0.0,0.0,0.0,769771.7,0.3,0.0,0.0
2025-11-17,60.0,60.0,60.0,60.0,4600,276000.0,0.0,0.0,0.0,0.0,769821.7,0.3,0.0,0.0
2025-11-18,60.0,60.0,60.0,60.0,3300,198000.0,0.0,0.0,0.0,0.0,769821.7,0.3,0.0,0.0
2025-11-19,60.1,60.1,60.1,60.1,400,24040.0,0.0,0.0,0.0,0.0,769821.7,0.3,0.0,0.0
2025-11-20,60.0,61.0,60.0,61.0,11100,677100.0,0.0,0.0,0.0,0.0,769821.7,0.3,0.0,0.0
2025-11-25,60.0,60.0,60.0,60.0,6600,396000.0,0.0,0.0,0.0,0.0,769821.7,0.3,0.0,0.0
2025-11-26,60.0,60.0,60.0,60.0,200,12000.0,0.0,0.0,0.0,0.0,769821.7,0.3,0.0,0.0
2025-11-27,60.0,61.0,60.0,61.0,1500,91500.0,0.0,0.0,0.0,0.0,769821.7,0.3,0.0,0.0
2025-11-28,60.0,60.5,56.0,60.5,17300,1046650.0,0.0,0.0,0.0,0.0,769771.7,0.3,0.0,0.0
2025-12-01,59.2,59.2,59.2,59.2,500,29600.0,0.0,0.0,0.0,0.0,769821.7,0.3,0.0,0.0
2025-12-02,60.0,60.0,60.0,60.0,26300,1578000.0,0.0,0.0,0.0,0.0,769821.7,0.3,0.0,0.0
2025-12-03,,0.0,0.0,0.0,0,0.0,0.0,0.0,0.0,0.0,769821.7,0.3,0.0,0.0
2025-12-04,60.0,61.0,54.1,61.0,2500,152500.0,0.0,0.0,0.0,0.0,769821.7,0.3,0.0,0.0
2025-12-05,61.0,65.0,61.0,65.0,6000,390000.0,0.0,0.0,0.0,0.0,769821.7,0.3,0.0,0.0
2025-12-08,70.1,70.1,61.0,61.0,1700,103700.0,0.0,0.0,0.0,0.0,769821.7,0.3,0.0,0.0
2025-12-10,60.0,60.0,59.5,59.5,400,23800.0,0.0,0.0,0.0,0.0,769821.7,0.3,0.0,0.0
2025-12-11,60.1,60.1,60.1,60.1,100,6010.0,0.0,0.0,0.0,0.0,769821.7,0.3,0.0,0.0
2025-12-12,60.0,60.0,60.0,60.0,1600,96000.0,0.0,0.0,0.0,0.0,769821.7,0.3,0.0,0.0
2025-12-15,60.0,60.0,59.0,59.0,2000,118000.0,0.0,0.0,0.0,0.0,769821.7,0.3,0.0,0.0
2025-12-23,59.0,59.0,54.1,54.1,1600,86560.0,0.0,10.0,0.0,5900.0,769821.7,0.3,0.0,0.01
2025-12-24,59.5,59.5,55.1,55.1,700,38570.0,0.0,0.0,0.0,0.0,769821.7,0.3,0.0,0.0
2025-12-25,54.3,60.5,54.3,57.6,2600,149760.0,0.0,0.0,0.0,0.0,769821.7,0.3,0.0,0.0
2025-12-26,63.3,63.3,57.2,63.2,2200,139040.0,0.0,0.0,0.0,0.0,769831.7,0.3,0.0,0.0
2025-12-29,63.2,63.2,57.2,59.1,36200,2139420.0,0.0,0.0,0.0,0.0,769801.7,0.3,0.0,0.0
2025-12-30,56.2,61.7,56.2,57.2,2100,120120.0,0.0,0.0,0.0,0.0,769831.7,0.3,0.0,0.0
2025-12-31,54.8,60.0,54.8,55.3,2300,127190.0,0.0,10.0,0.0,6000.0,769781.7,0.3,0.0,0.01
2026-01-05,52.2,60.8,52.2,60.8,200,12160.0,0.0,0.0,0.0,0.0,769831.7,0.3,0.0,0.0
2026-01-06,55.4,60.8,55.3,56.5,2400,135600.0,0.0,0.0,0.0,0.0,769831.7,0.3,0.0,0.0
2026-01-07,54.0,57.5,54.0,56.1,1600,89760.0,0.0,0.0,0.0,0.0,769841.7,0.3,0.0,0.0
2026-01-08,61.7,61.7,56.6,56.6,500,28300.0,0.0,0.0,0.0,0.0,769841.7,0.3,0.0,0.0
2026-01-09,58.0,60.0,58.0,59.3,1700,100810.0,0.0,0.0,0.0,0.0,769841.7,0.3,0.0,0.0
2026-01-12,,0.0,0.0,0.0,0,0.0,0.0,0.0,0.0,0.0,769841.7,0.3,0.0,0.0
2026-01-13,60.0,65.0,60.0,65.0,200,13000.0,0.0,0.0,0.0,0.0,769841.7,0.3,0.0,0.0
2026-01-14,65.0,70.1,65.0,70.1,1900,133190.0,0.0,0.0,0.0,0.0,769841.7,0.3,0.0,0.0
2026-01-15,,0.0,0.0,0.0,0,0.0,0.0,0.0,0.0,0.0,769841.7,0.3,0.0,0.0
2026-01-16,68.0,70.0,68.0,70.0,2100,147000.0,0.0,0.0,0.0,0.0,0.0,0.3,0.0,0.0
2026-01-19,70.0,72.0,68.0,68.0,7900,537200.0,0.0,30.0,0.0,20700.0,769791.7,0.3,0.0,0.02
2026-01-20,68.0,72.0,68.0,72.0,1100,79200.0,0.0,0.0,0.0,0.0,769841.7,0.3,0.0,0.0
2026-01-21,72.0,72.0,71.0,71.7,5500,394350.0,0.0,10.0,0.0,7180.0,769841.7,0.3,0.0,0.01
2026-01-22,71.8,71.8,71.5,71.5,200,14300.0,0.0,10.0,0.0,7180.0,769871.7,0.3,0.0,0.01
2026-01-23,66.4,71.1,66.4,71.1,200,14219.999999999998,0.0,0.0,0.0,0.0,769871.7,0.3,0.0,0.0
2026-01-26,66.0,70.9,64.0,64.0,1900,121600.0,0.0,0.0,0.0,0.0,769881.7,0.3,0.0,0.0
2026-01-27,69.9,69.9,68.8,68.8,300,20640.0,0.0,10.0,0.0,6880.0,769891.7,0.3,0.0,0.01
2026-01-28,69.0,69.0,63.2,63.2,2400,151680.0,0.0,0.0,0.0,0.0,769891.7,0.3,0.0,0.0
2026-01-29,,0.0,0.0,0.0,0,0.0,0.0,0.0,0.0,0.0,769891.7,0.3,0.0,0.0
2026-01-30,68.8,68.8,68.4,68.8,3100,213280.0,0.0,20.0,0.0,13760.0,769901.7,0.3,0.0,0.01
2026-02-02,68.8,68.8,62.3,62.3,1000,62300.0,0.0,0.0,0.0,0.0,769901.7,0.3,0.0,0.0
2026-02-03,68.2,68.2,62.5,62.5,900,56250.0,0.0,0.0,0.0,0.0,769901.7,0.3,0.0,0.0
2026-02-04,57.3,57.3,57.3,57.3,100,5730.0,0.0,0.0,0.0,0.0,769921.7,0.3,0.0,0.0
2026-02-05,63.0,63.0,63.0,63.0,2500,157500.0,0.0,0.0,0.0,0.0,769921.7,0.3,0.0,0.0
2026-02-06,68.8,68.8,61.0,61.0,200,12200.0,0.0,0.0,0.0,0.0,769921.7,0.3,0.0,0.0
2026-02-09,67.0,67.0,67.0,67.0,800,53600.0,0.0,0.0,0.0,0.0,769921.7,0.3,0.0,0.0
2026-02-10,65.0,65.0,65.0,65.0,200,13000.0,0.0,0.0,0.0,0.0,769891.7,0.3,0.0,0.0
2026-02-11,66.7,66.7,66.7,66.7,100,6670.0,0.0,0.0,0.0,0.0,769921.7,0.3,0.0,0.0
2026-02-12,,0.0,0.0,0.0,0,0.0,0.0,0.0,0.0,0.0,769921.7,0.3,0.0,0.0
2026-02-13,61.1,61.1,61.1,61.1,100,6110.0,0.0,0.0,0.0,0.0,769921.7,0.3,0.0,0.0
2026-02-23,67.1,67.1,67.1,67.1,100,6709.999999999999,0.0,0.0,0.0,0.0,769921.7,0.3,0.0,0.0
2026-02-24,69.3,69.3,60.7,60.7,500,30350.0,0.0,0.0,0.0,0.0,769921.7,0.3,0.0,0.0
2026-02-25,66.4,66.4,66.4,66.4,100,6640.000000000001,0.0,0.0,0.0,0.0,769921.7,0.3,0.0,0.0
2026-02-26,,0.0,0.0,0.0,0,0.0,0.0,0.0,0.0,0.0,769921.7,0.3,0.0,0.0
2026-02-27,66.0,69.7,65.9,66.4,500,33200.0,0.0,0.0,0.0,0.0,769921.7,0.3,0.0,0.0
2026-03-02,59.8,69.6,59.8,67.9,16000,1086400.0,0.0,0.0,0.0,0.0,769921.7,0.3,0.0,0.0
2026-03-03,62.1,62.1,62.1,62.1,100,6210.0,0.0,0.0,0.0,0.0,769921.7,0.3,0.0,0.0
2026-03-04,68.1,68.1,59.0,59.0,1400,82600.0,0.0,0.0,0.0,0.0,769921.7,0.3,0.0,0.0
2026-03-05,62.0,62.2,62.0,62.2,3000,186600.0,0.0,0.0,0.0,0.0,769921.7,0.3,0.0,0.0
2026-03-06,,0.0,0.0,0.0,0,0.0,0.0,0.0,0.0,0.0,769921.7,0.3,0.0,0.0
2026-03-09,62.2,62.2,56.6,60.0,3900,234000.0,0.0,0.0,0.0,0.0,769921.7,0.3,0.0,0.0
2026-03-10,,0.0,0.0,0.0,0,0.0,0.0,0.0,0.0,0.0,769921.7,0.3,0.0,0.0
2026-03-12,65.4,65.4,64.9,64.9,600,38940.0,0.0,0.0,0.0,0.0,769871.7,0.3,0.0,0.0
2026-03-13,,0.0,0.0,0.0,0,0.0,0.0,0.0,0.0,0.0,769871.7,0.3,0.0,0.0
2026-03-16,64.5,64.5,59.0,59.0,200,11800.0,0.0,0.0,0.0,0.0,769871.7,0.3,0.0,0.0
2026-03-17,,0.0,0.0,0.0,0,0.0,0.0,0.0,0.0,0.0,768871.7,0.3,0.0,0.0
2026-03-18,63.0,64.4,63.0,64.4,1000,64400.00000000001,0.0,0.0,0.0,0.0,767921.7,0.3,0.0,0.0
2026-03-19,64.2,64.4,64.2,64.4,900,57960.00000000001,90.0,0.0,57800.0,0.0,769681.7,0.3,0.06,0.0
2026-03-20,64.4,64.4,64.4,64.4,4000,257600.00000000003,400.0,0.0,257600.0,0.0,769431.7,0.3,0.26,0.0
2026-03-23,64.4,64.4,64.4,64.4,2000,128800.0,200.0,0.0,128800.0,0.0,768931.7,0.3,0.13,0.0
2026-03-24,64.4,64.4,60.6,60.6,4100,248460.0,400.0,0.0,256460.0,0.0,768831.7,0.3,0.26,0.0
2026-03-25,60.0,61.0,60.0,61.0,200,12200.0,0.0,0.0,0.0,0.0,768331.7,0.3,0.0,0.0
2026-03-26,61.0,61.0,61.0,61.0,3100,189100.0,0.0,0.0,0.0,0.0,768381.7,0.3,0.0,0.0
2026-03-27,65.0,66.0,62.0,62.0,2200,136400.0,0.0,0.0,0.0,0.0,768331.7,0.3,0.0,0.0
2026-03-30,,0.0,0.0,0.0,0,0.0,0.0,0.0,0.0,0.0,768431.7,0.3,0.0,0.0
2026-04-01,62.0,62.0,62.0,62.0,900,55800.0,900.0,0.0,0.06,0.0,0.0,0.3,0.06,0.0
2026-04-02,,0.0,0.0,0.0,0,0.0,0.0,0.0,0.0,0.0,768341.7,0.3,0.0,0.0
2026-04-06,65.0,65.0,65.0,65.0,500,32500.0,0.0,0.0,0.0,0.0,0.0,0.3,0.0,0.0
2026-04-08,65.0,65.0,65.0,65.0,700,45500.0,700.0,0.0,0.05,0.0,0.0,0.3,0.05,0.0
2026-04-13,65.0,65.0,65.0,65.0,10000,650000.0,1000.0,0.0,650000.0,0.0,767171.7,0.3,0.65,0.0
2026-04-15,65.0,65.0,62.1,62.1,5100,316710.0,500.0,0.0,325000.0,0.0,766161.7,0.3,0.32,0.0
2026-04-16,62.5,65.0,62.5,65.0,200,13000.0,0.0,0.0,0.0,0.0,765671.7,0.3,0.0,0.0
2026-04-17,63.0,63.0,63.0,63.0,100,6300.0,0.0,0.0,0.0,0.0,765671.7,0.3,0.0,0.0
2026-04-20,59.3,63.0,59.3,63.0,5100,321300.0,0.0,0.0,0.0,0.0,766171.7,,,
2026-04-21,,0.0,0.0,0.0,0,0.0,0.0,0.0,0.0,0.0,766121.7,,,
2026-04-22,66.0,66.0,66.0,66.0,1100,72600.0,0.0,0.0,0.0,0.0,765671.7,,,
2026-04-23,66.0,66.0,65.0,65.0,5200,338000.0,500.0,0.0,325100.0,0.0,765111.7,,,
2026-04-24,65.0,66.0,65.0,65.0,5500,357500.0,500.0,0.0,325000.0,0.0,765171.7,,,
2026-04-28,66.0,66.0,63.0,63.0,1200,75600.0,10.0,0.0,6300.0,0.0,765071.7,,,
2026-04-29,64.9,65.0,64.9,65.0,600,39000.0,0.0,0.0,0.0,0.0,765161.7,,,
2026-05-04,65.0,68.0,64.8,68.0,10500,714000.0,0,20,0.0,13460.0,765161.70,,,
