time,open,high,low,close,volume,value,foreign_buy_vol,foreign_sell_vol,foreign_buy_val,foreign_sell_val,foreign_room,foreign_ownership_pct,foreign_buy_value_bn,foreign_sell_value_bn
2016-07-29,5.099,5.099,5.099,5.099,0,0.0,,,,,,,,
2016-08-01,5.099,5.099,5.099,5.099,0,0.0,,,,,,,,
2016-08-02,5.099,5.099,5.099,5.099,0,0.0,,,,,,,,
2016-08-03,5.099,5.099,5.099,5.099,0,0.0,,,,,,,,
2016-08-04,5.099,5.099,5.099,5.099,0,0.0,,,,,,,,
2016-08-05,5.099,5.099,5.099,5.099,0,0.0,,,,,,,,
2016-08-08,5.099,5.099,5.099,5.099,0,0.0,,,,,,,,
2016-08-09,5.099,5.099,5.099,5.099,0,0.0,,,,,,,,
2016-08-10,5.099,5.099,5.099,5.099,0,0.0,,,,,,,,
2016-08-11,5.099,5.099,5.099,5.099,0,0.0,,,,,,,,
2016-08-12,5.099,5.099,5.099,5.099,0,0.0,,,,,,,,
2016-08-15,5.099,5.099,5.099,5.099,0,0.0,,,,,,,,
2016-08-16,5.099,5.099,5.099,5.099,0,0.0,,,,,,,,
2016-08-17,5.099,5.099,5.099,5.099,0,0.0,,,,,,,,
2016-08-18,5.099,5.099,5.099,5.099,0,0.0,,,,,,,,
2016-08-19,5.099,5.099,5.099,5.099,0,0.0,,,,,,,,
2016-08-22,5.099,5.099,5.099,5.099,0,0.0,,,,,,,,
2016-08-23,5.099,5.099,5.099,5.099,0,0.0,,,,,,,,
2016-08-24,5.099,5.099,5.099,5.099,0,0.0,,,,,,,,
2016-08-25,5.099,5.099,5.099,5.099,0,0.0,,,,,,,,
2016-08-26,5.099,5.099,5.099,5.099,0,0.0,,,,,,,,
2016-08-29,5.099,5.099,5.099,5.099,0,0.0,,,,,,,,
2016-08-30,5.099,5.099,5.099,5.099,0,0.0,,,,,,,,
2016-08-31,5.099,5.099,5.099,5.099,0,0.0,,,,,,,,
2016-09-01,5.099,5.099,5.099,5.099,0,0.0,,,,,,,,
2016-09-05,5.099,5.099,5.099,5.099,0,0.0,,,,,,,,
2016-09-06,5.099,5.099,5.099,5.099,0,0.0,,,,,,,,
2016-09-07,5.099,5.099,5.099,5.099,0,0.0,,,,,,,,
2016-09-08,5.099,5.099,5.099,5.099,0,0.0,,,,,,,,
2016-09-09,5.099,5.099,5.099,5.099,0,0.0,,,,,,,,
2016-09-12,5.099,5.099,5.099,5.099,0,0.0,,,,,,,,
2016-09-13,5.099,5.099,5.099,5.099,0,0.0,,,,,,,,
2016-09-14,5.099,5.099,5.099,5.099,0,0.0,,,,,,,,
2016-09-15,5.099,5.099,5.099,5.099,0,0.0,,,,,,,,
2016-09-16,5.099,5.099,5.099,5.099,0,0.0,,,,,,,,
2016-09-19,5.099,5.099,5.099,5.099,0,0.0,,,,,,,,
2016-09-20,5.099,5.099,5.099,5.099,0,0.0,,,,,,,,
2016-09-21,5.099,5.099,5.099,5.099,0,0.0,,,,,,,,
2016-09-22,5.099,5.099,5.099,5.099,0,0.0,,,,,,,,
2016-09-23,5.099,5.099,5.099,5.099,0,0.0,,,,,,,,
2016-09-26,5.099,5.099,5.099,5.099,0,0.0,,,,,,,,
2016-09-27,5.099,5.099,5.099,5.099,0,0.0,,,,,,,,
2016-09-28,5.099,5.099,5.099,5.099,0,0.0,,,,,,,,
2016-09-29,5.099,5.099,5.099,5.099,0,0.0,,,,,,,,
2016-09-30,5.099,5.099,5.099,5.099,0,0.0,,,,,,,,
2016-10-03,5.099,5.099,5.099,5.099,0,0.0,,,,,,,,
2016-10-04,5.099,5.099,5.099,5.099,0,0.0,,,,,,,,
2016-10-05,5.099,5.099,5.099,5.099,0,0.0,,,,,,,,
2016-10-06,5.099,5.099,5.099,5.099,0,0.0,,,,,,,,
2016-10-07,5.099,5.099,5.099,5.099,0,0.0,,,,,,,,
2016-10-10,5.099,5.099,5.099,5.099,0,0.0,,,,,,,,
2016-10-11,5.099,5.099,5.099,5.099,0,0.0,,,,,,,,
2016-10-12,5.099,5.099,5.099,5.099,0,0.0,,,,,,,,
2016-10-13,5.099,5.099,5.099,5.099,0,0.0,,,,,,,,
2016-10-14,5.099,5.099,5.099,5.099,0,0.0,,,,,,,,
2016-10-17,5.099,5.099,5.099,5.099,0,0.0,,,,,,,,
2016-10-18,5.099,5.099,5.099,5.099,0,0.0,,,,,,,,
2016-10-19,5.099,5.099,5.099,5.099,0,0.0,,,,,,,,
2016-10-20,5.099,5.099,5.099,5.099,0,0.0,,,,,,,,
2016-10-21,5.099,5.099,5.099,5.099,0,0.0,,,,,,,,
2016-10-24,5.099,5.099,5.099,5.099,0,0.0,,,,,,,,
2016-10-25,5.099,5.099,5.099,5.099,0,0.0,,,,,,,,
2016-10-26,5.099,5.099,5.099,5.099,0,0.0,,,,,,,,
2016-10-27,5.099,5.099,5.099,5.099,0,0.0,,,,,,,,
2016-10-28,5.099,5.099,5.099,5.099,0,0.0,,,,,,,,
2016-10-31,5.099,5.099,5.099,5.099,0,0.0,,,,,,,,
2016-11-01,5.099,5.099,5.099,5.099,0,0.0,,,,,,,,
2016-11-02,5.099,5.099,5.099,5.099,0,0.0,,,,,,,,
2016-11-03,5.099,5.099,5.099,5.099,0,0.0,,,,,,,,
2016-11-04,5.099,5.099,5.099,5.099,0,0.0,,,,,,,,
2016-11-07,5.099,5.099,5.099,5.099,0,0.0,,,,,,,,
2016-11-08,5.099,5.099,5.099,5.099,0,0.0,,,,,,,,
2016-11-09,5.099,5.099,5.099,5.099,0,0.0,,,,,,,,
2016-11-10,5.099,5.099,5.099,5.099,0,0.0,,,,,,,,
2016-11-11,5.099,5.099,5.099,5.099,0,0.0,,,,,,,,
2016-11-14,5.099,5.099,5.099,5.099,0,0.0,,,,,,,,
2016-11-15,5.099,5.099,5.099,5.099,0,0.0,,,,,,,,
2016-11-16,4.371,4.371,4.371,4.371,100,437.1,,,,,,,,
2016-11-17,4.371,4.371,4.371,4.371,0,0.0,,,,,,,,
2016-11-18,4.371,4.371,4.371,4.371,0,0.0,,,,,,,,
2016-11-21,4.371,4.371,4.371,4.371,0,0.0,,,,,,,,
2016-11-22,4.043,4.043,4.043,4.043,100,404.3,,,,,,,,
2016-11-23,4.043,4.043,4.043,4.043,0,0.0,,,,,,,,
2016-11-24,4.043,4.043,4.043,4.043,0,0.0,,,,,,,,
2016-11-25,4.043,4.043,4.043,4.043,0,0.0,,,,,,,,
2016-11-28,4.043,4.043,4.043,4.043,0,0.0,,,,,,,,
2016-11-29,4.043,4.043,4.043,4.043,0,0.0,,,,,,,,
2016-11-30,4.043,4.043,4.043,4.043,0,0.0,,,,,,,,
2016-12-01,4.043,4.043,4.043,4.043,0,0.0,,,,,,,,
2016-12-02,4.043,4.043,4.043,4.043,0,0.0,,,,,,,,
2016-12-05,4.043,4.043,4.043,4.043,0,0.0,,,,,,,,
2016-12-06,4.043,4.043,4.043,4.043,0,0.0,,,,,,,,
2016-12-07,4.043,4.043,4.043,4.043,0,0.0,,,,,,,,
2016-12-08,4.043,4.043,4.043,4.043,0,0.0,,,,,,,,
2016-12-09,4.043,4.043,4.043,4.043,0,0.0,,,,,,,,
2016-12-12,4.043,4.043,4.043,4.043,0,0.0,,,,,,,,
2016-12-13,4.043,4.043,4.043,4.043,0,0.0,,,,,,,,
2016-12-14,4.043,4.043,4.043,4.043,0,0.0,,,,,,,,
2016-12-15,4.043,4.043,4.043,4.043,0,0.0,,,,,,,,
2016-12-16,4.043,4.043,4.043,4.043,0,0.0,,,,,,,,
2016-12-19,4.043,4.043,4.043,4.043,0,0.0,,,,,,,,
2016-12-20,4.043,4.043,4.043,4.043,0,0.0,,,,,,,,
2016-12-21,4.043,4.043,4.043,4.043,0,0.0,,,,,,,,
2016-12-22,4.043,4.043,4.043,4.043,0,0.0,,,,,,,,
2016-12-23,4.043,4.043,4.043,4.043,0,0.0,,,,,,,,
2016-12-26,4.043,4.043,4.043,4.043,0,0.0,,,,,,,,
2016-12-27,4.043,4.043,4.043,4.043,0,0.0,,,,,,,,
2016-12-28,4.043,4.043,4.043,4.043,0,0.0,,,,,,,,
2016-12-29,4.043,4.043,4.043,4.043,0,0.0,,,,,,,,
2016-12-30,4.043,4.043,4.043,4.043,0,0.0,,,,,,,,
2017-01-03,4.043,4.043,4.043,4.043,0,0.0,,,,,,,,
2017-01-04,4.043,4.043,4.043,4.043,0,0.0,,,,,,,,
2017-01-05,4.043,4.043,4.043,4.043,0,0.0,,,,,,,,
2017-01-06,4.043,4.043,4.043,4.043,0,0.0,,,,,,,,
2017-01-09,4.043,4.043,4.043,4.043,0,0.0,,,,,,,,
2017-01-10,4.043,4.043,4.043,4.043,0,0.0,,,,,,,,
2017-01-11,4.043,4.043,4.043,4.043,0,0.0,,,,,,,,
2017-01-12,4.043,4.043,4.043,4.043,0,0.0,,,,,,,,
2017-01-13,4.043,4.043,4.043,4.043,0,0.0,,,,,,,,
2017-01-16,4.043,4.043,4.043,4.043,0,0.0,,,,,,,,
2017-01-17,4.043,4.043,4.043,4.043,0,0.0,,,,,,,,
2017-01-18,4.043,4.043,4.043,4.043,0,0.0,,,,,,,,
2017-01-19,4.043,4.043,4.043,4.043,0,0.0,,,,,,,,
2017-01-20,4.043,4.043,4.043,4.043,0,0.0,,,,,,,,
2017-01-23,4.043,4.043,4.043,4.043,0,0.0,,,,,,,,
2017-01-24,4.043,4.043,4.043,4.043,100,404.3,,,,,,,,
2017-01-25,4.043,4.043,4.043,4.043,0,0.0,,,,,,,,
2017-02-02,4.043,4.043,4.043,4.043,0,0.0,,,,,,,,
2017-02-03,4.043,4.043,4.043,4.043,0,0.0,,,,,,,,
2017-02-06,4.043,4.043,4.043,4.043,0,0.0,,,,,,,,
2017-02-07,4.043,4.043,4.043,4.043,0,0.0,,,,,,,,
2017-02-08,4.043,4.043,4.043,4.043,0,0.0,,,,,,,,
2017-02-09,4.043,4.043,4.043,4.043,0,0.0,,,,,,,,
2017-02-10,4.043,4.043,4.043,4.043,100,404.3,,,,,,,,
2017-02-13,4.043,4.043,4.043,4.043,0,0.0,,,,,,,,
2017-02-14,4.043,4.043,4.043,4.043,0,0.0,,,,,,,,
2017-02-15,4.043,4.043,4.043,4.043,0,0.0,,,,,,,,
2017-02-16,4.043,4.043,4.043,4.043,0,0.0,,,,,,,,
2017-02-17,4.043,4.043,4.043,4.043,0,0.0,,,,,,,,
2017-02-20,4.043,4.043,4.043,4.043,0,0.0,,,,,,,,
2017-02-21,4.043,4.043,4.043,4.043,0,0.0,,,,,,,,
2017-02-22,4.043,4.043,4.043,4.043,0,0.0,,,,,,,,
2017-02-23,4.043,4.043,4.043,4.043,0,0.0,,,,,,,,
2017-02-24,4.043,4.043,4.043,4.043,0,0.0,,,,,,,,
2017-02-27,4.043,4.043,4.043,4.043,0,0.0,,,,,,,,
2017-02-28,4.043,4.043,4.043,4.043,0,0.0,,,,,,,,
2017-03-01,4.043,4.043,4.043,4.043,0,0.0,,,,,,,,
2017-03-02,4.043,4.043,4.043,4.043,0,0.0,,,,,,,,
2017-03-03,4.043,4.043,4.043,4.043,0,0.0,,,,,,,,
2017-03-06,4.043,4.043,4.043,4.043,0,0.0,,,,,,,,
2017-03-07,4.043,4.043,4.043,4.043,0,0.0,,,,,,,,
2017-03-08,4.043,4.043,4.043,4.043,0,0.0,,,,,,,,
2017-03-09,4.043,4.043,4.043,4.043,0,0.0,,,,,,,,
2017-03-10,4.043,4.043,4.043,4.043,0,0.0,,,,,,,,
2017-03-13,4.043,4.043,4.043,4.043,0,0.0,,,,,,,,
2017-03-14,4.043,4.043,4.043,4.043,0,0.0,,,,,,,,
2017-03-15,4.043,4.043,4.043,4.043,0,0.0,,,,,,,,
2017-03-16,4.043,4.043,4.043,4.043,0,0.0,,,,,,,,
2017-03-17,4.043,4.043,4.043,4.043,0,0.0,,,,,,,,
2017-03-20,4.043,4.043,4.043,4.043,0,0.0,,,,,,,,
2017-03-21,4.043,4.043,4.043,4.043,0,0.0,,,,,,,,
2017-03-22,4.043,4.043,4.043,4.043,0,0.0,,,,,,,,
2017-03-23,4.043,4.043,4.043,4.043,0,0.0,,,,,,,,
2017-03-24,4.043,4.043,4.043,4.043,0,0.0,,,,,,,,
2017-03-27,4.043,4.043,4.043,4.043,0,0.0,,,,,,,,
2017-03-28,4.043,4.043,4.043,4.043,0,0.0,,,,,,,,
2017-03-29,4.043,4.043,4.043,4.043,0,0.0,,,,,,,,
2017-03-30,4.043,4.043,4.043,4.043,0,0.0,,,,,,,,
2017-03-31,4.043,4.043,4.043,4.043,0,0.0,,,,,,,,
2017-04-03,4.043,4.043,4.043,4.043,0,0.0,,,,,,,,
2017-04-04,4.043,4.043,4.043,4.043,0,0.0,,,,,,,,
2017-04-05,4.043,4.043,4.043,4.043,0,0.0,,,,,,,,
2017-04-07,4.043,4.043,4.043,4.043,0,0.0,,,,,,,,
2017-04-10,4.043,4.043,4.043,4.043,0,0.0,,,,,,,,
2017-04-11,4.043,4.043,4.043,4.043,0,0.0,,,,,,,,
2017-04-12,4.043,4.043,4.043,4.043,0,0.0,,,,,,,,
2017-04-13,4.043,4.043,4.043,4.043,0,0.0,,,,,,,,
2017-04-14,4.043,4.043,4.043,4.043,0,0.0,,,,,,,,
2017-04-17,4.043,4.043,4.043,4.043,0,0.0,,,,,,,,
2017-04-18,4.043,4.043,4.043,4.043,0,0.0,,,,,,,,
2017-04-19,4.043,4.043,4.043,4.043,0,0.0,,,,,,,,
2017-04-20,4.043,4.043,4.043,4.043,0,0.0,,,,,,,,
2017-04-21,4.043,4.043,4.043,4.043,0,0.0,,,,,,,,
2017-04-24,4.043,4.043,4.043,4.043,0,0.0,,,,,,,,
2017-04-25,4.043,4.043,4.043,4.043,0,0.0,,,,,,,,
2017-04-26,4.043,4.043,4.043,4.043,0,0.0,,,,,,,,
2017-04-27,4.043,4.043,4.043,4.043,0,0.0,,,,,,,,
2017-04-28,4.043,4.043,4.043,4.043,0,0.0,,,,,,,,
2017-05-03,4.043,4.043,4.043,4.043,0,0.0,,,,,,,,
2017-05-04,4.043,4.043,4.043,4.043,0,0.0,,,,,,,,
2017-05-05,4.043,4.043,4.043,4.043,0,0.0,,,,,,,,
2017-05-08,4.043,4.043,4.043,4.043,0,0.0,,,,,,,,
2017-05-09,4.043,4.043,4.043,4.043,0,0.0,,,,,,,,
2017-05-10,4.043,4.043,4.043,4.043,0,0.0,,,,,,,,
2017-05-11,4.043,4.043,4.043,4.043,0,0.0,,,,,,,,
2017-05-12,4.043,4.043,4.043,4.043,0,0.0,,,,,,,,
2017-05-15,4.043,4.043,4.043,4.043,0,0.0,,,,,,,,
2017-05-16,4.043,4.043,4.043,4.043,0,0.0,,,,,,,,
2017-05-17,4.043,4.043,4.043,4.043,0,0.0,,,,,,,,
2017-05-18,4.043,4.043,4.043,4.043,0,0.0,,,,,,,,
2017-05-19,4.043,4.043,4.043,4.043,0,0.0,,,,,,,,
2017-05-22,4.043,4.043,4.043,4.043,0,0.0,,,,,,,,
2017-05-23,4.043,4.043,4.043,4.043,0,0.0,,,,,,,,
2017-05-24,4.043,4.043,4.043,4.043,0,0.0,,,,,,,,
2017-05-25,4.043,4.043,4.043,4.043,0,0.0,,,,,,,,
2017-05-26,4.043,4.043,4.043,4.043,0,0.0,,,,,,,,
2017-05-29,4.043,4.043,4.043,4.043,0,0.0,,,,,,,,
2017-05-30,4.043,4.043,4.043,4.043,0,0.0,,,,,,,,
2017-05-31,4.043,4.043,4.043,4.043,0,0.0,,,,,,,,
2017-06-01,4.043,4.043,4.043,4.043,0,0.0,,,,,,,,
2017-06-02,4.043,4.043,4.043,4.043,0,0.0,,,,,,,,
2017-06-05,4.043,4.043,4.043,4.043,0,0.0,,,,,,,,
2017-06-06,4.043,4.043,4.043,4.043,0,0.0,,,,,,,,
2017-06-07,4.043,4.043,4.043,4.043,0,0.0,,,,,,,,
2017-06-08,4.043,4.043,4.043,4.043,0,0.0,,,,,,,,
2017-06-09,4.043,4.043,4.043,4.043,0,0.0,,,,,,,,
2017-06-12,4.043,4.043,4.043,4.043,0,0.0,,,,,,,,
2017-06-13,4.043,4.043,4.043,4.043,0,0.0,,,,,,,,
2017-06-14,4.043,4.043,4.043,4.043,0,0.0,,,,,,,,
2017-06-15,4.043,4.043,4.043,4.043,0,0.0,,,,,,,,
2017-06-16,4.043,4.043,4.043,4.043,0,0.0,,,,,,,,
2017-06-19,4.043,4.043,4.043,4.043,0,0.0,,,,,,,,
2017-06-20,4.043,4.043,4.043,4.043,0,0.0,,,,,,,,
2017-06-21,4.043,4.043,4.043,4.043,0,0.0,,,,,,,,
2017-06-22,4.043,4.043,4.043,4.043,0,0.0,,,,,,,,
2017-06-23,4.043,4.043,4.043,4.043,0,0.0,,,,,,,,
2017-06-26,4.043,4.043,4.043,4.043,0,0.0,,,,,,,,
2017-06-27,4.043,4.043,4.043,4.043,0,0.0,,,,,,,,
2017-06-28,4.043,4.043,4.043,4.043,0,0.0,,,,,,,,
2017-06-29,4.043,4.043,4.043,4.043,0,0.0,,,,,,,,
2017-06-30,4.043,4.043,4.043,4.043,0,0.0,,,,,,,,
2017-07-03,4.043,4.043,4.043,4.043,0,0.0,,,,,,,,
2017-07-04,4.043,4.043,4.043,4.043,0,0.0,,,,,,,,
2017-07-05,4.043,4.043,4.043,4.043,0,0.0,,,,,,,,
2017-07-06,4.043,4.043,4.043,4.043,0,0.0,,,,,,,,
2017-07-07,4.043,4.043,4.043,4.043,0,0.0,,,,,,,,
2017-07-10,4.043,4.043,4.043,4.043,0,0.0,,,,,,,,
2017-07-11,4.043,4.043,4.043,4.043,0,0.0,,,,,,,,
2017-07-12,4.043,4.043,4.043,4.043,0,0.0,,,,,,,,
2017-07-13,4.043,4.043,4.043,4.043,0,0.0,,,,,,,,
2017-07-14,4.043,4.043,4.043,4.043,0,0.0,,,,,,,,
2017-07-17,4.043,4.043,4.043,4.043,0,0.0,,,,,,,,
2017-07-18,4.043,4.043,4.043,4.043,0,0.0,,,,,,,,
2017-07-19,4.043,4.043,4.043,4.043,0,0.0,,,,,,,,
2017-07-20,4.043,4.043,4.043,4.043,0,0.0,,,,,,,,
2017-07-21,4.043,4.043,4.043,4.043,0,0.0,,,,,,,,
2017-07-24,4.043,4.043,4.043,4.043,0,0.0,,,,,,,,
2017-07-25,4.043,4.043,4.043,4.043,0,0.0,,,,,,,,
2017-07-26,4.043,4.043,4.043,4.043,0,0.0,,,,,,,,
2017-07-27,4.043,4.043,4.043,4.043,0,0.0,,,,,,,,
2017-07-28,4.043,4.043,4.043,4.043,0,0.0,,,,,,,,
2017-07-31,4.043,4.043,4.043,4.043,0,0.0,,,,,,,,
2017-08-01,4.043,4.043,4.043,4.043,0,0.0,,,,,,,,
2017-08-02,4.043,4.043,4.043,4.043,0,0.0,,,,,,,,
2017-08-03,4.043,4.043,4.043,4.043,0,0.0,,,,,,,,
2017-08-04,4.043,4.043,4.043,4.043,0,0.0,,,,,,,,
2017-08-07,4.043,4.043,4.043,4.043,0,0.0,,,,,,,,
2017-08-08,4.043,4.043,4.043,4.043,0,0.0,,,,,,,,
2017-08-09,4.043,4.043,4.043,4.043,0,0.0,,,,,,,,
2017-08-10,4.043,4.043,4.043,4.043,0,0.0,,,,,,,,
2017-08-11,4.043,4.043,4.043,4.043,0,0.0,,,,,,,,
2017-08-14,4.043,4.043,4.043,4.043,0,0.0,,,,,,,,
2017-08-15,4.043,4.043,4.043,4.043,0,0.0,,,,,,,,
2017-08-16,4.043,4.043,4.043,4.043,0,0.0,,,,,,,,
2017-08-17,4.043,4.043,4.043,4.043,0,0.0,,,,,,,,
2017-08-18,4.043,4.043,4.043,4.043,0,0.0,,,,,,,,
2017-08-21,4.043,4.043,4.043,4.043,0,0.0,,,,,,,,
2017-08-22,4.043,4.043,4.043,4.043,0,0.0,,,,,,,,
2017-08-23,4.043,4.043,4.043,4.043,0,0.0,,,,,,,,
2017-08-24,4.043,4.043,4.043,4.043,0,0.0,,,,,,,,
2017-08-25,4.043,4.043,4.043,4.043,0,0.0,,,,,,,,
2017-08-28,4.043,4.043,4.043,4.043,0,0.0,,,,,,,,
2017-08-29,4.043,4.043,4.043,4.043,0,0.0,,,,,,,,
2017-08-30,4.043,4.043,4.043,4.043,0,0.0,,,,,,,,
2017-08-31,4.043,4.043,4.043,4.043,0,0.0,,,,,,,,
2017-09-01,4.043,4.043,4.043,4.043,0,0.0,,,,,,,,
2017-09-05,4.043,4.043,4.043,4.043,0,0.0,,,,,,,,
2017-09-06,4.043,4.043,4.043,4.043,0,0.0,,,,,,,,
2017-09-07,4.043,4.043,4.043,4.043,0,0.0,,,,,,,,
2017-09-08,4.043,4.043,4.043,4.043,0,0.0,,,,,,,,
2017-09-11,4.043,4.043,4.043,4.043,0,0.0,,,,,,,,
2017-09-12,4.043,4.043,4.043,4.043,0,0.0,,,,,,,,
2017-09-13,4.043,4.043,4.043,4.043,0,0.0,,,,,,,,
2017-09-14,4.043,4.043,4.043,4.043,0,0.0,,,,,,,,
2017-09-15,4.043,4.043,4.043,4.043,0,0.0,,,,,,,,
2017-09-18,4.043,4.043,4.043,4.043,0,0.0,,,,,,,,
2017-09-19,4.043,4.043,4.043,4.043,0,0.0,,,,,,,,
2017-09-20,4.043,4.043,4.043,4.043,0,0.0,,,,,,,,
2017-09-21,4.043,4.043,4.043,4.043,0,0.0,,,,,,,,
2017-09-22,4.043,4.043,4.043,4.043,0,0.0,,,,,,,,
2017-09-25,4.043,4.043,4.043,4.043,0,0.0,,,,,,,,
2017-09-26,4.043,4.043,4.043,4.043,0,0.0,,,,,,,,
2017-09-27,4.043,4.043,4.043,4.043,0,0.0,,,,,,,,
2017-09-28,4.043,4.043,4.043,4.043,0,0.0,,,,,,,,
2017-09-29,4.043,4.043,4.043,4.043,0,0.0,,,,,,,,
2017-10-02,4.043,4.043,4.043,4.043,0,0.0,,,,,,,,
2017-10-03,4.043,4.043,4.043,4.043,0,0.0,,,,,,,,
2017-10-04,4.043,4.043,4.043,4.043,0,0.0,,,,,,,,
2017-10-05,4.043,4.043,4.043,4.043,0,0.0,,,,,,,,
2017-10-06,4.043,4.043,4.043,4.043,0,0.0,,,,,,,,
2017-10-09,4.043,4.043,4.043,4.043,0,0.0,,,,,,,,
2017-10-10,4.043,4.043,4.043,4.043,0,0.0,,,,,,,,
2017-10-11,4.043,4.043,4.043,4.043,0,0.0,,,,,,,,
2017-10-12,4.043,4.043,4.043,4.043,0,0.0,,,,,,,,
2017-10-13,4.043,4.043,4.043,4.043,0,0.0,,,,,,,,
2017-10-16,4.043,4.043,4.043,4.043,0,0.0,,,,,,,,
2017-10-17,4.043,4.043,4.043,4.043,0,0.0,,,,,,,,
2017-10-18,4.043,4.043,4.043,4.043,0,0.0,,,,,,,,
2017-10-19,4.043,4.043,4.043,4.043,0,0.0,,,,,,,,
2017-10-20,4.043,4.043,4.043,4.043,0,0.0,,,,,,,,
2017-10-23,4.043,4.043,4.043,4.043,0,0.0,,,,,,,,
2017-10-24,4.043,4.043,4.043,4.043,0,0.0,,,,,,,,
2017-10-25,4.043,4.043,4.043,4.043,0,0.0,,,,,,,,
2017-10-26,4.043,4.043,4.043,4.043,0,0.0,,,,,,,,
2017-10-27,4.043,4.043,4.043,4.043,0,0.0,,,,,,,,
2017-10-30,4.043,4.043,4.043,4.043,0,0.0,,,,,,,,
2017-10-31,4.043,4.043,4.043,4.043,0,0.0,,,,,,,,
2017-11-01,4.043,4.043,4.043,4.043,0,0.0,,,,,,,,
2017-11-02,4.043,4.043,4.043,4.043,0,0.0,,,,,,,,
2017-11-03,4.043,4.043,4.043,4.043,0,0.0,,,,,,,,
2017-11-06,4.043,4.043,4.043,4.043,0,0.0,,,,,,,,
2017-11-07,4.043,4.043,4.043,4.043,0,0.0,,,,,,,,
2017-11-08,4.043,4.043,4.043,4.043,0,0.0,,,,,,,,
2017-11-09,4.043,4.043,4.043,4.043,0,0.0,,,,,,,,
2017-11-10,4.043,4.043,4.043,4.043,0,0.0,,,,,,,,
2017-11-13,4.043,4.043,4.043,4.043,0,0.0,,,,,,,,
2017-11-14,4.043,4.043,4.043,4.043,0,0.0,,,,,,,,
2017-11-15,4.043,4.043,4.043,4.043,0,0.0,,,,,,,,
2017-11-16,4.043,4.043,4.043,4.043,0,0.0,,,,,,,,
2017-11-17,4.043,4.043,4.043,4.043,0,0.0,,,,,,,,
2017-11-20,4.043,4.043,4.043,4.043,0,0.0,,,,,,,,
2017-11-21,4.043,4.043,4.043,4.043,0,0.0,,,,,,,,
2017-11-22,4.043,4.043,4.043,4.043,0,0.0,,,,,,,,
2017-11-23,4.043,4.043,4.043,4.043,0,0.0,,,,,,,,
2017-11-24,4.043,4.043,4.043,4.043,0,0.0,,,,,,,,
2017-11-27,4.043,4.043,4.043,4.043,0,0.0,,,,,,,,
2017-11-28,4.043,4.043,4.043,4.043,0,0.0,,,,,,,,
2017-11-29,4.043,4.043,4.043,4.043,0,0.0,,,,,,,,
2017-11-30,4.043,4.043,4.043,4.043,0,0.0,,,,,,,,
2017-12-01,4.043,4.043,4.043,4.043,0,0.0,,,,,,,,
2017-12-04,4.043,4.043,4.043,4.043,0,0.0,,,,,,,,
2017-12-05,4.043,4.043,4.043,4.043,0,0.0,,,,,,,,
2017-12-06,4.043,4.043,4.043,4.043,0,0.0,,,,,,,,
2017-12-07,4.043,4.043,4.043,4.043,0,0.0,,,,,,,,
2017-12-08,4.043,4.043,4.043,4.043,0,0.0,,,,,,,,
2017-12-11,4.043,4.043,4.043,4.043,0,0.0,,,,,,,,
2017-12-12,4.043,4.043,4.043,4.043,0,0.0,,,,,,,,
2017-12-13,4.043,4.043,4.043,4.043,0,0.0,,,,,,,,
2017-12-14,4.043,4.043,4.043,4.043,0,0.0,,,,,,,,
2017-12-15,4.043,4.043,4.043,4.043,0,0.0,,,,,,,,
2017-12-18,4.043,4.043,4.043,4.043,0,0.0,,,,,,,,
2017-12-19,4.043,4.043,4.043,4.043,0,0.0,,,,,,,,
2017-12-20,4.043,4.043,4.043,4.043,0,0.0,,,,,,,,
2017-12-21,4.043,4.043,4.043,4.043,0,0.0,,,,,,,,
2017-12-22,4.043,4.043,4.043,4.043,0,0.0,,,,,,,,
2017-12-25,4.043,4.043,4.043,4.043,0,0.0,,,,,,,,
2017-12-26,4.043,4.043,4.043,4.043,0,0.0,,,,,,,,
2017-12-27,4.043,4.043,4.043,4.043,0,0.0,,,,,,,,
2017-12-28,4.043,4.043,4.043,4.043,0,0.0,,,,,,,,
2017-12-29,4.043,4.043,4.043,4.043,0,0.0,,,,,,,,
2018-01-02,4.043,4.043,4.043,4.043,0,0.0,0.0,0.0,0.0,0.0,,0.0,0.0,0.0
2018-01-03,4.043,4.043,4.043,4.043,0,0.0,0.0,0.0,0.0,0.0,,0.0,0.0,0.0
2018-01-04,4.043,4.043,4.043,4.043,0,0.0,0.0,0.0,0.0,0.0,,0.0,0.0,0.0
2018-01-05,4.043,4.043,4.043,4.043,0,0.0,0.0,0.0,0.0,0.0,,0.0,0.0,0.0
2018-01-08,4.043,4.043,4.043,4.043,0,0.0,0.0,0.0,0.0,0.0,,0.0,0.0,0.0
2018-01-09,4.043,4.043,4.043,4.043,0,0.0,0.0,0.0,0.0,0.0,,0.0,0.0,0.0
2018-01-10,4.043,4.043,4.043,4.043,0,0.0,0.0,0.0,0.0,0.0,,0.0,0.0,0.0
2018-01-11,4.043,4.043,4.043,4.043,0,0.0,0.0,0.0,0.0,0.0,,0.0,0.0,0.0
2018-01-12,4.043,4.043,4.043,4.043,0,0.0,0.0,0.0,0.0,0.0,,0.0,0.0,0.0
2018-01-15,4.043,4.043,4.043,4.043,0,0.0,0.0,0.0,0.0,0.0,,0.0,0.0,0.0
2018-01-16,4.043,4.043,4.043,4.043,0,0.0,0.0,0.0,0.0,0.0,,0.0,0.0,0.0
2018-01-17,4.043,4.043,4.043,4.043,0,0.0,0.0,0.0,0.0,0.0,,0.0,0.0,0.0
2018-01-18,4.043,4.043,4.043,4.043,0,0.0,0.0,0.0,0.0,0.0,,0.0,0.0,0.0
2018-01-19,4.043,4.043,4.043,4.043,0,0.0,0.0,0.0,0.0,0.0,,0.0,0.0,0.0
2018-01-22,4.043,4.043,4.043,4.043,0,0.0,0.0,0.0,0.0,0.0,,0.0,0.0,0.0
2018-01-23,4.043,4.043,4.043,4.043,0,0.0,0.0,0.0,0.0,0.0,,0.0,0.0,0.0
2018-01-24,4.043,4.043,4.043,4.043,0,0.0,0.0,0.0,0.0,0.0,,0.0,0.0,0.0
2018-01-25,4.043,4.043,4.043,4.043,0,0.0,0.0,0.0,0.0,0.0,,0.0,0.0,0.0
2018-01-26,4.043,4.043,4.043,4.043,0,0.0,0.0,0.0,0.0,0.0,,0.0,0.0,0.0
2018-01-29,4.043,4.043,4.043,4.043,0,0.0,0.0,0.0,0.0,0.0,,0.0,0.0,0.0
2018-01-30,4.043,4.043,4.043,4.043,0,0.0,0.0,0.0,0.0,0.0,,0.0,0.0,0.0
2018-01-31,4.043,4.043,4.043,4.043,0,0.0,0.0,0.0,0.0,0.0,,0.0,0.0,0.0
2018-02-01,4.043,4.043,4.043,4.043,0,0.0,0.0,0.0,0.0,0.0,,0.0,0.0,0.0
2018-02-02,4.043,4.043,4.043,4.043,0,0.0,0.0,0.0,0.0,0.0,,0.0,0.0,0.0
2018-02-05,4.043,4.043,4.043,4.043,0,0.0,0.0,0.0,0.0,0.0,,0.0,0.0,0.0
2018-02-06,4.043,4.043,4.043,4.043,0,0.0,0.0,0.0,0.0,0.0,,0.0,0.0,0.0
2018-02-07,4.043,4.043,4.043,4.043,0,0.0,0.0,0.0,0.0,0.0,,0.0,0.0,0.0
2018-02-08,4.043,4.043,4.043,4.043,0,0.0,0.0,0.0,0.0,0.0,,0.0,0.0,0.0
2018-02-09,4.043,4.043,4.043,4.043,0,0.0,0.0,0.0,0.0,0.0,,0.0,0.0,0.0
2018-02-12,4.043,4.043,4.043,4.043,0,0.0,0.0,0.0,0.0,0.0,,0.0,0.0,0.0
2018-02-13,4.043,4.043,4.043,4.043,0,0.0,0.0,0.0,0.0,0.0,,0.0,0.0,0.0
2018-02-21,4.043,4.043,4.043,4.043,0,0.0,0.0,0.0,0.0,0.0,,0.0,0.0,0.0
2018-02-22,4.043,4.043,4.043,4.043,0,0.0,0.0,0.0,0.0,0.0,,0.0,0.0,0.0
2018-02-23,4.043,4.043,4.043,4.043,0,0.0,0.0,0.0,0.0,0.0,,0.0,0.0,0.0
2018-02-26,4.043,4.043,4.043,4.043,0,0.0,0.0,0.0,0.0,0.0,,0.0,0.0,0.0
2018-02-27,4.043,4.043,4.043,4.043,0,0.0,0.0,0.0,0.0,0.0,,0.0,0.0,0.0
2018-02-28,4.043,4.043,4.043,4.043,0,0.0,0.0,0.0,0.0,0.0,,0.0,0.0,0.0
2018-03-01,4.043,4.043,4.043,4.043,0,0.0,0.0,0.0,0.0,0.0,,0.0,0.0,0.0
2018-03-02,4.043,4.043,4.043,4.043,0,0.0,0.0,0.0,0.0,0.0,,0.0,0.0,0.0
2018-03-05,4.043,4.043,4.043,4.043,0,0.0,0.0,0.0,0.0,0.0,,0.0,0.0,0.0
2018-03-06,4.043,4.043,4.043,4.043,0,0.0,0.0,0.0,0.0,0.0,,0.0,0.0,0.0
2018-03-07,4.043,4.043,4.043,4.043,0,0.0,0.0,0.0,0.0,0.0,,0.0,0.0,0.0
2018-03-08,4.043,4.043,4.043,4.043,0,0.0,0.0,0.0,0.0,0.0,,0.0,0.0,0.0
2018-03-09,4.043,4.043,4.043,4.043,0,0.0,0.0,0.0,0.0,0.0,,0.0,0.0,0.0
2018-03-12,4.043,4.043,4.043,4.043,0,0.0,0.0,0.0,0.0,0.0,,0.0,0.0,0.0
2018-03-13,4.043,4.043,4.043,4.043,0,0.0,0.0,0.0,0.0,0.0,,0.0,0.0,0.0
2018-03-14,4.043,4.043,4.043,4.043,0,0.0,0.0,0.0,0.0,0.0,,0.0,0.0,0.0
2018-03-15,4.043,4.043,4.043,4.043,0,0.0,0.0,0.0,0.0,0.0,,0.0,0.0,0.0
2018-03-16,4.043,4.043,4.043,4.043,0,0.0,0.0,0.0,0.0,0.0,,0.0,0.0,0.0
2018-03-19,4.043,4.043,4.043,4.043,0,0.0,0.0,0.0,0.0,0.0,,0.0,0.0,0.0
2018-03-20,4.043,4.043,4.043,4.043,0,0.0,0.0,0.0,0.0,0.0,,0.0,0.0,0.0
2018-03-21,4.043,4.043,4.043,4.043,0,0.0,0.0,0.0,0.0,0.0,,0.0,0.0,0.0
2018-03-22,4.043,4.043,4.043,4.043,0,0.0,0.0,0.0,0.0,0.0,,0.0,0.0,0.0
2018-03-23,4.043,4.043,4.043,4.043,0,0.0,0.0,0.0,0.0,0.0,,0.0,0.0,0.0
2018-03-26,4.043,4.043,4.043,4.043,0,0.0,0.0,0.0,0.0,0.0,,0.0,0.0,0.0
2018-03-27,4.043,4.043,4.043,4.043,0,0.0,0.0,0.0,0.0,0.0,,0.0,0.0,0.0
2018-03-28,4.043,4.043,4.043,4.043,0,0.0,0.0,0.0,0.0,0.0,,0.0,0.0,0.0
2018-03-29,4.043,4.043,4.043,4.043,0,0.0,0.0,0.0,0.0,0.0,,0.0,0.0,0.0
2018-03-30,4.043,4.043,4.043,4.043,0,0.0,0.0,0.0,0.0,0.0,,0.0,0.0,0.0
2018-04-02,4.043,4.043,4.043,4.043,0,0.0,0.0,0.0,0.0,0.0,,0.0,0.0,0.0
2018-04-03,4.043,4.043,4.043,4.043,0,0.0,0.0,0.0,0.0,0.0,,0.0,0.0,0.0
2018-04-04,4.043,4.043,4.043,4.043,0,0.0,0.0,0.0,0.0,0.0,,0.0,0.0,0.0
2018-04-05,4.043,4.043,4.043,4.043,0,0.0,0.0,0.0,0.0,0.0,,0.0,0.0,0.0
2018-04-06,4.043,4.043,4.043,4.043,0,0.0,0.0,0.0,0.0,0.0,,0.0,0.0,0.0
2018-04-09,4.043,4.043,4.043,4.043,0,0.0,0.0,0.0,0.0,0.0,,0.0,0.0,0.0
2018-04-10,4.043,4.043,4.043,4.043,0,0.0,0.0,0.0,0.0,0.0,,0.0,0.0,0.0
2018-04-11,4.043,4.043,4.043,4.043,0,0.0,0.0,0.0,0.0,0.0,,0.0,0.0,0.0
2018-04-12,4.043,4.043,4.043,4.043,0,0.0,0.0,0.0,0.0,0.0,,0.0,0.0,0.0
2018-04-13,4.043,4.043,4.043,4.043,0,0.0,0.0,0.0,0.0,0.0,,0.0,0.0,0.0
2018-04-16,4.043,4.043,4.043,4.043,0,0.0,0.0,0.0,0.0,0.0,,0.0,0.0,0.0
2018-04-17,4.043,4.043,4.043,4.043,0,0.0,0.0,0.0,0.0,0.0,,0.0,0.0,0.0
2018-04-18,4.043,4.043,4.043,4.043,0,0.0,0.0,0.0,0.0,0.0,,0.0,0.0,0.0
2018-04-19,4.043,4.043,4.043,4.043,0,0.0,0.0,0.0,0.0,0.0,,0.0,0.0,0.0
2018-04-20,4.043,4.043,4.043,4.043,0,0.0,0.0,0.0,0.0,0.0,,0.0,0.0,0.0
2018-04-23,4.043,4.043,4.043,4.043,0,0.0,0.0,0.0,0.0,0.0,,0.0,0.0,0.0
2018-04-24,4.043,4.043,4.043,4.043,0,0.0,0.0,0.0,0.0,0.0,,0.0,0.0,0.0
2018-04-26,4.043,4.043,4.043,4.043,0,0.0,0.0,0.0,0.0,0.0,,0.0,0.0,0.0
2018-04-27,4.043,4.043,4.043,4.043,0,0.0,0.0,0.0,0.0,0.0,,0.0,0.0,0.0
2018-05-02,4.043,4.043,4.043,4.043,0,0.0,0.0,0.0,0.0,0.0,,0.0,0.0,0.0
2018-05-03,4.043,4.043,4.043,4.043,0,0.0,0.0,0.0,0.0,0.0,,0.0,0.0,0.0
2018-05-04,4.043,4.043,4.043,4.043,0,0.0,0.0,0.0,0.0,0.0,,0.0,0.0,0.0
2018-05-07,4.043,4.043,4.043,4.043,0,0.0,0.0,0.0,0.0,0.0,,0.0,0.0,0.0
2018-05-08,4.043,4.043,4.043,4.043,0,0.0,0.0,0.0,0.0,0.0,,0.0,0.0,0.0
2018-05-09,4.043,4.043,4.043,4.043,0,0.0,0.0,0.0,0.0,0.0,,0.0,0.0,0.0
2018-05-10,4.043,4.043,4.043,4.043,0,0.0,0.0,0.0,0.0,0.0,,0.0,0.0,0.0
2018-05-11,4.043,4.043,4.043,4.043,0,0.0,0.0,0.0,0.0,0.0,,0.0,0.0,0.0
2018-05-14,4.043,4.043,4.043,4.043,0,0.0,0.0,0.0,0.0,0.0,,0.0,0.0,0.0
2018-05-15,4.043,4.043,4.043,4.043,0,0.0,0.0,0.0,0.0,0.0,,0.0,0.0,0.0
2018-05-16,4.043,4.043,4.043,4.043,0,0.0,0.0,0.0,0.0,0.0,,0.0,0.0,0.0
2018-05-17,4.043,4.043,4.043,4.043,0,0.0,0.0,0.0,0.0,0.0,,0.0,0.0,0.0
2018-05-18,4.043,4.043,4.043,4.043,0,0.0,0.0,0.0,0.0,0.0,,0.0,0.0,0.0
2018-05-21,4.043,4.043,4.043,4.043,0,0.0,0.0,0.0,0.0,0.0,,0.0,0.0,0.0
2018-05-22,4.043,4.043,4.043,4.043,0,0.0,0.0,0.0,0.0,0.0,,0.0,0.0,0.0
2018-05-23,4.043,4.043,4.043,4.043,0,0.0,0.0,0.0,0.0,0.0,,0.0,0.0,0.0
2018-05-24,4.043,4.043,4.043,4.043,0,0.0,0.0,0.0,0.0,0.0,,0.0,0.0,0.0
2018-05-25,4.043,4.043,4.043,4.043,0,0.0,0.0,0.0,0.0,0.0,,0.0,0.0,0.0
2018-05-28,4.043,4.043,4.043,4.043,0,0.0,0.0,0.0,0.0,0.0,,0.0,0.0,0.0
2018-05-29,4.043,4.043,4.043,4.043,0,0.0,0.0,0.0,0.0,0.0,,0.0,0.0,0.0
2018-05-30,4.043,4.043,4.043,4.043,0,0.0,0.0,0.0,0.0,0.0,,0.0,0.0,0.0
2018-05-31,4.043,4.043,4.043,4.043,0,0.0,0.0,0.0,0.0,0.0,,0.0,0.0,0.0
2018-06-01,4.043,4.043,4.043,4.043,0,0.0,0.0,0.0,0.0,0.0,,0.0,0.0,0.0
2018-06-04,4.043,4.043,4.043,4.043,0,0.0,0.0,0.0,0.0,0.0,,0.0,0.0,0.0
2018-06-05,4.043,4.043,4.043,4.043,0,0.0,0.0,0.0,0.0,0.0,,0.0,0.0,0.0
2018-06-06,4.043,4.043,4.043,4.043,0,0.0,0.0,0.0,0.0,0.0,,0.0,0.0,0.0
2018-06-07,4.043,4.043,4.043,4.043,0,0.0,0.0,0.0,0.0,0.0,,0.0,0.0,0.0
2018-06-08,4.043,4.043,4.043,4.043,0,0.0,0.0,0.0,0.0,0.0,,0.0,0.0,0.0
2018-06-11,4.043,4.043,4.043,4.043,0,0.0,0.0,0.0,0.0,0.0,,0.0,0.0,0.0
2018-06-12,4.043,4.043,4.043,4.043,0,0.0,0.0,0.0,0.0,0.0,,0.0,0.0,0.0
2018-06-13,4.043,4.043,4.043,4.043,0,0.0,0.0,0.0,0.0,0.0,,0.0,0.0,0.0
2018-06-14,4.043,4.043,4.043,4.043,0,0.0,0.0,0.0,0.0,0.0,,0.0,0.0,0.0
2018-06-15,4.043,4.043,4.043,4.043,0,0.0,0.0,0.0,0.0,0.0,,0.0,0.0,0.0
2018-06-18,4.043,4.043,4.043,4.043,0,0.0,0.0,0.0,0.0,0.0,,0.0,0.0,0.0
2018-06-19,4.043,4.043,4.043,4.043,0,0.0,0.0,0.0,0.0,0.0,,0.0,0.0,0.0
2018-06-20,4.043,4.043,4.043,4.043,0,0.0,0.0,0.0,0.0,0.0,,0.0,0.0,0.0
2018-06-21,4.043,4.043,4.043,4.043,0,0.0,0.0,0.0,0.0,0.0,,0.0,0.0,0.0
2018-06-22,4.043,4.043,4.043,4.043,0,0.0,0.0,0.0,0.0,0.0,,0.0,0.0,0.0
2018-06-25,4.043,4.043,4.043,4.043,0,0.0,0.0,0.0,0.0,0.0,,0.0,0.0,0.0
2018-06-26,4.043,4.043,4.043,4.043,0,0.0,0.0,0.0,0.0,0.0,,0.0,0.0,0.0
2018-06-27,4.043,4.043,4.043,4.043,0,0.0,0.0,0.0,0.0,0.0,,0.0,0.0,0.0
2018-06-28,4.043,4.043,4.043,4.043,0,0.0,0.0,0.0,0.0,0.0,,0.0,0.0,0.0
2018-06-29,4.043,4.043,4.043,4.043,0,0.0,0.0,0.0,0.0,0.0,,0.0,0.0,0.0
2018-07-02,4.043,4.043,4.043,4.043,0,0.0,0.0,0.0,0.0,0.0,,0.0,0.0,0.0
2018-07-03,4.043,4.043,4.043,4.043,0,0.0,0.0,0.0,0.0,0.0,,0.0,0.0,0.0
2018-07-04,4.043,4.043,4.043,4.043,0,0.0,0.0,0.0,0.0,0.0,,0.0,0.0,0.0
2018-07-05,4.043,4.043,4.043,4.043,0,0.0,0.0,0.0,0.0,0.0,,0.0,0.0,0.0
2018-07-06,4.043,4.043,4.043,4.043,0,0.0,0.0,0.0,0.0,0.0,,0.0,0.0,0.0
2018-07-09,4.043,4.043,4.043,4.043,0,0.0,0.0,0.0,0.0,0.0,,0.0,0.0,0.0
2018-07-10,4.043,4.043,4.043,4.043,0,0.0,0.0,0.0,0.0,0.0,,0.0,0.0,0.0
2018-07-11,4.043,4.043,4.043,4.043,0,0.0,0.0,0.0,0.0,0.0,,0.0,0.0,0.0
2018-07-12,4.043,4.043,4.043,4.043,0,0.0,0.0,0.0,0.0,0.0,,0.0,0.0,0.0
2018-07-13,4.043,4.043,4.043,4.043,0,0.0,0.0,0.0,0.0,0.0,,0.0,0.0,0.0
2018-07-16,4.043,4.043,4.043,4.043,0,0.0,0.0,0.0,0.0,0.0,,0.0,0.0,0.0
2018-07-17,4.043,4.043,4.043,4.043,0,0.0,0.0,0.0,0.0,0.0,,0.0,0.0,0.0
2018-07-18,4.043,4.043,4.043,4.043,0,0.0,0.0,0.0,0.0,0.0,,0.0,0.0,0.0
2018-07-19,4.043,4.043,4.043,4.043,0,0.0,0.0,0.0,0.0,0.0,,0.0,0.0,0.0
2018-07-20,4.043,4.043,4.043,4.043,0,0.0,0.0,0.0,0.0,0.0,,0.0,0.0,0.0
2018-07-23,4.043,4.043,4.043,4.043,0,0.0,0.0,0.0,0.0,0.0,,0.0,0.0,0.0
2018-07-24,4.043,4.043,4.043,4.043,0,0.0,0.0,0.0,0.0,0.0,,0.0,0.0,0.0
2018-07-25,4.043,4.043,4.043,4.043,0,0.0,0.0,0.0,0.0,0.0,,0.0,0.0,0.0
2018-07-26,4.043,4.043,4.043,4.043,0,0.0,0.0,0.0,0.0,0.0,,0.0,0.0,0.0
2018-07-27,4.043,4.043,4.043,4.043,0,0.0,0.0,0.0,0.0,0.0,,0.0,0.0,0.0
2018-07-30,4.043,4.043,4.043,4.043,0,0.0,0.0,0.0,0.0,0.0,,0.0,0.0,0.0
2018-07-31,4.043,4.043,4.043,4.043,0,0.0,0.0,0.0,0.0,0.0,,0.0,0.0,0.0
2018-08-01,4.043,4.043,4.043,4.043,0,0.0,0.0,0.0,0.0,0.0,,0.0,0.0,0.0
2018-08-02,4.043,4.043,4.043,4.043,0,0.0,0.0,0.0,0.0,0.0,,0.0,0.0,0.0
2018-08-03,4.043,4.043,4.043,4.043,0,0.0,0.0,0.0,0.0,0.0,,0.0,0.0,0.0
2018-08-06,4.043,4.043,4.043,4.043,0,0.0,0.0,0.0,0.0,0.0,,0.0,0.0,0.0
2018-08-07,4.043,4.043,4.043,4.043,0,0.0,0.0,0.0,0.0,0.0,,0.0,0.0,0.0
2018-08-08,4.043,4.043,4.043,4.043,0,0.0,0.0,0.0,0.0,0.0,,0.0,0.0,0.0
2018-08-09,4.043,4.043,4.043,4.043,0,0.0,0.0,0.0,0.0,0.0,,0.0,0.0,0.0
2018-08-10,4.043,4.043,4.043,4.043,0,0.0,0.0,0.0,0.0,0.0,,0.0,0.0,0.0
2018-08-13,4.043,4.043,4.043,4.043,0,0.0,0.0,0.0,0.0,0.0,,0.0,0.0,0.0
2018-08-14,4.043,4.043,4.043,4.043,0,0.0,0.0,0.0,0.0,0.0,,0.0,0.0,0.0
2018-08-15,4.043,4.043,4.043,4.043,0,0.0,0.0,0.0,0.0,0.0,,0.0,0.0,0.0
2018-08-16,4.043,4.043,4.043,4.043,0,0.0,0.0,0.0,0.0,0.0,,0.0,0.0,0.0
2018-08-17,4.043,4.043,4.043,4.043,0,0.0,0.0,0.0,0.0,0.0,,0.0,0.0,0.0
2018-08-20,4.043,4.043,4.043,4.043,0,0.0,0.0,0.0,0.0,0.0,,0.0,0.0,0.0
2018-08-21,4.043,4.043,4.043,4.043,0,0.0,0.0,0.0,0.0,0.0,,0.0,0.0,0.0
2018-08-22,4.043,4.043,4.043,4.043,0,0.0,0.0,0.0,0.0,0.0,,0.0,0.0,0.0
2018-08-23,4.043,4.043,4.043,4.043,0,0.0,0.0,0.0,0.0,0.0,,0.0,0.0,0.0
2018-08-24,4.043,4.043,4.043,4.043,0,0.0,0.0,0.0,0.0,0.0,,0.0,0.0,0.0
2018-08-27,4.043,4.043,4.043,4.043,0,0.0,0.0,0.0,0.0,0.0,,0.0,0.0,0.0
2018-08-28,4.043,4.043,4.043,4.043,0,0.0,0.0,0.0,0.0,0.0,,0.0,0.0,0.0
2018-08-29,4.043,4.043,4.043,4.043,0,0.0,0.0,0.0,0.0,0.0,,0.0,0.0,0.0
2018-08-30,4.043,4.043,4.043,4.043,0,0.0,0.0,0.0,0.0,0.0,,0.0,0.0,0.0
2018-08-31,4.043,4.043,4.043,4.043,0,0.0,0.0,0.0,0.0,0.0,,0.0,0.0,0.0
2018-09-04,4.043,4.043,4.043,4.043,0,0.0,0.0,0.0,0.0,0.0,,0.0,0.0,0.0
2018-09-05,4.043,4.043,4.043,4.043,0,0.0,0.0,0.0,0.0,0.0,,0.0,0.0,0.0
2018-09-06,4.043,4.043,4.043,4.043,0,0.0,0.0,0.0,0.0,0.0,,0.0,0.0,0.0
2018-09-07,4.043,4.043,4.043,4.043,0,0.0,0.0,0.0,0.0,0.0,,0.0,0.0,0.0
2018-09-10,4.043,4.043,4.043,4.043,0,0.0,0.0,0.0,0.0,0.0,,0.0,0.0,0.0
2018-09-11,4.043,4.043,4.043,4.043,0,0.0,0.0,0.0,0.0,0.0,,0.0,0.0,0.0
2018-09-12,4.043,4.043,4.043,4.043,0,0.0,0.0,0.0,0.0,0.0,,0.0,0.0,0.0
2018-09-13,4.043,4.043,4.043,4.043,0,0.0,0.0,0.0,0.0,0.0,,0.0,0.0,0.0
2018-09-14,4.043,4.043,4.043,4.043,0,0.0,0.0,0.0,0.0,0.0,,0.0,0.0,0.0
2018-09-17,4.043,4.043,4.043,4.043,0,0.0,0.0,0.0,0.0,0.0,,0.0,0.0,0.0
2018-09-18,4.043,4.043,4.043,4.043,0,0.0,0.0,0.0,0.0,0.0,,0.0,0.0,0.0
2018-09-19,4.043,4.043,4.043,4.043,0,0.0,0.0,0.0,0.0,0.0,,0.0,0.0,0.0
2018-09-20,4.043,4.043,4.043,4.043,0,0.0,0.0,0.0,0.0,0.0,,0.0,0.0,0.0
2018-09-21,4.043,4.043,4.043,4.043,0,0.0,0.0,0.0,0.0,0.0,,0.0,0.0,0.0
2018-09-24,4.043,4.043,4.043,4.043,0,0.0,0.0,0.0,0.0,0.0,,0.0,0.0,0.0
2018-09-25,4.043,4.043,4.043,4.043,0,0.0,0.0,0.0,0.0,0.0,,0.0,0.0,0.0
2018-09-26,4.043,4.043,4.043,4.043,0,0.0,0.0,0.0,0.0,0.0,,0.0,0.0,0.0
2018-09-27,4.043,4.043,4.043,4.043,0,0.0,0.0,0.0,0.0,0.0,,0.0,0.0,0.0
2018-09-28,4.043,4.043,4.043,4.043,0,0.0,0.0,0.0,0.0,0.0,,0.0,0.0,0.0
2018-10-01,4.043,4.043,4.043,4.043,0,0.0,0.0,0.0,0.0,0.0,,0.0,0.0,0.0
2018-10-02,4.043,4.043,4.043,4.043,0,0.0,0.0,0.0,0.0,0.0,,0.0,0.0,0.0
2018-10-03,4.043,4.043,4.043,4.043,0,0.0,0.0,0.0,0.0,0.0,,0.0,0.0,0.0
2018-10-04,4.043,4.043,4.043,4.043,0,0.0,0.0,0.0,0.0,0.0,,0.0,0.0,0.0
2018-10-05,4.043,4.043,4.043,4.043,0,0.0,0.0,0.0,0.0,0.0,,0.0,0.0,0.0
2018-10-08,4.043,4.043,4.043,4.043,0,0.0,0.0,0.0,0.0,0.0,,0.0,0.0,0.0
2018-10-09,4.043,4.043,4.043,4.043,0,0.0,0.0,0.0,0.0,0.0,,0.0,0.0,0.0
2018-10-10,4.043,4.043,4.043,4.043,0,0.0,0.0,0.0,0.0,0.0,,0.0,0.0,0.0
2018-10-11,3.887,3.887,3.887,3.887,100,388.7,0.0,0.0,0.0,0.0,,0.0,0.0,0.0
2018-10-12,3.848,3.848,3.809,3.848,5600,21548.8,0.0,0.0,0.0,0.0,,0.0,0.0,0.0
2018-10-15,3.848,3.848,3.848,3.848,0,0.0,0.0,0.0,0.0,0.0,,0.0,0.0,0.0
2018-10-16,3.848,3.848,3.848,3.848,0,0.0,0.0,0.0,0.0,0.0,,0.0,0.0,0.0
2018-10-17,3.848,3.848,3.848,3.848,0,0.0,0.0,0.0,0.0,0.0,,0.0,0.0,0.0
2018-10-18,3.848,3.848,3.848,3.848,0,0.0,0.0,0.0,0.0,0.0,,0.0,0.0,0.0
2018-10-19,3.848,3.848,3.848,3.848,4800,18470.4,0.0,0.0,0.0,0.0,,0.0,0.0,0.0
2018-10-22,3.848,3.848,3.848,3.848,0,0.0,0.0,0.0,0.0,0.0,,0.0,0.0,0.0
2018-10-23,3.848,3.848,3.848,3.848,0,0.0,0.0,0.0,0.0,0.0,,0.0,0.0,0.0
2018-10-24,3.848,3.848,3.848,3.848,0,0.0,0.0,0.0,0.0,0.0,,0.0,0.0,0.0
2018-10-25,3.848,3.848,3.848,3.848,0,0.0,0.0,0.0,0.0,0.0,,0.0,0.0,0.0
2018-10-26,3.848,3.848,3.848,3.848,0,0.0,0.0,0.0,0.0,0.0,,0.0,0.0,0.0
2018-10-29,3.848,3.848,3.848,3.848,0,0.0,0.0,0.0,0.0,0.0,,0.0,0.0,0.0
2018-10-30,3.848,3.848,3.848,3.848,0,0.0,0.0,0.0,0.0,0.0,,0.0,0.0,0.0
2018-10-31,3.848,3.848,3.848,3.848,0,0.0,0.0,0.0,0.0,0.0,,0.0,0.0,0.0
2018-11-01,3.848,3.848,3.848,3.848,0,0.0,0.0,0.0,0.0,0.0,,0.0,0.0,0.0
2018-11-02,3.848,3.848,3.848,3.848,0,0.0,0.0,0.0,0.0,0.0,,0.0,0.0,0.0
2018-11-05,3.848,3.848,3.848,3.848,0,0.0,0.0,0.0,0.0,0.0,,0.0,0.0,0.0
2018-11-06,3.848,3.848,3.848,3.848,0,0.0,0.0,0.0,0.0,0.0,,0.0,0.0,0.0
2018-11-07,3.848,3.848,3.848,3.848,0,0.0,0.0,0.0,0.0,0.0,,0.0,0.0,0.0
2018-11-08,3.848,3.848,3.848,3.848,0,0.0,0.0,0.0,0.0,0.0,,0.0,0.0,0.0
2018-11-09,3.848,3.848,3.848,3.848,0,0.0,0.0,0.0,0.0,0.0,,0.0,0.0,0.0
2018-11-12,3.848,3.848,3.848,3.848,0,0.0,0.0,0.0,0.0,0.0,,0.0,0.0,0.0
2018-11-13,3.848,3.848,3.848,3.848,0,0.0,0.0,0.0,0.0,0.0,,0.0,0.0,0.0
2018-11-14,3.848,3.848,3.848,3.848,0,0.0,0.0,0.0,0.0,0.0,,0.0,0.0,0.0
2018-11-15,3.848,3.848,3.848,3.848,0,0.0,0.0,0.0,0.0,0.0,,0.0,0.0,0.0
2018-11-16,3.848,3.848,3.848,3.848,0,0.0,0.0,0.0,0.0,0.0,,0.0,0.0,0.0
2018-11-19,3.848,3.848,3.848,3.848,0,0.0,0.0,0.0,0.0,0.0,,0.0,0.0,0.0
2018-11-20,3.848,3.848,3.848,3.848,0,0.0,0.0,0.0,0.0,0.0,,0.0,0.0,0.0
2018-11-21,3.848,3.848,3.848,3.848,0,0.0,0.0,0.0,0.0,0.0,,0.0,0.0,0.0
2018-11-22,3.848,3.848,3.848,3.848,0,0.0,0.0,0.0,0.0,0.0,,0.0,0.0,0.0
2018-11-23,3.848,3.848,3.848,3.848,0,0.0,0.0,0.0,0.0,0.0,,0.0,0.0,0.0
2018-11-26,3.848,3.848,3.848,3.848,0,0.0,0.0,0.0,0.0,0.0,,0.0,0.0,0.0
2018-11-27,3.848,3.848,3.848,3.848,0,0.0,0.0,0.0,0.0,0.0,,0.0,0.0,0.0
2018-11-28,3.848,3.848,3.848,3.848,0,0.0,0.0,0.0,0.0,0.0,,0.0,0.0,0.0
2018-11-29,3.848,3.848,3.848,3.848,0,0.0,0.0,0.0,0.0,0.0,,0.0,0.0,0.0
2018-11-30,3.848,3.848,3.848,3.848,0,0.0,0.0,0.0,0.0,0.0,,0.0,0.0,0.0
2018-12-03,3.848,3.848,3.848,3.848,0,0.0,0.0,0.0,0.0,0.0,,0.0,0.0,0.0
2018-12-04,3.848,3.848,3.848,3.848,0,0.0,0.0,0.0,0.0,0.0,,0.0,0.0,0.0
2018-12-05,3.848,3.848,3.848,3.848,0,0.0,0.0,0.0,0.0,0.0,,0.0,0.0,0.0
2018-12-06,3.848,3.848,3.848,3.848,0,0.0,0.0,0.0,0.0,0.0,,0.0,0.0,0.0
2018-12-07,3.848,3.848,3.848,3.848,0,0.0,0.0,0.0,0.0,0.0,,0.0,0.0,0.0
2018-12-10,3.848,3.848,3.848,3.848,0,0.0,0.0,0.0,0.0,0.0,,0.0,0.0,0.0
2018-12-11,3.848,3.848,3.848,3.848,0,0.0,0.0,0.0,0.0,0.0,,0.0,0.0,0.0
2018-12-12,3.848,3.848,3.848,3.848,0,0.0,0.0,0.0,0.0,0.0,,0.0,0.0,0.0
2018-12-13,3.848,3.848,3.848,3.848,0,0.0,0.0,0.0,0.0,0.0,,0.0,0.0,0.0
2018-12-14,3.848,3.848,3.848,3.848,0,0.0,0.0,0.0,0.0,0.0,,0.0,0.0,0.0
2018-12-17,3.848,3.848,3.848,3.848,0,0.0,0.0,0.0,0.0,0.0,,0.0,0.0,0.0
2018-12-18,3.848,3.848,3.848,3.848,0,0.0,0.0,0.0,0.0,0.0,,0.0,0.0,0.0
2018-12-19,3.848,3.848,3.848,3.848,0,0.0,0.0,0.0,0.0,0.0,,0.0,0.0,0.0
2018-12-20,3.848,3.848,3.848,3.848,0,0.0,0.0,0.0,0.0,0.0,,0.0,0.0,0.0
2018-12-21,3.848,3.848,3.848,3.848,0,0.0,0.0,0.0,0.0,0.0,,0.0,0.0,0.0
2018-12-24,3.848,3.848,3.848,3.848,0,0.0,0.0,0.0,0.0,0.0,,0.0,0.0,0.0
2018-12-25,3.848,3.848,3.848,3.848,0,0.0,0.0,0.0,0.0,0.0,,0.0,0.0,0.0
2018-12-26,3.848,3.848,3.848,3.848,0,0.0,0.0,0.0,0.0,0.0,,0.0,0.0,0.0
2018-12-27,3.848,3.848,3.848,3.848,0,0.0,0.0,0.0,0.0,0.0,,0.0,0.0,0.0
2018-12-28,3.848,3.848,3.848,3.848,0,0.0,0.0,0.0,0.0,0.0,,0.0,0.0,0.0
2019-01-02,3.848,3.848,3.848,3.848,0,0.0,0.0,0.0,0.0,0.0,,0.0,0.0,0.0
2019-01-03,3.848,3.848,3.848,3.848,0,0.0,0.0,0.0,0.0,0.0,,0.0,0.0,0.0
2019-01-04,3.848,3.848,3.848,3.848,0,0.0,0.0,0.0,0.0,0.0,,0.0,0.0,0.0
2019-01-07,3.848,3.848,3.848,3.848,0,0.0,0.0,0.0,0.0,0.0,,0.0,0.0,0.0
2019-01-08,3.848,3.848,3.848,3.848,0,0.0,0.0,0.0,0.0,0.0,,0.0,0.0,0.0
2019-01-09,3.848,3.848,3.848,3.848,0,0.0,0.0,0.0,0.0,0.0,,0.0,0.0,0.0
2019-01-10,3.848,3.848,3.848,3.848,0,0.0,0.0,0.0,0.0,0.0,,0.0,0.0,0.0
2019-01-11,3.848,3.848,3.848,3.848,0,0.0,0.0,0.0,0.0,0.0,,0.0,0.0,0.0
2019-01-14,3.848,3.848,3.848,3.848,0,0.0,0.0,0.0,0.0,0.0,,0.0,0.0,0.0
2019-01-15,3.848,3.848,3.848,3.848,0,0.0,0.0,0.0,0.0,0.0,,0.0,0.0,0.0
2019-01-16,3.848,3.848,3.848,3.848,0,0.0,0.0,0.0,0.0,0.0,,0.0,0.0,0.0
2019-01-17,3.848,3.848,3.848,3.848,0,0.0,0.0,0.0,0.0,0.0,,0.0,0.0,0.0
2019-01-18,3.848,3.848,3.848,3.848,0,0.0,0.0,0.0,0.0,0.0,,0.0,0.0,0.0
2019-01-21,3.848,3.848,3.848,3.848,0,0.0,0.0,0.0,0.0,0.0,,0.0,0.0,0.0
2019-01-22,3.848,3.848,3.848,3.848,0,0.0,0.0,0.0,0.0,0.0,,0.0,0.0,0.0
2019-01-23,3.848,3.848,3.848,3.848,0,0.0,0.0,0.0,0.0,0.0,,0.0,0.0,0.0
2019-01-24,3.848,3.848,3.848,3.848,0,0.0,0.0,0.0,0.0,0.0,,0.0,0.0,0.0
2019-01-25,3.848,3.848,3.848,3.848,0,0.0,0.0,0.0,0.0,0.0,,0.0,0.0,0.0
2019-01-28,3.848,3.848,3.848,3.848,0,0.0,0.0,0.0,0.0,0.0,,0.0,0.0,0.0
2019-01-29,3.848,3.848,3.848,3.848,0,0.0,0.0,0.0,0.0,0.0,,0.0,0.0,0.0
2019-01-30,3.848,3.848,3.848,3.848,0,0.0,0.0,0.0,0.0,0.0,,0.0,0.0,0.0
2019-01-31,3.848,3.848,3.848,3.848,0,0.0,0.0,0.0,0.0,0.0,,0.0,0.0,0.0
2019-02-01,3.848,3.848,3.848,3.848,0,0.0,0.0,0.0,0.0,0.0,,0.0,0.0,0.0
2019-02-11,3.848,3.848,3.848,3.848,0,0.0,0.0,0.0,0.0,0.0,,0.0,0.0,0.0
2019-02-12,3.848,3.848,3.848,3.848,0,0.0,0.0,0.0,0.0,0.0,,0.0,0.0,0.0
2019-02-13,3.848,3.848,3.848,3.848,0,0.0,0.0,0.0,0.0,0.0,,0.0,0.0,0.0
2019-02-14,3.848,3.848,3.848,3.848,0,0.0,0.0,0.0,0.0,0.0,,0.0,0.0,0.0
2019-02-15,3.848,3.848,3.848,3.848,0,0.0,0.0,0.0,0.0,0.0,,0.0,0.0,0.0
2019-02-18,3.848,3.848,3.848,3.848,0,0.0,0.0,0.0,0.0,0.0,,0.0,0.0,0.0
2019-02-19,3.848,3.848,3.848,3.848,0,0.0,0.0,0.0,0.0,0.0,,0.0,0.0,0.0
2019-02-20,3.848,3.848,3.848,3.848,0,0.0,0.0,0.0,0.0,0.0,,0.0,0.0,0.0
2019-02-21,3.848,3.848,3.848,3.848,0,0.0,0.0,0.0,0.0,0.0,,0.0,0.0,0.0
2019-02-22,3.848,3.848,3.848,3.848,0,0.0,0.0,0.0,0.0,0.0,,0.0,0.0,0.0
2019-02-25,3.848,3.848,3.848,3.848,0,0.0,0.0,0.0,0.0,0.0,,0.0,0.0,0.0
2019-02-26,3.848,3.848,3.848,3.848,0,0.0,0.0,0.0,0.0,0.0,,0.0,0.0,0.0
2019-02-27,3.848,3.848,3.848,3.848,0,0.0,0.0,0.0,0.0,0.0,,0.0,0.0,0.0
2019-02-28,3.848,3.848,3.848,3.848,0,0.0,0.0,0.0,0.0,0.0,,0.0,0.0,0.0
2019-03-01,3.848,3.848,3.848,3.848,0,0.0,0.0,0.0,0.0,0.0,,0.0,0.0,0.0
2019-03-04,3.848,3.848,3.848,3.848,0,0.0,0.0,0.0,0.0,0.0,,0.0,0.0,0.0
2019-03-05,3.848,3.848,3.848,3.848,0,0.0,0.0,0.0,0.0,0.0,,0.0,0.0,0.0
2019-03-06,3.848,3.848,3.848,3.848,0,0.0,0.0,0.0,0.0,0.0,,0.0,0.0,0.0
2019-03-07,3.848,3.848,3.848,3.848,0,0.0,0.0,0.0,0.0,0.0,,0.0,0.0,0.0
2019-03-08,3.848,3.848,3.848,3.848,0,0.0,0.0,0.0,0.0,0.0,,0.0,0.0,0.0
2019-03-11,3.848,3.848,3.848,3.848,0,0.0,0.0,0.0,0.0,0.0,,0.0,0.0,0.0
2019-03-12,3.848,3.848,3.848,3.848,0,0.0,0.0,0.0,0.0,0.0,,0.0,0.0,0.0
2019-03-13,3.848,3.848,3.848,3.848,0,0.0,0.0,0.0,0.0,0.0,,0.0,0.0,0.0
2019-03-14,3.848,3.848,3.848,3.848,0,0.0,0.0,0.0,0.0,0.0,,0.0,0.0,0.0
2019-03-15,3.848,3.848,3.848,3.848,0,0.0,0.0,0.0,0.0,0.0,,0.0,0.0,0.0
2019-03-18,3.848,3.848,3.848,3.848,0,0.0,0.0,0.0,0.0,0.0,,0.0,0.0,0.0
2019-03-19,3.848,3.848,3.848,3.848,0,0.0,0.0,0.0,0.0,0.0,,0.0,0.0,0.0
2019-03-20,3.848,3.848,3.848,3.848,0,0.0,0.0,0.0,0.0,0.0,,0.0,0.0,0.0
2019-03-21,3.848,3.848,3.848,3.848,0,0.0,0.0,0.0,0.0,0.0,,0.0,0.0,0.0
2019-03-22,3.848,3.848,3.848,3.848,0,0.0,0.0,0.0,0.0,0.0,,0.0,0.0,0.0
2019-03-25,3.848,3.848,3.848,3.848,0,0.0,0.0,0.0,0.0,0.0,,0.0,0.0,0.0
2019-03-26,3.848,3.848,3.848,3.848,0,0.0,0.0,0.0,0.0,0.0,,0.0,0.0,0.0
2019-03-27,3.848,3.848,3.848,3.848,0,0.0,0.0,0.0,0.0,0.0,,0.0,0.0,0.0
2019-03-28,3.848,3.848,3.848,3.848,0,0.0,0.0,0.0,0.0,0.0,,0.0,0.0,0.0
2019-03-29,3.848,3.848,3.848,3.848,0,0.0,0.0,0.0,0.0,0.0,,0.0,0.0,0.0
2019-04-01,3.848,3.848,3.848,3.848,0,0.0,0.0,0.0,0.0,0.0,,0.0,0.0,0.0
2019-04-02,3.848,3.848,3.848,3.848,0,0.0,0.0,0.0,0.0,0.0,,0.0,0.0,0.0
2019-04-03,3.848,3.848,3.848,3.848,0,0.0,0.0,0.0,0.0,0.0,,0.0,0.0,0.0
2019-04-04,3.848,3.848,3.848,3.848,0,0.0,0.0,0.0,0.0,0.0,,0.0,0.0,0.0
2019-04-05,3.848,3.848,3.848,3.848,0,0.0,0.0,0.0,0.0,0.0,,0.0,0.0,0.0
2019-04-08,3.848,3.848,3.848,3.848,0,0.0,0.0,0.0,0.0,0.0,,0.0,0.0,0.0
2019-04-09,3.848,3.848,3.848,3.848,0,0.0,0.0,0.0,0.0,0.0,,0.0,0.0,0.0
2019-04-10,3.848,3.848,3.848,3.848,0,0.0,0.0,0.0,0.0,0.0,,0.0,0.0,0.0
2019-04-11,3.848,3.848,3.848,3.848,0,0.0,0.0,0.0,0.0,0.0,,0.0,0.0,0.0
2019-04-12,3.848,3.848,3.848,3.848,0,0.0,0.0,0.0,0.0,0.0,,0.0,0.0,0.0
2019-04-16,3.848,3.848,3.848,3.848,0,0.0,0.0,0.0,0.0,0.0,,0.0,0.0,0.0
2019-04-17,3.848,3.848,3.848,3.848,0,0.0,0.0,0.0,0.0,0.0,,0.0,0.0,0.0
2019-04-18,3.848,3.848,3.848,3.848,0,0.0,0.0,0.0,0.0,0.0,,0.0,0.0,0.0
2019-04-19,3.848,3.848,3.848,3.848,0,0.0,0.0,0.0,0.0,0.0,,0.0,0.0,0.0
2019-04-22,3.848,3.848,3.848,3.848,0,0.0,0.0,0.0,0.0,0.0,,0.0,0.0,0.0
2019-04-23,3.848,3.848,3.848,3.848,0,0.0,0.0,0.0,0.0,0.0,,0.0,0.0,0.0
2019-04-24,3.848,3.848,3.848,3.848,0,0.0,0.0,0.0,0.0,0.0,,0.0,0.0,0.0
2019-04-25,3.848,3.848,3.848,3.848,0,0.0,0.0,0.0,0.0,0.0,,0.0,0.0,0.0
2019-04-26,3.848,3.848,3.848,3.848,0,0.0,0.0,0.0,0.0,0.0,,0.0,0.0,0.0
2019-05-02,3.848,3.848,3.848,3.848,0,0.0,0.0,0.0,0.0,0.0,,0.0,0.0,0.0
2019-05-03,3.848,3.848,3.848,3.848,0,0.0,0.0,0.0,0.0,0.0,,0.0,0.0,0.0
2019-05-06,3.848,3.848,3.848,3.848,0,0.0,0.0,0.0,0.0,0.0,,0.0,0.0,0.0
2019-05-07,3.848,3.848,3.848,3.848,0,0.0,0.0,0.0,0.0,0.0,,0.0,0.0,0.0
2019-05-08,3.848,3.848,3.848,3.848,0,0.0,0.0,0.0,0.0,0.0,,0.0,0.0,0.0
2019-05-09,3.848,3.848,3.848,3.848,0,0.0,0.0,0.0,0.0,0.0,,0.0,0.0,0.0
2019-05-10,3.848,3.848,3.848,3.848,0,0.0,0.0,0.0,0.0,0.0,,0.0,0.0,0.0
2019-05-13,3.848,3.848,3.848,3.848,0,0.0,0.0,0.0,0.0,0.0,,0.0,0.0,0.0
2019-05-14,3.848,3.848,3.848,3.848,0,0.0,0.0,0.0,0.0,0.0,,0.0,0.0,0.0
2019-05-15,3.848,3.848,3.848,3.848,0,0.0,0.0,0.0,0.0,0.0,,0.0,0.0,0.0
2019-05-16,3.848,3.848,3.848,3.848,0,0.0,0.0,0.0,0.0,0.0,,0.0,0.0,0.0
2019-05-17,3.848,3.848,3.848,3.848,0,0.0,0.0,0.0,0.0,0.0,,0.0,0.0,0.0
2019-05-20,3.848,3.848,3.848,3.848,0,0.0,0.0,0.0,0.0,0.0,,0.0,0.0,0.0
2019-05-21,3.848,3.848,3.848,3.848,0,0.0,0.0,0.0,0.0,0.0,,0.0,0.0,0.0
2019-05-22,3.848,3.848,3.848,3.848,0,0.0,0.0,0.0,0.0,0.0,,0.0,0.0,0.0
2019-05-23,3.848,3.848,3.848,3.848,0,0.0,0.0,0.0,0.0,0.0,,0.0,0.0,0.0
2019-05-24,3.848,3.848,3.848,3.848,0,0.0,0.0,0.0,0.0,0.0,,0.0,0.0,0.0
2019-05-27,3.848,3.848,3.848,3.848,0,0.0,0.0,0.0,0.0,0.0,,0.0,0.0,0.0
2019-05-28,3.848,3.848,3.848,3.848,0,0.0,0.0,0.0,0.0,0.0,,0.0,0.0,0.0
2019-05-29,3.848,3.848,3.848,3.848,0,0.0,0.0,0.0,0.0,0.0,,0.0,0.0,0.0
2019-05-30,3.848,3.848,3.848,3.848,0,0.0,0.0,0.0,0.0,0.0,,0.0,0.0,0.0
2019-05-31,3.848,3.848,3.848,3.848,0,0.0,0.0,0.0,0.0,0.0,,0.0,0.0,0.0
2019-06-03,3.848,3.848,3.848,3.848,0,0.0,0.0,0.0,0.0,0.0,,0.0,0.0,0.0
2019-06-04,3.848,3.848,3.848,3.848,0,0.0,0.0,0.0,0.0,0.0,,0.0,0.0,0.0
2019-06-05,3.848,3.848,3.848,3.848,0,0.0,0.0,0.0,0.0,0.0,,0.0,0.0,0.0
2019-06-06,3.848,3.848,3.848,3.848,0,0.0,0.0,0.0,0.0,0.0,,0.0,0.0,0.0
2019-06-07,3.848,3.848,3.848,3.848,0,0.0,0.0,0.0,0.0,0.0,,0.0,0.0,0.0
2019-06-10,3.848,3.848,3.848,3.848,0,0.0,0.0,0.0,0.0,0.0,,0.0,0.0,0.0
2019-06-11,3.848,3.848,3.848,3.848,0,0.0,0.0,0.0,0.0,0.0,,0.0,0.0,0.0
2019-06-12,3.848,3.848,3.848,3.848,0,0.0,0.0,0.0,0.0,0.0,,0.0,0.0,0.0
2019-06-13,3.848,3.848,3.848,3.848,0,0.0,0.0,0.0,0.0,0.0,,0.0,0.0,0.0
2019-06-14,3.848,3.848,3.848,3.848,0,0.0,0.0,0.0,0.0,0.0,,0.0,0.0,0.0
2019-06-17,3.848,3.848,3.848,3.848,0,0.0,0.0,0.0,0.0,0.0,,0.0,0.0,0.0
2019-06-18,3.848,3.848,3.848,3.848,0,0.0,0.0,0.0,0.0,0.0,,0.0,0.0,0.0
2019-06-19,3.848,3.848,3.848,3.848,0,0.0,0.0,0.0,0.0,0.0,,0.0,0.0,0.0
2019-06-20,3.889,3.889,3.889,3.889,8300,32278.7,0.0,0.0,0.0,0.0,,0.0,0.0,0.0
2019-06-21,3.889,3.889,3.889,3.889,0,0.0,0.0,0.0,0.0,0.0,,0.0,0.0,0.0
2019-06-24,3.889,3.889,3.889,3.889,0,0.0,0.0,0.0,0.0,0.0,,0.0,0.0,0.0
2019-06-25,3.889,3.889,3.889,3.889,0,0.0,0.0,0.0,0.0,0.0,,0.0,0.0,0.0
2019-06-26,3.889,3.889,3.889,3.889,0,0.0,0.0,0.0,0.0,0.0,,0.0,0.0,0.0
2019-06-27,3.889,3.889,3.889,3.889,0,0.0,0.0,0.0,0.0,0.0,,0.0,0.0,0.0
2019-06-28,3.889,3.889,3.889,3.889,0,0.0,0.0,0.0,0.0,0.0,,0.0,0.0,0.0
2019-07-01,3.889,3.889,3.889,3.889,0,0.0,0.0,0.0,0.0,0.0,,0.0,0.0,0.0
2019-07-02,3.889,3.889,3.889,3.889,0,0.0,0.0,0.0,0.0,0.0,,0.0,0.0,0.0
2019-07-03,3.889,3.889,3.889,3.889,0,0.0,0.0,0.0,0.0,0.0,,0.0,0.0,0.0
2019-07-04,3.889,3.889,3.889,3.889,0,0.0,0.0,0.0,0.0,0.0,,0.0,0.0,0.0
2019-07-05,3.889,3.889,3.889,3.889,0,0.0,0.0,0.0,0.0,0.0,,0.0,0.0,0.0
2019-07-08,3.889,3.889,3.889,3.889,0,0.0,0.0,0.0,0.0,0.0,,0.0,0.0,0.0
2019-07-09,3.889,3.889,3.889,3.889,0,0.0,0.0,0.0,0.0,0.0,,0.0,0.0,0.0
2019-07-10,3.889,3.889,3.889,3.889,0,0.0,0.0,0.0,0.0,0.0,,0.0,0.0,0.0
2019-07-11,3.889,3.889,3.889,3.889,0,0.0,0.0,0.0,0.0,0.0,,0.0,0.0,0.0
2019-07-12,3.889,3.889,3.889,3.889,0,0.0,0.0,0.0,0.0,0.0,,0.0,0.0,0.0
2019-07-15,3.889,3.889,3.889,3.889,0,0.0,0.0,0.0,0.0,0.0,,0.0,0.0,0.0
2019-07-16,3.889,3.889,3.889,3.889,0,0.0,0.0,0.0,0.0,0.0,,0.0,0.0,0.0
2019-07-17,3.889,3.889,3.889,3.889,0,0.0,0.0,0.0,0.0,0.0,,0.0,0.0,0.0
2019-07-18,3.889,3.889,3.889,3.889,0,0.0,0.0,0.0,0.0,0.0,,0.0,0.0,0.0
2019-07-19,3.889,3.889,3.889,3.889,0,0.0,0.0,0.0,0.0,0.0,,0.0,0.0,0.0
2019-07-22,3.889,3.889,3.889,3.889,0,0.0,0.0,0.0,0.0,0.0,,0.0,0.0,0.0
2019-07-23,3.889,3.889,3.889,3.889,0,0.0,0.0,0.0,0.0,0.0,,0.0,0.0,0.0
2019-07-24,3.889,3.889,3.889,3.889,0,0.0,0.0,0.0,0.0,0.0,,0.0,0.0,0.0
2019-07-25,3.889,3.889,3.889,3.889,0,0.0,0.0,0.0,0.0,0.0,,0.0,0.0,0.0
2019-07-26,3.889,3.889,3.889,3.889,0,0.0,0.0,0.0,0.0,0.0,,0.0,0.0,0.0
2019-07-29,3.889,3.889,3.889,3.889,0,0.0,0.0,0.0,0.0,0.0,,0.0,0.0,0.0
2019-07-30,3.889,3.889,3.889,3.889,0,0.0,0.0,0.0,0.0,0.0,,0.0,0.0,0.0
2019-07-31,3.889,3.889,3.889,3.889,0,0.0,0.0,0.0,0.0,0.0,,0.0,0.0,0.0
2019-08-01,3.889,3.889,3.889,3.889,0,0.0,0.0,0.0,0.0,0.0,,0.0,0.0,0.0
2019-08-02,3.889,3.889,3.889,3.889,0,0.0,0.0,0.0,0.0,0.0,,0.0,0.0,0.0
2019-08-05,3.889,3.889,3.889,3.889,0,0.0,0.0,0.0,0.0,0.0,,0.0,0.0,0.0
2019-08-06,3.889,3.889,3.889,3.889,0,0.0,0.0,0.0,0.0,0.0,,0.0,0.0,0.0
2019-08-07,3.889,3.889,3.889,3.889,0,0.0,0.0,0.0,0.0,0.0,,0.0,0.0,0.0
2019-08-08,3.889,3.889,3.889,3.889,0,0.0,0.0,0.0,0.0,0.0,,0.0,0.0,0.0
2019-08-09,3.889,3.889,3.889,3.889,0,0.0,0.0,0.0,0.0,0.0,,0.0,0.0,0.0
2019-08-12,3.889,3.889,3.889,3.889,0,0.0,0.0,0.0,0.0,0.0,,0.0,0.0,0.0
2019-08-13,3.889,3.889,3.889,3.889,0,0.0,0.0,0.0,0.0,0.0,,0.0,0.0,0.0
2019-08-14,3.889,3.889,3.889,3.889,0,0.0,0.0,0.0,0.0,0.0,,0.0,0.0,0.0
2019-08-15,3.889,3.889,3.889,3.889,0,0.0,0.0,0.0,0.0,0.0,,0.0,0.0,0.0
2019-08-16,3.889,3.889,3.889,3.889,0,0.0,0.0,0.0,0.0,0.0,,0.0,0.0,0.0
2019-08-19,3.889,3.889,3.889,3.889,0,0.0,0.0,0.0,0.0,0.0,,0.0,0.0,0.0
2019-08-20,3.889,3.889,3.889,3.889,0,0.0,0.0,0.0,0.0,0.0,,0.0,0.0,0.0
2019-08-21,3.889,3.889,3.889,3.889,0,0.0,0.0,0.0,0.0,0.0,,0.0,0.0,0.0
2019-08-22,3.889,3.889,3.889,3.889,0,0.0,0.0,0.0,0.0,0.0,,0.0,0.0,0.0
2019-08-23,3.889,3.889,3.889,3.889,0,0.0,0.0,0.0,0.0,0.0,,0.0,0.0,0.0
2019-08-26,3.889,3.889,3.889,3.889,0,0.0,0.0,0.0,0.0,0.0,,0.0,0.0,0.0
2019-08-27,3.889,3.889,3.889,3.889,0,0.0,0.0,0.0,0.0,0.0,,0.0,0.0,0.0
2019-08-28,3.889,3.889,3.889,3.889,0,0.0,0.0,0.0,0.0,0.0,,0.0,0.0,0.0
2019-08-29,3.889,3.889,3.889,3.889,0,0.0,0.0,0.0,0.0,0.0,,0.0,0.0,0.0
2019-08-30,3.889,3.889,3.889,3.889,0,0.0,0.0,0.0,0.0,0.0,,0.0,0.0,0.0
2019-09-03,3.889,3.889,3.889,3.889,0,0.0,0.0,0.0,0.0,0.0,,0.0,0.0,0.0
2019-09-04,3.889,3.889,3.889,3.889,0,0.0,0.0,0.0,0.0,0.0,,0.0,0.0,0.0
2019-09-05,3.889,3.889,3.889,3.889,0,0.0,0.0,0.0,0.0,0.0,,0.0,0.0,0.0
2019-09-06,3.889,3.889,3.889,3.889,0,0.0,0.0,0.0,0.0,0.0,,0.0,0.0,0.0
2019-09-09,3.889,3.889,3.889,3.889,0,0.0,0.0,0.0,0.0,0.0,,0.0,0.0,0.0
2019-09-10,3.889,3.889,3.889,3.889,0,0.0,0.0,0.0,0.0,0.0,,0.0,0.0,0.0
2019-09-11,3.889,3.889,3.889,3.889,0,0.0,0.0,0.0,0.0,0.0,,0.0,0.0,0.0
2019-09-12,3.889,3.889,3.889,3.889,0,0.0,0.0,0.0,0.0,0.0,,0.0,0.0,0.0
2019-09-13,3.889,3.889,3.889,3.889,0,0.0,0.0,0.0,0.0,0.0,,0.0,0.0,0.0
2019-09-16,3.889,3.889,3.889,3.889,0,0.0,0.0,0.0,0.0,0.0,,0.0,0.0,0.0
2019-09-17,3.889,3.889,3.889,3.889,0,0.0,0.0,0.0,0.0,0.0,,0.0,0.0,0.0
2019-09-18,3.889,3.889,3.889,3.889,0,0.0,0.0,0.0,0.0,0.0,,0.0,0.0,0.0
2019-09-19,3.889,3.889,3.889,3.889,0,0.0,0.0,0.0,0.0,0.0,,0.0,0.0,0.0
2019-09-20,3.889,3.889,3.889,3.889,0,0.0,0.0,0.0,0.0,0.0,,0.0,0.0,0.0
2019-09-23,3.889,3.889,3.889,3.889,0,0.0,0.0,0.0,0.0,0.0,,0.0,0.0,0.0
2019-09-24,3.889,3.889,3.889,3.889,3500,13611.5,0.0,0.0,0.0,0.0,,0.0,0.0,0.0
2019-09-25,3.889,3.889,3.889,3.889,0,0.0,0.0,0.0,0.0,0.0,,0.0,0.0,0.0
2019-09-26,3.889,3.889,3.889,3.889,0,0.0,0.0,0.0,0.0,0.0,,0.0,0.0,0.0
2019-09-27,3.889,3.889,3.889,3.889,0,0.0,0.0,0.0,0.0,0.0,,0.0,0.0,0.0
2019-09-30,3.889,3.889,3.889,3.889,0,0.0,0.0,0.0,0.0,0.0,,0.0,0.0,0.0
2019-10-01,3.889,3.889,3.889,3.889,0,0.0,0.0,0.0,0.0,0.0,,0.0,0.0,0.0
2019-10-02,3.889,3.889,3.889,3.889,0,0.0,0.0,0.0,0.0,0.0,,0.0,0.0,0.0
2019-10-03,3.889,3.889,3.889,3.889,0,0.0,0.0,0.0,0.0,0.0,,0.0,0.0,0.0
2019-10-04,3.889,3.889,3.889,3.889,0,0.0,0.0,0.0,0.0,0.0,,0.0,0.0,0.0
2019-10-07,3.889,3.889,3.889,3.889,0,0.0,0.0,0.0,0.0,0.0,,0.0,0.0,0.0
2019-10-08,3.889,3.889,3.889,3.889,0,0.0,0.0,0.0,0.0,0.0,,0.0,0.0,0.0
2019-10-09,3.889,3.889,3.889,3.889,0,0.0,0.0,0.0,0.0,0.0,,0.0,0.0,0.0
2019-10-10,3.889,3.889,3.889,3.889,0,0.0,0.0,0.0,0.0,0.0,,0.0,0.0,0.0
2019-10-11,3.889,3.889,3.889,3.889,0,0.0,0.0,0.0,0.0,0.0,,0.0,0.0,0.0
2019-10-14,3.889,3.889,3.889,3.889,0,0.0,0.0,0.0,0.0,0.0,,0.0,0.0,0.0
2019-10-15,3.889,3.889,3.889,3.889,0,0.0,0.0,0.0,0.0,0.0,,0.0,0.0,0.0
2019-10-16,3.889,3.889,3.889,3.889,0,0.0,0.0,0.0,0.0,0.0,,0.0,0.0,0.0
2019-10-17,3.889,3.889,3.889,3.889,0,0.0,0.0,0.0,0.0,0.0,,0.0,0.0,0.0
2019-10-18,3.889,3.889,3.889,3.889,11300,43945.7,0.0,0.0,0.0,0.0,,0.0,0.0,0.0
2019-10-21,3.889,3.889,3.889,3.889,2400,9333.6,0.0,0.0,0.0,0.0,,0.0,0.0,0.0
2019-10-22,3.889,3.889,3.889,3.889,0,0.0,0.0,0.0,0.0,0.0,,0.0,0.0,0.0
2019-10-23,3.889,3.889,3.889,3.889,0,0.0,0.0,0.0,0.0,0.0,,0.0,0.0,0.0
2019-10-24,3.889,3.889,3.889,3.889,0,0.0,0.0,0.0,0.0,0.0,,0.0,0.0,0.0
2019-10-25,3.889,3.889,3.889,3.889,0,0.0,0.0,0.0,0.0,0.0,,0.0,0.0,0.0
2019-10-28,3.889,3.889,3.889,3.889,0,0.0,0.0,0.0,0.0,0.0,,0.0,0.0,0.0
2019-10-29,3.889,3.889,3.889,3.889,0,0.0,0.0,0.0,0.0,0.0,,0.0,0.0,0.0
2019-10-30,3.889,3.889,3.889,3.889,0,0.0,0.0,0.0,0.0,0.0,,0.0,0.0,0.0
2019-10-31,3.889,3.889,3.889,3.889,0,0.0,0.0,0.0,0.0,0.0,,0.0,0.0,0.0
2019-11-01,4.299,4.299,4.299,4.299,100,429.9,0.0,0.0,0.0,0.0,,0.0,0.0,0.0
2019-11-04,4.831,4.831,4.831,4.831,100,483.1,0.0,0.0,0.0,0.0,,0.0,0.0,0.0
2019-11-05,4.954,4.954,4.954,4.954,200,990.8,0.0,0.0,0.0,0.0,,0.0,0.0,0.0
2019-11-06,4.995,5.077,4.995,5.077,900,4569.3,0.0,0.0,0.0,0.0,,0.0,0.0,0.0
2019-11-07,5.281,5.281,5.281,5.281,300,1584.3,0.0,0.0,0.0,0.0,,0.0,0.0,0.0
2019-11-08,5.281,5.363,5.281,5.363,1200,6435.6,0.0,0.0,0.0,0.0,,0.0,0.0,0.0
2019-11-11,6.018,6.018,6.018,6.018,100,601.8,0.0,0.0,0.0,0.0,,0.0,0.0,0.0
2019-11-12,6.878,6.878,5.65,6.878,2800,19258.4,0.0,0.0,0.0,0.0,,0.0,0.0,0.0
2019-11-13,6.714,6.714,6.714,6.714,2300,15442.2,0.0,0.0,0.0,0.0,,0.0,0.0,0.0
2019-11-14,7.042,7.124,7.042,7.124,300,2137.2,0.0,0.0,0.0,0.0,,0.0,0.0,0.0
2019-11-15,7.164,7.164,7.164,7.164,100,716.4,0.0,0.0,0.0,0.0,,0.0,0.0,0.0
2019-11-18,7.001,7.001,7.001,7.001,100,700.1,0.0,0.0,0.0,0.0,,0.0,0.0,0.0
2019-11-19,6.96,6.96,6.96,6.96,1500,10440.0,0.0,0.0,0.0,0.0,,0.0,0.0,0.0
2019-11-20,6.919,6.919,6.919,6.919,100,691.9,0.0,0.0,0.0,0.0,,0.0,0.0,0.0
2019-11-21,6.96,6.96,6.96,6.96,100,696.0,0.0,0.0,0.0,0.0,,0.0,0.0,0.0
2019-11-22,7.001,7.001,7.001,7.001,100,700.1,0.0,0.0,0.0,0.0,,0.0,0.0,0.0
2019-11-25,6.714,6.714,6.714,6.714,100,671.4000000000001,100.0,0.0,0.0,0.0,,0.0,0.0,0.0
2019-11-26,6.673,6.673,6.673,6.673,1200,8007.6,0.0,0.0,0.0,0.0,,0.0,0.0,0.0
2019-11-27,6.714,6.714,6.714,6.714,900,6042.6,0.0,0.0,0.0,0.0,,0.0,0.0,0.0
2019-11-28,6.755,6.755,6.755,6.755,1100,7430.5,0.0,0.0,0.0,0.0,,0.0,0.0,0.0
2019-11-29,6.591,6.591,6.591,6.591,1200,7909.2,0.0,0.0,0.0,0.0,,0.0,0.0,0.0
2019-12-02,6.55,6.55,6.55,6.55,1400,9170.0,0.0,0.0,0.0,0.0,,0.0,0.0,0.0
2019-12-03,6.55,6.55,6.55,6.55,1000,6550.0,0.0,0.0,0.0,0.0,,0.0,0.0,0.0
2019-12-04,6.428,6.428,6.428,6.428,1900,12213.2,0.0,0.0,0.0,0.0,,0.0,0.0,0.0
2019-12-05,6.428,6.428,6.428,6.428,900,5785.2,100.0,0.0,0.0,0.0,,0.0,0.0,0.0
2019-12-06,5.936,5.936,5.936,5.936,11100,65889.6,0.0,0.0,0.0,0.0,,0.0,0.0,0.0
2019-12-09,5.895,5.895,5.895,5.895,300,1768.4999999999998,0.0,0.0,0.0,0.0,,0.0,0.0,0.0
2019-12-10,5.895,5.895,5.895,5.895,100,589.5,0.0,0.0,0.0,0.0,,0.0,0.0,0.0
2019-12-11,5.895,5.895,5.895,5.895,100,589.5,0.0,0.0,0.0,0.0,,0.0,0.0,0.0
2019-12-12,5.895,5.895,5.895,5.895,900,5305.5,0.0,0.0,0.0,0.0,,0.0,0.0,0.0
2019-12-13,5.895,5.895,5.895,5.895,1100,6484.499999999999,0.0,0.0,0.0,0.0,,0.0,0.0,0.0
2019-12-16,5.895,5.895,5.895,5.895,1200,7073.999999999999,0.0,0.0,0.0,0.0,,0.0,0.0,0.0
2019-12-17,5.936,5.936,5.936,5.936,300,1780.8,0.0,0.0,0.0,0.0,,0.0,0.0,0.0
2019-12-18,5.977,5.977,5.977,5.977,500,2988.5,0.0,0.0,0.0,0.0,,0.0,0.0,0.0
2019-12-19,5.854,5.854,5.854,5.854,800,4683.2,0.0,0.0,0.0,0.0,,0.0,0.0,0.0
2019-12-20,6.141,6.223,6.141,6.223,3800,23647.4,0.0,0.0,0.0,0.0,,0.0,0.0,0.0
2019-12-23,7.083,7.083,7.083,7.083,12800,90662.4,0.0,0.0,0.0,0.0,,0.0,0.0,0.0
2019-12-24,8.106,8.106,8.106,8.106,756270,6130324.62,0.0,0.0,0.0,0.0,,0.0,0.0,0.0
2019-12-25,9.293,9.293,6.919,6.919,20300,140455.69999999998,0.0,0.0,0.0,0.0,,0.0,0.0,0.0
2019-12-26,6.837,6.919,6.837,6.837,15100,103238.7,100.0,0.0,0.0,0.0,,0.0,0.0,0.0
2019-12-27,5.936,5.936,5.936,5.936,1100,6529.6,100.0,0.0,0.0,0.0,,0.0,0.0,0.0
2019-12-30,6.182,6.796,5.936,5.936,5900,35022.4,0.0,0.0,0.0,0.0,,0.0,0.0,0.0
2019-12-31,5.486,5.486,5.486,5.486,5000,27430.0,0.0,0.0,0.0,0.0,,0.0,0.0,0.0
2020-01-02,5.117,5.117,4.954,4.954,9300,46072.2,200.0,0.0,0.0,0.0,,0.0,0.0,0.0
2020-01-03,5.322,5.404,5.322,5.404,1200,6484.8,0.0,0.0,0.0,0.0,,0.0,0.0,0.0
2020-01-06,5.813,5.813,5.813,5.813,200,1162.6,0.0,0.0,0.0,0.0,,0.0,0.0,0.0
2020-01-07,6.469,6.673,5.773,5.773,7000,40411.0,0.0,100.0,0.0,0.0,,0.0,0.0,0.0
2020-01-08,5.813,5.813,5.813,5.813,300,1743.9,0.0,0.0,0.0,0.0,,0.0,0.0,0.0
2020-01-09,5.813,5.813,5.813,5.813,0,0.0,0.0,0.0,0.0,0.0,,0.0,0.0,0.0
2020-01-10,5.813,5.813,5.813,5.813,0,0.0,0.0,0.0,0.0,0.0,,0.0,0.0,0.0
2020-01-13,5.813,5.813,5.813,5.813,0,0.0,0.0,0.0,0.0,0.0,,0.0,0.0,0.0
2020-01-14,5.813,5.813,5.813,5.813,0,0.0,0.0,0.0,0.0,0.0,,0.0,0.0,0.0
2020-01-15,5.854,5.854,5.854,5.854,300,1756.2,0.0,0.0,0.0,0.0,,0.0,0.0,0.0
2020-01-16,6.141,6.141,6.141,6.141,200,1228.2,0.0,0.0,0.0,0.0,,0.0,0.0,0.0
2020-01-17,6.141,6.141,6.141,6.141,300,1842.3,0.0,0.0,0.0,0.0,,0.0,0.0,0.0
2020-01-20,6.141,6.141,6.141,6.141,0,0.0,0.0,0.0,0.0,0.0,,0.0,0.0,0.0
2020-01-21,6.141,6.141,6.141,6.141,300,1842.3,0.0,0.0,0.0,0.0,,0.0,0.0,0.0
2020-01-22,6.141,6.141,6.141,6.141,0,0.0,0.0,0.0,0.0,0.0,,0.0,0.0,0.0
2020-01-30,6.141,6.141,6.141,6.141,400,2456.4,0.0,0.0,0.0,0.0,,0.0,0.0,0.0
2020-01-31,6.141,6.141,6.141,6.141,200,1228.2,0.0,0.0,0.0,0.0,,0.0,0.0,0.0
2020-02-03,6.141,6.141,6.141,6.141,300,1842.3,0.0,0.0,0.0,0.0,,0.0,0.0,0.0
2020-02-04,6.141,6.141,6.141,6.141,400,2456.4,0.0,0.0,0.0,0.0,,0.0,0.0,0.0
2020-02-05,6.1,6.1,6.1,6.1,1100,6710.0,0.0,0.0,0.0,0.0,,0.0,0.0,0.0
2020-02-06,6.141,6.141,6.141,6.141,700,4298.7,0.0,0.0,0.0,0.0,,0.0,0.0,0.0
2020-02-07,6.182,6.182,6.182,6.182,200,1236.4,0.0,0.0,0.0,0.0,,0.0,0.0,0.0
2020-02-10,6.141,6.141,6.141,6.141,300,1842.3,0.0,0.0,0.0,0.0,,0.0,0.0,0.0
2020-02-11,6.141,6.141,6.141,6.141,200,1228.2,0.0,0.0,0.0,0.0,,0.0,0.0,0.0
2020-02-12,6.141,6.141,6.141,6.141,0,0.0,0.0,0.0,0.0,0.0,,0.0,0.0,0.0
2020-02-13,5.527,5.527,5.527,5.527,2700,14922.9,0.0,0.0,0.0,0.0,,0.0,0.0,0.0
2020-02-14,5.527,5.527,5.527,5.527,1200,6632.400000000001,0.0,0.0,0.0,0.0,,0.0,0.0,0.0
2020-02-17,5.527,5.527,5.527,5.527,2700,14922.9,0.0,0.0,0.0,0.0,,0.0,0.0,0.0
2020-02-18,5.65,5.65,5.65,5.65,100,565.0,0.0,0.0,0.0,0.0,,0.0,0.0,0.0
2020-02-19,5.813,5.936,5.813,5.936,1600,9497.6,0.0,0.0,0.0,0.0,,0.0,0.0,0.0
2020-02-20,6.182,6.182,6.182,6.182,100,618.2,0.0,0.0,0.0,0.0,,0.0,0.0,0.0
2020-02-21,6.305,6.305,6.305,6.305,2700,17023.5,0.0,0.0,0.0,0.0,,0.0,0.0,0.0
2020-02-24,6.305,6.305,6.305,6.305,0,0.0,0.0,0.0,0.0,0.0,,0.0,0.0,0.0
2020-02-25,6.305,6.305,6.305,6.305,0,0.0,0.0,0.0,0.0,0.0,,0.0,0.0,0.0
2020-02-26,6.96,6.96,6.96,6.96,5300,36888.0,0.0,0.0,0.0,0.0,,0.0,0.0,0.0
2020-02-27,6.96,6.96,6.96,6.96,0,0.0,0.0,0.0,0.0,0.0,,0.0,0.0,0.0
2020-02-28,6.96,6.96,6.96,6.96,0,0.0,0.0,0.0,0.0,0.0,,0.0,0.0,0.0
2020-03-02,6.96,6.96,6.96,6.96,0,0.0,0.0,0.0,0.0,0.0,,0.0,0.0,0.0
2020-03-03,6.96,6.96,6.96,6.96,700,4872.0,0.0,0.0,0.0,0.0,,0.0,0.0,0.0
2020-03-04,6.96,6.96,6.96,6.96,0,0.0,0.0,0.0,0.0,0.0,,0.0,0.0,0.0
2020-03-05,6.96,6.96,6.96,6.96,0,0.0,0.0,0.0,0.0,0.0,,0.0,0.0,0.0
2020-03-06,6.96,6.96,6.96,6.96,0,0.0,0.0,0.0,0.0,0.0,,0.0,0.0,0.0
2020-03-09,6.96,6.96,6.96,6.96,0,0.0,0.0,0.0,0.0,0.0,,0.0,0.0,0.0
2020-03-10,6.96,6.96,6.96,6.96,0,0.0,0.0,0.0,0.0,0.0,,0.0,0.0,0.0
2020-03-11,6.96,6.96,6.96,6.96,0,0.0,0.0,0.0,0.0,0.0,,0.0,0.0,0.0
2020-03-12,6.96,6.96,6.96,6.96,0,0.0,0.0,0.0,0.0,0.0,,0.0,0.0,0.0
2020-03-13,6.96,6.96,6.96,6.96,0,0.0,0.0,0.0,0.0,0.0,,0.0,0.0,0.0
2020-03-16,6.96,6.96,6.96,6.96,0,0.0,0.0,0.0,0.0,0.0,,0.0,0.0,0.0
2020-03-17,6.96,6.96,6.96,6.96,0,0.0,0.0,0.0,0.0,0.0,,0.0,0.0,0.0
2020-03-18,6.96,6.96,6.96,6.96,0,0.0,0.0,0.0,0.0,0.0,,0.0,0.0,0.0
2020-03-19,6.96,6.96,6.96,6.96,0,0.0,0.0,0.0,0.0,0.0,,0.0,0.0,0.0
2020-03-20,6.96,6.96,6.96,6.96,0,0.0,0.0,0.0,0.0,0.0,,0.0,0.0,0.0
2020-03-23,6.96,6.96,6.96,6.96,0,0.0,0.0,0.0,0.0,0.0,,0.0,0.0,0.0
2020-03-24,6.96,6.96,6.96,6.96,0,0.0,0.0,0.0,0.0,0.0,,0.0,0.0,0.0
2020-03-25,6.96,6.96,6.96,6.96,0,0.0,0.0,0.0,0.0,0.0,,0.0,0.0,0.0
2020-03-26,6.96,6.96,6.96,6.96,0,0.0,0.0,0.0,0.0,0.0,,0.0,0.0,0.0
2020-03-27,6.96,6.96,6.96,6.96,0,0.0,0.0,0.0,0.0,0.0,,0.0,0.0,0.0
2020-03-30,6.96,6.96,6.96,6.96,0,0.0,0.0,0.0,0.0,0.0,,0.0,0.0,0.0
2020-03-31,6.96,6.96,6.96,6.96,0,0.0,0.0,0.0,0.0,0.0,,0.0,0.0,0.0
2020-04-01,6.96,6.96,6.96,6.96,0,0.0,0.0,0.0,0.0,0.0,,0.0,0.0,0.0
2020-04-03,6.96,6.96,6.96,6.96,0,0.0,0.0,0.0,0.0,0.0,,0.0,0.0,0.0
2020-04-06,6.96,6.96,6.96,6.96,0,0.0,0.0,0.0,0.0,0.0,,0.0,0.0,0.0
2020-04-07,6.96,6.96,6.96,6.96,0,0.0,0.0,0.0,0.0,0.0,,0.0,0.0,0.0
2020-04-08,6.96,6.96,6.96,6.96,0,0.0,0.0,0.0,0.0,0.0,,0.0,0.0,0.0
2020-04-09,6.96,6.96,6.96,6.96,0,0.0,0.0,0.0,0.0,0.0,,0.0,0.0,0.0
2020-04-10,6.96,6.96,6.96,6.96,0,0.0,0.0,0.0,0.0,0.0,,0.0,0.0,0.0
2020-04-13,6.96,6.96,6.96,6.96,0,0.0,0.0,0.0,0.0,0.0,,0.0,0.0,0.0
2020-04-14,6.96,6.96,6.96,6.96,0,0.0,0.0,0.0,0.0,0.0,,0.0,0.0,0.0
2020-04-15,6.96,6.96,6.96,6.96,0,0.0,0.0,0.0,0.0,0.0,,0.0,0.0,0.0
2020-04-16,6.96,6.96,6.96,6.96,0,0.0,0.0,0.0,0.0,0.0,,0.0,0.0,0.0
2020-04-17,6.96,6.96,6.96,6.96,0,0.0,0.0,0.0,0.0,0.0,,0.0,0.0,0.0
2020-04-20,6.96,6.96,6.96,6.96,0,0.0,0.0,0.0,0.0,0.0,,0.0,0.0,0.0
2020-04-21,6.96,6.96,6.96,6.96,0,0.0,0.0,0.0,0.0,0.0,,0.0,0.0,0.0
2020-04-22,6.96,6.96,6.96,6.96,0,0.0,0.0,0.0,0.0,0.0,,0.0,0.0,0.0
2020-04-23,6.96,6.96,6.96,6.96,0,0.0,0.0,0.0,0.0,0.0,,0.0,0.0,0.0
2020-04-24,6.96,6.96,6.96,6.96,0,0.0,0.0,0.0,0.0,0.0,,0.0,0.0,0.0
2020-04-27,6.96,6.96,6.96,6.96,0,0.0,0.0,0.0,0.0,0.0,,0.0,0.0,0.0
2020-04-28,6.96,6.96,6.96,6.96,0,0.0,0.0,0.0,0.0,0.0,,0.0,0.0,0.0
2020-04-29,6.96,6.96,6.96,6.96,0,0.0,0.0,0.0,0.0,0.0,,0.0,0.0,0.0
2020-05-04,6.96,6.96,6.96,6.96,100,696.0,0.0,100.0,0.0,0.0,,0.0,0.0,0.0
2020-05-05,6.96,6.96,6.96,6.96,2900,20184.0,0.0,400.0,0.0,10000.0,,0.0,0.0,0.01
2020-05-06,7.942,7.942,7.942,7.942,100,794.2,0.0,0.0,0.0,0.0,,0.0,0.0,0.0
2020-05-07,9.13,9.13,9.13,9.13,100,913.0,0.0,0.0,0.0,0.0,,0.0,0.0,0.0
2020-05-08,10.44,10.44,10.44,10.44,100,1044.0,0.0,0.0,0.0,0.0,,0.0,0.0,0.0
2020-05-11,10.44,10.44,10.44,10.44,0,0.0,0.0,0.0,0.0,0.0,,0.0,0.0,0.0
2020-05-12,10.44,10.44,10.44,10.44,0,0.0,0.0,0.0,0.0,0.0,,0.0,0.0,0.0
2020-05-13,10.44,10.44,10.44,10.44,0,0.0,0.0,0.0,0.0,0.0,,0.0,0.0,0.0
2020-05-14,10.44,10.44,10.44,10.44,0,0.0,0.0,0.0,0.0,0.0,,0.0,0.0,0.0
2020-05-15,10.44,10.44,10.44,10.44,0,0.0,0.0,0.0,0.0,0.0,,0.0,0.0,0.0
2020-05-18,10.44,10.44,10.44,10.44,0,0.0,0.0,0.0,0.0,0.0,,0.0,0.0,0.0
2020-05-19,10.44,10.44,10.44,10.44,0,0.0,0.0,0.0,0.0,0.0,,0.0,0.0,0.0
2020-05-20,10.44,10.44,10.44,10.44,0,0.0,0.0,0.0,0.0,0.0,,0.0,0.0,0.0
2020-05-21,10.44,10.44,10.44,10.44,0,0.0,0.0,0.0,0.0,0.0,,0.0,0.0,0.0
2020-05-22,10.44,10.44,10.44,10.44,0,0.0,0.0,0.0,0.0,0.0,,0.0,0.0,0.0
2020-05-25,8.884,8.884,8.884,8.884,100,888.4000000000001,0.0,0.0,0.0,0.0,,0.0,0.0,0.0
2020-05-26,7.574,7.574,7.574,7.574,100,757.4,0.0,0.0,0.0,0.0,,0.0,0.0,0.0
2020-05-27,7.574,7.574,7.574,7.574,0,0.0,0.0,0.0,0.0,0.0,,0.0,0.0,0.0
2020-05-28,6.509,6.509,6.509,6.509,100,650.9000000000001,0.0,0.0,0.0,0.0,,0.0,0.0,0.0
2020-05-29,6.509,6.509,6.509,6.509,0,0.0,0.0,0.0,0.0,0.0,,0.0,0.0,0.0
2020-06-01,5.609,5.609,5.609,5.609,100,560.9,0.0,0.0,0.0,0.0,,0.0,0.0,0.0
2020-06-02,4.831,4.831,4.831,4.831,100,483.1,0.0,0.0,0.0,0.0,,0.0,0.0,0.0
2020-06-03,4.831,4.831,4.831,4.831,0,0.0,0.0,0.0,0.0,0.0,,0.0,0.0,0.0
2020-06-04,4.831,4.831,4.831,4.831,0,0.0,0.0,0.0,0.0,0.0,,0.0,0.0,0.0
2020-06-05,4.831,4.831,4.831,4.831,0,0.0,0.0,0.0,0.0,0.0,,0.0,0.0,0.0
2020-06-08,4.831,4.831,4.831,4.831,0,0.0,0.0,0.0,0.0,0.0,,0.0,0.0,0.0
2020-06-09,4.831,4.831,4.831,4.831,0,0.0,0.0,0.0,0.0,0.0,,0.0,0.0,0.0
2020-06-10,4.831,4.831,4.831,4.831,0,0.0,0.0,0.0,0.0,0.0,,0.0,0.0,0.0
2020-06-11,4.831,4.831,4.831,4.831,0,0.0,0.0,0.0,0.0,0.0,,0.0,0.0,0.0
2020-06-12,4.831,4.831,4.831,4.831,0,0.0,0.0,0.0,0.0,0.0,,0.0,0.0,0.0
2020-06-15,4.831,4.831,4.831,4.831,0,0.0,0.0,0.0,0.0,0.0,,0.0,0.0,0.0
2020-06-16,4.831,4.831,4.831,4.831,0,0.0,0.0,0.0,0.0,0.0,,0.0,0.0,0.0
2020-06-17,4.831,4.831,4.831,4.831,0,0.0,0.0,0.0,0.0,0.0,,0.0,0.0,0.0
2020-06-18,4.831,4.831,4.831,4.831,0,0.0,0.0,0.0,0.0,0.0,,0.0,0.0,0.0
2020-06-19,4.831,4.831,4.831,4.831,0,0.0,0.0,0.0,0.0,0.0,,0.0,0.0,0.0
2020-06-22,4.831,4.831,4.831,4.831,0,0.0,0.0,0.0,0.0,0.0,,0.0,0.0,0.0
2020-06-23,4.831,4.831,4.831,4.831,0,0.0,0.0,0.0,0.0,0.0,,0.0,0.0,0.0
2020-06-24,4.831,4.831,4.831,4.831,0,0.0,0.0,0.0,0.0,0.0,,0.0,0.0,0.0
2020-06-25,4.831,4.831,4.831,4.831,0,0.0,0.0,0.0,0.0,0.0,,0.0,0.0,0.0
2020-06-26,4.831,4.831,4.831,4.831,0,0.0,0.0,0.0,0.0,0.0,,0.0,0.0,0.0
2020-06-29,4.831,4.831,4.831,4.831,0,0.0,0.0,0.0,0.0,0.0,,0.0,0.0,0.0
2020-06-30,4.831,4.831,4.831,4.831,0,0.0,0.0,0.0,0.0,0.0,,0.0,0.0,0.0
2020-07-01,4.831,4.831,4.831,4.831,0,0.0,0.0,0.0,0.0,0.0,,0.0,0.0,0.0
2020-07-02,4.831,4.831,4.831,4.831,0,0.0,0.0,0.0,0.0,0.0,,0.0,0.0,0.0
2020-07-03,4.831,4.831,4.831,4.831,0,0.0,0.0,0.0,0.0,0.0,,0.0,0.0,0.0
2020-07-06,4.831,4.831,4.831,4.831,0,0.0,0.0,0.0,0.0,0.0,,0.0,0.0,0.0
2020-07-07,4.831,4.831,4.831,4.831,0,0.0,0.0,0.0,0.0,0.0,,0.0,0.0,0.0
2020-07-08,4.831,4.831,4.831,4.831,0,0.0,0.0,0.0,0.0,0.0,,0.0,0.0,0.0
2020-07-09,4.831,4.831,4.831,4.831,0,0.0,0.0,0.0,0.0,0.0,,0.0,0.0,0.0
2020-07-10,4.831,4.831,4.831,4.831,0,0.0,0.0,0.0,0.0,0.0,,0.0,0.0,0.0
2020-07-13,4.831,4.831,4.831,4.831,0,0.0,0.0,0.0,0.0,0.0,,0.0,0.0,0.0
2020-07-14,4.831,4.831,4.831,4.831,0,0.0,0.0,0.0,0.0,0.0,,0.0,0.0,0.0
2020-07-15,4.831,4.831,4.831,4.831,0,0.0,0.0,0.0,0.0,0.0,,0.0,0.0,0.0
2020-07-16,4.831,4.831,4.831,4.831,0,0.0,0.0,0.0,0.0,0.0,,0.0,0.0,0.0
2020-07-17,4.831,4.831,4.831,4.831,0,0.0,0.0,0.0,0.0,0.0,,0.0,0.0,0.0
2020-07-20,4.831,4.831,4.831,4.831,0,0.0,0.0,0.0,0.0,0.0,,0.0,0.0,0.0
2020-07-21,4.831,4.831,4.831,4.831,0,0.0,0.0,0.0,0.0,0.0,,0.0,0.0,0.0
2020-07-22,4.831,4.831,4.831,4.831,0,0.0,0.0,0.0,0.0,0.0,,0.0,0.0,0.0
2020-07-23,4.831,4.831,4.831,4.831,0,0.0,0.0,0.0,0.0,0.0,,0.0,0.0,0.0
2020-07-24,4.831,4.831,4.831,4.831,0,0.0,0.0,0.0,0.0,0.0,,0.0,0.0,0.0
2020-07-27,4.831,4.831,4.831,4.831,0,0.0,0.0,0.0,0.0,0.0,,0.0,0.0,0.0
2020-07-28,4.831,4.831,4.831,4.831,0,0.0,0.0,0.0,0.0,0.0,,0.0,0.0,0.0
2020-07-29,4.831,4.831,4.831,4.831,0,0.0,0.0,0.0,0.0,0.0,,0.0,0.0,0.0
2020-07-30,4.831,4.831,4.831,4.831,0,0.0,0.0,0.0,0.0,0.0,,0.0,0.0,0.0
2020-07-31,4.831,4.831,4.831,4.831,0,0.0,0.0,0.0,0.0,0.0,,0.0,0.0,0.0
2020-08-03,4.831,4.831,4.831,4.831,0,0.0,0.0,0.0,0.0,0.0,,0.0,0.0,0.0
2020-08-04,4.831,4.831,4.831,4.831,0,0.0,0.0,0.0,0.0,0.0,,0.0,0.0,0.0
2020-08-05,4.831,4.831,4.831,4.831,0,0.0,0.0,0.0,0.0,0.0,,0.0,0.0,0.0
2020-08-06,4.831,4.831,4.831,4.831,0,0.0,0.0,0.0,0.0,0.0,,0.0,0.0,0.0
2020-08-07,4.831,4.831,4.831,4.831,0,0.0,0.0,0.0,0.0,0.0,,0.0,0.0,0.0
2020-08-10,4.831,4.831,4.831,4.831,0,0.0,0.0,0.0,0.0,0.0,,0.0,0.0,0.0
2020-08-11,4.831,4.831,4.831,4.831,0,0.0,0.0,0.0,0.0,0.0,,0.0,0.0,0.0
2020-08-12,4.831,4.831,4.831,4.831,0,0.0,0.0,0.0,0.0,0.0,,0.0,0.0,0.0
2020-08-13,4.831,4.831,4.831,4.831,0,0.0,0.0,0.0,0.0,0.0,,0.0,0.0,0.0
2020-08-14,4.831,4.831,4.831,4.831,0,0.0,0.0,0.0,0.0,0.0,,0.0,0.0,0.0
2020-08-17,4.831,4.831,4.831,4.831,0,0.0,0.0,0.0,0.0,0.0,,0.0,0.0,0.0
2020-08-18,4.831,4.831,4.831,4.831,0,0.0,0.0,0.0,0.0,0.0,,0.0,0.0,0.0
2020-08-19,4.831,4.831,4.831,4.831,0,0.0,0.0,0.0,0.0,0.0,,0.0,0.0,0.0
2020-08-20,4.831,4.831,4.831,4.831,0,0.0,0.0,0.0,0.0,0.0,,0.0,0.0,0.0
2020-08-21,4.831,4.831,4.831,4.831,0,0.0,0.0,0.0,0.0,0.0,,0.0,0.0,0.0
2020-08-24,4.831,4.831,4.831,4.831,0,0.0,0.0,0.0,0.0,0.0,,0.0,0.0,0.0
2020-08-25,4.831,4.831,4.831,4.831,0,0.0,0.0,0.0,0.0,0.0,,0.0,0.0,0.0
2020-08-26,4.831,4.831,4.831,4.831,0,0.0,0.0,0.0,0.0,0.0,,0.0,0.0,0.0
2020-08-27,4.831,4.831,4.831,4.831,0,0.0,0.0,0.0,0.0,0.0,,0.0,0.0,0.0
2020-08-28,4.831,4.831,4.831,4.831,0,0.0,0.0,0.0,0.0,0.0,,0.0,0.0,0.0
2020-08-31,4.831,4.831,4.831,4.831,0,0.0,0.0,0.0,0.0,0.0,,0.0,0.0,0.0
2020-09-01,4.831,4.831,4.831,4.831,0,0.0,0.0,0.0,0.0,0.0,,0.0,0.0,0.0
2020-09-03,4.831,4.831,4.831,4.831,0,0.0,0.0,0.0,0.0,0.0,,0.0,0.0,0.0
2020-09-04,4.831,4.831,4.831,4.831,0,0.0,0.0,0.0,0.0,0.0,,0.0,0.0,0.0
2020-09-07,4.831,4.831,4.831,4.831,0,0.0,0.0,0.0,0.0,0.0,,0.0,0.0,0.0
2020-09-08,4.831,4.831,4.831,4.831,0,0.0,0.0,0.0,0.0,0.0,,0.0,0.0,0.0
2020-09-09,4.831,4.831,4.831,4.831,0,0.0,0.0,0.0,0.0,0.0,,0.0,0.0,0.0
2020-09-10,4.831,4.831,4.831,4.831,0,0.0,0.0,0.0,0.0,0.0,,0.0,0.0,0.0
2020-09-11,4.831,4.831,4.831,4.831,0,0.0,0.0,0.0,0.0,0.0,,0.0,0.0,0.0
2020-09-14,4.831,4.831,4.831,4.831,0,0.0,0.0,0.0,0.0,0.0,,0.0,0.0,0.0
2020-09-15,4.831,4.831,4.831,4.831,0,0.0,0.0,0.0,0.0,0.0,,0.0,0.0,0.0
2020-09-16,4.831,4.831,4.831,4.831,0,0.0,0.0,0.0,0.0,0.0,,0.0,0.0,0.0
2020-09-17,4.831,4.831,4.831,4.831,0,0.0,0.0,0.0,0.0,0.0,,0.0,0.0,0.0
2020-09-18,4.831,4.831,4.831,4.831,0,0.0,0.0,0.0,0.0,0.0,,0.0,0.0,0.0
2020-09-21,4.831,4.831,4.831,4.831,0,0.0,0.0,0.0,0.0,0.0,,0.0,0.0,0.0
2020-09-22,4.831,4.831,4.831,4.831,0,0.0,0.0,0.0,0.0,0.0,,0.0,0.0,0.0
2020-09-23,4.831,4.831,4.831,4.831,0,0.0,0.0,0.0,0.0,0.0,,0.0,0.0,0.0
2020-09-24,4.831,4.831,4.831,4.831,0,0.0,0.0,0.0,0.0,0.0,,0.0,0.0,0.0
2020-09-25,4.831,4.831,4.831,4.831,0,0.0,0.0,0.0,0.0,0.0,,0.0,0.0,0.0
2020-09-28,4.831,4.831,4.831,4.831,0,0.0,0.0,0.0,0.0,0.0,,0.0,0.0,0.0
2020-09-29,4.831,4.831,4.831,4.831,0,0.0,0.0,0.0,0.0,0.0,,0.0,0.0,0.0
2020-09-30,4.831,4.831,4.831,4.831,0,0.0,0.0,0.0,0.0,0.0,,0.0,0.0,0.0
2020-10-01,4.831,4.831,4.831,4.831,0,0.0,0.0,0.0,0.0,0.0,,0.0,0.0,0.0
2020-10-02,4.831,4.831,4.831,4.831,0,0.0,0.0,0.0,0.0,0.0,,0.0,0.0,0.0
2020-10-05,4.831,4.831,4.831,4.831,0,0.0,0.0,0.0,0.0,0.0,,0.0,0.0,0.0
2020-10-06,4.831,4.831,4.831,4.831,0,0.0,0.0,0.0,0.0,0.0,,0.0,0.0,0.0
2020-10-07,4.831,4.831,4.831,4.831,0,0.0,0.0,0.0,0.0,0.0,,0.0,0.0,0.0
2020-10-08,4.831,4.831,4.831,4.831,0,0.0,0.0,0.0,0.0,0.0,,0.0,0.0,0.0
2020-10-09,4.831,4.831,4.831,4.831,0,0.0,0.0,0.0,0.0,0.0,,0.0,0.0,0.0
2020-10-12,4.831,4.831,4.831,4.831,0,0.0,0.0,0.0,0.0,0.0,,0.0,0.0,0.0
2020-10-13,4.831,4.831,4.831,4.831,0,0.0,0.0,0.0,0.0,0.0,,0.0,0.0,0.0
2020-10-14,4.831,4.831,4.831,4.831,0,0.0,0.0,0.0,0.0,0.0,,0.0,0.0,0.0
2020-10-15,4.831,4.831,4.831,4.831,0,0.0,0.0,0.0,0.0,0.0,,0.0,0.0,0.0
2020-10-16,4.831,4.831,4.831,4.831,0,0.0,0.0,0.0,0.0,0.0,,0.0,0.0,0.0
2020-10-19,4.831,4.831,4.831,4.831,0,0.0,0.0,0.0,0.0,0.0,,0.0,0.0,0.0
2020-10-20,4.831,4.831,4.831,4.831,0,0.0,0.0,0.0,0.0,0.0,,0.0,0.0,0.0
2020-10-21,4.831,4.831,4.831,4.831,0,0.0,0.0,0.0,0.0,0.0,,0.0,0.0,0.0
2020-10-22,4.831,4.831,4.831,4.831,0,0.0,0.0,0.0,0.0,0.0,,0.0,0.0,0.0
2020-10-23,4.831,4.831,4.831,4.831,0,0.0,0.0,0.0,0.0,0.0,,0.0,0.0,0.0
2020-10-26,4.831,4.831,4.831,4.831,0,0.0,0.0,0.0,0.0,0.0,,0.0,0.0,0.0
2020-10-27,4.831,4.831,4.831,4.831,0,0.0,0.0,0.0,0.0,0.0,,0.0,0.0,0.0
2020-10-28,4.831,4.831,4.831,4.831,0,0.0,0.0,0.0,0.0,0.0,,0.0,0.0,0.0
2020-10-29,4.831,4.831,4.831,4.831,0,0.0,0.0,0.0,0.0,0.0,,0.0,0.0,0.0
2020-10-30,4.831,4.831,4.831,4.831,0,0.0,0.0,0.0,0.0,0.0,,0.0,0.0,0.0
2020-11-02,4.831,4.831,4.831,4.831,0,0.0,0.0,0.0,0.0,0.0,,0.0,0.0,0.0
2020-11-03,4.831,4.831,4.831,4.831,0,0.0,0.0,0.0,0.0,0.0,,0.0,0.0,0.0
2020-11-04,4.831,4.831,4.831,4.831,0,0.0,0.0,0.0,0.0,0.0,,0.0,0.0,0.0
2020-11-05,4.831,4.831,4.831,4.831,0,0.0,0.0,0.0,0.0,0.0,,0.0,0.0,0.0
2020-11-06,4.831,4.831,4.831,4.831,0,0.0,0.0,0.0,0.0,0.0,,0.0,0.0,0.0
2020-11-09,4.831,4.831,4.831,4.831,0,0.0,0.0,0.0,0.0,0.0,,0.0,0.0,0.0
2020-11-10,4.831,4.831,4.831,4.831,0,0.0,0.0,0.0,0.0,0.0,,0.0,0.0,0.0
2020-11-11,4.831,4.831,4.831,4.831,0,0.0,0.0,0.0,0.0,0.0,,0.0,0.0,0.0
2020-11-12,4.831,4.831,4.831,4.831,0,0.0,0.0,0.0,0.0,0.0,,0.0,0.0,0.0
2020-11-13,4.831,4.831,4.831,4.831,0,0.0,0.0,0.0,0.0,0.0,,0.0,0.0,0.0
2020-11-16,4.831,4.831,4.831,4.831,0,0.0,0.0,0.0,0.0,0.0,,0.0,0.0,0.0
2020-11-17,4.831,4.831,4.831,4.831,0,0.0,0.0,0.0,0.0,0.0,,0.0,0.0,0.0
2020-11-18,4.831,4.831,4.831,4.831,0,0.0,0.0,0.0,0.0,0.0,,0.0,0.0,0.0
2020-11-19,2.933,2.933,2.933,2.933,100,293.29999999999995,0.0,0.0,0.0,0.0,,0.0,0.0,0.0
2020-11-20,2.933,2.933,2.933,2.933,0,0.0,0.0,0.0,0.0,0.0,,0.0,0.0,0.0
2020-11-23,2.933,2.933,2.933,2.933,0,0.0,0.0,0.0,0.0,0.0,,0.0,0.0,0.0
2020-11-24,2.933,2.933,2.933,2.933,0,0.0,0.0,0.0,0.0,0.0,,0.0,0.0,0.0
2020-11-25,2.933,2.933,2.933,2.933,0,0.0,0.0,0.0,0.0,0.0,,0.0,0.0,0.0
2020-11-26,2.933,2.933,2.933,2.933,0,0.0,0.0,0.0,0.0,0.0,,0.0,0.0,0.0
2020-11-27,2.933,2.933,2.933,2.933,0,0.0,0.0,0.0,0.0,0.0,,0.0,0.0,0.0
2020-11-30,2.933,2.933,2.933,2.933,0,0.0,0.0,0.0,0.0,0.0,,0.0,0.0,0.0
2020-12-01,2.933,2.933,2.933,2.933,0,0.0,0.0,0.0,0.0,0.0,,0.0,0.0,0.0
2020-12-02,2.933,2.933,2.933,2.933,0,0.0,0.0,0.0,0.0,0.0,,0.0,0.0,0.0
2020-12-03,2.933,2.933,2.933,2.933,0,0.0,0.0,0.0,0.0,0.0,,0.0,0.0,0.0
2020-12-04,2.933,2.933,2.933,2.933,0,0.0,0.0,0.0,0.0,0.0,,0.0,0.0,0.0
2020-12-07,2.933,2.933,2.933,2.933,0,0.0,0.0,0.0,0.0,0.0,,0.0,0.0,0.0
2020-12-08,2.933,2.933,2.933,2.933,0,0.0,0.0,0.0,0.0,0.0,,0.0,0.0,0.0
2020-12-09,2.933,2.933,2.933,2.933,0,0.0,0.0,0.0,0.0,0.0,,0.0,0.0,0.0
2020-12-10,2.933,2.933,2.933,2.933,0,0.0,0.0,0.0,0.0,0.0,,0.0,0.0,0.0
2020-12-11,2.933,2.933,2.933,2.933,0,0.0,0.0,0.0,0.0,0.0,,0.0,0.0,0.0
2020-12-14,2.933,2.933,2.933,2.933,0,0.0,0.0,0.0,0.0,0.0,,0.0,0.0,0.0
2020-12-15,2.933,2.933,2.933,2.933,0,0.0,0.0,0.0,0.0,0.0,,0.0,0.0,0.0
2020-12-16,2.933,2.933,2.933,2.933,0,0.0,0.0,0.0,0.0,0.0,,0.0,0.0,0.0
2020-12-17,2.933,2.933,2.933,2.933,0,0.0,0.0,0.0,0.0,0.0,,0.0,0.0,0.0
2020-12-18,2.933,2.933,2.933,2.933,0,0.0,0.0,0.0,0.0,0.0,,0.0,0.0,0.0
2020-12-21,2.933,2.933,2.933,2.933,0,0.0,0.0,0.0,0.0,0.0,,0.0,0.0,0.0
2020-12-22,2.933,2.933,2.933,2.933,0,0.0,0.0,0.0,0.0,0.0,,0.0,0.0,0.0
2020-12-23,2.933,2.933,2.933,2.933,0,0.0,0.0,0.0,0.0,0.0,,0.0,0.0,0.0
2020-12-24,2.933,2.933,2.933,2.933,0,0.0,0.0,0.0,0.0,0.0,,0.0,0.0,0.0
2020-12-25,2.933,2.933,2.933,2.933,0,0.0,0.0,0.0,0.0,0.0,,0.0,0.0,0.0
2020-12-28,2.933,2.933,2.933,2.933,0,0.0,0.0,0.0,0.0,0.0,,0.0,0.0,0.0
2020-12-29,2.933,2.933,2.933,2.933,0,0.0,0.0,0.0,0.0,0.0,,0.0,0.0,0.0
2020-12-30,2.933,2.933,2.933,2.933,0,0.0,0.0,0.0,0.0,0.0,,0.0,0.0,0.0
2020-12-31,2.933,2.933,2.933,2.933,0,0.0,0.0,0.0,0.0,0.0,,0.0,0.0,0.0
2021-01-04,2.933,2.933,2.933,2.933,0,0.0,0.0,0.0,0.0,0.0,,0.0,0.0,0.0
2021-01-05,2.933,2.933,2.933,2.933,0,0.0,0.0,0.0,0.0,0.0,,0.0,0.0,0.0
2021-01-06,2.933,2.933,2.933,2.933,0,0.0,0.0,0.0,0.0,0.0,,0.0,0.0,0.0
2021-01-07,2.933,2.933,2.933,2.933,0,0.0,0.0,0.0,0.0,0.0,,0.0,0.0,0.0
2021-01-08,2.933,2.933,2.933,2.933,0,0.0,0.0,0.0,0.0,0.0,,0.0,0.0,0.0
2021-01-11,2.933,2.933,2.933,2.933,0,0.0,0.0,0.0,0.0,0.0,,0.0,0.0,0.0
2021-01-12,2.933,2.933,2.933,2.933,0,0.0,0.0,0.0,0.0,0.0,,0.0,0.0,0.0
2021-01-13,2.933,2.933,2.933,2.933,0,0.0,0.0,0.0,0.0,0.0,,0.0,0.0,0.0
2021-01-14,2.933,2.933,2.933,2.933,0,0.0,0.0,0.0,0.0,0.0,,0.0,0.0,0.0
2021-01-15,2.933,2.933,2.933,2.933,0,0.0,0.0,0.0,0.0,0.0,,0.0,0.0,0.0
2021-01-18,2.933,2.933,2.933,2.933,0,0.0,0.0,0.0,0.0,0.0,,0.0,0.0,0.0
2021-01-19,2.933,2.933,2.933,2.933,0,0.0,0.0,0.0,0.0,0.0,,0.0,0.0,0.0
2021-01-20,2.933,2.933,2.933,2.933,0,0.0,0.0,0.0,0.0,0.0,,0.0,0.0,0.0
2021-01-21,2.933,2.933,2.933,2.933,0,0.0,0.0,0.0,0.0,0.0,,0.0,0.0,0.0
2021-01-22,2.933,2.933,2.933,2.933,0,0.0,0.0,0.0,0.0,0.0,,0.0,0.0,0.0
2021-01-25,2.933,2.933,2.933,2.933,0,0.0,0.0,0.0,0.0,0.0,,0.0,0.0,0.0
2021-01-26,2.933,2.933,2.933,2.933,0,0.0,0.0,0.0,0.0,0.0,,0.0,0.0,0.0
2021-01-27,2.933,2.933,2.933,2.933,0,0.0,0.0,0.0,0.0,0.0,,0.0,0.0,0.0
2021-01-28,2.933,2.933,2.933,2.933,0,0.0,0.0,0.0,0.0,0.0,,0.0,0.0,0.0
2021-01-29,2.933,2.933,2.933,2.933,160000,469280.0,0.0,0.0,0.0,0.0,,0.0,0.0,0.0
2021-02-01,2.933,2.933,2.933,2.933,0,0.0,0.0,0.0,0.0,0.0,,0.0,0.0,0.0
2021-02-02,2.933,2.933,2.933,2.933,0,0.0,0.0,0.0,0.0,0.0,,0.0,0.0,0.0
2021-02-03,2.933,2.933,2.933,2.933,0,0.0,0.0,0.0,0.0,0.0,,0.0,0.0,0.0
2021-02-04,2.933,2.933,2.933,2.933,0,0.0,0.0,0.0,0.0,0.0,,0.0,0.0,0.0
2021-02-05,2.933,2.933,2.933,2.933,0,0.0,0.0,0.0,0.0,0.0,,0.0,0.0,0.0
2021-02-08,2.933,2.933,2.933,2.933,0,0.0,0.0,0.0,0.0,0.0,,0.0,0.0,0.0
2021-02-09,2.933,2.933,2.933,2.933,0,0.0,0.0,0.0,0.0,0.0,,0.0,0.0,0.0
2021-02-17,2.933,2.933,2.933,2.933,0,0.0,0.0,0.0,0.0,0.0,,0.0,0.0,0.0
2021-02-18,2.933,2.933,2.933,2.933,0,0.0,0.0,0.0,0.0,0.0,,0.0,0.0,0.0
2021-02-19,2.933,2.933,2.933,2.933,0,0.0,0.0,0.0,0.0,0.0,,0.0,0.0,0.0
2021-02-22,2.933,2.933,2.933,2.933,0,0.0,0.0,0.0,0.0,0.0,,0.0,0.0,0.0
2021-02-23,2.933,2.933,2.933,2.933,0,0.0,0.0,0.0,0.0,0.0,,0.0,0.0,0.0
2021-02-24,2.933,2.933,2.933,2.933,0,0.0,0.0,0.0,0.0,0.0,,0.0,0.0,0.0
2021-02-25,2.933,2.933,2.933,2.933,0,0.0,0.0,0.0,0.0,0.0,,0.0,0.0,0.0
2021-02-26,2.933,2.933,2.933,2.933,0,0.0,0.0,0.0,0.0,0.0,,0.0,0.0,0.0
2021-03-01,2.933,2.933,2.933,2.933,0,0.0,0.0,0.0,0.0,0.0,,0.0,0.0,0.0
2021-03-02,2.933,2.933,2.933,2.933,0,0.0,0.0,0.0,0.0,0.0,,0.0,0.0,0.0
2021-03-03,2.933,2.933,2.933,2.933,0,0.0,0.0,0.0,0.0,0.0,,0.0,0.0,0.0
2021-03-04,2.933,2.933,2.933,2.933,0,0.0,0.0,0.0,0.0,0.0,,0.0,0.0,0.0
2021-03-05,2.933,2.933,2.933,2.933,0,0.0,0.0,0.0,0.0,0.0,,0.0,0.0,0.0
2021-03-08,2.933,2.933,2.933,2.933,0,0.0,0.0,0.0,0.0,0.0,,0.0,0.0,0.0
2021-03-09,2.933,2.933,2.933,2.933,0,0.0,0.0,0.0,0.0,0.0,,0.0,0.0,0.0
2021-03-10,2.933,2.933,2.933,2.933,0,0.0,0.0,0.0,0.0,0.0,,0.0,0.0,0.0
2021-03-11,2.933,2.933,2.933,2.933,0,0.0,0.0,0.0,0.0,0.0,,0.0,0.0,0.0
2021-03-12,2.933,2.933,2.933,2.933,0,0.0,0.0,0.0,0.0,0.0,,0.0,0.0,0.0
2021-03-15,2.933,2.933,2.933,2.933,0,0.0,0.0,0.0,0.0,0.0,,0.0,0.0,0.0
2021-03-16,2.933,2.933,2.933,2.933,0,0.0,0.0,0.0,0.0,0.0,,0.0,0.0,0.0
2021-03-17,2.933,2.933,2.933,2.933,0,0.0,0.0,0.0,0.0,0.0,,0.0,0.0,0.0
2021-03-18,2.933,2.933,2.933,2.933,0,0.0,0.0,0.0,0.0,0.0,,0.0,0.0,0.0
2021-03-19,2.933,2.933,2.933,2.933,0,0.0,0.0,0.0,0.0,0.0,,0.0,0.0,0.0
2021-03-22,2.933,2.933,2.933,2.933,0,0.0,0.0,0.0,0.0,0.0,,0.0,0.0,0.0
2021-03-23,2.933,2.933,2.933,2.933,0,0.0,0.0,0.0,0.0,0.0,,0.0,0.0,0.0
2021-03-24,2.933,2.933,2.933,2.933,0,0.0,0.0,0.0,0.0,0.0,,0.0,0.0,0.0
2021-03-25,2.933,2.933,2.933,2.933,0,0.0,0.0,0.0,0.0,0.0,,0.0,0.0,0.0
2021-03-26,2.933,2.933,2.933,2.933,0,0.0,0.0,0.0,0.0,0.0,,0.0,0.0,0.0
2021-03-29,2.933,2.933,2.933,2.933,0,0.0,0.0,0.0,0.0,0.0,,0.0,0.0,0.0
2021-03-30,2.933,2.933,2.933,2.933,0,0.0,0.0,0.0,0.0,0.0,,0.0,0.0,0.0
2021-03-31,2.933,2.933,2.933,2.933,0,0.0,0.0,0.0,0.0,0.0,,0.0,0.0,0.0
2021-04-01,2.933,2.933,2.933,2.933,0,0.0,0.0,0.0,0.0,0.0,,0.0,0.0,0.0
2021-04-02,2.933,2.933,2.933,2.933,0,0.0,0.0,0.0,0.0,0.0,,0.0,0.0,0.0
2021-04-05,2.933,2.933,2.933,2.933,0,0.0,0.0,0.0,0.0,0.0,,0.0,0.0,0.0
2021-04-06,2.933,2.933,2.933,2.933,0,0.0,0.0,0.0,0.0,0.0,,0.0,0.0,0.0
2021-04-07,2.933,2.933,2.933,2.933,0,0.0,0.0,0.0,0.0,0.0,,0.0,0.0,0.0
2021-04-08,2.933,2.933,2.933,2.933,0,0.0,0.0,0.0,0.0,0.0,,0.0,0.0,0.0
2021-04-09,2.933,2.933,2.933,2.933,0,0.0,0.0,0.0,0.0,0.0,,0.0,0.0,0.0
2021-04-12,2.933,2.933,2.933,2.933,0,0.0,0.0,0.0,0.0,0.0,,0.0,0.0,0.0
2021-04-13,2.933,2.933,2.933,2.933,0,0.0,0.0,0.0,0.0,0.0,,0.0,0.0,0.0
2021-04-14,2.933,2.933,2.933,2.933,0,0.0,0.0,0.0,0.0,0.0,,0.0,0.0,0.0
2021-04-15,2.933,2.933,2.933,2.933,0,0.0,0.0,0.0,0.0,0.0,,0.0,0.0,0.0
2021-04-16,2.933,2.933,2.933,2.933,0,0.0,0.0,0.0,0.0,0.0,,0.0,0.0,0.0
2021-04-19,2.933,2.933,2.933,2.933,0,0.0,0.0,0.0,0.0,0.0,,0.0,0.0,0.0
2021-04-20,2.933,2.933,2.933,2.933,0,0.0,0.0,0.0,0.0,0.0,,0.0,0.0,0.0
2021-04-22,2.933,2.933,2.933,2.933,0,0.0,0.0,0.0,0.0,0.0,,0.0,0.0,0.0
2021-04-23,2.933,2.933,2.933,2.933,0,0.0,0.0,0.0,0.0,0.0,,0.0,0.0,0.0
2021-04-26,2.933,2.933,2.933,2.933,0,0.0,0.0,0.0,0.0,0.0,,0.0,0.0,0.0
2021-04-27,2.933,2.933,2.933,2.933,0,0.0,0.0,0.0,0.0,0.0,,0.0,0.0,0.0
2021-04-28,2.933,2.933,2.933,2.933,0,0.0,0.0,0.0,0.0,0.0,,0.0,0.0,0.0
2021-04-29,2.933,2.933,2.933,2.933,0,0.0,0.0,0.0,0.0,0.0,,0.0,0.0,0.0
2021-05-04,2.933,2.933,2.933,2.933,0,0.0,0.0,0.0,0.0,0.0,,0.0,0.0,0.0
2021-05-05,2.933,2.933,2.933,2.933,0,0.0,0.0,0.0,0.0,0.0,,0.0,0.0,0.0
2021-05-06,2.933,2.933,2.933,2.933,0,0.0,0.0,0.0,0.0,0.0,,0.0,0.0,0.0
2021-05-07,2.933,2.933,2.933,2.933,0,0.0,0.0,0.0,0.0,0.0,,0.0,0.0,0.0
2021-05-10,2.933,2.933,2.933,2.933,0,0.0,0.0,0.0,0.0,0.0,,0.0,0.0,0.0
2021-05-11,2.933,2.933,2.933,2.933,0,0.0,0.0,0.0,0.0,0.0,,0.0,0.0,0.0
2021-05-12,2.933,2.933,2.933,2.933,0,0.0,0.0,0.0,0.0,0.0,,0.0,0.0,0.0
2021-05-13,2.933,2.933,2.933,2.933,0,0.0,0.0,0.0,0.0,0.0,,0.0,0.0,0.0
2021-05-14,2.933,2.933,2.933,2.933,0,0.0,0.0,0.0,0.0,0.0,,0.0,0.0,0.0
2021-05-17,2.933,2.933,2.933,2.933,0,0.0,0.0,0.0,0.0,0.0,,0.0,0.0,0.0
2021-05-18,2.933,2.933,2.933,2.933,0,0.0,0.0,0.0,0.0,0.0,,0.0,0.0,0.0
2021-05-19,2.933,2.933,2.933,2.933,0,0.0,0.0,0.0,0.0,0.0,,0.0,0.0,0.0
2021-05-20,2.933,2.933,2.933,2.933,0,0.0,0.0,0.0,0.0,0.0,,0.0,0.0,0.0
2021-05-21,2.933,2.933,2.933,2.933,0,0.0,0.0,0.0,0.0,0.0,,0.0,0.0,0.0
2021-05-24,2.933,2.933,2.933,2.933,0,0.0,0.0,0.0,0.0,0.0,,0.0,0.0,0.0
2021-05-25,2.933,2.933,2.933,2.933,0,0.0,0.0,0.0,0.0,0.0,,0.0,0.0,0.0
2021-05-26,2.933,2.933,2.933,2.933,0,0.0,0.0,0.0,0.0,0.0,,0.0,0.0,0.0
2021-05-27,2.933,2.933,2.933,2.933,0,0.0,0.0,0.0,0.0,0.0,,0.0,0.0,0.0
2021-05-28,2.933,2.933,2.933,2.933,0,0.0,0.0,0.0,0.0,0.0,,0.0,0.0,0.0
2021-05-31,2.933,2.933,2.933,2.933,0,0.0,0.0,0.0,0.0,0.0,,0.0,0.0,0.0
2021-06-01,2.933,2.933,2.933,2.933,0,0.0,0.0,0.0,0.0,0.0,,0.0,0.0,0.0
2021-06-02,2.933,2.933,2.933,2.933,0,0.0,0.0,0.0,0.0,0.0,,0.0,0.0,0.0
2021-06-03,2.933,2.933,2.933,2.933,0,0.0,0.0,0.0,0.0,0.0,,0.0,0.0,0.0
2021-06-04,2.933,2.933,2.933,2.933,0,0.0,0.0,0.0,0.0,0.0,,0.0,0.0,0.0
2021-06-07,2.933,2.933,2.933,2.933,0,0.0,0.0,0.0,0.0,0.0,,0.0,0.0,0.0
2021-06-08,2.933,2.933,2.933,2.933,0,0.0,0.0,0.0,0.0,0.0,,0.0,0.0,0.0
2021-06-09,2.933,2.933,2.933,2.933,0,0.0,0.0,0.0,0.0,0.0,,0.0,0.0,0.0
2021-06-10,2.933,2.933,2.933,2.933,0,0.0,0.0,0.0,0.0,0.0,,0.0,0.0,0.0
2021-06-11,2.933,2.933,2.933,2.933,0,0.0,0.0,0.0,0.0,0.0,,0.0,0.0,0.0
2021-06-14,2.933,2.933,2.933,2.933,0,0.0,0.0,0.0,0.0,0.0,,0.0,0.0,0.0
2021-06-15,2.933,2.933,2.933,2.933,0,0.0,0.0,0.0,0.0,0.0,,0.0,0.0,0.0
2021-06-16,2.933,2.933,2.933,2.933,0,0.0,0.0,0.0,0.0,0.0,,0.0,0.0,0.0
2021-06-17,2.933,2.933,2.933,2.933,0,0.0,0.0,0.0,0.0,0.0,,0.0,0.0,0.0
2021-06-18,2.933,2.933,2.933,2.933,0,0.0,0.0,0.0,0.0,0.0,,0.0,0.0,0.0
2021-06-21,2.933,2.933,2.933,2.933,0,0.0,0.0,0.0,0.0,0.0,,0.0,0.0,0.0
2021-06-22,2.933,2.933,2.933,2.933,0,0.0,0.0,0.0,0.0,0.0,,0.0,0.0,0.0
2021-06-23,2.933,2.933,2.933,2.933,0,0.0,0.0,0.0,0.0,0.0,,0.0,0.0,0.0
2021-06-24,2.933,2.933,2.933,2.933,0,0.0,0.0,0.0,0.0,0.0,,0.0,0.0,0.0
2021-06-25,2.933,2.933,2.933,2.933,0,0.0,0.0,0.0,0.0,0.0,,0.0,0.0,0.0
2021-06-28,2.933,2.933,2.933,2.933,0,0.0,0.0,0.0,0.0,0.0,,0.0,0.0,0.0
2021-06-29,2.933,2.933,2.933,2.933,0,0.0,0.0,0.0,0.0,0.0,,0.0,0.0,0.0
2021-06-30,2.933,2.933,2.933,2.933,0,0.0,0.0,0.0,0.0,0.0,,0.0,0.0,0.0
2021-07-01,2.5,2.5,2.5,2.5,400,1000.0,0.0,0.0,0.0,0.0,,0.0,0.0,0.0
2021-07-02,2.5,2.5,2.5,2.5,0,0.0,0.0,0.0,0.0,0.0,,0.0,0.0,0.0
2021-07-05,2.5,2.5,2.5,2.5,0,0.0,0.0,0.0,0.0,0.0,,0.0,0.0,0.0
2021-07-06,2.5,2.5,2.5,2.5,0,0.0,0.0,0.0,0.0,0.0,,0.0,0.0,0.0
2021-07-07,2.5,2.5,2.5,2.5,0,0.0,0.0,0.0,0.0,0.0,,0.0,0.0,0.0
2021-07-08,2.5,2.5,2.5,2.5,0,0.0,0.0,0.0,0.0,0.0,,0.0,0.0,0.0
2021-07-09,2.5,2.5,2.5,2.5,0,0.0,0.0,0.0,0.0,0.0,,0.0,0.0,0.0
2021-07-12,2.5,2.5,2.5,2.5,0,0.0,0.0,0.0,0.0,0.0,,0.0,0.0,0.0
2021-07-13,2.5,2.5,2.5,2.5,0,0.0,0.0,0.0,0.0,0.0,,0.0,0.0,0.0
2021-07-14,2.5,2.5,2.5,2.5,0,0.0,0.0,0.0,0.0,0.0,,0.0,0.0,0.0
2021-07-15,2.5,2.5,2.5,2.5,0,0.0,0.0,0.0,0.0,0.0,,0.0,0.0,0.0
2021-07-16,2.5,2.5,2.5,2.5,0,0.0,0.0,0.0,0.0,0.0,,0.0,0.0,0.0
2021-07-19,2.5,2.5,2.5,2.5,0,0.0,0.0,0.0,0.0,0.0,,0.0,0.0,0.0
2021-07-20,2.5,2.5,2.5,2.5,0,0.0,0.0,0.0,0.0,0.0,,0.0,0.0,0.0
2021-07-21,2.5,2.5,2.5,2.5,0,0.0,0.0,0.0,0.0,0.0,,0.0,0.0,0.0
2021-07-22,2.5,2.5,2.5,2.5,0,0.0,0.0,0.0,0.0,0.0,,0.0,0.0,0.0
2021-07-23,2.5,2.5,2.5,2.5,0,0.0,0.0,0.0,0.0,0.0,,0.0,0.0,0.0
2021-07-26,2.5,2.5,2.5,2.5,0,0.0,0.0,0.0,0.0,0.0,,0.0,0.0,0.0
2021-07-27,2.5,2.5,2.5,2.5,0,0.0,0.0,0.0,0.0,0.0,,0.0,0.0,0.0
2021-07-28,2.5,2.5,2.5,2.5,0,0.0,0.0,0.0,0.0,0.0,,0.0,0.0,0.0
2021-07-29,2.5,2.5,2.5,2.5,0,0.0,0.0,0.0,0.0,0.0,,0.0,0.0,0.0
2021-07-30,2.5,2.5,2.5,2.5,0,0.0,0.0,0.0,0.0,0.0,,0.0,0.0,0.0
2021-08-02,2.5,2.5,2.5,2.5,0,0.0,0.0,0.0,0.0,0.0,,0.0,0.0,0.0
2021-08-03,2.5,2.5,2.5,2.5,0,0.0,0.0,0.0,0.0,0.0,,0.0,0.0,0.0
2021-08-04,2.5,2.5,2.5,2.5,0,0.0,0.0,0.0,0.0,0.0,,0.0,0.0,0.0
2021-08-05,2.5,2.5,2.5,2.5,0,0.0,0.0,0.0,0.0,0.0,,0.0,0.0,0.0
2021-08-06,2.5,2.5,2.5,2.5,0,0.0,0.0,0.0,0.0,0.0,,0.0,0.0,0.0
2021-08-09,2.5,2.5,2.5,2.5,0,0.0,0.0,0.0,0.0,0.0,,0.0,0.0,0.0
2021-08-10,2.5,2.5,2.5,2.5,0,0.0,0.0,0.0,0.0,0.0,,0.0,0.0,0.0
2021-08-11,2.5,2.5,2.5,2.5,0,0.0,0.0,0.0,0.0,0.0,,0.0,0.0,0.0
2021-08-12,2.5,2.5,2.5,2.5,0,0.0,0.0,0.0,0.0,0.0,,0.0,0.0,0.0
2021-08-13,2.5,2.5,2.5,2.5,0,0.0,0.0,0.0,0.0,0.0,,0.0,0.0,0.0
2021-08-16,2.5,2.5,2.5,2.5,0,0.0,0.0,0.0,0.0,0.0,,0.0,0.0,0.0
2021-08-17,2.5,2.5,2.5,2.5,0,0.0,0.0,0.0,0.0,0.0,,0.0,0.0,0.0
2021-08-18,2.5,2.5,2.5,2.5,0,0.0,0.0,0.0,0.0,0.0,,0.0,0.0,0.0
2021-08-19,2.5,2.5,2.5,2.5,0,0.0,0.0,0.0,0.0,0.0,,0.0,0.0,0.0
2021-08-20,2.5,2.5,2.5,2.5,0,0.0,0.0,0.0,0.0,0.0,,0.0,0.0,0.0
2021-08-23,2.5,2.5,2.5,2.5,0,0.0,0.0,0.0,0.0,0.0,,0.0,0.0,0.0
2021-08-24,2.5,2.5,2.5,2.5,0,0.0,0.0,0.0,0.0,0.0,,0.0,0.0,0.0
2021-08-25,2.5,2.5,2.5,2.5,0,0.0,0.0,0.0,0.0,0.0,,0.0,0.0,0.0
2021-08-26,2.5,2.5,2.5,2.5,0,0.0,0.0,0.0,0.0,0.0,,0.0,0.0,0.0
2021-08-27,2.5,2.5,2.5,2.5,0,0.0,0.0,0.0,0.0,0.0,,0.0,0.0,0.0
2021-08-30,2.5,2.5,2.5,2.5,0,0.0,0.0,0.0,0.0,0.0,,0.0,0.0,0.0
2021-08-31,2.5,2.5,2.5,2.5,0,0.0,0.0,0.0,0.0,0.0,,0.0,0.0,0.0
2021-09-01,2.5,2.5,2.5,2.5,0,0.0,0.0,0.0,0.0,0.0,,0.0,0.0,0.0
2021-09-06,2.5,2.5,2.5,2.5,0,0.0,0.0,0.0,0.0,0.0,,0.0,0.0,0.0
2021-09-07,2.5,2.5,2.5,2.5,0,0.0,0.0,0.0,0.0,0.0,,0.0,0.0,0.0
2021-09-08,2.5,2.5,2.5,2.5,0,0.0,0.0,0.0,0.0,0.0,,0.0,0.0,0.0
2021-09-09,2.5,2.5,2.5,2.5,0,0.0,0.0,0.0,0.0,0.0,,0.0,0.0,0.0
2021-09-10,2.5,2.5,2.5,2.5,0,0.0,0.0,0.0,0.0,0.0,,0.0,0.0,0.0
2021-09-13,2.5,2.5,2.5,2.5,0,0.0,0.0,0.0,0.0,0.0,,0.0,0.0,0.0
2021-09-14,2.5,2.5,2.5,2.5,0,0.0,0.0,0.0,0.0,0.0,,0.0,0.0,0.0
2021-09-15,2.5,2.5,2.5,2.5,0,0.0,0.0,0.0,0.0,0.0,,0.0,0.0,0.0
2021-09-16,2.5,2.5,2.5,2.5,0,0.0,0.0,0.0,0.0,0.0,,0.0,0.0,0.0
2021-09-17,2.5,2.5,2.5,2.5,0,0.0,0.0,0.0,0.0,0.0,,0.0,0.0,0.0
2021-09-20,2.5,2.5,2.5,2.5,0,0.0,0.0,0.0,0.0,0.0,,0.0,0.0,0.0
2021-09-21,2.5,2.5,2.5,2.5,0,0.0,0.0,0.0,0.0,0.0,,0.0,0.0,0.0
2021-09-22,2.5,2.5,2.5,2.5,0,0.0,0.0,0.0,0.0,0.0,,0.0,0.0,0.0
2021-09-23,2.5,2.5,2.5,2.5,0,0.0,0.0,0.0,0.0,0.0,,0.0,0.0,0.0
2021-09-24,2.5,2.5,2.5,2.5,0,0.0,0.0,0.0,0.0,0.0,,0.0,0.0,0.0
2021-09-27,2.5,2.5,2.5,2.5,0,0.0,0.0,0.0,0.0,0.0,,0.0,0.0,0.0
2021-09-28,2.5,2.5,2.5,2.5,0,0.0,0.0,0.0,0.0,0.0,,0.0,0.0,0.0
2021-09-29,2.5,2.5,2.5,2.5,0,0.0,0.0,0.0,0.0,0.0,,0.0,0.0,0.0
2021-09-30,2.5,2.5,2.5,2.5,0,0.0,0.0,0.0,0.0,0.0,,0.0,0.0,0.0
2021-10-01,2.5,2.5,2.5,2.5,0,0.0,0.0,0.0,0.0,0.0,,0.0,0.0,0.0
2021-10-04,2.5,2.5,2.5,2.5,0,0.0,0.0,0.0,0.0,0.0,,0.0,0.0,0.0
2021-10-05,2.5,2.5,2.5,2.5,0,0.0,0.0,0.0,0.0,0.0,,0.0,0.0,0.0
2021-10-06,2.5,2.5,2.5,2.5,0,0.0,0.0,0.0,0.0,0.0,,0.0,0.0,0.0
2021-10-07,2.5,2.5,2.5,2.5,0,0.0,0.0,0.0,0.0,0.0,,0.0,0.0,0.0
2021-10-08,2.5,2.5,2.5,2.5,0,0.0,0.0,0.0,0.0,0.0,,0.0,0.0,0.0
2021-10-11,2.5,2.5,2.5,2.5,0,0.0,0.0,0.0,0.0,0.0,,0.0,0.0,0.0
2021-10-12,2.5,2.5,2.5,2.5,0,0.0,0.0,0.0,0.0,0.0,,0.0,0.0,0.0
2021-10-13,2.5,2.5,2.5,2.5,0,0.0,0.0,0.0,0.0,0.0,,0.0,0.0,0.0
2021-10-14,2.5,2.5,2.5,2.5,0,0.0,0.0,0.0,0.0,0.0,,0.0,0.0,0.0
2021-10-15,2.5,2.5,2.5,2.5,0,0.0,0.0,0.0,0.0,0.0,,0.0,0.0,0.0
2021-10-18,2.5,2.5,2.5,2.5,0,0.0,0.0,0.0,0.0,0.0,,0.0,0.0,0.0
2021-10-19,2.5,2.5,2.5,2.5,0,0.0,0.0,0.0,0.0,0.0,,0.0,0.0,0.0
2021-10-20,2.5,2.5,2.5,2.5,0,0.0,0.0,0.0,0.0,0.0,,0.0,0.0,0.0
2021-10-21,2.5,2.5,2.5,2.5,0,0.0,0.0,0.0,0.0,0.0,,0.0,0.0,0.0
2021-10-22,2.5,2.5,2.5,2.5,0,0.0,0.0,0.0,0.0,0.0,,0.0,0.0,0.0
2021-10-25,2.5,2.5,2.5,2.5,0,0.0,0.0,0.0,0.0,0.0,,0.0,0.0,0.0
2021-10-26,2.5,2.5,2.5,2.5,0,0.0,0.0,0.0,0.0,0.0,,0.0,0.0,0.0
2021-10-27,2.5,2.5,2.5,2.5,0,0.0,0.0,0.0,0.0,0.0,,0.0,0.0,0.0
2021-10-28,2.5,2.5,2.5,2.5,0,0.0,0.0,0.0,0.0,0.0,,0.0,0.0,0.0
2021-10-29,2.5,2.5,2.5,2.5,0,0.0,0.0,0.0,0.0,0.0,,0.0,0.0,0.0
2021-11-01,2.5,2.5,2.5,2.5,0,0.0,0.0,0.0,0.0,0.0,,0.0,0.0,0.0
2021-11-02,2.5,2.5,2.5,2.5,0,0.0,0.0,0.0,0.0,0.0,,0.0,0.0,0.0
2021-11-03,2.5,2.5,2.5,2.5,0,0.0,0.0,0.0,0.0,0.0,,0.0,0.0,0.0
2021-11-04,2.5,2.5,2.5,2.5,0,0.0,0.0,0.0,0.0,0.0,,0.0,0.0,0.0
2021-11-05,2.5,2.5,2.5,2.5,0,0.0,0.0,0.0,0.0,0.0,,0.0,0.0,0.0
2021-11-08,2.5,2.5,2.5,2.5,0,0.0,0.0,0.0,0.0,0.0,,0.0,0.0,0.0
2021-11-09,2.5,2.5,2.5,2.5,0,0.0,0.0,0.0,0.0,0.0,,0.0,0.0,0.0
2021-11-10,2.5,2.5,2.5,2.5,0,0.0,0.0,0.0,0.0,0.0,,0.0,0.0,0.0
2021-11-11,2.5,2.5,2.5,2.5,0,0.0,0.0,0.0,0.0,0.0,,0.0,0.0,0.0
2021-11-12,2.5,2.5,2.5,2.5,0,0.0,0.0,0.0,0.0,0.0,,0.0,0.0,0.0
2021-11-15,2.5,2.5,2.5,2.5,0,0.0,0.0,0.0,0.0,0.0,,0.0,0.0,0.0
2021-11-16,2.5,2.5,2.5,2.5,0,0.0,0.0,0.0,0.0,0.0,,0.0,0.0,0.0
2021-11-17,2.5,2.5,2.5,2.5,0,0.0,0.0,0.0,0.0,0.0,,0.0,0.0,0.0
2021-11-18,2.5,2.5,2.5,2.5,0,0.0,0.0,0.0,0.0,0.0,,0.0,0.0,0.0
2021-11-19,2.5,2.5,2.5,2.5,0,0.0,0.0,0.0,0.0,0.0,,0.0,0.0,0.0
2021-11-22,2.5,2.5,2.5,2.5,0,0.0,0.0,0.0,0.0,0.0,,0.0,0.0,0.0
2021-11-23,2.5,2.5,2.5,2.5,0,0.0,0.0,0.0,0.0,0.0,,0.0,0.0,0.0
2021-11-24,2.5,2.5,2.5,2.5,0,0.0,0.0,0.0,0.0,0.0,,0.0,0.0,0.0
2021-11-25,2.5,2.5,2.5,2.5,0,0.0,0.0,0.0,0.0,0.0,,0.0,0.0,0.0
2021-11-26,2.5,2.5,2.5,2.5,0,0.0,0.0,0.0,0.0,0.0,,0.0,0.0,0.0
2021-11-29,2.5,2.5,2.5,2.5,0,0.0,0.0,0.0,0.0,0.0,,0.0,0.0,0.0
2021-11-30,2.5,2.5,2.5,2.5,0,0.0,0.0,0.0,0.0,0.0,,0.0,0.0,0.0
2021-12-01,2.5,2.5,2.5,2.5,0,0.0,0.0,0.0,0.0,0.0,,0.0,0.0,0.0
2021-12-02,2.5,2.5,2.5,2.5,0,0.0,0.0,0.0,0.0,0.0,,0.0,0.0,0.0
2021-12-03,2.5,2.5,2.5,2.5,0,0.0,0.0,0.0,0.0,0.0,,0.0,0.0,0.0
2021-12-06,2.5,2.5,2.5,2.5,0,0.0,0.0,0.0,0.0,0.0,,0.0,0.0,0.0
2021-12-07,2.5,2.5,2.5,2.5,0,0.0,0.0,0.0,0.0,0.0,,0.0,0.0,0.0
2021-12-08,2.5,2.5,2.5,2.5,0,0.0,0.0,0.0,0.0,0.0,,0.0,0.0,0.0
2021-12-09,2.5,2.5,2.5,2.5,0,0.0,0.0,0.0,0.0,0.0,,0.0,0.0,0.0
2021-12-10,2.5,2.5,2.5,2.5,0,0.0,0.0,0.0,0.0,0.0,,0.0,0.0,0.0
2021-12-13,2.5,2.5,2.5,2.5,0,0.0,0.0,0.0,0.0,0.0,,0.0,0.0,0.0
2021-12-14,2.5,2.5,2.5,2.5,0,0.0,0.0,0.0,0.0,0.0,,0.0,0.0,0.0
2021-12-15,2.5,2.5,2.5,2.5,0,0.0,0.0,0.0,0.0,0.0,,0.0,0.0,0.0
2021-12-16,2.5,2.5,2.5,2.5,0,0.0,0.0,0.0,0.0,0.0,,0.0,0.0,0.0
2021-12-17,2.5,2.5,2.5,2.5,0,0.0,0.0,0.0,0.0,0.0,,0.0,0.0,0.0
2021-12-20,2.5,2.5,2.5,2.5,0,0.0,0.0,0.0,0.0,0.0,,0.0,0.0,0.0
2021-12-21,2.5,2.5,2.5,2.5,0,0.0,0.0,0.0,0.0,0.0,,0.0,0.0,0.0
2021-12-22,2.5,2.5,2.5,2.5,0,0.0,0.0,0.0,0.0,0.0,,0.0,0.0,0.0
2021-12-23,2.5,2.5,2.5,2.5,0,0.0,0.0,0.0,0.0,0.0,,0.0,0.0,0.0
2021-12-24,2.5,2.5,2.5,2.5,0,0.0,0.0,0.0,0.0,0.0,,0.0,0.0,0.0
2021-12-27,2.5,2.5,2.5,2.5,0,0.0,0.0,0.0,0.0,0.0,,0.0,0.0,0.0
2021-12-28,2.5,2.5,2.5,2.5,0,0.0,0.0,0.0,0.0,0.0,,0.0,0.0,0.0
2021-12-29,2.5,2.5,2.5,2.5,0,0.0,0.0,0.0,0.0,0.0,,0.0,0.0,0.0
2021-12-30,2.5,2.5,2.5,2.5,0,0.0,0.0,0.0,0.0,0.0,,0.0,0.0,0.0
2021-12-31,2.5,2.5,2.5,2.5,0,0.0,0.0,0.0,0.0,0.0,,0.0,0.0,0.0
2022-01-04,2.5,2.5,2.5,2.5,0,0.0,0.0,0.0,0.0,0.0,,0.0,0.0,0.0
2022-01-05,2.5,2.5,2.5,2.5,0,0.0,0.0,0.0,0.0,0.0,,0.0,0.0,0.0
2022-01-06,2.5,2.5,2.5,2.5,0,0.0,0.0,0.0,0.0,0.0,,0.0,0.0,0.0
2022-01-07,2.5,2.5,2.5,2.5,0,0.0,0.0,0.0,0.0,0.0,,0.0,0.0,0.0
2022-01-10,2.5,2.5,2.5,2.5,0,0.0,0.0,0.0,0.0,0.0,,0.0,0.0,0.0
2022-01-11,2.5,2.5,2.5,2.5,0,0.0,0.0,0.0,0.0,0.0,,0.0,0.0,0.0
2022-01-12,2.5,2.5,2.5,2.5,0,0.0,0.0,0.0,0.0,0.0,,0.0,0.0,0.0
2022-01-13,2.5,2.5,2.5,2.5,0,0.0,0.0,0.0,0.0,0.0,,0.0,0.0,0.0
2022-01-14,2.5,2.5,2.5,2.5,0,0.0,0.0,0.0,0.0,0.0,,0.0,0.0,0.0
2022-01-17,2.5,2.5,2.5,2.5,0,0.0,0.0,0.0,0.0,0.0,,0.0,0.0,0.0
2022-01-18,2.5,2.5,2.5,2.5,0,0.0,0.0,0.0,0.0,0.0,,0.0,0.0,0.0
2022-01-19,2.5,2.5,2.5,2.5,0,0.0,0.0,0.0,0.0,0.0,,0.0,0.0,0.0
2022-01-20,2.5,2.5,2.5,2.5,0,0.0,0.0,0.0,0.0,0.0,,0.0,0.0,0.0
2022-01-21,2.5,2.5,2.5,2.5,0,0.0,0.0,0.0,0.0,0.0,,0.0,0.0,0.0
2022-01-24,2.5,2.5,2.5,2.5,0,0.0,0.0,0.0,0.0,0.0,,0.0,0.0,0.0
2022-01-25,2.5,2.5,2.5,2.5,0,0.0,0.0,0.0,0.0,0.0,,0.0,0.0,0.0
2022-01-26,2.5,2.5,2.5,2.5,0,0.0,0.0,0.0,0.0,0.0,,0.0,0.0,0.0
2022-01-27,2.5,2.5,2.5,2.5,0,0.0,0.0,0.0,0.0,0.0,,0.0,0.0,0.0
2022-01-28,2.5,2.5,2.5,2.5,0,0.0,0.0,0.0,0.0,0.0,,0.0,0.0,0.0
2022-02-07,2.5,2.5,2.5,2.5,0,0.0,0.0,0.0,0.0,0.0,,0.0,0.0,0.0
2022-02-08,2.5,2.5,2.5,2.5,0,0.0,0.0,0.0,0.0,0.0,,0.0,0.0,0.0
2022-02-09,2.5,2.5,2.5,2.5,0,0.0,0.0,0.0,0.0,0.0,,0.0,0.0,0.0
2022-02-10,2.5,2.5,2.5,2.5,0,0.0,0.0,0.0,0.0,0.0,,0.0,0.0,0.0
2022-02-11,2.5,2.5,2.5,2.5,0,0.0,0.0,0.0,0.0,0.0,,0.0,0.0,0.0
2022-02-14,2.5,2.5,2.5,2.5,0,0.0,0.0,0.0,0.0,0.0,,0.0,0.0,0.0
2022-02-15,2.5,2.5,2.5,2.5,0,0.0,0.0,0.0,0.0,0.0,,0.0,0.0,0.0
2022-02-16,2.5,2.5,2.5,2.5,0,0.0,0.0,0.0,0.0,0.0,,0.0,0.0,0.0
2022-02-17,2.5,2.5,2.5,2.5,0,0.0,0.0,0.0,0.0,0.0,,0.0,0.0,0.0
2022-02-18,2.5,2.5,2.5,2.5,0,0.0,0.0,0.0,0.0,0.0,,0.0,0.0,0.0
2022-02-21,2.5,2.5,2.5,2.5,0,0.0,0.0,0.0,0.0,0.0,,0.0,0.0,0.0
2022-02-22,2.5,2.5,2.5,2.5,0,0.0,0.0,0.0,0.0,0.0,,0.0,0.0,0.0
2022-02-23,2.5,2.5,2.5,2.5,0,0.0,0.0,0.0,0.0,0.0,,0.0,0.0,0.0
2022-02-24,2.5,2.5,2.5,2.5,0,0.0,0.0,0.0,0.0,0.0,,0.0,0.0,0.0
2022-02-25,2.5,2.5,2.5,2.5,0,0.0,0.0,0.0,0.0,0.0,,0.0,0.0,0.0
2022-02-28,2.5,2.5,2.5,2.5,0,0.0,0.0,0.0,0.0,0.0,,0.0,0.0,0.0
2022-03-01,2.5,2.5,2.5,2.5,0,0.0,0.0,0.0,0.0,0.0,,0.0,0.0,0.0
2022-03-02,2.5,2.5,2.5,2.5,0,0.0,0.0,0.0,0.0,0.0,,0.0,0.0,0.0
2022-03-03,2.5,2.5,2.5,2.5,0,0.0,0.0,0.0,0.0,0.0,,0.0,0.0,0.0
2022-03-04,2.5,2.5,2.5,2.5,0,0.0,0.0,0.0,0.0,0.0,,0.0,0.0,0.0
2022-03-07,2.5,2.5,2.5,2.5,0,0.0,0.0,0.0,0.0,0.0,,0.0,0.0,0.0
2022-03-08,2.5,2.5,2.5,2.5,0,0.0,0.0,0.0,0.0,0.0,,0.0,0.0,0.0
2022-03-09,2.5,2.5,2.5,2.5,0,0.0,0.0,0.0,0.0,0.0,,0.0,0.0,0.0
2022-03-10,2.5,2.5,2.5,2.5,0,0.0,0.0,0.0,0.0,0.0,,0.0,0.0,0.0
2022-03-11,2.5,2.5,2.5,2.5,0,0.0,0.0,0.0,0.0,0.0,,0.0,0.0,0.0
2022-03-14,2.5,2.5,2.5,2.5,0,0.0,0.0,0.0,0.0,0.0,,0.0,0.0,0.0
2022-03-15,2.5,2.5,2.5,2.5,0,0.0,0.0,0.0,0.0,0.0,,0.0,0.0,0.0
2022-03-16,2.5,2.5,2.5,2.5,0,0.0,0.0,0.0,0.0,0.0,,0.0,0.0,0.0
2022-03-17,2.5,2.5,2.5,2.5,0,0.0,0.0,0.0,0.0,0.0,,0.0,0.0,0.0
2022-03-18,2.5,2.5,2.5,2.5,0,0.0,0.0,0.0,0.0,0.0,,0.0,0.0,0.0
2022-03-21,2.5,2.5,2.5,2.5,0,0.0,0.0,0.0,0.0,0.0,,0.0,0.0,0.0
2022-03-22,2.5,2.5,2.5,2.5,0,0.0,0.0,0.0,0.0,0.0,,0.0,0.0,0.0
2022-03-23,2.5,2.5,2.5,2.5,0,0.0,0.0,0.0,0.0,0.0,,0.0,0.0,0.0
2022-03-24,2.5,2.5,2.5,2.5,0,0.0,0.0,0.0,0.0,0.0,,0.0,0.0,0.0
2022-03-25,2.5,2.5,2.5,2.5,0,0.0,0.0,0.0,0.0,0.0,,0.0,0.0,0.0
2022-03-28,2.5,2.5,2.5,2.5,0,0.0,0.0,0.0,0.0,0.0,,0.0,0.0,0.0
2022-03-29,2.5,2.5,2.5,2.5,0,0.0,0.0,0.0,0.0,0.0,,0.0,0.0,0.0
2022-03-30,2.5,2.5,2.5,2.5,0,0.0,0.0,0.0,0.0,0.0,,0.0,0.0,0.0
2022-03-31,2.5,2.5,2.5,2.5,0,0.0,0.0,0.0,0.0,0.0,,0.0,0.0,0.0
2022-04-01,2.5,2.5,2.5,2.5,0,0.0,0.0,0.0,0.0,0.0,,0.0,0.0,0.0
2022-04-04,2.5,2.5,2.5,2.5,0,0.0,0.0,0.0,0.0,0.0,,0.0,0.0,0.0
2022-04-05,2.5,2.5,2.5,2.5,0,0.0,0.0,0.0,0.0,0.0,,0.0,0.0,0.0
2022-04-06,2.5,2.5,2.5,2.5,0,0.0,0.0,0.0,0.0,0.0,,0.0,0.0,0.0
2022-04-07,2.5,2.5,2.5,2.5,0,0.0,0.0,0.0,0.0,0.0,,0.0,0.0,0.0
2022-04-08,2.5,2.5,2.5,2.5,0,0.0,0.0,0.0,0.0,0.0,,0.0,0.0,0.0
2022-04-12,2.5,2.5,2.5,2.5,0,0.0,0.0,0.0,0.0,0.0,,0.0,0.0,0.0
2022-04-13,2.5,2.5,2.5,2.5,0,0.0,0.0,0.0,0.0,0.0,,0.0,0.0,0.0
2022-04-14,2.5,2.5,2.5,2.5,0,0.0,0.0,0.0,0.0,0.0,,0.0,0.0,0.0
2022-04-15,2.5,2.5,2.5,2.5,0,0.0,0.0,0.0,0.0,0.0,,0.0,0.0,0.0
2022-04-18,2.5,2.5,2.5,2.5,0,0.0,0.0,0.0,0.0,0.0,,0.0,0.0,0.0
2022-04-19,2.5,2.5,2.5,2.5,0,0.0,0.0,0.0,0.0,0.0,,0.0,0.0,0.0
2022-04-20,2.5,2.5,2.5,2.5,0,0.0,0.0,0.0,0.0,0.0,,0.0,0.0,0.0
2022-04-21,2.5,2.5,2.5,2.5,0,0.0,0.0,0.0,0.0,0.0,,0.0,0.0,0.0
2022-04-22,2.5,2.5,2.5,2.5,0,0.0,0.0,0.0,0.0,0.0,,0.0,0.0,0.0
2022-04-25,2.5,2.5,2.5,2.5,0,0.0,0.0,0.0,0.0,0.0,,0.0,0.0,0.0
2022-04-26,2.5,2.5,2.5,2.5,0,0.0,0.0,0.0,0.0,0.0,,0.0,0.0,0.0
2022-04-27,2.5,2.5,2.5,2.5,0,0.0,0.0,0.0,0.0,0.0,,0.0,0.0,0.0
2022-04-28,2.5,2.5,2.5,2.5,0,0.0,0.0,0.0,0.0,0.0,,0.0,0.0,0.0
2022-04-29,2.5,2.5,2.5,2.5,0,0.0,0.0,0.0,0.0,0.0,,0.0,0.0,0.0
2022-05-04,2.5,2.5,2.5,2.5,0,0.0,0.0,0.0,0.0,0.0,,0.0,0.0,0.0
2022-05-05,2.5,2.5,2.5,2.5,0,0.0,0.0,0.0,0.0,0.0,,0.0,0.0,0.0
2022-05-06,2.5,2.5,2.5,2.5,0,0.0,0.0,0.0,0.0,0.0,,0.0,0.0,0.0
2022-05-09,2.5,2.5,2.5,2.5,0,0.0,0.0,0.0,0.0,0.0,,0.0,0.0,0.0
2022-05-10,2.5,2.5,2.5,2.5,0,0.0,0.0,0.0,0.0,0.0,,0.0,0.0,0.0
2022-05-11,2.5,2.5,2.5,2.5,0,0.0,0.0,0.0,0.0,0.0,,0.0,0.0,0.0
2022-05-12,2.5,2.5,2.5,2.5,0,0.0,0.0,0.0,0.0,0.0,,0.0,0.0,0.0
2022-05-13,2.5,2.5,2.5,2.5,0,0.0,0.0,0.0,0.0,0.0,,0.0,0.0,0.0
2022-05-16,2.5,2.5,2.5,2.5,0,0.0,0.0,0.0,0.0,0.0,,0.0,0.0,0.0
2022-05-17,2.5,2.5,2.5,2.5,0,0.0,0.0,0.0,0.0,0.0,,0.0,0.0,0.0
2022-05-18,2.5,2.5,2.5,2.5,0,0.0,0.0,0.0,0.0,0.0,,0.0,0.0,0.0
2022-05-19,2.5,2.5,2.5,2.5,0,0.0,0.0,0.0,0.0,0.0,,0.0,0.0,0.0
2022-05-20,2.5,2.5,2.5,2.5,0,0.0,0.0,0.0,0.0,0.0,,0.0,0.0,0.0
2022-05-23,2.5,2.5,2.5,2.5,0,0.0,0.0,0.0,0.0,0.0,,0.0,0.0,0.0
2022-05-24,2.5,2.5,2.5,2.5,0,0.0,0.0,0.0,0.0,0.0,,0.0,0.0,0.0
2022-05-25,2.5,2.5,2.5,2.5,0,0.0,0.0,0.0,0.0,0.0,,0.0,0.0,0.0
2022-05-26,2.5,2.5,2.5,2.5,0,0.0,0.0,0.0,0.0,0.0,,0.0,0.0,0.0
2022-05-27,2.5,2.5,2.5,2.5,0,0.0,0.0,0.0,0.0,0.0,,0.0,0.0,0.0
2022-05-30,2.5,2.5,2.5,2.5,0,0.0,0.0,0.0,0.0,0.0,,0.0,0.0,0.0
2022-05-31,2.5,2.5,2.5,2.5,0,0.0,0.0,0.0,0.0,0.0,,0.0,0.0,0.0
2022-06-01,2.5,2.5,2.5,2.5,0,0.0,0.0,0.0,0.0,0.0,,0.0,0.0,0.0
2022-06-02,2.5,2.5,2.5,2.5,0,0.0,0.0,0.0,0.0,0.0,,0.0,0.0,0.0
2022-06-03,2.5,2.5,2.5,2.5,0,0.0,0.0,0.0,0.0,0.0,,0.0,0.0,0.0
2022-06-06,2.5,2.5,2.5,2.5,0,0.0,0.0,0.0,0.0,0.0,,0.0,0.0,0.0
2022-06-07,2.5,2.5,2.5,2.5,0,0.0,0.0,0.0,0.0,0.0,,0.0,0.0,0.0
2022-06-08,2.5,2.5,2.5,2.5,0,0.0,0.0,0.0,0.0,0.0,,0.0,0.0,0.0
2022-06-09,2.5,2.5,2.5,2.5,0,0.0,0.0,0.0,0.0,0.0,,0.0,0.0,0.0
2022-06-10,2.5,2.5,2.5,2.5,0,0.0,0.0,0.0,0.0,0.0,,0.0,0.0,0.0
2022-06-13,2.5,2.5,2.5,2.5,0,0.0,0.0,0.0,0.0,0.0,,0.0,0.0,0.0
2022-06-14,2.5,2.5,2.5,2.5,0,0.0,0.0,0.0,0.0,0.0,,0.0,0.0,0.0
2022-06-15,2.5,2.5,2.5,2.5,0,0.0,0.0,0.0,0.0,0.0,,0.0,0.0,0.0
2022-06-16,2.5,2.5,2.5,2.5,0,0.0,0.0,0.0,0.0,0.0,,0.0,0.0,0.0
2022-06-17,2.5,2.5,2.5,2.5,0,0.0,0.0,0.0,0.0,0.0,,0.0,0.0,0.0
2022-06-20,2.5,2.5,2.5,2.5,0,0.0,0.0,0.0,0.0,0.0,,0.0,0.0,0.0
2022-06-21,2.5,2.5,2.5,2.5,0,0.0,0.0,0.0,0.0,0.0,,0.0,0.0,0.0
2022-06-22,2.5,2.5,2.5,2.5,0,0.0,0.0,0.0,0.0,0.0,,0.0,0.0,0.0
2022-06-23,2.5,2.5,2.5,2.5,0,0.0,0.0,0.0,0.0,0.0,,0.0,0.0,0.0
2022-06-24,2.5,2.5,2.5,2.5,0,0.0,0.0,0.0,0.0,0.0,,0.0,0.0,0.0
2022-06-27,2.5,2.5,2.5,2.5,0,0.0,0.0,0.0,0.0,0.0,,0.0,0.0,0.0
2022-06-28,2.5,2.5,2.5,2.5,0,0.0,0.0,0.0,0.0,0.0,,0.0,0.0,0.0
2022-06-29,2.5,2.5,2.5,2.5,0,0.0,0.0,0.0,0.0,0.0,,0.0,0.0,0.0
2022-06-30,2.5,2.5,2.5,2.5,0,0.0,0.0,0.0,0.0,0.0,,0.0,0.0,0.0
2022-07-01,2.5,2.5,2.5,2.5,0,0.0,0.0,0.0,0.0,0.0,,0.0,0.0,0.0
2022-07-04,2.5,2.5,2.5,2.5,0,0.0,0.0,0.0,0.0,0.0,,0.0,0.0,0.0
2022-07-05,2.5,2.5,2.5,2.5,0,0.0,0.0,0.0,0.0,0.0,,0.0,0.0,0.0
2022-07-06,2.5,2.5,2.5,2.5,0,0.0,0.0,0.0,0.0,0.0,,0.0,0.0,0.0
2022-07-07,2.5,2.5,2.5,2.5,0,0.0,0.0,0.0,0.0,0.0,,0.0,0.0,0.0
2022-07-08,2.5,2.5,2.5,2.5,0,0.0,0.0,0.0,0.0,0.0,,0.0,0.0,0.0
2022-07-11,2.5,2.5,2.5,2.5,0,0.0,0.0,0.0,0.0,0.0,,0.0,0.0,0.0
2022-07-12,2.5,2.5,2.5,2.5,0,0.0,0.0,0.0,0.0,0.0,,0.0,0.0,0.0
2022-07-13,2.5,2.5,2.5,2.5,0,0.0,0.0,0.0,0.0,0.0,,0.0,0.0,0.0
2022-07-14,2.5,2.5,2.5,2.5,0,0.0,0.0,0.0,0.0,0.0,,0.0,0.0,0.0
2022-07-15,2.5,2.5,2.5,2.5,0,0.0,0.0,0.0,0.0,0.0,,0.0,0.0,0.0
2022-07-18,2.5,2.5,2.5,2.5,0,0.0,0.0,0.0,0.0,0.0,,0.0,0.0,0.0
2022-07-19,2.5,2.5,2.5,2.5,0,0.0,0.0,0.0,0.0,0.0,,0.0,0.0,0.0
2022-07-20,2.5,2.5,2.5,2.5,0,0.0,0.0,0.0,0.0,0.0,,0.0,0.0,0.0
2022-07-21,2.5,2.5,2.5,2.5,0,0.0,0.0,0.0,0.0,0.0,,0.0,0.0,0.0
2022-07-22,2.5,2.5,2.5,2.5,0,0.0,0.0,0.0,0.0,0.0,,0.0,0.0,0.0
2022-07-25,2.5,2.5,2.5,2.5,0,0.0,0.0,0.0,0.0,0.0,,0.0,0.0,0.0
2022-07-26,2.5,2.5,2.5,2.5,0,0.0,0.0,0.0,0.0,0.0,,0.0,0.0,0.0
2022-07-27,2.5,2.5,2.5,2.5,0,0.0,0.0,0.0,0.0,0.0,,0.0,0.0,0.0
2022-07-28,2.5,2.5,2.5,2.5,0,0.0,0.0,0.0,0.0,0.0,,0.0,0.0,0.0
2022-07-29,2.5,2.5,2.5,2.5,0,0.0,0.0,0.0,0.0,0.0,,0.0,0.0,0.0
2022-08-01,2.5,2.5,2.5,2.5,0,0.0,0.0,0.0,0.0,0.0,,0.0,0.0,0.0
2022-08-02,2.5,2.5,2.5,2.5,0,0.0,0.0,0.0,0.0,0.0,,0.0,0.0,0.0
2022-08-03,2.5,2.5,2.5,2.5,0,0.0,0.0,0.0,0.0,0.0,,0.0,0.0,0.0
2022-08-04,2.5,2.5,2.5,2.5,0,0.0,0.0,0.0,0.0,0.0,,0.0,0.0,0.0
2022-08-05,2.5,2.5,2.5,2.5,0,0.0,0.0,0.0,0.0,0.0,,0.0,0.0,0.0
2022-08-08,2.5,2.5,2.5,2.5,0,0.0,0.0,0.0,0.0,0.0,,0.0,0.0,0.0
2022-08-09,2.5,2.5,2.5,2.5,0,0.0,0.0,0.0,0.0,0.0,,0.0,0.0,0.0
2022-08-10,2.5,2.5,2.5,2.5,0,0.0,0.0,0.0,0.0,0.0,,0.0,0.0,0.0
2022-08-11,2.5,2.5,2.5,2.5,0,0.0,0.0,0.0,0.0,0.0,,0.0,0.0,0.0
2022-08-12,2.5,2.5,2.5,2.5,0,0.0,0.0,0.0,0.0,0.0,,0.0,0.0,0.0
2022-08-15,2.5,2.5,2.5,2.5,0,0.0,0.0,0.0,0.0,0.0,,0.0,0.0,0.0
2022-08-16,2.5,2.5,2.5,2.5,0,0.0,0.0,0.0,0.0,0.0,,0.0,0.0,0.0
2022-08-17,2.5,2.5,2.5,2.5,0,0.0,0.0,0.0,0.0,0.0,,0.0,0.0,0.0
2022-08-18,2.5,2.5,2.5,2.5,0,0.0,0.0,0.0,0.0,0.0,,0.0,0.0,0.0
2022-08-19,2.5,2.5,2.5,2.5,0,0.0,0.0,0.0,0.0,0.0,,0.0,0.0,0.0
2022-08-22,2.5,2.5,2.5,2.5,0,0.0,0.0,0.0,0.0,0.0,,0.0,0.0,0.0
2022-08-23,2.5,2.5,2.5,2.5,0,0.0,0.0,0.0,0.0,0.0,,0.0,0.0,0.0
2022-08-24,2.5,2.5,2.5,2.5,0,0.0,0.0,0.0,0.0,0.0,,0.0,0.0,0.0
2022-08-25,2.5,2.5,2.5,2.5,0,0.0,0.0,0.0,0.0,0.0,,0.0,0.0,0.0
2022-08-26,2.5,2.5,2.5,2.5,0,0.0,0.0,0.0,0.0,0.0,,0.0,0.0,0.0
2022-08-29,2.5,2.5,2.5,2.5,0,0.0,0.0,0.0,0.0,0.0,,0.0,0.0,0.0
2022-08-30,2.5,2.5,2.5,2.5,0,0.0,0.0,0.0,0.0,0.0,,0.0,0.0,0.0
2022-08-31,2.5,2.5,2.5,2.5,0,0.0,0.0,0.0,0.0,0.0,,0.0,0.0,0.0
2022-09-05,2.5,2.5,2.5,2.5,0,0.0,0.0,0.0,0.0,0.0,,0.0,0.0,0.0
2022-09-06,2.5,2.5,2.5,2.5,0,0.0,0.0,0.0,0.0,0.0,,0.0,0.0,0.0
2022-09-07,2.5,2.5,2.5,2.5,0,0.0,0.0,0.0,0.0,0.0,,0.0,0.0,0.0
2022-09-08,2.5,2.5,2.5,2.5,0,0.0,0.0,0.0,0.0,0.0,,0.0,0.0,0.0
2022-09-09,2.5,2.5,2.5,2.5,0,0.0,0.0,0.0,0.0,0.0,,0.0,0.0,0.0
2022-09-12,2.5,2.5,2.5,2.5,0,0.0,0.0,0.0,0.0,0.0,,0.0,0.0,0.0
2022-09-13,2.5,2.5,2.5,2.5,0,0.0,0.0,0.0,0.0,0.0,,0.0,0.0,0.0
2022-09-14,2.5,2.5,2.5,2.5,0,0.0,0.0,0.0,0.0,0.0,,0.0,0.0,0.0
2022-09-15,2.5,2.5,2.5,2.5,0,0.0,0.0,0.0,0.0,0.0,,0.0,0.0,0.0
2022-09-16,2.5,2.5,2.5,2.5,0,0.0,0.0,0.0,0.0,0.0,,0.0,0.0,0.0
2022-09-19,2.5,2.5,2.5,2.5,0,0.0,0.0,0.0,0.0,0.0,,0.0,0.0,0.0
2022-09-20,2.5,2.5,2.5,2.5,0,0.0,0.0,0.0,0.0,0.0,,0.0,0.0,0.0
2022-09-21,2.5,2.5,2.5,2.5,0,0.0,0.0,0.0,0.0,0.0,,0.0,0.0,0.0
2022-09-22,2.5,2.5,2.5,2.5,0,0.0,0.0,0.0,0.0,0.0,,0.0,0.0,0.0
2022-09-23,2.5,2.5,2.5,2.5,0,0.0,0.0,0.0,0.0,0.0,,0.0,0.0,0.0
2022-09-26,2.5,2.5,2.5,2.5,0,0.0,0.0,0.0,0.0,0.0,,0.0,0.0,0.0
2022-09-27,2.5,2.5,2.5,2.5,0,0.0,0.0,0.0,0.0,0.0,,0.0,0.0,0.0
2022-09-28,2.5,2.5,2.5,2.5,0,0.0,0.0,0.0,0.0,0.0,,0.0,0.0,0.0
2022-09-29,2.5,2.5,2.5,2.5,0,0.0,0.0,0.0,0.0,0.0,,0.0,0.0,0.0
2022-09-30,2.5,2.5,2.5,2.5,0,0.0,0.0,0.0,0.0,0.0,,0.0,0.0,0.0
2022-10-03,2.5,2.5,2.5,2.5,0,0.0,0.0,0.0,0.0,0.0,,0.0,0.0,0.0
2022-10-04,2.5,2.5,2.5,2.5,0,0.0,0.0,0.0,0.0,0.0,,0.0,0.0,0.0
2022-10-05,2.5,2.5,2.5,2.5,0,0.0,0.0,0.0,0.0,0.0,,0.0,0.0,0.0
2022-10-06,2.5,2.5,2.5,2.5,0,0.0,0.0,0.0,0.0,0.0,,0.0,0.0,0.0
2022-10-07,2.5,2.5,2.5,2.5,0,0.0,0.0,0.0,0.0,0.0,,0.0,0.0,0.0
2022-10-10,2.5,2.5,2.5,2.5,0,0.0,0.0,0.0,0.0,0.0,,0.0,0.0,0.0
2022-10-11,2.5,2.5,2.5,2.5,0,0.0,0.0,0.0,0.0,0.0,,0.0,0.0,0.0
2022-10-12,2.5,2.5,2.5,2.5,0,0.0,0.0,0.0,0.0,0.0,,0.0,0.0,0.0
2022-10-13,2.5,2.5,2.5,2.5,0,0.0,0.0,0.0,0.0,0.0,,0.0,0.0,0.0
2022-10-14,2.5,2.5,2.5,2.5,0,0.0,0.0,0.0,0.0,0.0,,0.0,0.0,0.0
2022-10-17,2.5,2.5,2.5,2.5,0,0.0,0.0,0.0,0.0,0.0,,0.0,0.0,0.0
2022-10-18,2.5,2.5,2.5,2.5,0,0.0,0.0,0.0,0.0,0.0,,0.0,0.0,0.0
2022-10-19,2.5,2.5,2.5,2.5,0,0.0,0.0,0.0,0.0,0.0,,0.0,0.0,0.0
2022-10-20,2.5,2.5,2.5,2.5,0,0.0,0.0,0.0,0.0,0.0,,0.0,0.0,0.0
2022-10-21,2.5,2.5,2.5,2.5,0,0.0,0.0,0.0,0.0,0.0,,0.0,0.0,0.0
2022-10-24,2.5,2.5,2.5,2.5,0,0.0,0.0,0.0,0.0,0.0,,0.0,0.0,0.0
2022-10-25,2.5,2.5,2.5,2.5,0,0.0,0.0,0.0,0.0,0.0,,0.0,0.0,0.0
2022-10-26,2.5,2.5,2.5,2.5,0,0.0,0.0,0.0,0.0,0.0,,0.0,0.0,0.0
2022-10-27,2.5,2.5,2.5,2.5,0,0.0,0.0,0.0,0.0,0.0,,0.0,0.0,0.0
2022-10-28,2.5,2.5,2.5,2.5,0,0.0,0.0,0.0,0.0,0.0,,0.0,0.0,0.0
2022-10-31,2.5,2.5,2.5,2.5,0,0.0,0.0,0.0,0.0,0.0,,0.0,0.0,0.0
2022-11-01,2.5,2.5,2.5,2.5,0,0.0,0.0,0.0,0.0,0.0,,0.0,0.0,0.0
2022-11-02,2.5,2.5,2.5,2.5,0,0.0,0.0,0.0,0.0,0.0,,0.0,0.0,0.0
2022-11-03,2.5,2.5,2.5,2.5,0,0.0,0.0,0.0,0.0,0.0,,0.0,0.0,0.0
2022-11-04,2.5,2.5,2.5,2.5,0,0.0,0.0,0.0,0.0,0.0,,0.0,0.0,0.0
2022-11-07,2.5,2.5,2.5,2.5,0,0.0,0.0,0.0,0.0,0.0,,0.0,0.0,0.0
2022-11-08,2.5,2.5,2.5,2.5,0,0.0,0.0,0.0,0.0,0.0,,0.0,0.0,0.0
2022-11-09,2.5,2.5,2.5,2.5,0,0.0,0.0,0.0,0.0,0.0,,0.0,0.0,0.0
2022-11-10,2.5,2.5,2.5,2.5,0,0.0,0.0,0.0,0.0,0.0,,0.0,0.0,0.0
2022-11-11,2.5,2.5,2.5,2.5,0,0.0,0.0,0.0,0.0,0.0,,0.0,0.0,0.0
2022-11-14,2.5,2.5,2.5,2.5,0,0.0,0.0,0.0,0.0,0.0,,0.0,0.0,0.0
2022-11-15,2.5,2.5,2.5,2.5,0,0.0,0.0,0.0,0.0,0.0,,0.0,0.0,0.0
2022-11-16,2.5,2.5,2.5,2.5,0,0.0,0.0,0.0,0.0,0.0,,0.0,0.0,0.0
2022-11-17,2.5,2.5,2.5,2.5,0,0.0,0.0,0.0,0.0,0.0,,0.0,0.0,0.0
2022-11-18,2.5,2.5,2.5,2.5,0,0.0,0.0,0.0,0.0,0.0,,0.0,0.0,0.0
2022-11-21,2.5,2.5,2.5,2.5,0,0.0,0.0,0.0,0.0,0.0,,0.0,0.0,0.0
2022-11-22,2.5,2.5,2.5,2.5,0,0.0,0.0,0.0,0.0,0.0,,0.0,0.0,0.0
2022-11-23,2.5,2.5,2.5,2.5,0,0.0,0.0,0.0,0.0,0.0,,0.0,0.0,0.0
2022-11-24,2.5,2.5,2.5,2.5,0,0.0,0.0,0.0,0.0,0.0,,0.0,0.0,0.0
2022-11-25,2.5,2.5,2.5,2.5,0,0.0,0.0,0.0,0.0,0.0,,0.0,0.0,0.0
2022-11-28,2.5,2.5,2.5,2.5,0,0.0,0.0,0.0,0.0,0.0,,0.0,0.0,0.0
2022-11-29,2.5,2.5,2.5,2.5,0,0.0,0.0,0.0,0.0,0.0,,0.0,0.0,0.0
2022-11-30,2.5,2.5,2.5,2.5,0,0.0,0.0,0.0,0.0,0.0,,0.0,0.0,0.0
2022-12-01,2.5,2.5,2.5,2.5,0,0.0,0.0,0.0,0.0,0.0,,0.0,0.0,0.0
2022-12-02,2.5,2.5,2.5,2.5,0,0.0,0.0,0.0,0.0,0.0,,0.0,0.0,0.0
2022-12-05,2.5,2.5,2.5,2.5,0,0.0,0.0,0.0,0.0,0.0,,0.0,0.0,0.0
2022-12-06,2.5,2.5,2.5,2.5,0,0.0,0.0,0.0,0.0,0.0,,0.0,0.0,0.0
2022-12-07,2.5,2.5,2.5,2.5,0,0.0,0.0,0.0,0.0,0.0,,0.0,0.0,0.0
2022-12-08,2.5,2.5,2.5,2.5,0,0.0,0.0,0.0,0.0,0.0,,0.0,0.0,0.0
2022-12-09,2.5,2.5,2.5,2.5,0,0.0,0.0,0.0,0.0,0.0,,0.0,0.0,0.0
2022-12-12,2.5,2.5,2.5,2.5,0,0.0,0.0,0.0,0.0,0.0,,0.0,0.0,0.0
2022-12-13,2.5,2.5,2.5,2.5,0,0.0,0.0,0.0,0.0,0.0,,0.0,0.0,0.0
2022-12-14,2.5,2.5,2.5,2.5,0,0.0,0.0,0.0,0.0,0.0,,0.0,0.0,0.0
2022-12-15,2.5,2.5,2.5,2.5,0,0.0,0.0,0.0,0.0,0.0,,0.0,0.0,0.0
2022-12-16,2.5,2.5,2.5,2.5,0,0.0,0.0,0.0,0.0,0.0,,0.0,0.0,0.0
2022-12-19,2.5,2.5,2.5,2.5,0,0.0,0.0,0.0,0.0,0.0,,0.0,0.0,0.0
2022-12-20,2.5,2.5,2.5,2.5,0,0.0,0.0,0.0,0.0,0.0,,0.0,0.0,0.0
2022-12-21,2.5,2.5,2.5,2.5,0,0.0,0.0,0.0,0.0,0.0,,0.0,0.0,0.0
2022-12-22,2.5,2.5,2.5,2.5,0,0.0,0.0,0.0,0.0,0.0,,0.0,0.0,0.0
2022-12-23,2.5,2.5,2.5,2.5,0,0.0,0.0,0.0,0.0,0.0,,0.0,0.0,0.0
2022-12-26,2.5,2.5,2.5,2.5,0,0.0,0.0,0.0,0.0,0.0,,0.0,0.0,0.0
2022-12-27,2.5,2.5,2.5,2.5,0,0.0,0.0,0.0,0.0,0.0,,0.0,0.0,0.0
2022-12-28,2.5,2.5,2.5,2.5,0,0.0,0.0,0.0,0.0,0.0,,0.0,0.0,0.0
2022-12-29,2.5,2.5,2.5,2.5,0,0.0,0.0,0.0,0.0,0.0,,0.0,0.0,0.0
2022-12-30,2.5,2.5,2.5,2.5,0,0.0,0.0,0.0,0.0,0.0,,0.0,0.0,0.0
2023-01-03,2.5,2.5,2.5,2.5,0,0.0,0.0,0.0,0.0,0.0,,0.0,0.0,0.0
2023-01-04,2.5,2.5,2.5,2.5,0,0.0,0.0,0.0,0.0,0.0,,0.0,0.0,0.0
2023-01-05,2.5,2.5,2.5,2.5,0,0.0,0.0,0.0,0.0,0.0,,0.0,0.0,0.0
2023-01-06,2.5,2.5,2.5,2.5,0,0.0,0.0,0.0,0.0,0.0,,0.0,0.0,0.0
2023-01-09,2.5,2.5,2.5,2.5,0,0.0,0.0,0.0,0.0,0.0,,0.0,0.0,0.0
2023-01-10,2.5,2.5,2.5,2.5,0,0.0,0.0,0.0,0.0,0.0,,0.0,0.0,0.0
2023-01-11,2.5,2.5,2.5,2.5,0,0.0,0.0,0.0,0.0,0.0,,0.0,0.0,0.0
2023-01-12,2.5,2.5,2.5,2.5,0,0.0,0.0,0.0,0.0,0.0,,0.0,0.0,0.0
2023-01-13,2.5,2.5,2.5,2.5,0,0.0,0.0,0.0,0.0,0.0,,0.0,0.0,0.0
2023-01-16,2.5,2.5,2.5,2.5,0,0.0,0.0,0.0,0.0,0.0,,0.0,0.0,0.0
2023-01-17,2.5,2.5,2.5,2.5,0,0.0,0.0,0.0,0.0,0.0,,0.0,0.0,0.0
2023-01-18,2.5,2.5,2.5,2.5,0,0.0,0.0,0.0,0.0,0.0,,0.0,0.0,0.0
2023-01-19,2.5,2.5,2.5,2.5,0,0.0,0.0,0.0,0.0,0.0,,0.0,0.0,0.0
2023-01-27,2.5,2.5,2.5,2.5,0,0.0,0.0,0.0,0.0,0.0,,0.0,0.0,0.0
2023-01-30,2.5,2.5,2.5,2.5,0,0.0,0.0,0.0,0.0,0.0,,0.0,0.0,0.0
2023-01-31,2.5,2.5,2.5,2.5,0,0.0,0.0,0.0,0.0,0.0,,0.0,0.0,0.0
2023-02-01,2.5,2.5,2.5,2.5,0,0.0,0.0,0.0,0.0,0.0,,0.0,0.0,0.0
2023-02-02,2.5,2.5,2.5,2.5,0,0.0,0.0,0.0,0.0,0.0,,0.0,0.0,0.0
2023-02-03,2.5,2.5,2.5,2.5,0,0.0,0.0,0.0,0.0,0.0,,0.0,0.0,0.0
2023-02-06,2.5,2.5,2.5,2.5,0,0.0,0.0,0.0,0.0,0.0,,0.0,0.0,0.0
2023-02-07,2.5,2.5,2.5,2.5,0,0.0,0.0,0.0,0.0,0.0,,0.0,0.0,0.0
2023-02-08,2.5,2.5,2.5,2.5,0,0.0,0.0,0.0,0.0,0.0,,0.0,0.0,0.0
2023-02-09,2.5,2.5,2.5,2.5,0,0.0,0.0,0.0,0.0,0.0,,0.0,0.0,0.0
2023-02-10,2.5,2.5,2.5,2.5,0,0.0,0.0,0.0,0.0,0.0,,0.0,0.0,0.0
2023-02-13,2.5,2.5,2.5,2.5,0,0.0,0.0,0.0,0.0,0.0,,0.0,0.0,0.0
2023-02-14,2.5,2.5,2.5,2.5,0,0.0,0.0,0.0,0.0,0.0,,0.0,0.0,0.0
2023-02-15,2.5,2.5,2.5,2.5,0,0.0,0.0,0.0,0.0,0.0,,0.0,0.0,0.0
2023-02-16,2.5,2.5,2.5,2.5,0,0.0,0.0,0.0,0.0,0.0,,0.0,0.0,0.0
2023-02-17,2.5,2.5,2.5,2.5,0,0.0,0.0,0.0,0.0,0.0,,0.0,0.0,0.0
2023-02-20,2.5,2.5,2.5,2.5,0,0.0,0.0,0.0,0.0,0.0,,0.0,0.0,0.0
2023-02-21,2.5,2.5,2.5,2.5,0,0.0,0.0,0.0,0.0,0.0,,0.0,0.0,0.0
2023-02-22,2.5,2.5,2.5,2.5,0,0.0,0.0,0.0,0.0,0.0,,0.0,0.0,0.0
2023-02-23,2.5,2.5,2.5,2.5,0,0.0,0.0,0.0,0.0,0.0,,0.0,0.0,0.0
2023-02-24,2.5,2.5,2.5,2.5,0,0.0,0.0,0.0,0.0,0.0,,0.0,0.0,0.0
2023-02-27,2.5,2.5,2.5,2.5,0,0.0,0.0,0.0,0.0,0.0,,0.0,0.0,0.0
2023-02-28,2.5,2.5,2.5,2.5,0,0.0,0.0,0.0,0.0,0.0,,0.0,0.0,0.0
2023-03-01,2.5,2.5,2.5,2.5,0,0.0,0.0,0.0,0.0,0.0,,0.0,0.0,0.0
2023-03-02,2.5,2.5,2.5,2.5,0,0.0,0.0,0.0,0.0,0.0,,0.0,0.0,0.0
2023-03-03,3.5,3.5,3.5,3.5,100,350.0,0.0,0.0,0.0,0.0,,0.0,0.0,0.0
2023-03-06,3.5,3.5,3.5,3.5,0,0.0,0.0,0.0,0.0,0.0,,0.0,0.0,0.0
2023-03-07,3.5,3.5,3.5,3.5,0,0.0,0.0,0.0,0.0,0.0,,0.0,0.0,0.0
2023-03-08,3.5,3.5,3.5,3.5,0,0.0,0.0,0.0,0.0,0.0,,0.0,0.0,0.0
2023-03-09,3.5,3.5,3.5,3.5,0,0.0,0.0,0.0,0.0,0.0,,0.0,0.0,0.0
2023-03-10,3.5,3.5,3.5,3.5,0,0.0,0.0,0.0,0.0,0.0,,0.0,0.0,0.0
2023-03-13,3.5,3.5,3.5,3.5,0,0.0,0.0,0.0,0.0,0.0,,0.0,0.0,0.0
2023-03-14,3.5,3.5,3.5,3.5,0,0.0,0.0,0.0,0.0,0.0,,0.0,0.0,0.0
2023-03-15,3.5,3.5,3.5,3.5,0,0.0,0.0,0.0,0.0,0.0,,0.0,0.0,0.0
2023-03-16,3.5,3.5,3.5,3.5,0,0.0,0.0,0.0,0.0,0.0,,0.0,0.0,0.0
2023-03-17,3.5,3.5,3.5,3.5,0,0.0,0.0,0.0,0.0,0.0,,0.0,0.0,0.0
2023-03-20,3.5,3.5,3.5,3.5,0,0.0,0.0,0.0,0.0,0.0,,0.0,0.0,0.0
2023-03-21,3.5,3.5,3.5,3.5,0,0.0,0.0,0.0,0.0,0.0,,0.0,0.0,0.0
2023-03-22,3.5,3.5,3.5,3.5,0,0.0,0.0,0.0,0.0,0.0,,0.0,0.0,0.0
2023-03-23,3.5,3.5,3.5,3.5,0,0.0,0.0,0.0,0.0,0.0,,0.0,0.0,0.0
2023-03-24,3.5,3.5,3.5,3.5,0,0.0,0.0,0.0,0.0,0.0,,0.0,0.0,0.0
2023-03-27,3.5,3.5,3.5,3.5,0,0.0,0.0,0.0,0.0,0.0,,0.0,0.0,0.0
2023-03-28,3.5,3.5,3.5,3.5,0,0.0,0.0,0.0,0.0,0.0,,0.0,0.0,0.0
2023-03-29,3.5,3.5,3.5,3.5,0,0.0,0.0,0.0,0.0,0.0,,0.0,0.0,0.0
2023-03-30,3.5,3.5,3.5,3.5,0,0.0,0.0,0.0,0.0,0.0,,0.0,0.0,0.0
2023-03-31,3.5,3.5,3.5,3.5,0,0.0,0.0,0.0,0.0,0.0,,0.0,0.0,0.0
2023-04-03,3.5,3.5,3.5,3.5,0,0.0,0.0,0.0,0.0,0.0,,0.0,0.0,0.0
2023-04-04,3.5,3.5,3.5,3.5,0,0.0,0.0,0.0,0.0,0.0,,0.0,0.0,0.0
2023-04-05,3.5,3.5,3.5,3.5,0,0.0,0.0,0.0,0.0,0.0,,0.0,0.0,0.0
2023-04-06,3.5,3.5,3.5,3.5,0,0.0,0.0,0.0,0.0,0.0,,0.0,0.0,0.0
2023-04-07,3.5,3.5,3.5,3.5,0,0.0,0.0,0.0,0.0,0.0,,0.0,0.0,0.0
2023-04-10,3.5,3.5,3.5,3.5,0,0.0,0.0,0.0,0.0,0.0,,0.0,0.0,0.0
2023-04-11,3.5,3.5,3.5,3.5,0,0.0,0.0,0.0,0.0,0.0,,0.0,0.0,0.0
2023-04-12,3.5,3.5,3.5,3.5,0,0.0,0.0,0.0,0.0,0.0,,0.0,0.0,0.0
2023-04-13,3.5,3.5,3.5,3.5,0,0.0,0.0,0.0,0.0,0.0,,0.0,0.0,0.0
2023-04-14,3.5,3.5,3.5,3.5,0,0.0,0.0,0.0,0.0,0.0,,0.0,0.0,0.0
2023-04-17,3.5,3.5,3.5,3.5,0,0.0,0.0,0.0,0.0,0.0,,0.0,0.0,0.0
2023-04-18,3.5,3.5,3.5,3.5,0,0.0,0.0,0.0,0.0,0.0,,0.0,0.0,0.0
2023-04-19,3.5,3.5,3.5,3.5,0,0.0,0.0,0.0,0.0,0.0,,0.0,0.0,0.0
2023-04-20,3.5,3.5,3.5,3.5,0,0.0,0.0,0.0,0.0,0.0,,0.0,0.0,0.0
2023-04-21,3.5,3.5,3.5,3.5,0,0.0,0.0,0.0,0.0,0.0,,0.0,0.0,0.0
2023-04-24,3.5,3.5,3.5,3.5,0,0.0,0.0,0.0,0.0,0.0,,0.0,0.0,0.0
2023-04-25,3.5,3.5,3.5,3.5,0,0.0,0.0,0.0,0.0,0.0,,0.0,0.0,0.0
2023-04-26,3.5,3.5,3.5,3.5,0,0.0,0.0,0.0,0.0,0.0,,0.0,0.0,0.0
2023-04-27,3.5,3.5,3.5,3.5,0,0.0,0.0,0.0,0.0,0.0,,0.0,0.0,0.0
2023-04-28,3.5,3.5,3.5,3.5,0,0.0,0.0,0.0,0.0,0.0,,0.0,0.0,0.0
2023-05-04,3.5,3.5,3.5,3.5,0,0.0,0.0,0.0,0.0,0.0,,0.0,0.0,0.0
2023-05-05,3.5,3.5,3.5,3.5,0,0.0,0.0,0.0,0.0,0.0,,0.0,0.0,0.0
2023-05-08,3.5,3.5,3.5,3.5,0,0.0,0.0,0.0,0.0,0.0,,0.0,0.0,0.0
2023-05-09,3.5,3.5,3.5,3.5,0,0.0,0.0,0.0,0.0,0.0,,0.0,0.0,0.0
2023-05-10,3.5,3.5,3.5,3.5,0,0.0,0.0,0.0,0.0,0.0,,0.0,0.0,0.0
2023-05-11,3.5,3.5,3.5,3.5,0,0.0,0.0,0.0,0.0,0.0,,0.0,0.0,0.0
2023-05-12,3.5,3.5,3.5,3.5,0,0.0,0.0,0.0,0.0,0.0,,0.0,0.0,0.0
2023-05-15,3.5,3.5,3.5,3.5,0,0.0,0.0,0.0,0.0,0.0,,0.0,0.0,0.0
2023-05-16,3.5,3.5,3.5,3.5,0,0.0,0.0,0.0,0.0,0.0,,0.0,0.0,0.0
2023-05-17,3.5,3.5,3.5,3.5,0,0.0,0.0,0.0,0.0,0.0,,0.0,0.0,0.0
2023-05-18,3.5,3.5,3.5,3.5,0,0.0,0.0,0.0,0.0,0.0,,0.0,0.0,0.0
2023-05-19,3.5,3.5,3.5,3.5,0,0.0,0.0,0.0,0.0,0.0,,0.0,0.0,0.0
2023-05-22,3.5,3.5,3.5,3.5,0,0.0,0.0,0.0,0.0,0.0,,0.0,0.0,0.0
2023-05-23,3.5,3.5,3.5,3.5,0,0.0,0.0,0.0,0.0,0.0,,0.0,0.0,0.0
2023-05-24,3.5,3.5,3.5,3.5,0,0.0,0.0,0.0,0.0,0.0,,0.0,0.0,0.0
2023-05-25,3.5,3.5,3.5,3.5,0,0.0,0.0,0.0,0.0,0.0,,0.0,0.0,0.0
2023-05-26,3.5,3.5,3.5,3.5,0,0.0,0.0,0.0,0.0,0.0,,0.0,0.0,0.0
2023-05-29,3.5,3.5,3.5,3.5,0,0.0,0.0,0.0,0.0,0.0,,0.0,0.0,0.0
2023-05-30,3.5,3.5,3.5,3.5,0,0.0,0.0,0.0,0.0,0.0,,0.0,0.0,0.0
2023-05-31,3.5,3.5,3.5,3.5,0,0.0,0.0,0.0,0.0,0.0,,0.0,0.0,0.0
2023-06-01,3.5,3.5,3.5,3.5,0,0.0,0.0,0.0,0.0,0.0,,0.0,0.0,0.0
2023-06-02,3.5,3.5,3.5,3.5,0,0.0,0.0,0.0,0.0,0.0,,0.0,0.0,0.0
2023-06-05,3.5,3.5,3.5,3.5,0,0.0,0.0,0.0,0.0,0.0,,0.0,0.0,0.0
2023-06-06,3.5,3.5,3.5,3.5,0,0.0,0.0,0.0,0.0,0.0,,0.0,0.0,0.0
2023-06-07,3.5,3.5,3.5,3.5,0,0.0,0.0,0.0,0.0,0.0,,0.0,0.0,0.0
2023-06-08,3.5,3.5,3.5,3.5,0,0.0,0.0,0.0,0.0,0.0,,0.0,0.0,0.0
2023-06-09,3.5,3.5,3.5,3.5,0,0.0,0.0,0.0,0.0,0.0,,0.0,0.0,0.0
2023-06-12,3.5,3.5,3.5,3.5,0,0.0,0.0,0.0,0.0,0.0,,0.0,0.0,0.0
2023-06-13,3.5,3.5,3.5,3.5,0,0.0,0.0,0.0,0.0,0.0,,0.0,0.0,0.0
2023-06-14,3.5,3.5,3.5,3.5,0,0.0,0.0,0.0,0.0,0.0,,0.0,0.0,0.0
2023-06-15,3.5,3.5,3.5,3.5,0,0.0,0.0,0.0,0.0,0.0,,0.0,0.0,0.0
2023-06-16,3.5,3.5,3.5,3.5,0,0.0,0.0,0.0,0.0,0.0,,0.0,0.0,0.0
2023-06-19,3.5,3.5,3.5,3.5,0,0.0,0.0,0.0,0.0,0.0,,0.0,0.0,0.0
2023-06-20,3.5,3.5,3.5,3.5,0,0.0,0.0,0.0,0.0,0.0,,0.0,0.0,0.0
2023-06-21,3.5,3.5,3.5,3.5,0,0.0,0.0,0.0,0.0,0.0,,0.0,0.0,0.0
2023-06-22,3.5,3.5,3.5,3.5,0,0.0,0.0,0.0,0.0,0.0,,0.0,0.0,0.0
2023-06-23,3.5,3.5,3.5,3.5,0,0.0,0.0,0.0,0.0,0.0,,0.0,0.0,0.0
2023-06-26,3.5,3.5,3.5,3.5,0,0.0,0.0,0.0,0.0,0.0,,0.0,0.0,0.0
2023-06-27,3.5,3.5,3.5,3.5,0,0.0,0.0,0.0,0.0,0.0,,0.0,0.0,0.0
2023-06-28,3.5,3.5,3.5,3.5,0,0.0,0.0,0.0,0.0,0.0,,0.0,0.0,0.0
2023-06-29,3.5,3.5,3.5,3.5,0,0.0,0.0,0.0,0.0,0.0,,0.0,0.0,0.0
2023-06-30,3.5,3.5,3.5,3.5,0,0.0,0.0,0.0,0.0,0.0,,0.0,0.0,0.0
2023-07-03,3.5,3.5,3.5,3.5,0,0.0,0.0,0.0,0.0,0.0,,0.0,0.0,0.0
2023-07-04,3.5,3.5,3.5,3.5,0,0.0,0.0,0.0,0.0,0.0,,0.0,0.0,0.0
2023-07-05,3.5,3.5,3.5,3.5,0,0.0,0.0,0.0,0.0,0.0,,0.0,0.0,0.0
2023-07-06,3.5,3.5,3.5,3.5,0,0.0,0.0,0.0,0.0,0.0,,0.0,0.0,0.0
2023-07-07,3.5,3.5,3.5,3.5,0,0.0,0.0,0.0,0.0,0.0,,0.0,0.0,0.0
2023-07-10,3.5,3.5,3.5,3.5,0,0.0,0.0,0.0,0.0,0.0,,0.0,0.0,0.0
2023-07-11,3.5,3.5,3.5,3.5,0,0.0,0.0,0.0,0.0,0.0,,0.0,0.0,0.0
2023-07-12,3.5,3.5,3.5,3.5,0,0.0,0.0,0.0,0.0,0.0,,0.0,0.0,0.0
2023-07-13,3.5,3.5,3.5,3.5,0,0.0,0.0,0.0,0.0,0.0,,0.0,0.0,0.0
2023-07-14,3.5,3.5,3.5,3.5,0,0.0,0.0,0.0,0.0,0.0,,0.0,0.0,0.0
2023-07-17,3.5,3.5,3.5,3.5,0,0.0,0.0,0.0,0.0,0.0,,0.0,0.0,0.0
2023-07-18,3.5,3.5,3.5,3.5,0,0.0,0.0,0.0,0.0,0.0,,0.0,0.0,0.0
2023-07-19,3.5,3.5,3.5,3.5,0,0.0,0.0,0.0,0.0,0.0,,0.0,0.0,0.0
2023-07-20,3.5,3.5,3.5,3.5,0,0.0,0.0,0.0,0.0,0.0,,0.0,0.0,0.0
2023-07-21,3.5,3.5,3.5,3.5,0,0.0,0.0,0.0,0.0,0.0,,0.0,0.0,0.0
2023-07-24,3.5,3.5,3.5,3.5,0,0.0,0.0,0.0,0.0,0.0,,0.0,0.0,0.0
2023-07-25,3.5,3.5,3.5,3.5,0,0.0,0.0,0.0,0.0,0.0,,0.0,0.0,0.0
2023-07-26,3.5,3.5,3.5,3.5,0,0.0,0.0,0.0,0.0,0.0,,0.0,0.0,0.0
2023-07-27,3.5,3.5,3.5,3.5,0,0.0,0.0,0.0,0.0,0.0,,0.0,0.0,0.0
2023-07-28,3.5,3.5,3.5,3.5,0,0.0,0.0,0.0,0.0,0.0,,0.0,0.0,0.0
2023-07-31,3.5,3.5,3.5,3.5,0,0.0,0.0,0.0,0.0,0.0,,0.0,0.0,0.0
2023-08-01,3.5,3.5,3.5,3.5,0,0.0,0.0,0.0,0.0,0.0,,0.0,0.0,0.0
2023-08-02,3.5,3.5,3.5,3.5,0,0.0,0.0,0.0,0.0,0.0,,0.0,0.0,0.0
2023-08-03,3.5,3.5,3.5,3.5,0,0.0,0.0,0.0,0.0,0.0,,0.0,0.0,0.0
2023-08-04,3.5,3.5,3.5,3.5,0,0.0,0.0,0.0,0.0,0.0,,0.0,0.0,0.0
2023-08-07,3.5,3.5,3.5,3.5,0,0.0,0.0,0.0,0.0,0.0,,0.0,0.0,0.0
2023-08-08,3.5,3.5,3.5,3.5,0,0.0,0.0,0.0,0.0,0.0,,0.0,0.0,0.0
2023-08-09,3.5,3.5,3.5,3.5,0,0.0,0.0,0.0,0.0,0.0,,0.0,0.0,0.0
2023-08-10,3.5,3.5,3.5,3.5,0,0.0,0.0,0.0,0.0,0.0,,0.0,0.0,0.0
2023-08-11,3.5,3.5,3.5,3.5,0,0.0,0.0,0.0,0.0,0.0,,0.0,0.0,0.0
2023-08-14,3.5,3.5,3.5,3.5,0,0.0,0.0,0.0,0.0,0.0,,0.0,0.0,0.0
2023-08-15,3.5,3.5,3.5,3.5,0,0.0,0.0,0.0,0.0,0.0,,0.0,0.0,0.0
2023-08-16,3.5,3.5,3.5,3.5,0,0.0,0.0,0.0,0.0,0.0,,0.0,0.0,0.0
2023-08-17,3.5,3.5,3.5,3.5,0,0.0,0.0,0.0,0.0,0.0,,0.0,0.0,0.0
2023-08-18,3.5,3.5,3.5,3.5,0,0.0,0.0,0.0,0.0,0.0,,0.0,0.0,0.0
2023-08-21,3.5,3.5,3.5,3.5,0,0.0,0.0,0.0,0.0,0.0,,0.0,0.0,0.0
2023-08-22,3.5,3.5,3.5,3.5,0,0.0,0.0,0.0,0.0,0.0,,0.0,0.0,0.0
2023-08-23,3.5,3.5,3.5,3.5,0,0.0,0.0,0.0,0.0,0.0,,0.0,0.0,0.0
2023-08-24,3.5,3.5,3.5,3.5,0,0.0,0.0,0.0,0.0,0.0,,0.0,0.0,0.0
2023-08-25,3.5,3.5,3.5,3.5,0,0.0,0.0,0.0,0.0,0.0,,0.0,0.0,0.0
2023-08-28,3.5,3.5,3.5,3.5,0,0.0,0.0,0.0,0.0,0.0,,0.0,0.0,0.0
2023-08-29,3.5,3.5,3.5,3.5,0,0.0,0.0,0.0,0.0,0.0,,0.0,0.0,0.0
2023-08-30,3.5,3.5,3.5,3.5,0,0.0,0.0,0.0,0.0,0.0,,0.0,0.0,0.0
2023-08-31,3.5,3.5,3.5,3.5,0,0.0,0.0,0.0,0.0,0.0,,0.0,0.0,0.0
2023-09-05,3.5,3.5,3.5,3.5,0,0.0,0.0,0.0,0.0,0.0,,0.0,0.0,0.0
2023-09-06,3.5,3.5,3.5,3.5,0,0.0,0.0,0.0,0.0,0.0,,0.0,0.0,0.0
2023-09-07,3.5,3.5,3.5,3.5,0,0.0,0.0,0.0,0.0,0.0,,0.0,0.0,0.0
2023-09-08,3.5,3.5,3.5,3.5,0,0.0,0.0,0.0,0.0,0.0,,0.0,0.0,0.0
2023-09-11,3.5,3.5,3.5,3.5,0,0.0,0.0,0.0,0.0,0.0,,0.0,0.0,0.0
2023-09-12,3.5,3.5,3.5,3.5,0,0.0,0.0,0.0,0.0,0.0,,0.0,0.0,0.0
2023-09-13,3.5,3.5,3.5,3.5,0,0.0,0.0,0.0,0.0,0.0,,0.0,0.0,0.0
2023-09-14,3.5,3.5,3.5,3.5,0,0.0,0.0,0.0,0.0,0.0,,0.0,0.0,0.0
2023-09-15,3.5,3.5,3.5,3.5,0,0.0,0.0,0.0,0.0,0.0,,0.0,0.0,0.0
2023-09-18,3.5,3.5,3.5,3.5,0,0.0,0.0,0.0,0.0,0.0,,0.0,0.0,0.0
2023-09-19,3.5,3.5,3.5,3.5,0,0.0,0.0,0.0,0.0,0.0,,0.0,0.0,0.0
2023-09-20,3.5,3.5,3.5,3.5,0,0.0,0.0,0.0,0.0,0.0,,0.0,0.0,0.0
2023-09-21,3.5,3.5,3.5,3.5,0,0.0,0.0,0.0,0.0,0.0,,0.0,0.0,0.0
2023-09-22,3.5,3.5,3.5,3.5,0,0.0,0.0,0.0,0.0,0.0,,0.0,0.0,0.0
2023-09-25,3.5,3.5,3.5,3.5,0,0.0,0.0,0.0,0.0,0.0,,0.0,0.0,0.0
2023-09-26,3.5,3.5,3.5,3.5,0,0.0,0.0,0.0,0.0,0.0,,0.0,0.0,0.0
2023-09-27,3.5,3.5,3.5,3.5,0,0.0,0.0,0.0,0.0,0.0,,0.0,0.0,0.0
2023-09-28,3.5,3.5,3.5,3.5,0,0.0,0.0,0.0,0.0,0.0,,0.0,0.0,0.0
2023-09-29,3.5,3.5,3.5,3.5,0,0.0,0.0,0.0,0.0,0.0,,0.0,0.0,0.0
2023-10-02,3.5,3.5,3.5,3.5,0,0.0,0.0,0.0,0.0,0.0,,0.0,0.0,0.0
2023-10-03,3.5,3.5,3.5,3.5,0,0.0,0.0,0.0,0.0,0.0,,0.0,0.0,0.0
2023-10-04,3.5,3.5,3.5,3.5,0,0.0,0.0,0.0,0.0,0.0,,0.0,0.0,0.0
2023-10-05,3.5,3.5,3.5,3.5,0,0.0,0.0,0.0,0.0,0.0,,0.0,0.0,0.0
2023-10-06,3.5,3.5,3.5,3.5,0,0.0,0.0,0.0,0.0,0.0,,0.0,0.0,0.0
2023-10-09,3.5,3.5,3.5,3.5,0,0.0,0.0,0.0,0.0,0.0,,0.0,0.0,0.0
2023-10-10,3.5,3.5,3.5,3.5,0,0.0,0.0,0.0,0.0,0.0,,0.0,0.0,0.0
2023-10-11,3.5,3.5,3.5,3.5,0,0.0,0.0,0.0,0.0,0.0,,0.0,0.0,0.0
2023-10-12,3.5,3.5,3.5,3.5,0,0.0,0.0,0.0,0.0,0.0,,0.0,0.0,0.0
2023-10-13,3.5,3.5,3.5,3.5,0,0.0,0.0,0.0,0.0,0.0,,0.0,0.0,0.0
2023-10-16,3.5,3.5,3.5,3.5,0,0.0,0.0,0.0,0.0,0.0,,0.0,0.0,0.0
2023-10-17,3.5,3.5,3.5,3.5,0,0.0,0.0,0.0,0.0,0.0,,0.0,0.0,0.0
2023-10-18,3.5,3.5,3.5,3.5,0,0.0,0.0,0.0,0.0,0.0,,0.0,0.0,0.0
2023-10-19,3.5,3.5,3.5,3.5,0,0.0,0.0,0.0,0.0,0.0,,0.0,0.0,0.0
2023-10-20,3.5,3.5,3.5,3.5,0,0.0,0.0,0.0,0.0,0.0,,0.0,0.0,0.0
2023-10-23,3.5,3.5,3.5,3.5,0,0.0,0.0,0.0,0.0,0.0,,0.0,0.0,0.0
2023-10-24,3.5,3.5,3.5,3.5,0,0.0,0.0,0.0,0.0,0.0,,0.0,0.0,0.0
2023-10-25,3.5,3.5,3.5,3.5,0,0.0,0.0,0.0,0.0,0.0,,0.0,0.0,0.0
2023-10-26,3.5,3.5,3.5,3.5,0,0.0,0.0,0.0,0.0,0.0,,0.0,0.0,0.0
2023-10-27,3.5,3.5,3.5,3.5,0,0.0,0.0,0.0,0.0,0.0,,0.0,0.0,0.0
2023-10-30,3.5,3.5,3.5,3.5,0,0.0,0.0,0.0,0.0,0.0,,0.0,0.0,0.0
2023-10-31,3.5,3.5,3.5,3.5,0,0.0,0.0,0.0,0.0,0.0,,0.0,0.0,0.0
2023-11-01,3.5,3.5,3.5,3.5,0,0.0,0.0,0.0,0.0,0.0,,0.0,0.0,0.0
2023-11-02,3.5,3.5,3.5,3.5,0,0.0,0.0,0.0,0.0,0.0,,0.0,0.0,0.0
2023-11-03,3.5,3.5,3.5,3.5,0,0.0,0.0,0.0,0.0,0.0,,0.0,0.0,0.0
2023-11-06,3.5,3.5,3.5,3.5,0,0.0,0.0,0.0,0.0,0.0,,0.0,0.0,0.0
2023-11-07,3.5,3.5,3.5,3.5,0,0.0,0.0,0.0,0.0,0.0,,0.0,0.0,0.0
2023-11-08,3.5,3.5,3.5,3.5,0,0.0,0.0,0.0,0.0,0.0,,0.0,0.0,0.0
2023-11-09,3.5,3.5,3.5,3.5,0,0.0,0.0,0.0,0.0,0.0,,0.0,0.0,0.0
2023-11-10,3.5,3.5,3.5,3.5,0,0.0,0.0,0.0,0.0,0.0,,0.0,0.0,0.0
2023-11-13,3.5,3.5,3.5,3.5,0,0.0,0.0,0.0,0.0,0.0,,0.0,0.0,0.0
2023-11-14,3.5,3.5,3.5,3.5,0,0.0,0.0,0.0,0.0,0.0,,0.0,0.0,0.0
2023-11-15,3.5,3.5,3.5,3.5,0,0.0,0.0,0.0,0.0,0.0,,0.0,0.0,0.0
2023-11-16,3.5,3.5,3.5,3.5,0,0.0,0.0,0.0,0.0,0.0,,0.0,0.0,0.0
2023-11-17,3.5,3.5,3.5,3.5,0,0.0,0.0,0.0,0.0,0.0,,0.0,0.0,0.0
2023-11-20,3.5,3.5,3.5,3.5,0,0.0,0.0,0.0,0.0,0.0,,0.0,0.0,0.0
2023-11-21,3.5,3.5,3.5,3.5,0,0.0,0.0,0.0,0.0,0.0,,0.0,0.0,0.0
2023-11-22,3.5,3.5,3.5,3.5,0,0.0,0.0,0.0,0.0,0.0,,0.0,0.0,0.0
2023-11-23,3.5,3.5,3.5,3.5,0,0.0,0.0,0.0,0.0,0.0,,0.0,0.0,0.0
2023-11-24,3.5,3.5,3.5,3.5,0,0.0,0.0,0.0,0.0,0.0,,0.0,0.0,0.0
2023-11-27,3.5,3.5,3.5,3.5,0,0.0,0.0,0.0,0.0,0.0,,0.0,0.0,0.0
2023-11-28,3.5,3.5,3.5,3.5,0,0.0,0.0,0.0,0.0,0.0,,0.0,0.0,0.0
2023-11-29,3.5,3.5,3.5,3.5,0,0.0,0.0,0.0,0.0,0.0,,0.0,0.0,0.0
2023-11-30,3.5,3.5,3.5,3.5,0,0.0,0.0,0.0,0.0,0.0,,0.0,0.0,0.0
2023-12-01,3.5,3.5,3.5,3.5,0,0.0,0.0,0.0,0.0,0.0,,0.0,0.0,0.0
2023-12-04,3.5,3.5,3.5,3.5,0,0.0,0.0,0.0,0.0,0.0,,0.0,0.0,0.0
2023-12-05,3.5,3.5,3.5,3.5,0,0.0,0.0,0.0,0.0,0.0,,0.0,0.0,0.0
2023-12-06,3.5,3.5,3.5,3.5,0,0.0,0.0,0.0,0.0,0.0,,0.0,0.0,0.0
2023-12-07,3.5,3.5,3.5,3.5,0,0.0,0.0,0.0,0.0,0.0,,0.0,0.0,0.0
2023-12-08,3.5,3.5,3.5,3.5,0,0.0,0.0,0.0,0.0,0.0,,0.0,0.0,0.0
2023-12-11,3.5,3.5,3.5,3.5,0,0.0,0.0,0.0,0.0,0.0,,0.0,0.0,0.0
2023-12-12,3.5,3.5,3.5,3.5,0,0.0,0.0,0.0,0.0,0.0,,0.0,0.0,0.0
2023-12-13,3.5,3.5,3.5,3.5,0,0.0,0.0,0.0,0.0,0.0,,0.0,0.0,0.0
2023-12-14,3.5,3.5,3.5,3.5,0,0.0,0.0,0.0,0.0,0.0,,0.0,0.0,0.0
2023-12-15,3.5,3.5,3.5,3.5,0,0.0,0.0,0.0,0.0,0.0,,0.0,0.0,0.0
2023-12-18,3.5,3.5,3.5,3.5,0,0.0,0.0,0.0,0.0,0.0,,0.0,0.0,0.0
2023-12-19,3.5,3.5,3.5,3.5,0,0.0,0.0,0.0,0.0,0.0,,0.0,0.0,0.0
2023-12-20,3.5,3.5,3.5,3.5,0,0.0,0.0,0.0,0.0,0.0,,0.0,0.0,0.0
2023-12-21,3.5,3.5,3.5,3.5,0,0.0,0.0,0.0,0.0,0.0,,0.0,0.0,0.0
2023-12-22,3.5,3.5,3.5,3.5,0,0.0,0.0,0.0,0.0,0.0,,0.0,0.0,0.0
2023-12-25,3.5,3.5,3.5,3.5,0,0.0,0.0,0.0,0.0,0.0,,0.0,0.0,0.0
2023-12-26,3.5,3.5,3.5,3.5,0,0.0,0.0,0.0,0.0,0.0,,0.0,0.0,0.0
2023-12-27,3.5,3.5,3.5,3.5,0,0.0,0.0,0.0,0.0,0.0,,0.0,0.0,0.0
2023-12-28,3.5,3.5,3.5,3.5,0,0.0,0.0,0.0,0.0,0.0,,0.0,0.0,0.0
2023-12-29,3.5,3.5,3.5,3.5,0,0.0,0.0,0.0,0.0,0.0,,0.0,0.0,0.0
2024-01-02,3.5,3.5,3.5,3.5,0,0.0,0.0,0.0,0.0,0.0,,0.0,0.0,0.0
2024-01-03,3.5,3.5,3.5,3.5,0,0.0,0.0,0.0,0.0,0.0,,0.0,0.0,0.0
2024-01-04,3.5,3.5,3.5,3.5,0,0.0,0.0,0.0,0.0,0.0,,0.0,0.0,0.0
2024-01-05,3.5,3.5,3.5,3.5,0,0.0,0.0,0.0,0.0,0.0,,0.0,0.0,0.0
2024-01-08,3.5,3.5,3.5,3.5,0,0.0,0.0,0.0,0.0,0.0,,0.0,0.0,0.0
2024-01-09,3.5,3.5,3.5,3.5,0,0.0,0.0,0.0,0.0,0.0,,0.0,0.0,0.0
2024-01-10,3.5,3.5,3.5,3.5,0,0.0,0.0,0.0,0.0,0.0,,0.0,0.0,0.0
2024-01-11,3.5,3.5,3.5,3.5,0,0.0,0.0,0.0,0.0,0.0,,0.0,0.0,0.0
2024-01-12,3.5,3.5,3.5,3.5,0,0.0,0.0,0.0,0.0,0.0,,0.0,0.0,0.0
2024-01-15,3.5,3.5,3.5,3.5,0,0.0,0.0,0.0,0.0,0.0,,0.0,0.0,0.0
2024-01-16,3.5,3.5,3.5,3.5,0,0.0,0.0,0.0,0.0,0.0,,0.0,0.0,0.0
2024-01-17,3.5,3.5,3.5,3.5,0,0.0,0.0,0.0,0.0,0.0,,0.0,0.0,0.0
2024-01-18,3.5,3.5,3.5,3.5,0,0.0,0.0,0.0,0.0,0.0,,0.0,0.0,0.0
2024-01-19,3.5,3.5,3.5,3.5,0,0.0,0.0,0.0,0.0,0.0,,0.0,0.0,0.0
2024-01-22,3.5,3.5,3.5,3.5,0,0.0,0.0,0.0,0.0,0.0,,0.0,0.0,0.0
2024-01-23,3.5,3.5,3.5,3.5,0,0.0,0.0,0.0,0.0,0.0,,0.0,0.0,0.0
2024-01-24,3.5,3.5,3.5,3.5,0,0.0,0.0,0.0,0.0,0.0,,0.0,0.0,0.0
2024-01-25,3.5,3.5,3.5,3.5,0,0.0,0.0,0.0,0.0,0.0,,0.0,0.0,0.0
2024-01-26,3.5,3.5,3.5,3.5,0,0.0,0.0,0.0,0.0,0.0,,0.0,0.0,0.0
2024-01-29,3.5,3.5,3.5,3.5,0,0.0,0.0,0.0,0.0,0.0,,0.0,0.0,0.0
2024-01-30,3.5,3.5,3.5,3.5,0,0.0,0.0,0.0,0.0,0.0,,0.0,0.0,0.0
2024-01-31,3.5,3.5,3.5,3.5,0,0.0,0.0,0.0,0.0,0.0,,0.0,0.0,0.0
2024-02-01,3.5,3.5,3.5,3.5,0,0.0,0.0,0.0,0.0,0.0,,0.0,0.0,0.0
2024-02-02,3.5,3.5,3.5,3.5,0,0.0,0.0,0.0,0.0,0.0,,0.0,0.0,0.0
2024-02-05,3.5,3.5,3.5,3.5,0,0.0,0.0,0.0,0.0,0.0,,0.0,0.0,0.0
2024-02-06,3.5,3.5,3.5,3.5,0,0.0,0.0,0.0,0.0,0.0,,0.0,0.0,0.0
2024-02-07,3.5,3.5,3.5,3.5,0,0.0,0.0,0.0,0.0,0.0,,0.0,0.0,0.0
2024-02-15,3.5,3.5,3.5,3.5,0,0.0,0.0,0.0,0.0,0.0,,0.0,0.0,0.0
2024-02-16,3.5,3.5,3.5,3.5,0,0.0,0.0,0.0,0.0,0.0,,0.0,0.0,0.0
2024-02-19,3.5,3.5,3.5,3.5,0,0.0,0.0,0.0,0.0,0.0,,0.0,0.0,0.0
2024-02-20,3.5,3.5,3.5,3.5,0,0.0,0.0,0.0,0.0,0.0,,0.0,0.0,0.0
2024-02-21,3.5,3.5,3.5,3.5,0,0.0,0.0,0.0,0.0,0.0,,0.0,0.0,0.0
2024-02-22,3.5,3.5,3.5,3.5,0,0.0,0.0,0.0,0.0,0.0,,0.0,0.0,0.0
2024-02-23,3.5,3.5,3.5,3.5,0,0.0,0.0,0.0,0.0,0.0,,0.0,0.0,0.0
2024-02-26,3.5,3.5,3.5,3.5,0,0.0,0.0,0.0,0.0,0.0,,0.0,0.0,0.0
2024-02-27,3.5,3.5,3.5,3.5,0,0.0,0.0,0.0,0.0,0.0,,0.0,0.0,0.0
2024-02-28,3.5,3.5,3.5,3.5,0,0.0,0.0,0.0,0.0,0.0,,0.0,0.0,0.0
2024-02-29,3.5,3.5,3.5,3.5,0,0.0,0.0,0.0,0.0,0.0,,0.0,0.0,0.0
2024-03-01,3.5,3.5,3.5,3.5,0,0.0,0.0,0.0,0.0,0.0,,0.0,0.0,0.0
2024-03-04,3.5,3.5,3.5,3.5,0,0.0,0.0,0.0,0.0,0.0,,0.0,0.0,0.0
2024-03-05,3.5,3.5,3.5,3.5,0,0.0,0.0,0.0,0.0,0.0,,0.0,0.0,0.0
2024-03-06,3.5,3.5,3.5,3.5,0,0.0,0.0,0.0,0.0,0.0,,0.0,0.0,0.0
2024-03-07,3.5,3.5,3.5,3.5,0,0.0,0.0,0.0,0.0,0.0,,0.0,0.0,0.0
2024-03-08,3.5,3.5,3.5,3.5,0,0.0,0.0,0.0,0.0,0.0,,0.0,0.0,0.0
2024-03-11,3.5,3.5,3.5,3.5,0,0.0,0.0,0.0,0.0,0.0,,0.0,0.0,0.0
2024-03-12,3.5,3.5,3.5,3.5,0,0.0,0.0,0.0,0.0,0.0,,0.0,0.0,0.0
2024-03-13,3.5,3.5,3.5,3.5,0,0.0,0.0,0.0,0.0,0.0,,0.0,0.0,0.0
2024-03-14,3.5,3.5,3.5,3.5,0,0.0,0.0,0.0,0.0,0.0,,0.0,0.0,0.0
2024-03-15,3.5,3.5,3.5,3.5,0,0.0,0.0,0.0,0.0,0.0,,0.0,0.0,0.0
2024-03-18,3.5,3.5,3.5,3.5,0,0.0,0.0,0.0,0.0,0.0,,0.0,0.0,0.0
2024-03-19,3.5,3.5,3.5,3.5,0,0.0,0.0,0.0,0.0,0.0,,0.0,0.0,0.0
2024-03-20,3.5,3.5,3.5,3.5,0,0.0,0.0,0.0,0.0,0.0,,0.0,0.0,0.0
2024-03-21,3.5,3.5,3.5,3.5,0,0.0,0.0,0.0,0.0,0.0,,0.0,0.0,0.0
2024-03-22,3.5,3.5,3.5,3.5,0,0.0,0.0,0.0,0.0,0.0,,0.0,0.0,0.0
2024-03-25,3.5,3.5,3.5,3.5,0,0.0,0.0,0.0,0.0,0.0,,0.0,0.0,0.0
2024-03-26,3.5,3.5,3.5,3.5,0,0.0,0.0,0.0,0.0,0.0,,0.0,0.0,0.0
2024-03-27,3.5,3.5,3.5,3.5,0,0.0,0.0,0.0,0.0,0.0,,0.0,0.0,0.0
2024-03-28,3.5,3.5,3.5,3.5,0,0.0,0.0,0.0,0.0,0.0,,0.0,0.0,0.0
2024-03-29,3.5,3.5,3.5,3.5,0,0.0,0.0,0.0,0.0,0.0,,0.0,0.0,0.0
2024-04-01,3.5,3.5,3.5,3.5,0,0.0,0.0,0.0,0.0,0.0,,0.0,0.0,0.0
2024-04-02,3.5,3.5,3.5,3.5,0,0.0,0.0,0.0,0.0,0.0,,0.0,0.0,0.0
2024-04-03,3.5,3.5,3.5,3.5,0,0.0,0.0,0.0,0.0,0.0,,0.0,0.0,0.0
2024-04-04,3.5,3.5,3.5,3.5,0,0.0,0.0,0.0,0.0,0.0,,0.0,0.0,0.0
2024-04-05,3.5,3.5,3.5,3.5,0,0.0,0.0,0.0,0.0,0.0,,0.0,0.0,0.0
2024-04-08,3.5,3.5,3.5,3.5,0,0.0,0.0,0.0,0.0,0.0,,0.0,0.0,0.0
2024-04-09,3.5,3.5,3.5,3.5,0,0.0,0.0,0.0,0.0,0.0,,0.0,0.0,0.0
2024-04-10,3.5,3.5,3.5,3.5,0,0.0,0.0,0.0,0.0,0.0,,0.0,0.0,0.0
2024-04-11,3.5,3.5,3.5,3.5,0,0.0,0.0,0.0,0.0,0.0,,0.0,0.0,0.0
2024-04-12,3.5,3.5,3.5,3.5,0,0.0,0.0,0.0,0.0,0.0,,0.0,0.0,0.0
2024-04-15,3.5,3.5,3.5,3.5,0,0.0,0.0,0.0,0.0,0.0,,0.0,0.0,0.0
2024-04-16,3.5,3.5,3.5,3.5,0,0.0,0.0,0.0,0.0,0.0,,0.0,0.0,0.0
2024-04-17,3.5,3.5,3.5,3.5,0,0.0,0.0,0.0,0.0,0.0,,0.0,0.0,0.0
2024-04-19,3.5,3.5,3.5,3.5,0,0.0,0.0,0.0,0.0,0.0,,0.0,0.0,0.0
2024-04-22,3.5,3.5,3.5,3.5,0,0.0,0.0,0.0,0.0,0.0,,0.0,0.0,0.0
2024-04-23,3.5,3.5,3.5,3.5,0,0.0,0.0,0.0,0.0,0.0,,0.0,0.0,0.0
2024-04-24,3.5,3.5,3.5,3.5,0,0.0,0.0,0.0,0.0,0.0,,0.0,0.0,0.0
2024-04-25,3.5,3.5,3.5,3.5,0,0.0,0.0,0.0,0.0,0.0,,0.0,0.0,0.0
2024-04-26,3.5,3.5,3.5,3.5,0,0.0,0.0,0.0,0.0,0.0,,0.0,0.0,0.0
2024-05-02,3.5,3.5,3.5,3.5,0,0.0,0.0,0.0,0.0,0.0,,0.0,0.0,0.0
2024-05-03,3.5,3.5,3.5,3.5,0,0.0,0.0,0.0,0.0,0.0,,0.0,0.0,0.0
2024-05-06,3.5,3.5,3.5,3.5,0,0.0,0.0,0.0,0.0,0.0,,0.0,0.0,0.0
2024-05-07,3.5,3.5,3.5,3.5,0,0.0,0.0,0.0,0.0,0.0,,0.0,0.0,0.0
2024-05-08,3.5,3.5,3.5,3.5,0,0.0,0.0,0.0,0.0,0.0,,0.0,0.0,0.0
2024-05-09,3.5,3.5,3.5,3.5,0,0.0,0.0,0.0,0.0,0.0,,0.0,0.0,0.0
2024-05-10,3.5,3.5,3.5,3.5,0,0.0,0.0,0.0,0.0,0.0,,0.0,0.0,0.0
2024-05-13,3.5,3.5,3.5,3.5,0,0.0,0.0,0.0,0.0,0.0,,0.0,0.0,0.0
2024-05-14,3.5,3.5,3.5,3.5,0,0.0,0.0,0.0,0.0,0.0,,0.0,0.0,0.0
2024-05-15,3.5,3.5,3.5,3.5,0,0.0,0.0,0.0,0.0,0.0,,0.0,0.0,0.0
2024-05-16,3.5,3.5,3.5,3.5,0,0.0,0.0,0.0,0.0,0.0,,0.0,0.0,0.0
2024-05-17,3.5,3.5,3.5,3.5,0,0.0,0.0,0.0,0.0,0.0,,0.0,0.0,0.0
2024-05-20,3.5,3.5,3.5,3.5,0,0.0,0.0,0.0,0.0,0.0,,0.0,0.0,0.0
2024-05-21,3.5,3.5,3.5,3.5,0,0.0,0.0,0.0,0.0,0.0,,0.0,0.0,0.0
2024-05-22,3.5,3.5,3.5,3.5,0,0.0,0.0,0.0,0.0,0.0,,0.0,0.0,0.0
2024-05-23,3.5,3.5,3.5,3.5,0,0.0,0.0,0.0,0.0,0.0,,0.0,0.0,0.0
2024-05-24,3.5,3.5,3.5,3.5,0,0.0,0.0,0.0,0.0,0.0,,0.0,0.0,0.0
2024-05-27,3.5,3.5,3.5,3.5,0,0.0,0.0,0.0,0.0,0.0,,0.0,0.0,0.0
2024-05-28,3.5,3.5,3.5,3.5,0,0.0,0.0,0.0,0.0,0.0,,0.0,0.0,0.0
2024-05-29,3.5,3.5,3.5,3.5,0,0.0,0.0,0.0,0.0,0.0,,0.0,0.0,0.0
2024-05-30,3.5,3.5,3.5,3.5,0,0.0,0.0,0.0,0.0,0.0,,0.0,0.0,0.0
2024-05-31,3.5,3.5,3.5,3.5,0,0.0,0.0,0.0,0.0,0.0,,0.0,0.0,0.0
2024-06-03,3.5,3.5,3.5,3.5,0,0.0,0.0,0.0,0.0,0.0,,0.0,0.0,0.0
2024-06-04,3.5,3.5,3.5,3.5,0,0.0,0.0,0.0,0.0,0.0,,0.0,0.0,0.0
2024-06-05,3.5,3.5,3.5,3.5,0,0.0,0.0,0.0,0.0,0.0,,0.0,0.0,0.0
2024-06-06,3.5,3.5,3.5,3.5,0,0.0,0.0,0.0,0.0,0.0,,0.0,0.0,0.0
2024-06-07,3.5,3.5,3.5,3.5,0,0.0,0.0,0.0,0.0,0.0,,0.0,0.0,0.0
2024-06-10,3.5,3.5,3.5,3.5,0,0.0,0.0,0.0,0.0,0.0,,0.0,0.0,0.0
2024-06-11,3.5,3.5,3.5,3.5,0,0.0,0.0,0.0,0.0,0.0,,0.0,0.0,0.0
2024-06-12,3.5,3.5,3.5,3.5,0,0.0,0.0,0.0,0.0,0.0,,0.0,0.0,0.0
2024-06-13,3.5,3.5,3.5,3.5,0,0.0,0.0,0.0,0.0,0.0,,0.0,0.0,0.0
2024-06-14,3.5,3.5,3.5,3.5,0,0.0,0.0,0.0,0.0,0.0,,0.0,0.0,0.0
2024-06-17,3.5,3.5,3.5,3.5,0,0.0,0.0,0.0,0.0,0.0,,0.0,0.0,0.0
2024-06-18,3.5,3.5,3.5,3.5,0,0.0,0.0,0.0,0.0,0.0,,0.0,0.0,0.0
2024-06-19,3.5,3.5,3.5,3.5,0,0.0,0.0,0.0,0.0,0.0,,0.0,0.0,0.0
2024-06-20,3.5,3.5,3.5,3.5,0,0.0,0.0,0.0,0.0,0.0,,0.0,0.0,0.0
2024-06-21,3.5,3.5,3.5,3.5,0,0.0,0.0,0.0,0.0,0.0,,0.0,0.0,0.0
2024-06-24,3.5,3.5,3.5,3.5,0,0.0,0.0,0.0,0.0,0.0,,0.0,0.0,0.0
2024-06-25,3.5,3.5,3.5,3.5,0,0.0,0.0,0.0,0.0,0.0,,0.0,0.0,0.0
2024-06-26,3.5,3.5,3.5,3.5,0,0.0,0.0,0.0,0.0,0.0,,0.0,0.0,0.0
2024-06-27,3.5,3.5,3.5,3.5,0,0.0,0.0,0.0,0.0,0.0,,0.0,0.0,0.0
2024-06-28,3.5,3.5,3.5,3.5,0,0.0,0.0,0.0,0.0,0.0,,0.0,0.0,0.0
2024-07-01,3.5,3.5,3.5,3.5,0,0.0,0.0,0.0,0.0,0.0,,0.0,0.0,0.0
2024-07-02,3.5,3.5,3.5,3.5,0,0.0,0.0,0.0,0.0,0.0,,0.0,0.0,0.0
2024-07-03,3.5,3.5,3.5,3.5,0,0.0,0.0,0.0,0.0,0.0,,0.0,0.0,0.0
2024-07-04,3.5,3.5,3.5,3.5,0,0.0,0.0,0.0,0.0,0.0,,0.0,0.0,0.0
2024-07-05,3.5,3.5,3.5,3.5,0,0.0,0.0,0.0,0.0,0.0,,0.0,0.0,0.0
2024-07-08,3.5,3.5,3.5,3.5,0,0.0,0.0,0.0,0.0,0.0,,0.0,0.0,0.0
2024-07-09,3.5,3.5,3.5,3.5,0,0.0,0.0,0.0,0.0,0.0,,0.0,0.0,0.0
2024-07-10,3.5,3.5,3.5,3.5,0,0.0,0.0,0.0,0.0,0.0,,0.0,0.0,0.0
2024-07-11,3.5,3.5,3.5,3.5,0,0.0,0.0,0.0,0.0,0.0,,0.0,0.0,0.0
2024-07-12,3.5,3.5,3.5,3.5,0,0.0,0.0,0.0,0.0,0.0,,0.0,0.0,0.0
2024-07-15,3.5,3.5,3.5,3.5,0,0.0,0.0,0.0,0.0,0.0,,0.0,0.0,0.0
2024-07-16,3.5,3.5,3.5,3.5,0,0.0,0.0,0.0,0.0,0.0,,0.0,0.0,0.0
2024-07-17,3.5,3.5,3.5,3.5,0,0.0,0.0,0.0,0.0,0.0,,0.0,0.0,0.0
2024-07-18,3.5,3.5,3.5,3.5,0,0.0,0.0,0.0,0.0,0.0,,0.0,0.0,0.0
2024-07-19,3.5,3.5,3.5,3.5,0,0.0,0.0,0.0,0.0,0.0,,0.0,0.0,0.0
2024-07-22,3.5,3.5,3.5,3.5,0,0.0,0.0,0.0,0.0,0.0,,0.0,0.0,0.0
2024-07-23,3.5,3.5,3.5,3.5,0,0.0,0.0,0.0,0.0,0.0,,0.0,0.0,0.0
2024-07-24,3.5,3.5,3.5,3.5,0,0.0,0.0,0.0,0.0,0.0,,0.0,0.0,0.0
2024-07-25,3.5,3.5,3.5,3.5,0,0.0,0.0,0.0,0.0,0.0,,0.0,0.0,0.0
2024-07-26,3.5,3.5,3.5,3.5,0,0.0,0.0,0.0,0.0,0.0,,0.0,0.0,0.0
2024-07-29,3.5,3.5,3.5,3.5,0,0.0,0.0,0.0,0.0,0.0,,0.0,0.0,0.0
2024-07-30,3.5,3.5,3.5,3.5,0,0.0,0.0,0.0,0.0,0.0,,0.0,0.0,0.0
2024-07-31,3.5,3.5,3.5,3.5,0,0.0,0.0,0.0,0.0,0.0,,0.0,0.0,0.0
2024-08-01,3.5,3.5,3.5,3.5,0,0.0,0.0,0.0,0.0,0.0,,0.0,0.0,0.0
2024-08-02,3.5,3.5,3.5,3.5,0,0.0,0.0,0.0,0.0,0.0,,0.0,0.0,0.0
2024-08-05,3.5,3.5,3.5,3.5,0,0.0,0.0,0.0,0.0,0.0,,0.0,0.0,0.0
2024-08-06,3.5,3.5,3.5,3.5,0,0.0,0.0,0.0,0.0,0.0,,0.0,0.0,0.0
2024-08-07,3.5,3.5,3.5,3.5,0,0.0,0.0,0.0,0.0,0.0,,0.0,0.0,0.0
2024-08-08,3.5,3.5,3.5,3.5,0,0.0,0.0,0.0,0.0,0.0,,0.0,0.0,0.0
2024-08-09,3.5,3.5,3.5,3.5,0,0.0,0.0,0.0,0.0,0.0,,0.0,0.0,0.0
2024-08-12,3.5,3.5,3.5,3.5,0,0.0,0.0,0.0,0.0,0.0,,0.0,0.0,0.0
2024-08-13,3.5,3.5,3.5,3.5,0,0.0,0.0,0.0,0.0,0.0,,0.0,0.0,0.0
2024-08-14,3.5,3.5,3.5,3.5,0,0.0,0.0,0.0,0.0,0.0,,0.0,0.0,0.0
2024-08-15,3.5,3.5,3.5,3.5,0,0.0,0.0,0.0,0.0,0.0,,0.0,0.0,0.0
2024-08-16,3.5,3.5,3.5,3.5,0,0.0,0.0,0.0,0.0,0.0,,0.0,0.0,0.0
2024-08-19,3.5,3.5,3.5,3.5,0,0.0,0.0,0.0,0.0,0.0,,0.0,0.0,0.0
2024-08-20,3.5,3.5,3.5,3.5,0,0.0,0.0,0.0,0.0,0.0,,0.0,0.0,0.0
2024-08-21,3.5,3.5,3.5,3.5,0,0.0,0.0,0.0,0.0,0.0,,0.0,0.0,0.0
2024-08-22,3.5,3.5,3.5,3.5,0,0.0,0.0,0.0,0.0,0.0,,0.0,0.0,0.0
2024-08-23,3.5,3.5,3.5,3.5,0,0.0,0.0,0.0,0.0,0.0,,0.0,0.0,0.0
2024-08-26,3.5,3.5,3.5,3.5,0,0.0,0.0,0.0,0.0,0.0,,0.0,0.0,0.0
2024-08-27,3.5,3.5,3.5,3.5,0,0.0,0.0,0.0,0.0,0.0,,0.0,0.0,0.0
2024-08-28,3.5,3.5,3.5,3.5,0,0.0,0.0,0.0,0.0,0.0,,0.0,0.0,0.0
2024-08-29,3.5,3.5,3.5,3.5,0,0.0,0.0,0.0,0.0,0.0,,0.0,0.0,0.0
2024-08-30,3.5,3.5,3.5,3.5,0,0.0,0.0,0.0,0.0,0.0,,0.0,0.0,0.0
2024-09-04,3.5,3.5,3.5,3.5,0,0.0,0.0,0.0,0.0,0.0,,0.0,0.0,0.0
2024-09-05,3.5,3.5,3.5,3.5,0,0.0,0.0,0.0,0.0,0.0,,0.0,0.0,0.0
2024-09-06,3.5,3.5,3.5,3.5,0,0.0,0.0,0.0,0.0,0.0,,0.0,0.0,0.0
2024-09-09,3.5,3.5,3.5,3.5,0,0.0,0.0,0.0,0.0,0.0,,0.0,0.0,0.0
2024-09-10,3.5,3.5,3.5,3.5,0,0.0,0.0,0.0,0.0,0.0,,0.0,0.0,0.0
2024-09-11,3.5,3.5,3.5,3.5,0,0.0,0.0,0.0,0.0,0.0,,0.0,0.0,0.0
2024-09-12,3.5,3.5,3.5,3.5,0,0.0,0.0,0.0,0.0,0.0,,0.0,0.0,0.0
2024-09-13,3.5,3.5,3.5,3.5,0,0.0,0.0,0.0,0.0,0.0,,0.0,0.0,0.0
2024-09-16,3.5,3.5,3.5,3.5,0,0.0,0.0,0.0,0.0,0.0,,0.0,0.0,0.0
2024-09-17,3.5,3.5,3.5,3.5,0,0.0,0.0,0.0,0.0,0.0,,0.0,0.0,0.0
2024-09-18,3.5,3.5,3.5,3.5,0,0.0,0.0,0.0,0.0,0.0,,0.0,0.0,0.0
2024-09-19,3.5,3.5,3.5,3.5,0,0.0,0.0,0.0,0.0,0.0,,0.0,0.0,0.0
2024-09-20,3.5,3.5,3.5,3.5,0,0.0,0.0,0.0,0.0,0.0,,0.0,0.0,0.0
2024-09-23,3.5,3.5,3.5,3.5,0,0.0,0.0,0.0,0.0,0.0,,0.0,0.0,0.0
2024-09-24,3.5,3.5,3.5,3.5,0,0.0,0.0,0.0,0.0,0.0,,0.0,0.0,0.0
2024-09-25,3.5,3.5,3.5,3.5,0,0.0,0.0,0.0,0.0,0.0,,0.0,0.0,0.0
2024-09-26,3.5,3.5,3.5,3.5,0,0.0,0.0,0.0,0.0,0.0,,0.0,0.0,0.0
2024-09-27,3.5,3.5,3.5,3.5,0,0.0,0.0,0.0,0.0,0.0,,0.0,0.0,0.0
2024-09-30,3.5,3.5,3.5,3.5,0,0.0,0.0,0.0,0.0,0.0,,0.0,0.0,0.0
2024-10-01,3.5,3.5,3.5,3.5,0,0.0,0.0,0.0,0.0,0.0,,0.0,0.0,0.0
2024-10-02,3.5,3.5,3.5,3.5,0,0.0,0.0,0.0,0.0,0.0,,0.0,0.0,0.0
2024-10-03,3.5,3.5,3.5,3.5,0,0.0,0.0,0.0,0.0,0.0,,0.0,0.0,0.0
2024-10-04,3.5,3.5,3.5,3.5,0,0.0,0.0,0.0,0.0,0.0,,0.0,0.0,0.0
2024-10-07,3.5,3.5,3.5,3.5,0,0.0,0.0,0.0,0.0,0.0,,0.0,0.0,0.0
2024-10-08,3.5,3.5,3.5,3.5,0,0.0,0.0,0.0,0.0,0.0,,0.0,0.0,0.0
2024-10-09,3.5,3.5,3.5,3.5,0,0.0,0.0,0.0,0.0,0.0,,0.0,0.0,0.0
2024-10-10,3.5,3.5,3.5,3.5,0,0.0,0.0,0.0,0.0,0.0,,0.0,0.0,0.0
2024-10-11,3.5,3.5,3.5,3.5,0,0.0,0.0,0.0,0.0,0.0,,0.0,0.0,0.0
2024-10-14,3.5,3.5,3.5,3.5,0,0.0,0.0,0.0,0.0,0.0,,0.0,0.0,0.0
2024-10-15,3.5,3.5,3.5,3.5,0,0.0,0.0,0.0,0.0,0.0,,0.0,0.0,0.0
2024-10-16,3.5,3.5,3.5,3.5,0,0.0,0.0,0.0,0.0,0.0,,0.0,0.0,0.0
2024-10-17,3.5,3.5,3.5,3.5,0,0.0,0.0,0.0,0.0,0.0,,0.0,0.0,0.0
2024-10-18,3.5,3.5,3.5,3.5,0,0.0,0.0,0.0,0.0,0.0,,0.0,0.0,0.0
2024-10-21,3.5,3.5,3.5,3.5,0,0.0,0.0,0.0,0.0,0.0,,0.0,0.0,0.0
2024-10-22,3.5,3.5,3.5,3.5,0,0.0,0.0,0.0,0.0,0.0,,0.0,0.0,0.0
2024-10-23,3.5,3.5,3.5,3.5,0,0.0,0.0,0.0,0.0,0.0,,0.0,0.0,0.0
2024-10-24,3.5,3.5,3.5,3.5,0,0.0,0.0,0.0,0.0,0.0,,0.0,0.0,0.0
2024-10-25,3.5,3.5,3.5,3.5,0,0.0,0.0,0.0,0.0,0.0,,0.0,0.0,0.0
2024-10-28,3.5,3.5,3.5,3.5,0,0.0,0.0,0.0,0.0,0.0,,0.0,0.0,0.0
2024-10-29,3.5,3.5,3.5,3.5,0,0.0,0.0,0.0,0.0,0.0,,0.0,0.0,0.0
2024-10-30,3.5,3.5,3.5,3.5,0,0.0,0.0,0.0,0.0,0.0,,0.0,0.0,0.0
2024-10-31,3.5,3.5,3.5,3.5,0,0.0,0.0,0.0,0.0,0.0,,0.0,0.0,0.0
2024-11-01,3.5,3.5,3.5,3.5,0,0.0,0.0,0.0,0.0,0.0,,0.0,0.0,0.0
2024-11-04,3.5,3.5,3.5,3.5,0,0.0,0.0,0.0,0.0,0.0,,0.0,0.0,0.0
2024-11-05,3.5,3.5,3.5,3.5,0,0.0,0.0,0.0,0.0,0.0,,0.0,0.0,0.0
2024-11-06,3.5,3.5,3.5,3.5,0,0.0,0.0,0.0,0.0,0.0,,0.0,0.0,0.0
2024-11-07,3.5,3.5,3.5,3.5,0,0.0,0.0,0.0,0.0,0.0,,0.0,0.0,0.0
2024-11-08,3.5,3.5,3.5,3.5,0,0.0,0.0,0.0,0.0,0.0,,0.0,0.0,0.0
2024-11-11,3.5,3.5,3.5,3.5,0,0.0,0.0,0.0,0.0,0.0,,0.0,0.0,0.0
2024-11-12,3.5,3.5,3.5,3.5,0,0.0,0.0,0.0,0.0,0.0,,0.0,0.0,0.0
2024-11-13,3.5,3.5,3.5,3.5,0,0.0,0.0,0.0,0.0,0.0,,0.0,0.0,0.0
2024-11-14,3.5,3.5,3.5,3.5,0,0.0,0.0,0.0,0.0,0.0,,0.0,0.0,0.0
2024-11-15,3.5,3.5,3.5,3.5,0,0.0,0.0,0.0,0.0,0.0,,0.0,0.0,0.0
2024-11-18,3.5,3.5,3.5,3.5,0,0.0,0.0,0.0,0.0,0.0,,0.0,0.0,0.0
2024-11-19,3.5,3.5,3.5,3.5,0,0.0,0.0,0.0,0.0,0.0,,0.0,0.0,0.0
2024-11-20,3.5,3.5,3.5,3.5,0,0.0,0.0,0.0,0.0,0.0,,0.0,0.0,0.0
2024-11-21,3.5,3.5,3.5,3.5,0,0.0,0.0,0.0,0.0,0.0,,0.0,0.0,0.0
2024-11-22,3.5,3.5,3.5,3.5,0,0.0,0.0,0.0,0.0,0.0,,0.0,0.0,0.0
2024-11-25,3.5,3.5,3.5,3.5,0,0.0,0.0,0.0,0.0,0.0,,0.0,0.0,0.0
2024-11-26,3.5,3.5,3.5,3.5,0,0.0,0.0,0.0,0.0,0.0,,0.0,0.0,0.0
2024-11-27,3.5,3.5,3.5,3.5,0,0.0,0.0,0.0,0.0,0.0,,0.0,0.0,0.0
2024-11-28,3.5,3.5,3.5,3.5,0,0.0,0.0,0.0,0.0,0.0,,0.0,0.0,0.0
2024-11-29,3.5,3.5,3.5,3.5,0,0.0,0.0,0.0,0.0,0.0,,0.0,0.0,0.0
2024-12-02,3.5,3.5,3.5,3.5,0,0.0,0.0,0.0,0.0,0.0,,0.0,0.0,0.0
2024-12-03,3.5,3.5,3.5,3.5,0,0.0,0.0,0.0,0.0,0.0,,0.0,0.0,0.0
2024-12-04,3.5,3.5,3.5,3.5,0,0.0,0.0,0.0,0.0,0.0,,0.0,0.0,0.0
2024-12-05,3.5,3.5,3.5,3.5,0,0.0,0.0,0.0,0.0,0.0,,0.0,0.0,0.0
2024-12-06,3.5,3.5,3.5,3.5,0,0.0,0.0,0.0,0.0,0.0,,0.0,0.0,0.0
2024-12-09,3.5,3.5,3.5,3.5,0,0.0,0.0,0.0,0.0,0.0,,0.0,0.0,0.0
2024-12-10,3.5,3.5,3.5,3.5,0,0.0,0.0,0.0,0.0,0.0,,0.0,0.0,0.0
2024-12-11,3.5,3.5,3.5,3.5,0,0.0,0.0,0.0,0.0,0.0,,0.0,0.0,0.0
2024-12-12,3.5,3.5,3.5,3.5,0,0.0,0.0,0.0,0.0,0.0,,0.0,0.0,0.0
2024-12-13,3.5,3.5,3.5,3.5,0,0.0,0.0,0.0,0.0,0.0,,0.0,0.0,0.0
2024-12-16,3.5,3.5,3.5,3.5,0,0.0,0.0,0.0,0.0,0.0,,0.0,0.0,0.0
2024-12-17,3.5,3.5,3.5,3.5,0,0.0,0.0,0.0,0.0,0.0,,0.0,0.0,0.0
2024-12-18,3.5,3.5,3.5,3.5,0,0.0,0.0,0.0,0.0,0.0,,0.0,0.0,0.0
2024-12-19,3.5,3.5,3.5,3.5,0,0.0,0.0,0.0,0.0,0.0,,0.0,0.0,0.0
2024-12-20,3.5,3.5,3.5,3.5,0,0.0,0.0,0.0,0.0,0.0,,0.0,0.0,0.0
2024-12-23,3.5,3.5,3.5,3.5,0,0.0,0.0,0.0,0.0,0.0,,0.0,0.0,0.0
2024-12-24,3.5,3.5,3.5,3.5,0,0.0,0.0,0.0,0.0,0.0,,0.0,0.0,0.0
2024-12-25,3.5,3.5,3.5,3.5,0,0.0,0.0,0.0,0.0,0.0,,0.0,0.0,0.0
2024-12-26,3.5,3.5,3.5,3.5,0,0.0,0.0,0.0,0.0,0.0,,0.0,0.0,0.0
2024-12-27,3.5,3.5,3.5,3.5,0,0.0,0.0,0.0,0.0,0.0,,0.0,0.0,0.0
2024-12-30,3.5,3.5,3.5,3.5,0,0.0,0.0,0.0,0.0,0.0,,0.0,0.0,0.0
2024-12-31,3.5,3.5,3.5,3.5,0,0.0,0.0,0.0,0.0,0.0,,0.0,0.0,0.0
2025-01-02,3.5,3.5,3.5,3.5,0,0.0,0.0,0.0,0.0,0.0,,0.0,0.0,0.0
2025-01-03,3.5,3.5,3.5,3.5,0,0.0,0.0,0.0,0.0,0.0,,0.0,0.0,0.0
2025-01-06,3.5,3.5,3.5,3.5,0,0.0,0.0,0.0,0.0,0.0,,0.0,0.0,0.0
2025-01-07,3.5,3.5,3.5,3.5,0,0.0,0.0,0.0,0.0,0.0,,0.0,0.0,0.0
2025-01-08,3.5,3.5,3.5,3.5,0,0.0,0.0,0.0,0.0,0.0,,0.0,0.0,0.0
2025-01-09,3.5,3.5,3.5,3.5,0,0.0,0.0,0.0,0.0,0.0,,0.0,0.0,0.0
2025-01-10,3.5,3.5,3.5,3.5,0,0.0,0.0,0.0,0.0,0.0,,0.0,0.0,0.0
2025-01-13,3.5,3.5,3.5,3.5,0,0.0,0.0,0.0,0.0,0.0,,0.0,0.0,0.0
2025-01-14,3.5,3.5,3.5,3.5,0,0.0,0.0,0.0,0.0,0.0,,0.0,0.0,0.0
2025-01-15,3.5,3.5,3.5,3.5,0,0.0,0.0,0.0,0.0,0.0,,0.0,0.0,0.0
2025-01-16,3.5,3.5,3.5,3.5,0,0.0,0.0,0.0,0.0,0.0,,0.0,0.0,0.0
2025-01-17,3.5,3.5,3.5,3.5,0,0.0,0.0,0.0,0.0,0.0,,0.0,0.0,0.0
2025-01-20,3.5,3.5,3.5,3.5,0,0.0,0.0,0.0,0.0,0.0,,0.0,0.0,0.0
2025-01-21,3.5,3.5,3.5,3.5,0,0.0,0.0,0.0,0.0,0.0,,0.0,0.0,0.0
2025-01-22,3.5,3.5,3.5,3.5,0,0.0,0.0,0.0,0.0,0.0,,0.0,0.0,0.0
2025-01-23,3.5,3.5,3.5,3.5,0,0.0,0.0,0.0,0.0,0.0,,0.0,0.0,0.0
2025-01-24,3.5,3.5,3.5,3.5,0,0.0,0.0,0.0,0.0,0.0,,0.0,0.0,0.0
2025-02-03,3.5,3.5,3.5,3.5,0,0.0,0.0,0.0,0.0,0.0,,0.0,0.0,0.0
2025-02-04,3.5,3.5,3.5,3.5,0,0.0,0.0,0.0,0.0,0.0,,0.0,0.0,0.0
2025-02-05,3.5,3.5,3.5,3.5,0,0.0,0.0,0.0,0.0,0.0,,0.0,0.0,0.0
2025-02-06,3.5,3.5,3.5,3.5,0,0.0,0.0,0.0,0.0,0.0,,0.0,0.0,0.0
2025-02-07,3.5,3.5,3.5,3.5,0,0.0,0.0,0.0,0.0,0.0,,0.0,0.0,0.0
2025-02-10,3.5,3.5,3.5,3.5,0,0.0,0.0,0.0,0.0,0.0,,0.0,0.0,0.0
2025-02-11,3.5,3.5,3.5,3.5,0,0.0,0.0,0.0,0.0,0.0,,0.0,0.0,0.0
2025-02-12,3.5,3.5,3.5,3.5,0,0.0,0.0,0.0,0.0,0.0,,0.0,0.0,0.0
2025-02-13,3.5,3.5,3.5,3.5,0,0.0,0.0,0.0,0.0,0.0,,0.0,0.0,0.0
2025-02-14,3.5,3.5,3.5,3.5,0,0.0,0.0,0.0,0.0,0.0,,0.0,0.0,0.0
2025-02-17,3.5,3.5,3.5,3.5,0,0.0,0.0,0.0,0.0,0.0,,0.0,0.0,0.0
2025-02-18,3.5,3.5,3.5,3.5,0,0.0,0.0,0.0,0.0,0.0,,0.0,0.0,0.0
2025-02-19,3.5,3.5,3.5,3.5,0,0.0,0.0,0.0,0.0,0.0,,0.0,0.0,0.0
2025-02-20,3.5,3.5,3.5,3.5,0,0.0,0.0,0.0,0.0,0.0,,0.0,0.0,0.0
2025-02-21,3.5,3.5,3.5,3.5,0,0.0,0.0,0.0,0.0,0.0,,0.0,0.0,0.0
2025-02-24,3.5,3.5,3.5,3.5,0,0.0,0.0,0.0,0.0,0.0,,0.0,0.0,0.0
2025-02-25,3.5,3.5,3.5,3.5,0,0.0,0.0,0.0,0.0,0.0,,0.0,0.0,0.0
2025-02-26,3.5,3.5,3.5,3.5,0,0.0,0.0,0.0,0.0,0.0,,0.0,0.0,0.0
2025-02-27,3.5,3.5,3.5,3.5,0,0.0,0.0,0.0,0.0,0.0,,0.0,0.0,0.0
2025-02-28,3.5,3.5,3.5,3.5,0,0.0,0.0,0.0,0.0,0.0,,0.0,0.0,0.0
2025-03-03,3.5,3.5,3.5,3.5,0,0.0,0.0,0.0,0.0,0.0,,0.0,0.0,0.0
2025-03-04,3.5,3.5,3.5,3.5,0,0.0,0.0,0.0,0.0,0.0,,0.0,0.0,0.0
2025-03-05,3.5,3.5,3.5,3.5,0,0.0,0.0,0.0,0.0,0.0,,0.0,0.0,0.0
2025-03-06,3.5,3.5,3.5,3.5,0,0.0,0.0,0.0,0.0,0.0,,0.0,0.0,0.0
2025-03-07,3.5,3.5,3.5,3.5,0,0.0,0.0,0.0,0.0,0.0,,0.0,0.0,0.0
2025-03-10,3.5,3.5,3.5,3.5,0,0.0,0.0,0.0,0.0,0.0,,0.0,0.0,0.0
2025-03-11,3.5,3.5,3.5,3.5,0,0.0,0.0,0.0,0.0,0.0,,0.0,0.0,0.0
2025-03-12,3.5,3.5,3.5,3.5,0,0.0,0.0,0.0,0.0,0.0,,0.0,0.0,0.0
2025-03-13,3.5,3.5,3.5,3.5,0,0.0,0.0,0.0,0.0,0.0,,0.0,0.0,0.0
2025-03-14,3.5,3.5,3.5,3.5,0,0.0,0.0,0.0,0.0,0.0,,0.0,0.0,0.0
2025-03-17,3.5,3.5,3.5,3.5,0,0.0,0.0,0.0,0.0,0.0,,0.0,0.0,0.0
2025-03-18,3.5,3.5,3.5,3.5,0,0.0,0.0,0.0,0.0,0.0,,0.0,0.0,0.0
2025-03-19,3.5,3.5,3.5,3.5,0,0.0,0.0,0.0,0.0,0.0,,0.0,0.0,0.0
2025-03-20,3.5,3.5,3.5,3.5,0,0.0,0.0,0.0,0.0,0.0,,0.0,0.0,0.0
2025-03-21,3.5,3.5,3.5,3.5,0,0.0,0.0,0.0,0.0,0.0,,0.0,0.0,0.0
2025-03-24,3.5,3.5,3.5,3.5,0,0.0,0.0,0.0,0.0,0.0,,0.0,0.0,0.0
2025-03-25,3.5,3.5,3.5,3.5,0,0.0,0.0,0.0,0.0,0.0,,0.0,0.0,0.0
2025-03-26,3.5,3.5,3.5,3.5,0,0.0,0.0,0.0,0.0,0.0,,0.0,0.0,0.0
2025-03-27,3.5,3.5,3.5,3.5,0,0.0,0.0,0.0,0.0,0.0,,0.0,0.0,0.0
2025-03-28,3.5,3.5,3.5,3.5,0,0.0,0.0,0.0,0.0,0.0,,0.0,0.0,0.0
2025-03-31,3.5,3.5,3.5,3.5,0,0.0,0.0,0.0,0.0,0.0,,0.0,0.0,0.0
2025-04-01,3.5,3.5,3.5,3.5,0,0.0,0.0,0.0,0.0,0.0,,0.0,0.0,0.0
2025-04-02,3.5,3.5,3.5,3.5,0,0.0,0.0,0.0,0.0,0.0,,0.0,0.0,0.0
2025-04-03,3.5,3.5,3.5,3.5,0,0.0,0.0,0.0,0.0,0.0,,0.0,0.0,0.0
2025-04-04,3.5,3.5,3.5,3.5,0,0.0,0.0,0.0,0.0,0.0,,0.0,0.0,0.0
2025-04-08,3.5,3.5,3.5,3.5,0,0.0,0.0,0.0,0.0,0.0,,0.0,0.0,0.0
2025-04-09,3.5,3.5,3.5,3.5,0,0.0,0.0,0.0,0.0,0.0,,0.0,0.0,0.0
2025-04-10,3.5,3.5,3.5,3.5,0,0.0,0.0,0.0,0.0,0.0,,0.0,0.0,0.0
2025-04-11,3.5,3.5,3.5,3.5,0,0.0,0.0,0.0,0.0,0.0,,0.0,0.0,0.0
2025-04-14,3.5,3.5,3.5,3.5,0,0.0,0.0,0.0,0.0,0.0,,0.0,0.0,0.0
2025-04-15,3.5,3.5,3.5,3.5,0,0.0,0.0,0.0,0.0,0.0,,0.0,0.0,0.0
2025-04-16,3.5,3.5,3.5,3.5,0,0.0,0.0,0.0,0.0,0.0,,0.0,0.0,0.0
2025-04-17,3.5,3.5,3.5,3.5,0,0.0,0.0,0.0,0.0,0.0,,0.0,0.0,0.0
2025-04-18,3.5,3.5,3.5,3.5,0,0.0,0.0,0.0,0.0,0.0,,0.0,0.0,0.0
2025-04-21,3.5,3.5,3.5,3.5,0,0.0,0.0,0.0,0.0,0.0,,0.0,0.0,0.0
2025-04-22,3.5,3.5,3.5,3.5,0,0.0,0.0,0.0,0.0,0.0,,0.0,0.0,0.0
2025-04-23,3.5,3.5,3.5,3.5,0,0.0,0.0,0.0,0.0,0.0,,0.0,0.0,0.0
2025-04-24,3.5,3.5,3.5,3.5,0,0.0,0.0,0.0,0.0,0.0,,0.0,0.0,0.0
2025-04-25,3.5,3.5,3.5,3.5,0,0.0,0.0,0.0,0.0,0.0,,0.0,0.0,0.0
2025-04-28,3.5,3.5,3.5,3.5,0,0.0,0.0,0.0,0.0,0.0,,0.0,0.0,0.0
2025-04-29,3.5,3.5,3.5,3.5,0,0.0,0.0,0.0,0.0,0.0,,0.0,0.0,0.0
2025-05-05,3.5,3.5,3.5,3.5,0,0.0,0.0,0.0,0.0,0.0,,0.0,0.0,0.0
2025-05-06,3.5,3.5,3.5,3.5,0,0.0,0.0,0.0,0.0,0.0,,0.0,0.0,0.0
2025-05-07,3.5,3.5,3.5,3.5,0,0.0,0.0,0.0,0.0,0.0,,0.0,0.0,0.0
2025-05-08,3.5,3.5,3.5,3.5,0,0.0,0.0,0.0,0.0,0.0,,0.0,0.0,0.0
2025-05-09,3.5,3.5,3.5,3.5,0,0.0,0.0,0.0,0.0,0.0,,0.0,0.0,0.0
2025-05-12,3.5,3.5,3.5,3.5,0,0.0,0.0,0.0,0.0,0.0,,0.0,0.0,0.0
2025-05-13,3.5,3.5,3.5,3.5,0,0.0,0.0,0.0,0.0,0.0,,0.0,0.0,0.0
2025-05-14,3.5,3.5,3.5,3.5,0,0.0,0.0,0.0,0.0,0.0,,0.0,0.0,0.0
2025-05-15,3.5,3.5,3.5,3.5,0,0.0,0.0,0.0,0.0,0.0,,0.0,0.0,0.0
2025-05-16,3.5,3.5,3.5,3.5,0,0.0,0.0,0.0,0.0,0.0,,0.0,0.0,0.0
2025-05-19,3.5,3.5,3.5,3.5,0,0.0,0.0,0.0,0.0,0.0,,0.0,0.0,0.0
2025-05-20,3.5,3.5,3.5,3.5,0,0.0,0.0,0.0,0.0,0.0,,0.0,0.0,0.0
2025-05-21,3.5,3.5,3.5,3.5,0,0.0,0.0,0.0,0.0,0.0,,0.0,0.0,0.0
2025-05-22,3.5,3.5,3.5,3.5,0,0.0,0.0,0.0,0.0,0.0,,0.0,0.0,0.0
2025-05-23,3.5,3.5,3.5,3.5,0,0.0,0.0,0.0,0.0,0.0,,0.0,0.0,0.0
2025-05-26,3.5,3.5,3.5,3.5,0,0.0,0.0,0.0,0.0,0.0,,0.0,0.0,0.0
2025-05-27,3.5,3.5,3.5,3.5,0,0.0,0.0,0.0,0.0,0.0,,0.0,0.0,0.0
2025-05-28,3.5,3.5,3.5,3.5,0,0.0,0.0,0.0,0.0,0.0,,0.0,0.0,0.0
2025-05-29,3.5,3.5,3.5,3.5,0,0.0,0.0,0.0,0.0,0.0,,0.0,0.0,0.0
2025-05-30,3.5,3.5,3.5,3.5,0,0.0,0.0,0.0,0.0,0.0,,0.0,0.0,0.0
2025-06-02,3.5,3.5,3.5,3.5,0,0.0,0.0,0.0,0.0,0.0,,0.0,0.0,0.0
2025-06-03,3.5,3.5,3.5,3.5,0,0.0,0.0,0.0,0.0,0.0,,0.0,0.0,0.0
2025-06-04,3.5,3.5,3.5,3.5,0,0.0,0.0,0.0,0.0,0.0,,0.0,0.0,0.0
2025-06-05,3.5,3.5,3.5,3.5,0,0.0,0.0,0.0,0.0,0.0,,0.0,0.0,0.0
2025-06-06,3.5,3.5,3.5,3.5,0,0.0,0.0,0.0,0.0,0.0,,0.0,0.0,0.0
2025-06-09,3.5,3.5,3.5,3.5,0,0.0,0.0,0.0,0.0,0.0,,0.0,0.0,0.0
2025-06-10,3.5,3.5,3.5,3.5,0,0.0,0.0,0.0,0.0,0.0,,0.0,0.0,0.0
2025-06-11,3.5,3.5,3.5,3.5,0,0.0,0.0,0.0,0.0,0.0,,0.0,0.0,0.0
2025-06-12,3.5,3.5,3.5,3.5,0,0.0,0.0,0.0,0.0,0.0,,0.0,0.0,0.0
2025-06-13,3.5,3.5,3.5,3.5,0,0.0,0.0,0.0,0.0,0.0,,0.0,0.0,0.0
2025-06-16,3.5,3.5,3.5,3.5,0,0.0,0.0,0.0,0.0,0.0,,0.0,0.0,0.0
2025-06-17,3.5,3.5,3.5,3.5,0,0.0,0.0,0.0,0.0,0.0,,0.0,0.0,0.0
2025-06-18,3.5,3.5,3.5,3.5,0,0.0,0.0,0.0,0.0,0.0,,0.0,0.0,0.0
2025-06-19,3.5,3.5,3.5,3.5,0,0.0,0.0,0.0,0.0,0.0,,0.0,0.0,0.0
2025-06-20,3.5,3.5,3.5,3.5,0,0.0,0.0,0.0,0.0,0.0,,0.0,0.0,0.0
2025-06-23,3.5,3.5,3.5,3.5,0,0.0,0.0,0.0,0.0,0.0,,0.0,0.0,0.0
2025-06-24,3.5,3.5,3.5,3.5,0,0.0,0.0,0.0,0.0,0.0,,0.0,0.0,0.0
2025-06-25,3.5,3.5,3.5,3.5,0,0.0,0.0,0.0,0.0,0.0,,0.0,0.0,0.0
2025-06-26,3.5,3.5,3.5,3.5,0,0.0,0.0,0.0,0.0,0.0,,0.0,0.0,0.0
2025-06-27,3.5,3.5,3.5,3.5,0,0.0,0.0,0.0,0.0,0.0,,0.0,0.0,0.0
2025-06-30,3.5,3.5,3.5,3.5,0,0.0,0.0,0.0,0.0,0.0,,0.0,0.0,0.0
2025-07-01,3.5,3.5,3.5,3.5,0,0.0,0.0,0.0,0.0,0.0,,0.0,0.0,0.0
2025-07-02,3.5,3.5,3.5,3.5,0,0.0,0.0,0.0,0.0,0.0,,0.0,0.0,0.0
2025-07-03,3.5,3.5,3.5,3.5,0,0.0,0.0,0.0,0.0,0.0,,0.0,0.0,0.0
2025-07-04,3.5,3.5,3.5,3.5,0,0.0,0.0,0.0,0.0,0.0,,0.0,0.0,0.0
2025-07-07,3.5,3.5,3.5,3.5,0,0.0,0.0,0.0,0.0,0.0,,0.0,0.0,0.0
2025-07-08,3.5,3.5,3.5,3.5,0,0.0,0.0,0.0,0.0,0.0,,0.0,0.0,0.0
2025-07-09,3.5,3.5,3.5,3.5,0,0.0,0.0,0.0,0.0,0.0,,0.0,0.0,0.0
2025-07-10,3.5,3.5,3.5,3.5,0,0.0,0.0,0.0,0.0,0.0,,0.0,0.0,0.0
2025-07-11,3.5,3.5,3.5,3.5,0,0.0,0.0,0.0,0.0,0.0,,0.0,0.0,0.0
2025-07-14,3.5,3.5,3.5,3.5,0,0.0,0.0,0.0,0.0,0.0,,0.0,0.0,0.0
2025-07-15,3.5,3.5,3.5,3.5,0,0.0,0.0,0.0,0.0,0.0,,0.0,0.0,0.0
2025-07-16,3.5,3.5,3.5,3.5,0,0.0,0.0,0.0,0.0,0.0,,0.0,0.0,0.0
2025-07-17,3.5,3.5,3.5,3.5,0,0.0,0.0,0.0,0.0,0.0,,0.0,0.0,0.0
2025-07-18,3.5,3.5,3.5,3.5,0,0.0,0.0,0.0,0.0,0.0,,0.0,0.0,0.0
2025-07-21,3.5,3.5,3.5,3.5,0,0.0,0.0,0.0,0.0,0.0,,0.0,0.0,0.0
2025-07-22,3.5,3.5,3.5,3.5,0,0.0,0.0,0.0,0.0,0.0,,0.0,0.0,0.0
2025-07-23,3.5,3.5,3.5,3.5,0,0.0,0.0,0.0,0.0,0.0,,0.0,0.0,0.0
2025-07-24,3.5,3.5,3.5,3.5,0,0.0,0.0,0.0,0.0,0.0,,0.0,0.0,0.0
2025-07-25,3.5,3.5,3.5,3.5,0,0.0,0.0,0.0,0.0,0.0,,0.0,0.0,0.0
2025-07-28,3.5,3.5,3.5,3.5,0,0.0,0.0,0.0,0.0,0.0,,0.0,0.0,0.0
2025-07-29,3.5,3.5,3.5,3.5,0,0.0,0.0,0.0,0.0,0.0,,0.0,0.0,0.0
2025-07-30,3.5,3.5,3.5,3.5,0,0.0,0.0,0.0,0.0,0.0,,0.0,0.0,0.0
2025-07-31,3.5,3.5,3.5,3.5,0,0.0,0.0,0.0,0.0,0.0,,0.0,0.0,0.0
2025-08-01,3.5,3.5,3.5,3.5,0,0.0,0.0,0.0,0.0,0.0,,0.0,0.0,0.0
2025-08-04,3.5,3.5,3.5,3.5,0,0.0,0.0,0.0,0.0,0.0,,0.0,0.0,0.0
2025-08-05,3.5,3.5,3.5,3.5,0,0.0,0.0,0.0,0.0,0.0,,0.0,0.0,0.0
2025-08-06,3.5,3.5,3.5,3.5,0,0.0,0.0,0.0,0.0,0.0,,0.0,0.0,0.0
2025-08-07,3.5,3.5,3.5,3.5,0,0.0,0.0,0.0,0.0,0.0,,0.0,0.0,0.0
2025-08-08,3.5,3.5,3.5,3.5,0,0.0,0.0,0.0,0.0,0.0,,0.0,0.0,0.0
2025-08-11,3.5,3.5,3.5,3.5,0,0.0,0.0,0.0,0.0,0.0,,0.0,0.0,0.0
2025-08-12,3.5,3.5,3.5,3.5,0,0.0,0.0,0.0,0.0,0.0,,0.0,0.0,0.0
2025-08-13,3.5,3.5,3.5,3.5,0,0.0,0.0,0.0,0.0,0.0,,0.0,0.0,0.0
2025-08-14,3.5,3.5,3.5,3.5,0,0.0,0.0,0.0,0.0,0.0,,0.0,0.0,0.0
2025-08-15,3.5,3.5,3.5,3.5,0,0.0,0.0,0.0,0.0,0.0,,0.0,0.0,0.0
2025-08-18,3.5,3.5,3.5,3.5,0,0.0,0.0,0.0,0.0,0.0,,0.0,0.0,0.0
2025-08-19,3.5,3.5,3.5,3.5,0,0.0,0.0,0.0,0.0,0.0,,0.0,0.0,0.0
2025-08-20,3.5,3.5,3.5,3.5,0,0.0,0.0,0.0,0.0,0.0,,0.0,0.0,0.0
2025-08-21,4.9,4.9,4.9,4.9,100,490.00000000000006,0.0,0.0,0.0,0.0,,0.0,0.0,0.0
2025-08-22,4.9,4.9,4.9,4.9,0,0.0,0.0,0.0,0.0,0.0,,0.0,0.0,0.0
2025-08-25,4.9,4.9,4.9,4.9,0,0.0,0.0,0.0,0.0,0.0,,0.0,0.0,0.0
2025-08-26,4.9,4.9,4.9,4.9,0,0.0,0.0,0.0,0.0,0.0,,0.0,0.0,0.0
2025-08-27,4.9,4.9,4.9,4.9,0,0.0,0.0,0.0,0.0,0.0,,0.0,0.0,0.0
2025-08-28,4.9,4.9,4.9,4.9,0,0.0,0.0,0.0,0.0,0.0,,0.0,0.0,0.0
2025-08-29,4.9,4.9,4.9,4.9,0,0.0,0.0,0.0,0.0,0.0,,0.0,0.0,0.0
2025-09-03,4.9,4.9,4.9,4.9,0,0.0,0.0,0.0,0.0,0.0,,0.0,0.0,0.0
2025-09-04,4.9,4.9,4.9,4.9,0,0.0,0.0,0.0,0.0,0.0,,0.0,0.0,0.0
2025-09-05,4.9,4.9,4.9,4.9,0,0.0,0.0,0.0,0.0,0.0,,0.0,0.0,0.0
2025-09-08,4.9,4.9,4.9,4.9,0,0.0,0.0,0.0,0.0,0.0,,0.0,0.0,0.0
2025-09-09,4.9,4.9,4.9,4.9,0,0.0,0.0,0.0,0.0,0.0,,0.0,0.0,0.0
2025-09-10,4.9,4.9,4.9,4.9,0,0.0,0.0,0.0,0.0,0.0,,0.0,0.0,0.0
2025-09-11,4.9,4.9,4.9,4.9,0,0.0,0.0,0.0,0.0,0.0,,0.0,0.0,0.0
2025-09-12,4.9,4.9,4.9,4.9,0,0.0,0.0,0.0,0.0,0.0,,0.0,0.0,0.0
2025-09-15,4.9,4.9,4.9,4.9,0,0.0,0.0,0.0,0.0,0.0,,0.0,0.0,0.0
2025-09-16,4.9,4.9,4.9,4.9,0,0.0,0.0,0.0,0.0,0.0,,0.0,0.0,0.0
2025-09-17,4.9,4.9,4.9,4.9,0,0.0,0.0,0.0,0.0,0.0,,0.0,0.0,0.0
2025-09-18,4.9,4.9,4.9,4.9,0,0.0,0.0,0.0,0.0,0.0,,0.0,0.0,0.0
2025-09-19,4.9,4.9,4.9,4.9,0,0.0,0.0,0.0,0.0,0.0,,0.0,0.0,0.0
2025-09-22,4.9,4.9,4.9,4.9,0,0.0,0.0,0.0,0.0,0.0,,0.0,0.0,0.0
2025-09-23,4.9,4.9,4.9,4.9,0,0.0,0.0,0.0,0.0,0.0,,0.0,0.0,0.0
2025-09-24,4.9,4.9,4.9,4.9,0,0.0,0.0,0.0,0.0,0.0,,0.0,0.0,0.0
2025-09-25,4.9,4.9,4.9,4.9,0,0.0,0.0,0.0,0.0,0.0,,0.0,0.0,0.0
2025-09-26,4.9,4.9,4.9,4.9,0,0.0,0.0,0.0,0.0,0.0,,0.0,0.0,0.0
2025-09-29,4.9,4.9,4.9,4.9,0,0.0,0.0,0.0,0.0,0.0,,0.0,0.0,0.0
2025-09-30,4.9,4.9,4.9,4.9,0,0.0,0.0,0.0,0.0,0.0,,0.0,0.0,0.0
2025-10-01,4.9,4.9,4.9,4.9,0,0.0,0.0,0.0,0.0,0.0,,0.0,0.0,0.0
2025-10-02,4.9,4.9,4.9,4.9,0,0.0,0.0,0.0,0.0,0.0,,0.0,0.0,0.0
2025-10-03,4.9,4.9,4.9,4.9,0,0.0,0.0,0.0,0.0,0.0,,0.0,0.0,0.0
2025-10-06,4.9,4.9,4.9,4.9,0,0.0,0.0,0.0,0.0,0.0,,0.0,0.0,0.0
2025-10-07,4.9,4.9,4.9,4.9,0,0.0,0.0,0.0,0.0,0.0,,0.0,0.0,0.0
2025-10-08,4.9,4.9,4.9,4.9,0,0.0,0.0,0.0,0.0,0.0,,0.0,0.0,0.0
2025-10-09,,0.0,0.0,0.0,0,0.0,0.0,0.0,0.0,0.0,245480.2,0.0,0.0,0.0
2025-10-10,,0.0,0.0,0.0,0,0.0,0.0,0.0,0.0,0.0,245480.2,0.0,0.0,0.0
2025-10-13,,0.0,0.0,0.0,0,0.0,0.0,0.0,0.0,0.0,245480.2,0.0,0.0,0.0
2025-10-14,,0.0,0.0,0.0,0,0.0,0.0,0.0,0.0,0.0,245480.2,0.0,0.0,0.0
2025-10-15,,0.0,0.0,0.0,0,0.0,0.0,0.0,0.0,0.0,245480.2,0.0,0.0,0.0
2025-10-16,,0.0,0.0,0.0,0,0.0,0.0,0.0,0.0,0.0,245480.2,0.0,0.0,0.0
2025-10-17,,0.0,0.0,0.0,0,0.0,0.0,0.0,0.0,0.0,245480.2,0.0,0.0,0.0
2025-10-20,,0.0,0.0,0.0,0,0.0,0.0,0.0,0.0,0.0,245480.2,0.0,0.0,0.0
2025-10-21,,0.0,0.0,0.0,0,0.0,0.0,0.0,0.0,0.0,245480.2,0.0,0.0,0.0
2025-10-22,,0.0,0.0,0.0,0,0.0,0.0,0.0,0.0,0.0,245480.2,0.0,0.0,0.0
2025-10-23,,0.0,0.0,0.0,0,0.0,0.0,0.0,0.0,0.0,245480.2,0.0,0.0,0.0
2025-10-24,,0.0,0.0,0.0,0,0.0,0.0,0.0,0.0,0.0,245480.2,0.0,0.0,0.0
2025-10-27,,0.0,0.0,0.0,0,0.0,0.0,0.0,0.0,0.0,245480.2,0.0,0.0,0.0
2025-10-28,,0.0,0.0,0.0,0,0.0,0.0,0.0,0.0,0.0,245480.2,0.0,0.0,0.0
2025-10-29,,0.0,0.0,0.0,0,0.0,0.0,0.0,0.0,0.0,245480.2,0.0,0.0,0.0
2025-10-30,,0.0,0.0,0.0,0,0.0,0.0,0.0,0.0,0.0,245480.2,0.0,0.0,0.0
2025-10-31,,0.0,0.0,0.0,0,0.0,0.0,0.0,0.0,0.0,245480.2,0.0,0.0,0.0
2025-11-03,,0.0,0.0,0.0,0,0.0,0.0,0.0,0.0,0.0,245480.2,0.0,0.0,0.0
2025-11-04,,0.0,0.0,0.0,0,0.0,0.0,0.0,0.0,0.0,245480.2,0.0,0.0,0.0
2025-11-05,,0.0,0.0,0.0,0,0.0,0.0,0.0,0.0,0.0,245480.2,0.0,0.0,0.0
2025-11-06,,0.0,0.0,0.0,0,0.0,0.0,0.0,0.0,0.0,245480.2,0.0,0.0,0.0
2025-11-07,,0.0,0.0,0.0,0,0.0,0.0,0.0,0.0,0.0,245480.2,0.0,0.0,0.0
2025-11-10,,0.0,0.0,0.0,0,0.0,0.0,0.0,0.0,0.0,245480.2,0.0,0.0,0.0
2025-11-11,,0.0,0.0,0.0,0,0.0,0.0,0.0,0.0,0.0,0.0,0.0,0.0,0.0
2025-11-12,,0.0,0.0,0.0,0,0.0,0.0,0.0,0.0,0.0,245480.2,0.0,0.0,0.0
2025-11-14,,0.0,0.0,0.0,0,0.0,0.0,0.0,0.0,0.0,245480.2,0.0,0.0,0.0
2025-11-17,,0.0,0.0,0.0,0,0.0,0.0,0.0,0.0,0.0,245480.2,0.0,0.0,0.0
2025-11-18,,0.0,0.0,0.0,0,0.0,0.0,0.0,0.0,0.0,245480.2,0.0,0.0,0.0
2025-11-19,,0.0,0.0,0.0,0,0.0,0.0,0.0,0.0,0.0,245480.2,0.0,0.0,0.0
2025-11-20,,0.0,0.0,0.0,0,0.0,0.0,0.0,0.0,0.0,245480.2,0.0,0.0,0.0
2025-11-25,,0.0,0.0,0.0,0,0.0,0.0,0.0,0.0,0.0,245480.2,0.0,0.0,0.0
2025-11-26,,0.0,0.0,0.0,0,0.0,0.0,0.0,0.0,0.0,245480.2,0.0,0.0,0.0
2025-11-27,,0.0,0.0,0.0,0,0.0,0.0,0.0,0.0,0.0,245480.2,0.0,0.0,0.0
2025-11-28,,0.0,0.0,0.0,0,0.0,0.0,0.0,0.0,0.0,245480.2,0.0,0.0,0.0
2025-12-01,,0.0,0.0,0.0,0,0.0,0.0,0.0,0.0,0.0,245480.2,0.0,0.0,0.0
2025-12-02,,0.0,0.0,0.0,0,0.0,0.0,0.0,0.0,0.0,245480.2,0.0,0.0,0.0
2025-12-03,,0.0,0.0,0.0,0,0.0,0.0,0.0,0.0,0.0,245480.2,0.0,0.0,0.0
2025-12-04,,0.0,0.0,0.0,0,0.0,0.0,0.0,0.0,0.0,245480.2,0.0,0.0,0.0
2025-12-05,,0.0,0.0,0.0,0,0.0,0.0,0.0,0.0,0.0,245480.2,0.0,0.0,0.0
2025-12-08,,0.0,0.0,0.0,0,0.0,0.0,0.0,0.0,0.0,245480.2,0.0,0.0,0.0
2025-12-10,,0.0,0.0,0.0,0,0.0,0.0,0.0,0.0,0.0,245480.2,0.0,0.0,0.0
2025-12-11,,0.0,0.0,0.0,0,0.0,0.0,0.0,0.0,0.0,245480.2,0.0,0.0,0.0
2025-12-12,,0.0,0.0,0.0,0,0.0,0.0,0.0,0.0,0.0,245480.2,0.0,0.0,0.0
2025-12-15,,0.0,0.0,0.0,0,0.0,0.0,0.0,0.0,0.0,245480.2,0.0,0.0,0.0
2025-12-23,,0.0,0.0,0.0,0,0.0,0.0,0.0,0.0,0.0,245480.2,0.0,0.0,0.0
2025-12-24,,0.0,0.0,0.0,0,0.0,0.0,0.0,0.0,0.0,245480.2,0.0,0.0,0.0
2025-12-25,,0.0,0.0,0.0,0,0.0,0.0,0.0,0.0,0.0,245480.2,0.0,0.0,0.0
2025-12-26,,0.0,0.0,0.0,0,0.0,0.0,0.0,0.0,0.0,245480.2,0.0,0.0,0.0
2025-12-29,,0.0,0.0,0.0,0,0.0,0.0,0.0,0.0,0.0,245480.2,0.0,0.0,0.0
2025-12-30,,0.0,0.0,0.0,0,0.0,0.0,0.0,0.0,0.0,245480.2,0.0,0.0,0.0
2025-12-31,,0.0,0.0,0.0,0,0.0,0.0,0.0,0.0,0.0,245480.2,0.0,0.0,0.0
2026-01-12,6.8,6.8,6.8,6.8,100,680.0,0.0,0.0,0.0,0.0,245480.2,0.0,0.0,0.0
2026-01-13,,0.0,0.0,0.0,0,0.0,0.0,0.0,0.0,0.0,245480.2,0.0,0.0,0.0
