time,open,high,low,close,volume,value,foreign_buy_vol,foreign_sell_vol,foreign_buy_val,foreign_sell_val,foreign_room
2013-01-02,8.695,8.695,8.695,8.695,1220,10607.9,,,,,
2013-01-03,8.427,8.427,8.427,8.427,1680,14157.36,,,,,
2013-01-04,8.427,8.427,8.427,8.427,1000,8427.0,,,,,
2013-01-07,8.628,8.628,8.494,8.494,1270,10787.38,,,,,
2013-01-08,8.494,8.494,8.494,8.494,2510,21319.94,,,,,
2013-01-09,8.427,8.494,8.36,8.427,27260,229720.02,,,,,
2013-01-10,8.36,8.628,8.293,8.628,16990,146589.72,,,,,
2013-01-11,8.829,8.829,8.427,8.628,4520,38998.56,,,,,
2013-01-14,8.762,8.829,8.762,8.829,3900,34433.100000000006,,,,,
2013-01-15,8.427,8.494,8.427,8.494,27070,229932.58,,,,,
2013-01-16,8.494,8.628,8.494,8.561,14600,124990.6,,,,,
2013-01-17,8.561,8.628,8.494,8.494,12100,102777.4,,,,,
2013-01-18,8.494,8.494,7.959,8.494,24560,208612.64,,,,,
2013-01-21,8.494,8.695,8.427,8.695,23480,204158.6,,,,,
2013-01-22,8.427,8.494,8.427,8.494,10010,85024.94,,,,,
2013-01-23,8.159,8.494,8.026,8.494,27010,229422.94,,,,,
2013-01-24,8.427,8.494,8.36,8.36,12710,106255.6,,,,,
2013-01-25,8.494,8.494,8.494,8.494,10,84.94,,,,,
2013-01-28,8.427,8.561,8.427,8.561,8960,76706.56,,,,,
2013-01-29,8.561,8.561,8.561,8.561,10,85.61,,,,,
2013-01-30,8.561,8.561,8.092,8.561,10260,87835.86,,,,,
2013-01-31,8.36,8.494,8.36,8.494,5830,49520.02,,,,,
2013-02-01,8.494,8.695,8.427,8.628,3380,29162.64,,,,,
2013-02-04,8.561,8.561,8.561,8.561,1010,8646.61,,,,,
2013-02-05,8.494,8.561,8.427,8.561,17300,148105.3,,,,,
2013-02-06,8.561,8.628,8.494,8.628,26070,224931.96,,,,,
2013-02-07,8.628,8.628,8.628,8.628,10,86.28,,,,,
2013-02-08,8.695,9.029,8.695,9.029,3440,31059.76,,,,,
2013-02-18,9.029,9.029,8.494,8.628,9120,78687.36,,,,,
2013-02-19,8.628,8.829,8.628,8.829,820,7239.780000000001,,,,,
2013-02-20,8.962,8.962,8.561,8.628,4080,35202.24,,,,,
2013-02-21,8.628,8.628,8.494,8.561,15870,135863.07,,,,,
2013-02-22,8.36,9.029,8.36,8.561,220,1883.42,,,,,
2013-02-25,8.36,8.561,8.36,8.561,2010,17207.61,,,,,
2013-02-26,8.293,8.494,8.293,8.494,8600,73048.4,,,,,
2013-02-27,8.026,8.494,8.026,8.494,320,2718.08,,,,,
2013-02-28,8.494,8.628,8.293,8.293,1660,13766.38,,,,,
2013-03-01,8.695,8.695,8.36,8.36,3290,27504.4,,,,,
2013-03-04,8.561,8.561,8.36,8.36,11940,99818.4,,,,,
2013-03-05,7.826,8.226,7.826,8.226,17270,142063.02000000002,,,,,
2013-03-06,8.226,8.36,8.226,8.36,510,4263.599999999999,,,,,
2013-03-07,8.293,8.293,8.293,8.293,100,829.3,,,,,
2013-03-08,8.36,8.36,8.226,8.226,1610,13243.86,,,,,
2013-03-11,8.36,8.695,8.36,8.695,9260,80515.7,,,,,
2013-03-12,8.427,8.427,8.36,8.36,10070,84185.2,,,,,
2013-03-13,8.561,8.561,8.561,8.561,10,85.61,,,,,
2013-03-14,8.36,8.561,8.36,8.561,180,1540.98,,,,,
2013-03-15,8.561,8.561,8.494,8.561,17350,148533.35,,,,,
2013-03-18,8.36,8.36,8.36,8.36,5000,41800.0,,,,,
2013-03-19,8.494,8.494,8.494,8.494,10010,85024.94,,,,,
2013-03-20,8.628,8.628,8.36,8.36,2100,17556.0,,,,,
2013-03-21,8.427,8.427,8.427,8.427,30,252.81,,,,,
2013-03-22,8.628,8.628,8.36,8.494,9550,81117.7,,,,,
2013-03-25,8.427,8.427,8.026,8.026,11660,93583.16,,,,,
2013-03-26,8.36,8.494,8.36,8.36,5630,47066.8,,,,,
2013-03-27,8.628,8.628,8.427,8.494,2230,18941.62,,,,,
2013-03-28,8.628,8.695,8.36,8.695,5190,45127.05,,,,,
2013-03-29,8.695,8.695,8.36,8.427,7180,60505.86,,,,,
2013-04-01,8.427,8.494,8.427,8.494,2800,23783.2,,,,,
2013-04-02,8.494,8.561,8.494,8.561,13700,117285.7,,,,,
2013-04-03,8.494,8.494,8.494,8.494,20,169.88,,,,,
2013-04-04,8.494,8.494,8.36,8.494,5040,42809.76,,,,,
2013-04-05,8.092,8.427,8.092,8.427,10910,91938.57,,,,,
2013-04-08,8.427,8.427,8.427,8.427,5000,42135.0,,,,,
2013-04-09,8.427,8.561,8.427,8.561,9030,77305.83,,,,,
2013-04-10,8.427,8.628,8.427,8.427,5520,46517.04,,,,,
2013-04-11,8.494,8.494,8.494,8.494,5100,43319.4,,,,,
2013-04-12,8.36,8.36,8.36,8.36,610,5099.599999999999,,,,,
2013-04-15,8.36,8.494,8.36,8.494,620,5266.28,,,,,
2013-04-16,8.36,8.36,8.36,8.36,11090,92712.4,,,,,
2013-04-17,8.494,8.494,8.36,8.36,7500,62699.99999999999,,,,,
2013-04-18,8.36,8.36,8.36,8.36,6990,58436.4,,,,,
2013-04-22,8.36,8.36,8.36,8.36,5750,48070.0,,,,,
2013-04-23,8.494,8.494,8.36,8.36,11000,91960.0,,,,,
2013-04-24,8.36,8.36,8.36,8.36,20080,167868.8,,,,,
2013-04-25,8.36,8.36,8.36,8.36,7860,65709.59999999999,,,,,
2013-04-26,8.36,8.36,8.36,8.36,9000,75240.0,,,,,
2013-05-02,8.695,8.695,8.36,8.695,15200,132164.0,,,,,
2013-05-03,8.695,8.695,8.226,8.628,4040,34857.12,,,,,
2013-05-06,8.427,8.695,8.427,8.494,4430,37628.42,,,,,
2013-05-07,8.762,8.762,8.427,8.561,3280,28080.08,,,,,
2013-05-08,8.561,8.561,8.427,8.427,3820,32191.14,,,,,
2013-05-09,8.427,8.628,8.427,8.427,6760,56966.52,,,,,
2013-05-10,8.427,8.427,8.427,8.427,5080,42809.16,,,,,
2013-05-13,8.427,8.427,8.427,8.427,19240,162135.47999999998,,,,,
2013-05-14,7.892,8.427,7.892,8.427,11620,97921.74,,,,,
2013-05-15,8.36,8.427,8.36,8.427,9990,84185.73,,,,,
2013-05-16,8.427,8.427,8.427,8.427,10,84.27,,,,,
2013-05-17,8.427,8.427,8.427,8.427,10000,84270.0,,,,,
2013-05-20,8.427,8.427,8.36,8.427,20290,170983.83,,,,,
2013-05-21,8.36,8.427,8.36,8.36,16560,138441.59999999998,,,,,
2013-05-22,8.36,8.427,8.36,8.427,10780,90843.06,,,,,
2013-05-23,8.36,8.36,8.36,8.36,6900,57683.99999999999,,,,,
2013-05-24,8.896,8.896,8.36,8.36,5350,44726.0,,,,,
2013-05-27,8.36,8.494,8.36,8.36,3730,31182.8,,,,,
2013-05-28,8.36,8.695,8.36,8.695,1010,8781.95,,,,,
2013-05-29,8.695,8.695,8.427,8.427,6000,50562.0,,,,,
2013-05-30,8.494,8.561,8.427,8.561,12600,107868.6,,,,,
2013-05-31,8.561,9.029,8.561,9.029,2030,18328.87,,,,,
2013-06-03,9.565,9.565,8.561,8.561,9950,85181.95,,,,,
2013-06-04,8.494,8.695,8.494,8.494,2590,21999.46,,,,,
2013-06-05,8.36,8.494,8.36,8.494,2830,24038.02,,,,,
2013-06-06,8.561,8.829,8.561,8.829,11470,101268.63,,,,,
2013-06-07,8.829,8.896,8.695,8.762,4910,43021.420000000006,,,,,
2013-06-10,8.762,8.762,8.695,8.695,2600,22607.0,,,,,
2013-06-11,8.695,8.695,8.36,8.36,8460,70725.59999999999,,,,,
2013-06-12,8.695,8.695,8.427,8.494,15420,130977.48,,,,,
2013-06-13,8.427,8.561,8.427,8.494,4000,33976.0,,,,,
2013-06-14,8.561,8.561,8.494,8.494,2210,18771.74,,,,,
2013-06-17,8.36,8.494,7.959,8.494,6580,55890.52,,,,,
2013-06-18,8.427,8.427,8.36,8.36,11000,91960.0,,,,,
2013-06-19,8.494,8.494,8.494,8.494,2000,16988.0,,,,,
2013-06-20,8.427,8.494,8.427,8.494,6030,51218.82,,,,,
2013-06-21,8.494,8.494,8.36,8.427,5550,46769.85,,,,,
2013-06-24,8.762,8.762,8.36,8.36,940,7858.4,,,,,
2013-06-25,8.36,8.36,8.293,8.36,37670,314921.19999999995,,,,,
2013-06-26,8.829,8.829,8.36,8.829,10020,88466.58,,,,,
2013-06-27,8.36,8.695,8.36,8.695,880,7651.6,,,,,
2013-06-28,8.695,8.695,8.695,8.695,0,0.0,,,,,
2013-07-01,8.829,8.829,8.36,8.36,170,1421.1999999999998,,,,,
2013-07-02,8.494,8.494,8.427,8.427,1010,8511.27,,,,,
2013-07-03,8.427,8.427,8.427,8.427,5830,49129.41,,,,,
2013-07-04,8.427,8.427,8.427,8.427,0,0.0,,,,,
2013-07-05,8.494,8.494,8.494,8.494,5020,42639.88,,,,,
2013-07-08,8.427,8.494,8.427,8.494,1800,15289.2,,,,,
2013-07-09,8.494,8.494,8.494,8.494,2930,24887.42,,,,,
2013-07-10,8.494,8.494,8.494,8.494,6640,56400.16,,,,,
2013-07-11,8.628,8.628,8.628,8.628,10,86.28,,,,,
2013-07-12,8.628,8.628,8.628,8.628,20,172.56,,,,,
2013-07-15,8.628,8.628,8.628,8.628,1500,12942.0,,,,,
2013-07-16,8.628,8.628,8.628,8.628,0,0.0,,,,,
2013-07-17,8.695,8.695,8.695,8.695,10,86.95,,,,,
2013-07-18,8.695,8.695,8.695,8.695,0,0.0,,,,,
2013-07-19,8.561,8.561,8.561,8.561,4000,34244.0,,,,,
2013-07-22,8.561,8.561,8.561,8.561,2860,24484.46,,,,,
2013-07-23,8.695,8.762,8.695,8.762,3710,32507.02,,,,,
2013-07-24,8.695,8.695,8.628,8.628,6270,54097.56,,,,,
2013-07-25,8.628,8.628,8.628,8.628,5000,43140.0,,,,,
2013-07-26,8.628,8.628,8.628,8.628,7560,65227.68,,,,,
2013-07-29,8.628,8.628,8.427,8.628,31510,271868.28,,,,,
2013-07-30,8.628,8.628,8.628,8.628,2000,17256.0,,,,,
2013-07-31,8.561,8.561,8.561,8.561,5000,42805.0,,,,,
2013-08-01,8.561,8.561,8.427,8.561,6000,51366.0,,,,,
2013-08-02,8.427,8.427,8.427,8.427,2100,17696.7,,,,,
2013-08-05,8.494,8.494,8.494,8.494,1550,13165.7,,,,,
2013-08-06,8.561,8.561,8.561,8.561,15000,128415.0,,,,,
2013-08-07,8.561,8.561,8.561,8.561,0,0.0,,,,,
2013-08-08,8.561,8.561,8.494,8.561,12000,102732.0,,,,,
2013-08-09,8.561,8.561,8.561,8.561,8000,68488.0,,,,,
2013-08-12,8.561,8.561,8.561,8.561,0,0.0,,,,,
2013-08-13,8.36,8.36,8.36,8.36,5000,41800.0,,,,,
2013-08-14,8.36,8.36,8.36,8.36,0,0.0,,,,,
2013-08-15,8.36,8.36,8.36,8.36,0,0.0,,,,,
2013-08-16,8.427,8.427,8.427,8.427,5000,42135.0,,,,,
2013-08-19,8.561,8.561,8.561,8.561,4900,41948.9,,,,,
2013-08-20,8.159,8.159,8.026,8.026,3500,28091.0,,,,,
2013-08-21,8.36,8.561,8.092,8.561,230,1969.03,,,,,
2013-08-22,8.226,8.36,8.226,8.36,4000,33440.0,,,,,
2013-08-23,8.427,8.427,8.36,8.36,36460,304805.6,,,,,
2013-08-26,8.36,8.36,8.36,8.36,0,0.0,,,,,
2013-08-27,8.226,8.427,8.226,8.226,6910,56841.66,,,,,
2013-08-28,8.36,8.36,8.36,8.36,3000,25080.0,,,,,
2013-08-29,8.36,8.36,8.226,8.226,3020,24842.520000000004,,,,,
2013-08-30,8.36,8.36,8.36,8.36,1000,8360.0,,,,,
2013-09-03,8.36,8.36,8.36,8.36,10910,91207.6,,,,,
2013-09-04,8.36,8.427,8.36,8.36,4010,33523.6,,,,,
2013-09-05,8.427,8.427,8.36,8.36,8290,69304.4,,,,,
2013-09-06,8.36,8.427,8.36,8.427,3510,29578.77,,,,,
2013-09-09,8.36,8.427,8.36,8.427,4590,38679.93,,,,,
2013-09-10,8.36,8.427,8.36,8.427,10100,85112.7,,,,,
2013-09-11,8.427,8.427,8.427,8.427,3000,25281.0,,,,,
2013-09-12,8.36,8.36,8.36,8.36,140,1170.4,,,,,
2013-09-13,8.36,8.36,8.226,8.226,10330,84974.58,,,,,
2013-09-16,8.36,8.36,8.36,8.36,5650,47234.0,,,,,
2013-09-17,8.427,8.427,8.36,8.36,20490,171296.4,,,,,
2013-09-18,8.427,8.427,8.36,8.36,19950,166782.0,,,,,
2013-09-19,8.36,8.36,8.36,8.36,17200,143792.0,,,,,
2013-09-20,8.36,8.36,8.36,8.36,0,0.0,,,,,
2013-09-23,8.36,8.36,8.36,8.36,0,0.0,,,,,
2013-09-24,8.36,8.36,8.36,8.36,0,0.0,,,,,
2013-09-25,8.36,8.36,8.36,8.36,0,0.0,,,,,
2013-09-26,8.026,8.36,8.026,8.36,120,1003.2,,,,,
2013-09-27,8.092,8.494,8.092,8.494,30,254.82,,,,,
2013-09-30,8.494,8.494,8.494,8.494,0,0.0,,,,,
2013-10-01,8.494,8.494,8.494,8.494,0,0.0,,,,,
2013-10-02,8.494,8.494,8.494,8.494,0,0.0,,,,,
2013-10-03,8.36,8.36,8.36,8.36,19240,160846.4,,,,,
2013-10-04,8.36,8.36,8.36,8.36,16880,141116.8,,,,,
2013-10-07,8.494,8.561,8.494,8.561,1130,9673.93,,,,,
2013-10-08,8.494,8.494,8.494,8.494,6500,55211.0,,,,,
2013-10-09,8.494,8.494,8.494,8.494,0,0.0,,,,,
2013-10-10,8.494,8.494,8.494,8.494,0,0.0,,,,,
2013-10-11,8.36,8.427,8.36,8.36,2380,19896.8,,,,,
2013-10-14,8.36,8.36,8.36,8.36,100,836.0,,,,,
2013-10-15,8.026,8.561,8.026,8.561,1020,8732.22,,,,,
2013-10-16,8.427,8.427,8.427,8.427,1000,8427.0,,,,,
2013-10-17,8.427,8.427,8.427,8.427,7200,60674.4,,,,,
2013-10-18,8.427,8.427,8.427,8.427,21970,185141.19,,,,,
2013-10-21,8.427,8.427,8.427,8.427,25030,210927.81,,,,,
2013-10-22,8.427,8.427,8.427,8.427,13230,111489.21,,,,,
2013-10-23,8.494,8.494,8.427,8.427,50220,423203.94,,,,,
2013-10-24,8.427,8.427,8.427,8.427,4150,34972.05,,,,,
2013-10-25,8.427,8.427,8.36,8.427,51530,434243.31,,,,,
2013-10-28,8.427,8.427,8.427,8.427,0,0.0,,,,,
2013-10-29,8.427,8.427,8.427,8.427,0,0.0,,,,,
2013-10-30,8.026,8.026,8.026,8.026,300,2407.8,,,,,
2013-10-31,8.092,8.092,8.092,8.092,110,890.12,,,,,
2013-11-01,8.427,8.628,8.427,8.628,8150,70318.2,,,,,
2013-11-04,8.829,8.829,8.494,8.494,340,2887.96,,,,,
2013-11-05,8.427,8.628,8.427,8.628,610,5263.08,,,,,
2013-11-06,8.695,8.695,8.427,8.427,3010,25365.27,,,,,
2013-11-07,8.427,8.427,8.427,8.427,500,4213.5,,,,,
2013-11-08,8.427,8.427,8.427,8.427,1770,14915.79,,,,,
2013-11-11,8.427,8.561,8.427,8.427,3990,33623.73,,,,,
2013-11-12,8.427,8.427,8.427,8.427,6210,52331.67,,,,,
2013-11-13,8.427,8.427,8.427,8.427,160,1348.32,,,,,
2013-11-14,8.494,8.494,8.494,8.494,1300,11042.2,,,,,
2013-11-15,8.427,8.561,8.427,8.561,760,6506.36,,,,,
2013-11-18,8.561,8.561,8.561,8.561,0,0.0,,,,,
2013-11-19,8.427,8.427,8.427,8.427,4020,33876.54,,,,,
2013-11-20,8.427,8.427,8.427,8.427,4010,33792.27,,,,,
2013-11-21,8.427,8.427,8.427,8.427,23490,197950.23,,,,,
2013-11-22,8.427,8.427,8.427,8.427,40,337.08,,,,,
2013-11-25,8.427,8.427,8.427,8.427,0,0.0,,,,,
2013-11-26,8.427,8.494,8.427,8.494,1470,12486.18,,,,,
2013-11-27,8.494,8.494,8.494,8.494,0,0.0,,,,,
2013-11-28,8.494,8.494,8.494,8.494,0,0.0,,,,,
2013-11-29,8.494,8.494,8.494,8.494,0,0.0,,,,,
2013-12-02,8.494,8.494,8.494,8.494,0,0.0,,,,,
2013-12-03,8.494,8.494,8.494,8.494,10,84.94,,,,,
2013-12-04,8.494,8.494,8.293,8.293,2530,20981.29,,,,,
2013-12-05,8.427,8.628,8.427,8.628,19310,166606.68,,,,,
2013-12-06,8.427,8.427,8.427,8.427,340,2865.18,,,,,
2013-12-09,8.427,8.427,8.427,8.427,180,1516.86,,,,,
2013-12-10,8.427,8.427,8.427,8.427,1010,8511.27,,,,,
2013-12-11,8.427,8.427,8.427,8.427,1000,8427.0,,,,,
2013-12-12,8.427,8.427,8.427,8.427,0,0.0,,,,,
2013-12-13,8.427,8.427,8.427,8.427,0,0.0,,,,,
2013-12-16,8.427,8.427,8.427,8.427,3000,25281.0,,,,,
2013-12-17,8.427,8.427,8.427,8.427,5490,46264.23,,,,,
2013-12-18,8.427,8.427,8.427,8.427,910,7668.57,,,,,
2013-12-19,8.427,8.427,8.427,8.427,30600,257866.2,,,,,
2013-12-20,8.427,8.427,8.427,8.427,16790,141489.33,,,,,
2013-12-23,8.494,8.494,8.427,8.427,17000,143259.0,,,,,
2013-12-24,8.427,8.494,8.427,8.494,8300,70500.2,,,,,
2013-12-25,8.427,8.427,8.427,8.427,1000,8427.0,,,,,
2013-12-26,8.427,8.494,8.427,8.494,200,1698.8,,,,,
2013-12-27,8.427,8.427,8.427,8.427,8510,71713.76999999999,,,,,
2013-12-30,8.427,8.494,8.427,8.494,24100,204705.4,,,,,
2013-12-31,8.427,8.494,8.427,8.494,14830,125966.02,,,,,
2014-01-02,8.427,8.427,8.427,8.427,2880,24269.76,,,,,
2014-01-03,8.427,8.427,8.427,8.427,700,5898.9,,,,,
2014-01-06,8.427,8.427,8.427,8.427,0,0.0,,,,,
2014-01-07,8.427,8.427,8.427,8.427,0,0.0,,,,,
2014-01-08,8.159,8.427,8.159,8.427,220,1853.94,,,,,
2014-01-09,8.427,8.427,8.427,8.427,0,0.0,,,,,
2014-01-10,8.427,8.494,8.427,8.494,200,1698.8,,,,,
2014-01-13,8.427,8.494,8.427,8.494,9000,76446.0,,,,,
2014-01-14,8.427,8.427,8.427,8.427,70,589.89,,,,,
2014-01-15,8.427,8.427,8.427,8.427,3620,30505.74,,,,,
2014-01-16,8.427,8.561,8.427,8.494,1150,9768.1,,,,,
2014-01-17,8.561,8.695,8.561,8.628,6620,57117.36,,,,,
2014-01-20,8.695,8.695,8.695,8.695,300,2608.5,,,,,
2014-01-21,8.695,8.695,8.695,8.695,610,5303.95,,,,,
2014-01-22,8.762,8.762,8.762,8.762,1000,8762.0,,,,,
2014-01-23,8.829,8.829,8.762,8.829,12700,112128.3,,,,,
2014-01-24,8.762,8.762,8.762,8.762,14410,126260.42,,,,,
2014-01-27,8.896,8.896,8.896,8.896,10,88.96000000000001,,,,,
2014-02-06,8.896,8.896,8.896,8.896,0,0.0,,,,,
2014-02-07,8.896,8.896,8.896,8.896,10,88.96000000000001,,,,,
2014-02-10,8.896,8.896,8.896,8.896,5000,44480.00000000001,,,,,
2014-02-11,8.829,9.498,8.762,8.762,10370,90861.94,,,,,
2014-02-12,9.096,9.364,9.096,9.23,550,5076.5,,,,,
2014-02-13,9.565,9.565,9.23,9.364,900,8427.6,,,,,
2014-02-14,9.431,9.431,9.029,9.029,1800,16252.2,,,,,
2014-02-17,8.561,8.561,8.561,8.561,500,4280.5,,,,,
2014-02-18,8.829,9.096,8.561,9.029,760,6862.04,,,,,
2014-02-19,9.364,9.364,9.364,9.364,120,1123.68,,,,,
2014-02-20,9.364,9.364,9.029,9.029,1200,10834.8,,,,,
2014-02-21,8.896,8.896,8.427,8.762,5600,49067.2,,,,,
2014-02-24,9.163,9.163,8.427,8.427,5020,42303.54,,,,,
2014-02-25,8.427,8.427,8.427,8.427,15950,134410.65,,,,,
2014-02-26,8.427,8.494,8.427,8.427,4190,35309.13,,,,,
2014-02-27,8.561,8.561,8.494,8.561,700,5992.7,,,,,
2014-02-28,8.561,8.561,8.561,8.561,0,0.0,,,,,
2014-03-03,8.427,8.427,8.427,8.427,5070,42724.89,,,,,
2014-03-04,8.427,8.427,8.427,8.427,1680,14157.36,,,,,
2014-03-05,8.561,8.561,8.561,8.561,1220,10444.42,,,,,
2014-03-06,8.427,8.494,8.427,8.494,410,3482.54,,,,,
2014-03-07,8.494,8.561,8.494,8.561,2280,19519.08,,,,,
2014-03-10,8.561,8.561,8.561,8.561,1220,10444.42,,,,,
2014-03-11,8.628,8.628,8.628,8.628,1710,14753.88,,,,,
2014-03-12,8.695,9.23,8.695,9.23,370,3415.1000000000004,,,,,
2014-03-13,8.628,9.23,8.628,9.23,4750,43842.5,,,,,
2014-03-14,9.23,9.23,9.23,9.23,2030,18736.9,,,,,
2014-03-17,9.23,9.23,9.23,9.23,2590,23905.7,,,,,
2014-03-18,9.23,9.23,9.029,9.029,6040,54535.16,,,,,
2014-03-19,8.695,9.029,8.695,9.029,150,1354.35,,,,,
2014-03-20,8.896,8.896,8.896,8.896,4000,35584.0,,,,,
2014-03-21,8.896,8.896,8.762,8.896,730,6494.080000000001,,,,,
2014-03-24,9.364,9.364,9.163,9.297,9970,92691.09,,,,,
2014-03-25,9.364,9.364,9.096,9.096,440,4002.24,,,,,
2014-03-26,9.096,9.163,9.096,9.163,30,274.89,,,,,
2014-03-27,9.163,9.163,9.163,9.163,0,0.0,,,,,
2014-03-28,9.364,9.364,9.163,9.163,1270,11637.01,,,,,
2014-03-31,8.962,8.962,8.962,8.962,280,2509.36,,,,,
2014-04-01,9.364,9.364,9.163,9.163,1020,9346.26,,,,,
2014-04-02,8.896,9.163,8.896,9.029,920,8306.68,,,,,
2014-04-03,8.695,8.695,8.427,8.494,44080,374415.52,,,,,
2014-04-04,8.561,8.561,8.427,8.427,14540,122528.58,,,,,
2014-04-07,8.427,8.427,8.427,8.427,9780,82416.06,,,,,
2014-04-08,8.494,8.494,8.427,8.427,1350,11376.45,,,,,
2014-04-10,8.427,8.427,8.427,8.427,0,0.0,,,,,
2014-04-11,8.427,8.427,8.427,8.427,1130,9522.51,,,,,
2014-04-14,8.427,8.427,8.427,8.427,1960,16516.92,,,,,
2014-04-15,8.427,8.427,8.427,8.427,20890,176040.03,,,,,
2014-04-16,8.427,8.494,8.427,8.494,1470,12486.18,,,,,
2014-04-17,8.561,8.561,8.561,8.561,420,3595.62,,,,,
2014-04-18,8.561,8.561,8.561,8.561,740,6335.14,,,,,
2014-04-21,8.561,8.561,8.561,8.561,800,6848.8,,,,,
2014-04-22,8.427,8.427,8.427,8.427,19340,162978.18,,,,,
2014-04-23,8.427,8.427,8.427,8.427,2010,16938.27,,,,,
2014-04-24,8.427,8.427,8.427,8.427,33000,278091.0,,,,,
2014-04-25,8.427,8.427,8.427,8.427,1100,9269.7,,,,,
2014-04-28,8.427,8.427,8.427,8.427,0,0.0,,,,,
2014-04-29,8.695,8.695,8.695,8.695,20,173.9,,,,,
2014-05-05,8.695,8.695,8.695,8.695,0,0.0,,,,,
2014-05-06,8.695,8.695,8.695,8.695,0,0.0,,,,,
2014-05-07,8.427,8.427,8.427,8.427,500,4213.5,,,,,
2014-05-08,8.427,8.427,7.892,7.892,15530,122562.76,,,,,
2014-05-09,7.892,7.892,7.892,7.892,1000,7892.0,,,,,
2014-05-12,7.424,7.424,7.424,7.424,930,6904.320000000001,,,,,
2014-05-13,7.491,7.892,7.491,7.892,1480,11680.16,,,,,
2014-05-14,7.558,8.427,7.558,8.427,30,252.81,,,,,
2014-05-15,8.159,8.159,8.159,8.159,1000,8159.000000000001,,,,,
2014-05-16,8.159,8.159,8.159,8.159,0,0.0,,,,,
2014-05-19,8.159,8.159,8.159,8.159,0,0.0,,,,,
2014-05-20,8.159,8.159,8.159,8.159,1000,8159.000000000001,,,,,
2014-05-21,8.159,8.293,8.159,8.293,400,3317.2,,,,,
2014-05-22,8.293,8.293,8.293,8.293,0,0.0,,,,,
2014-05-23,8.293,8.293,8.293,8.293,0,0.0,,,,,
2014-05-26,8.293,8.293,8.293,8.293,0,0.0,,,,,
2014-05-27,8.427,8.628,8.427,8.628,1780,15357.84,,,,,
2014-05-28,8.36,8.36,8.36,8.36,2000,16720.0,,,,,
2014-05-29,8.36,8.36,8.36,8.36,0,0.0,,,,,
2014-05-30,8.36,8.36,8.36,8.36,0,0.0,,,,,
2014-06-02,8.36,8.36,8.36,8.36,1000,8360.0,,,,,
2014-06-03,8.36,8.36,8.36,8.36,1500,12540.0,,,,,
2014-06-04,8.36,8.36,8.36,8.36,4900,40964.0,,,,,
2014-06-05,8.36,8.36,8.36,8.36,5000,41800.0,,,,,
2014-06-06,8.36,8.36,8.36,8.36,20,167.2,,,,,
2014-06-09,8.36,8.36,8.36,8.36,1210,10115.6,,,,,
2014-06-10,8.36,8.36,8.36,8.36,0,0.0,,,,,
2014-06-11,8.695,8.896,8.695,8.695,1100,9564.5,,,,,
2014-06-12,8.293,8.293,8.293,8.293,180,1492.7399999999998,,,,,
2014-06-13,8.427,8.695,8.427,8.695,2010,17476.95,,,,,
2014-06-16,8.762,8.762,8.762,8.762,10,87.62,,,,,
2014-06-17,8.561,8.561,8.36,8.36,2300,19228.0,,,,,
2014-06-18,8.695,8.896,8.695,8.695,430,3738.85,,,,,
2014-06-19,8.427,8.427,8.427,8.427,590,4971.929999999999,,,,,
2014-06-20,8.695,8.695,8.561,8.561,230,1969.03,,,,,
2014-06-23,8.695,8.695,8.695,8.695,10,86.95,,,,,
2014-06-24,8.427,8.427,8.36,8.36,2000,16720.0,,,,,
2014-06-25,8.427,8.695,8.427,8.695,3340,29041.3,,,,,
2014-06-26,8.695,8.695,8.695,8.695,0,0.0,,,,,
2014-06-27,8.427,8.427,8.427,8.427,290,2443.83,,,,,
2014-06-30,8.628,8.628,8.628,8.628,30,258.84000000000003,,,,,
2014-07-01,8.695,8.695,8.695,8.695,1000,8695.0,,,,,
2014-07-02,8.695,8.695,8.695,8.695,0,0.0,,,,,
2014-07-03,8.494,8.494,8.427,8.494,680,5775.92,,,,,
2014-07-04,8.427,8.427,8.427,8.427,1000,8427.0,,,,,
2014-07-07,8.427,8.494,8.427,8.494,3030,25736.82,,,,,
2014-07-08,8.494,8.494,8.494,8.494,450,3822.3,,,,,
2014-07-09,8.427,8.427,8.427,8.427,30,252.81,,,,,
2014-07-10,8.293,8.427,8.293,8.427,7070,59578.89,,,,,
2014-07-11,8.427,8.427,8.427,8.427,0,0.0,,,,,
2014-07-14,8.427,8.427,8.427,8.427,0,0.0,,,,,
2014-07-15,8.561,8.561,8.427,8.427,30,252.81,,,,,
2014-07-16,8.293,8.293,8.293,8.293,6960,57719.27999999999,,,,,
2014-07-17,8.159,8.159,8.159,8.159,80,652.72,,,,,
2014-07-18,8.159,8.427,8.159,8.427,410,3455.07,,,,,
2014-07-21,8.494,8.494,8.494,8.494,10,84.94,,,,,
2014-07-22,8.494,8.494,8.494,8.494,0,0.0,,,,,
2014-07-23,8.494,8.494,8.494,8.494,0,0.0,,,,,
2014-07-24,8.494,8.494,8.494,8.494,0,0.0,,,,,
2014-07-25,8.159,8.159,8.159,8.159,790,6445.610000000001,,,,,
2014-07-28,8.36,8.36,7.826,7.826,3030,23712.78,,,,,
2014-07-29,8.159,8.159,8.159,8.159,210,1713.39,,,,,
2014-07-30,8.36,8.36,7.759,7.759,730,5664.070000000001,,,,,
2014-07-31,8.159,8.293,8.159,8.293,1000,8293.0,,,,,
2014-08-01,8.293,8.293,8.293,8.293,0,0.0,,,,,
2014-08-04,8.293,8.293,8.293,8.293,0,0.0,,,,,
2014-08-05,7.826,8.026,7.826,8.026,1010,8106.26,,,,,
2014-08-06,8.026,8.026,8.026,8.026,0,0.0,,,,,
2014-08-07,8.026,8.026,7.826,7.826,5000,39130.0,,,,,
2014-08-08,7.826,7.826,7.826,7.826,0,0.0,,,,,
2014-08-11,8.36,8.36,8.36,8.36,1320,11035.2,,,,,
2014-08-12,8.561,8.561,8.561,8.561,40,342.44,,,,,
2014-08-13,8.561,8.561,8.561,8.561,0,0.0,,,,,
2014-08-14,8.561,8.561,8.561,8.561,0,0.0,,,,,
2014-08-15,8.494,8.561,8.494,8.561,1080,9245.88,,,,,
2014-08-18,8.494,8.561,8.159,8.159,5360,43732.240000000005,,,,,
2014-08-19,8.695,8.695,7.892,7.892,680,5366.56,,,,,
2014-08-20,8.293,8.293,8.293,8.293,10,82.92999999999999,,,,,
2014-08-21,8.427,8.427,8.427,8.427,10,84.27,,,,,
2014-08-22,8.427,8.427,8.427,8.427,560,4719.12,,,,,
2014-08-25,7.959,7.959,7.959,7.959,10,79.59,,,,,
2014-08-26,8.026,8.026,8.026,8.026,1830,14687.58,,,,,
2014-08-27,8.026,8.026,8.026,8.026,0,0.0,,,,,
2014-08-28,8.026,8.026,8.026,8.026,0,0.0,,,,,
2014-08-29,8.026,8.026,8.026,8.026,0,0.0,,,,,
2014-09-03,8.026,8.026,8.026,8.026,0,0.0,,,,,
2014-09-04,8.026,8.159,7.892,7.892,25500,201246.0,,,,,
2014-09-05,7.826,7.892,7.826,7.892,3900,30778.800000000003,,,,,
2014-09-08,8.026,8.026,7.692,7.759,1790,13888.61,,,,,
2014-09-09,7.759,7.759,7.692,7.692,1020,7845.84,,,,,
2014-09-10,7.692,7.692,7.224,7.357,3700,27220.9,,,,,
2014-09-11,7.357,7.357,6.889,7.29,22050,160744.5,,,,,
2014-09-12,7.224,7.224,7.157,7.157,3000,21471.0,,,,,
2014-09-15,7.157,7.157,7.157,7.157,0,0.0,,,,,
2014-09-16,6.822,6.822,6.755,6.755,2500,16887.5,,,,,
2014-09-17,6.822,6.822,6.688,6.755,4220,28506.1,,,,,
2014-09-18,6.755,6.755,6.42,6.42,70,449.4,,,,,
2014-09-19,6.822,6.822,6.287,6.688,7340,49089.92,,,,,
2014-09-22,6.688,6.956,6.287,6.621,6470,42837.87,,,,,
2014-09-23,6.688,6.688,6.42,6.42,1100,7062.0,,,,,
2014-09-24,6.42,6.621,6.354,6.621,300,1986.3,,,,,
2014-09-25,6.755,6.755,6.755,6.755,10,67.55,,,,,
2014-09-26,6.755,6.755,6.755,6.755,10,67.55,,,,,
2014-09-29,6.42,6.621,6.42,6.621,2000,13242.0,,,,,
2014-09-30,6.554,6.554,6.354,6.354,4230,26877.42,,,,,
2014-10-01,6.621,6.688,6.354,6.354,9010,57249.54,,,,,
2014-10-02,6.688,6.688,6.42,6.42,8600,55212.0,,,,,
2014-10-03,6.42,6.42,6.354,6.42,6160,39547.2,,,,,
2014-10-06,6.621,6.621,6.354,6.42,7700,49434.0,,,,,
2014-10-07,6.621,6.621,6.354,6.42,11800,75756.0,,,,,
2014-10-08,6.42,6.42,6.354,6.354,6010,38187.54,,,,,
2014-10-09,6.42,6.42,6.354,6.42,5560,35695.2,,,,,
2014-10-10,6.42,6.42,6.354,6.42,6820,43784.4,,,,,
2014-10-13,6.42,6.42,6.287,6.354,7910,50260.14,,,,,
2014-10-14,6.287,6.354,6.287,6.287,2400,15088.8,,,,,
2014-10-15,6.287,6.287,6.22,6.287,3790,23827.73,,,,,
2014-10-16,6.287,6.287,6.22,6.287,1000,6287.0,,,,,
2014-10-17,6.287,6.287,6.22,6.287,5040,31686.48,,,,,
2014-10-20,6.287,6.354,6.22,6.287,2380,14963.06,,,,,
2014-10-21,6.354,6.354,6.354,6.354,680,4320.72,,,,,
2014-10-22,6.354,6.42,6.354,6.354,870,5527.9800000000005,,,,,
2014-10-23,6.354,6.354,6.354,6.354,5660,35963.64,,,,,
2014-10-24,6.42,6.42,6.354,6.354,2040,12962.16,,,,,
2014-10-27,6.354,6.42,6.22,6.42,5040,32356.8,,,,,
2014-10-28,6.287,6.42,6.287,6.287,360,2263.32,,,,,
2014-10-29,6.287,6.354,5.886,6.287,6170,38790.79,,,,,
2014-10-30,6.22,6.354,6.22,6.354,390,2478.06,,,,,
2014-10-31,6.287,6.287,6.22,6.22,2700,16794.0,,,,,
2014-11-03,6.354,6.354,6.354,6.354,10,63.54,,,,,
2014-11-04,6.287,6.287,6.287,6.287,1450,9116.15,,,,,
2014-11-05,6.354,6.354,6.287,6.287,2470,15528.89,,,,,
2014-11-06,6.354,6.354,6.354,6.354,60,381.24,,,,,
2014-11-07,6.354,6.354,6.354,6.354,0,0.0,,,,,
2014-11-10,6.354,6.354,6.354,6.354,0,0.0,,,,,
2014-11-11,6.287,6.287,6.287,6.287,1030,6475.61,,,,,
2014-11-12,6.22,6.22,6.22,6.22,4070,25315.4,,,,,
2014-11-13,6.22,6.22,6.153,6.153,7190,44240.07,,,,,
2014-11-14,6.22,6.42,6.22,6.287,5520,34704.24,,,,,
2014-11-17,6.22,6.354,6.22,6.22,2530,15736.6,,,,,
2014-11-18,6.354,6.354,6.354,6.354,20,127.08,,,,,
2014-11-19,6.354,6.354,6.354,6.354,0,0.0,,,,,
2014-11-20,6.287,6.287,6.22,6.22,30,186.6,,,,,
2014-11-21,6.22,6.287,6.22,6.287,60,377.22,,,,,
2014-11-24,6.22,6.22,6.153,6.153,3120,19197.36,,,,,
2014-11-25,6.153,6.153,6.153,6.153,2010,12367.53,,,,,
2014-11-26,6.02,6.153,6.02,6.153,590,3630.27,,,,,
2014-11-27,6.02,6.153,6.02,6.153,620,3814.86,,,,,
2014-11-28,6.02,6.02,6.02,6.02,1000,6020.0,,,,,
2014-12-01,6.354,6.354,6.02,6.087,1080,6573.96,,,,,
2014-12-02,6.087,6.087,6.087,6.087,1000,6087.0,,,,,
2014-12-03,6.153,6.153,6.153,6.153,20,123.06,,,,,
2014-12-04,6.02,6.153,6.02,6.153,7060,43440.18,,,,,
2014-12-05,6.153,6.153,6.02,6.153,2850,17536.05,,,,,
2014-12-08,6.02,6.153,6.02,6.153,1820,11198.46,,,,,
2014-12-09,6.02,6.02,6.02,6.02,90,541.8,,,,,
2014-12-10,5.752,6.087,5.752,6.087,20,121.74,,,,,
2014-12-11,6.02,6.02,6.02,6.02,1000,6020.0,,,,,
2014-12-12,6.02,6.02,5.886,6.02,5060,30461.2,,,,,
2014-12-15,5.953,6.02,5.886,6.02,5020,30220.4,,,,,
2014-12-16,6.02,6.02,6.02,6.02,0,0.0,,,,,
2014-12-17,5.618,6.02,5.618,5.953,1480,8810.44,,,,,
2014-12-18,5.953,5.953,5.953,5.953,10,59.53,,,,,
2014-12-19,5.953,5.953,5.819,5.819,490,2851.31,,,,,
2014-12-22,5.819,5.953,5.819,5.953,940,5595.820000000001,,,,,
2014-12-23,5.953,5.953,5.886,5.886,360,2118.96,,,,,
2014-12-24,5.886,5.886,5.886,5.886,0,0.0,,,,,
2014-12-25,5.886,5.886,5.886,5.886,0,0.0,,,,,
2014-12-26,5.886,5.886,5.886,5.886,0,0.0,,,,,
2014-12-29,5.685,6.02,5.685,5.886,2770,16304.22,,,,,
2014-12-30,5.618,5.886,5.618,5.886,1010,5944.86,,,,,
2014-12-31,5.618,5.618,5.618,5.618,940,5280.92,,,,,
2015-01-05,5.886,5.953,5.886,5.953,110,654.83,,,,,
2015-01-06,5.618,5.752,5.618,5.618,710,3988.78,,,,,
2015-01-07,5.752,5.752,5.551,5.551,6770,37580.27,,,,,
2015-01-08,5.551,5.551,5.551,5.551,110,610.61,,,,,
2015-01-09,5.551,5.551,5.551,5.551,7670,42576.17,,,,,
2015-01-12,5.551,5.551,5.551,5.551,0,0.0,,,,,
2015-01-13,5.618,5.819,5.418,5.819,520,3025.88,,,,,
2015-01-14,5.886,5.886,5.485,5.485,60,329.1,,,,,
2015-01-15,5.485,5.752,5.485,5.752,3010,17313.52,,,,,
2015-01-16,5.618,5.685,5.618,5.685,510,2899.35,,,,,
2015-01-19,5.819,5.819,5.685,5.752,260,1495.52,,,,,
2015-01-20,5.618,5.685,5.618,5.685,210,1193.85,,,,,
2015-01-21,5.886,5.886,5.886,5.886,3000,17658.0,,,,,
2015-01-22,5.819,5.819,5.551,5.819,410,2385.79,,,,,
2015-01-23,5.819,5.819,5.752,5.752,2250,12942.0,,,,,
2015-01-26,5.752,5.752,5.752,5.752,5500,31636.0,,,,,
2015-01-27,5.685,5.685,5.685,5.685,400,2274.0,,,,,
2015-01-28,5.685,5.685,5.685,5.685,1000,5685.0,,,,,
2015-01-29,5.685,5.685,5.685,5.685,500,2842.5,,,,,
2015-01-30,5.485,5.551,5.351,5.351,1250,6688.75,,,,,
2015-02-02,5.685,5.685,5.685,5.685,10,56.85,,,,,
2015-02-03,5.685,5.685,5.685,5.685,0,0.0,,,,,
2015-02-04,6.02,6.02,5.752,5.752,1010,5809.52,,,,,
2015-02-05,5.752,5.752,5.752,5.752,0,0.0,,,,,
2015-02-06,5.752,5.752,5.752,5.752,0,0.0,,,,,
2015-02-09,6.153,6.153,5.618,5.618,20,112.36,,,,,
2015-02-10,5.418,5.418,5.418,5.418,580,3142.44,,,,,
2015-02-11,5.083,5.685,5.083,5.685,30,170.54999999999998,,,,,
2015-02-12,5.418,5.418,5.351,5.351,2950,15785.45,,,,,
2015-02-13,5.618,5.618,5.618,5.618,60,337.08000000000004,,,,,
2015-02-24,5.618,5.618,5.618,5.618,0,0.0,,,,,
2015-02-25,5.284,5.618,5.284,5.618,90,505.62,,,,,
2015-02-26,5.485,5.618,5.485,5.551,550,3053.05,,,,,
2015-02-27,5.485,5.886,5.485,5.886,70,412.02,,,,,
2015-03-02,5.618,5.685,5.618,5.685,210,1193.85,,,,,
2015-03-03,5.685,5.685,5.685,5.685,10,56.85,,,,,
2015-03-04,5.485,5.685,5.485,5.685,200,1137.0,,,,,
2015-03-05,5.351,5.618,5.351,5.618,5060,28427.08,,,,,
2015-03-06,5.351,5.485,5.284,5.284,16280,86023.52,,,,,
2015-03-09,5.284,5.284,5.15,5.217,20630,107626.71,,,,,
2015-03-10,5.217,5.217,5.016,5.15,8010,41251.5,,,,,
2015-03-11,4.949,5.15,4.882,5.083,11910,60538.53,,,,,
2015-03-12,5.083,5.083,5.016,5.083,250,1270.75,,,,,
2015-03-13,4.815,5.083,4.748,5.083,7630,38783.29,,,,,
2015-03-16,5.083,5.083,4.815,5.083,3510,17841.33,,,,,
2015-03-17,5.016,5.083,4.815,4.815,3060,14733.9,,,,,
2015-03-18,4.548,5.016,4.548,5.016,470,2357.52,,,,,
2015-03-19,5.016,5.016,5.016,5.016,180,902.88,,,,,
2015-03-20,4.748,5.016,4.748,5.016,890,4464.24,,,,,
2015-03-23,4.949,5.016,4.681,4.681,1540,7208.74,,,,,
2015-03-24,4.882,4.882,4.882,4.882,520,2538.64,,,,,
2015-03-25,4.882,5.016,4.681,4.681,2020,9455.62,,,,,
2015-03-26,4.882,4.949,4.748,4.949,2150,10640.35,,,,,
2015-03-27,4.949,4.949,4.949,4.949,500,2474.5,,,,,
2015-03-30,5.15,5.15,4.681,4.681,180,842.58,,,,,
2015-03-31,4.949,4.949,4.748,4.882,260,1269.32,,,,,
2015-04-01,4.748,4.748,4.681,4.681,7060,33047.86,,,,,
2015-04-02,4.681,4.815,4.548,4.815,2150,10352.25,,,,,
2015-04-03,5.15,5.15,4.681,5.016,130,652.08,,,,,
2015-04-06,4.815,4.882,4.815,4.882,140,683.4799999999999,,,,,
2015-04-07,4.748,4.882,4.748,4.882,80,390.56,,,,,
2015-04-08,4.949,4.949,4.949,4.949,10,49.49,,,,,
2015-04-09,4.882,4.882,4.882,4.882,20,97.64,,,,,
2015-04-10,4.882,4.882,4.882,4.882,0,0.0,,,,,
2015-04-13,4.882,4.882,4.882,4.882,0,0.0,,,,,
2015-04-14,4.882,4.882,4.882,4.882,0,0.0,,,,,
2015-04-15,4.748,4.748,4.548,4.548,300,1364.4,,,,,
2015-04-16,4.348,4.748,4.281,4.348,2570,11174.36,,,,,
2015-04-17,4.147,4.615,4.147,4.281,180,770.5799999999999,,,,,
2015-04-20,4.214,4.214,4.08,4.147,22790,94510.13,,,,,
2015-04-21,4.281,4.281,4.214,4.214,2020,8512.28,,,,,
2015-04-22,4.481,4.481,4.214,4.281,11100,47519.1,,,,,
2015-04-23,4.548,4.548,4.214,4.281,1670,7149.27,,,,,
2015-04-24,4.548,4.548,4.281,4.548,4900,22285.2,,,,,
2015-04-27,4.681,4.748,4.615,4.615,2260,10429.9,,,,,
2015-05-04,4.615,4.815,4.548,4.748,4370,20748.76,,,,,
2015-05-05,4.748,4.815,4.681,4.681,32150,150494.15,,,,,
2015-05-06,4.548,4.748,4.548,4.748,5040,23929.92,,,,,
2015-05-07,4.748,4.748,4.615,4.615,8570,39550.55,,,,,
2015-05-08,4.615,4.615,4.615,4.615,100,461.5,,,,,
2015-05-11,4.548,4.681,4.481,4.548,7920,36020.16,,,,,
2015-05-12,4.481,4.748,4.481,4.748,1280,6077.4400000000005,,,,,
2015-05-13,4.548,4.615,4.548,4.615,2050,9460.75,,,,,
2015-05-14,4.681,4.815,4.681,4.815,190,914.85,,,,,
2015-05-15,4.815,4.882,4.615,4.815,3200,15408.000000000002,,,,,
2015-05-18,4.815,4.882,4.681,4.815,6370,30671.550000000003,,,,,
2015-05-19,4.681,4.815,4.681,4.815,20,96.3,,,,,
2015-05-20,4.815,4.815,4.681,4.815,3060,14733.9,,,,,
2015-05-21,4.815,4.815,4.748,4.748,310,1471.88,,,,,
2015-05-22,4.748,4.815,4.681,4.815,5380,25904.7,,,,,
2015-05-25,4.815,4.815,4.815,4.815,0,0.0,,,,,
2015-05-26,4.748,4.815,4.615,4.815,1630,7848.450000000001,,,,,
2015-05-27,4.815,4.815,4.681,4.815,5370,25856.550000000003,,,,,
2015-05-28,4.815,5.083,4.815,5.083,100,508.3,,,,,
2015-05-29,4.748,5.083,4.748,5.083,110,559.13,,,,,
2015-06-01,4.815,5.083,4.748,5.083,1260,6404.58,,,,,
2015-06-02,5.351,5.351,5.351,5.351,100,535.1,,,,,
2015-06-03,5.618,5.618,5.618,5.618,100,561.8000000000001,,,,,
2015-06-04,5.551,5.551,5.284,5.284,1010,5336.84,,,,,
2015-06-05,5.284,5.351,5.284,5.351,50,267.55,,,,,
2015-06-08,5.418,5.418,5.418,5.418,60,325.08,,,,,
2015-06-09,5.418,5.618,5.418,5.618,100,561.8000000000001,,,,,
2015-06-10,5.284,5.618,5.284,5.618,530,2977.54,,,,,
2015-06-11,5.284,5.618,5.284,5.618,1010,5674.18,,,,,
2015-06-12,5.284,5.284,5.284,5.284,3950,20871.8,,,,,
2015-06-15,5.485,5.485,5.485,5.485,10,54.85,,,,,
2015-06-16,5.485,5.485,5.485,5.485,0,0.0,,,,,
2015-06-17,5.485,5.485,5.485,5.485,0,0.0,,,,,
2015-06-18,5.485,5.485,5.485,5.485,0,0.0,,,,,
2015-06-19,5.418,5.418,5.15,5.15,350,1802.5,,,,,
2015-06-22,4.815,5.15,4.815,4.815,1420,6837.3,,,,,
2015-06-23,4.681,4.681,4.481,4.481,4270,19133.87,,,,,
2015-06-24,4.681,4.748,4.681,4.748,1010,4795.4800000000005,,,,,
2015-06-25,4.748,4.748,4.548,4.748,320,1519.36,,,,,
2015-06-26,4.748,4.748,4.748,4.748,0,0.0,,,,,
2015-06-29,4.615,4.615,4.615,4.615,2000,9230.0,,,,,
2015-06-30,4.548,4.548,4.548,4.548,2940,13371.12,,,,,
2015-07-01,4.548,4.548,4.548,4.548,0,0.0,,,,,
2015-07-02,4.548,4.681,4.281,4.681,3380,15821.78,,,,,
2015-07-03,4.681,4.681,4.681,4.681,1000,4681.0,,,,,
2015-07-06,4.748,4.748,4.748,4.748,10,47.48,,,,,
2015-07-07,4.681,4.681,4.615,4.615,3000,13845.0,,,,,
2015-07-08,4.414,4.615,4.414,4.615,2050,9460.75,,,,,
2015-07-09,4.548,4.615,4.548,4.615,1160,5353.400000000001,,,,,
2015-07-10,4.481,4.548,4.414,4.548,2210,10051.08,,,,,
2015-07-13,4.414,4.681,4.348,4.681,3020,14136.62,,,,,
2015-07-14,4.481,4.681,4.481,4.681,140,655.34,,,,,
2015-07-15,4.548,4.548,4.548,4.548,60,272.88,,,,,
2015-07-16,4.548,4.548,4.548,4.548,60,272.88,,,,,
2015-07-17,4.548,4.548,4.548,4.548,0,0.0,,,,,
2015-07-20,4.548,4.548,4.414,4.414,3000,13242.0,,,,,
2015-07-21,4.481,4.481,4.414,4.414,3100,13683.4,,,,,
2015-07-22,4.681,4.681,4.681,4.681,3950,18489.95,,,,,
2015-07-23,4.615,4.615,4.481,4.548,5390,24513.72,,,,,
2015-07-24,4.548,4.548,4.548,4.548,500,2274.0,,,,,
2015-07-27,4.481,4.481,4.481,4.481,1240,5556.44,,,,,
2015-07-28,4.414,4.414,4.414,4.414,3700,16331.8,,,,,
2015-07-29,4.414,4.414,4.414,4.414,220,971.08,,,,,
2015-07-30,4.348,4.481,4.348,4.481,3010,13487.81,,,,,
2015-07-31,4.481,4.481,4.481,4.481,0,0.0,,,,,
2015-08-03,4.481,4.481,4.481,4.481,0,0.0,,,,,
2015-08-04,4.348,4.348,4.348,4.348,1270,5521.96,,,,,
2015-08-05,4.348,4.348,4.348,4.348,0,0.0,,,,,
2015-08-06,4.348,4.348,4.348,4.348,0,0.0,,,,,
2015-08-07,4.548,4.615,4.548,4.615,2510,11583.65,,,,,
2015-08-10,4.615,4.615,4.615,4.615,0,0.0,,,,,
2015-08-11,4.615,4.615,4.615,4.615,20,92.3,,,,,
2015-08-12,4.615,4.615,4.615,4.615,0,0.0,,,,,
2015-08-13,4.615,4.615,4.615,4.615,0,0.0,,,,,
2015-08-14,4.615,4.615,4.615,4.615,0,0.0,,,,,
2015-08-17,4.615,4.681,4.615,4.681,900,4212.9,,,,,
2015-08-18,4.748,4.748,4.748,4.748,50,237.4,,,,,
2015-08-19,4.681,4.681,4.481,4.481,9130,40911.53,,,,,
2015-08-20,4.681,4.681,4.681,4.681,10,46.81,,,,,
2015-08-21,4.681,4.681,4.681,4.681,0,0.0,,,,,
2015-08-24,4.414,4.748,4.414,4.748,20,94.96,,,,,
2015-08-25,4.681,4.681,4.481,4.681,1040,4868.24,,,,,
2015-08-26,4.414,4.748,4.414,4.748,510,2421.48,,,,,
2015-08-27,4.481,4.481,4.481,4.481,2000,8962.0,,,,,
2015-08-28,4.481,4.481,4.481,4.481,0,0.0,,,,,
2015-08-31,4.481,4.615,4.414,4.615,2010,9276.15,,,,,
2015-09-01,4.615,4.615,4.615,4.615,0,0.0,,,,,
2015-09-03,4.348,4.481,4.348,4.348,22300,96960.4,,,,,
2015-09-04,4.348,4.348,4.348,4.348,0,0.0,,,,,
2015-09-07,4.348,4.348,4.348,4.348,1000,4348.0,,,,,
2015-09-08,4.348,4.348,4.348,4.348,0,0.0,,,,,
2015-09-09,4.281,4.548,4.281,4.548,10020,45570.96,,,,,
2015-09-10,4.348,4.348,4.348,4.348,10,43.48,,,,,
2015-09-11,4.615,4.615,4.214,4.214,37500,158025.00000000003,,,,,
2015-09-14,3.946,3.946,3.946,3.946,540,2130.84,,,,,
2015-09-15,4.214,4.214,4.214,4.214,250,1053.5,,,,,
2015-09-16,4.281,4.281,4.281,4.281,910,3895.71,,,,,
2015-09-17,4.281,4.281,4.281,4.281,0,0.0,,,,,
2015-09-18,4.281,4.281,4.281,4.281,0,0.0,,,,,
2015-09-21,4.414,4.414,4.147,4.147,1150,4769.05,,,,,
2015-09-22,4.414,4.414,4.414,4.414,10,44.14,,,,,
2015-09-23,4.414,4.414,4.414,4.414,0,0.0,,,,,
2015-09-24,4.548,4.548,4.548,4.548,10,45.48,,,,,
2015-09-25,4.548,4.548,4.548,4.548,0,0.0,,,,,
2015-09-28,4.548,4.548,4.548,4.548,0,0.0,,,,,
2015-09-29,4.548,4.548,4.548,4.548,0,0.0,,,,,
2015-09-30,4.548,4.548,4.548,4.548,200,909.6,,,,,
2015-10-01,4.548,4.548,4.548,4.548,0,0.0,,,,,
2015-10-02,4.414,4.414,4.414,4.414,10,44.14,,,,,
2015-10-05,4.414,4.414,4.414,4.414,70,308.98,,,,,
2015-10-06,4.414,4.414,4.414,4.414,30,132.42,,,,,
2015-10-07,4.414,4.414,4.414,4.414,200,882.8,,,,,
2015-10-08,4.147,4.548,4.147,4.548,370,1682.76,,,,,
2015-10-09,4.548,4.548,4.548,4.548,0,0.0,,,,,
2015-10-12,4.548,4.548,4.548,4.548,0,0.0,,,,,
2015-10-13,4.548,4.548,4.548,4.548,0,0.0,,,,,
2015-10-14,4.548,4.548,4.548,4.548,0,0.0,,,,,
2015-10-15,4.548,4.548,4.548,4.548,0,0.0,,,,,
2015-10-16,4.548,4.548,4.548,4.548,1420,6458.16,,,,,
2015-10-19,4.681,4.681,4.681,4.681,10,46.81,,,,,
2015-10-20,4.681,4.681,4.681,4.681,0,0.0,,,,,
2015-10-21,4.615,4.681,4.615,4.681,730,3417.13,,,,,
2015-10-22,4.681,4.681,4.681,4.681,0,0.0,,,,,
2015-10-23,4.815,4.815,4.815,4.815,500,2407.5,,,,,
2015-10-26,4.815,4.815,4.815,4.815,0,0.0,,,,,
2015-10-27,4.481,4.681,4.481,4.681,90,421.29,,,,,
2015-10-28,4.414,4.414,4.414,4.414,260,1147.64,,,,,
2015-10-29,4.615,4.681,4.615,4.681,510,2387.31,,,,,
2015-10-30,4.548,4.548,4.548,4.548,150,682.2,,,,,
2015-11-02,4.681,4.681,4.681,4.681,10,46.81,,,,,
2015-11-03,4.748,4.748,4.748,4.748,10,47.48,,,,,
2015-11-04,4.748,4.748,4.748,4.748,10,47.48,,,,,
2015-11-05,4.748,4.748,4.748,4.748,0,0.0,,,,,
2015-11-06,4.748,4.748,4.748,4.748,0,0.0,,,,,
2015-11-09,5.016,5.016,5.016,5.016,10,50.16,,,,,
2015-11-10,4.681,4.681,4.681,4.681,30,140.43,,,,,
2015-11-11,4.414,4.681,4.414,4.681,530,2480.93,,,,,
2015-11-12,4.681,4.681,4.681,4.681,0,0.0,,,,,
2015-11-13,4.414,4.615,4.414,4.615,40,184.6,,,,,
2015-11-16,4.681,4.681,4.548,4.615,80,369.2000000000001,,,,,
2015-11-17,4.882,4.882,4.615,4.615,50,230.75,,,,,
2015-11-18,4.615,4.615,4.615,4.615,10,46.150000000000006,,,,,
2015-11-19,4.815,4.815,4.815,4.815,10,48.150000000000006,,,,,
2015-11-20,4.815,4.815,4.815,4.815,0,0.0,,,,,
2015-11-23,4.748,4.748,4.481,4.481,20,89.62,,,,,
2015-11-24,4.615,4.615,4.615,4.615,10,46.150000000000006,,,,,
2015-11-25,4.615,4.615,4.615,4.615,10,46.150000000000006,,,,,
2015-11-26,4.481,4.548,4.414,4.548,3050,13871.4,,,,,
2015-11-27,4.681,4.681,4.681,4.681,10,46.81,,,,,
2015-11-30,4.414,4.681,4.414,4.681,20,93.62,,,,,
2015-12-01,4.681,4.681,4.681,4.681,20,93.62,,,,,
2015-12-02,4.414,4.615,4.414,4.414,360,1589.04,,,,,
2015-12-03,4.414,4.414,4.414,4.414,0,0.0,,,,,
2015-12-04,4.414,4.414,4.414,4.414,0,0.0,,,,,
2015-12-07,4.548,4.615,4.548,4.615,20,92.3,,,,,
2015-12-08,4.348,4.615,4.348,4.615,860,3968.9,,,,,
2015-12-09,4.414,4.414,4.414,4.414,5000,22070.0,,,,,
2015-12-10,4.214,4.615,4.214,4.615,3920,18090.8,,,,,
2015-12-11,4.615,4.615,4.615,4.615,0,0.0,,,,,
2015-12-14,4.615,4.615,4.615,4.615,0,0.0,,,,,
2015-12-15,4.414,4.481,4.414,4.481,3380,15145.78,,,,,
2015-12-16,4.481,4.481,4.481,4.481,0,0.0,,,,,
2015-12-17,4.348,4.548,4.348,4.548,310,1409.88,,,,,
2015-12-18,4.548,4.548,4.548,4.548,0,0.0,,,,,
2015-12-21,4.348,4.548,4.348,4.548,5380,24468.24,,,,,
2015-12-22,4.348,4.548,4.348,4.548,2520,11460.96,,,,,
2015-12-23,4.548,4.548,4.548,4.548,0,0.0,,,,,
2015-12-24,4.681,4.681,4.681,4.681,300,1404.3,,,,,
2015-12-25,4.414,4.615,4.414,4.548,1330,6048.84,,,,,
2015-12-28,4.548,4.548,4.548,4.548,0,0.0,,,,,
2015-12-29,4.414,4.414,4.414,4.414,200,882.8,,,,,
2015-12-30,4.481,4.548,4.348,4.548,2610,11870.28,,,,,
2015-12-31,4.681,4.681,4.615,4.615,3700,17075.5,,,,,
2016-01-04,4.615,4.615,4.615,4.615,0,0.0,,,,,
2016-01-05,4.414,4.481,4.348,4.348,7920,34436.16,,,,,
2016-01-06,4.348,4.481,4.281,4.481,260,1165.06,,,,,
2016-01-07,4.681,4.681,4.214,4.548,370,1682.76,,,,,
2016-01-08,4.348,4.414,4.281,4.281,3550,15197.55,,,,,
2016-01-11,4.013,4.481,4.013,4.481,50,224.05,,,,,
2016-01-12,4.414,4.548,4.214,4.548,340,1546.32,,,,,
2016-01-13,4.548,4.548,4.281,4.548,220,1000.56,,,,,
2016-01-14,4.281,4.281,4.281,4.281,80,342.48,,,,,
2016-01-15,4.281,4.281,4.281,4.281,0,0.0,,,,,
2016-01-18,4.013,4.348,4.013,4.013,610,2447.93,,,,,
2016-01-19,4.281,4.281,3.746,4.281,1760,7534.559999999999,,,,,
2016-01-20,4.013,4.214,4.013,4.214,20,84.28,,,,,
2016-01-21,4.214,4.348,4.013,4.348,240,1043.52,,,,,
2016-01-22,4.08,4.481,4.08,4.08,1050,4284.0,,,,,
2016-01-25,3.813,4.281,3.813,4.147,590,2446.73,,,,,
2016-01-26,4.147,4.414,4.147,4.414,1380,6091.32,,,,,
2016-01-27,4.281,4.281,4.147,4.147,80,331.76,,,,,
2016-01-28,4.147,4.414,4.013,4.348,3000,13044.0,,,,,
2016-01-29,4.08,4.08,4.08,4.08,10,40.8,,,,,
2016-02-01,4.214,4.348,4.214,4.348,130,565.24,,,,,
2016-02-02,4.548,4.548,4.481,4.481,30,134.43,,,,,
2016-02-03,4.481,4.481,4.481,4.481,0,0.0,,,,,
2016-02-04,4.414,4.481,4.414,4.481,130,582.53,,,,,
2016-02-05,4.481,4.481,4.481,4.481,0,0.0,,,,,
2016-02-15,4.214,4.414,4.214,4.414,70,308.98,,,,,
2016-02-16,4.481,4.481,4.147,4.414,510,2251.14,,,,,
2016-02-17,4.414,4.414,4.414,4.414,500,2207.0,,,,,
2016-02-18,4.681,4.681,4.147,4.414,1670,7371.379999999999,,,,,
2016-02-19,4.681,4.681,4.414,4.414,530,2339.42,,,,,
2016-02-22,4.481,4.481,4.214,4.214,50,210.7,,,,,
2016-02-23,4.481,4.481,4.281,4.348,1130,4913.24,,,,,
2016-02-24,4.481,4.481,4.481,4.481,10,44.81,,,,,
2016-02-25,4.214,4.214,4.214,4.214,320,1348.48,,,,,
2016-02-26,4.214,4.214,4.214,4.214,0,0.0,,,,,
2016-02-29,4.414,4.414,4.147,4.281,30,128.42999999999998,,,,,
2016-03-01,4.348,4.348,4.348,4.348,20,86.96,,,,,
2016-03-02,4.214,4.481,4.214,4.481,40,179.24,,,,,
2016-03-03,4.481,4.481,4.481,4.481,0,0.0,,,,,
2016-03-04,4.214,4.348,4.214,4.348,2880,12522.24,,,,,
2016-03-07,4.08,4.348,4.08,4.348,2130,9261.24,,,,,
2016-03-08,4.348,4.481,4.348,4.481,5670,25407.27,,,,,
2016-03-09,4.481,4.481,4.348,4.348,3000,13044.0,,,,,
2016-03-10,4.481,4.481,4.414,4.481,520,2330.12,,,,,
2016-03-11,4.348,4.348,4.348,4.348,10,43.48,,,,,
2016-03-14,4.481,4.615,4.414,4.615,13580,62671.7,,,,,
2016-03-15,4.815,4.882,4.815,4.882,16490,80504.18,,,,,
2016-03-16,5.217,5.217,5.217,5.217,5250,27389.25,,,,,
2016-03-17,5.551,5.551,5.551,5.551,24490,135943.99,,,,,
2016-03-18,5.551,5.551,5.351,5.551,8800,48848.8,,,,,
2016-03-21,5.485,5.485,5.485,5.485,5900,32361.500000000004,,,,,
2016-03-22,5.351,5.551,5.217,5.217,6960,36310.32,,,,,
2016-03-23,5.284,5.551,5.15,5.551,16500,91591.5,,,,,
2016-03-24,5.618,5.886,5.618,5.685,1500,8527.5,,,,,
2016-03-25,5.685,5.752,5.618,5.618,2150,12078.7,,,,,
2016-03-28,5.618,5.886,5.418,5.886,29180,171753.48,,,,,
2016-03-29,5.953,6.287,5.886,6.287,27730,174338.51,,,,,
2016-03-30,6.554,6.688,6.554,6.688,2780,18592.64,,,,,
2016-03-31,7.157,7.157,6.822,6.822,33950,231606.9,,,,,
2016-04-01,6.822,6.956,6.688,6.688,3830,25615.04,,,,,
2016-04-04,6.688,6.956,6.287,6.287,4180,26279.66,,,,,
2016-04-05,5.886,6.287,5.886,6.287,4350,27348.45,,,,,
2016-04-06,6.688,6.688,6.621,6.688,130,869.4399999999999,,,,,
2016-04-07,6.287,6.688,6.287,6.554,2440,15991.76,,,,,
2016-04-08,6.354,6.354,6.354,6.354,870,5527.9800000000005,,,,,
2016-04-11,6.755,6.755,6.42,6.755,31260,211161.3,,,,,
2016-04-12,7.157,7.157,6.688,6.956,5470,38049.32,,,,,
2016-04-13,6.889,6.956,6.889,6.956,1010,7025.56,,,,,
2016-04-14,6.956,6.956,6.956,6.956,5030,34988.68,,,,,
2016-04-15,6.889,6.889,6.688,6.688,4140,27688.32,,,,,
2016-04-19,6.822,6.822,6.487,6.487,2110,13687.57,,,,,
2016-04-20,6.889,6.889,6.087,6.087,21390,130200.93,,,,,
2016-04-21,6.487,6.487,6.02,6.487,5550,36002.85,,,,,
2016-04-22,6.822,6.822,6.688,6.755,1630,11010.65,,,,,
2016-04-25,7.157,7.224,6.755,7.224,28070,202777.68,,,,,
2016-04-26,7.023,7.157,7.023,7.157,2980,21327.86,,,,,
2016-04-27,6.822,6.822,6.822,6.822,10,68.22,,,,,
2016-04-28,6.688,6.956,6.487,6.956,240,1669.44,,,,,
2016-04-29,6.554,6.956,6.554,6.956,4590,31928.04,,,,,
2016-05-04,7.357,7.357,6.755,6.889,9170,63172.130000000005,,,,,
2016-05-05,6.621,6.688,6.621,6.688,320,2140.16,,,,,
2016-05-06,6.956,6.956,6.688,6.889,2020,13915.78,,,,,
2016-05-09,6.822,6.889,6.688,6.688,5650,37787.2,,,,,
2016-05-10,6.889,6.889,6.554,6.688,370,2474.56,,,,,
2016-05-11,6.688,6.688,6.487,6.487,4820,31267.34,,,,,
2016-05-12,6.688,6.688,6.354,6.487,7990,51831.13,,,,,
2016-05-13,6.487,6.487,6.087,6.487,4770,30942.99,,,,,
2016-05-16,6.354,6.487,6.354,6.487,1910,12390.17,,,,,
2016-05-17,6.22,6.889,6.153,6.287,18190,114360.53,,,,,
2016-05-18,6.153,6.487,6.153,6.487,1060,6876.22,,,,,
2016-05-19,6.755,6.755,6.354,6.354,4110,26114.94,,,,,
2016-05-20,6.287,6.287,6.02,6.153,5460,33595.38,,,,,
2016-05-23,6.02,6.153,5.953,6.02,4870,29317.4,,,,,
2016-05-24,5.886,6.153,5.886,6.02,13080,78741.59999999999,,,,,
2016-05-25,6.153,6.153,6.02,6.02,60,361.2,,,,,
2016-05-26,5.819,6.087,5.618,6.087,7230,44009.01,,,,,
2016-05-27,6.42,6.42,6.42,6.42,10,64.2,,,,,
2016-05-30,6.354,6.354,6.287,6.287,1180,7418.66,,,,,
2016-05-31,6.087,6.22,6.087,6.22,5730,35640.6,,,,,
2016-06-01,6.02,6.287,5.953,6.22,4570,28425.4,,,,,
2016-06-02,6.22,6.22,6.22,6.22,500,3110.0,,,,,
2016-06-03,6.287,6.287,6.02,6.153,1750,10767.75,,,,,
2016-06-06,6.153,6.153,6.153,6.153,15570,95802.21,,,,,
2016-06-07,6.02,6.22,6.02,6.22,510,3172.2,,,,,
2016-06-08,6.153,6.22,6.153,6.22,3290,20463.8,,,,,
2016-06-09,6.153,6.153,6.153,6.153,1210,7445.129999999999,,,,,
2016-06-10,6.153,6.153,6.02,6.087,7710,46930.77,,,,,
2016-06-13,6.354,6.354,6.087,6.22,870,5411.4,,,,,
2016-06-14,6.22,6.287,6.22,6.22,4600,28612.0,,,,,
2016-06-15,6.287,6.354,6.153,6.153,3180,19566.54,,,,,
2016-06-16,6.153,6.287,6.153,6.287,9270,58280.49,,,,,
2016-06-17,6.287,6.354,6.22,6.354,2480,15757.92,,,,,
2016-06-20,6.354,6.354,6.354,6.354,1060,6735.24,,,,,
2016-06-21,6.287,6.354,6.22,6.287,4180,26279.66,,,,,
2016-06-22,6.22,6.354,6.22,6.354,800,5083.2,,,,,
2016-06-23,6.354,6.354,6.287,6.287,3210,20181.27,,,,,
2016-06-24,6.287,6.287,6.287,6.287,20,125.74,,,,,
2016-06-27,6.287,6.287,6.287,6.287,0,0.0,,,,,
2016-06-28,6.287,6.287,6.287,6.287,0,0.0,,,,,
2016-06-29,6.02,6.287,6.02,6.287,250,1571.75,,,,,
2016-06-30,6.22,6.22,6.22,6.22,200,1244.0,,,,,
2016-07-01,6.087,6.087,5.953,5.953,3480,20716.44,,,,,
2016-07-04,5.953,5.953,5.886,5.953,1460,8691.380000000001,,,,,
2016-07-05,5.953,6.02,5.551,6.02,15060,90661.2,,,,,
2016-07-06,5.752,6.02,5.752,5.819,100,581.9,,,,,
2016-07-07,5.953,5.953,5.819,5.953,2270,13513.31,,,,,
2016-07-08,5.752,6.02,5.752,5.819,7090,41256.71,,,,,
2016-07-11,5.886,5.953,5.819,5.953,3560,21192.68,,,,,
2016-07-12,5.953,5.953,5.953,5.953,0,0.0,,,,,
2016-07-13,5.886,5.953,5.752,5.953,1160,6905.4800000000005,,,,,
2016-07-14,5.685,5.953,5.551,5.551,360,1998.36,,,,,
2016-07-15,5.886,5.886,5.618,5.618,210,1179.78,,,,,
2016-07-18,5.752,5.953,5.752,5.953,5980,35598.94,,,,,
2016-07-19,6.287,6.354,6.22,6.287,19920,125237.04,,,,,
2016-07-20,6.354,6.688,6.287,6.688,4890,32704.32,,,,,
2016-07-21,6.554,6.554,6.287,6.487,3070,19915.09,,,,,
2016-07-22,6.42,6.42,6.153,6.153,1100,6768.299999999999,,,,,
2016-07-25,6.554,6.554,6.554,6.554,100,655.4,,,,,
2016-07-26,6.287,6.554,6.287,6.554,30,196.62,,,,,
2016-07-27,6.153,6.153,6.153,6.153,280,1722.84,,,,,
2016-07-28,6.22,6.22,6.22,6.22,10,62.2,,,,,
2016-07-29,6.487,6.487,6.22,6.22,30,186.6,,,,,
2016-08-01,6.42,6.42,6.42,6.42,10,64.2,,,,,
2016-08-02,6.554,6.554,6.554,6.554,370,2424.98,,,,,
2016-08-03,6.354,6.354,6.354,6.354,100,635.4,,,,,
2016-08-04,6.354,6.354,6.354,6.354,0,0.0,,,,,
2016-08-05,6.354,6.354,6.354,6.354,0,0.0,,,,,
2016-08-08,6.354,6.354,6.354,6.354,0,0.0,,,,,
2016-08-09,6.02,6.354,6.02,6.354,480,3049.92,,,,,
2016-08-10,6.354,6.354,6.354,6.354,0,0.0,,,,,
2016-08-11,6.02,6.287,6.02,6.287,1610,10122.07,,,,,
2016-08-12,6.02,6.287,5.886,6.287,2680,16849.16,,,,,
2016-08-15,6.287,6.287,6.287,6.287,0,0.0,,,,,
2016-08-16,6.287,6.287,5.886,5.886,11050,65040.3,,,,,
2016-08-17,5.886,5.886,5.886,5.886,0,0.0,,,,,
2016-08-18,5.819,5.886,5.819,5.886,120,706.32,,,,,
2016-08-19,5.953,5.953,5.953,5.953,10,59.53,,,,,
2016-08-22,5.752,5.752,5.752,5.752,450,2588.4,,,,,
2016-08-23,5.485,5.953,5.351,5.886,1130,6651.18,,,,,
2016-08-24,5.886,5.886,5.886,5.886,0,0.0,,,,,
2016-08-25,5.886,5.953,5.886,5.953,920,5476.76,,,,,
2016-08-26,5.886,5.886,5.551,5.819,1170,6808.23,,,,,
2016-08-29,5.819,5.819,5.551,5.819,420,2443.98,,,,,
2016-08-30,5.819,5.819,5.819,5.819,0,0.0,,,,,
2016-08-31,5.752,5.819,5.752,5.819,4000,23276.0,,,,,
2016-09-01,5.752,5.819,5.752,5.819,410,2385.79,,,,,
2016-09-05,5.819,5.819,5.819,5.819,0,0.0,,,,,
2016-09-06,5.418,5.752,5.418,5.685,110,625.3499999999999,,,,,
2016-09-07,5.485,5.685,5.485,5.685,610,3467.85,,,,,
2016-09-08,5.551,5.685,5.551,5.685,30,170.54999999999998,,,,,
2016-09-09,5.685,5.685,5.685,5.685,230,1307.55,,,,,
2016-09-12,5.886,5.886,5.886,5.886,10,58.86,,,,,
2016-09-13,5.819,5.886,5.819,5.886,210,1236.06,,,,,
2016-09-14,5.485,5.551,5.485,5.485,820,4497.7,,,,,
2016-09-15,5.819,5.819,5.819,5.819,1010,5877.19,,,,,
2016-09-16,5.886,5.886,5.886,5.886,10,58.86,,,,,
2016-09-19,5.886,5.886,5.886,5.886,10,58.86,,,,,
2016-09-20,5.886,5.886,5.886,5.886,0,0.0,,,,,
2016-09-21,5.886,5.886,5.886,5.886,0,0.0,,,,,
2016-09-22,5.819,5.886,5.819,5.886,2380,14008.68,,,,,
2016-09-23,5.478,5.886,5.478,5.886,210,1236.06,,,,,
2016-09-26,5.491,5.886,5.485,5.886,1780,10477.08,,,,,
2016-09-27,5.491,5.886,5.485,5.886,490,2884.14,,,,,
2016-09-28,5.886,5.886,5.886,5.886,0,0.0,,,,,
2016-09-29,5.886,5.886,5.886,5.886,0,0.0,,,,,
2016-09-30,5.886,5.886,5.886,5.886,0,0.0,,,,,
2016-10-03,5.485,5.853,5.485,5.853,2600,15217.8,,,,,
2016-10-04,5.458,5.672,5.458,5.672,1350,7657.2,,,,,
2016-10-05,5.672,5.672,5.672,5.672,0,0.0,,,,,
2016-10-06,5.672,5.672,5.672,5.672,0,0.0,,,,,
2016-10-07,5.277,5.953,5.277,5.344,300,1603.2,,,,,
2016-10-10,5.618,5.618,5.016,5.618,8630,48483.34,,,,,
2016-10-11,5.618,5.618,5.618,5.618,0,0.0,,,,,
2016-10-12,5.351,5.886,5.29,5.29,300,1587.0,,,,,
2016-10-13,5.652,5.652,5.016,5.016,110,551.76,,,,,
2016-10-14,5.364,5.364,5.364,5.364,1670,8957.88,,,,,
2016-10-17,5.739,5.739,5.384,5.384,20,107.68,,,,,
2016-10-18,5.685,5.759,5.685,5.759,1130,6507.67,,,,,
2016-10-19,6.16,6.16,6.146,6.153,9090,55930.77,,,,,
2016-10-20,6.02,6.02,6.02,6.02,6030,36300.6,,,,,
2016-10-21,6.441,6.441,6.287,6.354,2620,16647.48,,,,,
2016-10-24,5.953,6.608,5.953,6.608,90,594.7199999999999,,,,,
2016-10-25,6.481,6.487,6.481,6.487,1000,6487.0,,,,,
2016-10-26,6.454,6.487,6.454,6.487,3000,19461.0,,,,,
2016-10-27,6.621,6.621,6.621,6.621,1920,12712.320000000002,,,,,
2016-10-28,6.554,6.561,6.16,6.16,1400,8624.0,,,,,
2016-10-31,5.732,6.153,5.732,6.153,5730,35256.689999999995,,,,,
2016-11-01,6.02,6.287,6.02,6.287,20,125.74,,,,,
2016-11-02,6.02,6.28,6.02,6.28,1090,6845.2,,,,,
2016-11-03,5.953,5.953,5.953,5.953,920,5476.76,,,,,
2016-11-04,5.886,5.886,5.886,5.886,11200,65923.2,,,,,
2016-11-07,5.886,6.02,5.886,5.886,3210,18894.06,,,,,
2016-11-08,6.253,6.253,6.02,6.02,1130,6802.599999999999,,,,,
2016-11-09,6.354,6.354,5.886,6.153,2750,16920.75,,,,,
2016-11-10,6.574,6.574,6.574,6.574,2000,13148.0,,,,,
2016-11-11,6.427,6.574,6.153,6.574,4590,30174.66,,,,,
2016-11-14,6.153,6.487,6.12,6.487,4060,26337.22,,,,,
2016-11-15,6.487,6.487,6.487,6.487,0,0.0,,,,,
2016-11-16,6.487,6.487,6.087,6.087,1150,7000.049999999999,,,,,
2016-11-17,5.953,6.087,5.953,6.087,1010,6147.87,,,,,
2016-11-18,6.087,6.087,5.886,6.02,2760,16615.199999999997,,,,,
2016-11-21,6.02,6.02,5.759,5.759,1410,8120.19,,,,,
2016-11-22,5.759,6.02,5.551,5.953,1350,8036.55,,,,,
2016-11-23,5.986,5.986,5.819,5.819,50,290.95,,,,,
2016-11-24,5.886,6.02,5.886,6.02,20,120.4,,,,,
2016-11-25,5.953,6.02,5.618,5.886,11920,70161.12,,,,,
2016-11-28,5.485,5.986,5.478,5.986,13010,77877.86,,,,,
2016-11-29,5.685,5.886,5.572,5.886,13040,76753.44,,,,,
2016-11-30,5.92,5.92,5.92,5.92,10,59.2,,,,,
2016-12-01,5.685,5.946,5.511,5.525,8070,44586.75,,,,,
2016-12-02,5.886,5.886,5.685,5.886,5020,29547.72,,,,,
2016-12-05,5.886,5.886,5.886,5.886,0,0.0,,,,,
2016-12-06,5.685,5.886,5.485,5.886,6010,35374.86,,,,,
2016-12-07,5.485,5.853,5.485,5.485,910,4991.35,,,,,
2016-12-08,5.866,5.866,5.351,5.799,610,3537.3900000000003,,,,,
2016-12-09,5.418,5.799,5.418,5.746,40,229.84000000000003,,,,,
2016-12-12,5.746,5.746,5.746,5.746,0,0.0,,,,,
2016-12-13,5.746,5.746,5.746,5.746,0,0.0,,,,,
2016-12-14,5.746,5.746,5.746,5.746,0,0.0,,,,,
2016-12-15,5.746,5.746,5.746,5.746,0,0.0,,,,,
2016-12-16,5.746,5.746,5.746,5.746,0,0.0,,,,,
2016-12-19,5.351,5.953,5.351,5.953,5390,32086.67,,,,,
2016-12-20,5.752,5.752,5.545,5.685,320,1819.2,,,,,
2016-12-21,5.351,5.679,5.351,5.679,220,1249.38,,,,,
2016-12-22,5.886,5.886,5.886,5.886,10,58.86,,,,,
2016-12-23,5.886,5.886,5.886,5.886,0,0.0,,,,,
2016-12-26,5.685,5.886,5.685,5.886,710,4179.06,,,,,
2016-12-27,5.886,5.886,5.886,5.886,0,0.0,,,,,
2016-12-28,5.491,5.886,5.491,5.491,1100,6040.099999999999,,,,,
2016-12-29,5.491,5.819,5.491,5.819,50,290.95,,,,,
2016-12-30,5.418,5.418,5.418,5.418,30,162.54,,,,,
2017-01-03,5.083,5.679,5.083,5.672,110,623.92,,,,,
2017-01-04,5.284,5.672,5.284,5.672,120,680.64,,,,,
2017-01-05,5.418,5.672,5.384,5.431,270,1466.37,,,,,
2017-01-06,5.15,5.485,5.15,5.485,310,1700.35,,,,,
2017-01-09,5.485,5.485,5.485,5.485,0,0.0,,,,,
2017-01-10,5.485,5.485,5.485,5.485,0,0.0,,,,,
2017-01-11,5.485,5.752,5.485,5.752,270,1553.04,,,,,
2017-01-12,5.752,5.752,5.752,5.752,0,0.0,,,,,
2017-01-13,5.752,5.752,5.752,5.752,0,0.0,,,,,
2017-01-16,5.752,5.752,5.752,5.752,0,0.0,,,,,
2017-01-17,5.351,5.752,5.351,5.752,40,230.08,,,,,
2017-01-18,5.752,5.752,5.752,5.752,0,0.0,,,,,
2017-01-19,5.786,5.786,5.351,5.685,2720,15463.2,,,,,
2017-01-20,5.351,5.351,5.351,5.351,2190,11718.69,,,,,
2017-01-23,5.725,5.725,5.725,5.725,10,57.25,,,,,
2017-01-24,5.725,5.725,5.685,5.685,320,1819.2,,,,,
2017-01-25,5.351,5.652,5.351,5.652,3010,17012.52,,,,,
2017-02-02,5.652,5.652,5.257,5.645,5540,31273.3,,,,,
2017-02-03,5.679,5.679,5.672,5.672,510,2892.72,,,,,
2017-02-06,5.819,6.067,5.819,6.067,17120,103867.04,,,,,
2017-02-07,6.481,6.487,5.752,6.487,19480,126366.76,,,,,
2017-02-08,6.922,6.922,6.889,6.922,40630,281240.86,,,,,
2017-02-09,7.391,7.391,7.357,7.391,70730,522765.43,,,,,
2017-02-10,7.892,7.892,7.892,7.892,86470,682421.24,,,,,
2017-02-13,8.427,8.427,8.427,8.427,34300,289046.1,,,,,
2017-02-14,8.996,8.996,8.996,8.996,42230,379901.08,,,,,
2017-02-15,9.598,9.598,9.598,9.598,32800,314814.4,,,,,
2017-02-16,10.266,10.266,10.266,10.266,19190,197004.54,,,,,
2017-02-17,10.969,10.969,9.565,10.969,268970,2950331.93,,,,,
2017-02-20,11.704,11.704,11.704,11.704,47100,551258.4,,,,,
2017-02-21,12.507,12.507,12.507,12.507,54800,685383.6,,,,,
2017-02-22,13.376,13.376,12.373,12.708,205240,2608189.92,,,,,
2017-02-23,13.043,13.043,11.838,11.838,50360,596161.6799999999,,,,,
2017-02-24,11.237,11.37,11.036,11.036,90930,1003503.48,,,,,
2017-02-27,10.3,10.367,10.266,10.266,22460,230574.36,,,,,
2017-02-28,9.565,10.032,9.565,9.965,115100,1146971.5,,,,,
2017-03-01,9.498,9.965,9.297,9.297,34080,316841.76,,,,,
2017-03-02,9.698,9.932,9.297,9.831,11310,111188.61,,,,,
2017-03-03,9.565,9.631,9.197,9.297,34390,319723.83,,,,,
2017-03-06,9.297,9.297,9.029,9.163,18950,173638.85,,,,,
2017-03-07,9.163,9.698,9.163,9.23,19920,183861.6,,,,,
2017-03-08,9.364,9.498,9.23,9.331,11650,108706.15,,,,,
2017-03-09,9.331,9.431,9.23,9.264,24380,225856.32,,,,,
2017-03-10,9.364,9.631,9.264,9.431,11110,104778.41,,,,,
2017-03-13,9.698,9.698,9.364,9.498,32850,312009.3,,,,,
2017-03-14,9.698,10.133,9.096,9.698,4360,42283.28,,,,,
2017-03-15,9.431,9.498,9.163,9.364,4300,40265.2,,,,,
2017-03-16,9.498,9.498,9.23,9.364,6090,57026.76,,,,,
2017-03-17,9.163,9.364,9.163,9.364,1400,13109.6,,,,,
2017-03-20,9.163,9.364,9.029,9.297,26590,247207.23,,,,,
2017-03-21,9.029,9.297,8.661,8.695,41400,359973.0,,,,,
2017-03-22,8.427,9.297,8.427,9.23,33110,305605.3,,,,,
2017-03-23,9.029,9.364,9.029,9.029,18690,168752.01,,,,,
2017-03-24,9.264,9.264,8.896,9.029,1910,17245.39,,,,,
2017-03-27,9.23,9.264,9.029,9.163,3810,34911.03,,,,,
2017-03-28,9.23,9.297,9.096,9.163,5820,53328.66,,,,,
2017-03-29,9.163,9.163,8.896,9.163,2170,19883.71,,,,,
2017-03-30,9.029,9.13,8.896,9.13,4130,37706.9,,,,,
2017-03-31,9.163,9.297,9.096,9.096,3350,30471.6,,,,,
2017-04-03,8.962,9.264,8.962,9.163,7670,70280.21,,,,,
2017-04-04,9.23,9.23,8.962,9.23,16570,152941.1,,,,,
2017-04-05,9.364,9.865,9.364,9.865,36430,359381.95,,,,,
2017-04-07,10.534,10.534,10.534,10.534,72780,766664.52,,,,,
2017-04-10,11.27,11.27,11.27,11.27,16040,180770.8,,,,,
2017-04-11,12.039,12.039,10.501,10.534,171480,1806370.32,,,,,
2017-04-12,10.534,10.969,9.898,9.898,53170,526276.66,,,,,
2017-04-13,10.568,10.568,10.568,10.568,2200,23249.6,,,,,
2017-04-14,11.304,11.304,10.501,11.27,77740,876129.7999999999,,,,,
2017-04-17,11.203,11.304,10.501,10.501,41270,433376.27,,,,,
2017-04-18,10.434,10.634,10.032,10.501,9620,101019.62,,,,,
2017-04-19,10.568,11.036,10.568,10.902,16550,180428.1,,,,,
2017-04-20,10.969,10.969,10.434,10.501,6830,71721.83,,,,,
2017-04-21,10.568,10.634,10.434,10.501,8400,88208.4,,,,,
2017-04-24,11.203,11.203,10.835,10.969,45130,495030.97,,,,,
2017-04-25,11.036,11.17,10.902,11.136,35420,394437.12,,,,,
2017-04-26,11.136,11.17,10.634,11.17,39550,441773.5,,,,,
2017-04-27,11.938,11.938,11.37,11.938,99150,1183652.7,,,,,
2017-04-28,12.742,12.742,12.742,12.742,180300,2297382.6,,,,,
2017-05-03,13.376,13.376,12.106,12.173,92480,1125759.04,,,,,
2017-05-04,12.173,12.574,12.039,12.574,18000,226332.0,,,,,
2017-05-05,12.173,12.373,11.838,12.039,44290,533207.3099999999,,,,,
2017-05-08,12.039,12.039,11.203,11.203,122200,1369006.6,,,,,
2017-05-09,10.902,11.203,10.701,10.969,44750,490862.75,,,,,
2017-05-10,11.37,11.704,11.304,11.503,45130,519130.39,,,,,
2017-05-11,11.671,11.671,11.17,11.237,24500,275306.5,,,,,
2017-05-12,11.17,11.37,10.969,11.37,60710,690272.7,,,,,
2017-05-15,11.37,11.637,11.17,11.37,20770,236154.9,,,,,
2017-05-16,11.37,11.37,10.802,10.802,25100,271130.2,,,,,
2017-05-17,10.501,10.969,10.501,10.701,22900,245052.9,,,,,
2017-05-18,10.969,11.003,10.701,10.969,5670,62194.23,,,,,
2017-05-19,10.902,10.969,10.768,10.969,15270,167496.63,,,,,
2017-05-22,10.835,11.036,10.701,10.701,14520,155378.52000000002,,,,,
2017-05-23,10.936,10.936,9.965,10.434,3640,37979.76,,,,,
2017-05-24,10.568,10.568,10.032,10.333,21750,224742.75,,,,,
2017-05-25,10.333,10.367,10.032,10.3,45050,464015.00000000006,,,,,
2017-05-26,10.3,11.003,10.266,11.003,30130,331520.39,,,,,
2017-05-29,11.304,11.304,11.003,11.003,48750,536396.25,,,,,
2017-05-30,10.969,11.069,10.701,10.701,44250,473519.25,,,,,
2017-05-31,10.835,11.036,10.701,10.902,10280,112072.56,,,,,
2017-06-01,10.835,10.902,10.701,10.701,4050,43339.05,,,,,
2017-06-02,10.835,10.835,10.568,10.701,22860,244624.86,,,,,
2017-06-05,10.701,10.701,10.501,10.568,6670,70488.56,,,,,
2017-06-06,10.568,10.668,10.534,10.634,7830,83264.22,,,,,
2017-06-07,10.835,10.835,10.434,10.634,15560,165465.04,,,,,
2017-06-08,10.768,10.768,10.434,10.634,10280,109317.52,,,,,
2017-06-09,10.434,10.634,10.3,10.434,26400,275457.6,,,,,
2017-06-12,10.434,10.434,10.233,10.4,11460,119184.0,,,,,
2017-06-13,10.333,10.568,10.333,10.333,10310,106533.23,,,,,
2017-06-14,10.367,10.501,10.367,10.367,7280,75471.76000000001,,,,,
2017-06-15,10.434,10.835,10.434,10.768,15720,169272.96000000002,,,,,
2017-06-16,10.634,10.634,10.634,10.634,2290,24351.86,,,,,
2017-06-19,10.634,10.634,10.501,10.601,5670,60107.670000000006,,,,,
2017-06-20,10.701,10.701,10.467,10.601,2420,25654.42,,,,,
2017-06-21,10.501,10.568,10.367,10.568,3650,38573.2,,,,,
2017-06-22,10.4,10.668,10.4,10.434,6930,72307.62,,,,,
2017-06-23,10.434,10.601,10.367,10.601,8650,91698.65,,,,,
2017-06-26,10.434,10.701,10.434,10.601,6640,70390.64,,,,,
2017-06-27,10.701,10.768,10.501,10.634,7940,84433.96,,,,,
2017-06-28,10.634,10.835,10.634,10.768,24480,263600.64,,,,,
2017-06-29,10.768,10.768,10.568,10.601,5340,56609.34,,,,,
2017-06-30,10.601,10.802,10.501,10.768,17940,193177.92,,,,,
2017-07-03,10.768,10.835,10.701,10.835,10170,110191.95,,,,,
2017-07-04,10.835,11.57,10.835,11.57,150960,1746607.2,,,,,
2017-07-05,11.771,12.373,11.57,11.57,62040,717802.8,,,,,
2017-07-06,12.039,12.24,11.637,11.972,29040,347666.88,,,,,
2017-07-07,11.905,12.173,11.57,11.637,70650,822154.05,,,,,
2017-07-10,11.637,11.637,11.136,11.304,18440,208445.76,,,,,
2017-07-11,11.237,11.27,10.902,11.237,35060,393969.22,,,,,
2017-07-12,11.036,11.237,10.902,11.17,23340,260707.8,,,,,
2017-07-13,10.701,11.37,10.701,11.237,13430,150912.91,,,,,
2017-07-14,11.237,11.437,11.237,11.237,9870,110909.19,,,,,
2017-07-17,11.103,11.103,10.701,10.969,25220,276638.18,,,,,
2017-07-18,10.969,10.969,10.768,10.902,14060,153282.12,,,,,
2017-07-19,10.634,10.902,10.634,10.768,17350,186824.8,,,,,
2017-07-20,10.701,11.103,10.501,10.936,50370,550846.32,,,,,
2017-07-21,10.936,11.036,10.634,10.936,6030,65944.08,,,,,
2017-07-24,10.902,10.902,10.701,10.835,4170,45181.95,,,,,
2017-07-25,10.869,10.902,10.634,10.902,12030,131151.06,,,,,
2017-07-26,10.701,10.835,10.701,10.835,7080,76711.8,,,,,
2017-07-27,10.701,10.835,10.634,10.835,19530,211607.55,,,,,
2017-07-28,10.835,11.57,10.835,11.37,44380,504600.6,,,,,
2017-07-31,10.902,10.902,10.601,10.668,60900,649681.2,,,,,
2017-08-01,10.634,10.634,10.367,10.568,38790,409932.72,,,,,
2017-08-02,10.099,10.3,10.032,10.099,40810,412140.19,,,,,
2017-08-03,10.501,10.501,9.431,10.032,13190,132322.08,,,,,
2017-08-04,10.3,10.3,10.032,10.166,8260,83971.16,,,,,
2017-08-07,10.032,10.099,9.698,9.965,18040,179768.6,,,,,
2017-08-08,9.765,10.032,9.698,9.965,24730,246434.45,,,,,
2017-08-09,10.166,10.166,9.698,9.898,27440,271601.12,,,,,
2017-08-10,10.032,10.032,9.831,9.965,1690,16840.85,,,,,
2017-08-11,9.898,9.965,9.898,9.898,5140,50875.72,,,,,
2017-08-14,9.397,9.965,9.397,9.965,30790,306822.35,,,,,
2017-08-15,10.099,10.099,9.898,10.032,30220,303167.04,,,,,
2017-08-16,10.032,10.367,10.032,10.032,4070,40830.24,,,,,
2017-08-17,10.032,10.066,9.965,9.965,8520,84901.8,,,,,
2017-08-18,9.531,9.965,9.498,9.898,12480,123527.04,,,,,
2017-08-21,9.664,9.999,9.664,9.898,2110,20884.78,,,,,
2017-08-22,9.565,9.898,9.565,9.565,19860,189960.9,,,,,
2017-08-23,9.999,9.999,9.431,9.898,11260,111451.48,,,,,
2017-08-24,9.397,9.898,9.397,9.865,5480,54060.2,,,,,
2017-08-25,9.431,9.898,9.364,9.865,16850,166225.25,,,,,
2017-08-28,9.831,9.999,9.631,9.999,19000,189981.0,,,,,
2017-08-29,9.965,9.999,9.598,9.932,5410,53732.12,,,,,
2017-08-30,9.565,9.898,9.565,9.631,4920,47384.52,,,,,
2017-08-31,9.831,9.831,9.631,9.831,4710,46304.01,,,,,
2017-09-01,9.698,9.698,9.565,9.565,4770,45625.05,,,,,
2017-09-05,9.565,9.965,9.565,9.965,12630,125857.95,,,,,
2017-09-06,9.965,9.965,9.965,9.965,1000,9965.0,,,,,
2017-09-07,9.965,9.965,9.731,9.798,20330,199193.34,,,,,
2017-09-08,9.965,9.965,9.631,9.765,11480,112102.2,,,,,
2017-09-11,9.932,9.932,9.664,9.831,1160,11403.96,,,,,
2017-09-12,9.698,9.865,9.565,9.865,8040,79314.6,,,,,
2017-09-13,9.831,9.965,9.798,9.965,32290,321769.85,,,,,
2017-09-14,9.898,9.965,9.831,9.965,11980,119380.7,,,,,
2017-09-15,10.3,10.3,9.965,10.199,14150,144315.85,,,,,
2017-09-18,9.965,10.534,9.965,10.501,24660,258954.66,,,,,
2017-09-19,10.634,10.835,10.568,10.634,44050,468427.7,,,,,
2017-09-20,10.634,11.37,10.568,11.337,23310,264265.47,,,,,
2017-09-21,11.036,11.036,10.835,10.969,14940,163876.86,,,,,
2017-09-22,11.036,11.036,10.902,10.969,10980,120439.62,,,,,
2017-09-25,10.768,10.969,10.701,10.768,10240,110264.32,,,,,
2017-09-26,10.367,10.701,10.367,10.634,4630,49235.42,,,,,
2017-09-27,10.4,10.634,10.367,10.534,7890,83113.26000000001,,,,,
2017-09-28,10.568,10.701,10.367,10.367,19200,199046.4,,,,,
2017-09-29,10.601,10.601,10.501,10.568,1320,13949.76,,,,,
2017-10-02,10.701,10.768,10.501,10.768,5750,61916.00000000001,,,,,
2017-10-03,10.768,10.768,10.501,10.501,3340,35073.34,,,,,
2017-10-04,10.768,10.768,10.367,10.701,150,1605.15,,,,,
2017-10-05,10.768,10.835,10.601,10.768,15680,168842.24000000002,,,,,
2017-10-06,10.835,10.902,10.701,10.802,37130,401078.26,,,,,
2017-10-09,11.003,11.003,10.902,10.936,2640,28871.04,,,,,
2017-10-10,10.969,10.969,10.835,10.969,6240,68446.56,,,,,
2017-10-11,11.036,11.17,10.768,10.969,7800,85558.2,,,,,
2017-10-12,10.969,11.237,10.969,11.069,9610,106373.09,,,,,
2017-10-13,10.802,11.069,10.802,11.069,1230,13614.87,,,,,
2017-10-16,11.103,11.103,10.768,10.835,13150,142480.25,,,,,
2017-10-17,10.835,10.969,10.601,10.969,3430,37623.67,,,,,
2017-10-18,10.768,10.902,10.768,10.902,1680,18315.36,,,,,
2017-10-19,10.902,10.902,10.902,10.902,1160,12646.32,,,,,
2017-10-20,10.902,11.637,10.902,11.304,116160,1313072.64,,,,,
2017-10-23,11.637,11.637,11.036,11.069,25980,287572.62,,,,,
2017-10-24,10.969,11.27,10.969,11.136,14670,163365.12,,,,,
2017-10-25,10.434,11.136,10.434,11.036,8510,93916.36,,,,,
2017-10-26,11.036,11.637,11.036,11.503,84900,976604.7,,,,,
2017-10-27,11.537,11.838,11.503,11.637,143430,1669094.91,,,,,
2017-10-30,11.771,11.771,11.237,11.237,37840,425208.08,,,,,
2017-10-31,11.136,11.237,10.902,10.902,26620,290211.24,,,,,
2017-11-01,10.802,11.036,10.568,10.902,40370,440113.74,,,,,
2017-11-02,11.036,11.036,10.434,10.634,34210,363789.14,,,,,
2017-11-03,10.701,11.103,10.568,10.969,38830,425926.27,,,,,
2017-11-06,11.103,11.103,10.802,11.103,39670,440456.01,,,,,
2017-11-07,11.036,11.103,10.902,10.969,23860,261720.34,,,,,
2017-11-08,10.869,11.069,10.802,10.902,9070,98881.14,,,,,
2017-11-09,10.902,10.969,10.768,10.902,15630,170398.25999999998,,,,,
2017-11-10,10.902,10.902,10.802,10.802,30390,328272.78,,,,,
2017-11-13,10.768,10.969,10.735,10.835,30900,334801.5,,,,,
2017-11-14,10.768,10.902,10.735,10.869,16230,176403.87,,,,,
2017-11-15,10.768,10.969,10.634,10.902,17550,191330.1,,,,,
2017-11-16,10.902,11.036,10.835,10.835,16200,175527.0,,,,,
2017-11-17,10.969,11.003,10.768,10.835,14610,158299.35,,,,,
2017-11-20,10.835,10.835,10.668,10.835,9560,103582.6,,,,,
2017-11-21,10.835,10.835,10.601,10.601,18650,197708.65,,,,,
2017-11-22,10.501,10.701,10.501,10.534,14200,149582.80000000002,,,,,
2017-11-23,10.634,10.768,10.534,10.634,40100,426423.4,,,,,
2017-11-24,10.634,10.902,10.634,10.835,23080,250071.8,,,,,
2017-11-27,10.869,10.869,10.735,10.835,14350,155482.25,,,,,
2017-11-28,10.835,10.835,10.701,10.768,43270,465931.36,,,,,
2017-11-29,10.701,10.768,10.701,10.701,11140,119209.14,,,,,
2017-11-30,10.701,11.036,10.701,11.036,95240,1051068.64,,,,,
2017-12-01,11.036,11.103,10.936,10.936,39790,435143.44,,,,,
2017-12-04,11.036,11.37,10.936,10.969,90840,996423.96,,,,,
2017-12-05,11.036,11.036,10.969,10.969,41520,455432.88,,,,,
2017-12-06,10.969,10.969,10.701,10.902,25440,277346.88,,,,,
2017-12-07,10.936,10.936,10.701,10.902,43510,474346.02,,,,,
2017-12-08,10.768,11.237,10.701,11.237,56130,630732.81,,,,,
2017-12-11,11.237,11.237,10.902,11.036,37160,410097.76,,,,,
2017-12-12,10.835,10.902,10.701,10.902,17460,190348.92,,,,,
2017-12-13,10.835,10.835,10.835,10.835,2000,21670.0,,,,,
2017-12-14,10.835,10.835,10.099,10.501,23280,244463.28,,,,,
2017-12-15,10.501,10.835,10.501,10.768,6640,71499.52,,,,,
2017-12-18,10.768,10.969,10.701,10.701,7940,84965.94,,,,,
2017-12-19,10.701,10.969,10.434,10.601,19330,204917.33,,,,,
2017-12-20,10.835,10.835,10.634,10.634,7020,74650.68000000001,,,,,
2017-12-21,10.634,10.634,10.568,10.601,14430,152972.43000000002,,,,,
2017-12-22,10.568,10.701,10.501,10.701,21720,232425.72,,,,,
2017-12-25,10.902,10.902,10.568,10.835,5820,63059.7,,,,,
2017-12-26,10.568,10.701,10.534,10.701,25140,269023.14,,,,,
2017-12-27,10.634,10.701,10.568,10.634,8830,93898.22,,,,,
2017-12-28,10.601,10.634,10.568,10.601,8860,93924.86,,,,,
2017-12-29,10.634,10.701,10.434,10.668,14910,159059.87999999998,,,,,
2018-01-02,10.701,10.701,10.568,10.701,5010,53612.01,,,,,
2018-01-03,10.701,10.768,10.501,10.701,24080,257680.08,,,,,
2018-01-04,10.634,10.768,10.634,10.701,14470,154843.47,,,,,
2018-01-05,10.768,10.768,10.634,10.768,25280,272215.04000000004,,,,,
2018-01-08,10.869,10.902,10.701,10.701,48090,514611.09,,,,,
2018-01-09,10.701,10.936,10.668,10.902,51940,566249.88,,,,,
2018-01-10,11.37,11.637,11.37,11.637,258550,3008746.35,,,,,
2018-01-11,12.173,12.173,11.637,11.972,202120,2419780.64,,,,,
2018-01-12,12.005,12.106,11.838,11.905,118090,1405861.45,,,,,
2018-01-15,11.704,11.771,11.437,11.503,98400,1131895.2,,,,,
2018-01-16,11.437,11.503,11.237,11.503,48960,563186.88,,,,,
2018-01-17,11.671,11.671,11.304,11.337,41000,464817.0,,,,,
2018-01-18,11.437,12.106,11.304,12.039,194600,2342789.4,,,,,
2018-01-19,12.039,12.574,12.039,12.039,198320,2387574.48,,,,,
2018-01-22,12.039,12.106,11.905,12.039,35520,427625.28,,,,,
2018-01-25,12.173,12.173,11.704,12.106,228850,2770458.1,,,,,
2018-01-26,12.507,12.708,12.24,12.708,186250,2366865.0,,,,,
2018-01-29,12.708,13.309,12.708,13.176,177120,2333733.12,,,,,
2018-01-30,13.309,13.376,12.708,13.009,93370,1214650.33,,,,,
2018-01-31,13.009,13.912,12.708,13.845,339650,4702454.25,,,,,
2018-02-01,13.845,14.313,13.309,13.577,170580,2315964.66,,,,,
2018-02-02,13.845,13.845,13.043,13.711,133390,1828910.29,,,,,
2018-02-05,13.376,13.644,13.043,13.043,128670,1678242.8099999998,,,,,
2018-02-06,12.373,12.507,12.139,12.139,236740,2873786.86,,,,,
2018-02-07,12.641,12.641,12.173,12.24,73480,899395.2000000001,,,,,
2018-02-08,12.072,12.44,12.039,12.039,35820,431236.98,,,,,
2018-02-09,11.37,12.106,11.37,12.039,135430,1630441.77,,,,,
2018-02-12,12.574,12.574,12.072,12.44,13160,163710.4,,,,,
2018-02-13,12.608,12.708,12.373,12.574,55730,700749.02,,,,,
2018-02-21,12.909,13.209,12.708,13.209,33610,443954.49,,,,,
2018-02-22,13.043,13.376,13.043,13.043,37980,495373.14,,,,,
2018-02-23,13.043,13.343,12.909,13.043,19240,250947.32,,,,,
2018-02-26,13.043,13.176,12.708,12.708,64570,820555.56,,,,,
2018-02-27,13.009,13.043,12.708,12.942,41170,532822.14,,,,,
2018-02-28,12.976,13.043,12.909,12.942,37820,489466.44,,,,,
2018-03-01,13.043,13.242,12.775,12.775,16960,216664.0,,,,,
2018-03-02,12.775,12.976,12.708,12.976,31600,410041.6,,,,,
2018-03-05,12.976,12.976,12.24,12.24,110000,1346400.0,,,,,
2018-03-06,12.24,12.608,12.173,12.24,46630,570751.2,,,,,
2018-03-07,12.373,12.373,12.106,12.24,104030,1273327.2,,,,,
2018-03-08,12.373,12.507,12.24,12.373,39090,483660.57,,,,,
2018-03-09,12.373,12.541,12.307,12.541,41370,518821.17,,,,,
2018-03-12,12.675,12.708,12.273,12.507,9680,121067.76,,,,,
2018-03-13,12.507,12.507,12.24,12.44,28530,354913.2,,,,,
2018-03-14,12.507,12.507,12.24,12.373,27630,341865.99,,,,,
2018-03-15,12.373,12.44,12.24,12.44,23810,296196.4,,,,,
2018-03-16,12.44,12.44,12.24,12.407,7000,86849.0,,,,,
2018-03-19,12.407,12.44,12.307,12.44,20040,249297.6,,,,,
2018-03-20,12.24,12.44,12.24,12.44,13240,164705.6,,,,,
2018-03-21,12.307,12.44,12.24,12.24,15790,193269.6,,,,,
2018-03-22,12.24,12.24,12.106,12.24,20850,255204.0,,,,,
2018-03-23,12.039,12.173,11.905,12.039,22790,274368.81,,,,,
2018-03-26,12.039,12.039,11.771,11.771,9930,116886.03,,,,,
2018-03-27,12.039,12.039,11.805,11.838,22850,270498.3,,,,,
2018-03-28,11.905,12.005,11.57,11.972,3960,47409.12,,,,,
2018-03-29,11.972,11.972,11.704,11.838,8820,104411.16,,,,,
2018-03-30,11.704,12.039,11.704,12.005,7190,86315.95000000001,,,,,
2018-04-02,11.771,12.039,11.57,11.905,17240,205242.2,,,,,
2018-04-03,11.838,11.905,11.503,11.704,11700,136936.80000000002,,,,,
2018-04-04,11.838,11.838,11.637,11.637,16060,186890.22,,,,,
2018-04-05,11.771,12.005,11.738,12.005,4930,59184.65,,,,,
2018-04-06,11.905,12.005,11.704,11.905,4050,48215.25,,,,,
2018-04-09,11.637,11.905,11.637,11.671,5860,68392.06,,,,,
2018-04-10,11.671,11.905,11.503,11.704,11680,136702.72,,,,,
2018-04-11,11.838,11.838,11.57,11.57,10840,125418.8,,,,,
2018-04-12,11.57,11.771,11.27,11.637,20960,243911.52,,,,,
2018-04-13,11.872,11.905,11.57,11.57,560,6479.2,,,,,
2018-04-16,11.537,11.771,11.503,11.57,6740,77981.8,,,,,
2018-04-17,11.704,11.704,11.103,11.637,19260,224128.62,,,,,
2018-04-18,11.304,11.637,11.304,11.503,330,3795.99,,,,,
2018-04-19,11.37,11.37,11.036,11.036,3810,42047.16,,,,,
2018-04-20,11.069,11.069,10.701,10.768,9320,100357.76,,,,,
2018-04-23,10.969,11.036,10.166,10.634,12670,134732.78,,,,,
2018-04-24,10.534,10.568,10.032,10.233,11200,114609.6,,,,,
2018-04-26,10.233,10.568,9.898,10.568,12880,136115.84,,,,,
2018-04-27,10.835,10.835,9.831,10.534,25100,264403.4,,,,,
2018-05-02,10.534,11.036,10.534,10.634,13260,141006.84,,,,,
2018-05-03,10.902,11.003,10.634,10.668,42080,448909.44,,,,,
2018-05-04,10.936,10.936,10.601,10.634,2630,27967.42,,,,,
2018-05-07,10.568,10.835,10.568,10.835,4820,52224.7,,,,,
2018-05-08,10.634,10.835,10.634,10.735,7820,83947.7,,,,,
2018-05-09,10.902,11.47,10.902,11.47,105480,1209855.6,,,,,
2018-05-10,12.039,12.039,10.768,10.768,24330,261985.44,,,,,
2018-05-11,10.902,11.337,10.367,10.367,29890,309869.63,,,,,
2018-05-14,11.069,11.069,11.036,11.069,56030,620196.0700000001,,,,,
2018-05-15,11.637,11.637,11.103,11.37,31870,362361.9,,,,,
2018-05-16,11.17,12.039,11.17,11.57,62690,725323.3,,,,,
2018-05-17,11.57,11.972,11.304,11.57,28170,325926.9,,,,,
2018-05-18,11.872,11.872,11.237,11.37,13010,147923.69999999998,,,,,
2018-05-21,11.537,11.537,11.036,11.036,14660,161787.75999999998,,,,,
2018-05-22,11.17,11.37,10.434,10.701,26390,282399.39,,,,,
2018-05-23,10.467,11.003,10.467,10.701,12550,134297.55000000002,,,,,
2018-05-24,11.036,11.036,10.4,10.701,5100,54575.100000000006,,,,,
2018-05-25,10.701,10.768,10.4,10.768,6470,69668.96,,,,,
2018-05-28,10.367,10.367,10.032,10.032,125720,1261223.04,,,,,
2018-05-29,10.166,10.434,10.032,10.367,3990,41364.33,,,,,
2018-05-30,10.434,10.434,10.032,10.367,6730,69769.91,,,,,
2018-05-31,10.367,10.434,10.066,10.434,3760,39231.84,,,,,
2018-06-01,10.066,10.701,10.066,10.701,11840,126699.84,,,,,
2018-06-04,10.701,10.768,10.668,10.768,7650,82375.20000000001,,,,,
2018-06-05,10.768,11.103,10.768,11.103,29840,331313.52,,,,,
2018-06-06,11.103,11.27,11.103,11.136,46970,523057.92,,,,,
2018-06-07,11.203,11.437,11.136,11.37,14060,159862.19999999998,,,,,
2018-06-08,10.869,11.304,10.601,11.103,24820,275576.46,,,,,
2018-06-11,11.37,11.57,11.17,11.437,16410,187681.17,,,,,
2018-06-12,11.503,11.503,11.036,11.304,17180,194202.72,,,,,
2018-06-13,11.304,11.37,11.036,11.237,6070,68208.59,,,,,
2018-06-14,11.237,11.337,10.902,11.203,20930,234478.79,,,,,
2018-06-15,11.27,11.37,10.902,11.203,13920,155945.75999999998,,,,,
2018-06-18,10.936,11.17,10.701,11.136,45410,505685.76,,,,,
2018-06-19,10.701,10.969,10.367,10.634,10330,109849.22,,,,,
2018-06-20,10.634,10.835,10.634,10.835,920,9968.2,,,,,
2018-06-21,10.835,10.969,10.634,10.835,2990,32396.65,,,,,
2018-06-22,10.835,10.835,10.634,10.768,3980,42856.64,,,,,
2018-06-25,10.768,11.036,10.668,10.835,4120,44640.2,,,,,
2018-06-26,10.902,10.902,10.668,10.835,5760,62409.600000000006,,,,,
2018-06-27,10.701,10.835,10.668,10.668,930,9921.24,,,,,
2018-06-28,10.835,10.835,10.166,10.802,2640,28517.28,,,,,
2018-06-29,10.568,10.869,10.568,10.701,3610,38630.61,,,,,
2018-07-02,10.969,10.969,10.568,10.701,200,2140.2000000000003,,,,,
2018-07-03,10.835,10.835,9.999,9.999,5490,54894.51,,,,,
2018-07-04,10.668,10.668,10.032,10.367,3440,35662.48,,,,,
2018-07-05,10.701,10.701,9.698,10.032,8420,84469.44,,,,,
2018-07-06,10.032,10.634,9.898,10.333,6980,72124.34,,,,,
2018-07-09,10.634,10.634,9.765,10.434,820,8555.88,,,,,
2018-07-10,10.668,10.668,10.166,10.568,6440,68057.92,,,,,
2018-07-11,10.568,10.568,10.166,10.568,8590,90779.12,,,,,
2018-07-12,10.434,10.534,10.233,10.534,11260,118612.84,,,,,
2018-07-13,10.568,10.802,10.099,10.099,9010,90991.99,,,,,
2018-07-16,10.367,10.568,10.367,10.434,3370,35162.579999999994,,,,,
2018-07-17,10.568,10.568,10.032,10.434,11300,117904.2,,,,,
2018-07-18,10.701,11.136,10.199,10.634,2970,31582.98,,,,,
2018-07-19,10.768,10.768,10.233,10.233,10470,107139.51,,,,,
2018-07-20,10.568,10.568,10.099,10.233,32640,334005.12,,,,,
2018-07-23,10.032,10.367,10.032,10.367,5990,62098.33,,,,,
2018-07-24,10.634,10.634,10.032,10.467,3640,38099.880000000005,,,,,
2018-07-25,10.032,10.434,10.032,10.367,14360,148870.12000000002,,,,,
2018-07-26,9.698,9.765,9.664,9.664,106490,1029119.36,,,,,
2018-07-27,9.23,9.965,9.23,9.765,106440,1039386.6,,,,,
2018-07-30,9.965,10.3,9.965,10.233,37440,383123.52,,,,,
2018-07-31,10.233,10.233,10.032,10.199,47400,483432.6,,,,,
2018-08-01,10.199,10.199,9.765,9.965,36200,360733.0,,,,,
2018-08-02,9.765,9.898,9.698,9.831,8300,81597.3,,,,,
2018-08-03,10.166,10.166,9.765,9.898,19810,196079.38,,,,,
2018-08-06,9.898,9.898,9.698,9.865,20200,199273.0,,,,,
2018-08-07,9.865,9.898,9.798,9.798,11860,116204.28,,,,,
2018-08-08,9.731,9.865,9.731,9.798,4820,47226.36,,,,,
2018-08-09,9.798,9.798,9.698,9.765,10790,105364.35,,,,,
2018-08-10,9.698,9.765,9.698,9.765,8910,87006.15000000001,,,,,
2018-08-13,9.698,9.765,9.565,9.664,19220,185742.08,,,,,
2018-08-14,9.664,9.765,9.531,9.698,21730,210737.54,,,,,
2018-08-15,9.698,9.831,9.631,9.698,6350,61582.3,,,,,
2018-08-16,9.698,9.698,9.364,9.631,25120,241930.72,,,,,
2018-08-17,9.431,9.598,9.297,9.431,22010,207576.31,,,,,
2018-08-20,9.297,9.464,9.096,9.096,24850,226035.6,,,,,
2018-08-21,9.731,9.731,9.498,9.498,116920,1110506.16,,,,,
2018-08-22,9.932,9.932,9.598,9.631,59720,575163.3200000001,,,,,
2018-08-23,9.631,9.831,9.631,9.798,29050,284631.9,,,,,
2018-08-24,9.698,9.865,9.698,9.831,99740,980543.94,,,,,
2018-08-27,9.765,9.965,9.598,9.765,13300,129874.5,,,,,
2018-08-28,9.698,9.831,9.698,9.831,17760,174598.56,,,,,
2018-08-29,9.765,9.865,9.765,9.798,4360,42719.28,,,,,
2018-08-30,9.798,9.831,9.765,9.765,6700,65425.50000000001,,,,,
2018-08-31,9.831,9.898,9.698,9.765,18470,180359.55,,,,,
2018-09-04,9.898,9.898,9.698,9.831,23690,232896.39,,,,,
2018-09-05,9.765,9.865,9.698,9.831,19200,188755.2,,,,,
2018-09-06,9.765,9.898,9.765,9.898,15970,158071.06,,,,,
2018-09-07,9.765,9.831,9.765,9.831,950,9339.45,,,,,
2018-09-10,9.731,9.731,9.698,9.698,1570,15225.86,,,,,
2018-09-11,9.664,9.765,9.664,9.765,4160,40622.4,,,,,
2018-09-12,9.798,10.233,9.798,10.166,39790,404505.14,,,,,
2018-09-13,10.233,10.233,10.032,10.233,33470,342498.51,,,,,
2018-09-14,10.233,10.233,10.233,10.233,18720,191561.76,,,,,
2018-09-17,10.233,10.233,10.099,10.166,9230,93832.18,,,,,
2018-09-18,10.166,10.166,9.865,10.032,23090,231638.88,,,,,
2018-09-19,10.032,10.367,10.032,10.099,24010,242476.99,,,,,
2018-09-20,10.099,10.367,10.032,10.367,40490,419759.83,,,,,
2018-09-21,10.367,10.367,9.932,10.166,32800,333444.8,,,,,
2018-09-24,10.333,10.333,10.166,10.233,18200,186240.6,,,,,
2018-09-25,10.233,10.701,10.233,10.634,69020,733958.68,,,,,
2018-09-26,10.969,10.969,10.501,10.835,63510,688130.8500000001,,,,,
2018-09-27,11.237,11.57,11.237,11.57,131800,1524926.0,,,,,
2018-09-28,12.24,12.24,11.771,12.206,85840,1047763.04,,,,,
2018-10-01,12.206,12.206,11.704,12.039,59070,711143.73,,,,,
2018-10-02,11.738,12.039,11.738,11.905,40350,480366.75,,,,,
2018-10-03,12.039,12.039,11.838,11.938,45930,548312.3400000001,,,,,
2018-10-04,12.039,12.206,11.972,12.206,90670,1106718.02,,,,,
2018-10-05,12.206,12.24,11.905,11.905,74280,884303.3999999999,,,,,
2018-10-08,11.521,12.738,11.521,12.608,45250,570512.0,,,,,
2018-10-09,12.608,12.608,12.173,12.347,23070,284845.29,,,,,
2018-10-10,12.347,12.347,11.738,11.825,8350,98738.75,,,,,
2018-10-11,11.738,11.738,10.999,10.999,49390,543240.61,,,,,
2018-10-12,10.564,11.39,10.564,11.217,9360,104991.12,,,,,
2018-10-15,11.999,11.999,11.217,11.304,23330,263722.32,,,,,
2018-10-16,11.695,11.695,11.26,11.477,11000,126247.0,,,,,
2018-10-17,11.564,11.564,11.13,11.173,16500,184354.5,,,,,
2018-10-18,11.173,11.304,11.043,11.304,23980,271069.92,,,,,
2018-10-19,10.869,11.217,10.869,11.043,16610,183424.23,,,,,
2018-10-22,11.043,11.173,11.043,11.173,2900,32401.7,,,,,
2018-10-23,11.217,11.217,10.956,10.999,2760,30357.24,,,,,
2018-10-24,10.956,10.999,10.608,10.695,5040,53902.8,,,,,
2018-10-25,9.956,10.173,9.956,10.173,16630,169176.99,,,,,
2018-10-26,10.651,10.651,10.347,10.347,3120,32282.64,,,,,
2018-10-29,10.347,10.347,9.651,9.695,19290,187016.55,,,,,
2018-10-30,10.086,10.086,9.173,9.825,8430,82824.75,,,,,
2018-10-31,9.825,10.391,9.565,9.738,8710,84817.98,,,,,
2018-11-01,10.26,10.26,9.391,9.521,7440,70836.24,,,,,
2018-11-02,8.869,9.608,8.869,9.565,29000,277385.0,,,,,
2018-11-05,9.565,9.651,9.304,9.565,3140,30034.1,,,,,
2018-11-06,9.565,9.565,9.043,9.043,10160,91876.88,,,,,
2018-11-07,9.565,9.565,8.417,8.443,41750,352495.25,,,,,
2018-11-08,8.999,8.999,8.869,8.999,24110,216965.89,,,,,
2018-11-09,9.043,9.521,8.452,8.521,11420,97309.82,,,,,
2018-11-12,8.608,8.912,8.608,8.912,2010,17913.120000000003,,,,,
2018-11-13,8.695,8.869,8.695,8.695,5150,44779.25,,,,,
2018-11-14,9.13,9.13,8.686,8.695,7630,66342.85,,,,,
2018-11-15,8.695,8.695,8.26,8.695,630,5477.85,,,,,
2018-11-16,8.695,8.695,8.26,8.686,18300,158953.8,,,,,
2018-11-19,8.695,8.999,8.686,8.999,4850,43645.15,,,,,
2018-11-20,8.956,8.956,8.695,8.956,5580,49974.48,,,,,
2018-11-21,8.782,8.782,8.782,8.782,30,263.46,,,,,
2018-11-22,8.695,8.695,8.695,8.695,1790,15564.05,,,,,
2018-11-23,8.608,8.869,8.565,8.869,5810,51528.89,,,,,
2018-11-26,8.652,8.738,8.652,8.695,17920,155814.4,,,,,
2018-11-27,8.095,8.695,8.095,8.521,16820,143323.22,,,,,
2018-11-28,7.939,8.495,7.939,8.086,10090,81587.74,,,,,
2018-11-29,8.086,8.086,7.565,7.747,52560,407182.32,,,,,
2018-11-30,8.043,8.043,7.739,7.747,21140,163771.58,,,,,
2018-12-03,7.991,8.034,7.782,8.034,14310,114966.54,,,,,
2018-12-04,7.912,7.999,7.843,7.912,9280,73423.36,,,,,
2018-12-05,7.912,7.999,7.826,7.912,10200,80702.4,,,,,
2018-12-06,7.912,7.912,7.826,7.912,12700,100482.4,,,,,
2018-12-07,7.739,7.895,7.739,7.895,10690,84397.54999999999,,,,,
2018-12-10,7.826,7.904,7.652,7.652,4120,31526.24,,,,,
2018-12-11,7.652,7.817,7.565,7.721,14460,111645.66,,,,,
2018-12-12,7.652,7.756,7.478,7.652,8990,68791.48,,,,,
2018-12-13,7.652,7.999,7.652,7.826,5200,40695.2,,,,,
2018-12-14,7.66,7.826,7.652,7.739,13280,102773.92,,,,,
2018-12-17,8.086,8.086,7.739,7.739,1250,9673.75,,,,,
2018-12-18,7.739,7.826,7.652,7.826,2240,17530.239999999998,,,,,
2018-12-19,7.826,7.826,7.373,7.565,16710,126411.15,,,,,
2018-12-20,7.478,7.565,7.399,7.565,9410,71186.65000000001,,,,,
2018-12-21,7.391,7.565,7.391,7.565,5690,43044.850000000006,,,,,
2018-12-24,7.565,7.565,7.391,7.391,9340,69031.94,,,,,
2018-12-25,7.391,7.521,7.13,7.391,5500,40650.5,,,,,
2018-12-26,7.391,7.391,6.913,6.913,4150,28688.95,,,,,
2018-12-27,7.304,7.304,6.695,6.739,3750,25271.25,,,,,
2018-12-28,6.782,7.208,6.782,7.208,16580,119508.64,,,,,
2019-01-02,7.208,7.565,7.043,7.565,2930,22165.45,,,,,
2019-01-03,7.217,7.304,7.043,7.217,10010,72242.17,,,,,
2019-01-04,7.13,7.13,7.043,7.13,700,4991.0,,,,,
2019-01-07,7.13,7.13,7.13,7.13,4200,29946.0,,,,,
2019-01-08,7.043,7.13,6.869,7.043,2850,20072.55,,,,,
2019-01-09,7.043,7.043,6.956,7.043,10550,74303.65000000001,,,,,
2019-01-10,6.869,7.043,6.869,7.043,360,2535.48,,,,,
2019-01-11,6.869,7.53,6.869,7.478,500,3739.0,,,,,
2019-01-14,7.652,7.652,7.391,7.478,4410,32977.98,,,,,
2019-01-15,7.391,7.478,7.043,7.478,6850,51224.3,,,,,
2019-01-16,7.391,7.565,7.391,7.478,3180,23780.04,,,,,
2019-01-17,7.478,7.478,7.478,7.478,370,2766.86,,,,,
2019-01-18,7.478,7.478,7.13,7.426,1420,10544.92,,,,,
2019-01-21,7.13,7.13,6.956,6.999,13980,97846.02,,,,,
2019-01-22,6.999,7.043,6.956,6.956,2100,14607.6,,,,,
2019-01-23,6.956,6.956,6.956,6.956,7100,49387.600000000006,,,,,
2019-01-24,6.956,6.956,6.956,6.956,6740,46883.44,,,,,
2019-01-25,6.913,6.913,6.521,6.913,13490,93256.37,,,,,
2019-01-28,6.608,6.947,6.608,6.947,3070,21327.29,,,,,
2019-01-29,6.869,6.869,6.869,6.869,760,5220.44,,,,,
2019-01-30,6.869,6.869,6.869,6.869,1500,10303.5,,,,,
2019-01-31,6.869,6.965,6.869,6.956,2400,16694.4,,,,,
2019-02-01,7.26,7.26,6.965,7.043,3500,24650.5,,,,,
2019-02-11,7.391,7.478,6.556,7.391,330,2439.03,,,,,
2019-02-12,7.13,7.13,7.069,7.069,17370,122788.53,,,,,
2019-02-13,7.13,7.382,7.06,7.382,17470,128963.54,,,,,
2019-02-14,7.217,7.382,7.13,7.382,8970,66216.54,,,,,
2019-02-15,7.13,7.347,7.086,7.13,12160,86700.8,,,,,
2019-02-18,7.208,7.217,7.13,7.199,5060,36426.94,,,,,
2019-02-19,7.199,7.217,7.086,7.086,14640,103739.04,,,,,
2019-02-20,7.086,7.086,7.086,7.086,1370,9707.82,,,,,
2019-02-21,7.086,7.165,7.086,7.121,4970,35391.37,,,,,
2019-02-22,7.13,7.226,7.13,7.217,30270,218458.59,,,,,
2019-02-25,7.721,7.721,7.478,7.721,20720,159979.12,,,,,
2019-02-26,8.173,8.26,7.826,8.173,22870,186916.51,,,,,
2019-02-27,8.599,8.608,7.912,7.912,8050,63691.6,,,,,
2019-02-28,7.912,8.26,7.912,7.912,13850,109581.2,,,,,
2019-03-01,7.912,8.434,7.912,8.26,9640,79626.4,,,,,
2019-03-04,8.695,8.695,8.086,8.086,25010,202230.86,,,,,
2019-03-05,8.086,8.26,7.999,8.173,12740,104124.02,,,,,
2019-03-06,8.173,8.347,8.008,8.26,4770,39400.2,,,,,
2019-03-07,7.912,8.086,7.912,8.086,680,5498.4800000000005,,,,,
2019-03-08,7.912,7.912,7.739,7.826,5690,44529.94,,,,,
2019-03-11,7.304,7.826,7.304,7.826,10020,78416.51999999999,,,,,
2019-03-12,7.652,8.13,7.652,7.912,2100,16615.2,,,,,
2019-03-13,7.782,8.13,7.782,7.991,4110,32843.01,,,,,
2019-03-14,7.834,7.834,7.826,7.834,5670,44418.78,,,,,
2019-03-15,7.991,7.991,7.826,7.826,3440,26921.44,,,,,
2019-03-18,7.826,7.982,7.826,7.826,12290,96181.54,,,,,
2019-03-19,7.826,7.826,7.826,7.826,5970,46721.22,,,,,
2019-03-20,7.826,7.826,7.695,7.817,270,2110.59,,,,,
2019-03-21,7.565,7.817,7.565,7.817,710,5550.07,,,,,
2019-03-22,7.643,7.826,7.643,7.826,27940,218658.44,,,,,
2019-03-25,7.999,7.999,7.565,7.73,10970,84798.1,,,,,
2019-03-26,7.991,7.991,7.565,7.808,650,5075.2,,,,,
2019-03-27,7.565,7.912,7.391,7.808,6290,49112.32,,,,,
2019-03-28,7.495,7.817,7.495,7.652,1910,14615.32,,,,,
2019-03-29,7.739,7.739,7.652,7.695,1110,8541.45,,,,,
2019-04-01,7.695,7.695,7.695,7.695,100,769.5,,,,,
2019-04-02,7.565,7.73,7.565,7.652,8550,65424.6,,,,,
2019-04-03,7.565,7.643,7.556,7.556,7540,56972.24,,,,,
2019-04-04,7.565,7.565,7.408,7.478,27220,203551.16,,,,,
2019-04-05,7.469,7.695,7.391,7.652,5300,40555.6,,,,,
2019-04-08,7.73,7.904,7.73,7.808,660,5153.28,,,,,
2019-04-09,7.739,7.739,7.565,7.73,6510,50322.3,,,,,
2019-04-10,7.721,7.739,7.652,7.652,1660,12702.32,,,,,
2019-04-11,7.565,7.565,7.565,7.565,290,2193.85,,,,,
2019-04-12,7.652,7.652,7.565,7.652,600,4591.2,,,,,
2019-04-16,7.565,7.643,7.565,7.643,960,7337.28,,,,,
2019-04-17,7.565,7.634,7.565,7.634,510,3893.34,,,,,
2019-04-18,7.565,7.565,7.565,7.565,40,302.6,,,,,
2019-04-19,7.565,7.608,7.434,7.443,13280,98843.04,,,,,
2019-04-22,7.556,7.556,7.556,7.556,10,75.56,,,,,
2019-04-23,7.391,7.391,7.217,7.391,8510,62897.41,,,,,
2019-04-24,7.478,7.617,7.478,7.617,40,304.68,,,,,
2019-04-25,7.139,7.652,7.139,7.652,570,4361.64,,,,,
2019-04-26,7.217,7.565,7.217,7.565,30,226.95,,,,,
2019-05-02,7.565,7.565,7.043,7.217,7280,52539.76,,,,,
2019-05-03,7.217,7.217,7.217,7.217,1790,12918.429999999998,,,,,
2019-05-06,7.217,7.217,6.956,6.956,2100,14607.6,,,,,
2019-05-07,6.504,6.956,6.504,6.956,1310,9112.36,,,,,
2019-05-08,6.947,7.382,6.947,7.165,1870,13398.55,,,,,
2019-05-09,7.165,7.165,6.695,7.165,1760,12610.4,,,,,
2019-05-10,7.165,7.165,7.165,7.165,0,0.0,,,,,
2019-05-13,7.043,7.043,6.704,7.043,2870,20213.41,,,,,
2019-05-14,6.695,6.956,6.695,6.713,5640,37861.32,,,,,
2019-05-15,6.713,6.956,6.713,6.956,190,1321.64,,,,,
2019-05-16,6.939,6.956,6.939,6.956,1500,10434.0,,,,,
2019-05-17,6.956,6.956,6.782,6.939,1110,7702.29,,,,,
2019-05-20,6.93,6.93,6.721,6.869,130,892.97,,,,,
2019-05-21,6.956,6.956,6.869,6.869,160,1099.04,,,,,
2019-05-22,6.826,6.826,6.826,6.826,30,204.78,,,,,
2019-05-23,6.956,6.956,6.947,6.947,210,1458.87,,,,,
2019-05-24,6.947,6.947,6.947,6.947,20,138.94,,,,,
2019-05-27,6.947,6.947,6.869,6.869,1060,7281.139999999999,,,,,
2019-05-28,6.521,6.521,6.434,6.521,10650,69448.65,,,,,
2019-05-29,6.521,6.678,6.521,6.678,20,133.56,,,,,
2019-05-30,6.678,6.678,6.521,6.521,2140,13954.94,,,,,
2019-05-31,6.521,6.521,6.087,6.095,28230,172061.85,,,,,
2019-06-03,6.13,6.173,5.669,5.913,9330,55168.29,,,,,
2019-06-04,6.087,6.087,6.078,6.078,3490,21212.22,,,,,
2019-06-05,5.695,5.913,5.695,5.895,2830,16682.85,,,,,
2019-06-06,5.739,5.739,5.565,5.565,14920,83029.8,,,,,
2019-06-07,5.478,5.669,5.478,5.669,1170,6632.73,,,,,
2019-06-10,5.669,5.669,5.669,5.669,80,453.52,,,,,
2019-06-11,5.669,5.817,5.669,5.817,670,3897.39,,,,,
2019-06-12,5.826,5.956,5.782,5.956,190,1131.64,,,,,
2019-06-13,5.869,5.956,5.547,5.956,17030,101430.68,,,,,
2019-06-14,5.869,5.869,5.869,5.869,100,586.9,,,,,
2019-06-17,5.913,5.913,5.652,5.913,350,2069.55,,,,,
2019-06-18,5.73,5.73,5.565,5.652,720,4069.44,,,,,
2019-06-19,5.695,5.695,5.565,5.652,340,1921.68,,,,,
2019-06-20,5.347,5.652,5.304,5.652,1910,10795.32,,,,,
2019-06-21,5.643,5.652,5.643,5.643,580,3272.94,,,,,
2019-06-24,5.565,5.565,5.304,5.304,24180,128250.72,,,,,
2019-06-25,5.304,5.304,4.956,5.043,29740,149978.82,,,,,
2019-06-26,5.043,5.217,5.043,5.217,5310,27702.27,,,,,
2019-06-27,5.217,5.295,5.217,5.295,20,105.9,,,,,
2019-06-28,5.217,5.217,5.043,5.208,6030,31404.24,,,,,
2019-07-01,5.13,5.13,5.13,5.13,5930,30420.9,,,,,
2019-07-02,5.174,5.174,5.0,5.043,55530,280037.79000000004,,,,,
2019-07-03,5.043,5.391,5.043,5.295,9680,51255.6,,,,,
2019-07-04,5.217,5.478,5.217,5.478,4030,22076.34,,,,,
2019-07-05,5.243,5.86,5.243,5.565,14110,78522.15000000001,,,,,
2019-07-08,5.565,5.695,5.565,5.695,3120,17768.4,,,,,
2019-07-09,5.695,5.869,5.695,5.739,5570,31966.23,,,,,
2019-07-10,5.739,5.826,5.687,5.687,1270,7222.490000000001,,,,,
2019-07-11,5.739,5.826,5.739,5.826,8500,49521.0,,,,,
2019-07-12,5.826,5.826,5.817,5.826,2100,12234.6,,,,,
2019-07-15,5.826,5.826,5.652,5.652,2800,15825.6,,,,,
2019-07-16,5.652,5.652,5.652,5.652,2500,14130.0,,,,,
2019-07-17,5.652,5.739,5.652,5.739,340,1951.26,,,,,
2019-07-18,5.826,5.826,5.826,5.826,10,58.26,,,,,
2019-07-19,5.478,5.652,5.478,5.652,260,1469.52,,,,,
2019-07-22,5.304,5.391,5.26,5.304,6410,33998.64,,,,,
2019-07-23,5.304,5.304,5.304,5.304,1280,6789.120000000001,,,,,
2019-07-24,5.304,5.391,5.217,5.295,1720,9107.4,,,,,
2019-07-25,5.26,5.304,5.217,5.304,2250,11934.0,,,,,
2019-07-26,5.26,5.66,5.26,5.513,14550,80214.15,,,,,
2019-07-29,5.26,5.382,5.217,5.382,17940,96553.08,,,,,
2019-07-30,5.382,5.643,5.217,5.643,5270,29738.61,,,,,
2019-07-31,5.26,5.565,5.26,5.478,3650,19994.7,,,,,
2019-08-01,5.652,5.652,5.478,5.478,5990,32813.22,,,,,
2019-08-02,5.478,5.478,5.391,5.434,3800,20649.2,,,,,
2019-08-05,5.391,5.565,5.391,5.434,5130,27876.42,,,,,
2019-08-06,5.391,5.391,5.304,5.382,6860,36920.52,,,,,
2019-08-07,5.043,5.382,5.043,5.382,260,1399.32,,,,,
2019-08-08,5.469,5.469,5.469,5.469,10,54.690000000000005,,,,,
2019-08-09,5.565,5.652,5.347,5.347,10380,55501.86000000001,,,,,
2019-08-12,5.374,5.652,5.374,5.521,5350,29537.35,,,,,
2019-08-13,5.521,5.521,5.521,5.521,4000,22084.0,,,,,
2019-08-14,5.434,5.478,5.347,5.391,1760,9488.16,,,,,
2019-08-15,5.391,5.391,5.391,5.391,3600,19407.6,,,,,
2019-08-16,5.391,5.434,5.374,5.391,10000,53910.0,,,,,
2019-08-19,5.391,5.391,5.26,5.391,50,269.55,,,,,
2019-08-20,5.391,5.391,5.13,5.217,10820,56447.94,,,,,
2019-08-21,5.391,5.391,5.174,5.217,9320,48622.44,,,,,
2019-08-22,5.217,5.217,5.087,5.087,17780,90446.86,,,,,
2019-08-23,5.13,5.304,4.947,5.304,6750,35802.0,,,,,
2019-08-26,5.217,5.304,5.174,5.304,5350,28376.4,,,,,
2019-08-27,5.434,5.652,5.313,5.652,24240,137004.48,,,,,
2019-08-28,5.826,6.0,5.652,5.652,20400,115300.8,,,,,
2019-08-29,5.573,5.573,5.478,5.478,12280,67269.84,,,,,
2019-08-30,5.478,5.652,5.478,5.652,3160,17860.32,,,,,
2019-09-03,5.26,5.26,5.26,5.26,1990,10467.4,,,,,
2019-09-04,5.304,5.478,5.304,5.478,5090,27883.02,,,,,
2019-09-05,5.521,5.6,5.434,5.434,4900,26626.6,,,,,
2019-09-06,5.478,5.478,5.478,5.478,3400,18625.2,,,,,
2019-09-09,5.487,5.556,5.478,5.478,5190,28430.82,,,,,
2019-09-10,5.434,5.521,5.347,5.347,5010,26788.47,,,,,
2019-09-11,5.478,5.478,5.478,5.478,10,54.78,,,,,
2019-09-12,5.565,5.565,5.565,5.565,10,55.650000000000006,,,,,
2019-09-13,5.565,5.565,5.565,5.565,290,1613.85,,,,,
2019-09-16,5.565,5.565,5.565,5.565,0,0.0,,,,,
2019-09-17,5.565,5.565,5.565,5.565,0,0.0,,,,,
2019-09-18,5.304,5.565,5.304,5.565,110,612.1500000000001,,,,,
2019-09-19,5.182,5.478,5.182,5.478,20,109.56,,,,,
2019-09-20,5.478,5.478,5.469,5.478,7770,42564.06,,,,,
2019-09-23,5.478,5.478,5.478,5.478,120,657.36,,,,,
2019-09-24,5.217,5.565,5.217,5.565,1290,7178.85,,,,,
2019-09-25,5.565,5.565,5.565,5.565,200,1113.0,,,,,
2019-09-26,5.478,5.478,5.304,5.304,7650,40575.6,,,,,
2019-09-27,5.304,5.304,5.234,5.304,2070,10979.28,,,,,
2019-09-30,5.565,5.565,5.565,5.565,10,55.650000000000006,,,,,
2019-10-01,5.565,5.565,5.217,5.217,2940,15337.98,,,,,
2019-10-02,5.174,5.304,5.174,5.304,17660,93668.64,,,,,
2019-10-03,5.287,5.434,5.287,5.434,7020,38146.68,,,,,
2019-10-04,5.556,5.556,5.556,5.556,70,388.92,,,,,
2019-10-07,5.304,5.391,5.304,5.391,5940,32022.54,,,,,
2019-10-08,5.608,5.608,5.391,5.391,400,2156.4,,,,,
2019-10-09,5.565,5.565,5.565,5.565,750,4173.75,,,,,
2019-10-10,5.565,5.565,5.565,5.565,50,278.25,,,,,
2019-10-11,5.565,5.565,5.565,5.565,0,0.0,,,,,
2019-10-14,5.565,5.565,5.565,5.565,0,0.0,,,,,
2019-10-15,5.191,5.556,5.191,5.556,40,222.24,,,,,
2019-10-16,5.434,5.478,5.434,5.478,60,328.68,,,,,
2019-10-17,5.217,5.478,5.217,5.478,1600,8764.8,,,,,
2019-10-18,5.565,5.565,5.565,5.565,20,111.3,,,,,
2019-10-21,5.565,5.565,5.565,5.565,0,0.0,,,,,
2019-10-22,5.478,5.478,5.217,5.434,240,1304.16,,,,,
2019-10-23,5.217,5.434,5.217,5.434,1200,6520.8,,,,,
2019-10-24,5.434,5.434,5.434,5.434,50,271.7,,,,,
2019-10-25,5.391,5.391,5.217,5.304,7400,39249.6,,,,,
2019-10-28,5.217,5.226,5.217,5.217,4930,25719.81,,,,,
2019-10-29,5.217,5.217,5.217,5.217,10,52.17,,,,,
2019-10-30,5.217,5.217,5.13,5.217,2950,15390.15,,,,,
2019-10-31,5.217,5.217,5.13,5.13,2270,11645.1,,,,,
2019-11-01,5.13,5.217,5.043,5.13,5530,28368.9,,,,,
2019-11-04,5.043,5.043,4.982,5.0,9330,46650.0,,,,,
2019-11-05,4.956,4.956,4.869,4.869,8630,42019.47,,,,,
2019-11-06,5.043,5.043,4.826,4.869,7820,38075.58,,,,,
2019-11-07,4.826,5.043,4.826,4.834,8410,40653.94,,,,,
2019-11-08,4.869,5.017,4.861,5.017,2730,13696.410000000002,,,,,
2019-11-11,4.956,4.965,4.956,4.965,3650,18122.25,,,,,
2019-11-12,4.956,5.0,4.93,4.974,2050,10196.7,,,,,
2019-11-13,4.991,5.043,4.982,5.043,12950,65306.85,,,,,
2019-11-14,5.13,5.304,5.087,5.174,21100,109171.4,,,,,
2019-11-15,5.217,5.217,5.174,5.174,560,2897.44,,,,,
2019-11-18,5.13,5.13,5.13,5.13,3320,17031.6,,,,,
2019-11-19,5.13,5.13,5.13,5.13,3200,16416.0,,,,,
2019-11-20,5.13,5.13,5.13,5.13,2190,11234.7,,,,,
2019-11-21,5.13,5.13,5.13,5.13,5650,28984.5,,,,,
2019-11-22,5.13,5.217,5.0,5.0,8000,40000.0,,,,,
2019-11-25,5.043,5.043,5.043,5.043,2000,10086.0,,,,,
2019-11-26,5.2,5.217,5.0,5.0,3010,15050.0,,,,,
2019-11-27,5.0,5.217,5.0,5.217,320,1669.4399999999998,,,,,
2019-11-28,5.434,5.434,5.008,5.008,410,2053.28,,,,,
2019-11-29,5.008,5.217,5.217,5.217,10,52.17,,,,,
2019-12-02,5.217,5.217,5.217,5.217,0,0.0,,,,,
2019-12-03,5.217,5.217,5.217,5.217,50,260.85,,,,,
2019-12-04,5.391,5.391,5.13,5.217,2760,14398.919999999998,,,,,
2019-12-05,5.217,5.217,5.13,5.217,470,2451.99,,,,,
2019-12-06,5.365,5.365,5.217,5.217,260,1356.4199999999998,,,,,
2019-12-09,5.217,5.217,5.217,5.217,20,104.34,,,,,
2019-12-10,5.217,5.217,5.217,5.217,0,0.0,,,,,
2019-12-11,5.217,5.217,5.217,5.217,0,0.0,,,,,
2019-12-12,4.869,4.869,4.852,4.852,16080,78020.16,,,,,
2019-12-13,4.852,4.869,4.852,4.869,180,876.42,,,,,
2019-12-16,4.782,4.869,4.782,4.869,110,535.5899999999999,,,,,
2019-12-17,5.121,5.13,4.869,5.13,240,1231.2,,,,,
2019-12-18,5.13,5.13,5.13,5.13,130,666.9,,,,,
2019-12-19,5.13,4.869,4.782,4.782,80,382.56,,,,,
2019-12-20,5.113,5.113,5.113,5.113,60,306.78000000000003,,,,,
2019-12-23,5.087,5.087,4.939,5.078,2630,13355.14,,,,,
2019-12-24,4.869,5.217,4.782,5.217,7390,38553.63,,,,,
2019-12-25,4.861,5.165,4.852,5.165,1110,5733.15,,,,,
2019-12-26,5.208,5.208,5.208,5.208,100,520.8000000000001,,,,,
2019-12-27,4.852,5.208,4.852,5.208,660,3437.28,,,,,
2019-12-30,5.165,5.304,5.147,5.217,11410,59525.97,,,,,
2019-12-31,5.304,5.478,5.217,5.217,1990,10381.83,,,,,
2020-01-02,5.217,5.217,5.13,5.13,6230,31959.9,,,,,
2020-01-03,5.217,5.217,4.939,5.217,15790,82376.43,,,,,
2020-01-06,5.26,5.26,5.147,5.147,290,1492.63,,,,,
2020-01-07,5.26,5.26,5.156,5.217,6980,36414.66,,,,,
2020-01-08,5.217,5.26,5.13,5.217,10250,53474.24999999999,,,,,
2020-01-09,5.217,5.252,5.217,5.252,4550,23896.6,,,,,
2020-01-10,5.26,5.26,5.217,5.217,2940,15337.98,,,,,
2020-01-13,5.391,5.391,5.269,5.269,130,684.97,,,,,
2020-01-14,5.269,5.269,5.174,5.217,3900,20346.3,,,,,
2020-01-15,5.217,5.217,4.861,5.217,610,3182.37,,,,,
2020-01-16,5.22,5.58,5.22,5.58,20,111.6,,,,,
2020-01-17,5.9,5.9,5.9,5.9,20,118.0,,,,,
2020-01-20,5.49,5.49,5.49,5.49,10,54.900000000000006,,,,,
2020-01-21,5.11,5.49,5.11,5.49,2030,11144.7,,,,,
2020-01-22,5.4,5.4,5.4,5.4,800,4320.0,,,,,
2020-01-30,5.4,5.4,5.03,5.03,2690,13530.7,,,,,
2020-01-31,4.7,4.81,4.7,4.71,16270,76631.7,,,,,
2020-02-03,4.75,4.9,4.4,4.9,14700,72030.0,,,,,
2020-02-04,4.6,5.0,4.57,5.0,6080,30400.0,,,,,
2020-02-05,5.0,5.0,4.65,4.8,3060,14688.0,,,,,
2020-02-06,4.9,4.9,4.75,4.8,16380,78624.0,,,,,
2020-02-07,4.99,4.99,4.8,4.81,7380,35497.8,,,,,
2020-02-10,4.84,4.84,4.55,4.83,1640,7921.2,,,,,
2020-02-11,4.99,4.99,4.6,4.82,2490,12001.8,,,,,
2020-02-12,4.82,4.99,4.65,4.96,9490,47070.4,,,,,
2020-02-13,4.8,5.0,4.65,4.9,4030,19747.0,,,,,
2020-02-14,4.95,4.95,4.65,4.65,8040,37386.0,,,,,
2020-02-17,4.97,4.97,4.61,4.88,5120,24985.6,,,,,
2020-02-18,4.8,4.8,4.7,4.7,2680,12596.0,,,,,
2020-02-19,4.4,4.78,4.4,4.52,17380,78557.59999999999,,,,,
2020-02-20,4.51,4.7,4.5,4.65,8390,39013.5,,,,,
2020-02-21,4.79,4.83,4.66,4.66,12230,56991.8,,,,,
2020-02-24,4.9,4.9,4.36,4.7,11480,53956.0,,,,,
2020-02-25,4.7,4.78,4.65,4.73,4510,21332.300000000003,,,,,
2020-02-26,4.65,4.68,4.62,4.62,5550,25641.0,,,,,
2020-02-27,4.62,4.89,4.62,4.75,2800,13300.0,,,,,
2020-02-28,4.89,4.89,4.75,4.75,70,332.5,,,,,
2020-03-02,4.75,4.75,4.65,4.65,2620,12183.000000000002,,,,,
2020-03-03,4.61,4.8,4.61,4.75,10430,49542.5,,,,,
2020-03-04,4.75,4.9,4.75,4.9,4390,21511.0,,,,,
2020-03-05,4.9,4.9,4.65,4.9,18620,91238.0,,,,,
2020-03-06,4.88,4.88,4.7,4.88,6420,31329.6,,,,,
2020-03-09,4.65,4.9,4.54,4.54,4460,20248.4,,,,,
2020-03-10,4.23,4.78,4.23,4.74,17200,81528.0,,,,,
2020-03-11,4.9,4.9,4.41,4.8,20620,98976.0,,,,,
2020-03-12,4.47,4.65,4.47,4.47,10840,48454.8,,,,,
2020-03-13,4.16,4.78,4.16,4.78,9890,47274.2,,,,,
2020-03-16,4.45,4.8,4.45,4.45,16430,73113.5,,,,,
2020-03-17,4.15,4.75,4.14,4.44,15390,68331.6,,,,,
2020-03-18,4.74,4.74,4.13,4.68,970,4539.599999999999,,,,,
2020-03-19,4.38,4.71,4.36,4.36,14070,61345.2,,,,,
2020-03-20,4.1,4.54,4.06,4.47,4670,20874.9,,,,,
2020-03-23,4.47,4.47,4.16,4.16,1340,5574.400000000001,,,,,
2020-03-24,4.16,4.45,4.16,4.16,2700,11232.0,,,,,
2020-03-25,4.45,4.45,4.42,4.42,20,88.4,,,,,
2020-03-26,4.4,4.7,4.21,4.48,500,2240.0,,,,,
2020-03-27,4.78,4.78,4.4,4.4,580,2552.0,,,,,
2020-03-30,4.4,4.4,4.1,4.1,10200,41820.0,,,,,
2020-03-31,4.38,4.38,3.82,4.35,6740,29319.0,,,,,
2020-04-01,4.35,4.35,4.05,4.1,17770,72857.0,,,,,
2020-04-03,4.29,4.29,4.0,4.19,5220,21871.800000000003,,,,,
2020-04-06,4.39,4.39,4.1,4.2,8750,36750.0,,,,,
2020-04-07,4.2,4.21,4.0,4.19,64650,270883.5,,,,,
2020-04-08,4.05,4.1,4.0,4.1,4530,18573.0,,,,,
2020-04-09,4.1,4.17,4.08,4.08,15540,63403.2,,,,,
2020-04-10,4.08,4.1,4.0,4.0,10640,42560.0,,,,,
2020-04-13,4.0,4.16,3.98,4.0,15400,61600.0,,,,,
2020-04-14,3.79,4.0,3.72,3.99,29200,116508.0,,,,,
2020-04-15,3.92,4.15,3.74,4.14,17080,70711.2,,,,,
2020-04-16,4.14,4.14,4.05,4.09,11190,45767.1,,,,,
2020-04-17,4.07,4.1,4.0,4.1,57890,237349.0,,,,,
2020-04-20,4.1,4.11,4.08,4.11,20310,83474.1,,,,,
2020-04-21,4.1,4.1,4.0,4.0,15370,61480.0,,,,,
2020-04-22,4.04,4.28,4.03,4.03,10060,40541.8,,,,,
2020-04-23,4.05,4.18,4.05,4.18,5740,23993.2,,,,,
2020-04-24,4.15,4.2,4.15,4.2,5140,21588.0,,,,,
2020-04-27,4.44,4.44,4.2,4.38,72210,316279.8,,,,,
2020-04-28,4.38,4.38,4.26,4.26,4500,19170.0,,,,,
2020-04-29,4.28,4.43,4.28,4.28,23660,101264.8,,,,,
2020-05-04,4.15,4.35,4.15,4.21,1240,5220.4,,,,,
2020-05-05,4.21,4.21,4.15,4.15,2540,10541.0,,,,,
2020-05-06,4.2,4.3,4.2,4.2,4390,18438.0,,,,,
2020-05-07,4.35,4.35,4.2,4.2,13470,56574.0,,,,,
2020-05-08,4.35,4.35,4.21,4.3,17700,76110.0,,,,,
2020-05-11,4.3,4.35,4.25,4.3,11960,51428.0,,,,,
2020-05-12,4.34,4.35,4.25,4.3,17740,76282.0,,,,,
2020-05-13,4.3,4.58,4.3,4.58,105190,481770.2,,,,,
2020-05-14,4.89,4.9,4.75,4.84,29040,140553.6,,,,,
2020-05-15,4.85,4.9,4.75,4.82,33180,159927.6,,,,,
2020-05-18,4.82,4.82,4.65,4.7,28680,134796.0,,,,,
2020-05-19,4.5,4.78,4.5,4.78,35910,171649.80000000002,,,,,
2020-05-20,4.8,4.85,4.65,4.8,50330,241584.0,,,,,
2020-05-21,4.82,4.89,4.75,4.76,25960,123569.6,,,,,
2020-05-22,4.8,4.85,4.76,4.8,44090,211632.0,,,,,
2020-05-25,4.8,5.0,4.8,5.0,43690,218450.0,,,,,
2020-05-26,5.3,5.35,5.3,5.35,50580,270603.0,,,,,
2020-05-27,5.72,5.72,5.72,5.72,50040,286228.8,,,,,
2020-05-28,6.12,6.12,6.12,6.12,23550,144126.0,,,,,
2020-05-29,6.54,6.54,6.54,6.54,13470,88093.8,,,,,
2020-06-01,6.99,6.99,6.5,6.9,277560,1915164.0,,,,,
2020-06-02,7.34,7.34,6.42,6.42,129480,831261.6,,,,,
2020-06-03,6.0,6.4,5.98,6.0,60090,360540.0,,,,,
2020-06-04,6.0,6.0,5.6,5.8,50660,293828.0,,,,,
2020-06-05,5.6,6.2,5.6,6.2,39660,245892.0,,,,,
2020-06-08,6.62,6.63,6.5,6.63,112010,742626.2999999999,,,,,
2020-06-09,7.0,7.0,6.64,6.7,104810,702227.0,,,,,
2020-06-10,7.16,7.16,6.35,6.9,66120,456228.0,,,,,
2020-06-11,6.7,6.99,6.45,6.45,44370,286186.5,,,,,
2020-06-12,6.03,6.45,6.0,6.1,46140,281454.0,,,,,
2020-06-15,6.45,6.51,5.71,5.71,40300,230113.0,,,,,
2020-06-16,5.71,6.1,5.71,6.1,20050,122305.0,,,,,
2020-06-17,6.45,6.46,6.13,6.4,30970,198208.0,,,,,
2020-06-18,6.16,6.4,6.16,6.38,9440,60227.2,,,,,
2020-06-19,6.38,6.39,6.14,6.35,2410,15303.5,,,,,
2020-06-22,6.2,6.2,6.1,6.2,28990,179738.0,,,,,
2020-06-23,6.1,6.35,6.0,6.24,70500,439920.0,,,,,
2020-06-24,6.24,6.24,6.02,6.1,4570,27877.0,,,,,
2020-06-25,5.8,6.1,5.8,6.1,36270,221247.0,,,,,
2020-06-26,6.36,6.36,5.8,6.0,39920,239520.0,,,,,
2020-06-29,5.6,6.0,5.58,5.58,23940,133585.2,,,,,
2020-06-30,5.65,5.85,5.19,5.55,5480,30414.0,,,,,
2020-07-01,5.55,5.56,5.17,5.4,27660,149364.0,,,,,
2020-07-02,5.04,5.4,5.03,5.2,61480,319696.0,,,,,
2020-07-03,5.2,5.3,5.2,5.25,33990,178447.5,,,,,
2020-07-06,5.25,5.25,5.1,5.13,30580,156875.4,,,,,
2020-07-07,5.4,5.4,5.2,5.25,17890,93922.5,,,,,
2020-07-08,5.33,5.33,5.15,5.15,7160,36874.0,,,,,
2020-07-09,5.23,5.23,5.2,5.23,10630,55594.9,,,,,
2020-07-10,5.23,5.23,5.05,5.15,17860,91979.0,,,,,
2020-07-13,5.1,5.2,5.04,5.2,23580,122616.0,,,,,
2020-07-14,5.18,5.18,5.0,5.05,11170,56408.5,,,,,
2020-07-15,5.05,5.19,5.05,5.07,11820,59927.4,,,,,
2020-07-16,5.1,5.19,5.04,5.07,22430,113720.1,,,,,
2020-07-17,5.1,5.18,5.09,5.12,14490,74188.8,,,,,
2020-07-20,5.1,5.12,5.08,5.12,2920,14950.4,,,,,
2020-07-21,5.2,5.2,5.08,5.09,10810,55022.9,,,,,
2020-07-22,5.09,5.09,5.05,5.05,8930,45096.5,,,,,
2020-07-23,4.95,5.0,4.81,4.81,15300,73593.0,,,,,
2020-07-24,4.81,5.1,4.75,5.1,32910,167841.0,,,,,
2020-07-27,4.9,5.3,4.75,4.75,17680,83980.0,,,,,
2020-07-28,4.45,5.08,4.45,5.08,12020,61061.6,,,,,
2020-07-29,5.08,5.08,4.73,4.8,17030,81744.0,,,,,
2020-07-30,4.8,4.82,4.8,4.8,5670,27216.0,,,,,
2020-07-31,5.0,5.0,4.7,4.9,2600,12740.000000000002,,,,,
2020-08-03,4.56,4.98,4.56,4.98,940,4681.200000000001,,,,,
2020-08-04,5.0,5.15,5.0,5.1,20140,102714.0,,,,,
2020-08-05,5.0,5.1,5.0,5.1,1690,8619.0,,,,,
2020-08-06,5.05,5.05,4.8,5.0,7770,38850.0,,,,,
2020-08-07,4.9,5.0,4.9,5.0,18800,94000.0,,,,,
2020-08-10,4.9,5.0,4.9,5.0,5310,26550.0,,,,,
2020-08-11,4.9,4.9,4.8,4.9,15900,77910.0,,,,,
2020-08-12,4.9,5.04,4.9,5.0,18010,90050.0,,,,,
2020-08-13,5.0,5.0,4.86,5.0,3470,17350.0,,,,,
2020-08-14,5.35,5.35,5.15,5.18,118180,612172.4,,,,,
2020-08-17,5.35,5.35,5.05,5.05,5620,28381.0,,,,,
2020-08-18,5.2,5.25,5.1,5.1,5280,26928.0,,,,,
2020-08-19,5.04,5.19,5.0,5.12,24440,125132.8,,,,,
2020-08-20,5.12,5.15,4.8,5.15,7980,41097.0,,,,,
2020-08-21,5.16,5.16,5.14,5.14,10940,56231.6,,,,,
2020-08-24,5.2,5.2,5.0,5.1,2380,12138.0,,,,,
2020-08-25,5.1,5.1,5.0,5.01,15290,76602.9,,,,,
2020-08-26,5.01,5.04,5.0,5.0,7850,39250.0,,,,,
2020-08-27,5.1,5.15,5.03,5.03,36420,183192.6,,,,,
2020-08-28,5.03,5.1,4.92,5.1,42640,217464.0,,,,,
2020-08-31,5.18,5.18,5.0,5.08,21930,111404.4,,,,,
2020-09-01,5.0,5.1,5.0,5.08,33470,170027.6,,,,,
2020-09-03,5.08,5.17,5.08,5.17,51240,264910.8,,,,,
2020-09-04,5.17,5.17,5.0,5.11,35700,182427.0,,,,,
2020-09-07,5.11,5.11,4.9,4.95,32740,162063.0,,,,,
2020-09-08,5.01,5.1,5.0,5.1,10450,53294.99999999999,,,,,
2020-09-09,5.1,5.1,4.91,5.1,11000,56099.99999999999,,,,,
2020-09-10,5.02,5.16,5.02,5.1,31640,161364.0,,,,,
2020-09-11,5.01,5.13,5.01,5.1,15360,78336.0,,,,,
2020-09-14,5.05,5.3,5.05,5.3,64290,340737.0,,,,,
2020-09-15,5.3,5.3,5.25,5.29,6470,34226.3,,,,,
2020-09-16,5.25,5.5,5.25,5.3,6690,35457.0,,,,,
2020-09-17,5.3,5.35,5.3,5.3,30780,163134.0,,,,,
2020-09-18,5.3,5.3,5.17,5.3,22400,118720.0,,,,,
2020-09-21,5.2,5.25,5.13,5.2,15280,79456.0,,,,,
2020-09-22,5.2,5.3,5.0,5.28,17860,94300.8,,,,,
2020-09-23,5.2,5.25,5.2,5.2,14430,75036.0,,,,,
2020-09-24,5.2,5.21,5.2,5.2,25340,131768.0,,,,,
2020-09-25,5.2,5.29,5.1,5.27,40460,213224.2,,,,,
2020-09-28,5.27,5.27,5.25,5.27,9270,48852.9,,,,,
2020-09-29,5.27,5.28,5.23,5.25,27630,145057.5,,,,,
2020-09-30,5.25,5.27,5.25,5.25,12780,67095.0,,,,,
2020-10-01,5.25,5.27,5.25,5.27,13420,70723.4,,,,,
2020-10-02,5.1,5.24,5.1,5.24,5140,26933.6,,,,,
2020-10-05,5.25,5.26,5.2,5.25,29840,156660.0,,,,,
2020-10-06,5.2,5.25,5.2,5.25,7100,37275.0,,,,,
2020-10-07,5.22,5.25,5.15,5.25,29840,156660.0,,,,,
2020-10-08,5.1,5.23,5.1,5.23,11360,59412.8,,,,,
2020-10-09,5.23,5.24,5.15,5.23,6450,33733.5,,,,,
2020-10-12,5.25,5.25,5.18,5.18,5240,27143.2,,,,,
2020-10-13,5.18,5.2,5.18,5.2,12510,65052.0,,,,,
2020-10-14,5.2,5.24,5.2,5.23,22270,116472.1,,,,,
2020-10-15,5.22,5.3,5.22,5.28,71820,379209.6,,,,,
2020-10-16,5.64,5.64,5.3,5.55,27770,154123.5,,,,,
2020-10-19,5.54,5.54,5.41,5.52,20580,113601.6,,,,,
2020-10-20,5.41,5.52,5.2,5.52,20290,112000.8,,,,,
2020-10-21,5.52,5.52,5.22,5.4,21840,117936.0,,,,,
2020-10-22,5.2,5.38,5.2,5.26,14860,78163.59999999999,,,,,
2020-10-23,5.4,5.4,5.35,5.35,8900,47615.0,,,,,
2020-10-26,5.35,5.4,5.25,5.4,23150,125010.0,,,,,
2020-10-27,5.22,5.3,5.2,5.2,37140,193128.0,,,,,
2020-10-28,5.2,5.21,5.0,5.21,4560,23757.6,,,,,
2020-10-29,4.85,5.5,4.85,5.25,29050,152512.5,,,,,
2020-10-30,5.25,5.5,5.16,5.35,1820,9737.0,,,,,
2020-11-02,5.35,5.5,5.35,5.4,50000,270000.0,,,,,
2020-11-03,5.4,5.5,5.3,5.4,26640,143856.0,,,,,
2020-11-04,5.12,5.5,5.06,5.4,21290,114966.0,,,,,
2020-11-05,5.5,5.5,5.31,5.5,12320,67760.0,,,,,
2020-11-06,5.5,5.5,5.45,5.45,910,4959.5,,,,,
2020-11-09,5.35,5.45,5.24,5.4,15990,86346.0,,,,,
2020-11-10,5.45,5.45,5.35,5.35,11590,62006.49999999999,,,,,
2020-11-11,5.45,5.72,5.45,5.7,71730,408861.0,,,,,
2020-11-12,5.75,6.09,5.74,6.09,112510,685185.9,,,,,
2020-11-13,6.51,6.51,6.5,6.51,78410,510449.1,,,,,
2020-11-16,6.96,6.96,6.96,6.96,120660,839793.6,,,,,
2020-11-17,7.44,7.44,7.44,7.44,62880,467827.2,,,,,
2020-11-18,7.96,7.96,7.96,7.96,46170,367513.2,,,,,
2020-11-19,8.51,8.51,8.51,8.51,157020,1336240.2,,,,,
2020-11-20,9.1,9.1,8.01,8.25,484760,3999270.0,,,,,
2020-11-23,8.25,8.82,8.25,8.82,227450,2006109.0,,,,,
2020-11-24,9.43,9.43,9.43,9.43,64660,609743.7999999999,,,,,
2020-11-25,10.05,10.05,10.05,10.05,101970,1024798.5,,,,,
2020-11-26,10.75,10.75,10.7,10.75,453620,4876415.0,,,,,
2020-11-27,11.5,11.5,11.5,11.5,24970,287155.0,,,,,
2020-11-30,12.3,12.3,12.3,12.3,35150,432345.0,,,,,
2020-12-01,12.9,13.15,12.2,13.15,705230,9273774.5,,,,,
2020-12-02,14.05,14.05,14.0,14.05,1011330,14209186.5,,,,,
2020-12-03,14.9,15.0,13.3,14.65,568790,8332773.5,,,,,
2020-12-04,13.65,14.2,13.65,13.65,360950,4926967.5,,,,,
2020-12-07,12.7,12.7,12.7,12.7,172000,2184400.0,,,,,
2020-12-08,11.85,11.85,11.85,11.85,92110,1091503.5,,,,,
2020-12-09,11.05,11.05,11.05,11.05,115870,1280363.5,,,,,
2020-12-10,10.3,11.8,10.3,11.8,518900,6123020.0,,,,,
2020-12-11,12.6,12.6,11.8,12.4,608490,7545276.0,,,,,
2020-12-14,12.4,12.7,12.2,12.45,368540,4588323.0,,,,,
2020-12-15,11.8,12.3,11.6,12.3,388920,4783716.0,,,,,
2020-12-16,13.1,13.1,12.4,12.75,219050,2792887.5,,,,,
2020-12-17,12.4,12.7,12.4,12.4,184080,2282592.0,,,,,
2020-12-18,12.4,12.4,12.1,12.3,143000,1758900.0,,,,,
2020-12-21,11.8,12.2,11.8,12.0,272910,3274920.0,,,,,
2020-12-22,12.6,12.8,12.3,12.8,382620,4897536.0,,,,,
2020-12-23,13.3,13.65,13.0,13.65,357650,4881922.5,,,,,
2020-12-24,13.65,13.8,12.8,13.1,181990,2384069.0,,,,,
2020-12-25,12.8,13.65,12.5,13.3,225420,2998086.0,,,,,
2020-12-28,13.95,13.95,13.0,13.2,188240,2484768.0,,,,,
2020-12-29,13.2,13.2,12.95,12.95,296970,3845761.5,,,,,
2020-12-30,12.8,13.2,12.8,12.9,110650,1427385.0,,,,,
2020-12-31,12.6,13.0,12.6,12.8,119180,1525504.0,,,,,
2021-01-04,12.8,13.65,12.8,13.65,428600,5850390.0,,,,,
2021-01-05,14.4,14.4,13.75,13.9,230600,3205340.0,,,,,
2021-01-06,13.45,13.9,13.45,13.5,293300,3959550.0,,,,,
2021-01-07,13.2,13.5,13.1,13.25,149700,1983525.0,,,,,
2021-01-08,13.3,13.7,13.25,13.35,126200,1684770.0,,,,,
2021-01-11,13.4,13.45,13.15,13.25,182600,2419450.0,,,,,
2021-01-12,13.2,14.0,13.1,14.0,229700,3215800.0,,,,,
2021-01-13,13.9,14.6,13.9,14.1,867800,12235980.0,,,,,
2021-01-14,14.1,14.3,14.05,14.1,269300,3797130.0,,,,,
2021-01-15,14.5,14.5,14.0,14.15,160100,2265415.0,,,,,
2021-01-18,14.15,14.2,13.9,14.1,187300,2640930.0,,,,,
2021-01-19,14.05,14.05,13.15,13.35,146300,1953105.0,,,,,
2021-01-20,13.35,13.4,12.45,12.9,159600,2058840.0,,,,,
2021-01-21,13.8,13.8,13.2,13.8,227600,3140880.0,,,,,
2021-01-22,14.7,14.7,13.85,14.0,399300,5590200.0,,,,,
2021-01-25,14.1,14.75,14.0,14.0,718000,10052000.0,,,,,
2021-01-26,13.5,13.9,13.1,13.4,188700,2528580.0,,,,,
2021-01-27,13.4,13.5,12.9,12.9,125300,1616370.0,,,,,
2021-01-28,12.0,12.05,12.0,12.0,146500,1758000.0,,,,,
2021-01-29,11.2,12.55,11.2,12.5,154000,1925000.0,,,,,
2021-02-01,13.35,13.35,13.0,13.0,312300,4059900.0,,,,,
2021-02-02,13.0,13.2,12.95,13.1,84400,1105640.0,,,,,
2021-02-03,13.0,13.3,12.6,13.25,83500,1106375.0,,,,,
2021-02-04,13.25,13.3,13.2,13.25,92900,1230925.0,,,,,
2021-02-05,13.5,13.5,13.1,13.25,83700,1109025.0,,,,,
2021-02-08,13.25,13.45,13.05,13.2,110800,1462560.0,,,,,
2021-02-09,13.0,13.55,12.9,13.55,124900,1692395.0,,,,,
2021-02-17,13.55,14.0,13.5,14.0,115200,1612800.0,,,,,
2021-02-18,14.0,14.0,13.6,13.6,95900,1304240.0,,,,,
2021-02-19,13.4,13.8,13.4,13.8,60300,832140.0,,,,,
2021-02-22,13.8,14.2,13.5,14.1,205100,2891910.0,,,,,
2021-02-23,14.2,14.2,13.85,13.9,96700,1344130.0,,,,,
2021-02-24,13.4,13.9,13.4,13.6,74500,1013200.0,,,,,
2021-02-25,13.5,13.75,13.5,13.6,50600,688160.0,,,,,
2021-02-26,13.6,14.55,13.5,14.55,585300,8516115.0,,,,,
2021-03-01,15.55,15.55,15.4,15.55,443700,6899535.0,,,,,
2021-03-02,16.6,16.6,16.0,16.35,761800,12455430.000000002,,,,,
2021-03-03,16.0,17.45,15.8,17.45,937200,16354140.0,,,,,
2021-03-04,18.45,18.65,17.6,18.5,672000,12432000.0,,,,,
2021-03-05,18.1,18.9,17.6,18.65,437100,8151914.999999999,,,,,
2021-03-08,18.0,19.7,17.85,18.95,932900,17678455.0,,,,,
2021-03-09,18.95,19.45,17.95,18.6,398600,7413960.000000001,,,,,
2021-03-10,18.5,18.5,17.5,17.55,552000,9687600.0,,,,,
2021-03-11,17.35,17.85,17.3,17.8,388800,6920640.0,,,,,
2021-03-12,18.2,18.2,17.0,17.6,272000,4787200.0,,,,,
2021-03-15,17.6,17.65,17.1,17.3,260900,4513570.0,,,,,
2021-03-16,17.2,17.2,16.8,17.15,179700,3081854.9999999995,,,,,
2021-03-17,17.15,17.65,17.1,17.5,174500,3053750.0,,,,,
2021-03-18,17.6,17.7,17.2,17.4,176000,3062399.9999999995,,,,,
2021-03-19,17.4,17.85,17.3,17.7,319500,5655150.0,,,,,
2021-03-22,17.7,17.8,17.35,17.35,134200,2328370.0,,,,,
2021-03-23,17.35,17.35,16.15,17.0,256600,4362200.0,,,,,
2021-03-24,16.2,17.0,16.0,16.2,182400,2954880.0,,,,,
2021-03-25,16.2,16.5,15.9,16.1,259200,4173120.000000001,,,,,
2021-03-26,15.8,16.3,15.2,15.8,185300,2927740.0,,,,,
2021-03-29,15.7,16.4,15.7,16.1,130200,2096220.0,,,,,
2021-03-30,16.1,16.5,16.0,16.2,76500,1239300.0,,,,,
2021-03-31,16.2,17.0,16.2,16.85,360200,6069370.000000001,,,,,
2021-04-01,17.4,17.4,16.85,17.0,192900,3279300.0,,,,,
2021-04-02,17.05,17.25,16.85,16.85,138900,2340465.0,,,,,
2021-04-05,17.15,17.2,16.5,16.8,142300,2390640.0,,,,,
2021-04-06,16.25,16.7,16.25,16.4,159900,2622360.0,,,,,
2021-04-07,16.4,17.0,16.3,16.8,176100,2958480.0,,,,,
2021-04-08,17.2,17.2,16.6,16.85,168600,2840910.0000000005,,,,,
2021-04-09,16.85,16.85,16.55,16.8,195600,3286080.0,,,,,
2021-04-12,16.8,17.15,16.8,17.1,440900,7539390.000000001,,,,,
2021-04-13,17.2,17.55,17.0,17.25,452800,7810800.0,,,,,
2021-04-14,17.3,18.45,17.0,18.45,1401900,25865055.0,,,,,
2021-04-15,19.3,19.4,18.6,18.9,832100,15726689.999999998,,,,,
2021-04-16,19.0,19.15,18.0,18.3,511900,9367770.0,,,,,
2021-04-19,18.3,19.55,18.0,19.55,3426900,66995895.0,,,,,
2021-04-20,20.3,20.4,18.2,19.4,1387700,26921380.0,,,,,
2021-04-22,18.6,19.35,18.2,18.2,621700,11314940.0,,,,,
2021-04-23,17.2,19.3,17.1,19.1,984400,18802040.0,,,,,
2021-04-26,19.1,19.1,17.8,17.8,639000,11374200.0,,,,,
2021-04-27,17.1,18.5,17.1,18.0,331400,5965200.0,,,,,
2021-04-28,18.0,18.1,17.5,18.0,231900,4174200.0,,,,,
2021-04-29,18.2,18.5,17.9,18.1,432100,7821010.000000001,,,,,
2021-05-04,17.6,18.9,17.3,18.25,526900,9615925.0,,,,,
2021-05-05,18.25,18.6,18.05,18.2,429600,7818720.0,,,,,
2021-05-06,18.2,18.4,17.9,17.95,304100,5458595.0,,,,,
2021-05-07,17.95,18.95,17.9,18.8,953200,17920160.0,,,,,
2021-05-10,19.0,20.1,19.0,20.1,1126900,22650690.0,,,,,
2021-05-11,21.5,21.5,20.1,20.25,1738600,35206650.0,,,,,
2021-05-12,19.65,20.1,19.5,20.0,587000,11740000.0,,,,,
2021-05-13,20.0,20.5,19.65,19.95,574700,11465265.0,,,,,
2021-05-14,19.4,19.85,18.85,19.2,958600,18405120.0,,,,,
2021-05-17,19.2,19.2,18.0,18.4,708000,13027199.999999998,,,,,
2021-05-18,18.5,19.5,18.5,18.9,463300,8756370.0,,,,,
2021-05-19,19.2,19.2,18.5,18.7,411400,7693180.0,,,,,
2021-05-20,18.25,18.4,17.5,17.9,626100,11207190.0,,,,,
2021-05-21,17.15,17.8,17.0,17.5,553600,9688000.0,,,,,
2021-05-24,17.5,17.55,17.25,17.35,418900,7267915.000000001,,,,,
2021-05-25,17.0,18.25,17.0,18.1,434600,7866260.000000001,,,,,
2021-05-26,18.15,18.3,17.6,17.75,412300,7318325.0,,,,,
2021-05-27,17.4,17.7,17.15,17.3,305400,5283420.0,,,,,
2021-05-28,17.3,17.55,17.1,17.4,282200,4910280.0,,,,,
2021-05-31,17.6,17.85,17.3,17.8,379900,6762220.0,,,,,
2021-06-01,18.0,18.0,17.5,17.5,237100,4149250.0,,,,,
2021-06-02,17.5,17.5,17.0,17.0,311200,5290400.0,,,,,
2021-06-03,17.0,17.3,16.9,16.95,486100,8239395.0,,,,,
2021-06-04,17.1,17.5,16.9,17.45,335600,5856220.0,,,,,
2021-06-07,17.5,17.5,16.85,17.0,214300,3643100.0,,,,,
2021-06-08,16.85,16.95,16.0,16.0,368900,5902400.0,,,,,
2021-06-09,16.0,16.6,15.5,16.2,315700,5114340.0,,,,,
2021-06-10,16.2,16.35,15.6,15.9,171900,2733210.0,,,,,
2021-06-11,15.8,16.2,15.8,16.1,444700,7159670.000000001,,,,,
2021-06-14,16.1,16.5,16.1,16.3,180200,2937260.0,,,,,
2021-06-15,16.3,16.3,15.9,16.0,166100,2657600.0,,,,,
2021-06-16,16.0,16.0,15.75,15.9,178200,2833380.0,,,,,
2021-06-17,15.8,15.9,15.8,15.9,121100,1925490.0,,,,,
2021-06-18,16.25,16.9,15.8,16.6,580000,9628000.0,,,,,
2021-06-21,16.8,17.15,16.6,16.8,397400,6676320.0,,,,,
2021-06-22,16.8,16.8,16.6,16.6,173400,2878440.0000000005,,,,,
2021-06-23,16.7,16.7,16.0,16.15,243800,3937370.0,,,,,
2021-06-24,16.5,16.5,15.8,16.0,249500,3992000.0,,,,,
2021-06-25,15.8,16.15,15.8,16.1,85200,1371720.0000000002,,,,,
2021-06-28,16.2,16.6,16.0,16.35,204400,3341940.0000000005,,,,,
2021-06-29,16.4,17.45,16.25,17.45,1465300,25569485.0,,,,,
2021-06-30,18.3,18.3,17.45,17.45,672700,11738615.0,,,,,
2021-07-01,17.6,17.6,17.0,17.25,251100,4331475.0,,,,,
2021-07-02,17.15,17.2,16.05,16.7,531700,8879390.0,,,,,
2021-07-05,16.25,16.7,16.25,16.4,356900,5853159.999999999,,,,,
2021-07-06,16.9,16.9,16.35,16.35,279100,4563285.0,,,,,
2021-07-07,16.35,16.35,15.6,16.05,256400,4115220.0,,,,,
2021-07-08,16.05,16.3,15.5,15.65,222900,3488385.0,,,,,
2021-07-09,15.5,15.65,14.8,14.9,233500,3479150.0,,,,,
2021-07-12,14.15,14.4,13.9,13.9,227500,3162250.0,,,,,
2021-07-13,14.4,14.4,13.85,14.0,206900,2896600.0,,,,,
2021-07-14,13.85,14.5,13.7,14.0,212100,2969400.0,,,,,
2021-07-15,13.8,14.2,13.8,14.2,102000,1448400.0,,,,,
2021-07-16,14.4,14.65,14.2,14.2,122800,1743760.0,,,,,
2021-07-19,14.0,14.1,13.25,13.25,280700,3719275.0,,,,,
2021-07-20,13.0,13.8,12.9,13.5,188500,2544750.0,,,,,
2021-07-21,13.8,14.1,13.45,13.5,167600,2262600.0,,,,,
2021-07-22,13.4,13.7,13.3,13.65,94900,1295385.0,,,,,
2021-07-23,13.3,13.65,13.3,13.4,186100,2493740.0,,,,,
2021-07-26,12.8,13.25,12.6,13.0,186600,2425800.0,,,,,
2021-07-27,13.1,13.5,13.0,13.4,110100,1475340.0,,,,,
2021-07-28,13.4,13.5,13.2,13.4,86500,1159100.0,,,,,
2021-07-29,13.4,13.6,13.35,13.5,98400,1328400.0,,,,,
2021-07-30,13.55,13.7,13.4,13.65,180400,2462460.0,,,,,
2021-08-02,13.6,14.2,13.5,14.0,340600,4768400.0,,,,,
2021-08-03,14.2,14.5,13.9,13.9,322000,4475800.0,,,,,
2021-08-04,13.9,14.25,13.9,14.1,156800,2210880.0,,,,,
2021-08-05,14.0,14.45,13.9,14.25,264000,3762000.0,,,,,
2021-08-06,14.45,15.0,14.2,15.0,507500,7612500.0,,,,,
2021-08-09,14.9,15.0,14.65,15.0,183000,2745000.0,,,,,
2021-08-10,15.0,15.8,15.0,15.25,249000,3797250.0,,,,,
2021-08-11,15.25,15.25,14.9,14.9,429100,6393590.0,,,,,
2021-08-12,14.1,14.85,14.1,14.75,241400,3560650.0,,,,,
2021-08-13,14.65,14.7,14.3,14.55,236600,3442530.0,,,,,
2021-08-16,14.6,14.9,14.6,14.9,295900,4408910.0,,,,,
2021-08-17,15.0,15.9,15.0,15.9,1026000,16313400.0,,,,,
2021-08-18,16.9,16.9,16.25,16.85,842500,14196125.000000002,,,,,
2021-08-19,17.0,17.5,17.0,17.2,408900,7033080.0,,,,,
2021-08-20,17.0,17.2,16.0,16.0,1155900,18494400.0,,,,,
2021-08-23,15.7,15.7,15.1,15.25,355800,5425950.0,,,,,
2021-08-24,15.05,15.85,15.05,15.55,190200,2957610.0,,,,,
2021-08-25,15.6,16.5,15.3,16.4,273600,4487040.0,,,,,
2021-08-26,16.5,17.0,16.0,16.0,228700,3659200.0,,,,,
2021-08-27,16.0,16.2,15.6,16.1,188600,3036460.0000000005,,,,,
2021-08-30,16.2,17.0,16.0,16.9,686300,11598469.999999998,,,,,
2021-08-31,17.0,17.2,16.6,16.8,606600,10190880.0,,,,,
2021-09-01,16.8,16.8,16.5,16.65,388000,6460199.999999999,,,,,
2021-09-06,16.3,17.4,16.3,17.4,791900,13779059.999999998,,,,,
2021-09-07,17.7,17.95,17.0,17.0,862400,14660800.0,,,,,
2021-09-08,16.85,17.3,16.85,16.9,374600,6330739.999999999,,,,,
2021-09-09,16.9,17.5,16.7,17.2,720600,12394320.0,,,,,
2021-09-10,17.2,17.5,16.9,17.0,292700,4975900.0,,,,,
2021-09-13,17.0,17.2,16.6,16.6,299900,4978340.0,,,,,
2021-09-14,16.15,16.55,16.0,16.2,591800,9587160.0,,,,,
2021-09-15,16.2,17.3,15.85,17.3,612100,10589330.0,,,,,
2021-09-16,17.9,17.9,17.0,17.25,523100,9023475.0,,,,,
2021-09-17,17.1,17.6,16.9,17.25,558500,9634125.0,,,,,
2021-09-20,17.25,17.3,16.7,16.95,395400,6702030.0,,,,,
2021-09-21,16.5,17.0,16.1,16.8,401300,6741840.0,,,,,
2021-09-22,16.9,17.2,16.8,17.1,407800,6973380.000000001,,,,,
2021-09-23,17.2,17.3,16.65,16.9,256200,4329780.0,,,,,
2021-09-24,17.0,17.0,16.5,16.5,187700,3097050.0,,,,,
2021-09-27,16.5,16.65,16.0,16.0,318000,5088000.0,,,,,
2021-09-28,15.8,16.7,15.8,16.7,222000,3707400.0,,,,,
2021-09-29,16.7,16.8,16.3,16.55,148700,2460985.0,,,,,
2021-09-30,16.9,17.0,16.5,16.55,162400,2687720.0,,,,,
2021-10-01,16.55,16.85,16.1,16.45,201300,3311385.0,,,,,
2021-10-04,16.65,17.4,16.65,17.35,772200,13397670.000000002,,,,,
2021-10-05,17.7,17.7,17.05,17.15,353600,6064239.999999999,,,,,
2021-10-06,17.15,17.5,17.15,17.5,507000,8872500.0,,,,,
2021-10-07,17.7,18.5,17.7,18.25,1183600,21600700.0,,,,,
2021-10-08,18.25,18.45,17.9,18.0,409100,7363800.0,,,,,
2021-10-11,18.1,18.2,17.9,18.05,476700,8604435.0,,,,,
2021-10-12,18.1,18.1,17.5,17.75,551000,9780250.0,,,,,
2021-10-13,17.85,17.95,17.4,17.6,416700,7333920.000000001,,,,,
2021-10-14,17.6,18.05,17.5,17.9,436200,7807979.999999999,,,,,
2021-10-15,17.9,18.6,17.9,18.4,984200,18109280.0,,,,,
2021-10-18,18.5,19.0,18.35,18.5,731800,13538300.0,,,,,
2021-10-19,18.5,18.5,18.15,18.2,437400,7960680.0,,,,,
2021-10-20,18.2,18.3,18.0,18.2,373700,6801340.0,,,,,
2021-10-21,18.2,18.5,18.2,18.35,434800,7978580.000000001,,,,,
2021-10-22,18.4,18.7,18.15,18.2,258700,4708340.0,,,,,
2021-10-25,17.5,18.1,17.5,17.5,430000,7525000.0,,,,,
2021-10-26,17.5,17.5,16.5,17.3,525300,9087690.0,,,,,
2021-10-27,17.3,17.45,17.1,17.3,727200,12580560.0,,,,,
2021-10-28,17.3,17.7,17.0,17.7,594600,10524420.0,,,,,
2021-10-29,17.95,17.95,17.3,17.4,412400,7175759.999999999,,,,,
2021-11-01,17.4,17.5,17.05,17.15,476000,8163399.999999999,,,,,
2021-11-02,16.9,17.15,16.9,17.05,751700,12816485.0,,,,,
2021-11-03,17.05,17.2,16.85,16.85,614700,10357695.0,,,,,
2021-11-04,16.85,17.4,16.6,17.0,332900,5659300.0,,,,,
2021-11-05,17.2,17.2,16.85,17.15,333100,5712664.999999999,,,,,
2021-11-08,17.15,17.2,16.95,17.05,398500,6794425.0,,,,,
2021-11-09,17.1,17.1,16.9,16.9,404800,6841119.999999999,,,,,
2021-11-10,16.9,16.9,16.7,16.8,445900,7491120.0,,,,,
2021-11-11,16.8,16.8,16.45,16.6,478500,7943100.000000001,,,,,
2021-11-12,16.65,16.95,16.6,16.85,321100,5410535.0,,,,,
2021-11-15,17.0,17.0,16.7,16.75,404200,6770350.0,,,,,
2021-11-16,16.75,16.8,16.5,16.65,459600,7652339.999999999,,,,,
2021-11-17,16.6,16.8,16.45,16.45,422600,6951770.0,,,,,
2021-11-18,16.5,16.5,15.9,15.95,861400,13739330.0,,,,,
2021-11-19,15.5,15.6,15.1,15.2,688700,10468240.0,,,,,
2021-11-22,15.0,15.7,15.0,15.5,335500,5200250.0,,,,,
2021-11-23,15.5,15.5,15.1,15.5,213800,3313900.0,,,,,
2021-11-24,15.55,15.55,15.3,15.35,249000,3822150.0,,,,,
2021-11-25,15.35,15.5,15.3,15.4,310600,4783240.0,,,,,
2021-11-26,15.4,15.9,15.35,15.85,778800,12343980.0,,,,,
2021-11-29,15.8,16.3,15.65,16.25,802300,13037375.0,,,,,
2021-11-30,16.25,16.25,16.1,16.1,334700,5388670.000000001,,,,,
2021-12-01,16.1,16.1,15.6,15.75,457100,7199325.0,,,,,
2021-12-02,15.75,15.75,15.45,15.55,274700,4271585.0,,,,,
2021-12-03,15.55,15.7,15.25,15.25,354200,5401550.0,,,,,
2021-12-06,15.1,15.3,14.3,14.3,346600,4956380.0,,,,,
2021-12-07,14.35,14.8,14.35,14.75,126600,1867350.0,,,,,
2021-12-08,15.1,15.2,14.6,14.75,185700,2739075.0,,,,,
2021-12-09,14.75,15.0,14.7,14.8,115400,1707920.0,,,,,
2021-12-10,14.7,15.0,14.5,14.8,127900,1892920.0,,,,,
2021-12-13,15.0,15.0,14.9,14.95,193800,2897310.0,,,,,
2021-12-14,14.95,15.95,14.85,15.95,769700,12276715.0,,,,,
2021-12-15,15.95,15.95,15.6,15.7,283700,4454090.0,,,,,
2021-12-16,16.0,16.0,15.2,15.3,249700,3820410.0,,,,,
2021-12-17,15.0,15.2,14.85,14.85,469100,6966135.0,,,,,
2021-12-20,14.8,15.1,14.8,14.9,142300,2120270.0,,,,,
2021-12-21,14.8,14.9,14.75,14.85,217600,3231360.0,,,,,
2021-12-22,14.85,14.85,14.65,14.65,219000,3208350.0,,,,,
2021-12-23,14.6,14.65,14.05,14.35,396900,5695515.0,,,,,
2021-12-24,14.2,14.6,14.2,14.55,169100,2460405.0,,,,,
2021-12-27,14.6,14.7,14.45,14.5,85600,1241200.0,,,,,
2021-12-28,14.5,14.6,14.35,14.45,249100,3599495.0,,,,,
2021-12-29,14.4,14.55,14.35,14.45,174300,2518635.0,,,,,
2021-12-30,14.45,14.7,14.45,14.55,179400,2610270.0,,,,,
2021-12-31,14.7,14.75,14.55,14.65,297900,4364235.0,,,,,
2022-01-04,14.65,14.7,14.5,14.65,315900,4627935.0,,,,,
2022-01-05,14.85,14.85,14.5,14.5,258900,3754050.0,,,,,
2022-01-06,14.5,14.5,14.4,14.5,229400,3326300.0,,,,,
2022-01-07,14.3,14.5,14.3,14.45,325300,4700585.0,,,,,
2022-01-10,14.5,14.55,14.25,14.25,326500,4652625.0,,,,,
2022-01-11,14.3,14.5,14.2,14.25,133600,1903800.0,,,,,
2022-01-12,14.25,14.35,13.8,14.0,208000,2912000.0,,,,,
2022-01-13,14.0,14.3,14.0,14.15,404000,5716600.0,,,,,
2022-01-14,14.15,14.15,13.8,13.9,100500,1396950.0,,,,,
2022-01-17,13.95,14.1,13.4,13.4,220000,2948000.0,,,,,
2022-01-18,13.4,13.4,12.5,12.5,293700,3671250.0,,,,,
2022-01-19,12.5,13.0,12.25,12.45,132400,1648380.0,,,,,
2022-01-20,12.45,13.3,12.25,13.2,90900,1199880.0,,,,,
2022-01-21,12.65,13.6,12.65,13.3,127500,1695750.0,,,,,
2022-01-24,13.35,13.35,12.5,12.5,131200,1640000.0,,,,,
2022-01-25,12.3,13.35,12.3,12.9,105200,1357080.0,,,,,
2022-01-26,13.35,13.35,12.9,13.0,42600,553800.0,,,,,
2022-01-27,12.9,13.1,12.8,13.0,63300,822900.0,,,,,
2022-01-28,13.0,13.25,12.8,12.95,54600,707070.0,,,,,
2022-02-07,13.05,13.5,13.05,13.3,94700,1259510.0,,,,,
2022-02-08,13.3,14.2,13.25,14.2,521800,7409560.0,,,,,
2022-02-09,14.5,15.15,14.5,15.15,978500,14824275.0,,,,,
2022-02-10,15.9,15.9,14.7,14.9,577900,8610710.0,,,,,
2022-02-11,14.85,15.25,14.5,14.85,328000,4870800.0,,,,,
2022-02-14,14.5,15.0,14.35,14.5,337100,4887950.0,,,,,
2022-02-15,14.5,14.5,14.2,14.4,175800,2531520.0,,,,,
2022-02-16,14.4,14.8,14.4,14.6,125900,1838140.0,,,,,
2022-02-17,14.5,14.7,14.4,14.6,185300,2705380.0,,,,,
2022-02-18,14.6,14.8,14.35,14.55,414200,6026610.0,,,,,
2022-02-21,14.7,14.7,14.35,14.45,377900,5460655.0,,,,,
2022-02-22,14.4,14.45,14.1,14.2,235300,3341260.0,,,,,
2022-02-23,14.2,14.5,14.2,14.4,192200,2767680.0,,,,,
2022-02-24,14.45,14.45,13.65,13.85,423900,5871015.0,,,,,
2022-02-25,14.2,14.2,13.95,14.0,154900,2168600.0,,,,,
2022-02-28,14.7,14.7,14.45,14.65,817800,11980770.0,,,,,
2022-03-01,14.9,14.95,14.6,14.6,832000,12147200.0,,,,,
2022-03-02,14.65,14.65,14.35,14.5,225100,3263950.0,,,,,
2022-03-03,14.9,15.5,14.5,15.5,1910600,29614300.0,,,,,
2022-03-04,16.0,16.0,15.3,15.3,1098300,16803990.0,,,,,
2022-03-07,15.45,15.95,15.45,15.75,850400,13393800.0,,,,,
2022-03-08,15.5,15.55,14.95,15.0,772000,11580000.0,,,,,
2022-03-09,15.4,15.4,14.75,15.35,596100,9150135.0,,,,,
2022-03-10,15.0,15.4,15.0,15.1,352600,5324260.0,,,,,
2022-03-11,15.0,15.1,14.75,14.75,468900,6916275.0,,,,,
2022-03-14,14.8,14.9,14.0,14.2,402700,5718340.0,,,,,
2022-03-15,14.0,14.35,13.8,14.3,415100,5935930.0,,,,,
2022-03-16,14.7,14.7,14.25,14.4,208100,2996640.0,,,,,
2022-03-17,14.4,14.65,13.5,14.25,255100,3635175.0,,,,,
2022-03-18,14.25,14.5,14.25,14.4,299700,4315680.0,,,,,
2022-03-21,14.5,14.7,14.35,14.4,301000,4334400.0,,,,,
2022-03-22,14.5,14.5,14.35,14.5,367900,5334550.0,,,,,
2022-03-23,14.55,14.7,14.4,14.45,406000,5866700.0,,,,,
2022-03-24,14.5,14.5,14.35,14.45,211800,3060510.0,,,,,
2022-03-25,14.45,14.5,14.35,14.5,339700,4925650.0,,,,,
2022-03-28,14.4,14.5,14.25,14.45,333300,4816185.0,,,,,
2022-03-29,14.45,14.45,14.25,14.3,218400,3123120.0,,,,,
2022-03-30,14.25,14.3,14.0,14.0,252000,3528000.0,,,,,
2022-03-31,14.0,14.2,13.7,13.75,288900,3972375.0,,,,,
2022-04-01,13.7,14.0,13.5,13.9,199700,2775830.0,,,,,
2022-04-04,14.0,14.1,13.9,13.95,149100,2079945.0,,,,,
2022-04-05,14.0,14.1,13.9,14.0,118000,1652000.0,,,,,
2022-04-06,14.0,14.2,13.85,13.85,220000,3047000.0,,,,,
2022-04-07,13.8,14.0,13.75,13.8,123700,1707060.0,,,,,
2022-04-08,13.8,13.85,13.6,13.6,154900,2106640.0,,,,,
2022-04-12,13.5,13.6,12.75,13.1,187100,2451010.0,,,,,
2022-04-13,13.1,13.2,12.7,13.05,131500,1716075.0,,,,,
2022-04-14,13.5,13.5,13.0,13.2,83200,1098240.0,,,,,
2022-04-15,13.2,13.2,12.8,12.8,112700,1442560.0,,,,,
2022-04-18,12.0,12.7,12.0,12.15,214900,2611035.0,,,,,
2022-04-19,12.0,12.5,11.85,11.85,161800,1917330.0,,,,,
2022-04-20,11.85,11.85,11.05,11.05,206100,2277405.0,,,,,
2022-04-21,11.0,11.0,10.3,10.5,251700,2642850.0,,,,,
2022-04-22,9.77,10.85,9.77,10.45,230500,2408725.0,,,,,
2022-04-25,10.5,10.8,9.72,9.8,106900,1047620.0,,,,,
2022-04-26,9.75,10.0,9.4,10.0,124400,1244000.0,,,,,
2022-04-27,10.2,10.45,10.0,10.45,99000,1034550.0,,,,,
2022-04-28,10.7,10.95,10.55,10.7,56400,603480.0,,,,,
2022-04-29,10.8,11.0,10.55,11.0,69900,768900.0,,,,,
2022-05-04,11.2,11.2,11.0,11.0,80000,880000.0,,,,,
2022-05-05,11.0,11.15,10.5,10.55,87800,926290.0,,,,,
2022-05-06,10.55,10.9,10.4,10.6,66800,708080.0,,,,,
2022-05-09,10.65,10.65,9.86,9.86,137600,1356736.0,,,,,
2022-05-10,9.19,9.7,9.19,9.7,104000,1008800.0,,,,,
2022-05-11,9.8,10.0,9.8,9.9,60100,594990.0,,,,,
2022-05-12,9.9,9.99,9.35,9.35,75500,705925.0,,,,,
2022-05-13,9.34,9.4,8.7,8.7,171000,1487699.9999999998,,,,,
2022-05-16,8.95,9.19,8.67,8.67,74400,645048.0,,,,,
2022-05-17,8.09,9.1,8.09,9.05,128800,1165640.0,,,,,
2022-05-18,9.54,9.54,9.1,9.15,82200,752130.0,,,,,
2022-05-19,9.0,9.1,8.8,9.0,92900,836100.0,,,,,
2022-05-20,9.0,9.08,8.8,8.99,49600,445904.0,,,,,
2022-05-23,8.86,9.1,8.86,8.95,58500,523575.0,,,,,
2022-05-24,9.06,9.06,8.7,8.7,81900,712530.0,,,,,
2022-05-25,8.7,8.9,8.5,8.78,114500,1005310.0,,,,,
2022-05-26,8.8,9.04,8.8,8.93,101100,902823.0,,,,,
2022-05-27,8.93,9.35,8.93,9.31,216200,2012822.0,,,,,
2022-05-30,9.34,9.38,9.2,9.31,171500,1596665.0,,,,,
2022-05-31,9.3,9.3,9.21,9.22,77700,716394.0,,,,,
2022-06-01,9.25,9.29,9.1,9.11,89600,816256.0,,,,,
2022-06-02,9.11,9.14,8.8,9.0,64800,583200.0,,,,,
2022-06-03,9.0,9.0,8.4,8.86,87400,774364.0,,,,,
2022-06-06,8.82,9.0,8.79,8.88,76800,681984.0000000001,,,,,
2022-06-07,8.9,8.9,8.4,8.59,76500,657135.0,,,,,
2022-06-08,8.6,8.7,8.59,8.69,115600,1004564.0,,,,,
2022-06-09,8.78,9.2,8.77,9.03,144700,1306641.0,,,,,
2022-06-10,9.03,9.15,8.94,9.03,73200,660996.0,,,,,
2022-06-13,8.4,8.89,8.4,8.4,103400,868560.0,,,,,
2022-06-14,8.27,8.3,8.0,8.11,136800,1109448.0,,,,,
2022-06-15,7.74,8.3,7.69,7.75,179300,1389575.0,,,,,
2022-06-16,7.75,8.2,7.6,7.82,70500,551310.0,,,,,
2022-06-17,7.8,7.8,7.36,7.36,97900,720544.0,,,,,
2022-06-20,6.9,7.2,6.9,7.15,183400,1311310.0,,,,,
2022-06-21,6.9,7.15,6.65,6.89,105700,728273.0,,,,,
2022-06-22,6.8,7.14,6.8,7.09,43800,310542.0,,,,,
2022-06-23,7.1,7.15,7.01,7.1,41200,292520.0,,,,,
2022-06-24,7.1,7.25,7.1,7.2,63300,455760.0,,,,,
2022-06-27,7.19,7.19,7.0,7.11,227600,1618236.0,,,,,
2022-06-28,7.2,7.3,7.13,7.17,55400,397218.0,,,,,
2022-06-29,7.18,7.25,7.09,7.23,54200,391866.0,,,,,
2022-06-30,7.23,7.26,7.05,7.05,82800,583740.0,,,,,
2022-07-01,6.7,7.07,6.7,7.07,57500,406525.0,,,,,
2022-07-04,7.08,7.1,6.71,7.01,53500,375035.0,,,,,
2022-07-05,7.0,7.1,7.0,7.09,136000,964240.0,,,,,
2022-07-06,7.0,7.1,6.9,7.03,50300,353609.0,,,,,
2022-07-07,6.8,7.08,6.8,6.95,37400,259930.0,,,,,
2022-07-08,7.0,7.09,6.95,7.0,33600,235200.0,,,,,
2022-07-11,7.14,7.14,6.97,7.0,34700,242900.0,,,,,
2022-07-12,7.01,7.15,7.0,7.15,55300,395395.0,,,,,
2022-07-13,7.14,7.36,7.1,7.2,115100,828720.0,,,,,
2022-07-14,7.28,7.28,7.05,7.2,78900,568080.0,,,,,
2022-07-15,7.2,7.29,7.0,7.2,105200,757440.0,,,,,
2022-07-18,7.29,7.29,7.0,7.0,105900,741300.0,,,,,
2022-07-19,7.01,7.2,7.0,7.19,67900,488201.0,,,,,
2022-07-20,7.15,7.5,7.11,7.35,197100,1448685.0,,,,,
2022-07-21,7.35,7.37,7.2,7.3,48200,351860.0,,,,,
2022-07-22,7.3,7.3,7.19,7.2,55600,400320.0,,,,,
2022-07-25,7.2,7.2,7.0,7.1,35600,252760.0,,,,,
2022-07-26,7.09,7.09,7.02,7.06,40000,282400.0,,,,,
2022-07-27,7.07,7.07,6.9,6.99,68600,479514.0,,,,,
2022-07-28,7.0,7.2,6.93,7.09,82400,584216.0,,,,,
2022-07-29,7.05,7.11,7.05,7.09,43000,304870.0,,,,,
2022-08-01,7.09,7.31,7.0,7.23,175600,1269588.0,,,,,
2022-08-02,7.25,7.26,7.17,7.23,181300,1310799.0,,,,,
2022-08-03,7.22,7.59,7.15,7.3,356900,2605370.0,,,,,
2022-08-04,7.79,7.79,7.59,7.64,267500,2043700.0,,,,,
2022-08-05,7.63,7.63,7.35,7.6,157000,1193200.0,,,,,
2022-08-08,7.6,8.1,7.5,7.79,227900,1775341.0,,,,,
2022-08-09,7.99,8.0,7.8,7.95,261600,2079720.0,,,,,
2022-08-10,7.96,7.96,7.75,7.82,121300,948566.0,,,,,
2022-08-11,7.83,7.83,7.59,7.65,204100,1561365.0,,,,,
2022-08-12,7.65,7.85,7.52,7.85,226400,1777240.0,,,,,
2022-08-15,7.88,8.0,7.8,7.98,197300,1574454.0,,,,,
2022-08-16,7.96,8.15,7.95,8.15,187500,1528125.0,,,,,
2022-08-17,8.25,8.25,7.61,7.61,267200,2033392.0,,,,,
2022-08-18,8.0,8.0,7.62,7.67,91100,698737.0,,,,,
2022-08-19,7.8,7.88,7.67,7.69,69200,532148.0,,,,,
2022-08-22,7.68,7.79,7.5,7.54,167300,1261442.0,,,,,
2022-08-23,7.5,7.66,7.5,7.66,80600,617396.0,,,,,
2022-08-24,7.8,7.8,7.57,7.67,98300,753961.0,,,,,
2022-08-25,7.67,7.75,7.62,7.72,73200,565104.0,,,,,
2022-08-26,7.75,7.75,7.55,7.66,38800,297208.0,,,,,
2022-08-29,7.59,7.6,7.4,7.5,107300,804750.0,,,,,
2022-08-30,7.5,7.6,7.47,7.51,76600,575266.0,,,,,
2022-08-31,7.51,7.6,7.48,7.5,81000,607500.0,,,,,
2022-09-05,7.5,7.9,7.5,7.82,310500,2428110.0,,,,,
2022-09-06,7.79,7.98,7.79,7.83,105300,824499.0,,,,,
2022-09-07,7.83,7.85,7.5,7.65,140100,1071765.0,,,,,
2022-09-08,7.7,7.7,7.42,7.43,63000,468090.0,,,,,
2022-09-09,7.45,7.5,7.22,7.45,44200,329290.0,,,,,
2022-09-12,7.5,7.6,7.45,7.46,48400,361064.0,,,,,
2022-09-13,7.22,7.47,7.2,7.35,57100,419685.0,,,,,
2022-09-14,7.35,7.35,7.31,7.35,70600,518910.0,,,,,
2022-09-15,7.35,7.4,7.2,7.29,46600,339714.0,,,,,
2022-09-16,7.25,7.28,7.15,7.17,28400,203628.0,,,,,
2022-09-19,7.17,7.2,6.7,6.98,109200,762216.0,,,,,
2022-09-20,6.98,7.0,6.5,6.8,184100,1251880.0,,,,,
2022-09-21,6.8,6.9,6.7,6.7,59800,400660.0,,,,,
2022-09-22,6.7,6.8,6.58,6.78,52300,354594.0,,,,,
2022-09-23,6.9,6.91,6.6,6.6,67500,445500.0,,,,,
2022-09-26,6.9,6.9,6.14,6.18,145800,901044.0,,,,,
2022-09-27,6.21,6.5,6.05,6.16,91700,564872.0,,,,,
2022-09-28,6.15,6.16,6.05,6.05,92700,560835.0,,,,,
2022-09-29,6.1,6.19,6.0,6.0,93800,562800.0,,,,,
2022-09-30,6.0,6.1,5.74,5.95,125600,747320.0,,,,,
2022-10-03,5.95,5.96,5.54,5.54,47500,263150.0,,,,,
2022-10-04,5.54,5.88,5.5,5.54,63600,352344.0,,,,,
2022-10-05,5.21,5.79,5.21,5.54,55500,307470.0,,,,,
2022-10-06,5.7,5.7,5.32,5.38,31300,168394.0,,,,,
2022-10-07,5.3,5.3,5.01,5.17,78800,407396.0,,,,,
2022-10-10,4.82,5.4,4.82,5.26,49100,258266.0,,,,,
2022-10-11,5.01,5.15,4.9,4.93,120800,595544.0,,,,,
2022-10-12,4.9,5.1,4.88,4.95,85800,424710.0,,,,,
2022-10-13,4.98,4.98,4.88,4.89,31800,155502.0,,,,,
2022-10-14,5.19,5.19,4.9,5.0,73000,365000.0,,,,,
2022-10-17,5.0,5.03,4.9,4.95,74600,369270.0,,,,,
2022-10-18,5.05,5.05,4.98,4.99,75900,378741.0,,,,,
2022-10-19,5.0,5.04,4.93,4.96,46400,230144.0,,,,,
2022-10-20,4.98,5.0,4.95,4.95,49500,245025.0,,,,,
2022-10-21,5.0,5.0,4.7,4.7,67200,315840.0,,,,,
2022-10-24,4.7,4.7,4.38,4.4,56600,249040.00000000003,,,,,
2022-10-25,4.45,4.45,4.11,4.3,68600,294980.0,,,,,
2022-10-26,4.35,4.48,4.2,4.3,22900,98470.0,,,,,
2022-10-27,4.2,4.52,4.2,4.5,59200,266400.0,,,,,
2022-10-28,4.56,4.77,4.4,4.4,38700,170280.0,,,,,
2022-10-31,4.1,4.4,4.1,4.2,198300,832860.0,,,,,
2022-11-01,4.0,4.43,4.0,4.43,75800,335794.0,,,,,
2022-11-02,4.43,4.48,4.25,4.25,77800,330650.0,,,,,
2022-11-03,4.24,4.43,4.24,4.3,41100,176730.0,,,,,
2022-11-04,4.31,4.31,4.0,4.2,38000,159600.0,,,,,
2022-11-07,3.94,4.3,3.91,3.95,76800,303360.0,,,,,
2022-11-08,3.7,4.08,3.7,3.86,51700,199562.0,,,,,
2022-11-09,4.0,4.06,3.96,3.99,49700,198303.0,,,,,
2022-11-10,3.99,3.99,3.8,3.9,141400,551460.0,,,,,
2022-11-11,3.99,3.99,3.81,3.84,62100,238464.0,,,,,
2022-11-14,3.85,3.85,3.63,3.64,46500,169260.0,,,,,
2022-11-15,3.64,3.73,3.48,3.48,45700,159036.0,,,,,
2022-11-16,3.5,3.72,3.24,3.72,103400,384648.0,,,,,
2022-11-17,3.97,3.98,3.89,3.98,82100,326758.0,,,,,
2022-11-18,4.25,4.25,4.0,4.17,135100,563367.0,,,,,
2022-11-21,4.38,4.38,4.0,4.24,100400,425696.0,,,,,
2022-11-22,4.35,4.4,4.2,4.24,111400,472336.0,,,,,
2022-11-23,4.2,4.25,4.02,4.02,29000,116580.0,,,,,
2022-11-24,4.05,4.2,4.05,4.17,28200,117594.0,,,,,
2022-11-25,4.17,4.25,4.17,4.25,48900,207825.0,,,,,
2022-11-28,4.49,4.5,4.3,4.46,114000,508440.0,,,,,
2022-11-29,4.55,4.69,4.48,4.54,125000,567500.0,,,,,
2022-11-30,4.54,4.6,4.44,4.6,132600,609960.0,,,,,
2022-12-01,4.6,4.9,4.6,4.7,243900,1146330.0,,,,,
2022-12-02,4.7,4.84,4.49,4.83,100900,487347.0,,,,,
2022-12-05,4.83,5.0,4.83,4.95,237700,1176615.0,,,,,
2022-12-06,5.29,5.29,5.29,5.29,407300,2154617.0,,,,,
2022-12-07,5.66,5.66,5.3,5.66,525400,2973764.0,,,,,
2022-12-08,6.05,6.05,5.59,5.59,759000,4242810.0,,,,,
2022-12-09,5.53,5.65,5.2,5.3,225400,1194620.0,,,,,
2022-12-12,5.53,5.57,5.25,5.26,178400,938384.0,,,,,
2022-12-13,4.93,5.19,4.9,5.01,297800,1491978.0,,,,,
2022-12-14,5.02,5.2,5.02,5.07,71100,360477.0,,,,,
2022-12-15,5.07,5.18,5.0,5.08,73800,374904.0,,,,,
2022-12-16,5.08,5.43,4.84,5.43,316400,1718052.0,,,,,
2022-12-19,5.81,5.81,5.81,5.81,231300,1343853.0,,,,,
2022-12-20,6.21,6.21,5.41,6.1,738300,4503630.0,,,,,
2022-12-21,6.12,6.2,5.8,6.1,273500,1668350.0,,,,,
2022-12-22,6.0,6.2,5.7,5.75,181700,1044775.0,,,,,
2022-12-23,5.55,5.62,5.41,5.5,104500,574750.0,,,,,
2022-12-26,5.42,5.44,5.12,5.12,156200,799744.0,,,,,
2022-12-27,4.77,5.47,4.77,5.47,378900,2072583.0,,,,,
2022-12-28,5.5,5.84,5.47,5.7,112300,640110.0,,,,,
2022-12-29,5.9,5.9,5.4,5.4,79400,428760.0,,,,,
2022-12-30,5.4,5.5,5.2,5.5,54600,300300.0,,,,,
2023-01-03,5.49,5.85,5.47,5.7,311200,1773840.0,,,,,
2023-01-04,5.7,5.85,5.39,5.7,84100,479370.0,,,,,
2023-01-05,5.7,5.7,5.32,5.45,149200,813140.0,,,,,
2023-01-06,5.4,5.65,5.4,5.5,117500,646250.0,,,,,
2023-01-09,5.5,5.6,5.3,5.35,84100,449935.0,,,,,
2023-01-10,5.2,5.49,5.2,5.39,101000,544390.0,,,,,
2023-01-11,5.65,5.65,5.42,5.45,158000,861100.0,,,,,
2023-01-12,5.45,5.57,5.3,5.41,49700,268877.0,,,,,
2023-01-13,5.4,5.52,5.4,5.41,110700,598887.0,,,,,
2023-01-16,5.5,5.5,5.41,5.48,58200,318936.0,,,,,
2023-01-17,5.43,5.75,5.42,5.75,272900,1569175.0,,,,,
2023-01-18,5.8,5.99,5.79,5.79,221100,1280169.0,,,,,
2023-01-19,5.8,5.8,5.65,5.69,284800,1620512.0,,,,,
2023-01-27,5.75,5.9,5.69,5.75,68900,396175.0,,,,,
2023-01-30,5.75,5.9,5.7,5.79,153200,887028.0,,,,,
2023-01-31,5.93,5.93,5.69,5.82,126200,734484.0,,,,,
2023-02-01,5.85,5.93,5.6,5.6,208400,1167040.0,,,,,
2023-02-02,5.6,5.63,5.4,5.45,86600,471970.0,,,,,
2023-02-03,5.45,5.57,5.31,5.5,99400,546700.0,,,,,
2023-02-06,5.58,5.58,5.4,5.45,87100,474695.0,,,,,
2023-02-07,5.55,5.55,5.41,5.45,69400,378230.0,,,,,
2023-02-08,5.45,5.75,5.38,5.55,96400,535020.0,,,,,
2023-02-09,5.6,5.66,5.54,5.54,47500,263150.0,,,,,
2023-02-10,5.5,5.5,5.4,5.4,41300,223020.00000000003,,,,,
2023-02-13,5.12,5.45,5.12,5.27,47800,251906.0,,,,,
2023-02-14,5.54,5.54,5.11,5.3,25500,135150.0,,,,,
2023-02-15,5.3,5.44,5.02,5.42,64200,347964.0,,,,,
2023-02-16,5.42,5.49,5.35,5.43,64400,349692.0,,,,,
2023-02-17,5.45,5.46,5.3,5.38,68800,370144.0,,,,,
2023-02-20,5.49,5.49,5.38,5.48,117200,642256.0,,,,,
2023-02-21,5.5,5.5,5.42,5.46,163700,893802.0,,,,,
2023-02-22,5.46,5.55,5.28,5.5,381400,2097700.0,,,,,
2023-02-23,5.45,5.51,5.4,5.5,166700,916850.0,,,,,
2023-02-24,5.6,5.6,5.38,5.4,74500,402300.0,,,,,
2023-02-27,5.37,5.41,5.03,5.03,161200,810836.0,,,,,
2023-02-28,5.03,5.36,5.03,5.2,68800,357760.0,,,,,
2023-03-01,5.21,5.21,5.01,5.2,25200,131040.0,,,,,
2023-03-02,5.21,5.3,5.1,5.27,41300,217651.0,,,,,
2023-03-03,5.2,5.35,5.2,5.2,39200,203840.0,,,,,
2023-03-06,5.2,5.25,5.0,5.19,192700,1000113.0,,,,,
2023-03-07,5.1,5.21,5.1,5.21,95600,498076.0,,,,,
2023-03-08,5.2,5.2,5.1,5.19,71200,369528.0,,,,,
2023-03-09,5.2,5.24,5.13,5.17,58700,303479.0,,,,,
2023-03-10,5.16,5.16,5.1,5.14,103800,533532.0,,,,,
2023-03-13,5.1,5.15,5.03,5.1,86900,443190.0,,,,,
2023-03-14,5.1,5.1,5.0,5.08,74200,376936.0,,,,,
2023-03-15,5.09,5.15,5.08,5.09,99800,507982.0,,,,,
2023-03-16,5.0,5.08,5.0,5.07,74900,379743.0,,,,,
2023-03-17,5.09,5.1,5.0,5.07,95500,484185.0,,,,,
2023-03-20,5.07,5.07,4.95,4.95,109600,542520.0,,,,,
2023-03-21,4.99,5.0,4.92,4.95,76900,380655.0,,,,,
2023-03-22,4.95,4.95,4.9,4.93,56700,279531.0,,,,,
2023-03-23,4.93,4.93,4.6,4.9,48400,237160.00000000003,,,,,
2023-03-24,4.92,4.95,4.9,4.95,29500,146025.0,,,,,
2023-03-27,4.95,4.95,4.9,4.92,82600,406392.0,,,,,
2023-03-28,4.92,5.0,4.92,4.95,112000,554400.0,,,,,
2023-03-29,4.99,4.99,4.93,4.94,92300,455962.00000000006,,,,,
2023-03-30,4.93,4.97,4.92,4.94,85000,419900.00000000006,,,,,
2023-03-31,4.94,4.94,4.86,4.9,143800,704620.0,,,,,
2023-04-03,4.9,4.94,4.81,4.91,122200,600002.0,,,,,
2023-04-04,4.91,4.99,4.91,4.92,109700,539724.0,,,,,
2023-04-05,4.92,5.02,4.9,5.01,207400,1039074.0,,,,,
2023-04-06,5.11,5.11,5.03,5.07,64700,328029.0,,,,,
2023-04-07,5.07,5.07,4.99,5.02,81700,410134.0,,,,,
2023-04-10,5.0,5.02,4.95,4.95,87000,430650.0,,,,,
2023-04-11,4.95,5.07,4.89,4.9,104800,513520.00000000006,,,,,
2023-04-12,4.9,4.9,4.8,4.85,256700,1244995.0,,,,,
2023-04-13,4.54,4.84,4.54,4.75,141400,671650.0,,,,,
2023-04-14,4.75,4.88,4.7,4.7,103900,488330.0,,,,,
2023-04-17,4.8,4.8,4.66,4.74,62100,294354.0,,,,,
2023-04-18,4.61,4.78,4.61,4.72,45100,212872.0,,,,,
2023-04-19,4.72,4.76,4.7,4.7,63000,296100.0,,,,,
2023-04-20,4.65,4.72,4.61,4.68,67500,315900.0,,,,,
2023-04-21,4.7,4.7,4.55,4.57,72200,329954.0,,,,,
2023-04-24,4.75,4.75,4.5,4.51,67100,302621.0,,,,,
2023-04-25,4.5,4.62,4.5,4.52,81800,369736.0,,,,,
2023-04-26,4.62,4.7,4.62,4.69,120400,564676.0,,,,,
2023-04-27,4.7,4.7,4.59,4.64,26900,124816.0,,,,,
2023-04-28,4.5,4.68,4.5,4.64,149100,691824.0,,,,,
2023-05-04,4.6,4.62,4.55,4.6,42700,196420.0,,,,,
2023-05-05,4.6,4.65,4.53,4.6,32800,150880.0,,,,,
2023-05-08,4.52,4.7,4.51,4.58,58200,266556.0,,,,,
2023-05-09,4.58,4.6,4.54,4.56,55000,250800.0,,,,,
2023-05-10,4.56,4.59,4.54,4.56,77100,351575.99999999994,,,,,
2023-05-11,4.57,4.76,4.56,4.75,189300,899175.0,,,,,
2023-05-12,4.79,5.0,4.74,4.99,328100,1637219.0,,,,,
2023-05-15,4.99,5.09,4.83,4.83,293000,1415190.0,,,,,
2023-05-16,4.83,4.98,4.82,4.83,123900,598437.0,,,,,
2023-05-17,4.95,4.95,4.8,4.81,115000,553150.0,,,,,
2023-05-18,4.8,4.85,4.72,4.84,106600,515944.0,,,,,
2023-05-19,4.84,4.84,4.77,4.8,84000,403200.0,,,,,
2023-05-22,4.8,4.8,4.71,4.75,135500,643625.0,,,,,
2023-05-23,4.86,4.86,4.76,4.76,84500,402220.0,,,,,
2023-05-24,4.77,4.8,4.72,4.74,83200,394368.0,,,,,
2023-05-25,4.74,4.76,4.73,4.73,36700,173591.00000000003,,,,,
2023-05-26,4.73,4.76,4.72,4.76,157400,749224.0,,,,,
2023-05-29,4.83,4.99,4.81,4.96,419800,2082208.0,,,,,
2023-05-30,5.0,5.22,4.96,5.15,535000,2755250.0,,,,,
2023-05-31,5.15,5.3,5.1,5.2,335500,1744600.0,,,,,
2023-06-01,5.21,5.32,5.13,5.19,344800,1789512.0000000002,,,,,
2023-06-02,5.3,5.4,5.14,5.4,477000,2575800.0,,,,,
2023-06-05,5.77,5.77,5.77,5.77,207400,1196698.0,,,,,
2023-06-06,6.17,6.17,6.17,6.17,235100,1450567.0,,,,,
2023-06-07,6.6,6.6,6.6,6.6,231600,1528560.0,,,,,
2023-06-08,7.06,7.06,7.06,7.06,562600,3971956.0,,,,,
2023-06-09,7.55,7.55,7.0,7.5,2481300,18609750.0,,,,,
2023-06-12,7.78,7.9,7.2,7.36,606400,4463104.0,,,,,
2023-06-13,7.4,7.57,7.26,7.36,923800,6799168.0,,,,,
2023-06-14,7.3,7.32,7.0,7.16,748700,5360692.0,,,,,
2023-06-15,7.1,7.13,6.8,6.97,375900,2620023.0,,,,,
2023-06-16,6.97,7.25,6.8,6.8,475800,3235440.0,,,,,
2023-06-19,6.85,7.12,6.8,6.85,212200,1453570.0,,,,,
2023-06-20,7.14,7.14,6.75,6.9,215900,1489710.0,,,,,
2023-06-21,6.9,7.13,6.75,7.08,629500,4456860.0,,,,,
2023-06-22,7.09,7.2,7.08,7.1,470500,3340550.0,,,,,
2023-06-23,7.19,7.45,7.1,7.21,730300,5265463.0,,,,,
2023-06-26,7.2,7.2,6.8,6.99,287300,2008227.0,,,,,
2023-06-27,6.9,7.15,6.85,6.95,367200,2552040.0,,,,,
2023-06-28,7.0,7.0,6.8,6.94,296200,2055628.0,,,,,
2023-06-29,6.95,6.95,6.62,6.62,474500,3141190.0,,,,,
2023-06-30,6.42,6.62,6.42,6.45,270300,1743435.0,,,,,
2023-07-03,6.51,6.9,6.51,6.9,247900,1710510.0,,,,,
2023-07-04,7.38,7.38,7.06,7.11,670300,4765833.0,,,,,
2023-07-05,7.11,7.18,6.95,7.0,345900,2421300.0,,,,,
2023-07-06,7.0,7.0,6.51,6.7,271800,1821060.0,,,,,
2023-07-07,6.62,7.05,6.62,7.05,240600,1696230.0,,,,,
2023-07-10,7.0,7.1,6.78,6.9,803200,5542080.0,,,,,
2023-07-11,7.0,7.1,6.79,6.8,689600,4689280.0,,,,,
2023-07-12,7.1,7.1,6.78,6.99,793700,5547963.0,,,,,
2023-07-13,6.99,7.01,6.85,6.91,236000,1630760.0,,,,,
2023-07-14,7.0,7.39,7.0,7.39,1965300,14523567.0,,,,,
2023-07-17,7.9,7.9,7.9,7.9,399100,3152890.0,,,,,
2023-07-18,8.45,8.45,8.45,8.45,807100,6819994.999999999,,,,,
2023-07-19,9.04,9.04,7.92,8.1,2473800,20037780.0,,,,,
2023-07-20,8.11,8.3,8.04,8.05,714300,5750115.000000001,,,,,
2023-07-21,8.0,8.0,7.7,7.72,1807400,13953128.0,,,,,
2023-07-24,7.74,8.15,7.54,7.9,909300,7183470.0,,,,,
2023-07-25,7.9,8.0,7.81,7.81,476900,3724589.0,,,,,
2023-07-26,7.8,7.99,7.78,7.83,551200,4315896.0,,,,,
2023-07-27,7.83,7.84,7.65,7.73,841200,6502476.0,,,,,
2023-07-28,7.7,7.88,7.7,7.8,588600,4591080.0,,,,,
2023-07-31,7.7,7.75,7.55,7.63,915200,6982976.0,,,,,
2023-08-01,7.63,7.83,7.58,7.69,392200,3016018.0,,,,,
2023-08-02,7.6,7.7,7.44,7.5,844600,6334500.0,,,,,
2023-08-03,7.5,7.63,7.47,7.48,293500,2195380.0,,,,,
2023-08-04,7.45,7.5,7.39,7.49,567400,4249826.0,,,,,
2023-08-07,7.46,7.66,7.46,7.59,371700,2821203.0,,,,,
2023-08-08,7.63,7.67,7.58,7.61,358800,2730468.0,,,,,
2023-08-09,7.6,7.9,7.51,7.79,845700,6588003.0,,,,,
2023-08-10,7.8,7.97,7.65,7.66,485600,3719696.0,,,,,
2023-08-11,7.6,7.8,7.5,7.72,452600,3494072.0,,,,,
2023-08-14,7.72,7.96,7.72,7.81,542200,4234582.0,,,,,
2023-08-15,7.9,7.9,7.65,7.71,494900,3815679.0,,,,,
2023-08-16,7.71,7.71,7.56,7.59,462700,3511893.0,,,,,
2023-08-17,7.77,7.95,7.5,7.73,1678600,12975578.0,,,,,
2023-08-18,7.54,7.68,7.19,7.19,913800,6570222.0,,,,,
2023-08-21,7.09,7.09,6.7,6.81,529100,3603171.0,,,,,
2023-08-22,6.71,6.75,6.36,6.6,475800,3140280.0,,,,,
2023-08-23,6.66,6.73,6.56,6.6,335800,2216280.0,,,,,
2023-08-24,6.6,6.61,6.55,6.61,390800,2583188.0,,,,,
2023-08-25,6.61,6.61,6.55,6.57,314600,2066922.0,,,,,
2023-08-28,6.59,7.02,6.51,7.02,1453100,10200762.0,,,,,
2023-08-29,7.05,7.37,6.98,6.99,873700,6107163.0,,,,,
2023-08-30,7.01,7.21,6.71,6.94,893900,6203666.0,,,,,
2023-08-31,7.0,7.09,6.83,6.85,771400,5284090.0,,,,,
2023-09-05,6.9,7.2,6.89,6.99,554800,3878052.0,,,,,
2023-09-06,7.05,7.4,6.88,7.3,1590800,11612840.0,,,,,
2023-09-07,7.4,7.41,7.07,7.11,1253100,8909541.0,,,,,
2023-09-08,7.1,7.19,7.0,7.07,952000,6730640.0,,,,,
2023-09-11,7.09,7.1,6.8,6.85,917200,6282820.0,,,,,
2023-09-12,6.8,6.89,6.75,6.86,757200,5194392.0,,,,,
2023-09-13,6.81,7.1,6.81,6.81,968200,6593442.0,,,,,
2023-09-14,6.82,6.82,6.36,6.5,1221800,7941700.0,,,,,
2023-09-15,6.52,6.69,6.49,6.54,455700,2980278.0,,,,,
2023-09-18,6.21,6.5,6.16,6.19,966400,5982016.0,,,,,
2023-09-19,6.2,6.34,5.86,6.21,393900,2446119.0,,,,,
2023-09-20,6.29,6.3,6.21,6.3,325600,2051280.0,,,,,
2023-09-21,6.32,6.74,6.27,6.74,1376000,9274240.0,,,,,
2023-09-22,6.5,6.69,6.38,6.44,598400,3853696.000000001,,,,,
2023-09-25,6.44,6.62,5.99,5.99,706200,4230138.0,,,,,
2023-09-26,6.0,6.05,5.58,5.8,517600,3002080.0,,,,,
2023-09-27,5.8,6.0,5.7,5.99,278100,1665819.0,,,,,
2023-09-28,6.17,6.17,5.91,6.0,193000,1158000.0,,,,,
2023-09-29,6.01,6.13,5.8,5.8,207200,1201760.0,,,,,
2023-10-02,5.9,5.95,5.81,5.85,154700,904995.0,,,,,
2023-10-03,5.65,5.95,5.58,5.6,246500,1380400.0,,,,,
2023-10-04,5.5,5.61,5.48,5.58,254400,1419552.0,,,,,
2023-10-05,5.47,5.58,5.25,5.47,284300,1555121.0,,,,,
2023-10-06,5.21,5.59,5.21,5.3,354800,1880440.0,,,,,
2023-10-09,5.3,5.4,5.3,5.34,207500,1108050.0,,,,,
2023-10-10,5.49,5.49,5.37,5.42,258300,1399986.0,,,,,
2023-10-11,5.42,5.49,5.4,5.47,208500,1140495.0,,,,,
2023-10-12,5.56,5.56,5.43,5.45,206600,1125970.0,,,,,
2023-10-13,5.45,5.45,5.35,5.4,206400,1114560.0,,,,,
2023-10-16,5.1,5.33,5.1,5.2,365300,1899560.0,,,,,
2023-10-17,5.3,5.32,5.22,5.26,297400,1564324.0,,,,,
2023-10-18,5.26,5.26,4.9,5.13,393900,2020707.0,,,,,
2023-10-19,5.13,5.15,4.91,4.93,228400,1126012.0,,,,,
2023-10-20,4.7,5.0,4.7,4.9,168900,827610.0000000001,,,,,
2023-10-23,4.91,4.95,4.68,4.78,379000,1811620.0,,,,,
2023-10-24,4.93,4.93,4.79,4.79,156000,747240.0,,,,,
2023-10-25,4.8,4.91,4.73,4.86,113000,549180.0,,,,,
2023-10-26,4.86,4.86,4.52,4.52,405600,1833312.0,,,,,
2023-10-27,4.5,4.59,4.25,4.45,206000,916700.0,,,,,
2023-10-30,4.47,4.51,4.44,4.44,162200,720168.0000000001,,,,,
2023-10-31,4.45,4.49,4.25,4.3,188800,811840.0,,,,,
2023-11-01,4.3,4.43,4.23,4.42,207000,914940.0,,,,,
2023-11-02,4.59,4.69,4.43,4.65,302800,1408020.0,,,,,
2023-11-03,4.65,4.8,4.6,4.62,195300,902286.0,,,,,
2023-11-06,4.62,4.72,4.59,4.71,205100,966021.0,,,,,
2023-11-07,4.71,4.71,4.6,4.66,135200,630032.0,,,,,
2023-11-08,4.7,4.89,4.62,4.89,233100,1139859.0,,,,,
2023-11-09,4.95,5.18,4.91,5.06,509500,2578070.0,,,,,
2023-11-10,5.07,5.07,4.85,4.85,689800,3345529.9999999995,,,,,
2023-11-13,4.95,5.12,4.81,4.95,497900,2464605.0,,,,,
2023-11-14,5.09,5.09,4.89,4.94,466400,2304016.0,,,,,
2023-11-15,5.06,5.06,4.87,4.89,1086600,5313474.0,,,,,
2023-11-16,4.89,4.89,4.8,4.89,275400,1346706.0,,,,,
2023-11-17,4.93,4.99,4.8,4.89,651600,3186324.0,,,,,
2023-11-20,4.8,4.85,4.65,4.76,376900,1794044.0,,,,,
2023-11-21,4.8,4.94,4.76,4.83,500800,2418864.0,,,,,
2023-11-22,4.83,4.83,4.7,4.78,497600,2378528.0,,,,,
2023-11-23,4.8,4.8,4.71,4.71,538800,2537748.0,,,,,
2023-11-24,4.71,4.72,4.63,4.68,314400,1471392.0,,,,,
2023-11-27,4.83,4.85,4.56,4.59,439600,2017764.0,,,,,
2023-11-28,4.6,4.62,4.5,4.61,290300,1338283.0,,,,,
2023-11-29,4.61,4.65,4.58,4.59,295700,1357263.0,,,,,
2023-11-30,4.62,4.65,4.55,4.59,792400,3637116.0,,,,,
2023-12-01,4.65,4.65,4.57,4.6,486200,2236520.0,,,,,
2023-12-04,4.6,4.75,4.6,4.74,943900,4474086.0,,,,,
2023-12-05,4.75,4.79,4.68,4.69,575600,2699564.0,,,,,
2023-12-06,4.72,4.72,4.63,4.69,679100,3184979.0000000005,,,,,
2023-12-07,4.69,4.75,4.61,4.75,1108000,5263000.0,,,,,
2023-12-08,4.75,5.08,4.74,5.08,3605000,18313400.0,,,,,
2023-12-11,5.43,5.43,5.1,5.43,4711100,25581273.0,,,,,
2023-12-12,5.6,5.81,5.6,5.81,6025400,35007574.0,,,,,
2023-12-13,5.97,5.97,5.5,5.5,4589400,25241700.0,,,,,
2023-12-14,5.55,5.75,5.12,5.12,4623400,23671808.0,,,,,
2023-12-15,5.05,5.12,4.85,4.9,3771100,18478390.0,,,,,
2023-12-18,4.9,5.09,4.85,4.91,1864200,9153222.0,,,,,
2023-12-19,4.92,5.0,4.82,4.95,2353700,11650815.0,,,,,
2023-12-20,5.0,5.0,4.85,4.85,2044100,9913885.0,,,,,
2023-12-21,4.88,4.88,4.76,4.83,1663100,8032773.0,,,,,
2023-12-22,4.81,4.87,4.8,4.8,986900,4737120.0,,,,,
2023-12-25,4.81,5.13,4.8,5.13,4494900,23058837.0,,,,,
2023-12-26,5.28,5.37,5.18,5.2,2479200,12891840.0,,,,,
2023-12-27,5.2,5.24,5.03,5.04,2625700,13233528.0,,,,,
2023-12-28,5.11,5.13,5.04,5.08,2358400,11980672.0,,,,,
2023-12-29,5.1,5.15,5.07,5.12,1598700,8185344.0,,,,,
2024-01-02,5.15,5.16,5.01,5.01,2033300,10186833.0,,,,,
2024-01-03,5.05,5.36,5.04,5.36,3116900,16706584.000000002,,,,,
2024-01-04,5.73,5.73,5.31,5.31,4987800,26485218.0,,,,,
2024-01-05,5.33,5.53,5.29,5.48,2556500,14009620.000000002,,,,,
2024-01-08,5.6,5.69,5.38,5.4,2237000,12079800.0,,,,,
2024-01-09,5.41,5.44,5.24,5.3,1358900,7202170.0,,,,,
2024-01-10,5.3,5.49,5.28,5.3,1265500,6707150.0,,,,,
2024-01-11,5.32,5.45,5.28,5.3,1361000,7213300.0,,,,,
2024-01-12,5.34,5.34,5.2,5.22,1623700,8475714.0,,,,,
2024-01-15,5.23,5.27,5.1,5.1,2249500,11472450.0,,,,,
2024-01-16,5.1,5.44,5.08,5.39,1659900,8946861.0,,,,,
2024-01-17,5.37,5.37,5.24,5.25,1018800,5348700.0,,,,,
2024-01-18,5.34,5.34,5.14,5.21,872100,4543641.0,,,,,
2024-01-19,5.29,5.32,5.22,5.22,896000,4677120.0,,,,,
2024-01-22,5.25,5.58,5.25,5.55,5414000,30047700.0,,,,,
2024-01-23,5.66,5.66,5.45,5.48,1321000,7239080.000000001,,,,,
2024-01-24,5.49,5.65,5.47,5.48,2061700,11298116.0,,,,,
2024-01-25,5.5,5.63,5.48,5.51,2363400,13022334.0,,,,,
2024-01-26,5.52,5.6,5.42,5.42,2212700,11992834.0,,,,,
2024-01-29,5.45,5.48,5.28,5.33,2430300,12953499.0,,,,,
2024-01-30,5.2,5.36,5.19,5.36,1933900,10365704.0,,,,,
2024-01-31,5.39,5.4,5.19,5.19,2152800,11173032.0,,,,,
2024-02-01,5.2,5.28,5.2,5.27,776400,4091628.0,,,,,
2024-02-02,5.28,5.28,5.18,5.19,1608200,8346558.000000001,,,,,
2024-02-05,4.83,4.95,4.83,4.83,4946300,23890629.0,,,,,
2024-02-06,4.5,4.69,4.5,4.64,4233500,19643440.0,,,,,
2024-02-07,4.67,4.84,4.67,4.84,1128700,5462908.0,,,,,
2024-02-15,4.95,4.95,4.86,4.89,1332000,6513480.0,,,,,
2024-02-16,4.95,4.95,4.86,4.88,883400,4310992.0,,,,,
2024-02-19,5.0,5.22,5.0,5.22,4037200,21074184.0,,,,,
2024-02-20,5.5,5.5,5.3,5.42,3177600,17222592.0,,,,,
2024-02-21,5.37,5.44,5.2,5.31,1463400,7770653.999999999,,,,,
2024-02-22,5.35,5.39,5.22,5.28,1617800,8541984.0,,,,,
2024-02-23,5.31,5.6,5.31,5.38,3938300,21188054.0,,,,,
2024-02-26,5.4,5.45,5.18,5.38,2319000,12476220.0,,,,,
2024-02-27,5.38,5.6,5.34,5.45,2861500,15595175.0,,,,,
2024-02-28,5.52,5.54,5.39,5.42,1634400,8858448.0,,,,,
2024-02-29,5.44,5.46,5.25,5.31,1906000,10120860.0,,,,,
2024-03-01,5.35,5.4,5.16,5.26,2219800,11676148.0,,,,,
2024-03-04,5.31,5.39,5.25,5.28,2031700,10727376.0,,,,,
2024-03-05,5.35,5.64,5.2,5.64,6451500,36386460.0,,,,,
2024-03-06,6.0,6.0,5.72,5.83,4244500,24745435.0,,,,,
2024-03-07,5.85,5.88,5.72,5.79,2611700,15121743.0,,,,,
2024-03-08,5.79,5.8,5.6,5.65,3139800,17739870.0,,,,,
2024-03-11,5.63,5.64,5.3,5.3,3110500,16485650.0,,,,,
2024-03-12,5.4,5.4,5.28,5.28,1696000,8954880.0,,,,,
2024-03-13,5.25,5.38,5.24,5.35,1588700,8499545.0,,,,,
2024-03-14,5.38,5.41,5.25,5.27,1872800,9869656.0,,,,,
2024-03-15,5.27,5.33,5.24,5.31,1327400,7048493.999999999,,,,,
2024-03-18,5.31,5.36,4.96,5.2,2712600,14105520.0,,,,,
2024-03-19,5.2,5.4,5.19,5.29,1687800,8928462.0,,,,,
2024-03-20,5.39,5.39,5.24,5.29,1051800,5564022.0,,,,,
2024-03-21,5.34,5.34,5.26,5.3,1096300,5810390.0,,,,,
2024-03-22,5.3,5.4,5.28,5.32,1920800,10218656.0,,,,,
2024-03-25,5.35,5.44,5.29,5.29,1502600,7948754.0,,,,,
2024-03-26,5.29,5.31,5.26,5.29,833600,4409744.0,,,,,
2024-03-27,5.3,5.44,5.2,5.3,2065800,10948740.0,,,,,
2024-03-28,5.3,5.38,5.2,5.28,1800100,9504528.0,,,,,
2024-03-29,5.22,5.23,4.96,5.06,7131100,36083366.0,,,,,
2024-04-01,4.95,5.01,4.86,4.92,3280000,16137600.0,,,,,
2024-04-02,4.9,5.07,4.8,5.02,2192100,11004341.999999998,,,,,
2024-04-03,4.85,5.0,4.67,4.67,4872200,22753174.0,,,,,
2024-04-04,4.35,4.35,4.35,4.35,2263800,9847530.0,,,,,
2024-04-05,4.05,4.05,4.05,4.05,899400,3642570.0,,,,,
2024-04-08,3.77,3.77,3.77,3.77,1578100,5949437.0,,,,,
2024-04-09,3.51,4.03,3.51,4.03,8769400,35340682.0,,,,,
2024-04-10,4.27,4.27,4.01,4.03,1912500,7707375.000000001,,,,,
2024-04-11,3.95,4.0,3.75,3.75,2025200,7594500.0,,,,,
2024-04-12,3.49,3.49,3.49,3.49,1209200,4220108.0,,,,,
2024-04-15,3.25,3.25,3.25,3.25,1014000,3295500.0,,,,,
2024-04-16,3.03,3.03,3.03,3.03,673900,2041917.0,,,,,
2024-04-17,2.83,3.2,2.83,2.94,4797000,14103180.0,,,,,
2024-04-19,2.83,3.14,2.83,3.1,1882300,5835130.0,,,,,
2024-04-22,2.98,3.2,2.95,2.96,1228600,3636656.0,,,,,
2024-04-23,2.96,2.99,2.76,2.85,2107200,6005520.0,,,,,
2024-04-24,2.82,2.88,2.76,2.77,1191000,3299070.0,,,,,
2024-04-25,2.79,2.93,2.75,2.84,1327400,3769816.0,,,,,
2024-04-26,2.85,2.89,2.75,2.76,714800,1972848.0,,,,,
2024-05-02,2.65,2.74,2.64,2.66,841400,2238124.0,,,,,
2024-05-03,2.55,2.7,2.55,2.64,1190900,3143976.0,,,,,
2024-05-06,2.65,2.77,2.65,2.73,1585400,4328142.0,,,,,
2024-05-07,2.84,2.84,2.74,2.82,1117100,3150222.0,,,,,
2024-05-08,2.82,2.88,2.77,2.82,1280100,3609882.0,,,,,
2024-05-09,2.8,2.85,2.79,2.81,1482800,4166668.0,,,,,
2024-05-23,2.8,2.8,2.8,2.8,0,0.0,,,,,
2024-05-24,3.2,3.9,2.8,3.9,9113000,35540700.0,,,,,
2024-05-27,3.7,3.7,3.7,3.7,0,0.0,,,,,
2024-05-28,3.7,3.7,3.7,3.7,0,0.0,,,,,
2024-05-29,3.7,3.7,3.7,3.7,0,0.0,,,,,
2024-05-30,3.7,3.7,3.7,3.7,0,0.0,,,,,
2024-05-31,3.9,4.1,3.2,3.4,4414064,15007817.6,,,,,
2024-06-03,3.4,3.4,3.4,3.4,0,0.0,,,,,
2024-06-04,3.4,3.4,3.4,3.4,0,0.0,,,,,
2024-06-05,3.4,3.4,3.4,3.4,0,0.0,,,,,
2024-06-06,3.4,3.4,3.4,3.4,0,0.0,,,,,
2024-06-07,3.4,3.5,3.0,3.1,3894581,12073201.1,,,,,
2024-06-10,3.1,3.1,3.1,3.1,0,0.0,,,,,
2024-06-11,3.1,3.1,3.1,3.1,0,0.0,,,,,
2024-06-12,3.1,3.1,3.1,3.1,0,0.0,,,,,
2024-06-13,3.1,3.1,3.1,3.1,0,0.0,,,,,
2024-06-14,3.1,3.3,3.1,3.2,2251672,7205350.4,,,,,
2024-06-17,3.2,3.2,3.2,3.2,0,0.0,,,,,
2024-06-18,3.2,3.2,3.2,3.2,0,0.0,,,,,
2024-06-19,3.2,3.2,3.2,3.2,0,0.0,,,,,
2024-06-20,3.2,3.2,3.2,3.2,0,0.0,,,,,
2024-06-21,3.2,3.3,3.0,3.1,1832024,5679274.4,,,,,
2024-06-24,3.2,3.2,3.2,3.2,0,0.0,,,,,
2024-06-25,3.2,3.2,3.2,3.2,0,0.0,,,,,
2024-06-26,3.2,3.2,3.2,3.2,0,0.0,,,,,
2024-06-27,3.2,3.2,3.2,3.2,0,0.0,,,,,
2024-06-28,2.8,3.1,2.8,3.0,1276588,3829764.0,,,,,
2024-07-01,2.9,2.9,2.9,2.9,0,0.0,,,,,
2024-07-02,2.9,2.9,2.9,2.9,0,0.0,,,,,
2024-07-03,2.9,2.9,2.9,2.9,0,0.0,,,,,
2024-07-04,2.9,2.9,2.9,2.9,0,0.0,,,,,
2024-07-05,2.9,3.1,2.8,2.9,790853,2293473.7,,,,,
2024-07-08,2.9,2.9,2.9,2.9,0,0.0,,,,,
2024-07-09,2.9,2.9,2.9,2.9,0,0.0,,,,,
2024-07-10,2.9,2.9,2.9,2.9,0,0.0,,,,,
2024-07-11,2.9,2.9,2.9,2.9,0,0.0,,,,,
2024-07-12,2.9,2.9,2.7,2.8,1871074,5239007.199999999,,,,,
2024-07-15,2.8,2.8,2.8,2.8,0,0.0,,,,,
2024-07-16,2.8,2.8,2.8,2.8,0,0.0,,,,,
2024-07-17,2.8,2.8,2.8,2.8,0,0.0,,,,,
2024-07-18,2.8,2.8,2.8,2.8,0,0.0,,,,,
2024-07-19,2.8,2.8,2.5,2.7,2121522,5728109.4,,,,,
2024-07-22,2.6,2.6,2.6,2.6,0,0.0,,,,,
2024-07-23,2.6,2.6,2.6,2.6,0,0.0,,,,,
2024-07-24,2.6,2.6,2.6,2.6,0,0.0,,,,,
2024-07-25,2.6,2.6,2.6,2.6,0,0.0,,,,,
2024-07-26,2.6,2.7,2.5,2.6,932619,2424809.4,,,,,
2024-07-29,2.6,2.6,2.6,2.6,0,0.0,,,,,
2024-07-30,2.6,2.6,2.6,2.6,0,0.0,,,,,
2024-07-31,2.6,2.6,2.6,2.6,0,0.0,,,,,
2024-08-01,2.6,2.6,2.6,2.6,0,0.0,,,,,
2024-08-02,2.6,2.6,2.3,2.5,1233360,3083400.0,,,,,
2024-08-05,2.4,2.4,2.4,2.4,0,0.0,,,,,
2024-08-06,2.4,2.4,2.4,2.4,0,0.0,,,,,
2024-08-07,2.4,2.4,2.4,2.4,0,0.0,,,,,
2024-08-08,2.4,2.4,2.4,2.4,0,0.0,,,,,
2024-08-09,2.5,2.7,2.5,2.7,834807,2253978.9000000004,,,,,
2024-08-12,2.7,2.7,2.7,2.7,0,0.0,,,,,
2024-08-13,2.7,2.7,2.7,2.7,0,0.0,,,,,
2024-08-14,2.7,2.7,2.7,2.7,0,0.0,,,,,
2024-08-15,2.7,2.7,2.7,2.7,0,0.0,,,,,
2024-08-16,2.3,3.1,2.3,3.0,1826200,5478600.0,,,,,
2024-08-19,3.0,3.0,3.0,3.0,0,0.0,,,,,
2024-08-20,3.0,3.0,3.0,3.0,0,0.0,,,,,
2024-08-21,3.0,3.0,3.0,3.0,0,0.0,,,,,
2024-08-22,3.0,3.0,3.0,3.0,0,0.0,,,,,
2024-08-23,3.0,3.0,2.7,2.9,2092679,6068769.1,,,,,
2024-08-26,2.8,2.8,2.8,2.8,0,0.0,,,,,
2024-08-27,2.8,2.8,2.8,2.8,0,0.0,,,,,
2024-08-28,2.8,2.8,2.8,2.8,0,0.0,,,,,
2024-08-29,2.8,2.8,2.8,2.8,0,0.0,,,,,
2024-08-30,2.8,2.8,2.7,2.7,493182,1331591.4,,,,,
2024-09-04,2.7,2.7,2.7,2.7,0,0.0,,,,,
2024-09-05,2.7,2.7,2.7,2.7,0,0.0,,,,,
2024-09-06,2.7,2.8,2.5,2.7,1652270,4461129.0,,,,,
2024-09-09,2.6,2.6,2.6,2.6,0,0.0,,,,,
2024-09-10,2.6,2.6,2.6,2.6,0,0.0,,,,,
2024-09-11,2.6,2.6,2.6,2.6,0,0.0,,,,,
2024-09-12,2.6,2.6,2.6,2.6,0,0.0,,,,,
2024-09-13,2.7,2.9,2.7,2.9,2144483,6219000.7,,,,,
2024-09-16,2.9,2.9,2.9,2.9,0,0.0,,,,,
2024-09-17,2.9,2.9,2.9,2.9,0,0.0,,,,,
2024-09-18,2.9,2.9,2.9,2.9,0,0.0,,,,,
2024-09-19,2.9,2.9,2.9,2.9,0,0.0,,,,,
2024-09-20,3.0,3.2,2.9,3.0,1817190,5451570.0,,,,,
2024-09-23,3.1,3.1,3.1,3.1,0,0.0,,,,,
2024-09-24,3.1,3.1,3.1,3.1,0,0.0,,,,,
2024-09-25,3.1,3.1,3.1,3.1,0,0.0,,,,,
2024-09-26,3.1,3.1,3.1,3.1,0,0.0,,,,,
2024-09-27,3.1,3.1,2.9,2.9,1339486,3884509.4,,,,,
2024-09-30,3.0,3.0,3.0,3.0,0,0.0,,,,,
2024-10-01,3.0,3.0,3.0,3.0,0,0.0,,,,,
2024-10-02,3.0,3.0,3.0,3.0,0,0.0,,,,,
2024-10-03,3.0,3.0,3.0,3.0,0,0.0,,,,,
2024-10-04,3.0,3.0,2.7,2.8,1438034,4026495.2,,,,,
2024-10-07,2.8,2.8,2.8,2.8,0,0.0,,,,,
2024-10-08,2.8,2.8,2.8,2.8,0,0.0,,,,,
2024-10-09,2.8,2.8,2.8,2.8,0,0.0,,,,,
2024-10-10,2.8,2.8,2.8,2.8,0,0.0,,,,,
2024-10-11,2.8,2.9,2.7,2.9,1289140,3738506.0,,,,,
2024-10-14,2.8,2.8,2.8,2.8,0,0.0,,,,,
2024-10-15,2.8,2.8,2.8,2.8,0,0.0,,,,,
2024-10-16,2.8,2.8,2.8,2.8,0,0.0,,,,,
2024-10-17,2.8,2.8,2.8,2.8,0,0.0,,,,,
2024-10-18,2.7,2.9,2.7,2.8,898972,2517121.6,,,,,
2024-10-21,2.8,2.8,2.8,2.8,0,0.0,,,,,
2024-10-22,2.8,2.8,2.8,2.8,0,0.0,,,,,
2024-10-23,2.8,2.8,2.8,2.8,0,0.0,,,,,
2024-10-24,2.8,2.8,2.8,2.8,0,0.0,,,,,
2024-10-25,2.8,2.8,2.6,2.7,509384,1375336.8,,,,,
2024-10-28,2.7,2.7,2.7,2.7,0,0.0,,,,,
2024-10-29,2.7,2.7,2.7,2.7,0,0.0,,,,,
2024-10-30,2.7,2.7,2.7,2.7,0,0.0,,,,,
2024-10-31,2.7,2.7,2.7,2.7,0,0.0,,,,,
2024-11-01,2.6,2.8,2.6,2.6,441894,1148924.4,,,,,
2024-11-04,2.7,2.7,2.7,2.7,0,0.0,,,,,
2024-11-05,2.7,2.7,2.7,2.7,0,0.0,,,,,
2024-11-06,2.7,2.7,2.7,2.7,0,0.0,,,,,
2024-11-07,2.7,2.7,2.7,2.7,0,0.0,,,,,
2024-11-08,2.8,2.8,2.6,2.7,330240,891648.0000000001,,,,,
2024-11-11,2.7,2.7,2.7,2.7,0,0.0,,,,,
2024-11-12,2.7,2.7,2.7,2.7,0,0.0,,,,,
2024-11-13,2.7,2.7,2.7,2.7,0,0.0,,,,,
2024-11-14,2.7,2.7,2.7,2.7,0,0.0,,,,,
2024-11-15,2.7,2.7,2.5,2.6,639264,1662086.4,,,,,
2024-11-18,2.5,2.5,2.5,2.5,0,0.0,,,,,
2024-11-19,2.5,2.5,2.5,2.5,0,0.0,,,,,
2024-11-20,2.5,2.5,2.5,2.5,0,0.0,,,,,
2024-11-21,2.5,2.5,2.5,2.5,0,0.0,,,,,
2024-11-22,2.5,2.6,2.3,2.5,1221537,3053842.5,,,,,
2024-11-25,2.4,2.4,2.4,2.4,0,0.0,,,,,
2024-11-26,2.4,2.4,2.4,2.4,0,0.0,,,,,
2024-11-27,2.4,2.4,2.4,2.4,0,0.0,,,,,
2024-11-28,2.4,2.4,2.4,2.4,0,0.0,,,,,
2024-11-29,2.4,2.5,2.3,2.5,1003085,2507712.5,,,,,
2024-12-02,2.4,2.4,2.4,2.4,0,0.0,,,,,
2024-12-03,2.4,2.4,2.4,2.4,0,0.0,,,,,
2024-12-04,2.4,2.4,2.4,2.4,0,0.0,,,,,
2024-12-05,2.4,2.4,2.4,2.4,0,0.0,,,,,
2024-12-06,2.4,2.5,2.3,2.4,1030351,2472842.4,,,,,
2024-12-09,2.4,2.4,2.4,2.4,0,0.0,,,,,
2024-12-10,2.4,2.4,2.4,2.4,0,0.0,,,,,
2024-12-11,2.4,2.4,2.4,2.4,0,0.0,,,,,
2024-12-12,2.4,2.4,2.4,2.4,0,0.0,,,,,
2024-12-13,2.4,2.4,2.3,2.4,593110,1423464.0,,,,,
2024-12-16,2.3,2.3,2.3,2.3,0,0.0,,,,,
2024-12-17,2.3,2.3,2.3,2.3,0,0.0,,,,,
2024-12-18,2.3,2.3,2.3,2.3,0,0.0,,,,,
2024-12-19,2.3,2.3,2.3,2.3,0,0.0,,,,,
2024-12-20,2.3,2.3,2.0,2.2,1755416,3861915.2,,,,,
2024-12-23,2.1,2.1,2.1,2.1,0,0.0,,,,,
2024-12-24,2.1,2.1,2.1,2.1,0,0.0,,,,,
2024-12-25,2.1,2.1,2.1,2.1,0,0.0,,,,,
2024-12-26,2.1,2.1,2.1,2.1,0,0.0,,,,,
2024-12-27,2.1,2.3,2.1,2.2,714320,1571504.0000000002,,,,,
2024-12-30,2.2,2.2,2.2,2.2,0,0.0,,,,,
2024-12-31,2.2,2.2,2.2,2.2,0,0.0,,,,,
2025-01-02,2.2,2.2,2.2,2.2,0,0.0,,,,,
2025-01-03,2.3,2.3,2.1,2.2,439796,967551.2,,,,,
2025-01-06,2.2,2.2,2.2,2.2,0,0.0,,,,,
2025-01-07,2.2,2.2,2.2,2.2,0,0.0,,,,,
2025-01-08,2.2,2.2,2.2,2.2,0,0.0,,,,,
2025-01-09,2.2,2.2,2.2,2.2,0,0.0,,,,,
2025-01-10,2.2,2.3,2.1,2.1,648391,1361621.1,,,,,
2025-01-13,2.2,2.2,2.2,2.2,0,0.0,,,,,
2025-01-14,2.2,2.2,2.2,2.2,0,0.0,,,,,
2025-01-15,2.2,2.2,2.2,2.2,0,0.0,,,,,
2025-01-16,2.2,2.2,2.2,2.2,0,0.0,,,,,
2025-01-17,2.2,2.3,2.1,2.2,1501400,3303080.0000000005,,,,,
2025-01-20,2.2,2.2,2.2,2.2,0,0.0,,,,,
2025-01-21,2.2,2.2,2.2,2.2,0,0.0,,,,,
2025-01-22,2.2,2.2,2.2,2.2,0,0.0,,,,,
2025-01-23,2.2,2.2,2.2,2.2,0,0.0,,,,,
2025-01-24,2.3,2.3,2.0,2.2,1177226,2589897.2,,,,,
2025-02-03,2.1,2.1,2.1,2.1,0,0.0,,,,,
2025-02-04,2.1,2.1,2.1,2.1,0,0.0,,,,,
2025-02-05,2.1,2.1,2.1,2.1,0,0.0,,,,,
2025-02-06,2.1,2.1,2.1,2.1,0,0.0,,,,,
2025-02-07,2.1,2.2,2.0,2.2,1006987,2215371.4000000004,,,,,
2025-02-10,2.1,2.1,2.1,2.1,0,0.0,,,,,
2025-02-11,2.1,2.1,2.1,2.1,0,0.0,,,,,
2025-02-12,2.1,2.1,2.1,2.1,0,0.0,,,,,
2025-02-13,2.1,2.1,2.1,2.1,0,0.0,,,,,
2025-02-14,2.1,2.2,2.1,2.2,539956,1187903.2000000002,,,,,
2025-02-17,2.1,2.1,2.1,2.1,0,0.0,,,,,
2025-02-18,2.1,2.1,2.1,2.1,0,0.0,,,,,
2025-02-19,2.1,2.1,2.1,2.1,0,0.0,,,,,
2025-02-20,2.1,2.1,2.1,2.1,0,0.0,,,,,
2025-02-21,2.1,2.2,2.1,2.1,1161685,2439538.5,,,,,
2025-02-24,2.1,2.1,2.1,2.1,0,0.0,,,,,
2025-02-25,2.1,2.1,2.1,2.1,0,0.0,,,,,
2025-02-26,2.1,2.1,2.1,2.1,0,0.0,,,,,
2025-02-27,2.1,2.1,2.1,2.1,0,0.0,,,,,
2025-02-28,2.2,2.4,2.1,2.4,3928722,9428932.8,,,,,
2025-03-03,2.4,2.4,2.4,2.4,0,0.0,,,,,
2025-03-04,2.4,2.4,2.4,2.4,0,0.0,,,,,
2025-03-05,2.4,2.4,2.4,2.4,0,0.0,,,,,
2025-03-06,2.4,2.4,2.4,2.4,0,0.0,,,,,
2025-03-07,2.4,2.4,2.1,2.2,1844595,4058109.000000001,,,,,
2025-03-10,2.2,2.2,2.2,2.2,0,0.0,,,,,
2025-03-11,2.2,2.2,2.2,2.2,0,0.0,,,,,
2025-03-12,2.2,2.2,2.2,2.2,0,0.0,,,,,
2025-03-13,2.2,2.2,2.2,2.2,0,0.0,,,,,
2025-03-14,2.2,2.2,2.0,2.1,906827,1904336.7,,,,,
2025-03-17,2.1,2.1,2.1,2.1,0,0.0,,,,,
2025-03-18,2.1,2.1,2.1,2.1,0,0.0,,,,,
2025-03-19,2.1,2.1,2.1,2.1,0,0.0,,,,,
2025-03-20,2.1,2.1,2.1,2.1,0,0.0,,,,,
2025-03-21,2.0,2.1,2.0,2.1,731684,1536536.4,,,,,
2025-03-24,2.0,2.0,2.0,2.0,0,0.0,,,,,
2025-03-25,2.0,2.0,2.0,2.0,0,0.0,,,,,
2025-03-26,2.0,2.0,2.0,2.0,0,0.0,,,,,
2025-03-27,2.0,2.0,2.0,2.0,0,0.0,,,,,
2025-03-28,2.1,2.1,1.9,2.0,604273,1208546.0,,,,,
2025-03-31,2.0,2.0,2.0,2.0,0,0.0,,,,,
2025-04-01,2.0,2.0,2.0,2.0,0,0.0,,,,,
2025-04-02,2.0,2.0,2.0,2.0,0,0.0,,,,,
2025-04-03,2.0,2.0,2.0,2.0,0,0.0,,,,,
2025-04-04,1.7,1.8,1.7,1.7,1991369,3385327.3,,,,,
2025-04-08,1.7,1.7,1.7,1.7,0,0.0,,,,,
2025-04-09,1.7,1.7,1.7,1.7,0,0.0,,,,,
2025-04-10,1.7,1.7,1.7,1.7,0,0.0,,,,,
2025-04-11,1.9,1.9,1.5,1.6,2132133,3411412.8000000003,,,,,
2025-04-14,1.6,1.6,1.6,1.6,0,0.0,,,,,
2025-04-15,1.6,1.6,1.6,1.6,0,0.0,,,,,
2025-04-16,1.6,1.6,1.6,1.6,0,0.0,,,,,
2025-04-17,1.6,1.6,1.6,1.6,0,0.0,,,,,
2025-04-18,1.6,1.6,1.4,1.5,1481531,2222296.5,,,,,
2025-04-21,1.5,1.5,1.5,1.5,0,0.0,,,,,
2025-04-22,1.5,1.5,1.5,1.5,0,0.0,,,,,
2025-04-23,1.5,1.5,1.5,1.5,0,0.0,,,,,
2025-04-24,1.5,1.5,1.5,1.5,0,0.0,,,,,
2025-04-25,1.4,1.6,1.4,1.5,771259,1156888.5,,,,,
2025-04-28,1.4,1.4,1.4,1.4,0,0.0,,,,,
2025-04-29,1.4,1.4,1.4,1.4,0,0.0,,,,,
2025-05-05,1.4,1.4,1.4,1.4,0,0.0,,,,,
2025-05-06,1.4,1.4,1.4,1.4,0,0.0,,,,,
2025-05-07,1.4,1.4,1.4,1.4,0,0.0,,,,,
2025-05-08,1.4,1.4,1.4,1.4,0,0.0,,,,,
2025-05-09,1.4,1.5,1.4,1.5,577969,866953.5,,,,,
2025-05-12,1.4,1.4,1.4,1.4,0,0.0,,,,,
2025-05-13,1.4,1.4,1.4,1.4,0,0.0,,,,,
2025-05-14,1.4,1.4,1.4,1.4,0,0.0,,,,,
2025-05-15,1.4,1.4,1.4,1.4,0,0.0,,,,,
2025-05-16,1.4,1.6,1.4,1.6,1710450,2736720.0,,,,,
2025-05-19,1.5,1.5,1.5,1.5,0,0.0,,,,,
2025-05-20,1.5,1.5,1.5,1.5,0,0.0,,,,,
2025-05-21,1.5,1.5,1.5,1.5,0,0.0,,,,,
2025-05-22,1.5,1.5,1.5,1.5,0,0.0,,,,,
2025-05-23,1.5,1.5,1.4,1.5,651265,976897.5,,,,,
2025-05-26,1.5,1.5,1.5,1.5,0,0.0,,,,,
2025-05-27,1.5,1.5,1.5,1.5,0,0.0,,,,,
2025-05-28,1.5,1.5,1.5,1.5,0,0.0,,,,,
2025-05-29,1.5,1.5,1.5,1.5,0,0.0,,,,,
2025-05-30,1.5,1.6,1.4,1.4,952228,1333119.2,,,,,
2025-06-02,1.5,1.5,1.5,1.5,0,0.0,,,,,
2025-06-03,1.5,1.5,1.5,1.5,0,0.0,,,,,
2025-06-04,1.5,1.5,1.5,1.5,0,0.0,,,,,
2025-06-05,1.5,1.5,1.5,1.5,0,0.0,,,,,
2025-06-06,1.5,1.6,1.4,1.6,1107395,1771832.0,,,,,
2025-06-09,1.5,1.5,1.5,1.5,0,0.0,,,,,
2025-06-10,1.5,1.5,1.5,1.5,0,0.0,,,,,
2025-06-11,1.5,1.5,1.5,1.5,0,0.0,,,,,
2025-06-12,1.5,1.5,1.5,1.5,0,0.0,,,,,
2025-06-13,1.5,1.6,1.4,1.6,887188,1419500.8,,,,,
2025-06-16,1.5,1.5,1.5,1.5,0,0.0,,,,,
2025-06-17,1.5,1.5,1.5,1.5,0,0.0,,,,,
2025-06-18,1.5,1.5,1.5,1.5,0,0.0,,,,,
2025-06-19,1.5,1.5,1.5,1.5,0,0.0,,,,,
2025-06-20,1.6,1.7,1.5,1.6,1764385,2823016.0,,,,,
2025-06-23,1.6,1.6,1.6,1.6,0,0.0,,,,,
2025-06-24,1.6,1.6,1.6,1.6,0,0.0,,,,,
2025-06-25,1.6,1.6,1.6,1.6,0,0.0,,,,,
2025-06-26,1.6,1.6,1.6,1.6,0,0.0,,,,,
2025-06-27,1.6,1.7,1.5,1.6,1488554,2381686.4,,,,,
2025-06-30,1.5,1.5,1.5,1.5,0,0.0,,,,,
2025-07-01,1.5,1.5,1.5,1.5,0,0.0,,,,,
2025-07-02,1.5,1.5,1.5,1.5,0,0.0,,,,,
2025-07-03,1.5,1.5,1.5,1.5,0,0.0,,,,,
2025-07-04,1.5,1.6,1.5,1.6,564927,903883.2,,,,,
2025-07-07,1.5,1.5,1.5,1.5,0,0.0,,,,,
2025-07-08,1.5,1.5,1.5,1.5,0,0.0,,,,,
2025-07-09,1.5,1.5,1.5,1.5,0,0.0,,,,,
2025-07-10,1.5,1.5,1.5,1.5,0,0.0,,,,,
2025-07-11,1.5,1.7,1.5,1.7,3896061,6623303.7,,,,,
2025-07-14,1.7,1.7,1.7,1.7,0,0.0,,,,,
2025-07-15,1.7,1.7,1.7,1.7,0,0.0,,,,,
2025-07-16,1.7,1.7,1.7,1.7,0,0.0,,,,,
2025-07-17,1.7,1.7,1.7,1.7,0,0.0,,,,,
2025-07-18,1.8,1.9,1.7,1.9,1631205,3099289.5,,,,,
2025-07-21,1.9,1.9,1.9,1.9,0,0.0,,,,,
2025-07-22,1.9,1.9,1.9,1.9,0,0.0,,,,,
2025-07-23,1.9,1.9,1.9,1.9,0,0.0,,,,,
2025-07-24,1.9,1.9,1.9,1.9,0,0.0,,,,,
2025-07-25,2.1,2.1,2.0,2.1,1903911,3998213.1,,,,,
2025-07-28,2.1,2.1,2.1,2.1,0,0.0,,,,,
2025-07-29,2.1,2.1,2.1,2.1,0,0.0,,,,,
2025-07-30,2.1,2.1,2.1,2.1,0,0.0,,,,,
2025-07-31,2.1,2.1,2.1,2.1,0,0.0,,,,,
2025-08-01,2.2,2.4,2.2,2.3,4375401,10063422.3,,,,,
2025-08-04,2.3,2.3,2.3,2.3,0,0.0,,,,,
2025-08-05,2.3,2.3,2.3,2.3,0,0.0,,,,,
2025-08-06,2.3,2.3,2.3,2.3,0,0.0,,,,,
2025-08-07,2.3,2.3,2.3,2.3,0,0.0,,,,,
2025-08-08,2.4,2.6,2.4,2.6,3551254,9233260.4,,,,,
2025-08-11,2.6,2.6,2.6,2.6,0,0.0,,,,,
2025-08-12,2.6,2.6,2.6,2.6,0,0.0,,,,,
2025-08-13,2.6,2.6,2.6,2.6,0,0.0,,,,,
2025-08-14,2.6,2.6,2.6,2.6,0,0.0,,,,,
2025-08-15,2.7,2.8,2.3,2.4,3848497,9236392.8,,,,,
2025-08-18,2.5,2.5,2.5,2.5,0,0.0,,,,,
2025-08-19,2.5,2.5,2.5,2.5,0,0.0,,,,,
2025-08-20,2.5,2.5,2.5,2.5,0,0.0,,,,,
2025-08-21,2.5,2.5,2.5,2.5,0,0.0,,,,,
2025-08-22,2.4,2.4,2.2,2.2,2430996,5348191.2,,,,,
2025-08-25,2.2,2.2,2.2,2.2,0,0.0,,,,,
2025-08-26,2.2,2.2,2.2,2.2,0,0.0,,,,,
2025-08-27,2.2,2.2,2.2,2.2,0,0.0,,,,,
2025-08-28,2.2,2.2,2.2,2.2,0,0.0,,,,,
2025-08-29,2.2,2.3,1.9,2.1,1216481,2554610.1,,,,,
2025-09-03,2.0,2.0,2.0,2.0,0,0.0,,,,,
2025-09-04,2.0,2.0,2.0,2.0,0,0.0,,,,,
2025-09-05,2.0,2.3,2.0,2.3,1651805,3799151.5,,,,,
2025-09-08,2.2,2.2,2.2,2.2,0,0.0,,,,,
2025-09-09,2.2,2.2,2.2,2.2,0,0.0,,,,,
2025-09-10,2.2,2.2,2.2,2.2,0,0.0,,,,,
2025-09-11,2.2,2.2,2.2,2.2,0,0.0,,,,,
2025-09-12,2.1,2.4,2.1,2.3,575072,1322665.6,,,,,
2025-09-15,2.2,2.2,2.2,2.2,0,0.0,,,,,
2025-09-16,2.2,2.2,2.2,2.2,0,0.0,,,,,
2025-09-17,2.2,2.2,2.2,2.2,0,0.0,,,,,
2025-09-18,2.2,2.2,2.2,2.2,0,0.0,,,,,
2025-09-19,2.2,2.3,1.9,2.0,2273306,4546612.0,,,,,
2025-09-22,2.0,2.0,2.0,2.0,0,0.0,,,,,
2025-09-23,2.0,2.0,2.0,2.0,0,0.0,,,,,
2025-09-24,2.0,2.0,2.0,2.0,0,0.0,,,,,
2025-09-25,2.0,2.0,2.0,2.0,0,0.0,,,,,
2025-09-26,2.0,2.0,1.8,1.9,1237876,2351964.4,,,,,
2025-09-29,1.8,1.8,1.8,1.8,0,0.0,,,,,
2025-09-30,1.8,1.8,1.8,1.8,0,0.0,,,,,
2025-10-01,1.8,1.8,1.8,1.8,0,0.0,,,,,
2025-10-02,1.8,1.8,1.8,1.8,0,0.0,,,,,
2025-10-03,1.8,1.9,1.7,1.7,732582,1245389.4,,,,,
2025-10-06,1.8,1.8,1.8,1.8,0,0.0,,,,,
2025-10-07,1.8,1.8,1.8,1.8,0,0.0,,,,,
2025-10-08,1.8,1.8,1.8,1.8,0,0.0,,,,,
2025-10-09,,0.0,0.0,0.0,0,0.0,0.0,0.0,0.0,0.0,12913334.5
2025-10-10,1.8,2.0,1.8,2.0,1403400,2806800.0,100.0,0.0,2000.0,0.0,12913234.5
2025-10-13,,0.0,0.0,0.0,0,0.0,0.0,0.0,0.0,0.0,12913234.5
2025-10-14,,0.0,0.0,0.0,0,0.0,0.0,0.0,0.0,0.0,12913234.5
2025-10-15,,0.0,0.0,0.0,0,0.0,0.0,0.0,0.0,0.0,12913234.5
2025-10-16,,0.0,0.0,0.0,0,0.0,0.0,0.0,0.0,0.0,12913234.5
2025-10-17,2.0,2.1,1.9,2.0,563300,1126600.0,0.0,0.0,0.0,0.0,12913234.5
2025-10-20,,0.0,0.0,0.0,0,0.0,0.0,0.0,0.0,0.0,12913234.5
2025-10-21,,0.0,0.0,0.0,0,0.0,0.0,0.0,0.0,0.0,12913234.5
2025-10-22,,0.0,0.0,0.0,0,0.0,0.0,0.0,0.0,0.0,12913234.5
2025-10-23,,0.0,0.0,0.0,0,0.0,0.0,0.0,0.0,0.0,12913234.5
2025-10-24,2.1,2.1,1.9,2.0,767800,1535600.0,300.0,0.0,6000.0,0.0,12912934.5
2025-10-27,,0.0,0.0,0.0,0,0.0,0.0,0.0,0.0,0.0,12912934.5
2025-10-28,,0.0,0.0,0.0,0,0.0,0.0,0.0,0.0,0.0,12912934.5
2025-10-29,,0.0,0.0,0.0,0,0.0,0.0,0.0,0.0,0.0,12912934.5
2025-10-30,,0.0,0.0,0.0,0,0.0,0.0,0.0,0.0,0.0,12912934.5
2025-10-31,2.1,2.1,1.8,2.0,1344400,2688800.0,0.0,0.0,0.0,0.0,12910934.5
2025-11-03,,0.0,0.0,0.0,0,0.0,0.0,0.0,0.0,0.0,12912934.5
2025-11-04,,0.0,0.0,0.0,0,0.0,0.0,0.0,0.0,0.0,12912934.5
2025-11-05,,0.0,0.0,0.0,0,0.0,0.0,0.0,0.0,0.0,12912934.5
2025-11-06,,0.0,0.0,0.0,0,0.0,0.0,0.0,0.0,0.0,12912934.5
2025-11-07,2.0,2.3,2.0,2.3,3311900,7617369.999999999,0.0,0.0,0.0,0.0,12912934.5
2025-11-10,,0.0,0.0,0.0,0,0.0,0.0,0.0,0.0,0.0,12912934.5
2025-11-11,,0.0,0.0,0.0,0,0.0,0.0,0.0,0.0,0.0,0.0
2025-11-12,,0.0,0.0,0.0,0,0.0,0.0,0.0,0.0,0.0,12912934.5
2025-11-14,2.6,2.6,2.6,2.6,556600,1447160.0,0.0,0.0,0.0,0.0,12912934.5
2025-11-17,,0.0,0.0,0.0,0,0.0,0.0,0.0,0.0,0.0,12912934.5
2025-11-18,,0.0,0.0,0.0,0,0.0,0.0,0.0,0.0,0.0,12912934.5
2025-11-19,,0.0,0.0,0.0,0,0.0,0.0,0.0,0.0,0.0,12912934.5
2025-11-20,,0.0,0.0,0.0,0,0.0,0.0,0.0,0.0,0.0,12912934.5
2025-11-25,,0.0,0.0,0.0,0,0.0,0.0,0.0,0.0,0.0,12912934.5
2025-11-26,,0.0,0.0,0.0,0,0.0,0.0,0.0,0.0,0.0,12912964.5
2025-11-27,,0.0,0.0,0.0,0,0.0,0.0,0.0,0.0,0.0,12912964.5
2025-11-28,3.3,3.3,3.3,3.3,198000,653400.0,0.0,60.0,0.0,1980.0,12908694.5
2025-12-01,,0.0,0.0,0.0,0,0.0,0.0,0.0,0.0,0.0,12912964.5
2025-12-02,,0.0,0.0,0.0,0,0.0,0.0,0.0,0.0,0.0,12912964.5
2025-12-03,,0.0,0.0,0.0,0,0.0,0.0,0.0,0.0,0.0,12913024.5
2025-12-04,,0.0,0.0,0.0,0,0.0,0.0,0.0,0.0,0.0,12913024.5
2025-12-05,3.7,3.7,3.7,3.7,307700,1138490.0,0.0,20.0,0.0,740.0,12909134.5
2025-12-08,,0.0,0.0,0.0,0,0.0,0.0,0.0,0.0,0.0,12913024.5
2025-12-10,,0.0,0.0,0.0,0,0.0,0.0,0.0,0.0,0.0,12913044.5
2025-12-11,,0.0,0.0,0.0,0,0.0,0.0,0.0,0.0,0.0,12913044.5
2025-12-12,4.2,4.2,4.2,4.2,726900,3052980.0,0.0,120.0,0.0,5040.0,12908118.9
2025-12-15,,0.0,0.0,0.0,0,0.0,0.0,0.0,0.0,0.0,12913044.5
2025-12-23,,0.0,0.0,0.0,0,0.0,0.0,0.0,0.0,0.0,12912864.5
2025-12-24,,0.0,0.0,0.0,0,0.0,0.0,0.0,0.0,0.0,12912864.5
2025-12-25,,0.0,0.0,0.0,0,0.0,0.0,0.0,0.0,0.0,12912864.5
2025-12-26,5.2,5.5,4.1,5.5,12713000,69921500.0,3130.0,0.0,164840.0,0.0,12909624.5
2025-12-29,,0.0,0.0,0.0,0,0.0,0.0,0.0,0.0,0.0,12909734.5
2025-12-30,,0.0,0.0,0.0,0,0.0,0.0,0.0,0.0,0.0,12909734.5
2025-12-31,,0.0,0.0,0.0,0,0.0,0.0,0.0,0.0,0.0,12909734.5
2026-01-09,6.0,6.0,5.8,6.0,3041500,18249000.0,0.0,0.0,0.0,0.0,12907474.2
2026-01-12,,0.0,0.0,0.0,0,0.0,0.0,0.0,0.0,0.0,12909734.5
2026-01-16,6.9,6.9,6.5,6.9,5306700,36616230.0,1000.0,59.0,66000.0,4126.2,12905254.5
2026-01-19,,0.0,0.0,0.0,0,0.0,0.0,0.0,0.0,0.0,12908794.3
2026-01-23,7.9,7.9,7.7,7.9,2480200,19593580.0,1000.0,0.0,79000.0,0.0,12907764.3
2026-01-26,,0.0,0.0,0.0,0,0.0,0.0,0.0,0.0,0.0,12907794.3
2026-01-30,9.0,9.0,6.9,7.4,14863200,109987680.0,710.0,2000.0,56420.0,164000.0,12904314.3
2026-02-02,,0.0,0.0,0.0,0,0.0,0.0,0.0,0.0,0.0,12907794.3
2026-02-06,8.1,8.1,6.9,6.9,2073500,14307150.0,1320.0,0.0,91080.0,0.0,12907764.3
2026-02-09,,0.0,0.0,0.0,0,0.0,0.0,0.0,0.0,0.0,12907764.3
2026-02-13,5.9,5.9,5.9,5.9,1414900,8347910.000000001,0.0,0.0,0.0,0.0,12907764.3
2026-02-23,,0.0,0.0,0.0,0,0.0,0.0,0.0,0.0,0.0,12907764.3
2026-02-27,5.1,5.2,5.1,5.1,2667300,13603229.999999998,10.0,0.0,510.0,0.0,12907754.3
2026-03-02,,0.0,0.0,0.0,0,0.0,0.0,0.0,0.0,0.0,12907754.3
2026-03-06,5.8,5.8,4.4,4.7,7590800,35676760.0,1305.0,0.0,58740.0,0.0,12906449.3
2026-03-09,,0.0,0.0,0.0,0,0.0,0.0,0.0,0.0,0.0,12906449.3
2026-03-13,4.5,4.7,4.1,4.1,5738600,23528260.0,0.0,0.0,0.0,0.0,12906444.3
2026-03-16,,0.0,0.0,0.0,0,0.0,0.0,0.0,0.0,0.0,12906444.3
2026-03-20,4.2,4.8,3.8,4.1,3109800,12750179.999999998,10.0,1000.0,430.0,47000.0,12903434.3
2026-03-23,,0.0,0.0,0.0,0,0.0,0.0,0.0,0.0,0.0,12906444.3
2026-03-27,3.8,4.5,3.8,4.0,1841800,7367200.0,2425.0,10.0,93125.0,400.0,12901459.3
2026-03-30,,0.0,0.0,0.0,0,0.0,0.0,0.0,0.0,0.0,12905019.3
2026-04-03,4.0,4.0,3.8,4.0,1632800,6531200.0,0.0,0.0,0.0,0.0,12905009.4
2026-04-10,4.2,4.3,3.9,4.1,2803700,11495169.999999998,100,0,4100.0,0.0,12904609.30
