time,open,high,low,close,volume,value,foreign_buy_vol,foreign_sell_vol,foreign_buy_val,foreign_sell_val,foreign_room,foreign_ownership_pct,foreign_buy_value_bn,foreign_sell_value_bn
2017-10-20,5.103,5.103,5.103,5.103,0,0.0,,,,,,,,
2017-10-23,5.103,5.103,5.103,5.103,0,0.0,,,,,,,,
2017-10-24,5.103,5.103,5.103,5.103,0,0.0,,,,,,,,
2017-10-25,5.103,5.103,5.103,5.103,0,0.0,,,,,,,,
2017-10-26,5.103,5.103,5.103,5.103,0,0.0,,,,,,,,
2017-10-27,5.103,5.103,5.103,5.103,0,0.0,,,,,,,,
2017-10-30,5.103,5.103,5.103,5.103,0,0.0,,,,,,,,
2017-10-31,5.103,5.103,5.103,5.103,0,0.0,,,,,,,,
2017-11-01,5.103,5.103,5.103,5.103,0,0.0,,,,,,,,
2017-11-02,5.103,5.103,5.103,5.103,0,0.0,,,,,,,,
2017-11-03,5.103,5.103,5.103,5.103,0,0.0,,,,,,,,
2017-11-06,5.103,5.103,5.103,5.103,0,0.0,,,,,,,,
2017-11-07,5.103,5.103,5.103,5.103,0,0.0,,,,,,,,
2017-11-08,5.103,5.103,5.103,5.103,0,0.0,,,,,,,,
2017-11-09,5.103,5.103,5.103,5.103,0,0.0,,,,,,,,
2017-11-10,5.103,5.103,5.103,5.103,0,0.0,,,,,,,,
2017-11-13,5.103,5.103,5.103,5.103,0,0.0,,,,,,,,
2017-11-14,5.103,5.103,5.103,5.103,0,0.0,,,,,,,,
2017-11-15,5.103,5.103,5.103,5.103,0,0.0,,,,,,,,
2017-11-16,5.103,5.103,5.103,5.103,0,0.0,,,,,,,,
2017-11-17,5.103,5.103,5.103,5.103,0,0.0,,,,,,,,
2017-11-20,5.103,5.103,5.103,5.103,2200,11226.6,,,,,,,,
2017-11-21,5.103,5.103,5.103,5.103,0,0.0,,,,,,,,
2017-11-22,5.103,5.103,5.103,5.103,0,0.0,,,,,,,,
2017-11-23,5.103,5.103,5.103,5.103,0,0.0,,,,,,,,
2017-11-24,4.593,4.593,4.593,4.593,200,918.6,,,,,,,,
2017-11-27,4.542,4.593,4.542,4.593,500,2296.5,,,,,,,,
2017-11-28,4.593,4.593,4.593,4.593,0,0.0,,,,,,,,
2017-11-29,4.593,4.593,4.593,4.593,0,0.0,,,,,,,,
2017-11-30,4.593,4.593,4.593,4.593,200,918.6,,,,,,,,
2017-12-01,5.103,5.103,5.103,5.103,1100,5613.3,,,,,,,,
2017-12-04,4.593,4.593,4.593,4.593,200,918.6,,,,,,,,
2017-12-05,4.593,4.593,4.593,4.593,200,918.6,,,,,,,,
2017-12-06,4.542,4.542,4.542,4.542,200,908.4,,,,,,,,
2017-12-07,4.593,4.593,4.593,4.593,100,459.3,,,,,,,,
2017-12-08,4.593,4.593,4.593,4.593,300,1377.9,,,,,,,,
2017-12-11,5.103,5.103,4.593,4.593,4400,20209.2,,,,,,,,
2017-12-12,5.103,5.103,4.338,4.338,3500,15183.0,,,,,,,,
2017-12-13,4.593,5.103,4.593,5.103,13600,69400.8,,,,,,,,
2017-12-14,5.103,5.868,5.103,5.868,200,1173.6,,,,,,,,
2017-12-15,5.103,6.328,5.103,6.328,900,5695.2,,,,,,,,
2017-12-18,5.256,5.256,5.256,5.256,0,0.0,,,,,,,,
2017-12-19,5.256,5.256,5.256,5.256,0,0.0,,,,,,,,
2017-12-20,5.256,5.256,5.256,5.256,0,0.0,,,,,,,,
2017-12-21,5.256,5.256,5.256,5.256,0,0.0,,,,,,,,
2017-12-22,5.256,5.256,5.256,5.256,0,0.0,,,,,,,,
2017-12-25,5.256,5.256,5.256,5.256,0,0.0,,,,,,,,
2017-12-26,5.256,5.256,5.256,5.256,0,0.0,,,,,,,,
2017-12-27,5.256,5.256,5.256,5.256,0,0.0,,,,,,,,
2017-12-28,5.256,5.256,5.256,5.256,0,0.0,,,,,,,,
2017-12-29,5.256,5.256,5.256,5.256,0,0.0,,,,,,,,
2018-01-02,5.256,5.256,5.256,5.256,0,0.0,0.0,0.0,0.0,0.0,,0.0,0.0,0.0
2018-01-03,5.256,5.256,5.256,5.256,0,0.0,0.0,0.0,0.0,0.0,,0.0,0.0,0.0
2018-01-04,5.256,5.256,5.256,5.256,0,0.0,0.0,0.0,0.0,0.0,,0.0,0.0,0.0
2018-01-05,5.256,5.256,5.256,5.256,0,0.0,0.0,0.0,0.0,0.0,,0.0,0.0,0.0
2018-01-08,5.256,5.256,5.256,5.256,0,0.0,0.0,0.0,0.0,0.0,,0.0,0.0,0.0
2018-01-09,5.256,5.256,5.256,5.256,0,0.0,0.0,0.0,0.0,0.0,,0.0,0.0,0.0
2018-01-10,5.256,5.256,5.256,5.256,0,0.0,0.0,0.0,0.0,0.0,,0.0,0.0,0.0
2018-01-11,5.256,5.256,5.256,5.256,0,0.0,0.0,0.0,0.0,0.0,,0.0,0.0,0.0
2018-01-12,5.256,5.256,5.256,5.256,0,0.0,0.0,0.0,0.0,0.0,,0.0,0.0,0.0
2018-01-15,5.256,5.256,5.256,5.256,0,0.0,0.0,0.0,0.0,0.0,,0.0,0.0,0.0
2018-01-16,5.256,5.256,5.256,5.256,0,0.0,0.0,0.0,0.0,0.0,,0.0,0.0,0.0
2018-01-17,5.256,5.256,5.256,5.256,0,0.0,0.0,0.0,0.0,0.0,,0.0,0.0,0.0
2018-01-18,5.256,5.256,5.256,5.256,68,357.408,0.0,0.0,0.0,0.0,,0.0,0.0,0.0
2018-01-19,5.256,5.256,5.256,5.256,0,0.0,0.0,0.0,0.0,0.0,,0.0,0.0,0.0
2018-01-22,5.256,5.256,5.256,5.256,0,0.0,0.0,0.0,0.0,0.0,,0.0,0.0,0.0
2018-01-23,5.256,5.256,5.256,5.256,0,0.0,0.0,0.0,0.0,0.0,,0.0,0.0,0.0
2018-01-24,5.256,5.256,5.256,5.256,0,0.0,0.0,0.0,0.0,0.0,,0.0,0.0,0.0
2018-01-25,5.256,5.256,5.256,5.256,0,0.0,0.0,0.0,0.0,0.0,,0.0,0.0,0.0
2018-01-26,5.256,5.256,5.256,5.256,0,0.0,0.0,0.0,0.0,0.0,,0.0,0.0,0.0
2018-01-29,5.256,5.256,5.256,5.256,0,0.0,0.0,0.0,0.0,0.0,,0.0,0.0,0.0
2018-01-30,5.256,5.256,5.256,5.256,0,0.0,0.0,0.0,0.0,0.0,,0.0,0.0,0.0
2018-01-31,5.256,5.256,5.256,5.256,0,0.0,0.0,0.0,0.0,0.0,,0.0,0.0,0.0
2018-02-01,5.256,5.256,5.256,5.256,0,0.0,0.0,0.0,0.0,0.0,,0.0,0.0,0.0
2018-02-02,5.256,5.256,5.256,5.256,0,0.0,0.0,0.0,0.0,0.0,,0.0,0.0,0.0
2018-02-05,5.256,5.256,5.256,5.256,0,0.0,0.0,0.0,0.0,0.0,,0.0,0.0,0.0
2018-02-06,5.256,5.256,5.256,5.256,0,0.0,0.0,0.0,0.0,0.0,,0.0,0.0,0.0
2018-02-07,5.256,5.256,5.256,5.256,0,0.0,0.0,0.0,0.0,0.0,,0.0,0.0,0.0
2018-02-08,5.256,5.256,5.256,5.256,0,0.0,0.0,0.0,0.0,0.0,,0.0,0.0,0.0
2018-02-09,5.256,5.256,5.256,5.256,0,0.0,0.0,0.0,0.0,0.0,,0.0,0.0,0.0
2018-02-12,5.256,5.256,5.256,5.256,0,0.0,0.0,0.0,0.0,0.0,,0.0,0.0,0.0
2018-02-13,5.256,5.256,5.256,5.256,0,0.0,0.0,0.0,0.0,0.0,,0.0,0.0,0.0
2018-02-21,5.256,5.256,5.256,5.256,0,0.0,0.0,0.0,0.0,0.0,,0.0,0.0,0.0
2018-02-22,5.256,5.256,5.256,5.256,0,0.0,0.0,0.0,0.0,0.0,,0.0,0.0,0.0
2018-02-23,5.256,5.256,5.256,5.256,0,0.0,0.0,0.0,0.0,0.0,,0.0,0.0,0.0
2018-02-26,5.256,5.256,5.256,5.256,0,0.0,0.0,0.0,0.0,0.0,,0.0,0.0,0.0
2018-02-27,5.256,5.256,5.256,5.256,0,0.0,0.0,0.0,0.0,0.0,,0.0,0.0,0.0
2018-02-28,5.256,5.256,5.256,5.256,0,0.0,0.0,0.0,0.0,0.0,,0.0,0.0,0.0
2018-03-01,5.256,5.256,5.256,5.256,0,0.0,0.0,0.0,0.0,0.0,,0.0,0.0,0.0
2018-03-02,5.256,5.256,5.256,5.256,0,0.0,0.0,0.0,0.0,0.0,,0.0,0.0,0.0
2018-03-05,5.256,5.256,5.256,5.256,0,0.0,0.0,0.0,0.0,0.0,,0.0,0.0,0.0
2018-03-06,5.256,5.256,5.256,5.256,0,0.0,0.0,0.0,0.0,0.0,,0.0,0.0,0.0
2018-03-07,5.256,5.256,5.256,5.256,0,0.0,0.0,0.0,0.0,0.0,,0.0,0.0,0.0
2018-03-08,5.256,5.256,5.256,5.256,0,0.0,0.0,0.0,0.0,0.0,,0.0,0.0,0.0
2018-03-09,5.256,5.256,5.256,5.256,0,0.0,0.0,0.0,0.0,0.0,,0.0,0.0,0.0
2018-03-12,5.256,5.256,5.256,5.256,0,0.0,0.0,0.0,0.0,0.0,,0.0,0.0,0.0
2018-03-13,5.103,5.103,5.103,5.103,100,510.3,0.0,0.0,0.0,0.0,,0.0,0.0,0.0
2018-03-14,5.103,5.103,5.103,5.103,700,3572.1,0.0,0.0,0.0,0.0,,0.0,0.0,0.0
2018-03-15,5.103,5.103,5.103,5.103,1100,5613.3,0.0,0.0,0.0,0.0,,0.0,0.0,0.0
2018-03-16,5.103,5.103,5.103,5.103,1100,5613.3,0.0,0.0,0.0,0.0,,0.0,0.0,0.0
2018-03-19,5.103,5.103,5.103,5.103,1400,7144.2,0.0,0.0,0.0,0.0,,0.0,0.0,0.0
2018-03-20,5.103,5.103,5.103,5.103,1200,6123.599999999999,0.0,0.0,0.0,0.0,,0.0,0.0,0.0
2018-03-21,5.103,5.103,5.103,5.103,0,0.0,0.0,0.0,0.0,0.0,,0.0,0.0,0.0
2018-03-22,5.103,5.103,5.103,5.103,1600,8164.799999999999,0.0,0.0,0.0,0.0,,0.0,0.0,0.0
2018-03-23,5.103,5.103,5.103,5.103,0,0.0,0.0,0.0,0.0,0.0,,0.0,0.0,0.0
2018-03-26,5.358,5.358,5.103,5.103,1200,6123.599999999999,0.0,0.0,0.0,0.0,,0.0,0.0,0.0
2018-03-27,5.256,5.256,5.103,5.103,2400,12247.2,0.0,0.0,0.0,0.0,,0.0,0.0,0.0
2018-03-28,5.154,5.154,5.103,5.103,2300,11736.9,0.0,0.0,0.0,0.0,,0.0,0.0,0.0
2018-03-29,5.103,5.103,5.103,5.103,0,0.0,0.0,0.0,0.0,0.0,,0.0,0.0,0.0
2018-03-30,4.95,4.95,4.95,4.95,1200,5940.0,0.0,0.0,0.0,0.0,,0.0,0.0,0.0
2018-04-02,4.95,4.95,4.95,4.95,0,0.0,0.0,0.0,0.0,0.0,,0.0,0.0,0.0
2018-04-03,4.95,4.95,4.95,4.95,0,0.0,0.0,0.0,0.0,0.0,,0.0,0.0,0.0
2018-04-04,4.95,4.95,4.95,4.95,0,0.0,0.0,0.0,0.0,0.0,,0.0,0.0,0.0
2018-04-05,5.103,5.103,4.95,4.95,2800,13860.0,0.0,0.0,0.0,0.0,,0.0,0.0,0.0
2018-04-06,5.052,5.103,5.052,5.103,1800,9185.4,0.0,0.0,0.0,0.0,,0.0,0.0,0.0
2018-04-09,4.95,4.95,4.95,4.95,1200,5940.0,0.0,0.0,0.0,0.0,,0.0,0.0,0.0
2018-04-10,5.103,5.103,5.103,5.103,1100,5613.3,0.0,0.0,0.0,0.0,,0.0,0.0,0.0
2018-04-11,4.95,4.95,4.95,4.95,1700,8415.0,0.0,0.0,0.0,0.0,,0.0,0.0,0.0
2018-04-12,5.001,5.001,5.001,5.001,1200,6001.200000000001,0.0,0.0,0.0,0.0,,0.0,0.0,0.0
2018-04-13,4.848,4.848,4.848,4.848,1800,8726.4,0.0,0.0,0.0,0.0,,0.0,0.0,0.0
2018-04-16,5.001,5.001,5.001,5.001,1600,8001.6,0.0,0.0,0.0,0.0,,0.0,0.0,0.0
2018-04-17,5.001,5.001,5.001,5.001,0,0.0,0.0,0.0,0.0,0.0,,0.0,0.0,0.0
2018-04-18,4.593,4.593,4.593,4.593,1100,5052.3,0.0,0.0,0.0,0.0,,0.0,0.0,0.0
2018-04-19,4.593,4.593,4.593,4.593,0,0.0,0.0,0.0,0.0,0.0,,0.0,0.0,0.0
2018-04-20,4.695,4.695,4.695,4.695,900,4225.5,0.0,0.0,0.0,0.0,,0.0,0.0,0.0
2018-04-23,4.695,4.695,4.695,4.695,0,0.0,0.0,0.0,0.0,0.0,,0.0,0.0,0.0
2018-04-24,4.593,4.593,4.593,4.593,1100,5052.3,0.0,0.0,0.0,0.0,,0.0,0.0,0.0
2018-04-26,4.593,4.593,4.593,4.593,0,0.0,0.0,0.0,0.0,0.0,,0.0,0.0,0.0
2018-04-27,4.593,4.593,4.593,4.593,0,0.0,0.0,0.0,0.0,0.0,,0.0,0.0,0.0
2018-05-02,4.593,4.593,4.593,4.593,0,0.0,0.0,0.0,0.0,0.0,,0.0,0.0,0.0
2018-05-03,4.593,4.593,4.593,4.593,0,0.0,0.0,0.0,0.0,0.0,,0.0,0.0,0.0
2018-05-04,4.593,4.593,4.593,4.593,0,0.0,0.0,0.0,0.0,0.0,,0.0,0.0,0.0
2018-05-07,4.593,4.593,4.593,4.593,0,0.0,0.0,0.0,0.0,0.0,,0.0,0.0,0.0
2018-05-08,4.593,4.593,4.593,4.593,0,0.0,0.0,0.0,0.0,0.0,,0.0,0.0,0.0
2018-05-09,4.593,4.593,4.593,4.593,0,0.0,0.0,0.0,0.0,0.0,,0.0,0.0,0.0
2018-05-10,4.593,4.593,4.593,4.593,0,0.0,0.0,0.0,0.0,0.0,,0.0,0.0,0.0
2018-05-11,4.593,4.593,4.593,4.593,0,0.0,0.0,0.0,0.0,0.0,,0.0,0.0,0.0
2018-05-14,4.593,4.593,4.593,4.593,0,0.0,0.0,0.0,0.0,0.0,,0.0,0.0,0.0
2018-05-15,4.593,4.593,4.593,4.593,0,0.0,0.0,0.0,0.0,0.0,,0.0,0.0,0.0
2018-05-16,4.593,4.593,4.593,4.593,0,0.0,0.0,0.0,0.0,0.0,,0.0,0.0,0.0
2018-05-17,4.593,4.593,4.593,4.593,0,0.0,0.0,0.0,0.0,0.0,,0.0,0.0,0.0
2018-05-18,4.593,4.593,4.593,4.593,0,0.0,0.0,0.0,0.0,0.0,,0.0,0.0,0.0
2018-05-21,4.593,4.593,4.593,4.593,0,0.0,0.0,0.0,0.0,0.0,,0.0,0.0,0.0
2018-05-22,4.593,4.593,4.593,4.593,0,0.0,0.0,0.0,0.0,0.0,,0.0,0.0,0.0
2018-05-23,4.593,4.593,4.593,4.593,0,0.0,0.0,0.0,0.0,0.0,,0.0,0.0,0.0
2018-05-24,4.593,4.593,4.593,4.593,0,0.0,0.0,0.0,0.0,0.0,,0.0,0.0,0.0
2018-05-25,4.593,4.593,4.593,4.593,0,0.0,0.0,0.0,0.0,0.0,,0.0,0.0,0.0
2018-05-28,4.593,4.593,4.593,4.593,0,0.0,0.0,0.0,0.0,0.0,,0.0,0.0,0.0
2018-05-29,4.593,4.593,4.593,4.593,0,0.0,0.0,0.0,0.0,0.0,,0.0,0.0,0.0
2018-05-30,4.593,4.593,4.593,4.593,0,0.0,0.0,0.0,0.0,0.0,,0.0,0.0,0.0
2018-05-31,4.593,4.593,4.593,4.593,0,0.0,0.0,0.0,0.0,0.0,,0.0,0.0,0.0
2018-06-01,4.593,4.593,4.593,4.593,0,0.0,0.0,0.0,0.0,0.0,,0.0,0.0,0.0
2018-06-04,4.593,4.593,4.593,4.593,0,0.0,0.0,0.0,0.0,0.0,,0.0,0.0,0.0
2018-06-05,4.593,4.593,4.593,4.593,0,0.0,0.0,0.0,0.0,0.0,,0.0,0.0,0.0
2018-06-06,4.593,4.593,4.593,4.593,0,0.0,0.0,0.0,0.0,0.0,,0.0,0.0,0.0
2018-06-07,4.593,4.593,4.593,4.593,0,0.0,0.0,0.0,0.0,0.0,,0.0,0.0,0.0
2018-06-08,4.593,4.593,4.593,4.593,0,0.0,0.0,0.0,0.0,0.0,,0.0,0.0,0.0
2018-06-11,4.593,4.593,4.593,4.593,0,0.0,0.0,0.0,0.0,0.0,,0.0,0.0,0.0
2018-06-12,4.593,4.593,4.593,4.593,0,0.0,0.0,0.0,0.0,0.0,,0.0,0.0,0.0
2018-06-13,4.593,4.593,4.593,4.593,0,0.0,0.0,0.0,0.0,0.0,,0.0,0.0,0.0
2018-06-14,4.593,4.593,4.593,4.593,0,0.0,0.0,0.0,0.0,0.0,,0.0,0.0,0.0
2018-06-15,4.593,4.593,4.593,4.593,0,0.0,0.0,0.0,0.0,0.0,,0.0,0.0,0.0
2018-06-18,4.593,4.593,4.593,4.593,0,0.0,0.0,0.0,0.0,0.0,,0.0,0.0,0.0
2018-06-19,4.593,4.593,4.593,4.593,0,0.0,0.0,0.0,0.0,0.0,,0.0,0.0,0.0
2018-06-20,4.593,4.593,4.593,4.593,0,0.0,0.0,0.0,0.0,0.0,,0.0,0.0,0.0
2018-06-21,4.593,4.593,4.593,4.593,0,0.0,0.0,0.0,0.0,0.0,,0.0,0.0,0.0
2018-06-22,4.593,4.593,4.593,4.593,0,0.0,0.0,0.0,0.0,0.0,,0.0,0.0,0.0
2018-06-25,4.593,4.593,4.593,4.593,0,0.0,0.0,0.0,0.0,0.0,,0.0,0.0,0.0
2018-06-26,4.593,4.593,4.593,4.593,0,0.0,0.0,0.0,0.0,0.0,,0.0,0.0,0.0
2018-06-27,4.593,4.593,4.593,4.593,0,0.0,0.0,0.0,0.0,0.0,,0.0,0.0,0.0
2018-06-28,4.593,4.593,4.593,4.593,0,0.0,0.0,0.0,0.0,0.0,,0.0,0.0,0.0
2018-06-29,4.593,4.593,4.593,4.593,0,0.0,0.0,0.0,0.0,0.0,,0.0,0.0,0.0
2018-07-02,4.593,4.593,4.593,4.593,0,0.0,0.0,0.0,0.0,0.0,,0.0,0.0,0.0
2018-07-03,4.593,4.593,4.593,4.593,0,0.0,0.0,0.0,0.0,0.0,,0.0,0.0,0.0
2018-07-04,4.593,4.593,4.593,4.593,0,0.0,0.0,0.0,0.0,0.0,,0.0,0.0,0.0
2018-07-05,4.593,4.593,4.593,4.593,0,0.0,0.0,0.0,0.0,0.0,,0.0,0.0,0.0
2018-07-06,4.593,4.593,4.593,4.593,0,0.0,0.0,0.0,0.0,0.0,,0.0,0.0,0.0
2018-07-09,4.593,4.593,4.593,4.593,0,0.0,0.0,0.0,0.0,0.0,,0.0,0.0,0.0
2018-07-10,4.593,4.593,4.593,4.593,0,0.0,0.0,0.0,0.0,0.0,,0.0,0.0,0.0
2018-07-11,4.593,4.593,4.593,4.593,0,0.0,0.0,0.0,0.0,0.0,,0.0,0.0,0.0
2018-07-12,4.593,4.593,4.593,4.593,0,0.0,0.0,0.0,0.0,0.0,,0.0,0.0,0.0
2018-07-13,4.593,4.593,4.593,4.593,0,0.0,0.0,0.0,0.0,0.0,,0.0,0.0,0.0
2018-07-16,4.593,4.593,4.593,4.593,0,0.0,0.0,0.0,0.0,0.0,,0.0,0.0,0.0
2018-07-17,4.593,4.593,4.593,4.593,0,0.0,0.0,0.0,0.0,0.0,,0.0,0.0,0.0
2018-07-18,4.593,4.593,4.593,4.593,0,0.0,0.0,0.0,0.0,0.0,,0.0,0.0,0.0
2018-07-19,4.593,4.593,4.593,4.593,0,0.0,0.0,0.0,0.0,0.0,,0.0,0.0,0.0
2018-07-20,4.593,4.593,4.593,4.593,0,0.0,0.0,0.0,0.0,0.0,,0.0,0.0,0.0
2018-07-23,4.593,4.593,4.593,4.593,0,0.0,0.0,0.0,0.0,0.0,,0.0,0.0,0.0
2018-07-24,4.593,4.593,4.593,4.593,0,0.0,0.0,0.0,0.0,0.0,,0.0,0.0,0.0
2018-07-25,4.593,4.593,4.593,4.593,0,0.0,0.0,0.0,0.0,0.0,,0.0,0.0,0.0
2018-07-26,4.593,4.593,4.593,4.593,0,0.0,0.0,0.0,0.0,0.0,,0.0,0.0,0.0
2018-07-27,4.593,4.593,4.593,4.593,0,0.0,0.0,0.0,0.0,0.0,,0.0,0.0,0.0
2018-07-30,4.593,4.593,4.593,4.593,0,0.0,0.0,0.0,0.0,0.0,,0.0,0.0,0.0
2018-07-31,4.593,4.593,4.593,4.593,0,0.0,0.0,0.0,0.0,0.0,,0.0,0.0,0.0
2018-08-01,4.593,4.593,4.593,4.593,0,0.0,0.0,0.0,0.0,0.0,,0.0,0.0,0.0
2018-08-02,4.593,4.593,4.593,4.593,0,0.0,0.0,0.0,0.0,0.0,,0.0,0.0,0.0
2018-08-03,4.593,4.593,4.593,4.593,0,0.0,0.0,0.0,0.0,0.0,,0.0,0.0,0.0
2018-08-06,4.593,4.593,4.593,4.593,0,0.0,0.0,0.0,0.0,0.0,,0.0,0.0,0.0
2018-08-07,4.593,4.593,4.593,4.593,0,0.0,0.0,0.0,0.0,0.0,,0.0,0.0,0.0
2018-08-08,4.593,4.593,4.593,4.593,0,0.0,0.0,0.0,0.0,0.0,,0.0,0.0,0.0
2018-08-09,4.593,4.593,4.593,4.593,0,0.0,0.0,0.0,0.0,0.0,,0.0,0.0,0.0
2018-08-10,4.593,4.593,4.593,4.593,0,0.0,0.0,0.0,0.0,0.0,,0.0,0.0,0.0
2018-08-13,4.593,4.593,4.593,4.593,0,0.0,0.0,0.0,0.0,0.0,,0.0,0.0,0.0
2018-08-14,4.593,4.593,4.593,4.593,0,0.0,0.0,0.0,0.0,0.0,,0.0,0.0,0.0
2018-08-15,4.593,4.593,4.593,4.593,0,0.0,0.0,0.0,0.0,0.0,,0.0,0.0,0.0
2018-08-16,4.593,4.593,4.593,4.593,0,0.0,0.0,0.0,0.0,0.0,,0.0,0.0,0.0
2018-08-17,4.593,4.593,4.593,4.593,0,0.0,0.0,0.0,0.0,0.0,,0.0,0.0,0.0
2018-08-20,4.593,4.593,4.593,4.593,0,0.0,0.0,0.0,0.0,0.0,,0.0,0.0,0.0
2018-08-21,4.593,4.593,4.593,4.593,0,0.0,0.0,0.0,0.0,0.0,,0.0,0.0,0.0
2018-08-22,4.593,4.593,4.593,4.593,0,0.0,0.0,0.0,0.0,0.0,,0.0,0.0,0.0
2018-08-23,4.593,4.593,4.593,4.593,0,0.0,0.0,0.0,0.0,0.0,,0.0,0.0,0.0
2018-08-24,4.593,4.593,4.593,4.593,0,0.0,0.0,0.0,0.0,0.0,,0.0,0.0,0.0
2018-08-27,4.593,4.593,4.593,4.593,0,0.0,0.0,0.0,0.0,0.0,,0.0,0.0,0.0
2018-08-28,4.593,4.593,4.593,4.593,0,0.0,0.0,0.0,0.0,0.0,,0.0,0.0,0.0
2018-08-29,4.593,4.593,4.593,4.593,0,0.0,0.0,0.0,0.0,0.0,,0.0,0.0,0.0
2018-08-30,4.593,4.593,4.593,4.593,0,0.0,0.0,0.0,0.0,0.0,,0.0,0.0,0.0
2018-08-31,4.593,4.593,4.593,4.593,0,0.0,0.0,0.0,0.0,0.0,,0.0,0.0,0.0
2018-09-04,4.593,4.593,4.593,4.593,0,0.0,0.0,0.0,0.0,0.0,,0.0,0.0,0.0
2018-09-05,4.593,4.593,4.593,4.593,0,0.0,0.0,0.0,0.0,0.0,,0.0,0.0,0.0
2018-09-06,4.593,4.593,4.593,4.593,0,0.0,0.0,0.0,0.0,0.0,,0.0,0.0,0.0
2018-09-07,4.593,4.593,4.593,4.593,0,0.0,0.0,0.0,0.0,0.0,,0.0,0.0,0.0
2018-09-10,4.593,4.593,4.593,4.593,0,0.0,0.0,0.0,0.0,0.0,,0.0,0.0,0.0
2018-09-11,4.593,4.593,4.593,4.593,0,0.0,0.0,0.0,0.0,0.0,,0.0,0.0,0.0
2018-09-12,4.593,4.593,4.593,4.593,0,0.0,0.0,0.0,0.0,0.0,,0.0,0.0,0.0
2018-09-13,4.593,4.593,4.593,4.593,0,0.0,0.0,0.0,0.0,0.0,,0.0,0.0,0.0
2018-09-14,4.593,4.593,4.593,4.593,0,0.0,0.0,0.0,0.0,0.0,,0.0,0.0,0.0
2018-09-17,4.593,4.593,4.593,4.593,0,0.0,0.0,0.0,0.0,0.0,,0.0,0.0,0.0
2018-09-18,4.593,4.593,4.593,4.593,0,0.0,0.0,0.0,0.0,0.0,,0.0,0.0,0.0
2018-09-19,4.593,4.593,4.593,4.593,0,0.0,0.0,0.0,0.0,0.0,,0.0,0.0,0.0
2018-09-20,4.593,4.593,4.593,4.593,0,0.0,0.0,0.0,0.0,0.0,,0.0,0.0,0.0
2018-09-21,4.593,4.593,4.593,4.593,0,0.0,0.0,0.0,0.0,0.0,,0.0,0.0,0.0
2018-09-24,4.593,4.593,4.593,4.593,0,0.0,0.0,0.0,0.0,0.0,,0.0,0.0,0.0
2018-09-25,4.593,4.593,4.593,4.593,0,0.0,0.0,0.0,0.0,0.0,,0.0,0.0,0.0
2018-09-26,4.593,4.593,4.593,4.593,0,0.0,0.0,0.0,0.0,0.0,,0.0,0.0,0.0
2018-09-27,4.593,4.593,4.593,4.593,0,0.0,0.0,0.0,0.0,0.0,,0.0,0.0,0.0
2018-09-28,4.593,4.593,4.593,4.593,0,0.0,0.0,0.0,0.0,0.0,,0.0,0.0,0.0
2018-10-01,4.593,4.593,4.593,4.593,0,0.0,0.0,0.0,0.0,0.0,,0.0,0.0,0.0
2018-10-02,4.593,4.593,4.593,4.593,0,0.0,0.0,0.0,0.0,0.0,,0.0,0.0,0.0
2018-10-03,4.593,4.593,4.593,4.593,0,0.0,0.0,0.0,0.0,0.0,,0.0,0.0,0.0
2018-10-04,4.593,4.593,4.593,4.593,0,0.0,0.0,0.0,0.0,0.0,,0.0,0.0,0.0
2018-10-05,4.593,4.593,4.593,4.593,0,0.0,0.0,0.0,0.0,0.0,,0.0,0.0,0.0
2018-10-08,4.593,4.593,4.593,4.593,0,0.0,0.0,0.0,0.0,0.0,,0.0,0.0,0.0
2018-10-09,4.593,4.593,4.593,4.593,0,0.0,0.0,0.0,0.0,0.0,,0.0,0.0,0.0
2018-10-10,4.593,4.593,4.593,4.593,0,0.0,0.0,0.0,0.0,0.0,,0.0,0.0,0.0
2018-10-11,4.593,4.593,4.593,4.593,0,0.0,0.0,0.0,0.0,0.0,,0.0,0.0,0.0
2018-10-12,4.593,4.593,4.593,4.593,0,0.0,0.0,0.0,0.0,0.0,,0.0,0.0,0.0
2018-10-15,4.593,4.593,4.593,4.593,0,0.0,0.0,0.0,0.0,0.0,,0.0,0.0,0.0
2018-10-16,4.593,4.593,4.593,4.593,0,0.0,0.0,0.0,0.0,0.0,,0.0,0.0,0.0
2018-10-17,4.593,4.593,4.593,4.593,0,0.0,0.0,0.0,0.0,0.0,,0.0,0.0,0.0
2018-10-18,4.593,4.593,4.593,4.593,0,0.0,0.0,0.0,0.0,0.0,,0.0,0.0,0.0
2018-10-19,4.593,4.593,4.593,4.593,0,0.0,0.0,0.0,0.0,0.0,,0.0,0.0,0.0
2018-10-22,4.593,4.593,4.593,4.593,0,0.0,0.0,0.0,0.0,0.0,,0.0,0.0,0.0
2018-10-23,4.593,4.593,4.593,4.593,0,0.0,0.0,0.0,0.0,0.0,,0.0,0.0,0.0
2018-10-24,4.593,4.593,4.593,4.593,0,0.0,0.0,0.0,0.0,0.0,,0.0,0.0,0.0
2018-10-25,4.593,4.593,4.593,4.593,0,0.0,0.0,0.0,0.0,0.0,,0.0,0.0,0.0
2018-10-26,4.593,4.593,4.593,4.593,0,0.0,0.0,0.0,0.0,0.0,,0.0,0.0,0.0
2018-10-29,4.593,4.593,4.593,4.593,0,0.0,0.0,0.0,0.0,0.0,,0.0,0.0,0.0
2018-10-30,4.593,4.593,4.593,4.593,0,0.0,0.0,0.0,0.0,0.0,,0.0,0.0,0.0
2018-10-31,4.593,4.593,4.593,4.593,0,0.0,0.0,0.0,0.0,0.0,,0.0,0.0,0.0
2018-11-01,4.593,4.593,4.593,4.593,0,0.0,0.0,0.0,0.0,0.0,,0.0,0.0,0.0
2018-11-02,4.593,4.593,4.593,4.593,0,0.0,0.0,0.0,0.0,0.0,,0.0,0.0,0.0
2018-11-05,4.593,4.593,4.593,4.593,0,0.0,0.0,0.0,0.0,0.0,,0.0,0.0,0.0
2018-11-06,4.593,4.593,4.593,4.593,0,0.0,0.0,0.0,0.0,0.0,,0.0,0.0,0.0
2018-11-07,4.593,4.593,4.593,4.593,0,0.0,0.0,0.0,0.0,0.0,,0.0,0.0,0.0
2018-11-08,4.593,4.593,4.593,4.593,0,0.0,0.0,0.0,0.0,0.0,,0.0,0.0,0.0
2018-11-09,4.593,4.593,4.593,4.593,0,0.0,0.0,0.0,0.0,0.0,,0.0,0.0,0.0
2018-11-12,4.593,4.593,4.593,4.593,0,0.0,0.0,0.0,0.0,0.0,,0.0,0.0,0.0
2018-11-13,4.593,4.593,4.593,4.593,0,0.0,0.0,0.0,0.0,0.0,,0.0,0.0,0.0
2018-11-14,4.593,4.593,4.593,4.593,0,0.0,0.0,0.0,0.0,0.0,,0.0,0.0,0.0
2018-11-15,4.593,4.593,4.593,4.593,0,0.0,0.0,0.0,0.0,0.0,,0.0,0.0,0.0
2018-11-16,4.593,4.593,4.593,4.593,0,0.0,0.0,0.0,0.0,0.0,,0.0,0.0,0.0
2018-11-19,4.593,4.593,4.593,4.593,0,0.0,0.0,0.0,0.0,0.0,,0.0,0.0,0.0
2018-11-20,4.593,4.593,4.593,4.593,0,0.0,0.0,0.0,0.0,0.0,,0.0,0.0,0.0
2018-11-21,4.593,4.593,4.593,4.593,0,0.0,0.0,0.0,0.0,0.0,,0.0,0.0,0.0
2018-11-22,4.593,4.593,4.593,4.593,0,0.0,0.0,0.0,0.0,0.0,,0.0,0.0,0.0
2018-11-23,4.593,4.593,4.593,4.593,0,0.0,0.0,0.0,0.0,0.0,,0.0,0.0,0.0
2018-11-26,4.593,4.593,4.593,4.593,0,0.0,0.0,0.0,0.0,0.0,,0.0,0.0,0.0
2018-11-27,4.593,4.593,4.593,4.593,0,0.0,0.0,0.0,0.0,0.0,,0.0,0.0,0.0
2018-11-28,4.593,4.593,4.593,4.593,0,0.0,0.0,0.0,0.0,0.0,,0.0,0.0,0.0
2018-11-29,4.593,4.593,4.593,4.593,0,0.0,0.0,0.0,0.0,0.0,,0.0,0.0,0.0
2018-11-30,4.593,4.593,4.593,4.593,0,0.0,0.0,0.0,0.0,0.0,,0.0,0.0,0.0
2018-12-03,4.593,4.593,4.593,4.593,0,0.0,0.0,0.0,0.0,0.0,,0.0,0.0,0.0
2018-12-04,4.593,4.593,4.593,4.593,0,0.0,0.0,0.0,0.0,0.0,,0.0,0.0,0.0
2018-12-05,4.593,4.593,4.593,4.593,0,0.0,0.0,0.0,0.0,0.0,,0.0,0.0,0.0
2018-12-06,4.593,4.593,4.593,4.593,0,0.0,0.0,0.0,0.0,0.0,,0.0,0.0,0.0
2018-12-07,4.593,4.593,4.593,4.593,0,0.0,0.0,0.0,0.0,0.0,,0.0,0.0,0.0
2018-12-10,4.593,4.593,4.593,4.593,0,0.0,0.0,0.0,0.0,0.0,,0.0,0.0,0.0
2018-12-11,4.593,4.593,4.593,4.593,0,0.0,0.0,0.0,0.0,0.0,,0.0,0.0,0.0
2018-12-12,4.593,4.593,4.593,4.593,0,0.0,0.0,0.0,0.0,0.0,,0.0,0.0,0.0
2018-12-13,4.593,4.593,4.593,4.593,0,0.0,0.0,0.0,0.0,0.0,,0.0,0.0,0.0
2018-12-14,4.593,4.593,4.593,4.593,0,0.0,0.0,0.0,0.0,0.0,,0.0,0.0,0.0
2018-12-17,4.593,4.593,4.593,4.593,0,0.0,0.0,0.0,0.0,0.0,,0.0,0.0,0.0
2018-12-18,4.593,4.593,4.593,4.593,0,0.0,0.0,0.0,0.0,0.0,,0.0,0.0,0.0
2018-12-19,4.593,4.593,4.593,4.593,0,0.0,0.0,0.0,0.0,0.0,,0.0,0.0,0.0
2018-12-20,4.593,4.593,4.593,4.593,0,0.0,0.0,0.0,0.0,0.0,,0.0,0.0,0.0
2018-12-21,4.593,4.593,4.593,4.593,0,0.0,0.0,0.0,0.0,0.0,,0.0,0.0,0.0
2018-12-24,4.593,4.593,4.593,4.593,0,0.0,0.0,0.0,0.0,0.0,,0.0,0.0,0.0
2018-12-25,4.593,4.593,4.593,4.593,0,0.0,0.0,0.0,0.0,0.0,,0.0,0.0,0.0
2018-12-26,4.593,4.593,4.593,4.593,0,0.0,0.0,0.0,0.0,0.0,,0.0,0.0,0.0
2018-12-27,4.593,4.593,4.593,4.593,0,0.0,0.0,0.0,0.0,0.0,,0.0,0.0,0.0
2018-12-28,4.593,4.593,4.593,4.593,0,0.0,0.0,0.0,0.0,0.0,,0.0,0.0,0.0
2019-01-02,4.593,4.593,4.593,4.593,0,0.0,0.0,0.0,0.0,0.0,,0.0,0.0,0.0
2019-01-03,4.593,4.593,4.593,4.593,0,0.0,0.0,0.0,0.0,0.0,,0.0,0.0,0.0
2019-01-04,4.593,4.593,4.593,4.593,0,0.0,0.0,0.0,0.0,0.0,,0.0,0.0,0.0
2019-01-07,4.593,4.593,4.593,4.593,0,0.0,0.0,0.0,0.0,0.0,,0.0,0.0,0.0
2019-01-08,4.593,4.593,4.593,4.593,0,0.0,0.0,0.0,0.0,0.0,,0.0,0.0,0.0
2019-01-09,4.593,4.593,4.593,4.593,0,0.0,0.0,0.0,0.0,0.0,,0.0,0.0,0.0
2019-01-10,4.593,4.593,4.593,4.593,0,0.0,0.0,0.0,0.0,0.0,,0.0,0.0,0.0
2019-01-11,4.593,4.593,4.593,4.593,0,0.0,0.0,0.0,0.0,0.0,,0.0,0.0,0.0
2019-01-14,4.593,4.593,4.593,4.593,0,0.0,0.0,0.0,0.0,0.0,,0.0,0.0,0.0
2019-01-15,4.593,4.593,4.593,4.593,0,0.0,0.0,0.0,0.0,0.0,,0.0,0.0,0.0
2019-01-16,4.593,4.593,4.593,4.593,0,0.0,0.0,0.0,0.0,0.0,,0.0,0.0,0.0
2019-01-17,4.593,4.593,4.593,4.593,0,0.0,0.0,0.0,0.0,0.0,,0.0,0.0,0.0
2019-01-18,4.593,4.593,4.593,4.593,0,0.0,0.0,0.0,0.0,0.0,,0.0,0.0,0.0
2019-01-21,4.593,4.593,4.593,4.593,0,0.0,0.0,0.0,0.0,0.0,,0.0,0.0,0.0
2019-01-22,4.593,4.593,4.593,4.593,0,0.0,0.0,0.0,0.0,0.0,,0.0,0.0,0.0
2019-01-23,4.593,4.593,4.593,4.593,0,0.0,0.0,0.0,0.0,0.0,,0.0,0.0,0.0
2019-01-24,4.593,4.593,4.593,4.593,0,0.0,0.0,0.0,0.0,0.0,,0.0,0.0,0.0
2019-01-25,4.593,4.593,4.593,4.593,0,0.0,0.0,0.0,0.0,0.0,,0.0,0.0,0.0
2019-01-28,4.593,4.593,4.593,4.593,0,0.0,0.0,0.0,0.0,0.0,,0.0,0.0,0.0
2019-01-29,4.593,4.593,4.593,4.593,0,0.0,0.0,0.0,0.0,0.0,,0.0,0.0,0.0
2019-01-30,4.593,4.593,4.593,4.593,0,0.0,0.0,0.0,0.0,0.0,,0.0,0.0,0.0
2019-01-31,4.593,4.593,4.593,4.593,0,0.0,0.0,0.0,0.0,0.0,,0.0,0.0,0.0
2019-02-01,4.593,4.593,4.593,4.593,0,0.0,0.0,0.0,0.0,0.0,,0.0,0.0,0.0
2019-02-11,4.593,4.593,4.593,4.593,0,0.0,0.0,0.0,0.0,0.0,,0.0,0.0,0.0
2019-02-12,4.593,4.593,4.593,4.593,0,0.0,0.0,0.0,0.0,0.0,,0.0,0.0,0.0
2019-02-13,4.593,4.593,4.593,4.593,0,0.0,0.0,0.0,0.0,0.0,,0.0,0.0,0.0
2019-02-14,4.593,4.593,4.593,4.593,0,0.0,0.0,0.0,0.0,0.0,,0.0,0.0,0.0
2019-02-15,4.593,4.593,4.593,4.593,0,0.0,0.0,0.0,0.0,0.0,,0.0,0.0,0.0
2019-02-18,4.593,4.593,4.593,4.593,0,0.0,0.0,0.0,0.0,0.0,,0.0,0.0,0.0
2019-02-19,4.593,4.593,4.593,4.593,0,0.0,0.0,0.0,0.0,0.0,,0.0,0.0,0.0
2019-02-20,4.593,4.593,4.593,4.593,0,0.0,0.0,0.0,0.0,0.0,,0.0,0.0,0.0
2019-02-21,4.593,4.593,4.593,4.593,0,0.0,0.0,0.0,0.0,0.0,,0.0,0.0,0.0
2019-02-22,4.593,4.593,4.593,4.593,0,0.0,0.0,0.0,0.0,0.0,,0.0,0.0,0.0
2019-02-25,4.593,4.593,4.593,4.593,0,0.0,0.0,0.0,0.0,0.0,,0.0,0.0,0.0
2019-02-26,4.593,4.593,4.593,4.593,0,0.0,0.0,0.0,0.0,0.0,,0.0,0.0,0.0
2019-02-27,4.593,4.593,4.593,4.593,0,0.0,0.0,0.0,0.0,0.0,,0.0,0.0,0.0
2019-02-28,4.593,4.593,4.593,4.593,0,0.0,0.0,0.0,0.0,0.0,,0.0,0.0,0.0
2019-03-01,4.593,4.593,4.593,4.593,0,0.0,0.0,0.0,0.0,0.0,,0.0,0.0,0.0
2019-03-04,4.593,4.593,4.593,4.593,0,0.0,0.0,0.0,0.0,0.0,,0.0,0.0,0.0
2019-03-05,4.593,4.593,4.593,4.593,0,0.0,0.0,0.0,0.0,0.0,,0.0,0.0,0.0
2019-03-06,4.593,4.593,4.593,4.593,0,0.0,0.0,0.0,0.0,0.0,,0.0,0.0,0.0
2019-03-07,4.593,4.593,4.593,4.593,0,0.0,0.0,0.0,0.0,0.0,,0.0,0.0,0.0
2019-03-08,4.593,4.593,4.593,4.593,0,0.0,0.0,0.0,0.0,0.0,,0.0,0.0,0.0
2019-03-11,4.593,4.593,4.593,4.593,0,0.0,0.0,0.0,0.0,0.0,,0.0,0.0,0.0
2019-03-12,4.593,4.593,4.593,4.593,0,0.0,0.0,0.0,0.0,0.0,,0.0,0.0,0.0
2019-03-13,4.593,4.593,4.593,4.593,0,0.0,0.0,0.0,0.0,0.0,,0.0,0.0,0.0
2019-03-14,4.593,4.593,4.593,4.593,0,0.0,0.0,0.0,0.0,0.0,,0.0,0.0,0.0
2019-03-15,4.593,4.593,4.593,4.593,0,0.0,0.0,0.0,0.0,0.0,,0.0,0.0,0.0
2019-03-18,4.593,4.593,4.593,4.593,0,0.0,0.0,0.0,0.0,0.0,,0.0,0.0,0.0
2019-03-19,4.593,4.593,4.593,4.593,0,0.0,0.0,0.0,0.0,0.0,,0.0,0.0,0.0
2019-03-20,4.593,4.593,4.593,4.593,0,0.0,0.0,0.0,0.0,0.0,,0.0,0.0,0.0
2019-03-21,4.593,4.593,4.593,4.593,0,0.0,0.0,0.0,0.0,0.0,,0.0,0.0,0.0
2019-03-22,4.593,4.593,4.593,4.593,0,0.0,0.0,0.0,0.0,0.0,,0.0,0.0,0.0
2019-03-25,4.593,4.593,4.593,4.593,0,0.0,0.0,0.0,0.0,0.0,,0.0,0.0,0.0
2019-03-26,4.593,4.593,4.593,4.593,0,0.0,0.0,0.0,0.0,0.0,,0.0,0.0,0.0
2019-03-27,4.593,4.593,4.593,4.593,0,0.0,0.0,0.0,0.0,0.0,,0.0,0.0,0.0
2019-03-28,4.593,4.593,4.593,4.593,0,0.0,0.0,0.0,0.0,0.0,,0.0,0.0,0.0
2019-03-29,4.593,4.593,4.593,4.593,0,0.0,0.0,0.0,0.0,0.0,,0.0,0.0,0.0
2019-04-01,4.593,4.593,4.593,4.593,0,0.0,0.0,0.0,0.0,0.0,,0.0,0.0,0.0
2019-04-02,4.593,4.593,4.593,4.593,0,0.0,0.0,0.0,0.0,0.0,,0.0,0.0,0.0
2019-04-03,4.593,4.593,4.593,4.593,0,0.0,0.0,0.0,0.0,0.0,,0.0,0.0,0.0
2019-04-04,4.593,4.593,4.593,4.593,0,0.0,0.0,0.0,0.0,0.0,,0.0,0.0,0.0
2019-04-05,4.593,4.593,4.593,4.593,0,0.0,0.0,0.0,0.0,0.0,,0.0,0.0,0.0
2019-04-08,4.593,4.593,4.593,4.593,0,0.0,0.0,0.0,0.0,0.0,,0.0,0.0,0.0
2019-04-09,4.593,4.593,4.593,4.593,0,0.0,0.0,0.0,0.0,0.0,,0.0,0.0,0.0
2019-04-10,4.593,4.593,4.593,4.593,0,0.0,0.0,0.0,0.0,0.0,,0.0,0.0,0.0
2019-04-11,4.593,4.593,4.593,4.593,0,0.0,0.0,0.0,0.0,0.0,,0.0,0.0,0.0
2019-04-12,4.593,4.593,4.593,4.593,0,0.0,0.0,0.0,0.0,0.0,,0.0,0.0,0.0
2019-04-16,4.593,4.593,4.593,4.593,0,0.0,0.0,0.0,0.0,0.0,,0.0,0.0,0.0
2019-04-17,4.593,4.593,4.593,4.593,0,0.0,0.0,0.0,0.0,0.0,,0.0,0.0,0.0
2019-04-18,4.593,4.593,4.593,4.593,0,0.0,0.0,0.0,0.0,0.0,,0.0,0.0,0.0
2019-04-19,4.593,4.593,4.593,4.593,0,0.0,0.0,0.0,0.0,0.0,,0.0,0.0,0.0
2019-04-22,4.593,4.593,4.593,4.593,0,0.0,0.0,0.0,0.0,0.0,,0.0,0.0,0.0
2019-04-23,4.593,4.593,4.593,4.593,0,0.0,0.0,0.0,0.0,0.0,,0.0,0.0,0.0
2019-04-24,4.593,4.593,4.593,4.593,0,0.0,0.0,0.0,0.0,0.0,,0.0,0.0,0.0
2019-04-25,4.593,4.593,4.593,4.593,0,0.0,0.0,0.0,0.0,0.0,,0.0,0.0,0.0
2019-04-26,4.593,4.593,4.593,4.593,0,0.0,0.0,0.0,0.0,0.0,,0.0,0.0,0.0
2019-05-02,4.593,4.593,4.593,4.593,0,0.0,0.0,0.0,0.0,0.0,,0.0,0.0,0.0
2019-05-03,4.593,4.593,4.593,4.593,0,0.0,0.0,0.0,0.0,0.0,,0.0,0.0,0.0
2019-05-06,4.593,4.593,4.593,4.593,0,0.0,0.0,0.0,0.0,0.0,,0.0,0.0,0.0
2019-05-07,4.593,4.593,4.593,4.593,0,0.0,0.0,0.0,0.0,0.0,,0.0,0.0,0.0
2019-05-08,4.593,4.593,4.593,4.593,0,0.0,0.0,0.0,0.0,0.0,,0.0,0.0,0.0
2019-05-09,4.593,4.593,4.593,4.593,0,0.0,0.0,0.0,0.0,0.0,,0.0,0.0,0.0
2019-05-10,4.593,4.593,4.593,4.593,0,0.0,0.0,0.0,0.0,0.0,,0.0,0.0,0.0
2019-05-13,4.593,4.593,4.593,4.593,0,0.0,0.0,0.0,0.0,0.0,,0.0,0.0,0.0
2019-05-14,4.593,4.593,4.593,4.593,0,0.0,0.0,0.0,0.0,0.0,,0.0,0.0,0.0
2019-05-15,4.593,4.593,4.593,4.593,0,0.0,0.0,0.0,0.0,0.0,,0.0,0.0,0.0
2019-05-16,4.593,4.593,4.593,4.593,0,0.0,0.0,0.0,0.0,0.0,,0.0,0.0,0.0
2019-05-17,4.593,4.593,4.593,4.593,0,0.0,0.0,0.0,0.0,0.0,,0.0,0.0,0.0
2019-05-20,4.593,4.593,4.593,4.593,0,0.0,0.0,0.0,0.0,0.0,,0.0,0.0,0.0
2019-05-21,4.593,4.593,4.593,4.593,0,0.0,0.0,0.0,0.0,0.0,,0.0,0.0,0.0
2019-05-22,4.593,4.593,4.593,4.593,0,0.0,0.0,0.0,0.0,0.0,,0.0,0.0,0.0
2019-05-23,4.593,4.593,4.593,4.593,0,0.0,0.0,0.0,0.0,0.0,,0.0,0.0,0.0
2019-05-24,4.593,4.593,4.593,4.593,0,0.0,0.0,0.0,0.0,0.0,,0.0,0.0,0.0
2019-05-27,4.593,4.593,4.593,4.593,0,0.0,0.0,0.0,0.0,0.0,,0.0,0.0,0.0
2019-05-28,4.593,4.593,4.593,4.593,0,0.0,0.0,0.0,0.0,0.0,,0.0,0.0,0.0
2019-05-29,4.593,4.593,4.593,4.593,0,0.0,0.0,0.0,0.0,0.0,,0.0,0.0,0.0
2019-05-30,4.593,4.593,4.593,4.593,0,0.0,0.0,0.0,0.0,0.0,,0.0,0.0,0.0
2019-05-31,4.593,4.593,4.593,4.593,0,0.0,0.0,0.0,0.0,0.0,,0.0,0.0,0.0
2019-06-03,4.593,4.593,4.593,4.593,0,0.0,0.0,0.0,0.0,0.0,,0.0,0.0,0.0
2019-06-04,4.593,4.593,4.593,4.593,0,0.0,0.0,0.0,0.0,0.0,,0.0,0.0,0.0
2019-06-05,4.593,4.593,4.593,4.593,0,0.0,0.0,0.0,0.0,0.0,,0.0,0.0,0.0
2019-06-06,4.593,4.593,4.593,4.593,0,0.0,0.0,0.0,0.0,0.0,,0.0,0.0,0.0
2019-06-07,4.593,4.593,4.593,4.593,0,0.0,0.0,0.0,0.0,0.0,,0.0,0.0,0.0
2019-06-10,4.593,4.593,4.593,4.593,0,0.0,0.0,0.0,0.0,0.0,,0.0,0.0,0.0
2019-06-11,4.593,4.593,4.593,4.593,0,0.0,0.0,0.0,0.0,0.0,,0.0,0.0,0.0
2019-06-12,4.593,4.593,4.593,4.593,0,0.0,0.0,0.0,0.0,0.0,,0.0,0.0,0.0
2019-06-13,4.593,4.593,4.593,4.593,0,0.0,0.0,0.0,0.0,0.0,,0.0,0.0,0.0
2019-06-14,4.593,4.593,4.593,4.593,0,0.0,0.0,0.0,0.0,0.0,,0.0,0.0,0.0
2019-06-17,4.593,4.593,4.593,4.593,0,0.0,0.0,0.0,0.0,0.0,,0.0,0.0,0.0
2019-06-18,4.593,4.593,4.593,4.593,0,0.0,0.0,0.0,0.0,0.0,,0.0,0.0,0.0
2019-06-19,4.593,4.593,4.593,4.593,0,0.0,0.0,0.0,0.0,0.0,,0.0,0.0,0.0
2019-06-20,4.593,4.593,4.593,4.593,0,0.0,0.0,0.0,0.0,0.0,,0.0,0.0,0.0
2019-06-21,4.593,4.593,4.593,4.593,0,0.0,0.0,0.0,0.0,0.0,,0.0,0.0,0.0
2019-06-24,4.593,4.593,4.593,4.593,0,0.0,0.0,0.0,0.0,0.0,,0.0,0.0,0.0
2019-06-25,4.593,4.593,4.593,4.593,0,0.0,0.0,0.0,0.0,0.0,,0.0,0.0,0.0
2019-06-26,4.593,4.593,4.593,4.593,0,0.0,0.0,0.0,0.0,0.0,,0.0,0.0,0.0
2019-06-27,4.593,4.593,4.593,4.593,0,0.0,0.0,0.0,0.0,0.0,,0.0,0.0,0.0
2019-06-28,4.593,4.593,4.593,4.593,0,0.0,0.0,0.0,0.0,0.0,,0.0,0.0,0.0
2019-07-01,4.593,4.593,4.593,4.593,0,0.0,0.0,0.0,0.0,0.0,,0.0,0.0,0.0
2019-07-02,4.593,4.593,4.593,4.593,0,0.0,0.0,0.0,0.0,0.0,,0.0,0.0,0.0
2019-07-03,4.593,4.593,4.593,4.593,0,0.0,0.0,0.0,0.0,0.0,,0.0,0.0,0.0
2019-07-04,4.593,4.593,4.593,4.593,0,0.0,0.0,0.0,0.0,0.0,,0.0,0.0,0.0
2019-07-05,4.593,4.593,4.593,4.593,0,0.0,0.0,0.0,0.0,0.0,,0.0,0.0,0.0
2019-07-08,4.593,4.593,4.593,4.593,0,0.0,0.0,0.0,0.0,0.0,,0.0,0.0,0.0
2019-07-09,4.593,4.593,4.593,4.593,0,0.0,0.0,0.0,0.0,0.0,,0.0,0.0,0.0
2019-07-10,4.593,4.593,4.593,4.593,0,0.0,0.0,0.0,0.0,0.0,,0.0,0.0,0.0
2019-07-11,4.593,4.593,4.593,4.593,0,0.0,0.0,0.0,0.0,0.0,,0.0,0.0,0.0
2019-07-12,4.593,4.593,4.593,4.593,0,0.0,0.0,0.0,0.0,0.0,,0.0,0.0,0.0
2019-07-15,4.593,4.593,4.593,4.593,0,0.0,0.0,0.0,0.0,0.0,,0.0,0.0,0.0
2019-07-16,4.593,4.593,4.593,4.593,0,0.0,0.0,0.0,0.0,0.0,,0.0,0.0,0.0
2019-07-17,4.593,4.593,4.593,4.593,0,0.0,0.0,0.0,0.0,0.0,,0.0,0.0,0.0
2019-07-18,4.593,4.593,4.593,4.593,0,0.0,0.0,0.0,0.0,0.0,,0.0,0.0,0.0
2019-07-19,4.593,4.593,4.593,4.593,0,0.0,0.0,0.0,0.0,0.0,,0.0,0.0,0.0
2019-07-22,4.593,4.593,4.593,4.593,0,0.0,0.0,0.0,0.0,0.0,,0.0,0.0,0.0
2019-07-23,4.593,4.593,4.593,4.593,0,0.0,0.0,0.0,0.0,0.0,,0.0,0.0,0.0
2019-07-24,4.593,4.593,4.593,4.593,0,0.0,0.0,0.0,0.0,0.0,,0.0,0.0,0.0
2019-07-25,4.593,4.593,4.593,4.593,0,0.0,0.0,0.0,0.0,0.0,,0.0,0.0,0.0
2019-07-26,4.593,4.593,4.593,4.593,0,0.0,0.0,0.0,0.0,0.0,,0.0,0.0,0.0
2019-07-29,4.593,4.593,4.593,4.593,0,0.0,0.0,0.0,0.0,0.0,,0.0,0.0,0.0
2019-07-30,4.593,4.593,4.593,4.593,0,0.0,0.0,0.0,0.0,0.0,,0.0,0.0,0.0
2019-07-31,4.593,4.593,4.593,4.593,0,0.0,0.0,0.0,0.0,0.0,,0.0,0.0,0.0
2019-08-01,4.593,4.593,4.593,4.593,0,0.0,0.0,0.0,0.0,0.0,,0.0,0.0,0.0
2019-08-02,4.593,4.593,4.593,4.593,0,0.0,0.0,0.0,0.0,0.0,,0.0,0.0,0.0
2019-08-05,4.593,4.593,4.593,4.593,0,0.0,0.0,0.0,0.0,0.0,,0.0,0.0,0.0
2019-08-06,4.593,4.593,4.593,4.593,0,0.0,0.0,0.0,0.0,0.0,,0.0,0.0,0.0
2019-08-07,4.593,4.593,4.593,4.593,0,0.0,0.0,0.0,0.0,0.0,,0.0,0.0,0.0
2019-08-08,4.593,4.593,4.593,4.593,0,0.0,0.0,0.0,0.0,0.0,,0.0,0.0,0.0
2019-08-09,4.593,4.593,4.593,4.593,0,0.0,0.0,0.0,0.0,0.0,,0.0,0.0,0.0
2019-08-12,4.593,4.593,4.593,4.593,0,0.0,0.0,0.0,0.0,0.0,,0.0,0.0,0.0
2019-08-13,4.593,4.593,4.593,4.593,0,0.0,0.0,0.0,0.0,0.0,,0.0,0.0,0.0
2019-08-14,4.593,4.593,4.593,4.593,0,0.0,0.0,0.0,0.0,0.0,,0.0,0.0,0.0
2019-08-15,4.593,4.593,4.593,4.593,0,0.0,0.0,0.0,0.0,0.0,,0.0,0.0,0.0
2019-08-16,4.593,4.593,4.593,4.593,0,0.0,0.0,0.0,0.0,0.0,,0.0,0.0,0.0
2019-08-19,4.593,4.593,4.593,4.593,0,0.0,0.0,0.0,0.0,0.0,,0.0,0.0,0.0
2019-08-20,4.593,4.593,4.593,4.593,0,0.0,0.0,0.0,0.0,0.0,,0.0,0.0,0.0
2019-08-21,4.593,4.593,4.593,4.593,0,0.0,0.0,0.0,0.0,0.0,,0.0,0.0,0.0
2019-08-22,4.593,4.593,4.593,4.593,0,0.0,0.0,0.0,0.0,0.0,,0.0,0.0,0.0
2019-08-23,4.593,4.593,4.593,4.593,0,0.0,0.0,0.0,0.0,0.0,,0.0,0.0,0.0
2019-08-26,4.593,4.593,4.593,4.593,0,0.0,0.0,0.0,0.0,0.0,,0.0,0.0,0.0
2019-08-27,4.593,4.593,4.593,4.593,0,0.0,0.0,0.0,0.0,0.0,,0.0,0.0,0.0
2019-08-28,4.593,4.593,4.593,4.593,0,0.0,0.0,0.0,0.0,0.0,,0.0,0.0,0.0
2019-08-29,4.593,4.593,4.593,4.593,0,0.0,0.0,0.0,0.0,0.0,,0.0,0.0,0.0
2019-08-30,4.593,4.593,4.593,4.593,0,0.0,0.0,0.0,0.0,0.0,,0.0,0.0,0.0
2019-09-03,4.593,4.593,4.593,4.593,0,0.0,0.0,0.0,0.0,0.0,,0.0,0.0,0.0
2019-09-04,4.593,4.593,4.593,4.593,0,0.0,0.0,0.0,0.0,0.0,,0.0,0.0,0.0
2019-09-05,4.593,4.593,4.593,4.593,0,0.0,0.0,0.0,0.0,0.0,,0.0,0.0,0.0
2019-09-06,4.593,4.593,4.593,4.593,0,0.0,0.0,0.0,0.0,0.0,,0.0,0.0,0.0
2019-09-09,4.593,4.593,4.593,4.593,0,0.0,0.0,0.0,0.0,0.0,,0.0,0.0,0.0
2019-09-10,4.593,4.593,4.593,4.593,0,0.0,0.0,0.0,0.0,0.0,,0.0,0.0,0.0
2019-09-11,4.593,4.593,4.593,4.593,0,0.0,0.0,0.0,0.0,0.0,,0.0,0.0,0.0
2019-09-12,4.593,4.593,4.593,4.593,0,0.0,0.0,0.0,0.0,0.0,,0.0,0.0,0.0
2019-09-13,4.593,4.593,4.593,4.593,0,0.0,0.0,0.0,0.0,0.0,,0.0,0.0,0.0
2019-09-16,4.593,4.593,4.593,4.593,0,0.0,0.0,0.0,0.0,0.0,,0.0,0.0,0.0
2019-09-17,4.593,4.593,4.593,4.593,0,0.0,0.0,0.0,0.0,0.0,,0.0,0.0,0.0
2019-09-18,4.593,4.593,4.593,4.593,0,0.0,0.0,0.0,0.0,0.0,,0.0,0.0,0.0
2019-09-19,4.593,4.593,4.593,4.593,0,0.0,0.0,0.0,0.0,0.0,,0.0,0.0,0.0
2019-09-20,4.593,4.593,4.593,4.593,0,0.0,0.0,0.0,0.0,0.0,,0.0,0.0,0.0
2019-09-23,4.593,4.593,4.593,4.593,0,0.0,0.0,0.0,0.0,0.0,,0.0,0.0,0.0
2019-09-24,4.593,4.593,4.593,4.593,0,0.0,0.0,0.0,0.0,0.0,,0.0,0.0,0.0
2019-09-25,4.593,4.593,4.593,4.593,0,0.0,0.0,0.0,0.0,0.0,,0.0,0.0,0.0
2019-09-26,4.593,4.593,4.593,4.593,0,0.0,0.0,0.0,0.0,0.0,,0.0,0.0,0.0
2019-09-27,4.593,4.593,4.593,4.593,0,0.0,0.0,0.0,0.0,0.0,,0.0,0.0,0.0
2019-09-30,4.593,4.593,4.593,4.593,0,0.0,0.0,0.0,0.0,0.0,,0.0,0.0,0.0
2019-10-01,4.593,4.593,4.593,4.593,0,0.0,0.0,0.0,0.0,0.0,,0.0,0.0,0.0
2019-10-02,4.593,4.593,4.593,4.593,0,0.0,0.0,0.0,0.0,0.0,,0.0,0.0,0.0
2019-10-03,4.593,4.593,4.593,4.593,0,0.0,0.0,0.0,0.0,0.0,,0.0,0.0,0.0
2019-10-04,4.593,4.593,4.593,4.593,0,0.0,0.0,0.0,0.0,0.0,,0.0,0.0,0.0
2019-10-07,4.593,4.593,4.593,4.593,0,0.0,0.0,0.0,0.0,0.0,,0.0,0.0,0.0
2019-10-08,4.593,4.593,4.593,4.593,0,0.0,0.0,0.0,0.0,0.0,,0.0,0.0,0.0
2019-10-09,4.593,4.593,4.593,4.593,0,0.0,0.0,0.0,0.0,0.0,,0.0,0.0,0.0
2019-10-10,4.593,4.593,4.593,4.593,0,0.0,0.0,0.0,0.0,0.0,,0.0,0.0,0.0
2019-10-11,4.593,4.593,4.593,4.593,0,0.0,0.0,0.0,0.0,0.0,,0.0,0.0,0.0
2019-10-14,4.593,4.593,4.593,4.593,0,0.0,0.0,0.0,0.0,0.0,,0.0,0.0,0.0
2019-10-15,4.593,4.593,4.593,4.593,0,0.0,0.0,0.0,0.0,0.0,,0.0,0.0,0.0
2019-10-16,4.593,4.593,4.593,4.593,0,0.0,0.0,0.0,0.0,0.0,,0.0,0.0,0.0
2019-10-17,4.593,4.593,4.593,4.593,0,0.0,0.0,0.0,0.0,0.0,,0.0,0.0,0.0
2019-10-18,4.593,4.593,4.593,4.593,0,0.0,0.0,0.0,0.0,0.0,,0.0,0.0,0.0
2019-10-21,4.593,4.593,4.593,4.593,0,0.0,0.0,0.0,0.0,0.0,,0.0,0.0,0.0
2019-10-22,4.593,4.593,4.593,4.593,0,0.0,0.0,0.0,0.0,0.0,,0.0,0.0,0.0
2019-10-23,4.593,4.593,4.593,4.593,0,0.0,0.0,0.0,0.0,0.0,,0.0,0.0,0.0
2019-10-24,4.593,4.593,4.593,4.593,0,0.0,0.0,0.0,0.0,0.0,,0.0,0.0,0.0
2019-10-25,4.593,4.593,4.593,4.593,0,0.0,0.0,0.0,0.0,0.0,,0.0,0.0,0.0
2019-10-28,4.593,4.593,4.593,4.593,0,0.0,0.0,0.0,0.0,0.0,,0.0,0.0,0.0
2019-10-29,4.593,4.593,4.593,4.593,0,0.0,0.0,0.0,0.0,0.0,,0.0,0.0,0.0
2019-10-30,4.593,4.593,4.593,4.593,0,0.0,0.0,0.0,0.0,0.0,,0.0,0.0,0.0
2019-10-31,4.593,4.593,4.593,4.593,0,0.0,0.0,0.0,0.0,0.0,,0.0,0.0,0.0
2019-11-01,4.593,4.593,4.593,4.593,0,0.0,0.0,0.0,0.0,0.0,,0.0,0.0,0.0
2019-11-04,4.593,4.593,4.593,4.593,0,0.0,0.0,0.0,0.0,0.0,,0.0,0.0,0.0
2019-11-05,4.593,4.593,4.593,4.593,0,0.0,0.0,0.0,0.0,0.0,,0.0,0.0,0.0
2019-11-06,4.593,4.593,4.593,4.593,0,0.0,0.0,0.0,0.0,0.0,,0.0,0.0,0.0
2019-11-07,4.593,4.593,4.593,4.593,0,0.0,0.0,0.0,0.0,0.0,,0.0,0.0,0.0
2019-11-08,4.593,4.593,4.593,4.593,0,0.0,0.0,0.0,0.0,0.0,,0.0,0.0,0.0
2019-11-11,4.593,4.593,4.593,4.593,0,0.0,0.0,0.0,0.0,0.0,,0.0,0.0,0.0
2019-11-12,4.593,4.593,4.593,4.593,0,0.0,0.0,0.0,0.0,0.0,,0.0,0.0,0.0
2019-11-13,4.593,4.593,4.593,4.593,0,0.0,0.0,0.0,0.0,0.0,,0.0,0.0,0.0
2019-11-14,4.593,4.593,4.593,4.593,0,0.0,0.0,0.0,0.0,0.0,,0.0,0.0,0.0
2019-11-15,4.593,4.593,4.593,4.593,0,0.0,0.0,0.0,0.0,0.0,,0.0,0.0,0.0
2019-11-18,4.593,4.593,4.593,4.593,0,0.0,0.0,0.0,0.0,0.0,,0.0,0.0,0.0
2019-11-19,4.593,4.593,4.593,4.593,0,0.0,0.0,0.0,0.0,0.0,,0.0,0.0,0.0
2019-11-20,4.593,4.593,4.593,4.593,0,0.0,0.0,0.0,0.0,0.0,,0.0,0.0,0.0
2019-11-21,4.593,4.593,4.593,4.593,0,0.0,0.0,0.0,0.0,0.0,,0.0,0.0,0.0
2019-11-22,4.593,4.593,4.593,4.593,0,0.0,0.0,0.0,0.0,0.0,,0.0,0.0,0.0
2019-11-25,4.593,4.593,4.593,4.593,0,0.0,0.0,0.0,0.0,0.0,,0.0,0.0,0.0
2019-11-26,4.593,4.593,4.593,4.593,0,0.0,0.0,0.0,0.0,0.0,,0.0,0.0,0.0
2019-11-27,4.593,4.593,4.593,4.593,0,0.0,0.0,0.0,0.0,0.0,,0.0,0.0,0.0
2019-11-28,4.593,4.593,4.593,4.593,0,0.0,0.0,0.0,0.0,0.0,,0.0,0.0,0.0
2019-11-29,4.593,4.593,4.593,4.593,0,0.0,0.0,0.0,0.0,0.0,,0.0,0.0,0.0
2019-12-02,4.593,4.593,4.593,4.593,0,0.0,0.0,0.0,0.0,0.0,,0.0,0.0,0.0
2019-12-03,4.593,4.593,4.593,4.593,0,0.0,0.0,0.0,0.0,0.0,,0.0,0.0,0.0
2019-12-04,4.593,4.593,4.593,4.593,0,0.0,0.0,0.0,0.0,0.0,,0.0,0.0,0.0
2019-12-05,4.593,4.593,4.593,4.593,0,0.0,0.0,0.0,0.0,0.0,,0.0,0.0,0.0
2019-12-06,4.593,4.593,4.593,4.593,0,0.0,0.0,0.0,0.0,0.0,,0.0,0.0,0.0
2019-12-09,4.593,4.593,4.593,4.593,0,0.0,0.0,0.0,0.0,0.0,,0.0,0.0,0.0
2019-12-10,4.593,4.593,4.593,4.593,0,0.0,0.0,0.0,0.0,0.0,,0.0,0.0,0.0
2019-12-11,4.593,4.593,4.593,4.593,0,0.0,0.0,0.0,0.0,0.0,,0.0,0.0,0.0
2019-12-12,4.593,4.593,4.593,4.593,0,0.0,0.0,0.0,0.0,0.0,,0.0,0.0,0.0
2019-12-13,4.593,4.593,4.593,4.593,0,0.0,0.0,0.0,0.0,0.0,,0.0,0.0,0.0
2019-12-16,4.593,4.593,4.593,4.593,0,0.0,0.0,0.0,0.0,0.0,,0.0,0.0,0.0
2019-12-17,4.593,4.593,4.593,4.593,0,0.0,0.0,0.0,0.0,0.0,,0.0,0.0,0.0
2019-12-18,4.593,4.593,4.593,4.593,0,0.0,0.0,0.0,0.0,0.0,,0.0,0.0,0.0
2019-12-19,4.593,4.593,4.593,4.593,0,0.0,0.0,0.0,0.0,0.0,,0.0,0.0,0.0
2019-12-20,4.593,4.593,4.593,4.593,0,0.0,0.0,0.0,0.0,0.0,,0.0,0.0,0.0
2019-12-23,4.593,4.593,4.593,4.593,0,0.0,0.0,0.0,0.0,0.0,,0.0,0.0,0.0
2019-12-24,4.593,4.593,4.593,4.593,0,0.0,0.0,0.0,0.0,0.0,,0.0,0.0,0.0
2019-12-25,4.593,4.593,4.593,4.593,0,0.0,0.0,0.0,0.0,0.0,,0.0,0.0,0.0
2019-12-26,4.593,4.593,4.593,4.593,0,0.0,0.0,0.0,0.0,0.0,,0.0,0.0,0.0
2019-12-27,4.593,4.593,4.593,4.593,0,0.0,0.0,0.0,0.0,0.0,,0.0,0.0,0.0
2019-12-30,4.593,4.593,4.593,4.593,0,0.0,0.0,0.0,0.0,0.0,,0.0,0.0,0.0
2019-12-31,4.593,4.593,4.593,4.593,0,0.0,0.0,0.0,0.0,0.0,,0.0,0.0,0.0
2020-01-02,4.593,4.593,4.593,4.593,0,0.0,0.0,0.0,0.0,0.0,,0.0,0.0,0.0
2020-01-03,4.593,4.593,4.593,4.593,0,0.0,0.0,0.0,0.0,0.0,,0.0,0.0,0.0
2020-01-06,4.593,4.593,4.593,4.593,0,0.0,0.0,0.0,0.0,0.0,,0.0,0.0,0.0
2020-01-07,4.593,4.593,4.593,4.593,0,0.0,0.0,0.0,0.0,0.0,,0.0,0.0,0.0
2020-01-08,4.593,4.593,4.593,4.593,0,0.0,0.0,0.0,0.0,0.0,,0.0,0.0,0.0
2020-01-09,4.593,4.593,4.593,4.593,0,0.0,0.0,0.0,0.0,0.0,,0.0,0.0,0.0
2020-01-10,4.593,4.593,4.593,4.593,0,0.0,0.0,0.0,0.0,0.0,,0.0,0.0,0.0
2020-01-13,4.593,4.593,4.593,4.593,0,0.0,0.0,0.0,0.0,0.0,,0.0,0.0,0.0
2020-01-14,4.593,4.593,4.593,4.593,0,0.0,0.0,0.0,0.0,0.0,,0.0,0.0,0.0
2020-01-15,4.593,4.593,4.593,4.593,0,0.0,0.0,0.0,0.0,0.0,,0.0,0.0,0.0
2020-01-16,4.593,4.593,4.593,4.593,0,0.0,0.0,0.0,0.0,0.0,,0.0,0.0,0.0
2020-01-17,4.593,4.593,4.593,4.593,0,0.0,0.0,0.0,0.0,0.0,,0.0,0.0,0.0
2020-01-20,4.593,4.593,4.593,4.593,0,0.0,0.0,0.0,0.0,0.0,,0.0,0.0,0.0
2020-01-21,4.593,4.593,4.593,4.593,0,0.0,0.0,0.0,0.0,0.0,,0.0,0.0,0.0
2020-01-22,4.593,4.593,4.593,4.593,0,0.0,0.0,0.0,0.0,0.0,,0.0,0.0,0.0
2020-01-30,4.593,4.593,4.593,4.593,0,0.0,0.0,0.0,0.0,0.0,,0.0,0.0,0.0
2020-01-31,4.593,4.593,4.593,4.593,0,0.0,0.0,0.0,0.0,0.0,,0.0,0.0,0.0
2020-02-03,4.593,4.593,4.593,4.593,0,0.0,0.0,0.0,0.0,0.0,,0.0,0.0,0.0
2020-02-04,4.593,4.593,4.593,4.593,0,0.0,0.0,0.0,0.0,0.0,,0.0,0.0,0.0
2020-02-05,4.593,4.593,4.593,4.593,0,0.0,0.0,0.0,0.0,0.0,,0.0,0.0,0.0
2020-02-06,4.593,4.593,4.593,4.593,0,0.0,0.0,0.0,0.0,0.0,,0.0,0.0,0.0
2020-02-07,4.593,4.593,4.593,4.593,0,0.0,0.0,0.0,0.0,0.0,,0.0,0.0,0.0
2020-02-10,4.593,4.593,4.593,4.593,0,0.0,0.0,0.0,0.0,0.0,,0.0,0.0,0.0
2020-02-11,4.593,4.593,4.593,4.593,0,0.0,0.0,0.0,0.0,0.0,,0.0,0.0,0.0
2020-02-12,4.593,4.593,4.593,4.593,0,0.0,0.0,0.0,0.0,0.0,,0.0,0.0,0.0
2020-02-13,4.593,4.593,4.593,4.593,0,0.0,0.0,0.0,0.0,0.0,,0.0,0.0,0.0
2020-02-14,4.593,4.593,4.593,4.593,0,0.0,0.0,0.0,0.0,0.0,,0.0,0.0,0.0
2020-02-17,4.593,4.593,4.593,4.593,0,0.0,0.0,0.0,0.0,0.0,,0.0,0.0,0.0
2020-02-18,4.593,4.593,4.593,4.593,0,0.0,0.0,0.0,0.0,0.0,,0.0,0.0,0.0
2020-02-19,4.593,4.593,4.593,4.593,0,0.0,0.0,0.0,0.0,0.0,,0.0,0.0,0.0
2020-02-20,4.593,4.593,4.593,4.593,0,0.0,0.0,0.0,0.0,0.0,,0.0,0.0,0.0
2020-02-21,4.593,4.593,4.593,4.593,0,0.0,0.0,0.0,0.0,0.0,,0.0,0.0,0.0
2020-02-24,4.593,4.593,4.593,4.593,0,0.0,0.0,0.0,0.0,0.0,,0.0,0.0,0.0
2020-02-25,4.593,4.593,4.593,4.593,0,0.0,0.0,0.0,0.0,0.0,,0.0,0.0,0.0
2020-02-26,4.593,4.593,4.593,4.593,0,0.0,0.0,0.0,0.0,0.0,,0.0,0.0,0.0
2020-02-27,4.593,4.593,4.593,4.593,0,0.0,0.0,0.0,0.0,0.0,,0.0,0.0,0.0
2020-02-28,4.593,4.593,4.593,4.593,0,0.0,0.0,0.0,0.0,0.0,,0.0,0.0,0.0
2020-03-02,4.593,4.593,4.593,4.593,0,0.0,0.0,0.0,0.0,0.0,,0.0,0.0,0.0
2020-03-03,4.593,4.593,4.593,4.593,0,0.0,0.0,0.0,0.0,0.0,,0.0,0.0,0.0
2020-03-04,4.593,4.593,4.593,4.593,0,0.0,0.0,0.0,0.0,0.0,,0.0,0.0,0.0
2020-03-05,4.593,4.593,4.593,4.593,0,0.0,0.0,0.0,0.0,0.0,,0.0,0.0,0.0
2020-03-06,4.593,4.593,4.593,4.593,0,0.0,0.0,0.0,0.0,0.0,,0.0,0.0,0.0
2020-03-09,4.593,4.593,4.593,4.593,0,0.0,0.0,0.0,0.0,0.0,,0.0,0.0,0.0
2020-03-10,4.593,4.593,4.593,4.593,0,0.0,0.0,0.0,0.0,0.0,,0.0,0.0,0.0
2020-03-11,4.593,4.593,4.593,4.593,0,0.0,0.0,0.0,0.0,0.0,,0.0,0.0,0.0
2020-03-12,4.593,4.593,4.593,4.593,0,0.0,0.0,0.0,0.0,0.0,,0.0,0.0,0.0
2020-03-13,4.593,4.593,4.593,4.593,0,0.0,0.0,0.0,0.0,0.0,,0.0,0.0,0.0
2020-03-16,4.593,4.593,4.593,4.593,0,0.0,0.0,0.0,0.0,0.0,,0.0,0.0,0.0
2020-03-17,4.593,4.593,4.593,4.593,0,0.0,0.0,0.0,0.0,0.0,,0.0,0.0,0.0
2020-03-18,4.593,4.593,4.593,4.593,0,0.0,0.0,0.0,0.0,0.0,,0.0,0.0,0.0
2020-03-19,4.593,4.593,4.593,4.593,0,0.0,0.0,0.0,0.0,0.0,,0.0,0.0,0.0
2020-03-20,4.593,4.593,4.593,4.593,0,0.0,0.0,0.0,0.0,0.0,,0.0,0.0,0.0
2020-03-23,4.593,4.593,4.593,4.593,0,0.0,0.0,0.0,0.0,0.0,,0.0,0.0,0.0
2020-03-24,4.593,4.593,4.593,4.593,0,0.0,0.0,0.0,0.0,0.0,,0.0,0.0,0.0
2020-03-25,4.593,4.593,4.593,4.593,0,0.0,0.0,0.0,0.0,0.0,,0.0,0.0,0.0
2020-03-26,4.593,4.593,4.593,4.593,0,0.0,0.0,0.0,0.0,0.0,,0.0,0.0,0.0
2020-03-27,4.593,4.593,4.593,4.593,0,0.0,0.0,0.0,0.0,0.0,,0.0,0.0,0.0
2020-03-30,4.593,4.593,4.593,4.593,0,0.0,0.0,0.0,0.0,0.0,,0.0,0.0,0.0
2020-03-31,4.593,4.593,4.593,4.593,0,0.0,0.0,0.0,0.0,0.0,,0.0,0.0,0.0
2020-04-01,4.593,4.593,4.593,4.593,0,0.0,0.0,0.0,0.0,0.0,,0.0,0.0,0.0
2020-04-03,4.593,4.593,4.593,4.593,0,0.0,0.0,0.0,0.0,0.0,,0.0,0.0,0.0
2020-04-06,4.593,4.593,4.593,4.593,0,0.0,0.0,0.0,0.0,0.0,,0.0,0.0,0.0
2020-04-07,4.593,4.593,4.593,4.593,0,0.0,0.0,0.0,0.0,0.0,,0.0,0.0,0.0
2020-04-08,4.593,4.593,4.593,4.593,0,0.0,0.0,0.0,0.0,0.0,,0.0,0.0,0.0
2020-04-09,4.593,4.593,4.593,4.593,0,0.0,0.0,0.0,0.0,0.0,,0.0,0.0,0.0
2020-04-10,4.593,4.593,4.593,4.593,0,0.0,0.0,0.0,0.0,0.0,,0.0,0.0,0.0
2020-04-13,4.593,4.593,4.593,4.593,0,0.0,0.0,0.0,0.0,0.0,,0.0,0.0,0.0
2020-04-14,4.593,4.593,4.593,4.593,0,0.0,0.0,0.0,0.0,0.0,,0.0,0.0,0.0
2020-04-15,4.593,4.593,4.593,4.593,0,0.0,0.0,0.0,0.0,0.0,,0.0,0.0,0.0
2020-04-16,4.593,4.593,4.593,4.593,0,0.0,0.0,0.0,0.0,0.0,,0.0,0.0,0.0
2020-04-17,4.593,4.593,4.593,4.593,0,0.0,0.0,0.0,0.0,0.0,,0.0,0.0,0.0
2020-04-20,4.593,4.593,4.593,4.593,0,0.0,0.0,0.0,0.0,0.0,,0.0,0.0,0.0
2020-04-21,4.593,4.593,4.593,4.593,0,0.0,0.0,0.0,0.0,0.0,,0.0,0.0,0.0
2020-04-22,4.593,4.593,4.593,4.593,0,0.0,0.0,0.0,0.0,0.0,,0.0,0.0,0.0
2020-04-23,4.593,4.593,4.593,4.593,0,0.0,0.0,0.0,0.0,0.0,,0.0,0.0,0.0
2020-04-24,4.593,4.593,4.593,4.593,0,0.0,0.0,0.0,0.0,0.0,,0.0,0.0,0.0
2020-04-27,4.593,4.593,4.593,4.593,0,0.0,0.0,0.0,0.0,0.0,,0.0,0.0,0.0
2020-04-28,4.593,4.593,4.593,4.593,0,0.0,0.0,0.0,0.0,0.0,,0.0,0.0,0.0
2020-04-29,4.593,4.593,4.593,4.593,0,0.0,0.0,0.0,0.0,0.0,,0.0,0.0,0.0
2020-05-04,4.593,4.593,4.593,4.593,0,0.0,0.0,0.0,0.0,0.0,,0.0,0.0,0.0
2020-05-05,4.593,4.593,4.593,4.593,0,0.0,0.0,0.0,0.0,0.0,,0.0,0.0,0.0
2020-05-06,4.593,4.593,4.593,4.593,0,0.0,0.0,0.0,0.0,0.0,,0.0,0.0,0.0
2020-05-07,4.593,4.593,4.593,4.593,0,0.0,0.0,0.0,0.0,0.0,,0.0,0.0,0.0
2020-05-08,4.593,4.593,4.593,4.593,0,0.0,0.0,0.0,0.0,0.0,,0.0,0.0,0.0
2020-05-11,4.593,4.593,4.593,4.593,0,0.0,0.0,0.0,0.0,0.0,,0.0,0.0,0.0
2020-05-12,4.593,4.593,4.593,4.593,0,0.0,0.0,0.0,0.0,0.0,,0.0,0.0,0.0
2020-05-13,4.593,4.593,4.593,4.593,0,0.0,0.0,0.0,0.0,0.0,,0.0,0.0,0.0
2020-05-14,4.593,4.593,4.593,4.593,0,0.0,0.0,0.0,0.0,0.0,,0.0,0.0,0.0
2020-05-15,4.593,4.593,4.593,4.593,0,0.0,0.0,0.0,0.0,0.0,,0.0,0.0,0.0
2020-05-18,4.593,4.593,4.593,4.593,0,0.0,0.0,0.0,0.0,0.0,,0.0,0.0,0.0
2020-05-19,4.593,4.593,4.593,4.593,0,0.0,0.0,0.0,0.0,0.0,,0.0,0.0,0.0
2020-05-20,4.593,4.593,4.593,4.593,0,0.0,0.0,0.0,0.0,0.0,,0.0,0.0,0.0
2020-05-21,4.593,4.593,4.593,4.593,0,0.0,0.0,0.0,0.0,0.0,,0.0,0.0,0.0
2020-05-22,4.593,4.593,4.593,4.593,0,0.0,0.0,0.0,0.0,0.0,,0.0,0.0,0.0
2020-05-25,4.593,4.593,4.593,4.593,0,0.0,0.0,0.0,0.0,0.0,,0.0,0.0,0.0
2020-05-26,4.593,4.593,4.593,4.593,0,0.0,0.0,0.0,0.0,0.0,,0.0,0.0,0.0
2020-05-27,4.593,4.593,4.593,4.593,0,0.0,0.0,0.0,0.0,0.0,,0.0,0.0,0.0
2020-05-28,4.593,4.593,4.593,4.593,0,0.0,0.0,0.0,0.0,0.0,,0.0,0.0,0.0
2020-05-29,4.593,4.593,4.593,4.593,0,0.0,0.0,0.0,0.0,0.0,,0.0,0.0,0.0
2020-06-01,4.593,4.593,4.593,4.593,0,0.0,0.0,0.0,0.0,0.0,,0.0,0.0,0.0
2020-06-02,4.593,4.593,4.593,4.593,0,0.0,0.0,0.0,0.0,0.0,,0.0,0.0,0.0
2020-06-03,4.593,4.593,4.593,4.593,0,0.0,0.0,0.0,0.0,0.0,,0.0,0.0,0.0
2020-06-04,4.593,4.593,4.593,4.593,0,0.0,0.0,0.0,0.0,0.0,,0.0,0.0,0.0
2020-06-05,4.593,4.593,4.593,4.593,0,0.0,0.0,0.0,0.0,0.0,,0.0,0.0,0.0
2020-06-08,4.593,4.593,4.593,4.593,0,0.0,0.0,0.0,0.0,0.0,,0.0,0.0,0.0
2020-06-09,4.593,4.593,4.593,4.593,0,0.0,0.0,0.0,0.0,0.0,,0.0,0.0,0.0
2020-06-10,4.593,4.593,4.593,4.593,0,0.0,0.0,0.0,0.0,0.0,,0.0,0.0,0.0
2020-06-11,4.593,4.593,4.593,4.593,0,0.0,0.0,0.0,0.0,0.0,,0.0,0.0,0.0
2020-06-12,4.593,4.593,4.593,4.593,0,0.0,0.0,0.0,0.0,0.0,,0.0,0.0,0.0
2020-06-15,4.593,4.593,4.593,4.593,0,0.0,0.0,0.0,0.0,0.0,,0.0,0.0,0.0
2020-06-16,4.593,4.593,4.593,4.593,0,0.0,0.0,0.0,0.0,0.0,,0.0,0.0,0.0
2020-06-17,4.593,4.593,4.593,4.593,0,0.0,0.0,0.0,0.0,0.0,,0.0,0.0,0.0
2020-06-18,4.593,4.593,4.593,4.593,0,0.0,0.0,0.0,0.0,0.0,,0.0,0.0,0.0
2020-06-19,4.593,4.593,4.593,4.593,0,0.0,0.0,0.0,0.0,0.0,,0.0,0.0,0.0
2020-06-22,4.593,4.593,4.593,4.593,0,0.0,0.0,0.0,0.0,0.0,,0.0,0.0,0.0
2020-06-23,4.593,4.593,4.593,4.593,0,0.0,0.0,0.0,0.0,0.0,,0.0,0.0,0.0
2020-06-24,4.593,4.593,4.593,4.593,0,0.0,0.0,0.0,0.0,0.0,,0.0,0.0,0.0
2020-06-25,4.593,4.593,4.593,4.593,0,0.0,0.0,0.0,0.0,0.0,,0.0,0.0,0.0
2020-06-26,4.593,4.593,4.593,4.593,0,0.0,0.0,0.0,0.0,0.0,,0.0,0.0,0.0
2020-06-29,4.593,4.593,4.593,4.593,0,0.0,0.0,0.0,0.0,0.0,,0.0,0.0,0.0
2020-06-30,4.593,4.593,4.593,4.593,0,0.0,0.0,0.0,0.0,0.0,,0.0,0.0,0.0
2020-07-01,4.593,4.593,4.593,4.593,0,0.0,0.0,0.0,0.0,0.0,,0.0,0.0,0.0
2020-07-02,4.593,4.593,4.593,4.593,0,0.0,0.0,0.0,0.0,0.0,,0.0,0.0,0.0
2020-07-03,4.593,4.593,4.593,4.593,0,0.0,0.0,0.0,0.0,0.0,,0.0,0.0,0.0
2020-07-06,4.593,4.593,4.593,4.593,0,0.0,0.0,0.0,0.0,0.0,,0.0,0.0,0.0
2020-07-07,4.593,4.593,4.593,4.593,0,0.0,0.0,0.0,0.0,0.0,,0.0,0.0,0.0
2020-07-08,4.593,4.593,4.593,4.593,0,0.0,0.0,0.0,0.0,0.0,,0.0,0.0,0.0
2020-07-09,4.593,4.593,4.593,4.593,0,0.0,0.0,0.0,0.0,0.0,,0.0,0.0,0.0
2020-07-10,4.593,4.593,4.593,4.593,0,0.0,0.0,0.0,0.0,0.0,,0.0,0.0,0.0
2020-07-13,4.593,4.593,4.593,4.593,0,0.0,0.0,0.0,0.0,0.0,,0.0,0.0,0.0
2020-07-14,4.593,4.593,4.593,4.593,0,0.0,0.0,0.0,0.0,0.0,,0.0,0.0,0.0
2020-07-15,4.593,4.593,4.593,4.593,0,0.0,0.0,0.0,0.0,0.0,,0.0,0.0,0.0
2020-07-16,4.593,4.593,4.593,4.593,0,0.0,0.0,0.0,0.0,0.0,,0.0,0.0,0.0
2020-07-17,4.593,4.593,4.593,4.593,0,0.0,0.0,0.0,0.0,0.0,,0.0,0.0,0.0
2020-07-20,4.593,4.593,4.593,4.593,0,0.0,0.0,0.0,0.0,0.0,,0.0,0.0,0.0
2020-07-21,4.593,4.593,4.593,4.593,0,0.0,0.0,0.0,0.0,0.0,,0.0,0.0,0.0
2020-07-22,4.593,4.593,4.593,4.593,0,0.0,0.0,0.0,0.0,0.0,,0.0,0.0,0.0
2020-07-23,4.593,4.593,4.593,4.593,0,0.0,0.0,0.0,0.0,0.0,,0.0,0.0,0.0
2020-07-24,4.593,4.593,4.593,4.593,0,0.0,0.0,0.0,0.0,0.0,,0.0,0.0,0.0
2020-07-27,4.593,4.593,4.593,4.593,0,0.0,0.0,0.0,0.0,0.0,,0.0,0.0,0.0
2020-07-28,4.593,4.593,4.593,4.593,0,0.0,0.0,0.0,0.0,0.0,,0.0,0.0,0.0
2020-07-29,4.593,4.593,4.593,4.593,0,0.0,0.0,0.0,0.0,0.0,,0.0,0.0,0.0
2020-07-30,4.593,4.593,4.593,4.593,0,0.0,0.0,0.0,0.0,0.0,,0.0,0.0,0.0
2020-07-31,4.593,4.593,4.593,4.593,0,0.0,0.0,0.0,0.0,0.0,,0.0,0.0,0.0
2020-08-03,4.593,4.593,4.593,4.593,0,0.0,0.0,0.0,0.0,0.0,,0.0,0.0,0.0
2020-08-04,4.593,4.593,4.593,4.593,0,0.0,0.0,0.0,0.0,0.0,,0.0,0.0,0.0
2020-08-05,4.593,4.593,4.593,4.593,0,0.0,0.0,0.0,0.0,0.0,,0.0,0.0,0.0
2020-08-06,4.593,4.593,4.593,4.593,0,0.0,0.0,0.0,0.0,0.0,,0.0,0.0,0.0
2020-08-07,4.592,4.592,4.592,4.592,0,0.0,0.0,0.0,0.0,0.0,,0.0,0.0,0.0
2020-08-10,4.592,4.592,4.592,4.592,0,0.0,0.0,0.0,0.0,0.0,,0.0,0.0,0.0
2020-08-11,4.592,4.592,4.592,4.592,0,0.0,0.0,0.0,0.0,0.0,,0.0,0.0,0.0
2020-08-12,4.592,4.592,4.592,4.592,0,0.0,0.0,0.0,0.0,0.0,,0.0,0.0,0.0
2020-08-13,4.592,4.592,4.592,4.592,0,0.0,0.0,0.0,0.0,0.0,,0.0,0.0,0.0
2020-08-14,4.592,4.592,4.592,4.592,0,0.0,0.0,0.0,0.0,0.0,,0.0,0.0,0.0
2020-08-17,4.592,4.592,4.592,4.592,0,0.0,0.0,0.0,0.0,0.0,,0.0,0.0,0.0
2020-08-18,4.592,4.592,4.592,4.592,0,0.0,0.0,0.0,0.0,0.0,,0.0,0.0,0.0
2020-08-19,4.592,4.592,4.592,4.592,0,0.0,0.0,0.0,0.0,0.0,,0.0,0.0,0.0
2020-08-20,4.592,4.592,4.592,4.592,0,0.0,0.0,0.0,0.0,0.0,,0.0,0.0,0.0
2020-08-21,4.592,4.592,4.592,4.592,0,0.0,0.0,0.0,0.0,0.0,,0.0,0.0,0.0
2020-08-24,4.592,4.592,4.592,4.592,0,0.0,0.0,0.0,0.0,0.0,,0.0,0.0,0.0
2020-08-25,4.592,4.592,4.592,4.592,0,0.0,0.0,0.0,0.0,0.0,,0.0,0.0,0.0
2020-08-26,4.592,4.592,4.592,4.592,0,0.0,0.0,0.0,0.0,0.0,,0.0,0.0,0.0
2020-08-27,4.592,4.592,4.592,4.592,0,0.0,0.0,0.0,0.0,0.0,,0.0,0.0,0.0
2020-08-28,4.592,4.592,4.592,4.592,0,0.0,0.0,0.0,0.0,0.0,,0.0,0.0,0.0
2020-08-31,4.592,4.592,4.592,4.592,0,0.0,0.0,0.0,0.0,0.0,,0.0,0.0,0.0
2020-09-01,4.592,4.592,4.592,4.592,0,0.0,0.0,0.0,0.0,0.0,,0.0,0.0,0.0
2020-09-03,4.592,4.592,4.592,4.592,0,0.0,0.0,0.0,0.0,0.0,,0.0,0.0,0.0
2020-09-04,4.592,4.592,4.592,4.592,0,0.0,0.0,0.0,0.0,0.0,,0.0,0.0,0.0
2020-09-07,4.592,4.592,4.592,4.592,0,0.0,0.0,0.0,0.0,0.0,,0.0,0.0,0.0
2020-09-08,4.592,4.592,4.592,4.592,0,0.0,0.0,0.0,0.0,0.0,,0.0,0.0,0.0
2020-09-09,4.592,4.592,4.592,4.592,0,0.0,0.0,0.0,0.0,0.0,,0.0,0.0,0.0
2020-09-10,4.592,4.592,4.592,4.592,0,0.0,0.0,0.0,0.0,0.0,,0.0,0.0,0.0
2020-09-11,4.592,4.592,4.592,4.592,0,0.0,0.0,0.0,0.0,0.0,,0.0,0.0,0.0
2020-09-14,4.592,4.592,4.592,4.592,0,0.0,0.0,0.0,0.0,0.0,,0.0,0.0,0.0
2020-09-15,4.592,4.592,4.592,4.592,0,0.0,0.0,0.0,0.0,0.0,,0.0,0.0,0.0
2020-09-16,4.592,4.592,4.592,4.592,0,0.0,0.0,0.0,0.0,0.0,,0.0,0.0,0.0
2020-09-17,4.592,4.592,4.592,4.592,0,0.0,0.0,0.0,0.0,0.0,,0.0,0.0,0.0
2020-09-18,4.592,4.592,4.592,4.592,0,0.0,0.0,0.0,0.0,0.0,,0.0,0.0,0.0
2020-09-21,4.592,4.592,4.592,4.592,0,0.0,0.0,0.0,0.0,0.0,,0.0,0.0,0.0
2020-09-22,4.592,4.592,4.592,4.592,0,0.0,0.0,0.0,0.0,0.0,,0.0,0.0,0.0
2020-09-23,4.592,4.592,4.592,4.592,0,0.0,0.0,0.0,0.0,0.0,,0.0,0.0,0.0
2020-09-24,4.592,4.592,4.592,4.592,0,0.0,0.0,0.0,0.0,0.0,,0.0,0.0,0.0
2020-09-25,4.592,4.592,4.592,4.592,0,0.0,0.0,0.0,0.0,0.0,,0.0,0.0,0.0
2020-09-28,4.592,4.592,4.592,4.592,0,0.0,0.0,0.0,0.0,0.0,,0.0,0.0,0.0
2020-09-29,4.592,4.592,4.592,4.592,0,0.0,0.0,0.0,0.0,0.0,,0.0,0.0,0.0
2020-09-30,4.592,4.592,4.592,4.592,0,0.0,0.0,0.0,0.0,0.0,,0.0,0.0,0.0
2020-10-01,4.592,4.592,4.592,4.592,0,0.0,0.0,0.0,0.0,0.0,,0.0,0.0,0.0
2020-10-02,4.592,4.592,4.592,4.592,0,0.0,0.0,0.0,0.0,0.0,,0.0,0.0,0.0
2020-10-05,4.592,4.592,4.592,4.592,0,0.0,0.0,0.0,0.0,0.0,,0.0,0.0,0.0
2020-10-06,4.592,4.592,4.592,4.592,0,0.0,0.0,0.0,0.0,0.0,,0.0,0.0,0.0
2020-10-07,4.592,4.592,4.592,4.592,0,0.0,0.0,0.0,0.0,0.0,,0.0,0.0,0.0
2020-10-08,4.592,4.592,4.592,4.592,0,0.0,0.0,0.0,0.0,0.0,,0.0,0.0,0.0
2020-10-09,4.592,4.592,4.592,4.592,0,0.0,0.0,0.0,0.0,0.0,,0.0,0.0,0.0
2020-10-12,4.592,4.592,4.592,4.592,0,0.0,0.0,0.0,0.0,0.0,,0.0,0.0,0.0
2020-10-13,4.592,4.592,4.592,4.592,0,0.0,0.0,0.0,0.0,0.0,,0.0,0.0,0.0
2020-10-14,4.592,4.592,4.592,4.592,0,0.0,0.0,0.0,0.0,0.0,,0.0,0.0,0.0
2020-10-15,4.592,4.592,4.592,4.592,0,0.0,0.0,0.0,0.0,0.0,,0.0,0.0,0.0
2020-10-16,4.592,4.592,4.592,4.592,0,0.0,0.0,0.0,0.0,0.0,,0.0,0.0,0.0
2020-10-19,4.592,4.592,4.592,4.592,0,0.0,0.0,0.0,0.0,0.0,,0.0,0.0,0.0
2020-10-20,4.592,4.592,4.592,4.592,0,0.0,0.0,0.0,0.0,0.0,,0.0,0.0,0.0
2020-10-21,4.592,4.592,4.592,4.592,0,0.0,0.0,0.0,0.0,0.0,,0.0,0.0,0.0
2020-10-22,4.592,4.592,4.592,4.592,0,0.0,0.0,0.0,0.0,0.0,,0.0,0.0,0.0
2020-10-23,4.592,4.592,4.592,4.592,0,0.0,0.0,0.0,0.0,0.0,,0.0,0.0,0.0
2020-10-26,4.592,4.592,4.592,4.592,0,0.0,0.0,0.0,0.0,0.0,,0.0,0.0,0.0
2020-10-27,4.592,4.592,4.592,4.592,0,0.0,0.0,0.0,0.0,0.0,,0.0,0.0,0.0
2020-10-28,4.592,4.592,4.592,4.592,0,0.0,0.0,0.0,0.0,0.0,,0.0,0.0,0.0
2020-10-29,4.592,4.592,4.592,4.592,0,0.0,0.0,0.0,0.0,0.0,,0.0,0.0,0.0
2020-10-30,4.592,4.592,4.592,4.592,0,0.0,0.0,0.0,0.0,0.0,,0.0,0.0,0.0
2020-11-02,4.592,4.592,4.592,4.592,0,0.0,0.0,0.0,0.0,0.0,,0.0,0.0,0.0
2020-11-03,4.592,4.592,4.592,4.592,0,0.0,0.0,0.0,0.0,0.0,,0.0,0.0,0.0
2020-11-04,4.592,4.592,4.592,4.592,0,0.0,0.0,0.0,0.0,0.0,,0.0,0.0,0.0
2020-11-05,4.592,4.592,4.592,4.592,0,0.0,0.0,0.0,0.0,0.0,,0.0,0.0,0.0
2020-11-06,4.592,4.592,4.592,4.592,0,0.0,0.0,0.0,0.0,0.0,,0.0,0.0,0.0
2020-11-09,4.592,4.592,4.592,4.592,0,0.0,0.0,0.0,0.0,0.0,,0.0,0.0,0.0
2020-11-10,4.592,4.592,4.592,4.592,0,0.0,0.0,0.0,0.0,0.0,,0.0,0.0,0.0
2020-11-11,4.592,4.592,4.592,4.592,0,0.0,0.0,0.0,0.0,0.0,,0.0,0.0,0.0
2020-11-12,4.592,4.592,4.592,4.592,0,0.0,0.0,0.0,0.0,0.0,,0.0,0.0,0.0
2020-11-13,4.592,4.592,4.592,4.592,0,0.0,0.0,0.0,0.0,0.0,,0.0,0.0,0.0
2020-11-16,4.592,4.592,4.592,4.592,0,0.0,0.0,0.0,0.0,0.0,,0.0,0.0,0.0
2020-11-17,4.592,4.592,4.592,4.592,0,0.0,0.0,0.0,0.0,0.0,,0.0,0.0,0.0
2020-11-18,4.592,4.592,4.592,4.592,0,0.0,0.0,0.0,0.0,0.0,,0.0,0.0,0.0
2020-11-19,4.592,4.592,4.592,4.592,0,0.0,0.0,0.0,0.0,0.0,,0.0,0.0,0.0
2020-11-20,4.592,4.592,4.592,4.592,0,0.0,0.0,0.0,0.0,0.0,,0.0,0.0,0.0
2020-11-23,4.592,4.592,4.592,4.592,0,0.0,0.0,0.0,0.0,0.0,,0.0,0.0,0.0
2020-11-24,4.592,4.592,4.592,4.592,0,0.0,0.0,0.0,0.0,0.0,,0.0,0.0,0.0
2020-11-25,4.592,4.592,4.592,4.592,0,0.0,0.0,0.0,0.0,0.0,,0.0,0.0,0.0
2020-11-26,4.592,4.592,4.592,4.592,0,0.0,0.0,0.0,0.0,0.0,,0.0,0.0,0.0
2020-11-27,4.592,4.592,4.592,4.592,0,0.0,0.0,0.0,0.0,0.0,,0.0,0.0,0.0
2020-11-30,4.592,4.592,4.592,4.592,0,0.0,0.0,0.0,0.0,0.0,,0.0,0.0,0.0
2020-12-01,4.592,4.592,4.592,4.592,0,0.0,0.0,0.0,0.0,0.0,,0.0,0.0,0.0
2020-12-02,4.592,4.592,4.592,4.592,0,0.0,0.0,0.0,0.0,0.0,,0.0,0.0,0.0
2020-12-03,4.592,4.592,4.592,4.592,0,0.0,0.0,0.0,0.0,0.0,,0.0,0.0,0.0
2020-12-04,4.592,4.592,4.592,4.592,0,0.0,0.0,0.0,0.0,0.0,,0.0,0.0,0.0
2020-12-07,4.592,4.592,4.592,4.592,0,0.0,0.0,0.0,0.0,0.0,,0.0,0.0,0.0
2020-12-08,4.592,4.592,4.592,4.592,0,0.0,0.0,0.0,0.0,0.0,,0.0,0.0,0.0
2020-12-09,4.592,4.592,4.592,4.592,0,0.0,0.0,0.0,0.0,0.0,,0.0,0.0,0.0
2020-12-10,4.592,4.592,4.592,4.592,0,0.0,0.0,0.0,0.0,0.0,,0.0,0.0,0.0
2020-12-11,4.592,4.592,4.592,4.592,0,0.0,0.0,0.0,0.0,0.0,,0.0,0.0,0.0
2020-12-14,4.592,4.592,4.592,4.592,0,0.0,0.0,0.0,0.0,0.0,,0.0,0.0,0.0
2020-12-15,4.592,4.592,4.592,4.592,0,0.0,0.0,0.0,0.0,0.0,,0.0,0.0,0.0
2020-12-16,4.592,4.592,4.592,4.592,0,0.0,0.0,0.0,0.0,0.0,,0.0,0.0,0.0
2020-12-17,4.592,4.592,4.592,4.592,0,0.0,0.0,0.0,0.0,0.0,,0.0,0.0,0.0
2020-12-18,4.592,4.592,4.592,4.592,0,0.0,0.0,0.0,0.0,0.0,,0.0,0.0,0.0
2020-12-21,4.592,4.592,4.592,4.592,0,0.0,0.0,0.0,0.0,0.0,,0.0,0.0,0.0
2020-12-22,4.592,4.592,4.592,4.592,0,0.0,0.0,0.0,0.0,0.0,,0.0,0.0,0.0
2020-12-23,4.592,4.592,4.592,4.592,0,0.0,0.0,0.0,0.0,0.0,,0.0,0.0,0.0
2020-12-24,4.592,4.592,4.592,4.592,0,0.0,0.0,0.0,0.0,0.0,,0.0,0.0,0.0
2020-12-25,4.592,4.592,4.592,4.592,0,0.0,0.0,0.0,0.0,0.0,,0.0,0.0,0.0
2020-12-28,4.592,4.592,4.592,4.592,0,0.0,0.0,0.0,0.0,0.0,,0.0,0.0,0.0
2020-12-29,4.592,4.592,4.592,4.592,0,0.0,0.0,0.0,0.0,0.0,,0.0,0.0,0.0
2020-12-30,4.592,4.592,4.592,4.592,0,0.0,0.0,0.0,0.0,0.0,,0.0,0.0,0.0
2020-12-31,4.592,4.592,4.592,4.592,0,0.0,0.0,0.0,0.0,0.0,,0.0,0.0,0.0
2021-01-04,4.592,4.592,4.592,4.592,0,0.0,0.0,0.0,0.0,0.0,,0.0,0.0,0.0
2021-01-05,4.592,4.592,4.592,4.592,0,0.0,0.0,0.0,0.0,0.0,,0.0,0.0,0.0
2021-01-06,4.592,4.592,4.592,4.592,0,0.0,0.0,0.0,0.0,0.0,,0.0,0.0,0.0
2021-01-07,4.592,4.592,4.592,4.592,0,0.0,0.0,0.0,0.0,0.0,,0.0,0.0,0.0
2021-01-08,4.592,4.592,4.592,4.592,0,0.0,0.0,0.0,0.0,0.0,,0.0,0.0,0.0
2021-01-11,4.592,4.592,4.592,4.592,0,0.0,0.0,0.0,0.0,0.0,,0.0,0.0,0.0
2021-01-12,4.592,4.592,4.592,4.592,0,0.0,0.0,0.0,0.0,0.0,,0.0,0.0,0.0
2021-01-13,4.592,4.592,4.592,4.592,0,0.0,0.0,0.0,0.0,0.0,,0.0,0.0,0.0
2021-01-14,4.592,4.592,4.592,4.592,0,0.0,0.0,0.0,0.0,0.0,,0.0,0.0,0.0
2021-01-15,4.592,4.592,4.592,4.592,0,0.0,0.0,0.0,0.0,0.0,,0.0,0.0,0.0
2021-01-18,4.592,4.592,4.592,4.592,0,0.0,0.0,0.0,0.0,0.0,,0.0,0.0,0.0
2021-01-19,4.592,4.592,4.592,4.592,0,0.0,0.0,0.0,0.0,0.0,,0.0,0.0,0.0
2021-01-20,4.592,4.592,4.592,4.592,0,0.0,0.0,0.0,0.0,0.0,,0.0,0.0,0.0
2021-01-21,4.592,4.592,4.592,4.592,0,0.0,0.0,0.0,0.0,0.0,,0.0,0.0,0.0
2021-01-22,4.592,4.592,4.592,4.592,0,0.0,0.0,0.0,0.0,0.0,,0.0,0.0,0.0
2021-01-25,4.592,4.592,4.592,4.592,0,0.0,0.0,0.0,0.0,0.0,,0.0,0.0,0.0
2021-01-26,4.592,4.592,4.592,4.592,0,0.0,0.0,0.0,0.0,0.0,,0.0,0.0,0.0
2021-01-27,4.592,4.592,4.592,4.592,0,0.0,0.0,0.0,0.0,0.0,,0.0,0.0,0.0
2021-01-28,4.592,4.592,4.592,4.592,0,0.0,0.0,0.0,0.0,0.0,,0.0,0.0,0.0
2021-01-29,4.592,4.592,4.592,4.592,0,0.0,0.0,0.0,0.0,0.0,,0.0,0.0,0.0
2021-02-01,4.592,4.592,4.592,4.592,0,0.0,0.0,0.0,0.0,0.0,,0.0,0.0,0.0
2021-02-02,4.592,4.592,4.592,4.592,0,0.0,0.0,0.0,0.0,0.0,,0.0,0.0,0.0
2021-02-03,4.592,4.592,4.592,4.592,0,0.0,0.0,0.0,0.0,0.0,,0.0,0.0,0.0
2021-02-04,4.592,4.592,4.592,4.592,0,0.0,0.0,0.0,0.0,0.0,,0.0,0.0,0.0
2021-02-05,4.592,4.592,4.592,4.592,0,0.0,0.0,0.0,0.0,0.0,,0.0,0.0,0.0
2021-02-08,4.592,4.592,4.592,4.592,0,0.0,0.0,0.0,0.0,0.0,,0.0,0.0,0.0
2021-02-09,4.592,4.592,4.592,4.592,0,0.0,0.0,0.0,0.0,0.0,,0.0,0.0,0.0
2021-02-17,4.592,4.592,4.592,4.592,0,0.0,0.0,0.0,0.0,0.0,,0.0,0.0,0.0
2021-02-18,4.592,4.592,4.592,4.592,0,0.0,0.0,0.0,0.0,0.0,,0.0,0.0,0.0
2021-02-19,4.592,4.592,4.592,4.592,0,0.0,0.0,0.0,0.0,0.0,,0.0,0.0,0.0
2021-02-22,4.592,4.592,4.592,4.592,0,0.0,0.0,0.0,0.0,0.0,,0.0,0.0,0.0
2021-02-23,4.592,4.592,4.592,4.592,0,0.0,0.0,0.0,0.0,0.0,,0.0,0.0,0.0
2021-02-24,4.592,4.592,4.592,4.592,0,0.0,0.0,0.0,0.0,0.0,,0.0,0.0,0.0
2021-02-25,4.592,4.592,4.592,4.592,0,0.0,0.0,0.0,0.0,0.0,,0.0,0.0,0.0
2021-02-26,4.592,4.592,4.592,4.592,0,0.0,0.0,0.0,0.0,0.0,,0.0,0.0,0.0
2021-03-01,4.592,4.592,4.592,4.592,0,0.0,0.0,0.0,0.0,0.0,,0.0,0.0,0.0
2021-03-02,4.592,4.592,4.592,4.592,0,0.0,0.0,0.0,0.0,0.0,,0.0,0.0,0.0
2021-03-03,4.592,4.592,4.592,4.592,0,0.0,0.0,0.0,0.0,0.0,,0.0,0.0,0.0
2021-03-04,4.592,4.592,4.592,4.592,0,0.0,0.0,0.0,0.0,0.0,,0.0,0.0,0.0
2021-03-05,4.592,4.592,4.592,4.592,0,0.0,0.0,0.0,0.0,0.0,,0.0,0.0,0.0
2021-03-08,4.592,4.592,4.592,4.592,0,0.0,0.0,0.0,0.0,0.0,,0.0,0.0,0.0
2021-03-09,4.592,4.592,4.592,4.592,0,0.0,0.0,0.0,0.0,0.0,,0.0,0.0,0.0
2021-03-10,4.592,4.592,4.592,4.592,0,0.0,0.0,0.0,0.0,0.0,,0.0,0.0,0.0
2021-03-11,4.592,4.592,4.592,4.592,0,0.0,0.0,0.0,0.0,0.0,,0.0,0.0,0.0
2021-03-12,4.592,4.592,4.592,4.592,0,0.0,0.0,0.0,0.0,0.0,,0.0,0.0,0.0
2021-03-15,4.592,4.592,4.592,4.592,0,0.0,0.0,0.0,0.0,0.0,,0.0,0.0,0.0
2021-03-16,4.592,4.592,4.592,4.592,0,0.0,0.0,0.0,0.0,0.0,,0.0,0.0,0.0
2021-03-17,4.592,4.592,4.592,4.592,0,0.0,0.0,0.0,0.0,0.0,,0.0,0.0,0.0
2021-03-18,4.592,4.592,4.592,4.592,0,0.0,0.0,0.0,0.0,0.0,,0.0,0.0,0.0
2021-03-19,4.592,4.592,4.592,4.592,0,0.0,0.0,0.0,0.0,0.0,,0.0,0.0,0.0
2021-03-22,4.592,4.592,4.592,4.592,0,0.0,0.0,0.0,0.0,0.0,,0.0,0.0,0.0
2021-03-23,4.592,4.592,4.592,4.592,0,0.0,0.0,0.0,0.0,0.0,,0.0,0.0,0.0
2021-03-24,4.592,4.592,4.592,4.592,0,0.0,0.0,0.0,0.0,0.0,,0.0,0.0,0.0
2021-03-25,4.592,4.592,4.592,4.592,0,0.0,0.0,0.0,0.0,0.0,,0.0,0.0,0.0
2021-03-26,4.592,4.592,4.592,4.592,0,0.0,0.0,0.0,0.0,0.0,,0.0,0.0,0.0
2021-03-29,4.592,4.592,4.592,4.592,0,0.0,0.0,0.0,0.0,0.0,,0.0,0.0,0.0
2021-03-30,4.592,4.592,4.592,4.592,0,0.0,0.0,0.0,0.0,0.0,,0.0,0.0,0.0
2021-03-31,4.592,4.592,4.592,4.592,0,0.0,0.0,0.0,0.0,0.0,,0.0,0.0,0.0
2021-04-01,4.592,4.592,4.592,4.592,0,0.0,0.0,0.0,0.0,0.0,,0.0,0.0,0.0
2021-04-02,4.592,4.592,4.592,4.592,0,0.0,0.0,0.0,0.0,0.0,,0.0,0.0,0.0
2021-04-05,4.592,4.592,4.592,4.592,0,0.0,0.0,0.0,0.0,0.0,,0.0,0.0,0.0
2021-04-06,4.592,4.592,4.592,4.592,0,0.0,0.0,0.0,0.0,0.0,,0.0,0.0,0.0
2021-04-07,4.592,4.592,4.592,4.592,0,0.0,0.0,0.0,0.0,0.0,,0.0,0.0,0.0
2021-04-08,4.592,4.592,4.592,4.592,0,0.0,0.0,0.0,0.0,0.0,,0.0,0.0,0.0
2021-04-09,4.592,4.592,4.592,4.592,0,0.0,0.0,0.0,0.0,0.0,,0.0,0.0,0.0
2021-04-12,4.592,4.592,4.592,4.592,0,0.0,0.0,0.0,0.0,0.0,,0.0,0.0,0.0
2021-04-13,4.592,4.592,4.592,4.592,0,0.0,0.0,0.0,0.0,0.0,,0.0,0.0,0.0
2021-04-14,4.592,4.592,4.592,4.592,0,0.0,0.0,0.0,0.0,0.0,,0.0,0.0,0.0
2021-04-15,4.592,4.592,4.592,4.592,0,0.0,0.0,0.0,0.0,0.0,,0.0,0.0,0.0
2021-04-16,4.592,4.592,4.592,4.592,0,0.0,0.0,0.0,0.0,0.0,,0.0,0.0,0.0
2021-04-19,4.592,4.592,4.592,4.592,0,0.0,0.0,0.0,0.0,0.0,,0.0,0.0,0.0
2021-04-20,4.592,4.592,4.592,4.592,0,0.0,0.0,0.0,0.0,0.0,,0.0,0.0,0.0
2021-04-22,4.592,4.592,4.592,4.592,0,0.0,0.0,0.0,0.0,0.0,,0.0,0.0,0.0
2021-04-23,4.592,4.592,4.592,4.592,0,0.0,0.0,0.0,0.0,0.0,,0.0,0.0,0.0
2021-04-26,4.592,4.592,4.592,4.592,0,0.0,0.0,0.0,0.0,0.0,,0.0,0.0,0.0
2021-04-27,4.592,4.592,4.592,4.592,0,0.0,0.0,0.0,0.0,0.0,,0.0,0.0,0.0
2021-04-28,4.592,4.592,4.592,4.592,0,0.0,0.0,0.0,0.0,0.0,,0.0,0.0,0.0
2021-04-29,4.592,4.592,4.592,4.592,0,0.0,0.0,0.0,0.0,0.0,,0.0,0.0,0.0
2021-05-04,4.592,4.592,4.592,4.592,0,0.0,0.0,0.0,0.0,0.0,,0.0,0.0,0.0
2021-05-05,4.592,4.592,4.592,4.592,0,0.0,0.0,0.0,0.0,0.0,,0.0,0.0,0.0
2021-05-06,4.592,4.592,4.592,4.592,0,0.0,0.0,0.0,0.0,0.0,,0.0,0.0,0.0
2021-05-07,4.592,4.592,4.592,4.592,0,0.0,0.0,0.0,0.0,0.0,,0.0,0.0,0.0
2021-05-10,4.592,4.592,4.592,4.592,0,0.0,0.0,0.0,0.0,0.0,,0.0,0.0,0.0
2021-05-11,4.592,4.592,4.592,4.592,0,0.0,0.0,0.0,0.0,0.0,,0.0,0.0,0.0
2021-05-12,4.592,4.592,4.592,4.592,0,0.0,0.0,0.0,0.0,0.0,,0.0,0.0,0.0
2021-05-13,4.592,4.592,4.592,4.592,0,0.0,0.0,0.0,0.0,0.0,,0.0,0.0,0.0
2021-05-14,4.592,4.592,4.592,4.592,0,0.0,0.0,0.0,0.0,0.0,,0.0,0.0,0.0
2021-05-17,4.592,4.592,4.592,4.592,0,0.0,0.0,0.0,0.0,0.0,,0.0,0.0,0.0
2021-05-18,4.592,4.592,4.592,4.592,0,0.0,0.0,0.0,0.0,0.0,,0.0,0.0,0.0
2021-05-19,4.592,4.592,4.592,4.592,0,0.0,0.0,0.0,0.0,0.0,,0.0,0.0,0.0
2021-05-20,4.592,4.592,4.592,4.592,0,0.0,0.0,0.0,0.0,0.0,,0.0,0.0,0.0
2021-05-21,4.592,4.592,4.592,4.592,0,0.0,0.0,0.0,0.0,0.0,,0.0,0.0,0.0
2021-05-24,4.592,4.592,4.592,4.592,0,0.0,0.0,0.0,0.0,0.0,,0.0,0.0,0.0
2021-05-25,4.592,4.592,4.592,4.592,0,0.0,0.0,0.0,0.0,0.0,,0.0,0.0,0.0
2021-05-26,4.592,4.592,4.592,4.592,0,0.0,0.0,0.0,0.0,0.0,,0.0,0.0,0.0
2021-05-27,4.592,4.592,4.592,4.592,0,0.0,0.0,0.0,0.0,0.0,,0.0,0.0,0.0
2021-05-28,4.592,4.592,4.592,4.592,0,0.0,0.0,0.0,0.0,0.0,,0.0,0.0,0.0
2021-05-31,4.592,4.592,4.592,4.592,0,0.0,0.0,0.0,0.0,0.0,,0.0,0.0,0.0
2021-06-01,4.592,4.592,4.592,4.592,0,0.0,0.0,0.0,0.0,0.0,,0.0,0.0,0.0
2021-06-02,4.592,4.592,4.592,4.592,0,0.0,0.0,0.0,0.0,0.0,,0.0,0.0,0.0
2021-06-03,4.592,4.592,4.592,4.592,0,0.0,0.0,0.0,0.0,0.0,,0.0,0.0,0.0
2021-06-04,4.592,4.592,4.592,4.592,0,0.0,0.0,0.0,0.0,0.0,,0.0,0.0,0.0
2021-06-07,4.592,4.592,4.592,4.592,0,0.0,0.0,0.0,0.0,0.0,,0.0,0.0,0.0
2021-06-08,4.592,4.592,4.592,4.592,0,0.0,0.0,0.0,0.0,0.0,,0.0,0.0,0.0
2021-06-09,4.592,4.592,4.592,4.592,0,0.0,0.0,0.0,0.0,0.0,,0.0,0.0,0.0
2021-06-10,4.592,4.592,4.592,4.592,0,0.0,0.0,0.0,0.0,0.0,,0.0,0.0,0.0
2021-06-11,4.592,4.592,4.592,4.592,0,0.0,0.0,0.0,0.0,0.0,,0.0,0.0,0.0
2021-06-14,4.592,4.592,4.592,4.592,0,0.0,0.0,0.0,0.0,0.0,,0.0,0.0,0.0
2021-06-15,4.592,4.592,4.592,4.592,0,0.0,0.0,0.0,0.0,0.0,,0.0,0.0,0.0
2021-06-16,4.592,4.592,4.592,4.592,0,0.0,0.0,0.0,0.0,0.0,,0.0,0.0,0.0
2021-06-17,4.592,4.592,4.592,4.592,0,0.0,0.0,0.0,0.0,0.0,,0.0,0.0,0.0
2021-06-18,4.592,4.592,4.592,4.592,0,0.0,0.0,0.0,0.0,0.0,,0.0,0.0,0.0
2021-06-21,4.592,4.592,4.592,4.592,0,0.0,0.0,0.0,0.0,0.0,,0.0,0.0,0.0
2021-06-22,4.592,4.592,4.592,4.592,0,0.0,0.0,0.0,0.0,0.0,,0.0,0.0,0.0
2021-06-23,4.592,4.592,4.592,4.592,0,0.0,0.0,0.0,0.0,0.0,,0.0,0.0,0.0
2021-06-24,4.592,4.592,4.592,4.592,0,0.0,0.0,0.0,0.0,0.0,,0.0,0.0,0.0
2021-06-25,4.592,4.592,4.592,4.592,0,0.0,0.0,0.0,0.0,0.0,,0.0,0.0,0.0
2021-06-28,4.592,4.592,4.592,4.592,0,0.0,0.0,0.0,0.0,0.0,,0.0,0.0,0.0
2021-06-29,4.592,4.592,4.592,4.592,0,0.0,0.0,0.0,0.0,0.0,,0.0,0.0,0.0
2021-06-30,4.592,4.592,4.592,4.592,0,0.0,0.0,0.0,0.0,0.0,,0.0,0.0,0.0
2021-07-01,4.592,4.592,4.592,4.592,0,0.0,0.0,0.0,0.0,0.0,,0.0,0.0,0.0
2021-07-02,4.592,4.592,4.592,4.592,0,0.0,0.0,0.0,0.0,0.0,,0.0,0.0,0.0
2021-07-05,4.592,4.592,4.592,4.592,0,0.0,0.0,0.0,0.0,0.0,,0.0,0.0,0.0
2021-07-06,4.592,4.592,4.592,4.592,0,0.0,0.0,0.0,0.0,0.0,,0.0,0.0,0.0
2021-07-07,4.592,4.592,4.592,4.592,0,0.0,0.0,0.0,0.0,0.0,,0.0,0.0,0.0
2021-07-08,4.592,4.592,4.592,4.592,0,0.0,0.0,0.0,0.0,0.0,,0.0,0.0,0.0
2021-07-09,4.592,4.592,4.592,4.592,0,0.0,0.0,0.0,0.0,0.0,,0.0,0.0,0.0
2021-07-12,4.592,4.592,4.592,4.592,0,0.0,0.0,0.0,0.0,0.0,,0.0,0.0,0.0
2021-07-13,4.592,4.592,4.592,4.592,0,0.0,0.0,0.0,0.0,0.0,,0.0,0.0,0.0
2021-07-14,4.592,4.592,4.592,4.592,0,0.0,0.0,0.0,0.0,0.0,,0.0,0.0,0.0
2021-07-15,4.592,4.592,4.592,4.592,0,0.0,0.0,0.0,0.0,0.0,,0.0,0.0,0.0
2021-07-16,4.592,4.592,4.592,4.592,0,0.0,0.0,0.0,0.0,0.0,,0.0,0.0,0.0
2021-07-19,4.592,4.592,4.592,4.592,0,0.0,0.0,0.0,0.0,0.0,,0.0,0.0,0.0
2021-07-20,4.592,4.592,4.592,4.592,0,0.0,0.0,0.0,0.0,0.0,,0.0,0.0,0.0
2021-07-21,4.592,4.592,4.592,4.592,0,0.0,0.0,0.0,0.0,0.0,,0.0,0.0,0.0
2021-07-22,4.592,4.592,4.592,4.592,0,0.0,0.0,0.0,0.0,0.0,,0.0,0.0,0.0
2021-07-23,4.592,4.592,4.592,4.592,0,0.0,0.0,0.0,0.0,0.0,,0.0,0.0,0.0
2021-07-26,4.592,4.592,4.592,4.592,0,0.0,0.0,0.0,0.0,0.0,,0.0,0.0,0.0
2021-07-27,4.592,4.592,4.592,4.592,0,0.0,0.0,0.0,0.0,0.0,,0.0,0.0,0.0
2021-07-28,4.592,4.592,4.592,4.592,0,0.0,0.0,0.0,0.0,0.0,,0.0,0.0,0.0
2021-07-29,4.592,4.592,4.592,4.592,0,0.0,0.0,0.0,0.0,0.0,,0.0,0.0,0.0
2021-07-30,4.592,4.592,4.592,4.592,0,0.0,0.0,0.0,0.0,0.0,,0.0,0.0,0.0
2021-08-02,4.592,4.592,4.592,4.592,0,0.0,0.0,0.0,0.0,0.0,,0.0,0.0,0.0
2021-08-03,4.592,4.592,4.592,4.592,0,0.0,0.0,0.0,0.0,0.0,,0.0,0.0,0.0
2021-08-04,4.592,4.592,4.592,4.592,0,0.0,0.0,0.0,0.0,0.0,,0.0,0.0,0.0
2021-08-05,4.593,4.593,4.593,4.593,0,0.0,0.0,0.0,0.0,0.0,,0.0,0.0,0.0
2021-08-06,4.593,4.593,4.593,4.593,0,0.0,0.0,0.0,0.0,0.0,,0.0,0.0,0.0
2021-08-09,4.593,4.593,4.593,4.593,0,0.0,0.0,0.0,0.0,0.0,,0.0,0.0,0.0
2021-08-10,4.593,4.593,4.593,4.593,0,0.0,0.0,0.0,0.0,0.0,,0.0,0.0,0.0
2021-08-11,4.593,4.593,4.593,4.593,0,0.0,0.0,0.0,0.0,0.0,,0.0,0.0,0.0
2021-08-12,4.593,4.593,4.593,4.593,0,0.0,0.0,0.0,0.0,0.0,,0.0,0.0,0.0
2021-08-13,4.593,4.593,4.593,4.593,0,0.0,0.0,0.0,0.0,0.0,,0.0,0.0,0.0
2021-08-16,4.593,4.593,4.593,4.593,0,0.0,0.0,0.0,0.0,0.0,,0.0,0.0,0.0
2021-08-17,4.593,4.593,4.593,4.593,0,0.0,0.0,0.0,0.0,0.0,,0.0,0.0,0.0
2021-08-18,4.593,4.593,4.593,4.593,0,0.0,0.0,0.0,0.0,0.0,,0.0,0.0,0.0
2021-08-19,4.593,4.593,4.593,4.593,0,0.0,0.0,0.0,0.0,0.0,,0.0,0.0,0.0
2021-08-20,4.593,4.593,4.593,4.593,0,0.0,0.0,0.0,0.0,0.0,,0.0,0.0,0.0
2021-08-23,4.593,4.593,4.593,4.593,0,0.0,0.0,0.0,0.0,0.0,,0.0,0.0,0.0
2021-08-24,4.593,4.593,4.593,4.593,0,0.0,0.0,0.0,0.0,0.0,,0.0,0.0,0.0
2021-08-25,4.593,4.593,4.593,4.593,0,0.0,0.0,0.0,0.0,0.0,,0.0,0.0,0.0
2021-08-26,4.593,4.593,4.593,4.593,0,0.0,0.0,0.0,0.0,0.0,,0.0,0.0,0.0
2021-08-27,4.593,4.593,4.593,4.593,0,0.0,0.0,0.0,0.0,0.0,,0.0,0.0,0.0
2021-08-30,4.593,4.593,4.593,4.593,0,0.0,0.0,0.0,0.0,0.0,,0.0,0.0,0.0
2021-08-31,4.593,4.593,4.593,4.593,0,0.0,0.0,0.0,0.0,0.0,,0.0,0.0,0.0
2021-09-01,4.593,4.593,4.593,4.593,0,0.0,0.0,0.0,0.0,0.0,,0.0,0.0,0.0
2021-09-06,4.593,4.593,4.593,4.593,0,0.0,0.0,0.0,0.0,0.0,,0.0,0.0,0.0
2021-09-07,4.593,4.593,4.593,4.593,0,0.0,0.0,0.0,0.0,0.0,,0.0,0.0,0.0
2021-09-08,4.593,4.593,4.593,4.593,0,0.0,0.0,0.0,0.0,0.0,,0.0,0.0,0.0
2021-09-09,4.593,4.593,4.593,4.593,0,0.0,0.0,0.0,0.0,0.0,,0.0,0.0,0.0
2021-09-10,4.593,4.593,4.593,4.593,0,0.0,0.0,0.0,0.0,0.0,,0.0,0.0,0.0
2021-09-13,4.593,4.593,4.593,4.593,0,0.0,0.0,0.0,0.0,0.0,,0.0,0.0,0.0
2021-09-14,4.593,4.593,4.593,4.593,0,0.0,0.0,0.0,0.0,0.0,,0.0,0.0,0.0
2021-09-15,4.593,4.593,4.593,4.593,0,0.0,0.0,0.0,0.0,0.0,,0.0,0.0,0.0
2021-09-16,4.593,4.593,4.593,4.593,0,0.0,0.0,0.0,0.0,0.0,,0.0,0.0,0.0
2021-09-17,4.593,4.593,4.593,4.593,0,0.0,0.0,0.0,0.0,0.0,,0.0,0.0,0.0
2021-09-20,4.593,4.593,4.593,4.593,0,0.0,0.0,0.0,0.0,0.0,,0.0,0.0,0.0
2021-09-21,4.593,4.593,4.593,4.593,0,0.0,0.0,0.0,0.0,0.0,,0.0,0.0,0.0
2021-09-22,4.593,4.593,4.593,4.593,0,0.0,0.0,0.0,0.0,0.0,,0.0,0.0,0.0
2021-09-23,4.593,4.593,4.593,4.593,0,0.0,0.0,0.0,0.0,0.0,,0.0,0.0,0.0
2021-09-24,4.593,4.593,4.593,4.593,0,0.0,0.0,0.0,0.0,0.0,,0.0,0.0,0.0
2021-09-27,4.593,4.593,4.593,4.593,0,0.0,0.0,0.0,0.0,0.0,,0.0,0.0,0.0
2021-09-28,4.593,4.593,4.593,4.593,0,0.0,0.0,0.0,0.0,0.0,,0.0,0.0,0.0
2021-09-29,4.593,4.593,4.593,4.593,0,0.0,0.0,0.0,0.0,0.0,,0.0,0.0,0.0
2021-09-30,4.593,4.593,4.593,4.593,0,0.0,0.0,0.0,0.0,0.0,,0.0,0.0,0.0
2021-10-01,4.593,4.593,4.593,4.593,0,0.0,0.0,0.0,0.0,0.0,,0.0,0.0,0.0
2021-10-04,4.593,4.593,4.593,4.593,0,0.0,0.0,0.0,0.0,0.0,,0.0,0.0,0.0
2021-10-05,4.593,4.593,4.593,4.593,0,0.0,0.0,0.0,0.0,0.0,,0.0,0.0,0.0
2021-10-06,4.593,4.593,4.593,4.593,0,0.0,0.0,0.0,0.0,0.0,,0.0,0.0,0.0
2021-10-07,4.593,4.593,4.593,4.593,0,0.0,0.0,0.0,0.0,0.0,,0.0,0.0,0.0
2021-10-08,4.593,4.593,4.593,4.593,0,0.0,0.0,0.0,0.0,0.0,,0.0,0.0,0.0
2021-10-11,4.593,4.593,4.593,4.593,0,0.0,0.0,0.0,0.0,0.0,,0.0,0.0,0.0
2021-10-12,4.593,4.593,4.593,4.593,0,0.0,0.0,0.0,0.0,0.0,,0.0,0.0,0.0
2021-10-13,4.593,4.593,4.593,4.593,0,0.0,0.0,0.0,0.0,0.0,,0.0,0.0,0.0
2021-10-14,4.593,4.593,4.593,4.593,0,0.0,0.0,0.0,0.0,0.0,,0.0,0.0,0.0
2021-10-15,4.593,4.593,4.593,4.593,0,0.0,0.0,0.0,0.0,0.0,,0.0,0.0,0.0
2021-10-18,4.593,4.593,4.593,4.593,0,0.0,0.0,0.0,0.0,0.0,,0.0,0.0,0.0
2021-10-19,4.593,4.593,4.593,4.593,0,0.0,0.0,0.0,0.0,0.0,,0.0,0.0,0.0
2021-10-20,4.593,4.593,4.593,4.593,0,0.0,0.0,0.0,0.0,0.0,,0.0,0.0,0.0
2021-10-21,4.593,4.593,4.593,4.593,0,0.0,0.0,0.0,0.0,0.0,,0.0,0.0,0.0
2021-10-22,4.593,4.593,4.593,4.593,0,0.0,0.0,0.0,0.0,0.0,,0.0,0.0,0.0
2021-10-25,4.593,4.593,4.593,4.593,0,0.0,0.0,0.0,0.0,0.0,,0.0,0.0,0.0
2021-10-26,4.593,4.593,4.593,4.593,0,0.0,0.0,0.0,0.0,0.0,,0.0,0.0,0.0
2021-10-27,4.593,4.593,4.593,4.593,0,0.0,0.0,0.0,0.0,0.0,,0.0,0.0,0.0
2021-10-28,4.593,4.593,4.593,4.593,0,0.0,0.0,0.0,0.0,0.0,,0.0,0.0,0.0
2021-10-29,4.593,4.593,4.593,4.593,0,0.0,0.0,0.0,0.0,0.0,,0.0,0.0,0.0
2021-11-01,4.593,4.593,4.593,4.593,0,0.0,0.0,0.0,0.0,0.0,,0.0,0.0,0.0
2021-11-02,4.593,4.593,4.593,4.593,0,0.0,0.0,0.0,0.0,0.0,,0.0,0.0,0.0
2021-11-03,4.593,4.593,4.593,4.593,0,0.0,0.0,0.0,0.0,0.0,,0.0,0.0,0.0
2021-11-04,4.593,4.593,4.593,4.593,0,0.0,0.0,0.0,0.0,0.0,,0.0,0.0,0.0
2021-11-05,4.593,4.593,4.593,4.593,0,0.0,0.0,0.0,0.0,0.0,,0.0,0.0,0.0
2021-11-08,4.593,4.593,4.593,4.593,0,0.0,0.0,0.0,0.0,0.0,,0.0,0.0,0.0
2021-11-09,4.593,4.593,4.593,4.593,0,0.0,0.0,0.0,0.0,0.0,,0.0,0.0,0.0
2021-11-10,4.593,4.593,4.593,4.593,0,0.0,0.0,0.0,0.0,0.0,,0.0,0.0,0.0
2021-11-11,4.593,4.593,4.593,4.593,0,0.0,0.0,0.0,0.0,0.0,,0.0,0.0,0.0
2021-11-12,4.593,4.593,4.593,4.593,0,0.0,0.0,0.0,0.0,0.0,,0.0,0.0,0.0
2021-11-15,4.593,4.593,4.593,4.593,0,0.0,0.0,0.0,0.0,0.0,,0.0,0.0,0.0
2021-11-16,4.593,4.593,4.593,4.593,0,0.0,0.0,0.0,0.0,0.0,,0.0,0.0,0.0
2021-11-17,4.593,4.593,4.593,4.593,0,0.0,0.0,0.0,0.0,0.0,,0.0,0.0,0.0
2021-11-18,6.418,6.418,6.418,6.418,500,3209.0,0.0,0.0,0.0,0.0,,0.0,0.0,0.0
2021-11-19,6.418,6.418,6.418,6.418,22,141.196,0.0,0.0,0.0,0.0,,0.0,0.0,0.0
2021-11-22,6.418,6.418,6.418,6.418,0,0.0,0.0,0.0,0.0,0.0,,0.0,0.0,0.0
2021-11-23,6.418,6.418,6.418,6.418,0,0.0,0.0,0.0,0.0,0.0,,0.0,0.0,0.0
2021-11-24,6.418,6.418,6.418,6.418,0,0.0,0.0,0.0,0.0,0.0,,0.0,0.0,0.0
2021-11-25,6.418,6.418,6.418,6.418,0,0.0,0.0,0.0,0.0,0.0,,0.0,0.0,0.0
2021-11-26,6.418,6.418,6.418,6.418,0,0.0,0.0,0.0,0.0,0.0,,0.0,0.0,0.0
2021-11-29,5.888,5.888,5.888,5.888,7900,46515.2,0.0,0.0,0.0,0.0,,0.0,0.0,0.0
2021-11-30,5.888,5.888,5.888,5.888,0,0.0,0.0,0.0,0.0,0.0,,0.0,0.0,0.0
2021-12-01,5.888,5.888,5.888,5.888,0,0.0,0.0,0.0,0.0,0.0,,0.0,0.0,0.0
2021-12-02,5.888,5.888,5.888,5.888,0,0.0,0.0,0.0,0.0,0.0,,0.0,0.0,0.0
2021-12-03,6.771,6.771,6.771,6.771,100,677.1,0.0,0.0,0.0,0.0,,0.0,0.0,0.0
2021-12-06,6.771,6.771,6.771,6.771,0,0.0,0.0,0.0,0.0,0.0,,0.0,0.0,0.0
2021-12-07,6.771,6.771,6.771,6.771,0,0.0,0.0,0.0,0.0,0.0,,0.0,0.0,0.0
2021-12-08,6.771,6.771,6.771,6.771,0,0.0,0.0,0.0,0.0,0.0,,0.0,0.0,0.0
2021-12-09,6.771,6.771,6.771,6.771,0,0.0,0.0,0.0,0.0,0.0,,0.0,0.0,0.0
2021-12-10,6.771,6.771,6.771,6.771,0,0.0,0.0,0.0,0.0,0.0,,0.0,0.0,0.0
2021-12-13,6.771,6.771,6.771,6.771,0,0.0,0.0,0.0,0.0,0.0,,0.0,0.0,0.0
2021-12-14,7.772,7.772,7.772,7.772,100,777.2,0.0,0.0,0.0,0.0,,0.0,0.0,0.0
2021-12-15,7.772,7.772,7.772,7.772,0,0.0,0.0,0.0,0.0,0.0,,0.0,0.0,0.0
2021-12-16,7.772,7.772,7.772,7.772,0,0.0,0.0,0.0,0.0,0.0,,0.0,0.0,0.0
2021-12-17,7.772,7.772,7.772,7.772,0,0.0,0.0,0.0,0.0,0.0,,0.0,0.0,0.0
2021-12-20,8.832,8.832,8.832,8.832,112,989.184,0.0,0.0,0.0,0.0,,0.0,0.0,0.0
2021-12-21,8.832,8.832,8.832,8.832,41,362.112,0.0,0.0,0.0,0.0,,0.0,0.0,0.0
2021-12-22,8.832,8.832,8.832,8.832,0,0.0,0.0,0.0,0.0,0.0,,0.0,0.0,0.0
2021-12-23,8.832,8.832,8.832,8.832,1,8.832,0.0,0.0,0.0,0.0,,0.0,0.0,0.0
2021-12-24,8.832,8.832,8.832,8.832,0,0.0,0.0,0.0,0.0,0.0,,0.0,0.0,0.0
2021-12-27,8.832,8.832,8.832,8.832,0,0.0,0.0,0.0,0.0,0.0,,0.0,0.0,0.0
2021-12-28,8.832,8.832,8.832,8.832,0,0.0,0.0,0.0,0.0,0.0,,0.0,0.0,0.0
2021-12-29,8.832,8.832,8.832,8.832,0,0.0,0.0,0.0,0.0,0.0,,0.0,0.0,0.0
2021-12-30,8.832,8.832,8.832,8.832,0,0.0,0.0,0.0,0.0,0.0,,0.0,0.0,0.0
2021-12-31,8.832,8.832,8.832,8.832,0,0.0,0.0,0.0,0.0,0.0,,0.0,0.0,0.0
2022-01-04,7.536,7.536,7.536,7.536,100,753.5999999999999,0.0,0.0,0.0,0.0,,0.0,0.0,0.0
2022-01-05,7.536,7.536,7.536,7.536,0,0.0,0.0,0.0,0.0,0.0,,0.0,0.0,0.0
2022-01-06,7.536,7.536,7.536,7.536,0,0.0,0.0,0.0,0.0,0.0,,0.0,0.0,0.0
2022-01-07,7.536,7.536,7.536,7.536,0,0.0,0.0,0.0,0.0,0.0,,0.0,0.0,0.0
2022-01-10,7.536,7.536,7.536,7.536,0,0.0,0.0,0.0,0.0,0.0,,0.0,0.0,0.0
2022-01-11,7.536,7.536,7.536,7.536,0,0.0,0.0,0.0,0.0,0.0,,0.0,0.0,0.0
2022-01-12,7.536,7.536,7.536,7.536,0,0.0,0.0,0.0,0.0,0.0,,0.0,0.0,0.0
2022-01-13,7.536,7.536,7.536,7.536,0,0.0,0.0,0.0,0.0,0.0,,0.0,0.0,0.0
2022-01-14,7.536,7.536,7.536,7.536,0,0.0,0.0,0.0,0.0,0.0,,0.0,0.0,0.0
2022-01-17,7.536,7.536,7.536,7.536,0,0.0,0.0,0.0,0.0,0.0,,0.0,0.0,0.0
2022-01-18,7.536,7.536,7.536,7.536,0,0.0,0.0,0.0,0.0,0.0,,0.0,0.0,0.0
2022-01-19,7.536,7.536,7.536,7.536,6,45.216,0.0,0.0,0.0,0.0,,0.0,0.0,0.0
2022-01-20,7.536,7.536,7.536,7.536,5,37.68,0.0,0.0,0.0,0.0,,0.0,0.0,0.0
2022-01-21,7.536,7.536,7.536,7.536,0,0.0,0.0,0.0,0.0,0.0,,0.0,0.0,0.0
2022-01-24,7.536,7.536,7.536,7.536,0,0.0,0.0,0.0,0.0,0.0,,0.0,0.0,0.0
2022-01-25,7.536,7.536,7.536,7.536,0,0.0,0.0,0.0,0.0,0.0,,0.0,0.0,0.0
2022-01-26,7.536,7.536,7.536,7.536,0,0.0,0.0,0.0,0.0,0.0,,0.0,0.0,0.0
2022-01-27,7.536,7.536,7.536,7.536,0,0.0,0.0,0.0,0.0,0.0,,0.0,0.0,0.0
2022-01-28,7.536,7.536,7.536,7.536,0,0.0,0.0,0.0,0.0,0.0,,0.0,0.0,0.0
2022-02-07,7.536,7.536,7.536,7.536,0,0.0,0.0,0.0,0.0,0.0,,0.0,0.0,0.0
2022-02-08,7.536,7.536,7.536,7.536,0,0.0,0.0,0.0,0.0,0.0,,0.0,0.0,0.0
2022-02-09,7.536,7.536,7.536,7.536,0,0.0,0.0,0.0,0.0,0.0,,0.0,0.0,0.0
2022-02-10,7.536,7.536,7.536,7.536,0,0.0,0.0,0.0,0.0,0.0,,0.0,0.0,0.0
2022-02-11,7.536,7.536,7.536,7.536,0,0.0,0.0,0.0,0.0,0.0,,0.0,0.0,0.0
2022-02-14,7.536,7.536,7.536,7.536,0,0.0,0.0,0.0,0.0,0.0,,0.0,0.0,0.0
2022-02-15,7.536,7.536,7.536,7.536,0,0.0,0.0,0.0,0.0,0.0,,0.0,0.0,0.0
2022-02-16,7.536,7.536,7.536,7.536,0,0.0,0.0,0.0,0.0,0.0,,0.0,0.0,0.0
2022-02-17,7.536,7.536,7.536,7.536,0,0.0,0.0,0.0,0.0,0.0,,0.0,0.0,0.0
2022-02-18,7.536,7.536,7.536,7.536,0,0.0,0.0,0.0,0.0,0.0,,0.0,0.0,0.0
2022-02-21,7.536,7.536,7.536,7.536,0,0.0,0.0,0.0,0.0,0.0,,0.0,0.0,0.0
2022-02-22,7.536,7.536,7.536,7.536,0,0.0,0.0,0.0,0.0,0.0,,0.0,0.0,0.0
2022-02-23,7.536,7.536,7.536,7.536,0,0.0,0.0,0.0,0.0,0.0,,0.0,0.0,0.0
2022-02-24,7.536,7.536,7.536,7.536,0,0.0,0.0,0.0,0.0,0.0,,0.0,0.0,0.0
2022-02-25,7.536,7.536,7.536,7.536,0,0.0,0.0,0.0,0.0,0.0,,0.0,0.0,0.0
2022-02-28,7.536,7.536,7.536,7.536,0,0.0,0.0,0.0,0.0,0.0,,0.0,0.0,0.0
2022-03-01,7.536,7.536,7.536,7.536,0,0.0,0.0,0.0,0.0,0.0,,0.0,0.0,0.0
2022-03-02,7.536,7.536,7.536,7.536,0,0.0,0.0,0.0,0.0,0.0,,0.0,0.0,0.0
2022-03-03,7.536,7.536,7.536,7.536,0,0.0,0.0,0.0,0.0,0.0,,0.0,0.0,0.0
2022-03-04,7.536,7.536,7.536,7.536,0,0.0,0.0,0.0,0.0,0.0,,0.0,0.0,0.0
2022-03-07,7.536,7.536,7.536,7.536,0,0.0,0.0,0.0,0.0,0.0,,0.0,0.0,0.0
2022-03-08,7.536,7.536,7.536,7.536,0,0.0,0.0,0.0,0.0,0.0,,0.0,0.0,0.0
2022-03-09,7.536,7.536,7.536,7.536,0,0.0,0.0,0.0,0.0,0.0,,0.0,0.0,0.0
2022-03-10,7.536,7.536,7.536,7.536,0,0.0,0.0,0.0,0.0,0.0,,0.0,0.0,0.0
2022-03-11,7.536,7.536,7.536,7.536,0,0.0,0.0,0.0,0.0,0.0,,0.0,0.0,0.0
2022-03-14,7.536,7.536,7.536,7.536,0,0.0,0.0,0.0,0.0,0.0,,0.0,0.0,0.0
2022-03-15,7.536,7.536,7.536,7.536,0,0.0,0.0,0.0,0.0,0.0,,0.0,0.0,0.0
2022-03-16,7.536,7.536,7.536,7.536,0,0.0,0.0,0.0,0.0,0.0,,0.0,0.0,0.0
2022-03-17,7.536,7.536,7.536,7.536,0,0.0,0.0,0.0,0.0,0.0,,0.0,0.0,0.0
2022-03-18,7.536,7.536,7.536,7.536,0,0.0,0.0,0.0,0.0,0.0,,0.0,0.0,0.0
2022-03-21,7.536,7.536,7.536,7.536,0,0.0,0.0,0.0,0.0,0.0,,0.0,0.0,0.0
2022-03-22,7.536,7.536,7.536,7.536,0,0.0,0.0,0.0,0.0,0.0,,0.0,0.0,0.0
2022-03-23,7.536,7.536,7.536,7.536,0,0.0,0.0,0.0,0.0,0.0,,0.0,0.0,0.0
2022-03-24,7.536,7.536,7.536,7.536,0,0.0,0.0,0.0,0.0,0.0,,0.0,0.0,0.0
2022-03-25,7.536,7.536,7.536,7.536,0,0.0,0.0,0.0,0.0,0.0,,0.0,0.0,0.0
2022-03-28,7.536,7.536,7.536,7.536,0,0.0,0.0,0.0,0.0,0.0,,0.0,0.0,0.0
2022-03-29,7.536,7.536,7.536,7.536,0,0.0,0.0,0.0,0.0,0.0,,0.0,0.0,0.0
2022-03-30,7.536,7.536,7.536,7.536,0,0.0,0.0,0.0,0.0,0.0,,0.0,0.0,0.0
2022-03-31,7.536,7.536,7.536,7.536,0,0.0,0.0,0.0,0.0,0.0,,0.0,0.0,0.0
2022-04-01,7.536,7.536,7.536,7.536,0,0.0,0.0,0.0,0.0,0.0,,0.0,0.0,0.0
2022-04-04,7.536,7.536,7.536,7.536,0,0.0,0.0,0.0,0.0,0.0,,0.0,0.0,0.0
2022-04-05,7.536,7.536,7.536,7.536,0,0.0,0.0,0.0,0.0,0.0,,0.0,0.0,0.0
2022-04-06,7.536,7.536,7.536,7.536,0,0.0,0.0,0.0,0.0,0.0,,0.0,0.0,0.0
2022-04-07,7.536,7.536,7.536,7.536,0,0.0,0.0,0.0,0.0,0.0,,0.0,0.0,0.0
2022-04-08,7.536,7.536,7.536,7.536,0,0.0,0.0,0.0,0.0,0.0,,0.0,0.0,0.0
2022-04-12,7.536,7.536,7.536,7.536,0,0.0,0.0,0.0,0.0,0.0,,0.0,0.0,0.0
2022-04-13,7.536,7.536,7.536,7.536,0,0.0,0.0,0.0,0.0,0.0,,0.0,0.0,0.0
2022-04-14,7.536,7.536,7.536,7.536,0,0.0,0.0,0.0,0.0,0.0,,0.0,0.0,0.0
2022-04-15,7.536,7.536,7.536,7.536,0,0.0,0.0,0.0,0.0,0.0,,0.0,0.0,0.0
2022-04-18,7.536,7.536,7.536,7.536,0,0.0,0.0,0.0,0.0,0.0,,0.0,0.0,0.0
2022-04-19,7.536,7.536,7.536,7.536,0,0.0,0.0,0.0,0.0,0.0,,0.0,0.0,0.0
2022-04-20,7.536,7.536,7.536,7.536,0,0.0,0.0,0.0,0.0,0.0,,0.0,0.0,0.0
2022-04-21,7.536,7.536,7.536,7.536,0,0.0,0.0,0.0,0.0,0.0,,0.0,0.0,0.0
2022-04-22,7.536,7.536,7.536,7.536,0,0.0,0.0,0.0,0.0,0.0,,0.0,0.0,0.0
2022-04-25,7.536,7.536,7.536,7.536,0,0.0,0.0,0.0,0.0,0.0,,0.0,0.0,0.0
2022-04-26,7.536,7.536,7.536,7.536,0,0.0,0.0,0.0,0.0,0.0,,0.0,0.0,0.0
2022-04-27,7.536,7.536,7.536,7.536,0,0.0,0.0,0.0,0.0,0.0,,0.0,0.0,0.0
2022-04-28,7.536,7.536,7.536,7.536,0,0.0,0.0,0.0,0.0,0.0,,0.0,0.0,0.0
2022-04-29,7.536,7.536,7.536,7.536,0,0.0,0.0,0.0,0.0,0.0,,0.0,0.0,0.0
2022-05-04,7.536,7.536,7.536,7.536,0,0.0,0.0,0.0,0.0,0.0,,0.0,0.0,0.0
2022-05-05,7.536,7.536,7.536,7.536,0,0.0,0.0,0.0,0.0,0.0,,0.0,0.0,0.0
2022-05-06,7.536,7.536,7.536,7.536,0,0.0,0.0,0.0,0.0,0.0,,0.0,0.0,0.0
2022-05-09,7.536,7.536,7.536,7.536,0,0.0,0.0,0.0,0.0,0.0,,0.0,0.0,0.0
2022-05-10,7.536,7.536,7.536,7.536,0,0.0,0.0,0.0,0.0,0.0,,0.0,0.0,0.0
2022-05-11,7.536,7.536,7.536,7.536,0,0.0,0.0,0.0,0.0,0.0,,0.0,0.0,0.0
2022-05-12,7.536,7.536,7.536,7.536,0,0.0,0.0,0.0,0.0,0.0,,0.0,0.0,0.0
2022-05-13,7.536,7.536,7.536,7.536,0,0.0,0.0,0.0,0.0,0.0,,0.0,0.0,0.0
2022-05-16,7.536,7.536,7.536,7.536,0,0.0,0.0,0.0,0.0,0.0,,0.0,0.0,0.0
2022-05-17,7.536,7.536,7.536,7.536,0,0.0,0.0,0.0,0.0,0.0,,0.0,0.0,0.0
2022-05-18,7.536,7.536,7.536,7.536,0,0.0,0.0,0.0,0.0,0.0,,0.0,0.0,0.0
2022-05-19,7.536,7.536,7.536,7.536,0,0.0,0.0,0.0,0.0,0.0,,0.0,0.0,0.0
2022-05-20,7.536,7.536,7.536,7.536,0,0.0,0.0,0.0,0.0,0.0,,0.0,0.0,0.0
2022-05-23,7.536,7.536,7.536,7.536,0,0.0,0.0,0.0,0.0,0.0,,0.0,0.0,0.0
2022-05-24,7.536,7.536,7.536,7.536,0,0.0,0.0,0.0,0.0,0.0,,0.0,0.0,0.0
2022-05-25,7.536,7.536,7.536,7.536,0,0.0,0.0,0.0,0.0,0.0,,0.0,0.0,0.0
2022-05-26,7.536,7.536,7.536,7.536,0,0.0,0.0,0.0,0.0,0.0,,0.0,0.0,0.0
2022-05-27,7.536,7.536,7.536,7.536,0,0.0,0.0,0.0,0.0,0.0,,0.0,0.0,0.0
2022-05-30,7.536,7.536,7.536,7.536,0,0.0,0.0,0.0,0.0,0.0,,0.0,0.0,0.0
2022-05-31,7.536,7.536,7.536,7.536,0,0.0,0.0,0.0,0.0,0.0,,0.0,0.0,0.0
2022-06-01,7.536,7.536,7.536,7.536,0,0.0,0.0,0.0,0.0,0.0,,0.0,0.0,0.0
2022-06-02,7.536,7.536,7.536,7.536,0,0.0,0.0,0.0,0.0,0.0,,0.0,0.0,0.0
2022-06-03,7.536,7.536,7.536,7.536,0,0.0,0.0,0.0,0.0,0.0,,0.0,0.0,0.0
2022-06-06,7.536,7.536,7.536,7.536,0,0.0,0.0,0.0,0.0,0.0,,0.0,0.0,0.0
2022-06-07,7.536,7.536,7.536,7.536,0,0.0,0.0,0.0,0.0,0.0,,0.0,0.0,0.0
2022-06-08,7.536,7.536,7.536,7.536,0,0.0,0.0,0.0,0.0,0.0,,0.0,0.0,0.0
2022-06-09,7.536,7.536,7.536,7.536,0,0.0,0.0,0.0,0.0,0.0,,0.0,0.0,0.0
2022-06-10,7.654,7.654,7.654,7.654,200,1530.8,0.0,0.0,0.0,0.0,,0.0,0.0,0.0
2022-06-13,7.654,7.654,7.654,7.654,0,0.0,0.0,0.0,0.0,0.0,,0.0,0.0,0.0
2022-06-14,7.654,7.654,7.654,7.654,0,0.0,0.0,0.0,0.0,0.0,,0.0,0.0,0.0
2022-06-15,7.654,7.654,7.654,7.654,0,0.0,0.0,0.0,0.0,0.0,,0.0,0.0,0.0
2022-06-16,7.655,7.655,7.655,7.655,0,0.0,0.0,0.0,0.0,0.0,,0.0,0.0,0.0
2022-06-17,7.655,7.655,7.655,7.655,0,0.0,0.0,0.0,0.0,0.0,,0.0,0.0,0.0
2022-06-20,7.655,7.655,7.655,7.655,0,0.0,0.0,0.0,0.0,0.0,,0.0,0.0,0.0
2022-06-21,7.655,7.655,7.655,7.655,0,0.0,0.0,0.0,0.0,0.0,,0.0,0.0,0.0
2022-06-22,7.655,7.655,7.655,7.655,2,15.31,0.0,0.0,0.0,0.0,,0.0,0.0,0.0
2022-06-23,7.655,7.655,7.655,7.655,0,0.0,0.0,0.0,0.0,0.0,,0.0,0.0,0.0
2022-06-24,7.655,7.655,7.655,7.655,10,76.55,0.0,0.0,0.0,0.0,,0.0,0.0,0.0
2022-06-27,7.655,7.655,7.655,7.655,0,0.0,0.0,0.0,0.0,0.0,,0.0,0.0,0.0
2022-06-28,7.655,7.655,7.655,7.655,0,0.0,0.0,0.0,0.0,0.0,,0.0,0.0,0.0
2022-06-29,7.655,7.655,7.655,7.655,0,0.0,0.0,0.0,0.0,0.0,,0.0,0.0,0.0
2022-06-30,7.655,7.655,7.655,7.655,0,0.0,0.0,0.0,0.0,0.0,,0.0,0.0,0.0
2022-07-01,7.655,7.655,7.655,7.655,0,0.0,0.0,0.0,0.0,0.0,,0.0,0.0,0.0
2022-07-04,7.655,7.655,7.655,7.655,0,0.0,0.0,0.0,0.0,0.0,,0.0,0.0,0.0
2022-07-05,7.655,7.655,7.655,7.655,0,0.0,0.0,0.0,0.0,0.0,,0.0,0.0,0.0
2022-07-06,7.655,7.655,7.655,7.655,0,0.0,0.0,0.0,0.0,0.0,,0.0,0.0,0.0
2022-07-07,7.655,7.655,7.655,7.655,0,0.0,0.0,0.0,0.0,0.0,,0.0,0.0,0.0
2022-07-08,7.655,7.655,7.655,7.655,0,0.0,0.0,0.0,0.0,0.0,,0.0,0.0,0.0
2022-07-11,7.655,7.655,7.655,7.655,0,0.0,0.0,0.0,0.0,0.0,,0.0,0.0,0.0
2022-07-12,7.655,7.655,7.655,7.655,0,0.0,0.0,0.0,0.0,0.0,,0.0,0.0,0.0
2022-07-13,7.655,7.655,7.655,7.655,0,0.0,0.0,0.0,0.0,0.0,,0.0,0.0,0.0
2022-07-14,7.655,7.655,7.655,7.655,0,0.0,0.0,0.0,0.0,0.0,,0.0,0.0,0.0
2022-07-15,7.655,7.655,7.655,7.655,0,0.0,0.0,0.0,0.0,0.0,,0.0,0.0,0.0
2022-07-18,7.655,7.655,7.655,7.655,0,0.0,0.0,0.0,0.0,0.0,,0.0,0.0,0.0
2022-07-19,7.655,7.655,7.655,7.655,0,0.0,0.0,0.0,0.0,0.0,,0.0,0.0,0.0
2022-07-20,7.655,7.655,7.655,7.655,0,0.0,0.0,0.0,0.0,0.0,,0.0,0.0,0.0
2022-07-21,7.655,7.655,7.655,7.655,0,0.0,0.0,0.0,0.0,0.0,,0.0,0.0,0.0
2022-07-22,7.655,7.655,7.655,7.655,0,0.0,0.0,0.0,0.0,0.0,,0.0,0.0,0.0
2022-07-25,7.655,7.655,7.655,7.655,0,0.0,0.0,0.0,0.0,0.0,,0.0,0.0,0.0
2022-07-26,7.655,7.655,7.655,7.655,0,0.0,0.0,0.0,0.0,0.0,,0.0,0.0,0.0
2022-07-27,7.655,7.655,7.655,7.655,0,0.0,0.0,0.0,0.0,0.0,,0.0,0.0,0.0
2022-07-28,7.655,7.655,7.655,7.655,0,0.0,0.0,0.0,0.0,0.0,,0.0,0.0,0.0
2022-07-29,7.655,7.655,7.655,7.655,0,0.0,0.0,0.0,0.0,0.0,,0.0,0.0,0.0
2022-08-01,7.655,7.655,7.655,7.655,0,0.0,0.0,0.0,0.0,0.0,,0.0,0.0,0.0
2022-08-02,7.655,7.655,7.655,7.655,0,0.0,0.0,0.0,0.0,0.0,,0.0,0.0,0.0
2022-08-03,7.655,7.655,7.655,7.655,0,0.0,0.0,0.0,0.0,0.0,,0.0,0.0,0.0
2022-08-04,7.655,7.655,7.655,7.655,0,0.0,0.0,0.0,0.0,0.0,,0.0,0.0,0.0
2022-08-05,7.655,7.655,7.655,7.655,0,0.0,0.0,0.0,0.0,0.0,,0.0,0.0,0.0
2022-08-08,7.655,7.655,7.655,7.655,0,0.0,0.0,0.0,0.0,0.0,,0.0,0.0,0.0
2022-08-09,7.655,7.655,7.655,7.655,0,0.0,0.0,0.0,0.0,0.0,,0.0,0.0,0.0
2022-08-10,7.655,7.655,7.655,7.655,0,0.0,0.0,0.0,0.0,0.0,,0.0,0.0,0.0
2022-08-11,4.63,4.63,4.63,4.63,100,463.0,0.0,0.0,0.0,0.0,,0.0,0.0,0.0
2022-08-12,4.63,4.63,4.63,4.63,0,0.0,0.0,0.0,0.0,0.0,,0.0,0.0,0.0
2022-08-15,4.63,4.63,4.63,4.63,0,0.0,0.0,0.0,0.0,0.0,,0.0,0.0,0.0
2022-08-16,4.63,4.63,4.63,4.63,0,0.0,0.0,0.0,0.0,0.0,,0.0,0.0,0.0
2022-08-17,4.63,4.63,4.63,4.63,0,0.0,0.0,0.0,0.0,0.0,,0.0,0.0,0.0
2022-08-18,4.63,4.63,4.63,4.63,0,0.0,0.0,0.0,0.0,0.0,,0.0,0.0,0.0
2022-08-19,4.63,4.63,4.63,4.63,7,32.41,0.0,0.0,0.0,0.0,,0.0,0.0,0.0
2022-08-22,4.63,4.63,4.63,4.63,0,0.0,0.0,0.0,0.0,0.0,,0.0,0.0,0.0
2022-08-23,4.63,4.63,4.63,4.63,0,0.0,0.0,0.0,0.0,0.0,,0.0,0.0,0.0
2022-08-24,4.63,4.63,4.63,4.63,0,0.0,0.0,0.0,0.0,0.0,,0.0,0.0,0.0
2022-08-25,4.63,4.63,4.63,4.63,0,0.0,0.0,0.0,0.0,0.0,,0.0,0.0,0.0
2022-08-26,4.63,4.63,4.63,4.63,0,0.0,0.0,0.0,0.0,0.0,,0.0,0.0,0.0
2022-08-29,4.63,4.63,4.63,4.63,0,0.0,0.0,0.0,0.0,0.0,,0.0,0.0,0.0
2022-08-30,4.63,4.63,4.63,4.63,0,0.0,0.0,0.0,0.0,0.0,,0.0,0.0,0.0
2022-08-31,4.63,4.63,4.63,4.63,0,0.0,0.0,0.0,0.0,0.0,,0.0,0.0,0.0
2022-09-05,4.63,4.63,4.63,4.63,0,0.0,0.0,0.0,0.0,0.0,,0.0,0.0,0.0
2022-09-06,4.63,4.63,4.63,4.63,0,0.0,0.0,0.0,0.0,0.0,,0.0,0.0,0.0
2022-09-07,4.63,4.63,4.63,4.63,0,0.0,0.0,0.0,0.0,0.0,,0.0,0.0,0.0
2022-09-08,4.63,4.63,4.63,4.63,0,0.0,0.0,0.0,0.0,0.0,,0.0,0.0,0.0
2022-09-09,4.63,4.63,4.63,4.63,0,0.0,0.0,0.0,0.0,0.0,,0.0,0.0,0.0
2022-09-12,4.63,4.63,4.63,4.63,0,0.0,0.0,0.0,0.0,0.0,,0.0,0.0,0.0
2022-09-13,4.63,4.63,4.63,4.63,0,0.0,0.0,0.0,0.0,0.0,,0.0,0.0,0.0
2022-09-14,4.63,4.63,4.63,4.63,0,0.0,0.0,0.0,0.0,0.0,,0.0,0.0,0.0
2022-09-15,4.63,4.63,4.63,4.63,0,0.0,0.0,0.0,0.0,0.0,,0.0,0.0,0.0
2022-09-16,4.63,4.63,4.63,4.63,0,0.0,0.0,0.0,0.0,0.0,,0.0,0.0,0.0
2022-09-19,4.63,4.63,4.63,4.63,0,0.0,0.0,0.0,0.0,0.0,,0.0,0.0,0.0
2022-09-20,4.63,4.63,4.63,4.63,0,0.0,0.0,0.0,0.0,0.0,,0.0,0.0,0.0
2022-09-21,4.63,4.63,4.63,4.63,0,0.0,0.0,0.0,0.0,0.0,,0.0,0.0,0.0
2022-09-22,4.63,4.63,4.63,4.63,0,0.0,0.0,0.0,0.0,0.0,,0.0,0.0,0.0
2022-09-23,4.63,4.63,4.63,4.63,0,0.0,0.0,0.0,0.0,0.0,,0.0,0.0,0.0
2022-09-26,4.63,4.63,4.63,4.63,0,0.0,0.0,0.0,0.0,0.0,,0.0,0.0,0.0
2022-09-27,4.63,4.63,4.63,4.63,0,0.0,0.0,0.0,0.0,0.0,,0.0,0.0,0.0
2022-09-28,4.63,4.63,4.63,4.63,0,0.0,0.0,0.0,0.0,0.0,,0.0,0.0,0.0
2022-09-29,4.63,4.63,4.63,4.63,0,0.0,0.0,0.0,0.0,0.0,,0.0,0.0,0.0
2022-09-30,4.63,4.63,4.63,4.63,0,0.0,0.0,0.0,0.0,0.0,,0.0,0.0,0.0
2022-10-03,4.63,4.63,4.63,4.63,0,0.0,0.0,0.0,0.0,0.0,,0.0,0.0,0.0
2022-10-04,4.63,4.63,4.63,4.63,0,0.0,0.0,0.0,0.0,0.0,,0.0,0.0,0.0
2022-10-05,4.63,4.63,4.63,4.63,0,0.0,0.0,0.0,0.0,0.0,,0.0,0.0,0.0
2022-10-06,4.63,4.63,4.63,4.63,0,0.0,0.0,0.0,0.0,0.0,,0.0,0.0,0.0
2022-10-07,4.63,4.63,4.63,4.63,0,0.0,0.0,0.0,0.0,0.0,,0.0,0.0,0.0
2022-10-10,4.63,4.63,4.63,4.63,0,0.0,0.0,0.0,0.0,0.0,,0.0,0.0,0.0
2022-10-11,4.63,4.63,4.63,4.63,0,0.0,0.0,0.0,0.0,0.0,,0.0,0.0,0.0
2022-10-12,4.63,4.63,4.63,4.63,0,0.0,0.0,0.0,0.0,0.0,,0.0,0.0,0.0
2022-10-13,4.63,4.63,4.63,4.63,0,0.0,0.0,0.0,0.0,0.0,,0.0,0.0,0.0
2022-10-14,4.63,4.63,4.63,4.63,0,0.0,0.0,0.0,0.0,0.0,,0.0,0.0,0.0
2022-10-17,4.63,4.63,4.63,4.63,0,0.0,0.0,0.0,0.0,0.0,,0.0,0.0,0.0
2022-10-18,4.63,4.63,4.63,4.63,0,0.0,0.0,0.0,0.0,0.0,,0.0,0.0,0.0
2022-10-19,4.63,4.63,4.63,4.63,0,0.0,0.0,0.0,0.0,0.0,,0.0,0.0,0.0
2022-10-20,4.63,4.63,4.63,4.63,0,0.0,0.0,0.0,0.0,0.0,,0.0,0.0,0.0
2022-10-21,4.63,4.63,4.63,4.63,0,0.0,0.0,0.0,0.0,0.0,,0.0,0.0,0.0
2022-10-24,4.63,4.63,4.63,4.63,0,0.0,0.0,0.0,0.0,0.0,,0.0,0.0,0.0
2022-10-25,4.63,4.63,4.63,4.63,0,0.0,0.0,0.0,0.0,0.0,,0.0,0.0,0.0
2022-10-26,4.63,4.63,4.63,4.63,0,0.0,0.0,0.0,0.0,0.0,,0.0,0.0,0.0
2022-10-27,4.63,4.63,4.63,4.63,0,0.0,0.0,0.0,0.0,0.0,,0.0,0.0,0.0
2022-10-28,4.63,4.63,4.63,4.63,0,0.0,0.0,0.0,0.0,0.0,,0.0,0.0,0.0
2022-10-31,4.63,4.63,4.63,4.63,0,0.0,0.0,0.0,0.0,0.0,,0.0,0.0,0.0
2022-11-01,4.63,4.63,4.63,4.63,0,0.0,0.0,0.0,0.0,0.0,,0.0,0.0,0.0
2022-11-02,4.63,4.63,4.63,4.63,0,0.0,0.0,0.0,0.0,0.0,,0.0,0.0,0.0
2022-11-03,4.63,4.63,4.63,4.63,0,0.0,0.0,0.0,0.0,0.0,,0.0,0.0,0.0
2022-11-04,4.63,4.63,4.63,4.63,0,0.0,0.0,0.0,0.0,0.0,,0.0,0.0,0.0
2022-11-07,4.63,4.63,4.63,4.63,0,0.0,0.0,0.0,0.0,0.0,,0.0,0.0,0.0
2022-11-08,4.63,4.63,4.63,4.63,0,0.0,0.0,0.0,0.0,0.0,,0.0,0.0,0.0
2022-11-09,4.63,4.63,4.63,4.63,0,0.0,0.0,0.0,0.0,0.0,,0.0,0.0,0.0
2022-11-10,2.778,2.778,2.778,2.778,100,277.8,0.0,0.0,0.0,0.0,,0.0,0.0,0.0
2022-11-11,3.148,3.148,3.148,3.148,100,314.8,0.0,0.0,0.0,0.0,,0.0,0.0,0.0
2022-11-14,3.58,3.58,3.58,3.58,100,358.0,0.0,0.0,0.0,0.0,,0.0,0.0,0.0
2022-11-15,4.074,4.074,4.074,4.074,100,407.4,0.0,0.0,0.0,0.0,,0.0,0.0,0.0
2022-11-16,4.63,4.63,4.63,4.63,600,2778.0,0.0,0.0,0.0,0.0,,0.0,0.0,0.0
2022-11-17,4.63,4.63,4.63,4.63,0,0.0,0.0,0.0,0.0,0.0,,0.0,0.0,0.0
2022-11-18,4.63,4.63,4.63,4.63,0,0.0,0.0,0.0,0.0,0.0,,0.0,0.0,0.0
2022-11-21,4.63,4.63,3.951,3.951,300,1185.3,0.0,0.0,0.0,0.0,,0.0,0.0,0.0
2022-11-22,3.951,3.951,3.951,3.951,100,395.1,0.0,0.0,0.0,0.0,,0.0,0.0,0.0
2022-11-23,3.951,3.951,3.704,3.704,400,1481.6,0.0,0.0,0.0,0.0,,0.0,0.0,0.0
2022-11-24,3.827,3.827,3.827,3.827,0,0.0,0.0,0.0,0.0,0.0,,0.0,0.0,0.0
2022-11-25,3.827,3.827,3.827,3.827,0,0.0,0.0,0.0,0.0,0.0,,0.0,0.0,0.0
2022-11-28,3.827,3.827,3.827,3.827,5,19.135,0.0,0.0,0.0,0.0,,0.0,0.0,0.0
2022-11-29,3.827,3.827,3.827,3.827,0,0.0,0.0,0.0,0.0,0.0,,0.0,0.0,0.0
2022-11-30,3.827,3.827,3.827,3.827,0,0.0,0.0,0.0,0.0,0.0,,0.0,0.0,0.0
2022-12-01,3.827,3.827,3.827,3.827,0,0.0,0.0,0.0,0.0,0.0,,0.0,0.0,0.0
2022-12-02,3.827,3.827,3.827,3.827,0,0.0,0.0,0.0,0.0,0.0,,0.0,0.0,0.0
2022-12-05,3.827,3.827,3.827,3.827,0,0.0,0.0,0.0,0.0,0.0,,0.0,0.0,0.0
2022-12-06,3.827,3.827,3.827,3.827,0,0.0,0.0,0.0,0.0,0.0,,0.0,0.0,0.0
2022-12-07,3.827,3.827,3.827,3.827,0,0.0,0.0,0.0,0.0,0.0,,0.0,0.0,0.0
2022-12-08,3.827,3.827,3.827,3.827,0,0.0,0.0,0.0,0.0,0.0,,0.0,0.0,0.0
2022-12-09,3.827,3.827,3.827,3.827,0,0.0,0.0,0.0,0.0,0.0,,0.0,0.0,0.0
2022-12-12,3.827,3.827,3.827,3.827,0,0.0,0.0,0.0,0.0,0.0,,0.0,0.0,0.0
2022-12-13,3.827,3.827,3.827,3.827,0,0.0,0.0,0.0,0.0,0.0,,0.0,0.0,0.0
2022-12-14,3.827,3.827,3.827,3.827,0,0.0,0.0,0.0,0.0,0.0,,0.0,0.0,0.0
2022-12-15,3.827,3.827,3.827,3.827,0,0.0,0.0,0.0,0.0,0.0,,0.0,0.0,0.0
2022-12-16,3.272,3.272,3.272,3.272,100,327.2,0.0,0.0,0.0,0.0,,0.0,0.0,0.0
2022-12-19,3.272,3.272,3.272,3.272,0,0.0,0.0,0.0,0.0,0.0,,0.0,0.0,0.0
2022-12-20,3.272,3.272,3.272,3.272,0,0.0,0.0,0.0,0.0,0.0,,0.0,0.0,0.0
2022-12-21,3.272,3.272,3.272,3.272,0,0.0,0.0,0.0,0.0,0.0,,0.0,0.0,0.0
2022-12-22,3.272,3.272,3.272,3.272,0,0.0,0.0,0.0,0.0,0.0,,0.0,0.0,0.0
2022-12-23,3.272,3.272,3.272,3.272,0,0.0,0.0,0.0,0.0,0.0,,0.0,0.0,0.0
2022-12-26,3.272,3.272,3.272,3.272,0,0.0,0.0,0.0,0.0,0.0,,0.0,0.0,0.0
2022-12-27,3.704,3.704,3.704,3.704,100,370.4,0.0,0.0,0.0,0.0,,0.0,0.0,0.0
2022-12-28,3.704,3.704,3.704,3.704,0,0.0,0.0,0.0,0.0,0.0,,0.0,0.0,0.0
2022-12-29,3.704,3.704,3.704,3.704,0,0.0,0.0,0.0,0.0,0.0,,0.0,0.0,0.0
2022-12-30,3.704,3.704,3.704,3.704,0,0.0,0.0,0.0,0.0,0.0,,0.0,0.0,0.0
2023-01-03,3.704,3.704,3.704,3.704,0,0.0,0.0,0.0,0.0,0.0,,0.0,0.0,0.0
2023-01-04,4.259,4.259,4.198,4.198,200,839.6000000000001,0.0,0.0,0.0,0.0,,0.0,0.0,0.0
2023-01-05,4.259,4.259,4.259,4.259,0,0.0,0.0,0.0,0.0,0.0,,0.0,0.0,0.0
2023-01-06,4.259,4.259,4.259,4.259,0,0.0,0.0,0.0,0.0,0.0,,0.0,0.0,0.0
2023-01-09,4.259,4.259,4.259,4.259,100,425.9,0.0,0.0,0.0,0.0,,0.0,0.0,0.0
2023-01-10,4.259,4.259,4.259,4.259,0,0.0,0.0,0.0,0.0,0.0,,0.0,0.0,0.0
2023-01-11,4.259,4.259,4.259,4.259,0,0.0,0.0,0.0,0.0,0.0,,0.0,0.0,0.0
2023-01-12,4.259,4.259,4.259,4.259,0,0.0,0.0,0.0,0.0,0.0,,0.0,0.0,0.0
2023-01-13,4.259,4.259,4.259,4.259,0,0.0,0.0,0.0,0.0,0.0,,0.0,0.0,0.0
2023-01-16,4.259,4.259,4.259,4.259,0,0.0,0.0,0.0,0.0,0.0,,0.0,0.0,0.0
2023-01-17,4.259,4.259,4.259,4.259,0,0.0,0.0,0.0,0.0,0.0,,0.0,0.0,0.0
2023-01-18,4.259,4.259,4.259,4.259,0,0.0,0.0,0.0,0.0,0.0,,0.0,0.0,0.0
2023-01-19,4.259,4.259,4.259,4.259,0,0.0,0.0,0.0,0.0,0.0,,0.0,0.0,0.0
2023-01-27,4.259,4.259,4.259,4.259,0,0.0,0.0,0.0,0.0,0.0,,0.0,0.0,0.0
2023-01-30,4.259,4.259,4.259,4.259,0,0.0,0.0,0.0,0.0,0.0,,0.0,0.0,0.0
2023-01-31,4.259,4.259,4.259,4.259,0,0.0,0.0,0.0,0.0,0.0,,0.0,0.0,0.0
2023-02-01,4.259,4.259,4.259,4.259,0,0.0,0.0,0.0,0.0,0.0,,0.0,0.0,0.0
2023-02-02,4.259,4.259,4.259,4.259,0,0.0,0.0,0.0,0.0,0.0,,0.0,0.0,0.0
2023-02-03,4.259,4.259,4.259,4.259,0,0.0,0.0,0.0,0.0,0.0,,0.0,0.0,0.0
2023-02-06,4.877,4.877,4.877,4.877,700,3413.9,0.0,0.0,0.0,0.0,,0.0,0.0,0.0
2023-02-07,4.877,4.877,4.877,4.877,0,0.0,0.0,0.0,0.0,0.0,,0.0,0.0,0.0
2023-02-08,4.877,4.877,4.877,4.877,0,0.0,0.0,0.0,0.0,0.0,,0.0,0.0,0.0
2023-02-09,4.877,4.877,4.877,4.877,0,0.0,0.0,0.0,0.0,0.0,,0.0,0.0,0.0
2023-02-10,4.877,4.877,4.877,4.877,0,0.0,0.0,0.0,0.0,0.0,,0.0,0.0,0.0
2023-02-13,4.877,4.877,4.877,4.877,0,0.0,0.0,0.0,0.0,0.0,,0.0,0.0,0.0
2023-02-14,4.877,4.877,4.877,4.877,0,0.0,0.0,0.0,0.0,0.0,,0.0,0.0,0.0
2023-02-15,4.877,4.877,4.877,4.877,0,0.0,0.0,0.0,0.0,0.0,,0.0,0.0,0.0
2023-02-16,4.938,4.938,4.938,4.938,200,987.6,0.0,0.0,0.0,0.0,,0.0,0.0,0.0
2023-02-17,4.938,4.938,4.938,4.938,0,0.0,0.0,0.0,0.0,0.0,,0.0,0.0,0.0
2023-02-20,4.938,4.938,4.938,4.938,0,0.0,0.0,0.0,0.0,0.0,,0.0,0.0,0.0
2023-02-21,4.938,4.938,4.938,4.938,0,0.0,0.0,0.0,0.0,0.0,,0.0,0.0,0.0
2023-02-22,4.938,4.938,4.938,4.938,0,0.0,0.0,0.0,0.0,0.0,,0.0,0.0,0.0
2023-02-23,4.938,4.938,4.938,4.938,0,0.0,0.0,0.0,0.0,0.0,,0.0,0.0,0.0
2023-02-24,4.938,4.938,4.938,4.938,0,0.0,0.0,0.0,0.0,0.0,,0.0,0.0,0.0
2023-02-27,4.938,4.938,4.938,4.938,0,0.0,0.0,0.0,0.0,0.0,,0.0,0.0,0.0
2023-02-28,4.938,4.938,4.938,4.938,0,0.0,0.0,0.0,0.0,0.0,,0.0,0.0,0.0
2023-03-01,4.938,4.938,4.938,4.938,0,0.0,0.0,0.0,0.0,0.0,,0.0,0.0,0.0
2023-03-02,4.938,4.938,4.938,4.938,0,0.0,0.0,0.0,0.0,0.0,,0.0,0.0,0.0
2023-03-03,4.938,4.938,4.938,4.938,0,0.0,0.0,0.0,0.0,0.0,,0.0,0.0,0.0
2023-03-06,4.938,4.938,4.938,4.938,0,0.0,0.0,0.0,0.0,0.0,,0.0,0.0,0.0
2023-03-07,4.938,4.938,4.938,4.938,0,0.0,0.0,0.0,0.0,0.0,,0.0,0.0,0.0
2023-03-08,4.938,4.938,4.938,4.938,0,0.0,0.0,0.0,0.0,0.0,,0.0,0.0,0.0
2023-03-09,4.938,4.938,4.938,4.938,0,0.0,0.0,0.0,0.0,0.0,,0.0,0.0,0.0
2023-03-10,4.938,4.938,4.938,4.938,0,0.0,0.0,0.0,0.0,0.0,,0.0,0.0,0.0
2023-03-13,4.938,4.938,4.938,4.938,0,0.0,0.0,0.0,0.0,0.0,,0.0,0.0,0.0
2023-03-14,4.938,4.938,4.938,4.938,0,0.0,0.0,0.0,0.0,0.0,,0.0,0.0,0.0
2023-03-15,4.938,4.938,4.938,4.938,0,0.0,0.0,0.0,0.0,0.0,,0.0,0.0,0.0
2023-03-16,4.938,4.938,4.938,4.938,0,0.0,0.0,0.0,0.0,0.0,,0.0,0.0,0.0
2023-03-17,4.938,4.938,4.938,4.938,0,0.0,0.0,0.0,0.0,0.0,,0.0,0.0,0.0
2023-03-20,4.938,4.938,4.938,4.938,0,0.0,0.0,0.0,0.0,0.0,,0.0,0.0,0.0
2023-03-21,4.938,4.938,4.938,4.938,51,251.838,0.0,0.0,0.0,0.0,,0.0,0.0,0.0
2023-03-22,4.938,4.938,4.938,4.938,0,0.0,0.0,0.0,0.0,0.0,,0.0,0.0,0.0
2023-03-23,4.938,4.938,4.938,4.938,0,0.0,0.0,0.0,0.0,0.0,,0.0,0.0,0.0
2023-03-24,4.938,4.938,4.938,4.938,0,0.0,0.0,0.0,0.0,0.0,,0.0,0.0,0.0
2023-03-27,4.938,4.938,4.938,4.938,0,0.0,0.0,0.0,0.0,0.0,,0.0,0.0,0.0
2023-03-28,4.938,4.938,4.938,4.938,0,0.0,0.0,0.0,0.0,0.0,,0.0,0.0,0.0
2023-03-29,4.938,4.938,4.938,4.938,0,0.0,0.0,0.0,0.0,0.0,,0.0,0.0,0.0
2023-03-30,4.938,4.938,4.938,4.938,0,0.0,0.0,0.0,0.0,0.0,,0.0,0.0,0.0
2023-03-31,2.963,2.963,2.963,2.963,100,296.3,0.0,0.0,0.0,0.0,,0.0,0.0,0.0
2023-04-03,2.963,2.963,2.963,2.963,0,0.0,0.0,0.0,0.0,0.0,,0.0,0.0,0.0
2023-04-04,2.963,2.963,2.963,2.963,0,0.0,0.0,0.0,0.0,0.0,,0.0,0.0,0.0
2023-04-05,2.963,2.963,2.963,2.963,0,0.0,0.0,0.0,0.0,0.0,,0.0,0.0,0.0
2023-04-06,2.963,2.963,2.963,2.963,0,0.0,0.0,0.0,0.0,0.0,,0.0,0.0,0.0
2023-04-07,2.963,2.963,2.963,2.963,0,0.0,0.0,0.0,0.0,0.0,,0.0,0.0,0.0
2023-04-10,2.963,2.963,2.963,2.963,0,0.0,0.0,0.0,0.0,0.0,,0.0,0.0,0.0
2023-04-11,2.963,2.963,2.963,2.963,0,0.0,0.0,0.0,0.0,0.0,,0.0,0.0,0.0
2023-04-12,2.963,2.963,2.963,2.963,0,0.0,0.0,0.0,0.0,0.0,,0.0,0.0,0.0
2023-04-13,2.963,2.963,2.963,2.963,0,0.0,0.0,0.0,0.0,0.0,,0.0,0.0,0.0
2023-04-14,2.963,2.963,2.963,2.963,0,0.0,0.0,0.0,0.0,0.0,,0.0,0.0,0.0
2023-04-17,2.963,2.963,2.963,2.963,0,0.0,0.0,0.0,0.0,0.0,,0.0,0.0,0.0
2023-04-18,2.963,2.963,2.963,2.963,0,0.0,0.0,0.0,0.0,0.0,,0.0,0.0,0.0
2023-04-19,2.963,2.963,2.963,2.963,0,0.0,0.0,0.0,0.0,0.0,,0.0,0.0,0.0
2023-04-20,2.963,2.963,2.963,2.963,0,0.0,0.0,0.0,0.0,0.0,,0.0,0.0,0.0
2023-04-21,2.963,2.963,2.963,2.963,0,0.0,0.0,0.0,0.0,0.0,,0.0,0.0,0.0
2023-04-24,2.963,2.963,2.963,2.963,0,0.0,0.0,0.0,0.0,0.0,,0.0,0.0,0.0
2023-04-25,2.963,2.963,2.963,2.963,0,0.0,0.0,0.0,0.0,0.0,,0.0,0.0,0.0
2023-04-26,2.963,2.963,2.963,2.963,0,0.0,0.0,0.0,0.0,0.0,,0.0,0.0,0.0
2023-04-27,2.963,2.963,2.963,2.963,0,0.0,0.0,0.0,0.0,0.0,,0.0,0.0,0.0
2023-04-28,2.963,2.963,2.963,2.963,0,0.0,0.0,0.0,0.0,0.0,,0.0,0.0,0.0
2023-05-04,2.963,2.963,2.963,2.963,0,0.0,0.0,0.0,0.0,0.0,,0.0,0.0,0.0
2023-05-05,2.963,2.963,2.963,2.963,0,0.0,0.0,0.0,0.0,0.0,,0.0,0.0,0.0
2023-05-08,2.963,2.963,2.963,2.963,0,0.0,0.0,0.0,0.0,0.0,,0.0,0.0,0.0
2023-05-09,2.963,2.963,2.963,2.963,0,0.0,0.0,0.0,0.0,0.0,,0.0,0.0,0.0
2023-05-10,2.963,2.963,2.963,2.963,0,0.0,0.0,0.0,0.0,0.0,,0.0,0.0,0.0
2023-05-11,2.963,2.963,2.963,2.963,0,0.0,0.0,0.0,0.0,0.0,,0.0,0.0,0.0
2023-05-12,2.963,2.963,2.963,2.963,0,0.0,0.0,0.0,0.0,0.0,,0.0,0.0,0.0
2023-05-15,2.963,2.963,2.963,2.963,0,0.0,0.0,0.0,0.0,0.0,,0.0,0.0,0.0
2023-05-16,2.963,2.963,2.963,2.963,0,0.0,0.0,0.0,0.0,0.0,,0.0,0.0,0.0
2023-05-17,2.963,2.963,2.963,2.963,0,0.0,0.0,0.0,0.0,0.0,,0.0,0.0,0.0
2023-05-18,2.963,2.963,2.963,2.963,0,0.0,0.0,0.0,0.0,0.0,,0.0,0.0,0.0
2023-05-19,2.963,2.963,2.963,2.963,0,0.0,0.0,0.0,0.0,0.0,,0.0,0.0,0.0
2023-05-22,2.963,2.963,2.963,2.963,0,0.0,0.0,0.0,0.0,0.0,,0.0,0.0,0.0
2023-05-23,2.963,2.963,2.963,2.963,0,0.0,0.0,0.0,0.0,0.0,,0.0,0.0,0.0
2023-05-24,2.963,2.963,2.963,2.963,0,0.0,0.0,0.0,0.0,0.0,,0.0,0.0,0.0
2023-05-25,2.963,2.963,2.963,2.963,0,0.0,0.0,0.0,0.0,0.0,,0.0,0.0,0.0
2023-05-26,2.963,2.963,2.963,2.963,0,0.0,0.0,0.0,0.0,0.0,,0.0,0.0,0.0
2023-05-29,2.963,2.963,2.963,2.963,0,0.0,0.0,0.0,0.0,0.0,,0.0,0.0,0.0
2023-05-30,2.963,2.963,2.963,2.963,0,0.0,0.0,0.0,0.0,0.0,,0.0,0.0,0.0
2023-05-31,2.963,2.963,2.963,2.963,0,0.0,0.0,0.0,0.0,0.0,,0.0,0.0,0.0
2023-06-01,2.963,2.963,2.963,2.963,0,0.0,0.0,0.0,0.0,0.0,,0.0,0.0,0.0
2023-06-02,2.963,2.963,2.963,2.963,0,0.0,0.0,0.0,0.0,0.0,,0.0,0.0,0.0
2023-06-05,2.963,2.963,2.963,2.963,0,0.0,0.0,0.0,0.0,0.0,,0.0,0.0,0.0
2023-06-06,2.963,2.963,2.963,2.963,0,0.0,0.0,0.0,0.0,0.0,,0.0,0.0,0.0
2023-06-07,2.963,2.963,2.963,2.963,0,0.0,0.0,0.0,0.0,0.0,,0.0,0.0,0.0
2023-06-08,2.963,2.963,2.963,2.963,0,0.0,0.0,0.0,0.0,0.0,,0.0,0.0,0.0
2023-06-09,2.963,2.963,2.963,2.963,0,0.0,0.0,0.0,0.0,0.0,,0.0,0.0,0.0
2023-06-12,2.963,2.963,2.963,2.963,0,0.0,0.0,0.0,0.0,0.0,,0.0,0.0,0.0
2023-06-13,2.963,2.963,2.963,2.963,0,0.0,0.0,0.0,0.0,0.0,,0.0,0.0,0.0
2023-06-14,2.963,2.963,2.963,2.963,0,0.0,0.0,0.0,0.0,0.0,,0.0,0.0,0.0
2023-06-15,2.963,2.963,2.963,2.963,0,0.0,0.0,0.0,0.0,0.0,,0.0,0.0,0.0
2023-06-16,2.963,2.963,2.963,2.963,0,0.0,0.0,0.0,0.0,0.0,,0.0,0.0,0.0
2023-06-19,2.963,2.963,2.963,2.963,0,0.0,0.0,0.0,0.0,0.0,,0.0,0.0,0.0
2023-06-20,2.963,2.963,2.963,2.963,0,0.0,0.0,0.0,0.0,0.0,,0.0,0.0,0.0
2023-06-21,2.963,2.963,2.963,2.963,0,0.0,0.0,0.0,0.0,0.0,,0.0,0.0,0.0
2023-06-22,2.963,2.963,2.963,2.963,0,0.0,0.0,0.0,0.0,0.0,,0.0,0.0,0.0
2023-06-23,2.963,2.963,2.963,2.963,0,0.0,0.0,0.0,0.0,0.0,,0.0,0.0,0.0
2023-06-26,2.963,2.963,2.963,2.963,0,0.0,0.0,0.0,0.0,0.0,,0.0,0.0,0.0
2023-06-27,2.963,2.963,2.963,2.963,0,0.0,0.0,0.0,0.0,0.0,,0.0,0.0,0.0
2023-06-28,2.963,2.963,2.963,2.963,0,0.0,0.0,0.0,0.0,0.0,,0.0,0.0,0.0
2023-06-29,2.963,2.963,2.963,2.963,0,0.0,0.0,0.0,0.0,0.0,,0.0,0.0,0.0
2023-06-30,2.963,2.963,2.963,2.963,0,0.0,0.0,0.0,0.0,0.0,,0.0,0.0,0.0
2023-07-03,2.963,2.963,2.963,2.963,0,0.0,0.0,0.0,0.0,0.0,,0.0,0.0,0.0
2023-07-04,2.963,2.963,2.963,2.963,0,0.0,0.0,0.0,0.0,0.0,,0.0,0.0,0.0
2023-07-05,2.963,2.963,2.963,2.963,0,0.0,0.0,0.0,0.0,0.0,,0.0,0.0,0.0
2023-07-06,2.963,2.963,2.963,2.963,0,0.0,0.0,0.0,0.0,0.0,,0.0,0.0,0.0
2023-07-07,2.963,2.963,2.963,2.963,0,0.0,0.0,0.0,0.0,0.0,,0.0,0.0,0.0
2023-07-10,2.963,2.963,2.963,2.963,0,0.0,0.0,0.0,0.0,0.0,,0.0,0.0,0.0
2023-07-11,2.963,2.963,2.963,2.963,0,0.0,0.0,0.0,0.0,0.0,,0.0,0.0,0.0
2023-07-12,2.963,2.963,2.963,2.963,0,0.0,0.0,0.0,0.0,0.0,,0.0,0.0,0.0
2023-07-13,4.136,4.136,4.136,4.136,100,413.6,0.0,0.0,0.0,0.0,,0.0,0.0,0.0
2023-07-14,4.753,4.753,4.753,4.753,100,475.3,0.0,0.0,0.0,0.0,,0.0,0.0,0.0
2023-07-17,5.432,5.432,5.432,5.432,100,543.2,0.0,0.0,0.0,0.0,,0.0,0.0,0.0
2023-07-18,5.432,5.432,5.432,5.432,0,0.0,0.0,0.0,0.0,0.0,,0.0,0.0,0.0
2023-07-19,5.432,5.432,5.432,5.432,0,0.0,0.0,0.0,0.0,0.0,,0.0,0.0,0.0
2023-07-20,5.432,5.432,5.432,5.432,0,0.0,0.0,0.0,0.0,0.0,,0.0,0.0,0.0
2023-07-21,5.432,5.432,5.432,5.432,0,0.0,0.0,0.0,0.0,0.0,,0.0,0.0,0.0
2023-07-24,5.432,5.432,5.432,5.432,0,0.0,0.0,0.0,0.0,0.0,,0.0,0.0,0.0
2023-07-25,5.432,5.432,5.432,5.432,0,0.0,0.0,0.0,0.0,0.0,,0.0,0.0,0.0
2023-07-26,5.432,5.432,5.432,5.432,0,0.0,0.0,0.0,0.0,0.0,,0.0,0.0,0.0
2023-07-27,5.432,5.432,5.432,5.432,0,0.0,0.0,0.0,0.0,0.0,,0.0,0.0,0.0
2023-07-28,5.432,5.432,5.432,5.432,0,0.0,0.0,0.0,0.0,0.0,,0.0,0.0,0.0
2023-07-31,5.432,5.432,5.432,5.432,0,0.0,0.0,0.0,0.0,0.0,,0.0,0.0,0.0
2023-08-01,5.432,5.432,5.432,5.432,0,0.0,0.0,0.0,0.0,0.0,,0.0,0.0,0.0
2023-08-02,5.432,5.432,5.432,5.432,0,0.0,0.0,0.0,0.0,0.0,,0.0,0.0,0.0
2023-08-03,5.432,5.432,5.432,5.432,0,0.0,0.0,0.0,0.0,0.0,,0.0,0.0,0.0
2023-08-04,5.432,5.432,5.432,5.432,0,0.0,0.0,0.0,0.0,0.0,,0.0,0.0,0.0
2023-08-07,5.432,5.432,5.432,5.432,0,0.0,0.0,0.0,0.0,0.0,,0.0,0.0,0.0
2023-08-08,5.432,5.432,5.432,5.432,0,0.0,0.0,0.0,0.0,0.0,,0.0,0.0,0.0
2023-08-09,5.432,5.432,5.432,5.432,0,0.0,0.0,0.0,0.0,0.0,,0.0,0.0,0.0
2023-08-10,5.432,5.432,5.432,5.432,0,0.0,0.0,0.0,0.0,0.0,,0.0,0.0,0.0
2023-08-11,5.432,5.432,5.432,5.432,0,0.0,0.0,0.0,0.0,0.0,,0.0,0.0,0.0
2023-08-14,5.432,5.432,5.432,5.432,0,0.0,0.0,0.0,0.0,0.0,,0.0,0.0,0.0
2023-08-15,5.432,5.432,5.432,5.432,0,0.0,0.0,0.0,0.0,0.0,,0.0,0.0,0.0
2023-08-16,5.432,5.432,5.432,5.432,0,0.0,0.0,0.0,0.0,0.0,,0.0,0.0,0.0
2023-08-17,5.432,5.432,5.432,5.432,0,0.0,0.0,0.0,0.0,0.0,,0.0,0.0,0.0
2023-08-18,5.432,5.432,5.432,5.432,0,0.0,0.0,0.0,0.0,0.0,,0.0,0.0,0.0
2023-08-21,5.432,5.432,5.432,5.432,0,0.0,0.0,0.0,0.0,0.0,,0.0,0.0,0.0
2023-08-22,5.432,5.432,5.432,5.432,0,0.0,0.0,0.0,0.0,0.0,,0.0,0.0,0.0
2023-08-23,5.432,5.432,5.432,5.432,0,0.0,0.0,0.0,0.0,0.0,,0.0,0.0,0.0
2023-08-24,5.432,5.432,5.432,5.432,0,0.0,0.0,0.0,0.0,0.0,,0.0,0.0,0.0
2023-08-25,5.432,5.432,5.432,5.432,0,0.0,0.0,0.0,0.0,0.0,,0.0,0.0,0.0
2023-08-28,5.432,5.432,5.432,5.432,0,0.0,0.0,0.0,0.0,0.0,,0.0,0.0,0.0
2023-08-29,5.432,5.432,5.432,5.432,0,0.0,0.0,0.0,0.0,0.0,,0.0,0.0,0.0
2023-08-30,5.432,5.432,5.432,5.432,0,0.0,0.0,0.0,0.0,0.0,,0.0,0.0,0.0
2023-08-31,5.432,5.432,5.432,5.432,0,0.0,0.0,0.0,0.0,0.0,,0.0,0.0,0.0
2023-09-05,5.432,5.432,5.432,5.432,0,0.0,0.0,0.0,0.0,0.0,,0.0,0.0,0.0
2023-09-06,5.432,5.432,5.432,5.432,0,0.0,0.0,0.0,0.0,0.0,,0.0,0.0,0.0
2023-09-07,5.432,5.432,5.432,5.432,0,0.0,0.0,0.0,0.0,0.0,,0.0,0.0,0.0
2023-09-08,5.432,5.432,5.432,5.432,0,0.0,0.0,0.0,0.0,0.0,,0.0,0.0,0.0
2023-09-11,5.432,5.432,5.432,5.432,0,0.0,0.0,0.0,0.0,0.0,,0.0,0.0,0.0
2023-09-12,5.432,5.432,5.432,5.432,0,0.0,0.0,0.0,0.0,0.0,,0.0,0.0,0.0
2023-09-13,5.432,5.432,5.432,5.432,0,0.0,0.0,0.0,0.0,0.0,,0.0,0.0,0.0
2023-09-14,5.432,5.432,5.432,5.432,0,0.0,0.0,0.0,0.0,0.0,,0.0,0.0,0.0
2023-09-15,5.432,5.432,5.432,5.432,0,0.0,0.0,0.0,0.0,0.0,,0.0,0.0,0.0
2023-09-18,5.432,5.432,5.432,5.432,0,0.0,0.0,0.0,0.0,0.0,,0.0,0.0,0.0
2023-09-19,5.432,5.432,5.432,5.432,0,0.0,0.0,0.0,0.0,0.0,,0.0,0.0,0.0
2023-09-20,5.432,5.432,5.432,5.432,0,0.0,0.0,0.0,0.0,0.0,,0.0,0.0,0.0
2023-09-21,5.432,5.432,5.432,5.432,0,0.0,0.0,0.0,0.0,0.0,,0.0,0.0,0.0
2023-09-22,5.432,5.432,5.432,5.432,0,0.0,0.0,0.0,0.0,0.0,,0.0,0.0,0.0
2023-09-25,5.432,5.432,5.432,5.432,0,0.0,0.0,0.0,0.0,0.0,,0.0,0.0,0.0
2023-09-26,5.432,5.432,5.432,5.432,0,0.0,0.0,0.0,0.0,0.0,,0.0,0.0,0.0
2023-09-27,5.432,5.432,5.432,5.432,0,0.0,0.0,0.0,0.0,0.0,,0.0,0.0,0.0
2023-09-28,5.432,5.432,5.432,5.432,0,0.0,0.0,0.0,0.0,0.0,,0.0,0.0,0.0
2023-09-29,5.432,5.432,5.432,5.432,0,0.0,0.0,0.0,0.0,0.0,,0.0,0.0,0.0
2023-10-02,5.432,5.432,5.432,5.432,0,0.0,0.0,0.0,0.0,0.0,,0.0,0.0,0.0
2023-10-03,5.432,5.432,5.432,5.432,0,0.0,0.0,0.0,0.0,0.0,,0.0,0.0,0.0
2023-10-04,5.432,5.432,5.432,5.432,0,0.0,0.0,0.0,0.0,0.0,,0.0,0.0,0.0
2023-10-05,5.432,5.432,5.432,5.432,0,0.0,0.0,0.0,0.0,0.0,,0.0,0.0,0.0
2023-10-06,5.432,5.432,5.432,5.432,0,0.0,0.0,0.0,0.0,0.0,,0.0,0.0,0.0
2023-10-09,5.432,5.432,5.432,5.432,0,0.0,0.0,0.0,0.0,0.0,,0.0,0.0,0.0
2023-10-10,5.432,5.432,5.432,5.432,0,0.0,0.0,0.0,0.0,0.0,,0.0,0.0,0.0
2023-10-11,5.432,5.432,5.432,5.432,0,0.0,0.0,0.0,0.0,0.0,,0.0,0.0,0.0
2023-10-12,5.432,5.432,5.432,5.432,0,0.0,0.0,0.0,0.0,0.0,,0.0,0.0,0.0
2023-10-13,5.432,5.432,5.432,5.432,0,0.0,0.0,0.0,0.0,0.0,,0.0,0.0,0.0
2023-10-16,5.432,5.432,5.432,5.432,0,0.0,0.0,0.0,0.0,0.0,,0.0,0.0,0.0
2023-10-17,5.432,5.432,5.432,5.432,0,0.0,0.0,0.0,0.0,0.0,,0.0,0.0,0.0
2023-10-18,5.432,5.432,5.432,5.432,0,0.0,0.0,0.0,0.0,0.0,,0.0,0.0,0.0
2023-10-19,5.432,5.432,5.432,5.432,0,0.0,0.0,0.0,0.0,0.0,,0.0,0.0,0.0
2023-10-20,5.432,5.432,5.432,5.432,0,0.0,0.0,0.0,0.0,0.0,,0.0,0.0,0.0
2023-10-23,5.432,5.432,5.432,5.432,0,0.0,0.0,0.0,0.0,0.0,,0.0,0.0,0.0
2023-10-24,5.432,5.432,5.432,5.432,0,0.0,0.0,0.0,0.0,0.0,,0.0,0.0,0.0
2023-10-25,5.432,5.432,5.432,5.432,0,0.0,0.0,0.0,0.0,0.0,,0.0,0.0,0.0
2023-10-26,5.432,5.432,5.432,5.432,0,0.0,0.0,0.0,0.0,0.0,,0.0,0.0,0.0
2023-10-27,5.432,5.432,5.432,5.432,0,0.0,0.0,0.0,0.0,0.0,,0.0,0.0,0.0
2023-10-30,5.432,5.432,5.432,5.432,0,0.0,0.0,0.0,0.0,0.0,,0.0,0.0,0.0
2023-10-31,5.432,5.432,5.432,5.432,0,0.0,0.0,0.0,0.0,0.0,,0.0,0.0,0.0
2023-11-01,5.432,5.432,5.432,5.432,0,0.0,0.0,0.0,0.0,0.0,,0.0,0.0,0.0
2023-11-02,5.432,5.432,5.432,5.432,0,0.0,0.0,0.0,0.0,0.0,,0.0,0.0,0.0
2023-11-03,5.432,5.432,5.432,5.432,0,0.0,0.0,0.0,0.0,0.0,,0.0,0.0,0.0
2023-11-06,5.432,5.432,5.432,5.432,0,0.0,0.0,0.0,0.0,0.0,,0.0,0.0,0.0
2023-11-07,5.432,5.432,5.432,5.432,0,0.0,0.0,0.0,0.0,0.0,,0.0,0.0,0.0
2023-11-08,5.432,5.432,5.432,5.432,0,0.0,0.0,0.0,0.0,0.0,,0.0,0.0,0.0
2023-11-09,5.432,5.432,5.432,5.432,0,0.0,0.0,0.0,0.0,0.0,,0.0,0.0,0.0
2023-11-10,5.432,5.432,5.432,5.432,0,0.0,0.0,0.0,0.0,0.0,,0.0,0.0,0.0
2023-11-13,5.432,5.432,5.432,5.432,0,0.0,0.0,0.0,0.0,0.0,,0.0,0.0,0.0
2023-11-14,5.432,5.432,5.432,5.432,0,0.0,0.0,0.0,0.0,0.0,,0.0,0.0,0.0
2023-11-15,5.432,5.432,5.432,5.432,0,0.0,0.0,0.0,0.0,0.0,,0.0,0.0,0.0
2023-11-16,5.432,5.432,5.432,5.432,0,0.0,0.0,0.0,0.0,0.0,,0.0,0.0,0.0
2023-11-17,5.432,5.432,5.432,5.432,0,0.0,0.0,0.0,0.0,0.0,,0.0,0.0,0.0
2023-11-20,5.432,5.432,5.432,5.432,0,0.0,0.0,0.0,0.0,0.0,,0.0,0.0,0.0
2023-11-21,5.432,5.432,5.432,5.432,0,0.0,0.0,0.0,0.0,0.0,,0.0,0.0,0.0
2023-11-22,5.432,5.432,5.432,5.432,0,0.0,0.0,0.0,0.0,0.0,,0.0,0.0,0.0
2023-11-23,5.432,5.432,5.432,5.432,0,0.0,0.0,0.0,0.0,0.0,,0.0,0.0,0.0
2023-11-24,5.432,5.432,5.432,5.432,0,0.0,0.0,0.0,0.0,0.0,,0.0,0.0,0.0
2023-11-27,5.432,5.432,5.432,5.432,0,0.0,0.0,0.0,0.0,0.0,,0.0,0.0,0.0
2023-11-28,5.432,5.432,5.432,5.432,0,0.0,0.0,0.0,0.0,0.0,,0.0,0.0,0.0
2023-11-29,5.432,5.432,5.432,5.432,0,0.0,0.0,0.0,0.0,0.0,,0.0,0.0,0.0
2023-11-30,5.432,5.432,5.432,5.432,0,0.0,0.0,0.0,0.0,0.0,,0.0,0.0,0.0
2023-12-01,5.432,5.432,5.432,5.432,0,0.0,0.0,0.0,0.0,0.0,,0.0,0.0,0.0
2023-12-04,5.432,5.432,5.432,5.432,0,0.0,0.0,0.0,0.0,0.0,,0.0,0.0,0.0
2023-12-05,5.432,5.432,5.432,5.432,0,0.0,0.0,0.0,0.0,0.0,,0.0,0.0,0.0
2023-12-06,5.432,5.432,5.432,5.432,0,0.0,0.0,0.0,0.0,0.0,,0.0,0.0,0.0
2023-12-07,5.432,5.432,5.432,5.432,0,0.0,0.0,0.0,0.0,0.0,,0.0,0.0,0.0
2023-12-08,5.432,5.432,5.432,5.432,0,0.0,0.0,0.0,0.0,0.0,,0.0,0.0,0.0
2023-12-11,5.432,5.432,5.432,5.432,0,0.0,0.0,0.0,0.0,0.0,,0.0,0.0,0.0
2023-12-12,5.432,5.432,5.432,5.432,0,0.0,0.0,0.0,0.0,0.0,,0.0,0.0,0.0
2023-12-13,5.432,5.432,5.432,5.432,0,0.0,0.0,0.0,0.0,0.0,,0.0,0.0,0.0
2023-12-14,5.432,5.432,5.432,5.432,0,0.0,0.0,0.0,0.0,0.0,,0.0,0.0,0.0
2023-12-15,5.432,5.432,5.432,5.432,0,0.0,0.0,0.0,0.0,0.0,,0.0,0.0,0.0
2023-12-18,5.432,5.432,5.432,5.432,0,0.0,0.0,0.0,0.0,0.0,,0.0,0.0,0.0
2023-12-19,5.432,5.432,5.432,5.432,0,0.0,0.0,0.0,0.0,0.0,,0.0,0.0,0.0
2023-12-20,5.432,5.432,5.432,5.432,0,0.0,0.0,0.0,0.0,0.0,,0.0,0.0,0.0
2023-12-21,5.432,5.432,5.432,5.432,0,0.0,0.0,0.0,0.0,0.0,,0.0,0.0,0.0
2023-12-22,5.432,5.432,5.432,5.432,0,0.0,0.0,0.0,0.0,0.0,,0.0,0.0,0.0
2023-12-25,5.432,5.432,5.432,5.432,0,0.0,0.0,0.0,0.0,0.0,,0.0,0.0,0.0
2023-12-26,5.432,5.432,5.432,5.432,0,0.0,0.0,0.0,0.0,0.0,,0.0,0.0,0.0
2023-12-27,5.432,5.432,5.432,5.432,0,0.0,0.0,0.0,0.0,0.0,,0.0,0.0,0.0
2023-12-28,5.432,5.432,5.432,5.432,0,0.0,0.0,0.0,0.0,0.0,,0.0,0.0,0.0
2023-12-29,5.432,5.432,5.432,5.432,0,0.0,0.0,0.0,0.0,0.0,,0.0,0.0,0.0
2024-01-02,5.432,5.432,5.432,5.432,0,0.0,0.0,0.0,0.0,0.0,,0.0,0.0,0.0
2024-01-03,5.432,5.432,5.432,5.432,0,0.0,0.0,0.0,0.0,0.0,,0.0,0.0,0.0
2024-01-04,5.432,5.432,5.432,5.432,0,0.0,0.0,0.0,0.0,0.0,,0.0,0.0,0.0
2024-01-05,5.432,5.432,5.432,5.432,0,0.0,0.0,0.0,0.0,0.0,,0.0,0.0,0.0
2024-01-08,5.432,5.432,5.432,5.432,0,0.0,0.0,0.0,0.0,0.0,,0.0,0.0,0.0
2024-01-09,5.432,5.432,5.432,5.432,0,0.0,0.0,0.0,0.0,0.0,,0.0,0.0,0.0
2024-01-10,5.432,5.432,5.432,5.432,0,0.0,0.0,0.0,0.0,0.0,,0.0,0.0,0.0
2024-01-11,5.432,5.432,5.432,5.432,0,0.0,0.0,0.0,0.0,0.0,,0.0,0.0,0.0
2024-01-12,5.432,5.432,5.432,5.432,0,0.0,0.0,0.0,0.0,0.0,,0.0,0.0,0.0
2024-01-15,5.432,5.432,5.432,5.432,0,0.0,0.0,0.0,0.0,0.0,,0.0,0.0,0.0
2024-01-16,5.432,5.432,5.432,5.432,0,0.0,0.0,0.0,0.0,0.0,,0.0,0.0,0.0
2024-01-17,5.432,5.432,5.432,5.432,0,0.0,0.0,0.0,0.0,0.0,,0.0,0.0,0.0
2024-01-18,5.432,5.432,5.432,5.432,0,0.0,0.0,0.0,0.0,0.0,,0.0,0.0,0.0
2024-01-19,5.432,5.432,5.432,5.432,0,0.0,0.0,0.0,0.0,0.0,,0.0,0.0,0.0
2024-01-22,5.432,5.432,5.432,5.432,0,0.0,0.0,0.0,0.0,0.0,,0.0,0.0,0.0
2024-01-23,5.432,5.432,5.432,5.432,0,0.0,0.0,0.0,0.0,0.0,,0.0,0.0,0.0
2024-01-24,5.432,5.432,5.432,5.432,0,0.0,0.0,0.0,0.0,0.0,,0.0,0.0,0.0
2024-01-25,5.432,5.432,5.432,5.432,0,0.0,0.0,0.0,0.0,0.0,,0.0,0.0,0.0
2024-01-26,5.432,5.432,5.432,5.432,0,0.0,0.0,0.0,0.0,0.0,,0.0,0.0,0.0
2024-01-29,5.432,5.432,5.432,5.432,0,0.0,0.0,0.0,0.0,0.0,,0.0,0.0,0.0
2024-01-30,5.432,5.432,5.432,5.432,0,0.0,0.0,0.0,0.0,0.0,,0.0,0.0,0.0
2024-01-31,5.432,5.432,5.432,5.432,0,0.0,0.0,0.0,0.0,0.0,,0.0,0.0,0.0
2024-02-01,5.432,5.432,5.432,5.432,0,0.0,0.0,0.0,0.0,0.0,,0.0,0.0,0.0
2024-02-02,5.432,5.432,5.432,5.432,0,0.0,0.0,0.0,0.0,0.0,,0.0,0.0,0.0
2024-02-05,5.432,5.432,5.432,5.432,0,0.0,0.0,0.0,0.0,0.0,,0.0,0.0,0.0
2024-02-06,3.259,3.259,3.259,3.259,100,325.9,0.0,0.0,0.0,0.0,,0.0,0.0,0.0
2024-02-07,3.259,3.259,3.259,3.259,0,0.0,0.0,0.0,0.0,0.0,,0.0,0.0,0.0
2024-02-15,3.259,3.259,3.259,3.259,0,0.0,0.0,0.0,0.0,0.0,,0.0,0.0,0.0
2024-02-16,3.259,3.259,3.259,3.259,0,0.0,0.0,0.0,0.0,0.0,,0.0,0.0,0.0
2024-02-19,3.259,3.259,3.259,3.259,0,0.0,0.0,0.0,0.0,0.0,,0.0,0.0,0.0
2024-02-20,3.259,3.259,3.259,3.259,0,0.0,0.0,0.0,0.0,0.0,,0.0,0.0,0.0
2024-02-21,3.259,3.259,3.259,3.259,0,0.0,0.0,0.0,0.0,0.0,,0.0,0.0,0.0
2024-02-22,3.259,3.259,3.259,3.259,0,0.0,0.0,0.0,0.0,0.0,,0.0,0.0,0.0
2024-02-23,3.259,3.259,3.259,3.259,0,0.0,0.0,0.0,0.0,0.0,,0.0,0.0,0.0
2024-02-26,3.259,3.259,3.259,3.259,0,0.0,0.0,0.0,0.0,0.0,,0.0,0.0,0.0
2024-02-27,3.259,3.259,3.259,3.259,0,0.0,0.0,0.0,0.0,0.0,,0.0,0.0,0.0
2024-02-28,3.259,3.259,3.259,3.259,0,0.0,0.0,0.0,0.0,0.0,,0.0,0.0,0.0
2024-02-29,3.259,3.259,3.259,3.259,0,0.0,0.0,0.0,0.0,0.0,,0.0,0.0,0.0
2024-03-01,3.259,3.259,3.259,3.259,0,0.0,0.0,0.0,0.0,0.0,,0.0,0.0,0.0
2024-03-04,3.259,3.259,3.259,3.259,0,0.0,0.0,0.0,0.0,0.0,,0.0,0.0,0.0
2024-03-05,3.259,3.259,3.259,3.259,0,0.0,0.0,0.0,0.0,0.0,,0.0,0.0,0.0
2024-03-06,3.259,3.259,3.259,3.259,0,0.0,0.0,0.0,0.0,0.0,,0.0,0.0,0.0
2024-03-07,3.259,3.259,3.259,3.259,0,0.0,0.0,0.0,0.0,0.0,,0.0,0.0,0.0
2024-03-08,3.259,3.259,3.259,3.259,0,0.0,0.0,0.0,0.0,0.0,,0.0,0.0,0.0
2024-03-11,3.259,3.259,3.259,3.259,0,0.0,0.0,0.0,0.0,0.0,,0.0,0.0,0.0
2024-03-12,3.259,3.259,3.259,3.259,0,0.0,0.0,0.0,0.0,0.0,,0.0,0.0,0.0
2024-03-13,3.259,3.259,3.259,3.259,0,0.0,0.0,0.0,0.0,0.0,,0.0,0.0,0.0
2024-03-14,3.259,3.259,3.259,3.259,0,0.0,0.0,0.0,0.0,0.0,,0.0,0.0,0.0
2024-03-15,3.259,3.259,3.259,3.259,0,0.0,0.0,0.0,0.0,0.0,,0.0,0.0,0.0
2024-03-18,3.259,3.259,3.259,3.259,0,0.0,0.0,0.0,0.0,0.0,,0.0,0.0,0.0
2024-03-19,3.259,3.259,3.259,3.259,0,0.0,0.0,0.0,0.0,0.0,,0.0,0.0,0.0
2024-03-20,3.259,3.259,3.259,3.259,0,0.0,0.0,0.0,0.0,0.0,,0.0,0.0,0.0
2024-03-21,1.981,1.981,1.981,1.981,100,198.1,0.0,0.0,0.0,0.0,,0.0,0.0,0.0
2024-03-22,1.981,1.981,1.981,1.981,0,0.0,0.0,0.0,0.0,0.0,,0.0,0.0,0.0
2024-03-25,1.981,1.981,1.981,1.981,0,0.0,0.0,0.0,0.0,0.0,,0.0,0.0,0.0
2024-03-26,1.981,1.981,1.981,1.981,0,0.0,0.0,0.0,0.0,0.0,,0.0,0.0,0.0
2024-03-27,1.981,1.981,1.981,1.981,0,0.0,0.0,0.0,0.0,0.0,,0.0,0.0,0.0
2024-03-28,1.981,1.981,1.981,1.981,0,0.0,0.0,0.0,0.0,0.0,,0.0,0.0,0.0
2024-03-29,1.981,1.981,1.981,1.981,0,0.0,0.0,0.0,0.0,0.0,,0.0,0.0,0.0
2024-04-01,1.981,1.981,1.981,1.981,0,0.0,0.0,0.0,0.0,0.0,,0.0,0.0,0.0
2024-04-02,1.981,1.981,1.981,1.981,0,0.0,0.0,0.0,0.0,0.0,,0.0,0.0,0.0
2024-04-03,1.981,1.981,1.981,1.981,0,0.0,0.0,0.0,0.0,0.0,,0.0,0.0,0.0
2024-04-04,1.981,1.981,1.981,1.981,0,0.0,0.0,0.0,0.0,0.0,,0.0,0.0,0.0
2024-04-05,1.981,1.981,1.981,1.981,0,0.0,0.0,0.0,0.0,0.0,,0.0,0.0,0.0
2024-04-08,1.981,1.981,1.981,1.981,0,0.0,0.0,0.0,0.0,0.0,,0.0,0.0,0.0
2024-04-09,1.981,1.981,1.981,1.981,0,0.0,0.0,0.0,0.0,0.0,,0.0,0.0,0.0
2024-04-10,1.981,1.981,1.981,1.981,0,0.0,0.0,0.0,0.0,0.0,,0.0,0.0,0.0
2024-04-11,1.981,1.981,1.981,1.981,0,0.0,0.0,0.0,0.0,0.0,,0.0,0.0,0.0
2024-04-12,1.981,1.981,1.981,1.981,0,0.0,0.0,0.0,0.0,0.0,,0.0,0.0,0.0
2024-04-15,1.981,1.981,1.981,1.981,0,0.0,0.0,0.0,0.0,0.0,,0.0,0.0,0.0
2024-04-16,1.981,1.981,1.981,1.981,0,0.0,0.0,0.0,0.0,0.0,,0.0,0.0,0.0
2024-04-17,1.981,1.981,1.981,1.981,0,0.0,0.0,0.0,0.0,0.0,,0.0,0.0,0.0
2024-04-19,1.981,1.981,1.981,1.981,0,0.0,0.0,0.0,0.0,0.0,,0.0,0.0,0.0
2024-04-22,1.981,1.981,1.981,1.981,0,0.0,0.0,0.0,0.0,0.0,,0.0,0.0,0.0
2024-04-23,1.981,1.981,1.981,1.981,0,0.0,0.0,0.0,0.0,0.0,,0.0,0.0,0.0
2024-04-24,1.981,1.981,1.981,1.981,0,0.0,0.0,0.0,0.0,0.0,,0.0,0.0,0.0
2024-04-25,1.981,1.981,1.981,1.981,0,0.0,0.0,0.0,0.0,0.0,,0.0,0.0,0.0
2024-04-26,1.981,1.981,1.981,1.981,0,0.0,0.0,0.0,0.0,0.0,,0.0,0.0,0.0
2024-05-02,1.981,1.981,1.981,1.981,0,0.0,0.0,0.0,0.0,0.0,,0.0,0.0,0.0
2024-05-03,1.981,1.981,1.981,1.981,0,0.0,0.0,0.0,0.0,0.0,,0.0,0.0,0.0
2024-05-06,1.981,1.981,1.981,1.981,0,0.0,0.0,0.0,0.0,0.0,,0.0,0.0,0.0
2024-05-07,1.981,1.981,1.981,1.981,0,0.0,0.0,0.0,0.0,0.0,,0.0,0.0,0.0
2024-05-08,1.981,1.981,1.981,1.981,0,0.0,0.0,0.0,0.0,0.0,,0.0,0.0,0.0
2024-05-09,1.981,1.981,1.981,1.981,0,0.0,0.0,0.0,0.0,0.0,,0.0,0.0,0.0
2024-05-10,1.981,1.981,1.981,1.981,0,0.0,0.0,0.0,0.0,0.0,,0.0,0.0,0.0
2024-05-13,1.981,1.981,1.981,1.981,0,0.0,0.0,0.0,0.0,0.0,,0.0,0.0,0.0
2024-05-14,1.981,1.981,1.981,1.981,0,0.0,0.0,0.0,0.0,0.0,,0.0,0.0,0.0
2024-05-15,1.981,1.981,1.981,1.981,0,0.0,0.0,0.0,0.0,0.0,,0.0,0.0,0.0
2024-05-16,1.981,1.981,1.981,1.981,0,0.0,0.0,0.0,0.0,0.0,,0.0,0.0,0.0
2024-05-17,1.981,1.981,1.981,1.981,0,0.0,0.0,0.0,0.0,0.0,,0.0,0.0,0.0
2024-05-20,1.981,1.981,1.981,1.981,0,0.0,0.0,0.0,0.0,0.0,,0.0,0.0,0.0
2024-05-21,1.981,1.981,1.981,1.981,0,0.0,0.0,0.0,0.0,0.0,,0.0,0.0,0.0
2024-05-22,1.981,1.981,1.981,1.981,0,0.0,0.0,0.0,0.0,0.0,,0.0,0.0,0.0
2024-05-23,1.981,1.981,1.981,1.981,0,0.0,0.0,0.0,0.0,0.0,,0.0,0.0,0.0
2024-05-24,1.981,1.981,1.981,1.981,0,0.0,0.0,0.0,0.0,0.0,,0.0,0.0,0.0
2024-05-27,1.981,1.981,1.981,1.981,0,0.0,0.0,0.0,0.0,0.0,,0.0,0.0,0.0
2024-05-28,1.214,1.278,1.214,1.278,400,511.2,0.0,0.0,0.0,0.0,,0.0,0.0,0.0
2024-05-29,1.214,1.214,1.214,1.214,0,0.0,0.0,0.0,0.0,0.0,,0.0,0.0,0.0
2024-05-30,1.214,1.214,1.214,1.214,0,0.0,0.0,0.0,0.0,0.0,,0.0,0.0,0.0
2024-05-31,1.214,1.214,1.214,1.214,40,48.56,0.0,0.0,0.0,0.0,,0.0,0.0,0.0
2024-06-03,1.214,1.214,1.214,1.214,0,0.0,0.0,0.0,0.0,0.0,,0.0,0.0,0.0
2024-06-04,1.214,1.214,1.214,1.214,0,0.0,0.0,0.0,0.0,0.0,,0.0,0.0,0.0
2024-06-05,1.214,1.214,1.214,1.214,0,0.0,0.0,0.0,0.0,0.0,,0.0,0.0,0.0
2024-06-06,1.214,1.214,1.214,1.214,0,0.0,0.0,0.0,0.0,0.0,,0.0,0.0,0.0
2024-06-07,1.214,1.214,1.214,1.214,0,0.0,0.0,0.0,0.0,0.0,,0.0,0.0,0.0
2024-06-10,1.214,1.214,1.214,1.214,0,0.0,0.0,0.0,0.0,0.0,,0.0,0.0,0.0
2024-06-11,1.214,1.214,1.214,1.214,0,0.0,0.0,0.0,0.0,0.0,,0.0,0.0,0.0
2024-06-12,1.214,1.214,1.214,1.214,0,0.0,0.0,0.0,0.0,0.0,,0.0,0.0,0.0
2024-06-13,1.214,1.214,1.214,1.214,0,0.0,0.0,0.0,0.0,0.0,,0.0,0.0,0.0
2024-06-14,1.214,1.214,1.214,1.214,0,0.0,0.0,0.0,0.0,0.0,,0.0,0.0,0.0
2024-06-17,1.214,1.214,1.214,1.214,0,0.0,0.0,0.0,0.0,0.0,,0.0,0.0,0.0
2024-06-18,1.214,1.214,1.214,1.214,0,0.0,0.0,0.0,0.0,0.0,,0.0,0.0,0.0
2024-06-19,1.214,1.214,1.214,1.214,0,0.0,0.0,0.0,0.0,0.0,,0.0,0.0,0.0
2024-06-20,1.214,1.214,1.214,1.214,0,0.0,0.0,0.0,0.0,0.0,,0.0,0.0,0.0
2024-06-21,1.214,1.214,1.214,1.214,0,0.0,0.0,0.0,0.0,0.0,,0.0,0.0,0.0
2024-06-24,1.214,1.214,1.214,1.214,0,0.0,0.0,0.0,0.0,0.0,,0.0,0.0,0.0
2024-06-25,1.214,1.214,1.214,1.214,0,0.0,0.0,0.0,0.0,0.0,,0.0,0.0,0.0
2024-06-26,1.214,1.214,1.214,1.214,0,0.0,0.0,0.0,0.0,0.0,,0.0,0.0,0.0
2024-06-27,1.214,1.214,1.214,1.214,0,0.0,0.0,0.0,0.0,0.0,,0.0,0.0,0.0
2024-06-28,1.214,1.214,1.214,1.214,0,0.0,0.0,0.0,0.0,0.0,,0.0,0.0,0.0
2024-07-01,1.214,1.214,1.214,1.214,0,0.0,0.0,0.0,0.0,0.0,,0.0,0.0,0.0
2024-07-02,1.214,1.214,1.214,1.214,0,0.0,0.0,0.0,0.0,0.0,,0.0,0.0,0.0
2024-07-03,1.214,1.214,1.214,1.214,0,0.0,0.0,0.0,0.0,0.0,,0.0,0.0,0.0
2024-07-04,1.214,1.214,1.214,1.214,0,0.0,0.0,0.0,0.0,0.0,,0.0,0.0,0.0
2024-07-05,1.214,1.214,1.214,1.214,0,0.0,0.0,0.0,0.0,0.0,,0.0,0.0,0.0
2024-07-08,1.214,1.214,1.214,1.214,0,0.0,0.0,0.0,0.0,0.0,,0.0,0.0,0.0
2024-07-09,1.214,1.214,1.214,1.214,0,0.0,0.0,0.0,0.0,0.0,,0.0,0.0,0.0
2024-07-10,1.214,1.214,1.214,1.214,0,0.0,0.0,0.0,0.0,0.0,,0.0,0.0,0.0
2024-07-11,1.214,1.214,1.214,1.214,0,0.0,0.0,0.0,0.0,0.0,,0.0,0.0,0.0
2024-07-12,1.214,1.214,1.214,1.214,0,0.0,0.0,0.0,0.0,0.0,,0.0,0.0,0.0
2024-07-15,1.214,1.214,1.214,1.214,0,0.0,0.0,0.0,0.0,0.0,,0.0,0.0,0.0
2024-07-16,1.214,1.214,1.214,1.214,0,0.0,0.0,0.0,0.0,0.0,,0.0,0.0,0.0
2024-07-17,1.214,1.214,1.214,1.214,0,0.0,0.0,0.0,0.0,0.0,,0.0,0.0,0.0
2024-07-18,1.214,1.214,1.214,1.214,0,0.0,0.0,0.0,0.0,0.0,,0.0,0.0,0.0
2024-07-19,1.214,1.214,1.214,1.214,0,0.0,0.0,0.0,0.0,0.0,,0.0,0.0,0.0
2024-07-22,1.214,1.214,1.214,1.214,0,0.0,0.0,0.0,0.0,0.0,,0.0,0.0,0.0
2024-07-23,1.214,1.214,1.214,1.214,0,0.0,0.0,0.0,0.0,0.0,,0.0,0.0,0.0
2024-07-24,1.214,1.214,1.214,1.214,0,0.0,0.0,0.0,0.0,0.0,,0.0,0.0,0.0
2024-07-25,1.214,1.214,1.214,1.214,0,0.0,0.0,0.0,0.0,0.0,,0.0,0.0,0.0
2024-07-26,1.214,1.214,1.214,1.214,0,0.0,0.0,0.0,0.0,0.0,,0.0,0.0,0.0
2024-07-29,1.214,1.214,1.214,1.214,0,0.0,0.0,0.0,0.0,0.0,,0.0,0.0,0.0
2024-07-30,1.214,1.214,1.214,1.214,0,0.0,0.0,0.0,0.0,0.0,,0.0,0.0,0.0
2024-07-31,1.214,1.214,1.214,1.214,0,0.0,0.0,0.0,0.0,0.0,,0.0,0.0,0.0
2024-08-01,1.214,1.214,1.214,1.214,0,0.0,0.0,0.0,0.0,0.0,,0.0,0.0,0.0
2024-08-02,1.214,1.214,1.214,1.214,0,0.0,0.0,0.0,0.0,0.0,,0.0,0.0,0.0
2024-08-05,1.214,1.214,1.214,1.214,0,0.0,0.0,0.0,0.0,0.0,,0.0,0.0,0.0
2024-08-06,1.214,1.214,1.214,1.214,0,0.0,0.0,0.0,0.0,0.0,,0.0,0.0,0.0
2024-08-07,1.214,1.214,1.214,1.214,0,0.0,0.0,0.0,0.0,0.0,,0.0,0.0,0.0
2024-08-08,1.214,1.214,1.214,1.214,0,0.0,0.0,0.0,0.0,0.0,,0.0,0.0,0.0
2024-08-09,1.214,1.214,1.214,1.214,0,0.0,0.0,0.0,0.0,0.0,,0.0,0.0,0.0
2024-08-12,1.214,1.214,1.214,1.214,0,0.0,0.0,0.0,0.0,0.0,,0.0,0.0,0.0
2024-08-13,1.214,1.214,1.214,1.214,0,0.0,0.0,0.0,0.0,0.0,,0.0,0.0,0.0
2024-08-14,1.214,1.214,1.214,1.214,0,0.0,0.0,0.0,0.0,0.0,,0.0,0.0,0.0
2024-08-15,1.214,1.214,1.214,1.214,0,0.0,0.0,0.0,0.0,0.0,,0.0,0.0,0.0
2024-08-16,1.214,1.214,1.214,1.214,0,0.0,0.0,0.0,0.0,0.0,,0.0,0.0,0.0
2024-08-19,1.214,1.214,1.214,1.214,0,0.0,0.0,0.0,0.0,0.0,,0.0,0.0,0.0
2024-08-20,1.214,1.214,1.214,1.214,0,0.0,0.0,0.0,0.0,0.0,,0.0,0.0,0.0
2024-08-21,1.214,1.214,1.214,1.214,0,0.0,0.0,0.0,0.0,0.0,,0.0,0.0,0.0
2024-08-22,1.214,1.214,1.214,1.214,0,0.0,0.0,0.0,0.0,0.0,,0.0,0.0,0.0
2024-08-23,1.214,1.214,1.214,1.214,0,0.0,0.0,0.0,0.0,0.0,,0.0,0.0,0.0
2024-08-26,1.214,1.214,1.214,1.214,0,0.0,0.0,0.0,0.0,0.0,,0.0,0.0,0.0
2024-08-27,1.214,1.214,1.214,1.214,0,0.0,0.0,0.0,0.0,0.0,,0.0,0.0,0.0
2024-08-28,1.214,1.214,1.214,1.214,0,0.0,0.0,0.0,0.0,0.0,,0.0,0.0,0.0
2024-08-29,1.214,1.214,1.214,1.214,0,0.0,0.0,0.0,0.0,0.0,,0.0,0.0,0.0
2024-08-30,1.214,1.214,1.214,1.214,0,0.0,0.0,0.0,0.0,0.0,,0.0,0.0,0.0
2024-09-04,1.214,1.214,1.214,1.214,0,0.0,0.0,0.0,0.0,0.0,,0.0,0.0,0.0
2024-09-05,1.214,1.214,1.214,1.214,0,0.0,0.0,0.0,0.0,0.0,,0.0,0.0,0.0
2024-09-06,1.214,1.214,1.214,1.214,0,0.0,0.0,0.0,0.0,0.0,,0.0,0.0,0.0
2024-09-09,1.214,1.214,1.214,1.214,0,0.0,0.0,0.0,0.0,0.0,,0.0,0.0,0.0
2024-09-10,1.214,1.214,1.214,1.214,0,0.0,0.0,0.0,0.0,0.0,,0.0,0.0,0.0
2024-09-11,1.214,1.214,1.214,1.214,0,0.0,0.0,0.0,0.0,0.0,,0.0,0.0,0.0
2024-09-12,1.214,1.214,1.214,1.214,0,0.0,0.0,0.0,0.0,0.0,,0.0,0.0,0.0
2024-09-13,1.214,1.214,1.214,1.214,0,0.0,0.0,0.0,0.0,0.0,,0.0,0.0,0.0
2024-09-16,1.214,1.214,1.214,1.214,0,0.0,0.0,0.0,0.0,0.0,,0.0,0.0,0.0
2024-09-17,1.214,1.214,1.214,1.214,0,0.0,0.0,0.0,0.0,0.0,,0.0,0.0,0.0
2024-09-18,1.214,1.214,1.214,1.214,0,0.0,0.0,0.0,0.0,0.0,,0.0,0.0,0.0
2024-09-19,1.214,1.214,1.214,1.214,0,0.0,0.0,0.0,0.0,0.0,,0.0,0.0,0.0
2024-09-20,1.214,1.214,1.214,1.214,0,0.0,0.0,0.0,0.0,0.0,,0.0,0.0,0.0
2024-09-23,1.214,1.214,1.214,1.214,0,0.0,0.0,0.0,0.0,0.0,,0.0,0.0,0.0
2024-09-24,1.214,1.214,1.214,1.214,0,0.0,0.0,0.0,0.0,0.0,,0.0,0.0,0.0
2024-09-25,1.214,1.214,1.214,1.214,0,0.0,0.0,0.0,0.0,0.0,,0.0,0.0,0.0
2024-09-26,1.214,1.214,1.214,1.214,0,0.0,0.0,0.0,0.0,0.0,,0.0,0.0,0.0
2024-09-27,1.214,1.214,1.214,1.214,0,0.0,0.0,0.0,0.0,0.0,,0.0,0.0,0.0
2024-09-30,1.214,1.214,1.214,1.214,0,0.0,0.0,0.0,0.0,0.0,,0.0,0.0,0.0
2024-10-01,1.214,1.214,1.214,1.214,0,0.0,0.0,0.0,0.0,0.0,,0.0,0.0,0.0
2024-10-02,1.214,1.214,1.214,1.214,0,0.0,0.0,0.0,0.0,0.0,,0.0,0.0,0.0
2024-10-03,1.214,1.214,1.214,1.214,0,0.0,0.0,0.0,0.0,0.0,,0.0,0.0,0.0
2024-10-04,1.214,1.214,1.214,1.214,0,0.0,0.0,0.0,0.0,0.0,,0.0,0.0,0.0
2024-10-07,1.214,1.214,1.214,1.214,0,0.0,0.0,0.0,0.0,0.0,,0.0,0.0,0.0
2024-10-08,1.214,1.214,1.214,1.214,0,0.0,0.0,0.0,0.0,0.0,,0.0,0.0,0.0
2024-10-09,1.214,1.214,1.214,1.214,0,0.0,0.0,0.0,0.0,0.0,,0.0,0.0,0.0
2024-10-10,1.214,1.214,1.214,1.214,0,0.0,0.0,0.0,0.0,0.0,,0.0,0.0,0.0
2024-10-11,1.214,1.214,1.214,1.214,0,0.0,0.0,0.0,0.0,0.0,,0.0,0.0,0.0
2024-10-14,1.214,1.214,1.214,1.214,0,0.0,0.0,0.0,0.0,0.0,,0.0,0.0,0.0
2024-10-15,1.214,1.214,1.214,1.214,0,0.0,0.0,0.0,0.0,0.0,,0.0,0.0,0.0
2024-10-16,1.214,1.214,1.214,1.214,0,0.0,0.0,0.0,0.0,0.0,,0.0,0.0,0.0
2024-10-17,1.214,1.214,1.214,1.214,0,0.0,0.0,0.0,0.0,0.0,,0.0,0.0,0.0
2024-10-18,1.214,1.214,1.214,1.214,0,0.0,0.0,0.0,0.0,0.0,,0.0,0.0,0.0
2024-10-21,1.214,1.214,1.214,1.214,0,0.0,0.0,0.0,0.0,0.0,,0.0,0.0,0.0
2024-10-22,1.214,1.214,1.214,1.214,0,0.0,0.0,0.0,0.0,0.0,,0.0,0.0,0.0
2024-10-23,1.214,1.214,1.214,1.214,0,0.0,0.0,0.0,0.0,0.0,,0.0,0.0,0.0
2024-10-24,1.214,1.214,1.214,1.214,0,0.0,0.0,0.0,0.0,0.0,,0.0,0.0,0.0
2024-10-25,1.214,1.214,1.214,1.214,0,0.0,0.0,0.0,0.0,0.0,,0.0,0.0,0.0
2024-10-28,1.214,1.214,1.214,1.214,0,0.0,0.0,0.0,0.0,0.0,,0.0,0.0,0.0
2024-10-29,1.214,1.214,1.214,1.214,0,0.0,0.0,0.0,0.0,0.0,,0.0,0.0,0.0
2024-10-30,1.214,1.214,1.214,1.214,0,0.0,0.0,0.0,0.0,0.0,,0.0,0.0,0.0
2024-10-31,1.214,1.214,1.214,1.214,0,0.0,0.0,0.0,0.0,0.0,,0.0,0.0,0.0
2024-11-01,1.214,1.214,1.214,1.214,0,0.0,0.0,0.0,0.0,0.0,,0.0,0.0,0.0
2024-11-04,1.214,1.214,1.214,1.214,0,0.0,0.0,0.0,0.0,0.0,,0.0,0.0,0.0
2024-11-05,1.214,1.214,1.214,1.214,0,0.0,0.0,0.0,0.0,0.0,,0.0,0.0,0.0
2024-11-06,1.214,1.214,1.214,1.214,0,0.0,0.0,0.0,0.0,0.0,,0.0,0.0,0.0
2024-11-07,1.214,1.214,1.214,1.214,0,0.0,0.0,0.0,0.0,0.0,,0.0,0.0,0.0
2024-11-08,1.214,1.214,1.214,1.214,0,0.0,0.0,0.0,0.0,0.0,,0.0,0.0,0.0
2024-11-11,1.214,1.214,1.214,1.214,0,0.0,0.0,0.0,0.0,0.0,,0.0,0.0,0.0
2024-11-12,1.214,1.214,1.214,1.214,0,0.0,0.0,0.0,0.0,0.0,,0.0,0.0,0.0
2024-11-13,1.214,1.214,1.214,1.214,0,0.0,0.0,0.0,0.0,0.0,,0.0,0.0,0.0
2024-11-14,1.214,1.214,1.214,1.214,0,0.0,0.0,0.0,0.0,0.0,,0.0,0.0,0.0
2024-11-15,1.214,1.214,1.214,1.214,0,0.0,0.0,0.0,0.0,0.0,,0.0,0.0,0.0
2024-11-18,1.214,1.214,1.214,1.214,0,0.0,0.0,0.0,0.0,0.0,,0.0,0.0,0.0
2024-11-19,1.214,1.214,1.214,1.214,0,0.0,0.0,0.0,0.0,0.0,,0.0,0.0,0.0
2024-11-20,1.214,1.214,1.214,1.214,0,0.0,0.0,0.0,0.0,0.0,,0.0,0.0,0.0
2024-11-21,1.214,1.214,1.214,1.214,0,0.0,0.0,0.0,0.0,0.0,,0.0,0.0,0.0
2024-11-22,1.214,1.214,1.214,1.214,0,0.0,0.0,0.0,0.0,0.0,,0.0,0.0,0.0
2024-11-25,1.214,1.214,1.214,1.214,0,0.0,0.0,0.0,0.0,0.0,,0.0,0.0,0.0
2024-11-26,1.214,1.214,1.214,1.214,0,0.0,0.0,0.0,0.0,0.0,,0.0,0.0,0.0
2024-11-27,1.214,1.214,1.214,1.214,0,0.0,0.0,0.0,0.0,0.0,,0.0,0.0,0.0
2024-11-28,1.214,1.214,1.214,1.214,0,0.0,0.0,0.0,0.0,0.0,,0.0,0.0,0.0
2024-11-29,1.214,1.214,1.214,1.214,0,0.0,0.0,0.0,0.0,0.0,,0.0,0.0,0.0
2024-12-02,1.214,1.214,1.214,1.214,0,0.0,0.0,0.0,0.0,0.0,,0.0,0.0,0.0
2024-12-03,1.214,1.214,1.214,1.214,0,0.0,0.0,0.0,0.0,0.0,,0.0,0.0,0.0
2024-12-04,1.214,1.214,1.214,1.214,0,0.0,0.0,0.0,0.0,0.0,,0.0,0.0,0.0
2024-12-05,1.214,1.214,1.214,1.214,0,0.0,0.0,0.0,0.0,0.0,,0.0,0.0,0.0
2024-12-06,1.214,1.214,1.214,1.214,0,0.0,0.0,0.0,0.0,0.0,,0.0,0.0,0.0
2024-12-09,1.214,1.214,1.214,1.214,0,0.0,0.0,0.0,0.0,0.0,,0.0,0.0,0.0
2024-12-10,1.214,1.214,1.214,1.214,0,0.0,0.0,0.0,0.0,0.0,,0.0,0.0,0.0
2024-12-11,1.214,1.214,1.214,1.214,0,0.0,0.0,0.0,0.0,0.0,,0.0,0.0,0.0
2024-12-12,1.214,1.214,1.214,1.214,0,0.0,0.0,0.0,0.0,0.0,,0.0,0.0,0.0
2024-12-13,1.214,1.214,1.214,1.214,0,0.0,0.0,0.0,0.0,0.0,,0.0,0.0,0.0
2024-12-16,1.214,1.214,1.214,1.214,0,0.0,0.0,0.0,0.0,0.0,,0.0,0.0,0.0
2024-12-17,1.214,1.214,1.214,1.214,0,0.0,0.0,0.0,0.0,0.0,,0.0,0.0,0.0
2024-12-18,1.214,1.214,1.214,1.214,0,0.0,0.0,0.0,0.0,0.0,,0.0,0.0,0.0
2024-12-19,1.214,1.214,1.214,1.214,0,0.0,0.0,0.0,0.0,0.0,,0.0,0.0,0.0
2024-12-20,1.214,1.214,1.214,1.214,0,0.0,0.0,0.0,0.0,0.0,,0.0,0.0,0.0
2024-12-23,1.214,1.214,1.214,1.214,0,0.0,0.0,0.0,0.0,0.0,,0.0,0.0,0.0
2024-12-24,1.214,1.214,1.214,1.214,0,0.0,0.0,0.0,0.0,0.0,,0.0,0.0,0.0
2024-12-25,1.214,1.214,1.214,1.214,0,0.0,0.0,0.0,0.0,0.0,,0.0,0.0,0.0
2024-12-26,1.214,1.214,1.214,1.214,0,0.0,0.0,0.0,0.0,0.0,,0.0,0.0,0.0
2024-12-27,1.214,1.214,1.214,1.214,0,0.0,0.0,0.0,0.0,0.0,,0.0,0.0,0.0
2024-12-30,1.214,1.214,1.214,1.214,0,0.0,0.0,0.0,0.0,0.0,,0.0,0.0,0.0
2024-12-31,1.214,1.214,1.214,1.214,0,0.0,0.0,0.0,0.0,0.0,,0.0,0.0,0.0
2025-01-02,1.214,1.214,1.214,1.214,0,0.0,0.0,0.0,0.0,0.0,,0.0,0.0,0.0
2025-01-03,1.214,1.214,1.214,1.214,0,0.0,0.0,0.0,0.0,0.0,,0.0,0.0,0.0
2025-01-06,1.214,1.214,1.214,1.214,0,0.0,0.0,0.0,0.0,0.0,,0.0,0.0,0.0
2025-01-07,1.214,1.214,1.214,1.214,0,0.0,0.0,0.0,0.0,0.0,,0.0,0.0,0.0
2025-01-08,1.214,1.214,1.214,1.214,0,0.0,0.0,0.0,0.0,0.0,,0.0,0.0,0.0
2025-01-09,1.214,1.214,1.214,1.214,0,0.0,0.0,0.0,0.0,0.0,,0.0,0.0,0.0
2025-01-10,1.214,1.214,1.214,1.214,0,0.0,0.0,0.0,0.0,0.0,,0.0,0.0,0.0
2025-01-13,1.214,1.214,1.214,1.214,0,0.0,0.0,0.0,0.0,0.0,,0.0,0.0,0.0
2025-01-14,1.214,1.214,1.214,1.214,0,0.0,0.0,0.0,0.0,0.0,,0.0,0.0,0.0
2025-01-15,1.214,1.214,1.214,1.214,0,0.0,0.0,0.0,0.0,0.0,,0.0,0.0,0.0
2025-01-16,1.214,1.214,1.214,1.214,0,0.0,0.0,0.0,0.0,0.0,,0.0,0.0,0.0
2025-01-17,1.214,1.214,1.214,1.214,0,0.0,0.0,0.0,0.0,0.0,,0.0,0.0,0.0
2025-01-20,1.214,1.214,1.214,1.214,0,0.0,0.0,0.0,0.0,0.0,,0.0,0.0,0.0
2025-01-21,1.214,1.214,1.214,1.214,0,0.0,0.0,0.0,0.0,0.0,,0.0,0.0,0.0
2025-01-22,1.214,1.214,1.214,1.214,0,0.0,0.0,0.0,0.0,0.0,,0.0,0.0,0.0
2025-01-23,1.214,1.214,1.214,1.214,0,0.0,0.0,0.0,0.0,0.0,,0.0,0.0,0.0
2025-01-24,1.214,1.214,1.214,1.214,0,0.0,0.0,0.0,0.0,0.0,,0.0,0.0,0.0
2025-02-03,1.214,1.214,1.214,1.214,0,0.0,0.0,0.0,0.0,0.0,,0.0,0.0,0.0
2025-02-04,1.214,1.214,1.214,1.214,0,0.0,0.0,0.0,0.0,0.0,,0.0,0.0,0.0
2025-02-05,1.214,1.214,1.214,1.214,0,0.0,0.0,0.0,0.0,0.0,,0.0,0.0,0.0
2025-02-06,1.214,1.214,1.214,1.214,0,0.0,0.0,0.0,0.0,0.0,,0.0,0.0,0.0
2025-02-07,1.214,1.214,1.214,1.214,0,0.0,0.0,0.0,0.0,0.0,,0.0,0.0,0.0
2025-02-10,1.214,1.214,1.214,1.214,0,0.0,0.0,0.0,0.0,0.0,,0.0,0.0,0.0
2025-02-11,1.214,1.214,1.214,1.214,0,0.0,0.0,0.0,0.0,0.0,,0.0,0.0,0.0
2025-02-12,1.214,1.214,1.214,1.214,0,0.0,0.0,0.0,0.0,0.0,,0.0,0.0,0.0
2025-02-13,1.214,1.214,1.214,1.214,0,0.0,0.0,0.0,0.0,0.0,,0.0,0.0,0.0
2025-02-14,1.214,1.214,1.214,1.214,0,0.0,0.0,0.0,0.0,0.0,,0.0,0.0,0.0
2025-02-17,1.214,1.214,1.214,1.214,0,0.0,0.0,0.0,0.0,0.0,,0.0,0.0,0.0
2025-02-18,1.214,1.214,1.214,1.214,0,0.0,0.0,0.0,0.0,0.0,,0.0,0.0,0.0
2025-02-19,1.214,1.214,1.214,1.214,0,0.0,0.0,0.0,0.0,0.0,,0.0,0.0,0.0
2025-02-20,1.214,1.214,1.214,1.214,0,0.0,0.0,0.0,0.0,0.0,,0.0,0.0,0.0
2025-02-21,1.214,1.214,1.214,1.214,0,0.0,0.0,0.0,0.0,0.0,,0.0,0.0,0.0
2025-02-24,1.214,1.214,1.214,1.214,0,0.0,0.0,0.0,0.0,0.0,,0.0,0.0,0.0
2025-02-25,1.214,1.214,1.214,1.214,0,0.0,0.0,0.0,0.0,0.0,,0.0,0.0,0.0
2025-02-26,1.214,1.214,1.214,1.214,0,0.0,0.0,0.0,0.0,0.0,,0.0,0.0,0.0
2025-02-27,1.214,1.214,1.214,1.214,0,0.0,0.0,0.0,0.0,0.0,,0.0,0.0,0.0
2025-02-28,1.214,1.214,1.214,1.214,0,0.0,0.0,0.0,0.0,0.0,,0.0,0.0,0.0
2025-03-03,1.214,1.214,1.214,1.214,0,0.0,0.0,0.0,0.0,0.0,,0.0,0.0,0.0
2025-03-04,1.214,1.214,1.214,1.214,0,0.0,0.0,0.0,0.0,0.0,,0.0,0.0,0.0
2025-03-05,1.214,1.214,1.214,1.214,0,0.0,0.0,0.0,0.0,0.0,,0.0,0.0,0.0
2025-03-06,1.214,1.214,1.214,1.214,0,0.0,0.0,0.0,0.0,0.0,,0.0,0.0,0.0
2025-03-07,1.214,1.214,1.214,1.214,0,0.0,0.0,0.0,0.0,0.0,,0.0,0.0,0.0
2025-03-10,1.214,1.214,1.214,1.214,0,0.0,0.0,0.0,0.0,0.0,,0.0,0.0,0.0
2025-03-11,1.214,1.214,1.214,1.214,0,0.0,0.0,0.0,0.0,0.0,,0.0,0.0,0.0
2025-03-12,1.214,1.214,1.214,1.214,0,0.0,0.0,0.0,0.0,0.0,,0.0,0.0,0.0
2025-03-13,1.214,1.214,1.214,1.214,0,0.0,0.0,0.0,0.0,0.0,,0.0,0.0,0.0
2025-03-14,1.214,1.214,1.214,1.214,0,0.0,0.0,0.0,0.0,0.0,,0.0,0.0,0.0
2025-03-17,1.214,1.214,1.214,1.214,0,0.0,0.0,0.0,0.0,0.0,,0.0,0.0,0.0
2025-03-18,1.214,1.214,1.214,1.214,0,0.0,0.0,0.0,0.0,0.0,,0.0,0.0,0.0
2025-03-19,1.214,1.214,1.214,1.214,0,0.0,0.0,0.0,0.0,0.0,,0.0,0.0,0.0
2025-03-20,1.214,1.214,1.214,1.214,0,0.0,0.0,0.0,0.0,0.0,,0.0,0.0,0.0
2025-03-21,1.214,1.214,1.214,1.214,0,0.0,0.0,0.0,0.0,0.0,,0.0,0.0,0.0
2025-03-24,1.214,1.214,1.214,1.214,0,0.0,0.0,0.0,0.0,0.0,,0.0,0.0,0.0
2025-03-25,1.214,1.214,1.214,1.214,0,0.0,0.0,0.0,0.0,0.0,,0.0,0.0,0.0
2025-03-26,1.214,1.214,1.214,1.214,0,0.0,0.0,0.0,0.0,0.0,,0.0,0.0,0.0
2025-03-27,1.214,1.214,1.214,1.214,0,0.0,0.0,0.0,0.0,0.0,,0.0,0.0,0.0
2025-03-28,1.214,1.214,1.214,1.214,0,0.0,0.0,0.0,0.0,0.0,,0.0,0.0,0.0
2025-03-31,1.214,1.214,1.214,1.214,0,0.0,0.0,0.0,0.0,0.0,,0.0,0.0,0.0
2025-04-01,1.214,1.214,1.214,1.214,0,0.0,0.0,0.0,0.0,0.0,,0.0,0.0,0.0
2025-04-02,1.214,1.214,1.214,1.214,0,0.0,0.0,0.0,0.0,0.0,,0.0,0.0,0.0
2025-04-03,1.214,1.214,1.214,1.214,0,0.0,0.0,0.0,0.0,0.0,,0.0,0.0,0.0
2025-04-04,1.214,1.214,1.214,1.214,0,0.0,0.0,0.0,0.0,0.0,,0.0,0.0,0.0
2025-04-08,1.214,1.214,1.214,1.214,0,0.0,0.0,0.0,0.0,0.0,,0.0,0.0,0.0
2025-04-09,1.214,1.214,1.214,1.214,0,0.0,0.0,0.0,0.0,0.0,,0.0,0.0,0.0
2025-04-10,1.214,1.214,1.214,1.214,0,0.0,0.0,0.0,0.0,0.0,,0.0,0.0,0.0
2025-04-11,1.214,1.214,1.214,1.214,0,0.0,0.0,0.0,0.0,0.0,,0.0,0.0,0.0
2025-04-14,1.214,1.214,1.214,1.214,0,0.0,0.0,0.0,0.0,0.0,,0.0,0.0,0.0
2025-04-15,1.214,1.214,1.214,1.214,0,0.0,0.0,0.0,0.0,0.0,,0.0,0.0,0.0
2025-04-16,1.214,1.214,1.214,1.214,0,0.0,0.0,0.0,0.0,0.0,,0.0,0.0,0.0
2025-04-17,1.214,1.214,1.214,1.214,0,0.0,0.0,0.0,0.0,0.0,,0.0,0.0,0.0
2025-04-18,1.214,1.214,1.214,1.214,0,0.0,0.0,0.0,0.0,0.0,,0.0,0.0,0.0
2025-04-21,1.214,1.214,1.214,1.214,0,0.0,0.0,0.0,0.0,0.0,,0.0,0.0,0.0
2025-04-22,1.214,1.214,1.214,1.214,0,0.0,0.0,0.0,0.0,0.0,,0.0,0.0,0.0
2025-04-23,1.214,1.214,1.214,1.214,0,0.0,0.0,0.0,0.0,0.0,,0.0,0.0,0.0
2025-04-24,1.214,1.214,1.214,1.214,0,0.0,0.0,0.0,0.0,0.0,,0.0,0.0,0.0
2025-04-25,1.214,1.214,1.214,1.214,0,0.0,0.0,0.0,0.0,0.0,,0.0,0.0,0.0
2025-04-28,1.214,1.214,1.214,1.214,0,0.0,0.0,0.0,0.0,0.0,,0.0,0.0,0.0
2025-04-29,1.214,1.214,1.214,1.214,0,0.0,0.0,0.0,0.0,0.0,,0.0,0.0,0.0
2025-05-05,1.214,1.214,1.214,1.214,0,0.0,0.0,0.0,0.0,0.0,,0.0,0.0,0.0
2025-05-06,1.214,1.214,1.214,1.214,0,0.0,0.0,0.0,0.0,0.0,,0.0,0.0,0.0
2025-05-07,1.214,1.214,1.214,1.214,0,0.0,0.0,0.0,0.0,0.0,,0.0,0.0,0.0
2025-05-08,1.214,1.214,1.214,1.214,0,0.0,0.0,0.0,0.0,0.0,,0.0,0.0,0.0
2025-05-09,1.214,1.214,1.214,1.214,0,0.0,0.0,0.0,0.0,0.0,,0.0,0.0,0.0
2025-05-12,1.214,1.214,1.214,1.214,0,0.0,0.0,0.0,0.0,0.0,,0.0,0.0,0.0
2025-05-13,1.214,1.214,1.214,1.214,0,0.0,0.0,0.0,0.0,0.0,,0.0,0.0,0.0
2025-05-14,1.214,1.214,1.214,1.214,0,0.0,0.0,0.0,0.0,0.0,,0.0,0.0,0.0
2025-05-15,1.214,1.214,1.214,1.214,0,0.0,0.0,0.0,0.0,0.0,,0.0,0.0,0.0
2025-05-16,1.214,1.214,1.214,1.214,0,0.0,0.0,0.0,0.0,0.0,,0.0,0.0,0.0
2025-05-19,1.214,1.214,1.214,1.214,0,0.0,0.0,0.0,0.0,0.0,,0.0,0.0,0.0
2025-05-20,1.214,1.214,1.214,1.214,0,0.0,0.0,0.0,0.0,0.0,,0.0,0.0,0.0
2025-05-21,1.214,1.214,1.214,1.214,0,0.0,0.0,0.0,0.0,0.0,,0.0,0.0,0.0
2025-05-22,1.214,1.214,1.214,1.214,0,0.0,0.0,0.0,0.0,0.0,,0.0,0.0,0.0
2025-05-23,1.214,1.214,1.214,1.214,0,0.0,0.0,0.0,0.0,0.0,,0.0,0.0,0.0
2025-05-26,1.214,1.214,1.214,1.214,0,0.0,0.0,0.0,0.0,0.0,,0.0,0.0,0.0
2025-05-27,1.214,1.214,1.214,1.214,0,0.0,0.0,0.0,0.0,0.0,,0.0,0.0,0.0
2025-05-28,1.214,1.214,1.214,1.214,0,0.0,0.0,0.0,0.0,0.0,,0.0,0.0,0.0
2025-05-29,1.214,1.214,1.214,1.214,0,0.0,0.0,0.0,0.0,0.0,,0.0,0.0,0.0
2025-05-30,1.214,1.214,1.214,1.214,0,0.0,0.0,0.0,0.0,0.0,,0.0,0.0,0.0
2025-06-02,1.214,1.214,1.214,1.214,0,0.0,0.0,0.0,0.0,0.0,,0.0,0.0,0.0
2025-06-03,1.214,1.214,1.214,1.214,0,0.0,0.0,0.0,0.0,0.0,,0.0,0.0,0.0
2025-06-04,1.214,1.214,1.214,1.214,0,0.0,0.0,0.0,0.0,0.0,,0.0,0.0,0.0
2025-06-05,1.214,1.214,1.214,1.214,0,0.0,0.0,0.0,0.0,0.0,,0.0,0.0,0.0
2025-06-06,1.214,1.214,1.214,1.214,0,0.0,0.0,0.0,0.0,0.0,,0.0,0.0,0.0
2025-06-09,1.214,1.214,1.214,1.214,0,0.0,0.0,0.0,0.0,0.0,,0.0,0.0,0.0
2025-06-10,1.214,1.214,1.214,1.214,0,0.0,0.0,0.0,0.0,0.0,,0.0,0.0,0.0
2025-06-11,1.214,1.214,1.214,1.214,0,0.0,0.0,0.0,0.0,0.0,,0.0,0.0,0.0
2025-06-12,1.214,1.214,1.214,1.214,0,0.0,0.0,0.0,0.0,0.0,,0.0,0.0,0.0
2025-06-13,1.214,1.214,1.214,1.214,0,0.0,0.0,0.0,0.0,0.0,,0.0,0.0,0.0
2025-06-16,1.214,1.214,1.214,1.214,0,0.0,0.0,0.0,0.0,0.0,,0.0,0.0,0.0
2025-06-17,1.214,1.214,1.214,1.214,0,0.0,0.0,0.0,0.0,0.0,,0.0,0.0,0.0
2025-06-18,1.214,1.214,1.214,1.214,0,0.0,0.0,0.0,0.0,0.0,,0.0,0.0,0.0
2025-06-19,1.214,1.214,1.214,1.214,0,0.0,0.0,0.0,0.0,0.0,,0.0,0.0,0.0
2025-06-20,1.214,1.214,1.214,1.214,0,0.0,0.0,0.0,0.0,0.0,,0.0,0.0,0.0
2025-06-23,1.214,1.214,1.214,1.214,0,0.0,0.0,0.0,0.0,0.0,,0.0,0.0,0.0
2025-06-24,1.214,1.214,1.214,1.214,0,0.0,0.0,0.0,0.0,0.0,,0.0,0.0,0.0
2025-06-25,1.214,1.214,1.214,1.214,0,0.0,0.0,0.0,0.0,0.0,,0.0,0.0,0.0
2025-06-26,1.214,1.214,1.214,1.214,0,0.0,0.0,0.0,0.0,0.0,,0.0,0.0,0.0
2025-06-27,1.214,1.214,1.214,1.214,0,0.0,0.0,0.0,0.0,0.0,,0.0,0.0,0.0
2025-06-30,1.214,1.214,1.214,1.214,0,0.0,0.0,0.0,0.0,0.0,,0.0,0.0,0.0
2025-07-01,1.214,1.214,1.214,1.214,0,0.0,0.0,0.0,0.0,0.0,,0.0,0.0,0.0
2025-07-02,1.214,1.214,1.214,1.214,0,0.0,0.0,0.0,0.0,0.0,,0.0,0.0,0.0
2025-07-03,1.214,1.214,1.214,1.214,0,0.0,0.0,0.0,0.0,0.0,,0.0,0.0,0.0
2025-07-04,1.214,1.214,1.214,1.214,0,0.0,0.0,0.0,0.0,0.0,,0.0,0.0,0.0
2025-07-07,1.214,1.214,1.214,1.214,0,0.0,0.0,0.0,0.0,0.0,,0.0,0.0,0.0
2025-07-08,1.214,1.214,1.214,1.214,0,0.0,0.0,0.0,0.0,0.0,,0.0,0.0,0.0
2025-07-09,1.214,1.214,1.214,1.214,0,0.0,0.0,0.0,0.0,0.0,,0.0,0.0,0.0
2025-07-10,1.214,1.214,1.214,1.214,0,0.0,0.0,0.0,0.0,0.0,,0.0,0.0,0.0
2025-07-11,1.214,1.214,1.214,1.214,0,0.0,0.0,0.0,0.0,0.0,,0.0,0.0,0.0
2025-07-14,1.214,1.214,1.214,1.214,0,0.0,0.0,0.0,0.0,0.0,,0.0,0.0,0.0
2025-07-15,1.214,1.214,1.214,1.214,0,0.0,0.0,0.0,0.0,0.0,,0.0,0.0,0.0
2025-07-16,1.214,1.214,1.214,1.214,0,0.0,0.0,0.0,0.0,0.0,,0.0,0.0,0.0
2025-07-17,1.214,1.214,1.214,1.214,0,0.0,0.0,0.0,0.0,0.0,,0.0,0.0,0.0
2025-07-18,1.214,1.214,1.214,1.214,0,0.0,0.0,0.0,0.0,0.0,,0.0,0.0,0.0
2025-07-21,1.214,1.214,1.214,1.214,0,0.0,0.0,0.0,0.0,0.0,,0.0,0.0,0.0
2025-07-22,1.214,1.214,1.214,1.214,0,0.0,0.0,0.0,0.0,0.0,,0.0,0.0,0.0
2025-07-23,1.214,1.214,1.214,1.214,0,0.0,0.0,0.0,0.0,0.0,,0.0,0.0,0.0
2025-07-24,1.214,1.214,1.214,1.214,0,0.0,0.0,0.0,0.0,0.0,,0.0,0.0,0.0
2025-07-25,1.214,1.214,1.214,1.214,0,0.0,0.0,0.0,0.0,0.0,,0.0,0.0,0.0
2025-07-28,1.214,1.214,1.214,1.214,0,0.0,0.0,0.0,0.0,0.0,,0.0,0.0,0.0
2025-07-29,1.214,1.214,1.214,1.214,0,0.0,0.0,0.0,0.0,0.0,,0.0,0.0,0.0
2025-07-30,1.214,1.214,1.214,1.214,0,0.0,0.0,0.0,0.0,0.0,,0.0,0.0,0.0
2025-07-31,1.214,1.214,1.214,1.214,0,0.0,0.0,0.0,0.0,0.0,,0.0,0.0,0.0
2025-08-01,1.214,1.214,1.214,1.214,0,0.0,0.0,0.0,0.0,0.0,,0.0,0.0,0.0
2025-08-04,1.214,1.214,1.214,1.214,0,0.0,0.0,0.0,0.0,0.0,,0.0,0.0,0.0
2025-08-05,1.214,1.214,1.214,1.214,0,0.0,0.0,0.0,0.0,0.0,,0.0,0.0,0.0
2025-08-06,1.214,1.214,1.214,1.214,0,0.0,0.0,0.0,0.0,0.0,,0.0,0.0,0.0
2025-08-07,1.7,1.7,1.7,1.7,100,170.0,0.0,0.0,0.0,0.0,,0.0,0.0,0.0
2025-08-08,1.7,1.7,1.7,1.7,0,0.0,0.0,0.0,0.0,0.0,,0.0,0.0,0.0
2025-08-11,1.7,1.7,1.7,1.7,0,0.0,0.0,0.0,0.0,0.0,,0.0,0.0,0.0
2025-08-12,1.7,1.7,1.7,1.7,0,0.0,0.0,0.0,0.0,0.0,,0.0,0.0,0.0
2025-08-13,1.7,1.7,1.7,1.7,0,0.0,0.0,0.0,0.0,0.0,,0.0,0.0,0.0
2025-08-14,1.7,1.7,1.7,1.7,0,0.0,0.0,0.0,0.0,0.0,,0.0,0.0,0.0
2025-08-15,1.7,1.7,1.7,1.7,0,0.0,0.0,0.0,0.0,0.0,,0.0,0.0,0.0
2025-08-18,1.7,1.7,1.7,1.7,0,0.0,0.0,0.0,0.0,0.0,,0.0,0.0,0.0
2025-08-19,1.7,1.7,1.7,1.7,0,0.0,0.0,0.0,0.0,0.0,,0.0,0.0,0.0
2025-08-20,1.7,1.7,1.7,1.7,0,0.0,0.0,0.0,0.0,0.0,,0.0,0.0,0.0
2025-08-21,1.7,1.7,1.7,1.7,0,0.0,0.0,0.0,0.0,0.0,,0.0,0.0,0.0
2025-08-22,1.7,1.7,1.7,1.7,0,0.0,0.0,0.0,0.0,0.0,,0.0,0.0,0.0
2025-08-25,1.7,1.7,1.7,1.7,0,0.0,0.0,0.0,0.0,0.0,,0.0,0.0,0.0
2025-08-26,1.7,1.7,1.7,1.7,0,0.0,0.0,0.0,0.0,0.0,,0.0,0.0,0.0
2025-08-27,1.7,1.7,1.7,1.7,0,0.0,0.0,0.0,0.0,0.0,,0.0,0.0,0.0
2025-08-28,1.7,1.7,1.7,1.7,0,0.0,0.0,0.0,0.0,0.0,,0.0,0.0,0.0
2025-08-29,1.7,1.7,1.7,1.7,0,0.0,0.0,0.0,0.0,0.0,,0.0,0.0,0.0
2025-09-03,1.7,1.7,1.7,1.7,0,0.0,0.0,0.0,0.0,0.0,,0.0,0.0,0.0
2025-09-04,1.7,1.7,1.7,1.7,0,0.0,0.0,0.0,0.0,0.0,,0.0,0.0,0.0
2025-09-05,1.7,1.7,1.7,1.7,0,0.0,0.0,0.0,0.0,0.0,,0.0,0.0,0.0
2025-09-08,1.7,1.7,1.7,1.7,0,0.0,0.0,0.0,0.0,0.0,,0.0,0.0,0.0
2025-09-09,1.7,1.7,1.7,1.7,0,0.0,0.0,0.0,0.0,0.0,,0.0,0.0,0.0
2025-09-10,1.7,1.7,1.7,1.7,0,0.0,0.0,0.0,0.0,0.0,,0.0,0.0,0.0
2025-09-11,1.7,1.7,1.7,1.7,0,0.0,0.0,0.0,0.0,0.0,,0.0,0.0,0.0
2025-09-12,1.7,1.7,1.7,1.7,0,0.0,0.0,0.0,0.0,0.0,,0.0,0.0,0.0
2025-09-15,1.7,1.7,1.7,1.7,0,0.0,0.0,0.0,0.0,0.0,,0.0,0.0,0.0
2025-09-16,1.7,1.7,1.7,1.7,0,0.0,0.0,0.0,0.0,0.0,,0.0,0.0,0.0
2025-09-17,1.7,1.7,1.7,1.7,0,0.0,0.0,0.0,0.0,0.0,,0.0,0.0,0.0
2025-09-18,1.7,1.7,1.7,1.7,0,0.0,0.0,0.0,0.0,0.0,,0.0,0.0,0.0
2025-09-19,1.7,1.7,1.7,1.7,0,0.0,0.0,0.0,0.0,0.0,,0.0,0.0,0.0
2025-09-22,1.7,1.7,1.7,1.7,0,0.0,0.0,0.0,0.0,0.0,,0.0,0.0,0.0
2025-09-23,1.7,1.7,1.7,1.7,0,0.0,0.0,0.0,0.0,0.0,,0.0,0.0,0.0
2025-09-24,1.7,1.7,1.7,1.7,0,0.0,0.0,0.0,0.0,0.0,,0.0,0.0,0.0
2025-09-25,1.7,1.7,1.7,1.7,0,0.0,0.0,0.0,0.0,0.0,,0.0,0.0,0.0
2025-09-26,1.7,1.7,1.7,1.7,0,0.0,0.0,0.0,0.0,0.0,,0.0,0.0,0.0
2025-09-29,1.7,1.7,1.7,1.7,0,0.0,0.0,0.0,0.0,0.0,,0.0,0.0,0.0
2025-09-30,1.7,1.7,1.7,1.7,0,0.0,0.0,0.0,0.0,0.0,,0.0,0.0,0.0
2025-10-01,1.7,1.7,1.7,1.7,0,0.0,0.0,0.0,0.0,0.0,,0.0,0.0,0.0
2025-10-02,1.7,1.7,1.7,1.7,0,0.0,0.0,0.0,0.0,0.0,,0.0,0.0,0.0
2025-10-03,1.7,1.7,1.7,1.7,0,0.0,0.0,0.0,0.0,0.0,,0.0,0.0,0.0
2025-10-06,1.7,1.7,1.7,1.7,0,0.0,0.0,0.0,0.0,0.0,,0.0,0.0,0.0
2025-10-07,1.7,1.7,1.7,1.7,0,0.0,0.0,0.0,0.0,0.0,,0.0,0.0,0.0
2025-10-08,1.7,1.7,1.7,1.7,0,0.0,0.0,0.0,0.0,0.0,,0.0,0.0,0.0
2025-10-09,,0.0,0.0,0.0,0,0.0,0.0,0.0,0.0,0.0,407190.0,0.0,0.0,0.0
2025-10-10,,0.0,0.0,0.0,0,0.0,0.0,0.0,0.0,0.0,407190.0,0.0,0.0,0.0
2025-10-13,,0.0,0.0,0.0,0,0.0,0.0,0.0,0.0,0.0,407190.0,0.0,0.0,0.0
2025-10-14,,0.0,0.0,0.0,0,0.0,0.0,0.0,0.0,0.0,407190.0,0.0,0.0,0.0
2025-10-15,,0.0,0.0,0.0,0,0.0,0.0,0.0,0.0,0.0,407190.0,0.0,0.0,0.0
2025-10-16,,0.0,0.0,0.0,0,0.0,0.0,0.0,0.0,0.0,407190.0,0.0,0.0,0.0
2025-10-17,,0.0,0.0,0.0,0,0.0,0.0,0.0,0.0,0.0,407190.0,0.0,0.0,0.0
2025-10-20,,0.0,0.0,0.0,0,0.0,0.0,0.0,0.0,0.0,407190.0,0.0,0.0,0.0
2025-10-21,,0.0,0.0,0.0,0,0.0,0.0,0.0,0.0,0.0,407190.0,0.0,0.0,0.0
2025-10-22,,0.0,0.0,0.0,0,0.0,0.0,0.0,0.0,0.0,407190.0,0.0,0.0,0.0
2025-10-23,,0.0,0.0,0.0,0,0.0,0.0,0.0,0.0,0.0,407190.0,0.0,0.0,0.0
2025-10-24,,0.0,0.0,0.0,0,0.0,0.0,0.0,0.0,0.0,407190.0,0.0,0.0,0.0
2025-10-27,,0.0,0.0,0.0,0,0.0,0.0,0.0,0.0,0.0,407190.0,0.0,0.0,0.0
2025-10-28,,0.0,0.0,0.0,0,0.0,0.0,0.0,0.0,0.0,407190.0,0.0,0.0,0.0
2025-10-29,,0.0,0.0,0.0,0,0.0,0.0,0.0,0.0,0.0,407190.0,0.0,0.0,0.0
2025-10-30,,0.0,0.0,0.0,0,0.0,0.0,0.0,0.0,0.0,407190.0,0.0,0.0,0.0
2025-10-31,,0.0,0.0,0.0,0,0.0,0.0,0.0,0.0,0.0,407190.0,0.0,0.0,0.0
2025-11-03,,0.0,0.0,0.0,0,0.0,0.0,0.0,0.0,0.0,407190.0,0.0,0.0,0.0
2025-11-04,,0.0,0.0,0.0,0,0.0,0.0,0.0,0.0,0.0,407190.0,0.0,0.0,0.0
2025-11-05,,0.0,0.0,0.0,0,0.0,0.0,0.0,0.0,0.0,407190.0,0.0,0.0,0.0
2025-11-06,,0.0,0.0,0.0,0,0.0,0.0,0.0,0.0,0.0,407190.0,0.0,0.0,0.0
2025-11-07,,0.0,0.0,0.0,0,0.0,0.0,0.0,0.0,0.0,407190.0,0.0,0.0,0.0
2025-11-10,,0.0,0.0,0.0,0,0.0,0.0,0.0,0.0,0.0,407190.0,0.0,0.0,0.0
2025-11-11,,0.0,0.0,0.0,0,0.0,0.0,0.0,0.0,0.0,0.0,0.0,0.0,0.0
2025-11-12,,0.0,0.0,0.0,0,0.0,0.0,0.0,0.0,0.0,407190.0,0.0,0.0,0.0
2025-11-14,,0.0,0.0,0.0,0,0.0,0.0,0.0,0.0,0.0,407190.0,0.0,0.0,0.0
2025-11-17,,0.0,0.0,0.0,0,0.0,0.0,0.0,0.0,0.0,407190.0,0.0,0.0,0.0
2025-11-18,,0.0,0.0,0.0,0,0.0,0.0,0.0,0.0,0.0,407190.0,0.0,0.0,0.0
2025-11-19,,0.0,0.0,0.0,0,0.0,0.0,0.0,0.0,0.0,407190.0,0.0,0.0,0.0
2025-11-20,,0.0,0.0,0.0,0,0.0,0.0,0.0,0.0,0.0,407190.0,0.0,0.0,0.0
2025-11-25,,0.0,0.0,0.0,0,0.0,0.0,0.0,0.0,0.0,407190.0,0.0,0.0,0.0
2025-11-26,,0.0,0.0,0.0,0,0.0,0.0,0.0,0.0,0.0,407190.0,0.0,0.0,0.0
2025-11-27,,0.0,0.0,0.0,0,0.0,0.0,0.0,0.0,0.0,407190.0,0.0,0.0,0.0
2025-11-28,,0.0,0.0,0.0,0,0.0,0.0,0.0,0.0,0.0,407190.0,0.0,0.0,0.0
2025-12-01,,0.0,0.0,0.0,0,0.0,0.0,0.0,0.0,0.0,407190.0,0.0,0.0,0.0
2025-12-02,,0.0,0.0,0.0,0,0.0,0.0,0.0,0.0,0.0,407190.0,0.0,0.0,0.0
2025-12-03,,0.0,0.0,0.0,0,0.0,0.0,0.0,0.0,0.0,407190.0,0.0,0.0,0.0
2025-12-04,,0.0,0.0,0.0,0,0.0,0.0,0.0,0.0,0.0,407190.0,0.0,0.0,0.0
2025-12-05,,0.0,0.0,0.0,0,0.0,0.0,0.0,0.0,0.0,407190.0,0.0,0.0,0.0
2025-12-08,,0.0,0.0,0.0,0,0.0,0.0,0.0,0.0,0.0,407190.0,0.0,0.0,0.0
2025-12-10,,0.0,0.0,0.0,0,0.0,0.0,0.0,0.0,0.0,407190.0,0.0,0.0,0.0
2025-12-11,,0.0,0.0,0.0,0,0.0,0.0,0.0,0.0,0.0,407190.0,0.0,0.0,0.0
2025-12-12,,0.0,0.0,0.0,0,0.0,0.0,0.0,0.0,0.0,407190.0,0.0,0.0,0.0
2025-12-15,,0.0,0.0,0.0,0,0.0,0.0,0.0,0.0,0.0,407190.0,0.0,0.0,0.0
2025-12-23,,0.0,0.0,0.0,0,0.0,0.0,0.0,0.0,0.0,407190.0,0.0,0.0,0.0
2025-12-24,,0.0,0.0,0.0,0,0.0,0.0,0.0,0.0,0.0,407190.0,0.0,0.0,0.0
2025-12-25,,0.0,0.0,0.0,0,0.0,0.0,0.0,0.0,0.0,407190.0,0.0,0.0,0.0
2025-12-26,,0.0,0.0,0.0,0,0.0,0.0,0.0,0.0,0.0,407190.0,0.0,0.0,0.0
2025-12-29,,0.0,0.0,0.0,0,0.0,0.0,0.0,0.0,0.0,407190.0,0.0,0.0,0.0
2025-12-30,,0.0,0.0,0.0,0,0.0,0.0,0.0,0.0,0.0,407190.0,0.0,0.0,0.0
2025-12-31,,0.0,0.0,0.0,0,0.0,0.0,0.0,0.0,0.0,407190.0,0.0,0.0,0.0
2026-03-24,2.3,2.3,2.3,2.3,100,230.0,0.0,0.0,0.0,0.0,407190.0,0.0,0.0,0.0
2026-03-25,,0.0,0.0,0.0,0,0.0,0.0,0.0,0.0,0.0,407190.0,0.0,0.0,0.0
