time,open,high,low,close,volume,value,foreign_buy_vol,foreign_sell_vol,foreign_buy_val,foreign_sell_val,foreign_room,foreign_ownership_pct,foreign_buy_value_bn,foreign_sell_value_bn
2012-10-16,4.42,5.4,4.42,5.4,8100,43740.0,,,,,,,,
2012-10-17,5.4,5.4,5.4,5.4,0,0.0,,,,,,,,
2012-10-18,5.76,5.76,5.76,5.76,1400,8064.0,,,,,,,,
2012-10-19,6.16,6.16,6.16,6.16,2400,14784.0,,,,,,,,
2012-10-22,6.58,6.58,6.42,6.58,6800,44744.0,,,,,,,,
2012-10-23,6.14,6.14,6.14,6.14,3200,19648.0,,,,,,,,
2012-10-24,5.76,5.76,5.76,5.76,600,3456.0,,,,,,,,
2012-10-25,5.42,5.42,5.38,5.38,2300,12374.0,,,,,,,,
2012-10-26,5.52,5.52,5.38,5.38,200,1076.0,,,,,,,,
2012-10-29,5.38,5.38,5.38,5.38,0,0.0,,,,,,,,
2012-10-30,5.38,5.38,5.38,5.38,0,0.0,,,,,,,,
2012-10-31,5.38,5.38,5.38,5.38,0,0.0,,,,,,,,
2012-11-01,5.38,5.38,5.38,5.38,0,0.0,,,,,,,,
2012-11-02,5.02,5.02,5.02,5.02,100,502.0,,,,,,,,
2012-11-05,4.7,4.7,4.7,4.7,100,470.0,,,,,,,,
2012-11-06,4.8,4.8,4.8,4.8,100,480.0,,,,,,,,
2012-11-07,4.8,4.8,4.8,4.8,0,0.0,,,,,,,,
2012-11-08,4.8,4.8,4.8,4.8,0,0.0,,,,,,,,
2012-11-09,5.1,5.1,5.1,5.1,100,510.0,,,,,,,,
2012-11-12,5.44,5.44,5.44,5.44,100,544.0,,,,,,,,
2012-11-13,5.8,5.8,5.8,5.8,100,580.0,,,,,,,,
2012-11-14,5.8,6.12,5.8,6.12,200,1224.0,,,,,,,,
2012-11-15,6.12,6.12,6.12,6.12,0,0.0,,,,,,,,
2012-11-16,6.12,6.12,6.12,6.12,0,0.0,,,,,,,,
2012-11-19,6.12,6.12,6.12,6.12,0,0.0,,,,,,,,
2012-11-20,6.12,6.12,6.12,6.12,0,0.0,,,,,,,,
2012-11-21,6.12,6.12,6.12,6.12,0,0.0,,,,,,,,
2012-11-22,6.12,6.12,6.12,6.12,0,0.0,,,,,,,,
2012-11-23,6.12,6.12,6.12,6.12,0,0.0,,,,,,,,
2012-11-26,6.12,6.12,6.12,6.12,0,0.0,,,,,,,,
2012-11-27,6.12,6.12,6.12,6.12,0,0.0,,,,,,,,
2012-11-28,6.12,6.12,6.12,6.12,0,0.0,,,,,,,,
2012-11-29,5.7,5.7,5.7,5.7,100,570.0,,,,,,,,
2012-11-30,5.32,5.32,5.32,5.32,300,1596.0,,,,,,,,
2012-12-03,5.53,5.53,5.53,5.53,0,0.0,,,,,,,,
2012-12-04,5.53,5.53,5.53,5.53,0,0.0,,,,,,,,
2012-12-05,5.67,5.67,5.67,5.67,100,567.0,,,,,,,,
2012-12-06,5.67,5.67,5.67,5.67,0,0.0,,,,,,,,
2012-12-07,5.67,5.67,5.67,5.67,0,0.0,,,,,,,,
2012-12-10,5.67,5.67,5.67,5.67,0,0.0,,,,,,,,
2012-12-11,5.67,5.67,5.67,5.67,0,0.0,,,,,,,,
2012-12-12,5.67,5.67,5.67,5.67,0,0.0,,,,,,,,
2012-12-13,5.67,5.67,5.67,5.67,0,0.0,,,,,,,,
2012-12-14,5.67,5.67,5.67,5.67,0,0.0,,,,,,,,
2012-12-17,5.67,5.67,5.67,5.67,0,0.0,,,,,,,,
2012-12-18,5.67,5.67,5.67,5.67,0,0.0,,,,,,,,
2012-12-19,5.28,5.28,5.28,5.28,200,1056.0,,,,,,,,
2012-12-20,5.63,5.63,5.63,5.63,100,563.0,,,,,,,,
2012-12-21,5.63,5.63,5.63,5.63,0,0.0,,,,,,,,
2012-12-24,5.63,5.63,5.63,5.63,0,0.0,,,,,,,,
2012-12-25,5.63,5.63,5.63,5.63,0,0.0,,,,,,,,
2012-12-26,5.63,5.63,5.63,5.63,0,0.0,,,,,,,,
2012-12-27,5.63,5.63,5.63,5.63,0,0.0,,,,,,,,
2012-12-28,5.63,5.63,5.63,5.63,0,0.0,,,,,,,,
2013-01-02,5.665,5.665,5.665,5.665,0,0.0,,,,,,,,
2013-01-03,5.665,5.665,5.665,5.665,0,0.0,,,,,,,,
2013-01-04,5.665,5.665,5.665,5.665,0,0.0,,,,,,,,
2013-01-07,5.665,5.665,5.665,5.665,0,0.0,,,,,,,,
2013-01-08,5.665,5.665,5.665,5.665,0,0.0,,,,,,,,
2013-01-09,5.665,5.665,5.665,5.665,0,0.0,,,,,,,,
2013-01-10,5.665,5.665,5.665,5.665,0,0.0,,,,,,,,
2013-01-11,5.665,5.665,5.665,5.665,0,0.0,,,,,,,,
2013-01-14,5.665,5.665,5.665,5.665,0,0.0,,,,,,,,
2013-01-15,5.665,5.665,5.665,5.665,0,0.0,,,,,,,,
2013-01-16,5.665,5.665,5.665,5.665,0,0.0,,,,,,,,
2013-01-17,5.665,5.665,5.665,5.665,0,0.0,,,,,,,,
2013-01-18,5.665,5.665,5.665,5.665,0,0.0,,,,,,,,
2013-01-21,5.098,5.098,5.098,5.098,1000,5098.0,,,,,,,,
2013-01-22,5.098,5.098,5.098,5.098,0,0.0,,,,,,,,
2013-01-23,5.098,5.098,5.098,5.098,0,0.0,,,,,,,,
2013-01-24,5.098,5.098,5.098,5.098,0,0.0,,,,,,,,
2013-01-25,5.098,5.098,5.098,5.098,0,0.0,,,,,,,,
2013-01-28,5.098,5.098,5.098,5.098,0,0.0,,,,,,,,
2013-01-29,5.098,5.098,5.098,5.098,0,0.0,,,,,,,,
2013-01-30,4.616,4.616,4.616,4.616,1500,6923.999999999999,,,,,,,,
2013-01-31,4.616,4.616,4.616,4.616,0,0.0,,,,,,,,
2013-02-01,4.616,4.616,4.616,4.616,0,0.0,,,,,,,,
2013-02-04,4.616,4.616,4.616,4.616,1000,4616.0,,,,,,,,
2013-02-05,4.616,4.616,4.616,4.616,0,0.0,,,,,,,,
2013-02-06,4.616,4.616,4.616,4.616,0,0.0,,,,,,,,
2013-02-07,4.616,4.616,4.616,4.616,0,0.0,,,,,,,,
2013-02-08,4.616,4.616,4.616,4.616,0,0.0,,,,,,,,
2013-02-18,4.637,4.637,4.637,4.637,100,463.69999999999993,,,,,,,,
2013-02-19,4.826,4.826,4.826,4.826,300,1447.8,,,,,,,,
2013-02-20,4.826,4.826,4.826,4.826,0,0.0,,,,,,,,
2013-02-21,4.826,4.826,4.826,4.826,0,0.0,,,,,,,,
2013-02-22,4.826,4.826,4.826,4.826,100,482.6,,,,,,,,
2013-02-25,4.826,4.826,4.826,4.826,0,0.0,,,,,,,,
2013-02-26,4.826,4.826,4.826,4.826,0,0.0,,,,,,,,
2013-02-27,4.826,4.826,4.826,4.826,0,0.0,,,,,,,,
2013-02-28,4.616,4.616,4.616,4.616,500,2308.0,,,,,,,,
2013-03-01,4.993,5.077,4.993,5.077,900,4569.3,,,,,,,,
2013-03-04,5.455,5.455,5.455,5.455,500,2727.5,,,,,,,,
2013-03-05,5.455,5.455,5.455,5.455,0,0.0,,,,,,,,
2013-03-06,5.455,5.455,5.455,5.455,0,0.0,,,,,,,,
2013-03-07,5.455,5.455,5.455,5.455,0,0.0,,,,,,,,
2013-03-08,5.455,5.455,5.455,5.455,0,0.0,,,,,,,,
2013-03-11,5.455,5.455,5.455,5.455,0,0.0,,,,,,,,
2013-03-12,5.455,5.455,5.455,5.455,0,0.0,,,,,,,,
2013-03-13,5.455,5.455,5.455,5.455,0,0.0,,,,,,,,
2013-03-14,5.455,5.455,5.455,5.455,0,0.0,,,,,,,,
2013-03-15,5.455,5.455,5.455,5.455,0,0.0,,,,,,,,
2013-03-18,5.056,5.056,5.035,5.035,3000,15105.0,,,,,,,,
2013-03-19,5.035,5.035,5.035,5.035,0,0.0,,,,,,,,
2013-03-20,5.014,5.014,5.014,5.014,200,1002.8,,,,,,,,
2013-03-21,5.014,5.014,5.014,5.014,0,0.0,,,,,,,,
2013-03-22,4.826,4.826,4.826,4.826,1000,4826.0,,,,,,,,
2013-03-25,4.826,4.826,4.826,4.826,0,0.0,,,,,,,,
2013-03-26,5.245,5.308,5.245,5.287,1900,10045.3,,,,,,,,
2013-03-27,5.287,5.287,5.287,5.287,0,0.0,,,,,,,,
2013-03-28,5.287,5.287,5.287,5.287,0,0.0,,,,,,,,
2013-03-29,5.665,5.665,5.665,5.665,200,1133.0,,,,,,,,
2013-04-01,5.35,5.35,5.35,5.35,1000,5350.0,,,,,,,,
2013-04-02,5.35,5.35,5.35,5.35,200,1070.0,,,,,,,,
2013-04-03,5.35,5.35,5.35,5.35,0,0.0,,,,,,,,
2013-04-04,5.35,5.35,5.35,5.35,0,0.0,,,,,,,,
2013-04-05,5.35,5.35,5.35,5.35,0,0.0,,,,,,,,
2013-04-08,5.455,5.455,5.35,5.35,1700,9095.0,,,,,,,,
2013-04-09,5.35,5.35,5.35,5.35,800,4280.0,,,,,,,,
2013-04-10,5.35,5.35,5.35,5.35,0,0.0,,,,,,,,
2013-04-11,5.35,5.35,5.35,5.35,0,0.0,,,,,,,,
2013-04-12,5.455,5.455,5.245,5.245,1800,9441.0,,,,,,,,
2013-04-15,5.245,5.245,5.245,5.245,0,0.0,,,,,,,,
2013-04-16,5.245,5.245,5.245,5.245,0,0.0,,,,,,,,
2013-04-17,5.245,5.245,5.245,5.245,0,0.0,,,,,,,,
2013-04-18,5.245,5.245,5.245,5.245,0,0.0,,,,,,,,
2013-04-22,5.707,5.707,5.707,5.707,100,570.6999999999999,,,,,,,,
2013-04-23,5.266,5.266,5.266,5.266,200,1053.2,,,,,,,,
2013-04-24,5.707,5.707,5.707,5.707,100,570.6999999999999,,,,,,,,
2013-04-25,5.707,5.707,5.707,5.707,0,0.0,,,,,,,,
2013-04-26,5.455,5.455,5.455,5.455,100,545.5,,,,,,,,
2013-05-02,5.455,5.455,5.455,5.455,2000,10910.0,,,,,,,,
2013-05-03,5.455,5.455,5.455,5.455,0,0.0,,,,,,,,
2013-05-06,5.686,5.707,5.686,5.707,3700,21115.9,,,,,,,,
2013-05-07,5.707,5.707,5.707,5.707,0,0.0,,,,,,,,
2013-05-08,5.707,5.707,5.707,5.707,0,0.0,,,,,,,,
2013-05-09,5.707,5.707,5.707,5.707,0,0.0,,,,,,,,
2013-05-10,5.707,5.707,5.707,5.707,0,0.0,,,,,,,,
2013-05-13,5.707,5.707,5.707,5.707,0,0.0,,,,,,,,
2013-05-14,5.707,5.707,5.707,5.707,0,0.0,,,,,,,,
2013-05-15,5.35,5.35,5.35,5.35,200,1070.0,,,,,,,,
2013-05-16,5.35,5.35,5.35,5.35,0,0.0,,,,,,,,
2013-05-17,5.35,5.35,5.35,5.35,0,0.0,,,,,,,,
2013-05-20,5.35,5.35,5.35,5.35,0,0.0,,,,,,,,
2013-05-21,5.35,5.35,5.35,5.35,0,0.0,,,,,,,,
2013-05-22,5.35,5.35,5.35,5.35,0,0.0,,,,,,,,
2013-05-23,5.35,5.35,5.35,5.35,0,0.0,,,,,,,,
2013-05-24,5.35,5.35,5.35,5.35,0,0.0,,,,,,,,
2013-05-27,5.35,5.35,5.35,5.35,0,0.0,,,,,,,,
2013-05-28,5.35,5.35,5.35,5.35,0,0.0,,,,,,,,
2013-05-29,5.35,5.35,5.35,5.35,0,0.0,,,,,,,,
2013-05-30,5.35,5.35,5.35,5.35,0,0.0,,,,,,,,
2013-05-31,5.35,5.35,5.35,5.35,0,0.0,,,,,,,,
2013-06-03,5.35,5.35,5.35,5.35,0,0.0,,,,,,,,
2013-06-04,5.35,5.35,5.35,5.35,0,0.0,,,,,,,,
2013-06-05,5.35,5.35,5.35,5.35,0,0.0,,,,,,,,
2013-06-06,5.35,5.35,5.35,5.35,0,0.0,,,,,,,,
2013-06-07,5.35,5.35,5.35,5.35,0,0.0,,,,,,,,
2013-06-10,5.35,5.35,5.35,5.35,0,0.0,,,,,,,,
2013-06-11,5.35,5.35,5.35,5.35,0,0.0,,,,,,,,
2013-06-12,5.35,5.35,5.35,5.35,0,0.0,,,,,,,,
2013-06-13,5.35,5.35,5.35,5.35,0,0.0,,,,,,,,
2013-06-14,5.455,5.455,5.455,5.455,100,545.5,,,,,,,,
2013-06-17,5.455,5.455,5.455,5.455,0,0.0,,,,,,,,
2013-06-18,5.665,5.707,5.665,5.707,900,5136.3,,,,,,,,
2013-06-19,5.707,5.707,5.707,5.707,0,0.0,,,,,,,,
2013-06-20,5.707,5.707,5.707,5.707,0,0.0,,,,,,,,
2013-06-21,5.707,5.707,5.707,5.707,0,0.0,,,,,,,,
2013-06-24,5.707,5.707,5.707,5.707,0,0.0,,,,,,,,
2013-06-25,5.707,5.707,5.707,5.707,800,4565.599999999999,,,,,,,,
2013-06-26,5.707,5.707,5.707,5.707,0,0.0,,,,,,,,
2013-06-27,5.707,5.707,5.707,5.707,0,0.0,,,,,,,,
2013-06-28,5.707,5.707,5.707,5.707,0,0.0,,,,,,,,
2013-07-01,5.707,5.707,5.707,5.707,0,0.0,,,,,,,,
2013-07-02,5.707,5.707,5.707,5.707,0,0.0,,,,,,,,
2013-07-03,5.707,5.707,5.707,5.707,0,0.0,,,,,,,,
2013-07-04,5.707,5.707,5.707,5.707,0,0.0,,,,,,,,
2013-07-05,5.707,5.707,5.707,5.707,0,0.0,,,,,,,,
2013-07-08,5.707,5.707,5.707,5.707,0,0.0,,,,,,,,
2013-07-09,5.707,5.707,5.707,5.707,0,0.0,,,,,,,,
2013-07-10,5.707,5.707,5.707,5.707,0,0.0,,,,,,,,
2013-07-11,5.707,5.707,5.707,5.707,0,0.0,,,,,,,,
2013-07-12,5.707,5.707,5.707,5.707,0,0.0,,,,,,,,
2013-07-15,5.707,5.707,5.707,5.707,0,0.0,,,,,,,,
2013-07-16,5.707,5.707,5.707,5.707,0,0.0,,,,,,,,
2013-07-17,5.707,5.707,5.707,5.707,0,0.0,,,,,,,,
2013-07-18,5.707,5.707,5.707,5.707,0,0.0,,,,,,,,
2013-07-19,5.707,5.707,5.707,5.707,0,0.0,,,,,,,,
2013-07-22,5.707,5.707,5.707,5.707,0,0.0,,,,,,,,
2013-07-23,5.707,5.707,5.707,5.707,0,0.0,,,,,,,,
2013-07-24,5.707,5.707,5.707,5.707,0,0.0,,,,,,,,
2013-07-25,6.239,6.239,6.239,6.239,100,623.9,,,,,,,,
2013-07-26,6.239,6.239,6.239,6.239,0,0.0,,,,,,,,
2013-07-29,6.239,6.239,6.239,6.239,0,0.0,,,,,,,,
2013-07-30,5.995,5.995,5.995,5.995,100,599.5,,,,,,,,
2013-07-31,5.396,5.396,5.396,5.396,1300,7014.8,,,,,,,,
2013-08-01,5.396,5.396,5.396,5.396,0,0.0,,,,,,,,
2013-08-02,5.396,5.396,5.396,5.396,0,0.0,,,,,,,,
2013-08-05,5.396,5.396,5.396,5.396,0,0.0,,,,,,,,
2013-08-06,5.396,5.396,5.396,5.396,0,0.0,,,,,,,,
2013-08-07,5.018,5.884,4.996,5.884,1200,7060.8,,,,,,,,
2013-08-08,5.769,5.769,5.769,5.769,500,2884.5,,,,,,,,
2013-08-09,5.769,5.769,5.769,5.769,0,0.0,,,,,,,,
2013-08-12,5.769,5.769,5.769,5.769,0,0.0,,,,,,,,
2013-08-13,6.115,6.115,6.115,6.115,100,611.5,,,,,,,,
2013-08-14,6.115,6.115,6.115,6.115,1500,9172.5,,,,,,,,
2013-08-15,6.115,6.115,6.115,6.115,0,0.0,,,,,,,,
2013-08-16,6.115,6.115,6.115,6.115,0,0.0,,,,,,,,
2013-08-19,5.999,6.115,5.999,6.115,1100,6726.5,,,,,,,,
2013-08-20,6.23,6.23,6.23,6.23,1000,6230.0,,,,,,,,
2013-08-21,6.23,6.23,6.23,6.23,0,0.0,,,,,,,,
2013-08-22,6.207,6.23,6.207,6.23,6500,40495.0,,,,,,,,
2013-08-23,6.23,6.23,6.23,6.23,0,0.0,,,,,,,,
2013-08-26,6.23,6.23,6.23,6.23,100,623.0,,,,,,,,
2013-08-27,6.83,6.83,6.345,6.784,1600,10854.4,,,,,,,,
2013-08-28,6.784,6.784,6.784,6.784,0,0.0,,,,,,,,
2013-08-29,6.784,6.784,6.784,6.784,0,0.0,,,,,,,,
2013-08-30,6.784,6.784,6.784,6.784,0,0.0,,,,,,,,
2013-09-03,6.784,6.784,6.784,6.784,0,0.0,,,,,,,,
2013-09-04,6.692,6.692,6.692,6.692,200,1338.4,,,,,,,,
2013-09-05,6.692,6.692,6.692,6.692,200,1338.4,,,,,,,,
2013-09-06,6.692,6.692,6.692,6.692,0,0.0,,,,,,,,
2013-09-09,6.692,6.692,6.692,6.692,0,0.0,,,,,,,,
2013-09-10,6.692,6.692,6.692,6.692,0,0.0,,,,,,,,
2013-09-11,6.692,6.692,6.692,6.692,0,0.0,,,,,,,,
2013-09-12,6.692,6.692,6.692,6.692,0,0.0,,,,,,,,
2013-09-13,6.692,6.692,6.692,6.692,0,0.0,,,,,,,,
2013-09-16,6.022,6.461,6.022,6.461,1100,7107.1,,,,,,,,
2013-09-17,6.461,6.461,6.461,6.461,0,0.0,,,,,,,,
2013-09-18,6.461,6.461,6.461,6.461,0,0.0,,,,,,,,
2013-09-19,6.461,6.461,6.461,6.461,0,0.0,,,,,,,,
2013-09-20,5.884,5.884,5.815,5.815,3000,17445.0,,,,,,,,
2013-09-23,5.815,5.815,5.815,5.815,0,0.0,,,,,,,,
2013-09-24,5.769,5.769,5.538,5.769,5300,30575.7,,,,,,,,
2013-09-25,5.538,5.653,5.538,5.653,1000,5653.0,,,,,,,,
2013-09-26,5.653,5.653,5.653,5.653,0,0.0,,,,,,,,
2013-09-27,5.123,5.215,5.123,5.215,1300,6779.5,,,,,,,,
2013-09-30,5.215,5.215,5.215,5.215,0,0.0,,,,,,,,
2013-10-01,5.215,5.215,5.215,5.215,0,0.0,,,,,,,,
2013-10-02,5.215,5.215,5.215,5.215,0,0.0,,,,,,,,
2013-10-03,5.215,5.215,5.215,5.215,0,0.0,,,,,,,,
2013-10-04,5.584,5.653,5.584,5.653,2000,11306.0,,,,,,,,
2013-10-07,6.207,6.207,5.884,6.138,84800,520502.4,,,,,,,,
2013-10-08,6.461,6.461,6.276,6.276,161900,1016084.4,,,,,,,,
2013-10-09,6.461,6.484,6.345,6.345,220900,1401610.5,,,,,,,,
2013-10-10,6.345,6.345,6.345,6.345,0,0.0,,,,,,,,
2013-10-11,6.345,6.922,6.345,6.461,23200,149895.2,,,,,,,,
2013-10-14,5.999,5.999,5.999,5.999,600,3599.4,,,,,,,,
2013-10-15,5.999,5.999,5.999,5.999,0,0.0,,,,,,,,
2013-10-16,6.022,6.022,5.999,5.999,2000,11998.0,,,,,,,,
2013-10-17,5.999,5.999,5.999,5.999,0,0.0,,,,,,,,
2013-10-18,6.23,6.23,6.184,6.23,25900,161357.0,,,,,,,,
2013-10-21,6.23,6.23,6.184,6.207,12300,76346.09999999999,,,,,,,,
2013-10-22,6.115,6.115,5.607,6.115,20500,125357.5,,,,,,,,
2013-10-23,5.538,6.115,5.538,6.115,5500,33632.5,,,,,,,,
2013-10-24,5.999,6.322,5.769,5.999,10200,61189.8,,,,,,,,
2013-10-25,5.999,6.092,5.999,6.092,4300,26195.6,,,,,,,,
2013-10-28,6.092,6.184,5.999,6.184,3200,19788.8,,,,,,,,
2013-10-29,5.999,6.161,5.999,6.161,6000,36966.0,,,,,,,,
2013-10-30,6.115,6.207,6.115,6.207,2400,14896.8,,,,,,,,
2013-10-31,6.115,6.322,6.115,6.322,6900,43621.8,,,,,,,,
2013-11-01,6.322,6.369,6.322,6.369,9300,59231.7,,,,,,,,
2013-11-04,6.369,6.922,6.369,6.669,6700,44682.3,,,,,,,,
2013-11-05,6.576,6.576,6.507,6.553,5500,36041.5,,,,,,,,
2013-11-06,6.553,6.645,6.484,6.484,8600,55762.4,,,,,,,,
2013-11-07,6.484,6.692,6.484,6.599,11100,73248.90000000001,,,,,,,,
2013-11-08,6.692,7.199,6.599,7.199,9700,69830.3,,,,,,,,
2013-11-11,6.922,7.153,6.83,6.968,8500,59228.0,,,,,,,,
2013-11-12,6.825,7.112,6.754,7.112,950,6756.400000000001,,,,,,,,
2013-11-13,6.849,6.992,6.706,6.849,1700,11643.3,,,,,,,,
2013-11-14,6.563,6.801,6.396,6.777,2850,19314.45,,,,,,,,
2013-11-15,6.587,6.73,6.587,6.634,500,3317.0,,,,,,,,
2013-11-18,6.682,6.682,6.682,6.682,3800,25391.6,,,,,,,,
2013-11-19,6.801,6.801,6.801,6.801,300,2040.3,,,,,,,,
2013-11-20,6.801,6.801,6.801,6.801,0,0.0,,,,,,,,
2013-11-21,6.682,6.801,6.443,6.777,12800,86745.6,,,,,,,,
2013-11-22,6.109,6.777,6.109,6.777,1200,8132.400000000001,,,,,,,,
2013-11-25,6.777,6.897,6.777,6.777,7600,51505.2,,,,,,,,
2013-11-26,6.897,6.921,6.777,6.873,12100,83163.3,,,,,,,,
2013-11-27,6.754,6.777,6.754,6.754,1100,7429.4,,,,,,,,
2013-11-28,6.754,6.825,6.754,6.754,5200,35120.8,,,,,,,,
2013-11-29,6.801,6.825,6.801,6.825,9100,62107.5,,,,,,,,
2013-12-02,6.849,6.921,6.849,6.897,22000,151734.0,,,,,,,,
2013-12-03,6.921,6.921,6.897,6.897,3300,22760.1,,,,,,,,
2013-12-04,6.897,6.897,6.897,6.897,400,2758.8,,,,,,,,
2013-12-05,6.897,6.897,6.825,6.825,2600,17745.0,,,,,,,,
2013-12-06,6.825,6.825,6.801,6.801,6400,43526.4,,,,,,,,
2013-12-09,6.801,6.801,6.443,6.443,43200,278337.6,,,,,,,,
2013-12-10,6.682,6.682,6.443,6.658,500,3329.0,,,,,,,,
2013-12-11,6.658,6.658,6.563,6.658,3900,25966.2,,,,,,,,
2013-12-12,6.539,6.539,6.539,6.539,600,3923.4,,,,,,,,
2013-12-13,6.491,6.491,6.491,6.491,100,649.0999999999999,,,,,,,,
2013-12-16,6.324,6.396,6.324,6.372,2200,14018.4,,,,,,,,
2013-12-17,6.372,6.443,6.372,6.443,5800,37369.4,,,,,,,,
2013-12-18,6.873,6.873,6.539,6.539,700,4577.3,,,,,,,,
2013-12-19,6.563,6.563,6.563,6.563,300,1968.9,,,,,,,,
2013-12-20,6.563,6.563,6.563,6.563,0,0.0,,,,,,,,
2013-12-23,6.658,6.658,6.324,6.348,22500,142830.0,,,,,,,,
2013-12-24,6.348,6.682,6.348,6.348,53100,337078.8,,,,,,,,
2013-12-25,6.3,6.3,6.229,6.252,13200,82526.4,,,,,,,,
2013-12-26,6.276,6.276,6.109,6.109,20200,123401.8,,,,,,,,
2013-12-27,6.062,6.062,5.966,6.014,30100,181021.4,,,,,,,,
2013-12-30,5.966,5.966,5.871,5.871,84900,498447.9,,,,,,,,
2013-12-31,5.871,6.443,5.871,6.396,56200,359455.2,,,,,,,,
2014-01-02,6.443,6.443,6.443,6.443,1000,6443.0,,,,,,,,
2014-01-03,6.276,6.443,6.276,6.443,6200,39946.6,,,,,,,,
2014-01-06,6.205,6.42,6.205,6.372,4700,29948.4,,,,,,,,
2014-01-07,6.443,6.682,6.348,6.443,2700,17396.1,,,,,,,,
2014-01-08,6.443,6.443,6.443,6.443,0,0.0,,,,,,,,
2014-01-09,6.324,6.42,6.324,6.396,5100,32619.6,,,,,,,,
2014-01-10,6.443,6.443,6.324,6.396,2500,15990.0,,,,,,,,
2014-01-13,6.396,6.396,6.276,6.324,9800,61975.2,,,,,,,,
2014-01-14,6.372,6.921,6.372,6.849,19500,133555.5,,,,,,,,
2014-01-15,7.04,7.04,7.04,7.04,100,704.0,,,,,,,,
2014-01-16,6.491,6.801,6.467,6.801,4800,32644.8,,,,,,,,
2014-01-17,6.563,6.563,6.563,6.563,100,656.3,,,,,,,,
2014-01-20,6.443,6.539,6.42,6.443,10200,65718.59999999999,,,,,,,,
2014-01-21,6.396,6.491,6.372,6.491,9000,58419.0,,,,,,,,
2014-01-22,6.563,6.777,6.563,6.777,1516,10273.932,,,,,,,,
2014-01-23,6.443,6.658,6.443,6.658,320,2130.56,,,,,,,,
2014-01-24,6.515,6.921,6.491,6.921,9980,69071.58,,,,,,,,
2014-01-27,7.159,7.398,6.801,7.374,4700,34657.8,,,,,,,,
2014-02-06,7.231,7.398,6.921,7.04,4900,34496.0,,,,,,,,
2014-02-07,7.04,7.112,6.825,7.112,700,4978.4,,,,,,,,
2014-02-10,6.801,7.183,6.61,6.706,3900,26153.4,,,,,,,,
2014-02-11,6.706,6.825,6.61,6.61,15900,105099.0,,,,,,,,
2014-02-12,6.658,6.682,6.634,6.658,17920,119311.36,,,,,,,,
2014-02-13,6.897,6.897,6.634,6.658,22200,147807.6,,,,,,,,
2014-02-14,6.897,7.112,6.61,6.801,7600,51687.6,,,,,,,,
2014-02-17,7.04,7.04,6.682,6.777,9300,63026.1,,,,,,,,
2014-02-18,6.921,6.921,6.682,6.873,800,5498.400000000001,,,,,,,,
2014-02-19,6.682,6.849,6.682,6.801,17100,116297.1,,,,,,,,
2014-02-20,6.801,6.801,6.443,6.754,19800,133729.19999999998,,,,,,,,
2014-02-21,6.754,6.754,6.754,6.754,0,0.0,,,,,,,,
2014-02-24,6.754,6.921,6.634,6.801,3400,23123.4,,,,,,,,
2014-02-25,6.443,6.801,6.443,6.801,700,4760.7,,,,,,,,
2014-02-26,6.539,6.754,6.515,6.754,2800,18911.2,,,,,,,,
2014-02-27,6.515,6.73,6.443,6.682,8000,53456.0,,,,,,,,
2014-02-28,6.682,7.04,6.682,7.016,3600,25257.6,,,,,,,,
2014-03-03,6.682,6.682,6.563,6.634,15700,104153.8,,,,,,,,
2014-03-04,6.539,6.777,6.539,6.777,3200,21686.4,,,,,,,,
2014-03-05,6.587,6.754,6.587,6.754,1800,12157.2,,,,,,,,
2014-03-06,6.777,6.849,6.682,6.682,6300,42096.600000000006,,,,,,,,
2014-03-07,6.682,6.682,6.587,6.658,4200,27963.6,,,,,,,,
2014-03-10,6.563,6.563,6.491,6.515,7300,47559.5,,,,,,,,
2014-03-11,6.515,6.73,6.491,6.682,4200,28064.4,,,,,,,,
2014-03-12,6.587,6.682,6.587,6.658,3700,24634.6,,,,,,,,
2014-03-13,6.706,6.706,6.587,6.634,4800,31843.2,,,,,,,,
2014-03-14,6.634,6.658,6.587,6.658,5800,38616.4,,,,,,,,
2014-03-17,6.658,6.658,6.658,6.658,10400,69243.2,,,,,,,,
2014-03-18,6.634,7.04,6.61,7.04,7900,55616.0,,,,,,,,
2014-03-19,7.016,7.016,6.634,6.873,3100,21306.3,,,,,,,,
2014-03-20,6.921,7.016,6.682,6.849,14500,99310.5,,,,,,,,
2014-03-21,6.634,6.897,6.491,6.897,2100,14483.7,,,,,,,,
2014-03-24,6.897,6.992,6.897,6.992,700,4894.4,,,,,,,,
2014-03-25,6.992,6.992,6.754,6.777,16400,111142.8,,,,,,,,
2014-03-26,6.73,6.801,6.682,6.801,17030,115821.03,,,,,,,,
2014-03-27,7.016,7.016,6.634,6.992,1100,7691.2,,,,,,,,
2014-03-28,6.682,6.873,6.682,6.873,1200,8247.6,,,,,,,,
2014-03-31,6.873,6.873,6.801,6.849,7400,50682.6,,,,,,,,
2014-04-01,6.849,6.849,6.849,6.849,2200,15067.8,,,,,,,,
2014-04-02,6.682,6.777,6.682,6.777,600,4066.2,,,,,,,,
2014-04-03,6.539,6.825,6.539,6.777,2400,16264.8,,,,,,,,
2014-04-04,6.825,7.016,6.825,6.968,1400,9755.2,,,,,,,,
2014-04-07,6.849,6.897,6.801,6.897,300,2069.1,,,,,,,,
2014-04-08,6.825,6.849,6.777,6.849,610,4177.89,,,,,,,,
2014-04-10,6.992,6.992,6.992,6.992,100,699.2,,,,,,,,
2014-04-11,6.587,6.897,6.563,6.897,5100,35174.700000000004,,,,,,,,
2014-04-14,6.897,6.897,6.897,6.897,0,0.0,,,,,,,,
2014-04-15,6.897,6.992,6.897,6.992,900,6292.8,,,,,,,,
2014-04-16,6.682,6.873,6.467,6.658,11400,75901.2,,,,,,,,
2014-04-17,6.73,6.73,6.73,6.73,300,2019.0,,,,,,,,
2014-04-18,6.73,6.73,6.73,6.73,200,1346.0,,,,,,,,
2014-04-21,6.491,6.658,6.491,6.658,1800,11984.4,,,,,,,,
2014-04-22,6.109,6.109,6.109,6.109,700,4276.3,,,,,,,,
2014-04-23,6.658,6.658,6.587,6.587,244,1607.2279999999998,,,,,,,,
2014-04-24,6.443,6.706,6.443,6.706,1400,9388.4,,,,,,,,
2014-04-25,6.777,6.777,6.777,6.777,600,4066.2,,,,,,,,
2014-04-28,6.801,6.801,6.801,6.801,200,1360.2,,,,,,,,
2014-04-29,6.539,6.921,6.515,6.921,3100,21455.1,,,,,,,,
2014-05-05,6.587,6.706,6.587,6.706,2000,13412.0,,,,,,,,
2014-05-06,6.706,6.706,6.706,6.706,0,0.0,,,,,,,,
2014-05-07,6.706,6.706,6.706,6.706,156,1046.136,,,,,,,,
2014-05-08,6.205,6.682,6.205,6.61,510,3371.1000000000004,,,,,,,,
2014-05-09,6.61,6.61,6.61,6.61,0,0.0,,,,,,,,
2014-05-12,6.61,6.61,6.61,6.61,0,0.0,,,,,,,,
2014-05-13,6.229,6.634,6.229,6.634,3400,22555.6,,,,,,,,
2014-05-14,6.634,6.682,6.443,6.682,4900,32741.800000000003,,,,,,,,
2014-05-15,6.682,6.682,6.682,6.682,0,0.0,,,,,,,,
2014-05-16,6.682,6.682,6.563,6.634,1500,9951.0,,,,,,,,
2014-05-19,6.61,6.61,6.61,6.61,1400,9254.0,,,,,,,,
2014-05-20,6.61,6.61,6.61,6.61,2370,15665.7,,,,,,,,
2014-05-21,6.682,6.801,6.682,6.801,4000,27204.0,,,,,,,,
2014-05-22,7.324,7.324,7.324,7.324,114,834.936,,,,,,,,
2014-05-23,7.272,7.272,6.932,7.246,800,5796.8,,,,,,,,
2014-05-26,6.801,6.801,6.801,6.801,100,680.1,,,,,,,,
2014-05-27,6.67,7.167,6.644,7.167,6200,44435.4,,,,,,,,
2014-05-28,6.566,6.932,6.566,6.932,400,2772.8,,,,,,,,
2014-05-29,6.618,6.697,6.618,6.618,4000,26472.0,,,,,,,,
2014-05-30,6.749,7.246,6.618,7.194,6400,46041.6,,,,,,,,
2014-06-02,7.194,7.194,6.932,7.194,4900,35250.6,,,,,,,,
2014-06-03,7.194,7.194,7.194,7.194,0,0.0,,,,,,,,
2014-06-04,6.932,7.063,6.827,7.063,3700,26133.1,,,,,,,,
2014-06-05,6.827,7.01,6.827,7.01,2600,18226.0,,,,,,,,
2014-06-06,7.01,7.01,7.01,7.01,0,0.0,,,,,,,,
2014-06-09,6.906,7.01,6.854,6.854,4000,27416.0,,,,,,,,
2014-06-10,7.115,7.115,7.115,7.115,100,711.5,,,,,,,,
2014-06-11,7.115,7.115,7.115,7.115,0,0.0,,,,,,,,
2014-06-12,6.932,6.932,6.932,6.932,4000,27728.0,,,,,,,,
2014-06-13,6.827,6.827,6.827,6.827,4000,27308.0,,,,,,,,
2014-06-16,7.037,7.037,7.037,7.037,100,703.7,,,,,,,,
2014-06-17,6.906,7.141,6.906,7.141,1600,11425.6,,,,,,,,
2014-06-18,7.141,7.141,7.141,7.141,0,0.0,,,,,,,,
2014-06-19,6.932,7.063,6.801,7.063,4600,32489.8,,,,,,,,
2014-06-20,6.932,7.037,6.932,7.037,5100,35888.7,,,,,,,,
2014-06-23,7.037,7.037,7.037,7.037,0,0.0,,,,,,,,
2014-06-24,6.932,7.063,6.932,7.063,2700,19070.1,,,,,,,,
2014-06-25,6.932,7.141,6.932,7.141,4900,34990.9,,,,,,,,
2014-06-26,6.932,7.141,6.932,7.141,1000,7141.0,,,,,,,,
2014-06-27,7.141,7.141,7.141,7.141,0,0.0,,,,,,,,
2014-06-30,7.194,7.717,7.167,7.638,11800,90128.4,,,,,,,,
2014-07-01,7.167,7.481,7.063,7.481,800,5984.8,,,,,,,,
2014-07-02,7.481,7.717,7.481,7.56,1700,12852.0,,,,,,,,
2014-07-03,7.115,7.115,7.115,7.115,100,711.5,,,,,,,,
2014-07-04,7.115,7.298,7.115,7.298,15700,114578.6,,,,,,,,
2014-07-07,7.507,7.507,7.507,7.507,100,750.6999999999999,,,,,,,,
2014-07-08,7.507,7.507,7.507,7.507,0,0.0,,,,,,,,
2014-07-09,7.194,7.455,7.194,7.455,400,2982.0,,,,,,,,
2014-07-10,7.324,7.455,7.324,7.455,900,6709.5,,,,,,,,
2014-07-11,7.194,7.403,7.194,7.403,500,3701.5,,,,,,,,
2014-07-14,7.403,7.403,7.403,7.403,0,0.0,,,,,,,,
2014-07-15,7.403,7.403,7.403,7.403,0,0.0,,,,,,,,
2014-07-16,7.063,7.586,7.063,7.586,900,6827.400000000001,,,,,,,,
2014-07-17,7.115,7.429,7.115,7.429,700,5200.3,,,,,,,,
2014-07-18,7.115,7.298,7.115,7.298,500,3649.0,,,,,,,,
2014-07-21,7.298,7.298,7.298,7.298,100,729.8,,,,,,,,
2014-07-22,7.298,7.298,7.298,7.298,200,1459.6,,,,,,,,
2014-07-23,6.932,7.298,6.932,7.298,1600,11676.8,,,,,,,,
2014-07-24,7.272,7.272,7.01,7.01,700,4907.0,,,,,,,,
2014-07-25,6.854,7.01,6.854,7.01,200,1402.0,,,,,,,,
2014-07-28,7.01,7.01,7.01,7.01,0,0.0,,,,,,,,
2014-07-29,7.01,7.01,7.01,7.01,0,0.0,,,,,,,,
2014-07-30,7.01,7.01,7.01,7.01,0,0.0,,,,,,,,
2014-07-31,7.167,7.167,7.167,7.167,900,6450.3,,,,,,,,
2014-08-01,7.167,7.167,7.167,7.167,0,0.0,,,,,,,,
2014-08-04,7.167,7.167,7.167,7.167,0,0.0,,,,,,,,
2014-08-05,7.167,7.167,7.167,7.167,0,0.0,,,,,,,,
2014-08-06,6.592,7.037,6.592,7.037,3300,23222.1,,,,,,,,
2014-08-07,7.037,7.037,7.037,7.037,0,0.0,,,,,,,,
2014-08-08,6.54,6.932,6.54,6.932,1900,13170.8,,,,,,,,
2014-08-11,6.357,6.906,6.357,6.906,500,3453.0,,,,,,,,
2014-08-12,7.01,7.01,7.01,7.01,1000,7010.0,,,,,,,,
2014-08-13,7.01,7.01,7.01,7.01,0,0.0,,,,,,,,
2014-08-14,7.063,7.063,7.063,7.063,100,706.3,,,,,,,,
2014-08-15,7.167,7.167,7.167,7.167,100,716.6999999999999,,,,,,,,
2014-08-18,6.54,7.063,6.487,7.063,6900,48734.7,,,,,,,,
2014-08-19,7.063,7.063,7.063,7.063,0,0.0,,,,,,,,
2014-08-20,6.435,7.063,6.435,7.063,500,3531.5,,,,,,,,
2014-08-21,7.063,7.063,7.063,7.063,0,0.0,,,,,,,,
2014-08-22,6.54,6.932,6.54,6.854,29900,204934.6,,,,,,,,
2014-08-25,6.801,6.801,6.54,6.54,1100,7194.0,,,,,,,,
2014-08-26,6.775,6.775,6.775,6.775,100,677.5,,,,,,,,
2014-08-27,6.775,6.827,6.749,6.827,1500,10240.5,,,,,,,,
2014-08-28,6.54,6.775,6.54,6.775,600,4065.0,,,,,,,,
2014-08-29,7.194,7.194,7.194,7.194,100,719.4,,,,,,,,
2014-09-03,6.54,6.775,6.54,6.54,9900,64746.0,,,,,,,,
2014-09-04,6.749,6.749,6.749,6.749,100,674.9,,,,,,,,
2014-09-05,6.54,6.723,6.54,6.723,700,4706.099999999999,,,,,,,,
2014-09-08,6.723,6.723,6.723,6.723,0,0.0,,,,,,,,
2014-09-09,6.2,6.723,6.2,6.226,4100,25526.6,,,,,,,,
2014-09-10,6.487,6.487,6.487,6.487,100,648.7,,,,,,,,
2014-09-11,6.487,6.487,6.487,6.487,0,0.0,,,,,,,,
2014-09-12,6.566,6.566,6.566,6.566,100,656.6,,,,,,,,
2014-09-15,6.566,6.566,6.566,6.566,0,0.0,,,,,,,,
2014-09-16,6.566,6.566,6.566,6.566,0,0.0,,,,,,,,
2014-09-17,6.566,6.566,6.566,6.566,0,0.0,,,,,,,,
2014-09-18,6.226,6.54,6.226,6.252,1900,11878.8,,,,,,,,
2014-09-19,6.54,6.854,6.54,6.854,12300,84304.2,,,,,,,,
2014-09-22,6.88,6.88,6.854,6.854,2500,17135.0,,,,,,,,
2014-09-23,6.854,6.88,6.67,6.67,4200,28014.0,,,,,,,,
2014-09-24,6.697,6.88,6.697,6.854,5200,35640.8,,,,,,,,
2014-09-25,6.749,6.854,6.697,6.854,5200,35640.8,,,,,,,,
2014-09-26,6.827,6.854,6.801,6.827,3500,23894.5,,,,,,,,
2014-09-29,7.195,7.195,7.195,7.195,2100,15109.5,,,,,,,,
2014-09-30,7.054,7.054,6.601,7.054,1700,11991.8,,,,,,,,
2014-10-01,6.997,7.025,6.799,7.025,800,5620.0,,,,,,,,
2014-10-02,7.025,7.025,7.025,7.025,0,0.0,,,,,,,,
2014-10-03,7.025,7.195,7.025,7.139,24700,176333.30000000002,,,,,,,,
2014-10-06,7.139,7.252,7.139,7.252,24100,174773.19999999998,,,,,,,,
2014-10-07,7.337,7.507,7.337,7.507,600,4504.2,,,,,,,,
2014-10-08,7.479,7.479,7.479,7.479,800,5983.2,,,,,,,,
2014-10-09,7.479,7.479,7.479,7.479,10,74.79,,,,,,,,
2014-10-10,7.649,7.649,7.139,7.224,10600,76574.40000000001,,,,,,,,
2014-10-13,7.139,7.394,7.139,7.394,15620,115494.28,,,,,,,,
2014-10-14,7.394,7.394,7.394,7.394,0,0.0,,,,,,,,
2014-10-15,7.139,7.365,7.139,7.365,10600,78069.0,,,,,,,,
2014-10-16,7.139,7.365,7.139,7.365,4600,33879.0,,,,,,,,
2014-10-17,7.139,7.337,7.139,7.337,1100,8070.7,,,,,,,,
2014-10-20,7.139,7.422,7.139,7.422,2300,17070.6,,,,,,,,
2014-10-21,7.422,7.422,7.422,7.422,0,0.0,,,,,,,,
2014-10-22,7.422,7.422,7.422,7.422,0,0.0,,,,,,,,
2014-10-23,7.252,7.252,7.252,7.252,100,725.1999999999999,,,,,,,,
2014-10-24,7.479,7.479,7.252,7.422,500,3711.0,,,,,,,,
2014-10-27,7.139,7.365,7.139,7.365,11100,81751.5,,,,,,,,
2014-10-28,7.365,7.365,7.365,7.365,0,0.0,,,,,,,,
2014-10-29,7.139,7.309,7.139,7.309,2700,19734.3,,,,,,,,
2014-10-30,7.309,7.365,7.309,7.365,3700,27250.5,,,,,,,,
2014-10-31,7.422,7.422,7.365,7.422,3600,26719.2,,,,,,,,
2014-11-03,8.159,8.159,8.159,8.159,117600,959498.4,,,,,,,,
2014-11-04,8.923,8.923,8.159,8.442,254300,2146800.6,,,,,,,,
2014-11-05,8.215,8.215,8.159,8.215,68000,558620.0,,,,,,,,
2014-11-06,8.187,8.187,7.564,8.13,139500,1134135.0,,,,,,,,
2014-11-07,8.102,8.187,8.102,8.159,204500,1668515.5000000002,,,,,,,,
2014-11-10,8.074,8.159,8.074,8.159,71400,582552.6000000001,,,,,,,,
2014-11-11,8.215,8.215,8.215,8.215,100,821.5,,,,,,,,
2014-11-12,7.592,8.187,7.592,8.187,200,1637.4,,,,,,,,
2014-11-13,7.535,7.564,7.535,7.564,400,3025.6,,,,,,,,
2014-11-14,8.159,8.159,8.159,8.159,100,815.9000000000001,,,,,,,,
2014-11-17,7.507,8.215,7.507,8.187,400,3274.8,,,,,,,,
2014-11-18,8.187,8.187,8.187,8.187,0,0.0,,,,,,,,
2014-11-19,8.187,8.187,8.187,8.187,0,0.0,,,,,,,,
2014-11-20,8.867,8.867,8.867,8.867,100,886.7,,,,,,,,
2014-11-21,8.867,8.867,8.867,8.867,0,0.0,,,,,,,,
2014-11-24,8.215,8.782,7.989,7.989,4500,35950.5,,,,,,,,
2014-11-25,7.592,8.272,7.592,7.649,700,5354.3,,,,,,,,
2014-11-26,7.649,7.649,7.649,7.649,0,0.0,,,,,,,,
2014-11-27,8.244,8.244,7.365,8.244,300,2473.2,,,,,,,,
2014-11-28,8.357,8.357,7.79,7.79,2500,19475.0,,,,,,,,
2014-12-01,7.79,7.79,7.79,7.79,0,0.0,,,,,,,,
2014-12-02,8.272,8.272,8.272,8.272,100,827.2,,,,,,,,
2014-12-03,7.535,7.535,7.535,7.535,100,753.5,,,,,,,,
2014-12-04,8.187,8.187,8.187,8.187,100,818.6999999999999,,,,,,,,
2014-12-05,7.932,8.159,7.932,8.159,200,1631.8000000000002,,,,,,,,
2014-12-08,8.159,8.159,8.159,8.159,300,2447.7000000000003,,,,,,,,
2014-12-09,7.649,8.187,7.535,8.187,5500,45028.5,,,,,,,,
2014-12-10,8.187,8.187,8.187,8.187,0,0.0,,,,,,,,
2014-12-11,7.932,8.215,7.932,8.159,19800,161548.2,,,,,,,,
2014-12-12,8.074,8.215,8.074,8.215,15000,123225.0,,,,,,,,
2014-12-15,8.215,8.215,8.215,8.215,0,0.0,,,,,,,,
2014-12-16,8.697,8.697,8.697,8.697,100,869.6999999999999,,,,,,,,
2014-12-17,8.045,8.045,8.045,8.045,5000,40225.0,,,,,,,,
2014-12-18,7.932,8.159,7.932,8.159,2300,18765.7,,,,,,,,
2014-12-19,8.159,8.159,8.159,8.159,0,0.0,,,,,,,,
2014-12-22,8.159,8.867,8.159,8.867,800,7093.6,,,,,,,,
2014-12-23,8.867,8.867,8.867,8.867,0,0.0,,,,,,,,
2014-12-24,8.867,8.867,8.867,8.867,0,0.0,,,,,,,,
2014-12-25,8.867,8.867,8.867,8.867,0,0.0,,,,,,,,
2014-12-26,8.867,8.867,8.867,8.867,0,0.0,,,,,,,,
2014-12-29,8.867,8.867,8.867,8.867,0,0.0,,,,,,,,
2014-12-30,8.499,8.499,8.499,8.499,100,849.9000000000001,,,,,,,,
2014-12-31,8.499,8.499,8.499,8.499,0,0.0,,,,,,,,
2015-01-05,8.499,8.499,8.499,8.499,0,0.0,,,,,,,,
2015-01-06,8.499,8.499,8.499,8.499,0,0.0,,,,,,,,
2015-01-07,8.499,8.499,8.499,8.499,0,0.0,,,,,,,,
2015-01-08,8.499,8.499,8.499,8.499,0,0.0,,,,,,,,
2015-01-09,8.499,8.499,8.499,8.499,0,0.0,,,,,,,,
2015-01-12,8.499,8.499,8.499,8.499,0,0.0,,,,,,,,
2015-01-13,8.499,8.499,8.499,8.499,0,0.0,,,,,,,,
2015-01-14,8.499,8.499,8.499,8.499,300,2549.7000000000003,,,,,,,,
2015-01-15,8.499,8.499,8.499,8.499,0,0.0,,,,,,,,
2015-01-16,8.074,8.357,8.074,8.357,800,6685.599999999999,,,,,,,,
2015-01-19,8.357,8.357,8.357,8.357,0,0.0,,,,,,,,
2015-01-20,9.065,9.065,9.065,9.065,100,906.5,,,,,,,,
2015-01-21,9.065,9.065,9.065,9.065,0,0.0,,,,,,,,
2015-01-22,9.065,9.065,9.065,9.065,0,0.0,,,,,,,,
2015-01-23,8.357,8.357,8.357,8.357,1100,9192.7,,,,,,,,
2015-01-26,8.357,8.357,8.357,8.357,0,0.0,,,,,,,,
2015-01-27,8.357,8.357,8.357,8.357,0,0.0,,,,,,,,
2015-01-28,8.357,8.357,8.357,8.357,0,0.0,,,,,,,,
2015-01-29,8.357,8.357,8.357,8.357,0,0.0,,,,,,,,
2015-01-30,8.357,8.357,8.357,8.357,0,0.0,,,,,,,,
2015-02-02,8.357,8.357,8.357,8.357,0,0.0,,,,,,,,
2015-02-03,8.357,8.357,8.357,8.357,0,0.0,,,,,,,,
2015-02-04,8.357,8.357,8.357,8.357,0,0.0,,,,,,,,
2015-02-05,8.357,8.357,8.357,8.357,0,0.0,,,,,,,,
2015-02-06,8.357,8.357,8.357,8.357,0,0.0,,,,,,,,
2015-02-09,8.357,8.357,8.357,8.357,0,0.0,,,,,,,,
2015-02-10,8.357,8.357,8.357,8.357,0,0.0,,,,,,,,
2015-02-11,8.357,8.357,8.357,8.357,0,0.0,,,,,,,,
2015-02-12,7.592,8.329,7.592,8.329,1100,9161.9,,,,,,,,
2015-02-13,8.329,8.329,8.329,8.329,0,0.0,,,,,,,,
2015-02-24,8.329,8.329,8.329,8.329,0,0.0,,,,,,,,
2015-02-25,8.329,8.329,8.329,8.329,0,0.0,,,,,,,,
2015-02-26,8.329,8.329,8.329,8.329,200,1665.8000000000002,,,,,,,,
2015-02-27,8.329,8.329,8.329,8.329,0,0.0,,,,,,,,
2015-03-02,8.329,8.329,8.329,8.329,0,0.0,,,,,,,,
2015-03-03,8.329,8.329,8.329,8.329,0,0.0,,,,,,,,
2015-03-04,8.187,8.187,8.187,8.187,800,6549.599999999999,,,,,,,,
2015-03-05,8.3,8.3,8.3,8.3,100,830.0000000000001,,,,,,,,
2015-03-06,7.79,8.13,7.79,8.13,200,1626.0000000000002,,,,,,,,
2015-03-09,8.13,8.13,8.13,8.13,0,0.0,,,,,,,,
2015-03-10,8.13,8.13,8.13,8.13,0,0.0,,,,,,,,
2015-03-11,8.159,8.159,8.159,8.159,100,815.9000000000001,,,,,,,,
2015-03-12,8.159,8.159,8.159,8.159,0,0.0,,,,,,,,
2015-03-13,8.159,8.159,8.159,8.159,0,0.0,,,,,,,,
2015-03-16,8.159,8.159,8.159,8.159,0,0.0,,,,,,,,
2015-03-17,8.159,8.159,8.159,8.159,0,0.0,,,,,,,,
2015-03-18,8.159,8.159,8.159,8.159,0,0.0,,,,,,,,
2015-03-19,8.159,8.159,8.159,8.159,0,0.0,,,,,,,,
2015-03-20,8.159,8.159,8.159,8.159,0,0.0,,,,,,,,
2015-03-23,8.159,8.159,8.159,8.159,0,0.0,,,,,,,,
2015-03-24,8.159,8.159,8.159,8.159,0,0.0,,,,,,,,
2015-03-25,8.159,8.159,8.159,8.159,0,0.0,,,,,,,,
2015-03-26,8.159,8.159,8.159,8.159,0,0.0,,,,,,,,
2015-03-27,7.365,8.074,7.365,8.074,200,1614.8,,,,,,,,
2015-03-30,8.159,8.159,8.159,8.159,100,815.9000000000001,,,,,,,,
2015-03-31,8.159,8.159,8.159,8.159,0,0.0,,,,,,,,
2015-04-01,8.159,8.159,8.159,8.159,0,0.0,,,,,,,,
2015-04-02,8.159,8.159,8.159,8.159,0,0.0,,,,,,,,
2015-04-03,8.159,8.159,8.159,8.159,0,0.0,,,,,,,,
2015-04-06,8.159,8.159,8.159,8.159,0,0.0,,,,,,,,
2015-04-07,8.159,8.159,8.159,8.159,0,0.0,,,,,,,,
2015-04-08,8.159,8.159,8.159,8.159,0,0.0,,,,,,,,
2015-04-09,7.365,8.017,7.365,8.017,200,1603.4,,,,,,,,
2015-04-10,8.442,8.442,8.442,8.442,100,844.2,,,,,,,,
2015-04-13,8.442,8.442,8.442,8.442,0,0.0,,,,,,,,
2015-04-14,7.62,8.329,7.62,8.329,700,5830.3,,,,,,,,
2015-04-15,7.507,7.62,7.507,7.62,52500,400050.0,,,,,,,,
2015-04-16,7.62,7.62,7.365,7.365,2400,17676.0,,,,,,,,
2015-04-17,7.365,7.365,7.365,7.365,0,0.0,,,,,,,,
2015-04-20,7.62,7.62,7.365,7.365,800,5892.0,,,,,,,,
2015-04-21,7.365,7.365,7.365,7.365,0,0.0,,,,,,,,
2015-04-22,7.62,7.62,7.62,7.62,600,4572.0,,,,,,,,
2015-04-23,7.62,7.62,7.62,7.62,0,0.0,,,,,,,,
2015-04-24,7.62,7.62,7.62,7.62,0,0.0,,,,,,,,
2015-04-27,7.62,7.62,7.62,7.62,0,0.0,,,,,,,,
2015-05-04,7.62,7.62,7.62,7.62,0,0.0,,,,,,,,
2015-05-05,7.62,7.62,7.62,7.62,0,0.0,,,,,,,,
2015-05-06,7.62,7.62,7.62,7.62,100,762.0,,,,,,,,
2015-05-07,7.62,7.62,7.62,7.62,0,0.0,,,,,,,,
2015-05-08,7.62,7.62,7.62,7.62,0,0.0,,,,,,,,
2015-05-11,7.62,7.62,7.62,7.62,0,0.0,,,,,,,,
2015-05-12,7.62,7.62,7.62,7.62,0,0.0,,,,,,,,
2015-05-13,7.62,7.62,7.62,7.62,1000,7620.0,,,,,,,,
2015-05-14,7.62,7.62,7.62,7.62,0,0.0,,,,,,,,
2015-05-15,7.62,7.62,7.62,7.62,0,0.0,,,,,,,,
2015-05-18,7.62,7.62,7.62,7.62,0,0.0,,,,,,,,
2015-05-19,7.62,7.62,7.62,7.62,0,0.0,,,,,,,,
2015-05-20,7.62,7.62,7.62,7.62,0,0.0,,,,,,,,
2015-05-21,7.62,7.62,7.62,7.62,0,0.0,,,,,,,,
2015-05-22,7.62,7.62,7.62,7.62,0,0.0,,,,,,,,
2015-05-25,7.62,7.62,7.62,7.62,0,0.0,,,,,,,,
2015-05-26,7.62,7.62,7.62,7.62,0,0.0,,,,,,,,
2015-05-27,7.62,7.62,7.62,7.62,0,0.0,,,,,,,,
2015-05-28,7.62,7.62,7.62,7.62,0,0.0,,,,,,,,
2015-05-29,7.649,7.649,7.649,7.649,1100,8413.9,,,,,,,,
2015-06-01,7.649,7.649,7.649,7.649,0,0.0,,,,,,,,
2015-06-02,7.649,7.649,7.649,7.649,0,0.0,,,,,,,,
2015-06-03,7.649,7.649,7.649,7.649,0,0.0,,,,,,,,
2015-06-04,7.649,7.649,7.649,7.649,0,0.0,,,,,,,,
2015-06-05,8.017,8.017,7.932,7.989,700,5592.3,,,,,,,,
2015-06-08,7.989,7.989,7.989,7.989,1200,9586.8,,,,,,,,
2015-06-09,7.989,7.989,7.989,7.989,0,0.0,,,,,,,,
2015-06-10,7.989,7.989,7.989,7.989,0,0.0,,,,,,,,
2015-06-11,7.989,7.989,7.989,7.989,0,0.0,,,,,,,,
2015-06-12,7.989,8.017,7.989,8.017,2000,16033.999999999998,,,,,,,,
2015-06-15,8.017,8.017,8.017,8.017,500,4008.5,,,,,,,,
2015-06-16,8.017,8.017,8.017,8.017,0,0.0,,,,,,,,
2015-06-17,8.017,8.017,8.017,8.017,0,0.0,,,,,,,,
2015-06-18,8.017,8.017,8.017,8.017,0,0.0,,,,,,,,
2015-06-19,8.017,8.017,8.017,8.017,100,801.6999999999999,,,,,,,,
2015-06-22,8.017,8.017,8.017,8.017,100,801.6999999999999,,,,,,,,
2015-06-23,8.017,8.017,8.017,8.017,0,0.0,,,,,,,,
2015-06-24,8.017,8.017,8.017,8.017,0,0.0,,,,,,,,
2015-06-25,7.705,7.705,7.705,7.705,500,3852.5,,,,,,,,
2015-06-26,7.195,7.795,7.195,7.795,1200,9354.0,,,,,,,,
2015-06-29,7.795,7.795,7.795,7.795,0,0.0,,,,,,,,
2015-06-30,7.795,7.795,7.795,7.795,0,0.0,,,,,,,,
2015-07-01,7.795,7.795,7.795,7.795,0,0.0,,,,,,,,
2015-07-02,7.795,7.795,7.795,7.795,0,0.0,,,,,,,,
2015-07-03,7.795,7.795,7.795,7.795,0,0.0,,,,,,,,
2015-07-06,7.795,7.795,7.795,7.795,0,0.0,,,,,,,,
2015-07-07,8.544,8.544,8.544,8.544,100,854.4000000000001,,,,,,,,
2015-07-08,8.544,8.544,8.544,8.544,0,0.0,,,,,,,,
2015-07-09,8.544,8.544,8.544,8.544,0,0.0,,,,,,,,
2015-07-10,8.544,8.544,8.544,8.544,0,0.0,,,,,,,,
2015-07-13,8.544,8.544,8.544,8.544,0,0.0,,,,,,,,
2015-07-14,8.544,8.544,8.544,8.544,0,0.0,,,,,,,,
2015-07-15,8.544,8.544,8.544,8.544,0,0.0,,,,,,,,
2015-07-16,8.544,8.544,8.544,8.544,0,0.0,,,,,,,,
2015-07-17,8.544,8.544,8.544,8.544,0,0.0,,,,,,,,
2015-07-20,8.544,8.544,8.544,8.544,0,0.0,,,,,,,,
2015-07-21,8.544,8.544,8.544,8.544,0,0.0,,,,,,,,
2015-07-22,8.544,8.544,8.544,8.544,0,0.0,,,,,,,,
2015-07-23,7.945,7.945,7.945,7.945,1000,7945.0,,,,,,,,
2015-07-24,7.675,7.675,7.675,7.675,800,6140.0,,,,,,,,
2015-07-27,7.675,7.675,7.675,7.675,0,0.0,,,,,,,,
2015-07-28,7.675,7.675,7.675,7.675,0,0.0,,,,,,,,
2015-07-29,7.675,7.675,7.675,7.675,0,0.0,,,,,,,,
2015-07-30,7.675,7.675,7.675,7.675,0,0.0,,,,,,,,
2015-07-31,7.675,7.675,7.675,7.675,2800,21490.0,,,,,,,,
2015-08-03,7.675,8.394,7.675,8.095,3800,30761.000000000004,,,,,,,,
2015-08-04,8.095,8.394,8.095,8.394,520000,4364880.0,,,,,,,,
2015-08-05,8.394,9.234,8.365,9.234,1148200,10602478.8,,,,,,,,
2015-08-06,9.894,10.133,9.234,9.264,58100,538238.3999999999,,,,,,,,
2015-08-07,9.264,10.133,8.994,10.133,170500,1727676.4999999998,,,,,,,,
2015-08-10,9.294,9.834,9.144,9.144,61400,561441.6,,,,,,,,
2015-08-11,9.144,9.144,8.424,8.634,61400,530127.6,,,,,,,,
2015-08-12,8.634,8.664,8.394,8.604,16500,141966.0,,,,,,,,
2015-08-13,8.604,8.604,8.365,8.394,22465,188571.21,,,,,,,,
2015-08-14,8.394,8.488,8.363,8.488,10600,89972.79999999999,,,,,,,,
2015-08-17,8.55,8.581,8.363,8.519,12500,106487.5,,,,,,,,
2015-08-18,8.394,8.394,8.301,8.301,16000,132816.0,,,,,,,,
2015-08-19,8.301,8.394,8.239,8.363,6900,57704.7,,,,,,,,
2015-08-20,8.332,8.332,8.177,8.332,11900,99150.8,,,,,,,,
2015-08-21,8.239,8.239,7.959,8.177,64020,523491.54,,,,,,,,
2015-08-24,8.177,8.177,7.928,8.052,50000,402600.0,,,,,,,,
2015-08-25,7.99,8.27,7.99,8.208,16300,133790.4,,,,,,,,
2015-08-26,8.208,8.643,8.208,8.643,19300,166809.90000000002,,,,,,,,
2015-08-27,8.55,8.861,8.55,8.83,26200,231346.0,,,,,,,,
2015-08-28,8.799,9.141,8.799,9.141,19000,173679.0,,,,,,,,
2015-08-31,8.767,9.109,8.705,9.109,8400,76515.6,,,,,,,,
2015-09-01,8.705,8.767,8.581,8.705,11500,100107.5,,,,,,,,
2015-09-03,8.55,8.705,8.394,8.705,8300,72251.5,,,,,,,,
2015-09-04,8.674,8.705,8.55,8.705,9800,85309.0,,,,,,,,
2015-09-07,8.674,8.674,8.674,8.674,100,867.4,,,,,,,,
2015-09-08,8.767,8.861,8.643,8.799,7500,65992.5,,,,,,,,
2015-09-09,8.799,8.861,8.799,8.861,5700,50507.7,,,,,,,,
2015-09-10,8.799,8.83,8.705,8.799,9300,81830.7,,,,,,,,
2015-09-11,8.799,8.985,8.736,8.954,4600,41188.4,,,,,,,,
2015-09-14,8.736,8.83,8.736,8.83,1000,8830.0,,,,,,,,
2015-09-15,8.83,8.83,8.736,8.83,8000,70640.0,,,,,,,,
2015-09-16,8.83,8.83,8.83,8.83,500,4415.0,,,,,,,,
2015-09-17,8.736,8.83,8.705,8.83,3400,30022.0,,,,,,,,
2015-09-18,8.83,8.83,8.705,8.799,6500,57193.5,,,,,,,,
2015-09-21,8.799,8.83,8.767,8.799,3400,29916.6,,,,,,,,
2015-09-22,8.83,8.954,8.799,8.954,10700,95807.8,,,,,,,,
2015-09-23,8.954,9.607,8.954,9.607,15200,146026.4,,,,,,,,
2015-09-24,9.607,9.638,9.576,9.638,1200,11565.6,,,,,,,,
2015-09-25,9.762,10.602,9.762,10.602,28700,304277.4,,,,,,,,
2015-09-28,11.597,11.659,10.913,11.597,47920,555728.24,,,,,,,,
2015-09-29,11.97,12.592,11.503,12.467,41495,517318.165,,,,,,,,
2015-09-30,12.592,12.623,12.001,12.001,10150,121810.15,,,,,,,,
2015-10-01,12.125,12.125,11.659,11.876,11900,141324.4,,,,,,,,
2015-10-02,11.97,11.97,11.379,11.659,17100,199368.9,,,,,,,,
2015-10-05,11.721,12.281,11.534,12.094,18300,221320.2,,,,,,,,
2015-10-06,12.032,12.125,11.876,12.125,17000,206125.0,,,,,,,,
2015-10-07,11.814,11.845,11.783,11.845,13340,158012.30000000002,,,,,,,,
2015-10-08,11.845,11.876,11.721,11.845,24100,285464.5,,,,,,,,
2015-10-09,11.845,11.845,11.783,11.845,16426,194565.97,,,,,,,,
2015-10-12,11.845,11.845,11.721,11.814,13200,155944.8,,,,,,,,
2015-10-13,11.814,12.374,11.814,12.374,22700,280889.8,,,,,,,,
2015-10-14,12.374,12.996,12.374,12.965,14625,189613.125,,,,,,,,
2015-10-15,12.965,12.965,12.436,12.747,19309,246131.823,,,,,,,,
2015-10-16,12.747,12.934,12.281,12.809,26110,334442.99,,,,,,,,
2015-10-19,12.809,13.431,12.809,13.431,10450,140353.94999999998,,,,,,,,
2015-10-20,13.369,13.649,12.747,13.058,5860,76519.88,,,,,,,,
2015-10-21,13.058,13.369,12.934,13.369,8200,109625.8,,,,,,,,
2015-10-22,13.462,13.555,12.747,13.555,9700,131483.5,,,,,,,,
2015-10-23,13.369,13.555,13.058,13.555,18300,248056.5,,,,,,,,
2015-10-26,13.524,13.649,13.524,13.618,9870,134409.66,,,,,,,,
2015-10-27,13.618,14.954,13.369,14.954,49650,742466.1,,,,,,,,
2015-10-28,16.322,16.447,15.856,16.447,56170,923827.99,,,,,,,,
2015-10-29,16.478,16.975,16.447,16.509,15200,250936.8,,,,,,,,
2015-10-30,16.447,16.571,15.545,16.011,32884,526505.7239999999,,,,,,,,
2015-11-02,16.011,16.011,14.923,15.172,42356,642625.2320000001,,,,,,,,
2015-11-03,15.079,15.856,14.923,15.794,30700,484875.8,,,,,,,,
2015-11-04,15.856,16.167,15.825,15.825,12400,196230.0,,,,,,,,
2015-11-05,15.825,15.98,15.825,15.856,11840,187735.04,,,,,,,,
2015-11-06,15.39,15.825,15.141,15.669,16100,252270.9,,,,,,,,
2015-11-09,15.701,15.701,15.234,15.234,18300,278782.2,,,,,,,,
2015-11-10,15.234,15.483,15.172,15.452,12200,188514.4,,,,,,,,
2015-11-11,15.39,15.701,15.39,15.545,16600,258047.0,,,,,,,,
2015-11-12,15.669,15.825,15.39,15.701,8252,129564.652,,,,,,,,
2015-11-13,15.701,17.255,15.234,17.255,67900,1171614.5,,,,,,,,
2015-11-16,17.423,17.591,17.155,17.423,23617,411478.991,,,,,,,,
2015-11-17,17.423,17.423,16.753,17.256,6810,117513.36,,,,,,,,
2015-11-18,16.753,17.021,16.619,17.021,12800,217868.8,,,,,,,,
2015-11-19,16.753,17.926,16.753,17.591,29942,526709.7220000001,,,,,,,,
2015-11-20,17.591,19.333,17.591,18.864,30500,575352.0,,,,,,,,
2015-11-23,18.83,19.769,18.763,19.4,21700,420980.0,,,,,,,,
2015-11-24,19.098,19.098,18.093,18.696,9000,168264.0,,,,,,,,
2015-11-25,18.596,18.596,17.926,18.361,20300,372728.3,,,,,,,,
2015-11-26,18.596,18.73,17.926,17.926,22600,405127.6,,,,,,,,
2015-11-27,18.361,18.428,16.82,17.088,23050,393878.4,,,,,,,,
2015-11-30,17.088,17.088,16.317,16.384,33100,542310.4,,,,,,,,
2015-12-01,16.083,17.055,14.81,16.552,51900,859048.7999999999,,,,,,,,
2015-12-02,16.418,16.921,15.949,16.753,6400,107219.2,,,,,,,,
2015-12-03,16.753,16.887,16.72,16.753,4300,72037.9,,,,,,,,
2015-12-04,16.753,16.921,16.485,16.585,4500,74632.5,,,,,,,,
2015-12-07,16.619,16.753,15.011,16.686,21300,355411.8,,,,,,,,
2015-12-08,16.116,17.356,16.116,17.222,13364,230154.808,,,,,,,,
2015-12-09,16.921,18.127,16.921,17.423,13700,238695.1,,,,,,,,
2015-12-10,17.423,17.758,16.921,17.289,1102,19052.478000000003,,,,,,,,
2015-12-11,17.289,17.356,17.088,17.356,2200,38183.2,,,,,,,,
2015-12-14,17.423,17.758,16.787,16.787,9700,162833.9,,,,,,,,
2015-12-15,16.787,17.423,16.787,17.222,1800,30999.6,,,,,,,,
2015-12-16,17.423,17.423,17.256,17.256,6100,105261.6,,,,,,,,
2015-12-17,17.256,17.256,17.256,17.256,1952,33683.712,,,,,,,,
2015-12-18,17.256,17.256,16.921,17.256,3600,62121.6,,,,,,,,
2015-12-21,17.256,17.256,16.686,16.686,5600,93441.6,,,,,,,,
2015-12-22,16.619,16.921,16.585,16.585,7084,117488.14,,,,,,,,
2015-12-23,16.753,16.753,16.585,16.585,5500,91217.5,,,,,,,,
2015-12-24,16.753,16.753,16.518,16.585,5200,86242.0,,,,,,,,
2015-12-25,16.418,16.418,16.284,16.284,7280,118547.52,,,,,,,,
2015-12-28,16.585,17.088,16.418,16.585,7200,119412.0,,,,,,,,
2015-12-29,16.585,16.753,16.418,16.72,4200,70224.0,,,,,,,,
2015-12-30,16.72,17.088,16.72,17.088,14050,240086.4,,,,,,,,
2015-12-31,17.256,17.256,17.256,17.256,300,5176.8,,,,,,,,
2016-01-04,16.518,17.088,16.518,17.088,600,10252.8,,,,,,,,
2016-01-05,16.485,16.72,16.418,16.418,3600,59104.8,,,,,,,,
2016-01-06,16.418,16.686,16.418,16.686,3800,63406.8,,,,,,,,
2016-01-07,16.552,16.619,16.284,16.619,700,11633.3,,,,,,,,
2016-01-08,16.451,16.518,16.351,16.518,1700,28080.6,,,,,,,,
2016-01-11,16.518,17.088,16.518,17.088,14230,243162.24,,,,,,,,
2016-01-12,16.921,16.921,16.854,16.921,400,6768.4,,,,,,,,
2016-01-13,16.753,18.428,16.25,18.428,8900,164009.2,,,,,,,,
2016-01-14,16.753,16.753,16.753,16.753,100,1675.3,,,,,,,,
2016-01-15,16.418,16.585,16.083,16.585,3400,56389.0,,,,,,,,
2016-01-18,16.25,16.284,16.083,16.25,21500,349375.0,,,,,,,,
2016-01-19,16.083,16.25,15.882,16.25,1580,25675.0,,,,,,,,
2016-01-20,16.753,16.753,15.915,16.083,20400,328093.19999999995,,,,,,,,
2016-01-21,16.083,16.083,15.748,15.882,10200,161996.4,,,,,,,,
2016-01-22,15.748,15.882,15.413,15.882,15000,238230.0,,,,,,,,
2016-01-25,16.083,16.418,15.748,15.915,7200,114588.0,,,,,,,,
2016-01-26,15.446,15.915,14.374,15.413,13800,212699.4,,,,,,,,
2016-01-27,15.58,15.681,15.245,15.58,11000,171380.0,,,,,,,,
2016-01-28,15.413,15.58,15.078,15.58,4100,63878.0,,,,,,,,
2016-01-29,15.513,15.513,15.513,15.513,2140,33197.82,,,,,,,,
2016-02-01,15.245,15.413,15.078,15.413,1600,24660.8,,,,,,,,
2016-02-02,15.379,15.379,15.379,15.379,210,3229.59,,,,,,,,
2016-02-03,15.245,15.379,15.245,15.379,1200,18454.8,,,,,,,,
2016-02-04,15.48,15.48,15.379,15.379,1000,15379.0,,,,,,,,
2016-02-05,15.379,15.58,15.379,15.58,4100,63878.0,,,,,,,,
2016-02-15,15.748,15.748,15.748,15.748,800,12598.4,,,,,,,,
2016-02-16,15.982,17.256,15.982,16.854,25900,436518.6,,,,,,,,
2016-02-17,17.088,17.088,16.753,16.753,8600,144075.8,,,,,,,,
2016-02-18,16.887,16.887,15.748,16.15,5178,83624.7,,,,,,,,
2016-02-19,16.25,16.351,16.116,16.217,4300,69733.09999999999,,,,,,,,
2016-02-22,16.217,16.25,16.016,16.25,5914,96102.5,,,,,,,,
2016-02-23,16.25,16.585,16.25,16.418,10878,178595.004,,,,,,,,
2016-02-24,16.384,16.384,16.116,16.317,5800,94638.6,,,,,,,,
2016-02-25,16.552,17.423,16.552,16.686,49150,820116.9,,,,,,,,
2016-02-26,17.222,18.093,17.222,17.892,29322,524629.2239999999,,,,,,,,
2016-02-29,18.093,18.093,17.423,17.725,16500,292462.5,,,,,,,,
2016-03-01,17.256,17.691,17.256,17.624,20000,352480.0,,,,,,,,
2016-03-02,17.423,17.758,17.423,17.557,9410,165211.37,,,,,,,,
2016-03-03,17.758,18.73,17.758,18.395,19700,362381.5,,,,,,,,
2016-03-04,18.395,18.931,18.395,18.763,23500,440930.50000000006,,,,,,,,
2016-03-07,18.763,18.763,18.428,18.562,2400,44548.8,,,,,,,,
2016-03-08,18.562,18.562,18.261,18.294,4100,75005.40000000001,,,,,,,,
2016-03-09,17.859,18.428,17.859,18.194,14100,256535.4,,,,,,,,
2016-03-10,18.294,19.098,18.294,19.031,16116,306703.596,,,,,,,,
2016-03-11,19.031,19.065,18.428,18.428,8100,149266.80000000002,,,,,,,,
2016-03-14,18.495,18.763,18.495,18.763,17400,326476.2,,,,,,,,
2016-03-15,18.596,18.73,18.227,18.73,10364,194117.72,,,,,,,,
2016-03-16,18.428,18.931,18.428,18.931,10372,196352.332,,,,,,,,
2016-03-17,19.434,20.439,19.266,20.372,11600,236315.2,,,,,,,,
2016-03-18,20.439,21.611,20.439,21.109,18908,399128.972,,,,,,,,
2016-03-21,21.109,21.276,20.774,21.109,8300,175204.7,,,,,,,,
2016-03-22,20.573,20.941,20.506,20.807,11338,235909.766,,,,,,,,
2016-03-23,20.774,22.315,20.707,21.745,20868,453774.66,,,,,,,,
2016-03-24,21.444,22.449,21.444,22.416,13766,308578.656,,,,,,,,
2016-03-25,22.282,22.282,21.611,21.846,12200,266521.2,,,,,,,,
2016-03-28,21.444,23.421,21.276,23.387,33200,776448.4,,,,,,,,
2016-03-29,23.454,23.722,23.119,23.119,14558,336566.402,,,,,,,,
2016-03-30,22.952,23.454,22.684,23.454,10400,243921.6,,,,,,,,
2016-03-31,23.421,23.454,22.952,22.952,18100,415431.2,,,,,,,,
2016-04-01,22.918,22.918,22.114,22.349,9780,218573.22,,,,,,,,
2016-04-04,22.114,22.349,21.98,22.282,14000,311948.0,,,,,,,,
2016-04-05,22.315,23.019,22.315,22.851,1900,43416.9,,,,,,,,
2016-04-06,22.449,22.952,22.449,22.952,5300,121645.6,,,,,,,,
2016-04-07,23.119,24.794,22.952,24.325,30400,739480.0,,,,,,,,
2016-04-08,24.325,25.096,24.292,24.794,30000,743820.0,,,,,,,,
2016-04-11,24.794,24.794,24.024,24.526,18940,464522.44,,,,,,,,
2016-04-12,23.789,24.526,23.789,24.292,9300,225915.6,,,,,,,,
2016-04-13,24.292,24.459,24.158,24.292,6000,145752.0,,,,,,,,
2016-04-14,24.359,25.13,24.359,24.794,24604,610031.576,,,,,,,,
2016-04-15,24.459,25.13,24.459,24.895,5200,129454.0,,,,,,,,
2016-04-19,24.895,25.465,24.895,25.13,29026,729423.38,,,,,,,,
2016-04-20,24.962,25.967,24.794,25.465,24180,615743.7,,,,,,,,
2016-04-21,25.465,28.011,25.465,27.81,23200,645192.0,,,,,,,,
2016-04-22,29.753,30.591,29.753,30.591,6296,192600.936,,,,,,,,
2016-04-25,33.506,33.64,32.501,33.64,67400,2267336.0,,,,,,,,
2016-04-26,35.181,36.857,34.344,36.187,30357,1098528.7589999998,,,,,,,,
2016-04-27,36.22,36.522,33.875,35.516,21452,761889.232,,,,,,,,
2016-04-28,35.516,35.516,33.205,33.607,25380,852945.66,,,,,,,,
2016-04-29,33.506,36.957,33.506,36.823,14802,545054.046,,,,,,,,
2016-05-04,37.527,37.862,36.823,37.326,11321,422567.646,,,,,,,,
2016-05-05,37.359,37.359,34.846,35.181,11538,405918.378,,,,,,,,
2016-05-06,35.181,35.181,32.836,32.836,30200,991647.2,,,,,,,,
2016-05-09,33.506,33.506,31.161,31.261,35800,1119143.8,,,,,,,,
2016-05-10,31.161,32.668,30.524,31.831,15574,495735.994,,,,,,,,
2016-05-11,31.831,33.339,31.831,33.171,21261,705248.6309999999,,,,,,,,
2016-05-12,33.506,33.506,32.501,32.501,8768,284968.768,,,,,,,,
2016-05-13,32.501,32.668,31.697,32.668,18860,616118.48,,,,,,,,
2016-05-16,32.668,32.836,31.328,32.199,14960,481697.04,,,,,,,,
2016-05-17,32.836,33.171,32.166,32.501,7210,234332.21,,,,,,,,
2016-05-18,32.501,32.534,31.831,31.831,8810,280431.11,,,,,,,,
2016-05-19,31.831,32.802,31.831,32.802,7160,234862.32,,,,,,,,
2016-05-20,33.003,35.483,32.802,35.416,29040,1028480.64,,,,,,,,
2016-05-23,35.516,37.929,35.516,36.823,20551,756749.473,,,,,,,,
2016-05-24,36.857,37.493,35.851,36.522,17610,643152.4199999999,,,,,,,,
2016-05-25,36.488,36.488,35.181,36.354,5800,210853.2,,,,,,,,
2016-05-26,36.522,36.522,34.846,35.148,25658,901827.384,,,,,,,,
2016-05-27,34.511,34.846,33.841,34.511,16100,555627.1000000001,,,,,,,,
2016-05-30,35.516,35.684,34.645,35.349,8500,300466.5,,,,,,,,
2016-05-31,35.684,35.684,34.679,34.679,19700,683176.3,,,,,,,,
2016-06-01,34.679,35.114,34.176,35.114,8700,305491.8,,,,,,,,
2016-06-02,34.837,36.23,34.14,35.847,14300,512612.1,,,,,,,,
2016-06-03,36.579,39.017,35.847,38.321,25440,974886.24,,,,,,,,
2016-06-06,38.321,38.843,36.579,37.972,13660,518697.52,,,,,,,,
2016-06-07,37.937,37.937,37.101,37.45,6400,239680.00000000003,,,,,,,,
2016-06-08,37.624,37.937,37.31,37.45,19150,717167.5,,,,,,,,
2016-06-09,37.484,39.366,37.484,38.948,30804,1199754.192,,,,,,,,
2016-06-10,38.669,39.714,38.669,39.714,23450,931293.3,,,,,,,,
2016-06-13,40.237,40.237,38.669,39.191,11950,468332.45,,,,,,,,
2016-06-14,39.087,39.087,38.321,39.017,5900,230200.3,,,,,,,,
2016-06-15,38.495,39.017,37.972,38.843,27904,1083875.0720000002,,,,,,,,
2016-06-16,38.739,39.366,38.321,38.843,12846,498977.1780000001,,,,,,,,
2016-06-17,38.843,38.843,38.425,38.843,11950,464173.85,,,,,,,,
2016-06-20,38.878,39.714,38.878,38.878,9900,384892.2,,,,,,,,
2016-06-21,38.878,39.714,38.878,39.575,13500,534262.5,,,,,,,,
2016-06-22,40.376,42.153,40.376,42.153,28690,1209369.57,,,,,,,,
2016-06-23,42.849,44.069,42.327,44.034,19600,863066.4,,,,,,,,
2016-06-24,43.198,43.372,39.644,41.804,53160,2222300.64,,,,,,,,
2016-06-27,41.804,41.804,38.321,40.759,12300,501335.7,,,,,,,,
2016-06-28,40.411,41.107,40.237,41.073,6870,282171.51,,,,,,,,
2016-06-29,41.421,42.849,41.142,42.187,10460,441276.02,,,,,,,,
2016-06-30,42.675,43.023,42.187,42.187,8400,354370.8,,,,,,,,
2016-07-01,42.187,42.849,41.874,42.605,14000,596470.0,,,,,,,,
2016-07-04,42.675,43.546,42.675,42.71,12582,537377.22,,,,,,,,
2016-07-05,42.849,43.337,42.501,42.64,24600,1048944.0,,,,,,,,
2016-07-06,42.919,42.919,42.153,42.536,9300,395584.8,,,,,,,,
2016-07-07,42.536,44.765,42.362,44.243,20410,902999.63,,,,,,,,
2016-07-08,43.894,43.894,42.675,43.058,10510,452539.58,,,,,,,,
2016-07-11,43.058,44.556,39.017,40.794,32910,1342530.5399999998,,,,,,,,
2016-07-12,40.759,40.759,39.4,40.411,24740,999768.14,,,,,,,,
2016-07-13,40.411,40.446,39.749,40.062,13810,553256.22,,,,,,,,
2016-07-14,39.714,39.714,36.927,36.927,72020,2659482.54,,,,,,,,
2016-07-15,36.927,37.275,36.579,37.101,26900,998016.9,,,,,,,,
2016-07-18,36.927,38.321,36.927,38.321,12752,488669.392,,,,,,,,
2016-07-19,38.321,40.167,37.693,39.54,36986,1462426.44,,,,,,,,
2016-07-20,40.167,43.198,40.028,41.769,43200,1804420.8,,,,,,,,
2016-07-21,43.546,45.288,41.769,41.804,47500,1985690.0,,,,,,,,
2016-07-22,42.675,42.849,40.062,41.769,25536,1066613.184,,,,,,,,
2016-07-25,41.804,42.849,41.177,41.456,30440,1261920.64,,,,,,,,
2016-07-26,41.107,41.247,40.062,41.107,11764,483582.748,,,,,,,,
2016-07-27,40.411,40.933,40.062,40.724,13126,534543.2239999999,,,,,,,,
2016-07-28,40.411,40.411,40.062,40.097,18000,721746.0,,,,,,,,
2016-07-29,40.062,40.933,40.062,40.062,15210,609343.02,,,,,,,,
2016-08-01,40.062,40.376,39.888,39.888,8800,351014.4,,,,,,,,
2016-08-02,39.54,39.54,38.321,38.321,11300,433027.3,,,,,,,,
2016-08-03,37.624,38.007,36.23,37.275,21100,786502.5,,,,,,,,
2016-08-04,37.275,38.321,36.962,36.962,11050,408430.1,,,,,,,,
2016-08-05,36.962,37.275,36.23,37.171,21300,791742.2999999999,,,,,,,,
2016-08-08,36.927,37.972,36.683,37.066,12600,467031.6,,,,,,,,
2016-08-09,37.066,37.937,37.066,37.554,20100,754835.4,,,,,,,,
2016-08-10,37.554,38.669,37.554,38.077,19600,746309.2,,,,,,,,
2016-08-11,38.077,38.739,38.077,38.634,7700,297481.8,,,,,,,,
2016-08-12,37.798,37.972,37.275,37.45,8000,299600.0,,,,,,,,
2016-08-15,36.788,37.45,36.753,37.275,7970,297081.75,,,,,,,,
2016-08-16,37.624,37.624,36.614,36.927,13290,490759.83,,,,,,,,
2016-08-17,36.753,37.798,36.579,37.45,16800,629160.0,,,,,,,,
2016-08-18,37.45,37.798,37.275,37.45,11460,429177.00000000006,,,,,,,,
2016-08-19,37.484,37.624,36.927,37.275,5972,222606.3,,,,,,,,
2016-08-22,37.275,37.275,36.718,37.101,6900,255996.9,,,,,,,,
2016-08-23,37.032,37.902,36.927,37.902,15850,600746.7000000001,,,,,,,,
2016-08-24,37.902,38.321,37.415,37.937,8030,304634.11,,,,,,,,
2016-08-25,37.972,37.972,37.275,37.902,15320,580658.64,,,,,,,,
2016-08-26,38.321,38.321,37.101,37.45,15180,568491.0,,,,,,,,
2016-08-29,37.171,37.45,37.032,37.275,9500,354112.5,,,,,,,,
2016-08-30,37.101,37.101,36.788,36.927,9400,347113.8,,,,,,,,
2016-08-31,37.101,37.798,37.101,37.624,17000,639608.0,,,,,,,,
2016-09-01,37.624,40.062,37.624,39.993,27960,1118204.28,,,,,,,,
2016-09-05,39.993,41.978,39.993,41.944,23426,982580.144,,,,,,,,
2016-09-06,42.222,43.894,41.978,43.093,25640,1104904.52,,,,,,,,
2016-09-07,43.198,43.198,42.153,42.989,10795,464066.255,,,,,,,,
2016-09-08,42.501,43.546,42.501,42.954,14735,632927.1900000001,,,,,,,,
2016-09-09,42.954,44.591,42.954,43.546,34602,1506778.692,,,,,,,,
2016-09-12,42.849,43.511,42.814,43.511,5400,234959.4,,,,,,,,
2016-09-13,42.884,43.372,42.327,43.198,14200,613411.6,,,,,,,,
2016-09-14,43.198,44.173,42.675,42.849,18500,792706.4999999999,,,,,,,,
2016-09-15,43.198,43.198,42.605,42.849,2600,111407.4,,,,,,,,
2016-09-16,42.814,43.86,42.814,43.546,9520,414557.92,,,,,,,,
2016-09-19,43.86,46.263,43.86,45.671,59237,2705413.027,,,,,,,,
2016-09-20,45.81,45.985,44.347,45.462,16610,755123.8200000001,,,,,,,,
2016-09-21,44.8,45.532,44.8,45.218,6400,289395.2,,,,,,,,
2016-09-22,44.94,47.03,44.94,46.403,44290,2055188.87,,,,,,,,
2016-09-23,46.681,47.726,46.403,47.517,16158,767779.6860000001,,,,,,,,
2016-09-26,48.388,48.737,48.075,48.423,9400,455176.2,,,,,,,,
2016-09-27,48.423,48.423,47.726,48.284,11702,565019.368,,,,,,,,
2016-09-28,48.388,48.388,47.587,47.901,17733,849428.4330000001,,,,,,,,
2016-09-29,47.726,49.991,47.378,49.817,39694,1977435.998,,,,,,,,
2016-09-30,49.817,52.429,49.817,52.046,53250,2771449.5,,,,,,,,
2016-10-03,52.429,53.126,51.559,51.559,25857,1333161.0629999998,,,,,,,,
2016-10-04,51.907,51.907,48.772,49.433,39046,1930160.918,,,,,,,,
2016-10-05,48.806,50.165,48.806,49.12,15410,756939.2,,,,,,,,
2016-10-06,48.806,51.559,48.806,51.21,16790,859815.9,,,,,,,,
2016-10-07,51.21,51.21,49.12,49.991,11038,551800.658,,,,,,,,
2016-10-10,50.339,50.339,47.692,47.692,14408,687146.336,,,,,,,,
2016-10-11,47.03,47.03,43.894,46.681,48837,2279759.997,,,,,,,,
2016-10-12,46.228,46.681,45.288,46.681,10500,490150.5,,,,,,,,
2016-10-13,46.681,46.681,45.81,45.81,9020,413206.2,,,,,,,,
2016-10-14,45.636,47.378,45.636,47.378,10367,491167.726,,,,,,,,
2016-10-17,47.552,47.552,46.542,46.542,2730,127059.66,,,,,,,,
2016-10-18,46.856,47.552,45.985,45.985,11108,510801.38,,,,,,,,
2016-10-19,45.81,46.995,44.243,44.243,43170,1909970.31,,,,,,,,
2016-10-20,44.243,44.591,42.849,44.556,8210,365804.76,,,,,,,,
2016-10-21,44.556,44.591,43.198,43.894,9000,395046.0,,,,,,,,
2016-10-24,43.191,43.226,41.435,41.435,25670,1063636.45,,,,,,,,
2016-10-25,40.733,42.453,40.733,42.383,11548,489438.884,,,,,,,,
2016-10-26,42.383,43.085,42.137,42.839,6102,261403.578,,,,,,,,
2016-10-27,43.296,44.595,42.839,44.244,21244,939919.536,,,,,,,,
2016-10-28,44.771,45.684,43.577,45.648,19120,872789.76,,,,,,,,
2016-10-31,46.702,47.404,45.297,46.877,24230,1135829.71,,,,,,,,
2016-11-01,47.053,47.404,46.877,47.369,14097,667760.793,,,,,,,,
2016-11-02,47.334,47.369,45.754,46.0,5280,242880.0,,,,,,,,
2016-11-03,43.893,45.648,43.893,45.297,11510,521368.47,,,,,,,,
2016-11-04,44.595,45.262,44.314,45.227,5300,239703.1,,,,,,,,
2016-11-07,43.191,45.438,43.191,45.297,12530,567571.4099999999,,,,,,,,
2016-11-08,47.053,47.053,43.542,44.174,23020,1016885.48,,,,,,,,
2016-11-09,45.521,47.839,41.727,42.528,13800,586886.4,,,,,,,,
2016-11-10,46.364,46.364,44.256,46.069,21290,980809.01,,,,,,,,
2016-11-11,46.364,46.785,44.678,46.364,7800,361639.2,,,,,,,,
2016-11-14,45.141,46.364,44.256,44.973,8600,386767.8,,,,,,,,
2016-11-15,44.256,45.057,43.455,44.298,6600,292366.8,,,,,,,,
2016-11-16,45.226,45.226,44.467,44.973,3000,134919.0,,,,,,,,
2016-11-17,45.057,45.057,44.046,44.931,2000,89862.0,,,,,,,,
2016-11-18,44.088,45.099,43.835,44.046,5810,255907.26,,,,,,,,
2016-11-21,42.233,44.256,42.233,43.835,2710,118792.85,,,,,,,,
2016-11-22,43.835,43.835,42.992,43.413,10300,447153.9,,,,,,,,
2016-11-23,43.413,44.256,42.992,43.793,3015,132035.895,,,,,,,,
2016-11-24,43.793,43.793,43.203,43.413,5820,252663.66,,,,,,,,
2016-11-25,42.992,43.371,42.149,43.076,12900,555680.4,,,,,,,,
2016-11-28,45.521,45.521,42.57,42.781,4280,183102.68,,,,,,,,
2016-11-29,42.992,42.992,42.149,42.781,6820,291766.42,,,,,,,,
2016-11-30,42.191,42.57,41.727,42.57,8410,358013.7,,,,,,,,
2016-12-01,42.781,42.781,41.938,42.149,10170,428655.33,,,,,,,,
2016-12-02,42.149,42.57,39.409,40.463,24810,1003887.03,,,,,,,,
2016-12-05,40.463,40.463,37.934,37.976,33310,1264980.56,,,,,,,,
2016-12-06,37.934,37.976,36.248,36.67,23145,848727.15,,,,,,,,
2016-12-07,37.934,37.934,36.248,37.091,9060,336044.46,,,,,,,,
2016-12-08,37.302,38.103,36.29,38.103,9300,354357.9,,,,,,,,
2016-12-09,37.934,38.566,37.934,38.271,8700,332957.7,,,,,,,,
2016-12-12,37.934,37.934,36.67,37.934,5750,218120.5,,,,,,,,
2016-12-13,38.103,38.103,36.248,36.459,15600,568760.4,,,,,,,,
2016-12-14,35.405,37.428,35.405,36.712,7420,272403.04000000004,,,,,,,,
2016-12-15,36.754,36.754,35.953,35.953,8500,305600.5,,,,,,,,
2016-12-16,37.049,37.049,35.911,35.995,14515,522467.425,,,,,,,,
2016-12-19,36.88,37.049,36.248,36.501,12300,448962.3,,,,,,,,
2016-12-20,37.091,37.765,37.091,37.217,7700,286570.9,,,,,,,,
2016-12-21,37.808,37.85,36.67,37.302,2600,96985.2,,,,,,,,
2016-12-22,36.374,36.88,36.332,36.332,2700,98096.4,,,,,,,,
2016-12-23,36.332,36.838,36.079,36.838,4310,158771.78,,,,,,,,
2016-12-26,36.248,36.248,35.784,35.827,19600,702209.2,,,,,,,,
2016-12-27,36.585,36.67,35.827,36.67,7600,278692.0,,,,,,,,
2016-12-28,35.911,36.585,35.869,36.585,5700,208534.5,,,,,,,,
2016-12-29,36.585,36.627,36.248,36.374,7400,269167.60000000003,,,,,,,,
2016-12-30,36.501,36.838,36.459,36.838,1600,58940.8,,,,,,,,
2017-01-03,37.26,37.513,37.26,37.344,7000,261408.0,,,,,,,,
2017-01-04,37.344,38.355,37.344,37.892,3630,137547.96000000002,,,,,,,,
2017-01-05,38.398,38.398,37.091,37.091,10100,374619.1,,,,,,,,
2017-01-06,36.037,37.513,33.508,37.428,5500,205854.0,,,,,,,,
2017-01-09,37.091,37.217,36.459,37.091,1910,70843.81,,,,,,,,
2017-01-10,36.29,37.007,36.248,37.007,940,34786.579999999994,,,,,,,,
2017-01-11,37.007,37.007,36.459,37.007,6800,251647.6,,,,,,,,
2017-01-12,37.934,37.934,36.459,36.965,3585,132519.52500000002,,,,,,,,
2017-01-13,36.67,37.639,36.67,37.091,6400,237382.4,,,,,,,,
2017-01-16,36.88,37.091,36.459,37.049,13168,487861.232,,,,,,,,
2017-01-17,36.88,37.007,36.627,37.007,8832,326845.824,,,,,,,,
2017-01-18,36.88,37.091,36.67,36.67,3020,110743.4,,,,,,,,
2017-01-19,36.67,37.513,36.543,37.513,25615,960895.495,,,,,,,,
2017-01-20,36.88,37.302,36.459,37.049,14400,533505.6,,,,,,,,
2017-01-23,37.049,37.049,36.248,36.248,11820,428451.36,,,,,,,,
2017-01-24,36.67,37.049,36.037,36.037,20200,727947.4,,,,,,,,
2017-01-25,35.869,36.037,35.869,36.037,9241,333017.917,,,,,,,,
2017-02-02,36.037,37.091,36.037,36.88,7278,268412.64,,,,,,,,
2017-02-03,37.133,37.133,36.754,36.754,15110,555352.94,,,,,,,,
2017-02-06,36.88,40.421,36.838,40.041,34450,1379412.45,,,,,,,,
2017-02-07,40.041,41.938,40.041,40.884,43505,1778658.42,,,,,,,,
2017-02-08,40.884,40.884,39.198,39.957,11411,455949.327,,,,,,,,
2017-02-09,38.988,40.463,38.988,40.463,13740,555961.62,,,,,,,,
2017-02-10,40.463,41.517,40.463,41.474,14786,613234.5639999999,,,,,,,,
2017-02-13,41.306,43.203,41.306,43.203,12117,523490.7510000001,,,,,,,,
2017-02-14,43.203,43.54,42.486,43.203,9110,393579.33,,,,,,,,
2017-02-15,42.992,43.203,41.938,42.149,11888,501067.312,,,,,,,,
2017-02-16,42.57,42.57,41.095,41.095,9080,373142.6,,,,,,,,
2017-02-17,41.095,42.149,40.463,42.149,52790,2225045.71,,,,,,,,
2017-02-20,42.149,42.992,41.727,42.528,24731,1051759.968,,,,,,,,
2017-02-21,42.191,44.509,42.149,43.287,12184,527408.808,,,,,,,,
2017-02-22,43.329,44.256,43.329,43.751,16148,706491.1479999999,,,,,,,,
2017-02-23,44.256,44.256,42.36,43.708,18850,823895.7999999999,,,,,,,,
2017-02-24,43.835,44.003,42.149,42.992,14340,616505.2799999999,,,,,,,,
2017-02-27,42.149,42.781,41.727,42.149,21600,910418.4,,,,,,,,
2017-02-28,42.149,43.203,41.938,42.57,50312,2141781.84,,,,,,,,
2017-03-01,42.655,43.835,42.57,43.413,2500,108532.5,,,,,,,,
2017-03-02,42.992,44.256,42.613,44.172,16240,717353.2799999999,,,,,,,,
2017-03-03,43.835,44.256,43.413,43.919,4450,195439.55,,,,,,,,
2017-03-06,43.919,46.364,43.919,46.322,30640,1419306.08,,,,,,,,
2017-03-07,46.785,47.165,45.942,46.069,7400,340910.60000000003,,,,,,,,
2017-03-08,46.153,47.207,46.153,47.122,8580,404306.76,,,,,,,,
2017-03-09,47.628,48.218,47.207,47.713,16470,785833.11,,,,,,,,
2017-03-10,48.008,48.05,46.49,48.008,6760,324534.08,,,,,,,,
2017-03-13,48.05,48.513,47.923,48.345,19720,953363.4,,,,,,,,
2017-03-14,48.471,48.766,48.345,48.471,21850,1059091.35,,,,,,,,
2017-03-15,48.471,50.157,48.471,49.736,14682,730223.9519999999,,,,,,,,
2017-03-16,49.736,50.537,49.736,50.494,21737,1097588.078,,,,,,,,
2017-03-17,50.705,51.211,50.494,50.579,16830,851244.5700000001,,,,,,,,
2017-03-20,51.422,52.265,51.0,52.18,18459,963190.62,,,,,,,,
2017-03-21,51.632,52.18,50.579,51.422,23543,1210628.146,,,,,,,,
2017-03-22,51.0,51.422,50.157,50.958,75830,3864145.14,,,,,,,,
2017-03-23,51.0,52.265,50.958,52.265,13920,727528.8,,,,,,,,
2017-03-24,52.265,53.529,52.265,52.307,17170,898111.1900000001,,,,,,,,
2017-03-27,53.108,53.529,53.108,53.318,7091,378077.938,,,,,,,,
2017-03-28,53.108,53.36,52.897,53.108,10900,578877.2,,,,,,,,
2017-03-29,53.108,54.498,51.843,53.951,19080,1029385.08,,,,,,,,
2017-03-30,53.529,55.089,53.529,54.794,8672,475173.568,,,,,,,,
2017-03-31,55.637,55.637,54.203,54.878,12820,703535.96,,,,,,,,
2017-04-03,54.878,54.878,54.161,54.794,15010,822457.94,,,,,,,,
2017-04-04,54.794,54.794,53.782,54.372,23500,1277742.0,,,,,,,,
2017-04-05,53.951,53.993,53.529,53.951,12210,658741.71,,,,,,,,
2017-04-07,53.951,53.951,52.686,53.529,47120,2522286.48,,,,,,,,
2017-04-10,53.318,56.058,53.318,56.058,46900,2629120.2,,,,,,,,
2017-04-11,55.637,59.767,55.637,58.713,13420,787928.46,,,,,,,,
2017-04-12,58.713,59.008,58.165,58.713,7660,449741.58,,,,,,,,
2017-04-13,58.798,60.694,58.798,60.694,19240,1167752.56,,,,,,,,
2017-04-14,60.779,62.212,59.43,61.706,25720,1587078.32,,,,,,,,
2017-04-17,62.338,63.603,62.338,63.181,30420,1921966.02,,,,,,,,
2017-04-18,63.223,63.434,62.38,62.507,17988,1124375.916,,,,,,,,
2017-04-19,63.013,67.438,63.013,64.488,43809,2825154.792,,,,,,,,
2017-04-20,64.699,65.331,64.488,65.331,11298,738109.638,,,,,,,,
2017-04-21,65.331,70.051,65.331,68.281,66810,4561853.61,,,,,,,,
2017-04-24,69.546,72.918,69.546,71.653,58810,4213912.930000001,,,,,,,,
2017-04-25,72.075,72.075,69.124,69.967,31160,2180171.72,,,,,,,,
2017-04-26,69.967,72.075,68.703,69.967,39030,2730812.01,,,,,,,,
2017-04-27,71.232,72.412,71.232,72.243,9645,696783.735,,,,,,,,
2017-04-28,71.442,77.975,70.81,75.868,23630,1792760.84,,,,,,,,
2017-05-03,75.868,77.132,75.868,76.289,19028,1451627.092,,,,,,,,
2017-05-04,76.5,76.922,75.868,76.922,15445,1188060.29,,,,,,,,
2017-05-05,76.289,79.451,76.289,77.554,16620,1288947.48,,,,,,,,
2017-05-08,79.577,79.577,75.868,77.385,14650,1133690.25,,,,,,,,
2017-05-09,75.868,78.818,75.868,76.753,17623,1352618.119,,,,,,,,
2017-05-10,75.868,75.868,73.128,73.128,52420,3833369.76,,,,,,,,
2017-05-11,72.707,73.971,72.707,73.971,15220,1125838.62,,,,,,,,
2017-05-12,73.971,74.604,73.339,74.604,12959,966793.236,,,,,,,,
2017-05-15,74.604,75.025,73.339,73.971,22510,1665087.2100000002,,,,,,,,
2017-05-16,73.761,74.182,73.297,73.761,18250,1346138.25,,,,,,,,
2017-05-17,72.918,76.289,72.749,73.971,28000,2071188.0,,,,,,,,
2017-05-18,73.971,75.446,73.971,74.308,36392,2704216.736,,,,,,,,
2017-05-19,66.89,75.194,66.89,74.435,23800,1771553.0,,,,,,,,
2017-05-22,73.761,75.236,73.761,74.856,14486,1084364.0159999998,,,,,,,,
2017-05-23,75.025,78.818,75.025,78.397,53810,4218542.57,,,,,,,,
2017-05-24,78.397,79.366,78.397,79.24,16292,1290978.0799999998,,,,,,,,
2017-05-25,79.24,82.57,79.24,82.57,20336,1679143.5199999998,,,,,,,,
2017-05-26,84.256,84.719,80.715,84.298,23535,1983953.43,,,,,,,,
2017-05-29,83.455,83.876,82.612,82.612,17840,1473798.0799999998,,,,,,,,
2017-05-30,82.823,83.455,81.769,82.654,11030,911673.62,,,,,,,,
2017-05-31,82.401,82.401,80.926,81.347,28430,2312695.21,,,,,,,,
2017-06-01,80.926,80.926,78.818,80.715,23164,1869682.26,,,,,,,,
2017-06-02,79.24,80.083,78.397,78.818,14330,1129461.94,,,,,,,,
2017-06-05,77.975,77.975,76.289,76.88,26782,2059000.16,,,,,,,,
2017-06-06,77.554,79.577,77.006,77.554,8730,677046.42,,,,,,,,
2017-06-07,77.343,78.397,77.343,78.27,8630,675470.1,,,,,,,,
2017-06-08,77.554,78.776,77.554,78.186,8150,637215.9,,,,,,,,
2017-06-09,78.186,78.439,76.753,77.975,6282,489838.95,,,,,,,,
2017-06-12,77.554,78.228,77.554,77.68,10965,851761.2000000001,,,,,,,,
2017-06-13,77.68,77.765,76.711,77.765,8200,637673.0,,,,,,,,
2017-06-14,76.711,77.765,76.711,77.427,5077,393096.879,,,,,,,,
2017-06-15,77.554,78.818,76.922,77.512,13010,1008431.12,,,,,,,,
2017-06-16,77.554,78.228,77.512,77.512,10270,796048.24,,,,,,,,
2017-06-19,77.554,77.891,77.259,77.47,5000,387350.0,,,,,,,,
2017-06-20,77.554,77.554,77.132,77.427,5021,388760.96700000006,,,,,,,,
2017-06-21,77.343,77.343,75.446,76.711,16730,1283375.03,,,,,,,,
2017-06-22,75.952,75.952,74.393,74.393,37350,2778578.55,,,,,,,,
2017-06-23,74.182,75.194,72.496,74.814,49200,3680848.8,,,,,,,,
2017-06-26,74.182,74.308,74.013,74.013,15543,1150384.059,,,,,,,,
2017-06-27,74.182,74.182,73.339,73.761,10140,747936.5399999999,,,,,,,,
2017-06-28,73.761,75.446,73.339,74.393,17204,1279857.172,,,,,,,,
2017-06-29,74.013,74.182,70.389,73.761,21620,1594712.8199999998,,,,,,,,
2017-06-30,73.761,74.983,73.55,73.761,12648,932929.128,,,,,,,,
2017-07-03,72.496,73.761,72.496,72.58,8011,581438.38,,,,,,,,
2017-07-04,72.496,75.868,72.496,74.393,32300,2402893.9,,,,,,,,
2017-07-05,74.604,74.604,73.676,73.971,12610,932774.31,,,,,,,,
2017-07-06,73.761,74.182,73.465,73.718,13335,983029.53,,,,,,,,
2017-07-07,73.381,73.465,72.496,73.128,31210,2282324.88,,,,,,,,
2017-07-10,72.918,72.918,72.075,72.833,19808,1442676.064,,,,,,,,
2017-07-11,72.707,72.833,72.159,72.833,7800,568097.4,,,,,,,,
2017-07-12,72.075,72.918,72.075,72.496,22233,1611803.568,,,,,,,,
2017-07-13,72.496,73.55,72.496,73.55,11728,862594.4,,,,,,,,
2017-07-14,73.55,75.025,73.044,74.941,13820,1035684.62,,,,,,,,
2017-07-17,74.182,74.182,72.918,73.676,9500,699922.0,,,,,,,,
2017-07-18,73.339,73.339,72.496,73.339,8100,594045.9,,,,,,,,
2017-07-19,67.438,73.339,67.017,70.389,42620,2999979.18,,,,,,,,
2017-07-20,68.913,68.913,64.066,66.932,35448,2372605.536,,,,,,,,
2017-07-21,66.595,67.438,64.066,66.174,27430,1815152.82,,,,,,,,
2017-07-24,64.488,65.542,64.488,65.331,6900,450783.9,,,,,,,,
2017-07-25,65.331,68.281,64.909,67.438,15203,1025259.914,,,,,,,,
2017-07-26,67.438,71.653,67.438,70.262,25035,1759009.17,,,,,,,,
2017-07-27,70.81,71.232,69.124,69.124,3150,217740.6,,,,,,,,
2017-07-28,73.255,73.255,69.63,71.653,3300,236454.9,,,,,,,,
2017-07-31,71.232,71.232,69.124,69.588,5968,415301.184,,,,,,,,
2017-08-01,69.588,69.588,68.323,69.124,7350,508061.4,,,,,,,,
2017-08-02,69.124,69.546,68.281,69.293,24300,1683819.9,,,,,,,,
2017-08-03,69.335,69.461,68.913,69.335,9020,625401.7,,,,,,,,
2017-08-04,69.335,69.967,69.124,69.546,6700,465958.20000000007,,,,,,,,
2017-08-07,69.546,70.304,69.419,70.304,13130,923091.52,,,,,,,,
2017-08-08,70.389,70.389,69.756,69.967,5620,393214.54,,,,,,,,
2017-08-09,69.546,69.546,69.124,69.335,10346,717339.9099999999,,,,,,,,
2017-08-10,69.124,69.335,68.703,69.335,9400,651748.9999999999,,,,,,,,
2017-08-11,69.335,69.335,68.281,69.293,8300,575131.9,,,,,,,,
2017-08-14,68.745,68.913,68.492,68.492,5920,405472.64,,,,,,,,
2017-08-15,68.492,69.124,68.492,68.618,4110,282019.98,,,,,,,,
2017-08-16,68.618,69.124,68.618,68.913,11020,759421.26,,,,,,,,
2017-08-17,68.913,70.051,68.913,69.377,21546,1494796.842,,,,,,,,
2017-08-18,69.124,69.967,69.124,69.799,10400,725909.6000000001,,,,,,,,
2017-08-21,69.546,71.021,69.546,70.81,14900,1055069.0,,,,,,,,
2017-08-22,71.021,71.232,70.81,71.147,10160,722853.52,,,,,,,,
2017-08-23,71.147,71.147,70.726,71.063,9100,646673.3,,,,,,,,
2017-08-24,71.021,71.021,69.799,70.178,15600,1094776.8,,,,,,,,
2017-08-25,69.799,70.599,69.799,70.599,9000,635391.0,,,,,,,,
2017-08-28,70.389,70.599,70.178,70.599,2200,155317.80000000002,,,,,,,,
2017-08-29,69.799,70.389,69.756,70.094,6310,442293.14,,,,,,,,
2017-08-30,69.546,69.588,69.546,69.588,8360,581755.6799999999,,,,,,,,
2017-08-31,69.546,69.967,69.546,69.756,9350,652218.6,,,,,,,,
2017-09-01,69.588,69.967,69.546,69.883,6600,461227.8,,,,,,,,
2017-09-05,69.883,76.837,69.883,72.37,17664,1278343.6800000002,,,,,,,,
2017-09-06,71.695,73.971,71.695,73.676,21645,1594717.02,,,,,,,,
2017-09-07,72.96,78.818,72.96,76.922,22184,1706437.648,,,,,,,,
2017-09-08,77.048,77.048,75.446,75.868,12300,933176.4,,,,,,,,
2017-09-11,76.289,77.343,75.868,77.132,26735,2062124.02,,,,,,,,
2017-09-12,77.132,77.891,77.132,77.68,16360,1270844.8,,,,,,,,
2017-09-13,77.975,78.734,77.975,78.186,39191,3064187.526,,,,,,,,
2017-09-14,78.186,78.355,77.132,78.186,15530,1214228.58,,,,,,,,
2017-09-15,77.343,77.975,76.711,77.47,11360,880059.2,,,,,,,,
2017-09-18,76.711,78.397,76.711,77.132,18300,1411515.6,,,,,,,,
2017-09-19,77.132,77.554,75.91,76.289,24020,1832461.78,,,,,,,,
2017-09-20,76.289,76.289,72.749,72.749,32367,2354666.883,,,,,,,,
2017-09-21,72.749,72.749,70.81,71.232,25117,1789134.144,,,,,,,,
2017-09-22,71.232,72.707,71.232,72.285,5310,383833.35,,,,,,,,
2017-09-25,71.864,73.339,71.864,73.002,33330,2433156.66,,,,,,,,
2017-09-26,73.002,73.002,72.075,72.285,11426,825928.4099999999,,,,,,,,
2017-09-27,72.285,74.604,72.285,73.803,24580,1814077.74,,,,,,,,
2017-09-28,73.845,78.397,73.845,75.404,15110,1139354.44,,,,,,,,
2017-09-29,75.446,75.446,75.067,75.404,5000,377020.0,,,,,,,,
2017-10-02,74.604,75.236,73.761,74.393,12080,898667.4400000001,,,,,,,,
2017-10-03,74.393,74.814,73.971,74.604,13910,1037741.64,,,,,,,,
2017-10-04,73.971,74.604,73.971,74.604,8600,641594.4,,,,,,,,
2017-10-05,74.604,75.868,74.393,75.025,34494,2587912.35,,,,,,,,
2017-10-06,75.025,75.025,73.803,74.266,6500,482729.00000000006,,,,,,,,
2017-10-09,75.657,75.657,74.266,74.604,3610,269320.44,,,,,,,,
2017-10-10,75.868,75.868,73.761,74.393,11040,821298.72,,,,,,,,
2017-10-11,74.396,76.136,73.961,74.396,46900,3489172.4,,,,,,,,
2017-10-12,74.396,75.048,74.396,74.526,14930,1112673.18,,,,,,,,
2017-10-13,74.526,75.266,73.961,75.222,19600,1474351.2,,,,,,,,
2017-10-16,75.222,75.222,74.396,74.396,5000,371980.0,,,,,,,,
2017-10-17,74.396,74.613,74.396,74.613,14330,1069204.29,,,,,,,,
2017-10-18,74.613,74.613,73.961,74.178,5610,416138.58,,,,,,,,
2017-10-19,74.178,74.657,74.178,74.439,12300,915599.7,,,,,,,,
2017-10-20,73.961,74.744,71.35,72.655,36000,2615580.0,,,,,,,,
2017-10-23,69.61,79.921,68.305,73.917,59380,4389191.46,,,,,,,,
2017-10-24,70.089,73.961,69.61,73.961,7400,547311.4,,,,,,,,
2017-10-25,78.311,78.311,70.045,72.655,2500,181637.5,,,,,,,,
2017-10-26,69.828,71.35,68.74,71.307,5680,405023.76,,,,,,,,
2017-10-27,69.61,70.48,69.61,69.61,5300,368933.0,,,,,,,,
2017-10-30,69.61,71.35,69.61,69.654,3910,272347.14,,,,,,,,
2017-10-31,69.61,69.61,69.175,69.61,2400,167064.0,,,,,,,,
2017-11-01,69.61,69.61,69.175,69.61,6145,427753.45,,,,,,,,
2017-11-02,69.175,69.567,67.435,68.261,12500,853262.5,,,,,,,,
2017-11-03,68.74,69.131,67.0,69.131,12200,843398.2,,,,,,,,
2017-11-06,67.87,68.74,67.87,68.74,9100,625534.0,,,,,,,,
2017-11-07,68.305,68.957,68.305,68.74,3960,272210.4,,,,,,,,
2017-11-08,68.74,68.74,68.305,68.305,5100,348355.50000000006,,,,,,,,
2017-11-09,68.522,68.522,67.87,68.305,5200,355186.00000000006,,,,,,,,
2017-11-10,68.305,71.785,68.305,69.871,10451,730221.821,,,,,,,,
2017-11-13,69.175,70.263,68.74,70.263,9300,653445.9,,,,,,,,
2017-11-14,70.263,70.915,70.263,70.698,8400,593863.2,,,,,,,,
2017-11-15,70.263,70.698,70.263,70.306,17900,1258477.4,,,,,,,,
2017-11-16,70.306,71.35,70.306,70.698,9100,643351.7999999999,,,,,,,,
2017-11-17,70.915,71.133,70.045,71.133,7501,533568.6329999999,,,,,,,,
2017-11-20,70.48,70.915,70.263,70.698,4138,292548.324,,,,,,,,
2017-11-21,70.48,70.48,69.61,69.61,6100,424621.0,,,,,,,,
2017-11-22,69.61,70.393,69.175,70.045,8700,609391.5,,,,,,,,
2017-11-23,70.045,70.915,70.045,70.48,13500,951480.0,,,,,,,,
2017-11-24,70.48,72.655,70.48,72.655,18700,1358648.5,,,,,,,,
2017-11-27,71.785,73.961,71.785,72.655,12610,916179.55,,,,,,,,
2017-11-28,71.785,72.22,71.785,71.785,6400,459424.0,,,,,,,,
2017-11-29,71.785,72.22,69.61,70.437,11400,802981.7999999999,,,,,,,,
2017-11-30,70.48,70.48,70.045,70.48,6500,458120.0,,,,,,,,
2017-12-01,70.48,70.915,69.61,70.828,6550,463923.4,,,,,,,,
2017-12-04,70.828,71.437,70.567,71.263,9540,679849.02,,,,,,,,
2017-12-05,71.263,71.568,71.263,71.524,15100,1080012.4,,,,,,,,
2017-12-06,72.003,72.655,71.35,72.22,25550,1845221.0,,,,,,,,
2017-12-07,72.22,72.655,71.829,72.264,15100,1091186.4,,,,,,,,
2017-12-08,72.264,72.917,72.264,72.655,24600,1787313.0,,,,,,,,
2017-12-11,72.655,72.742,72.003,72.003,14000,1008042.0,,,,,,,,
2017-12-12,72.003,73.091,71.133,73.091,20400,1491056.4,,,,,,,,
2017-12-13,73.091,73.091,72.264,72.264,10500,758772.0,,,,,,,,
2017-12-14,72.264,73.091,72.22,72.264,12840,927869.76,,,,,,,,
2017-12-15,72.264,73.091,71.35,73.091,35470,2592537.77,,,,,,,,
2017-12-18,73.961,77.006,73.961,77.006,37601,2895502.606,,,,,,,,
2017-12-19,77.006,77.006,76.136,77.006,2720,209456.32,,,,,,,,
2017-12-20,77.441,77.441,76.136,76.136,2830,215464.88,,,,,,,,
2017-12-21,75.701,75.701,73.526,73.961,13820,1022141.02,,,,,,,,
2017-12-22,73.961,75.266,73.961,74.396,15360,1142722.56,,,,,,,,
2017-12-25,74.396,74.657,73.091,74.396,9900,736520.4,,,,,,,,
2017-12-26,73.526,74.831,73.308,74.613,4920,367095.96,,,,,,,,
2017-12-27,74.613,75.092,73.961,74.396,5900,438936.4,,,,,,,,
2017-12-28,74.831,74.831,74.396,74.396,1331,99021.076,,,,,,,,
2017-12-29,74.831,76.571,73.961,76.571,21120,1617179.52,,,,,,,,
2018-01-02,77.006,78.311,75.309,77.876,24110,1877590.36,200.0,0.0,40000.0,0.0,,1.65,0.04,0.0
2018-01-03,77.441,79.399,77.441,79.181,23140,1832248.34,0.0,0.0,0.0,0.0,,1.65,0.0,0.0
2018-01-04,79.181,79.181,78.311,79.181,5760,456082.56,0.0,0.0,0.0,0.0,,1.65,0.0,0.0
2018-01-05,79.181,80.052,78.964,80.052,13800,1104717.6,100.0,0.0,20000.0,0.0,,1.65,0.02,0.0
2018-01-08,79.834,81.792,79.834,81.792,22231,1818317.952,0.0,0.0,0.0,0.0,,1.65,0.0,0.0
2018-01-09,81.792,82.618,81.792,82.183,14900,1224526.7000000002,0.0,0.0,0.0,0.0,,1.65,0.0,0.0
2018-01-10,80.922,81.009,79.616,80.095,8736,699709.92,0.0,0.0,0.0,0.0,,1.65,0.0,0.0
2018-01-11,80.095,80.922,76.136,80.095,25744,2061965.68,0.0,0.0,0.0,0.0,,1.65,0.0,0.0
2018-01-12,78.311,79.181,76.571,78.311,5900,462034.9,0.0,0.0,0.0,0.0,,1.65,0.0,0.0
2018-01-15,77.876,77.876,76.571,77.006,4600,354227.6,0.0,0.0,0.0,0.0,,1.65,0.0,0.0
2018-01-16,76.789,77.006,74.613,75.657,14400,1089460.8,0.0,0.0,0.0,0.0,,1.65,0.0,0.0
2018-01-17,75.657,76.571,75.266,76.136,17420,1326289.12,0.0,0.0,0.0,0.0,,1.65,0.0,0.0
2018-01-18,76.136,77.441,75.701,77.441,4925,381396.925,0.0,0.0,0.0,0.0,,1.65,0.0,0.0
2018-01-19,77.441,79.616,76.571,77.398,16900,1308026.2,0.0,0.0,0.0,0.0,,1.65,0.0,0.0
2018-01-22,77.441,78.311,75.701,75.701,5700,431495.7,0.0,0.0,0.0,0.0,,1.65,0.0,0.0
2018-01-23,75.701,79.616,75.701,77.006,15700,1208994.2,0.0,0.0,0.0,0.0,,1.65,0.0,0.0
2018-01-24,77.006,78.311,76.136,76.136,7026,534931.536,0.0,0.0,0.0,0.0,,1.65,0.0,0.0
2018-01-25,75.614,76.136,74.831,75.483,3110,234752.13,0.0,0.0,0.0,0.0,,1.65,0.0,0.0
2018-01-26,75.483,76.136,74.396,74.831,7900,591164.9,100.0,0.0,20000.0,0.0,,1.65,0.02,0.0
2018-01-29,74.831,74.831,70.915,73.526,16605,1220899.23,0.0,200.0,0.0,30000.0,,1.65,0.0,0.03
2018-01-30,73.526,73.526,73.091,73.526,1800,132346.8,0.0,300.0,0.0,50000.0,,1.65,0.0,0.05
2018-01-31,73.091,74.831,71.785,73.526,3710,272781.46,0.0,0.0,0.0,0.0,,1.65,0.0,0.0
2018-02-01,73.091,73.917,73.091,73.917,1900,140442.30000000002,100.0,400.0,20000.0,70000.0,,1.65,0.02,0.07
2018-02-02,73.526,73.961,72.22,73.961,9300,687837.2999999999,0.0,0.0,0.0,0.0,,1.65,0.0,0.0
2018-02-05,73.091,74.831,72.655,73.961,3800,281051.8,0.0,0.0,0.0,0.0,,1.65,0.0,0.0
2018-02-06,72.22,72.22,69.61,71.785,15120,1085389.2,0.0,0.0,0.0,0.0,,1.65,0.0,0.0
2018-02-07,70.915,73.961,70.915,71.785,5010,359642.85,0.0,100.0,0.0,20000.0,,1.65,0.0,0.02
2018-02-08,71.785,71.785,69.61,69.61,19074,1327741.14,0.0,0.0,0.0,0.0,,1.65,0.0,0.0
2018-02-09,71.785,71.785,70.915,70.915,200,14183.000000000002,0.0,0.0,0.0,0.0,,1.65,0.0,0.0
2018-02-12,70.045,70.915,70.045,70.915,800,56732.00000000001,0.0,0.0,0.0,0.0,,1.65,0.0,0.0
2018-02-13,71.394,72.438,70.48,72.177,4874,351790.69800000003,140.0,0.0,20000.0,0.0,,1.65,0.02,0.0
2018-02-21,73.961,73.961,71.785,73.091,1200,87709.2,0.0,0.0,0.0,0.0,,1.65,0.0,0.0
2018-02-22,73.091,73.091,71.785,71.785,1300,93320.5,400.0,0.0,70000.0,0.0,,1.65,0.07,0.0
2018-02-23,73.091,73.091,71.698,71.698,10910,782225.1799999999,0.0,0.0,0.0,0.0,,1.65,0.0,0.0
2018-02-26,71.785,71.785,70.915,70.915,1200,85098.00000000001,0.0,0.0,0.0,0.0,,1.65,0.0,0.0
2018-02-27,70.915,71.35,68.348,69.175,9603,664287.525,0.0,0.0,0.0,0.0,,1.65,0.0,0.0
2018-02-28,70.48,70.48,67.87,69.61,1500,104415.0,0.0,0.0,0.0,0.0,,1.65,0.0,0.0
2018-03-01,69.61,69.61,67.87,68.74,19620,1348678.7999999998,500.0,100.0,80000.0,20000.0,,1.65,0.08,0.02
2018-03-02,68.74,68.74,65.259,67.391,10516,708683.756,0.0,0.0,0.0,0.0,,1.65,0.0,0.0
2018-03-05,65.259,67.391,64.433,66.13,7316,483807.08,0.0,0.0,0.0,0.0,,1.65,0.0,0.0
2018-03-06,66.565,66.565,64.389,66.13,7900,522427.0,0.0,1100.0,0.0,160000.0,,1.65,0.0,0.16
2018-03-07,64.824,66.13,63.519,65.477,6100,399409.7,0.0,100.0,0.0,20000.0,,1.65,0.0,0.02
2018-03-08,64.166,65.475,63.293,65.039,4700,305683.3,0.0,100.0,0.0,20000.0,,1.65,0.0,0.02
2018-03-09,64.821,64.821,61.547,64.69,10800,698652.0,200.0,0.0,30000.0,0.0,,1.65,0.03,0.0
2018-03-12,61.11,64.602,58.23,60.674,27446,1665258.604,0.0,0.0,0.0,0.0,,1.65,0.0,0.0
2018-03-13,60.237,66.741,56.745,62.856,5990,376507.44,0.0,1340.0,0.0,180000.0,,1.65,0.0,0.18
2018-03-14,60.237,61.547,58.055,61.547,20603,1268052.841,0.0,0.0,0.0,0.0,,1.65,0.0,0.0
2018-03-15,60.674,61.329,60.237,60.237,6100,367445.7,0.0,0.0,0.0,0.0,,1.65,0.0,0.0
2018-03-16,66.002,66.002,60.24,61.811,5900,364684.9,200.0,0.0,20000.0,0.0,,1.65,0.02,0.0
2018-03-19,56.573,57.097,55.63,55.63,12900,717627.0,100.0,0.0,10000.0,0.0,,1.65,0.01,0.0
2018-03-20,50.287,50.287,50.078,50.078,4410,220843.98,0.0,0.0,0.0,0.0,,1.65,0.0,0.0
2018-03-21,45.101,49.763,45.101,47.144,74100,3493370.4,0.0,600.0,0.0,50000.0,,1.65,0.0,0.05
2018-03-22,45.573,46.62,42.43,46.62,51962,2422468.44,50.0,0.0,0.0,0.0,,1.65,0.0,0.0
2018-03-23,45.573,45.573,45.049,45.573,3400,154948.2,0.0,0.0,0.0,0.0,,1.65,0.0,0.0
2018-03-26,42.954,43.635,41.015,41.015,13700,561905.5,0.0,0.0,0.0,0.0,,1.65,0.0,0.0
2018-03-27,37.192,41.382,37.192,40.596,29700,1205701.2,0.0,0.0,0.0,0.0,,1.65,0.0,0.0
2018-03-28,40.596,42.954,40.596,42.954,16608,713380.032,0.0,0.0,0.0,0.0,,1.65,0.0,0.0
2018-03-29,42.954,43.477,40.963,43.373,8300,359995.9,0.0,0.0,0.0,0.0,,1.65,0.0,0.0
2018-03-30,43.373,43.373,40.858,43.268,10900,471621.2,0.0,0.0,0.0,0.0,,1.65,0.0,0.0
2018-04-02,40.858,41.906,40.858,40.858,5600,228804.8,0.0,0.0,0.0,0.0,,1.65,0.0,0.0
2018-04-03,38.763,41.382,37.192,41.382,34200,1415264.4,0.0,3800.0,0.0,280000.0,,1.65,0.0,0.28
2018-04-04,41.382,41.382,37.453,37.453,27900,1044938.7,0.0,0.0,0.0,0.0,,1.65,0.0,0.0
2018-04-05,37.715,38.763,36.406,36.406,16000,582496.0,0.0,0.0,0.0,0.0,,1.65,0.0,0.0
2018-04-06,37.192,37.453,36.563,36.825,28100,1034782.5,0.0,0.0,0.0,0.0,,1.65,0.0,0.0
2018-04-09,36.93,38.239,36.72,37.139,12100,449381.9,0.0,0.0,0.0,0.0,,1.65,0.0,0.0
2018-04-10,36.72,37.139,36.563,36.668,10200,374013.6,0.0,0.0,0.0,0.0,,1.65,0.0,0.0
2018-04-11,35.096,36.668,33.263,33.263,19660,653950.58,0.0,0.0,0.0,0.0,,1.65,0.0,0.0
2018-04-12,34.049,36.092,33.315,36.092,18000,649656.0,0.0,0.0,0.0,0.0,,1.65,0.0,0.0
2018-04-13,36.668,38.501,36.668,38.501,18970,730363.97,0.0,0.0,0.0,0.0,,1.65,0.0,0.0
2018-04-16,37.715,37.715,36.144,36.563,14930,545885.5900000001,0.0,0.0,0.0,0.0,,1.65,0.0,0.0
2018-04-17,34.101,36.668,34.049,35.568,16600,590428.7999999999,0.0,0.0,0.0,0.0,,1.65,0.0,0.0
2018-04-18,36.563,36.563,35.568,35.882,3100,111234.2,0.0,0.0,0.0,0.0,,1.65,0.0,0.0
2018-04-19,34.101,35.62,33.525,34.572,7304,252513.888,0.0,0.0,0.0,0.0,,1.65,0.0,0.0
2018-04-20,34.311,35.358,34.049,34.834,9200,320472.80000000005,0.0,0.0,0.0,0.0,,1.65,0.0,0.0
2018-04-23,34.049,34.572,33.525,33.787,11100,375035.7,0.0,0.0,0.0,0.0,,1.65,0.0,0.0
2018-04-24,33.001,33.996,32.215,33.996,16500,560934.0,0.0,0.0,0.0,0.0,,1.65,0.0,0.0
2018-04-26,34.049,34.049,32.477,33.996,810,27536.76,200.0,0.0,10000.0,0.0,,1.65,0.01,0.0
2018-04-27,33.996,34.572,33.996,34.311,3604,123656.844,0.0,0.0,0.0,0.0,,1.65,0.0,0.0
2018-05-02,33.682,35.096,33.525,35.044,3709,129978.19599999998,0.0,0.0,0.0,0.0,,1.65,0.0,0.0
2018-05-03,34.572,34.677,34.572,34.677,2000,69354.0,0.0,0.0,0.0,0.0,,1.65,0.0,0.0
2018-05-04,34.572,34.834,34.258,34.572,4000,138288.0,0.0,0.0,0.0,0.0,,1.65,0.0,0.0
2018-05-07,33.525,34.572,33.263,34.572,7540,260672.88000000003,0.0,0.0,0.0,0.0,,1.65,0.0,0.0
2018-05-08,33.787,34.572,33.42,34.572,9400,324976.80000000005,0.0,0.0,0.0,0.0,,1.65,0.0,0.0
2018-05-09,33.787,35.568,33.787,35.096,3000,105288.0,0.0,0.0,0.0,0.0,,1.65,0.0,0.0
2018-05-10,34.991,34.991,33.787,34.52,3800,131176.0,0.0,0.0,0.0,0.0,,1.65,0.0,0.0
2018-05-11,33.525,35.096,33.001,35.096,1100,38605.6,0.0,0.0,0.0,0.0,,1.65,0.0,0.0
2018-05-14,35.096,35.096,35.096,35.096,0,0.0,0.0,0.0,0.0,0.0,,1.65,0.0,0.0
2018-05-15,31.587,34.572,31.587,34.311,16370,561671.07,0.0,0.0,0.0,0.0,,1.65,0.0,0.0
2018-05-16,33.525,34.677,33.525,34.677,400,13870.8,0.0,0.0,0.0,0.0,,1.65,0.0,0.0
2018-05-17,34.049,34.311,33.839,34.311,4360,149595.96,0.0,0.0,0.0,0.0,,1.65,0.0,0.0
2018-05-18,34.049,34.049,32.268,33.577,2130,71519.01,0.0,0.0,0.0,0.0,,1.65,0.0,0.0
2018-05-21,33.525,33.525,32.477,33.001,22700,749122.7,0.0,0.0,0.0,0.0,,1.65,0.0,0.0
2018-05-22,33.263,33.525,32.477,32.477,11452,371926.60399999993,10.0,0.0,0.0,0.0,,1.65,0.0,0.0
2018-05-23,33.001,33.525,32.739,33.472,4900,164012.80000000002,0.0,0.0,0.0,0.0,,1.65,0.0,0.0
2018-05-24,33.525,33.787,33.001,33.787,2570,86832.59,0.0,0.0,0.0,0.0,,1.65,0.0,0.0
2018-05-25,33.525,33.996,33.001,33.996,6360,216214.56000000003,0.0,760.0,0.0,50000.0,,1.65,0.0,0.05
2018-05-28,33.525,34.258,32.582,33.525,16650,558191.25,0.0,0.0,0.0,0.0,,1.65,0.0,0.0
2018-05-29,33.001,35.044,32.006,35.044,4610,161552.84,0.0,0.0,0.0,0.0,,1.65,0.0,0.0
2018-05-30,34.887,34.887,34.887,34.887,380,13257.06,0.0,0.0,0.0,0.0,,1.65,0.0,0.0
2018-05-31,34.572,35.253,34.572,35.253,16470,580616.91,0.0,0.0,0.0,0.0,,1.65,0.0,0.0
2018-06-01,35.096,36.406,35.096,36.406,5440,198048.64,100.0,0.0,10000.0,0.0,,1.65,0.01,0.0
2018-06-04,36.668,39.287,36.668,38.763,3350,129856.05,0.0,0.0,0.0,0.0,,1.65,0.0,0.0
2018-06-05,37.715,37.768,37.611,37.715,3520,132756.80000000002,0.0,0.0,0.0,0.0,,1.65,0.0,0.0
2018-06-06,37.192,37.715,36.668,36.668,3610,132371.48,0.0,0.0,0.0,0.0,,1.65,0.0,0.0
2018-06-07,36.93,38.239,36.93,38.239,14960,572055.44,0.0,0.0,0.0,0.0,,1.65,0.0,0.0
2018-06-08,38.239,40.335,38.239,40.335,20400,822834.0,0.0,0.0,0.0,0.0,,1.65,0.0,0.0
2018-06-11,40.335,42.954,40.335,41.906,24140,1011610.84,0.0,0.0,0.0,0.0,,1.65,0.0,0.0
2018-06-12,41.382,42.168,39.811,42.116,16950,713866.2,0.0,0.0,0.0,0.0,,1.65,0.0,0.0
2018-06-13,41.906,43.739,41.906,42.954,18520,795508.08,0.0,0.0,0.0,0.0,,1.65,0.0,0.0
2018-06-14,42.168,43.425,42.168,42.482,3110,132119.02,0.0,0.0,0.0,0.0,,1.65,0.0,0.0
2018-06-15,42.168,42.692,41.644,42.692,7850,335132.2,0.0,0.0,0.0,0.0,,1.65,0.0,0.0
2018-06-18,42.692,43.792,41.906,41.906,7100,297532.6,0.0,0.0,0.0,0.0,,1.65,0.0,0.0
2018-06-19,39.811,41.382,37.977,41.382,15300,633144.6,400.0,0.0,30000.0,0.0,,1.65,0.03,0.0
2018-06-20,40.596,40.596,38.763,39.287,2710,106467.77,0.0,0.0,0.0,0.0,,1.65,0.0,0.0
2018-06-21,39.287,40.02,39.287,39.968,10942,437329.856,0.0,0.0,0.0,0.0,,1.65,0.0,0.0
2018-06-22,39.811,41.12,39.811,41.015,15460,634091.9,0.0,0.0,0.0,0.0,,1.65,0.0,0.0
2018-06-25,41.015,41.801,41.015,41.592,16130,670878.96,100.0,0.0,10000.0,0.0,,1.65,0.01,0.0
2018-06-26,41.12,41.906,41.12,41.906,3802,159326.612,0.0,0.0,0.0,0.0,,1.65,0.0,0.0
2018-06-27,41.382,42.954,41.382,42.43,29150,1236834.5,0.0,0.0,0.0,0.0,,1.65,0.0,0.0
2018-06-28,41.435,41.644,40.073,41.382,2500,103455.0,0.0,0.0,0.0,0.0,,1.65,0.0,0.0
2018-06-29,41.382,41.382,41.12,41.173,2800,115284.4,0.0,0.0,0.0,0.0,,1.65,0.0,0.0
2018-07-02,39.287,40.858,39.287,40.335,1500,60502.5,0.0,0.0,0.0,0.0,,1.65,0.0,0.0
2018-07-03,40.858,40.858,40.858,40.858,201,8212.457999999999,0.0,0.0,0.0,0.0,,1.65,0.0,0.0
2018-07-04,40.754,40.754,37.715,40.073,3312,132721.776,0.0,0.0,0.0,0.0,,1.65,0.0,0.0
2018-07-05,37.768,39.287,36.668,39.287,1800,70716.59999999999,0.0,0.0,0.0,0.0,,1.65,0.0,0.0
2018-07-06,39.287,39.287,39.287,39.287,18,707.1659999999999,0.0,0.0,0.0,0.0,,1.65,0.0,0.0
2018-07-09,36.668,36.668,36.668,36.668,300,11000.4,0.0,0.0,0.0,0.0,,1.65,0.0,0.0
2018-07-10,34.101,36.353,33.315,36.353,5401,196342.553,0.0,0.0,0.0,0.0,,1.65,0.0,0.0
2018-07-11,34.572,34.572,34.572,34.572,2000,69144.0,0.0,0.0,0.0,0.0,,1.65,0.0,0.0
2018-07-12,35.62,35.62,35.044,35.044,1400,49061.6,0.0,0.0,0.0,0.0,,1.65,0.0,0.0
2018-07-13,33.577,34.834,31.953,33.42,14162,473294.04,0.0,24.0,0.0,0.0,,1.65,0.0,0.0
2018-07-16,34.572,35.096,33.525,34.049,3300,112361.7,0.0,0.0,0.0,0.0,,1.65,0.0,0.0
2018-07-17,34.572,34.572,33.996,33.996,1015,34505.94,0.0,0.0,0.0,0.0,,1.65,0.0,0.0
2018-07-18,34.52,34.572,33.001,33.996,5030,170999.88,0.0,0.0,0.0,0.0,,1.65,0.0,0.0
2018-07-19,33.42,33.525,32.739,33.525,3550,119013.75,0.0,0.0,0.0,0.0,,1.65,0.0,0.0
2018-07-20,32.477,32.739,31.953,32.739,14014,458804.346,0.0,0.0,0.0,0.0,,1.65,0.0,0.0
2018-07-23,31.953,33.21,31.953,31.953,3827,122284.131,0.0,0.0,0.0,0.0,,1.65,0.0,0.0
2018-07-24,31.691,31.953,31.429,31.953,3160,100971.48,0.0,0.0,0.0,0.0,,1.65,0.0,0.0
2018-07-25,31.953,33.001,31.953,32.687,3300,107867.1,0.0,0.0,0.0,0.0,,1.65,0.0,0.0
2018-07-26,31.953,33.787,31.953,33.787,2501,84501.287,0.0,0.0,0.0,0.0,,1.65,0.0,0.0
2018-07-27,32.215,33.787,32.215,33.001,2920,96362.92,0.0,0.0,0.0,0.0,,1.65,0.0,0.0
2018-07-30,32.477,33.525,32.477,32.739,4900,160421.09999999998,0.0,0.0,0.0,0.0,,1.65,0.0,0.0
2018-07-31,32.477,33.001,31.429,32.215,17600,566984.0000000001,0.0,0.0,0.0,0.0,,1.65,0.0,0.0
2018-08-01,31.953,32.739,31.953,32.739,3900,127682.1,0.0,0.0,0.0,0.0,,1.65,0.0,0.0
2018-08-02,32.687,33.001,32.477,32.477,2180,70799.85999999999,0.0,0.0,0.0,0.0,,1.65,0.0,0.0
2018-08-03,33.734,33.734,33.734,33.734,103,3474.6020000000003,0.0,0.0,0.0,0.0,,1.65,0.0,0.0
2018-08-06,33.001,33.001,32.739,32.739,700,22917.3,0.0,0.0,0.0,0.0,,1.65,0.0,0.0
2018-08-07,31.953,32.477,31.953,32.477,2210,71774.17,0.0,0.0,0.0,0.0,,1.65,0.0,0.0
2018-08-08,32.739,33.001,32.268,33.001,3300,108903.3,0.0,0.0,0.0,0.0,,1.65,0.0,0.0
2018-08-09,32.477,33.525,31.953,33.263,5820,193590.66,0.0,0.0,0.0,0.0,,1.65,0.0,0.0
2018-08-10,33.001,33.263,32.477,33.001,8800,290408.8,0.0,0.0,0.0,0.0,,1.65,0.0,0.0
2018-08-13,32.739,33.001,31.953,32.896,7200,236851.2,0.0,0.0,0.0,0.0,,1.65,0.0,0.0
2018-08-14,33.525,33.525,33.315,33.315,670,22321.05,0.0,0.0,0.0,0.0,,1.65,0.0,0.0
2018-08-15,32.477,33.315,32.477,33.315,1508,50239.02,0.0,0.0,0.0,0.0,,1.65,0.0,0.0
2018-08-16,33.21,33.315,33.21,33.315,2200,73293.0,0.0,0.0,0.0,0.0,,1.65,0.0,0.0
2018-08-17,33.263,35.096,33.001,34.049,28324,964403.876,0.0,0.0,0.0,0.0,,1.65,0.0,0.0
2018-08-20,34.049,34.834,34.049,34.834,9750,339631.50000000006,0.0,0.0,0.0,0.0,,1.65,0.0,0.0
2018-08-21,34.834,35.358,34.049,34.049,7120,242428.88,0.0,0.0,0.0,0.0,,1.65,0.0,0.0
2018-08-22,34.049,34.311,33.42,33.42,16900,564798.0,100.0,0.0,10000.0,0.0,,1.65,0.01,0.0
2018-08-23,33.525,34.311,33.42,34.311,11100,380852.1,0.0,0.0,0.0,0.0,,1.65,0.0,0.0
2018-08-24,33.525,33.787,33.001,33.787,1230,41558.01,0.0,0.0,0.0,0.0,,1.65,0.0,0.0
2018-08-27,33.787,34.049,33.525,33.787,1600,54059.2,0.0,0.0,0.0,0.0,,1.65,0.0,0.0
2018-08-28,34.572,35.62,34.572,35.096,23480,824054.08,0.0,0.0,0.0,0.0,,1.65,0.0,0.0
2018-08-29,35.096,35.358,34.834,34.834,2300,80118.20000000001,0.0,0.0,0.0,0.0,,1.65,0.0,0.0
2018-08-30,34.834,34.834,34.572,34.834,2782,96908.188,0.0,0.0,0.0,0.0,,1.65,0.0,0.0
2018-08-31,34.049,34.572,33.001,34.572,5000,172860.0,0.0,0.0,0.0,0.0,,1.65,0.0,0.0
2018-09-04,34.572,34.834,33.787,34.782,7300,253908.6,0.0,0.0,0.0,0.0,,1.65,0.0,0.0
2018-09-05,34.782,34.834,33.525,34.311,4760,163320.36,0.0,0.0,0.0,0.0,,1.65,0.0,0.0
2018-09-06,34.311,34.572,34.311,34.572,1100,38029.2,0.0,0.0,0.0,0.0,,1.65,0.0,0.0
2018-09-07,33.053,33.787,33.053,33.787,1160,39192.92,0.0,0.0,0.0,0.0,,1.65,0.0,0.0
2018-09-10,33.525,33.787,33.001,33.001,2100,69302.09999999999,0.0,0.0,0.0,0.0,,1.65,0.0,0.0
2018-09-11,33.525,33.787,32.477,33.42,8400,280728.0,0.0,0.0,0.0,0.0,,1.65,0.0,0.0
2018-09-12,33.525,33.63,32.739,33.525,4250,142481.25,0.0,0.0,0.0,0.0,,1.65,0.0,0.0
2018-09-13,33.525,36.877,33.525,36.877,50334,1856166.918,0.0,0.0,0.0,0.0,,1.65,0.0,0.0
2018-09-14,37.034,38.815,37.034,38.554,38186,1472223.044,0.0,0.0,0.0,0.0,,1.65,0.0,0.0
2018-09-17,38.344,38.344,36.406,36.668,7600,278676.8,0.0,100.0,0.0,10000.0,,1.65,0.0,0.01
2018-09-18,36.144,36.144,34.572,35.568,20174,717548.8319999999,0.0,40.0,0.0,0.0,,1.65,0.0,0.0
2018-09-19,35.568,36.039,34.572,36.039,4835,174248.565,0.0,200.0,0.0,10000.0,,1.65,0.0,0.01
2018-09-20,35.62,35.62,34.939,35.62,2424,86342.87999999999,0.0,0.0,0.0,0.0,,1.65,0.0,0.0
2018-09-21,35.096,35.201,33.472,33.525,9060,303736.5,0.0,0.0,0.0,0.0,,1.65,0.0,0.0
2018-09-24,33.525,34.049,33.001,34.049,6800,231533.2,0.0,0.0,0.0,0.0,,1.65,0.0,0.0
2018-09-25,34.049,34.572,34.049,34.572,2300,79515.6,0.0,0.0,0.0,0.0,,1.65,0.0,0.0
2018-09-26,34.572,34.572,33.787,33.787,2502,84535.074,600.0,0.0,40000.0,0.0,,1.65,0.04,0.0
2018-09-27,33.315,33.525,32.477,33.263,15442,513647.246,0.0,0.0,0.0,0.0,,1.65,0.0,0.0
2018-09-28,33.001,33.263,32.739,33.263,8702,289454.626,0.0,0.0,0.0,0.0,,1.65,0.0,0.0
2018-10-01,33.001,33.263,33.001,33.21,2840,94316.4,0.0,0.0,0.0,0.0,,1.65,0.0,0.0
2018-10-02,33.263,34.311,33.263,34.311,7900,271056.9,0.0,0.0,0.0,0.0,,1.65,0.0,0.0
2018-10-03,34.572,35.62,34.572,34.939,11501,401833.439,0.0,0.0,0.0,0.0,,1.65,0.0,0.0
2018-10-04,35.62,35.62,34.834,35.096,11048,387740.608,0.0,0.0,0.0,0.0,,1.65,0.0,0.0
2018-10-05,34.677,35.096,34.625,34.782,6600,229561.2,0.0,0.0,0.0,0.0,,1.65,0.0,0.0
2018-10-08,34.73,34.939,34.625,34.939,4750,165960.25,0.0,0.0,0.0,0.0,,1.65,0.0,0.0
2018-10-09,35.096,37.192,35.096,36.668,18245,669007.66,0.0,600.0,0.0,40000.0,,1.65,0.0,0.04
2018-10-10,36.144,38.239,36.144,36.668,32314,1184889.752,0.0,0.0,0.0,0.0,,1.65,0.0,0.0
2018-10-11,35.096,35.096,33.944,35.044,7700,269838.8,0.0,500.0,0.0,30000.0,,1.65,0.0,0.03
2018-10-12,35.62,35.62,34.572,35.096,1735,60891.55999999999,0.0,0.0,0.0,0.0,,1.65,0.0,0.0
2018-10-15,38.082,38.082,35.149,35.201,9610,338281.61,0.0,0.0,0.0,0.0,,1.65,0.0,0.0
2018-10-16,35.201,37.453,35.201,37.192,6864,255285.888,0.0,0.0,0.0,0.0,,1.65,0.0,0.0
2018-10-17,37.192,37.715,37.192,37.715,8136,306849.24000000005,0.0,0.0,0.0,0.0,,1.65,0.0,0.0
2018-10-18,38.187,38.658,36.825,37.715,10319,389181.085,0.0,0.0,0.0,0.0,,1.65,0.0,0.0
2018-10-19,37.715,37.715,36.092,36.144,3800,137347.19999999998,0.0,0.0,0.0,0.0,,1.65,0.0,0.0
2018-10-22,36.144,36.877,35.62,35.62,3914,139416.68,0.0,0.0,0.0,0.0,,1.65,0.0,0.0
2018-10-23,35.568,35.568,34.153,35.568,7300,259646.4,0.0,0.0,0.0,0.0,,1.65,0.0,0.0
2018-10-24,34.834,34.834,34.73,34.834,3410,118783.94000000002,0.0,0.0,0.0,0.0,,1.65,0.0,0.0
2018-10-25,34.572,35.987,34.572,35.987,9300,334679.10000000003,0.0,0.0,0.0,0.0,,1.65,0.0,0.0
2018-10-26,35.358,35.62,34.834,34.834,3050,106243.7,0.0,0.0,0.0,0.0,,1.65,0.0,0.0
2018-10-29,34.625,34.677,34.572,34.677,900,31209.3,0.0,0.0,0.0,0.0,,1.65,0.0,0.0
2018-10-30,34.468,35.044,34.049,35.044,2000,70088.0,0.0,0.0,0.0,0.0,,1.65,0.0,0.0
2018-10-31,35.515,35.515,34.049,35.096,1550,54398.8,0.0,0.0,0.0,0.0,,1.65,0.0,0.0
2018-11-01,34.049,34.52,33.525,34.52,2618,90373.36000000002,0.0,0.0,0.0,0.0,,1.65,0.0,0.0
2018-11-02,33.053,34.52,33.053,34.52,15750,543690.0,0.0,0.0,0.0,0.0,,1.65,0.0,0.0
2018-11-05,33.63,34.311,33.63,33.682,3280,110476.96,0.0,0.0,0.0,0.0,,1.65,0.0,0.0
2018-11-06,33.525,34.049,33.368,33.891,14637,496062.567,0.0,0.0,0.0,0.0,,1.65,0.0,0.0
2018-11-07,33.001,33.787,33.001,33.315,11330,377458.95,0.0,0.0,0.0,0.0,,1.65,0.0,0.0
2018-11-08,33.263,33.263,33.158,33.158,1630,54047.54,0.0,0.0,0.0,0.0,,1.65,0.0,0.0
2018-11-09,33.158,33.682,32.739,32.739,9500,311020.5,0.0,0.0,0.0,0.0,,1.65,0.0,0.0
2018-11-12,32.477,32.791,32.215,32.791,1000,32791.0,0.0,0.0,0.0,0.0,,1.65,0.0,0.0
2018-11-13,32.582,32.582,32.477,32.477,600,19486.2,0.0,0.0,0.0,0.0,,1.65,0.0,0.0
2018-11-14,31.953,32.477,31.429,32.477,12296,399337.192,0.0,0.0,0.0,0.0,,1.65,0.0,0.0
2018-11-15,31.953,32.477,31.953,32.477,1300,42220.1,0.0,0.0,0.0,0.0,,1.65,0.0,0.0
2018-11-16,31.953,32.477,31.953,32.477,300,9743.1,0.0,0.0,0.0,0.0,,1.65,0.0,0.0
2018-11-19,31.587,32.477,31.429,32.477,9405,305446.185,0.0,0.0,0.0,0.0,,1.65,0.0,0.0
2018-11-20,31.429,31.482,30.958,30.958,7500,232185.0,0.0,0.0,0.0,0.0,,1.65,0.0,0.0
2018-11-21,30.906,30.958,30.434,30.434,4100,124779.4,0.0,0.0,0.0,0.0,,1.65,0.0,0.0
2018-11-22,30.434,30.434,27.396,27.396,41739,1143481.644,0.0,0.0,0.0,0.0,,1.65,0.0,0.0
2018-11-23,26.191,26.191,25.144,26.191,31540,826064.14,0.0,0.0,0.0,0.0,,1.65,0.0,0.0
2018-11-26,26.191,26.715,25.667,26.715,5600,149604.0,0.0,0.0,0.0,0.0,,1.65,0.0,0.0
2018-11-27,26.191,27.239,25.458,26.191,9240,242004.84,200.0,0.0,10000.0,0.0,,1.65,0.01,0.0
2018-11-28,25.458,25.982,25.144,25.982,9700,252025.4,0.0,0.0,0.0,0.0,,1.65,0.0,0.0
2018-11-29,25.406,25.667,25.196,25.353,3236,82042.308,300.0,0.0,10000.0,0.0,,1.65,0.01,0.0
2018-11-30,25.353,25.353,24.62,24.62,5004,123198.48,600.0,0.0,30000.0,0.0,,1.65,0.03,0.0
2018-12-03,24.62,25.353,24.62,25.353,6460,163780.38,0.0,0.0,0.0,0.0,,1.65,0.0,0.0
2018-12-04,25.353,27.867,25.353,26.348,6704,176636.992,0.0,0.0,0.0,0.0,,1.65,0.0,0.0
2018-12-05,26.348,28.182,26.348,27.763,16868,468306.284,100.0,0.0,10000.0,0.0,,1.65,0.01,0.0
2018-12-06,27.763,28.025,27.763,27.763,3700,102723.1,0.0,0.0,0.0,0.0,,1.65,0.0,0.0
2018-12-07,27.763,28.548,27.763,28.444,5700,162130.8,100.0,0.0,10000.0,0.0,,1.65,0.01,0.0
2018-12-10,27.763,28.444,27.763,27.763,5010,139092.63,100.0,0.0,10000.0,0.0,,1.65,0.01,0.0
2018-12-11,27.239,27.501,26.82,27.501,1570,43176.57,100.0,0.0,10000.0,0.0,,1.65,0.01,0.0
2018-12-12,28.391,28.391,28.182,28.182,405,11413.71,0.0,0.0,0.0,0.0,,1.65,0.0,0.0
2018-12-13,28.182,28.182,27.658,27.763,11600,322050.80000000005,0.0,0.0,0.0,0.0,,1.65,0.0,0.0
2018-12-14,27.763,28.025,27.553,28.025,5100,142927.5,0.0,0.0,0.0,0.0,,1.65,0.0,0.0
2018-12-17,28.025,28.025,27.344,27.501,21525,591959.025,0.0,0.0,0.0,0.0,,1.65,0.0,0.0
2018-12-18,27.553,27.553,27.239,27.553,4320,119028.96,0.0,0.0,0.0,0.0,,1.65,0.0,0.0
2018-12-19,27.774,27.83,26.663,27.83,1000,27830.0,0.0,0.0,0.0,0.0,,1.65,0.0,0.0
2018-12-20,27.83,27.83,27.83,27.83,100,2783.0,100.0,0.0,10000.0,0.0,,1.65,0.01,0.0
2018-12-21,26.441,26.441,26.441,26.441,520,13749.32,10.0,10.0,0.0,0.0,,1.65,0.0,0.0
2018-12-24,26.386,27.774,26.108,26.386,4000,105544.0,0.0,0.0,0.0,0.0,,1.65,0.0,0.0
2018-12-25,26.108,26.33,25.941,26.33,1300,34229.0,0.0,0.0,0.0,0.0,,1.65,0.0,0.0
2018-12-26,25.33,27.774,25.219,27.774,3740,103874.76,10.0,0.0,0.0,0.0,,1.65,0.0,0.0
2018-12-27,26.941,27.774,26.941,27.774,610,16942.14,0.0,0.0,0.0,0.0,,1.65,0.0,0.0
2018-12-28,27.774,28.052,26.941,27.885,2420,67481.7,20.0,120.0,0.0,10000.0,,1.65,0.0,0.01
2019-01-02,27.497,27.497,26.663,26.663,753,20077.239,0.0,0.0,0.0,0.0,,1.65,0.0,0.0
2019-01-03,26.663,27.497,25.552,27.497,3500,96239.5,0.0,0.0,0.0,0.0,,1.65,0.0,0.0
2019-01-04,26.108,26.886,26.108,26.886,500,13443.0,0.0,0.0,0.0,0.0,,1.65,0.0,0.0
2019-01-07,26.886,27.774,26.886,26.886,1253,33688.158,53.0,0.0,0.0,0.0,,1.65,0.0,0.0
2019-01-08,26.997,27.774,26.997,27.663,11200,309825.6,0.0,0.0,0.0,0.0,,1.65,0.0,0.0
2019-01-09,27.663,28.052,27.497,28.052,10310,289216.12,0.0,0.0,0.0,0.0,,1.65,0.0,0.0
2019-01-10,28.052,28.052,28.052,28.052,0,0.0,0.0,0.0,0.0,0.0,,1.65,0.0,0.0
2019-01-11,27.774,27.941,27.219,27.941,500,13970.5,0.0,0.0,0.0,0.0,,1.65,0.0,0.0
2019-01-14,27.941,27.941,27.941,27.941,200,5588.2,0.0,0.0,0.0,0.0,,1.65,0.0,0.0
2019-01-15,27.774,28.663,27.774,28.33,14500,410785.0,0.0,0.0,0.0,0.0,,1.65,0.0,0.0
2019-01-16,28.608,29.052,28.33,28.663,16500,472939.5,0.0,0.0,0.0,0.0,,1.65,0.0,0.0
2019-01-17,28.33,28.885,28.33,28.885,3611,104303.735,0.0,0.0,0.0,0.0,,1.65,0.0,0.0
2019-01-18,28.052,28.774,27.774,28.774,10120,291192.88,0.0,0.0,0.0,0.0,,1.65,0.0,0.0
2019-01-21,28.774,28.774,26.663,27.219,5500,149704.5,0.0,0.0,0.0,0.0,,1.65,0.0,0.0
2019-01-22,26.552,26.886,24.83,26.497,10500,278218.5,600.0,0.0,30000.0,0.0,,1.65,0.03,0.0
2019-01-23,26.275,26.275,24.997,25.33,14000,354620.0,0.0,0.0,0.0,0.0,,1.65,0.0,0.0
2019-01-24,25.497,26.108,25.497,26.108,2100,54826.8,0.0,0.0,0.0,0.0,,1.65,0.0,0.0
2019-01-25,24.719,25.608,24.275,24.275,9580,232554.5,0.0,0.0,0.0,0.0,,1.65,0.0,0.0
2019-01-28,22.831,25.441,22.831,24.886,6200,154293.19999999998,0.0,0.0,0.0,0.0,,1.65,0.0,0.0
2019-01-29,23.33,25.552,23.33,25.552,2200,56214.4,0.0,0.0,0.0,0.0,,1.65,0.0,0.0
2019-01-30,25.275,25.275,23.886,24.83,2600,64557.99999999999,0.0,0.0,0.0,0.0,,1.65,0.0,0.0
2019-01-31,24.997,25.108,24.941,24.941,1620,40404.42,0.0,0.0,0.0,0.0,,1.65,0.0,0.0
2019-02-01,23.664,24.83,23.608,24.83,700,17381.0,0.0,0.0,0.0,0.0,,1.65,0.0,0.0
2019-02-11,24.83,24.83,24.608,24.608,2220,54629.76,0.0,0.0,0.0,0.0,,1.65,0.0,0.0
2019-02-12,25.441,25.441,23.719,23.719,1200,28462.800000000003,0.0,0.0,0.0,0.0,,1.65,0.0,0.0
2019-02-13,24.608,24.608,24.33,24.33,1700,41361.0,0.0,0.0,0.0,0.0,,1.65,0.0,0.0
2019-02-14,24.33,24.997,24.33,24.775,1760,43604.0,0.0,0.0,0.0,0.0,,1.65,0.0,0.0
2019-02-15,24.775,25.775,24.775,25.775,976,25156.4,0.0,0.0,0.0,0.0,,1.65,0.0,0.0
2019-02-18,25.552,27.219,25.552,27.219,1683,45809.577000000005,0.0,0.0,0.0,0.0,,1.65,0.0,0.0
2019-02-19,27.497,27.497,26.108,26.275,2102,55230.05,0.0,0.0,0.0,0.0,,1.65,0.0,0.0
2019-02-20,26.275,27.219,26.275,26.33,7200,189576.0,0.0,0.0,0.0,0.0,,1.65,0.0,0.0
2019-02-21,27.219,27.219,26.108,26.386,6000,158316.0,0.0,0.0,0.0,0.0,,1.65,0.0,0.0
2019-02-22,25.552,26.663,25.552,26.386,3200,84435.2,0.0,0.0,0.0,0.0,,1.65,0.0,0.0
2019-02-25,26.941,26.941,25.886,26.386,3010,79421.86,0.0,0.0,0.0,0.0,,1.65,0.0,0.0
2019-02-26,26.108,26.33,25.552,26.33,9110,239866.3,0.0,0.0,0.0,0.0,,1.65,0.0,0.0
2019-02-27,25.664,25.664,25.552,25.552,5800,148201.6,0.0,0.0,0.0,0.0,,1.65,0.0,0.0
2019-02-28,25.552,25.997,25.552,25.719,27424,705317.856,0.0,0.0,0.0,0.0,,1.65,0.0,0.0
2019-03-01,26.108,28.274,26.108,28.274,16150,456625.1,0.0,0.0,0.0,0.0,,1.65,0.0,0.0
2019-03-04,27.219,29.996,27.219,29.274,15220,445550.28,0.0,0.0,0.0,0.0,,1.65,0.0,0.0
2019-03-05,29.33,29.33,26.719,27.83,15210,423294.3,0.0,0.0,0.0,0.0,,1.65,0.0,0.0
2019-03-06,28.885,29.719,27.885,29.496,15235,449371.56,0.0,1000.0,0.0,50000.0,,1.65,0.0,0.05
2019-03-07,29.441,32.385,29.441,32.218,44522,1434409.796,0.0,0.0,0.0,0.0,,1.65,0.0,0.0
2019-03-08,31.663,32.218,31.107,31.941,22890,731129.49,0.0,0.0,0.0,0.0,,1.65,0.0,0.0
2019-03-11,31.941,32.774,31.107,32.774,11955,391813.17,0.0,900.0,0.0,50000.0,,1.65,0.0,0.05
2019-03-12,32.496,33.663,32.385,33.607,10600,356234.2,0.0,0.0,0.0,0.0,,1.65,0.0,0.0
2019-03-13,33.496,33.885,32.774,33.329,6085,202806.965,0.0,0.0,0.0,0.0,,1.65,0.0,0.0
2019-03-14,32.885,32.885,32.552,32.552,9795,318846.84,60.0,0.0,0.0,0.0,,1.65,0.0,0.0
2019-03-15,32.552,32.663,31.107,32.663,14400,470347.2,0.0,0.0,0.0,0.0,,1.65,0.0,0.0
2019-03-18,32.496,32.774,31.441,31.552,11404,359819.008,4.0,0.0,0.0,0.0,,1.65,0.0,0.0
2019-03-19,31.163,32.218,31.107,31.607,4200,132749.4,0.0,0.0,0.0,0.0,,1.65,0.0,0.0
2019-03-20,31.663,32.607,31.663,32.607,2520,82169.64,0.0,0.0,0.0,0.0,,1.65,0.0,0.0
2019-03-21,32.607,32.607,31.107,31.163,2800,87256.4,0.0,0.0,0.0,0.0,,1.65,0.0,0.0
2019-03-22,31.663,31.663,31.663,31.663,520,16464.76,0.0,0.0,0.0,0.0,,1.65,0.0,0.0
2019-03-25,31.107,31.607,30.274,31.107,11510,358041.57,0.0,0.0,0.0,0.0,,1.65,0.0,0.0
2019-03-26,29.996,31.663,29.996,31.329,5148,161281.692,0.0,0.0,0.0,0.0,,1.65,0.0,0.0
2019-03-27,31.107,31.107,31.107,31.107,600,18664.2,0.0,0.0,0.0,0.0,,1.65,0.0,0.0
2019-03-28,30.885,31.107,30.885,31.052,856,26580.512,0.0,0.0,0.0,0.0,,1.65,0.0,0.0
2019-03-29,29.996,31.052,29.996,29.996,5010,150279.96,0.0,0.0,0.0,0.0,,1.65,0.0,0.0
2019-04-01,30.996,30.996,30.996,30.996,101,3130.596,0.0,0.0,0.0,0.0,,1.65,0.0,0.0
2019-04-02,30.941,30.941,29.552,29.552,3100,91611.2,0.0,0.0,0.0,0.0,,1.65,0.0,0.0
2019-04-03,29.552,29.552,29.552,29.552,0,0.0,0.0,0.0,0.0,0.0,,1.65,0.0,0.0
2019-04-04,29.719,29.996,28.885,29.496,5299,156299.304,0.0,0.0,0.0,0.0,,1.65,0.0,0.0
2019-04-05,28.885,29.496,28.33,29.496,1900,56042.4,0.0,0.0,0.0,0.0,,1.65,0.0,0.0
2019-04-08,28.885,29.385,28.108,29.385,18100,531868.5,0.0,0.0,0.0,0.0,,1.65,0.0,0.0
2019-04-09,28.885,29.163,28.108,28.83,19800,570834.0,100.0,0.0,10000.0,0.0,,1.65,0.01,0.0
2019-04-10,27.885,28.774,27.774,28.774,2108,60655.592,0.0,0.0,0.0,0.0,,1.65,0.0,0.0
2019-04-11,28.83,28.83,27.885,28.552,5000,142760.0,0.0,0.0,0.0,0.0,,1.65,0.0,0.0
2019-04-12,29.441,29.441,28.608,28.608,1330,38048.64,0.0,0.0,0.0,0.0,,1.65,0.0,0.0
2019-04-16,27.774,27.997,27.774,27.885,1600,44616.0,0.0,0.0,0.0,0.0,,1.65,0.0,0.0
2019-04-17,27.885,27.885,27.885,27.885,200,5577.0,0.0,0.0,0.0,0.0,,1.65,0.0,0.0
2019-04-18,27.774,28.052,27.274,27.274,2200,60002.8,0.0,0.0,0.0,0.0,,1.65,0.0,0.0
2019-04-19,27.274,27.33,27.274,27.33,1240,33889.2,0.0,0.0,0.0,0.0,,1.65,0.0,0.0
2019-04-22,27.052,27.052,24.608,24.775,26479,656017.225,0.0,0.0,0.0,0.0,,1.65,0.0,0.0
2019-04-23,24.997,26.663,24.997,24.997,2120,52993.64,0.0,0.0,0.0,0.0,,1.65,0.0,0.0
2019-04-24,23.664,24.441,23.33,23.886,10000,238860.0,0.0,0.0,0.0,0.0,,1.65,0.0,0.0
2019-04-25,23.886,24.164,23.83,23.83,10200,243066.0,0.0,0.0,0.0,0.0,,1.65,0.0,0.0
2019-04-26,23.608,23.608,22.775,23.053,8310,191570.43,0.0,0.0,0.0,0.0,,1.65,0.0,0.0
2019-05-02,22.775,22.775,22.22,22.22,6310,140208.19999999998,0.0,0.0,0.0,0.0,,1.65,0.0,0.0
2019-05-03,21.997,22.775,21.997,21.997,10110,222389.67,0.0,0.0,0.0,0.0,,1.65,0.0,0.0
2019-05-06,21.664,21.664,21.386,21.386,13520,289138.72,0.0,0.0,0.0,0.0,,1.65,0.0,0.0
2019-05-07,23.442,23.442,21.386,21.386,1520,32506.72,0.0,0.0,0.0,0.0,,1.65,0.0,0.0
2019-05-08,21.386,21.386,21.109,21.386,4300,91959.8,0.0,0.0,0.0,0.0,,1.65,0.0,0.0
2019-05-09,21.386,21.386,21.386,21.386,2300,49187.8,0.0,0.0,0.0,0.0,,1.65,0.0,0.0
2019-05-10,21.386,21.664,21.386,21.664,1200,25996.800000000003,0.0,0.0,0.0,0.0,,1.65,0.0,0.0
2019-05-13,21.664,22.775,21.664,22.775,2800,63769.99999999999,0.0,200.0,0.0,10000.0,,1.65,0.0,0.01
2019-05-14,22.775,22.775,21.72,22.497,2100,47243.7,0.0,0.0,0.0,0.0,,1.65,0.0,0.0
2019-05-15,22.775,22.997,22.22,22.997,400,9198.8,0.0,0.0,0.0,0.0,,1.65,0.0,0.0
2019-05-16,22.997,22.997,22.997,22.997,0,0.0,0.0,0.0,0.0,0.0,,1.65,0.0,0.0
2019-05-17,22.22,22.22,21.942,21.942,1600,35107.2,0.0,0.0,0.0,0.0,,1.65,0.0,0.0
2019-05-20,22.22,22.22,21.664,21.942,2700,59243.4,0.0,0.0,0.0,0.0,,1.65,0.0,0.0
2019-05-21,22.664,22.664,21.664,21.664,1730,37478.72,0.0,0.0,0.0,0.0,,1.65,0.0,0.0
2019-05-22,22.497,22.497,21.109,21.942,5940,130335.48,0.0,0.0,0.0,0.0,,1.65,0.0,0.0
2019-05-23,21.942,22.22,21.942,21.942,600,13165.2,0.0,0.0,0.0,0.0,,1.65,0.0,0.0
2019-05-24,21.22,21.22,20.942,21.164,1499,31724.836000000003,0.0,0.0,0.0,0.0,,1.65,0.0,0.0
2019-05-27,21.664,21.664,21.053,21.386,6000,128316.0,0.0,0.0,0.0,0.0,,1.65,0.0,0.0
2019-05-28,21.331,21.442,21.331,21.442,4760,102063.92,0.0,0.0,0.0,0.0,,1.65,0.0,0.0
2019-05-29,21.442,21.442,21.109,21.386,2700,57742.2,0.0,0.0,0.0,0.0,,1.65,0.0,0.0
2019-05-30,21.386,21.386,21.386,21.386,0,0.0,0.0,0.0,0.0,0.0,,1.65,0.0,0.0
2019-05-31,21.386,21.386,21.386,21.386,40,855.4399999999999,0.0,0.0,0.0,0.0,,1.65,0.0,0.0
2019-06-03,21.608,21.608,20.886,21.109,4410,93090.69,0.0,0.0,0.0,0.0,,1.65,0.0,0.0
2019-06-04,20.942,21.109,20.886,21.109,500,10554.5,0.0,0.0,0.0,0.0,,1.65,0.0,0.0
2019-06-05,21.275,21.275,20.497,21.109,8100,170982.90000000002,0.0,0.0,0.0,0.0,,1.65,0.0,0.0
2019-06-06,20.831,20.831,20.553,20.553,2800,57548.4,0.0,0.0,0.0,0.0,,1.65,0.0,0.0
2019-06-07,20.831,20.831,20.553,20.831,9800,204143.8,0.0,0.0,0.0,0.0,,1.65,0.0,0.0
2019-06-10,20.886,20.886,20.886,20.886,600,12531.6,0.0,0.0,0.0,0.0,,1.65,0.0,0.0
2019-06-11,21.109,21.109,21.109,21.109,2500,52772.50000000001,0.0,0.0,0.0,0.0,,1.65,0.0,0.0
2019-06-12,21.109,21.275,21.109,21.275,1710,36380.25,0.0,0.0,0.0,0.0,,1.65,0.0,0.0
2019-06-13,22.108,22.108,21.608,21.608,900,19447.2,0.0,0.0,0.0,0.0,,1.65,0.0,0.0
2019-06-14,21.608,21.608,21.608,21.608,0,0.0,0.0,0.0,0.0,0.0,,1.65,0.0,0.0
2019-06-17,21.608,21.608,21.608,21.608,0,0.0,0.0,0.0,0.0,0.0,,1.65,0.0,0.0
2019-06-18,21.608,21.608,21.608,21.608,0,0.0,0.0,0.0,0.0,0.0,,1.65,0.0,0.0
2019-06-19,21.608,21.608,21.164,21.164,2200,46560.8,0.0,0.0,0.0,0.0,,1.65,0.0,0.0
2019-06-20,20.609,21.109,20.609,20.664,2800,57859.2,0.0,0.0,0.0,0.0,,1.65,0.0,0.0
2019-06-21,20.664,20.775,20.664,20.775,1100,22852.5,0.0,0.0,0.0,0.0,,1.65,0.0,0.0
2019-06-24,20.831,20.831,20.553,20.775,4800,99720.0,0.0,0.0,0.0,0.0,,1.65,0.0,0.0
2019-06-25,20.609,20.831,20.609,20.72,1661,34415.92,0.0,0.0,0.0,0.0,,1.65,0.0,0.0
2019-06-26,20.609,20.609,20.609,20.609,500,10304.5,0.0,0.0,0.0,0.0,,1.65,0.0,0.0
2019-06-27,20.72,21.22,20.664,21.22,500,10610.0,0.0,0.0,0.0,0.0,,1.65,0.0,0.0
2019-06-28,20.775,21.22,20.775,20.831,2000,41662.0,0.0,0.0,0.0,0.0,,1.65,0.0,0.0
2019-07-01,20.775,21.386,20.775,20.997,1808,37962.576,0.0,0.0,0.0,0.0,,1.65,0.0,0.0
2019-07-02,22.775,22.775,20.775,20.831,2100,43745.1,0.0,0.0,0.0,0.0,,1.65,0.0,0.0
2019-07-03,21.109,21.109,20.609,20.831,5100,106238.1,0.0,0.0,0.0,0.0,,1.65,0.0,0.0
2019-07-04,21.22,21.22,20.609,20.831,10950,228099.45,0.0,0.0,0.0,0.0,,1.65,0.0,0.0
2019-07-05,21.109,21.109,20.775,20.775,4942,102670.05,0.0,0.0,0.0,0.0,,1.65,0.0,0.0
2019-07-08,21.109,21.442,20.831,20.831,4062,84615.522,0.0,0.0,0.0,0.0,,1.65,0.0,0.0
2019-07-09,21.109,22.886,21.109,22.886,15762,360729.132,0.0,0.0,0.0,0.0,,1.65,0.0,0.0
2019-07-10,23.33,25.164,23.33,25.108,36592,918751.936,0.0,0.0,0.0,0.0,,1.65,0.0,0.0
2019-07-11,25.83,25.83,24.441,24.553,4052,99488.756,0.0,0.0,0.0,0.0,,1.65,0.0,0.0
2019-07-12,23.886,23.886,23.33,23.386,8240,192700.64,0.0,0.0,0.0,0.0,,1.65,0.0,0.0
2019-07-15,22.775,23.553,22.22,22.275,6182,137704.05,0.0,0.0,0.0,0.0,,1.65,0.0,0.0
2019-07-16,21.942,22.22,21.442,21.664,10517,227840.28800000003,0.0,0.0,0.0,0.0,,1.65,0.0,0.0
2019-07-17,21.386,22.22,20.831,21.886,5370,117527.82,0.0,0.0,0.0,0.0,,1.65,0.0,0.0
2019-07-18,21.886,21.886,21.664,21.664,4410,95538.24,0.0,0.0,0.0,0.0,,1.65,0.0,0.0
2019-07-19,21.442,22.608,21.331,22.386,10330,231247.38,0.0,0.0,0.0,0.0,,1.65,0.0,0.0
2019-07-22,22.386,22.886,22.386,22.553,9620,216959.86,0.0,0.0,0.0,0.0,,1.65,0.0,0.0
2019-07-23,22.497,22.553,22.386,22.386,3900,87305.4,0.0,0.0,0.0,0.0,,1.65,0.0,0.0
2019-07-24,21.72,21.942,21.664,21.664,3898,84446.27200000001,0.0,0.0,0.0,0.0,,1.65,0.0,0.0
2019-07-25,21.72,21.72,21.497,21.608,5495,118735.96,0.0,0.0,0.0,0.0,,1.65,0.0,0.0
2019-07-26,21.608,21.608,21.553,21.553,2519,54292.007000000005,0.0,0.0,0.0,0.0,,1.65,0.0,0.0
2019-07-29,21.553,21.553,21.386,21.386,500,10693.0,0.0,0.0,0.0,0.0,,1.65,0.0,0.0
2019-07-30,21.386,21.664,21.386,21.497,5300,113934.1,0.0,700.0,0.0,30000.0,,1.65,0.0,0.03
2019-07-31,21.664,21.664,21.664,21.664,700,15164.8,0.0,0.0,0.0,0.0,,1.65,0.0,0.0
2019-08-01,21.997,21.997,21.997,21.997,1440,31675.68,300.0,0.0,10000.0,0.0,,1.65,0.01,0.0
2019-08-02,21.997,21.997,21.942,21.942,2800,61437.6,1400.0,0.0,60000.0,0.0,,1.65,0.06,0.0
2019-08-05,22.053,22.22,21.997,22.108,1600,35372.8,0.0,0.0,0.0,0.0,,1.65,0.0,0.0
2019-08-06,22.22,24.053,22.164,23.33,11620,271094.6,0.0,0.0,0.0,0.0,,1.65,0.0,0.0
2019-08-07,23.33,23.33,22.719,22.775,5000,113875.0,1100.0,0.0,50000.0,0.0,,1.65,0.05,0.0
2019-08-08,22.775,23.053,22.664,22.775,10400,236860.0,4100.0,0.0,170000.0,0.0,,1.65,0.17,0.0
2019-08-09,22.886,22.942,22.775,22.886,19010,435062.86,2800.0,0.0,120000.0,0.0,,1.65,0.12,0.0
2019-08-12,22.942,23.108,22.942,23.108,600,13864.8,0.0,0.0,0.0,0.0,,1.65,0.0,0.0
2019-08-13,23.108,23.608,22.886,22.886,7500,171645.0,4200.0,0.0,170000.0,0.0,,1.65,0.17,0.0
2019-08-14,22.886,22.886,22.275,22.275,5229,116475.975,3600.0,0.0,150000.0,0.0,,1.65,0.15,0.0
2019-08-15,22.275,23.053,22.275,22.275,3000,66825.0,1800.0,0.0,70000.0,0.0,,1.65,0.07,0.0
2019-08-16,22.331,22.442,22.331,22.331,2800,62526.8,0.0,0.0,0.0,0.0,,1.65,0.0,0.0
2019-08-19,22.886,22.886,21.831,21.831,8410,183598.71,3400.0,0.0,140000.0,0.0,,1.65,0.14,0.0
2019-08-20,21.886,22.108,21.886,22.108,2700,59691.6,0.0,0.0,0.0,0.0,,1.65,0.0,0.0
2019-08-21,21.997,22.164,21.886,21.886,9110,199381.46,5400.0,0.0,210000.0,0.0,,1.65,0.21,0.0
2019-08-22,22.942,22.942,21.386,22.164,7030,155812.92,4700.0,0.0,180000.0,0.0,,1.65,0.18,0.0
2019-08-23,21.664,22.164,21.664,22.164,200,4432.8,0.0,0.0,0.0,0.0,,1.65,0.0,0.0
2019-08-26,22.164,22.22,21.608,21.608,1100,23768.8,0.0,0.0,0.0,0.0,,1.65,0.0,0.0
2019-08-27,21.664,21.664,21.664,21.664,1700,36828.8,1400.0,0.0,50000.0,0.0,,1.65,0.05,0.0
2019-08-28,21.442,21.442,21.386,21.386,2600,55603.6,1500.0,0.0,60000.0,0.0,,1.65,0.06,0.0
2019-08-29,21.386,21.664,21.109,21.608,14700,317637.60000000003,1900.0,0.0,70000.0,0.0,,1.65,0.07,0.0
2019-08-30,21.386,21.664,21.386,21.664,5920,128250.88,5700.0,0.0,220000.0,0.0,,1.65,0.22,0.0
2019-09-03,21.664,21.664,21.386,21.664,3600,77990.40000000001,2500.0,0.0,100000.0,0.0,,1.65,0.1,0.0
2019-09-04,20.886,21.164,20.886,21.164,3400,71957.6,0.0,0.0,0.0,0.0,,1.65,0.0,0.0
2019-09-05,21.164,21.164,21.164,21.164,0,0.0,0.0,0.0,0.0,0.0,,1.65,0.0,0.0
2019-09-06,21.164,21.164,21.164,21.164,0,0.0,0.0,0.0,0.0,0.0,,1.65,0.0,0.0
2019-09-09,21.164,21.164,21.164,21.164,0,0.0,0.0,0.0,0.0,0.0,,1.65,0.0,0.0
2019-09-10,20.609,20.664,20.609,20.609,1400,28852.6,0.0,0.0,0.0,0.0,,1.65,0.0,0.0
2019-09-11,20.275,21.164,20.053,21.164,4000,84656.0,0.0,0.0,0.0,0.0,,1.65,0.0,0.0
2019-09-12,20.442,20.442,20.442,20.442,500,10221.0,0.0,0.0,0.0,0.0,,1.65,0.0,0.0
2019-09-13,20.497,21.109,20.109,21.109,1600,33774.4,0.0,0.0,0.0,0.0,,1.65,0.0,0.0
2019-09-16,21.664,22.775,21.442,22.497,5570,125308.29,0.0,0.0,0.0,0.0,,1.65,0.0,0.0
2019-09-17,22.775,22.775,22.275,22.275,3320,73953.0,1500.0,0.0,60000.0,0.0,,1.65,0.06,0.0
2019-09-18,22.275,24.275,22.275,24.219,21431,519037.389,3000.0,0.0,130000.0,0.0,,1.65,0.13,0.0
2019-09-19,24.719,24.719,23.886,24.219,23130,560185.47,7500.0,0.0,330000.0,0.0,,1.65,0.33,0.0
2019-09-20,24.219,24.386,23.886,23.886,20420,487752.12,16300.0,0.0,700000.0,0.0,,1.65,0.7,0.0
2019-09-23,23.886,23.886,22.331,23.775,7310,173795.25,4100.0,0.0,170000.0,0.0,,1.65,0.17,0.0
2019-09-24,23.108,23.108,22.831,22.831,2440,55707.64,700.0,0.0,30000.0,0.0,,1.65,0.03,0.0
2019-09-25,23.83,23.886,23.83,23.886,1800,42994.8,0.0,0.0,0.0,0.0,,1.65,0.0,0.0
2019-09-26,23.886,23.886,23.053,23.053,3130,72155.89,1800.0,0.0,80000.0,0.0,,1.65,0.08,0.0
2019-09-27,23.053,23.33,22.553,23.33,3510,81888.29999999999,2000.0,0.0,80000.0,0.0,,1.65,0.08,0.0
2019-09-30,23.33,23.33,22.831,22.942,2217,50862.414,600.0,0.0,20000.0,0.0,,1.65,0.02,0.0
2019-10-01,23.33,23.33,22.997,22.997,1600,36795.2,0.0,0.0,0.0,0.0,,1.65,0.0,0.0
2019-10-02,23.219,23.219,22.442,22.719,7300,165848.7,3600.0,0.0,150000.0,0.0,,1.65,0.15,0.0
2019-10-03,22.719,22.775,22.608,22.608,800,18086.4,0.0,0.0,0.0,0.0,,1.65,0.0,0.0
2019-10-04,22.608,23.053,22.497,23.053,9910,228455.23,900.0,0.0,40000.0,0.0,,1.65,0.04,0.0
2019-10-07,23.053,23.386,23.053,23.108,3300,76256.40000000001,0.0,0.0,0.0,0.0,,1.65,0.0,0.0
2019-10-08,23.997,24.553,23.442,24.553,14100,346197.3,0.0,300.0,0.0,10000.0,,1.65,0.0,0.01
2019-10-09,24.664,24.664,24.219,24.219,10700,259143.3,4500.0,0.0,200000.0,0.0,,1.65,0.2,0.0
2019-10-10,24.441,24.719,24.441,24.497,8648,211850.056,0.0,0.0,0.0,0.0,,1.65,0.0,0.0
2019-10-11,24.553,26.941,24.553,26.163,62199,1627312.437,1200.0,0.0,60000.0,0.0,,1.65,0.06,0.0
2019-10-14,26.83,28.219,26.386,26.386,14580,384707.88,0.0,0.0,0.0,0.0,,1.65,0.0,0.0
2019-10-15,26.386,27.108,26.386,26.941,11450,308474.45,1100.0,0.0,50000.0,0.0,,1.65,0.05,0.0
2019-10-16,27.219,27.219,26.497,26.497,17436,462001.692,10500.0,0.0,500000.0,0.0,,1.65,0.5,0.0
2019-10-17,26.552,26.608,26.441,26.608,11669,310488.752,7000.0,0.0,330000.0,0.0,,1.65,0.33,0.0
2019-10-18,26.608,26.663,26.33,26.441,8612,227709.892,4600.0,0.0,220000.0,0.0,,1.65,0.22,0.0
2019-10-21,26.552,27.219,26.497,27.219,17123,466070.937,200.0,0.0,10000.0,0.0,,1.65,0.01,0.0
2019-10-22,27.219,27.219,26.83,26.886,9479,254852.394,3600.0,0.0,170000.0,0.0,,1.65,0.17,0.0
2019-10-23,26.886,26.941,26.608,26.608,13660,363465.28,6100.0,0.0,290000.0,0.0,,1.65,0.29,0.0
2019-10-24,26.67,26.67,26.05,26.05,1350,35167.5,0.0,0.0,0.0,0.0,,1.65,0.0,0.0
2019-10-25,26.67,26.67,25.554,25.554,1660,42419.64,1300.0,0.0,50000.0,0.0,,1.65,0.05,0.0
2019-10-28,25.554,25.554,25.43,25.43,15260,388061.8,1600.0,0.0,70000.0,0.0,,1.65,0.07,0.0
2019-10-29,25.492,25.554,25.43,25.554,5150,131603.1,1250.0,0.0,50000.0,0.0,,1.65,0.05,0.0
2019-10-30,25.492,25.74,25.492,25.74,1310,33719.4,1200.0,0.0,50000.0,0.0,,1.65,0.05,0.0
2019-10-31,25.492,25.616,25.12,25.12,4320,108518.4,3200.0,0.0,130000.0,0.0,,1.65,0.13,0.0
2019-11-01,25.12,25.12,24.5,25.058,6450,161624.1,1900.0,0.0,80000.0,0.0,,1.65,0.08,0.0
2019-11-04,26.422,26.422,24.189,24.375,7730,188418.75,4500.0,0.0,180000.0,0.0,,1.65,0.18,0.0
2019-11-05,24.375,25.058,24.375,24.375,2100,51187.5,300.0,0.0,10000.0,0.0,,1.65,0.01,0.0
2019-11-06,24.437,24.686,24.375,24.375,6300,153562.5,1800.0,0.0,70000.0,0.0,,1.65,0.07,0.0
2019-11-07,24.375,24.437,24.375,24.437,1900,46430.3,1100.0,0.0,40000.0,0.0,,1.65,0.04,0.0
2019-11-08,24.5,24.5,24.5,24.5,460,11270.0,0.0,0.0,0.0,0.0,,1.65,0.0,0.0
2019-11-11,24.5,24.5,24.5,24.5,20,490.0,0.0,0.0,0.0,0.0,,1.65,0.0,0.0
2019-11-12,24.81,24.81,24.686,24.748,1100,27222.800000000003,0.0,0.0,0.0,0.0,,1.65,0.0,0.0
2019-11-13,25.244,25.306,25.12,25.12,1560,39187.2,0.0,0.0,0.0,0.0,,1.65,0.0,0.0
2019-11-14,25.43,25.74,25.12,25.244,4300,108549.2,1300.0,0.0,50000.0,0.0,,1.65,0.05,0.0
2019-11-15,25.306,25.678,25.306,25.678,2800,71898.40000000001,0.0,0.0,0.0,0.0,,1.65,0.0,0.0
2019-11-18,25.926,25.988,25.43,25.43,1920,48825.6,400.0,0.0,20000.0,0.0,,1.65,0.02,0.0
2019-11-19,25.74,25.864,25.492,25.492,3900,99418.8,0.0,0.0,0.0,0.0,,1.65,0.0,0.0
2019-11-20,25.492,25.492,25.492,25.492,4600,117263.2,4500.0,0.0,180000.0,0.0,,1.65,0.18,0.0
2019-11-21,25.492,25.926,25.43,25.926,5045,130796.67,2700.0,0.0,110000.0,0.0,,1.65,0.11,0.0
2019-11-22,25.864,25.864,24.81,25.74,9400,241956.0,3400.0,0.0,140000.0,0.0,,1.65,0.14,0.0
2019-11-25,25.74,25.864,25.492,25.864,7360,190359.04,5200.0,0.0,210000.0,0.0,,1.65,0.21,0.0
2019-11-26,25.492,25.74,25.492,25.616,4600,117833.6,300.0,0.0,10000.0,0.0,,1.65,0.01,0.0
2019-11-27,25.678,25.802,25.616,25.678,3750,96292.5,2500.0,0.0,100000.0,0.0,,1.65,0.1,0.0
2019-11-28,25.74,25.926,25.74,25.74,11100,285714.0,0.0,0.0,0.0,0.0,,1.65,0.0,0.0
2019-11-29,26.05,26.546,26.05,26.484,6500,172146.0,0.0,0.0,0.0,0.0,,1.65,0.0,0.0
2019-12-02,26.67,26.98,26.67,26.67,12412,331028.04000000004,0.0,0.0,0.0,0.0,,1.65,0.0,0.0
2019-12-03,26.98,26.98,26.67,26.732,10547,281942.404,500.0,0.0,20000.0,0.0,,1.65,0.02,0.0
2019-12-04,26.794,26.794,26.67,26.732,14800,395633.6,9700.0,0.0,420000.0,0.0,,1.65,0.42,0.0
2019-12-05,29.151,29.151,27.105,27.291,3700,100976.7,0.0,0.0,0.0,0.0,,1.65,0.0,0.0
2019-12-06,27.601,27.973,27.601,27.911,3912,109187.832,0.0,0.0,0.0,0.0,,1.65,0.0,0.0
2019-12-09,28.531,28.531,27.663,27.725,3500,97037.5,2900.0,0.0,130000.0,0.0,,1.65,0.13,0.0
2019-12-10,28.221,28.221,27.725,27.849,6100,169878.9,700.0,0.0,30000.0,0.0,,1.65,0.03,0.0
2019-12-11,28.531,29.151,28.097,28.097,4207,118204.079,0.0,0.0,0.0,0.0,,1.65,0.0,0.0
2019-12-12,28.221,28.283,28.159,28.159,1500,42238.5,0.0,0.0,0.0,0.0,,1.65,0.0,0.0
2019-12-13,28.407,28.407,27.725,27.725,4100,113672.5,2100.0,0.0,90000.0,0.0,,1.65,0.09,0.0
2019-12-16,27.725,27.911,27.725,27.725,1900,52677.5,1200.0,0.0,50000.0,0.0,,1.65,0.05,0.0
2019-12-17,27.725,29.089,27.291,27.725,3310,91769.75,1700.0,0.0,80000.0,0.0,,1.65,0.08,0.0
2019-12-18,27.291,27.353,26.732,27.042,3120,84371.04000000001,1700.0,0.0,70000.0,0.0,,1.65,0.07,0.0
2019-12-19,26.794,26.794,26.67,26.67,2500,66675.0,1400.0,0.0,60000.0,0.0,,1.65,0.06,0.0
2019-12-20,26.67,26.67,26.67,26.67,1200,32004.000000000004,1100.0,0.0,50000.0,0.0,,1.65,0.05,0.0
2019-12-23,26.36,26.67,26.174,26.67,1300,34671.0,0.0,0.0,0.0,0.0,,1.65,0.0,0.0
2019-12-24,26.67,26.67,26.174,26.36,2800,73808.0,800.0,0.0,30000.0,0.0,,1.65,0.03,0.0
2019-12-25,26.36,26.67,26.36,26.67,2300,61341.00000000001,300.0,0.0,10000.0,0.0,,1.65,0.01,0.0
2019-12-26,26.67,26.67,26.484,26.484,700,18538.800000000003,0.0,0.0,0.0,0.0,,1.65,0.0,0.0
2019-12-27,27.291,27.291,26.484,26.484,400,10593.6,100.0,0.0,0.0,0.0,,1.65,0.0,0.0
2019-12-30,26.484,26.484,26.36,26.36,1300,34268.0,0.0,0.0,0.0,0.0,,1.65,0.0,0.0
2019-12-31,26.36,26.98,26.298,26.298,2440,64167.12,1300.0,40.0,60000.0,0.0,,1.65,0.06,0.0
2020-01-02,26.546,26.546,26.236,26.298,3450,90728.1,1600.0,0.0,70000.0,0.0,,1.65,0.07,0.0
2020-01-03,26.298,26.298,26.236,26.236,2200,57719.2,1900.0,0.0,80000.0,0.0,,1.65,0.08,0.0
2020-01-06,26.236,26.236,26.236,26.236,50,1311.8,0.0,0.0,0.0,0.0,,1.65,0.0,0.0
2020-01-07,25.926,26.484,25.864,26.484,7620,201808.08,0.0,0.0,0.0,0.0,,1.65,0.0,0.0
2020-01-08,26.484,26.67,26.484,26.484,7417,196431.828,7100.0,0.0,300000.0,0.0,,1.65,0.3,0.0
2020-01-09,26.05,26.484,25.926,25.926,1763,45707.538,400.0,0.0,20000.0,0.0,,1.65,0.02,0.0
2020-01-10,26.36,26.36,26.36,26.36,157,4138.52,0.0,0.0,0.0,0.0,,1.65,0.0,0.0
2020-01-13,26.36,26.608,26.05,26.36,1620,42703.2,0.0,0.0,0.0,0.0,,1.65,0.0,0.0
2020-01-14,26.36,26.36,26.05,26.05,3200,83360.0,1600.0,0.0,70000.0,0.0,,1.65,0.07,0.0
2020-01-15,26.112,26.112,26.05,26.05,2100,54705.0,1500.0,0.0,60000.0,0.0,,1.65,0.06,0.0
2020-01-16,26.05,26.112,25.74,25.74,4900,126126.0,700.0,0.0,30000.0,0.0,,1.65,0.03,0.0
2020-01-17,25.74,26.36,25.74,26.36,4830,127318.8,2800.0,0.0,120000.0,0.0,,1.65,0.12,0.0
2020-01-20,26.36,26.36,26.36,26.36,100,2636.0,0.0,0.0,0.0,0.0,,1.65,0.0,0.0
2020-01-21,26.67,26.67,26.36,26.36,2500,65900.0,2000.0,0.0,90000.0,0.0,,1.65,0.09,0.0
2020-01-22,26.36,26.36,26.05,26.05,1500,39075.0,1000.0,0.0,40000.0,0.0,,1.65,0.04,0.0
2020-01-30,26.05,26.05,25.492,25.988,1410,36643.08,600.0,0.0,30000.0,0.0,,1.65,0.03,0.0
2020-01-31,25.802,25.802,25.43,25.43,4700,119521.0,1100.0,0.0,50000.0,0.0,,1.65,0.05,0.0
2020-02-03,25.43,25.43,24.686,25.43,5500,139865.0,3700.0,100.0,150000.0,0.0,,1.65,0.15,0.0
2020-02-04,25.43,25.43,25.43,25.43,300,7629.0,0.0,100.0,0.0,0.0,,1.65,0.0,0.0
2020-02-05,25.43,25.43,25.43,25.43,800,20344.0,0.0,0.0,0.0,0.0,,1.65,0.0,0.0
2020-02-06,25.492,25.74,25.43,25.74,600,15443.999999999998,200.0,0.0,10000.0,0.0,,1.65,0.01,0.0
2020-02-07,25.802,25.802,25.43,25.802,7300,188354.6,800.0,700.0,30000.0,30000.0,,1.65,0.03,0.03
2020-02-10,26.05,28.221,26.05,27.167,7020,190712.34000000003,0.0,0.0,0.0,0.0,,1.65,0.0,0.0
2020-02-11,27.291,27.291,27.229,27.229,1703,46370.987,0.0,0.0,0.0,0.0,,1.65,0.0,0.0
2020-02-12,27.911,29.896,27.911,29.896,20371,609011.416,0.0,0.0,0.0,0.0,,1.65,0.0,0.0
2020-02-13,31.632,32.873,31.012,32.873,32480,1067715.0399999998,0.0,20.0,0.0,0.0,,1.65,0.0,0.0
2020-02-14,34.733,35.354,32.873,34.113,14878,507533.214,1000.0,0.0,50000.0,0.0,,1.65,0.05,0.0
2020-02-17,34.113,34.113,32.253,34.113,16450,561158.85,9700.0,0.0,520000.0,0.0,,1.65,0.52,0.0
2020-02-18,32.935,34.113,32.253,33.803,17638,596217.3139999999,6300.0,0.0,330000.0,0.0,,1.65,0.33,0.0
2020-02-19,34.733,37.152,34.113,37.152,16630,617837.76,0.0,30.0,0.0,0.0,,1.65,0.0,0.0
2020-02-20,37.835,40.812,37.214,39.695,33870,1344469.65,1000.0,100.0,60000.0,10000.0,,1.65,0.06,0.01
2020-02-21,39.695,40.626,38.765,38.765,14650,567907.25,100.0,0.0,10000.0,0.0,,1.65,0.01,0.0
2020-02-24,38.765,41.432,37.214,39.447,25500,1005898.5,8200.0,1200.0,530000.0,80000.0,,1.65,0.53,0.08
2020-02-25,39.509,40.936,39.323,40.316,13320,537009.12,1100.0,1000.0,70000.0,60000.0,,1.65,0.07,0.06
2020-02-26,40.316,40.316,39.075,39.695,9700,385041.5,7200.0,0.0,460000.0,0.0,,1.65,0.46,0.0
2020-02-27,39.137,40.626,38.207,39.695,18798,746186.61,4700.0,0.0,300000.0,0.0,,1.65,0.3,0.0
2020-02-28,39.075,39.075,36.222,38.455,21432,824167.5599999999,8800.0,0.0,540000.0,0.0,,1.65,0.54,0.0
2020-03-02,37.835,38.765,35.974,35.974,8295,298404.33,0.0,600.0,0.0,40000.0,,1.65,0.0,0.04
2020-03-03,35.354,36.78,33.741,33.741,33158,1118784.078,8000.0,0.0,450000.0,0.0,,1.65,0.45,0.0
2020-03-04,33.741,34.175,33.741,34.175,13290,454185.75,8800.0,0.0,480000.0,0.0,,1.65,0.48,0.0
2020-03-05,33.989,34.982,33.865,34.982,2615,91477.93,0.0,200.0,0.0,10000.0,,1.65,0.0,0.01
2020-03-06,36.47,36.47,33.989,35.044,5100,178724.4,2300.0,0.0,130000.0,0.0,,1.65,0.13,0.0
2020-03-09,33.989,33.989,31.57,31.57,12050,380418.5,3405.0,300.0,180000.0,20000.0,,1.65,0.18,0.02
2020-03-10,28.469,31.632,28.469,29.151,11100,323576.1,1700.0,100.0,80000.0,0.0,,1.65,0.08,0.0
2020-03-11,29.337,29.337,28.345,28.407,15600,443149.2,9600.0,1000.0,450000.0,50000.0,,1.65,0.45,0.05
2020-03-12,28.345,28.345,26.174,26.36,16893,445299.48,6500.0,1300.0,290000.0,60000.0,,1.65,0.29,0.06
2020-03-13,26.36,27.229,26.236,27.229,11545,314358.805,5600.0,100.0,240000.0,0.0,,1.65,0.24,0.0
2020-03-16,29.896,29.896,28.469,29.151,1510,44018.01,0.0,5.0,0.0,0.0,,1.65,0.0,0.0
2020-03-17,28.531,28.531,26.918,28.283,2715,76788.345,1500.0,0.0,70000.0,0.0,,1.65,0.07,0.0
2020-03-18,28.531,29.772,26.98,26.98,5323,143614.54,300.0,200.0,10000.0,10000.0,,1.65,0.01,0.01
2020-03-19,27.042,27.353,27.042,27.353,3100,84794.3,2700.0,0.0,120000.0,0.0,,1.65,0.12,0.0
2020-03-20,26.422,27.849,26.422,26.732,1000,26732.0,0.0,100.0,0.0,0.0,,1.65,0.0,0.0
2020-03-23,26.732,27.539,24.81,24.81,5810,144146.1,2600.0,0.0,110000.0,0.0,,1.65,0.11,0.0
2020-03-24,24.81,24.934,24.81,24.872,1905,47381.16,900.0,0.0,40000.0,0.0,,1.65,0.04,0.0
2020-03-25,25.802,26.98,25.74,26.98,2000,53960.0,0.0,0.0,0.0,0.0,,1.65,0.0,0.0
2020-03-26,26.67,26.67,26.05,26.05,2000,52100.0,0.0,0.0,0.0,0.0,,1.65,0.0,0.0
2020-03-27,26.36,26.36,26.05,26.05,3400,88570.0,2800.0,0.0,120000.0,0.0,,1.65,0.12,0.0
2020-03-30,26.05,26.05,24.996,25.43,2500,63575.0,1200.0,0.0,50000.0,0.0,,1.65,0.05,0.0
2020-03-31,25.43,25.43,25.43,25.43,1300,33059.0,1100.0,0.0,50000.0,0.0,,1.65,0.05,0.0
2020-04-01,23.011,25.74,23.011,25.74,2500,64349.99999999999,0.0,100.0,0.0,0.0,,1.65,0.0,0.0
2020-04-03,25.802,26.05,25.74,26.05,2400,62520.0,800.0,0.0,30000.0,0.0,,1.65,0.03,0.0
2020-04-06,27.911,27.911,26.546,26.546,200,5309.2,100.0,0.0,0.0,0.0,,1.65,0.0,0.0
2020-04-07,24.81,27.601,24.81,26.98,4410,118981.8,0.0,100.0,0.0,0.0,,1.65,0.0,0.0
2020-04-08,26.67,29.275,26.67,29.275,2700,79042.5,400.0,0.0,20000.0,0.0,,1.65,0.02,0.0
2020-04-09,27.042,30.082,27.042,29.399,2000,58798.0,0.0,100.0,0.0,0.0,,1.65,0.0,0.0
2020-04-10,29.772,29.772,29.772,29.772,100,2977.2,0.0,0.0,0.0,0.0,,1.65,0.0,0.0
2020-04-13,26.856,28.903,26.856,28.407,11100,315317.7,0.0,100.0,0.0,0.0,,1.65,0.0,0.0
2020-04-14,28.407,28.407,28.407,28.407,0,0.0,0.0,0.0,0.0,0.0,,1.65,0.0,0.0
2020-04-15,25.678,28.531,25.678,28.531,1210,34522.51,0.0,100.0,0.0,0.0,,1.65,0.0,0.0
2020-04-16,28.531,28.531,28.221,28.221,3800,107239.8,0.0,0.0,0.0,0.0,,1.65,0.0,0.0
2020-04-17,28.345,29.461,28.345,29.461,5765,169842.66499999998,0.0,0.0,0.0,0.0,,1.65,0.0,0.0
2020-04-20,29.772,30.082,29.461,29.523,4200,123996.6,0.0,100.0,0.0,0.0,,1.65,0.0,0.0
2020-04-21,29.834,32.19,29.772,31.012,17410,539918.92,0.0,0.0,0.0,0.0,,1.65,0.0,0.0
2020-04-22,31.012,31.012,30.392,30.702,3660,112369.32,1600.0,20.0,80000.0,0.0,,1.65,0.08,0.0
2020-04-23,30.95,30.95,30.392,30.826,5900,181873.4,2500.0,0.0,120000.0,0.0,,1.65,0.12,0.0
2020-04-24,30.64,30.64,30.392,30.392,5510,167459.91999999998,2500.0,0.0,120000.0,0.0,,1.65,0.12,0.0
2020-04-27,30.516,30.516,30.082,30.082,6640,199744.48,2400.0,0.0,120000.0,0.0,,1.65,0.12,0.0
2020-04-28,30.516,32.563,29.772,32.377,32620,1056137.74,2400.0,0.0,120000.0,0.0,,1.65,0.12,0.0
2020-04-29,32.377,32.377,31.694,31.694,3200,101420.8,0.0,0.0,0.0,0.0,,1.65,0.0,0.0
2020-05-04,32.253,32.253,31.322,31.632,6600,208771.2,2300.0,300.0,120000.0,20000.0,,1.65,0.12,0.02
2020-05-05,31.632,31.632,31.322,31.508,3300,103976.4,2300.0,0.0,120000.0,0.0,,1.65,0.12,0.0
2020-05-06,31.384,31.57,31.322,31.508,6400,201651.2,2300.0,0.0,120000.0,0.0,,1.65,0.12,0.0
2020-05-07,31.384,31.446,31.012,31.012,6800,210881.6,2300.0,0.0,120000.0,0.0,,1.65,0.12,0.0
2020-05-08,31.012,31.322,29.896,31.012,8200,254298.4,2300.0,0.0,110000.0,0.0,,1.65,0.11,0.0
2020-05-11,31.136,31.322,31.012,31.012,7600,235691.2,0.0,0.0,0.0,0.0,,1.65,0.0,0.0
2020-05-12,31.012,31.198,30.392,31.136,6110,190240.96,2300.0,0.0,110000.0,0.0,,1.65,0.11,0.0
2020-05-13,31.198,31.632,31.012,31.136,9850,306689.6,3500.0,0.0,180000.0,0.0,,1.65,0.18,0.0
2020-05-14,31.198,32.749,31.198,32.004,8100,259232.4,0.0,0.0,0.0,0.0,,1.65,0.0,0.0
2020-05-15,32.004,32.315,31.198,31.198,14530,453306.94,4600.0,0.0,240000.0,0.0,,1.65,0.24,0.0
2020-05-18,31.198,31.322,31.012,31.322,2500,78305.0,0.0,0.0,0.0,0.0,,1.65,0.0,0.0
2020-05-19,31.322,31.632,31.26,31.322,5900,184799.8,0.0,0.0,0.0,0.0,,1.65,0.0,0.0
2020-05-20,31.632,32.873,31.632,32.501,18300,594768.2999999999,0.0,0.0,0.0,0.0,,1.65,0.0,0.0
2020-05-21,32.253,34.051,32.253,33.865,26954,912797.21,1100.0,0.0,60000.0,0.0,,1.65,0.06,0.0
2020-05-22,32.935,33.741,32.873,33.493,4600,154067.80000000002,0.0,0.0,0.0,0.0,,1.65,0.0,0.0
2020-05-25,33.803,34.113,33.369,33.555,3501,117476.055,0.0,0.0,0.0,0.0,,1.65,0.0,0.0
2020-05-26,33.059,33.865,32.873,33.865,9400,318331.0,0.0,0.0,0.0,0.0,,1.65,0.0,0.0
2020-05-27,33.183,33.493,32.873,33.493,1450,48564.850000000006,0.0,0.0,0.0,0.0,,1.65,0.0,0.0
2020-05-28,33.679,34.733,33.493,33.493,11000,368423.0,0.0,0.0,0.0,0.0,,1.65,0.0,0.0
2020-05-29,33.493,33.493,32.997,32.997,480,15838.56,0.0,0.0,0.0,0.0,,1.65,0.0,0.0
2020-06-01,32.997,32.997,32.873,32.873,1840,60486.31999999999,0.0,0.0,0.0,0.0,,1.65,0.0,0.0
2020-06-02,32.873,33.183,32.873,33.183,2760,91585.08,0.0,0.0,0.0,0.0,,1.65,0.0,0.0
2020-06-03,33.183,33.183,33.183,33.183,1610,53424.63,0.0,0.0,0.0,0.0,,1.65,0.0,0.0
2020-06-04,33.183,33.803,33.183,33.493,2080,69665.44,0.0,0.0,0.0,0.0,,1.65,0.0,0.0
2020-06-05,32.935,33.183,32.873,32.873,3000,98619.0,0.0,0.0,0.0,0.0,,1.65,0.0,0.0
2020-06-08,33.493,34.423,33.307,34.113,28920,986547.96,0.0,0.0,0.0,0.0,,1.65,0.0,0.0
2020-06-09,34.423,35.664,33.493,35.54,19230,683434.2,0.0,0.0,0.0,0.0,,1.65,0.0,0.0
2020-06-10,35.292,35.292,33.493,33.803,13300,449579.9,0.0,0.0,0.0,0.0,,1.65,0.0,0.0
2020-06-11,35.664,35.664,31.632,31.632,19610,620303.52,0.0,0.0,0.0,0.0,,1.65,0.0,0.0
2020-06-12,31.136,32.253,30.516,32.253,5320,171585.96,0.0,0.0,0.0,0.0,,1.65,0.0,0.0
2020-06-15,31.942,31.942,30.516,30.516,7460,227649.36,0.0,0.0,0.0,0.0,,1.65,0.0,0.0
2020-06-16,31.508,31.508,31.012,31.012,3702,114806.424,0.0,0.0,0.0,0.0,,1.65,0.0,0.0
2020-06-17,31.508,31.508,31.508,31.508,128,4033.024,0.0,0.0,0.0,0.0,,1.65,0.0,0.0
2020-06-18,32.128,32.128,32.128,32.128,209,6714.752,0.0,0.0,0.0,0.0,,1.65,0.0,0.0
2020-06-19,31.322,32.253,31.012,32.19,2600,83694.0,0.0,0.0,0.0,0.0,,1.65,0.0,0.0
2020-06-22,31.074,31.632,31.074,31.632,900,28468.800000000003,0.0,0.0,0.0,0.0,,1.65,0.0,0.0
2020-06-23,31.632,32.128,31.322,31.632,4844,153225.408,0.0,0.0,0.0,0.0,,1.65,0.0,0.0
2020-06-24,31.57,32.066,31.322,31.88,4410,140590.8,0.0,0.0,0.0,0.0,,1.65,0.0,0.0
2020-06-25,31.88,31.88,31.88,31.88,1600,51008.0,0.0,0.0,0.0,0.0,,1.65,0.0,0.0
2020-06-26,31.88,31.88,31.88,31.88,10,318.8,0.0,0.0,0.0,0.0,,1.65,0.0,0.0
2020-06-29,31.136,31.136,30.702,30.702,7600,233335.2,0.0,0.0,0.0,0.0,,1.65,0.0,0.0
2020-06-30,31.57,31.57,30.702,30.702,800,24561.6,0.0,0.0,0.0,0.0,,1.65,0.0,0.0
2020-07-01,30.764,31.012,30.764,30.888,1900,58687.2,0.0,0.0,0.0,0.0,,1.65,0.0,0.0
2020-07-02,30.888,30.95,30.516,30.95,6204,192013.8,0.0,0.0,0.0,0.0,,1.65,0.0,0.0
2020-07-03,31.012,31.322,31.012,31.322,1939,60733.358,0.0,0.0,0.0,0.0,,1.65,0.0,0.0
2020-07-06,30.516,31.012,30.516,31.012,800,24809.6,0.0,0.0,0.0,0.0,,1.65,0.0,0.0
2020-07-07,31.074,31.57,31.074,31.57,1100,34727.0,0.0,0.0,0.0,0.0,,1.65,0.0,0.0
2020-07-08,31.57,31.57,31.508,31.508,1200,37809.6,0.0,0.0,0.0,0.0,,1.65,0.0,0.0
2020-07-09,31.508,31.508,31.198,31.198,2700,84234.6,0.0,0.0,0.0,0.0,,1.65,0.0,0.0
2020-07-10,31.198,31.322,31.012,31.322,2139,66997.758,0.0,0.0,0.0,0.0,,1.65,0.0,0.0
2020-07-13,31.136,31.322,31.136,31.322,3500,109627.0,0.0,0.0,0.0,0.0,,1.65,0.0,0.0
2020-07-14,31.632,31.88,31.322,31.322,3810,119336.82,0.0,0.0,0.0,0.0,,1.65,0.0,0.0
2020-07-15,31.632,32.501,31.632,32.501,6500,211256.5,0.0,0.0,0.0,0.0,,1.65,0.0,0.0
2020-07-16,32.253,32.253,32.253,32.253,100,3225.3,0.0,0.0,0.0,0.0,,1.65,0.0,0.0
2020-07-17,31.756,31.756,31.074,31.632,1430,45233.76,0.0,0.0,0.0,0.0,,1.65,0.0,0.0
2020-07-20,32.253,34.237,32.253,33.183,11560,383595.48,0.0,0.0,0.0,0.0,,1.65,0.0,0.0
2020-07-21,35.664,36.47,35.416,36.47,19641,716307.27,0.0,0.0,0.0,0.0,,1.65,0.0,0.0
2020-07-22,36.594,39.075,36.594,38.145,15320,584381.4,0.0,0.0,0.0,0.0,,1.65,0.0,0.0
2020-07-23,37.214,37.835,37.028,37.028,6850,253641.8,0.0,100.0,0.0,10000.0,,1.65,0.0,0.01
2020-07-24,36.408,36.904,34.113,35.602,15330,545778.6599999999,0.0,0.0,0.0,0.0,,1.65,0.0,0.0
2020-07-27,34.733,34.733,32.935,33.183,5710,189474.93,0.0,0.0,0.0,0.0,,1.65,0.0,0.0
2020-07-28,34.423,35.354,34.423,35.044,4400,154193.59999999998,0.0,0.0,0.0,0.0,,1.65,0.0,0.0
2020-07-29,35.044,35.044,33.183,34.733,3400,118092.19999999998,0.0,0.0,0.0,0.0,,1.65,0.0,0.0
2020-07-30,35.354,35.354,35.354,35.354,1280,45253.12,0.0,0.0,0.0,0.0,,1.65,0.0,0.0
2020-07-31,34.113,34.113,34.113,34.113,820,27972.66,0.0,0.0,0.0,0.0,,1.65,0.0,0.0
2020-08-03,34.733,37.214,34.733,37.214,8700,323761.8,0.0,0.0,0.0,0.0,,1.65,0.0,0.0
2020-08-04,37.587,38.393,37.214,37.214,4730,176022.22,0.0,0.0,0.0,0.0,,1.65,0.0,0.0
2020-08-05,37.835,37.835,37.214,37.214,7500,279105.0,0.0,0.0,0.0,0.0,,1.65,0.0,0.0
2020-08-06,37.214,37.835,37.214,37.835,7020,265601.7,0.0,0.0,0.0,0.0,,1.65,0.0,0.0
2020-08-07,37.959,39.075,37.959,38.765,10424,404086.36,0.0,0.0,0.0,0.0,,1.65,0.0,0.0
2020-08-10,38.765,39.509,37.835,37.897,9700,367600.9,0.0,0.0,0.0,0.0,,1.65,0.0,0.0
2020-08-11,37.897,37.897,37.276,37.525,2500,93812.5,0.0,0.0,0.0,0.0,,1.65,0.0,0.0
2020-08-12,38.455,38.455,38.455,38.455,2000,76910.0,0.0,0.0,0.0,0.0,,1.65,0.0,0.0
2020-08-13,38.455,38.765,37.711,38.393,5381,206592.733,0.0,0.0,0.0,0.0,,1.65,0.0,0.0
2020-08-14,38.393,38.393,37.649,37.649,2100,79062.90000000001,0.0,0.0,0.0,0.0,,1.65,0.0,0.0
2020-08-17,38.145,38.331,38.021,38.331,4300,164823.30000000002,0.0,0.0,0.0,0.0,,1.65,0.0,0.0
2020-08-18,38.331,38.331,38.331,38.331,29,1111.5990000000002,0.0,0.0,0.0,0.0,,1.65,0.0,0.0
2020-08-19,38.145,38.331,37.711,38.331,7200,275983.2,0.0,0.0,0.0,0.0,,1.65,0.0,0.0
2020-08-20,39.323,41.804,39.323,41.742,23455,979058.61,0.0,0.0,0.0,0.0,,1.65,0.0,0.0
2020-08-21,41.742,41.742,40.936,41.184,10410,428725.44,0.0,0.0,0.0,0.0,,1.65,0.0,0.0
2020-08-24,41.184,42.797,41.184,42.176,22410,945164.16,0.0,0.0,0.0,0.0,,1.65,0.0,0.0
2020-08-25,42.176,44.037,41.928,44.037,23100,1017254.7,0.0,0.0,0.0,0.0,,1.65,0.0,0.0
2020-08-26,44.657,46.518,44.099,44.099,13710,604597.2899999999,0.0,0.0,0.0,0.0,,1.65,0.0,0.0
2020-08-27,42.797,44.595,42.3,44.595,6840,305029.8,0.0,0.0,0.0,0.0,,1.65,0.0,0.0
2020-08-28,44.037,44.037,42.983,42.983,8900,382548.7,0.0,0.0,0.0,0.0,,1.65,0.0,0.0
2020-08-31,42.486,43.107,42.362,42.611,12401,528419.0109999999,0.0,0.0,0.0,0.0,,1.65,0.0,0.0
2020-09-01,42.797,44.037,42.797,43.975,6909,303823.275,0.0,0.0,0.0,0.0,,1.65,0.0,0.0
2020-09-03,43.727,44.657,43.727,44.657,18100,808291.7,0.0,0.0,0.0,0.0,,1.65,0.0,0.0
2020-09-04,44.037,45.216,43.417,43.417,10630,461522.71,0.0,0.0,0.0,0.0,,1.65,0.0,0.0
2020-09-07,43.169,43.727,42.797,43.479,14518,631228.122,0.0,0.0,0.0,0.0,,1.65,0.0,0.0
2020-09-08,43.293,43.789,43.107,43.789,14700,643698.3,0.0,13500.0,0.0,950000.0,,1.65,0.0,0.95
2020-09-09,43.541,43.789,43.417,43.789,4900,214566.1,0.0,0.0,0.0,0.0,,1.65,0.0,0.0
2020-09-10,43.789,45.898,43.789,44.781,25829,1156648.449,0.0,5400.0,0.0,390000.0,,1.65,0.0,0.39
2020-09-11,44.719,45.091,43.913,44.781,15900,712017.9,0.0,10800.0,0.0,780000.0,,1.65,0.0,0.78
2020-09-14,46.58,48.751,44.967,48.379,56771,2746524.209,200.0,15700.0,20000.0,1200000.0,,1.65,0.02,1.2
2020-09-15,48.317,48.317,46.704,48.069,6412,308218.428,0.0,2300.0,0.0,180000.0,,1.65,0.0,0.18
2020-09-16,48.069,48.131,47.759,47.821,25600,1224217.6,0.0,3000.0,0.0,230000.0,,1.65,0.0,0.23
2020-09-17,47.138,47.883,46.208,46.332,26520,1228724.64,0.0,0.0,0.0,0.0,,1.65,0.0,0.0
2020-09-18,46.456,46.58,45.96,46.456,16620,772098.7200000001,0.0,5600.0,0.0,420000.0,,1.65,0.0,0.42
2020-09-21,46.456,46.456,45.898,46.146,20400,941378.4,0.0,100.0,0.0,10000.0,,1.65,0.0,0.01
2020-09-22,46.022,46.208,45.588,46.208,10300,475942.4,0.0,4800.0,0.0,360000.0,,1.65,0.0,0.36
2020-09-23,45.898,46.208,45.712,45.898,11460,525991.0800000001,0.0,1600.0,0.0,120000.0,,1.65,0.0,0.12
2020-09-24,45.836,45.836,45.278,45.526,4900,223077.4,0.0,1600.0,0.0,120000.0,,1.65,0.0,0.12
2020-09-25,45.464,45.464,44.905,45.278,15080,682792.24,0.0,0.0,0.0,0.0,,1.65,0.0,0.0
2020-09-28,45.278,47.759,45.216,47.262,65710,3105586.02,300.0,17000.0,20000.0,1280000.0,,1.65,0.02,1.28
2020-09-29,47.262,47.883,47.262,47.697,68929,3287706.5130000003,200.0,34500.0,20000.0,2650000.0,,1.65,0.02,2.65
2020-09-30,47.759,47.759,47.448,47.697,20510,978265.47,0.0,11900.0,0.0,910000.0,,1.65,0.0,0.91
2020-10-01,47.697,47.697,46.642,47.324,39810,1883968.44,100.0,2900.0,10000.0,220000.0,,1.65,0.01,0.22
2020-10-02,47.324,47.448,46.642,46.89,29430,1379972.7,0.0,3200.0,0.0,240000.0,,1.65,0.0,0.24
2020-10-05,47.262,47.262,46.952,47.076,11650,548435.4,0.0,2300.0,0.0,170000.0,,1.65,0.0,0.17
2020-10-06,47.076,49.495,47.076,49.495,76509,3786812.955,1300.0,12300.0,100000.0,960000.0,,1.65,0.1,0.96
2020-10-07,49.495,49.495,49.247,49.309,21620,1066060.5799999998,400.0,2200.0,30000.0,180000.0,,1.65,0.03,0.18
2020-10-08,49.371,49.371,48.565,48.937,18766,918351.742,200.0,600.0,20000.0,50000.0,,1.65,0.02,0.05
2020-10-09,48.937,48.937,48.379,48.751,21914,1068329.414,0.0,200.0,0.0,20000.0,,1.65,0.0,0.02
2020-10-12,48.751,48.813,48.379,48.565,18489,897918.2849999999,100.0,1600.0,10000.0,130000.0,,1.65,0.01,0.13
2020-10-13,48.503,48.627,48.317,48.627,8624,419359.248,0.0,1100.0,0.0,90000.0,,1.65,0.0,0.09
2020-10-14,48.565,48.565,48.317,48.379,12086,584708.5939999999,0.0,900.0,0.0,70000.0,,1.65,0.0,0.07
2020-10-15,48.379,48.565,47.759,47.821,32058,1533045.618,0.0,7000.0,0.0,540000.0,,1.65,0.0,0.54
2020-10-16,47.138,48.379,47.076,48.379,38510,1863075.29,100.0,22000.0,10000.0,1680000.0,,1.65,0.01,1.68
2020-10-19,48.445,48.445,44.902,45.855,22240,1019815.2,1500.0,0.0,100000.0,0.0,,1.65,0.1,0.0
2020-10-20,45.855,45.855,41.563,42.312,50630,2142256.56,300.0,200.0,20000.0,10000.0,,1.65,0.02,0.01
2020-10-21,42.244,42.244,39.587,42.244,17400,735045.6,100.0,200.0,10000.0,10000.0,,1.65,0.01,0.01
2020-10-22,41.222,42.244,40.882,41.699,13990,583369.01,900.0,0.0,50000.0,0.0,,1.65,0.05,0.0
2020-10-23,41.699,41.699,40.882,41.29,14476,597714.04,600.0,0.0,40000.0,0.0,,1.65,0.04,0.0
2020-10-26,41.222,41.29,40.2,40.2,18406,739921.2000000001,600.0,0.0,40000.0,0.0,,1.65,0.04,0.0
2020-10-27,40.132,40.2,38.292,39.314,34648,1362151.472,10.0,0.0,0.0,0.0,,1.65,0.0,0.0
2020-10-28,38.837,39.178,38.02,38.36,20136,772416.96,110.0,100.0,10000.0,10000.0,,1.65,0.01,0.01
2020-10-29,38.088,38.088,37.134,37.475,15400,577115.0,20.0,0.0,0.0,0.0,,1.65,0.0,0.0
2020-10-30,37.475,37.747,36.453,36.453,25671,935784.963,600.0,8300.0,30000.0,450000.0,,1.65,0.03,0.45
2020-11-02,36.453,37.134,35.226,37.134,19550,725969.7,30.0,100.0,0.0,10000.0,,1.65,0.0,0.01
2020-11-03,37.066,38.497,37.066,38.292,41806,1600835.352,2000.0,19300.0,110000.0,1070000.0,,1.65,0.11,1.07
2020-11-04,38.292,38.769,37.815,38.565,22490,867326.85,1300.0,7300.0,70000.0,410000.0,,1.65,0.07,0.41
2020-11-05,38.769,41.154,38.769,40.541,37504,1520449.664,0.0,19060.0,0.0,1120000.0,,1.65,0.0,1.12
2020-11-06,40.541,40.609,39.11,39.859,10290,410149.11,0.0,0.0,0.0,0.0,,1.65,0.0,0.0
2020-11-09,39.519,40.064,39.519,39.996,11320,452754.72,0.0,600.0,0.0,30000.0,,1.65,0.0,0.03
2020-11-10,39.587,39.655,39.178,39.587,14470,572823.89,0.0,2000.0,0.0,120000.0,,1.65,0.0,0.12
2020-11-11,39.587,39.791,39.519,39.587,12600,498796.20000000007,500.0,4000.0,30000.0,230000.0,,1.65,0.03,0.23
2020-11-12,39.178,39.587,39.178,39.451,7304,288150.104,0.0,0.0,0.0,0.0,,1.65,0.0,0.0
2020-11-13,39.519,39.587,39.383,39.451,9510,375179.01,0.0,100.0,0.0,10000.0,,1.65,0.0,0.01
2020-11-16,39.519,40.2,39.519,39.928,43060,1719299.68,0.0,24200.0,0.0,1420000.0,,1.65,0.0,1.42
2020-11-17,40.2,42.926,40.2,42.789,55067,2356261.863,0.0,31400.0,0.0,1910000.0,,1.65,0.0,1.91
2020-11-18,42.926,42.926,40.473,42.653,9121,389038.013,500.0,1200.0,30000.0,70000.0,,1.65,0.03,0.07
2020-11-19,42.244,42.653,41.904,42.04,12740,535589.6,500.0,0.0,30000.0,0.0,,1.65,0.03,0.0
2020-11-20,41.904,42.926,41.631,42.585,44240,1883960.4,0.0,12700.0,0.0,790000.0,,1.65,0.0,0.79
2020-11-23,42.585,42.585,42.108,42.517,21216,902040.672,100.0,800.0,10000.0,50000.0,,1.65,0.01,0.05
2020-11-24,42.449,42.585,42.176,42.585,50385,2145645.225,0.0,19900.0,0.0,1240000.0,,1.65,0.0,1.24
2020-11-25,42.585,43.539,42.585,43.13,38721,1670036.7300000002,0.0,20900.0,0.0,1320000.0,,1.65,0.0,1.32
2020-11-26,42.381,43.334,42.381,42.721,34251,1463236.971,0.0,0.0,0.0,0.0,,1.65,0.0,0.0
2020-11-27,43.13,43.13,42.312,42.585,22544,960036.24,800.0,0.0,50000.0,0.0,,1.65,0.05,0.0
2020-11-30,42.585,42.653,42.244,42.312,23310,986292.72,0.0,0.0,0.0,0.0,,1.65,0.0,0.0
2020-12-01,42.244,42.244,40.882,42.04,41870,1760214.8,700.0,0.0,40000.0,0.0,,1.65,0.04,0.0
2020-12-02,41.563,42.789,41.563,42.789,29800,1275112.2,0.0,0.0,0.0,0.0,,1.65,0.0,0.0
2020-12-03,42.789,44.288,42.789,43.948,34378,1510844.344,0.0,0.0,0.0,0.0,,1.65,0.0,0.0
2020-12-04,43.948,43.948,43.266,43.607,10620,463106.34,0.0,0.0,0.0,0.0,,1.65,0.0,0.0
2020-12-07,43.607,43.811,43.266,43.743,19226,841002.9180000001,0.0,0.0,0.0,0.0,,1.65,0.0,0.0
2020-12-08,43.743,44.697,43.743,44.22,28440,1257616.8,0.0,0.0,0.0,0.0,,1.65,0.0,0.0
2020-12-09,44.288,44.629,43.879,44.288,16968,751478.784,0.0,0.0,0.0,0.0,,1.65,0.0,0.0
2020-12-10,44.288,44.288,43.948,44.152,12250,540862.0,0.0,0.0,0.0,0.0,,1.65,0.0,0.0
2020-12-11,44.152,44.493,44.152,44.493,13970,621567.2100000001,0.0,0.0,0.0,0.0,,1.65,0.0,0.0
2020-12-14,44.629,44.97,44.288,44.833,19140,858103.62,0.0,0.0,0.0,0.0,,1.65,0.0,0.0
2020-12-15,44.833,45.447,44.833,44.97,23753,1068172.41,0.0,0.0,0.0,0.0,,1.65,0.0,0.0
2020-12-16,44.97,45.924,44.97,45.651,5200,237385.2,0.0,0.0,0.0,0.0,,1.65,0.0,0.0
2020-12-17,45.719,45.787,44.425,45.106,18840,849797.04,0.0,0.0,0.0,0.0,,1.65,0.0,0.0
2020-12-18,45.106,45.787,45.106,45.651,9200,419989.2,0.0,0.0,0.0,0.0,,1.65,0.0,0.0
2020-12-21,45.515,46.673,45.515,46.673,16400,765437.2000000001,0.0,0.0,0.0,0.0,,1.65,0.0,0.0
2020-12-22,47.354,47.559,46.741,47.491,26460,1256611.86,0.0,0.0,0.0,0.0,,1.65,0.0,0.0
2020-12-23,47.491,49.262,47.491,47.695,25076,1195999.82,0.0,0.0,0.0,0.0,,1.65,0.0,0.0
2020-12-24,49.739,51.102,46.332,47.695,21300,1015903.5,0.0,0.0,0.0,0.0,,1.65,0.0,0.0
2020-12-25,50.625,50.625,47.831,49.33,6440,317685.2,0.0,0.0,0.0,0.0,,1.65,0.0,0.0
2020-12-28,49.058,49.058,48.717,49.058,7670,376274.86,0.0,1720.0,0.0,120000.0,,1.65,0.0,0.12
2020-12-29,48.581,48.922,48.376,48.922,6100,298424.19999999995,0.0,0.0,0.0,0.0,,1.65,0.0,0.0
2020-12-30,48.581,48.922,48.036,48.036,16295,782746.62,500.0,0.0,40000.0,0.0,,1.65,0.04,0.0
2020-12-31,47.968,48.922,47.968,48.922,11624,568669.328,0.0,10.0,0.0,0.0,,1.65,0.0,0.0
2021-01-04,49.058,49.875,48.717,49.33,11141,549585.53,0.0,0.0,0.0,0.0,,1.65,0.0,0.0
2021-01-05,49.33,51.102,49.33,49.807,22219,1106661.733,0.0,0.0,0.0,0.0,,1.65,0.0,0.0
2021-01-06,49.944,51.783,49.944,51.783,27200,1408497.6,0.0,0.0,0.0,0.0,,1.65,0.0,0.0
2021-01-07,51.783,52.942,51.783,52.942,10997,582203.174,0.0,100.0,0.0,10000.0,,1.65,0.0,0.01
2021-01-08,52.465,53.827,52.124,52.805,41226,2176938.93,5500.0,2110.0,420000.0,160000.0,,1.65,0.42,0.16
2021-01-11,52.737,54.577,52.737,54.509,29310,1597658.79,1000.0,100.0,80000.0,10000.0,,1.65,0.08,0.01
2021-01-12,54.509,55.19,54.168,54.781,18519,1014489.339,0.0,0.0,0.0,0.0,,1.65,0.0,0.0
2021-01-13,54.781,54.849,53.827,54.032,9450,510602.4,0.0,0.0,0.0,0.0,,1.65,0.0,0.0
2021-01-14,53.827,53.827,53.01,53.827,19835,1067658.545,300.0,0.0,20000.0,0.0,,1.65,0.02,0.0
2021-01-15,54.509,59.142,54.509,58.529,21840,1278273.36,0.0,0.0,0.0,0.0,,1.65,0.0,0.0
2021-01-18,58.733,62.344,58.529,61.663,30655,1890279.265,0.0,400.0,0.0,40000.0,,1.65,0.0,0.04
2021-01-19,59.346,59.346,55.531,57.575,33000,1899975.0,0.0,0.0,0.0,0.0,,1.65,0.0,0.0
2021-01-20,57.575,57.575,53.827,57.234,9166,524606.844,0.0,0.0,0.0,0.0,,1.65,0.0,0.0
2021-01-21,57.234,62.004,56.553,62.004,21700,1345486.8,0.0,0.0,0.0,0.0,,1.65,0.0,0.0
2021-01-22,59.619,59.619,57.915,59.278,26808,1589124.624,0.0,100.0,0.0,10000.0,,1.65,0.0,0.01
2021-01-25,55.871,58.324,55.054,57.302,2975,170473.45,0.0,100.0,0.0,10000.0,,1.65,0.0,0.01
2021-01-26,57.302,57.915,55.94,57.915,15810,915636.15,0.0,0.0,0.0,0.0,,1.65,0.0,0.0
2021-01-27,57.643,57.779,55.19,56.212,12900,725134.8,0.0,0.0,0.0,0.0,,1.65,0.0,0.0
2021-01-28,53.214,53.487,50.625,50.625,29961,1516775.625,8700.0,0.0,660000.0,0.0,,1.65,0.66,0.0
2021-01-29,47.014,55.667,47.014,55.667,16718,930640.906,0.0,0.0,0.0,0.0,,1.65,0.0,0.0
2021-02-01,55.531,55.735,54.509,55.735,2110,117600.85,0.0,100.0,0.0,10000.0,,1.65,0.0,0.01
2021-02-02,53.487,61.186,53.487,61.186,14800,905552.8,0.0,0.0,0.0,0.0,,1.65,0.0,0.0
2021-02-03,59.278,62.004,59.278,61.254,13915,852349.4099999999,0.0,0.0,0.0,0.0,,1.65,0.0,0.0
2021-02-04,60.982,61.186,59.278,60.3,10100,609030.0,0.0,0.0,0.0,0.0,,1.65,0.0,0.0
2021-02-05,59.96,60.641,58.938,60.641,13200,800461.2,0.0,0.0,0.0,0.0,,1.65,0.0,0.0
2021-02-08,62.004,62.685,60.641,62.004,27608,1711806.432,0.0,0.0,0.0,0.0,,1.65,0.0,0.0
2021-02-09,62.004,62.685,62.004,62.617,15105,945829.785,0.0,500.0,0.0,50000.0,,1.65,0.0,0.05
2021-02-17,67.454,68.817,66.773,68.817,41940,2886184.9799999995,0.0,0.0,0.0,0.0,,1.65,0.0,0.0
2021-02-18,70.861,70.861,68.136,69.567,38619,2686607.973,0.0,0.0,0.0,0.0,,1.65,0.0,0.0
2021-02-19,69.499,70.793,69.43,70.793,27100,1918490.3000000005,0.0,0.0,0.0,0.0,,1.65,0.0,0.0
2021-02-22,71.543,73.927,68.953,70.861,45200,3202917.2,0.0,0.0,0.0,0.0,,1.65,0.0,0.0
2021-02-23,70.861,73.587,70.861,73.178,26450,1935558.1,0.0,0.0,0.0,0.0,,1.65,0.0,0.0
2021-02-24,72.905,73.519,69.499,70.18,22020,1545363.6,0.0,0.0,0.0,0.0,,1.65,0.0,0.0
2021-02-25,70.248,71.883,70.248,71.543,35400,2532622.2,0.0,0.0,0.0,0.0,,1.65,0.0,0.0
2021-02-26,71.134,71.202,68.885,71.134,20520,1459669.68,0.0,0.0,0.0,0.0,,1.65,0.0,0.0
2021-03-01,70.521,73.927,68.817,73.859,58220,4300070.98,500.0,0.0,50000.0,0.0,,1.65,0.05,0.0
2021-03-02,73.791,74.609,73.246,73.246,23000,1684658.0,0.0,0.0,0.0,0.0,,1.65,0.0,0.0
2021-03-03,72.905,73.246,70.861,72.837,18800,1369335.6,0.0,0.0,0.0,0.0,,1.65,0.0,0.0
2021-03-04,73.587,73.723,70.521,72.905,28620,2086541.1,0.0,200.0,0.0,20000.0,,1.65,0.0,0.02
2021-03-05,73.587,73.587,70.861,72.769,11050,804097.4500000001,700.0,720.0,70000.0,80000.0,,1.65,0.07,0.08
2021-03-08,72.905,73.587,72.224,73.314,27800,2038129.2,0.0,0.0,0.0,0.0,,1.65,0.0,0.0
2021-03-09,73.587,80.605,73.587,80.605,89500,7214147.5,0.0,500.0,0.0,60000.0,,1.65,0.0,0.06
2021-03-10,82.036,88.508,81.899,86.533,50145,4339197.285,1800.0,0.0,230000.0,0.0,,1.65,0.23,0.0
2021-03-11,87.214,87.895,84.488,85.51,67515,5773207.65,0.0,0.0,0.0,0.0,,1.65,0.0,0.0
2021-03-12,84.488,86.192,84.488,85.579,37475,3207073.025,0.0,0.0,0.0,0.0,,1.65,0.0,0.0
2021-03-15,87.895,94.096,86.328,93.891,69940,6566736.54,100.0,1800.0,10000.0,240000.0,,1.65,0.01,0.24
2021-03-16,94.027,94.709,89.939,91.983,56460,5193360.180000001,0.0,0.0,0.0,0.0,,1.65,0.0,0.0
2021-03-17,89.394,92.665,89.394,92.665,16450,1524339.25,0.0,100.0,0.0,10000.0,,1.65,0.0,0.01
2021-03-18,93.21,93.482,90.007,92.665,19510,1807894.15,0.0,0.0,0.0,0.0,,1.65,0.0,0.0
2021-03-19,90.621,90.757,88.577,89.939,27334,2458392.626,0.0,0.0,0.0,0.0,,1.65,0.0,0.0
2021-03-22,89.939,90.28,87.214,87.555,17254,1510673.9700000002,0.0,0.0,0.0,0.0,,1.65,0.0,0.0
2021-03-23,87.214,87.214,85.102,85.783,30500,2616381.5,0.0,0.0,0.0,0.0,,1.65,0.0,0.0
2021-03-24,85.783,85.783,77.266,82.785,117100,9694123.5,200.0,100.0,20000.0,10000.0,,1.65,0.02,0.01
2021-03-25,82.785,85.102,80.4,83.058,25600,2126284.8000000003,0.0,0.0,0.0,0.0,,1.65,0.0,0.0
2021-03-26,83.126,83.126,76.994,83.126,24400,2028274.4,0.0,0.0,0.0,0.0,,1.65,0.0,0.0
2021-03-29,82.444,83.739,81.763,83.126,30900,2568593.4000000004,0.0,0.0,0.0,0.0,,1.65,0.0,0.0
2021-03-30,83.807,85.238,83.807,83.807,22702,1902586.514,0.0,0.0,0.0,0.0,,1.65,0.0,0.0
2021-03-31,83.807,85.17,83.535,85.17,15144,1289814.48,0.0,0.0,0.0,0.0,,1.65,0.0,0.0
2021-04-01,85.17,87.214,85.17,86.533,19701,1704786.633,0.0,0.0,0.0,0.0,,1.65,0.0,0.0
2021-04-02,86.533,86.873,85.851,86.873,7200,625485.6,0.0,0.0,0.0,0.0,,1.65,0.0,0.0
2021-04-05,86.533,86.533,83.807,84.488,13311,1124619.768,0.0,0.0,0.0,0.0,,1.65,0.0,0.0
2021-04-06,84.488,85.17,83.807,84.42,12910,1089862.2,0.0,0.0,0.0,0.0,,1.65,0.0,0.0
2021-04-07,84.488,87.214,84.488,86.464,12704,1098438.656,0.0,0.0,0.0,0.0,,1.65,0.0,0.0
2021-04-08,83.943,86.533,83.807,86.328,1701,146843.928,0.0,0.0,0.0,0.0,,1.65,0.0,0.0
2021-04-09,86.533,87.895,86.464,87.895,40600,3568537.0,0.0,0.0,0.0,0.0,,1.65,0.0,0.0
2021-04-12,88.508,88.508,86.533,87.895,6100,536159.5,0.0,0.0,0.0,0.0,,1.65,0.0,0.0
2021-04-13,87.214,87.214,85.851,85.851,17900,1536732.9,0.0,0.0,0.0,0.0,,1.65,0.0,0.0
2021-04-14,81.763,87.214,81.763,86.533,22448,1942492.784,0.0,0.0,0.0,0.0,,1.65,0.0,0.0
2021-04-15,86.533,88.577,85.17,87.146,29800,2596950.8,0.0,0.0,0.0,0.0,,1.65,0.0,0.0
2021-04-16,87.146,88.44,85.238,87.214,24800,2162907.2,0.0,200.0,0.0,30000.0,,1.65,0.0,0.03
2021-04-19,86.873,95.935,86.873,95.935,38324,3676612.94,1000.0,1500.0,130000.0,200000.0,,1.65,0.13,0.2
2021-04-20,96.072,99.819,93.346,94.709,16000,1515344.0,0.0,0.0,0.0,0.0,,1.65,0.0,0.0
2021-04-22,89.803,89.803,85.238,85.238,60509,5157666.142,0.0,0.0,0.0,0.0,,1.65,0.0,0.0
2021-04-23,76.857,87.214,76.857,87.146,42000,3660132.0,300.0,0.0,30000.0,0.0,,1.65,0.03,0.0
2021-04-26,86.533,86.533,82.444,85.51,10100,863651.0,0.0,0.0,0.0,0.0,,1.65,0.0,0.0
2021-04-27,83.126,84.148,81.082,84.148,12700,1068679.6,0.0,0.0,0.0,0.0,,1.65,0.0,0.0
2021-04-28,84.08,84.08,83.126,83.807,10300,863212.1,0.0,500.0,0.0,60000.0,,1.65,0.0,0.06
2021-04-29,83.126,83.807,82.513,83.739,6400,535929.6,0.0,0.0,0.0,0.0,,1.65,0.0,0.0
2021-05-04,83.126,83.126,81.763,82.581,5400,445937.4,0.0,0.0,0.0,0.0,,1.65,0.0,0.0
2021-05-05,82.581,83.807,82.581,83.807,11204,938973.628,0.0,0.0,0.0,0.0,,1.65,0.0,0.0
2021-05-06,83.194,83.807,83.126,83.671,5700,476924.7,0.0,0.0,0.0,0.0,,1.65,0.0,0.0
2021-05-07,83.671,83.807,82.444,83.126,8600,714883.6000000001,0.0,0.0,0.0,0.0,,1.65,0.0,0.0
2021-05-10,83.807,83.807,83.126,83.739,5300,443816.7,0.0,0.0,0.0,0.0,,1.65,0.0,0.0
2021-05-11,83.603,91.915,82.785,87.214,16427,1432664.378,0.0,0.0,0.0,0.0,,1.65,0.0,0.0
2021-05-12,87.214,89.939,87.214,87.282,7200,628430.4,0.0,0.0,0.0,0.0,,1.65,0.0,0.0
2021-05-13,86.396,86.396,83.126,83.126,5200,432255.2,300.0,0.0,40000.0,0.0,,1.65,0.04,0.0
2021-05-14,83.126,84.42,83.126,83.466,4627,386197.182,0.0,0.0,0.0,0.0,,1.65,0.0,0.0
2021-05-17,81.899,83.466,81.899,83.33,5700,474981.0,0.0,0.0,0.0,0.0,,1.65,0.0,0.0
2021-05-18,81.831,83.466,81.831,83.194,7500,623955.0,0.0,0.0,0.0,0.0,,1.65,0.0,0.0
2021-05-19,83.126,83.671,81.967,83.126,14100,1172076.6,0.0,0.0,0.0,0.0,,1.65,0.0,0.0
2021-05-20,82.036,82.921,80.06,81.082,50200,4070316.4,0.0,0.0,0.0,0.0,,1.65,0.0,0.0
2021-05-21,81.763,81.763,80.809,81.695,8610,703393.95,0.0,0.0,0.0,0.0,,1.65,0.0,0.0
2021-05-24,81.763,83.466,80.468,81.695,5216,426121.12,0.0,100.0,0.0,10000.0,,1.65,0.0,0.01
2021-05-25,81.695,81.695,80.4,80.537,11300,910068.1,0.0,0.0,0.0,0.0,,1.65,0.0,0.0
2021-05-26,80.264,80.4,78.493,79.378,13100,1039851.8,0.0,0.0,0.0,0.0,,1.65,0.0,0.0
2021-05-27,79.378,79.719,78.969,79.378,13300,1055727.4,0.0,1100.0,0.0,130000.0,,1.65,0.0,0.13
2021-05-28,78.697,79.855,78.356,79.855,18100,1445375.5,0.0,0.0,0.0,0.0,,1.65,0.0,0.0
2021-05-31,80.4,81.763,79.855,81.763,12700,1038390.1,0.0,0.0,0.0,0.0,,1.65,0.0,0.0
2021-06-01,81.763,84.488,81.763,84.488,8200,692801.6,0.0,0.0,0.0,0.0,,1.65,0.0,0.0
2021-06-02,84.761,87.214,84.488,86.533,14280,1235691.24,0.0,0.0,0.0,0.0,,1.65,0.0,0.0
2021-06-03,86.533,88.236,86.533,87.827,17100,1501841.7,0.0,0.0,0.0,0.0,,1.65,0.0,0.0
2021-06-04,87.895,87.895,84.625,86.669,29501,2556822.169,0.0,0.0,0.0,0.0,,1.65,0.0,0.0
2021-06-07,83.807,83.875,82.581,82.581,4500,371614.5,0.0,0.0,0.0,0.0,,1.65,0.0,0.0
2021-06-08,83.807,87.555,82.513,85.034,7850,667516.9,100.0,700.0,10000.0,90000.0,,1.65,0.01,0.09
2021-06-09,84.829,85.51,83.535,85.374,4510,385036.74,0.0,0.0,0.0,0.0,,1.65,0.0,0.0
2021-06-10,84.012,85.374,83.943,84.42,3044,256974.48,0.0,0.0,0.0,0.0,,1.65,0.0,0.0
2021-06-11,84.42,85.851,84.42,85.579,1000,85579.0,0.0,0.0,0.0,0.0,,1.65,0.0,0.0
2021-06-14,85.306,85.851,83.807,85.851,3916,336192.516,0.0,0.0,0.0,0.0,,1.65,0.0,0.0
2021-06-15,85.851,86.396,84.488,86.396,5000,431980.0,0.0,0.0,0.0,0.0,,1.65,0.0,0.0
2021-06-16,87.214,94.027,87.214,91.779,61900,5681120.1,0.0,300.0,0.0,40000.0,,1.65,0.0,0.04
2021-06-17,91.302,97.434,91.302,96.072,22139,2126938.008,0.0,0.0,0.0,0.0,,1.65,0.0,0.0
2021-06-18,96.072,97.434,91.983,95.322,34465,3285272.73,0.0,0.0,0.0,0.0,,1.65,0.0,0.0
2021-06-21,92.733,95.322,92.324,92.869,9600,891542.4,0.0,0.0,0.0,0.0,,1.65,0.0,0.0
2021-06-22,92.869,92.869,90.621,91.302,14602,1333191.804,0.0,0.0,0.0,0.0,,1.65,0.0,0.0
2021-06-23,89.258,90.621,82.172,87.827,32600,2863160.2,200.0,0.0,30000.0,0.0,,1.65,0.03,0.0
2021-06-24,85.51,88.032,85.17,88.032,8000,704256.0,300.0,0.0,40000.0,0.0,,1.65,0.04,0.0
2021-06-25,88.1,90.825,85.17,87.555,14910,1305445.05,100.0,0.0,10000.0,0.0,,1.65,0.01,0.0
2021-06-28,84.761,87.214,84.557,86.805,13900,1206589.5,0.0,0.0,0.0,0.0,,1.65,0.0,0.0
2021-06-29,86.805,86.805,86.533,86.805,3500,303817.5,0.0,0.0,0.0,0.0,,1.65,0.0,0.0
2021-06-30,85.851,86.328,84.216,86.328,19600,1692028.8,100.0,0.0,10000.0,0.0,,1.65,0.01,0.0
2021-07-01,86.328,86.328,84.488,84.829,16730,1419189.17,0.0,0.0,0.0,0.0,,1.65,0.0,0.0
2021-07-02,85.306,85.715,83.807,85.715,5400,462861.0,0.0,0.0,0.0,0.0,,1.65,0.0,0.0
2021-07-05,85.647,86.26,84.488,86.26,5700,491682.00000000006,0.0,0.0,0.0,0.0,,1.65,0.0,0.0
2021-07-06,85.17,86.464,81.763,81.763,8400,686809.2000000001,0.0,0.0,0.0,0.0,,1.65,0.0,0.0
2021-07-07,82.853,83.194,81.763,83.194,15604,1298159.176,0.0,0.0,0.0,0.0,,1.65,0.0,0.0
2021-07-08,83.194,83.194,81.763,83.126,2300,191189.8,0.0,0.0,0.0,0.0,,1.65,0.0,0.0
2021-07-09,83.807,84.488,82.581,83.671,4800,401620.8000000001,0.0,0.0,0.0,0.0,,1.65,0.0,0.0
2021-07-12,83.671,83.671,80.4,80.537,8400,676510.8,0.0,0.0,0.0,0.0,,1.65,0.0,0.0
2021-07-13,81.763,82.989,81.763,82.989,3500,290461.5,0.0,0.0,0.0,0.0,,1.65,0.0,0.0
2021-07-14,82.444,83.126,81.763,83.126,10700,889448.2000000001,0.0,0.0,0.0,0.0,,1.65,0.0,0.0
2021-07-15,81.899,83.33,81.899,83.126,2901,241148.526,0.0,0.0,0.0,0.0,,1.65,0.0,0.0
2021-07-16,83.126,83.126,83.126,83.126,7000,581882.0,0.0,0.0,0.0,0.0,,1.65,0.0,0.0
2021-07-19,81.763,83.126,81.763,83.126,2900,241065.4,0.0,0.0,0.0,0.0,,1.65,0.0,0.0
2021-07-20,81.082,83.466,81.082,83.466,6400,534182.3999999999,0.0,0.0,0.0,0.0,,1.65,0.0,0.0
2021-07-21,85.17,86.533,81.763,83.739,18000,1507302.0,0.0,0.0,0.0,0.0,,1.65,0.0,0.0
2021-07-22,83.126,85.851,83.126,85.647,9600,822211.2000000001,0.0,0.0,0.0,0.0,,1.65,0.0,0.0
2021-07-23,85.647,85.647,77.13,82.785,11502,952193.07,0.0,0.0,0.0,0.0,,1.65,0.0,0.0
2021-07-26,82.785,82.785,80.468,82.717,8800,727909.6,0.0,0.0,0.0,0.0,,1.65,0.0,0.0
2021-07-27,82.717,83.466,81.218,83.398,9800,817300.3999999999,0.0,0.0,0.0,0.0,,1.65,0.0,0.0
2021-07-28,83.398,83.398,83.33,83.33,305,25415.65,0.0,0.0,0.0,0.0,,1.65,0.0,0.0
2021-07-29,82.513,83.398,82.513,83.33,3800,316654.0,0.0,0.0,0.0,0.0,,1.65,0.0,0.0
2021-07-30,83.33,83.33,81.763,83.058,4500,373761.00000000006,0.0,0.0,0.0,0.0,,1.65,0.0,0.0
2021-08-02,83.058,83.807,82.104,83.126,12525,1041153.15,0.0,0.0,0.0,0.0,,1.65,0.0,0.0
2021-08-03,83.126,85.17,83.126,84.148,13500,1135998.0,0.0,0.0,0.0,0.0,,1.65,0.0,0.0
2021-08-04,83.875,85.17,83.875,85.17,9700,826149.0,0.0,0.0,0.0,0.0,,1.65,0.0,0.0
2021-08-05,84.557,87.146,84.488,85.715,12200,1045723.0,0.0,100.0,0.0,10000.0,,1.65,0.0,0.01
2021-08-06,85.919,86.396,85.851,85.851,6200,532276.2,0.0,0.0,0.0,0.0,,1.65,0.0,0.0
2021-08-09,86.533,88.577,86.533,88.508,17500,1548890.0,0.0,200.0,0.0,30000.0,,1.65,0.0,0.03
2021-08-10,86.192,88.508,86.192,88.44,3825,338283.0,0.0,0.0,0.0,0.0,,1.65,0.0,0.0
2021-08-11,89.258,96.685,89.258,93.005,34635,3221228.175,0.0,100.0,0.0,10000.0,,1.65,0.0,0.01
2021-08-12,93.687,95.39,91.711,91.711,36760,3371296.36,0.0,300.0,0.0,40000.0,,1.65,0.0,0.04
2021-08-13,91.711,91.915,88.577,91.915,18932,1740134.78,0.0,0.0,0.0,0.0,,1.65,0.0,0.0
2021-08-16,91.915,96.072,91.915,96.072,68518,6582661.296,0.0,1600.0,0.0,220000.0,,1.65,0.0,0.22
2021-08-17,96.753,97.434,95.39,95.39,26505,2528311.95,0.0,0.0,0.0,0.0,,1.65,0.0,0.0
2021-08-18,95.458,101.522,95.458,101.386,31900,3234213.4,0.0,100.0,0.0,10000.0,,1.65,0.0,0.01
2021-08-19,102.204,106.973,101.386,106.973,62484,6684100.932,2500.0,0.0,380000.0,0.0,,1.65,0.38,0.0
2021-08-20,106.973,107.178,101.318,102.204,34635,3539835.54,0.0,0.0,0.0,0.0,,1.65,0.0,0.0
2021-08-23,100.296,104.861,100.228,103.498,18520,1916782.96,0.0,0.0,0.0,0.0,,1.65,0.0,0.0
2021-08-24,102.885,103.566,100.5,102.885,35800,3683283.0,0.0,1700.0,0.0,250000.0,,1.65,0.0,0.25
2021-08-25,103.226,103.566,102.136,103.566,5800,600682.8,0.0,0.0,0.0,0.0,,1.65,0.0,0.0
2021-08-26,104.589,107.655,103.566,103.703,21130,2191244.39,0.0,700.0,0.0,110000.0,,1.65,0.0,0.11
2021-08-27,103.566,105.406,102.34,104.929,14910,1564491.39,0.0,100.0,0.0,20000.0,,1.65,0.0,0.02
2021-08-30,104.929,109.017,104.929,108.336,18742,2030433.312,0.0,0.0,0.0,0.0,,1.65,0.0,0.0
2021-08-31,108.336,108.677,106.973,106.973,21600,2310616.8,0.0,0.0,0.0,0.0,,1.65,0.0,0.0
2021-09-01,105.611,106.292,104.248,106.292,21016,2233832.6720000003,0.0,0.0,0.0,0.0,,1.65,0.0,0.0
2021-09-06,106.36,106.36,103.635,104.316,36027,3758192.532,0.0,0.0,0.0,0.0,,1.65,0.0,0.0
2021-09-07,102.544,104.52,101.522,104.384,13600,1419622.4,0.0,0.0,0.0,0.0,,1.65,0.0,0.0
2021-09-08,104.248,106.905,104.248,106.292,10634,1130309.128,500.0,0.0,80000.0,0.0,,1.65,0.08,0.0
2021-09-09,106.769,110.653,106.36,110.38,33634,3712520.92,0.0,0.0,0.0,0.0,,1.65,0.0,0.0
2021-09-10,110.38,110.721,108.677,110.38,23420,2585099.6,0.0,0.0,0.0,0.0,,1.65,0.0,0.0
2021-09-13,109.086,109.086,106.973,106.973,13317,1424559.441,0.0,0.0,0.0,0.0,,1.65,0.0,0.0
2021-09-14,106.973,107.995,105.951,107.995,11204,1209975.98,0.0,0.0,0.0,0.0,,1.65,0.0,0.0
2021-09-15,107.995,117.739,107.859,110.38,21943,2422068.34,100.0,0.0,20000.0,0.0,,1.65,0.02,0.0
2021-09-16,110.448,110.993,110.039,110.789,18190,2015251.91,0.0,0.0,0.0,0.0,,1.65,0.0,0.0
2021-09-17,111.061,121.827,111.061,118.216,65837,7782986.791999999,3700.0,0.0,640000.0,0.0,,1.65,0.64,0.0
2021-09-20,118.216,122.645,118.216,119.578,31118,3721028.204,0.0,100.0,0.0,20000.0,,1.65,0.0,0.02
2021-09-21,119.578,120.532,118.011,120.055,14000,1680770.0,0.0,0.0,0.0,0.0,,1.65,0.0,0.0
2021-09-22,120.6,123.326,120.6,121.963,30720,3746703.36,0.0,300.0,0.0,50000.0,,1.65,0.0,0.05
2021-09-23,121.963,121.963,117.875,118.011,14900,1758363.9,500.0,0.0,90000.0,0.0,,1.65,0.09,0.0
2021-09-24,117.875,117.943,115.218,115.218,11750,1353811.5,500.0,700.0,90000.0,120000.0,,1.65,0.09,0.12
2021-09-27,115.218,117.194,112.424,114.468,28900,3308125.2,0.0,100.0,0.0,20000.0,,1.65,0.0,0.02
2021-09-28,112.492,117.194,112.424,117.194,24103,2824726.982,0.0,0.0,0.0,0.0,,1.65,0.0,0.0
2021-09-29,119.919,121.963,115.831,117.466,12715,1493580.19,1800.0,0.0,310000.0,0.0,,1.65,0.31,0.0
2021-09-30,119.919,119.919,115.899,117.466,12709,1492875.394,0.0,0.0,0.0,0.0,,1.65,0.0,0.0
2021-10-01,117.875,117.943,116.035,116.512,18410,2144985.92,0.0,0.0,0.0,0.0,,1.65,0.0,0.0
2021-10-04,116.512,116.853,115.831,116.512,20240,2358202.88,0.0,1300.0,0.0,220000.0,,1.65,0.0,0.22
2021-10-05,116.58,119.17,116.58,118.556,20520,2432769.12,500.0,0.0,90000.0,0.0,,1.65,0.09,0.0
2021-10-06,117.398,118.556,117.398,118.42,8005,947952.1,0.0,300.0,0.0,50000.0,,1.65,0.0,0.05
2021-10-07,118.42,119.238,109.017,119.238,41500,4948377.0,800.0,200.0,140000.0,30000.0,,1.65,0.14,0.03
2021-10-08,119.379,119.379,115.666,118.879,15026,1786275.854,600.0,0.0,100000.0,0.0,,1.65,0.1,0.0
2021-10-11,116.737,119.95,116.737,119.236,12700,1514297.2,0.0,0.0,0.0,0.0,,1.65,0.0,0.0
2021-10-12,119.593,121.235,118.522,118.879,11710,1392073.09,200.0,0.0,30000.0,0.0,,1.65,0.03,0.0
2021-10-13,118.879,119.95,118.522,119.236,14382,1714852.152,700.0,0.0,120000.0,0.0,,1.65,0.12,0.0
2021-10-14,119.236,119.379,118.522,119.236,16431,1959166.716,0.0,0.0,0.0,0.0,,1.65,0.0,0.0
2021-10-15,119.95,120.164,118.879,118.95,13406,1594643.7,0.0,300.0,0.0,50000.0,,1.65,0.0,0.05
2021-10-18,118.95,119.093,117.451,117.451,16202,1902941.102,0.0,500.0,0.0,80000.0,,1.65,0.0,0.08
2021-10-19,117.094,117.094,115.309,115.595,20500,2369697.5,0.0,0.0,0.0,0.0,,1.65,0.0,0.0
2021-10-20,115.666,116.023,114.238,115.452,17911,2067860.772,200.0,0.0,30000.0,0.0,,1.65,0.03,0.0
2021-10-21,116.38,116.737,113.524,113.524,47700,5415094.8,0.0,0.0,0.0,0.0,,1.65,0.0,0.0
2021-10-22,113.524,113.524,110.668,110.668,27161,3005853.548,0.0,0.0,0.0,0.0,,1.65,0.0,0.0
2021-10-25,110.668,112.739,105.67,107.098,43442,4652551.316,0.0,1500.0,0.0,230000.0,,1.65,0.0,0.23
2021-10-26,107.098,117.808,105.67,114.881,25400,2917977.4,0.0,0.0,0.0,0.0,,1.65,0.0,0.0
2021-10-27,114.238,114.238,111.953,112.739,18325,2065942.175,900.0,700.0,140000.0,110000.0,,1.65,0.14,0.11
2021-10-28,112.81,112.81,110.668,112.382,12305,1382860.51,100.0,0.0,20000.0,0.0,,1.65,0.02,0.0
2021-10-29,112.167,112.31,110.24,110.882,22010,2440512.8200000003,0.0,0.0,0.0,0.0,,1.65,0.0,0.0
2021-11-01,110.811,110.882,108.526,108.883,28010,3049812.83,0.0,0.0,0.0,0.0,,1.65,0.0,0.0
2021-11-02,109.24,111.311,109.24,109.669,17700,1941141.3,0.0,0.0,0.0,0.0,,1.65,0.0,0.0
2021-11-03,109.669,110.597,109.24,109.24,20950,2288578.0,0.0,1100.0,0.0,170000.0,,1.65,0.0,0.17
2021-11-04,109.383,109.954,109.24,109.669,5200,570278.7999999999,0.0,0.0,0.0,0.0,,1.65,0.0,0.0
2021-11-05,109.669,112.667,108.526,112.524,16300,1834141.2,0.0,0.0,0.0,0.0,,1.65,0.0,0.0
2021-11-08,114.238,120.664,112.524,117.808,47000,5536976.0,400.0,0.0,60000.0,0.0,,1.65,0.06,0.0
2021-11-09,117.808,119.236,115.88,116.166,7321,850451.286,0.0,0.0,0.0,0.0,,1.65,0.0,0.0
2021-11-10,117.808,117.808,114.238,116.38,12120,1410525.6,0.0,0.0,0.0,0.0,,1.65,0.0,0.0
2021-11-11,110.026,115.666,109.954,114.595,15733,1802923.135,0.0,400.0,0.0,60000.0,,1.65,0.0,0.06
2021-11-12,114.167,114.238,111.596,111.596,11800,1316832.8,0.0,0.0,0.0,0.0,,1.65,0.0,0.0
2021-11-15,111.882,113.881,110.882,112.81,26700,3012027.0,0.0,0.0,0.0,0.0,,1.65,0.0,0.0
2021-11-16,110.668,112.739,110.668,110.811,8509,942890.799,0.0,0.0,0.0,0.0,,1.65,0.0,0.0
2021-11-17,112.096,112.096,110.668,111.953,13111,1467815.783,400.0,0.0,60000.0,0.0,,1.65,0.06,0.0
2021-11-18,113.524,114.881,112.31,114.881,12503,1436357.143,0.0,0.0,0.0,0.0,,1.65,0.0,0.0
2021-11-19,115.737,117.451,108.598,114.881,20016,2299458.096,100.0,0.0,20000.0,0.0,,1.65,0.02,0.0
2021-11-22,114.881,114.881,111.097,112.453,4300,483547.9,0.0,300.0,0.0,50000.0,,1.65,0.0,0.05
2021-11-23,109.597,111.953,109.597,111.953,8422,942868.166,0.0,0.0,0.0,0.0,,1.65,0.0,0.0
2021-11-24,111.953,112.81,110.668,112.453,8009,900636.077,0.0,900.0,0.0,140000.0,,1.65,0.0,0.14
2021-11-25,112.453,114.238,111.382,112.239,7802,875688.6780000001,0.0,100.0,0.0,20000.0,,1.65,0.0,0.02
2021-11-26,111.382,112.739,110.811,111.739,8300,927433.7,0.0,0.0,0.0,0.0,,1.65,0.0,0.0
2021-11-29,111.739,112.096,109.24,112.096,4522,506898.112,100.0,0.0,20000.0,0.0,,1.65,0.02,0.0
2021-11-30,111.882,111.953,111.025,111.739,4300,480477.7,0.0,0.0,0.0,0.0,,1.65,0.0,0.0
2021-12-01,111.882,111.882,108.169,110.311,25800,2846023.8000000003,0.0,0.0,0.0,0.0,,1.65,0.0,0.0
2021-12-02,109.24,110.24,108.74,109.954,3244,356690.77599999995,0.0,0.0,0.0,0.0,,1.65,0.0,0.0
2021-12-03,109.312,109.954,107.884,109.811,10800,1185958.8,1200.0,0.0,180000.0,0.0,,1.65,0.18,0.0
2021-12-06,108.026,109.097,105.67,105.67,22100,2335307.0,0.0,0.0,0.0,0.0,,1.65,0.0,0.0
2021-12-07,105.67,109.597,105.67,108.74,600,65244.0,0.0,0.0,0.0,0.0,,1.65,0.0,0.0
2021-12-08,109.954,109.954,108.526,109.026,7802,850620.852,0.0,0.0,0.0,0.0,,1.65,0.0,0.0
2021-12-09,110.311,110.454,108.526,109.169,5442,594097.698,0.0,0.0,0.0,0.0,,1.65,0.0,0.0
2021-12-10,108.526,109.883,108.526,109.454,4208,460582.432,0.0,0.0,0.0,0.0,,1.65,0.0,0.0
2021-12-13,111.025,114.167,109.312,109.954,7000,769678.0,800.0,0.0,130000.0,0.0,,1.65,0.13,0.0
2021-12-14,111.382,111.382,109.24,109.74,6101,669523.74,100.0,0.0,20000.0,0.0,,1.65,0.02,0.0
2021-12-15,109.74,109.74,107.955,109.169,5644,616149.836,0.0,40.0,0.0,10000.0,,1.65,0.0,0.01
2021-12-16,109.24,109.24,108.74,109.24,2300,251252.0,0.0,0.0,0.0,0.0,,1.65,0.0,0.0
2021-12-17,109.169,109.24,108.383,109.169,5200,567678.7999999999,0.0,500.0,0.0,80000.0,,1.65,0.0,0.08
2021-12-20,109.24,109.24,105.67,108.241,9339,1010862.699,0.0,600.0,0.0,90000.0,,1.65,0.0,0.09
2021-12-21,107.455,108.526,106.384,108.241,6206,671743.646,0.0,0.0,0.0,0.0,,1.65,0.0,0.0
2021-12-22,107.812,108.169,107.455,107.812,6400,689996.7999999999,0.0,0.0,0.0,0.0,,1.65,0.0,0.0
2021-12-23,107.812,107.812,105.813,107.098,7400,792525.2,0.0,0.0,0.0,0.0,,1.65,0.0,0.0
2021-12-24,104.385,107.098,104.385,107.098,4800,514070.4,0.0,100.0,0.0,10000.0,,1.65,0.0,0.01
2021-12-27,108.526,109.24,108.169,108.169,5989,647824.141,0.0,0.0,0.0,0.0,,1.65,0.0,0.0
2021-12-28,108.526,111.453,108.169,111.382,9050,1008007.1,0.0,0.0,0.0,0.0,,1.65,0.0,0.0
2021-12-29,111.382,111.953,110.668,111.739,5001,558806.7390000001,0.0,0.0,0.0,0.0,,1.65,0.0,0.0
2021-12-30,111.739,111.739,111.739,111.739,1000,111739.0,0.0,0.0,0.0,0.0,,1.65,0.0,0.0
2021-12-31,111.739,112.096,110.668,111.739,2200,245825.8,200.0,0.0,30000.0,0.0,,1.65,0.03,0.0
2022-01-04,111.739,112.667,111.382,112.667,6100,687268.7,0.0,500.0,0.0,80000.0,,1.65,0.0,0.08
2022-01-05,112.667,112.667,110.097,112.382,3100,348384.2,0.0,0.0,0.0,0.0,,1.65,0.0,0.0
2022-01-06,109.74,112.31,109.74,112.31,700,78617.0,0.0,100.0,0.0,20000.0,,1.65,0.0,0.02
2022-01-07,110.454,110.811,110.383,110.811,4203,465738.633,0.0,0.0,0.0,0.0,,1.65,0.0,0.0
2022-01-10,109.24,113.167,109.24,112.167,12007,1346789.169,0.0,0.0,0.0,0.0,,1.65,0.0,0.0
2022-01-11,112.81,113.096,112.096,112.81,8901,1004121.81,0.0,0.0,0.0,0.0,,1.65,0.0,0.0
2022-01-12,112.81,114.167,111.382,113.167,1700,192383.9,0.0,0.0,0.0,0.0,,1.65,0.0,0.0
2022-01-13,112.881,113.881,111.382,113.238,9600,1087084.8,0.0,500.0,0.0,80000.0,,1.65,0.0,0.08
2022-01-14,113.238,114.595,109.954,113.024,6701,757373.824,0.0,900.0,0.0,140000.0,,1.65,0.0,0.14
2022-01-17,112.81,113.667,111.382,113.595,6200,704289.0,0.0,0.0,0.0,0.0,,1.65,0.0,0.0
2022-01-18,113.524,113.524,111.739,112.81,3701,417509.81,0.0,0.0,0.0,0.0,,1.65,0.0,0.0
2022-01-19,112.881,114.167,112.453,113.238,6900,781342.2,0.0,0.0,0.0,0.0,,1.65,0.0,0.0
2022-01-20,113.167,113.381,112.953,113.096,7500,848220.0,0.0,0.0,0.0,0.0,,1.65,0.0,0.0
2022-01-21,113.167,113.167,102.814,103.171,54000,5571234.0,0.0,0.0,0.0,0.0,,1.65,0.0,0.0
2022-01-24,103.171,104.242,100.03,100.672,9610,967457.92,0.0,100.0,0.0,10000.0,,1.65,0.0,0.01
2022-01-25,100.672,103.171,99.958,102.1,10000,1021000.0,0.0,0.0,0.0,0.0,,1.65,0.0,0.0
2022-01-26,102.1,102.1,100.315,100.672,14900,1500012.8,0.0,0.0,0.0,0.0,,1.65,0.0,0.0
2022-01-27,100.672,101.172,98.959,101.101,2700,272972.7,0.0,0.0,0.0,0.0,,1.65,0.0,0.0
2022-01-28,101.386,103.457,101.386,103.1,7920,816552.0,0.0,0.0,0.0,0.0,,1.65,0.0,0.0
2022-02-07,107.098,107.098,103.528,103.528,2400,248467.2,0.0,0.0,0.0,0.0,,1.65,0.0,0.0
2022-02-08,104.242,104.242,102.814,103.385,1000,103385.0,0.0,0.0,0.0,0.0,,1.65,0.0,0.0
2022-02-09,104.242,104.242,100.744,104.171,3200,333347.2,0.0,0.0,0.0,0.0,,1.65,0.0,0.0
2022-02-10,105.67,109.24,103.671,105.67,1700,179639.0,0.0,0.0,0.0,0.0,,1.65,0.0,0.0
2022-02-11,106.027,106.027,105.599,105.599,200,21119.8,0.0,0.0,0.0,0.0,,1.65,0.0,0.0
2022-02-14,105.599,105.599,105.599,105.599,500,52799.5,0.0,0.0,0.0,0.0,,1.65,0.0,0.0
2022-02-15,105.527,105.527,104.956,104.956,1000,104956.0,0.0,0.0,0.0,0.0,,1.65,0.0,0.0
2022-02-16,104.956,106.384,104.242,106.17,2100,222957.0,0.0,0.0,0.0,0.0,,1.65,0.0,0.0
2022-02-17,105.67,105.67,104.242,105.67,900,95103.0,0.0,0.0,0.0,0.0,,1.65,0.0,0.0
2022-02-18,107.098,107.098,103.6,105.67,2900,306443.0,0.0,0.0,0.0,0.0,,1.65,0.0,0.0
2022-02-21,105.67,105.67,104.242,105.385,2207,232584.695,0.0,0.0,0.0,0.0,,1.65,0.0,0.0
2022-02-22,104.956,104.956,103.528,104.885,2010,210818.85,0.0,0.0,0.0,0.0,,1.65,0.0,0.0
2022-02-23,105.099,105.742,105.099,105.527,1100,116079.7,0.0,0.0,0.0,0.0,,1.65,0.0,0.0
2022-02-24,105.456,105.456,102.814,102.814,5701,586142.614,0.0,0.0,0.0,0.0,,1.65,0.0,0.0
2022-02-25,104.314,104.314,102.814,103.171,3455,356455.80500000005,0.0,0.0,0.0,0.0,,1.65,0.0,0.0
2022-02-28,103.528,103.528,102.529,102.743,4700,482892.1,0.0,0.0,0.0,0.0,,1.65,0.0,0.0
2022-03-01,104.956,109.597,104.956,105.813,1414,149619.582,0.0,0.0,0.0,0.0,,1.65,0.0,0.0
2022-03-02,106.384,106.384,104.314,105.67,1912,202041.04,12.0,0.0,0.0,0.0,,1.65,0.0,0.0
2022-03-03,105.67,111.739,105.099,108.883,10500,1143271.5,0.0,600.0,0.0,90000.0,,1.65,0.0,0.09
2022-03-04,108.883,112.096,108.883,109.954,5814,639272.556,0.0,0.0,0.0,0.0,,1.65,0.0,0.0
2022-03-07,112.025,118.165,112.025,116.023,7701,893493.123,1.0,0.0,0.0,0.0,,1.65,0.0,0.0
2022-03-08,116.023,116.451,113.881,113.881,5151,586601.031,0.0,0.0,0.0,0.0,,1.65,0.0,0.0
2022-03-09,113.524,114.952,113.524,114.952,3200,367846.4,0.0,0.0,0.0,0.0,,1.65,0.0,0.0
2022-03-10,114.809,114.881,110.668,114.595,2400,275028.0,0.0,0.0,0.0,0.0,,1.65,0.0,0.0
2022-03-11,118.165,118.165,111.453,113.524,4600,522210.4,0.0,0.0,0.0,0.0,,1.65,0.0,0.0
2022-03-14,113.524,114.238,110.668,113.524,2800,317867.2,0.0,0.0,0.0,0.0,,1.65,0.0,0.0
2022-03-15,113.524,113.881,110.74,113.453,700,79417.1,0.0,0.0,0.0,0.0,,1.65,0.0,0.0
2022-03-16,111.882,113.524,111.81,112.096,2000,224192.0,0.0,0.0,0.0,0.0,,1.65,0.0,0.0
2022-03-17,113.167,113.167,111.239,112.81,2500,282025.0,0.0,0.0,0.0,0.0,,1.65,0.0,0.0
2022-03-18,112.667,112.667,112.667,112.667,100,11266.7,0.0,0.0,0.0,0.0,,1.65,0.0,0.0
2022-03-21,112.096,112.739,111.311,112.739,5400,608790.6,0.0,0.0,0.0,0.0,,1.65,0.0,0.0
2022-03-22,110.811,111.953,103.528,111.953,2800,313468.4,0.0,800.0,0.0,120000.0,,1.65,0.0,0.12
2022-03-23,111.739,112.096,110.383,110.383,2200,242842.6,0.0,0.0,0.0,0.0,,1.65,0.0,0.0
2022-03-24,108.598,111.668,99.387,111.311,8101,901730.411,0.0,0.0,0.0,0.0,,1.65,0.0,0.0
2022-03-25,112.81,112.81,107.812,110.954,900,99858.6,0.0,0.0,0.0,0.0,,1.65,0.0,0.0
2022-03-28,112.096,112.096,108.883,110.668,2900,320937.2,0.0,0.0,0.0,0.0,,1.65,0.0,0.0
2022-03-29,110.168,110.311,109.954,110.311,4800,529492.8,0.0,0.0,0.0,0.0,,1.65,0.0,0.0
2022-03-30,109.597,110.168,103.528,110.168,2700,297453.60000000003,0.0,0.0,0.0,0.0,,1.65,0.0,0.0
2022-03-31,110.525,110.525,107.098,110.168,2600,286436.8,0.0,0.0,0.0,0.0,,1.65,0.0,0.0
2022-04-01,109.954,110.525,109.954,110.525,1304,144124.6,0.0,0.0,0.0,0.0,,1.65,0.0,0.0
2022-04-04,110.668,111.097,110.597,111.097,3705,411614.385,0.0,0.0,0.0,0.0,,1.65,0.0,0.0
2022-04-05,111.382,111.453,110.311,111.382,5100,568048.2000000001,0.0,0.0,0.0,0.0,,1.65,0.0,0.0
2022-04-06,110.668,111.882,110.668,111.882,1600,179011.2,0.0,0.0,0.0,0.0,,1.65,0.0,0.0
2022-04-07,108.883,111.739,108.883,111.239,3410,379324.99,0.0,0.0,0.0,0.0,,1.65,0.0,0.0
2022-04-08,111.382,111.382,109.24,111.239,701,77978.539,0.0,0.0,0.0,0.0,,1.65,0.0,0.0
2022-04-12,111.882,114.238,109.954,112.524,3305,371891.82,0.0,0.0,0.0,0.0,,1.65,0.0,0.0
2022-04-13,112.81,112.953,111.382,112.881,1804,203637.324,0.0,0.0,0.0,0.0,,1.65,0.0,0.0
2022-04-14,112.667,114.595,112.524,114.595,4300,492758.5,0.0,0.0,0.0,0.0,,1.65,0.0,0.0
2022-04-15,114.595,117.737,114.595,116.38,7755,902526.9,0.0,0.0,0.0,0.0,,1.65,0.0,0.0
2022-04-18,117.808,119.236,114.309,115.023,15817,1819318.791,0.0,0.0,0.0,0.0,,1.65,0.0,0.0
2022-04-19,115.023,116.023,115.023,115.595,15000,1733925.0,0.0,0.0,0.0,0.0,,1.65,0.0,0.0
2022-04-20,115.666,115.666,113.81,113.81,6400,728384.0,0.0,0.0,0.0,0.0,,1.65,0.0,0.0
2022-04-21,112.453,112.453,107.098,109.597,13500,1479559.5,0.0,0.0,0.0,0.0,,1.65,0.0,0.0
2022-04-22,107.812,107.812,102.814,106.241,8500,903048.5,0.0,0.0,0.0,0.0,,1.65,0.0,0.0
2022-04-25,107.098,108.812,101.386,104.314,4800,500707.2,800.0,0.0,120000.0,0.0,,1.65,0.12,0.0
2022-04-26,100.03,105.67,99.958,105.67,4500,475515.0,0.0,0.0,0.0,0.0,,1.65,0.0,0.0
2022-04-27,102.814,106.741,101.386,106.741,4800,512356.8,0.0,0.0,0.0,0.0,,1.65,0.0,0.0
2022-04-28,106.527,106.813,106.527,106.813,400,42725.2,0.0,0.0,0.0,0.0,,1.65,0.0,0.0
2022-04-29,106.813,110.597,106.813,110.597,3700,409208.9,0.0,0.0,0.0,0.0,,1.65,0.0,0.0
2022-05-04,110.311,110.668,108.312,110.597,4400,486626.8,0.0,0.0,0.0,0.0,,1.65,0.0,0.0
2022-05-05,108.455,109.954,106.527,109.597,3700,405508.9,0.0,0.0,0.0,0.0,,1.65,0.0,0.0
2022-05-06,107.812,107.812,107.098,107.098,1400,149937.2,0.0,0.0,0.0,0.0,,1.65,0.0,0.0
2022-05-09,105.67,107.455,102.1,102.1,7400,755540.0,0.0,0.0,0.0,0.0,,1.65,0.0,0.0
2022-05-10,102.172,102.814,100.315,102.1,7900,806590.0,0.0,0.0,0.0,0.0,,1.65,0.0,0.0
2022-05-11,102.172,103.885,101.386,102.743,6000,616458.0,0.0,0.0,0.0,0.0,,1.65,0.0,0.0
2022-05-12,102.457,102.457,98.53,98.53,11200,1103536.0,0.0,0.0,0.0,0.0,,1.65,0.0,0.0
2022-05-13,98.53,99.958,93.532,96.246,6200,596725.2,0.0,0.0,0.0,0.0,,1.65,0.0,0.0
2022-05-16,96.246,97.102,93.675,95.603,1800,172085.4,0.0,0.0,0.0,0.0,,1.65,0.0,0.0
2022-05-17,93.175,98.388,92.818,98.388,5500,541134.0,0.0,0.0,0.0,0.0,,1.65,0.0,0.0
2022-05-18,97.102,100.672,97.102,100.672,3106,312687.232,0.0,0.0,0.0,0.0,,1.65,0.0,0.0
2022-05-19,100.601,100.672,98.173,99.958,4100,409827.8,0.0,0.0,0.0,0.0,,1.65,0.0,0.0
2022-05-20,101.386,102.671,98.031,102.6,8200,841320.0,0.0,0.0,0.0,0.0,,1.65,0.0,0.0
2022-05-23,101.386,101.386,98.173,99.458,4206,418320.348,0.0,0.0,0.0,0.0,,1.65,0.0,0.0
2022-05-24,96.388,98.388,92.818,93.532,13900,1300094.8,0.0,0.0,0.0,0.0,,1.65,0.0,0.0
2022-05-25,94.96,95.96,94.96,95.674,2200,210482.8,0.0,0.0,0.0,0.0,,1.65,0.0,0.0
2022-05-26,97.388,97.459,92.961,97.388,11700,1139439.6,0.0,0.0,0.0,0.0,,1.65,0.0,0.0
2022-05-27,97.031,99.458,96.46,98.102,5600,549371.2000000001,0.0,0.0,0.0,0.0,,1.65,0.0,0.0
2022-05-30,99.815,100.672,98.102,99.958,12700,1269466.6,0.0,0.0,0.0,0.0,,1.65,0.0,0.0
2022-05-31,98.031,98.031,95.817,97.674,5800,566509.2000000001,0.0,0.0,0.0,0.0,,1.65,0.0,0.0
2022-06-01,96.388,97.745,96.388,97.674,600,58604.4,0.0,0.0,0.0,0.0,,1.65,0.0,0.0
2022-06-02,96.46,97.459,95.317,97.031,6524,633030.2440000001,0.0,0.0,0.0,0.0,,1.65,0.0,0.0
2022-06-03,96.745,98.173,95.674,97.031,3000,291093.0,0.0,0.0,0.0,0.0,,1.65,0.0,0.0
2022-06-06,97.102,97.674,95.674,95.889,2200,210955.8,0.0,0.0,0.0,0.0,,1.65,0.0,0.0
2022-06-07,95.746,96.317,94.246,96.246,13000,1251198.0,0.0,0.0,0.0,0.0,,1.65,0.0,0.0
2022-06-08,97.602,97.602,95.96,96.96,3200,310272.0,0.0,0.0,0.0,0.0,,1.65,0.0,0.0
2022-06-09,96.96,96.96,96.103,96.103,1300,124933.9,0.0,0.0,0.0,0.0,,1.65,0.0,0.0
2022-06-10,95.317,96.174,95.317,96.174,3000,288522.0,0.0,0.0,0.0,0.0,,1.65,0.0,0.0
2022-06-13,94.603,94.603,89.248,93.247,11700,1090989.9,0.0,0.0,0.0,0.0,,1.65,0.0,0.0
2022-06-14,93.247,93.247,88.534,91.89,24000,2205360.0,0.0,0.0,0.0,0.0,,1.65,0.0,0.0
2022-06-15,88.749,88.749,85.607,86.678,17000,1473526.0,0.0,0.0,0.0,0.0,,1.65,0.0,0.0
2022-06-16,86.393,86.678,82.823,86.607,8401,727585.407,0.0,0.0,0.0,0.0,,1.65,0.0,0.0
2022-06-17,86.036,86.036,83.251,84.893,4300,365039.9,0.0,0.0,0.0,0.0,,1.65,0.0,0.0
2022-06-20,81.466,81.752,76.468,76.468,24500,1873466.0,0.0,0.0,0.0,0.0,,1.65,0.0,0.0
2022-06-21,78.539,82.109,76.539,76.682,8300,636460.6,0.0,0.0,0.0,0.0,,1.65,0.0,0.0
2022-06-22,76.682,77.468,76.682,76.825,11500,883487.5,0.0,0.0,0.0,0.0,,1.65,0.0,0.0
2022-06-23,78.539,80.609,78.539,80.466,1201,96639.666,0.0,0.0,0.0,0.0,,1.65,0.0,0.0
2022-06-24,81.395,84.179,81.395,81.395,2600,211627.0,0.0,0.0,0.0,0.0,,1.65,0.0,0.0
2022-06-27,81.395,89.534,81.395,89.534,17800,1593705.2000000002,0.0,0.0,0.0,0.0,,1.65,0.0,0.0
2022-06-28,91.39,92.818,89.534,91.105,4007,365057.735,0.0,0.0,0.0,0.0,,1.65,0.0,0.0
2022-06-29,92.104,92.104,88.035,89.82,2500,224550.0,0.0,0.0,0.0,0.0,,1.65,0.0,0.0
2022-06-30,88.177,92.104,88.177,89.962,4000,359848.0,0.0,0.0,0.0,0.0,,1.65,0.0,0.0
2022-07-01,89.962,91.033,87.107,91.033,5300,482474.9,0.0,0.0,0.0,0.0,,1.65,0.0,0.0
2022-07-04,90.891,90.891,90.891,90.891,200,18178.2,0.0,0.0,0.0,0.0,,1.65,0.0,0.0
2022-07-05,91.39,92.818,88.249,89.962,5904,531135.648,0.0,0.0,0.0,0.0,,1.65,0.0,0.0
2022-07-06,87.249,90.319,87.107,90.319,1500,135478.5,0.0,0.0,0.0,0.0,,1.65,0.0,0.0
2022-07-07,90.177,90.177,90.177,90.177,100,9017.7,0.0,0.0,0.0,0.0,,1.65,0.0,0.0
2022-07-08,90.177,90.676,89.248,90.676,14208,1288324.608,0.0,0.0,0.0,0.0,,1.65,0.0,0.0
2022-07-11,94.96,94.96,90.676,92.104,4300,396047.2,0.0,0.0,0.0,0.0,,1.65,0.0,0.0
2022-07-12,92.104,93.532,92.104,93.532,3300,308655.6,0.0,0.0,0.0,0.0,,1.65,0.0,0.0
2022-07-13,93.532,94.603,93.532,94.603,2200,208126.6,0.0,0.0,0.0,0.0,,1.65,0.0,0.0
2022-07-14,94.96,95.603,94.603,95.389,2700,257550.3,0.0,0.0,0.0,0.0,,1.65,0.0,0.0
2022-07-15,96.388,104.885,96.388,104.885,13600,1426436.0,0.0,0.0,0.0,0.0,,1.65,0.0,0.0
2022-07-18,99.387,104.813,99.316,103.814,1800,186865.2,100.0,0.0,10000.0,0.0,,1.65,0.01,0.0
2022-07-19,99.958,103.528,99.958,103.528,10302,1066545.456,0.0,0.0,0.0,0.0,,1.65,0.0,0.0
2022-07-20,104.171,104.956,104.171,104.956,7900,829152.4,0.0,0.0,0.0,0.0,,1.65,0.0,0.0
2022-07-21,103.385,103.385,97.816,102.743,8700,893864.1,0.0,0.0,0.0,0.0,,1.65,0.0,0.0
2022-07-22,102.743,102.743,102.743,102.743,0,0.0,0.0,0.0,0.0,0.0,,1.65,0.0,0.0
2022-07-25,102.457,102.457,102.1,102.1,1800,183780.0,0.0,0.0,0.0,0.0,,1.65,0.0,0.0
2022-07-26,99.958,99.958,99.244,99.244,7700,764178.8,0.0,0.0,0.0,0.0,,1.65,0.0,0.0
2022-07-27,100.458,100.458,98.173,99.887,4300,429514.1,0.0,0.0,0.0,0.0,,1.65,0.0,0.0
2022-07-28,97.816,99.958,96.603,99.958,5400,539773.2,0.0,0.0,0.0,0.0,,1.65,0.0,0.0
2022-07-29,98.53,99.815,98.53,99.815,400,39926.0,0.0,0.0,0.0,0.0,,1.65,0.0,0.0
2022-08-01,97.459,99.815,97.459,99.815,700,69870.5,0.0,0.0,0.0,0.0,,1.65,0.0,0.0
2022-08-02,99.958,103.528,99.887,102.957,7800,803064.6,0.0,0.0,0.0,0.0,,1.65,0.0,0.0
2022-08-03,102.1,102.814,102.1,102.814,2700,277597.8,0.0,0.0,0.0,0.0,,1.65,0.0,0.0
2022-08-04,102.814,104.242,100.03,100.03,4600,460138.0,0.0,0.0,0.0,0.0,,1.65,0.0,0.0
2022-08-05,99.244,100.03,99.244,100.03,6600,660198.0,0.0,0.0,0.0,0.0,,1.65,0.0,0.0
2022-08-08,100.672,102.529,100.672,102.029,3600,367304.4,0.0,0.0,0.0,0.0,,1.65,0.0,0.0
2022-08-09,102.1,103.171,102.1,102.814,4900,503788.6,0.0,0.0,0.0,0.0,,1.65,0.0,0.0
2022-08-10,103.385,103.885,102.1,103.814,12600,1308056.4,0.0,0.0,0.0,0.0,,1.65,0.0,0.0
2022-08-11,104.171,110.668,104.171,107.027,4300,460216.1,0.0,0.0,0.0,0.0,,1.65,0.0,0.0
2022-08-12,109.954,109.954,107.098,107.098,1917,205306.866,0.0,0.0,0.0,0.0,,1.65,0.0,0.0
2022-08-15,108.526,108.883,104.385,107.812,900,97030.8,0.0,0.0,0.0,0.0,,1.65,0.0,0.0
2022-08-16,108.312,108.312,106.384,108.026,1800,194446.8,0.0,0.0,0.0,0.0,,1.65,0.0,0.0
2022-08-17,107.812,109.24,107.812,109.097,10900,1189157.3,0.0,0.0,0.0,0.0,,1.65,0.0,0.0
2022-08-18,109.597,110.311,109.24,109.954,8600,945604.4,0.0,0.0,0.0,0.0,,1.65,0.0,0.0
2022-08-19,110.311,110.525,108.883,109.954,1900,208912.6,0.0,0.0,0.0,0.0,,1.65,0.0,0.0
2022-08-22,107.241,108.455,107.241,108.455,2700,292828.5,0.0,0.0,0.0,0.0,,1.65,0.0,0.0
2022-08-23,108.455,108.455,108.455,108.455,0,0.0,0.0,0.0,0.0,0.0,,1.65,0.0,0.0
2022-08-24,105.813,107.598,105.099,107.098,3500,374843.0,0.0,0.0,0.0,0.0,,1.65,0.0,0.0
2022-08-25,106.741,106.741,105.67,106.384,3500,372344.0,0.0,0.0,0.0,0.0,,1.65,0.0,0.0
2022-08-26,105.456,108.598,105.313,107.384,1400,150337.6,0.0,0.0,0.0,0.0,,1.65,0.0,0.0
2022-08-29,106.741,107.741,106.741,107.741,800,86192.8,0.0,0.0,0.0,0.0,,1.65,0.0,0.0
2022-08-30,107.098,109.669,107.098,108.883,7000,762181.0,0.0,0.0,0.0,0.0,,1.65,0.0,0.0
2022-08-31,109.954,109.954,109.312,109.312,300,32793.6,0.0,0.0,0.0,0.0,,1.65,0.0,0.0
2022-09-05,109.24,109.811,107.598,107.812,1100,118593.2,0.0,0.0,0.0,0.0,,1.65,0.0,0.0
2022-09-06,109.24,109.24,106.027,109.24,1000,109240.0,0.0,0.0,0.0,0.0,,1.65,0.0,0.0
2022-09-07,107.098,107.884,104.956,107.884,4400,474689.6,0.0,0.0,0.0,0.0,,1.65,0.0,0.0
2022-09-08,105.67,107.027,105.67,107.027,900,96324.3,0.0,0.0,0.0,0.0,,1.65,0.0,0.0
2022-09-09,106.027,106.027,104.242,104.956,4117,432103.852,0.0,0.0,0.0,0.0,,1.65,0.0,0.0
2022-09-12,107.098,107.455,104.242,105.67,2159,228141.53,0.0,0.0,0.0,0.0,,1.65,0.0,0.0
2022-09-13,107.098,110.668,105.67,109.169,10255,1119528.095,0.0,5000.0,0.0,760000.0,,1.65,0.0,0.76
2022-09-14,108.883,110.668,108.526,109.954,7814,859180.556,0.0,1500.0,0.0,230000.0,,1.65,0.0,0.23
2022-09-15,109.954,110.668,109.954,110.597,2522,278925.634,0.0,1400.0,0.0,220000.0,,1.65,0.0,0.22
2022-09-16,109.954,110.668,109.312,109.312,906,99036.672,0.0,100.0,0.0,20000.0,,1.65,0.0,0.02
2022-09-19,107.455,109.312,103.528,106.741,4802,512570.282,0.0,0.0,0.0,0.0,,1.65,0.0,0.0
2022-09-20,107.098,109.454,107.098,109.454,3600,394034.4,0.0,0.0,0.0,0.0,,1.65,0.0,0.0
2022-09-21,109.597,109.597,108.526,109.526,3400,372388.4,0.0,0.0,0.0,0.0,,1.65,0.0,0.0
2022-09-22,109.097,109.097,107.17,108.955,1900,207014.5,0.0,0.0,0.0,0.0,,1.65,0.0,0.0
2022-09-23,108.955,108.955,108.955,108.955,100,10895.5,0.0,0.0,0.0,0.0,,1.65,0.0,0.0
2022-09-26,108.955,109.24,105.67,106.027,6306,668606.262,0.0,0.0,0.0,0.0,,1.65,0.0,0.0
2022-09-27,106.027,109.312,104.314,104.314,3220,335891.08,0.0,0.0,0.0,0.0,,1.65,0.0,0.0
2022-09-28,105.67,106.384,104.956,104.956,15411,1617476.916,0.0,0.0,0.0,0.0,,1.65,0.0,0.0
2022-09-29,106.384,106.384,104.171,104.171,1910,198966.61,0.0,0.0,0.0,0.0,,1.65,0.0,0.0
2022-09-30,103.528,104.956,103.528,104.956,700,73469.2,0.0,0.0,0.0,0.0,,1.65,0.0,0.0
2022-10-03,100.172,104.242,100.172,104.242,400,41696.8,0.0,0.0,0.0,0.0,,1.65,0.0,0.0
2022-10-04,104.242,104.242,102.886,102.886,1400,144040.4,0.0,0.0,0.0,0.0,,1.65,0.0,0.0
2022-10-05,103.528,104.171,99.958,104.171,4000,416684.0,0.0,0.0,0.0,0.0,,1.65,0.0,0.0
2022-10-06,104.171,104.171,101.458,103.385,3610,373219.85,0.0,0.0,0.0,0.0,,1.65,0.0,0.0
2022-10-07,103.313,103.313,95.873,102.93,1100,113223.0,0.0,0.0,0.0,0.0,,1.65,0.0,0.0
2022-10-10,102.93,102.93,102.93,102.93,0,0.0,0.0,0.0,0.0,0.0,,1.65,0.0,0.0
2022-10-11,93.649,102.7,93.649,102.7,400,41080.0,0.0,0.0,0.0,0.0,,1.65,0.0,0.0
2022-10-12,102.009,102.009,93.956,101.242,2221,224858.482,0.0,0.0,0.0,0.0,,1.65,0.0,0.0
2022-10-13,98.174,98.174,96.794,96.794,3002,290575.588,0.0,0.0,0.0,0.0,,1.65,0.0,0.0
2022-10-14,96.794,102.009,96.794,102.009,200,20401.8,0.0,0.0,0.0,0.0,,1.65,0.0,0.0
2022-10-17,98.941,100.552,98.941,100.552,300,30165.6,0.0,0.0,0.0,0.0,,1.65,0.0,0.0
2022-10-18,97.407,103.927,96.64,103.927,4224,438987.648,0.0,0.0,0.0,0.0,,1.65,0.0,0.0
2022-10-19,101.933,101.933,101.933,101.933,100,10193.3,0.0,0.0,0.0,0.0,,1.65,0.0,0.0
2022-10-20,103.927,107.148,103.927,107.148,700,75003.59999999999,0.0,0.0,0.0,0.0,,1.65,0.0,0.0
2022-10-21,107.378,108.145,100.475,105.077,5210,547451.17,0.0,100.0,0.0,10000.0,,1.65,0.0,0.01
2022-10-24,105.077,105.077,98.941,98.941,3694,365488.054,0.0,0.0,0.0,0.0,,1.65,0.0,0.0
2022-10-25,98.941,98.941,98.098,98.174,4920,483016.08,0.0,20.0,0.0,0.0,,1.65,0.0,0.0
2022-10-26,97.791,97.791,94.339,95.873,7300,699872.9,0.0,0.0,0.0,0.0,,1.65,0.0,0.0
2022-10-27,94.339,98.941,94.339,97.024,400,38809.6,0.0,0.0,0.0,0.0,,1.65,0.0,0.0
2022-10-28,100.092,100.092,97.254,98.865,800,79092.0,0.0,0.0,0.0,0.0,,1.65,0.0,0.0
2022-10-31,98.941,98.941,95.106,98.788,1508,148972.304,0.0,0.0,0.0,0.0,,1.65,0.0,0.0
2022-11-01,99.708,99.708,99.708,99.708,200,19941.6,0.0,0.0,0.0,0.0,,1.65,0.0,0.0
2022-11-02,98.174,98.174,98.174,98.174,352,34557.248,0.0,0.0,0.0,0.0,,1.65,0.0,0.0
2022-11-03,95.873,95.873,95.873,95.873,102,9779.046,0.0,0.0,0.0,0.0,,1.65,0.0,0.0
2022-11-04,95.567,96.18,93.572,96.18,7300,702114.0,0.0,0.0,0.0,0.0,,1.65,0.0,0.0
2022-11-07,96.18,98.865,94.339,98.865,1870,184877.55,200.0,0.0,30000.0,0.0,,1.65,0.03,0.0
2022-11-08,98.941,98.941,98.021,98.021,1600,156833.6,0.0,0.0,0.0,0.0,,1.65,0.0,0.0
2022-11-09,98.021,98.021,94.8,94.8,2500,237000.0,0.0,0.0,0.0,0.0,,1.65,0.0,0.0
2022-11-10,94.8,95.106,92.038,92.038,1200,110445.6,0.0,0.0,0.0,0.0,,1.65,0.0,0.0
2022-11-11,89.737,93.572,89.737,93.572,10500,982506.0,0.0,0.0,0.0,0.0,,1.65,0.0,0.0
2022-11-14,93.572,93.572,93.572,93.572,0,0.0,0.0,0.0,0.0,0.0,,1.65,0.0,0.0
2022-11-15,86.669,91.271,86.669,91.271,700,63889.7,0.0,0.0,0.0,0.0,,1.65,0.0,0.0
2022-11-16,88.817,91.271,84.445,91.271,3426,312694.446,0.0,0.0,0.0,0.0,,1.65,0.0,0.0
2022-11-17,91.271,91.271,91.271,91.271,0,0.0,0.0,0.0,0.0,0.0,,1.65,0.0,0.0
2022-11-18,91.271,91.271,86.746,90.428,500,45214.0,0.0,0.0,0.0,0.0,,1.65,0.0,0.0
2022-11-21,90.504,90.888,88.203,90.888,700,63621.600000000006,0.0,0.0,0.0,0.0,,1.65,0.0,0.0
2022-11-22,90.888,90.888,87.513,90.198,4902,442150.596,0.0,0.0,0.0,0.0,,1.65,0.0,0.0
2022-11-23,86.669,86.976,86.669,86.669,6800,589349.2,0.0,200.0,0.0,20000.0,,1.65,0.0,0.02
2022-11-24,86.363,93.572,86.363,93.572,1703,159353.116,0.0,0.0,0.0,0.0,,1.65,0.0,0.0
2022-11-25,89.737,89.737,88.203,88.357,2712,239624.184,0.0,0.0,0.0,0.0,,1.65,0.0,0.0
2022-11-28,90.428,90.504,90.428,90.504,500,45252.0,0.0,0.0,0.0,0.0,,1.65,0.0,0.0
2022-11-29,90.121,90.121,88.203,88.203,7000,617421.0,0.0,0.0,0.0,0.0,,1.65,0.0,0.0
2022-11-30,88.357,89.737,88.357,89.737,3203,287427.611,0.0,0.0,0.0,0.0,,1.65,0.0,0.0
2022-12-01,80.764,93.112,80.764,92.038,2500,230095.0,0.0,0.0,0.0,0.0,,1.65,0.0,0.0
2022-12-02,92.038,92.038,91.271,91.655,508,46560.74,0.0,0.0,0.0,0.0,,1.65,0.0,0.0
2022-12-05,91.655,92.038,88.97,89.737,2496,223983.552,0.0,0.0,0.0,0.0,,1.65,0.0,0.0
2022-12-06,88.203,89.737,88.203,89.737,3600,323053.19999999995,0.0,0.0,0.0,0.0,,1.65,0.0,0.0
2022-12-07,88.203,89.737,88.203,89.661,4500,403474.5,0.0,0.0,0.0,0.0,,1.65,0.0,0.0
2022-12-08,89.737,90.504,89.661,90.504,2700,244360.8,0.0,0.0,0.0,0.0,,1.65,0.0,0.0
2022-12-09,90.504,90.504,88.97,90.504,2400,217209.6,0.0,0.0,0.0,0.0,,1.65,0.0,0.0
2022-12-12,90.428,92.038,90.428,90.504,2800,253411.2,0.0,0.0,0.0,0.0,,1.65,0.0,0.0
2022-12-13,90.504,91.962,89.737,91.962,3400,312670.8,0.0,0.0,0.0,0.0,,1.65,0.0,0.0
2022-12-14,90.504,90.504,90.504,90.504,300,27151.2,0.0,0.0,0.0,0.0,,1.65,0.0,0.0
2022-12-15,90.888,92.038,90.504,92.038,1900,174872.19999999998,0.0,0.0,0.0,0.0,,1.65,0.0,0.0
2022-12-16,92.038,93.956,91.655,93.956,2100,197307.6,0.0,0.0,0.0,0.0,,1.65,0.0,0.0
2022-12-19,93.572,95.26,93.572,93.956,800,75164.8,0.0,0.0,0.0,0.0,,1.65,0.0,0.0
2022-12-20,95.106,95.106,91.425,91.425,3800,347415.0,0.0,0.0,0.0,0.0,,1.65,0.0,0.0
2022-12-21,92.038,95.49,91.271,95.49,7100,677979.0,0.0,0.0,0.0,0.0,,1.65,0.0,0.0
2022-12-22,95.49,95.49,93.572,94.416,2100,198273.6,0.0,0.0,0.0,0.0,,1.65,0.0,0.0
2022-12-23,93.572,94.416,92.268,93.572,3800,355573.60000000003,0.0,0.0,0.0,0.0,,1.65,0.0,0.0
2022-12-26,94.416,94.416,90.888,94.033,13800,1297655.4,0.0,0.0,0.0,0.0,,1.65,0.0,0.0
2022-12-27,94.033,94.033,94.033,94.033,0,0.0,0.0,0.0,0.0,0.0,,1.65,0.0,0.0
2022-12-28,90.888,93.956,90.888,93.956,500,46978.0,0.0,0.0,0.0,0.0,,1.65,0.0,0.0
2022-12-29,92.805,93.572,92.805,93.572,1000,93572.0,0.0,0.0,0.0,0.0,,1.65,0.0,0.0
2022-12-30,92.652,94.186,92.652,94.186,1301,122535.986,0.0,0.0,0.0,0.0,,1.65,0.0,0.0
2023-01-03,89.814,93.956,89.814,93.956,1900,178516.4,0.0,0.0,0.0,0.0,,1.65,0.0,0.0
2023-01-04,94.8,94.8,91.271,93.419,900,84077.09999999999,0.0,0.0,0.0,0.0,,1.65,0.0,0.0
2023-01-05,93.266,93.266,93.189,93.189,901,83963.28899999999,0.0,0.0,0.0,0.0,,1.65,0.0,0.0
2023-01-06,93.189,93.189,91.655,93.112,700,65178.4,0.0,0.0,0.0,0.0,,1.65,0.0,0.0
2023-01-09,95.03,95.03,92.038,93.112,6300,586605.6,0.0,0.0,0.0,0.0,,1.65,0.0,0.0
2023-01-10,93.189,93.189,90.504,92.882,4100,380816.2,0.0,0.0,0.0,0.0,,1.65,0.0,0.0
2023-01-11,91.271,91.425,91.271,91.271,2700,246431.7,0.0,0.0,0.0,0.0,,1.65,0.0,0.0
2023-01-12,91.271,93.419,90.581,90.581,1900,172103.9,0.0,0.0,0.0,0.0,,1.65,0.0,0.0
2023-01-13,94.263,94.263,91.271,91.271,2506,228725.126,0.0,0.0,0.0,0.0,,1.65,0.0,0.0
2023-01-16,90.504,92.038,90.504,92.038,1300,119649.4,0.0,0.0,0.0,0.0,,1.65,0.0,0.0
2023-01-17,92.805,95.106,92.115,95.03,7600,722228.0,0.0,0.0,0.0,0.0,,1.65,0.0,0.0
2023-01-18,95.03,95.03,95.03,95.03,0,0.0,0.0,0.0,0.0,0.0,,1.65,0.0,0.0
2023-01-19,92.038,95.49,91.271,95.49,6800,649332.0,0.0,0.0,0.0,0.0,,1.65,0.0,0.0
2023-01-27,103.927,105.0,101.626,101.626,17100,1737804.6,0.0,0.0,0.0,0.0,,1.65,0.0,0.0
2023-01-30,101.626,102.776,101.626,102.086,10542,1076190.612,0.0,0.0,0.0,0.0,,1.65,0.0,0.0
2023-01-31,103.543,108.529,103.543,108.529,40716,4418866.764,0.0,0.0,0.0,0.0,,1.65,0.0,0.0
2023-02-01,109.602,118.039,109.602,114.588,29700,3403263.6,0.0,0.0,0.0,0.0,,1.65,0.0,0.0
2023-02-02,113.361,115.048,111.597,114.741,14000,1606374.0,0.0,0.0,0.0,0.0,,1.65,0.0,0.0
2023-02-03,113.667,116.582,113.591,113.898,15210,1732388.5799999998,0.0,0.0,0.0,0.0,,1.65,0.0,0.0
2023-02-06,113.898,115.815,113.284,115.815,15800,1829877.0,0.0,0.0,0.0,0.0,,1.65,0.0,0.0
2023-02-07,116.198,116.198,112.364,112.364,24605,2764716.22,100.0,0.0,10000.0,0.0,,1.65,0.01,0.0
2023-02-08,114.204,114.204,110.139,111.98,16605,1859427.9,0.0,0.0,0.0,0.0,,1.65,0.0,0.0
2023-02-09,112.057,113.898,111.597,113.514,13218,1500428.052,0.0,0.0,0.0,0.0,,1.65,0.0,0.0
2023-02-10,114.281,115.815,113.514,114.664,23400,2683137.6,0.0,0.0,0.0,0.0,,1.65,0.0,0.0
2023-02-13,115.048,115.048,113.514,113.514,15632,1774450.848,0.0,0.0,0.0,0.0,,1.65,0.0,0.0
2023-02-14,112.517,114.281,112.44,114.281,9000,1028529.0,0.0,0.0,0.0,0.0,,1.65,0.0,0.0
2023-02-15,114.434,116.275,114.281,115.048,19600,2254940.8,0.0,0.0,0.0,0.0,,1.65,0.0,0.0
2023-02-16,115.048,115.048,112.977,113.898,18300,2084333.4,0.0,800.0,0.0,120000.0,,1.65,0.0,0.12
2023-02-17,113.131,113.131,112.21,113.131,3900,441210.9,1000.0,0.0,150000.0,0.0,,1.65,0.15,0.0
2023-02-20,112.057,115.815,112.057,115.815,20800,2408952.0,200.0,0.0,30000.0,0.0,,1.65,0.03,0.0
2023-02-21,115.815,118.346,115.815,117.349,26700,3133218.3000000003,0.0,7500.0,0.0,1150000.0,,1.65,0.0,1.15
2023-02-22,117.349,117.732,117.042,117.042,5300,620322.6,0.0,0.0,0.0,0.0,,1.65,0.0,0.0
2023-02-23,117.042,117.042,114.281,117.042,62601,7326946.242000001,0.0,0.0,0.0,0.0,,1.65,0.0,0.0
2023-02-24,117.042,117.349,115.125,116.889,2402,280767.378,2.0,0.0,0.0,0.0,,1.65,0.0,0.0
2023-02-27,115.048,115.125,113.514,113.514,20206,2293663.884,0.0,0.0,0.0,0.0,,1.65,0.0,0.0
2023-02-28,114.971,116.582,114.971,115.815,14800,1714062.0,0.0,0.0,0.0,0.0,,1.65,0.0,0.0
2023-03-01,115.815,115.815,114.281,115.125,1300,149662.5,0.0,0.0,0.0,0.0,,1.65,0.0,0.0
2023-03-02,115.815,116.582,114.434,115.585,4600,531691.0,0.0,0.0,0.0,0.0,,1.65,0.0,0.0
2023-03-03,116.505,116.582,112.977,112.977,3600,406717.2,0.0,0.0,0.0,0.0,,1.65,0.0,0.0
2023-03-06,115.431,115.431,112.977,112.977,4300,485801.1,0.0,0.0,0.0,0.0,,1.65,0.0,0.0
2023-03-07,113.514,116.275,113.131,114.971,4905,563932.755,100.0,0.0,10000.0,0.0,,1.65,0.01,0.0
2023-03-08,114.895,114.895,113.591,114.818,14000,1607452.0,0.0,0.0,0.0,0.0,,1.65,0.0,0.0
2023-03-09,114.971,114.971,113.207,113.514,2815,319541.91,0.0,0.0,0.0,0.0,,1.65,0.0,0.0
2023-03-10,112.824,113.514,112.824,113.514,3201,363358.314,0.0,0.0,0.0,0.0,,1.65,0.0,0.0
2023-03-13,113.514,114.281,113.514,113.591,3000,340773.0,0.0,0.0,0.0,0.0,,1.65,0.0,0.0
2023-03-14,112.44,114.281,112.44,113.054,3800,429605.2,0.0,0.0,0.0,0.0,,1.65,0.0,0.0
2023-03-15,113.361,114.664,113.361,113.667,6800,772935.6,0.0,0.0,0.0,0.0,,1.65,0.0,0.0
2023-03-16,113.514,113.514,112.517,112.747,6601,744242.947,0.0,0.0,0.0,0.0,,1.65,0.0,0.0
2023-03-17,113.514,113.514,113.131,113.131,3201,362132.331,0.0,0.0,0.0,0.0,,1.65,0.0,0.0
2023-03-20,110.446,113.131,108.529,112.44,6700,753348.0,0.0,0.0,0.0,0.0,,1.65,0.0,0.0
2023-03-21,112.747,112.747,111.213,111.98,5800,649484.0,0.0,0.0,0.0,0.0,,1.65,0.0,0.0
2023-03-22,112.287,114.204,112.287,114.204,6810,777729.24,4500.0,0.0,670000.0,0.0,,1.65,0.67,0.0
2023-03-23,114.664,115.815,113.514,115.815,10900,1262383.5,3300.0,0.0,490000.0,0.0,,1.65,0.49,0.0
2023-03-24,115.201,115.815,114.281,115.355,1600,184568.0,0.0,0.0,0.0,0.0,,1.65,0.0,0.0
2023-03-27,116.505,116.582,115.355,115.431,6900,796473.9,0.0,0.0,0.0,0.0,,1.65,0.0,0.0
2023-03-28,116.198,116.198,114.358,115.738,600,69442.8,0.0,0.0,0.0,0.0,,1.65,0.0,0.0
2023-03-29,115.738,115.815,115.125,115.662,2800,323853.60000000003,0.0,0.0,0.0,0.0,,1.65,0.0,0.0
2023-03-30,115.048,115.048,114.281,114.281,901,102967.181,0.0,0.0,0.0,0.0,,1.65,0.0,0.0
2023-03-31,115.048,115.815,115.048,115.278,2001,230671.278,0.0,0.0,0.0,0.0,,1.65,0.0,0.0
2023-04-03,116.429,118.883,116.429,118.576,7708,913983.808,0.0,0.0,0.0,0.0,,1.65,0.0,0.0
2023-04-04,118.883,122.641,117.426,118.653,31501,3737688.153,0.0,0.0,0.0,0.0,,1.65,0.0,0.0
2023-04-05,119.573,121.184,119.266,121.184,6000,727104.0,0.0,0.0,0.0,0.0,,1.65,0.0,0.0
2023-04-06,122.334,124.252,121.184,122.718,8900,1092190.2,0.0,0.0,0.0,0.0,,1.65,0.0,0.0
2023-04-07,123.485,124.252,121.951,123.868,12000,1486416.0,0.0,0.0,0.0,0.0,,1.65,0.0,0.0
2023-04-10,125.632,125.786,121.491,121.491,10700,1299953.7,0.0,0.0,0.0,0.0,,1.65,0.0,0.0
2023-04-11,121.644,122.718,120.417,122.641,9000,1103769.0,0.0,0.0,0.0,0.0,,1.65,0.0,0.0
2023-04-12,124.252,124.252,122.718,123.868,10100,1251066.8,0.0,0.0,0.0,0.0,,1.65,0.0,0.0
2023-04-13,123.485,124.865,123.331,123.868,2600,322056.8,0.0,0.0,0.0,0.0,,1.65,0.0,0.0
2023-04-14,124.252,124.635,122.718,123.945,4800,594936.0,0.0,0.0,0.0,0.0,,1.65,0.0,0.0
2023-04-17,122.718,123.792,122.718,123.792,2700,334238.4,0.0,0.0,0.0,0.0,,1.65,0.0,0.0
2023-04-18,125.556,130.388,125.249,130.311,15619,2035327.509,200.0,0.0,30000.0,0.0,,1.65,0.03,0.0
2023-04-19,128.854,129.007,128.47,129.007,3111,401340.777,0.0,200.0,0.0,30000.0,,1.65,0.0,0.03
2023-04-20,129.007,130.388,128.24,130.388,9721,1267501.748,100.0,0.0,20000.0,0.0,,1.65,0.02,0.0
2023-04-21,133.456,137.291,131.922,131.922,39700,5237303.399999999,300.0,0.0,50000.0,0.0,,1.65,0.05,0.0
2023-04-24,132.689,132.842,131.155,132.689,13504,1791832.2559999998,0.0,0.0,0.0,0.0,,1.65,0.0,0.0
2023-04-25,133.762,137.291,133.149,134.223,27608,3705628.584,0.0,200.0,0.0,40000.0,,1.65,0.0,0.04
2023-04-26,134.299,135.757,133.456,133.762,12700,1698777.4,0.0,0.0,0.0,0.0,,1.65,0.0,0.0
2023-04-27,132.689,132.689,130.464,131.001,11327,1483848.327,0.0,0.0,0.0,0.0,,1.65,0.0,0.0
2023-04-28,131.308,132.689,130.925,132.228,3903,516085.884,0.0,0.0,0.0,0.0,,1.65,0.0,0.0
2023-05-04,131.155,132.535,129.621,131.845,9419,1241848.055,0.0,0.0,0.0,0.0,,1.65,0.0,0.0
2023-05-05,132.228,132.689,131.155,131.768,13600,1792044.8,100.0,0.0,20000.0,0.0,,1.65,0.02,0.0
2023-05-08,131.845,132.765,131.155,132.152,25601,3383223.3519999995,300.0,0.0,50000.0,0.0,,1.65,0.05,0.0
2023-05-09,132.152,132.765,131.538,132.305,9602,1270392.61,0.0,0.0,0.0,0.0,,1.65,0.0,0.0
2023-05-10,131.155,132.228,130.848,131.001,3619,474092.619,0.0,0.0,0.0,0.0,,1.65,0.0,0.0
2023-05-11,129.621,131.538,129.621,130.158,7220,939740.76,0.0,0.0,0.0,0.0,,1.65,0.0,0.0
2023-05-12,129.697,130.388,129.544,129.774,11401,1479553.374,0.0,0.0,0.0,0.0,,1.65,0.0,0.0
2023-05-15,130.388,131.768,130.004,130.004,2500,325010.0,0.0,500.0,0.0,80000.0,,1.65,0.0,0.08
2023-05-16,130.464,130.464,129.237,130.004,5401,702151.6039999999,0.0,0.0,0.0,0.0,,1.65,0.0,0.0
2023-05-17,138.058,138.058,130.004,130.388,16801,2190648.788,6500.0,0.0,1110000.0,0.0,,1.65,1.11,0.0
2023-05-18,130.464,131.155,129.851,129.851,6901,896101.751,0.0,100.0,0.0,20000.0,,1.65,0.0,0.02
2023-05-19,130.004,130.388,128.777,128.854,7500,966405.0,0.0,0.0,0.0,0.0,,1.65,0.0,0.0
2023-05-22,128.01,128.854,126.553,127.32,16800,2138976.0,0.0,0.0,0.0,0.0,,1.65,0.0,0.0
2023-05-23,127.32,127.32,126.016,126.936,9700,1231279.2,0.0,400.0,0.0,70000.0,,1.65,0.0,0.07
2023-05-24,125.939,128.087,125.862,126.169,5110,644723.59,1000.0,0.0,160000.0,0.0,,1.65,0.16,0.0
2023-05-25,126.016,126.016,125.632,125.632,6141,771506.1120000001,0.0,0.0,0.0,0.0,,1.65,0.0,0.0
2023-05-26,125.019,125.019,122.718,122.948,26600,3270416.8,0.0,0.0,0.0,0.0,,1.65,0.0,0.0
2023-05-29,124.559,125.632,123.485,124.635,9708,1209956.58,0.0,0.0,0.0,0.0,,1.65,0.0,0.0
2023-05-30,125.019,125.019,123.178,123.945,7302,905046.39,0.0,0.0,0.0,0.0,,1.65,0.0,0.0
2023-05-31,123.485,125.786,123.485,125.019,13403,1675629.657,0.0,0.0,0.0,0.0,,1.65,0.0,0.0
2023-06-01,123.945,124.252,123.485,124.252,2212,274845.424,0.0,0.0,0.0,0.0,,1.65,0.0,0.0
2023-06-02,125.556,125.556,123.715,124.559,10800,1345237.2,0.0,0.0,0.0,0.0,,1.65,0.0,0.0
2023-06-05,124.559,125.172,124.022,124.022,6404,794236.888,0.0,0.0,0.0,0.0,,1.65,0.0,0.0
2023-06-06,123.485,124.635,123.485,123.562,8100,1000852.2,0.0,0.0,0.0,0.0,,1.65,0.0,0.0
2023-06-07,124.252,125.479,123.485,125.479,3901,489493.579,0.0,0.0,0.0,0.0,,1.65,0.0,0.0
2023-06-08,125.479,125.479,123.562,123.562,8062,996156.844,0.0,0.0,0.0,0.0,,1.65,0.0,0.0
2023-06-09,125.402,130.311,125.402,127.243,25629,3261110.847,0.0,0.0,0.0,0.0,,1.65,0.0,0.0
2023-06-12,127.32,127.933,125.862,127.933,4851,620602.983,0.0,0.0,0.0,0.0,,1.65,0.0,0.0
2023-06-13,127.933,131.385,127.933,131.385,12140,1595013.9,0.0,0.0,0.0,0.0,,1.65,0.0,0.0
2023-06-14,131.922,131.922,128.854,131.078,3281,430066.918,0.0,0.0,0.0,0.0,,1.65,0.0,0.0
2023-06-15,131.922,131.922,129.621,129.621,1800,233317.8,0.0,0.0,0.0,0.0,,1.65,0.0,0.0
2023-06-16,130.388,130.388,129.621,129.621,8631,1118758.851,0.0,0.0,0.0,0.0,,1.65,0.0,0.0
2023-06-19,131.078,131.998,130.004,131.768,8710,1147699.28,0.0,1200.0,0.0,210000.0,,1.65,0.0,0.21
2023-06-20,131.768,135.757,131.768,134.223,15640,2099247.72,0.0,0.0,0.0,0.0,,1.65,0.0,0.0
2023-06-21,134.99,135.143,132.919,133.149,2316,308373.084,0.0,0.0,0.0,0.0,,1.65,0.0,0.0
2023-06-22,131.998,134.223,131.692,133.686,11100,1483914.6,0.0,0.0,0.0,0.0,,1.65,0.0,0.0
2023-06-23,133.456,133.456,129.928,132.152,22717,3002096.984,0.0,0.0,0.0,0.0,,1.65,0.0,0.0
2023-06-26,132.152,132.152,129.697,131.538,3501,460514.53800000006,0.0,0.0,0.0,0.0,,1.65,0.0,0.0
2023-06-27,130.771,131.922,130.771,131.845,5215,687571.675,0.0,0.0,0.0,0.0,,1.65,0.0,0.0
2023-06-28,129.774,131.385,129.774,130.848,6200,811257.6000000001,0.0,0.0,0.0,0.0,,1.65,0.0,0.0
2023-06-29,129.928,129.928,129.237,129.314,5515,713166.71,0.0,0.0,0.0,0.0,,1.65,0.0,0.0
2023-06-30,130.081,130.081,128.854,129.928,1935,251410.68,0.0,0.0,0.0,0.0,,1.65,0.0,0.0
2023-07-03,130.004,130.848,129.621,130.695,1754,229239.03,0.0,0.0,0.0,0.0,,1.65,0.0,0.0
2023-07-04,131.155,134.223,131.155,131.922,14500,1912869.0,200.0,0.0,30000.0,0.0,,1.65,0.03,0.0
2023-07-05,133.456,133.456,132.305,132.305,20005,2646761.525,1000.0,0.0,170000.0,0.0,,1.65,0.17,0.0
2023-07-06,132.305,133.149,130.388,131.538,6400,841843.2000000001,800.0,0.0,140000.0,0.0,,1.65,0.14,0.0
2023-07-07,130.618,132.075,130.388,130.388,8701,1134505.988,0.0,0.0,0.0,0.0,,1.65,0.0,0.0
2023-07-10,130.771,133.379,130.388,133.379,15602,2080979.158,0.0,0.0,0.0,0.0,,1.65,0.0,0.0
2023-07-11,133.379,137.981,133.072,136.6,13327,1820468.2,0.0,0.0,0.0,0.0,,1.65,0.0,0.0
2023-07-12,136.524,139.592,136.524,139.055,9034,1256222.87,0.0,0.0,0.0,0.0,,1.65,0.0,0.0
2023-07-13,139.592,139.592,137.291,138.825,4300,596947.5,0.0,0.0,0.0,0.0,,1.65,0.0,0.0
2023-07-14,138.748,138.748,138.058,138.058,400,55223.2,100.0,0.0,20000.0,0.0,,1.65,0.02,0.0
2023-07-17,138.134,138.134,137.06,138.058,13702,1891670.716,0.0,0.0,0.0,0.0,,1.65,0.0,0.0
2023-07-18,138.058,138.058,136.524,137.904,5400,744681.6,0.0,0.0,0.0,0.0,,1.65,0.0,0.0
2023-07-19,137.904,141.893,137.904,139.668,16500,2304522.0,0.0,0.0,0.0,0.0,,1.65,0.0,0.0
2023-07-20,153.321,153.321,141.893,143.426,4500,645417.0,0.0,0.0,0.0,0.0,,1.65,0.0,0.0
2023-07-21,157.769,157.769,157.769,157.769,12048,1900800.912,0.0,1000.0,0.0,210000.0,,1.65,0.0,0.21
2023-07-24,173.492,173.492,162.678,162.678,53819,8755167.282,100.0,0.0,20000.0,0.0,,1.65,0.02,0.0
2023-07-25,162.678,168.737,161.067,166.436,21806,3629303.416,300.0,0.0,60000.0,0.0,,1.65,0.06,0.0
2023-07-26,167.126,167.126,163.061,163.368,19636,3207894.048,0.0,0.0,0.0,0.0,,1.65,0.0,0.0
2023-07-27,163.368,163.368,158.843,162.524,32810,5332412.44,0.0,0.0,0.0,0.0,,1.65,0.0,0.0
2023-07-28,162.524,168.737,162.524,166.82,46797,7806675.54,1200.0,0.0,260000.0,0.0,,1.65,0.26,0.0
2023-07-31,166.053,166.053,164.135,164.442,11821,1943868.882,200.0,0.0,40000.0,0.0,,1.65,0.04,0.0
2023-08-01,164.519,165.669,164.289,164.442,29805,4901193.8100000005,0.0,0.0,0.0,0.0,,1.65,0.0,0.0
2023-08-02,165.669,166.053,164.135,164.902,9025,1488240.5499999998,400.0,0.0,90000.0,0.0,,1.65,0.09,0.0
2023-08-03,164.902,164.902,164.135,164.825,8321,1371508.825,0.0,0.0,0.0,0.0,,1.65,0.0,0.0
2023-08-04,164.825,165.669,163.138,163.828,13703,2244935.0840000003,0.0,0.0,0.0,0.0,,1.65,0.0,0.0
2023-08-07,161.221,163.905,159.533,159.993,19917,3186580.581,3.0,0.0,0.0,0.0,,1.65,0.0,0.0
2023-08-08,162.601,162.601,159.687,161.067,6605,1063847.535,0.0,0.0,0.0,0.0,,1.65,0.0,0.0
2023-08-09,161.834,163.368,160.3,161.067,12201,1965178.467,0.0,0.0,0.0,0.0,,1.65,0.0,0.0
2023-08-10,161.067,161.144,160.684,160.837,19800,3184572.6,6100.0,0.0,1280000.0,0.0,,1.65,1.28,0.0
2023-08-11,159.61,160.3,158.843,158.843,8200,1302512.6,0.0,0.0,0.0,0.0,,1.65,0.0,0.0
2023-08-14,158.843,159.533,153.397,154.011,24914,3837030.054,800.0,100.0,160000.0,20000.0,,1.65,0.16,0.02
2023-08-15,154.931,156.465,153.397,154.241,12417,1915210.497,0.0,0.0,0.0,0.0,,1.65,0.0,0.0
2023-08-16,155.468,155.468,152.247,154.701,36220,5603270.22,3.0,0.0,0.0,0.0,,1.65,0.0,0.0
2023-08-17,155.315,155.315,153.858,154.164,4415,680634.0599999999,0.0,0.0,0.0,0.0,,1.65,0.0,0.0
2023-08-18,153.474,156.158,151.94,154.931,28205,4369828.855,0.0,0.0,0.0,0.0,,1.65,0.0,0.0
2023-08-21,154.931,155.775,152.4,155.775,4400,685410.0,0.0,0.0,0.0,0.0,,1.65,0.0,0.0
2023-08-22,156.312,158.383,154.778,155.008,18606,2884078.848,200.0,0.0,40000.0,0.0,,1.65,0.04,0.0
2023-08-23,155.698,156.389,154.624,154.624,5941,918621.184,0.0,0.0,0.0,0.0,,1.65,0.0,0.0
2023-08-24,159.533,167.203,159.533,166.053,40809,6776456.877,0.0,0.0,0.0,0.0,,1.65,0.0,0.0
2023-08-25,166.436,166.436,163.368,163.522,6301,1030352.122,0.0,0.0,0.0,0.0,,1.65,0.0,0.0
2023-08-28,164.902,164.902,161.911,162.678,4512,734003.1359999999,0.0,0.0,0.0,0.0,,1.65,0.0,0.0
2023-08-29,166.82,167.203,164.135,167.05,15614,2608318.7,1000.0,300.0,220000.0,60000.0,,1.65,0.22,0.06
2023-08-30,167.05,167.51,165.669,167.51,4241,710409.9099999999,300.0,0.0,70000.0,0.0,,1.65,0.07,0.0
2023-08-31,161.988,162.678,155.698,157.999,126359,19964595.641,7800.0,1400.0,1620000.0,290000.0,,1.65,1.62,0.29
2023-09-05,161.067,162.601,156.082,157.539,40251,6341102.289,100.0,0.0,20000.0,0.0,,1.65,0.02,0.0
2023-09-06,157.999,160.914,157.539,158.383,14100,2233200.3000000003,100.0,0.0,20000.0,0.0,,1.65,0.02,0.0
2023-09-07,158.383,158.459,155.775,156.465,35856,5610209.04,0.0,0.0,0.0,0.0,,1.65,0.0,0.0
2023-09-08,156.542,157.539,156.465,156.772,9505,1490117.86,1800.0,0.0,370000.0,0.0,,1.65,0.37,0.0
2023-09-11,156.005,157.923,156.005,156.772,23683,3712831.276,6700.0,0.0,1370000.0,0.0,,1.65,1.37,0.0
2023-09-12,156.849,157.079,155.698,157.079,37910,5954864.890000001,0.0,0.0,0.0,0.0,,1.65,0.0,0.0
2023-09-13,157.232,158.766,157.079,157.999,21601,3412936.399,0.0,0.0,0.0,0.0,,1.65,0.0,0.0
2023-09-14,157.616,157.616,156.542,156.772,8415,1319236.38,100.0,0.0,20000.0,0.0,,1.65,0.02,0.0
2023-09-15,157.232,158.843,157.079,158.69,28751,4562496.19,100.0,0.0,20000.0,0.0,,1.65,0.02,0.0
2023-09-18,158.383,158.843,157.386,158.613,11009,1746170.517,0.0,0.0,0.0,0.0,,1.65,0.0,0.0
2023-09-19,158.766,159.84,157.692,158.766,11552,1834064.832,105.0,0.0,20000.0,0.0,,1.65,0.02,0.0
2023-09-20,159.61,159.917,158.459,159.457,14300,2280235.1,100.0,0.0,20000.0,0.0,,1.65,0.02,0.0
2023-09-21,158.153,159.15,156.465,157.539,12602,1985306.478,5600.0,0.0,1150000.0,0.0,,1.65,1.15,0.0
2023-09-22,157.462,157.462,154.164,155.852,18246,2843675.592,3800.0,0.0,770000.0,0.0,,1.65,0.77,0.0
2023-09-25,155.852,157.462,154.931,154.931,23221,3597652.751,1500.0,1500.0,310000.0,310000.0,,1.65,0.31,0.31
2023-09-26,154.241,155.698,153.397,153.474,21451,3292170.774,200.0,0.0,40000.0,0.0,,1.65,0.04,0.0
2023-09-27,153.474,155.008,152.017,154.855,11516,1783310.18,0.0,0.0,0.0,0.0,,1.65,0.0,0.0
2023-09-28,154.164,154.164,152.63,153.474,9428,1446952.872,0.0,0.0,0.0,0.0,,1.65,0.0,0.0
2023-09-29,155.698,161.067,153.551,157.232,25802,4056900.064,0.0,0.0,0.0,0.0,,1.65,0.0,0.0
2023-10-02,157.999,158.153,154.931,157.616,22771,3589073.936,5.0,0.0,0.0,0.0,,1.65,0.0,0.0
2023-10-03,156.465,157.232,154.931,156.695,18600,2914527.0,0.0,0.0,0.0,0.0,,1.65,0.0,0.0
2023-10-04,156.312,157.002,154.931,156.695,18820,2948999.9,0.0,0.0,0.0,0.0,,1.65,0.0,0.0
2023-10-05,156.849,158.076,156.695,156.695,18903,2962005.585,0.0,0.0,0.0,0.0,,1.65,0.0,0.0
2023-10-06,157.232,159.533,157.232,159.457,9007,1436229.199,3500.0,0.0,720000.0,0.0,,1.65,0.72,0.0
2023-10-09,159.457,161.067,159.457,161.067,13826,2226912.342,0.0,0.0,0.0,0.0,,1.65,0.0,0.0
2023-10-10,164.902,167.203,162.601,164.902,30036,4952996.472,0.0,0.0,0.0,0.0,,1.65,0.0,0.0
2023-10-11,164.979,165.056,162.601,163.368,9101,1486812.168,200.0,0.0,40000.0,0.0,,1.65,0.04,0.0
2023-10-12,163.368,164.902,162.985,163.598,9711,1588700.178,0.0,0.0,0.0,0.0,,1.65,0.0,0.0
2023-10-13,163.752,163.752,160.3,161.067,31600,5089717.2,7900.0,0.0,1660000.0,0.0,,1.65,1.66,0.0
2023-10-16,161.911,161.911,159.84,160.3,9810,1572543.0,10.0,0.0,0.0,0.0,,1.65,0.0,0.0
2023-10-17,158.766,161.221,158.766,159.917,11201,1791230.317,0.0,0.0,0.0,0.0,,1.65,0.0,0.0
2023-10-18,159.993,161.067,158.536,159.533,7200,1148637.6,300.0,0.0,60000.0,0.0,,1.65,0.06,0.0
2023-10-19,159.533,159.533,156.465,159.533,22100,3525679.3,300.0,0.0,60000.0,0.0,,1.65,0.06,0.0
2023-10-20,164.519,164.519,143.58,143.733,154634,22226008.722,1500.0,0.0,280000.0,0.0,,1.65,0.28,0.0
2023-10-23,156.232,156.232,137.224,138.308,53893,7453833.044,11810.0,100.0,1990000.0,20000.0,,1.65,1.99,0.02
2023-10-24,138.558,140.392,136.557,138.391,17311,2395686.601,10.0,0.0,0.0,0.0,,1.65,0.0,0.0
2023-10-25,137.557,140.058,136.724,139.642,15600,2178415.2,300.0,0.0,50000.0,0.0,,1.65,0.05,0.0
2023-10-26,139.558,139.558,128.554,130.054,54331,7065963.874,500.0,0.0,80000.0,0.0,,1.65,0.08,0.0
2023-10-27,129.554,131.638,125.219,129.221,11914,1539538.994,0.0,0.0,0.0,0.0,,1.65,0.0,0.0
2023-10-30,129.221,129.221,124.552,125.052,24218,3028509.336,10.0,0.0,0.0,0.0,,1.65,0.0,0.0
2023-10-31,125.052,125.052,120.967,120.967,17334,2096841.978,300.0,200.0,40000.0,30000.0,,1.65,0.04,0.03
2023-11-01,120.967,125.052,120.967,123.301,8400,1035728.4,0.0,0.0,0.0,0.0,,1.65,0.0,0.0
2023-11-02,125.052,130.471,125.052,129.221,35057,4530100.597,0.0,5500.0,0.0,840000.0,,1.65,0.0,0.84
2023-11-03,129.304,131.805,129.304,129.471,17408,2253831.168,0.0,0.0,0.0,0.0,,1.65,0.0,0.0
2023-11-06,131.722,131.722,131.221,131.388,20400,2680315.2,0.0,0.0,0.0,0.0,,1.65,0.0,0.0
2023-11-07,133.055,134.223,131.388,131.722,9717,1279942.674,2200.0,0.0,350000.0,0.0,,1.65,0.35,0.0
2023-11-08,131.722,131.722,130.054,131.638,17119,2253510.9220000003,0.0,100.0,0.0,20000.0,,1.65,0.0,0.02
2023-11-09,131.638,131.638,126.72,128.387,66601,8550702.587,7800.0,0.0,1210000.0,0.0,,1.65,1.21,0.0
2023-11-10,128.387,128.387,126.803,127.72,15533,1983874.76,3800.0,0.0,580000.0,0.0,,1.65,0.58,0.0
2023-11-13,130.138,130.138,127.553,127.637,7411,945917.807,2200.0,0.0,340000.0,0.0,,1.65,0.34,0.0
2023-11-14,129.221,131.305,128.72,129.221,9202,1189091.642,0.0,400.0,0.0,60000.0,,1.65,0.0,0.06
2023-11-15,130.054,132.472,129.637,129.637,14051,1821529.487,100.0,300.0,20000.0,50000.0,,1.65,0.02,0.05
2023-11-16,129.637,129.637,128.804,129.304,4402,569196.208,100.0,100.0,20000.0,20000.0,,1.65,0.02,0.02
2023-11-17,129.054,129.137,126.72,126.72,21309,2700276.48,0.0,100.0,0.0,20000.0,,1.65,0.0,0.02
2023-11-20,126.72,127.136,125.052,126.303,12100,1528266.3,100.0,0.0,20000.0,0.0,,1.65,0.02,0.0
2023-11-21,126.72,127.553,126.303,126.386,25901,3273523.786,100.0,0.0,20000.0,0.0,,1.65,0.02,0.0
2023-11-22,127.053,128.387,125.219,126.72,20601,2610558.72,100.0,0.0,20000.0,0.0,,1.65,0.02,0.0
2023-11-23,126.72,126.72,125.469,125.469,12602,1581160.338,100.0,0.0,20000.0,0.0,,1.65,0.02,0.0
2023-11-24,125.136,125.136,123.385,123.802,12289,1521402.7780000002,0.0,0.0,0.0,0.0,,1.65,0.0,0.0
2023-11-27,123.802,125.469,123.802,123.885,3700,458374.5,700.0,0.0,100000.0,0.0,,1.65,0.1,0.0
2023-11-28,123.885,124.635,122.885,123.802,4300,532348.6,200.0,0.0,30000.0,0.0,,1.65,0.03,0.0
2023-11-29,123.802,124.719,123.385,124.719,5200,648538.7999999999,0.0,600.0,0.0,90000.0,,1.65,0.0,0.09
2023-11-30,124.719,125.136,124.719,125.136,2502,313090.272,0.0,0.0,0.0,0.0,,1.65,0.0,0.0
2023-12-01,125.802,125.802,122.551,124.302,17106,2126310.012,0.0,0.0,0.0,0.0,,1.65,0.0,0.0
2023-12-04,124.635,126.219,124.635,126.136,6711,846498.696,100.0,0.0,20000.0,0.0,,1.65,0.02,0.0
2023-12-05,127.386,127.386,124.469,125.969,5876,740193.8439999999,0.0,0.0,0.0,0.0,,1.65,0.0,0.0
2023-12-06,124.218,125.052,121.717,124.969,17105,2137594.745,200.0,0.0,30000.0,0.0,,1.65,0.03,0.0
2023-12-07,122.551,123.385,121.717,122.551,46300,5674111.3,400.0,0.0,60000.0,0.0,,1.65,0.06,0.0
2023-12-08,122.551,124.635,122.218,122.468,25365,3106400.8200000003,200.0,0.0,30000.0,0.0,,1.65,0.03,0.0
2023-12-11,122.551,123.635,121.717,122.634,6622,812082.348,300.0,0.0,40000.0,0.0,,1.65,0.04,0.0
2023-12-12,122.634,122.634,121.551,121.717,26000,3164642.0,100.0,0.0,10000.0,0.0,,1.65,0.01,0.0
2023-12-13,121.717,122.134,118.549,118.883,32407,3852641.381,1100.0,0.0,160000.0,0.0,,1.65,0.16,0.0
2023-12-14,119.883,119.883,117.549,117.549,15707,1846342.143,800.0,0.0,110000.0,0.0,,1.65,0.11,0.0
2023-12-15,117.549,119.883,117.549,118.8,6110,725868.0,0.0,200.0,0.0,30000.0,,1.65,0.0,0.03
2023-12-18,118.8,118.883,117.966,118.049,18391,2171039.159,0.0,0.0,0.0,0.0,,1.65,0.0,0.0
2023-12-19,117.632,117.799,116.715,117.799,7400,871712.6000000001,100.0,0.0,10000.0,0.0,,1.65,0.01,0.0
2023-12-20,117.549,119.133,117.549,119.133,4900,583751.7,0.0,0.0,0.0,0.0,,1.65,0.0,0.0
2023-12-21,119.133,119.133,117.549,117.883,5700,671933.1,0.0,0.0,0.0,0.0,,1.65,0.0,0.0
2023-12-22,117.799,117.966,117.299,117.549,4130,485477.37000000005,100.0,100.0,10000.0,10000.0,,1.65,0.01,0.01
2023-12-25,118.383,118.383,117.716,117.716,6711,789992.076,0.0,400.0,0.0,60000.0,,1.65,0.0,0.06
2023-12-26,117.966,118.633,117.466,118.633,4900,581301.7,0.0,0.0,0.0,0.0,,1.65,0.0,0.0
2023-12-27,118.8,119.133,117.966,118.633,6000,711798.0,200.0,2000.0,30000.0,280000.0,,1.65,0.03,0.28
2023-12-28,118.633,118.633,117.966,118.383,4321,511532.943,0.0,0.0,0.0,0.0,,1.65,0.0,0.0
2023-12-29,118.716,120.884,118.716,119.967,7836,940061.412,300.0,0.0,40000.0,0.0,,1.65,0.04,0.0
2024-01-02,119.967,120.133,118.383,118.383,6519,771738.777,300.0,0.0,40000.0,0.0,,1.65,0.04,0.0
2024-01-03,118.049,118.549,118.049,118.383,9005,1066038.915,0.0,100.0,0.0,10000.0,,1.65,0.0,0.01
2024-01-04,118.383,119.383,118.383,119.216,5300,631844.7999999999,200.0,0.0,30000.0,0.0,,1.65,0.03,0.0
2024-01-05,119.216,119.216,118.383,118.8,18800,2233440.0,0.0,0.0,0.0,0.0,,1.65,0.0,0.0
2024-01-08,119.3,119.3,118.049,118.633,19905,2361389.865,0.0,0.0,0.0,0.0,,1.65,0.0,0.0
2024-01-09,118.466,119.466,118.383,119.133,8808,1049323.464,0.0,0.0,0.0,0.0,,1.65,0.0,0.0
2024-01-10,119.466,123.385,119.466,122.301,25630,3134574.63,100.0,0.0,10000.0,0.0,,1.65,0.01,0.0
2024-01-11,122.301,123.301,122.051,122.301,18400,2250338.4,0.0,0.0,0.0,0.0,,1.65,0.0,0.0
2024-01-12,122.134,122.551,120.133,120.133,24613,2956833.529,0.0,0.0,0.0,0.0,,1.65,0.0,0.0
2024-01-15,119.55,120.05,119.216,119.466,10618,1268489.988,0.0,0.0,0.0,0.0,,1.65,0.0,0.0
2024-01-16,119.466,120.8,119.216,120.133,7501,901117.633,0.0,0.0,0.0,0.0,,1.65,0.0,0.0
2024-01-17,122.134,122.551,120.967,122.384,16140,1975277.76,100.0,100.0,10000.0,10000.0,,1.65,0.01,0.01
2024-01-18,122.384,122.801,122.134,122.551,6422,787022.522,0.0,0.0,0.0,0.0,,1.65,0.0,0.0
2024-01-19,122.968,124.885,122.801,124.552,26449,3294275.848,500.0,0.0,70000.0,0.0,,1.65,0.07,0.0
2024-01-22,125.052,128.387,124.635,127.887,52836,6757037.532,1000.0,100.0,150000.0,20000.0,,1.65,0.15,0.02
2024-01-23,127.887,127.887,125.136,125.469,15422,1934982.918,800.0,100.0,120000.0,20000.0,,1.65,0.12,0.02
2024-01-24,125.802,125.802,124.302,125.302,26018,3260107.436,2000.0,2600.0,300000.0,390000.0,,1.65,0.3,0.39
2024-01-25,125.302,126.72,124.719,125.052,14000,1750728.0,300.0,8000.0,50000.0,1200000.0,,1.65,0.05,1.2
2024-01-26,125.136,125.136,124.552,125.052,12630,1579406.76,1900.0,0.0,280000.0,0.0,,1.65,0.28,0.0
2024-01-29,125.136,125.886,124.635,124.969,14970,1870785.93,200.0,1300.0,30000.0,200000.0,,1.65,0.03,0.2
2024-01-30,125.052,125.219,124.635,125.219,14552,1822186.888,0.0,0.0,0.0,0.0,,1.65,0.0,0.0
2024-01-31,124.385,124.719,123.385,123.468,11050,1364321.4,0.0,1100.0,0.0,160000.0,,1.65,0.0,0.16
2024-02-01,123.385,123.552,122.634,123.218,14050,1731212.9,0.0,100.0,0.0,10000.0,,1.65,0.0,0.01
2024-02-02,123.218,124.218,122.551,124.135,20154,2501816.79,0.0,0.0,0.0,0.0,,1.65,0.0,0.0
2024-02-05,124.218,125.886,124.218,124.385,20911,2601014.7350000003,0.0,11500.0,0.0,1730000.0,,1.65,0.0,1.73
2024-02-06,124.385,124.635,124.218,124.552,4252,529595.104,0.0,500.0,0.0,70000.0,,1.65,0.0,0.07
2024-02-07,125.886,125.969,124.719,125.719,7214,906936.866,0.0,0.0,0.0,0.0,,1.65,0.0,0.0
2024-02-15,125.719,126.303,125.386,125.386,6400,802470.4,100.0,300.0,20000.0,50000.0,,1.65,0.02,0.05
2024-02-16,125.386,125.469,124.635,125.052,11846,1481365.992,0.0,0.0,0.0,0.0,,1.65,0.0,0.0
2024-02-19,125.052,125.052,124.302,124.385,15414,1917270.39,500.0,0.0,70000.0,0.0,,1.65,0.07,0.0
2024-02-20,124.302,124.469,124.218,124.385,14349,1784800.365,0.0,300.0,0.0,40000.0,,1.65,0.0,0.04
2024-02-21,123.968,124.135,123.385,123.802,9200,1138978.4,0.0,0.0,0.0,0.0,,1.65,0.0,0.0
2024-02-22,123.718,125.052,123.218,124.969,14350,1793305.15,800.0,0.0,120000.0,0.0,,1.65,0.12,0.0
2024-02-23,124.969,126.97,124.469,124.885,23193,2896457.805,300.0,30.0,50000.0,0.0,,1.65,0.05,0.0
2024-02-26,125.052,125.802,124.385,124.552,9800,1220609.6,0.0,0.0,0.0,0.0,,1.65,0.0,0.0
2024-02-27,124.552,127.553,124.469,126.386,45932,5805161.751999999,200.0,100.0,30000.0,20000.0,,1.65,0.03,0.02
2024-02-28,127.136,128.137,126.72,127.637,27062,3454112.494,2800.0,0.0,430000.0,0.0,,1.65,0.43,0.0
2024-02-29,128.22,128.387,127.637,127.72,13215,1687819.8,3600.0,0.0,550000.0,0.0,,1.65,0.55,0.0
2024-03-01,127.72,127.887,126.886,127.053,19034,2418326.802,1600.0,500.0,240000.0,80000.0,,1.65,0.24,0.08
2024-03-04,127.053,128.053,127.053,127.136,16982,2159023.552,600.0,0.0,90000.0,0.0,,1.65,0.09,0.0
2024-03-05,127.553,127.553,126.553,127.136,17582,2235305.152,700.0,0.0,110000.0,0.0,,1.65,0.11,0.0
2024-03-06,127.136,127.136,125.469,125.886,21000,2643606.0,500.0,4700.0,80000.0,710000.0,,1.65,0.08,0.71
2024-03-07,125.886,126.636,125.386,125.719,31740,3990321.06,0.0,4500.0,0.0,680000.0,,1.65,0.0,0.68
2024-03-08,125.136,125.469,124.635,125.052,13503,1688577.1560000002,0.0,100.0,0.0,10000.0,,1.65,0.0,0.01
2024-03-11,125.052,125.052,124.802,124.802,19122,2386463.844,0.0,0.0,0.0,0.0,,1.65,0.0,0.0
2024-03-12,124.802,125.886,124.802,125.552,11643,1461801.936,0.0,0.0,0.0,0.0,,1.65,0.0,0.0
2024-03-13,125.552,127.136,125.386,127.136,50353,6401679.007999999,0.0,0.0,0.0,0.0,,1.65,0.0,0.0
2024-03-14,127.136,127.553,126.72,126.72,15800,2002176.0,2200.0,0.0,330000.0,0.0,,1.65,0.33,0.0
2024-03-15,126.803,126.97,126.303,126.97,18952,2406335.44,200.0,0.0,30000.0,0.0,,1.65,0.03,0.0
2024-03-18,126.97,126.97,125.886,126.386,44823,5664999.677999999,100.0,200.0,20000.0,30000.0,,1.65,0.02,0.03
2024-03-19,126.386,127.136,126.386,126.636,29401,3723225.036,1000.0,0.0,150000.0,0.0,,1.65,0.15,0.0
2024-03-20,126.72,127.637,126.72,127.637,45900,5858538.3,100.0,100.0,20000.0,20000.0,,1.65,0.02,0.02
2024-03-21,127.97,129.221,127.97,128.554,25421,3267971.234,0.0,9500.0,0.0,1460000.0,,1.65,0.0,1.46
2024-03-22,128.804,130.054,128.804,129.804,9029,1172000.316,0.0,0.0,0.0,0.0,,1.65,0.0,0.0
2024-03-25,128.387,130.554,128.387,128.804,11120,1432300.48,0.0,0.0,0.0,0.0,,1.65,0.0,0.0
2024-03-26,129.888,130.471,128.804,130.138,6527,849410.726,0.0,0.0,0.0,0.0,,1.65,0.0,0.0
2024-03-27,130.138,132.972,130.138,132.972,16030,2131541.16,0.0,0.0,0.0,0.0,,1.65,0.0,0.0
2024-03-28,132.972,136.724,132.972,136.64,20938,2860968.32,600.0,0.0,100000.0,0.0,,1.65,0.1,0.0
2024-03-29,137.224,141.642,137.224,139.975,26935,3770226.625,0.0,0.0,0.0,0.0,,1.65,0.0,0.0
2024-04-01,139.141,140.058,134.389,135.89,20664,2808030.9599999995,0.0,700.0,0.0,110000.0,,1.65,0.0,0.11
2024-04-02,139.141,139.141,135.056,136.64,12124,1656623.36,0.0,300.0,0.0,50000.0,,1.65,0.0,0.05
2024-04-03,136.307,138.808,135.557,136.724,13658,1867376.392,1700.0,100.0,280000.0,20000.0,,1.65,0.28,0.02
2024-04-04,137.557,138.058,135.306,136.223,14234,1938998.1820000005,200.0,5100.0,30000.0,840000.0,,1.65,0.03,0.84
2024-04-05,135.89,135.89,134.223,134.389,15724,2113132.636,0.0,5500.0,0.0,890000.0,,1.65,0.0,0.89
2024-04-08,133.556,135.056,133.389,134.223,5200,697959.6000000001,0.0,300.0,0.0,50000.0,,1.65,0.0,0.05
2024-04-09,134.639,135.056,133.389,134.223,5117,686819.091,200.0,0.0,30000.0,0.0,,1.65,0.03,0.0
2024-04-10,135.056,135.056,134.223,134.223,6322,848557.8060000001,200.0,0.0,30000.0,0.0,,1.65,0.03,0.0
2024-04-11,134.389,134.389,133.556,133.806,4483,599852.2980000001,0.0,200.0,0.0,30000.0,,1.65,0.0,0.03
2024-04-12,135.39,135.39,135.306,135.39,1410,190899.9,0.0,0.0,0.0,0.0,,1.65,0.0,0.0
2024-04-15,135.39,135.39,132.555,134.056,12400,1662294.4,0.0,100.0,0.0,20000.0,,1.65,0.0,0.02
2024-04-16,133.806,133.806,129.637,130.888,17699,2316586.7120000003,0.0,100.0,0.0,20000.0,,1.65,0.0,0.02
2024-04-17,129.637,131.555,129.221,130.721,5600,732037.6,0.0,0.0,0.0,0.0,,1.65,0.0,0.0
2024-04-19,129.971,129.971,127.97,128.47,10600,1361782.0,0.0,0.0,0.0,0.0,,1.65,0.0,0.0
2024-04-22,128.47,131.555,128.47,130.888,21100,2761736.8000000003,1100.0,100.0,170000.0,20000.0,,1.65,0.17,0.02
2024-04-23,131.722,131.722,130.471,130.471,8000,1043768.0,0.0,0.0,0.0,0.0,,1.65,0.0,0.0
2024-04-24,130.388,132.055,130.388,131.305,20601,2705014.305,0.0,10600.0,0.0,1670000.0,,1.65,0.0,1.67
2024-04-25,130.554,131.722,130.471,131.722,4900,645437.8,0.0,500.0,0.0,80000.0,,1.65,0.0,0.08
2024-04-26,131.722,137.641,131.722,133.139,20513,2731080.307,200.0,1100.0,30000.0,180000.0,,1.65,0.03,0.18
2024-05-02,134.223,135.056,133.806,134.639,18000,2423502.0,0.0,0.0,0.0,0.0,,1.65,0.0,0.0
2024-05-03,134.639,135.723,134.389,135.056,8334,1125556.704,100.0,0.0,20000.0,0.0,,1.65,0.02,0.0
2024-05-06,135.056,137.391,135.056,136.724,12450,1702213.7999999998,800.0,100.0,130000.0,20000.0,,1.65,0.13,0.02
2024-05-07,137.974,138.474,136.974,137.057,37752,5174175.863999999,100.0,0.0,20000.0,0.0,,1.65,0.02,0.0
2024-05-08,137.057,137.307,133.472,136.307,11913,1623825.291,0.0,0.0,0.0,0.0,,1.65,0.0,0.0
2024-05-09,136.057,137.057,136.057,136.724,14921,2040058.804,0.0,0.0,0.0,0.0,,1.65,0.0,0.0
2024-05-10,136.724,137.057,136.057,136.724,29300,4006013.2,0.0,0.0,0.0,0.0,,1.65,0.0,0.0
2024-05-13,136.807,137.141,136.307,136.39,3607,491958.7299999999,0.0,0.0,0.0,0.0,,1.65,0.0,0.0
2024-05-14,136.724,136.724,133.472,135.056,47318,6390579.808,0.0,100.0,0.0,20000.0,,1.65,0.0,0.02
2024-05-15,135.056,135.056,133.806,134.556,11502,1547663.1120000002,100.0,0.0,20000.0,0.0,,1.65,0.02,0.0
2024-05-16,135.056,136.724,134.723,134.89,25100,3385738.9999999995,0.0,100.0,0.0,20000.0,,1.65,0.0,0.02
2024-05-17,134.89,135.473,134.723,134.806,9300,1253695.8,0.0,0.0,0.0,0.0,,1.65,0.0,0.0
2024-05-20,134.806,135.89,134.806,135.473,10410,1410273.9300000002,1200.0,0.0,190000.0,0.0,,1.65,0.19,0.0
2024-05-21,135.473,140.892,135.473,138.474,22502,3115941.948,500.0,900.0,80000.0,150000.0,,1.65,0.08,0.15
2024-05-22,138.474,139.141,136.64,138.891,9051,1257102.441,100.0,0.0,20000.0,0.0,,1.65,0.02,0.0
2024-05-23,138.891,139.975,137.891,139.975,19088,2671842.8,300.0,0.0,50000.0,0.0,,1.65,0.05,0.0
2024-05-24,139.975,143.477,139.475,139.475,39371,5491270.225,0.0,700.0,0.0,120000.0,,1.65,0.0,0.12
2024-05-27,139.475,140.892,139.391,139.725,14714,2055913.65,0.0,100.0,0.0,20000.0,,1.65,0.0,0.02
2024-05-28,139.725,142.559,139.725,142.559,51502,7342073.618,1000.0,100.0,170000.0,20000.0,,1.65,0.17,0.02
2024-05-29,142.559,143.477,141.309,141.309,16370,2313228.33,0.0,300.0,0.0,50000.0,,1.65,0.0,0.05
2024-05-30,141.309,141.309,139.391,140.725,19481,2741463.725,600.0,0.0,100000.0,0.0,,1.65,0.1,0.0
2024-05-31,140.725,140.809,139.391,140.809,7470,1051843.23,0.0,500.0,0.0,80000.0,,1.65,0.0,0.08
2024-06-03,141.642,142.559,140.892,142.393,4166,593209.238,0.0,300.0,0.0,50000.0,,1.65,0.0,0.05
2024-06-04,142.393,142.393,141.392,141.392,6900,975604.8,400.0,100.0,70000.0,20000.0,,1.65,0.07,0.02
2024-06-05,141.976,142.143,140.892,141.642,13210,1871090.82,100.0,200.0,20000.0,30000.0,,1.65,0.02,0.03
2024-06-06,142.559,142.559,141.642,142.309,10829,1541064.161,3000.0,0.0,510000.0,0.0,,1.65,0.51,0.0
2024-06-07,142.309,142.893,140.975,142.309,11405,1623034.145,0.0,400.0,0.0,70000.0,,1.65,0.0,0.07
2024-06-10,141.726,142.309,141.726,142.226,5332,758349.032,0.0,0.0,0.0,0.0,,1.65,0.0,0.0
2024-06-11,142.226,142.226,139.642,141.726,8668,1228480.968,0.0,100.0,0.0,20000.0,,1.65,0.0,0.02
2024-06-12,141.726,142.393,141.392,142.393,9810,1396875.33,0.0,0.0,0.0,0.0,,1.65,0.0,0.0
2024-06-13,142.143,143.31,141.809,143.31,8106,1161670.86,200.0,100.0,30000.0,20000.0,,1.65,0.03,0.02
2024-06-14,143.81,143.81,142.559,142.559,9086,1295291.074,100.0,0.0,20000.0,0.0,,1.65,0.02,0.0
2024-06-17,142.893,143.81,142.559,142.726,8006,1142664.356,0.0,0.0,0.0,0.0,,1.65,0.0,0.0
2024-06-18,142.726,143.477,142.726,142.893,3961,565999.173,0.0,0.0,0.0,0.0,,1.65,0.0,0.0
2024-06-19,142.893,145.227,142.559,145.227,8702,1263765.354,800.0,300.0,140000.0,50000.0,,1.65,0.14,0.05
2024-06-20,145.477,158.316,145.477,150.896,10873,1640692.208,900.0,500.0,160000.0,90000.0,,1.65,0.16,0.09
2024-06-21,150.896,155.231,150.896,153.314,26726,4097469.964,500.0,7500.0,90000.0,1380000.0,,1.65,0.09,1.38
2024-06-24,153.314,156.732,153.314,154.231,27302,4210814.762,100.0,200.0,20000.0,40000.0,,1.65,0.02,0.04
2024-06-25,154.231,154.398,140.892,153.231,21769,3335685.639,0.0,3300.0,0.0,610000.0,,1.65,0.0,0.61
2024-06-26,153.397,153.647,152.98,152.98,6012,919715.76,0.0,300.0,0.0,60000.0,,1.65,0.0,0.06
2024-06-27,152.98,156.649,152.897,154.981,10508,1628540.348,100.0,0.0,20000.0,0.0,,1.65,0.02,0.0
2024-06-28,157.566,159.983,156.732,159.567,22569,3601267.623,0.0,810.0,0.0,150000.0,,1.65,0.0,0.15
2024-07-01,159.567,159.567,153.397,156.649,14220,2227548.78,0.0,6000.0,0.0,1120000.0,,1.65,0.0,1.12
2024-07-02,156.649,159.233,155.065,159.233,11905,1895668.865,300.0,900.0,60000.0,170000.0,,1.65,0.06,0.17
2024-07-03,159.233,159.567,159.066,159.4,7025,1119785.0,0.0,0.0,0.0,0.0,,1.65,0.0,0.0
2024-07-04,155.148,159.983,155.148,159.9,4100,655590.0,100.0,100.0,20000.0,20000.0,,1.65,0.02,0.02
2024-07-05,159.9,160.734,158.566,159.9,6153,983864.7,2800.0,0.0,540000.0,0.0,,1.65,0.54,0.0
2024-07-08,159.9,160.4,159.65,160.4,5315,852526.0,0.0,300.0,0.0,60000.0,,1.65,0.0,0.06
2024-07-09,160.4,160.4,158.399,159.983,12416,1986348.928,300.0,100.0,60000.0,20000.0,,1.65,0.06,0.02
2024-07-10,159.983,160.567,158.399,158.399,15413,2441403.787,5000.0,0.0,950000.0,0.0,,1.65,0.95,0.0
2024-07-11,158.399,158.399,158.233,158.233,6403,1013165.899,100.0,0.0,20000.0,0.0,,1.65,0.02,0.0
2024-07-12,158.316,159.233,157.566,159.233,15940,2538174.02,0.0,0.0,0.0,0.0,,1.65,0.0,0.0
2024-07-15,159.233,160.317,159.233,160.233,12718,2037843.294,300.0,7900.0,60000.0,1510000.0,,1.65,0.06,1.51
2024-07-16,160.233,161.651,160.233,160.984,4814,774976.976,0.0,0.0,0.0,0.0,,1.65,0.0,0.0
2024-07-17,160.317,164.235,160.317,162.151,14758,2393024.458,300.0,0.0,60000.0,0.0,,1.65,0.06,0.0
2024-07-18,162.151,162.484,159.316,160.817,3623,582639.991,0.0,100.0,0.0,20000.0,,1.65,0.0,0.02
2024-07-19,162.568,162.568,160.067,160.984,11680,1880293.12,0.0,200.0,0.0,40000.0,,1.65,0.0,0.04
2024-07-22,163.401,166.736,161.734,162.151,28331,4593899.981000001,300.0,200.0,60000.0,40000.0,,1.65,0.06,0.04
2024-07-23,162.151,162.151,146.728,159.4,14447,2302851.8000000003,100.0,300.0,20000.0,60000.0,,1.65,0.02,0.06
2024-07-24,159.233,160.9,155.482,157.149,21312,3349159.488,0.0,0.0,0.0,0.0,,1.65,0.0,0.0
2024-07-25,157.232,162.234,157.232,162.234,26726,4335865.884000001,400.0,0.0,80000.0,0.0,,1.65,0.08,0.0
2024-07-26,162.568,164.902,160.067,160.067,22544,3608550.448,100.0,3800.0,20000.0,740000.0,,1.65,0.02,0.74
2024-07-29,163.401,164.068,160.067,160.067,15329,2453667.043,0.0,0.0,0.0,0.0,,1.65,0.0,0.0
2024-07-30,160.067,160.067,158.399,158.483,14863,2355532.829,100.0,200.0,20000.0,40000.0,,1.65,0.02,0.04
2024-07-31,160.817,160.9,158.566,160.734,4001,643096.734,0.0,300.0,0.0,60000.0,,1.65,0.0,0.06
2024-08-01,160.15,160.15,157.066,158.399,17203,2724937.997,400.0,0.0,80000.0,0.0,,1.65,0.08,0.0
2024-08-02,158.399,158.399,156.732,158.399,14801,2344463.599,0.0,100.0,0.0,20000.0,,1.65,0.0,0.02
2024-08-05,158.399,158.399,154.231,155.898,15690,2446039.62,0.0,0.0,0.0,0.0,,1.65,0.0,0.0
2024-08-06,155.898,158.399,154.231,158.399,8700,1378071.3,200.0,400.0,40000.0,70000.0,,1.65,0.04,0.07
2024-08-07,158.399,158.399,156.732,158.399,6124,970035.476,800.0,0.0,150000.0,0.0,,1.65,0.15,0.0
2024-08-08,158.399,159.9,158.316,159.817,1850,295661.45,0.0,0.0,0.0,0.0,,1.65,0.0,0.0
2024-08-09,160.9,160.9,159.9,160.734,6000,964404.0,600.0,0.0,120000.0,0.0,,1.65,0.12,0.0
2024-08-12,161.817,163.401,161.817,163.401,14623,2389412.8230000003,1600.0,0.0,310000.0,0.0,,1.65,0.31,0.0
2024-08-13,163.401,163.401,161.817,161.901,3984,645013.584,100.0,0.0,20000.0,0.0,,1.65,0.02,0.0
2024-08-14,161.901,162.901,161.901,162.901,811,132112.711,0.0,0.0,0.0,0.0,,1.65,0.0,0.0
2024-08-15,162.568,163.068,161.734,163.068,8974,1463372.232,0.0,1000.0,0.0,190000.0,,1.65,0.0,0.19
2024-08-16,160.484,162.901,160.484,161.817,13747,2224498.299,0.0,0.0,0.0,0.0,,1.65,0.0,0.0
2024-08-19,161.317,162.568,161.317,161.734,15711,2541002.8740000003,300.0,0.0,60000.0,0.0,,1.65,0.06,0.0
2024-08-20,161.734,161.734,160.067,160.4,16802,2695040.8000000003,100.0,0.0,20000.0,0.0,,1.65,0.02,0.0
2024-08-21,161.734,162.151,161.317,161.817,4410,713612.9700000001,100.0,210.0,20000.0,40000.0,,1.65,0.02,0.04
2024-08-22,162.568,163.318,161.317,163.318,3100,506285.8000000001,0.0,0.0,0.0,0.0,,1.65,0.0,0.0
2024-08-23,163.401,163.401,162.151,162.985,4020,655199.7000000001,200.0,0.0,40000.0,0.0,,1.65,0.04,0.0
2024-08-26,160.9,162.985,160.9,162.985,5128,835787.0800000001,100.0,0.0,20000.0,0.0,,1.65,0.02,0.0
2024-08-27,163.652,170.071,163.401,169.154,32963,5575823.302,900.0,0.0,180000.0,0.0,,1.65,0.18,0.0
2024-08-28,169.154,170.905,167.653,169.821,3431,582655.851,0.0,0.0,0.0,0.0,,1.65,0.0,0.0
2024-08-29,169.821,171.655,169.821,171.655,8702,1493741.81,0.0,0.0,0.0,0.0,,1.65,0.0,0.0
2024-08-30,171.738,171.738,170.071,171.238,2257,386484.166,0.0,200.0,0.0,40000.0,,1.65,0.0,0.04
2024-09-04,169.237,170.905,169.237,170.071,8801,1496794.871,0.0,600.0,0.0,120000.0,,1.65,0.0,0.12
2024-09-05,169.237,169.237,163.401,167.57,62173,10418329.61,200.0,2300.0,40000.0,460000.0,,1.65,0.04,0.46
2024-09-06,167.57,170.905,167.57,167.57,14559,2439651.63,100.0,400.0,20000.0,80000.0,,1.65,0.02,0.08
2024-09-09,168.404,170.071,165.903,166.736,20521,3421589.456,400.0,0.0,80000.0,0.0,,1.65,0.08,0.0
2024-09-10,166.736,168.82,166.736,167.82,24327,4082557.14,0.0,0.0,0.0,0.0,,1.65,0.0,0.0
2024-09-11,167.903,171.238,167.82,170.905,14756,2521874.18,110.0,200.0,20000.0,40000.0,,1.65,0.02,0.04
2024-09-12,171.738,177.574,171.738,173.822,26391,4587336.402,110.0,400.0,20000.0,80000.0,,1.65,0.02,0.08
2024-09-13,175.073,183.41,173.906,174.656,30342,5299412.352,610.0,0.0,130000.0,0.0,,1.65,0.13,0.0
2024-09-16,175.406,175.406,169.571,169.571,20415,3461791.965,2800.0,100.0,580000.0,20000.0,,1.65,0.58,0.02
2024-09-17,171.238,171.238,168.404,170.905,29228,4995211.34,600.0,0.0,120000.0,0.0,,1.65,0.12,0.0
2024-09-18,170.905,174.99,169.237,172.489,14078,2428300.142,3100.0,300.0,640000.0,60000.0,,1.65,0.64,0.06
2024-09-19,169.404,172.572,169.237,172.489,10138,1748693.482,500.0,20.0,100000.0,0.0,,1.65,0.1,0.0
2024-09-20,172.489,172.989,170.905,172.405,29253,5043363.465,1300.0,0.0,270000.0,0.0,,1.65,0.27,0.0
2024-09-23,172.405,173.406,170.154,171.738,39727,6822635.526,700.0,300.0,140000.0,60000.0,,1.65,0.14,0.06
2024-09-24,171.738,171.738,164.235,168.82,28055,4736245.1,100.0,2300.0,20000.0,470000.0,,1.65,0.02,0.47
2024-09-25,166.736,169.654,166.736,168.404,15725,2648152.9,100.0,0.0,20000.0,0.0,,1.65,0.02,0.0
2024-09-26,166.736,170.988,165.903,170.154,31878,5424169.212,500.0,0.0,100000.0,0.0,,1.65,0.1,0.0
2024-09-27,175.073,175.073,169.237,171.655,16470,2827157.85,100.0,100.0,20000.0,20000.0,,1.65,0.02,0.02
2024-09-30,171.655,171.655,169.237,170.071,10553,1794759.263,400.0,200.0,80000.0,40000.0,,1.65,0.08,0.04
2024-10-01,170.071,171.572,169.237,170.071,10541,1792718.411,0.0,0.0,0.0,0.0,,1.65,0.0,0.0
2024-10-02,171.738,172.739,170.238,170.905,18778,3209254.09,1400.0,300.0,290000.0,60000.0,,1.65,0.29,0.06
2024-10-03,172.572,173.406,171.155,171.572,12221,2096781.412,200.0,0.0,40000.0,0.0,,1.65,0.04,0.0
2024-10-04,171.572,172.072,170.655,171.738,11255,1932911.19,1500.0,0.0,310000.0,0.0,,1.65,0.31,0.0
2024-10-07,171.738,175.073,171.738,174.323,55709,9711360.007,6500.0,0.0,1360000.0,0.0,,1.65,1.36,0.0
2024-10-08,174.74,175.323,172.572,174.906,36316,6351886.296,800.0,100.0,170000.0,20000.0,,1.65,0.17,0.02
2024-10-09,175.085,175.085,157.577,171.399,30418,5213614.782,1206.0,4100.0,220000.0,760000.0,,1.65,0.22,0.76
2024-10-10,171.399,173.242,171.399,172.873,10942,1891576.366,0.0,0.0,0.0,0.0,,1.65,0.0,0.0
2024-10-11,172.873,172.873,169.74,170.478,17398,2965976.244,300.0,0.0,60000.0,0.0,,1.65,0.06,0.0
2024-10-14,170.478,170.478,168.727,169.648,5441,923054.768,0.0,700.0,0.0,130000.0,,1.65,0.0,0.13
2024-10-15,169.556,170.017,168.635,169.556,16231,2752063.436,101.0,0.0,20000.0,0.0,,1.65,0.02,0.0
2024-10-16,169.556,169.556,168.727,168.819,4202,709377.438,1.0,0.0,0.0,0.0,,1.65,0.0,0.0
2024-10-17,168.819,168.819,167.713,168.635,11722,1976739.47,0.0,0.0,0.0,0.0,,1.65,0.0,0.0
2024-10-18,168.635,169.925,167.713,169.28,4210,712668.8,0.0,0.0,0.0,0.0,,1.65,0.0,0.0
2024-10-21,169.28,169.28,164.949,164.949,22740,3750940.26,0.0,0.0,0.0,0.0,,1.65,0.0,0.0
2024-10-22,164.949,164.949,161.631,161.815,21735,3517049.025,1509.0,800.0,270000.0,140000.0,,1.65,0.27,0.14
2024-10-23,161.815,161.815,161.263,161.355,11037,1780875.1349999998,100.0,200.0,20000.0,40000.0,,1.65,0.02,0.04
2024-10-24,161.355,162.276,161.355,161.355,9605,1549814.775,0.0,400.0,0.0,70000.0,,1.65,0.0,0.07
2024-10-25,161.539,162.184,161.355,162.184,3820,619542.88,1600.0,0.0,280000.0,0.0,,1.65,0.28,0.0
2024-10-28,162.184,162.184,159.42,162.184,3411,553209.624,0.0,600.0,0.0,100000.0,,1.65,0.0,0.1
2024-10-29,162.184,162.184,161.908,162.184,8010,1299093.84,200.0,600.0,40000.0,110000.0,,1.65,0.04,0.11
2024-10-30,162.184,165.501,162.184,163.106,11522,1879307.332,8300.0,0.0,1480000.0,0.0,,1.65,1.48,0.0
2024-10-31,163.106,164.027,163.106,163.29,2710,442515.9,200.0,0.0,40000.0,0.0,,1.65,0.04,0.0
2024-11-01,163.29,164.027,163.106,163.566,2251,368187.066,0.0,0.0,0.0,0.0,,1.65,0.0,0.0
2024-11-04,164.488,164.488,163.106,163.106,4225,689122.85,5.0,1100.0,0.0,200000.0,,1.65,0.0,0.2
2024-11-05,164.488,165.501,163.106,164.027,4338,711549.1259999999,1100.0,800.0,200000.0,140000.0,,1.65,0.2,0.14
2024-11-06,164.949,165.041,164.488,165.041,2224,367051.184,5.0,0.0,0.0,0.0,,1.65,0.0,0.0
2024-11-07,165.962,166.515,165.87,165.87,3400,563958.0,800.0,0.0,140000.0,0.0,,1.65,0.14,0.0
2024-11-08,167.252,167.252,165.409,165.594,3122,516984.468,0.0,400.0,0.0,70000.0,,1.65,0.0,0.07
2024-11-11,165.594,165.594,164.027,164.303,2301,378061.203,0.0,600.0,0.0,110000.0,,1.65,0.0,0.11
2024-11-12,164.027,164.027,163.106,163.198,3203,522723.194,0.0,1000.0,0.0,180000.0,,1.65,0.0,0.18
2024-11-13,163.198,163.935,163.106,163.198,3116,508524.96800000005,0.0,0.0,0.0,0.0,,1.65,0.0,0.0
2024-11-14,163.198,163.382,162.184,163.013,5805,946290.465,100.0,0.0,20000.0,0.0,,1.65,0.02,0.0
2024-11-15,163.013,163.013,161.263,161.447,8705,1405396.135,100.0,0.0,20000.0,0.0,,1.65,0.02,0.0
2024-11-18,162.092,162.092,161.355,161.355,7407,1195156.485,0.0,400.0,0.0,70000.0,,1.65,0.0,0.07
2024-11-19,161.539,162.829,161.355,161.723,11203,1811782.769,100.0,0.0,20000.0,0.0,,1.65,0.02,0.0
2024-11-20,161.723,161.815,160.802,161.447,3600,581209.2,100.0,0.0,20000.0,0.0,,1.65,0.02,0.0
2024-11-21,162.0,162.368,161.447,161.447,986,159186.742,50.0,0.0,10000.0,0.0,,1.65,0.01,0.0
2024-11-22,162.184,163.935,161.815,163.935,1108,181639.98,0.0,0.0,0.0,0.0,,1.65,0.0,0.0
2024-11-25,162.184,164.949,162.184,163.474,2203,360133.22199999995,0.0,100.0,0.0,20000.0,,1.65,0.0,0.02
2024-11-26,163.474,163.935,163.474,163.751,2792,457192.792,0.0,300.0,0.0,50000.0,,1.65,0.0,0.05
2024-11-27,163.658,163.658,163.198,163.658,4101,671161.458,300.0,1300.0,50000.0,230000.0,,1.65,0.05,0.23
2024-11-28,163.658,164.58,163.658,163.843,2531,414686.633,100.0,0.0,20000.0,0.0,,1.65,0.02,0.0
2024-11-29,163.843,165.041,163.843,165.041,3938,649931.458,0.0,0.0,0.0,0.0,,1.65,0.0,0.0
2024-12-02,165.133,166.792,163.843,165.317,4819,796662.623,0.0,22.0,0.0,0.0,,1.65,0.0,0.0
2024-12-03,165.317,165.778,164.027,165.686,2511,416037.546,0.0,0.0,0.0,0.0,,1.65,0.0,0.0
2024-12-04,165.225,166.792,165.225,166.239,8568,1424335.752,300.0,0.0,50000.0,0.0,,1.65,0.05,0.0
2024-12-05,165.87,166.423,164.027,166.331,4407,733020.717,0.0,0.0,0.0,0.0,,1.65,0.0,0.0
2024-12-06,166.331,170.478,166.331,167.805,1991,334099.755,0.0,0.0,0.0,0.0,,1.65,0.0,0.0
2024-12-09,169.556,169.556,166.792,168.635,7029,1185335.415,0.0,0.0,0.0,0.0,,1.65,0.0,0.0
2024-12-10,169.003,169.003,168.635,168.635,2609,439968.715,0.0,0.0,0.0,0.0,,1.65,0.0,0.0
2024-12-11,169.372,170.846,169.372,170.846,5255,897795.73,0.0,0.0,0.0,0.0,,1.65,0.0,0.0
2024-12-12,170.662,170.846,169.556,169.648,2847,482987.856,500.0,100.0,90000.0,20000.0,,1.65,0.09,0.02
2024-12-13,170.478,170.478,168.635,169.556,2202,373362.312,0.0,200.0,0.0,40000.0,,1.65,0.0,0.04
2024-12-16,169.556,169.556,167.897,167.989,2401,403341.589,300.0,200.0,60000.0,40000.0,,1.65,0.06,0.04
2024-12-17,167.989,171.399,167.989,169.556,3385,573947.06,0.0,0.0,0.0,0.0,,1.65,0.0,0.0
2024-12-18,169.556,170.017,168.727,170.017,1404,238703.868,0.0,0.0,0.0,0.0,,1.65,0.0,0.0
2024-12-19,169.832,169.832,166.239,169.003,3800,642211.3999999999,0.0,1900.0,0.0,350000.0,,1.65,0.0,0.35
2024-12-20,169.095,169.556,167.713,167.713,2300,385739.9,0.0,0.0,0.0,0.0,,1.65,0.0,0.0
2024-12-23,168.635,169.095,167.805,167.897,2584,433845.848,0.0,0.0,0.0,0.0,,1.65,0.0,0.0
2024-12-24,167.989,167.989,167.344,167.713,2967,497604.471,50.0,0.0,10000.0,0.0,,1.65,0.01,0.0
2024-12-25,166.976,170.478,166.976,169.003,11501,1943703.503,100.0,5000.0,20000.0,920000.0,,1.65,0.02,0.92
2024-12-26,169.74,169.74,169.648,169.648,962,163201.376,0.0,0.0,0.0,0.0,,1.65,0.0,0.0
2024-12-27,169.556,169.556,166.146,168.542,8652,1458225.384,0.0,0.0,0.0,0.0,,1.65,0.0,0.0
2024-12-30,168.635,169.925,168.174,169.832,5373,912507.336,0.0,0.0,0.0,0.0,,1.65,0.0,0.0
2024-12-31,170.017,170.017,167.805,169.925,2692,457438.1,0.0,0.0,0.0,0.0,,1.65,0.0,0.0
2025-01-02,169.556,169.556,168.174,169.464,1664,281988.096,0.0,0.0,0.0,0.0,,1.65,0.0,0.0
2025-01-03,168.727,169.095,167.897,169.003,1040,175763.12,0.0,0.0,0.0,0.0,,1.65,0.0,0.0
2025-01-06,169.003,169.003,168.635,168.635,5824,982130.24,0.0,0.0,0.0,0.0,,1.65,0.0,0.0
2025-01-07,168.635,168.727,167.989,168.727,604,101911.108,0.0,0.0,0.0,0.0,,1.65,0.0,0.0
2025-01-08,169.556,169.556,168.266,169.095,7205,1218329.475,0.0,100.0,0.0,20000.0,,1.65,0.0,0.02
2025-01-09,169.003,170.109,168.727,170.109,17208,2927235.6720000003,0.0,4100.0,0.0,760000.0,,1.65,0.0,0.76
2025-01-10,170.109,170.109,168.635,168.635,1618,272851.43,0.0,0.0,0.0,0.0,,1.65,0.0,0.0
2025-01-13,168.635,170.017,168.635,170.017,1806,307050.702,0.0,0.0,0.0,0.0,,1.65,0.0,0.0
2025-01-14,168.635,169.832,168.635,169.832,515,87463.48,0.0,100.0,0.0,20000.0,,1.65,0.0,0.02
2025-01-15,169.832,169.832,167.989,168.266,3615,608281.59,0.0,0.0,0.0,0.0,,1.65,0.0,0.0
2025-01-16,168.266,170.478,168.266,170.478,15500,2642409.0,0.0,0.0,0.0,0.0,,1.65,0.0,0.0
2025-01-17,168.911,170.017,168.911,170.017,676,114931.492,100.0,0.0,20000.0,0.0,,1.65,0.02,0.0
2025-01-20,170.017,171.03,169.556,171.03,37196,6361631.88,50.0,1400.0,10000.0,260000.0,,1.65,0.01,0.26
2025-01-21,172.321,173.242,171.952,173.242,6125,1061107.25,300.0,0.0,60000.0,0.0,,1.65,0.06,0.0
2025-01-22,173.242,175.085,173.242,174.901,8381,1465845.2810000002,0.0,1400.0,0.0,260000.0,,1.65,0.0,0.26
2025-01-23,174.164,175.085,173.703,175.085,10284,1800574.14,0.0,2000.0,0.0,380000.0,,1.65,0.0,0.38
2025-01-24,175.085,175.085,173.426,173.426,2254,390902.204,0.0,0.0,0.0,0.0,,1.65,0.0,0.0
2025-02-03,173.979,176.836,173.242,174.071,5577,970793.967,600.0,0.0,110000.0,0.0,,1.65,0.11,0.0
2025-02-04,175.914,176.007,174.071,175.085,6062,1061365.27,300.0,400.0,60000.0,80000.0,,1.65,0.06,0.08
2025-02-05,175.546,179.232,175.546,177.85,5611,997916.35,0.0,200.0,0.0,40000.0,,1.65,0.0,0.04
2025-02-06,179.232,183.194,179.232,181.904,7319,1331355.376,607.0,0.0,120000.0,0.0,,1.65,0.12,0.0
2025-02-07,181.536,182.733,181.536,181.72,7954,1445400.88,0.0,0.0,0.0,0.0,,1.65,0.0,0.0
2025-02-10,181.72,182.457,180.614,180.614,14326,2587476.164,0.0,600.0,0.0,120000.0,,1.65,0.0,0.12
2025-02-11,181.259,181.351,179.232,179.232,5652,1013019.264,0.0,0.0,0.0,0.0,,1.65,0.0,0.0
2025-02-12,179.232,180.614,179.232,179.232,3920,702589.44,1100.0,0.0,210000.0,0.0,,1.65,0.21,0.0
2025-02-13,182.457,182.457,179.693,180.153,5104,919500.912,400.0,0.0,80000.0,0.0,,1.65,0.08,0.0
2025-02-14,180.245,183.379,180.245,183.379,8722,1599431.6379999998,100.0,700.0,20000.0,140000.0,,1.65,0.02,0.14
2025-02-17,183.655,195.358,183.379,193.515,10739,2078157.585,800.0,100.0,160000.0,20000.0,,1.65,0.16,0.02
2025-02-18,193.515,194.437,188.355,193.146,4220,815076.12,500.0,0.0,100000.0,0.0,,1.65,0.1,0.0
2025-02-19,193.054,193.515,191.119,192.501,6708,1291296.708,300.0,100.0,60000.0,20000.0,,1.65,0.06,0.02
2025-02-20,192.501,192.501,189.553,192.133,6186,1188534.738,100.0,0.0,20000.0,0.0,,1.65,0.02,0.0
2025-02-21,192.133,194.252,192.133,192.962,14327,2764566.574,800.0,100.0,170000.0,20000.0,,1.65,0.17,0.02
2025-02-24,194.437,195.358,193.515,195.358,10729,2095995.982,0.0,0.0,0.0,0.0,,1.65,0.0,0.0
2025-02-25,197.109,197.201,194.437,194.437,3681,715722.5970000001,100.0,100.0,20000.0,20000.0,,1.65,0.02,0.02
2025-02-26,194.437,195.266,194.068,195.266,2525,493046.65,500.0,0.0,110000.0,0.0,,1.65,0.11,0.0
2025-02-27,194.437,195.266,193.515,194.437,4914,955463.418,2610.0,0.0,550000.0,0.0,,1.65,0.55,0.0
2025-02-28,188.908,193.054,188.908,192.133,5460,1049046.1800000002,0.0,800.0,0.0,170000.0,,1.65,0.0,0.17
2025-03-03,192.594,193.515,192.133,193.515,436,84372.54,0.0,0.0,0.0,0.0,,1.65,0.0,0.0
2025-03-04,193.515,193.515,191.856,192.594,2905,559485.57,0.0,0.0,0.0,0.0,,1.65,0.0,0.0
2025-03-05,191.948,192.133,189.737,191.488,6952,1331224.576,100.0,0.0,20000.0,0.0,,1.65,0.02,0.0
2025-03-06,191.672,191.856,191.58,191.764,3807,730045.5480000001,0.0,0.0,0.0,0.0,,1.65,0.0,0.0
2025-03-07,191.672,191.764,190.751,190.843,9040,1725220.72,5300.0,0.0,1100000.0,0.0,,1.65,1.1,0.0
2025-03-10,191.027,192.686,190.843,192.686,2006,386528.116,300.0,0.0,60000.0,0.0,,1.65,0.06,0.0
2025-03-11,192.225,193.791,191.672,192.225,2454,471720.15,800.0,0.0,170000.0,0.0,,1.65,0.17,0.0
2025-03-12,192.225,192.594,191.672,191.672,2000,383344.0,200.0,500.0,40000.0,100000.0,,1.65,0.04,0.1
2025-03-13,190.843,191.672,190.843,191.119,2117,404598.923,100.0,1000.0,20000.0,210000.0,,1.65,0.02,0.21
2025-03-14,191.303,191.303,190.382,190.382,2033,387046.606,0.0,0.0,0.0,0.0,,1.65,0.0,0.0
2025-03-17,190.474,192.594,190.474,190.751,2856,544784.856,100.0,0.0,20000.0,0.0,,1.65,0.02,0.0
2025-03-18,190.751,191.672,190.751,190.751,2902,553559.402,0.0,500.0,0.0,100000.0,,1.65,0.0,0.1
2025-03-19,190.566,192.041,189.829,190.751,5400,1030055.4,0.0,1000.0,0.0,210000.0,,1.65,0.0,0.21
2025-03-20,189.368,192.317,189.368,192.317,2529,486369.693,0.0,1200.0,0.0,250000.0,,1.65,0.0,0.25
2025-03-21,192.317,192.409,191.119,192.317,2300,442329.1,600.0,300.0,120000.0,60000.0,,1.65,0.12,0.06
2025-03-24,191.672,192.87,190.751,192.87,3000,578610.0,0.0,0.0,0.0,0.0,,1.65,0.0,0.0
2025-03-25,192.041,192.87,191.672,192.87,4109,792502.8300000001,2900.0,0.0,600000.0,0.0,,1.65,0.6,0.0
2025-03-26,191.672,192.133,191.672,191.672,1504,288274.688,0.0,0.0,0.0,0.0,,1.65,0.0,0.0
2025-03-27,192.594,193.515,190.843,190.843,4701,897152.943,0.0,0.0,0.0,0.0,,1.65,0.0,0.0
2025-03-28,190.935,190.935,190.566,190.751,18422,3514014.9220000003,0.0,300.0,0.0,60000.0,,1.65,0.0,0.06
2025-03-31,190.935,190.935,189.921,190.751,1351,257704.601,100.0,0.0,20000.0,0.0,,1.65,0.02,0.0
2025-04-01,190.013,190.013,189.829,190.013,3202,608421.626,0.0,0.0,0.0,0.0,,1.65,0.0,0.0
2025-04-02,189.829,189.829,187.986,188.908,9532,1800671.056,100.0,600.0,20000.0,120000.0,,1.65,0.02,0.12
2025-04-03,185.222,188.447,170.017,170.017,72469,12320961.973,10.0,800.0,0.0,150000.0,,1.65,0.0,0.15
2025-04-04,170.017,184.208,165.87,184.208,19383,3570503.664,0.0,800.0,0.0,150000.0,,1.65,0.0,0.15
2025-04-08,183.747,183.747,169.556,170.754,26827,4580817.558,0.0,500.0,0.0,90000.0,,1.65,0.0,0.09
2025-04-09,157.577,174.164,157.577,171.675,16122,2767744.35,4100.0,10.0,770000.0,0.0,,1.65,0.77,0.0
2025-04-10,184.3,188.815,180.89,188.815,27903,5268504.945,300.0,100.0,60000.0,20000.0,,1.65,0.06,0.02
2025-04-11,181.536,188.815,181.536,185.314,14576,2701136.864,1501.0,200.0,300000.0,40000.0,,1.65,0.3,0.04
2025-04-14,186.143,187.802,186.143,186.235,7786,1450025.7100000002,200.0,0.0,40000.0,0.0,,1.65,0.04,0.0
2025-04-15,186.235,186.512,184.392,186.143,14457,2691069.351,300.0,0.0,60000.0,0.0,,1.65,0.06,0.0
2025-04-16,185.959,185.959,184.484,184.669,4333,800170.777,100.0,0.0,20000.0,0.0,,1.65,0.02,0.0
2025-04-17,184.669,184.853,184.576,184.669,28818,5321791.242000001,200.0,0.0,40000.0,0.0,,1.65,0.04,0.0
2025-04-18,187.065,187.065,184.576,184.576,6225,1148985.6,0.0,200.0,0.0,40000.0,,1.65,0.0,0.04
2025-04-21,184.392,186.051,184.3,184.484,11527,2126547.068,0.0,307.0,0.0,60000.0,,1.65,0.0,0.06
2025-04-22,185.682,185.682,175.085,180.983,34420,6229434.86,200.0,0.0,40000.0,0.0,,1.65,0.04,0.0
2025-04-23,181.075,182.918,177.389,181.259,6489,1176189.6509999998,1.0,0.0,0.0,0.0,,1.65,0.0,0.0
2025-04-24,181.536,181.996,178.863,180.614,10503,1896988.842,0.0,0.0,0.0,0.0,,1.65,0.0,0.0
2025-04-25,180.614,181.996,180.153,181.536,10807,1961859.552,100.0,400.0,20000.0,80000.0,,1.65,0.02,0.08
2025-04-28,181.536,182.457,181.536,182.457,10214,1863615.798,0.0,200.0,0.0,40000.0,,1.65,0.0,0.04
2025-04-29,183.379,183.379,182.641,183.194,3311,606555.3339999999,0.0,0.0,0.0,0.0,,1.65,0.0,0.0
2025-05-05,183.471,185.037,183.379,184.3,15513,2859045.9000000004,1000.0,0.0,200000.0,0.0,,1.65,0.2,0.0
2025-05-06,184.3,184.3,183.655,184.3,8788,1619628.4,5500.0,0.0,1100000.0,0.0,,1.65,1.1,0.0
2025-05-07,184.3,184.392,183.563,183.563,2411,442570.393,0.0,0.0,0.0,0.0,,1.65,0.0,0.0
2025-05-08,184.3,184.945,183.563,183.839,4018,738665.102,0.0,0.0,0.0,0.0,,1.65,0.0,0.0
2025-05-09,183.839,184.116,183.379,184.116,4801,883940.9160000001,0.0,0.0,0.0,0.0,,1.65,0.0,0.0
2025-05-12,184.024,184.3,183.839,184.3,3242,597500.6000000001,0.0,0.0,0.0,0.0,,1.65,0.0,0.0
2025-05-13,184.3,185.037,183.747,184.576,10109,1865878.784,500.0,0.0,100000.0,0.0,,1.65,0.1,0.0
2025-05-14,187.065,188.908,184.576,188.908,17501,3306078.908,0.0,0.0,0.0,0.0,,1.65,0.0,0.0
2025-05-15,188.908,188.908,186.604,187.986,12146,2283277.956,200.0,0.0,40000.0,0.0,,1.65,0.04,0.0
2025-05-16,187.986,188.908,187.065,187.065,3418,639388.17,0.0,0.0,0.0,0.0,,1.65,0.0,0.0
2025-05-19,187.065,187.802,187.065,187.71,4626,868346.4600000001,0.0,0.0,0.0,0.0,,1.65,0.0,0.0
2025-05-20,187.894,188.078,187.894,188.078,15900,2990440.2,0.0,0.0,0.0,0.0,,1.65,0.0,0.0
2025-05-21,188.078,188.447,187.894,187.894,3711,697274.6340000001,0.0,0.0,0.0,0.0,,1.65,0.0,0.0
2025-05-22,187.986,188.262,187.894,187.894,3606,677545.764,0.0,0.0,0.0,0.0,,1.65,0.0,0.0
2025-05-23,187.986,188.815,187.986,188.447,2001,377082.447,0.0,0.0,0.0,0.0,,1.65,0.0,0.0
2025-05-26,192.594,192.594,187.986,188.631,8507,1604683.917,0.0,0.0,0.0,0.0,,1.65,0.0,0.0
2025-05-27,189.184,189.184,188.447,188.539,2430,458149.77,0.0,0.0,0.0,0.0,,1.65,0.0,0.0
2025-05-28,188.631,188.908,188.631,188.908,7968,1505218.944,0.0,0.0,0.0,0.0,,1.65,0.0,0.0
2025-05-29,188.908,189.829,188.908,189.184,8241,1559065.344,0.0,504.0,0.0,100000.0,,1.65,0.0,0.1
2025-05-30,189.276,189.276,188.723,188.723,3838,724318.8740000001,0.0,0.0,0.0,0.0,,1.65,0.0,0.0
2025-06-02,188.355,188.723,187.986,187.986,311,58463.64599999999,0.0,0.0,0.0,0.0,,1.65,0.0,0.0
2025-06-03,187.986,195.358,187.986,195.358,20152,3936854.416,0.0,700.0,0.0,150000.0,,1.65,0.0,0.15
2025-06-04,195.358,195.358,190.105,194.252,6180,1200477.36,1700.0,200.0,360000.0,40000.0,,1.65,0.36,0.04
2025-06-05,194.252,194.252,191.211,191.211,2340,447433.7400000001,835.0,800.0,170000.0,170000.0,,1.65,0.17,0.17
2025-06-06,191.211,191.672,188.539,190.198,8729,1660238.3420000002,200.0,0.0,40000.0,0.0,,1.65,0.04,0.0
2025-06-09,189.368,189.368,188.355,188.723,2017,380654.291,100.0,0.0,20000.0,0.0,,1.65,0.02,0.0
2025-06-10,188.078,189.829,188.078,188.908,2446,462068.968,300.0,0.0,60000.0,0.0,,1.65,0.06,0.0
2025-06-11,189.737,189.737,187.986,187.986,7069,1328873.034,300.0,0.0,60000.0,0.0,,1.65,0.06,0.0
2025-06-12,188.908,188.908,187.249,188.815,3100,585326.5,0.0,0.0,0.0,0.0,,1.65,0.0,0.0
2025-06-13,187.986,187.986,184.761,184.761,16015,2958947.415,1500.0,0.0,300000.0,0.0,,1.65,0.3,0.0
2025-06-16,184.761,184.761,177.85,181.259,83210,15082561.39,1900.0,400.0,370000.0,80000.0,,1.65,0.37,0.08
2025-06-17,180.614,180.614,178.863,180.614,21101,3811136.014,0.0,4500.0,0.0,880000.0,,1.65,0.0,0.88
2025-06-18,180.43,180.43,178.402,178.771,17103,3057520.413,0.0,0.0,0.0,0.0,,1.65,0.0,0.0
2025-06-19,178.771,180.522,178.771,180.153,5300,954810.9,200.0,0.0,40000.0,0.0,,1.65,0.04,0.0
2025-06-20,180.614,180.614,175.177,179.416,7300,1309736.8,0.0,0.0,0.0,0.0,,1.65,0.0,0.0
2025-06-23,177.85,179.969,176.928,179.232,6715,1203542.88,0.0,2000.0,0.0,390000.0,,1.65,0.0,0.39
2025-06-24,179.232,180.43,178.771,179.693,1854,333150.82200000004,600.0,0.0,120000.0,0.0,,1.65,0.12,0.0
2025-06-25,179.693,179.877,179.508,179.693,9547,1715529.0710000002,5700.0,0.0,1110000.0,0.0,,1.65,1.11,0.0
2025-06-26,179.232,179.877,179.232,179.693,4805,863424.8650000001,3200.0,3200.0,620000.0,620000.0,,1.65,0.62,0.62
2025-06-27,179.877,180.061,179.6,179.785,10925,1964151.125,7000.0,4500.0,1370000.0,880000.0,,1.65,1.37,0.88
2025-06-30,180.614,181.536,180.245,181.443,3414,619446.402,1100.0,0.0,220000.0,0.0,,1.65,0.22,0.0
2025-07-01,181.443,181.536,181.443,181.536,2423,439861.728,900.0,0.0,180000.0,0.0,,1.65,0.18,0.0
2025-07-02,181.628,182.918,181.628,182.918,2380,435344.84,0.0,0.0,0.0,0.0,,1.65,0.0,0.0
2025-07-03,183.01,183.379,182.457,182.641,6270,1145159.0699999998,3800.0,0.0,750000.0,0.0,,1.65,0.75,0.0
2025-07-04,183.471,184.116,183.471,184.116,1302,239719.032,0.0,0.0,0.0,0.0,,1.65,0.0,0.0
2025-07-07,182.918,184.116,179.232,181.628,4406,800252.968,2000.0,0.0,400000.0,0.0,,1.65,0.4,0.0
2025-07-08,181.628,182.457,181.536,181.628,3720,675656.1599999999,1000.0,1600.0,200000.0,320000.0,,1.65,0.2,0.32
2025-07-09,182.457,182.457,181.72,181.812,4100,745429.2000000001,0.0,0.0,0.0,0.0,,1.65,0.0,0.0
2025-07-10,182.181,182.918,181.996,182.457,4201,766501.857,0.0,0.0,0.0,0.0,,1.65,0.0,0.0
2025-07-11,182.457,182.549,181.72,182.365,12004,2189109.46,2000.0,0.0,400000.0,0.0,,1.65,0.4,0.0
2025-07-14,181.075,181.259,180.798,180.798,3302,596994.996,500.0,0.0,100000.0,0.0,,1.65,0.1,0.0
2025-07-15,181.536,182.181,181.536,181.536,2046,371422.656,0.0,0.0,0.0,0.0,,1.65,0.0,0.0
2025-07-16,180.153,182.273,180.153,181.996,4110,748003.56,600.0,0.0,120000.0,0.0,,1.65,0.12,0.0
2025-07-17,181.536,182.457,181.536,181.996,12826,2334280.696,200.0,0.0,40000.0,0.0,,1.65,0.04,0.0
2025-07-18,180.614,182.365,180.614,181.167,2623,475201.041,0.0,0.0,0.0,0.0,,1.65,0.0,0.0
2025-07-21,180.614,180.614,176.467,176.836,57632,10191412.352,11600.0,1034.0,2230000.0,200000.0,,1.65,2.23,0.2
2025-07-22,176.928,176.928,175.177,176.836,13313,2354217.668,100.0,1000.0,20000.0,190000.0,,1.65,0.02,0.19
2025-07-23,176.928,178.218,176.652,176.928,6859,1213549.152,200.0,2800.0,40000.0,540000.0,,1.65,0.04,0.54
2025-07-24,177.112,177.112,176.283,176.283,9029,1591659.207,2000.0,3800.0,380000.0,730000.0,,1.65,0.38,0.73
2025-07-25,176.007,177.112,175.546,176.928,14941,2643481.248,1000.0,900.0,190000.0,170000.0,,1.65,0.19,0.17
2025-07-28,177.85,177.85,175.361,176.928,8273,1463725.344,1400.0,0.0,270000.0,0.0,,1.65,0.27,0.0
2025-07-29,176.928,176.928,175.361,175.546,8949,1570961.154,900.0,0.0,170000.0,0.0,,1.65,0.17,0.0
2025-07-30,175.546,175.546,175.269,175.546,3441,604053.786,0.0,0.0,0.0,0.0,,1.65,0.0,0.0
2025-07-31,175.546,176.652,174.716,174.716,5620,981903.92,0.0,0.0,0.0,0.0,,1.65,0.0,0.0
2025-08-01,176.744,177.85,174.716,174.809,6440,1125769.96,200.0,0.0,40000.0,0.0,,1.65,0.04,0.0
2025-08-04,174.809,177.389,173.887,175.085,1208,211502.68,100.0,300.0,20000.0,60000.0,,1.65,0.02,0.06
2025-08-05,175.085,176.007,174.164,174.164,6521,1135723.444,300.0,0.0,60000.0,0.0,,1.65,0.06,0.0
2025-08-06,174.164,175.085,174.164,174.256,5500,958408.0,100.0,0.0,20000.0,0.0,,1.65,0.02,0.0
2025-08-07,174.256,174.256,173.795,174.256,21733,3787105.648,5000.0,3710.0,950000.0,700000.0,,1.65,0.95,0.7
2025-08-08,174.348,175.085,174.071,174.164,7068,1230991.152,0.0,0.0,0.0,0.0,,1.65,0.0,0.0
2025-08-11,174.164,174.256,173.242,173.795,13367,2323117.765,2600.0,0.0,490000.0,0.0,,1.65,0.49,0.0
2025-08-12,175.822,175.822,173.887,173.979,17990,3129882.2100000004,1500.0,100.0,280000.0,20000.0,,1.65,0.28,0.02
2025-08-13,175.546,175.914,174.624,175.914,9306,1637055.684,300.0,0.0,60000.0,0.0,,1.65,0.06,0.0
2025-08-14,175.914,176.099,175.546,176.099,6235,1097977.265,500.0,0.0,100000.0,0.0,,1.65,0.1,0.0
2025-08-15,176.007,176.099,175.085,176.099,2201,387593.899,0.0,0.0,0.0,0.0,,1.65,0.0,0.0
2025-08-18,176.283,176.283,175.269,176.283,914,161122.66199999998,0.0,0.0,0.0,0.0,,1.65,0.0,0.0
2025-08-19,176.283,176.559,175.361,175.914,8742,1537840.1879999998,2900.0,100.0,550000.0,20000.0,,1.65,0.55,0.02
2025-08-20,175.914,176.559,175.177,175.914,8701,1530627.714,1700.0,400.0,320000.0,80000.0,,1.65,0.32,0.08
2025-08-21,175.914,177.02,175.914,176.191,12950,2281673.45,2400.0,3550.0,460000.0,680000.0,,1.65,0.46,0.68
2025-08-22,176.928,176.928,175.361,175.361,1001,175536.361,200.0,0.0,40000.0,0.0,,1.65,0.04,0.0
2025-08-25,175.361,175.361,173.242,173.334,10538,1826593.692,2100.0,0.0,400000.0,0.0,,1.65,0.4,0.0
2025-08-26,175.085,175.085,173.795,173.795,1800,312831.0,0.0,0.0,0.0,0.0,,1.65,0.0,0.0
2025-08-27,173.887,174.164,172.966,174.164,6702,1167247.128,1100.0,0.0,210000.0,0.0,,1.65,0.21,0.0
2025-08-28,174.348,174.716,174.164,174.532,2210,385715.72,200.0,0.0,40000.0,0.0,,1.65,0.04,0.0
2025-08-29,174.256,174.256,172.873,174.164,707,123133.948,0.0,0.0,0.0,0.0,,1.65,0.0,0.0
2025-09-03,174.164,175.085,173.703,174.716,2215,386995.94,100.0,0.0,20000.0,0.0,,1.65,0.02,0.0
2025-09-04,175.085,176.928,175.085,176.928,4251,752120.928,0.0,0.0,0.0,0.0,,1.65,0.0,0.0
2025-09-05,177.112,177.85,176.836,177.389,11300,2004495.7,500.0,0.0,100000.0,0.0,,1.65,0.1,0.0
2025-09-08,177.481,177.665,175.361,176.283,2711,477903.213,500.0,0.0,100000.0,0.0,,1.65,0.1,0.0
2025-09-09,177.757,177.757,176.283,176.467,1250,220583.75000000003,100.0,0.0,20000.0,0.0,,1.65,0.02,0.0
2025-09-10,176.467,176.467,176.467,176.467,0,0.0,0.0,0.0,0.0,0.0,,1.65,0.0,0.0
2025-09-11,176.007,176.928,176.007,176.928,800,141542.4,100.0,100.0,20000.0,20000.0,,1.65,0.02,0.02
2025-09-12,176.928,177.389,176.007,177.389,5212,924551.468,1000.0,100.0,190000.0,20000.0,,1.65,0.19,0.02
2025-09-15,177.389,177.389,177.389,177.389,2872,509461.208,0.0,0.0,0.0,0.0,,1.65,0.0,0.0
2025-09-16,176.928,179.6,176.836,179.6,6239,1120524.4,2000.0,0.0,390000.0,0.0,,1.65,0.39,0.0
2025-09-17,177.85,178.771,177.85,177.85,12740,2265809.0,4700.0,0.0,910000.0,0.0,,1.65,0.91,0.0
2025-09-18,177.85,177.942,177.389,177.389,9602,1703289.178,900.0,0.0,170000.0,0.0,,1.65,0.17,0.0
2025-09-19,177.665,177.85,177.665,177.665,1018,180862.97,0.0,0.0,0.0,0.0,,1.65,0.0,0.0
2025-09-22,177.665,177.85,176.928,177.297,5907,1047293.379,700.0,100.0,130000.0,20000.0,,1.65,0.13,0.02
2025-09-23,177.573,177.573,176.744,176.744,5200,919068.8,200.0,0.0,40000.0,0.0,,1.65,0.04,0.0
2025-09-24,176.744,176.744,173.334,175.73,10202,1792797.46,100.0,200.0,20000.0,40000.0,,1.65,0.02,0.04
2025-09-25,175.914,176.191,175.361,176.191,37506,6608219.646,4500.0,0.0,860000.0,0.0,,1.65,0.86,0.0
2025-09-26,177.112,177.389,176.007,177.389,1903,337571.267,0.0,0.0,0.0,0.0,,1.65,0.0,0.0
2025-09-29,177.389,177.389,176.928,177.297,11353,2012852.841,3200.0,0.0,620000.0,0.0,,1.65,0.62,0.0
2025-09-30,177.389,179.693,177.297,177.297,41124,7291161.828,12700.0,2700.0,2450000.0,520000.0,,1.65,2.45,0.52
2025-10-01,178.402,178.402,177.481,177.85,8516,1514570.6,100.0,0.0,20000.0,0.0,,1.65,0.02,0.0
2025-10-02,178.771,178.771,176.007,176.928,8112,1435239.936,2500.0,100.0,480000.0,20000.0,,1.65,0.48,0.02
2025-10-03,176.467,176.836,175.085,175.177,16824,2947177.848,4100.0,0.0,780000.0,0.0,,1.65,0.78,0.0
2025-10-06,177.942,177.942,175.177,176.191,26613,4688971.083,2110.0,0.0,400000.0,0.0,,1.65,0.4,0.0
2025-10-07,176.0,176.5,175.2,175.2,20489,3589672.8,5739.0,0.0,1010000.0,0.0,,1.65,1.01,0.0
2025-10-08,175.5,175.5,173.0,173.0,14800,2560400.0,3801.0,0.0,660000.0,0.0,,1.65,0.66,0.0
2025-10-09,172.6,174.0,171.3,172.0,15400,2648800.0,420.0,40.0,721310.0,68880.0,464131.9,1.65,0.72,0.07
2025-10-10,172.5,173.0,170.7,171.0,14800,2530800.0,320.0,220.0,548800.0,376160.0,463701.9,1.65,0.55,0.38
2025-10-13,171.0,172.9,170.2,172.4,11200,1930880.0,160.0,0.0,273630.0,0.0,463913.9,1.65,0.27,0.0
2025-10-14,172.0,172.1,172.0,172.0,5900,1014800.0,0.0,0.0,0.0,0.0,463903.9,1.65,0.0,0.0
2025-10-15,172.0,172.5,171.2,172.4,7200,1241280.0,0.0,80.0,0.0,136960.0,463703.9,1.65,0.0,0.14
2025-10-16,173.0,173.0,171.0,171.5,9000,1543500.0,20.0,0.0,34200.0,0.0,463883.9,1.65,0.03,0.0
2025-10-17,171.0,172.0,170.2,170.2,6100,1038220.0,0.0,0.0,0.0,0.0,463893.9,1.65,0.0,0.0
2025-10-20,170.3,170.3,166.2,166.2,8800,1462560.0,50.0,0.0,84350.0,0.0,463923.9,1.65,0.08,0.0
2025-10-21,167.0,168.0,164.5,167.9,10700,1796530.0,300.0,0.0,500140.0,0.0,463613.9,1.65,0.5,0.0
2025-10-22,168.0,168.4,167.0,167.0,2400,400800.0,0.0,0.0,0.0,0.0,463613.9,1.65,0.0,0.0
2025-10-23,169.9,170.5,168.6,170.0,9900,1683000.0,0.0,10.0,0.0,16910.0,463623.9,1.65,0.0,0.02
2025-10-24,171.0,171.0,167.9,170.4,3300,562320.0,20.0,0.0,33580.0,0.0,463573.9,1.65,0.03,0.0
2025-10-27,168.0,170.0,153.4,166.8,3600,600480.0,10.0,0.0,16960.0,0.0,463583.9,1.65,0.02,0.0
2025-10-28,169.9,169.9,167.5,168.6,1800,303480.0,40.0,0.0,67600.0,0.0,463453.9,1.65,0.07,0.0
2025-10-29,169.0,169.0,168.0,168.0,6500,1092000.0,20.0,0.0,33680.0,0.0,463543.9,1.65,0.03,0.0
2025-10-30,165.0,169.0,152.0,169.0,6600,1115400.0,10.0,0.0,16700.0,0.0,463513.4,1.65,0.02,0.0
2025-10-31,168.6,168.6,168.6,168.6,100,16860.0,0.0,0.0,0.0,0.0,463533.9,1.65,0.0,0.0
2025-11-03,168.1,168.2,166.5,167.0,9200,1536400.0,120.0,0.0,201640.0,0.0,463413.4,1.65,0.2,0.0
2025-11-04,166.7,167.0,166.0,167.0,5600,935200.0,10.0,0.0,16670.0,0.0,463403.4,1.65,0.02,0.0
2025-11-05,167.0,167.8,166.8,167.1,4700,785370.0,30.0,0.0,50180.0,0.0,463373.4,1.65,0.05,0.0
2025-11-06,169.1,169.1,166.5,166.5,8000,1332000.0,0.0,0.0,0.0,0.0,463373.4,1.65,0.0,0.0
2025-11-07,168.0,168.0,165.3,165.4,3900,645060.0,0.0,0.0,0.0,0.0,463363.4,1.65,0.0,0.0
2025-11-10,165.2,165.2,163.4,163.4,4800,784320.0,10.0,0.0,16520.0,0.0,463363.4,1.65,0.02,0.0
2025-11-11,,0.0,0.0,0.0,0,0.0,0.0,0.0,0.0,0.0,0.0,1.65,0.0,0.0
2025-11-12,163.5,166.3,163.5,166.3,600,99780.0,0.0,0.0,0.0,0.0,463363.4,1.65,0.0,0.0
2025-11-14,167.0,167.0,164.5,166.0,4600,763600.0,0.0,0.0,0.0,0.0,463353.3,1.65,0.0,0.0
2025-11-17,166.0,167.0,166.0,167.0,1500,250500.0,10.0,0.0,16600.0,0.0,463353.4,1.65,0.02,0.0
2025-11-18,166.9,167.0,164.7,167.0,5000,835000.0,10.0,0.0,16470.0,0.0,463343.4,1.65,0.02,0.0
2025-11-19,167.5,168.0,165.7,165.7,1300,215410.0,0.0,0.0,0.0,0.0,463343.4,1.65,0.0,0.0
2025-11-20,165.7,166.5,165.7,166.5,1700,283050.0,10.0,0.0,16570.0,0.0,463333.4,1.65,0.02,0.0
2025-11-25,166.0,166.0,164.0,164.0,3500,574000.0,0.0,10.0,0.0,16440.0,463303.4,1.65,0.0,0.02
2025-11-26,164.0,165.0,163.2,165.0,2100,346500.0,0.0,10.0,0.0,16400.0,463303.4,1.65,0.0,0.02
2025-11-27,165.0,166.0,165.0,165.0,3600,594000.0,0.0,40.0,0.0,66000.0,463273.4,1.65,0.0,0.07
2025-11-28,163.2,165.9,163.0,163.8,1700,278460.0,0.0,0.0,0.0,0.0,463313.4,1.65,0.0,0.0
2025-12-01,164.0,166.0,163.7,164.5,3400,559300.0,0.0,10.0,0.0,16500.0,463323.4,1.65,0.0,0.02
2025-12-02,164.3,165.0,164.2,164.5,1800,296100.0,20.0,0.0,32840.0,164.5,463343.4,1.65,0.03,0.0
2025-12-03,166.0,166.2,164.0,165.0,2900,478500.0,0.0,0.0,0.0,0.0,463343.5,1.65,0.0,0.0
2025-12-04,164.2,165.6,164.1,164.3,1600,262880.0,0.0,0.0,0.0,0.0,463353.5,1.65,0.0,0.0
2025-12-05,165.0,165.0,164.2,164.2,2000,328400.0,0.0,10.0,0.0,16500.0,463353.5,1.65,0.0,0.02
2025-12-08,165.0,165.0,164.2,164.2,2800,459760.0,0.0,0.0,0.0,0.0,463352.0,1.65,0.0,0.0
2025-12-10,166.7,166.9,164.0,164.0,4000,656000.0,10.0,0.0,16640.0,0.0,463352.0,1.65,0.02,0.0
2025-12-11,164.1,165.6,164.0,165.6,1000,165600.0,0.0,0.0,0.0,0.0,463352.0,1.65,0.0,0.0
2025-12-12,164.0,164.0,164.0,164.0,1000,164000.0,0.0,10.0,0.0,16400.0,463352.0,1.65,0.0,0.02
2025-12-15,164.0,164.0,164.0,164.0,1500,246000.0,0.0,0.0,0.0,0.0,463352.0,1.65,0.0,0.0
2025-12-23,162.0,163.5,161.8,162.0,3900,631800.0,0.0,0.0,0.0,0.0,463352.0,1.65,0.0,0.0
2025-12-24,162.0,162.0,160.3,162.0,8100,1312200.0,0.0,30.0,0.0,48160.0,463352.0,1.65,0.0,0.05
2025-12-25,162.0,162.0,161.1,161.8,700,113260.0,0.0,0.0,0.0,0.0,463352.0,1.65,0.0,0.0
2025-12-26,158.2,162.0,158.2,162.0,1500,243000.0,0.0,0.0,0.0,0.0,463341.8,1.65,0.0,0.0
2025-12-29,162.0,162.0,159.6,161.9,5300,858070.0,20.0,0.0,31920.0,0.0,463362.0,1.65,0.03,0.0
2025-12-30,161.9,161.9,161.8,161.9,2300,372370.0,50.0,1.0,80920.0,2428.5,463312.0,1.65,0.08,0.0
2025-12-31,161.9,161.9,161.9,161.9,1200,194280.0,0.0,0.0,0.0,0.0,463304.3,1.65,0.0,0.0
2026-01-05,164.0,164.0,161.8,161.9,3400,550460.0,0.0,0.0,0.0,0.0,463314.0,1.65,0.0,0.0
2026-01-06,160.3,162.6,160.0,162.6,3800,617880.0,0.0,0.0,0.0,0.0,463304.3,1.65,0.0,0.0
2026-01-07,161.0,161.9,160.7,161.9,5300,858070.0,20.0,0.0,32140.0,0.0,463283.8,1.65,0.03,0.0
2026-01-08,161.9,162.0,160.0,161.0,6600,1062600.0,10.0,0.0,16809.5,0.0,463283.8,1.65,0.02,0.0
2026-01-09,161.0,161.2,160.0,161.2,3400,548080.0,0.0,0.0,0.0,0.0,463282.8,1.65,0.0,0.0
2026-01-12,161.4,161.4,159.0,160.9,5200,836680.0,0.0,0.0,0.0,0.0,463282.8,1.65,0.0,0.0
2026-01-13,160.0,160.1,159.0,160.1,2500,400250.0,0.0,0.0,0.0,0.0,463272.8,1.65,0.0,0.0
2026-01-14,160.0,162.4,159.8,162.4,5800,941920.0,0.0,10.0,0.0,16060.0,463281.8,1.65,0.0,0.02
2026-01-15,167.0,167.0,160.9,161.2,6200,999440.0,20.0,0.0,32180.0,0.0,463262.8,1.65,0.03,0.0
2026-01-16,161.9,162.0,161.3,162.0,5900,955800.0,0.0,0.0,0.0,0.0,0.0,1.65,0.0,0.0
2026-01-19,162.0,162.0,160.2,160.6,12600,2023560.0,0.0,0.0,0.0,0.0,463272.3,1.65,0.0,0.0
2026-01-20,160.6,161.9,160.6,161.9,1800,291420.0,0.0,0.0,0.0,0.0,463272.8,1.65,0.0,0.0
2026-01-21,161.6,161.6,160.5,161.4,2600,419640.0,0.0,0.0,0.0,0.0,463262.8,1.65,0.0,0.0
2026-01-22,161.2,161.8,160.0,161.7,3900,630630.0,0.0,0.0,0.0,0.0,463272.3,1.65,0.0,0.0
2026-01-23,161.7,161.7,160.6,161.4,2600,419640.0,10.0,0.0,16060.0,0.0,463232.6,1.65,0.02,0.0
2026-01-26,161.4,161.4,160.0,160.7,6000,964200.0,40.0,0.0,64060.0,0.0,463222.8,1.65,0.06,0.0
2026-01-27,160.5,161.6,160.5,161.5,2700,436050.0,0.0,0.0,0.0,0.0,463222.8,1.65,0.0,0.0
2026-01-28,161.5,161.5,159.5,161.4,500,80700.0,0.0,0.0,0.0,0.0,463222.8,1.65,0.0,0.0
2026-01-29,161.0,161.4,161.0,161.4,700,112980.0,0.0,0.0,0.0,0.0,463221.8,1.65,0.0,0.0
2026-01-30,160.2,161.9,160.0,161.6,4400,711040.0,0.0,0.0,0.0,0.0,463212.3,1.65,0.0,0.0
2026-02-02,161.4,161.4,160.1,161.0,2500,402500.0,0.0,0.0,0.0,0.0,463222.8,1.65,0.0,0.0
2026-02-03,161.0,161.5,160.9,161.5,1200,193800.0,0.0,0.0,0.0,0.0,463222.8,1.65,0.0,0.0
2026-02-04,161.3,161.6,160.8,161.5,3800,613700.0,10.0,40.0,16150.0,64640.0,463212.8,1.65,0.02,0.06
2026-02-05,161.5,161.6,161.0,161.5,2600,419900.0,0.0,0.0,0.0,0.0,463221.1,1.65,0.0,0.0
2026-02-06,161.5,162.0,160.4,161.1,10800,1739880.0,10.0,60.0,16150.0,96660.0,463212.8,1.65,0.02,0.1
2026-02-09,161.5,161.5,160.0,161.0,13200,2125200.0,0.0,0.0,0.0,0.0,463252.8,1.65,0.0,0.0
2026-02-10,160.1,160.1,160.0,160.1,6000,960600.0,0.0,0.0,0.0,0.0,463252.8,1.65,0.0,0.0
2026-02-11,160.3,165.0,160.2,163.2,1900,310080.0,0.0,0.0,0.0,0.0,463302.8,1.65,0.0,0.0
2026-02-12,163.1,163.1,161.2,162.8,600,97680.0,0.0,0.0,0.0,0.0,463302.8,1.65,0.0,0.0
2026-02-13,161.3,162.8,161.2,161.9,1400,226660.0,0.0,0.0,0.0,0.0,463302.3,1.65,0.0,0.0
2026-02-23,163.5,163.5,161.3,162.0,2100,340200.0,0.0,0.0,0.0,0.0,463302.8,1.65,0.0,0.0
2026-02-24,162.5,162.5,161.1,162.0,7500,1215000.0,0.0,0.0,0.0,0.0,463262.3,1.65,0.0,0.0
2026-02-25,160.3,162.5,160.1,161.5,2300,371450.0,0.0,50.0,0.0,80100.0,463302.3,1.65,0.0,0.08
2026-02-26,162.5,162.6,161.6,161.6,3200,517120.0,20.0,0.0,32380.0,0.0,463282.0,1.65,0.03,0.0
2026-02-27,161.6,162.0,161.6,161.9,2700,437130.0,0.0,0.0,0.0,0.0,463282.3,1.65,0.0,0.0
2026-03-02,161.7,163.0,161.0,162.0,4400,712800.0,0.0,0.0,0.0,0.0,463332.3,1.65,0.0,0.0
2026-03-03,162.0,162.6,161.0,162.2,7200,1167840.0,0.0,0.0,0.0,0.0,463332.3,1.65,0.0,0.0
2026-03-04,162.0,162.0,158.1,159.3,13700,2182410.0,20.0,50.0,31860.0,80050.0,463312.3,1.65,0.03,0.08
2026-03-05,158.0,162.0,158.0,160.1,2500,400250.0,0.0,0.0,0.0,0.0,463332.3,1.65,0.0,0.0
2026-03-06,160.1,161.0,160.1,160.4,2300,368920.0,0.0,0.0,0.0,0.0,463332.0,1.65,0.0,0.0
2026-03-09,160.1,160.1,150.9,154.9,12900,1998210.0,0.0,20.0,0.0,31410.0,463362.3,1.65,0.0,0.03
2026-03-10,155.2,157.5,155.1,157.1,4600,722660.0,0.0,40.0,0.0,62600.0,463361.5,1.65,0.0,0.06
2026-03-11,157.8,158.0,157.2,158.0,3600,568800.0,0.0,0.0,0.0,0.0,463232.3,1.65,0.0,0.0
2026-03-12,158.0,159.9,157.2,159.8,1800,287640.0,10.0,0.0,15980.0,0.0,463372.0,1.65,0.02,0.0
2026-03-13,158.5,159.7,158.5,159.7,3100,495070.0,80.0,0.0,127710.0,0.0,463331.8,1.65,0.13,0.0
2026-03-16,159.7,159.7,159.6,159.7,800,127760.0,10.0,0.0,15970.0,0.0,463322.3,1.65,0.02,0.0
2026-03-17,160.0,162.0,160.0,160.5,1400,224700.0,10.0,0.0,16000.0,0.0,463312.3,1.65,0.02,0.0
2026-03-18,161.0,161.1,160.1,160.1,800,128080.0,0.0,0.0,0.0,0.0,463312.3,1.65,0.0,0.0
2026-03-19,158.6,162.5,158.5,162.0,7400,1198800.0,0.0,0.0,0.0,0.0,463311.8,1.65,0.0,0.0
2026-03-20,160.8,162.0,160.2,160.2,2300,368460.0,20.0,0.0,32080.0,0.0,463292.3,1.65,0.03,0.0
2026-03-23,161.3,161.7,159.0,159.0,8000,1272000.0,60.0,0.0,95660.0,0.0,463232.3,1.65,0.1,0.0
2026-03-24,160.0,160.8,159.2,160.8,2300,369840.0,0.0,50.0,0.0,80400.0,463232.3,1.65,0.0,0.08
2026-03-25,161.0,161.1,160.8,161.0,12700,2044700.0,0.0,0.0,0.0,0.0,463232.3,1.65,0.0,0.0
2026-03-26,161.0,161.0,160.8,160.8,1900,305520.0,0.0,0.0,0.0,0.0,463232.3,1.65,0.0,0.0
2026-03-27,160.8,160.8,159.8,160.8,4800,771840.0,0.0,260.0,0.0,418080.0,463282.3,1.65,0.0,0.42
2026-03-30,160.9,161.0,160.9,161.0,1900,305900.0,0.0,0.0,0.0,0.0,463282.3,1.65,0.0,0.0
2026-03-31,161.0,161.3,161.0,161.2,1200,193440.0,0.0,0.0,0.0,0.0,463282.0,1.65,0.0,0.0
2026-04-01,161.2,163.0,161.2,162.0,3400,550800.0,0.0,0.0,0.0,0.0,0.0,1.65,0.0,0.0
2026-04-02,162.0,162.0,161.2,162.0,1700,275400.0,0.0,700.0,0.0,0.11,0.0,1.65,0.0,0.11
2026-04-03,161.3,161.5,161.0,161.0,1800,289800.0,0.0,0.0,0.0,0.0,0.0,1.65,0.0,0.0
2026-04-06,161.0,161.5,159.0,161.4,2500,403500.0,0.0,0.0,0.0,0.0,0.0,1.65,0.0,0.0
2026-04-07,161.0,161.3,161.0,161.0,1600,257600.0,0.0,100.0,0.0,0.02,0.0,1.65,0.0,0.02
2026-04-08,163.7,163.7,159.0,160.5,4200,674100.0,300.0,0.0,0.05,0.0,0.0,1.65,0.05,0.0
2026-04-09,160.5,161.3,160.5,160.9,3300,530970.0,0.0,0.0,0.0,0.0,0.0,1.65,0.0,0.0
2026-04-10,159.5,161.4,159.5,161.4,4000,645600.0,0.0,200.0,0.0,0.03,0.0,1.65,0.0,0.03
2026-04-13,161.4,161.6,160.8,161.6,2600,420160.0,0.0,0.0,0.0,0.0,463592.0,1.65,0.0,0.0
2026-04-14,161.5,161.7,161.0,161.0,2800,450800.0,0.0,0.0,0.0,0.0,463592.0,1.65,0.0,0.0
2026-04-15,161.0,161.0,160.7,160.7,1100,176770.0,0.0,0.0,0.0,0.0,463612.0,1.65,0.0,0.0
2026-04-16,160.8,160.8,160.0,160.2,1200,192240.0,0.0,0.0,0.0,0.0,463612.0,1.65,0.0,0.0
2026-04-17,160.2,161.0,160.2,160.3,900,144270.0,0.0,0.0,0.0,0.0,463616.5,1.65,0.0,0.0
2026-04-20,160.2,160.4,160.0,160.4,1100,176440.0,0.0,0.0,0.0,0.0,463617.0,,,
2026-04-21,159.0,159.0,154.9,157.0,27200,4270400.0,0,170,0.0,267090.0,463614.00,,,
