time,open,high,low,close,volume,value,foreign_buy_vol,foreign_sell_vol,foreign_buy_val,foreign_sell_val,foreign_room,foreign_ownership_pct,foreign_buy_value_bn,foreign_sell_value_bn
2010-05-21,55.67,55.67,47.67,51.49,251960,12973420.4,,,,,,,,
2010-05-24,49.06,52.19,49.06,52.19,113860,5942353.399999999,,,,,,,,
2010-05-25,52.19,52.89,51.49,52.19,163740,8545590.6,,,,,,,,
2010-05-26,53.93,53.93,51.49,52.19,30820,1608495.7999999998,,,,,,,,
2010-05-27,52.89,54.63,51.84,54.63,112420,6141504.600000001,,,,,,,,
2010-05-28,57.06,57.06,54.63,54.97,70950,3900121.5,,,,,,,,
2010-05-31,54.97,54.97,52.89,53.23,42210,2246838.3,,,,,,,,
2010-06-01,52.19,52.54,52.19,52.19,44500,2322455.0,,,,,,,,
2010-06-02,51.49,52.89,51.49,52.19,64410,3361557.9,,,,,,,,
2010-06-03,53.93,54.28,53.23,54.28,102000,5536560.0,,,,,,,,
2010-06-04,53.58,56.71,53.58,56.71,109390,6203506.9,,,,,,,,
2010-06-07,56.71,58.1,54.97,57.76,119120,6880371.2,,,,,,,,
2010-06-08,56.36,57.41,56.02,56.36,44090,2484912.4,,,,,,,,
2010-06-09,56.71,56.71,55.67,56.71,69620,3948150.2,,,,,,,,
2010-06-10,55.67,57.06,55.67,57.06,27310,1558308.6,,,,,,,,
2010-06-11,57.06,58.1,57.06,57.06,89980,5134258.8,,,,,,,,
2010-06-14,56.36,57.76,56.36,56.36,60030,3383290.8,,,,,,,,
2010-06-15,55.67,57.41,55.67,56.36,53070,2991025.2,,,,,,,,
2010-06-16,54.97,56.36,54.28,54.97,54960,3021151.2,,,,,,,,
2010-06-17,54.28,54.63,53.58,54.28,27210,1476958.8,,,,,,,,
2010-06-18,53.58,54.28,53.58,53.93,31420,1694480.6,,,,,,,,
2010-06-21,52.89,53.58,52.89,53.23,19020,1012434.6,,,,,,,,
2010-06-22,53.58,53.93,53.23,53.58,29660,1589182.8,,,,,,,,
2010-06-23,52.89,54.97,52.89,54.28,71530,3882648.4,,,,,,,,
2010-06-24,53.93,56.71,53.93,55.67,62810,3496632.7,,,,,,,,
2010-06-25,56.02,57.41,56.02,56.36,159480,8988292.8,,,,,,,,
2010-06-28,54.63,57.06,54.63,55.67,153110,8523633.700000001,,,,,,,,
2010-06-29,54.97,54.97,54.97,54.97,45280,2489041.6,,,,,,,,
2010-06-30,54.97,54.97,54.28,54.28,38930,2113120.4,,,,,,,,
2010-07-01,53.58,54.63,53.58,53.93,34630,1867595.9,,,,,,,,
2010-07-02,54.28,54.63,53.93,53.93,40910,2206276.3,,,,,,,,
2010-07-05,53.23,53.93,53.23,53.58,33050,1770819.0,,,,,,,,
2010-07-06,52.89,54.97,51.49,52.89,94810,5014500.9,,,,,,,,
2010-07-07,51.84,52.89,51.49,51.49,36410,1874750.9,,,,,,,,
2010-07-08,53.23,53.23,51.15,52.19,23130,1207154.7,,,,,,,,
2010-07-09,52.89,52.89,52.19,52.19,17680,922719.2,,,,,,,,
2010-07-12,51.84,52.89,51.49,51.49,154240,7941817.600000001,,,,,,,,
2010-07-13,52.54,52.54,51.49,52.54,27520,1445900.8,,,,,,,,
2010-07-14,52.89,52.89,51.49,51.49,124280,6399177.2,,,,,,,,
2010-07-15,51.49,52.19,50.8,51.49,147440,7591685.600000001,,,,,,,,
2010-07-16,51.49,51.84,50.8,51.49,157500,8109675.0,,,,,,,,
2010-07-19,51.49,51.49,50.45,51.49,68110,3506983.9,,,,,,,,
2010-07-20,51.15,51.49,50.1,51.49,37230,1916972.7,,,,,,,,
2010-07-21,51.49,51.49,50.1,50.1,57140,2862714.0,,,,,,,,
2010-07-22,50.8,50.8,50.1,50.45,82990,4186845.500000001,,,,,,,,
2010-07-23,50.8,50.8,50.1,50.1,78910,3953391.0,,,,,,,,
2010-07-26,48.71,50.45,48.71,48.71,51710,2518794.1,,,,,,,,
2010-07-27,50.1,50.45,48.71,50.1,25040,1254504.0,,,,,,,,
2010-07-28,50.1,50.1,48.71,50.1,21550,1079655.0,,,,,,,,
2010-07-29,48.71,50.45,48.71,48.71,6040,294208.4,,,,,,,,
2010-07-30,48.01,48.71,48.01,48.71,3660,178278.6,,,,,,,,
2010-08-02,48.01,48.71,48.01,48.01,6340,304383.4,,,,,,,,
2010-08-03,47.67,48.01,47.67,47.67,8580,409008.6,,,,,,,,
2010-08-04,48.01,48.01,46.62,48.01,2400,115224.0,,,,,,,,
2010-08-05,48.71,48.71,48.01,48.71,9000,438390.0,,,,,,,,
2010-08-06,48.71,48.71,47.32,48.71,10430,508045.3,,,,,,,,
2010-08-09,48.36,48.36,46.62,48.36,27050,1308138.0,,,,,,,,
2010-08-10,46.97,46.97,46.27,46.97,36320,1705950.4,,,,,,,,
2010-08-11,47.67,47.67,47.32,47.67,6010,286496.7,,,,,,,,
2010-08-12,46.97,47.32,45.58,46.97,34730,1631268.1,,,,,,,,
2010-08-13,47.32,47.32,46.97,47.32,13630,644971.6,,,,,,,,
2010-08-16,47.67,48.71,47.32,47.67,30470,1452504.9,,,,,,,,
2010-08-17,46.62,48.36,46.62,47.32,206270,9760696.4,,,,,,,,
2010-08-18,46.97,46.97,46.97,46.97,29770,1398296.9,,,,,,,,
2010-08-19,46.62,47.32,46.62,46.62,13640,635896.7999999999,,,,,,,,
2010-08-20,46.62,46.97,45.23,46.62,35000,1631700.0,,,,,,,,
2010-08-23,46.62,47.32,45.23,46.62,93480,4358037.6,,,,,,,,
2010-08-24,44.88,45.23,44.54,44.54,56030,2495576.2,,,,,,,,
2010-08-25,45.23,45.23,42.45,44.88,135720,6091113.600000001,,,,,,,,
2010-08-26,42.8,45.23,42.8,45.23,120360,5443882.8,,,,,,,,
2010-08-27,47.32,47.32,45.23,47.32,32170,1522284.4,,,,,,,,
2010-08-30,46.97,47.32,46.62,46.97,6600,310002.0,,,,,,,,
2010-08-31,45.93,46.97,45.93,46.97,3740,175667.8,,,,,,,,
2010-09-01,46.97,46.97,45.93,46.97,25900,1216523.0,,,,,,,,
2010-09-06,46.97,47.32,46.62,46.97,71330,3350370.1,,,,,,,,
2010-09-07,46.62,46.97,45.93,46.62,18270,851747.3999999999,,,,,,,,
2010-09-08,47.67,48.01,46.62,47.67,50750,2419252.5,,,,,,,,
2010-09-09,47.67,47.67,46.62,47.67,3750,178762.5,,,,,,,,
2010-09-10,47.67,47.67,47.32,47.32,17100,809172.0,,,,,,,,
2010-09-13,47.32,48.71,45.93,47.32,10730,507743.6,,,,,,,,
2010-09-14,47.32,47.32,47.32,47.32,3580,169405.6,,,,,,,,
2010-09-15,46.97,46.97,45.93,46.97,11120,522306.4,,,,,,,,
2010-09-16,47.32,47.32,45.93,47.32,19570,926052.4,,,,,,,,
2010-09-17,46.97,46.97,46.97,46.97,11670,548139.9,,,,,,,,
2010-09-20,46.97,46.97,46.97,46.97,1400,65758.0,,,,,,,,
2010-09-21,46.97,46.97,46.97,46.97,3100,145607.0,,,,,,,,
2010-09-22,46.97,46.97,46.97,46.97,1100,51667.0,,,,,,,,
2010-09-23,46.97,47.67,46.62,46.97,33350,1566449.5,,,,,,,,
2010-09-24,46.97,46.97,46.97,46.97,0,0.0,,,,,,,,
2010-09-27,46.97,46.97,46.62,46.97,5000,234850.0,,,,,,,,
2010-09-28,46.97,46.97,46.97,46.97,8200,385154.0,,,,,,,,
2010-09-29,45.93,47.67,45.93,47.67,52800,2516976.0,,,,,,,,
2010-09-30,47.32,48.36,47.32,47.32,18800,889616.0,,,,,,,,
2010-10-01,48.01,48.36,48.01,48.01,17350,832973.5,,,,,,,,
2010-10-04,47.67,47.67,47.67,47.67,600,28602.0,,,,,,,,
2010-10-05,47.32,47.32,47.32,47.32,1000,47320.0,,,,,,,,
2010-10-06,47.32,47.32,47.32,47.32,5600,264992.0,,,,,,,,
2010-10-07,48.36,49.06,47.67,48.36,25080,1212868.8,,,,,,,,
2010-10-08,48.71,49.06,48.71,48.71,65000,3166150.0,,,,,,,,
2010-10-11,48.71,48.71,48.01,48.71,9000,438390.0,,,,,,,,
2010-10-12,48.71,48.71,48.01,48.71,13310,648330.1,,,,,,,,
2010-10-13,48.01,48.36,48.01,48.36,2400,116064.0,,,,,,,,
2010-10-14,48.71,48.71,47.32,48.71,6800,331228.0,,,,,,,,
2010-10-15,48.71,48.71,48.01,48.71,13500,657585.0,,,,,,,,
2010-10-18,49.06,49.75,48.71,49.06,19600,961576.0,,,,,,,,
2010-10-19,48.71,48.71,48.36,48.71,35000,1704850.0,,,,,,,,
2010-10-20,48.71,48.71,48.01,48.71,20980,1021935.8,,,,,,,,
2010-10-21,47.36,48.78,47.36,47.36,10530,498700.8,,,,,,,,
2010-10-22,47.36,48.43,47.36,47.36,2900,137344.0,,,,,,,,
2010-10-25,47.72,47.72,47.0,47.72,12220,583138.4,,,,,,,,
2010-10-26,47.36,47.72,47.36,47.36,13750,651200.0,,,,,,,,
2010-10-27,47.36,47.72,47.36,47.36,7030,332940.8,,,,,,,,
2010-10-28,48.07,48.07,47.36,48.07,7100,341297.0,,,,,,,,
2010-10-29,48.43,48.43,48.43,48.43,100,4843.0,,,,,,,,
2010-11-01,47.72,47.72,47.36,47.72,2000,95440.0,,,,,,,,
2010-11-02,47.0,47.72,46.65,47.0,20230,950810.0,,,,,,,,
2010-11-03,46.65,46.65,46.65,46.65,7500,349875.0,,,,,,,,
2010-11-04,46.29,47.0,46.29,46.29,22500,1041525.0,,,,,,,,
2010-11-05,47.0,47.0,45.58,47.0,5800,272600.0,,,,,,,,
2010-11-08,47.72,47.72,47.0,47.72,9300,443796.0,,,,,,,,
2010-11-09,49.14,49.14,47.36,49.14,25350,1245699.0,,,,,,,,
2010-11-10,47.0,48.43,47.0,47.0,15000,705000.0,,,,,,,,
2010-11-11,47.0,47.0,46.65,46.65,25000,1166250.0,,,,,,,,
2010-11-12,48.07,48.07,48.07,48.07,100,4807.0,,,,,,,,
2010-11-15,47.72,47.72,45.94,47.72,16470,785948.4,,,,,,,,
2010-11-16,47.72,47.72,45.58,47.72,3510,167497.19999999998,,,,,,,,
2010-11-17,47.72,47.72,47.72,47.72,10,477.2,,,,,,,,
2010-11-18,47.72,47.72,46.29,47.72,12520,597454.4,,,,,,,,
2010-11-19,47.36,47.36,46.29,47.36,310,14681.6,,,,,,,,
2010-11-22,47.36,48.07,45.22,47.36,1420,67251.2,,,,,,,,
2010-11-23,46.65,46.65,45.22,46.65,9380,437577.0,,,,,,,,
2010-11-24,47.72,47.72,44.51,47.72,4100,195652.0,,,,,,,,
2010-11-25,47.36,47.72,45.58,47.36,3250,153920.0,,,,,,,,
2010-11-26,45.22,45.22,45.22,45.22,930,42054.6,,,,,,,,
2010-11-29,46.29,47.0,45.94,46.29,1200,55548.0,,,,,,,,
2010-11-30,46.29,46.29,44.15,46.29,4350,201361.5,,,,,,,,
2010-12-01,45.94,45.94,44.51,45.94,1820,83610.8,,,,,,,,
2010-12-02,45.58,45.94,43.8,45.58,7710,351421.8,,,,,,,,
2010-12-03,45.58,47.72,44.87,45.58,7970,363272.6,,,,,,,,
2010-12-06,45.58,45.58,44.87,45.58,2120,96629.6,,,,,,,,
2010-12-07,45.58,45.58,44.87,45.58,4810,219239.8,,,,,,,,
2010-12-08,45.58,45.58,44.87,45.58,2560,116684.8,,,,,,,,
2010-12-09,45.58,45.58,45.22,45.58,3010,137195.8,,,,,,,,
2010-12-10,45.58,45.58,45.22,45.58,7070,322250.6,,,,,,,,
2010-12-13,43.44,45.58,43.44,43.44,1100,47784.0,,,,,,,,
2010-12-14,41.31,45.58,41.31,45.58,9230,420703.4,,,,,,,,
2010-12-15,47.36,47.36,43.44,43.44,710,30842.4,,,,,,,,
2010-12-16,45.22,45.22,45.22,45.22,1010,45672.2,,,,,,,,
2010-12-17,44.87,45.22,44.15,44.87,8800,394856.0,,,,,,,,
2010-12-20,44.51,44.87,42.73,44.51,3040,135310.4,,,,,,,,
2010-12-21,42.73,44.51,42.73,42.73,22950,980653.5,,,,,,,,
2010-12-22,42.37,42.73,42.02,42.37,3550,150413.5,,,,,,,,
2010-12-23,43.09,43.44,42.37,43.09,35060,1510735.4,,,,,,,,
2010-12-24,43.44,44.15,43.09,43.44,30750,1335780.0,,,,,,,,
2010-12-27,43.44,45.58,43.09,44.87,12510,561323.7,,,,,,,,
2010-12-28,44.87,43.09,43.09,43.09,13200,568788.0,,,,,,,,
2010-12-29,43.09,45.22,45.22,45.22,3700,167314.0,,,,,,,,
2010-12-30,45.22,43.09,43.09,43.09,2400,103416.0,,,,,,,,
2010-12-31,43.09,44.87,40.95,40.95,15990,654790.5,,,,,,,,
2011-01-04,40.95,40.95,40.95,40.95,20100,823095.0,,,,,,,,
2011-01-05,40.95,40.95,39.17,40.95,51490,2108515.5,,,,,,,,
2011-01-06,40.95,42.73,40.95,42.73,20760,887074.7999999999,,,,,,,,
2011-01-07,42.73,42.73,41.66,42.73,9020,385424.6,,,,,,,,
2011-01-10,42.37,42.73,42.37,42.73,9700,414481.0,,,,,,,,
2011-01-11,42.02,42.37,42.02,42.37,2000,84740.0,,,,,,,,
2011-01-12,42.73,42.73,42.02,42.37,8270,350399.9,,,,,,,,
2011-01-13,42.37,42.73,42.37,42.37,6200,262694.0,,,,,,,,
2011-01-14,42.02,42.02,42.02,42.02,2000,84040.0,,,,,,,,
2011-01-17,42.02,42.02,42.02,42.02,0,0.0,,,,,,,,
2011-01-18,41.31,41.31,41.31,41.31,5000,206550.0,,,,,,,,
2011-01-19,40.24,41.31,40.24,41.31,2100,86751.0,,,,,,,,
2011-01-20,41.31,41.31,41.31,41.31,6200,256122.0,,,,,,,,
2011-01-21,40.95,40.95,40.59,40.59,3000,121770.0,,,,,,,,
2011-01-24,40.59,41.31,40.59,40.59,3500,142065.0,,,,,,,,
2011-01-25,40.24,40.24,40.24,40.24,1200,48288.0,,,,,,,,
2011-01-26,41.31,41.31,41.31,41.31,100,4131.0,,,,,,,,
2011-01-27,41.31,41.31,41.31,41.31,0,0.0,,,,,,,,
2011-01-28,41.31,41.31,40.24,40.24,210,8450.4,,,,,,,,
2011-02-08,40.24,40.24,40.24,40.24,0,0.0,,,,,,,,
2011-02-09,40.24,40.24,39.17,39.17,11300,442621.0,,,,,,,,
2011-02-10,38.81,39.88,38.46,39.88,6570,262011.6,,,,,,,,
2011-02-11,39.53,39.53,39.53,39.53,5000,197650.0,,,,,,,,
2011-02-14,39.53,39.53,39.17,39.17,3800,148846.0,,,,,,,,
2011-02-15,39.53,39.53,39.53,39.53,200,7906.0,,,,,,,,
2011-02-16,39.53,39.53,39.53,39.53,500,19765.0,,,,,,,,
2011-02-17,39.17,39.53,39.17,39.53,300,11859.0,,,,,,,,
2011-02-18,39.17,39.17,39.17,39.17,1000,39170.0,,,,,,,,
2011-02-21,39.17,39.17,39.17,39.17,200,7834.0,,,,,,,,
2011-02-22,39.17,39.17,39.17,39.17,0,0.0,,,,,,,,
2011-02-23,39.17,39.17,39.17,39.17,300,11751.0,,,,,,,,
2011-02-24,39.17,39.17,39.17,39.17,0,0.0,,,,,,,,
2011-02-25,38.81,39.17,38.81,38.81,1130,43855.3,,,,,,,,
2011-02-28,39.17,39.17,38.81,38.81,91500,3551115.0,,,,,,,,
2011-03-01,38.81,38.81,38.81,38.81,14100,547221.0,,,,,,,,
2011-03-02,38.81,38.81,38.81,38.81,0,0.0,,,,,,,,
2011-03-03,38.46,38.46,38.46,38.46,1150,44229.0,,,,,,,,
2011-03-04,38.46,38.46,38.46,38.46,50,1923.0,,,,,,,,
2011-03-07,38.46,38.46,38.1,38.1,500,19050.0,,,,,,,,
2011-03-08,37.75,38.1,37.39,38.1,1850,70485.0,,,,,,,,
2011-03-09,37.75,37.75,37.39,37.75,5200,196300.0,,,,,,,,
2011-03-10,38.46,38.46,38.1,38.46,710,27306.6,,,,,,,,
2011-03-11,38.1,38.46,38.1,38.46,3000,115380.0,,,,,,,,
2011-03-14,39.17,39.17,38.46,38.46,2460,94611.6,,,,,,,,
2011-03-15,38.46,38.46,38.46,38.46,0,0.0,,,,,,,,
2011-03-16,38.46,38.46,38.46,38.46,0,0.0,,,,,,,,
2011-03-17,38.46,38.46,38.46,38.46,0,0.0,,,,,,,,
2011-03-18,37.75,37.75,37.75,37.75,30,1132.5,,,,,,,,
2011-03-21,38.46,38.46,38.46,38.46,500,19230.0,,,,,,,,
2011-03-22,37.03,38.1,37.03,38.1,2900,110490.0,,,,,,,,
2011-03-23,37.75,37.75,36.68,37.39,14180,530190.2,,,,,,,,
2011-03-24,36.68,37.03,35.54,35.54,118850,4223929.0,,,,,,,,
2011-03-25,33.83,37.03,33.83,37.03,460,17033.8,,,,,,,,
2011-03-28,37.75,38.81,37.75,38.81,15480,600778.8,,,,,,,,
2011-03-29,37.75,37.75,37.75,37.75,500,18875.0,,,,,,,,
2011-03-30,37.75,38.46,37.75,38.46,1500,57690.0,,,,,,,,
2011-03-31,36.68,37.75,36.68,37.75,1010,38127.5,,,,,,,,
2011-04-01,37.75,38.46,35.96,35.96,56510,2032099.6,,,,,,,,
2011-04-04,35.96,35.96,35.96,35.96,2000,71920.0,,,,,,,,
2011-04-05,37.75,37.75,37.75,37.75,100,3775.0,,,,,,,,
2011-04-06,37.75,37.75,35.96,35.96,1100,39556.0,,,,,,,,
2011-04-07,37.75,37.75,37.75,37.75,100,3775.0,,,,,,,,
2011-04-08,37.75,37.75,35.96,37.03,1150,42584.5,,,,,,,,
2011-04-13,37.03,37.03,37.03,37.03,0,0.0,,,,,,,,
2011-04-14,37.39,37.39,37.39,37.39,20,747.8,,,,,,,,
2011-04-15,37.39,37.39,35.54,37.39,40,1495.6,,,,,,,,
2011-04-18,37.39,37.39,36.32,37.39,750,28042.5,,,,,,,,
2011-04-19,37.39,37.39,37.39,37.39,200,7478.0,,,,,,,,
2011-04-20,37.39,37.39,37.39,37.39,0,0.0,,,,,,,,
2011-04-21,37.39,37.39,37.39,37.39,0,0.0,,,,,,,,
2011-04-22,37.39,37.39,37.39,37.39,0,0.0,,,,,,,,
2011-04-25,37.39,37.39,37.39,37.39,0,0.0,,,,,,,,
2011-04-26,37.39,37.39,37.39,37.39,0,0.0,,,,,,,,
2011-04-27,37.39,37.39,37.39,37.39,0,0.0,,,,,,,,
2011-04-28,37.39,37.39,37.39,37.39,0,0.0,,,,,,,,
2011-04-29,37.39,37.39,37.39,37.39,0,0.0,,,,,,,,
2011-05-04,37.39,37.39,37.39,37.39,0,0.0,,,,,,,,
2011-05-05,35.54,35.54,35.54,35.54,10,355.4,,,,,,,,
2011-05-06,35.54,35.54,35.54,35.54,0,0.0,,,,,,,,
2011-05-09,35.54,35.54,35.54,35.54,0,0.0,,,,,,,,
2011-05-10,35.54,35.54,35.54,35.54,0,0.0,,,,,,,,
2011-05-11,34.9,34.9,34.9,34.9,5000,174500.0,,,,,,,,
2011-05-12,34.9,34.9,34.9,34.9,0,0.0,,,,,,,,
2011-05-13,34.9,34.9,34.9,34.9,0,0.0,,,,,,,,
2011-05-16,35.25,35.25,35.25,35.25,2600,91650.0,,,,,,,,
2011-05-17,33.83,35.25,33.83,35.25,3670,129367.5,,,,,,,,
2011-05-18,33.83,34.83,33.54,34.83,45400,1581282.0,,,,,,,,
2011-05-19,34.83,34.83,34.83,34.83,0,0.0,,,,,,,,
2011-05-20,33.12,34.18,33.12,33.12,20310,672667.2,,,,,,,,
2011-05-23,33.12,33.12,31.48,33.12,1550,51335.99999999999,,,,,,,,
2011-05-24,31.48,32.76,31.48,32.76,11050,361998.0,,,,,,,,
2011-05-25,32.76,32.76,32.76,32.76,500,16379.999999999998,,,,,,,,
2011-05-26,31.12,34.4,31.12,31.12,9900,308088.0,,,,,,,,
2011-05-27,29.63,31.12,29.63,31.12,41980,1306417.6,,,,,,,,
2011-05-30,29.63,31.12,29.63,31.12,22070,686818.4,,,,,,,,
2011-05-31,30.98,31.12,30.91,31.12,11100,345432.0,,,,,,,,
2011-06-01,31.12,31.19,31.12,31.12,440,13692.8,,,,,,,,
2011-06-02,29.77,31.69,29.77,31.12,1540,47924.8,,,,,,,,
2011-06-03,30.98,31.12,29.91,31.12,27960,870115.2000000001,,,,,,,,
2011-06-06,31.05,31.26,30.98,30.98,1810,56073.8,,,,,,,,
2011-06-07,31.26,31.34,31.05,31.05,7440,231012.0,,,,,,,,
2011-06-08,31.34,31.34,31.05,31.05,230,7141.5,,,,,,,,
2011-06-09,31.26,31.34,31.05,31.05,660,20493.0,,,,,,,,
2011-06-10,31.05,31.05,31.05,31.05,500,15525.0,,,,,,,,
2011-06-13,31.05,31.05,31.05,31.05,12900,400545.0,,,,,,,,
2011-06-14,31.05,31.05,31.05,31.05,1000,31050.0,,,,,,,,
2011-06-15,31.05,31.05,31.05,31.05,200,6210.0,,,,,,,,
2011-06-16,30.98,31.05,30.98,31.05,1000,31050.0,,,,,,,,
2011-06-17,30.98,31.05,30.98,31.05,4000,124200.0,,,,,,,,
2011-06-20,30.91,31.05,30.91,31.05,6500,201825.0,,,,,,,,
2011-06-21,31.05,31.05,31.05,31.05,0,0.0,,,,,,,,
2011-06-22,31.05,31.05,31.05,31.05,13000,403650.0,,,,,,,,
2011-06-23,29.56,29.56,29.56,29.56,6050,178838.0,,,,,,,,
2011-06-24,29.2,29.56,29.2,29.56,8210,242687.6,,,,,,,,
2011-06-27,30.91,30.91,29.56,30.84,19950,615258.0,,,,,,,,
2011-06-28,30.77,30.91,29.91,30.77,10500,323085.0,,,,,,,,
2011-06-29,29.27,30.77,29.27,30.62,21010,643326.2000000001,,,,,,,,
2011-06-30,30.62,30.62,29.13,29.13,18900,550557.0,,,,,,,,
2011-07-01,27.77,30.55,27.7,30.48,10470,319125.6,,,,,,,,
2011-07-04,30.2,30.2,29.84,29.91,4700,140577.0,,,,,,,,
2011-07-05,29.91,29.91,29.91,29.91,0,0.0,,,,,,,,
2011-07-06,29.91,29.91,29.84,29.84,1750,52220.0,,,,,,,,
2011-07-07,29.7,29.7,29.7,29.7,2000,59400.0,,,,,,,,
2011-07-08,29.7,30.62,29.7,30.48,3100,94488.0,,,,,,,,
2011-07-11,31.34,31.34,28.99,28.99,210,6087.9,,,,,,,,
2011-07-12,27.56,30.2,27.56,30.2,34700,1047940.0,,,,,,,,
2011-07-13,30.62,30.62,29.91,30.55,14000,427700.0,,,,,,,,
2011-07-14,29.91,30.55,29.91,30.55,3100,94705.0,,,,,,,,
2011-07-15,29.06,30.48,29.06,30.48,12880,392582.4,,,,,,,,
2011-07-18,30.48,30.62,30.48,30.62,6000,183720.0,,,,,,,,
2011-07-19,30.62,30.62,30.62,30.62,300,9186.0,,,,,,,,
2011-07-20,30.55,30.62,30.55,30.62,1700,52054.0,,,,,,,,
2011-07-21,30.55,30.62,30.55,30.62,1680,51441.6,,,,,,,,
2011-07-22,30.62,30.62,30.62,30.62,0,0.0,,,,,,,,
2011-07-25,30.27,30.62,30.12,30.62,3800,116356.0,,,,,,,,
2011-07-26,30.62,30.62,30.62,30.62,200,6124.0,,,,,,,,
2011-07-27,29.91,30.62,29.91,30.62,3300,101046.0,,,,,,,,
2011-07-28,30.62,30.62,30.62,30.62,0,0.0,,,,,,,,
2011-07-29,30.62,31.76,30.62,31.76,1030,32712.800000000003,,,,,,,,
2011-08-01,31.76,31.76,31.76,31.76,0,0.0,,,,,,,,
2011-08-02,31.76,31.76,31.76,31.76,0,0.0,,,,,,,,
2011-08-03,31.76,31.76,31.76,31.76,0,0.0,,,,,,,,
2011-08-04,31.76,31.76,31.76,31.76,0,0.0,,,,,,,,
2011-08-05,31.76,31.76,31.76,31.76,0,0.0,,,,,,,,
2011-08-08,31.76,31.76,31.76,31.76,0,0.0,,,,,,,,
2011-08-09,31.76,31.76,31.76,31.76,0,0.0,,,,,,,,
2011-08-10,30.2,30.2,30.2,30.2,100,3020.0,,,,,,,,
2011-08-11,30.62,31.34,30.62,31.34,600,18804.0,,,,,,,,
2011-08-12,30.27,31.34,29.77,31.34,3100,97154.0,,,,,,,,
2011-08-15,29.91,32.76,29.91,32.76,2100,68796.0,,,,,,,,
2011-08-16,32.76,34.4,32.76,34.4,1100,37840.0,,,,,,,,
2011-08-17,35.61,35.61,35.61,35.61,100,3561.0,,,,,,,,
2011-08-18,35.61,35.61,35.61,35.61,0,0.0,,,,,,,,
2011-08-19,35.61,35.61,35.61,35.61,0,0.0,,,,,,,,
2011-08-22,35.61,35.61,35.61,35.61,0,0.0,,,,,,,,
2011-08-23,33.83,33.83,33.83,33.83,100,3383.0,,,,,,,,
2011-08-24,32.19,32.19,32.19,32.19,10,321.9,,,,,,,,
2011-08-25,30.62,32.19,30.62,32.19,610,19635.9,,,,,,,,
2011-08-26,30.62,30.62,30.62,30.62,510,15616.2,,,,,,,,
2011-08-29,30.62,30.62,30.62,30.62,0,0.0,,,,,,,,
2011-08-30,29.13,30.62,29.13,30.62,510,15616.2,,,,,,,,
2011-08-31,32.05,32.05,30.62,30.62,30,918.6,,,,,,,,
2011-09-01,29.13,30.62,29.13,30.62,1500,45930.0,,,,,,,,
2011-09-05,29.13,29.13,29.13,29.13,50,1456.5,,,,,,,,
2011-09-06,30.55,30.55,30.55,30.55,1000,30550.0,,,,,,,,
2011-09-07,30.55,30.55,30.55,30.55,0,0.0,,,,,,,,
2011-09-08,29.06,31.34,29.06,31.34,2570,80543.8,,,,,,,,
2011-09-09,31.34,31.34,31.34,31.34,0,0.0,,,,,,,,
2011-09-12,31.34,31.34,31.34,31.34,0,0.0,,,,,,,,
2011-09-13,31.34,31.34,31.34,31.34,0,0.0,,,,,,,,
2011-09-14,31.34,31.34,29.77,31.34,2570,80543.8,,,,,,,,
2011-09-15,31.34,32.83,31.34,32.83,1600,52528.0,,,,,,,,
2011-09-16,31.26,31.26,31.26,31.26,10,312.6,,,,,,,,
2011-09-19,29.84,31.69,29.77,31.69,1800,57042.0,,,,,,,,
2011-09-20,31.55,32.05,31.55,32.05,1150,36857.5,,,,,,,,
2011-09-21,30.55,30.62,30.55,30.62,50,1531.0,,,,,,,,
2011-09-22,30.62,31.98,30.62,31.98,3400,108732.0,,,,,,,,
2011-09-23,31.62,31.98,30.41,30.41,1400,42574.0,,,,,,,,
2011-09-26,30.62,31.76,28.99,28.99,1300,37687.0,,,,,,,,
2011-09-27,30.41,30.41,30.41,30.41,540,16421.4,,,,,,,,
2011-09-28,30.62,31.91,30.48,31.91,2530,80732.3,,,,,,,,
2011-09-29,31.98,31.98,31.98,31.98,1100,35178.0,,,,,,,,
2011-09-30,31.91,33.47,31.91,33.47,4230,141578.1,,,,,,,,
2011-10-03,31.83,31.83,31.83,31.83,10,318.29999999999995,,,,,,,,
2011-10-04,31.69,32.4,31.69,32.4,600,19440.0,,,,,,,,
2011-10-05,32.4,32.4,32.4,32.4,0,0.0,,,,,,,,
2011-10-06,32.76,32.76,32.76,32.76,200,6552.0,,,,,,,,
2011-10-07,32.76,32.76,32.76,32.76,0,0.0,,,,,,,,
2011-10-10,31.48,33.4,31.48,33.4,610,20374.0,,,,,,,,
2011-10-11,34.83,34.83,34.83,34.83,100,3483.0,,,,,,,,
2011-10-12,33.4,33.4,33.4,33.4,2200,73480.0,,,,,,,,
2011-10-13,32.05,34.18,32.05,34.18,1290,44092.2,,,,,,,,
2011-10-14,34.18,34.18,34.18,34.18,0,0.0,,,,,,,,
2011-10-17,32.48,32.48,32.48,32.48,770,25009.6,,,,,,,,
2011-10-18,32.48,32.48,32.48,32.48,0,0.0,,,,,,,,
2011-10-19,34.04,34.04,34.04,34.04,200,6808.0,,,,,,,,
2011-10-20,35.54,35.54,35.54,35.54,120,4264.8,,,,,,,,
2011-10-21,34.11,34.11,34.11,34.11,1180,40249.8,,,,,,,,
2011-10-24,32.83,35.54,32.76,35.54,1810,64327.4,,,,,,,,
2011-10-25,35.54,35.54,35.54,35.54,0,0.0,,,,,,,,
2011-10-26,35.54,35.54,35.54,35.54,0,0.0,,,,,,,,
2011-10-27,35.54,35.54,35.54,35.54,0,0.0,,,,,,,,
2011-10-28,35.54,35.54,35.54,35.54,0,0.0,,,,,,,,
2011-10-31,35.61,35.61,35.61,35.61,20,712.2,,,,,,,,
2011-11-01,37.03,37.03,37.03,37.03,10,370.3,,,,,,,,
2011-11-02,38.81,38.81,38.81,38.81,20,776.2,,,,,,,,
2011-11-03,37.03,37.03,37.03,37.03,100,3703.0,,,,,,,,
2011-11-04,38.46,38.46,38.46,38.46,200,7692.0,,,,,,,,
2011-11-07,38.1,39.17,38.1,39.17,820,32119.4,,,,,,,,
2011-11-08,39.17,39.17,39.17,39.17,210,8225.7,,,,,,,,
2011-11-09,39.17,39.17,39.17,39.17,0,0.0,,,,,,,,
2011-11-10,38.81,38.81,38.81,38.81,200,7762.0,,,,,,,,
2011-11-11,38.81,38.81,38.81,38.81,0,0.0,,,,,,,,
2011-11-14,37.03,39.53,37.03,39.53,410,16207.3,,,,,,,,
2011-11-15,37.75,39.17,37.75,39.17,300,11751.0,,,,,,,,
2011-11-16,37.39,39.17,37.39,39.17,2010,78731.7,,,,,,,,
2011-11-17,37.39,39.17,37.39,39.17,2010,78731.7,,,,,,,,
2011-11-18,39.17,39.17,39.17,39.17,1900,74423.0,,,,,,,,
2011-11-21,37.39,39.17,37.39,39.17,2010,78731.7,,,,,,,,
2011-11-22,37.39,39.17,37.39,39.17,2010,78731.7,,,,,,,,
2011-11-23,37.39,39.17,37.39,39.17,2420,94791.4,,,,,,,,
2011-11-24,37.39,38.81,37.39,38.81,2310,89651.1,,,,,,,,
2011-11-25,38.81,38.81,37.03,38.81,5910,229367.1,,,,,,,,
2011-11-28,38.46,38.81,38.46,38.81,2730,105951.3,,,,,,,,
2011-11-29,38.81,38.81,38.81,38.81,0,0.0,,,,,,,,
2011-11-30,37.03,37.75,37.03,37.75,20,755.0,,,,,,,,
2011-12-01,37.75,37.75,37.75,37.75,0,0.0,,,,,,,,
2011-12-02,37.75,37.75,37.75,37.75,0,0.0,,,,,,,,
2011-12-05,37.75,37.75,37.75,37.75,0,0.0,,,,,,,,
2011-12-06,39.17,39.53,39.17,39.53,50,1976.5,,,,,,,,
2011-12-07,39.53,39.53,39.53,39.53,0,0.0,,,,,,,,
2011-12-08,37.75,39.17,37.75,39.17,20,783.4000000000001,,,,,,,,
2011-12-09,37.39,39.17,37.39,39.17,410,16059.7,,,,,,,,
2011-12-12,39.17,39.17,39.17,39.17,0,0.0,,,,,,,,
2011-12-13,37.39,39.17,37.39,39.17,20,783.4000000000001,,,,,,,,
2011-12-14,37.39,37.39,37.39,37.39,10,373.9,,,,,,,,
2011-12-15,37.39,37.39,37.39,37.39,0,0.0,,,,,,,,
2011-12-16,37.39,37.39,37.39,37.39,0,0.0,,,,,,,,
2011-12-19,37.39,37.39,37.39,37.39,0,0.0,,,,,,,,
2011-12-20,37.39,37.39,37.39,37.39,0,0.0,,,,,,,,
2011-12-21,35.54,37.75,35.54,37.75,1070,40392.5,,,,,,,,
2011-12-22,35.96,35.96,35.96,35.96,20,719.2,,,,,,,,
2011-12-23,34.18,34.18,34.18,34.18,10,341.8,,,,,,,,
2011-12-26,35.61,35.61,35.61,35.61,10,356.1,,,,,,,,
2011-12-27,33.83,35.61,33.83,35.61,2630,93654.3,,,,,,,,
2011-12-28,35.25,35.61,35.25,35.61,30,1068.3,,,,,,,,
2011-12-29,35.25,37.39,33.83,33.83,1150,38904.5,,,,,,,,
2011-12-30,33.83,33.83,32.19,33.83,30,1014.9,,,,,,,,
2012-01-03,33.83,33.83,33.83,33.83,0,0.0,,,,,,,,
2012-01-04,35.47,35.47,35.47,35.47,490,17380.3,,,,,,,,
2012-01-05,36.68,36.68,36.68,36.68,110,4034.8,,,,,,,,
2012-01-06,34.9,37.39,34.9,37.39,280,10469.2,,,,,,,,
2012-01-09,35.54,35.54,35.54,35.54,100,3554.0,,,,,,,,
2012-01-10,33.83,36.32,33.83,35.54,60,2132.4,,,,,,,,
2012-01-11,35.54,35.54,35.54,35.54,0,0.0,,,,,,,,
2012-01-12,33.83,33.83,33.83,33.83,10,338.29999999999995,,,,,,,,
2012-01-13,32.19,32.19,32.19,32.19,20,643.8,,,,,,,,
2012-01-16,30.62,33.47,30.62,30.62,3040,93084.8,,,,,,,,
2012-01-17,29.13,32.05,29.13,32.05,1270,40703.5,,,,,,,,
2012-01-18,30.48,30.48,30.48,30.48,180,5486.4,,,,,,,,
2012-01-19,28.99,28.99,28.99,28.99,190,5508.099999999999,,,,,,,,
2012-01-20,27.56,30.41,27.56,30.41,6710,204051.1,,,,,,,,
2012-01-30,28.91,31.91,28.91,31.91,3020,96368.2,,,,,,,,
2012-01-31,30.34,33.33,30.34,30.34,5660,171724.4,,,,,,,,
2012-02-01,28.84,28.84,28.84,28.84,280,8075.2,,,,,,,,
2012-02-02,27.42,28.49,27.42,27.42,9460,259393.2,,,,,,,,
2012-02-03,26.35,28.7,26.07,28.7,11180,320866.0,,,,,,,,
2012-02-06,28.99,28.99,28.99,28.99,2500,72475.0,,,,,,,,
2012-02-07,28.84,29.27,28.84,29.27,1440,42148.8,,,,,,,,
2012-02-08,29.27,30.62,29.27,29.56,640,18918.4,,,,,,,,
2012-02-09,29.34,29.91,29.34,29.84,390,11637.6,,,,,,,,
2012-02-10,28.42,29.84,28.42,29.84,2260,67438.4,,,,,,,,
2012-02-13,29.84,29.84,29.84,29.84,0,0.0,,,,,,,,
2012-02-14,28.42,29.84,28.42,29.84,450,13428.0,,,,,,,,
2012-02-15,28.49,29.84,28.42,28.42,1550,44051.0,,,,,,,,
2012-02-16,29.34,29.34,29.34,29.34,20,586.8,,,,,,,,
2012-02-17,29.34,29.34,29.34,29.34,0,0.0,,,,,,,,
2012-02-20,27.92,29.2,27.92,27.92,4640,129548.8,,,,,,,,
2012-02-21,26.56,28.34,26.56,28.34,1620,45910.8,,,,,,,,
2012-02-22,28.27,28.27,27.06,27.06,3160,85509.59999999999,,,,,,,,
2012-02-23,27.06,28.13,27.06,28.13,3400,95642.0,,,,,,,,
2012-02-24,28.06,28.06,28.06,28.06,20,561.1999999999999,,,,,,,,
2012-02-27,27.49,27.77,26.71,26.71,3360,89745.6,,,,,,,,
2012-02-28,27.06,27.63,27.06,27.63,560,15472.8,,,,,,,,
2012-02-29,26.28,27.2,26.28,26.28,4530,119048.4,,,,,,,,
2012-03-01,25.21,25.28,25.0,25.0,8860,221500.0,,,,,,,,
2012-03-02,24.93,24.93,23.79,23.79,7440,176997.6,,,,,,,,
2012-03-05,24.78,24.78,23.72,23.72,15450,366474.0,,,,,,,,
2012-03-06,24.21,24.85,23.64,24.85,145480,3615178.0,,,,,,,,
2012-03-07,24.85,26.07,24.85,26.07,3870,100890.9,,,,,,,,
2012-03-08,27.06,27.28,26.07,26.07,15800,411906.0,,,,,,,,
2012-03-09,26.07,26.07,24.85,25.78,23300,600674.0,,,,,,,,
2012-03-12,25.64,25.64,24.64,25.57,4790,122480.3,,,,,,,,
2012-03-13,25.21,25.21,24.43,24.43,3730,91123.9,,,,,,,,
2012-03-14,24.43,25.5,24.43,25.21,1260,31764.6,,,,,,,,
2012-03-15,24.07,26.42,24.0,26.42,46270,1222453.4,,,,,,,,
2012-03-16,27.06,27.06,25.14,25.14,2590,65112.6,,,,,,,,
2012-03-19,25.14,25.14,25.14,25.14,890,22374.6,,,,,,,,
2012-03-20,25.07,26.07,25.07,25.85,11330,292880.5,,,,,,,,
2012-03-21,25.85,26.28,25.64,26.21,31320,820897.2000000001,,,,,,,,
2012-03-22,25.5,25.5,25.5,25.5,10,255.0,,,,,,,,
2012-03-23,24.93,24.93,24.93,24.93,8500,211905.0,,,,,,,,
2012-03-26,25.99,25.99,25.28,25.28,1320,33369.6,,,,,,,,
2012-03-27,25.35,25.35,25.28,25.28,60,1516.8000000000002,,,,,,,,
2012-03-28,24.21,24.21,24.21,24.21,20,484.2000000000001,,,,,,,,
2012-03-29,24.93,25.21,24.43,25.21,160,4033.6,,,,,,,,
2012-03-30,25.57,25.57,25.57,25.57,10,255.7,,,,,,,,
2012-04-03,25.57,26.07,25.57,26.07,1070,27894.9,,,,,,,,
2012-04-04,25.99,25.99,24.93,25.78,650,16757.0,,,,,,,,
2012-04-05,25.78,25.78,25.78,25.78,0,0.0,,,,,,,,
2012-04-06,25.78,25.78,25.78,25.78,10,257.8,,,,,,,,
2012-04-09,25.78,25.78,25.78,25.78,0,0.0,,,,,,,,
2012-04-10,25.78,25.78,25.78,25.78,0,0.0,,,,,,,,
2012-04-11,25.78,25.78,25.78,25.78,10,257.8,,,,,,,,
2012-04-12,24.64,25.28,24.64,25.28,50,1264.0,,,,,,,,
2012-04-13,24.64,25.28,24.64,25.28,1690,42723.2,,,,,,,,
2012-04-16,25.28,25.28,25.28,25.28,0,0.0,,,,,,,,
2012-04-17,25.28,25.28,25.28,25.28,0,0.0,,,,,,,,
2012-04-18,25.71,25.71,25.71,25.71,10,257.1,,,,,,,,
2012-04-19,25.71,25.71,25.71,25.71,0,0.0,,,,,,,,
2012-04-20,25.71,25.71,25.71,25.71,0,0.0,,,,,,,,
2012-04-23,24.57,25.57,24.57,25.57,110,2812.7,,,,,,,,
2012-04-24,24.64,24.64,24.64,24.64,100,2464.0,,,,,,,,
2012-04-25,25.5,25.5,23.57,25.5,60,1530.0,,,,,,,,
2012-04-26,24.93,24.93,24.93,24.93,290,7229.7,,,,,,,,
2012-04-27,25.35,25.35,24.07,24.07,2100,50547.0,,,,,,,,
2012-05-02,24.07,24.07,24.07,24.07,0,0.0,,,,,,,,
2012-05-03,25.14,25.14,25.14,25.14,10,251.4,,,,,,,,
2012-05-04,25.64,25.64,25.64,25.64,460,11794.4,,,,,,,,
2012-05-07,25.99,25.99,25.64,25.99,1310,34046.9,,,,,,,,
2012-05-08,25.99,25.99,24.71,25.85,23280,601788.0,,,,,,,,
2012-05-09,25.57,25.57,25.5,25.5,2850,72675.0,,,,,,,,
2012-05-10,25.5,25.5,24.78,25.42,11070,281399.4,,,,,,,,
2012-05-11,25.42,25.42,25.42,25.42,40,1016.8,,,,,,,,
2012-05-14,24.5,24.57,24.5,24.5,2300,56350.0,,,,,,,,
2012-05-15,23.29,24.85,23.29,24.71,8700,214977.0,,,,,,,,
2012-05-16,24.5,24.93,23.5,24.93,7650,190714.5,,,,,,,,
2012-05-17,24.21,25.07,24.21,25.07,680,17047.6,,,,,,,,
2012-05-18,25.07,25.07,25.07,25.07,0,0.0,,,,,,,,
2012-05-21,24.21,25.42,24.21,25.42,1170,29741.4,,,,,,,,
2012-05-22,25.42,25.42,25.42,25.42,0,0.0,,,,,,,,
2012-05-23,24.29,24.29,24.29,24.29,10,242.9,,,,,,,,
2012-05-24,24.85,24.93,24.78,24.78,640,15859.2,,,,,,,,
2012-05-25,24.93,25.0,24.93,25.0,1200,30000.0,,,,,,,,
2012-05-28,25.0,25.5,25.0,25.5,390,9945.0,,,,,,,,
2012-05-29,25.5,25.5,25.5,25.5,0,0.0,,,,,,,,
2012-05-30,24.5,25.5,24.29,25.5,1150,29325.0,,,,,,,,
2012-05-31,25.5,25.5,25.5,25.5,20,510.0,,,,,,,,
2012-06-01,24.29,24.29,24.29,24.29,10,242.9,,,,,,,,
2012-06-04,25.5,25.5,25.21,25.21,200,5042.0,,,,,,,,
2012-06-05,25.21,25.64,25.21,25.64,670,17178.8,,,,,,,,
2012-06-06,25.64,25.64,25.64,25.64,110,2820.4,,,,,,,,
2012-06-07,25.64,25.64,25.64,25.64,0,0.0,,,,,,,,
2012-06-08,25.07,25.57,24.36,24.36,2010,48963.6,,,,,,,,
2012-06-11,25.5,25.5,25.5,25.5,400,10200.0,,,,,,,,
2012-06-12,25.42,25.42,25.42,25.42,10,254.2,,,,,,,,
2012-06-13,25.42,25.42,25.21,25.21,270,6806.7,,,,,,,,
2012-06-14,24.93,26.28,24.93,25.57,610,15597.7,,,,,,,,
2012-06-15,24.36,25.5,24.36,25.42,1000,25420.0,,,,,,,,
2012-06-18,24.43,25.42,24.29,25.42,530,13472.6,,,,,,,,
2012-06-19,25.35,25.42,25.35,25.42,1100,27962.000000000004,,,,,,,,
2012-06-20,24.29,24.29,24.29,24.29,10,242.9,,,,,,,,
2012-06-21,25.42,25.42,25.42,25.42,200,5084.0,,,,,,,,
2012-06-22,25.35,25.35,25.35,25.35,200,5070.0,,,,,,,,
2012-06-25,24.57,25.21,24.57,25.21,350,8823.5,,,,,,,,
2012-06-26,25.21,25.21,25.21,25.21,20,504.2000000000001,,,,,,,,
2012-06-27,25.21,25.21,25.21,25.21,0,0.0,,,,,,,,
2012-06-28,25.21,25.21,25.21,25.21,60,1512.6,,,,,,,,
2012-06-29,25.21,25.21,25.21,25.21,0,0.0,,,,,,,,
2012-07-02,25.21,25.21,25.21,25.21,0,0.0,,,,,,,,
2012-07-03,25.21,25.21,25.21,25.21,0,0.0,,,,,,,,
2012-07-04,25.21,25.21,25.21,25.21,0,0.0,,,,,,,,
2012-07-05,25.21,25.21,25.21,25.21,0,0.0,,,,,,,,
2012-07-06,25.21,25.21,25.21,25.21,0,0.0,,,,,,,,
2012-07-09,24.0,24.0,24.0,24.0,10,240.0,,,,,,,,
2012-07-10,24.78,24.78,22.86,22.86,30,685.8,,,,,,,,
2012-07-11,24.0,24.0,21.72,24.0,300,7200.0,,,,,,,,
2012-07-12,24.93,24.93,24.93,24.93,120,2991.6,,,,,,,,
2012-07-13,24.93,24.93,24.93,24.93,50,1246.5,,,,,,,,
2012-07-16,24.93,24.93,24.93,24.93,20,498.6,,,,,,,,
2012-07-17,24.93,24.93,24.93,24.93,100,2493.0,,,,,,,,
2012-07-18,24.64,24.64,24.64,24.64,10,246.4,,,,,,,,
2012-07-19,23.43,24.93,23.43,24.93,510,12714.3,,,,,,,,
2012-07-20,24.93,24.93,24.93,24.93,0,0.0,,,,,,,,
2012-07-23,23.72,24.57,23.72,24.57,110,2702.7,,,,,,,,
2012-07-24,23.5,24.57,23.5,24.57,320,7862.4,,,,,,,,
2012-07-25,24.78,24.78,24.78,24.78,60,1486.8000000000002,,,,,,,,
2012-07-26,24.78,24.85,24.78,24.85,500,12425.0,,,,,,,,
2012-07-27,24.85,24.85,24.85,24.85,50,1242.5,,,,,,,,
2012-07-30,24.85,24.85,24.85,24.85,50,1242.5,,,,,,,,
2012-07-31,24.85,24.85,24.85,24.85,0,0.0,,,,,,,,
2012-08-01,24.85,24.85,24.85,24.85,30,745.5,,,,,,,,
2012-08-02,24.85,24.85,24.85,24.85,0,0.0,,,,,,,,
2012-08-03,24.85,24.85,24.85,24.85,0,0.0,,,,,,,,
2012-08-06,24.85,24.85,24.85,24.85,0,0.0,,,,,,,,
2012-08-07,24.85,24.85,24.85,24.85,0,0.0,,,,,,,,
2012-08-08,24.85,24.85,24.85,24.85,0,0.0,,,,,,,,
2012-08-09,24.85,24.85,24.85,24.85,0,0.0,,,,,,,,
2012-08-10,24.85,24.85,24.85,24.85,0,0.0,,,,,,,,
2012-08-13,24.5,24.57,24.5,24.5,1520,37240.0,,,,,,,,
2012-08-14,24.5,24.5,24.5,24.5,0,0.0,,,,,,,,
2012-08-15,24.93,24.93,23.79,24.93,730,18198.9,,,,,,,,
2012-08-16,24.93,24.93,24.93,24.93,0,0.0,,,,,,,,
2012-08-17,24.93,24.93,24.93,24.93,0,0.0,,,,,,,,
2012-08-20,23.72,23.72,23.72,23.72,5130,121683.6,,,,,,,,
2012-08-21,24.78,24.78,22.58,22.58,1110,25063.8,,,,,,,,
2012-08-22,21.51,21.51,21.51,21.51,2600,55926.00000000001,,,,,,,,
2012-08-23,20.44,21.44,20.44,21.44,320,6860.8,,,,,,,,
2012-08-24,22.29,22.29,22.29,22.29,10,222.9,,,,,,,,
2012-08-27,23.15,23.15,23.15,23.15,20,463.0,,,,,,,,
2012-08-28,22.08,22.08,22.08,22.08,30,662.4,,,,,,,,
2012-08-29,22.08,22.08,22.08,22.08,0,0.0,,,,,,,,
2012-08-30,22.43,22.43,21.01,21.01,360,7563.6,,,,,,,,
2012-08-31,21.01,21.01,21.01,21.01,680,14286.8,,,,,,,,
2012-09-04,21.01,21.01,21.01,21.01,0,0.0,,,,,,,,
2012-09-05,20.01,20.01,20.01,20.01,2060,41220.600000000006,,,,,,,,
2012-09-06,19.02,19.51,19.02,19.51,10010,195295.1,,,,,,,,
2012-09-07,19.23,19.23,19.23,19.23,3500,67305.0,,,,,,,,
2012-09-10,20.15,20.15,19.44,19.58,2630,51495.4,,,,,,,,
2012-09-11,19.8,19.8,19.58,19.58,630,12335.4,,,,,,,,
2012-09-12,19.58,19.73,19.51,19.58,4730,92613.4,,,,,,,,
2012-09-13,18.66,18.66,18.66,18.66,3370,62884.2,,,,,,,,
2012-09-14,18.66,19.51,18.66,19.23,500,9615.0,,,,,,,,
2012-09-17,19.51,19.51,19.51,19.51,200,3902.000000000001,,,,,,,,
2012-09-18,18.59,18.59,18.59,18.59,220,4089.8,,,,,,,,
2012-09-19,17.66,18.52,17.66,18.45,1750,32287.5,,,,,,,,
2012-09-20,17.59,18.37,17.59,18.37,2800,51436.0,,,,,,,,
2012-09-21,18.45,18.59,18.45,18.52,21630,400587.6,,,,,,,,
2012-09-24,17.59,18.52,17.59,18.52,300,5556.0,,,,,,,,
2012-09-25,18.52,18.52,18.52,18.52,200,3704.0,,,,,,,,
2012-09-26,18.52,18.52,18.52,18.52,0,0.0,,,,,,,,
2012-09-27,18.52,18.52,18.52,18.52,0,0.0,,,,,,,,
2012-09-28,18.52,18.52,18.52,18.52,200,3704.0,,,,,,,,
2012-10-01,17.59,18.52,17.59,18.52,340,6296.8,,,,,,,,
2012-10-02,18.52,19.44,18.52,19.44,3900,75816.0,,,,,,,,
2012-10-03,19.44,19.44,19.44,19.44,0,0.0,,,,,,,,
2012-10-04,18.87,19.37,18.87,19.37,280,5423.6,,,,,,,,
2012-10-05,19.37,19.37,19.37,19.37,0,0.0,,,,,,,,
2012-10-08,19.37,19.37,19.37,19.37,0,0.0,,,,,,,,
2012-10-09,19.37,19.37,19.37,19.37,0,0.0,,,,,,,,
2012-10-10,19.37,19.37,19.37,19.37,0,0.0,,,,,,,,
2012-10-11,19.3,19.37,19.3,19.37,1980,38352.6,,,,,,,,
2012-10-12,19.37,19.37,19.37,19.37,0,0.0,,,,,,,,
2012-10-15,19.8,19.8,19.8,19.8,20,396.0,,,,,,,,
2012-10-16,19.8,19.8,19.8,19.8,0,0.0,,,,,,,,
2012-10-17,19.8,19.8,19.8,19.8,1000,19800.0,,,,,,,,
2012-10-18,19.8,19.8,19.8,19.8,0,0.0,,,,,,,,
2012-10-19,19.8,19.8,19.8,19.8,0,0.0,,,,,,,,
2012-10-22,19.8,19.8,19.8,19.8,0,0.0,,,,,,,,
2012-10-23,19.23,19.8,19.23,19.8,210,4158.0,,,,,,,,
2012-10-24,19.8,19.94,19.8,19.94,1760,35094.4,,,,,,,,
2012-10-25,19.94,19.94,19.94,19.94,0,0.0,,,,,,,,
2012-10-26,19.94,19.94,19.94,19.94,0,0.0,,,,,,,,
2012-10-29,19.94,19.94,19.94,19.94,0,0.0,,,,,,,,
2012-10-30,19.94,19.94,19.94,19.94,0,0.0,,,,,,,,
2012-10-31,19.94,19.94,19.94,19.94,0,0.0,,,,,,,,
2012-11-01,19.94,19.94,19.94,19.94,0,0.0,,,,,,,,
2012-11-02,19.94,19.94,19.94,19.94,0,0.0,,,,,,,,
2012-11-05,19.94,19.94,19.94,19.94,0,0.0,,,,,,,,
2012-11-06,19.94,19.94,19.94,19.94,0,0.0,,,,,,,,
2012-11-07,19.94,19.94,19.94,19.94,0,0.0,,,,,,,,
2012-11-08,19.94,19.94,19.94,19.94,0,0.0,,,,,,,,
2012-11-09,19.94,19.94,19.94,19.94,0,0.0,,,,,,,,
2012-11-12,19.23,19.23,19.23,19.23,900,17307.0,,,,,,,,
2012-11-13,19.23,19.23,19.23,19.23,60,1153.8,,,,,,,,
2012-11-14,19.23,19.23,19.23,19.23,0,0.0,,,,,,,,
2012-11-15,19.23,19.23,18.52,19.23,740,14230.2,,,,,,,,
2012-11-16,19.94,19.94,19.94,19.94,100,1994.0,,,,,,,,
2012-11-19,19.94,19.94,19.94,19.94,0,0.0,,,,,,,,
2012-11-20,19.94,19.94,19.94,19.94,0,0.0,,,,,,,,
2012-11-21,19.94,20.94,19.94,19.94,5070,101095.8,,,,,,,,
2012-11-22,19.94,19.94,19.94,19.94,20,398.8,,,,,,,,
2012-11-23,20.01,20.3,20.01,20.3,3200,64960.0,,,,,,,,
2012-11-26,20.3,20.3,20.3,20.3,820,16646.0,,,,,,,,
2012-11-27,20.3,20.3,20.3,20.3,0,0.0,,,,,,,,
2012-11-28,20.3,20.3,20.3,20.3,0,0.0,,,,,,,,
2012-11-29,20.3,20.3,20.3,20.3,0,0.0,,,,,,,,
2012-11-30,19.94,19.94,19.94,19.94,900,17946.0,,,,,,,,
2012-12-03,19.8,19.8,19.8,19.8,710,14058.0,,,,,,,,
2012-12-04,19.8,19.8,19.8,19.8,0,0.0,,,,,,,,
2012-12-05,20.72,20.72,19.66,20.72,4380,90753.6,,,,,,,,
2012-12-06,21.72,21.72,21.72,21.72,190,4126.8,,,,,,,,
2012-12-07,21.72,21.72,21.72,21.72,0,0.0,,,,,,,,
2012-12-10,22.72,22.72,22.72,22.72,300,6816.0,,,,,,,,
2012-12-11,22.72,22.72,22.72,22.72,0,0.0,,,,,,,,
2012-12-12,23.5,23.72,23.5,23.72,1300,30836.0,,,,,,,,
2012-12-13,23.72,23.72,23.72,23.72,0,0.0,,,,,,,,
2012-12-14,24.21,24.21,24.21,24.21,300,7263.0,,,,,,,,
2012-12-17,25.42,25.42,25.42,25.42,50,1271.0,,,,,,,,
2012-12-18,25.57,25.57,25.57,25.57,7500,191775.0,,,,,,,,
2012-12-19,25.42,25.42,25.42,25.42,4000,101680.0,,,,,,,,
2012-12-20,25.42,25.42,25.42,25.42,0,0.0,,,,,,,,
2012-12-21,25.42,25.42,25.42,25.42,0,0.0,,,,,,,,
2012-12-24,25.92,25.92,25.92,25.92,3500,90720.0,,,,,,,,
2012-12-25,25.92,25.92,25.92,25.92,0,0.0,,,,,,,,
2012-12-26,24.64,24.64,24.64,24.64,10,246.4,,,,,,,,
2012-12-27,24.64,24.64,23.86,23.86,1010,24098.6,,,,,,,,
2012-12-28,22.79,24.85,22.72,22.72,210,4771.2,,,,,,,,
2013-01-02,23.752,24.347,22.784,24.347,3100,75475.7,,,,,,,,
2013-01-03,24.719,24.719,24.719,24.719,100,2471.9,,,,,,,,
2013-01-04,24.719,24.719,24.719,24.719,0,0.0,,,,,,,,
2013-01-07,24.719,24.719,24.719,24.719,0,0.0,,,,,,,,
2013-01-08,25.315,25.315,25.315,25.315,100,2531.5,,,,,,,,
2013-01-09,25.315,25.315,25.315,25.315,0,0.0,,,,,,,,
2013-01-10,25.315,25.315,25.315,25.315,0,0.0,,,,,,,,
2013-01-11,25.315,25.315,25.315,25.315,0,0.0,,,,,,,,
2013-01-14,25.762,25.762,25.762,25.762,600,15457.2,,,,,,,,
2013-01-15,26.06,26.06,26.06,26.06,100,2606.0,,,,,,,,
2013-01-16,25.762,25.985,24.273,25.985,830,21567.55,,,,,,,,
2013-01-17,25.985,25.985,25.985,25.985,0,0.0,,,,,,,,
2013-01-18,24.198,25.985,24.198,24.198,110,2661.78,,,,,,,,
2013-01-21,22.56,25.315,22.56,25.315,1140,28859.1,,,,,,,,
2013-01-22,23.9,23.9,23.9,23.9,1200,28680.0,,,,,,,,
2013-01-23,22.709,23.9,22.262,23.9,2680,64051.99999999999,,,,,,,,
2013-01-24,22.709,24.049,22.709,24.049,1020,24529.98,,,,,,,,
2013-01-25,22.411,25.017,22.411,25.017,210,5253.57,,,,,,,,
2013-01-28,23.379,23.379,23.379,23.379,130,3039.27,,,,,,,,
2013-01-29,22.709,22.709,22.709,22.709,1000,22709.0,,,,,,,,
2013-01-30,23.379,23.379,23.379,23.379,550,12858.45,,,,,,,,
2013-01-31,23.677,23.677,23.677,23.677,100,2367.7,,,,,,,,
2013-02-01,22.337,22.709,22.039,22.709,1530,34744.77,,,,,,,,
2013-02-04,21.592,21.592,21.146,21.146,1010,21357.46,,,,,,,,
2013-02-05,20.103,22.56,20.103,22.56,1010,22785.6,,,,,,,,
2013-02-06,22.56,22.56,22.56,22.56,0,0.0,,,,,,,,
2013-02-07,21.22,21.22,21.071,21.071,7000,147497.0,,,,,,,,
2013-02-08,22.486,22.486,22.486,22.486,10,224.86,,,,,,,,
2013-02-18,23.752,23.752,23.752,23.752,10,237.52,,,,,,,,
2013-02-19,24.943,24.943,24.943,24.943,10,249.43,,,,,,,,
2013-02-20,24.943,24.943,24.943,24.943,0,0.0,,,,,,,,
2013-02-21,23.454,23.454,23.454,23.454,500,11727.0,,,,,,,,
2013-02-22,23.081,23.826,22.337,23.826,2220,52893.72,,,,,,,,
2013-02-25,23.826,23.826,23.826,23.826,0,0.0,,,,,,,,
2013-02-26,22.709,22.709,22.709,22.709,500,11354.5,,,,,,,,
2013-02-27,22.709,22.709,22.709,22.709,0,0.0,,,,,,,,
2013-02-28,22.709,22.709,22.709,22.709,0,0.0,,,,,,,,
2013-03-01,22.709,22.709,22.709,22.709,0,0.0,,,,,,,,
2013-03-04,22.709,22.709,22.709,22.709,0,0.0,,,,,,,,
2013-03-05,22.709,22.709,22.709,22.709,0,0.0,,,,,,,,
2013-03-06,22.709,22.709,22.709,22.709,0,0.0,,,,,,,,
2013-03-07,22.709,22.709,22.709,22.709,0,0.0,,,,,,,,
2013-03-08,22.709,22.709,22.709,22.709,0,0.0,,,,,,,,
2013-03-11,21.592,22.709,21.592,22.709,15000,340635.0,,,,,,,,
2013-03-12,22.709,22.709,22.709,22.709,0,0.0,,,,,,,,
2013-03-13,22.709,22.709,22.709,22.709,0,0.0,,,,,,,,
2013-03-14,22.709,22.709,22.709,22.709,0,0.0,,,,,,,,
2013-03-15,22.709,22.709,22.709,22.709,0,0.0,,,,,,,,
2013-03-18,22.709,22.709,22.709,22.709,1020,23163.18,,,,,,,,
2013-03-19,22.709,22.709,22.709,22.709,0,0.0,,,,,,,,
2013-03-20,22.709,22.709,22.709,22.709,0,0.0,,,,,,,,
2013-03-21,22.709,22.709,22.709,22.709,0,0.0,,,,,,,,
2013-03-22,23.826,23.826,23.826,23.826,10,238.26,,,,,,,,
2013-03-25,23.826,23.826,23.826,23.826,0,0.0,,,,,,,,
2013-03-26,23.826,23.826,23.752,23.752,14600,346779.2,,,,,,,,
2013-03-27,23.752,23.752,23.752,23.752,100,2375.2,,,,,,,,
2013-03-28,23.752,23.752,23.752,23.752,0,0.0,,,,,,,,
2013-03-29,23.752,23.752,23.752,23.752,0,0.0,,,,,,,,
2013-04-01,23.752,23.752,23.752,23.752,0,0.0,,,,,,,,
2013-04-02,22.337,22.337,22.337,22.337,20,446.74,,,,,,,,
2013-04-03,20.997,22.932,20.997,22.932,510,11695.32,,,,,,,,
2013-04-04,22.932,22.932,22.932,22.932,0,0.0,,,,,,,,
2013-04-05,22.932,22.932,22.932,22.932,0,0.0,,,,,,,,
2013-04-08,22.932,22.932,22.932,22.932,0,0.0,,,,,,,,
2013-04-09,22.337,23.826,21.443,23.826,9410,224202.66,,,,,,,,
2013-04-10,25.315,25.315,25.315,25.315,10,253.15,,,,,,,,
2013-04-11,25.315,25.315,25.315,25.315,0,0.0,,,,,,,,
2013-04-12,26.655,26.655,26.06,26.06,60,1563.6,,,,,,,,
2013-04-15,26.06,26.06,26.06,26.06,0,0.0,,,,,,,,
2013-04-16,26.06,26.06,26.06,26.06,0,0.0,,,,,,,,
2013-04-17,26.06,26.06,26.06,26.06,0,0.0,,,,,,,,
2013-04-18,26.06,26.06,26.06,26.06,0,0.0,,,,,,,,
2013-04-22,25.315,25.315,25.315,25.315,9340,236442.1,,,,,,,,
2013-04-23,25.315,25.315,25.315,25.315,10,253.15,,,,,,,,
2013-04-24,23.603,23.603,23.603,23.603,10,236.03000000000003,,,,,,,,
2013-04-25,23.603,23.603,23.603,23.603,0,0.0,,,,,,,,
2013-04-26,23.454,23.454,23.454,23.454,10,234.54,,,,,,,,
2013-05-02,21.89,21.89,21.89,21.89,20,437.8,,,,,,,,
2013-05-03,20.848,22.262,20.624,22.262,2130,47418.06,,,,,,,,
2013-05-06,22.262,22.262,22.262,22.262,0,0.0,,,,,,,,
2013-05-07,22.262,22.262,22.262,22.262,0,0.0,,,,,,,,
2013-05-08,20.848,20.848,20.848,20.848,20,416.96,,,,,,,,
2013-05-09,20.848,20.848,20.848,20.848,0,0.0,,,,,,,,
2013-05-10,20.848,20.848,20.848,20.848,0,0.0,,,,,,,,
2013-05-13,20.848,20.848,20.848,20.848,0,0.0,,,,,,,,
2013-05-14,20.848,20.848,20.848,20.848,0,0.0,,,,,,,,
2013-05-15,19.656,19.656,19.656,19.656,170,3341.52,,,,,,,,
2013-05-16,20.997,20.997,20.997,20.997,200,4199.4,,,,,,,,
2013-05-17,19.731,19.731,19.656,19.656,600,11793.6,,,,,,,,
2013-05-20,19.656,19.656,19.656,19.656,0,0.0,,,,,,,,
2013-05-21,20.699,20.773,20.699,20.773,100,2077.3,,,,,,,,
2013-05-22,20.699,21.89,20.699,21.89,700,15323.0,,,,,,,,
2013-05-23,21.89,21.89,21.89,21.89,0,0.0,,,,,,,,
2013-05-24,21.89,21.89,21.89,21.89,0,0.0,,,,,,,,
2013-05-27,21.89,21.89,21.89,21.89,0,0.0,,,,,,,,
2013-05-28,21.22,21.22,21.22,21.22,200,4244.0,,,,,,,,
2013-05-29,21.22,21.22,21.22,21.22,230,4880.599999999999,,,,,,,,
2013-05-30,20.848,20.848,20.55,20.55,190,3904.5,,,,,,,,
2013-05-31,20.997,20.997,20.997,20.997,50,1049.85,,,,,,,,
2013-06-03,20.55,20.55,20.55,20.55,500,10275.0,,,,,,,,
2013-06-04,20.55,20.55,20.55,20.55,0,0.0,,,,,,,,
2013-06-05,20.773,20.773,20.773,20.773,260,5400.98,,,,,,,,
2013-06-06,20.773,20.773,20.773,20.773,0,0.0,,,,,,,,
2013-06-07,20.773,20.773,20.773,20.773,0,0.0,,,,,,,,
2013-06-10,21.22,21.22,20.103,20.848,2520,52536.96,,,,,,,,
2013-06-11,19.805,19.805,19.805,19.805,50,990.25,,,,,,,,
2013-06-12,18.837,18.837,18.837,18.837,150,2825.55,,,,,,,,
2013-06-13,20.103,20.103,19.582,19.582,330,6462.06,,,,,,,,
2013-06-14,20.848,20.848,20.848,20.848,100,2084.8,,,,,,,,
2013-06-17,20.848,20.848,20.848,20.848,0,0.0,,,,,,,,
2013-06-18,20.848,20.848,20.848,20.848,0,0.0,,,,,,,,
2013-06-19,20.848,20.848,20.848,20.848,0,0.0,,,,,,,,
2013-06-20,20.848,20.848,20.848,20.848,0,0.0,,,,,,,,
2013-06-21,20.848,20.997,20.848,20.997,300,6299.1,,,,,,,,
2013-06-24,20.997,20.997,20.178,20.997,10120,212489.64,,,,,,,,
2013-06-25,20.997,20.997,20.997,20.997,0,0.0,,,,,,,,
2013-06-26,20.997,20.997,20.997,20.997,0,0.0,,,,,,,,
2013-06-27,20.997,20.997,20.997,20.997,0,0.0,,,,,,,,
2013-06-28,20.997,20.997,20.997,20.997,0,0.0,,,,,,,,
2013-07-01,20.997,20.997,20.997,20.997,0,0.0,,,,,,,,
2013-07-02,20.997,20.997,20.997,20.997,0,0.0,,,,,,,,
2013-07-03,20.997,20.997,20.997,20.997,0,0.0,,,,,,,,
2013-07-04,20.997,20.997,20.997,20.997,0,0.0,,,,,,,,
2013-07-05,20.848,20.848,20.624,20.624,20,412.48,,,,,,,,
2013-07-08,20.624,20.624,20.624,20.624,0,0.0,,,,,,,,
2013-07-09,20.624,20.624,20.624,20.624,0,0.0,,,,,,,,
2013-07-10,19.21,19.21,19.21,19.21,10,192.1,,,,,,,,
2013-07-11,20.55,20.55,20.55,20.55,100,2055.0,,,,,,,,
2013-07-12,20.55,20.55,20.55,20.55,0,0.0,,,,,,,,
2013-07-15,20.55,20.55,20.55,20.55,0,0.0,,,,,,,,
2013-07-16,20.55,20.55,20.55,20.55,30,616.5,,,,,,,,
2013-07-17,20.55,20.55,20.55,20.55,0,0.0,,,,,,,,
2013-07-18,19.508,20.475,19.135,20.475,1250,25593.75,,,,,,,,
2013-07-19,20.55,20.55,19.061,20.029,110,2203.19,,,,,,,,
2013-07-22,20.103,20.103,18.688,18.763,730,13696.990000000002,,,,,,,,
2013-07-23,18.763,20.029,18.763,20.029,110,2203.19,,,,,,,,
2013-07-24,20.699,20.699,18.986,20.327,2030,41263.810000000005,,,,,,,,
2013-07-25,18.912,18.912,18.912,18.912,60,1134.72,,,,,,,,
2013-07-26,18.912,18.912,17.646,17.646,1130,19939.98,,,,,,,,
2013-07-29,18.54,18.54,16.455,16.455,3160,51997.8,,,,,,,,
2013-07-30,16.455,16.455,16.455,16.455,0,0.0,,,,,,,,
2013-07-31,17.572,17.572,17.572,17.572,10,175.72,,,,,,,,
2013-08-01,17.795,17.795,17.795,17.795,40,711.8000000000001,,,,,,,,
2013-08-02,17.795,17.795,17.795,17.795,0,0.0,,,,,,,,
2013-08-05,17.795,17.795,17.795,17.795,0,0.0,,,,,,,,
2013-08-06,17.795,18.167,17.795,17.795,1200,21354.000000000004,,,,,,,,
2013-08-07,18.614,18.986,18.614,18.986,90,1708.74,,,,,,,,
2013-08-08,20.178,20.178,17.944,19.135,1040,19900.4,,,,,,,,
2013-08-09,18.093,19.135,18.018,19.135,610,11672.35,,,,,,,,
2013-08-12,20.103,20.103,17.869,19.21,5280,101428.8,,,,,,,,
2013-08-13,17.944,20.55,17.869,18.242,3720,67860.24,,,,,,,,
2013-08-14,18.837,19.359,18.242,18.242,340,6202.280000000001,,,,,,,,
2013-08-15,18.54,18.54,18.54,18.54,10,185.4,,,,,,,,
2013-08-16,17.274,19.284,17.274,18.316,840,15385.44,,,,,,,,
2013-08-19,18.242,18.242,17.423,17.423,2640,45996.72,,,,,,,,
2013-08-20,18.465,18.465,18.465,18.465,10,184.65,,,,,,,,
2013-08-21,18.465,18.465,18.465,18.465,0,0.0,,,,,,,,
2013-08-22,18.465,18.465,18.465,18.465,0,0.0,,,,,,,,
2013-08-23,19.284,19.284,17.199,17.199,470,8083.530000000001,,,,,,,,
2013-08-26,16.157,18.242,16.157,18.242,3090,56367.780000000006,,,,,,,,
2013-08-27,17.869,17.869,17.869,17.869,10000,178690.0,,,,,,,,
2013-08-28,18.986,18.986,18.986,18.986,10,189.86,,,,,,,,
2013-08-29,17.869,18.54,17.721,18.54,1090,20208.6,,,,,,,,
2013-08-30,18.837,18.837,18.837,18.837,10,188.37,,,,,,,,
2013-09-03,18.837,18.837,18.837,18.837,0,0.0,,,,,,,,
2013-09-04,18.837,18.837,18.837,18.837,0,0.0,,,,,,,,
2013-09-05,18.837,18.837,18.837,18.837,0,0.0,,,,,,,,
2013-09-06,19.656,19.656,19.656,19.656,10,196.56,,,,,,,,
2013-09-09,19.656,19.656,19.656,19.656,0,0.0,,,,,,,,
2013-09-10,19.656,19.656,19.656,19.656,0,0.0,,,,,,,,
2013-09-11,19.656,19.656,19.656,19.656,10,196.56,,,,,,,,
2013-09-12,19.656,19.656,19.656,19.656,0,0.0,,,,,,,,
2013-09-13,18.316,18.316,18.316,18.316,10,183.16,,,,,,,,
2013-09-16,17.05,17.05,17.05,17.05,10,170.5,,,,,,,,
2013-09-17,16.902,16.902,16.306,16.306,420,6848.52,,,,,,,,
2013-09-18,15.785,15.785,15.785,15.785,20,315.7,,,,,,,,
2013-09-19,15.71,15.71,15.71,15.71,890,13981.9,,,,,,,,
2013-09-20,14.891,15.04,14.891,15.04,50,752.0,,,,,,,,
2013-09-23,14.37,16.083,14.37,16.083,20,321.66,,,,,,,,
2013-09-24,15.04,15.04,15.04,15.04,10,150.39999999999998,,,,,,,,
2013-09-25,14.296,14.817,14.296,14.817,1020,15113.34,,,,,,,,
2013-09-26,15.636,15.785,14.817,14.817,170,2518.89,,,,,,,,
2013-09-27,14.147,15.636,14.147,15.636,220,3439.92,,,,,,,,
2013-09-30,15.636,15.636,15.636,15.636,1000,15636.0,,,,,,,,
2013-10-01,16.306,16.678,14.742,16.678,1420,23682.76,,,,,,,,
2013-10-02,16.678,16.678,16.678,16.678,100,1667.8000000000002,,,,,,,,
2013-10-03,16.38,16.38,16.38,16.38,400,6552.0,,,,,,,,
2013-10-04,17.125,17.125,17.125,17.125,3490,59766.25,,,,,,,,
2013-10-07,17.125,17.125,17.125,17.125,0,0.0,,,,,,,,
2013-10-08,17.125,17.125,17.125,17.125,0,0.0,,,,,,,,
2013-10-09,17.497,17.795,17.125,17.125,320,5480.0,,,,,,,,
2013-10-10,17.125,17.125,17.125,17.125,0,0.0,,,,,,,,
2013-10-11,17.125,17.125,16.753,16.753,620,10386.86,,,,,,,,
2013-10-14,17.869,17.869,17.497,17.869,1940,34665.86,,,,,,,,
2013-10-15,18.986,18.986,18.986,18.986,10,189.86,,,,,,,,
2013-10-16,18.986,19.954,18.986,19.954,220,4389.88,,,,,,,,
2013-10-17,19.582,19.582,19.433,19.433,350,6801.55,,,,,,,,
2013-10-18,19.954,19.954,19.656,19.805,3750,74268.75,,,,,,,,
2013-10-21,19.805,19.805,19.061,19.061,30,571.83,,,,,,,,
2013-10-22,18.614,18.614,18.242,18.614,6900,128436.6,,,,,,,,
2013-10-23,18.614,18.614,18.614,18.614,0,0.0,,,,,,,,
2013-10-24,17.869,18.912,17.869,18.912,60,1134.72,,,,,,,,
2013-10-25,18.912,18.912,18.912,18.912,0,0.0,,,,,,,,
2013-10-28,18.912,18.912,18.912,18.912,0,0.0,,,,,,,,
2013-10-29,19.061,19.359,18.688,18.688,870,16258.56,,,,,,,,
2013-10-30,18.688,18.688,18.688,18.688,0,0.0,,,,,,,,
2013-10-31,18.837,18.837,18.837,18.837,30,565.11,,,,,,,,
2013-11-01,18.837,19.508,18.614,19.508,510,9949.08,,,,,,,,
2013-11-04,19.731,19.731,19.731,19.731,10,197.31,,,,,,,,
2013-11-05,19.284,19.656,19.21,19.656,1920,37739.52,,,,,,,,
2013-11-06,19.656,19.656,19.656,19.656,480,9434.88,,,,,,,,
2013-11-07,19.656,19.656,19.359,19.656,470,9238.32,,,,,,,,
2013-11-08,19.656,19.656,19.656,19.656,0,0.0,,,,,,,,
2013-11-11,19.061,19.656,19.061,19.656,500,9828.0,,,,,,,,
2013-11-12,19.656,19.656,19.656,19.656,200,3931.2,,,,,,,,
2013-11-13,19.656,19.656,19.656,19.656,0,0.0,,,,,,,,
2013-11-14,19.656,19.656,19.656,19.656,0,0.0,,,,,,,,
2013-11-15,19.359,20.997,19.359,20.997,3830,80418.51,,,,,,,,
2013-11-18,22.337,22.337,22.337,22.337,2520,56289.24,,,,,,,,
2013-11-19,21.22,22.337,21.22,22.337,500,11168.5,,,,,,,,
2013-11-20,22.635,22.635,22.635,22.635,50,1131.75,,,,,,,,
2013-11-21,22.635,22.635,22.635,22.635,0,0.0,,,,,,,,
2013-11-22,23.677,23.677,23.677,23.677,10,236.77,,,,,,,,
2013-11-25,23.826,23.826,23.826,23.826,10,238.26,,,,,,,,
2013-11-26,23.826,23.826,23.826,23.826,0,0.0,,,,,,,,
2013-11-27,24.198,24.198,24.198,24.198,10,241.98,,,,,,,,
2013-11-28,24.198,24.198,24.198,24.198,0,0.0,,,,,,,,
2013-11-29,22.56,22.56,22.56,22.56,2000,45120.0,,,,,,,,
2013-12-02,23.081,23.081,23.081,23.081,10,230.81,,,,,,,,
2013-12-03,21.592,21.592,21.592,21.592,10,215.92,,,,,,,,
2013-12-04,20.103,21.518,20.103,21.518,4890,105223.02,,,,,,,,
2013-12-05,20.029,22.113,20.029,22.113,12050,266461.65,,,,,,,,
2013-12-06,23.007,23.007,20.624,21.592,900,19432.8,,,,,,,,
2013-12-09,20.848,20.848,20.475,20.848,2210,46074.08,,,,,,,,
2013-12-10,21.89,21.89,20.103,20.997,580,12178.26,,,,,,,,
2013-12-11,21.443,22.337,21.443,22.337,1000,22337.0,,,,,,,,
2013-12-12,20.773,22.337,20.773,22.337,5440,121513.28,,,,,,,,
2013-12-13,20.848,23.826,20.773,23.826,4740,112935.24,,,,,,,,
2013-12-16,22.337,23.975,22.337,22.337,2340,52268.58,,,,,,,,
2013-12-17,20.848,22.337,20.773,20.848,3140,65462.72,,,,,,,,
2013-12-18,19.731,21.592,19.731,21.592,590,12739.28,,,,,,,,
2013-12-19,21.518,21.518,20.103,20.103,7240,145545.72,,,,,,,,
2013-12-20,20.475,21.146,18.837,18.837,2060,38804.22,,,,,,,,
2013-12-23,17.869,20.103,17.869,20.103,1850,37190.55,,,,,,,,
2013-12-24,18.837,18.837,18.837,18.837,1280,24111.36,,,,,,,,
2013-12-25,18.242,18.242,18.242,18.242,40,729.6800000000001,,,,,,,,
2013-12-26,19.359,19.508,19.359,19.508,370,7217.96,,,,,,,,
2013-12-27,19.731,20.103,19.731,20.103,20,402.06000000000006,,,,,,,,
2013-12-30,18.986,19.433,18.986,19.433,570,11076.81,,,,,,,,
2013-12-31,20.103,20.103,19.508,19.954,2500,49885.0,,,,,,,,
2014-01-02,20.103,20.699,20.103,20.699,110,2276.8900000000003,,,,,,,,
2014-01-03,20.699,20.699,20.699,20.699,0,0.0,,,,,,,,
2014-01-06,20.699,20.699,20.699,20.699,0,0.0,,,,,,,,
2014-01-07,20.252,20.252,20.252,20.252,290,5873.08,,,,,,,,
2014-01-08,21.22,21.22,21.22,21.22,1800,38196.0,,,,,,,,
2014-01-09,21.22,21.22,21.22,21.22,0,0.0,,,,,,,,
2014-01-10,21.22,21.22,21.22,21.22,0,0.0,,,,,,,,
2014-01-13,21.22,21.22,21.22,21.22,0,0.0,,,,,,,,
2014-01-14,20.103,21.22,20.103,21.22,500,10610.0,,,,,,,,
2014-01-15,21.22,21.22,21.22,21.22,0,0.0,,,,,,,,
2014-01-16,20.029,20.699,19.954,20.699,580,12005.42,,,,,,,,
2014-01-17,20.699,20.699,20.699,20.699,0,0.0,,,,,,,,
2014-01-20,20.699,20.699,20.699,20.699,0,0.0,,,,,,,,
2014-01-21,21.22,21.22,21.22,21.22,10,212.2,,,,,,,,
2014-01-22,21.22,21.22,21.22,21.22,0,0.0,,,,,,,,
2014-01-23,21.22,21.22,21.22,21.22,0,0.0,,,,,,,,
2014-01-24,19.805,21.22,19.805,20.475,2270,46478.25,,,,,,,,
2014-01-27,19.359,21.22,19.061,21.22,1840,39044.8,,,,,,,,
2014-02-06,21.22,21.22,21.22,21.22,0,0.0,,,,,,,,
2014-02-07,21.22,21.22,21.22,21.22,0,0.0,,,,,,,,
2014-02-10,19.805,19.805,19.805,19.805,120,2376.6,,,,,,,,
2014-02-11,19.433,19.805,19.433,19.805,40,792.2,,,,,,,,
2014-02-12,19.805,20.475,19.805,20.475,80,1638.0,,,,,,,,
2014-02-13,20.475,20.475,20.475,20.475,0,0.0,,,,,,,,
2014-02-14,20.475,20.475,20.475,20.475,60,1228.5,,,,,,,,
2014-02-17,19.061,19.21,19.061,19.21,250,4802.5,,,,,,,,
2014-02-18,18.391,18.614,17.869,17.869,14570,260351.33,,,,,,,,
2014-02-19,17.721,18.018,17.125,18.018,1120,20180.16,,,,,,,,
2014-02-20,18.018,18.018,17.869,17.869,630,11257.47,,,,,,,,
2014-02-21,17.199,18.986,17.199,17.944,120,2153.28,,,,,,,,
2014-02-24,17.572,17.572,17.572,17.572,10,175.72,,,,,,,,
2014-02-25,17.646,17.646,17.646,17.646,50,882.3000000000001,,,,,,,,
2014-02-26,17.646,17.646,17.646,17.646,0,0.0,,,,,,,,
2014-02-27,17.199,17.199,17.199,17.199,10,171.99,,,,,,,,
2014-02-28,16.827,17.125,16.753,17.125,70,1198.75,,,,,,,,
2014-03-03,17.869,17.869,17.869,17.869,40,714.76,,,,,,,,
2014-03-04,17.869,17.869,17.869,17.869,0,0.0,,,,,,,,
2014-03-05,17.497,17.497,17.125,17.125,240,4110.0,,,,,,,,
2014-03-06,18.316,18.316,18.316,18.316,1100,20147.6,,,,,,,,
2014-03-07,18.614,18.614,17.869,17.869,3960,70761.24,,,,,,,,
2014-03-10,17.869,17.869,17.869,17.869,0,0.0,,,,,,,,
2014-03-11,17.125,18.54,17.125,18.54,38970,722503.7999999999,,,,,,,,
2014-03-12,17.869,18.54,17.423,18.54,25010,463685.4,,,,,,,,
2014-03-13,17.497,18.167,17.497,18.167,7090,128804.03,,,,,,,,
2014-03-14,18.167,18.167,17.423,17.423,7400,128930.19999999998,,,,,,,,
2014-03-17,17.348,17.348,17.125,17.199,2720,46781.280000000006,,,,,,,,
2014-03-18,17.199,18.316,17.199,18.316,870,15934.919999999998,,,,,,,,
2014-03-19,18.316,18.316,17.274,17.274,13330,230262.42,,,,,,,,
2014-03-20,17.274,17.274,17.05,17.274,34000,587316.0,,,,,,,,
2014-03-21,17.497,17.497,17.125,17.497,12720,222561.84,,,,,,,,
2014-03-24,17.497,17.497,17.125,17.497,16590,290275.23,,,,,,,,
2014-03-25,17.497,17.497,17.125,17.497,14670,256680.99,,,,,,,,
2014-03-26,17.497,17.497,16.38,17.497,19260,336992.22,,,,,,,,
2014-03-27,16.455,17.423,16.306,17.348,77850,1350541.7999999998,,,,,,,,
2014-03-28,16.157,17.199,16.157,17.199,41510,713930.4900000001,,,,,,,,
2014-03-31,17.05,17.125,16.455,16.455,630,10366.65,,,,,,,,
2014-04-01,16.455,16.455,15.338,15.412,35140,541577.68,,,,,,,,
2014-04-02,16.38,16.38,15.412,16.231,230,3733.130000000001,,,,,,,,
2014-04-03,15.264,16.231,15.115,16.231,33220,539193.8200000001,,,,,,,,
2014-04-04,16.231,16.231,16.231,16.231,0,0.0,,,,,,,,
2014-04-07,15.636,15.636,15.115,15.561,3370,52440.57,,,,,,,,
2014-04-08,14.891,16.083,14.891,15.859,12700,201409.3,,,,,,,,
2014-04-10,15.636,15.636,14.891,15.412,29220,450338.64,,,,,,,,
2014-04-11,15.264,15.264,14.891,15.264,3220,49150.08,,,,,,,,
2014-04-14,15.189,15.189,14.817,15.115,2050,30985.75,,,,,,,,
2014-04-15,15.487,15.487,14.072,15.115,20060,303206.9,,,,,,,,
2014-04-16,15.115,15.412,15.115,15.412,650,10017.8,,,,,,,,
2014-04-17,15.412,15.561,14.668,15.338,1060,16258.28,,,,,,,,
2014-04-18,15.412,15.412,14.296,14.891,4930,73412.63,,,,,,,,
2014-04-21,15.785,15.859,14.891,14.891,1700,25314.7,,,,,,,,
2014-04-22,15.115,15.338,14.891,15.04,1050,15792.0,,,,,,,,
2014-04-23,14.519,14.891,14.519,14.891,1460,21740.86,,,,,,,,
2014-04-24,15.04,15.04,14.519,14.519,3510,50961.69,,,,,,,,
2014-04-25,15.115,15.115,14.593,14.891,7550,112427.05,,,,,,,,
2014-04-28,14.891,15.264,14.891,14.891,7410,110342.31,,,,,,,,
2014-04-29,15.189,15.189,14.891,15.04,170,2556.8,,,,,,,,
2014-05-05,15.487,15.561,14.519,14.891,17310,257763.21,,,,,,,,
2014-05-06,15.04,15.561,14.37,15.264,3620,55255.68,,,,,,,,
2014-05-07,15.264,15.264,15.264,15.264,1000,15264.0,,,,,,,,
2014-05-08,14.519,14.519,14.221,14.221,8650,123011.65,,,,,,,,
2014-05-09,14.072,15.189,13.849,14.891,15040,223960.64,,,,,,,,
2014-05-12,13.923,14.891,13.849,14.891,15540,231406.14,,,,,,,,
2014-05-13,14.966,15.04,14.966,15.04,1070,16092.8,,,,,,,,
2014-05-14,15.04,15.04,15.04,15.04,0,0.0,,,,,,,,
2014-05-15,15.04,15.04,14.147,14.891,2580,38418.78,,,,,,,,
2014-05-16,15.189,15.189,14.891,14.891,340,5062.94,,,,,,,,
2014-05-19,14.147,15.561,14.147,15.561,7330,114062.13,,,,,,,,
2014-05-20,15.487,15.487,14.519,15.412,3550,54712.600000000006,,,,,,,,
2014-05-21,15.264,15.264,15.264,15.264,50,763.1999999999999,,,,,,,,
2014-05-22,15.04,15.934,14.668,15.115,2490,37636.35,,,,,,,,
2014-05-23,14.519,15.859,14.519,15.859,7200,114184.8,,,,,,,,
2014-05-26,14.966,15.412,14.966,15.264,2010,30680.64,,,,,,,,
2014-05-27,15.636,15.636,14.891,15.189,1110,16859.79,,,,,,,,
2014-05-28,15.412,15.412,14.891,15.264,1170,17858.88,,,,,,,,
2014-05-29,15.636,15.636,14.593,14.891,3200,47651.2,,,,,,,,
2014-05-30,15.189,15.189,14.891,15.04,260,3910.4,,,,,,,,
2014-06-02,15.04,15.04,14.444,14.444,1200,17332.8,,,,,,,,
2014-06-03,15.189,15.189,14.444,14.966,3730,55823.18,,,,,,,,
2014-06-04,14.37,15.04,14.37,14.742,700,10319.4,,,,,,,,
2014-06-05,15.189,15.189,14.817,15.115,80,1209.2,,,,,,,,
2014-06-06,15.115,15.115,15.115,15.115,0,0.0,,,,,,,,
2014-06-09,14.519,15.04,14.519,15.04,1090,16393.6,,,,,,,,
2014-06-10,15.189,15.189,14.444,15.04,2090,31433.6,,,,,,,,
2014-06-11,14.519,14.817,14.519,14.817,130,1926.21,,,,,,,,
2014-06-12,14.519,14.742,14.519,14.742,20,294.84000000000003,,,,,,,,
2014-06-13,14.444,15.04,14.444,14.966,1550,23197.3,,,,,,,,
2014-06-16,14.519,14.966,14.444,14.966,1010,15115.66,,,,,,,,
2014-06-17,14.519,15.115,14.444,15.115,2580,38996.7,,,,,,,,
2014-06-18,14.966,15.636,14.966,15.561,10380,161523.18,,,,,,,,
2014-06-19,15.561,15.561,15.561,15.561,10,155.61,,,,,,,,
2014-06-20,15.412,15.412,14.891,15.412,1670,25738.04,,,,,,,,
2014-06-23,15.412,15.412,15.412,15.412,0,0.0,,,,,,,,
2014-06-24,15.412,15.412,15.412,15.412,10,154.12,,,,,,,,
2014-06-25,14.668,15.561,14.519,15.412,140,2157.6800000000003,,,,,,,,
2014-06-26,15.264,15.264,15.264,15.264,10,152.64,,,,,,,,
2014-06-27,14.593,15.189,14.593,15.189,1500,22783.5,,,,,,,,
2014-06-30,15.264,15.785,15.04,15.04,120,1804.8,,,,,,,,
2014-07-01,15.338,15.338,14.668,15.189,790,11999.31,,,,,,,,
2014-07-02,15.487,15.487,15.264,15.264,50,763.1999999999999,,,,,,,,
2014-07-03,15.04,15.338,15.04,15.338,670,10276.46,,,,,,,,
2014-07-04,14.891,15.338,14.296,15.338,820,12577.16,,,,,,,,
2014-07-07,15.338,15.338,15.338,15.338,0,0.0,,,,,,,,
2014-07-08,15.189,15.189,15.189,15.189,550,8353.95,,,,,,,,
2014-07-09,15.04,15.115,15.04,15.115,420,6348.3,,,,,,,,
2014-07-10,14.891,15.115,14.519,15.115,1070,16173.05,,,,,,,,
2014-07-11,15.338,15.338,15.189,15.189,1020,15492.78,,,,,,,,
2014-07-14,15.189,15.189,15.189,15.189,0,0.0,,,,,,,,
2014-07-15,15.189,15.487,15.189,15.487,330,5110.71,,,,,,,,
2014-07-16,15.264,15.264,14.891,14.966,17740,265496.84,,,,,,,,
2014-07-17,15.338,15.412,15.338,15.412,50,770.6,,,,,,,,
2014-07-18,15.264,15.264,15.264,15.264,190,2900.16,,,,,,,,
2014-07-21,15.561,15.561,14.891,14.966,9290,139034.13999999998,,,,,,,,
2014-07-22,14.966,14.966,14.891,14.966,6840,102367.44,,,,,,,,
2014-07-23,14.966,15.934,14.966,15.785,82280,1298789.8,,,,,,,,
2014-07-24,16.827,16.827,16.827,16.827,48670,818970.0900000001,,,,,,,,
2014-07-25,17.944,17.944,17.795,17.944,160680,2883241.92,,,,,,,,
2014-07-28,17.497,17.795,17.199,17.646,50250,886711.5,,,,,,,,
2014-07-29,17.274,18.837,16.976,17.497,11270,197191.19,,,,,,,,
2014-07-30,17.646,17.646,16.976,16.976,42100,714689.6,,,,,,,,
2014-07-31,16.753,17.497,16.753,17.497,32830,574426.51,,,,,,,,
2014-08-01,17.497,17.869,16.827,16.827,14380,241972.26000000004,,,,,,,,
2014-08-04,17.423,17.944,16.38,17.944,72870,1307579.28,,,,,,,,
2014-08-05,18.316,18.912,18.167,18.242,58600,1068981.2,,,,,,,,
2014-08-06,18.614,18.614,17.869,18.242,12740,232403.08,,,,,,,,
2014-08-07,18.242,18.242,17.572,17.646,17680,311981.28,,,,,,,,
2014-08-08,17.497,17.869,17.199,17.423,36710,639598.33,,,,,,,,
2014-08-11,17.869,17.944,17.125,17.497,18360,321244.92,,,,,,,,
2014-08-12,17.497,18.242,17.497,18.242,23030,420113.26,,,,,,,,
2014-08-13,18.167,18.614,17.572,18.018,13770,248107.86,,,,,,,,
2014-08-14,18.018,18.018,17.497,17.795,5250,93423.75,,,,,,,,
2014-08-15,17.795,17.795,17.199,17.646,7350,129698.1,,,,,,,,
2014-08-18,17.795,17.869,17.199,17.646,13180,232574.28,,,,,,,,
2014-08-19,17.199,17.721,17.199,17.721,23000,407583.0,,,,,,,,
2014-08-20,17.348,17.721,17.348,17.721,7900,139995.9,,,,,,,,
2014-08-21,17.497,17.795,17.274,17.646,24810,437797.26,,,,,,,,
2014-08-22,17.646,18.837,17.646,18.465,82370,1520962.05,,,,,,,,
2014-08-25,18.465,19.582,18.242,18.763,15360,288199.68000000005,,,,,,,,
2014-08-26,18.614,18.614,17.721,18.391,48290,888101.3899999999,,,,,,,,
2014-08-27,18.391,18.614,17.795,18.242,19420,354259.64,,,,,,,,
2014-08-28,17.869,18.391,17.721,18.391,24530,451131.23,,,,,,,,
2014-08-29,18.54,18.763,17.869,18.242,96920,1768014.64,,,,,,,,
2014-09-03,19.284,19.359,18.316,18.316,59680,1093098.88,,,,,,,,
2014-09-04,18.316,19.359,18.093,18.912,12630,238858.56,,,,,,,,
2014-09-05,18.242,18.763,18.242,18.465,2340,43208.1,,,,,,,,
2014-09-08,18.763,18.763,18.242,18.688,22570,421788.16,,,,,,,,
2014-09-09,18.316,18.614,18.018,18.018,24180,435675.24,,,,,,,,
2014-09-10,18.018,18.614,17.944,18.614,14900,277348.60000000003,,,,,,,,
2014-09-11,18.54,19.731,18.54,19.731,38920,767930.52,,,,,,,,
2014-09-12,19.359,19.508,19.359,19.359,10710,207334.89,,,,,,,,
2014-09-15,19.656,19.656,18.614,18.614,3460,64404.44,,,,,,,,
2014-09-16,18.465,18.763,18.167,18.167,21350,387865.45,,,,,,,,
2014-09-17,18.242,19.284,18.242,18.986,41580,789437.88,,,,,,,,
2014-09-18,19.731,19.731,18.54,18.614,9400,174971.6,,,,,,,,
2014-09-19,18.614,18.614,18.242,18.614,6100,113545.4,,,,,,,,
2014-09-22,18.986,18.986,18.242,18.763,5950,111639.85,,,,,,,,
2014-09-23,18.763,18.986,18.391,18.986,12670,240552.62,,,,,,,,
2014-09-24,18.986,19.359,18.54,18.54,17050,316107.0,,,,,,,,
2014-09-25,18.465,18.837,18.316,18.614,11250,209407.5,,,,,,,,
2014-09-26,18.614,19.359,18.614,19.061,1940,36978.34,,,,,,,,
2014-09-29,19.359,19.359,18.614,18.986,5060,96069.16,,,,,,,,
2014-09-30,18.316,18.837,18.316,18.316,4890,89565.23999999999,,,,,,,,
2014-10-01,18.316,18.763,18.316,18.614,25370,472237.18,,,,,,,,
2014-10-02,18.391,18.688,18.316,18.614,22290,414906.06,,,,,,,,
2014-10-03,18.614,18.614,18.465,18.614,7290,135696.06,,,,,,,,
2014-10-06,18.688,19.359,18.614,19.135,5780,110600.3,,,,,,,,
2014-10-07,19.21,19.21,18.54,19.135,4210,80558.35,,,,,,,,
2014-10-08,18.614,18.837,18.54,18.763,6420,120458.46,,,,,,,,
2014-10-09,18.837,18.986,18.465,18.763,6810,127776.03,,,,,,,,
2014-10-10,18.912,18.912,18.465,18.763,700,13134.1,,,,,,,,
2014-10-13,18.763,18.986,18.54,18.912,3260,61653.12,,,,,,,,
2014-10-14,18.912,19.284,18.614,19.284,27830,536673.72,,,,,,,,
2014-10-15,18.614,19.21,18.391,19.21,12910,248001.1,,,,,,,,
2014-10-16,19.359,19.359,18.763,19.135,20970,401260.95,,,,,,,,
2014-10-17,19.21,19.21,18.614,18.986,2560,48604.16,,,,,,,,
2014-10-20,18.986,19.582,18.912,19.359,3010,58270.59,,,,,,,,
2014-10-21,19.582,19.582,18.912,19.359,1110,21488.49,,,,,,,,
2014-10-22,19.359,20.699,19.359,20.103,20340,408895.02,,,,,,,,
2014-10-23,20.103,20.103,19.731,20.103,610,12262.830000000002,,,,,,,,
2014-10-24,20.103,20.103,20.103,20.103,0,0.0,,,,,,,,
2014-10-27,19.954,19.954,18.763,18.837,3580,67436.45999999999,,,,,,,,
2014-10-28,19.954,20.103,18.837,18.912,5920,111959.04,,,,,,,,
2014-10-29,19.731,20.029,18.986,18.986,2480,47085.28,,,,,,,,
2014-10-30,19.582,19.88,18.986,19.88,3230,64212.4,,,,,,,,
2014-10-31,20.103,20.103,19.433,19.656,4070,79999.92,,,,,,,,
2014-11-03,19.656,19.88,19.433,19.656,8720,171400.31999999998,,,,,,,,
2014-11-04,19.656,19.656,19.061,19.359,12570,243342.63000000003,,,,,,,,
2014-11-05,19.359,19.656,19.359,19.433,880,17101.04,,,,,,,,
2014-11-06,19.433,19.954,19.359,19.656,10410,204618.96,,,,,,,,
2014-11-07,19.359,19.508,19.21,19.508,1300,25360.4,,,,,,,,
2014-11-10,19.656,19.656,19.284,19.582,15190,297450.58,,,,,,,,
2014-11-11,19.21,19.582,19.135,19.135,1860,35591.100000000006,,,,,,,,
2014-11-12,19.731,19.731,19.359,19.656,6870,135036.72,,,,,,,,
2014-11-13,19.508,19.656,19.508,19.656,10020,196953.12,,,,,,,,
2014-11-14,19.805,20.252,19.508,19.582,980,19190.36,,,,,,,,
2014-11-17,20.029,20.252,19.954,20.252,8300,168091.59999999998,,,,,,,,
2014-11-18,20.699,20.699,20.103,20.103,2490,50056.47,,,,,,,,
2014-11-19,19.731,21.443,19.731,20.997,880,18477.36,,,,,,,,
2014-11-20,21.443,21.443,20.103,20.997,670,14067.99,,,,,,,,
2014-11-21,22.262,22.411,21.741,22.411,20550,460546.0500000001,,,,,,,,
2014-11-24,23.826,23.826,20.848,20.848,10970,228702.56,,,,,,,,
2014-11-25,22.188,22.188,19.433,19.731,51060,1007464.86,,,,,,,,
2014-11-26,20.103,21.071,19.731,20.029,109020,2183561.58,,,,,,,,
2014-11-27,20.848,21.294,20.029,20.327,20750,421785.25000000006,,,,,,,,
2014-11-28,20.773,21.741,20.699,20.773,28910,600547.4299999999,,,,,,,,
2014-12-01,21.518,21.518,20.103,20.55,15180,311949.0,,,,,,,,
2014-12-02,21.146,21.592,20.475,21.592,4010,86583.92,,,,,,,,
2014-12-03,20.55,21.592,20.475,20.699,25470,527203.53,,,,,,,,
2014-12-04,20.997,21.443,20.327,20.475,19860,406633.5,,,,,,,,
2014-12-05,21.146,21.146,20.252,20.252,21290,431165.08,,,,,,,,
2014-12-08,20.475,20.922,20.178,20.252,19700,398964.4,,,,,,,,
2014-12-09,20.773,20.773,19.731,19.805,36070,714366.35,,,,,,,,
2014-12-10,20.475,20.475,19.731,20.475,2240,45864.0,,,,,,,,
2014-12-11,20.401,20.699,20.103,20.55,13410,275575.5,,,,,,,,
2014-12-12,20.475,20.773,20.178,20.55,13220,271671.0,,,,,,,,
2014-12-15,20.55,20.699,20.55,20.699,27840,576260.16,,,,,,,,
2014-12-16,20.773,21.592,20.029,20.475,7470,152948.25,,,,,,,,
2014-12-17,20.773,21.518,19.061,20.55,6720,138096.0,,,,,,,,
2014-12-18,20.475,20.848,19.88,20.773,3410,70835.93,,,,,,,,
2014-12-19,20.699,21.22,20.252,20.475,18210,372849.75,,,,,,,,
2014-12-22,20.401,20.773,20.401,20.475,9480,194103.0,,,,,,,,
2014-12-23,20.848,20.848,19.805,19.805,3510,69515.55,,,,,,,,
2014-12-24,19.88,20.475,19.805,19.954,9710,193753.34,,,,,,,,
2014-12-25,20.848,20.848,18.614,18.614,3530,65707.42,,,,,,,,
2014-12-26,19.88,19.88,19.88,19.88,19660,390840.8,,,,,,,,
2014-12-29,20.401,20.401,19.656,19.954,4220,84205.88,,,,,,,,
2014-12-30,19.359,20.848,19.359,20.848,11680,243504.64,,,,,,,,
2014-12-31,19.805,21.22,19.805,20.997,19540,410281.38,,,,,,,,
2015-01-05,20.252,21.294,20.252,20.997,160,3359.52,,,,,,,,
2015-01-06,20.922,20.922,20.922,20.922,5000,104610.0,,,,,,,,
2015-01-07,20.699,20.773,20.252,20.773,2040,42376.92,,,,,,,,
2015-01-08,21.071,21.146,20.401,20.401,160,3264.16,,,,,,,,
2015-01-09,21.146,21.146,20.401,20.773,1330,27628.09,,,,,,,,
2015-01-12,21.071,21.071,19.954,20.699,1980,40984.02,,,,,,,,
2015-01-13,20.029,20.922,19.954,20.922,740,15482.28,,,,,,,,
2015-01-14,20.922,20.997,19.805,20.401,2020,41210.02,,,,,,,,
2015-01-15,20.55,20.624,19.88,19.88,140,2783.2,,,,,,,,
2015-01-16,19.88,20.773,19.433,20.475,930,19041.75,,,,,,,,
2015-01-19,19.731,20.475,19.731,20.475,340,6961.500000000001,,,,,,,,
2015-01-20,19.88,20.252,19.88,20.252,5020,101665.04,,,,,,,,
2015-01-21,20.55,20.922,19.284,19.954,12830,256009.82,,,,,,,,
2015-01-22,19.731,20.475,19.731,20.475,700,14332.500000000002,,,,,,,,
2015-01-23,19.731,20.624,19.731,20.55,730,15001.5,,,,,,,,
2015-01-26,20.55,20.848,20.475,20.848,300,6254.4,,,,,,,,
2015-01-27,20.475,20.699,19.88,20.475,730,14946.750000000002,,,,,,,,
2015-01-28,20.55,20.624,19.433,19.433,4200,81618.6,,,,,,,,
2015-01-29,19.731,20.252,19.731,20.103,3770,75788.31000000001,,,,,,,,
2015-01-30,20.252,20.475,19.433,19.508,11530,224927.24,,,,,,,,
2015-02-02,19.433,19.805,19.359,19.805,3530,69911.65,,,,,,,,
2015-02-03,19.359,19.805,19.359,19.805,2010,39808.05,,,,,,,,
2015-02-04,19.805,20.029,19.21,19.21,4550,87405.5,,,,,,,,
2015-02-05,18.986,19.731,18.986,19.731,20,394.62,,,,,,,,
2015-02-06,20.103,20.401,19.359,19.359,2020,39105.18,,,,,,,,
2015-02-09,19.433,19.433,19.359,19.433,1020,19821.66,,,,,,,,
2015-02-10,20.103,20.103,20.103,20.103,10,201.03000000000003,,,,,,,,
2015-02-11,20.252,20.401,20.252,20.401,20,408.02,,,,,,,,
2015-02-12,19.135,19.731,19.135,19.731,20,394.62,,,,,,,,
2015-02-13,20.103,20.103,19.359,19.731,5020,99049.62,,,,,,,,
2015-02-24,20.178,20.178,19.954,20.103,1050,21108.15,,,,,,,,
2015-02-25,20.103,20.103,20.103,20.103,0,0.0,,,,,,,,
2015-02-26,19.731,19.954,19.731,19.954,70,1396.78,,,,,,,,
2015-02-27,19.061,19.88,18.986,19.88,890,17693.2,,,,,,,,
2015-03-02,19.88,19.88,19.656,19.805,3000,59415.0,,,,,,,,
2015-03-03,19.433,20.029,19.433,20.029,1160,23233.64,,,,,,,,
2015-03-04,19.954,19.954,19.954,19.954,10,199.54,,,,,,,,
2015-03-05,19.359,19.954,19.359,19.954,5030,100368.62,,,,,,,,
2015-03-06,19.954,19.954,19.954,19.954,110,2194.94,,,,,,,,
2015-03-09,19.061,19.954,18.986,19.954,1110,22148.94,,,,,,,,
2015-03-10,18.986,19.954,18.986,19.954,1010,20153.54,,,,,,,,
2015-03-11,19.88,19.88,19.88,19.88,1800,35784.0,,,,,,,,
2015-03-12,19.88,19.88,19.88,19.88,0,0.0,,,,,,,,
2015-03-13,19.88,19.88,19.88,19.88,10,198.8,,,,,,,,
2015-03-16,18.763,19.805,18.763,19.805,30,594.15,,,,,,,,
2015-03-17,19.359,19.731,19.359,19.731,2250,44394.75000000001,,,,,,,,
2015-03-18,19.954,19.954,18.688,19.731,3350,66098.85,,,,,,,,
2015-03-19,18.986,19.284,18.688,18.986,4100,77842.6,,,,,,,,
2015-03-20,18.986,18.986,18.986,18.986,3340,63413.240000000005,,,,,,,,
2015-03-23,18.912,18.912,18.242,18.912,1550,29313.6,,,,,,,,
2015-03-24,18.242,18.242,17.721,17.721,8230,145843.83,,,,,,,,
2015-03-25,18.316,18.912,17.125,18.316,650,11905.4,,,,,,,,
2015-03-26,18.614,18.688,17.869,18.242,60,1094.52,,,,,,,,
2015-03-27,18.167,18.167,17.125,17.869,5380,96135.22,,,,,,,,
2015-03-30,18.986,18.986,18.614,18.614,20,372.28,,,,,,,,
2015-03-31,17.423,18.54,17.423,18.54,20,370.8,,,,,,,,
2015-04-01,17.423,18.465,17.423,17.869,5260,93990.94,,,,,,,,
2015-04-02,17.125,17.869,16.753,17.869,1320,23587.08,,,,,,,,
2015-04-03,17.869,18.54,17.869,17.869,2320,41456.08,,,,,,,,
2015-04-06,17.944,18.093,17.795,17.869,2120,37882.28,,,,,,,,
2015-04-07,17.869,17.869,16.902,17.869,13040,233011.76,,,,,,,,
2015-04-08,17.721,17.795,17.721,17.795,580,10321.1,,,,,,,,
2015-04-09,17.795,18.242,17.795,17.795,17680,314615.60000000003,,,,,,,,
2015-04-10,17.795,18.912,17.795,18.837,11590,218320.83,,,,,,,,
2015-04-13,18.837,19.88,17.869,17.869,6800,121509.2,,,,,,,,
2015-04-14,18.614,18.614,18.167,18.242,5040,91939.68,,,,,,,,
2015-04-15,18.614,18.614,17.795,18.167,5840,106095.28,,,,,,,,
2015-04-16,17.572,18.093,17.572,18.093,5020,90826.86,,,,,,,,
2015-04-17,18.465,18.465,18.167,18.242,12070,220180.94,,,,,,,,
2015-04-20,18.316,18.465,17.721,17.721,5590,99060.39,,,,,,,,
2015-04-21,18.391,18.391,17.721,17.721,3110,55112.31,,,,,,,,
2015-04-22,18.242,18.763,18.242,18.614,9620,179066.68,,,,,,,,
2015-04-23,18.688,19.359,18.242,18.614,1170,21778.38,,,,,,,,
2015-04-24,18.986,18.986,18.986,18.986,30,569.58,,,,,,,,
2015-04-27,18.688,20.103,18.688,20.103,1070,21510.210000000003,,,,,,,,
2015-05-04,19.731,20.475,19.731,20.475,920,18837.0,,,,,,,,
2015-05-05,20.475,20.475,20.475,20.475,0,0.0,,,,,,,,
2015-05-06,19.061,20.475,19.061,19.582,4250,83223.5,,,,,,,,
2015-05-07,19.359,19.656,19.359,19.656,290,5700.24,,,,,,,,
2015-05-08,19.656,19.656,19.656,19.656,0,0.0,,,,,,,,
2015-05-11,18.391,18.391,18.391,18.391,270,4965.57,,,,,,,,
2015-05-12,18.986,18.986,18.986,18.986,20,379.72,,,,,,,,
2015-05-13,19.731,20.103,19.731,20.103,150,3015.4500000000003,,,,,,,,
2015-05-14,18.763,18.763,18.763,18.763,610,11445.43,,,,,,,,
2015-05-15,19.433,19.433,17.497,18.465,2250,41546.25,,,,,,,,
2015-05-18,18.242,18.242,17.795,18.242,2290,41774.18,,,,,,,,
2015-05-19,18.093,18.093,18.093,18.093,10,180.93,,,,,,,,
2015-05-20,18.242,18.912,18.093,18.465,110,2031.15,,,,,,,,
2015-05-21,18.242,18.242,17.721,18.093,2410,43604.13,,,,,,,,
2015-05-22,17.869,18.018,17.869,18.018,5670,102162.06,,,,,,,,
2015-05-25,17.944,18.986,17.944,18.986,2130,40440.18,,,,,,,,
2015-05-26,17.869,18.465,17.869,18.465,590,10894.35,,,,,,,,
2015-05-27,18.465,18.465,18.465,18.465,0,0.0,,,,,,,,
2015-05-28,18.614,19.359,18.465,18.465,53630,990277.95,,,,,,,,
2015-05-29,18.986,19.21,18.242,18.242,300,5472.6,,,,,,,,
2015-06-01,18.614,18.614,18.614,18.614,50,930.7,,,,,,,,
2015-06-02,18.391,18.465,17.869,17.869,6530,116684.57,,,,,,,,
2015-06-03,18.242,18.242,18.018,18.018,180,3243.24,,,,,,,,
2015-06-04,17.944,18.018,17.944,18.018,2680,48288.240000000005,,,,,,,,
2015-06-05,18.986,18.986,18.986,18.986,10,189.86,,,,,,,,
2015-06-08,17.869,18.986,17.869,18.986,2350,44617.1,,,,,,,,
2015-06-09,17.869,18.614,17.869,18.54,870,16129.8,,,,,,,,
2015-06-10,18.986,19.21,18.093,18.54,350,6489.0,,,,,,,,
2015-06-11,18.465,18.465,18.465,18.465,10,184.65,,,,,,,,
2015-06-12,18.986,19.21,18.018,18.465,3170,58534.05,,,,,,,,
2015-06-15,18.465,18.465,18.465,18.465,0,0.0,,,,,,,,
2015-06-16,17.869,17.869,17.721,17.869,20860,372747.34,,,,,,,,
2015-06-17,17.795,17.795,17.795,17.795,5500,97872.5,,,,,,,,
2015-06-18,17.795,17.795,17.795,17.795,350,6228.250000000001,,,,,,,,
2015-06-19,17.795,17.795,17.572,17.795,2810,50003.95,,,,,,,,
2015-06-22,18.614,18.614,18.614,18.614,20,372.28,,,,,,,,
2015-06-23,17.423,17.869,17.423,17.869,3610,64507.09,,,,,,,,
2015-06-24,17.423,17.869,17.423,17.869,15050,268928.45,,,,,,,,
2015-06-25,17.274,18.986,17.274,18.986,3500,66451.0,,,,,,,,
2015-06-26,17.721,17.721,17.721,17.721,290,5139.09,,,,,,,,
2015-06-29,18.614,18.614,16.529,16.678,10620,177120.36000000002,,,,,,,,
2015-06-30,17.795,17.795,16.38,17.721,560,9923.76,,,,,,,,
2015-07-01,18.391,18.391,18.391,18.391,90,1655.1899999999998,,,,,,,,
2015-07-02,17.348,18.465,17.274,18.316,2970,54398.52,,,,,,,,
2015-07-03,17.199,17.199,17.199,17.199,100,1719.9,,,,,,,,
2015-07-06,17.199,17.572,17.125,17.572,3750,65895.0,,,,,,,,
2015-07-07,16.604,17.572,16.604,17.572,9820,172557.03999999998,,,,,,,,
2015-07-08,17.572,18.242,16.678,18.242,7750,141375.5,,,,,,,,
2015-07-09,18.242,18.242,18.242,18.242,0,0.0,,,,,,,,
2015-07-10,16.976,17.274,16.976,17.274,630,10882.62,,,,,,,,
2015-07-13,16.157,17.497,16.157,17.497,80,1399.76,,,,,,,,
2015-07-14,16.38,17.125,16.38,17.125,10020,171592.5,,,,,,,,
2015-07-15,16.231,17.348,16.231,17.348,8970,155611.56,,,,,,,,
2015-07-16,17.348,17.348,17.348,17.348,0,0.0,,,,,,,,
2015-07-17,16.976,16.976,16.753,16.753,1730,28982.69,,,,,,,,
2015-07-20,15.859,16.753,15.636,16.753,9830,164681.99,,,,,,,,
2015-07-21,15.636,16.529,15.636,16.38,60,982.8,,,,,,,,
2015-07-22,16.38,16.38,16.38,16.38,0,0.0,,,,,,,,
2015-07-23,16.008,16.008,15.264,15.264,4680,71435.52,,,,,,,,
2015-07-24,16.083,16.083,15.934,16.008,310,4962.48,,,,,,,,
2015-07-27,16.008,16.306,16.008,16.306,700,11414.2,,,,,,,,
2015-07-28,16.678,16.678,15.412,15.785,6030,95183.55,,,,,,,,
2015-07-29,16.008,16.157,16.008,16.157,450,7270.65,,,,,,,,
2015-07-30,15.338,16.083,15.04,16.083,3070,49374.81,,,,,,,,
2015-07-31,16.157,17.125,16.157,17.125,1000,17125.0,,,,,,,,
2015-08-03,15.934,17.125,15.934,17.05,2830,48251.5,,,,,,,,
2015-08-04,16.902,16.976,15.859,15.859,4940,78343.46,,,,,,,,
2015-08-05,16.008,16.38,15.859,15.859,70,1110.13,,,,,,,,
2015-08-06,15.859,16.306,15.636,16.306,7080,115446.48,,,,,,,,
2015-08-07,16.306,16.902,16.306,16.902,420,7098.84,,,,,,,,
2015-08-10,16.231,16.753,15.859,15.859,640,10149.76,,,,,,,,
2015-08-11,16.529,16.678,16.38,16.38,170,2784.6,,,,,,,,
2015-08-12,16.38,16.38,16.38,16.38,0,0.0,,,,,,,,
2015-08-13,15.264,16.306,15.264,16.008,8440,135107.52,,,,,,,,
2015-08-14,16.306,16.306,15.04,16.008,340,5442.719999999999,,,,,,,,
2015-08-17,15.04,16.231,14.966,14.966,4020,60163.32,,,,,,,,
2015-08-18,16.008,16.008,16.008,16.008,10,160.07999999999998,,,,,,,,
2015-08-19,15.934,15.934,14.966,14.966,410,6136.06,,,,,,,,
2015-08-20,15.636,15.859,14.668,15.04,650,9776.0,,,,,,,,
2015-08-21,16.083,16.083,14.147,15.934,550,8763.699999999999,,,,,,,,
2015-08-24,14.966,14.966,14.891,14.891,7370,109746.67,,,,,,,,
2015-08-25,15.264,15.934,15.264,15.934,110,1752.74,,,,,,,,
2015-08-26,15.264,15.785,15.264,15.71,4050,63625.5,,,,,,,,
2015-08-27,15.934,15.934,15.487,15.487,4810,74492.47,,,,,,,,
2015-08-28,15.264,15.487,15.264,15.264,3470,52966.08,,,,,,,,
2015-08-31,15.636,16.008,15.636,16.008,510,8164.08,,,,,,,,
2015-09-01,16.008,16.753,16.008,16.753,200,3350.6,,,,,,,,
2015-09-03,15.636,15.636,15.636,15.636,140,2189.04,,,,,,,,
2015-09-04,15.636,16.38,15.636,16.38,90,1474.1999999999998,,,,,,,,
2015-09-07,16.38,16.38,16.38,16.38,0,0.0,,,,,,,,
2015-09-08,15.264,15.934,15.264,15.934,130,2071.42,,,,,,,,
2015-09-09,14.966,16.827,14.891,16.231,810,13147.11,,,,,,,,
2015-09-10,15.115,15.859,15.115,15.636,600,9381.6,,,,,,,,
2015-09-11,15.636,16.157,15.636,15.785,1980,31254.3,,,,,,,,
2015-09-14,14.742,15.636,14.742,14.742,2430,35823.060000000005,,,,,,,,
2015-09-15,15.264,15.71,15.264,15.71,130,2042.3,,,,,,,,
2015-09-16,15.636,15.636,15.561,15.561,12500,194512.5,,,,,,,,
2015-09-17,15.934,15.934,15.934,15.934,10,159.34,,,,,,,,
2015-09-18,14.891,15.934,14.891,15.934,4190,66763.45999999999,,,,,,,,
2015-09-21,15.636,15.636,15.636,15.636,10,156.36,,,,,,,,
2015-09-22,15.636,15.636,15.636,15.636,0,0.0,,,,,,,,
2015-09-23,15.338,15.636,15.338,15.636,5040,78805.44,,,,,,,,
2015-09-24,15.264,16.38,15.264,16.38,1630,26699.4,,,,,,,,
2015-09-25,15.264,16.157,15.264,16.157,1610,26012.77,,,,,,,,
2015-09-28,16.157,16.157,16.157,16.157,0,0.0,,,,,,,,
2015-09-29,15.04,15.785,15.04,15.785,1220,19257.7,,,,,,,,
2015-09-30,16.157,16.157,16.157,16.157,140,2261.98,,,,,,,,
2015-10-01,16.157,16.157,16.157,16.157,0,0.0,,,,,,,,
2015-10-02,16.38,17.125,15.636,16.008,1000,16008.0,,,,,,,,
2015-10-05,15.115,16.008,15.115,15.636,3300,51598.8,,,,,,,,
2015-10-06,15.636,15.636,14.891,14.891,9650,143698.15,,,,,,,,
2015-10-07,15.636,15.636,15.636,15.636,10,156.36,,,,,,,,
2015-10-08,14.891,15.636,14.891,15.636,3150,49253.4,,,,,,,,
2015-10-09,14.891,15.561,14.593,15.561,3120,48550.32,,,,,,,,
2015-10-12,15.561,15.561,15.561,15.561,0,0.0,,,,,,,,
2015-10-13,15.561,15.561,15.561,15.561,0,0.0,,,,,,,,
2015-10-14,14.891,15.412,14.891,15.189,380,5771.82,,,,,,,,
2015-10-15,14.891,15.338,14.891,15.338,270,4141.26,,,,,,,,
2015-10-16,14.891,15.189,14.891,15.189,460,6986.94,,,,,,,,
2015-10-19,14.891,15.189,14.891,15.189,320,4860.48,,,,,,,,
2015-10-20,15.115,15.189,14.742,14.742,2410,35528.22,,,,,,,,
2015-10-21,14.221,15.189,13.923,14.147,12810,181223.07,,,,,,,,
2015-10-22,14.891,14.891,13.402,14.147,14120,199755.64,,,,,,,,
2015-10-23,13.328,14.891,13.179,13.179,15900,209546.1,,,,,,,,
2015-10-26,13.774,13.774,12.509,12.509,15020,187885.18,,,,,,,,
2015-10-27,13.253,13.253,12.509,12.509,7780,97320.02,,,,,,,,
2015-10-28,12.658,12.658,12.509,12.509,5180,64796.62,,,,,,,,
2015-10-29,13.253,13.253,12.285,12.509,13700,171373.30000000002,,,,,,,,
2015-10-30,13.179,13.179,13.179,13.179,1070,14101.53,,,,,,,,
2015-11-02,13.104,13.328,12.806,13.104,18980,248713.92,,,,,,,,
2015-11-03,12.732,12.732,12.732,12.732,30,381.96,,,,,,,,
2015-11-04,12.732,13.179,11.913,11.913,22150,263872.95,,,,,,,,
2015-11-05,12.583,12.583,11.913,11.913,99070,1180220.91,,,,,,,,
2015-11-06,11.913,12.583,11.913,11.913,15160,180601.08,,,,,,,,
2015-11-09,12.434,12.434,11.392,11.541,48850,563777.85,,,,,,,,
2015-11-10,11.913,12.285,11.392,11.392,37530,427541.76,,,,,,,,
2015-11-11,11.913,11.913,11.02,11.392,66590,758593.2799999999,,,,,,,,
2015-11-12,11.615,11.913,11.168,11.168,9970,111344.96,,,,,,,,
2015-11-13,11.615,11.764,11.02,11.168,28010,312815.68,,,,,,,,
2015-11-16,11.168,11.69,11.168,11.69,15080,176285.19999999998,,,,,,,,
2015-11-17,11.69,11.839,11.243,11.764,1900,22351.6,,,,,,,,
2015-11-18,11.913,12.211,11.913,12.211,1810,22101.91,,,,,,,,
2015-11-19,12.211,12.955,12.136,12.806,9070,116150.42,,,,,,,,
2015-11-20,12.881,13.402,12.062,13.104,7180,94086.72,,,,,,,,
2015-11-23,13.253,13.849,12.881,12.881,1520,19579.12,,,,,,,,
2015-11-24,13.104,13.402,12.211,12.658,3870,48986.46,,,,,,,,
2015-11-25,12.955,13.104,12.955,12.955,570,7384.35,,,,,,,,
2015-11-26,12.062,13.253,12.062,13.253,2190,29024.07,,,,,,,,
2015-11-27,13.253,13.253,13.179,13.253,1010,13385.53,,,,,,,,
2015-11-30,13.253,13.402,13.179,13.179,600,7907.400000000001,,,,,,,,
2015-12-01,13.179,13.179,13.179,13.179,150,1976.85,,,,,,,,
2015-12-02,13.179,13.179,13.179,13.179,0,0.0,,,,,,,,
2015-12-03,12.658,13.03,12.36,12.36,6570,81205.2,,,,,,,,
2015-12-04,12.881,12.881,12.36,12.36,4730,58462.8,,,,,,,,
2015-12-07,12.881,12.881,11.987,11.987,5020,60174.74,,,,,,,,
2015-12-08,12.583,12.806,12.583,12.806,50,640.3,,,,,,,,
2015-12-09,12.806,12.806,12.062,12.136,5650,68568.4,,,,,,,,
2015-12-10,12.658,12.955,12.658,12.955,90,1165.95,,,,,,,,
2015-12-11,12.955,13.253,12.062,12.881,1260,16230.06,,,,,,,,
2015-12-14,12.136,12.658,12.062,12.658,7750,98099.5,,,,,,,,
2015-12-15,12.658,12.881,12.062,12.881,6220,80119.82,,,,,,,,
2015-12-16,12.658,12.881,12.136,12.211,10750,131268.25,,,,,,,,
2015-12-17,12.658,13.03,12.658,13.03,90,1172.7,,,,,,,,
2015-12-18,12.806,12.806,12.806,12.806,1040,13318.24,,,,,,,,
2015-12-21,12.806,12.806,12.806,12.806,0,0.0,,,,,,,,
2015-12-22,12.806,12.806,12.806,12.806,0,0.0,,,,,,,,
2015-12-23,12.658,12.732,12.658,12.732,2260,28774.32,,,,,,,,
2015-12-24,12.881,13.477,12.881,13.477,250,3369.25,,,,,,,,
2015-12-25,13.551,13.551,13.551,13.551,20,271.02,,,,,,,,
2015-12-28,13.551,13.551,13.551,13.551,0,0.0,,,,,,,,
2015-12-29,12.955,13.402,12.658,12.658,5760,72910.08,,,,,,,,
2015-12-30,13.03,13.104,12.955,13.104,3100,40622.4,,,,,,,,
2015-12-31,12.806,12.806,12.806,12.806,1530,19593.18,,,,,,,,
2016-01-04,13.03,13.328,13.03,13.328,150,1999.2,,,,,,,,
2016-01-05,13.03,13.03,13.03,13.03,1220,15896.6,,,,,,,,
2016-01-06,13.03,13.03,13.03,13.03,0,0.0,,,,,,,,
2016-01-07,12.806,12.806,12.806,12.806,10,128.06,,,,,,,,
2016-01-08,13.03,13.402,13.03,13.402,310,4154.62,,,,,,,,
2016-01-11,12.583,13.328,12.583,13.328,210,2798.88,,,,,,,,
2016-01-12,12.434,13.104,12.434,13.104,7990,104700.96,,,,,,,,
2016-01-13,13.03,13.03,13.03,13.03,20,260.6,,,,,,,,
2016-01-14,13.253,13.253,12.955,12.955,1170,15157.35,,,,,,,,
2016-01-15,13.402,13.849,13.402,13.849,140,1938.86,,,,,,,,
2016-01-18,12.881,13.402,12.881,13.402,960,12865.92,,,,,,,,
2016-01-19,12.509,12.509,12.509,12.509,10,125.09,,,,,,,,
2016-01-20,13.03,13.328,13.03,13.328,110,1466.08,,,,,,,,
2016-01-21,13.328,13.328,13.328,13.328,50,666.4,,,,,,,,
2016-01-22,12.434,12.955,12.434,12.955,760,9845.8,,,,,,,,
2016-01-25,12.955,12.955,12.955,12.955,90,1165.95,,,,,,,,
2016-01-26,13.179,13.402,13.179,13.402,120,1608.24,,,,,,,,
2016-01-27,12.509,12.509,12.509,12.509,620,7755.58,,,,,,,,
2016-01-28,12.211,12.509,11.764,12.509,3420,42780.78,,,,,,,,
2016-01-29,11.913,12.509,11.913,12.509,3570,44657.130000000005,,,,,,,,
2016-02-01,11.69,12.434,11.69,12.434,5030,62543.02,,,,,,,,
2016-02-02,11.69,12.36,11.615,11.615,620,7201.3,,,,,,,,
2016-02-03,12.136,12.36,11.764,11.764,1580,18587.12,,,,,,,,
2016-02-04,12.434,12.509,11.541,11.541,3330,38431.53,,,,,,,,
2016-02-05,12.285,12.285,12.285,12.285,30,368.55,,,,,,,,
2016-02-15,12.062,12.136,12.062,12.136,300,3640.8,,,,,,,,
2016-02-16,12.434,12.509,11.541,12.136,1400,16990.399999999998,,,,,,,,
2016-02-17,12.658,12.658,12.136,12.136,170,2063.12,,,,,,,,
2016-02-18,12.509,12.509,11.913,12.136,1970,23907.92,,,,,,,,
2016-02-19,12.434,12.434,11.987,12.36,1980,24472.8,,,,,,,,
2016-02-22,12.658,12.658,11.69,12.583,1530,19251.99,,,,,,,,
2016-02-23,11.913,13.328,11.913,12.658,3530,44682.74,,,,,,,,
2016-02-24,12.955,12.955,11.913,12.285,6770,83169.45,,,,,,,,
2016-02-25,11.913,11.913,11.466,11.466,6080,69713.28,,,,,,,,
2016-02-26,12.062,12.062,11.466,11.987,3680,44112.16,,,,,,,,
2016-02-29,12.285,12.583,11.839,12.583,3320,41775.56,,,,,,,,
2016-03-01,12.658,13.03,12.285,12.955,1740,22541.7,,,,,,,,
2016-03-02,13.03,13.328,12.658,12.658,940,11898.52,,,,,,,,
2016-03-03,12.285,12.881,11.913,12.881,4700,60540.7,,,,,,,,
2016-03-04,13.03,13.03,11.987,12.583,2570,32338.31,,,,,,,,
2016-03-07,12.509,12.509,12.285,12.285,370,4545.45,,,,,,,,
2016-03-08,12.583,12.583,12.583,12.583,70,880.8100000000001,,,,,,,,
2016-03-09,11.913,12.211,11.839,12.211,1170,14286.87,,,,,,,,
2016-03-10,12.732,12.732,12.509,12.509,1640,20514.76,,,,,,,,
2016-03-11,12.732,13.03,12.434,12.434,320,3978.88,,,,,,,,
2016-03-14,12.509,12.509,11.913,12.434,3120,38794.08,,,,,,,,
2016-03-15,12.806,12.881,12.136,12.509,530,6629.77,,,,,,,,
2016-03-16,12.509,12.509,12.509,12.509,0,0.0,,,,,,,,
2016-03-17,13.03,13.253,12.285,12.583,3290,41398.07,,,,,,,,
2016-03-18,12.955,12.955,12.136,12.285,6350,78009.75,,,,,,,,
2016-03-21,12.955,12.955,12.136,12.434,3160,39291.44,,,,,,,,
2016-03-22,12.136,12.285,12.062,12.285,1090,13390.65,,,,,,,,
2016-03-23,12.211,12.285,12.211,12.285,80,982.8,,,,,,,,
2016-03-24,12.509,12.509,12.509,12.509,50,625.45,,,,,,,,
2016-03-25,12.583,13.03,11.913,11.913,3270,38955.51,,,,,,,,
2016-03-28,11.913,12.434,11.913,12.36,12560,155241.6,,,,,,,,
2016-03-29,12.509,13.03,12.136,13.03,5130,66843.9,,,,,,,,
2016-03-30,12.658,13.328,12.658,12.658,420,5316.36,,,,,,,,
2016-03-31,13.104,13.179,12.583,12.658,6300,79745.4,,,,,,,,
2016-04-01,12.658,12.658,12.658,12.658,0,0.0,,,,,,,,
2016-04-04,12.509,12.658,12.509,12.658,2580,32657.64,,,,,,,,
2016-04-05,12.732,12.732,12.732,12.732,5000,63660.0,,,,,,,,
2016-04-06,12.36,12.658,12.285,12.285,6510,79975.35,,,,,,,,
2016-04-07,12.658,12.658,12.658,12.658,100,1265.8,,,,,,,,
2016-04-08,12.583,12.658,12.136,12.136,990,12014.64,,,,,,,,
2016-04-11,12.36,12.583,12.36,12.509,2290,28645.61,,,,,,,,
2016-04-12,11.987,13.328,11.987,12.658,6890,87213.62,,,,,,,,
2016-04-13,12.658,12.955,12.36,12.36,1310,16191.6,,,,,,,,
2016-04-14,12.955,13.179,12.955,13.179,17880,235640.52,,,,,,,,
2016-04-15,14.072,14.072,14.072,14.072,780,10976.16,,,,,,,,
2016-04-19,14.072,14.072,13.551,13.923,5320,74070.36,,,,,,,,
2016-04-20,14.147,14.147,14.072,14.072,30,422.16,,,,,,,,
2016-04-21,14.444,14.444,14.072,14.072,1010,14212.72,,,,,,,,
2016-04-22,14.072,14.221,13.402,14.221,42650,606525.65,,,,,,,,
2016-04-25,14.37,14.37,13.923,14.072,3020,42497.44,,,,,,,,
2016-04-26,14.072,14.221,13.923,14.221,5120,72811.52,,,,,,,,
2016-04-27,13.7,13.923,13.7,13.923,360,5012.28,,,,,,,,
2016-04-28,13.402,14.147,13.402,14.147,1390,19664.33,,,,,,,,
2016-04-29,13.998,13.998,13.179,13.923,15500,215806.5,,,,,,,,
2016-05-04,13.849,14.593,13.849,14.072,21280,299452.16,,,,,,,,
2016-05-05,13.998,13.998,13.923,13.923,20,278.46,,,,,,,,
2016-05-06,13.923,13.923,13.923,13.923,20,278.46,,,,,,,,
2016-05-09,13.849,13.849,13.849,13.849,20,276.98,,,,,,,,
2016-05-10,13.774,13.774,13.179,13.774,660,9090.84,,,,,,,,
2016-05-11,13.774,13.774,12.881,13.7,430,5891.0,,,,,,,,
2016-05-12,13.7,14.072,13.7,13.7,73550,1007635.0,,,,,,,,
2016-05-13,13.7,13.7,13.7,13.7,0,0.0,,,,,,,,
2016-05-16,13.998,13.998,13.998,13.998,40,559.92,,,,,,,,
2016-05-17,13.179,13.923,13.179,13.7,31760,435112.0,,,,,,,,
2016-05-18,13.7,13.7,13.7,13.7,0,0.0,,,,,,,,
2016-05-19,13.998,14.072,13.477,13.477,380,5121.26,,,,,,,,
2016-05-20,13.477,14.147,13.477,14.147,770,10893.19,,,,,,,,
2016-05-23,13.477,13.477,13.477,13.477,300,4043.1,,,,,,,,
2016-05-24,13.998,14.147,13.625,14.147,4290,60690.630000000005,,,,,,,,
2016-05-25,14.519,14.519,14.296,14.37,3230,46415.1,,,,,,,,
2016-05-26,14.37,14.37,14.37,14.37,320,4598.4,,,,,,,,
2016-05-27,14.668,14.668,14.668,14.668,100,1466.8,,,,,,,,
2016-05-30,14.742,14.742,14.742,14.742,240,3538.0800000000004,,,,,,,,
2016-05-31,14.519,14.668,13.774,14.444,5630,81319.72,,,,,,,,
2016-06-01,14.444,14.444,14.444,14.444,20,288.88,,,,,,,,
2016-06-02,14.444,14.668,13.551,14.668,10070,147706.75999999998,,,,,,,,
2016-06-03,14.593,14.668,14.147,14.593,450,6566.85,,,,,,,,
2016-06-06,14.593,14.593,14.147,14.519,100,1451.9,,,,,,,,
2016-06-07,14.519,15.487,14.221,14.668,980,14374.64,,,,,,,,
2016-06-08,14.519,14.668,14.519,14.668,10810,158561.08,,,,,,,,
2016-06-09,14.519,15.04,14.519,14.891,2420,36036.22,,,,,,,,
2016-06-10,15.04,15.189,14.444,14.891,2000,29782.0,,,,,,,,
2016-06-13,14.891,15.338,14.519,14.817,1450,21484.65,,,,,,,,
2016-06-14,14.742,14.817,14.296,14.817,520,7704.84,,,,,,,,
2016-06-15,14.444,14.742,14.444,14.742,190,2800.98,,,,,,,,
2016-06-16,14.519,14.668,14.296,14.593,70,1021.51,,,,,,,,
2016-06-17,14.221,14.444,14.221,14.444,210,3033.24,,,,,,,,
2016-06-20,14.296,14.817,14.147,14.668,3560,52218.08,,,,,,,,
2016-06-21,14.668,14.668,14.37,14.444,1520,21954.88,,,,,,,,
2016-06-22,14.37,14.966,14.37,14.966,11210,167768.86,,,,,,,,
2016-06-23,14.519,14.966,14.519,14.817,1960,29041.32,,,,,,,,
2016-06-24,15.115,15.115,14.147,14.817,3280,48599.76,,,,,,,,
2016-06-27,15.264,15.561,14.147,14.817,290,4296.93,,,,,,,,
2016-06-28,14.817,14.817,14.817,14.817,130,1926.21,,,,,,,,
2016-06-29,14.296,15.189,14.296,15.115,700,10580.5,,,,,,,,
2016-06-30,14.891,15.04,14.817,15.04,1210,18198.4,,,,,,,,
2016-07-01,14.519,16.008,14.37,16.008,4350,69634.8,,,,,,,,
2016-07-04,14.891,14.891,14.891,14.891,1130,16826.83,,,,,,,,
2016-07-05,14.891,14.891,14.147,14.444,3450,49831.8,,,,,,,,
2016-07-06,14.072,14.444,13.774,14.444,3740,54020.560000000005,,,,,,,,
2016-07-07,14.147,14.296,14.072,14.296,220,3145.12,,,,,,,,
2016-07-08,13.402,14.072,13.402,13.923,2710,37731.33,,,,,,,,
2016-07-11,14.072,14.072,13.402,13.849,2690,37253.81,,,,,,,,
2016-07-12,13.774,13.774,13.179,13.7,1540,21098.0,,,,,,,,
2016-07-13,13.625,13.625,13.477,13.625,2110,28748.75,,,,,,,,
2016-07-14,13.551,13.625,13.253,13.625,3580,48777.5,,,,,,,,
2016-07-15,13.849,13.849,13.179,13.625,3590,48913.75,,,,,,,,
2016-07-18,14.147,14.147,14.147,14.147,30,424.41,,,,,,,,
2016-07-19,13.402,13.774,13.328,13.774,200,2754.8,,,,,,,,
2016-07-20,13.774,13.774,13.774,13.774,0,0.0,,,,,,,,
2016-07-21,13.774,13.774,13.179,13.774,2130,29338.62,,,,,,,,
2016-07-22,13.104,13.551,13.104,13.551,230,3116.73,,,,,,,,
2016-07-25,13.477,14.37,13.477,13.551,3550,48106.05,,,,,,,,
2016-07-26,14.221,14.221,13.551,14.072,810,11398.32,,,,,,,,
2016-07-27,13.774,13.998,13.7,13.998,2320,32475.36,,,,,,,,
2016-07-28,13.998,13.998,13.998,13.998,850,11898.3,,,,,,,,
2016-07-29,13.849,14.966,13.402,14.891,11980,178394.18,,,,,,,,
2016-08-01,13.849,14.072,13.849,14.072,140,1970.08,,,,,,,,
2016-08-02,14.072,14.072,14.072,14.072,0,0.0,,,,,,,,
2016-08-03,14.072,14.072,14.072,14.072,20,281.44,,,,,,,,
2016-08-04,14.296,14.296,14.296,14.296,20,285.92,,,,,,,,
2016-08-05,13.477,14.072,13.328,13.998,10900,152578.19999999998,,,,,,,,
2016-08-08,13.923,13.998,13.923,13.998,530,7418.94,,,,,,,,
2016-08-09,13.998,13.998,13.998,13.998,0,0.0,,,,,,,,
2016-08-10,14.072,14.817,13.774,14.296,8770,125375.92,,,,,,,,
2016-08-11,14.221,14.37,13.774,13.774,15240,209915.76,,,,,,,,
2016-08-12,14.221,14.221,13.774,14.072,470,6613.839999999999,,,,,,,,
2016-08-15,14.444,14.444,13.7,14.296,150,2144.4,,,,,,,,
2016-08-16,13.849,14.147,13.849,14.147,830,11742.01,,,,,,,,
2016-08-17,13.849,13.849,13.849,13.849,50,692.45,,,,,,,,
2016-08-18,14.072,14.072,13.477,13.998,1460,20437.08,,,,,,,,
2016-08-19,13.998,13.998,13.998,13.998,30,419.94,,,,,,,,
2016-08-22,14.072,14.147,14.072,14.147,80,1131.76,,,,,,,,
2016-08-23,13.849,13.998,13.849,13.998,1600,22396.8,,,,,,,,
2016-08-24,13.849,13.849,13.402,13.849,1410,19527.09,,,,,,,,
2016-08-25,13.849,14.668,13.849,14.668,4770,69966.36,,,,,,,,
2016-08-26,13.998,14.519,13.998,14.519,510,7404.69,,,,,,,,
2016-08-29,14.37,14.519,14.37,14.37,1340,19255.8,,,,,,,,
2016-08-30,14.37,14.37,14.37,14.37,0,0.0,,,,,,,,
2016-08-31,13.7,14.742,13.625,14.742,4290,63243.18,,,,,,,,
2016-09-01,14.742,14.742,14.742,14.742,0,0.0,,,,,,,,
2016-09-05,13.774,14.519,13.774,14.444,300,4333.2,,,,,,,,
2016-09-06,13.477,14.519,13.477,14.37,140,2011.8,,,,,,,,
2016-09-07,14.37,14.37,14.37,14.37,0,0.0,,,,,,,,
2016-09-08,14.147,14.593,14.147,14.593,2550,37212.15,,,,,,,,
2016-09-09,14.593,14.593,14.593,14.593,110,1605.23,,,,,,,,
2016-09-12,14.444,14.444,14.444,14.444,20,288.88,,,,,,,,
2016-09-13,14.519,14.593,14.519,14.593,50,729.65,,,,,,,,
2016-09-14,14.593,14.593,13.774,14.147,1210,17117.87,,,,,,,,
2016-09-15,14.444,14.444,14.444,14.444,10,144.44,,,,,,,,
2016-09-16,14.444,15.04,13.439,13.439,6990,93938.61,,,,,,,,
2016-09-19,14.221,14.221,13.7,14.147,2730,38621.31,,,,,,,,
2016-09-20,14.296,14.37,14.296,14.37,40,574.8,,,,,,,,
2016-09-21,13.402,14.184,13.402,14.184,50,709.1999999999999,,,,,,,,
2016-09-22,14.184,14.184,14.184,14.184,0,0.0,,,,,,,,
2016-09-23,14.444,14.444,14.147,14.333,190,2723.27,,,,,,,,
2016-09-26,14.482,14.482,14.482,14.482,30,434.46,,,,,,,,
2016-09-27,14.444,14.444,14.258,14.296,1140,16297.44,,,,,,,,
2016-09-28,14.296,14.296,14.296,14.296,80,1143.6799999999998,,,,,,,,
2016-09-29,14.296,14.444,14.296,14.296,2540,36311.84,,,,,,,,
2016-09-30,14.407,14.407,13.7,14.258,430,6130.94,,,,,,,,
2016-10-03,13.998,14.296,13.998,14.296,1210,17298.16,,,,,,,,
2016-10-04,14.221,14.221,14.221,14.221,400,5688.4,,,,,,,,
2016-10-05,14.519,14.519,13.774,13.774,420,5785.08,,,,,,,,
2016-10-06,14.37,14.37,13.774,13.774,210,2892.54,,,,,,,,
2016-10-07,14.296,14.296,14.296,14.296,20,285.92,,,,,,,,
2016-10-10,14.258,14.258,14.258,14.258,70,998.06,,,,,,,,
2016-10-11,14.817,14.817,14.817,14.817,10,148.17000000000002,,,,,,,,
2016-10-12,14.817,14.817,14.817,14.817,0,0.0,,,,,,,,
2016-10-13,14.817,14.817,14.817,14.817,0,0.0,,,,,,,,
2016-10-14,14.817,14.817,14.817,14.817,510,7556.67,,,,,,,,
2016-10-17,14.147,14.147,13.849,13.849,610,8447.89,,,,,,,,
2016-10-18,14.296,14.296,13.774,13.774,500,6887.0,,,,,,,,
2016-10-19,14.333,14.333,13.477,13.998,170,2379.66,,,,,,,,
2016-10-20,13.998,13.998,13.998,13.998,0,0.0,,,,,,,,
2016-10-21,14.258,14.258,14.258,14.258,10,142.57999999999998,,,,,,,,
2016-10-24,14.37,14.37,14.37,14.37,50,718.5,,,,,,,,
2016-10-25,14.37,14.37,14.37,14.37,0,0.0,,,,,,,,
2016-10-26,14.37,14.37,14.37,14.37,0,0.0,,,,,,,,
2016-10-27,14.37,14.37,14.37,14.37,0,0.0,,,,,,,,
2016-10-28,14.109,14.109,14.109,14.109,110,1551.99,,,,,,,,
2016-10-31,14.333,14.333,13.29,14.109,70,987.63,,,,,,,,
2016-11-01,14.072,14.072,14.072,14.072,500,7036.0,,,,,,,,
2016-11-02,13.104,14.072,13.104,14.072,510,7176.719999999999,,,,,,,,
2016-11-03,14.556,14.556,13.179,13.179,160,2108.64,,,,,,,,
2016-11-04,13.7,14.072,13.7,14.072,670,9428.24,,,,,,,,
2016-11-07,14.072,14.37,14.072,14.37,20,287.4,,,,,,,,
2016-11-08,14.407,14.407,14.407,14.407,30,432.21,,,,,,,,
2016-11-09,13.402,14.147,13.402,14.147,490,6932.03,,,,,,,,
2016-11-10,14.444,14.444,14.444,14.444,110,1588.84,,,,,,,,
2016-11-11,14.444,14.444,14.444,14.444,50,722.2,,,,,,,,
2016-11-14,13.477,14.147,13.477,14.147,100,1414.7,,,,,,,,
2016-11-15,13.328,13.328,13.328,13.328,6150,81967.2,,,,,,,,
2016-11-16,13.104,14.147,13.104,14.147,3110,43997.17,,,,,,,,
2016-11-17,14.258,14.258,14.258,14.258,10,142.57999999999998,,,,,,,,
2016-11-18,14.258,14.258,13.29,13.29,820,10897.8,,,,,,,,
2016-11-21,13.7,13.7,12.397,12.397,24080,298519.76,,,,,,,,
2016-11-22,11.987,12.881,11.541,12.881,101620,1308967.22,,,,,,,,
2016-11-23,13.29,13.29,13.29,13.29,10,132.89999999999998,,,,,,,,
2016-11-24,12.397,12.806,12.397,12.806,6920,88617.51999999999,,,,,,,,
2016-11-25,11.913,12.583,11.913,12.322,5670,69865.73999999999,,,,,,,,
2016-11-28,12.322,12.62,11.839,11.913,630,7505.19,,,,,,,,
2016-11-29,12.732,12.732,11.392,12.211,30,366.33,,,,,,,,
2016-11-30,12.471,12.471,12.062,12.062,4430,53434.66,,,,,,,,
2016-12-01,11.503,12.285,11.243,11.801,38560,455046.56,,,,,,,,
2016-12-02,12.099,12.099,11.243,11.95,11720,140054.0,,,,,,,,
2016-12-05,11.95,11.95,11.876,11.913,1850,22039.05,,,,,,,,
2016-12-06,12.136,12.36,12.136,12.36,50,618.0,,,,,,,,
2016-12-07,11.541,11.876,11.503,11.652,2920,34023.84,,,,,,,,
2016-12-08,11.95,11.95,11.243,11.243,20,224.86,,,,,,,,
2016-12-09,11.615,11.615,11.057,11.057,420,4643.9400000000005,,,,,,,,
2016-12-12,11.168,11.503,11.168,11.392,8210,93528.32,,,,,,,,
2016-12-13,11.392,12.099,11.392,11.913,7570,90181.41,,,,,,,,
2016-12-14,12.509,12.509,11.69,12.397,24170,299635.49,,,,,,,,
2016-12-15,13.216,13.216,12.658,12.806,2820,36112.92,,,,,,,,
2016-12-16,12.955,12.955,12.844,12.844,80,1027.52,,,,,,,,
2016-12-19,12.918,12.918,11.95,12.136,530,6432.08,,,,,,,,
2016-12-20,12.136,12.769,12.136,12.62,8030,101338.6,,,,,,,,
2016-12-21,11.987,11.987,11.987,11.987,10,119.87,,,,,,,,
2016-12-22,12.658,12.658,11.541,11.801,1900,22421.9,,,,,,,,
2016-12-23,12.546,12.546,12.546,12.546,20,250.92,,,,,,,,
2016-12-26,11.69,12.769,11.69,12.769,200,2553.8,,,,,,,,
2016-12-27,12.732,13.439,12.732,13.439,490,6585.11,,,,,,,,
2016-12-28,13.439,13.439,13.439,13.439,10,134.39,,,,,,,,
2016-12-29,12.509,13.328,12.509,12.509,5420,67798.78,,,,,,,,
2016-12-30,12.434,13.365,11.652,13.104,8810,115446.24,,,,,,,,
2017-01-03,13.402,13.588,13.402,13.588,40,543.52,,,,,,,,
2017-01-04,12.732,13.328,12.658,12.918,4890,63169.02,,,,,,,,
2017-01-05,13.328,13.328,12.025,12.285,16480,202456.8,,,,,,,,
2017-01-06,12.658,13.104,12.658,13.104,140,1834.56,,,,,,,,
2017-01-09,12.658,13.402,12.211,13.402,30460,408224.92,,,,,,,,
2017-01-10,12.732,13.774,12.732,13.625,5020,68397.5,,,,,,,,
2017-01-11,13.402,14.37,13.402,14.333,14810,212271.73,,,,,,,,
2017-01-12,14.147,14.593,13.625,13.663,15320,209317.16,,,,,,,,
2017-01-13,13.923,13.923,13.625,13.625,2690,36651.25,,,,,,,,
2017-01-16,13.551,14.072,13.551,14.072,2040,28706.88,,,,,,,,
2017-01-17,13.551,13.998,13.328,13.477,5340,71967.18000000001,,,,,,,,
2017-01-18,13.7,13.7,13.328,13.625,520,7085.0,,,,,,,,
2017-01-19,13.328,13.7,13.328,13.7,110,1507.0,,,,,,,,
2017-01-20,13.253,13.625,13.179,13.625,3240,44145.0,,,,,,,,
2017-01-23,13.625,13.625,13.625,13.625,0,0.0,,,,,,,,
2017-01-24,13.179,13.625,13.03,13.625,6280,85565.0,,,,,,,,
2017-01-25,13.328,13.625,13.104,13.625,210,2861.25,,,,,,,,
2017-02-02,13.03,13.402,12.695,13.179,11670,153798.93,,,,,,,,
2017-02-03,13.179,13.179,12.434,12.658,4510,57087.58,,,,,,,,
2017-02-06,12.658,12.881,12.658,12.881,1060,13653.86,,,,,,,,
2017-02-07,12.658,13.328,12.658,13.328,50,666.4,,,,,,,,
2017-02-08,13.514,13.514,13.328,13.402,510,6835.02,,,,,,,,
2017-02-09,13.477,13.477,12.918,12.955,9960,129031.8,,,,,,,,
2017-02-10,13.402,13.402,13.253,13.328,620,8263.359999999999,,,,,,,,
2017-02-13,13.328,13.737,12.955,13.737,21550,296032.35,,,,,,,,
2017-02-14,13.774,13.774,13.402,13.737,600,8242.2,,,,,,,,
2017-02-15,13.774,13.774,13.402,13.737,730,10028.01,,,,,,,,
2017-02-16,13.03,13.588,13.03,13.588,1300,17664.399999999998,,,,,,,,
2017-02-17,12.993,14.072,12.993,14.072,3180,44748.96,,,,,,,,
2017-02-20,14.631,14.631,13.104,13.998,6970,97566.06,,,,,,,,
2017-02-21,13.142,13.998,13.067,13.774,3120,42974.88,,,,,,,,
2017-02-22,13.737,13.737,13.737,13.737,80,1098.96,,,,,,,,
2017-02-23,13.737,14.035,13.142,13.774,6270,86362.98,,,,,,,,
2017-02-24,13.774,14.705,13.328,14.035,24750,347366.25,,,,,,,,
2017-02-27,14.109,14.109,13.998,14.109,3440,48534.96,,,,,,,,
2017-02-28,14.109,14.705,14.109,14.668,26510,388848.68,,,,,,,,
2017-03-01,14.221,14.482,14.109,14.37,30980,445182.6,,,,,,,,
2017-03-02,14.333,14.333,13.812,14.296,1710,24446.16,,,,,,,,
2017-03-03,14.296,14.444,14.035,14.444,8100,116996.4,,,,,,,,
2017-03-06,14.147,14.221,13.961,14.221,10180,144769.78,,,,,,,,
2017-03-07,14.554,14.969,14.512,14.845,3420,50769.9,,,,,,,,
2017-03-08,14.637,14.637,14.055,14.138,9410,133038.58,,,,,,,,
2017-03-09,14.554,14.554,14.138,14.387,50,719.35,,,,,,,,
2017-03-10,13.805,13.805,13.514,13.556,5090,69000.04,,,,,,,,
2017-03-13,14.013,14.013,13.223,13.556,90,1220.04,,,,,,,,
2017-03-14,13.764,13.764,13.306,13.764,1660,22848.24,,,,,,,,
2017-03-15,14.013,14.013,13.556,13.764,420,5780.88,,,,,,,,
2017-03-16,12.973,13.805,12.973,13.181,1070,14103.669999999998,,,,,,,,
2017-03-17,13.639,13.68,12.433,13.68,5090,69631.2,,,,,,,,
2017-03-20,12.89,13.764,12.89,13.764,23890,328821.96,,,,,,,,
2017-03-21,13.722,13.722,13.389,13.639,940,12820.66,,,,,,,,
2017-03-22,13.556,13.556,13.223,13.223,3640,48131.72,,,,,,,,
2017-03-23,13.223,13.556,13.015,13.348,2140,28564.72,,,,,,,,
2017-03-24,12.973,13.306,12.89,13.223,2040,26974.92,,,,,,,,
2017-03-27,12.89,13.306,12.89,13.306,8970,119354.82,,,,,,,,
2017-03-28,13.306,13.306,12.932,13.306,3290,43776.74,,,,,,,,
2017-03-29,12.932,13.265,12.433,12.433,16620,206636.46,,,,,,,,
2017-03-30,13.098,13.14,12.308,13.098,5610,73479.78,,,,,,,,
2017-03-31,13.265,13.265,12.474,13.057,310,4047.67,,,,,,,,
2017-04-03,13.057,13.181,13.057,13.181,320,4217.92,,,,,,,,
2017-04-04,13.015,13.14,12.474,13.14,6110,80285.40000000001,,,,,,,,
2017-04-05,13.14,13.14,12.766,13.057,2210,28855.97,,,,,,,,
2017-04-07,13.265,13.265,13.265,13.265,10,132.65,,,,,,,,
2017-04-10,13.265,13.265,12.932,12.973,1040,13491.92,,,,,,,,
2017-04-11,13.057,13.14,13.057,13.14,290,3810.6,,,,,,,,
2017-04-12,13.181,13.223,12.641,13.098,1110,14538.78,,,,,,,,
2017-04-13,13.265,13.265,12.682,13.265,1900,25203.5,,,,,,,,
2017-04-14,12.89,12.89,12.89,12.89,30,386.7000000000001,,,,,,,,
2017-04-17,13.223,13.223,12.724,13.181,530,6985.929999999999,,,,,,,,
2017-04-18,12.474,13.14,12.35,13.057,940,12273.58,,,,,,,,
2017-04-19,12.474,13.057,12.308,13.057,8370,109287.09,,,,,,,,
2017-04-20,13.098,13.098,12.35,13.015,1960,25509.4,,,,,,,,
2017-04-21,12.474,12.932,12.474,12.932,1750,22631.0,,,,,,,,
2017-04-24,12.35,13.181,12.35,13.181,2320,30579.92,,,,,,,,
2017-04-25,13.181,13.68,13.181,13.556,2410,32669.96,,,,,,,,
2017-04-26,13.556,13.68,13.556,13.68,4930,67442.4,,,,,,,,
2017-04-27,13.514,13.556,13.514,13.556,190,2575.64,,,,,,,,
2017-04-28,12.89,13.597,12.89,13.597,10310,140185.07,,,,,,,,
2017-05-03,13.306,13.556,13.306,13.556,5120,69406.72,,,,,,,,
2017-05-04,13.556,13.764,13.556,13.764,7290,100339.56,,,,,,,,
2017-05-05,13.389,13.597,13.389,13.597,230,3127.31,,,,,,,,
2017-05-08,13.722,13.722,13.348,13.639,6330,86334.87,,,,,,,,
2017-05-09,13.348,13.639,13.306,13.639,1920,26186.88,,,,,,,,
2017-05-10,13.722,13.764,12.973,13.764,3840,52853.76,,,,,,,,
2017-05-11,13.472,13.472,13.472,13.472,70,943.04,,,,,,,,
2017-05-12,13.306,13.722,13.306,13.68,1140,15595.2,,,,,,,,
2017-05-15,13.68,13.68,13.68,13.68,60,820.8,,,,,,,,
2017-05-16,13.057,13.639,13.015,13.556,530,7184.679999999999,,,,,,,,
2017-05-17,13.556,13.556,12.807,13.514,490,6621.86,,,,,,,,
2017-05-18,13.306,13.306,13.265,13.265,110,1459.15,,,,,,,,
2017-05-19,13.223,13.223,13.223,13.223,640,8462.720000000001,,,,,,,,
2017-05-22,13.639,13.639,13.098,13.556,120,1626.7199999999998,,,,,,,,
2017-05-23,13.472,13.472,13.472,13.472,30,404.16,,,,,,,,
2017-05-24,13.68,13.68,13.098,13.639,220,3000.58,,,,,,,,
2017-05-25,13.597,13.597,13.556,13.556,340,4609.04,,,,,,,,
2017-05-26,13.098,13.472,13.098,13.472,520,7005.44,,,,,,,,
2017-05-29,13.14,13.764,13.14,13.472,3180,42840.96,,,,,,,,
2017-05-30,13.639,13.68,13.472,13.597,740,10061.78,,,,,,,,
2017-05-31,13.68,13.68,13.223,13.597,170,2311.49,,,,,,,,
2017-06-01,13.68,13.68,13.306,13.306,1060,14104.36,,,,,,,,
2017-06-02,13.68,13.68,13.14,13.556,3000,40668.0,,,,,,,,
2017-06-05,13.68,13.888,13.556,13.68,170,2325.6,,,,,,,,
2017-06-06,13.639,13.68,13.639,13.68,1640,22435.2,,,,,,,,
2017-06-07,13.68,13.68,13.306,13.639,520,7092.28,,,,,,,,
2017-06-08,13.306,13.639,13.306,13.306,940,12507.64,,,,,,,,
2017-06-09,13.514,13.556,13.472,13.472,880,11855.36,,,,,,,,
2017-06-12,13.472,13.805,13.472,13.639,330,4500.87,,,,,,,,
2017-06-13,13.556,13.722,13.556,13.556,1290,17487.239999999998,,,,,,,,
2017-06-14,13.556,13.556,13.556,13.556,0,0.0,,,,,,,,
2017-06-15,13.389,13.722,13.306,13.722,49020,672652.44,,,,,,,,
2017-06-16,13.639,13.639,13.181,13.639,1670,22777.13,,,,,,,,
2017-06-19,13.639,13.764,13.556,13.68,1480,20246.4,,,,,,,,
2017-06-20,13.556,13.68,13.556,13.68,410,5608.8,,,,,,,,
2017-06-21,13.68,13.722,13.639,13.722,930,12761.46,,,,,,,,
2017-06-22,13.68,13.722,13.68,13.722,80,1097.76,,,,,,,,
2017-06-23,13.722,13.722,13.472,13.472,930,12528.96,,,,,,,,
2017-06-26,13.306,13.556,13.098,13.556,8280,112243.68,,,,,,,,
2017-06-27,13.223,13.597,13.14,13.472,1540,20746.88,,,,,,,,
2017-06-28,13.14,13.431,12.932,12.932,6120,79143.84,,,,,,,,
2017-06-29,13.389,13.722,13.389,13.722,580,7958.759999999999,,,,,,,,
2017-06-30,13.015,13.639,12.973,13.306,1960,26079.76,,,,,,,,
2017-07-03,13.639,13.639,13.306,13.431,250,3357.75,,,,,,,,
2017-07-04,12.558,13.431,12.558,13.431,40,537.24,,,,,,,,
2017-07-05,13.306,13.306,13.223,13.306,5280,70255.68,,,,,,,,
2017-07-06,13.057,13.306,13.057,13.306,490,6519.94,,,,,,,,
2017-07-07,13.098,13.306,13.057,13.306,310,4124.86,,,,,,,,
2017-07-10,13.68,13.722,13.306,13.306,1070,14237.419999999998,,,,,,,,
2017-07-11,13.306,13.306,13.098,13.265,1950,25866.75,,,,,,,,
2017-07-12,13.265,13.265,13.14,13.14,30,394.2000000000001,,,,,,,,
2017-07-13,13.098,13.098,13.057,13.057,990,12926.43,,,,,,,,
2017-07-14,13.472,13.68,13.472,13.68,100,1368.0,,,,,,,,
2017-07-17,13.265,13.265,13.265,13.265,190,2520.35,,,,,,,,
2017-07-18,13.265,13.265,13.265,13.265,130,1724.45,,,,,,,,
2017-07-19,13.389,13.389,13.389,13.389,740,9907.86,,,,,,,,
2017-07-20,13.14,13.306,13.14,13.306,2120,28208.72,,,,,,,,
2017-07-21,13.306,13.597,13.306,13.597,230,3127.31,,,,,,,,
2017-07-24,12.89,13.597,12.682,13.181,31170,410851.77,,,,,,,,
2017-07-25,12.682,12.682,12.267,12.682,16200,205448.4,,,,,,,,
2017-07-26,13.015,13.015,12.474,13.015,4320,56224.8,,,,,,,,
2017-07-27,13.389,13.389,12.474,13.181,8090,106634.29,,,,,,,,
2017-07-28,13.057,13.057,12.433,12.973,230,2983.79,,,,,,,,
2017-07-31,13.098,13.098,12.89,13.015,930,12103.95,,,,,,,,
2017-08-01,12.641,12.641,12.308,12.474,11590,144573.66,,,,,,,,
2017-08-02,12.308,12.766,12.308,12.766,960,12255.36,,,,,,,,
2017-08-03,12.391,12.641,12.308,12.641,1630,20604.83,,,,,,,,
2017-08-04,12.641,12.641,12.474,12.474,3600,44906.4,,,,,,,,
2017-08-07,12.474,12.474,12.474,12.474,12250,152806.5,,,,,,,,
2017-08-08,12.474,12.474,12.391,12.391,660,8178.06,,,,,,,,
2017-08-09,12.391,12.391,12.308,12.308,1020,12554.16,,,,,,,,
2017-08-10,12.308,12.391,11.809,12.267,5460,66977.81999999999,,,,,,,,
2017-08-11,12.724,12.724,12.724,12.724,10,127.24,,,,,,,,
2017-08-14,12.724,12.724,11.851,11.976,1730,20718.480000000003,,,,,,,,
2017-08-15,12.474,12.474,12.142,12.391,120,1486.92,,,,,,,,
2017-08-16,12.724,12.724,12.724,12.724,10,127.24,,,,,,,,
2017-08-17,12.433,12.474,12.059,12.183,3610,43980.63,,,,,,,,
2017-08-18,12.558,12.558,12.558,12.558,30,376.74,,,,,,,,
2017-08-21,12.558,12.558,12.558,12.558,0,0.0,,,,,,,,
2017-08-22,12.558,12.558,12.558,12.558,0,0.0,,,,,,,,
2017-08-23,12.558,12.558,12.558,12.558,0,0.0,,,,,,,,
2017-08-24,12.558,12.558,12.558,12.558,0,0.0,,,,,,,,
2017-08-25,11.892,12.474,11.892,12.474,1010,12598.74,,,,,,,,
2017-08-28,12.558,12.682,11.726,12.474,1200,14968.8,,,,,,,,
2017-08-29,11.809,12.474,11.809,12.474,1010,12598.74,,,,,,,,
2017-08-30,12.932,12.932,11.726,12.558,130,1632.54,,,,,,,,
2017-08-31,12.682,13.389,12.474,13.389,2230,29857.47,,,,,,,,
2017-09-01,12.474,12.807,12.474,12.682,1820,23081.24,,,,,,,,
2017-09-05,12.849,12.849,12.849,12.849,200,2569.8,,,,,,,,
2017-09-06,12.059,12.391,12.059,12.391,460,5699.86,,,,,,,,
2017-09-07,12.474,12.474,12.474,12.474,10,124.74,,,,,,,,
2017-09-08,12.474,12.766,12.433,12.766,1110,14170.26,,,,,,,,
2017-09-11,12.641,12.641,12.474,12.599,280,3527.7200000000003,,,,,,,,
2017-09-12,12.682,13.348,12.682,13.348,1130,15083.240000000002,,,,,,,,
2017-09-13,13.348,13.348,13.348,13.348,0,0.0,,,,,,,,
2017-09-14,13.348,13.348,13.348,13.348,0,0.0,,,,,,,,
2017-09-15,12.474,13.181,12.474,13.181,40,527.24,,,,,,,,
2017-09-18,13.181,13.181,13.181,13.181,0,0.0,,,,,,,,
2017-09-19,12.474,13.14,12.308,13.14,2000,26280.0,,,,,,,,
2017-09-20,13.181,13.181,13.181,13.181,10,131.81,,,,,,,,
2017-09-21,13.181,13.181,13.181,13.181,0,0.0,,,,,,,,
2017-09-22,12.89,12.89,12.89,12.89,180,2320.2000000000003,,,,,,,,
2017-09-25,12.807,12.89,12.308,12.474,7270,90685.98,,,,,,,,
2017-09-26,12.474,12.474,12.474,12.474,170,2120.58,,,,,,,,
2017-09-27,12.849,12.849,11.892,12.558,120,1506.96,,,,,,,,
2017-09-28,12.724,12.807,11.809,12.599,5070,63876.93,,,,,,,,
2017-09-29,12.059,12.433,12.059,12.433,330,4102.89,,,,,,,,
2017-10-02,12.558,12.558,11.601,12.391,4500,55759.5,,,,,,,,
2017-10-03,12.807,12.807,12.807,12.807,40,512.28,,,,,,,,
2017-10-04,12.807,12.807,12.807,12.807,30,384.21,,,,,,,,
2017-10-05,11.934,12.558,11.934,12.433,2250,27974.25,,,,,,,,
2017-10-06,12.682,12.682,11.851,12.433,120,1491.96,,,,,,,,
2017-10-09,12.433,12.433,12.433,12.433,230,2859.59,,,,,,,,
2017-10-10,12.391,12.391,12.35,12.35,970,11979.5,,,,,,,,
2017-10-11,11.518,12.35,11.518,12.308,1570,19323.56,,,,,,,,
2017-10-12,12.308,12.308,12.308,12.308,520,6400.16,,,,,,,,
2017-10-13,12.308,12.308,12.308,12.308,50,615.4,,,,,,,,
2017-10-16,11.851,12.267,11.809,12.267,1570,19259.19,,,,,,,,
2017-10-17,11.892,12.599,11.809,12.308,3620,44554.96,,,,,,,,
2017-10-18,12.391,12.932,12.308,12.308,1750,21539.0,,,,,,,,
2017-10-19,12.308,12.849,12.308,12.849,50,642.45,,,,,,,,
2017-10-20,11.976,12.474,11.976,12.433,190,2362.27,,,,,,,,
2017-10-23,12.433,12.433,12.433,12.433,50,621.65,,,,,,,,
2017-10-24,11.643,12.474,11.601,12.391,16320,202221.12,,,,,,,,
2017-10-25,11.643,12.267,11.643,12.267,1050,12880.35,,,,,,,,
2017-10-26,11.643,12.183,11.477,12.183,1210,14741.43,,,,,,,,
2017-10-27,11.393,12.142,11.393,12.142,6100,74066.2,,,,,,,,
2017-10-30,12.142,12.599,12.142,12.599,310,3905.69,,,,,,,,
2017-10-31,11.726,12.308,11.726,12.225,2540,31051.5,,,,,,,,
2017-11-01,11.518,12.267,11.435,12.267,10220,125368.74,,,,,,,,
2017-11-02,11.435,12.267,11.435,12.267,3500,42934.5,,,,,,,,
2017-11-03,12.308,12.308,12.308,12.308,220,2707.76,,,,,,,,
2017-11-06,11.643,12.267,11.477,11.477,1420,16297.34,,,,,,,,
2017-11-07,11.643,11.643,11.643,11.643,530,6170.79,,,,,,,,
2017-11-08,11.643,11.643,11.227,11.56,2100,24276.0,,,,,,,,
2017-11-09,11.56,11.56,11.56,11.56,0,0.0,,,,,,,,
2017-11-10,12.1,12.1,12.1,12.1,640,7744.0,,,,,,,,
2017-11-13,11.56,12.267,11.31,11.31,2700,30537.0,,,,,,,,
2017-11-14,12.059,12.059,11.144,11.31,7820,88444.2,,,,,,,,
2017-11-15,12.059,12.059,11.144,11.185,620,6934.700000000001,,,,,,,,
2017-11-16,11.934,11.934,11.227,11.892,980,11654.16,,,,,,,,
2017-11-17,11.144,11.892,11.102,11.892,190,2259.48,,,,,,,,
2017-11-20,11.144,11.56,11.144,11.56,20,231.2,,,,,,,,
2017-11-21,11.102,11.851,10.978,11.809,850,10037.65,,,,,,,,
2017-11-22,11.809,11.809,11.809,11.809,100,1180.9,,,,,,,,
2017-11-23,11.768,12.35,11.768,12.35,720,8892.0,,,,,,,,
2017-11-24,12.35,12.35,12.35,12.35,30,370.5,,,,,,,,
2017-11-27,11.643,12.308,11.643,12.267,1110,13616.37,,,,,,,,
2017-11-28,12.267,12.267,12.267,12.267,30,368.01,,,,,,,,
2017-11-29,11.477,12.433,11.435,11.435,35310,403769.85,,,,,,,,
2017-11-30,11.976,11.976,11.809,11.809,1570,18540.13,,,,,,,,
2017-12-01,11.892,11.892,11.643,11.851,1030,12206.53,,,,,,,,
2017-12-04,11.227,11.809,11.061,11.518,70660,813861.88,,,,,,,,
2017-12-05,11.435,11.435,10.728,11.185,17770,198757.45,,,,,,,,
2017-12-06,11.144,11.185,11.102,11.185,4090,45746.65,,,,,,,,
2017-12-07,11.227,11.227,11.144,11.185,3170,35456.450000000004,,,,,,,,
2017-12-08,11.144,11.144,10.437,10.437,4500,46966.5,,,,,,,,
2017-12-11,11.061,11.061,10.437,10.811,7480,80866.28,,,,,,,,
2017-12-12,10.395,11.435,10.229,11.435,2810,32132.35,,,,,,,,
2017-12-13,11.31,11.31,11.227,11.227,540,6062.58,,,,,,,,
2017-12-14,10.479,11.185,10.479,11.185,29660,331747.10000000003,,,,,,,,
2017-12-15,10.728,10.811,10.645,10.811,1400,15135.4,,,,,,,,
2017-12-18,10.645,11.518,10.562,10.811,1300,14054.3,,,,,,,,
2017-12-19,10.479,10.728,10.395,10.728,860,9226.08,,,,,,,,
2017-12-20,10.312,10.77,10.312,10.77,3240,34894.8,,,,,,,,
2017-12-21,10.395,11.185,10.395,11.061,1780,19688.58,,,,,,,,
2017-12-22,10.52,11.061,10.52,11.061,1160,12830.76,,,,,,,,
2017-12-25,11.061,11.061,11.061,11.061,580,6415.38,,,,,,,,
2017-12-26,10.354,11.061,10.354,11.061,1240,13715.64,,,,,,,,
2017-12-27,11.477,11.477,11.477,11.477,10,114.77,,,,,,,,
2017-12-28,10.728,11.435,10.728,11.435,1950,22298.25,,,,,,,,
2017-12-29,11.601,11.601,10.811,11.393,2080,23697.44,,,,,,,,
2018-01-02,11.601,11.643,10.811,11.352,2050,23271.6,30.0,0.0,0.0,0.0,,2.05,0.0,0.0
2018-01-03,11.56,11.56,10.894,11.352,2320,26336.64,30.0,0.0,0.0,0.0,,2.05,0.0,0.0
2018-01-04,11.56,11.56,11.393,11.435,1420,16237.7,0.0,0.0,0.0,0.0,,2.05,0.0,0.0
2018-01-05,11.518,11.518,11.061,11.477,1800,20658.6,110.0,0.0,0.0,0.0,,2.05,0.0,0.0
2018-01-08,11.477,11.477,11.393,11.435,490,5603.150000000001,10.0,0.0,0.0,0.0,,2.05,0.0,0.0
2018-01-09,11.56,11.56,11.477,11.518,2510,28910.18,10.0,0.0,0.0,0.0,,2.05,0.0,0.0
2018-01-10,11.518,11.809,11.31,11.726,2580,30253.08,60.0,0.0,0.0,0.0,,2.05,0.0,0.0
2018-01-11,11.643,11.643,11.643,11.643,50,582.1500000000001,0.0,0.0,0.0,0.0,,2.05,0.0,0.0
2018-01-12,12.059,12.059,11.185,11.851,5350,63402.850000000006,50.0,0.0,0.0,0.0,,2.05,0.0,0.0
2018-01-15,11.851,11.892,11.31,11.809,3050,36017.45,40.0,0.0,0.0,0.0,,2.05,0.0,0.0
2018-01-16,11.851,11.851,11.851,11.851,10,118.51,10.0,0.0,0.0,0.0,,2.05,0.0,0.0
2018-01-17,12.017,12.017,11.393,11.934,820,9785.88,10.0,0.0,0.0,0.0,,2.05,0.0,0.0
2018-01-18,11.934,11.934,11.31,11.809,1130,13344.17,30.0,0.0,0.0,0.0,,2.05,0.0,0.0
2018-01-19,11.892,12.35,11.31,12.225,3560,43521.0,530.0,0.0,10000.0,0.0,,2.05,0.01,0.0
2018-01-22,12.017,12.017,11.56,12.017,1110,13338.87,0.0,0.0,0.0,0.0,,2.05,0.0,0.0
2018-01-25,11.976,11.976,11.477,11.934,6620,79003.08,20.0,0.0,0.0,0.0,,2.05,0.0,0.0
2018-01-26,11.976,11.976,11.477,11.892,2840,33773.28,40.0,0.0,0.0,0.0,,2.05,0.0,0.0
2018-01-29,11.477,11.976,11.477,11.809,1340,15824.06,0.0,0.0,0.0,0.0,,2.05,0.0,0.0
2018-01-30,11.435,11.726,11.393,11.643,2890,33648.270000000004,10.0,0.0,0.0,0.0,,2.05,0.0,0.0
2018-01-31,12.017,12.017,11.435,11.643,1130,13156.59,20.0,20.0,0.0,0.0,,2.05,0.0,0.0
2018-02-01,11.477,11.892,11.31,11.809,7070,83489.62999999999,50.0,0.0,0.0,0.0,,2.05,0.0,0.0
2018-02-02,11.851,11.892,11.851,11.892,60,713.52,60.0,0.0,0.0,0.0,,2.05,0.0,0.0
2018-02-05,11.892,11.892,11.892,11.892,20,237.84,20.0,0.0,0.0,0.0,,2.05,0.0,0.0
2018-02-06,12.142,12.142,11.061,11.601,6070,70418.07,2680.0,0.0,40000.0,0.0,,2.05,0.04,0.0
2018-02-07,12.059,12.059,11.102,11.976,3540,42395.04,70.0,0.0,0.0,0.0,,2.05,0.0,0.0
2018-02-08,11.851,11.892,11.851,11.892,960,11416.32,10.0,0.0,0.0,0.0,,2.05,0.0,0.0
2018-02-09,11.851,12.017,11.851,12.017,270,3244.59,270.0,0.0,0.0,0.0,,2.05,0.0,0.0
2018-02-12,12.017,12.807,12.017,12.807,830,10629.81,830.0,0.0,10000.0,0.0,,2.05,0.01,0.0
2018-02-13,12.807,12.807,12.807,12.807,0,0.0,0.0,0.0,0.0,0.0,,2.05,0.0,0.0
2018-02-21,12.807,13.639,11.934,12.766,840,10723.44,240.0,0.0,0.0,0.0,,2.05,0.0,0.0
2018-02-22,11.892,12.599,11.892,12.474,4170,52016.58,0.0,0.0,0.0,0.0,,2.05,0.0,0.0
2018-02-23,11.726,12.35,11.726,12.35,3010,37173.5,1010.0,0.0,20000.0,0.0,,2.05,0.02,0.0
2018-02-26,12.724,12.724,11.643,12.017,240,2884.08,30.0,0.0,0.0,0.0,,2.05,0.0,0.0
2018-02-27,12.433,12.433,11.643,11.976,2520,30179.52,20.0,0.0,0.0,0.0,,2.05,0.0,0.0
2018-02-28,12.267,12.267,12.267,12.267,30,368.01,10.0,0.0,0.0,0.0,,2.05,0.0,0.0
2018-03-01,12.267,12.89,12.267,12.89,1040,13405.6,10.0,0.0,0.0,0.0,,2.05,0.0,0.0
2018-03-02,12.017,12.807,12.017,12.807,5210,66724.47,60.0,0.0,0.0,0.0,,2.05,0.0,0.0
2018-03-05,11.934,11.934,11.934,11.934,2110,25180.74,0.0,0.0,0.0,0.0,,2.05,0.0,0.0
2018-03-06,12.724,12.766,11.518,12.433,2100,26109.3,80.0,0.0,0.0,0.0,,2.05,0.0,0.0
2018-03-07,12.391,12.89,12.391,12.89,1020,13147.8,20.0,0.0,0.0,0.0,,2.05,0.0,0.0
2018-03-08,12.017,12.017,12.017,12.017,4110,49389.87,0.0,0.0,0.0,0.0,,2.05,0.0,0.0
2018-03-09,12.558,12.558,12.558,12.558,40,502.32,10.0,0.0,0.0,0.0,,2.05,0.0,0.0
2018-03-12,12.641,12.641,12.059,12.558,2700,33906.6,0.0,0.0,0.0,0.0,,2.05,0.0,0.0
2018-03-13,12.766,12.766,12.766,12.766,40,510.64,10.0,0.0,0.0,0.0,,2.05,0.0,0.0
2018-03-14,12.724,12.807,11.892,12.391,160,1982.56,50.0,0.0,0.0,0.0,,2.05,0.0,0.0
2018-03-15,12.599,12.641,11.643,12.059,1340,16159.06,50.0,0.0,0.0,0.0,,2.05,0.0,0.0
2018-03-16,12.474,12.474,12.474,12.474,30,374.22,30.0,0.0,0.0,0.0,,2.05,0.0,0.0
2018-03-19,12.599,12.641,12.059,12.391,1150,14249.65,40.0,0.0,0.0,0.0,,2.05,0.0,0.0
2018-03-20,12.724,12.724,12.724,12.724,40,508.96,24.0,0.0,0.0,0.0,,2.05,0.0,0.0
2018-03-21,12.474,12.682,11.934,12.474,1350,16839.9,50.0,0.0,0.0,0.0,,2.05,0.0,0.0
2018-03-22,12.474,12.474,12.474,12.474,0,0.0,0.0,0.0,0.0,0.0,,2.05,0.0,0.0
2018-03-23,12.682,12.682,11.643,11.892,2440,29016.48,850.0,0.0,10000.0,0.0,,2.05,0.01,0.0
2018-03-26,11.892,11.892,11.477,11.892,4960,58984.32,50.0,0.0,0.0,0.0,,2.05,0.0,0.0
2018-03-27,12.391,12.391,11.643,11.643,1010,11759.43,10.0,0.0,0.0,0.0,,2.05,0.0,0.0
2018-03-28,12.308,12.308,12.308,12.308,40,492.32,10.0,0.0,0.0,0.0,,2.05,0.0,0.0
2018-03-29,11.684,12.391,11.643,12.391,1170,14497.47,1100.0,0.0,20000.0,0.0,,2.05,0.02,0.0
2018-03-30,12.433,12.433,12.059,12.059,330,3979.47,330.0,0.0,0.0,0.0,,2.05,0.0,0.0
2018-04-02,12.142,12.142,12.142,12.142,10,121.42,10.0,0.0,0.0,0.0,,2.05,0.0,0.0
2018-04-03,12.142,12.142,12.142,12.142,0,0.0,0.0,0.0,0.0,0.0,,2.05,0.0,0.0
2018-04-04,12.142,12.142,12.142,12.142,0,0.0,0.0,0.0,0.0,0.0,,2.05,0.0,0.0
2018-04-05,11.976,11.976,11.393,11.643,2460,28641.78,400.0,0.0,10000.0,0.0,,2.05,0.01,0.0
2018-04-06,11.477,11.643,11.393,11.643,1590,18512.370000000003,0.0,0.0,0.0,0.0,,2.05,0.0,0.0
2018-04-09,11.435,11.601,11.435,11.518,4010,46187.18,0.0,0.0,0.0,0.0,,2.05,0.0,0.0
2018-04-10,11.56,12.017,11.477,11.934,1980,23629.32,1340.0,500.0,20000.0,10000.0,,2.05,0.02,0.01
2018-04-11,11.518,11.892,11.518,11.643,530,6170.79,10.0,0.0,0.0,0.0,,2.05,0.0,0.0
2018-04-12,11.518,12.017,11.518,12.017,250,3004.25,30.0,0.0,0.0,0.0,,2.05,0.0,0.0
2018-04-13,11.31,12.059,11.31,11.892,780,9275.76,40.0,0.0,0.0,0.0,,2.05,0.0,0.0
2018-04-16,11.643,11.892,11.393,11.643,1370,15950.910000000002,20.0,0.0,0.0,0.0,,2.05,0.0,0.0
2018-04-17,11.643,11.976,11.393,11.726,90,1055.34,70.0,0.0,0.0,0.0,,2.05,0.0,0.0
2018-04-18,11.976,11.976,11.56,11.809,1240,14643.16,20.0,0.0,0.0,0.0,,2.05,0.0,0.0
2018-04-19,11.851,11.851,11.227,11.726,4850,56871.100000000006,0.0,0.0,0.0,0.0,,2.05,0.0,0.0
2018-04-20,11.892,11.892,11.269,11.643,60,698.58,20.0,0.0,0.0,0.0,,2.05,0.0,0.0
2018-04-23,11.892,11.892,11.269,11.643,210,2445.03,10.0,0.0,0.0,0.0,,2.05,0.0,0.0
2018-04-24,11.768,11.768,10.853,11.56,11730,135598.80000000002,20.0,11600.0,0.0,150000.0,,2.05,0.0,0.15
2018-04-26,10.77,11.56,10.77,11.56,9050,104618.0,10.0,9010.0,0.0,120000.0,,2.05,0.0,0.12
2018-04-27,10.77,11.518,10.77,11.518,10630,122436.34,0.0,10570.0,0.0,140000.0,,2.05,0.0,0.14
2018-05-02,11.518,11.518,11.518,11.518,30,345.54,0.0,0.0,0.0,0.0,,2.05,0.0,0.0
2018-05-03,10.811,11.56,10.811,11.56,90,1040.4,0.0,30.0,0.0,0.0,,2.05,0.0,0.0
2018-05-04,10.811,11.477,10.77,11.477,110,1262.47,0.0,0.0,0.0,0.0,,2.05,0.0,0.0
2018-05-07,10.728,11.393,10.686,11.393,1900,21646.7,0.0,0.0,0.0,0.0,,2.05,0.0,0.0
2018-05-08,10.853,11.31,10.853,11.31,30,339.3,0.0,0.0,0.0,0.0,,2.05,0.0,0.0
2018-05-09,11.518,11.56,10.645,11.31,410,4637.1,0.0,0.0,0.0,0.0,,2.05,0.0,0.0
2018-05-10,11.393,11.435,11.393,11.435,510,5831.85,0.0,0.0,0.0,0.0,,2.05,0.0,0.0
2018-05-11,10.811,11.435,10.811,11.435,30,343.05,0.0,0.0,0.0,0.0,,2.05,0.0,0.0
2018-05-14,10.853,10.853,10.853,10.853,410,4449.73,0.0,0.0,0.0,0.0,,2.05,0.0,0.0
2018-05-15,11.393,11.393,11.393,11.393,10,113.93,0.0,0.0,0.0,0.0,,2.05,0.0,0.0
2018-05-16,10.728,11.435,10.728,11.435,20,228.7,0.0,0.0,0.0,0.0,,2.05,0.0,0.0
2018-05-17,11.393,11.518,10.936,11.227,1080,12125.16,0.0,0.0,0.0,0.0,,2.05,0.0,0.0
2018-05-18,11.393,11.393,10.811,10.978,2350,25798.3,0.0,0.0,0.0,0.0,,2.05,0.0,0.0
2018-05-21,11.352,11.352,11.31,11.31,40,452.4,0.0,0.0,0.0,0.0,,2.05,0.0,0.0
2018-05-22,11.393,11.393,10.603,11.269,170,1915.73,0.0,0.0,0.0,0.0,,2.05,0.0,0.0
2018-05-23,11.227,11.227,10.562,11.227,50,561.35,0.0,0.0,0.0,0.0,,2.05,0.0,0.0
2018-05-24,10.645,11.227,10.645,11.227,30,336.81,0.0,0.0,0.0,0.0,,2.05,0.0,0.0
2018-05-25,10.52,11.185,10.52,11.185,350,3914.75,0.0,0.0,0.0,0.0,,2.05,0.0,0.0
2018-05-28,11.227,11.227,10.645,11.144,580,6463.52,0.0,0.0,0.0,0.0,,2.05,0.0,0.0
2018-05-29,10.978,11.31,10.978,11.31,210,2375.1,0.0,0.0,0.0,0.0,,2.05,0.0,0.0
2018-05-30,10.562,11.144,10.562,11.144,20,222.88,0.0,0.0,0.0,0.0,,2.05,0.0,0.0
2018-05-31,11.144,11.144,11.144,11.144,0,0.0,0.0,0.0,0.0,0.0,,2.05,0.0,0.0
2018-06-01,11.144,11.144,11.144,11.144,20,222.88,0.0,0.0,0.0,0.0,,2.05,0.0,0.0
2018-06-04,10.479,11.019,10.395,11.019,2600,28649.4,0.0,0.0,0.0,0.0,,2.05,0.0,0.0
2018-06-05,10.978,11.144,10.395,11.102,1270,14099.54,0.0,0.0,0.0,0.0,,2.05,0.0,0.0
2018-06-06,10.395,10.395,10.395,10.395,20,207.9,0.0,0.0,0.0,0.0,,2.05,0.0,0.0
2018-06-07,10.811,11.019,10.312,10.936,4080,44618.88,0.0,0.0,0.0,0.0,,2.05,0.0,0.0
2018-06-08,10.978,11.061,10.978,11.061,40,442.44,0.0,0.0,0.0,0.0,,2.05,0.0,0.0
2018-06-11,11.061,11.061,11.061,11.061,0,0.0,0.0,0.0,0.0,0.0,,2.05,0.0,0.0
2018-06-12,11.061,11.144,11.061,11.144,40,445.76,0.0,0.0,0.0,0.0,,2.05,0.0,0.0
2018-06-13,10.395,11.019,10.395,11.019,20,220.38,0.0,0.0,0.0,0.0,,2.05,0.0,0.0
2018-06-14,10.811,11.019,10.811,11.019,1810,19944.39,10.0,0.0,0.0,0.0,,2.05,0.0,0.0
2018-06-15,10.978,11.019,10.978,11.019,40,440.76,0.0,0.0,0.0,0.0,,2.05,0.0,0.0
2018-06-18,11.019,11.019,11.019,11.019,0,0.0,0.0,0.0,0.0,0.0,,2.05,0.0,0.0
2018-06-19,11.019,11.019,11.019,11.019,0,0.0,0.0,0.0,0.0,0.0,,2.05,0.0,0.0
2018-06-20,11.019,11.019,11.019,11.019,0,0.0,0.0,0.0,0.0,0.0,,2.05,0.0,0.0
2018-06-21,11.019,11.019,11.019,11.019,0,0.0,0.0,0.0,0.0,0.0,,2.05,0.0,0.0
2018-06-22,10.978,11.185,10.978,11.185,200,2237.0,0.0,0.0,0.0,0.0,,2.05,0.0,0.0
2018-06-25,11.185,11.185,11.185,11.185,0,0.0,0.0,0.0,0.0,0.0,,2.05,0.0,0.0
2018-06-26,11.185,11.185,11.185,11.185,0,0.0,0.0,0.0,0.0,0.0,,2.05,0.0,0.0
2018-06-27,11.185,11.185,11.185,11.185,0,0.0,0.0,0.0,0.0,0.0,,2.05,0.0,0.0
2018-06-28,11.185,11.185,11.185,11.185,0,0.0,0.0,0.0,0.0,0.0,,2.05,0.0,0.0
2018-06-29,11.185,11.185,11.185,11.185,0,0.0,0.0,0.0,0.0,0.0,,2.05,0.0,0.0
2018-07-02,11.185,11.185,11.185,11.185,0,0.0,0.0,0.0,0.0,0.0,,2.05,0.0,0.0
2018-07-03,11.185,11.185,11.185,11.185,0,0.0,0.0,0.0,0.0,0.0,,2.05,0.0,0.0
2018-07-04,11.185,11.185,11.185,11.185,0,0.0,0.0,0.0,0.0,0.0,,2.05,0.0,0.0
2018-07-05,11.185,11.185,11.185,11.185,0,0.0,0.0,0.0,0.0,0.0,,2.05,0.0,0.0
2018-07-06,11.185,11.185,11.185,11.185,0,0.0,0.0,0.0,0.0,0.0,,2.05,0.0,0.0
2018-07-09,11.185,11.185,11.185,11.185,10,111.85,0.0,0.0,0.0,0.0,,2.05,0.0,0.0
2018-07-10,11.185,11.185,11.185,11.185,0,0.0,0.0,0.0,0.0,0.0,,2.05,0.0,0.0
2018-07-11,11.185,11.185,11.185,11.185,0,0.0,0.0,0.0,0.0,0.0,,2.05,0.0,0.0
2018-07-12,11.185,11.185,11.185,11.185,0,0.0,0.0,0.0,0.0,0.0,,2.05,0.0,0.0
2018-07-13,11.185,11.185,11.185,11.185,0,0.0,0.0,0.0,0.0,0.0,,2.05,0.0,0.0
2018-07-16,11.185,11.185,11.185,11.185,0,0.0,0.0,0.0,0.0,0.0,,2.05,0.0,0.0
2018-07-17,11.185,11.185,11.185,11.185,0,0.0,0.0,0.0,0.0,0.0,,2.05,0.0,0.0
2018-07-18,11.185,11.185,11.185,11.185,0,0.0,0.0,0.0,0.0,0.0,,2.05,0.0,0.0
2018-07-19,11.185,11.185,11.185,11.185,0,0.0,0.0,0.0,0.0,0.0,,2.05,0.0,0.0
2018-07-20,11.185,11.185,11.185,11.185,0,0.0,0.0,0.0,0.0,0.0,,2.05,0.0,0.0
2018-07-23,11.019,11.144,11.019,11.144,110,1225.84,0.0,0.0,0.0,0.0,,2.05,0.0,0.0
2018-07-24,10.811,10.811,10.811,10.811,500,5405.5,0.0,0.0,0.0,0.0,,2.05,0.0,0.0
2018-07-25,10.811,10.978,10.811,10.978,20,219.56,0.0,0.0,0.0,0.0,,2.05,0.0,0.0
2018-07-26,10.978,10.978,10.978,10.978,0,0.0,0.0,0.0,0.0,0.0,,2.05,0.0,0.0
2018-07-27,10.978,10.978,10.978,10.978,70,768.46,0.0,0.0,0.0,0.0,,2.05,0.0,0.0
2018-07-30,10.229,10.229,10.229,10.229,50,511.44999999999993,0.0,0.0,0.0,0.0,,2.05,0.0,0.0
2018-07-31,10.894,10.894,10.063,10.063,20,201.26,0.0,0.0,0.0,0.0,,2.05,0.0,0.0
2018-08-01,10.728,10.728,10.104,10.728,30,321.84,0.0,0.0,0.0,0.0,,2.05,0.0,0.0
2018-08-02,10.978,10.978,10.978,10.978,10,109.78,0.0,0.0,0.0,0.0,,2.05,0.0,0.0
2018-08-03,10.978,10.978,10.978,10.978,0,0.0,0.0,0.0,0.0,0.0,,2.05,0.0,0.0
2018-08-06,10.978,10.978,10.978,10.978,20,219.56,0.0,0.0,0.0,0.0,,2.05,0.0,0.0
2018-08-07,10.978,10.978,10.978,10.978,0,0.0,0.0,0.0,0.0,0.0,,2.05,0.0,0.0
2018-08-08,10.978,10.978,10.978,10.978,0,0.0,0.0,0.0,0.0,0.0,,2.05,0.0,0.0
2018-08-09,10.978,10.978,10.978,10.978,0,0.0,0.0,0.0,0.0,0.0,,2.05,0.0,0.0
2018-08-10,10.978,10.978,10.978,10.978,0,0.0,0.0,0.0,0.0,0.0,,2.05,0.0,0.0
2018-08-13,10.395,10.894,10.271,10.894,180,1960.92,0.0,0.0,0.0,0.0,,2.05,0.0,0.0
2018-08-14,10.811,11.227,10.811,11.227,310,3480.37,0.0,0.0,0.0,0.0,,2.05,0.0,0.0
2018-08-15,10.479,11.144,10.479,10.978,70,768.46,0.0,0.0,0.0,0.0,,2.05,0.0,0.0
2018-08-16,10.978,10.978,10.978,10.978,0,0.0,0.0,0.0,0.0,0.0,,2.05,0.0,0.0
2018-08-17,10.479,10.978,10.229,10.978,570,6257.46,0.0,0.0,0.0,0.0,,2.05,0.0,0.0
2018-08-20,10.978,10.978,10.978,10.978,0,0.0,0.0,0.0,0.0,0.0,,2.05,0.0,0.0
2018-08-21,10.978,10.978,10.978,10.978,0,0.0,0.0,0.0,0.0,0.0,,2.05,0.0,0.0
2018-08-22,10.978,10.978,10.978,10.978,0,0.0,0.0,0.0,0.0,0.0,,2.05,0.0,0.0
2018-08-23,10.77,10.77,10.77,10.77,70,753.9,0.0,0.0,0.0,0.0,,2.05,0.0,0.0
2018-08-24,10.978,10.978,10.978,10.978,10,109.78,0.0,0.0,0.0,0.0,,2.05,0.0,0.0
2018-08-27,10.978,11.227,10.978,11.144,620,6909.28,0.0,0.0,0.0,0.0,,2.05,0.0,0.0
2018-08-28,10.978,11.227,10.978,11.227,90,1010.43,0.0,0.0,0.0,0.0,,2.05,0.0,0.0
2018-08-29,10.978,11.477,10.978,11.477,70,803.39,0.0,0.0,0.0,0.0,,2.05,0.0,0.0
2018-08-30,11.477,11.477,11.477,11.477,0,0.0,0.0,0.0,0.0,0.0,,2.05,0.0,0.0
2018-08-31,11.477,12.267,11.477,12.267,20,245.34,0.0,0.0,0.0,0.0,,2.05,0.0,0.0
2018-09-04,12.267,12.267,12.267,12.267,0,0.0,0.0,0.0,0.0,0.0,,2.05,0.0,0.0
2018-09-05,12.225,12.225,12.225,12.225,10,122.25,0.0,0.0,0.0,0.0,,2.05,0.0,0.0
2018-09-06,11.393,12.183,11.393,12.183,70,852.81,0.0,0.0,0.0,0.0,,2.05,0.0,0.0
2018-09-07,12.183,12.183,12.183,12.183,0,0.0,0.0,0.0,0.0,0.0,,2.05,0.0,0.0
2018-09-10,12.183,12.183,12.183,12.183,0,0.0,0.0,0.0,0.0,0.0,,2.05,0.0,0.0
2018-09-11,12.183,12.183,12.183,12.183,0,0.0,0.0,0.0,0.0,0.0,,2.05,0.0,0.0
2018-09-12,12.183,12.183,12.183,12.183,10,121.83,0.0,0.0,0.0,0.0,,2.05,0.0,0.0
2018-09-13,12.183,12.183,12.183,12.183,10,121.83,0.0,0.0,0.0,0.0,,2.05,0.0,0.0
2018-09-14,12.1,13.015,12.1,13.015,60,780.9000000000001,0.0,0.0,0.0,0.0,,2.05,0.0,0.0
2018-09-17,13.015,13.015,13.015,13.015,0,0.0,0.0,0.0,0.0,0.0,,2.05,0.0,0.0
2018-09-18,12.142,12.142,12.142,12.142,390,4735.38,0.0,0.0,0.0,0.0,,2.05,0.0,0.0
2018-09-19,11.31,12.724,11.31,12.142,20930,254132.06,20000.0,0.0,270000.0,0.0,,2.05,0.27,0.0
2018-09-20,11.31,12.017,11.31,12.017,1000,12017.0,0.0,0.0,0.0,0.0,,2.05,0.0,0.0
2018-09-21,12.142,12.142,11.227,11.227,480,5388.96,0.0,0.0,0.0,0.0,,2.05,0.0,0.0
2018-09-24,11.643,11.643,11.643,11.643,10,116.43,0.0,0.0,0.0,0.0,,2.05,0.0,0.0
2018-09-25,11.726,11.726,10.894,11.601,120,1392.12,10.0,0.0,0.0,0.0,,2.05,0.0,0.0
2018-09-26,10.811,12.059,10.811,12.059,410,4944.19,0.0,0.0,0.0,0.0,,2.05,0.0,0.0
2018-09-27,12.059,12.059,12.059,12.059,0,0.0,0.0,0.0,0.0,0.0,,2.05,0.0,0.0
2018-09-28,11.227,11.976,11.227,11.976,1070,12814.320000000002,0.0,0.0,0.0,0.0,,2.05,0.0,0.0
2018-10-01,11.227,11.768,11.144,11.144,1990,22176.56,1830.0,0.0,20000.0,0.0,,2.05,0.02,0.0
2018-10-02,10.811,11.851,10.811,10.894,950,10349.3,10.0,0.0,0.0,0.0,,2.05,0.0,0.0
2018-10-03,11.56,11.56,10.894,11.269,5020,56570.38,4000.0,0.0,50000.0,0.0,,2.05,0.05,0.0
2018-10-04,10.978,11.518,10.978,11.518,30,345.54,0.0,0.0,0.0,0.0,,2.05,0.0,0.0
2018-10-05,11.768,11.768,10.936,11.601,120,1392.12,0.0,0.0,0.0,0.0,,2.05,0.0,0.0
2018-10-08,11.601,11.684,11.601,11.684,40,467.36,0.0,0.0,0.0,0.0,,2.05,0.0,0.0
2018-10-09,11.684,11.684,11.684,11.684,0,0.0,0.0,0.0,0.0,0.0,,2.05,0.0,0.0
2018-10-10,11.31,11.643,11.31,11.643,20,232.86,0.0,0.0,0.0,0.0,,2.05,0.0,0.0
2018-10-11,11.144,11.643,10.853,11.643,120,1397.16,0.0,70.0,0.0,0.0,,2.05,0.0,0.0
2018-10-12,11.726,11.726,10.853,11.518,140,1612.52,0.0,0.0,0.0,0.0,,2.05,0.0,0.0
2018-10-15,11.643,11.643,11.643,11.643,10,116.43,0.0,0.0,0.0,0.0,,2.05,0.0,0.0
2018-10-16,10.853,11.56,10.853,11.56,1000,11560.0,0.0,0.0,0.0,0.0,,2.05,0.0,0.0
2018-10-17,11.684,11.684,10.894,11.601,6440,74710.44,0.0,0.0,0.0,0.0,,2.05,0.0,0.0
2018-10-18,11.601,11.601,10.894,11.477,5640,64730.28,4780.0,0.0,60000.0,0.0,,2.05,0.06,0.0
2018-10-19,11.269,11.393,11.269,11.393,1510,17203.43,0.0,0.0,0.0,0.0,,2.05,0.0,0.0
2018-10-22,11.393,11.393,11.393,11.393,0,0.0,0.0,0.0,0.0,0.0,,2.05,0.0,0.0
2018-10-23,11.393,11.393,11.393,11.393,0,0.0,0.0,0.0,0.0,0.0,,2.05,0.0,0.0
2018-10-24,11.393,11.393,11.393,11.393,0,0.0,0.0,0.0,0.0,0.0,,2.05,0.0,0.0
2018-10-25,11.393,11.393,11.393,11.393,0,0.0,0.0,0.0,0.0,0.0,,2.05,0.0,0.0
2018-10-26,11.393,11.643,11.393,11.393,140,1595.02,0.0,0.0,0.0,0.0,,2.05,0.0,0.0
2018-10-29,11.435,11.435,11.435,11.435,10,114.35,0.0,0.0,0.0,0.0,,2.05,0.0,0.0
2018-10-30,11.435,11.435,11.435,11.435,0,0.0,0.0,0.0,0.0,0.0,,2.05,0.0,0.0
2018-10-31,11.518,11.518,11.518,11.518,10,115.18,0.0,0.0,0.0,0.0,,2.05,0.0,0.0
2018-11-01,11.56,11.56,11.56,11.56,10,115.6,0.0,0.0,0.0,0.0,,2.05,0.0,0.0
2018-11-02,10.77,11.518,10.77,11.518,210,2418.78,0.0,0.0,0.0,0.0,,2.05,0.0,0.0
2018-11-05,11.518,11.518,11.518,11.518,0,0.0,0.0,0.0,0.0,0.0,,2.05,0.0,0.0
2018-11-06,11.56,11.56,10.77,11.56,30,346.8,0.0,0.0,0.0,0.0,,2.05,0.0,0.0
2018-11-07,11.56,11.56,11.56,11.56,0,0.0,0.0,0.0,0.0,0.0,,2.05,0.0,0.0
2018-11-08,11.56,11.56,11.56,11.56,0,0.0,0.0,0.0,0.0,0.0,,2.05,0.0,0.0
2018-11-09,10.77,11.518,10.77,11.518,210,2418.78,0.0,0.0,0.0,0.0,,2.05,0.0,0.0
2018-11-12,11.518,11.518,11.518,11.518,0,0.0,0.0,0.0,0.0,0.0,,2.05,0.0,0.0
2018-11-13,11.518,11.518,11.518,11.518,0,0.0,0.0,0.0,0.0,0.0,,2.05,0.0,0.0
2018-11-14,11.518,11.518,11.518,11.518,0,0.0,0.0,0.0,0.0,0.0,,2.05,0.0,0.0
2018-11-15,11.518,11.518,11.518,11.518,0,0.0,0.0,0.0,0.0,0.0,,2.05,0.0,0.0
2018-11-16,11.518,11.518,11.518,11.518,0,0.0,0.0,0.0,0.0,0.0,,2.05,0.0,0.0
2018-11-19,11.56,11.601,10.728,11.601,50,580.0500000000001,0.0,0.0,0.0,0.0,,2.05,0.0,0.0
2018-11-20,11.601,11.601,11.601,11.601,0,0.0,0.0,0.0,0.0,0.0,,2.05,0.0,0.0
2018-11-21,11.601,11.601,11.601,11.601,0,0.0,0.0,0.0,0.0,0.0,,2.05,0.0,0.0
2018-11-22,11.643,11.643,11.643,11.643,10,116.43,0.0,0.0,0.0,0.0,,2.05,0.0,0.0
2018-11-23,11.643,11.643,11.643,11.643,0,0.0,0.0,0.0,0.0,0.0,,2.05,0.0,0.0
2018-11-26,11.684,11.726,11.684,11.726,80,938.08,0.0,0.0,0.0,0.0,,2.05,0.0,0.0
2018-11-27,11.643,11.726,11.643,11.726,200,2345.2000000000003,200.0,0.0,0.0,0.0,,2.05,0.0,0.0
2018-11-28,11.726,11.726,11.726,11.726,0,0.0,0.0,0.0,0.0,0.0,,2.05,0.0,0.0
2018-11-29,11.726,11.726,11.726,11.726,0,0.0,0.0,0.0,0.0,0.0,,2.05,0.0,0.0
2018-11-30,11.726,11.726,11.726,11.726,0,0.0,0.0,0.0,0.0,0.0,,2.05,0.0,0.0
2018-12-03,11.726,11.726,11.726,11.726,0,0.0,0.0,0.0,0.0,0.0,,2.05,0.0,0.0
2018-12-04,10.978,11.643,10.978,11.643,30,349.29,0.0,0.0,0.0,0.0,,2.05,0.0,0.0
2018-12-05,11.643,11.643,11.643,11.643,0,0.0,0.0,0.0,0.0,0.0,,2.05,0.0,0.0
2018-12-06,10.853,11.601,10.853,11.601,930,10788.93,0.0,0.0,0.0,0.0,,2.05,0.0,0.0
2018-12-07,10.811,11.56,10.811,10.811,2020,21838.22,0.0,0.0,0.0,0.0,,2.05,0.0,0.0
2018-12-10,11.56,11.56,11.56,11.56,10,115.6,0.0,0.0,0.0,0.0,,2.05,0.0,0.0
2018-12-11,10.77,11.56,10.77,10.811,840,9081.24,0.0,0.0,0.0,0.0,,2.05,0.0,0.0
2018-12-12,10.229,11.435,10.063,10.063,4160,41862.08,0.0,1300.0,0.0,20000.0,,2.05,0.0,0.02
2018-12-13,10.562,10.603,10.063,10.063,3320,33409.16,0.0,0.0,0.0,0.0,,2.05,0.0,0.0
2018-12-14,10.686,10.686,9.772,10.063,2420,24352.460000000003,0.0,0.0,0.0,0.0,,2.05,0.0,0.0
2018-12-17,10.645,10.645,9.896,10.063,1640,16503.32,0.0,0.0,0.0,0.0,,2.05,0.0,0.0
2018-12-18,10.686,10.686,10.686,10.686,110,1175.46,0.0,0.0,0.0,0.0,,2.05,0.0,0.0
2018-12-19,11.269,11.269,10.811,10.811,310,3351.41,0.0,0.0,0.0,0.0,,2.05,0.0,0.0
2018-12-20,11.56,11.56,10.146,10.77,80,861.5999999999999,0.0,0.0,0.0,0.0,,2.05,0.0,0.0
2018-12-21,11.269,11.269,10.104,10.811,520,5621.72,0.0,0.0,0.0,0.0,,2.05,0.0,0.0
2018-12-24,10.479,10.479,10.479,10.479,540,5658.66,0.0,0.0,0.0,0.0,,2.05,0.0,0.0
2018-12-25,11.144,11.144,10.104,10.146,1130,11464.98,0.0,0.0,0.0,0.0,,2.05,0.0,0.0
2018-12-26,10.686,10.686,10.229,10.229,510,5216.79,0.0,0.0,0.0,0.0,,2.05,0.0,0.0
2018-12-27,10.77,10.77,10.229,10.229,1090,11149.61,0.0,0.0,0.0,0.0,,2.05,0.0,0.0
2018-12-28,10.811,10.811,10.146,10.146,840,8522.640000000001,40.0,0.0,0.0,0.0,,2.05,0.0,0.0
2019-01-02,10.77,10.853,10.479,10.811,6710,72541.81,0.0,0.0,0.0,0.0,,2.05,0.0,0.0
2019-01-03,11.102,11.102,10.479,11.061,1120,12388.32,0.0,0.0,0.0,0.0,,2.05,0.0,0.0
2019-01-04,11.768,11.768,10.562,11.518,650,7486.700000000001,0.0,0.0,0.0,0.0,,2.05,0.0,0.0
2019-01-07,12.059,12.059,10.853,10.853,700,7597.099999999999,0.0,0.0,0.0,0.0,,2.05,0.0,0.0
2019-01-08,11.477,11.477,10.603,10.853,3270,35489.31,0.0,0.0,0.0,0.0,,2.05,0.0,0.0
2019-01-09,10.853,11.56,10.811,11.144,2410,26857.04,0.0,0.0,0.0,0.0,,2.05,0.0,0.0
2019-01-10,10.853,11.144,10.811,11.144,940,10475.36,0.0,0.0,0.0,0.0,,2.05,0.0,0.0
2019-01-11,11.227,11.227,10.978,11.227,4110,46142.97,0.0,0.0,0.0,0.0,,2.05,0.0,0.0
2019-01-14,11.497,11.676,10.644,11.676,1090,12726.84,0.0,0.0,0.0,0.0,,2.05,0.0,0.0
2019-01-15,11.766,11.766,10.958,11.676,810,9457.56,0.0,0.0,0.0,0.0,,2.05,0.0,0.0
2019-01-16,11.676,11.676,11.676,11.676,290,3386.04,0.0,0.0,0.0,0.0,,2.05,0.0,0.0
2019-01-17,11.048,11.587,11.048,11.048,1130,12484.24,0.0,0.0,0.0,0.0,,2.05,0.0,0.0
2019-01-18,11.542,11.542,10.913,11.048,470,5192.56,0.0,0.0,0.0,0.0,,2.05,0.0,0.0
2019-01-21,11.587,11.587,10.599,11.452,50,572.6,0.0,0.0,0.0,0.0,,2.05,0.0,0.0
2019-01-22,11.721,11.721,10.823,11.587,1060,12282.22,0.0,0.0,0.0,0.0,,2.05,0.0,0.0
2019-01-23,12.35,12.35,10.823,10.868,680,7390.24,0.0,0.0,0.0,0.0,,2.05,0.0,0.0
2019-01-24,11.587,11.587,10.868,10.868,520,5651.360000000001,0.0,0.0,0.0,0.0,,2.05,0.0,0.0
2019-01-25,11.452,11.452,10.688,10.823,1210,13095.83,0.0,0.0,0.0,0.0,,2.05,0.0,0.0
2019-01-28,11.542,11.542,10.778,11.497,270,3104.19,0.0,0.0,0.0,0.0,,2.05,0.0,0.0
2019-01-29,11.811,11.811,10.868,10.868,1860,20214.48,0.0,0.0,0.0,0.0,,2.05,0.0,0.0
2019-01-30,10.868,11.227,10.868,11.227,2850,31996.95,2800.0,0.0,30000.0,0.0,,2.05,0.03,0.0
2019-01-31,10.868,11.227,10.868,10.868,7180,78032.24,6080.0,0.0,70000.0,0.0,,2.05,0.07,0.0
2019-02-01,11.227,11.497,11.227,11.497,610,7013.17,0.0,0.0,0.0,0.0,,2.05,0.0,0.0
2019-02-11,11.407,11.497,11.407,11.497,220,2529.34,0.0,0.0,0.0,0.0,,2.05,0.0,0.0
2019-02-12,11.497,11.497,11.497,11.497,0,0.0,0.0,0.0,0.0,0.0,,2.05,0.0,0.0
2019-02-13,11.721,11.901,11.676,11.901,320,3808.32,0.0,0.0,0.0,0.0,,2.05,0.0,0.0
2019-02-14,12.081,12.081,11.676,11.676,1030,12026.28,0.0,0.0,0.0,0.0,,2.05,0.0,0.0
2019-02-15,12.081,12.081,12.081,12.081,10,120.81,0.0,0.0,0.0,0.0,,2.05,0.0,0.0
2019-02-18,12.081,12.081,12.081,12.081,190,2295.39,0.0,0.0,0.0,0.0,,2.05,0.0,0.0
2019-02-19,12.395,12.395,12.395,12.395,10,123.95,0.0,0.0,0.0,0.0,,2.05,0.0,0.0
2019-02-20,11.542,11.542,11.542,11.542,690,7963.98,0.0,0.0,0.0,0.0,,2.05,0.0,0.0
2019-02-21,12.26,12.26,11.362,12.215,70,855.05,0.0,0.0,0.0,0.0,,2.05,0.0,0.0
2019-02-22,11.362,12.081,11.362,12.081,220,2657.82,0.0,0.0,0.0,0.0,,2.05,0.0,0.0
2019-02-25,12.081,12.081,12.081,12.081,0,0.0,0.0,0.0,0.0,0.0,,2.05,0.0,0.0
2019-02-26,12.485,12.844,12.395,12.395,90,1115.55,0.0,0.0,0.0,0.0,,2.05,0.0,0.0
2019-02-27,12.395,12.395,12.395,12.395,0,0.0,0.0,0.0,0.0,0.0,,2.05,0.0,0.0
2019-02-28,12.844,12.844,12.844,12.844,10,128.44,0.0,0.0,0.0,0.0,,2.05,0.0,0.0
2019-03-01,11.946,12.575,11.946,11.946,390,4658.94,0.0,0.0,0.0,0.0,,2.05,0.0,0.0
2019-03-04,11.676,12.126,11.272,11.721,660,7735.86,0.0,0.0,0.0,0.0,,2.05,0.0,0.0
2019-03-05,11.676,11.721,11.676,11.721,500,5860.5,0.0,0.0,0.0,0.0,,2.05,0.0,0.0
2019-03-06,12.081,12.081,11.676,11.676,1280,14945.28,0.0,0.0,0.0,0.0,,2.05,0.0,0.0
2019-03-07,11.676,11.766,11.632,11.766,31550,371217.3,2300.0,0.0,30000.0,0.0,,2.05,0.03,0.0
2019-03-08,12.081,12.081,11.676,11.676,40,467.04,0.0,0.0,0.0,0.0,,2.05,0.0,0.0
2019-03-11,12.215,12.215,11.991,12.036,40,481.44,0.0,0.0,0.0,0.0,,2.05,0.0,0.0
2019-03-12,12.036,12.036,12.036,12.036,600,7221.599999999999,0.0,0.0,0.0,0.0,,2.05,0.0,0.0
2019-03-13,11.676,11.676,11.676,11.676,100,1167.6,0.0,0.0,0.0,0.0,,2.05,0.0,0.0
2019-03-14,11.676,11.676,11.676,11.676,0,0.0,0.0,0.0,0.0,0.0,,2.05,0.0,0.0
2019-03-15,11.676,11.676,11.676,11.676,0,0.0,0.0,0.0,0.0,0.0,,2.05,0.0,0.0
2019-03-18,12.35,12.35,11.676,12.215,30,366.45,0.0,0.0,0.0,0.0,,2.05,0.0,0.0
2019-03-19,12.575,12.575,12.575,12.575,10,125.75,0.0,0.0,0.0,0.0,,2.05,0.0,0.0
2019-03-20,12.664,12.664,12.395,12.395,210,2602.95,0.0,0.0,0.0,0.0,,2.05,0.0,0.0
2019-03-21,12.62,12.62,12.395,12.395,20,247.9,0.0,0.0,0.0,0.0,,2.05,0.0,0.0
2019-03-22,12.395,12.395,12.395,12.395,0,0.0,0.0,0.0,0.0,0.0,,2.05,0.0,0.0
2019-03-25,12.395,13.203,12.395,13.203,20,264.06,0.0,0.0,0.0,0.0,,2.05,0.0,0.0
2019-03-26,12.305,12.305,12.305,12.305,800,9844.0,0.0,0.0,0.0,0.0,,2.05,0.0,0.0
2019-03-27,11.452,12.215,11.452,12.215,220,2687.3,0.0,0.0,0.0,0.0,,2.05,0.0,0.0
2019-03-28,12.215,12.215,12.215,12.215,0,0.0,0.0,0.0,0.0,0.0,,2.05,0.0,0.0
2019-03-29,12.215,12.215,12.215,12.215,0,0.0,0.0,0.0,0.0,0.0,,2.05,0.0,0.0
2019-04-01,11.721,12.036,11.721,12.036,30,361.08,0.0,0.0,0.0,0.0,,2.05,0.0,0.0
2019-04-02,12.485,12.485,11.721,11.946,70,836.22,0.0,0.0,0.0,0.0,,2.05,0.0,0.0
2019-04-03,12.081,12.081,11.721,11.991,120,1438.92,0.0,0.0,0.0,0.0,,2.05,0.0,0.0
2019-04-04,11.676,11.946,11.676,11.946,70,836.22,0.0,0.0,0.0,0.0,,2.05,0.0,0.0
2019-04-05,12.126,12.126,11.676,12.081,1220,14738.82,0.0,0.0,0.0,0.0,,2.05,0.0,0.0
2019-04-08,12.081,12.081,11.676,12.036,270,3249.72,0.0,0.0,0.0,0.0,,2.05,0.0,0.0
2019-04-09,11.676,12.036,11.497,11.497,350,4023.95,0.0,0.0,0.0,0.0,,2.05,0.0,0.0
2019-04-10,11.676,12.17,11.676,12.17,90,1095.3,0.0,0.0,0.0,0.0,,2.05,0.0,0.0
2019-04-11,12.17,12.17,12.17,12.17,0,0.0,0.0,0.0,0.0,0.0,,2.05,0.0,0.0
2019-04-12,11.676,12.081,11.587,12.036,120,1444.32,0.0,0.0,0.0,0.0,,2.05,0.0,0.0
2019-04-16,12.17,12.17,11.497,11.676,120,1401.12,0.0,0.0,0.0,0.0,,2.05,0.0,0.0
2019-04-17,12.081,12.081,12.081,12.081,10,120.81,0.0,0.0,0.0,0.0,,2.05,0.0,0.0
2019-04-18,11.676,12.35,11.676,12.036,1250,15045.0,0.0,0.0,0.0,0.0,,2.05,0.0,0.0
2019-04-19,11.676,12.036,11.676,11.676,4060,47404.56,0.0,0.0,0.0,0.0,,2.05,0.0,0.0
2019-04-22,12.081,12.081,11.676,12.036,440,5295.84,0.0,0.0,0.0,0.0,,2.05,0.0,0.0
2019-04-23,11.587,12.036,11.587,12.036,40,481.44,0.0,0.0,0.0,0.0,,2.05,0.0,0.0
2019-04-24,12.036,12.036,12.036,12.036,0,0.0,0.0,0.0,0.0,0.0,,2.05,0.0,0.0
2019-04-25,12.036,12.036,12.036,12.036,40,481.44,0.0,0.0,0.0,0.0,,2.05,0.0,0.0
2019-04-26,12.036,12.036,12.036,12.036,0,0.0,0.0,0.0,0.0,0.0,,2.05,0.0,0.0
2019-05-02,11.856,11.901,11.856,11.901,30,357.03,0.0,0.0,0.0,0.0,,2.05,0.0,0.0
2019-05-03,11.856,12.036,11.587,11.676,60,700.5600000000001,0.0,0.0,0.0,0.0,,2.05,0.0,0.0
2019-05-06,11.991,11.991,11.991,11.991,10,119.91,0.0,0.0,0.0,0.0,,2.05,0.0,0.0
2019-05-07,11.991,11.991,11.991,11.991,0,0.0,0.0,0.0,0.0,0.0,,2.05,0.0,0.0
2019-05-08,11.991,11.991,11.991,11.991,0,0.0,0.0,0.0,0.0,0.0,,2.05,0.0,0.0
2019-05-09,11.991,11.991,11.991,11.991,0,0.0,0.0,0.0,0.0,0.0,,2.05,0.0,0.0
2019-05-10,11.991,11.991,11.991,11.991,0,0.0,0.0,0.0,0.0,0.0,,2.05,0.0,0.0
2019-05-13,12.485,12.485,12.485,12.485,10,124.85,0.0,0.0,0.0,0.0,,2.05,0.0,0.0
2019-05-14,11.676,12.036,11.676,12.036,280,3370.08,0.0,0.0,0.0,0.0,,2.05,0.0,0.0
2019-05-15,11.676,11.676,11.497,11.497,110,1264.67,0.0,100.0,0.0,0.0,,2.05,0.0,0.0
2019-05-16,12.036,12.036,11.317,11.676,50,583.8,0.0,0.0,0.0,0.0,,2.05,0.0,0.0
2019-05-17,11.676,11.676,11.676,11.676,10,116.76,0.0,0.0,0.0,0.0,,2.05,0.0,0.0
2019-05-20,11.676,11.676,11.676,11.676,20,233.52,0.0,0.0,0.0,0.0,,2.05,0.0,0.0
2019-05-21,11.946,11.946,11.946,11.946,10,119.46,0.0,0.0,0.0,0.0,,2.05,0.0,0.0
2019-05-22,11.946,11.946,11.946,11.946,0,0.0,0.0,0.0,0.0,0.0,,2.05,0.0,0.0
2019-05-23,11.946,11.946,11.946,11.946,0,0.0,0.0,0.0,0.0,0.0,,2.05,0.0,0.0
2019-05-24,11.946,11.946,11.946,11.946,0,0.0,0.0,0.0,0.0,0.0,,2.05,0.0,0.0
2019-05-27,11.946,11.946,11.946,11.946,0,0.0,0.0,0.0,0.0,0.0,,2.05,0.0,0.0
2019-05-28,11.946,11.946,11.946,11.946,0,0.0,0.0,0.0,0.0,0.0,,2.05,0.0,0.0
2019-05-29,12.395,12.395,12.395,12.395,10,123.95,0.0,0.0,0.0,0.0,,2.05,0.0,0.0
2019-05-30,11.676,11.991,11.632,11.991,2040,24461.64,2000.0,0.0,30000.0,0.0,,2.05,0.03,0.0
2019-05-31,11.991,11.991,11.991,11.991,0,0.0,0.0,0.0,0.0,0.0,,2.05,0.0,0.0
2019-06-03,11.991,11.991,11.991,11.991,20,239.82,0.0,0.0,0.0,0.0,,2.05,0.0,0.0
2019-06-04,11.676,11.676,11.676,11.676,8520,99479.52,400.0,0.0,10000.0,0.0,,2.05,0.01,0.0
2019-06-05,12.036,12.036,11.676,11.676,20,233.52,0.0,0.0,0.0,0.0,,2.05,0.0,0.0
2019-06-06,11.676,11.676,11.676,11.676,0,0.0,0.0,0.0,0.0,0.0,,2.05,0.0,0.0
2019-06-07,11.676,11.676,11.676,11.676,0,0.0,0.0,0.0,0.0,0.0,,2.05,0.0,0.0
2019-06-10,11.676,11.676,11.676,11.676,0,0.0,0.0,0.0,0.0,0.0,,2.05,0.0,0.0
2019-06-11,11.407,11.676,11.407,11.676,310,3619.56,0.0,0.0,0.0,0.0,,2.05,0.0,0.0
2019-06-12,11.676,11.676,11.676,11.676,0,0.0,0.0,0.0,0.0,0.0,,2.05,0.0,0.0
2019-06-13,11.676,11.676,11.676,11.676,0,0.0,0.0,0.0,0.0,0.0,,2.05,0.0,0.0
2019-06-14,11.991,11.991,11.676,11.676,20,233.52,0.0,0.0,0.0,0.0,,2.05,0.0,0.0
2019-06-17,11.946,11.946,11.676,11.676,30,350.28000000000003,0.0,0.0,0.0,0.0,,2.05,0.0,0.0
2019-06-18,11.901,11.901,11.901,11.901,10,119.01,0.0,0.0,0.0,0.0,,2.05,0.0,0.0
2019-06-19,11.946,11.946,11.946,11.946,10,119.46,0.0,0.0,0.0,0.0,,2.05,0.0,0.0
2019-06-20,11.676,11.676,11.227,11.676,50,583.8,0.0,0.0,0.0,0.0,,2.05,0.0,0.0
2019-06-21,11.856,11.856,11.856,11.856,10,118.56,0.0,0.0,0.0,0.0,,2.05,0.0,0.0
2019-06-24,11.856,11.856,11.856,11.856,0,0.0,0.0,0.0,0.0,0.0,,2.05,0.0,0.0
2019-06-25,11.497,11.632,11.048,11.632,230,2675.36,0.0,200.0,0.0,0.0,,2.05,0.0,0.0
2019-06-26,11.676,11.676,11.676,11.676,10,116.76,0.0,0.0,0.0,0.0,,2.05,0.0,0.0
2019-06-27,10.868,10.868,10.868,10.868,680,7390.24,0.0,0.0,0.0,0.0,,2.05,0.0,0.0
2019-06-28,11.587,11.587,11.587,11.587,10,115.87,0.0,0.0,0.0,0.0,,2.05,0.0,0.0
2019-07-01,11.227,11.587,11.227,11.587,80,926.96,0.0,0.0,0.0,0.0,,2.05,0.0,0.0
2019-07-02,11.542,11.542,11.317,11.497,50,574.85,0.0,0.0,0.0,0.0,,2.05,0.0,0.0
2019-07-03,11.497,11.497,11.497,11.497,20,229.94,0.0,0.0,0.0,0.0,,2.05,0.0,0.0
2019-07-04,11.766,11.766,11.587,11.587,80,926.96,50.0,0.0,0.0,0.0,,2.05,0.0,0.0
2019-07-05,11.587,11.587,11.587,11.587,20,231.74,0.0,0.0,0.0,0.0,,2.05,0.0,0.0
2019-07-08,11.587,11.587,11.587,11.587,0,0.0,0.0,0.0,0.0,0.0,,2.05,0.0,0.0
2019-07-09,10.958,11.497,10.778,11.497,210,2414.37,0.0,0.0,0.0,0.0,,2.05,0.0,0.0
2019-07-10,11.497,11.497,11.497,11.497,0,0.0,0.0,0.0,0.0,0.0,,2.05,0.0,0.0
2019-07-11,11.587,11.587,11.587,11.587,20,231.74,0.0,10.0,0.0,0.0,,2.05,0.0,0.0
2019-07-12,11.227,11.452,11.227,11.452,210,2404.92,0.0,0.0,0.0,0.0,,2.05,0.0,0.0
2019-07-15,11.452,11.452,11.452,11.452,20,229.04,0.0,0.0,0.0,0.0,,2.05,0.0,0.0
2019-07-16,11.407,11.407,11.407,11.407,50,570.35,0.0,0.0,0.0,0.0,,2.05,0.0,0.0
2019-07-17,11.317,11.317,11.227,11.317,40,452.68,0.0,0.0,0.0,0.0,,2.05,0.0,0.0
2019-07-18,10.958,11.317,10.958,11.317,20,226.34,0.0,0.0,0.0,0.0,,2.05,0.0,0.0
2019-07-19,11.317,11.317,11.317,11.317,20,226.34,0.0,0.0,0.0,0.0,,2.05,0.0,0.0
2019-07-22,11.048,11.227,10.958,11.227,30,336.81,0.0,0.0,0.0,0.0,,2.05,0.0,0.0
2019-07-23,11.227,11.227,11.227,11.227,0,0.0,0.0,0.0,0.0,0.0,,2.05,0.0,0.0
2019-07-24,11.317,11.317,11.317,11.317,10,113.17,0.0,0.0,0.0,0.0,,2.05,0.0,0.0
2019-07-25,11.317,11.317,11.317,11.317,20,226.34,0.0,0.0,0.0,0.0,,2.05,0.0,0.0
2019-07-26,11.048,11.587,11.048,11.587,610,7068.07,0.0,0.0,0.0,0.0,,2.05,0.0,0.0
2019-07-29,11.587,11.587,11.587,11.587,30,347.61,0.0,0.0,0.0,0.0,,2.05,0.0,0.0
2019-07-30,11.227,11.227,11.227,11.227,30,336.81,0.0,0.0,0.0,0.0,,2.05,0.0,0.0
2019-07-31,11.227,11.587,11.227,11.542,620,7156.04,0.0,0.0,0.0,0.0,,2.05,0.0,0.0
2019-08-01,11.227,11.227,11.227,11.227,30,336.81,0.0,0.0,0.0,0.0,,2.05,0.0,0.0
2019-08-02,11.227,11.227,11.227,11.227,0,0.0,0.0,0.0,0.0,0.0,,2.05,0.0,0.0
2019-08-05,10.599,10.599,10.464,10.464,780,8161.92,0.0,0.0,0.0,0.0,,2.05,0.0,0.0
2019-08-06,10.778,11.138,9.745,11.138,3380,37646.44,0.0,0.0,0.0,0.0,,2.05,0.0,0.0
2019-08-07,11.497,11.497,11.497,11.497,90,1034.73,0.0,0.0,0.0,0.0,,2.05,0.0,0.0
2019-08-08,11.497,11.497,11.497,11.497,40,459.88,0.0,0.0,0.0,0.0,,2.05,0.0,0.0
2019-08-09,10.733,11.317,10.733,11.317,2140,24218.38,0.0,0.0,0.0,0.0,,2.05,0.0,0.0
2019-08-12,11.317,11.317,11.317,11.317,30,339.51,0.0,0.0,0.0,0.0,,2.05,0.0,0.0
2019-08-13,11.317,11.317,11.317,11.317,30,339.51,0.0,0.0,0.0,0.0,,2.05,0.0,0.0
2019-08-14,11.317,11.317,11.317,11.317,30,339.51,0.0,0.0,0.0,0.0,,2.05,0.0,0.0
2019-08-15,11.138,11.227,11.138,11.227,90,1010.43,0.0,0.0,0.0,0.0,,2.05,0.0,0.0
2019-08-16,11.227,11.227,11.227,11.227,60,673.62,0.0,0.0,0.0,0.0,,2.05,0.0,0.0
2019-08-19,10.464,10.778,10.464,10.688,200,2137.6,0.0,0.0,0.0,0.0,,2.05,0.0,0.0
2019-08-20,10.374,11.227,10.194,11.227,250,2806.75,0.0,0.0,0.0,0.0,,2.05,0.0,0.0
2019-08-21,11.227,11.227,11.227,11.227,50,561.35,0.0,0.0,0.0,0.0,,2.05,0.0,0.0
2019-08-22,10.778,10.778,10.778,10.778,50,538.9,0.0,0.0,0.0,0.0,,2.05,0.0,0.0
2019-08-23,11.138,11.138,11.138,11.138,20,222.76,0.0,0.0,0.0,0.0,,2.05,0.0,0.0
2019-08-26,11.138,11.138,11.138,11.138,10,111.38,0.0,0.0,0.0,0.0,,2.05,0.0,0.0
2019-08-27,10.374,10.374,10.374,10.374,100,1037.4,0.0,0.0,0.0,0.0,,2.05,0.0,0.0
2019-08-28,10.958,10.958,10.958,10.958,20,219.16,0.0,0.0,0.0,0.0,,2.05,0.0,0.0
2019-08-29,10.329,10.958,10.329,10.958,30,328.74,0.0,0.0,0.0,0.0,,2.05,0.0,0.0
2019-08-30,10.958,10.958,10.958,10.958,10,109.58,0.0,0.0,0.0,0.0,,2.05,0.0,0.0
2019-09-03,10.958,10.958,10.958,10.958,20,219.16,0.0,0.0,0.0,0.0,,2.05,0.0,0.0
2019-09-04,11.632,11.632,10.958,10.958,50,547.9,0.0,0.0,0.0,0.0,,2.05,0.0,0.0
2019-09-05,11.632,11.632,11.632,11.632,10,116.32,0.0,0.0,0.0,0.0,,2.05,0.0,0.0
2019-09-06,11.632,11.632,11.632,11.632,0,0.0,0.0,0.0,0.0,0.0,,2.05,0.0,0.0
2019-09-09,11.632,11.632,11.632,11.632,0,0.0,0.0,0.0,0.0,0.0,,2.05,0.0,0.0
2019-09-10,11.632,11.632,11.632,11.632,50,581.6,0.0,0.0,0.0,0.0,,2.05,0.0,0.0
2019-09-11,11.362,11.407,11.362,11.407,130,1482.91,0.0,0.0,0.0,0.0,,2.05,0.0,0.0
2019-09-12,10.778,10.778,10.778,10.778,30,323.34000000000003,0.0,0.0,0.0,0.0,,2.05,0.0,0.0
2019-09-13,10.778,11.317,10.778,11.317,40,452.68,0.0,0.0,0.0,0.0,,2.05,0.0,0.0
2019-09-16,11.272,11.272,11.272,11.272,30,338.16,0.0,0.0,0.0,0.0,,2.05,0.0,0.0
2019-09-17,11.272,11.272,11.272,11.272,50,563.6,0.0,0.0,0.0,0.0,,2.05,0.0,0.0
2019-09-18,10.778,11.182,10.778,11.182,30,335.46000000000004,0.0,0.0,0.0,0.0,,2.05,0.0,0.0
2019-09-19,11.587,11.587,11.587,11.587,40,463.48,0.0,0.0,0.0,0.0,,2.05,0.0,0.0
2019-09-20,10.778,11.182,10.778,10.778,1310,14119.18,0.0,0.0,0.0,0.0,,2.05,0.0,0.0
2019-09-23,10.778,10.778,10.778,10.778,0,0.0,0.0,0.0,0.0,0.0,,2.05,0.0,0.0
2019-09-24,11.407,11.407,10.194,10.194,720,7339.68,0.0,0.0,0.0,0.0,,2.05,0.0,0.0
2019-09-25,10.733,10.733,10.733,10.733,10,107.33,0.0,0.0,0.0,0.0,,2.05,0.0,0.0
2019-09-26,11.452,11.452,10.015,10.015,5040,50475.600000000006,0.0,0.0,0.0,0.0,,2.05,0.0,0.0
2019-09-27,10.554,10.599,9.7,10.509,4800,50443.2,0.0,0.0,0.0,0.0,,2.05,0.0,0.0
2019-09-30,11.138,11.138,9.925,10.733,1040,11162.32,0.0,0.0,0.0,0.0,,2.05,0.0,0.0
2019-10-01,10.06,10.599,10.06,10.599,390,4133.61,0.0,0.0,0.0,0.0,,2.05,0.0,0.0
2019-10-02,10.329,10.329,10.329,10.329,20,206.58,0.0,0.0,0.0,0.0,,2.05,0.0,0.0
2019-10-03,9.7,10.599,9.7,10.599,90,953.91,0.0,0.0,0.0,0.0,,2.05,0.0,0.0
2019-10-04,10.419,10.419,10.419,10.419,60,625.14,0.0,0.0,0.0,0.0,,2.05,0.0,0.0
2019-10-07,10.419,10.419,10.419,10.419,100,1041.9,0.0,0.0,0.0,0.0,,2.05,0.0,0.0
2019-10-08,10.15,10.15,10.15,10.15,110,1116.5,0.0,0.0,0.0,0.0,,2.05,0.0,0.0
2019-10-09,10.15,10.599,10.15,10.599,2010,21303.99,1890.0,0.0,20000.0,0.0,,2.05,0.02,0.0
2019-10-10,10.15,10.554,10.15,10.554,120,1266.48,10.0,0.0,0.0,0.0,,2.05,0.0,0.0
2019-10-11,10.554,10.554,10.554,10.554,100,1055.4,0.0,0.0,0.0,0.0,,2.05,0.0,0.0
2019-10-14,10.15,10.15,10.15,10.15,590,5988.5,500.0,0.0,10000.0,0.0,,2.05,0.01,0.0
2019-10-15,10.733,10.733,10.15,10.15,160,1624.0,140.0,0.0,0.0,0.0,,2.05,0.0,0.0
2019-10-16,10.554,10.554,10.554,10.554,70,738.78,0.0,0.0,0.0,0.0,,2.05,0.0,0.0
2019-10-17,10.554,10.554,10.554,10.554,90,949.86,0.0,0.0,0.0,0.0,,2.05,0.0,0.0
2019-10-18,11.003,11.003,10.194,10.194,110,1121.34,0.0,0.0,0.0,0.0,,2.05,0.0,0.0
2019-10-21,10.284,10.733,10.15,10.733,340,3649.22,100.0,0.0,0.0,0.0,,2.05,0.0,0.0
2019-10-22,11.138,11.138,11.138,11.138,110,1225.18,0.0,0.0,0.0,0.0,,2.05,0.0,0.0
2019-10-23,11.227,11.227,11.227,11.227,20,224.54,0.0,0.0,0.0,0.0,,2.05,0.0,0.0
2019-10-24,11.452,11.452,11.452,11.452,110,1259.72,0.0,0.0,0.0,0.0,,2.05,0.0,0.0
2019-10-25,10.688,11.542,10.688,11.542,110,1269.62,0.0,0.0,0.0,0.0,,2.05,0.0,0.0
2019-10-28,11.542,11.542,11.542,11.542,0,0.0,0.0,0.0,0.0,0.0,,2.05,0.0,0.0
2019-10-29,11.587,11.587,10.778,11.497,160,1839.52,0.0,0.0,0.0,0.0,,2.05,0.0,0.0
2019-10-30,11.542,11.542,11.542,11.542,10,115.42,0.0,0.0,0.0,0.0,,2.05,0.0,0.0
2019-10-31,10.778,10.778,10.778,10.778,90,970.02,0.0,0.0,0.0,0.0,,2.05,0.0,0.0
2019-11-01,10.778,11.407,10.778,11.407,100,1140.7,0.0,0.0,0.0,0.0,,2.05,0.0,0.0
2019-11-04,11.407,11.407,11.407,11.407,0,0.0,0.0,0.0,0.0,0.0,,2.05,0.0,0.0
2019-11-05,10.644,10.644,10.644,10.644,10,106.44,0.0,0.0,0.0,0.0,,2.05,0.0,0.0
2019-11-06,11.048,11.048,11.048,11.048,40,441.92,0.0,0.0,0.0,0.0,,2.05,0.0,0.0
2019-11-07,11.048,11.048,11.048,11.048,0,0.0,0.0,0.0,0.0,0.0,,2.05,0.0,0.0
2019-11-08,11.048,11.048,11.048,11.048,0,0.0,0.0,0.0,0.0,0.0,,2.05,0.0,0.0
2019-11-11,11.048,11.048,11.048,11.048,0,0.0,0.0,0.0,0.0,0.0,,2.05,0.0,0.0
2019-11-12,11.138,11.138,11.138,11.138,20,222.76,0.0,0.0,0.0,0.0,,2.05,0.0,0.0
2019-11-13,10.778,10.778,10.778,10.778,20,215.56,0.0,0.0,0.0,0.0,,2.05,0.0,0.0
2019-11-14,10.778,10.778,10.778,10.778,80,862.24,0.0,0.0,0.0,0.0,,2.05,0.0,0.0
2019-11-15,10.778,11.138,10.778,11.138,20,222.76,0.0,0.0,0.0,0.0,,2.05,0.0,0.0
2019-11-18,11.138,11.138,11.138,11.138,0,0.0,0.0,0.0,0.0,0.0,,2.05,0.0,0.0
2019-11-19,11.138,11.138,11.138,11.138,20,222.76,0.0,0.0,0.0,0.0,,2.05,0.0,0.0
2019-11-20,11.138,11.138,11.138,11.138,120,1336.56,0.0,0.0,0.0,0.0,,2.05,0.0,0.0
2019-11-21,10.778,10.778,10.778,10.778,30,323.34000000000003,0.0,0.0,0.0,0.0,,2.05,0.0,0.0
2019-11-22,10.778,10.778,10.778,10.778,80,862.24,0.0,0.0,0.0,0.0,,2.05,0.0,0.0
2019-11-25,10.778,11.452,10.778,11.048,6020,66508.96,0.0,0.0,0.0,0.0,,2.05,0.0,0.0
2019-11-26,10.778,10.868,10.778,10.868,1010,10976.68,0.0,0.0,0.0,0.0,,2.05,0.0,0.0
2019-11-27,11.362,11.362,10.778,11.138,1160,12920.08,0.0,0.0,0.0,0.0,,2.05,0.0,0.0
2019-11-28,10.778,11.048,10.599,11.048,1210,13368.08,0.0,0.0,0.0,0.0,,2.05,0.0,0.0
2019-11-29,11.048,11.227,11.227,11.227,10,112.27,0.0,0.0,0.0,0.0,,2.05,0.0,0.0
2019-12-02,11.362,11.362,10.599,10.778,1430,15412.54,0.0,0.0,0.0,0.0,,2.05,0.0,0.0
2019-12-03,11.138,11.138,11.138,11.138,40,445.52,0.0,0.0,0.0,0.0,,2.05,0.0,0.0
2019-12-04,11.182,11.182,11.182,11.182,40,447.28,0.0,0.0,0.0,0.0,,2.05,0.0,0.0
2019-12-05,11.182,11.407,11.182,11.407,1310,14943.17,200.0,0.0,0.0,0.0,,2.05,0.0,0.0
2019-12-06,10.778,11.048,10.778,11.048,80,883.84,0.0,0.0,0.0,0.0,,2.05,0.0,0.0
2019-12-09,11.407,11.407,11.407,11.407,10,114.07,0.0,0.0,0.0,0.0,,2.05,0.0,0.0
2019-12-10,10.778,11.407,10.778,10.778,1130,12179.14,0.0,0.0,0.0,0.0,,2.05,0.0,0.0
2019-12-11,11.362,11.362,11.362,11.362,10,113.62,0.0,0.0,0.0,0.0,,2.05,0.0,0.0
2019-12-12,11.497,11.497,11.497,11.497,40,459.88,0.0,0.0,0.0,0.0,,2.05,0.0,0.0
2019-12-13,10.778,11.452,10.733,11.093,9430,104606.99,0.0,0.0,0.0,0.0,,2.05,0.0,0.0
2019-12-16,11.452,11.452,11.452,11.452,40,458.08,0.0,0.0,0.0,0.0,,2.05,0.0,0.0
2019-12-17,11.452,11.452,11.452,11.452,0,0.0,0.0,0.0,0.0,0.0,,2.05,0.0,0.0
2019-12-18,11.452,11.452,11.452,11.452,0,0.0,0.0,0.0,0.0,0.0,,2.05,0.0,0.0
2019-12-19,11.452,11.452,11.452,11.452,0,0.0,0.0,0.0,0.0,0.0,,2.05,0.0,0.0
2019-12-20,11.452,11.452,11.452,11.452,0,0.0,0.0,0.0,0.0,0.0,,2.05,0.0,0.0
2019-12-23,11.676,11.676,11.407,11.452,110,1259.72,0.0,0.0,0.0,0.0,,2.05,0.0,0.0
2019-12-24,11.452,11.452,11.452,11.452,30,343.56,0.0,0.0,0.0,0.0,,2.05,0.0,0.0
2019-12-25,11.452,11.452,11.452,11.452,30,343.56,0.0,0.0,0.0,0.0,,2.05,0.0,0.0
2019-12-26,10.778,10.778,10.688,10.688,130,1389.44,0.0,0.0,0.0,0.0,,2.05,0.0,0.0
2019-12-27,10.688,11.362,10.464,11.138,410,4566.58,0.0,200.0,0.0,0.0,,2.05,0.0,0.0
2019-12-30,11.542,11.542,10.599,10.599,110,1165.89,0.0,0.0,0.0,0.0,,2.05,0.0,0.0
2019-12-31,11.317,11.317,10.419,11.182,1120,12523.84,0.0,10.0,0.0,0.0,,2.05,0.0,0.0
2020-01-02,11.317,11.317,11.317,11.317,10,113.17,0.0,0.0,0.0,0.0,,2.05,0.0,0.0
2020-01-03,11.452,11.452,11.452,11.452,60,687.12,0.0,0.0,0.0,0.0,,2.05,0.0,0.0
2020-01-06,11.452,11.452,11.452,11.452,50,572.6,0.0,0.0,0.0,0.0,,2.05,0.0,0.0
2020-01-07,10.778,10.778,10.778,10.778,2080,22418.24,0.0,0.0,0.0,0.0,,2.05,0.0,0.0
2020-01-08,11.138,11.138,11.138,11.138,10,111.38,0.0,0.0,0.0,0.0,,2.05,0.0,0.0
2020-01-09,11.138,11.138,11.138,11.138,70,779.66,0.0,0.0,0.0,0.0,,2.05,0.0,0.0
2020-01-10,11.452,11.452,11.452,11.452,70,801.64,0.0,0.0,0.0,0.0,,2.05,0.0,0.0
2020-01-13,11.407,11.407,11.407,11.407,20,228.14,20.0,0.0,0.0,0.0,,2.05,0.0,0.0
2020-01-14,11.407,11.407,11.407,11.407,0,0.0,0.0,0.0,0.0,0.0,,2.05,0.0,0.0
2020-01-15,11.407,11.407,11.407,11.407,0,0.0,0.0,0.0,0.0,0.0,,2.05,0.0,0.0
2020-01-16,11.407,11.407,11.407,11.407,30,342.21,0.0,0.0,0.0,0.0,,2.05,0.0,0.0
2020-01-17,11.407,11.407,11.407,11.407,190,2167.33,0.0,0.0,0.0,0.0,,2.05,0.0,0.0
2020-01-20,11.407,11.407,11.407,11.407,50,570.35,0.0,0.0,0.0,0.0,,2.05,0.0,0.0
2020-01-21,10.644,11.227,10.644,11.227,110,1234.97,0.0,0.0,0.0,0.0,,2.05,0.0,0.0
2020-01-22,11.632,11.632,11.632,11.632,70,814.24,0.0,0.0,0.0,0.0,,2.05,0.0,0.0
2020-01-30,11.632,11.632,11.632,11.632,0,0.0,0.0,0.0,0.0,0.0,,2.05,0.0,0.0
2020-01-31,11.632,11.632,11.632,11.632,10,116.32,0.0,0.0,0.0,0.0,,2.05,0.0,0.0
2020-02-03,10.823,11.452,10.823,11.452,60,687.12,0.0,0.0,0.0,0.0,,2.05,0.0,0.0
2020-02-04,10.688,10.868,10.688,10.868,100,1086.8,0.0,0.0,0.0,0.0,,2.05,0.0,0.0
2020-02-05,10.15,11.138,10.15,11.138,2290,25506.02,0.0,0.0,0.0,0.0,,2.05,0.0,0.0
2020-02-06,11.317,11.407,11.317,11.407,20,228.14,0.0,0.0,0.0,0.0,,2.05,0.0,0.0
2020-02-07,11.632,11.632,11.587,11.587,60,695.22,0.0,0.0,0.0,0.0,,2.05,0.0,0.0
2020-02-10,10.778,11.497,10.778,11.497,30,344.91,0.0,0.0,0.0,0.0,,2.05,0.0,0.0
2020-02-11,10.733,11.407,10.733,11.407,120,1368.84,0.0,0.0,0.0,0.0,,2.05,0.0,0.0
2020-02-12,10.644,11.227,10.644,11.227,1210,13584.67,0.0,0.0,0.0,0.0,,2.05,0.0,0.0
2020-02-13,11.452,11.452,11.182,11.227,50,561.35,0.0,0.0,0.0,0.0,,2.05,0.0,0.0
2020-02-14,11.362,11.362,11.362,11.362,40,454.48,0.0,0.0,0.0,0.0,,2.05,0.0,0.0
2020-02-17,11.182,11.182,11.182,11.182,10,111.82,0.0,0.0,0.0,0.0,,2.05,0.0,0.0
2020-02-18,10.419,11.138,10.419,11.138,30,334.14,0.0,0.0,0.0,0.0,,2.05,0.0,0.0
2020-02-19,10.419,11.138,10.419,10.688,150,1603.2,0.0,40.0,0.0,0.0,,2.05,0.0,0.0
2020-02-20,10.329,11.407,10.329,11.407,6710,76540.97,0.0,0.0,0.0,0.0,,2.05,0.0,0.0
2020-02-21,10.688,11.138,10.644,11.138,710,7907.98,0.0,0.0,0.0,0.0,,2.05,0.0,0.0
2020-02-24,11.901,11.901,11.901,11.901,3000,35703.0,0.0,0.0,0.0,0.0,,2.05,0.0,0.0
2020-02-25,11.901,11.901,11.901,11.901,0,0.0,0.0,0.0,0.0,0.0,,2.05,0.0,0.0
2020-02-26,11.991,11.991,11.138,11.632,220,2559.04,0.0,0.0,0.0,0.0,,2.05,0.0,0.0
2020-02-27,11.632,11.632,11.632,11.632,0,0.0,0.0,0.0,0.0,0.0,,2.05,0.0,0.0
2020-02-28,11.632,11.632,11.632,11.632,0,0.0,0.0,0.0,0.0,0.0,,2.05,0.0,0.0
2020-03-02,11.632,11.632,11.632,11.632,0,0.0,0.0,0.0,0.0,0.0,,2.05,0.0,0.0
2020-03-03,10.823,10.823,10.823,10.823,530,5736.1900000000005,0.0,0.0,0.0,0.0,,2.05,0.0,0.0
2020-03-04,10.239,10.733,10.239,10.733,210,2253.9300000000003,0.0,0.0,0.0,0.0,,2.05,0.0,0.0
2020-03-05,10.194,10.733,10.194,10.644,160,1703.04,0.0,0.0,0.0,0.0,,2.05,0.0,0.0
2020-03-06,10.733,10.733,9.97,10.329,1770,18282.33,0.0,0.0,0.0,0.0,,2.05,0.0,0.0
2020-03-09,9.88,10.733,9.611,10.733,2370,25437.210000000003,0.0,0.0,0.0,0.0,,2.05,0.0,0.0
2020-03-10,10.015,10.688,10.015,10.015,220,2203.3,0.0,30.0,0.0,0.0,,2.05,0.0,0.0
2020-03-11,9.476,10.284,9.476,10.284,30,308.52000000000004,0.0,0.0,0.0,0.0,,2.05,0.0,0.0
2020-03-12,9.566,10.15,9.566,9.566,21100,201842.6,20000.0,130.0,210000.0,0.0,,2.05,0.21,0.0
2020-03-13,8.982,9.745,8.982,9.656,2270,21919.120000000003,0.0,60.0,0.0,0.0,,2.05,0.0,0.0
2020-03-16,8.982,10.329,8.982,10.239,120,1228.68,0.0,0.0,0.0,0.0,,2.05,0.0,0.0
2020-03-17,9.88,9.88,9.88,9.88,40,395.2000000000001,0.0,0.0,0.0,0.0,,2.05,0.0,0.0
2020-03-18,9.206,10.105,9.206,10.105,1740,17582.7,0.0,0.0,0.0,0.0,,2.05,0.0,0.0
2020-03-19,9.431,9.88,9.431,9.88,250,2470.0,0.0,40.0,0.0,0.0,,2.05,0.0,0.0
2020-03-20,9.206,10.06,9.206,9.88,330,3260.4,0.0,0.0,0.0,0.0,,2.05,0.0,0.0
2020-03-23,10.06,10.06,9.206,9.79,680,6657.2,0.0,0.0,0.0,0.0,,2.05,0.0,0.0
2020-03-24,9.117,9.835,9.117,9.835,540,5310.900000000001,0.0,0.0,0.0,0.0,,2.05,0.0,0.0
2020-03-25,9.88,9.88,9.88,9.88,10,98.8,0.0,0.0,0.0,0.0,,2.05,0.0,0.0
2020-03-26,9.206,10.554,9.206,10.554,760,8021.04,0.0,0.0,0.0,0.0,,2.05,0.0,0.0
2020-03-27,9.835,10.284,9.835,10.284,30,308.52000000000004,0.0,0.0,0.0,0.0,,2.05,0.0,0.0
2020-03-30,10.284,10.284,10.284,10.284,0,0.0,0.0,0.0,0.0,0.0,,2.05,0.0,0.0
2020-03-31,9.566,10.778,9.566,10.778,320,3448.96,0.0,0.0,0.0,0.0,,2.05,0.0,0.0
2020-04-01,10.778,10.778,10.778,10.778,0,0.0,0.0,0.0,0.0,0.0,,2.05,0.0,0.0
2020-04-03,10.599,10.599,10.599,10.599,10,105.99,0.0,0.0,0.0,0.0,,2.05,0.0,0.0
2020-04-06,10.599,10.599,10.599,10.599,0,0.0,0.0,0.0,0.0,0.0,,2.05,0.0,0.0
2020-04-07,10.599,10.599,10.599,10.599,0,0.0,0.0,0.0,0.0,0.0,,2.05,0.0,0.0
2020-04-08,9.88,10.239,9.88,10.239,60,614.34,0.0,0.0,0.0,0.0,,2.05,0.0,0.0
2020-04-09,10.239,10.239,10.239,10.239,0,0.0,0.0,0.0,0.0,0.0,,2.05,0.0,0.0
2020-04-10,10.06,10.06,10.06,10.06,100,1006.0,0.0,0.0,0.0,0.0,,2.05,0.0,0.0
2020-04-13,10.06,10.06,9.431,10.06,1520,15291.2,0.0,0.0,0.0,0.0,,2.05,0.0,0.0
2020-04-14,9.386,10.284,9.386,10.284,340,3496.5600000000004,0.0,0.0,0.0,0.0,,2.05,0.0,0.0
2020-04-15,10.284,10.284,10.284,10.284,0,0.0,0.0,0.0,0.0,0.0,,2.05,0.0,0.0
2020-04-16,10.284,10.284,10.284,10.284,0,0.0,0.0,0.0,0.0,0.0,,2.05,0.0,0.0
2020-04-17,10.284,10.284,10.284,10.284,0,0.0,0.0,0.0,0.0,0.0,,2.05,0.0,0.0
2020-04-20,9.88,10.15,9.566,9.611,5990,57569.89000000001,0.0,0.0,0.0,0.0,,2.05,0.0,0.0
2020-04-21,9.88,9.88,9.072,9.072,7020,63685.44,0.0,0.0,0.0,0.0,,2.05,0.0,0.0
2020-04-22,9.072,9.072,9.072,9.072,500,4536.0,0.0,0.0,0.0,0.0,,2.05,0.0,0.0
2020-04-23,9.611,9.611,8.982,8.982,1010,9071.82,0.0,0.0,0.0,0.0,,2.05,0.0,0.0
2020-04-24,9.566,9.566,9.251,9.251,300,2775.3,0.0,0.0,0.0,0.0,,2.05,0.0,0.0
2020-04-27,9.79,9.79,8.892,9.745,350,3410.7499999999995,110.0,0.0,0.0,0.0,,2.05,0.0,0.0
2020-04-28,10.239,10.239,10.239,10.239,10,102.39,0.0,0.0,0.0,0.0,,2.05,0.0,0.0
2020-04-29,10.15,10.15,9.745,9.745,20,194.9,0.0,0.0,0.0,0.0,,2.05,0.0,0.0
2020-05-04,9.117,9.656,9.072,9.656,1190,11490.64,0.0,0.0,0.0,0.0,,2.05,0.0,0.0
2020-05-05,9.656,9.656,9.656,9.656,10,96.56,0.0,0.0,0.0,0.0,,2.05,0.0,0.0
2020-05-06,8.982,9.7,8.982,9.7,30,291.0,0.0,0.0,0.0,0.0,,2.05,0.0,0.0
2020-05-07,9.7,9.7,9.7,9.7,0,0.0,0.0,0.0,0.0,0.0,,2.05,0.0,0.0
2020-05-08,9.88,9.88,9.79,9.835,50,491.75000000000006,0.0,0.0,0.0,0.0,,2.05,0.0,0.0
2020-05-11,9.835,9.835,9.835,9.835,0,0.0,0.0,0.0,0.0,0.0,,2.05,0.0,0.0
2020-05-12,9.162,9.162,9.162,9.162,5090,46634.58,200.0,3890.0,0.0,40000.0,,2.05,0.0,0.04
2020-05-13,9.072,9.79,9.072,9.7,2510,24347.0,0.0,2470.0,0.0,20000.0,,2.05,0.0,0.02
2020-05-14,9.611,9.88,9.611,9.88,120,1185.6,50.0,0.0,0.0,0.0,,2.05,0.0,0.0
2020-05-15,9.88,9.88,9.251,9.251,300,2775.3,50.0,0.0,0.0,0.0,,2.05,0.0,0.0
2020-05-18,9.88,9.88,9.88,9.88,10,98.8,0.0,0.0,0.0,0.0,,2.05,0.0,0.0
2020-05-19,9.431,9.431,9.431,9.431,10,94.31,0.0,0.0,0.0,0.0,,2.05,0.0,0.0
2020-05-20,9.072,10.06,8.802,8.802,9250,81418.5,100.0,8710.0,0.0,90000.0,,2.05,0.0,0.09
2020-05-21,9.386,9.386,9.162,9.386,730,6851.78,0.0,290.0,0.0,0.0,,2.05,0.0,0.0
2020-05-22,9.566,9.566,8.847,9.521,970,9235.37,200.0,0.0,0.0,0.0,,2.05,0.0,0.0
2020-05-25,9.521,9.521,9.521,9.521,0,0.0,0.0,0.0,0.0,0.0,,2.05,0.0,0.0
2020-05-26,8.892,9.521,8.892,9.341,1080,10088.28,0.0,0.0,0.0,0.0,,2.05,0.0,0.0
2020-05-27,9.88,9.88,9.88,9.88,10,98.8,0.0,0.0,0.0,0.0,,2.05,0.0,0.0
2020-05-28,9.521,9.521,9.521,9.521,1000,9521.0,0.0,0.0,0.0,0.0,,2.05,0.0,0.0
2020-05-29,9.521,9.521,9.521,9.521,0,0.0,0.0,0.0,0.0,0.0,,2.05,0.0,0.0
2020-06-01,9.835,9.835,8.982,9.521,930,8854.53,0.0,300.0,0.0,0.0,,2.05,0.0,0.0
2020-06-02,8.892,9.521,8.892,9.521,130,1237.73,0.0,0.0,0.0,0.0,,2.05,0.0,0.0
2020-06-03,8.901,9.521,8.892,9.521,550,5236.55,0.0,0.0,0.0,0.0,,2.05,0.0,0.0
2020-06-04,9.431,9.521,9.431,9.521,2290,21803.09,0.0,0.0,0.0,0.0,,2.05,0.0,0.0
2020-06-05,9.521,9.521,9.521,9.521,50,476.05000000000007,0.0,0.0,0.0,0.0,,2.05,0.0,0.0
2020-06-08,8.892,9.521,8.892,9.521,2170,20660.570000000003,0.0,0.0,0.0,0.0,,2.05,0.0,0.0
2020-06-09,8.937,10.105,8.937,10.105,6040,61034.2,0.0,0.0,0.0,0.0,,2.05,0.0,0.0
2020-06-10,9.79,10.105,9.431,9.88,3970,39223.600000000006,0.0,0.0,0.0,0.0,,2.05,0.0,0.0
2020-06-11,9.88,10.06,9.206,9.7,1440,13967.999999999998,0.0,0.0,0.0,0.0,,2.05,0.0,0.0
2020-06-12,9.072,9.7,9.072,9.7,490,4753.0,0.0,0.0,0.0,0.0,,2.05,0.0,0.0
2020-06-15,9.7,9.7,9.7,9.7,0,0.0,0.0,0.0,0.0,0.0,,2.05,0.0,0.0
2020-06-16,9.431,9.566,9.431,9.566,210,2008.86,0.0,0.0,0.0,0.0,,2.05,0.0,0.0
2020-06-17,9.566,9.566,9.566,9.566,0,0.0,0.0,0.0,0.0,0.0,,2.05,0.0,0.0
2020-06-18,9.566,9.566,9.566,9.566,0,0.0,0.0,0.0,0.0,0.0,,2.05,0.0,0.0
2020-06-19,9.566,9.566,9.566,9.566,0,0.0,0.0,0.0,0.0,0.0,,2.05,0.0,0.0
2020-06-22,9.566,9.566,9.566,9.566,0,0.0,0.0,0.0,0.0,0.0,,2.05,0.0,0.0
2020-06-23,9.566,9.88,9.431,9.79,130,1272.6999999999998,0.0,0.0,0.0,0.0,,2.05,0.0,0.0
2020-06-24,9.79,9.79,9.79,9.79,0,0.0,0.0,0.0,0.0,0.0,,2.05,0.0,0.0
2020-06-25,9.835,9.835,9.835,9.835,10,98.35,0.0,0.0,0.0,0.0,,2.05,0.0,0.0
2020-06-26,9.656,9.656,9.656,9.656,10,96.56,0.0,0.0,0.0,0.0,,2.05,0.0,0.0
2020-06-29,9.162,9.566,9.162,9.566,210,2008.86,0.0,0.0,0.0,0.0,,2.05,0.0,0.0
2020-06-30,10.015,10.015,10.015,10.015,10,100.15,0.0,0.0,0.0,0.0,,2.05,0.0,0.0
2020-07-01,10.015,10.015,10.015,10.015,0,0.0,0.0,0.0,0.0,0.0,,2.05,0.0,0.0
2020-07-02,10.06,10.06,9.97,10.06,120,1207.2,0.0,0.0,0.0,0.0,,2.05,0.0,0.0
2020-07-03,9.386,10.015,9.386,10.015,620,6209.3,0.0,0.0,0.0,0.0,,2.05,0.0,0.0
2020-07-06,10.015,10.015,10.015,10.015,0,0.0,0.0,0.0,0.0,0.0,,2.05,0.0,0.0
2020-07-07,9.341,9.925,9.341,9.925,20,198.5,0.0,0.0,0.0,0.0,,2.05,0.0,0.0
2020-07-08,9.611,9.79,9.611,9.79,110,1076.9,0.0,0.0,0.0,0.0,,2.05,0.0,0.0
2020-07-09,9.117,9.7,9.117,9.7,1900,18430.0,0.0,0.0,0.0,0.0,,2.05,0.0,0.0
2020-07-10,9.835,9.835,9.206,9.79,640,6265.599999999999,0.0,0.0,0.0,0.0,,2.05,0.0,0.0
2020-07-13,9.79,9.79,9.79,9.79,0,0.0,0.0,0.0,0.0,0.0,,2.05,0.0,0.0
2020-07-14,9.97,9.97,9.162,9.925,50,496.25000000000006,0.0,0.0,0.0,0.0,,2.05,0.0,0.0
2020-07-15,9.251,9.835,9.251,9.835,20,196.7,0.0,0.0,0.0,0.0,,2.05,0.0,0.0
2020-07-16,9.835,9.835,9.835,9.835,0,0.0,0.0,0.0,0.0,0.0,,2.05,0.0,0.0
2020-07-17,10.015,10.015,9.341,10.015,290,2904.3500000000004,240.0,0.0,0.0,0.0,,2.05,0.0,0.0
2020-07-20,9.7,10.239,9.7,10.239,110,1126.2900000000002,60.0,0.0,0.0,0.0,,2.05,0.0,0.0
2020-07-21,10.239,10.239,10.239,10.239,0,0.0,0.0,0.0,0.0,0.0,,2.05,0.0,0.0
2020-07-22,10.239,10.599,10.239,10.599,130,1377.87,0.0,0.0,0.0,0.0,,2.05,0.0,0.0
2020-07-23,10.599,10.599,10.599,10.599,0,0.0,0.0,0.0,0.0,0.0,,2.05,0.0,0.0
2020-07-24,10.599,10.599,10.599,10.599,0,0.0,0.0,0.0,0.0,0.0,,2.05,0.0,0.0
2020-07-27,10.599,11.003,10.329,10.329,810,8366.49,0.0,30.0,0.0,0.0,,2.05,0.0,0.0
2020-07-28,10.509,10.509,10.509,10.509,10,105.09,0.0,0.0,0.0,0.0,,2.05,0.0,0.0
2020-07-29,10.778,10.778,10.778,10.778,10,107.78,0.0,0.0,0.0,0.0,,2.05,0.0,0.0
2020-07-30,10.329,10.733,10.329,10.733,90,965.97,0.0,0.0,0.0,0.0,,2.05,0.0,0.0
2020-07-31,11.182,11.182,10.329,10.329,20,206.58,0.0,0.0,0.0,0.0,,2.05,0.0,0.0
2020-08-03,10.599,10.599,10.599,10.599,10,105.99,0.0,0.0,0.0,0.0,,2.05,0.0,0.0
2020-08-04,10.958,10.958,10.958,10.958,10,109.58,0.0,0.0,0.0,0.0,,2.05,0.0,0.0
2020-08-05,10.958,10.958,10.958,10.958,0,0.0,0.0,0.0,0.0,0.0,,2.05,0.0,0.0
2020-08-06,10.958,10.958,10.958,10.958,0,0.0,0.0,0.0,0.0,0.0,,2.05,0.0,0.0
2020-08-07,10.958,10.958,10.958,10.958,0,0.0,0.0,0.0,0.0,0.0,,2.05,0.0,0.0
2020-08-10,11.182,11.182,11.182,11.182,50,559.1,0.0,0.0,0.0,0.0,,2.05,0.0,0.0
2020-08-11,11.587,11.587,11.587,11.587,10,115.87,0.0,0.0,0.0,0.0,,2.05,0.0,0.0
2020-08-12,11.587,11.587,11.587,11.587,0,0.0,0.0,0.0,0.0,0.0,,2.05,0.0,0.0
2020-08-13,11.587,11.587,11.587,11.587,0,0.0,0.0,0.0,0.0,0.0,,2.05,0.0,0.0
2020-08-14,11.587,11.587,11.587,11.587,0,0.0,0.0,0.0,0.0,0.0,,2.05,0.0,0.0
2020-08-17,11.632,11.632,11.542,11.542,160,1846.72,0.0,0.0,0.0,0.0,,2.05,0.0,0.0
2020-08-18,11.542,11.542,11.542,11.542,0,0.0,0.0,0.0,0.0,0.0,,2.05,0.0,0.0
2020-08-19,11.632,11.632,11.587,11.632,120,1395.84,0.0,100.0,0.0,0.0,,2.05,0.0,0.0
2020-08-20,11.497,11.497,11.497,11.497,40,459.88,0.0,0.0,0.0,0.0,,2.05,0.0,0.0
2020-08-21,11.497,11.497,11.497,11.497,0,0.0,0.0,0.0,0.0,0.0,,2.05,0.0,0.0
2020-08-24,11.497,11.497,11.497,11.497,0,0.0,0.0,0.0,0.0,0.0,,2.05,0.0,0.0
2020-08-25,10.733,11.632,10.733,11.632,2930,34081.76,0.0,0.0,0.0,0.0,,2.05,0.0,0.0
2020-08-26,11.632,11.632,11.632,11.632,0,0.0,0.0,0.0,0.0,0.0,,2.05,0.0,0.0
2020-08-27,11.632,12.036,10.823,11.991,1830,21943.53,700.0,0.0,10000.0,0.0,,2.05,0.01,0.0
2020-08-28,11.991,11.991,11.991,11.991,0,0.0,0.0,0.0,0.0,0.0,,2.05,0.0,0.0
2020-08-31,11.182,11.542,11.182,11.542,20,230.84,0.0,0.0,0.0,0.0,,2.05,0.0,0.0
2020-09-01,11.542,11.542,11.542,11.542,0,0.0,0.0,0.0,0.0,0.0,,2.05,0.0,0.0
2020-09-03,10.778,11.362,10.778,11.362,80,908.96,0.0,0.0,0.0,0.0,,2.05,0.0,0.0
2020-09-04,11.766,11.811,10.599,11.542,430,4963.06,30.0,0.0,0.0,0.0,,2.05,0.0,0.0
2020-09-07,11.632,11.632,10.778,11.003,80,880.24,0.0,0.0,0.0,0.0,,2.05,0.0,0.0
2020-09-08,10.958,11.407,10.958,11.407,90,1026.63,0.0,0.0,0.0,0.0,,2.05,0.0,0.0
2020-09-09,11.407,11.407,11.407,11.407,0,0.0,0.0,0.0,0.0,0.0,,2.05,0.0,0.0
2020-09-10,10.644,11.407,10.644,11.407,2120,24182.84,2030.0,0.0,30000.0,0.0,,2.05,0.03,0.0
2020-09-11,11.407,11.407,11.407,11.407,0,0.0,0.0,0.0,0.0,0.0,,2.05,0.0,0.0
2020-09-14,10.778,11.048,10.644,11.048,60,662.88,0.0,0.0,0.0,0.0,,2.05,0.0,0.0
2020-09-15,10.284,11.003,10.284,11.003,3040,33449.12,0.0,0.0,0.0,0.0,,2.05,0.0,0.0
2020-09-16,11.407,11.407,10.284,11.182,60,670.9200000000001,0.0,0.0,0.0,0.0,,2.05,0.0,0.0
2020-09-17,10.419,10.958,10.419,10.958,30,328.74,0.0,0.0,0.0,0.0,,2.05,0.0,0.0
2020-09-18,10.239,11.362,10.239,11.362,350,3976.7,0.0,0.0,0.0,0.0,,2.05,0.0,0.0
2020-09-21,11.362,11.362,11.362,11.362,0,0.0,0.0,0.0,0.0,0.0,,2.05,0.0,0.0
2020-09-22,10.599,11.182,10.599,11.182,260,2907.32,20.0,200.0,0.0,0.0,,2.05,0.0,0.0
2020-09-23,10.554,11.182,10.554,11.182,200,2236.4,200.0,0.0,0.0,0.0,,2.05,0.0,0.0
2020-09-24,11.182,11.182,11.182,11.182,0,0.0,0.0,0.0,0.0,0.0,,2.05,0.0,0.0
2020-09-25,11.182,11.182,11.182,11.182,0,0.0,0.0,0.0,0.0,0.0,,2.05,0.0,0.0
2020-09-28,10.419,11.093,10.419,11.093,50,554.65,0.0,0.0,0.0,0.0,,2.05,0.0,0.0
2020-09-29,11.093,11.093,11.093,11.093,0,0.0,0.0,0.0,0.0,0.0,,2.05,0.0,0.0
2020-09-30,11.003,11.632,10.958,10.958,2110,23121.38,0.0,0.0,0.0,0.0,,2.05,0.0,0.0
2020-10-01,10.913,11.542,10.778,11.407,2120,24182.84,0.0,0.0,0.0,0.0,,2.05,0.0,0.0
2020-10-02,11.138,11.182,11.138,11.182,100,1118.2,100.0,0.0,0.0,0.0,,2.05,0.0,0.0
2020-10-05,10.778,10.913,10.419,10.913,810,8839.53,100.0,700.0,0.0,10000.0,,2.05,0.0,0.01
2020-10-06,10.868,11.227,10.15,11.138,270,3007.26,0.0,0.0,0.0,0.0,,2.05,0.0,0.0
2020-10-07,11.138,11.138,11.138,11.138,0,0.0,0.0,0.0,0.0,0.0,,2.05,0.0,0.0
2020-10-08,11.138,11.138,11.138,11.138,0,0.0,0.0,0.0,0.0,0.0,,2.05,0.0,0.0
2020-10-09,11.003,11.138,11.003,11.138,410,4566.58,0.0,0.0,0.0,0.0,,2.05,0.0,0.0
2020-10-12,11.138,11.138,11.138,11.138,10,111.38,0.0,0.0,0.0,0.0,,2.05,0.0,0.0
2020-10-13,11.138,11.138,11.138,11.138,0,0.0,0.0,0.0,0.0,0.0,,2.05,0.0,0.0
2020-10-14,11.138,11.452,10.958,11.407,580,6616.06,0.0,0.0,0.0,0.0,,2.05,0.0,0.0
2020-10-15,11.407,11.407,11.407,11.407,0,0.0,0.0,0.0,0.0,0.0,,2.05,0.0,0.0
2020-10-16,11.407,11.407,11.407,11.407,20,228.14,0.0,0.0,0.0,0.0,,2.05,0.0,0.0
2020-10-19,10.688,11.182,10.688,11.182,3070,34328.74,3060.0,0.0,40000.0,0.0,,2.05,0.04,0.0
2020-10-20,11.182,11.182,11.182,11.182,0,0.0,0.0,0.0,0.0,0.0,,2.05,0.0,0.0
2020-10-21,10.778,11.003,10.509,11.003,1300,14303.9,1040.0,200.0,10000.0,0.0,,2.05,0.01,0.0
2020-10-22,11.003,11.093,10.958,11.093,170,1885.81,0.0,0.0,0.0,0.0,,2.05,0.0,0.0
2020-10-23,11.093,11.093,11.093,11.093,0,0.0,0.0,0.0,0.0,0.0,,2.05,0.0,0.0
2020-10-26,11.272,11.272,11.272,11.272,10,112.72,0.0,0.0,0.0,0.0,,2.05,0.0,0.0
2020-10-27,10.554,11.227,10.554,11.227,270,3031.29,0.0,0.0,0.0,0.0,,2.05,0.0,0.0
2020-10-28,11.317,11.317,10.509,11.272,420,4734.24,0.0,0.0,0.0,0.0,,2.05,0.0,0.0
2020-10-29,11.272,11.272,11.272,11.272,0,0.0,0.0,0.0,0.0,0.0,,2.05,0.0,0.0
2020-10-30,10.688,11.227,10.599,11.227,310,3480.37,0.0,0.0,0.0,0.0,,2.05,0.0,0.0
2020-11-02,11.542,11.542,11.542,11.542,60,692.52,0.0,0.0,0.0,0.0,,2.05,0.0,0.0
2020-11-03,10.778,11.182,10.778,11.182,50,559.1,0.0,0.0,0.0,0.0,,2.05,0.0,0.0
2020-11-04,11.317,11.317,11.048,11.138,230,2561.74,0.0,0.0,0.0,0.0,,2.05,0.0,0.0
2020-11-05,10.419,11.317,10.419,11.227,300,3368.1,0.0,0.0,0.0,0.0,,2.05,0.0,0.0
2020-11-06,11.272,11.272,10.599,11.182,190,2124.58,0.0,0.0,0.0,0.0,,2.05,0.0,0.0
2020-11-09,11.272,11.272,10.599,11.227,30,336.81,0.0,0.0,0.0,0.0,,2.05,0.0,0.0
2020-11-10,10.644,11.093,10.644,11.093,30,332.79,0.0,0.0,0.0,0.0,,2.05,0.0,0.0
2020-11-11,10.644,11.093,10.509,11.093,650,7210.45,0.0,0.0,0.0,0.0,,2.05,0.0,0.0
2020-11-12,11.227,11.227,10.509,11.138,1470,16372.86,0.0,0.0,0.0,0.0,,2.05,0.0,0.0
2020-11-13,11.138,11.138,11.138,11.138,0,0.0,0.0,0.0,0.0,0.0,,2.05,0.0,0.0
2020-11-16,11.272,11.272,11.272,11.272,10,112.72,0.0,0.0,0.0,0.0,,2.05,0.0,0.0
2020-11-17,11.093,11.317,11.093,11.272,3040,34266.88,0.0,0.0,0.0,0.0,,2.05,0.0,0.0
2020-11-18,11.272,11.272,11.272,11.272,0,0.0,0.0,0.0,0.0,0.0,,2.05,0.0,0.0
2020-11-19,11.272,11.272,11.272,11.272,0,0.0,0.0,0.0,0.0,0.0,,2.05,0.0,0.0
2020-11-20,11.048,11.138,11.048,11.138,4710,52459.98,1320.0,0.0,20000.0,0.0,,2.05,0.02,0.0
2020-11-23,10.958,11.587,10.958,11.587,13060,151326.22,0.0,0.0,0.0,0.0,,2.05,0.0,0.0
2020-11-24,11.182,11.856,10.778,10.778,640,6897.92,0.0,0.0,0.0,0.0,,2.05,0.0,0.0
2020-11-25,11.093,11.497,11.093,11.497,4700,54035.9,0.0,0.0,0.0,0.0,,2.05,0.0,0.0
2020-11-26,11.632,11.676,11.587,11.676,1520,17747.52,0.0,0.0,0.0,0.0,,2.05,0.0,0.0
2020-11-27,11.407,11.721,11.272,11.676,12740,148752.24,0.0,0.0,0.0,0.0,,2.05,0.0,0.0
2020-11-30,11.676,11.901,11.138,11.138,11550,128643.9,400.0,0.0,10000.0,0.0,,2.05,0.01,0.0
2020-12-01,11.407,11.587,11.138,11.138,37800,421016.4,0.0,0.0,0.0,0.0,,2.05,0.0,0.0
2020-12-02,11.317,11.676,11.317,11.407,2750,31369.25,0.0,0.0,0.0,0.0,,2.05,0.0,0.0
2020-12-03,11.676,11.676,11.407,11.407,290,3308.03,0.0,0.0,0.0,0.0,,2.05,0.0,0.0
2020-12-04,11.407,11.497,11.407,11.497,18520,212924.44,0.0,0.0,0.0,0.0,,2.05,0.0,0.0
2020-12-07,11.497,11.497,11.407,11.497,5870,67487.39,0.0,0.0,0.0,0.0,,2.05,0.0,0.0
2020-12-08,12.081,12.081,11.407,11.991,3130,37531.83,0.0,0.0,0.0,0.0,,2.05,0.0,0.0
2020-12-09,11.407,11.856,11.407,11.856,3100,36753.6,0.0,0.0,0.0,0.0,,2.05,0.0,0.0
2020-12-10,11.407,11.721,11.407,11.721,2210,25903.41,0.0,0.0,0.0,0.0,,2.05,0.0,0.0
2020-12-11,12.081,12.081,10.958,11.856,4760,56434.56,0.0,0.0,0.0,0.0,,2.05,0.0,0.0
2020-12-14,11.407,11.811,11.407,11.811,15310,180826.41,0.0,0.0,0.0,0.0,,2.05,0.0,0.0
2020-12-15,11.676,11.811,11.676,11.811,110,1299.21,100.0,0.0,0.0,0.0,,2.05,0.0,0.0
2020-12-16,11.407,11.632,11.407,11.632,1030,11980.96,0.0,0.0,0.0,0.0,,2.05,0.0,0.0
2020-12-17,12.081,12.081,12.081,12.081,10,120.81,0.0,0.0,0.0,0.0,,2.05,0.0,0.0
2020-12-18,11.991,12.036,11.991,12.036,730,8786.279999999999,700.0,0.0,10000.0,0.0,,2.05,0.01,0.0
2020-12-21,11.676,11.946,11.676,11.946,3020,36076.92,0.0,0.0,0.0,0.0,,2.05,0.0,0.0
2020-12-22,11.676,11.856,11.676,11.856,2010,23830.56,0.0,0.0,0.0,0.0,,2.05,0.0,0.0
2020-12-23,11.676,11.676,11.407,11.407,3350,38213.45,0.0,350.0,0.0,0.0,,2.05,0.0,0.0
2020-12-24,11.497,11.721,11.407,11.676,2310,26971.56,0.0,0.0,0.0,0.0,,2.05,0.0,0.0
2020-12-25,12.081,12.081,11.497,11.946,4270,51009.42,0.0,200.0,0.0,0.0,,2.05,0.0,0.0
2020-12-28,11.856,11.856,11.497,11.811,60,708.66,0.0,0.0,0.0,0.0,,2.05,0.0,0.0
2020-12-29,11.676,11.676,11.452,11.452,1320,15116.64,0.0,500.0,0.0,10000.0,,2.05,0.0,0.01
2020-12-30,11.452,11.856,11.452,11.856,1490,17665.44,0.0,0.0,0.0,0.0,,2.05,0.0,0.0
2020-12-31,11.766,12.081,11.407,12.036,240,2888.64,0.0,0.0,0.0,0.0,,2.05,0.0,0.0
2021-01-04,12.036,12.036,12.036,12.036,0,0.0,0.0,0.0,0.0,0.0,,2.05,0.0,0.0
2021-01-05,12.036,12.036,12.036,12.036,0,0.0,0.0,0.0,0.0,0.0,,2.05,0.0,0.0
2021-01-06,12.53,12.53,12.53,12.53,100,1253.0,0.0,0.0,0.0,0.0,,2.05,0.0,0.0
2021-01-07,12.53,12.53,12.53,12.53,0,0.0,0.0,0.0,0.0,0.0,,2.05,0.0,0.0
2021-01-08,12.53,12.53,12.53,12.53,0,0.0,0.0,0.0,0.0,0.0,,2.05,0.0,0.0
2021-01-11,12.53,12.53,12.53,12.53,0,0.0,0.0,0.0,0.0,0.0,,2.05,0.0,0.0
2021-01-12,11.676,12.126,11.676,12.126,900,10913.4,500.0,0.0,10000.0,0.0,,2.05,0.01,0.0
2021-01-13,12.126,12.126,11.407,11.676,2200,25687.2,200.0,100.0,0.0,0.0,,2.05,0.0,0.0
2021-01-14,11.676,11.676,11.676,11.676,3000,35028.0,0.0,700.0,0.0,10000.0,,2.05,0.0,0.01
2021-01-15,11.542,12.081,11.542,12.036,1300,15646.8,0.0,0.0,0.0,0.0,,2.05,0.0,0.0
2021-01-18,11.497,11.676,11.497,11.676,200,2335.2,0.0,0.0,0.0,0.0,,2.05,0.0,0.0
2021-01-19,11.452,11.811,11.317,11.317,3100,35082.7,0.0,200.0,0.0,0.0,,2.05,0.0,0.0
2021-01-20,11.317,11.676,11.227,11.676,4000,46704.0,0.0,0.0,0.0,0.0,,2.05,0.0,0.0
2021-01-21,11.452,11.676,11.362,11.676,8500,99246.0,0.0,500.0,0.0,10000.0,,2.05,0.0,0.01
2021-01-22,11.362,11.676,11.362,11.676,200,2335.2,0.0,0.0,0.0,0.0,,2.05,0.0,0.0
2021-01-25,11.407,11.946,11.407,11.946,1100,13140.6,0.0,0.0,0.0,0.0,,2.05,0.0,0.0
2021-01-26,11.946,11.946,11.946,11.946,0,0.0,0.0,0.0,0.0,0.0,,2.05,0.0,0.0
2021-01-27,11.946,11.946,11.946,11.946,0,0.0,0.0,0.0,0.0,0.0,,2.05,0.0,0.0
2021-01-28,11.227,12.754,11.138,11.946,13600,162465.6,0.0,0.0,0.0,0.0,,2.05,0.0,0.0
2021-01-29,11.317,11.766,11.317,11.766,1300,15295.8,0.0,1200.0,0.0,20000.0,,2.05,0.0,0.02
2021-02-01,11.766,11.766,11.766,11.766,100,1176.6,100.0,0.0,0.0,0.0,,2.05,0.0,0.0
2021-02-02,11.362,11.362,11.182,11.182,7700,86101.40000000001,0.0,2900.0,0.0,40000.0,,2.05,0.0,0.04
2021-02-03,11.182,11.182,11.182,11.182,2000,22364.0,2000.0,2000.0,20000.0,20000.0,,2.05,0.02,0.02
2021-02-04,11.138,11.138,11.093,11.138,2400,26731.2,0.0,400.0,0.0,0.0,,2.05,0.0,0.0
2021-02-05,11.856,11.856,10.419,10.778,2600,28022.800000000003,0.0,0.0,0.0,0.0,,2.05,0.0,0.0
2021-02-08,11.452,11.452,11.452,11.452,100,1145.2,0.0,0.0,0.0,0.0,,2.05,0.0,0.0
2021-02-09,11.317,11.317,11.317,11.317,500,5658.5,0.0,0.0,0.0,0.0,,2.05,0.0,0.0
2021-02-17,10.644,11.138,10.644,11.138,400,4455.2,0.0,0.0,0.0,0.0,,2.05,0.0,0.0
2021-02-18,10.778,11.676,10.778,11.227,800,8981.6,0.0,0.0,0.0,0.0,,2.05,0.0,0.0
2021-02-19,11.227,11.227,11.227,11.227,0,0.0,0.0,0.0,0.0,0.0,,2.05,0.0,0.0
2021-02-22,11.182,11.227,11.182,11.182,1200,13418.4,0.0,200.0,0.0,0.0,,2.05,0.0,0.0
2021-02-23,11.182,11.182,11.182,11.182,0,0.0,0.0,0.0,0.0,0.0,,2.05,0.0,0.0
2021-02-24,11.227,11.227,11.227,11.227,2100,23576.7,0.0,2100.0,0.0,30000.0,,2.05,0.0,0.03
2021-02-25,11.227,11.227,11.138,11.227,300,3368.1,0.0,0.0,0.0,0.0,,2.05,0.0,0.0
2021-02-26,11.227,11.946,11.227,11.227,2800,31435.6,0.0,700.0,0.0,10000.0,,2.05,0.0,0.01
2021-03-01,11.676,11.946,10.823,11.946,10600,126627.6,0.0,100.0,0.0,0.0,,2.05,0.0,0.0
2021-03-02,11.946,11.946,11.946,11.946,0,0.0,0.0,0.0,0.0,0.0,,2.05,0.0,0.0
2021-03-03,11.227,11.676,11.227,11.676,1500,17514.0,0.0,0.0,0.0,0.0,,2.05,0.0,0.0
2021-03-04,11.227,11.676,11.227,11.676,400,4670.4,0.0,100.0,0.0,0.0,,2.05,0.0,0.0
2021-03-05,11.676,11.676,11.676,11.676,0,0.0,0.0,0.0,0.0,0.0,,2.05,0.0,0.0
2021-03-08,10.868,11.676,10.868,11.676,2400,28022.4,0.0,0.0,0.0,0.0,,2.05,0.0,0.0
2021-03-09,11.227,11.901,11.227,11.901,200,2380.2,0.0,0.0,0.0,0.0,,2.05,0.0,0.0
2021-03-10,11.901,11.901,11.362,11.676,14100,164631.6,8000.0,5900.0,110000.0,80000.0,,2.05,0.11,0.08
2021-03-11,11.676,11.676,11.676,11.676,2000,23352.0,0.0,0.0,0.0,0.0,,2.05,0.0,0.0
2021-03-12,11.227,11.766,11.227,11.766,300,3529.8,0.0,0.0,0.0,0.0,,2.05,0.0,0.0
2021-03-15,11.497,11.497,11.497,11.497,100,1149.7,0.0,0.0,0.0,0.0,,2.05,0.0,0.0
2021-03-16,11.497,11.497,11.497,11.497,0,0.0,0.0,0.0,0.0,0.0,,2.05,0.0,0.0
2021-03-17,11.497,11.676,11.497,11.676,500,5838.0,0.0,0.0,0.0,0.0,,2.05,0.0,0.0
2021-03-18,11.676,11.676,11.676,11.676,0,0.0,0.0,0.0,0.0,0.0,,2.05,0.0,0.0
2021-03-19,11.317,11.587,10.868,11.587,4600,53300.2,0.0,2300.0,0.0,30000.0,,2.05,0.0,0.03
2021-03-22,11.587,11.587,11.407,11.587,12400,143678.8,0.0,9000.0,0.0,110000.0,,2.05,0.0,0.11
2021-03-23,11.587,11.587,11.587,11.587,0,0.0,0.0,0.0,0.0,0.0,,2.05,0.0,0.0
2021-03-24,11.407,11.407,11.407,11.407,300,3422.1,0.0,0.0,0.0,0.0,,2.05,0.0,0.0
2021-03-25,11.317,11.362,11.317,11.317,1100,12448.7,0.0,0.0,0.0,0.0,,2.05,0.0,0.0
2021-03-26,11.317,11.317,11.317,11.317,0,0.0,0.0,0.0,0.0,0.0,,2.05,0.0,0.0
2021-03-29,11.317,11.317,10.644,11.317,2200,24897.4,0.0,0.0,0.0,0.0,,2.05,0.0,0.0
2021-03-30,11.272,11.317,11.138,11.227,2500,28067.5,0.0,0.0,0.0,0.0,,2.05,0.0,0.0
2021-03-31,11.227,11.227,11.138,11.227,3500,39294.5,0.0,3000.0,0.0,40000.0,,2.05,0.0,0.04
2021-04-01,11.991,11.991,11.676,11.856,5600,66393.6,100.0,3300.0,0.0,40000.0,,2.05,0.0,0.04
2021-04-02,11.946,12.036,11.856,11.856,12200,144643.2,100.0,11100.0,0.0,150000.0,,2.05,0.0,0.15
2021-04-05,11.497,11.856,11.497,11.856,500,5928.0,0.0,0.0,0.0,0.0,,2.05,0.0,0.0
2021-04-06,11.676,11.946,11.676,11.946,2100,25086.6,0.0,0.0,0.0,0.0,,2.05,0.0,0.0
2021-04-07,11.766,11.766,11.676,11.676,1600,18681.6,0.0,0.0,0.0,0.0,,2.05,0.0,0.0
2021-04-08,11.856,11.856,11.676,11.676,1400,16346.4,0.0,0.0,0.0,0.0,,2.05,0.0,0.0
2021-04-09,11.676,11.946,11.676,11.946,3600,43005.6,0.0,0.0,0.0,0.0,,2.05,0.0,0.0
2021-04-12,11.587,11.946,11.587,11.946,200,2389.2,0.0,0.0,0.0,0.0,,2.05,0.0,0.0
2021-04-13,11.587,11.856,11.227,11.856,1200,14227.2,0.0,0.0,0.0,0.0,,2.05,0.0,0.0
2021-04-14,11.362,11.676,11.362,11.676,200,2335.2,0.0,0.0,0.0,0.0,,2.05,0.0,0.0
2021-04-15,11.272,11.676,11.272,11.676,200,2335.2,0.0,0.0,0.0,0.0,,2.05,0.0,0.0
2021-04-16,11.587,11.676,11.587,11.676,2100,24519.6,0.0,0.0,0.0,0.0,,2.05,0.0,0.0
2021-04-19,11.676,12.126,11.676,12.036,5100,61383.6,4800.0,100.0,60000.0,0.0,,2.05,0.06,0.0
2021-04-20,12.036,12.575,11.587,12.215,52200,637623.0,18000.0,25500.0,240000.0,350000.0,,2.05,0.24,0.35
2021-04-22,12.485,12.485,11.407,12.215,11300,138029.5,0.0,3500.0,0.0,50000.0,,2.05,0.0,0.05
2021-04-23,12.036,12.395,12.036,12.395,3100,38424.5,0.0,0.0,0.0,0.0,,2.05,0.0,0.0
2021-04-26,11.856,12.395,11.676,12.395,1300,16113.5,1200.0,1200.0,20000.0,20000.0,,2.05,0.02,0.02
2021-04-27,11.676,12.126,11.676,12.126,5600,67905.59999999999,0.0,0.0,0.0,0.0,,2.05,0.0,0.0
2021-04-28,11.542,12.036,11.317,12.036,12200,146839.19999999998,0.0,0.0,0.0,0.0,,2.05,0.0,0.0
2021-04-29,11.946,11.946,11.497,11.946,4900,58535.4,0.0,0.0,0.0,0.0,,2.05,0.0,0.0
2021-05-04,11.227,12.215,11.227,12.215,200,2443.0,0.0,0.0,0.0,0.0,,2.05,0.0,0.0
2021-05-05,12.215,12.215,12.215,12.215,0,0.0,0.0,0.0,0.0,0.0,,2.05,0.0,0.0
2021-05-06,11.497,12.036,11.497,12.036,8800,105916.8,8600.0,0.0,110000.0,0.0,,2.05,0.11,0.0
2021-05-07,11.587,12.036,11.542,12.036,5200,62587.2,3000.0,0.0,40000.0,0.0,,2.05,0.04,0.0
2021-05-10,11.407,12.036,11.362,12.036,2300,27682.8,0.0,0.0,0.0,0.0,,2.05,0.0,0.0
2021-05-11,12.036,12.036,12.036,12.036,0,0.0,0.0,0.0,0.0,0.0,,2.05,0.0,0.0
2021-05-12,11.407,11.856,11.407,11.856,200,2371.2,0.0,0.0,0.0,0.0,,2.05,0.0,0.0
2021-05-13,11.407,11.856,11.407,11.856,300,3556.8,0.0,0.0,0.0,0.0,,2.05,0.0,0.0
2021-05-14,11.407,11.946,11.407,11.946,800,9556.8,0.0,0.0,0.0,0.0,,2.05,0.0,0.0
2021-05-17,11.676,11.676,11.676,11.676,400,4670.4,0.0,0.0,0.0,0.0,,2.05,0.0,0.0
2021-05-18,11.991,11.991,11.497,11.497,2700,31041.9,500.0,0.0,10000.0,0.0,,2.05,0.01,0.0
2021-05-19,11.407,11.676,11.407,11.676,200,2335.2,0.0,0.0,0.0,0.0,,2.05,0.0,0.0
2021-05-20,11.676,11.676,11.676,11.676,0,0.0,0.0,0.0,0.0,0.0,,2.05,0.0,0.0
2021-05-21,11.497,11.676,11.497,11.676,3200,37363.2,0.0,0.0,0.0,0.0,,2.05,0.0,0.0
2021-05-24,11.676,11.676,11.676,11.676,600,7005.6,0.0,0.0,0.0,0.0,,2.05,0.0,0.0
2021-05-25,11.587,11.676,11.497,11.676,6500,75894.0,0.0,6000.0,0.0,80000.0,,2.05,0.0,0.08
2021-05-26,11.676,12.485,11.317,12.485,8300,103625.5,0.0,6500.0,0.0,80000.0,,2.05,0.0,0.08
2021-05-27,12.126,12.575,11.676,12.575,2700,33952.5,0.0,800.0,0.0,10000.0,,2.05,0.0,0.01
2021-05-28,11.946,11.946,11.946,11.946,1400,16724.399999999998,0.0,0.0,0.0,0.0,,2.05,0.0,0.0
2021-05-31,11.362,12.036,11.227,12.036,2400,28886.4,0.0,2300.0,0.0,30000.0,,2.05,0.0,0.03
2021-06-01,12.036,12.036,12.036,12.036,0,0.0,0.0,0.0,0.0,0.0,,2.05,0.0,0.0
2021-06-02,11.497,11.901,11.497,11.901,300,3570.3,0.0,200.0,0.0,0.0,,2.05,0.0,0.0
2021-06-03,11.676,11.676,11.093,11.093,9200,102055.6,0.0,8300.0,0.0,100000.0,,2.05,0.0,0.1
2021-06-04,11.138,11.856,10.329,11.676,22300,260374.8,0.0,11500.0,0.0,140000.0,,2.05,0.0,0.14
2021-06-07,11.856,12.036,11.856,12.036,4900,58976.4,3500.0,0.0,50000.0,0.0,,2.05,0.05,0.0
2021-06-08,12.036,12.395,12.036,12.036,2900,34904.4,0.0,0.0,0.0,0.0,,2.05,0.0,0.0
2021-06-09,12.036,12.036,11.946,11.991,4600,55158.6,0.0,0.0,0.0,0.0,,2.05,0.0,0.0
2021-06-10,11.497,11.856,11.452,11.856,1000,11856.0,0.0,0.0,0.0,0.0,,2.05,0.0,0.0
2021-06-11,11.497,11.766,11.138,11.676,10500,122598.0,0.0,0.0,0.0,0.0,,2.05,0.0,0.0
2021-06-14,11.676,11.676,11.676,11.676,2200,25687.2,0.0,0.0,0.0,0.0,,2.05,0.0,0.0
2021-06-15,11.676,11.676,11.676,11.676,0,0.0,0.0,0.0,0.0,0.0,,2.05,0.0,0.0
2021-06-16,11.317,11.676,11.317,11.676,200,2335.2,0.0,0.0,0.0,0.0,,2.05,0.0,0.0
2021-06-17,11.227,11.587,11.048,11.587,1900,22015.3,0.0,0.0,0.0,0.0,,2.05,0.0,0.0
2021-06-18,11.587,11.587,11.587,11.587,1300,15063.1,0.0,0.0,0.0,0.0,,2.05,0.0,0.0
2021-06-21,11.632,11.676,11.587,11.587,6700,77632.9,2700.0,0.0,30000.0,0.0,,2.05,0.03,0.0
2021-06-22,11.587,12.395,11.587,12.395,21300,264013.5,0.0,0.0,0.0,0.0,,2.05,0.0,0.0
2021-06-23,12.395,12.664,12.395,12.575,22600,284195.0,0.0,0.0,0.0,0.0,,2.05,0.0,0.0
2021-06-24,12.485,12.575,11.946,12.575,7100,89282.5,0.0,0.0,0.0,0.0,,2.05,0.0,0.0
2021-06-25,12.395,12.395,12.395,12.395,400,4958.0,0.0,0.0,0.0,0.0,,2.05,0.0,0.0
2021-06-28,12.126,12.395,11.542,12.395,24900,308635.5,5200.0,0.0,70000.0,0.0,,2.05,0.07,0.0
2021-06-29,11.676,12.395,11.676,12.395,600,7437.0,0.0,0.0,0.0,0.0,,2.05,0.0,0.0
2021-06-30,11.676,12.395,11.676,12.395,300,3718.5,0.0,0.0,0.0,0.0,,2.05,0.0,0.0
2021-07-01,11.811,11.811,11.676,11.676,3000,35028.0,900.0,0.0,10000.0,0.0,,2.05,0.01,0.0
2021-07-02,11.497,12.036,11.497,12.036,400,4814.4,0.0,0.0,0.0,0.0,,2.05,0.0,0.0
2021-07-05,11.497,11.676,11.407,11.676,1000,11676.0,100.0,0.0,0.0,0.0,,2.05,0.0,0.0
2021-07-06,11.317,11.766,11.317,11.766,1200,14119.2,0.0,0.0,0.0,0.0,,2.05,0.0,0.0
2021-07-07,11.766,11.766,11.766,11.766,0,0.0,0.0,0.0,0.0,0.0,,2.05,0.0,0.0
2021-07-08,11.542,11.542,11.542,11.542,200,2308.4,0.0,0.0,0.0,0.0,,2.05,0.0,0.0
2021-07-09,11.497,11.497,11.497,11.497,5800,66682.6,0.0,0.0,0.0,0.0,,2.05,0.0,0.0
2021-07-12,11.497,11.497,11.227,11.497,7900,90826.3,4300.0,0.0,60000.0,0.0,,2.05,0.06,0.0
2021-07-13,11.497,11.497,11.497,11.497,0,0.0,0.0,0.0,0.0,0.0,,2.05,0.0,0.0
2021-07-14,11.766,11.766,11.317,11.676,1100,12843.6,0.0,0.0,0.0,0.0,,2.05,0.0,0.0
2021-07-15,11.317,11.766,11.317,11.766,1600,18825.6,0.0,0.0,0.0,0.0,,2.05,0.0,0.0
2021-07-16,11.766,11.766,11.317,11.766,2500,29415.0,0.0,0.0,0.0,0.0,,2.05,0.0,0.0
2021-07-19,11.766,11.766,11.766,11.766,0,0.0,0.0,0.0,0.0,0.0,,2.05,0.0,0.0
2021-07-20,11.766,11.766,11.632,11.766,4200,49417.2,0.0,0.0,0.0,0.0,,2.05,0.0,0.0
2021-07-21,11.766,11.766,11.766,11.766,100,1176.6,0.0,0.0,0.0,0.0,,2.05,0.0,0.0
2021-07-22,11.766,11.766,11.766,11.766,0,0.0,0.0,0.0,0.0,0.0,,2.05,0.0,0.0
2021-07-23,11.766,11.766,11.766,11.766,0,0.0,0.0,0.0,0.0,0.0,,2.05,0.0,0.0
2021-07-26,11.317,11.721,11.317,11.721,3700,43367.7,0.0,0.0,0.0,0.0,,2.05,0.0,0.0
2021-07-27,11.721,11.766,11.587,11.766,8800,103540.8,5500.0,0.0,70000.0,0.0,,2.05,0.07,0.0
2021-07-28,11.676,11.946,11.676,11.946,1200,14335.2,0.0,0.0,0.0,0.0,,2.05,0.0,0.0
2021-07-29,11.676,11.856,11.676,11.856,500,5928.0,500.0,0.0,10000.0,0.0,,2.05,0.01,0.0
2021-07-30,11.856,11.856,11.856,11.856,300,3556.8,0.0,0.0,0.0,0.0,,2.05,0.0,0.0
2021-08-02,11.452,11.766,11.452,11.766,3300,38827.8,3200.0,0.0,40000.0,0.0,,2.05,0.04,0.0
2021-08-03,11.497,11.721,11.497,11.721,400,4688.4,200.0,0.0,0.0,0.0,,2.05,0.0,0.0
2021-08-04,11.676,11.766,11.676,11.766,2500,29415.0,0.0,0.0,0.0,0.0,,2.05,0.0,0.0
2021-08-05,11.452,12.126,11.452,12.126,4200,50929.2,4100.0,0.0,50000.0,0.0,,2.05,0.05,0.0
2021-08-06,12.126,12.126,12.126,12.126,0,0.0,0.0,0.0,0.0,0.0,,2.05,0.0,0.0
2021-08-09,12.126,12.126,12.126,12.126,0,0.0,0.0,0.0,0.0,0.0,,2.05,0.0,0.0
2021-08-10,12.126,12.395,12.126,12.395,5800,71891.0,1500.0,0.0,20000.0,0.0,,2.05,0.02,0.0
2021-08-11,12.395,12.485,12.395,12.395,1900,23550.5,300.0,0.0,0.0,0.0,,2.05,0.0,0.0
2021-08-12,12.305,12.395,12.305,12.395,4800,59496.0,0.0,0.0,0.0,0.0,,2.05,0.0,0.0
2021-08-13,12.395,12.395,12.395,12.395,38000,471010.0,100.0,19400.0,0.0,270000.0,,2.05,0.0,0.27
2021-08-16,12.575,12.664,12.575,12.664,3000,37992.0,0.0,0.0,0.0,0.0,,2.05,0.0,0.0
2021-08-17,12.485,13.024,12.485,13.024,12300,160195.19999999998,1500.0,0.0,20000.0,0.0,,2.05,0.02,0.0
2021-08-18,13.922,13.922,13.922,13.922,29800,414875.6,0.0,500.0,0.0,10000.0,,2.05,0.0,0.01
2021-08-19,14.865,14.865,14.865,14.865,6500,96622.5,0.0,0.0,0.0,0.0,,2.05,0.0,0.0
2021-08-20,15.898,15.898,15.808,15.898,42700,678844.6,8300.0,0.0,150000.0,0.0,,2.05,0.15,0.0
2021-08-23,16.976,16.976,16.976,16.976,33000,560208.0,900.0,0.0,20000.0,0.0,,2.05,0.02,0.0
2021-08-24,18.143,18.143,18.143,18.143,4000,72572.0,0.0,0.0,0.0,0.0,,2.05,0.0,0.0
2021-08-25,19.401,19.401,19.401,19.401,4300,83424.3,0.0,0.0,0.0,0.0,,2.05,0.0,0.0
2021-08-26,20.748,20.748,20.748,20.748,7700,159759.6,0.0,0.0,0.0,0.0,,2.05,0.0,0.0
2021-08-27,22.185,22.185,22.185,22.185,14000,310590.0,0.0,0.0,0.0,0.0,,2.05,0.0,0.0
2021-08-30,23.712,23.712,23.712,23.712,2300,54537.6,0.0,0.0,0.0,0.0,,2.05,0.0,0.0
2021-08-31,25.329,25.329,25.329,25.329,112800,2857111.2,0.0,0.0,0.0,0.0,,2.05,0.0,0.0
2021-09-01,27.08,27.08,26.946,27.08,211100,5716588.0,500.0,117000.0,20000.0,3530000.0,,2.05,0.02,3.53
2021-09-06,28.967,28.967,28.967,28.967,37500,1086262.5,300.0,400.0,10000.0,10000.0,,2.05,0.01,0.01
2021-09-07,30.988,30.988,26.946,26.946,219600,5917341.600000001,2700.0,10900.0,90000.0,330000.0,,2.05,0.09,0.33
2021-09-08,25.059,25.059,25.059,25.059,8800,220519.2,300.0,0.0,10000.0,0.0,,2.05,0.01,0.0
2021-09-09,23.308,23.308,23.308,23.308,6100,142178.8,0.0,0.0,0.0,0.0,,2.05,0.0,0.0
2021-09-10,21.691,21.691,21.691,21.691,11500,249446.5,0.0,0.0,0.0,0.0,,2.05,0.0,0.0
2021-09-13,20.209,23.173,20.209,23.173,198200,4592888.6,0.0,9400.0,0.0,220000.0,,2.05,0.0,0.22
2021-09-14,24.7,24.79,24.7,24.79,70400,1745216.0,1000.0,0.0,30000.0,0.0,,2.05,0.03,0.0
2021-09-15,26.407,26.497,23.083,25.598,46800,1197986.4,0.0,0.0,0.0,0.0,,2.05,0.0,0.0
2021-09-16,23.847,23.847,23.847,23.847,24800,591405.6,0.0,0.0,0.0,0.0,,2.05,0.0,0.0
2021-09-17,22.185,22.185,22.185,22.185,27900,618961.5,0.0,0.0,0.0,0.0,,2.05,0.0,0.0
2021-09-20,20.928,22.545,20.658,20.928,120100,2513452.8000000003,500.0,0.0,10000.0,0.0,,2.05,0.01,0.0
2021-09-21,19.491,20.928,19.491,20.03,70800,1418124.0,0.0,1000.0,0.0,20000.0,,2.05,0.0,0.02
2021-09-22,21.107,21.107,19.491,19.985,23000,459655.0,500.0,0.0,10000.0,0.0,,2.05,0.01,0.0
2021-09-23,19.67,19.67,18.862,19.581,58200,1139614.2,3000.0,0.0,70000.0,0.0,,2.05,0.07,0.0
2021-09-24,19.131,19.221,18.682,18.952,40900,775136.8,0.0,0.0,0.0,0.0,,2.05,0.0,0.0
2021-09-27,19.221,19.221,18.593,19.042,9900,188515.8,0.0,0.0,0.0,0.0,,2.05,0.0,0.0
2021-09-28,18.997,18.997,18.503,18.503,15100,279395.3,0.0,0.0,0.0,0.0,,2.05,0.0,0.0
2021-09-29,19.311,19.311,18.143,18.233,4900,89341.7,0.0,0.0,0.0,0.0,,2.05,0.0,0.0
2021-09-30,18.772,18.772,17.964,18.503,12700,234988.1,0.0,0.0,0.0,0.0,,2.05,0.0,0.0
2021-10-01,18.413,18.413,17.874,17.874,6800,121543.2,0.0,0.0,0.0,0.0,,2.05,0.0,0.0
2021-10-04,17.874,17.874,17.066,17.784,31200,554860.7999999999,2400.0,0.0,50000.0,0.0,,2.05,0.05,0.0
2021-10-05,17.874,17.874,16.616,17.066,43100,735544.6,0.0,1400.0,0.0,30000.0,,2.05,0.0,0.03
2021-10-06,17.066,17.245,16.796,17.021,19500,331909.5,0.0,0.0,0.0,0.0,,2.05,0.0,0.0
2021-10-07,17.021,17.021,16.167,16.886,18100,305636.6,0.0,0.0,0.0,0.0,,2.05,0.0,0.0
2021-10-08,16.302,16.751,16.167,16.437,21800,358326.60000000003,500.0,0.0,10000.0,0.0,,2.05,0.01,0.0
2021-10-11,16.572,16.572,16.078,16.302,15300,249420.6,0.0,0.0,0.0,0.0,,2.05,0.0,0.0
2021-10-12,16.661,16.661,15.718,16.167,24500,396091.50000000006,100.0,0.0,0.0,0.0,,2.05,0.0,0.0
2021-10-13,16.347,16.616,16.167,16.616,13600,225977.6,0.0,0.0,0.0,0.0,,2.05,0.0,0.0
2021-10-14,16.976,17.021,16.212,16.616,12600,209361.6,1000.0,0.0,20000.0,0.0,,2.05,0.02,0.0
2021-10-15,16.616,17.066,16.572,16.886,16700,281996.2,0.0,0.0,0.0,0.0,,2.05,0.0,0.0
2021-10-18,16.976,17.066,16.527,17.066,8200,139941.19999999998,200.0,0.0,0.0,0.0,,2.05,0.0,0.0
2021-10-19,17.155,17.245,16.257,16.976,10500,178248.0,3900.0,0.0,70000.0,0.0,,2.05,0.07,0.0
2021-10-20,16.257,16.886,16.257,16.347,7500,122602.5,0.0,0.0,0.0,0.0,,2.05,0.0,0.0
2021-10-21,16.347,16.527,15.988,16.482,8400,138448.8,0.0,0.0,0.0,0.0,,2.05,0.0,0.0
2021-10-22,16.796,17.605,16.706,17.605,62500,1100312.5,300.0,0.0,10000.0,0.0,,2.05,0.01,0.0
2021-10-25,18.817,18.817,18.727,18.817,46200,869345.4,0.0,5500.0,0.0,120000.0,,2.05,0.0,0.12
2021-10-26,20.119,20.119,18.593,19.311,37800,729955.8,0.0,4900.0,0.0,100000.0,,2.05,0.0,0.1
2021-10-27,19.311,19.311,17.964,18.682,29900,558591.7999999999,0.0,0.0,0.0,0.0,,2.05,0.0,0.0
2021-10-28,18.682,18.682,17.694,18.458,31900,588810.2,0.0,0.0,0.0,0.0,,2.05,0.0,0.0
2021-10-29,18.009,18.413,17.964,17.964,19500,350298.0,0.0,0.0,0.0,0.0,,2.05,0.0,0.0
2021-11-01,18.503,18.503,17.964,18.233,10300,187799.9,0.0,0.0,0.0,0.0,,2.05,0.0,0.0
2021-11-02,18.233,18.503,18.143,18.233,23400,426652.2,0.0,0.0,0.0,0.0,,2.05,0.0,0.0
2021-11-03,18.143,18.862,17.964,18.323,27900,511211.7,2700.0,0.0,60000.0,0.0,,2.05,0.06,0.0
2021-11-04,18.323,18.368,17.964,18.233,12000,218796.0,0.0,0.0,0.0,0.0,,2.05,0.0,0.0
2021-11-05,18.323,19.491,18.323,19.491,93000,1812663.0,0.0,4000.0,0.0,80000.0,,2.05,0.0,0.08
2021-11-08,20.389,20.389,18.593,19.715,15800,311497.0,0.0,0.0,0.0,0.0,,2.05,0.0,0.0
2021-11-09,20.119,20.119,19.401,19.401,5500,106705.5,0.0,0.0,0.0,0.0,,2.05,0.0,0.0
2021-11-10,19.221,19.581,18.593,18.862,22200,418736.4,0.0,0.0,0.0,0.0,,2.05,0.0,0.0
2021-11-11,19.491,19.491,18.323,18.323,59700,1093883.1,0.0,0.0,0.0,0.0,,2.05,0.0,0.0
2021-11-12,17.694,19.042,17.694,18.682,22900,427817.8,0.0,0.0,0.0,0.0,,2.05,0.0,0.0
2021-11-15,18.952,19.491,18.952,19.356,64200,1242655.2000000002,0.0,0.0,0.0,0.0,,2.05,0.0,0.0
2021-11-16,19.401,20.119,19.311,19.67,59700,1174299.0,0.0,0.0,0.0,0.0,,2.05,0.0,0.0
2021-11-17,19.67,19.67,18.862,19.311,11400,220145.4,100.0,0.0,0.0,0.0,,2.05,0.0,0.0
2021-11-18,19.311,19.67,19.311,19.311,8200,158350.2,0.0,0.0,0.0,0.0,,2.05,0.0,0.0
2021-11-19,19.536,19.536,18.593,18.907,25300,478347.1,1800.0,0.0,40000.0,0.0,,2.05,0.04,0.0
2021-11-22,19.221,19.221,18.233,18.862,11400,215026.8,0.0,0.0,0.0,0.0,,2.05,0.0,0.0
2021-11-23,17.964,18.862,17.964,18.682,5200,97146.4,0.0,0.0,0.0,0.0,,2.05,0.0,0.0
2021-11-24,18.682,18.682,18.323,18.593,12900,239849.7,0.0,0.0,0.0,0.0,,2.05,0.0,0.0
2021-11-25,18.278,18.593,17.964,18.233,14600,266201.8,0.0,0.0,0.0,0.0,,2.05,0.0,0.0
2021-11-26,18.143,18.233,17.874,17.964,28000,502992.0,0.0,0.0,0.0,0.0,,2.05,0.0,0.0
2021-11-29,17.964,19.221,17.964,19.221,43500,836113.5,0.0,0.0,0.0,0.0,,2.05,0.0,0.0
2021-11-30,20.524,20.524,20.524,20.524,44700,917422.8,0.0,900.0,0.0,20000.0,,2.05,0.0,0.02
2021-12-01,21.916,21.916,21.916,21.916,119700,2623345.2,0.0,0.0,0.0,0.0,,2.05,0.0,0.0
2021-12-02,23.398,23.398,20.389,20.389,74400,1516941.6,1100.0,0.0,30000.0,0.0,,2.05,0.03,0.0
2021-12-03,20.389,21.557,19.581,20.389,25500,519919.5,0.0,100.0,0.0,0.0,,2.05,0.0,0.0
2021-12-06,19.221,20.389,18.997,18.997,32700,621201.9,0.0,900.0,0.0,20000.0,,2.05,0.0,0.02
2021-12-07,18.099,18.593,17.964,18.368,24500,450016.0,0.0,0.0,0.0,0.0,,2.05,0.0,0.0
2021-12-08,18.233,19.131,18.143,18.413,11100,204384.3,0.0,0.0,0.0,0.0,,2.05,0.0,0.0
2021-12-09,18.143,18.413,18.143,18.413,4200,77334.6,300.0,0.0,10000.0,0.0,,2.05,0.01,0.0
2021-12-10,19.311,19.311,18.143,18.413,5700,104954.1,200.0,0.0,0.0,0.0,,2.05,0.0,0.0
2021-12-13,18.233,18.727,17.515,17.874,24000,428976.0,200.0,0.0,0.0,0.0,,2.05,0.0,0.0
2021-12-14,18.368,18.368,17.874,18.009,8400,151275.6,500.0,0.0,10000.0,0.0,,2.05,0.01,0.0
2021-12-15,18.054,18.368,17.964,18.323,9100,166739.30000000002,500.0,0.0,10000.0,0.0,,2.05,0.01,0.0
2021-12-16,17.964,18.548,17.515,17.964,7500,134730.0,200.0,0.0,0.0,0.0,,2.05,0.0,0.0
2021-12-17,17.964,18.099,17.964,18.054,11000,198594.0,400.0,0.0,10000.0,0.0,,2.05,0.01,0.0
2021-12-20,17.964,18.054,17.784,18.054,13100,236507.4,0.0,0.0,0.0,0.0,,2.05,0.0,0.0
2021-12-21,18.233,18.323,17.694,17.739,8500,150781.5,400.0,0.0,10000.0,0.0,,2.05,0.01,0.0
2021-12-22,17.874,18.188,17.784,17.874,6600,117968.4,100.0,0.0,0.0,0.0,,2.05,0.0,0.0
2021-12-23,17.964,18.862,17.964,18.009,31000,558279.0,0.0,0.0,0.0,0.0,,2.05,0.0,0.0
2021-12-24,18.413,18.413,18.143,18.233,8400,153157.2,0.0,400.0,0.0,10000.0,,2.05,0.0,0.01
2021-12-27,18.413,18.413,18.413,18.413,5000,92065.0,0.0,0.0,0.0,0.0,,2.05,0.0,0.0
2021-12-28,18.413,18.862,17.964,18.593,24900,462965.7,0.0,200.0,0.0,0.0,,2.05,0.0,0.0
2021-12-29,18.593,18.593,17.784,18.503,11100,205383.3,0.0,0.0,0.0,0.0,,2.05,0.0,0.0
2021-12-30,18.413,18.503,18.413,18.503,8500,157275.5,0.0,0.0,0.0,0.0,,2.05,0.0,0.0
2021-12-31,18.413,18.503,18.413,18.503,7800,144323.4,0.0,0.0,0.0,0.0,,2.05,0.0,0.0
2022-01-04,18.054,18.503,17.964,18.323,7800,142919.4,0.0,0.0,0.0,0.0,,2.05,0.0,0.0
2022-01-05,18.143,18.143,17.784,17.964,57800,1038319.2,10600.0,0.0,210000.0,0.0,,2.05,0.21,0.0
2022-01-06,17.964,18.009,17.515,18.009,17100,307953.9,0.0,0.0,0.0,0.0,,2.05,0.0,0.0
2022-01-07,18.009,18.009,17.515,17.874,9200,164440.8,0.0,0.0,0.0,0.0,,2.05,0.0,0.0
2022-01-10,17.515,18.054,17.47,18.009,18100,325962.9,0.0,0.0,0.0,0.0,,2.05,0.0,0.0
2022-01-11,17.964,17.964,17.605,17.694,4600,81392.4,0.0,0.0,0.0,0.0,,2.05,0.0,0.0
2022-01-12,17.515,17.874,17.29,17.874,1700,30385.8,0.0,0.0,0.0,0.0,,2.05,0.0,0.0
2022-01-13,17.605,17.784,17.605,17.605,8700,153163.5,1000.0,0.0,20000.0,0.0,,2.05,0.02,0.0
2022-01-14,17.605,17.605,17.066,17.605,1800,31689.0,0.0,0.0,0.0,0.0,,2.05,0.0,0.0
2022-01-17,17.245,17.245,17.066,17.066,2200,37545.2,1000.0,0.0,20000.0,0.0,,2.05,0.02,0.0
2022-01-18,17.066,17.066,15.898,15.898,12100,192365.8,0.0,0.0,0.0,0.0,,2.05,0.0,0.0
2022-01-19,15.898,16.167,15.898,15.898,7100,112875.8,0.0,0.0,0.0,0.0,,2.05,0.0,0.0
2022-01-20,15.898,16.796,15.718,16.796,9000,151164.0,0.0,0.0,0.0,0.0,,2.05,0.0,0.0
2022-01-21,16.796,17.964,16.616,17.964,3800,68263.2,0.0,0.0,0.0,0.0,,2.05,0.0,0.0
2022-01-24,17.964,17.964,17.066,17.066,4400,75090.4,200.0,0.0,0.0,0.0,,2.05,0.0,0.0
2022-01-25,15.943,17.245,15.943,17.245,1900,32765.500000000004,0.0,0.0,0.0,0.0,,2.05,0.0,0.0
2022-01-26,17.066,17.605,17.066,17.605,2000,35210.0,0.0,0.0,0.0,0.0,,2.05,0.0,0.0
2022-01-27,17.515,17.515,17.29,17.515,400,7006.0,100.0,0.0,0.0,0.0,,2.05,0.0,0.0
2022-01-28,17.38,17.56,17.066,17.066,5300,90449.8,200.0,0.0,0.0,0.0,,2.05,0.0,0.0
2022-02-07,18.188,18.188,17.964,17.964,500,8982.0,300.0,0.0,10000.0,0.0,,2.05,0.01,0.0
2022-02-08,17.964,17.964,17.964,17.964,0,0.0,0.0,0.0,0.0,0.0,,2.05,0.0,0.0
2022-02-09,17.964,17.964,17.425,17.425,800,13940.0,0.0,0.0,0.0,0.0,,2.05,0.0,0.0
2022-02-10,17.245,17.784,17.155,17.784,1000,17784.0,0.0,0.0,0.0,0.0,,2.05,0.0,0.0
2022-02-11,17.066,18.323,17.066,18.233,13600,247968.8,100.0,400.0,0.0,10000.0,,2.05,0.0,0.01
2022-02-14,17.515,17.964,16.976,17.964,4300,77245.2,0.0,4100.0,0.0,80000.0,,2.05,0.0,0.08
2022-02-15,17.964,17.964,17.964,17.964,0,0.0,0.0,0.0,0.0,0.0,,2.05,0.0,0.0
2022-02-16,17.155,17.874,17.066,17.874,5000,89370.0,0.0,0.0,0.0,0.0,,2.05,0.0,0.0
2022-02-17,17.874,17.964,17.515,17.874,4700,84007.79999999999,0.0,0.0,0.0,0.0,,2.05,0.0,0.0
2022-02-18,17.874,18.054,17.829,18.054,14500,261783.0,0.0,0.0,0.0,0.0,,2.05,0.0,0.0
2022-02-21,18.054,18.054,17.964,18.054,5800,104713.2,0.0,200.0,0.0,0.0,,2.05,0.0,0.0
2022-02-22,18.054,18.054,17.245,17.515,3300,57799.5,0.0,0.0,0.0,0.0,,2.05,0.0,0.0
2022-02-23,17.335,17.964,16.392,17.784,5900,104925.6,0.0,0.0,0.0,0.0,,2.05,0.0,0.0
2022-02-24,17.874,17.964,17.245,17.245,6100,105194.5,0.0,0.0,0.0,0.0,,2.05,0.0,0.0
2022-02-25,17.515,17.515,17.515,17.515,5900,103338.5,0.0,0.0,0.0,0.0,,2.05,0.0,0.0
2022-02-28,17.515,17.784,17.515,17.56,8500,149260.0,0.0,0.0,0.0,0.0,,2.05,0.0,0.0
2022-03-01,17.56,18.772,17.56,18.772,43800,822213.6,0.0,0.0,0.0,0.0,,2.05,0.0,0.0
2022-03-02,19.67,20.075,19.221,20.075,52500,1053937.5,0.0,0.0,0.0,0.0,,2.05,0.0,0.0
2022-03-03,21.467,21.467,19.311,19.76,35700,705432.0,0.0,1000.0,0.0,20000.0,,2.05,0.0,0.02
2022-03-04,19.76,19.76,18.413,19.131,27900,533754.9,0.0,0.0,0.0,0.0,,2.05,0.0,0.0
2022-03-07,18.413,18.862,18.009,18.503,24500,453323.5,0.0,0.0,0.0,0.0,,2.05,0.0,0.0
2022-03-08,18.503,19.76,18.413,18.862,13500,254637.0,0.0,0.0,0.0,0.0,,2.05,0.0,0.0
2022-03-09,18.548,18.862,18.503,18.862,7800,147123.59999999998,0.0,0.0,0.0,0.0,,2.05,0.0,0.0
2022-03-10,18.952,19.76,18.862,19.67,17700,348159.00000000006,0.0,0.0,0.0,0.0,,2.05,0.0,0.0
2022-03-11,19.581,21.018,19.581,21.018,102600,2156446.8000000003,0.0,0.0,0.0,0.0,,2.05,0.0,0.0
2022-03-14,22.006,22.006,19.76,20.389,69900,1425191.1,100.0,0.0,0.0,0.0,,2.05,0.0,0.0
2022-03-15,21.107,21.467,20.209,20.389,10000,203890.0,0.0,0.0,0.0,0.0,,2.05,0.0,0.0
2022-03-16,19.715,21.107,19.446,19.536,10700,209035.2,0.0,0.0,0.0,0.0,,2.05,0.0,0.0
2022-03-17,19.491,19.805,18.907,19.76,17100,337896.0,0.0,0.0,0.0,0.0,,2.05,0.0,0.0
2022-03-18,20.883,20.928,19.176,19.491,14800,288466.8,0.0,0.0,0.0,0.0,,2.05,0.0,0.0
2022-03-21,19.401,19.625,19.401,19.491,4300,83811.3,0.0,0.0,0.0,0.0,,2.05,0.0,0.0
2022-03-22,19.581,20.569,19.491,19.491,6100,118895.1,0.0,0.0,0.0,0.0,,2.05,0.0,0.0
2022-03-23,19.491,19.67,19.491,19.491,7100,138386.1,0.0,0.0,0.0,0.0,,2.05,0.0,0.0
2022-03-24,19.536,19.536,19.401,19.491,4600,89658.59999999999,0.0,0.0,0.0,0.0,,2.05,0.0,0.0
2022-03-25,19.491,19.76,19.491,19.491,24800,483376.8,0.0,0.0,0.0,0.0,,2.05,0.0,0.0
2022-03-28,19.491,19.491,18.862,19.401,13600,263853.6,0.0,0.0,0.0,0.0,,2.05,0.0,0.0
2022-03-29,19.042,19.715,19.042,19.401,5800,112525.8,0.0,0.0,0.0,0.0,,2.05,0.0,0.0
2022-03-30,19.401,19.401,18.593,18.907,12700,240118.9,0.0,0.0,0.0,0.0,,2.05,0.0,0.0
2022-03-31,19.042,19.042,18.682,18.682,6000,112092.0,0.0,0.0,0.0,0.0,,2.05,0.0,0.0
2022-04-01,18.772,18.772,18.413,18.682,4700,87805.4,0.0,0.0,0.0,0.0,,2.05,0.0,0.0
2022-04-04,18.862,18.862,18.772,18.862,11200,211254.4,0.0,0.0,0.0,0.0,,2.05,0.0,0.0
2022-04-05,18.772,18.772,18.772,18.772,5000,93860.0,0.0,0.0,0.0,0.0,,2.05,0.0,0.0
2022-04-06,18.862,19.67,18.862,19.67,3500,68845.0,0.0,0.0,0.0,0.0,,2.05,0.0,0.0
2022-04-07,19.76,19.76,18.772,18.772,9100,170825.19999999998,0.0,0.0,0.0,0.0,,2.05,0.0,0.0
2022-04-08,18.862,19.805,18.772,19.805,34700,687233.5,0.0,0.0,0.0,0.0,,2.05,0.0,0.0
2022-04-12,18.952,18.952,18.862,18.862,7600,143351.19999999998,0.0,300.0,0.0,10000.0,,2.05,0.0,0.01
2022-04-13,18.862,19.76,18.772,19.76,9200,181792.0,0.0,0.0,0.0,0.0,,2.05,0.0,0.0
2022-04-14,19.042,19.042,18.862,18.862,4500,84878.99999999999,0.0,0.0,0.0,0.0,,2.05,0.0,0.0
2022-04-15,18.862,19.131,18.862,18.862,5500,103741.0,0.0,0.0,0.0,0.0,,2.05,0.0,0.0
2022-04-18,18.862,18.952,17.964,18.952,13600,257747.2,0.0,200.0,0.0,0.0,,2.05,0.0,0.0
2022-04-19,18.952,18.952,17.964,17.964,3500,62873.99999999999,0.0,100.0,0.0,0.0,,2.05,0.0,0.0
2022-04-20,17.964,17.964,17.066,17.066,5900,100689.4,0.0,0.0,0.0,0.0,,2.05,0.0,0.0
2022-04-21,17.919,17.919,17.919,17.919,100,1791.9,0.0,0.0,0.0,0.0,,2.05,0.0,0.0
2022-04-22,17.964,17.964,16.706,17.964,2000,35928.0,0.0,400.0,0.0,10000.0,,2.05,0.0,0.01
2022-04-25,17.964,17.964,16.706,17.964,7200,129340.8,0.0,1000.0,0.0,20000.0,,2.05,0.0,0.02
2022-04-26,17.964,17.964,17.964,17.964,0,0.0,0.0,0.0,0.0,0.0,,2.05,0.0,0.0
2022-04-27,17.874,17.964,17.874,17.964,1000,17964.0,0.0,0.0,0.0,0.0,,2.05,0.0,0.0
2022-04-28,17.964,17.964,17.964,17.964,4300,77245.2,0.0,0.0,0.0,0.0,,2.05,0.0,0.0
2022-04-29,17.964,17.964,17.964,17.964,1500,26946.0,0.0,0.0,0.0,0.0,,2.05,0.0,0.0
2022-05-04,17.964,17.964,17.515,17.515,6800,119102.0,0.0,0.0,0.0,0.0,,2.05,0.0,0.0
2022-05-05,17.515,17.784,17.515,17.515,3300,57799.5,0.0,0.0,0.0,0.0,,2.05,0.0,0.0
2022-05-06,16.706,17.874,16.706,17.874,3800,67921.2,0.0,0.0,0.0,0.0,,2.05,0.0,0.0
2022-05-09,17.649,17.649,16.796,17.605,6100,107390.5,0.0,0.0,0.0,0.0,,2.05,0.0,0.0
2022-05-10,17.425,17.425,16.751,17.425,12800,223040.0,0.0,0.0,0.0,0.0,,2.05,0.0,0.0
2022-05-11,18.503,18.593,17.964,18.593,4800,89246.4,0.0,0.0,0.0,0.0,,2.05,0.0,0.0
2022-05-12,18.413,18.682,18.413,18.682,2500,46705.0,0.0,0.0,0.0,0.0,,2.05,0.0,0.0
2022-05-13,18.637,18.637,17.784,18.143,4200,76200.6,0.0,0.0,0.0,0.0,,2.05,0.0,0.0
2022-05-16,18.143,18.143,17.515,17.515,5600,98084.0,0.0,0.0,0.0,0.0,,2.05,0.0,0.0
2022-05-17,17.515,17.964,17.515,17.964,2800,50299.2,0.0,0.0,0.0,0.0,,2.05,0.0,0.0
2022-05-18,17.784,17.784,17.784,17.784,1000,17784.0,0.0,0.0,0.0,0.0,,2.05,0.0,0.0
2022-05-19,17.784,17.784,17.784,17.784,0,0.0,0.0,0.0,0.0,0.0,,2.05,0.0,0.0
2022-05-20,17.784,17.784,17.784,17.784,100,1778.4,0.0,0.0,0.0,0.0,,2.05,0.0,0.0
2022-05-23,18.413,18.413,18.323,18.323,4300,78788.90000000001,0.0,0.0,0.0,0.0,,2.05,0.0,0.0
2022-05-24,18.593,18.593,17.964,17.964,600,10778.4,0.0,0.0,0.0,0.0,,2.05,0.0,0.0
2022-05-25,17.964,17.964,17.964,17.964,0,0.0,0.0,0.0,0.0,0.0,,2.05,0.0,0.0
2022-05-26,17.964,17.964,17.335,17.335,1800,31203.0,0.0,0.0,0.0,0.0,,2.05,0.0,0.0
2022-05-27,17.335,17.335,17.335,17.335,0,0.0,0.0,0.0,0.0,0.0,,2.05,0.0,0.0
2022-05-30,17.784,18.143,17.784,18.143,200,3628.6,0.0,0.0,0.0,0.0,,2.05,0.0,0.0
2022-05-31,18.143,18.143,18.143,18.143,0,0.0,0.0,0.0,0.0,0.0,,2.05,0.0,0.0
2022-06-01,18.682,18.682,18.682,18.682,100,1868.2,0.0,0.0,0.0,0.0,,2.05,0.0,0.0
2022-06-02,18.682,18.682,18.682,18.682,0,0.0,0.0,0.0,0.0,0.0,,2.05,0.0,0.0
2022-06-03,18.682,18.682,18.682,18.682,0,0.0,0.0,0.0,0.0,0.0,,2.05,0.0,0.0
2022-06-06,17.964,17.964,17.605,17.605,1900,33449.5,0.0,0.0,0.0,0.0,,2.05,0.0,0.0
2022-06-07,17.964,17.964,17.964,17.964,100,1796.4,0.0,0.0,0.0,0.0,,2.05,0.0,0.0
2022-06-08,17.964,17.964,17.964,17.964,0,0.0,0.0,0.0,0.0,0.0,,2.05,0.0,0.0
2022-06-09,17.964,17.964,17.964,17.964,0,0.0,0.0,0.0,0.0,0.0,,2.05,0.0,0.0
2022-06-10,17.964,17.964,17.964,17.964,2500,44910.0,0.0,0.0,0.0,0.0,,2.05,0.0,0.0
2022-06-13,17.919,17.964,17.919,17.919,3900,69884.1,0.0,0.0,0.0,0.0,,2.05,0.0,0.0
2022-06-14,16.751,16.751,16.751,16.751,1100,18426.1,0.0,0.0,0.0,0.0,,2.05,0.0,0.0
2022-06-15,16.751,17.874,15.808,17.874,7700,137629.8,0.0,0.0,0.0,0.0,,2.05,0.0,0.0
2022-06-16,17.874,17.874,17.874,17.874,200,3574.8,0.0,0.0,0.0,0.0,,2.05,0.0,0.0
2022-06-17,17.066,17.784,17.066,17.784,3700,65800.8,0.0,0.0,0.0,0.0,,2.05,0.0,0.0
2022-06-20,16.616,16.616,16.616,16.616,1400,23262.4,0.0,0.0,0.0,0.0,,2.05,0.0,0.0
2022-06-21,15.718,17.066,15.718,16.616,11200,186099.2,0.0,0.0,0.0,0.0,,2.05,0.0,0.0
2022-06-22,15.584,15.584,15.584,15.584,6600,102854.4,0.0,0.0,0.0,0.0,,2.05,0.0,0.0
2022-06-23,14.596,16.167,14.596,16.167,3600,58201.2,0.0,0.0,0.0,0.0,,2.05,0.0,0.0
2022-06-24,16.257,16.257,16.122,16.122,500,8061.0,0.0,0.0,0.0,0.0,,2.05,0.0,0.0
2022-06-27,16.167,16.167,16.167,16.167,1200,19400.4,0.0,0.0,0.0,0.0,,2.05,0.0,0.0
2022-06-28,16.167,16.167,16.167,16.167,2500,40417.50000000001,0.0,0.0,0.0,0.0,,2.05,0.0,0.0
2022-06-29,16.167,16.167,16.167,16.167,0,0.0,0.0,0.0,0.0,0.0,,2.05,0.0,0.0
2022-06-30,16.167,16.167,16.167,16.167,0,0.0,0.0,0.0,0.0,0.0,,2.05,0.0,0.0
2022-07-01,15.134,17.2,15.134,17.2,3800,65360.0,0.0,0.0,0.0,0.0,,2.05,0.0,0.0
2022-07-04,16.437,17.155,16.033,17.155,1000,17155.0,0.0,0.0,0.0,0.0,,2.05,0.0,0.0
2022-07-05,17.155,17.155,17.155,17.155,0,0.0,0.0,0.0,0.0,0.0,,2.05,0.0,0.0
2022-07-06,16.167,16.167,16.167,16.167,100,1616.7000000000005,0.0,0.0,0.0,0.0,,2.05,0.0,0.0
2022-07-07,15.314,15.314,15.314,15.314,100,1531.4,0.0,0.0,0.0,0.0,,2.05,0.0,0.0
2022-07-08,15.359,16.122,14.685,16.122,3300,53202.6,0.0,0.0,0.0,0.0,,2.05,0.0,0.0
2022-07-11,16.122,16.122,16.122,16.122,0,0.0,0.0,0.0,0.0,0.0,,2.05,0.0,0.0
2022-07-12,15.943,16.078,15.943,16.033,3300,52908.9,0.0,0.0,0.0,0.0,,2.05,0.0,0.0
2022-07-13,15.269,15.988,15.269,15.898,2300,36565.4,0.0,0.0,0.0,0.0,,2.05,0.0,0.0
2022-07-14,15.763,15.763,15.718,15.718,2600,40866.8,0.0,0.0,0.0,0.0,,2.05,0.0,0.0
2022-07-15,16.167,16.167,15.718,15.718,1100,17289.8,0.0,0.0,0.0,0.0,,2.05,0.0,0.0
2022-07-18,15.763,16.572,15.718,16.527,7100,117341.7,0.0,0.0,0.0,0.0,,2.05,0.0,0.0
2022-07-19,16.158,16.158,15.973,16.158,41200,665709.6000000001,0.0,0.0,0.0,0.0,,2.05,0.0,0.0
2022-07-20,16.204,17.266,16.204,17.266,1300,22445.8,0.0,0.0,0.0,0.0,,2.05,0.0,0.0
2022-07-21,17.22,17.266,17.22,17.266,300,5179.799999999999,0.0,0.0,0.0,0.0,,2.05,0.0,0.0
2022-07-22,16.619,17.173,16.619,17.173,200,3434.5999999999995,0.0,0.0,0.0,0.0,,2.05,0.0,0.0
2022-07-25,17.081,17.081,17.081,17.081,100,1708.1,0.0,0.0,0.0,0.0,,2.05,0.0,0.0
2022-07-26,16.158,17.081,16.158,17.081,1000,17081.0,0.0,900.0,0.0,20000.0,,2.05,0.0,0.02
2022-07-27,16.158,16.158,15.973,15.973,1900,30348.7,0.0,0.0,0.0,0.0,,2.05,0.0,0.0
2022-07-28,16.019,16.342,15.696,16.342,1600,26147.2,0.0,0.0,0.0,0.0,,2.05,0.0,0.0
2022-07-29,16.342,16.342,16.342,16.342,0,0.0,0.0,0.0,0.0,0.0,,2.05,0.0,0.0
2022-08-01,16.342,16.342,16.065,16.065,1600,25704.000000000004,0.0,0.0,0.0,0.0,,2.05,0.0,0.0
2022-08-02,17.127,17.127,17.127,17.127,100,1712.6999999999998,0.0,0.0,0.0,0.0,,2.05,0.0,0.0
2022-08-03,16.158,16.158,15.973,16.065,12100,194386.50000000003,0.0,0.0,0.0,0.0,,2.05,0.0,0.0
2022-08-04,15.511,16.573,15.511,16.573,1200,19887.6,0.0,0.0,0.0,0.0,,2.05,0.0,0.0
2022-08-05,15.788,16.804,15.788,16.619,18500,307451.5,0.0,0.0,0.0,0.0,,2.05,0.0,0.0
2022-08-08,16.896,16.896,15.511,16.666,14000,233324.0,0.0,0.0,0.0,0.0,,2.05,0.0,0.0
2022-08-09,17.035,17.035,15.696,16.527,1100,18179.7,0.0,0.0,0.0,0.0,,2.05,0.0,0.0
2022-08-10,16.527,16.527,16.435,16.435,400,6573.999999999999,0.0,0.0,0.0,0.0,,2.05,0.0,0.0
2022-08-11,15.419,16.25,15.327,16.25,3400,55250.0,0.0,0.0,0.0,0.0,,2.05,0.0,0.0
2022-08-12,16.065,16.112,16.065,16.065,500,8032.500000000001,0.0,0.0,0.0,0.0,,2.05,0.0,0.0
2022-08-15,16.065,16.065,16.065,16.065,300,4819.5,0.0,0.0,0.0,0.0,,2.05,0.0,0.0
2022-08-16,15.973,15.973,15.973,15.973,400,6389.200000000001,0.0,0.0,0.0,0.0,,2.05,0.0,0.0
2022-08-17,15.788,15.973,15.604,15.973,1600,25556.800000000003,0.0,0.0,0.0,0.0,,2.05,0.0,0.0
2022-08-18,15.927,16.065,15.927,15.927,3000,47781.0,0.0,0.0,0.0,0.0,,2.05,0.0,0.0
2022-08-19,15.927,16.389,15.927,16.389,19700,322863.3,0.0,0.0,0.0,0.0,,2.05,0.0,0.0
2022-08-22,15.973,15.973,15.973,15.973,10000,159730.0,0.0,0.0,0.0,0.0,,2.05,0.0,0.0
2022-08-23,15.973,15.973,15.973,15.973,10200,162924.6,0.0,0.0,0.0,0.0,,2.05,0.0,0.0
2022-08-24,15.973,15.973,15.973,15.973,0,0.0,0.0,0.0,0.0,0.0,,2.05,0.0,0.0
2022-08-25,15.511,16.342,14.958,16.342,3100,50660.2,0.0,0.0,0.0,0.0,,2.05,0.0,0.0
2022-08-26,16.342,16.342,16.342,16.342,0,0.0,0.0,0.0,0.0,0.0,,2.05,0.0,0.0
2022-08-29,16.342,16.342,16.342,16.342,0,0.0,0.0,0.0,0.0,0.0,,2.05,0.0,0.0
2022-08-30,16.019,16.065,16.019,16.019,9800,156986.19999999998,0.0,0.0,0.0,0.0,,2.05,0.0,0.0
2022-08-31,16.342,16.342,16.342,16.342,100,1634.1999999999998,0.0,0.0,0.0,0.0,,2.05,0.0,0.0
2022-09-05,16.342,16.389,16.342,16.389,1400,22944.6,0.0,0.0,0.0,0.0,,2.05,0.0,0.0
2022-09-06,16.619,16.619,16.619,16.619,1300,21604.7,0.0,0.0,0.0,0.0,,2.05,0.0,0.0
2022-09-07,15.558,15.558,15.511,15.511,2000,31022.0,0.0,0.0,0.0,0.0,,2.05,0.0,0.0
2022-09-08,15.373,16.527,15.373,16.527,1400,23137.800000000003,0.0,0.0,0.0,0.0,,2.05,0.0,0.0
2022-09-09,15.696,15.696,15.696,15.696,1700,26683.2,0.0,0.0,0.0,0.0,,2.05,0.0,0.0
2022-09-12,15.65,15.65,15.65,15.65,200,3130.0,0.0,0.0,0.0,0.0,,2.05,0.0,0.0
2022-09-13,15.511,15.511,15.234,15.234,4300,65506.2,500.0,0.0,10000.0,0.0,,2.05,0.01,0.0
2022-09-14,15.234,15.973,15.234,15.973,500,7986.5,0.0,0.0,0.0,0.0,,2.05,0.0,0.0
2022-09-15,15.234,15.234,15.234,15.234,1600,24374.4,0.0,0.0,0.0,0.0,,2.05,0.0,0.0
2022-09-16,15.234,15.234,15.234,15.234,0,0.0,0.0,0.0,0.0,0.0,,2.05,0.0,0.0
2022-09-19,14.865,14.865,14.219,14.219,5900,83892.09999999999,0.0,0.0,0.0,0.0,,2.05,0.0,0.0
2022-09-20,15.096,15.096,14.404,14.958,2300,34403.4,0.0,0.0,0.0,0.0,,2.05,0.0,0.0
2022-09-21,15.465,15.465,15.465,15.465,300,4639.5,0.0,0.0,0.0,0.0,,2.05,0.0,0.0
2022-09-22,15.65,15.65,15.465,15.465,5300,81964.5,0.0,500.0,0.0,10000.0,,2.05,0.0,0.01
2022-09-23,15.696,15.696,14.819,14.819,300,4445.7,0.0,0.0,0.0,0.0,,2.05,0.0,0.0
2022-09-26,14.311,14.311,14.311,14.311,100,1431.1,0.0,70.0,0.0,0.0,,2.05,0.0,0.0
2022-09-27,14.311,14.311,14.311,14.311,0,0.0,0.0,0.0,0.0,0.0,,2.05,0.0,0.0
2022-09-28,15.05,15.05,13.942,13.942,32000,446144.0,0.0,0.0,0.0,0.0,,2.05,0.0,0.0
2022-09-29,14.865,14.911,14.865,14.911,1100,16402.1,0.0,0.0,0.0,0.0,,2.05,0.0,0.0
2022-09-30,14.911,14.911,14.911,14.911,0,0.0,0.0,0.0,0.0,0.0,,2.05,0.0,0.0
2022-10-03,14.588,15.604,14.588,15.604,700,10922.8,0.0,0.0,0.0,0.0,,2.05,0.0,0.0
2022-10-04,15.604,15.604,14.588,15.465,3300,51034.5,0.0,0.0,0.0,0.0,,2.05,0.0,0.0
2022-10-05,15.788,15.788,15.696,15.696,11900,186782.4,1800.0,0.0,30000.0,0.0,,2.05,0.03,0.0
2022-10-06,15.234,15.465,14.681,15.465,3300,51034.5,0.0,0.0,0.0,0.0,,2.05,0.0,0.0
2022-10-07,15.465,15.465,15.465,15.465,0,0.0,0.0,0.0,0.0,0.0,,2.05,0.0,0.0
2022-10-10,14.404,15.373,14.404,15.373,1700,26134.1,0.0,0.0,0.0,0.0,,2.05,0.0,0.0
2022-10-11,14.45,15.142,14.404,15.142,3400,51482.8,0.0,0.0,0.0,0.0,,2.05,0.0,0.0
2022-10-12,14.173,14.727,14.127,14.727,800,11781.6,0.0,0.0,0.0,0.0,,2.05,0.0,0.0
2022-10-13,14.727,14.727,14.727,14.727,0,0.0,0.0,0.0,0.0,0.0,,2.05,0.0,0.0
2022-10-14,13.942,13.942,13.942,13.942,1000,13942.0,0.0,0.0,0.0,0.0,,2.05,0.0,0.0
2022-10-17,13.942,13.942,13.942,13.942,0,0.0,0.0,0.0,0.0,0.0,,2.05,0.0,0.0
2022-10-18,14.542,14.542,14.542,14.542,200,2908.4,0.0,0.0,0.0,0.0,,2.05,0.0,0.0
2022-10-19,14.542,14.542,14.542,14.542,0,0.0,0.0,0.0,0.0,0.0,,2.05,0.0,0.0
2022-10-20,14.542,14.542,14.542,14.542,0,0.0,0.0,0.0,0.0,0.0,,2.05,0.0,0.0
2022-10-21,13.665,14.588,13.665,14.588,200,2917.6,0.0,0.0,0.0,0.0,,2.05,0.0,0.0
2022-10-24,14.45,14.45,14.45,14.45,100,1445.0,0.0,0.0,0.0,0.0,,2.05,0.0,0.0
2022-10-25,14.404,14.45,13.573,13.573,16300,221239.9,0.0,0.0,0.0,0.0,,2.05,0.0,0.0
2022-10-26,13.065,14.404,12.972,14.404,2500,36010.0,0.0,0.0,0.0,0.0,,2.05,0.0,0.0
2022-10-27,14.311,14.311,13.48,14.219,400,5687.599999999999,0.0,0.0,0.0,0.0,,2.05,0.0,0.0
2022-10-28,13.48,14.219,13.48,14.219,3600,51188.4,0.0,0.0,0.0,0.0,,2.05,0.0,0.0
2022-10-31,13.526,13.85,13.296,13.85,2100,29085.0,0.0,0.0,0.0,0.0,,2.05,0.0,0.0
2022-11-01,14.127,14.127,14.127,14.127,100,1412.7,0.0,0.0,0.0,0.0,,2.05,0.0,0.0
2022-11-02,14.034,14.034,14.034,14.034,100,1403.4,0.0,0.0,0.0,0.0,,2.05,0.0,0.0
2022-11-03,14.034,14.034,14.034,14.034,0,0.0,0.0,0.0,0.0,0.0,,2.05,0.0,0.0
2022-11-04,13.896,13.896,13.896,13.896,100,1389.6,0.0,0.0,0.0,0.0,,2.05,0.0,0.0
2022-11-07,12.972,13.619,12.972,13.619,400,5447.6,0.0,0.0,0.0,0.0,,2.05,0.0,0.0
2022-11-08,13.573,13.573,13.573,13.573,100,1357.3,0.0,0.0,0.0,0.0,,2.05,0.0,0.0
2022-11-09,13.573,13.573,12.926,12.926,300,3877.8,0.0,0.0,0.0,0.0,,2.05,0.0,0.0
2022-11-10,12.926,12.926,12.88,12.88,1000,12880.0,0.0,0.0,0.0,0.0,,2.05,0.0,0.0
2022-11-11,12.834,12.834,12.834,12.834,100,1283.4,0.0,0.0,0.0,0.0,,2.05,0.0,0.0
2022-11-14,12.834,12.834,12.049,12.649,800,10119.2,0.0,0.0,0.0,0.0,,2.05,0.0,0.0
2022-11-15,11.818,12.465,11.772,12.465,300,3739.5,0.0,200.0,0.0,0.0,,2.05,0.0,0.0
2022-11-16,12.372,12.372,12.372,12.372,100,1237.2,0.0,0.0,0.0,0.0,,2.05,0.0,0.0
2022-11-17,12.372,12.88,12.372,12.88,300,3864.000000000001,0.0,0.0,0.0,0.0,,2.05,0.0,0.0
2022-11-18,12.095,12.88,12.003,12.88,600,7728.000000000001,0.0,0.0,0.0,0.0,,2.05,0.0,0.0
2022-11-21,12.788,12.788,12.788,12.788,100,1278.8,0.0,0.0,0.0,0.0,,2.05,0.0,0.0
2022-11-22,12.465,13.203,12.465,13.203,800,10562.4,0.0,0.0,0.0,0.0,,2.05,0.0,0.0
2022-11-23,12.926,13.711,12.926,13.711,300,4113.3,0.0,0.0,0.0,0.0,,2.05,0.0,0.0
2022-11-24,13.711,13.711,13.711,13.711,0,0.0,0.0,0.0,0.0,0.0,,2.05,0.0,0.0
2022-11-25,12.926,13.48,12.926,13.48,1300,17524.0,0.0,0.0,0.0,0.0,,2.05,0.0,0.0
2022-11-28,13.48,13.48,13.48,13.48,0,0.0,50.0,50.0,0.0,0.0,,2.05,0.0,0.0
2022-11-29,13.342,13.388,13.296,13.388,1900,25437.2,0.0,0.0,0.0,0.0,,2.05,0.0,0.0
2022-11-30,13.388,13.388,13.388,13.388,0,0.0,0.0,0.0,0.0,0.0,,2.05,0.0,0.0
2022-12-01,13.434,14.173,13.388,14.173,1500,21259.5,0.0,0.0,0.0,0.0,,2.05,0.0,0.0
2022-12-02,14.173,14.173,14.173,14.173,0,0.0,0.0,0.0,0.0,0.0,,2.05,0.0,0.0
2022-12-05,14.08,14.08,14.08,14.08,200,2816.0,0.0,0.0,0.0,0.0,,2.05,0.0,0.0
2022-12-06,13.434,13.573,13.388,13.573,900,12215.7,0.0,0.0,0.0,0.0,,2.05,0.0,0.0
2022-12-07,14.05,14.05,14.05,14.05,0,0.0,0.0,0.0,0.0,0.0,,2.05,0.0,0.0
2022-12-08,14.146,14.146,14.146,14.146,300,4243.8,0.0,0.0,0.0,0.0,,2.05,0.0,0.0
2022-12-09,14.146,14.146,14.146,14.146,0,0.0,0.0,0.0,0.0,0.0,,2.05,0.0,0.0
2022-12-12,14.146,14.146,14.146,14.146,0,0.0,0.0,0.0,0.0,0.0,,2.05,0.0,0.0
2022-12-13,14.146,14.146,14.146,14.146,200,2829.2000000000003,0.0,0.0,0.0,0.0,,2.05,0.0,0.0
2022-12-14,14.146,14.146,14.146,14.146,0,0.0,0.0,0.0,0.0,0.0,,2.05,0.0,0.0
2022-12-15,14.146,14.146,14.146,14.146,0,0.0,0.0,0.0,0.0,0.0,,2.05,0.0,0.0
2022-12-16,14.002,14.05,14.002,14.05,1200,16860.0,0.0,0.0,0.0,0.0,,2.05,0.0,0.0
2022-12-19,14.05,14.05,14.05,14.05,100,1405.0,0.0,0.0,0.0,0.0,,2.05,0.0,0.0
2022-12-20,14.05,14.05,14.05,14.05,0,0.0,0.0,0.0,0.0,0.0,,2.05,0.0,0.0
2022-12-21,14.05,14.05,14.05,14.05,0,0.0,0.0,0.0,0.0,0.0,,2.05,0.0,0.0
2022-12-22,14.05,14.05,14.05,14.05,0,0.0,0.0,0.0,0.0,0.0,,2.05,0.0,0.0
2022-12-23,13.955,13.955,13.381,13.381,300,4014.3,0.0,0.0,0.0,0.0,,2.05,0.0,0.0
2022-12-26,13.381,13.381,13.381,13.381,0,0.0,0.0,0.0,0.0,0.0,,2.05,0.0,0.0
2022-12-27,13.381,13.381,13.381,13.381,0,0.0,0.0,0.0,0.0,0.0,,2.05,0.0,0.0
2022-12-28,13.381,13.381,13.381,13.381,0,0.0,0.0,0.0,0.0,0.0,,2.05,0.0,0.0
2022-12-29,13.381,13.381,12.521,13.381,5400,72257.4,2010.0,0.0,30000.0,0.0,,2.05,0.03,0.0
2022-12-30,13.381,13.381,13.381,13.381,100,1338.1,0.0,0.0,0.0,0.0,,2.05,0.0,0.0
2023-01-03,13.381,13.381,13.381,13.381,0,0.0,0.0,0.0,0.0,0.0,,2.05,0.0,0.0
2023-01-04,13.381,13.381,13.381,13.381,500,6690.5,0.0,0.0,0.0,0.0,,2.05,0.0,0.0
2023-01-05,13.381,13.381,13.381,13.381,0,0.0,0.0,0.0,0.0,0.0,,2.05,0.0,0.0
2023-01-06,13.381,13.381,13.381,13.381,0,0.0,0.0,0.0,0.0,0.0,,2.05,0.0,0.0
2023-01-09,12.473,14.241,12.473,14.241,200,2848.2,0.0,0.0,0.0,0.0,,2.05,0.0,0.0
2023-01-10,14.241,14.241,14.241,14.241,0,0.0,0.0,0.0,0.0,0.0,,2.05,0.0,0.0
2023-01-11,14.146,14.146,13.333,13.333,200,2666.6,0.0,0.0,0.0,0.0,,2.05,0.0,0.0
2023-01-12,12.521,12.521,12.521,12.521,100,1252.1,0.0,0.0,0.0,0.0,,2.05,0.0,0.0
2023-01-13,13.286,13.286,13.286,13.286,100,1328.6,0.0,0.0,0.0,0.0,,2.05,0.0,0.0
2023-01-16,13.286,13.286,13.286,13.286,0,0.0,0.0,0.0,0.0,0.0,,2.05,0.0,0.0
2023-01-17,13.286,13.381,12.425,13.381,300,4014.3,0.0,0.0,0.0,0.0,,2.05,0.0,0.0
2023-01-18,13.381,13.381,13.381,13.381,0,0.0,0.0,0.0,0.0,0.0,,2.05,0.0,0.0
2023-01-19,13.907,13.907,13.907,13.907,100,1390.7,0.0,0.0,0.0,0.0,,2.05,0.0,0.0
2023-01-27,12.999,13.668,12.999,13.668,3200,43737.6,0.0,0.0,0.0,0.0,,2.05,0.0,0.0
2023-01-30,13.142,14.337,13.142,14.337,1100,15770.7,0.0,0.0,0.0,0.0,,2.05,0.0,0.0
2023-01-31,14.337,14.337,14.337,14.337,0,0.0,0.0,0.0,0.0,0.0,,2.05,0.0,0.0
2023-02-01,14.002,14.05,13.429,13.429,300,4028.7,200.0,0.0,0.0,0.0,,2.05,0.0,0.0
2023-02-02,13.429,13.429,13.429,13.429,0,0.0,0.0,0.0,0.0,0.0,,2.05,0.0,0.0
2023-02-03,13.381,13.381,13.381,13.381,100,1338.1,0.0,0.0,0.0,0.0,,2.05,0.0,0.0
2023-02-06,13.381,13.381,13.381,13.381,0,0.0,0.0,0.0,0.0,0.0,,2.05,0.0,0.0
2023-02-07,12.569,13.19,12.569,13.19,1800,23742.0,0.0,0.0,0.0,0.0,,2.05,0.0,0.0
2023-02-08,13.19,13.19,13.19,13.19,1800,23742.0,0.0,0.0,0.0,0.0,,2.05,0.0,0.0
2023-02-09,13.047,13.19,12.999,13.19,18700,246653.0,0.0,0.0,0.0,0.0,,2.05,0.0,0.0
2023-02-10,13.19,13.19,13.19,13.19,0,0.0,0.0,0.0,0.0,0.0,,2.05,0.0,0.0
2023-02-13,13.094,13.907,13.094,13.907,1100,15297.7,0.0,0.0,0.0,0.0,,2.05,0.0,0.0
2023-02-14,12.999,13.764,12.999,13.764,300,4129.2,0.0,0.0,0.0,0.0,,2.05,0.0,0.0
2023-02-15,13.764,13.764,13.764,13.764,0,0.0,0.0,0.0,0.0,0.0,,2.05,0.0,0.0
2023-02-16,12.856,13.716,12.856,13.716,1400,19202.4,0.0,0.0,0.0,0.0,,2.05,0.0,0.0
2023-02-17,13.716,13.716,13.716,13.716,0,0.0,0.0,0.0,0.0,0.0,,2.05,0.0,0.0
2023-02-20,13.716,13.716,13.716,13.716,0,0.0,0.0,0.0,0.0,0.0,,2.05,0.0,0.0
2023-02-21,13.716,13.716,13.716,13.716,0,0.0,0.0,0.0,0.0,0.0,,2.05,0.0,0.0
2023-02-22,12.76,14.624,12.76,14.337,23100,331184.7,0.0,0.0,0.0,0.0,,2.05,0.0,0.0
2023-02-23,14.337,14.337,14.337,14.337,0,0.0,0.0,0.0,0.0,0.0,,2.05,0.0,0.0
2023-02-24,13.333,13.333,13.333,13.333,300,3999.9,0.0,0.0,0.0,0.0,,2.05,0.0,0.0
2023-02-27,12.903,14.098,12.425,12.473,11200,139697.6,0.0,0.0,0.0,0.0,,2.05,0.0,0.0
2023-02-28,12.617,12.664,12.617,12.664,2200,27860.8,0.0,0.0,0.0,0.0,,2.05,0.0,0.0
2023-03-01,12.76,12.76,12.473,12.521,1500,18781.5,1300.0,0.0,20000.0,0.0,,2.05,0.02,0.0
2023-03-02,12.473,12.473,12.473,12.473,1200,14967.6,500.0,0.0,10000.0,0.0,,2.05,0.01,0.0
2023-03-03,12.856,12.856,12.856,12.856,1100,14141.6,0.0,0.0,0.0,0.0,,2.05,0.0,0.0
2023-03-06,12.856,12.856,12.856,12.856,0,0.0,0.0,0.0,0.0,0.0,,2.05,0.0,0.0
2023-03-07,12.903,12.903,12.903,12.903,600,7741.8,0.0,0.0,0.0,0.0,,2.05,0.0,0.0
2023-03-08,12.903,12.903,12.903,12.903,0,0.0,0.0,0.0,0.0,0.0,,2.05,0.0,0.0
2023-03-09,12.712,12.712,12.712,12.712,300,3813.6,0.0,0.0,0.0,0.0,,2.05,0.0,0.0
2023-03-10,12.712,12.712,12.473,12.473,1400,17462.2,1000.0,0.0,10000.0,0.0,,2.05,0.01,0.0
2023-03-13,11.613,11.9,11.613,11.9,600,7140.0,0.0,0.0,0.0,0.0,,2.05,0.0,0.0
2023-03-14,11.9,11.9,11.9,11.9,100,1190.0,0.0,0.0,0.0,0.0,,2.05,0.0,0.0
2023-03-15,12.378,12.378,12.091,12.091,200,2418.2,0.0,0.0,0.0,0.0,,2.05,0.0,0.0
2023-03-16,12.091,12.234,12.091,12.234,200,2446.8,0.0,0.0,0.0,0.0,,2.05,0.0,0.0
2023-03-17,12.234,12.234,12.234,12.234,0,0.0,0.0,0.0,0.0,0.0,,2.05,0.0,0.0
2023-03-20,12.234,12.234,12.234,12.234,0,0.0,0.0,0.0,0.0,0.0,,2.05,0.0,0.0
2023-03-21,12.234,12.234,12.234,12.234,0,0.0,0.0,0.0,0.0,0.0,,2.05,0.0,0.0
2023-03-22,12.234,12.234,12.043,12.043,1400,16860.2,1200.0,0.0,20000.0,0.0,,2.05,0.02,0.0
2023-03-23,11.948,11.948,11.948,11.948,2500,29870.0,0.0,0.0,0.0,0.0,,2.05,0.0,0.0
2023-03-24,11.948,11.948,11.948,11.948,0,0.0,0.0,0.0,0.0,0.0,,2.05,0.0,0.0
2023-03-27,11.948,11.948,11.948,11.948,0,0.0,0.0,0.0,0.0,0.0,,2.05,0.0,0.0
2023-03-28,12.043,12.043,12.043,12.043,200,2408.6,0.0,0.0,0.0,0.0,,2.05,0.0,0.0
2023-03-29,12.043,12.043,12.043,12.043,0,0.0,0.0,0.0,0.0,0.0,,2.05,0.0,0.0
2023-03-30,12.569,12.569,12.569,12.569,100,1256.9,0.0,0.0,0.0,0.0,,2.05,0.0,0.0
2023-03-31,13.333,13.333,13.333,13.333,100,1333.3,0.0,0.0,0.0,0.0,,2.05,0.0,0.0
2023-04-03,12.425,12.712,12.425,12.712,900,11440.8,100.0,0.0,0.0,0.0,,2.05,0.0,0.0
2023-04-04,12.33,12.33,12.33,12.33,100,1233.0,0.0,0.0,0.0,0.0,,2.05,0.0,0.0
2023-04-05,12.043,12.043,12.043,12.043,100,1204.3,0.0,0.0,0.0,0.0,,2.05,0.0,0.0
2023-04-06,12.091,12.091,12.043,12.091,5700,68918.7,1300.0,0.0,20000.0,0.0,,2.05,0.02,0.0
2023-04-07,12.76,12.76,12.76,12.76,100,1276.0,0.0,0.0,0.0,0.0,,2.05,0.0,0.0
2023-04-10,12.76,12.76,12.76,12.76,0,0.0,0.0,0.0,0.0,0.0,,2.05,0.0,0.0
2023-04-11,12.425,12.425,12.425,12.425,900,11182.5,0.0,0.0,0.0,0.0,,2.05,0.0,0.0
2023-04-12,12.425,12.425,12.425,12.425,0,0.0,0.0,0.0,0.0,0.0,,2.05,0.0,0.0
2023-04-13,12.139,12.617,11.995,12.617,2200,27757.4,1900.0,0.0,20000.0,0.0,,2.05,0.02,0.0
2023-04-14,12.139,12.139,12.043,12.043,200,2408.6,0.0,0.0,0.0,0.0,,2.05,0.0,0.0
2023-04-17,12.043,12.043,12.043,12.043,200,2408.6,0.0,0.0,0.0,0.0,,2.05,0.0,0.0
2023-04-18,12.043,12.043,12.043,12.043,0,0.0,0.0,0.0,0.0,0.0,,2.05,0.0,0.0
2023-04-19,12.043,12.043,12.043,12.043,0,0.0,0.0,0.0,0.0,0.0,,2.05,0.0,0.0
2023-04-20,12.043,12.043,12.043,12.043,0,0.0,0.0,0.0,0.0,0.0,,2.05,0.0,0.0
2023-04-21,12.33,12.33,12.33,12.33,400,4932.0,0.0,0.0,0.0,0.0,,2.05,0.0,0.0
2023-04-24,12.33,12.33,12.33,12.33,0,0.0,0.0,0.0,0.0,0.0,,2.05,0.0,0.0
2023-04-25,12.33,12.33,12.33,12.33,0,0.0,0.0,0.0,0.0,0.0,,2.05,0.0,0.0
2023-04-26,11.709,11.709,11.709,11.709,1100,12879.9,0.0,1100.0,0.0,10000.0,,2.05,0.0,0.01
2023-04-27,12.473,12.473,12.473,12.473,100,1247.3000000000002,0.0,0.0,0.0,0.0,,2.05,0.0,0.0
2023-04-28,12.473,12.473,12.473,12.473,0,0.0,0.0,0.0,0.0,0.0,,2.05,0.0,0.0
2023-05-04,12.473,12.473,11.661,11.661,2400,27986.4,1000.0,0.0,10000.0,0.0,,2.05,0.01,0.0
2023-05-05,11.661,11.661,11.661,11.661,0,0.0,0.0,0.0,0.0,0.0,,2.05,0.0,0.0
2023-05-08,11.948,11.948,11.661,11.948,3200,38233.6,0.0,0.0,0.0,0.0,,2.05,0.0,0.0
2023-05-09,11.709,11.709,11.661,11.661,2000,23322.0,0.0,0.0,0.0,0.0,,2.05,0.0,0.0
2023-05-10,11.661,11.661,11.661,11.661,0,0.0,0.0,0.0,0.0,0.0,,2.05,0.0,0.0
2023-05-11,11.661,11.661,11.661,11.661,0,0.0,0.0,0.0,0.0,0.0,,2.05,0.0,0.0
2023-05-12,11.661,11.661,11.661,11.661,0,0.0,0.0,0.0,0.0,0.0,,2.05,0.0,0.0
2023-05-15,12.234,12.234,11.948,11.995,1000,11995.0,0.0,0.0,0.0,0.0,,2.05,0.0,0.0
2023-05-16,11.995,11.995,11.995,11.995,0,0.0,0.0,0.0,0.0,0.0,,2.05,0.0,0.0
2023-05-17,11.995,11.995,11.995,11.995,0,0.0,0.0,0.0,0.0,0.0,,2.05,0.0,0.0
2023-05-18,11.995,11.995,11.995,11.995,0,0.0,0.0,0.0,0.0,0.0,,2.05,0.0,0.0
2023-05-19,12.378,12.378,12.378,12.378,100,1237.8,0.0,0.0,0.0,0.0,,2.05,0.0,0.0
2023-05-22,12.378,12.378,12.378,12.378,0,0.0,0.0,0.0,0.0,0.0,,2.05,0.0,0.0
2023-05-23,11.995,11.995,11.661,11.661,1400,16325.4,0.0,0.0,0.0,0.0,,2.05,0.0,0.0
2023-05-24,11.709,11.709,11.661,11.661,1600,18657.6,0.0,0.0,0.0,0.0,,2.05,0.0,0.0
2023-05-25,11.661,12.378,11.661,12.378,1200,14853.6,0.0,0.0,0.0,0.0,,2.05,0.0,0.0
2023-05-26,12.33,12.33,12.33,12.33,100,1233.0,0.0,0.0,0.0,0.0,,2.05,0.0,0.0
2023-05-29,12.378,12.425,12.378,12.425,500,6212.5,0.0,0.0,0.0,0.0,,2.05,0.0,0.0
2023-05-30,11.948,12.33,11.948,12.33,700,8631.0,0.0,0.0,0.0,0.0,,2.05,0.0,0.0
2023-05-31,12.33,12.33,12.33,12.33,0,0.0,0.0,0.0,0.0,0.0,,2.05,0.0,0.0
2023-06-01,12.33,13.142,12.33,13.142,800,10513.6,0.0,0.0,0.0,0.0,,2.05,0.0,0.0
2023-06-02,12.856,13.955,12.569,13.142,2300,30226.6,0.0,0.0,0.0,0.0,,2.05,0.0,0.0
2023-06-05,13.094,13.142,13.094,13.142,6200,81480.4,0.0,0.0,0.0,0.0,,2.05,0.0,0.0
2023-06-06,12.999,12.999,12.999,12.999,100,1299.9,0.0,0.0,0.0,0.0,,2.05,0.0,0.0
2023-06-07,12.999,12.999,12.999,12.999,1300,16898.7,0.0,0.0,0.0,0.0,,2.05,0.0,0.0
2023-06-08,13.716,13.716,13.286,13.381,33400,446925.4,0.0,0.0,0.0,0.0,,2.05,0.0,0.0
2023-06-09,13.477,13.477,13.381,13.381,4400,58876.4,0.0,0.0,0.0,0.0,,2.05,0.0,0.0
2023-06-12,13.811,13.811,13.811,13.811,100,1381.1,0.0,0.0,0.0,0.0,,2.05,0.0,0.0
2023-06-13,13.764,13.764,13.286,13.381,7700,103033.7,0.0,0.0,0.0,0.0,,2.05,0.0,0.0
2023-06-14,13.381,13.381,13.381,13.381,300,4014.3,0.0,0.0,0.0,0.0,,2.05,0.0,0.0
2023-06-15,13.811,13.811,13.811,13.811,100,1381.1,100.0,0.0,0.0,0.0,,2.05,0.0,0.0
2023-06-16,13.764,13.764,13.764,13.764,100,1376.4,0.0,0.0,0.0,0.0,,2.05,0.0,0.0
2023-06-19,13.764,13.764,13.764,13.764,0,0.0,0.0,0.0,0.0,0.0,,2.05,0.0,0.0
2023-06-20,14.002,14.002,14.002,14.002,1300,18202.6,0.0,0.0,0.0,0.0,,2.05,0.0,0.0
2023-06-21,14.002,14.002,14.002,14.002,0,0.0,0.0,0.0,0.0,0.0,,2.05,0.0,0.0
2023-06-22,14.433,14.433,13.381,13.381,2400,32114.4,0.0,0.0,0.0,0.0,,2.05,0.0,0.0
2023-06-23,13.381,13.381,13.381,13.381,100,1338.1,0.0,0.0,0.0,0.0,,2.05,0.0,0.0
2023-06-26,13.381,13.381,13.381,13.381,0,0.0,0.0,0.0,0.0,0.0,,2.05,0.0,0.0
2023-06-27,13.381,13.381,13.381,13.381,0,0.0,0.0,0.0,0.0,0.0,,2.05,0.0,0.0
2023-06-28,13.381,13.381,13.381,13.381,2000,26762.0,0.0,0.0,0.0,0.0,,2.05,0.0,0.0
2023-06-29,13.333,13.381,13.333,13.381,5500,73595.5,0.0,0.0,0.0,0.0,,2.05,0.0,0.0
2023-06-30,13.572,13.859,13.572,13.859,1500,20788.5,0.0,0.0,0.0,0.0,,2.05,0.0,0.0
2023-07-03,13.859,14.05,13.859,13.955,2300,32096.5,0.0,0.0,0.0,0.0,,2.05,0.0,0.0
2023-07-04,13.955,13.955,13.955,13.955,200,2791.0,0.0,0.0,0.0,0.0,,2.05,0.0,0.0
2023-07-05,13.955,13.955,13.955,13.955,0,0.0,0.0,0.0,0.0,0.0,,2.05,0.0,0.0
2023-07-06,13.955,13.955,13.955,13.955,100,1395.5,0.0,0.0,0.0,0.0,,2.05,0.0,0.0
2023-07-07,13.955,13.955,13.955,13.955,0,0.0,0.0,0.0,0.0,0.0,,2.05,0.0,0.0
2023-07-10,13.955,13.955,13.955,13.955,0,0.0,0.0,0.0,0.0,0.0,,2.05,0.0,0.0
2023-07-11,14.241,14.241,13.381,13.381,2200,29438.2,0.0,0.0,0.0,0.0,,2.05,0.0,0.0
2023-07-12,13.381,13.381,13.381,13.381,24700,330510.7,0.0,100.0,0.0,0.0,,2.05,0.0,0.0
2023-07-13,13.381,13.381,13.381,13.381,300,4014.3,0.0,0.0,0.0,0.0,,2.05,0.0,0.0
2023-07-14,13.381,13.381,13.19,13.19,900,11871.0,0.0,0.0,0.0,0.0,,2.05,0.0,0.0
2023-07-17,13.19,13.19,13.19,13.19,200,2638.0,0.0,0.0,0.0,0.0,,2.05,0.0,0.0
2023-07-18,12.521,13.19,12.33,13.19,1000,13190.0,0.0,0.0,0.0,0.0,,2.05,0.0,0.0
2023-07-19,13.094,13.094,13.047,13.047,300,3914.1,0.0,0.0,0.0,0.0,,2.05,0.0,0.0
2023-07-20,13.047,13.047,13.047,13.047,100,1304.7,0.0,0.0,0.0,0.0,,2.05,0.0,0.0
2023-07-21,12.999,12.999,12.999,12.999,100,1299.9,0.0,0.0,0.0,0.0,,2.05,0.0,0.0
2023-07-24,13.142,13.19,13.142,13.19,200,2638.0,0.0,0.0,0.0,0.0,,2.05,0.0,0.0
2023-07-25,13.19,13.19,13.19,13.19,200,2638.0,0.0,0.0,0.0,0.0,,2.05,0.0,0.0
2023-07-26,13.19,13.19,13.19,13.19,0,0.0,0.0,0.0,0.0,0.0,,2.05,0.0,0.0
2023-07-27,13.19,13.19,13.19,13.19,0,0.0,0.0,0.0,0.0,0.0,,2.05,0.0,0.0
2023-07-28,13.19,13.19,13.19,13.19,0,0.0,0.0,0.0,0.0,0.0,,2.05,0.0,0.0
2023-07-31,12.378,12.425,12.33,12.378,5000,61890.0,0.0,0.0,0.0,0.0,,2.05,0.0,0.0
2023-08-01,12.378,12.378,12.378,12.378,0,0.0,0.0,0.0,0.0,0.0,,2.05,0.0,0.0
2023-08-02,12.378,12.378,12.378,12.378,0,0.0,0.0,0.0,0.0,0.0,,2.05,0.0,0.0
2023-08-03,11.613,12.378,11.613,12.378,900,11140.2,0.0,0.0,0.0,0.0,,2.05,0.0,0.0
2023-08-04,13.19,13.238,12.425,12.425,1300,16152.500000000002,0.0,0.0,0.0,0.0,,2.05,0.0,0.0
2023-08-07,12.617,12.617,12.617,12.617,1000,12617.0,0.0,0.0,0.0,0.0,,2.05,0.0,0.0
2023-08-08,13.19,13.477,12.903,13.333,2200,29332.6,0.0,0.0,0.0,0.0,,2.05,0.0,0.0
2023-08-09,13.572,13.572,12.903,12.903,1700,21935.1,0.0,0.0,0.0,0.0,,2.05,0.0,0.0
2023-08-10,13.572,13.572,13.381,13.381,600,8028.6,0.0,0.0,0.0,0.0,,2.05,0.0,0.0
2023-08-11,13.477,13.572,13.333,13.572,2000,27144.0,0.0,0.0,0.0,0.0,,2.05,0.0,0.0
2023-08-14,13.572,13.572,13.572,13.572,1000,13572.0,0.0,0.0,0.0,0.0,,2.05,0.0,0.0
2023-08-15,13.572,13.572,12.712,12.808,900,11527.2,0.0,0.0,0.0,0.0,,2.05,0.0,0.0
2023-08-16,12.856,13.572,12.808,13.572,2600,35287.2,500.0,0.0,10000.0,0.0,,2.05,0.01,0.0
2023-08-17,13.572,13.572,13.572,13.572,0,0.0,0.0,0.0,0.0,0.0,,2.05,0.0,0.0
2023-08-18,13.525,13.525,13.429,13.477,300,4043.1,0.0,0.0,0.0,0.0,,2.05,0.0,0.0
2023-08-21,12.903,12.903,12.903,12.903,700,9032.1,0.0,500.0,0.0,10000.0,,2.05,0.0,0.01
2023-08-22,12.903,13.381,12.903,13.381,300,4014.3,0.0,0.0,0.0,0.0,,2.05,0.0,0.0
2023-08-23,12.473,13.381,12.473,13.381,1000,13381.0,0.0,0.0,0.0,0.0,,2.05,0.0,0.0
2023-08-24,13.381,13.381,13.381,13.381,100,1338.1,0.0,0.0,0.0,0.0,,2.05,0.0,0.0
2023-08-25,13.333,13.381,13.333,13.381,400,5352.4,0.0,0.0,0.0,0.0,,2.05,0.0,0.0
2023-08-28,13.525,13.525,13.477,13.525,2100,28402.5,0.0,0.0,0.0,0.0,,2.05,0.0,0.0
2023-08-29,13.525,13.525,13.525,13.525,0,0.0,0.0,0.0,0.0,0.0,,2.05,0.0,0.0
2023-08-30,14.337,14.433,14.337,14.337,1700,24372.9,0.0,0.0,0.0,0.0,,2.05,0.0,0.0
2023-08-31,13.429,14.289,13.381,13.859,27800,385280.2,0.0,0.0,0.0,0.0,,2.05,0.0,0.0
2023-09-05,13.381,13.668,12.903,13.668,4100,56038.8,0.0,0.0,0.0,0.0,,2.05,0.0,0.0
2023-09-06,13.572,13.572,13.572,13.572,200,2714.4,0.0,0.0,0.0,0.0,,2.05,0.0,0.0
2023-09-07,13.381,13.477,12.999,13.477,1300,17520.100000000002,0.0,0.0,0.0,0.0,,2.05,0.0,0.0
2023-09-08,13.094,13.094,13.047,13.047,1500,19570.5,0.0,0.0,0.0,0.0,,2.05,0.0,0.0
2023-09-11,12.569,13.047,12.569,13.047,1700,22179.9,0.0,0.0,0.0,0.0,,2.05,0.0,0.0
2023-09-12,13.094,13.094,12.903,13.094,400,5237.599999999999,0.0,0.0,0.0,0.0,,2.05,0.0,0.0
2023-09-13,12.903,12.903,12.903,12.903,600,7741.8,0.0,0.0,0.0,0.0,,2.05,0.0,0.0
2023-09-14,12.903,12.903,12.903,12.903,600,7741.8,0.0,0.0,0.0,0.0,,2.05,0.0,0.0
2023-09-15,12.903,12.903,12.903,12.903,0,0.0,0.0,0.0,0.0,0.0,,2.05,0.0,0.0
2023-09-18,12.903,12.903,12.903,12.903,0,0.0,0.0,0.0,0.0,0.0,,2.05,0.0,0.0
2023-09-19,12.999,12.999,12.999,12.999,600,7799.400000000001,0.0,0.0,0.0,0.0,,2.05,0.0,0.0
2023-09-20,12.808,12.808,12.808,12.808,500,6404.0,0.0,0.0,0.0,0.0,,2.05,0.0,0.0
2023-09-21,12.808,12.808,12.473,12.473,200,2494.6000000000004,0.0,0.0,0.0,0.0,,2.05,0.0,0.0
2023-09-22,12.473,12.473,12.043,12.473,500,6236.5,0.0,200.0,0.0,0.0,,2.05,0.0,0.0
2023-09-25,12.139,12.139,12.139,12.139,500,6069.5,0.0,0.0,0.0,0.0,,2.05,0.0,0.0
2023-09-26,12.043,12.043,11.948,11.948,3000,35844.0,0.0,0.0,0.0,0.0,,2.05,0.0,0.0
2023-09-27,11.948,11.948,11.948,11.948,1700,20311.6,0.0,0.0,0.0,0.0,,2.05,0.0,0.0
2023-09-28,11.948,11.948,11.948,11.948,0,0.0,0.0,0.0,0.0,0.0,,2.05,0.0,0.0
2023-09-29,11.565,11.565,11.565,11.565,100,1156.5,0.0,0.0,0.0,0.0,,2.05,0.0,0.0
2023-10-02,11.661,12.33,11.661,11.756,3600,42321.6,0.0,0.0,0.0,0.0,,2.05,0.0,0.0
2023-10-03,11.948,11.948,11.948,11.948,1000,11948.0,0.0,0.0,0.0,0.0,,2.05,0.0,0.0
2023-10-04,12.33,12.33,12.33,12.33,100,1233.0,0.0,0.0,0.0,0.0,,2.05,0.0,0.0
2023-10-05,12.33,12.33,12.33,12.33,0,0.0,0.0,0.0,0.0,0.0,,2.05,0.0,0.0
2023-10-06,12.33,12.33,12.33,12.33,0,0.0,0.0,0.0,0.0,0.0,,2.05,0.0,0.0
2023-10-09,12.33,12.33,12.33,12.33,0,0.0,0.0,0.0,0.0,0.0,,2.05,0.0,0.0
2023-10-10,11.565,12.999,11.47,12.999,2800,36397.2,0.0,2700.0,0.0,30000.0,,2.05,0.0,0.03
2023-10-11,12.999,12.999,12.999,12.999,0,0.0,0.0,0.0,0.0,0.0,,2.05,0.0,0.0
2023-10-12,12.091,12.091,12.091,12.091,2400,29018.4,0.0,0.0,0.0,0.0,,2.05,0.0,0.0
2023-10-13,12.091,12.091,12.091,12.091,0,0.0,0.0,0.0,0.0,0.0,,2.05,0.0,0.0
2023-10-16,12.091,12.091,12.091,12.091,0,0.0,0.0,0.0,0.0,0.0,,2.05,0.0,0.0
2023-10-17,12.091,12.091,12.091,12.091,0,0.0,0.0,0.0,0.0,0.0,,2.05,0.0,0.0
2023-10-18,12.712,12.903,12.712,12.856,17000,218552.0,0.0,0.0,0.0,0.0,,2.05,0.0,0.0
2023-10-19,12.856,13.19,12.856,13.19,700,9233.0,0.0,0.0,0.0,0.0,,2.05,0.0,0.0
2023-10-20,13.19,13.19,13.19,13.19,0,0.0,0.0,0.0,0.0,0.0,,2.05,0.0,0.0
2023-10-23,12.282,13.142,12.282,13.142,5800,76223.59999999999,0.0,0.0,0.0,0.0,,2.05,0.0,0.0
2023-10-24,12.234,13.094,12.234,13.094,200,2618.8,0.0,0.0,0.0,0.0,,2.05,0.0,0.0
2023-10-25,13.094,13.094,13.094,13.094,0,0.0,0.0,0.0,0.0,0.0,,2.05,0.0,0.0
2023-10-26,12.186,12.186,12.186,12.186,5000,60930.0,0.0,0.0,0.0,0.0,,2.05,0.0,0.0
2023-10-27,11.565,11.565,11.565,11.565,500,5782.5,0.0,0.0,0.0,0.0,,2.05,0.0,0.0
2023-10-30,11.47,12.234,10.801,10.801,6900,74526.9,0.0,0.0,0.0,0.0,,2.05,0.0,0.0
2023-10-31,11.517,11.517,11.517,11.517,100,1151.7,0.0,0.0,0.0,0.0,,2.05,0.0,0.0
2023-11-01,12.282,12.282,10.801,10.848,4200,45561.600000000006,1500.0,0.0,20000.0,0.0,,2.05,0.02,0.0
2023-11-02,11.422,11.422,11.374,11.374,300,3412.2000000000003,0.0,0.0,0.0,0.0,,2.05,0.0,0.0
2023-11-03,10.705,11.804,10.705,11.517,700,8061.9,0.0,0.0,0.0,0.0,,2.05,0.0,0.0
2023-11-06,11.517,11.9,11.517,11.9,300,3570.0,0.0,0.0,0.0,0.0,,2.05,0.0,0.0
2023-11-07,11.135,11.709,11.135,11.183,1200,13419.6,0.0,0.0,0.0,0.0,,2.05,0.0,0.0
2023-11-08,11.661,11.661,10.801,10.801,1400,15121.4,0.0,0.0,0.0,0.0,,2.05,0.0,0.0
2023-11-09,11.47,11.47,11.47,11.47,1500,17205.0,0.0,0.0,0.0,0.0,,2.05,0.0,0.0
2023-11-10,10.944,11.47,10.944,11.47,500,5735.0,0.0,200.0,0.0,0.0,,2.05,0.0,0.0
2023-11-13,11.47,11.47,11.47,11.47,400,4588.0,100.0,0.0,0.0,0.0,,2.05,0.0,0.0
2023-11-14,11.47,11.47,11.47,11.47,1600,18352.0,0.0,0.0,0.0,0.0,,2.05,0.0,0.0
2023-11-15,10.896,10.992,10.896,10.992,400,4396.8,0.0,0.0,0.0,0.0,,2.05,0.0,0.0
2023-11-16,10.992,10.992,10.992,10.992,5800,63753.600000000006,0.0,0.0,0.0,0.0,,2.05,0.0,0.0
2023-11-17,10.992,11.422,10.992,10.992,5500,60456.00000000001,0.0,0.0,0.0,0.0,,2.05,0.0,0.0
2023-11-20,10.992,10.992,10.992,10.992,5100,56059.2,0.0,0.0,0.0,0.0,,2.05,0.0,0.0
2023-11-21,10.992,10.992,10.992,10.992,300,3297.6000000000004,0.0,0.0,0.0,0.0,,2.05,0.0,0.0
2023-11-22,11.422,11.422,11.422,11.422,100,1142.2,0.0,0.0,0.0,0.0,,2.05,0.0,0.0
2023-11-23,11.422,11.422,11.422,11.422,0,0.0,0.0,0.0,0.0,0.0,,2.05,0.0,0.0
2023-11-24,11.422,11.422,11.422,11.422,0,0.0,0.0,0.0,0.0,0.0,,2.05,0.0,0.0
2023-11-27,10.896,11.087,10.705,10.705,4200,44961.0,0.0,3700.0,0.0,40000.0,,2.05,0.0,0.04
2023-11-28,10.896,10.896,10.896,10.896,2100,22881.6,0.0,2100.0,0.0,20000.0,,2.05,0.0,0.02
2023-11-29,10.896,10.896,10.896,10.896,0,0.0,0.0,0.0,0.0,0.0,,2.05,0.0,0.0
2023-11-30,10.37,11.231,10.227,10.801,1900,20521.9,0.0,0.0,0.0,0.0,,2.05,0.0,0.0
2023-12-01,10.801,10.801,10.801,10.801,100,1080.1,0.0,0.0,0.0,0.0,,2.05,0.0,0.0
2023-12-04,10.514,10.801,10.514,10.801,400,4320.4,0.0,0.0,0.0,0.0,,2.05,0.0,0.0
2023-12-05,10.753,10.753,10.753,10.753,100,1075.3,0.0,0.0,0.0,0.0,,2.05,0.0,0.0
2023-12-06,10.753,10.753,10.753,10.753,0,0.0,0.0,0.0,0.0,0.0,,2.05,0.0,0.0
2023-12-07,11.039,11.039,10.514,10.705,5300,56736.5,100.0,5000.0,0.0,60000.0,,2.05,0.0,0.06
2023-12-08,10.705,10.705,10.705,10.705,100,1070.5,0.0,0.0,0.0,0.0,,2.05,0.0,0.0
2023-12-11,10.896,10.896,10.896,10.896,100,1089.6,0.0,0.0,0.0,0.0,,2.05,0.0,0.0
2023-12-12,10.514,10.514,10.514,10.514,100,1051.4,0.0,0.0,0.0,0.0,,2.05,0.0,0.0
2023-12-13,10.514,10.514,10.514,10.514,200,2102.8,0.0,0.0,0.0,0.0,,2.05,0.0,0.0
2023-12-14,10.514,10.514,10.514,10.514,400,4205.599999999999,0.0,0.0,0.0,0.0,,2.05,0.0,0.0
2023-12-15,10.514,10.514,10.514,10.514,0,0.0,0.0,0.0,0.0,0.0,,2.05,0.0,0.0
2023-12-18,10.514,10.514,10.514,10.514,500,5257.0,0.0,0.0,0.0,0.0,,2.05,0.0,0.0
2023-12-19,10.514,10.514,10.514,10.514,100,1051.4,0.0,0.0,0.0,0.0,,2.05,0.0,0.0
2023-12-20,10.705,11.231,10.705,11.231,4200,47170.2,0.0,0.0,0.0,0.0,,2.05,0.0,0.0
2023-12-21,11.135,11.135,11.135,11.135,100,1113.5,0.0,0.0,0.0,0.0,,2.05,0.0,0.0
2023-12-22,11.183,11.183,11.183,11.183,300,3354.9,0.0,0.0,0.0,0.0,,2.05,0.0,0.0
2023-12-25,11.756,11.756,11.756,11.756,100,1175.6,0.0,0.0,0.0,0.0,,2.05,0.0,0.0
2023-12-26,11.756,11.756,11.756,11.756,0,0.0,0.0,0.0,0.0,0.0,,2.05,0.0,0.0
2023-12-27,11.756,11.756,11.756,11.756,0,0.0,0.0,0.0,0.0,0.0,,2.05,0.0,0.0
2023-12-28,11.948,11.948,11.948,11.948,100,1194.8,0.0,0.0,0.0,0.0,,2.05,0.0,0.0
2023-12-29,11.948,11.948,11.948,11.948,0,0.0,0.0,0.0,0.0,0.0,,2.05,0.0,0.0
2024-01-02,11.948,11.948,11.948,11.948,0,0.0,0.0,0.0,0.0,0.0,,2.05,0.0,0.0
2024-01-03,11.948,11.948,11.948,11.948,0,0.0,0.0,0.0,0.0,0.0,,2.05,0.0,0.0
2024-01-04,11.278,11.278,11.278,11.278,300,3383.4,0.0,0.0,0.0,0.0,,2.05,0.0,0.0
2024-01-05,10.609,11.756,10.609,11.756,600,7053.6,0.0,0.0,0.0,0.0,,2.05,0.0,0.0
2024-01-08,11.756,11.756,11.756,11.756,0,0.0,0.0,0.0,0.0,0.0,,2.05,0.0,0.0
2024-01-09,11.756,11.756,11.756,11.756,0,0.0,0.0,0.0,0.0,0.0,,2.05,0.0,0.0
2024-01-10,11.756,11.756,11.756,11.756,0,0.0,0.0,0.0,0.0,0.0,,2.05,0.0,0.0
2024-01-11,11.756,11.756,11.756,11.756,0,0.0,0.0,0.0,0.0,0.0,,2.05,0.0,0.0
2024-01-12,11.756,11.756,11.756,11.756,0,0.0,0.0,0.0,0.0,0.0,,2.05,0.0,0.0
2024-01-15,11.756,11.756,11.756,11.756,0,0.0,0.0,0.0,0.0,0.0,,2.05,0.0,0.0
2024-01-16,11.756,11.756,11.756,11.756,0,0.0,0.0,0.0,0.0,0.0,,2.05,0.0,0.0
2024-01-17,11.756,11.756,11.756,11.756,0,0.0,0.0,0.0,0.0,0.0,,2.05,0.0,0.0
2024-01-18,11.709,11.709,11.661,11.661,400,4664.4,0.0,0.0,0.0,0.0,,2.05,0.0,0.0
2024-01-19,10.848,11.661,10.848,11.661,500,5830.5,0.0,0.0,0.0,0.0,,2.05,0.0,0.0
2024-01-22,11.613,11.661,11.613,11.661,300,3498.3,0.0,0.0,0.0,0.0,,2.05,0.0,0.0
2024-01-23,11.661,11.661,11.661,11.661,0,0.0,0.0,0.0,0.0,0.0,,2.05,0.0,0.0
2024-01-24,11.087,11.087,11.087,11.087,800,8869.6,0.0,0.0,0.0,0.0,,2.05,0.0,0.0
2024-01-25,11.087,11.087,11.087,11.087,0,0.0,0.0,0.0,0.0,0.0,,2.05,0.0,0.0
2024-01-26,11.087,11.087,11.087,11.087,0,0.0,0.0,0.0,0.0,0.0,,2.05,0.0,0.0
2024-01-29,11.087,11.135,11.087,11.087,18200,201783.4,18100.0,0.0,210000.0,0.0,,2.05,0.21,0.0
2024-01-30,11.087,11.087,11.087,11.087,8400,93130.8,8400.0,0.0,100000.0,0.0,,2.05,0.1,0.0
2024-01-31,11.087,11.087,11.087,11.087,600,6652.2,600.0,0.0,10000.0,0.0,,2.05,0.01,0.0
2024-02-01,11.087,11.087,11.087,11.087,700,7760.9,0.0,0.0,0.0,0.0,,2.05,0.0,0.0
2024-02-02,11.087,11.278,11.087,11.278,300,3383.4,0.0,0.0,0.0,0.0,,2.05,0.0,0.0
2024-02-05,11.374,11.374,11.374,11.374,100,1137.4,0.0,0.0,0.0,0.0,,2.05,0.0,0.0
2024-02-06,11.756,11.756,11.756,11.756,200,2351.2,200.0,0.0,0.0,0.0,,2.05,0.0,0.0
2024-02-07,11.756,11.756,11.565,11.565,1500,17347.5,0.0,0.0,0.0,0.0,,2.05,0.0,0.0
2024-02-15,11.565,11.565,11.565,11.565,0,0.0,0.0,0.0,0.0,0.0,,2.05,0.0,0.0
2024-02-16,11.565,11.565,11.565,11.565,0,0.0,0.0,0.0,0.0,0.0,,2.05,0.0,0.0
2024-02-19,11.087,11.47,11.087,11.47,400,4588.0,0.0,0.0,0.0,0.0,,2.05,0.0,0.0
2024-02-20,11.087,11.087,10.992,10.992,2400,26380.800000000003,2200.0,0.0,30000.0,0.0,,2.05,0.03,0.0
2024-02-21,10.992,10.992,10.801,10.801,1200,12961.2,0.0,0.0,0.0,0.0,,2.05,0.0,0.0
2024-02-22,10.801,10.801,10.801,10.801,2300,24842.3,0.0,0.0,0.0,0.0,,2.05,0.0,0.0
2024-02-23,10.801,10.801,10.801,10.801,0,0.0,0.0,0.0,0.0,0.0,,2.05,0.0,0.0
2024-02-26,10.801,10.801,10.801,10.801,0,0.0,0.0,0.0,0.0,0.0,,2.05,0.0,0.0
2024-02-27,10.801,10.801,10.801,10.801,1100,11881.1,0.0,0.0,0.0,0.0,,2.05,0.0,0.0
2024-02-28,11.039,11.039,11.039,11.039,800,8831.199999999999,0.0,0.0,0.0,0.0,,2.05,0.0,0.0
2024-02-29,11.039,11.039,11.039,11.039,0,0.0,0.0,0.0,0.0,0.0,,2.05,0.0,0.0
2024-03-01,10.609,10.705,10.609,10.705,1000,10705.0,0.0,100.0,0.0,0.0,,2.05,0.0,0.0
2024-03-04,10.705,11.039,10.514,11.039,3700,40844.3,0.0,0.0,0.0,0.0,,2.05,0.0,0.0
2024-03-05,10.992,10.992,10.992,10.992,100,1099.2,0.0,0.0,0.0,0.0,,2.05,0.0,0.0
2024-03-06,10.992,10.992,10.992,10.992,0,0.0,0.0,0.0,0.0,0.0,,2.05,0.0,0.0
2024-03-07,10.466,10.992,10.466,10.944,600,6566.400000000001,0.0,0.0,0.0,0.0,,2.05,0.0,0.0
2024-03-08,10.418,10.418,10.418,10.418,1100,11459.8,0.0,0.0,0.0,0.0,,2.05,0.0,0.0
2024-03-11,10.753,10.753,10.753,10.753,100,1075.3,0.0,0.0,0.0,0.0,,2.05,0.0,0.0
2024-03-12,10.944,10.944,10.944,10.944,100,1094.4,0.0,0.0,0.0,0.0,,2.05,0.0,0.0
2024-03-13,10.514,10.801,10.514,10.801,600,6480.6,0.0,0.0,0.0,0.0,,2.05,0.0,0.0
2024-03-14,10.944,10.944,10.705,10.705,300,3211.5,0.0,0.0,0.0,0.0,,2.05,0.0,0.0
2024-03-15,10.705,10.705,10.705,10.705,900,9634.5,0.0,0.0,0.0,0.0,,2.05,0.0,0.0
2024-03-18,10.705,10.705,10.705,10.705,0,0.0,0.0,0.0,0.0,0.0,,2.05,0.0,0.0
2024-03-19,11.183,11.183,11.135,11.135,300,3340.5,0.0,0.0,0.0,0.0,,2.05,0.0,0.0
2024-03-20,11.135,11.135,11.135,11.135,0,0.0,0.0,0.0,0.0,0.0,,2.05,0.0,0.0
2024-03-21,11.422,11.422,10.37,10.705,16100,172350.5,0.0,0.0,0.0,0.0,,2.05,0.0,0.0
2024-03-22,10.705,10.896,10.705,10.705,2500,26762.5,1100.0,0.0,10000.0,0.0,,2.05,0.01,0.0
2024-03-25,10.705,10.705,10.705,10.705,0,0.0,0.0,0.0,0.0,0.0,,2.05,0.0,0.0
2024-03-26,10.323,10.323,10.323,10.323,900,9290.7,0.0,0.0,0.0,0.0,,2.05,0.0,0.0
2024-03-27,10.418,10.801,10.275,10.801,6900,74526.9,0.0,0.0,0.0,0.0,,2.05,0.0,0.0
2024-03-28,10.801,10.801,10.801,10.801,0,0.0,0.0,0.0,0.0,0.0,,2.05,0.0,0.0
2024-03-29,10.801,10.801,10.801,10.801,0,0.0,0.0,0.0,0.0,0.0,,2.05,0.0,0.0
2024-04-01,10.801,11.517,10.801,11.47,2400,27528.0,0.0,0.0,0.0,0.0,,2.05,0.0,0.0
2024-04-02,10.801,10.801,10.705,10.705,400,4282.0,0.0,0.0,0.0,0.0,,2.05,0.0,0.0
2024-04-03,10.705,10.705,10.275,10.323,3900,40259.7,0.0,0.0,0.0,0.0,,2.05,0.0,0.0
2024-04-04,10.37,11.039,10.37,10.514,1900,19976.6,0.0,0.0,0.0,0.0,,2.05,0.0,0.0
2024-04-05,11.183,11.183,10.609,10.609,1100,11669.9,0.0,0.0,0.0,0.0,,2.05,0.0,0.0
2024-04-08,10.609,10.609,10.609,10.609,0,0.0,0.0,0.0,0.0,0.0,,2.05,0.0,0.0
2024-04-09,10.609,10.705,10.609,10.705,2000,21410.0,0.0,0.0,0.0,0.0,,2.05,0.0,0.0
2024-04-10,10.705,10.848,10.705,10.801,500,5400.5,0.0,0.0,0.0,0.0,,2.05,0.0,0.0
2024-04-11,10.992,10.992,10.992,10.992,100,1099.2,0.0,30.0,0.0,0.0,,2.05,0.0,0.0
2024-04-12,10.992,10.992,10.896,10.896,600,6537.6,0.0,0.0,0.0,0.0,,2.05,0.0,0.0
2024-04-15,10.896,10.944,10.37,10.37,400,4148.0,0.0,0.0,0.0,0.0,,2.05,0.0,0.0
2024-04-16,10.992,10.992,10.992,10.992,100,1099.2,0.0,0.0,0.0,0.0,,2.05,0.0,0.0
2024-04-17,10.418,10.418,10.418,10.418,100,1041.8,0.0,0.0,0.0,0.0,,2.05,0.0,0.0
2024-04-19,10.37,11.087,9.749,10.514,17200,180840.8,0.0,0.0,0.0,0.0,,2.05,0.0,0.0
2024-04-22,10.801,10.801,10.801,10.801,1000,10801.0,0.0,0.0,0.0,0.0,,2.05,0.0,0.0
2024-04-23,10.801,10.896,10.801,10.896,5200,56659.2,0.0,0.0,0.0,0.0,,2.05,0.0,0.0
2024-04-24,10.896,10.896,10.896,10.896,100,1089.6,0.0,0.0,0.0,0.0,,2.05,0.0,0.0
2024-04-25,10.896,10.896,10.896,10.896,0,0.0,0.0,0.0,0.0,0.0,,2.05,0.0,0.0
2024-04-26,10.896,10.896,10.896,10.896,0,0.0,0.0,0.0,0.0,0.0,,2.05,0.0,0.0
2024-05-02,10.992,11.278,10.992,10.992,800,8793.6,700.0,0.0,10000.0,0.0,,2.05,0.01,0.0
2024-05-03,11.422,11.422,10.227,11.422,27000,308394.0,0.0,0.0,0.0,0.0,,2.05,0.0,0.0
2024-05-06,11.087,11.422,11.087,11.183,2100,23484.3,0.0,0.0,0.0,0.0,,2.05,0.0,0.0
2024-05-07,10.992,10.992,10.992,10.992,5000,54960.00000000001,0.0,0.0,0.0,0.0,,2.05,0.0,0.0
2024-05-08,10.992,10.992,10.992,10.992,0,0.0,0.0,0.0,0.0,0.0,,2.05,0.0,0.0
2024-05-09,10.992,10.992,10.992,10.992,0,0.0,0.0,0.0,0.0,0.0,,2.05,0.0,0.0
2024-05-10,10.992,10.992,10.992,10.992,0,0.0,0.0,0.0,0.0,0.0,,2.05,0.0,0.0
2024-05-13,10.418,10.418,10.418,10.418,200,2083.6,0.0,0.0,0.0,0.0,,2.05,0.0,0.0
2024-05-14,10.705,10.705,10.705,10.705,100,1070.5,0.0,0.0,0.0,0.0,,2.05,0.0,0.0
2024-05-15,11.039,11.039,11.039,11.039,100,1103.9,0.0,0.0,0.0,0.0,,2.05,0.0,0.0
2024-05-16,11.039,11.039,11.039,11.039,0,0.0,0.0,0.0,0.0,0.0,,2.05,0.0,0.0
2024-05-17,10.992,11.804,10.514,11.804,800,9443.2,0.0,0.0,0.0,0.0,,2.05,0.0,0.0
2024-05-20,11.183,11.183,10.992,11.183,3200,35785.6,0.0,0.0,0.0,0.0,,2.05,0.0,0.0
2024-05-21,10.466,10.562,10.466,10.562,200,2112.4,0.0,0.0,0.0,0.0,,2.05,0.0,0.0
2024-05-22,10.466,10.514,10.466,10.514,2600,27336.4,0.0,100.0,0.0,0.0,,2.05,0.0,0.0
2024-05-23,10.418,10.562,9.845,10.562,4300,45416.6,0.0,0.0,0.0,0.0,,2.05,0.0,0.0
2024-05-24,10.514,10.705,10.37,10.37,4500,46665.0,0.0,0.0,0.0,0.0,,2.05,0.0,0.0
2024-05-27,10.37,10.37,10.37,10.37,0,0.0,0.0,0.0,0.0,0.0,,2.05,0.0,0.0
2024-05-28,10.37,10.37,10.37,10.37,0,0.0,0.0,0.0,0.0,0.0,,2.05,0.0,0.0
2024-05-29,10.37,10.37,10.37,10.37,0,0.0,0.0,0.0,0.0,0.0,,2.05,0.0,0.0
2024-05-30,11.087,11.087,10.992,10.992,3000,32976.0,0.0,0.0,0.0,0.0,,2.05,0.0,0.0
2024-05-31,11.087,11.087,11.087,11.087,100,1108.7,0.0,0.0,0.0,0.0,,2.05,0.0,0.0
2024-06-03,11.087,11.087,11.087,11.087,0,0.0,0.0,0.0,0.0,0.0,,2.05,0.0,0.0
2024-06-04,11.087,11.087,11.087,11.087,900,9978.3,0.0,0.0,0.0,0.0,,2.05,0.0,0.0
2024-06-05,11.087,11.087,11.087,11.087,0,0.0,0.0,0.0,0.0,0.0,,2.05,0.0,0.0
2024-06-06,11.087,11.087,11.087,11.087,3600,39913.2,0.0,0.0,0.0,0.0,,2.05,0.0,0.0
2024-06-07,11.087,11.087,11.087,11.087,0,0.0,0.0,0.0,0.0,0.0,,2.05,0.0,0.0
2024-06-10,11.087,11.087,11.087,11.087,0,0.0,0.0,0.0,0.0,0.0,,2.05,0.0,0.0
2024-06-11,10.992,11.278,10.992,11.087,1000,11087.0,0.0,0.0,0.0,0.0,,2.05,0.0,0.0
2024-06-12,11.087,11.087,11.087,11.087,0,0.0,0.0,0.0,0.0,0.0,,2.05,0.0,0.0
2024-06-13,10.705,10.705,10.514,10.514,700,7359.799999999999,0.0,0.0,0.0,0.0,,2.05,0.0,0.0
2024-06-14,10.514,10.514,10.514,10.514,0,0.0,0.0,0.0,0.0,0.0,,2.05,0.0,0.0
2024-06-17,10.992,10.992,10.896,10.896,200,2179.2000000000003,0.0,0.0,0.0,0.0,,2.05,0.0,0.0
2024-06-18,10.896,10.896,10.896,10.896,0,0.0,0.0,0.0,0.0,0.0,,2.05,0.0,0.0
2024-06-19,10.896,10.896,10.896,10.896,0,0.0,0.0,0.0,0.0,0.0,,2.05,0.0,0.0
2024-06-20,10.896,10.896,10.896,10.896,0,0.0,0.0,0.0,0.0,0.0,,2.05,0.0,0.0
2024-06-21,11.087,11.087,10.227,10.418,2200,22919.6,0.0,0.0,0.0,0.0,,2.05,0.0,0.0
2024-06-24,10.705,10.705,10.705,10.705,1000,10705.0,0.0,0.0,0.0,0.0,,2.05,0.0,0.0
2024-06-25,10.705,10.705,10.705,10.705,0,0.0,0.0,0.0,0.0,0.0,,2.05,0.0,0.0
2024-06-26,10.705,10.705,10.705,10.705,600,6423.0,0.0,0.0,0.0,0.0,,2.05,0.0,0.0
2024-06-27,10.705,10.705,10.705,10.705,100,1070.5,0.0,0.0,0.0,0.0,,2.05,0.0,0.0
2024-06-28,10.992,10.992,10.323,10.323,2700,27872.1,0.0,0.0,0.0,0.0,,2.05,0.0,0.0
2024-07-01,10.514,10.992,10.514,10.992,200,2198.4,0.0,0.0,0.0,0.0,,2.05,0.0,0.0
2024-07-02,10.992,10.992,10.992,10.992,100,1099.2,0.0,0.0,0.0,0.0,,2.05,0.0,0.0
2024-07-03,10.992,10.992,10.992,10.992,0,0.0,0.0,0.0,0.0,0.0,,2.05,0.0,0.0
2024-07-04,10.944,10.944,10.896,10.896,900,9806.4,0.0,0.0,0.0,0.0,,2.05,0.0,0.0
2024-07-05,10.896,10.896,10.896,10.896,0,0.0,0.0,0.0,0.0,0.0,,2.05,0.0,0.0
2024-07-08,10.514,10.514,10.37,10.37,700,7258.999999999999,0.0,0.0,0.0,0.0,,2.05,0.0,0.0
2024-07-09,10.418,10.514,10.418,10.514,400,4205.599999999999,0.0,0.0,0.0,0.0,,2.05,0.0,0.0
2024-07-10,10.705,10.705,10.705,10.705,1000,10705.0,0.0,0.0,0.0,0.0,,2.05,0.0,0.0
2024-07-11,10.705,10.705,10.705,10.705,300,3211.5,0.0,0.0,0.0,0.0,,2.05,0.0,0.0
2024-07-12,10.705,10.705,10.609,10.609,3200,33948.8,0.0,0.0,0.0,0.0,,2.05,0.0,0.0
2024-07-15,10.609,10.609,10.609,10.609,500,5304.5,0.0,0.0,0.0,0.0,,2.05,0.0,0.0
2024-07-16,10.705,10.896,10.609,10.609,2800,29705.2,0.0,0.0,0.0,0.0,,2.05,0.0,0.0
2024-07-17,10.514,10.514,10.514,10.514,500,5257.0,0.0,0.0,0.0,0.0,,2.05,0.0,0.0
2024-07-18,10.514,10.514,10.514,10.514,300,3154.2,0.0,0.0,0.0,0.0,,2.05,0.0,0.0
2024-07-19,10.705,10.705,10.705,10.705,2000,21410.0,0.0,0.0,0.0,0.0,,2.05,0.0,0.0
2024-07-22,10.801,10.801,10.705,10.705,3400,36397.0,0.0,0.0,0.0,0.0,,2.05,0.0,0.0
2024-07-23,10.801,10.801,10.609,10.801,35900,387755.9,0.0,0.0,0.0,0.0,,2.05,0.0,0.0
2024-07-24,10.801,10.801,10.801,10.801,8900,96128.9,0.0,0.0,0.0,0.0,,2.05,0.0,0.0
2024-07-25,10.801,10.992,10.801,10.992,2700,29678.4,0.0,0.0,0.0,0.0,,2.05,0.0,0.0
2024-07-26,10.992,10.992,10.992,10.992,0,0.0,0.0,0.0,0.0,0.0,,2.05,0.0,0.0
2024-07-29,10.801,10.801,10.801,10.801,100,1080.1,0.0,0.0,0.0,0.0,,2.05,0.0,0.0
2024-07-30,10.801,10.801,10.801,10.801,0,0.0,0.0,0.0,0.0,0.0,,2.05,0.0,0.0
2024-07-31,10.801,10.801,10.801,10.801,0,0.0,0.0,0.0,0.0,0.0,,2.05,0.0,0.0
2024-08-01,10.801,10.801,10.801,10.801,23100,249503.1,0.0,0.0,0.0,0.0,,2.05,0.0,0.0
2024-08-02,10.801,11.517,10.131,11.517,2900,33399.3,0.0,0.0,0.0,0.0,,2.05,0.0,0.0
2024-08-05,10.801,10.801,10.801,10.801,100,1080.1,0.0,0.0,0.0,0.0,,2.05,0.0,0.0
2024-08-06,10.801,10.801,10.801,10.801,2600,28082.6,0.0,0.0,0.0,0.0,,2.05,0.0,0.0
2024-08-07,10.801,10.801,10.801,10.801,2000,21602.0,0.0,0.0,0.0,0.0,,2.05,0.0,0.0
2024-08-08,10.801,10.801,10.801,10.801,3000,32403.0,0.0,0.0,0.0,0.0,,2.05,0.0,0.0
2024-08-09,10.801,10.801,10.801,10.801,500,5400.5,0.0,0.0,0.0,0.0,,2.05,0.0,0.0
2024-08-12,10.801,10.801,10.801,10.801,0,0.0,0.0,0.0,0.0,0.0,,2.05,0.0,0.0
2024-08-13,10.753,10.753,10.753,10.753,700,7527.1,0.0,0.0,0.0,0.0,,2.05,0.0,0.0
2024-08-14,10.801,10.801,10.801,10.801,100,1080.1,0.0,0.0,0.0,0.0,,2.05,0.0,0.0
2024-08-15,10.801,10.801,10.801,10.801,0,0.0,0.0,0.0,0.0,0.0,,2.05,0.0,0.0
2024-08-16,10.705,10.705,10.705,10.705,1200,12846.0,0.0,0.0,0.0,0.0,,2.05,0.0,0.0
2024-08-19,10.705,10.705,10.705,10.705,0,0.0,0.0,0.0,0.0,0.0,,2.05,0.0,0.0
2024-08-20,10.705,10.705,10.705,10.705,0,0.0,0.0,0.0,0.0,0.0,,2.05,0.0,0.0
2024-08-21,10.705,10.705,10.705,10.705,2400,25692.0,500.0,0.0,10000.0,0.0,,2.05,0.01,0.0
2024-08-22,10.705,10.705,10.705,10.705,100,1070.5,0.0,0.0,0.0,0.0,,2.05,0.0,0.0
2024-08-23,10.705,10.753,10.705,10.753,4100,44087.3,0.0,0.0,0.0,0.0,,2.05,0.0,0.0
2024-08-26,10.705,10.753,10.705,10.753,2200,23656.6,0.0,0.0,0.0,0.0,,2.05,0.0,0.0
2024-08-27,10.753,10.753,10.227,10.227,2100,21476.7,0.0,0.0,0.0,0.0,,2.05,0.0,0.0
2024-08-28,10.896,10.896,10.896,10.896,9400,102422.4,0.0,0.0,0.0,0.0,,2.05,0.0,0.0
2024-08-29,11.613,11.613,11.087,11.565,2800,32382.0,0.0,0.0,0.0,0.0,,2.05,0.0,0.0
2024-08-30,12.234,12.234,11.087,11.087,500,5543.5,0.0,0.0,0.0,0.0,,2.05,0.0,0.0
2024-09-04,10.323,10.323,10.323,10.323,200,2064.6,0.0,0.0,0.0,0.0,,2.05,0.0,0.0
2024-09-05,10.418,10.418,10.418,10.418,1100,11459.8,0.0,0.0,0.0,0.0,,2.05,0.0,0.0
2024-09-06,9.893,10.705,9.893,10.657,400,4262.8,0.0,0.0,0.0,0.0,,2.05,0.0,0.0
2024-09-09,10.657,10.657,10.657,10.657,0,0.0,0.0,0.0,0.0,0.0,,2.05,0.0,0.0
2024-09-10,10.227,10.227,10.227,10.227,100,1022.7,0.0,0.0,0.0,0.0,,2.05,0.0,0.0
2024-09-11,10.227,10.227,10.227,10.227,3000,30681.0,0.0,0.0,0.0,0.0,,2.05,0.0,0.0
2024-09-12,9.845,10.848,9.845,10.848,1300,14102.4,0.0,0.0,0.0,0.0,,2.05,0.0,0.0
2024-09-13,10.848,10.944,10.848,10.944,500,5472.0,0.0,0.0,0.0,0.0,,2.05,0.0,0.0
2024-09-16,10.944,10.944,10.944,10.944,0,0.0,0.0,0.0,0.0,0.0,,2.05,0.0,0.0
2024-09-17,10.944,10.944,10.944,10.944,0,0.0,0.0,0.0,0.0,0.0,,2.05,0.0,0.0
2024-09-18,10.944,10.944,10.944,10.944,100,1094.4,0.0,0.0,0.0,0.0,,2.05,0.0,0.0
2024-09-19,10.944,10.944,10.944,10.944,0,0.0,0.0,0.0,0.0,0.0,,2.05,0.0,0.0
2024-09-20,10.944,10.944,10.944,10.944,0,0.0,0.0,0.0,0.0,0.0,,2.05,0.0,0.0
2024-09-23,10.323,10.323,10.323,10.323,100,1032.3,0.0,0.0,0.0,0.0,,2.05,0.0,0.0
2024-09-24,10.896,10.896,10.896,10.896,100,1089.6,0.0,0.0,0.0,0.0,,2.05,0.0,0.0
2024-09-25,10.896,10.896,10.896,10.896,0,0.0,0.0,0.0,0.0,0.0,,2.05,0.0,0.0
2024-09-26,10.896,10.896,10.896,10.896,0,0.0,0.0,0.0,0.0,0.0,,2.05,0.0,0.0
2024-09-27,10.896,10.896,10.896,10.896,0,0.0,0.0,0.0,0.0,0.0,,2.05,0.0,0.0
2024-09-30,10.227,10.227,10.227,10.227,100,1022.7,0.0,0.0,0.0,0.0,,2.05,0.0,0.0
2024-10-01,10.227,10.227,10.227,10.227,0,0.0,0.0,0.0,0.0,0.0,,2.05,0.0,0.0
2024-10-02,10.227,10.227,10.227,10.227,0,0.0,0.0,0.0,0.0,0.0,,2.05,0.0,0.0
2024-10-03,10.227,10.227,10.227,10.227,2000,20454.0,100.0,0.0,0.0,0.0,,2.05,0.0,0.0
2024-10-04,10.227,10.227,10.227,10.227,7900,80793.3,0.0,0.0,0.0,0.0,,2.05,0.0,0.0
2024-10-07,10.227,10.227,10.227,10.227,0,0.0,0.0,0.0,0.0,0.0,,2.05,0.0,0.0
2024-10-08,10.227,10.227,10.227,10.227,0,0.0,0.0,0.0,0.0,0.0,,2.05,0.0,0.0
2024-10-09,10.227,10.227,10.227,10.227,100,1022.7,0.0,0.0,0.0,0.0,,2.05,0.0,0.0
2024-10-10,10.227,10.227,10.227,10.227,0,0.0,0.0,0.0,0.0,0.0,,2.05,0.0,0.0
2024-10-11,10.036,10.227,10.036,10.227,200,2045.4,0.0,0.0,0.0,0.0,,2.05,0.0,0.0
2024-10-14,10.801,10.801,10.801,10.801,100,1080.1,0.0,0.0,0.0,0.0,,2.05,0.0,0.0
2024-10-15,10.801,10.801,10.801,10.801,0,0.0,0.0,0.0,0.0,0.0,,2.05,0.0,0.0
2024-10-16,10.801,10.801,10.801,10.801,0,0.0,0.0,0.0,0.0,0.0,,2.05,0.0,0.0
2024-10-17,10.705,10.705,10.705,10.705,300,3211.5,0.0,0.0,0.0,0.0,,2.05,0.0,0.0
2024-10-18,10.801,10.801,10.801,10.801,100,1080.1,0.0,0.0,0.0,0.0,,2.05,0.0,0.0
2024-10-21,10.801,10.801,10.801,10.801,100,1080.1,0.0,0.0,0.0,0.0,,2.05,0.0,0.0
2024-10-22,10.705,10.705,10.705,10.705,100,1070.5,0.0,0.0,0.0,0.0,,2.05,0.0,0.0
2024-10-23,10.705,10.705,10.609,10.609,200,2121.8,0.0,0.0,0.0,0.0,,2.05,0.0,0.0
2024-10-24,10.609,10.609,10.609,10.609,0,0.0,0.0,0.0,0.0,0.0,,2.05,0.0,0.0
2024-10-25,10.609,10.609,10.609,10.609,0,0.0,0.0,0.0,0.0,0.0,,2.05,0.0,0.0
2024-10-28,10.705,10.705,10.705,10.705,100,1070.5,100.0,0.0,0.0,0.0,,2.05,0.0,0.0
2024-10-29,10.705,10.705,10.705,10.705,200,2141.0,0.0,0.0,0.0,0.0,,2.05,0.0,0.0
2024-10-30,10.705,10.705,10.705,10.705,0,0.0,0.0,0.0,0.0,0.0,,2.05,0.0,0.0
2024-10-31,10.705,10.705,10.705,10.705,0,0.0,0.0,0.0,0.0,0.0,,2.05,0.0,0.0
2024-11-01,10.514,10.514,10.514,10.514,100,1051.4,0.0,0.0,0.0,0.0,,2.05,0.0,0.0
2024-11-04,10.514,10.514,10.514,10.514,0,0.0,0.0,0.0,0.0,0.0,,2.05,0.0,0.0
2024-11-05,10.514,10.514,10.514,10.514,0,0.0,0.0,0.0,0.0,0.0,,2.05,0.0,0.0
2024-11-06,10.514,10.514,10.514,10.514,0,0.0,0.0,0.0,0.0,0.0,,2.05,0.0,0.0
2024-11-07,10.036,10.801,9.797,10.801,300,3240.3,0.0,200.0,0.0,0.0,,2.05,0.0,0.0
2024-11-08,10.131,10.131,10.131,10.131,1300,13170.3,0.0,0.0,0.0,0.0,,2.05,0.0,0.0
2024-11-11,10.131,10.131,10.131,10.131,1000,10131.0,0.0,0.0,0.0,0.0,,2.05,0.0,0.0
2024-11-12,10.131,10.131,10.131,10.131,0,0.0,0.0,0.0,0.0,0.0,,2.05,0.0,0.0
2024-11-13,10.131,10.131,10.131,10.131,100,1013.1,0.0,0.0,0.0,0.0,,2.05,0.0,0.0
2024-11-14,10.131,10.131,10.131,10.131,300,3039.3,0.0,0.0,0.0,0.0,,2.05,0.0,0.0
2024-11-15,10.131,10.131,10.131,10.131,0,0.0,0.0,0.0,0.0,0.0,,2.05,0.0,0.0
2024-11-18,10.179,10.179,10.179,10.179,100,1017.9,0.0,0.0,0.0,0.0,,2.05,0.0,0.0
2024-11-19,10.179,10.179,10.179,10.179,0,0.0,0.0,0.0,0.0,0.0,,2.05,0.0,0.0
2024-11-20,10.705,10.705,10.705,10.705,100,1070.5,0.0,0.0,0.0,0.0,,2.05,0.0,0.0
2024-11-21,10.705,10.705,10.705,10.705,0,0.0,0.0,0.0,0.0,0.0,,2.05,0.0,0.0
2024-11-22,10.705,10.705,10.705,10.705,0,0.0,0.0,0.0,0.0,0.0,,2.05,0.0,0.0
2024-11-25,10.705,10.705,10.705,10.705,100,1070.5,0.0,0.0,0.0,0.0,,2.05,0.0,0.0
2024-11-26,10.514,10.514,10.514,10.514,500,5257.0,0.0,0.0,0.0,0.0,,2.05,0.0,0.0
2024-11-27,10.514,10.514,10.514,10.514,0,0.0,0.0,0.0,0.0,0.0,,2.05,0.0,0.0
2024-11-28,10.514,10.514,10.514,10.514,3000,31542.0,0.0,0.0,0.0,0.0,,2.05,0.0,0.0
2024-11-29,10.514,10.514,10.514,10.514,0,0.0,0.0,0.0,0.0,0.0,,2.05,0.0,0.0
2024-12-02,10.514,10.514,10.514,10.514,0,0.0,0.0,0.0,0.0,0.0,,2.05,0.0,0.0
2024-12-03,10.992,10.992,10.992,10.992,1200,13190.4,0.0,0.0,0.0,0.0,,2.05,0.0,0.0
2024-12-04,10.801,10.801,10.801,10.801,900,9720.9,0.0,0.0,0.0,0.0,,2.05,0.0,0.0
2024-12-05,10.131,10.801,10.131,10.801,3000,32403.0,0.0,0.0,0.0,0.0,,2.05,0.0,0.0
2024-12-06,11.3,11.3,11.3,11.3,0,0.0,0.0,0.0,0.0,0.0,,2.05,0.0,0.0
2024-12-09,10.8,10.8,10.8,10.8,0,0.0,0.0,0.0,0.0,0.0,,2.05,0.0,0.0
2024-12-10,10.8,10.8,10.8,10.8,0,0.0,0.0,0.0,0.0,0.0,,2.05,0.0,0.0
2024-12-11,10.8,10.8,10.8,10.8,0,0.0,0.0,0.0,0.0,0.0,,2.05,0.0,0.0
2024-12-12,10.8,10.8,10.8,10.8,0,0.0,0.0,0.0,0.0,0.0,,2.05,0.0,0.0
2024-12-13,10.15,11.3,10.15,11.3,300,3390.0,0.0,0.0,0.0,0.0,,2.05,0.0,0.0
2024-12-16,11.0,11.0,11.0,11.0,100,1100.0,0.0,0.0,0.0,0.0,,2.05,0.0,0.0
2024-12-17,11.0,11.0,11.0,11.0,100,1100.0,0.0,0.0,0.0,0.0,,2.05,0.0,0.0
2024-12-18,11.0,11.0,11.0,11.0,0,0.0,0.0,0.0,0.0,0.0,,2.05,0.0,0.0
2024-12-19,10.5,11.0,10.5,11.0,1100,12100.0,0.0,0.0,0.0,0.0,,2.05,0.0,0.0
2024-12-20,11.0,11.0,11.0,11.0,2000,22000.0,0.0,0.0,0.0,0.0,,2.05,0.0,0.0
2024-12-23,11.0,11.0,11.0,11.0,1000,11000.0,0.0,0.0,0.0,0.0,,2.05,0.0,0.0
2024-12-24,11.0,11.55,11.0,11.55,7300,84315.0,0.0,0.0,0.0,0.0,,2.05,0.0,0.0
2024-12-25,11.7,11.8,11.7,11.8,4500,53100.0,0.0,0.0,0.0,0.0,,2.05,0.0,0.0
2024-12-26,12.0,12.55,11.0,12.45,6200,77190.0,0.0,0.0,0.0,0.0,,2.05,0.0,0.0
2024-12-27,11.6,11.6,11.6,11.6,200,2320.0,0.0,0.0,0.0,0.0,,2.05,0.0,0.0
2024-12-30,10.9,12.0,10.8,12.0,7100,85200.0,0.0,0.0,0.0,0.0,,2.05,0.0,0.0
2024-12-31,11.3,11.3,11.2,11.2,300,3360.0,0.0,0.0,0.0,0.0,,2.05,0.0,0.0
2025-01-02,10.7,10.7,10.55,10.6,3100,32860.0,0.0,0.0,0.0,0.0,,2.05,0.0,0.0
2025-01-03,11.05,11.05,11.05,11.05,100,1105.0,0.0,0.0,0.0,0.0,,2.05,0.0,0.0
2025-01-06,10.95,11.1,10.95,11.0,6300,69300.0,0.0,0.0,0.0,0.0,,2.05,0.0,0.0
2025-01-07,11.0,11.5,11.0,11.5,4200,48300.0,0.0,0.0,0.0,0.0,,2.05,0.0,0.0
2025-01-08,11.5,11.5,11.5,11.5,0,0.0,0.0,0.0,0.0,0.0,,2.05,0.0,0.0
2025-01-09,11.8,11.8,11.8,11.8,100,1180.0,0.0,0.0,0.0,0.0,,2.05,0.0,0.0
2025-01-10,11.8,11.8,11.8,11.8,0,0.0,0.0,0.0,0.0,0.0,,2.05,0.0,0.0
2025-01-13,11.8,11.8,11.8,11.8,0,0.0,0.0,0.0,0.0,0.0,,2.05,0.0,0.0
2025-01-14,11.8,11.8,11.8,11.8,0,0.0,0.0,0.0,0.0,0.0,,2.05,0.0,0.0
2025-01-15,11.8,11.8,11.8,11.8,0,0.0,0.0,0.0,0.0,0.0,,2.05,0.0,0.0
2025-01-16,11.8,11.8,11.8,11.8,100,1180.0,0.0,0.0,0.0,0.0,,2.05,0.0,0.0
2025-01-17,11.7,11.75,11.2,11.75,500,5875.0,0.0,0.0,0.0,0.0,,2.05,0.0,0.0
2025-01-20,11.75,11.75,11.75,11.75,0,0.0,0.0,0.0,0.0,0.0,,2.05,0.0,0.0
2025-01-21,10.95,12.55,10.95,12.55,400,5020.0,0.0,0.0,0.0,0.0,,2.05,0.0,0.0
2025-01-22,12.55,12.55,12.55,12.55,0,0.0,0.0,0.0,0.0,0.0,,2.05,0.0,0.0
2025-01-23,12.55,12.55,12.55,12.55,0,0.0,0.0,0.0,0.0,0.0,,2.05,0.0,0.0
2025-01-24,13.4,13.4,12.5,12.5,500,6250.0,0.0,0.0,0.0,0.0,,2.05,0.0,0.0
2025-02-03,12.5,12.5,12.5,12.5,0,0.0,0.0,0.0,0.0,0.0,,2.05,0.0,0.0
2025-02-04,12.5,12.5,12.5,12.5,0,0.0,0.0,0.0,0.0,0.0,,2.05,0.0,0.0
2025-02-05,12.5,12.5,12.5,12.5,0,0.0,0.0,0.0,0.0,0.0,,2.05,0.0,0.0
2025-02-06,12.5,12.5,12.5,12.5,0,0.0,0.0,0.0,0.0,0.0,,2.05,0.0,0.0
2025-02-07,11.75,11.75,11.75,11.75,600,7050.0,0.0,0.0,0.0,0.0,,2.05,0.0,0.0
2025-02-10,11.75,11.75,11.7,11.7,1500,17550.0,0.0,0.0,0.0,0.0,,2.05,0.0,0.0
2025-02-11,11.7,11.7,11.7,11.7,0,0.0,0.0,0.0,0.0,0.0,,2.05,0.0,0.0
2025-02-12,11.7,11.7,11.7,11.7,0,0.0,0.0,0.0,0.0,0.0,,2.05,0.0,0.0
2025-02-13,12.0,12.0,12.0,12.0,100,1200.0,0.0,0.0,0.0,0.0,,2.05,0.0,0.0
2025-02-14,11.2,12.0,11.2,12.0,700,8400.0,0.0,0.0,0.0,0.0,,2.05,0.0,0.0
2025-02-17,12.55,12.55,12.55,12.55,100,1255.0,0.0,100.0,0.0,0.0,,2.05,0.0,0.0
2025-02-18,12.45,12.45,11.8,11.8,1200,14160.0,0.0,0.0,0.0,0.0,,2.05,0.0,0.0
2025-02-19,11.8,11.8,11.8,11.8,0,0.0,0.0,0.0,0.0,0.0,,2.05,0.0,0.0
2025-02-20,11.15,11.9,11.15,11.9,300,3570.0,0.0,0.0,0.0,0.0,,2.05,0.0,0.0
2025-02-21,11.8,11.85,11.25,11.85,1200,14220.0,0.0,0.0,0.0,0.0,,2.05,0.0,0.0
2025-02-24,11.3,11.3,11.3,11.3,100,1130.0,0.0,0.0,0.0,0.0,,2.05,0.0,0.0
2025-02-25,11.3,11.55,11.05,11.05,5300,58565.00000000001,0.0,1000.0,0.0,10000.0,,2.05,0.0,0.01
2025-02-26,11.3,11.45,11.3,11.45,6100,69845.0,0.0,0.0,0.0,0.0,,2.05,0.0,0.0
2025-02-27,11.7,11.95,11.25,11.95,300,3585.0,0.0,0.0,0.0,0.0,,2.05,0.0,0.0
2025-02-28,11.25,11.9,11.25,11.9,200,2380.0,0.0,0.0,0.0,0.0,,2.05,0.0,0.0
2025-03-03,11.2,11.2,11.2,11.2,1000,11200.0,0.0,0.0,0.0,0.0,,2.05,0.0,0.0
2025-03-04,11.6,11.95,11.6,11.9,3000,35700.0,0.0,0.0,0.0,0.0,,2.05,0.0,0.0
2025-03-05,12.45,12.45,12.45,12.45,100,1245.0,0.0,0.0,0.0,0.0,,2.05,0.0,0.0
2025-03-06,12.25,12.25,11.6,11.9,1700,20230.0,600.0,0.0,10000.0,0.0,,2.05,0.01,0.0
2025-03-07,11.9,12.65,11.25,12.45,1000,12450.0,0.0,0.0,0.0,0.0,,2.05,0.0,0.0
2025-03-10,12.45,12.45,12.45,12.45,0,0.0,0.0,0.0,0.0,0.0,,2.05,0.0,0.0
2025-03-11,11.6,11.6,11.6,11.6,300,3480.0,100.0,0.0,0.0,0.0,,2.05,0.0,0.0
2025-03-12,11.6,11.6,11.6,11.6,0,0.0,0.0,0.0,0.0,0.0,,2.05,0.0,0.0
2025-03-13,11.85,11.85,11.85,11.85,100,1185.0,0.0,0.0,0.0,0.0,,2.05,0.0,0.0
2025-03-14,11.15,11.85,11.15,11.85,200,2370.0,0.0,0.0,0.0,0.0,,2.05,0.0,0.0
2025-03-17,11.3,11.5,11.2,11.3,2300,25990.0,0.0,0.0,0.0,0.0,,2.05,0.0,0.0
2025-03-18,11.3,11.8,11.3,11.8,1100,12980.0,0.0,0.0,0.0,0.0,,2.05,0.0,0.0
2025-03-19,11.8,11.8,11.8,11.8,0,0.0,0.0,0.0,0.0,0.0,,2.05,0.0,0.0
2025-03-20,12.55,12.55,11.4,11.95,1300,15534.999999999998,100.0,0.0,0.0,0.0,,2.05,0.0,0.0
2025-03-21,11.95,11.95,11.95,11.95,0,0.0,0.0,0.0,0.0,0.0,,2.05,0.0,0.0
2025-03-24,11.5,11.95,11.5,11.95,2100,25095.0,0.0,0.0,0.0,0.0,,2.05,0.0,0.0
2025-03-25,11.95,11.95,11.95,11.95,0,0.0,0.0,0.0,0.0,0.0,,2.05,0.0,0.0
2025-03-26,12.4,12.4,12.4,12.4,100,1240.0,0.0,0.0,0.0,0.0,,2.05,0.0,0.0
2025-03-27,12.4,12.4,12.4,12.4,0,0.0,0.0,0.0,0.0,0.0,,2.05,0.0,0.0
2025-03-28,12.4,12.4,12.4,12.4,0,0.0,0.0,0.0,0.0,0.0,,2.05,0.0,0.0
2025-03-31,11.7,11.85,11.7,11.85,600,7110.0,0.0,0.0,0.0,0.0,,2.05,0.0,0.0
2025-04-01,11.3,11.3,11.3,11.3,700,7910.000000000001,0.0,700.0,0.0,10000.0,,2.05,0.0,0.01
2025-04-02,11.95,11.95,11.95,11.95,100,1195.0,0.0,0.0,0.0,0.0,,2.05,0.0,0.0
2025-04-03,11.3,11.85,11.15,11.15,4300,47945.0,0.0,0.0,0.0,0.0,,2.05,0.0,0.0
2025-04-04,11.65,11.65,11.65,11.65,100,1165.0,0.0,0.0,0.0,0.0,,2.05,0.0,0.0
2025-04-08,11.5,11.5,11.5,11.5,100,1150.0,0.0,0.0,0.0,0.0,,2.05,0.0,0.0
2025-04-09,11.2,11.2,10.7,10.7,5100,54570.0,0.0,0.0,0.0,0.0,,2.05,0.0,0.0
2025-04-10,11.4,11.4,11.2,11.4,1200,13680.0,0.0,0.0,0.0,0.0,,2.05,0.0,0.0
2025-04-11,11.4,11.4,11.4,11.4,0,0.0,0.0,0.0,0.0,0.0,,2.05,0.0,0.0
2025-04-14,12.0,12.0,12.0,12.0,700,8400.0,0.0,0.0,0.0,0.0,,2.05,0.0,0.0
2025-04-15,11.2,11.2,11.2,11.2,1600,17920.0,0.0,0.0,0.0,0.0,,2.05,0.0,0.0
2025-04-16,11.2,11.2,11.2,11.2,0,0.0,0.0,0.0,0.0,0.0,,2.05,0.0,0.0
2025-04-17,11.2,11.2,11.2,11.2,0,0.0,0.0,0.0,0.0,0.0,,2.05,0.0,0.0
2025-04-18,11.2,11.9,11.2,11.9,500,5950.0,0.0,0.0,0.0,0.0,,2.05,0.0,0.0
2025-04-21,11.9,11.9,11.9,11.9,0,0.0,0.0,0.0,0.0,0.0,,2.05,0.0,0.0
2025-04-22,11.9,11.9,11.9,11.9,0,0.0,0.0,0.0,0.0,0.0,,2.05,0.0,0.0
2025-04-23,11.9,11.9,11.9,11.9,0,0.0,0.0,0.0,0.0,0.0,,2.05,0.0,0.0
2025-04-24,11.1,11.65,11.1,11.65,3800,44270.0,0.0,0.0,0.0,0.0,,2.05,0.0,0.0
2025-04-25,11.5,11.55,11.0,11.55,2100,24255.0,0.0,0.0,0.0,0.0,,2.05,0.0,0.0
2025-04-28,10.9,11.75,10.9,10.9,2700,29430.0,0.0,1000.0,0.0,10000.0,,2.05,0.0,0.01
2025-04-29,11.55,11.55,11.55,11.55,100,1155.0,0.0,0.0,0.0,0.0,,2.05,0.0,0.0
2025-05-05,11.0,11.0,11.0,11.0,2091,23001.0,0.0,0.0,0.0,0.0,,2.05,0.0,0.0
2025-05-06,11.0,11.65,11.0,11.65,300,3495.0,0.0,0.0,0.0,0.0,,2.05,0.0,0.0
2025-05-07,12.1,12.1,12.1,12.1,144,1742.4,0.0,0.0,0.0,0.0,,2.05,0.0,0.0
2025-05-08,11.3,11.5,11.3,11.5,16843,193694.5,0.0,0.0,0.0,0.0,,2.05,0.0,0.0
2025-05-09,11.5,11.5,11.5,11.5,0,0.0,0.0,0.0,0.0,0.0,,2.05,0.0,0.0
2025-05-12,10.9,11.1,10.8,11.1,2210,24531.0,0.0,0.0,0.0,0.0,,2.05,0.0,0.0
2025-05-13,11.1,11.1,11.1,11.1,200,2220.0,0.0,0.0,0.0,0.0,,2.05,0.0,0.0
2025-05-14,11.0,11.0,11.0,11.0,1800,19800.0,0.0,1000.0,0.0,10000.0,,2.05,0.0,0.01
2025-05-15,11.0,11.0,10.65,10.65,5200,55380.0,0.0,0.0,0.0,0.0,,2.05,0.0,0.0
2025-05-16,10.7,11.1,10.7,11.0,7900,86900.0,0.0,0.0,0.0,0.0,,2.05,0.0,0.0
2025-05-19,11.3,11.75,11.3,11.75,14700,172725.0,0.0,0.0,0.0,0.0,,2.05,0.0,0.0
2025-05-20,12.0,12.55,11.75,11.8,12800,151040.0,0.0,0.0,0.0,0.0,,2.05,0.0,0.0
2025-05-21,12.3,12.3,11.2,11.3,9700,109610.0,0.0,0.0,0.0,0.0,,2.05,0.0,0.0
2025-05-22,11.3,11.3,10.6,11.0,17200,189200.0,0.0,0.0,0.0,0.0,,2.05,0.0,0.0
2025-05-23,11.0,11.3,10.7,11.3,500,5650.0,0.0,0.0,0.0,0.0,,2.05,0.0,0.0
2025-05-26,11.3,11.3,10.8,10.8,10200,110160.0,0.0,0.0,0.0,0.0,,2.05,0.0,0.0
2025-05-27,11.5,11.5,11.4,11.4,2500,28500.0,0.0,0.0,0.0,0.0,,2.05,0.0,0.0
2025-05-28,10.8,10.8,10.8,10.8,100,1080.0,0.0,0.0,0.0,0.0,,2.05,0.0,0.0
2025-05-29,10.8,11.5,10.8,11.5,5100,58650.0,0.0,0.0,0.0,0.0,,2.05,0.0,0.0
2025-05-30,11.5,11.5,11.5,11.5,0,0.0,0.0,0.0,0.0,0.0,,2.05,0.0,0.0
2025-06-02,10.8,11.45,10.8,11.45,3100,35495.0,0.0,0.0,0.0,0.0,,2.05,0.0,0.0
2025-06-03,11.45,11.45,11.45,11.45,0,0.0,0.0,0.0,0.0,0.0,,2.05,0.0,0.0
2025-06-04,11.4,11.4,11.4,11.4,200,2280.0,0.0,0.0,0.0,0.0,,2.05,0.0,0.0
2025-06-05,11.4,11.4,11.4,11.4,500,5700.0,0.0,0.0,0.0,0.0,,2.05,0.0,0.0
2025-06-06,11.4,11.4,11.4,11.4,0,0.0,0.0,0.0,0.0,0.0,,2.05,0.0,0.0
2025-06-09,11.4,11.4,11.4,11.4,100,1140.0,0.0,0.0,0.0,0.0,,2.05,0.0,0.0
2025-06-10,10.8,11.5,10.7,11.5,4100,47150.0,0.0,0.0,0.0,0.0,,2.05,0.0,0.0
2025-06-11,11.0,11.4,11.0,11.4,2100,23940.0,0.0,0.0,0.0,0.0,,2.05,0.0,0.0
2025-06-12,11.3,11.35,11.3,11.35,1000,11350.0,0.0,700.0,0.0,10000.0,,2.05,0.0,0.01
2025-06-13,11.35,11.35,11.35,11.35,0,0.0,0.0,0.0,0.0,0.0,,2.05,0.0,0.0
2025-06-16,11.35,11.35,11.35,11.35,100,1135.0,0.0,10.0,0.0,0.0,,2.05,0.0,0.0
2025-06-17,11.35,11.35,11.35,11.35,0,0.0,0.0,0.0,0.0,0.0,,2.05,0.0,0.0
2025-06-18,11.35,11.35,11.35,11.35,0,0.0,0.0,0.0,0.0,0.0,,2.05,0.0,0.0
2025-06-19,11.35,11.35,11.35,11.35,0,0.0,0.0,0.0,0.0,0.0,,2.05,0.0,0.0
2025-06-20,11.0,11.0,11.0,11.0,100,1100.0,0.0,0.0,0.0,0.0,,2.05,0.0,0.0
2025-06-23,11.0,11.0,11.0,11.0,700,7700.0,0.0,0.0,0.0,0.0,,2.05,0.0,0.0
2025-06-24,11.0,11.0,11.0,11.0,400,4400.0,0.0,0.0,0.0,0.0,,2.05,0.0,0.0
2025-06-25,10.7,11.2,10.7,11.2,200,2240.0,0.0,0.0,0.0,0.0,,2.05,0.0,0.0
2025-06-26,11.2,11.2,11.2,11.2,0,0.0,0.0,0.0,0.0,0.0,,2.05,0.0,0.0
2025-06-27,11.2,11.2,11.2,11.2,200,2240.0,0.0,0.0,0.0,0.0,,2.05,0.0,0.0
2025-06-30,11.2,11.2,11.2,11.2,1200,13440.0,0.0,0.0,0.0,0.0,,2.05,0.0,0.0
2025-07-01,10.55,11.15,10.55,11.15,2800,31220.0,0.0,0.0,0.0,0.0,,2.05,0.0,0.0
2025-07-02,11.1,11.15,11.1,11.15,5100,56865.0,0.0,0.0,0.0,0.0,,2.05,0.0,0.0
2025-07-03,11.15,11.15,11.15,11.15,0,0.0,0.0,0.0,0.0,0.0,,2.05,0.0,0.0
2025-07-04,10.6,10.6,10.6,10.6,700,7420.0,0.0,0.0,0.0,0.0,,2.05,0.0,0.0
2025-07-07,10.65,10.65,10.6,10.6,1500,15900.0,0.0,0.0,0.0,0.0,,2.05,0.0,0.0
2025-07-08,10.6,10.6,10.6,10.6,0,0.0,0.0,0.0,0.0,0.0,,2.05,0.0,0.0
2025-07-09,10.6,10.65,10.6,10.65,6100,64965.0,0.0,0.0,0.0,0.0,,2.05,0.0,0.0
2025-07-10,10.5,10.9,10.5,10.9,400,4360.0,0.0,0.0,0.0,0.0,,2.05,0.0,0.0
2025-07-11,10.9,11.0,10.85,11.0,13800,151800.0,0.0,0.0,0.0,0.0,,2.05,0.0,0.0
2025-07-14,11.0,11.0,11.0,11.0,0,0.0,0.0,0.0,0.0,0.0,,2.05,0.0,0.0
2025-07-15,10.9,10.95,10.5,10.85,11400,123690.0,0.0,0.0,0.0,0.0,,2.05,0.0,0.0
2025-07-16,10.85,10.85,10.85,10.85,0,0.0,0.0,0.0,0.0,0.0,,2.05,0.0,0.0
2025-07-17,10.6,10.6,10.55,10.6,6300,66780.0,0.0,0.0,0.0,0.0,,2.05,0.0,0.0
2025-07-18,10.6,10.9,10.6,10.6,10200,108120.0,0.0,0.0,0.0,0.0,,2.05,0.0,0.0
2025-07-21,10.6,10.6,10.6,10.6,2900,30740.0,0.0,0.0,0.0,0.0,,2.05,0.0,0.0
2025-07-22,10.6,10.65,10.6,10.65,700,7455.0,0.0,0.0,0.0,0.0,,2.05,0.0,0.0
2025-07-23,10.7,10.7,10.7,10.7,800,8560.0,0.0,0.0,0.0,0.0,,2.05,0.0,0.0
2025-07-24,10.7,10.7,10.7,10.7,2200,23540.0,0.0,0.0,0.0,0.0,,2.05,0.0,0.0
2025-07-25,10.6,10.8,10.6,10.6,9100,96460.0,0.0,0.0,0.0,0.0,,2.05,0.0,0.0
2025-07-28,10.7,10.7,10.7,10.7,100,1070.0,0.0,0.0,0.0,0.0,,2.05,0.0,0.0
2025-07-29,10.7,10.7,10.7,10.7,100,1070.0,0.0,0.0,0.0,0.0,,2.05,0.0,0.0
2025-07-30,10.75,10.75,10.6,10.65,8800,93720.0,0.0,0.0,0.0,0.0,,2.05,0.0,0.0
2025-07-31,10.6,10.75,10.6,10.75,1200,12900.0,0.0,0.0,0.0,0.0,,2.05,0.0,0.0
2025-08-01,10.6,10.6,10.5,10.5,2300,24150.0,0.0,0.0,0.0,0.0,,2.05,0.0,0.0
2025-08-04,10.5,10.5,10.5,10.5,0,0.0,0.0,0.0,0.0,0.0,,2.05,0.0,0.0
2025-08-05,10.6,10.75,10.55,10.55,700,7385.000000000001,0.0,0.0,0.0,0.0,,2.05,0.0,0.0
2025-08-06,10.75,10.8,10.6,10.75,25100,269825.0,0.0,0.0,0.0,0.0,,2.05,0.0,0.0
2025-08-07,10.55,10.8,10.55,10.8,14700,158760.0,0.0,0.0,0.0,0.0,,2.05,0.0,0.0
2025-08-08,10.8,10.95,10.75,10.95,4500,49275.0,0.0,0.0,0.0,0.0,,2.05,0.0,0.0
2025-08-11,11.7,11.7,10.9,11.45,2600,29770.0,0.0,0.0,0.0,0.0,,2.05,0.0,0.0
2025-08-12,11.45,11.45,11.45,11.45,0,0.0,0.0,0.0,0.0,0.0,,2.05,0.0,0.0
2025-08-13,11.35,11.35,11.0,11.2,3300,36960.0,0.0,0.0,0.0,0.0,,2.05,0.0,0.0
2025-08-14,11.2,11.2,11.2,11.2,0,0.0,0.0,0.0,0.0,0.0,,2.05,0.0,0.0
2025-08-15,10.8,11.15,10.8,11.15,1600,17840.0,0.0,0.0,0.0,0.0,,2.05,0.0,0.0
2025-08-18,11.0,11.15,11.0,11.0,5300,58300.0,0.0,0.0,0.0,0.0,,2.05,0.0,0.0
2025-08-19,11.0,11.25,10.8,11.25,5400,60750.0,0.0,0.0,0.0,0.0,,2.05,0.0,0.0
2025-08-20,10.95,11.2,10.95,11.2,400,4480.0,0.0,0.0,0.0,0.0,,2.05,0.0,0.0
2025-08-21,11.0,11.0,11.0,11.0,1900,20900.0,0.0,0.0,0.0,0.0,,2.05,0.0,0.0
2025-08-22,11.2,11.2,10.7,10.7,8100,86670.0,0.0,0.0,0.0,0.0,,2.05,0.0,0.0
2025-08-25,11.35,11.4,11.0,11.25,3200,36000.0,0.0,0.0,0.0,0.0,,2.05,0.0,0.0
2025-08-26,11.25,11.25,11.25,11.25,0,0.0,0.0,0.0,0.0,0.0,,2.05,0.0,0.0
2025-08-27,11.4,11.4,11.0,11.35,300,3405.0,0.0,0.0,0.0,0.0,,2.05,0.0,0.0
2025-08-28,11.0,11.25,11.0,11.25,1100,12375.0,0.0,0.0,0.0,0.0,,2.05,0.0,0.0
2025-08-29,11.25,11.25,11.25,11.25,1100,12375.0,0.0,0.0,0.0,0.0,,2.05,0.0,0.0
2025-09-03,11.0,11.2,10.95,11.2,2500,28000.0,0.0,0.0,0.0,0.0,,2.05,0.0,0.0
2025-09-04,10.85,11.2,10.8,11.15,3000,33450.0,0.0,0.0,0.0,0.0,,2.05,0.0,0.0
2025-09-05,10.85,10.85,10.85,10.85,1100,11935.0,0.0,0.0,0.0,0.0,,2.05,0.0,0.0
2025-09-08,10.85,10.85,10.85,10.85,1000,10850.0,0.0,0.0,0.0,0.0,,2.05,0.0,0.0
2025-09-09,10.9,10.9,10.9,10.9,2300,25070.0,0.0,0.0,0.0,0.0,,2.05,0.0,0.0
2025-09-10,10.25,10.8,10.25,10.8,2100,22680.0,0.0,0.0,0.0,0.0,,2.05,0.0,0.0
2025-09-11,10.8,10.8,10.7,10.7,8500,90950.0,0.0,0.0,0.0,0.0,,2.05,0.0,0.0
2025-09-12,10.1,11.2,10.1,10.8,5700,61560.00000000001,0.0,0.0,0.0,0.0,,2.05,0.0,0.0
2025-09-15,10.8,10.8,10.8,10.8,200,2160.0,0.0,0.0,0.0,0.0,,2.05,0.0,0.0
2025-09-16,10.8,10.8,10.8,10.8,0,0.0,0.0,0.0,0.0,0.0,,2.05,0.0,0.0
2025-09-17,10.9,11.25,10.9,10.9,2700,29430.0,0.0,0.0,0.0,0.0,,2.05,0.0,0.0
2025-09-18,11.6,11.6,10.8,11.3,1200,13560.0,0.0,0.0,0.0,0.0,,2.05,0.0,0.0
2025-09-19,11.2,11.2,10.8,11.1,1200,13320.0,0.0,0.0,0.0,0.0,,2.05,0.0,0.0
2025-09-22,11.1,11.1,11.1,11.1,0,0.0,0.0,0.0,0.0,0.0,,2.05,0.0,0.0
2025-09-23,11.55,11.6,11.55,11.6,200,2320.0,0.0,0.0,0.0,0.0,,2.05,0.0,0.0
2025-09-24,11.6,11.6,11.6,11.6,0,0.0,0.0,0.0,0.0,0.0,,2.05,0.0,0.0
2025-09-25,10.9,11.1,10.8,11.1,4500,49950.0,0.0,0.0,0.0,0.0,,2.05,0.0,0.0
2025-09-26,10.7,10.7,10.7,10.7,100,1070.0,0.0,0.0,0.0,0.0,,2.05,0.0,0.0
2025-09-29,11.15,11.15,11.1,11.15,700,7805.0,0.0,0.0,0.0,0.0,,2.05,0.0,0.0
2025-09-30,11.15,11.15,11.15,11.15,0,0.0,0.0,0.0,0.0,0.0,,2.05,0.0,0.0
2025-10-01,11.0,11.0,11.0,11.0,1000,11000.0,0.0,0.0,0.0,0.0,,2.05,0.0,0.0
2025-10-02,10.85,10.9,10.8,10.8,3200,34560.0,0.0,0.0,0.0,0.0,,2.05,0.0,0.0
2025-10-03,10.8,10.8,10.8,10.8,100,1080.0,0.0,0.0,0.0,0.0,,2.05,0.0,0.0
2025-10-06,10.7,10.95,10.7,10.95,2100,22995.0,0.0,0.0,0.0,0.0,,2.05,0.0,0.0
2025-10-07,10.95,10.95,10.95,10.95,0,0.0,0.0,0.0,0.0,0.0,,2.05,0.0,0.0
2025-10-08,10.55,10.55,10.55,10.55,1000,10550.0,0.0,0.0,0.0,0.0,,2.05,0.0,0.0
2025-10-09,10.7,10.7,10.7,10.7,900,9630.0,0.0,0.0,0.0,0.0,656322.0,2.05,0.0,0.0
2025-10-10,10.9,10.9,10.9,10.9,100,1090.0,0.0,0.0,0.0,0.0,656322.0,2.05,0.0,0.0
2025-10-13,,0.0,0.0,0.0,0,0.0,0.0,0.0,0.0,0.0,656322.0,2.05,0.0,0.0
2025-10-14,10.45,10.45,10.45,10.45,100,1045.0,0.0,0.0,0.0,0.0,656322.0,2.05,0.0,0.0
2025-10-15,,0.0,0.0,0.0,0,0.0,0.0,0.0,0.0,0.0,656322.0,2.05,0.0,0.0
2025-10-16,10.85,10.85,10.85,10.85,100,1085.0,0.0,0.0,0.0,0.0,656322.0,2.05,0.0,0.0
2025-10-17,10.8,10.8,10.5,10.5,3100,32550.0,0.0,0.0,0.0,0.0,656322.0,2.05,0.0,0.0
2025-10-20,10.5,10.5,10.5,10.5,200,2100.0,0.0,0.0,0.0,0.0,656322.0,2.05,0.0,0.0
2025-10-21,10.0,10.5,9.81,10.5,1100,11550.0,0.0,0.0,0.0,0.0,656322.0,2.05,0.0,0.0
2025-10-22,10.2,10.2,10.2,10.2,2000,20400.0,0.0,0.0,0.0,0.0,656322.0,2.05,0.0,0.0
2025-10-23,10.2,10.2,10.2,10.2,100,1020.0,0.0,0.0,0.0,0.0,656322.0,2.05,0.0,0.0
2025-10-24,10.2,10.2,10.2,10.2,3600,36720.0,0.0,0.0,0.0,0.0,656322.0,2.05,0.0,0.0
2025-10-27,10.75,10.75,10.3,10.3,1100,11330.0,0.0,0.0,0.0,0.0,656312.0,2.05,0.0,0.0
2025-10-28,11.0,11.0,10.4,10.5,300,3150.0,0.0,0.0,0.0,0.0,656322.0,2.05,0.0,0.0
2025-10-29,11.1,11.1,10.55,10.9,1600,17440.0,0.0,0.0,0.0,0.0,656322.0,2.05,0.0,0.0
2025-10-30,10.95,10.95,10.95,10.95,100,1095.0,0.0,0.0,0.0,0.0,656322.0,2.05,0.0,0.0
2025-10-31,10.6,10.6,10.6,10.6,1000,10600.0,0.0,0.0,0.0,0.0,656322.0,2.05,0.0,0.0
2025-11-03,10.25,10.7,10.25,10.7,1300,13909.999999999998,0.0,0.0,0.0,0.0,656322.0,2.05,0.0,0.0
2025-11-04,,0.0,0.0,0.0,0,0.0,0.0,0.0,0.0,0.0,656322.0,2.05,0.0,0.0
2025-11-05,11.4,11.4,10.75,10.75,5200,55900.0,0.0,0.0,0.0,0.0,656322.0,2.05,0.0,0.0
2025-11-06,10.3,10.3,10.3,10.3,1000,10300.0,0.0,0.0,0.0,0.0,656322.0,2.05,0.0,0.0
2025-11-07,,0.0,0.0,0.0,0,0.0,0.0,0.0,0.0,0.0,656322.0,2.05,0.0,0.0
2025-11-10,10.8,10.8,10.5,10.5,300,3150.0,0.0,0.0,0.0,0.0,656322.0,2.05,0.0,0.0
2025-11-11,,0.0,0.0,0.0,0,0.0,0.0,0.0,0.0,0.0,0.0,2.05,0.0,0.0
2025-11-12,10.65,10.65,10.65,10.65,100,1065.0,0.0,0.0,0.0,0.0,656322.0,2.05,0.0,0.0
2025-11-14,10.35,11.25,10.35,10.8,1900,20520.0,0.0,0.0,0.0,0.0,656322.0,2.05,0.0,0.0
2025-11-17,10.7,11.15,10.55,10.55,2600,27430.000000000004,0.0,0.0,0.0,0.0,656322.0,2.05,0.0,0.0
2025-11-18,10.55,10.6,10.55,10.6,300,3180.0,0.0,0.0,0.0,0.0,656322.0,2.05,0.0,0.0
2025-11-19,10.6,10.7,10.6,10.7,1600,17120.0,0.0,40.0,0.0,4240.0,656322.0,2.05,0.0,0.0
2025-11-20,10.6,10.6,10.55,10.6,1300,13780.0,0.0,0.0,0.0,0.0,656322.0,2.05,0.0,0.0
2025-11-25,10.6,10.7,10.6,10.6,5700,60420.0,0.0,0.0,0.0,0.0,656362.0,2.05,0.0,0.0
2025-11-26,10.6,10.6,10.6,10.6,100,1060.0,0.0,0.0,0.0,0.0,656362.0,2.05,0.0,0.0
2025-11-27,10.6,11.25,10.6,10.9,1300,14170.0,0.0,0.0,0.0,0.0,656362.0,2.05,0.0,0.0
2025-11-28,10.3,11.5,10.3,11.5,700,8050.0,0.0,0.0,0.0,0.0,656362.0,2.05,0.0,0.0
2025-12-01,,0.0,0.0,0.0,0,0.0,0.0,0.0,0.0,0.0,656362.0,2.05,0.0,0.0
2025-12-02,,0.0,0.0,0.0,0,0.0,0.0,0.0,0.0,0.0,656362.0,2.05,0.0,0.0
2025-12-03,10.65,10.65,10.3,10.3,600,6180.0,30.0,0.0,3195.0,0.0,656332.0,2.05,0.0,0.0
2025-12-04,10.3,10.3,10.3,10.3,1000,10300.0,0.0,0.0,0.0,0.0,656332.0,2.05,0.0,0.0
2025-12-05,10.95,10.95,10.65,10.65,200,2130.0,0.0,0.0,0.0,0.0,656332.0,2.05,0.0,0.0
2025-12-08,,0.0,0.0,0.0,0,0.0,0.0,0.0,0.0,0.0,656332.0,2.05,0.0,0.0
2025-12-10,10.25,10.5,9.9,10.5,4600,48300.0,0.0,0.0,0.0,0.0,656332.0,2.05,0.0,0.0
2025-12-11,,0.0,0.0,0.0,0,0.0,0.0,0.0,0.0,0.0,656332.0,2.05,0.0,0.0
2025-12-12,,0.0,0.0,0.0,0,0.0,0.0,0.0,0.0,0.0,656332.0,2.05,0.0,0.0
2025-12-15,,0.0,0.0,0.0,0,0.0,0.0,0.0,0.0,0.0,656332.0,2.05,0.0,0.0
2025-12-23,9.8,9.8,9.8,9.8,2200,21560.0,0.0,220.0,0.0,21560.0,657082.0,2.05,0.0,0.02
2025-12-24,,0.0,0.0,0.0,0,0.0,0.0,0.0,0.0,0.0,657112.0,2.05,0.0,0.0
2025-12-25,,0.0,0.0,0.0,0,0.0,0.0,0.0,0.0,0.0,657112.0,2.05,0.0,0.0
2025-12-26,9.89,10.25,9.8,10.25,500,5125.0,0.0,0.0,0.0,0.0,657332.0,2.05,0.0,0.0
2025-12-29,,0.0,0.0,0.0,0,0.0,0.0,0.0,0.0,0.0,657332.0,2.05,0.0,0.0
2025-12-30,10.15,10.15,9.8,9.8,4400,43120.0,0.0,0.0,0.0,0.0,657332.0,2.05,0.0,0.0
2025-12-31,9.8,10.2,9.8,10.1,2500,25250.0,0.0,0.0,0.0,0.0,657332.0,2.05,0.0,0.0
2026-01-05,9.6,9.8,9.5,9.5,5000,47500.0,0.0,0.0,0.0,0.0,657332.0,2.05,0.0,0.0
2026-01-06,9.5,9.5,9.5,9.5,400,3800.0,0.0,0.0,0.0,0.0,657332.0,2.05,0.0,0.0
2026-01-07,10.05,10.05,9.8,10.0,2400,24000.0,0.0,0.0,0.0,0.0,657332.0,2.05,0.0,0.0
2026-01-08,9.55,9.9,9.55,9.9,700,6930.0,0.0,0.0,0.0,0.0,657332.0,2.05,0.0,0.0
2026-01-09,9.7,10.4,9.61,9.61,3500,33635.0,0.0,0.0,0.0,0.0,657332.0,2.05,0.0,0.0
2026-01-12,9.9,9.9,9.9,9.9,100,990.0,0.0,0.0,0.0,0.0,657332.0,2.05,0.0,0.0
2026-01-13,,0.0,0.0,0.0,0,0.0,0.0,0.0,0.0,0.0,657332.0,2.05,0.0,0.0
2026-01-15,9.8,9.9,9.8,9.9,700,6930.0,0.0,0.0,0.0,0.0,657332.0,2.05,0.0,0.0
2026-01-16,9.9,10.2,9.9,10.2,7400,75480.0,0.0,0.0,0.0,0.0,657332.0,2.05,0.0,0.0
2026-01-19,10.2,10.3,9.9,9.9,900,8910.0,0.0,0.0,0.0,0.0,657332.0,2.05,0.0,0.0
2026-01-20,9.9,10.25,9.9,10.25,2800,28700.0,0.0,0.0,0.0,0.0,657332.0,2.05,0.0,0.0
2026-01-21,,0.0,0.0,0.0,0,0.0,0.0,0.0,0.0,0.0,657332.0,2.05,0.0,0.0
2026-01-22,9.95,9.95,9.95,9.95,500,4975.0,0.0,0.0,0.0,0.0,657332.0,2.05,0.0,0.0
2026-01-23,9.8,9.8,9.8,9.8,1100,10780.0,0.0,0.0,0.0,0.0,657332.0,2.05,0.0,0.0
2026-01-26,9.7,9.7,9.7,9.7,100,970.0,0.0,0.0,0.0,0.0,657332.0,2.05,0.0,0.0
2026-01-27,9.3,9.6,9.3,9.3,1900,17670.0,0.0,0.0,0.0,0.0,657332.0,2.05,0.0,0.0
2026-01-28,9.35,9.35,9.3,9.3,300,2790.0,0.0,0.0,0.0,0.0,657332.0,2.05,0.0,0.0
2026-01-29,9.36,9.36,9.36,9.36,100,936.0,0.0,0.0,0.0,0.0,657332.0,2.05,0.0,0.0
2026-01-30,9.51,9.51,9.51,9.51,100,951.0,0.0,0.0,0.0,0.0,657332.0,2.05,0.0,0.0
2026-02-02,9.8,9.8,9.8,9.8,300,2940.0,0.0,0.0,0.0,0.0,657332.0,2.05,0.0,0.0
2026-02-03,10.0,10.0,9.9,9.9,300,2970.0,0.0,0.0,0.0,0.0,657332.0,2.05,0.0,0.0
2026-02-04,9.94,9.94,9.94,9.94,1500,14910.0,0.0,0.0,0.0,0.0,657332.0,2.05,0.0,0.0
2026-02-05,10.2,10.2,10.2,10.2,100,1020.0,0.0,0.0,0.0,0.0,657332.0,2.05,0.0,0.0
2026-02-06,,0.0,0.0,0.0,0,0.0,0.0,0.0,0.0,0.0,657332.0,2.05,0.0,0.0
2026-02-10,9.5,10.15,9.5,10.15,7100,72065.0,0.0,0.0,0.0,0.0,657332.0,2.05,0.0,0.0
2026-02-11,9.46,10.1,9.44,10.1,27000,272700.0,0.0,0.0,0.0,0.0,657332.0,2.05,0.0,0.0
2026-02-12,,0.0,0.0,0.0,0,0.0,0.0,0.0,0.0,0.0,657332.0,2.05,0.0,0.0
2026-02-13,9.4,9.4,9.4,9.4,1000,9400.0,0.0,0.0,0.0,0.0,657332.0,2.05,0.0,0.0
2026-02-23,9.88,9.94,9.8,9.8,1000,9800.0,0.0,0.0,0.0,0.0,657332.0,2.05,0.0,0.0
2026-02-24,9.8,9.8,9.8,9.8,300,2940.0,0.0,0.0,0.0,0.0,657332.0,2.05,0.0,0.0
2026-02-25,9.8,9.8,9.8,9.8,100,980.0,0.0,0.0,0.0,0.0,657332.0,2.05,0.0,0.0
2026-02-26,9.8,9.8,9.5,9.5,2600,24700.0,0.0,0.0,0.0,0.0,657332.0,2.05,0.0,0.0
2026-02-27,,0.0,0.0,0.0,0,0.0,0.0,0.0,0.0,0.0,657332.0,2.05,0.0,0.0
2026-03-03,9.5,9.5,9.5,9.5,100,950.0,0.0,0.0,0.0,0.0,657332.0,2.05,0.0,0.0
2026-03-04,9.5,9.5,9.5,9.5,500,4750.0,0.0,0.0,0.0,0.0,657332.0,2.05,0.0,0.0
2026-03-05,,0.0,0.0,0.0,0,0.0,0.0,0.0,0.0,0.0,657332.0,2.05,0.0,0.0
2026-03-09,9.0,9.0,9.0,9.0,1800,16200.0,0.0,0.0,0.0,0.0,657332.0,2.05,0.0,0.0
2026-03-10,9.5,9.5,9.5,9.5,100,950.0,0.0,0.0,0.0,0.0,657332.0,2.05,0.0,0.0
2026-03-11,,0.0,0.0,0.0,0,0.0,0.0,0.0,0.0,0.0,657332.0,2.05,0.0,0.0
2026-03-18,9.01,9.01,9.0,9.0,200,1800.0,0.0,0.0,0.0,0.0,657332.0,2.05,0.0,0.0
2026-03-19,8.42,9.6,8.42,9.0,1800,16200.0,0.0,0.0,0.0,0.0,657332.0,2.05,0.0,0.0
2026-03-20,8.8,8.8,8.8,8.8,900,7920.000000000001,0.0,0.0,0.0,0.0,657332.0,2.05,0.0,0.0
2026-03-23,8.99,9.1,8.7,8.8,8800,77440.0,0.0,0.0,0.0,0.0,657332.0,2.05,0.0,0.0
2026-03-24,,0.0,0.0,0.0,0,0.0,0.0,0.0,0.0,0.0,657332.0,2.05,0.0,0.0
2026-03-25,8.44,9.1,8.44,9.1,300,2730.0,0.0,0.0,0.0,0.0,657332.0,2.05,0.0,0.0
2026-03-26,,0.0,0.0,0.0,0,0.0,0.0,0.0,0.0,0.0,657332.0,2.05,0.0,0.0
2026-03-27,9.1,9.1,9.1,9.1,100,910.0,0.0,0.0,0.0,0.0,657332.0,2.05,0.0,0.0
2026-03-30,,0.0,0.0,0.0,0,0.0,0.0,0.0,0.0,0.0,657332.0,2.05,0.0,0.0
2026-04-03,8.49,8.49,8.49,8.49,100,849.0,0.0,0.0,0.0,0.0,0.0,2.05,0.0,0.0
2026-04-06,9.08,9.08,8.5,8.5,1200,10200.0,0.0,0.0,0.0,0.0,0.0,2.05,0.0,0.0
2026-04-09,8.5,9.0,8.5,9.0,200,1800.0,0.0,0.0,0.0,0.0,0.0,2.05,0.0,0.0
2026-04-10,,0.0,0.0,0.0,0,0.0,0.0,0.0,0.0,0.0,657332.0,2.05,0.0,0.0
2026-04-13,8.41,9.5,8.41,9.5,300,2850.0,0.0,0.0,0.0,0.0,657332.0,2.05,0.0,0.0
2026-04-14,,0.0,0.0,0.0,0,0.0,0.0,0.0,0.0,0.0,657332.0,2.05,0.0,0.0
2026-04-16,8.84,8.84,8.84,8.84,800,7072.0,0.0,0.0,0.0,0.0,657332.0,2.05,0.0,0.0
2026-04-17,8.44,8.46,8.44,8.45,300,2535.0,0.0,0.0,0.0,0.0,657332.0,2.05,0.0,0.0
2026-04-20,9.04,9.04,9.04,9.04,1500,13559.999999999998,0.0,0.0,0.0,0.0,657332.0,,,
2026-04-21,,0.0,0.0,0.0,0,0.0,0.0,0.0,0.0,0.0,657332.0,,,
2026-04-22,9.0,9.04,8.42,8.42,400,3368.0,0.0,0.0,0.0,0.0,657332.0,,,
2026-04-23,,0.0,0.0,0.0,0,0.0,0.0,0.0,0.0,0.0,657332.0,,,
2026-04-24,8.48,8.51,8.48,8.51,1900,16169.0,0.0,150.0,0.0,12720.0,657332.0,,,
2026-04-28,,0.0,0.0,0.0,0,0.0,0,0,0.0,0.0,657332.00,,,
