time,open,high,low,close,volume,value,foreign_buy_vol,foreign_sell_vol,foreign_buy_val,foreign_sell_val,foreign_room
2006-12-15,5.11,14.61,0.0,6.66,293000,1951380.0,,,,,
2006-12-18,6.21,6.66,6.21,6.66,340200,2265732.0,,,,,
2006-12-19,7.12,7.21,6.61,6.66,326900,2177154.0,,,,,
2006-12-20,7.9,7.9,7.16,7.16,651600,4665456.0,,,,,
2006-12-21,7.31,7.31,6.86,6.86,200100,1372686.0,,,,,
2006-12-22,6.17,6.17,6.17,6.17,41300,254821.0,,,,,
2006-12-25,5.56,5.56,5.56,5.56,289000,1606840.0,,,,,
2006-12-26,5.0,5.92,5.0,5.81,435500,2530255.0,,,,,
2006-12-27,5.84,6.18,5.84,5.84,376200,2197008.0,,,,,
2006-12-28,6.06,6.1,5.48,5.84,162400,948416.0,,,,,
2006-12-29,5.22,5.7,5.22,5.66,235500,1332930.0,,,,,
2007-01-02,5.77,5.84,5.55,5.66,236800,1340288.0,,,,,
2007-01-03,5.61,5.78,5.59,5.78,301900,1744982.0,,,,,
2007-01-04,5.77,6.19,5.77,6.19,213900,1324041.0,,,,,
2007-01-05,6.78,6.78,6.78,6.78,357100,2421138.0,,,,,
2007-01-08,7.45,7.45,6.1,6.43,317300,2040239.0,,,,,
2007-01-09,6.57,6.94,5.9,6.83,535800,3659514.0,,,,,
2007-01-10,7.45,7.45,6.94,7.2,606000,4363200.0,,,,,
2007-01-11,6.76,7.41,6.76,7.2,520400,3746880.0,,,,,
2007-01-12,7.97,7.97,7.31,7.78,759000,5905020.0,,,,,
2007-01-15,8.22,8.4,7.87,8.15,492600,4014690.0,,,,,
2007-01-16,8.29,8.58,7.67,7.96,304400,2423024.0,,,,,
2007-01-17,8.0,8.0,7.36,7.36,212100,1561056.0,,,,,
2007-01-18,6.73,7.85,6.73,7.74,461700,3573558.0,,,,,
2007-01-19,7.85,8.04,7.67,7.71,482500,3720075.0,,,,,
2007-01-22,7.67,7.67,7.01,7.71,279700,2156487.0,,,,,
2007-01-23,7.33,7.49,7.12,7.27,272400,1980348.0,,,,,
2007-01-24,7.34,7.49,6.56,7.32,236700,1732644.0,,,,,
2007-01-25,7.38,7.38,6.87,7.06,189100,1335046.0,,,,,
2007-01-26,7.12,7.31,6.87,7.31,208500,1524135.0,,,,,
2007-01-29,7.45,7.67,7.45,7.67,257800,1977326.0,,,,,
2007-01-30,7.74,8.38,7.67,8.02,259000,2077180.0,,,,,
2007-01-31,8.25,8.25,7.78,8.0,215200,1721600.0,,,,,
2007-02-01,8.04,8.25,7.27,7.74,236400,1829736.0,,,,,
2007-02-02,7.78,7.78,7.31,7.63,273700,2088331.0,,,,,
2007-02-05,7.67,8.04,7.51,7.58,260800,1976864.0,,,,,
2007-02-06,7.63,7.67,7.49,7.56,202900,1533924.0,,,,,
2007-02-07,7.56,7.63,7.31,7.45,391400,2915930.0,,,,,
2007-02-08,7.49,7.49,6.94,7.1,432100,3067910.0,,,,,
2007-02-09,7.01,7.15,6.94,7.13,314700,2243811.0,,,,,
2007-02-12,7.2,7.49,7.2,7.49,173000,1295770.0,,,,,
2007-02-13,7.52,7.63,7.36,7.54,173600,1308944.0,,,,,
2007-02-14,7.56,7.71,7.52,7.56,221300,1673028.0,,,,,
2007-02-15,7.6,7.67,7.56,7.65,246500,1885725.0,,,,,
2007-02-26,7.85,8.41,7.82,8.41,379500,3191595.0,,,,,
2007-02-27,8.8,9.09,8.4,8.51,331600,2821916.0,,,,,
2007-02-28,8.77,8.77,7.93,8.07,381700,3080319.0,,,,,
2007-03-01,8.23,8.23,7.89,8.11,239600,1943156.0,,,,,
2007-03-02,8.4,8.4,7.96,8.11,271400,2201054.0,,,,,
2007-03-05,8.0,8.22,8.0,8.13,261600,2126808.0,,,,,
2007-03-06,8.18,8.18,7.97,8.0,302400,2419200.0,,,,,
2007-03-07,8.04,8.15,7.67,7.74,293000,2267820.0,,,,,
2007-03-08,7.74,8.73,7.74,7.96,234500,1866620.0,,,,,
2007-03-09,8.04,8.21,7.96,7.96,302400,2407104.0,,,,,
2007-03-12,8.22,8.42,8.04,8.25,412100,3399825.0,,,,,
2007-03-13,8.77,8.77,8.33,8.43,384900,3244707.0,,,,,
2007-03-14,8.58,8.58,7.85,8.43,371700,3133431.0,,,,,
2007-03-15,8.22,8.22,7.82,7.92,319700,2532024.0,,,,,
2007-03-16,8.4,8.7,7.97,8.36,423700,3542131.9999999995,,,,,
2007-03-19,9.19,9.19,9.19,9.19,669700,6154543.0,,,,,
2007-03-20,10.08,10.11,9.17,9.31,702700,6542137.0,,,,,
2007-03-21,9.5,9.79,9.24,9.31,505300,4704343.0,,,,,
2007-03-22,9.28,9.34,9.09,9.2,498400,4585280.0,,,,,
2007-03-23,9.24,9.31,8.97,9.07,542900,4924103.0,,,,,
2007-03-26,8.95,9.2,8.4,9.07,459600,4168572.0,,,,,
2007-03-27,8.33,8.33,7.8,9.07,504300,4574001.0,,,,,
2007-03-28,7.68,8.66,7.67,8.66,450100,3897866.0,,,,,
2007-03-29,8.77,8.95,7.89,8.66,426700,3695222.0,,,,,
2007-03-30,8.77,8.77,8.25,8.66,345500,2992030.0,,,,,
2007-04-02,8.58,8.58,7.94,8.24,271400,2236336.0,,,,,
2007-04-03,8.18,8.25,7.96,8.24,200700,1653768.0,,,,,
2007-04-04,8.4,8.58,8.4,8.42,187800,1581276.0,,,,,
2007-04-05,8.47,8.47,8.22,8.28,159100,1317348.0,,,,,
2007-04-06,8.29,8.37,8.04,8.35,234300,1956405.0,,,,,
2007-04-09,8.44,8.77,8.4,8.58,354300,3039894.0,,,,,
2007-04-10,8.58,8.73,8.47,8.53,303800,2591414.0,,,,,
2007-04-11,8.55,8.58,8.42,8.53,228200,1946546.0,,,,,
2007-04-12,8.53,8.55,8.36,8.36,257600,2153536.0,,,,,
2007-04-13,8.25,8.4,8.25,8.31,233100,1937061.0,,,,,
2007-04-16,8.28,8.29,7.85,7.89,336200,2652618.0,,,,,
2007-04-17,7.96,8.04,7.67,8.04,319100,2565563.9999999995,,,,,
2007-04-18,8.11,8.4,8.04,8.36,262100,2191156.0,,,,,
2007-04-19,8.33,8.4,8.04,8.14,199300,1622302.0,,,,,
2007-04-20,8.09,8.18,7.96,8.15,213300,1738395.0,,,,,
2007-04-23,8.29,8.29,7.85,7.85,392800,3083480.0,,,,,
2007-04-24,7.76,7.93,7.7,7.84,349700,2741648.0,,,,,
2007-04-25,7.74,8.07,7.74,7.99,387400,3095326.0,,,,,
2007-05-02,8.07,8.15,7.96,7.99,179700,1435803.0,,,,,
2007-05-03,8.07,8.07,7.93,8.0,99600,796800.0,,,,,
2007-05-04,7.9,8.02,7.78,7.98,115000,917700.0,,,,,
2007-05-07,8.07,8.26,8.07,8.25,281900,2325675.0,,,,,
2007-05-08,8.33,8.44,8.26,8.27,341300,2822551.0,,,,,
2007-05-09,8.4,8.44,8.11,8.22,284900,2341878.0,,,,,
2007-05-10,8.27,8.27,8.08,8.22,156900,1289718.0,,,,,
2007-05-11,8.22,8.42,8.22,8.42,387600,3263592.0,,,,,
2007-05-14,8.62,9.17,7.54,8.96,601800,5392128.000000001,,,,,
2007-05-15,9.17,9.17,8.64,8.79,462700,4067133.0,,,,,
2007-05-16,8.7,8.81,8.67,8.73,342500,2990025.0,,,,,
2007-05-17,8.73,8.95,8.62,8.95,484300,4334485.0,,,,,
2007-05-18,8.84,9.1,8.84,8.92,395600,3528752.0,,,,,
2007-05-21,9.12,9.12,8.89,8.93,341600,3050488.0,,,,,
2007-05-22,8.95,8.99,8.83,8.88,513400,4558992.0,,,,,
2007-05-23,8.84,8.93,8.66,8.73,619900,5411727.0,,,,,
2007-05-24,9.25,9.3,9.14,9.22,291000,2683020.0,,,,,
2007-05-25,9.25,9.25,9.14,9.19,215900,1984121.0,,,,,
2007-05-28,9.19,9.22,8.99,8.99,195300,1755747.0,,,,,
2007-05-29,9.09,9.09,8.74,8.86,283100,2508266.0,,,,,
2007-05-30,8.82,8.82,8.6,8.78,374500,3288109.9999999995,,,,,
2007-05-31,8.73,8.99,8.72,8.99,231500,2081185.0,,,,,
2007-06-01,8.94,9.14,8.94,8.94,262000,2342280.0,,,,,
2007-06-04,9.01,9.09,8.86,8.89,178700,1588643.0,,,,,
2007-06-05,8.89,8.89,8.48,8.73,265000,2313450.0,,,,,
2007-06-06,8.66,8.83,8.66,8.75,220600,1930250.0,,,,,
2007-06-07,8.78,8.86,8.73,8.73,193100,1685763.0,,,,,
2007-06-08,8.74,8.78,8.66,8.7,216400,1882680.0,,,,,
2007-06-11,8.68,8.71,8.53,8.63,185000,1596550.0000000002,,,,,
2007-06-12,8.63,8.66,8.53,8.6,201500,1732900.0,,,,,
2007-06-13,8.73,8.73,8.48,8.5,159600,1356600.0,,,,,
2007-06-14,8.55,8.55,8.42,8.48,213700,1812176.0,,,,,
2007-06-15,8.45,8.68,8.42,8.57,162700,1394339.0,,,,,
2007-06-18,8.53,8.72,8.22,8.64,215100,1858464.0,,,,,
2007-06-19,8.53,8.73,8.45,8.57,180800,1549456.0,,,,,
2007-06-20,8.63,8.68,8.54,8.6,137600,1183360.0,,,,,
2007-06-21,8.63,8.63,8.4,8.45,161300,1362985.0,,,,,
2007-06-22,8.53,8.53,8.4,8.45,129100,1090895.0,,,,,
2007-06-25,8.37,8.53,8.32,8.37,117200,980964.0,,,,,
2007-06-26,8.63,8.73,8.31,8.32,121800,1013376.0,,,,,
2007-06-27,8.63,8.32,8.32,8.32,0,0.0,,,,,
2007-06-28,8.22,8.22,7.86,8.01,121800,975618.0,,,,,
2007-06-29,7.88,7.97,7.83,7.9,295700,2336030.0,,,,,
2007-07-02,7.7,7.81,7.35,7.37,251600,1854292.0,,,,,
2007-07-03,7.42,7.61,6.93,7.61,313900,2388779.0,,,,,
2007-07-04,7.81,8.1,7.57,8.1,256000,2073600.0,,,,,
2007-07-05,8.22,8.27,7.61,7.67,169100,1296997.0,,,,,
2007-07-06,7.7,8.04,7.61,7.96,247800,1972488.0,,,,,
2007-07-09,7.96,8.11,7.7,8.11,345400,2801194.0,,,,,
2007-07-10,8.27,8.73,8.22,8.4,591100,4965240.0,,,,,
2007-07-11,8.48,8.48,8.33,8.35,335600,2802260.0,,,,,
2007-07-12,8.48,8.48,8.07,8.12,203700,1654043.9999999998,,,,,
2007-07-13,8.06,8.4,7.99,8.27,197700,1634979.0,,,,,
2007-07-16,8.22,8.37,7.96,8.09,258700,2092883.0,,,,,
2007-07-17,8.12,8.17,8.01,8.13,178600,1452018.0000000002,,,,,
2007-07-18,8.14,8.16,8.06,8.14,143700,1169718.0,,,,,
2007-07-19,8.06,8.17,8.06,8.07,130400,1052328.0,,,,,
2007-07-20,8.12,8.12,8.0,8.04,166600,1339463.9999999998,,,,,
2007-07-23,8.12,8.12,7.96,7.99,303600,2425764.0,,,,,
2007-07-24,7.94,8.04,7.94,8.01,129000,1033290.0,,,,,
2007-07-25,8.22,8.32,8.01,8.04,180200,1448807.9999999998,,,,,
2007-07-26,8.11,8.17,7.96,8.01,167100,1338471.0,,,,,
2007-07-27,8.12,8.12,7.91,8.01,135400,1084554.0,,,,,
2007-07-30,8.06,8.06,7.83,7.96,402100,3200716.0,,,,,
2007-07-31,7.96,7.96,7.81,7.91,325100,2571541.0,,,,,
2007-08-01,7.91,8.09,7.9,8.09,339100,2743319.0,,,,,
2007-08-02,8.09,8.12,7.96,7.96,198200,1577672.0,,,,,
2007-08-03,7.96,8.01,7.87,7.98,273000,2178540.0,,,,,
2007-08-06,7.91,7.97,7.76,7.93,309600,2455128.0,,,,,
2007-08-07,7.95,7.98,7.9,7.97,150700,1201079.0,,,,,
2007-08-08,7.93,8.01,7.91,7.95,142400,1132080.0,,,,,
2007-08-09,8.01,8.17,7.96,8.12,267200,2169664.0,,,,,
2007-08-10,8.17,8.17,8.04,8.12,350500,2846059.9999999995,,,,,
2007-08-13,8.01,8.08,7.99,8.02,212000,1700240.0,,,,,
2007-08-14,7.96,8.11,7.96,8.09,163800,1325142.0,,,,,
2007-08-15,8.09,8.14,8.04,8.14,210400,1712656.0000000002,,,,,
2007-08-16,8.01,8.16,7.98,8.13,317700,2582901.0000000005,,,,,
2007-08-17,8.12,8.12,8.06,8.08,167600,1354208.0,,,,,
2007-08-20,8.06,8.06,8.04,8.05,176800,1423240.0000000002,,,,,
2007-08-21,8.05,8.06,8.01,8.04,89400,718775.9999999999,,,,,
2007-08-22,8.01,8.08,8.01,8.07,175200,1413864.0,,,,,
2007-08-23,8.06,8.12,8.06,8.09,152800,1236152.0,,,,,
2007-08-24,8.12,8.14,8.1,8.12,166300,1350355.9999999998,,,,,
2007-08-27,8.22,8.22,8.12,8.13,135100,1098363.0,,,,,
2007-08-28,8.13,8.17,8.06,8.1,109400,886140.0,,,,,
2007-08-29,8.09,8.09,8.07,8.09,56600,457894.0,,,,,
2007-08-30,8.09,8.14,8.07,8.12,91500,742979.9999999999,,,,,
2007-08-31,8.12,8.16,8.12,8.16,206600,1685856.0,,,,,
2007-09-04,8.22,8.38,8.22,8.37,318300,2664170.9999999995,,,,,
2007-09-05,8.35,8.42,8.34,8.4,259200,2177280.0,,,,,
2007-09-06,8.42,8.71,8.37,8.68,341300,2962484.0,,,,,
2007-09-07,8.73,9.14,8.63,8.89,576400,5124196.0,,,,,
2007-09-10,8.99,8.99,8.84,8.84,321400,2841176.0,,,,,
2007-09-11,8.88,8.89,8.57,8.67,425600,3689952.0,,,,,
2007-09-12,8.68,8.84,8.63,8.73,285100,2488923.0,,,,,
2007-09-13,8.73,8.78,8.68,8.69,173600,1508584.0,,,,,
2007-09-14,8.73,8.81,8.68,8.73,258300,2254959.0,,,,,
2007-09-17,8.73,8.84,8.71,8.76,162500,1423500.0,,,,,
2007-09-18,8.73,8.78,8.73,8.76,185000,1620600.0,,,,,
2007-09-19,8.76,8.99,8.75,8.91,224300,1998513.0,,,,,
2007-09-20,8.9,8.94,8.73,8.86,309100,2738626.0,,,,,
2007-09-21,8.81,8.88,8.73,8.87,232500,2062275.0,,,,,
2007-09-24,8.86,9.04,8.86,8.99,266600,2396734.0,,,,,
2007-09-25,9.04,9.24,9.04,9.2,398100,3662520.0,,,,,
2007-09-26,9.2,9.45,9.09,9.22,361100,3329342.0,,,,,
2007-09-27,9.25,9.76,9.22,9.76,595500,5812080.0,,,,,
2007-09-28,9.79,10.44,9.71,10.44,939000,9803160.0,,,,,
2007-10-01,11.3,11.39,10.68,11.39,796800,9075552.0,,,,,
2007-10-02,12.38,12.41,11.3,11.71,851200,9967552.0,,,,,
2007-10-03,12.61,12.61,11.51,12.02,766700,9215734.0,,,,,
2007-10-04,12.33,13.02,12.33,13.02,1171500,15252930.0,,,,,
2007-10-05,13.61,14.02,12.33,12.84,704500,9045780.0,,,,,
2007-10-08,13.2,13.35,12.19,12.3,659200,8108160.000000001,,,,,
2007-10-09,12.28,13.36,12.07,12.64,879100,11111824.0,,,,,
2007-10-10,12.94,13.1,12.69,12.79,658600,8423494.0,,,,,
2007-10-11,13.07,13.08,12.79,13.02,951900,12393738.0,,,,,
2007-10-12,13.1,13.6,12.89,13.6,797400,10844640.0,,,,,
2007-10-29,15.41,15.41,13.36,14.64,2854710,41792954.4,,,,,
2007-10-30,14.64,14.64,14.28,14.28,1028710,14689978.8,,,,,
2007-10-31,14.02,14.13,13.61,13.61,1303700,17743357.0,,,,,
2007-11-01,14.02,14.28,13.97,14.28,887420,12672357.6,,,,,
2007-11-02,13.97,14.02,13.87,13.92,540220,7519862.4,,,,,
2007-11-05,13.77,13.77,13.61,13.66,509710,6962638.6,,,,,
2007-11-06,13.51,13.56,13.41,13.41,765850,10270048.5,,,,,
2007-11-07,13.56,13.66,13.51,13.61,656060,8928976.6,,,,,
2007-11-08,13.61,13.61,13.41,13.41,418150,5607391.5,,,,,
2007-11-09,13.3,13.36,13.15,13.2,489620,6462984.0,,,,,
2007-11-12,13.2,13.2,12.89,12.89,458960,5915994.4,,,,,
2007-11-13,12.74,12.79,12.28,12.28,790800,9711024.0,,,,,
2007-11-14,12.84,12.84,12.84,12.84,383620,4925680.8,,,,,
2007-11-15,13.46,13.46,12.94,13.41,1217360,16324797.6,,,,,
2007-11-16,13.36,13.36,13.25,13.36,733810,9803701.6,,,,,
2007-11-19,13.36,13.41,13.3,13.36,485870,6491223.2,,,,,
2007-11-20,13.2,13.2,13.15,13.15,422390,5554428.5,,,,,
2007-11-21,12.74,13.1,12.69,12.94,711470,9206421.8,,,,,
2007-11-22,13.15,13.3,13.05,13.05,538160,7022988.0,,,,,
2007-11-23,13.05,13.1,12.89,12.89,512490,6605996.100000001,,,,,
2007-11-26,13.05,13.25,13.0,13.25,406780,5389835.0,,,,,
2007-11-27,13.36,13.36,13.15,13.25,513030,6797647.5,,,,,
2007-11-28,13.25,13.36,13.25,13.3,409500,5446350.0,,,,,
2007-11-29,13.36,13.36,13.2,13.2,434290,5732628.0,,,,,
2007-11-30,13.25,13.41,13.25,13.41,436080,5847832.8,,,,,
2007-12-03,13.56,13.82,13.51,13.82,495000,6840900.0,,,,,
2007-12-04,13.97,14.02,13.87,13.87,685540,9508439.8,,,,,
2007-12-05,13.71,13.77,13.56,13.66,626770,8561678.2,,,,,
2007-12-06,13.61,13.66,13.56,13.66,245500,3353530.0,,,,,
2007-12-07,13.66,13.82,13.61,13.77,323140,4449637.8,,,,,
2007-12-10,13.66,13.71,13.51,13.51,370430,5004509.3,,,,,
2007-12-11,13.41,13.41,13.25,13.3,355230,4724559.0,,,,,
2007-12-12,13.15,13.56,13.15,13.36,344010,4595973.6,,,,,
2007-12-13,13.3,13.3,13.15,13.15,315420,4147773.0,,,,,
2007-12-14,13.2,13.3,13.15,13.3,321990,4282467.0,,,,,
2007-12-17,13.3,13.36,13.0,13.0,501940,6525220.0,,,,,
2007-12-18,12.84,13.0,12.84,13.0,502220,6528860.0,,,,,
2007-12-19,13.05,13.36,13.05,13.15,622850,8190477.5,,,,,
2007-12-20,13.2,13.25,12.94,12.94,543890,7037936.6,,,,,
2007-12-21,12.84,13.05,12.84,13.0,857380,11145940.0,,,,,
2007-12-24,13.1,13.25,13.1,13.1,539320,7065092.0,,,,,
2007-12-25,13.02,13.02,12.71,12.71,259770,3301676.7,,,,,
2007-12-26,12.64,12.87,12.64,12.87,392540,5051989.8,,,,,
2007-12-27,12.71,12.94,12.71,12.87,404030,5199866.1,,,,,
2007-12-28,12.87,13.02,12.79,12.94,412290,5335032.6,,,,,
2008-01-02,12.94,13.02,12.79,12.94,401040,5189457.6,,,,,
2008-01-03,12.79,12.87,12.71,12.79,300200,3839558.0,,,,,
2008-01-04,12.79,12.79,12.64,12.71,402930,5121240.300000001,,,,,
2008-01-07,12.56,12.56,12.25,12.33,485480,5985968.4,,,,,
2008-01-08,12.4,12.64,12.4,12.4,477290,5918396.0,,,,,
2008-01-09,12.25,12.33,12.17,12.17,445570,5422586.9,,,,,
2008-01-10,12.1,12.1,11.71,11.71,712060,8338222.600000001,,,,,
2008-01-11,11.79,11.94,11.79,11.79,617640,7281975.6,,,,,
2008-01-14,11.56,11.63,11.4,11.4,816760,9311064.0,,,,,
2008-01-15,11.25,11.25,10.86,10.86,812350,8822121.0,,,,,
2008-01-16,11.4,11.4,11.25,11.4,464630,5296782.0,,,,,
2008-01-17,11.56,11.56,11.1,11.25,654660,7364925.0,,,,,
2008-01-18,11.1,11.56,11.02,11.4,331960,3784344.0,,,,,
2008-01-21,11.25,11.33,11.1,11.17,273830,3058681.1,,,,,
2008-01-22,10.79,10.94,10.63,10.71,710740,7612025.4,,,,,
2008-01-23,10.32,10.4,10.25,10.25,858030,8794807.5,,,,,
2008-01-24,10.63,10.63,10.25,10.25,608400,6236100.0,,,,,
2008-01-25,10.25,10.48,10.17,10.4,376560,3916224.0,,,,,
2008-01-28,10.4,10.48,10.32,10.4,275720,2867488.0,,,,,
2008-01-29,10.4,10.63,10.32,10.63,515970,5484761.100000001,,,,,
2008-01-30,10.94,11.1,10.86,11.1,694340,7707174.0,,,,,
2008-01-31,10.71,10.86,10.63,10.86,553580,6011878.8,,,,,
2008-02-01,10.94,11.02,10.86,11.02,710880,7833897.6,,,,,
2008-02-12,10.94,10.94,10.56,10.56,352560,3723033.6,,,,,
2008-02-13,10.56,10.56,10.25,10.25,373870,3832167.5,,,,,
2008-02-14,10.25,10.4,10.25,10.25,570470,5847317.5,,,,,
2008-02-15,10.09,10.17,9.94,10.02,507940,5089558.8,,,,,
2008-02-18,9.55,9.55,9.55,9.55,727710,6949630.500000001,,,,,
2008-02-19,9.09,9.55,9.09,9.09,1220400,11093436.0,,,,,
2008-02-20,9.09,9.17,8.71,8.71,787480,6858950.800000001,,,,,
2008-02-21,8.32,8.32,8.32,8.32,147010,1223123.2,,,,,
2008-02-22,7.94,7.94,7.94,7.94,351630,2791942.2,,,,,
2008-02-25,8.09,8.32,8.01,8.24,1591860,13116926.4,,,,,
2008-02-26,7.94,7.94,7.86,7.86,593620,4665853.2,,,,,
2008-02-27,7.47,7.94,7.47,7.47,1042750,7789342.5,,,,,
2008-02-28,7.17,7.55,7.17,7.17,647860,4645156.2,,,,,
2008-02-29,6.86,7.36,6.82,6.82,1501290,10238797.8,,,,,
2008-03-03,6.51,6.51,6.51,6.51,512360,3335463.6,,,,,
2008-03-04,6.2,6.2,6.2,6.2,90380,560356.0,,,,,
2008-03-05,5.89,5.89,5.89,5.89,231320,1362474.7999999998,,,,,
2008-03-06,6.16,6.16,6.16,6.16,1658320,10215251.2,,,,,
2008-03-07,6.47,6.47,6.47,6.47,582360,3767869.2,,,,,
2008-03-10,6.78,6.78,6.32,6.4,2058120,13171968.0,,,,,
2008-03-11,6.09,6.2,6.09,6.09,1431780,8719540.2,,,,,
2008-03-12,5.86,6.2,5.86,6.13,1736120,10642415.6,,,,,
2008-03-13,6.4,6.4,6.16,6.4,1650160,10561024.0,,,,,
2008-03-14,6.24,6.36,6.2,6.24,794060,4954934.4,,,,,
2008-03-17,5.93,5.93,5.93,5.93,550490,3264405.7,,,,,
2008-03-18,5.66,5.66,5.66,5.66,149260,844811.6,,,,,
2008-03-19,5.39,5.62,5.39,5.39,1843670,9937381.3,,,,,
2008-03-20,5.12,5.12,5.12,5.12,330970,1694566.4,,,,,
2008-03-21,4.89,4.89,4.89,4.89,158480,774967.2,,,,,
2008-03-24,4.66,4.66,4.66,4.66,111180,518098.8,,,,,
2008-03-25,4.43,4.43,4.43,4.43,65510,290209.3,,,,,
2008-03-26,4.24,4.39,4.24,4.24,3319430,14074383.2,,,,,
2008-03-27,4.28,4.28,4.28,4.28,1019940,4365343.2,,,,,
2008-03-28,4.31,4.31,4.31,4.31,147950,637664.5,,,,,
2008-03-31,4.35,4.35,4.35,4.35,252140,1096809.0,,,,,
2008-04-01,4.39,4.39,4.39,4.39,49280,216339.2,,,,,
2008-04-02,4.43,4.43,4.43,4.43,15270,67646.09999999999,,,,,
2008-04-03,4.47,4.47,4.47,4.47,4910,21947.7,,,,,
2008-04-04,4.51,4.51,4.51,4.51,25720,115997.2,,,,,
2008-04-07,4.58,4.58,4.58,4.58,231290,1059308.2,,,,,
2008-04-08,4.66,4.66,4.51,4.55,3737090,17003759.5,,,,,
2008-04-09,4.47,4.51,4.47,4.47,858950,3839506.5,,,,,
2008-04-10,4.39,4.39,4.39,4.39,148340,651212.6,,,,,
2008-04-11,4.31,4.35,4.31,4.31,2669630,11506105.3,,,,,
2008-04-16,4.24,4.24,4.24,4.24,2050930,8695943.200000001,,,,,
2008-04-17,4.16,4.31,4.16,4.31,1590270,6854063.699999999,,,,,
2008-04-18,4.28,4.31,4.24,4.31,1301760,5610585.6,,,,,
2008-04-21,4.24,4.24,4.24,4.24,536830,2276159.2,,,,,
2008-04-22,4.16,4.16,4.16,4.16,127910,532105.6,,,,,
2008-04-23,4.08,4.08,4.08,4.08,119950,489396.0,,,,,
2008-04-24,4.01,4.01,4.01,4.01,198800,797188.0,,,,,
2008-04-25,3.93,3.93,3.93,3.93,350400,1377072.0,,,,,
2008-04-28,3.85,3.85,3.85,3.85,589730,2270460.5,,,,,
2008-04-29,3.78,3.78,3.78,3.78,303110,1145755.8,,,,,
2008-05-05,3.71,3.71,3.71,3.71,122920,456033.2,,,,,
2008-05-06,3.64,3.64,3.64,3.64,211180,768695.2000000001,,,,,
2008-05-07,3.57,3.57,3.57,3.57,173840,620608.7999999999,,,,,
2008-05-08,3.5,3.5,3.5,3.5,106400,372400.0,,,,,
2008-05-09,3.43,3.43,3.43,3.43,114880,394038.4,,,,,
2008-05-12,3.37,3.37,3.37,3.37,99240,334438.8,,,,,
2008-05-13,3.31,3.31,3.31,3.31,97600,323056.0,,,,,
2008-05-14,3.24,3.24,3.24,3.24,102070,330706.80000000005,,,,,
2008-05-15,3.18,3.18,3.18,3.18,6630,21083.4,,,,,
2008-05-16,3.12,3.12,3.12,3.12,39700,123864.0,,,,,
2008-05-19,3.07,3.07,3.07,3.07,13220,40585.4,,,,,
2008-05-20,3.01,3.01,3.01,3.01,215230,647842.2999999999,,,,,
2008-05-21,2.95,2.95,2.95,2.95,222400,656080.0,,,,,
2008-05-22,2.9,2.9,2.9,2.9,117330,340257.0,,,,,
2008-05-23,2.84,2.84,2.84,2.84,262790,746323.6,,,,,
2008-05-26,2.78,2.78,2.78,2.78,13250,36835.0,,,,,
2008-05-30,2.73,2.73,2.73,2.73,33840,92383.2,,,,,
2008-06-02,2.69,2.69,2.69,2.69,15580,41910.2,,,,,
2008-06-03,2.64,2.64,2.64,2.64,11360,29990.4,,,,,
2008-06-04,2.59,2.59,2.59,2.59,10040,26003.6,,,,,
2008-06-05,2.54,2.54,2.54,2.54,2350,5969.0,,,,,
2008-06-06,2.49,2.49,2.49,2.49,24660,61403.40000000001,,,,,
2008-06-09,2.44,2.44,2.44,2.44,6060,14786.4,,,,,
2008-06-10,2.39,2.39,2.39,2.39,4330,10348.7,,,,,
2008-06-11,2.35,2.35,2.35,2.35,274740,645639.0,,,,,
2008-06-12,2.31,2.31,2.31,2.31,201280,464956.8,,,,,
2008-06-13,2.27,2.27,2.27,2.27,609180,1382838.6,,,,,
2008-06-16,2.23,2.31,2.23,2.31,2124940,4908611.4,,,,,
2008-06-17,2.35,2.35,2.35,2.35,656510,1542798.5,,,,,
2008-06-18,2.31,2.31,2.31,2.31,2033490,4697361.9,,,,,
2008-06-19,2.25,2.25,2.25,2.25,686600,1544850.0,,,,,
2008-06-20,2.18,2.22,2.18,2.18,2931430,6390517.4,,,,,
2008-06-23,2.25,2.25,2.22,2.25,770320,1733220.0,,,,,
2008-06-24,2.31,2.31,2.31,2.31,242020,559066.2000000001,,,,,
2008-06-25,2.38,2.38,2.38,2.38,38000,90440.0,,,,,
2008-06-26,2.44,2.44,2.44,2.44,197520,481948.8,,,,,
2008-06-27,2.52,2.52,2.52,2.52,38360,96667.2,,,,,
2008-06-30,2.59,2.59,2.59,2.59,24240,62781.6,,,,,
2008-07-01,2.66,2.66,2.66,2.66,37420,99537.2,,,,,
2008-07-02,2.73,2.73,2.73,2.73,36820,100518.6,,,,,
2008-07-03,2.82,2.82,2.82,2.82,6660,18781.2,,,,,
2008-07-04,2.9,2.9,2.9,2.9,22020,63858.0,,,,,
2008-07-07,2.98,2.98,2.98,2.98,2064710,6152835.8,,,,,
2008-07-08,3.07,3.07,3.07,3.07,210950,647616.5,,,,,
2008-07-09,3.15,3.15,3.15,3.15,14800,46620.0,,,,,
2008-07-10,3.24,3.24,3.24,3.24,4310,13964.4,,,,,
2008-07-11,3.34,3.34,3.34,3.34,6160,20574.4,,,,,
2008-07-14,3.44,3.44,3.44,3.44,10110,34778.4,,,,,
2008-07-15,3.54,3.54,3.54,3.54,9710,34373.4,,,,,
2008-07-16,3.64,3.64,3.64,3.64,81890,298079.60000000003,,,,,
2008-07-17,3.75,3.75,3.75,3.75,15760,59100.0,,,,,
2008-07-18,3.85,3.85,3.85,3.85,131740,507199.0,,,,,
2008-07-21,3.96,3.96,3.74,3.96,7000970,27723841.2,,,,,
2008-07-22,3.85,3.85,3.85,3.85,30240,116424.0,,,,,
2008-07-23,3.74,3.74,3.74,3.74,8920,33360.8,,,,,
2008-07-24,3.63,3.63,3.63,3.63,588200,2135166.0,,,,,
2008-07-25,3.53,3.53,3.53,3.53,1220020,4306670.6,,,,,
2008-07-28,3.42,3.42,3.42,3.42,280160,958147.2,,,,,
2008-07-29,3.52,3.52,3.42,3.52,1978850,6965552.0,,,,,
2008-07-30,3.42,3.48,3.41,3.41,610680,2082418.8,,,,,
2008-07-31,3.32,3.32,3.32,3.32,89120,295878.4,,,,,
2008-08-01,3.22,3.22,3.22,3.22,12590,40539.8,,,,,
2008-08-04,3.13,3.13,3.13,3.13,67500,211275.0,,,,,
2008-08-05,3.04,3.04,3.04,3.04,79900,242896.0,,,,,
2008-08-06,2.95,2.95,2.95,2.95,61390,181100.5,,,,,
2008-08-07,2.88,3.03,2.88,2.88,1385360,3989836.8,,,,,
2008-08-08,2.91,2.96,2.88,2.96,600650,1777924.0,,,,,
2008-08-11,3.04,3.04,3.04,3.04,15640,47545.6,,,,,
2008-08-12,3.13,3.13,3.13,3.13,60780,190241.4,,,,,
2008-08-13,3.22,3.22,3.22,3.22,130730,420950.6,,,,,
2008-08-14,3.31,3.31,3.31,3.31,851450,2818299.5,,,,,
2008-08-15,3.41,3.41,3.41,3.41,35340,120509.4,,,,,
2008-08-18,3.58,3.58,3.58,3.58,80650,288727.0,,,,,
2008-08-19,3.75,3.75,3.58,3.75,1828660,6857475.0,,,,,
2008-08-20,3.75,3.94,3.74,3.94,2158820,8505750.8,,,,,
2008-08-21,4.13,4.13,4.13,4.13,350880,1449134.4,,,,,
2008-08-22,4.33,4.33,4.33,4.33,208510,902848.3,,,,,
2008-08-25,4.53,4.53,4.53,4.53,29930,135582.9,,,,,
2008-08-26,4.73,4.73,4.73,4.73,48230,228127.9,,,,,
2008-08-27,4.93,4.93,4.93,4.93,38800,191284.0,,,,,
2008-08-28,5.18,5.18,4.93,5.18,2191640,11352695.2,,,,,
2008-08-29,5.42,5.42,5.22,5.42,3092500,16761350.0,,,,,
2008-09-03,5.66,5.66,5.66,5.66,118970,673370.2000000001,,,,,
2008-09-04,5.95,5.95,5.95,5.95,85270,507356.5,,,,,
2008-09-05,6.23,6.23,6.23,6.23,299690,1867068.7,,,,,
2008-09-08,5.95,6.39,5.95,5.95,2503800,14897610.0,,,,,
2008-09-09,5.82,6.07,5.66,5.66,1848640,10463302.4,,,,,
2008-09-10,5.74,5.74,5.38,5.38,1482740,7977141.2,,,,,
2008-09-11,5.14,5.14,5.14,5.14,372680,1915575.2,,,,,
2008-09-12,4.89,4.89,4.89,4.89,124340,608022.6,,,,,
2008-09-15,4.65,5.14,4.65,4.77,2356350,11239789.499999998,,,,,
2008-09-16,4.57,4.57,4.57,4.57,224190,1024548.3,,,,,
2008-09-17,4.37,4.37,4.37,4.37,115110,503030.7,,,,,
2008-09-18,4.17,4.17,4.17,4.17,57390,239316.3,,,,,
2008-09-19,4.37,4.37,4.25,4.37,1674820,7318963.4,,,,,
2008-09-22,4.57,4.57,4.57,4.57,188990,863684.3,,,,,
2008-09-23,4.37,4.69,4.37,4.37,1822110,7962620.7,,,,,
2008-09-24,4.29,4.45,4.17,4.21,760740,3202715.4,,,,,
2008-09-25,4.21,4.41,4.21,4.41,637140,2809787.4,,,,,
2008-09-26,4.61,4.61,4.41,4.61,1107240,5104376.4,,,,,
2008-09-29,4.49,4.69,4.41,4.57,1119960,5118217.2,,,,,
2008-09-30,4.37,4.37,4.37,4.37,21340,93255.8,,,,,
2008-10-01,4.37,4.41,4.17,4.25,1097390,4663907.5,,,,,
2008-10-02,4.37,4.45,4.25,4.33,776790,3363500.7,,,,,
2008-10-03,4.21,4.33,4.21,4.25,442340,1879945.0,,,,,
2008-10-06,4.04,4.04,4.04,4.04,604030,2440281.2,,,,,
2008-10-07,3.84,3.84,3.84,3.84,61030,234355.2,,,,,
2008-10-08,3.66,3.66,3.66,3.66,85330,312307.8,,,,,
2008-10-09,3.48,3.64,3.48,3.48,1417970,4934535.6,,,,,
2008-10-10,3.31,3.31,3.31,3.31,66590,220412.9,,,,,
2008-10-13,3.15,3.15,3.15,3.15,443180,1396017.0,,,,,
2008-10-14,3.3,3.3,3.3,3.3,162700,536910.0,,,,,
2008-10-15,3.14,3.32,3.14,3.28,1663810,5457296.8,,,,,
2008-10-16,3.11,3.11,3.11,3.11,294120,914713.2,,,,,
2008-10-17,3.11,3.11,2.96,2.96,821340,2431166.4,,,,,
2008-10-20,2.96,2.96,2.82,2.82,386610,1090240.2,,,,,
2008-10-21,2.82,2.83,2.68,2.83,1193010,3376218.3000000003,,,,,
2008-10-22,2.69,2.82,2.69,2.73,907110,2476410.3,,,,,
2008-10-23,2.6,2.6,2.6,2.6,409510,1064726.0,,,,,
2008-10-24,2.47,2.47,2.47,2.47,311960,770541.2000000001,,,,,
2008-10-27,2.35,2.35,2.35,2.35,276240,649164.0,,,,,
2008-10-28,2.23,2.23,2.23,2.23,513010,1144012.3,,,,,
2008-10-29,2.34,2.34,2.23,2.34,1245200,2913768.0,,,,,
2008-10-30,2.31,2.45,2.23,2.45,1082900,2653105.0,,,,,
2008-10-31,2.57,2.57,2.56,2.57,562020,1444391.4,,,,,
2008-11-03,2.69,2.69,2.65,2.69,1106570,2976673.3,,,,,
2008-11-04,2.82,2.82,2.82,2.82,104450,294549.0,,,,,
2008-11-05,2.96,2.96,2.96,2.96,12640,37414.4,,,,,
2008-11-06,3.11,3.11,3.04,3.11,1123050,3492685.5,,,,,
2008-11-07,3.11,3.24,2.99,3.07,1901100,5836377.0,,,,,
2008-11-10,3.23,3.23,3.08,3.15,1059550,3337582.5,,,,,
2008-11-11,3.0,3.03,3.0,3.0,312240,936720.0,,,,,
2008-11-12,2.86,2.86,2.86,2.86,79620,227713.2,,,,,
2008-11-13,2.72,2.86,2.72,2.82,1211240,3415696.8,,,,,
2008-11-14,2.93,2.93,2.82,2.84,1410470,4005734.8,,,,,
2008-11-17,2.73,2.83,2.7,2.7,831110,2243997.0,,,,,
2008-11-18,2.57,2.63,2.57,2.59,923090,2390803.1,,,,,
2008-11-19,2.59,2.63,2.51,2.55,405840,1034892.0,,,,,
2008-11-20,2.43,2.49,2.43,2.43,696690,1692956.7000000002,,,,,
2008-11-21,2.31,2.51,2.31,2.43,713370,1733489.1,,,,,
2008-11-24,2.54,2.54,2.48,2.51,682320,1712623.2,,,,,
2008-11-25,2.52,2.54,2.43,2.43,762190,1852121.7,,,,,
2008-11-26,2.47,2.49,2.38,2.38,369700,879886.0,,,,,
2008-11-27,2.38,2.38,2.28,2.28,688620,1570053.6,,,,,
2008-11-28,2.38,2.38,2.38,2.38,197430,469883.4,,,,,
2008-12-01,2.5,2.5,2.41,2.5,957690,2394225.0,,,,,
2008-12-02,2.44,2.46,2.41,2.45,544200,1333290.0,,,,,
2008-12-03,2.43,2.45,2.43,2.44,452450,1103978.0,,,,,
2008-12-04,2.46,2.52,2.44,2.45,717360,1757532.0000000002,,,,,
2008-12-05,2.38,2.41,2.33,2.34,1000070,2340163.8,,,,,
2008-12-08,2.25,2.26,2.23,2.23,827830,1846060.9,,,,,
2008-12-09,2.18,2.29,2.18,2.23,598240,1334075.2,,,,,
2008-12-10,2.17,2.18,2.13,2.13,585650,1247434.5,,,,,
2008-12-11,2.16,2.23,2.13,2.23,616090,1373880.7,,,,,
2008-12-12,2.34,2.34,2.34,2.34,244110,571217.4,,,,,
2008-12-15,2.46,2.46,2.4,2.46,643720,1583551.2,,,,,
2008-12-16,2.48,2.48,2.34,2.34,958610,2243147.4,,,,,
2008-12-17,2.41,2.46,2.32,2.46,1027110,2526690.6,,,,,
2008-12-18,2.44,2.55,2.43,2.53,637180,1612065.4,,,,,
2008-12-19,2.51,2.63,2.51,2.63,969670,2550232.1,,,,,
2008-12-22,2.72,2.72,2.64,2.64,777440,2052441.6,,,,,
2008-12-23,2.51,2.53,2.51,2.51,502470,1261199.7,,,,,
2008-12-24,2.38,2.44,2.38,2.43,924620,2246826.6,,,,,
2008-12-25,2.43,2.46,2.38,2.38,455680,1084518.4,,,,,
2008-12-26,2.38,2.46,2.38,2.44,415810,1014576.4,,,,,
2008-12-29,2.43,2.44,2.38,2.42,391260,946849.2,,,,,
2008-12-30,2.41,2.47,2.4,2.45,478750,1172937.5,,,,,
2008-12-31,2.46,2.46,2.41,2.41,490670,1182514.7,,,,,
2009-01-02,2.41,2.43,2.41,2.43,240940,585484.2000000001,,,,,
2009-01-05,2.43,2.51,2.39,2.51,717230,1800247.2999999998,,,,,
2009-01-06,2.54,2.64,2.54,2.64,1102630,2910943.2,,,,,
2009-01-07,2.74,2.76,2.72,2.76,1271410,3509091.6,,,,,
2009-01-08,2.68,2.76,2.63,2.63,1037170,2727757.1,,,,,
2009-01-09,2.62,2.63,2.53,2.57,553330,1422058.1,,,,,
2009-01-12,2.55,2.57,2.51,2.54,442200,1123188.0,,,,,
2009-01-13,2.49,2.51,2.44,2.44,605330,1477005.2,,,,,
2009-01-14,2.47,2.53,2.44,2.48,463570,1149653.6,,,,,
2009-01-15,2.44,2.48,2.44,2.47,195550,483008.50000000006,,,,,
2009-01-16,2.47,2.5,2.45,2.47,377090,931412.3,,,,,
2009-01-19,2.47,2.47,2.44,2.47,247380,611028.6000000001,,,,,
2009-01-20,2.46,2.46,2.42,2.44,266930,651309.2,,,,,
2009-01-21,2.43,2.43,2.4,2.43,315440,766519.2000000001,,,,,
2009-01-22,2.44,2.46,2.43,2.45,151140,370293.0,,,,,
2009-01-23,2.46,2.46,2.44,2.46,244400,601224.0,,,,,
2009-02-02,2.4,2.47,2.36,2.4,303630,728712.0,,,,,
2009-02-03,2.34,2.34,2.28,2.28,584050,1331634.0,,,,,
2009-02-04,2.28,2.34,2.28,2.3,325050,747615.0,,,,,
2009-02-05,2.3,2.3,2.19,2.2,501280,1102816.0,,,,,
2009-02-06,2.22,2.31,2.18,2.31,343450,793369.5,,,,,
2009-02-09,2.33,2.38,2.31,2.37,379670,899817.9,,,,,
2009-02-10,2.28,2.32,2.28,2.3,240420,552966.0,,,,,
2009-02-11,2.22,2.25,2.22,2.23,295730,659477.9,,,,,
2009-02-12,2.23,2.28,2.22,2.23,287970,642173.1,,,,,
2009-02-13,2.25,2.26,2.23,2.23,178110,397185.3,,,,,
2009-02-16,2.23,2.24,2.22,2.22,169570,376445.4,,,,,
2009-02-17,2.18,2.19,2.13,2.15,494960,1064164.0,,,,,
2009-02-18,2.07,2.08,2.05,2.05,708250,1451912.4999999998,,,,,
2009-02-19,2.09,2.12,2.03,2.05,400690,821414.4999999999,,,,,
2009-02-20,2.02,2.03,1.97,1.97,497650,980370.5,,,,,
2009-02-23,1.89,1.91,1.87,1.87,373920,699230.4,,,,,
2009-02-24,1.78,1.78,1.78,1.78,124600,221788.0,,,,,
2009-02-25,1.86,1.87,1.8,1.87,992110,1855245.7,,,,,
2009-02-26,1.78,1.87,1.77,1.77,840010,1486817.7,,,,,
2009-02-27,1.7,1.82,1.7,1.79,539400,965526.0,,,,,
2009-03-02,1.77,1.82,1.77,1.81,462230,836636.3,,,,,
2009-03-03,1.73,1.77,1.72,1.72,826080,1420857.6,,,,,
2009-03-04,1.72,1.76,1.72,1.75,305430,534502.5,,,,,
2009-03-05,1.81,1.81,1.77,1.79,444970,796496.3,,,,,
2009-03-06,1.74,1.78,1.73,1.77,360490,638067.3,,,,,
2009-03-09,1.77,1.78,1.74,1.75,365960,640430.0,,,,,
2009-03-10,1.76,1.79,1.73,1.77,934380,1653852.6,,,,,
2009-03-11,1.86,1.86,1.81,1.86,2051270,3815362.2,,,,,
2009-03-12,1.8,1.87,1.78,1.8,687120,1236816.0,,,,,
2009-03-13,1.84,1.85,1.82,1.82,436800,794976.0,,,,,
2009-03-16,1.84,1.87,1.82,1.87,771410,1442536.7000000002,,,,,
2009-03-17,1.96,1.96,1.94,1.96,1280460,2509701.6,,,,,
2009-03-18,2.05,2.05,2.05,2.05,94780,194299.0,,,,,
2009-03-19,2.15,2.15,2.05,2.05,3090750,6336037.499999999,,,,,
2009-03-20,2.05,2.15,2.05,2.11,1401820,2957840.2,,,,,
2009-03-23,2.08,2.08,2.01,2.01,1268110,2548901.1,,,,,
2009-03-24,2.11,2.11,2.09,2.11,806450,1701609.5,,,,,
2009-03-25,2.09,2.21,2.08,2.21,1840380,4067239.8,,,,,
2009-03-26,2.31,2.32,2.25,2.32,1391660,3228651.2,,,,,
2009-03-27,2.43,2.43,2.32,2.34,2955850,6916689.0,,,,,
2009-03-30,2.28,2.38,2.28,2.34,1637440,3831609.6,,,,,
2009-03-31,2.34,2.34,2.28,2.3,1568530,3607619.0,,,,,
2009-04-01,2.41,2.41,2.38,2.41,1017130,2451283.3000000003,,,,,
2009-04-02,2.53,2.53,2.49,2.53,1735730,4391396.899999999,,,,,
2009-04-03,2.65,2.65,2.65,2.65,346920,919338.0,,,,,
2009-04-07,2.78,2.78,2.78,2.78,863230,2399779.4,,,,,
2009-04-08,2.91,2.91,2.85,2.91,4772540,13888091.4,,,,,
2009-04-09,3.05,3.05,3.01,3.05,2281240,6957782.0,,,,,
2009-04-10,3.21,3.21,3.21,3.21,210640,676154.4,,,,,
2009-04-13,3.36,3.36,3.36,3.36,42650,143304.0,,,,,
2009-04-14,3.53,3.53,3.53,3.53,551650,1947324.5,,,,,
2009-04-15,3.71,3.71,3.62,3.71,4594650,17046151.5,,,,,
2009-04-16,3.89,3.89,3.85,3.89,1613790,6277643.100000001,,,,,
2009-04-17,3.89,3.92,3.7,3.7,4619640,17092668.0,,,,,
2009-04-20,3.51,3.51,3.51,3.51,64330,225798.3,,,,,
2009-04-21,3.34,3.34,3.34,3.34,97410,325349.4,,,,,
2009-04-22,3.18,3.33,3.18,3.18,6610190,21020404.2,,,,,
2009-04-23,3.18,3.26,3.04,3.04,2461380,7482595.2,,,,,
2009-04-24,2.93,2.95,2.89,2.89,1391560,4021608.4,,,,,
2009-04-27,2.95,3.0,2.81,2.89,1734170,5011751.3,,,,,
2009-04-28,2.99,3.03,2.95,3.03,2286050,6926731.5,,,,,
2009-04-29,3.18,3.18,3.15,3.18,2410830,7666439.4,,,,,
2009-05-04,3.34,3.34,3.34,3.34,72940,243619.6,,,,,
2009-05-05,3.5,3.5,3.5,3.5,111890,391615.0,,,,,
2009-05-06,3.67,3.67,3.54,3.6,5863480,21108528.0,,,,,
2009-05-07,3.77,3.77,3.77,3.77,988120,3725212.4,,,,,
2009-05-08,3.96,3.96,3.89,3.96,5066950,20065122.0,,,,,
2009-05-11,3.96,4.15,3.96,4.11,4041470,16610441.7,,,,,
2009-05-12,4.14,4.31,4.03,4.31,4430200,19094162.0,,,,,
2009-05-13,4.27,4.39,4.14,4.14,4218320,17463844.799999997,,,,,
2009-05-14,4.01,4.18,3.94,4.18,4787580,20012084.4,,,,,
2009-05-15,4.39,4.39,4.27,4.39,2862400,12565936.0,,,,,
2009-05-18,4.56,4.6,4.44,4.6,3548860,16324755.999999998,,,,,
2009-05-19,4.81,4.81,4.81,4.81,224460,1079652.6,,,,,
2009-05-20,4.81,5.02,4.77,5.02,4018670,20173723.4,,,,,
2009-05-21,5.1,5.15,4.77,4.77,6677610,31852199.7,,,,,
2009-05-22,4.6,4.77,4.56,4.73,5468420,25865626.6,,,,,
2009-05-25,4.94,4.94,4.94,4.94,494780,2444213.2,,,,,
2009-05-26,5.15,5.15,5.02,5.15,3490000,17973500.0,,,,,
2009-05-27,5.15,5.4,5.06,5.19,4778300,24799377.000000004,,,,,
2009-05-28,5.06,5.19,4.94,4.94,4480800,22135152.0,,,,,
2009-05-29,4.94,5.02,4.77,4.94,3299890,16301456.6,,,,,
2009-06-01,5.1,5.15,4.98,5.15,2434450,12537417.5,,,,,
2009-06-02,5.4,5.4,5.4,5.4,697730,3767742.000000001,,,,,
2009-06-03,5.4,5.61,5.4,5.52,5064690,27957088.8,,,,,
2009-06-04,5.77,5.77,5.69,5.77,3654620,21087157.4,,,,,
2009-06-05,6.03,6.03,6.03,6.03,1072490,6467114.7,,,,,
2009-06-08,6.32,6.32,6.32,6.32,343730,2172373.6,,,,,
2009-06-09,6.36,6.61,6.32,6.61,4209220,27822944.200000003,,,,,
2009-06-10,6.4,6.44,6.4,6.32,3781360,23898195.2,,,,,
2009-06-11,6.44,6.44,6.36,6.61,3758910,24846395.1,,,,,
2009-06-12,6.86,6.86,6.4,6.44,3474060,22372946.4,,,,,
2009-06-15,6.15,6.49,6.15,6.15,3221300,19810995.0,,,,,
2009-06-16,5.86,5.86,5.86,5.86,255160,1495237.6,,,,,
2009-06-17,5.56,5.77,5.56,5.77,5515150,31822415.5,,,,,
2009-06-18,5.86,5.86,5.61,5.69,2435830,13859872.7,,,,,
2009-06-19,5.69,5.73,5.44,5.48,3150750,17266110.0,,,,,
2009-06-22,5.27,5.31,5.23,5.23,2834730,14825637.9,,,,,
2009-06-23,4.98,5.06,4.98,4.98,3485630,17358437.400000002,,,,,
2009-06-24,5.19,5.19,5.19,5.19,672380,3489652.2,,,,,
2009-06-25,5.44,5.44,5.31,5.31,4960670,26341157.7,,,,,
2009-06-26,5.31,5.56,5.27,5.56,2369080,13172084.8,,,,,
2009-06-29,5.56,5.69,5.52,5.61,2079250,11664592.5,,,,,
2009-06-30,5.61,5.61,5.36,5.36,2066530,11076600.8,,,,,
2009-07-01,5.1,5.19,5.1,5.1,1728410,8814891.0,,,,,
2009-07-02,5.1,5.36,4.94,5.27,2770800,14602115.999999998,,,,,
2009-07-03,5.15,5.31,5.15,5.23,1666830,8717520.9,,,,,
2009-07-06,5.36,5.48,5.27,5.48,1510280,8276334.4,,,,,
2009-07-07,5.48,5.69,5.4,5.4,1718470,9279738.0,,,,,
2009-07-08,5.4,5.48,5.31,5.44,1304150,7094576.000000001,,,,,
2009-07-09,5.4,5.48,5.31,5.36,1295600,6944416.0,,,,,
2009-07-10,5.31,5.36,5.1,5.27,2195900,11572392.999999998,,,,,
2009-07-13,5.27,5.27,5.02,5.02,2333670,11715023.4,,,,,
2009-07-14,5.02,5.06,4.85,4.9,1908540,9351846.0,,,,,
2009-07-15,5.02,5.1,4.94,5.02,1552320,7792646.399999999,,,,,
2009-07-16,5.19,5.19,5.02,5.02,2149780,10791895.6,,,,,
2009-07-17,4.94,4.98,4.85,4.9,1717690,8416681.0,,,,,
2009-07-20,4.73,4.81,4.69,4.69,1740070,8160928.300000001,,,,,
2009-07-21,4.64,4.77,4.6,4.6,1769340,8138963.999999999,,,,,
2009-07-22,4.69,4.69,4.52,4.52,1331770,6019600.399999999,,,,,
2009-07-23,4.44,4.73,4.39,4.73,1549130,7327384.9,,,,,
2009-07-24,4.94,4.94,4.94,4.94,202830,1001980.2,,,,,
2009-07-27,5.15,5.15,5.15,5.15,1000900,5154635.0,,,,,
2009-07-28,5.4,5.4,5.36,5.4,7450550,40232970.0,,,,,
2009-07-29,5.61,5.61,5.36,5.36,2562220,13733499.2,,,,,
2009-07-30,5.27,5.4,5.1,5.27,2444220,12881039.4,,,,,
2009-07-31,5.44,5.52,5.36,5.52,3147470,17374034.4,,,,,
2009-08-03,5.44,5.69,5.44,5.52,2308900,12745127.999999998,,,,,
2009-08-04,5.69,5.77,5.61,5.73,4055980,23240765.4,,,,,
2009-08-05,5.65,5.9,5.65,5.9,3387700,19987430.0,,,,,
2009-08-06,5.94,6.11,5.82,5.82,3076840,17907208.8,,,,,
2009-08-07,5.82,5.86,5.73,5.73,2173970,12456848.1,,,,,
2009-08-10,5.82,5.98,5.77,5.94,2770500,16456770.000000002,,,,,
2009-08-11,5.86,6.03,5.86,5.9,1895780,11185102.0,,,,,
2009-08-12,6.03,6.03,5.86,5.86,3102610,18181294.6,,,,,
2009-08-13,5.98,6.03,5.9,5.9,2452320,14468688.0,,,,,
2009-08-14,5.9,5.98,5.86,5.98,2273640,13596367.2,,,,,
2009-08-17,5.94,6.03,5.82,5.82,1763740,10264966.8,,,,,
2009-08-18,5.82,5.86,5.73,5.77,2665770,15381492.9,,,,,
2009-08-19,5.82,5.9,5.77,5.9,2372580,13998222.0,,,,,
2009-08-20,5.94,5.98,5.86,5.9,1815810,10713279.0,,,,,
2009-08-21,6.19,6.19,6.07,6.07,5749920,34902014.4,,,,,
2009-08-24,6.11,6.32,6.11,6.19,2392740,14811060.6,,,,,
2009-08-25,6.19,6.23,6.11,6.15,2321100,14274765.0,,,,,
2009-08-26,6.19,6.23,6.11,6.15,2405460,14793579.0,,,,,
2009-08-27,6.15,6.15,6.07,6.07,2091230,12693766.1,,,,,
2009-08-28,6.11,6.15,6.03,6.11,2070130,12648494.3,,,,,
2009-08-31,6.4,6.4,6.28,6.4,3562210,22798144.0,,,,,
2009-09-01,6.49,6.61,6.32,6.49,3465800,22493042.0,,,,,
2009-09-03,6.4,6.53,6.36,6.4,2369050,15161920.0,,,,,
2009-09-04,6.19,6.49,6.11,6.19,3449630,21353209.700000003,,,,,
2009-09-07,6.11,6.23,5.98,6.11,3224080,19699128.8,,,,,
2009-09-08,6.28,6.28,6.11,6.28,1902250,11946130.0,,,,,
2009-09-09,6.28,6.44,6.28,6.28,2717670,17066967.6,,,,,
2009-09-10,6.28,6.36,6.19,6.28,2786150,17497022.0,,,,,
2009-09-11,6.36,6.4,6.28,6.32,2418790,15286752.8,,,,,
2009-09-14,6.36,6.61,6.32,6.44,2928530,18859733.200000003,,,,,
2009-09-15,6.69,6.74,6.57,6.74,4756020,32055574.8,,,,,
2009-09-16,6.95,6.95,6.74,6.74,3002330,20235704.2,,,,,
2009-09-17,6.74,6.74,6.49,6.61,3127590,20673369.9,,,,,
2009-09-18,6.53,6.65,6.49,6.65,2771160,18428214.0,,,,,
2009-09-21,6.65,6.69,6.57,6.57,2587070,16997049.900000002,,,,,
2009-09-22,6.53,6.86,6.49,6.74,4109510,27698097.4,,,,,
2009-09-23,7.03,7.07,6.86,6.86,3881770,26628942.200000003,,,,,
2009-09-24,6.78,6.95,6.69,6.69,2765150,18498853.5,,,,,
2009-09-25,6.69,6.78,6.65,6.78,2386120,16177893.6,,,,,
2009-09-28,7.11,7.11,7.11,7.11,1479340,10518107.4,,,,,
2009-09-29,7.45,7.45,7.11,7.11,5021160,35700447.6,,,,,
2009-09-30,7.11,7.15,6.95,6.95,2890280,20087446.0,,,,,
2009-10-01,6.9,6.95,6.78,6.78,2723520,18465465.6,,,,,
2009-10-02,6.57,6.69,6.44,6.57,4210640,27663904.8,,,,,
2009-10-05,6.61,6.61,6.4,6.44,2056100,13241284.0,,,,,
2009-10-06,6.49,6.53,6.36,6.36,2037520,12958627.2,,,,,
2009-10-07,6.44,6.61,6.44,6.57,1789730,11758526.1,,,,,
2009-10-08,6.57,6.65,6.49,6.57,1635620,10746023.4,,,,,
2009-10-09,6.69,6.74,6.61,6.69,1950740,13050450.6,,,,,
2009-10-12,6.82,6.9,6.78,6.86,2197220,15072929.2,,,,,
2009-10-13,6.78,6.86,6.69,6.69,1667280,11154103.2,,,,,
2009-10-14,6.69,6.9,6.65,6.9,3333140,22998666.0,,,,,
2009-10-15,7.24,7.24,7.03,7.24,6087730,44075165.2,,,,,
2009-10-16,7.32,7.57,7.2,7.57,8153710,61723584.7,,,,,
2009-10-19,7.62,7.91,7.57,7.78,6242660,48567894.8,,,,,
2009-10-20,8.08,8.16,7.91,8.16,4800960,39175833.6,,,,,
2009-10-21,8.54,8.54,8.54,8.54,898690,7674812.6,,,,,
2009-10-22,8.95,8.95,8.79,8.95,5979170,53513571.49999999,,,,,
2009-10-23,9.04,9.2,8.54,8.54,6224240,53155009.6,,,,,
2009-10-26,8.79,8.95,8.33,8.37,4410480,36915717.6,,,,,
2009-10-27,8.2,8.33,7.99,8.2,4109020,33693964.0,,,,,
2009-10-28,8.28,8.37,8.12,8.2,3509980,28781836.0,,,,,
2009-10-29,7.95,7.99,7.82,7.87,4413300,34732671.0,,,,,
2009-10-30,8.2,8.2,7.95,8.03,3067290,24630338.7,,,,,
2009-11-02,7.7,7.74,7.66,7.66,1983330,15192307.8,,,,,
2009-11-03,7.41,7.49,7.28,7.28,5374080,39123302.4,,,,,
2009-11-04,7.36,7.45,7.11,7.24,2750350,19912534.0,,,,,
2009-11-05,7.28,7.53,7.24,7.49,2538160,19010818.4,,,,,
2009-11-06,7.7,7.74,7.41,7.41,2546170,18867119.7,,,,,
2009-11-09,7.24,7.32,7.07,7.07,2237430,15818630.1,,,,,
2009-11-10,7.11,7.15,6.74,6.9,3004830,20733327.0,,,,,
2009-11-11,6.95,7.07,6.82,7.07,2599030,18375142.1,,,,,
2009-11-12,7.11,7.28,7.03,7.15,1998550,14289632.5,,,,,
2009-11-13,6.99,7.24,6.99,7.2,2128880,15327936.0,,,,,
2009-11-16,7.2,7.28,7.07,7.07,1538910,10880093.7,,,,,
2009-11-17,7.11,7.15,6.99,7.11,1461180,10388989.8,,,,,
2009-11-18,7.11,7.15,7.03,7.15,1421060,10160579.0,,,,,
2009-11-19,7.2,7.49,7.15,7.49,4239010,31750184.9,,,,,
2009-11-20,7.49,7.7,7.41,7.41,2731850,20243008.5,,,,,
2009-11-23,7.36,7.45,7.11,7.15,2229510,15940996.5,,,,,
2009-11-24,7.2,7.2,6.99,7.03,2208210,15523716.3,,,,,
2009-11-25,6.9,6.95,6.69,6.69,3555640,23787231.6,,,,,
2009-11-26,6.36,6.4,6.36,6.36,1349020,8579767.200000001,,,,,
2009-11-27,6.07,6.65,6.07,6.23,3611050,22496841.5,,,,,
2009-11-30,6.36,6.53,6.23,6.53,1773450,11580628.5,,,,,
2009-12-01,6.69,6.82,6.65,6.82,2120680,14463037.6,,,,,
2009-12-02,6.69,6.86,6.49,6.49,1674320,10866336.8,,,,,
2009-12-03,6.53,6.57,6.32,6.57,1695260,11137858.2,,,,,
2009-12-04,6.65,6.65,6.53,6.61,944850,6245458.5,,,,,
2009-12-07,6.61,6.65,6.53,6.61,835220,5520804.2,,,,,
2009-12-08,6.57,6.61,6.36,6.4,930840,5957376.0,,,,,
2009-12-09,6.19,6.28,6.11,6.15,2271080,13967142.0,,,,,
2009-12-10,6.28,6.28,6.03,6.03,1359270,8196398.100000001,,,,,
2009-12-11,5.82,5.94,5.73,5.73,2176020,12468594.6,,,,,
2009-12-14,5.86,5.98,5.73,5.98,1572610,9404207.8,,,,,
2009-12-15,5.98,6.07,5.86,5.86,761630,4463151.8,,,,,
2009-12-16,5.77,5.77,5.56,5.56,1257220,6990143.199999999,,,,,
2009-12-17,5.36,5.61,5.31,5.61,1431370,8029985.7,,,,,
2009-12-18,5.77,5.86,5.73,5.86,1327100,7776806.0,,,,,
2009-12-21,6.15,6.15,6.03,6.15,1492840,9180966.0,,,,,
2009-12-22,6.19,6.36,6.07,6.15,1992350,12252952.5,,,,,
2009-12-23,6.15,6.32,6.15,6.23,1804160,11239916.8,,,,,
2009-12-24,6.23,6.53,6.11,6.53,1838190,12003380.7,,,,,
2009-12-25,6.69,6.82,6.69,6.82,2006840,13686648.8,,,,,
2009-12-28,6.74,7.03,6.69,6.82,1832860,12500105.2,,,,,
2009-12-29,6.74,6.9,6.65,6.69,1945070,13012518.3,,,,,
2009-12-30,6.74,7.03,6.69,6.9,1968880,13585272.0,,,,,
2009-12-31,7.12,7.24,7.12,7.16,3864890,27672612.4,,,,,
2010-01-04,7.41,7.5,7.41,7.5,460760,3455700.0,,,,,
2010-01-05,7.84,7.84,7.79,7.84,1914560,15010150.4,,,,,
2010-01-06,7.84,8.22,7.84,8.05,3619690,29138504.500000004,,,,,
2010-01-07,8.09,8.13,7.84,7.84,3156860,24749782.4,,,,,
2010-01-08,8.05,8.09,7.71,7.71,3232490,24922497.9,,,,,
2010-01-11,7.79,7.79,7.58,7.67,1781590,13664795.3,,,,,
2010-01-12,7.62,7.71,7.28,7.28,2337510,17017072.8,,,,,
2010-01-13,7.28,7.62,6.99,7.62,2511590,19138315.8,,,,,
2010-01-14,7.84,7.84,7.58,7.62,1631360,12430963.2,,,,,
2010-01-15,7.5,7.67,7.37,7.45,1380140,10282043.0,,,,,
2010-01-18,7.33,7.37,7.12,7.12,2603960,18540195.2,,,,,
2010-01-19,7.16,7.37,7.12,7.28,1616640,11769139.2,,,,,
2010-01-20,7.37,7.37,7.07,7.12,1469170,10460490.4,,,,,
2010-01-21,6.99,7.16,6.82,6.95,1999820,13898749.0,,,,,
2010-01-22,6.9,7.03,6.78,7.03,1103440,7757183.2,,,,,
2010-01-25,7.03,7.07,6.95,6.99,1042410,7286445.9,,,,,
2010-01-26,7.2,7.33,7.16,7.33,1644920,12057263.6,,,,,
2010-01-27,7.24,7.37,7.07,7.07,1129600,7986272.0,,,,,
2010-01-28,7.03,7.07,6.95,6.95,911950,6338052.5,,,,,
2010-01-29,6.95,7.03,6.82,6.99,1011600,7071084.0,,,,,
2010-02-01,7.03,7.07,6.95,7.07,613090,4334546.3,,,,,
2010-02-02,7.16,7.16,7.03,7.03,829790,5833423.7,,,,,
2010-02-03,7.07,7.12,7.03,7.12,866360,6168483.2,,,,,
2010-02-04,7.12,7.45,7.12,7.37,1533090,11298873.3,,,,,
2010-02-05,7.2,7.37,7.16,7.16,1631350,11680466.0,,,,,
2010-02-08,7.16,7.2,7.07,7.2,699220,5034384.0,,,,,
2010-02-09,7.12,7.16,7.03,7.12,703140,5006356.8,,,,,
2010-02-10,7.2,7.2,7.12,7.16,808550,5789218.0,,,,,
2010-02-11,7.2,7.24,7.12,7.24,634970,4597182.8,,,,,
2010-02-12,7.28,7.33,7.24,7.28,903460,6577188.8,,,,,
2010-02-22,7.33,7.37,7.28,7.28,519030,3778538.4,,,,,
2010-02-23,7.16,7.2,7.07,7.07,766590,5419791.3,,,,,
2010-02-24,7.07,7.2,7.03,7.2,1198160,8626752.0,,,,,
2010-02-25,7.24,7.33,7.2,7.24,1432010,10367752.4,,,,,
2010-02-26,7.2,7.28,7.2,7.28,840610,6119640.8,,,,,
2010-03-01,7.33,7.33,7.24,7.24,1195710,8656940.4,,,,,
2010-03-02,7.24,7.37,7.2,7.24,2009080,14545739.2,,,,,
2010-03-03,7.28,7.37,7.24,7.37,2502130,18440698.1,,,,,
2010-03-04,7.45,7.58,7.41,7.45,2336870,17409681.5,,,,,
2010-03-05,7.5,7.54,7.41,7.54,1625920,12259436.8,,,,,
2010-03-08,7.67,7.84,7.67,7.79,3012020,23463635.8,,,,,
2010-03-09,7.79,7.88,7.75,7.84,1841030,14433675.2,,,,,
2010-03-10,7.79,7.84,7.75,7.75,1982730,15366157.5,,,,,
2010-03-11,7.79,7.84,7.67,7.71,1901090,14657403.9,,,,,
2010-03-12,7.75,7.75,7.67,7.75,1512500,11721875.0,,,,,
2010-03-15,7.79,7.84,7.67,7.71,1482010,11426297.1,,,,,
2010-03-16,7.75,7.75,7.45,7.54,3235630,24396650.2,,,,,
2010-03-17,7.62,7.62,7.45,7.45,1911440,14240228.0,,,,,
2010-03-18,7.62,7.71,7.5,7.67,3935800,30187586.0,,,,,
2010-03-19,7.67,7.67,7.54,7.54,1838980,13865909.2,,,,,
2010-03-22,7.54,7.54,7.41,7.41,2276240,16866938.4,,,,,
2010-03-23,7.37,7.45,7.37,7.37,1807050,13317958.5,,,,,
2010-03-24,7.41,7.45,7.37,7.41,3590690,26607012.9,,,,,
2010-03-25,7.78,7.78,7.78,7.78,606350,4717403.0,,,,,
2010-03-26,8.06,8.08,7.79,7.84,7116360,55792262.4,,,,,
2010-03-29,7.84,7.84,7.62,7.62,2370310,18061762.2,,,,,
2010-03-30,7.56,7.61,7.37,7.37,1728000,12735360.0,,,,,
2010-03-31,7.32,7.45,7.32,7.32,1577570,11547812.4,,,,,
2010-04-01,7.28,7.45,7.23,7.4,1745340,12915516.0,,,,,
2010-04-02,7.44,7.54,7.37,7.44,1563440,11631993.6,,,,,
2010-04-05,7.51,7.57,7.47,7.49,1016450,7613210.5,,,,,
2010-04-06,7.49,7.54,7.39,7.39,1396030,10316661.7,,,,,
2010-04-07,7.39,7.42,7.32,7.35,1024560,7530516.0,,,,,
2010-04-08,7.39,7.44,7.34,7.34,1423720,10450104.8,,,,,
2010-04-09,7.37,7.44,7.32,7.32,1148570,8407532.4,,,,,
2010-04-12,7.4,7.44,7.32,7.34,1205620,8849250.8,,,,,
2010-04-13,7.37,7.44,7.35,7.35,1090250,8013337.5,,,,,
2010-04-14,7.35,7.37,7.3,7.32,943970,6909860.4,,,,,
2010-04-15,7.37,7.37,7.32,7.32,1163180,8514477.6,,,,,
2010-04-16,7.35,7.37,7.3,7.32,1040730,7618143.600000001,,,,,
2010-04-19,7.28,7.32,7.23,7.23,1370450,9908353.5,,,,,
2010-04-20,7.2,7.25,7.15,7.15,1580420,11300003.0,,,,,
2010-04-21,7.17,7.22,7.12,7.13,1092260,7787813.8,,,,,
2010-04-22,7.22,7.49,7.2,7.49,3548070,26575044.3,,,,,
2010-04-26,7.54,7.81,7.51,7.64,3776230,28850397.2,,,,,
2010-04-27,7.59,7.61,7.49,7.54,1518230,11447454.2,,,,,
2010-04-28,7.51,7.52,7.45,7.51,1220450,9165579.5,,,,,
2010-04-29,7.54,7.59,7.39,7.39,1627280,12025599.2,,,,,
2010-05-04,7.47,7.57,7.4,7.49,1956040,14650739.6,,,,,
2010-05-05,7.44,7.49,7.39,7.4,1425620,10549588.0,,,,,
2010-05-06,7.4,7.44,7.3,7.3,1817870,13270451.0,,,,,
2010-05-07,7.2,7.27,7.12,7.2,1727410,12437352.0,,,,,
2010-05-10,7.12,7.15,6.98,6.98,3457840,24135723.200000003,,,,,
2010-05-11,7.03,7.05,6.91,6.95,3641020,25305089.0,,,,,
2010-05-12,6.84,6.86,6.69,6.69,3237140,21656466.6,,,,,
2010-05-13,6.78,6.83,6.62,6.67,2886420,19252421.4,,,,,
2010-05-14,6.62,6.76,6.62,6.62,2337300,15472926.0,,,,,
2010-05-17,6.61,6.61,6.35,6.35,2938340,18658459.0,,,,,
2010-05-18,6.35,6.4,6.25,6.3,2375470,14965461.0,,,,,
2010-05-19,6.3,6.32,6.1,6.1,2953440,18015984.0,,,,,
2010-05-20,5.91,6.39,5.91,6.39,3582750,22893772.5,,,,,
2010-05-21,6.18,6.32,6.08,6.08,4898770,29784521.6,,,,,
2010-05-24,6.27,6.37,6.13,6.37,2928080,18651869.6,,,,,
2010-05-25,6.35,6.44,6.25,6.34,2246230,14241098.2,,,,,
2010-05-26,6.39,6.39,6.3,6.32,1764840,11153788.8,,,,,
2010-05-27,6.27,6.35,6.2,6.35,1694300,10758805.0,,,,,
2010-05-28,6.46,6.61,6.39,6.54,3060440,20015277.6,,,,,
2010-05-31,6.49,6.51,6.35,6.44,1932690,12446523.6,,,,,
2010-06-01,6.4,6.44,6.34,6.4,1377340,8814976.0,,,,,
2010-06-02,6.34,6.39,6.28,6.35,1479310,9393618.5,,,,,
2010-06-03,6.44,6.46,6.35,6.35,1276600,8106410.0,,,,,
2010-06-04,6.35,6.39,6.3,6.32,926700,5856744.0,,,,,
2010-06-07,6.13,6.22,6.11,6.16,2781740,17135518.400000002,,,,,
2010-06-08,6.13,6.16,6.1,6.13,1495900,9169867.0,,,,,
2010-06-09,6.18,6.22,6.11,6.11,906580,5539203.800000001,,,,,
2010-06-10,6.11,6.15,6.1,6.13,713980,4376697.4,,,,,
2010-06-11,6.18,6.25,6.16,6.16,1294970,7977015.2,,,,,
2010-06-14,6.2,6.22,6.16,6.16,1076710,6632533.600000001,,,,,
2010-06-15,6.13,6.18,6.11,6.11,935280,5714560.800000001,,,,,
2010-06-16,6.18,6.27,6.13,6.18,1459910,9022243.8,,,,,
2010-06-17,6.18,6.18,6.15,6.15,723880,4451862.0,,,,,
2010-06-18,6.15,6.16,6.13,6.15,813630,5003824.5,,,,,
2010-06-21,6.18,6.2,6.15,6.18,847910,5240083.8,,,,,
2010-06-22,6.15,6.18,6.11,6.13,1020150,6253519.5,,,,,
2010-06-23,6.1,6.15,6.1,6.11,933400,5703074.0,,,,,
2010-06-24,6.11,6.15,6.11,6.13,996260,6107073.8,,,,,
2010-06-25,6.08,6.1,6.01,6.01,1275160,7663711.6,,,,,
2010-06-28,6.01,6.04,5.98,5.99,937340,5614666.600000001,,,,,
2010-06-29,6.01,6.04,5.98,5.99,1640590,9827134.1,,,,,
2010-06-30,5.84,5.96,5.84,5.91,995460,5883168.600000001,,,,,
2010-07-01,5.89,5.91,5.86,5.89,754280,4442709.2,,,,,
2010-07-02,5.92,5.94,5.82,5.84,1091670,6375352.8,,,,,
2010-07-05,5.84,5.84,5.79,5.79,900350,5213026.5,,,,,
2010-07-06,5.75,5.75,5.67,5.67,1206470,6840684.9,,,,,
2010-07-07,5.67,5.74,5.65,5.65,848810,4795776.5,,,,,
2010-07-08,5.77,5.79,5.67,5.67,596000,3379320.0,,,,,
2010-07-09,5.68,5.7,5.65,5.65,730020,4124613.000000001,,,,,
2010-07-12,5.67,5.68,5.62,5.68,678150,3851892.0,,,,,
2010-07-13,5.79,5.96,5.74,5.96,1586550,9455838.0,,,,,
2010-07-14,6.13,6.18,6.03,6.03,2281050,13754731.5,,,,,
2010-07-15,6.03,6.04,5.92,5.92,704360,4169811.2,,,,,
2010-07-16,5.89,5.94,5.84,5.91,608330,3595230.3000000003,,,,,
2010-07-19,5.87,5.87,5.8,5.8,859110,4982838.0,,,,,
2010-07-20,5.8,5.84,5.79,5.79,733530,4247138.7,,,,,
2010-07-21,5.77,5.79,5.72,5.75,801660,4609545.0,,,,,
2010-07-22,5.77,5.79,5.72,5.72,754690,4316826.8,,,,,
2010-07-23,5.74,5.75,5.68,5.7,846250,4823625.0,,,,,
2010-07-26,5.67,5.7,5.63,5.65,869660,4913579.0,,,,,
2010-07-27,5.67,5.74,5.65,5.67,1180150,6691450.5,,,,,
2010-07-28,5.63,5.67,5.58,5.6,853990,4782344.0,,,,,
2010-07-29,5.6,5.65,5.58,5.62,855290,4806729.8,,,,,
2010-07-30,5.62,5.72,5.62,5.63,944020,5314832.6,,,,,
2010-08-02,5.6,5.63,5.55,5.55,695430,3859636.5,,,,,
2010-08-03,5.55,5.62,5.53,5.53,1171240,6476957.2,,,,,
2010-08-04,5.49,5.49,5.41,5.43,961920,5223225.6,,,,,
2010-08-05,5.49,5.49,5.37,5.41,663630,3590238.3000000003,,,,,
2010-08-06,5.41,5.41,5.36,5.36,804400,4311584.0,,,,,
2010-08-09,5.34,5.34,5.13,5.13,1044090,5356181.7,,,,,
2010-08-10,5.15,5.17,4.91,5.0,1772750,8863750.0,,,,,
2010-08-11,5.12,5.12,4.96,5.0,953360,4766800.0,,,,,
2010-08-12,4.93,4.93,4.76,4.76,1647550,7842338.0,,,,,
2010-08-13,4.65,4.86,4.64,4.86,1390960,6760065.600000001,,,,,
2010-08-16,4.98,5.1,4.91,5.1,1692050,8629455.0,,,,,
2010-08-17,5.03,5.12,4.93,5.03,1035110,5206603.3,,,,,
2010-08-18,5.03,5.03,4.88,4.89,880930,4307747.699999999,,,,,
2010-08-19,4.88,4.91,4.77,4.81,723150,3478351.4999999995,,,,,
2010-08-20,4.81,4.89,4.74,4.89,794060,3882953.4,,,,,
2010-08-23,4.81,4.83,4.77,4.77,467300,2229021.0,,,,,
2010-08-24,4.67,4.7,4.57,4.57,1361440,6221780.800000001,,,,,
2010-08-25,4.41,4.46,4.34,4.34,1854670,8049267.8,,,,,
2010-08-26,4.46,4.46,4.29,4.38,1011870,4431990.6,,,,,
2010-08-27,4.34,4.41,4.28,4.38,815760,3573028.8,,,,,
2010-08-30,4.55,4.58,4.53,4.58,476930,2184339.4,,,,,
2010-08-31,4.65,4.81,4.65,4.81,3351470,16120570.7,,,,,
2010-09-01,4.81,4.89,4.74,4.89,1365780,6678664.199999999,,,,,
2010-09-06,4.98,5.13,4.95,5.13,3173240,16278721.2,,,,,
2010-09-07,5.07,5.24,4.98,5.01,2180100,10922301.0,,,,,
2010-09-08,4.84,4.98,4.83,4.89,1763930,8625617.7,,,,,
2010-09-09,4.98,5.05,4.89,4.98,1657610,8254897.800000001,,,,,
2010-09-10,4.98,5.0,4.74,4.74,2278520,10800184.8,,,,,
2010-09-13,4.7,4.77,4.57,4.6,1439520,6621791.999999999,,,,,
2010-09-14,4.72,4.72,4.6,4.69,1036940,4863248.600000001,,,,,
2010-09-15,4.7,4.7,4.6,4.64,1050770,4875572.8,,,,,
2010-09-16,4.64,4.69,4.62,4.65,750560,3490104.0000000005,,,,,
2010-09-17,4.7,4.88,4.69,4.88,1819850,8880868.0,,,,,
2010-09-20,5.0,5.01,4.84,4.84,1172540,5675093.6,,,,,
2010-09-21,4.81,4.86,4.79,4.81,848090,4079312.9,,,,,
2010-09-22,4.81,4.84,4.76,4.77,513040,2447200.8,,,,,
2010-09-23,4.74,4.77,4.62,4.69,1382200,6482518.000000001,,,,,
2010-09-24,4.69,4.76,4.69,4.74,937770,4445029.8,,,,,
2010-09-27,4.79,4.79,4.72,4.72,631110,2978839.2,,,,,
2010-09-28,4.81,4.81,4.7,4.7,927160,4357652.0,,,,,
2010-09-29,4.72,4.72,4.64,4.64,707510,3282846.4,,,,,
2010-09-30,4.62,4.64,4.6,4.62,676740,3126538.8000000003,,,,,
2010-10-01,4.64,4.65,4.57,4.57,646680,2955327.6,,,,,
2010-10-04,4.58,4.58,4.41,4.41,1078390,4755699.9,,,,,
2010-10-05,4.31,4.58,4.31,4.58,1066680,4885394.4,,,,,
2010-10-06,4.58,4.67,4.55,4.64,946690,4392641.6,,,,,
2010-10-07,4.55,4.69,4.55,4.57,958280,4379339.600000001,,,,,
2010-10-08,4.57,4.6,4.52,4.53,532190,2410820.7,,,,,
2010-10-11,4.53,4.55,4.5,4.5,317430,1428435.0,,,,,
2010-10-12,4.48,4.5,4.41,4.43,740090,3278598.7,,,,,
2010-10-13,4.43,4.46,4.34,4.45,492690,2192470.5,,,,,
2010-10-14,4.48,4.53,4.41,4.41,392660,1731630.6,,,,,
2010-10-15,4.41,4.46,4.4,4.4,436050,1918620.0,,,,,
2010-10-18,4.45,4.46,4.4,4.4,487790,2146276.0,,,,,
2010-10-19,4.43,4.43,4.31,4.34,1013470,4398459.8,,,,,
2010-10-20,4.31,4.33,4.16,4.16,1050480,4369996.8,,,,,
2010-10-21,4.19,4.29,4.16,4.16,663770,2761283.2,,,,,
2010-10-22,4.21,4.21,4.14,4.16,539430,2244028.8000000003,,,,,
2010-10-25,4.21,4.21,4.12,4.17,671750,2801197.5,,,,,
2010-10-26,4.21,4.38,4.21,4.33,1539600,6666468.0,,,,,
2010-10-27,4.33,4.34,4.24,4.24,814820,3454836.8000000003,,,,,
2010-10-28,4.24,4.29,4.22,4.22,438510,1850512.2,,,,,
2010-10-29,4.22,4.29,4.22,4.24,708690,3004845.6,,,,,
2010-11-01,4.24,4.26,4.21,4.21,511030,2151436.3,,,,,
2010-11-02,4.17,4.21,4.1,4.12,1489260,6135751.2,,,,,
2010-11-03,4.12,4.14,4.04,4.04,807000,3260280.0,,,,,
2010-11-04,4.04,4.14,4.04,4.09,483540,1977678.6,,,,,
2010-11-05,4.21,4.28,4.12,4.24,1907380,8087291.2,,,,,
2010-11-08,4.28,4.4,4.24,4.29,2913770,12500073.3,,,,,
2010-11-09,4.26,4.28,4.17,4.17,1154550,4814473.5,,,,,
2010-11-10,4.17,4.19,4.12,4.14,1259580,5214661.199999999,,,,,
2010-11-11,4.16,4.17,4.1,4.1,1018770,4176957.0,,,,,
2010-11-12,3.98,4.07,3.92,4.04,2492820,10070992.8,,,,,
2010-11-15,4.04,4.09,3.92,3.92,1415140,5547348.8,,,,,
2010-11-16,3.95,3.95,3.78,3.79,1571940,5957652.6,,,,,
2010-11-17,3.79,3.88,3.78,3.79,1308090,4957661.1,,,,,
2010-11-18,3.86,3.95,3.85,3.88,1258500,4882980.0,,,,,
2010-11-19,3.92,3.93,3.81,3.81,884830,3371202.3000000003,,,,,
2010-11-22,3.76,3.78,3.71,3.74,952840,3563621.6,,,,,
2010-11-23,3.76,3.83,3.76,3.81,842970,3211715.7,,,,,
2010-11-24,3.78,3.85,3.74,3.78,816190,3085198.2,,,,,
2010-11-25,3.81,3.93,3.81,3.86,1285250,4961065.0,,,,,
2010-11-26,3.93,3.93,3.83,3.86,1113070,4296450.2,,,,,
2010-11-29,3.88,4.05,3.83,4.05,1483170,6006838.5,,,,,
2010-11-30,4.22,4.24,4.21,4.24,4017280,17033267.2,,,,,
2010-12-01,4.28,4.43,4.19,4.36,3318670,14469401.2,,,,,
2010-12-02,4.41,4.57,4.4,4.57,4262590,19480036.3,,,,,
2010-12-03,4.79,4.79,4.79,4.79,1467970,7031576.3,,,,,
2010-12-06,5.01,5.01,4.95,5.01,7155230,35847702.3,,,,,
2010-12-07,5.01,5.19,4.86,4.86,6080210,29549820.6,,,,,
2010-12-08,4.86,4.98,4.62,4.62,5362250,24773595.0,,,,,
2010-12-09,4.72,4.84,4.57,4.84,3707280,17943235.2,,,,,
2010-12-10,4.95,5.08,4.91,5.08,4610890,23423321.2,,,,,
2010-12-13,5.32,5.32,5.32,5.32,450490,2396606.8000000003,,,,,
2010-12-14,5.58,5.58,5.17,5.32,10586400,56319648.0,,,,,
2010-12-15,5.41,5.58,5.34,5.48,5398520,29583889.6,,,,,
2010-12-16,5.32,5.44,5.22,5.22,5291770,27623039.4,,,,,
2010-12-17,5.41,5.48,5.22,5.48,3855110,21126002.8,,,,,
2010-12-20,5.6,5.72,5.44,5.44,4441760,24163174.4,,,,,
2010-12-21,5.41,5.63,5.2,5.46,5396400,29464344.0,,,,,
2010-12-22,5.58,5.63,5.34,5.34,4149380,22157689.2,,,,,
2010-12-23,5.34,5.41,5.24,5.27,3429040,18071040.8,,,,,
2010-12-24,5.27,5.44,5.19,5.32,2156700,11473644.0,,,,,
2010-12-27,5.32,5.39,5.27,5.32,1500580,7983085.600000001,,,,,
2010-12-28,5.37,5.58,5.34,5.58,4206640,23473051.2,,,,,
2010-12-29,5.67,5.77,5.51,5.51,3569810,19669653.1,,,,,
2010-12-30,5.44,5.56,5.44,5.44,1548200,8422208.0,,,,,
2010-12-31,5.44,5.58,5.44,5.49,2155610,11834298.9,,,,,
2011-01-04,5.58,5.62,5.51,5.53,1467250,8113892.5,,,,,
2011-01-05,5.53,5.55,5.37,5.37,2427920,13037930.4,,,,,
2011-01-06,5.37,5.41,5.29,5.36,1844330,9885608.8,,,,,
2011-01-07,5.39,5.44,5.34,5.34,1555480,8306263.2,,,,,
2011-01-10,5.29,5.32,5.17,5.2,2135120,11102624.0,,,,,
2011-01-11,5.12,5.17,4.98,4.98,3345610,16661137.8,,,,,
2011-01-12,5.07,5.12,4.98,5.07,1790810,9079406.7,,,,,
2011-01-13,5.1,5.22,5.05,5.13,1703400,8738442.0,,,,,
2011-01-14,5.13,5.2,5.1,5.2,1481200,7702240.0,,,,,
2011-01-17,5.19,5.39,5.19,5.22,2570450,13417749.0,,,,,
2011-01-18,5.22,5.29,5.13,5.13,1614080,8280230.399999999,,,,,
2011-01-19,5.15,5.25,5.07,5.13,2121730,10884474.9,,,,,
2011-01-20,5.15,5.2,5.08,5.08,1426120,7244689.600000001,,,,,
2011-01-21,5.08,5.2,5.07,5.08,2505790,12729413.2,,,,,
2011-01-24,5.08,5.13,4.93,4.95,2419480,11976426.0,,,,,
2011-01-25,4.95,4.96,4.86,4.88,2339530,11416906.4,,,,,
2011-01-26,4.88,5.01,4.88,4.96,860750,4269320.0,,,,,
2011-01-27,5.0,5.15,4.98,5.12,1367640,7002316.8,,,,,
2011-01-28,5.12,5.2,5.1,5.12,1223550,6264576.0,,,,,
2011-02-08,5.12,5.17,5.12,5.13,874590,4486646.7,,,,,
2011-02-09,5.25,5.36,5.13,5.13,1579680,8103758.399999999,,,,,
2011-02-10,5.13,5.22,5.1,5.13,1288420,6609594.6,,,,,
2011-02-11,5.17,5.17,5.07,5.12,1035260,5300531.2,,,,,
2011-02-14,5.1,5.15,5.05,5.07,1050090,5323956.300000001,,,,,
2011-02-15,5.01,5.07,4.96,5.01,1889930,9468549.3,,,,,
2011-02-16,5.01,5.01,4.91,4.91,1798060,8828474.6,,,,,
2011-02-17,4.86,4.91,4.74,4.83,2733260,13201645.8,,,,,
2011-02-18,4.83,4.83,4.62,4.64,2369270,10993412.8,,,,,
2011-02-21,4.46,4.48,4.41,4.41,1953790,8616213.9,,,,,
2011-02-22,4.21,4.33,4.21,4.21,5445260,22924544.6,,,,,
2011-02-23,4.28,4.33,4.17,4.22,2170820,9160860.4,,,,,
2011-02-24,4.14,4.24,4.02,4.21,3686110,15518523.1,,,,,
2011-02-25,4.24,4.33,4.19,4.33,2197230,9514005.9,,,,,
2011-02-28,4.31,4.36,4.19,4.19,2307230,9667293.7,,,,,
2011-03-01,4.12,4.19,4.1,4.16,1825830,7595452.8,,,,,
2011-03-02,4.1,4.1,3.95,3.95,3613510,14273364.5,,,,,
2011-03-03,3.81,3.92,3.78,3.78,3102450,11727261.0,,,,,
2011-03-04,3.83,3.85,3.74,3.83,2099190,8039897.7,,,,,
2011-03-07,3.85,3.92,3.85,3.86,1688300,6516838.0,,,,,
2011-03-08,3.85,3.9,3.79,3.79,1701140,6447320.6,,,,,
2011-03-09,3.76,3.78,3.61,3.67,1866260,6849174.2,,,,,
2011-03-10,3.67,3.85,3.67,3.85,1394550,5369017.5,,,,,
2011-03-11,4.04,4.04,4.04,4.04,630750,2548230.0,,,,,
2011-03-14,4.22,4.22,3.93,4.07,6846560,27865499.200000003,,,,,
2011-03-15,4.05,4.16,3.97,4.05,1974600,7997130.0,,,,,
2011-03-16,4.04,4.14,4.02,4.09,1832790,7496111.1,,,,,
2011-03-17,4.17,4.26,4.07,4.1,1871780,7674297.999999999,,,,,
2011-03-18,4.09,4.29,4.07,4.29,3335320,14308522.8,,,,,
2011-03-21,4.41,4.41,4.26,4.26,2408570,10260508.2,,,,,
2011-03-22,4.22,4.22,4.07,4.07,1946080,7920545.600000001,,,,,
2011-03-23,4.07,4.21,4.05,4.21,1528540,6435153.4,,,,,
2011-03-24,4.12,4.22,4.1,4.1,1711250,7016124.999999999,,,,,
2011-03-25,4.09,4.12,4.02,4.05,1268240,5136372.0,,,,,
2011-03-28,4.12,4.14,4.04,4.05,1338660,5421573.0,,,,,
2011-03-29,4.07,4.09,3.86,3.93,2336130,9180990.9,,,,,
2011-03-30,3.81,3.88,3.79,3.85,1665750,6413137.5,,,,,
2011-03-31,3.88,3.95,3.86,3.86,1294210,4995650.6,,,,,
2011-04-01,3.86,3.86,3.81,3.81,1284140,4892573.4,,,,,
2011-04-04,3.71,3.81,3.71,3.71,1444280,5358278.8,,,,,
2011-04-05,3.71,3.76,3.69,3.71,1098880,4076844.8,,,,,
2011-04-06,3.74,3.88,3.71,3.88,1303680,5058278.399999999,,,,,
2011-04-07,3.9,3.93,3.83,3.83,1129850,4327325.5,,,,,
2011-04-08,3.81,3.83,3.78,3.78,640310,2420371.8,,,,,
2011-04-13,3.78,3.81,3.74,3.78,824120,3115173.6,,,,,
2011-04-14,3.78,3.79,3.73,3.73,680240,2537295.2,,,,,
2011-04-15,3.69,3.74,3.66,3.66,1638240,5995958.4,,,,,
2011-04-18,3.5,3.66,3.5,3.5,1603700,5612950.0,,,,,
2011-04-19,3.4,3.54,3.4,3.45,1618300,5583135.0,,,,,
2011-04-20,3.45,3.5,3.43,3.49,654260,2283367.4,,,,,
2011-04-21,3.49,3.5,3.38,3.38,908560,3070932.8,,,,,
2011-04-22,3.42,3.42,3.26,3.31,1379640,4566608.4,,,,,
2011-04-25,3.4,3.47,3.37,3.47,1217870,4226008.9,,,,,
2011-04-26,3.47,3.57,3.38,3.4,1560440,5305496.0,,,,,
2011-04-27,3.43,3.5,3.4,3.47,1492910,5180397.7,,,,,
2011-04-28,3.49,3.5,3.43,3.47,1055170,3661439.9,,,,,
2011-04-29,3.47,3.57,3.45,3.52,1572120,5533862.4,,,,,
2011-05-04,3.52,3.57,3.5,3.52,1214360,4274547.2,,,,,
2011-05-05,3.52,3.52,3.42,3.43,1000480,3431646.4000000004,,,,,
2011-05-06,3.47,3.47,3.42,3.47,877840,3046104.8000000003,,,,,
2011-05-09,3.54,3.57,3.47,3.55,1874060,6652913.0,,,,,
2011-05-10,3.54,3.59,3.52,3.52,808200,2844864.0,,,,,
2011-05-11,3.52,3.52,3.47,3.47,862270,2992076.9000000004,,,,,
2011-05-12,3.45,3.5,3.45,3.47,710280,2464671.6,,,,,
2011-05-13,3.47,3.5,3.45,3.47,876410,3041142.7,,,,,
2011-05-16,3.45,3.49,3.4,3.4,1089750,3705150.0,,,,,
2011-05-17,3.38,3.42,3.33,3.33,1124830,3745683.9,,,,,
2011-05-18,3.35,3.35,3.26,3.31,1660160,5495129.6,,,,,
2011-05-19,3.33,3.35,3.28,3.28,1066980,3499694.4,,,,,
2011-05-20,3.28,3.28,3.18,3.18,1519290,4831342.2,,,,,
2011-05-23,3.02,3.13,3.02,3.02,2351830,7102526.6,,,,,
2011-05-24,2.92,2.94,2.88,2.88,3139520,9041817.6,,,,,
2011-05-25,2.76,2.83,2.75,2.75,1635020,4496305.0,,,,,
2011-05-26,2.61,2.88,2.61,2.88,3426260,9867628.8,,,,,
2011-05-27,2.88,3.02,2.88,3.02,2585690,7808783.8,,,,,
2011-05-30,3.04,3.04,2.88,2.88,2147710,6185404.8,,,,,
2011-05-31,2.76,2.87,2.75,2.82,1985840,5600068.8,,,,,
2011-06-01,2.78,2.95,2.78,2.95,1804810,5324189.5,,,,,
2011-06-02,3.09,3.09,3.04,3.09,1646120,5086510.8,,,,,
2011-06-03,3.25,3.25,3.02,3.07,5992510,18397005.7,,,,,
2011-06-06,3.06,3.18,2.99,3.18,2031220,6459279.600000001,,,,,
2011-06-07,3.33,3.33,3.28,3.33,3701910,12327360.3,,,,,
2011-06-08,3.35,3.43,3.26,3.28,3110470,10202341.6,,,,,
2011-06-09,3.25,3.4,3.25,3.35,2767820,9272197.0,,,,,
2011-06-10,3.47,3.5,3.43,3.5,5399770,18899195.0,,,,,
2011-06-13,3.5,3.59,3.43,3.55,2460250,8733887.5,,,,,
2011-06-14,3.5,3.73,3.43,3.43,4890440,16774209.2,,,,,
2011-06-15,3.38,3.43,3.26,3.26,4014530,13087367.8,,,,,
2011-06-16,3.26,3.42,3.21,3.42,2616580,8948703.6,,,,,
2011-06-17,3.42,3.42,3.26,3.26,3063270,9986260.2,,,,,
2011-06-20,3.18,3.26,3.11,3.11,3561680,11076824.8,,,,,
2011-06-21,3.16,3.26,3.04,3.26,2342780,7637462.8,,,,,
2011-06-22,3.31,3.35,3.21,3.26,1554330,5067115.8,,,,,
2011-06-23,3.21,3.26,3.18,3.19,990360,3159248.4,,,,,
2011-06-24,3.25,3.25,3.16,3.23,787590,2543915.7,,,,,
2011-06-27,3.23,3.25,3.21,3.21,804270,2581706.7,,,,,
2011-06-28,3.16,3.23,3.14,3.14,1242640,3901889.6,,,,,
2011-06-29,3.14,3.14,3.07,3.11,1308270,4068719.7,,,,,
2011-06-30,3.09,3.14,3.04,3.04,1451920,4413836.8,,,,,
2011-07-01,3.04,3.04,2.94,2.95,1937000,5714150.0,,,,,
2011-07-04,2.95,2.99,2.92,2.97,943150,2801155.5,,,,,
2011-07-05,3.09,3.11,3.07,3.11,1837990,5716148.899999999,,,,,
2011-07-06,3.13,3.16,3.02,3.09,1426320,4407328.8,,,,,
2011-07-07,3.06,3.13,3.04,3.06,1066820,3264469.2,,,,,
2011-07-08,3.06,3.06,3.02,3.04,742140,2256105.6,,,,,
2011-07-11,2.99,3.04,2.99,2.99,783030,2341259.7,,,,,
2011-07-12,2.95,3.0,2.94,2.99,1139690,3407673.1,,,,,
2011-07-13,3.11,3.11,3.0,3.06,1114260,3409635.6,,,,,
2011-07-14,3.04,3.09,3.0,3.07,869170,2668351.9,,,,,
2011-07-15,3.09,3.09,3.04,3.06,446180,1365310.8,,,,,
2011-07-18,3.0,3.06,2.97,3.06,1112780,3405106.8000000003,,,,,
2011-07-19,3.04,3.06,3.02,3.04,625470,1901428.8,,,,,
2011-07-20,3.07,3.16,3.04,3.16,974420,3079167.2,,,,,
2011-07-21,3.16,3.18,3.07,3.07,633020,1943371.4,,,,,
2011-07-22,3.04,3.07,3.04,3.06,455830,1394839.8,,,,,
2011-07-25,3.07,3.07,3.04,3.04,393810,1197182.4,,,,,
2011-07-26,3.02,3.06,3.02,3.04,453240,1377849.6,,,,,
2011-07-27,3.04,3.06,2.99,3.0,558770,1676310.0,,,,,
2011-07-28,3.0,3.07,3.0,3.02,374670,1131503.4,,,,,
2011-07-29,3.02,3.06,2.97,2.99,712020,2128939.8000000003,,,,,
2011-08-01,2.99,2.99,2.94,2.95,654220,1929949.0,,,,,
2011-08-02,2.94,2.95,2.87,2.88,947980,2730182.4,,,,,
2011-08-03,2.85,2.88,2.83,2.85,673850,1920472.5,,,,,
2011-08-04,2.92,2.99,2.88,2.99,1230040,3677819.6,,,,,
2011-08-05,2.95,3.04,2.92,2.97,1087050,3228538.5,,,,,
2011-08-08,2.97,2.97,2.9,2.9,974890,2827181.0,,,,,
2011-08-09,2.82,2.83,2.76,2.8,1508210,4222988.0,,,,,
2011-08-10,2.88,2.88,2.82,2.87,1049700,3012639.0,,,,,
2011-08-11,2.8,2.88,2.78,2.85,946490,2697496.5,,,,,
2011-08-12,2.9,2.9,2.85,2.88,707770,2038377.6,,,,,
2011-08-15,2.88,2.92,2.87,2.9,926830,2687807.0,,,,,
2011-08-16,2.9,2.97,2.9,2.94,793940,2334183.6,,,,,
2011-08-17,2.95,3.07,2.94,3.07,2773700,8515259.0,,,,,
2011-08-18,3.16,3.21,3.14,3.18,3756360,11945224.8,,,,,
2011-08-19,3.14,3.21,3.07,3.13,2038550,6380661.5,,,,,
2011-08-22,3.25,3.28,3.23,3.28,2654960,8708268.799999999,,,,,
2011-08-23,3.26,3.33,3.23,3.26,2749660,8963891.6,,,,,
2011-08-24,3.33,3.33,3.21,3.21,1875980,6021895.8,,,,,
2011-08-25,3.19,3.3,3.19,3.3,2120950,6999135.0,,,,,
2011-08-26,3.3,3.33,3.26,3.3,2114610,6978213.0,,,,,
2011-08-29,3.42,3.46,3.37,3.46,2099300,7263578.0,,,,,
2011-08-30,3.62,3.62,3.55,3.55,3590260,12745423.0,,,,,
2011-08-31,3.55,3.71,3.51,3.68,3282720,12080409.6,,,,,
2011-09-01,3.66,3.82,3.66,3.82,2758280,10536629.6,,,,,
2011-09-05,3.77,3.84,3.66,3.68,3124500,11498160.0,,,,,
2011-09-06,3.62,3.66,3.55,3.64,3535910,12870712.4,,,,,
2011-09-07,3.71,3.82,3.68,3.82,2654890,10141679.8,,,,,
2011-09-08,3.93,3.99,3.82,3.82,2343990,8954041.799999999,,,,,
2011-09-09,3.79,3.88,3.77,3.8,1957550,7438690.0,,,,,
2011-09-12,3.75,3.8,3.7,3.73,2316650,8641104.5,,,,,
2011-09-13,3.79,3.91,3.73,3.91,3986470,15587097.7,,,,,
2011-09-14,3.89,3.93,3.73,3.73,2487930,9279978.9,,,,,
2011-09-15,3.68,3.8,3.6,3.8,2458520,9342376.0,,,,,
2011-09-16,3.8,3.8,3.66,3.66,1416770,5185378.2,,,,,
2011-09-19,3.62,3.77,3.62,3.71,1368990,5078952.9,,,,,
2011-09-20,3.66,3.73,3.64,3.66,1284750,4702185.0,,,,,
2011-09-21,3.7,3.73,3.64,3.66,1450590,5309159.4,,,,,
2011-09-22,3.66,3.75,3.66,3.75,1352510,5071912.5,,,,,
2011-09-23,3.7,3.73,3.68,3.7,828230,3064451.0,,,,,
2011-09-26,3.7,3.71,3.64,3.64,1040860,3788730.4,,,,,
2011-09-27,3.64,3.7,3.62,3.64,1100450,4005638.0,,,,,
2011-09-28,3.71,3.71,3.64,3.68,727010,2675396.8000000003,,,,,
2011-09-29,3.66,3.66,3.53,3.57,1609150,5744665.5,,,,,
2011-09-30,3.55,3.57,3.5,3.53,830940,2933218.2,,,,,
2011-10-03,3.5,3.51,3.42,3.42,1039180,3553995.6,,,,,
2011-10-04,3.37,3.44,3.37,3.39,631380,2140378.2,,,,,
2011-10-05,3.44,3.48,3.41,3.41,710820,2423896.2,,,,,
2011-10-06,3.44,3.53,3.44,3.5,611240,2139340.0,,,,,
2011-10-07,3.5,3.53,3.46,3.48,540190,1879861.2,,,,,
2011-10-10,3.48,3.48,3.42,3.42,474210,1621798.2,,,,,
2011-10-11,3.5,3.5,3.44,3.46,500270,1730934.2,,,,,
2011-10-12,3.39,3.41,3.3,3.3,1856230,6125559.0,,,,,
2011-10-13,3.3,3.33,3.22,3.24,1168920,3787300.8,,,,,
2011-10-14,3.28,3.32,3.26,3.3,543780,1794474.0,,,,,
2011-10-17,3.26,3.3,3.19,3.19,652650,2081953.5,,,,,
2011-10-18,3.15,3.17,3.12,3.13,644620,2017660.6,,,,,
2011-10-19,3.17,3.19,3.1,3.13,619680,1939598.4,,,,,
2011-10-20,3.13,3.17,3.13,3.15,547170,1723585.5,,,,,
2011-10-21,3.17,3.24,3.15,3.22,596340,1920214.8,,,,,
2011-10-24,3.26,3.28,3.19,3.19,795360,2537198.4,,,,,
2011-10-25,3.17,3.19,3.12,3.15,529430,1667704.5,,,,,
2011-10-26,3.12,3.17,3.08,3.08,901520,2776681.6,,,,,
2011-10-27,3.17,3.17,3.1,3.13,408770,1279450.1,,,,,
2011-10-28,3.19,3.28,3.15,3.28,1587290,5206311.199999999,,,,,
2011-10-31,3.44,3.44,3.35,3.35,2262170,7578269.5,,,,,
2011-11-01,3.32,3.39,3.28,3.32,939210,3118177.2,,,,,
2011-11-02,3.26,3.32,3.21,3.21,794190,2549349.9,,,,,
2011-11-03,3.22,3.24,3.13,3.17,862000,2732540.0,,,,,
2011-11-04,3.22,3.22,3.15,3.15,674350,2124202.5,,,,,
2011-11-07,3.12,3.17,3.1,3.12,757000,2361840.0,,,,,
2011-11-08,3.08,3.19,3.08,3.15,777160,2448054.0,,,,,
2011-11-09,3.15,3.19,3.13,3.13,412530,1291218.9,,,,,
2011-11-10,3.08,3.1,3.04,3.04,1284350,3904424.0,,,,,
2011-11-11,3.04,3.08,3.01,3.03,598820,1814424.6,,,,,
2011-11-14,3.01,3.03,2.92,2.95,826050,2436847.5,,,,,
2011-11-15,2.92,3.03,2.92,2.92,538290,1571806.8,,,,,
2011-11-16,2.95,3.03,2.93,3.01,608470,1831494.7,,,,,
2011-11-17,3.01,3.03,2.95,2.95,428800,1264960.0,,,,,
2011-11-18,2.95,2.95,2.92,2.95,571810,1686839.5,,,,,
2011-11-21,2.92,2.97,2.92,2.92,315930,922515.6,,,,,
2011-11-22,2.9,2.97,2.88,2.97,656300,1949211.0,,,,,
2011-11-23,3.03,3.04,2.95,2.99,805480,2408385.2,,,,,
2011-11-24,2.97,2.99,2.92,2.93,380780,1115685.4,,,,,
2011-11-25,2.93,2.95,2.92,2.93,289030,846857.9,,,,,
2011-11-28,2.99,3.06,2.97,2.97,1128970,3353040.9000000004,,,,,
2011-11-29,2.97,2.99,2.95,2.95,291010,858479.5,,,,,
2011-11-30,2.97,2.97,2.92,2.92,461700,1348164.0,,,,,
2011-12-01,2.97,2.97,2.92,2.93,489910,1435436.3,,,,,
2011-12-02,2.95,2.99,2.95,2.99,626430,1873025.7,,,,,
2011-12-05,3.03,3.13,3.03,3.13,1859830,5821267.899999999,,,,,
2011-12-06,3.15,3.22,3.12,3.12,1238720,3864806.4,,,,,
2011-12-07,3.12,3.13,3.06,3.08,691510,2129850.8000000003,,,,,
2011-12-08,3.08,3.1,3.01,3.01,696040,2095080.4,,,,,
2011-12-09,2.99,3.01,2.93,2.95,962350,2838932.5,,,,,
2011-12-12,2.93,2.95,2.92,2.92,822620,2402050.4,,,,,
2011-12-13,2.88,2.93,2.88,2.88,614770,1770537.6,,,,,
2011-12-14,2.9,2.9,2.79,2.79,1128340,3148068.6,,,,,
2011-12-15,2.75,2.77,2.66,2.72,1606290,4369108.800000001,,,,,
2011-12-16,2.77,2.81,2.72,2.77,973200,2695764.0,,,,,
2011-12-19,2.75,2.77,2.72,2.74,610430,1672578.2000000002,,,,,
2011-12-20,2.68,2.72,2.66,2.66,769500,2046870.0,,,,,
2011-12-21,2.7,2.72,2.64,2.68,374290,1003097.2,,,,,
2011-12-22,2.55,2.68,2.55,2.55,1255020,3200301.0,,,,,
2011-12-23,2.54,2.54,2.46,2.54,742230,1885264.2,,,,,
2011-12-26,2.54,2.55,2.48,2.48,676420,1677521.6,,,,,
2011-12-27,2.43,2.45,2.37,2.39,1168860,2793575.4000000004,,,,,
2011-12-28,2.35,2.5,2.35,2.5,626200,1565500.0,,,,,
2011-12-29,2.5,2.5,2.43,2.46,551890,1357649.4,,,,,
2011-12-30,2.52,2.55,2.46,2.48,685550,1700164.0,,,,,
2012-01-03,2.48,2.54,2.45,2.45,347440,851228.0000000001,,,,,
2012-01-04,2.45,2.48,2.35,2.41,609360,1468557.6,,,,,
2012-01-05,2.39,2.41,2.35,2.37,848330,2010542.1,,,,,
2012-01-06,2.35,2.35,2.26,2.26,1347880,3046208.8,,,,,
2012-01-09,2.32,2.32,2.17,2.32,849080,1969865.6,,,,,
2012-01-10,2.3,2.43,2.3,2.43,1566400,3806352.000000001,,,,,
2012-01-11,2.48,2.5,2.41,2.43,846870,2057894.1,,,,,
2012-01-12,2.35,2.43,2.35,2.39,405960,970244.4,,,,,
2012-01-13,2.39,2.46,2.39,2.46,771240,1897250.4,,,,,
2012-01-16,2.52,2.57,2.48,2.54,1529380,3884625.2,,,,,
2012-01-17,2.52,2.55,2.46,2.48,800580,1985438.4,,,,,
2012-01-18,2.46,2.52,2.46,2.5,381870,954675.0,,,,,
2012-01-19,2.52,2.61,2.52,2.61,784840,2048432.4,,,,,
2012-01-20,2.64,2.64,2.57,2.59,1266230,3279535.7,,,,,
2012-01-30,2.59,2.72,2.55,2.72,1821470,4954398.4,,,,,
2012-01-31,2.74,2.84,2.74,2.74,1766040,4838949.600000001,,,,,
2012-02-01,2.74,2.79,2.68,2.75,1078080,2964720.0,,,,,
2012-02-02,2.83,2.88,2.81,2.88,1128460,3249964.8,,,,,
2012-02-03,2.95,2.97,2.81,2.84,2652870,7534150.8,,,,,
2012-02-06,2.84,2.86,2.75,2.81,1155640,3247348.4,,,,,
2012-02-07,2.86,2.88,2.77,2.84,1627960,4623406.399999999,,,,,
2012-02-08,2.84,2.97,2.84,2.95,2248550,6633222.5,,,,,
2012-02-09,2.9,2.99,2.86,2.88,1306000,3761280.0,,,,,
2012-02-10,2.83,2.86,2.75,2.75,1740290,4785797.5,,,,,
2012-02-13,2.74,2.75,2.68,2.68,1014370,2718511.6,,,,,
2012-02-14,2.7,2.77,2.68,2.77,865590,2397684.3,,,,,
2012-02-15,2.77,2.77,2.68,2.72,945240,2571052.8000000003,,,,,
2012-02-16,2.74,2.77,2.7,2.74,815180,2233593.2,,,,,
2012-02-17,2.77,2.83,2.75,2.83,1087700,3078191.0,,,,,
2012-02-20,2.9,2.95,2.88,2.95,2624800,7743160.000000001,,,,,
2012-02-21,3.1,3.1,2.93,2.97,2734550,8121613.500000001,,,,,
2012-02-22,2.95,3.12,2.93,3.12,2388450,7451964.0,,,,,
2012-02-23,3.13,3.26,3.12,3.26,2978000,9708280.0,,,,,
2012-02-24,3.26,3.35,3.17,3.17,2322950,7363751.5,,,,,
2012-02-27,3.22,3.32,3.17,3.3,2047640,6757212.0,,,,,
2012-02-28,3.3,3.32,3.13,3.13,2321460,7266169.8,,,,,
2012-02-29,3.13,3.19,3.08,3.17,1953800,6193546.0,,,,,
2012-03-01,3.19,3.22,3.12,3.19,1061720,3386886.8,,,,,
2012-03-02,3.19,3.33,3.19,3.33,2699490,8989301.700000001,,,,,
2012-03-05,3.5,3.5,3.48,3.5,1321770,4626195.0,,,,,
2012-03-06,3.66,3.66,3.37,3.44,5665620,19489732.8,,,,,
2012-03-07,3.44,3.46,3.33,3.46,2220900,7684314.0,,,,,
2012-03-08,3.35,3.44,3.3,3.3,2747910,9068103.0,,,,,
2012-03-09,3.3,3.35,3.17,3.22,2002440,6447856.800000001,,,,,
2012-03-12,3.22,3.24,3.1,3.13,1860410,5823083.3,,,,,
2012-03-13,3.19,3.24,3.13,3.24,1159950,3758238.000000001,,,,,
2012-03-14,3.28,3.3,3.19,3.19,1321850,4216701.5,,,,,
2012-03-15,3.17,3.33,3.13,3.33,2296240,7646479.2,,,,,
2012-03-16,3.5,3.5,3.39,3.5,5713320,19996620.0,,,,,
2012-03-19,3.46,3.6,3.44,3.53,2384540,8417426.2,,,,,
2012-03-20,3.55,3.64,3.51,3.64,2018790,7348395.600000001,,,,,
2012-03-21,3.68,3.82,3.66,3.7,2955280,10934536.0,,,,,
2012-03-22,3.62,3.75,3.6,3.62,2388550,8646551.0,,,,,
2012-03-23,3.62,3.79,3.62,3.75,2609850,9786937.5,,,,,
2012-03-26,3.79,3.79,3.7,3.7,2511360,9292032.0,,,,,
2012-03-27,3.66,3.7,3.51,3.51,3452400,12117924.0,,,,,
2012-03-28,3.44,3.51,3.37,3.51,2397360,8414733.6,,,,,
2012-03-29,3.53,3.55,3.37,3.39,2237040,7583565.600000001,,,,,
2012-03-30,3.35,3.41,3.3,3.33,1818760,6056470.8,,,,,
2012-04-03,3.33,3.5,3.33,3.5,1736590,6078065.0,,,,,
2012-04-04,3.51,3.59,3.42,3.46,1557690,5389607.4,,,,,
2012-04-05,3.46,3.62,3.42,3.62,3400130,12308470.6,,,,,
2012-04-06,3.64,3.75,3.62,3.66,2741350,10033341.0,,,,,
2012-04-09,3.75,3.77,3.68,3.77,2049510,7726652.7,,,,,
2012-04-10,3.79,3.88,3.68,3.68,3122220,11489769.6,,,,,
2012-04-11,3.8,3.84,3.71,3.79,2549040,9660861.6,,,,,
2012-04-12,3.8,3.91,3.77,3.82,3057380,11679191.6,,,,,
2012-04-13,3.77,3.93,3.75,3.8,4258960,16184048.0,,,,,
2012-04-16,3.86,3.99,3.8,3.99,3532890,14096231.1,,,,,
2012-04-17,4.17,4.18,4.09,4.18,3675110,15361959.8,,,,,
2012-04-18,4.17,4.28,4.09,4.11,3203230,13165275.3,,,,,
2012-04-19,4.08,4.11,3.91,3.91,3650260,14272516.6,,,,,
2012-04-20,3.91,3.99,3.82,3.93,3352770,13176386.1,,,,,
2012-04-23,4.0,4.04,3.91,3.95,2330770,9206541.5,,,,,
2012-04-24,3.93,4.04,3.89,4.04,2079840,8402553.6,,,,,
2012-04-25,4.09,4.24,4.08,4.22,3025750,12768665.0,,,,,
2012-04-26,4.24,4.24,4.11,4.13,2173900,8978207.0,,,,,
2012-04-27,4.13,4.2,4.08,4.17,1599010,6667871.7,,,,,
2012-05-02,4.18,4.2,4.02,4.02,2016260,8105365.199999999,,,,,
2012-05-03,4.08,4.15,3.99,4.11,2512450,10326169.5,,,,,
2012-05-04,4.17,4.26,4.13,4.24,2896240,12280057.6,,,,,
2012-05-07,4.33,4.44,4.31,4.44,2964030,13160293.2,,,,,
2012-05-08,4.47,4.53,4.38,4.42,2693330,11904518.6,,,,,
2012-05-09,4.37,4.51,4.35,4.42,1881230,8315036.6,,,,,
2012-05-10,4.46,4.49,4.33,4.37,2295540,10031509.8,,,,,
2012-05-11,4.35,4.38,4.22,4.28,2518890,10780849.2,,,,,
2012-05-14,4.28,4.29,4.08,4.08,3147110,12840208.8,,,,,
2012-05-15,4.04,4.15,3.95,3.99,2762020,11020459.8,,,,,
2012-05-16,4.06,4.08,3.95,4.06,1682120,6829407.199999999,,,,,
2012-05-17,4.11,4.13,3.99,3.99,1331490,5312645.100000001,,,,,
2012-05-18,3.95,3.97,3.79,3.8,3440480,13073824.0,,,,,
2012-05-21,3.86,3.99,3.84,3.99,1683130,6715688.7,,,,,
2012-05-22,4.0,4.08,3.95,4.0,2056030,8224120.0,,,,,
2012-05-23,3.95,3.99,3.84,3.84,1870090,7181145.6,,,,,
2012-05-24,3.84,3.89,3.66,3.71,1938590,7192168.9,,,,,
2012-05-25,3.86,3.89,3.84,3.89,1280340,4980522.600000001,,,,,
2012-05-28,4.08,4.08,3.93,4.0,3114970,12459880.0,,,,,
2012-05-29,3.97,4.06,3.93,4.0,1112940,4451760.0,,,,,
2012-05-30,4.04,4.09,4.0,4.02,1602800,6443255.999999999,,,,,
2012-05-31,3.97,4.02,3.88,3.91,1267630,4956433.3,,,,,
2012-06-01,3.95,3.99,3.84,3.88,1397850,5423658.0,,,,,
2012-06-04,3.86,3.86,3.7,3.71,3794140,14076259.4,,,,,
2012-06-05,3.71,3.82,3.68,3.82,1793180,6849947.6,,,,,
2012-06-06,3.8,3.91,3.77,3.89,1496020,5819517.8,,,,,
2012-06-07,3.95,4.08,3.93,4.04,2496140,10084405.6,,,,,
2012-06-08,4.08,4.11,3.91,3.95,3406490,13455635.5,,,,,
2012-06-11,3.95,4.06,3.91,3.99,2103930,8394680.700000001,,,,,
2012-06-12,3.95,4.0,3.91,3.95,1947420,7692309.0,,,,,
2012-06-13,3.95,3.99,3.89,3.93,1205990,4739540.7,,,,,
2012-06-14,3.91,3.97,3.84,3.88,1437290,5576685.2,,,,,
2012-06-15,3.88,4.0,3.88,4.0,1614270,6457080.0,,,,,
2012-06-18,4.06,4.11,4.0,4.06,2299540,9336132.4,,,,,
2012-06-19,4.02,4.04,3.95,3.97,1181690,4691309.3,,,,,
2012-06-20,3.99,4.04,3.95,3.99,1036710,4136472.9,,,,,
2012-06-21,3.95,4.02,3.95,3.95,617320,2438414.0,,,,,
2012-06-22,3.93,3.97,3.88,3.95,1620950,6402752.5,,,,,
2012-06-25,3.95,3.95,3.84,3.88,1565690,6074877.2,,,,,
2012-06-26,3.84,3.84,3.75,3.75,1862410,6984037.5,,,,,
2012-06-27,3.75,3.8,3.73,3.73,1125390,4197704.7,,,,,
2012-06-28,3.73,3.75,3.66,3.71,827380,3069579.8,,,,,
2012-06-29,3.71,3.79,3.71,3.77,674120,2541432.4,,,,,
2012-07-02,3.8,3.8,3.64,3.64,1119280,4074179.2,,,,,
2012-07-03,3.66,3.66,3.46,3.5,1913500,6697250.0,,,,,
2012-07-04,3.5,3.59,3.42,3.44,1310840,4509289.6,,,,,
2012-07-05,3.44,3.59,3.39,3.59,1447870,5197853.3,,,,,
2012-07-06,3.57,3.68,3.55,3.6,1015460,3655656.0,,,,,
2012-07-09,3.59,3.59,3.46,3.48,1164420,4052181.6,,,,,
2012-07-10,3.48,3.5,3.44,3.44,569430,1958839.2,,,,,
2012-07-11,3.46,3.5,3.42,3.48,862180,3000386.4,,,,,
2012-07-12,3.48,3.55,3.48,3.51,808580,2838115.8,,,,,
2012-07-13,3.53,3.68,3.51,3.66,1983030,7257889.800000001,,,,,
2012-07-16,3.68,3.68,3.57,3.59,1051670,3775495.3,,,,,
2012-07-17,3.57,3.75,3.57,3.75,1535760,5759100.0,,,,,
2012-07-18,3.8,3.84,3.71,3.79,1733130,6568562.7,,,,,
2012-07-19,3.8,3.97,3.75,3.97,2751920,10925122.4,,,,,
2012-07-20,4.02,4.04,3.91,3.91,2067020,8082048.2,,,,,
2012-07-23,3.89,3.95,3.8,3.84,1488690,5716569.6,,,,,
2012-07-24,3.8,3.8,3.71,3.71,1426190,5291164.9,,,,,
2012-07-25,3.71,3.77,3.68,3.7,1382160,5113992.0,,,,,
2012-07-26,3.75,3.79,3.7,3.77,1065430,4016671.1,,,,,
2012-07-27,3.79,3.8,3.7,3.71,1373780,5096723.8,,,,,
2012-07-30,3.71,3.73,3.66,3.71,508720,1887351.2,,,,,
2012-07-31,3.71,3.77,3.7,3.73,602140,2245982.2,,,,,
2012-08-01,3.71,3.73,3.62,3.68,1046540,3851267.2,,,,,
2012-08-02,3.68,3.73,3.64,3.66,660420,2417137.2,,,,,
2012-08-03,3.64,3.73,3.64,3.66,883420,3233317.2,,,,,
2012-08-06,3.71,3.84,3.71,3.8,1487900,5654020.0,,,,,
2012-08-07,3.75,3.8,3.75,3.77,892320,3364046.4,,,,,
2012-08-08,3.79,3.82,3.75,3.77,637510,2403412.7,,,,,
2012-08-09,3.8,3.88,3.8,3.84,1388890,5333337.6,,,,,
2012-08-10,3.82,3.86,3.79,3.79,1086130,4116432.7,,,,,
2012-08-13,3.79,3.79,3.75,3.77,615430,2320171.1,,,,,
2012-08-14,3.77,3.82,3.77,3.82,784460,2996637.2,,,,,
2012-08-15,3.8,3.84,3.79,3.79,1125510,4265682.9,,,,,
2012-08-16,3.8,3.82,3.77,3.77,709280,2673985.6,,,,,
2012-08-17,3.75,3.8,3.73,3.8,1214000,4613200.0,,,,,
2012-08-20,3.86,3.89,3.82,3.86,1705040,6581454.399999999,,,,,
2012-08-21,3.8,3.8,3.68,3.68,2326790,8562587.200000001,,,,,
2012-08-22,3.51,3.62,3.5,3.5,3359230,11757305.0,,,,,
2012-08-23,3.39,3.41,3.33,3.33,1385120,4612449.600000001,,,,,
2012-08-24,3.17,3.5,3.17,3.44,4771400,16413616.0,,,,,
2012-08-27,3.41,3.41,3.28,3.28,1882670,6175157.6,,,,,
2012-08-28,3.26,3.32,3.19,3.28,1172040,3844291.2,,,,,
2012-08-29,3.35,3.44,3.33,3.44,1839530,6327983.2,,,,,
2012-08-30,3.42,3.5,3.41,3.44,1225850,4216924.0,,,,,
2012-08-31,3.42,3.44,3.37,3.41,638330,2176705.3000000003,,,,,
2012-09-04,3.39,3.46,3.39,3.44,678450,2333868.0,,,,,
2012-09-05,3.48,3.48,3.33,3.35,1328500,4450475.0,,,,,
2012-09-06,3.3,3.35,3.26,3.28,797060,2614356.8,,,,,
2012-09-07,3.28,3.32,3.26,3.3,1714290,5657157.0,,,,,
2012-09-10,3.28,3.28,3.13,3.13,1803860,5646081.8,,,,,
2012-09-11,3.08,3.12,3.04,3.06,1421930,4351105.8,,,,,
2012-09-12,3.1,3.17,3.08,3.1,1036400,3212840.0,,,,,
2012-09-13,3.1,3.17,3.06,3.13,1194070,3737439.1,,,,,
2012-09-14,3.24,3.28,3.19,3.22,1787260,5754977.2,,,,,
2012-09-17,3.21,3.26,3.19,3.19,763100,2434289.0,,,,,
2012-09-18,3.19,3.22,3.04,3.04,1980930,6022027.2,,,,,
2012-09-19,3.01,3.1,3.01,3.08,1187510,3657530.8,,,,,
2012-09-20,3.04,3.06,2.93,2.99,1721040,5145909.600000001,,,,,
2012-09-21,2.99,3.06,2.99,3.04,1015940,3088457.6,,,,,
2012-09-24,3.01,3.03,2.97,2.97,1229750,3652357.500000001,,,,,
2012-09-25,2.95,3.01,2.95,2.99,609800,1823302.0,,,,,
2012-09-26,3.01,3.04,2.99,3.03,872400,2643372.0,,,,,
2012-09-27,3.03,3.04,2.95,2.97,680260,2020372.2,,,,,
2012-09-28,2.95,2.99,2.95,2.95,701470,2069336.5,,,,,
2012-10-01,2.95,2.95,2.83,2.84,1593750,4526250.0,,,,,
2012-10-02,2.86,2.86,2.79,2.79,1055970,2946156.3,,,,,
2012-10-03,2.83,2.92,2.79,2.9,1168180,3387722.0,,,,,
2012-10-04,2.88,2.9,2.84,2.86,625700,1789502.0,,,,,
2012-10-05,2.86,2.9,2.86,2.86,788770,2255882.2,,,,,
2012-10-08,2.86,2.99,2.86,2.99,1275040,3812369.6,,,,,
2012-10-09,3.01,3.06,2.97,3.01,1504020,4527100.199999999,,,,,
2012-10-10,2.99,3.06,2.97,3.04,967530,2941291.2,,,,,
2012-10-11,3.06,3.15,3.04,3.04,1502840,4568633.6,,,,,
2012-10-12,3.04,3.08,2.99,3.04,668870,2033364.8,,,,,
2012-10-15,3.01,3.06,2.97,2.99,776470,2321645.3000000003,,,,,
2012-10-16,3.01,3.1,3.01,3.1,1622340,5029254.0,,,,,
2012-10-17,3.12,3.12,3.03,3.03,739460,2240563.8,,,,,
2012-10-18,3.03,3.08,3.03,3.03,840040,2545321.2,,,,,
2012-10-19,3.03,3.04,2.9,2.93,1422360,4167514.8,,,,,
2012-10-22,2.93,2.95,2.88,2.9,570250,1653725.0,,,,,
2012-10-23,2.9,2.93,2.9,2.9,431480,1251292.0,,,,,
2012-10-24,2.9,2.95,2.88,2.9,563060,1632874.0,,,,,
2012-10-25,2.88,2.9,2.77,2.84,836890,2376767.6,,,,,
2012-10-26,2.83,2.9,2.83,2.9,534200,1549180.0,,,,,
2012-10-29,2.93,2.93,2.86,2.86,454820,1300785.2,,,,,
2012-10-30,2.86,2.9,2.84,2.86,520790,1489459.4,,,,,
2012-10-31,2.88,2.88,2.83,2.86,553180,1582094.8,,,,,
2012-11-01,2.88,2.88,2.84,2.86,539040,1541654.4,,,,,
2012-11-02,2.74,2.79,2.74,2.74,2375650,6509281.000000001,,,,,
2012-11-05,2.7,2.77,2.7,2.74,787170,2156845.8000000003,,,,,
2012-11-06,2.74,2.75,2.72,2.72,489340,1331004.8,,,,,
2012-11-07,2.74,2.79,2.74,2.77,808000,2238160.0,,,,,
2012-11-08,2.77,2.77,2.74,2.75,423240,1163910.0,,,,,
2012-11-09,2.77,2.79,2.75,2.79,514530,1435538.7,,,,,
2012-11-12,2.83,2.92,2.81,2.9,1501930,4355597.0,,,,,
2012-11-13,2.9,2.93,2.86,2.86,1061990,3037291.4,,,,,
2012-11-14,2.86,2.9,2.86,2.86,528750,1512225.0,,,,,
2012-11-15,2.86,2.88,2.83,2.84,680470,1932534.8,,,,,
2012-11-16,2.83,2.88,2.83,2.86,515680,1474844.8,,,,,
2012-11-19,2.88,2.88,2.84,2.84,574360,1631182.4,,,,,
2012-11-20,2.86,2.9,2.84,2.88,1047830,3017750.4,,,,,
2012-11-21,2.94,2.94,2.88,2.88,1014160,2920780.8,,,,,
2012-11-22,2.9,2.9,2.86,2.88,202320,582681.6,,,,,
2012-11-23,2.88,2.88,2.84,2.84,535970,1522154.7999999998,,,,,
2012-11-26,2.84,2.84,2.75,2.76,765220,2112007.2,,,,,
2012-11-27,2.76,2.78,2.73,2.75,571990,1572972.5,,,,,
2012-11-28,2.76,2.76,2.73,2.73,760200,2075346.0,,,,,
2012-11-29,2.75,2.76,2.75,2.76,688470,1900177.2,,,,,
2012-11-30,2.76,2.78,2.75,2.75,339560,933790.0,,,,,
2012-12-03,2.76,2.76,2.73,2.75,406910,1119002.5,,,,,
2012-12-04,2.75,2.78,2.75,2.78,752830,2092867.4,,,,,
2012-12-05,2.8,2.86,2.78,2.82,1298700,3662334.0,,,,,
2012-12-06,2.82,2.84,2.78,2.8,576430,1614004.0,,,,,
2012-12-07,2.8,2.82,2.76,2.76,852860,2353893.6,,,,,
2012-12-10,2.78,2.88,2.76,2.84,1694830,4813317.2,,,,,
2012-12-11,2.86,2.86,2.8,2.8,731850,2049180.0,,,,,
2012-12-12,2.82,2.94,2.8,2.92,1900650,5549898.0,,,,,
2012-12-13,2.92,2.94,2.86,2.88,1392590,4010659.2,,,,,
2012-12-14,2.9,2.94,2.9,2.9,1373800,3984020.0,,,,,
2012-12-17,2.9,2.94,2.88,2.92,1454870,4248220.399999999,,,,,
2012-12-18,2.92,2.94,2.86,2.9,1189740,3450246.0,,,,,
2012-12-19,2.94,3.04,2.92,3.0,2527540,7582620.0,,,,,
2012-12-20,3.02,3.02,2.96,2.98,1228900,3662122.0,,,,,
2012-12-21,2.98,2.98,2.92,2.96,1241560,3675017.6,,,,,
2012-12-24,2.98,3.07,2.96,3.05,1940550,5918677.5,,,,,
2012-12-25,3.05,3.07,3.02,3.04,1492310,4536622.4,,,,,
2012-12-26,3.04,3.13,3.02,3.11,1796520,5587177.2,,,,,
2012-12-27,3.13,3.17,3.11,3.11,2242890,6975387.899999999,,,,,
2012-12-28,3.11,3.15,3.09,3.15,1134550,3573832.5,,,,,
2013-01-02,3.19,3.29,3.19,3.25,2474280,8041410.0,,,,,
2013-01-03,3.544,3.565,3.438,3.48,2733270,9511779.6,,,,,
2013-01-04,3.459,3.565,3.438,3.523,2132210,7511775.83,,,,,
2013-01-07,3.565,3.608,3.523,3.523,2252310,7934888.13,,,,,
2013-01-08,3.502,3.693,3.502,3.671,4216410,15478441.11,,,,,
2013-01-09,3.778,3.841,3.65,3.671,5797920,21284164.32,,,,,
2013-01-10,3.671,3.799,3.629,3.799,2255250,8567694.75,,,,,
2013-01-11,3.905,3.905,3.778,3.841,3875980,14887639.180000002,,,,,
2013-01-14,3.778,3.884,3.735,3.799,2817430,10703416.57,,,,,
2013-01-15,3.82,3.969,3.778,3.905,3048860,11905798.3,,,,,
2013-01-16,3.969,4.032,3.905,3.947,2094470,8266873.09,,,,,
2013-01-17,3.926,3.947,3.841,3.841,2908600,11171932.6,,,,,
2013-01-18,3.82,3.841,3.735,3.756,2452790,9212679.24,,,,,
2013-01-21,3.862,3.884,3.756,3.778,1661850,6278469.3,,,,,
2013-01-22,3.778,3.82,3.608,3.65,2162460,7892979.0,,,,,
2013-01-23,3.65,3.714,3.608,3.671,1425160,5231762.359999999,,,,,
2013-01-24,3.693,3.778,3.671,3.778,1263620,4773956.36,,,,,
2013-01-25,3.82,3.947,3.799,3.905,3449360,13469750.8,,,,,
2013-01-28,3.947,4.117,3.926,4.011,4754420,19069978.62,,,,,
2013-01-29,4.011,4.096,3.969,4.032,2148400,8662348.8,,,,,
2013-01-30,4.053,4.096,3.99,4.032,2005370,8085651.84,,,,,
2013-01-31,3.99,4.011,3.947,3.947,2437540,9620970.38,,,,,
2013-02-01,3.926,3.947,3.884,3.926,1581680,6209675.680000001,,,,,
2013-02-04,3.99,3.99,3.926,3.947,1165800,4601412.6,,,,,
2013-02-05,3.926,3.969,3.905,3.947,1003820,3962077.54,,,,,
2013-02-06,3.99,4.138,3.969,4.075,1261810,5141875.75,,,,,
2013-02-07,4.117,4.138,4.075,4.117,1313760,5408749.92,,,,,
2013-02-08,4.117,4.16,4.075,4.117,1281420,5275606.14,,,,,
2013-02-18,4.16,4.244,4.117,4.16,1941090,8074934.4,,,,,
2013-02-19,4.16,4.181,4.075,4.096,2381710,9755484.16,,,,,
2013-02-20,4.096,4.138,4.032,4.096,2172780,8899706.88,,,,,
2013-02-21,4.117,4.138,3.82,3.82,2882510,11011188.2,,,,,
2013-02-22,3.947,3.99,3.778,3.884,3612190,14029745.96,,,,,
2013-02-25,3.884,3.926,3.862,3.884,831410,3229196.44,,,,,
2013-02-26,3.862,3.884,3.65,3.671,2574750,9451907.25,,,,,
2013-02-27,3.714,3.778,3.629,3.778,1856640,7014385.92,,,,,
2013-02-28,3.82,3.905,3.778,3.841,1367940,5254257.54,,,,,
2013-03-01,3.841,3.884,3.82,3.841,1109840,4262895.44,,,,,
2013-03-04,3.841,3.841,3.65,3.671,1866190,6850783.489999999,,,,,
2013-03-05,3.65,3.714,3.587,3.65,1773310,6472581.5,,,,,
2013-03-06,3.735,3.735,3.671,3.714,549630,2041325.82,,,,,
2013-03-07,3.714,3.756,3.65,3.693,792750,2927625.75,,,,,
2013-03-08,3.693,3.756,3.693,3.735,680480,2541592.8,,,,,
2013-03-11,3.778,3.862,3.735,3.862,1006000,3885172.0,,,,,
2013-03-12,3.862,3.884,3.735,3.82,1455420,5559704.399999999,,,,,
2013-03-13,3.841,3.841,3.778,3.778,1096700,4143332.6,,,,,
2013-03-14,3.778,3.82,3.756,3.778,365220,1379801.16,,,,,
2013-03-15,3.778,3.841,3.778,3.82,737050,2815531.0,,,,,
2013-03-18,3.82,3.841,3.778,3.778,791230,2989266.94,,,,,
2013-03-19,3.756,3.799,3.735,3.799,564980,2146359.02,,,,,
2013-03-20,3.799,3.862,3.778,3.799,798610,3033919.39,,,,,
2013-03-21,3.82,3.884,3.82,3.841,1474410,5663208.8100000005,,,,,
2013-03-22,3.862,3.862,3.735,3.778,892970,3373640.66,,,,,
2013-03-25,3.799,3.82,3.756,3.799,377340,1433514.66,,,,,
2013-03-26,3.82,3.841,3.778,3.778,852060,3219082.68,,,,,
2013-03-27,3.778,3.778,3.714,3.714,932910,3464827.74,,,,,
2013-03-28,3.714,3.778,3.693,3.693,882660,3259663.38,,,,,
2013-03-29,3.65,3.714,3.608,3.714,1242810,4615796.34,,,,,
2013-04-01,3.671,3.82,3.671,3.82,1235400,4719228.0,,,,,
2013-04-02,3.82,3.926,3.82,3.82,2162610,8261170.199999999,,,,,
2013-04-03,3.82,3.862,3.778,3.799,1191170,4525254.83,,,,,
2013-04-04,3.799,3.82,3.756,3.756,1122120,4214682.72,,,,,
2013-04-05,3.799,3.799,3.735,3.799,867680,3296316.32,,,,,
2013-04-08,3.82,3.99,3.82,3.926,3156030,12390573.78,,,,,
2013-04-09,3.926,4.053,3.905,4.032,3700250,14919408.0,,,,,
2013-04-10,4.032,4.075,3.926,3.926,1776470,6974421.220000001,,,,,
2013-04-11,3.947,3.947,3.841,3.884,2215430,8604730.12,,,,,
2013-04-12,3.905,3.905,3.756,3.778,1448730,5473301.94,,,,,
2013-04-15,3.778,3.778,3.671,3.693,1816500,6708334.5,,,,,
2013-04-16,3.65,3.735,3.608,3.693,1264560,4670020.08,,,,,
2013-04-17,3.714,3.735,3.671,3.714,467920,1737854.88,,,,,
2013-04-18,3.693,3.714,3.65,3.65,874900,3193385.0,,,,,
2013-04-22,3.65,3.671,3.565,3.587,954610,3424186.0700000003,,,,,
2013-04-23,3.629,3.671,3.608,3.629,555610,2016308.69,,,,,
2013-04-24,3.65,3.671,3.608,3.65,337110,1230451.5,,,,,
2013-04-25,3.629,3.671,3.629,3.65,399440,1457956.0,,,,,
2013-04-26,3.629,3.65,3.608,3.629,337370,1224315.73,,,,,
2013-05-02,3.629,3.65,3.608,3.608,259320,935626.56,,,,,
2013-05-03,3.587,3.629,3.587,3.629,384620,1395785.98,,,,,
2013-05-06,3.671,3.799,3.671,3.799,1103210,4191094.79,,,,,
2013-05-07,3.778,3.799,3.714,3.714,669740,2487414.36,,,,,
2013-05-08,3.714,3.756,3.671,3.671,475260,1744679.46,,,,,
2013-05-09,3.693,3.735,3.671,3.714,536390,1992152.46,,,,,
2013-05-10,3.714,3.714,3.671,3.693,475160,1754765.88,,,,,
2013-05-13,3.693,3.756,3.693,3.714,274380,1019047.32,,,,,
2013-05-14,3.693,3.714,3.629,3.671,686960,2521830.16,,,,,
2013-05-15,3.65,3.693,3.629,3.693,460920,1702177.56,,,,,
2013-05-16,3.693,3.735,3.671,3.693,739630,2731453.59,,,,,
2013-05-17,3.693,3.693,3.65,3.671,265830,975861.93,,,,,
2013-05-20,3.693,3.714,3.671,3.693,455390,1681755.27,,,,,
2013-05-21,3.735,3.862,3.735,3.799,2691250,10224058.75,,,,,
2013-05-22,3.862,3.862,3.756,3.799,910570,3459255.43,,,,,
2013-05-23,3.756,3.82,3.735,3.756,1229010,4616161.56,,,,,
2013-05-24,3.778,3.82,3.735,3.799,1301620,4944854.38,,,,,
2013-05-27,3.862,3.969,3.841,3.905,3049780,11909390.9,,,,,
2013-05-28,3.905,3.99,3.905,3.99,3212970,12819750.3,,,,,
2013-05-29,4.053,4.138,4.011,4.032,5041000,20325312.0,,,,,
2013-05-30,4.032,4.075,3.99,4.075,1617760,6592372.0,,,,,
2013-05-31,4.138,4.181,4.032,4.032,3062750,12349008.0,,,,,
2013-06-03,4.032,4.053,3.947,3.947,2416450,9537728.15,,,,,
2013-06-04,3.947,4.011,3.884,3.884,2340850,9091861.4,,,,,
2013-06-05,3.884,3.969,3.862,3.947,1436480,5669786.5600000005,,,,,
2013-06-06,3.926,4.011,3.905,3.969,1170160,4644365.04,,,,,
2013-06-07,4.011,4.075,3.99,4.053,2656280,10765902.84,,,,,
2013-06-10,4.096,4.117,4.011,4.011,1484290,5953487.19,,,,,
2013-06-11,4.011,4.032,3.947,3.947,1592310,6284847.57,,,,,
2013-06-12,3.947,3.99,3.926,3.947,905120,3572508.64,,,,,
2013-06-13,3.947,3.969,3.884,3.926,1506120,5913027.12,,,,,
2013-06-14,3.969,3.969,3.905,3.905,868920,3393132.6,,,,,
2013-06-17,3.905,3.926,3.82,3.82,1674550,6396781.0,,,,,
2013-06-18,3.82,3.862,3.778,3.862,854830,3301353.46,,,,,
2013-06-19,3.82,3.884,3.82,3.841,487010,1870605.41,,,,,
2013-06-20,3.841,3.841,3.799,3.799,633930,2408300.07,,,,,
2013-06-21,3.778,3.799,3.756,3.778,776170,2932370.26,,,,,
2013-06-24,3.82,3.841,3.756,3.778,1039300,3926475.4,,,,,
2013-06-25,3.778,3.799,3.629,3.693,1880550,6944871.15,,,,,
2013-06-26,3.693,3.735,3.671,3.671,1031050,3784984.55,,,,,
2013-06-27,3.693,3.756,3.671,3.756,1316650,4945337.399999999,,,,,
2013-06-28,3.778,3.778,3.735,3.735,755260,2820896.1,,,,,
2013-07-01,3.714,3.735,3.693,3.735,382560,1428861.6,,,,,
2013-07-02,3.735,3.778,3.735,3.756,607060,2280117.36,,,,,
2013-07-03,3.778,3.778,3.735,3.735,357160,1333992.6,,,,,
2013-07-04,3.756,3.756,3.735,3.735,445430,1663681.05,,,,,
2013-07-05,3.756,3.778,3.714,3.735,415630,1552378.05,,,,,
2013-07-08,3.756,3.756,3.693,3.693,545310,2013829.83,,,,,
2013-07-09,3.714,3.714,3.671,3.671,745300,2735996.3,,,,,
2013-07-10,3.693,3.735,3.693,3.693,520130,1920840.09,,,,,
2013-07-11,3.756,3.778,3.735,3.778,1139860,4306391.08,,,,,
2013-07-12,3.778,3.862,3.778,3.841,1485870,5707226.67,,,,,
2013-07-15,3.841,3.862,3.82,3.841,991980,3810195.18,,,,,
2013-07-16,3.841,3.862,3.82,3.841,535670,2057508.47,,,,,
2013-07-17,3.841,3.884,3.82,3.862,924790,3571538.98,,,,,
2013-07-18,3.841,3.884,3.841,3.841,855500,3285975.5,,,,,
2013-07-19,3.841,3.884,3.82,3.862,606360,2341762.32,,,,,
2013-07-22,3.841,3.841,3.778,3.799,1556660,5913751.34,,,,,
2013-07-23,3.866,3.866,3.821,3.844,2251750,8655727.0,,,,,
2013-07-24,3.844,3.844,3.776,3.776,927780,3503297.28,,,,,
2013-07-25,3.799,3.821,3.731,3.731,712010,2656509.31,,,,,
2013-07-26,3.776,3.776,3.686,3.709,1185300,4396277.7,,,,,
2013-07-29,3.731,3.731,3.664,3.664,537490,1969363.36,,,,,
2013-07-30,3.664,3.709,3.664,3.686,404810,1492129.66,,,,,
2013-07-31,3.709,3.731,3.686,3.709,231230,857632.0700000001,,,,,
2013-08-01,3.686,3.754,3.686,3.754,641610,2408603.94,,,,,
2013-08-02,3.754,3.754,3.709,3.731,434630,1621604.53,,,,,
2013-08-05,3.731,3.754,3.686,3.709,441320,1636855.88,,,,,
2013-08-06,3.709,3.731,3.686,3.709,416980,1546578.82,,,,,
2013-08-07,3.709,3.754,3.686,3.731,681590,2543012.29,,,,,
2013-08-08,3.731,3.754,3.686,3.709,320970,1190477.73,,,,,
2013-08-09,3.709,3.731,3.686,3.686,258000,950988.0,,,,,
2013-08-12,3.709,3.709,3.664,3.664,235570,863128.48,,,,,
2013-08-13,3.664,3.686,3.642,3.642,319150,1162344.3,,,,,
2013-08-14,3.642,3.709,3.619,3.686,798440,2943049.84,,,,,
2013-08-15,3.709,3.754,3.664,3.731,893580,3333946.98,,,,,
2013-08-16,3.754,3.754,3.686,3.731,465300,1736034.3,,,,,
2013-08-19,3.776,3.889,3.776,3.866,3530770,13649956.82,,,,,
2013-08-20,3.866,3.911,3.821,3.844,1038490,3991955.56,,,,,
2013-08-21,3.821,3.844,3.776,3.799,737260,2800850.74,,,,,
2013-08-22,3.776,3.821,3.709,3.731,1055050,3936391.55,,,,,
2013-08-23,3.754,3.754,3.686,3.709,928980,3445586.8200000003,,,,,
2013-08-26,3.709,3.731,3.686,3.731,676890,2525476.59,,,,,
2013-08-27,3.731,3.754,3.686,3.709,470070,1743489.63,,,,,
2013-08-28,3.686,3.709,3.619,3.664,1759780,6447833.92,,,,,
2013-08-29,3.686,3.686,3.642,3.642,551060,2006960.52,,,,,
2013-08-30,3.642,3.664,3.619,3.664,388640,1423976.96,,,,,
2013-09-03,3.664,3.686,3.619,3.619,238810,864253.39,,,,,
2013-09-04,3.642,3.642,3.529,3.552,1139400,4047148.8,,,,,
2013-09-05,3.574,3.597,3.529,3.574,562180,2009231.32,,,,,
2013-09-06,3.619,3.642,3.574,3.642,546310,1989661.02,,,,,
2013-09-09,3.642,3.642,3.529,3.552,727670,2584683.84,,,,,
2013-09-10,3.574,3.574,3.529,3.574,636710,2275601.54,,,,,
2013-09-11,3.597,3.619,3.552,3.574,347440,1241750.56,,,,,
2013-09-12,3.574,3.597,3.552,3.574,137750,492318.5,,,,,
2013-09-13,3.552,3.597,3.552,3.574,284880,1018161.12,,,,,
2013-09-16,3.597,3.597,3.552,3.574,377000,1347398.0,,,,,
2013-09-17,3.574,3.574,3.529,3.552,241400,857452.8,,,,,
2013-09-18,3.574,3.574,3.529,3.529,703430,2482404.47,,,,,
2013-09-19,3.574,3.574,3.552,3.552,251900,894748.8,,,,,
2013-09-20,3.552,3.574,3.529,3.552,260860,926574.72,,,,,
2013-09-23,3.574,3.619,3.529,3.619,740760,2680810.44,,,,,
2013-09-24,3.619,3.664,3.619,3.642,756430,2754918.06,,,,,
2013-09-25,3.642,3.686,3.619,3.664,1483080,5434005.12,,,,,
2013-09-26,3.664,3.686,3.619,3.642,458120,1668473.04,,,,,
2013-09-27,3.664,3.664,3.597,3.642,622430,2266890.06,,,,,
2013-09-30,3.642,3.754,3.642,3.731,1773960,6618644.76,,,,,
2013-10-01,3.754,3.821,3.709,3.731,2640870,9853085.97,,,,,
2013-10-02,3.754,3.776,3.731,3.754,919060,3450151.24,,,,,
2013-10-03,3.731,3.754,3.686,3.731,1343620,5013046.22,,,,,
2013-10-04,3.686,3.709,3.664,3.686,825860,3044119.96,,,,,
2013-10-07,3.686,3.776,3.686,3.754,1087930,4084089.22,,,,,
2013-10-08,3.754,3.866,3.731,3.821,4264360,16294119.56,,,,,
2013-10-09,3.821,3.821,3.776,3.776,629640,2377520.64,,,,,
2013-10-10,3.776,3.821,3.731,3.754,622390,2336452.06,,,,,
2013-10-11,3.776,3.776,3.731,3.731,908780,3390658.18,,,,,
2013-10-14,3.754,3.754,3.709,3.709,373220,1384272.98,,,,,
2013-10-15,3.709,3.754,3.709,3.731,546370,2038506.47,,,,,
2013-10-16,3.754,3.799,3.731,3.776,801890,3027936.64,,,,,
2013-10-17,3.799,3.821,3.754,3.776,939020,3545739.52,,,,,
2013-10-18,3.776,3.799,3.754,3.799,399050,1515990.95,,,,,
2013-10-21,3.844,3.866,3.799,3.821,1783090,6813186.890000001,,,,,
2013-10-22,3.799,3.821,3.754,3.776,890760,3363509.76,,,,,
2013-10-23,3.776,3.799,3.754,3.776,960440,3626621.44,,,,,
2013-10-24,3.776,3.799,3.731,3.731,663070,2473914.17,,,,,
2013-10-25,3.731,3.754,3.709,3.709,782650,2902848.85,,,,,
2013-10-28,3.731,3.754,3.709,3.709,603210,2237305.89,,,,,
2013-10-29,3.709,3.731,3.686,3.731,459240,1713424.44,,,,,
2013-10-30,3.731,3.754,3.709,3.709,221910,823064.1900000001,,,,,
2013-10-31,3.709,3.731,3.709,3.709,162050,601043.4500000001,,,,,
2013-11-01,3.709,3.731,3.686,3.709,387960,1438943.64,,,,,
2013-11-04,3.709,3.731,3.686,3.731,752530,2807689.43,,,,,
2013-11-05,3.731,3.776,3.709,3.776,858520,3241771.52,,,,,
2013-11-06,3.776,3.799,3.754,3.799,1058590,4021583.41,,,,,
2013-11-07,3.799,3.821,3.776,3.776,1613460,6092424.96,,,,,
2013-11-08,3.776,3.799,3.776,3.799,444680,1689339.32,,,,,
2013-11-11,3.799,3.821,3.776,3.821,944360,3608399.56,,,,,
2013-11-12,3.844,3.844,3.776,3.776,1173960,4432872.96,,,,,
2013-11-13,3.754,3.799,3.731,3.754,363090,1363039.86,,,,,
2013-11-14,3.776,3.776,3.731,3.754,453720,1703264.88,,,,,
2013-11-15,3.754,3.889,3.754,3.866,3758080,14528737.28,,,,,
2013-11-18,3.889,4.001,3.866,3.956,2966440,11735236.64,,,,,
2013-11-19,3.956,3.979,3.934,3.934,984920,3874675.28,,,,,
2013-11-20,3.911,3.934,3.889,3.934,1604000,6310136.0,,,,,
2013-11-21,3.979,4.024,3.889,3.889,2570790,9997802.31,,,,,
2013-11-22,3.911,3.934,3.889,3.911,1388420,5430110.62,,,,,
2013-11-25,3.979,4.024,3.956,3.956,3750980,14838876.88,,,,,
2013-11-26,3.956,4.024,3.934,4.001,1315420,5262995.420000001,,,,,
2013-11-27,4.024,4.046,3.956,3.979,1847350,7350605.65,,,,,
2013-11-28,3.979,4.001,3.934,3.956,982470,3886651.32,,,,,
2013-11-29,3.956,3.979,3.911,3.911,1107280,4330572.08,,,,,
2013-12-02,3.934,3.956,3.889,3.889,1409600,5481934.399999999,,,,,
2013-12-03,3.911,4.069,3.911,4.001,3483640,13938043.64,,,,,
2013-12-04,4.024,4.046,4.001,4.024,2055690,8272096.56,,,,,
2013-12-05,4.024,4.114,4.001,4.069,3684400,14991823.6,,,,,
2013-12-06,4.069,4.091,4.024,4.069,1384450,5633327.05,,,,,
2013-12-09,4.069,4.091,4.001,4.001,1348690,5396108.69,,,,,
2013-12-10,4.024,4.024,3.956,3.956,1834760,7258310.56,,,,,
2013-12-11,3.956,3.979,3.911,3.911,2310420,9036052.62,,,,,
2013-12-12,3.911,4.001,3.889,3.979,1333970,5307866.63,,,,,
2013-12-13,3.979,4.024,3.956,3.979,737320,2933796.2800000003,,,,,
2013-12-16,3.956,3.979,3.934,3.956,711400,2814298.4,,,,,
2013-12-17,3.956,3.979,3.956,3.979,747030,2972432.37,,,,,
2013-12-18,3.979,3.979,3.934,3.956,679370,2687587.72,,,,,
2013-12-19,3.979,4.046,3.979,4.001,1574080,6297894.08,,,,,
2013-12-20,4.024,4.024,3.979,3.979,736000,2928544.0,,,,,
2013-12-23,4.001,4.024,3.979,4.024,862540,3470860.96,,,,,
2013-12-24,4.024,4.024,3.956,3.956,647290,2560679.24,,,,,
2013-12-25,3.956,3.979,3.956,3.956,494150,1954857.4,,,,,
2013-12-26,3.979,4.024,3.956,3.979,900450,3582890.5500000003,,,,,
2013-12-27,3.979,4.024,3.956,3.979,688120,2738029.48,,,,,
2013-12-30,3.956,3.956,3.889,3.889,1253260,4873928.14,,,,,
2013-12-31,3.911,4.091,3.889,4.046,2550970,10321224.62,,,,,
2014-01-02,4.069,4.136,4.024,4.046,2523710,10210930.66,,,,,
2014-01-03,4.001,4.046,4.001,4.046,963110,3896743.06,,,,,
2014-01-06,4.046,4.136,4.024,4.114,2614670,10756752.38,,,,,
2014-01-07,4.136,4.159,4.046,4.046,2109790,8536210.34,,,,,
2014-01-08,4.069,4.271,4.046,4.271,6898640,29464091.44,,,,,
2014-01-09,4.316,4.406,4.293,4.383,3616360,15850505.88,,,,,
2014-01-10,4.383,4.428,4.293,4.293,3561230,15288360.39,,,,,
2014-01-13,4.316,4.428,4.316,4.338,3951200,17140305.6,,,,,
2014-01-14,4.361,4.428,4.338,4.383,2369950,10387490.85,,,,,
2014-01-15,4.428,4.676,4.406,4.608,7205910,33204833.28,,,,,
2014-01-16,4.608,4.676,4.541,4.676,3824870,17885092.12,,,,,
2014-01-17,4.721,4.833,4.563,4.563,5634060,25708215.78,,,,,
2014-01-20,4.608,4.698,4.541,4.563,4242620,19359075.06,,,,,
2014-01-21,4.586,4.765,4.518,4.765,4866660,23189634.9,,,,,
2014-01-22,4.833,4.833,4.653,4.698,4319020,20290755.96,,,,,
2014-01-23,4.676,4.81,4.653,4.721,3437950,16230561.95,,,,,
2014-01-24,4.765,4.968,4.743,4.945,4450790,22009156.55,,,,,
2014-01-27,4.923,5.17,4.878,5.17,4409640,22797838.8,,,,,
2014-02-06,5.103,5.35,5.103,5.282,3081790,16278014.78,,,,,
2014-02-07,5.282,5.327,5.08,5.125,5263930,26977641.25,,,,,
2014-02-10,5.148,5.35,5.148,5.35,4356130,23305295.5,,,,,
2014-02-11,5.462,5.575,5.238,5.26,5380350,28300641.0,,,,,
2014-02-12,5.395,5.485,5.282,5.485,5076290,27843450.65,,,,,
2014-02-13,5.53,5.552,5.327,5.485,4636700,25432299.5,,,,,
2014-02-14,5.507,5.575,5.417,5.53,3774580,20873427.4,,,,,
2014-02-17,5.462,5.597,5.44,5.485,3504690,19223224.65,,,,,
2014-02-18,5.462,5.62,5.462,5.597,4476060,25052507.82,,,,,
2014-02-19,5.732,5.822,5.62,5.777,4799640,27727520.28,,,,,
2014-02-20,5.777,5.799,5.395,5.507,9303400,51233823.8,,,,,
2014-02-21,5.507,5.732,5.395,5.665,7336130,41559176.45,,,,,
2014-02-24,5.665,5.934,5.597,5.934,5020490,29791587.66,,,,,
2014-02-25,5.844,6.024,5.844,6.024,5381600,32418758.4,,,,,
2014-02-26,5.957,6.069,5.844,6.047,6660100,40273624.7,,,,,
2014-02-27,6.002,6.047,5.777,5.844,6315740,36909184.56,,,,,
2014-02-28,5.844,5.889,5.687,5.799,5089950,29516620.05,,,,,
2014-03-03,5.799,5.822,5.507,5.552,5595920,31068547.84,,,,,
2014-03-04,5.462,5.687,5.44,5.62,4676130,26279850.6,,,,,
2014-03-05,5.71,5.777,5.665,5.777,2797840,16163121.68,,,,,
2014-03-06,5.799,5.912,5.732,5.844,5116840,29902812.96,,,,,
2014-03-07,5.844,6.002,5.822,5.889,4547170,26778284.130000003,,,,,
2014-03-10,5.912,6.002,5.889,5.957,2619840,15606386.88,,,,,
2014-03-11,5.979,6.024,5.889,5.934,3441130,20419665.42,,,,,
2014-03-12,5.934,5.979,5.844,5.867,3975290,23323026.43,,,,,
2014-03-13,5.867,6.159,5.844,6.159,7529130,46371911.67,,,,,
2014-03-14,6.137,6.294,6.114,6.159,5054380,31129926.42,,,,,
2014-03-17,6.249,6.519,6.204,6.474,5058870,32751124.380000003,,,,,
2014-03-18,6.496,6.654,6.361,6.496,5016620,32587963.520000003,,,,,
2014-03-19,6.496,6.586,6.451,6.586,3818080,25145874.880000003,,,,,
2014-03-20,6.586,6.609,6.406,6.451,5849630,37735963.13,,,,,
2014-03-21,6.474,6.541,6.451,6.496,2894900,18805270.4,,,,,
2014-03-24,6.631,6.676,6.564,6.676,2910580,19431032.08,,,,,
2014-03-25,6.631,6.699,6.474,6.474,5361590,34710933.660000004,,,,,
2014-03-26,6.541,6.564,6.249,6.294,6026230,37929091.62,,,,,
2014-03-27,6.339,6.406,6.204,6.406,3580630,22937515.78,,,,,
2014-03-28,6.474,6.609,6.451,6.586,4624830,30459130.380000003,,,,,
2014-03-31,6.631,6.789,6.564,6.699,5734500,38415415.5,,,,,
2014-04-01,6.631,6.744,6.496,6.541,5034830,32932823.03,,,,,
2014-04-02,6.564,6.564,6.339,6.474,4144770,26833240.98,,,,,
2014-04-03,6.564,6.631,6.496,6.564,2584490,16964592.36,,,,,
2014-04-04,6.564,6.586,6.496,6.541,2646650,17311737.650000002,,,,,
2014-04-07,6.609,6.654,6.586,6.609,3218470,21270868.23,,,,,
2014-04-08,6.654,6.789,6.586,6.721,5235540,35188064.34,,,,,
2014-04-10,6.789,7.013,6.789,6.923,6107460,42281945.58,,,,,
2014-04-11,6.878,7.036,6.811,6.901,5176170,35720749.17,,,,,
2014-04-14,6.968,7.013,6.834,6.856,3824920,26223651.52,,,,,
2014-04-15,6.811,6.856,6.519,6.541,5667080,37068370.28,,,,,
2014-04-16,6.474,6.541,6.182,6.406,6338890,40606929.34,,,,,
2014-04-17,6.496,6.586,6.451,6.519,4130780,26928554.82,,,,,
2014-04-18,6.519,6.519,6.182,6.182,3951130,24425885.66,,,,,
2014-04-21,6.137,6.159,5.822,5.822,4981780,29003923.16,,,,,
2014-04-22,5.957,6.204,5.799,6.204,3549090,22018554.36,,,,,
2014-04-23,6.182,6.249,6.024,6.047,1936580,11710499.26,,,,,
2014-04-24,6.002,6.137,5.979,6.069,1572780,9545201.82,,,,,
2014-04-25,6.069,6.159,6.069,6.114,1893200,11575024.8,,,,,
2014-04-28,6.137,6.159,6.002,6.002,1760820,10568441.64,,,,,
2014-04-29,5.934,6.047,5.912,6.002,1039120,6236798.24,,,,,
2014-05-05,6.002,6.047,5.62,5.62,3163770,17780387.4,,,,,
2014-05-06,5.62,5.62,5.26,5.507,5527320,30438951.24,,,,,
2014-05-07,5.552,5.597,5.395,5.44,1311850,7136464.000000001,,,,,
2014-05-08,5.305,5.305,5.08,5.08,5056960,25689356.8,,,,,
2014-05-09,5.058,5.17,4.923,5.103,4512210,23025807.63,,,,,
2014-05-12,4.9,4.945,4.765,4.765,2842040,13542320.6,,,,,
2014-05-13,4.765,4.765,4.451,4.451,4406330,19612574.83,,,,,
2014-05-14,4.451,4.743,4.451,4.743,3370380,15985712.340000002,,,,,
2014-05-15,4.765,5.035,4.428,4.608,5031050,23183078.4,,,,,
2014-05-16,4.653,4.923,4.631,4.923,3533530,17395568.19,,,,,
2014-05-19,4.923,5.125,4.833,5.035,2297280,11566804.8,,,,,
2014-05-20,4.968,5.103,4.9,5.103,3350540,17097805.62,,,,,
2014-05-21,5.103,5.305,5.013,5.26,3669240,19300202.4,,,,,
2014-05-22,5.26,5.372,5.17,5.193,3709300,19262394.9,,,,,
2014-05-23,5.17,5.238,5.103,5.193,2013100,10454028.3,,,,,
2014-05-26,5.125,5.238,5.08,5.193,1843090,9571166.37,,,,,
2014-05-27,5.238,5.485,5.215,5.485,4748400,26044974.0,,,,,
2014-05-28,5.575,5.62,5.462,5.53,3592860,19868515.8,,,,,
2014-05-29,5.462,5.62,5.417,5.417,4115060,22291280.02,,,,,
2014-05-30,5.395,5.507,5.35,5.417,3341240,18099497.08,,,,,
2014-06-02,5.417,5.417,5.215,5.238,3048200,15966471.6,,,,,
2014-06-03,5.305,5.327,5.238,5.26,1343370,7066126.199999999,,,,,
2014-06-04,5.26,5.26,5.035,5.125,3084380,15807447.5,,,,,
2014-06-05,5.125,5.305,5.058,5.238,2544370,13327410.06,,,,,
2014-06-06,5.305,5.597,5.26,5.597,4657850,26069986.450000003,,,,,
2014-06-09,5.799,5.934,5.687,5.71,7260540,41457683.4,,,,,
2014-06-10,5.597,5.687,5.462,5.485,4801900,26338421.5,,,,,
2014-06-11,5.53,5.71,5.485,5.642,3481390,19642002.380000003,,,,,
2014-06-12,5.642,5.71,5.597,5.665,3201240,18135024.6,,,,,
2014-06-13,5.71,5.71,5.597,5.665,2097910,11884660.15,,,,,
2014-06-16,5.71,5.777,5.665,5.687,2339630,13305475.81,,,,,
2014-06-17,5.687,5.912,5.665,5.867,3977680,23337048.56,,,,,
2014-06-18,5.867,5.889,5.755,5.755,2428270,13974693.85,,,,,
2014-06-19,5.62,5.755,5.507,5.71,5285810,30181975.1,,,,,
2014-06-20,5.777,5.844,5.687,5.687,2363870,13443328.69,,,,,
2014-06-23,5.62,5.71,5.597,5.642,1640270,9254403.34,,,,,
2014-06-24,5.62,5.755,5.62,5.755,2398270,13802043.85,,,,,
2014-06-25,5.799,5.912,5.755,5.844,4487610,26225592.84,,,,,
2014-06-26,5.844,5.912,5.822,5.822,2918600,16992089.2,,,,,
2014-06-27,5.822,5.867,5.799,5.822,2270290,13217628.38,,,,,
2014-06-30,5.822,5.889,5.822,5.822,2704110,15743328.42,,,,,
2014-07-01,5.844,6.002,5.822,5.934,4277160,25380667.44,,,,,
2014-07-02,5.957,6.024,5.934,6.002,2467430,14809514.86,,,,,
2014-07-03,6.092,6.159,6.002,6.047,3285990,19870381.53,,,,,
2014-07-04,6.069,6.092,5.979,6.024,4532460,27303539.04,,,,,
2014-07-07,6.092,6.092,5.979,6.002,2512110,15077684.22,,,,,
2014-07-08,6.002,6.024,5.934,6.024,2478710,14931749.04,,,,,
2014-07-09,6.069,6.092,6.002,6.002,2058030,12352296.06,,,,,
2014-07-10,6.002,6.002,5.844,5.844,5107210,29846535.24,,,,,
2014-07-11,5.844,5.889,5.777,5.822,3134370,18248302.14,,,,,
2014-07-14,5.844,5.889,5.777,5.889,1679680,9891635.52,,,,,
2014-07-15,5.957,6.002,5.912,5.934,2572850,15267291.9,,,,,
2014-07-16,6.069,6.069,5.912,5.912,2898420,17135459.04,,,,,
2014-07-17,5.934,5.957,5.867,5.912,1422850,8411889.2,,,,,
2014-07-18,5.889,6.024,5.889,6.024,3102600,18690062.4,,,,,
2014-07-21,6.114,6.137,5.979,6.024,4099220,24693701.28,,,,,
2014-07-22,6.024,6.024,5.934,5.957,2351760,14009434.32,,,,,
2014-07-23,5.957,6.002,5.912,5.957,1681730,10018065.61,,,,,
2014-07-24,5.979,5.979,5.934,5.957,1568860,9345699.02,,,,,
2014-07-25,5.957,6.047,5.889,5.889,2709440,15955892.16,,,,,
2014-07-28,5.844,5.844,5.665,5.732,3705580,21240384.56,,,,,
2014-07-29,5.755,5.755,5.642,5.687,1686060,9588623.22,,,,,
2014-07-30,5.687,5.732,5.62,5.642,2405300,13570702.6,,,,,
2014-07-31,5.62,5.755,5.62,5.71,1224460,6991666.6,,,,,
2014-08-01,5.687,5.687,5.62,5.642,1648540,9301062.68,,,,,
2014-08-04,5.62,5.777,5.597,5.755,2035280,11713036.4,,,,,
2014-08-05,5.755,5.889,5.755,5.889,2607020,15352740.78,,,,,
2014-08-06,5.934,5.957,5.889,5.889,3231030,19027535.67,,,,,
2014-08-07,5.867,5.957,5.844,5.957,2599100,15482838.7,,,,,
2014-08-08,5.957,6.002,5.867,5.889,1962960,11559871.44,,,,,
2014-08-11,5.889,5.912,5.844,5.844,1783140,10420670.16,,,,,
2014-08-12,5.844,5.934,5.844,5.889,1790560,10544607.84,,,,,
2014-08-13,5.912,6.002,5.889,5.979,2031610,12146996.19,,,,,
2014-08-14,6.024,6.047,5.957,5.979,2593540,15506775.66,,,,,
2014-08-15,5.979,6.002,5.934,5.934,1371270,8137116.180000001,,,,,
2014-08-18,5.934,6.204,5.934,6.204,7017230,43534894.92,,,,,
2014-08-19,6.249,6.316,6.159,6.159,4224020,26015739.18,,,,,
2014-08-20,6.227,6.294,6.182,6.227,2979180,18551353.86,,,,,
2014-08-21,6.227,6.384,6.227,6.294,6204670,39052192.98,,,,,
2014-08-22,6.361,6.384,6.272,6.272,3071690,19265639.68,,,,,
2014-08-25,6.316,6.406,6.294,6.339,4351670,27585236.130000003,,,,,
2014-08-26,6.361,6.406,6.294,6.316,3990850,25206208.6,,,,,
2014-08-27,6.316,6.406,6.272,6.339,3152840,19985852.76,,,,,
2014-08-28,6.361,6.519,6.361,6.519,4939770,32202360.63,,,,,
2014-08-29,6.541,6.586,6.451,6.519,2768250,18046221.75,,,,,
2014-09-03,6.609,6.631,6.474,6.474,3524920,22820332.08,,,,,
2014-09-04,6.451,6.519,6.406,6.451,3256220,21005875.22,,,,,
2014-09-05,6.496,6.541,6.451,6.519,2327930,15175775.67,,,,,
2014-09-08,6.609,6.676,6.586,6.609,3546470,23438620.23,,,,,
2014-09-09,6.609,6.744,6.159,6.429,9774370,62839424.73,,,,,
2014-09-10,6.451,6.474,6.316,6.474,4203460,27213200.04,,,,,
2014-09-11,6.609,6.654,6.541,6.541,3915980,25614425.18,,,,,
2014-09-12,6.519,6.586,6.496,6.564,3211420,21079760.88,,,,,
2014-09-15,6.631,6.631,6.496,6.496,4041550,26253908.8,,,,,
2014-09-16,6.474,6.519,6.384,6.496,3291780,21383402.880000003,,,,,
2014-09-17,6.699,6.946,6.676,6.946,14441620,100311492.52,,,,,
2014-09-18,6.923,6.946,6.654,6.654,6116250,40697527.5,,,,,
2014-09-19,6.631,6.721,6.609,6.699,3872980,25945093.02,,,,,
2014-09-22,6.721,6.744,6.541,6.541,4417320,28893690.12,,,,,
2014-09-23,6.586,6.654,6.541,6.564,4183810,27462528.84,,,,,
2014-09-24,6.657,6.68,6.54,6.587,5133470,33814166.89,,,,,
2014-09-25,6.563,6.726,6.447,6.703,4587730,30751554.19,,,,,
2014-09-26,6.796,6.913,6.726,6.796,6059690,41181653.24,,,,,
2014-09-29,7.262,7.262,7.145,7.145,14398490,102877211.05,,,,,
2014-09-30,7.075,7.308,7.052,7.192,5954040,42821455.68,,,,,
2014-10-01,7.238,7.308,7.192,7.215,3989490,28784170.35,,,,,
2014-10-02,7.215,7.378,7.169,7.332,6553350,48049162.2,,,,,
2014-10-03,7.355,7.541,7.355,7.378,5683610,41933674.58,,,,,
2014-10-06,7.448,7.494,7.378,7.401,3101000,22950501.0,,,,,
2014-10-07,7.401,7.425,7.332,7.355,4490500,33027627.500000004,,,,,
2014-10-08,7.332,7.425,7.285,7.308,7047680,51504445.44,,,,,
2014-10-09,7.378,7.378,7.238,7.238,3423000,24775674.0,,,,,
2014-10-10,7.192,7.215,7.099,7.099,5099600,36202060.4,,,,,
2014-10-13,7.122,7.285,7.122,7.215,5541370,39980984.55,,,,,
2014-10-14,7.262,7.285,7.029,7.029,3172940,22302595.26,,,,,
2014-10-15,7.006,7.052,6.913,7.029,3317490,23318637.21,,,,,
2014-10-16,6.982,6.982,6.657,6.657,7376690,49106625.33,,,,,
2014-10-17,6.68,6.796,6.563,6.773,5430380,36779963.74,,,,,
2014-10-20,6.796,6.843,6.657,6.657,2099680,13977569.76,,,,,
2014-10-21,6.657,6.773,6.633,6.726,3382850,22753049.1,,,,,
2014-10-22,6.75,6.982,6.75,6.982,5737820,40061459.24,,,,,
2014-10-23,6.889,7.075,6.866,6.913,5537890,38283433.57,,,,,
2014-10-24,6.936,6.982,6.819,6.889,3214970,22147928.33,,,,,
2014-10-27,6.819,6.913,6.68,6.68,3958990,26446053.2,,,,,
2014-10-28,6.773,6.889,6.75,6.889,6928870,47732985.43,,,,,
2014-10-29,7.006,7.308,6.959,7.169,8554190,61324988.11,,,,,
2014-10-30,7.169,7.215,7.099,7.099,3722880,26428725.12,,,,,
2014-10-31,7.099,7.285,7.052,7.238,7064650,51133936.7,,,,,
2014-11-03,7.308,7.332,7.192,7.215,4003760,28887128.4,,,,,
2014-11-04,7.192,7.262,7.169,7.169,5652870,40525425.03,,,,,
2014-11-05,7.169,7.215,6.982,7.122,6963600,49594759.2,,,,,
2014-11-06,7.169,7.169,7.052,7.075,2775400,19635955.0,,,,,
2014-11-07,7.099,7.192,7.075,7.169,3739490,26808403.81,,,,,
2014-11-10,7.215,7.238,7.169,7.192,4127860,29687569.12,,,,,
2014-11-11,7.192,7.238,7.145,7.145,4141320,29589731.4,,,,,
2014-11-12,7.122,7.192,7.122,7.145,2370020,16933792.9,,,,,
2014-11-13,7.215,7.262,7.145,7.169,3818810,27377048.89,,,,,
2014-11-14,7.145,7.169,7.052,7.122,5018230,35739834.06,,,,,
2014-11-17,7.099,7.192,7.099,7.145,2784390,19894466.55,,,,,
2014-11-18,7.122,7.169,7.052,7.052,2736010,19294342.52,,,,,
2014-11-19,7.075,7.099,6.959,7.006,5296820,37109520.92,,,,,
2014-11-20,7.029,7.075,6.982,7.075,2592850,18344413.75,,,,,
2014-11-21,7.099,7.099,6.936,6.936,4554600,31590705.6,,,,,
2014-11-24,6.866,6.936,6.796,6.843,3835840,26248653.12,,,,,
2014-11-25,6.866,6.959,6.843,6.889,2165400,14917440.6,,,,,
2014-11-26,6.936,7.099,6.889,6.936,9059490,62836622.64,,,,,
2014-11-27,6.913,7.052,6.866,7.052,3036110,21410647.72,,,,,
2014-11-28,7.052,7.099,7.006,7.029,2300340,16169089.86,,,,,
2014-12-01,7.029,7.075,6.982,6.982,1998060,13950454.92,,,,,
2014-12-02,7.029,7.122,7.006,7.052,4416020,31141773.04,,,,,
2014-12-03,7.099,7.169,7.099,7.169,3002960,21528220.24,,,,,
2014-12-04,7.169,7.215,7.099,7.099,1881760,13358614.24,,,,,
2014-12-05,7.099,7.145,7.075,7.122,2078440,14802649.68,,,,,
2014-12-08,7.169,7.169,7.006,7.006,2450720,17169744.32,,,,,
2014-12-09,6.959,6.982,6.657,6.75,5988640,40423320.0,,,,,
2014-12-10,6.773,6.936,6.726,6.936,4051800,28103284.8,,,,,
2014-12-11,6.866,6.913,6.819,6.819,1612060,10992637.14,,,,,
2014-12-12,6.819,6.913,6.819,6.889,1615700,11130557.3,,,,,
2014-12-15,6.913,6.982,6.913,6.936,2431570,16865369.52,,,,,
2014-12-16,6.889,6.936,6.75,6.796,3576680,24307117.28,,,,,
2014-12-17,6.796,6.866,6.331,6.494,9076910,58945453.54,,,,,
2014-12-18,6.54,6.657,6.494,6.633,2914140,19329490.62,,,,,
2014-12-19,6.657,6.843,6.307,6.307,20898000,131803686.0,,,,,
2014-12-22,6.47,6.494,6.401,6.424,3503200,22504556.8,,,,,
2014-12-23,6.401,6.447,6.284,6.284,3057610,19214021.24,,,,,
2014-12-24,6.354,6.377,6.261,6.261,1678700,10510340.7,,,,,
2014-12-25,6.284,6.331,6.144,6.144,2427200,14912716.8,,,,,
2014-12-26,6.144,6.144,5.958,6.005,4141460,24869467.3,,,,,
2014-12-29,6.005,6.144,5.865,5.888,2631000,15491328.0,,,,,
2014-12-30,5.888,6.214,5.772,6.214,3256150,20233716.1,,,,,
2014-12-31,6.238,6.447,6.191,6.401,4091880,26192123.88,,,,,
2015-01-05,6.377,6.424,6.307,6.307,1636640,10322288.48,,,,,
2015-01-06,6.191,6.331,6.144,6.307,2031640,12813553.48,,,,,
2015-01-07,6.331,6.377,6.261,6.284,1659050,10425470.2,,,,,
2015-01-08,6.307,6.331,6.261,6.284,1365600,8581430.4,,,,,
2015-01-09,6.284,6.377,6.284,6.354,2251920,14308699.68,,,,,
2015-01-12,6.354,6.401,6.261,6.284,1812820,11391760.88,,,,,
2015-01-13,6.238,6.331,6.238,6.284,1183110,7434663.24,,,,,
2015-01-14,6.284,6.424,6.168,6.354,2599080,16514554.32,,,,,
2015-01-15,6.377,6.424,6.354,6.401,2098530,13432690.53,,,,,
2015-01-16,6.47,6.517,6.377,6.401,2549490,16319285.49,,,,,
2015-01-19,6.401,6.401,6.307,6.307,1140290,7191809.03,,,,,
2015-01-20,6.284,6.331,6.261,6.261,1017940,6373322.34,,,,,
2015-01-21,6.307,6.354,6.238,6.261,1645360,10301598.96,,,,,
2015-01-22,6.307,6.354,6.214,6.307,1321470,8334511.290000001,,,,,
2015-01-23,6.354,6.47,6.307,6.401,2700260,17284364.259999998,,,,,
2015-01-26,6.401,6.447,6.354,6.354,1413710,8982713.34,,,,,
2015-01-27,6.331,6.377,6.238,6.261,2347460,14697447.06,,,,,
2015-01-28,6.261,6.284,6.191,6.238,1363000,8502394.0,,,,,
2015-01-29,6.238,6.261,6.191,6.261,1238270,7752808.47,,,,,
2015-01-30,6.261,6.261,6.098,6.121,2606200,15952550.2,,,,,
2015-02-02,6.098,6.168,6.005,6.005,2074990,12460314.95,,,,,
2015-02-03,6.005,6.051,5.935,5.935,1267900,7524986.499999999,,,,,
2015-02-04,6.005,6.005,5.888,5.912,1658490,9804992.88,,,,,
2015-02-05,5.935,5.982,5.912,5.935,797240,4731619.399999999,,,,,
2015-02-06,5.912,6.028,5.912,6.028,588670,3548502.76,,,,,
2015-02-09,6.051,6.051,5.958,5.958,592540,3530353.3200000003,,,,,
2015-02-10,5.982,6.028,5.935,5.982,1186050,7094951.100000001,,,,,
2015-02-11,5.982,6.214,5.982,6.191,1938290,11999953.39,,,,,
2015-02-12,6.238,6.284,6.191,6.284,1766860,11102948.24,,,,,
2015-02-13,6.284,6.331,6.238,6.307,1589890,10027436.23,,,,,
2015-02-24,6.307,6.447,6.284,6.401,1939300,12413459.3,,,,,
2015-02-25,6.447,6.447,6.307,6.307,2134530,13462480.71,,,,,
2015-02-26,6.307,6.377,6.307,6.331,1092220,6914844.82,,,,,
2015-02-27,6.354,6.401,6.307,6.354,1084500,6890913.0,,,,,
2015-03-02,6.354,6.377,6.331,6.354,719070,4568970.78,,,,,
2015-03-03,6.354,6.401,6.331,6.377,1507630,9614156.51,,,,,
2015-03-04,6.424,6.447,6.401,6.447,2432850,15684583.95,,,,,
2015-03-05,6.47,6.47,6.354,6.354,2324850,14772096.9,,,,,
2015-03-06,6.508,6.592,6.48,6.48,3302290,21398839.200000003,,,,,
2015-03-09,6.508,6.508,6.312,6.34,1103230,6994478.2,,,,,
2015-03-10,6.34,6.368,6.284,6.34,1104790,7004368.6,,,,,
2015-03-11,6.34,6.34,6.256,6.256,1280070,8008117.92,,,,,
2015-03-12,6.256,6.284,6.173,6.256,1332560,8336495.36,,,,,
2015-03-13,6.284,6.312,6.229,6.229,854900,5325172.1,,,,,
2015-03-16,6.229,6.256,6.145,6.145,1281810,7876722.449999999,,,,,
2015-03-17,6.145,6.229,6.145,6.201,927590,5751985.59,,,,,
2015-03-18,6.201,6.201,6.117,6.117,751720,4598271.24,,,,,
2015-03-19,6.117,6.173,5.977,6.033,1852320,11175046.56,,,,,
2015-03-20,6.033,6.201,6.005,6.201,2994620,18569638.62,,,,,
2015-03-23,6.201,6.201,6.033,6.033,1294430,7809296.19,,,,,
2015-03-24,6.005,6.005,5.893,5.949,2563650,15251153.85,,,,,
2015-03-25,5.977,6.005,5.865,5.865,1506060,8833041.9,,,,,
2015-03-26,5.81,5.893,5.754,5.782,2051060,11859228.92,,,,,
2015-03-27,5.81,5.893,5.698,5.698,1652550,9416229.9,,,,,
2015-03-30,5.698,5.754,5.586,5.586,1491950,8334032.7,,,,,
2015-03-31,5.586,5.754,5.586,5.642,1602490,9041248.58,,,,,
2015-04-01,5.67,5.698,5.502,5.502,2135020,11746880.04,,,,,
2015-04-02,5.502,5.642,5.446,5.614,1390940,7808737.16,,,,,
2015-04-03,5.614,5.67,5.586,5.642,638630,3603150.46,,,,,
2015-04-06,5.642,5.642,5.53,5.586,1044560,5834912.16,,,,,
2015-04-07,5.586,5.67,5.53,5.67,1160350,6579184.5,,,,,
2015-04-08,5.698,5.726,5.614,5.614,584240,3279923.36,,,,,
2015-04-09,5.614,5.698,5.586,5.642,1035780,5843870.760000001,,,,,
2015-04-10,5.698,5.838,5.67,5.754,2074760,11938169.04,,,,,
2015-04-13,5.782,5.838,5.754,5.754,848690,4883362.26,,,,,
2015-04-14,5.754,5.782,5.67,5.67,1041760,5906779.2,,,,,
2015-04-15,5.67,5.754,5.642,5.726,1108240,6345782.24,,,,,
2015-04-16,5.782,5.949,5.726,5.921,2938780,17400516.38,,,,,
2015-04-17,5.949,6.033,5.949,5.977,3173900,18970400.3,,,,,
2015-04-20,5.949,5.977,5.838,5.865,894060,5243661.9,,,,,
2015-04-21,5.838,5.921,5.81,5.81,1029550,5981685.5,,,,,
2015-04-22,5.81,5.838,5.782,5.782,1114650,6444906.3,,,,,
2015-04-23,5.782,5.838,5.754,5.838,849490,4959322.62,,,,,
2015-04-24,5.865,5.865,5.81,5.81,616970,3584595.7,,,,,
2015-04-27,5.81,5.838,5.754,5.754,640770,3686990.58,,,,,
2015-05-04,5.754,5.754,5.558,5.586,3024460,16894633.560000002,,,,,
2015-05-05,5.558,5.726,5.502,5.726,2573550,14736147.3,,,,,
2015-05-06,5.67,5.726,5.586,5.642,1054520,5949601.840000001,,,,,
2015-05-07,5.642,5.67,5.586,5.614,744030,4176984.42,,,,,
2015-05-08,5.614,5.698,5.614,5.67,1046720,5934902.4,,,,,
2015-05-11,5.67,5.698,5.586,5.614,656940,3688061.16,,,,,
2015-05-12,5.586,5.642,5.558,5.586,1337380,7470604.680000001,,,,,
2015-05-13,5.586,5.614,5.502,5.586,1152930,6440266.98,,,,,
2015-05-14,5.586,5.586,5.53,5.586,500290,2794619.94,,,,,
2015-05-15,5.586,5.614,5.446,5.446,783840,4268792.64,,,,,
2015-05-18,5.474,5.502,5.335,5.335,1841100,9822268.5,,,,,
2015-05-19,5.335,5.419,5.335,5.363,914060,4902103.78,,,,,
2015-05-20,5.419,5.726,5.391,5.726,3728590,21349906.34,,,,,
2015-05-21,5.81,5.977,5.782,5.921,4565730,27033687.33,,,,,
2015-05-22,5.865,6.005,5.865,5.977,2959210,17687198.17,,,,,
2015-05-25,5.977,6.089,5.921,6.089,4384960,26700021.44,,,,,
2015-05-26,6.033,6.117,5.977,6.005,2494210,14977731.05,,,,,
2015-05-27,5.977,6.089,5.949,6.005,1591400,9556357.0,,,,,
2015-05-28,5.977,6.229,5.977,6.089,3565700,21711547.3,,,,,
2015-05-29,6.089,6.089,5.977,5.977,2322680,13882658.36,,,,,
2015-06-01,5.949,6.061,5.921,6.033,2735430,16502849.19,,,,,
2015-06-02,6.033,6.256,6.005,6.117,8981710,54941120.07,,,,,
2015-06-03,6.117,6.368,6.089,6.34,7566920,47974272.8,,,,,
2015-06-04,6.396,6.424,6.284,6.312,3436440,21690809.28,,,,,
2015-06-05,6.284,6.564,6.201,6.48,6219780,40304174.400000006,,,,,
2015-06-08,6.564,6.62,6.452,6.452,5324600,34354319.2,,,,,
2015-06-09,6.424,6.536,6.424,6.48,5742030,37208354.400000006,,,,,
2015-06-10,6.452,6.536,6.424,6.48,4023390,26071567.200000003,,,,,
2015-06-11,6.536,6.647,6.536,6.62,3983550,26371101.0,,,,,
2015-06-12,6.759,6.843,6.675,6.815,7484860,51009320.900000006,,,,,
2015-06-15,6.815,6.927,6.731,6.731,2816810,18959948.11,,,,,
2015-06-16,6.759,6.787,6.564,6.564,4483980,29432844.72,,,,,
2015-06-17,6.536,6.62,6.452,6.508,3111540,20249902.32,,,,,
2015-06-18,6.564,6.703,6.564,6.647,4331580,28792012.26,,,,,
2015-06-19,6.759,6.759,6.564,6.564,3985120,26158327.68,,,,,
2015-06-22,6.564,6.675,6.564,6.675,2370530,15823287.75,,,,,
2015-06-23,6.703,6.731,6.592,6.592,2644730,17434060.16,,,,,
2015-06-24,6.647,6.703,6.592,6.62,2893620,19155764.4,,,,,
2015-06-25,6.647,6.675,6.564,6.647,2308410,15344001.27,,,,,
2015-06-26,6.647,7.066,6.647,6.815,12224340,83308877.10000001,,,,,
2015-06-29,6.843,6.983,6.815,6.927,5034930,34876960.11,,,,,
2015-06-30,6.871,6.927,6.787,6.787,3801000,25797387.0,,,,,
2015-07-01,6.871,6.955,6.787,6.927,5941920,41159679.84,,,,,
2015-07-02,6.927,7.094,6.899,7.011,5336280,37412659.08,,,,,
2015-07-03,7.066,7.262,7.011,7.262,8759730,63613159.26,,,,,
2015-07-06,7.374,7.485,7.318,7.402,6331650,46866873.3,,,,,
2015-07-07,7.346,7.457,7.29,7.374,6604090,48698559.66,,,,,
2015-07-08,7.346,7.374,7.15,7.178,9310360,66829764.08,,,,,
2015-07-09,7.094,7.346,7.066,7.318,6090670,44571523.06,,,,,
2015-07-10,7.374,7.457,7.234,7.262,5343570,38805005.34,,,,,
2015-07-13,7.29,7.374,7.206,7.318,3618900,26483110.2,,,,,
2015-07-14,7.374,7.569,7.206,7.485,9020930,67521661.05,,,,,
2015-07-15,7.541,7.541,7.318,7.318,5735690,41973779.42,,,,,
2015-07-16,7.262,7.374,7.234,7.346,3300810,24247750.26,,,,,
2015-07-17,7.374,7.374,7.262,7.262,2806740,20382545.88,,,,,
2015-07-20,7.206,7.346,7.094,7.318,4501720,32943586.96,,,,,
2015-07-21,7.346,7.374,7.234,7.29,5371990,39161807.1,,,,,
2015-07-22,7.262,7.513,7.234,7.513,6237620,46863239.06,,,,,
2015-07-23,7.569,7.681,7.541,7.597,8809840,66928354.48,,,,,
2015-07-24,7.597,7.681,7.541,7.597,5106180,38791649.46,,,,,
2015-07-27,7.597,8.016,7.569,7.904,8158790,64487076.16,,,,,
2015-07-28,7.876,7.904,7.793,7.821,7175100,56116457.1,,,,,
2015-07-29,7.793,7.849,7.653,7.681,6233850,47882201.85,,,,,
2015-07-30,7.681,7.709,7.625,7.653,3148030,24091873.59,,,,,
2015-07-31,7.737,7.765,7.597,7.597,2687360,20415873.92,,,,,
2015-08-03,7.513,7.513,7.262,7.318,6168910,45144083.38,,,,,
2015-08-04,7.374,7.485,7.29,7.402,3638920,26935285.84,,,,,
2015-08-05,7.457,7.541,7.43,7.541,2095630,15803145.83,,,,,
2015-08-06,7.541,7.569,7.485,7.485,3692140,27635667.9,,,,,
2015-08-07,7.485,7.569,7.402,7.485,3044650,22789205.25,,,,,
2015-08-10,7.541,7.709,7.541,7.709,3866350,29805692.15,,,,,
2015-08-11,7.765,7.876,7.653,7.653,7630670,58397517.51,,,,,
2015-08-12,7.625,7.653,7.402,7.513,5911300,44411596.9,,,,,
2015-08-13,7.43,7.541,7.346,7.485,3637580,27227286.3,,,,,
2015-08-14,7.65,7.773,7.558,7.65,4754100,36368865.0,,,,,
2015-08-17,7.65,7.681,7.343,7.435,2758110,20506547.85,,,,,
2015-08-18,7.435,7.558,7.404,7.497,2214710,16603680.87,,,,,
2015-08-19,7.466,7.804,7.404,7.742,5058150,39160197.3,,,,,
2015-08-20,7.681,7.865,7.619,7.65,4810340,36799101.0,,,,,
2015-08-21,7.527,7.65,7.189,7.65,7426850,56815402.5,,,,,
2015-08-24,7.497,7.497,7.128,7.128,8256110,58849552.08,,,,,
2015-08-25,6.943,7.281,6.913,7.128,4877410,34766178.480000004,,,,,
2015-08-26,7.097,7.374,7.097,7.343,5240620,38481872.66,,,,,
2015-08-27,7.435,7.466,7.374,7.404,3211060,23774688.24,,,,,
2015-08-28,7.404,7.896,7.404,7.896,12482920,98565136.32,,,,,
2015-08-31,7.988,8.111,7.896,7.957,5885810,46833390.17,,,,,
2015-09-01,7.988,8.019,7.834,7.927,3526340,27953297.18,,,,,
2015-09-03,7.834,7.927,7.558,7.558,5406640,40863385.12,,,,,
2015-09-04,7.558,7.65,7.527,7.527,2550350,19196484.45,,,,,
2015-09-07,7.558,7.681,7.527,7.589,2549010,19344436.89,,,,,
2015-09-08,7.558,7.773,7.527,7.742,3423590,26505433.78,,,,,
2015-09-09,7.834,7.834,7.681,7.681,2881230,22130727.63,,,,,
2015-09-10,7.619,7.927,7.619,7.804,4008890,31285377.56,,,,,
2015-09-11,7.804,7.865,7.65,7.65,2137100,16348815.0,,,,,
2015-09-14,7.619,7.65,7.435,7.466,4280000,31954480.0,,,,,
2015-09-15,7.435,7.589,7.435,7.589,2919390,22155250.71,,,,,
2015-09-16,7.558,7.65,7.527,7.527,1843350,13874895.45,,,,,
2015-09-17,7.589,7.589,7.527,7.558,1269840,9597450.72,,,,,
2015-09-18,7.65,7.712,7.619,7.65,3621790,27706693.5,,,,,
2015-09-21,7.65,7.681,7.589,7.65,1827020,13976703.0,,,,,
2015-09-22,7.65,7.712,7.589,7.589,1642550,12465311.95,,,,,
2015-09-23,7.558,7.619,7.497,7.558,2132540,16117737.32,,,,,
2015-09-24,7.558,7.619,7.527,7.527,1352300,10178762.1,,,,,
2015-09-25,7.558,7.558,7.435,7.497,1674610,12554551.17,,,,,
2015-09-28,7.497,7.527,7.312,7.312,2833710,20720087.52,,,,,
2015-09-29,7.22,7.281,7.097,7.22,4404540,31800778.8,,,,,
2015-09-30,7.251,7.374,7.22,7.22,2358520,17028514.4,,,,,
2015-10-01,7.251,7.312,7.22,7.22,1666780,12034151.6,,,,,
2015-10-02,7.22,7.251,7.128,7.128,1698650,12107977.2,,,,,
2015-10-05,7.128,7.281,7.128,7.189,2387810,17165966.09,,,,,
2015-10-06,7.374,7.681,7.312,7.65,8798970,67312120.5,,,,,
2015-10-07,7.65,7.681,7.527,7.558,4415270,33370610.66,,,,,
2015-10-08,7.558,7.619,7.527,7.589,2505960,19017730.44,,,,,
2015-10-09,7.589,7.619,7.466,7.466,3470560,25911200.96,,,,,
2015-10-12,7.435,7.619,7.435,7.558,4565850,34508694.3,,,,,
2015-10-13,7.497,7.589,7.497,7.497,2728310,20454140.07,,,,,
2015-10-14,7.497,7.558,7.466,7.497,1632520,12239002.44,,,,,
2015-10-15,7.527,7.527,7.435,7.466,1762210,13156659.86,,,,,
2015-10-16,7.527,7.558,7.466,7.466,2420410,18070781.06,,,,,
2015-10-19,7.466,7.527,7.435,7.435,1399960,10408702.6,,,,,
2015-10-20,7.435,7.435,7.281,7.312,2186600,15988419.2,,,,,
2015-10-21,7.343,7.404,7.251,7.281,2217170,16143214.77,,,,,
2015-10-22,7.251,7.343,7.251,7.343,1979000,14531797.0,,,,,
2015-10-23,7.404,7.466,7.374,7.374,2147870,15838393.38,,,,,
2015-10-26,7.404,7.435,7.281,7.281,2016350,14681044.35,,,,,
2015-10-27,7.281,7.312,7.251,7.251,1534570,11127167.07,,,,,
2015-10-28,7.251,7.312,7.189,7.189,1611340,11583923.26,,,,,
2015-10-29,7.22,7.374,7.22,7.312,3228070,23603647.84,,,,,
2015-10-30,7.343,7.374,7.281,7.374,1981470,14611359.78,,,,,
2015-11-02,7.343,7.374,7.281,7.281,1328850,9675356.85,,,,,
2015-11-03,7.281,7.343,7.22,7.312,1097600,8025651.2,,,,,
2015-11-04,7.374,7.466,7.343,7.374,3023450,22294920.3,,,,,
2015-11-05,7.343,7.435,7.343,7.435,1790900,13315341.5,,,,,
2015-11-06,7.435,7.435,7.312,7.312,1813960,13263675.52,,,,,
2015-11-09,7.312,7.312,7.251,7.251,1172590,8502450.09,,,,,
2015-11-10,7.251,7.281,7.159,7.159,1252240,8964786.16,,,,,
2015-11-11,7.128,7.251,7.128,7.128,1412300,10066874.4,,,,,
2015-11-12,7.128,7.159,7.005,7.159,2440250,17469749.75,,,,,
2015-11-13,7.189,7.251,7.128,7.189,1839910,13227112.99,,,,,
2015-11-16,7.159,7.251,7.128,7.128,1369320,9760512.96,,,,,
2015-11-17,7.128,7.22,7.097,7.128,1931720,13769300.16,,,,,
2015-11-18,7.128,7.189,7.128,7.159,964970,6908220.23,,,,,
2015-11-19,7.128,7.189,7.097,7.128,900300,6417338.4,,,,,
2015-11-20,7.128,7.22,7.097,7.159,2102380,15050938.42,,,,,
2015-11-23,7.22,7.374,7.189,7.281,2500700,18207596.7,,,,,
2015-11-24,7.312,7.312,7.159,7.22,1298170,9372787.4,,,,,
2015-11-25,7.189,7.281,7.128,7.251,1408320,10211728.32,,,,,
2015-11-26,7.22,7.281,7.159,7.159,1184480,8479692.32,,,,,
2015-11-27,7.189,7.22,7.066,7.066,1945650,13747962.9,,,,,
2015-11-30,7.036,7.066,6.943,6.974,1729310,12060207.94,,,,,
2015-12-01,7.036,7.097,6.974,7.005,1031070,7222645.35,,,,,
2015-12-02,7.005,7.128,7.005,7.036,1180980,8309375.279999999,,,,,
2015-12-03,7.005,7.281,7.005,7.097,3154180,22385215.46,,,,,
2015-12-04,7.097,7.189,7.097,7.189,1516430,10901615.27,,,,,
2015-12-07,7.128,7.128,7.036,7.066,1855410,13110327.06,,,,,
2015-12-08,7.036,7.159,6.974,7.097,2111780,14987302.66,,,,,
2015-12-09,7.097,7.128,6.943,6.943,1465550,10175313.65,,,,,
2015-12-10,6.974,7.005,6.943,6.943,1558860,10823164.98,,,,,
2015-12-11,6.913,7.005,6.882,6.882,1448270,9966994.14,,,,,
2015-12-14,7.066,7.128,6.974,7.036,3494550,24587653.8,,,,,
2015-12-15,7.066,7.159,7.036,7.097,2678080,19006333.76,,,,,
2015-12-16,7.128,7.159,7.036,7.036,773930,5445371.48,,,,,
2015-12-17,7.097,7.097,7.005,7.005,627550,4395987.75,,,,,
2015-12-18,7.005,7.097,6.974,7.097,18905770,134174249.69,,,,,
2015-12-21,7.066,7.066,6.913,6.943,2024770,14057978.11,,,,,
2015-12-22,6.943,7.005,6.913,6.913,1126230,7785627.99,,,,,
2015-12-23,6.913,6.974,6.851,6.882,566140,3896175.48,,,,,
2015-12-24,6.913,6.913,6.821,6.821,889900,6070007.899999999,,,,,
2015-12-25,6.821,6.882,6.759,6.821,1014020,6916630.42,,,,,
2015-12-28,6.821,6.882,6.759,6.759,1052150,7111481.850000001,,,,,
2015-12-29,6.79,6.882,6.698,6.851,802650,5498955.15,,,,,
2015-12-30,6.851,6.943,6.851,6.882,1063370,7318112.34,,,,,
2015-12-31,6.913,6.913,6.79,6.821,803870,5483197.27,,,,,
2016-01-04,6.821,6.851,6.667,6.667,792410,5282997.47,,,,,
2016-01-05,6.544,6.667,6.421,6.421,2280930,14645851.53,,,,,
2016-01-06,6.513,6.544,6.36,6.421,1278950,8212137.95,,,,,
2016-01-07,6.421,6.421,6.175,6.237,2847940,17762601.78,,,,,
2016-01-08,6.206,6.206,6.053,6.083,2369240,14412086.92,,,,,
2016-01-11,6.145,6.237,6.083,6.114,2644860,16170674.04,,,,,
2016-01-12,6.145,6.36,6.145,6.36,2131760,13557993.6,,,,,
2016-01-13,6.421,6.513,6.268,6.36,1721020,10945687.2,,,,,
2016-01-14,6.268,6.298,6.083,6.206,3155970,19585949.82,,,,,
2016-01-15,6.206,6.237,6.083,6.083,2085960,12688894.68,,,,,
2016-01-18,5.868,5.991,5.715,5.868,4832670,28358107.56,,,,,
2016-01-19,5.868,5.991,5.868,5.93,2315540,13731152.2,,,,,
2016-01-20,5.96,5.991,5.868,5.899,1239520,7311928.48,,,,,
2016-01-21,5.899,5.96,5.807,5.837,2249060,13127763.22,,,,,
2016-01-22,5.96,6.022,5.837,6.022,2494970,15024709.34,,,,,
2016-01-25,6.145,6.421,6.114,6.421,4101660,26336758.86,,,,,
2016-01-26,6.237,6.36,6.175,6.237,1832860,11431547.82,,,,,
2016-01-27,6.298,6.39,6.298,6.298,1387190,8736522.62,,,,,
2016-01-28,6.298,6.36,6.237,6.237,1534940,9573420.78,,,,,
2016-01-29,6.237,6.329,6.206,6.298,1215980,7658242.04,,,,,
2016-02-01,6.329,6.36,6.237,6.237,1562130,9743004.81,,,,,
2016-02-02,6.175,6.268,6.175,6.237,1218740,7601281.38,,,,,
2016-02-03,6.175,6.298,6.145,6.268,1113320,6978289.76,,,,,
2016-02-04,6.268,6.36,6.268,6.329,1418510,8977749.79,,,,,
2016-02-05,6.329,6.544,6.298,6.452,3966490,25591793.48,,,,,
2016-02-15,6.36,6.452,6.329,6.39,2791950,17840560.5,,,,,
2016-02-16,6.39,6.452,6.39,6.421,1705150,10948768.15,,,,,
2016-02-17,6.421,6.575,6.421,6.452,3541920,22852467.84,,,,,
2016-02-18,6.421,6.513,6.421,6.513,1917220,12486853.86,,,,,
2016-02-19,6.513,6.575,6.483,6.513,1886420,12286253.46,,,,,
2016-02-22,6.544,6.851,6.483,6.851,5858100,40133843.1,,,,,
2016-02-23,6.974,7.066,6.851,6.882,4567270,31431952.14,,,,,
2016-02-24,6.821,7.066,6.821,7.005,3131860,21938679.3,,,,,
2016-02-25,7.005,7.036,6.851,6.882,4508900,31030249.8,,,,,
2016-02-26,6.913,6.974,6.851,6.913,1938460,13400573.98,,,,,
2016-02-29,6.913,7.005,6.913,6.913,1766130,12209256.69,,,,,
2016-03-01,6.913,7.036,6.913,6.974,2165530,15102406.22,,,,,
2016-03-02,7.005,7.159,7.005,7.128,4934030,35169765.84,,,,,
2016-03-03,7.159,7.189,7.036,7.097,3256240,23109535.28,,,,,
2016-03-04,7.066,7.097,7.005,7.005,2761180,19342065.9,,,,,
2016-03-07,7.005,7.066,6.974,6.974,2239800,15620365.2,,,,,
2016-03-08,6.974,7.005,6.882,6.882,2719170,18713327.94,,,,,
2016-03-09,6.882,6.943,6.851,6.913,1487850,10285507.05,,,,,
2016-03-10,6.913,7.066,6.913,7.036,2111220,14854543.92,,,,,
2016-03-11,7.036,7.066,6.974,7.005,2197080,15390545.4,,,,,
2016-03-14,7.036,7.036,6.943,6.974,2321160,16187769.84,,,,,
2016-03-15,6.974,7.005,6.882,6.913,1960410,13552314.33,,,,,
2016-03-16,6.913,6.943,6.851,6.851,1566050,10729008.55,,,,,
2016-03-17,6.913,6.943,6.821,6.821,1671800,11403347.8,,,,,
2016-03-18,6.851,6.882,6.759,6.759,6334410,42814277.190000005,,,,,
2016-03-21,6.821,6.882,6.759,6.759,1879070,12700634.13,,,,,
2016-03-22,6.759,6.79,6.636,6.636,1893670,12566394.12,,,,,
2016-03-23,6.636,6.698,6.606,6.667,1966260,13109055.42,,,,,
2016-03-24,6.667,6.851,6.636,6.698,2916260,19533109.48,,,,,
2016-03-25,6.698,6.759,6.575,6.636,1686730,11193140.28,,,,,
2016-03-28,6.667,6.667,6.606,6.636,934420,6200811.12,,,,,
2016-03-29,6.636,6.636,6.421,6.483,4117880,26696216.04,,,,,
2016-03-30,6.452,6.606,6.452,6.544,2057640,13465196.159999998,,,,,
2016-03-31,6.544,6.606,6.452,6.483,2005320,13000489.56,,,,,
2016-04-01,6.483,6.544,6.421,6.513,1877190,12226138.47,,,,,
2016-04-04,6.513,6.575,6.452,6.544,1364350,8928306.4,,,,,
2016-04-05,6.544,6.667,6.544,6.667,1810570,12071070.19,,,,,
2016-04-06,6.667,6.728,6.667,6.698,1448590,9702655.82,,,,,
2016-04-07,6.728,6.79,6.698,6.728,1745780,11745607.84,,,,,
2016-04-08,6.698,6.759,6.667,6.667,2195720,14638865.24,,,,,
2016-04-11,6.667,6.79,6.667,6.728,2214310,14897877.68,,,,,
2016-04-12,6.728,6.759,6.698,6.698,1695110,11353846.78,,,,,
2016-04-13,6.698,6.728,6.636,6.667,1777940,11853525.98,,,,,
2016-04-14,6.667,6.728,6.636,6.667,1749110,11661316.37,,,,,
2016-04-15,6.698,6.759,6.636,6.636,1525590,10123815.24,,,,,
2016-04-19,6.636,6.667,6.483,6.544,2583780,16908256.32,,,,,
2016-04-20,6.606,6.606,6.421,6.513,2188050,14250769.65,,,,,
2016-04-21,6.606,6.606,6.483,6.513,1740550,11336202.15,,,,,
2016-04-22,6.513,6.606,6.513,6.606,1503600,9932781.6,,,,,
2016-04-25,6.667,6.821,6.667,6.79,4292840,29148383.6,,,,,
2016-04-26,6.759,6.882,6.728,6.882,3508360,24144533.52,,,,,
2016-04-27,6.882,6.882,6.728,6.728,1448130,9743018.64,,,,,
2016-04-28,6.728,6.728,6.606,6.667,1138920,7593179.64,,,,,
2016-04-29,6.667,6.667,6.575,6.575,1978300,13007322.5,,,,,
2016-05-04,6.606,6.636,6.513,6.575,1398160,9192902.0,,,,,
2016-05-05,6.575,6.636,6.544,6.575,1019120,6700714.0,,,,,
2016-05-06,6.544,6.667,6.544,6.575,999080,6568951.0,,,,,
2016-05-09,6.606,6.667,6.513,6.513,1094180,7126394.34,,,,,
2016-05-10,6.452,6.483,6.39,6.39,1923510,12291228.9,,,,,
2016-05-11,6.36,6.36,6.175,6.268,3356460,21038291.28,,,,,
2016-05-12,6.268,6.329,6.206,6.268,1717150,10763096.2,,,,,
2016-05-13,6.237,6.268,6.145,6.206,1717600,10659425.6,,,,,
2016-05-16,6.206,6.36,6.145,6.329,2069630,13098688.27,,,,,
2016-05-17,6.421,6.421,6.329,6.39,1380160,8819222.4,,,,,
2016-05-18,6.39,6.421,6.298,6.36,988300,6285588.0,,,,,
2016-05-19,6.329,6.36,6.298,6.329,632580,4003598.82,,,,,
2016-05-20,6.298,6.36,6.268,6.36,772070,4910365.2,,,,,
2016-05-23,6.36,6.39,6.298,6.39,541500,3460185.0,,,,,
2016-05-24,6.329,6.39,6.298,6.36,577860,3675189.6,,,,,
2016-05-25,6.329,6.452,6.329,6.329,1697240,10741831.96,,,,,
2016-05-26,6.36,6.39,6.268,6.298,786180,4951361.64,,,,,
2016-05-27,6.237,6.421,6.237,6.39,1666850,10651171.5,,,,,
2016-05-30,6.421,6.636,6.39,6.636,3324320,22060187.52,,,,,
2016-05-31,6.667,6.667,6.575,6.606,1434990,9479543.94,,,,,
2016-06-01,6.575,6.759,6.544,6.544,1728430,11310845.92,,,,,
2016-06-02,6.544,6.575,6.483,6.575,1334860,8776704.5,,,,,
2016-06-03,6.606,6.667,6.544,6.544,1096410,7174907.039999999,,,,,
2016-06-06,6.513,6.575,6.452,6.483,974990,6320860.17,,,,,
2016-06-07,6.483,6.575,6.483,6.513,677330,4411450.29,,,,,
2016-06-08,6.544,6.636,6.544,6.606,1455280,9613579.68,,,,,
2016-06-09,6.606,6.821,6.575,6.698,3854420,25816905.16,,,,,
2016-06-10,6.728,6.851,6.698,6.759,2808780,18984544.02,,,,,
2016-06-13,6.667,6.728,6.606,6.636,1180020,7830612.72,,,,,
2016-06-14,6.575,6.636,6.544,6.606,901450,5954978.7,,,,,
2016-06-15,6.544,6.575,6.483,6.513,1385030,9020700.39,,,,,
2016-06-16,6.513,6.606,6.483,6.513,1109590,7226759.67,,,,,
2016-06-17,6.452,6.483,6.298,6.298,5363960,33782220.08,,,,,
2016-06-20,6.452,6.452,6.36,6.421,1028350,6603035.350000001,,,,,
2016-06-21,6.452,6.513,6.39,6.421,1059890,6805553.69,,,,,
2016-06-22,6.421,6.452,6.36,6.39,1222010,7808643.899999999,,,,,
2016-06-23,6.36,6.452,6.36,6.39,1274080,8141371.199999999,,,,,
2016-06-24,6.452,6.452,5.96,6.237,2650420,16530669.54,,,,,
2016-06-27,6.175,6.268,6.083,6.206,831540,5160537.24,,,,,
2016-06-28,6.175,6.268,6.175,6.237,646550,4032532.35,,,,,
2016-06-29,6.268,6.421,6.268,6.421,1542610,9905098.81,,,,,
2016-06-30,6.421,6.483,6.298,6.39,1621390,10360682.1,,,,,
2016-07-01,6.39,6.421,6.329,6.329,1189520,7528472.08,,,,,
2016-07-04,6.421,6.759,6.421,6.759,4427420,29924931.78,,,,,
2016-07-05,6.913,7.036,6.851,6.882,6599490,45417690.18,,,,,
2016-07-06,6.821,6.943,6.79,6.882,2502190,17220071.58,,,,,
2016-07-07,6.943,6.974,6.851,6.913,2820020,19494798.26,,,,,
2016-07-08,6.913,7.066,6.882,6.974,4640490,32362777.26,,,,,
2016-07-11,7.066,7.281,7.005,7.066,6262570,44251319.62,,,,,
2016-07-12,7.189,7.251,7.066,7.189,3720810,26748903.09,,,,,
2016-07-13,7.281,7.466,7.251,7.404,6090470,45093839.88,,,,,
2016-07-14,7.435,7.435,7.251,7.251,4051720,29379021.720000003,,,,,
2016-07-15,7.22,7.281,7.128,7.22,3453740,24936002.8,,,,,
2016-07-18,7.189,7.312,7.189,7.281,2342070,17052611.669999998,,,,,
2016-07-19,7.343,7.589,7.22,7.404,6465910,47873597.64,,,,,
2016-07-20,7.435,7.466,7.251,7.281,2358760,17174131.56,,,,,
2016-07-21,7.281,7.281,7.066,7.066,3986980,28172000.68,,,,,
2016-07-22,6.913,7.005,6.821,6.913,4069580,28133006.540000003,,,,,
2016-07-25,7.005,7.036,6.851,6.851,1256760,8610062.76,,,,,
2016-07-26,6.79,6.913,6.759,6.882,1418240,9760327.68,,,,,
2016-07-27,6.851,7.036,6.851,6.974,1834480,12793663.52,,,,,
2016-07-28,6.974,7.251,6.974,7.128,2509940,17890852.32,,,,,
2016-07-29,7.097,7.22,7.036,7.036,1295130,9112534.68,,,,,
2016-08-01,7.066,7.066,6.913,7.005,791160,5542075.8,,,,,
2016-08-02,6.913,6.913,6.728,6.79,3504930,23798474.7,,,,,
2016-08-03,6.728,6.851,6.728,6.821,1425500,9723335.5,,,,,
2016-08-04,6.851,6.913,6.667,6.759,1776550,12007701.45,,,,,
2016-08-05,6.667,6.698,6.513,6.606,2224200,14693065.2,,,,,
2016-08-08,6.667,6.667,6.544,6.575,976490,6420421.75,,,,,
2016-08-09,6.544,6.636,6.513,6.575,840160,5524052.0,,,,,
2016-08-10,6.575,6.759,6.575,6.667,1524630,10164708.21,,,,,
2016-08-11,6.698,6.79,6.698,6.759,2124090,14356724.31,,,,,
2016-08-12,6.759,6.821,6.698,6.698,1016160,6806239.680000001,,,,,
2016-08-15,6.698,6.759,6.667,6.728,808330,5438444.24,,,,,
2016-08-16,6.759,6.943,6.759,6.882,2608310,17950389.419999998,,,,,
2016-08-17,6.882,6.913,6.79,6.882,1286840,8856032.879999999,,,,,
2016-08-18,6.851,6.913,6.79,6.79,1293350,8781846.5,,,,,
2016-08-19,6.821,6.821,6.667,6.667,1554910,10366584.97,,,,,
2016-08-22,6.636,6.698,6.575,6.575,2166960,14247762.0,,,,,
2016-08-23,6.636,6.667,6.606,6.636,681420,4521903.12,,,,,
2016-08-24,6.606,6.698,6.606,6.606,569770,3763900.62,,,,,
2016-08-25,6.606,6.606,6.544,6.575,862420,5670411.5,,,,,
2016-08-26,6.606,6.759,6.606,6.667,1410980,9407003.66,,,,,
2016-08-29,6.698,6.728,6.575,6.575,1086380,7142948.5,,,,,
2016-08-30,6.575,6.606,6.483,6.483,1671650,10837306.95,,,,,
2016-08-31,6.513,6.606,6.483,6.575,1793190,11790224.25,,,,,
2016-09-01,6.606,6.636,6.544,6.575,940150,6181486.25,,,,,
2016-09-05,6.575,6.606,6.483,6.483,1036600,6720277.8,,,,,
2016-09-06,6.483,6.544,6.483,6.483,1094990,7098820.17,,,,,
2016-09-07,6.513,6.544,6.483,6.544,770830,5044311.52,,,,,
2016-09-08,6.513,6.606,6.513,6.544,729210,4771950.239999999,,,,,
2016-09-09,6.575,6.698,6.544,6.636,1987290,13187656.44,,,,,
2016-09-12,6.636,6.667,6.529,6.544,1366170,8940216.479999999,,,,,
2016-09-13,6.513,6.59,6.467,6.483,1315090,8525728.469999999,,,,,
2016-09-14,6.452,6.483,6.452,6.452,1518240,9795684.48,,,,,
2016-09-15,6.452,6.467,6.39,6.39,1797440,11485641.6,,,,,
2016-09-16,6.39,6.452,6.36,6.39,4373810,27948645.9,,,,,
2016-09-19,6.452,6.606,6.452,6.59,1667500,10988825.0,,,,,
2016-09-20,6.59,6.667,6.513,6.621,1784010,11811930.21,,,,,
2016-09-21,6.667,6.728,6.636,6.713,2543800,17076529.4,,,,,
2016-09-22,6.759,6.821,6.667,6.713,2182580,14651659.54,,,,,
2016-09-23,6.713,6.79,6.636,6.636,2107710,13986763.56,,,,,
2016-09-26,6.636,6.728,6.606,6.698,1115310,7470346.380000001,,,,,
2016-09-27,6.698,6.744,6.682,6.744,990300,6678583.2,,,,,
2016-09-28,6.79,6.882,6.775,6.882,2452100,16875352.2,,,,,
2016-09-29,6.913,6.928,6.851,6.851,1861150,12750738.65,,,,,
2016-09-30,6.851,6.882,6.821,6.851,1781390,12204302.89,,,,,
2016-10-03,6.882,6.974,6.867,6.882,1691380,11640077.16,,,,,
2016-10-04,6.882,6.99,6.882,6.943,1606960,11157123.28,,,,,
2016-10-05,6.943,7.066,6.928,6.959,1055310,7343902.29,,,,,
2016-10-06,6.99,6.99,6.867,6.882,2161880,14878058.16,,,,,
2016-10-07,6.913,6.913,6.759,6.851,1672120,11455694.12,,,,,
2016-10-10,6.79,6.943,6.79,6.851,1728140,11839487.14,,,,,
2016-10-11,6.948,6.948,6.787,6.867,1443680,9913750.56,,,,,
2016-10-12,6.883,6.899,6.803,6.803,693230,4716043.69,,,,,
2016-10-13,6.771,6.851,6.722,6.851,1438930,9858109.43,,,,,
2016-10-14,6.835,6.915,6.835,6.835,881320,6023822.2,,,,,
2016-10-17,6.851,6.851,6.787,6.819,906920,6184287.48,,,,,
2016-10-18,6.819,6.819,6.738,6.787,957160,6496244.92,,,,,
2016-10-19,6.787,6.867,6.787,6.835,1316350,8997252.25,,,,,
2016-10-20,6.851,6.899,6.819,6.835,1084380,7411737.3,,,,,
2016-10-21,7.012,7.06,6.851,6.931,2914690,20201716.39,,,,,
2016-10-24,6.931,6.931,6.787,6.787,891270,6049049.49,,,,,
2016-10-25,6.787,6.883,6.738,6.803,2115390,14390998.17,,,,,
2016-10-26,6.771,6.819,6.674,6.69,1601930,10716911.7,,,,,
2016-10-27,6.706,6.738,6.674,6.69,990620,6627247.800000001,,,,,
2016-10-28,6.69,6.722,6.69,6.69,1275060,8530151.4,,,,,
2016-10-31,6.722,6.819,6.722,6.771,1425890,9654701.19,,,,,
2016-11-01,6.755,6.787,6.706,6.706,646110,4332813.66,,,,,
2016-11-02,6.706,6.738,6.69,6.69,810120,5419702.800000001,,,,,
2016-11-03,6.69,6.69,6.529,6.578,1421660,9351679.48,,,,,
2016-11-04,6.578,6.61,6.497,6.497,696310,4523926.07,,,,,
2016-11-07,6.529,6.658,6.513,6.642,779200,5175446.4,,,,,
2016-11-08,6.658,6.722,6.626,6.642,512140,3401633.8800000004,,,,,
2016-11-09,6.61,6.674,6.272,6.545,2236680,14639070.6,,,,,
2016-11-10,6.626,6.658,6.594,6.642,1131470,7515223.74,,,,,
2016-11-11,6.594,6.642,6.594,6.594,548200,3614830.8,,,,,
2016-11-14,6.545,6.562,6.449,6.465,1346720,8706544.799999999,,,,,
2016-11-15,6.513,6.545,6.465,6.545,604430,3955994.35,,,,,
2016-11-16,6.562,6.562,6.513,6.529,551540,3601004.66,,,,,
2016-11-17,6.529,6.545,6.465,6.481,809040,5243388.24,,,,,
2016-11-18,6.481,6.497,6.417,6.433,992700,6386039.1,,,,,
2016-11-21,6.433,6.481,6.417,6.449,645260,4161281.74,,,,,
2016-11-22,6.481,6.578,6.465,6.529,929250,6067073.25,,,,,
2016-11-23,6.562,6.562,6.497,6.513,544830,3548477.79,,,,,
2016-11-24,6.497,6.513,6.481,6.481,404940,2624416.14,,,,,
2016-11-25,6.481,6.481,6.433,6.465,510060,3297537.9,,,,,
2016-11-28,6.465,6.481,6.176,6.433,1271400,8178916.2,,,,,
2016-11-29,6.433,6.433,6.288,6.304,1500540,9459404.16,,,,,
2016-11-30,6.433,6.529,6.385,6.401,1721630,11020153.63,,,,,
2016-12-01,6.497,6.497,6.385,6.385,838370,5352992.45,,,,,
2016-12-02,6.385,6.401,6.304,6.336,935790,5929165.44,,,,,
2016-12-05,6.32,6.32,6.176,6.176,1816580,11219198.08,,,,,
2016-12-06,6.176,6.176,5.983,5.983,2332410,13954809.03,,,,,
2016-12-07,5.966,6.143,5.966,5.983,1987010,11888280.83,,,,,
2016-12-08,5.983,6.079,5.983,6.015,916810,5514612.149999999,,,,,
2016-12-09,6.015,6.063,5.999,6.031,1081560,6522888.359999999,,,,,
2016-12-12,5.983,5.999,5.95,5.95,1036860,6169317.0,,,,,
2016-12-13,5.95,6.063,5.95,6.063,1981620,12014562.06,,,,,
2016-12-14,6.063,6.111,6.015,6.111,1241950,7589556.449999999,,,,,
2016-12-15,6.111,6.159,6.063,6.111,1035080,6325373.88,,,,,
2016-12-16,6.079,6.208,6.079,6.176,1786260,11031941.76,,,,,
2016-12-19,6.24,6.417,6.176,6.385,2338570,14931769.45,,,,,
2016-12-20,6.32,6.369,6.304,6.304,915470,5771122.88,,,,,
2016-12-21,6.336,6.336,6.272,6.288,825690,5191938.720000001,,,,,
2016-12-22,6.32,6.32,6.24,6.24,1239950,7737288.0,,,,,
2016-12-23,6.224,6.272,6.192,6.24,704620,4396828.8,,,,,
2016-12-26,6.272,6.32,6.24,6.304,644680,4064062.72,,,,,
2016-12-27,6.32,6.32,6.24,6.256,780570,4883245.92,,,,,
2016-12-28,6.272,6.385,6.256,6.352,949470,6031033.44,,,,,
2016-12-29,6.352,6.401,6.336,6.336,1050480,6655841.28,,,,,
2016-12-30,6.304,6.336,6.288,6.304,470290,2964708.16,,,,,
2017-01-03,6.304,6.481,6.288,6.449,1300330,8385828.17,,,,,
2017-01-04,6.449,6.513,6.401,6.449,1224340,7895768.66,,,,,
2017-01-05,6.465,6.497,6.433,6.465,565830,3658090.95,,,,,
2017-01-06,6.465,6.674,6.465,6.529,2995300,19556313.7,,,,,
2017-01-09,6.529,6.626,6.529,6.594,886970,5848680.180000001,,,,,
2017-01-10,6.594,6.594,6.513,6.545,870950,5700367.75,,,,,
2017-01-11,6.529,6.562,6.497,6.529,1121780,7324101.62,,,,,
2017-01-12,6.545,6.594,6.529,6.578,1161780,7642188.840000001,,,,,
2017-01-13,6.562,6.658,6.545,6.594,1747710,11524399.74,,,,,
2017-01-16,6.562,6.658,6.562,6.562,1108470,7273780.140000001,,,,,
2017-01-17,6.578,6.626,6.529,6.626,1113850,7380370.100000001,,,,,
2017-01-18,6.626,6.658,6.562,6.562,667990,4383350.38,,,,,
2017-01-19,6.497,6.562,6.481,6.481,620810,4023469.61,,,,,
2017-01-20,6.497,6.529,6.481,6.481,935820,6065049.42,,,,,
2017-01-23,6.481,6.481,6.417,6.433,1468570,9447310.81,,,,,
2017-01-24,6.433,6.497,6.417,6.449,883940,5700529.06,,,,,
2017-01-25,6.497,6.513,6.465,6.497,581370,3777160.89,,,,,
2017-02-02,6.562,6.642,6.513,6.642,1000230,6643527.66,,,,,
2017-02-03,6.658,6.658,6.578,6.594,1166140,7689527.16,,,,,
2017-02-06,6.61,6.658,6.578,6.61,794960,5254685.600000001,,,,,
2017-02-07,6.642,6.738,6.61,6.722,3150060,21174703.32,,,,,
2017-02-08,6.738,6.755,6.642,6.722,945220,6353768.840000001,,,,,
2017-02-09,6.755,6.755,6.674,6.69,742300,4965987.0,,,,,
2017-02-10,6.69,6.722,6.674,6.69,749990,5017433.100000001,,,,,
2017-02-13,6.722,6.835,6.722,6.819,2343770,15982167.63,,,,,
2017-02-14,6.819,6.867,6.787,6.787,2081730,14128701.51,,,,,
2017-02-15,6.771,6.835,6.738,6.819,1057850,7213479.15,,,,,
2017-02-16,6.883,6.899,6.69,6.722,1972960,13262237.12,,,,,
2017-02-17,6.722,6.771,6.69,6.771,1025850,6946030.35,,,,,
2017-02-20,6.771,6.819,6.722,6.771,921320,6238257.72,,,,,
2017-02-21,6.803,6.819,6.738,6.771,1494150,10116889.65,,,,,
2017-02-22,6.755,7.06,6.722,6.931,4351610,30161008.91,,,,,
2017-02-23,6.931,7.012,6.851,6.948,1157830,8044602.840000001,,,,,
2017-02-24,6.948,6.948,6.835,6.851,1136850,7788559.35,,,,,
2017-02-27,6.803,6.915,6.771,6.851,1638330,11224198.83,,,,,
2017-02-28,6.899,6.996,6.819,6.819,1784580,12169051.02,,,,,
2017-03-01,6.819,6.835,6.706,6.819,1160570,7913926.83,,,,,
2017-03-02,6.803,6.851,6.658,6.658,1028090,6845023.220000001,,,,,
2017-03-03,6.755,6.771,6.642,6.69,799130,5346179.7,,,,,
2017-03-06,6.69,6.819,6.69,6.755,890510,6015395.05,,,,,
2017-03-07,6.722,6.755,6.69,6.755,834030,5633872.65,,,,,
2017-03-08,6.755,6.883,6.69,6.755,1127560,7616667.8,,,,,
2017-03-09,6.771,6.964,6.738,6.915,3902000,26982330.0,,,,,
2017-03-10,6.98,7.012,6.867,6.867,1574500,10812091.5,,,,,
2017-03-13,6.883,6.899,6.803,6.883,1150100,7916138.3,,,,,
2017-03-14,6.899,6.948,6.883,6.883,1093080,7523669.64,,,,,
2017-03-15,6.851,6.899,6.819,6.851,1195640,8191329.64,,,,,
2017-03-16,6.835,7.173,6.835,7.173,6659800,47770745.4,,,,,
2017-03-17,7.285,7.446,7.205,7.317,9070330,66367604.61,,,,,
2017-03-20,7.462,7.526,7.366,7.398,3333090,24658199.82,,,,,
2017-03-21,7.366,7.446,7.317,7.398,3847730,28465506.54,,,,,
2017-03-22,7.366,7.51,7.253,7.253,5104610,37023736.33,,,,,
2017-03-23,7.301,7.366,7.237,7.317,2268380,16597736.46,,,,,
2017-03-24,7.398,7.494,7.35,7.414,2920910,21655626.74,,,,,
2017-03-27,7.462,7.639,7.446,7.543,5984120,45138217.16,,,,,
2017-03-28,7.559,7.623,7.478,7.543,2745290,20707722.47,,,,,
2017-03-29,7.543,7.575,7.462,7.575,2124740,16094905.5,,,,,
2017-03-30,7.607,7.687,7.575,7.671,2809520,21551827.92,,,,,
2017-03-31,7.687,7.768,7.623,7.671,2850650,21867336.15,,,,,
2017-04-03,7.655,7.832,7.639,7.784,3632730,28277170.32,,,,,
2017-04-04,7.784,7.864,7.623,7.655,4230660,32385702.3,,,,,
2017-04-05,7.655,7.784,7.398,7.398,6113360,45226637.28,,,,,
2017-04-07,7.398,7.526,7.317,7.462,2801050,20901435.1,,,,,
2017-04-10,7.462,7.703,7.366,7.687,3143710,24165698.77,,,,,
2017-04-11,7.687,7.736,7.591,7.591,2603630,19764155.33,,,,,
2017-04-12,7.559,7.591,7.382,7.382,2867200,21165670.4,,,,,
2017-04-13,7.366,7.43,7.237,7.237,2224180,16096390.66,,,,,
2017-04-14,7.173,7.237,7.044,7.14,4133690,29514546.6,,,,,
2017-04-17,7.157,7.253,7.028,7.028,2048430,14396366.04,,,,,
2017-04-18,7.044,7.269,7.012,7.253,3279910,23789187.23,,,,,
2017-04-19,7.253,7.253,7.157,7.157,1996620,14289809.34,,,,,
2017-04-20,7.189,7.237,7.14,7.189,1024760,7366999.64,,,,,
2017-04-21,7.317,7.35,7.189,7.189,2587880,18604269.32,,,,,
2017-04-24,7.189,7.205,7.076,7.076,1192990,8441597.24,,,,,
2017-04-25,7.076,7.173,7.044,7.124,852420,6072640.08,,,,,
2017-04-26,7.157,7.237,7.124,7.205,1465610,10559720.05,,,,,
2017-04-27,7.205,7.269,7.157,7.157,1153630,8256529.91,,,,,
2017-04-28,7.108,7.189,7.044,7.044,3439980,24231219.12,,,,,
2017-05-03,7.076,7.173,7.044,7.124,2112110,15046671.64,,,,,
2017-05-04,7.189,7.366,7.173,7.269,3247230,23604114.87,,,,,
2017-05-05,7.269,7.285,7.205,7.237,1392180,10075206.66,,,,,
2017-05-08,7.269,7.398,7.189,7.398,3767560,27872408.88,,,,,
2017-05-09,7.462,7.703,7.414,7.655,5663000,43350265.0,,,,,
2017-05-10,7.816,7.88,7.575,7.575,5146330,38983449.75,,,,,
2017-05-11,7.623,7.8,7.591,7.623,3995460,30457391.58,,,,,
2017-05-12,7.719,7.752,7.526,7.559,3418570,25840970.63,,,,,
2017-05-15,7.559,7.816,7.559,7.719,4504810,34772628.39,,,,,
2017-05-16,7.848,7.961,7.623,7.623,4042840,30818569.32,,,,,
2017-05-17,7.591,7.768,7.591,7.752,3230800,25045161.6,,,,,
2017-05-18,7.703,8.073,7.687,7.88,10303810,81194022.8,,,,,
2017-05-19,7.945,8.363,7.864,8.363,9441840,78962107.92,,,,,
2017-05-22,8.491,8.572,8.282,8.282,5328400,44129808.8,,,,,
2017-05-23,8.218,8.443,8.17,8.17,7999540,65356241.8,,,,,
2017-05-24,8.234,8.652,8.138,8.427,6557520,55260221.04,,,,,
2017-05-25,8.62,8.684,8.443,8.443,5746950,48521498.85,,,,,
2017-05-26,8.459,8.524,8.331,8.363,3615990,30240524.37,,,,,
2017-05-29,8.459,8.556,8.298,8.298,3751650,31131191.7,,,,,
2017-05-30,8.298,8.298,7.945,7.961,7680150,61141674.150000006,,,,,
2017-05-31,7.961,8.105,7.896,7.977,4782800,38152395.6,,,,,
2017-06-01,8.025,8.073,7.977,8.009,1888560,15125477.04,,,,,
2017-06-02,8.025,8.363,7.961,8.298,5519180,45798155.64,,,,,
2017-06-05,8.331,8.363,8.138,8.138,2811740,22881940.12,,,,,
2017-06-06,8.186,8.266,8.122,8.234,2952940,24314507.96,,,,,
2017-06-07,8.298,8.443,8.282,8.314,4110110,34171454.54,,,,,
2017-06-08,8.363,8.491,8.282,8.379,3599060,30156523.74,,,,,
2017-06-09,8.427,8.556,8.395,8.443,3427850,28941337.55,,,,,
2017-06-12,8.491,8.556,8.411,8.459,3962400,33517941.6,,,,,
2017-06-13,8.459,8.604,8.443,8.556,3306640,28291611.84,,,,,
2017-06-14,8.652,8.652,8.491,8.524,3100170,26425849.08,,,,,
2017-06-15,8.524,8.572,8.475,8.491,3162870,26855929.17,,,,,
2017-06-16,8.491,8.62,8.475,8.556,5066760,43351198.56,,,,,
2017-06-19,8.652,8.942,8.62,8.91,6069550,54079690.5,,,,,
2017-06-20,9.038,9.054,8.845,8.861,5364220,47532353.42,,,,,
2017-06-21,8.813,8.877,8.717,8.813,5752750,50698985.75,,,,,
2017-06-22,8.893,8.893,8.749,8.797,3594520,31620992.44,,,,,
2017-06-23,8.845,8.845,8.652,8.781,4040440,35479103.64,,,,,
2017-06-26,8.781,8.877,8.781,8.829,2680120,23662779.48,,,,,
2017-06-27,8.845,8.861,8.668,8.668,2752530,23858930.04,,,,,
2017-06-28,8.668,8.813,8.636,8.813,3526870,31082305.31,,,,,
2017-06-29,8.845,8.926,8.797,8.845,2457240,21734287.8,,,,,
2017-06-30,8.861,8.893,8.813,8.893,2278220,20260210.46,,,,,
2017-07-03,9.006,9.086,8.942,8.99,5285670,47518173.3,,,,,
2017-07-04,9.022,9.086,8.99,9.086,3945450,35848358.7,,,,,
2017-07-05,9.086,9.119,9.038,9.103,2157440,19639176.32,,,,,
2017-07-06,9.231,9.328,9.199,9.199,3921060,36069830.94,,,,,
2017-07-07,9.183,9.183,8.717,8.845,8004690,70801483.05000001,,,,,
2017-07-10,8.845,8.877,8.572,8.572,6248380,53561113.35999999,,,,,
2017-07-11,8.572,8.636,8.427,8.62,4365510,37630696.2,,,,,
2017-07-12,8.684,8.733,8.54,8.556,2688120,22999554.72,,,,,
2017-07-13,8.54,8.588,8.524,8.572,2098440,17987827.68,,,,,
2017-07-14,8.604,8.765,8.588,8.62,4038140,34808766.8,,,,,
2017-07-17,8.652,8.652,8.218,8.266,4984560,41202372.96,,,,,
2017-07-18,8.234,8.266,8.073,8.122,4271440,34692635.68,,,,,
2017-07-19,8.218,8.25,8.073,8.105,3402230,27575074.15,,,,,
2017-07-20,8.073,8.154,7.977,8.138,5627150,45793746.7,,,,,
2017-07-21,8.266,8.266,8.025,8.17,4105620,33542915.4,,,,,
2017-07-24,8.041,8.105,7.961,7.961,2785230,22173216.03,,,,,
2017-07-25,7.961,8.122,7.929,8.122,2942910,23902315.02,,,,,
2017-07-26,8.154,8.25,8.105,8.234,4324720,35609744.48,,,,,
2017-07-27,8.234,8.282,8.186,8.218,3620350,29752036.3,,,,,
2017-07-28,8.202,8.363,8.186,8.314,3213330,26715625.62,,,,,
2017-07-31,8.331,8.475,8.314,8.459,4547380,38466287.42,,,,,
2017-08-01,8.507,8.588,8.363,8.363,4487850,37531889.55,,,,,
2017-08-02,8.331,8.411,8.234,8.282,4390170,36359387.94,,,,,
2017-08-03,8.298,8.427,8.298,8.347,3366750,28102262.25,,,,,
2017-08-04,8.427,8.491,8.379,8.491,3367330,28591999.03,,,,,
2017-08-07,8.572,8.62,8.475,8.475,4241210,35944254.75,,,,,
2017-08-08,8.491,8.491,8.331,8.363,4126450,34509501.35,,,,,
2017-08-09,8.331,8.331,8.073,8.122,4776350,38793514.7,,,,,
2017-08-10,8.041,8.17,8.041,8.105,3161970,25627766.85,,,,,
2017-08-11,8.122,8.17,8.041,8.057,2820050,22721142.85,,,,,
2017-08-14,8.057,8.17,8.057,8.138,1485350,12087778.3,,,,,
2017-08-15,8.202,8.202,8.057,8.089,1531770,12390487.53,,,,,
2017-08-16,8.057,8.122,8.057,8.089,2517880,20367131.32,,,,,
2017-08-17,8.122,8.122,7.912,7.912,3983210,31515157.52,,,,,
2017-08-18,7.88,8.057,7.848,7.993,4147990,33154884.07,,,,,
2017-08-21,7.993,8.009,7.864,7.864,2181090,17152091.759999998,,,,,
2017-08-22,7.864,7.88,7.719,7.719,3569570,27553510.83,,,,,
2017-08-23,7.752,7.816,7.671,7.816,3220320,25170021.12,,,,,
2017-08-24,7.784,7.912,7.784,7.832,2527440,19794910.08,,,,,
2017-08-25,7.896,7.945,7.832,7.929,2255190,17881401.51,,,,,
2017-08-28,7.945,8.105,7.88,8.089,4638200,37518399.8,,,,,
2017-08-29,8.105,8.122,8.009,8.009,2728450,21852156.05,,,,,
2017-08-30,8.009,8.041,7.977,7.993,1662960,13292039.28,,,,,
2017-08-31,7.977,8.089,7.961,8.057,3062070,24671097.99,,,,,
2017-09-01,8.057,8.138,8.057,8.105,2119210,17176197.05,,,,,
2017-09-05,8.073,8.138,7.993,8.073,1729240,13960154.52,,,,,
2017-09-06,8.073,8.089,8.009,8.041,1730160,13912216.56,,,,,
2017-09-07,8.041,8.154,8.025,8.057,2018750,16265068.75,,,,,
2017-09-08,8.073,8.105,8.025,8.025,1520010,12198080.25,,,,,
2017-09-11,7.993,8.057,7.929,7.945,2314020,18384888.9,,,,,
2017-09-12,7.945,7.977,7.912,7.945,1704890,13545351.05,,,,,
2017-09-13,7.977,8.057,7.961,8.057,1778620,14330341.34,,,,,
2017-09-14,8.105,8.266,8.089,8.186,4068280,33302940.08,,,,,
2017-09-15,8.186,8.234,8.138,8.234,2947640,24270867.76,,,,,
2017-09-18,8.25,8.379,8.202,8.298,4147740,34417946.52,,,,,
2017-09-19,8.331,8.347,8.266,8.298,2288850,18992877.3,,,,,
2017-09-20,8.314,8.314,8.186,8.202,1488560,12209169.12,,,,,
2017-09-21,8.202,8.25,8.154,8.154,2634790,21484077.66,,,,,
2017-09-22,8.202,8.266,8.17,8.202,1799610,14760401.22,,,,,
2017-09-25,8.234,8.298,8.17,8.17,1957240,15990650.8,,,,,
2017-09-26,8.218,8.218,8.154,8.17,1600660,13077392.2,,,,,
2017-09-27,8.17,8.218,8.154,8.17,790510,6458466.7,,,,,
2017-09-28,8.17,8.218,8.041,8.041,1773660,14262000.06,,,,,
2017-09-29,8.041,8.105,8.041,8.057,1668120,13440042.84,,,,,
2017-10-02,8.057,8.122,8.025,8.041,798050,6417120.050000001,,,,,
2017-10-03,8.057,8.057,7.945,8.009,1434940,11492434.46,,,,,
2017-10-04,8.009,8.073,7.977,8.073,1351090,10907349.57,,,,,
2017-10-05,8.105,8.25,8.073,8.218,3224300,26497297.4,,,,,
2017-10-06,8.234,8.298,8.202,8.218,2350450,19315998.1,,,,,
2017-10-09,8.368,8.385,8.285,8.285,3954240,32760878.4,,,,,
2017-10-10,8.268,8.268,8.184,8.218,2785450,22890828.1,,,,,
2017-10-11,8.301,8.318,8.234,8.268,3054990,25258657.32,,,,,
2017-10-12,8.268,8.301,8.151,8.151,2537430,20682591.93,,,,,
2017-10-13,8.134,8.167,8.101,8.151,1686550,13747069.05,,,,,
2017-10-16,8.151,8.184,8.134,8.167,1821810,14878722.27,,,,,
2017-10-17,8.167,8.301,8.151,8.301,2378250,19741853.25,,,,,
2017-10-18,8.368,8.452,8.318,8.318,7487940,62284684.92,,,,,
2017-10-19,8.335,8.368,8.201,8.201,2360570,19359034.57,,,,,
2017-10-20,8.201,8.285,8.134,8.134,2588670,21056241.78,,,,,
2017-10-23,8.101,8.101,7.9,7.9,4844710,38273209.0,,,,,
2017-10-24,7.916,7.95,7.816,7.816,3195190,24973605.04,,,,,
2017-10-25,7.9,7.9,7.816,7.833,1940490,15199858.17,,,,,
2017-10-26,7.833,7.866,7.632,7.766,3117300,24208951.8,,,,,
2017-10-27,7.699,7.766,7.665,7.766,1703920,13232642.72,,,,,
2017-10-30,7.799,7.833,7.649,7.649,2919480,22331102.52,,,,,
2017-10-31,7.632,7.699,7.565,7.565,2300130,17400483.45,,,,,
2017-11-01,7.565,7.598,7.331,7.431,4748180,35283725.58,,,,,
2017-11-02,7.531,7.699,7.498,7.548,4224030,31882978.44,,,,,
2017-11-03,7.531,7.632,7.531,7.632,1445110,11029079.52,,,,,
2017-11-06,7.632,7.732,7.632,7.732,1455830,11256477.56,,,,,
2017-11-07,7.766,7.766,7.665,7.699,1751460,13484490.54,,,,,
2017-11-08,7.699,7.732,7.665,7.716,1688320,13027077.12,,,,,
2017-11-09,7.732,7.849,7.732,7.816,2422140,18931446.24,,,,,
2017-11-10,7.783,7.849,7.749,7.799,1729980,13492114.02,,,,,
2017-11-13,7.799,8.05,7.749,8.05,3562920,28681506.000000004,,,,,
2017-11-14,8.101,8.201,7.95,8.134,2988570,24309028.380000003,,,,,
2017-11-15,8.034,8.167,8.034,8.117,2064670,16758926.390000002,,,,,
2017-11-16,8.067,8.234,8.034,8.234,3823680,31484181.12,,,,,
2017-11-17,8.268,8.301,8.117,8.201,3145030,25792391.03,,,,,
2017-11-20,8.167,8.301,8.151,8.234,2020940,16640419.96,,,,,
2017-11-21,8.251,8.536,8.251,8.402,7980790,67054597.57999999,,,,,
2017-11-22,8.435,8.569,8.402,8.519,4469450,38075244.55,,,,,
2017-11-23,8.586,8.653,8.469,8.536,4370900,37310002.4,,,,,
2017-11-24,8.536,8.569,8.435,8.536,3049650,26031812.4,,,,,
2017-11-27,8.603,8.787,8.569,8.703,5689130,49512498.38999999,,,,,
2017-11-28,8.77,8.77,8.603,8.703,3750360,32639383.08,,,,,
2017-11-29,9.038,9.205,8.904,8.904,7091470,63142448.88,,,,,
2017-11-30,8.971,9.138,8.921,9.004,4363400,39288053.6,,,,,
2017-12-01,9.021,9.339,8.988,9.222,6156170,56772199.74,,,,,
2017-12-04,9.306,9.808,9.255,9.741,6806200,66299194.2,,,,,
2017-12-05,9.707,9.741,9.372,9.439,6557080,61892278.12,,,,,
2017-12-06,9.406,9.439,9.021,9.356,8655410,80980015.96,,,,,
2017-12-07,9.356,9.372,9.004,9.071,5225010,47396065.71,,,,,
2017-12-08,9.105,9.239,8.988,9.105,3859820,35143661.1,,,,,
2017-12-11,9.004,9.071,8.636,8.636,4164300,35962894.8,,,,,
2017-12-12,8.703,8.854,8.318,8.854,5025080,44492058.31999999,,,,,
2017-12-13,8.854,8.904,8.686,8.77,2998760,26299125.2,,,,,
2017-12-14,8.753,8.937,8.753,8.921,2149240,19173370.04,,,,,
2017-12-15,9.004,9.172,8.854,9.071,4526560,41060425.76,,,,,
2017-12-18,9.239,9.289,9.138,9.205,4340510,39954394.55,,,,,
2017-12-19,9.272,9.423,9.239,9.322,6370700,59387665.39999999,,,,,
2017-12-20,9.372,9.523,9.306,9.372,4275100,40066237.2,,,,,
2017-12-21,9.372,9.456,9.239,9.239,3513330,32459655.87,,,,,
2017-12-22,9.172,9.322,9.121,9.222,2724100,25121650.2,,,,,
2017-12-25,9.239,9.406,9.239,9.322,2111030,19679021.66,,,,,
2017-12-26,9.372,9.439,9.339,9.372,5812250,54472407.0,,,,,
2017-12-27,9.389,9.456,9.272,9.272,4074240,37776353.28,,,,,
2017-12-28,9.356,9.624,9.322,9.59,5966090,57214803.1,,,,,
2017-12-29,9.724,9.824,9.607,9.64,8515590,82090287.60000001,,,,,
2018-01-02,9.674,9.808,9.674,9.741,4495320,43788912.12,,,,,
2018-01-03,9.808,10.109,9.774,10.109,10288870,104010186.83,,,,,
2018-01-04,10.142,10.209,10.042,10.075,7008620,70611846.5,,,,,
2018-01-05,10.109,10.142,9.674,9.674,8352050,80797731.7,,,,,
2018-01-08,9.674,9.875,9.573,9.875,8373690,82690188.75,,,,,
2018-01-09,10.042,10.109,9.824,9.975,5444200,54305895.0,,,,,
2018-01-10,10.092,10.31,10.008,10.159,10488420,106551858.78,,,,,
2018-01-11,10.159,10.193,9.975,10.142,6501660,65939835.72,,,,,
2018-01-12,10.209,10.628,10.142,10.477,12631800,132343368.6,,,,,
2018-01-15,10.511,10.778,10.31,10.695,6137200,65637354.0,,,,,
2018-01-16,10.578,10.745,10.46,10.661,7478000,79722958.0,,,,,
2018-01-17,10.644,10.695,10.209,10.209,9686960,98894174.64,,,,,
2018-01-18,10.075,10.544,9.942,10.544,7995830,84308031.52000001,,,,,
2018-01-19,10.611,10.962,10.544,10.879,9547150,103863444.85,,,,,
2018-01-22,11.046,11.481,10.979,11.448,10543620,120703361.76,,,,,
2018-01-25,11.381,12.151,11.381,11.85,12487460,147976401.0,,,,,
2018-01-26,11.95,12.151,11.548,11.816,7800330,92168699.28,,,,,
2018-01-29,11.816,12.419,11.783,12.251,5129430,62840646.93,,,,,
2018-01-30,11.916,12.268,11.883,12.218,8691900,106197634.2,,,,,
2018-01-31,12.218,12.368,11.414,11.414,7354310,83942094.34,,,,,
2018-02-01,11.716,11.883,11.414,11.565,6872490,79480346.85,,,,,
2018-02-02,11.649,11.833,11.548,11.749,3569790,41941462.71,,,,,
2018-02-05,11.381,11.615,10.929,10.929,9615070,105083100.03,,,,,
2018-02-06,10.176,10.812,10.176,10.444,12223040,127657429.76,,,,,
2018-02-07,11.113,11.163,10.912,11.046,5380150,59429136.9,,,,,
2018-02-08,10.778,11.046,10.578,10.578,2490480,26344297.44,,,,,
2018-02-09,10.008,10.578,10.008,10.578,5374370,56850085.86,,,,,
2018-02-12,10.946,11.247,10.845,11.247,4601160,51749246.52,,,,,
2018-02-13,11.314,11.548,11.314,11.431,3788310,43304171.61,,,,,
2018-02-21,11.548,11.916,11.498,11.749,5567150,65408445.35,,,,,
2018-02-22,11.582,11.766,11.398,11.515,4411070,50793471.05,,,,,
2018-02-23,11.615,11.816,11.532,11.783,4271290,50328610.07,,,,,
2018-02-26,12.05,12.117,11.732,11.732,7218640,84689084.47999999,,,,,
2018-02-27,11.816,11.866,11.665,11.816,4419640,52222466.24,,,,,
2018-02-28,11.716,12.352,11.632,12.352,9313900,115045292.8,,,,,
2018-03-01,12.352,12.87,12.318,12.653,8972120,113524234.36,,,,,
2018-03-02,12.485,12.803,12.352,12.72,6267180,79718529.60000001,,,,,
2018-03-05,12.854,13.038,11.833,11.833,8925540,105615914.82,,,,,
2018-03-06,12.134,12.653,11.983,12.653,7628590,96524549.27,,,,,
2018-03-07,12.72,13.021,12.485,12.787,8682010,111016861.87,,,,,
2018-03-08,12.753,12.787,12.552,12.77,5641340,72039911.8,,,,,
2018-03-09,13.021,13.205,12.87,12.988,9301060,120802167.28,,,,,
2018-03-12,13.155,13.205,12.82,12.854,4999020,64257403.08,,,,,
2018-03-13,12.921,13.222,12.82,13.222,5269610,69674783.42,,,,,
2018-03-14,13.339,13.373,13.121,13.121,4990260,65477201.46,,,,,
2018-03-15,13.021,13.172,12.988,13.138,4764650,62597971.7,,,,,
2018-03-16,13.222,13.774,13.188,13.724,14370650,197222800.6,,,,,
2018-03-19,13.891,13.992,13.557,13.724,5351810,73448240.44,,,,,
2018-03-20,13.523,13.958,13.523,13.741,5022610,69015684.01,,,,,
2018-03-21,13.841,13.858,13.59,13.707,5884400,80657470.8,,,,,
2018-03-22,13.824,13.841,13.473,13.49,6711150,90533413.5,,,,,
2018-03-23,13.088,13.255,12.753,13.255,9963470,132065794.85,,,,,
2018-03-26,13.155,13.49,13.121,13.456,4121060,55452983.36,,,,,
2018-03-27,13.691,13.757,13.322,13.389,5638950,75499901.55,,,,,
2018-03-28,13.239,13.389,13.155,13.222,3125890,41330517.58,,,,,
2018-03-29,13.239,13.306,13.004,13.055,3861330,50409663.15,,,,,
2018-03-30,13.105,13.121,12.787,13.055,4561950,59556257.25,,,,,
2018-04-02,13.222,13.674,13.155,13.657,6731550,91932778.35,,,,,
2018-04-03,13.657,14.243,13.557,14.126,12295680,173688775.68,,,,,
2018-04-04,14.393,14.46,14.025,14.025,6024780,84497539.5,,,,,
2018-04-05,14.126,14.176,13.925,14.025,4500600,63120915.0,,,,,
2018-04-06,14.059,14.276,13.975,14.025,6142670,86150946.75,,,,,
2018-04-09,14.059,14.829,14.025,14.829,9138680,135517485.72,,,,,
2018-04-10,14.762,14.862,14.41,14.561,6851810,99769205.41,,,,,
2018-04-11,14.594,14.628,13.958,13.992,8254090,115491227.28,,,,,
2018-04-12,13.891,14.209,13.657,14.059,6199070,87152725.13,,,,,
2018-04-13,14.226,14.226,13.757,13.824,3210960,44388311.04,,,,,
2018-04-16,13.757,14.126,13.423,13.858,3355220,46496638.760000005,,,,,
2018-04-17,13.891,14.059,13.691,14.059,2444350,34365116.65,,,,,
2018-04-18,14.126,14.226,13.891,13.891,3774190,52427273.29,,,,,
2018-04-19,13.724,13.925,13.54,13.59,5077900,69008661.0,,,,,
2018-04-20,13.59,14.059,13.406,14.059,4445130,62494082.67,,,,,
2018-04-23,14.025,14.092,13.088,13.088,5811840,76065361.92,,,,,
2018-04-24,13.055,13.121,12.519,12.519,4821750,60363488.25,,,,,
2018-04-26,12.519,12.536,11.649,11.649,10854440,126443371.56,,,,,
2018-04-27,11.481,12.285,11.481,12.05,5390690,64957814.50000001,,,,,
2018-05-02,12.151,12.201,11.615,11.649,3753890,43729064.61,,,,,
2018-05-03,11.481,11.85,10.946,11.716,5248480,61491191.68,,,,,
2018-05-04,11.883,11.916,11.414,11.465,2624670,30091841.55,,,,,
2018-05-07,11.682,12.234,11.381,12.184,3820060,46543611.04,,,,,
2018-05-08,12.05,12.318,11.983,11.983,3875690,46442393.27,,,,,
2018-05-09,11.95,12.117,11.85,11.983,3990570,47819000.31,,,,,
2018-05-10,11.883,11.967,11.381,11.481,3909990,44890595.19,,,,,
2018-05-11,11.381,11.582,11.147,11.582,5007300,57994548.6,,,,,
2018-05-14,11.716,11.85,11.515,11.716,3544440,41526659.04,,,,,
2018-05-15,11.816,12.034,11.749,11.883,3927810,46674166.23,,,,,
2018-05-16,11.749,11.883,11.448,11.548,3220940,37195415.12,,,,,
2018-05-17,11.582,11.682,11.247,11.247,4449330,50041614.51,,,,,
2018-05-18,11.381,11.431,10.711,11.046,4498370,49688995.02,,,,,
2018-05-21,11.147,11.214,10.711,10.711,3716910,39811823.01,,,,,
2018-05-22,10.377,10.778,9.975,10.059,7843100,78893742.89999999,,,,,
2018-05-23,10.042,10.444,9.975,10.444,6944590,72529297.96000001,,,,,
2018-05-24,10.377,10.527,10.159,10.193,2976910,30343643.63,,,,,
2018-05-25,10.193,10.427,9.875,9.875,4587060,45297217.5,,,,,
2018-05-28,9.875,9.875,9.188,9.205,9055430,83355233.15,,,,,
2018-05-29,9.54,9.841,9.306,9.841,5068460,49878714.86,,,,,
2018-05-30,9.774,10.209,9.774,10.025,5761840,57762446.0,,,,,
2018-05-31,10.008,10.711,9.908,10.711,8063970,86373182.67,,,,,
2018-06-01,10.711,11.013,10.644,10.829,9046480,97964331.92,,,,,
2018-06-04,10.812,11.28,10.578,11.18,5630880,62953238.4,,,,,
2018-06-05,11.113,11.23,10.929,11.214,6196020,69482168.28,,,,,
2018-06-06,11.08,11.381,10.979,11.347,4421630,50172235.61,,,,,
2018-06-07,11.381,11.398,11.147,11.163,5372030,59967970.89,,,,,
2018-06-08,11.113,11.381,11.046,11.381,4475060,50930657.86,,,,,
2018-06-11,11.197,11.682,11.18,11.398,4555630,51925070.74,,,,,
2018-06-12,11.28,11.414,10.879,11.247,7677610,86350079.67,,,,,
2018-06-13,11.28,11.381,11.18,11.364,3136880,35647504.32,,,,,
2018-06-14,11.364,11.481,10.912,10.912,4628600,50507283.2,,,,,
2018-06-15,10.879,11.214,10.745,11.214,3949840,44293505.76,,,,,
2018-06-18,11.046,11.214,10.444,10.46,6435560,67315957.60000001,,,,,
2018-06-19,10.075,10.377,9.741,10.377,9326040,96776317.08,,,,,
2018-06-20,10.393,10.678,10.176,10.544,3487980,36777261.120000005,,,,,
2018-06-21,10.393,10.477,10.209,10.343,3112150,32188967.45,,,,,
2018-06-22,10.142,10.611,10.075,10.578,3531350,37354620.3,,,,,
2018-06-25,10.778,10.778,10.578,10.594,2553490,27051673.06,,,,,
2018-06-26,10.377,10.578,10.36,10.511,1802400,18945026.4,,,,,
2018-06-27,10.511,10.611,9.942,9.942,3300080,32809395.36,,,,,
2018-06-28,9.808,9.975,9.54,9.54,5743020,54788410.8,,,,,
2018-06-29,9.573,9.774,9.439,9.54,2276350,21716379.0,,,,,
2018-07-02,9.372,9.506,8.904,9.205,7545540,69456695.7,,,,,
2018-07-03,9.272,9.322,8.636,8.636,6402640,55293199.03999999,,,,,
2018-07-04,8.703,9.138,8.435,9.121,4230790,38589035.59,,,,,
2018-07-05,9.038,9.155,8.569,8.988,3160930,28410438.84,,,,,
2018-07-06,8.988,9.607,8.803,9.573,7565200,72421659.60000001,,,,,
2018-07-09,9.59,9.707,9.239,9.306,3251740,30260692.44,,,,,
2018-07-10,9.306,9.49,9.239,9.255,2492760,23070493.8,,,,,
2018-07-11,8.887,8.988,8.636,8.703,5866130,51052929.38999999,,,,,
2018-07-12,8.703,9.054,8.636,8.736,2497850,21821217.6,,,,,
2018-07-13,8.971,9.205,8.77,9.188,3549250,32610509.000000004,,,,,
2018-07-16,9.205,9.322,9.054,9.138,2512090,22955478.42,,,,,
2018-07-17,9.038,9.339,8.954,9.306,3557820,33109072.92,,,,,
2018-07-18,9.439,9.791,9.389,9.774,5804510,56733280.74,,,,,
2018-07-19,9.707,9.841,9.607,9.674,3803880,36798735.12,,,,,
2018-07-20,9.557,9.757,9.389,9.757,4836970,47194316.29,,,,,
2018-07-23,9.64,9.774,9.423,9.423,4456950,41997839.85,,,,,
2018-07-24,9.423,9.439,9.088,9.172,2972580,27264503.76,,,,,
2018-07-25,9.172,9.306,8.87,8.87,2881830,25561832.1,,,,,
2018-07-26,8.87,9.272,8.803,9.272,3738410,34662537.52,,,,,
2018-07-27,9.339,9.473,9.255,9.339,2850300,26618951.700000003,,,,,
2018-07-30,9.406,9.573,9.339,9.573,3994720,38241454.56,,,,,
2018-07-31,9.573,9.774,9.439,9.674,7063700,68334233.8,,,,,
2018-08-01,9.674,10.008,9.64,9.707,5047960,49000547.720000006,,,,,
2018-08-02,9.573,9.824,9.473,9.824,4689220,46066897.28,,,,,
2018-08-03,9.942,9.942,9.69,9.724,2786470,27095634.28,,,,,
2018-08-06,9.674,9.774,9.506,9.573,2069160,19808068.68,,,,,
2018-08-07,9.54,9.757,9.506,9.69,2260180,21901144.2,,,,,
2018-08-08,9.757,9.908,9.707,9.891,2793790,27633376.89,,,,,
2018-08-09,9.942,10.176,9.908,9.908,4278160,42388009.28,,,,,
2018-08-10,9.908,10.159,9.858,10.142,3668530,37206231.26,,,,,
2018-08-13,10.075,10.544,10.025,10.544,4756890,50156648.16,,,,,
2018-08-14,10.477,10.511,10.343,10.377,3465660,35963153.82,,,,,
2018-08-15,10.377,10.41,9.975,10.042,3465340,34798944.28,,,,,
2018-08-16,9.975,9.992,9.724,9.975,3722080,37127748.0,,,,,
2018-08-17,10.142,10.176,9.942,9.942,3043490,30258377.58,,,,,
2018-08-20,9.942,10.008,9.741,9.757,2369080,23115113.56,,,,,
2018-08-21,9.757,10.243,9.757,10.243,4029440,41273553.92,,,,,
2018-08-22,10.343,10.343,10.109,10.109,2648670,26775405.03,,,,,
2018-08-23,10.126,10.276,10.075,10.226,2055630,21020872.380000003,,,,,
2018-08-24,10.226,10.276,10.042,10.109,2811160,28418016.44,,,,,
2018-08-27,10.209,10.46,10.176,10.326,4427800,45721462.8,,,,,
2018-08-28,10.377,10.678,10.36,10.611,7117300,75521670.30000001,,,,,
2018-08-29,10.544,10.695,10.46,10.678,4251020,45392391.56,,,,,
2018-08-30,10.594,10.795,10.511,10.795,4361960,47087358.2,,,,,
2018-08-31,10.661,10.795,10.578,10.578,3029690,32048060.82,,,,,
2018-09-04,10.477,10.578,10.26,10.276,3231530,33207202.28,,,,,
2018-09-05,10.209,10.36,10.109,10.343,3701410,38283683.63,,,,,
2018-09-06,10.293,10.377,10.243,10.343,2061300,21320025.9,,,,,
2018-09-07,10.343,10.544,10.326,10.544,3928320,41420206.08,,,,,
2018-09-10,10.477,10.578,10.46,10.477,2590800,27143811.6,,,,,
2018-09-11,10.41,10.778,10.41,10.778,5786190,62363555.82,,,,,
2018-09-12,10.862,10.879,10.611,10.611,4418180,46881307.98,,,,,
2018-09-13,10.695,10.778,10.611,10.644,2672170,28442577.48,,,,,
2018-09-14,10.644,10.845,10.644,10.745,3169020,34051119.9,,,,,
2018-09-17,10.644,10.728,10.477,10.477,2156240,22590926.48,,,,,
2018-09-18,10.377,10.711,10.31,10.711,3436290,36806102.19,,,,,
2018-09-19,10.778,10.845,10.711,10.795,4606830,49730729.85,,,,,
2018-09-20,10.778,10.979,10.762,10.912,4587420,50057927.04000001,,,,,
2018-09-21,11.046,11.113,10.929,11.013,7085490,78032501.37,,,,,
2018-09-24,11.13,11.163,11.029,11.096,3011110,33411276.56,,,,,
2018-09-25,11.029,11.147,10.979,11.029,3284420,36223868.18,,,,,
2018-09-26,11.013,11.18,11.013,11.046,2945320,32534004.72,,,,,
2018-09-27,11.113,11.314,11.046,11.247,4349150,48914890.05,,,,,
2018-09-28,11.28,11.314,11.214,11.214,3238680,36318557.52,,,,,
2018-10-01,11.214,11.247,11.08,11.113,2718800,30214024.4,,,,,
2018-10-02,11.063,11.197,11.029,11.063,2987970,33055912.110000003,,,,,
2018-10-03,11.113,11.163,11.046,11.163,2595250,28970775.75,,,,,
2018-10-04,11.284,11.491,11.215,11.491,3749870,43089756.17,,,,,
2018-10-05,11.388,11.491,11.25,11.25,3497780,39350025.0,,,,,
2018-10-08,11.181,11.336,11.094,11.232,2493570,28007778.24,,,,,
2018-10-09,11.232,11.319,11.198,11.267,1334060,15030854.02,,,,,
2018-10-10,11.284,11.319,11.043,11.25,2429860,27335925.0,,,,,
2018-10-11,10.767,11.008,10.473,10.473,9927880,103974687.24,,,,,
2018-10-12,10.387,10.732,10.163,10.68,4954220,52911069.6,,,,,
2018-10-15,10.68,10.68,10.404,10.456,1845760,19299266.56,,,,,
2018-10-16,10.491,10.525,10.353,10.473,2143320,22446990.360000003,,,,,
2018-10-17,10.663,10.68,10.56,10.629,2565980,27273801.42,,,,,
2018-10-18,10.525,10.629,10.456,10.491,2044470,21448534.77,,,,,
2018-10-19,10.318,10.525,10.249,10.404,2307550,24007750.2,,,,,
2018-10-22,10.525,10.594,10.353,10.353,2307270,23887166.31,,,,,
2018-10-23,10.18,10.284,9.852,10.007,4487910,44910515.37,,,,,
2018-10-24,10.007,10.128,9.766,9.766,4276680,41766056.88,,,,,
2018-10-25,9.145,9.731,9.145,9.662,4115970,39768502.14,,,,,
2018-10-26,9.783,9.835,9.507,9.507,2485300,23627747.1,,,,,
2018-10-29,9.49,9.507,9.352,9.455,1971190,18637601.45,,,,,
2018-10-30,9.49,9.714,9.369,9.49,1967410,18670720.9,,,,,
2018-10-31,9.662,9.938,9.611,9.887,2418880,23915466.56,,,,,
2018-11-01,9.921,9.938,9.645,9.662,2372190,22920099.78,,,,,
2018-11-02,9.749,10.007,9.697,9.938,3357100,33362859.8,,,,,
2018-11-05,9.8,10.042,9.766,9.973,1836910,18319503.43,,,,,
2018-11-06,10.042,10.076,9.869,9.869,2015480,19890772.12,,,,,
2018-11-07,9.869,9.921,9.68,9.835,1878310,18473178.85,,,,,
2018-11-08,10.007,10.007,9.887,9.887,1772080,17520554.96,,,,,
2018-11-09,9.835,9.869,9.593,9.593,1537960,14753650.28,,,,,
2018-11-12,9.49,9.766,9.421,9.766,1881680,18376486.88,,,,,
2018-11-13,9.49,9.714,9.49,9.611,1201380,11546463.180000002,,,,,
2018-11-14,9.611,9.731,9.438,9.593,1152590,11056795.87,,,,,
2018-11-15,9.593,9.628,9.438,9.524,1109230,10564306.52,,,,,
2018-11-16,9.593,9.662,9.49,9.559,1419440,13568426.96,,,,,
2018-11-19,9.628,9.835,9.628,9.835,2127510,20924060.85,,,,,
2018-11-20,9.714,9.818,9.714,9.8,1348260,13212948.000000002,,,,,
2018-11-21,9.662,9.973,9.628,9.973,1622010,16176305.73,,,,,
2018-11-22,9.973,10.007,9.852,9.887,1187210,11737945.27,,,,,
2018-11-23,9.887,9.887,9.628,9.628,1364180,13134325.04,,,,,
2018-11-26,9.559,9.645,9.559,9.593,1112650,10673651.45,,,,,
2018-11-27,9.645,9.731,9.593,9.645,1626230,15684988.35,,,,,
2018-11-28,9.645,9.731,9.576,9.731,1561150,15191550.65,,,,,
2018-11-29,9.835,9.921,9.749,9.766,2115370,20658703.42,,,,,
2018-11-30,9.749,9.835,9.714,9.835,1080940,10631044.9,,,,,
2018-12-03,10.042,10.232,10.007,10.232,3666920,37519925.44,,,,,
2018-12-04,10.18,10.266,10.094,10.163,2144650,21796077.95,,,,,
2018-12-05,10.042,10.214,10.007,10.18,2978510,30321231.8,,,,,
2018-12-06,10.145,10.214,10.111,10.145,2552240,25892474.8,,,,,
2018-12-07,10.18,10.318,10.18,10.232,2214580,22659582.56,,,,,
2018-12-10,10.111,10.18,10.094,10.094,1061320,10712964.08,,,,,
2018-12-11,10.094,10.145,10.025,10.059,850740,8557593.66,,,,,
2018-12-12,10.128,10.232,10.076,10.232,947590,9695740.88,,,,,
2018-12-13,10.284,10.353,10.249,10.249,1923340,19712311.66,,,,,
2018-12-14,10.145,10.232,10.111,10.111,1195470,12087397.17,,,,,
2018-12-17,10.042,10.094,9.852,9.852,1604620,15808716.24,,,,,
2018-12-18,9.593,9.852,9.593,9.731,1975390,19222520.09,,,,,
2018-12-19,9.818,9.818,9.628,9.697,1349430,13085422.71,,,,,
2018-12-20,9.68,9.835,9.645,9.714,925300,8988364.200000001,,,,,
2018-12-21,9.662,9.662,9.611,9.611,1345330,12929966.63,,,,,
2018-12-24,9.593,9.662,9.283,9.317,2087580,19449982.86,,,,,
2018-12-25,9.127,9.283,8.903,9.266,2802250,25965648.5,,,,,
2018-12-26,9.248,9.352,9.179,9.196,1110080,10208295.68,,,,,
2018-12-27,9.386,9.473,9.317,9.317,1206330,11239376.61,,,,,
2018-12-28,9.317,9.352,9.179,9.196,1071830,9856548.68,,,,,
2019-01-02,9.214,9.283,9.058,9.145,1216350,11123520.75,,,,,
2019-01-03,9.145,9.145,8.886,8.972,1672220,15003157.84,,,,,
2019-01-04,8.972,9.041,8.782,8.972,1232910,11061668.52,,,,,
2019-01-07,9.248,9.248,8.989,8.989,735500,6611409.500000001,,,,,
2019-01-08,9.024,9.024,8.851,8.869,1306960,11591428.24,,,,,
2019-01-09,8.972,9.007,8.869,8.886,1650530,14666609.579999998,,,,,
2019-01-10,8.869,8.955,8.817,8.817,1212750,10692816.75,,,,,
2019-01-11,8.869,9.076,8.869,9.024,1820470,16427921.28,,,,,
2019-01-14,9.041,9.041,8.903,8.903,776770,6915583.3100000005,,,,,
2019-01-15,8.903,8.989,8.886,8.972,995860,8934855.92,,,,,
2019-01-16,8.989,9.007,8.851,8.886,1467160,13037183.76,,,,,
2019-01-17,8.886,8.903,8.679,8.696,1852510,16109426.96,,,,,
2019-01-18,8.696,8.748,8.593,8.679,1521200,13202494.8,,,,,
2019-01-21,8.679,8.938,8.679,8.834,1700870,15025485.58,,,,,
2019-01-22,8.834,8.938,8.817,8.817,1156270,10194832.59,,,,,
2019-01-23,8.765,8.869,8.731,8.782,1188790,10439953.78,,,,,
2019-01-24,8.869,8.903,8.8,8.817,1224550,10796857.35,,,,,
2019-01-25,8.817,9.076,8.817,9.041,2422010,21897392.41,,,,,
2019-01-28,9.041,9.093,8.955,8.989,1266510,11384658.39,,,,,
2019-01-29,9.024,9.041,8.92,9.041,1011500,9144971.5,,,,,
2019-01-30,9.041,9.041,8.972,8.972,971710,8718182.12,,,,,
2019-01-31,9.007,9.145,8.92,9.007,1569170,14133514.19,,,,,
2019-02-01,8.938,9.041,8.938,9.007,985310,8874687.17,,,,,
2019-02-11,9.076,9.283,9.041,9.283,1946520,18069545.16,,,,,
2019-02-12,9.283,9.49,9.248,9.369,3517680,32957143.92,,,,,
2019-02-13,9.404,9.49,9.369,9.386,2327970,21850326.42,,,,,
2019-02-14,9.352,9.421,9.335,9.352,1420580,13285264.16,,,,,
2019-02-15,9.317,9.369,9.231,9.266,1828720,16944919.52,,,,,
2019-02-18,9.369,9.404,9.3,9.352,1754600,16409019.2,,,,,
2019-02-19,9.352,9.542,9.352,9.404,3414120,32106384.48,,,,,
2019-02-20,9.404,9.524,9.404,9.49,2300940,21835920.6,,,,,
2019-02-21,9.507,9.628,9.49,9.628,2871900,27650653.2,,,,,
2019-02-22,9.662,9.766,9.559,9.749,3132140,30535232.860000003,,,,,
2019-02-25,9.835,9.938,9.818,9.869,3266350,32235608.15,,,,,
2019-02-26,9.766,9.904,9.714,9.835,2864370,28171078.950000003,,,,,
2019-02-27,9.835,9.869,9.749,9.749,1240270,12091392.23,,,,,
2019-02-28,9.731,9.835,9.576,9.628,2286310,22012592.68,,,,,
2019-03-01,9.628,9.731,9.628,9.731,1042520,10144762.12,,,,,
2019-03-04,9.766,9.99,9.766,9.973,2304530,22983077.69,,,,,
2019-03-05,9.938,10.042,9.835,9.938,1955980,19438529.24,,,,,
2019-03-06,10.007,10.007,9.852,9.938,902140,8965467.32,,,,,
2019-03-07,9.852,10.025,9.852,9.921,1901510,18864880.71,,,,,
2019-03-08,9.835,9.904,9.8,9.818,1704440,16734191.92,,,,,
2019-03-11,9.818,9.869,9.749,9.869,1189010,11734339.69,,,,,
2019-03-12,9.973,9.973,9.8,9.938,1009700,10034398.6,,,,,
2019-03-13,9.973,10.163,9.973,10.145,2652480,26909409.6,,,,,
2019-03-14,10.18,10.214,10.059,10.163,1134420,11529110.46,,,,,
2019-03-15,10.18,10.18,10.059,10.18,1536660,15643198.8,,,,,
2019-03-18,10.197,10.197,10.025,10.076,1496440,15078129.44,,,,,
2019-03-19,10.111,10.145,9.973,9.973,1181940,11787487.62,,,,,
2019-03-20,9.973,9.973,9.749,9.852,1405780,13849744.56,,,,,
2019-03-21,9.852,9.869,9.421,9.421,1717850,16183864.85,,,,,
2019-03-22,9.524,9.645,9.455,9.49,1225180,11626958.2,,,,,
2019-03-25,9.248,9.352,9.179,9.248,1384910,12807647.68,,,,,
2019-03-26,9.352,9.421,9.3,9.352,658870,6161752.24,,,,,
2019-03-27,9.49,9.49,9.335,9.352,789100,7379663.2,,,,,
2019-03-28,9.352,9.386,9.3,9.335,627460,5857339.100000001,,,,,
2019-03-29,9.421,9.438,9.335,9.386,1415600,13286821.6,,,,,
2019-04-01,9.455,9.593,9.404,9.559,1008960,9644648.64,,,,,
2019-04-02,9.662,9.68,9.455,9.559,611580,5846093.22,,,,,
2019-04-03,9.49,9.524,9.438,9.438,504110,4757790.180000001,,,,,
2019-04-04,9.455,9.542,9.421,9.421,722050,6802433.05,,,,,
2019-04-05,9.421,9.507,9.421,9.49,682690,6478728.100000001,,,,,
2019-04-08,9.507,9.593,9.49,9.593,1140070,10936691.51,,,,,
2019-04-09,9.628,9.68,9.593,9.662,1916970,18521764.14,,,,,
2019-04-10,9.49,9.628,9.455,9.473,815830,7728357.590000001,,,,,
2019-04-11,9.49,9.524,9.404,9.404,644980,6065391.92,,,,,
2019-04-12,9.404,9.404,9.317,9.317,821470,7653635.99,,,,,
2019-04-16,9.3,9.3,9.179,9.231,1117270,10313519.37,,,,,
2019-04-17,9.231,9.317,9.145,9.162,1175220,10767365.64,,,,,
2019-04-18,9.145,9.179,8.92,8.972,1877990,16849326.279999997,,,,,
2019-04-19,9.093,9.11,8.955,8.972,730360,6552789.92,,,,,
2019-04-22,8.869,8.955,8.627,8.696,2123060,18462129.76,,,,,
2019-04-23,8.696,8.748,8.644,8.679,1678660,14569090.14,,,,,
2019-04-24,8.765,8.886,8.731,8.869,767360,6805715.84,,,,,
2019-04-25,8.869,8.869,8.765,8.8,1250190,11001672.0,,,,,
2019-04-26,8.834,8.903,8.748,8.903,1668760,14856970.28,,,,,
2019-05-02,8.92,8.989,8.834,8.834,949610,8388854.74,,,,,
2019-05-03,8.765,8.938,8.765,8.938,1073340,9593512.92,,,,,
2019-05-06,8.8,8.8,8.61,8.696,2714370,23604161.52,,,,,
2019-05-07,8.8,8.817,8.558,8.593,2487300,21373368.9,,,,,
2019-05-08,8.524,8.644,8.437,8.524,1412270,12038189.48,,,,,
2019-05-09,8.575,8.61,8.455,8.489,994490,8442225.610000001,,,,,
2019-05-10,8.524,8.679,8.489,8.644,1243710,10750629.24,,,,,
2019-05-13,8.662,8.713,8.627,8.696,833800,7250724.8,,,,,
2019-05-14,8.627,8.679,8.575,8.644,2523900,21816591.6,,,,,
2019-05-15,8.731,8.938,8.662,8.886,2845830,25288045.38,,,,,
2019-05-16,8.886,8.938,8.817,8.817,1080440,9526239.48,,,,,
2019-05-17,8.817,8.938,8.8,8.869,2158380,19142672.22,,,,,
2019-05-20,8.886,9.024,8.851,9.007,2948390,26556148.73,,,,,
2019-05-21,9.041,9.076,8.955,8.989,1681390,15114014.71,,,,,
2019-05-22,8.972,9.058,8.955,8.989,1638520,14728656.28,,,,,
2019-05-23,8.869,8.989,8.869,8.989,1205860,10839475.54,,,,,
2019-05-24,8.938,8.955,8.782,8.817,2089530,18423386.01,,,,,
2019-05-27,8.817,8.834,8.748,8.748,749890,6560037.72,,,,,
2019-05-28,8.731,8.748,8.644,8.696,1306060,11357497.76,,,,,
2019-05-29,8.696,8.731,8.61,8.644,846830,7319998.52,,,,,
2019-05-30,8.644,8.748,8.575,8.662,775200,6714782.4,,,,,
2019-05-31,8.662,8.696,8.575,8.575,991780,8504513.5,,,,,
2019-06-03,8.524,8.575,8.472,8.541,1180930,10086323.13,,,,,
2019-06-04,8.575,8.593,8.472,8.558,694920,5947125.36,,,,,
2019-06-05,8.679,8.679,8.575,8.575,855950,7339771.249999999,,,,,
2019-06-06,8.558,8.593,8.437,8.524,1213200,10341316.8,,,,,
2019-06-07,8.593,8.644,8.593,8.644,636810,5504585.64,,,,,
2019-06-10,8.679,8.748,8.662,8.696,930960,8095628.16,,,,,
2019-06-11,8.696,8.713,8.662,8.696,540470,4699927.12,,,,,
2019-06-12,8.696,8.696,8.558,8.575,534380,4582308.5,,,,,
2019-06-13,8.524,8.593,8.506,8.558,659000,5639722.0,,,,,
2019-06-14,8.558,8.644,8.558,8.558,394640,3377329.12,,,,,
2019-06-17,8.524,8.593,8.489,8.489,601620,5107152.180000001,,,,,
2019-06-18,8.489,8.524,8.437,8.437,913790,7709646.229999999,,,,,
2019-06-19,8.506,8.575,8.489,8.558,657740,5628938.92,,,,,
2019-06-20,8.575,8.713,8.558,8.662,1391800,12055771.6,,,,,
2019-06-21,8.662,8.765,8.662,8.662,1781100,15427888.2,,,,,
2019-06-24,8.696,8.713,8.524,8.593,1910480,16416754.64,,,,,
2019-06-25,8.541,8.627,8.541,8.575,714250,6124693.749999999,,,,,
2019-06-26,8.541,8.61,8.541,8.558,1087470,9306568.26,,,,,
2019-06-27,8.524,8.558,8.455,8.489,1492290,12668049.81,,,,,
2019-06-28,8.558,8.558,8.472,8.558,611860,5236297.88,,,,,
2019-07-01,8.644,8.662,8.558,8.627,952870,8220409.49,,,,,
2019-07-02,8.627,8.644,8.524,8.541,524290,4477960.890000001,,,,,
2019-07-03,8.593,8.593,8.524,8.575,477000,4090275.0,,,,,
2019-07-04,8.575,8.731,8.541,8.696,1885770,16398655.92,,,,,
2019-07-05,8.8,8.8,8.696,8.748,1942740,16995089.52,,,,,
2019-07-08,8.748,8.748,8.627,8.662,984550,8528172.100000001,,,,,
2019-07-09,8.644,8.679,8.575,8.644,999090,8636133.96,,,,,
2019-07-10,8.644,8.713,8.593,8.593,939180,8070373.74,,,,,
2019-07-11,8.662,8.679,8.627,8.662,876130,7589038.06,,,,,
2019-07-12,8.713,8.748,8.627,8.644,1156910,10000330.04,,,,,
2019-07-15,8.627,8.644,8.593,8.627,763410,6585938.07,,,,,
2019-07-16,8.61,8.662,8.61,8.627,882190,7610653.130000001,,,,,
2019-07-17,8.662,8.938,8.627,8.903,3708060,33012858.180000003,,,,,
2019-07-18,8.817,8.886,8.8,8.817,1284250,11323232.25,,,,,
2019-07-19,8.851,8.903,8.817,8.834,1471210,12996669.14,,,,,
2019-07-22,8.765,8.782,8.593,8.644,1822990,15757925.56,,,,,
2019-07-23,8.696,8.713,8.627,8.662,813110,7043158.82,,,,,
2019-07-24,8.713,8.713,8.506,8.524,1523410,12985546.839999998,,,,,
2019-07-25,8.506,8.558,8.386,8.403,1758090,14773230.27,,,,,
2019-07-26,8.403,8.472,8.334,8.42,952890,8023333.8,,,,,
2019-07-29,8.437,8.455,8.317,8.317,598420,4977059.14,,,,,
2019-07-30,8.317,8.403,8.058,8.058,1418550,11430675.9,,,,,
2019-07-31,7.971,8.058,7.902,8.006,1509590,12085777.54,,,,,
2019-08-01,8.006,8.092,7.971,8.04,437780,3519751.2,,,,,
2019-08-02,7.937,8.023,7.868,7.954,933330,7423706.819999999,,,,,
2019-08-05,7.937,7.954,7.695,7.695,1436440,11053405.8,,,,,
2019-08-06,7.523,7.557,7.419,7.471,1915860,14313390.06,,,,,
2019-08-07,7.471,7.592,7.299,7.316,1813960,13270931.36,,,,,
2019-08-08,7.316,7.488,7.16,7.316,2568910,18794145.56,,,,,
2019-08-09,7.471,7.661,7.419,7.592,2182560,16569995.52,,,,,
2019-08-12,7.626,7.678,7.523,7.644,1074610,8214318.84,,,,,
2019-08-13,7.506,7.54,7.454,7.54,1114110,8400389.4,,,,,
2019-08-14,7.592,7.609,7.506,7.523,1374140,10337655.22,,,,,
2019-08-15,7.419,7.54,7.281,7.54,2236500,16863210.0,,,,,
2019-08-16,7.54,7.868,7.488,7.678,2483530,19068543.34,,,,,
2019-08-19,7.782,7.782,7.592,7.661,848650,6501507.649999999,,,,,
2019-08-20,7.661,7.73,7.609,7.626,1288750,9828007.5,,,,,
2019-08-21,7.592,7.764,7.575,7.764,2260760,17552540.64,,,,,
2019-08-22,7.782,7.816,7.695,7.73,986320,7624253.600000001,,,,,
2019-08-23,7.73,7.73,7.626,7.695,866610,6668563.95,,,,,
2019-08-26,7.419,7.557,7.419,7.454,1704370,12704373.98,,,,,
2019-08-27,7.506,7.523,7.368,7.385,1251600,9243066.0,,,,,
2019-08-28,7.385,7.437,7.35,7.368,491400,3620635.2,,,,,
2019-08-29,7.35,7.385,7.281,7.299,822670,6004668.33,,,,,
2019-08-30,7.35,7.437,7.35,7.419,713630,5294420.97,,,,,
2019-09-03,7.368,7.419,7.299,7.402,544160,4027872.32,,,,,
2019-09-04,7.368,7.385,7.299,7.385,622780,4599230.3,,,,,
2019-09-05,7.419,7.437,7.316,7.35,733580,5391813.0,,,,,
2019-09-06,7.281,7.368,7.281,7.281,472420,3439690.02,,,,,
2019-09-09,7.247,7.281,7.178,7.212,864150,6232249.8,,,,,
2019-09-10,7.316,7.316,7.143,7.143,1105140,7894015.02,,,,,
2019-09-11,7.178,7.195,7.109,7.16,569010,4074111.6,,,,,
2019-09-12,7.195,7.247,7.16,7.195,681850,4905910.75,,,,,
2019-09-13,7.212,7.419,7.195,7.368,2871350,21156106.8,,,,,
2019-09-16,7.419,7.506,7.402,7.402,2321920,17186851.84,,,,,
2019-09-17,7.402,7.471,7.35,7.471,1290550,9641699.05,,,,,
2019-09-18,7.506,7.557,7.437,7.454,2024510,15090697.54,,,,,
2019-09-19,7.506,7.506,7.385,7.506,1475040,11071650.24,,,,,
2019-09-20,7.523,7.523,7.368,7.402,3372950,24966575.9,,,,,
2019-09-23,7.454,7.471,7.368,7.368,1513730,11153162.64,,,,,
2019-09-24,7.368,7.575,7.35,7.471,2397510,17911797.21,,,,,
2019-09-25,7.454,7.506,7.402,7.471,1466500,10956221.5,,,,,
2019-09-26,7.523,7.816,7.523,7.816,6380250,49868034.0,,,,,
2019-09-27,7.851,8.023,7.799,8.006,4052950,32447917.7,,,,,
2019-09-30,8.058,8.075,7.92,7.937,2832330,22480203.21,,,,,
2019-10-01,7.902,8.006,7.885,7.989,2998990,23958931.11,,,,,
2019-10-02,7.971,8.178,7.937,8.075,3730500,30123787.5,,,,,
2019-10-03,7.989,8.109,7.937,8.075,2017010,16287355.749999998,,,,,
2019-10-04,8.219,8.219,7.786,7.786,3431800,26719994.8,,,,,
2019-10-07,7.804,7.858,7.606,7.606,1748860,13301829.16,,,,,
2019-10-08,7.588,7.768,7.588,7.714,1284020,9904930.28,,,,,
2019-10-09,7.75,7.786,7.642,7.678,1626100,12485195.8,,,,,
2019-10-10,7.678,7.75,7.66,7.678,1479760,11361597.28,,,,,
2019-10-11,7.696,7.714,7.642,7.678,1868890,14349337.42,,,,,
2019-10-14,7.75,7.894,7.75,7.84,2618430,20528491.2,,,,,
2019-10-15,7.876,7.876,7.768,7.786,1175550,9152832.3,,,,,
2019-10-16,7.822,7.822,7.75,7.768,1399280,10869607.04,,,,,
2019-10-17,7.768,7.768,7.678,7.696,1092380,8406956.48,,,,,
2019-10-18,7.678,7.75,7.606,7.606,1287590,9793409.54,,,,,
2019-10-21,7.534,7.57,7.498,7.498,1386210,10393802.58,,,,,
2019-10-22,7.534,7.552,7.444,7.534,1056960,7963136.64,,,,,
2019-10-23,7.516,7.57,7.498,7.498,736320,5520927.36,,,,,
2019-10-24,7.534,7.678,7.516,7.678,1454750,11169570.5,,,,,
2019-10-25,7.678,7.732,7.66,7.678,1154870,8867091.86,,,,,
2019-10-28,7.75,7.804,7.66,7.66,1507540,11547756.4,,,,,
2019-10-29,7.66,7.714,7.624,7.624,1162360,8861832.639999999,,,,,
2019-10-30,7.624,7.714,7.624,7.696,1056930,8134133.279999999,,,,,
2019-10-31,7.714,7.732,7.57,7.696,1786810,13751289.76,,,,,
2019-11-01,7.678,7.822,7.624,7.75,3104820,24062355.0,,,,,
2019-11-04,7.786,7.876,7.768,7.84,3298180,25857731.2,,,,,
2019-11-05,7.876,7.912,7.84,7.858,2130290,16739818.819999998,,,,,
2019-11-06,7.858,7.876,7.804,7.822,1545130,12086006.86,,,,,
2019-11-07,7.822,8.003,7.804,7.949,2939090,23362826.41,,,,,
2019-11-08,8.021,8.039,7.912,7.949,2388020,18982370.98,,,,,
2019-11-11,7.949,7.949,7.822,7.822,1804140,14111983.08,,,,,
2019-11-12,7.822,7.894,7.804,7.804,1526400,11912025.6,,,,,
2019-11-13,7.822,7.84,7.75,7.804,1294780,10104463.12,,,,,
2019-11-14,7.786,7.822,7.678,7.732,1586090,12263647.88,,,,,
2019-11-15,7.714,7.732,7.606,7.606,1624740,12357772.44,,,,,
2019-11-18,7.624,7.642,7.552,7.57,1089630,8248499.100000001,,,,,
2019-11-19,7.57,7.66,7.57,7.606,904070,6876356.42,,,,,
2019-11-20,7.624,7.624,7.534,7.534,1248390,9405370.26,,,,,
2019-11-21,7.534,7.534,7.354,7.354,2083430,15321544.22,,,,,
2019-11-22,7.426,7.444,7.228,7.246,1895590,13735445.14,,,,,
2019-11-25,7.282,7.318,7.228,7.3,954610,6968653.0,,,,,
2019-11-26,7.318,7.354,7.21,7.21,1658300,11956343.0,,,,,
2019-11-27,7.246,7.246,7.155,7.155,1816170,12994696.35,,,,,
2019-11-28,7.173,7.21,7.119,7.155,1132110,8100247.050000001,,,,,
2019-11-29,7.155,7.192,7.137,7.137,1003800,7164120.6,,,,,
2019-12-02,7.137,7.192,7.029,7.029,1531820,10767162.78,,,,,
2019-12-03,6.939,7.065,6.939,6.957,1208130,8404960.41,,,,,
2019-12-04,6.975,7.137,6.957,7.137,1058620,7555370.939999999,,,,,
2019-12-05,7.173,7.21,7.065,7.065,718100,5073376.5,,,,,
2019-12-06,7.083,7.101,7.029,7.029,606440,4262666.76,,,,,
2019-12-09,7.029,7.155,7.011,7.065,842290,5950778.850000001,,,,,
2019-12-10,7.065,7.065,6.885,6.921,1237160,8562384.36,,,,,
2019-12-11,6.903,6.957,6.759,6.849,1402910,9608530.59,,,,,
2019-12-12,6.903,6.993,6.831,6.993,1480900,10355933.7,,,,,
2019-12-13,7.029,7.047,6.921,6.921,1035860,7169187.0600000005,,,,,
2019-12-16,6.921,6.957,6.849,6.867,826290,5674133.43,,,,,
2019-12-17,6.885,6.903,6.723,6.723,1565970,10528016.31,,,,,
2019-12-18,6.759,6.795,6.633,6.633,1375490,9123625.17,,,,,
2019-12-19,6.633,6.705,6.525,6.525,992680,6477237.0,,,,,
2019-12-20,6.561,6.651,6.525,6.597,1297840,8561850.48,,,,,
2019-12-23,6.597,6.669,6.597,6.615,1083840,7169601.600000001,,,,,
2019-12-24,6.597,6.651,6.561,6.615,879570,5818355.55,,,,,
2019-12-25,6.615,6.615,6.543,6.561,915210,6004692.81,,,,,
2019-12-26,6.543,6.597,6.525,6.579,712470,4687340.13,,,,,
2019-12-27,6.543,6.579,6.507,6.525,1253730,8180588.25,,,,,
2019-12-30,6.597,6.651,6.525,6.543,1089430,7128140.49,,,,,
2019-12-31,6.543,6.561,6.507,6.507,1060150,6898396.05,,,,,
2020-01-02,6.525,6.633,6.507,6.633,991450,6576287.85,,,,,
2020-01-03,6.669,6.705,6.543,6.579,703890,4630892.31,,,,,
2020-01-06,6.543,6.597,6.507,6.561,1348120,8845015.32,,,,,
2020-01-07,6.561,6.597,6.543,6.579,643090,4230889.109999999,,,,,
2020-01-08,6.507,6.525,6.326,6.398,2622960,16781698.08,,,,,
2020-01-09,6.471,6.507,6.435,6.471,1149130,7436020.23,,,,,
2020-01-10,6.489,6.615,6.453,6.597,2067400,13638637.8,,,,,
2020-01-13,6.561,6.669,6.561,6.597,1125380,7424131.86,,,,,
2020-01-14,6.597,6.651,6.579,6.633,1066740,7075686.42,,,,,
2020-01-15,6.651,6.651,6.597,6.633,830260,5507114.58,,,,,
2020-01-16,6.633,6.885,6.633,6.885,2384770,16419141.45,,,,,
2020-01-17,6.921,7.029,6.849,6.939,2832740,19656382.86,,,,,
2020-01-20,6.939,6.939,6.849,6.939,1288010,8937501.39,,,,,
2020-01-21,6.885,7.011,6.867,6.939,1541100,10693692.9,,,,,
2020-01-22,6.939,6.993,6.903,6.957,1729500,12032131.5,,,,,
2020-01-30,6.831,6.831,6.525,6.669,2412920,16091763.48,,,,,
2020-01-31,6.525,6.597,6.218,6.38,4457280,28437446.4,,,,,
2020-02-03,6.056,6.164,5.948,6.146,3144570,19326527.22,,,,,
2020-02-04,6.164,6.218,6.056,6.128,1782240,10921566.72,,,,,
2020-02-05,6.164,6.218,6.092,6.11,2164080,13222528.8,,,,,
2020-02-06,6.128,6.38,6.092,6.38,2870780,18315576.4,,,,,
2020-02-07,6.38,6.471,6.308,6.38,2561750,16343965.0,,,,,
2020-02-10,6.2,6.344,6.056,6.326,775620,4906572.12,,,,,
2020-02-11,6.326,6.344,6.272,6.29,1521880,9572625.2,,,,,
2020-02-12,6.308,6.416,6.308,6.416,2789960,17900383.36,,,,,
2020-02-13,6.344,6.38,6.326,6.344,1264660,8023003.04,,,,,
2020-02-14,6.344,6.435,6.308,6.416,1102790,7075500.640000001,,,,,
2020-02-17,6.416,6.471,6.362,6.362,1955060,12438091.72,,,,,
2020-02-18,6.362,6.38,6.272,6.326,1478110,9350523.86,,,,,
2020-02-19,6.344,6.362,6.29,6.344,1668460,10584710.24,,,,,
2020-02-20,6.38,6.435,6.308,6.344,1664520,10559714.88,,,,,
2020-02-21,6.344,6.362,6.29,6.29,1197860,7534539.4,,,,,
2020-02-24,6.146,6.182,5.858,5.858,3482920,20402945.36,,,,,
2020-02-25,5.714,5.93,5.714,5.912,1693240,10010434.88,,,,,
2020-02-26,5.768,6.02,5.732,5.804,1038320,6026409.28,,,,,
2020-02-27,5.768,5.948,5.75,5.948,1490420,8865018.16,,,,,
2020-02-28,5.822,5.84,5.696,5.732,1987700,11393496.4,,,,,
2020-03-02,5.786,5.804,5.678,5.696,2114140,12042141.44,,,,,
2020-03-03,5.804,5.858,5.75,5.75,2088500,12008875.0,,,,,
2020-03-04,5.768,5.93,5.732,5.858,2852970,16712698.26,,,,,
2020-03-05,5.966,6.11,5.93,6.056,3298460,19975473.76,,,,,
2020-03-06,6.038,6.038,5.93,6.02,1362870,8204477.399999999,,,,,
2020-03-09,5.605,5.696,5.605,5.605,3576610,20046899.05,,,,,
2020-03-10,5.371,5.641,5.371,5.605,3374030,18911438.15,,,,,
2020-03-11,5.714,5.714,5.227,5.227,3614130,18891057.51,,,,,
2020-03-12,4.975,5.047,4.866,4.884,4606030,22495850.520000003,,,,,
2020-03-13,4.578,4.957,4.578,4.794,4484960,21500898.24,,,,,
2020-03-16,4.866,4.902,4.758,4.794,2897920,13892628.48,,,,,
2020-03-17,4.722,5.119,4.614,5.119,4834780,24749238.82,,,,,
2020-03-18,5.191,5.191,4.902,4.939,3190370,15757237.43,,,,,
2020-03-19,4.83,5.011,4.794,4.939,2568540,12686019.06,,,,,
2020-03-20,5.047,5.065,4.902,4.993,2868770,14323768.61,,,,,
2020-03-23,4.758,4.83,4.65,4.65,3296350,15328027.500000002,,,,,
2020-03-24,4.668,4.686,4.398,4.506,3009990,13563014.94,,,,,
2020-03-25,4.686,4.812,4.596,4.812,2376040,11433504.48,,,,,
2020-03-26,4.758,4.776,4.65,4.668,1256940,5867395.92,,,,,
2020-03-27,4.686,4.704,4.452,4.452,2469460,10994035.92,,,,,
2020-03-30,4.29,4.29,4.145,4.145,2427550,10062194.749999998,,,,,
2020-03-31,4.2,4.308,4.001,4.182,1680730,7028812.86,,,,,
2020-04-01,4.182,4.47,4.182,4.47,3715270,16607256.9,,,,,
2020-04-03,4.65,4.776,4.614,4.776,4544530,21704675.28,,,,,
2020-04-06,5.029,5.101,4.975,5.101,5473010,27917824.01,,,,,
2020-04-07,5.227,5.245,5.047,5.101,6377610,32532188.61,,,,,
2020-04-08,5.011,5.227,4.902,5.173,4091610,21165898.53,,,,,
2020-04-09,5.436,5.519,5.415,5.519,5507100,30393684.9,,,,,
2020-04-10,5.561,5.687,5.436,5.561,3233820,17983273.02,,,,,
2020-04-13,5.499,5.603,5.436,5.499,3573400,19650126.6,,,,,
2020-04-14,5.457,5.519,5.331,5.519,3902110,21535745.09,,,,,
2020-04-15,5.561,5.624,5.519,5.582,3075990,17170176.18,,,,,
2020-04-16,5.519,5.666,5.478,5.582,2603060,14530280.92,,,,,
2020-04-17,5.645,5.77,5.624,5.687,3936040,22384259.48,,,,,
2020-04-20,5.708,5.77,5.624,5.728,3326260,19052817.28,,,,,
2020-04-21,5.561,5.624,5.331,5.373,4437860,23844621.78,,,,,
2020-04-22,5.227,5.624,5.227,5.561,3435210,19103202.81,,,,,
2020-04-23,5.645,5.77,5.561,5.561,2594810,14429738.41,,,,,
2020-04-24,5.54,5.582,5.457,5.54,1507530,8351716.2,,,,,
2020-04-27,5.582,5.582,5.457,5.478,2112890,11574411.42,,,,,
2020-04-28,5.478,5.478,5.352,5.415,2587110,14009200.65,,,,,
2020-04-29,5.436,5.478,5.394,5.436,1454150,7904759.4,,,,,
2020-05-04,5.394,5.436,5.31,5.31,2180310,11577446.1,,,,,
2020-05-05,5.31,5.394,5.269,5.289,1667710,8820518.19,,,,,
2020-05-06,5.331,5.436,5.31,5.415,1675700,9073915.5,,,,,
2020-05-07,5.415,5.519,5.394,5.519,2332040,12870528.76,,,,,
2020-05-08,5.519,5.77,5.519,5.645,7919390,44704956.55,,,,,
2020-05-11,5.728,5.917,5.708,5.917,6209600,36742203.2,,,,,
2020-05-12,5.854,6.0,5.77,5.938,3956090,23491262.42,,,,,
2020-05-13,5.854,5.979,5.728,5.875,5490540,32256922.5,,,,,
2020-05-14,5.791,6.126,5.791,5.958,5857120,34896720.96,,,,,
2020-05-15,6.0,6.042,5.812,5.833,3732360,21770855.88,,,,,
2020-05-18,5.833,5.938,5.791,5.917,2313840,13690991.28,,,,,
2020-05-19,6.063,6.105,5.938,5.979,6873020,41093786.58,,,,,
2020-05-20,5.958,6.021,5.938,5.979,2577550,15411171.45,,,,,
2020-05-21,6.042,6.063,5.938,6.0,3314490,19886940.0,,,,,
2020-05-22,5.938,6.147,5.896,5.979,7455010,44573504.79,,,,,
2020-05-25,6.021,6.105,5.979,6.084,6022830,36642897.72,,,,,
2020-05-26,6.147,6.439,6.126,6.418,8120570,52117818.26,,,,,
2020-05-27,6.481,6.502,6.23,6.23,7938010,49453802.3,,,,,
2020-05-28,6.23,6.314,6.188,6.209,4876490,30278126.41,,,,,
2020-05-29,6.188,6.23,6.126,6.188,3573780,22114550.64,,,,,
2020-06-01,6.23,6.398,6.209,6.356,4455460,28318903.76,,,,,
2020-06-02,6.398,6.418,6.272,6.293,6106810,38430155.33,,,,,
2020-06-03,6.314,6.356,6.272,6.356,3251400,20665898.4,,,,,
2020-06-04,6.46,6.669,6.46,6.565,9360040,61448662.6,,,,,
2020-06-05,6.565,6.607,6.481,6.565,5731890,37629857.85,,,,,
2020-06-08,6.774,6.774,6.648,6.711,5993130,40219895.43,,,,,
2020-06-09,6.816,6.816,6.607,6.627,6435790,42649980.33,,,,,
2020-06-10,6.586,6.732,6.439,6.69,6544090,43779962.1,,,,,
2020-06-11,6.69,6.774,6.23,6.23,9349070,58244706.1,,,,,
2020-06-12,6.105,6.481,5.979,6.481,7587730,49176078.13,,,,,
2020-06-15,6.481,6.502,6.042,6.042,7253720,43826976.24,,,,,
2020-06-16,6.272,6.377,6.168,6.356,5005720,31816356.32,,,,,
2020-06-17,6.335,6.377,6.209,6.272,2911920,18263562.24,,,,,
2020-06-18,6.147,6.272,6.147,6.272,1838500,11531072.0,,,,,
2020-06-19,6.272,6.398,6.23,6.398,4986110,31901131.78,,,,,
2020-06-22,6.398,6.481,6.251,6.356,3766890,23942352.84,,,,,
2020-06-23,6.46,6.795,6.46,6.732,14025040,94416569.28,,,,,
2020-06-24,6.732,6.837,6.565,6.586,5975970,39357738.42,,,,,
2020-06-25,6.544,6.627,6.439,6.607,3914840,25865347.88,,,,,
2020-06-26,6.648,6.774,6.46,6.481,4919890,31885807.09,,,,,
2020-06-29,6.481,6.481,6.126,6.188,7502050,46422685.4,,,,,
2020-06-30,6.356,6.377,6.042,6.188,3781930,23402582.84,,,,,
2020-07-01,6.251,6.439,6.168,6.398,3435740,21981864.52,,,,,
2020-07-02,6.398,6.398,6.293,6.335,2325600,14732676.0,,,,,
2020-07-03,6.398,6.398,6.314,6.335,2288480,14497520.8,,,,,
2020-07-06,6.398,6.523,6.335,6.523,3984350,25989915.05,,,,,
2020-07-07,6.565,6.627,6.481,6.502,4850680,31539121.36,,,,,
2020-07-08,6.481,6.565,6.418,6.565,2493090,16367135.85,,,,,
2020-07-09,6.648,6.69,6.565,6.627,4876340,32315505.18,,,,,
2020-07-10,6.586,6.753,6.586,6.669,9082870,60573660.03,,,,,
2020-07-13,6.774,6.795,6.627,6.669,5298630,35336563.47,,,,,
2020-07-14,6.648,6.983,6.648,6.983,9138070,63811142.81,,,,,
2020-07-15,7.025,7.025,6.899,6.92,4340580,30036813.6,,,,,
2020-07-16,6.941,6.983,6.899,6.941,3531900,24514917.9,,,,,
2020-07-17,6.92,7.087,6.899,6.983,6824380,47654645.54,,,,,
2020-07-20,7.116,7.116,6.872,6.872,6438130,44242829.36,,,,,
2020-07-21,6.961,6.983,6.716,6.783,6953920,47168439.36,,,,,
2020-07-22,6.85,6.872,6.694,6.694,3959010,26501612.94,,,,,
2020-07-23,6.716,6.738,6.605,6.627,4378660,29017379.82,,,,,
2020-07-24,6.605,6.627,6.205,6.36,9774930,62168554.8,,,,,
2020-07-27,6.005,6.227,5.916,5.916,8310880,49167166.080000006,,,,,
2020-07-28,6.138,6.316,5.938,6.316,6648230,41990220.68,,,,,
2020-07-29,6.227,6.227,5.893,6.027,6325100,38121377.7,,,,,
2020-07-30,6.049,6.182,6.049,6.116,2699550,16510447.8,,,,,
2020-07-31,5.96,6.138,5.938,6.027,2832300,17070272.1,,,,,
2020-08-03,6.005,6.316,6.005,6.271,5017010,31461669.71,,,,,
2020-08-04,6.383,6.427,6.249,6.383,4642760,29634737.08,,,,,
2020-08-05,6.316,6.538,6.294,6.449,4672060,30130114.94,,,,,
2020-08-06,6.427,6.472,6.36,6.383,4168520,26607663.16,,,,,
2020-08-07,6.383,6.427,6.316,6.338,2562160,16238970.08,,,,,
2020-08-10,6.449,6.494,6.405,6.405,3288010,21059704.05,,,,,
2020-08-11,6.472,6.561,6.405,6.538,5313900,34742278.2,,,,,
2020-08-12,6.561,6.583,6.449,6.516,2877790,18751679.64,,,,,
2020-08-13,6.538,6.627,6.494,6.605,3734680,24667561.4,,,,,
2020-08-14,6.583,6.627,6.427,6.494,4301340,27932901.96,,,,,
2020-08-17,6.494,6.494,6.338,6.449,3811840,24582556.16,,,,,
2020-08-18,6.449,6.494,6.383,6.405,1931160,12369079.8,,,,,
2020-08-19,6.383,6.494,6.383,6.472,2670190,17281469.68,,,,,
2020-08-20,6.472,6.494,6.383,6.383,2703510,17256504.33,,,,,
2020-08-21,6.427,6.538,6.383,6.538,3758250,24571438.5,,,,,
2020-08-24,6.605,6.716,6.561,6.672,7044900,47003572.8,,,,,
2020-08-25,6.738,6.783,6.649,6.672,4611300,30766593.6,,,,,
2020-08-26,6.694,6.761,6.649,6.694,5419820,36280275.08,,,,,
2020-08-27,6.694,6.738,6.649,6.716,3711300,24925090.8,,,,,
2020-08-28,6.783,6.85,6.716,6.716,5869960,39422651.36,,,,,
2020-08-31,6.738,6.783,6.605,6.627,3994730,26473075.71,,,,,
2020-09-01,6.605,6.716,6.583,6.716,3449300,23165498.8,,,,,
2020-09-03,6.827,6.827,6.716,6.783,4876180,33075128.94,,,,,
2020-09-04,6.672,6.983,6.605,6.85,9713580,66538023.0,,,,,
2020-09-07,6.894,7.05,6.805,6.827,9582630,65420615.01,,,,,
2020-09-08,6.872,7.028,6.805,7.028,6831470,48011571.16,,,,,
2020-09-09,6.894,7.072,6.872,7.05,7044490,49663654.5,,,,,
2020-09-10,7.094,7.183,7.05,7.05,8787650,61952932.5,,,,,
2020-09-11,7.05,7.094,6.983,7.005,4402790,30841543.95,,,,,
2020-09-14,7.05,7.072,6.961,7.005,4644580,32535282.9,,,,,
2020-09-15,7.028,7.183,7.005,7.028,7005050,49231491.4,,,,,
2020-09-16,7.028,7.161,7.028,7.072,3807390,26925862.08,,,,,
2020-09-17,7.094,7.139,7.028,7.116,6000380,42698704.08,,,,,
2020-09-18,7.116,7.317,7.094,7.25,7903190,57298127.5,,,,,
2020-09-21,7.317,7.45,7.272,7.339,8122870,59613742.93,,,,,
2020-09-22,7.272,7.383,7.272,7.361,6821140,50210411.54,,,,,
2020-09-23,7.361,7.472,7.361,7.428,5699700,42337371.6,,,,,
2020-09-24,7.383,7.472,7.339,7.361,4564860,33601934.46,,,,,
2020-09-25,7.383,7.406,7.228,7.317,7290520,53344734.84,,,,,
2020-09-28,7.361,7.539,7.361,7.517,5215260,39203109.42,,,,,
2020-09-29,7.606,7.628,7.428,7.45,6122220,45610539.0,,,,,
2020-09-30,7.45,7.561,7.383,7.539,4432160,33414054.24,,,,,
2020-10-01,7.606,8.006,7.561,7.917,10321030,81711594.51,,,,,
2020-10-02,7.962,8.028,7.561,7.895,10961430,86540489.85,,,,,
2020-10-05,8.028,8.139,7.917,8.117,6672820,54163279.940000005,,,,,
2020-10-06,8.117,8.162,7.984,8.073,5228170,42207016.41,,,,,
2020-10-07,8.006,8.073,7.917,7.939,5770720,45813746.08,,,,,
2020-10-08,8.006,8.028,7.828,7.939,4663470,37023288.33,,,,,
2020-10-09,8.006,8.117,7.939,8.006,3870610,30988103.66,,,,,
2020-10-12,8.095,8.095,7.895,7.939,4849320,38498751.48,,,,,
2020-10-13,7.939,7.984,7.806,7.806,4374250,34145395.5,,,,,
2020-10-14,7.828,8.051,7.761,8.051,5379490,43310273.99,,,,,
2020-10-15,8.139,8.162,8.028,8.073,4732880,38208540.24,,,,,
2020-10-16,8.051,8.139,7.984,8.073,4444100,35877219.300000004,,,,,
2020-10-19,8.139,8.317,8.073,8.162,9462400,77232108.80000001,,,,,
2020-10-20,8.162,8.162,7.962,8.095,4191320,33928735.400000006,,,,,
2020-10-21,8.095,8.139,7.873,7.873,7065620,55627626.26,,,,,
2020-10-22,7.806,8.006,7.739,8.006,6686080,53528756.48,,,,,
2020-10-23,8.051,8.073,7.873,7.962,4370330,34796567.46,,,,,
2020-10-26,7.962,8.051,7.828,7.828,4731880,37041156.64,,,,,
2020-10-27,7.784,7.85,7.65,7.65,5449930,41691964.5,,,,,
2020-10-28,7.606,7.672,7.339,7.428,5918990,43966257.72,,,,,
2020-10-29,7.339,7.606,7.317,7.606,4799470,36504768.82,,,,,
2020-10-30,7.606,7.628,7.428,7.606,3028990,23038497.94,,,,,
2020-11-02,7.606,7.628,7.517,7.628,1678320,12802224.96,,,,,
2020-11-03,7.672,7.739,7.65,7.717,3118820,24067933.94,,,,,
2020-11-04,7.739,7.806,7.672,7.784,4575940,35619116.96,,,,,
2020-11-05,7.739,7.806,7.672,7.672,2486250,19074510.0,,,,,
2020-11-06,7.672,7.717,7.584,7.628,1527160,11649176.48,,,,,
2020-11-09,7.672,7.828,7.672,7.784,3963600,30852662.4,,,,,
2020-11-10,7.895,8.028,7.828,7.873,8816320,69410887.36,,,,,
2020-11-11,7.917,7.962,7.784,7.784,4848370,37739712.08,,,,,
2020-11-12,7.828,7.873,7.761,7.784,3643040,28357423.36,,,,,
2020-11-13,7.828,7.917,7.761,7.917,4197980,33235407.66,,,,,
2020-11-16,8.006,8.051,7.873,7.873,6268580,49352530.34,,,,,
2020-11-17,7.939,8.117,7.85,8.117,8582800,69666587.60000001,,,,,
2020-11-18,8.139,8.273,8.095,8.184,7510860,61468878.24,,,,,
2020-11-19,8.251,8.273,8.139,8.206,5201760,42685642.56,,,,,
2020-11-20,8.206,8.228,8.051,8.095,6053890,49006239.55,,,,,
2020-11-23,8.095,8.34,8.028,8.317,9362300,77866249.10000001,,,,,
2020-11-24,8.362,8.495,8.273,8.429,10946270,92266109.83,,,,,
2020-11-25,8.451,8.584,8.429,8.54,8630730,73706434.19999999,,,,,
2020-11-26,8.518,8.584,8.384,8.518,5344370,45523343.66,,,,,
2020-11-27,8.518,8.629,8.518,8.606,4608770,39663074.62,,,,,
2020-11-30,8.629,8.718,8.54,8.562,6728330,57607961.45999999,,,,,
2020-12-01,8.362,8.629,8.362,8.629,8794040,75883771.16,,,,,
2020-12-02,8.629,8.829,8.606,8.762,7098230,62194691.260000005,,,,,
2020-12-03,8.851,9.074,8.807,8.985,8053380,72359619.3,,,,,
2020-12-04,8.985,9.029,8.896,8.918,6343360,56570084.48,,,,,
2020-12-07,9.051,9.162,9.007,9.14,7082510,64734141.400000006,,,,,
2020-12-08,9.185,9.763,9.185,9.741,11532900,112341978.9,,,,,
2020-12-09,9.874,10.319,9.874,10.097,13762100,138955923.7,,,,,
2020-12-10,10.097,10.341,9.963,10.141,9858070,99970687.87,,,,,
2020-12-11,10.141,10.475,10.03,10.475,9023250,94518543.75,,,,,
2020-12-14,10.719,11.186,10.675,11.186,11829490,132324675.14,,,,,
2020-12-15,11.031,11.609,11.031,11.342,15342550,174015202.1,,,,,
2020-12-16,11.386,11.475,11.12,11.142,14443400,160928362.79999998,,,,,
2020-12-17,11.031,11.386,10.942,11.142,13209050,147175235.1,,,,,
2020-12-18,11.297,11.92,11.186,11.92,14808270,176514578.4,,,,,
2020-12-21,12.187,12.743,12.098,12.743,14052330,179068841.19,,,,,
2020-12-22,12.899,13.321,12.654,13.165,12607350,165975762.75,,,,,
2020-12-23,13.054,13.077,12.676,12.81,13975960,179032047.6,,,,,
2020-12-24,12.765,12.81,11.92,12.61,15882040,200272524.4,,,,,
2020-12-25,12.454,13.477,12.298,13.477,16010740,215776742.98,,,,,
2020-12-28,14.1,14.344,13.833,14.233,12578470,179029363.51000002,,,,,
2020-12-29,14.011,14.3,13.833,14.1,11912020,167959482.0,,,,,
2020-12-30,13.966,14.211,13.788,14.011,10530310,147540173.41,,,,,
2020-12-31,14.011,14.878,13.988,14.722,9645420,141999873.24,,,,,
2021-01-04,15.345,15.389,15.034,15.034,9011500,135478891.0,,,,,
2021-01-05,14.789,15.167,14.722,15.011,8624800,129466872.8,,,,,
2021-01-06,15.211,15.545,14.678,15.123,10370000,156825510.0,,,,,
2021-01-07,15.345,15.389,14.922,15.3,13783700,210890610.0,,,,,
2021-01-08,15.523,15.523,14.922,15.189,11401100,173171307.9,,,,,
2021-01-11,15.167,15.211,14.7,14.922,13473300,201048582.6,,,,,
2021-01-12,14.767,15.345,14.455,15.167,16390400,248593196.8,,,,,
2021-01-13,15.345,15.345,14.856,14.9,9755200,145352480.0,,,,,
2021-01-14,14.9,15.923,14.678,15.723,22844000,359176212.0,,,,,
2021-01-15,15.923,16.568,15.767,16.435,14649600,240766176.0,,,,,
2021-01-18,16.435,16.435,16.034,16.146,11612500,187495425.0,,,,,
2021-01-19,15.923,16.168,15.034,15.034,19694000,296079596.0,,,,,
2021-01-20,15.211,15.345,14.033,14.811,14483300,214512156.3,,,,,
2021-01-21,14.856,15.567,14.678,15.367,13084500,201069511.5,,,,,
2021-01-22,15.256,15.434,14.856,15.011,11501200,172644513.2,,,,,
2021-01-25,14.767,15.367,14.633,14.989,12151400,182137334.6,,,,,
2021-01-26,14.878,14.945,14.055,14.233,10631800,151322409.4,,,,,
2021-01-27,13.833,14.233,13.254,13.254,14058600,186332684.4,,,,,
2021-01-28,12.343,12.565,12.343,12.343,18067700,223009621.1,,,,,
2021-01-29,11.564,13.188,11.564,12.81,14006900,179428389.0,,,,,
2021-02-01,12.81,13.121,11.92,11.92,15664500,186720840.0,,,,,
2021-02-02,11.876,12.454,11.431,12.365,11603300,143474804.5,,,,,
2021-02-03,12.676,13.21,12.454,13.21,14370500,189834305.0,,,,,
2021-02-04,13.21,13.61,12.988,13.21,12070400,159449984.0,,,,,
2021-02-05,13.254,14.011,13.232,14.011,12415200,173949367.2,,,,,
2021-02-08,14.144,14.567,13.165,13.61,21430000,291662300.0,,,,,
2021-02-09,13.699,14.188,13.165,14.122,15890800,224409877.6,,,,,
2021-02-17,14.455,14.945,14.322,14.922,11244000,167782968.0,,,,,
2021-02-18,14.9,15.011,14.567,14.811,14644800,216904132.8,,,,,
2021-02-19,14.544,14.945,14.544,14.744,11921100,175764698.4,,,,,
2021-02-22,14.744,15.011,14.544,14.611,13412000,195962732.0,,,,,
2021-02-23,14.656,15.1,14.522,14.945,15568700,232674221.5,,,,,
2021-02-24,15.256,15.323,14.678,14.878,14635500,217746969.0,,,,,
2021-02-25,14.989,15.011,14.633,14.878,11141000,165755798.0,,,,,
2021-02-26,14.544,14.856,14.5,14.767,13946600,205949442.2,,,,,
2021-03-01,14.945,15.612,14.811,15.567,19294900,300363708.3,,,,,
2021-03-02,15.79,15.79,15.412,15.59,12530900,195356731.0,,,,,
2021-03-03,15.456,15.612,15.389,15.501,9827100,152329877.1,,,,,
2021-03-04,15.545,15.545,14.678,14.878,15631000,232558018.0,,,,,
2021-03-05,14.678,14.878,14.455,14.878,14142300,210409139.4,,,,,
2021-03-08,15.189,15.323,14.833,14.922,10821800,161482899.6,,,,,
2021-03-09,14.811,14.922,14.567,14.7,10483300,154104510.0,,,,,
2021-03-10,14.589,14.789,14.366,14.722,10935600,160993903.2,,,,,
2021-03-11,14.945,15.256,14.811,15.1,10817400,163342740.0,,,,,
2021-03-12,15.1,15.167,14.856,14.9,6189600,92225040.0,,,,,
2021-03-15,14.9,14.989,14.767,14.767,7094400,104763004.8,,,,,
2021-03-16,14.767,14.767,14.411,14.544,12975900,188721489.6,,,,,
2021-03-17,14.433,14.633,14.389,14.5,7522500,109076250.0,,,,,
2021-03-18,14.767,14.9,14.678,14.811,7073300,104762646.3,,,,,
2021-03-19,14.722,15.123,14.722,14.811,11156300,165235959.3,,,,,
2021-03-22,14.945,15.011,14.767,14.856,7606900,113008106.4,,,,,
2021-03-23,14.856,14.856,14.478,14.633,8829200,129197683.6,,,,,
2021-03-24,14.366,14.567,13.788,13.922,13279700,184879983.4,,,,,
2021-03-25,14.011,14.122,13.655,13.699,13265200,181719974.8,,,,,
2021-03-26,13.633,13.833,13.077,13.744,10140300,139368283.2,,,,,
2021-03-29,13.922,13.988,13.788,13.966,5694300,79526593.8,,,,,
2021-03-30,14.188,14.188,13.877,14.144,7282100,102998022.4,,,,,
2021-03-31,14.1,14.3,14.077,14.122,7641900,107918911.8,,,,,
2021-04-01,14.144,15.1,14.122,15.1,21897600,330653760.0,,,,,
2021-04-02,15.523,15.545,15.145,15.256,13802300,210567888.8,,,,,
2021-04-05,15.567,15.79,15.3,15.567,18659500,290472436.5,,,,,
2021-04-06,15.345,15.701,15.345,15.567,15886800,247309815.6,,,,,
2021-04-07,15.567,15.79,15.478,15.723,13001600,204424156.8,,,,,
2021-04-08,15.879,15.879,15.545,15.656,10999100,172201909.6,,,,,
2021-04-09,15.612,15.879,15.567,15.679,11376200,178367439.8,,,,,
2021-04-12,15.834,16.39,15.656,16.234,16962300,275365978.20000005,,,,,
2021-04-13,16.412,16.412,15.634,15.834,17662700,279671191.8,,,,,
2021-04-14,15.656,16.101,15.567,15.99,16502500,263874975.0,,,,,
2021-04-15,15.99,15.99,15.434,15.501,18715900,290115165.9,,,,,
2021-04-16,15.412,15.59,14.811,15.123,18210800,275401928.4,,,,,
2021-04-19,15.345,15.478,15.034,15.478,11875700,183812084.6,,,,,
2021-04-20,15.79,15.812,15.078,15.167,14901200,226006500.4,,,,,
2021-04-22,14.945,15.123,14.122,14.122,14783000,208765526.0,,,,,
2021-04-23,14.233,14.678,14.033,14.678,14676900,215427538.2,,,,,
2021-04-26,14.678,14.722,14.055,14.1,9931300,140031330.0,,,,,
2021-04-27,14.1,14.233,13.855,14.144,5350000,75670400.0,,,,,
2021-04-28,14.144,14.478,14.1,14.277,8752800,124963725.6,,,,,
2021-04-29,14.277,14.678,14.277,14.5,9170100,132966450.0,,,,,
2021-05-04,14.144,14.633,14.055,14.633,9998200,146303660.6,,,,,
2021-05-05,14.722,15.211,14.656,14.945,12386200,185111759.0,,,,,
2021-05-06,14.9,15.1,14.567,14.611,10716100,156572937.1,,,,,
2021-05-07,14.455,14.9,14.411,14.544,9370400,136283097.6,,,,,
2021-05-10,14.455,15.523,14.366,15.434,22718700,350640415.8,,,,,
2021-05-11,15.567,15.701,15.211,15.211,16042700,244025509.7,,,,,
2021-05-12,15.123,15.501,15.123,15.478,10131500,156815357.0,,,,,
2021-05-13,15.3,16.079,15.3,15.59,20974300,326989337.0,,,,,
2021-05-14,15.723,15.968,15.59,15.701,13050200,204901190.2,,,,,
2021-05-17,16.012,16.146,15.701,15.767,16948500,267226999.5,,,,,
2021-05-18,15.745,15.968,15.523,15.679,11559500,181241400.5,,,,,
2021-05-19,15.679,16.101,15.567,16.012,16376200,262215714.4,,,,,
2021-05-20,16.079,17.124,16.012,17.124,28128900,481679283.6,,,,,
2021-05-21,17.346,17.925,17.124,17.346,15936600,276436263.6,,,,,
2021-05-24,17.435,17.724,17.169,17.702,16564900,293231859.8,,,,,
2021-05-25,17.702,18.236,17.569,18.192,14778500,268850472.0,,,,,
2021-05-26,18.147,18.547,18.014,18.214,13254600,241419284.4,,,,,
2021-05-27,18.214,18.28,17.346,17.613,16156700,284567957.1,,,,,
2021-05-28,17.747,18.636,17.569,18.592,17028000,316584576.0,,,,,
2021-05-31,18.859,19.793,18.681,19.748,12192900,240785389.2,,,,,
2021-06-01,20.015,20.149,19.259,19.437,12399700,241012968.9,,,,,
2021-06-02,19.126,20.46,19.126,20.46,16616900,339981774.0,,,,,
2021-06-03,21.216,21.883,20.905,21.75,14693000,319572750.0,,,,,
2021-06-04,21.705,22.239,21.349,21.683,15977800,346446637.4,,,,,
2021-06-07,21.438,21.928,20.237,20.971,23994300,503184465.3,,,,,
2021-06-08,20.905,21.305,19.57,19.57,19617700,383918389.0,,,,,
2021-06-09,19.837,20.927,19.126,20.771,21306400,442555234.4,,,,,
2021-06-10,20.771,21.238,20.682,20.905,14900900,311503314.5,,,,,
2021-06-11,20.682,22.328,20.638,22.283,22212500,494961137.5,,,,,
2021-06-14,22.461,23.84,22.239,23.573,18579800,437981625.4,,,,,
2021-06-15,23.574,24.254,23.347,23.574,14842900,349906524.6,,,,,
2021-06-16,23.03,23.438,22.191,22.395,22090600,494718987.0,,,,,
2021-06-17,21.806,23.302,21.806,22.894,10762100,246387517.4,,,,,
2021-06-18,23.347,23.347,22.713,22.894,7798000,178527412.0,,,,,
2021-06-21,22.713,22.894,22.169,22.214,12541700,278601323.8,,,,,
2021-06-22,22.622,22.622,22.259,22.441,9039100,202846443.1,,,,,
2021-06-23,22.441,23.03,22.305,22.622,9637700,218024049.4,,,,,
2021-06-24,22.667,22.894,22.531,22.758,7398300,168370511.4,,,,,
2021-06-25,22.894,24.345,22.849,24.345,23685000,576611325.0,,,,,
2021-06-28,24.843,24.843,24.118,24.435,9639500,235541182.5,,,,,
2021-06-29,24.435,25.297,24.299,24.753,10429100,258151512.3,,,,,
2021-06-30,24.526,25.07,24.481,24.934,11623300,289815362.2,,,,,
2021-07-01,25.388,26.385,25.116,26.068,13724500,357770266.0,,,,,
2021-07-02,26.249,26.748,25.841,26.249,12668600,332538081.4,,,,,
2021-07-05,25.977,26.113,24.843,25.614,18789800,481281937.2,,,,,
2021-07-06,25.614,26.204,23.846,23.846,16593800,395695754.8,,,,,
2021-07-07,24.027,24.707,22.894,24.707,18452600,455908388.2,,,,,
2021-07-08,24.843,25.161,24.254,24.662,10311700,254307145.4,,,,,
2021-07-09,24.345,24.934,23.619,23.846,13645400,325388208.4,,,,,
2021-07-12,23.347,23.801,22.191,22.441,23911200,536591239.2,,,,,
2021-07-13,22.849,23.483,22.327,23.483,12467000,292762561.0,,,,,
2021-07-14,23.483,23.619,22.237,23.121,12030700,278161814.7,,,,,
2021-07-15,22.667,24.345,22.667,24.345,13611900,331381705.5,,,,,
2021-07-16,24.345,24.435,23.891,23.937,10805600,258653647.2,,,,,
2021-07-19,23.121,23.483,22.35,22.35,16575100,370453485.0,,,,,
2021-07-20,22.713,23.891,22.123,23.891,15305500,365663700.5,,,,,
2021-07-21,23.846,24.027,23.302,23.347,9507600,221973937.2,,,,,
2021-07-22,23.211,24.027,23.166,23.665,10004900,236765958.5,,,,,
2021-07-23,23.483,23.755,22.939,22.939,12283900,281780382.1,,,,,
2021-07-26,22.939,23.393,22.667,23.03,9710400,223630512.0,,,,,
2021-07-27,23.483,24.209,23.393,23.574,14778900,348397788.6,,,,,
2021-07-28,23.529,24.027,23.483,23.755,7034200,167097421.0,,,,,
2021-07-29,24.027,24.481,23.891,24.481,12969400,317503881.40000004,,,,,
2021-07-30,24.481,24.934,24.299,24.753,15168400,375463405.2,,,,,
2021-08-02,24.526,25.206,24.481,24.934,15405800,384128217.2,,,,,
2021-08-03,24.843,25.614,24.707,25.614,18144400,464750661.6,,,,,
2021-08-04,25.977,25.977,25.478,25.75,11942000,307506500.0,,,,,
2021-08-05,25.524,26.204,25.433,26.068,12213800,318389338.40000004,,,,,
2021-08-06,25.932,26.158,25.569,25.569,16432800,420170263.2,,,,,
2021-08-09,25.433,27.292,25.433,26.884,22821200,613525140.8,,,,,
2021-08-10,27.292,27.337,26.748,26.929,12566600,338405971.4,,,,,
2021-08-11,27.065,27.11,26.158,26.158,17689000,462708862.0,,,,,
2021-08-12,26.022,26.702,26.022,26.158,13641400,356831741.2,,,,,
2021-08-13,26.294,27.065,26.158,26.748,21481600,574589836.8000001,,,,,
2021-08-16,27.79,28.334,27.609,28.153,16930200,476635920.6,,,,,
2021-08-17,28.017,28.198,27.564,27.79,12968000,360380720.0,,,,,
2021-08-18,27.609,28.334,27.292,27.292,17610600,480628495.2000001,,,,,
2021-08-19,27.609,28.516,27.564,28.425,15710800,446579490.0,,,,,
2021-08-20,28.425,28.788,27.518,28.334,26611200,754001740.8,,,,,
2021-08-23,28.334,28.742,28.017,28.742,14406400,414068748.8,,,,,
2021-08-24,28.561,28.833,27.065,27.745,23297300,646383588.5,,,,,
2021-08-25,27.745,28.108,27.382,28.108,11074200,311273613.6,,,,,
2021-08-26,28.108,28.244,27.065,27.7,12231000,338798700.0,,,,,
2021-08-27,27.292,27.836,27.11,27.745,10605600,294252372.0,,,,,
2021-08-30,27.926,28.334,27.518,28.289,12314000,348350746.0,,,,,
2021-08-31,28.516,28.652,27.654,28.017,9650100,270366851.7,,,,,
2021-09-01,27.79,28.108,27.609,27.745,9400800,260825196.0,,,,,
2021-09-06,27.836,27.972,27.201,27.201,17069400,464304749.4,,,,,
2021-09-07,27.428,27.836,27.11,27.382,24553700,672329413.4,,,,,
2021-09-08,29.281,29.281,29.149,29.281,14560700,426351856.7,,,,,
2021-09-09,29.381,29.976,28.951,29.083,20144300,585856676.9,,,,,
2021-09-10,29.116,29.314,28.851,28.984,10409900,301720541.6,,,,,
2021-09-13,28.984,28.984,28.256,28.851,12043700,347472788.7,,,,,
2021-09-14,28.52,28.653,28.123,28.123,8359100,235082969.3,,,,,
2021-09-15,27.792,28.553,27.726,28.388,7744800,219859382.4,,,,,
2021-09-16,28.487,28.587,28.024,28.123,4853700,136500605.1,,,,,
2021-09-17,28.156,29.083,27.991,28.454,14047100,399696183.4,,,,,
2021-09-20,28.917,28.951,28.289,28.322,7586000,214850692.0,,,,,
2021-09-21,28.123,28.256,27.66,27.859,9068100,252628197.9,,,,,
2021-09-22,28.024,28.057,27.561,27.66,6579500,181988970.0,,,,,
2021-09-23,27.792,28.256,27.66,27.726,5774900,160114877.4,,,,,
2021-09-24,27.792,27.991,27.627,27.66,5155100,142590066.0,,,,,
2021-09-27,27.66,27.759,26.469,26.469,10914300,288890606.7,,,,,
2021-09-28,26.469,27.065,26.337,26.866,6877900,184781661.4,,,,,
2021-09-29,26.8,26.833,26.337,26.535,5520900,146497081.5,,,,,
2021-09-30,26.668,26.932,26.535,26.899,4365600,117430274.4,,,,,
2021-10-01,26.601,26.734,25.94,25.94,10729800,278331012.0,,,,,
2021-10-04,25.807,25.873,25.046,25.543,10207600,260732726.8,,,,,
2021-10-05,26.105,26.932,25.94,26.734,9677500,258718285.00000003,,,,,
2021-10-06,26.932,26.965,26.403,26.436,7264600,192046965.6,,,,,
2021-10-07,26.469,27.098,26.304,26.932,8504400,229040500.8,,,,,
2021-10-08,26.932,27.263,26.8,27.032,6802700,183890586.4,,,,,
2021-10-11,27.131,27.726,27.131,27.726,8232600,228257067.6,,,,,
2021-10-12,27.726,27.892,27.395,27.395,7551900,206884300.5,,,,,
2021-10-13,27.395,27.627,27.131,27.131,7219600,195874967.6,,,,,
2021-10-14,27.131,27.528,26.899,27.131,10561900,286554908.9,,,,,
2021-10-15,27.263,27.395,26.932,26.965,6386300,172206579.5,,,,,
2021-10-18,26.965,27.528,26.634,27.032,11323100,306086039.2,,,,,
2021-10-19,27.131,27.594,26.998,27.065,8862700,239868975.5,,,,,
2021-10-20,27.065,27.098,26.403,26.668,13477800,359425970.4,,,,,
2021-10-21,26.734,26.767,26.271,26.271,10218000,268437078.0,,,,,
2021-10-22,26.271,26.436,25.84,25.94,11207400,290719956.0,,,,,
2021-10-25,25.807,25.873,25.212,25.344,15456100,391719398.4,,,,,
2021-10-26,25.344,25.708,25.146,25.675,8808900,226168507.5,,,,,
2021-10-27,25.807,26.8,25.741,26.734,12399100,331477539.40000004,,,,,
2021-10-28,26.8,27.395,26.634,26.998,12968500,350123563.0,,,,,
2021-10-29,27.032,27.131,26.601,26.8,11708600,313790480.0,,,,,
2021-11-01,26.866,27.66,26.8,27.395,23755600,650784662.0,,,,,
2021-11-02,27.462,28.123,27.395,28.024,18597700,521181944.8,,,,,
2021-11-03,28.289,28.355,27.395,27.594,18570100,512423339.4,,,,,
2021-11-04,27.66,29.05,27.594,28.454,24896200,708396474.8000001,,,,,
2021-11-05,28.653,28.719,28.322,28.388,14206300,403288444.4,,,,,
2021-11-08,28.653,29.745,28.52,29.447,31640500,931717803.5,,,,,
2021-11-09,29.447,29.645,28.984,29.314,16144000,473245216.0,,,,,
2021-11-10,29.447,30.241,29.314,29.579,19738700,583851007.3000001,,,,,
2021-11-11,29.612,30.109,28.62,29.215,24636000,719740740.0,,,,,
2021-11-12,29.381,29.91,29.149,29.513,12313600,363411276.8,,,,,
2021-11-15,30.109,30.969,29.844,30.307,28456000,862415992.0,,,,,
2021-11-16,29.91,30.34,29.447,29.612,16351800,484209501.6,,,,,
2021-11-17,29.645,30.605,29.513,30.34,19988000,606435920.0,,,,,
2021-11-18,32.028,32.458,31.101,32.458,40958900,1329443976.2,,,,,
2021-11-19,33.086,33.616,30.241,32.094,31044500,996342183.0,,,,,
2021-11-22,32.094,33.02,31.697,32.16,20365200,654944831.9999999,,,,,
2021-11-23,31.961,34.41,31.697,34.41,37416800,1287512087.9999998,,,,,
2021-11-24,35.071,35.998,34.873,35.204,23397200,823675028.8000001,,,,,
2021-11-25,35.27,36.726,34.939,36.395,25420300,925171818.5,,,,,
2021-11-26,36.196,36.66,35.071,35.402,30833000,1091549866.0,,,,,
2021-11-29,34.741,36.66,34.741,36.593,29749300,1088616134.9,,,,,
2021-11-30,37.586,38.182,36.395,36.99,23961600,886339584.0,,,,,
2021-12-01,36.726,37.189,35.799,36.527,23255800,849464606.6,,,,,
2021-12-02,36.395,36.924,35.733,35.733,21243400,759090412.1999999,,,,,
2021-12-03,35.799,35.998,33.417,33.417,44930900,1501455885.3,,,,,
2021-12-06,33.483,34.608,32.425,33.748,31273800,1055428202.4,,,,,
2021-12-07,34.41,34.741,33.616,34.542,15874100,548323162.2,,,,,
2021-12-08,34.741,35.005,34.277,34.277,13008700,445899209.9,,,,,
2021-12-09,33.748,35.601,33.748,35.601,16383100,583254743.1,,,,,
2021-12-10,35.535,35.601,34.807,35.071,13984900,490464427.9,,,,,
2021-12-13,35.204,35.733,34.608,35.336,15527800,548690340.8,,,,,
2021-12-14,35.27,35.667,34.807,34.873,14532300,506784897.9,,,,,
2021-12-15,34.741,35.138,34.211,34.211,13911100,475912642.1,,,,,
2021-12-16,34.344,34.41,33.417,33.682,22318500,751731717.0,,,,,
2021-12-17,33.748,35.005,33.682,34.741,16143000,560823963.0,,,,,
2021-12-20,34.741,36.064,34.476,35.402,18584000,657910768.0,,,,,
2021-12-21,35.138,35.535,34.741,34.741,12291900,427032897.9,,,,,
2021-12-22,34.741,34.939,33.616,33.814,22770800,769971831.2,,,,,
2021-12-23,33.616,33.682,31.763,32.425,26281600,852180879.9999999,,,,,
2021-12-24,32.557,33.053,32.028,32.458,8847400,287168909.2,,,,,
2021-12-27,33.053,33.053,32.425,32.524,6529300,212358953.2,,,,,
2021-12-28,32.623,32.789,32.292,32.292,9860100,318402349.2,,,,,
2021-12-29,32.358,33.351,31.829,32.855,9809600,322294407.99999994,,,,,
2021-12-30,33.219,34.939,33.152,34.807,16605600,577991119.2,,,,,
2021-12-31,35.005,35.071,34.145,34.277,9609300,329377976.1,,,,,
2022-01-04,34.741,35.336,34.344,35.071,16445000,576742595.0,,,,,
2022-01-05,35.071,35.667,34.741,34.939,15701400,548591214.6,,,,,
2022-01-06,34.674,35.071,34.344,34.344,13248000,454989312.0,,,,,
2022-01-07,34.211,34.741,33.88,34.145,13974400,477155888.00000006,,,,,
2022-01-10,34.145,34.41,32.789,32.789,17471200,572863176.8000001,,,,,
2022-01-11,32.888,33.483,31.763,31.829,15601500,496580143.5,,,,,
2022-01-12,32.094,33.417,31.829,33.417,15464300,516770513.1,,,,,
2022-01-13,33.748,33.814,32.325,32.325,11392500,368262562.50000006,,,,,
2022-01-14,32.061,32.722,31.961,32.226,6678400,215218118.4,,,,,
2022-01-17,32.094,32.358,29.976,29.976,32346300,969612688.8,,,,,
2022-01-18,29.314,29.844,27.892,27.991,15992300,447640469.3,,,,,
2022-01-19,29.05,29.91,28.686,29.91,11085500,331567305.0,,,,,
2022-01-20,30.042,30.572,29.414,30.241,9055600,273850399.6,,,,,
2022-01-21,29.91,30.175,29.248,29.48,8527900,251402492.0,,,,,
2022-01-24,28.984,29.314,27.429,27.429,18790500,515404624.5,,,,,
2022-01-25,27.131,28.388,27.065,28.322,10236600,289920985.2,,,,,
2022-01-26,28.454,28.719,28.057,28.09,8416100,236408249.0,,,,,
2022-01-27,28.123,29.447,27.859,28.719,7544500,216670495.5,,,,,
2022-01-28,28.653,29.811,28.587,29.811,7793600,232335009.6,,,,,
2022-02-07,30.439,31.035,29.976,30.34,9690500,294009770.0,,,,,
2022-02-08,30.109,30.506,29.778,30.208,6658100,201127884.8,,,,,
2022-02-09,29.976,30.638,29.976,30.241,8230800,248907622.8,,,,,
2022-02-10,30.307,30.373,29.513,29.844,6996200,208794592.8,,,,,
2022-02-11,29.778,30.208,29.645,29.844,5557600,165861014.4,,,,,
2022-02-14,29.447,29.579,28.851,28.851,10485300,302511390.3,,,,,
2022-02-15,29.248,29.579,28.686,29.248,5733800,167702182.4,,,,,
2022-02-16,29.579,29.844,29.314,29.711,4864700,144535101.7,,,,,
2022-02-17,29.645,29.877,29.645,29.778,5870700,174817704.6,,,,,
2022-02-18,29.447,30.307,29.381,29.91,9386200,280741242.0,,,,,
2022-02-21,29.976,30.704,29.976,30.439,10975700,334089332.3,,,,,
2022-02-22,29.976,30.241,29.447,29.778,7703800,229403756.4,,,,,
2022-02-23,29.91,30.175,29.91,29.976,5632600,168842817.6,,,,,
2022-02-24,29.844,30.439,28.752,29.513,12752500,376364532.5,,,,,
2022-02-25,29.778,30.803,29.645,30.241,15679600,474166783.6,,,,,
2022-02-28,30.307,30.836,30.208,30.241,7527000,227624007.0,,,,,
2022-03-01,30.439,30.638,30.042,30.439,8804700,268006263.3,,,,,
2022-03-02,30.175,30.34,29.48,29.645,12606700,373725621.5,,,,,
2022-03-03,29.778,30.109,29.447,30.109,8443700,254231363.3,,,,,
2022-03-04,30.439,31.366,30.406,30.836,20515200,632606707.1999999,,,,,
2022-03-07,30.506,31.002,30.274,30.969,11608800,359512927.2,,,,,
2022-03-08,30.77,31.895,30.506,31.101,24333500,756796183.5,,,,,
2022-03-09,31.3,31.432,30.373,30.836,12310400,379603494.4,,,,,
2022-03-10,31.631,31.631,30.836,30.836,8503400,262210842.4,,,,,
2022-03-11,30.572,30.77,29.579,29.778,16762700,499159680.6,,,,,
2022-03-14,29.513,29.645,28.388,28.587,16641300,475724843.1,,,,,
2022-03-15,28.487,29.182,28.454,28.653,7812500,223851562.5,,,,,
2022-03-16,28.785,29.414,28.719,28.984,7098600,205745822.4,,,,,
2022-03-17,29.414,29.414,28.984,28.984,4717000,136717528.0,,,,,
2022-03-18,29.083,29.447,28.917,28.984,7818900,226622997.6,,,,,
2022-03-21,29.314,29.414,28.984,29.314,6957300,203946292.2,,,,,
2022-03-22,29.314,29.645,29.248,29.348,6005800,176258218.4,,,,,
2022-03-23,29.447,29.579,29.248,29.248,6329400,185122291.2,,,,,
2022-03-24,29.414,29.414,28.951,28.984,7095000,205641480.0,,,,,
2022-03-25,28.951,29.083,28.653,28.752,7927800,227940105.6,,,,,
2022-03-28,28.388,28.62,27.66,27.958,10391600,290528352.8,,,,,
2022-03-29,28.388,28.388,28.19,28.223,4100800,115736878.4,,,,,
2022-03-30,27.859,28.587,27.826,27.991,6997900,195878218.9,,,,,
2022-03-31,28.322,28.322,27.792,27.792,4239600,117826963.2,,,,,
2022-04-01,27.792,28.388,27.395,28.388,7804400,221551307.2,,,,,
2022-04-04,28.785,29.811,28.52,29.778,14810300,441021113.4,,,,,
2022-04-05,29.645,30.042,29.281,29.314,7217300,211567932.2,,,,,
2022-04-06,28.917,29.711,28.917,29.513,8151700,240581122.1,,,,,
2022-04-07,29.513,30.009,29.149,29.149,9640400,281008019.6,,,,,
2022-04-08,29.116,29.281,28.454,28.454,7310200,208004430.8,,,,,
2022-04-12,28.52,28.719,27.528,27.66,7028900,194419374.0,,,,,
2022-04-13,27.792,28.289,27.065,28.156,8424200,237191775.2,,,,,
2022-04-14,28.421,28.421,27.726,27.792,4295500,119380536.0,,,,,
2022-04-15,27.66,27.859,26.37,26.469,9691100,256513725.9,,,,,
2022-04-18,26.006,26.469,24.616,24.815,16501500,409484722.5,,,,,
2022-04-19,24.881,25.41,23.16,23.16,12058200,279267912.0,,,,,
2022-04-20,23.127,23.822,22.962,23.293,10151300,236454230.9,,,,,
2022-04-21,22.896,24.352,22.83,23.855,12545000,299260975.0,,,,,
2022-04-22,24.153,24.252,23.16,23.855,7077100,168824220.5,,,,,
2022-04-25,23.822,23.988,22.201,22.201,11146000,247452346.0,,,,,
2022-04-26,21.506,22.83,20.745,22.83,12730000,290625900.0,,,,,
2022-04-27,22.664,22.896,22.3,22.763,5114300,116416810.9,,,,,
2022-04-28,22.697,22.929,22.035,22.168,6207900,137616727.2,,,,,
2022-04-29,22.168,22.631,21.936,22.201,9311700,206729051.7,,,,,
2022-05-04,22.201,22.366,21.175,21.175,7448400,157719870.0,,,,,
2022-05-05,21.506,21.672,20.05,20.514,10130600,207819128.4,,,,,
2022-05-06,19.852,20.315,19.091,19.091,15138700,289012921.7,,,,,
2022-05-09,18.826,18.859,17.767,17.767,19409400,344846809.8,,,,,
2022-05-10,17.205,18.561,17.172,18.462,15410200,284503112.4,,,,,
2022-05-11,18.561,18.594,18.098,18.33,6152600,112777158.0,,,,,
2022-05-12,18.032,18.231,17.073,17.073,15874500,271025338.5,,,,,
2022-05-13,17.205,17.602,16.576,17.073,25052800,427726454.4,,,,,
2022-05-16,18.131,18.264,17.999,18.065,18681800,337486717.0,,,,,
2022-05-17,17.867,19.289,17.8,19.289,19673100,379474425.9,,,,,
2022-05-18,19.322,19.819,18.925,18.958,24752200,469252207.6,,,,,
2022-05-19,18.264,19.19,18.264,18.859,19089300,360005108.70000005,,,,,
2022-05-20,19.058,19.521,18.793,18.826,16547700,311527000.2,,,,,
2022-05-23,18.859,18.958,17.536,17.536,30832900,540685734.4000001,,,,,
2022-05-24,17.47,18.594,16.642,18.594,21835700,406013005.8,,,,,
2022-05-25,18.594,19.389,18.528,19.058,17343300,330528611.4,,,,,
2022-05-26,19.124,19.984,19.058,19.488,29090600,566917612.8,,,,,
2022-05-27,19.389,20.15,19.355,19.786,21093000,417346098.0,,,,,
2022-05-30,19.885,20.315,19.521,19.786,14626400,289397950.40000004,,,,,
2022-05-31,19.455,19.885,19.19,19.62,18324500,359526690.0,,,,,
2022-06-01,19.521,19.786,18.992,19.554,14547600,284463770.4,,,,,
2022-06-02,19.587,19.984,19.058,19.19,19231800,369058242.0,,,,,
2022-06-03,19.058,19.653,19.058,19.355,17260500,334076977.5,,,,,
2022-06-06,19.554,19.786,19.058,19.19,13164700,252630593.00000003,,,,,
2022-06-07,18.992,19.157,18.032,18.661,18575400,346635539.40000004,,,,,
2022-06-08,18.859,19.686,18.661,19.389,15160100,293939178.9,,,,,
2022-06-09,19.422,19.587,19.091,19.19,7971900,152980761.0,,,,,
2022-06-10,18.925,19.19,18.429,18.429,15662200,288638683.79999995,,,,,
2022-06-13,17.536,17.867,17.172,17.172,20886700,358666412.40000004,,,,,
2022-06-14,16.808,17.006,15.981,16.113,18121100,291985284.3,,,,,
2022-06-15,16.212,16.378,14.988,14.988,19494300,292180568.4,,,,,
2022-06-16,15.484,15.484,14.525,14.657,13558700,198729865.9,,,,,
2022-06-17,13.797,14.227,13.632,13.632,20938200,285429542.4,,,,,
2022-06-20,13.665,14.095,12.705,12.705,18264500,232050472.5,,,,,
2022-06-21,12.143,13.168,11.944,12.11,24985100,302569561.0,,,,,
2022-06-22,12.965,12.965,12.818,12.965,11892500,154186262.5,,,,,
2022-06-23,13.185,13.551,13.111,13.551,13697300,185612112.3,,,,,
2022-06-24,13.478,13.99,13.441,13.624,11929000,162520696.0,,,,,
2022-06-27,13.734,14.54,13.624,14.54,13895600,202042024.0,,,,,
2022-06-28,14.576,14.613,14.247,14.357,13211000,189670327.0,,,,,
2022-06-29,14.137,14.796,14.064,14.467,14242800,206050587.6,,,,,
2022-06-30,14.43,14.54,13.771,13.771,13242100,182356959.1,,,,,
2022-07-01,13.661,14.503,13.148,14.43,15527500,224061825.0,,,,,
2022-07-04,14.686,15.089,14.613,14.796,19712000,291658752.0,,,,,
2022-07-05,14.76,14.906,14.43,14.43,14220100,205196043.0,,,,,
2022-07-06,14.064,14.503,13.844,13.917,15164800,211048521.6,,,,,
2022-07-07,13.771,14.064,13.661,13.99,9823100,137425169.0,,,,,
2022-07-08,14.137,14.943,14.137,14.943,30285700,452559215.1,,,,,
2022-07-11,14.979,15.492,14.576,15.126,26063700,394239526.2,,,,,
2022-07-12,15.053,15.492,14.943,15.309,11926200,182578195.8,,,,,
2022-07-13,15.309,15.455,14.869,15.162,17839400,270480982.8,,,,,
2022-07-14,15.016,16.078,14.906,15.748,23495100,370000834.8,,,,,
2022-07-15,15.822,15.932,15.455,15.455,16577600,256206808.0,,,,,
2022-07-18,15.602,15.675,15.162,15.309,18016400,275813067.6,,,,,
2022-07-19,15.126,15.309,14.723,15.126,19867100,300509754.6,,,,,
2022-07-20,15.382,15.822,15.309,15.602,22292300,347804464.6,,,,,
2022-07-21,15.529,15.822,15.455,15.602,15960000,249007920.0,,,,,
2022-07-22,15.602,15.748,15.309,15.309,17909200,274171942.8,,,,,
2022-07-25,15.162,15.419,14.869,14.979,18310100,274266987.9,,,,,
2022-07-26,15.053,15.162,14.723,14.833,16457400,244112614.2,,,,,
2022-07-27,14.65,14.943,14.503,14.943,17804700,266055632.1,,,,,
2022-07-28,15.309,15.639,15.162,15.492,19481100,301801201.2,,,,,
2022-07-29,15.602,15.858,15.419,15.639,20792200,325169215.8,,,,,
2022-08-01,15.639,16.701,15.639,16.701,29169900,487166499.9,,,,,
2022-08-02,16.847,17.323,16.774,16.994,35526300,603733942.2,,,,,
2022-08-03,16.774,17.36,16.737,17.25,22269900,384155775.0,,,,,
2022-08-04,17.433,17.506,16.847,17.25,20941700,361244325.0,,,,,
2022-08-05,17.103,18.385,17.03,18.166,28994000,526705004.0,,,,,
2022-08-08,18.422,18.568,17.836,18.056,21251600,383718889.6,,,,,
2022-08-09,18.092,18.275,17.836,18.166,14949200,271567167.2,,,,,
2022-08-10,17.982,18.312,17.909,17.982,14584500,262258479.0,,,,,
2022-08-11,18.202,18.459,17.433,17.873,28045800,501262583.4,,,,,
2022-08-12,17.836,18.239,17.616,18.239,17178600,313320485.40000004,,,,,
2022-08-15,18.422,18.532,18.019,18.129,14575600,264241052.4,,,,,
2022-08-16,18.129,18.312,17.909,18.019,11764700,211988129.3,,,,,
2022-08-17,18.166,18.422,17.946,17.982,21210600,381409009.2,,,,,
2022-08-18,17.799,18.678,17.799,18.385,28626400,526296364.00000006,,,,,
2022-08-19,18.385,18.642,18.239,18.422,15752800,290198081.6,,,,,
2022-08-22,18.422,18.568,18.019,18.092,16747900,303003006.79999995,,,,,
2022-08-23,17.799,18.605,17.433,18.605,32424700,603261543.5,,,,,
2022-08-24,18.788,18.825,18.422,18.495,13465300,249040723.5,,,,,
2022-08-25,18.568,19.045,18.568,18.678,14782800,276113138.40000004,,,,,
2022-08-26,18.678,18.788,18.166,18.166,23266700,422662872.2,,,,,
2022-08-29,17.726,17.873,17.25,17.873,28608300,511316145.9,,,,,
2022-08-30,18.056,18.166,17.506,17.543,12094600,212175567.8,,,,,
2022-08-31,17.36,17.726,17.36,17.58,10846400,190679712.0,,,,,
2022-09-05,17.653,17.799,17.36,17.36,10158000,176342880.0,,,,,
2022-09-06,17.47,17.689,17.213,17.396,11026900,191823952.4,,,,,
2022-09-07,17.36,17.543,16.518,16.518,23212800,383429030.4,,,,,
2022-09-08,16.811,16.847,16.151,16.151,15977000,258044527.0,,,,,
2022-09-09,16.115,16.261,15.602,16.261,33441100,543785727.1,,,,,
2022-09-12,16.481,16.481,16.005,16.005,11998300,192032791.5,,,,,
2022-09-13,16.005,16.151,15.529,15.858,18972100,300859561.8,,,,,
2022-09-14,15.382,16.225,15.382,16.078,25849700,415611476.6,,,,,
2022-09-15,16.188,16.188,15.822,15.858,9452700,149900916.6,,,,,
2022-09-16,15.748,15.895,15.419,15.492,19466700,301578116.40000004,,,,,
2022-09-19,15.492,15.492,14.576,14.576,22693700,330783371.2,,,,,
2022-09-20,14.796,15.199,14.576,15.162,14145700,214477103.4,,,,,
2022-09-21,15.016,15.236,14.906,15.053,8382000,126174246.0,,,,,
2022-09-22,14.869,15.529,14.796,15.455,17206400,265924912.0,,,,,
2022-09-23,15.382,15.602,15.053,15.126,10814000,163572564.0,,,,,
2022-09-26,14.686,14.869,14.1,14.283,22906700,327176396.1,,,,,
2022-09-27,14.43,14.65,14.283,14.32,10953800,156858416.0,,,,,
2022-09-28,14.21,14.686,14.21,14.467,14119800,204271146.6,,,,,
2022-09-29,14.796,14.796,14.137,14.137,11341000,160327717.0,,,,,
2022-09-30,14.027,14.503,13.404,14.503,20628400,299173685.2,,,,,
2022-10-03,14.357,14.393,13.514,13.514,15843300,214106356.2,,,,,
2022-10-04,13.844,13.99,12.892,13.038,15613300,203566205.4,,,,,
2022-10-05,13.441,13.771,13.331,13.661,13616200,186010908.2,,,,,
2022-10-06,13.661,13.661,12.745,12.745,12072300,153861463.5,,,,,
2022-10-07,12.489,12.525,11.866,12.306,24130800,296953624.79999995,,,,,
2022-10-10,12.269,12.965,12.123,12.745,17618200,224543959.0,,,,,
2022-10-11,12.489,12.745,11.866,11.866,16403900,194648677.4,,,,,
2022-10-12,12.013,12.672,11.903,12.635,18582200,234786097.0,,,,,
2022-10-13,12.635,12.965,12.452,12.818,12486200,160048111.6,,,,,
2022-10-14,13.185,13.478,13.038,13.111,22036600,288921862.6,,,,,
2022-10-17,12.892,13.185,12.635,13.185,13716400,180850734.0,,,,,
2022-10-18,13.478,13.551,12.965,13.038,18797300,245079197.4,,,,,
2022-10-19,13.111,13.185,12.818,12.928,12345400,159601331.20000002,,,,,
2022-10-20,12.818,13.075,12.635,12.745,11211900,142895665.5,,,,,
2022-10-21,12.745,12.782,11.866,11.866,28076400,333154562.4,,,,,
2022-10-24,11.939,12.013,11.061,11.061,23354200,258320806.2,,,,,
2022-10-25,11.061,11.756,10.475,11.024,22999400,253545385.6,,,,,
2022-10-26,11.207,11.427,10.768,10.877,9014400,98049628.8,,,,,
2022-10-27,11.061,11.61,10.987,11.61,21710300,252056583.0,,,,,
2022-10-28,11.866,12.013,11.61,11.646,16262500,189393075.0,,,,,
2022-10-31,11.646,12.013,11.134,11.939,20501900,244772184.1,,,,,
2022-11-01,12.159,12.489,11.939,12.416,22328100,277225689.6,,,,,
2022-11-02,12.416,12.489,12.086,12.086,15911800,192310014.8,,,,,
2022-11-03,11.866,12.306,11.83,12.086,11302200,136598389.20000002,,,,,
2022-11-04,11.903,11.939,11.244,11.244,25310800,284594635.2,,,,,
2022-11-07,11.17,11.354,10.475,10.475,21167600,221730610.0,,,,,
2022-11-08,10.108,11.097,10.108,10.987,16380300,179970356.1,,,,,
2022-11-09,11.097,11.427,10.914,10.914,8615900,94033932.6,,,,,
2022-11-10,10.768,10.841,10.182,10.182,18406100,187410910.2,,,,,
2022-11-11,10.475,10.694,10.108,10.328,19859900,205113047.2,,,,,
2022-11-14,10.108,10.621,9.669,10.438,20560100,214606323.8,,,,,
2022-11-15,10.255,10.438,9.742,10.182,24236100,246771970.2,,,,,
2022-11-16,9.596,10.877,9.559,10.877,26998600,293663772.20000005,,,,,
2022-11-17,11.097,11.61,11.061,11.573,23384900,270633447.7,,,,,
2022-11-18,11.537,12.159,11.244,11.903,34596600,411803329.8,,,,,
2022-11-21,12.049,12.086,11.683,11.793,12527900,147741524.7,,,,,
2022-11-22,11.646,12.452,11.646,11.976,29655000,355148280.0,,,,,
2022-11-23,11.866,12.049,11.573,11.573,13126800,151916456.4,,,,,
2022-11-24,11.317,11.72,11.17,11.72,16226000,190168720.0,,,,,
2022-11-25,12.013,12.525,11.83,12.525,22569200,282679230.0,,,,,
2022-11-28,12.818,13.368,12.818,13.368,32638900,436316815.2,,,,,
2022-11-29,13.551,14.027,13.185,13.881,32279800,448075903.8,,,,,
2022-11-30,13.697,14.21,13.514,14.1,29645300,417998730.0,,,,,
2022-12-01,14.283,14.393,13.331,13.331,37109400,494705411.4,,,,,
2022-12-02,13.258,14.247,13.258,14.247,29326500,417814645.5,,,,,
2022-12-05,14.869,15.236,14.503,15.236,35813500,545654486.0,,,,,
2022-12-06,14.943,15.346,14.32,14.32,41336800,591942976.0,,,,,
2022-12-07,14.32,14.613,13.844,14.1,21179900,298636590.0,,,,,
2022-12-08,14.467,15.053,14.32,15.053,34618000,521104754.0,,,,,
2022-12-09,15.162,15.236,14.576,14.833,18581200,275614939.6,,,,,
2022-12-12,14.943,15.199,13.99,14.027,26511100,371871199.7,,,,,
2022-12-13,14.027,14.943,13.807,14.943,25352700,378845396.1,,,,,
2022-12-14,15.382,15.382,14.723,14.723,20741200,305372687.6,,,,,
2022-12-15,14.723,14.906,14.613,14.833,15553300,230702098.9,,,,,
2022-12-16,14.65,15.089,14.65,15.016,21449000,322078184.0,,,,,
2022-12-19,15.016,16.005,14.906,15.016,41725400,626548606.4,,,,,
2022-12-20,15.016,15.199,14.174,14.503,26808800,388808026.4,,,,,
2022-12-21,14.796,14.796,13.514,14.137,26446400,373872756.8,,,,,
2022-12-22,14.283,14.32,13.624,13.99,13108700,183390713.0,,,,,
2022-12-23,13.917,13.99,13.368,13.404,11363200,152312332.8,,,,,
2022-12-26,13.331,13.404,12.489,12.489,18630300,232673816.7,,,,,
2022-12-27,12.452,13.331,12.452,13.331,14748000,196605588.0,,,,,
2022-12-28,13.514,13.514,13.038,13.295,10979500,145972452.5,,,,,
2022-12-29,13.185,13.368,12.892,12.892,8747600,112774059.2,,,,,
2022-12-30,13.002,13.258,12.892,12.965,6422100,83262526.5,,,,,
2023-01-03,13.038,13.844,13.038,13.844,18046200,249831592.8,,,,,
2023-01-04,14.064,14.283,13.881,13.917,10680500,148640518.5,,,,,
2023-01-05,14.027,14.174,13.697,14.137,13309500,188156401.5,,,,,
2023-01-06,14.137,14.357,13.844,13.844,13143700,181961382.8,,,,,
2023-01-09,13.99,14.174,13.807,13.917,9711500,135154945.5,,,,,
2023-01-10,13.917,14.1,13.514,13.844,11623700,160918502.79999998,,,,,
2023-01-11,13.954,14.467,13.954,14.137,13973900,197549024.3,,,,,
2023-01-12,14.174,14.283,13.99,14.137,6542800,92495563.6,,,,,
2023-01-13,14.283,14.54,13.99,14.064,14327200,201497740.8,,,,,
2023-01-16,14.137,14.283,13.99,14.21,7329600,104153616.0,,,,,
2023-01-17,14.357,14.943,14.283,14.943,21992300,328630938.9,,,,,
2023-01-18,15.016,15.382,14.869,15.053,19367400,291537472.2,,,,,
2023-01-19,14.979,15.565,14.943,15.529,26454500,410811930.5,,,,,
2023-01-27,15.748,15.822,15.272,15.346,19460600,298642367.6,,,,,
2023-01-30,15.346,15.895,15.162,15.382,19239700,295945065.4,,,,,
2023-01-31,15.492,15.858,15.272,15.822,17924900,283607767.8,,,,,
2023-02-01,15.895,16.005,14.723,14.76,26556600,391975416.0,,,,,
2023-02-02,14.869,14.943,14.576,14.76,11997700,177086052.0,,,,,
2023-02-03,14.723,14.869,14.357,14.467,13217100,191211785.7,,,,,
2023-02-06,14.357,14.65,14.21,14.65,11552300,169241195.0,,,,,
2023-02-07,14.723,14.906,13.954,13.954,17388300,242636338.2,,,,,
2023-02-08,14.21,14.43,13.697,14.283,12539800,179105963.4,,,,,
2023-02-09,14.247,14.467,14.137,14.174,7434300,105373768.2,,,,,
2023-02-10,14.174,14.357,13.807,13.917,9538000,132740346.0,,,,,
2023-02-13,13.881,13.917,13.295,13.551,11360100,153940715.1,,,,,
2023-02-14,13.734,13.844,13.551,13.844,6180800,85566995.2,,,,,
2023-02-15,13.844,14.174,13.771,13.99,10344500,144719555.0,,,,,
2023-02-16,14.137,14.283,14.027,14.283,9828100,140374752.29999998,,,,,
2023-02-17,14.247,14.393,14.064,14.247,8056100,114775256.7,,,,,
2023-02-20,14.247,15.199,14.21,15.199,23655300,359536904.7,,,,,
2023-02-21,15.236,15.346,14.979,14.979,14060300,210609233.7,,,,,
2023-02-22,14.796,14.943,14.137,14.137,24069100,340264866.7,,,,,
2023-02-23,14.137,14.43,13.771,14.43,17946400,258966552.0,,,,,
2023-02-24,14.467,14.467,13.917,13.917,7726100,107524133.7,,,,,
2023-02-27,13.771,13.844,13.368,13.368,14834700,198310269.6,,,,,
2023-02-28,13.624,13.734,13.331,13.368,11908000,159186144.0,,,,,
2023-03-01,13.404,13.917,13.295,13.881,11380400,157971332.4,,,,,
2023-03-02,13.917,13.99,13.661,13.661,5341200,72966133.2,,,,,
2023-03-03,13.807,13.807,13.514,13.514,7382600,99768456.4,,,,,
2023-03-06,13.807,14.064,13.734,13.734,10340100,142010933.4,,,,,
2023-03-07,13.917,14.283,13.771,14.21,16202800,230241788.0,,,,,
2023-03-08,13.99,14.503,13.917,14.503,14656100,212557418.3,,,,,
2023-03-09,14.503,14.723,14.467,14.503,17709900,256846679.7,,,,,
2023-03-10,14.32,14.54,14.247,14.503,13374000,193963122.0,,,,,
2023-03-13,14.32,14.613,14.064,14.393,20540900,295645173.7,,,,,
2023-03-14,14.393,14.43,13.917,13.954,15079900,210424924.6,,,,,
2023-03-15,14.393,14.906,14.283,14.906,28458900,424208363.4,,,,,
2023-03-16,14.796,15.126,14.76,14.76,19590700,289158732.0,,,,,
2023-03-17,14.943,15.016,14.686,14.869,19301900,286999951.1,,,,,
2023-03-20,14.796,14.833,14.283,14.283,18548100,264922512.3,,,,,
2023-03-21,14.43,14.65,14.174,14.65,17547200,257066480.0,,,,,
2023-03-22,14.76,14.869,14.54,14.54,12303400,178891436.0,,,,,
2023-03-23,14.43,14.943,14.393,14.906,17493200,260753639.2,,,,,
2023-03-24,14.979,15.126,14.943,14.979,18614400,278825097.6,,,,,
2023-03-27,15.016,15.675,14.979,15.382,23493200,361372402.4,,,,,
2023-03-28,15.529,15.602,15.199,15.236,18885500,287739478.0,,,,,
2023-03-29,15.236,15.455,15.199,15.419,15837600,244199954.4,,,,,
2023-03-30,15.748,15.895,15.346,15.346,23213000,356226698.0,,,,,
2023-03-31,15.419,15.895,15.272,15.748,31980500,503628914.0,,,,,
2023-04-03,16.115,16.225,16.041,16.115,31835600,513030694.0,,,,,
2023-04-04,16.188,16.627,15.968,16.481,31003800,510973627.8000001,,,,,
2023-04-05,16.408,16.554,16.188,16.481,18373200,302808709.20000005,,,,,
2023-04-06,16.591,16.847,16.005,16.005,25225900,403740529.5,,,,,
2023-04-07,16.041,16.481,15.932,16.481,25286000,416738566.00000006,,,,,
2023-04-10,16.664,16.994,16.298,16.408,26255600,430801884.8,,,,,
2023-04-11,16.408,16.554,15.968,16.554,25248600,417965324.4,,,,,
2023-04-12,16.554,16.627,16.078,16.115,17022900,274324033.5,,,,,
2023-04-13,16.188,16.298,15.858,15.932,17746800,282742017.6,,,,,
2023-04-14,16.041,16.151,15.529,15.529,26940800,418363683.2,,,,,
2023-04-17,15.529,15.748,15.492,15.639,12903000,201790017.0,,,,,
2023-04-18,15.712,15.932,15.492,15.932,19091400,304164184.8,,,,,
2023-04-19,15.968,16.005,15.565,15.602,13629400,212645898.8,,,,,
2023-04-20,15.529,15.675,15.419,15.455,9547400,147555067.0,,,,,
2023-04-21,15.675,16.261,15.639,15.858,30661000,486222138.0,,,,,
2023-04-24,15.895,16.041,15.712,15.748,9652100,152001270.79999998,,,,,
2023-04-25,15.858,15.895,15.346,15.455,18712800,289206324.0,,,,,
2023-04-26,15.455,15.639,15.162,15.639,17553400,274517622.6,,,,,
2023-04-27,15.675,15.712,15.455,15.492,9135900,141533362.8,,,,,
2023-04-28,15.602,15.785,15.565,15.785,16660000,262978100.0,,,,,
2023-05-04,15.639,16.041,15.602,15.932,16515900,263131318.8,,,,,
2023-05-05,15.932,15.968,15.712,15.712,8503400,133605420.8,,,,,
2023-05-08,15.858,16.334,15.822,16.334,28566300,466601944.2,,,,,
2023-05-09,16.408,16.444,16.151,16.298,13213400,215351993.2,,,,,
2023-05-10,16.298,16.627,16.298,16.481,19035600,313725723.6,,,,,
2023-05-11,16.481,16.774,16.408,16.408,19755500,324148244.0,,,,,
2023-05-12,16.371,17.03,16.334,17.03,27507700,468456131.00000006,,,,,
2023-05-15,17.213,17.287,16.774,16.774,20845400,349660739.6,,,,,
2023-05-16,16.774,16.957,16.737,16.774,19670500,329952967.0,,,,,
2023-05-17,16.774,16.847,16.408,16.444,22648300,372428645.2,,,,,
2023-05-18,16.554,16.957,16.444,16.701,27097400,452553677.4,,,,,
2023-05-19,16.701,17.067,16.591,16.774,15667300,262803290.2,,,,,
2023-05-22,16.92,16.994,16.737,16.774,14775300,247840882.2,,,,,
2023-05-23,16.847,17.067,16.701,16.737,20307600,339888301.2,,,,,
2023-05-24,16.957,16.994,16.627,16.627,24777300,411972167.1,,,,,
2023-05-25,16.554,16.627,16.444,16.481,15722000,259114282.00000003,,,,,
2023-05-26,16.518,16.627,16.481,16.518,8272300,136641851.4,,,,,
2023-05-29,16.737,17.177,16.664,17.14,17596200,301598868.0,,,,,
2023-05-30,17.213,17.287,16.92,17.103,14844600,253887193.8,,,,,
2023-05-31,17.03,17.213,16.847,16.957,18626100,315842777.7,,,,,
2023-06-01,16.994,17.287,16.884,17.177,16361000,281032897.0,,,,,
2023-06-02,17.433,17.836,17.36,17.653,27301900,481960440.7,,,,,
2023-06-05,17.909,18.019,17.506,17.653,18890400,333472231.2,,,,,
2023-06-06,17.653,18.532,17.506,18.422,34323800,632313043.6,,,,,
2023-06-07,18.422,18.605,18.239,18.385,18172300,334097735.5,,,,,
2023-06-08,18.532,18.605,17.799,17.799,34755100,618606024.9,,,,,
2023-06-09,17.946,18.495,17.763,18.495,22956500,424580467.5,,,,,
2023-06-12,18.495,18.605,18.092,18.568,17308500,321384228.0,,,,,
2023-06-13,18.678,18.825,18.385,18.568,18419600,342015132.8,,,,,
2023-06-14,18.678,19.191,18.568,18.605,25250900,469792994.5,,,,,
2023-06-15,18.678,18.898,18.642,18.825,14244700,268156477.5,,,,,
2023-06-16,19.081,19.924,19.081,19.118,34448400,658584511.1999999,,,,,
2023-06-19,19.264,19.557,19.118,19.338,15014000,290340732.0,,,,,
2023-06-20,19.643,19.757,18.995,19.566,19253600,376715937.6,,,,,
2023-06-21,19.566,19.947,19.49,19.795,19258600,381223987.00000006,,,,,
2023-06-22,19.871,20.175,19.643,19.871,15245600,302945317.6,,,,,
2023-06-23,19.871,19.947,19.604,19.795,12483200,247104944.00000003,,,,,
2023-06-26,19.795,19.833,19.224,19.643,17384100,341475876.3,,,,,
2023-06-27,19.681,20.366,19.643,20.252,20384500,412826894.0,,,,,
2023-06-28,20.252,20.518,20.099,20.214,16422600,331966436.4,,,,,
2023-06-29,20.29,20.29,19.376,19.376,19941700,386390379.2000001,,,,,
2023-06-30,19.414,19.719,19.338,19.643,14517400,285165288.2,,,,,
2023-07-03,19.833,19.871,19.528,19.566,13141200,257120719.2,,,,,
2023-07-04,19.566,20.175,19.452,20.175,24381900,491904832.5,,,,,
2023-07-05,20.328,20.328,19.947,19.947,15873600,316630699.2,,,,,
2023-07-06,19.947,20.328,19.643,20.023,26806400,536744547.2,,,,,
2023-07-07,19.871,20.137,19.528,20.137,14796500,297957120.5,,,,,
2023-07-10,20.29,20.937,20.29,20.937,30633600,641375683.2,,,,,
2023-07-11,20.861,21.66,20.861,21.356,27100700,578762549.2,,,,,
2023-07-12,21.546,21.774,21.051,21.279,23044800,490370299.2,,,,,
2023-07-13,21.508,21.698,21.317,21.622,16156700,349340167.4,,,,,
2023-07-14,21.698,21.774,21.279,21.698,16102800,349398554.40000004,,,,,
2023-07-17,21.736,22.231,21.736,21.927,14468100,317242028.7,,,,,
2023-07-18,21.927,21.927,21.66,21.736,12415400,269861134.40000004,,,,,
2023-07-19,21.774,22.003,21.66,21.698,10046700,217993296.6,,,,,
2023-07-20,21.698,21.698,21.013,21.317,28832600,614624534.2,,,,,
2023-07-21,21.317,21.927,21.203,21.888,16462800,360337766.4,,,,,
2023-07-24,22.155,22.231,21.622,21.85,14535600,317602860.0,,,,,
2023-07-25,21.85,22.155,21.698,21.927,14449000,316823223.0,,,,,
2023-07-26,21.927,22.117,21.622,22.079,12780300,282176243.7,,,,,
2023-07-27,22.079,22.612,22.003,22.421,16465600,369175217.6,,,,,
2023-07-28,22.421,22.764,22.345,22.65,13130200,297399030.0,,,,,
2023-07-31,22.802,22.992,22.345,22.574,15219300,343560478.20000005,,,,,
2023-08-01,22.612,22.612,21.927,21.927,16376600,359089708.2,,,,,
2023-08-02,21.85,22.193,21.774,22.079,11458900,253001053.1,,,,,
2023-08-03,22.041,22.117,21.546,21.698,15210400,330035259.2,,,,,
2023-08-04,21.698,22.383,21.698,22.231,14992000,333287152.0,,,,,
2023-08-07,22.536,22.802,22.383,22.612,15093300,341289699.6,,,,,
2023-08-08,22.726,22.726,22.079,22.155,11628700,257633848.5,,,,,
2023-08-09,22.003,22.231,21.736,21.774,16620200,361888234.8,,,,,
2023-08-10,21.774,21.965,21.394,21.394,23382100,500236647.4,,,,,
2023-08-11,21.508,21.546,21.051,21.432,27536000,590151552.0,,,,,
2023-08-14,21.66,22.383,21.394,22.193,30333100,673182488.3000001,,,,,
2023-08-15,22.231,22.231,21.812,21.85,13184400,288079140.0,,,,,
2023-08-16,21.812,22.193,21.66,21.965,14335800,314885847.0,,,,,
2023-08-17,22.117,23.297,22.117,22.802,59158400,1348929836.8,,,,,
2023-08-18,22.612,23.145,21.317,21.546,46437600,1000544529.6,,,,,
2023-08-21,22.079,22.193,21.698,21.965,35538400,780600956.0,,,,,
2023-08-22,22.079,23.373,21.203,23.373,51810600,1210969153.8,,,,,
2023-08-23,23.601,23.716,22.954,23.145,32898700,761440411.5,,,,,
2023-08-24,23.069,24.439,22.954,24.363,38295900,933003011.7,,,,,
2023-08-25,24.134,24.744,24.096,24.515,32433300,795102349.5,,,,,
2023-08-28,24.591,24.896,24.439,24.705,26966500,666207382.5,,,,,
2023-08-29,24.744,24.972,24.134,24.629,35197500,866879227.5,,,,,
2023-08-30,24.667,25.809,24.439,25.505,24980800,637135304.0,,,,,
2023-08-31,25.505,25.695,25.353,25.429,17637700,448509073.3,,,,,
2023-09-05,25.581,25.657,24.972,25.391,27135900,689007636.9,,,,,
2023-09-06,25.391,26.266,25.086,25.886,19656200,508820393.2,,,,,
2023-09-07,25.962,26.0,25.353,25.619,21471400,550075796.6,,,,,
2023-09-08,25.505,25.962,25.429,25.695,16656500,427988767.5,,,,,
2023-09-11,25.886,26.152,25.429,25.505,34427300,878068286.5,,,,,
2023-09-12,25.619,27.256,25.505,27.256,37129000,1011988024.0,,,,,
2023-09-13,27.56,27.865,27.028,27.256,35639800,971398388.8,,,,,
2023-09-14,27.256,27.599,26.571,27.142,33908800,920352649.6,,,,,
2023-09-15,27.332,27.446,26.647,27.028,23626000,638563528.0,,,,,
2023-09-18,26.647,27.37,26.571,27.18,25487500,692750250.0,,,,,
2023-09-19,27.256,27.56,26.799,27.56,19558300,539026748.0,,,,,
2023-09-20,27.713,28.17,27.484,27.751,22951800,636935401.8000001,,,,,
2023-09-21,27.713,27.751,26.457,26.457,49186800,1301335167.6,,,,,
2023-09-22,25.619,25.847,24.629,24.82,69559100,1726456862.0,,,,,
2023-09-25,24.515,25.2,23.107,23.107,42948600,992413300.2,,,,,
2023-09-26,23.601,24.705,23.069,23.525,38702100,910466902.5,,,,,
2023-09-27,24.134,25.124,23.525,25.124,32046400,805133753.5999999,,,,,
2023-09-28,24.972,25.048,24.134,24.591,27911500,686371696.5,,,,,
2023-09-29,25.048,25.048,24.211,24.211,19989100,483956100.1,,,,,
2023-10-02,24.211,24.858,24.134,24.439,17212200,420648955.8,,,,,
2023-10-03,24.058,24.096,22.916,22.992,42246000,971320032.0,,,,,
2023-10-04,22.688,24.591,22.574,24.173,33560600,811260383.8,,,,,
2023-10-05,24.287,24.667,23.982,24.096,22264000,536473344.0,,,,,
2023-10-06,24.096,25.086,23.754,25.086,26498900,664751405.4,,,,,
2023-10-09,25.048,25.505,24.667,25.276,21954400,554919414.4,,,,,
2023-10-10,25.581,25.809,24.896,24.896,27779700,691603411.2,,,,,
2023-10-11,24.972,25.886,24.782,25.886,23560400,609884514.4,,,,,
2023-10-12,25.962,25.962,25.429,25.581,18148200,464249104.2,,,,,
2023-10-13,25.353,25.962,25.124,25.543,22031600,562753158.8,,,,,
2023-10-16,25.543,25.581,24.287,24.439,28362600,693153581.4,,,,,
2023-10-17,24.667,25.048,23.944,23.944,19536600,467784350.4,,,,,
2023-10-18,24.211,24.477,22.688,24.02,28495000,684449900.0,,,,,
2023-10-19,24.02,24.173,22.688,22.916,28868500,661550546.0,,,,,
2023-10-20,22.916,23.906,22.155,23.83,28197400,671944042.0,,,,,
2023-10-23,23.297,23.868,23.145,23.297,15339400,357362001.8,,,,,
2023-10-24,23.601,23.716,23.183,23.64,14254500,336976380.0,,,,,
2023-10-25,23.601,24.02,23.449,23.449,14381400,337229448.6,,,,,
2023-10-26,22.612,22.802,21.812,21.85,54159900,1183393815.0,,,,,
2023-10-27,22.269,22.688,21.888,22.421,20052100,449588134.1,,,,,
2023-10-30,22.079,22.345,20.937,20.937,16792400,351582478.8,,,,,
2023-10-31,20.975,21.241,19.528,19.604,36435600,714283502.4,,,,,
2023-11-01,19.604,20.67,19.604,20.67,30977100,640296657.0,,,,,
2023-11-02,21.013,22.079,20.937,22.003,27480700,604657842.1,,,,,
2023-11-03,22.079,22.117,21.546,22.003,25384900,558543954.7,,,,,
2023-11-06,22.193,22.307,21.927,22.079,17861300,394359642.7,,,,,
2023-11-07,22.003,22.307,21.546,21.584,18329600,395626086.4,,,,,
2023-11-08,21.584,23.069,21.546,23.069,31630200,729677083.8,,,,,
2023-11-09,23.335,24.058,23.259,23.487,33982300,798142280.0999999,,,,,
2023-11-10,23.297,24.287,23.259,23.449,32344200,758439145.8000001,,,,,
2023-11-13,23.601,24.058,23.449,23.944,20864700,499584376.8,,,,,
2023-11-14,24.325,24.515,23.868,24.173,23240100,561782937.3,,,,,
2023-11-15,24.972,24.972,24.287,24.325,26908500,654549262.5,,,,,
2023-11-16,24.287,24.591,23.868,24.591,19053100,468534782.1,,,,,
2023-11-17,24.629,24.82,23.678,23.982,29287800,702380019.6,,,,,
2023-11-20,23.373,24.896,23.335,24.667,26502900,653747034.3000001,,,,,
2023-11-21,24.972,24.972,24.591,24.782,17289800,428475823.6,,,,,
2023-11-22,24.744,25.086,24.591,25.048,22922800,574170294.4,,,,,
2023-11-23,25.276,25.276,23.525,23.525,27082200,637108755.0,,,,,
2023-11-24,23.792,24.363,23.373,24.363,24682500,601339747.5,,,,,
2023-11-27,24.325,24.363,23.601,23.601,15100900,356396340.9,,,,,
2023-11-28,23.601,23.982,22.992,23.906,21396800,511511900.8,,,,,
2023-11-29,23.982,24.325,23.83,24.058,12215700,293885310.6,,,,,
2023-11-30,24.058,24.477,23.83,23.83,16679400,397470102.0,,,,,
2023-12-01,24.134,24.553,23.792,24.363,20043200,488312481.6,,,,,
2023-12-04,25.048,25.886,24.782,25.581,45276900,1158228378.9,,,,,
2023-12-05,25.619,25.657,25.238,25.353,23475500,595174351.5,,,,,
2023-12-06,25.391,25.771,25.315,25.581,17904800,458022688.8,,,,,
2023-12-07,25.581,25.657,24.401,25.01,44212600,1105757126.0,,,,,
2023-12-08,24.896,25.124,24.591,24.82,18079900,448743118.0,,,,,
2023-12-11,24.82,25.162,24.439,24.896,19996900,497842822.4,,,,,
2023-12-12,24.972,25.124,24.744,24.82,12453800,309103316.0,,,,,
2023-12-13,25.048,25.086,24.363,24.363,21549400,525008032.2,,,,,
2023-12-14,24.744,24.744,24.287,24.363,15658600,381490471.8,,,,,
2023-12-15,24.439,24.744,24.134,24.211,19871000,481096781.0,,,,,
2023-12-18,24.249,24.477,24.096,24.134,11323400,273278935.6,,,,,
2023-12-19,24.173,24.477,23.868,24.477,15687700,383987832.9,,,,,
2023-12-20,24.477,24.82,24.325,24.591,13506600,332140800.6,,,,,
2023-12-21,24.401,24.591,24.363,24.515,8083600,198169454.0,,,,,
2023-12-22,24.629,25.086,24.515,24.629,17457600,429963230.4,,,,,
2023-12-25,24.629,24.934,24.439,24.782,13953300,345790680.6,,,,,
2023-12-26,24.82,25.048,24.744,24.934,14005700,349218123.8,,,,,
2023-12-27,25.086,25.238,24.972,24.972,16101500,402086658.0,,,,,
2023-12-28,25.01,25.238,24.858,25.124,10895900,273748591.6,,,,,
2023-12-29,25.086,25.2,24.934,24.972,12790300,319399371.6,,,,,
2024-01-02,25.124,25.276,24.744,24.744,18052300,446686111.2,,,,,
2024-01-03,24.629,25.086,24.591,25.086,11408700,286198648.2,,,,,
2024-01-04,25.124,26.038,25.124,25.581,58713300,1501944927.3,,,,,
2024-01-05,25.733,26.0,25.581,26.0,25137200,653567200.0,,,,,
2024-01-08,26.228,26.266,25.886,25.962,20729000,538166298.0,,,,,
2024-01-09,26.038,26.152,25.809,25.886,18985200,491450887.2,,,,,
2024-01-10,25.847,25.924,25.391,25.657,23828800,611375521.6,,,,,
2024-01-11,25.695,26.19,25.581,25.809,25471700,657399105.3000001,,,,,
2024-01-12,25.581,25.886,25.391,25.771,25258800,650944534.8000001,,,,,
2024-01-15,25.886,25.962,25.124,25.124,22246200,558913528.8,,,,,
2024-01-16,25.124,25.505,24.934,25.505,19315100,492631625.5,,,,,
2024-01-17,25.505,26.266,25.467,25.619,26218900,671701999.1,,,,,
2024-01-18,25.733,25.924,25.619,25.733,14736700,379219501.1,,,,,
2024-01-19,25.886,25.962,25.429,25.657,22389300,574442270.1,,,,,
2024-01-22,25.809,25.886,25.429,25.847,16814700,434609550.9,,,,,
2024-01-23,25.886,25.962,25.619,25.733,12564800,323329998.40000004,,,,,
2024-01-24,25.695,26.19,25.657,25.886,27351500,708020929.0,,,,,
2024-01-25,25.924,26.038,25.771,25.847,10942200,282823043.40000004,,,,,
2024-01-26,26.0,26.152,25.847,25.962,14288200,370950248.4,,,,,
2024-01-29,26.038,26.19,25.771,25.847,12259400,316868711.8,,,,,
2024-01-30,25.771,26.0,25.733,26.0,11905200,309535200.0,,,,,
2024-01-31,26.114,26.761,26.038,26.19,44818700,1173801753.0,,,,,
2024-02-01,26.228,26.533,26.19,26.38,11153200,294221416.0,,,,,
2024-02-02,26.571,26.989,26.495,26.495,23506100,622794119.5,,,,,
2024-02-05,26.495,26.761,26.266,26.609,19528500,519633856.50000006,,,,,
2024-02-06,26.761,26.989,26.571,26.647,13195400,351617823.79999995,,,,,
2024-02-07,26.647,26.913,26.571,26.723,15710800,419839708.4,,,,,
2024-02-15,26.799,27.028,26.647,26.723,14888800,397873402.4,,,,,
2024-02-16,26.913,26.951,26.571,26.647,18037300,480639933.1,,,,,
2024-02-19,26.647,26.799,26.19,26.799,32834200,879923725.8,,,,,
2024-02-20,27.142,27.256,26.837,26.875,18101700,486483187.5,,,,,
2024-02-21,26.875,26.875,26.418,26.609,18553100,493679437.9,,,,,
2024-02-22,26.533,26.609,26.304,26.38,14411900,380185922.0,,,,,
2024-02-23,26.342,26.571,25.924,26.0,24143200,627723200.0,,,,,
2024-02-26,25.962,26.913,25.924,26.723,26875500,718193986.5,,,,,
2024-02-27,26.837,27.751,26.723,27.332,47040400,1285708212.8,,,,,
2024-02-28,27.484,27.599,27.142,27.484,26065500,716384202.0,,,,,
2024-02-29,27.713,28.702,27.637,28.17,43188500,1216620045.0,,,,,
2024-03-01,28.474,28.702,28.17,28.436,21490800,611112388.8,,,,,
2024-03-04,28.779,28.817,28.17,28.284,25346200,716891920.8,,,,,
2024-03-05,28.284,28.512,27.903,28.474,31386200,893690658.8,,,,,
2024-03-06,28.474,28.779,27.941,28.246,27681300,781885999.8,,,,,
2024-03-07,28.17,28.893,28.055,28.702,34060200,977595860.4,,,,,
2024-03-08,28.855,29.007,28.017,28.017,35882600,1005322804.2,,,,,
2024-03-11,28.017,28.284,27.56,27.675,24846500,687626887.5,,,,,
2024-03-12,27.675,27.865,27.446,27.637,21926800,605990971.6,,,,,
2024-03-13,27.713,29.007,27.637,28.893,35787800,1034016905.4,,,,,
2024-03-14,28.969,29.692,28.779,28.817,39364400,1134363914.8,,,,,
2024-03-15,28.779,28.855,28.246,28.779,27977200,805155838.8,,,,,
2024-03-18,28.817,28.931,27.104,27.903,48614200,1356482022.6,,,,,
2024-03-19,27.941,28.17,27.522,27.522,14628400,402602824.8,,,,,
2024-03-20,27.713,28.322,27.599,28.322,16364200,463466872.4,,,,,
2024-03-21,28.893,28.931,28.55,28.664,27175200,778949932.8000001,,,,,
2024-03-22,28.779,29.273,28.626,28.779,29818700,858152367.3,,,,,
2024-03-25,28.817,29.159,28.398,28.55,24344200,695026910.0,,,,,
2024-03-26,28.474,29.083,28.284,28.931,19515300,564597144.3000001,,,,,
2024-03-27,29.159,29.312,28.855,29.312,18775000,550332800.0,,,,,
2024-03-28,29.692,29.883,29.54,29.806,26417300,787394043.8000001,,,,,
2024-03-29,29.73,29.768,29.312,29.312,17529500,513824704.0,,,,,
2024-04-01,29.312,29.844,28.817,29.54,31091500,918442910.0,,,,,
2024-04-02,29.159,29.692,28.931,29.616,21148300,626328052.8,,,,,
2024-04-03,29.54,29.844,28.931,28.969,25750600,745969131.4,,,,,
2024-04-04,28.969,29.083,28.664,28.664,24883900,713272109.6,,,,,
2024-04-05,28.284,28.398,28.017,28.017,31244300,875371553.1,,,,,
2024-04-08,28.017,28.17,27.903,27.941,12118300,338597420.3,,,,,
2024-04-09,28.093,28.55,27.941,28.55,13235500,377873525.0,,,,,
2024-04-10,28.626,28.626,28.131,28.131,8525400,239828027.4,,,,,
2024-04-11,27.827,28.474,27.827,28.284,11888000,336240192.0,,,,,
2024-04-12,28.436,28.779,28.208,28.588,19498500,557423118.0,,,,,
2024-04-15,28.398,28.664,26.609,26.609,29936900,796590972.1,,,,,
2024-04-16,26.723,26.875,25.962,26.799,32795000,878873205.0,,,,,
2024-04-17,26.989,27.028,26.19,26.19,13931600,364868604.0,,,,,
2024-04-19,25.847,26.495,25.162,25.276,29562900,747231860.4,,,,,
2024-04-22,26.038,27.028,25.847,26.723,19499700,521090483.1,,,,,
2024-04-23,26.723,26.875,26.114,26.266,16741600,439734865.6,,,,,
2024-04-24,26.647,27.37,26.571,27.142,21326800,578852005.6,,,,,
2024-04-25,27.142,27.142,26.723,26.913,10578200,284691096.6,,,,,
2024-04-26,26.533,26.913,26.418,26.799,13819800,370356820.2,,,,,
2024-05-02,26.799,26.875,26.114,26.418,12220400,322838527.2,,,,,
2024-05-03,26.723,26.875,26.342,26.38,9163900,241743682.0,,,,,
2024-05-06,26.647,27.446,26.609,27.142,16789600,455703323.2,,,,,
2024-05-07,27.256,27.408,26.951,27.066,8273300,223925137.8,,,,,
2024-05-08,26.799,27.332,26.723,27.142,13710900,372141247.8,,,,,
2024-05-09,27.294,27.332,26.685,26.799,15342900,411174377.1,,,,,
2024-05-10,26.875,27.028,26.647,26.989,12118500,327066196.5,,,,,
2024-05-13,27.142,27.332,26.837,27.104,10272700,278431260.8,,,,,
2024-05-14,27.142,27.332,26.913,27.028,7029000,189979812.0,,,,,
2024-05-15,27.18,27.637,27.028,27.37,20293600,555435832.0,,,,,
2024-05-16,27.675,27.713,27.446,27.484,13615900,374219395.6,,,,,
2024-05-17,27.484,27.865,27.37,27.713,14815700,410587494.1,,,,,
2024-05-20,27.865,28.246,27.789,27.903,19945200,556530915.6,,,,,
2024-05-21,27.827,28.017,27.637,28.017,14037400,393285835.8,,,,,
2024-05-22,28.017,28.436,27.713,27.751,22688000,629614688.0,,,,,
2024-05-23,27.713,27.941,27.294,27.941,16679200,466033527.2,,,,,
2024-05-24,27.637,27.751,26.495,26.837,28294900,759350231.3,,,,,
2024-05-27,26.837,27.028,26.495,26.723,16841300,450050059.9,,,,,
2024-05-28,26.875,27.104,26.761,27.104,13044000,353544576.0,,,,,
2024-05-29,27.218,27.332,26.723,26.799,13092100,350855187.9,,,,,
2024-05-30,26.647,26.685,26.114,26.533,18861700,500457486.1,,,,,
2024-05-31,26.533,26.647,26.342,26.418,8441300,223002263.4,,,,,
2024-06-03,26.647,27.104,26.647,26.951,12486400,336520966.40000004,,,,,
2024-06-04,26.951,27.332,26.913,26.951,11440300,308327525.3,,,,,
2024-06-05,26.989,27.256,26.951,26.951,14108600,380240878.6,,,,,
2024-06-06,27.104,27.142,26.799,26.951,8633500,232681458.5,,,,,
2024-06-07,27.142,27.142,26.875,26.989,6447800,174019674.20000002,,,,,
2024-06-10,27.028,27.256,26.913,26.913,13313100,358295460.3,,,,,
2024-06-11,27.028,27.256,26.837,27.256,14775200,402712851.2,,,,,
2024-06-12,27.294,27.865,27.256,27.865,27346000,761996290.0,,,,,
2024-06-13,28.017,28.093,27.675,27.789,13008300,361487648.7000001,,,,,
2024-06-14,27.941,28.322,27.484,27.484,26737800,734861695.2,,,,,
2024-06-17,27.408,27.599,27.218,27.332,12551300,343052131.6,,,,,
2024-06-18,27.484,27.637,27.294,27.484,9692800,266396915.2,,,,,
2024-06-19,27.56,27.637,27.256,27.56,9768900,269230884.0,,,,,
2024-06-20,27.56,27.637,26.951,27.332,14274900,390161566.8,,,,,
2024-06-21,27.256,27.408,27.028,27.028,9055100,244741242.8,,,,,
2024-06-24,26.989,27.028,26.038,26.342,27186000,716133612.0,,,,,
2024-06-25,26.342,26.533,26.19,26.304,6523500,171594144.0,,,,,
2024-06-26,26.304,26.38,25.581,26.19,11515000,301577850.0,,,,,
2024-06-27,26.114,26.304,25.962,26.114,5308600,138628780.4,,,,,
2024-06-28,26.114,26.228,25.695,25.847,11362600,293689122.2,,,,,
2024-07-01,25.924,25.962,25.467,25.809,7933900,204766025.1,,,,,
2024-07-02,25.924,26.152,25.809,26.152,7213600,188650067.2,,,,,
2024-07-03,26.152,26.342,26.152,26.228,5952500,156122170.0,,,,,
2024-07-04,26.228,26.495,26.114,26.19,5766000,151011540.0,,,,,
2024-07-05,26.19,26.38,26.0,26.38,7440000,196267200.0,,,,,
2024-07-08,26.495,26.685,26.19,26.304,7626900,200617977.6,,,,,
2024-07-09,26.342,26.571,26.114,26.38,10076200,265810156.0,,,,,
2024-07-10,26.418,26.457,26.152,26.152,5763700,150732282.4,,,,,
2024-07-11,26.342,26.761,26.228,26.495,11001000,291471495.0,,,,,
2024-07-12,26.495,26.571,26.228,26.228,5109200,134004097.6,,,,,
2024-07-15,26.418,26.418,26.114,26.114,3953500,103241699.0,,,,,
2024-07-16,26.266,26.647,26.152,26.19,7479100,195877629.0,,,,,
2024-07-17,26.342,26.609,25.847,26.0,14342000,372892000.0,,,,,
2024-07-18,26.152,26.19,25.733,26.152,9452500,247201780.0,,,,,
2024-07-19,26.418,26.799,26.266,26.495,17264600,457425577.0,,,,,
2024-07-22,26.457,26.685,26.0,26.38,10111600,266744008.0,,,,,
2024-07-23,26.38,26.457,25.771,25.771,12721500,327845776.5,,,,,
2024-07-24,25.619,25.809,24.325,25.048,21938000,549503024.0,,,,,
2024-07-25,24.591,24.858,24.211,24.287,16462300,399819880.1,,,,,
2024-07-26,24.439,24.591,24.287,24.439,6997600,171014346.4,,,,,
2024-07-29,24.629,24.782,24.515,24.515,5697800,139681567.0,,,,,
2024-07-30,24.515,24.667,24.287,24.325,5987100,145636207.5,,,,,
2024-07-31,24.515,24.591,24.134,24.211,7852600,190119298.6,,,,,
2024-08-01,24.439,24.439,22.84,23.069,23876700,550811592.3,,,,,
2024-08-02,22.726,23.868,22.65,23.792,15346200,365116790.4,,,,,
2024-08-05,23.335,23.449,22.536,22.536,22026300,496384696.8,,,,,
2024-08-06,23.069,23.601,22.574,23.297,17111000,398634967.0,,,,,
2024-08-07,23.525,23.525,23.03,23.297,6527000,152059519.0,,,,,
2024-08-08,23.069,23.373,22.764,22.84,11140000,254437600.0,,,,,
2024-08-09,23.259,24.058,23.069,23.83,14921400,355576962.0,,,,,
2024-08-12,24.058,24.363,23.754,24.363,11074900,269817788.7,,,,,
2024-08-13,24.325,24.325,23.792,24.134,9397100,226789611.4,,,,,
2024-08-14,24.211,24.249,23.83,23.906,7222100,172651522.6,,,,,
2024-08-15,23.906,24.02,23.449,23.525,9340200,219728205.0,,,,,
2024-08-16,23.792,24.896,23.716,24.896,27282400,679222630.4,,,,,
2024-08-19,25.124,25.124,24.667,24.667,9673300,238611291.1,,,,,
2024-08-20,24.667,25.086,24.591,24.858,13817500,343475415.0,,,,,
2024-08-21,24.858,25.162,24.705,25.162,12951100,325875578.2,,,,,
2024-08-22,25.162,25.315,24.896,25.2,10210700,257309640.0,,,,,
2024-08-23,25.276,25.809,24.934,25.581,15977700,408725543.7,,,,,
2024-08-26,25.809,26.114,25.581,25.847,19841200,512835496.4,,,,,
2024-08-27,25.543,25.809,25.429,25.429,9974200,253633931.8,,,,,
2024-08-28,25.505,26.076,25.238,25.924,20047900,519721759.6,,,,,
2024-08-29,25.962,26.038,25.695,25.847,8714300,225238512.1,,,,,
2024-08-30,25.771,25.886,25.619,25.657,8631800,221466092.6,,,,,
2024-09-04,25.238,25.467,25.124,25.238,10057700,253836232.6,,,,,
2024-09-05,25.505,25.695,25.048,25.2,9857300,248403960.0,,,,,
2024-09-06,25.2,25.429,24.972,25.429,9538100,242544344.9,,,,,
2024-09-09,25.276,25.391,25.01,25.048,10104900,253107535.2,,,,,
2024-09-10,25.2,25.391,24.363,24.667,13278400,327538292.8,,,,,
2024-09-11,24.667,24.82,24.249,24.744,8911200,220498732.8,,,,,
2024-09-12,24.896,24.934,24.553,24.553,5941600,145884104.8,,,,,
2024-09-13,24.591,24.896,24.439,24.591,11642600,286303176.6,,,,,
2024-09-16,24.591,24.858,24.401,24.439,9523800,232752148.2,,,,,
2024-09-17,24.439,24.896,24.401,24.896,9660800,240515276.8,,,,,
2024-09-18,25.048,25.695,24.972,25.429,28151100,715854321.9,,,,,
2024-09-19,25.695,25.809,25.543,25.581,24638000,630264678.0,,,,,
2024-09-20,25.733,25.771,25.429,25.581,31676100,810306314.1,,,,,
2024-09-23,26.184,26.282,25.794,25.94,19233700,498922178.0,,,,,
2024-09-24,25.989,25.989,25.745,25.94,8610900,223366746.0,,,,,
2024-09-25,26.087,26.916,26.038,26.769,27327900,731540555.0999999,,,,,
2024-09-26,26.769,27.013,26.672,26.818,14945400,400805737.2000001,,,,,
2024-09-27,26.818,27.062,26.72,26.916,12575200,338474083.2,,,,,
2024-09-30,26.818,27.452,26.574,27.208,12749400,346885675.2,,,,,
2024-10-01,27.306,27.647,27.111,27.111,14445300,391626528.3,,,,,
2024-10-02,26.916,27.111,26.818,26.916,11820100,318149811.6,,,,,
2024-10-03,26.916,27.257,26.672,26.867,12830600,344719730.2,,,,,
2024-10-04,26.867,27.111,26.623,26.623,8506100,226457900.3,,,,,
2024-10-07,26.818,26.916,26.574,26.916,9644300,259585978.8,,,,,
2024-10-08,27.062,27.208,26.672,26.72,12340400,329735488.0,,,,,
2024-10-09,26.672,26.916,26.428,26.623,17220400,458458709.2000001,,,,,
2024-10-10,26.818,27.111,26.672,26.867,14886300,399950222.1,,,,,
2024-10-11,26.964,26.964,26.672,26.769,8286200,221813287.8,,,,,
2024-10-14,27.013,27.306,26.818,26.964,12591700,339522598.8,,,,,
2024-10-15,26.964,27.208,26.574,26.574,12559000,333742866.0,,,,,
2024-10-16,26.379,26.769,26.379,26.428,9811400,259295679.2,,,,,
2024-10-17,26.477,26.769,26.282,26.769,11043700,295628805.29999995,,,,,
2024-10-18,26.867,27.062,26.672,26.672,11887200,317055398.40000004,,,,,
2024-10-21,26.672,26.72,26.233,26.233,11792200,309344782.6,,,,,
2024-10-22,26.135,26.525,26.038,26.038,15345800,399573940.4,,,,,
2024-10-23,26.135,26.33,26.038,26.233,8135500,213418571.5,,,,,
2024-10-24,26.233,26.428,26.135,26.135,11773000,307687355.0,,,,,
2024-10-25,26.135,26.233,26.038,26.038,7953400,207090629.2,,,,,
2024-10-28,25.989,26.33,25.989,26.135,6128800,160176188.0,,,,,
2024-10-29,26.184,26.33,26.038,26.038,5358800,139532434.4,,,,,
2024-10-30,26.135,26.184,25.55,25.697,9615800,247097212.6,,,,,
2024-10-31,25.697,25.94,25.648,25.94,7085500,183797870.0,,,,,
2024-11-01,25.843,25.843,25.404,25.55,8377200,214037460.0,,,,,
2024-11-04,25.55,25.892,25.258,25.599,13413500,343372186.5,,,,,
2024-11-05,25.599,25.794,25.501,25.501,3203100,81682253.10000001,,,,,
2024-11-06,25.648,25.94,25.55,25.794,10676500,275389641.0,,,,,
2024-11-07,25.989,26.038,25.697,25.697,5991000,153950727.0,,,,,
2024-11-08,25.697,25.794,25.404,25.453,7720000,196497160.0,,,,,
2024-11-11,25.453,25.453,24.916,25.063,12696500,318212379.5,,,,,
2024-11-12,25.16,25.501,24.916,25.063,10035100,251509711.3,,,,,
2024-11-13,25.063,25.063,24.624,24.819,12418200,308207305.8,,,,,
2024-11-14,24.819,24.819,24.039,24.087,12754600,307220050.2,,,,,
2024-11-15,24.087,24.087,23.21,23.356,25501800,595620040.8000001,,,,,
2024-11-18,23.356,23.99,23.21,23.697,24877000,589510269.0,,,,,
2024-11-19,23.746,23.892,23.21,23.259,10705300,248994572.7,,,,,
2024-11-20,23.307,24.087,23.161,23.697,17961700,425638404.9,,,,,
2024-11-21,23.697,24.039,23.454,23.99,14195600,340552444.0,,,,,
2024-11-22,23.892,23.99,23.649,23.746,12804200,304048533.2,,,,,
2024-11-25,23.795,23.892,23.6,23.892,10156700,242663876.4,,,,,
2024-11-26,23.99,24.282,23.892,23.99,9334300,223929857.0,,,,,
2024-11-27,23.99,24.087,23.649,23.697,9322900,220924761.3,,,,,
2024-11-28,23.844,23.941,23.649,23.697,8460700,200493207.9,,,,,
2024-11-29,23.697,24.039,23.6,23.941,9018200,215904726.2,,,,,
2024-12-02,23.99,24.136,23.697,23.844,7836700,186858274.8,,,,,
2024-12-03,23.844,23.892,23.649,23.697,12527000,296852319.0,,,,,
2024-12-04,23.649,23.697,23.405,23.454,9139300,214353142.2,,,,,
2024-12-05,23.502,25.063,23.063,25.063,35613300,892576137.9,,,,,
2024-12-06,25.355,25.794,25.16,25.697,33824400,869185606.8,,,,,
2024-12-09,25.648,25.745,25.355,25.55,18860200,481878110.0,,,,,
2024-12-10,25.501,25.745,25.355,25.599,12619100,323036340.9,,,,,
2024-12-11,25.648,25.745,25.306,25.501,12560400,320302760.40000004,,,,,
2024-12-12,25.453,25.794,25.355,25.355,12180000,308823900.0,,,,,
2024-12-13,25.306,25.355,25.063,25.16,10969600,275995136.0,,,,,
2024-12-16,25.258,25.55,25.111,25.453,14599300,371595982.9,,,,,
2024-12-17,25.453,25.501,25.209,25.355,6199400,157185787.0,,,,,
2024-12-18,25.355,25.55,25.16,25.55,7203300,184044315.0,,,,,
2024-12-19,25.16,25.55,24.819,25.55,30712700,784709485.0,,,,,
2024-12-20,25.453,25.599,25.258,25.599,12287800,314555392.2,,,,,
2024-12-23,25.55,25.648,25.209,25.209,7842600,197704103.4,,,,,
2024-12-24,25.209,25.306,24.868,25.306,12299200,311243555.2,,,,,
2024-12-25,25.355,26.087,25.258,25.892,26221100,678916721.1999999,,,,,
2024-12-26,25.843,25.94,25.697,25.697,8764400,225218786.8,,,,,
2024-12-27,25.745,26.038,25.648,25.94,16346900,424038586.0,,,,,
2024-12-30,25.94,26.233,25.794,25.794,11494000,296476236.0,,,,,
2024-12-31,25.794,25.794,25.404,25.404,8234000,209176536.0,,,,,
2025-01-02,25.404,25.697,25.258,25.306,8938200,226190089.2,,,,,
2025-01-03,25.258,25.306,24.721,24.721,16065900,397165113.9,,,,,
2025-01-06,24.721,24.868,24.234,24.282,9985000,242455770.0,,,,,
2025-01-07,24.721,24.721,23.892,23.941,18563600,444431147.6,,,,,
2025-01-08,23.892,24.185,23.844,24.087,9134400,220020292.8,,,,,
2025-01-09,24.087,24.331,23.795,23.795,8907600,211956342.00000003,,,,,
2025-01-10,23.697,23.941,22.917,23.112,21372700,493965842.4,,,,,
2025-01-13,22.966,23.697,22.966,23.551,10836600,255212766.6,,,,,
2025-01-14,23.6,23.6,23.307,23.356,8104900,189298044.4,,,,,
2025-01-15,23.551,23.746,23.405,23.551,9867500,232389492.5,,,,,
2025-01-16,23.795,24.575,23.697,23.795,18541100,441185474.50000006,,,,,
2025-01-17,23.795,23.99,23.649,23.941,7043000,168616463.0,,,,,
2025-01-20,24.039,24.039,23.746,23.892,6981800,166809165.6,,,,,
2025-01-21,23.941,24.185,23.795,23.844,8023600,191314718.4,,,,,
2025-01-22,23.892,24.136,23.795,23.795,9555200,227365984.00000003,,,,,
2025-01-23,23.844,24.624,23.844,24.526,18477200,453171807.2,,,,,
2025-01-24,24.478,24.624,24.38,24.624,9711000,239123664.0,,,,,
2025-02-03,24.234,24.429,24.136,24.185,12857000,310946545.0,,,,,
2025-02-04,24.282,24.819,24.185,24.673,15668800,386596302.4,,,,,
2025-02-05,24.819,24.819,24.429,24.429,9632200,235305013.8,,,,,
2025-02-06,24.575,24.77,24.429,24.429,9261600,226251626.4,,,,,
2025-02-07,24.429,24.575,24.331,24.38,7845200,191265976.0,,,,,
2025-02-10,24.331,24.526,24.039,24.282,15857200,385044530.4,,,,,
2025-02-11,24.331,24.38,24.039,24.087,12930400,311454544.8,,,,,
2025-02-12,24.185,24.429,24.136,24.136,6964800,168102412.79999998,,,,,
2025-02-13,24.136,24.282,24.087,24.185,6768300,163691335.5,,,,,
2025-02-14,24.38,24.673,24.282,24.282,16151100,392181010.2,,,,,
2025-02-17,24.282,24.721,24.185,24.38,18463600,450142568.0,,,,,
2025-02-18,24.478,24.673,24.38,24.526,9839100,241313766.6,,,,,
2025-02-19,24.624,24.77,24.429,24.721,15517000,383595757.0,,,,,
2025-02-20,24.819,24.916,24.624,24.624,13806600,339973718.4,,,,,
2025-02-21,24.575,24.77,24.526,24.721,11577200,286199961.2,,,,,
2025-02-24,24.673,25.209,24.624,25.209,25063000,631813167.0,,,,,
2025-02-25,25.258,25.55,25.111,25.209,28069100,707593941.9,,,,,
2025-02-26,25.209,25.453,24.965,25.209,25212900,635591996.1,,,,,
2025-02-27,25.306,25.453,24.965,25.453,17996300,458059823.9,,,,,
2025-02-28,25.55,26.135,25.55,25.648,41396500,1061737432.0,,,,,
2025-03-03,25.648,26.135,25.501,25.94,25645100,665233894.0,,,,,
2025-03-04,25.794,25.94,25.453,25.697,24072400,618588462.8,,,,,
2025-03-05,25.745,25.989,25.453,25.453,27564200,701591582.6,,,,,
2025-03-06,25.55,26.282,25.55,26.233,44988800,1180191190.4,,,,,
2025-03-07,26.428,26.477,26.135,26.233,22896800,600651754.4,,,,,
2025-03-10,26.33,26.574,25.843,25.989,45642300,1186197734.7,,,,,
2025-03-11,25.697,26.038,25.697,26.038,26426500,688093207.0,,,,,
2025-03-12,26.184,26.282,25.892,26.038,26789200,697537189.6,,,,,
2025-03-13,26.087,26.72,25.794,26.282,50816000,1335546112.0,,,,,
2025-03-14,26.33,26.525,26.135,26.282,29000300,762185884.6,,,,,
2025-03-17,26.428,26.477,26.184,26.33,18091800,476357094.0,,,,,
2025-03-18,26.428,26.769,26.135,26.135,29540500,772040967.5,,,,,
2025-03-19,26.038,26.184,25.843,25.892,24310900,629457822.8,,,,,
2025-03-20,25.989,26.184,25.745,25.892,19539500,505916734.0,,,,,
2025-03-21,25.94,26.184,25.843,25.94,21205500,550070670.0,,,,,
2025-03-24,26.087,26.477,25.843,26.477,24444800,647224969.6,,,,,
2025-03-25,26.623,26.769,26.233,26.233,23603700,619195862.1,,,,,
2025-03-26,26.233,26.379,25.745,25.843,26160400,676063217.2,,,,,
2025-03-27,25.843,25.94,25.648,25.648,15067400,386448675.2,,,,,
2025-03-28,25.697,25.892,25.404,25.697,17622200,452837673.4,,,,,
2025-03-31,25.501,25.697,25.355,25.355,19494500,494283047.5,,,,,
2025-04-01,25.55,25.599,25.16,25.404,18403500,467522514.0,,,,,
2025-04-02,25.501,25.843,25.453,25.794,15569000,401586786.0,,,,,
2025-04-03,24.575,25.16,23.99,23.99,54284800,1302292352.0,,,,,
2025-04-04,22.332,23.259,22.332,23.161,82040000,1900128440.0,,,,,
2025-04-08,22.43,22.527,21.552,21.552,31521000,679340592.0,,,,,
2025-04-09,20.089,21.503,20.089,20.089,73685900,1480276045.1,,,,,
2025-04-10,21.454,21.454,21.454,21.454,5220200,111994170.8,,,,,
2025-04-11,22.43,22.868,21.844,22.868,65051200,1487590841.6,,,,,
2025-04-14,23.112,23.502,22.82,23.502,36800400,864883000.8,,,,,
2025-04-15,23.21,23.405,22.625,22.722,26171500,594668823.0,,,,,
2025-04-16,22.82,23.015,22.43,22.43,18889600,423693728.0,,,,,
2025-04-17,22.235,22.771,22.235,22.527,18654800,420236679.6,,,,,
2025-04-18,22.722,23.356,22.673,22.771,26355500,600141090.5,,,,,
2025-04-21,22.82,22.917,22.283,22.332,18530600,413825359.2,,,,,
2025-04-22,21.942,22.332,20.772,21.698,48457200,1051424325.6,,,,,
2025-04-23,22.381,22.381,22.04,22.186,13492900,299353479.4,,,,,
2025-04-24,22.332,22.576,22.088,22.43,17946000,402528780.0,,,,,
2025-04-25,22.625,22.625,22.235,22.235,15312300,340468990.5,,,,,
2025-04-28,22.332,22.576,22.235,22.478,12060400,271093671.20000005,,,,,
2025-04-29,22.576,22.576,22.381,22.381,9778300,218848132.3,,,,,
2025-05-05,22.82,22.868,22.43,22.527,9314500,209827741.5,,,,,
2025-05-06,22.625,22.917,22.527,22.576,16475000,371939600.0,,,,,
2025-05-07,22.576,22.576,22.186,22.283,18887200,420863477.6,,,,,
2025-05-08,22.381,22.722,22.186,22.527,18519000,417177513.0,,,,,
2025-05-09,22.625,22.722,22.332,22.381,15341500,343358111.5,,,,,
2025-05-12,22.527,22.625,22.283,22.625,20022500,453009062.5,,,,,
2025-05-13,22.966,23.307,22.771,22.82,25553900,583139998.0,,,,,
2025-05-14,22.868,23.6,22.722,23.307,36621500,853537300.5,,,,,
2025-05-15,23.551,23.649,23.259,23.307,23847200,555806690.4,,,,,
2025-05-16,23.356,23.795,23.112,23.112,30215900,698349880.8,,,,,
2025-05-19,22.966,23.112,22.771,22.771,19744300,449597455.3,,,,,
2025-05-20,22.82,23.063,22.722,22.917,15335600,351445945.20000005,,,,,
2025-05-21,22.966,23.112,22.673,22.771,24381300,555186582.3000001,,,,,
2025-05-22,22.771,23.307,22.673,22.771,27664700,629952883.7,,,,,
2025-05-23,22.82,22.966,22.673,22.771,16226300,369489077.3,,,,,
2025-05-26,22.868,23.015,22.235,23.015,20912800,481308092.0,,,,,
2025-05-27,23.112,23.405,22.917,23.112,24420300,564401973.5999999,,,,,
2025-05-28,23.356,23.6,22.966,23.112,24600300,568562133.5999999,,,,,
2025-05-29,23.259,23.307,22.917,22.917,14889300,341218088.1,,,,,
2025-05-30,22.917,23.356,22.82,22.868,19752200,451693309.6,,,,,
2025-06-02,22.771,23.112,22.771,23.112,12057800,278679873.6,,,,,
2025-06-03,23.502,24.234,23.502,23.892,58587500,1399772550.0,,,,,
2025-06-04,24.087,24.087,23.551,23.6,19435500,458677800.0,,,,,
2025-06-05,23.6,23.697,23.307,23.356,24655300,575849186.8000001,,,,,
2025-06-06,23.307,23.405,23.015,23.015,28033000,645179495.0,,,,,
2025-06-09,23.063,23.112,22.771,22.771,15704100,357598061.1,,,,,
2025-06-10,22.82,22.966,22.722,22.771,13479500,306941694.5,,,,,
2025-06-11,22.82,23.015,22.771,22.917,12900900,295649925.3,,,,,
2025-06-12,23.015,23.259,22.966,23.063,13812400,318555381.2,,,,,
2025-06-13,22.917,22.966,22.478,22.576,35039900,791060782.4,,,,,
2025-06-16,22.527,23.259,22.527,23.259,16823100,391288482.9,,,,,
2025-06-17,23.307,23.356,23.063,23.259,16346700,380207895.3,,,,,
2025-06-18,23.259,23.356,23.015,23.015,21794300,501595814.5,,,,,
2025-06-19,23.015,23.356,22.917,23.307,19690200,458919491.4,,,,,
2025-06-20,23.454,23.746,23.259,23.405,25086200,587142511.0,,,,,
2025-06-23,23.112,23.259,22.966,23.161,15661100,362726737.1,,,,,
2025-06-24,23.551,23.941,23.405,23.697,48489100,1149046202.7,,,,,
2025-06-25,23.746,24.185,23.6,23.892,25856200,617756330.4,,,,,
2025-06-26,23.892,23.99,23.551,23.892,18417100,440021353.2,,,,,
2025-06-27,23.99,24.234,23.844,24.039,19508400,468962427.6,,,,,
2025-06-30,24.38,24.526,24.087,24.087,26590700,640490190.9,,,,,
2025-07-01,24.136,24.185,23.746,23.844,15143300,361076845.2000001,,,,,
2025-07-02,23.795,25.16,23.746,24.868,41265000,1026178020.0,,,,,
2025-07-03,24.868,25.648,24.526,25.111,58323300,1464556386.3,,,,,
2025-07-04,25.258,25.501,24.965,25.258,21022600,530988830.8,,,,,
2025-07-07,25.55,25.794,25.404,25.648,33309100,854311796.8,,,,,
2025-07-08,25.745,26.477,25.599,26.379,65007600,1714835480.4,,,,,
2025-07-09,26.574,28.135,26.574,27.842,72536400,2019558448.8,,,,,
2025-07-10,28.183,28.427,27.891,28.232,51768100,1461516999.2,,,,,
2025-07-11,28.232,29.256,28.232,28.915,62931400,1819661431.0,,,,,
2025-07-14,29.061,29.207,28.281,29.012,51458700,1492919804.4,,,,,
2025-07-15,29.061,31.011,28.915,29.744,62849100,1869383630.4,,,,,
2025-07-16,29.744,31.109,29.549,30.816,47110600,1451760249.6,,,,,
2025-07-17,31.206,31.304,30.573,31.109,49672400,1545258691.6,,,,,
2025-07-18,31.255,31.499,30.719,31.011,38374200,1190022316.2,,,,,
2025-07-21,31.255,31.304,30.036,30.573,55033300,1682533080.9,,,,,
2025-07-22,30.231,31.206,29.792,31.206,61716000,1925909496.0,,,,,
2025-07-23,31.499,32.523,31.109,31.45,43849400,1379063630.0,,,,,
2025-07-24,31.499,31.548,30.573,31.206,43190300,1347796501.8,,,,,
2025-07-25,31.353,33.254,31.206,33.157,62122900,2059808995.3,,,,,
2025-07-28,33.937,34.961,33.596,34.912,49584700,1731101046.4,,,,,
2025-07-29,35.205,35.302,32.474,32.474,104999100,3409740773.4,,,,,
2025-07-30,32.767,33.303,31.889,33.059,62743900,2074250590.1,,,,,
2025-07-31,33.254,33.742,32.279,33.352,49380200,1646928430.4,,,,,
2025-08-01,33.157,33.937,32.279,32.377,56677600,1835050655.2,,,,,
2025-08-04,31.694,33.157,31.596,33.157,56726000,1880863982.0,,,,,
2025-08-05,33.547,35.01,31.694,33.791,91934400,3106555310.4,,,,,
2025-08-06,33.888,34.425,33.547,34.425,50091400,1724396444.9999998,,,,,
2025-08-07,34.912,34.912,33.888,34.278,37109400,1272036013.2,,,,,
2025-08-08,34.815,36.277,34.23,34.62,95427300,3303693125.9999995,,,,,
2025-08-11,34.912,36.814,34.425,36.57,59260500,2167156485.0,,,,,
2025-08-12,36.96,37.009,35.497,35.839,45373500,1626140866.5,,,,,
2025-08-13,36.131,36.229,34.717,35.839,67780700,2429192507.3,,,,,
2025-08-14,36.082,36.863,35.205,35.887,70443500,2528005884.5,,,,,
2025-08-15,36.472,36.619,35.351,35.644,58499100,2085141920.4,,,,,
2025-08-18,35.692,35.887,34.766,34.912,50226000,1753490112.0,,,,,
2025-08-19,34.62,36.375,34.62,35.839,59106200,2118307101.8,,,,,
2025-08-20,35.839,35.887,33.644,35.205,60341100,2124308425.5,,,,,
2025-08-21,35.302,36.96,35.205,36.131,72277300,2611451126.3,,,,,
2025-08-22,35.546,35.887,34.473,34.863,63807300,2224513899.9,,,,,
2025-08-25,35.497,36.863,34.961,35.741,69348200,2478574016.2,,,,,
2025-08-26,35.644,38.228,35.253,38.228,94358400,3607132915.2,,,,,
2025-08-27,39.447,40.178,39.106,39.252,59655800,2341609461.6000004,,,,,
2025-08-28,39.496,40.958,39.154,40.958,54930700,2249851610.6,,,,,
2025-08-29,41.885,43.055,41.153,41.153,52457300,2158775266.9,,,,,
2025-09-03,41.153,41.592,39.886,40.325,54126400,2182647080.0,,,,,
2025-09-04,40.568,41.544,40.129,41.251,33209200,1369912709.1999998,,,,,
2025-09-05,41.69,42.324,39.496,39.496,51528200,2035157787.2,,,,,
2025-09-08,39.301,40.568,39.106,39.203,72146900,2828374920.7000003,,,,,
2025-09-09,39.544,40.958,38.325,40.958,51995900,2129648072.2,,,,,
2025-09-10,41.739,42.324,40.617,41.397,43275200,1791463454.4,,,,,
2025-09-11,40.763,41.544,38.813,41.397,85920600,3556855078.2,,,,,
2025-09-12,41.787,41.836,40.52,40.861,34559500,1412135729.5,,,,,
2025-09-15,41.056,41.592,40.422,41.153,40521000,1667560713.0,,,,,
2025-09-16,41.934,41.934,40.568,40.568,37917500,1538237140.0,,,,,
2025-09-17,40.373,40.617,39.496,39.593,37920700,1501394275.1,,,,,
2025-09-18,39.837,40.373,39.301,39.788,26356200,1048660485.6,,,,,
2025-09-19,39.983,40.227,39.349,39.349,27872000,1096735328.0,,,,,
2025-09-22,39.496,39.739,38.228,38.325,43538600,1668616845.0000002,,,,,
2025-09-23,38.423,39.106,38.423,38.423,21429500,823385678.5,,,,,
2025-09-24,38.52,39.252,37.594,39.252,36376800,1427862153.6,,,,,
2025-09-25,39.5,39.65,39.0,39.0,25997200,1013890800.0,,,,,
2025-09-26,38.9,38.95,38.0,38.0,38838600,1475866800.0,,,,,
2025-09-29,38.05,38.2,37.2,37.55,34409300,1292069215.0,,,,,
2025-09-30,37.6,38.8,37.3,38.55,38227200,1473658560.0,,,,,
2025-10-01,38.85,39.2,38.45,38.6,16967100,654930060.0,,,,,
2025-10-02,38.65,38.95,37.7,37.85,21157600,800815160.0,,,,,
2025-10-03,37.75,38.2,37.2,37.65,25057700,943422405.0,,,,,
2025-10-06,38.5,40.25,38.45,40.25,53500100,2153379025.0,,,,,
2025-10-07,41.0,41.35,40.55,40.8,40540800,1654064640.0,,,,,
2025-10-08,41.75,42.5,40.55,41.2,53747600,2214401120.0,,,,,
2025-10-09,41.25,41.3,40.55,40.65,33451500,1359803475.0,265688.0,726643.0,108428130.6,296371894.85,130975969.1
2025-10-10,40.9,41.5,40.6,40.7,29024800,1181309360.0,117481.0,385625.0,48190241.6,158095791.0,131539887.0
2025-10-13,40.15,41.7,40.0,41.35,42263800,1747608130.0,220037.0,368527.0,89818702.5,151296377.55,131590627.1
2025-10-14,42.35,43.3,41.0,41.0,65269200,2676037200.0,73890.0,716961.0,31264062.7,303339060.1,132214645.3
2025-10-15,41.1,41.75,40.85,41.45,30114300,1248237735.0,272324.0,202591.0,112329413.55,83340412.6,132284634.3
2025-10-16,41.7,42.25,41.15,41.35,29760800,1230609080.0,314370.0,588280.0,130796928.6,244339289.05,132321755.3
2025-10-17,41.5,41.95,40.7,40.8,38969300,1589947440.0,236730.0,648438.0,97614790.5,267807782.0,133039926.6
2025-10-20,40.75,41.8,37.95,37.95,70585900,2678734905.0,663599.0,1072296.0,261452716.4,436737004.55,132617657.6
2025-10-21,37.95,39.5,36.95,38.6,81186900,3133814340.0,1886757.0,722810.0,717608204.5,277138264.1,131839915.4
2025-10-22,38.8,38.8,37.2,38.45,32795900,1261002355.0,194435.0,473257.0,74150970.0,180835187.4,132588642.0
2025-10-23,38.5,38.65,37.5,37.5,24279700,910488750.0,21371.0,361639.0,8189632.5,137907621.6,133185782.7
2025-10-24,37.2,37.4,35.7,36.0,82075200,2954707200.0,518185.0,2613223.0,187958120.0,946570631.8,132689193.6
2025-10-27,36.4,36.55,34.55,34.8,71137600,2475588480.0,401088.0,2035033.0,141259987.7,719434277.5,133082707.6
2025-10-28,34.7,36.0,34.7,35.85,34464100,1235537985.0,294517.0,584628.0,103130646.95,205505022.5,133516806.9
2025-10-29,35.95,36.2,35.6,35.6,22897000,815133200.0,32093.0,396551.0,11559888.0,142270570.25,135889939.1
2025-10-30,35.65,35.85,34.8,34.85,28037300,977099905.0,20677.0,440746.0,7256230.8,155012797.35,137536360.3
2025-10-31,34.75,35.25,34.3,34.3,26772900,918310470.0,185944.0,321434.0,64411431.2,111421896.05,137657630.6
2025-11-03,34.3,34.55,32.5,32.5,50015100,1625490750.0,350948.0,476895.0,117794184.9,160478850.2,137822989.4
2025-11-04,32.4,34.75,32.1,34.75,57837700,2009860075.0,475630.0,544361.0,159095426.7,183771613.0,138149205.8
2025-11-05,34.8,35.5,34.75,34.9,30063400,1049212660.0,276270.0,496178.0,96672450.0,174523282.05,138487697.0
2025-11-06,35.0,35.05,34.05,34.3,23177900,795001969.9999999,46660.0,223920.0,16076190.0,77282915.0,138833137.4
2025-11-07,34.15,34.2,32.85,32.95,36679200,1208579640.0,77437.0,391070.0,25983018.9,131821670.0,138857675.8
2025-11-10,32.95,34.85,32.75,33.6,33031200,1109848320.0,346826.0,362416.0,117080866.8,123278361.0,138835310.4
2025-11-11,,0.0,0.0,0.0,0,0.0,0.0,0.0,0.0,0.0,0.0
2025-11-12,35.1,35.85,34.8,35.5,34965500,1241275250.0,229220.0,130958.0,81287580.0,45951789.4,139404679.6
2025-11-14,34.8,35.35,34.6,34.95,19630000,686068500.0,12879.0,240963.0,4491725.35,84153575.0,139563330.1
2025-11-17,35.0,35.45,34.85,35.4,15953500,564753900.0,10220.0,106398.0,3600940.0,37305475.15,139565049.4
2025-11-18,35.45,35.95,35.2,35.55,25611500,910488825.0,326654.0,281152.0,115990806.0,99828208.55,139377729.4
2025-11-19,35.4,35.45,34.35,34.65,23268600,806256990.0,78415.0,87325.0,27233645.0,30606362.25,139799251.5
2025-11-20,34.65,34.95,34.15,34.8,21063700,733016759.9999999,405898.0,16384.0,140536437.0,5673482.85,139535287.3
2025-11-25,34.15,34.3,32.6,32.85,53026500,1741920525.0,90852.0,669396.0,30367719.3,223499643.45,139343555.7
2025-11-26,33.0,34.05,32.95,34.0,36038100,1225295400.0,479522.0,364670.0,161846286.25,122923284.35,138980747.9
2025-11-27,33.85,34.15,33.15,33.2,20104000,667452800.0,79900.0,260738.0,26591033.8,87773215.0,139314369.6
2025-11-28,33.15,33.45,32.55,32.8,25473600,835534079.9999999,178925.0,142021.0,58927325.35,46856109.0,139786668.3
2025-12-01,33.0,33.15,32.0,32.0,28396500,908688000.0,268833.0,380906.0,87744565.75,124048600.6,139652575.6
2025-12-02,31.7,32.45,31.7,32.3,31339700,1012272310.0,680804.0,538705.0,218206339.5,172943836.95,139420779.9
2025-12-03,32.4,32.55,32.15,32.35,22047800,713246330.0,97480.0,194286.0,31498695.0,62754635.4,139857007.1
2025-12-04,32.55,33.15,32.5,32.8,32017100,1050160880.0,191046.0,290113.0,62681764.5,94992193.2,139893737.2
2025-12-05,32.95,33.0,32.2,32.25,47092900,1518746025.0,73595.0,494971.0,23812346.75,160841111.95,140009615.3
2025-12-08,30.0,30.45,29.4,29.4,31938300,938986020.0,29005.0,592001.0,8644090.95,176504595.55,140165717.1
2025-12-10,29.0,29.3,28.9,29.25,12135600,354966300.0,112854.0,61486.0,32804540.8,17899305.9,140588515.6
2025-12-11,29.35,29.7,28.95,29.05,11688200,339542210.0,33520.0,170181.0,9814254.45,49819741.75,141187457.7
2025-12-12,29.3,29.4,28.0,28.1,21558800,605802280.0,221935.0,15683.0,63658830.0,4555269.15,141316327.9
2025-12-15,28.05,28.85,28.05,28.4,18667300,530151320.0,405061.0,70701.0,115099540.0,20112253.4,140936270.0
2025-12-23,31.45,31.6,30.65,30.8,26174900,806186920.0,128636.0,104569.0,39867289.75,32648016.75,139921274.0
2025-12-24,30.7,31.35,30.4,31.35,22076900,692110815.0,548349.0,97809.0,170580458.0,30447124.7,139476226.3
2025-12-25,31.35,31.6,30.5,30.5,16892800,515230400.0,105407.0,46670.0,32812318.85,14518390.0,139469977.3
2025-12-26,30.25,31.25,29.75,30.75,31205200,959559900.0,225889.0,142777.0,68323499.6,43006365.45,139288398.7
2025-12-29,30.8,30.95,30.4,30.5,11999500,365984750.0,208833.0,149327.0,63860637.3,45835214.5,139258121.9
2025-12-30,30.5,30.8,30.3,30.6,11165800,341673480.0,210720.0,88370.0,64348065.0,26931985.2,139153018.9
2025-12-31,30.65,30.9,30.2,30.25,13612800,411787200.0,125702.0,110322.0,38153863.05,33653486.25,139123507.3
2026-01-05,30.4,30.4,28.8,29.15,31181700,908946555.0,224575.0,120886.0,65806248.05,35980562.4,139000254.8
2026-01-06,29.15,29.8,28.65,29.65,24039700,712777105.0,224689.0,171817.0,65397926.55,50168175.4,138899652.0
2026-01-07,30.0,30.5,29.75,30.1,24638500,741618850.0,239347.0,98944.0,72094608.0,29813921.5,138834542.8
2026-01-08,30.2,31.3,30.2,30.55,43204100,1319885255.0,353705.0,174991.0,108104918.5,53797614.5,138578998.2
2026-01-09,30.95,31.05,30.3,30.35,29015400,880617390.0,112587.0,313973.0,34395881.25,96100042.9,138661946.3
2026-01-12,30.45,32.45,30.45,32.45,55916600,1814493670.0,353661.0,230610.0,112294028.8,74045491.0,138286197.4
2026-01-13,33.55,33.9,32.65,32.75,50152400,1642491100.0,129954.0,265377.0,43148220.65,88545592.95,138501635.9
2026-01-14,32.8,33.55,32.2,33.35,58600100,1954313335.0,783335.0,200279.0,258760426.25,66207022.0,138051104.1
2026-01-15,33.3,33.8,32.35,32.65,42148600,1376151790.0,47123.0,484711.0,15440505.1,160084241.6,138203320.0
2026-01-16,32.9,33.45,32.0,32.65,40835700,1333285605.0,136414.0,174053.0,44484349.5,56843414.7,138183132.6
2026-01-19,32.6,33.2,32.45,32.65,23355000,762540750.0,109878.0,211587.0,36113032.0,69353611.6,138234336.7
2026-01-20,33.0,33.3,32.25,32.6,27568900,898746140.0,226874.0,149250.0,74048597.98,48801340.78,138678986.2
2026-01-21,32.25,32.5,31.4,31.7,45564500,1444394650.0,75565.0,259930.0,24003186.55,82982540.0,138704292.8
2026-01-22,32.05,32.55,31.7,31.9,23297600,743193440.0,68763.0,120737.0,21970552.0,38725789.9,138810756.3
2026-01-23,32.2,32.7,31.8,31.9,26072300,831706370.0,293918.0,83130.0,94466522.95,26785509.1,138583745.9
2026-01-26,31.75,32.4,30.8,31.0,25986500,805581500.0,44686.0,43659.0,14026116.0,13857446.5,138808869.4
2026-01-27,31.0,31.4,30.85,30.85,17981400,554726190.0,71845.0,85393.0,22318097.1,26452402.0,138828032.3
2026-01-28,31.0,31.4,30.5,30.95,24978600,773087670.0,189570.0,129101.0,58522510.1,39954650.6,138699703.2
2026-01-29,31.05,31.5,30.95,31.15,11080700,345163805.0,125193.0,75229.0,39085085.65,23443914.25,138713221.0
2026-01-30,31.2,31.6,31.1,31.15,18979800,591220770.0,49909.0,93268.0,15600032.75,29171102.15,138746890.3
2026-02-02,31.15,31.15,30.6,30.8,20335700,626339560.0,59633.0,436195.0,18372149.55,134610765.6,138734574.7
2026-02-03,31.0,31.5,30.9,30.9,27630800,853791720.0,300644.0,357447.0,93823806.0,111584559.6,138504801.4
2026-02-04,31.4,32.5,31.35,31.55,32382800,1021677340.0,198484.0,349405.0,63090373.6,111201162.65,167344021.5
2026-02-05,31.7,31.9,31.0,31.0,15197700,471128700.0,74250.0,191633.0,23371545.0,60287069.4,167801447.6
2026-02-06,30.7,31.0,29.9,29.9,37356200,1116950380.0,15746.0,157790.0,4777128.3,48227605.0,167925294.6
2026-02-09,30.25,30.35,29.6,29.6,14650200,433645920.0,35022.0,255640.0,10430668.0,76375380.0,168052250.7
2026-02-10,29.6,30.0,29.5,29.95,19127600,572871620.0,91711.0,153453.0,27257252.75,45619756.2,168091540.1
2026-02-11,30.15,31.2,30.1,31.2,22738100,709428720.0,91003.0,22874.0,28202436.55,7017033.1,168245530.4
2026-02-12,31.25,31.5,31.05,31.25,11764300,367634375.0,72940.0,1920.0,22812045.0,600275.0,168423878.1
2026-02-13,31.1,31.55,30.9,31.4,19533500,613351900.0,292230.0,334216.0,91260644.15,104391518.0,168185798.2
2026-02-23,31.6,31.85,31.3,31.6,16669300,526749880.0,39819.0,266574.0,12609362.5,84284115.6,168428385.6
2026-02-24,31.5,32.8,31.25,32.1,46478100,1491947010.0,420279.0,187194.0,134668700.65,60202628.25,168055049.7
2026-02-25,32.0,32.7,31.8,32.15,42664700,1371670105.0,113123.0,192209.0,36429022.8,61585882.0,168130884.0
2026-02-26,32.3,32.7,32.0,32.4,30429600,985919040.0,64345.0,233039.0,20777631.75,75184753.2,168408889.1
2026-02-27,32.5,32.95,32.1,32.4,37296900,1208419560.0,107641.0,197628.0,35042710.5,64195740.95,168403114.6
2026-03-02,31.5,32.8,31.3,31.85,72555400,2310889490.0,762527.0,102811.0,245436459.7,32803954.15,167825273.3
2026-03-03,32.1,33.55,32.0,32.6,70785100,2307594260.0,626332.0,182233.0,204305947.0,59548168.0,167469494.5
2026-03-04,32.55,33.7,31.5,33.7,92511300,3117630810.0000005,222320.0,549763.0,72039454.75,178067279.7,167502942.1
2026-03-05,34.3,35.0,33.5,33.5,83987900,2813594650.0,523980.0,1064750.0,179557009.0,363716909.6,167256782.4
2026-03-06,33.1,33.2,31.5,31.5,70603700,2224016550.0,52905.0,622735.0,17077065.3,203834510.3,167717171.9
2026-03-09,29.3,29.45,29.3,29.3,33530000,982429000.0,42827.0,22100.0,12548794.7,6477083.7,168047861.9
2026-03-10,30.0,30.5,29.0,29.65,81041100,2402868615.0,247616.0,148990.0,73426673.9,44230934.1,168325984.4
2026-03-11,29.8,30.8,29.4,30.25,39065300,1181725325.0,197520.0,655436.0,59368320.0,197214551.85,168833925.5
2026-03-12,29.7,30.1,28.9,29.15,44112200,1285870630.0,174080.0,418500.0,51094884.8,123403050.0,168865389.5
2026-03-13,28.75,29.2,28.2,28.4,54940600,1560313040.0,130780.0,477120.0,37589015.05,136842745.0,168935844.2
2026-03-16,28.45,29.25,28.3,28.4,26040700,739555880.0,34760.0,411408.0,9919738.7,117483958.2,169500206.1
2026-03-17,28.8,29.45,28.65,28.65,29267400,838511010.0,275001.0,156781.0,80158025.9,45519234.25,169430400.8
2026-03-18,28.8,28.9,27.7,28.0,42490600,1189736800.0,159142.0,130910.0,44781348.3,37060137.5,169837089.2
2026-03-19,27.4,27.6,26.6,27.0,60356700,1629630900.0,222477.0,332330.0,60438348.75,90110918.4,170115516.6
2026-03-20,26.8,27.3,26.65,26.95,34786500,937496175.0,807608.0,633276.0,217653850.5,170822972.85,169495672.4
2026-03-23,26.1,26.35,25.2,25.4,50940700,1293893780.0,366522.0,266688.0,93167050.1,68832950.0,169822741.7
2026-03-24,26.25,26.5,25.85,25.9,28152600,729152340.0,151540.0,272467.0,39611541.25,70861706.4,170037462.7
2026-03-25,26.4,27.25,26.3,26.85,30401000,816266850.0,132482.0,245227.0,35496143.5,65687714.45,170067057.7
2026-03-26,26.85,26.85,26.35,26.35,23402600,616658510.0,245043.0,464252.0,65070398.5,123403769.5,169945274.3
2026-03-27,26.35,27.2,26.35,27.05,23305300,630408365.0,131875.0,185486.0,35202442.5,49535222.0,170179796.6
2026-03-30,26.35,26.9,26.0,26.55,25942100,688762755.0,158734.0,367429.0,42281773.0,96589355.25,170265630.6
2026-03-31,26.7,27.3,26.55,26.95,34450800,928449060.0,261903.0,390875.0,70649515.0,105573481.95,170370902.9
2026-04-01,27.7,28.5,27.6,27.9,40298800,1124336520.0,5590720.0,1061309.0,156.57,29.72,0.0
2026-04-02,27.65,27.95,27.35,27.55,25165800,693317790.0,3855590.0,1137937.0,106.39,31.4,0.0
2026-04-03,27.7,27.8,27.0,27.0,27134200,732623400.0,1594695.0,1805181.0,43.55,49.29,0.0
2026-04-06,26.9,27.5,26.85,26.95,17570600,473527670.0,2489031.0,1331500.0,67.66,36.19,0.0
2026-04-07,27.15,27.5,26.75,27.5,18136200,498745500.0,358289.0,2895330.0,9.71,78.45,0.0
2026-04-08,28.7,29.4,28.5,29.4,65778300,1933882020.0,3913495.0,1739490.0,113.45,50.43,0.0
2026-04-09,28.95,29.25,28.75,28.75,28819900,828572125.0,1483500.0,3198300.0,42.98,92.66,0.0
2026-04-10,29.1,29.15,28.6,28.6,23553100,673618660.0,1629400.0,1810770.0,47.04,52.27,0.0
