time,open,high,low,close,volume,value,foreign_buy_vol,foreign_sell_vol,foreign_buy_val,foreign_sell_val,foreign_room,foreign_ownership_pct,foreign_buy_value_bn,foreign_sell_value_bn
2018-12-12,10.133,10.133,10.133,10.133,0,0.0,0.0,0.0,0.0,0.0,,0.0,0.0,0.0
2018-12-13,14.186,14.186,14.186,14.186,5000,70930.0,0.0,5000.0,0.0,80000.0,,0.0,0.0,0.08
2018-12-14,16.297,16.297,16.297,16.297,5000,81485.0,0.0,5000.0,0.0,100000.0,,0.0,0.0,0.1
2018-12-17,18.662,18.662,18.662,18.662,5000,93310.0,0.0,5000.0,0.0,110000.0,,0.0,0.0,0.11
2018-12-18,21.448,21.448,21.448,21.448,5100,109384.8,0.0,5000.0,0.0,130000.0,,0.0,0.0,0.13
2018-12-19,24.657,24.657,18.24,24.573,10900,267845.7,0.0,3000.0,0.0,80000.0,,0.0,0.0,0.08
2018-12-20,23.559,23.559,23.559,23.559,100,2355.9,0.0,0.0,0.0,0.0,,0.0,0.0,0.0
2018-12-21,23.644,23.644,23.475,23.559,7400,174336.6,0.0,0.0,0.0,0.0,,0.0,0.0,0.0
2018-12-24,20.182,24.488,20.097,23.644,1200,28372.8,0.0,0.0,0.0,0.0,,0.0,0.0,0.0
2018-12-25,23.475,23.475,23.475,23.475,400,9390.0,0.0,0.0,0.0,0.0,,0.0,0.0,0.0
2018-12-26,23.475,23.475,23.475,23.475,0,0.0,0.0,0.0,0.0,0.0,,0.0,0.0,0.0
2018-12-27,23.475,23.475,23.475,23.475,0,0.0,0.0,0.0,0.0,0.0,,0.0,0.0,0.0
2018-12-28,23.475,23.475,23.475,23.475,0,0.0,0.0,0.0,0.0,0.0,,0.0,0.0,0.0
2019-01-02,23.475,23.475,23.475,23.475,0,0.0,0.0,0.0,0.0,0.0,,0.0,0.0,0.0
2019-01-03,23.475,23.475,23.475,23.475,0,0.0,0.0,0.0,0.0,0.0,,0.0,0.0,0.0
2019-01-04,23.475,23.475,23.475,23.475,0,0.0,0.0,0.0,0.0,0.0,,0.0,0.0,0.0
2019-01-07,23.475,23.475,23.475,23.475,0,0.0,0.0,0.0,0.0,0.0,,0.0,0.0,0.0
2019-01-08,20.266,20.266,20.266,20.266,100,2026.6,0.0,0.0,0.0,0.0,,0.0,0.0,0.0
2019-01-09,19.168,19.168,17.986,17.986,200,3597.2000000000003,0.0,0.0,0.0,0.0,,0.0,0.0,0.0
2019-01-10,21.364,21.364,21.364,21.364,1500,32046.0,0.0,0.0,0.0,0.0,,0.0,0.0,0.0
2019-01-11,18.24,18.24,18.24,18.24,100,1824.0,0.0,0.0,0.0,0.0,,0.0,0.0,0.0
2019-01-14,18.24,18.24,18.24,18.24,0,0.0,0.0,0.0,0.0,0.0,,0.0,0.0,0.0
2019-01-15,15.537,15.537,15.537,15.537,100,1553.7,0.0,0.0,0.0,0.0,,0.0,0.0,0.0
2019-01-16,13.257,17.817,13.257,17.817,200,3563.4,0.0,0.0,0.0,0.0,,0.0,0.0,0.0
2019-01-17,13.257,13.257,13.257,13.257,100,1325.7,0.0,0.0,0.0,0.0,,0.0,0.0,0.0
2019-01-18,15.2,15.2,15.2,15.2,200,3040.0,0.0,0.0,0.0,0.0,,0.0,0.0,0.0
2019-01-21,15.2,16.888,15.2,16.888,200,3377.6000000000004,0.0,0.0,0.0,0.0,,0.0,0.0,0.0
2019-01-22,16.804,16.804,16.804,16.804,100,1680.4,0.0,0.0,0.0,0.0,,0.0,0.0,0.0
2019-01-23,16.804,16.804,16.804,16.804,0,0.0,0.0,0.0,0.0,0.0,,0.0,0.0,0.0
2019-01-24,16.804,16.804,16.804,16.804,0,0.0,0.0,0.0,0.0,0.0,,0.0,0.0,0.0
2019-01-25,16.804,16.804,16.804,16.804,0,0.0,0.0,0.0,0.0,0.0,,0.0,0.0,0.0
2019-01-28,16.804,16.804,16.804,16.804,0,0.0,0.0,0.0,0.0,0.0,,0.0,0.0,0.0
2019-01-29,16.804,16.804,16.804,16.804,0,0.0,0.0,0.0,0.0,0.0,,0.0,0.0,0.0
2019-01-30,16.804,16.804,16.804,16.804,0,0.0,0.0,0.0,0.0,0.0,,0.0,0.0,0.0
2019-01-31,17.237,17.237,17.237,17.237,100,1723.6999999999998,0.0,0.0,0.0,0.0,,0.0,0.0,0.0
2019-02-01,17.237,17.237,17.237,17.237,0,0.0,0.0,0.0,0.0,0.0,,0.0,0.0,0.0
2019-02-11,17.237,17.237,17.237,17.237,0,0.0,0.0,0.0,0.0,0.0,,0.0,0.0,0.0
2019-02-12,17.237,17.237,17.237,17.237,0,0.0,0.0,0.0,0.0,0.0,,0.0,0.0,0.0
2019-02-13,17.237,17.237,17.237,17.237,0,0.0,0.0,0.0,0.0,0.0,,0.0,0.0,0.0
2019-02-14,17.237,17.237,17.237,17.237,0,0.0,0.0,0.0,0.0,0.0,,0.0,0.0,0.0
2019-02-15,17.237,17.237,17.237,17.237,0,0.0,0.0,0.0,0.0,0.0,,0.0,0.0,0.0
2019-02-18,17.237,17.237,17.237,17.237,0,0.0,0.0,0.0,0.0,0.0,,0.0,0.0,0.0
2019-02-19,17.237,17.237,17.237,17.237,0,0.0,0.0,0.0,0.0,0.0,,0.0,0.0,0.0
2019-02-20,17.237,17.237,17.237,17.237,0,0.0,0.0,0.0,0.0,0.0,,0.0,0.0,0.0
2019-02-21,17.237,17.237,17.237,17.237,0,0.0,0.0,0.0,0.0,0.0,,0.0,0.0,0.0
2019-02-22,14.725,19.749,14.725,19.749,1100,21723.9,0.0,0.0,0.0,0.0,,0.0,0.0,0.0
2019-02-25,13.426,17.756,13.339,17.756,4100,72799.6,0.0,0.0,0.0,0.0,,0.0,0.0,0.0
2019-02-26,15.418,15.418,15.418,15.418,100,1541.8,0.0,0.0,0.0,0.0,,0.0,0.0,0.0
2019-02-27,15.418,15.418,15.418,15.418,0,0.0,0.0,0.0,0.0,0.0,,0.0,0.0,0.0
2019-02-28,13.166,17.67,13.166,17.67,5100,90117.0,0.0,0.0,0.0,0.0,,0.0,0.0,0.0
2019-03-01,15.071,15.071,15.071,15.071,100,1507.1,0.0,0.0,0.0,0.0,,0.0,0.0,0.0
2019-03-04,15.591,15.591,15.591,15.591,100,1559.1,0.0,0.0,0.0,0.0,,0.0,0.0,0.0
2019-03-05,15.591,15.591,15.591,15.591,0,0.0,0.0,0.0,0.0,0.0,,0.0,0.0,0.0
2019-03-06,15.591,15.591,15.591,15.591,0,0.0,0.0,0.0,0.0,0.0,,0.0,0.0,0.0
2019-03-07,15.591,15.591,15.591,15.591,0,0.0,0.0,0.0,0.0,0.0,,0.0,0.0,0.0
2019-03-08,15.591,15.591,15.591,15.591,0,0.0,0.0,0.0,0.0,0.0,,0.0,0.0,0.0
2019-03-11,15.591,15.591,15.591,15.591,0,0.0,0.0,0.0,0.0,0.0,,0.0,0.0,0.0
2019-03-12,15.591,15.591,15.591,15.591,0,0.0,0.0,0.0,0.0,0.0,,0.0,0.0,0.0
2019-03-13,15.591,15.591,15.591,15.591,0,0.0,0.0,0.0,0.0,0.0,,0.0,0.0,0.0
2019-03-14,15.591,15.591,15.591,15.591,0,0.0,0.0,0.0,0.0,0.0,,0.0,0.0,0.0
2019-03-15,14.725,14.725,14.725,14.725,100,1472.5,0.0,0.0,0.0,0.0,,0.0,0.0,0.0
2019-03-18,14.725,14.725,14.725,14.725,0,0.0,0.0,0.0,0.0,0.0,,0.0,0.0,0.0
2019-03-19,14.811,14.811,14.811,14.811,100,1481.1,0.0,0.0,0.0,0.0,,0.0,0.0,0.0
2019-03-20,14.811,14.811,14.811,14.811,18,266.598,0.0,0.0,0.0,0.0,,0.0,0.0,0.0
2019-03-21,14.811,14.811,14.811,14.811,0,0.0,0.0,0.0,0.0,0.0,,0.0,0.0,0.0
2019-03-22,14.811,14.811,14.725,14.811,1500,22216.5,0.0,0.0,0.0,0.0,,0.0,0.0,0.0
2019-03-25,14.811,14.811,14.811,14.811,500,7405.5,0.0,0.0,0.0,0.0,,0.0,0.0,0.0
2019-03-26,15.158,15.158,14.725,14.811,1400,20735.4,0.0,0.0,0.0,0.0,,0.0,0.0,0.0
2019-03-27,14.898,14.898,14.898,14.898,0,0.0,0.0,0.0,0.0,0.0,,0.0,0.0,0.0
2019-03-28,15.591,15.591,15.591,15.591,100,1559.1,0.0,0.0,0.0,0.0,,0.0,0.0,0.0
2019-03-29,15.591,17.93,15.591,17.93,7600,136268.0,0.0,0.0,0.0,0.0,,0.0,0.0,0.0
2019-04-01,15.591,15.591,15.591,15.591,400,6236.4,0.0,0.0,0.0,0.0,,0.0,0.0,0.0
2019-04-02,15.591,15.591,15.591,15.591,18,280.638,0.0,0.0,0.0,0.0,,0.0,0.0,0.0
2019-04-03,15.591,15.591,15.591,15.591,100,1559.1,0.0,0.0,0.0,0.0,,0.0,0.0,0.0
2019-04-04,15.591,15.591,15.591,15.591,0,0.0,0.0,0.0,0.0,0.0,,0.0,0.0,0.0
2019-04-05,17.93,17.93,17.93,17.93,100,1793.0,0.0,0.0,0.0,0.0,,0.0,0.0,0.0
2019-04-08,17.93,17.93,17.93,17.93,0,0.0,0.0,0.0,0.0,0.0,,0.0,0.0,0.0
2019-04-09,17.323,17.323,17.323,17.323,500,8661.5,0.0,0.0,0.0,0.0,,0.0,0.0,0.0
2019-04-10,17.323,17.323,17.323,17.323,0,0.0,0.0,0.0,0.0,0.0,,0.0,0.0,0.0
2019-04-11,17.323,17.323,17.323,17.323,0,0.0,0.0,0.0,0.0,0.0,,0.0,0.0,0.0
2019-04-12,17.323,17.323,17.323,17.323,0,0.0,0.0,0.0,0.0,0.0,,0.0,0.0,0.0
2019-04-16,17.323,17.323,17.323,17.323,0,0.0,0.0,0.0,0.0,0.0,,0.0,0.0,0.0
2019-04-17,17.323,17.323,17.323,17.323,0,0.0,0.0,0.0,0.0,0.0,,0.0,0.0,0.0
2019-04-18,17.323,17.323,17.323,17.323,0,0.0,0.0,0.0,0.0,0.0,,0.0,0.0,0.0
2019-04-19,17.323,17.323,17.323,17.323,0,0.0,0.0,0.0,0.0,0.0,,0.0,0.0,0.0
2019-04-22,17.323,17.323,17.323,17.323,0,0.0,0.0,0.0,0.0,0.0,,0.0,0.0,0.0
2019-04-23,17.323,17.323,17.323,17.323,0,0.0,0.0,0.0,0.0,0.0,,0.0,0.0,0.0
2019-04-24,16.89,18.189,15.591,18.189,1100,20007.9,0.0,0.0,0.0,0.0,,0.0,0.0,0.0
2019-04-25,16.111,16.111,16.111,16.111,0,0.0,0.0,0.0,0.0,0.0,,0.0,0.0,0.0
2019-04-26,18.189,18.189,18.189,18.189,100,1818.9,0.0,0.0,0.0,0.0,,0.0,0.0,0.0
2019-05-02,18.189,18.189,18.189,18.189,1500,27283.5,0.0,0.0,0.0,0.0,,0.0,0.0,0.0
2019-05-03,18.189,18.189,18.189,18.189,0,0.0,0.0,0.0,0.0,0.0,,0.0,0.0,0.0
2019-05-06,18.189,18.189,18.189,18.189,0,0.0,0.0,0.0,0.0,0.0,,0.0,0.0,0.0
2019-05-07,18.189,18.189,18.189,18.189,0,0.0,0.0,0.0,0.0,0.0,,0.0,0.0,0.0
2019-05-08,18.189,18.189,18.189,18.189,0,0.0,0.0,0.0,0.0,0.0,,0.0,0.0,0.0
2019-05-09,18.189,18.189,18.189,18.189,0,0.0,0.0,0.0,0.0,0.0,,0.0,0.0,0.0
2019-05-10,18.189,18.189,18.189,18.189,0,0.0,0.0,0.0,0.0,0.0,,0.0,0.0,0.0
2019-05-13,18.189,18.189,18.189,18.189,0,0.0,0.0,0.0,0.0,0.0,,0.0,0.0,0.0
2019-05-14,19.489,19.489,19.489,19.489,1000,19489.0,0.0,0.0,0.0,0.0,,0.0,0.0,0.0
2019-05-15,19.489,19.489,19.489,19.489,0,0.0,0.0,0.0,0.0,0.0,,0.0,0.0,0.0
2019-05-16,19.489,19.489,19.489,19.489,0,0.0,0.0,0.0,0.0,0.0,,0.0,0.0,0.0
2019-05-17,19.489,19.489,19.489,19.489,0,0.0,0.0,0.0,0.0,0.0,,0.0,0.0,0.0
2019-05-20,19.489,19.489,19.489,19.489,0,0.0,0.0,0.0,0.0,0.0,,0.0,0.0,0.0
2019-05-21,19.489,19.489,19.489,19.489,0,0.0,0.0,0.0,0.0,0.0,,0.0,0.0,0.0
2019-05-22,19.489,19.489,19.489,19.489,0,0.0,0.0,0.0,0.0,0.0,,0.0,0.0,0.0
2019-05-23,19.489,19.489,19.489,19.489,0,0.0,0.0,0.0,0.0,0.0,,0.0,0.0,0.0
2019-05-24,19.056,19.056,19.056,19.056,100,1905.6,0.0,0.0,0.0,0.0,,0.0,0.0,0.0
2019-05-27,19.056,19.056,19.056,19.056,0,0.0,0.0,0.0,0.0,0.0,,0.0,0.0,0.0
2019-05-28,19.922,20.182,19.922,20.182,3000,60545.99999999999,0.0,0.0,0.0,0.0,,0.0,0.0,0.0
2019-05-29,20.008,20.008,20.008,20.008,0,0.0,0.0,0.0,0.0,0.0,,0.0,0.0,0.0
2019-05-30,20.008,20.008,20.008,20.008,0,0.0,0.0,0.0,0.0,0.0,,0.0,0.0,0.0
2019-05-31,20.008,20.008,20.008,20.008,0,0.0,0.0,0.0,0.0,0.0,,0.0,0.0,0.0
2019-06-03,20.008,20.008,20.008,20.008,0,0.0,0.0,0.0,0.0,0.0,,0.0,0.0,0.0
2019-06-04,20.008,20.008,20.008,20.008,0,0.0,0.0,0.0,0.0,0.0,,0.0,0.0,0.0
2019-06-05,20.008,20.008,20.008,20.008,0,0.0,0.0,0.0,0.0,0.0,,0.0,0.0,0.0
2019-06-06,20.008,20.008,20.008,20.008,0,0.0,0.0,0.0,0.0,0.0,,0.0,0.0,0.0
2019-06-07,19.922,19.922,19.922,19.922,4600,91641.2,0.0,0.0,0.0,0.0,,0.0,0.0,0.0
2019-06-10,19.922,19.922,19.922,19.922,0,0.0,0.0,0.0,0.0,0.0,,0.0,0.0,0.0
2019-06-11,22.867,22.867,22.867,22.867,100,2286.7000000000003,0.0,0.0,0.0,0.0,,0.0,0.0,0.0
2019-06-12,22.867,22.867,22.867,22.867,0,0.0,0.0,0.0,0.0,0.0,,0.0,0.0,0.0
2019-06-13,22.867,22.867,22.867,22.867,0,0.0,0.0,0.0,0.0,0.0,,0.0,0.0,0.0
2019-06-14,19.489,20.355,19.489,20.355,4100,83455.5,0.0,0.0,0.0,0.0,,0.0,0.0,0.0
2019-06-17,19.489,19.489,19.489,19.489,0,0.0,0.0,0.0,0.0,0.0,,0.0,0.0,0.0
2019-06-18,19.489,19.489,19.489,19.489,0,0.0,0.0,0.0,0.0,0.0,,0.0,0.0,0.0
2019-06-19,19.489,19.489,19.489,19.489,0,0.0,0.0,0.0,0.0,0.0,,0.0,0.0,0.0
2019-06-20,19.489,19.489,19.489,19.489,0,0.0,0.0,0.0,0.0,0.0,,0.0,0.0,0.0
2019-06-21,19.489,19.489,19.489,19.489,0,0.0,0.0,0.0,0.0,0.0,,0.0,0.0,0.0
2019-06-24,19.489,19.489,19.489,19.489,300,5846.7,0.0,0.0,0.0,0.0,,0.0,0.0,0.0
2019-06-25,19.489,19.489,19.489,19.489,300,5846.7,0.0,0.0,0.0,0.0,,0.0,0.0,0.0
2019-06-26,19.489,19.489,19.489,19.489,0,0.0,0.0,0.0,0.0,0.0,,0.0,0.0,0.0
2019-06-27,19.489,19.489,19.489,19.489,0,0.0,0.0,0.0,0.0,0.0,,0.0,0.0,0.0
2019-06-28,19.489,19.489,19.489,19.489,0,0.0,0.0,0.0,0.0,0.0,,0.0,0.0,0.0
2019-07-01,19.489,19.489,19.489,19.489,0,0.0,0.0,0.0,0.0,0.0,,0.0,0.0,0.0
2019-07-02,19.489,19.489,19.489,19.489,0,0.0,0.0,0.0,0.0,0.0,,0.0,0.0,0.0
2019-07-03,19.489,19.489,19.489,19.489,0,0.0,0.0,0.0,0.0,0.0,,0.0,0.0,0.0
2019-07-04,19.489,19.489,19.489,19.489,0,0.0,0.0,0.0,0.0,0.0,,0.0,0.0,0.0
2019-07-05,19.489,19.489,19.489,19.489,0,0.0,0.0,0.0,0.0,0.0,,0.0,0.0,0.0
2019-07-08,16.63,19.835,16.63,19.835,1300,25785.5,0.0,0.0,0.0,0.0,,0.0,0.0,0.0
2019-07-09,17.756,17.756,17.756,17.756,300,5326.8,0.0,0.0,0.0,0.0,,0.0,0.0,0.0
2019-07-10,19.056,19.056,19.056,19.056,100,1905.6,0.0,0.0,0.0,0.0,,0.0,0.0,0.0
2019-07-11,19.056,19.056,19.056,19.056,0,0.0,0.0,0.0,0.0,0.0,,0.0,0.0,0.0
2019-07-12,19.056,19.056,19.056,19.056,0,0.0,0.0,0.0,0.0,0.0,,0.0,0.0,0.0
2019-07-15,17.323,18.189,17.323,18.189,1700,30921.3,0.0,0.0,0.0,0.0,,0.0,0.0,0.0
2019-07-16,17.323,19.922,17.323,19.922,500,9961.0,0.0,0.0,0.0,0.0,,0.0,0.0,0.0
2019-07-17,17.843,17.843,17.843,17.843,0,0.0,0.0,0.0,0.0,0.0,,0.0,0.0,0.0
2019-07-18,17.843,17.843,17.843,17.843,0,0.0,0.0,0.0,0.0,0.0,,0.0,0.0,0.0
2019-07-19,17.843,17.843,17.843,17.843,100,1784.3,0.0,0.0,0.0,0.0,,0.0,0.0,0.0
2019-07-22,19.922,19.922,19.922,19.922,500,9961.0,0.0,0.0,0.0,0.0,,0.0,0.0,0.0
2019-07-23,19.922,19.922,19.922,19.922,0,0.0,0.0,0.0,0.0,0.0,,0.0,0.0,0.0
2019-07-24,19.922,19.922,19.922,19.922,0,0.0,0.0,0.0,0.0,0.0,,0.0,0.0,0.0
2019-07-25,19.056,19.056,19.056,19.056,100,1905.6,0.0,0.0,0.0,0.0,,0.0,0.0,0.0
2019-07-26,19.056,19.056,19.056,19.056,0,0.0,0.0,0.0,0.0,0.0,,0.0,0.0,0.0
2019-07-29,19.056,19.056,19.056,19.056,0,0.0,0.0,0.0,0.0,0.0,,0.0,0.0,0.0
2019-07-30,19.056,19.056,19.056,19.056,0,0.0,0.0,0.0,0.0,0.0,,0.0,0.0,0.0
2019-07-31,19.056,19.056,19.056,19.056,0,0.0,0.0,0.0,0.0,0.0,,0.0,0.0,0.0
2019-08-01,19.056,19.056,19.056,19.056,0,0.0,0.0,0.0,0.0,0.0,,0.0,0.0,0.0
2019-08-02,19.056,19.056,19.056,19.056,300,5716.8,0.0,0.0,0.0,0.0,,0.0,0.0,0.0
2019-08-05,19.056,19.056,19.056,19.056,0,0.0,0.0,0.0,0.0,0.0,,0.0,0.0,0.0
2019-08-06,17.323,17.323,17.323,17.323,100,1732.3,0.0,0.0,0.0,0.0,,0.0,0.0,0.0
2019-08-07,17.323,17.323,17.323,17.323,0,0.0,0.0,0.0,0.0,0.0,,0.0,0.0,0.0
2019-08-08,17.41,17.41,17.41,17.41,200,3482.0,0.0,0.0,0.0,0.0,,0.0,0.0,0.0
2019-08-09,17.41,17.41,17.41,17.41,0,0.0,0.0,0.0,0.0,0.0,,0.0,0.0,0.0
2019-08-12,17.41,17.41,17.41,17.41,0,0.0,0.0,0.0,0.0,0.0,,0.0,0.0,0.0
2019-08-13,17.41,17.41,17.41,17.41,0,0.0,0.0,0.0,0.0,0.0,,0.0,0.0,0.0
2019-08-14,17.41,17.41,17.41,17.41,0,0.0,0.0,0.0,0.0,0.0,,0.0,0.0,0.0
2019-08-15,17.41,17.41,17.41,17.41,0,0.0,0.0,0.0,0.0,0.0,,0.0,0.0,0.0
2019-08-16,17.496,17.496,14.811,14.811,20000,296220.0,0.0,0.0,0.0,0.0,,0.0,0.0,0.0
2019-08-19,17.15,17.15,17.15,17.15,100,1714.9999999999998,0.0,0.0,0.0,0.0,,0.0,0.0,0.0
2019-08-20,19.575,19.575,19.575,19.575,100,1957.5,0.0,0.0,0.0,0.0,,0.0,0.0,0.0
2019-08-21,19.575,19.575,19.575,19.575,26,508.95,0.0,0.0,0.0,0.0,,0.0,0.0,0.0
2019-08-22,19.575,19.575,19.575,19.575,2,39.15,0.0,0.0,0.0,0.0,,0.0,0.0,0.0
2019-08-23,18.622,18.622,18.189,18.189,1250,22736.25,0.0,0.0,0.0,0.0,,0.0,0.0,0.0
2019-08-26,18.536,18.536,18.536,18.536,100,1853.6,0.0,0.0,0.0,0.0,,0.0,0.0,0.0
2019-08-27,18.536,18.536,18.536,18.536,0,0.0,0.0,0.0,0.0,0.0,,0.0,0.0,0.0
2019-08-28,19.056,19.056,18.709,18.709,700,13096.3,0.0,0.0,0.0,0.0,,0.0,0.0,0.0
2019-08-29,19.056,19.056,19.056,19.056,200,3811.2,0.0,0.0,0.0,0.0,,0.0,0.0,0.0
2019-08-30,19.056,19.056,19.056,19.056,0,0.0,0.0,0.0,0.0,0.0,,0.0,0.0,0.0
2019-09-03,19.056,19.056,19.056,19.056,0,0.0,0.0,0.0,0.0,0.0,,0.0,0.0,0.0
2019-09-04,19.056,19.056,19.056,19.056,0,0.0,0.0,0.0,0.0,0.0,,0.0,0.0,0.0
2019-09-05,19.056,19.056,19.056,19.056,0,0.0,0.0,0.0,0.0,0.0,,0.0,0.0,0.0
2019-09-06,19.056,19.056,19.056,19.056,0,0.0,0.0,0.0,0.0,0.0,,0.0,0.0,0.0
2019-09-09,16.197,16.197,16.197,16.197,400,6478.799999999999,0.0,0.0,0.0,0.0,,0.0,0.0,0.0
2019-09-10,18.622,18.622,18.622,18.622,100,1862.2,0.0,0.0,0.0,0.0,,0.0,0.0,0.0
2019-09-11,19.922,19.922,19.922,19.922,100,1992.2,0.0,0.0,0.0,0.0,,0.0,0.0,0.0
2019-09-12,22.78,22.78,16.977,22.52,36300,817476.0,0.0,0.0,0.0,0.0,,0.0,0.0,0.0
2019-09-13,19.922,19.922,15.418,19.922,1100,21914.2,0.0,0.0,0.0,0.0,,0.0,0.0,0.0
2019-09-16,16.197,18.622,13.772,18.622,6000,111732.0,0.0,0.0,0.0,0.0,,0.0,0.0,0.0
2019-09-17,12.213,12.213,12.213,12.213,6100,74499.29999999999,0.0,0.0,0.0,0.0,,0.0,0.0,0.0
2019-09-18,14.032,14.032,14.032,14.032,100,1403.2,0.0,0.0,0.0,0.0,,0.0,0.0,0.0
2019-09-19,16.111,16.111,16.111,16.111,100,1611.1,0.0,0.0,0.0,0.0,,0.0,0.0,0.0
2019-09-20,18.449,18.449,18.449,18.449,1000,18449.0,0.0,0.0,0.0,0.0,,0.0,0.0,0.0
2019-09-23,21.134,21.134,15.937,15.937,8300,132277.1,0.0,0.0,0.0,0.0,,0.0,0.0,0.0
2019-09-24,18.016,21.048,18.016,21.048,200,4209.599999999999,0.0,0.0,0.0,0.0,,0.0,0.0,0.0
2019-09-25,18.016,20.355,18.016,20.355,700,14248.5,0.0,0.0,0.0,0.0,,0.0,0.0,0.0
2019-09-26,20.701,20.788,16.024,20.788,8600,178776.8,0.0,0.0,0.0,0.0,,0.0,0.0,0.0
2019-09-27,18.622,18.622,18.622,18.622,100,1862.2,0.0,0.0,0.0,0.0,,0.0,0.0,0.0
2019-09-30,16.111,16.111,15.851,16.111,70100,1129381.1,0.0,0.0,0.0,0.0,,0.0,0.0,0.0
2019-10-01,15.937,18.103,13.685,18.103,43600,789290.8,0.0,0.0,0.0,0.0,,0.0,0.0,0.0
2019-10-02,15.764,15.764,11.78,15.591,15000,233865.0,0.0,0.0,0.0,0.0,,0.0,0.0,0.0
2019-10-03,14.465,14.465,14.465,14.465,500,7232.5,0.0,0.0,0.0,0.0,,0.0,0.0,0.0
2019-10-04,16.63,16.63,16.63,16.63,700,11641.0,0.0,0.0,0.0,0.0,,0.0,0.0,0.0
2019-10-07,19.056,19.056,17.323,19.056,7800,148636.80000000002,0.0,0.0,0.0,0.0,,0.0,0.0,0.0
2019-10-08,21.134,21.134,21.134,21.134,100,2113.4,0.0,0.0,0.0,0.0,,0.0,0.0,0.0
2019-10-09,21.221,24.253,21.134,21.134,11200,236700.8,0.0,0.0,0.0,0.0,,0.0,0.0,0.0
2019-10-10,19.575,19.575,19.575,19.575,100,1957.5,0.0,0.0,0.0,0.0,,0.0,0.0,0.0
2019-10-11,16.804,19.575,16.804,19.575,80600,1577745.0,0.0,0.0,0.0,0.0,,0.0,0.0,0.0
2019-10-14,17.237,19.056,17.237,19.056,1200,22867.2,0.0,0.0,0.0,0.0,,0.0,0.0,0.0
2019-10-15,17.41,18.622,17.41,18.622,70300,1309126.6,0.0,0.0,0.0,0.0,,0.0,0.0,0.0
2019-10-16,19.922,19.922,19.922,19.922,100,1992.2,0.0,0.0,0.0,0.0,,0.0,0.0,0.0
2019-10-17,17.496,17.496,17.496,17.496,1000,17496.0,0.0,0.0,0.0,0.0,,0.0,0.0,0.0
2019-10-18,17.496,17.496,17.496,17.496,0,0.0,0.0,0.0,0.0,0.0,,0.0,0.0,0.0
2019-10-21,17.583,17.583,17.583,17.583,11300,198687.9,0.0,0.0,0.0,0.0,,0.0,0.0,0.0
2019-10-22,20.008,20.008,20.008,20.008,100,2000.8,0.0,0.0,0.0,0.0,,0.0,0.0,0.0
2019-10-23,18.276,19.922,18.189,19.056,127400,2427734.4,0.0,0.0,0.0,0.0,,0.0,0.0,0.0
2019-10-24,20.441,20.441,20.441,20.441,800,16352.8,0.0,0.0,0.0,0.0,,0.0,0.0,0.0
2019-10-25,18.189,23.473,18.189,21.048,13000,273624.0,0.0,0.0,0.0,0.0,,0.0,0.0,0.0
2019-10-28,19.835,20.441,19.835,20.441,2500,51102.5,0.0,0.0,0.0,0.0,,0.0,0.0,0.0
2019-10-29,17.41,20.095,16.977,20.095,7700,154731.5,0.0,0.0,0.0,0.0,,0.0,0.0,0.0
2019-10-30,19.575,19.575,17.323,17.323,200,3464.6,0.0,0.0,0.0,0.0,,0.0,0.0,0.0
2019-10-31,17.756,19.922,17.41,19.922,12900,256993.8,0.0,0.0,0.0,0.0,,0.0,0.0,0.0
2019-11-01,18.622,18.622,18.622,18.622,100,1862.2,0.0,0.0,0.0,0.0,,0.0,0.0,0.0
2019-11-04,20.788,20.788,20.788,20.788,100,2078.8,0.0,0.0,0.0,0.0,,0.0,0.0,0.0
2019-11-05,20.788,20.788,20.788,20.788,0,0.0,0.0,0.0,0.0,0.0,,0.0,0.0,0.0
2019-11-06,20.701,21.481,20.701,20.788,11100,230746.8,0.0,0.0,0.0,0.0,,0.0,0.0,0.0
2019-11-07,21.481,21.481,21.481,21.481,11600,249179.6,0.0,0.0,0.0,0.0,,0.0,0.0,0.0
2019-11-08,21.481,21.481,21.481,21.481,0,0.0,0.0,0.0,0.0,0.0,,0.0,0.0,0.0
2019-11-11,18.709,21.654,18.709,21.134,10600,224020.4,0.0,0.0,0.0,0.0,,0.0,0.0,0.0
2019-11-12,17.41,17.41,17.41,17.41,11600,201956.0,0.0,0.0,0.0,0.0,,0.0,0.0,0.0
2019-11-13,19.056,20.008,19.056,20.008,200,4001.6,0.0,0.0,0.0,0.0,,0.0,0.0,0.0
2019-11-14,19.575,19.575,19.575,19.575,0,0.0,0.0,0.0,0.0,0.0,,0.0,0.0,0.0
2019-11-15,19.575,19.575,19.575,19.575,0,0.0,0.0,0.0,0.0,0.0,,0.0,0.0,0.0
2019-11-18,19.575,19.575,19.575,19.575,0,0.0,0.0,0.0,0.0,0.0,,0.0,0.0,0.0
2019-11-19,19.575,19.575,19.575,19.575,0,0.0,0.0,0.0,0.0,0.0,,0.0,0.0,0.0
2019-11-20,18.189,18.189,18.189,18.189,1100,20007.9,0.0,0.0,0.0,0.0,,0.0,0.0,0.0
2019-11-21,18.189,18.189,17.756,17.756,4200,74575.2,0.0,0.0,0.0,0.0,,0.0,0.0,0.0
2019-11-22,17.756,17.843,17.756,17.756,2200,39063.2,0.0,0.0,0.0,0.0,,0.0,0.0,0.0
2019-11-25,15.678,15.678,15.678,15.678,76500,1199367.0,0.0,0.0,0.0,0.0,,0.0,0.0,0.0
2019-11-26,15.504,18.016,15.504,18.016,10100,181961.6,0.0,0.0,0.0,0.0,,0.0,0.0,0.0
2019-11-27,18.103,18.103,18.103,18.103,100,1810.3,0.0,0.0,0.0,0.0,,0.0,0.0,0.0
2019-11-28,17.93,17.93,17.93,17.93,14400,258192.0,0.0,0.0,0.0,0.0,,0.0,0.0,0.0
2019-11-29,20.182,20.182,20.182,20.182,100,2018.2,0.0,0.0,0.0,0.0,,0.0,0.0,0.0
2019-12-02,20.182,20.182,20.182,20.182,0,0.0,0.0,0.0,0.0,0.0,,0.0,0.0,0.0
2019-12-03,20.182,20.182,20.182,20.182,0,0.0,0.0,0.0,0.0,0.0,,0.0,0.0,0.0
2019-12-04,20.182,20.182,20.182,20.182,0,0.0,0.0,0.0,0.0,0.0,,0.0,0.0,0.0
2019-12-05,20.182,20.182,20.182,20.182,0,0.0,0.0,0.0,0.0,0.0,,0.0,0.0,0.0
2019-12-06,21.567,21.567,21.567,21.567,1003,21631.701,0.0,0.0,0.0,0.0,,0.0,0.0,0.0
2019-12-09,18.363,19.056,18.363,19.056,10000,190560.0,0.0,0.0,0.0,0.0,,0.0,0.0,0.0
2019-12-10,18.969,18.969,18.969,18.969,500,9484.5,0.0,0.0,0.0,0.0,,0.0,0.0,0.0
2019-12-11,18.969,18.969,18.969,18.969,0,0.0,0.0,0.0,0.0,0.0,,0.0,0.0,0.0
2019-12-12,18.969,18.969,18.969,18.969,0,0.0,0.0,0.0,0.0,0.0,,0.0,0.0,0.0
2019-12-13,18.969,18.969,18.969,18.969,0,0.0,0.0,0.0,0.0,0.0,,0.0,0.0,0.0
2019-12-16,16.284,18.969,16.284,18.969,2100,39834.9,0.0,0.0,0.0,0.0,,0.0,0.0,0.0
2019-12-17,18.622,18.622,18.622,18.622,100,1862.2,0.0,0.0,0.0,0.0,,0.0,0.0,0.0
2019-12-18,18.622,18.622,18.622,18.622,100,1862.2,0.0,0.0,0.0,0.0,,0.0,0.0,0.0
2019-12-19,17.756,19.056,17.756,19.056,900,17150.4,0.0,0.0,0.0,0.0,,0.0,0.0,0.0
2019-12-20,18.103,19.056,18.103,19.056,400,7622.400000000001,0.0,0.0,0.0,0.0,,0.0,0.0,0.0
2019-12-23,18.969,18.969,18.969,18.969,100,1896.9,0.0,0.0,0.0,0.0,,0.0,0.0,0.0
2019-12-24,19.056,19.056,18.969,18.969,5498,104291.562,0.0,0.0,0.0,0.0,,0.0,0.0,0.0
2019-12-25,18.969,18.969,18.969,18.969,0,0.0,0.0,0.0,0.0,0.0,,0.0,0.0,0.0
2019-12-26,18.969,18.969,18.969,18.969,0,0.0,0.0,0.0,0.0,0.0,,0.0,0.0,0.0
2019-12-27,19.056,19.922,19.056,19.922,1000,19922.0,0.0,0.0,0.0,0.0,,0.0,0.0,0.0
2019-12-30,20.701,20.701,20.701,20.701,1300,26911.3,0.0,0.0,0.0,0.0,,0.0,0.0,0.0
2019-12-31,23.733,23.733,17.67,23.733,900,21359.7,0.0,0.0,0.0,0.0,,0.0,0.0,0.0
2020-01-02,26.158,26.158,26.158,26.158,107,2798.906,0.0,0.0,0.0,0.0,,0.0,0.0,0.0
2020-01-03,24.686,24.686,24.686,24.686,300,7405.8,0.0,0.0,0.0,0.0,,0.0,0.0,0.0
2020-01-06,21.048,21.048,21.048,21.048,100,2104.8,0.0,0.0,0.0,0.0,,0.0,0.0,0.0
2020-01-07,21.654,21.654,18.016,21.048,5600,117868.8,0.0,0.0,0.0,0.0,,0.0,0.0,0.0
2020-01-08,20.528,20.528,15.764,15.764,5300,83549.2,0.0,0.0,0.0,0.0,,0.0,0.0,0.0
2020-01-09,16.024,16.024,16.024,16.024,0,0.0,0.0,0.0,0.0,0.0,,0.0,0.0,0.0
2020-01-10,18.363,18.363,18.363,18.363,300,5508.9,0.0,0.0,0.0,0.0,,0.0,0.0,0.0
2020-01-13,21.048,21.048,21.048,21.048,100,2104.8,0.0,0.0,0.0,0.0,,0.0,0.0,0.0
2020-01-14,21.048,21.048,21.048,21.048,0,0.0,0.0,0.0,0.0,0.0,,0.0,0.0,0.0
2020-01-15,21.048,21.048,21.048,21.048,0,0.0,0.0,0.0,0.0,0.0,,0.0,0.0,0.0
2020-01-16,21.048,21.048,21.048,21.048,0,0.0,0.0,0.0,0.0,0.0,,0.0,0.0,0.0
2020-01-17,21.048,21.048,21.048,21.048,0,0.0,0.0,0.0,0.0,0.0,,0.0,0.0,0.0
2020-01-20,21.048,21.048,21.048,21.048,0,0.0,0.0,0.0,0.0,0.0,,0.0,0.0,0.0
2020-01-21,21.048,21.048,21.048,21.048,0,0.0,0.0,0.0,0.0,0.0,,0.0,0.0,0.0
2020-01-22,24.166,24.166,17.93,21.048,33100,696688.7999999999,0.0,0.0,0.0,0.0,,0.0,0.0,0.0
2020-01-30,15.764,15.764,15.764,15.764,1200,18916.8,0.0,0.0,0.0,0.0,,0.0,0.0,0.0
2020-01-31,15.851,16.024,13.426,16.024,5200,83324.8,0.0,0.0,0.0,0.0,,0.0,0.0,0.0
2020-02-03,13.512,15.504,13.512,15.504,2568,39814.272,0.0,0.0,0.0,0.0,,0.0,0.0,0.0
2020-02-04,15.591,15.591,15.591,15.591,100,1559.1,0.0,0.0,0.0,0.0,,0.0,0.0,0.0
2020-02-05,15.591,15.591,15.591,15.591,1300,20268.3,0.0,0.0,0.0,0.0,,0.0,0.0,0.0
2020-02-06,16.284,16.284,16.284,16.284,13500,219834.0,0.0,0.0,0.0,0.0,,0.0,0.0,0.0
2020-02-07,16.284,16.284,16.284,16.284,0,0.0,0.0,0.0,0.0,0.0,,0.0,0.0,0.0
2020-02-10,16.284,16.284,16.284,16.284,12700,206806.8,0.0,0.0,0.0,0.0,,0.0,0.0,0.0
2020-02-11,13.859,16.457,13.859,16.457,3200,52662.4,0.0,0.0,0.0,0.0,,0.0,0.0,0.0
2020-02-12,16.63,16.63,16.197,16.197,21548,349012.956,0.0,0.0,0.0,0.0,,0.0,0.0,0.0
2020-02-13,16.284,16.284,16.284,16.284,0,0.0,0.0,0.0,0.0,0.0,,0.0,0.0,0.0
2020-02-14,16.197,16.197,16.197,16.197,6935,112326.195,0.0,0.0,0.0,0.0,,0.0,0.0,0.0
2020-02-17,16.197,16.197,16.197,16.197,9800,158730.6,0.0,0.0,0.0,0.0,,0.0,0.0,0.0
2020-02-18,18.622,18.622,18.622,18.622,100,1862.2,0.0,0.0,0.0,0.0,,0.0,0.0,0.0
2020-02-19,16.804,16.804,16.37,16.37,9400,153878.0,0.0,0.0,0.0,0.0,,0.0,0.0,0.0
2020-02-20,16.63,16.63,16.63,16.63,0,0.0,0.0,0.0,0.0,0.0,,0.0,0.0,0.0
2020-02-21,16.63,16.63,16.63,16.63,2100,34923.0,0.0,0.0,0.0,0.0,,0.0,0.0,0.0
2020-02-24,15.937,15.937,15.937,15.937,2000,31874.0,0.0,0.0,0.0,0.0,,0.0,0.0,0.0
2020-02-25,15.851,15.851,15.851,15.851,15000,237765.0,0.0,0.0,0.0,0.0,,0.0,0.0,0.0
2020-02-26,15.851,15.851,15.851,15.851,0,0.0,0.0,0.0,0.0,0.0,,0.0,0.0,0.0
2020-02-27,18.189,18.189,16.37,16.37,2403,39337.11,0.0,0.0,0.0,0.0,,0.0,0.0,0.0
2020-02-28,14.118,16.024,14.118,16.024,3500,56084.0,0.0,0.0,0.0,0.0,,0.0,0.0,0.0
2020-03-02,12.126,16.284,12.126,16.284,6904,112424.736,0.0,0.0,0.0,0.0,,0.0,0.0,0.0
2020-03-03,14.032,14.032,12.473,14.032,20837,292384.784,0.0,0.0,0.0,0.0,,0.0,0.0,0.0
2020-03-04,12.646,14.032,12.646,14.032,9900,138916.8,0.0,0.0,0.0,0.0,,0.0,0.0,0.0
2020-03-05,12.992,13.339,12.992,13.339,1769,23596.691000000003,0.0,0.0,0.0,0.0,,0.0,0.0,0.0
2020-03-06,15.071,15.071,13.685,13.685,58001,793743.685,0.0,0.0,0.0,0.0,,0.0,0.0,0.0
2020-03-09,14.811,14.811,14.811,14.811,1200,17773.2,0.0,0.0,0.0,0.0,,0.0,0.0,0.0
2020-03-10,12.646,14.725,12.646,14.725,14700,216457.5,0.0,0.0,0.0,0.0,,0.0,0.0,0.0
2020-03-11,12.733,12.733,12.733,12.733,0,0.0,0.0,0.0,0.0,0.0,,0.0,0.0,0.0
2020-03-12,10.827,10.827,10.827,10.827,7300,79037.1,0.0,0.0,0.0,0.0,,0.0,0.0,0.0
2020-03-13,10.827,12.386,10.827,12.386,10800,133768.8,0.0,0.0,0.0,0.0,,0.0,0.0,0.0
2020-03-16,11.0,11.0,11.0,11.0,18271,200981.0,0.0,0.0,0.0,0.0,,0.0,0.0,0.0
2020-03-17,12.646,12.646,12.559,12.559,7100,89168.9,0.0,0.0,0.0,0.0,,0.0,0.0,0.0
2020-03-18,12.559,12.906,10.914,12.906,12200,157453.2,0.0,0.0,0.0,0.0,,0.0,0.0,0.0
2020-03-19,10.914,12.906,10.914,12.906,8300,107119.8,0.0,0.0,0.0,0.0,,0.0,0.0,0.0
2020-03-20,10.914,10.914,10.914,10.914,8648,94384.272,0.0,0.0,0.0,0.0,,0.0,0.0,0.0
2020-03-23,10.914,10.914,10.914,10.914,33146,361755.444,0.0,0.0,0.0,0.0,,0.0,0.0,0.0
2020-03-24,10.914,10.914,10.827,10.914,14451,157718.214,0.0,0.0,0.0,0.0,,0.0,0.0,0.0
2020-03-25,12.473,12.473,12.473,12.473,100,1247.3000000000002,0.0,0.0,0.0,0.0,,0.0,0.0,0.0
2020-03-26,13.772,13.772,12.473,12.473,1100,13720.3,0.0,0.0,0.0,0.0,,0.0,0.0,0.0
2020-03-27,12.559,12.559,12.559,12.559,10435,131053.165,0.0,0.0,0.0,0.0,,0.0,0.0,0.0
2020-03-30,12.559,12.559,12.559,12.559,14201,178350.359,0.0,0.0,0.0,0.0,,0.0,0.0,0.0
2020-03-31,10.74,10.74,10.74,10.74,7830,84094.2,0.0,0.0,0.0,0.0,,0.0,0.0,0.0
2020-04-01,10.74,12.3,10.74,12.3,99100,1218930.0,0.0,0.0,0.0,0.0,,0.0,0.0,0.0
2020-04-03,12.126,13.859,12.126,12.126,22200,269197.2,0.0,0.0,0.0,0.0,,0.0,0.0,0.0
2020-04-06,10.394,13.339,10.394,13.339,3200,42684.8,0.0,0.0,0.0,0.0,,0.0,0.0,0.0
2020-04-07,13.426,13.426,13.426,13.426,100,1342.6,0.0,0.0,0.0,0.0,,0.0,0.0,0.0
2020-04-08,13.599,13.599,13.599,13.599,100,1359.9,0.0,0.0,0.0,0.0,,0.0,0.0,0.0
2020-04-09,13.685,13.685,13.685,13.685,200,2737.0,0.0,0.0,0.0,0.0,,0.0,0.0,0.0
2020-04-10,13.685,13.685,13.685,13.685,0,0.0,0.0,0.0,0.0,0.0,,0.0,0.0,0.0
2020-04-13,13.685,13.685,13.685,13.685,0,0.0,0.0,0.0,0.0,0.0,,0.0,0.0,0.0
2020-04-14,13.685,13.685,13.685,13.685,0,0.0,0.0,0.0,0.0,0.0,,0.0,0.0,0.0
2020-04-15,13.685,13.685,13.685,13.685,0,0.0,0.0,0.0,0.0,0.0,,0.0,0.0,0.0
2020-04-16,13.685,13.685,13.685,13.685,0,0.0,0.0,0.0,0.0,0.0,,0.0,0.0,0.0
2020-04-17,13.685,13.685,13.685,13.685,0,0.0,0.0,0.0,0.0,0.0,,0.0,0.0,0.0
2020-04-20,13.685,13.685,13.685,13.685,0,0.0,0.0,0.0,0.0,0.0,,0.0,0.0,0.0
2020-04-21,12.126,13.426,11.693,13.426,1200,16111.2,0.0,0.0,0.0,0.0,,0.0,0.0,0.0
2020-04-22,12.126,12.126,12.126,12.126,0,0.0,0.0,0.0,0.0,0.0,,0.0,0.0,0.0
2020-04-23,12.126,12.126,12.126,12.126,0,0.0,0.0,0.0,0.0,0.0,,0.0,0.0,0.0
2020-04-24,12.733,12.733,12.733,12.733,1100,14006.3,0.0,0.0,0.0,0.0,,0.0,0.0,0.0
2020-04-27,13.426,13.426,13.426,13.426,100,1342.6,0.0,0.0,0.0,0.0,,0.0,0.0,0.0
2020-04-28,13.426,13.426,13.426,13.426,24679,331340.254,0.0,0.0,0.0,0.0,,0.0,0.0,0.0
2020-04-29,12.906,12.906,12.906,12.906,1800,23230.8,0.0,0.0,0.0,0.0,,0.0,0.0,0.0
2020-05-04,12.906,12.906,12.906,12.906,0,0.0,0.0,0.0,0.0,0.0,,0.0,0.0,0.0
2020-05-05,11.26,12.992,11.26,12.992,1600,20787.2,0.0,0.0,0.0,0.0,,0.0,0.0,0.0
2020-05-06,11.607,11.607,11.607,11.607,0,0.0,0.0,0.0,0.0,0.0,,0.0,0.0,0.0
2020-05-07,12.819,12.819,12.559,12.559,900,11303.1,0.0,0.0,0.0,0.0,,0.0,0.0,0.0
2020-05-08,13.079,13.079,13.079,13.079,200,2615.8,0.0,0.0,0.0,0.0,,0.0,0.0,0.0
2020-05-11,13.079,13.079,13.079,13.079,0,0.0,0.0,0.0,0.0,0.0,,0.0,0.0,0.0
2020-05-12,13.079,13.079,11.173,12.559,4000,50236.0,0.0,0.0,0.0,0.0,,0.0,0.0,0.0
2020-05-13,11.433,12.126,11.433,12.126,2300,27889.8,0.0,0.0,0.0,0.0,,0.0,0.0,0.0
2020-05-14,12.992,12.992,12.992,12.992,100,1299.2,0.0,0.0,0.0,0.0,,0.0,0.0,0.0
2020-05-15,12.992,12.992,12.992,12.992,0,0.0,0.0,0.0,0.0,0.0,,0.0,0.0,0.0
2020-05-18,12.992,12.992,12.992,12.992,0,0.0,0.0,0.0,0.0,0.0,,0.0,0.0,0.0
2020-05-19,12.992,12.992,12.992,12.992,0,0.0,0.0,0.0,0.0,0.0,,0.0,0.0,0.0
2020-05-20,12.126,12.992,12.04,12.992,16600,215667.2,0.0,0.0,0.0,0.0,,0.0,0.0,0.0
2020-05-21,12.3,12.3,12.3,12.3,0,0.0,0.0,0.0,0.0,0.0,,0.0,0.0,0.0
2020-05-22,12.126,13.426,12.126,13.426,14000,187964.0,0.0,0.0,0.0,0.0,,0.0,0.0,0.0
2020-05-25,13.426,14.292,13.426,14.292,17500,250110.0,0.0,0.0,0.0,0.0,,0.0,0.0,0.0
2020-05-26,13.945,14.725,13.945,14.725,81100,1194197.5,0.0,0.0,0.0,0.0,,0.0,0.0,0.0
2020-05-27,14.292,14.725,14.032,14.725,33500,493287.5,0.0,0.0,0.0,0.0,,0.0,0.0,0.0
2020-05-28,14.378,15.591,14.378,15.591,3323,51808.893,0.0,0.0,0.0,0.0,,0.0,0.0,0.0
2020-05-29,15.418,16.457,15.158,16.457,48600,799810.2000000001,0.0,0.0,0.0,0.0,,0.0,0.0,0.0
2020-06-01,16.024,16.024,15.937,16.024,4810,77075.44,0.0,0.0,0.0,0.0,,0.0,0.0,0.0
2020-06-02,16.024,16.024,16.024,16.024,0,0.0,0.0,0.0,0.0,0.0,,0.0,0.0,0.0
2020-06-03,16.024,16.024,16.024,16.024,5000,80120.0,0.0,0.0,0.0,0.0,,0.0,0.0,0.0
2020-06-04,13.859,16.457,13.859,16.457,11002,181059.914,0.0,0.0,0.0,0.0,,0.0,0.0,0.0
2020-06-05,16.024,16.63,16.024,16.63,6710,111587.3,0.0,0.0,0.0,0.0,,0.0,0.0,0.0
2020-06-08,14.725,16.544,14.725,16.544,15600,258086.4,0.0,0.0,0.0,0.0,,0.0,0.0,0.0
2020-06-09,15.591,16.544,15.591,16.544,12200,201836.8,0.0,0.0,0.0,0.0,,0.0,0.0,0.0
2020-06-10,14.811,16.457,14.811,16.37,14100,230817.0,0.0,0.0,0.0,0.0,,0.0,0.0,0.0
2020-06-11,15.937,16.37,15.591,16.37,5900,96583.0,0.0,0.0,0.0,0.0,,0.0,0.0,0.0
2020-06-12,15.851,15.937,13.945,15.937,17000,270929.0,0.0,0.0,0.0,0.0,,0.0,0.0,0.0
2020-06-15,15.244,15.244,15.244,15.244,0,0.0,0.0,0.0,0.0,0.0,,0.0,0.0,0.0
2020-06-16,15.331,16.457,15.158,16.457,23022,378873.054,0.0,0.0,0.0,0.0,,0.0,0.0,0.0
2020-06-17,15.678,16.457,15.678,16.457,19000,312683.0,0.0,0.0,0.0,0.0,,0.0,0.0,0.0
2020-06-18,16.024,16.024,16.024,16.024,23,368.552,0.0,1526568.6,0.0,0.0,,0.0,0.0,0.0
2020-06-19,14.985,16.024,14.725,16.024,3600,57686.4,0.0,0.0,0.0,0.0,,0.0,0.0,0.0
2020-06-22,13.945,13.945,13.859,13.859,3500,48506.5,0.0,0.0,0.0,0.0,,0.0,0.0,0.0
2020-06-23,16.024,16.024,15.158,15.158,10000,151580.0,0.0,0.0,0.0,0.0,,0.0,0.0,0.0
2020-06-24,13.772,15.158,13.772,15.158,7000,106106.0,0.0,0.0,0.0,0.0,,0.0,0.0,0.0
2020-06-25,15.071,15.504,15.071,15.504,5300,82171.2,0.0,0.0,0.0,0.0,,0.0,0.0,0.0
2020-06-26,15.504,15.504,13.945,15.504,3200,49612.8,0.0,0.0,0.0,0.0,,0.0,0.0,0.0
2020-06-29,14.118,14.118,14.118,14.118,1113,15713.334,0.0,0.0,0.0,0.0,,0.0,0.0,0.0
2020-06-30,14.638,14.725,14.292,14.725,6100,89822.5,0.0,0.0,0.0,0.0,,0.0,0.0,0.0
2020-07-01,14.725,14.985,14.725,14.985,5000,74925.0,0.0,0.0,0.0,0.0,,0.0,0.0,0.0
2020-07-02,14.725,14.898,14.725,14.898,2200,32775.6,0.0,0.0,0.0,0.0,,0.0,0.0,0.0
2020-07-03,13.339,13.339,13.339,13.339,100,1333.9,0.0,0.0,0.0,0.0,,0.0,0.0,0.0
2020-07-06,13.339,13.339,13.339,13.339,0,0.0,0.0,0.0,0.0,0.0,,0.0,0.0,0.0
2020-07-07,13.339,15.071,13.339,15.071,11200,168795.19999999998,0.0,0.0,0.0,0.0,,0.0,0.0,0.0
2020-07-08,14.118,14.118,14.118,14.118,100,1411.8,0.0,0.0,0.0,0.0,,0.0,0.0,0.0
2020-07-09,14.118,14.118,14.118,14.118,0,0.0,0.0,0.0,0.0,0.0,,0.0,0.0,0.0
2020-07-10,14.205,14.205,14.205,14.205,100,1420.5,0.0,0.0,0.0,0.0,,0.0,0.0,0.0
2020-07-13,14.205,14.205,14.205,14.205,0,0.0,0.0,0.0,0.0,0.0,,0.0,0.0,0.0
2020-07-14,14.638,14.638,14.638,14.638,100,1463.8,0.0,0.0,0.0,0.0,,0.0,0.0,0.0
2020-07-15,14.638,14.638,14.638,14.638,0,0.0,0.0,0.0,0.0,0.0,,0.0,0.0,0.0
2020-07-16,13.859,13.859,13.859,13.859,1000,13859.0,0.0,0.0,0.0,0.0,,0.0,0.0,0.0
2020-07-17,14.638,14.638,14.638,14.638,100,1463.8,0.0,0.0,0.0,0.0,,0.0,0.0,0.0
2020-07-20,12.646,14.378,12.646,14.378,800,11502.4,0.0,0.0,0.0,0.0,,0.0,0.0,0.0
2020-07-21,14.205,14.205,14.205,14.205,0,0.0,0.0,0.0,0.0,0.0,,0.0,0.0,0.0
2020-07-22,12.992,14.465,12.992,14.465,2400,34716.0,0.0,0.0,0.0,0.0,,0.0,0.0,0.0
2020-07-23,13.339,13.339,13.339,13.339,100,1333.9,0.0,0.0,0.0,0.0,,0.0,0.0,0.0
2020-07-24,13.339,13.339,13.339,13.339,0,0.0,0.0,0.0,0.0,0.0,,0.0,0.0,0.0
2020-07-27,12.126,12.126,12.126,12.126,3200,38803.2,0.0,0.0,0.0,0.0,,0.0,0.0,0.0
2020-07-28,12.126,12.126,12.126,12.126,0,0.0,0.0,0.0,0.0,0.0,,0.0,0.0,0.0
2020-07-29,12.126,12.126,12.126,12.126,0,0.0,0.0,0.0,0.0,0.0,,0.0,0.0,0.0
2020-07-30,13.772,13.772,13.772,13.772,100,1377.2,0.0,0.0,0.0,0.0,,0.0,0.0,0.0
2020-07-31,12.992,12.992,12.992,12.992,900,11692.8,0.0,0.0,0.0,0.0,,0.0,0.0,0.0
2020-08-03,13.685,13.772,13.685,13.772,1200,16526.4,0.0,0.0,0.0,0.0,,0.0,0.0,0.0
2020-08-04,13.599,13.599,13.512,13.512,200,2702.4,0.0,0.0,0.0,0.0,,0.0,0.0,0.0
2020-08-05,13.599,13.599,13.599,13.599,0,0.0,0.0,0.0,0.0,0.0,,0.0,0.0,0.0
2020-08-06,13.599,13.599,13.599,13.599,0,0.0,0.0,0.0,0.0,0.0,,0.0,0.0,0.0
2020-08-07,13.512,14.898,13.512,14.898,7000,104286.0,0.0,0.0,0.0,0.0,,0.0,0.0,0.0
2020-08-10,14.985,15.158,14.898,15.071,12500,188387.5,0.0,0.0,0.0,0.0,,0.0,0.0,0.0
2020-08-11,14.985,15.071,14.725,14.725,8300,122217.5,0.0,0.0,0.0,0.0,,0.0,0.0,0.0
2020-08-12,15.158,15.158,14.985,14.985,8500,127372.5,0.0,0.0,0.0,0.0,,0.0,0.0,0.0
2020-08-13,15.331,15.418,14.985,14.985,10900,163336.5,0.0,0.0,0.0,0.0,,0.0,0.0,0.0
2020-08-14,15.158,15.158,14.725,14.985,11700,175324.5,0.0,0.0,0.0,0.0,,0.0,0.0,0.0
2020-08-17,15.158,15.158,15.071,15.071,6000,90426.0,0.0,0.0,0.0,0.0,,0.0,0.0,0.0
2020-08-18,15.158,15.504,14.985,15.504,12600,195350.4,0.0,0.0,0.0,0.0,,0.0,0.0,0.0
2020-08-19,15.331,15.331,15.331,15.331,1600,24529.6,0.0,0.0,0.0,0.0,,0.0,0.0,0.0
2020-08-20,15.331,15.331,15.331,15.331,0,0.0,0.0,0.0,0.0,0.0,,0.0,0.0,0.0
2020-08-21,14.985,14.985,14.985,14.985,1000,14985.0,0.0,0.0,0.0,0.0,,0.0,0.0,0.0
2020-08-24,14.638,14.638,14.638,14.638,2500,36595.0,0.0,0.0,0.0,0.0,,0.0,0.0,0.0
2020-08-25,13.339,13.339,13.339,13.339,500,6669.5,0.0,0.0,0.0,0.0,,0.0,0.0,0.0
2020-08-26,14.552,15.331,14.552,14.898,24501,365015.898,0.0,0.0,0.0,0.0,,0.0,0.0,0.0
2020-08-27,15.158,15.158,15.071,15.071,24338,366797.998,0.0,0.0,0.0,0.0,,0.0,0.0,0.0
2020-08-28,15.158,15.158,15.158,15.158,0,0.0,0.0,0.0,0.0,0.0,,0.0,0.0,0.0
2020-08-31,15.158,15.158,15.158,15.158,0,0.0,0.0,0.0,0.0,0.0,,0.0,0.0,0.0
2020-09-01,14.552,14.552,14.552,14.552,1300,18917.6,0.0,0.0,0.0,0.0,,0.0,0.0,0.0
2020-09-03,14.725,14.725,14.725,14.725,2000,29450.0,0.0,0.0,0.0,0.0,,0.0,0.0,0.0
2020-09-04,14.725,14.725,14.725,14.725,0,0.0,0.0,0.0,0.0,0.0,,0.0,0.0,0.0
2020-09-07,14.725,14.725,14.725,14.725,0,0.0,0.0,0.0,0.0,0.0,,0.0,0.0,0.0
2020-09-08,14.725,14.725,14.725,14.725,0,0.0,0.0,0.0,0.0,0.0,,0.0,0.0,0.0
2020-09-09,14.725,14.725,14.638,14.638,10430,152674.34,0.0,0.0,0.0,0.0,,0.0,0.0,0.0
2020-09-10,14.898,14.898,14.898,14.898,1800,26816.4,0.0,0.0,0.0,0.0,,0.0,0.0,0.0
2020-09-11,14.898,14.898,14.898,14.898,0,0.0,0.0,0.0,0.0,0.0,,0.0,0.0,0.0
2020-09-14,14.898,14.898,14.898,14.898,0,0.0,0.0,0.0,0.0,0.0,,0.0,0.0,0.0
2020-09-15,14.898,14.898,14.898,14.898,0,0.0,0.0,0.0,0.0,0.0,,0.0,0.0,0.0
2020-09-16,14.638,14.638,13.252,13.252,3000,39756.0,0.0,0.0,0.0,0.0,,0.0,0.0,0.0
2020-09-17,13.859,13.859,13.859,13.859,5789,80229.751,0.0,0.0,0.0,0.0,,0.0,0.0,0.0
2020-09-18,13.859,13.859,13.859,13.859,30,415.77,0.0,0.0,0.0,0.0,,0.0,0.0,0.0
2020-09-21,14.032,14.032,14.032,14.032,300,4209.6,0.0,0.0,0.0,0.0,,0.0,0.0,0.0
2020-09-22,14.032,14.032,14.032,14.032,0,0.0,0.0,0.0,0.0,0.0,,0.0,0.0,0.0
2020-09-23,14.032,14.032,14.032,14.032,0,0.0,0.0,0.0,0.0,0.0,,0.0,0.0,0.0
2020-09-24,14.552,14.552,14.552,14.552,1613,23472.376,0.0,0.0,0.0,0.0,,0.0,0.0,0.0
2020-09-25,14.552,14.638,14.552,14.552,3900,56752.8,0.0,0.0,0.0,0.0,,0.0,0.0,0.0
2020-09-28,14.552,14.552,14.552,14.552,0,0.0,0.0,0.0,0.0,0.0,,0.0,0.0,0.0
2020-09-29,14.552,14.552,14.552,14.552,0,0.0,0.0,0.0,0.0,0.0,,0.0,0.0,0.0
2020-09-30,14.552,14.552,14.552,14.552,1000,14552.0,0.0,0.0,0.0,0.0,,0.0,0.0,0.0
2020-10-01,14.552,14.552,14.552,14.552,3617,52634.584,0.0,0.0,0.0,0.0,,0.0,0.0,0.0
2020-10-02,14.552,14.552,14.552,14.552,0,0.0,0.0,0.0,0.0,0.0,,0.0,0.0,0.0
2020-10-05,14.552,14.552,14.552,14.552,0,0.0,0.0,0.0,0.0,0.0,,0.0,0.0,0.0
2020-10-06,14.552,14.552,14.552,14.552,0,0.0,0.0,0.0,0.0,0.0,,0.0,0.0,0.0
2020-10-07,14.552,14.552,14.552,14.552,0,0.0,0.0,0.0,0.0,0.0,,0.0,0.0,0.0
2020-10-08,14.378,14.378,13.859,13.859,1500,20788.5,0.0,0.0,0.0,0.0,,0.0,0.0,0.0
2020-10-09,14.378,14.378,13.859,14.378,500,7189.0,0.0,0.0,0.0,0.0,,0.0,0.0,0.0
2020-10-12,13.859,13.859,13.426,13.426,7000,93982.0,0.0,0.0,0.0,0.0,,0.0,0.0,0.0
2020-10-13,13.512,13.512,13.512,13.512,0,0.0,0.0,0.0,0.0,0.0,,0.0,0.0,0.0
2020-10-14,13.512,13.512,13.512,13.512,0,0.0,0.0,0.0,0.0,0.0,,0.0,0.0,0.0
2020-10-15,13.512,13.512,13.512,13.512,0,0.0,0.0,0.0,0.0,0.0,,0.0,0.0,0.0
2020-10-16,13.512,13.512,13.512,13.512,500,6756.0,0.0,0.0,0.0,0.0,,0.0,0.0,0.0
2020-10-19,13.512,13.512,13.512,13.512,13,175.656,0.0,0.0,0.0,0.0,,0.0,0.0,0.0
2020-10-20,12.992,12.992,12.992,12.992,5306,68935.55200000001,0.0,0.0,0.0,0.0,,0.0,0.0,0.0
2020-10-21,12.126,12.213,12.126,12.213,2400,29311.2,0.0,0.0,0.0,0.0,,0.0,0.0,0.0
2020-10-22,12.213,12.213,12.213,12.213,0,0.0,0.0,0.0,0.0,0.0,,0.0,0.0,0.0
2020-10-23,12.213,12.213,12.213,12.213,0,0.0,0.0,0.0,0.0,0.0,,0.0,0.0,0.0
2020-10-26,12.213,12.213,12.213,12.213,0,0.0,0.0,0.0,0.0,0.0,,0.0,0.0,0.0
2020-10-27,13.339,13.339,13.339,13.339,100,1333.9,0.0,0.0,0.0,0.0,,0.0,0.0,0.0
2020-10-28,13.339,13.339,13.339,13.339,0,0.0,0.0,0.0,0.0,0.0,,0.0,0.0,0.0
2020-10-29,13.339,13.339,13.339,13.339,0,0.0,0.0,0.0,0.0,0.0,,0.0,0.0,0.0
2020-10-30,12.992,12.992,12.906,12.906,3500,45171.0,0.0,0.0,0.0,0.0,,0.0,0.0,0.0
2020-11-02,12.992,12.992,12.992,12.992,0,0.0,0.0,0.0,0.0,0.0,,0.0,0.0,0.0
2020-11-03,11.347,11.52,11.347,11.52,3800,43776.0,0.0,0.0,0.0,0.0,,0.0,0.0,0.0
2020-11-04,12.906,12.906,12.906,12.906,2100,27102.6,0.0,0.0,0.0,0.0,,0.0,0.0,0.0
2020-11-05,11.953,13.166,11.953,13.166,48600,639867.6,0.0,0.0,0.0,0.0,,0.0,0.0,0.0
2020-11-06,12.646,12.646,12.559,12.646,2700,34144.200000000004,0.0,0.0,0.0,0.0,,0.0,0.0,0.0
2020-11-09,12.646,12.646,12.646,12.646,0,0.0,0.0,0.0,0.0,0.0,,0.0,0.0,0.0
2020-11-10,12.646,12.646,11.78,11.866,2125,25215.25,0.0,0.0,0.0,0.0,,0.0,0.0,0.0
2020-11-11,11.953,11.953,11.953,11.953,10000,119530.0,0.0,0.0,0.0,0.0,,0.0,0.0,0.0
2020-11-12,12.906,12.906,12.906,12.906,100,1290.6,0.0,0.0,0.0,0.0,,0.0,0.0,0.0
2020-11-13,12.906,12.906,12.126,12.126,725,8791.35,0.0,0.0,0.0,0.0,,0.0,0.0,0.0
2020-11-16,12.559,13.859,12.559,13.859,12700,176009.3,0.0,0.0,0.0,0.0,,0.0,0.0,0.0
2020-11-17,13.339,13.339,13.339,13.339,0,0.0,0.0,0.0,0.0,0.0,,0.0,0.0,0.0
2020-11-18,13.339,13.339,13.339,13.339,0,0.0,0.0,0.0,0.0,0.0,,0.0,0.0,0.0
2020-11-19,13.339,13.339,13.339,13.339,0,0.0,0.0,0.0,0.0,0.0,,0.0,0.0,0.0
2020-11-20,13.339,13.339,13.339,13.339,0,0.0,0.0,0.0,0.0,0.0,,0.0,0.0,0.0
2020-11-23,12.213,12.213,12.213,12.213,2200,26868.6,0.0,0.0,0.0,0.0,,0.0,0.0,0.0
2020-11-24,12.213,12.3,12.213,12.3,2200,27060.0,0.0,0.0,0.0,0.0,,0.0,0.0,0.0
2020-11-25,12.3,12.3,12.3,12.3,1000,12300.0,0.0,0.0,0.0,0.0,,0.0,0.0,0.0
2020-11-26,13.079,13.426,12.386,13.426,6700,89954.2,0.0,0.0,0.0,0.0,,0.0,0.0,0.0
2020-11-27,12.992,12.992,12.992,12.992,500,6496.0,0.0,0.0,0.0,0.0,,0.0,0.0,0.0
2020-11-30,12.992,13.859,12.992,13.859,10300,142747.7,0.0,0.0,0.0,0.0,,0.0,0.0,0.0
2020-12-01,12.3,13.599,12.3,13.599,6606,89834.994,0.0,0.0,0.0,0.0,,0.0,0.0,0.0
2020-12-02,14.292,14.465,14.205,14.465,9000,130185.0,0.0,0.0,0.0,0.0,,0.0,0.0,0.0
2020-12-03,14.292,14.292,14.292,14.292,1000,14292.0,0.0,0.0,0.0,0.0,,0.0,0.0,0.0
2020-12-04,14.292,14.292,14.292,14.292,0,0.0,0.0,0.0,0.0,0.0,,0.0,0.0,0.0
2020-12-07,14.032,14.032,13.859,13.859,8400,116415.6,0.0,0.0,0.0,0.0,,0.0,0.0,0.0
2020-12-08,14.292,14.292,14.292,14.292,200,2858.4,0.0,0.0,0.0,0.0,,0.0,0.0,0.0
2020-12-09,14.292,14.292,14.292,14.292,100,1429.2,0.0,0.0,0.0,0.0,,0.0,0.0,0.0
2020-12-10,13.426,13.859,13.426,13.859,700,9701.3,0.0,0.0,0.0,0.0,,0.0,0.0,0.0
2020-12-11,13.772,13.772,13.772,13.772,0,0.0,0.0,0.0,0.0,0.0,,0.0,0.0,0.0
2020-12-14,13.859,13.945,13.859,13.945,1300,18128.5,0.0,0.0,0.0,0.0,,0.0,0.0,0.0
2020-12-15,13.859,13.859,13.859,13.859,1400,19402.6,0.0,0.0,0.0,0.0,,0.0,0.0,0.0
2020-12-16,13.426,13.426,13.426,13.426,1000,13426.0,0.0,0.0,0.0,0.0,,0.0,0.0,0.0
2020-12-17,13.859,13.859,13.859,13.859,1100,15244.9,0.0,0.0,0.0,0.0,,0.0,0.0,0.0
2020-12-18,13.685,13.859,13.685,13.859,1300,18016.7,0.0,0.0,0.0,0.0,,0.0,0.0,0.0
2020-12-21,13.859,13.859,13.859,13.859,4500,62365.5,0.0,0.0,0.0,0.0,,0.0,0.0,0.0
2020-12-22,13.859,15.937,13.859,15.937,10000,159370.0,0.0,0.0,0.0,0.0,,0.0,0.0,0.0
2020-12-23,15.504,15.591,15.158,15.244,25702,391801.288,0.0,0.0,0.0,0.0,,0.0,0.0,0.0
2020-12-24,15.244,15.244,14.032,14.032,8200,115062.4,0.0,0.0,0.0,0.0,,0.0,0.0,0.0
2020-12-25,14.292,14.898,14.292,14.378,13600,195540.8,0.0,0.0,0.0,0.0,,0.0,0.0,0.0
2020-12-28,14.465,14.465,14.032,14.292,8900,127198.8,0.0,0.0,0.0,0.0,,0.0,0.0,0.0
2020-12-29,14.118,14.118,13.512,13.945,3800,52991.0,0.0,0.0,0.0,0.0,,0.0,0.0,0.0
2020-12-30,13.772,14.292,13.685,14.205,8300,117901.5,0.0,0.0,0.0,0.0,,0.0,0.0,0.0
2020-12-31,13.859,13.859,13.859,13.859,5450,75531.55,0.0,0.0,0.0,0.0,,0.0,0.0,0.0
2021-01-04,14.205,15.071,14.032,15.071,185900,2801698.9,0.0,0.0,0.0,0.0,,0.0,0.0,0.0
2021-01-05,15.244,16.284,15.158,16.284,527170,8584436.28,0.0,0.0,0.0,0.0,,0.0,0.0,0.0
2021-01-06,18.016,18.363,18.016,18.363,66083,1213482.129,0.0,0.0,0.0,0.0,,0.0,0.0,0.0
2021-01-07,18.363,21.048,18.363,21.048,156510,3294222.4799999995,0.0,0.0,0.0,0.0,,0.0,0.0,0.0
2021-01-08,24.079,24.079,20.961,22.434,299227,6712858.518,0.0,0.0,0.0,0.0,,0.0,0.0,0.0
2021-01-11,21.741,22.087,19.575,21.654,60010,1299456.54,0.0,0.0,0.0,0.0,,0.0,0.0,0.0
2021-01-12,21.308,24.079,21.134,24.079,126960,3057069.84,0.0,0.0,0.0,0.0,,0.0,0.0,0.0
2021-01-13,25.119,26.331,23.993,25.985,376607,9786132.895,0.0,0.0,0.0,0.0,,0.0,0.0,0.0
2021-01-14,25.898,27.631,25.205,26.245,106626,2798399.37,0.0,0.0,0.0,0.0,,0.0,0.0,0.0
2021-01-15,25.985,29.016,25.292,28.497,243077,6926965.269,0.0,0.0,0.0,0.0,,0.0,0.0,0.0
2021-01-18,27.457,29.45,27.198,28.064,151812,4260451.968,0.0,0.0,0.0,0.0,,0.0,0.0,0.0
2021-01-19,28.064,28.064,23.906,25.032,110800,2773545.6,0.0,0.0,0.0,0.0,,0.0,0.0,0.0
2021-01-20,25.552,25.552,22.001,24.686,49307,1217192.602,0.0,0.0,0.0,0.0,,0.0,0.0,0.0
2021-01-21,25.898,25.985,24.945,25.552,92607,2366294.064,0.0,0.0,0.0,0.0,,0.0,0.0,0.0
2021-01-22,26.245,26.418,25.119,25.985,179728,4670232.08,0.0,0.0,0.0,0.0,,0.0,0.0,0.0
2021-01-25,26.245,26.245,25.119,25.898,275600,7137488.8,0.0,0.0,0.0,0.0,,0.0,0.0,0.0
2021-01-26,25.725,26.071,24.599,24.686,134500,3320267.0,0.0,0.0,0.0,0.0,,0.0,0.0,0.0
2021-01-27,24.426,24.772,21.741,23.04,58000,1336320.0,0.0,0.0,0.0,0.0,,0.0,0.0,0.0
2021-01-28,20.788,21.654,19.749,19.749,88627,1750294.623,0.0,0.0,0.0,0.0,,0.0,0.0,0.0
2021-01-29,17.323,21.221,17.15,20.788,94100,1956150.8,0.0,0.0,0.0,0.0,,0.0,0.0,0.0
2021-02-01,20.788,20.788,18.536,19.749,93900,1854431.1,0.0,0.0,0.0,0.0,,0.0,0.0,0.0
2021-02-02,18.796,19.922,18.709,19.402,22000,426844.0,0.0,0.0,0.0,0.0,,0.0,0.0,0.0
2021-02-03,19.402,20.788,19.402,20.615,35400,729771.0,0.0,0.0,0.0,0.0,,0.0,0.0,0.0
2021-02-04,20.788,20.961,20.441,20.441,44500,909624.5,0.0,0.0,0.0,0.0,,0.0,0.0,0.0
2021-02-05,20.701,20.788,19.922,20.701,137700,2850527.7,0.0,0.0,0.0,0.0,,0.0,0.0,0.0
2021-02-08,20.788,20.961,20.008,20.441,81900,1674117.9,0.0,0.0,0.0,0.0,,0.0,0.0,0.0
2021-02-09,20.355,22.087,20.268,20.788,57400,1193231.2,0.0,0.0,0.0,0.0,,0.0,0.0,0.0
2021-02-17,22.087,22.087,20.355,21.827,49000,1069523.0,0.0,0.0,0.0,0.0,,0.0,0.0,0.0
2021-02-18,21.481,23.213,21.481,23.04,148715,3426393.6,0.0,0.0,0.0,0.0,,0.0,0.0,0.0
2021-02-19,23.386,24.253,23.213,23.56,88300,2080348.0,0.0,0.0,0.0,0.0,,0.0,0.0,0.0
2021-02-22,24.253,25.205,23.819,24.253,193873,4702001.869,0.0,0.0,0.0,0.0,,0.0,0.0,0.0
2021-02-23,25.552,25.552,24.079,24.426,46400,1133366.4,0.0,0.0,0.0,0.0,,0.0,0.0,0.0
2021-02-24,24.945,24.945,23.386,23.646,94727,2239914.642,0.0,0.0,0.0,0.0,,0.0,0.0,0.0
2021-02-25,23.56,24.253,23.3,24.166,88200,2131441.2,0.0,0.0,0.0,0.0,,0.0,0.0,0.0
2021-02-26,22.693,23.906,22.693,23.386,72900,1704839.4,0.0,0.0,0.0,0.0,,0.0,0.0,0.0
2021-03-01,23.473,23.473,23.04,23.213,67400,1564556.2,0.0,0.0,0.0,0.0,,0.0,0.0,0.0
2021-03-02,24.166,24.166,22.953,23.3,61000,1421300.0,0.0,0.0,0.0,0.0,,0.0,0.0,0.0
2021-03-03,23.386,23.386,23.127,23.3,57400,1337420.0,0.0,0.0,0.0,0.0,,0.0,0.0,0.0
2021-03-04,23.3,23.386,22.434,23.127,95800,2215566.6,0.0,0.0,0.0,0.0,,0.0,0.0,0.0
2021-03-05,23.04,24.253,22.52,23.993,160740,3856634.82,0.0,0.0,0.0,0.0,,0.0,0.0,0.0
2021-03-08,24.686,26.418,24.686,26.158,337034,8816135.372,0.0,0.0,0.0,0.0,,0.0,0.0,0.0
2021-03-09,26.764,26.851,25.898,26.764,268280,7180245.92,0.0,0.0,0.0,0.0,,0.0,0.0,0.0
2021-03-10,26.764,26.764,26.505,26.505,132991,3524926.455,0.0,0.0,0.0,0.0,,0.0,0.0,0.0
2021-03-11,26.591,27.284,26.418,26.851,131549,3532222.199,0.0,0.0,0.0,0.0,,0.0,0.0,0.0
2021-03-12,27.111,29.016,27.111,27.284,186361,5084673.524,0.0,0.0,0.0,0.0,,0.0,0.0,0.0
2021-03-15,27.89,27.89,26.764,27.111,129077,3499406.5470000003,0.0,0.0,0.0,0.0,,0.0,0.0,0.0
2021-03-16,27.198,27.198,26.764,26.851,85000,2282335.0,0.0,0.0,0.0,0.0,,0.0,0.0,0.0
2021-03-17,27.024,29.363,27.024,29.363,146873,4312631.899,0.0,0.0,0.0,0.0,,0.0,0.0,0.0
2021-03-18,29.45,32.048,29.45,31.268,154554,4832594.472,0.0,0.0,0.0,0.0,,0.0,0.0,0.0
2021-03-19,31.615,33.78,31.182,32.914,235068,7737028.152000001,0.0,0.0,0.0,0.0,,0.0,0.0,0.0
2021-03-22,32.914,32.914,31.702,31.961,175600,5612351.6,0.0,0.0,0.0,0.0,,0.0,0.0,0.0
2021-03-23,31.875,32.048,29.883,31.009,386050,11971024.45,0.0,0.0,0.0,0.0,,0.0,0.0,0.0
2021-03-24,31.182,31.961,29.45,31.182,272554,8498778.828,0.0,0.0,0.0,0.0,,0.0,0.0,0.0
2021-03-25,31.182,31.182,26.331,29.276,570277,16695429.452,0.0,0.0,0.0,0.0,,0.0,0.0,0.0
2021-03-26,29.276,29.45,27.284,29.45,209502,6169833.899999999,0.0,0.0,0.0,0.0,,0.0,0.0,0.0
2021-03-29,29.45,30.229,29.016,29.623,258600,7660507.800000001,0.0,0.0,0.0,0.0,,0.0,0.0,0.0
2021-03-30,29.536,29.623,28.583,28.843,138172,3985294.996,0.0,0.0,0.0,0.0,,0.0,0.0,0.0
2021-03-31,29.19,29.19,26.851,28.497,145850,4156287.45,0.0,0.0,0.0,0.0,,0.0,0.0,0.0
2021-04-01,28.064,28.583,27.544,28.324,73110,2070767.64,0.0,0.0,0.0,0.0,,0.0,0.0,0.0
2021-04-02,28.41,29.623,28.41,29.103,112025,3260263.575,0.0,0.0,0.0,0.0,,0.0,0.0,0.0
2021-04-05,29.016,29.016,25.119,27.457,250100,6866995.7,0.0,0.0,0.0,0.0,,0.0,0.0,0.0
2021-04-06,27.457,28.583,27.198,27.457,82987,2278574.059,0.0,0.0,0.0,0.0,,0.0,0.0,0.0
2021-04-07,28.41,28.41,27.198,27.89,67123,1872060.47,0.0,0.0,0.0,0.0,,0.0,0.0,0.0
2021-04-08,27.717,28.237,27.371,28.237,71700,2024592.9,0.0,0.0,0.0,0.0,,0.0,0.0,0.0
2021-04-09,28.15,28.237,27.457,27.457,70605,1938601.485,0.0,0.0,0.0,0.0,,0.0,0.0,0.0
2021-04-12,27.717,27.717,27.284,27.457,127812,3509334.0840000003,0.0,0.0,0.0,0.0,,0.0,0.0,0.0
2021-04-13,27.457,27.457,24.253,26.851,283015,7599235.765,0.0,0.0,0.0,0.0,,0.0,0.0,0.0
2021-04-14,26.331,26.678,23.819,25.898,295450,7651564.1,0.0,0.0,0.0,0.0,,0.0,0.0,0.0
2021-04-15,21.741,26.851,21.741,24.686,563369,13907327.134,0.0,0.0,0.0,0.0,,0.0,0.0,0.0
2021-04-16,24.859,26.764,24.686,26.764,167510,4483237.64,0.0,0.0,0.0,0.0,,0.0,0.0,0.0
2021-04-19,27.717,28.757,22.693,27.457,250333,6873393.181,0.0,0.0,0.0,0.0,,0.0,0.0,0.0
2021-04-20,26.245,28.237,26.245,27.89,260901,7276528.890000001,0.0,0.0,0.0,0.0,,0.0,0.0,0.0
2021-04-22,27.977,27.977,25.985,26.418,102336,2703512.448,0.0,0.0,0.0,0.0,,0.0,0.0,0.0
2021-04-23,25.898,26.851,25.292,26.851,134500,3611459.5,0.0,0.0,0.0,0.0,,0.0,0.0,0.0
2021-04-26,25.465,26.071,25.465,25.812,75814,1956910.968,0.0,0.0,0.0,0.0,,0.0,0.0,0.0
2021-04-27,25.898,25.898,24.426,25.119,109401,2748043.719,0.0,0.0,0.0,0.0,,0.0,0.0,0.0
2021-04-28,25.119,25.985,25.119,25.119,32600,818879.4,0.0,0.0,0.0,0.0,,0.0,0.0,0.0
2021-04-29,25.985,26.331,24.426,25.119,131400,3300636.6,0.0,0.0,0.0,0.0,,0.0,0.0,0.0
2021-05-04,24.772,25.812,23.906,24.166,144700,3496820.2,0.0,0.0,0.0,0.0,,0.0,0.0,0.0
2021-05-05,24.253,24.859,24.253,24.859,66767,1659760.853,0.0,0.0,0.0,0.0,,0.0,0.0,0.0
2021-05-06,24.253,24.686,20.788,24.253,316600,7678499.8,0.0,0.0,0.0,0.0,,0.0,0.0,0.0
2021-05-07,24.079,24.945,21.827,23.819,264000,6288216.0,0.0,0.0,0.0,0.0,,0.0,0.0,0.0
2021-05-10,22.953,23.819,22.867,23.646,40100,948204.6,0.0,0.0,0.0,0.0,,0.0,0.0,0.0
2021-05-11,22.087,23.386,20.008,22.607,522305,11807749.135,0.0,0.0,0.0,0.0,,0.0,0.0,0.0
2021-05-12,20.788,23.3,20.788,23.213,150300,3488913.9000000004,0.0,0.0,0.0,0.0,,0.0,0.0,0.0
2021-05-13,22.953,23.819,21.827,21.827,210500,4594583.5,0.0,0.0,0.0,0.0,,0.0,0.0,0.0
2021-05-14,22.52,23.386,22.174,22.52,58000,1306160.0,0.0,0.0,0.0,0.0,,0.0,0.0,0.0
2021-05-17,22.52,23.127,22.174,22.347,84600,1890556.2,0.0,0.0,0.0,0.0,,0.0,0.0,0.0
2021-05-18,22.347,22.52,20.961,21.827,259400,5661923.800000001,0.0,0.0,0.0,0.0,,0.0,0.0,0.0
2021-05-19,19.142,22.52,18.103,21.221,681800,14468477.8,0.0,0.0,0.0,0.0,,0.0,0.0,0.0
2021-05-20,18.709,21.394,15.851,21.394,1017000,21757698.0,0.0,0.0,0.0,0.0,,0.0,0.0,0.0
2021-05-21,18.969,18.969,14.118,18.969,483714,9175570.866,0.0,0.0,0.0,0.0,,0.0,0.0,0.0
2021-05-24,17.15,17.15,17.15,17.15,18900,324135.0,0.0,0.0,0.0,0.0,,0.0,0.0,0.0
2021-05-25,19.662,19.662,19.662,19.662,6500,127803.0,0.0,0.0,0.0,0.0,,0.0,0.0,0.0
2021-05-26,22.607,22.607,22.607,22.607,15084,341003.988,0.0,0.0,0.0,0.0,,0.0,0.0,0.0
2021-05-27,25.985,25.985,24.253,25.985,409408,10638466.88,0.0,0.0,0.0,0.0,,0.0,0.0,0.0
2021-05-28,29.363,29.363,25.119,25.812,96098,2480481.576,0.0,0.0,0.0,0.0,,0.0,0.0,0.0
2021-05-31,25.898,25.898,24.253,24.772,53220,1318365.84,0.0,0.0,0.0,0.0,,0.0,0.0,0.0
2021-06-01,24.426,24.686,23.386,23.906,86700,2072650.2,0.0,0.0,0.0,0.0,,0.0,0.0,0.0
2021-06-02,23.386,25.552,23.213,25.205,85610,2157800.05,0.0,0.0,0.0,0.0,,0.0,0.0,0.0
2021-06-03,24.686,25.205,24.512,25.032,52601,1316708.232,0.0,0.0,0.0,0.0,,0.0,0.0,0.0
2021-06-04,24.945,25.032,23.906,24.253,66024,1601280.072,0.0,0.0,0.0,0.0,,0.0,0.0,0.0
2021-06-07,24.253,24.686,23.473,23.819,81320,1936961.08,0.0,0.0,0.0,0.0,,0.0,0.0,0.0
2021-06-08,24.253,25.985,23.906,25.465,143100,3644041.5,0.0,0.0,0.0,0.0,,0.0,0.0,0.0
2021-06-09,24.339,25.032,24.166,24.686,22945,566420.27,0.0,0.0,0.0,0.0,,0.0,0.0,0.0
2021-06-10,24.599,25.119,24.512,24.512,34000,833408.0,0.0,0.0,0.0,0.0,,0.0,0.0,0.0
2021-06-11,24.512,24.599,23.993,24.599,36959,909154.441,0.0,0.0,0.0,0.0,,0.0,0.0,0.0
2021-06-14,24.686,27.284,24.686,25.985,253415,6584988.774999999,0.0,0.0,0.0,0.0,,0.0,0.0,0.0
2021-06-15,26.418,26.851,22.174,25.379,295131,7490129.649,0.0,0.0,0.0,0.0,,0.0,0.0,0.0
2021-06-16,25.119,26.331,24.772,24.945,39460,984329.7,0.0,0.0,0.0,0.0,,0.0,0.0,0.0
2021-06-17,25.119,25.379,24.426,25.119,45400,1140402.6,0.0,0.0,0.0,0.0,,0.0,0.0,0.0
2021-06-18,25.119,25.379,24.599,25.379,74255,1884517.645,0.0,0.0,0.0,0.0,,0.0,0.0,0.0
2021-06-21,25.119,25.292,24.772,25.119,58400,1466949.6,0.0,0.0,0.0,0.0,,0.0,0.0,0.0
2021-06-22,24.772,26.158,24.686,25.898,281100,7279927.8,0.0,0.0,0.0,0.0,,0.0,0.0,0.0
2021-06-23,25.985,25.985,25.032,25.119,15102,379347.138,0.0,0.0,0.0,0.0,,0.0,0.0,0.0
2021-06-24,25.205,25.205,24.512,24.686,39400,972628.4,0.0,0.0,0.0,0.0,,0.0,0.0,0.0
2021-06-25,24.859,24.859,24.686,24.686,17410,429783.26,0.0,0.0,0.0,0.0,,0.0,0.0,0.0
2021-06-28,24.686,25.119,24.512,25.119,73900,1856294.1,0.0,0.0,0.0,0.0,,0.0,0.0,0.0
2021-06-29,25.292,26.158,24.945,25.985,162500,4222562.5,0.0,0.0,0.0,0.0,,0.0,0.0,0.0
2021-06-30,25.985,25.985,22.001,24.599,320600,7886439.4,0.0,0.0,0.0,0.0,,0.0,0.0,0.0
2021-07-01,24.426,25.119,24.426,24.426,32800,801172.7999999999,0.0,0.0,0.0,0.0,,0.0,0.0,0.0
2021-07-02,24.686,25.119,24.512,24.599,43900,1079896.1,0.0,0.0,0.0,0.0,,0.0,0.0,0.0
2021-07-05,24.339,24.772,21.827,24.772,346000,8571112.0,0.0,0.0,0.0,0.0,,0.0,0.0,0.0
2021-07-06,25.032,25.119,22.953,25.119,319100,8015472.9,0.0,0.0,0.0,0.0,,0.0,0.0,0.0
2021-07-07,23.993,25.032,20.875,23.906,244000,5833064.0,0.0,0.0,0.0,0.0,,0.0,0.0,0.0
2021-07-08,23.819,24.426,23.386,24.426,58800,1436248.7999999998,0.0,0.0,0.0,0.0,,0.0,0.0,0.0
2021-07-09,24.772,25.119,23.04,25.119,213500,5362906.5,0.0,0.0,0.0,0.0,,0.0,0.0,0.0
2021-07-12,24.253,25.638,23.473,25.638,341900,8765632.200000001,0.0,0.0,0.0,0.0,,0.0,0.0,0.0
2021-07-13,20.875,25.032,20.875,25.032,154950,3878708.4,0.0,0.0,0.0,0.0,,0.0,0.0,0.0
2021-07-14,23.906,25.119,23.56,25.119,117800,2959018.2,0.0,0.0,0.0,0.0,,0.0,0.0,0.0
2021-07-15,24.253,25.119,24.079,25.119,80513,2022406.047,0.0,0.0,0.0,0.0,,0.0,0.0,0.0
2021-07-16,24.686,24.772,24.079,24.253,47100,1142316.3,0.0,0.0,0.0,0.0,,0.0,0.0,0.0
2021-07-19,24.772,24.945,24.253,24.945,91900,2292445.5,0.0,0.0,0.0,0.0,,0.0,0.0,0.0
2021-07-20,24.686,25.119,24.339,25.119,114500,2876125.5,0.0,0.0,0.0,0.0,,0.0,0.0,0.0
2021-07-21,24.512,25.898,24.512,25.898,211400,5474837.2,0.0,0.0,0.0,0.0,,0.0,0.0,0.0
2021-07-22,25.292,26.505,24.772,25.725,297600,7655760.0,0.0,0.0,0.0,0.0,,0.0,0.0,0.0
2021-07-23,24.253,25.552,23.473,24.859,207900,5168186.100000001,0.0,0.0,0.0,0.0,,0.0,0.0,0.0
2021-07-26,24.512,25.119,24.512,25.119,38400,964569.6,0.0,0.0,0.0,0.0,,0.0,0.0,0.0
2021-07-27,24.512,25.552,24.512,24.686,41100,1014594.6,0.0,0.0,0.0,0.0,,0.0,0.0,0.0
2021-07-28,24.512,25.119,24.339,25.119,99900,2509388.1,0.0,0.0,0.0,0.0,,0.0,0.0,0.0
2021-07-29,24.512,25.205,24.512,25.205,76600,1930703.0,0.0,0.0,0.0,0.0,,0.0,0.0,0.0
2021-07-30,24.686,25.119,24.512,25.119,99431,2497607.289,0.0,0.0,0.0,0.0,,0.0,0.0,0.0
2021-08-02,24.599,25.119,24.599,25.032,74500,1864884.0,0.0,0.0,0.0,0.0,,0.0,0.0,0.0
2021-08-03,24.772,25.379,24.686,25.379,92100,2337405.9,0.0,0.0,0.0,0.0,,0.0,0.0,0.0
2021-08-04,25.032,25.119,24.686,25.119,26500,665653.5,0.0,0.0,0.0,0.0,,0.0,0.0,0.0
2021-08-05,25.119,25.119,24.686,25.119,22700,570201.3,0.0,0.0,0.0,0.0,,0.0,0.0,0.0
2021-08-06,25.119,25.552,24.686,25.552,131510,3360343.52,0.0,0.0,0.0,0.0,,0.0,0.0,0.0
2021-08-09,25.552,25.638,24.772,25.638,51345,1316383.11,0.0,0.0,0.0,0.0,,0.0,0.0,0.0
2021-08-10,25.205,27.544,25.119,26.071,130500,3402265.5,0.0,0.0,0.0,0.0,,0.0,0.0,0.0
2021-08-11,26.331,27.024,24.859,26.245,189610,4976314.45,0.0,0.0,0.0,0.0,,0.0,0.0,0.0
2021-08-12,22.607,25.985,21.741,25.379,240310,6098827.49,0.0,0.0,0.0,0.0,,0.0,0.0,0.0
2021-08-13,25.278,25.808,25.278,25.808,56100,1447828.8,0.0,0.0,0.0,0.0,,0.0,0.0,0.0
2021-08-16,25.455,26.869,25.455,26.073,28276,737240.148,0.0,0.0,0.0,0.0,,0.0,0.0,0.0
2021-08-17,25.985,26.515,25.631,26.162,23834,623545.108,0.0,0.0,0.0,0.0,,0.0,0.0,0.0
2021-08-18,26.338,26.338,25.366,25.455,65800,1674939.0,0.0,0.0,0.0,0.0,,0.0,0.0,0.0
2021-08-19,25.543,26.073,25.455,25.631,41100,1053434.1,0.0,0.0,0.0,0.0,,0.0,0.0,0.0
2021-08-20,25.631,25.631,25.189,25.189,29000,730481.0,0.0,0.0,0.0,0.0,,0.0,0.0,0.0
2021-08-23,25.101,25.189,24.571,24.571,47100,1157294.1,0.0,0.0,0.0,0.0,,0.0,0.0,0.0
2021-08-24,24.748,25.013,24.394,24.571,16600,407878.6,0.0,0.0,0.0,0.0,,0.0,0.0,0.0
2021-08-25,24.571,24.748,24.482,24.748,28700,710267.6,0.0,0.0,0.0,0.0,,0.0,0.0,0.0
2021-08-26,24.748,24.748,24.571,24.659,43900,1082530.1,0.0,0.0,0.0,0.0,,0.0,0.0,0.0
2021-08-27,24.571,24.924,24.571,24.924,51600,1286078.4,0.0,0.0,0.0,0.0,,0.0,0.0,0.0
2021-08-30,24.748,25.278,24.748,24.836,33010,819836.36,0.0,0.0,0.0,0.0,,0.0,0.0,0.0
2021-08-31,25.189,25.896,25.013,25.808,71000,1832368.0,0.0,0.0,0.0,0.0,,0.0,0.0,0.0
2021-09-01,25.808,27.222,25.72,26.515,72700,1927640.5,0.0,0.0,0.0,0.0,,0.0,0.0,0.0
2021-09-06,26.427,28.106,26.427,28.106,116918,3286097.308,0.0,0.0,0.0,0.0,,0.0,0.0,0.0
2021-09-07,27.399,27.576,26.692,27.222,62100,1690486.2000000002,0.0,0.0,0.0,0.0,,0.0,0.0,0.0
2021-09-08,26.515,27.311,25.808,26.515,46000,1219690.0,0.0,0.0,0.0,0.0,,0.0,0.0,0.0
2021-09-09,27.399,27.399,26.073,27.399,22710,622231.29,0.0,0.0,0.0,0.0,,0.0,0.0,0.0
2021-09-10,26.692,27.222,26.073,26.957,54400,1466460.8,0.0,0.0,0.0,0.0,,0.0,0.0,0.0
2021-09-13,26.515,26.957,25.985,26.515,91900,2436728.5,0.0,0.0,0.0,0.0,,0.0,0.0,0.0
2021-09-14,26.515,27.045,26.338,26.78,61016,1634008.48,0.0,0.0,0.0,0.0,,0.0,0.0,0.0
2021-09-15,26.25,26.692,25.631,26.338,45000,1185210.0,0.0,0.0,0.0,0.0,,0.0,0.0,0.0
2021-09-16,26.427,26.427,25.631,26.427,31600,835093.2,0.0,0.0,0.0,0.0,,0.0,0.0,0.0
2021-09-17,25.896,26.957,25.896,26.515,61910,1641543.65,0.0,0.0,0.0,0.0,,0.0,0.0,0.0
2021-09-20,25.808,26.515,25.808,26.338,51245,1349690.81,0.0,0.0,0.0,0.0,,0.0,0.0,0.0
2021-09-21,26.692,26.692,25.366,26.25,44200,1160250.0,0.0,0.0,0.0,0.0,,0.0,0.0,0.0
2021-09-22,26.515,26.515,25.808,26.338,43822,1154183.836,0.0,0.0,0.0,0.0,,0.0,0.0,0.0
2021-09-23,26.515,26.78,26.25,26.338,95568,2517069.984,0.0,0.0,0.0,0.0,,0.0,0.0,0.0
2021-09-24,26.515,26.515,25.985,26.338,19442,512063.396,0.0,0.0,0.0,0.0,,0.0,0.0,0.0
2021-09-27,26.338,26.515,25.366,25.985,91312,2372742.32,0.0,0.0,0.0,0.0,,0.0,0.0,0.0
2021-09-28,25.808,26.162,25.189,26.073,96000,2503008.0,0.0,0.0,0.0,0.0,,0.0,0.0,0.0
2021-09-29,26.25,26.427,25.455,25.896,93400,2418686.4,0.0,0.0,0.0,0.0,,0.0,0.0,0.0
2021-09-30,26.338,26.338,25.631,25.985,48400,1257674.0,0.0,0.0,0.0,0.0,,0.0,0.0,0.0
2021-10-01,25.808,26.162,25.631,26.162,83500,2184527.0,0.0,0.0,0.0,0.0,,0.0,0.0,0.0
2021-10-04,26.162,26.515,25.985,25.985,82400,2141164.0,0.0,0.0,0.0,0.0,,0.0,0.0,0.0
2021-10-05,26.162,26.957,26.073,26.692,61337,1637207.204,0.0,0.0,0.0,0.0,,0.0,0.0,0.0
2021-10-06,26.692,27.311,26.604,26.869,97700,2625101.3,0.0,0.0,0.0,0.0,,0.0,0.0,0.0
2021-10-07,26.869,27.576,26.869,27.399,42600,1167197.4,0.0,0.0,0.0,0.0,,0.0,0.0,0.0
2021-10-08,27.399,28.548,27.399,28.106,46100,1295686.6,0.0,0.0,0.0,0.0,,0.0,0.0,0.0
2021-10-11,28.283,32.172,28.283,30.934,102661,3175715.3740000003,0.0,0.0,0.0,0.0,,0.0,0.0,0.0
2021-10-12,30.934,35.088,30.934,35.088,302000,10596576.0,0.0,0.0,0.0,0.0,,0.0,0.0,0.0
2021-10-13,35.088,37.917,34.028,34.823,118100,4112596.3,0.0,0.0,0.0,0.0,,0.0,0.0,0.0
2021-10-14,35.354,37.121,34.116,36.237,84000,3043908.0,0.0,0.0,0.0,0.0,,0.0,0.0,0.0
2021-10-15,35.707,36.326,34.558,34.912,54700,1909686.4,0.0,0.0,0.0,0.0,,0.0,0.0,0.0
2021-10-18,34.47,36.237,34.028,36.237,58877,2133525.849,0.0,0.0,0.0,0.0,,0.0,0.0,0.0
2021-10-19,36.237,38.801,35.177,38.447,171411,6590238.717,0.0,0.0,0.0,0.0,,0.0,0.0,0.0
2021-10-20,38.889,42.424,38.447,41.099,346174,14227405.225999998,0.0,0.0,0.0,0.0,,0.0,0.0,0.0
2021-10-21,41.54,41.806,40.215,41.452,144908,6006726.416,0.0,0.0,0.0,0.0,,0.0,0.0,0.0
2021-10-22,41.452,43.75,39.773,41.982,178687,7501637.634,0.0,0.0,0.0,0.0,,0.0,0.0,0.0
2021-10-25,41.982,46.755,41.982,45.518,207944,9465194.992,0.0,0.0,0.0,0.0,,0.0,0.0,0.0
2021-10-26,48.611,48.611,45.96,47.551,183700,8735118.700000001,0.0,0.0,0.0,0.0,,0.0,0.0,0.0
2021-10-27,47.551,49.495,47.551,47.816,188529,9014702.664,0.0,0.0,0.0,0.0,,0.0,0.0,0.0
2021-10-28,49.053,51.263,48.788,50.379,290980,14659281.42,0.0,0.0,0.0,0.0,,0.0,0.0,0.0
2021-10-29,52.147,53.472,51.263,52.147,172407,8990507.829,0.0,0.0,0.0,0.0,,0.0,0.0,0.0
2021-11-01,53.472,59.217,53.03,56.389,423103,23858355.067,0.0,0.0,0.0,0.0,,0.0,0.0,0.0
2021-11-02,60.101,64.52,60.101,63.548,340061,21610196.428,0.0,0.0,0.0,0.0,,0.0,0.0,0.0
2021-11-03,63.548,69.823,60.897,61.162,421900,25804247.8,0.0,0.0,0.0,0.0,,0.0,0.0,0.0
2021-11-04,61.162,66.641,57.45,65.934,372609,24567601.806,0.0,0.0,0.0,0.0,,0.0,0.0,0.0
2021-11-05,68.939,72.033,66.288,68.939,204845,14121809.454999998,0.0,0.0,0.0,0.0,,0.0,0.0,0.0
2021-11-08,69.823,73.359,64.52,66.288,424614,28146812.832,0.0,0.0,0.0,0.0,,0.0,0.0,0.0
2021-11-09,67.172,68.939,57.803,57.803,583022,33700420.666,0.0,0.0,0.0,0.0,,0.0,0.0,0.0
2021-11-10,57.891,61.78,57.891,60.985,184277,11238132.845,0.0,0.0,0.0,0.0,,0.0,0.0,0.0
2021-11-11,59.836,63.283,59.217,61.338,249366,15295611.708,0.0,0.0,0.0,0.0,,0.0,0.0,0.0
2021-11-12,61.869,62.753,60.101,61.338,221200,13567965.6,0.0,0.0,0.0,0.0,,0.0,0.0,0.0
2021-11-15,62.753,66.73,61.869,64.52,498423,32158251.96,0.0,0.0,0.0,0.0,,0.0,0.0,0.0
2021-11-16,67.172,67.172,61.427,61.427,325757,20010275.239,0.0,0.0,0.0,0.0,,0.0,0.0,0.0
2021-11-17,61.869,62.929,60.101,60.101,432455,25990977.955,0.0,0.0,0.0,0.0,,0.0,0.0,0.0
2021-11-18,60.101,61.869,59.217,59.924,462721,27728093.204,0.0,0.0,0.0,0.0,,0.0,0.0,0.0
2021-11-19,60.101,60.101,56.566,58.245,458100,26682034.5,0.0,0.0,0.0,0.0,,0.0,0.0,0.0
2021-11-22,58.245,58.245,49.495,49.495,400816,19838387.92,0.0,0.0,0.0,0.0,,0.0,0.0,0.0
2021-11-23,48.7,59.394,48.611,54.356,182029,9894368.324,0.0,0.0,0.0,0.0,,0.0,0.0,0.0
2021-11-24,57.45,58.333,54.71,54.798,100406,5502047.988,0.0,0.0,0.0,0.0,,0.0,0.0,0.0
2021-11-25,53.914,56.035,52.588,53.296,127301,6784634.096,0.0,0.0,0.0,0.0,,0.0,0.0,0.0
2021-11-26,53.03,54.798,52.147,52.5,141100,7407750.0,0.0,0.0,0.0,0.0,,0.0,0.0,0.0
2021-11-29,51.705,54.975,49.407,51.705,193098,9984132.09,0.0,0.0,0.0,0.0,,0.0,0.0,0.0
2021-11-30,53.03,53.296,52.147,53.03,78100,4141643.0,0.0,0.0,0.0,0.0,,0.0,0.0,0.0
2021-12-01,53.119,53.119,51.705,52.588,91700,4822319.6,0.0,0.0,0.0,0.0,,0.0,0.0,0.0
2021-12-02,52.677,52.942,51.793,52.235,63309,3306945.615,0.0,0.0,0.0,0.0,,0.0,0.0,0.0
2021-12-03,52.323,52.5,44.634,48.965,251990,12338690.35,0.0,0.0,0.0,0.0,,0.0,0.0,0.0
2021-12-06,48.611,48.611,41.099,41.364,348422,14412127.608,0.0,0.0,0.0,0.0,,0.0,0.0,0.0
2021-12-07,42.424,45.871,41.629,45.518,110330,5022000.94,0.0,0.0,0.0,0.0,,0.0,0.0,0.0
2021-12-08,45.96,46.843,44.457,45.871,39264,1801078.944,0.0,0.0,0.0,0.0,,0.0,0.0,0.0
2021-12-09,45.253,45.96,44.28,45.076,65590,2956534.84,0.0,0.0,0.0,0.0,,0.0,0.0,0.0
2021-12-10,45.076,45.253,44.634,45.076,79052,3563347.952,0.0,0.0,0.0,0.0,,0.0,0.0,0.0
2021-12-13,45.518,51.616,44.192,51.263,209530,10741136.39,0.0,0.0,0.0,0.0,,0.0,0.0,0.0
2021-12-14,52.147,54.798,52.147,54.445,174112,9479527.84,0.0,0.0,0.0,0.0,,0.0,0.0,0.0
2021-12-15,55.417,56.654,53.03,54.091,160993,8708272.363,0.0,0.0,0.0,0.0,,0.0,0.0,0.0
2021-12-16,53.914,55.682,53.03,53.914,121400,6545159.600000001,0.0,0.0,0.0,0.0,,0.0,0.0,0.0
2021-12-17,54.003,56.566,54.003,55.063,203470,11203668.61,0.0,0.0,0.0,0.0,,0.0,0.0,0.0
2021-12-20,55.24,56.919,53.472,54.356,103134,5605951.704,0.0,0.0,0.0,0.0,,0.0,0.0,0.0
2021-12-21,53.03,53.914,51.881,52.5,137900,7239750.0,0.0,0.0,0.0,0.0,,0.0,0.0,0.0
2021-12-22,52.588,52.677,48.258,49.583,320655,15899036.865,0.0,0.0,0.0,0.0,,0.0,0.0,0.0
2021-12-23,51.174,51.174,44.192,44.192,371010,16395673.92,0.0,0.0,0.0,0.0,,0.0,0.0,0.0
2021-12-24,44.28,48.611,43.308,48.169,124244,5984709.236,0.0,0.0,0.0,0.0,,0.0,0.0,0.0
2021-12-27,46.932,48.611,45.076,47.727,69800,3331344.6,0.0,0.0,0.0,0.0,,0.0,0.0,0.0
2021-12-28,47.992,48.788,46.402,47.992,90451,4340924.392,0.0,0.0,0.0,0.0,,0.0,0.0,0.0
2021-12-29,46.843,47.727,45.96,46.49,116320,5407716.8,0.0,0.0,0.0,0.0,,0.0,0.0,0.0
2021-12-30,46.843,51.351,46.402,50.732,162014,8219294.248,0.0,0.0,0.0,0.0,,0.0,0.0,0.0
2021-12-31,51.263,53.826,49.583,50.644,145600,7373766.399999999,0.0,0.0,0.0,0.0,,0.0,0.0,0.0
2022-01-04,52.058,52.058,49.495,50.556,92850,4694124.6,0.0,0.0,0.0,0.0,,0.0,0.0,0.0
2022-01-05,50.644,50.644,48.611,49.583,146771,7277346.493,0.0,0.0,0.0,0.0,,0.0,0.0,0.0
2022-01-06,48.611,50.732,47.02,48.169,131300,6324589.699999999,0.0,0.0,0.0,0.0,,0.0,0.0,0.0
2022-01-07,47.727,50.379,47.462,48.258,191400,9236581.2,0.0,0.0,0.0,0.0,,0.0,0.0,0.0
2022-01-10,48.346,54.798,48.346,50.379,408900,20599973.1,0.0,0.0,0.0,0.0,,0.0,0.0,0.0
2022-01-11,51.263,55.063,50.379,54.356,288179,15664257.724,0.0,0.0,0.0,0.0,,0.0,0.0,0.0
2022-01-12,53.207,56.389,51.263,54.71,397520,21748319.2,0.0,0.0,0.0,0.0,,0.0,0.0,0.0
2022-01-13,54.798,56.124,51.263,53.384,223676,11940719.584,0.0,0.0,0.0,0.0,,0.0,0.0,0.0
2022-01-14,52.147,53.649,50.379,52.765,229800,12125397.0,0.0,0.0,0.0,0.0,,0.0,0.0,0.0
2022-01-17,52.765,54.621,48.169,50.29,194600,9786434.0,0.0,0.0,0.0,0.0,,0.0,0.0,0.0
2022-01-18,49.053,49.583,44.546,46.225,213940,9889376.5,0.0,0.0,0.0,0.0,,0.0,0.0,0.0
2022-01-19,46.843,46.932,43.397,45.253,219445,9930544.585,0.0,0.0,0.0,0.0,,0.0,0.0,0.0
2022-01-20,44.987,48.346,44.899,46.843,94800,4440716.4,0.0,0.0,0.0,0.0,,0.0,0.0,0.0
2022-01-21,46.843,48.611,46.755,48.523,69900,3391757.7,0.0,0.0,0.0,0.0,,0.0,0.0,0.0
2022-01-24,48.523,48.523,45.076,45.164,115426,5213099.864,0.0,0.0,0.0,0.0,,0.0,0.0,0.0
2022-01-25,45.164,46.843,44.899,46.048,65650,3023051.2,0.0,0.0,0.0,0.0,,0.0,0.0,0.0
2022-01-26,45.783,46.932,45.518,45.518,81400,3705165.2,0.0,0.0,0.0,0.0,,0.0,0.0,0.0
2022-01-27,44.28,45.96,42.866,42.866,159800,6849986.8,0.0,0.0,0.0,0.0,,0.0,0.0,0.0
2022-01-28,43.927,43.927,40.038,41.452,191550,7940130.6,0.0,0.0,0.0,0.0,,0.0,0.0,0.0
2022-02-07,41.54,46.843,41.54,44.457,39300,1747160.1,0.0,0.0,0.0,0.0,,0.0,0.0,0.0
2022-02-08,43.927,44.987,42.513,43.043,26700,1149248.1,0.0,0.0,0.0,0.0,,0.0,0.0,0.0
2022-02-09,43.75,44.104,42.071,43.131,285010,12292766.31,0.0,0.0,0.0,0.0,,0.0,0.0,0.0
2022-02-10,42.601,45.076,42.424,44.015,118052,5196058.78,0.0,0.0,0.0,0.0,,0.0,0.0,0.0
2022-02-11,44.015,45.871,43.75,44.546,86600,3857683.6,0.0,0.0,0.0,0.0,,0.0,0.0,0.0
2022-02-14,44.28,44.28,43.308,43.308,92500,4005990.0,0.0,0.0,0.0,0.0,,0.0,0.0,0.0
2022-02-15,43.308,43.927,42.424,43.308,105775,4580903.7,0.0,0.0,0.0,0.0,,0.0,0.0,0.0
2022-02-16,43.308,44.015,43.043,43.75,117800,5153750.0,0.0,0.0,0.0,0.0,,0.0,0.0,0.0
2022-02-17,43.75,45.518,43.75,44.192,95030,4199565.76,0.0,0.0,0.0,0.0,,0.0,0.0,0.0
2022-02-18,44.192,44.634,43.838,44.457,85000,3778845.0,0.0,0.0,0.0,0.0,,0.0,0.0,0.0
2022-02-21,44.192,45.429,44.192,45.341,110811,5024281.551,0.0,0.0,0.0,0.0,,0.0,0.0,0.0
2022-02-22,45.341,45.341,43.397,44.104,72500,3197540.0,0.0,0.0,0.0,0.0,,0.0,0.0,0.0
2022-02-23,44.104,45.96,43.75,45.518,156609,7128528.462,0.0,0.0,0.0,0.0,,0.0,0.0,0.0
2022-02-24,45.871,49.495,45.076,47.904,368338,17644863.552,0.0,0.0,0.0,0.0,,0.0,0.0,0.0
2022-02-25,47.462,50.114,47.462,48.7,175069,8525860.3,0.0,0.0,0.0,0.0,,0.0,0.0,0.0
2022-02-28,49.053,50.556,49.053,49.407,168110,8305810.77,0.0,0.0,0.0,0.0,,0.0,0.0,0.0
2022-03-01,49.053,49.407,47.727,47.904,187537,8983772.448,0.0,0.0,0.0,0.0,,0.0,0.0,0.0
2022-03-02,47.904,49.937,46.843,48.434,119700,5797549.8,0.0,0.0,0.0,0.0,,0.0,0.0,0.0
2022-03-03,48.434,48.611,47.639,48.169,152524,7346928.556,0.0,0.0,0.0,0.0,,0.0,0.0,0.0
2022-03-04,47.904,49.672,47.374,49.23,227800,11214594.0,0.0,0.0,0.0,0.0,,0.0,0.0,0.0
2022-03-07,49.053,51.263,49.053,50.114,175069,8773407.866,0.0,0.0,0.0,0.0,,0.0,0.0,0.0
2022-03-08,50.025,50.025,47.639,47.727,182039,8688175.353,0.0,0.0,0.0,0.0,,0.0,0.0,0.0
2022-03-09,47.727,47.727,44.899,46.225,220358,10186048.55,0.0,0.0,0.0,0.0,,0.0,0.0,0.0
2022-03-10,46.667,47.727,46.313,46.667,82300,3840694.1,0.0,0.0,0.0,0.0,,0.0,0.0,0.0
2022-03-11,45.96,46.755,44.015,45.076,168100,7577275.6,0.0,0.0,0.0,0.0,,0.0,0.0,0.0
2022-03-14,45.076,45.076,43.308,44.192,118405,5232553.76,0.0,0.0,0.0,0.0,,0.0,0.0,0.0
2022-03-15,44.369,45.253,43.927,45.076,48500,2186186.0,0.0,0.0,0.0,0.0,,0.0,0.0,0.0
2022-03-16,45.164,45.96,44.634,45.076,32040,1444235.04,0.0,0.0,0.0,0.0,,0.0,0.0,0.0
2022-03-17,45.518,45.96,45.518,45.871,49600,2275201.6,0.0,0.0,0.0,0.0,,0.0,0.0,0.0
2022-03-18,45.783,46.402,45.783,45.783,34413,1575530.379,0.0,0.0,0.0,0.0,,0.0,0.0,0.0
2022-03-21,46.667,48.169,45.518,47.816,190718,9119371.888,0.0,0.0,0.0,0.0,,0.0,0.0,0.0
2022-03-22,47.727,49.053,47.285,47.727,220600,10528576.2,0.0,0.0,0.0,0.0,,0.0,0.0,0.0
2022-03-23,47.816,48.434,47.639,47.727,91200,4352702.399999999,0.0,0.0,0.0,0.0,,0.0,0.0,0.0
2022-03-24,47.727,49.937,47.639,49.407,264519,13069090.233,0.0,0.0,0.0,0.0,,0.0,0.0,0.0
2022-03-25,49.495,50.379,49.318,49.937,177960,8886788.52,0.0,0.0,0.0,0.0,,0.0,0.0,0.0
2022-03-28,49.937,49.937,47.285,48.434,270000,13077180.0,0.0,0.0,0.0,0.0,,0.0,0.0,0.0
2022-03-29,48.434,49.937,47.904,49.318,117810,5810153.58,0.0,0.0,0.0,0.0,,0.0,0.0,0.0
2022-03-30,49.23,49.672,47.727,48.523,182163,8839095.249,0.0,0.0,0.0,0.0,,0.0,0.0,0.0
2022-03-31,48.523,52.854,48.258,52.677,522432,27520150.464,0.0,0.0,0.0,0.0,,0.0,0.0,0.0
2022-04-01,52.588,53.472,51.705,52.588,182100,9576274.8,0.0,0.0,0.0,0.0,,0.0,0.0,0.0
2022-04-04,52.588,55.24,52.058,54.71,329715,18038707.65,0.0,0.0,0.0,0.0,,0.0,0.0,0.0
2022-04-05,54.621,54.621,53.296,53.296,140726,7500132.896,0.0,0.0,0.0,0.0,,0.0,0.0,0.0
2022-04-06,53.03,54.533,52.147,52.588,304700,16023563.6,0.0,0.0,0.0,0.0,,0.0,0.0,0.0
2022-04-07,48.611,51.263,45.076,45.341,558020,25301184.82,0.0,0.0,0.0,0.0,,0.0,0.0,0.0
2022-04-08,44.192,45.96,43.308,43.485,259675,11291967.375,0.0,0.0,0.0,0.0,,0.0,0.0,0.0
2022-04-12,43.662,44.192,42.778,43.043,170655,7345503.165,0.0,0.0,0.0,0.0,,0.0,0.0,0.0
2022-04-13,43.308,44.987,42.778,44.546,160211,7136759.206,0.0,0.0,0.0,0.0,,0.0,0.0,0.0
2022-04-14,44.28,45.076,43.573,43.927,89533,3932916.091,0.0,0.0,0.0,0.0,,0.0,0.0,0.0
2022-04-15,44.104,44.722,43.308,44.104,107900,4758821.6,0.0,0.0,0.0,0.0,,0.0,0.0,0.0
2022-04-18,43.838,43.838,38.093,40.657,256300,10420389.1,0.0,0.0,0.0,0.0,,0.0,0.0,0.0
2022-04-19,40.657,41.54,36.768,38.889,276500,10752808.5,0.0,0.0,0.0,0.0,,0.0,0.0,0.0
2022-04-20,38.005,38.447,35.53,35.795,193500,6926332.5,0.0,0.0,0.0,0.0,,0.0,0.0,0.0
2022-04-21,33.763,36.856,31.376,33.586,259400,8712208.4,0.0,0.0,0.0,0.0,,0.0,0.0,0.0
2022-04-22,34.205,35.354,32.614,34.381,119130,4095808.53,0.0,0.0,0.0,0.0,,0.0,0.0,0.0
2022-04-25,34.381,35.354,30.934,32.879,208400,6851983.6,0.0,0.0,0.0,0.0,,0.0,0.0,0.0
2022-04-26,31.818,32.26,30.051,31.818,315100,10025851.8,0.0,0.0,0.0,0.0,,0.0,0.0,0.0
2022-04-27,31.818,35.265,30.758,35.265,274100,9666136.5,0.0,0.0,0.0,0.0,,0.0,0.0,0.0
2022-04-28,35.0,36.237,34.47,35.442,76700,2718401.4,0.0,0.0,0.0,0.0,,0.0,0.0,0.0
2022-04-29,36.679,37.563,35.884,36.237,114420,4146237.54,0.0,0.0,0.0,0.0,,0.0,0.0,0.0
2022-05-04,36.237,36.237,34.205,34.205,366000,12519030.0,0.0,0.0,0.0,0.0,,0.0,0.0,0.0
2022-05-05,34.823,34.912,33.144,34.205,80310,2747003.55,0.0,0.0,0.0,0.0,,0.0,0.0,0.0
2022-05-06,34.028,34.028,32.26,33.144,83600,2770838.4,0.0,0.0,0.0,0.0,,0.0,0.0,0.0
2022-05-09,32.79,32.79,29.785,30.934,201509,6233479.406,0.0,0.0,0.0,0.0,,0.0,0.0,0.0
2022-05-10,30.404,32.349,30.404,32.26,82300,2654998.0,0.0,0.0,0.0,0.0,,0.0,0.0,0.0
2022-05-11,31.818,33.586,30.581,33.586,130100,4369538.6,0.0,0.0,0.0,0.0,,0.0,0.0,0.0
2022-05-12,32.349,32.437,31.376,32.26,95200,3071152.0,0.0,0.0,0.0,0.0,,0.0,0.0,0.0
2022-05-13,31.111,32.26,31.023,31.465,104800,3297532.0,0.0,0.0,0.0,0.0,,0.0,0.0,0.0
2022-05-16,30.934,32.26,30.934,31.553,38300,1208479.9,0.0,0.0,0.0,0.0,,0.0,0.0,0.0
2022-05-17,31.465,34.47,31.465,33.763,90200,3045422.6,0.0,0.0,0.0,0.0,,0.0,0.0,0.0
2022-05-18,32.79,34.912,32.79,34.912,110600,3861267.2,0.0,0.0,0.0,0.0,,0.0,0.0,0.0
2022-05-19,32.525,33.674,30.316,33.586,41300,1387101.8,0.0,0.0,0.0,0.0,,0.0,0.0,0.0
2022-05-20,33.144,33.674,32.349,33.586,29600,994145.6,0.0,0.0,0.0,0.0,,0.0,0.0,0.0
2022-05-23,33.321,33.498,32.79,33.409,28600,955497.4,0.0,0.0,0.0,0.0,,0.0,0.0,0.0
2022-05-24,33.409,33.409,31.641,33.232,31701,1053487.632,0.0,0.0,0.0,0.0,,0.0,0.0,0.0
2022-05-25,33.498,35.354,32.525,35.354,180800,6392003.2,0.0,0.0,0.0,0.0,,0.0,0.0,0.0
2022-05-26,34.47,36.061,34.47,35.442,63900,2264743.8,0.0,0.0,0.0,0.0,,0.0,0.0,0.0
2022-05-27,35.442,35.795,34.823,35.265,45700,1611610.5,0.0,0.0,0.0,0.0,,0.0,0.0,0.0
2022-05-30,36.237,36.237,33.851,35.354,114500,4048033.0,0.0,0.0,0.0,0.0,,0.0,0.0,0.0
2022-05-31,34.47,35.442,34.205,34.735,89800,3119203.0,0.0,0.0,0.0,0.0,,0.0,0.0,0.0
2022-06-01,34.116,35.354,34.116,34.558,19000,656602.0,0.0,0.0,0.0,0.0,,0.0,0.0,0.0
2022-06-02,33.763,34.912,33.763,34.116,23800,811960.8,0.0,0.0,0.0,0.0,,0.0,0.0,0.0
2022-06-03,33.851,34.558,33.586,34.028,41700,1418967.6,0.0,0.0,0.0,0.0,,0.0,0.0,0.0
2022-06-06,32.79,34.823,32.083,34.116,68100,2323299.6,0.0,0.0,0.0,0.0,,0.0,0.0,0.0
2022-06-07,33.144,33.763,32.525,33.763,51000,1721913.0,0.0,0.0,0.0,0.0,,0.0,0.0,0.0
2022-06-08,32.79,34.647,32.79,34.205,47600,1628158.0,0.0,0.0,0.0,0.0,,0.0,0.0,0.0
2022-06-09,33.586,34.381,33.586,33.586,20600,691871.6,0.0,0.0,0.0,0.0,,0.0,0.0,0.0
2022-06-10,34.823,34.823,33.232,33.321,67100,2235839.1,0.0,0.0,0.0,0.0,,0.0,0.0,0.0
2022-06-13,32.702,32.702,31.73,31.73,87900,2789067.0,0.0,0.0,0.0,0.0,,0.0,0.0,0.0
2022-06-14,31.2,32.437,31.2,31.553,15100,476450.3,0.0,0.0,0.0,0.0,,0.0,0.0,0.0
2022-06-15,32.083,33.144,28.018,29.52,113501,3350549.52,0.0,0.0,0.0,0.0,,0.0,0.0,0.0
2022-06-16,29.343,30.758,29.167,30.492,30600,933055.2,0.0,0.0,0.0,0.0,,0.0,0.0,0.0
2022-06-17,30.758,30.758,28.371,30.051,44100,1325249.1,0.0,0.0,0.0,0.0,,0.0,0.0,0.0
2022-06-20,28.99,28.99,26.515,27.399,88200,2416591.8000000003,0.0,0.0,0.0,0.0,,0.0,0.0,0.0
2022-06-21,25.985,27.045,24.04,25.189,182600,4599511.4,0.0,0.0,0.0,0.0,,0.0,0.0,0.0
2022-06-22,25.013,25.631,21.301,25.631,58100,1489161.1,0.0,0.0,0.0,0.0,,0.0,0.0,0.0
2022-06-23,24.394,26.957,24.306,26.957,48900,1318197.3,0.0,0.0,0.0,0.0,,0.0,0.0,0.0
2022-06-24,26.338,29.167,24.748,29.167,166300,4850472.100000001,0.0,0.0,0.0,0.0,,0.0,0.0,0.0
2022-06-27,24.748,28.813,24.748,28.725,19900,571627.5,0.0,0.0,0.0,0.0,,0.0,0.0,0.0
2022-06-28,29.078,29.078,27.399,28.636,35608,1019670.688,0.0,0.0,0.0,0.0,,0.0,0.0,0.0
2022-06-29,27.399,31.2,27.311,31.111,110100,3425321.1,0.0,0.0,0.0,0.0,,0.0,0.0,0.0
2022-06-30,30.139,32.525,28.725,29.167,63202,1843412.734,0.0,0.0,0.0,0.0,,0.0,0.0,0.0
2022-07-01,28.46,29.874,28.46,29.874,7500,224055.0,0.0,0.0,0.0,0.0,,0.0,0.0,0.0
2022-07-04,28.813,28.813,24.748,25.896,112504,2913403.5840000003,0.0,0.0,0.0,0.0,,0.0,0.0,0.0
2022-07-05,26.25,27.134,23.422,24.306,206900,5028911.4,0.0,0.0,0.0,0.0,,0.0,0.0,0.0
2022-07-06,25.631,26.162,24.571,25.631,15800,404969.8,0.0,0.0,0.0,0.0,,0.0,0.0,0.0
2022-07-07,25.808,28.46,25.808,28.46,54000,1536840.0,0.0,0.0,0.0,0.0,,0.0,0.0,0.0
2022-07-08,27.045,29.167,26.957,29.167,40300,1175430.1,0.0,0.0,0.0,0.0,,0.0,0.0,0.0
2022-07-11,29.874,29.874,27.929,27.929,10174,284149.646,0.0,0.0,0.0,0.0,,0.0,0.0,0.0
2022-07-12,27.487,29.167,27.399,29.167,44600,1300848.2000000002,0.0,0.0,0.0,0.0,,0.0,0.0,0.0
2022-07-13,27.753,28.725,27.753,28.283,6900,195152.7,0.0,0.0,0.0,0.0,,0.0,0.0,0.0
2022-07-14,28.46,28.99,27.399,28.194,8510,239930.94,0.0,0.0,0.0,0.0,,0.0,0.0,0.0
2022-07-15,28.106,30.051,28.106,30.051,56300,1691871.2999999998,0.0,0.0,0.0,0.0,,0.0,0.0,0.0
2022-07-18,29.432,32.702,29.432,32.702,124500,4071399.0,0.0,0.0,0.0,0.0,,0.0,0.0,0.0
2022-07-19,32.702,34.47,31.818,34.293,109200,3744795.6,0.0,0.0,0.0,0.0,,0.0,0.0,0.0
2022-07-20,34.293,35.354,33.586,35.177,120732,4246989.564,0.0,0.0,0.0,0.0,,0.0,0.0,0.0
2022-07-21,34.647,34.647,31.907,31.907,81000,2584467.0,0.0,0.0,0.0,0.0,,0.0,0.0,0.0
2022-07-22,32.525,35.795,32.349,34.028,229400,7806023.199999999,0.0,0.0,0.0,0.0,,0.0,0.0,0.0
2022-07-25,33.321,34.47,30.051,33.586,140700,4725550.2,0.0,0.0,0.0,0.0,,0.0,0.0,0.0
2022-07-26,32.967,35.795,32.967,35.795,82900,2967405.5,0.0,0.0,0.0,0.0,,0.0,0.0,0.0
2022-07-27,35.442,38.27,35.354,37.652,53900,2029442.8,0.0,0.0,0.0,0.0,,0.0,0.0,0.0
2022-07-28,37.298,39.331,36.149,39.154,93900,3676560.6,0.0,0.0,0.0,0.0,,0.0,0.0,0.0
2022-07-29,38.359,39.773,38.005,38.801,43300,1680083.3,0.0,0.0,0.0,0.0,,0.0,0.0,0.0
2022-08-01,38.889,38.889,37.21,38.27,46000,1760420.0000000002,0.0,0.0,0.0,0.0,,0.0,0.0,0.0
2022-08-02,37.298,39.331,37.298,38.182,54600,2084737.2,0.0,0.0,0.0,0.0,,0.0,0.0,0.0
2022-08-03,38.005,41.54,38.005,41.54,80700,3352278.0,0.0,0.0,0.0,0.0,,0.0,0.0,0.0
2022-08-04,36.237,41.982,34.47,40.038,167000,6686345.999999999,0.0,0.0,0.0,0.0,,0.0,0.0,0.0
2022-08-05,39.773,40.303,38.005,39.861,9200,366721.2,0.0,0.0,0.0,0.0,,0.0,0.0,0.0
2022-08-08,40.657,41.364,40.657,41.099,47400,1948092.6,0.0,0.0,0.0,0.0,,0.0,0.0,0.0
2022-08-09,39.066,41.982,39.066,41.099,28000,1150772.0,0.0,0.0,0.0,0.0,,0.0,0.0,0.0
2022-08-10,41.187,41.982,41.099,41.099,30300,1245299.7,0.0,0.0,0.0,0.0,,0.0,0.0,0.0
2022-08-11,41.452,41.54,41.099,41.54,52700,2189158.0,0.0,0.0,0.0,0.0,,0.0,0.0,0.0
2022-08-12,42.35,42.892,41.989,42.892,40400,1732836.8,0.0,0.0,0.0,0.0,,0.0,0.0,0.0
2022-08-15,42.44,45.059,42.44,45.059,68010,3064462.59,0.0,0.0,0.0,0.0,,0.0,0.0,0.0
2022-08-16,44.427,46.052,44.246,45.872,47902,2197360.544,0.0,0.0,0.0,0.0,,0.0,0.0,0.0
2022-08-17,46.052,46.052,43.343,44.246,51108,2261324.568,0.0,0.0,0.0,0.0,,0.0,0.0,0.0
2022-08-18,44.246,44.336,44.246,44.246,18000,796428.0,0.0,0.0,0.0,0.0,,0.0,0.0,0.0
2022-08-19,44.246,44.246,42.44,43.343,66100,2864972.3000000003,0.0,0.0,0.0,0.0,,0.0,0.0,0.0
2022-08-22,43.885,44.156,43.343,43.885,44800,1966048.0,0.0,0.0,0.0,0.0,,0.0,0.0,0.0
2022-08-23,38.377,43.614,38.377,43.614,123500,5386329.0,0.0,0.0,0.0,0.0,,0.0,0.0,0.0
2022-08-24,43.433,43.433,41.989,42.44,21800,925192.0,0.0,0.0,0.0,0.0,,0.0,0.0,0.0
2022-08-25,42.711,43.704,42.711,43.524,28200,1227376.8,0.0,0.0,0.0,0.0,,0.0,0.0,0.0
2022-08-26,43.524,43.524,43.253,43.343,37700,1634031.1,0.0,0.0,0.0,0.0,,0.0,0.0,0.0
2022-08-29,39.731,43.343,39.731,43.163,56000,2417128.0,0.0,0.0,0.0,0.0,,0.0,0.0,0.0
2022-08-30,43.343,46.955,43.343,44.336,43500,1928616.0,0.0,0.0,0.0,0.0,,0.0,0.0,0.0
2022-08-31,43.433,45.059,43.433,45.059,20400,919203.6,0.0,0.0,0.0,0.0,,0.0,0.0,0.0
2022-09-05,44.246,44.246,43.795,43.795,38100,1668589.5,0.0,0.0,0.0,0.0,,0.0,0.0,0.0
2022-09-06,43.343,43.704,42.892,43.072,68200,2937510.4000000004,0.0,0.0,0.0,0.0,,0.0,0.0,0.0
2022-09-07,43.253,43.253,41.086,41.086,32500,1335295.0,0.0,0.0,0.0,0.0,,0.0,0.0,0.0
2022-09-08,39.731,40.725,39.731,40.634,85600,3478270.4,0.0,0.0,0.0,0.0,,0.0,0.0,0.0
2022-09-09,40.634,43.343,40.634,43.343,36000,1560348.0000000002,0.0,0.0,0.0,0.0,,0.0,0.0,0.0
2022-09-12,42.44,42.53,41.357,41.989,23100,969945.9,0.0,0.0,0.0,0.0,,0.0,0.0,0.0
2022-09-13,41.989,42.35,41.989,42.169,10400,438557.6,0.0,0.0,0.0,0.0,,0.0,0.0,0.0
2022-09-14,41.989,42.35,40.092,40.183,25900,1040739.7,0.0,0.0,0.0,0.0,,0.0,0.0,0.0
2022-09-15,42.079,42.44,41.086,41.086,15415,633340.69,0.0,0.0,0.0,0.0,,0.0,0.0,0.0
2022-09-16,42.079,42.079,39.822,40.092,13800,553269.6,0.0,0.0,0.0,0.0,,0.0,0.0,0.0
2022-09-19,40.363,40.544,39.009,39.37,20300,799211.0,0.0,0.0,0.0,0.0,,0.0,0.0,0.0
2022-09-20,39.28,40.363,39.009,39.46,15806,623704.76,0.0,0.0,0.0,0.0,,0.0,0.0,0.0
2022-09-21,38.557,40.905,38.557,39.009,19700,768477.3,0.0,0.0,0.0,0.0,,0.0,0.0,0.0
2022-09-22,37.203,40.634,37.203,40.183,49000,1968967.0,0.0,0.0,0.0,0.0,,0.0,0.0,0.0
2022-09-23,38.828,41.357,37.474,40.634,29300,1190576.2,0.0,0.0,0.0,0.0,,0.0,0.0,0.0
2022-09-26,38.738,38.828,38.557,38.557,93300,3597368.1,0.0,0.0,0.0,0.0,,0.0,0.0,0.0
2022-09-27,38.377,40.634,38.377,40.273,5600,225528.8,0.0,0.0,0.0,0.0,,0.0,0.0,0.0
2022-09-28,39.37,39.731,38.377,38.377,6900,264801.3,0.0,0.0,0.0,0.0,,0.0,0.0,0.0
2022-09-29,37.383,40.183,37.022,37.383,74100,2770080.3000000003,0.0,0.0,0.0,0.0,,0.0,0.0,0.0
2022-09-30,35.668,38.016,34.313,37.925,53362,2023753.85,0.0,0.0,0.0,0.0,,0.0,0.0,0.0
2022-10-03,35.848,35.848,34.584,34.584,8810,304685.04000000004,0.0,0.0,0.0,0.0,,0.0,0.0,0.0
2022-10-04,34.855,34.855,33.952,33.952,9015,306077.28,0.0,0.0,0.0,0.0,,0.0,0.0,0.0
2022-10-05,34.313,37.925,34.313,37.835,10815,409185.525,0.0,0.0,0.0,0.0,,0.0,0.0,0.0
2022-10-06,33.41,37.925,32.507,36.932,29430,1086908.76,0.0,0.0,0.0,0.0,,0.0,0.0,0.0
2022-10-07,39.641,39.641,34.765,34.765,27600,959514.0,0.0,0.0,0.0,0.0,,0.0,0.0,0.0
2022-10-10,36.571,36.571,35.216,35.668,2706,96517.608,0.0,0.0,0.0,0.0,,0.0,0.0,0.0
2022-10-11,36.029,37.293,35.216,35.216,20340,716293.4400000001,0.0,0.0,0.0,0.0,,0.0,0.0,0.0
2022-10-12,32.598,36.571,31.785,34.313,24117,827526.621,0.0,0.0,0.0,0.0,,0.0,0.0,0.0
2022-10-13,35.758,36.842,35.758,36.842,3400,125262.8,0.0,0.0,0.0,0.0,,0.0,0.0,0.0
2022-10-14,33.41,35.939,33.41,35.848,33000,1182984.0,0.0,0.0,0.0,0.0,,0.0,0.0,0.0
2022-10-17,35.036,35.126,35.036,35.126,400,14050.4,0.0,0.0,0.0,0.0,,0.0,0.0,0.0
2022-10-18,34.945,35.126,34.855,34.855,1600,55767.99999999999,0.0,0.0,0.0,0.0,,0.0,0.0,0.0
2022-10-19,31.695,33.41,29.889,30.701,44898,1378413.498,0.0,0.0,0.0,0.0,,0.0,0.0,0.0
2022-10-20,30.701,32.417,30.701,31.514,7600,239506.4,0.0,0.0,0.0,0.0,,0.0,0.0,0.0
2022-10-21,32.056,32.056,28.895,30.25,14301,432605.25,0.0,0.0,0.0,0.0,,0.0,0.0,0.0
2022-10-24,30.16,32.507,27.631,27.812,27610,767889.3200000001,0.0,0.0,0.0,0.0,,0.0,0.0,0.0
2022-10-25,27.992,30.701,27.36,29.979,58705,1759917.195,0.0,0.0,0.0,0.0,,0.0,0.0,0.0
2022-10-26,28.173,29.798,25.284,25.284,9100,230084.4,0.0,0.0,0.0,0.0,,0.0,0.0,0.0
2022-10-27,28.805,29.347,28.805,29.347,4300,126192.1,0.0,0.0,0.0,0.0,,0.0,0.0,0.0
2022-10-28,28.173,31.514,27.27,27.27,4400,119988.0,0.0,0.0,0.0,0.0,,0.0,0.0,0.0
2022-10-31,26.277,28.444,26.277,28.263,6900,195014.7,0.0,0.0,0.0,0.0,,0.0,0.0,0.0
2022-11-01,28.083,28.444,27.089,28.444,1410,40106.04,0.0,0.0,0.0,0.0,,0.0,0.0,0.0
2022-11-02,27.992,27.992,27.992,27.992,900,25192.8,0.0,0.0,0.0,0.0,,0.0,0.0,0.0
2022-11-03,27.089,27.902,26.277,27.089,945,25599.105,0.0,0.0,0.0,0.0,,0.0,0.0,0.0
2022-11-04,25.374,27.541,25.374,27.541,2100,57836.1,0.0,0.0,0.0,0.0,,0.0,0.0,0.0
2022-11-07,27.18,28.625,25.735,25.735,29000,746315.0,0.0,0.0,0.0,0.0,,0.0,0.0,0.0
2022-11-08,28.263,28.263,26.186,26.186,18200,476585.2,0.0,0.0,0.0,0.0,,0.0,0.0,0.0
2022-11-09,27.902,27.902,25.464,25.464,11200,285196.8,0.0,0.0,0.0,0.0,,0.0,0.0,0.0
2022-11-10,25.464,26.186,24.11,24.11,22610,545127.1,0.0,0.0,0.0,0.0,,0.0,0.0,0.0
2022-11-11,26.819,26.819,25.735,25.735,12200,313967.0,0.0,0.0,0.0,0.0,,0.0,0.0,0.0
2022-11-14,23.568,26.819,22.936,22.936,42900,983954.4,0.0,0.0,0.0,0.0,,0.0,0.0,0.0
2022-11-15,22.936,22.936,20.588,20.588,115907,2386293.316,0.0,0.0,0.0,0.0,,0.0,0.0,0.0
2022-11-16,19.866,21.13,17.879,20.769,120310,2498718.39,0.0,0.0,0.0,0.0,,0.0,0.0,0.0
2022-11-17,20.769,20.769,20.046,20.046,20000,400920.0,0.0,0.0,0.0,0.0,,0.0,0.0,0.0
2022-11-18,21.13,21.13,20.949,20.949,1100,23043.9,0.0,0.0,0.0,0.0,,0.0,0.0,0.0
2022-11-21,21.039,23.387,20.769,21.852,21300,465447.6,0.0,0.0,0.0,0.0,,0.0,0.0,0.0
2022-11-22,21.852,22.484,20.949,20.949,45700,957369.3,0.0,0.0,0.0,0.0,,0.0,0.0,0.0
2022-11-23,21.22,21.581,20.498,20.498,21900,448906.2,0.0,0.0,0.0,0.0,,0.0,0.0,0.0
2022-11-24,20.588,20.949,19.866,20.588,3500,72058.0,0.0,0.0,0.0,0.0,,0.0,0.0,0.0
2022-11-25,20.678,20.949,20.678,20.678,8900,184034.2,0.0,0.0,0.0,0.0,,0.0,0.0,0.0
2022-11-28,21.672,22.394,21.672,21.672,15600,338083.2,0.0,0.0,0.0,0.0,,0.0,0.0,0.0
2022-11-29,22.123,22.575,21.672,22.033,34100,751325.3,0.0,0.0,0.0,0.0,,0.0,0.0,0.0
2022-11-30,22.575,22.575,21.672,22.484,19320,434390.88000000006,0.0,0.0,0.0,0.0,,0.0,0.0,0.0
2022-12-01,22.304,25.193,22.304,25.193,59934,1509917.262,0.0,0.0,0.0,0.0,,0.0,0.0,0.0
2022-12-02,25.193,27.812,25.193,27.541,67510,1859292.91,0.0,0.0,0.0,0.0,,0.0,0.0,0.0
2022-12-05,29.798,29.798,25.284,27.451,12700,348627.7,0.0,0.0,0.0,0.0,,0.0,0.0,0.0
2022-12-06,26.096,26.186,24.381,24.381,25511,621983.691,0.0,0.0,0.0,0.0,,0.0,0.0,0.0
2022-12-07,24.381,24.381,23.026,23.478,21700,509472.6,0.0,0.0,0.0,0.0,,0.0,0.0,0.0
2022-12-08,25.916,25.916,23.116,23.116,6110,141238.76,0.0,0.0,0.0,0.0,,0.0,0.0,0.0
2022-12-09,24.832,24.832,24.742,24.832,1100,27315.2,0.0,0.0,0.0,0.0,,0.0,0.0,0.0
2022-12-12,24.832,24.832,23.658,23.658,900,21292.2,0.0,0.0,0.0,0.0,,0.0,0.0,0.0
2022-12-13,23.478,24.019,23.478,24.019,800,19215.2,0.0,0.0,0.0,0.0,,0.0,0.0,0.0
2022-12-14,23.839,24.381,23.478,23.478,14500,340431.0,0.0,0.0,0.0,0.0,,0.0,0.0,0.0
2022-12-15,23.748,25.464,23.478,23.748,12305,292219.14,0.0,0.0,0.0,0.0,,0.0,0.0,0.0
2022-12-16,23.658,24.832,23.297,23.478,7500,176085.0,0.0,0.0,0.0,0.0,,0.0,0.0,0.0
2022-12-19,24.832,24.832,23.026,24.29,12710,308725.9,0.0,0.0,0.0,0.0,,0.0,0.0,0.0
2022-12-20,22.665,23.568,22.665,23.026,7700,177300.2,0.0,0.0,0.0,0.0,,0.0,0.0,0.0
2022-12-21,23.026,23.026,22.755,22.936,10300,236240.8,0.0,0.0,0.0,0.0,,0.0,0.0,0.0
2022-12-22,22.936,23.026,22.755,23.026,10300,237167.8,0.0,0.0,0.0,0.0,,0.0,0.0,0.0
2022-12-23,23.839,25.284,22.936,25.284,16000,404544.0,0.0,0.0,0.0,0.0,,0.0,0.0,0.0
2022-12-26,24.651,26.909,21.672,26.909,45300,1218977.7,0.0,0.0,0.0,0.0,,0.0,0.0,0.0
2022-12-27,25.735,27.812,23.116,23.658,66610,1575859.38,0.0,0.0,0.0,0.0,,0.0,0.0,0.0
2022-12-28,26.638,27.812,23.929,23.929,14100,337398.9,0.0,0.0,0.0,0.0,,0.0,0.0,0.0
2022-12-29,24.2,24.2,23.929,23.929,2600,62215.4,0.0,0.0,0.0,0.0,,0.0,0.0,0.0
2022-12-30,24.11,24.11,23.207,23.207,600,13924.2,0.0,0.0,0.0,0.0,,0.0,0.0,0.0
2023-01-03,23.297,23.929,23.026,23.929,8010,191671.29,0.0,0.0,0.0,0.0,,0.0,0.0,0.0
2023-01-04,23.929,23.929,23.478,23.929,6700,160324.3,0.0,0.0,0.0,0.0,,0.0,0.0,0.0
2023-01-05,23.387,23.387,23.297,23.297,200,4659.400000000001,0.0,0.0,0.0,0.0,,0.0,0.0,0.0
2023-01-06,23.387,23.748,23.387,23.478,21700,509472.6,0.0,0.0,0.0,0.0,,0.0,0.0,0.0
2023-01-09,23.387,23.478,23.387,23.478,3500,82173.0,0.0,0.0,0.0,0.0,,0.0,0.0,0.0
2023-01-10,23.478,23.478,23.478,23.478,11100,260605.8,0.0,0.0,0.0,0.0,,0.0,0.0,0.0
2023-01-11,23.568,23.568,23.478,23.568,9300,219182.4,0.0,0.0,0.0,0.0,,0.0,0.0,0.0
2023-01-12,23.207,24.29,23.207,23.748,10000,237480.0,0.0,0.0,0.0,0.0,,0.0,0.0,0.0
2023-01-13,23.748,23.748,23.748,23.748,5600,132988.80000000002,0.0,0.0,0.0,0.0,,0.0,0.0,0.0
2023-01-16,23.748,23.748,23.478,23.658,8900,210556.2,0.0,0.0,0.0,0.0,,0.0,0.0,0.0
2023-01-17,23.658,24.381,23.658,24.381,3100,75581.1,0.0,0.0,0.0,0.0,,0.0,0.0,0.0
2023-01-18,24.11,24.11,24.11,24.11,2900,69919.0,0.0,0.0,0.0,0.0,,0.0,0.0,0.0
2023-01-19,24.2,24.381,24.11,24.11,3900,94029.0,0.0,0.0,0.0,0.0,,0.0,0.0,0.0
2023-01-27,24.2,24.2,23.568,24.2,4100,99220.0,0.0,0.0,0.0,0.0,,0.0,0.0,0.0
2023-01-30,24.2,24.561,24.2,24.561,1200,29473.2,0.0,0.0,0.0,0.0,,0.0,0.0,0.0
2023-01-31,24.561,24.561,23.478,24.29,10100,245329.0,0.0,0.0,0.0,0.0,,0.0,0.0,0.0
2023-02-01,23.748,25.193,23.478,23.478,41600,976684.8,0.0,0.0,0.0,0.0,,0.0,0.0,0.0
2023-02-02,23.568,23.568,23.568,23.568,600,14140.8,0.0,0.0,0.0,0.0,,0.0,0.0,0.0
2023-02-03,23.658,23.748,23.568,23.658,8900,210556.2,0.0,0.0,0.0,0.0,,0.0,0.0,0.0
2023-02-06,23.658,24.019,23.478,23.929,16000,382864.0,0.0,0.0,0.0,0.0,,0.0,0.0,0.0
2023-02-07,23.839,25.193,23.478,23.478,37103,871104.234,0.0,0.0,0.0,0.0,,0.0,0.0,0.0
2023-02-08,23.568,23.568,23.478,23.568,10300,242750.4,0.0,0.0,0.0,0.0,,0.0,0.0,0.0
2023-02-09,23.568,23.658,23.478,23.478,11500,269997.0,0.0,0.0,0.0,0.0,,0.0,0.0,0.0
2023-02-10,23.658,23.658,23.478,23.478,12700,298170.60000000003,0.0,0.0,0.0,0.0,,0.0,0.0,0.0
2023-02-13,23.568,23.568,22.394,23.387,42600,996286.2,0.0,0.0,0.0,0.0,,0.0,0.0,0.0
2023-02-14,23.116,23.116,23.116,23.116,0,0.0,0.0,0.0,0.0,0.0,,0.0,0.0,0.0
2023-02-15,23.116,23.207,23.116,23.207,6800,157807.6,0.0,0.0,0.0,0.0,,0.0,0.0,0.0
2023-02-16,23.839,23.839,23.839,23.839,100,2383.9,0.0,0.0,0.0,0.0,,0.0,0.0,0.0
2023-02-17,22.213,23.748,22.213,23.748,17000,403716.0,0.0,0.0,0.0,0.0,,0.0,0.0,0.0
2023-02-20,22.394,23.748,22.123,23.478,32100,753643.8,0.0,0.0,0.0,0.0,,0.0,0.0,0.0
2023-02-21,23.297,23.387,23.297,23.297,700,16307.9,0.0,0.0,0.0,0.0,,0.0,0.0,0.0
2023-02-22,23.207,23.207,22.936,23.116,3600,83217.6,0.0,0.0,0.0,0.0,,0.0,0.0,0.0
2023-02-23,22.575,23.116,22.575,23.116,17700,409153.2,0.0,0.0,0.0,0.0,,0.0,0.0,0.0
2023-02-24,23.026,23.026,23.026,23.026,3500,80591.0,0.0,0.0,0.0,0.0,,0.0,0.0,0.0
2023-02-27,22.394,23.026,22.394,23.026,10200,234865.2,0.0,0.0,0.0,0.0,,0.0,0.0,0.0
2023-02-28,23.026,25.645,22.755,25.645,400,10258.0,0.0,0.0,0.0,0.0,,0.0,0.0,0.0
2023-03-01,23.748,23.748,23.026,23.116,4100,94775.6,0.0,0.0,0.0,0.0,,0.0,0.0,0.0
2023-03-02,23.026,23.026,23.026,23.026,0,0.0,0.0,0.0,0.0,0.0,,0.0,0.0,0.0
2023-03-03,22.575,22.755,22.575,22.755,500,11377.5,0.0,0.0,0.0,0.0,,0.0,0.0,0.0
2023-03-06,23.026,23.026,23.026,23.026,2000,46052.0,0.0,0.0,0.0,0.0,,0.0,0.0,0.0
2023-03-07,22.575,23.116,21.672,22.755,15800,359529.0,0.0,0.0,0.0,0.0,,0.0,0.0,0.0
2023-03-08,21.942,22.845,21.942,22.845,200,4569.0,0.0,0.0,0.0,0.0,,0.0,0.0,0.0
2023-03-09,22.123,23.478,22.123,23.478,12300,288779.4,0.0,0.0,0.0,0.0,,0.0,0.0,0.0
2023-03-10,22.936,24.381,22.936,23.839,915,21812.685,0.0,0.0,0.0,0.0,,0.0,0.0,0.0
2023-03-13,22.123,23.116,22.123,23.116,9200,212667.2,0.0,0.0,0.0,0.0,,0.0,0.0,0.0
2023-03-14,22.755,22.755,22.755,22.755,4500,102397.5,0.0,0.0,0.0,0.0,,0.0,0.0,0.0
2023-03-15,22.755,23.116,22.755,22.845,2200,50259.0,0.0,0.0,0.0,0.0,,0.0,0.0,0.0
2023-03-16,22.575,22.575,22.575,22.575,600,13545.0,0.0,0.0,0.0,0.0,,0.0,0.0,0.0
2023-03-17,22.845,22.845,22.755,22.755,11807,268668.285,0.0,0.0,0.0,0.0,,0.0,0.0,0.0
2023-03-20,22.755,22.755,22.665,22.665,13703,310578.495,0.0,0.0,0.0,0.0,,0.0,0.0,0.0
2023-03-21,22.755,22.755,22.755,22.755,6902,157055.00999999998,0.0,0.0,0.0,0.0,,0.0,0.0,0.0
2023-03-22,22.755,22.755,22.755,22.755,11100,252580.5,0.0,0.0,0.0,0.0,,0.0,0.0,0.0
2023-03-23,22.755,22.755,22.665,22.665,12900,292378.5,0.0,0.0,0.0,0.0,,0.0,0.0,0.0
2023-03-24,22.755,22.936,22.755,22.936,16300,373856.8,0.0,0.0,0.0,0.0,,0.0,0.0,0.0
2023-03-27,23.026,23.026,22.123,22.123,10403,230145.569,0.0,0.0,0.0,0.0,,0.0,0.0,0.0
2023-03-28,22.665,22.755,22.394,22.575,12800,288960.0,0.0,0.0,0.0,0.0,,0.0,0.0,0.0
2023-03-29,22.575,22.575,22.394,22.575,12900,291217.5,0.0,0.0,0.0,0.0,,0.0,0.0,0.0
2023-03-30,22.394,22.575,22.394,22.484,21300,478909.2,0.0,0.0,0.0,0.0,,0.0,0.0,0.0
2023-03-31,22.304,22.394,22.304,22.304,6300,140515.19999999998,0.0,0.0,0.0,0.0,,0.0,0.0,0.0
2023-04-03,22.755,22.755,22.304,22.575,36800,830760.0,0.0,0.0,0.0,0.0,,0.0,0.0,0.0
2023-04-04,22.304,22.394,22.304,22.394,10408,233076.752,0.0,0.0,0.0,0.0,,0.0,0.0,0.0
2023-04-05,22.304,23.207,22.304,23.026,31429,723684.154,0.0,0.0,0.0,0.0,,0.0,0.0,0.0
2023-04-06,22.484,22.575,22.213,22.304,31201,695907.1039999999,0.0,0.0,0.0,0.0,,0.0,0.0,0.0
2023-04-07,22.394,22.394,22.304,22.304,22946,511787.584,0.0,0.0,0.0,0.0,,0.0,0.0,0.0
2023-04-10,22.394,23.387,22.394,23.297,47400,1104277.8,0.0,0.0,0.0,0.0,,0.0,0.0,0.0
2023-04-11,22.575,23.026,22.575,22.575,10900,246067.5,0.0,0.0,0.0,0.0,,0.0,0.0,0.0
2023-04-12,22.665,23.207,22.665,23.207,27700,642833.9,0.0,0.0,0.0,0.0,,0.0,0.0,0.0
2023-04-13,22.575,22.665,21.942,22.665,4800,108792.0,0.0,0.0,0.0,0.0,,0.0,0.0,0.0
2023-04-14,22.665,22.665,22.575,22.575,17700,399577.5,0.0,0.0,0.0,0.0,,0.0,0.0,0.0
2023-04-17,22.575,22.575,22.484,22.575,10900,246067.5,0.0,0.0,0.0,0.0,,0.0,0.0,0.0
2023-04-18,21.762,22.665,21.672,22.665,7500,169987.5,0.0,0.0,0.0,0.0,,0.0,0.0,0.0
2023-04-19,22.665,22.665,22.575,22.575,11707,264285.525,0.0,0.0,0.0,0.0,,0.0,0.0,0.0
2023-04-20,22.575,22.575,22.213,22.304,19700,439388.8,0.0,0.0,0.0,0.0,,0.0,0.0,0.0
2023-04-21,22.484,22.484,22.304,22.304,11500,256496.0,0.0,0.0,0.0,0.0,,0.0,0.0,0.0
2023-04-24,21.762,21.942,21.672,21.672,39100,847375.2000000001,0.0,0.0,0.0,0.0,,0.0,0.0,0.0
2023-04-25,21.762,22.394,21.762,22.213,18700,415383.1,0.0,0.0,0.0,0.0,,0.0,0.0,0.0
2023-04-26,21.762,22.304,21.672,22.304,3500,78064.0,0.0,0.0,0.0,0.0,,0.0,0.0,0.0
2023-04-27,21.942,21.942,21.672,21.762,26000,565812.0,0.0,0.0,0.0,0.0,,0.0,0.0,0.0
2023-04-28,21.852,22.304,21.762,21.762,29500,641979.0,0.0,0.0,0.0,0.0,,0.0,0.0,0.0
2023-05-04,20.949,21.942,20.949,20.949,24800,519535.2,0.0,0.0,0.0,0.0,,0.0,0.0,0.0
2023-05-05,21.22,21.491,20.769,21.401,14100,301754.1,0.0,0.0,0.0,0.0,,0.0,0.0,0.0
2023-05-08,21.401,21.672,21.13,21.401,38800,830358.8,0.0,0.0,0.0,0.0,,0.0,0.0,0.0
2023-05-09,21.672,22.123,21.401,22.123,13902,307553.946,0.0,0.0,0.0,0.0,,0.0,0.0,0.0
2023-05-10,22.123,22.123,21.31,21.31,36900,786339.0,0.0,0.0,0.0,0.0,,0.0,0.0,0.0
2023-05-11,21.491,21.491,21.401,21.401,14900,318874.9,0.0,0.0,0.0,0.0,,0.0,0.0,0.0
2023-05-12,21.581,21.581,21.13,21.581,27700,597793.7,0.0,0.0,0.0,0.0,,0.0,0.0,0.0
2023-05-15,21.581,21.581,21.22,21.22,36500,774530.0,0.0,0.0,0.0,0.0,,0.0,0.0,0.0
2023-05-16,21.22,21.401,21.13,21.22,63702,1351756.44,0.0,0.0,0.0,0.0,,0.0,0.0,0.0
2023-05-17,21.22,21.31,21.13,21.22,18200,386204.0,0.0,0.0,0.0,0.0,,0.0,0.0,0.0
2023-05-18,21.223,21.592,21.13,21.223,15900,337445.7,0.0,0.0,0.0,0.0,,0.0,0.0,0.0
2023-05-19,21.223,22.145,21.223,21.223,9400,199496.2,0.0,0.0,0.0,0.0,,0.0,0.0,0.0
2023-05-22,21.776,21.776,21.223,21.223,21000,445683.0,0.0,0.0,0.0,0.0,,0.0,0.0,0.0
2023-05-23,21.223,21.407,21.223,21.407,8100,173396.7,0.0,0.0,0.0,0.0,,0.0,0.0,0.0
2023-05-24,21.315,21.961,21.223,21.869,15800,345530.2,0.0,0.0,0.0,0.0,,0.0,0.0,0.0
2023-05-25,21.407,23.068,21.315,22.33,39100,873102.9999999999,0.0,0.0,0.0,0.0,,0.0,0.0,0.0
2023-05-26,22.515,22.607,21.776,21.869,22000,481118.0,0.0,0.0,0.0,0.0,,0.0,0.0,0.0
2023-05-29,22.053,22.145,21.223,21.223,80842,1715709.7659999998,0.0,0.0,0.0,0.0,,0.0,0.0,0.0
2023-05-30,21.315,21.961,21.223,21.869,59800,1307766.2,0.0,0.0,0.0,0.0,,0.0,0.0,0.0
2023-05-31,21.407,22.884,21.223,22.791,157400,3587303.4,0.0,0.0,0.0,0.0,,0.0,0.0,0.0
2023-06-01,22.791,23.899,22.791,23.253,71200,1655613.6,0.0,0.0,0.0,0.0,,0.0,0.0,0.0
2023-06-02,23.53,24.083,22.053,22.884,50212,1149051.408,0.0,0.0,0.0,0.0,,0.0,0.0,0.0
2023-06-05,22.607,22.607,21.961,21.961,83300,1829351.3,0.0,0.0,0.0,0.0,,0.0,0.0,0.0
2023-06-06,21.961,22.699,21.961,22.699,74300,1686535.7000000002,0.0,0.0,0.0,0.0,,0.0,0.0,0.0
2023-06-07,23.068,24.821,22.699,24.729,224107,5541942.003,0.0,0.0,0.0,0.0,,0.0,0.0,0.0
2023-06-08,24.914,26.667,24.914,25.929,180427,4678291.683,0.0,0.0,0.0,0.0,,0.0,0.0,0.0
2023-06-09,25.56,25.836,24.545,25.652,85205,2185678.66,0.0,0.0,0.0,0.0,,0.0,0.0,0.0
2023-06-12,25.375,26.759,25.375,26.298,110500,2905929.0,0.0,0.0,0.0,0.0,,0.0,0.0,0.0
2023-06-13,26.206,26.206,25.836,26.021,47400,1233395.4,0.0,0.0,0.0,0.0,,0.0,0.0,0.0
2023-06-14,25.929,25.929,24.914,24.914,43703,1088816.542,0.0,0.0,0.0,0.0,,0.0,0.0,0.0
2023-06-15,24.914,25.467,24.268,24.914,73503,1831253.742,0.0,0.0,0.0,0.0,,0.0,0.0,0.0
2023-06-16,24.914,25.191,24.268,24.452,51726,1264804.152,0.0,0.0,0.0,0.0,,0.0,0.0,0.0
2023-06-19,24.545,24.545,23.991,24.452,32900,804470.8,0.0,0.0,0.0,0.0,,0.0,0.0,0.0
2023-06-20,24.36,24.452,23.991,24.175,36004,870396.7000000001,0.0,0.0,0.0,0.0,,0.0,0.0,0.0
2023-06-21,24.083,25.006,23.991,25.006,79681,1992503.086,0.0,0.0,0.0,0.0,,0.0,0.0,0.0
2023-06-22,26.759,26.759,24.452,24.821,61668,1530661.428,0.0,0.0,0.0,0.0,,0.0,0.0,0.0
2023-06-23,24.729,24.821,24.175,24.452,62117,1518884.884,0.0,0.0,0.0,0.0,,0.0,0.0,0.0
2023-06-26,24.452,24.452,23.991,24.452,49400,1207928.8,0.0,0.0,0.0,0.0,,0.0,0.0,0.0
2023-06-27,24.452,24.821,24.268,24.821,19911,494210.931,0.0,0.0,0.0,0.0,,0.0,0.0,0.0
2023-06-28,24.821,25.375,24.545,24.821,56900,1412314.9,0.0,0.0,0.0,0.0,,0.0,0.0,0.0
2023-06-29,24.452,24.637,24.083,24.452,38400,938956.8,0.0,0.0,0.0,0.0,,0.0,0.0,0.0
2023-06-30,24.268,24.452,24.175,24.268,11100,269374.8,0.0,0.0,0.0,0.0,,0.0,0.0,0.0
2023-07-03,24.175,24.175,23.437,24.083,60700,1461838.1,0.0,0.0,0.0,0.0,,0.0,0.0,0.0
2023-07-04,24.268,24.452,23.16,23.991,15300,367062.3,0.0,0.0,0.0,0.0,,0.0,0.0,0.0
2023-07-05,23.991,24.175,23.899,23.991,15600,374259.6,0.0,0.0,0.0,0.0,,0.0,0.0,0.0
2023-07-06,24.083,24.083,23.53,23.53,7700,181181.0,0.0,0.0,0.0,0.0,,0.0,0.0,0.0
2023-07-07,23.714,24.175,23.437,23.991,33200,796501.2,0.0,0.0,0.0,0.0,,0.0,0.0,0.0
2023-07-10,23.714,24.36,23.714,24.268,17300,419836.4,0.0,0.0,0.0,0.0,,0.0,0.0,0.0
2023-07-11,24.175,24.175,23.806,23.899,33317,796242.983,0.0,0.0,0.0,0.0,,0.0,0.0,0.0
2023-07-12,23.991,23.991,23.437,23.806,36600,871299.6,0.0,0.0,0.0,0.0,,0.0,0.0,0.0
2023-07-13,23.714,24.175,23.622,24.175,53900,1303032.5,0.0,0.0,0.0,0.0,,0.0,0.0,0.0
2023-07-14,23.806,23.991,23.714,23.991,35200,844483.2,0.0,0.0,0.0,0.0,,0.0,0.0,0.0
2023-07-17,24.175,24.175,23.622,23.991,43200,1036411.2,0.0,0.0,0.0,0.0,,0.0,0.0,0.0
2023-07-18,23.806,24.545,23.806,24.545,53300,1308248.5,0.0,0.0,0.0,0.0,,0.0,0.0,0.0
2023-07-19,24.545,26.021,24.545,25.283,78769,1991516.627,0.0,0.0,0.0,0.0,,0.0,0.0,0.0
2023-07-20,25.283,25.283,24.637,24.637,32700,805629.9,0.0,0.0,0.0,0.0,,0.0,0.0,0.0
2023-07-21,24.821,25.283,24.729,25.191,29400,740615.4,0.0,0.0,0.0,0.0,,0.0,0.0,0.0
2023-07-24,24.821,25.375,24.821,24.821,36800,913412.8,0.0,0.0,0.0,0.0,,0.0,0.0,0.0
2023-07-25,24.914,25.098,24.545,24.729,21400,529200.6,0.0,0.0,0.0,0.0,,0.0,0.0,0.0
2023-07-26,24.729,24.821,24.545,24.821,33100,821575.1000000001,0.0,0.0,0.0,0.0,,0.0,0.0,0.0
2023-07-27,24.821,25.191,24.729,24.729,38912,962254.848,0.0,0.0,0.0,0.0,,0.0,0.0,0.0
2023-07-28,24.729,25.098,24.637,24.729,28051,693673.179,0.0,0.0,0.0,0.0,,0.0,0.0,0.0
2023-07-31,24.729,25.836,24.637,25.652,103018,2642617.736,0.0,0.0,0.0,0.0,,0.0,0.0,0.0
2023-08-01,25.375,26.298,25.191,25.191,66908,1685479.4279999998,0.0,0.0,0.0,0.0,,0.0,0.0,0.0
2023-08-02,25.191,25.375,24.914,25.191,34700,874127.7,0.0,0.0,0.0,0.0,,0.0,0.0,0.0
2023-08-03,25.006,25.006,24.729,24.729,39510,977042.79,0.0,0.0,0.0,0.0,,0.0,0.0,0.0
2023-08-04,24.914,24.914,24.452,24.729,37820,935250.78,0.0,0.0,0.0,0.0,,0.0,0.0,0.0
2023-08-07,24.729,25.283,24.729,25.098,43808,1099493.184,0.0,0.0,0.0,0.0,,0.0,0.0,0.0
2023-08-08,25.098,25.467,25.006,25.467,63762,1623826.8539999998,0.0,0.0,0.0,0.0,,0.0,0.0,0.0
2023-08-09,25.191,25.836,25.191,25.652,58410,1498333.32,0.0,0.0,0.0,0.0,,0.0,0.0,0.0
2023-08-10,25.652,26.206,25.006,25.006,56000,1400336.0,0.0,0.0,0.0,0.0,,0.0,0.0,0.0
2023-08-11,24.914,25.191,23.991,24.729,70303,1738522.887,0.0,0.0,0.0,0.0,,0.0,0.0,0.0
2023-08-14,24.729,25.098,24.268,24.914,41930,1044644.02,0.0,0.0,0.0,0.0,,0.0,0.0,0.0
2023-08-15,24.914,25.375,23.991,24.914,58505,1457593.57,0.0,0.0,0.0,0.0,,0.0,0.0,0.0
2023-08-16,24.821,24.914,24.452,24.821,43800,1087159.8,0.0,0.0,0.0,0.0,,0.0,0.0,0.0
2023-08-17,24.36,24.821,24.268,24.452,21000,513492.00000000006,0.0,0.0,0.0,0.0,,0.0,0.0,0.0
2023-08-18,24.083,24.36,20.854,21.315,160200,3414663.0,0.0,0.0,0.0,0.0,,0.0,0.0,0.0
2023-08-21,22.238,23.53,22.053,22.145,69562,1540450.49,0.0,0.0,0.0,0.0,,0.0,0.0,0.0
2023-08-22,22.791,23.068,21.961,23.068,35200,811993.6000000001,0.0,0.0,0.0,0.0,,0.0,0.0,0.0
2023-08-23,22.607,22.607,22.145,22.145,22000,487190.0,0.0,0.0,0.0,0.0,,0.0,0.0,0.0
2023-08-24,22.33,22.976,22.238,22.976,12600,289497.6,0.0,0.0,0.0,0.0,,0.0,0.0,0.0
2023-08-25,22.422,22.699,22.33,22.699,11500,261038.50000000003,0.0,0.0,0.0,0.0,,0.0,0.0,0.0
2023-08-28,23.068,23.068,22.422,22.422,9300,208524.6,0.0,0.0,0.0,0.0,,0.0,0.0,0.0
2023-08-29,22.976,22.976,22.145,22.699,16500,374533.5,0.0,0.0,0.0,0.0,,0.0,0.0,0.0
2023-08-30,22.33,22.699,22.145,22.607,15900,359451.3,0.0,0.0,0.0,0.0,,0.0,0.0,0.0
2023-08-31,22.33,22.884,22.33,22.515,15215,342565.72500000003,0.0,0.0,0.0,0.0,,0.0,0.0,0.0
2023-09-05,22.791,22.884,22.515,22.884,45113,1032365.892,0.0,0.0,0.0,0.0,,0.0,0.0,0.0
2023-09-06,22.884,23.345,22.607,22.699,43900,996486.1,0.0,0.0,0.0,0.0,,0.0,0.0,0.0
2023-09-07,22.976,22.976,22.699,22.699,42700,969247.3,0.0,0.0,0.0,0.0,,0.0,0.0,0.0
2023-09-08,23.068,24.268,22.976,23.16,62404,1445276.64,0.0,0.0,0.0,0.0,,0.0,0.0,0.0
2023-09-11,23.714,24.175,22.884,22.884,27200,622444.8,0.0,0.0,0.0,0.0,,0.0,0.0,0.0
2023-09-12,23.253,23.253,23.068,23.16,10666,247024.56,0.0,0.0,0.0,0.0,,0.0,0.0,0.0
2023-09-13,23.068,23.16,22.884,22.976,49604,1139701.504,0.0,0.0,0.0,0.0,,0.0,0.0,0.0
2023-09-14,22.884,22.884,22.238,22.699,66900,1518563.1,0.0,0.0,0.0,0.0,,0.0,0.0,0.0
2023-09-15,22.33,22.422,22.053,22.145,49300,1091748.5,0.0,0.0,0.0,0.0,,0.0,0.0,0.0
2023-09-18,22.238,22.238,22.145,22.145,12600,279027.0,0.0,0.0,0.0,0.0,,0.0,0.0,0.0
2023-09-19,22.145,22.145,21.776,21.869,38700,846330.3,0.0,0.0,0.0,0.0,,0.0,0.0,0.0
2023-09-20,21.961,22.145,21.961,22.145,18600,411897.0,0.0,0.0,0.0,0.0,,0.0,0.0,0.0
2023-09-21,22.145,22.145,21.776,22.053,22200,489576.6,0.0,0.0,0.0,0.0,,0.0,0.0,0.0
2023-09-22,21.869,22.145,21.407,21.776,62500,1361000.0,0.0,0.0,0.0,0.0,,0.0,0.0,0.0
2023-09-25,21.684,21.684,21.407,21.407,40500,866983.5,0.0,0.0,0.0,0.0,,0.0,0.0,0.0
2023-09-26,21.592,21.961,21.223,21.223,42000,891366.0,0.0,0.0,0.0,0.0,,0.0,0.0,0.0
2023-09-27,21.407,21.776,21.223,21.315,21800,464667.0,0.0,0.0,0.0,0.0,,0.0,0.0,0.0
2023-09-28,21.684,21.684,21.13,21.13,5401,114123.13,0.0,0.0,0.0,0.0,,0.0,0.0,0.0
2023-09-29,21.223,21.5,21.13,21.223,27510,583844.73,0.0,0.0,0.0,0.0,,0.0,0.0,0.0
2023-10-02,21.315,21.315,20.946,20.946,20900,437771.4,0.0,0.0,0.0,0.0,,0.0,0.0,0.0
2023-10-03,21.038,21.223,20.392,20.761,64900,1347388.9,0.0,0.0,0.0,0.0,,0.0,0.0,0.0
2023-10-04,21.038,21.038,20.3,20.669,18100,374108.9,0.0,0.0,0.0,0.0,,0.0,0.0,0.0
2023-10-05,20.3,21.038,20.3,20.577,16900,347751.30000000005,0.0,0.0,0.0,0.0,,0.0,0.0,0.0
2023-10-06,20.577,20.577,20.3,20.485,15904,325793.44,0.0,0.0,0.0,0.0,,0.0,0.0,0.0
2023-10-09,21.038,21.13,20.3,21.13,15800,333854.0,0.0,0.0,0.0,0.0,,0.0,0.0,0.0
2023-10-10,21.223,22.053,21.223,21.223,8100,171906.3,0.0,0.0,0.0,0.0,,0.0,0.0,0.0
2023-10-11,21.592,21.684,21.407,21.407,9300,199085.1,0.0,0.0,0.0,0.0,,0.0,0.0,0.0
2023-10-12,20.669,21.592,20.669,21.5,18100,389150.0,0.0,0.0,0.0,0.0,,0.0,0.0,0.0
2023-10-13,21.5,21.5,21.223,21.223,5100,108237.3,0.0,0.0,0.0,0.0,,0.0,0.0,0.0
2023-10-16,21.223,21.223,20.946,20.946,17900,374933.4,0.0,0.0,0.0,0.0,,0.0,0.0,0.0
2023-10-17,21.038,21.038,20.946,20.946,7200,150811.2,0.0,0.0,0.0,0.0,,0.0,0.0,0.0
2023-10-18,20.946,20.946,20.392,20.392,41700,850346.4,0.0,0.0,0.0,0.0,,0.0,0.0,0.0
2023-10-19,20.485,20.485,19.839,19.839,70200,1392697.7999999998,0.0,0.0,0.0,0.0,,0.0,0.0,0.0
2023-10-20,20.115,20.115,19.839,19.839,17200,341230.8,0.0,0.0,0.0,0.0,,0.0,0.0,0.0
2023-10-23,22.053,22.053,22.053,22.053,100,2205.3,0.0,0.0,0.0,0.0,,0.0,0.0,0.0
2023-10-24,20.3,21.961,19.654,20.761,15910,330307.51,0.0,0.0,0.0,0.0,,0.0,0.0,0.0
2023-10-25,20.3,21.038,20.3,21.038,6200,130435.6,0.0,0.0,0.0,0.0,,0.0,0.0,0.0
2023-10-26,22.699,22.699,19.562,20.115,14250,286638.75,0.0,0.0,0.0,0.0,,0.0,0.0,0.0
2023-10-27,19.839,19.839,19.654,19.654,6412,126021.448,0.0,0.0,0.0,0.0,,0.0,0.0,0.0
2023-10-30,19.654,19.746,19.654,19.746,8500,167841.0,0.0,0.0,0.0,0.0,,0.0,0.0,0.0
2023-10-31,19.839,21.13,19.1,19.1,12700,242570.00000000003,0.0,0.0,0.0,0.0,,0.0,0.0,0.0
2023-11-01,19.47,21.223,19.47,21.223,1300,27589.9,0.0,0.0,0.0,0.0,,0.0,0.0,0.0
2023-11-02,22.33,22.33,19.931,21.038,10100,212483.8,0.0,0.0,0.0,0.0,,0.0,0.0,0.0
2023-11-03,19.931,20.023,19.931,19.931,2900,57799.9,0.0,0.0,0.0,0.0,,0.0,0.0,0.0
2023-11-06,20.023,20.023,19.931,19.931,11800,235185.8,0.0,0.0,0.0,0.0,,0.0,0.0,0.0
2023-11-07,20.3,20.3,19.931,19.931,19700,392640.7,0.0,0.0,0.0,0.0,,0.0,0.0,0.0
2023-11-08,19.654,20.761,19.654,20.761,9200,191001.2,0.0,0.0,0.0,0.0,,0.0,0.0,0.0
2023-11-09,20.669,22.145,20.392,20.761,38800,805526.7999999999,0.0,0.0,0.0,0.0,,0.0,0.0,0.0
2023-11-10,21.223,21.5,20.485,20.485,6000,122910.0,0.0,0.0,0.0,0.0,,0.0,0.0,0.0
2023-11-13,20.485,21.038,20.485,21.038,10100,212483.8,0.0,0.0,0.0,0.0,,0.0,0.0,0.0
2023-11-14,20.854,21.5,20.669,21.13,18000,380340.0,0.0,0.0,0.0,0.0,,0.0,0.0,0.0
2023-11-15,21.038,21.13,21.038,21.13,6898,145754.74,0.0,0.0,0.0,0.0,,0.0,0.0,0.0
2023-11-16,21.13,21.13,21.13,21.13,0,0.0,0.0,0.0,0.0,0.0,,0.0,0.0,0.0
2023-11-17,21.13,21.13,20.577,21.038,3826,80491.388,0.0,0.0,0.0,0.0,,0.0,0.0,0.0
2023-11-20,20.115,20.946,20.115,20.946,4606,96477.276,0.0,0.0,0.0,0.0,,0.0,0.0,0.0
2023-11-21,23.068,23.068,20.854,21.869,900,19682.1,0.0,0.0,0.0,0.0,,0.0,0.0,0.0
2023-11-22,21.13,21.407,20.761,21.223,5400,114604.2,0.0,0.0,0.0,0.0,,0.0,0.0,0.0
2023-11-23,21.13,22.607,21.13,21.315,5401,115122.315,0.0,0.0,0.0,0.0,,0.0,0.0,0.0
2023-11-24,21.223,21.223,20.854,21.223,6300,133704.9,0.0,0.0,0.0,0.0,,0.0,0.0,0.0
2023-11-27,21.223,21.223,21.223,21.223,3400,72158.2,0.0,0.0,0.0,0.0,,0.0,0.0,0.0
2023-11-28,21.223,21.223,21.223,21.223,2300,48812.9,0.0,0.0,0.0,0.0,,0.0,0.0,0.0
2023-11-29,21.223,21.5,20.854,21.5,1205,25907.5,0.0,0.0,0.0,0.0,,0.0,0.0,0.0
2023-11-30,21.223,21.5,21.223,21.223,7116,151022.868,0.0,0.0,0.0,0.0,,0.0,0.0,0.0
2023-12-01,21.223,21.223,21.13,21.13,2100,44373.0,0.0,0.0,0.0,0.0,,0.0,0.0,0.0
2023-12-04,21.315,21.407,21.223,21.407,6400,137004.8,0.0,0.0,0.0,0.0,,0.0,0.0,0.0
2023-12-05,21.407,21.407,21.315,21.315,6800,144942.0,0.0,0.0,0.0,0.0,,0.0,0.0,0.0
2023-12-06,21.13,21.869,21.13,21.407,3900,83487.3,0.0,0.0,0.0,0.0,,0.0,0.0,0.0
2023-12-07,21.407,21.407,21.223,21.223,4622,98092.706,0.0,0.0,0.0,0.0,,0.0,0.0,0.0
2023-12-08,21.223,22.33,21.223,22.33,600,13397.999999999998,0.0,0.0,0.0,0.0,,0.0,0.0,0.0
2023-12-11,21.407,21.407,21.223,21.223,4493,95354.939,0.0,0.0,0.0,0.0,,0.0,0.0,0.0
2023-12-12,22.053,22.053,21.038,21.038,2700,56802.6,0.0,0.0,0.0,0.0,,0.0,0.0,0.0
2023-12-13,21.776,21.776,21.038,21.038,10300,216691.4,0.0,0.0,0.0,0.0,,0.0,0.0,0.0
2023-12-14,20.946,21.776,20.761,20.761,1710,35501.31,0.0,0.0,0.0,0.0,,0.0,0.0,0.0
2023-12-15,22.33,22.33,20.577,20.761,1910,39653.51,0.0,0.0,0.0,0.0,,0.0,0.0,0.0
2023-12-18,20.854,20.854,20.854,20.854,3100,64647.4,0.0,0.0,0.0,0.0,,0.0,0.0,0.0
2023-12-19,20.577,21.776,20.577,21.407,3310,70857.17,0.0,0.0,0.0,0.0,,0.0,0.0,0.0
2023-12-20,21.776,21.776,21.776,21.776,100,2177.6,0.0,0.0,0.0,0.0,,0.0,0.0,0.0
2023-12-21,21.684,21.684,20.946,21.592,5700,123074.4,0.0,0.0,0.0,0.0,,0.0,0.0,0.0
2023-12-22,21.776,21.776,21.776,21.776,100,2177.6,0.0,0.0,0.0,0.0,,0.0,0.0,0.0
2023-12-25,21.776,21.776,21.776,21.776,0,0.0,0.0,0.0,0.0,0.0,,0.0,0.0,0.0
2023-12-26,20.946,21.776,20.946,21.776,706,15373.856,0.0,0.0,0.0,0.0,,0.0,0.0,0.0
2023-12-27,20.669,20.946,20.669,20.946,2500,52365.00000000001,0.0,0.0,0.0,0.0,,0.0,0.0,0.0
2023-12-28,20.669,21.223,20.669,21.223,17200,365035.6,0.0,0.0,0.0,0.0,,0.0,0.0,0.0
2023-12-29,21.038,21.038,20.3,20.392,8036,163870.112,0.0,0.0,0.0,0.0,,0.0,0.0,0.0
2024-01-02,20.485,21.592,20.485,20.669,21800,450584.2,0.0,0.0,0.0,0.0,,0.0,0.0,0.0
2024-01-03,20.669,21.223,20.669,20.761,2100,43598.1,0.0,0.0,0.0,0.0,,0.0,0.0,0.0
2024-01-04,20.485,20.946,20.3,20.946,4108,86046.168,0.0,0.0,0.0,0.0,,0.0,0.0,0.0
2024-01-05,20.485,21.038,20.208,20.946,11100,232500.6,0.0,0.0,0.0,0.0,,0.0,0.0,0.0
2024-01-08,20.669,21.038,20.669,21.038,4708,99046.904,0.0,0.0,0.0,0.0,,0.0,0.0,0.0
2024-01-09,20.485,20.577,20.485,20.577,1800,37038.600000000006,0.0,0.0,0.0,0.0,,0.0,0.0,0.0
2024-01-10,20.485,20.577,20.485,20.577,7500,154327.5,0.0,0.0,0.0,0.0,,0.0,0.0,0.0
2024-01-11,22.145,22.145,22.145,22.145,100,2214.5,0.0,0.0,0.0,0.0,,0.0,0.0,0.0
2024-01-12,20.485,20.946,20.485,20.669,3900,80609.1,0.0,0.0,0.0,0.0,,0.0,0.0,0.0
2024-01-15,20.485,20.577,20.3,20.3,17500,355250.0,0.0,0.0,0.0,0.0,,0.0,0.0,0.0
2024-01-16,20.392,20.392,20.392,20.392,0,0.0,0.0,0.0,0.0,0.0,,0.0,0.0,0.0
2024-01-17,20.392,20.577,20.392,20.485,7200,147492.0,0.0,0.0,0.0,0.0,,0.0,0.0,0.0
2024-01-18,20.485,20.485,20.208,20.3,3400,69020.0,0.0,0.0,0.0,0.0,,0.0,0.0,0.0
2024-01-19,20.208,20.3,20.208,20.3,3905,79271.5,0.0,0.0,0.0,0.0,,0.0,0.0,0.0
2024-01-22,20.3,20.485,20.3,20.485,1237,25339.945,0.0,0.0,0.0,0.0,,0.0,0.0,0.0
2024-01-23,20.3,20.485,20.208,20.485,7500,153637.5,0.0,0.0,0.0,0.0,,0.0,0.0,0.0
2024-01-24,20.577,20.761,20.485,20.669,2212,45719.828,0.0,0.0,0.0,0.0,,0.0,0.0,0.0
2024-01-25,21.223,21.223,20.485,20.485,1200,24582.0,0.0,0.0,0.0,0.0,,0.0,0.0,0.0
2024-01-26,20.669,20.669,20.669,20.669,1062,21950.478,0.0,0.0,0.0,0.0,,0.0,0.0,0.0
2024-01-29,20.392,21.223,20.392,20.946,11400,238784.4,0.0,0.0,0.0,0.0,,0.0,0.0,0.0
2024-01-30,21.592,22.699,21.13,22.607,28600,646560.2,0.0,0.0,0.0,0.0,,0.0,0.0,0.0
2024-01-31,22.607,22.607,21.684,22.053,7000,154371.0,0.0,0.0,0.0,0.0,,0.0,0.0,0.0
2024-02-01,22.053,22.515,21.869,22.238,19729,438733.502,0.0,0.0,0.0,0.0,,0.0,0.0,0.0
2024-02-02,22.145,22.145,21.961,21.961,4800,105412.8,0.0,0.0,0.0,0.0,,0.0,0.0,0.0
2024-02-05,22.145,22.422,22.053,22.053,10400,229351.2,0.0,0.0,0.0,0.0,,0.0,0.0,0.0
2024-02-06,21.684,22.145,21.684,21.776,2901,63172.176,0.0,0.0,0.0,0.0,,0.0,0.0,0.0
2024-02-07,21.776,22.053,21.592,21.776,5100,111057.6,0.0,0.0,0.0,0.0,,0.0,0.0,0.0
2024-02-15,21.684,21.684,21.684,21.684,1180,25587.120000000003,0.0,0.0,0.0,0.0,,0.0,0.0,0.0
2024-02-16,21.776,21.776,21.684,21.684,5720,124032.48,0.0,0.0,0.0,0.0,,0.0,0.0,0.0
2024-02-19,21.776,21.869,21.592,21.592,9900,213760.8,0.0,0.0,0.0,0.0,,0.0,0.0,0.0
2024-02-20,21.684,21.684,21.684,21.684,3300,71557.2,0.0,0.0,0.0,0.0,,0.0,0.0,0.0
2024-02-21,21.684,22.699,21.684,22.515,38400,864576.0,0.0,0.0,0.0,0.0,,0.0,0.0,0.0
2024-02-22,22.422,22.422,22.145,22.238,9700,215708.6,0.0,0.0,0.0,0.0,,0.0,0.0,0.0
2024-02-23,22.238,22.238,21.5,21.592,21400,462068.8,0.0,0.0,0.0,0.0,,0.0,0.0,0.0
2024-02-26,21.684,21.869,21.684,21.776,7200,156787.2,0.0,0.0,0.0,0.0,,0.0,0.0,0.0
2024-02-27,21.776,22.053,21.776,21.776,5300,115412.8,0.0,0.0,0.0,0.0,,0.0,0.0,0.0
2024-02-28,22.145,22.145,21.684,21.869,21820,477181.58,0.0,0.0,0.0,0.0,,0.0,0.0,0.0
2024-02-29,21.869,22.053,21.776,22.053,19700,434444.1,0.0,0.0,0.0,0.0,,0.0,0.0,0.0
2024-03-01,21.869,21.869,21.869,21.869,1600,34990.4,0.0,0.0,0.0,0.0,,0.0,0.0,0.0
2024-03-04,21.592,22.145,21.407,22.145,78400,1736168.0,0.0,0.0,0.0,0.0,,0.0,0.0,0.0
2024-03-05,22.422,22.422,21.961,22.053,10901,240399.753,0.0,0.0,0.0,0.0,,0.0,0.0,0.0
2024-03-06,22.145,22.145,21.869,22.053,36000,793908.0,0.0,0.0,0.0,0.0,,0.0,0.0,0.0
2024-03-07,21.961,22.238,21.869,21.869,22920,501237.48,0.0,0.0,0.0,0.0,,0.0,0.0,0.0
2024-03-08,22.053,22.053,21.869,21.961,5900,129569.9,0.0,0.0,0.0,0.0,,0.0,0.0,0.0
2024-03-11,21.776,22.145,21.776,21.869,33200,726050.8,0.0,0.0,0.0,0.0,,0.0,0.0,0.0
2024-03-12,21.869,21.961,21.776,21.869,10200,223063.8,0.0,0.0,0.0,0.0,,0.0,0.0,0.0
2024-03-13,21.869,22.145,21.869,22.053,12800,282278.4,0.0,0.0,0.0,0.0,,0.0,0.0,0.0
2024-03-14,22.053,22.238,22.053,22.238,11402,253557.676,0.0,0.0,0.0,0.0,,0.0,0.0,0.0
2024-03-15,22.145,22.238,22.053,22.238,5600,124532.8,0.0,0.0,0.0,0.0,,0.0,0.0,0.0
2024-03-18,22.145,22.515,21.684,21.869,27400,599210.6,0.0,0.0,0.0,0.0,,0.0,0.0,0.0
2024-03-19,22.33,22.33,22.053,22.053,1100,24258.3,0.0,0.0,0.0,0.0,,0.0,0.0,0.0
2024-03-20,22.33,22.33,22.145,22.145,1100,24359.5,0.0,0.0,0.0,0.0,,0.0,0.0,0.0
2024-03-21,22.145,22.238,21.776,22.238,16716,371730.408,0.0,0.0,0.0,0.0,,0.0,0.0,0.0
2024-03-22,22.145,22.238,21.961,22.145,17300,383108.5,0.0,0.0,0.0,0.0,,0.0,0.0,0.0
2024-03-25,22.145,22.422,22.145,22.145,26200,580199.0,0.0,0.0,0.0,0.0,,0.0,0.0,0.0
2024-03-26,22.238,22.238,21.869,22.053,14000,308742.0,0.0,0.0,0.0,0.0,,0.0,0.0,0.0
2024-03-27,22.145,22.145,21.961,21.961,19400,426043.4,0.0,0.0,0.0,0.0,,0.0,0.0,0.0
2024-03-28,22.33,23.068,22.33,22.884,56900,1302099.6,0.0,0.0,0.0,0.0,,0.0,0.0,0.0
2024-03-29,23.53,23.53,22.699,23.53,33300,783549.0,0.0,0.0,0.0,0.0,,0.0,0.0,0.0
2024-04-01,23.253,23.345,23.253,23.345,18702,436598.19,0.0,0.0,0.0,0.0,,0.0,0.0,0.0
2024-04-02,23.345,23.53,22.422,22.515,18749,422133.735,0.0,0.0,0.0,0.0,,0.0,0.0,0.0
2024-04-03,22.607,22.607,22.422,22.422,5011,112356.642,0.0,0.0,0.0,0.0,,0.0,0.0,0.0
2024-04-04,22.515,22.515,22.238,22.238,29000,644902.0,0.0,0.0,0.0,0.0,,0.0,0.0,0.0
2024-04-05,22.422,22.422,21.869,22.422,14289,320387.958,0.0,0.0,0.0,0.0,,0.0,0.0,0.0
2024-04-08,22.699,22.699,21.776,21.869,13618,297812.042,0.0,0.0,0.0,0.0,,0.0,0.0,0.0
2024-04-09,21.961,22.145,21.869,22.145,6440,142613.8,0.0,0.0,0.0,0.0,,0.0,0.0,0.0
2024-04-10,21.869,21.961,21.869,21.961,8302,182320.222,0.0,0.0,0.0,0.0,,0.0,0.0,0.0
2024-04-11,21.776,22.145,21.776,22.145,19200,425184.0,0.0,0.0,0.0,0.0,,0.0,0.0,0.0
2024-04-12,21.776,22.238,21.776,22.145,9900,219235.5,0.0,0.0,0.0,0.0,,0.0,0.0,0.0
2024-04-15,21.776,22.053,20.761,20.761,99208,2059657.288,0.0,0.0,0.0,0.0,,0.0,0.0,0.0
2024-04-16,21.038,21.038,20.669,20.761,66800,1386834.8,0.0,0.0,0.0,0.0,,0.0,0.0,0.0
2024-04-17,20.946,20.946,20.854,20.854,6100,127209.4,0.0,0.0,0.0,0.0,,0.0,0.0,0.0
2024-04-19,20.854,20.946,20.761,20.854,53939,1124843.906,0.0,0.0,0.0,0.0,,0.0,0.0,0.0
2024-04-22,21.961,21.961,20.854,20.946,2900,60743.4,0.0,0.0,0.0,0.0,,0.0,0.0,0.0
2024-04-23,21.315,21.315,21.038,21.038,2400,50491.2,0.0,0.0,0.0,0.0,,0.0,0.0,0.0
2024-04-24,20.854,21.684,20.854,21.13,9900,209187.0,0.0,0.0,0.0,0.0,,0.0,0.0,0.0
2024-04-25,21.592,21.776,21.592,21.592,20029,432466.168,0.0,0.0,0.0,0.0,,0.0,0.0,0.0
2024-04-26,21.223,21.223,21.223,21.223,500,10611.5,0.0,0.0,0.0,0.0,,0.0,0.0,0.0
2024-05-02,20.854,20.854,20.854,20.854,12200,254418.8,0.0,0.0,0.0,0.0,,0.0,0.0,0.0
2024-05-03,20.854,20.854,20.854,20.854,5300,110526.2,0.0,0.0,0.0,0.0,,0.0,0.0,0.0
2024-05-06,21.038,21.13,20.854,20.854,14700,306553.8,0.0,0.0,0.0,0.0,,0.0,0.0,0.0
2024-05-07,21.038,21.869,21.038,21.869,5700,124653.3,0.0,0.0,0.0,0.0,,0.0,0.0,0.0
2024-05-08,21.869,21.869,21.869,21.869,100,2186.9,0.0,0.0,0.0,0.0,,0.0,0.0,0.0
2024-05-09,22.145,22.145,21.684,21.961,17210,377948.81,0.0,0.0,0.0,0.0,,0.0,0.0,0.0
2024-05-10,21.407,21.869,21.407,21.869,900,19682.1,0.0,0.0,0.0,0.0,,0.0,0.0,0.0
2024-05-13,21.223,21.684,21.223,21.684,5500,119262.0,0.0,0.0,0.0,0.0,,0.0,0.0,0.0
2024-05-14,21.684,21.684,21.684,21.684,2500,54210.0,0.0,0.0,0.0,0.0,,0.0,0.0,0.0
2024-05-15,21.869,21.961,21.684,21.684,10600,229850.4,0.0,0.0,0.0,0.0,,0.0,0.0,0.0
2024-05-16,21.315,21.961,20.946,21.961,11200,245963.2,0.0,0.0,0.0,0.0,,0.0,0.0,0.0
2024-05-17,21.961,21.961,21.592,21.684,11200,242860.8,0.0,0.0,0.0,0.0,,0.0,0.0,0.0
2024-05-20,21.684,23.068,21.684,22.053,4400,97033.2,0.0,0.0,0.0,0.0,,0.0,0.0,0.0
2024-05-21,21.776,21.961,21.776,21.961,2502,54946.422,0.0,0.0,0.0,0.0,,0.0,0.0,0.0
2024-05-22,21.869,22.238,21.869,22.053,7540,166279.62,0.0,0.0,0.0,0.0,,0.0,0.0,0.0
2024-05-23,22.145,22.238,22.053,22.238,27501,611567.238,0.0,0.0,0.0,0.0,,0.0,0.0,0.0
2024-05-24,22.33,22.791,22.145,22.607,34000,768638.0,0.0,0.0,0.0,0.0,,0.0,0.0,0.0
2024-05-27,22.607,22.607,22.515,22.607,2443,55228.901,0.0,0.0,0.0,0.0,,0.0,0.0,0.0
2024-05-28,20.854,22.238,20.761,22.238,13000,289094.0,0.0,0.0,0.0,0.0,,0.0,0.0,0.0
2024-05-29,22.145,22.145,21.869,21.869,4300,94036.7,0.0,0.0,0.0,0.0,,0.0,0.0,0.0
2024-05-30,22.422,22.422,21.776,21.869,12800,279923.2,0.0,0.0,0.0,0.0,,0.0,0.0,0.0
2024-05-31,21.869,21.869,21.776,21.776,16900,368014.4,0.0,0.0,0.0,0.0,,0.0,0.0,0.0
2024-06-03,21.776,22.145,21.776,22.053,14415,317893.995,0.0,0.0,0.0,0.0,,0.0,0.0,0.0
2024-06-04,21.407,22.145,21.407,22.145,7108,157406.66,0.0,0.0,0.0,0.0,,0.0,0.0,0.0
2024-06-05,22.145,22.238,21.961,22.145,11508,254844.66,0.0,0.0,0.0,0.0,,0.0,0.0,0.0
2024-06-06,22.145,22.515,22.145,22.145,8000,177160.0,0.0,0.0,0.0,0.0,,0.0,0.0,0.0
2024-06-07,22.238,22.515,22.145,22.515,23900,538108.5,0.0,0.0,0.0,0.0,,0.0,0.0,0.0
2024-06-10,22.607,24.914,22.607,23.253,58900,1369601.7,0.0,0.0,0.0,0.0,,0.0,0.0,0.0
2024-06-11,23.991,24.268,23.53,24.175,117900,2850232.5,0.0,0.0,0.0,0.0,,0.0,0.0,0.0
2024-06-12,24.914,26.206,23.991,25.283,237833,6013131.739,0.0,0.0,0.0,0.0,,0.0,0.0,0.0
2024-06-13,25.836,25.836,25.098,25.283,66129,1671939.507,0.0,0.0,0.0,0.0,,0.0,0.0,0.0
2024-06-14,25.375,25.375,23.345,23.991,88600,2125602.6,0.0,0.0,0.0,0.0,,0.0,0.0,0.0
2024-06-17,22.145,23.991,22.145,22.976,35600,817945.6,0.0,0.0,0.0,0.0,,0.0,0.0,0.0
2024-06-18,23.991,23.991,22.976,23.068,26412,609272.0160000001,0.0,0.0,0.0,0.0,,0.0,0.0,0.0
2024-06-19,23.345,25.191,23.068,24.914,141215,3518230.51,0.0,0.0,0.0,0.0,,0.0,0.0,0.0
2024-06-20,25.56,26.298,25.006,26.021,254900,6632752.9,0.0,0.0,0.0,0.0,,0.0,0.0,0.0
2024-06-21,26.298,27.313,26.021,27.036,230003,6218361.108,0.0,0.0,0.0,0.0,,0.0,0.0,0.0
2024-06-24,27.036,27.497,25.191,26.206,177722,4657382.732,0.0,0.0,0.0,0.0,,0.0,0.0,0.0
2024-06-25,26.298,26.298,25.283,25.836,59300,1532074.7999999998,0.0,0.0,0.0,0.0,,0.0,0.0,0.0
2024-06-26,25.836,25.929,24.914,25.652,76622,1965507.544,0.0,0.0,0.0,0.0,,0.0,0.0,0.0
2024-06-27,25.652,26.298,25.652,26.206,75340,1974360.04,0.0,0.0,0.0,0.0,,0.0,0.0,0.0
2024-06-28,25.836,25.836,24.914,25.652,38178,979342.056,0.0,0.0,0.0,0.0,,0.0,0.0,0.0
2024-07-01,26.031,26.031,23.963,25.279,54107,1367770.853,0.0,0.0,0.0,0.0,,0.0,0.0,0.0
2024-07-02,24.715,24.715,23.869,24.151,44577,1076579.127,0.0,0.0,0.0,0.0,,0.0,0.0,0.0
2024-07-03,24.151,24.715,24.057,24.621,49818,1226568.978,0.0,0.0,0.0,0.0,,0.0,0.0,0.0
2024-07-04,24.245,24.245,24.057,24.151,36600,883926.6,0.0,0.0,0.0,0.0,,0.0,0.0,0.0
2024-07-05,24.151,24.151,23.587,24.151,51112,1234405.912,0.0,0.0,0.0,0.0,,0.0,0.0,0.0
2024-07-08,23.963,26.219,23.963,25.185,36510,919504.35,0.0,0.0,0.0,0.0,,0.0,0.0,0.0
2024-07-09,24.433,25.185,23.963,24.715,93303,2305983.645,0.0,0.0,0.0,0.0,,0.0,0.0,0.0
2024-07-10,24.057,24.433,23.775,24.339,71200,1732936.7999999998,0.0,0.0,0.0,0.0,,0.0,0.0,0.0
2024-07-11,24.339,24.809,23.681,24.621,12200,300376.2,0.0,0.0,0.0,0.0,,0.0,0.0,0.0
2024-07-12,24.621,25.373,24.433,25.185,71841,1809315.585,0.0,0.0,0.0,0.0,,0.0,0.0,0.0
2024-07-15,25.373,25.843,24.997,25.279,57300,1448486.7,0.0,0.0,0.0,0.0,,0.0,0.0,0.0
2024-07-16,24.997,25.655,24.903,25.373,84700,2149093.1,0.0,0.0,0.0,0.0,,0.0,0.0,0.0
2024-07-17,25.373,25.749,24.245,24.809,110110,2731718.99,0.0,0.0,0.0,0.0,,0.0,0.0,0.0
2024-07-18,24.903,24.903,23.587,24.057,97525,2346158.925,0.0,0.0,0.0,0.0,,0.0,0.0,0.0
2024-07-19,24.433,24.433,23.681,23.775,48500,1153087.5,0.0,0.0,0.0,0.0,,0.0,0.0,0.0
2024-07-22,23.587,23.963,23.306,23.869,95202,2272376.538,0.0,0.0,0.0,0.0,,0.0,0.0,0.0
2024-07-23,23.963,23.963,23.024,23.493,38500,904480.5,0.0,0.0,0.0,0.0,,0.0,0.0,0.0
2024-07-24,22.554,23.493,22.554,23.493,46307,1087890.351,0.0,0.0,0.0,0.0,,0.0,0.0,0.0
2024-07-25,23.024,23.493,22.554,23.493,2200,51684.6,0.0,0.0,0.0,0.0,,0.0,0.0,0.0
2024-07-26,23.118,23.493,23.118,23.493,4503,105788.979,0.0,0.0,0.0,0.0,,0.0,0.0,0.0
2024-07-29,23.118,23.869,23.118,23.869,26600,634915.4,0.0,0.0,0.0,0.0,,0.0,0.0,0.0
2024-07-30,23.493,24.245,23.493,24.057,30200,726521.3999999999,0.0,0.0,0.0,0.0,,0.0,0.0,0.0
2024-07-31,24.151,24.151,23.493,24.151,27300,659322.3,0.0,0.0,0.0,0.0,,0.0,0.0,0.0
2024-08-01,24.057,24.057,23.306,23.963,31100,745249.3,0.0,0.0,0.0,0.0,,0.0,0.0,0.0
2024-08-02,23.963,23.963,23.306,23.869,11100,264945.9,0.0,0.0,0.0,0.0,,0.0,0.0,0.0
2024-08-05,23.587,23.587,22.648,23.212,63300,1469319.6,0.0,0.0,0.0,0.0,,0.0,0.0,0.0
2024-08-06,22.554,23.399,22.554,23.399,7900,184852.1,0.0,0.0,0.0,0.0,,0.0,0.0,0.0
2024-08-07,25.843,25.843,22.554,23.399,34800,814285.2000000001,0.0,0.0,0.0,0.0,,0.0,0.0,0.0
2024-08-08,23.493,23.493,22.648,23.212,1300,30175.6,0.0,0.0,0.0,0.0,,0.0,0.0,0.0
2024-08-09,26.219,26.219,23.212,23.399,11700,273768.3,0.0,0.0,0.0,0.0,,0.0,0.0,0.0
2024-08-12,23.493,23.963,23.306,23.493,7200,169149.59999999998,0.0,0.0,0.0,0.0,,0.0,0.0,0.0
2024-08-13,23.869,23.869,23.024,23.493,2800,65780.4,0.0,0.0,0.0,0.0,,0.0,0.0,0.0
2024-08-14,23.869,23.869,22.93,23.493,4100,96321.3,0.0,0.0,0.0,0.0,,0.0,0.0,0.0
2024-08-15,23.024,24.339,23.024,23.306,5900,137505.4,0.0,0.0,0.0,0.0,,0.0,0.0,0.0
2024-08-16,23.024,23.681,23.024,23.587,18400,434000.8,0.0,0.0,0.0,0.0,,0.0,0.0,0.0
2024-08-19,23.306,23.493,23.212,23.212,8802,204312.024,0.0,0.0,0.0,0.0,,0.0,0.0,0.0
2024-08-20,23.493,23.493,22.93,23.118,11700,270480.6,0.0,0.0,0.0,0.0,,0.0,0.0,0.0
2024-08-21,23.118,23.399,22.93,23.306,20800,484764.8000000001,0.0,0.0,0.0,0.0,,0.0,0.0,0.0
2024-08-22,23.306,23.399,23.024,23.399,15100,353324.9,0.0,0.0,0.0,0.0,,0.0,0.0,0.0
2024-08-23,23.212,23.306,23.118,23.306,1200,27967.2,0.0,0.0,0.0,0.0,,0.0,0.0,0.0
2024-08-26,23.212,23.306,23.212,23.306,2000,46612.0,0.0,0.0,0.0,0.0,,0.0,0.0,0.0
2024-08-27,23.212,23.212,22.93,23.024,18300,421339.2,0.0,0.0,0.0,0.0,,0.0,0.0,0.0
2024-08-28,23.024,23.118,22.93,23.024,47300,1089035.2,0.0,0.0,0.0,0.0,,0.0,0.0,0.0
2024-08-29,22.93,23.212,22.742,23.212,24000,557088.0,0.0,0.0,0.0,0.0,,0.0,0.0,0.0
2024-08-30,23.024,23.212,22.554,23.212,13601,315706.412,0.0,0.0,0.0,0.0,,0.0,0.0,0.0
2024-09-04,22.836,22.836,22.836,22.836,16902,385974.072,0.0,0.0,0.0,0.0,,0.0,0.0,0.0
2024-09-05,22.836,23.399,22.836,23.306,14510,338170.06,0.0,0.0,0.0,0.0,,0.0,0.0,0.0
2024-09-06,23.024,23.024,22.742,22.742,22612,514242.104,0.0,0.0,0.0,0.0,,0.0,0.0,0.0
2024-09-09,22.742,22.836,22.742,22.742,12700,288823.4,0.0,0.0,0.0,0.0,,0.0,0.0,0.0
2024-09-10,22.742,22.836,22.554,22.554,7600,171410.4,0.0,0.0,0.0,0.0,,0.0,0.0,0.0
2024-09-11,22.554,22.836,22.554,22.836,16400,374510.4,0.0,0.0,0.0,0.0,,0.0,0.0,0.0
2024-09-12,23.024,23.306,22.93,22.93,2000,45860.0,0.0,0.0,0.0,0.0,,0.0,0.0,0.0
2024-09-13,22.742,22.742,22.742,22.742,2600,59129.2,0.0,0.0,0.0,0.0,,0.0,0.0,0.0
2024-09-16,22.742,22.742,22.178,22.554,14500,327033.0,0.0,0.0,0.0,0.0,,0.0,0.0,0.0
2024-09-17,22.46,22.742,22.46,22.648,29400,665851.2,0.0,0.0,0.0,0.0,,0.0,0.0,0.0
2024-09-18,22.46,22.742,22.46,22.742,900,20467.8,0.0,0.0,0.0,0.0,,0.0,0.0,0.0
2024-09-19,22.554,22.742,22.554,22.742,5400,122806.8,0.0,0.0,0.0,0.0,,0.0,0.0,0.0
2024-09-20,22.648,23.024,22.554,22.648,24400,552611.2,0.0,0.0,0.0,0.0,,0.0,0.0,0.0
2024-09-23,22.742,23.024,22.648,22.648,6222,140915.856,0.0,0.0,0.0,0.0,,0.0,0.0,0.0
2024-09-24,22.648,22.742,22.554,22.742,13400,304742.8,0.0,0.0,0.0,0.0,,0.0,0.0,0.0
2024-09-25,22.742,22.742,22.648,22.742,1600,36387.2,0.0,0.0,0.0,0.0,,0.0,0.0,0.0
2024-09-26,22.648,23.306,22.648,23.024,15800,363779.2,0.0,0.0,0.0,0.0,,0.0,0.0,0.0
2024-09-27,22.742,23.306,22.554,23.212,39173,909283.676,0.0,0.0,0.0,0.0,,0.0,0.0,0.0
2024-09-30,22.742,23.118,22.742,23.118,920,21268.56,0.0,0.0,0.0,0.0,,0.0,0.0,0.0
2024-10-01,22.836,23.306,22.742,23.024,6706,154398.94400000002,0.0,0.0,0.0,0.0,,0.0,0.0,0.0
2024-10-02,23.024,23.024,22.554,22.836,33500,765006.0,0.0,0.0,0.0,0.0,,0.0,0.0,0.0
2024-10-03,22.742,23.493,22.648,22.648,6400,144947.2,0.0,0.0,0.0,0.0,,0.0,0.0,0.0
2024-10-04,22.648,22.648,22.554,22.554,21900,493932.6,0.0,0.0,0.0,0.0,,0.0,0.0,0.0
2024-10-07,22.554,22.93,22.554,22.93,301,6901.93,0.0,0.0,0.0,0.0,,0.0,0.0,0.0
2024-10-08,22.648,23.024,22.648,23.024,5300,122027.2,0.0,0.0,0.0,0.0,,0.0,0.0,0.0
2024-10-09,22.742,23.024,22.648,22.93,7901,181169.93,0.0,0.0,0.0,0.0,,0.0,0.0,0.0
2024-10-10,22.742,22.93,22.648,22.836,8100,184971.6,0.0,0.0,0.0,0.0,,0.0,0.0,0.0
2024-10-11,22.742,22.93,22.554,22.93,10800,247644.0,0.0,0.0,0.0,0.0,,0.0,0.0,0.0
2024-10-14,22.178,23.024,21.614,22.836,15600,356241.6,0.0,0.0,0.0,0.0,,0.0,0.0,0.0
2024-10-15,22.554,22.93,22.366,22.93,6400,146752.0,0.0,0.0,0.0,0.0,,0.0,0.0,0.0
2024-10-16,22.648,22.836,22.554,22.742,6300,143274.6,0.0,0.0,0.0,0.0,,0.0,0.0,0.0
2024-10-17,22.648,22.93,22.554,22.836,8500,194106.0,0.0,0.0,0.0,0.0,,0.0,0.0,0.0
2024-10-18,22.554,22.836,22.366,22.742,1402,31884.284,0.0,0.0,0.0,0.0,,0.0,0.0,0.0
2024-10-21,22.648,23.024,22.554,22.742,20700,470759.4,0.0,0.0,0.0,0.0,,0.0,0.0,0.0
2024-10-22,22.554,22.742,22.554,22.648,3302,74783.696,0.0,0.0,0.0,0.0,,0.0,0.0,0.0
2024-10-23,22.084,22.742,20.674,22.742,10200,231968.4,0.0,0.0,0.0,0.0,,0.0,0.0,0.0
2024-10-24,22.554,22.554,21.614,22.084,4708,103971.472,0.0,0.0,0.0,0.0,,0.0,0.0,0.0
2024-10-25,22.084,22.836,22.084,22.554,2900,65406.6,0.0,0.0,0.0,0.0,,0.0,0.0,0.0
2024-10-28,22.836,22.836,22.554,22.554,9102,205286.508,0.0,0.0,0.0,0.0,,0.0,0.0,0.0
2024-10-29,22.648,22.648,22.366,22.554,2200,49618.8,0.0,0.0,0.0,0.0,,0.0,0.0,0.0
2024-10-30,22.554,22.554,22.46,22.46,600,13476.0,0.0,0.0,0.0,0.0,,0.0,0.0,0.0
2024-10-31,22.648,22.648,21.614,22.554,4601,103770.954,0.0,0.0,0.0,0.0,,0.0,0.0,0.0
2024-11-01,22.648,22.648,22.272,22.554,2800,63151.2,0.0,0.0,0.0,0.0,,0.0,0.0,0.0
2024-11-04,22.554,22.554,22.272,22.46,3800,85348.0,0.0,0.0,0.0,0.0,,0.0,0.0,0.0
2024-11-05,22.366,22.554,22.366,22.554,2600,58640.4,0.0,0.0,0.0,0.0,,0.0,0.0,0.0
2024-11-06,22.366,22.836,22.366,22.836,9301,212397.636,0.0,0.0,0.0,0.0,,0.0,0.0,0.0
2024-11-07,22.554,22.742,22.46,22.742,5712,129902.304,0.0,0.0,0.0,0.0,,0.0,0.0,0.0
2024-11-08,22.553,23.225,22.553,23.129,3800,87890.20000000001,0.0,0.0,0.0,0.0,,0.0,0.0,0.0
2024-11-11,23.417,23.417,22.841,23.225,2100,48772.5,0.0,0.0,0.0,0.0,,0.0,0.0,0.0
2024-11-12,23.225,23.225,22.841,23.225,6600,153285.0,0.0,0.0,0.0,0.0,,0.0,0.0,0.0
2024-11-13,22.073,22.937,22.073,22.937,6000,137622.0,0.0,0.0,0.0,0.0,,0.0,0.0,0.0
2024-11-14,22.457,22.937,22.457,22.457,4536,101864.952,0.0,0.0,0.0,0.0,,0.0,0.0,0.0
2024-11-15,22.553,23.225,22.553,23.033,6100,140501.30000000002,0.0,0.0,0.0,0.0,,0.0,0.0,0.0
2024-11-18,22.745,23.513,22.073,22.937,4800,110097.6,0.0,0.0,0.0,0.0,,0.0,0.0,0.0
2024-11-19,22.553,22.937,22.553,22.937,2100,48167.7,0.0,0.0,0.0,0.0,,0.0,0.0,0.0
2024-11-20,22.841,22.937,22.841,22.937,200,4587.400000000001,0.0,0.0,0.0,0.0,,0.0,0.0,0.0
2024-11-21,21.689,23.897,21.689,23.033,2700,62189.100000000006,0.0,0.0,0.0,0.0,,0.0,0.0,0.0
2024-11-22,22.457,23.129,22.457,22.937,1201,27547.337000000003,0.0,0.0,0.0,0.0,,0.0,0.0,0.0
2024-11-25,22.937,22.937,22.361,22.937,8800,201845.6,0.0,0.0,0.0,0.0,,0.0,0.0,0.0
2024-11-26,22.937,23.129,22.169,23.129,3500,80951.5,0.0,0.0,0.0,0.0,,0.0,0.0,0.0
2024-11-27,23.033,23.033,22.553,23.033,8800,202690.4,0.0,0.0,0.0,0.0,,0.0,0.0,0.0
2024-11-28,22.841,23.033,22.841,23.033,1901,43785.733,0.0,0.0,0.0,0.0,,0.0,0.0,0.0
2024-11-29,23.033,23.033,22.073,22.937,1600,36699.2,0.0,0.0,0.0,0.0,,0.0,0.0,0.0
2024-12-02,22.361,22.937,22.361,22.937,2800,64223.600000000006,0.0,0.0,0.0,0.0,,0.0,0.0,0.0
2024-12-03,22.937,22.937,22.361,22.457,2801,62902.057,0.0,0.0,0.0,0.0,,0.0,0.0,0.0
2024-12-04,22.745,22.841,22.553,22.841,4400,100500.4,0.0,0.0,0.0,0.0,,0.0,0.0,0.0
2024-12-05,22.073,22.937,22.073,22.937,6700,153677.9,0.0,0.0,0.0,0.0,,0.0,0.0,0.0
2024-12-06,22.553,22.553,22.553,22.553,800,18042.4,0.0,0.0,0.0,0.0,,0.0,0.0,0.0
2024-12-09,22.841,22.937,22.649,22.745,2400,54588.0,0.0,0.0,0.0,0.0,,0.0,0.0,0.0
2024-12-10,23.033,23.033,22.745,22.841,4400,100500.4,0.0,0.0,0.0,0.0,,0.0,0.0,0.0
2024-12-11,22.745,23.129,22.745,23.129,400,9251.6,0.0,0.0,0.0,0.0,,0.0,0.0,0.0
2024-12-12,23.033,23.033,22.553,22.553,300,6765.900000000001,0.0,0.0,0.0,0.0,,0.0,0.0,0.0
2024-12-13,23.225,23.225,23.225,23.225,200,4645.0,0.0,0.0,0.0,0.0,,0.0,0.0,0.0
2024-12-16,23.033,23.033,23.033,23.033,500,11516.5,0.0,0.0,0.0,0.0,,0.0,0.0,0.0
2024-12-17,22.937,22.937,22.937,22.937,1100,25230.7,0.0,0.0,0.0,0.0,,0.0,0.0,0.0
2024-12-18,22.361,22.841,22.073,22.841,2500,57102.5,0.0,0.0,0.0,0.0,,0.0,0.0,0.0
2024-12-19,22.265,22.841,22.265,22.841,3300,75375.3,0.0,0.0,0.0,0.0,,0.0,0.0,0.0
2024-12-20,22.169,22.841,22.169,22.841,15800,360887.8,0.0,0.0,0.0,0.0,,0.0,0.0,0.0
2024-12-23,22.745,22.841,22.169,22.745,2000,45490.0,0.0,0.0,0.0,0.0,,0.0,0.0,0.0
2024-12-24,22.841,22.841,22.649,22.649,300,6794.700000000001,0.0,0.0,0.0,0.0,,0.0,0.0,0.0
2024-12-25,22.265,22.745,22.265,22.745,13100,297959.5,0.0,0.0,0.0,0.0,,0.0,0.0,0.0
2024-12-26,22.553,22.841,22.361,22.841,1500,34261.5,0.0,0.0,0.0,0.0,,0.0,0.0,0.0
2024-12-27,22.553,22.553,22.553,22.553,3700,83446.1,0.0,0.0,0.0,0.0,,0.0,0.0,0.0
2024-12-30,23.225,23.321,22.361,22.361,9600,214665.6,0.0,0.0,0.0,0.0,,0.0,0.0,0.0
2024-12-31,23.321,23.321,22.361,22.841,5200,118773.2,0.0,0.0,0.0,0.0,,0.0,0.0,0.0
2025-01-02,22.553,22.841,22.265,22.841,1200,27409.2,0.0,0.0,0.0,0.0,,0.0,0.0,0.0
2025-01-03,22.457,23.225,22.265,22.265,13900,309483.5,0.0,0.0,0.0,0.0,,0.0,0.0,0.0
2025-01-06,22.361,22.361,22.073,22.073,12800,282534.4,0.0,0.0,0.0,0.0,,0.0,0.0,0.0
2025-01-07,22.265,22.457,21.881,22.457,3900,87582.3,0.0,0.0,0.0,0.0,,0.0,0.0,0.0
2025-01-08,21.881,22.457,21.881,22.457,7900,177410.30000000002,0.0,0.0,0.0,0.0,,0.0,0.0,0.0
2025-01-09,22.745,22.745,22.745,22.745,100,2274.5,0.0,0.0,0.0,0.0,,0.0,0.0,0.0
2025-01-10,22.553,22.553,22.361,22.361,7100,158763.1,0.0,0.0,0.0,0.0,,0.0,0.0,0.0
2025-01-13,21.785,22.361,21.785,22.361,3700,82735.7,0.0,0.0,0.0,0.0,,0.0,0.0,0.0
2025-01-14,22.073,22.265,22.073,22.265,1300,28944.5,0.0,0.0,0.0,0.0,,0.0,0.0,0.0
2025-01-15,22.265,22.361,22.265,22.361,3100,69319.1,0.0,0.0,0.0,0.0,,0.0,0.0,0.0
2025-01-16,22.361,22.361,22.361,22.361,908,20303.788,0.0,0.0,0.0,0.0,,0.0,0.0,0.0
2025-01-17,22.649,22.841,22.649,22.841,11500,262671.5,0.0,0.0,0.0,0.0,,0.0,0.0,0.0
2025-01-20,22.745,22.745,22.745,22.745,200,4549.0,0.0,0.0,0.0,0.0,,0.0,0.0,0.0
2025-01-21,22.745,22.937,22.745,22.745,8000,181960.0,0.0,0.0,0.0,0.0,,0.0,0.0,0.0
2025-01-22,22.937,23.033,22.841,23.033,3900,89828.70000000001,0.0,0.0,0.0,0.0,,0.0,0.0,0.0
2025-01-23,22.937,23.321,22.361,23.321,14100,328826.10000000003,0.0,0.0,0.0,0.0,,0.0,0.0,0.0
2025-01-24,22.073,23.033,21.881,23.033,2400,55279.2,0.0,0.0,0.0,0.0,,0.0,0.0,0.0
2025-02-03,22.745,22.745,22.745,22.745,100,2274.5,0.0,0.0,0.0,0.0,,0.0,0.0,0.0
2025-02-04,22.937,23.129,22.745,22.745,7500,170587.5,0.0,0.0,0.0,0.0,,0.0,0.0,0.0
2025-02-05,23.033,23.033,23.033,23.033,200,4606.6,0.0,0.0,0.0,0.0,,0.0,0.0,0.0
2025-02-06,23.225,23.225,22.649,23.033,5100,117468.3,0.0,0.0,0.0,0.0,,0.0,0.0,0.0
2025-02-07,23.033,23.033,23.033,23.033,1000,23033.0,0.0,0.0,0.0,0.0,,0.0,0.0,0.0
2025-02-10,23.129,23.129,23.129,23.129,8305,192086.345,0.0,0.0,0.0,0.0,,0.0,0.0,0.0
2025-02-11,23.129,23.225,23.033,23.225,4200,97545.0,0.0,0.0,0.0,0.0,,0.0,0.0,0.0
2025-02-12,23.225,23.321,23.033,23.033,2900,66795.7,0.0,0.0,0.0,0.0,,0.0,0.0,0.0
2025-02-13,23.129,23.129,23.129,23.129,0,0.0,0.0,0.0,0.0,0.0,,0.0,0.0,0.0
2025-02-14,23.129,23.705,23.129,23.513,19800,465557.4,0.0,0.0,0.0,0.0,,0.0,0.0,0.0
2025-02-17,23.609,23.609,23.033,23.417,1700,39808.9,0.0,0.0,0.0,0.0,,0.0,0.0,0.0
2025-02-18,23.513,25.336,23.513,24.472,22202,543327.344,0.0,0.0,0.0,0.0,,0.0,0.0,0.0
2025-02-19,24.376,24.376,24.088,24.376,16700,407079.2,0.0,0.0,0.0,0.0,,0.0,0.0,0.0
2025-02-20,24.472,24.856,24.376,24.664,12700,313232.80000000005,0.0,0.0,0.0,0.0,,0.0,0.0,0.0
2025-02-21,24.952,25.912,24.952,25.72,74400,1913568.0,0.0,0.0,0.0,0.0,,0.0,0.0,0.0
2025-02-24,25.72,25.912,25.048,25.624,27100,694410.4,0.0,0.0,0.0,0.0,,0.0,0.0,0.0
2025-02-25,25.72,25.816,25.048,25.048,31000,776488.0,0.0,0.0,0.0,0.0,,0.0,0.0,0.0
2025-02-26,25.528,26.392,25.24,25.72,14700,378084.0,0.0,0.0,0.0,0.0,,0.0,0.0,0.0
2025-02-27,25.528,25.528,24.952,25.432,17801,452715.032,0.0,0.0,0.0,0.0,,0.0,0.0,0.0
2025-02-28,25.048,25.144,24.568,25.144,5700,143320.8,0.0,0.0,0.0,0.0,,0.0,0.0,0.0
2025-03-03,24.952,25.048,24.952,25.048,6200,155297.59999999998,0.0,0.0,0.0,0.0,,0.0,0.0,0.0
2025-03-04,24.472,24.472,23.993,24.088,8808,212167.104,0.0,0.0,0.0,0.0,,0.0,0.0,0.0
2025-03-05,24.28,24.376,23.993,24.088,8201,197545.688,0.0,0.0,0.0,0.0,,0.0,0.0,0.0
2025-03-06,23.993,24.088,23.033,24.088,13808,332607.104,0.0,0.0,0.0,0.0,,0.0,0.0,0.0
2025-03-07,23.417,24.088,23.417,23.609,12400,292751.60000000003,0.0,0.0,0.0,0.0,,0.0,0.0,0.0
2025-03-10,23.609,25.048,23.033,24.376,8402,204807.152,0.0,0.0,0.0,0.0,,0.0,0.0,0.0
2025-03-11,24.088,24.856,23.993,24.472,9100,222695.2,0.0,0.0,0.0,0.0,,0.0,0.0,0.0
2025-03-12,24.664,24.664,23.993,24.568,1610,39554.48,0.0,0.0,0.0,0.0,,0.0,0.0,0.0
2025-03-13,23.705,24.376,23.705,24.376,9800,238884.8,0.0,0.0,0.0,0.0,,0.0,0.0,0.0
2025-03-14,24.088,25.24,24.088,24.856,46403,1153392.968,0.0,0.0,0.0,0.0,,0.0,0.0,0.0
2025-03-17,25.048,27.064,25.048,26.872,144500,3883004.0,0.0,0.0,0.0,0.0,,0.0,0.0,0.0
2025-03-18,26.68,28.119,26.104,27.831,200700,5585681.7,0.0,0.0,0.0,0.0,,0.0,0.0,0.0
2025-03-19,27.351,28.791,27.255,28.023,75963,2128711.149,0.0,0.0,0.0,0.0,,0.0,0.0,0.0
2025-03-20,28.407,29.655,26.968,27.831,54860,1526808.66,0.0,0.0,0.0,0.0,,0.0,0.0,0.0
2025-03-21,28.119,28.311,27.255,27.543,22000,605946.0,0.0,0.0,0.0,0.0,,0.0,0.0,0.0
2025-03-24,27.351,27.831,26.488,27.351,37503,1025744.553,0.0,0.0,0.0,0.0,,0.0,0.0,0.0
2025-03-25,27.639,28.119,26.68,28.023,10022,280846.506,0.0,0.0,0.0,0.0,,0.0,0.0,0.0
2025-03-26,27.351,27.639,26.68,27.255,17004,463444.02,0.0,0.0,0.0,0.0,,0.0,0.0,0.0
2025-03-27,26.872,26.872,26.2,26.2,27200,712640.0,0.0,0.0,0.0,0.0,,0.0,0.0,0.0
2025-03-28,26.392,26.488,26.2,26.2,14600,382520.0,0.0,0.0,0.0,0.0,,0.0,0.0,0.0
2025-03-31,26.296,26.392,25.72,25.72,13800,354936.0,0.0,0.0,0.0,0.0,,0.0,0.0,0.0
2025-04-01,25.912,26.968,25.72,26.968,14000,377552.0,0.0,0.0,0.0,0.0,,0.0,0.0,0.0
2025-04-02,26.872,26.872,25.912,25.912,16300,422365.6,0.0,0.0,0.0,0.0,,0.0,0.0,0.0
2025-04-03,25.912,25.912,22.361,22.361,105805,2365905.605,0.0,0.0,0.0,0.0,,0.0,0.0,0.0
2025-04-04,20.538,22.553,20.538,21.977,31002,681330.954,0.0,0.0,0.0,0.0,,0.0,0.0,0.0
2025-04-08,21.401,21.977,18.522,19.866,101149,2009426.034,0.0,0.0,0.0,0.0,,0.0,0.0,0.0
2025-04-09,20.25,21.593,20.25,20.634,15015,309819.51,0.0,0.0,0.0,0.0,,0.0,0.0,0.0
2025-04-10,23.513,24.088,23.513,24.088,30902,744367.376,0.0,0.0,0.0,0.0,,0.0,0.0,0.0
2025-04-11,24.472,24.472,22.553,24.088,22104,532441.152,0.0,0.0,0.0,0.0,,0.0,0.0,0.0
2025-04-14,24.856,24.856,23.321,23.897,5001,119508.897,0.0,0.0,0.0,0.0,,0.0,0.0,0.0
2025-04-15,24.664,24.664,22.073,23.417,6800,159235.6,0.0,0.0,0.0,0.0,,0.0,0.0,0.0
2025-04-16,23.705,23.993,23.609,23.993,10770,258404.61,0.0,0.0,0.0,0.0,,0.0,0.0,0.0
2025-04-17,23.801,23.993,23.801,23.993,7800,187145.4,0.0,0.0,0.0,0.0,,0.0,0.0,0.0
2025-04-18,23.513,25.816,23.513,23.513,15807,371669.991,0.0,0.0,0.0,0.0,,0.0,0.0,0.0
2025-04-21,24.952,24.952,23.225,24.376,2600,63377.600000000006,0.0,0.0,0.0,0.0,,0.0,0.0,0.0
2025-04-22,23.033,23.129,21.977,23.033,15300,352404.9,0.0,0.0,0.0,0.0,,0.0,0.0,0.0
2025-04-23,24.952,24.952,24.952,24.952,100,2495.2000000000003,0.0,0.0,0.0,0.0,,0.0,0.0,0.0
2025-04-24,23.513,24.28,22.073,23.417,5900,138160.30000000002,0.0,0.0,0.0,0.0,,0.0,0.0,0.0
2025-04-25,23.897,24.472,23.801,24.472,10217,250030.424,0.0,0.0,0.0,0.0,,0.0,0.0,0.0
2025-04-28,24.376,24.856,23.513,23.993,7210,172989.53,0.0,0.0,0.0,0.0,,0.0,0.0,0.0
2025-04-29,24.76,24.856,23.993,24.76,22301,552172.76,0.0,0.0,0.0,0.0,,0.0,0.0,0.0
2025-05-05,24.76,24.952,23.993,24.664,14215,350598.76,0.0,0.0,0.0,0.0,,0.0,0.0,0.0
2025-05-06,24.664,24.76,23.129,24.088,7801,187910.488,0.0,0.0,0.0,0.0,,0.0,0.0,0.0
2025-05-07,24.28,24.472,23.225,23.897,14628,349565.316,0.0,0.0,0.0,0.0,,0.0,0.0,0.0
2025-05-08,23.705,24.088,23.609,23.705,4200,99561.0,0.0,0.0,0.0,0.0,,0.0,0.0,0.0
2025-05-09,23.705,23.705,23.705,23.705,200,4741.0,0.0,0.0,0.0,0.0,,0.0,0.0,0.0
2025-05-12,23.705,23.705,23.321,23.705,21615,512383.575,0.0,0.0,0.0,0.0,,0.0,0.0,0.0
2025-05-13,23.609,24.568,23.609,24.184,13301,321671.384,0.0,0.0,0.0,0.0,,0.0,0.0,0.0
2025-05-14,23.225,24.568,23.225,24.568,39000,958152.0,0.0,0.0,0.0,0.0,,0.0,0.0,0.0
2025-05-15,24.28,24.28,24.28,24.28,0,0.0,0.0,0.0,0.0,0.0,,0.0,0.0,0.0
2025-05-16,23.321,23.993,23.033,23.993,6300,151155.9,0.0,0.0,0.0,0.0,,0.0,0.0,0.0
2025-05-19,23.321,23.801,23.321,23.513,17705,416297.665,0.0,0.0,0.0,0.0,,0.0,0.0,0.0
2025-05-20,23.513,23.609,23.321,23.321,22300,520058.3000000001,0.0,0.0,0.0,0.0,,0.0,0.0,0.0
2025-05-21,23.417,24.856,23.321,23.993,20653,495527.429,0.0,0.0,0.0,0.0,,0.0,0.0,0.0
2025-05-22,24.28,24.28,24.28,24.28,0,0.0,0.0,0.0,0.0,0.0,,0.0,0.0,0.0
2025-05-23,24.28,24.28,24.28,24.28,1,24.28,0.0,0.0,0.0,0.0,,0.0,0.0,0.0
2025-05-26,23.033,23.801,23.033,23.609,1214,28661.326,0.0,0.0,0.0,0.0,,0.0,0.0,0.0
2025-05-27,23.513,23.897,22.841,23.225,44502,1033558.95,0.0,0.0,0.0,0.0,,0.0,0.0,0.0
2025-05-28,23.225,23.225,22.841,23.129,11018,254835.322,0.0,0.0,0.0,0.0,,0.0,0.0,0.0
2025-05-29,23.129,23.321,23.033,23.033,3500,80615.5,0.0,0.0,0.0,0.0,,0.0,0.0,0.0
2025-05-30,23.129,23.513,23.033,23.513,2900,68187.70000000001,0.0,0.0,0.0,0.0,,0.0,0.0,0.0
2025-06-02,23.321,23.513,23.321,23.513,4405,103574.765,0.0,0.0,0.0,0.0,,0.0,0.0,0.0
2025-06-03,23.417,23.513,23.321,23.513,18210,428171.73,0.0,0.0,0.0,0.0,,0.0,0.0,0.0
2025-06-04,23.417,23.417,23.033,23.033,905,20844.865,0.0,0.0,0.0,0.0,,0.0,0.0,0.0
2025-06-05,23.417,23.417,23.225,23.225,8100,188122.5,0.0,0.0,0.0,0.0,,0.0,0.0,0.0
2025-06-06,23.417,23.609,23.129,23.129,15500,358499.5,0.0,0.0,0.0,0.0,,0.0,0.0,0.0
2025-06-09,23.417,23.513,22.841,23.033,13000,299429.0,0.0,0.0,0.0,0.0,,0.0,0.0,0.0
2025-06-10,23.033,23.033,23.033,23.033,2020,46526.66,0.0,0.0,0.0,0.0,,0.0,0.0,0.0
2025-06-11,22.649,22.649,22.553,22.553,3200,72169.6,0.0,0.0,0.0,0.0,,0.0,0.0,0.0
2025-06-12,22.553,22.745,22.553,22.745,3000,68235.0,0.0,0.0,0.0,0.0,,0.0,0.0,0.0
2025-06-13,22.649,22.841,22.649,22.649,15803,357922.147,0.0,0.0,0.0,0.0,,0.0,0.0,0.0
2025-06-16,22.361,22.457,22.265,22.361,6600,147582.6,0.0,0.0,0.0,0.0,,0.0,0.0,0.0
2025-06-17,22.457,23.033,22.457,22.553,16700,376635.1,0.0,0.0,0.0,0.0,,0.0,0.0,0.0
2025-06-18,22.649,23.129,22.649,22.937,10000,229370.0,0.0,0.0,0.0,0.0,,0.0,0.0,0.0
2025-06-19,22.553,22.553,22.553,22.553,1800,40595.4,0.0,0.0,0.0,0.0,,0.0,0.0,0.0
2025-06-20,22.649,22.745,22.649,22.745,1200,27294.0,0.0,0.0,0.0,0.0,,0.0,0.0,0.0
2025-06-23,22.457,22.841,22.457,22.841,5200,118773.2,0.0,0.0,0.0,0.0,,0.0,0.0,0.0
2025-06-24,22.649,22.649,22.361,22.649,4200,95125.8,0.0,0.0,0.0,0.0,,0.0,0.0,0.0
2025-06-25,22.553,22.553,22.553,22.553,300,6765.900000000001,0.0,0.0,0.0,0.0,,0.0,0.0,0.0
2025-06-26,22.553,22.553,22.361,22.553,3000,67659.0,0.0,0.0,0.0,0.0,,0.0,0.0,0.0
2025-06-27,22.553,22.553,22.553,22.553,3000,67659.0,0.0,0.0,0.0,0.0,,0.0,0.0,0.0
2025-06-30,22.553,22.649,22.553,22.649,400,9059.6,0.0,0.0,0.0,0.0,,0.0,0.0,0.0
2025-07-01,22.649,22.649,22.265,22.649,800,18119.2,0.0,0.0,0.0,0.0,,0.0,0.0,0.0
2025-07-02,22.553,22.553,22.553,22.553,4301,97000.453,0.0,0.0,0.0,0.0,,0.0,0.0,0.0
2025-07-03,22.553,22.553,22.553,22.553,2800,63148.4,0.0,0.0,0.0,0.0,,0.0,0.0,0.0
2025-07-04,22.553,22.841,22.553,22.841,6201,141637.041,0.0,0.0,0.0,0.0,,0.0,0.0,0.0
2025-07-07,22.649,22.649,22.649,22.649,400,9059.6,0.0,0.0,0.0,0.0,,0.0,0.0,0.0
2025-07-08,22.649,22.841,22.553,22.553,12900,290933.7,0.0,0.0,0.0,0.0,,0.0,0.0,0.0
2025-07-09,22.649,23.513,22.649,22.841,6300,143898.30000000002,0.0,0.0,0.0,0.0,,0.0,0.0,0.0
2025-07-10,22.553,22.553,21.593,22.553,44558,1004916.574,0.0,0.0,0.0,0.0,,0.0,0.0,0.0
2025-07-11,22.361,22.553,22.361,22.361,3100,69319.1,0.0,0.0,0.0,0.0,,0.0,0.0,0.0
2025-07-14,22.361,22.553,22.361,22.457,17700,397488.9,0.0,0.0,0.0,0.0,,0.0,0.0,0.0
2025-07-15,22.361,22.553,22.073,22.073,13200,291363.6,0.0,0.0,0.0,0.0,,0.0,0.0,0.0
2025-07-16,21.689,22.553,21.689,22.169,1800,39904.2,0.0,0.0,0.0,0.0,,0.0,0.0,0.0
2025-07-17,22.073,22.841,22.073,22.841,45000,1027845.0,0.0,0.0,0.0,0.0,,0.0,0.0,0.0
2025-07-18,22.457,22.937,22.457,22.553,11300,254848.9,0.0,0.0,0.0,0.0,,0.0,0.0,0.0
2025-07-21,22.553,22.649,22.553,22.553,40501,913419.053,0.0,0.0,0.0,0.0,,0.0,0.0,0.0
2025-07-22,22.553,22.553,22.553,22.553,7405,167004.965,0.0,0.0,0.0,0.0,,0.0,0.0,0.0
2025-07-23,22.553,22.937,22.073,22.073,6600,145681.8,0.0,0.0,0.0,0.0,,0.0,0.0,0.0
2025-07-24,22.553,22.841,22.553,22.745,11312,257291.44,0.0,0.0,0.0,0.0,,0.0,0.0,0.0
2025-07-25,23.129,23.129,22.649,22.649,26000,588874.0,0.0,0.0,0.0,0.0,,0.0,0.0,0.0
2025-07-28,23.225,23.993,22.841,23.993,27500,659807.5,0.0,0.0,0.0,0.0,,0.0,0.0,0.0
2025-07-29,23.513,24.28,22.649,22.937,24001,550510.937,0.0,0.0,0.0,0.0,,0.0,0.0,0.0
2025-07-30,22.841,23.129,22.745,22.937,8400,192670.8,0.0,0.0,0.0,0.0,,0.0,0.0,0.0
2025-07-31,23.033,24.28,23.033,24.28,60255,1462991.4,0.0,0.0,0.0,0.0,,0.0,0.0,0.0
2025-08-01,24.28,26.68,24.28,26.392,120445,3178784.44,0.0,0.0,0.0,0.0,,0.0,0.0,0.0
2025-08-04,26.392,26.392,25.048,26.296,52700,1385799.2,0.0,0.0,0.0,0.0,,0.0,0.0,0.0
2025-08-05,25.912,27.16,25.816,26.68,75401,2011698.68,0.0,0.0,0.0,0.0,,0.0,0.0,0.0
2025-08-06,26.68,27.351,25.912,26.488,29204,773555.552,0.0,0.0,0.0,0.0,,0.0,0.0,0.0
2025-08-07,26.872,27.255,26.68,26.872,55802,1499511.344,0.0,0.0,0.0,0.0,,0.0,0.0,0.0
2025-08-08,26.776,26.776,25.72,26.488,54050,1431676.4,0.0,0.0,0.0,0.0,,0.0,0.0,0.0
2025-08-11,26.872,26.872,26.104,26.392,36656,967425.152,0.0,0.0,0.0,0.0,,0.0,0.0,0.0
2025-08-12,26.296,26.296,25.912,26.104,29600,772678.4,0.0,0.0,0.0,0.0,,0.0,0.0,0.0
2025-08-13,26.2,26.296,25.912,26.296,19156,503726.176,0.0,0.0,0.0,0.0,,0.0,0.0,0.0
2025-08-14,27.0,27.2,26.5,26.7,8516,227377.2,0.0,0.0,0.0,0.0,,0.0,0.0,0.0
2025-08-15,26.5,26.7,26.3,26.3,5500,144650.0,0.0,0.0,0.0,0.0,,0.0,0.0,0.0
2025-08-18,26.3,26.5,26.0,26.2,7901,207006.2,0.0,0.0,0.0,0.0,,0.0,0.0,0.0
2025-08-19,26.3,27.0,26.1,26.2,8624,225948.8,0.0,0.0,0.0,0.0,,0.0,0.0,0.0
2025-08-20,26.6,26.6,25.5,26.3,15100,397130.0,0.0,0.0,0.0,0.0,,0.0,0.0,0.0
2025-08-21,26.2,26.2,25.6,25.7,2756,70829.2,0.0,0.0,0.0,0.0,,0.0,0.0,0.0
2025-08-22,25.6,25.6,24.9,24.9,21107,525564.2999999999,0.0,0.0,0.0,0.0,,0.0,0.0,0.0
2025-08-25,24.6,25.0,24.6,24.7,22301,550834.7,0.0,0.0,0.0,0.0,,0.0,0.0,0.0
2025-08-26,26.6,26.6,26.0,26.0,201,5226.0,0.0,0.0,0.0,0.0,,0.0,0.0,0.0
2025-08-27,25.0,26.6,24.0,24.9,80601,2006964.9,0.0,0.0,0.0,0.0,,0.0,0.0,0.0
2025-08-28,24.6,24.6,24.4,24.4,13000,317200.0,0.0,0.0,0.0,0.0,,0.0,0.0,0.0
2025-08-29,25.0,25.9,25.0,25.0,20323,508075.0,0.0,0.0,0.0,0.0,,0.0,0.0,0.0
2025-09-03,25.0,25.0,24.9,25.0,11200,280000.0,0.0,0.0,0.0,0.0,,0.0,0.0,0.0
2025-09-04,24.5,25.8,24.5,25.0,7101,177525.0,0.0,0.0,0.0,0.0,,0.0,0.0,0.0
2025-09-05,25.5,25.5,25.0,25.0,10600,265000.0,0.0,0.0,0.0,0.0,,0.0,0.0,0.0
2025-09-08,24.7,24.8,24.1,24.6,5301,130404.6,0.0,0.0,0.0,0.0,,0.0,0.0,0.0
2025-09-09,24.1,24.3,24.0,24.3,3589,87212.7,0.0,0.0,0.0,0.0,,0.0,0.0,0.0
2025-09-10,24.1,24.1,24.1,24.1,5000,120500.0,0.0,0.0,0.0,0.0,,0.0,0.0,0.0
2025-09-11,24.1,24.1,24.1,24.1,13100,315710.0,0.0,0.0,0.0,0.0,,0.0,0.0,0.0
2025-09-12,24.2,24.2,24.1,24.1,4500,108450.0,0.0,0.0,0.0,0.0,,0.0,0.0,0.0
2025-09-15,24.2,25.1,24.1,25.1,8400,210840.0,0.0,0.0,0.0,0.0,,0.0,0.0,0.0
2025-09-16,24.9,25.0,24.6,24.9,5400,134460.0,0.0,0.0,0.0,0.0,,0.0,0.0,0.0
2025-09-17,24.5,24.5,24.2,24.2,10001,242024.2,0.0,0.0,0.0,0.0,,0.0,0.0,0.0
2025-09-18,24.3,25.0,24.2,24.2,13300,321860.0,0.0,0.0,0.0,0.0,,0.0,0.0,0.0
2025-09-19,25.0,25.0,24.8,24.8,1200,29760.0,0.0,0.0,0.0,0.0,,0.0,0.0,0.0
2025-09-22,24.9,24.9,24.4,24.8,4400,109120.0,0.0,0.0,0.0,0.0,,0.0,0.0,0.0
2025-09-23,24.5,24.5,24.2,24.3,2402,58368.6,0.0,0.0,0.0,0.0,,0.0,0.0,0.0
2025-09-24,24.2,24.3,24.2,24.3,6101,148254.30000000002,0.0,0.0,0.0,0.0,,0.0,0.0,0.0
2025-09-25,24.5,24.5,24.3,24.4,3700,90280.0,0.0,0.0,0.0,0.0,,0.0,0.0,0.0
2025-09-26,24.4,24.7,24.4,24.4,2500,61000.0,0.0,0.0,0.0,0.0,,0.0,0.0,0.0
2025-09-29,24.5,24.7,24.5,24.6,4400,108240.0,0.0,0.0,0.0,0.0,,0.0,0.0,0.0
2025-09-30,24.5,24.5,24.2,24.2,9700,234740.0,0.0,0.0,0.0,0.0,,0.0,0.0,0.0
2025-10-01,24.1,24.1,24.1,24.1,101,2434.1000000000004,0.0,0.0,0.0,0.0,,0.0,0.0,0.0
2025-10-02,24.2,24.3,24.2,24.2,6503,157372.6,0.0,0.0,0.0,0.0,,0.0,0.0,0.0
2025-10-03,24.3,24.9,24.1,24.2,22100,534820.0,0.0,0.0,0.0,0.0,,0.0,0.0,0.0
2025-10-06,24.9,25.0,24.2,24.2,5000,121000.0,0.0,0.0,0.0,0.0,,0.0,0.0,0.0
2025-10-07,24.3,24.3,23.4,24.0,3600,86400.0,0.0,0.0,0.0,0.0,,0.0,0.0,0.0
2025-10-08,24.2,24.2,24.0,24.0,7900,189600.0,0.0,0.0,0.0,0.0,,0.0,0.0,0.0
2025-10-09,24.1,24.1,24.1,24.1,4500,108450.0,0.0,0.0,0.0,0.0,0.0,0.0,0.0,0.0
2025-10-10,24.2,24.2,24.2,24.2,500,12100.0,0.0,0.0,0.0,0.0,0.0,0.0,0.0,0.0
2025-10-13,24.1,24.2,24.0,24.2,9800,237160.0,0.0,0.0,0.0,0.0,0.0,0.0,0.0,0.0
2025-10-14,23.8,23.8,23.7,23.7,34900,827130.0,0.0,0.0,0.0,0.0,0.0,0.0,0.0,0.0
2025-10-15,24.0,24.0,24.0,24.0,1200,28800.0,0.0,0.0,0.0,0.0,0.0,0.0,0.0,0.0
2025-10-16,23.3,23.4,23.2,23.4,20500,479700.0,0.0,0.0,0.0,0.0,0.0,0.0,0.0,0.0
2025-10-17,23.4,23.4,23.4,23.4,2400,56160.0,0.0,0.0,0.0,0.0,0.0,0.0,0.0,0.0
2025-10-20,23.4,23.4,22.0,22.3,25200,561960.0,0.0,0.0,0.0,0.0,0.0,0.0,0.0,0.0
2025-10-21,22.8,22.8,22.3,22.3,2000,44600.0,0.0,0.0,0.0,0.0,0.0,0.0,0.0,0.0
2025-10-22,22.7,22.7,22.7,22.7,100,2270.0,0.0,0.0,0.0,0.0,0.0,0.0,0.0,0.0
2025-10-23,22.7,22.7,22.7,22.7,500,11350.0,0.0,0.0,0.0,0.0,0.0,0.0,0.0,0.0
2025-10-24,,0.0,0.0,0.0,0,0.0,0.0,0.0,0.0,0.0,0.0,0.0,0.0,0.0
2025-10-27,22.8,22.8,22.8,22.8,100,2280.0,0.0,0.0,0.0,0.0,0.0,0.0,0.0,0.0
2025-10-28,23.7,23.8,23.1,23.5,2800,65800.0,0.0,0.0,0.0,0.0,0.0,0.0,0.0,0.0
2025-10-29,23.6,23.6,23.1,23.6,5000,118000.0,0.0,0.0,0.0,0.0,0.0,0.0,0.0,0.0
2025-10-30,24.5,24.5,23.5,24.0,10100,242400.0,0.0,0.0,0.0,0.0,0.0,0.0,0.0,0.0
2025-10-31,24.2,24.8,24.2,24.7,15700,387790.0,0.0,0.0,0.0,0.0,0.0,0.0,0.0,0.0
2025-11-03,24.5,25.1,24.5,25.0,24000,600000.0,0.0,0.0,0.0,0.0,0.0,0.0,0.0,0.0
2025-11-04,24.6,25.0,23.8,25.0,28000,700000.0,0.0,0.0,0.0,0.0,0.0,0.0,0.0,0.0
2025-11-05,25.0,25.5,25.0,25.2,32300,813960.0,0.0,0.0,0.0,0.0,0.0,0.0,0.0,0.0
2025-11-06,25.9,25.9,25.2,25.2,600,15120.0,0.0,0.0,0.0,0.0,0.0,0.0,0.0,0.0
2025-11-07,23.5,24.0,23.5,23.8,9000,214200.0,0.0,0.0,0.0,0.0,0.0,0.0,0.0,0.0
2025-11-10,23.9,24.5,23.9,24.5,1200,29400.0,0.0,0.0,0.0,0.0,0.0,0.0,0.0,0.0
2025-11-11,,0.0,0.0,0.0,0,0.0,0.0,0.0,0.0,0.0,0.0,0.0,0.0,0.0
2025-11-12,24.5,24.5,24.5,24.5,900,22050.0,0.0,0.0,0.0,0.0,0.0,0.0,0.0,0.0
2025-11-14,24.5,24.5,24.3,24.5,2900,71050.0,0.0,0.0,0.0,0.0,0.0,0.0,0.0,0.0
2025-11-17,24.5,24.5,24.5,24.5,2000,49000.0,0.0,0.0,0.0,0.0,0.0,0.0,0.0,0.0
2025-11-18,24.5,24.5,24.0,24.0,4000,96000.0,0.0,0.0,0.0,0.0,0.0,0.0,0.0,0.0
2025-11-19,24.1,24.1,24.1,24.1,400,9640.0,0.0,0.0,0.0,0.0,0.0,0.0,0.0,0.0
2025-11-20,24.5,24.5,24.5,24.5,1000,24500.0,0.0,0.0,0.0,0.0,0.0,0.0,0.0,0.0
2025-11-25,23.8,23.8,23.8,23.8,300,7140.0,0.0,0.0,0.0,0.0,0.0,0.0,0.0,0.0
2025-11-26,23.8,23.8,23.0,23.0,27700,637100.0,0.0,0.0,0.0,0.0,0.0,0.0,0.0,0.0
2025-11-27,22.7,23.9,22.1,23.9,2700,64529.99999999999,0.0,0.0,0.0,0.0,0.0,0.0,0.0,0.0
2025-11-28,23.9,23.9,23.1,23.5,4500,105750.0,0.0,0.0,0.0,0.0,0.0,0.0,0.0,0.0
2025-12-01,23.5,23.9,23.5,23.9,3200,76480.0,0.0,0.0,0.0,0.0,0.0,0.0,0.0,0.0
2025-12-02,23.8,24.4,23.7,24.3,12400,301320.0,0.0,0.0,0.0,0.0,0.0,0.0,0.0,0.0
2025-12-03,23.9,24.0,23.8,23.8,2900,69020.0,0.0,0.0,0.0,0.0,0.0,0.0,0.0,0.0
2025-12-04,24.0,24.5,24.0,24.1,4500,108450.0,0.0,0.0,0.0,0.0,0.0,0.0,0.0,0.0
2025-12-05,,0.0,0.0,0.0,0,0.0,0.0,0.0,0.0,0.0,0.0,0.0,0.0,0.0
2025-12-08,24.0,24.0,23.9,23.9,2100,50190.0,0.0,0.0,0.0,0.0,0.0,0.0,0.0,0.0
2025-12-10,23.3,23.3,23.1,23.2,600,13920.0,0.0,0.0,0.0,0.0,0.0,0.0,0.0,0.0
2025-12-11,23.1,23.2,23.1,23.2,3500,81200.0,0.0,0.0,0.0,0.0,0.0,0.0,0.0,0.0
2025-12-12,23.1,23.6,23.0,23.6,2000,47200.0,0.0,0.0,0.0,0.0,0.0,0.0,0.0,0.0
2025-12-15,23.1,23.1,23.1,23.1,4800,110880.0,0.0,0.0,0.0,0.0,0.0,0.0,0.0,0.0
2025-12-23,23.0,23.0,23.0,23.0,500,11500.0,0.0,0.0,0.0,0.0,0.0,0.0,0.0,0.0
2025-12-24,23.0,23.5,23.0,23.4,4200,98280.0,0.0,0.0,0.0,0.0,0.0,0.0,0.0,0.0
2025-12-25,,0.0,0.0,0.0,0,0.0,0.0,0.0,0.0,0.0,0.0,0.0,0.0,0.0
2025-12-26,23.0,23.0,23.0,23.0,2700,62100.0,0.0,0.0,0.0,0.0,0.0,0.0,0.0,0.0
2025-12-29,23.4,23.4,22.8,22.8,8200,186960.0,0.0,0.0,0.0,0.0,0.0,0.0,0.0,0.0
2025-12-30,22.7,23.0,22.5,23.0,5900,135700.0,0.0,0.0,0.0,0.0,0.0,0.0,0.0,0.0
2025-12-31,23.0,23.1,23.0,23.1,4100,94710.0,0.0,0.0,0.0,0.0,0.0,0.0,0.0,0.0
2026-01-05,23.0,23.0,22.9,23.0,5300,121900.0,0.0,0.0,0.0,0.0,0.0,0.0,0.0,0.0
2026-01-06,22.6,23.0,22.5,23.0,11300,259900.0,0.0,0.0,0.0,0.0,0.0,0.0,0.0,0.0
2026-01-07,23.0,23.4,22.5,23.1,5600,129360.0,0.0,0.0,0.0,0.0,0.0,0.0,0.0,0.0
2026-01-08,22.5,23.1,22.5,23.0,6900,158700.0,0.0,0.0,0.0,0.0,0.0,0.0,0.0,0.0
2026-01-09,23.1,23.2,22.8,23.2,5900,136880.0,0.0,0.0,0.0,0.0,0.0,0.0,0.0,0.0
2026-01-12,23.1,23.2,23.1,23.2,3500,81200.0,0.0,0.0,0.0,0.0,0.0,0.0,0.0,0.0
2026-01-13,23.0,23.1,23.0,23.0,4500,103500.0,0.0,0.0,0.0,0.0,0.0,0.0,0.0,0.0
2026-01-14,23.1,23.8,22.9,23.5,25300,594550.0,0.0,0.0,0.0,0.0,0.0,0.0,0.0,0.0
2026-01-15,23.5,23.5,23.5,23.5,800,18800.0,0.0,0.0,0.0,0.0,0.0,0.0,0.0,0.0
2026-01-16,23.4,25.5,23.4,24.5,51700,1266650.0,0.0,0.0,0.0,0.0,0.0,0.0,0.0,0.0
2026-01-19,24.7,25.4,24.7,24.7,25300,624910.0,0.0,0.0,0.0,0.0,0.0,0.0,0.0,0.0
2026-01-20,25.0,25.0,24.2,24.2,10300,249260.0,0.0,0.0,0.0,0.0,0.0,0.0,0.0,0.0
2026-01-21,24.2,24.2,24.1,24.2,8300,200860.0,0.0,0.0,0.0,0.0,0.0,0.0,0.0,0.0
2026-01-22,24.2,24.5,24.2,24.2,12700,307340.0,0.0,0.0,0.0,0.0,0.0,0.0,0.0,0.0
2026-01-23,24.1,24.1,23.8,23.8,9600,228480.0,0.0,0.0,0.0,0.0,0.0,0.0,0.0,0.0
2026-01-26,24.0,24.2,23.9,24.0,24000,576000.0,0.0,0.0,0.0,0.0,0.0,0.0,0.0,0.0
2026-01-27,23.1,24.0,23.0,24.0,7600,182400.0,0.0,0.0,0.0,0.0,0.0,0.0,0.0,0.0
2026-01-28,24.4,24.4,24.2,24.3,2700,65610.0,0.0,0.0,0.0,0.0,0.0,0.0,0.0,0.0
2026-01-29,23.1,24.0,23.0,24.0,7500,180000.0,0.0,0.0,0.0,0.0,0.0,0.0,0.0,0.0
2026-01-30,24.2,24.2,23.5,24.0,13900,333600.0,0.0,0.0,0.0,0.0,0.0,0.0,0.0,0.0
2026-02-02,23.2,23.3,23.0,23.3,26900,626770.0,0.0,0.0,0.0,0.0,0.0,0.0,0.0,0.0
2026-02-03,23.2,24.0,23.0,23.3,24700,575510.0,0.0,0.0,0.0,0.0,0.0,0.0,0.0,0.0
2026-02-04,23.3,23.3,23.0,23.0,5400,124200.0,0.0,0.0,0.0,0.0,0.0,0.0,0.0,0.0
2026-02-05,23.0,23.2,23.0,23.1,13000,300300.0,0.0,0.0,0.0,0.0,0.0,0.0,0.0,0.0
2026-02-06,23.1,23.1,23.0,23.0,4200,96600.0,0.0,0.0,0.0,0.0,0.0,0.0,0.0,0.0
2026-02-09,23.1,23.1,23.0,23.0,7800,179400.0,0.0,0.0,0.0,0.0,0.0,0.0,0.0,0.0
2026-02-10,23.0,23.0,22.8,22.8,9200,209760.0,0.0,0.0,0.0,0.0,0.0,0.0,0.0,0.0
2026-02-11,22.8,22.8,22.8,22.8,7000,159600.0,0.0,0.0,0.0,0.0,0.0,0.0,0.0,0.0
2026-02-12,22.8,23.0,22.8,23.0,2000,46000.0,0.0,0.0,0.0,0.0,0.0,0.0,0.0,0.0
2026-02-13,22.7,23.0,22.7,22.7,2300,52210.0,0.0,0.0,0.0,0.0,0.0,0.0,0.0,0.0
2026-02-23,22.7,22.8,22.7,22.8,28700,654360.0,0.0,0.0,0.0,0.0,0.0,0.0,0.0,0.0
2026-02-24,22.9,23.0,22.9,23.0,4700,108100.0,0.0,0.0,0.0,0.0,0.0,0.0,0.0,0.0
2026-02-25,23.0,23.0,22.5,22.5,3200,72000.0,0.0,0.0,0.0,0.0,0.0,0.0,0.0,0.0
2026-02-26,22.7,22.7,22.7,22.7,5100,115770.0,0.0,0.0,0.0,0.0,0.0,0.0,0.0,0.0
2026-02-27,22.7,22.8,22.5,22.6,16800,379680.0,0.0,0.0,0.0,0.0,0.0,0.0,0.0,0.0
2026-03-02,22.5,22.5,22.1,22.5,17500,393750.0,0.0,0.0,0.0,0.0,0.0,0.0,0.0,0.0
2026-03-03,22.5,22.5,22.0,22.0,10100,222200.0,0.0,0.0,0.0,0.0,0.0,0.0,0.0,0.0
2026-03-04,22.2,22.2,22.0,22.0,8800,193600.0,0.0,0.0,0.0,0.0,0.0,0.0,0.0,0.0
2026-03-05,22.1,22.1,22.1,22.1,2100,46410.0,0.0,0.0,0.0,0.0,0.0,0.0,0.0,0.0
2026-03-06,22.1,22.1,22.1,22.1,600,13260.0,0.0,0.0,0.0,0.0,0.0,0.0,0.0,0.0
2026-03-09,22.1,22.1,20.0,21.9,7000,153300.0,0.0,0.0,0.0,0.0,0.0,0.0,0.0,0.0
2026-03-10,21.4,21.4,21.4,21.4,3200,68480.0,0.0,0.0,0.0,0.0,0.0,0.0,0.0,0.0
2026-03-11,21.4,23.5,21.4,21.5,8400,180600.0,0.0,0.0,0.0,0.0,0.0,0.0,0.0,0.0
2026-03-12,21.6,23.1,21.6,23.1,600,13860.0,0.0,0.0,0.0,0.0,0.0,0.0,0.0,0.0
2026-03-13,22.6,22.6,22.4,22.4,2100,47040.0,0.0,0.0,0.0,0.0,0.0,0.0,0.0,0.0
2026-03-16,22.5,22.5,22.0,22.0,2000,44000.0,0.0,0.0,0.0,0.0,0.0,0.0,0.0,0.0
2026-03-17,,0.0,0.0,0.0,0,0.0,0.0,0.0,0.0,0.0,0.0,0.0,0.0,0.0
2026-03-18,22.3,22.3,22.3,22.3,2900,64670.0,0.0,0.0,0.0,0.0,0.0,0.0,0.0,0.0
2026-03-19,22.0,22.0,21.2,21.2,5800,122960.0,0.0,0.0,0.0,0.0,0.0,0.0,0.0,0.0
2026-03-20,,0.0,0.0,0.0,0,0.0,0.0,0.0,0.0,0.0,0.0,0.0,0.0,0.0
2026-03-23,21.6,21.6,21.6,21.6,1400,30240.000000000004,0.0,0.0,0.0,0.0,0.0,0.0,0.0,0.0
2026-03-24,22.0,22.0,22.0,22.0,100,2200.0,0.0,0.0,0.0,0.0,0.0,0.0,0.0,0.0
2026-03-25,22.0,22.0,22.0,22.0,400,8800.0,0.0,0.0,0.0,0.0,0.0,0.0,0.0,0.0
2026-03-26,,0.0,0.0,0.0,0,0.0,0.0,0.0,0.0,0.0,0.0,0.0,0.0,0.0
2026-03-27,22.0,22.0,21.0,21.0,3200,67200.0,0.0,0.0,0.0,0.0,0.0,0.0,0.0,0.0
2026-03-30,22.0,22.0,21.0,21.9,8000,175200.0,0.0,0.0,0.0,0.0,0.0,0.0,0.0,0.0
2026-03-31,21.7,21.7,21.5,21.7,4400,95480.0,0.0,0.0,0.0,0.0,0.0,0.0,0.0,0.0
2026-04-01,21.6,21.6,21.6,21.6,1000,21600.0,0.0,0.0,0.0,0.0,0.0,0.0,0.0,0.0
2026-04-02,21.6,21.6,21.6,21.6,800,17280.0,0.0,0.0,0.0,0.0,0.0,0.0,0.0,0.0
2026-04-03,21.0,21.6,21.0,21.3,1500,31950.0,0.0,0.0,0.0,0.0,0.0,0.0,0.0,0.0
2026-04-06,21.2,21.2,21.2,21.2,1000,21200.0,0.0,0.0,0.0,0.0,0.0,0.0,0.0,0.0
2026-04-07,21.2,21.2,21.2,21.2,2700,57240.0,0.0,0.0,0.0,0.0,0.0,0.0,0.0,0.0
2026-04-08,21.2,21.3,21.2,21.3,3300,70290.0,0.0,0.0,0.0,0.0,0.0,0.0,0.0,0.0
2026-04-10,23.5,23.5,21.3,21.3,2400,51120.0,0.0,0.0,0.0,0.0,0.0,0.0,0.0,0.0
2026-04-13,21.6,21.6,18.5,20.7,30500,631350.0,0.0,0.0,0.0,0.0,0.0,0.0,0.0,0.0
2026-04-14,21.6,21.6,21.5,21.6,3200,69120.0,0.0,0.0,0.0,0.0,0.0,0.0,0.0,0.0
2026-04-15,21.6,23.3,21.0,21.0,8200,172200.0,0.0,0.0,0.0,0.0,0.0,0.0,0.0,0.0
2026-04-16,21.5,21.7,21.4,21.4,1100,23540.0,0.0,0.0,0.0,0.0,0.0,0.0,0.0,0.0
2026-04-17,21.0,21.2,19.2,21.2,11700,248040.0,0.0,0.0,0.0,0.0,0.0,0.0,0.0,0.0
2026-04-20,18.8,21.0,16.8,21.0,22800,478800.0,0,0,0.0,0.0,0.00,,,
