time,open,high,low,close,volume,value,foreign_buy_vol,foreign_sell_vol,foreign_buy_val,foreign_sell_val,foreign_room,foreign_ownership_pct,foreign_buy_value_bn,foreign_sell_value_bn
2009-12-23,0.0,0.0,0.0,0.0,0,0.0,,,,,,,,
2010-01-05,0.0,0.0,0.0,0.0,0,0.0,,,,,,,,
2010-01-11,0.0,0.0,0.0,0.0,0,0.0,,,,,,,,
2010-01-13,0.0,0.0,0.0,0.0,0,0.0,,,,,,,,
2010-01-14,0.0,0.0,0.0,0.0,0,0.0,,,,,,,,
2010-01-26,0.0,0.0,0.0,0.0,0,0.0,,,,,,,,
2010-01-27,0.0,0.0,0.0,0.0,0,0.0,,,,,,,,
2010-02-05,0.0,0.0,0.0,0.0,0,0.0,,,,,,,,
2010-03-01,0.0,0.0,0.0,0.0,0,0.0,,,,,,,,
2010-03-02,0.0,0.0,0.0,0.0,0,0.0,,,,,,,,
2010-03-03,0.0,0.0,0.0,0.0,0,0.0,,,,,,,,
2010-03-04,0.0,0.0,0.0,0.0,0,0.0,,,,,,,,
2010-03-05,0.0,0.0,0.0,0.0,0,0.0,,,,,,,,
2010-03-08,0.0,0.0,0.0,0.0,0,0.0,,,,,,,,
2010-03-09,0.0,0.0,0.0,0.0,0,0.0,,,,,,,,
2010-03-10,0.0,0.0,0.0,0.0,0,0.0,,,,,,,,
2010-03-11,0.0,0.0,0.0,0.0,0,0.0,,,,,,,,
2010-03-12,0.0,0.0,0.0,0.0,0,0.0,,,,,,,,
2010-03-15,0.0,0.0,0.0,0.0,0,0.0,,,,,,,,
2010-03-16,0.0,0.0,0.0,0.0,0,0.0,,,,,,,,
2010-03-17,0.0,0.0,0.0,0.0,0,0.0,,,,,,,,
2010-03-18,0.0,0.0,0.0,0.0,0,0.0,,,,,,,,
2010-03-19,0.0,0.0,0.0,0.0,0,0.0,,,,,,,,
2010-03-22,0.0,0.0,0.0,0.0,0,0.0,,,,,,,,
2010-03-23,0.0,0.0,0.0,0.0,0,0.0,,,,,,,,
2010-03-24,0.0,0.0,0.0,0.0,0,0.0,,,,,,,,
2010-03-26,0.0,0.0,0.0,0.0,0,0.0,,,,,,,,
2010-03-29,0.0,0.0,0.0,0.0,0,0.0,,,,,,,,
2010-03-30,0.0,0.0,0.0,0.0,0,0.0,,,,,,,,
2010-03-31,0.0,0.0,0.0,0.0,0,0.0,,,,,,,,
2010-04-01,0.0,0.0,0.0,0.0,0,0.0,,,,,,,,
2010-04-02,0.0,0.0,0.0,0.0,0,0.0,,,,,,,,
2010-04-05,0.0,0.0,0.0,0.0,0,0.0,,,,,,,,
2010-04-06,0.0,0.0,0.0,0.0,0,0.0,,,,,,,,
2010-04-07,0.0,0.0,0.0,0.0,0,0.0,,,,,,,,
2010-04-08,0.0,0.0,0.0,0.0,0,0.0,,,,,,,,
2010-04-09,0.0,0.0,0.0,0.0,0,0.0,,,,,,,,
2010-04-12,0.0,0.0,0.0,0.0,0,0.0,,,,,,,,
2010-04-13,0.0,0.0,0.0,0.0,0,0.0,,,,,,,,
2010-04-14,0.0,0.0,0.0,0.0,0,0.0,,,,,,,,
2010-04-15,0.0,0.0,0.0,0.0,0,0.0,,,,,,,,
2010-04-16,0.0,0.0,0.0,0.0,0,0.0,,,,,,,,
2010-04-19,0.0,0.0,0.0,0.0,0,0.0,,,,,,,,
2010-04-20,0.0,0.0,0.0,0.0,0,0.0,,,,,,,,
2010-04-21,0.0,0.0,0.0,0.0,0,0.0,,,,,,,,
2010-04-22,0.0,0.0,0.0,0.0,0,0.0,,,,,,,,
2010-04-26,0.0,0.0,0.0,0.0,0,0.0,,,,,,,,
2010-04-27,0.0,0.0,0.0,0.0,0,0.0,,,,,,,,
2010-04-28,0.0,0.0,0.0,0.0,0,0.0,,,,,,,,
2010-04-29,0.0,0.0,0.0,0.0,0,0.0,,,,,,,,
2010-05-04,0.0,0.0,0.0,0.0,0,0.0,,,,,,,,
2010-05-05,0.0,0.0,0.0,0.0,0,0.0,,,,,,,,
2010-05-06,0.0,0.0,0.0,0.0,0,0.0,,,,,,,,
2010-05-07,0.0,0.0,0.0,0.0,0,0.0,,,,,,,,
2010-05-10,0.0,0.0,0.0,0.0,0,0.0,,,,,,,,
2010-05-11,0.0,0.0,0.0,0.0,0,0.0,,,,,,,,
2010-05-12,0.0,0.0,0.0,0.0,0,0.0,,,,,,,,
2010-05-13,0.0,0.0,0.0,0.0,0,0.0,,,,,,,,
2010-05-14,0.0,0.0,0.0,0.0,0,0.0,,,,,,,,
2010-05-17,0.0,0.0,0.0,0.0,0,0.0,,,,,,,,
2010-05-18,0.0,0.0,0.0,0.0,0,0.0,,,,,,,,
2010-05-19,0.0,0.0,0.0,0.0,0,0.0,,,,,,,,
2010-05-20,0.0,0.0,0.0,0.0,0,0.0,,,,,,,,
2010-05-21,0.0,0.0,0.0,0.0,0,0.0,,,,,,,,
2010-05-25,0.0,0.0,0.0,0.0,0,0.0,,,,,,,,
2010-05-26,0.0,0.0,0.0,0.0,0,0.0,,,,,,,,
2010-05-27,0.0,0.0,0.0,0.0,0,0.0,,,,,,,,
2010-05-28,0.0,0.0,0.0,0.0,0,0.0,,,,,,,,
2010-05-31,0.0,0.0,0.0,0.0,0,0.0,,,,,,,,
2010-06-01,0.0,0.0,0.0,0.0,0,0.0,,,,,,,,
2010-06-02,0.0,0.0,0.0,0.0,0,0.0,,,,,,,,
2010-06-03,0.0,0.0,0.0,0.0,0,0.0,,,,,,,,
2010-06-07,0.0,0.0,0.0,0.0,0,0.0,,,,,,,,
2010-06-08,0.0,0.0,0.0,0.0,0,0.0,,,,,,,,
2010-06-10,0.0,0.0,0.0,0.0,0,0.0,,,,,,,,
2010-06-14,0.0,0.0,0.0,0.0,0,0.0,,,,,,,,
2010-06-15,0.0,0.0,0.0,0.0,0,0.0,,,,,,,,
2010-06-16,0.0,0.0,0.0,0.0,0,0.0,,,,,,,,
2010-06-17,0.0,0.0,0.0,0.0,0,0.0,,,,,,,,
2010-06-18,0.0,0.0,0.0,0.0,0,0.0,,,,,,,,
2010-06-21,0.0,0.0,0.0,0.0,0,0.0,,,,,,,,
2010-06-22,0.0,0.0,0.0,0.0,0,0.0,,,,,,,,
2010-06-24,0.0,0.0,0.0,0.0,0,0.0,,,,,,,,
2010-06-25,0.0,0.0,0.0,0.0,0,0.0,,,,,,,,
2010-06-28,0.0,0.0,0.0,0.0,0,0.0,,,,,,,,
2010-06-29,0.0,0.0,0.0,0.0,0,0.0,,,,,,,,
2010-06-30,0.0,0.0,0.0,0.0,0,0.0,,,,,,,,
2010-07-01,0.0,0.0,0.0,0.0,0,0.0,,,,,,,,
2010-07-02,0.0,0.0,0.0,0.0,0,0.0,,,,,,,,
2010-07-05,0.0,0.0,0.0,0.0,0,0.0,,,,,,,,
2010-07-06,0.0,0.0,0.0,0.0,0,0.0,,,,,,,,
2010-07-07,0.0,0.0,0.0,0.0,0,0.0,,,,,,,,
2010-07-08,0.0,0.0,0.0,0.0,0,0.0,,,,,,,,
2010-07-09,0.0,0.0,0.0,0.0,0,0.0,,,,,,,,
2010-07-12,0.0,0.0,0.0,0.0,0,0.0,,,,,,,,
2010-07-13,0.0,0.0,0.0,0.0,0,0.0,,,,,,,,
2010-07-14,0.0,0.0,0.0,0.0,0,0.0,,,,,,,,
2010-07-15,0.0,0.0,0.0,0.0,0,0.0,,,,,,,,
2010-07-19,0.0,0.0,0.0,0.0,0,0.0,,,,,,,,
2010-07-20,5.86,5.86,5.86,5.86,300,1758.0,,,,,,,,
2010-07-21,5.86,5.86,5.86,5.86,0,0.0,,,,,,,,
2010-07-22,5.86,5.86,5.86,5.86,0,0.0,,,,,,,,
2010-07-23,5.86,5.86,5.86,5.86,0,0.0,,,,,,,,
2010-07-26,5.86,5.86,5.86,5.86,0,0.0,,,,,,,,
2010-07-27,5.86,5.86,5.86,5.86,0,0.0,,,,,,,,
2010-07-28,5.86,5.86,5.86,5.86,0,0.0,,,,,,,,
2010-07-29,5.86,5.86,5.86,5.86,0,0.0,,,,,,,,
2010-07-30,5.86,0.0,0.0,0.0,0,0.0,,,,,,,,
2010-08-02,5.86,5.86,5.86,5.86,0,0.0,,,,,,,,
2010-08-04,5.86,5.86,5.86,5.86,0,0.0,,,,,,,,
2010-08-05,5.86,0.0,0.0,0.0,0,0.0,,,,,,,,
2010-08-06,5.86,5.86,5.86,5.86,0,0.0,,,,,,,,
2010-08-09,5.86,5.86,5.86,5.86,0,0.0,,,,,,,,
2010-08-10,5.86,5.86,5.86,5.86,0,0.0,,,,,,,,
2010-08-11,5.86,5.86,5.86,5.86,0,0.0,,,,,,,,
2010-08-12,5.86,5.86,5.86,5.86,0,0.0,,,,,,,,
2010-08-13,5.86,5.86,5.86,5.86,0,0.0,,,,,,,,
2010-08-16,5.86,5.86,5.86,5.86,0,0.0,,,,,,,,
2010-08-17,5.86,5.86,5.86,5.86,0,0.0,,,,,,,,
2010-08-18,5.86,5.86,5.86,5.86,0,0.0,,,,,,,,
2010-08-19,5.86,5.86,5.86,5.86,0,0.0,,,,,,,,
2010-08-20,5.86,5.86,5.86,5.86,0,0.0,,,,,,,,
2010-08-23,5.86,5.86,5.86,5.86,0,0.0,,,,,,,,
2010-08-25,5.86,5.86,5.86,5.86,0,0.0,,,,,,,,
2010-08-26,5.86,5.86,5.86,5.86,0,0.0,,,,,,,,
2010-08-27,5.86,5.86,5.86,5.86,0,0.0,,,,,,,,
2010-08-30,5.86,5.86,5.86,5.86,0,0.0,,,,,,,,
2010-08-31,5.86,5.86,5.86,5.86,0,0.0,,,,,,,,
2010-09-01,5.86,5.86,5.86,5.86,0,0.0,,,,,,,,
2010-09-06,5.86,5.86,5.86,5.86,0,0.0,,,,,,,,
2010-09-07,5.86,5.86,5.86,5.86,0,0.0,,,,,,,,
2010-09-08,5.86,5.86,5.86,5.86,0,0.0,,,,,,,,
2010-09-09,5.86,5.86,5.86,5.86,0,0.0,,,,,,,,
2010-09-10,5.86,5.86,5.86,5.86,0,0.0,,,,,,,,
2010-09-13,5.86,5.86,5.86,5.86,0,0.0,,,,,,,,
2010-09-14,5.86,5.86,5.86,5.86,0,0.0,,,,,,,,
2010-09-15,5.86,5.86,5.86,5.86,0,0.0,,,,,,,,
2010-09-16,5.86,5.86,5.86,5.86,0,0.0,,,,,,,,
2010-09-17,5.86,5.86,5.86,5.86,0,0.0,,,,,,,,
2010-09-20,5.86,5.86,5.86,5.86,0,0.0,,,,,,,,
2010-09-21,5.86,5.86,5.86,5.86,0,0.0,,,,,,,,
2010-09-22,5.86,5.86,5.86,5.86,0,0.0,,,,,,,,
2010-09-23,5.86,5.86,5.86,5.86,0,0.0,,,,,,,,
2010-09-24,5.86,5.86,5.86,5.86,0,0.0,,,,,,,,
2010-09-27,5.86,5.86,5.86,5.86,0,0.0,,,,,,,,
2010-09-28,5.86,5.86,5.86,5.86,0,0.0,,,,,,,,
2010-09-29,5.86,5.86,5.86,5.86,0,0.0,,,,,,,,
2010-09-30,5.86,5.86,5.86,5.86,0,0.0,,,,,,,,
2010-10-01,5.86,5.86,5.86,5.86,0,0.0,,,,,,,,
2010-10-04,5.86,5.86,5.86,5.86,0,0.0,,,,,,,,
2010-10-05,5.86,5.86,5.86,5.86,0,0.0,,,,,,,,
2010-10-06,5.86,5.86,5.86,5.86,0,0.0,,,,,,,,
2010-10-07,5.86,5.86,5.86,5.86,0,0.0,,,,,,,,
2010-10-08,5.86,5.86,5.86,5.86,0,0.0,,,,,,,,
2010-10-11,5.86,5.86,5.86,5.86,0,0.0,,,,,,,,
2010-10-12,5.86,5.86,5.86,5.86,0,0.0,,,,,,,,
2010-10-13,5.86,5.86,5.86,5.86,0,0.0,,,,,,,,
2010-10-14,5.86,5.86,5.86,5.86,0,0.0,,,,,,,,
2010-10-15,5.86,5.86,5.86,5.86,0,0.0,,,,,,,,
2010-10-18,5.86,5.86,5.86,5.86,0,0.0,,,,,,,,
2010-10-19,5.86,5.86,5.86,5.86,0,0.0,,,,,,,,
2010-10-20,5.86,5.86,5.86,5.86,0,0.0,,,,,,,,
2010-10-21,5.86,5.86,5.86,5.86,0,0.0,,,,,,,,
2010-10-22,5.86,5.86,5.86,5.86,0,0.0,,,,,,,,
2010-10-25,5.86,5.86,5.86,5.86,0,0.0,,,,,,,,
2010-10-26,5.86,5.86,5.86,5.86,0,0.0,,,,,,,,
2010-10-27,5.86,5.86,5.86,5.86,0,0.0,,,,,,,,
2010-10-28,5.86,5.86,5.86,5.86,0,0.0,,,,,,,,
2010-10-29,5.86,5.86,5.86,5.86,0,0.0,,,,,,,,
2010-11-01,5.86,5.86,5.86,5.86,0,0.0,,,,,,,,
2010-11-02,5.86,5.86,5.86,5.86,0,0.0,,,,,,,,
2010-11-03,5.86,5.86,5.86,5.86,0,0.0,,,,,,,,
2010-11-04,5.86,5.86,5.86,5.86,0,0.0,,,,,,,,
2010-11-05,5.86,5.86,5.86,5.86,0,0.0,,,,,,,,
2010-11-08,5.86,5.86,5.86,5.86,0,0.0,,,,,,,,
2010-11-09,5.86,5.86,5.86,5.86,0,0.0,,,,,,,,
2010-11-10,5.86,5.86,5.86,5.86,0,0.0,,,,,,,,
2010-11-11,5.86,5.86,5.86,5.86,0,0.0,,,,,,,,
2010-11-12,5.86,5.86,5.86,5.86,0,0.0,,,,,,,,
2010-11-15,5.86,5.86,5.86,5.86,0,0.0,,,,,,,,
2010-11-16,5.86,5.86,5.86,5.86,0,0.0,,,,,,,,
2010-11-17,5.86,5.86,5.86,5.86,0,0.0,,,,,,,,
2010-11-18,5.86,5.86,5.86,5.86,0,0.0,,,,,,,,
2010-11-19,5.86,5.86,5.86,5.86,0,0.0,,,,,,,,
2010-11-22,5.86,5.86,5.86,5.86,0,0.0,,,,,,,,
2010-11-23,5.86,5.86,5.86,5.86,0,0.0,,,,,,,,
2010-11-24,5.86,5.86,5.86,5.86,0,0.0,,,,,,,,
2010-11-25,5.86,5.86,5.86,5.86,0,0.0,,,,,,,,
2010-11-26,5.86,5.86,5.86,5.86,0,0.0,,,,,,,,
2010-11-29,5.86,5.86,5.86,5.86,0,0.0,,,,,,,,
2010-11-30,5.86,5.86,5.86,5.86,0,0.0,,,,,,,,
2010-12-01,5.86,5.86,5.86,5.86,0,0.0,,,,,,,,
2010-12-02,5.86,5.86,5.86,5.86,0,0.0,,,,,,,,
2010-12-03,5.86,5.86,5.86,5.86,0,0.0,,,,,,,,
2010-12-06,5.86,5.86,5.86,5.86,0,0.0,,,,,,,,
2010-12-07,5.86,5.86,5.86,5.86,0,0.0,,,,,,,,
2010-12-08,5.86,5.86,5.86,5.86,0,0.0,,,,,,,,
2010-12-09,5.86,5.86,5.86,5.86,0,0.0,,,,,,,,
2010-12-10,5.86,5.86,5.86,5.86,0,0.0,,,,,,,,
2010-12-13,5.86,5.86,5.86,5.86,0,0.0,,,,,,,,
2010-12-14,5.86,5.86,5.86,5.86,0,0.0,,,,,,,,
2010-12-15,5.86,5.86,5.86,5.86,0,0.0,,,,,,,,
2010-12-16,5.86,5.86,5.86,5.86,0,0.0,,,,,,,,
2010-12-17,5.86,5.86,5.86,5.86,0,0.0,,,,,,,,
2010-12-20,5.86,5.86,5.86,5.86,0,0.0,,,,,,,,
2010-12-21,5.86,5.86,5.86,5.86,0,0.0,,,,,,,,
2010-12-22,5.86,5.86,5.86,5.86,0,0.0,,,,,,,,
2010-12-23,5.86,5.86,5.86,5.86,0,0.0,,,,,,,,
2010-12-24,5.86,5.86,5.86,5.86,0,0.0,,,,,,,,
2010-12-27,5.86,5.86,5.86,5.86,0,0.0,,,,,,,,
2010-12-28,5.86,5.86,5.86,5.86,0,0.0,,,,,,,,
2010-12-29,5.86,5.86,5.86,5.86,0,0.0,,,,,,,,
2010-12-30,5.86,5.86,5.86,5.86,0,0.0,,,,,,,,
2010-12-31,5.86,5.86,5.86,5.86,0,0.0,,,,,,,,
2011-01-04,5.86,5.86,5.86,5.86,0,0.0,,,,,,,,
2011-01-05,5.86,5.86,5.86,5.86,0,0.0,,,,,,,,
2011-01-06,5.86,5.86,5.86,5.86,0,0.0,,,,,,,,
2011-01-07,5.86,5.86,5.86,5.86,0,0.0,,,,,,,,
2011-01-10,5.86,5.86,5.86,5.86,0,0.0,,,,,,,,
2011-01-11,5.86,5.86,5.86,5.86,0,0.0,,,,,,,,
2011-01-12,5.86,5.86,5.86,5.86,0,0.0,,,,,,,,
2011-01-13,5.86,5.86,5.86,5.86,0,0.0,,,,,,,,
2011-01-14,5.86,5.86,5.86,5.86,0,0.0,,,,,,,,
2011-01-17,5.86,5.86,5.86,5.86,0,0.0,,,,,,,,
2011-01-18,5.86,5.86,5.86,5.86,0,0.0,,,,,,,,
2011-01-19,5.86,5.86,5.86,5.86,0,0.0,,,,,,,,
2011-01-20,5.86,5.86,5.86,5.86,0,0.0,,,,,,,,
2011-01-21,5.86,5.86,5.86,5.86,0,0.0,,,,,,,,
2011-01-24,5.86,5.86,5.86,5.86,0,0.0,,,,,,,,
2011-01-25,5.86,5.86,5.86,5.86,0,0.0,,,,,,,,
2011-01-26,5.86,5.86,5.86,5.86,0,0.0,,,,,,,,
2011-01-27,5.86,5.86,5.86,5.86,0,0.0,,,,,,,,
2011-01-28,5.86,5.86,5.86,5.86,0,0.0,,,,,,,,
2011-02-08,5.86,5.86,5.86,5.86,0,0.0,,,,,,,,
2011-02-09,5.86,5.86,5.86,5.86,0,0.0,,,,,,,,
2011-02-10,5.86,5.86,5.86,5.86,0,0.0,,,,,,,,
2011-02-11,5.86,5.86,5.86,5.86,0,0.0,,,,,,,,
2011-02-14,5.86,5.86,5.86,5.86,0,0.0,,,,,,,,
2011-02-15,5.86,5.86,5.86,5.86,0,0.0,,,,,,,,
2011-02-16,5.86,5.86,5.86,5.86,0,0.0,,,,,,,,
2011-02-17,5.86,5.86,5.86,5.86,0,0.0,,,,,,,,
2011-02-18,5.86,5.86,5.86,5.86,0,0.0,,,,,,,,
2011-02-21,5.86,5.86,5.86,5.86,0,0.0,,,,,,,,
2011-02-22,5.86,5.86,5.86,5.86,0,0.0,,,,,,,,
2011-02-23,5.86,5.86,5.86,5.86,0,0.0,,,,,,,,
2011-02-24,5.86,5.86,5.86,5.86,0,0.0,,,,,,,,
2011-02-25,5.86,5.86,5.86,5.86,0,0.0,,,,,,,,
2011-02-28,5.86,5.86,5.86,5.86,0,0.0,,,,,,,,
2011-03-01,5.86,5.86,5.86,5.86,0,0.0,,,,,,,,
2011-03-02,5.86,5.86,5.86,5.86,0,0.0,,,,,,,,
2011-03-03,5.86,5.86,5.86,5.86,0,0.0,,,,,,,,
2011-03-04,5.86,5.86,5.86,5.86,0,0.0,,,,,,,,
2011-03-07,5.86,5.86,5.86,5.86,0,0.0,,,,,,,,
2011-03-08,5.86,5.86,5.86,5.86,0,0.0,,,,,,,,
2011-03-09,5.86,5.86,5.86,5.86,0,0.0,,,,,,,,
2011-03-10,5.86,5.86,5.86,5.86,0,0.0,,,,,,,,
2011-03-11,5.86,5.86,5.86,5.86,0,0.0,,,,,,,,
2011-03-14,5.86,5.86,5.86,5.86,0,0.0,,,,,,,,
2011-03-15,5.86,5.86,5.86,5.86,0,0.0,,,,,,,,
2011-03-16,5.86,5.86,5.86,5.86,0,0.0,,,,,,,,
2011-03-17,5.86,5.86,5.86,5.86,0,0.0,,,,,,,,
2011-03-18,5.86,5.86,5.86,5.86,0,0.0,,,,,,,,
2011-03-21,5.86,5.86,5.86,5.86,0,0.0,,,,,,,,
2011-03-22,5.86,5.86,5.86,5.86,0,0.0,,,,,,,,
2011-03-23,5.86,5.86,5.86,5.86,0,0.0,,,,,,,,
2011-03-24,5.86,5.86,5.86,5.86,0,0.0,,,,,,,,
2011-03-25,5.86,5.86,5.86,5.86,0,0.0,,,,,,,,
2011-03-28,5.86,5.86,5.86,5.86,0,0.0,,,,,,,,
2011-03-29,5.86,5.86,5.86,5.86,0,0.0,,,,,,,,
2011-03-30,5.86,5.86,5.86,5.86,0,0.0,,,,,,,,
2011-03-31,5.86,5.86,5.86,5.86,0,0.0,,,,,,,,
2011-04-01,5.86,5.86,5.86,5.86,0,0.0,,,,,,,,
2011-04-04,5.86,5.86,5.86,5.86,0,0.0,,,,,,,,
2011-04-05,5.86,5.86,5.86,5.86,0,0.0,,,,,,,,
2011-04-06,5.86,5.86,5.86,5.86,0,0.0,,,,,,,,
2011-04-07,5.86,5.86,5.86,5.86,0,0.0,,,,,,,,
2011-04-08,5.86,5.86,5.86,5.86,0,0.0,,,,,,,,
2011-04-13,5.86,5.86,5.86,5.86,0,0.0,,,,,,,,
2011-04-14,5.86,5.86,5.86,5.86,0,0.0,,,,,,,,
2011-04-15,5.86,5.86,5.86,5.86,0,0.0,,,,,,,,
2011-04-18,5.86,5.86,5.86,5.86,0,0.0,,,,,,,,
2011-04-19,5.86,5.86,5.86,5.86,0,0.0,,,,,,,,
2011-04-20,5.86,5.86,5.86,5.86,0,0.0,,,,,,,,
2011-04-21,5.86,5.86,5.86,5.86,0,0.0,,,,,,,,
2011-04-22,5.86,5.86,5.86,5.86,0,0.0,,,,,,,,
2011-04-25,5.86,5.86,5.86,5.86,0,0.0,,,,,,,,
2011-04-26,5.86,5.86,5.86,5.86,0,0.0,,,,,,,,
2011-04-27,5.86,5.86,5.86,5.86,0,0.0,,,,,,,,
2011-04-28,5.86,5.86,5.86,5.86,0,0.0,,,,,,,,
2011-04-29,5.86,5.86,5.86,5.86,0,0.0,,,,,,,,
2011-05-04,5.86,5.86,5.86,5.86,0,0.0,,,,,,,,
2011-05-05,5.86,5.86,5.86,5.86,0,0.0,,,,,,,,
2011-05-06,5.86,5.86,5.86,5.86,0,0.0,,,,,,,,
2011-05-09,5.86,5.86,5.86,5.86,0,0.0,,,,,,,,
2011-05-10,5.86,5.86,5.86,5.86,0,0.0,,,,,,,,
2011-05-11,5.86,5.86,5.86,5.86,0,0.0,,,,,,,,
2011-05-12,5.86,5.86,5.86,5.86,0,0.0,,,,,,,,
2011-05-13,5.86,5.86,5.86,5.86,0,0.0,,,,,,,,
2011-05-16,5.86,5.86,5.86,5.86,0,0.0,,,,,,,,
2011-05-17,5.86,5.86,5.86,5.86,0,0.0,,,,,,,,
2011-05-18,5.86,5.86,5.86,5.86,0,0.0,,,,,,,,
2011-05-19,5.86,5.86,5.86,5.86,0,0.0,,,,,,,,
2011-05-20,5.86,5.86,5.86,5.86,0,0.0,,,,,,,,
2011-05-23,5.86,5.86,5.86,5.86,0,0.0,,,,,,,,
2011-05-24,5.86,5.86,5.86,5.86,0,0.0,,,,,,,,
2011-05-25,5.86,5.86,5.86,5.86,0,0.0,,,,,,,,
2011-05-26,5.86,5.86,5.86,5.86,0,0.0,,,,,,,,
2011-05-27,5.86,5.86,5.86,5.86,0,0.0,,,,,,,,
2011-05-30,5.86,5.86,5.86,5.86,0,0.0,,,,,,,,
2011-05-31,5.86,5.86,5.86,5.86,0,0.0,,,,,,,,
2011-06-01,5.86,5.86,5.86,5.86,0,0.0,,,,,,,,
2011-06-02,5.86,5.86,5.86,5.86,0,0.0,,,,,,,,
2011-06-03,5.86,5.86,5.86,5.86,0,0.0,,,,,,,,
2011-06-06,5.86,5.86,5.86,5.86,0,0.0,,,,,,,,
2011-06-07,5.86,5.86,5.86,5.86,0,0.0,,,,,,,,
2011-06-08,5.86,5.86,5.86,5.86,100,586.0,,,,,,,,
2011-06-09,5.27,5.27,5.27,5.27,2700,14228.999999999998,,,,,,,,
2011-06-10,5.27,5.27,5.27,5.27,0,0.0,,,,,,,,
2011-06-13,5.27,5.27,5.27,5.27,0,0.0,,,,,,,,
2011-06-14,5.27,5.27,5.27,5.27,0,0.0,,,,,,,,
2011-06-15,5.27,5.27,5.27,5.27,0,0.0,,,,,,,,
2011-06-16,4.37,5.27,5.27,5.27,0,0.0,,,,,,,,
2011-06-17,4.37,5.27,5.27,5.27,0,0.0,,,,,,,,
2011-06-20,4.37,5.27,5.27,5.27,0,0.0,,,,,,,,
2011-06-21,4.37,5.27,5.27,5.27,0,0.0,,,,,,,,
2011-06-22,4.37,5.27,5.27,5.27,0,0.0,,,,,,,,
2011-06-23,4.37,4.37,4.37,4.37,0,0.0,,,,,,,,
2011-06-24,4.37,5.27,5.27,5.27,0,0.0,,,,,,,,
2011-06-27,4.37,5.27,5.27,5.27,0,0.0,,,,,,,,
2011-06-28,4.37,5.27,5.27,5.27,0,0.0,,,,,,,,
2011-06-29,4.37,5.27,5.27,5.27,0,0.0,,,,,,,,
2011-06-30,4.37,5.27,5.27,5.27,0,0.0,,,,,,,,
2011-07-01,4.37,5.27,5.27,5.27,0,0.0,,,,,,,,
2011-07-04,4.37,5.27,5.27,5.27,0,0.0,,,,,,,,
2011-07-05,4.37,5.27,5.27,5.27,0,0.0,,,,,,,,
2011-07-06,3.97,3.97,3.97,3.97,1000,3970.0,,,,,,,,
2011-07-07,3.97,3.97,3.97,3.97,0,0.0,,,,,,,,
2011-07-08,3.97,3.97,3.97,3.97,0,0.0,,,,,,,,
2011-07-11,3.97,3.97,3.97,3.97,0,0.0,,,,,,,,
2011-07-12,3.97,3.97,3.97,3.97,0,0.0,,,,,,,,
2011-07-13,3.97,3.97,3.97,3.97,0,0.0,,,,,,,,
2011-07-14,3.97,3.97,3.97,3.97,0,0.0,,,,,,,,
2011-07-15,3.97,3.97,3.97,3.97,0,0.0,,,,,,,,
2011-07-18,3.97,3.97,3.97,3.97,0,0.0,,,,,,,,
2011-07-19,3.97,3.97,3.97,3.97,0,0.0,,,,,,,,
2011-07-20,3.97,3.97,3.97,3.97,0,0.0,,,,,,,,
2011-07-21,3.97,3.97,3.97,3.97,0,0.0,,,,,,,,
2011-07-22,3.97,3.97,3.97,3.97,0,0.0,,,,,,,,
2011-07-25,3.97,3.97,3.97,3.97,0,0.0,,,,,,,,
2011-07-26,3.97,3.97,3.97,3.97,0,0.0,,,,,,,,
2011-07-27,3.97,3.97,3.97,3.97,0,0.0,,,,,,,,
2011-07-28,3.97,3.97,3.97,3.97,0,0.0,,,,,,,,
2011-07-29,3.97,3.97,3.97,3.97,0,0.0,,,,,,,,
2011-08-01,3.97,3.97,3.97,3.97,0,0.0,,,,,,,,
2011-08-02,3.97,3.97,3.97,3.97,0,0.0,,,,,,,,
2011-08-03,3.97,3.97,3.97,3.97,0,0.0,,,,,,,,
2011-08-04,3.97,3.97,3.97,3.97,0,0.0,,,,,,,,
2011-08-05,3.97,3.97,3.97,3.97,0,0.0,,,,,,,,
2011-08-08,3.97,3.97,3.97,3.97,0,0.0,,,,,,,,
2011-08-09,3.97,3.97,3.97,3.97,0,0.0,,,,,,,,
2011-08-10,3.97,3.97,3.97,3.97,0,0.0,,,,,,,,
2011-08-11,3.97,3.97,3.97,3.97,0,0.0,,,,,,,,
2011-08-12,3.97,3.97,3.97,3.97,0,0.0,,,,,,,,
2011-08-15,2.48,2.48,2.48,2.48,100,248.0,,,,,,,,
2011-08-16,2.7,2.7,2.7,2.7,100,270.0,,,,,,,,
2011-08-17,2.7,2.7,2.7,2.7,0,0.0,,,,,,,,
2011-08-18,2.7,2.7,2.7,2.7,0,0.0,,,,,,,,
2011-08-19,2.7,2.7,2.7,2.7,0,0.0,,,,,,,,
2011-08-22,2.7,2.7,2.7,2.7,0,0.0,,,,,,,,
2011-08-23,2.43,2.43,2.43,2.43,100,243.00000000000003,,,,,,,,
2011-08-24,2.43,2.43,2.43,2.43,0,0.0,,,,,,,,
2011-08-25,2.43,2.43,2.43,2.43,0,0.0,,,,,,,,
2011-08-26,2.43,2.43,2.43,2.43,0,0.0,,,,,,,,
2011-08-29,2.43,2.43,2.43,2.43,0,0.0,,,,,,,,
2011-08-30,2.43,2.43,2.43,2.43,0,0.0,,,,,,,,
2011-08-31,2.43,2.43,2.43,2.43,0,0.0,,,,,,,,
2011-09-01,2.43,2.43,2.43,2.43,0,0.0,,,,,,,,
2011-09-05,2.43,2.43,2.43,2.43,0,0.0,,,,,,,,
2011-09-06,2.43,2.43,2.43,2.43,0,0.0,,,,,,,,
2011-09-07,2.43,2.43,2.43,2.43,0,0.0,,,,,,,,
2011-09-08,2.43,2.43,2.43,2.43,0,0.0,,,,,,,,
2011-09-09,2.43,2.43,2.43,2.43,0,0.0,,,,,,,,
2011-09-12,2.43,2.43,2.43,2.43,0,0.0,,,,,,,,
2011-09-13,2.43,2.43,2.43,2.43,0,0.0,,,,,,,,
2011-09-14,2.43,2.43,2.43,2.43,0,0.0,,,,,,,,
2011-09-15,2.43,2.43,2.43,2.43,0,0.0,,,,,,,,
2011-09-16,2.21,2.21,2.21,2.21,100,221.0,,,,,,,,
2011-09-19,2.21,2.21,2.21,2.21,0,0.0,,,,,,,,
2011-09-20,2.21,2.21,2.21,2.21,0,0.0,,,,,,,,
2011-09-21,2.21,2.21,2.21,2.21,0,0.0,,,,,,,,
2011-09-22,2.21,2.21,2.21,2.21,0,0.0,,,,,,,,
2011-09-23,2.21,2.21,2.21,2.21,0,0.0,,,,,,,,
2011-09-26,2.03,2.03,2.03,2.03,100,203.0,,,,,,,,
2011-09-27,2.03,2.03,2.03,2.03,0,0.0,,,,,,,,
2011-09-28,2.03,2.03,2.03,2.03,0,0.0,,,,,,,,
2011-09-29,2.03,2.03,2.03,2.03,0,0.0,,,,,,,,
2011-09-30,2.03,2.03,2.03,2.03,0,0.0,,,,,,,,
2011-10-03,2.03,2.03,2.03,2.03,0,0.0,,,,,,,,
2011-10-04,2.03,2.03,2.03,2.03,0,0.0,,,,,,,,
2011-10-05,2.03,2.03,2.03,2.03,0,0.0,,,,,,,,
2011-10-06,2.03,2.03,2.03,2.03,0,0.0,,,,,,,,
2011-10-07,2.03,2.03,2.03,2.03,0,0.0,,,,,,,,
2011-10-10,2.03,2.03,2.03,2.03,0,0.0,,,,,,,,
2011-10-11,2.03,2.03,2.03,2.03,0,0.0,,,,,,,,
2011-10-12,2.03,2.03,2.03,2.03,0,0.0,,,,,,,,
2011-10-13,2.03,2.03,2.03,2.03,0,0.0,,,,,,,,
2011-10-14,2.03,2.03,2.03,2.03,0,0.0,,,,,,,,
2011-10-17,2.03,2.03,2.03,2.03,0,0.0,,,,,,,,
2011-10-18,2.03,2.03,2.03,2.03,0,0.0,,,,,,,,
2011-10-19,2.03,2.03,2.03,2.03,0,0.0,,,,,,,,
2011-10-20,2.03,2.03,2.03,2.03,0,0.0,,,,,,,,
2011-10-21,2.03,2.03,2.03,2.03,0,0.0,,,,,,,,
2011-10-24,2.03,2.03,2.03,2.03,0,0.0,,,,,,,,
2011-10-25,2.03,2.03,2.03,2.03,0,0.0,,,,,,,,
2011-10-26,2.03,2.03,2.03,2.03,0,0.0,,,,,,,,
2011-10-27,2.03,2.03,2.03,2.03,0,0.0,,,,,,,,
2011-10-28,2.03,2.03,2.03,2.03,0,0.0,,,,,,,,
2011-10-31,2.03,2.03,2.03,2.03,0,0.0,,,,,,,,
2011-11-01,2.03,2.03,2.03,2.03,0,0.0,,,,,,,,
2011-11-02,2.03,2.03,2.03,2.03,0,0.0,,,,,,,,
2011-11-03,2.03,2.03,2.03,2.03,0,0.0,,,,,,,,
2011-11-04,2.03,2.03,2.03,2.03,0,0.0,,,,,,,,
2011-11-07,2.03,2.03,2.03,2.03,0,0.0,,,,,,,,
2011-11-08,2.03,2.03,2.03,2.03,0,0.0,,,,,,,,
2011-11-09,2.03,2.03,2.03,2.03,0,0.0,,,,,,,,
2011-11-10,2.03,2.03,2.03,2.03,0,0.0,,,,,,,,
2011-11-11,2.03,2.03,2.03,2.03,0,0.0,,,,,,,,
2011-11-14,2.03,2.03,2.03,2.03,0,0.0,,,,,,,,
2011-11-15,2.03,2.03,2.03,2.03,0,0.0,,,,,,,,
2011-11-16,2.03,2.03,2.03,2.03,0,0.0,,,,,,,,
2011-11-17,2.03,2.03,2.03,2.03,0,0.0,,,,,,,,
2011-11-18,2.03,2.03,2.03,2.03,0,0.0,,,,,,,,
2011-11-21,2.03,2.03,2.03,2.03,0,0.0,,,,,,,,
2011-11-22,2.03,2.03,2.03,2.03,0,0.0,,,,,,,,
2011-11-23,2.03,2.03,2.03,2.03,0,0.0,,,,,,,,
2011-11-24,2.03,2.03,2.03,2.03,0,0.0,,,,,,,,
2011-11-25,2.03,2.03,2.03,2.03,0,0.0,,,,,,,,
2011-11-28,1.13,2.03,2.03,2.03,0,0.0,,,,,,,,
2011-11-29,1.13,2.03,2.03,2.03,0,0.0,,,,,,,,
2011-11-30,1.13,2.03,2.03,2.03,0,0.0,,,,,,,,
2011-12-01,1.13,2.03,2.03,2.03,0,0.0,,,,,,,,
2011-12-02,1.13,2.03,2.03,2.03,0,0.0,,,,,,,,
2011-12-05,1.13,2.03,2.03,2.03,0,0.0,,,,,,,,
2011-12-06,1.13,2.03,2.03,2.03,0,0.0,,,,,,,,
2011-12-07,1.13,2.03,2.03,2.03,0,0.0,,,,,,,,
2011-12-08,1.13,2.03,2.03,2.03,0,0.0,,,,,,,,
2011-12-09,1.13,2.03,2.03,2.03,0,0.0,,,,,,,,
2011-12-12,1.13,2.03,2.03,2.03,0,0.0,,,,,,,,
2011-12-13,1.13,2.03,2.03,2.03,0,0.0,,,,,,,,
2011-12-14,1.13,2.03,2.03,2.03,0,0.0,,,,,,,,
2011-12-15,1.13,2.03,2.03,2.03,0,0.0,,,,,,,,
2011-12-16,1.13,2.03,2.03,2.03,0,0.0,,,,,,,,
2011-12-19,1.13,2.03,2.03,2.03,0,0.0,,,,,,,,
2011-12-20,1.13,2.03,2.03,2.03,0,0.0,,,,,,,,
2011-12-21,1.22,1.22,1.22,1.22,100,122.0,,,,,,,,
2011-12-22,1.22,1.22,1.22,1.22,0,0.0,,,,,,,,
2011-12-23,1.22,1.22,1.22,1.22,0,0.0,,,,,,,,
2011-12-26,1.22,1.22,1.22,1.22,0,0.0,,,,,,,,
2011-12-27,1.22,1.22,1.22,1.22,0,0.0,,,,,,,,
2011-12-28,1.22,1.22,1.22,1.22,0,0.0,,,,,,,,
2011-12-29,1.22,1.22,1.22,1.22,0,0.0,,,,,,,,
2011-12-30,1.22,1.22,1.22,1.22,0,0.0,,,,,,,,
2012-01-03,1.22,1.22,1.22,1.22,0,0.0,,,,,,,,
2012-01-04,1.22,1.22,1.22,1.22,0,0.0,,,,,,,,
2012-01-05,1.22,1.22,1.22,1.22,0,0.0,,,,,,,,
2012-01-06,1.22,1.22,1.22,1.22,0,0.0,,,,,,,,
2012-01-09,1.22,1.22,1.22,1.22,0,0.0,,,,,,,,
2012-01-10,1.22,1.22,1.22,1.22,0,0.0,,,,,,,,
2012-01-11,1.22,1.22,1.22,1.22,0,0.0,,,,,,,,
2012-01-12,1.22,1.22,1.22,1.22,0,0.0,,,,,,,,
2012-01-16,1.22,1.22,1.22,1.22,0,0.0,,,,,,,,
2012-01-17,1.22,1.22,1.22,1.22,0,0.0,,,,,,,,
2012-01-18,1.22,1.22,1.22,1.22,0,0.0,,,,,,,,
2012-01-19,1.22,1.22,1.22,1.22,0,0.0,,,,,,,,
2012-01-20,1.22,1.22,1.22,1.22,0,0.0,,,,,,,,
2012-01-30,1.22,1.22,1.22,1.22,0,0.0,,,,,,,,
2012-01-31,1.22,1.22,1.22,1.22,0,0.0,,,,,,,,
2012-02-01,1.22,1.22,1.22,1.22,0,0.0,,,,,,,,
2012-02-02,1.22,1.22,1.22,1.22,0,0.0,,,,,,,,
2012-02-03,1.22,1.22,1.22,1.22,0,0.0,,,,,,,,
2012-02-06,1.35,1.35,1.35,1.35,100,135.0,,,,,,,,
2012-02-07,1.35,1.35,1.35,1.35,0,0.0,,,,,,,,
2012-02-08,1.35,1.35,1.35,1.35,0,0.0,,,,,,,,
2012-02-09,1.35,1.35,1.35,1.35,0,0.0,,,,,,,,
2012-02-10,1.35,1.35,1.35,1.35,0,0.0,,,,,,,,
2012-02-13,1.35,1.35,1.35,1.35,0,0.0,,,,,,,,
2012-02-14,1.35,1.35,1.35,1.35,0,0.0,,,,,,,,
2012-02-15,1.35,1.35,1.35,1.35,0,0.0,,,,,,,,
2012-02-16,1.35,1.35,1.35,1.35,0,0.0,,,,,,,,
2012-02-17,1.35,1.35,1.35,1.35,0,0.0,,,,,,,,
2012-02-20,1.35,1.35,1.35,1.35,0,0.0,,,,,,,,
2012-02-21,1.35,1.35,1.35,1.35,0,0.0,,,,,,,,
2012-02-22,1.35,1.35,1.35,1.35,0,0.0,,,,,,,,
2012-02-23,1.35,1.35,1.35,1.35,0,0.0,,,,,,,,
2012-02-24,1.35,1.35,1.35,1.35,0,0.0,,,,,,,,
2012-02-27,1.35,1.35,1.35,1.35,0,0.0,,,,,,,,
2012-02-28,1.35,1.35,1.35,1.35,0,0.0,,,,,,,,
2012-02-29,1.35,1.35,1.35,1.35,0,0.0,,,,,,,,
2012-03-01,1.35,1.35,1.35,1.35,0,0.0,,,,,,,,
2012-03-02,1.35,1.35,1.35,1.35,0,0.0,,,,,,,,
2012-03-05,1.35,1.35,1.35,1.35,0,0.0,,,,,,,,
2012-03-06,1.35,1.35,1.35,1.35,0,0.0,,,,,,,,
2012-03-07,1.35,1.35,1.35,1.35,0,0.0,,,,,,,,
2012-03-08,1.35,1.35,1.35,1.35,0,0.0,,,,,,,,
2012-03-09,1.35,1.35,1.35,1.35,0,0.0,,,,,,,,
2012-03-12,1.35,1.35,1.35,1.35,0,0.0,,,,,,,,
2012-03-13,1.35,1.35,1.35,1.35,0,0.0,,,,,,,,
2012-03-14,1.35,1.35,1.35,1.35,0,0.0,,,,,,,,
2012-03-15,1.35,1.35,1.35,1.35,0,0.0,,,,,,,,
2012-03-16,1.35,1.35,1.35,1.35,0,0.0,,,,,,,,
2012-03-19,1.35,1.35,1.35,1.35,0,0.0,,,,,,,,
2012-03-20,1.35,1.35,1.35,1.35,0,0.0,,,,,,,,
2012-03-21,1.35,1.35,1.35,1.35,0,0.0,,,,,,,,
2012-03-22,1.35,1.35,1.35,1.35,0,0.0,,,,,,,,
2012-03-23,1.35,1.35,1.35,1.35,0,0.0,,,,,,,,
2012-03-26,1.35,1.35,1.35,1.35,0,0.0,,,,,,,,
2012-03-27,1.35,1.35,1.35,1.35,0,0.0,,,,,,,,
2012-03-28,1.35,1.35,1.35,1.35,0,0.0,,,,,,,,
2012-03-29,1.35,1.35,1.35,1.35,0,0.0,,,,,,,,
2012-03-30,1.35,1.35,1.35,1.35,100,135.0,,,,,,,,
2012-04-03,1.35,1.35,1.35,1.35,0,0.0,,,,,,,,
2012-04-04,1.35,1.35,1.35,1.35,0,0.0,,,,,,,,
2012-04-05,1.35,1.35,1.35,1.35,0,0.0,,,,,,,,
2012-04-06,1.35,1.35,1.35,1.35,0,0.0,,,,,,,,
2012-04-09,1.35,1.35,1.35,1.35,0,0.0,,,,,,,,
2012-04-10,1.35,1.35,1.35,1.35,0,0.0,,,,,,,,
2012-04-11,1.35,1.35,1.35,1.35,0,0.0,,,,,,,,
2012-04-12,1.35,1.35,1.35,1.35,0,0.0,,,,,,,,
2012-04-13,1.35,1.35,1.35,1.35,0,0.0,,,,,,,,
2012-04-16,1.35,1.35,1.35,1.35,0,0.0,,,,,,,,
2012-04-17,1.35,1.35,1.35,1.35,0,0.0,,,,,,,,
2012-04-18,1.35,1.35,1.35,1.35,0,0.0,,,,,,,,
2012-04-19,1.35,1.35,1.35,1.35,0,0.0,,,,,,,,
2012-04-20,1.35,1.35,1.35,1.35,0,0.0,,,,,,,,
2012-04-23,1.35,1.35,1.35,1.35,0,0.0,,,,,,,,
2012-04-24,1.35,1.35,1.35,1.35,0,0.0,,,,,,,,
2012-04-25,1.35,1.35,1.35,1.35,0,0.0,,,,,,,,
2012-04-26,1.35,1.35,1.35,1.35,0,0.0,,,,,,,,
2012-04-27,1.35,1.35,1.35,1.35,0,0.0,,,,,,,,
2012-05-02,1.35,1.35,1.35,1.35,0,0.0,,,,,,,,
2012-05-03,1.35,1.35,1.35,1.35,0,0.0,,,,,,,,
2012-05-04,1.35,1.35,1.35,1.35,0,0.0,,,,,,,,
2012-05-07,1.35,1.35,1.35,1.35,0,0.0,,,,,,,,
2012-05-08,1.35,1.35,1.35,1.35,0,0.0,,,,,,,,
2012-05-09,1.35,1.35,1.35,1.35,0,0.0,,,,,,,,
2012-05-10,1.35,1.35,1.35,1.35,0,0.0,,,,,,,,
2012-05-11,1.53,1.53,1.53,1.53,100,153.0,,,,,,,,
2012-05-14,1.53,1.53,1.53,1.53,0,0.0,,,,,,,,
2012-05-15,1.53,1.53,1.53,1.53,0,0.0,,,,,,,,
2012-05-16,1.53,1.53,1.53,1.53,0,0.0,,,,,,,,
2012-05-17,1.53,1.53,1.53,1.53,0,0.0,,,,,,,,
2012-05-18,1.53,1.53,1.53,1.53,0,0.0,,,,,,,,
2012-05-21,1.53,1.53,1.53,1.53,0,0.0,,,,,,,,
2012-05-22,1.53,1.53,1.53,1.53,0,0.0,,,,,,,,
2012-05-23,1.53,1.53,1.53,1.53,0,0.0,,,,,,,,
2012-05-24,1.53,1.53,1.53,1.53,0,0.0,,,,,,,,
2012-05-25,1.53,1.53,1.53,1.53,0,0.0,,,,,,,,
2012-05-28,1.53,1.53,1.53,1.53,0,0.0,,,,,,,,
2012-05-29,1.53,1.53,1.53,1.53,0,0.0,,,,,,,,
2012-05-30,1.53,1.53,1.53,1.53,0,0.0,,,,,,,,
2012-05-31,1.53,1.53,1.53,1.53,0,0.0,,,,,,,,
2012-06-01,1.53,1.53,1.53,1.53,0,0.0,,,,,,,,
2012-06-04,1.53,1.53,1.53,1.53,0,0.0,,,,,,,,
2012-06-05,1.53,1.53,1.53,1.53,0,0.0,,,,,,,,
2012-06-06,1.53,1.53,1.53,1.53,0,0.0,,,,,,,,
2012-06-07,1.53,1.53,1.53,1.53,0,0.0,,,,,,,,
2012-06-08,1.53,1.53,1.53,1.53,0,0.0,,,,,,,,
2012-06-11,1.53,1.53,1.53,1.53,0,0.0,,,,,,,,
2012-06-12,1.53,1.53,1.53,1.53,0,0.0,,,,,,,,
2012-06-13,1.53,1.53,1.53,1.53,0,0.0,,,,,,,,
2012-06-14,1.53,1.53,1.53,1.53,0,0.0,,,,,,,,
2012-06-15,1.53,1.53,1.53,1.53,0,0.0,,,,,,,,
2012-06-18,1.53,1.53,1.53,1.53,0,0.0,,,,,,,,
2012-06-19,1.67,1.67,1.67,1.67,100,167.0,,,,,,,,
2012-06-20,1.67,1.67,1.67,1.67,0,0.0,,,,,,,,
2012-06-21,1.67,1.67,1.67,1.67,0,0.0,,,,,,,,
2012-06-22,1.67,1.67,1.67,1.67,0,0.0,,,,,,,,
2012-06-25,1.67,1.67,1.67,1.67,0,0.0,,,,,,,,
2012-06-26,1.67,1.67,1.67,1.67,0,0.0,,,,,,,,
2012-06-27,1.67,1.67,1.67,1.67,0,0.0,,,,,,,,
2012-06-28,1.67,1.67,1.67,1.67,0,0.0,,,,,,,,
2012-06-29,1.67,1.67,1.67,1.67,0,0.0,,,,,,,,
2012-07-02,1.67,1.67,1.67,1.67,0,0.0,,,,,,,,
2012-07-03,1.67,1.67,1.67,1.67,0,0.0,,,,,,,,
2012-07-04,1.67,1.67,1.67,1.67,0,0.0,,,,,,,,
2012-07-05,1.67,1.67,1.67,1.67,0,0.0,,,,,,,,
2012-07-06,1.67,1.67,1.67,1.67,0,0.0,,,,,,,,
2012-07-09,1.67,1.67,1.67,1.67,0,0.0,,,,,,,,
2012-07-10,1.67,1.67,1.67,1.67,0,0.0,,,,,,,,
2012-07-11,1.67,1.67,1.67,1.67,0,0.0,,,,,,,,
2012-07-12,1.67,1.67,1.67,1.67,0,0.0,,,,,,,,
2012-07-13,1.67,1.67,1.67,1.67,0,0.0,,,,,,,,
2012-07-16,1.67,1.67,1.67,1.67,0,0.0,,,,,,,,
2012-07-17,1.67,1.67,1.67,1.67,0,0.0,,,,,,,,
2012-07-18,1.67,1.67,1.67,1.67,0,0.0,,,,,,,,
2012-07-19,1.67,1.67,1.67,1.67,0,0.0,,,,,,,,
2012-07-20,1.67,1.67,1.67,1.67,0,0.0,,,,,,,,
2012-07-23,1.67,1.67,1.67,1.67,0,0.0,,,,,,,,
2012-07-24,1.67,1.67,1.67,1.67,0,0.0,,,,,,,,
2012-07-25,1.67,1.67,1.67,1.67,0,0.0,,,,,,,,
2012-07-26,1.67,1.67,1.67,1.67,0,0.0,,,,,,,,
2012-07-27,1.67,1.67,1.67,1.67,0,0.0,,,,,,,,
2012-07-30,1.67,1.67,1.67,1.67,0,0.0,,,,,,,,
2012-07-31,1.67,1.67,1.67,1.67,0,0.0,,,,,,,,
2012-08-01,1.67,1.67,1.67,1.67,0,0.0,,,,,,,,
2012-08-02,1.67,1.67,1.67,1.67,0,0.0,,,,,,,,
2012-08-03,1.58,1.58,1.58,1.58,100,158.0,,,,,,,,
2012-08-06,1.58,1.58,1.58,1.58,0,0.0,,,,,,,,
2012-08-07,1.58,1.58,1.58,1.58,0,0.0,,,,,,,,
2012-08-08,1.58,1.58,1.58,1.58,0,0.0,,,,,,,,
2012-08-09,1.58,1.58,1.58,1.58,0,0.0,,,,,,,,
2012-08-10,1.58,1.58,1.58,1.58,0,0.0,,,,,,,,
2012-08-13,1.58,1.58,1.58,1.58,0,0.0,,,,,,,,
2012-08-14,1.58,1.58,1.58,1.58,0,0.0,,,,,,,,
2012-08-15,1.58,1.58,1.58,1.58,0,0.0,,,,,,,,
2012-08-16,1.58,1.58,1.58,1.58,0,0.0,,,,,,,,
2012-08-17,1.58,1.58,1.58,1.58,0,0.0,,,,,,,,
2012-08-20,1.58,1.58,1.58,1.58,0,0.0,,,,,,,,
2012-08-21,1.58,1.58,1.58,1.58,0,0.0,,,,,,,,
2012-08-22,1.58,1.58,1.58,1.58,0,0.0,,,,,,,,
2012-08-23,1.58,1.58,1.58,1.58,0,0.0,,,,,,,,
2012-08-24,1.58,1.58,1.58,1.58,0,0.0,,,,,,,,
2012-08-27,1.58,1.58,1.58,1.58,0,0.0,,,,,,,,
2012-08-28,1.58,1.58,1.58,1.58,0,0.0,,,,,,,,
2012-08-29,1.58,1.58,1.58,1.58,0,0.0,,,,,,,,
2012-08-30,1.58,1.58,1.58,1.58,0,0.0,,,,,,,,
2012-08-31,1.58,1.58,1.58,1.58,0,0.0,,,,,,,,
2012-09-04,1.58,1.58,1.58,1.58,0,0.0,,,,,,,,
2012-09-05,1.58,1.58,1.58,1.58,0,0.0,,,,,,,,
2012-09-06,1.58,1.58,1.58,1.58,0,0.0,,,,,,,,
2012-09-07,1.58,1.58,1.58,1.58,0,0.0,,,,,,,,
2012-09-10,1.58,1.58,1.58,1.58,0,0.0,,,,,,,,
2012-09-11,1.58,1.58,1.58,1.58,0,0.0,,,,,,,,
2012-09-12,1.58,1.58,1.58,1.58,0,0.0,,,,,,,,
2012-09-13,1.58,1.58,1.58,1.58,0,0.0,,,,,,,,
2012-09-14,1.58,1.58,1.58,1.58,0,0.0,,,,,,,,
2012-09-17,1.58,1.58,1.58,1.58,0,0.0,,,,,,,,
2012-09-18,1.58,1.58,1.58,1.58,0,0.0,,,,,,,,
2012-09-19,1.58,1.58,1.58,1.58,0,0.0,,,,,,,,
2012-09-20,1.58,1.58,1.58,1.58,0,0.0,,,,,,,,
2012-09-21,1.58,1.58,1.58,1.58,0,0.0,,,,,,,,
2012-09-24,1.58,1.58,1.58,1.58,0,0.0,,,,,,,,
2012-09-25,1.58,1.58,1.58,1.58,100,158.0,,,,,,,,
2012-09-26,1.58,1.58,1.58,1.58,0,0.0,,,,,,,,
2012-09-27,1.58,1.58,1.58,1.58,0,0.0,,,,,,,,
2012-09-28,1.58,1.58,1.58,1.58,0,0.0,,,,,,,,
2012-10-01,1.58,1.58,1.58,1.58,0,0.0,,,,,,,,
2012-10-02,1.58,1.58,1.58,1.58,0,0.0,,,,,,,,
2012-10-03,1.58,1.58,1.58,1.58,0,0.0,,,,,,,,
2012-10-04,1.58,1.58,1.58,1.58,0,0.0,,,,,,,,
2012-10-05,1.71,1.71,1.71,1.71,800,1368.0,,,,,,,,
2012-10-08,1.71,1.71,1.71,1.71,0,0.0,,,,,,,,
2012-10-09,1.71,1.71,1.71,1.71,0,0.0,,,,,,,,
2012-10-10,1.71,1.71,1.71,1.71,0,0.0,,,,,,,,
2012-10-11,1.71,1.71,1.71,1.71,0,0.0,,,,,,,,
2012-10-12,1.71,1.71,1.71,1.71,0,0.0,,,,,,,,
2012-10-15,1.71,1.71,1.71,1.71,0,0.0,,,,,,,,
2012-10-16,1.71,1.71,1.71,1.71,0,0.0,,,,,,,,
2012-10-17,1.71,1.71,1.71,1.71,0,0.0,,,,,,,,
2012-10-18,1.71,1.71,1.71,1.71,0,0.0,,,,,,,,
2012-10-19,1.71,1.71,1.71,1.71,0,0.0,,,,,,,,
2012-10-22,1.71,1.71,1.71,1.71,0,0.0,,,,,,,,
2012-10-23,1.71,1.71,1.71,1.71,0,0.0,,,,,,,,
2012-10-24,1.71,1.71,1.71,1.71,0,0.0,,,,,,,,
2012-10-25,1.71,1.71,1.71,1.71,0,0.0,,,,,,,,
2012-10-26,1.71,1.71,1.71,1.71,0,0.0,,,,,,,,
2012-10-29,1.71,1.71,1.71,1.71,0,0.0,,,,,,,,
2012-10-30,1.71,1.71,1.71,1.71,0,0.0,,,,,,,,
2012-10-31,1.71,1.71,1.71,1.71,0,0.0,,,,,,,,
2012-11-01,1.71,1.71,1.71,1.71,0,0.0,,,,,,,,
2012-11-02,1.71,1.71,1.71,1.71,0,0.0,,,,,,,,
2012-11-05,1.71,1.71,1.71,1.71,0,0.0,,,,,,,,
2012-11-06,1.71,1.71,1.71,1.71,0,0.0,,,,,,,,
2012-11-07,1.71,1.71,1.71,1.71,0,0.0,,,,,,,,
2012-11-08,1.71,1.71,1.71,1.71,0,0.0,,,,,,,,
2012-11-09,1.71,1.71,1.71,1.71,0,0.0,,,,,,,,
2012-11-12,1.71,1.71,1.71,1.71,0,0.0,,,,,,,,
2012-11-13,1.71,1.71,1.71,1.71,0,0.0,,,,,,,,
2012-11-14,1.71,1.71,1.71,1.71,0,0.0,,,,,,,,
2012-11-15,1.71,1.71,1.71,1.71,0,0.0,,,,,,,,
2012-11-16,1.71,1.71,1.71,1.71,0,0.0,,,,,,,,
2012-11-19,1.71,1.71,1.71,1.71,0,0.0,,,,,,,,
2012-11-20,1.71,1.71,1.71,1.71,0,0.0,,,,,,,,
2012-11-21,1.71,1.71,1.71,1.71,0,0.0,,,,,,,,
2012-11-22,1.71,1.71,1.71,1.71,0,0.0,,,,,,,,
2012-11-23,1.71,1.71,1.71,1.71,0,0.0,,,,,,,,
2012-11-26,1.71,1.71,1.71,1.71,0,0.0,,,,,,,,
2012-11-27,1.71,1.71,1.71,1.71,0,0.0,,,,,,,,
2012-11-28,1.71,1.71,1.71,1.71,0,0.0,,,,,,,,
2012-11-29,1.71,1.71,1.71,1.71,0,0.0,,,,,,,,
2012-11-30,1.71,1.71,1.71,1.71,0,0.0,,,,,,,,
2012-12-03,1.71,1.71,1.71,1.71,0,0.0,,,,,,,,
2012-12-04,1.71,1.71,1.71,1.71,0,0.0,,,,,,,,
2012-12-05,1.71,1.71,1.71,1.71,0,0.0,,,,,,,,
2012-12-06,1.71,1.71,1.71,1.71,100,171.0,,,,,,,,
2012-12-07,1.71,1.71,1.71,1.71,0,0.0,,,,,,,,
2012-12-10,1.71,1.71,1.71,1.71,0,0.0,,,,,,,,
2012-12-11,1.71,1.71,1.71,1.71,0,0.0,,,,,,,,
2012-12-12,1.71,1.71,1.71,1.71,0,0.0,,,,,,,,
2012-12-13,1.71,1.71,1.71,1.71,0,0.0,,,,,,,,
2012-12-14,1.71,1.71,1.71,1.71,0,0.0,,,,,,,,
2012-12-17,1.71,1.71,1.71,1.71,0,0.0,,,,,,,,
2012-12-18,0.81,1.71,1.71,1.71,0,0.0,,,,,,,,
2012-12-19,0.81,1.71,1.71,1.71,0,0.0,,,,,,,,
2012-12-20,0.81,1.71,1.71,1.71,0,0.0,,,,,,,,
2012-12-21,0.81,1.71,1.71,1.71,0,0.0,,,,,,,,
2012-12-24,0.81,1.71,1.71,1.71,0,0.0,,,,,,,,
2012-12-25,0.81,1.71,1.71,1.71,0,0.0,,,,,,,,
2012-12-26,0.81,1.71,1.71,1.71,0,0.0,,,,,,,,
2012-12-27,0.81,1.71,1.71,1.71,0,0.0,,,,,,,,
2012-12-28,0.81,1.71,1.71,1.71,0,0.0,,,,,,,,
2013-01-02,0.565,0.565,0.565,0.565,0,0.0,,,,,,,,
2013-01-03,0.565,0.565,0.565,0.565,0,0.0,,,,,,,,
2013-01-04,0.565,0.565,0.565,0.565,0,0.0,,,,,,,,
2013-01-07,0.565,0.565,0.565,0.565,0,0.0,,,,,,,,
2013-01-08,0.565,0.565,0.565,0.565,0,0.0,,,,,,,,
2013-01-09,0.565,0.565,0.565,0.565,0,0.0,,,,,,,,
2013-01-10,0.565,0.565,0.565,0.565,0,0.0,,,,,,,,
2013-01-11,0.565,0.565,0.565,0.565,0,0.0,,,,,,,,
2013-01-14,0.565,0.565,0.565,0.565,0,0.0,,,,,,,,
2013-01-15,0.565,0.565,0.565,0.565,0,0.0,,,,,,,,
2013-01-16,0.784,0.784,0.784,0.784,100,78.4,,,,,,,,
2013-01-17,0.784,0.784,0.784,0.784,0,0.0,,,,,,,,
2013-01-18,0.784,0.784,0.784,0.784,0,0.0,,,,,,,,
2013-01-21,0.784,0.784,0.784,0.784,0,0.0,,,,,,,,
2013-01-22,0.784,0.784,0.784,0.784,0,0.0,,,,,,,,
2013-01-23,0.784,0.784,0.784,0.784,0,0.0,,,,,,,,
2013-01-24,0.784,0.784,0.784,0.784,0,0.0,,,,,,,,
2013-01-25,0.784,0.784,0.784,0.784,0,0.0,,,,,,,,
2013-01-28,0.784,0.784,0.784,0.784,0,0.0,,,,,,,,
2013-01-29,0.784,0.784,0.784,0.784,0,0.0,,,,,,,,
2013-01-30,0.784,0.784,0.784,0.784,0,0.0,,,,,,,,
2013-01-31,0.784,0.784,0.784,0.784,0,0.0,,,,,,,,
2013-02-01,0.784,0.784,0.784,0.784,0,0.0,,,,,,,,
2013-02-04,0.784,0.784,0.784,0.784,0,0.0,,,,,,,,
2013-02-05,0.784,0.784,0.784,0.784,0,0.0,,,,,,,,
2013-02-06,0.784,0.784,0.784,0.784,0,0.0,,,,,,,,
2013-02-07,0.784,0.784,0.784,0.784,0,0.0,,,,,,,,
2013-02-08,0.784,0.784,0.784,0.784,0,0.0,,,,,,,,
2013-02-18,0.784,0.784,0.784,0.784,0,0.0,,,,,,,,
2013-02-19,0.784,0.784,0.784,0.784,0,0.0,,,,,,,,
2013-02-20,0.784,0.784,0.784,0.784,0,0.0,,,,,,,,
2013-02-21,0.784,0.784,0.784,0.784,0,0.0,,,,,,,,
2013-02-22,0.784,0.784,0.784,0.784,0,0.0,,,,,,,,
2013-02-25,0.784,0.784,0.784,0.784,0,0.0,,,,,,,,
2013-02-26,0.784,0.784,0.784,0.784,0,0.0,,,,,,,,
2013-02-27,0.784,0.784,0.784,0.784,0,0.0,,,,,,,,
2013-02-28,0.784,0.784,0.784,0.784,0,0.0,,,,,,,,
2013-03-01,0.784,0.784,0.784,0.784,0,0.0,,,,,,,,
2013-03-04,0.784,0.784,0.784,0.784,0,0.0,,,,,,,,
2013-03-05,0.784,0.784,0.784,0.784,0,0.0,,,,,,,,
2013-03-06,0.784,0.784,0.784,0.784,0,0.0,,,,,,,,
2013-03-07,0.784,0.784,0.784,0.784,0,0.0,,,,,,,,
2013-03-08,0.784,0.784,0.784,0.784,0,0.0,,,,,,,,
2013-03-11,0.784,0.784,0.784,0.784,0,0.0,,,,,,,,
2013-03-12,0.784,0.784,0.784,0.784,0,0.0,,,,,,,,
2013-03-13,0.784,0.784,0.784,0.784,0,0.0,,,,,,,,
2013-03-14,0.784,0.784,0.784,0.784,0,0.0,,,,,,,,
2013-03-15,0.784,0.784,0.784,0.784,0,0.0,,,,,,,,
2013-03-18,0.784,0.784,0.784,0.784,0,0.0,,,,,,,,
2013-03-19,0.784,0.784,0.784,0.784,0,0.0,,,,,,,,
2013-03-20,0.784,0.784,0.784,0.784,0,0.0,,,,,,,,
2013-03-21,0.784,0.784,0.784,0.784,0,0.0,,,,,,,,
2013-03-22,1.098,1.098,1.098,1.098,100,109.8,,,,,,,,
2013-03-25,1.098,1.098,1.098,1.098,0,0.0,,,,,,,,
2013-03-26,1.098,1.098,1.098,1.098,0,0.0,,,,,,,,
2013-03-27,1.098,1.098,1.098,1.098,0,0.0,,,,,,,,
2013-03-28,1.098,1.098,1.098,1.098,0,0.0,,,,,,,,
2013-03-29,1.098,1.098,1.098,1.098,0,0.0,,,,,,,,
2013-04-01,1.098,1.098,1.098,1.098,0,0.0,,,,,,,,
2013-04-02,1.098,1.098,1.098,1.098,0,0.0,,,,,,,,
2013-04-03,1.098,1.098,1.098,1.098,0,0.0,,,,,,,,
2013-04-04,1.098,1.098,1.098,1.098,0,0.0,,,,,,,,
2013-04-05,1.098,1.098,1.098,1.098,0,0.0,,,,,,,,
2013-04-08,1.098,1.098,1.098,1.098,0,0.0,,,,,,,,
2013-04-09,1.098,1.098,1.098,1.098,0,0.0,,,,,,,,
2013-04-10,1.098,1.098,1.098,1.098,0,0.0,,,,,,,,
2013-04-11,1.098,1.098,1.098,1.098,0,0.0,,,,,,,,
2013-04-12,1.098,1.098,1.098,1.098,0,0.0,,,,,,,,
2013-04-15,1.098,1.098,1.098,1.098,0,0.0,,,,,,,,
2013-04-16,1.098,1.098,1.098,1.098,0,0.0,,,,,,,,
2013-04-17,1.098,1.098,1.098,1.098,0,0.0,,,,,,,,
2013-04-18,1.098,1.098,1.098,1.098,0,0.0,,,,,,,,
2013-04-22,1.098,1.098,1.098,1.098,0,0.0,,,,,,,,
2013-04-23,1.098,1.098,1.098,1.098,0,0.0,,,,,,,,
2013-04-24,1.098,1.098,1.098,1.098,0,0.0,,,,,,,,
2013-04-25,1.098,1.098,1.098,1.098,0,0.0,,,,,,,,
2013-04-26,1.098,1.098,1.098,1.098,0,0.0,,,,,,,,
2013-05-02,1.098,1.098,1.098,1.098,0,0.0,,,,,,,,
2013-05-03,1.098,1.098,1.098,1.098,0,0.0,,,,,,,,
2013-05-06,1.098,1.098,1.098,1.098,0,0.0,,,,,,,,
2013-05-07,1.098,1.098,1.098,1.098,0,0.0,,,,,,,,
2013-05-08,1.098,1.098,1.098,1.098,0,0.0,,,,,,,,
2013-05-09,1.098,1.098,1.098,1.098,0,0.0,,,,,,,,
2013-05-10,1.098,1.098,1.098,1.098,0,0.0,,,,,,,,
2013-05-13,1.098,1.098,1.098,1.098,0,0.0,,,,,,,,
2013-05-14,1.098,1.098,1.098,1.098,0,0.0,,,,,,,,
2013-05-15,1.098,1.098,1.098,1.098,0,0.0,,,,,,,,
2013-05-16,1.098,1.098,1.098,1.098,0,0.0,,,,,,,,
2013-05-17,1.098,1.098,1.098,1.098,0,0.0,,,,,,,,
2013-05-20,1.098,1.098,1.098,1.098,0,0.0,,,,,,,,
2013-05-21,1.098,1.098,1.098,1.098,0,0.0,,,,,,,,
2013-05-22,1.098,1.098,1.098,1.098,0,0.0,,,,,,,,
2013-05-23,1.098,1.098,1.098,1.098,0,0.0,,,,,,,,
2013-05-24,1.098,1.098,1.098,1.098,0,0.0,,,,,,,,
2013-05-27,1.098,1.098,1.098,1.098,0,0.0,,,,,,,,
2013-05-28,1.098,1.098,1.098,1.098,0,0.0,,,,,,,,
2013-05-29,1.098,1.098,1.098,1.098,0,0.0,,,,,,,,
2013-05-30,1.098,1.098,1.098,1.098,0,0.0,,,,,,,,
2013-05-31,1.098,1.098,1.098,1.098,0,0.0,,,,,,,,
2013-06-03,1.098,1.098,1.098,1.098,0,0.0,,,,,,,,
2013-06-04,1.098,1.098,1.098,1.098,0,0.0,,,,,,,,
2013-06-05,1.098,1.098,1.098,1.098,0,0.0,,,,,,,,
2013-06-06,1.098,1.098,1.098,1.098,0,0.0,,,,,,,,
2013-06-07,1.098,1.098,1.098,1.098,0,0.0,,,,,,,,
2013-06-10,1.098,1.098,1.098,1.098,0,0.0,,,,,,,,
2013-06-11,1.098,1.098,1.098,1.098,0,0.0,,,,,,,,
2013-06-12,1.098,1.098,1.098,1.098,0,0.0,,,,,,,,
2013-06-13,1.098,1.098,1.098,1.098,0,0.0,,,,,,,,
2013-06-14,1.098,1.098,1.098,1.098,0,0.0,,,,,,,,
2013-06-17,1.098,1.098,1.098,1.098,0,0.0,,,,,,,,
2013-06-18,1.098,1.098,1.098,1.098,0,0.0,,,,,,,,
2013-06-19,1.098,1.098,1.098,1.098,0,0.0,,,,,,,,
2013-06-20,1.098,1.098,1.098,1.098,0,0.0,,,,,,,,
2013-06-21,1.098,1.098,1.098,1.098,0,0.0,,,,,,,,
2013-06-24,1.098,1.098,1.098,1.098,0,0.0,,,,,,,,
2013-06-25,1.098,1.098,1.098,1.098,0,0.0,,,,,,,,
2013-06-26,1.098,1.098,1.098,1.098,0,0.0,,,,,,,,
2013-06-27,1.098,1.098,1.098,1.098,0,0.0,,,,,,,,
2013-06-28,1.098,1.098,1.098,1.098,0,0.0,,,,,,,,
2013-07-01,1.098,1.098,1.098,1.098,0,0.0,,,,,,,,
2013-07-02,1.098,1.098,1.098,1.098,0,0.0,,,,,,,,
2013-07-03,1.098,1.098,1.098,1.098,0,0.0,,,,,,,,
2013-07-04,1.098,1.098,1.098,1.098,0,0.0,,,,,,,,
2013-07-05,1.098,1.098,1.098,1.098,0,0.0,,,,,,,,
2013-07-08,1.098,1.098,1.098,1.098,0,0.0,,,,,,,,
2013-07-09,1.098,1.098,1.098,1.098,0,0.0,,,,,,,,
2013-07-10,1.098,1.098,1.098,1.098,0,0.0,,,,,,,,
2013-07-11,1.098,1.098,1.098,1.098,0,0.0,,,,,,,,
2013-07-12,1.098,1.098,1.098,1.098,0,0.0,,,,,,,,
2013-07-15,1.098,1.098,1.098,1.098,0,0.0,,,,,,,,
2013-07-16,1.098,1.098,1.098,1.098,0,0.0,,,,,,,,
2013-07-17,1.098,1.098,1.098,1.098,0,0.0,,,,,,,,
2013-07-18,1.098,1.098,1.098,1.098,0,0.0,,,,,,,,
2013-07-19,1.098,1.098,1.098,1.098,0,0.0,,,,,,,,
2013-07-22,1.098,1.098,1.098,1.098,0,0.0,,,,,,,,
2013-07-23,1.098,1.098,1.098,1.098,0,0.0,,,,,,,,
2013-07-24,1.098,1.098,1.098,1.098,0,0.0,,,,,,,,
2013-07-25,1.098,1.098,1.098,1.098,0,0.0,,,,,,,,
2013-07-26,1.098,1.098,1.098,1.098,0,0.0,,,,,,,,
2013-07-29,1.098,1.098,1.098,1.098,0,0.0,,,,,,,,
2013-07-30,1.098,1.098,1.098,1.098,0,0.0,,,,,,,,
2013-07-31,1.098,1.098,1.098,1.098,0,0.0,,,,,,,,
2013-08-01,1.098,1.098,1.098,1.098,0,0.0,,,,,,,,
2013-08-02,1.098,1.098,1.098,1.098,0,0.0,,,,,,,,
2013-08-05,1.098,1.098,1.098,1.098,0,0.0,,,,,,,,
2013-08-06,1.098,1.098,1.098,1.098,0,0.0,,,,,,,,
2013-08-07,1.098,1.098,1.098,1.098,0,0.0,,,,,,,,
2013-08-08,1.098,1.098,1.098,1.098,0,0.0,,,,,,,,
2013-08-09,1.098,1.098,1.098,1.098,0,0.0,,,,,,,,
2013-08-12,1.098,1.098,1.098,1.098,0,0.0,,,,,,,,
2013-08-13,1.098,1.098,1.098,1.098,0,0.0,,,,,,,,
2013-08-14,1.098,1.098,1.098,1.098,0,0.0,,,,,,,,
2013-08-15,1.098,1.098,1.098,1.098,0,0.0,,,,,,,,
2013-08-16,1.098,1.098,1.098,1.098,0,0.0,,,,,,,,
2013-08-19,1.098,1.098,1.098,1.098,0,0.0,,,,,,,,
2013-08-20,1.098,1.098,1.098,1.098,0,0.0,,,,,,,,
2013-08-21,1.098,1.098,1.098,1.098,0,0.0,,,,,,,,
2013-08-22,1.098,1.098,1.098,1.098,0,0.0,,,,,,,,
2013-08-23,1.098,1.098,1.098,1.098,0,0.0,,,,,,,,
2013-08-26,1.098,1.098,1.098,1.098,0,0.0,,,,,,,,
2013-08-27,1.098,1.098,1.098,1.098,0,0.0,,,,,,,,
2013-08-28,1.098,1.098,1.098,1.098,0,0.0,,,,,,,,
2013-08-29,1.098,1.098,1.098,1.098,0,0.0,,,,,,,,
2013-08-30,1.098,1.098,1.098,1.098,0,0.0,,,,,,,,
2013-09-03,1.098,1.098,1.098,1.098,0,0.0,,,,,,,,
2013-09-04,1.098,1.098,1.098,1.098,0,0.0,,,,,,,,
2013-09-05,1.098,1.098,1.098,1.098,0,0.0,,,,,,,,
2013-09-06,1.098,1.098,1.098,1.098,0,0.0,,,,,,,,
2013-09-09,1.098,1.098,1.098,1.098,0,0.0,,,,,,,,
2013-09-10,1.098,1.098,1.098,1.098,0,0.0,,,,,,,,
2013-09-11,1.098,1.098,1.098,1.098,0,0.0,,,,,,,,
2013-09-12,1.098,1.098,1.098,1.098,0,0.0,,,,,,,,
2013-09-13,1.098,1.098,1.098,1.098,0,0.0,,,,,,,,
2013-09-16,1.098,1.098,1.098,1.098,0,0.0,,,,,,,,
2013-09-17,1.098,1.098,1.098,1.098,0,0.0,,,,,,,,
2013-09-18,1.098,1.098,1.098,1.098,0,0.0,,,,,,,,
2013-09-19,1.098,1.098,1.098,1.098,0,0.0,,,,,,,,
2013-09-20,1.098,1.098,1.098,1.098,0,0.0,,,,,,,,
2013-09-23,1.537,1.537,1.537,1.537,100,153.7,,,,,,,,
2013-09-24,1.537,1.537,1.537,1.537,0,0.0,,,,,,,,
2013-09-25,1.537,1.537,1.537,1.537,0,0.0,,,,,,,,
2013-09-26,1.537,1.537,1.537,1.537,0,0.0,,,,,,,,
2013-09-27,1.537,1.537,1.537,1.537,0,0.0,,,,,,,,
2013-09-30,1.537,1.537,1.537,1.537,0,0.0,,,,,,,,
2013-10-01,1.662,1.662,1.662,1.662,100,166.2,,,,,,,,
2013-10-02,1.662,1.662,1.662,1.662,0,0.0,,,,,,,,
2013-10-03,1.662,1.662,1.662,1.662,0,0.0,,,,,,,,
2013-10-04,1.662,1.662,1.662,1.662,0,0.0,,,,,,,,
2013-10-07,1.662,1.662,1.662,1.662,0,0.0,,,,,,,,
2013-10-08,1.662,1.662,1.662,1.662,0,0.0,,,,,,,,
2013-10-09,1.662,1.662,1.662,1.662,0,0.0,,,,,,,,
2013-10-10,1.662,1.662,1.662,1.662,0,0.0,,,,,,,,
2013-10-11,1.662,1.662,1.662,1.662,0,0.0,,,,,,,,
2013-10-14,1.662,1.662,1.662,1.662,0,0.0,,,,,,,,
2013-10-15,1.662,1.662,1.662,1.662,0,0.0,,,,,,,,
2013-10-16,1.662,1.662,1.662,1.662,0,0.0,,,,,,,,
2013-10-17,1.662,1.662,1.662,1.662,0,0.0,,,,,,,,
2013-10-18,1.662,1.662,1.662,1.662,0,0.0,,,,,,,,
2013-10-21,1.662,1.662,1.662,1.662,0,0.0,,,,,,,,
2013-10-22,1.662,1.662,1.662,1.662,0,0.0,,,,,,,,
2013-10-23,1.662,1.662,1.662,1.662,0,0.0,,,,,,,,
2013-10-24,1.662,1.662,1.662,1.662,0,0.0,,,,,,,,
2013-10-25,1.662,1.662,1.662,1.662,0,0.0,,,,,,,,
2013-10-28,1.662,1.662,1.662,1.662,0,0.0,,,,,,,,
2013-10-29,1.662,1.662,1.662,1.662,0,0.0,,,,,,,,
2013-10-30,1.662,1.662,1.662,1.662,0,0.0,,,,,,,,
2013-10-31,1.662,1.662,1.662,1.662,0,0.0,,,,,,,,
2013-11-01,1.662,1.662,1.662,1.662,0,0.0,,,,,,,,
2013-11-04,1.662,1.662,1.662,1.662,0,0.0,,,,,,,,
2013-11-05,1.662,1.662,1.662,1.662,0,0.0,,,,,,,,
2013-11-06,1.819,1.819,1.819,1.819,100,181.9,,,,,,,,
2013-11-07,1.819,1.819,1.819,1.819,0,0.0,,,,,,,,
2013-11-08,1.819,1.819,1.819,1.819,0,0.0,,,,,,,,
2013-11-11,1.819,1.819,1.819,1.819,0,0.0,,,,,,,,
2013-11-12,1.819,1.819,1.819,1.819,0,0.0,,,,,,,,
2013-11-13,1.819,1.819,1.819,1.819,0,0.0,,,,,,,,
2013-11-14,1.819,1.819,1.819,1.819,0,0.0,,,,,,,,
2013-11-15,1.819,1.819,1.819,1.819,0,0.0,,,,,,,,
2013-11-18,1.819,1.819,1.819,1.819,0,0.0,,,,,,,,
2013-11-19,1.819,1.819,1.819,1.819,0,0.0,,,,,,,,
2013-11-20,1.819,1.819,1.819,1.819,0,0.0,,,,,,,,
2013-11-21,1.819,1.819,1.819,1.819,0,0.0,,,,,,,,
2013-11-22,1.819,1.819,1.819,1.819,0,0.0,,,,,,,,
2013-11-25,1.819,1.819,1.819,1.819,0,0.0,,,,,,,,
2013-11-26,1.819,1.819,1.819,1.819,0,0.0,,,,,,,,
2013-11-27,1.819,1.819,1.819,1.819,0,0.0,,,,,,,,
2013-11-28,1.819,1.819,1.819,1.819,0,0.0,,,,,,,,
2013-11-29,1.819,1.819,1.819,1.819,0,0.0,,,,,,,,
2013-12-02,1.819,1.819,1.819,1.819,0,0.0,,,,,,,,
2013-12-03,1.819,1.819,1.819,1.819,0,0.0,,,,,,,,
2013-12-04,1.819,1.819,1.819,1.819,0,0.0,,,,,,,,
2013-12-05,1.819,1.819,1.819,1.819,0,0.0,,,,,,,,
2013-12-06,1.819,1.819,1.819,1.819,0,0.0,,,,,,,,
2013-12-09,1.819,1.819,1.819,1.819,0,0.0,,,,,,,,
2013-12-10,1.819,1.819,1.819,1.819,0,0.0,,,,,,,,
2013-12-11,1.819,1.819,1.819,1.819,0,0.0,,,,,,,,
2013-12-12,1.819,1.819,1.819,1.819,0,0.0,,,,,,,,
2013-12-13,1.819,1.819,1.819,1.819,0,0.0,,,,,,,,
2013-12-16,1.819,1.819,1.819,1.819,0,0.0,,,,,,,,
2013-12-17,1.819,1.819,1.819,1.819,0,0.0,,,,,,,,
2013-12-18,1.819,1.819,1.819,1.819,0,0.0,,,,,,,,
2013-12-19,1.819,1.819,1.819,1.819,0,0.0,,,,,,,,
2013-12-20,1.819,1.819,1.819,1.819,0,0.0,,,,,,,,
2013-12-23,1.819,1.819,1.819,1.819,0,0.0,,,,,,,,
2013-12-24,1.819,1.819,1.819,1.819,0,0.0,,,,,,,,
2013-12-25,1.819,1.819,1.819,1.819,0,0.0,,,,,,,,
2013-12-26,1.819,1.819,1.819,1.819,0,0.0,,,,,,,,
2013-12-27,1.819,1.819,1.819,1.819,0,0.0,,,,,,,,
2013-12-30,1.819,1.819,1.819,1.819,0,0.0,,,,,,,,
2013-12-31,1.819,1.819,1.819,1.819,0,0.0,,,,,,,,
2014-01-02,1.819,1.819,1.819,1.819,0,0.0,,,,,,,,
2014-01-03,1.819,1.819,1.819,1.819,0,0.0,,,,,,,,
2014-01-06,1.819,1.819,1.819,1.819,0,0.0,,,,,,,,
2014-01-07,1.819,1.819,1.819,1.819,0,0.0,,,,,,,,
2014-01-08,1.819,1.819,1.819,1.819,0,0.0,,,,,,,,
2014-01-09,1.819,1.819,1.819,1.819,0,0.0,,,,,,,,
2014-01-10,1.819,1.819,1.819,1.819,0,0.0,,,,,,,,
2014-01-13,1.819,1.819,1.819,1.819,0,0.0,,,,,,,,
2014-01-14,1.819,1.819,1.819,1.819,0,0.0,,,,,,,,
2014-01-15,1.819,1.819,1.819,1.819,0,0.0,,,,,,,,
2014-01-16,1.819,1.819,1.819,1.819,0,0.0,,,,,,,,
2014-01-17,1.819,1.819,1.819,1.819,0,0.0,,,,,,,,
2014-01-20,1.819,1.819,1.819,1.819,0,0.0,,,,,,,,
2014-01-21,1.819,1.819,1.819,1.819,0,0.0,,,,,,,,
2014-01-22,1.819,1.819,1.819,1.819,0,0.0,,,,,,,,
2014-01-23,1.819,1.819,1.819,1.819,0,0.0,,,,,,,,
2014-01-24,1.819,1.819,1.819,1.819,0,0.0,,,,,,,,
2014-01-27,1.819,1.819,1.819,1.819,0,0.0,,,,,,,,
2014-02-06,2.54,2.54,2.54,2.54,100,254.0,,,,,,,,
2014-02-07,2.54,2.54,2.54,2.54,0,0.0,,,,,,,,
2014-02-10,2.54,2.54,2.54,2.54,0,0.0,,,,,,,,
2014-02-11,2.54,2.54,2.54,2.54,0,0.0,,,,,,,,
2014-02-12,2.54,2.54,2.54,2.54,0,0.0,,,,,,,,
2014-02-13,2.54,2.54,2.54,2.54,0,0.0,,,,,,,,
2014-02-14,2.54,2.54,2.54,2.54,0,0.0,,,,,,,,
2014-02-17,2.54,2.54,2.54,2.54,0,0.0,,,,,,,,
2014-02-18,2.54,2.54,2.54,2.54,0,0.0,,,,,,,,
2014-02-19,2.54,2.54,2.54,2.54,0,0.0,,,,,,,,
2014-02-20,2.54,2.54,2.54,2.54,0,0.0,,,,,,,,
2014-02-21,2.54,2.54,2.54,2.54,0,0.0,,,,,,,,
2014-02-24,2.54,2.54,2.54,2.54,0,0.0,,,,,,,,
2014-02-25,2.54,2.54,2.54,2.54,0,0.0,,,,,,,,
2014-02-26,2.54,2.54,2.54,2.54,0,0.0,,,,,,,,
2014-02-27,2.54,2.54,2.54,2.54,0,0.0,,,,,,,,
2014-02-28,2.54,2.54,2.54,2.54,0,0.0,,,,,,,,
2014-03-03,2.54,2.54,2.54,2.54,0,0.0,,,,,,,,
2014-03-04,2.54,2.54,2.54,2.54,0,0.0,,,,,,,,
2014-03-05,2.54,2.54,2.54,2.54,0,0.0,,,,,,,,
2014-03-06,2.54,2.54,2.54,2.54,0,0.0,,,,,,,,
2014-03-07,2.54,2.54,2.54,2.54,0,0.0,,,,,,,,
2014-03-10,2.29,2.29,2.29,2.29,100,229.0,,,,,,,,
2014-03-11,2.29,2.29,2.29,2.29,0,0.0,,,,,,,,
2014-03-12,2.29,2.29,2.29,2.29,0,0.0,,,,,,,,
2014-03-13,2.29,2.29,2.29,2.29,0,0.0,,,,,,,,
2014-03-14,2.29,2.29,2.29,2.29,0,0.0,,,,,,,,
2014-03-17,1.819,1.819,1.819,1.819,0,0.0,,,,,,,,
2014-03-18,2.29,2.29,2.29,2.29,0,0.0,,,,,,,,
2014-03-19,2.29,2.29,2.29,2.29,0,0.0,,,,,,,,
2014-03-20,2.29,2.29,2.29,2.29,0,0.0,,,,,,,,
2014-03-21,2.29,2.29,2.29,2.29,0,0.0,,,,,,,,
2014-03-24,2.29,2.29,2.29,2.29,0,0.0,,,,,,,,
2014-03-25,2.29,2.29,2.29,2.29,0,0.0,,,,,,,,
2014-03-26,2.29,2.29,2.29,2.29,0,0.0,,,,,,,,
2014-03-27,2.29,2.29,2.29,2.29,0,0.0,,,,,,,,
2014-03-28,2.29,2.29,2.29,2.29,0,0.0,,,,,,,,
2014-03-31,2.29,2.29,2.29,2.29,0,0.0,,,,,,,,
2014-04-01,2.29,2.29,2.29,2.29,0,0.0,,,,,,,,
2014-04-02,2.29,2.29,2.29,2.29,0,0.0,,,,,,,,
2014-04-03,2.29,2.29,2.29,2.29,0,0.0,,,,,,,,
2014-04-04,2.29,2.29,2.29,2.29,0,0.0,,,,,,,,
2014-04-07,2.29,2.29,2.29,2.29,0,0.0,,,,,,,,
2014-04-08,2.29,2.29,2.29,2.29,0,0.0,,,,,,,,
2014-04-10,2.487,2.487,2.487,2.487,7000,17409.0,,,,,,,,
2014-04-11,2.487,2.487,2.487,2.487,0,0.0,,,,,,,,
2014-04-14,2.487,2.487,2.487,2.487,0,0.0,,,,,,,,
2014-04-15,2.487,2.487,2.487,2.487,0,0.0,,,,,,,,
2014-04-16,2.487,2.487,2.487,2.487,0,0.0,,,,,,,,
2014-04-17,2.487,2.487,2.487,2.487,0,0.0,,,,,,,,
2014-04-18,2.487,2.487,2.487,2.487,0,0.0,,,,,,,,
2014-04-21,2.487,2.487,2.487,2.487,0,0.0,,,,,,,,
2014-04-22,2.487,2.487,2.487,2.487,0,0.0,,,,,,,,
2014-04-23,2.487,2.487,2.487,2.487,0,0.0,,,,,,,,
2014-04-24,2.487,2.487,2.487,2.487,0,0.0,,,,,,,,
2014-04-25,2.487,2.487,2.487,2.487,0,0.0,,,,,,,,
2014-04-28,2.487,2.487,2.487,2.487,0,0.0,,,,,,,,
2014-04-29,2.487,2.487,2.487,2.487,0,0.0,,,,,,,,
2014-05-05,2.487,2.487,2.487,2.487,0,0.0,,,,,,,,
2014-05-06,2.487,2.487,2.487,2.487,0,0.0,,,,,,,,
2014-05-07,2.487,2.487,2.487,2.487,0,0.0,,,,,,,,
2014-05-08,2.487,2.487,2.487,2.487,0,0.0,,,,,,,,
2014-05-09,2.487,2.487,2.487,2.487,0,0.0,,,,,,,,
2014-05-12,2.487,2.487,2.487,2.487,0,0.0,,,,,,,,
2014-05-13,2.487,2.487,2.487,2.487,0,0.0,,,,,,,,
2014-05-14,2.487,2.487,2.487,2.487,0,0.0,,,,,,,,
2014-05-15,2.487,2.487,2.487,2.487,0,0.0,,,,,,,,
2014-05-16,2.487,2.487,2.487,2.487,0,0.0,,,,,,,,
2014-05-19,2.487,2.487,2.487,2.487,0,0.0,,,,,,,,
2014-05-20,2.487,2.487,2.487,2.487,0,0.0,,,,,,,,
2014-05-21,2.487,2.487,2.487,2.487,0,0.0,,,,,,,,
2014-05-22,3.474,3.474,3.474,3.474,100,347.40000000000003,,,,,,,,
2014-05-23,3.474,3.474,3.474,3.474,0,0.0,,,,,,,,
2014-05-26,3.474,3.474,3.474,3.474,0,0.0,,,,,,,,
2014-05-27,3.474,3.474,3.474,3.474,0,0.0,,,,,,,,
2014-05-28,3.79,3.79,3.592,3.592,300,1077.6,,,,,,,,
2014-05-29,3.671,3.671,3.671,3.671,0,0.0,,,,,,,,
2014-05-30,3.671,3.671,3.671,3.671,0,0.0,,,,,,,,
2014-06-02,3.513,3.513,3.513,3.513,100,351.3,,,,,,,,
2014-06-03,3.316,3.316,3.316,3.316,200,663.1999999999999,,,,,,,,
2014-06-04,3.316,3.316,3.316,3.316,0,0.0,,,,,,,,
2014-06-05,3.316,3.316,3.316,3.316,0,0.0,,,,,,,,
2014-06-06,3.316,3.316,3.316,3.316,0,0.0,,,,,,,,
2014-06-09,3.316,3.316,3.316,3.316,0,0.0,,,,,,,,
2014-06-10,3.316,3.316,3.316,3.316,0,0.0,,,,,,,,
2014-06-11,3.316,3.316,3.316,3.316,0,0.0,,,,,,,,
2014-06-12,3.316,3.316,3.316,3.316,0,0.0,,,,,,,,
2014-06-13,3.316,3.316,3.316,3.316,0,0.0,,,,,,,,
2014-06-16,3.316,3.316,3.316,3.316,0,0.0,,,,,,,,
2014-06-17,3.316,3.316,3.316,3.316,0,0.0,,,,,,,,
2014-06-18,3.316,3.316,3.316,3.316,0,0.0,,,,,,,,
2014-06-19,3.316,3.316,3.316,3.316,0,0.0,,,,,,,,
2014-06-20,3.316,3.316,3.316,3.316,0,0.0,,,,,,,,
2014-06-23,3.316,3.316,3.316,3.316,0,0.0,,,,,,,,
2014-06-24,3.316,3.316,3.316,3.316,0,0.0,,,,,,,,
2014-06-25,3.316,3.316,3.316,3.316,0,0.0,,,,,,,,
2014-06-26,3.316,3.316,3.316,3.316,0,0.0,,,,,,,,
2014-06-27,3.316,3.316,3.316,3.316,0,0.0,,,,,,,,
2014-06-30,3.355,3.355,3.355,3.355,100,335.5,,,,,,,,
2014-07-01,3.355,3.355,3.355,3.355,0,0.0,,,,,,,,
2014-07-02,3.355,3.355,3.355,3.355,0,0.0,,,,,,,,
2014-07-03,3.355,3.355,3.355,3.355,0,0.0,,,,,,,,
2014-07-04,3.355,3.355,3.355,3.355,0,0.0,,,,,,,,
2014-07-07,3.355,3.355,3.355,3.355,0,0.0,,,,,,,,
2014-07-08,3.355,3.355,3.355,3.355,0,0.0,,,,,,,,
2014-07-09,3.355,3.355,3.355,3.355,0,0.0,,,,,,,,
2014-07-10,3.355,3.355,3.355,3.355,0,0.0,,,,,,,,
2014-07-11,3.355,3.355,3.355,3.355,0,0.0,,,,,,,,
2014-07-14,3.355,3.355,3.355,3.355,0,0.0,,,,,,,,
2014-07-15,3.355,3.355,3.355,3.355,0,0.0,,,,,,,,
2014-07-16,3.355,3.355,3.355,3.355,0,0.0,,,,,,,,
2014-07-17,3.355,3.355,3.355,3.355,0,0.0,,,,,,,,
2014-07-18,3.355,3.355,3.355,3.355,0,0.0,,,,,,,,
2014-07-21,3.355,3.355,3.355,3.355,0,0.0,,,,,,,,
2014-07-22,3.355,3.355,3.355,3.355,0,0.0,,,,,,,,
2014-07-23,3.355,3.355,3.355,3.355,0,0.0,,,,,,,,
2014-07-24,3.355,3.355,3.355,3.355,0,0.0,,,,,,,,
2014-07-25,3.355,3.355,3.355,3.355,0,0.0,,,,,,,,
2014-07-28,3.355,3.355,3.355,3.355,0,0.0,,,,,,,,
2014-07-29,3.355,3.355,3.355,3.355,0,0.0,,,,,,,,
2014-07-30,3.355,3.355,3.355,3.355,0,0.0,,,,,,,,
2014-07-31,3.355,3.355,3.355,3.355,0,0.0,,,,,,,,
2014-08-01,3.355,3.355,3.355,3.355,0,0.0,,,,,,,,
2014-08-04,3.355,3.355,3.355,3.355,0,0.0,,,,,,,,
2014-08-05,3.355,3.355,3.355,3.355,0,0.0,,,,,,,,
2014-08-06,4.698,4.698,4.698,4.698,2000,9396.0,,,,,,,,
2014-08-07,5.132,5.132,5.132,5.132,100,513.1999999999999,,,,,,,,
2014-08-08,5.132,5.132,5.132,5.132,0,0.0,,,,,,,,
2014-08-11,5.132,5.132,5.132,5.132,0,0.0,,,,,,,,
2014-08-12,5.132,5.132,5.132,5.132,0,0.0,,,,,,,,
2014-08-13,4.658,4.658,4.658,4.658,100,465.8,,,,,,,,
2014-08-14,4.658,4.658,4.658,4.658,0,0.0,,,,,,,,
2014-08-15,4.658,4.658,4.658,4.658,0,0.0,,,,,,,,
2014-08-18,4.263,4.263,4.263,4.263,100,426.3,,,,,,,,
2014-08-19,4.263,4.263,4.263,4.263,0,0.0,,,,,,,,
2014-08-20,4.263,4.263,4.263,4.263,0,0.0,,,,,,,,
2014-08-21,4.263,4.263,4.263,4.263,0,0.0,,,,,,,,
2014-08-22,4.263,4.263,4.263,4.263,0,0.0,,,,,,,,
2014-08-25,4.263,4.263,4.263,4.263,0,0.0,,,,,,,,
2014-08-26,4.263,4.263,4.263,4.263,0,0.0,,,,,,,,
2014-08-27,4.263,4.263,4.263,4.263,0,0.0,,,,,,,,
2014-08-28,4.263,4.263,4.263,4.263,0,0.0,,,,,,,,
2014-08-29,4.263,4.263,4.263,4.263,0,0.0,,,,,,,,
2014-09-03,4.263,4.263,4.263,4.263,0,0.0,,,,,,,,
2014-09-04,4.263,4.263,4.263,4.263,0,0.0,,,,,,,,
2014-09-05,4.263,4.263,4.263,4.263,0,0.0,,,,,,,,
2014-09-08,4.263,4.263,4.263,4.263,0,0.0,,,,,,,,
2014-09-09,4.263,4.263,4.263,4.263,0,0.0,,,,,,,,
2014-09-10,4.263,4.263,4.263,4.263,0,0.0,,,,,,,,
2014-09-11,4.263,4.263,4.263,4.263,0,0.0,,,,,,,,
2014-09-12,4.263,4.263,4.263,4.263,0,0.0,,,,,,,,
2014-09-15,4.263,4.263,4.263,4.263,0,0.0,,,,,,,,
2014-09-16,4.263,4.263,4.263,4.263,0,0.0,,,,,,,,
2014-09-17,4.263,4.263,4.263,4.263,0,0.0,,,,,,,,
2014-09-18,3.908,3.908,3.908,3.908,100,390.8,,,,,,,,
2014-09-19,3.908,3.908,3.908,3.908,0,0.0,,,,,,,,
2014-09-22,3.908,3.908,3.908,3.908,0,0.0,,,,,,,,
2014-09-23,3.908,3.908,3.908,3.908,0,0.0,,,,,,,,
2014-09-24,3.592,3.592,3.592,3.592,200,718.4,,,,,,,,
2014-09-25,3.592,3.592,3.592,3.592,0,0.0,,,,,,,,
2014-09-26,3.592,3.592,3.592,3.592,0,0.0,,,,,,,,
2014-09-29,3.592,3.592,3.592,3.592,0,0.0,,,,,,,,
2014-09-30,3.592,3.592,3.592,3.592,0,0.0,,,,,,,,
2014-10-01,3.592,3.592,3.592,3.592,0,0.0,,,,,,,,
2014-10-02,3.592,3.592,3.592,3.592,0,0.0,,,,,,,,
2014-10-03,3.592,3.592,3.592,3.592,0,0.0,,,,,,,,
2014-10-06,3.592,3.592,3.592,3.592,0,0.0,,,,,,,,
2014-10-07,3.948,3.948,3.948,3.948,3000,11844.0,,,,,,,,
2014-10-08,3.948,3.948,3.948,3.948,0,0.0,,,,,,,,
2014-10-09,3.948,3.948,3.948,3.948,0,0.0,,,,,,,,
2014-10-10,3.948,3.948,3.948,3.948,0,0.0,,,,,,,,
2014-10-13,3.948,3.948,3.948,3.948,0,0.0,,,,,,,,
2014-10-14,3.948,3.948,3.948,3.948,0,0.0,,,,,,,,
2014-10-15,3.948,3.948,3.948,3.948,0,0.0,,,,,,,,
2014-10-16,3.948,3.948,3.948,3.948,0,0.0,,,,,,,,
2014-10-17,3.948,3.948,3.948,3.948,0,0.0,,,,,,,,
2014-10-20,3.948,3.948,3.948,3.948,0,0.0,,,,,,,,
2014-10-21,3.948,3.948,3.948,3.948,0,0.0,,,,,,,,
2014-10-22,3.948,3.948,3.948,3.948,0,0.0,,,,,,,,
2014-10-23,3.948,3.948,3.948,3.948,0,0.0,,,,,,,,
2014-10-24,3.948,3.948,3.948,3.948,0,0.0,,,,,,,,
2014-10-27,3.948,3.948,3.948,3.948,0,0.0,,,,,,,,
2014-10-28,3.948,3.948,3.948,3.948,0,0.0,,,,,,,,
2014-10-29,3.948,3.948,3.948,3.948,0,0.0,,,,,,,,
2014-10-30,3.948,3.948,3.948,3.948,0,0.0,,,,,,,,
2014-10-31,3.948,3.948,3.948,3.948,0,0.0,,,,,,,,
2014-11-03,3.948,3.948,3.948,3.948,0,0.0,,,,,,,,
2014-11-04,3.948,3.948,3.948,3.948,0,0.0,,,,,,,,
2014-11-05,3.948,3.948,3.948,3.948,0,0.0,,,,,,,,
2014-11-06,3.948,3.948,3.948,3.948,0,0.0,,,,,,,,
2014-11-07,3.948,3.948,3.948,3.948,0,0.0,,,,,,,,
2014-11-10,3.948,3.948,3.948,3.948,0,0.0,,,,,,,,
2014-11-11,3.948,3.948,3.948,3.948,0,0.0,,,,,,,,
2014-11-12,3.948,3.948,3.948,3.948,0,0.0,,,,,,,,
2014-11-13,3.948,3.948,3.948,3.948,0,0.0,,,,,,,,
2014-11-14,3.948,3.948,3.948,3.948,0,0.0,,,,,,,,
2014-11-17,3.948,3.948,3.948,3.948,0,0.0,,,,,,,,
2014-11-18,3.948,3.948,3.948,3.948,0,0.0,,,,,,,,
2014-11-19,3.948,3.948,3.948,3.948,0,0.0,,,,,,,,
2014-11-20,3.948,3.948,3.948,3.948,0,0.0,,,,,,,,
2014-11-21,3.948,3.948,3.948,3.948,0,0.0,,,,,,,,
2014-11-24,3.948,3.948,3.948,3.948,0,0.0,,,,,,,,
2014-11-25,3.948,3.948,3.948,3.948,0,0.0,,,,,,,,
2014-11-26,3.948,3.948,3.948,3.948,0,0.0,,,,,,,,
2014-11-27,3.948,3.948,3.948,3.948,0,0.0,,,,,,,,
2014-11-28,3.948,3.948,3.948,3.948,0,0.0,,,,,,,,
2014-12-01,3.948,3.948,3.948,3.948,0,0.0,,,,,,,,
2014-12-02,3.948,3.948,3.948,3.948,0,0.0,,,,,,,,
2014-12-03,3.948,3.948,3.948,3.948,0,0.0,,,,,,,,
2014-12-04,3.948,3.948,3.948,3.948,0,0.0,,,,,,,,
2014-12-05,3.948,3.948,3.948,3.948,0,0.0,,,,,,,,
2014-12-08,3.948,3.948,3.948,3.948,0,0.0,,,,,,,,
2014-12-09,3.987,3.987,3.987,3.987,100,398.7,,,,,,,,
2014-12-10,3.987,3.987,3.987,3.987,0,0.0,,,,,,,,
2014-12-11,3.987,3.987,3.987,3.987,0,0.0,,,,,,,,
2014-12-12,3.987,3.987,3.987,3.987,0,0.0,,,,,,,,
2014-12-15,3.987,3.987,3.987,3.987,0,0.0,,,,,,,,
2014-12-16,3.987,3.987,3.987,3.987,0,0.0,,,,,,,,
2014-12-17,3.987,3.987,3.987,3.987,0,0.0,,,,,,,,
2014-12-18,3.987,3.987,3.987,3.987,0,0.0,,,,,,,,
2014-12-19,3.987,3.987,3.987,3.987,0,0.0,,,,,,,,
2014-12-22,3.987,3.987,3.987,3.987,0,0.0,,,,,,,,
2014-12-23,3.987,3.987,3.987,3.987,0,0.0,,,,,,,,
2014-12-24,3.987,3.987,3.987,3.987,0,0.0,,,,,,,,
2014-12-25,3.987,3.987,3.987,3.987,0,0.0,,,,,,,,
2014-12-26,3.987,3.987,3.987,3.987,0,0.0,,,,,,,,
2014-12-29,3.987,3.987,3.987,3.987,0,0.0,,,,,,,,
2014-12-30,3.987,3.987,3.987,3.987,0,0.0,,,,,,,,
2014-12-31,3.987,3.987,3.987,3.987,0,0.0,,,,,,,,
2015-01-05,3.987,3.987,3.987,3.987,0,0.0,,,,,,,,
2015-01-06,3.987,3.987,3.987,3.987,0,0.0,,,,,,,,
2015-01-07,3.987,3.987,3.987,3.987,0,0.0,,,,,,,,
2015-01-08,3.987,3.987,3.987,3.987,0,0.0,,,,,,,,
2015-01-09,3.987,3.987,3.987,3.987,0,0.0,,,,,,,,
2015-01-12,3.987,3.987,3.987,3.987,0,0.0,,,,,,,,
2015-01-13,3.987,3.987,3.987,3.987,0,0.0,,,,,,,,
2015-01-14,3.987,3.987,3.987,3.987,0,0.0,,,,,,,,
2015-01-15,3.987,3.987,3.987,3.987,0,0.0,,,,,,,,
2015-01-16,3.987,3.987,3.987,3.987,0,0.0,,,,,,,,
2015-01-19,3.987,3.987,3.987,3.987,0,0.0,,,,,,,,
2015-01-20,3.829,3.829,3.829,3.829,100,382.9,,,,,,,,
2015-01-21,3.829,3.829,3.829,3.829,0,0.0,,,,,,,,
2015-01-22,3.829,3.829,3.829,3.829,0,0.0,,,,,,,,
2015-01-23,3.829,3.829,3.829,3.829,0,0.0,,,,,,,,
2015-01-26,3.829,3.829,3.829,3.829,0,0.0,,,,,,,,
2015-01-27,3.829,3.829,3.829,3.829,0,0.0,,,,,,,,
2015-01-28,3.829,3.829,3.829,3.829,0,0.0,,,,,,,,
2015-01-29,4.184,4.184,4.184,4.184,100,418.4,,,,,,,,
2015-01-30,4.184,4.184,4.184,4.184,0,0.0,,,,,,,,
2015-02-02,4.342,4.579,4.342,4.579,1000,4579.0,,,,,,,,
2015-02-03,3.948,4.145,3.948,4.145,300,1243.4999999999998,,,,,,,,
2015-02-04,4.461,4.461,3.671,4.461,400,1784.4,,,,,,,,
2015-02-05,3.869,4.658,3.869,4.658,200,931.6,,,,,,,,
2015-02-06,4.658,4.658,4.658,4.658,200,931.6,,,,,,,,
2015-02-09,4.658,4.658,4.658,4.658,0,0.0,,,,,,,,
2015-02-10,4.658,4.658,4.658,4.658,0,0.0,,,,,,,,
2015-02-11,4.658,4.658,4.658,4.658,0,0.0,,,,,,,,
2015-02-12,4.737,4.737,4.737,4.737,300,1421.1,,,,,,,,
2015-02-13,4.737,4.737,4.737,4.737,0,0.0,,,,,,,,
2015-02-24,4.737,4.737,4.737,4.737,0,0.0,,,,,,,,
2015-02-25,5.132,5.132,5.132,5.132,100,513.1999999999999,,,,,,,,
2015-02-26,5.132,5.132,5.132,5.132,0,0.0,,,,,,,,
2015-02-27,5.527,5.527,5.527,5.527,400,2210.8,,,,,,,,
2015-03-02,5.527,5.527,5.527,5.527,0,0.0,,,,,,,,
2015-03-03,5.527,5.527,5.527,5.527,0,0.0,,,,,,,,
2015-03-04,5.527,5.527,5.527,5.527,0,0.0,,,,,,,,
2015-03-05,5.527,5.527,5.527,5.527,0,0.0,,,,,,,,
2015-03-06,5.527,5.527,5.527,5.527,0,0.0,,,,,,,,
2015-03-09,5.527,5.527,5.527,5.527,0,0.0,,,,,,,,
2015-03-10,5.527,5.527,5.527,5.527,100,552.7,,,,,,,,
2015-03-11,5.527,5.527,5.527,5.527,0,0.0,,,,,,,,
2015-03-12,5.921,5.921,5.921,5.921,100,592.1,,,,,,,,
2015-03-13,5.329,5.329,5.329,5.329,100,532.9,,,,,,,,
2015-03-16,4.816,4.816,4.816,4.816,500,2408.0,,,,,,,,
2015-03-17,4.934,4.934,4.934,4.934,100,493.4,,,,,,,,
2015-03-18,5.329,5.329,5.329,5.329,100,532.9,,,,,,,,
2015-03-19,4.855,5.842,4.855,5.842,200,1168.4,,,,,,,,
2015-03-20,5.369,5.369,5.369,5.369,0,0.0,,,,,,,,
2015-03-23,5.008,5.008,5.008,5.008,100,500.8,,,,,,,,
2015-03-24,5.008,5.008,5.008,5.008,0,0.0,,,,,,,,
2015-03-25,5.008,5.008,5.008,5.008,0,0.0,,,,,,,,
2015-03-26,5.008,5.008,5.008,5.008,0,0.0,,,,,,,,
2015-03-27,5.008,5.008,5.008,5.008,0,0.0,,,,,,,,
2015-03-30,5.008,5.008,5.008,5.008,0,0.0,,,,,,,,
2015-03-31,5.008,5.008,5.008,5.008,0,0.0,,,,,,,,
2015-04-01,5.008,5.008,5.008,5.008,0,0.0,,,,,,,,
2015-04-02,5.008,5.008,5.008,5.008,0,0.0,,,,,,,,
2015-04-03,5.008,5.008,5.008,5.008,0,0.0,,,,,,,,
2015-04-06,5.008,5.008,5.008,5.008,0,0.0,,,,,,,,
2015-04-07,5.008,5.008,5.008,5.008,0,0.0,,,,,,,,
2015-04-08,5.008,5.008,5.008,5.008,0,0.0,,,,,,,,
2015-04-09,5.008,5.008,5.008,5.008,0,0.0,,,,,,,,
2015-04-10,5.008,5.008,5.008,5.008,0,0.0,,,,,,,,
2015-04-13,5.008,5.008,5.008,5.008,0,0.0,,,,,,,,
2015-04-14,5.008,5.008,5.008,5.008,0,0.0,,,,,,,,
2015-04-15,5.008,5.008,5.008,5.008,0,0.0,,,,,,,,
2015-04-16,5.008,5.008,5.008,5.008,0,0.0,,,,,,,,
2015-04-17,5.008,5.008,5.008,5.008,0,0.0,,,,,,,,
2015-04-20,5.008,5.008,5.008,5.008,0,0.0,,,,,,,,
2015-04-21,5.008,5.008,5.008,5.008,0,0.0,,,,,,,,
2015-04-22,5.008,5.008,5.008,5.008,0,0.0,,,,,,,,
2015-04-23,5.008,5.008,5.008,5.008,0,0.0,,,,,,,,
2015-04-24,5.008,5.008,5.008,5.008,0,0.0,,,,,,,,
2015-04-27,5.008,5.008,5.008,5.008,0,0.0,,,,,,,,
2015-05-04,5.008,5.008,5.008,5.008,0,0.0,,,,,,,,
2015-05-05,5.008,5.008,5.008,5.008,0,0.0,,,,,,,,
2015-05-06,4.782,4.782,4.782,4.782,100,478.2,,,,,,,,
2015-05-07,4.782,4.782,4.782,4.782,0,0.0,,,,,,,,
2015-05-08,4.782,4.782,4.782,4.782,0,0.0,,,,,,,,
2015-05-11,4.782,4.782,4.782,4.782,0,0.0,,,,,,,,
2015-05-12,4.782,4.782,4.782,4.782,0,0.0,,,,,,,,
2015-05-13,4.782,4.782,4.782,4.782,0,0.0,,,,,,,,
2015-05-14,4.782,4.782,4.782,4.782,0,0.0,,,,,,,,
2015-05-15,4.782,4.782,4.782,4.782,0,0.0,,,,,,,,
2015-05-18,4.782,4.782,4.782,4.782,0,0.0,,,,,,,,
2015-05-19,4.557,4.557,4.557,4.557,100,455.7000000000001,,,,,,,,
2015-05-20,4.557,4.557,4.557,4.557,0,0.0,,,,,,,,
2015-05-21,4.557,4.557,4.557,4.557,0,0.0,,,,,,,,
2015-05-22,4.557,4.557,4.557,4.557,0,0.0,,,,,,,,
2015-05-25,4.557,4.557,4.557,4.557,0,0.0,,,,,,,,
2015-05-26,4.557,4.557,4.557,4.557,0,0.0,,,,,,,,
2015-05-27,4.557,4.557,4.557,4.557,0,0.0,,,,,,,,
2015-05-28,4.557,4.557,4.557,4.557,0,0.0,,,,,,,,
2015-05-29,4.557,4.557,4.557,4.557,0,0.0,,,,,,,,
2015-06-01,4.557,4.557,4.557,4.557,0,0.0,,,,,,,,
2015-06-02,4.557,4.557,4.557,4.557,0,0.0,,,,,,,,
2015-06-03,4.557,4.557,4.557,4.557,0,0.0,,,,,,,,
2015-06-04,4.557,4.557,4.557,4.557,0,0.0,,,,,,,,
2015-06-05,4.557,4.557,4.557,4.557,0,0.0,,,,,,,,
2015-06-08,4.557,4.557,4.557,4.557,0,0.0,,,,,,,,
2015-06-09,4.557,4.557,4.557,4.557,0,0.0,,,,,,,,
2015-06-10,4.557,4.557,4.557,4.557,0,0.0,,,,,,,,
2015-06-11,4.557,4.557,4.557,4.557,0,0.0,,,,,,,,
2015-06-12,4.557,4.557,4.557,4.557,0,0.0,,,,,,,,
2015-06-15,4.557,4.557,4.557,4.557,0,0.0,,,,,,,,
2015-06-16,4.557,4.557,4.557,4.557,0,0.0,,,,,,,,
2015-06-17,4.557,4.557,4.557,4.557,0,0.0,,,,,,,,
2015-06-18,4.557,4.557,4.557,4.557,0,0.0,,,,,,,,
2015-06-19,4.557,4.557,4.557,4.557,0,0.0,,,,,,,,
2015-06-22,4.557,4.557,4.557,4.557,0,0.0,,,,,,,,
2015-06-23,4.557,4.557,4.557,4.557,0,0.0,,,,,,,,
2015-06-24,4.557,4.557,4.557,4.557,0,0.0,,,,,,,,
2015-06-25,6.361,6.361,6.361,6.361,200,1272.2,,,,,,,,
2015-06-26,6.361,6.361,6.361,6.361,0,0.0,,,,,,,,
2015-06-29,5.775,5.775,5.775,5.775,100,577.5,,,,,,,,
2015-06-30,5.775,5.775,5.775,5.775,0,0.0,,,,,,,,
2015-07-01,5.775,5.775,5.775,5.775,0,0.0,,,,,,,,
2015-07-02,5.775,5.775,5.775,5.775,0,0.0,,,,,,,,
2015-07-03,5.775,5.775,5.775,5.775,0,0.0,,,,,,,,
2015-07-06,5.775,5.775,5.775,5.775,0,0.0,,,,,,,,
2015-07-07,5.775,5.775,5.775,5.775,0,0.0,,,,,,,,
2015-07-08,4.963,4.963,4.963,4.963,100,496.3,,,,,,,,
2015-07-09,4.963,4.963,4.963,4.963,0,0.0,,,,,,,,
2015-07-10,4.963,4.963,4.963,4.963,0,0.0,,,,,,,,
2015-07-13,4.963,4.963,4.963,4.963,0,0.0,,,,,,,,
2015-07-14,4.963,4.963,4.963,4.963,0,0.0,,,,,,,,
2015-07-15,4.963,4.963,4.963,4.963,0,0.0,,,,,,,,
2015-07-16,4.963,4.963,4.963,4.963,0,0.0,,,,,,,,
2015-07-17,4.963,4.963,4.963,4.963,0,0.0,,,,,,,,
2015-07-20,4.963,4.963,4.963,4.963,0,0.0,,,,,,,,
2015-07-21,4.963,4.963,4.963,4.963,0,0.0,,,,,,,,
2015-07-22,4.963,4.963,4.963,4.963,0,0.0,,,,,,,,
2015-07-23,4.963,4.963,4.963,4.963,0,0.0,,,,,,,,
2015-07-24,4.963,4.963,4.963,4.963,0,0.0,,,,,,,,
2015-07-27,5.684,5.684,5.684,5.684,100,568.4,,,,,,,,
2015-07-28,5.684,5.684,5.684,5.684,0,0.0,,,,,,,,
2015-07-29,5.684,5.684,5.684,5.684,0,0.0,,,,,,,,
2015-07-30,5.684,5.684,5.684,5.684,0,0.0,,,,,,,,
2015-07-31,5.684,5.684,5.684,5.684,0,0.0,,,,,,,,
2015-08-03,5.684,5.684,5.684,5.684,0,0.0,,,,,,,,
2015-08-04,5.684,5.684,5.684,5.684,0,0.0,,,,,,,,
2015-08-05,6.497,6.497,6.497,6.497,100,649.7,,,,,,,,
2015-08-06,6.497,6.497,6.497,6.497,0,0.0,,,,,,,,
2015-08-07,6.497,6.497,6.497,6.497,0,0.0,,,,,,,,
2015-08-10,5.594,5.594,5.594,5.594,100,559.4,,,,,,,,
2015-08-11,5.594,5.594,5.594,5.594,0,0.0,,,,,,,,
2015-08-12,4.827,4.827,4.827,4.827,100,482.7,,,,,,,,
2015-08-13,4.827,4.827,4.827,4.827,0,0.0,,,,,,,,
2015-08-14,4.827,4.827,4.827,4.827,0,0.0,,,,,,,,
2015-08-17,4.827,4.827,4.827,4.827,0,0.0,,,,,,,,
2015-08-18,4.827,4.827,4.827,4.827,0,0.0,,,,,,,,
2015-08-19,4.827,4.827,4.827,4.827,0,0.0,,,,,,,,
2015-08-20,4.827,4.827,4.827,4.827,0,0.0,,,,,,,,
2015-08-21,4.827,4.827,4.827,4.827,0,0.0,,,,,,,,
2015-08-24,4.827,4.827,4.827,4.827,0,0.0,,,,,,,,
2015-08-25,4.827,4.827,4.827,4.827,0,0.0,,,,,,,,
2015-08-26,5.549,5.549,5.549,5.549,100,554.9000000000001,,,,,,,,
2015-08-27,6.361,6.361,6.361,6.361,100,636.1,,,,,,,,
2015-08-28,6.361,6.361,6.361,6.361,0,0.0,,,,,,,,
2015-08-31,5.594,5.594,5.594,5.594,100,559.4,,,,,,,,
2015-09-01,5.594,5.594,5.594,5.594,0,0.0,,,,,,,,
2015-09-03,5.594,5.594,5.594,5.594,0,0.0,,,,,,,,
2015-09-04,5.594,5.594,5.594,5.594,0,0.0,,,,,,,,
2015-09-07,5.594,5.594,5.594,5.594,0,0.0,,,,,,,,
2015-09-08,5.594,5.594,5.594,5.594,0,0.0,,,,,,,,
2015-09-09,5.594,5.594,5.594,5.594,0,0.0,,,,,,,,
2015-09-10,6.406,6.406,6.406,6.406,100,640.6,,,,,,,,
2015-09-11,6.406,6.406,6.406,6.406,0,0.0,,,,,,,,
2015-09-14,5.865,5.865,5.865,5.865,100,586.5,,,,,,,,
2015-09-15,5.865,5.865,5.865,5.865,0,0.0,,,,,,,,
2015-09-16,5.865,5.865,5.865,5.865,0,0.0,,,,,,,,
2015-09-17,5.865,5.865,5.865,5.865,0,0.0,,,,,,,,
2015-09-18,5.865,5.865,5.865,5.865,0,0.0,,,,,,,,
2015-09-21,6.406,6.406,6.406,6.406,100,640.6,,,,,,,,
2015-09-22,6.406,6.406,6.406,6.406,0,0.0,,,,,,,,
2015-09-23,6.406,6.406,6.406,6.406,0,0.0,,,,,,,,
2015-09-24,5.865,5.865,5.865,5.865,100,586.5,,,,,,,,
2015-09-25,5.865,5.865,5.865,5.865,0,0.0,,,,,,,,
2015-09-28,5.865,5.865,5.865,5.865,0,0.0,,,,,,,,
2015-09-29,5.865,5.865,5.865,5.865,0,0.0,,,,,,,,
2015-09-30,5.865,5.865,5.865,5.865,0,0.0,,,,,,,,
2015-10-01,5.865,5.865,5.865,5.865,0,0.0,,,,,,,,
2015-10-02,5.865,5.865,5.865,5.865,0,0.0,,,,,,,,
2015-10-05,5.865,5.865,5.865,5.865,0,0.0,,,,,,,,
2015-10-06,5.865,5.865,5.865,5.865,0,0.0,,,,,,,,
2015-10-07,5.865,5.865,5.865,5.865,0,0.0,,,,,,,,
2015-10-08,5.865,5.865,5.865,5.865,0,0.0,,,,,,,,
2015-10-09,5.865,5.865,5.865,5.865,0,0.0,,,,,,,,
2015-10-12,5.865,5.865,5.865,5.865,0,0.0,,,,,,,,
2015-10-13,5.865,5.865,5.865,5.865,0,0.0,,,,,,,,
2015-10-14,5.865,5.865,5.865,5.865,0,0.0,,,,,,,,
2015-10-15,5.865,5.865,5.865,5.865,0,0.0,,,,,,,,
2015-10-16,5.865,5.865,5.865,5.865,0,0.0,,,,,,,,
2015-10-19,5.865,5.865,5.865,5.865,0,0.0,,,,,,,,
2015-10-20,5.865,5.865,5.865,5.865,0,0.0,,,,,,,,
2015-10-21,5.865,5.865,5.865,5.865,0,0.0,,,,,,,,
2015-10-22,5.865,5.865,5.865,5.865,0,0.0,,,,,,,,
2015-10-23,5.865,5.865,5.865,5.865,0,0.0,,,,,,,,
2015-10-26,5.865,5.865,5.865,5.865,0,0.0,,,,,,,,
2015-10-27,5.865,5.865,5.865,5.865,0,0.0,,,,,,,,
2015-10-28,5.865,5.865,5.865,5.865,0,0.0,,,,,,,,
2015-10-29,5.865,5.865,5.865,5.865,0,0.0,,,,,,,,
2015-10-30,5.865,5.865,5.865,5.865,0,0.0,,,,,,,,
2015-11-02,5.865,5.865,5.865,5.865,0,0.0,,,,,,,,
2015-11-03,5.865,5.865,5.865,5.865,0,0.0,,,,,,,,
2015-11-04,5.865,5.865,5.865,5.865,0,0.0,,,,,,,,
2015-11-05,5.865,5.865,5.865,5.865,0,0.0,,,,,,,,
2015-11-06,5.865,5.865,5.865,5.865,0,0.0,,,,,,,,
2015-11-09,5.865,5.865,5.865,5.865,0,0.0,,,,,,,,
2015-11-10,5.865,5.865,5.865,5.865,0,0.0,,,,,,,,
2015-11-11,5.865,5.865,5.865,5.865,0,0.0,,,,,,,,
2015-11-12,5.865,5.865,5.865,5.865,0,0.0,,,,,,,,
2015-11-13,5.865,5.865,5.865,5.865,0,0.0,,,,,,,,
2015-11-16,5.865,5.865,5.865,5.865,0,0.0,,,,,,,,
2015-11-17,5.865,5.865,5.865,5.865,0,0.0,,,,,,,,
2015-11-18,5.865,5.865,5.865,5.865,0,0.0,,,,,,,,
2015-11-19,5.865,5.865,5.865,5.865,0,0.0,,,,,,,,
2015-11-20,5.865,5.865,5.865,5.865,0,0.0,,,,,,,,
2015-11-23,8.211,8.211,8.211,8.211,100,821.1,,,,,,,,
2015-11-24,7.038,7.038,7.038,7.038,100,703.8000000000001,,,,,,,,
2015-11-25,7.038,7.038,7.038,7.038,0,0.0,,,,,,,,
2015-11-26,7.038,7.038,7.038,7.038,0,0.0,,,,,,,,
2015-11-27,7.038,7.038,7.038,7.038,0,0.0,,,,,,,,
2015-11-30,7.038,7.038,7.038,7.038,0,0.0,,,,,,,,
2015-12-01,7.038,7.038,7.038,7.038,0,0.0,,,,,,,,
2015-12-02,7.038,7.038,7.038,7.038,0,0.0,,,,,,,,
2015-12-03,6.361,6.361,6.361,6.361,100,636.1,,,,,,,,
2015-12-04,6.361,6.361,6.361,6.361,0,0.0,,,,,,,,
2015-12-07,6.361,6.361,6.361,6.361,0,0.0,,,,,,,,
2015-12-08,6.361,6.361,6.361,6.361,0,0.0,,,,,,,,
2015-12-09,6.361,6.361,6.361,6.361,0,0.0,,,,,,,,
2015-12-10,6.361,6.361,6.361,6.361,0,0.0,,,,,,,,
2015-12-11,6.361,6.361,6.361,6.361,0,0.0,,,,,,,,
2015-12-14,7.218,7.218,7.218,7.218,100,721.8,,,,,,,,
2015-12-15,7.218,7.218,7.218,7.218,0,0.0,,,,,,,,
2015-12-16,8.301,8.301,8.301,8.301,100,830.1,,,,,,,,
2015-12-17,8.301,8.301,8.301,8.301,0,0.0,,,,,,,,
2015-12-18,8.301,8.301,8.301,8.301,0,0.0,,,,,,,,
2015-12-21,8.301,8.301,8.301,8.301,0,0.0,,,,,,,,
2015-12-22,8.301,8.301,8.301,8.301,0,0.0,,,,,,,,
2015-12-23,8.301,8.301,8.301,8.301,0,0.0,,,,,,,,
2015-12-24,8.301,8.301,8.301,8.301,0,0.0,,,,,,,,
2015-12-25,8.301,8.301,8.301,8.301,0,0.0,,,,,,,,
2015-12-28,8.301,8.301,8.301,8.301,0,0.0,,,,,,,,
2015-12-29,8.301,8.301,8.301,8.301,0,0.0,,,,,,,,
2015-12-30,8.301,8.301,8.301,8.301,0,0.0,,,,,,,,
2015-12-31,8.301,8.301,8.301,8.301,0,0.0,,,,,,,,
2016-01-04,8.301,8.301,8.301,8.301,0,0.0,,,,,,,,
2016-01-05,8.301,8.301,8.301,8.301,0,0.0,,,,,,,,
2016-01-06,8.301,8.301,8.301,8.301,0,0.0,,,,,,,,
2016-01-07,8.301,8.301,8.301,8.301,0,0.0,,,,,,,,
2016-01-08,8.301,8.301,8.301,8.301,0,0.0,,,,,,,,
2016-01-11,8.301,8.301,8.301,8.301,0,0.0,,,,,,,,
2016-01-12,8.301,8.301,8.301,8.301,0,0.0,,,,,,,,
2016-01-13,8.301,8.301,8.301,8.301,0,0.0,,,,,,,,
2016-01-14,8.301,8.301,8.301,8.301,0,0.0,,,,,,,,
2016-01-15,8.301,8.301,8.301,8.301,0,0.0,,,,,,,,
2016-01-18,7.218,7.218,7.218,7.218,200,1443.6,,,,,,,,
2016-01-19,7.218,7.218,7.218,7.218,0,0.0,,,,,,,,
2016-01-20,7.218,7.218,7.218,7.218,0,0.0,,,,,,,,
2016-01-21,7.218,7.218,7.218,7.218,0,0.0,,,,,,,,
2016-01-22,7.218,7.218,7.218,7.218,0,0.0,,,,,,,,
2016-01-25,7.218,7.218,7.218,7.218,0,0.0,,,,,,,,
2016-01-26,7.218,7.218,7.218,7.218,0,0.0,,,,,,,,
2016-01-27,8.256,8.256,8.256,8.256,100,825.6,,,,,,,,
2016-01-28,8.978,8.978,8.978,8.978,100,897.8,,,,,,,,
2016-01-29,8.978,8.978,8.978,8.978,0,0.0,,,,,,,,
2016-02-01,8.978,8.978,8.978,8.978,0,0.0,,,,,,,,
2016-02-02,8.978,8.978,8.978,8.978,0,0.0,,,,,,,,
2016-02-03,8.978,8.978,8.978,8.978,0,0.0,,,,,,,,
2016-02-04,8.978,8.978,8.978,8.978,0,0.0,,,,,,,,
2016-02-05,8.978,8.978,8.978,8.978,0,0.0,,,,,,,,
2016-02-15,8.978,8.978,8.978,8.978,0,0.0,,,,,,,,
2016-02-16,8.978,8.978,8.978,8.978,0,0.0,,,,,,,,
2016-02-17,7.67,7.67,7.67,7.67,100,767.0,,,,,,,,
2016-02-18,7.67,7.67,7.67,7.67,0,0.0,,,,,,,,
2016-02-19,7.67,7.67,7.67,7.67,0,0.0,,,,,,,,
2016-02-22,7.67,7.67,7.67,7.67,0,0.0,,,,,,,,
2016-02-23,7.67,7.67,7.67,7.67,0,0.0,,,,,,,,
2016-02-24,7.67,7.67,7.67,7.67,0,0.0,,,,,,,,
2016-02-25,7.67,7.67,7.67,7.67,0,0.0,,,,,,,,
2016-02-26,7.67,7.67,7.67,7.67,0,0.0,,,,,,,,
2016-02-29,7.67,7.67,7.67,7.67,0,0.0,,,,,,,,
2016-03-01,7.67,7.67,7.67,7.67,0,0.0,,,,,,,,
2016-03-02,7.67,7.67,7.67,7.67,0,0.0,,,,,,,,
2016-03-03,7.67,7.67,7.67,7.67,0,0.0,,,,,,,,
2016-03-04,7.67,7.67,7.67,7.67,0,0.0,,,,,,,,
2016-03-07,7.67,7.67,7.67,7.67,0,0.0,,,,,,,,
2016-03-08,7.67,7.67,7.67,7.67,0,0.0,,,,,,,,
2016-03-09,7.67,7.67,7.67,7.67,0,0.0,,,,,,,,
2016-03-10,7.67,7.67,7.67,7.67,0,0.0,,,,,,,,
2016-03-11,7.67,7.67,7.67,7.67,0,0.0,,,,,,,,
2016-03-14,7.67,7.67,7.67,7.67,0,0.0,,,,,,,,
2016-03-15,7.67,7.67,7.67,7.67,0,0.0,,,,,,,,
2016-03-16,7.67,7.67,7.67,7.67,0,0.0,,,,,,,,
2016-03-17,7.67,7.67,7.67,7.67,0,0.0,,,,,,,,
2016-03-18,7.67,7.67,7.67,7.67,0,0.0,,,,,,,,
2016-03-21,7.67,7.67,7.67,7.67,0,0.0,,,,,,,,
2016-03-22,7.67,7.67,7.67,7.67,0,0.0,,,,,,,,
2016-03-23,7.67,7.67,7.67,7.67,0,0.0,,,,,,,,
2016-03-24,7.67,7.67,7.67,7.67,0,0.0,,,,,,,,
2016-03-25,7.67,7.67,7.67,7.67,0,0.0,,,,,,,,
2016-03-28,7.67,7.67,7.67,7.67,0,0.0,,,,,,,,
2016-03-29,7.67,7.67,7.67,7.67,0,0.0,,,,,,,,
2016-03-30,6.587,6.587,6.316,6.316,6700,42317.2,,,,,,,,
2016-03-31,5.504,5.504,5.504,5.504,100,550.4,,,,,,,,
2016-04-01,6.316,6.316,6.316,6.316,1400,8842.4,,,,,,,,
2016-04-04,5.414,5.414,5.414,5.414,100,541.4,,,,,,,,
2016-04-05,5.414,5.414,5.414,5.414,0,0.0,,,,,,,,
2016-04-06,5.414,5.414,5.414,5.414,0,0.0,,,,,,,,
2016-04-07,4.647,4.647,4.647,4.647,100,464.7000000000001,,,,,,,,
2016-04-08,4.647,4.647,4.647,4.647,0,0.0,,,,,,,,
2016-04-11,4.647,4.647,4.647,4.647,0,0.0,,,,,,,,
2016-04-12,4.647,4.647,4.647,4.647,0,0.0,,,,,,,,
2016-04-13,4.647,4.647,4.647,4.647,0,0.0,,,,,,,,
2016-04-14,4.647,4.647,4.647,4.647,0,0.0,,,,,,,,
2016-04-15,4.647,4.647,4.647,4.647,0,0.0,,,,,,,,
2016-04-19,4.647,4.647,4.647,4.647,0,0.0,,,,,,,,
2016-04-20,4.647,4.647,4.647,4.647,0,0.0,,,,,,,,
2016-04-21,4.647,4.647,4.647,4.647,0,0.0,,,,,,,,
2016-04-22,4.647,4.647,4.647,4.647,0,0.0,,,,,,,,
2016-04-25,4.647,4.647,4.647,4.647,0,0.0,,,,,,,,
2016-04-26,4.647,4.647,4.647,4.647,0,0.0,,,,,,,,
2016-04-27,4.647,4.647,4.647,4.647,0,0.0,,,,,,,,
2016-04-28,4.647,4.647,4.647,4.647,0,0.0,,,,,,,,
2016-04-29,4.647,4.647,4.647,4.647,0,0.0,,,,,,,,
2016-05-04,4.647,4.647,4.647,4.647,0,0.0,,,,,,,,
2016-05-05,4.647,4.647,4.647,4.647,0,0.0,,,,,,,,
2016-05-06,4.647,4.647,4.647,4.647,0,0.0,,,,,,,,
2016-05-09,4.647,4.647,4.647,4.647,0,0.0,,,,,,,,
2016-05-10,4.647,4.647,4.647,4.647,0,0.0,,,,,,,,
2016-05-11,5.324,5.324,5.324,5.324,100,532.4,,,,,,,,
2016-05-12,5.369,6.09,5.369,6.09,3200,19488.0,,,,,,,,
2016-05-13,5.865,5.865,5.324,5.324,4800,25555.2,,,,,,,,
2016-05-16,5.369,5.369,5.369,5.369,0,0.0,,,,,,,,
2016-05-17,5.368,5.368,5.368,5.368,0,0.0,,,,,,,,
2016-05-18,4.817,4.817,4.817,4.817,100,481.7000000000001,,,,,,,,
2016-05-19,5.519,5.519,5.519,5.519,300,1655.7,,,,,,,,
2016-05-20,5.519,5.519,5.519,5.519,0,0.0,,,,,,,,
2016-05-23,6.021,6.021,6.021,6.021,200,1204.2,,,,,,,,
2016-05-24,6.021,6.021,6.021,6.021,0,0.0,,,,,,,,
2016-05-25,6.021,6.021,6.021,6.021,0,0.0,,,,,,,,
2016-05-26,6.021,6.021,6.021,6.021,0,0.0,,,,,,,,
2016-05-27,6.021,6.021,6.021,6.021,0,0.0,,,,,,,,
2016-05-30,6.021,6.021,6.021,6.021,0,0.0,,,,,,,,
2016-05-31,6.021,6.021,6.021,6.021,0,0.0,,,,,,,,
2016-06-01,6.021,6.021,6.021,6.021,0,0.0,,,,,,,,
2016-06-02,6.021,6.021,6.021,6.021,0,0.0,,,,,,,,
2016-06-03,6.021,6.021,6.021,6.021,0,0.0,,,,,,,,
2016-06-06,6.021,6.021,6.021,6.021,0,0.0,,,,,,,,
2016-06-07,6.021,6.021,6.021,6.021,0,0.0,,,,,,,,
2016-06-08,6.021,6.021,6.021,6.021,0,0.0,,,,,,,,
2016-06-09,6.021,6.021,6.021,6.021,0,0.0,,,,,,,,
2016-06-10,6.021,6.021,6.021,6.021,0,0.0,,,,,,,,
2016-06-13,6.021,6.021,6.021,6.021,0,0.0,,,,,,,,
2016-06-14,6.021,6.021,6.021,6.021,0,0.0,,,,,,,,
2016-06-15,6.021,6.021,6.021,6.021,0,0.0,,,,,,,,
2016-06-16,6.021,6.021,6.021,6.021,0,0.0,,,,,,,,
2016-06-17,6.021,6.021,6.021,6.021,0,0.0,,,,,,,,
2016-06-20,6.021,6.021,6.021,6.021,0,0.0,,,,,,,,
2016-06-21,6.021,6.021,6.021,6.021,0,0.0,,,,,,,,
2016-06-22,6.021,6.021,6.021,6.021,0,0.0,,,,,,,,
2016-06-23,6.021,6.021,6.021,6.021,0,0.0,,,,,,,,
2016-06-24,6.021,6.021,6.021,6.021,500,3010.5,,,,,,,,
2016-06-27,5.168,5.168,5.168,5.168,100,516.8000000000001,,,,,,,,
2016-06-28,5.168,5.168,5.168,5.168,0,0.0,,,,,,,,
2016-06-29,5.168,5.168,5.168,5.168,0,0.0,,,,,,,,
2016-06-30,5.168,5.168,5.168,5.168,0,0.0,,,,,,,,
2016-07-01,5.168,5.168,5.168,5.168,0,0.0,,,,,,,,
2016-07-04,5.168,5.168,5.168,5.168,0,0.0,,,,,,,,
2016-07-05,5.168,5.168,5.168,5.168,0,0.0,,,,,,,,
2016-07-06,5.168,5.168,5.168,5.168,0,0.0,,,,,,,,
2016-07-07,5.168,5.168,5.168,5.168,0,0.0,,,,,,,,
2016-07-08,5.168,5.168,5.168,5.168,0,0.0,,,,,,,,
2016-07-11,5.168,5.168,5.168,5.168,0,0.0,,,,,,,,
2016-07-12,5.168,5.168,5.168,5.168,0,0.0,,,,,,,,
2016-07-13,5.168,5.168,5.168,5.168,0,0.0,,,,,,,,
2016-07-14,5.168,5.168,5.168,5.168,0,0.0,,,,,,,,
2016-07-15,5.168,5.168,5.168,5.168,0,0.0,,,,,,,,
2016-07-18,5.168,5.168,5.168,5.168,0,0.0,,,,,,,,
2016-07-19,5.168,5.168,5.168,5.168,0,0.0,,,,,,,,
2016-07-20,5.168,5.168,5.168,5.168,0,0.0,,,,,,,,
2016-07-21,5.168,5.168,5.168,5.168,0,0.0,,,,,,,,
2016-07-22,5.168,5.168,5.168,5.168,0,0.0,,,,,,,,
2016-07-25,5.168,5.168,5.168,5.168,0,0.0,,,,,,,,
2016-07-26,5.168,5.168,5.168,5.168,0,0.0,,,,,,,,
2016-07-27,5.168,5.168,5.168,5.168,0,0.0,,,,,,,,
2016-07-28,5.168,5.168,5.168,5.168,0,0.0,,,,,,,,
2016-07-29,5.168,5.168,5.168,5.168,0,0.0,,,,,,,,
2016-08-01,5.168,5.168,5.168,5.168,0,0.0,,,,,,,,
2016-08-02,5.168,5.168,5.168,5.168,0,0.0,,,,,,,,
2016-08-03,5.168,5.168,5.168,5.168,0,0.0,,,,,,,,
2016-08-04,5.168,5.168,5.168,5.168,0,0.0,,,,,,,,
2016-08-05,5.168,5.168,5.168,5.168,0,0.0,,,,,,,,
2016-08-08,7.225,7.225,7.225,7.225,100,722.5,,,,,,,,
2016-08-09,7.225,7.225,7.225,7.225,0,0.0,,,,,,,,
2016-08-10,7.225,7.225,7.225,7.225,0,0.0,,,,,,,,
2016-08-11,7.225,7.225,7.225,7.225,0,0.0,,,,,,,,
2016-08-12,7.225,7.225,7.225,7.225,0,0.0,,,,,,,,
2016-08-15,7.225,7.225,7.225,7.225,0,0.0,,,,,,,,
2016-08-16,7.225,7.225,7.225,7.225,0,0.0,,,,,,,,
2016-08-17,7.225,7.225,7.225,7.225,0,0.0,,,,,,,,
2016-08-18,7.225,7.225,7.225,7.225,0,0.0,,,,,,,,
2016-08-19,7.225,7.225,7.225,7.225,0,0.0,,,,,,,,
2016-08-22,7.225,7.225,7.225,7.225,0,0.0,,,,,,,,
2016-08-23,7.225,7.225,7.225,7.225,0,0.0,,,,,,,,
2016-08-24,7.526,7.526,7.526,7.526,200,1505.2,,,,,,,,
2016-08-25,7.526,7.526,7.526,7.526,0,0.0,,,,,,,,
2016-08-26,7.526,7.526,7.526,7.526,0,0.0,,,,,,,,
2016-08-29,7.526,7.526,7.526,7.526,0,0.0,,,,,,,,
2016-08-30,7.526,7.526,7.526,7.526,0,0.0,,,,,,,,
2016-08-31,7.526,7.526,7.526,7.526,0,0.0,,,,,,,,
2016-09-01,7.526,7.526,7.526,7.526,0,0.0,,,,,,,,
2016-09-05,7.526,7.526,7.526,7.526,0,0.0,,,,,,,,
2016-09-06,7.526,7.526,7.526,7.526,0,0.0,,,,,,,,
2016-09-07,7.526,7.526,7.526,7.526,0,0.0,,,,,,,,
2016-09-08,7.526,7.526,7.526,7.526,0,0.0,,,,,,,,
2016-09-09,7.526,7.526,7.526,7.526,0,0.0,,,,,,,,
2016-09-12,7.526,7.526,7.526,7.526,0,0.0,,,,,,,,
2016-09-13,6.573,6.573,6.522,6.522,1000,6522.0,,,,,,,,
2016-09-14,6.071,6.071,6.071,6.071,100,607.1,,,,,,,,
2016-09-15,6.071,6.071,6.071,6.071,0,0.0,,,,,,,,
2016-09-16,6.071,6.071,6.071,6.071,0,0.0,,,,,,,,
2016-09-19,6.021,6.021,6.021,6.021,500,3010.5,,,,,,,,
2016-09-20,6.021,6.021,6.021,6.021,0,0.0,,,,,,,,
2016-09-21,5.669,5.669,5.669,5.669,100,566.9,,,,,,,,
2016-09-22,5.669,5.669,5.669,5.669,0,0.0,,,,,,,,
2016-09-23,5.669,5.669,5.669,5.669,0,0.0,,,,,,,,
2016-09-26,5.669,5.669,5.669,5.669,0,0.0,,,,,,,,
2016-09-27,5.669,5.669,5.669,5.669,0,0.0,,,,,,,,
2016-09-28,5.669,5.669,5.669,5.669,0,0.0,,,,,,,,
2016-09-29,5.669,5.669,5.669,5.669,0,0.0,,,,,,,,
2016-09-30,5.669,5.669,5.669,5.669,0,0.0,,,,,,,,
2016-10-03,5.669,5.669,5.669,5.669,0,0.0,,,,,,,,
2016-10-04,5.669,5.669,5.669,5.669,0,0.0,,,,,,,,
2016-10-05,5.87,5.87,5.619,5.619,1500,8428.5,,,,,,,,
2016-10-06,5.669,5.669,5.669,5.669,0,0.0,,,,,,,,
2016-10-07,5.118,5.118,5.118,5.118,100,511.8,,,,,,,,
2016-10-10,5.118,5.118,5.118,5.118,0,0.0,,,,,,,,
2016-10-11,5.118,5.118,5.118,5.118,0,0.0,,,,,,,,
2016-10-12,5.87,5.87,5.87,5.87,100,587.0,,,,,,,,
2016-10-13,5.87,5.87,5.87,5.87,0,0.0,,,,,,,,
2016-10-14,6.673,6.673,6.673,6.673,100,667.3,,,,,,,,
2016-10-17,6.673,6.673,6.673,6.673,0,0.0,,,,,,,,
2016-10-18,6.673,6.673,6.673,6.673,0,0.0,,,,,,,,
2016-10-19,6.673,6.673,6.673,6.673,0,0.0,,,,,,,,
2016-10-20,6.673,6.673,6.673,6.673,0,0.0,,,,,,,,
2016-10-21,6.673,6.673,6.673,6.673,0,0.0,,,,,,,,
2016-10-24,6.673,6.673,6.673,6.673,0,0.0,,,,,,,,
2016-10-25,6.673,6.673,6.673,6.673,0,0.0,,,,,,,,
2016-10-26,6.673,6.673,6.673,6.673,0,0.0,,,,,,,,
2016-10-27,6.673,6.673,6.673,6.673,0,0.0,,,,,,,,
2016-10-28,7.626,7.626,7.626,7.626,100,762.6,,,,,,,,
2016-10-31,7.626,7.626,7.626,7.626,0,0.0,,,,,,,,
2016-11-01,7.626,7.626,7.626,7.626,0,0.0,,,,,,,,
2016-11-02,7.626,7.626,7.626,7.626,0,0.0,,,,,,,,
2016-11-03,7.626,7.626,7.626,7.626,0,0.0,,,,,,,,
2016-11-04,7.626,7.626,7.626,7.626,0,0.0,,,,,,,,
2016-11-07,7.626,7.626,7.626,7.626,0,0.0,,,,,,,,
2016-11-08,7.626,7.626,7.626,7.626,0,0.0,,,,,,,,
2016-11-09,7.626,7.626,7.626,7.626,0,0.0,,,,,,,,
2016-11-10,7.626,7.626,7.626,7.626,0,0.0,,,,,,,,
2016-11-11,7.626,7.626,7.626,7.626,0,0.0,,,,,,,,
2016-11-14,7.626,7.626,7.626,7.626,0,0.0,,,,,,,,
2016-11-15,7.626,7.626,7.626,7.626,0,0.0,,,,,,,,
2016-11-16,7.626,7.626,7.626,7.626,0,0.0,,,,,,,,
2016-11-17,7.626,7.626,7.626,7.626,0,0.0,,,,,,,,
2016-11-18,7.626,7.626,7.626,7.626,0,0.0,,,,,,,,
2016-11-21,7.626,7.626,7.626,7.626,0,0.0,,,,,,,,
2016-11-22,6.522,6.522,6.522,6.522,17900,116743.8,,,,,,,,
2016-11-23,7.375,7.375,7.375,7.375,100,737.5,,,,,,,,
2016-11-24,7.375,7.375,7.375,7.375,0,0.0,,,,,,,,
2016-11-25,6.522,6.522,6.522,6.522,400,2608.8,,,,,,,,
2016-11-28,6.522,6.522,6.522,6.522,0,0.0,,,,,,,,
2016-11-29,6.522,6.522,6.522,6.522,0,0.0,,,,,,,,
2016-11-30,6.522,6.522,6.522,6.522,0,0.0,,,,,,,,
2016-12-01,6.522,6.522,6.522,6.522,0,0.0,,,,,,,,
2016-12-02,6.522,6.522,6.522,6.522,0,0.0,,,,,,,,
2016-12-05,6.522,6.522,6.522,6.522,0,0.0,,,,,,,,
2016-12-06,6.522,6.522,6.522,6.522,0,0.0,,,,,,,,
2016-12-07,6.522,6.522,6.522,6.522,0,0.0,,,,,,,,
2016-12-08,6.522,6.522,6.522,6.522,0,0.0,,,,,,,,
2016-12-09,6.522,6.522,6.522,6.522,600,3913.2,,,,,,,,
2016-12-12,7.425,7.425,7.425,7.425,100,742.5,,,,,,,,
2016-12-13,7.425,7.425,7.425,7.425,0,0.0,,,,,,,,
2016-12-14,7.425,7.425,7.425,7.425,0,0.0,,,,,,,,
2016-12-15,7.425,7.425,7.425,7.425,0,0.0,,,,,,,,
2016-12-16,7.425,7.425,7.425,7.425,0,0.0,,,,,,,,
2016-12-19,7.425,7.425,7.425,7.425,0,0.0,,,,,,,,
2016-12-20,7.425,7.425,7.425,7.425,0,0.0,,,,,,,,
2016-12-21,7.425,7.425,7.425,7.425,0,0.0,,,,,,,,
2016-12-22,7.425,7.425,7.425,7.425,0,0.0,,,,,,,,
2016-12-23,7.425,7.425,7.425,7.425,0,0.0,,,,,,,,
2016-12-26,7.425,7.425,7.425,7.425,0,0.0,,,,,,,,
2016-12-27,7.425,7.425,7.425,7.425,0,0.0,,,,,,,,
2016-12-28,7.425,7.425,7.425,7.425,0,0.0,,,,,,,,
2016-12-29,7.425,7.425,7.425,7.425,0,0.0,,,,,,,,
2016-12-30,7.425,7.425,7.425,7.425,0,0.0,,,,,,,,
2017-01-03,7.425,7.425,7.425,7.425,0,0.0,,,,,,,,
2017-01-04,7.425,7.425,7.425,7.425,0,0.0,,,,,,,,
2017-01-05,7.425,7.425,7.425,7.425,0,0.0,,,,,,,,
2017-01-06,7.425,7.425,7.425,7.425,0,0.0,,,,,,,,
2017-01-09,7.425,7.425,7.425,7.425,0,0.0,,,,,,,,
2017-01-10,7.425,7.425,7.425,7.425,0,0.0,,,,,,,,
2017-01-11,7.425,7.425,7.425,7.425,0,0.0,,,,,,,,
2017-01-12,7.425,7.425,7.425,7.425,0,0.0,,,,,,,,
2017-01-13,7.425,7.425,7.425,7.425,0,0.0,,,,,,,,
2017-01-16,7.425,7.425,7.425,7.425,0,0.0,,,,,,,,
2017-01-17,7.425,7.425,7.425,7.425,0,0.0,,,,,,,,
2017-01-18,7.425,7.425,7.425,7.425,0,0.0,,,,,,,,
2017-01-19,7.425,7.425,7.425,7.425,0,0.0,,,,,,,,
2017-01-20,7.425,7.425,7.425,7.425,0,0.0,,,,,,,,
2017-01-23,7.425,7.425,7.425,7.425,0,0.0,,,,,,,,
2017-01-24,7.024,7.024,7.024,7.024,8000,56192.0,,,,,,,,
2017-01-25,7.024,7.024,7.024,7.024,0,0.0,,,,,,,,
2017-02-02,7.024,7.024,7.024,7.024,0,0.0,,,,,,,,
2017-02-03,7.024,7.024,7.024,7.024,0,0.0,,,,,,,,
2017-02-06,7.024,7.024,7.024,7.024,0,0.0,,,,,,,,
2017-02-07,5.97,5.97,5.97,5.97,100,597.0,,,,,,,,
2017-02-08,5.97,5.97,5.97,5.97,0,0.0,,,,,,,,
2017-02-09,5.97,5.97,5.97,5.97,0,0.0,,,,,,,,
2017-02-10,6.272,6.272,6.272,6.272,1000,6272.0,,,,,,,,
2017-02-13,6.272,6.272,6.272,6.272,0,0.0,,,,,,,,
2017-02-14,6.272,6.272,6.272,6.272,7000,43904.0,,,,,,,,
2017-02-15,6.272,6.272,6.272,6.272,0,0.0,,,,,,,,
2017-02-16,6.272,6.272,6.272,6.272,0,0.0,,,,,,,,
2017-02-17,6.874,6.874,6.874,6.874,100,687.4,,,,,,,,
2017-02-20,6.874,6.874,6.874,6.874,0,0.0,,,,,,,,
2017-02-21,6.874,6.874,6.874,6.874,0,0.0,,,,,,,,
2017-02-22,6.874,6.874,6.874,6.874,0,0.0,,,,,,,,
2017-02-23,6.874,6.874,6.874,6.874,0,0.0,,,,,,,,
2017-02-24,6.874,6.874,6.874,6.874,0,0.0,,,,,,,,
2017-02-27,6.874,6.874,6.874,6.874,0,0.0,,,,,,,,
2017-02-28,6.874,6.874,6.874,6.874,0,0.0,,,,,,,,
2017-03-01,5.87,5.87,5.87,5.87,100,587.0,,,,,,,,
2017-03-02,5.87,5.87,5.87,5.87,0,0.0,,,,,,,,
2017-03-03,5.87,5.87,5.87,5.87,0,0.0,,,,,,,,
2017-03-06,6.723,6.723,6.723,6.723,100,672.3,,,,,,,,
2017-03-07,6.723,6.723,6.723,6.723,0,0.0,,,,,,,,
2017-03-08,6.723,6.723,6.723,6.723,0,0.0,,,,,,,,
2017-03-09,5.82,5.82,5.82,5.82,100,582.0,,,,,,,,
2017-03-10,5.82,5.82,5.82,5.82,0,0.0,,,,,,,,
2017-03-13,5.82,5.82,5.82,5.82,0,0.0,,,,,,,,
2017-03-14,5.067,5.067,5.067,5.067,100,506.7000000000001,,,,,,,,
2017-03-15,5.067,5.067,5.067,5.067,0,0.0,,,,,,,,
2017-03-16,5.067,5.067,5.067,5.067,0,0.0,,,,,,,,
2017-03-17,5.067,5.067,5.067,5.067,0,0.0,,,,,,,,
2017-03-20,5.067,5.067,5.067,5.067,0,0.0,,,,,,,,
2017-03-21,5.067,5.067,5.067,5.067,0,0.0,,,,,,,,
2017-03-22,5.067,5.067,5.067,5.067,0,0.0,,,,,,,,
2017-03-23,5.067,5.067,5.067,5.067,0,0.0,,,,,,,,
2017-03-24,5.067,5.067,5.067,5.067,0,0.0,,,,,,,,
2017-03-27,5.067,5.067,5.067,5.067,0,0.0,,,,,,,,
2017-03-28,5.067,5.067,5.067,5.067,0,0.0,,,,,,,,
2017-03-29,5.067,5.067,5.067,5.067,0,0.0,,,,,,,,
2017-03-30,5.067,5.067,5.067,5.067,0,0.0,,,,,,,,
2017-03-31,5.067,5.067,5.067,5.067,0,0.0,,,,,,,,
2017-04-03,5.067,5.067,5.067,5.067,0,0.0,,,,,,,,
2017-04-04,5.067,5.067,5.067,5.067,0,0.0,,,,,,,,
2017-04-05,5.067,5.067,5.067,5.067,0,0.0,,,,,,,,
2017-04-07,5.067,5.067,5.067,5.067,0,0.0,,,,,,,,
2017-04-10,5.067,5.067,5.067,5.067,0,0.0,,,,,,,,
2017-04-11,5.067,5.067,5.067,5.067,0,0.0,,,,,,,,
2017-04-12,5.067,5.067,5.067,5.067,0,0.0,,,,,,,,
2017-04-13,5.067,5.067,5.067,5.067,0,0.0,,,,,,,,
2017-04-14,5.067,5.067,5.067,5.067,0,0.0,,,,,,,,
2017-04-17,5.067,5.067,5.067,5.067,0,0.0,,,,,,,,
2017-04-18,5.067,5.067,5.067,5.067,0,0.0,,,,,,,,
2017-04-19,5.067,5.067,5.067,5.067,0,0.0,,,,,,,,
2017-04-20,5.067,5.067,5.067,5.067,0,0.0,,,,,,,,
2017-04-21,5.067,5.067,5.067,5.067,0,0.0,,,,,,,,
2017-04-24,5.067,5.067,5.067,5.067,0,0.0,,,,,,,,
2017-04-25,5.067,5.067,5.067,5.067,0,0.0,,,,,,,,
2017-04-26,5.067,5.067,5.067,5.067,0,0.0,,,,,,,,
2017-04-27,5.067,5.067,5.067,5.067,0,0.0,,,,,,,,
2017-04-28,5.067,5.067,5.067,5.067,0,0.0,,,,,,,,
2017-05-03,6.773,6.773,6.773,6.773,500,3386.5,,,,,,,,
2017-05-04,6.773,6.773,6.773,6.773,0,0.0,,,,,,,,
2017-05-05,6.773,6.773,6.773,6.773,0,0.0,,,,,,,,
2017-05-08,6.773,6.773,6.773,6.773,0,0.0,,,,,,,,
2017-05-09,6.773,6.773,6.773,6.773,0,0.0,,,,,,,,
2017-05-10,6.773,6.773,6.773,6.773,0,0.0,,,,,,,,
2017-05-11,6.773,6.773,6.773,6.773,0,0.0,,,,,,,,
2017-05-12,6.773,6.773,6.773,6.773,0,0.0,,,,,,,,
2017-05-15,6.773,6.773,6.773,6.773,0,0.0,,,,,,,,
2017-05-16,6.773,6.773,6.773,6.773,0,0.0,,,,,,,,
2017-05-17,6.773,6.773,6.773,6.773,0,0.0,,,,,,,,
2017-05-18,6.773,6.773,6.773,6.773,0,0.0,,,,,,,,
2017-05-19,6.773,6.773,6.773,6.773,0,0.0,,,,,,,,
2017-05-22,6.773,6.773,6.773,6.773,0,0.0,,,,,,,,
2017-05-23,6.773,6.773,6.773,6.773,0,0.0,,,,,,,,
2017-05-24,6.021,6.021,6.021,6.021,400,2408.4,,,,,,,,
2017-05-25,6.021,6.021,6.021,6.021,0,0.0,,,,,,,,
2017-05-26,6.021,6.021,6.021,6.021,100,602.1,,,,,,,,
2017-05-29,6.021,6.021,6.021,6.021,0,0.0,,,,,,,,
2017-05-30,6.021,6.021,6.021,6.021,0,0.0,,,,,,,,
2017-05-31,6.021,6.021,6.021,6.021,0,0.0,,,,,,,,
2017-06-01,6.021,6.021,6.021,6.021,0,0.0,,,,,,,,
2017-06-02,6.021,6.021,6.021,6.021,0,0.0,,,,,,,,
2017-06-05,6.021,6.021,6.021,6.021,0,0.0,,,,,,,,
2017-06-06,6.021,6.021,6.021,6.021,0,0.0,,,,,,,,
2017-06-07,5.519,5.519,5.519,5.519,700,3863.3,,,,,,,,
2017-06-08,5.519,5.519,5.519,5.519,0,0.0,,,,,,,,
2017-06-09,5.519,5.519,5.519,5.519,0,0.0,,,,,,,,
2017-06-12,4.766,5.519,4.766,5.519,400,2207.6,,,,,,,,
2017-06-13,5.318,5.318,5.318,5.318,0,0.0,,,,,,,,
2017-06-14,5.318,5.318,5.318,5.318,0,0.0,,,,,,,,
2017-06-15,5.318,5.318,5.318,5.318,0,0.0,,,,,,,,
2017-06-16,5.318,5.318,5.318,5.318,0,0.0,,,,,,,,
2017-06-19,5.318,5.318,5.318,5.318,0,0.0,,,,,,,,
2017-06-20,5.318,5.318,5.318,5.318,0,0.0,,,,,,,,
2017-06-21,5.484,5.484,5.484,5.484,600,3290.4,,,,,,,,
2017-06-22,5.484,5.484,5.484,5.484,0,0.0,,,,,,,,
2017-06-23,5.484,5.484,5.484,5.484,0,0.0,,,,,,,,
2017-06-26,5.484,5.484,5.484,5.484,0,0.0,,,,,,,,
2017-06-27,5.484,5.484,5.484,5.484,0,0.0,,,,,,,,
2017-06-28,5.484,5.484,5.484,5.484,0,0.0,,,,,,,,
2017-06-29,5.484,5.484,5.484,5.484,0,0.0,,,,,,,,
2017-06-30,5.484,5.484,5.484,5.484,0,0.0,,,,,,,,
2017-07-03,5.484,5.484,5.484,5.484,0,0.0,,,,,,,,
2017-07-04,5.817,5.817,5.817,5.817,100,581.7,,,,,,,,
2017-07-05,5.817,5.817,5.817,5.817,0,0.0,,,,,,,,
2017-07-06,5.817,5.817,5.817,5.817,0,0.0,,,,,,,,
2017-07-07,5.817,5.817,5.817,5.817,0,0.0,,,,,,,,
2017-07-10,5.817,5.817,5.817,5.817,0,0.0,,,,,,,,
2017-07-11,5.817,5.817,5.817,5.817,0,0.0,,,,,,,,
2017-07-12,5.817,5.817,5.817,5.817,0,0.0,,,,,,,,
2017-07-13,5.817,5.817,5.817,5.817,0,0.0,,,,,,,,
2017-07-14,5.817,5.817,5.817,5.817,0,0.0,,,,,,,,
2017-07-17,5.817,5.817,5.817,5.817,0,0.0,,,,,,,,
2017-07-18,5.096,5.096,5.096,5.096,100,509.6,,,,,,,,
2017-07-19,5.096,5.096,5.096,5.096,0,0.0,,,,,,,,
2017-07-20,5.096,5.096,5.096,5.096,0,0.0,,,,,,,,
2017-07-21,5.096,5.096,5.096,5.096,0,0.0,,,,,,,,
2017-07-24,5.096,5.096,5.096,5.096,0,0.0,,,,,,,,
2017-07-25,5.096,5.096,5.096,5.096,0,0.0,,,,,,,,
2017-07-26,5.096,5.096,5.096,5.096,0,0.0,,,,,,,,
2017-07-27,5.096,5.096,5.096,5.096,0,0.0,,,,,,,,
2017-07-28,5.096,5.096,5.096,5.096,0,0.0,,,,,,,,
2017-07-31,5.096,5.096,5.096,5.096,0,0.0,,,,,,,,
2017-08-01,5.096,5.096,5.096,5.096,0,0.0,,,,,,,,
2017-08-02,5.096,5.096,5.096,5.096,0,0.0,,,,,,,,
2017-08-03,5.096,5.096,5.096,5.096,0,0.0,,,,,,,,
2017-08-04,5.096,5.096,5.096,5.096,0,0.0,,,,,,,,
2017-08-07,5.096,5.096,5.096,5.096,0,0.0,,,,,,,,
2017-08-08,5.096,5.096,5.096,5.096,0,0.0,,,,,,,,
2017-08-09,5.096,5.096,5.096,5.096,0,0.0,,,,,,,,
2017-08-10,5.096,5.096,5.096,5.096,0,0.0,,,,,,,,
2017-08-11,5.096,5.096,5.096,5.096,0,0.0,,,,,,,,
2017-08-14,5.096,5.096,5.096,5.096,0,0.0,,,,,,,,
2017-08-15,5.096,5.096,5.096,5.096,0,0.0,,,,,,,,
2017-08-16,5.096,5.096,5.096,5.096,0,0.0,,,,,,,,
2017-08-17,5.096,5.096,5.096,5.096,0,0.0,,,,,,,,
2017-08-18,5.096,5.096,5.096,5.096,0,0.0,,,,,,,,
2017-08-21,5.096,5.096,5.096,5.096,0,0.0,,,,,,,,
2017-08-22,5.096,5.096,5.096,5.096,0,0.0,,,,,,,,
2017-08-23,5.096,5.096,5.096,5.096,0,0.0,,,,,,,,
2017-08-24,5.096,5.096,5.096,5.096,0,0.0,,,,,,,,
2017-08-25,5.096,5.096,5.096,5.096,0,0.0,,,,,,,,
2017-08-28,5.096,5.096,5.096,5.096,0,0.0,,,,,,,,
2017-08-29,5.096,5.096,5.096,5.096,0,0.0,,,,,,,,
2017-08-30,5.096,5.096,5.096,5.096,0,0.0,,,,,,,,
2017-08-31,5.096,5.096,5.096,5.096,0,0.0,,,,,,,,
2017-09-01,5.096,5.096,5.096,5.096,0,0.0,,,,,,,,
2017-09-05,5.096,5.096,5.096,5.096,0,0.0,,,,,,,,
2017-09-06,5.096,5.096,5.096,5.096,0,0.0,,,,,,,,
2017-09-07,5.096,5.096,5.096,5.096,0,0.0,,,,,,,,
2017-09-08,5.096,5.096,5.096,5.096,0,0.0,,,,,,,,
2017-09-11,5.096,5.096,5.096,5.096,0,0.0,,,,,,,,
2017-09-12,5.096,5.096,5.096,5.096,0,0.0,,,,,,,,
2017-09-13,5.096,5.096,5.096,5.096,0,0.0,,,,,,,,
2017-09-14,5.096,5.096,5.096,5.096,0,0.0,,,,,,,,
2017-09-15,5.096,5.096,5.096,5.096,0,0.0,,,,,,,,
2017-09-18,5.096,5.096,5.096,5.096,0,0.0,,,,,,,,
2017-09-19,5.096,5.096,5.096,5.096,0,0.0,,,,,,,,
2017-09-20,5.096,5.096,5.096,5.096,0,0.0,,,,,,,,
2017-09-21,5.096,5.096,5.096,5.096,0,0.0,,,,,,,,
2017-09-22,5.096,5.096,5.096,5.096,0,0.0,,,,,,,,
2017-09-25,5.096,5.096,5.096,5.096,0,0.0,,,,,,,,
2017-09-26,5.096,5.096,5.096,5.096,0,0.0,,,,,,,,
2017-09-27,5.096,5.096,5.096,5.096,0,0.0,,,,,,,,
2017-09-28,5.096,5.096,5.096,5.096,0,0.0,,,,,,,,
2017-09-29,5.096,5.096,5.096,5.096,0,0.0,,,,,,,,
2017-10-02,5.096,5.096,5.096,5.096,0,0.0,,,,,,,,
2017-10-03,5.096,5.096,5.096,5.096,0,0.0,,,,,,,,
2017-10-04,5.096,5.096,5.096,5.096,0,0.0,,,,,,,,
2017-10-05,7.091,7.091,7.091,7.091,800,5672.8,,,,,,,,
2017-10-06,7.091,7.091,7.091,7.091,0,0.0,,,,,,,,
2017-10-09,7.091,7.091,7.091,7.091,0,0.0,,,,,,,,
2017-10-10,7.091,7.091,7.091,7.091,0,0.0,,,,,,,,
2017-10-11,7.091,7.091,7.091,7.091,0,0.0,,,,,,,,
2017-10-12,7.091,7.091,7.091,7.091,0,0.0,,,,,,,,
2017-10-13,7.091,7.091,7.091,7.091,100,709.1,,,,,,,,
2017-10-16,7.312,7.312,7.312,7.312,500,3656.0,,,,,,,,
2017-10-17,7.312,7.312,7.312,7.312,0,0.0,,,,,,,,
2017-10-18,7.312,7.312,7.312,7.312,0,0.0,,,,,,,,
2017-10-19,7.312,7.312,7.312,7.312,0,0.0,,,,,,,,
2017-10-20,7.312,7.312,7.312,7.312,0,0.0,,,,,,,,
2017-10-23,7.312,7.312,7.312,7.312,0,0.0,,,,,,,,
2017-10-24,7.312,7.312,7.312,7.312,0,0.0,,,,,,,,
2017-10-25,7.312,7.312,7.312,7.312,0,0.0,,,,,,,,
2017-10-26,7.312,7.312,7.312,7.312,0,0.0,,,,,,,,
2017-10-27,7.312,7.312,7.312,7.312,0,0.0,,,,,,,,
2017-10-30,7.312,7.312,7.312,7.312,0,0.0,,,,,,,,
2017-10-31,7.312,7.312,7.312,7.312,0,0.0,,,,,,,,
2017-11-01,7.312,7.312,7.312,7.312,0,0.0,,,,,,,,
2017-11-02,7.312,7.312,7.312,7.312,0,0.0,,,,,,,,
2017-11-03,7.312,7.312,7.312,7.312,0,0.0,,,,,,,,
2017-11-06,7.312,7.312,7.312,7.312,0,0.0,,,,,,,,
2017-11-07,7.312,7.312,7.312,7.312,0,0.0,,,,,,,,
2017-11-08,7.312,7.312,7.312,7.312,0,0.0,,,,,,,,
2017-11-09,7.312,7.312,7.312,7.312,0,0.0,,,,,,,,
2017-11-10,7.312,7.312,7.312,7.312,0,0.0,,,,,,,,
2017-11-13,7.312,7.312,7.312,7.312,0,0.0,,,,,,,,
2017-11-14,7.312,7.312,7.312,7.312,0,0.0,,,,,,,,
2017-11-15,7.312,7.312,7.312,7.312,0,0.0,,,,,,,,
2017-11-16,8.309,8.309,8.309,8.309,100,830.9,,,,,,,,
2017-11-17,8.309,8.309,7.755,7.755,4500,34897.5,,,,,,,,
2017-11-20,8.088,8.088,8.088,8.088,0,0.0,,,,,,,,
2017-11-21,8.088,8.088,8.088,8.088,0,0.0,,,,,,,,
2017-11-22,8.088,8.088,8.088,8.088,0,0.0,,,,,,,,
2017-11-23,8.309,8.309,8.309,8.309,500,4154.5,,,,,,,,
2017-11-24,8.309,8.309,8.309,8.309,1000,8309.0,,,,,,,,
2017-11-27,8.309,8.309,8.309,8.309,500,4154.5,,,,,,,,
2017-11-28,8.309,8.309,8.309,8.309,1000,8309.0,,,,,,,,
2017-11-29,8.309,8.309,8.309,8.309,0,0.0,,,,,,,,
2017-11-30,8.309,8.309,8.309,8.309,0,0.0,,,,,,,,
2017-12-01,8.309,8.309,8.309,8.309,0,0.0,,,,,,,,
2017-12-04,7.755,7.755,7.755,7.755,1000,7755.0,,,,,,,,
2017-12-05,7.755,7.755,7.755,7.755,0,0.0,,,,,,,,
2017-12-06,7.755,7.755,7.755,7.755,0,0.0,,,,,,,,
2017-12-07,7.755,7.755,7.755,7.755,0,0.0,,,,,,,,
2017-12-08,8.309,8.309,7.755,7.755,2000,15510.0,,,,,,,,
2017-12-11,8.309,8.309,8.309,8.309,1700,14125.3,,,,,,,,
2017-12-12,7.755,7.755,7.755,7.755,1500,11632.5,,,,,,,,
2017-12-13,7.755,7.755,7.755,7.755,1200,9306.0,,,,,,,,
2017-12-14,8.032,8.032,8.032,8.032,500,4016.0,,,,,,,,
2017-12-15,8.032,8.032,8.032,8.032,500,4016.0,,,,,,,,
2017-12-18,8.309,8.309,8.309,8.309,4000,33236.0,,,,,,,,
2017-12-19,8.309,8.309,8.309,8.309,0,0.0,,,,,,,,
2017-12-20,8.309,8.309,8.309,8.309,0,0.0,,,,,,,,
2017-12-21,8.309,8.309,8.309,8.309,0,0.0,,,,,,,,
2017-12-22,8.309,8.309,8.309,8.309,0,0.0,,,,,,,,
2017-12-25,8.309,8.309,8.309,8.309,0,0.0,,,,,,,,
2017-12-26,8.309,8.309,8.309,8.309,0,0.0,,,,,,,,
2017-12-27,8.309,8.309,8.309,8.309,0,0.0,,,,,,,,
2017-12-28,8.309,8.309,8.309,8.309,0,0.0,,,,,,,,
2017-12-29,8.309,8.309,8.309,8.309,0,0.0,,,,,,,,
2018-01-02,8.309,8.309,8.309,8.309,0,0.0,0.0,0.0,0.0,0.0,,0.0,0.0,0.0
2018-01-03,8.309,8.309,8.309,8.309,0,0.0,0.0,0.0,0.0,0.0,,0.0,0.0,0.0
2018-01-04,8.309,8.309,8.309,8.309,0,0.0,0.0,0.0,0.0,0.0,,0.0,0.0,0.0
2018-01-05,8.309,8.309,8.309,8.309,0,0.0,0.0,0.0,0.0,0.0,,0.0,0.0,0.0
2018-01-08,8.309,8.309,8.309,8.309,0,0.0,0.0,0.0,0.0,0.0,,0.0,0.0,0.0
2018-01-09,8.309,8.309,8.309,8.309,0,0.0,0.0,0.0,0.0,0.0,,0.0,0.0,0.0
2018-01-10,8.309,8.309,8.309,8.309,0,0.0,0.0,0.0,0.0,0.0,,0.0,0.0,0.0
2018-01-11,8.309,8.309,8.309,8.309,0,0.0,0.0,0.0,0.0,0.0,,0.0,0.0,0.0
2018-01-12,8.309,8.309,8.309,8.309,0,0.0,0.0,0.0,0.0,0.0,,0.0,0.0,0.0
2018-01-15,8.309,8.309,8.309,8.309,0,0.0,0.0,0.0,0.0,0.0,,0.0,0.0,0.0
2018-01-16,8.309,8.309,8.309,8.309,0,0.0,0.0,0.0,0.0,0.0,,0.0,0.0,0.0
2018-01-17,8.309,8.309,8.309,8.309,0,0.0,0.0,0.0,0.0,0.0,,0.0,0.0,0.0
2018-01-18,8.309,8.309,8.309,8.309,2000,16618.0,0.0,0.0,0.0,0.0,,0.0,0.0,0.0
2018-01-19,8.309,8.309,8.309,8.309,600,4985.4,0.0,0.0,0.0,0.0,,0.0,0.0,0.0
2018-01-22,8.309,8.309,8.309,8.309,2400,19941.6,0.0,0.0,0.0,0.0,,0.0,0.0,0.0
2018-01-23,8.309,8.309,8.309,8.309,0,0.0,0.0,0.0,0.0,0.0,,0.0,0.0,0.0
2018-01-24,8.309,8.309,8.309,8.309,0,0.0,0.0,0.0,0.0,0.0,,0.0,0.0,0.0
2018-01-25,8.309,8.309,8.309,8.309,50,415.45,0.0,0.0,0.0,0.0,,0.0,0.0,0.0
2018-01-26,8.309,8.309,8.309,8.309,0,0.0,0.0,0.0,0.0,0.0,,0.0,0.0,0.0
2018-01-29,8.309,8.309,8.309,8.309,400,3323.6,0.0,0.0,0.0,0.0,,0.0,0.0,0.0
2018-01-30,8.309,8.309,8.309,8.309,0,0.0,0.0,0.0,0.0,0.0,,0.0,0.0,0.0
2018-01-31,8.309,8.309,8.309,8.309,0,0.0,0.0,0.0,0.0,0.0,,0.0,0.0,0.0
2018-02-01,8.309,8.309,8.309,8.309,0,0.0,0.0,0.0,0.0,0.0,,0.0,0.0,0.0
2018-02-02,8.309,8.309,8.309,8.309,0,0.0,0.0,0.0,0.0,0.0,,0.0,0.0,0.0
2018-02-05,8.309,8.309,8.309,8.309,0,0.0,0.0,0.0,0.0,0.0,,0.0,0.0,0.0
2018-02-06,8.309,8.309,8.309,8.309,0,0.0,0.0,0.0,0.0,0.0,,0.0,0.0,0.0
2018-02-07,8.309,8.309,8.309,8.309,0,0.0,0.0,0.0,0.0,0.0,,0.0,0.0,0.0
2018-02-08,8.309,8.309,8.309,8.309,2100,17448.899999999998,0.0,0.0,0.0,0.0,,0.0,0.0,0.0
2018-02-09,8.309,8.309,8.309,8.309,0,0.0,0.0,0.0,0.0,0.0,,0.0,0.0,0.0
2018-02-12,8.309,8.309,8.309,8.309,0,0.0,0.0,0.0,0.0,0.0,,0.0,0.0,0.0
2018-02-13,8.309,8.309,8.309,8.309,0,0.0,0.0,0.0,0.0,0.0,,0.0,0.0,0.0
2018-02-21,8.309,8.309,8.309,8.309,0,0.0,0.0,0.0,0.0,0.0,,0.0,0.0,0.0
2018-02-22,8.309,8.309,8.309,8.309,0,0.0,0.0,0.0,0.0,0.0,,0.0,0.0,0.0
2018-02-23,8.309,8.309,8.309,8.309,0,0.0,0.0,0.0,0.0,0.0,,0.0,0.0,0.0
2018-02-26,8.309,8.309,8.309,8.309,0,0.0,0.0,0.0,0.0,0.0,,0.0,0.0,0.0
2018-02-27,8.309,8.309,8.309,8.309,0,0.0,0.0,0.0,0.0,0.0,,0.0,0.0,0.0
2018-02-28,8.309,8.309,8.309,8.309,0,0.0,0.0,0.0,0.0,0.0,,0.0,0.0,0.0
2018-03-01,8.309,8.309,8.309,8.309,0,0.0,0.0,0.0,0.0,0.0,,0.0,0.0,0.0
2018-03-02,8.309,8.309,8.309,8.309,0,0.0,0.0,0.0,0.0,0.0,,0.0,0.0,0.0
2018-03-05,8.309,8.309,8.309,8.309,0,0.0,0.0,0.0,0.0,0.0,,0.0,0.0,0.0
2018-03-06,8.309,8.309,8.309,8.309,0,0.0,0.0,0.0,0.0,0.0,,0.0,0.0,0.0
2018-03-07,8.309,8.309,8.309,8.309,0,0.0,0.0,0.0,0.0,0.0,,0.0,0.0,0.0
2018-03-08,8.309,8.309,8.309,8.309,0,0.0,0.0,0.0,0.0,0.0,,0.0,0.0,0.0
2018-03-09,8.309,8.309,8.309,8.309,0,0.0,0.0,0.0,0.0,0.0,,0.0,0.0,0.0
2018-03-12,8.309,8.309,8.309,8.309,0,0.0,0.0,0.0,0.0,0.0,,0.0,0.0,0.0
2018-03-13,8.309,8.309,8.309,8.309,0,0.0,0.0,0.0,0.0,0.0,,0.0,0.0,0.0
2018-03-14,7.146,7.146,7.146,7.146,100,714.6,0.0,0.0,0.0,0.0,,0.0,0.0,0.0
2018-03-15,7.146,7.146,7.146,7.146,0,0.0,0.0,0.0,0.0,0.0,,0.0,0.0,0.0
2018-03-16,7.146,7.146,7.146,7.146,0,0.0,0.0,0.0,0.0,0.0,,0.0,0.0,0.0
2018-03-19,6.149,6.149,6.149,6.149,100,614.9,0.0,0.0,0.0,0.0,,0.0,0.0,0.0
2018-03-20,6.149,6.149,6.149,6.149,0,0.0,0.0,0.0,0.0,0.0,,0.0,0.0,0.0
2018-03-21,6.149,6.149,6.149,6.149,0,0.0,0.0,0.0,0.0,0.0,,0.0,0.0,0.0
2018-03-22,6.149,6.149,6.149,6.149,0,0.0,0.0,0.0,0.0,0.0,,0.0,0.0,0.0
2018-03-23,6.149,6.149,6.149,6.149,0,0.0,0.0,0.0,0.0,0.0,,0.0,0.0,0.0
2018-03-26,6.149,6.149,6.149,6.149,0,0.0,0.0,0.0,0.0,0.0,,0.0,0.0,0.0
2018-03-27,6.149,6.149,6.149,6.149,0,0.0,0.0,0.0,0.0,0.0,,0.0,0.0,0.0
2018-03-28,6.149,6.149,6.149,6.149,0,0.0,0.0,0.0,0.0,0.0,,0.0,0.0,0.0
2018-03-29,5.318,5.318,5.318,5.318,100,531.8,0.0,0.0,0.0,0.0,,0.0,0.0,0.0
2018-03-30,5.318,5.318,5.318,5.318,0,0.0,0.0,0.0,0.0,0.0,,0.0,0.0,0.0
2018-04-02,5.318,5.318,5.318,5.318,0,0.0,0.0,0.0,0.0,0.0,,0.0,0.0,0.0
2018-04-03,5.318,5.318,5.318,5.318,0,0.0,0.0,0.0,0.0,0.0,,0.0,0.0,0.0
2018-04-04,5.318,5.318,5.318,5.318,0,0.0,0.0,0.0,0.0,0.0,,0.0,0.0,0.0
2018-04-05,4.598,6.094,4.598,6.094,300,1828.2,0.0,0.0,0.0,0.0,,0.0,0.0,0.0
2018-04-06,5.595,5.595,5.595,5.595,0,0.0,0.0,0.0,0.0,0.0,,0.0,0.0,0.0
2018-04-09,5.595,5.595,5.595,5.595,0,0.0,0.0,0.0,0.0,0.0,,0.0,0.0,0.0
2018-04-10,5.595,5.595,5.595,5.595,0,0.0,0.0,0.0,0.0,0.0,,0.0,0.0,0.0
2018-04-11,5.595,5.595,5.595,5.595,0,0.0,0.0,0.0,0.0,0.0,,0.0,0.0,0.0
2018-04-12,5.595,5.595,5.595,5.595,0,0.0,0.0,0.0,0.0,0.0,,0.0,0.0,0.0
2018-04-13,5.595,5.595,5.595,5.595,0,0.0,0.0,0.0,0.0,0.0,,0.0,0.0,0.0
2018-04-16,5.595,5.595,5.595,5.595,0,0.0,0.0,0.0,0.0,0.0,,0.0,0.0,0.0
2018-04-17,5.595,5.595,5.595,5.595,0,0.0,0.0,0.0,0.0,0.0,,0.0,0.0,0.0
2018-04-18,5.595,5.595,5.595,5.595,0,0.0,0.0,0.0,0.0,0.0,,0.0,0.0,0.0
2018-04-19,5.595,5.595,5.595,5.595,0,0.0,0.0,0.0,0.0,0.0,,0.0,0.0,0.0
2018-04-20,5.595,5.595,5.595,5.595,0,0.0,0.0,0.0,0.0,0.0,,0.0,0.0,0.0
2018-04-23,5.595,5.595,5.595,5.595,0,0.0,0.0,0.0,0.0,0.0,,0.0,0.0,0.0
2018-04-24,5.595,5.595,5.595,5.595,0,0.0,0.0,0.0,0.0,0.0,,0.0,0.0,0.0
2018-04-26,5.595,5.595,5.595,5.595,0,0.0,0.0,0.0,0.0,0.0,,0.0,0.0,0.0
2018-04-27,5.595,5.595,5.595,5.595,0,0.0,0.0,0.0,0.0,0.0,,0.0,0.0,0.0
2018-05-02,5.595,5.595,5.595,5.595,0,0.0,0.0,0.0,0.0,0.0,,0.0,0.0,0.0
2018-05-03,5.595,5.595,5.595,5.595,0,0.0,0.0,0.0,0.0,0.0,,0.0,0.0,0.0
2018-05-04,5.595,5.595,5.595,5.595,0,0.0,0.0,0.0,0.0,0.0,,0.0,0.0,0.0
2018-05-07,5.595,5.595,5.595,5.595,0,0.0,0.0,0.0,0.0,0.0,,0.0,0.0,0.0
2018-05-08,5.595,5.595,5.595,5.595,0,0.0,0.0,0.0,0.0,0.0,,0.0,0.0,0.0
2018-05-09,5.595,5.595,5.595,5.595,0,0.0,0.0,0.0,0.0,0.0,,0.0,0.0,0.0
2018-05-10,6.426,6.426,6.426,6.426,100,642.6,0.0,0.0,0.0,0.0,,0.0,0.0,0.0
2018-05-11,6.426,6.426,6.426,6.426,0,0.0,0.0,0.0,0.0,0.0,,0.0,0.0,0.0
2018-05-14,6.426,6.426,6.426,6.426,0,0.0,0.0,0.0,0.0,0.0,,0.0,0.0,0.0
2018-05-15,6.426,6.426,6.426,6.426,0,0.0,0.0,0.0,0.0,0.0,,0.0,0.0,0.0
2018-05-16,6.426,6.426,6.426,6.426,0,0.0,0.0,0.0,0.0,0.0,,0.0,0.0,0.0
2018-05-17,6.426,6.426,6.426,6.426,0,0.0,0.0,0.0,0.0,0.0,,0.0,0.0,0.0
2018-05-18,6.426,6.426,6.426,6.426,0,0.0,0.0,0.0,0.0,0.0,,0.0,0.0,0.0
2018-05-21,6.426,6.426,6.426,6.426,0,0.0,0.0,0.0,0.0,0.0,,0.0,0.0,0.0
2018-05-22,6.426,6.426,6.426,6.426,0,0.0,0.0,0.0,0.0,0.0,,0.0,0.0,0.0
2018-05-23,6.426,6.426,6.426,6.426,0,0.0,0.0,0.0,0.0,0.0,,0.0,0.0,0.0
2018-05-24,6.426,6.426,6.426,6.426,0,0.0,0.0,0.0,0.0,0.0,,0.0,0.0,0.0
2018-05-25,6.426,6.426,6.426,6.426,0,0.0,0.0,0.0,0.0,0.0,,0.0,0.0,0.0
2018-05-28,6.426,6.426,6.426,6.426,0,0.0,0.0,0.0,0.0,0.0,,0.0,0.0,0.0
2018-05-29,6.426,6.426,6.426,6.426,0,0.0,0.0,0.0,0.0,0.0,,0.0,0.0,0.0
2018-05-30,6.426,6.426,6.426,6.426,0,0.0,0.0,0.0,0.0,0.0,,0.0,0.0,0.0
2018-05-31,6.426,6.426,6.426,6.426,0,0.0,0.0,0.0,0.0,0.0,,0.0,0.0,0.0
2018-06-01,6.426,6.426,6.426,6.426,0,0.0,0.0,0.0,0.0,0.0,,0.0,0.0,0.0
2018-06-04,6.426,6.426,6.426,6.426,0,0.0,0.0,0.0,0.0,0.0,,0.0,0.0,0.0
2018-06-05,6.426,6.426,6.426,6.426,0,0.0,0.0,0.0,0.0,0.0,,0.0,0.0,0.0
2018-06-06,6.426,6.426,6.426,6.426,0,0.0,0.0,0.0,0.0,0.0,,0.0,0.0,0.0
2018-06-07,6.426,6.426,6.426,6.426,0,0.0,0.0,0.0,0.0,0.0,,0.0,0.0,0.0
2018-06-08,6.426,6.426,6.426,6.426,0,0.0,0.0,0.0,0.0,0.0,,0.0,0.0,0.0
2018-06-11,6.426,6.426,6.426,6.426,0,0.0,0.0,0.0,0.0,0.0,,0.0,0.0,0.0
2018-06-12,6.426,6.426,6.426,6.426,0,0.0,0.0,0.0,0.0,0.0,,0.0,0.0,0.0
2018-06-13,6.426,6.426,6.426,6.426,0,0.0,0.0,0.0,0.0,0.0,,0.0,0.0,0.0
2018-06-14,6.426,6.426,6.426,6.426,0,0.0,0.0,0.0,0.0,0.0,,0.0,0.0,0.0
2018-06-15,6.426,6.426,6.426,6.426,0,0.0,0.0,0.0,0.0,0.0,,0.0,0.0,0.0
2018-06-18,6.426,6.426,6.426,6.426,0,0.0,0.0,0.0,0.0,0.0,,0.0,0.0,0.0
2018-06-19,6.426,6.426,6.426,6.426,0,0.0,0.0,0.0,0.0,0.0,,0.0,0.0,0.0
2018-06-20,6.426,6.426,6.426,6.426,0,0.0,0.0,0.0,0.0,0.0,,0.0,0.0,0.0
2018-06-21,6.426,6.426,6.426,6.426,0,0.0,0.0,0.0,0.0,0.0,,0.0,0.0,0.0
2018-06-22,6.426,6.426,6.426,6.426,0,0.0,0.0,0.0,0.0,0.0,,0.0,0.0,0.0
2018-06-25,6.426,6.426,6.426,6.426,0,0.0,0.0,0.0,0.0,0.0,,0.0,0.0,0.0
2018-06-26,6.426,6.426,6.426,6.426,0,0.0,0.0,0.0,0.0,0.0,,0.0,0.0,0.0
2018-06-27,6.426,6.426,6.426,6.426,0,0.0,0.0,0.0,0.0,0.0,,0.0,0.0,0.0
2018-06-28,6.489,7.635,6.489,7.635,20000,152700.0,0.0,0.0,0.0,0.0,,0.0,0.0,0.0
2018-06-29,7.635,7.635,7.635,7.635,0,0.0,0.0,0.0,0.0,0.0,,0.0,0.0,0.0
2018-07-02,7.635,7.635,7.635,7.635,0,0.0,0.0,0.0,0.0,0.0,,0.0,0.0,0.0
2018-07-03,7.635,7.635,7.635,7.635,0,0.0,0.0,0.0,0.0,0.0,,0.0,0.0,0.0
2018-07-04,7.635,7.635,7.635,7.635,0,0.0,0.0,0.0,0.0,0.0,,0.0,0.0,0.0
2018-07-05,7.635,7.635,7.635,7.635,0,0.0,0.0,0.0,0.0,0.0,,0.0,0.0,0.0
2018-07-06,7.635,7.635,7.635,7.635,0,0.0,0.0,0.0,0.0,0.0,,0.0,0.0,0.0
2018-07-09,7.635,7.635,7.635,7.635,0,0.0,0.0,0.0,0.0,0.0,,0.0,0.0,0.0
2018-07-10,7.635,7.635,7.635,7.635,0,0.0,0.0,0.0,0.0,0.0,,0.0,0.0,0.0
2018-07-11,7.635,7.635,7.635,7.635,0,0.0,0.0,0.0,0.0,0.0,,0.0,0.0,0.0
2018-07-12,7.635,7.635,7.635,7.635,0,0.0,0.0,0.0,0.0,0.0,,0.0,0.0,0.0
2018-07-13,7.635,7.635,7.635,7.635,0,0.0,0.0,0.0,0.0,0.0,,0.0,0.0,0.0
2018-07-16,7.635,7.635,7.635,7.635,0,0.0,0.0,0.0,0.0,0.0,,0.0,0.0,0.0
2018-07-17,7.635,7.635,7.635,7.635,0,0.0,0.0,0.0,0.0,0.0,,0.0,0.0,0.0
2018-07-18,7.635,7.635,7.635,7.635,0,0.0,0.0,0.0,0.0,0.0,,0.0,0.0,0.0
2018-07-19,7.635,7.635,7.635,7.635,0,0.0,0.0,0.0,0.0,0.0,,0.0,0.0,0.0
2018-07-20,7.635,7.635,7.635,7.635,0,0.0,0.0,0.0,0.0,0.0,,0.0,0.0,0.0
2018-07-23,7.635,7.635,7.635,7.635,0,0.0,0.0,0.0,0.0,0.0,,0.0,0.0,0.0
2018-07-24,7.635,7.635,7.635,7.635,0,0.0,0.0,0.0,0.0,0.0,,0.0,0.0,0.0
2018-07-25,7.635,7.635,7.635,7.635,0,0.0,0.0,0.0,0.0,0.0,,0.0,0.0,0.0
2018-07-26,7.635,7.635,7.635,7.635,0,0.0,0.0,0.0,0.0,0.0,,0.0,0.0,0.0
2018-07-27,7.635,7.635,7.635,7.635,0,0.0,0.0,0.0,0.0,0.0,,0.0,0.0,0.0
2018-07-30,7.635,7.635,7.635,7.635,0,0.0,0.0,0.0,0.0,0.0,,0.0,0.0,0.0
2018-07-31,7.635,7.635,7.635,7.635,0,0.0,0.0,0.0,0.0,0.0,,0.0,0.0,0.0
2018-08-01,7.635,7.635,7.635,7.635,0,0.0,0.0,0.0,0.0,0.0,,0.0,0.0,0.0
2018-08-02,7.635,7.635,7.635,7.635,0,0.0,0.0,0.0,0.0,0.0,,0.0,0.0,0.0
2018-08-03,7.635,7.635,7.635,7.635,0,0.0,0.0,0.0,0.0,0.0,,0.0,0.0,0.0
2018-08-06,7.635,7.635,7.635,7.635,0,0.0,0.0,0.0,0.0,0.0,,0.0,0.0,0.0
2018-08-07,7.635,7.635,7.635,7.635,0,0.0,0.0,0.0,0.0,0.0,,0.0,0.0,0.0
2018-08-08,7.635,7.635,7.635,7.635,0,0.0,0.0,0.0,0.0,0.0,,0.0,0.0,0.0
2018-08-09,7.635,7.635,7.635,7.635,0,0.0,0.0,0.0,0.0,0.0,,0.0,0.0,0.0
2018-08-10,7.635,7.635,7.635,7.635,0,0.0,0.0,0.0,0.0,0.0,,0.0,0.0,0.0
2018-08-13,7.635,7.635,7.635,7.635,0,0.0,0.0,0.0,0.0,0.0,,0.0,0.0,0.0
2018-08-14,7.635,7.635,7.635,7.635,0,0.0,0.0,0.0,0.0,0.0,,0.0,0.0,0.0
2018-08-15,7.635,7.635,7.635,7.635,0,0.0,0.0,0.0,0.0,0.0,,0.0,0.0,0.0
2018-08-16,7.635,7.635,7.635,7.635,0,0.0,0.0,0.0,0.0,0.0,,0.0,0.0,0.0
2018-08-17,7.635,7.635,7.635,7.635,0,0.0,0.0,0.0,0.0,0.0,,0.0,0.0,0.0
2018-08-20,7.635,7.635,7.635,7.635,0,0.0,0.0,0.0,0.0,0.0,,0.0,0.0,0.0
2018-08-21,7.635,7.635,7.635,7.635,0,0.0,0.0,0.0,0.0,0.0,,0.0,0.0,0.0
2018-08-22,7.635,7.635,7.635,7.635,0,0.0,0.0,0.0,0.0,0.0,,0.0,0.0,0.0
2018-08-23,7.635,7.635,7.635,7.635,0,0.0,0.0,0.0,0.0,0.0,,0.0,0.0,0.0
2018-08-24,7.635,7.635,7.635,7.635,0,0.0,0.0,0.0,0.0,0.0,,0.0,0.0,0.0
2018-08-27,7.635,7.635,7.635,7.635,0,0.0,0.0,0.0,0.0,0.0,,0.0,0.0,0.0
2018-08-28,7.635,7.635,7.635,7.635,0,0.0,0.0,0.0,0.0,0.0,,0.0,0.0,0.0
2018-08-29,7.635,7.635,7.635,7.635,0,0.0,0.0,0.0,0.0,0.0,,0.0,0.0,0.0
2018-08-30,7.635,7.635,7.635,7.635,0,0.0,0.0,0.0,0.0,0.0,,0.0,0.0,0.0
2018-08-31,7.635,7.635,7.635,7.635,0,0.0,0.0,0.0,0.0,0.0,,0.0,0.0,0.0
2018-09-04,7.635,7.635,7.635,7.635,0,0.0,0.0,0.0,0.0,0.0,,0.0,0.0,0.0
2018-09-05,7.635,7.635,7.635,7.635,0,0.0,0.0,0.0,0.0,0.0,,0.0,0.0,0.0
2018-09-06,7.635,7.635,7.635,7.635,0,0.0,0.0,0.0,0.0,0.0,,0.0,0.0,0.0
2018-09-07,7.635,7.635,7.635,7.635,0,0.0,0.0,0.0,0.0,0.0,,0.0,0.0,0.0
2018-09-10,7.635,7.635,7.635,7.635,0,0.0,0.0,0.0,0.0,0.0,,0.0,0.0,0.0
2018-09-11,7.635,7.635,7.635,7.635,0,0.0,0.0,0.0,0.0,0.0,,0.0,0.0,0.0
2018-09-12,7.635,7.635,7.635,7.635,0,0.0,0.0,0.0,0.0,0.0,,0.0,0.0,0.0
2018-09-13,7.635,7.635,7.635,7.635,0,0.0,0.0,0.0,0.0,0.0,,0.0,0.0,0.0
2018-09-14,7.635,7.635,7.635,7.635,0,0.0,0.0,0.0,0.0,0.0,,0.0,0.0,0.0
2018-09-17,7.635,7.635,7.635,7.635,0,0.0,0.0,0.0,0.0,0.0,,0.0,0.0,0.0
2018-09-18,7.635,7.635,7.635,7.635,0,0.0,0.0,0.0,0.0,0.0,,0.0,0.0,0.0
2018-09-19,8.589,8.589,8.589,8.589,4000,34356.0,0.0,0.0,0.0,0.0,,0.0,0.0,0.0
2018-09-20,8.589,8.589,8.589,8.589,0,0.0,0.0,0.0,0.0,0.0,,0.0,0.0,0.0
2018-09-21,8.271,8.271,8.271,8.271,1000,8271.0,0.0,0.0,0.0,0.0,,0.0,0.0,0.0
2018-09-24,8.271,8.271,8.271,8.271,0,0.0,0.0,0.0,0.0,0.0,,0.0,0.0,0.0
2018-09-25,8.271,8.271,8.271,8.271,0,0.0,0.0,0.0,0.0,0.0,,0.0,0.0,0.0
2018-09-26,8.271,8.271,8.271,8.271,0,0.0,0.0,0.0,0.0,0.0,,0.0,0.0,0.0
2018-09-27,8.271,8.271,8.271,8.271,0,0.0,0.0,0.0,0.0,0.0,,0.0,0.0,0.0
2018-09-28,8.271,8.271,8.271,8.271,0,0.0,0.0,0.0,0.0,0.0,,0.0,0.0,0.0
2018-10-01,8.271,8.271,8.271,8.271,0,0.0,0.0,0.0,0.0,0.0,,0.0,0.0,0.0
2018-10-02,8.271,8.271,8.271,8.271,0,0.0,0.0,0.0,0.0,0.0,,0.0,0.0,0.0
2018-10-03,8.271,8.271,8.271,8.271,0,0.0,0.0,0.0,0.0,0.0,,0.0,0.0,0.0
2018-10-04,8.271,8.271,8.271,8.271,0,0.0,0.0,0.0,0.0,0.0,,0.0,0.0,0.0
2018-10-05,8.907,8.907,8.907,8.907,300,2672.1,300.0,0.0,0.0,0.0,,0.0,0.0,0.0
2018-10-08,8.907,8.907,8.907,8.907,0,0.0,0.0,0.0,0.0,0.0,,0.0,0.0,0.0
2018-10-09,8.907,8.907,8.907,8.907,0,0.0,0.0,0.0,0.0,0.0,,0.0,0.0,0.0
2018-10-10,8.907,8.907,8.907,8.907,0,0.0,0.0,0.0,0.0,0.0,,0.0,0.0,0.0
2018-10-11,8.907,8.907,8.907,8.907,0,0.0,0.0,0.0,0.0,0.0,,0.0,0.0,0.0
2018-10-12,8.907,8.907,8.907,8.907,0,0.0,0.0,0.0,0.0,0.0,,0.0,0.0,0.0
2018-10-15,8.907,8.907,8.907,8.907,0,0.0,0.0,0.0,0.0,0.0,,0.0,0.0,0.0
2018-10-16,8.907,8.907,8.907,8.907,0,0.0,0.0,0.0,0.0,0.0,,0.0,0.0,0.0
2018-10-17,8.907,8.907,8.907,8.907,0,0.0,0.0,0.0,0.0,0.0,,0.0,0.0,0.0
2018-10-18,8.907,8.907,8.907,8.907,0,0.0,0.0,0.0,0.0,0.0,,0.0,0.0,0.0
2018-10-19,8.907,8.907,8.907,8.907,0,0.0,0.0,0.0,0.0,0.0,,0.0,0.0,0.0
2018-10-22,8.907,8.907,8.907,8.907,0,0.0,0.0,0.0,0.0,0.0,,0.0,0.0,0.0
2018-10-23,8.907,8.907,8.907,8.907,0,0.0,0.0,0.0,0.0,0.0,,0.0,0.0,0.0
2018-10-24,8.907,8.907,8.907,8.907,0,0.0,0.0,0.0,0.0,0.0,,0.0,0.0,0.0
2018-10-25,8.907,8.907,8.907,8.907,0,0.0,0.0,0.0,0.0,0.0,,0.0,0.0,0.0
2018-10-26,8.907,8.907,8.907,8.907,0,0.0,0.0,0.0,0.0,0.0,,0.0,0.0,0.0
2018-10-29,8.907,8.907,8.907,8.907,0,0.0,0.0,0.0,0.0,0.0,,0.0,0.0,0.0
2018-10-30,8.907,8.907,8.907,8.907,0,0.0,0.0,0.0,0.0,0.0,,0.0,0.0,0.0
2018-10-31,8.907,8.907,8.907,8.907,0,0.0,0.0,0.0,0.0,0.0,,0.0,0.0,0.0
2018-11-01,8.907,8.907,8.907,8.907,0,0.0,0.0,0.0,0.0,0.0,,0.0,0.0,0.0
2018-11-02,8.907,8.907,8.907,8.907,0,0.0,0.0,0.0,0.0,0.0,,0.0,0.0,0.0
2018-11-05,8.907,8.907,8.907,8.907,0,0.0,0.0,0.0,0.0,0.0,,0.0,0.0,0.0
2018-11-06,8.907,8.907,8.907,8.907,0,0.0,0.0,0.0,0.0,0.0,,0.0,0.0,0.0
2018-11-07,8.907,8.907,8.907,8.907,0,0.0,0.0,0.0,0.0,0.0,,0.0,0.0,0.0
2018-11-08,8.907,8.907,8.907,8.907,0,0.0,0.0,0.0,0.0,0.0,,0.0,0.0,0.0
2018-11-09,8.907,8.907,8.907,8.907,0,0.0,0.0,0.0,0.0,0.0,,0.0,0.0,0.0
2018-11-12,8.907,8.907,8.907,8.907,0,0.0,0.0,0.0,0.0,0.0,,0.0,0.0,0.0
2018-11-13,8.907,8.907,8.907,8.907,0,0.0,0.0,0.0,0.0,0.0,,0.0,0.0,0.0
2018-11-14,8.907,8.907,8.907,8.907,0,0.0,0.0,0.0,0.0,0.0,,0.0,0.0,0.0
2018-11-15,8.907,8.907,8.907,8.907,0,0.0,0.0,0.0,0.0,0.0,,0.0,0.0,0.0
2018-11-16,8.907,8.907,8.907,8.907,0,0.0,0.0,0.0,0.0,0.0,,0.0,0.0,0.0
2018-11-19,8.907,8.907,8.907,8.907,0,0.0,0.0,0.0,0.0,0.0,,0.0,0.0,0.0
2018-11-20,8.907,8.907,8.907,8.907,0,0.0,0.0,0.0,0.0,0.0,,0.0,0.0,0.0
2018-11-21,8.907,8.907,8.907,8.907,0,0.0,0.0,0.0,0.0,0.0,,0.0,0.0,0.0
2018-11-22,8.907,8.907,8.907,8.907,0,0.0,0.0,0.0,0.0,0.0,,0.0,0.0,0.0
2018-11-23,8.907,8.907,8.907,8.907,0,0.0,0.0,0.0,0.0,0.0,,0.0,0.0,0.0
2018-11-26,8.907,8.907,8.907,8.907,0,0.0,0.0,0.0,0.0,0.0,,0.0,0.0,0.0
2018-11-27,8.907,8.907,8.907,8.907,0,0.0,0.0,0.0,0.0,0.0,,0.0,0.0,0.0
2018-11-28,8.907,8.907,8.907,8.907,0,0.0,0.0,0.0,0.0,0.0,,0.0,0.0,0.0
2018-11-29,8.907,8.907,8.907,8.907,2000,17814.0,0.0,0.0,0.0,0.0,,0.0,0.0,0.0
2018-11-30,8.907,8.907,8.907,8.907,0,0.0,0.0,0.0,0.0,0.0,,0.0,0.0,0.0
2018-12-03,8.907,8.907,8.907,8.907,0,0.0,0.0,0.0,0.0,0.0,,0.0,0.0,0.0
2018-12-04,10.243,10.243,10.243,10.243,400,4097.2,0.0,0.0,0.0,0.0,,0.0,0.0,0.0
2018-12-05,11.77,11.77,11.77,11.77,100,1177.0,0.0,0.0,0.0,0.0,,0.0,0.0,0.0
2018-12-06,11.77,11.77,11.77,11.77,0,0.0,0.0,0.0,0.0,0.0,,0.0,0.0,0.0
2018-12-07,11.77,11.77,11.77,11.77,0,0.0,0.0,0.0,0.0,0.0,,0.0,0.0,0.0
2018-12-10,11.77,11.77,11.77,11.77,0,0.0,0.0,0.0,0.0,0.0,,0.0,0.0,0.0
2018-12-11,11.771,11.771,11.771,11.771,0,0.0,0.0,0.0,0.0,0.0,,0.0,0.0,0.0
2018-12-12,11.391,11.391,11.391,11.391,400,4556.4,0.0,0.0,0.0,0.0,,0.0,0.0,0.0
2018-12-13,11.391,11.391,11.391,11.391,0,0.0,0.0,0.0,0.0,0.0,,0.0,0.0,0.0
2018-12-14,11.391,11.391,11.391,11.391,0,0.0,0.0,0.0,0.0,0.0,,0.0,0.0,0.0
2018-12-17,11.391,11.391,11.391,11.391,0,0.0,0.0,0.0,0.0,0.0,,0.0,0.0,0.0
2018-12-18,11.391,11.391,11.391,11.391,0,0.0,0.0,0.0,0.0,0.0,,0.0,0.0,0.0
2018-12-19,11.391,11.391,11.391,11.391,0,0.0,0.0,0.0,0.0,0.0,,0.0,0.0,0.0
2018-12-20,11.391,11.391,11.391,11.391,0,0.0,0.0,0.0,0.0,0.0,,0.0,0.0,0.0
2018-12-21,11.391,11.391,11.391,11.391,0,0.0,0.0,0.0,0.0,0.0,,0.0,0.0,0.0
2018-12-24,11.391,11.391,11.391,11.391,0,0.0,0.0,0.0,0.0,0.0,,0.0,0.0,0.0
2018-12-25,11.391,11.391,11.391,11.391,0,0.0,0.0,0.0,0.0,0.0,,0.0,0.0,0.0
2018-12-26,11.391,11.391,11.391,11.391,0,0.0,0.0,0.0,0.0,0.0,,0.0,0.0,0.0
2018-12-27,11.391,11.391,11.391,11.391,0,0.0,0.0,0.0,0.0,0.0,,0.0,0.0,0.0
2018-12-28,11.391,11.391,11.391,11.391,0,0.0,0.0,0.0,0.0,0.0,,0.0,0.0,0.0
2019-01-02,11.391,11.391,11.391,11.391,0,0.0,0.0,0.0,0.0,0.0,,0.0,0.0,0.0
2019-01-03,11.391,11.391,11.391,11.391,0,0.0,0.0,0.0,0.0,0.0,,0.0,0.0,0.0
2019-01-04,11.391,11.391,11.391,11.391,0,0.0,0.0,0.0,0.0,0.0,,0.0,0.0,0.0
2019-01-07,11.391,11.391,11.391,11.391,0,0.0,0.0,0.0,0.0,0.0,,0.0,0.0,0.0
2019-01-08,11.391,11.391,11.391,11.391,0,0.0,0.0,0.0,0.0,0.0,,0.0,0.0,0.0
2019-01-09,11.391,11.391,11.391,11.391,0,0.0,0.0,0.0,0.0,0.0,,0.0,0.0,0.0
2019-01-10,11.391,11.391,11.391,11.391,0,0.0,0.0,0.0,0.0,0.0,,0.0,0.0,0.0
2019-01-11,11.391,11.391,11.391,11.391,0,0.0,0.0,0.0,0.0,0.0,,0.0,0.0,0.0
2019-01-14,11.391,11.391,11.391,11.391,0,0.0,0.0,0.0,0.0,0.0,,0.0,0.0,0.0
2019-01-15,11.391,11.391,11.391,11.391,0,0.0,0.0,0.0,0.0,0.0,,0.0,0.0,0.0
2019-01-16,11.391,11.391,11.391,11.391,0,0.0,0.0,0.0,0.0,0.0,,0.0,0.0,0.0
2019-01-17,11.391,11.391,11.391,11.391,0,0.0,0.0,0.0,0.0,0.0,,0.0,0.0,0.0
2019-01-18,11.391,11.391,11.391,11.391,0,0.0,0.0,0.0,0.0,0.0,,0.0,0.0,0.0
2019-01-21,11.391,11.391,11.391,11.391,0,0.0,0.0,0.0,0.0,0.0,,0.0,0.0,0.0
2019-01-22,11.391,11.391,11.391,11.391,0,0.0,0.0,0.0,0.0,0.0,,0.0,0.0,0.0
2019-01-23,11.391,11.391,11.391,11.391,0,0.0,0.0,0.0,0.0,0.0,,0.0,0.0,0.0
2019-01-24,11.391,11.391,11.391,11.391,0,0.0,0.0,0.0,0.0,0.0,,0.0,0.0,0.0
2019-01-25,11.391,11.391,11.391,11.391,0,0.0,0.0,0.0,0.0,0.0,,0.0,0.0,0.0
2019-01-28,11.391,11.391,11.391,11.391,0,0.0,0.0,0.0,0.0,0.0,,0.0,0.0,0.0
2019-01-29,11.391,11.391,11.391,11.391,100,1139.1,0.0,0.0,0.0,0.0,,0.0,0.0,0.0
2019-01-30,11.391,11.391,11.391,11.391,0,0.0,0.0,0.0,0.0,0.0,,0.0,0.0,0.0
2019-01-31,11.391,11.391,11.391,11.391,0,0.0,0.0,0.0,0.0,0.0,,0.0,0.0,0.0
2019-02-01,11.391,11.391,11.391,11.391,0,0.0,0.0,0.0,0.0,0.0,,0.0,0.0,0.0
2019-02-11,11.391,11.391,11.391,11.391,0,0.0,0.0,0.0,0.0,0.0,,0.0,0.0,0.0
2019-02-12,11.391,11.391,11.391,11.391,0,0.0,0.0,0.0,0.0,0.0,,0.0,0.0,0.0
2019-02-13,11.391,11.391,11.391,11.391,0,0.0,0.0,0.0,0.0,0.0,,0.0,0.0,0.0
2019-02-14,11.391,11.391,11.391,11.391,0,0.0,0.0,0.0,0.0,0.0,,0.0,0.0,0.0
2019-02-15,11.391,11.391,11.391,11.391,0,0.0,0.0,0.0,0.0,0.0,,0.0,0.0,0.0
2019-02-18,11.391,11.391,11.391,11.391,0,0.0,0.0,0.0,0.0,0.0,,0.0,0.0,0.0
2019-02-19,11.391,11.391,11.391,11.391,0,0.0,0.0,0.0,0.0,0.0,,0.0,0.0,0.0
2019-02-20,11.391,11.391,11.391,11.391,0,0.0,0.0,0.0,0.0,0.0,,0.0,0.0,0.0
2019-02-21,11.391,11.391,11.391,11.391,0,0.0,0.0,0.0,0.0,0.0,,0.0,0.0,0.0
2019-02-22,11.391,11.391,11.391,11.391,0,0.0,0.0,0.0,0.0,0.0,,0.0,0.0,0.0
2019-02-25,11.391,11.391,11.391,11.391,0,0.0,0.0,0.0,0.0,0.0,,0.0,0.0,0.0
2019-02-26,11.391,11.391,11.391,11.391,0,0.0,0.0,0.0,0.0,0.0,,0.0,0.0,0.0
2019-02-27,11.391,11.391,11.391,11.391,0,0.0,0.0,0.0,0.0,0.0,,0.0,0.0,0.0
2019-02-28,11.391,11.391,11.391,11.391,0,0.0,0.0,0.0,0.0,0.0,,0.0,0.0,0.0
2019-03-01,11.391,11.391,11.391,11.391,0,0.0,0.0,0.0,0.0,0.0,,0.0,0.0,0.0
2019-03-04,11.391,11.391,11.391,11.391,0,0.0,0.0,0.0,0.0,0.0,,0.0,0.0,0.0
2019-03-05,11.391,11.391,11.391,11.391,0,0.0,0.0,0.0,0.0,0.0,,0.0,0.0,0.0
2019-03-06,11.391,11.391,11.391,11.391,0,0.0,0.0,0.0,0.0,0.0,,0.0,0.0,0.0
2019-03-07,13.062,13.062,12.986,12.986,200,2597.2000000000003,100.0,0.0,0.0,0.0,,0.0,0.0,0.0
2019-03-08,14.884,14.884,14.884,14.884,100,1488.4,100.0,0.0,0.0,0.0,,0.0,0.0,0.0
2019-03-11,14.884,14.884,14.884,14.884,0,0.0,0.0,0.0,0.0,0.0,,0.0,0.0,0.0
2019-03-12,14.884,14.884,14.884,14.884,0,0.0,0.0,0.0,0.0,0.0,,0.0,0.0,0.0
2019-03-13,14.884,14.884,14.884,14.884,0,0.0,0.0,0.0,0.0,0.0,,0.0,0.0,0.0
2019-03-14,12.682,12.682,12.682,12.682,500,6341.0,0.0,500.0,0.0,10000.0,,0.0,0.0,0.01
2019-03-15,12.682,12.682,12.682,12.682,100,1268.2,0.0,0.0,0.0,0.0,,0.0,0.0,0.0
2019-03-18,12.682,12.682,12.682,12.682,0,0.0,0.0,0.0,0.0,0.0,,0.0,0.0,0.0
2019-03-19,12.682,12.682,12.682,12.682,0,0.0,0.0,0.0,0.0,0.0,,0.0,0.0,0.0
2019-03-20,12.682,12.682,12.682,12.682,0,0.0,0.0,0.0,0.0,0.0,,0.0,0.0,0.0
2019-03-21,12.682,12.682,12.682,12.682,100,1268.2,0.0,0.0,0.0,0.0,,0.0,0.0,0.0
2019-03-22,12.682,12.682,10.859,10.859,48800,529919.2,0.0,0.0,0.0,0.0,,0.0,0.0,0.0
2019-03-25,11.391,11.391,11.391,11.391,100,1139.1,0.0,0.0,0.0,0.0,,0.0,0.0,0.0
2019-03-26,11.391,11.391,11.391,11.391,0,0.0,0.0,0.0,0.0,0.0,,0.0,0.0,0.0
2019-03-27,11.391,11.391,11.391,11.391,0,0.0,0.0,0.0,0.0,0.0,,0.0,0.0,0.0
2019-03-28,11.391,11.391,11.391,11.391,0,0.0,0.0,0.0,0.0,0.0,,0.0,0.0,0.0
2019-03-29,12.91,12.91,12.91,12.91,100,1291.0,0.0,0.0,0.0,0.0,,0.0,0.0,0.0
2019-04-01,12.91,12.91,12.91,12.91,0,0.0,0.0,0.0,0.0,0.0,,0.0,0.0,0.0
2019-04-02,12.91,12.91,12.91,12.91,0,0.0,0.0,0.0,0.0,0.0,,0.0,0.0,0.0
2019-04-03,12.91,12.91,12.91,12.91,8,103.28,0.0,0.0,0.0,0.0,,0.0,0.0,0.0
2019-04-04,12.91,12.91,12.91,12.91,0,0.0,0.0,0.0,0.0,0.0,,0.0,0.0,0.0
2019-04-05,12.91,12.91,12.91,12.91,0,0.0,0.0,0.0,0.0,0.0,,0.0,0.0,0.0
2019-04-08,12.91,12.91,12.91,12.91,0,0.0,0.0,0.0,0.0,0.0,,0.0,0.0,0.0
2019-04-09,12.91,12.91,12.91,12.91,0,0.0,0.0,0.0,0.0,0.0,,0.0,0.0,0.0
2019-04-10,12.91,12.91,12.91,12.91,0,0.0,0.0,0.0,0.0,0.0,,0.0,0.0,0.0
2019-04-11,12.91,12.91,12.91,12.91,0,0.0,0.0,0.0,0.0,0.0,,0.0,0.0,0.0
2019-04-12,12.91,12.91,12.91,12.91,0,0.0,0.0,0.0,0.0,0.0,,0.0,0.0,0.0
2019-04-16,12.91,12.91,12.91,12.91,0,0.0,0.0,0.0,0.0,0.0,,0.0,0.0,0.0
2019-04-17,12.91,12.91,12.91,12.91,0,0.0,0.0,0.0,0.0,0.0,,0.0,0.0,0.0
2019-04-18,12.91,12.91,12.91,12.91,0,0.0,0.0,0.0,0.0,0.0,,0.0,0.0,0.0
2019-04-19,12.91,12.91,12.91,12.91,0,0.0,0.0,0.0,0.0,0.0,,0.0,0.0,0.0
2019-04-22,12.91,12.91,12.91,12.91,0,0.0,0.0,0.0,0.0,0.0,,0.0,0.0,0.0
2019-04-23,12.91,12.91,12.91,12.91,0,0.0,0.0,0.0,0.0,0.0,,0.0,0.0,0.0
2019-04-24,12.91,12.91,12.91,12.91,0,0.0,0.0,0.0,0.0,0.0,,0.0,0.0,0.0
2019-04-25,12.91,12.91,12.91,12.91,0,0.0,0.0,0.0,0.0,0.0,,0.0,0.0,0.0
2019-04-26,12.91,12.91,12.91,12.91,0,0.0,0.0,0.0,0.0,0.0,,0.0,0.0,0.0
2019-05-02,12.91,12.91,12.91,12.91,0,0.0,0.0,0.0,0.0,0.0,,0.0,0.0,0.0
2019-05-03,12.91,12.91,12.91,12.91,0,0.0,0.0,0.0,0.0,0.0,,0.0,0.0,0.0
2019-05-06,12.91,12.91,12.91,12.91,0,0.0,0.0,0.0,0.0,0.0,,0.0,0.0,0.0
2019-05-07,12.91,12.91,12.91,12.91,0,0.0,0.0,0.0,0.0,0.0,,0.0,0.0,0.0
2019-05-08,12.91,12.91,12.91,12.91,0,0.0,0.0,0.0,0.0,0.0,,0.0,0.0,0.0
2019-05-09,12.91,12.91,12.91,12.91,0,0.0,0.0,0.0,0.0,0.0,,0.0,0.0,0.0
2019-05-10,12.91,12.91,12.91,12.91,0,0.0,0.0,0.0,0.0,0.0,,0.0,0.0,0.0
2019-05-13,12.91,12.91,12.91,12.91,0,0.0,0.0,0.0,0.0,0.0,,0.0,0.0,0.0
2019-05-14,7.746,7.746,7.746,7.746,100,774.6,0.0,0.0,0.0,0.0,,0.0,0.0,0.0
2019-05-15,7.746,7.746,7.746,7.746,0,0.0,0.0,0.0,0.0,0.0,,0.0,0.0,0.0
2019-05-16,7.746,7.746,7.746,7.746,0,0.0,0.0,0.0,0.0,0.0,,0.0,0.0,0.0
2019-05-17,7.746,7.746,7.746,7.746,0,0.0,0.0,0.0,0.0,0.0,,0.0,0.0,0.0
2019-05-20,7.746,7.746,7.746,7.746,0,0.0,0.0,0.0,0.0,0.0,,0.0,0.0,0.0
2019-05-21,7.746,7.746,7.746,7.746,0,0.0,0.0,0.0,0.0,0.0,,0.0,0.0,0.0
2019-05-22,7.746,7.746,7.746,7.746,0,0.0,0.0,0.0,0.0,0.0,,0.0,0.0,0.0
2019-05-23,7.746,7.746,7.746,7.746,0,0.0,0.0,0.0,0.0,0.0,,0.0,0.0,0.0
2019-05-24,7.746,7.746,7.746,7.746,0,0.0,0.0,0.0,0.0,0.0,,0.0,0.0,0.0
2019-05-27,7.746,7.746,7.746,7.746,0,0.0,0.0,0.0,0.0,0.0,,0.0,0.0,0.0
2019-05-28,7.746,7.746,7.746,7.746,0,0.0,0.0,0.0,0.0,0.0,,0.0,0.0,0.0
2019-05-29,7.746,7.746,7.746,7.746,0,0.0,0.0,0.0,0.0,0.0,,0.0,0.0,0.0
2019-05-30,7.746,7.746,7.746,7.746,0,0.0,0.0,0.0,0.0,0.0,,0.0,0.0,0.0
2019-05-31,7.746,7.746,7.746,7.746,0,0.0,0.0,0.0,0.0,0.0,,0.0,0.0,0.0
2019-06-03,7.746,7.746,7.746,7.746,0,0.0,0.0,0.0,0.0,0.0,,0.0,0.0,0.0
2019-06-04,7.746,7.746,7.746,7.746,0,0.0,0.0,0.0,0.0,0.0,,0.0,0.0,0.0
2019-06-05,7.746,7.746,7.746,7.746,0,0.0,0.0,0.0,0.0,0.0,,0.0,0.0,0.0
2019-06-06,7.746,7.746,7.746,7.746,0,0.0,0.0,0.0,0.0,0.0,,0.0,0.0,0.0
2019-06-07,7.746,7.746,7.746,7.746,0,0.0,0.0,0.0,0.0,0.0,,0.0,0.0,0.0
2019-06-10,7.746,7.746,7.746,7.746,0,0.0,0.0,0.0,0.0,0.0,,0.0,0.0,0.0
2019-06-11,7.746,7.746,7.746,7.746,0,0.0,0.0,0.0,0.0,0.0,,0.0,0.0,0.0
2019-06-12,7.746,7.746,7.746,7.746,0,0.0,0.0,0.0,0.0,0.0,,0.0,0.0,0.0
2019-06-13,7.746,7.746,7.746,7.746,0,0.0,0.0,0.0,0.0,0.0,,0.0,0.0,0.0
2019-06-14,7.746,7.746,7.746,7.746,0,0.0,0.0,0.0,0.0,0.0,,0.0,0.0,0.0
2019-06-17,7.746,7.746,7.746,7.746,0,0.0,0.0,0.0,0.0,0.0,,0.0,0.0,0.0
2019-06-18,7.746,7.746,7.746,7.746,0,0.0,0.0,0.0,0.0,0.0,,0.0,0.0,0.0
2019-06-19,7.746,7.746,7.746,7.746,0,0.0,0.0,0.0,0.0,0.0,,0.0,0.0,0.0
2019-06-20,7.746,7.746,7.746,7.746,0,0.0,0.0,0.0,0.0,0.0,,0.0,0.0,0.0
2019-06-21,7.746,7.746,7.746,7.746,0,0.0,0.0,0.0,0.0,0.0,,0.0,0.0,0.0
2019-06-24,7.746,7.746,7.746,7.746,0,0.0,0.0,0.0,0.0,0.0,,0.0,0.0,0.0
2019-06-25,7.746,7.746,7.746,7.746,0,0.0,0.0,0.0,0.0,0.0,,0.0,0.0,0.0
2019-06-26,7.746,7.746,7.746,7.746,0,0.0,0.0,0.0,0.0,0.0,,0.0,0.0,0.0
2019-06-27,7.746,7.746,7.746,7.746,0,0.0,0.0,0.0,0.0,0.0,,0.0,0.0,0.0
2019-06-28,7.746,7.746,7.746,7.746,0,0.0,0.0,0.0,0.0,0.0,,0.0,0.0,0.0
2019-07-01,7.746,7.746,7.746,7.746,0,0.0,0.0,0.0,0.0,0.0,,0.0,0.0,0.0
2019-07-02,7.746,7.746,7.746,7.746,0,0.0,0.0,0.0,0.0,0.0,,0.0,0.0,0.0
2019-07-03,7.746,7.746,7.746,7.746,0,0.0,0.0,0.0,0.0,0.0,,0.0,0.0,0.0
2019-07-04,7.746,7.746,7.746,7.746,0,0.0,0.0,0.0,0.0,0.0,,0.0,0.0,0.0
2019-07-05,7.746,7.746,7.746,7.746,0,0.0,0.0,0.0,0.0,0.0,,0.0,0.0,0.0
2019-07-08,7.746,7.746,7.746,7.746,0,0.0,0.0,0.0,0.0,0.0,,0.0,0.0,0.0
2019-07-09,7.746,7.746,7.746,7.746,0,0.0,0.0,0.0,0.0,0.0,,0.0,0.0,0.0
2019-07-10,7.746,7.746,7.746,7.746,0,0.0,0.0,0.0,0.0,0.0,,0.0,0.0,0.0
2019-07-11,7.746,7.746,7.746,7.746,0,0.0,0.0,0.0,0.0,0.0,,0.0,0.0,0.0
2019-07-12,7.746,7.746,7.746,7.746,0,0.0,0.0,0.0,0.0,0.0,,0.0,0.0,0.0
2019-07-15,7.746,7.746,7.746,7.746,0,0.0,0.0,0.0,0.0,0.0,,0.0,0.0,0.0
2019-07-16,7.746,7.746,7.746,7.746,0,0.0,0.0,0.0,0.0,0.0,,0.0,0.0,0.0
2019-07-17,7.746,7.746,7.746,7.746,0,0.0,0.0,0.0,0.0,0.0,,0.0,0.0,0.0
2019-07-18,7.746,7.746,7.746,7.746,0,0.0,0.0,0.0,0.0,0.0,,0.0,0.0,0.0
2019-07-19,7.746,7.746,7.746,7.746,0,0.0,0.0,0.0,0.0,0.0,,0.0,0.0,0.0
2019-07-22,7.746,7.746,7.746,7.746,0,0.0,0.0,0.0,0.0,0.0,,0.0,0.0,0.0
2019-07-23,7.746,7.746,7.746,7.746,0,0.0,0.0,0.0,0.0,0.0,,0.0,0.0,0.0
2019-07-24,7.746,7.746,7.746,7.746,0,0.0,0.0,0.0,0.0,0.0,,0.0,0.0,0.0
2019-07-25,7.746,7.746,7.746,7.746,0,0.0,0.0,0.0,0.0,0.0,,0.0,0.0,0.0
2019-07-26,7.746,7.746,7.746,7.746,0,0.0,0.0,0.0,0.0,0.0,,0.0,0.0,0.0
2019-07-29,7.746,7.746,7.746,7.746,0,0.0,0.0,0.0,0.0,0.0,,0.0,0.0,0.0
2019-07-30,7.746,7.746,7.746,7.746,0,0.0,0.0,0.0,0.0,0.0,,0.0,0.0,0.0
2019-07-31,7.746,7.746,7.746,7.746,0,0.0,0.0,0.0,0.0,0.0,,0.0,0.0,0.0
2019-08-01,10.783,10.783,10.783,10.783,200,2156.6,0.0,0.0,0.0,0.0,,0.0,0.0,0.0
2019-08-02,10.783,10.783,10.783,10.783,0,0.0,0.0,0.0,0.0,0.0,,0.0,0.0,0.0
2019-08-05,10.783,10.783,10.783,10.783,0,0.0,0.0,0.0,0.0,0.0,,0.0,0.0,0.0
2019-08-06,10.783,10.783,10.783,10.783,0,0.0,0.0,0.0,0.0,0.0,,0.0,0.0,0.0
2019-08-07,10.783,10.783,10.783,10.783,0,0.0,0.0,0.0,0.0,0.0,,0.0,0.0,0.0
2019-08-08,10.783,10.783,10.783,10.783,0,0.0,0.0,0.0,0.0,0.0,,0.0,0.0,0.0
2019-08-09,10.783,10.783,10.783,10.783,0,0.0,0.0,0.0,0.0,0.0,,0.0,0.0,0.0
2019-08-12,10.783,10.783,10.783,10.783,0,0.0,0.0,0.0,0.0,0.0,,0.0,0.0,0.0
2019-08-13,10.783,10.783,10.783,10.783,0,0.0,0.0,0.0,0.0,0.0,,0.0,0.0,0.0
2019-08-14,10.783,10.783,10.783,10.783,0,0.0,0.0,0.0,0.0,0.0,,0.0,0.0,0.0
2019-08-15,10.783,10.783,10.783,10.783,0,0.0,0.0,0.0,0.0,0.0,,0.0,0.0,0.0
2019-08-16,10.783,10.783,10.783,10.783,0,0.0,0.0,0.0,0.0,0.0,,0.0,0.0,0.0
2019-08-19,10.783,10.783,10.783,10.783,0,0.0,0.0,0.0,0.0,0.0,,0.0,0.0,0.0
2019-08-20,10.783,10.783,10.783,10.783,0,0.0,0.0,0.0,0.0,0.0,,0.0,0.0,0.0
2019-08-21,10.783,10.783,10.783,10.783,0,0.0,0.0,0.0,0.0,0.0,,0.0,0.0,0.0
2019-08-22,10.783,10.783,10.783,10.783,0,0.0,0.0,0.0,0.0,0.0,,0.0,0.0,0.0
2019-08-23,10.783,10.783,10.783,10.783,0,0.0,0.0,0.0,0.0,0.0,,0.0,0.0,0.0
2019-08-26,10.783,10.783,10.783,10.783,0,0.0,0.0,0.0,0.0,0.0,,0.0,0.0,0.0
2019-08-27,10.783,10.783,10.783,10.783,0,0.0,0.0,0.0,0.0,0.0,,0.0,0.0,0.0
2019-08-28,10.783,10.783,10.783,10.783,0,0.0,0.0,0.0,0.0,0.0,,0.0,0.0,0.0
2019-08-29,10.783,10.783,10.783,10.783,0,0.0,0.0,0.0,0.0,0.0,,0.0,0.0,0.0
2019-08-30,10.783,10.783,10.783,10.783,0,0.0,0.0,0.0,0.0,0.0,,0.0,0.0,0.0
2019-09-03,10.783,10.783,10.783,10.783,0,0.0,0.0,0.0,0.0,0.0,,0.0,0.0,0.0
2019-09-04,10.783,10.783,10.783,10.783,0,0.0,0.0,0.0,0.0,0.0,,0.0,0.0,0.0
2019-09-05,10.783,10.783,10.783,10.783,0,0.0,0.0,0.0,0.0,0.0,,0.0,0.0,0.0
2019-09-06,10.783,10.783,10.783,10.783,0,0.0,0.0,0.0,0.0,0.0,,0.0,0.0,0.0
2019-09-09,10.783,10.783,10.783,10.783,0,0.0,0.0,0.0,0.0,0.0,,0.0,0.0,0.0
2019-09-10,10.783,10.783,10.783,10.783,0,0.0,0.0,0.0,0.0,0.0,,0.0,0.0,0.0
2019-09-11,10.783,10.783,10.783,10.783,0,0.0,0.0,0.0,0.0,0.0,,0.0,0.0,0.0
2019-09-12,10.783,10.783,10.783,10.783,0,0.0,0.0,0.0,0.0,0.0,,0.0,0.0,0.0
2019-09-13,10.783,10.783,10.783,10.783,0,0.0,0.0,0.0,0.0,0.0,,0.0,0.0,0.0
2019-09-16,10.783,10.783,10.783,10.783,0,0.0,0.0,0.0,0.0,0.0,,0.0,0.0,0.0
2019-09-17,10.783,10.783,10.783,10.783,0,0.0,0.0,0.0,0.0,0.0,,0.0,0.0,0.0
2019-09-18,10.783,10.783,10.783,10.783,0,0.0,0.0,0.0,0.0,0.0,,0.0,0.0,0.0
2019-09-19,10.783,10.783,10.783,10.783,0,0.0,0.0,0.0,0.0,0.0,,0.0,0.0,0.0
2019-09-20,10.783,10.783,10.783,10.783,0,0.0,0.0,0.0,0.0,0.0,,0.0,0.0,0.0
2019-09-23,10.783,10.783,10.783,10.783,0,0.0,0.0,0.0,0.0,0.0,,0.0,0.0,0.0
2019-09-24,10.783,10.783,10.783,10.783,0,0.0,0.0,0.0,0.0,0.0,,0.0,0.0,0.0
2019-09-25,10.783,10.783,10.783,10.783,0,0.0,0.0,0.0,0.0,0.0,,0.0,0.0,0.0
2019-09-26,10.783,10.783,10.783,10.783,0,0.0,0.0,0.0,0.0,0.0,,0.0,0.0,0.0
2019-09-27,10.783,10.783,10.783,10.783,0,0.0,0.0,0.0,0.0,0.0,,0.0,0.0,0.0
2019-09-30,10.783,10.783,10.783,10.783,0,0.0,0.0,0.0,0.0,0.0,,0.0,0.0,0.0
2019-10-01,10.783,10.783,10.783,10.783,0,0.0,0.0,0.0,0.0,0.0,,0.0,0.0,0.0
2019-10-02,10.783,10.783,10.783,10.783,0,0.0,0.0,0.0,0.0,0.0,,0.0,0.0,0.0
2019-10-03,10.783,10.783,10.783,10.783,0,0.0,0.0,0.0,0.0,0.0,,0.0,0.0,0.0
2019-10-04,10.783,10.783,10.783,10.783,0,0.0,0.0,0.0,0.0,0.0,,0.0,0.0,0.0
2019-10-07,10.783,10.783,10.783,10.783,0,0.0,0.0,0.0,0.0,0.0,,0.0,0.0,0.0
2019-10-08,10.783,10.783,10.783,10.783,0,0.0,0.0,0.0,0.0,0.0,,0.0,0.0,0.0
2019-10-09,10.783,10.783,10.783,10.783,0,0.0,0.0,0.0,0.0,0.0,,0.0,0.0,0.0
2019-10-10,10.783,10.783,10.783,10.783,0,0.0,0.0,0.0,0.0,0.0,,0.0,0.0,0.0
2019-10-11,10.783,10.783,10.783,10.783,0,0.0,0.0,0.0,0.0,0.0,,0.0,0.0,0.0
2019-10-14,10.783,10.783,10.783,10.783,0,0.0,0.0,0.0,0.0,0.0,,0.0,0.0,0.0
2019-10-15,10.783,10.783,10.783,10.783,0,0.0,0.0,0.0,0.0,0.0,,0.0,0.0,0.0
2019-10-16,10.783,10.783,10.783,10.783,0,0.0,0.0,0.0,0.0,0.0,,0.0,0.0,0.0
2019-10-17,10.783,10.783,10.783,10.783,0,0.0,0.0,0.0,0.0,0.0,,0.0,0.0,0.0
2019-10-18,10.783,10.783,10.783,10.783,0,0.0,0.0,0.0,0.0,0.0,,0.0,0.0,0.0
2019-10-21,10.783,10.783,10.783,10.783,0,0.0,0.0,0.0,0.0,0.0,,0.0,0.0,0.0
2019-10-22,10.783,10.783,10.783,10.783,0,0.0,0.0,0.0,0.0,0.0,,0.0,0.0,0.0
2019-10-23,10.783,10.783,10.783,10.783,0,0.0,0.0,0.0,0.0,0.0,,0.0,0.0,0.0
2019-10-24,10.783,10.783,10.783,10.783,0,0.0,0.0,0.0,0.0,0.0,,0.0,0.0,0.0
2019-10-25,10.783,10.783,10.783,10.783,0,0.0,0.0,0.0,0.0,0.0,,0.0,0.0,0.0
2019-10-28,10.783,10.783,10.783,10.783,0,0.0,0.0,0.0,0.0,0.0,,0.0,0.0,0.0
2019-10-29,10.783,10.783,10.783,10.783,0,0.0,0.0,0.0,0.0,0.0,,0.0,0.0,0.0
2019-10-30,10.783,10.783,10.783,10.783,0,0.0,0.0,0.0,0.0,0.0,,0.0,0.0,0.0
2019-10-31,10.783,10.783,10.783,10.783,0,0.0,0.0,0.0,0.0,0.0,,0.0,0.0,0.0
2019-11-01,10.783,10.783,10.783,10.783,0,0.0,0.0,0.0,0.0,0.0,,0.0,0.0,0.0
2019-11-04,10.783,10.783,10.783,10.783,0,0.0,0.0,0.0,0.0,0.0,,0.0,0.0,0.0
2019-11-05,10.783,10.783,10.783,10.783,0,0.0,0.0,0.0,0.0,0.0,,0.0,0.0,0.0
2019-11-06,10.783,10.783,10.783,10.783,0,0.0,0.0,0.0,0.0,0.0,,0.0,0.0,0.0
2019-11-07,10.783,10.783,10.783,10.783,0,0.0,0.0,0.0,0.0,0.0,,0.0,0.0,0.0
2019-11-08,10.783,10.783,10.783,10.783,0,0.0,0.0,0.0,0.0,0.0,,0.0,0.0,0.0
2019-11-11,10.783,10.783,10.783,10.783,0,0.0,0.0,0.0,0.0,0.0,,0.0,0.0,0.0
2019-11-12,10.783,10.783,10.783,10.783,0,0.0,0.0,0.0,0.0,0.0,,0.0,0.0,0.0
2019-11-13,10.783,10.783,10.783,10.783,0,0.0,0.0,0.0,0.0,0.0,,0.0,0.0,0.0
2019-11-14,10.783,10.783,10.783,10.783,0,0.0,0.0,0.0,0.0,0.0,,0.0,0.0,0.0
2019-11-15,10.783,10.783,10.783,10.783,0,0.0,0.0,0.0,0.0,0.0,,0.0,0.0,0.0
2019-11-18,10.783,10.783,10.783,10.783,0,0.0,0.0,0.0,0.0,0.0,,0.0,0.0,0.0
2019-11-19,10.783,10.783,10.783,10.783,0,0.0,0.0,0.0,0.0,0.0,,0.0,0.0,0.0
2019-11-20,10.783,10.783,10.783,10.783,0,0.0,0.0,0.0,0.0,0.0,,0.0,0.0,0.0
2019-11-21,10.783,10.783,10.783,10.783,0,0.0,0.0,0.0,0.0,0.0,,0.0,0.0,0.0
2019-11-22,10.783,10.783,10.783,10.783,0,0.0,0.0,0.0,0.0,0.0,,0.0,0.0,0.0
2019-11-25,10.783,10.783,10.783,10.783,0,0.0,0.0,0.0,0.0,0.0,,0.0,0.0,0.0
2019-11-26,10.783,10.783,10.783,10.783,0,0.0,0.0,0.0,0.0,0.0,,0.0,0.0,0.0
2019-11-27,10.783,10.783,10.783,10.783,0,0.0,0.0,0.0,0.0,0.0,,0.0,0.0,0.0
2019-11-28,10.783,10.783,10.783,10.783,0,0.0,0.0,0.0,0.0,0.0,,0.0,0.0,0.0
2019-11-29,10.783,10.783,10.783,10.783,0,0.0,0.0,0.0,0.0,0.0,,0.0,0.0,0.0
2019-12-02,10.783,10.783,10.783,10.783,0,0.0,0.0,0.0,0.0,0.0,,0.0,0.0,0.0
2019-12-03,10.783,10.783,10.783,10.783,0,0.0,0.0,0.0,0.0,0.0,,0.0,0.0,0.0
2019-12-04,10.783,10.783,10.783,10.783,0,0.0,0.0,0.0,0.0,0.0,,0.0,0.0,0.0
2019-12-05,10.783,10.783,10.783,10.783,0,0.0,0.0,0.0,0.0,0.0,,0.0,0.0,0.0
2019-12-06,10.783,10.783,10.783,10.783,0,0.0,0.0,0.0,0.0,0.0,,0.0,0.0,0.0
2019-12-09,10.783,10.783,10.783,10.783,0,0.0,0.0,0.0,0.0,0.0,,0.0,0.0,0.0
2019-12-10,10.783,10.783,10.783,10.783,0,0.0,0.0,0.0,0.0,0.0,,0.0,0.0,0.0
2019-12-11,10.783,10.783,10.783,10.783,0,0.0,0.0,0.0,0.0,0.0,,0.0,0.0,0.0
2019-12-12,10.783,10.783,10.783,10.783,0,0.0,0.0,0.0,0.0,0.0,,0.0,0.0,0.0
2019-12-13,10.783,10.783,10.783,10.783,0,0.0,0.0,0.0,0.0,0.0,,0.0,0.0,0.0
2019-12-16,10.783,10.783,10.783,10.783,0,0.0,0.0,0.0,0.0,0.0,,0.0,0.0,0.0
2019-12-17,10.783,10.783,10.783,10.783,0,0.0,0.0,0.0,0.0,0.0,,0.0,0.0,0.0
2019-12-18,10.783,10.783,10.783,10.783,0,0.0,0.0,0.0,0.0,0.0,,0.0,0.0,0.0
2019-12-19,10.783,10.783,10.783,10.783,0,0.0,0.0,0.0,0.0,0.0,,0.0,0.0,0.0
2019-12-20,10.783,10.783,10.783,10.783,0,0.0,0.0,0.0,0.0,0.0,,0.0,0.0,0.0
2019-12-23,10.783,10.783,10.783,10.783,0,0.0,0.0,0.0,0.0,0.0,,0.0,0.0,0.0
2019-12-24,10.783,10.783,10.783,10.783,0,0.0,0.0,0.0,0.0,0.0,,0.0,0.0,0.0
2019-12-25,10.783,10.783,10.783,10.783,0,0.0,0.0,0.0,0.0,0.0,,0.0,0.0,0.0
2019-12-26,10.783,10.783,10.783,10.783,0,0.0,0.0,0.0,0.0,0.0,,0.0,0.0,0.0
2019-12-27,10.783,10.783,10.783,10.783,0,0.0,0.0,0.0,0.0,0.0,,0.0,0.0,0.0
2019-12-30,10.783,10.783,10.783,10.783,0,0.0,0.0,0.0,0.0,0.0,,0.0,0.0,0.0
2019-12-31,10.783,10.783,10.783,10.783,0,0.0,0.0,0.0,0.0,0.0,,0.0,0.0,0.0
2020-01-02,10.783,10.783,10.783,10.783,0,0.0,0.0,0.0,0.0,0.0,,0.0,0.0,0.0
2020-01-03,10.783,10.783,10.783,10.783,0,0.0,0.0,0.0,0.0,0.0,,0.0,0.0,0.0
2020-01-06,10.783,10.783,10.783,10.783,0,0.0,0.0,0.0,0.0,0.0,,0.0,0.0,0.0
2020-01-07,10.783,10.783,10.783,10.783,0,0.0,0.0,0.0,0.0,0.0,,0.0,0.0,0.0
2020-01-08,10.783,10.783,10.783,10.783,0,0.0,0.0,0.0,0.0,0.0,,0.0,0.0,0.0
2020-01-09,10.783,10.783,10.783,10.783,0,0.0,0.0,0.0,0.0,0.0,,0.0,0.0,0.0
2020-01-10,10.783,10.783,10.783,10.783,0,0.0,0.0,0.0,0.0,0.0,,0.0,0.0,0.0
2020-01-13,10.783,10.783,10.783,10.783,0,0.0,0.0,0.0,0.0,0.0,,0.0,0.0,0.0
2020-01-14,10.783,10.783,10.783,10.783,0,0.0,0.0,0.0,0.0,0.0,,0.0,0.0,0.0
2020-01-15,10.783,10.783,10.783,10.783,0,0.0,0.0,0.0,0.0,0.0,,0.0,0.0,0.0
2020-01-16,10.783,10.783,10.783,10.783,0,0.0,0.0,0.0,0.0,0.0,,0.0,0.0,0.0
2020-01-17,10.783,10.783,10.783,10.783,0,0.0,0.0,0.0,0.0,0.0,,0.0,0.0,0.0
2020-01-20,10.783,10.783,10.783,10.783,0,0.0,0.0,0.0,0.0,0.0,,0.0,0.0,0.0
2020-01-21,10.783,10.783,10.783,10.783,0,0.0,0.0,0.0,0.0,0.0,,0.0,0.0,0.0
2020-01-22,10.783,10.783,10.783,10.783,0,0.0,0.0,0.0,0.0,0.0,,0.0,0.0,0.0
2020-01-30,10.783,10.783,10.783,10.783,0,0.0,0.0,0.0,0.0,0.0,,0.0,0.0,0.0
2020-01-31,10.783,10.783,10.783,10.783,0,0.0,0.0,0.0,0.0,0.0,,0.0,0.0,0.0
2020-02-03,10.783,10.783,10.783,10.783,0,0.0,0.0,0.0,0.0,0.0,,0.0,0.0,0.0
2020-02-04,10.783,10.783,10.783,10.783,0,0.0,0.0,0.0,0.0,0.0,,0.0,0.0,0.0
2020-02-05,10.783,10.783,10.783,10.783,0,0.0,0.0,0.0,0.0,0.0,,0.0,0.0,0.0
2020-02-06,10.783,10.783,10.783,10.783,0,0.0,0.0,0.0,0.0,0.0,,0.0,0.0,0.0
2020-02-07,10.783,10.783,10.783,10.783,0,0.0,0.0,0.0,0.0,0.0,,0.0,0.0,0.0
2020-02-10,10.783,10.783,10.783,10.783,0,0.0,0.0,0.0,0.0,0.0,,0.0,0.0,0.0
2020-02-11,10.783,10.783,10.783,10.783,0,0.0,0.0,0.0,0.0,0.0,,0.0,0.0,0.0
2020-02-12,10.783,10.783,10.783,10.783,0,0.0,0.0,0.0,0.0,0.0,,0.0,0.0,0.0
2020-02-13,10.783,10.783,10.783,10.783,0,0.0,0.0,0.0,0.0,0.0,,0.0,0.0,0.0
2020-02-14,10.783,10.783,10.783,10.783,0,0.0,0.0,0.0,0.0,0.0,,0.0,0.0,0.0
2020-02-17,10.783,10.783,10.783,10.783,0,0.0,0.0,0.0,0.0,0.0,,0.0,0.0,0.0
2020-02-18,10.783,10.783,10.783,10.783,0,0.0,0.0,0.0,0.0,0.0,,0.0,0.0,0.0
2020-02-19,10.783,10.783,10.783,10.783,0,0.0,0.0,0.0,0.0,0.0,,0.0,0.0,0.0
2020-02-20,10.783,10.783,10.783,10.783,0,0.0,0.0,0.0,0.0,0.0,,0.0,0.0,0.0
2020-02-21,10.783,10.783,10.783,10.783,0,0.0,0.0,0.0,0.0,0.0,,0.0,0.0,0.0
2020-02-24,10.783,10.783,10.783,10.783,0,0.0,0.0,0.0,0.0,0.0,,0.0,0.0,0.0
2020-02-25,10.783,10.783,10.783,10.783,0,0.0,0.0,0.0,0.0,0.0,,0.0,0.0,0.0
2020-02-26,10.783,10.783,10.783,10.783,0,0.0,0.0,0.0,0.0,0.0,,0.0,0.0,0.0
2020-02-27,10.783,10.783,10.783,10.783,0,0.0,0.0,0.0,0.0,0.0,,0.0,0.0,0.0
2020-02-28,10.783,10.783,10.783,10.783,0,0.0,0.0,0.0,0.0,0.0,,0.0,0.0,0.0
2020-03-02,10.783,10.783,10.783,10.783,0,0.0,0.0,0.0,0.0,0.0,,0.0,0.0,0.0
2020-03-03,10.783,10.783,10.783,10.783,0,0.0,0.0,0.0,0.0,0.0,,0.0,0.0,0.0
2020-03-04,10.783,10.783,10.783,10.783,0,0.0,0.0,0.0,0.0,0.0,,0.0,0.0,0.0
2020-03-05,10.783,10.783,10.783,10.783,0,0.0,0.0,0.0,0.0,0.0,,0.0,0.0,0.0
2020-03-06,10.783,10.783,10.783,10.783,0,0.0,0.0,0.0,0.0,0.0,,0.0,0.0,0.0
2020-03-09,10.783,10.783,10.783,10.783,0,0.0,0.0,0.0,0.0,0.0,,0.0,0.0,0.0
2020-03-10,10.783,10.783,10.783,10.783,0,0.0,0.0,0.0,0.0,0.0,,0.0,0.0,0.0
2020-03-11,10.783,10.783,10.783,10.783,0,0.0,0.0,0.0,0.0,0.0,,0.0,0.0,0.0
2020-03-12,10.783,10.783,10.783,10.783,0,0.0,0.0,0.0,0.0,0.0,,0.0,0.0,0.0
2020-03-13,10.783,10.783,10.783,10.783,0,0.0,0.0,0.0,0.0,0.0,,0.0,0.0,0.0
2020-03-16,10.783,10.783,10.783,10.783,0,0.0,0.0,0.0,0.0,0.0,,0.0,0.0,0.0
2020-03-17,10.783,10.783,10.783,10.783,0,0.0,0.0,0.0,0.0,0.0,,0.0,0.0,0.0
2020-03-18,10.783,10.783,10.783,10.783,0,0.0,0.0,0.0,0.0,0.0,,0.0,0.0,0.0
2020-03-19,10.783,10.783,10.783,10.783,0,0.0,0.0,0.0,0.0,0.0,,0.0,0.0,0.0
2020-03-20,10.783,10.783,10.783,10.783,0,0.0,0.0,0.0,0.0,0.0,,0.0,0.0,0.0
2020-03-23,10.783,10.783,10.783,10.783,0,0.0,0.0,0.0,0.0,0.0,,0.0,0.0,0.0
2020-03-24,10.783,10.783,10.783,10.783,0,0.0,0.0,0.0,0.0,0.0,,0.0,0.0,0.0
2020-03-25,10.783,10.783,10.783,10.783,0,0.0,0.0,0.0,0.0,0.0,,0.0,0.0,0.0
2020-03-26,10.783,10.783,10.783,10.783,0,0.0,0.0,0.0,0.0,0.0,,0.0,0.0,0.0
2020-03-27,10.783,10.783,10.783,10.783,0,0.0,0.0,0.0,0.0,0.0,,0.0,0.0,0.0
2020-03-30,10.783,10.783,10.783,10.783,0,0.0,0.0,0.0,0.0,0.0,,0.0,0.0,0.0
2020-03-31,10.783,10.783,10.783,10.783,0,0.0,0.0,0.0,0.0,0.0,,0.0,0.0,0.0
2020-04-01,10.783,10.783,10.783,10.783,0,0.0,0.0,0.0,0.0,0.0,,0.0,0.0,0.0
2020-04-03,10.783,10.783,10.783,10.783,0,0.0,0.0,0.0,0.0,0.0,,0.0,0.0,0.0
2020-04-06,10.783,10.783,10.783,10.783,0,0.0,0.0,0.0,0.0,0.0,,0.0,0.0,0.0
2020-04-07,10.783,10.783,10.783,10.783,0,0.0,0.0,0.0,0.0,0.0,,0.0,0.0,0.0
2020-04-08,10.783,10.783,10.783,10.783,0,0.0,0.0,0.0,0.0,0.0,,0.0,0.0,0.0
2020-04-09,10.783,10.783,10.783,10.783,0,0.0,0.0,0.0,0.0,0.0,,0.0,0.0,0.0
2020-04-10,10.783,10.783,10.783,10.783,0,0.0,0.0,0.0,0.0,0.0,,0.0,0.0,0.0
2020-04-13,10.783,10.783,10.783,10.783,0,0.0,0.0,0.0,0.0,0.0,,0.0,0.0,0.0
2020-04-14,10.783,10.783,10.783,10.783,0,0.0,0.0,0.0,0.0,0.0,,0.0,0.0,0.0
2020-04-15,10.783,10.783,10.783,10.783,0,0.0,0.0,0.0,0.0,0.0,,0.0,0.0,0.0
2020-04-16,10.783,10.783,10.783,10.783,0,0.0,0.0,0.0,0.0,0.0,,0.0,0.0,0.0
2020-04-17,10.783,10.783,10.783,10.783,0,0.0,0.0,0.0,0.0,0.0,,0.0,0.0,0.0
2020-04-20,10.783,10.783,10.783,10.783,0,0.0,0.0,0.0,0.0,0.0,,0.0,0.0,0.0
2020-04-21,10.783,10.783,10.783,10.783,0,0.0,0.0,0.0,0.0,0.0,,0.0,0.0,0.0
2020-04-22,10.783,10.783,10.783,10.783,0,0.0,0.0,0.0,0.0,0.0,,0.0,0.0,0.0
2020-04-23,10.783,10.783,10.783,10.783,0,0.0,0.0,0.0,0.0,0.0,,0.0,0.0,0.0
2020-04-24,10.783,10.783,10.783,10.783,0,0.0,0.0,0.0,0.0,0.0,,0.0,0.0,0.0
2020-04-27,10.783,10.783,10.783,10.783,0,0.0,0.0,0.0,0.0,0.0,,0.0,0.0,0.0
2020-04-28,10.783,10.783,10.783,10.783,0,0.0,0.0,0.0,0.0,0.0,,0.0,0.0,0.0
2020-04-29,10.783,10.783,10.783,10.783,0,0.0,0.0,0.0,0.0,0.0,,0.0,0.0,0.0
2020-05-04,10.783,10.783,10.783,10.783,0,0.0,0.0,0.0,0.0,0.0,,0.0,0.0,0.0
2020-05-05,10.783,10.783,10.783,10.783,0,0.0,0.0,0.0,0.0,0.0,,0.0,0.0,0.0
2020-05-06,10.783,10.783,10.783,10.783,0,0.0,0.0,0.0,0.0,0.0,,0.0,0.0,0.0
2020-05-07,10.783,10.783,10.783,10.783,0,0.0,0.0,0.0,0.0,0.0,,0.0,0.0,0.0
2020-05-08,10.783,10.783,10.783,10.783,0,0.0,0.0,0.0,0.0,0.0,,0.0,0.0,0.0
2020-05-11,10.783,10.783,10.783,10.783,0,0.0,0.0,0.0,0.0,0.0,,0.0,0.0,0.0
2020-05-12,10.783,10.783,10.783,10.783,0,0.0,0.0,0.0,0.0,0.0,,0.0,0.0,0.0
2020-05-13,10.783,10.783,10.783,10.783,0,0.0,0.0,0.0,0.0,0.0,,0.0,0.0,0.0
2020-05-14,10.783,10.783,10.783,10.783,0,0.0,0.0,0.0,0.0,0.0,,0.0,0.0,0.0
2020-05-15,10.783,10.783,10.783,10.783,0,0.0,0.0,0.0,0.0,0.0,,0.0,0.0,0.0
2020-05-18,10.783,10.783,10.783,10.783,0,0.0,0.0,0.0,0.0,0.0,,0.0,0.0,0.0
2020-05-19,10.783,10.783,10.783,10.783,0,0.0,0.0,0.0,0.0,0.0,,0.0,0.0,0.0
2020-05-20,10.783,10.783,10.783,10.783,0,0.0,0.0,0.0,0.0,0.0,,0.0,0.0,0.0
2020-05-21,10.783,10.783,10.783,10.783,0,0.0,0.0,0.0,0.0,0.0,,0.0,0.0,0.0
2020-05-22,10.783,10.783,10.783,10.783,0,0.0,0.0,0.0,0.0,0.0,,0.0,0.0,0.0
2020-05-25,10.783,10.783,10.783,10.783,0,0.0,0.0,0.0,0.0,0.0,,0.0,0.0,0.0
2020-05-26,10.783,10.783,10.783,10.783,0,0.0,0.0,0.0,0.0,0.0,,0.0,0.0,0.0
2020-05-27,10.783,10.783,10.783,10.783,0,0.0,0.0,0.0,0.0,0.0,,0.0,0.0,0.0
2020-05-28,10.783,10.783,10.783,10.783,0,0.0,0.0,0.0,0.0,0.0,,0.0,0.0,0.0
2020-05-29,10.783,10.783,10.783,10.783,0,0.0,0.0,0.0,0.0,0.0,,0.0,0.0,0.0
2020-06-01,10.783,10.783,10.783,10.783,0,0.0,0.0,0.0,0.0,0.0,,0.0,0.0,0.0
2020-06-02,10.783,10.783,10.783,10.783,0,0.0,0.0,0.0,0.0,0.0,,0.0,0.0,0.0
2020-06-03,10.783,10.783,10.783,10.783,0,0.0,0.0,0.0,0.0,0.0,,0.0,0.0,0.0
2020-06-04,10.783,10.783,10.783,10.783,0,0.0,0.0,0.0,0.0,0.0,,0.0,0.0,0.0
2020-06-05,10.783,10.783,10.783,10.783,0,0.0,0.0,0.0,0.0,0.0,,0.0,0.0,0.0
2020-06-08,10.783,10.783,10.783,10.783,0,0.0,0.0,0.0,0.0,0.0,,0.0,0.0,0.0
2020-06-09,10.783,10.783,10.783,10.783,0,0.0,0.0,0.0,0.0,0.0,,0.0,0.0,0.0
2020-06-10,10.783,10.783,10.783,10.783,0,0.0,0.0,0.0,0.0,0.0,,0.0,0.0,0.0
2020-06-11,10.783,10.783,10.783,10.783,0,0.0,0.0,0.0,0.0,0.0,,0.0,0.0,0.0
2020-06-12,10.783,10.783,10.783,10.783,0,0.0,0.0,0.0,0.0,0.0,,0.0,0.0,0.0
2020-06-15,10.783,10.783,10.783,10.783,0,0.0,0.0,0.0,0.0,0.0,,0.0,0.0,0.0
2020-06-16,10.783,10.783,10.783,10.783,0,0.0,0.0,0.0,0.0,0.0,,0.0,0.0,0.0
2020-06-17,10.783,10.783,10.783,10.783,0,0.0,0.0,0.0,0.0,0.0,,0.0,0.0,0.0
2020-06-18,10.783,10.783,10.783,10.783,0,0.0,0.0,0.0,0.0,0.0,,0.0,0.0,0.0
2020-06-19,10.783,10.783,9.872,9.872,2900,28628.8,0.0,0.0,0.0,0.0,,0.0,0.0,0.0
2020-06-22,10.632,10.632,10.632,10.632,0,0.0,0.0,0.0,0.0,0.0,,0.0,0.0,0.0
2020-06-23,10.632,10.632,10.632,10.632,0,0.0,0.0,0.0,0.0,0.0,,0.0,0.0,0.0
2020-06-24,10.632,10.632,10.632,10.632,0,0.0,0.0,0.0,0.0,0.0,,0.0,0.0,0.0
2020-06-25,10.632,10.632,10.632,10.632,0,0.0,0.0,0.0,0.0,0.0,,0.0,0.0,0.0
2020-06-26,10.632,10.632,10.632,10.632,0,0.0,0.0,0.0,0.0,0.0,,0.0,0.0,0.0
2020-06-29,10.632,10.632,10.632,10.632,0,0.0,0.0,0.0,0.0,0.0,,0.0,0.0,0.0
2020-06-30,10.632,10.632,10.632,10.632,0,0.0,0.0,0.0,0.0,0.0,,0.0,0.0,0.0
2020-07-01,10.632,10.632,10.632,10.632,0,0.0,0.0,0.0,0.0,0.0,,0.0,0.0,0.0
2020-07-02,10.632,10.632,10.632,10.632,0,0.0,0.0,0.0,0.0,0.0,,0.0,0.0,0.0
2020-07-03,10.632,10.632,10.632,10.632,0,0.0,0.0,0.0,0.0,0.0,,0.0,0.0,0.0
2020-07-06,10.632,10.632,10.632,10.632,0,0.0,0.0,0.0,0.0,0.0,,0.0,0.0,0.0
2020-07-07,10.632,10.632,10.632,10.632,0,0.0,0.0,0.0,0.0,0.0,,0.0,0.0,0.0
2020-07-08,10.632,10.632,10.632,10.632,0,0.0,0.0,0.0,0.0,0.0,,0.0,0.0,0.0
2020-07-09,10.632,10.632,10.632,10.632,0,0.0,0.0,0.0,0.0,0.0,,0.0,0.0,0.0
2020-07-10,10.632,10.632,10.632,10.632,0,0.0,0.0,0.0,0.0,0.0,,0.0,0.0,0.0
2020-07-13,10.632,10.632,10.632,10.632,0,0.0,0.0,0.0,0.0,0.0,,0.0,0.0,0.0
2020-07-14,10.632,10.632,10.632,10.632,0,0.0,0.0,0.0,0.0,0.0,,0.0,0.0,0.0
2020-07-15,10.632,10.632,10.632,10.632,0,0.0,0.0,0.0,0.0,0.0,,0.0,0.0,0.0
2020-07-16,10.632,10.632,10.632,10.632,0,0.0,0.0,0.0,0.0,0.0,,0.0,0.0,0.0
2020-07-17,10.632,10.632,10.632,10.632,0,0.0,0.0,0.0,0.0,0.0,,0.0,0.0,0.0
2020-07-20,10.632,10.632,10.632,10.632,5500,58476.0,0.0,0.0,0.0,0.0,,0.0,0.0,0.0
2020-07-21,10.632,10.632,10.632,10.632,0,0.0,0.0,0.0,0.0,0.0,,0.0,0.0,0.0
2020-07-22,10.632,10.632,10.632,10.632,0,0.0,0.0,0.0,0.0,0.0,,0.0,0.0,0.0
2020-07-23,10.632,10.632,10.632,10.632,0,0.0,0.0,0.0,0.0,0.0,,0.0,0.0,0.0
2020-07-24,10.632,10.632,10.632,10.632,0,0.0,0.0,0.0,0.0,0.0,,0.0,0.0,0.0
2020-07-27,10.632,10.632,10.632,10.632,0,0.0,0.0,0.0,0.0,0.0,,0.0,0.0,0.0
2020-07-28,10.632,10.632,10.632,10.632,0,0.0,0.0,0.0,0.0,0.0,,0.0,0.0,0.0
2020-07-29,10.632,10.632,10.632,10.632,0,0.0,0.0,0.0,0.0,0.0,,0.0,0.0,0.0
2020-07-30,10.632,10.632,10.632,10.632,0,0.0,0.0,0.0,0.0,0.0,,0.0,0.0,0.0
2020-07-31,10.632,10.632,10.632,10.632,0,0.0,0.0,0.0,0.0,0.0,,0.0,0.0,0.0
2020-08-03,10.632,10.632,10.632,10.632,0,0.0,0.0,0.0,0.0,0.0,,0.0,0.0,0.0
2020-08-04,10.632,10.632,10.632,10.632,0,0.0,0.0,0.0,0.0,0.0,,0.0,0.0,0.0
2020-08-05,10.632,10.632,10.632,10.632,0,0.0,0.0,0.0,0.0,0.0,,0.0,0.0,0.0
2020-08-06,10.632,10.632,10.632,10.632,0,0.0,0.0,0.0,0.0,0.0,,0.0,0.0,0.0
2020-08-07,10.632,10.632,10.632,10.632,0,0.0,0.0,0.0,0.0,0.0,,0.0,0.0,0.0
2020-08-10,10.632,10.632,10.632,10.632,0,0.0,0.0,0.0,0.0,0.0,,0.0,0.0,0.0
2020-08-11,10.632,10.632,10.632,10.632,0,0.0,0.0,0.0,0.0,0.0,,0.0,0.0,0.0
2020-08-12,10.632,10.632,10.632,10.632,0,0.0,0.0,0.0,0.0,0.0,,0.0,0.0,0.0
2020-08-13,10.632,10.632,10.632,10.632,0,0.0,0.0,0.0,0.0,0.0,,0.0,0.0,0.0
2020-08-14,10.632,10.632,10.632,10.632,0,0.0,0.0,0.0,0.0,0.0,,0.0,0.0,0.0
2020-08-17,10.632,10.632,10.632,10.632,0,0.0,0.0,0.0,0.0,0.0,,0.0,0.0,0.0
2020-08-18,10.632,10.632,10.632,10.632,0,0.0,0.0,0.0,0.0,0.0,,0.0,0.0,0.0
2020-08-19,10.632,10.632,10.632,10.632,0,0.0,0.0,0.0,0.0,0.0,,0.0,0.0,0.0
2020-08-20,10.632,10.632,10.632,10.632,0,0.0,0.0,0.0,0.0,0.0,,0.0,0.0,0.0
2020-08-21,11.391,11.391,11.391,11.391,7150,81445.65,0.0,0.0,0.0,0.0,,0.0,0.0,0.0
2020-08-24,11.391,11.391,11.391,11.391,0,0.0,0.0,0.0,0.0,0.0,,0.0,0.0,0.0
2020-08-25,11.391,11.391,11.391,11.391,0,0.0,0.0,0.0,0.0,0.0,,0.0,0.0,0.0
2020-08-26,11.391,11.391,11.391,11.391,0,0.0,0.0,0.0,0.0,0.0,,0.0,0.0,0.0
2020-08-27,11.391,11.391,11.391,11.391,0,0.0,0.0,0.0,0.0,0.0,,0.0,0.0,0.0
2020-08-28,11.391,11.391,11.391,11.391,0,0.0,0.0,0.0,0.0,0.0,,0.0,0.0,0.0
2020-08-31,11.391,11.391,11.391,11.391,0,0.0,0.0,0.0,0.0,0.0,,0.0,0.0,0.0
2020-09-01,11.391,11.391,11.391,11.391,0,0.0,0.0,0.0,0.0,0.0,,0.0,0.0,0.0
2020-09-03,11.391,11.391,11.391,11.391,0,0.0,0.0,0.0,0.0,0.0,,0.0,0.0,0.0
2020-09-04,11.391,11.391,11.391,11.391,0,0.0,0.0,0.0,0.0,0.0,,0.0,0.0,0.0
2020-09-07,11.391,11.391,11.391,11.391,100,1139.1,0.0,0.0,0.0,0.0,,0.0,0.0,0.0
2020-09-08,11.391,11.391,11.391,11.391,0,0.0,0.0,0.0,0.0,0.0,,0.0,0.0,0.0
2020-09-09,11.391,11.391,11.391,11.391,0,0.0,0.0,0.0,0.0,0.0,,0.0,0.0,0.0
2020-09-10,11.391,11.391,11.391,11.391,1100,12530.1,0.0,0.0,0.0,0.0,,0.0,0.0,0.0
2020-09-11,11.391,11.391,11.391,11.391,0,0.0,0.0,0.0,0.0,0.0,,0.0,0.0,0.0
2020-09-14,11.391,11.391,11.391,11.391,0,0.0,0.0,0.0,0.0,0.0,,0.0,0.0,0.0
2020-09-15,11.391,11.391,11.391,11.391,1100,12530.1,0.0,0.0,0.0,0.0,,0.0,0.0,0.0
2020-09-16,11.391,11.391,11.391,11.391,200,2278.2,0.0,0.0,0.0,0.0,,0.0,0.0,0.0
2020-09-17,11.391,11.391,11.391,11.391,0,0.0,0.0,0.0,0.0,0.0,,0.0,0.0,0.0
2020-09-18,10.632,10.632,10.632,10.632,300,3189.6,0.0,0.0,0.0,0.0,,0.0,0.0,0.0
2020-09-21,10.632,10.632,10.632,10.632,0,0.0,0.0,0.0,0.0,0.0,,0.0,0.0,0.0
2020-09-22,10.632,10.632,10.632,10.632,0,0.0,0.0,0.0,0.0,0.0,,0.0,0.0,0.0
2020-09-23,10.632,10.632,10.632,10.632,300,3189.6,0.0,0.0,0.0,0.0,,0.0,0.0,0.0
2020-09-24,10.632,10.632,10.632,10.632,400,4252.8,0.0,0.0,0.0,0.0,,0.0,0.0,0.0
2020-09-25,10.632,10.632,10.632,10.632,200,2126.4,0.0,0.0,0.0,0.0,,0.0,0.0,0.0
2020-09-28,10.632,10.632,10.632,10.632,0,0.0,0.0,0.0,0.0,0.0,,0.0,0.0,0.0
2020-09-29,10.632,10.632,10.632,10.632,0,0.0,0.0,0.0,0.0,0.0,,0.0,0.0,0.0
2020-09-30,10.252,10.252,10.252,10.252,300,3075.6000000000004,0.0,0.0,0.0,0.0,,0.0,0.0,0.0
2020-10-01,10.252,10.252,10.252,10.252,200,2050.4,0.0,0.0,0.0,0.0,,0.0,0.0,0.0
2020-10-02,9.872,9.872,9.872,9.872,600,5923.2,0.0,0.0,0.0,0.0,,0.0,0.0,0.0
2020-10-05,9.872,9.872,9.872,9.872,200,1974.4,0.0,0.0,0.0,0.0,,0.0,0.0,0.0
2020-10-06,9.872,9.872,9.872,9.872,800,7897.6,0.0,0.0,0.0,0.0,,0.0,0.0,0.0
2020-10-07,9.872,9.872,9.872,9.872,300,2961.6,0.0,0.0,0.0,0.0,,0.0,0.0,0.0
2020-10-08,9.872,9.872,9.872,9.872,200,1974.4,0.0,0.0,0.0,0.0,,0.0,0.0,0.0
2020-10-09,9.872,9.872,9.872,9.872,600,5923.2,0.0,0.0,0.0,0.0,,0.0,0.0,0.0
2020-10-12,9.872,9.872,9.872,9.872,600,5923.2,0.0,0.0,0.0,0.0,,0.0,0.0,0.0
2020-10-13,9.872,9.872,9.872,9.872,0,0.0,0.0,0.0,0.0,0.0,,0.0,0.0,0.0
2020-10-14,9.872,9.872,9.872,9.872,0,0.0,0.0,0.0,0.0,0.0,,0.0,0.0,0.0
2020-10-15,9.872,9.872,9.872,9.872,0,0.0,0.0,0.0,0.0,0.0,,0.0,0.0,0.0
2020-10-16,9.872,9.872,9.872,9.872,0,0.0,0.0,0.0,0.0,0.0,,0.0,0.0,0.0
2020-10-19,9.872,9.872,9.872,9.872,0,0.0,0.0,0.0,0.0,0.0,,0.0,0.0,0.0
2020-10-20,9.872,9.872,9.872,9.872,0,0.0,0.0,0.0,0.0,0.0,,0.0,0.0,0.0
2020-10-21,9.872,9.872,9.872,9.872,0,0.0,0.0,0.0,0.0,0.0,,0.0,0.0,0.0
2020-10-22,9.872,9.872,9.872,9.872,0,0.0,0.0,0.0,0.0,0.0,,0.0,0.0,0.0
2020-10-23,9.872,9.872,9.872,9.872,0,0.0,0.0,0.0,0.0,0.0,,0.0,0.0,0.0
2020-10-26,9.872,9.872,9.872,9.872,0,0.0,0.0,0.0,0.0,0.0,,0.0,0.0,0.0
2020-10-27,9.872,9.872,9.872,9.872,0,0.0,0.0,0.0,0.0,0.0,,0.0,0.0,0.0
2020-10-28,9.872,9.872,9.872,9.872,0,0.0,0.0,0.0,0.0,0.0,,0.0,0.0,0.0
2020-10-29,9.872,9.872,9.872,9.872,0,0.0,0.0,0.0,0.0,0.0,,0.0,0.0,0.0
2020-10-30,9.872,9.872,9.872,9.872,0,0.0,0.0,0.0,0.0,0.0,,0.0,0.0,0.0
2020-11-02,9.872,9.872,9.872,9.872,0,0.0,0.0,0.0,0.0,0.0,,0.0,0.0,0.0
2020-11-03,9.872,9.872,9.872,9.872,0,0.0,0.0,0.0,0.0,0.0,,0.0,0.0,0.0
2020-11-04,9.872,9.872,9.872,9.872,0,0.0,0.0,0.0,0.0,0.0,,0.0,0.0,0.0
2020-11-05,9.872,9.872,9.872,9.872,0,0.0,0.0,0.0,0.0,0.0,,0.0,0.0,0.0
2020-11-06,9.872,9.872,9.872,9.872,0,0.0,0.0,0.0,0.0,0.0,,0.0,0.0,0.0
2020-11-09,9.872,9.872,9.872,9.872,0,0.0,0.0,0.0,0.0,0.0,,0.0,0.0,0.0
2020-11-10,9.872,9.872,9.872,9.872,0,0.0,0.0,0.0,0.0,0.0,,0.0,0.0,0.0
2020-11-11,9.872,9.872,9.872,9.872,0,0.0,0.0,0.0,0.0,0.0,,0.0,0.0,0.0
2020-11-12,9.872,9.872,9.872,9.872,0,0.0,0.0,0.0,0.0,0.0,,0.0,0.0,0.0
2020-11-13,9.872,9.872,9.872,9.872,0,0.0,0.0,0.0,0.0,0.0,,0.0,0.0,0.0
2020-11-16,9.872,9.872,9.872,9.872,0,0.0,0.0,0.0,0.0,0.0,,0.0,0.0,0.0
2020-11-17,9.872,9.872,9.872,9.872,0,0.0,0.0,0.0,0.0,0.0,,0.0,0.0,0.0
2020-11-18,9.872,9.872,9.872,9.872,0,0.0,0.0,0.0,0.0,0.0,,0.0,0.0,0.0
2020-11-19,9.872,9.872,9.872,9.872,0,0.0,0.0,0.0,0.0,0.0,,0.0,0.0,0.0
2020-11-20,9.872,9.872,9.872,9.872,0,0.0,0.0,0.0,0.0,0.0,,0.0,0.0,0.0
2020-11-23,9.872,9.872,9.872,9.872,0,0.0,0.0,0.0,0.0,0.0,,0.0,0.0,0.0
2020-11-24,9.872,9.872,9.872,9.872,0,0.0,0.0,0.0,0.0,0.0,,0.0,0.0,0.0
2020-11-25,9.872,9.872,9.872,9.872,0,0.0,0.0,0.0,0.0,0.0,,0.0,0.0,0.0
2020-11-26,9.872,9.872,9.872,9.872,0,0.0,0.0,0.0,0.0,0.0,,0.0,0.0,0.0
2020-11-27,9.872,9.872,9.872,9.872,0,0.0,0.0,0.0,0.0,0.0,,0.0,0.0,0.0
2020-11-30,9.872,9.872,9.872,9.872,0,0.0,0.0,0.0,0.0,0.0,,0.0,0.0,0.0
2020-12-01,9.872,9.872,9.872,9.872,0,0.0,0.0,0.0,0.0,0.0,,0.0,0.0,0.0
2020-12-02,9.872,9.872,9.872,9.872,0,0.0,0.0,0.0,0.0,0.0,,0.0,0.0,0.0
2020-12-03,9.872,9.872,9.872,9.872,0,0.0,0.0,0.0,0.0,0.0,,0.0,0.0,0.0
2020-12-04,9.872,9.872,9.872,9.872,0,0.0,0.0,0.0,0.0,0.0,,0.0,0.0,0.0
2020-12-07,9.872,9.872,9.872,9.872,0,0.0,0.0,0.0,0.0,0.0,,0.0,0.0,0.0
2020-12-08,9.872,9.872,9.872,9.872,0,0.0,0.0,0.0,0.0,0.0,,0.0,0.0,0.0
2020-12-09,9.872,9.872,9.872,9.872,0,0.0,0.0,0.0,0.0,0.0,,0.0,0.0,0.0
2020-12-10,9.872,9.872,9.872,9.872,0,0.0,0.0,0.0,0.0,0.0,,0.0,0.0,0.0
2020-12-11,9.872,9.872,9.872,9.872,0,0.0,0.0,0.0,0.0,0.0,,0.0,0.0,0.0
2020-12-14,9.872,9.872,9.872,9.872,0,0.0,0.0,0.0,0.0,0.0,,0.0,0.0,0.0
2020-12-15,9.872,9.872,9.872,9.872,0,0.0,0.0,0.0,0.0,0.0,,0.0,0.0,0.0
2020-12-16,9.872,9.872,9.872,9.872,0,0.0,0.0,0.0,0.0,0.0,,0.0,0.0,0.0
2020-12-17,9.872,9.872,9.872,9.872,0,0.0,0.0,0.0,0.0,0.0,,0.0,0.0,0.0
2020-12-18,9.872,9.872,9.872,9.872,0,0.0,0.0,0.0,0.0,0.0,,0.0,0.0,0.0
2020-12-21,9.872,9.872,9.872,9.872,0,0.0,0.0,0.0,0.0,0.0,,0.0,0.0,0.0
2020-12-22,9.872,9.872,9.872,9.872,0,0.0,0.0,0.0,0.0,0.0,,0.0,0.0,0.0
2020-12-23,9.872,9.872,9.872,9.872,0,0.0,0.0,0.0,0.0,0.0,,0.0,0.0,0.0
2020-12-24,9.872,9.872,9.872,9.872,0,0.0,0.0,0.0,0.0,0.0,,0.0,0.0,0.0
2020-12-25,9.872,9.872,9.872,9.872,2800,27641.6,0.0,0.0,0.0,0.0,,0.0,0.0,0.0
2020-12-28,9.872,9.872,9.872,9.872,0,0.0,0.0,0.0,0.0,0.0,,0.0,0.0,0.0
2020-12-29,9.872,9.872,9.872,9.872,0,0.0,0.0,0.0,0.0,0.0,,0.0,0.0,0.0
2020-12-30,9.872,9.872,9.872,9.872,0,0.0,0.0,0.0,0.0,0.0,,0.0,0.0,0.0
2020-12-31,9.872,9.872,9.872,9.872,0,0.0,0.0,0.0,0.0,0.0,,0.0,0.0,0.0
2021-01-04,9.872,9.872,9.872,9.872,0,0.0,0.0,0.0,0.0,0.0,,0.0,0.0,0.0
2021-01-05,9.872,9.872,9.872,9.872,0,0.0,0.0,0.0,0.0,0.0,,0.0,0.0,0.0
2021-01-06,9.872,9.872,9.872,9.872,0,0.0,0.0,0.0,0.0,0.0,,0.0,0.0,0.0
2021-01-07,9.872,9.872,9.872,9.872,0,0.0,0.0,0.0,0.0,0.0,,0.0,0.0,0.0
2021-01-08,9.872,9.872,9.872,9.872,0,0.0,0.0,0.0,0.0,0.0,,0.0,0.0,0.0
2021-01-11,9.872,9.872,9.872,9.872,0,0.0,0.0,0.0,0.0,0.0,,0.0,0.0,0.0
2021-01-12,9.872,9.872,9.872,9.872,0,0.0,0.0,0.0,0.0,0.0,,0.0,0.0,0.0
2021-01-13,9.872,9.872,9.872,9.872,0,0.0,0.0,0.0,0.0,0.0,,0.0,0.0,0.0
2021-01-14,9.872,9.872,9.872,9.872,0,0.0,0.0,0.0,0.0,0.0,,0.0,0.0,0.0
2021-01-15,9.872,9.872,9.872,9.872,0,0.0,0.0,0.0,0.0,0.0,,0.0,0.0,0.0
2021-01-18,9.872,9.872,9.872,9.872,0,0.0,0.0,0.0,0.0,0.0,,0.0,0.0,0.0
2021-01-19,9.872,9.872,9.872,9.872,0,0.0,0.0,0.0,0.0,0.0,,0.0,0.0,0.0
2021-01-20,9.872,9.872,9.872,9.872,0,0.0,0.0,0.0,0.0,0.0,,0.0,0.0,0.0
2021-01-21,9.872,9.872,9.872,9.872,0,0.0,0.0,0.0,0.0,0.0,,0.0,0.0,0.0
2021-01-22,9.872,9.872,9.872,9.872,0,0.0,0.0,0.0,0.0,0.0,,0.0,0.0,0.0
2021-01-25,9.872,9.872,9.872,9.872,0,0.0,0.0,0.0,0.0,0.0,,0.0,0.0,0.0
2021-01-26,9.872,9.872,9.872,9.872,0,0.0,0.0,0.0,0.0,0.0,,0.0,0.0,0.0
2021-01-27,9.872,9.872,9.872,9.872,0,0.0,0.0,0.0,0.0,0.0,,0.0,0.0,0.0
2021-01-28,9.872,9.872,9.872,9.872,0,0.0,0.0,0.0,0.0,0.0,,0.0,0.0,0.0
2021-01-29,9.872,9.872,9.872,9.872,0,0.0,0.0,0.0,0.0,0.0,,0.0,0.0,0.0
2021-02-01,9.872,9.872,9.872,9.872,0,0.0,0.0,0.0,0.0,0.0,,0.0,0.0,0.0
2021-02-02,9.872,9.872,9.872,9.872,0,0.0,0.0,0.0,0.0,0.0,,0.0,0.0,0.0
2021-02-03,9.872,9.872,9.872,9.872,0,0.0,0.0,0.0,0.0,0.0,,0.0,0.0,0.0
2021-02-04,9.872,9.872,9.872,9.872,0,0.0,0.0,0.0,0.0,0.0,,0.0,0.0,0.0
2021-02-05,9.872,9.872,9.872,9.872,0,0.0,0.0,0.0,0.0,0.0,,0.0,0.0,0.0
2021-02-08,9.872,9.872,9.872,9.872,0,0.0,0.0,0.0,0.0,0.0,,0.0,0.0,0.0
2021-02-09,9.872,9.872,9.872,9.872,0,0.0,0.0,0.0,0.0,0.0,,0.0,0.0,0.0
2021-02-17,9.872,9.872,9.872,9.872,0,0.0,0.0,0.0,0.0,0.0,,0.0,0.0,0.0
2021-02-18,9.872,9.872,9.872,9.872,0,0.0,0.0,0.0,0.0,0.0,,0.0,0.0,0.0
2021-02-19,9.872,9.872,9.872,9.872,0,0.0,0.0,0.0,0.0,0.0,,0.0,0.0,0.0
2021-02-22,9.872,9.872,9.872,9.872,0,0.0,0.0,0.0,0.0,0.0,,0.0,0.0,0.0
2021-02-23,9.872,9.872,9.872,9.872,0,0.0,0.0,0.0,0.0,0.0,,0.0,0.0,0.0
2021-02-24,9.872,9.872,9.872,9.872,0,0.0,0.0,0.0,0.0,0.0,,0.0,0.0,0.0
2021-02-25,9.872,9.872,9.872,9.872,0,0.0,0.0,0.0,0.0,0.0,,0.0,0.0,0.0
2021-02-26,9.872,9.872,9.872,9.872,0,0.0,0.0,0.0,0.0,0.0,,0.0,0.0,0.0
2021-03-01,9.872,9.872,9.872,9.872,0,0.0,0.0,0.0,0.0,0.0,,0.0,0.0,0.0
2021-03-02,9.872,9.872,9.872,9.872,0,0.0,0.0,0.0,0.0,0.0,,0.0,0.0,0.0
2021-03-03,9.872,9.872,9.872,9.872,0,0.0,0.0,0.0,0.0,0.0,,0.0,0.0,0.0
2021-03-04,9.872,9.872,9.872,9.872,0,0.0,0.0,0.0,0.0,0.0,,0.0,0.0,0.0
2021-03-05,9.872,9.872,9.872,9.872,0,0.0,0.0,0.0,0.0,0.0,,0.0,0.0,0.0
2021-03-08,9.872,9.872,9.872,9.872,0,0.0,0.0,0.0,0.0,0.0,,0.0,0.0,0.0
2021-03-09,9.872,9.872,9.872,9.872,0,0.0,0.0,0.0,0.0,0.0,,0.0,0.0,0.0
2021-03-10,9.872,9.872,9.872,9.872,0,0.0,0.0,0.0,0.0,0.0,,0.0,0.0,0.0
2021-03-11,9.872,9.872,9.872,9.872,0,0.0,0.0,0.0,0.0,0.0,,0.0,0.0,0.0
2021-03-12,9.872,9.872,9.872,9.872,0,0.0,0.0,0.0,0.0,0.0,,0.0,0.0,0.0
2021-03-15,9.872,9.872,9.872,9.872,1100,10859.2,0.0,0.0,0.0,0.0,,0.0,0.0,0.0
2021-03-16,9.872,9.872,9.872,9.872,0,0.0,0.0,0.0,0.0,0.0,,0.0,0.0,0.0
2021-03-17,9.872,9.872,9.872,9.872,0,0.0,0.0,0.0,0.0,0.0,,0.0,0.0,0.0
2021-03-18,9.872,9.872,9.872,9.872,0,0.0,0.0,0.0,0.0,0.0,,0.0,0.0,0.0
2021-03-19,9.872,9.872,9.872,9.872,0,0.0,0.0,0.0,0.0,0.0,,0.0,0.0,0.0
2021-03-22,9.872,9.872,9.872,9.872,0,0.0,0.0,0.0,0.0,0.0,,0.0,0.0,0.0
2021-03-23,9.872,9.872,9.872,9.872,0,0.0,0.0,0.0,0.0,0.0,,0.0,0.0,0.0
2021-03-24,9.872,9.872,9.872,9.872,0,0.0,0.0,0.0,0.0,0.0,,0.0,0.0,0.0
2021-03-25,9.872,9.872,9.872,9.872,0,0.0,0.0,0.0,0.0,0.0,,0.0,0.0,0.0
2021-03-26,9.872,9.872,9.872,9.872,0,0.0,0.0,0.0,0.0,0.0,,0.0,0.0,0.0
2021-03-29,9.872,9.872,9.872,9.872,0,0.0,0.0,0.0,0.0,0.0,,0.0,0.0,0.0
2021-03-30,9.872,9.872,9.872,9.872,0,0.0,0.0,0.0,0.0,0.0,,0.0,0.0,0.0
2021-03-31,9.872,9.872,9.872,9.872,0,0.0,0.0,0.0,0.0,0.0,,0.0,0.0,0.0
2021-04-01,9.872,9.872,9.872,9.872,0,0.0,0.0,0.0,0.0,0.0,,0.0,0.0,0.0
2021-04-02,9.872,9.872,9.872,9.872,0,0.0,0.0,0.0,0.0,0.0,,0.0,0.0,0.0
2021-04-05,9.872,9.872,9.872,9.872,0,0.0,0.0,0.0,0.0,0.0,,0.0,0.0,0.0
2021-04-06,9.872,9.872,9.872,9.872,0,0.0,0.0,0.0,0.0,0.0,,0.0,0.0,0.0
2021-04-07,9.872,9.872,9.872,9.872,0,0.0,0.0,0.0,0.0,0.0,,0.0,0.0,0.0
2021-04-08,9.872,9.872,9.872,9.872,0,0.0,0.0,0.0,0.0,0.0,,0.0,0.0,0.0
2021-04-09,9.872,9.872,9.872,9.872,0,0.0,0.0,0.0,0.0,0.0,,0.0,0.0,0.0
2021-04-12,9.872,9.872,9.872,9.872,0,0.0,0.0,0.0,0.0,0.0,,0.0,0.0,0.0
2021-04-13,9.872,9.872,9.872,9.872,0,0.0,0.0,0.0,0.0,0.0,,0.0,0.0,0.0
2021-04-14,9.872,9.872,9.872,9.872,0,0.0,0.0,0.0,0.0,0.0,,0.0,0.0,0.0
2021-04-15,9.872,9.872,9.872,9.872,0,0.0,0.0,0.0,0.0,0.0,,0.0,0.0,0.0
2021-04-16,9.872,9.872,9.872,9.872,0,0.0,0.0,0.0,0.0,0.0,,0.0,0.0,0.0
2021-04-19,9.872,9.872,9.872,9.872,0,0.0,0.0,0.0,0.0,0.0,,0.0,0.0,0.0
2021-04-20,9.872,9.872,9.872,9.872,0,0.0,0.0,0.0,0.0,0.0,,0.0,0.0,0.0
2021-04-22,9.872,9.872,9.872,9.872,0,0.0,0.0,0.0,0.0,0.0,,0.0,0.0,0.0
2021-04-23,9.872,9.872,9.872,9.872,0,0.0,0.0,0.0,0.0,0.0,,0.0,0.0,0.0
2021-04-26,9.872,9.872,9.872,9.872,0,0.0,0.0,0.0,0.0,0.0,,0.0,0.0,0.0
2021-04-27,9.872,9.872,9.872,9.872,0,0.0,0.0,0.0,0.0,0.0,,0.0,0.0,0.0
2021-04-28,9.872,9.872,9.872,9.872,0,0.0,0.0,0.0,0.0,0.0,,0.0,0.0,0.0
2021-04-29,9.872,9.872,9.872,9.872,0,0.0,0.0,0.0,0.0,0.0,,0.0,0.0,0.0
2021-05-04,9.872,9.872,9.872,9.872,0,0.0,0.0,0.0,0.0,0.0,,0.0,0.0,0.0
2021-05-05,9.872,9.872,9.872,9.872,0,0.0,0.0,0.0,0.0,0.0,,0.0,0.0,0.0
2021-05-06,9.872,9.872,9.872,9.872,0,0.0,0.0,0.0,0.0,0.0,,0.0,0.0,0.0
2021-05-07,9.872,9.872,9.872,9.872,0,0.0,0.0,0.0,0.0,0.0,,0.0,0.0,0.0
2021-05-10,9.872,9.872,9.872,9.872,0,0.0,0.0,0.0,0.0,0.0,,0.0,0.0,0.0
2021-05-11,9.872,9.872,9.872,9.872,0,0.0,0.0,0.0,0.0,0.0,,0.0,0.0,0.0
2021-05-12,9.872,9.872,9.872,9.872,0,0.0,0.0,0.0,0.0,0.0,,0.0,0.0,0.0
2021-05-13,9.872,9.872,9.872,9.872,0,0.0,0.0,0.0,0.0,0.0,,0.0,0.0,0.0
2021-05-14,9.872,9.872,9.872,9.872,0,0.0,0.0,0.0,0.0,0.0,,0.0,0.0,0.0
2021-05-17,9.872,9.872,9.872,9.872,0,0.0,0.0,0.0,0.0,0.0,,0.0,0.0,0.0
2021-05-18,9.872,9.872,9.872,9.872,0,0.0,0.0,0.0,0.0,0.0,,0.0,0.0,0.0
2021-05-19,9.872,9.872,9.872,9.872,0,0.0,0.0,0.0,0.0,0.0,,0.0,0.0,0.0
2021-05-20,9.872,9.872,9.872,9.872,0,0.0,0.0,0.0,0.0,0.0,,0.0,0.0,0.0
2021-05-21,9.872,9.872,9.872,9.872,0,0.0,0.0,0.0,0.0,0.0,,0.0,0.0,0.0
2021-05-24,12.279,12.279,12.279,12.279,20000,245580.0,0.0,0.0,0.0,0.0,,0.0,0.0,0.0
2021-05-25,12.279,12.279,12.279,12.279,0,0.0,0.0,0.0,0.0,0.0,,0.0,0.0,0.0
2021-05-26,12.279,12.279,12.279,12.279,0,0.0,0.0,0.0,0.0,0.0,,0.0,0.0,0.0
2021-05-27,12.279,12.279,12.279,12.279,0,0.0,0.0,0.0,0.0,0.0,,0.0,0.0,0.0
2021-05-28,12.279,12.279,12.279,12.279,0,0.0,0.0,0.0,0.0,0.0,,0.0,0.0,0.0
2021-05-31,12.279,12.279,12.279,12.279,0,0.0,0.0,0.0,0.0,0.0,,0.0,0.0,0.0
2021-06-01,12.279,12.279,12.279,12.279,0,0.0,0.0,0.0,0.0,0.0,,0.0,0.0,0.0
2021-06-02,12.279,12.279,12.279,12.279,0,0.0,0.0,0.0,0.0,0.0,,0.0,0.0,0.0
2021-06-03,12.279,12.279,12.279,12.279,0,0.0,0.0,0.0,0.0,0.0,,0.0,0.0,0.0
2021-06-04,12.279,12.279,12.279,12.279,0,0.0,0.0,0.0,0.0,0.0,,0.0,0.0,0.0
2021-06-07,12.279,12.279,12.279,12.279,0,0.0,0.0,0.0,0.0,0.0,,0.0,0.0,0.0
2021-06-08,12.279,12.279,12.279,12.279,0,0.0,0.0,0.0,0.0,0.0,,0.0,0.0,0.0
2021-06-09,12.279,12.279,12.279,12.279,0,0.0,0.0,0.0,0.0,0.0,,0.0,0.0,0.0
2021-06-10,12.279,12.279,12.279,12.279,0,0.0,0.0,0.0,0.0,0.0,,0.0,0.0,0.0
2021-06-11,12.279,12.279,12.279,12.279,0,0.0,0.0,0.0,0.0,0.0,,0.0,0.0,0.0
2021-06-14,12.279,12.279,12.279,12.279,0,0.0,0.0,0.0,0.0,0.0,,0.0,0.0,0.0
2021-06-15,12.279,12.279,12.279,12.279,0,0.0,0.0,0.0,0.0,0.0,,0.0,0.0,0.0
2021-06-16,12.279,12.279,12.279,12.279,0,0.0,0.0,0.0,0.0,0.0,,0.0,0.0,0.0
2021-06-17,12.279,12.279,12.279,12.279,0,0.0,0.0,0.0,0.0,0.0,,0.0,0.0,0.0
2021-06-18,12.279,12.279,12.279,12.279,0,0.0,0.0,0.0,0.0,0.0,,0.0,0.0,0.0
2021-06-21,12.279,12.279,12.279,12.279,0,0.0,0.0,0.0,0.0,0.0,,0.0,0.0,0.0
2021-06-22,12.279,12.279,12.279,12.279,0,0.0,0.0,0.0,0.0,0.0,,0.0,0.0,0.0
2021-06-23,12.279,12.279,12.279,12.279,0,0.0,0.0,0.0,0.0,0.0,,0.0,0.0,0.0
2021-06-24,12.279,12.279,12.279,12.279,0,0.0,0.0,0.0,0.0,0.0,,0.0,0.0,0.0
2021-06-25,12.279,12.279,12.279,12.279,0,0.0,0.0,0.0,0.0,0.0,,0.0,0.0,0.0
2021-06-28,12.279,12.279,12.279,12.279,0,0.0,0.0,0.0,0.0,0.0,,0.0,0.0,0.0
2021-06-29,12.279,12.279,12.279,12.279,0,0.0,0.0,0.0,0.0,0.0,,0.0,0.0,0.0
2021-06-30,12.279,12.279,12.279,12.279,0,0.0,0.0,0.0,0.0,0.0,,0.0,0.0,0.0
2021-07-01,12.279,12.279,12.279,12.279,0,0.0,0.0,0.0,0.0,0.0,,0.0,0.0,0.0
2021-07-02,12.279,12.279,12.279,12.279,0,0.0,0.0,0.0,0.0,0.0,,0.0,0.0,0.0
2021-07-05,12.279,12.279,12.279,12.279,0,0.0,0.0,0.0,0.0,0.0,,0.0,0.0,0.0
2021-07-06,12.279,12.279,12.279,12.279,0,0.0,0.0,0.0,0.0,0.0,,0.0,0.0,0.0
2021-07-07,12.279,12.279,12.279,12.279,0,0.0,0.0,0.0,0.0,0.0,,0.0,0.0,0.0
2021-07-08,12.279,12.279,12.279,12.279,0,0.0,0.0,0.0,0.0,0.0,,0.0,0.0,0.0
2021-07-09,12.279,12.279,12.279,12.279,0,0.0,0.0,0.0,0.0,0.0,,0.0,0.0,0.0
2021-07-12,12.279,12.279,12.279,12.279,0,0.0,0.0,0.0,0.0,0.0,,0.0,0.0,0.0
2021-07-13,12.279,12.279,12.279,12.279,0,0.0,0.0,0.0,0.0,0.0,,0.0,0.0,0.0
2021-07-14,12.279,12.279,12.279,12.279,0,0.0,0.0,0.0,0.0,0.0,,0.0,0.0,0.0
2021-07-15,12.279,12.279,12.279,12.279,0,0.0,0.0,0.0,0.0,0.0,,0.0,0.0,0.0
2021-07-16,12.279,12.279,12.279,12.279,0,0.0,0.0,0.0,0.0,0.0,,0.0,0.0,0.0
2021-07-19,12.279,12.279,12.279,12.279,0,0.0,0.0,0.0,0.0,0.0,,0.0,0.0,0.0
2021-07-20,12.279,12.279,12.279,12.279,0,0.0,0.0,0.0,0.0,0.0,,0.0,0.0,0.0
2021-07-21,12.279,12.279,12.279,12.279,0,0.0,0.0,0.0,0.0,0.0,,0.0,0.0,0.0
2021-07-22,12.279,12.279,12.279,12.279,0,0.0,0.0,0.0,0.0,0.0,,0.0,0.0,0.0
2021-07-23,12.279,12.279,12.279,12.279,0,0.0,0.0,0.0,0.0,0.0,,0.0,0.0,0.0
2021-07-26,12.279,12.279,12.279,12.279,0,0.0,0.0,0.0,0.0,0.0,,0.0,0.0,0.0
2021-07-27,12.279,12.279,12.279,12.279,0,0.0,0.0,0.0,0.0,0.0,,0.0,0.0,0.0
2021-07-28,12.279,12.279,12.279,12.279,0,0.0,0.0,0.0,0.0,0.0,,0.0,0.0,0.0
2021-07-29,12.279,12.279,12.279,12.279,0,0.0,0.0,0.0,0.0,0.0,,0.0,0.0,0.0
2021-07-30,12.279,12.279,12.279,12.279,0,0.0,0.0,0.0,0.0,0.0,,0.0,0.0,0.0
2021-08-02,12.279,12.279,12.279,12.279,100,1227.9,0.0,0.0,0.0,0.0,,0.0,0.0,0.0
2021-08-03,12.279,12.279,12.279,12.279,0,0.0,0.0,0.0,0.0,0.0,,0.0,0.0,0.0
2021-08-04,12.279,12.279,12.279,12.279,0,0.0,0.0,0.0,0.0,0.0,,0.0,0.0,0.0
2021-08-05,12.279,12.279,12.279,12.279,0,0.0,0.0,0.0,0.0,0.0,,0.0,0.0,0.0
2021-08-06,12.279,12.279,12.279,12.279,0,0.0,0.0,0.0,0.0,0.0,,0.0,0.0,0.0
2021-08-09,12.279,12.279,12.279,12.279,0,0.0,0.0,0.0,0.0,0.0,,0.0,0.0,0.0
2021-08-10,12.279,12.279,12.279,12.279,0,0.0,0.0,0.0,0.0,0.0,,0.0,0.0,0.0
2021-08-11,12.279,12.279,12.279,12.279,0,0.0,0.0,0.0,0.0,0.0,,0.0,0.0,0.0
2021-08-12,12.279,12.279,12.279,12.279,0,0.0,0.0,0.0,0.0,0.0,,0.0,0.0,0.0
2021-08-13,12.279,12.279,12.279,12.279,0,0.0,0.0,0.0,0.0,0.0,,0.0,0.0,0.0
2021-08-16,12.279,12.279,12.279,12.279,0,0.0,0.0,0.0,0.0,0.0,,0.0,0.0,0.0
2021-08-17,12.279,12.279,12.279,12.279,0,0.0,0.0,0.0,0.0,0.0,,0.0,0.0,0.0
2021-08-18,12.279,12.279,12.279,12.279,0,0.0,0.0,0.0,0.0,0.0,,0.0,0.0,0.0
2021-08-19,12.279,12.279,12.279,12.279,0,0.0,0.0,0.0,0.0,0.0,,0.0,0.0,0.0
2021-08-20,12.279,12.279,12.279,12.279,0,0.0,0.0,0.0,0.0,0.0,,0.0,0.0,0.0
2021-08-23,12.279,12.279,12.279,12.279,0,0.0,0.0,0.0,0.0,0.0,,0.0,0.0,0.0
2021-08-24,12.279,12.279,12.279,12.279,0,0.0,0.0,0.0,0.0,0.0,,0.0,0.0,0.0
2021-08-25,12.279,12.279,12.279,12.279,0,0.0,0.0,0.0,0.0,0.0,,0.0,0.0,0.0
2021-08-26,12.279,12.279,12.279,12.279,0,0.0,0.0,0.0,0.0,0.0,,0.0,0.0,0.0
2021-08-27,12.279,12.279,12.279,12.279,0,0.0,0.0,0.0,0.0,0.0,,0.0,0.0,0.0
2021-08-30,12.279,12.279,12.279,12.279,0,0.0,0.0,0.0,0.0,0.0,,0.0,0.0,0.0
2021-08-31,12.279,12.279,12.279,12.279,0,0.0,0.0,0.0,0.0,0.0,,0.0,0.0,0.0
2021-09-01,12.279,12.279,12.279,12.279,0,0.0,0.0,0.0,0.0,0.0,,0.0,0.0,0.0
2021-09-06,12.279,12.279,12.279,12.279,0,0.0,0.0,0.0,0.0,0.0,,0.0,0.0,0.0
2021-09-07,12.279,12.279,12.279,12.279,0,0.0,0.0,0.0,0.0,0.0,,0.0,0.0,0.0
2021-09-08,12.279,12.279,12.279,12.279,0,0.0,0.0,0.0,0.0,0.0,,0.0,0.0,0.0
2021-09-09,12.279,12.279,12.279,12.279,0,0.0,0.0,0.0,0.0,0.0,,0.0,0.0,0.0
2021-09-10,12.279,12.279,12.279,12.279,0,0.0,0.0,0.0,0.0,0.0,,0.0,0.0,0.0
2021-09-13,12.279,12.279,12.279,12.279,0,0.0,0.0,0.0,0.0,0.0,,0.0,0.0,0.0
2021-09-14,12.279,12.279,12.279,12.279,0,0.0,0.0,0.0,0.0,0.0,,0.0,0.0,0.0
2021-09-15,12.279,12.279,12.279,12.279,0,0.0,0.0,0.0,0.0,0.0,,0.0,0.0,0.0
2021-09-16,12.279,12.279,12.279,12.279,0,0.0,0.0,0.0,0.0,0.0,,0.0,0.0,0.0
2021-09-17,12.279,12.279,12.279,12.279,0,0.0,0.0,0.0,0.0,0.0,,0.0,0.0,0.0
2021-09-20,12.279,12.279,12.279,12.279,0,0.0,0.0,0.0,0.0,0.0,,0.0,0.0,0.0
2021-09-21,12.279,12.279,12.279,12.279,0,0.0,0.0,0.0,0.0,0.0,,0.0,0.0,0.0
2021-09-22,12.279,12.279,12.279,12.279,0,0.0,0.0,0.0,0.0,0.0,,0.0,0.0,0.0
2021-09-23,12.279,12.279,12.279,12.279,0,0.0,0.0,0.0,0.0,0.0,,0.0,0.0,0.0
2021-09-24,12.279,12.279,12.279,12.279,0,0.0,0.0,0.0,0.0,0.0,,0.0,0.0,0.0
2021-09-27,12.279,12.279,12.279,12.279,0,0.0,0.0,0.0,0.0,0.0,,0.0,0.0,0.0
2021-09-28,12.279,12.279,12.279,12.279,0,0.0,0.0,0.0,0.0,0.0,,0.0,0.0,0.0
2021-09-29,12.279,12.279,12.279,12.279,0,0.0,0.0,0.0,0.0,0.0,,0.0,0.0,0.0
2021-09-30,12.279,12.279,12.279,12.279,0,0.0,0.0,0.0,0.0,0.0,,0.0,0.0,0.0
2021-10-01,12.279,12.279,12.279,12.279,0,0.0,0.0,0.0,0.0,0.0,,0.0,0.0,0.0
2021-10-04,12.279,12.279,12.279,12.279,0,0.0,0.0,0.0,0.0,0.0,,0.0,0.0,0.0
2021-10-05,12.279,12.279,12.279,12.279,0,0.0,0.0,0.0,0.0,0.0,,0.0,0.0,0.0
2021-10-06,12.279,12.279,12.279,12.279,0,0.0,0.0,0.0,0.0,0.0,,0.0,0.0,0.0
2021-10-07,12.279,12.279,12.279,12.279,0,0.0,0.0,0.0,0.0,0.0,,0.0,0.0,0.0
2021-10-08,12.279,12.279,12.279,12.279,0,0.0,0.0,0.0,0.0,0.0,,0.0,0.0,0.0
2021-10-11,12.279,12.279,12.279,12.279,0,0.0,0.0,0.0,0.0,0.0,,0.0,0.0,0.0
2021-10-12,12.279,12.279,12.279,12.279,0,0.0,0.0,0.0,0.0,0.0,,0.0,0.0,0.0
2021-10-13,12.279,12.279,12.279,12.279,0,0.0,0.0,0.0,0.0,0.0,,0.0,0.0,0.0
2021-10-14,12.279,12.279,12.279,12.279,0,0.0,0.0,0.0,0.0,0.0,,0.0,0.0,0.0
2021-10-15,12.279,12.279,12.279,12.279,0,0.0,0.0,0.0,0.0,0.0,,0.0,0.0,0.0
2021-10-18,12.279,12.279,12.279,12.279,0,0.0,0.0,0.0,0.0,0.0,,0.0,0.0,0.0
2021-10-19,12.279,12.279,12.279,12.279,0,0.0,0.0,0.0,0.0,0.0,,0.0,0.0,0.0
2021-10-20,12.279,12.279,12.279,12.279,0,0.0,0.0,0.0,0.0,0.0,,0.0,0.0,0.0
2021-10-21,12.279,12.279,12.279,12.279,0,0.0,0.0,0.0,0.0,0.0,,0.0,0.0,0.0
2021-10-22,12.279,12.279,12.279,12.279,0,0.0,0.0,0.0,0.0,0.0,,0.0,0.0,0.0
2021-10-25,12.279,12.279,12.279,12.279,0,0.0,0.0,0.0,0.0,0.0,,0.0,0.0,0.0
2021-10-26,12.279,12.279,12.279,12.279,0,0.0,0.0,0.0,0.0,0.0,,0.0,0.0,0.0
2021-10-27,12.279,12.279,12.279,12.279,0,0.0,0.0,0.0,0.0,0.0,,0.0,0.0,0.0
2021-10-28,12.279,12.279,12.279,12.279,0,0.0,0.0,0.0,0.0,0.0,,0.0,0.0,0.0
2021-10-29,12.279,12.279,12.279,12.279,0,0.0,0.0,0.0,0.0,0.0,,0.0,0.0,0.0
2021-11-01,12.279,12.279,12.279,12.279,0,0.0,0.0,0.0,0.0,0.0,,0.0,0.0,0.0
2021-11-02,12.279,12.279,12.279,12.279,0,0.0,0.0,0.0,0.0,0.0,,0.0,0.0,0.0
2021-11-03,12.279,12.279,12.279,12.279,0,0.0,0.0,0.0,0.0,0.0,,0.0,0.0,0.0
2021-11-04,12.279,12.279,12.279,12.279,0,0.0,0.0,0.0,0.0,0.0,,0.0,0.0,0.0
2021-11-05,12.279,12.279,12.279,12.279,0,0.0,0.0,0.0,0.0,0.0,,0.0,0.0,0.0
2021-11-08,12.279,12.279,12.279,12.279,0,0.0,0.0,0.0,0.0,0.0,,0.0,0.0,0.0
2021-11-09,12.279,12.279,12.279,12.279,0,0.0,0.0,0.0,0.0,0.0,,0.0,0.0,0.0
2021-11-10,12.279,12.279,12.279,12.279,0,0.0,0.0,0.0,0.0,0.0,,0.0,0.0,0.0
2021-11-11,12.279,12.279,12.279,12.279,0,0.0,0.0,0.0,0.0,0.0,,0.0,0.0,0.0
2021-11-12,12.279,12.279,12.279,12.279,0,0.0,0.0,0.0,0.0,0.0,,0.0,0.0,0.0
2021-11-15,12.279,12.279,12.279,12.279,0,0.0,0.0,0.0,0.0,0.0,,0.0,0.0,0.0
2021-11-16,12.279,12.279,12.279,12.279,0,0.0,0.0,0.0,0.0,0.0,,0.0,0.0,0.0
2021-11-17,12.279,12.279,12.279,12.279,0,0.0,0.0,0.0,0.0,0.0,,0.0,0.0,0.0
2021-11-18,12.279,12.279,12.279,12.279,0,0.0,0.0,0.0,0.0,0.0,,0.0,0.0,0.0
2021-11-19,12.279,12.279,12.279,12.279,0,0.0,0.0,0.0,0.0,0.0,,0.0,0.0,0.0
2021-11-22,12.279,12.279,12.279,12.279,0,0.0,0.0,0.0,0.0,0.0,,0.0,0.0,0.0
2021-11-23,12.199,12.199,12.199,12.199,2500,30497.5,0.0,0.0,0.0,0.0,,0.0,0.0,0.0
2021-11-24,12.199,12.199,12.199,12.199,0,0.0,0.0,0.0,0.0,0.0,,0.0,0.0,0.0
2021-11-25,12.199,12.199,12.199,12.199,0,0.0,0.0,0.0,0.0,0.0,,0.0,0.0,0.0
2021-11-26,12.199,12.44,12.199,12.199,29500,359870.5,0.0,0.0,0.0,0.0,,0.0,0.0,0.0
2021-11-29,12.279,12.52,12.279,12.52,14800,185296.0,0.0,0.0,0.0,0.0,,0.0,0.0,0.0
2021-11-30,12.44,12.44,12.44,12.44,0,0.0,0.0,0.0,0.0,0.0,,0.0,0.0,0.0
2021-12-01,12.199,12.199,12.199,12.199,100,1219.9,0.0,0.0,0.0,0.0,,0.0,0.0,0.0
2021-12-02,11.637,11.637,11.637,11.637,100,1163.7,0.0,0.0,0.0,0.0,,0.0,0.0,0.0
2021-12-03,11.236,11.236,11.236,11.236,100,1123.6,0.0,0.0,0.0,0.0,,0.0,0.0,0.0
2021-12-06,10.835,10.835,10.835,10.835,200,2167.0,0.0,0.0,0.0,0.0,,0.0,0.0,0.0
2021-12-07,10.835,10.835,10.835,10.835,0,0.0,0.0,0.0,0.0,0.0,,0.0,0.0,0.0
2021-12-08,10.835,10.835,10.835,10.835,0,0.0,0.0,0.0,0.0,0.0,,0.0,0.0,0.0
2021-12-09,10.835,10.835,10.835,10.835,0,0.0,0.0,0.0,0.0,0.0,,0.0,0.0,0.0
2021-12-10,10.835,10.835,10.835,10.835,0,0.0,0.0,0.0,0.0,0.0,,0.0,0.0,0.0
2021-12-13,10.835,10.835,10.835,10.835,0,0.0,0.0,0.0,0.0,0.0,,0.0,0.0,0.0
2021-12-14,10.835,10.835,10.835,10.835,0,0.0,0.0,0.0,0.0,0.0,,0.0,0.0,0.0
2021-12-15,10.835,10.835,10.835,10.835,0,0.0,0.0,0.0,0.0,0.0,,0.0,0.0,0.0
2021-12-16,10.835,10.835,10.835,10.835,0,0.0,0.0,0.0,0.0,0.0,,0.0,0.0,0.0
2021-12-17,10.835,10.835,10.835,10.835,0,0.0,0.0,0.0,0.0,0.0,,0.0,0.0,0.0
2021-12-20,10.835,10.835,10.835,10.835,0,0.0,0.0,0.0,0.0,0.0,,0.0,0.0,0.0
2021-12-21,10.835,10.835,10.835,10.835,0,0.0,0.0,0.0,0.0,0.0,,0.0,0.0,0.0
2021-12-22,10.835,10.835,10.835,10.835,0,0.0,0.0,0.0,0.0,0.0,,0.0,0.0,0.0
2021-12-23,10.835,10.835,10.835,10.835,0,0.0,0.0,0.0,0.0,0.0,,0.0,0.0,0.0
2021-12-24,10.835,10.835,10.835,10.835,0,0.0,0.0,0.0,0.0,0.0,,0.0,0.0,0.0
2021-12-27,10.835,10.835,10.835,10.835,0,0.0,0.0,0.0,0.0,0.0,,0.0,0.0,0.0
2021-12-28,10.835,10.835,10.835,10.835,0,0.0,0.0,0.0,0.0,0.0,,0.0,0.0,0.0
2021-12-29,10.835,10.835,10.835,10.835,0,0.0,0.0,0.0,0.0,0.0,,0.0,0.0,0.0
2021-12-30,10.835,10.835,10.835,10.835,0,0.0,0.0,0.0,0.0,0.0,,0.0,0.0,0.0
2021-12-31,10.835,10.835,10.835,10.835,0,0.0,0.0,0.0,0.0,0.0,,0.0,0.0,0.0
2022-01-04,10.835,10.835,10.835,10.835,0,0.0,0.0,0.0,0.0,0.0,,0.0,0.0,0.0
2022-01-05,10.835,10.835,10.835,10.835,0,0.0,0.0,0.0,0.0,0.0,,0.0,0.0,0.0
2022-01-06,10.835,10.835,10.835,10.835,0,0.0,0.0,0.0,0.0,0.0,,0.0,0.0,0.0
2022-01-07,10.835,10.835,10.835,10.835,0,0.0,0.0,0.0,0.0,0.0,,0.0,0.0,0.0
2022-01-10,10.835,10.835,10.835,10.835,5000,54175.00000000001,0.0,0.0,0.0,0.0,,0.0,0.0,0.0
2022-01-11,10.835,10.835,10.835,10.835,0,0.0,0.0,0.0,0.0,0.0,,0.0,0.0,0.0
2022-01-12,10.835,10.835,10.835,10.835,0,0.0,0.0,0.0,0.0,0.0,,0.0,0.0,0.0
2022-01-13,10.835,10.835,10.835,10.835,0,0.0,0.0,0.0,0.0,0.0,,0.0,0.0,0.0
2022-01-14,10.835,10.835,10.835,10.835,0,0.0,0.0,0.0,0.0,0.0,,0.0,0.0,0.0
2022-01-17,10.835,10.835,10.835,10.835,0,0.0,0.0,0.0,0.0,0.0,,0.0,0.0,0.0
2022-01-18,10.835,10.835,10.835,10.835,0,0.0,0.0,0.0,0.0,0.0,,0.0,0.0,0.0
2022-01-19,10.835,10.835,10.835,10.835,0,0.0,0.0,0.0,0.0,0.0,,0.0,0.0,0.0
2022-01-20,10.835,10.835,10.835,10.835,0,0.0,0.0,0.0,0.0,0.0,,0.0,0.0,0.0
2022-01-21,10.835,10.835,10.835,10.835,0,0.0,0.0,0.0,0.0,0.0,,0.0,0.0,0.0
2022-01-24,10.835,10.835,10.835,10.835,0,0.0,0.0,0.0,0.0,0.0,,0.0,0.0,0.0
2022-01-25,10.835,10.835,10.835,10.835,0,0.0,0.0,0.0,0.0,0.0,,0.0,0.0,0.0
2022-01-26,10.835,10.835,10.835,10.835,0,0.0,0.0,0.0,0.0,0.0,,0.0,0.0,0.0
2022-01-27,10.835,10.835,10.835,10.835,0,0.0,0.0,0.0,0.0,0.0,,0.0,0.0,0.0
2022-01-28,10.835,10.835,10.835,10.835,0,0.0,0.0,0.0,0.0,0.0,,0.0,0.0,0.0
2022-02-07,10.835,10.835,10.835,10.835,0,0.0,0.0,0.0,0.0,0.0,,0.0,0.0,0.0
2022-02-08,10.835,10.835,10.835,10.835,0,0.0,0.0,0.0,0.0,0.0,,0.0,0.0,0.0
2022-02-09,10.835,10.835,10.835,10.835,0,0.0,0.0,0.0,0.0,0.0,,0.0,0.0,0.0
2022-02-10,10.835,10.835,10.835,10.835,0,0.0,0.0,0.0,0.0,0.0,,0.0,0.0,0.0
2022-02-11,10.835,10.835,10.835,10.835,0,0.0,0.0,0.0,0.0,0.0,,0.0,0.0,0.0
2022-02-14,10.835,10.835,10.835,10.835,0,0.0,0.0,0.0,0.0,0.0,,0.0,0.0,0.0
2022-02-15,10.835,10.835,10.835,10.835,0,0.0,0.0,0.0,0.0,0.0,,0.0,0.0,0.0
2022-02-16,10.835,10.835,10.835,10.835,0,0.0,0.0,0.0,0.0,0.0,,0.0,0.0,0.0
2022-02-17,10.835,10.835,10.835,10.835,0,0.0,0.0,0.0,0.0,0.0,,0.0,0.0,0.0
2022-02-18,10.835,10.835,10.835,10.835,0,0.0,0.0,0.0,0.0,0.0,,0.0,0.0,0.0
2022-02-21,10.835,10.835,10.835,10.835,0,0.0,0.0,0.0,0.0,0.0,,0.0,0.0,0.0
2022-02-22,10.835,10.835,10.835,10.835,0,0.0,0.0,0.0,0.0,0.0,,0.0,0.0,0.0
2022-02-23,10.835,10.835,10.835,10.835,0,0.0,0.0,0.0,0.0,0.0,,0.0,0.0,0.0
2022-02-24,10.835,10.835,10.835,10.835,0,0.0,0.0,0.0,0.0,0.0,,0.0,0.0,0.0
2022-02-25,10.835,10.835,10.835,10.835,0,0.0,0.0,0.0,0.0,0.0,,0.0,0.0,0.0
2022-02-28,10.835,10.835,10.835,10.835,0,0.0,0.0,0.0,0.0,0.0,,0.0,0.0,0.0
2022-03-01,10.835,10.835,10.835,10.835,0,0.0,0.0,0.0,0.0,0.0,,0.0,0.0,0.0
2022-03-02,10.835,10.835,10.835,10.835,0,0.0,0.0,0.0,0.0,0.0,,0.0,0.0,0.0
2022-03-03,10.835,10.835,10.835,10.835,0,0.0,0.0,0.0,0.0,0.0,,0.0,0.0,0.0
2022-03-04,10.835,10.835,10.835,10.835,0,0.0,0.0,0.0,0.0,0.0,,0.0,0.0,0.0
2022-03-07,10.835,10.835,10.835,10.835,0,0.0,0.0,0.0,0.0,0.0,,0.0,0.0,0.0
2022-03-08,10.835,10.835,10.835,10.835,0,0.0,0.0,0.0,0.0,0.0,,0.0,0.0,0.0
2022-03-09,10.835,10.835,10.835,10.835,0,0.0,0.0,0.0,0.0,0.0,,0.0,0.0,0.0
2022-03-10,10.835,10.835,10.835,10.835,0,0.0,0.0,0.0,0.0,0.0,,0.0,0.0,0.0
2022-03-11,10.835,10.835,10.835,10.835,0,0.0,0.0,0.0,0.0,0.0,,0.0,0.0,0.0
2022-03-14,10.835,10.835,10.835,10.835,0,0.0,0.0,0.0,0.0,0.0,,0.0,0.0,0.0
2022-03-15,10.835,10.835,10.835,10.835,0,0.0,0.0,0.0,0.0,0.0,,0.0,0.0,0.0
2022-03-16,10.835,10.835,10.835,10.835,0,0.0,0.0,0.0,0.0,0.0,,0.0,0.0,0.0
2022-03-17,10.835,10.835,10.835,10.835,0,0.0,0.0,0.0,0.0,0.0,,0.0,0.0,0.0
2022-03-18,10.835,10.835,10.835,10.835,0,0.0,0.0,0.0,0.0,0.0,,0.0,0.0,0.0
2022-03-21,10.835,10.835,10.835,10.835,0,0.0,0.0,0.0,0.0,0.0,,0.0,0.0,0.0
2022-03-22,10.835,10.835,10.835,10.835,0,0.0,0.0,0.0,0.0,0.0,,0.0,0.0,0.0
2022-03-23,10.835,10.835,10.835,10.835,0,0.0,0.0,0.0,0.0,0.0,,0.0,0.0,0.0
2022-03-24,10.835,10.835,10.835,10.835,0,0.0,0.0,0.0,0.0,0.0,,0.0,0.0,0.0
2022-03-25,10.835,10.835,10.835,10.835,0,0.0,0.0,0.0,0.0,0.0,,0.0,0.0,0.0
2022-03-28,10.835,10.835,10.835,10.835,0,0.0,0.0,0.0,0.0,0.0,,0.0,0.0,0.0
2022-03-29,10.835,10.835,10.835,10.835,0,0.0,0.0,0.0,0.0,0.0,,0.0,0.0,0.0
2022-03-30,10.835,10.835,10.835,10.835,0,0.0,0.0,0.0,0.0,0.0,,0.0,0.0,0.0
2022-03-31,10.835,10.835,10.835,10.835,0,0.0,0.0,0.0,0.0,0.0,,0.0,0.0,0.0
2022-04-01,10.835,10.835,10.835,10.835,0,0.0,0.0,0.0,0.0,0.0,,0.0,0.0,0.0
2022-04-04,10.835,10.835,10.835,10.835,0,0.0,0.0,0.0,0.0,0.0,,0.0,0.0,0.0
2022-04-05,10.835,10.835,10.835,10.835,0,0.0,0.0,0.0,0.0,0.0,,0.0,0.0,0.0
2022-04-06,10.835,10.835,10.835,10.835,0,0.0,0.0,0.0,0.0,0.0,,0.0,0.0,0.0
2022-04-07,10.835,10.835,10.835,10.835,0,0.0,0.0,0.0,0.0,0.0,,0.0,0.0,0.0
2022-04-08,10.835,10.835,10.835,10.835,0,0.0,0.0,0.0,0.0,0.0,,0.0,0.0,0.0
2022-04-12,10.835,10.835,10.835,10.835,0,0.0,0.0,0.0,0.0,0.0,,0.0,0.0,0.0
2022-04-13,10.835,10.835,10.835,10.835,0,0.0,0.0,0.0,0.0,0.0,,0.0,0.0,0.0
2022-04-14,10.835,10.835,10.835,10.835,0,0.0,0.0,0.0,0.0,0.0,,0.0,0.0,0.0
2022-04-15,10.835,10.835,10.835,10.835,0,0.0,0.0,0.0,0.0,0.0,,0.0,0.0,0.0
2022-04-18,10.835,10.835,10.835,10.835,0,0.0,0.0,0.0,0.0,0.0,,0.0,0.0,0.0
2022-04-19,10.835,10.835,10.835,10.835,0,0.0,0.0,0.0,0.0,0.0,,0.0,0.0,0.0
2022-04-20,10.835,10.835,10.835,10.835,0,0.0,0.0,0.0,0.0,0.0,,0.0,0.0,0.0
2022-04-21,10.835,10.835,10.835,10.835,0,0.0,0.0,0.0,0.0,0.0,,0.0,0.0,0.0
2022-04-22,10.835,10.835,10.835,10.835,0,0.0,0.0,0.0,0.0,0.0,,0.0,0.0,0.0
2022-04-25,10.835,10.835,10.835,10.835,0,0.0,0.0,0.0,0.0,0.0,,0.0,0.0,0.0
2022-04-26,10.835,10.835,10.835,10.835,0,0.0,0.0,0.0,0.0,0.0,,0.0,0.0,0.0
2022-04-27,10.835,10.835,10.835,10.835,0,0.0,0.0,0.0,0.0,0.0,,0.0,0.0,0.0
2022-04-28,10.835,10.835,10.835,10.835,0,0.0,0.0,0.0,0.0,0.0,,0.0,0.0,0.0
2022-04-29,10.835,10.835,10.835,10.835,0,0.0,0.0,0.0,0.0,0.0,,0.0,0.0,0.0
2022-05-04,10.835,10.835,10.835,10.835,0,0.0,0.0,0.0,0.0,0.0,,0.0,0.0,0.0
2022-05-05,10.835,10.835,10.835,10.835,0,0.0,0.0,0.0,0.0,0.0,,0.0,0.0,0.0
2022-05-06,10.835,10.835,10.835,10.835,0,0.0,0.0,0.0,0.0,0.0,,0.0,0.0,0.0
2022-05-09,10.835,10.835,10.835,10.835,0,0.0,0.0,0.0,0.0,0.0,,0.0,0.0,0.0
2022-05-10,10.835,10.835,10.835,10.835,0,0.0,0.0,0.0,0.0,0.0,,0.0,0.0,0.0
2022-05-11,10.835,10.835,10.835,10.835,0,0.0,0.0,0.0,0.0,0.0,,0.0,0.0,0.0
2022-05-12,10.835,10.835,10.835,10.835,0,0.0,0.0,0.0,0.0,0.0,,0.0,0.0,0.0
2022-05-13,10.835,10.835,10.835,10.835,0,0.0,0.0,0.0,0.0,0.0,,0.0,0.0,0.0
2022-05-16,10.835,10.835,10.835,10.835,0,0.0,0.0,0.0,0.0,0.0,,0.0,0.0,0.0
2022-05-17,10.835,10.835,10.835,10.835,0,0.0,0.0,0.0,0.0,0.0,,0.0,0.0,0.0
2022-05-18,10.835,10.835,10.835,10.835,0,0.0,0.0,0.0,0.0,0.0,,0.0,0.0,0.0
2022-05-19,10.835,10.835,10.835,10.835,0,0.0,0.0,0.0,0.0,0.0,,0.0,0.0,0.0
2022-05-20,10.835,10.835,10.835,10.835,0,0.0,0.0,0.0,0.0,0.0,,0.0,0.0,0.0
2022-05-23,10.835,10.835,10.835,10.835,0,0.0,0.0,0.0,0.0,0.0,,0.0,0.0,0.0
2022-05-24,10.835,10.835,10.835,10.835,0,0.0,0.0,0.0,0.0,0.0,,0.0,0.0,0.0
2022-05-25,10.835,10.835,10.835,10.835,0,0.0,0.0,0.0,0.0,0.0,,0.0,0.0,0.0
2022-05-26,10.835,10.835,10.835,10.835,0,0.0,0.0,0.0,0.0,0.0,,0.0,0.0,0.0
2022-05-27,10.835,10.835,10.835,10.835,0,0.0,0.0,0.0,0.0,0.0,,0.0,0.0,0.0
2022-05-30,10.835,10.835,10.835,10.835,0,0.0,0.0,0.0,0.0,0.0,,0.0,0.0,0.0
2022-05-31,10.835,10.835,10.835,10.835,0,0.0,0.0,0.0,0.0,0.0,,0.0,0.0,0.0
2022-06-01,10.835,10.835,10.835,10.835,400,4334.0,0.0,0.0,0.0,0.0,,0.0,0.0,0.0
2022-06-02,10.835,10.835,10.835,10.835,0,0.0,0.0,0.0,0.0,0.0,,0.0,0.0,0.0
2022-06-03,10.835,10.835,10.835,10.835,0,0.0,0.0,0.0,0.0,0.0,,0.0,0.0,0.0
2022-06-06,10.835,10.835,10.835,10.835,0,0.0,0.0,0.0,0.0,0.0,,0.0,0.0,0.0
2022-06-07,10.835,10.835,10.835,10.835,0,0.0,0.0,0.0,0.0,0.0,,0.0,0.0,0.0
2022-06-08,10.835,10.835,10.835,10.835,0,0.0,0.0,0.0,0.0,0.0,,0.0,0.0,0.0
2022-06-09,10.835,10.835,10.835,10.835,0,0.0,0.0,0.0,0.0,0.0,,0.0,0.0,0.0
2022-06-10,10.835,10.835,10.835,10.835,0,0.0,0.0,0.0,0.0,0.0,,0.0,0.0,0.0
2022-06-13,10.835,10.835,10.835,10.835,0,0.0,0.0,0.0,0.0,0.0,,0.0,0.0,0.0
2022-06-14,10.835,10.835,10.835,10.835,0,0.0,0.0,0.0,0.0,0.0,,0.0,0.0,0.0
2022-06-15,10.835,10.835,10.835,10.835,0,0.0,0.0,0.0,0.0,0.0,,0.0,0.0,0.0
2022-06-16,10.835,10.835,10.835,10.835,0,0.0,0.0,0.0,0.0,0.0,,0.0,0.0,0.0
2022-06-17,10.835,10.835,10.835,10.835,0,0.0,0.0,0.0,0.0,0.0,,0.0,0.0,0.0
2022-06-20,10.835,10.835,10.835,10.835,0,0.0,0.0,0.0,0.0,0.0,,0.0,0.0,0.0
2022-06-21,10.835,10.835,10.835,10.835,0,0.0,0.0,0.0,0.0,0.0,,0.0,0.0,0.0
2022-06-22,10.835,10.835,10.835,10.835,0,0.0,0.0,0.0,0.0,0.0,,0.0,0.0,0.0
2022-06-23,10.835,10.835,10.835,10.835,0,0.0,0.0,0.0,0.0,0.0,,0.0,0.0,0.0
2022-06-24,10.835,10.835,10.835,10.835,0,0.0,0.0,0.0,0.0,0.0,,0.0,0.0,0.0
2022-06-27,10.835,10.835,10.835,10.835,0,0.0,0.0,0.0,0.0,0.0,,0.0,0.0,0.0
2022-06-28,10.835,10.835,10.835,10.835,0,0.0,0.0,0.0,0.0,0.0,,0.0,0.0,0.0
2022-06-29,10.835,10.835,10.835,10.835,0,0.0,0.0,0.0,0.0,0.0,,0.0,0.0,0.0
2022-06-30,10.835,10.835,10.835,10.835,0,0.0,0.0,0.0,0.0,0.0,,0.0,0.0,0.0
2022-07-01,10.835,10.835,10.835,10.835,0,0.0,0.0,0.0,0.0,0.0,,0.0,0.0,0.0
2022-07-04,10.835,10.835,10.835,10.835,0,0.0,0.0,0.0,0.0,0.0,,0.0,0.0,0.0
2022-07-05,10.835,10.835,10.835,10.835,0,0.0,0.0,0.0,0.0,0.0,,0.0,0.0,0.0
2022-07-06,10.835,10.835,10.835,10.835,0,0.0,0.0,0.0,0.0,0.0,,0.0,0.0,0.0
2022-07-07,10.835,10.835,10.835,10.835,0,0.0,0.0,0.0,0.0,0.0,,0.0,0.0,0.0
2022-07-08,10.835,10.835,10.835,10.835,0,0.0,0.0,0.0,0.0,0.0,,0.0,0.0,0.0
2022-07-11,10.835,10.835,10.835,10.835,0,0.0,0.0,0.0,0.0,0.0,,0.0,0.0,0.0
2022-07-12,10.835,10.835,10.835,10.835,0,0.0,0.0,0.0,0.0,0.0,,0.0,0.0,0.0
2022-07-13,10.835,10.835,10.835,10.835,0,0.0,0.0,0.0,0.0,0.0,,0.0,0.0,0.0
2022-07-14,10.835,10.835,10.835,10.835,0,0.0,0.0,0.0,0.0,0.0,,0.0,0.0,0.0
2022-07-15,10.835,10.835,10.835,10.835,0,0.0,0.0,0.0,0.0,0.0,,0.0,0.0,0.0
2022-07-18,10.835,10.835,10.835,10.835,0,0.0,0.0,0.0,0.0,0.0,,0.0,0.0,0.0
2022-07-19,10.835,10.835,10.835,10.835,0,0.0,0.0,0.0,0.0,0.0,,0.0,0.0,0.0
2022-07-20,10.835,10.835,10.835,10.835,0,0.0,0.0,0.0,0.0,0.0,,0.0,0.0,0.0
2022-07-21,10.835,10.835,10.835,10.835,0,0.0,0.0,0.0,0.0,0.0,,0.0,0.0,0.0
2022-07-22,10.835,10.835,10.835,10.835,0,0.0,0.0,0.0,0.0,0.0,,0.0,0.0,0.0
2022-07-25,10.835,10.835,10.835,10.835,0,0.0,0.0,0.0,0.0,0.0,,0.0,0.0,0.0
2022-07-26,10.835,10.835,10.835,10.835,0,0.0,0.0,0.0,0.0,0.0,,0.0,0.0,0.0
2022-07-27,10.835,10.835,10.835,10.835,0,0.0,0.0,0.0,0.0,0.0,,0.0,0.0,0.0
2022-07-28,10.835,10.835,10.835,10.835,0,0.0,0.0,0.0,0.0,0.0,,0.0,0.0,0.0
2022-07-29,10.835,10.835,10.835,10.835,0,0.0,0.0,0.0,0.0,0.0,,0.0,0.0,0.0
2022-08-01,10.835,10.835,10.835,10.835,0,0.0,0.0,0.0,0.0,0.0,,0.0,0.0,0.0
2022-08-02,10.835,10.835,10.835,10.835,0,0.0,0.0,0.0,0.0,0.0,,0.0,0.0,0.0
2022-08-03,10.835,10.835,10.835,10.835,0,0.0,0.0,0.0,0.0,0.0,,0.0,0.0,0.0
2022-08-04,10.835,10.835,10.835,10.835,0,0.0,0.0,0.0,0.0,0.0,,0.0,0.0,0.0
2022-08-05,10.835,10.835,10.835,10.835,0,0.0,0.0,0.0,0.0,0.0,,0.0,0.0,0.0
2022-08-08,10.835,10.835,10.835,10.835,0,0.0,0.0,0.0,0.0,0.0,,0.0,0.0,0.0
2022-08-09,10.835,10.835,10.835,10.835,0,0.0,0.0,0.0,0.0,0.0,,0.0,0.0,0.0
2022-08-10,10.835,10.835,10.835,10.835,0,0.0,0.0,0.0,0.0,0.0,,0.0,0.0,0.0
2022-08-11,10.835,10.835,10.835,10.835,0,0.0,0.0,0.0,0.0,0.0,,0.0,0.0,0.0
2022-08-12,10.835,10.835,10.835,10.835,0,0.0,0.0,0.0,0.0,0.0,,0.0,0.0,0.0
2022-08-15,10.835,10.835,10.835,10.835,0,0.0,0.0,0.0,0.0,0.0,,0.0,0.0,0.0
2022-08-16,10.835,10.835,10.835,10.835,0,0.0,0.0,0.0,0.0,0.0,,0.0,0.0,0.0
2022-08-17,10.835,10.835,10.835,10.835,0,0.0,0.0,0.0,0.0,0.0,,0.0,0.0,0.0
2022-08-18,10.835,10.835,10.835,10.835,0,0.0,0.0,0.0,0.0,0.0,,0.0,0.0,0.0
2022-08-19,10.835,10.835,10.835,10.835,0,0.0,0.0,0.0,0.0,0.0,,0.0,0.0,0.0
2022-08-22,10.835,10.835,10.835,10.835,0,0.0,0.0,0.0,0.0,0.0,,0.0,0.0,0.0
2022-08-23,10.835,10.835,10.835,10.835,0,0.0,0.0,0.0,0.0,0.0,,0.0,0.0,0.0
2022-08-24,10.835,10.835,10.835,10.835,0,0.0,0.0,0.0,0.0,0.0,,0.0,0.0,0.0
2022-08-25,10.835,10.835,10.835,10.835,0,0.0,0.0,0.0,0.0,0.0,,0.0,0.0,0.0
2022-08-26,10.835,10.835,10.835,10.835,0,0.0,0.0,0.0,0.0,0.0,,0.0,0.0,0.0
2022-08-29,10.835,10.835,10.835,10.835,0,0.0,0.0,0.0,0.0,0.0,,0.0,0.0,0.0
2022-08-30,10.835,10.835,10.835,10.835,0,0.0,0.0,0.0,0.0,0.0,,0.0,0.0,0.0
2022-08-31,10.835,10.835,10.835,10.835,0,0.0,0.0,0.0,0.0,0.0,,0.0,0.0,0.0
2022-09-05,10.835,10.835,10.835,10.835,0,0.0,0.0,0.0,0.0,0.0,,0.0,0.0,0.0
2022-09-06,10.835,10.835,10.835,10.835,0,0.0,0.0,0.0,0.0,0.0,,0.0,0.0,0.0
2022-09-07,10.835,10.835,10.835,10.835,0,0.0,0.0,0.0,0.0,0.0,,0.0,0.0,0.0
2022-09-08,10.835,10.835,10.835,10.835,0,0.0,0.0,0.0,0.0,0.0,,0.0,0.0,0.0
2022-09-09,10.835,10.835,10.835,10.835,0,0.0,0.0,0.0,0.0,0.0,,0.0,0.0,0.0
2022-09-12,10.835,10.835,10.835,10.835,0,0.0,0.0,0.0,0.0,0.0,,0.0,0.0,0.0
2022-09-13,10.835,10.835,10.835,10.835,0,0.0,0.0,0.0,0.0,0.0,,0.0,0.0,0.0
2022-09-14,10.835,10.835,10.835,10.835,0,0.0,0.0,0.0,0.0,0.0,,0.0,0.0,0.0
2022-09-15,10.835,10.835,10.835,10.835,0,0.0,0.0,0.0,0.0,0.0,,0.0,0.0,0.0
2022-09-16,10.835,10.835,10.835,10.835,0,0.0,0.0,0.0,0.0,0.0,,0.0,0.0,0.0
2022-09-19,10.835,10.835,10.835,10.835,0,0.0,0.0,0.0,0.0,0.0,,0.0,0.0,0.0
2022-09-20,10.835,10.835,10.835,10.835,0,0.0,0.0,0.0,0.0,0.0,,0.0,0.0,0.0
2022-09-21,10.835,10.835,10.835,10.835,0,0.0,0.0,0.0,0.0,0.0,,0.0,0.0,0.0
2022-09-22,10.835,10.835,10.835,10.835,0,0.0,0.0,0.0,0.0,0.0,,0.0,0.0,0.0
2022-09-23,10.835,10.835,10.835,10.835,0,0.0,0.0,0.0,0.0,0.0,,0.0,0.0,0.0
2022-09-26,10.835,10.835,10.835,10.835,0,0.0,0.0,0.0,0.0,0.0,,0.0,0.0,0.0
2022-09-27,10.835,10.835,10.835,10.835,0,0.0,0.0,0.0,0.0,0.0,,0.0,0.0,0.0
2022-09-28,10.835,10.835,10.835,10.835,0,0.0,0.0,0.0,0.0,0.0,,0.0,0.0,0.0
2022-09-29,10.835,10.835,10.835,10.835,0,0.0,0.0,0.0,0.0,0.0,,0.0,0.0,0.0
2022-09-30,10.835,10.835,10.835,10.835,0,0.0,0.0,0.0,0.0,0.0,,0.0,0.0,0.0
2022-10-03,10.835,10.835,10.835,10.835,0,0.0,0.0,0.0,0.0,0.0,,0.0,0.0,0.0
2022-10-04,10.835,10.835,10.835,10.835,0,0.0,0.0,0.0,0.0,0.0,,0.0,0.0,0.0
2022-10-05,10.835,10.835,10.835,10.835,0,0.0,0.0,0.0,0.0,0.0,,0.0,0.0,0.0
2022-10-06,10.835,10.835,10.835,10.835,0,0.0,0.0,0.0,0.0,0.0,,0.0,0.0,0.0
2022-10-07,10.835,10.835,10.835,10.835,0,0.0,0.0,0.0,0.0,0.0,,0.0,0.0,0.0
2022-10-10,10.835,10.835,10.835,10.835,0,0.0,0.0,0.0,0.0,0.0,,0.0,0.0,0.0
2022-10-11,10.835,10.835,10.835,10.835,0,0.0,0.0,0.0,0.0,0.0,,0.0,0.0,0.0
2022-10-12,10.835,10.835,10.835,10.835,0,0.0,0.0,0.0,0.0,0.0,,0.0,0.0,0.0
2022-10-13,10.835,10.835,10.835,10.835,0,0.0,0.0,0.0,0.0,0.0,,0.0,0.0,0.0
2022-10-14,10.835,10.835,10.835,10.835,0,0.0,0.0,0.0,0.0,0.0,,0.0,0.0,0.0
2022-10-17,10.835,10.835,10.835,10.835,0,0.0,0.0,0.0,0.0,0.0,,0.0,0.0,0.0
2022-10-18,10.835,10.835,10.835,10.835,0,0.0,0.0,0.0,0.0,0.0,,0.0,0.0,0.0
2022-10-19,10.835,10.835,10.835,10.835,0,0.0,0.0,0.0,0.0,0.0,,0.0,0.0,0.0
2022-10-20,10.835,10.835,10.835,10.835,0,0.0,0.0,0.0,0.0,0.0,,0.0,0.0,0.0
2022-10-21,10.835,10.835,10.835,10.835,0,0.0,0.0,0.0,0.0,0.0,,0.0,0.0,0.0
2022-10-24,10.835,10.835,10.835,10.835,0,0.0,0.0,0.0,0.0,0.0,,0.0,0.0,0.0
2022-10-25,10.835,10.835,10.835,10.835,0,0.0,0.0,0.0,0.0,0.0,,0.0,0.0,0.0
2022-10-26,10.835,10.835,10.835,10.835,0,0.0,0.0,0.0,0.0,0.0,,0.0,0.0,0.0
2022-10-27,10.835,10.835,10.835,10.835,0,0.0,0.0,0.0,0.0,0.0,,0.0,0.0,0.0
2022-10-28,10.835,10.835,10.835,10.835,0,0.0,0.0,0.0,0.0,0.0,,0.0,0.0,0.0
2022-10-31,10.835,10.835,10.835,10.835,0,0.0,0.0,0.0,0.0,0.0,,0.0,0.0,0.0
2022-11-01,10.835,10.835,10.835,10.835,0,0.0,0.0,0.0,0.0,0.0,,0.0,0.0,0.0
2022-11-02,10.835,10.835,10.835,10.835,0,0.0,0.0,0.0,0.0,0.0,,0.0,0.0,0.0
2022-11-03,10.835,10.835,10.835,10.835,0,0.0,0.0,0.0,0.0,0.0,,0.0,0.0,0.0
2022-11-04,10.835,10.835,10.835,10.835,0,0.0,0.0,0.0,0.0,0.0,,0.0,0.0,0.0
2022-11-07,10.835,10.835,10.835,10.835,0,0.0,0.0,0.0,0.0,0.0,,0.0,0.0,0.0
2022-11-08,10.835,10.835,10.835,10.835,0,0.0,0.0,0.0,0.0,0.0,,0.0,0.0,0.0
2022-11-09,10.835,10.835,10.835,10.835,0,0.0,0.0,0.0,0.0,0.0,,0.0,0.0,0.0
2022-11-10,10.835,10.835,10.835,10.835,0,0.0,0.0,0.0,0.0,0.0,,0.0,0.0,0.0
2022-11-11,10.835,10.835,10.835,10.835,0,0.0,0.0,0.0,0.0,0.0,,0.0,0.0,0.0
2022-11-14,10.835,10.835,10.835,10.835,0,0.0,0.0,0.0,0.0,0.0,,0.0,0.0,0.0
2022-11-15,10.835,10.835,10.835,10.835,0,0.0,0.0,0.0,0.0,0.0,,0.0,0.0,0.0
2022-11-16,10.835,10.835,10.835,10.835,0,0.0,0.0,0.0,0.0,0.0,,0.0,0.0,0.0
2022-11-17,10.835,10.835,10.835,10.835,0,0.0,0.0,0.0,0.0,0.0,,0.0,0.0,0.0
2022-11-18,10.835,10.835,10.835,10.835,0,0.0,0.0,0.0,0.0,0.0,,0.0,0.0,0.0
2022-11-21,10.835,10.835,10.835,10.835,0,0.0,0.0,0.0,0.0,0.0,,0.0,0.0,0.0
2022-11-22,10.835,10.835,10.835,10.835,0,0.0,0.0,0.0,0.0,0.0,,0.0,0.0,0.0
2022-11-23,10.835,10.835,10.835,10.835,0,0.0,0.0,0.0,0.0,0.0,,0.0,0.0,0.0
2022-11-24,10.835,10.835,10.835,10.835,0,0.0,0.0,0.0,0.0,0.0,,0.0,0.0,0.0
2022-11-25,10.835,10.835,10.835,10.835,0,0.0,0.0,0.0,0.0,0.0,,0.0,0.0,0.0
2022-11-28,10.835,10.835,10.835,10.835,0,0.0,0.0,0.0,0.0,0.0,,0.0,0.0,0.0
2022-11-29,10.835,10.835,10.835,10.835,0,0.0,0.0,0.0,0.0,0.0,,0.0,0.0,0.0
2022-11-30,10.835,10.835,10.835,10.835,0,0.0,0.0,0.0,0.0,0.0,,0.0,0.0,0.0
2022-12-01,10.835,10.835,10.835,10.835,0,0.0,0.0,0.0,0.0,0.0,,0.0,0.0,0.0
2022-12-02,10.835,10.835,10.835,10.835,0,0.0,0.0,0.0,0.0,0.0,,0.0,0.0,0.0
2022-12-05,10.835,10.835,10.835,10.835,0,0.0,0.0,0.0,0.0,0.0,,0.0,0.0,0.0
2022-12-06,10.835,10.835,10.835,10.835,0,0.0,0.0,0.0,0.0,0.0,,0.0,0.0,0.0
2022-12-07,10.835,10.835,10.835,10.835,0,0.0,0.0,0.0,0.0,0.0,,0.0,0.0,0.0
2022-12-08,10.835,10.835,10.835,10.835,0,0.0,0.0,0.0,0.0,0.0,,0.0,0.0,0.0
2022-12-09,10.835,10.835,10.835,10.835,0,0.0,0.0,0.0,0.0,0.0,,0.0,0.0,0.0
2022-12-12,10.835,10.835,10.835,10.835,0,0.0,0.0,0.0,0.0,0.0,,0.0,0.0,0.0
2022-12-13,10.835,10.835,10.835,10.835,0,0.0,0.0,0.0,0.0,0.0,,0.0,0.0,0.0
2022-12-14,10.835,10.835,10.835,10.835,0,0.0,0.0,0.0,0.0,0.0,,0.0,0.0,0.0
2022-12-15,10.835,10.835,10.835,10.835,0,0.0,0.0,0.0,0.0,0.0,,0.0,0.0,0.0
2022-12-16,10.835,10.835,10.835,10.835,0,0.0,0.0,0.0,0.0,0.0,,0.0,0.0,0.0
2022-12-19,10.835,10.835,10.835,10.835,0,0.0,0.0,0.0,0.0,0.0,,0.0,0.0,0.0
2022-12-20,10.835,10.835,10.835,10.835,0,0.0,0.0,0.0,0.0,0.0,,0.0,0.0,0.0
2022-12-21,10.835,10.835,10.835,10.835,0,0.0,0.0,0.0,0.0,0.0,,0.0,0.0,0.0
2022-12-22,10.835,10.835,10.835,10.835,0,0.0,0.0,0.0,0.0,0.0,,0.0,0.0,0.0
2022-12-23,10.835,10.835,10.835,10.835,0,0.0,0.0,0.0,0.0,0.0,,0.0,0.0,0.0
2022-12-26,10.835,10.835,10.835,10.835,0,0.0,0.0,0.0,0.0,0.0,,0.0,0.0,0.0
2022-12-27,10.835,10.835,10.835,10.835,0,0.0,0.0,0.0,0.0,0.0,,0.0,0.0,0.0
2022-12-28,10.835,10.835,10.835,10.835,0,0.0,0.0,0.0,0.0,0.0,,0.0,0.0,0.0
2022-12-29,10.835,10.835,10.835,10.835,0,0.0,0.0,0.0,0.0,0.0,,0.0,0.0,0.0
2022-12-30,10.835,10.835,10.835,10.835,0,0.0,0.0,0.0,0.0,0.0,,0.0,0.0,0.0
2023-01-03,10.835,10.835,10.835,10.835,0,0.0,0.0,0.0,0.0,0.0,,0.0,0.0,0.0
2023-01-04,10.835,10.835,10.835,10.835,0,0.0,0.0,0.0,0.0,0.0,,0.0,0.0,0.0
2023-01-05,10.835,10.835,10.835,10.835,0,0.0,0.0,0.0,0.0,0.0,,0.0,0.0,0.0
2023-01-06,10.835,10.835,10.835,10.835,0,0.0,0.0,0.0,0.0,0.0,,0.0,0.0,0.0
2023-01-09,10.835,10.835,10.835,10.835,0,0.0,0.0,0.0,0.0,0.0,,0.0,0.0,0.0
2023-01-10,10.835,10.835,10.835,10.835,0,0.0,0.0,0.0,0.0,0.0,,0.0,0.0,0.0
2023-01-11,10.835,10.835,10.835,10.835,0,0.0,0.0,0.0,0.0,0.0,,0.0,0.0,0.0
2023-01-12,10.835,10.835,10.835,10.835,0,0.0,0.0,0.0,0.0,0.0,,0.0,0.0,0.0
2023-01-13,10.835,10.835,10.835,10.835,0,0.0,0.0,0.0,0.0,0.0,,0.0,0.0,0.0
2023-01-16,10.835,10.835,10.835,10.835,0,0.0,0.0,0.0,0.0,0.0,,0.0,0.0,0.0
2023-01-17,10.835,10.835,10.835,10.835,0,0.0,0.0,0.0,0.0,0.0,,0.0,0.0,0.0
2023-01-18,10.835,10.835,10.835,10.835,0,0.0,0.0,0.0,0.0,0.0,,0.0,0.0,0.0
2023-01-19,10.835,10.835,10.835,10.835,0,0.0,0.0,0.0,0.0,0.0,,0.0,0.0,0.0
2023-01-27,10.835,10.835,10.835,10.835,0,0.0,0.0,0.0,0.0,0.0,,0.0,0.0,0.0
2023-01-30,10.835,10.835,10.835,10.835,0,0.0,0.0,0.0,0.0,0.0,,0.0,0.0,0.0
2023-01-31,10.835,10.835,10.835,10.835,0,0.0,0.0,0.0,0.0,0.0,,0.0,0.0,0.0
2023-02-01,10.835,10.835,10.835,10.835,0,0.0,0.0,0.0,0.0,0.0,,0.0,0.0,0.0
2023-02-02,10.835,10.835,10.835,10.835,0,0.0,0.0,0.0,0.0,0.0,,0.0,0.0,0.0
2023-02-03,10.835,10.835,10.835,10.835,0,0.0,0.0,0.0,0.0,0.0,,0.0,0.0,0.0
2023-02-06,10.835,10.835,10.835,10.835,0,0.0,0.0,0.0,0.0,0.0,,0.0,0.0,0.0
2023-02-07,10.835,10.835,10.835,10.835,0,0.0,0.0,0.0,0.0,0.0,,0.0,0.0,0.0
2023-02-08,10.835,10.835,10.835,10.835,0,0.0,0.0,0.0,0.0,0.0,,0.0,0.0,0.0
2023-02-09,10.835,10.835,10.835,10.835,0,0.0,0.0,0.0,0.0,0.0,,0.0,0.0,0.0
2023-02-10,10.835,10.835,10.835,10.835,0,0.0,0.0,0.0,0.0,0.0,,0.0,0.0,0.0
2023-02-13,10.835,10.835,10.835,10.835,0,0.0,0.0,0.0,0.0,0.0,,0.0,0.0,0.0
2023-02-14,10.835,10.835,10.835,10.835,0,0.0,0.0,0.0,0.0,0.0,,0.0,0.0,0.0
2023-02-15,10.835,10.835,10.835,10.835,0,0.0,0.0,0.0,0.0,0.0,,0.0,0.0,0.0
2023-02-16,10.835,10.835,10.835,10.835,0,0.0,0.0,0.0,0.0,0.0,,0.0,0.0,0.0
2023-02-17,10.835,10.835,10.835,10.835,0,0.0,0.0,0.0,0.0,0.0,,0.0,0.0,0.0
2023-02-20,10.835,10.835,10.835,10.835,0,0.0,0.0,0.0,0.0,0.0,,0.0,0.0,0.0
2023-02-21,10.835,10.835,10.835,10.835,0,0.0,0.0,0.0,0.0,0.0,,0.0,0.0,0.0
2023-02-22,10.835,10.835,10.835,10.835,0,0.0,0.0,0.0,0.0,0.0,,0.0,0.0,0.0
2023-02-23,10.835,10.835,10.835,10.835,0,0.0,0.0,0.0,0.0,0.0,,0.0,0.0,0.0
2023-02-24,10.835,10.835,10.835,10.835,0,0.0,0.0,0.0,0.0,0.0,,0.0,0.0,0.0
2023-02-27,10.835,10.835,10.835,10.835,0,0.0,0.0,0.0,0.0,0.0,,0.0,0.0,0.0
2023-02-28,10.835,10.835,10.835,10.835,0,0.0,0.0,0.0,0.0,0.0,,0.0,0.0,0.0
2023-03-01,10.835,10.835,10.835,10.835,0,0.0,0.0,0.0,0.0,0.0,,0.0,0.0,0.0
2023-03-02,10.835,10.835,10.835,10.835,0,0.0,0.0,0.0,0.0,0.0,,0.0,0.0,0.0
2023-03-03,10.835,10.835,10.835,10.835,0,0.0,0.0,0.0,0.0,0.0,,0.0,0.0,0.0
2023-03-06,10.835,10.835,10.835,10.835,0,0.0,0.0,0.0,0.0,0.0,,0.0,0.0,0.0
2023-03-07,10.835,10.835,10.835,10.835,0,0.0,0.0,0.0,0.0,0.0,,0.0,0.0,0.0
2023-03-08,10.835,10.835,10.835,10.835,0,0.0,0.0,0.0,0.0,0.0,,0.0,0.0,0.0
2023-03-09,10.835,10.835,10.835,10.835,0,0.0,0.0,0.0,0.0,0.0,,0.0,0.0,0.0
2023-03-10,10.835,10.835,10.835,10.835,0,0.0,0.0,0.0,0.0,0.0,,0.0,0.0,0.0
2023-03-13,10.835,10.835,10.835,10.835,0,0.0,0.0,0.0,0.0,0.0,,0.0,0.0,0.0
2023-03-14,10.835,10.835,10.835,10.835,0,0.0,0.0,0.0,0.0,0.0,,0.0,0.0,0.0
2023-03-15,10.835,10.835,10.835,10.835,0,0.0,0.0,0.0,0.0,0.0,,0.0,0.0,0.0
2023-03-16,10.835,10.835,10.835,10.835,0,0.0,0.0,0.0,0.0,0.0,,0.0,0.0,0.0
2023-03-17,10.835,10.835,10.835,10.835,0,0.0,0.0,0.0,0.0,0.0,,0.0,0.0,0.0
2023-03-20,10.835,10.835,10.835,10.835,0,0.0,0.0,0.0,0.0,0.0,,0.0,0.0,0.0
2023-03-21,10.835,10.835,10.835,10.835,0,0.0,0.0,0.0,0.0,0.0,,0.0,0.0,0.0
2023-03-22,10.835,10.835,10.835,10.835,0,0.0,0.0,0.0,0.0,0.0,,0.0,0.0,0.0
2023-03-23,10.835,10.835,10.835,10.835,0,0.0,0.0,0.0,0.0,0.0,,0.0,0.0,0.0
2023-03-24,10.835,10.835,10.835,10.835,0,0.0,0.0,0.0,0.0,0.0,,0.0,0.0,0.0
2023-03-27,10.835,10.835,10.835,10.835,0,0.0,0.0,0.0,0.0,0.0,,0.0,0.0,0.0
2023-03-28,10.835,10.835,10.835,10.835,0,0.0,0.0,0.0,0.0,0.0,,0.0,0.0,0.0
2023-03-29,10.835,10.835,10.835,10.835,0,0.0,0.0,0.0,0.0,0.0,,0.0,0.0,0.0
2023-03-30,10.835,10.835,10.835,10.835,0,0.0,0.0,0.0,0.0,0.0,,0.0,0.0,0.0
2023-03-31,10.835,10.835,10.835,10.835,0,0.0,0.0,0.0,0.0,0.0,,0.0,0.0,0.0
2023-04-03,10.835,10.835,10.835,10.835,0,0.0,0.0,0.0,0.0,0.0,,0.0,0.0,0.0
2023-04-04,10.835,10.835,10.835,10.835,0,0.0,0.0,0.0,0.0,0.0,,0.0,0.0,0.0
2023-04-05,10.835,10.835,10.835,10.835,0,0.0,0.0,0.0,0.0,0.0,,0.0,0.0,0.0
2023-04-06,10.835,10.835,10.835,10.835,0,0.0,0.0,0.0,0.0,0.0,,0.0,0.0,0.0
2023-04-07,10.835,10.835,10.835,10.835,0,0.0,0.0,0.0,0.0,0.0,,0.0,0.0,0.0
2023-04-10,10.835,10.835,10.835,10.835,0,0.0,0.0,0.0,0.0,0.0,,0.0,0.0,0.0
2023-04-11,10.835,10.835,10.835,10.835,0,0.0,0.0,0.0,0.0,0.0,,0.0,0.0,0.0
2023-04-12,10.835,10.835,10.835,10.835,0,0.0,0.0,0.0,0.0,0.0,,0.0,0.0,0.0
2023-04-13,10.835,10.835,10.835,10.835,0,0.0,0.0,0.0,0.0,0.0,,0.0,0.0,0.0
2023-04-14,10.835,10.835,10.835,10.835,0,0.0,0.0,0.0,0.0,0.0,,0.0,0.0,0.0
2023-04-17,10.835,10.835,10.835,10.835,0,0.0,0.0,0.0,0.0,0.0,,0.0,0.0,0.0
2023-04-18,10.835,10.835,10.835,10.835,0,0.0,0.0,0.0,0.0,0.0,,0.0,0.0,0.0
2023-04-19,10.835,10.835,10.835,10.835,0,0.0,0.0,0.0,0.0,0.0,,0.0,0.0,0.0
2023-04-20,10.835,10.835,10.835,10.835,0,0.0,0.0,0.0,0.0,0.0,,0.0,0.0,0.0
2023-04-21,10.835,10.835,10.835,10.835,0,0.0,0.0,0.0,0.0,0.0,,0.0,0.0,0.0
2023-04-24,10.835,10.835,10.835,10.835,0,0.0,0.0,0.0,0.0,0.0,,0.0,0.0,0.0
2023-04-25,10.835,10.835,10.835,10.835,0,0.0,0.0,0.0,0.0,0.0,,0.0,0.0,0.0
2023-04-26,10.835,10.835,10.835,10.835,0,0.0,0.0,0.0,0.0,0.0,,0.0,0.0,0.0
2023-04-27,10.835,10.835,10.835,10.835,0,0.0,0.0,0.0,0.0,0.0,,0.0,0.0,0.0
2023-04-28,10.835,10.835,10.835,10.835,0,0.0,0.0,0.0,0.0,0.0,,0.0,0.0,0.0
2023-05-04,10.835,10.835,10.835,10.835,0,0.0,0.0,0.0,0.0,0.0,,0.0,0.0,0.0
2023-05-05,10.835,10.835,10.835,10.835,0,0.0,0.0,0.0,0.0,0.0,,0.0,0.0,0.0
2023-05-08,10.835,10.835,10.835,10.835,0,0.0,0.0,0.0,0.0,0.0,,0.0,0.0,0.0
2023-05-09,10.835,10.835,10.835,10.835,0,0.0,0.0,0.0,0.0,0.0,,0.0,0.0,0.0
2023-05-10,10.835,10.835,10.835,10.835,0,0.0,0.0,0.0,0.0,0.0,,0.0,0.0,0.0
2023-05-11,10.835,10.835,10.835,10.835,0,0.0,0.0,0.0,0.0,0.0,,0.0,0.0,0.0
2023-05-12,10.835,10.835,10.835,10.835,0,0.0,0.0,0.0,0.0,0.0,,0.0,0.0,0.0
2023-05-15,10.835,10.835,10.835,10.835,0,0.0,0.0,0.0,0.0,0.0,,0.0,0.0,0.0
2023-05-16,10.835,10.835,10.835,10.835,0,0.0,0.0,0.0,0.0,0.0,,0.0,0.0,0.0
2023-05-17,10.835,10.835,10.835,10.835,0,0.0,0.0,0.0,0.0,0.0,,0.0,0.0,0.0
2023-05-18,10.835,10.835,10.835,10.835,0,0.0,0.0,0.0,0.0,0.0,,0.0,0.0,0.0
2023-05-19,10.835,10.835,10.835,10.835,0,0.0,0.0,0.0,0.0,0.0,,0.0,0.0,0.0
2023-05-22,10.835,10.835,10.835,10.835,0,0.0,0.0,0.0,0.0,0.0,,0.0,0.0,0.0
2023-05-23,10.835,10.835,10.835,10.835,0,0.0,0.0,0.0,0.0,0.0,,0.0,0.0,0.0
2023-05-24,10.835,10.835,10.835,10.835,0,0.0,0.0,0.0,0.0,0.0,,0.0,0.0,0.0
2023-05-25,10.835,10.835,10.835,10.835,0,0.0,0.0,0.0,0.0,0.0,,0.0,0.0,0.0
2023-05-26,10.835,10.835,10.835,10.835,0,0.0,0.0,0.0,0.0,0.0,,0.0,0.0,0.0
2023-05-29,10.835,10.835,10.835,10.835,0,0.0,0.0,0.0,0.0,0.0,,0.0,0.0,0.0
2023-05-30,10.835,10.835,10.835,10.835,0,0.0,0.0,0.0,0.0,0.0,,0.0,0.0,0.0
2023-05-31,10.835,10.835,10.835,10.835,0,0.0,0.0,0.0,0.0,0.0,,0.0,0.0,0.0
2023-06-01,10.835,10.835,10.835,10.835,0,0.0,0.0,0.0,0.0,0.0,,0.0,0.0,0.0
2023-06-02,10.835,10.835,10.835,10.835,0,0.0,0.0,0.0,0.0,0.0,,0.0,0.0,0.0
2023-06-05,10.835,10.835,10.835,10.835,0,0.0,0.0,0.0,0.0,0.0,,0.0,0.0,0.0
2023-06-06,10.835,10.835,10.835,10.835,0,0.0,0.0,0.0,0.0,0.0,,0.0,0.0,0.0
2023-06-07,10.835,10.835,10.835,10.835,0,0.0,0.0,0.0,0.0,0.0,,0.0,0.0,0.0
2023-06-08,10.835,10.835,10.835,10.835,0,0.0,0.0,0.0,0.0,0.0,,0.0,0.0,0.0
2023-06-09,10.835,10.835,10.835,10.835,0,0.0,0.0,0.0,0.0,0.0,,0.0,0.0,0.0
2023-06-12,10.835,10.835,10.835,10.835,0,0.0,0.0,0.0,0.0,0.0,,0.0,0.0,0.0
2023-06-13,10.835,10.835,10.835,10.835,0,0.0,0.0,0.0,0.0,0.0,,0.0,0.0,0.0
2023-06-14,10.835,10.835,10.835,10.835,0,0.0,0.0,0.0,0.0,0.0,,0.0,0.0,0.0
2023-06-15,10.835,10.835,10.835,10.835,0,0.0,0.0,0.0,0.0,0.0,,0.0,0.0,0.0
2023-06-16,10.835,10.835,10.835,10.835,0,0.0,0.0,0.0,0.0,0.0,,0.0,0.0,0.0
2023-06-19,10.835,10.835,10.835,10.835,0,0.0,0.0,0.0,0.0,0.0,,0.0,0.0,0.0
2023-06-20,10.835,10.835,10.835,10.835,0,0.0,0.0,0.0,0.0,0.0,,0.0,0.0,0.0
2023-06-21,10.835,10.835,10.835,10.835,0,0.0,0.0,0.0,0.0,0.0,,0.0,0.0,0.0
2023-06-22,10.835,10.835,10.835,10.835,0,0.0,0.0,0.0,0.0,0.0,,0.0,0.0,0.0
2023-06-23,10.835,10.835,10.835,10.835,0,0.0,0.0,0.0,0.0,0.0,,0.0,0.0,0.0
2023-06-26,10.835,10.835,10.835,10.835,0,0.0,0.0,0.0,0.0,0.0,,0.0,0.0,0.0
2023-06-27,10.835,10.835,10.835,10.835,0,0.0,0.0,0.0,0.0,0.0,,0.0,0.0,0.0
2023-06-28,10.835,10.835,10.835,10.835,0,0.0,0.0,0.0,0.0,0.0,,0.0,0.0,0.0
2023-06-29,10.835,10.835,10.835,10.835,0,0.0,0.0,0.0,0.0,0.0,,0.0,0.0,0.0
2023-06-30,10.835,10.835,10.835,10.835,0,0.0,0.0,0.0,0.0,0.0,,0.0,0.0,0.0
2023-07-03,10.835,10.835,10.835,10.835,0,0.0,0.0,0.0,0.0,0.0,,0.0,0.0,0.0
2023-07-04,10.835,10.835,10.835,10.835,0,0.0,0.0,0.0,0.0,0.0,,0.0,0.0,0.0
2023-07-05,10.835,10.835,10.835,10.835,0,0.0,0.0,0.0,0.0,0.0,,0.0,0.0,0.0
2023-07-06,10.835,10.835,10.835,10.835,0,0.0,0.0,0.0,0.0,0.0,,0.0,0.0,0.0
2023-07-07,10.835,10.835,10.835,10.835,0,0.0,0.0,0.0,0.0,0.0,,0.0,0.0,0.0
2023-07-10,10.835,10.835,10.835,10.835,0,0.0,0.0,0.0,0.0,0.0,,0.0,0.0,0.0
2023-07-11,10.835,10.835,10.835,10.835,0,0.0,0.0,0.0,0.0,0.0,,0.0,0.0,0.0
2023-07-12,10.835,10.835,10.835,10.835,0,0.0,0.0,0.0,0.0,0.0,,0.0,0.0,0.0
2023-07-13,10.835,10.835,10.835,10.835,0,0.0,0.0,0.0,0.0,0.0,,0.0,0.0,0.0
2023-07-14,10.835,10.835,10.835,10.835,0,0.0,0.0,0.0,0.0,0.0,,0.0,0.0,0.0
2023-07-17,10.835,10.835,10.835,10.835,0,0.0,0.0,0.0,0.0,0.0,,0.0,0.0,0.0
2023-07-18,10.835,10.835,10.835,10.835,0,0.0,0.0,0.0,0.0,0.0,,0.0,0.0,0.0
2023-07-19,10.835,10.835,10.835,10.835,0,0.0,0.0,0.0,0.0,0.0,,0.0,0.0,0.0
2023-07-20,10.835,10.835,10.835,10.835,0,0.0,0.0,0.0,0.0,0.0,,0.0,0.0,0.0
2023-07-21,10.835,10.835,10.835,10.835,0,0.0,0.0,0.0,0.0,0.0,,0.0,0.0,0.0
2023-07-24,10.835,10.835,10.835,10.835,0,0.0,0.0,0.0,0.0,0.0,,0.0,0.0,0.0
2023-07-25,10.835,10.835,10.835,10.835,0,0.0,0.0,0.0,0.0,0.0,,0.0,0.0,0.0
2023-07-26,10.835,10.835,10.835,10.835,0,0.0,0.0,0.0,0.0,0.0,,0.0,0.0,0.0
2023-07-27,10.835,10.835,10.835,10.835,0,0.0,0.0,0.0,0.0,0.0,,0.0,0.0,0.0
2023-07-28,10.835,10.835,10.835,10.835,0,0.0,0.0,0.0,0.0,0.0,,0.0,0.0,0.0
2023-07-31,10.835,10.835,10.835,10.835,0,0.0,0.0,0.0,0.0,0.0,,0.0,0.0,0.0
2023-08-01,10.835,10.835,10.835,10.835,0,0.0,0.0,0.0,0.0,0.0,,0.0,0.0,0.0
2023-08-02,10.835,10.835,10.835,10.835,0,0.0,0.0,0.0,0.0,0.0,,0.0,0.0,0.0
2023-08-03,10.835,10.835,10.835,10.835,0,0.0,0.0,0.0,0.0,0.0,,0.0,0.0,0.0
2023-08-04,10.835,10.835,10.835,10.835,0,0.0,0.0,0.0,0.0,0.0,,0.0,0.0,0.0
2023-08-07,10.835,10.835,10.835,10.835,0,0.0,0.0,0.0,0.0,0.0,,0.0,0.0,0.0
2023-08-08,10.835,10.835,10.835,10.835,0,0.0,0.0,0.0,0.0,0.0,,0.0,0.0,0.0
2023-08-09,10.835,10.835,10.835,10.835,0,0.0,0.0,0.0,0.0,0.0,,0.0,0.0,0.0
2023-08-10,10.835,10.835,10.835,10.835,0,0.0,0.0,0.0,0.0,0.0,,0.0,0.0,0.0
2023-08-11,10.835,10.835,10.835,10.835,0,0.0,0.0,0.0,0.0,0.0,,0.0,0.0,0.0
2023-08-14,10.835,10.835,10.835,10.835,0,0.0,0.0,0.0,0.0,0.0,,0.0,0.0,0.0
2023-08-15,10.835,10.835,10.835,10.835,0,0.0,0.0,0.0,0.0,0.0,,0.0,0.0,0.0
2023-08-16,10.835,10.835,10.835,10.835,0,0.0,0.0,0.0,0.0,0.0,,0.0,0.0,0.0
2023-08-17,10.835,10.835,10.835,10.835,0,0.0,0.0,0.0,0.0,0.0,,0.0,0.0,0.0
2023-08-18,10.835,10.835,10.835,10.835,0,0.0,0.0,0.0,0.0,0.0,,0.0,0.0,0.0
2023-08-21,10.835,10.835,10.835,10.835,0,0.0,0.0,0.0,0.0,0.0,,0.0,0.0,0.0
2023-08-22,10.835,10.835,10.835,10.835,0,0.0,0.0,0.0,0.0,0.0,,0.0,0.0,0.0
2023-08-23,10.835,10.835,10.835,10.835,0,0.0,0.0,0.0,0.0,0.0,,0.0,0.0,0.0
2023-08-24,10.835,10.835,10.835,10.835,0,0.0,0.0,0.0,0.0,0.0,,0.0,0.0,0.0
2023-08-25,10.835,10.835,10.835,10.835,0,0.0,0.0,0.0,0.0,0.0,,0.0,0.0,0.0
2023-08-28,10.835,10.835,10.835,10.835,0,0.0,0.0,0.0,0.0,0.0,,0.0,0.0,0.0
2023-08-29,10.835,10.835,10.835,10.835,0,0.0,0.0,0.0,0.0,0.0,,0.0,0.0,0.0
2023-08-30,10.835,10.835,10.835,10.835,0,0.0,0.0,0.0,0.0,0.0,,0.0,0.0,0.0
2023-08-31,10.835,10.835,10.835,10.835,0,0.0,0.0,0.0,0.0,0.0,,0.0,0.0,0.0
2023-09-05,10.835,10.835,10.835,10.835,0,0.0,0.0,0.0,0.0,0.0,,0.0,0.0,0.0
2023-09-06,10.835,10.835,10.835,10.835,0,0.0,0.0,0.0,0.0,0.0,,0.0,0.0,0.0
2023-09-07,10.835,10.835,10.835,10.835,0,0.0,0.0,0.0,0.0,0.0,,0.0,0.0,0.0
2023-09-08,10.835,10.835,10.835,10.835,0,0.0,0.0,0.0,0.0,0.0,,0.0,0.0,0.0
2023-09-11,10.835,10.835,10.835,10.835,0,0.0,0.0,0.0,0.0,0.0,,0.0,0.0,0.0
2023-09-12,10.835,10.835,10.835,10.835,0,0.0,0.0,0.0,0.0,0.0,,0.0,0.0,0.0
2023-09-13,10.835,10.835,10.835,10.835,0,0.0,0.0,0.0,0.0,0.0,,0.0,0.0,0.0
2023-09-14,10.835,10.835,10.835,10.835,0,0.0,0.0,0.0,0.0,0.0,,0.0,0.0,0.0
2023-09-15,10.835,10.835,10.835,10.835,0,0.0,0.0,0.0,0.0,0.0,,0.0,0.0,0.0
2023-09-18,10.835,10.835,10.835,10.835,0,0.0,0.0,0.0,0.0,0.0,,0.0,0.0,0.0
2023-09-19,10.835,10.835,10.835,10.835,0,0.0,0.0,0.0,0.0,0.0,,0.0,0.0,0.0
2023-09-20,10.835,10.835,10.835,10.835,0,0.0,0.0,0.0,0.0,0.0,,0.0,0.0,0.0
2023-09-21,10.835,10.835,10.835,10.835,0,0.0,0.0,0.0,0.0,0.0,,0.0,0.0,0.0
2023-09-22,10.835,10.835,10.835,10.835,0,0.0,0.0,0.0,0.0,0.0,,0.0,0.0,0.0
2023-09-25,10.835,10.835,10.835,10.835,0,0.0,0.0,0.0,0.0,0.0,,0.0,0.0,0.0
2023-09-26,10.835,10.835,10.835,10.835,0,0.0,0.0,0.0,0.0,0.0,,0.0,0.0,0.0
2023-09-27,10.835,10.835,10.835,10.835,0,0.0,0.0,0.0,0.0,0.0,,0.0,0.0,0.0
2023-09-28,10.835,10.835,10.835,10.835,0,0.0,0.0,0.0,0.0,0.0,,0.0,0.0,0.0
2023-09-29,10.835,10.835,10.835,10.835,0,0.0,0.0,0.0,0.0,0.0,,0.0,0.0,0.0
2023-10-02,10.835,10.835,10.835,10.835,0,0.0,0.0,0.0,0.0,0.0,,0.0,0.0,0.0
2023-10-03,10.835,10.835,10.835,10.835,0,0.0,0.0,0.0,0.0,0.0,,0.0,0.0,0.0
2023-10-04,10.835,10.835,10.835,10.835,0,0.0,0.0,0.0,0.0,0.0,,0.0,0.0,0.0
2023-10-05,10.835,10.835,10.835,10.835,0,0.0,0.0,0.0,0.0,0.0,,0.0,0.0,0.0
2023-10-06,10.835,10.835,10.835,10.835,0,0.0,0.0,0.0,0.0,0.0,,0.0,0.0,0.0
2023-10-09,10.835,10.835,10.835,10.835,0,0.0,0.0,0.0,0.0,0.0,,0.0,0.0,0.0
2023-10-10,10.835,10.835,10.835,10.835,0,0.0,0.0,0.0,0.0,0.0,,0.0,0.0,0.0
2023-10-11,10.835,10.835,10.835,10.835,0,0.0,0.0,0.0,0.0,0.0,,0.0,0.0,0.0
2023-10-12,10.835,10.835,10.835,10.835,0,0.0,0.0,0.0,0.0,0.0,,0.0,0.0,0.0
2023-10-13,10.835,10.835,10.835,10.835,0,0.0,0.0,0.0,0.0,0.0,,0.0,0.0,0.0
2023-10-16,10.835,10.835,10.835,10.835,0,0.0,0.0,0.0,0.0,0.0,,0.0,0.0,0.0
2023-10-17,10.835,10.835,10.835,10.835,0,0.0,0.0,0.0,0.0,0.0,,0.0,0.0,0.0
2023-10-18,10.835,10.835,10.835,10.835,0,0.0,0.0,0.0,0.0,0.0,,0.0,0.0,0.0
2023-10-19,10.835,10.835,10.835,10.835,0,0.0,0.0,0.0,0.0,0.0,,0.0,0.0,0.0
2023-10-20,10.835,10.835,10.835,10.835,0,0.0,0.0,0.0,0.0,0.0,,0.0,0.0,0.0
2023-10-23,10.835,10.835,10.835,10.835,0,0.0,0.0,0.0,0.0,0.0,,0.0,0.0,0.0
2023-10-24,10.835,10.835,10.835,10.835,0,0.0,0.0,0.0,0.0,0.0,,0.0,0.0,0.0
2023-10-25,10.835,10.835,10.835,10.835,0,0.0,0.0,0.0,0.0,0.0,,0.0,0.0,0.0
2023-10-26,10.835,10.835,10.835,10.835,0,0.0,0.0,0.0,0.0,0.0,,0.0,0.0,0.0
2023-10-27,10.835,10.835,10.835,10.835,0,0.0,0.0,0.0,0.0,0.0,,0.0,0.0,0.0
2023-10-30,10.835,10.835,10.835,10.835,0,0.0,0.0,0.0,0.0,0.0,,0.0,0.0,0.0
2023-10-31,10.835,10.835,10.835,10.835,0,0.0,0.0,0.0,0.0,0.0,,0.0,0.0,0.0
2023-11-01,10.835,10.835,10.835,10.835,0,0.0,0.0,0.0,0.0,0.0,,0.0,0.0,0.0
2023-11-02,10.835,10.835,10.835,10.835,0,0.0,0.0,0.0,0.0,0.0,,0.0,0.0,0.0
2023-11-03,10.835,10.835,10.835,10.835,0,0.0,0.0,0.0,0.0,0.0,,0.0,0.0,0.0
2023-11-06,10.835,10.835,10.835,10.835,0,0.0,0.0,0.0,0.0,0.0,,0.0,0.0,0.0
2023-11-07,10.835,10.835,10.835,10.835,0,0.0,0.0,0.0,0.0,0.0,,0.0,0.0,0.0
2023-11-08,10.835,10.835,10.835,10.835,0,0.0,0.0,0.0,0.0,0.0,,0.0,0.0,0.0
2023-11-09,10.835,10.835,10.835,10.835,0,0.0,0.0,0.0,0.0,0.0,,0.0,0.0,0.0
2023-11-10,10.835,10.835,10.835,10.835,0,0.0,0.0,0.0,0.0,0.0,,0.0,0.0,0.0
2023-11-13,10.835,10.835,10.835,10.835,0,0.0,0.0,0.0,0.0,0.0,,0.0,0.0,0.0
2023-11-14,10.835,10.835,10.835,10.835,0,0.0,0.0,0.0,0.0,0.0,,0.0,0.0,0.0
2023-11-15,10.835,10.835,10.835,10.835,0,0.0,0.0,0.0,0.0,0.0,,0.0,0.0,0.0
2023-11-16,10.835,10.835,10.835,10.835,0,0.0,0.0,0.0,0.0,0.0,,0.0,0.0,0.0
2023-11-17,10.835,10.835,10.835,10.835,0,0.0,0.0,0.0,0.0,0.0,,0.0,0.0,0.0
2023-11-20,10.835,10.835,10.835,10.835,0,0.0,0.0,0.0,0.0,0.0,,0.0,0.0,0.0
2023-11-21,10.835,10.835,10.835,10.835,0,0.0,0.0,0.0,0.0,0.0,,0.0,0.0,0.0
2023-11-22,10.835,10.835,10.835,10.835,0,0.0,0.0,0.0,0.0,0.0,,0.0,0.0,0.0
2023-11-23,10.835,10.835,10.835,10.835,0,0.0,0.0,0.0,0.0,0.0,,0.0,0.0,0.0
2023-11-24,10.835,10.835,10.835,10.835,0,0.0,0.0,0.0,0.0,0.0,,0.0,0.0,0.0
2023-11-27,10.835,10.835,10.835,10.835,0,0.0,0.0,0.0,0.0,0.0,,0.0,0.0,0.0
2023-11-28,10.835,10.835,10.835,10.835,0,0.0,0.0,0.0,0.0,0.0,,0.0,0.0,0.0
2023-11-29,10.835,10.835,10.835,10.835,0,0.0,0.0,0.0,0.0,0.0,,0.0,0.0,0.0
2023-11-30,10.835,10.835,10.835,10.835,0,0.0,0.0,0.0,0.0,0.0,,0.0,0.0,0.0
2023-12-01,10.835,10.835,10.835,10.835,0,0.0,0.0,0.0,0.0,0.0,,0.0,0.0,0.0
2023-12-04,10.835,10.835,10.835,10.835,0,0.0,0.0,0.0,0.0,0.0,,0.0,0.0,0.0
2023-12-05,10.835,10.835,10.835,10.835,0,0.0,0.0,0.0,0.0,0.0,,0.0,0.0,0.0
2023-12-06,10.835,10.835,10.835,10.835,0,0.0,0.0,0.0,0.0,0.0,,0.0,0.0,0.0
2023-12-07,10.835,10.835,10.835,10.835,0,0.0,0.0,0.0,0.0,0.0,,0.0,0.0,0.0
2023-12-08,10.835,10.835,10.835,10.835,0,0.0,0.0,0.0,0.0,0.0,,0.0,0.0,0.0
2023-12-11,10.835,10.835,10.835,10.835,0,0.0,0.0,0.0,0.0,0.0,,0.0,0.0,0.0
2023-12-12,10.835,10.835,10.835,10.835,0,0.0,0.0,0.0,0.0,0.0,,0.0,0.0,0.0
2023-12-13,10.835,10.835,10.835,10.835,0,0.0,0.0,0.0,0.0,0.0,,0.0,0.0,0.0
2023-12-14,10.835,10.835,10.835,10.835,0,0.0,0.0,0.0,0.0,0.0,,0.0,0.0,0.0
2023-12-15,10.835,10.835,10.835,10.835,0,0.0,0.0,0.0,0.0,0.0,,0.0,0.0,0.0
2023-12-18,10.835,10.835,10.835,10.835,0,0.0,0.0,0.0,0.0,0.0,,0.0,0.0,0.0
2023-12-19,10.835,10.835,10.835,10.835,0,0.0,0.0,0.0,0.0,0.0,,0.0,0.0,0.0
2023-12-20,10.835,10.835,10.835,10.835,0,0.0,0.0,0.0,0.0,0.0,,0.0,0.0,0.0
2023-12-21,10.835,10.835,10.835,10.835,0,0.0,0.0,0.0,0.0,0.0,,0.0,0.0,0.0
2023-12-22,10.835,10.835,10.835,10.835,0,0.0,0.0,0.0,0.0,0.0,,0.0,0.0,0.0
2023-12-25,10.835,10.835,10.835,10.835,0,0.0,0.0,0.0,0.0,0.0,,0.0,0.0,0.0
2023-12-26,10.835,10.835,10.835,10.835,0,0.0,0.0,0.0,0.0,0.0,,0.0,0.0,0.0
2023-12-27,10.835,10.835,10.835,10.835,0,0.0,0.0,0.0,0.0,0.0,,0.0,0.0,0.0
2023-12-28,10.835,10.835,10.835,10.835,0,0.0,0.0,0.0,0.0,0.0,,0.0,0.0,0.0
2023-12-29,10.835,10.835,10.835,10.835,0,0.0,0.0,0.0,0.0,0.0,,0.0,0.0,0.0
2024-01-02,10.835,10.835,10.835,10.835,0,0.0,0.0,0.0,0.0,0.0,,0.0,0.0,0.0
2024-01-03,10.835,10.835,10.835,10.835,0,0.0,0.0,0.0,0.0,0.0,,0.0,0.0,0.0
2024-01-04,10.835,10.835,10.835,10.835,0,0.0,0.0,0.0,0.0,0.0,,0.0,0.0,0.0
2024-01-05,6.647,6.647,6.647,6.647,100,664.7,0.0,0.0,0.0,0.0,,0.0,0.0,0.0
2024-01-08,5.827,5.827,5.827,5.827,100,582.7,0.0,0.0,0.0,0.0,,0.0,0.0,0.0
2024-01-09,5.099,5.099,5.099,5.099,100,509.9,0.0,0.0,0.0,0.0,,0.0,0.0,0.0
2024-01-10,5.099,5.099,5.099,5.099,0,0.0,0.0,0.0,0.0,0.0,,0.0,0.0,0.0
2024-01-11,5.099,5.099,5.099,5.099,0,0.0,0.0,0.0,0.0,0.0,,0.0,0.0,0.0
2024-01-12,5.099,5.099,5.099,5.099,0,0.0,0.0,0.0,0.0,0.0,,0.0,0.0,0.0
2024-01-15,5.099,5.099,5.099,5.099,0,0.0,0.0,0.0,0.0,0.0,,0.0,0.0,0.0
2024-01-16,5.099,5.099,5.099,5.099,0,0.0,0.0,0.0,0.0,0.0,,0.0,0.0,0.0
2024-01-17,5.099,5.099,5.099,5.099,0,0.0,0.0,0.0,0.0,0.0,,0.0,0.0,0.0
2024-01-18,5.099,5.099,5.099,5.099,0,0.0,0.0,0.0,0.0,0.0,,0.0,0.0,0.0
2024-01-19,5.099,5.099,5.099,5.099,0,0.0,0.0,0.0,0.0,0.0,,0.0,0.0,0.0
2024-01-22,5.099,5.099,5.099,5.099,0,0.0,0.0,0.0,0.0,0.0,,0.0,0.0,0.0
2024-01-23,5.099,5.099,5.099,5.099,0,0.0,0.0,0.0,0.0,0.0,,0.0,0.0,0.0
2024-01-24,5.099,5.099,5.099,5.099,0,0.0,0.0,0.0,0.0,0.0,,0.0,0.0,0.0
2024-01-25,5.099,5.099,5.099,5.099,0,0.0,0.0,0.0,0.0,0.0,,0.0,0.0,0.0
2024-01-26,5.099,5.099,5.099,5.099,0,0.0,0.0,0.0,0.0,0.0,,0.0,0.0,0.0
2024-01-29,5.099,5.099,5.099,5.099,0,0.0,0.0,0.0,0.0,0.0,,0.0,0.0,0.0
2024-01-30,5.099,5.099,5.099,5.099,0,0.0,0.0,0.0,0.0,0.0,,0.0,0.0,0.0
2024-01-31,5.099,5.099,5.099,5.099,0,0.0,0.0,0.0,0.0,0.0,,0.0,0.0,0.0
2024-02-01,5.099,5.099,5.099,5.099,0,0.0,0.0,0.0,0.0,0.0,,0.0,0.0,0.0
2024-02-02,5.099,5.099,5.099,5.099,0,0.0,0.0,0.0,0.0,0.0,,0.0,0.0,0.0
2024-02-05,5.099,5.099,5.099,5.099,0,0.0,0.0,0.0,0.0,0.0,,0.0,0.0,0.0
2024-02-06,5.099,5.099,5.099,5.099,0,0.0,0.0,0.0,0.0,0.0,,0.0,0.0,0.0
2024-02-07,5.099,5.099,5.099,5.099,0,0.0,0.0,0.0,0.0,0.0,,0.0,0.0,0.0
2024-02-15,5.099,5.099,5.099,5.099,0,0.0,0.0,0.0,0.0,0.0,,0.0,0.0,0.0
2024-02-16,5.099,5.099,5.099,5.099,0,0.0,0.0,0.0,0.0,0.0,,0.0,0.0,0.0
2024-02-19,5.099,5.099,5.099,5.099,0,0.0,0.0,0.0,0.0,0.0,,0.0,0.0,0.0
2024-02-20,5.099,5.099,5.099,5.099,0,0.0,0.0,0.0,0.0,0.0,,0.0,0.0,0.0
2024-02-21,5.827,5.827,5.827,5.827,5000,29135.0,0.0,0.0,0.0,0.0,,0.0,0.0,0.0
2024-02-22,5.827,5.827,5.827,5.827,0,0.0,0.0,0.0,0.0,0.0,,0.0,0.0,0.0
2024-02-23,5.827,5.827,5.827,5.827,0,0.0,0.0,0.0,0.0,0.0,,0.0,0.0,0.0
2024-02-26,5.827,5.827,5.827,5.827,0,0.0,0.0,0.0,0.0,0.0,,0.0,0.0,0.0
2024-02-27,6.647,6.647,6.647,6.647,100,664.7,0.0,0.0,0.0,0.0,,0.0,0.0,0.0
2024-02-28,7.557,7.557,7.557,7.557,100,755.7,0.0,0.0,0.0,0.0,,0.0,0.0,0.0
2024-02-29,8.65,8.65,8.65,8.65,600,5190.0,0.0,0.0,0.0,0.0,,0.0,0.0,0.0
2024-03-01,9.925,9.925,9.925,9.925,600,5955.0,0.0,0.0,0.0,0.0,,0.0,0.0,0.0
2024-03-04,11.382,11.382,11.382,11.382,300,3414.6,0.0,0.0,0.0,0.0,,0.0,0.0,0.0
2024-03-05,13.021,13.021,13.021,13.021,2700,35156.700000000004,0.0,0.0,0.0,0.0,,0.0,0.0,0.0
2024-03-06,14.933,14.933,14.933,14.933,1800,26879.4,0.0,0.0,0.0,0.0,,0.0,0.0,0.0
2024-03-07,17.118,17.118,17.118,17.118,200,3423.6,0.0,0.0,0.0,0.0,,0.0,0.0,0.0
2024-03-08,17.118,18.211,16.39,16.936,3800,64356.8,0.0,0.0,0.0,0.0,,0.0,0.0,0.0
2024-03-11,16.936,16.936,16.936,16.936,0,0.0,0.0,0.0,0.0,0.0,,0.0,0.0,0.0
2024-03-12,16.299,16.936,16.299,16.936,3400,57582.4,0.0,0.0,0.0,0.0,,0.0,0.0,0.0
2024-03-13,16.845,16.845,16.845,16.845,0,0.0,0.0,0.0,0.0,0.0,,0.0,0.0,0.0
2024-03-14,16.845,16.845,16.845,16.845,0,0.0,0.0,0.0,0.0,0.0,,0.0,0.0,0.0
2024-03-15,16.936,16.936,16.936,16.936,12000,203232.0,0.0,0.0,0.0,0.0,,0.0,0.0,0.0
2024-03-18,16.936,16.936,16.936,16.936,0,0.0,0.0,0.0,0.0,0.0,,0.0,0.0,0.0
2024-03-19,17.027,17.027,17.027,17.027,2100,35756.700000000004,0.0,0.0,0.0,0.0,,0.0,0.0,0.0
2024-03-20,17.027,17.027,17.027,17.027,0,0.0,0.0,0.0,0.0,0.0,,0.0,0.0,0.0
2024-03-21,17.027,17.027,17.027,17.027,0,0.0,0.0,0.0,0.0,0.0,,0.0,0.0,0.0
2024-03-22,17.027,17.027,17.027,17.027,0,0.0,0.0,0.0,0.0,0.0,,0.0,0.0,0.0
2024-03-25,17.027,17.027,17.027,17.027,0,0.0,0.0,0.0,0.0,0.0,,0.0,0.0,0.0
2024-03-26,17.027,17.027,17.027,17.027,0,0.0,0.0,0.0,0.0,0.0,,0.0,0.0,0.0
2024-03-27,17.027,17.027,17.027,17.027,0,0.0,0.0,0.0,0.0,0.0,,0.0,0.0,0.0
2024-03-28,17.797,17.797,17.797,17.797,2000,35594.0,0.0,0.0,0.0,0.0,,0.0,0.0,0.0
2024-03-29,17.797,17.797,17.797,17.797,0,0.0,0.0,0.0,0.0,0.0,,0.0,0.0,0.0
2024-04-01,17.797,17.797,17.797,17.797,0,0.0,0.0,0.0,0.0,0.0,,0.0,0.0,0.0
2024-04-02,17.797,17.797,17.797,17.797,0,0.0,0.0,0.0,0.0,0.0,,0.0,0.0,0.0
2024-04-03,17.797,17.797,17.797,17.797,0,0.0,0.0,0.0,0.0,0.0,,0.0,0.0,0.0
2024-04-04,17.797,17.797,17.797,17.797,3400,60509.8,0.0,0.0,0.0,0.0,,0.0,0.0,0.0
2024-04-05,17.797,17.797,17.797,17.797,0,0.0,0.0,0.0,0.0,0.0,,0.0,0.0,0.0
2024-04-08,17.797,17.797,17.797,17.797,0,0.0,0.0,0.0,0.0,0.0,,0.0,0.0,0.0
2024-04-09,17.797,17.797,17.797,17.797,0,0.0,0.0,0.0,0.0,0.0,,0.0,0.0,0.0
2024-04-10,17.316,17.316,17.316,17.316,6000,103896.0,0.0,0.0,0.0,0.0,,0.0,0.0,0.0
2024-04-11,17.316,17.316,17.316,17.316,0,0.0,0.0,0.0,0.0,0.0,,0.0,0.0,0.0
2024-04-12,17.316,17.316,17.316,17.316,0,0.0,0.0,0.0,0.0,0.0,,0.0,0.0,0.0
2024-04-15,17.316,17.316,17.316,17.316,0,0.0,0.0,0.0,0.0,0.0,,0.0,0.0,0.0
2024-04-16,17.316,17.316,17.316,17.316,0,0.0,0.0,0.0,0.0,0.0,,0.0,0.0,0.0
2024-04-17,17.316,17.316,17.316,17.316,0,0.0,0.0,0.0,0.0,0.0,,0.0,0.0,0.0
2024-04-19,17.316,17.316,17.316,17.316,0,0.0,0.0,0.0,0.0,0.0,,0.0,0.0,0.0
2024-04-22,17.316,17.316,17.316,17.316,0,0.0,0.0,0.0,0.0,0.0,,0.0,0.0,0.0
2024-04-23,17.316,17.316,17.316,17.316,0,0.0,0.0,0.0,0.0,0.0,,0.0,0.0,0.0
2024-04-24,17.316,17.316,17.316,17.316,0,0.0,0.0,0.0,0.0,0.0,,0.0,0.0,0.0
2024-04-25,17.316,17.316,17.316,17.316,0,0.0,0.0,0.0,0.0,0.0,,0.0,0.0,0.0
2024-04-26,17.316,17.316,17.316,17.316,0,0.0,0.0,0.0,0.0,0.0,,0.0,0.0,0.0
2024-05-02,17.316,17.316,17.316,17.316,0,0.0,0.0,0.0,0.0,0.0,,0.0,0.0,0.0
2024-05-03,18.759,18.759,18.759,18.759,100,1875.9,0.0,0.0,0.0,0.0,,0.0,0.0,0.0
2024-05-06,18.759,18.759,18.759,18.759,0,0.0,0.0,0.0,0.0,0.0,,0.0,0.0,0.0
2024-05-07,18.759,18.759,18.759,18.759,0,0.0,0.0,0.0,0.0,0.0,,0.0,0.0,0.0
2024-05-08,18.759,18.759,18.759,18.759,0,0.0,0.0,0.0,0.0,0.0,,0.0,0.0,0.0
2024-05-09,18.759,18.759,18.759,18.759,0,0.0,0.0,0.0,0.0,0.0,,0.0,0.0,0.0
2024-05-10,15.969,15.969,15.969,15.969,100,1596.9,0.0,0.0,0.0,0.0,,0.0,0.0,0.0
2024-05-13,15.969,15.969,15.969,15.969,0,0.0,0.0,0.0,0.0,0.0,,0.0,0.0,0.0
2024-05-14,13.66,13.66,13.66,13.66,100,1366.0,0.0,0.0,0.0,0.0,,0.0,0.0,0.0
2024-05-15,11.736,15.681,11.736,15.681,11100,174059.09999999998,0.0,0.0,0.0,0.0,,0.0,0.0,0.0
2024-05-16,15.681,15.681,15.681,15.681,0,0.0,0.0,0.0,0.0,0.0,,0.0,0.0,0.0
2024-05-17,15.681,15.681,15.681,15.681,0,0.0,0.0,0.0,0.0,0.0,,0.0,0.0,0.0
2024-05-20,15.681,15.681,15.681,15.681,0,0.0,0.0,0.0,0.0,0.0,,0.0,0.0,0.0
2024-05-21,15.681,15.681,15.681,15.681,0,0.0,0.0,0.0,0.0,0.0,,0.0,0.0,0.0
2024-05-22,17.893,17.893,17.893,17.893,1400,25050.2,0.0,0.0,0.0,0.0,,0.0,0.0,0.0
2024-05-23,17.893,17.893,17.893,17.893,50,894.6500000000001,0.0,0.0,0.0,0.0,,0.0,0.0,0.0
2024-05-24,17.893,17.893,17.893,17.893,0,0.0,0.0,0.0,0.0,0.0,,0.0,0.0,0.0
2024-05-27,17.893,17.893,17.893,17.893,0,0.0,0.0,0.0,0.0,0.0,,0.0,0.0,0.0
2024-05-28,17.893,17.893,17.893,17.893,0,0.0,0.0,0.0,0.0,0.0,,0.0,0.0,0.0
2024-05-29,17.893,17.893,17.893,17.893,0,0.0,0.0,0.0,0.0,0.0,,0.0,0.0,0.0
2024-05-30,17.893,17.893,17.893,17.893,0,0.0,0.0,0.0,0.0,0.0,,0.0,0.0,0.0
2024-05-31,17.893,17.893,17.893,17.893,0,0.0,0.0,0.0,0.0,0.0,,0.0,0.0,0.0
2024-06-03,17.893,17.893,17.893,17.893,0,0.0,0.0,0.0,0.0,0.0,,0.0,0.0,0.0
2024-06-04,17.893,17.893,17.893,17.893,0,0.0,0.0,0.0,0.0,0.0,,0.0,0.0,0.0
2024-06-05,17.893,17.893,17.893,17.893,0,0.0,0.0,0.0,0.0,0.0,,0.0,0.0,0.0
2024-06-06,17.893,17.893,17.893,17.893,0,0.0,0.0,0.0,0.0,0.0,,0.0,0.0,0.0
2024-06-07,17.893,17.893,17.893,17.893,0,0.0,0.0,0.0,0.0,0.0,,0.0,0.0,0.0
2024-06-10,17.893,17.893,17.893,17.893,0,0.0,0.0,0.0,0.0,0.0,,0.0,0.0,0.0
2024-06-11,17.893,17.893,17.893,17.893,0,0.0,0.0,0.0,0.0,0.0,,0.0,0.0,0.0
2024-06-12,17.893,17.893,17.893,17.893,0,0.0,0.0,0.0,0.0,0.0,,0.0,0.0,0.0
2024-06-13,17.893,17.893,17.893,17.893,0,0.0,0.0,0.0,0.0,0.0,,0.0,0.0,0.0
2024-06-14,17.893,17.893,17.893,17.893,0,0.0,0.0,0.0,0.0,0.0,,0.0,0.0,0.0
2024-06-17,17.893,17.893,17.893,17.893,0,0.0,0.0,0.0,0.0,0.0,,0.0,0.0,0.0
2024-06-18,17.893,17.893,17.893,17.893,0,0.0,0.0,0.0,0.0,0.0,,0.0,0.0,0.0
2024-06-19,17.893,17.893,17.893,17.893,10,178.93,0.0,0.0,0.0,0.0,,0.0,0.0,0.0
2024-06-20,17.893,17.893,17.893,17.893,0,0.0,0.0,0.0,0.0,0.0,,0.0,0.0,0.0
2024-06-21,17.893,17.893,17.893,17.893,0,0.0,0.0,0.0,0.0,0.0,,0.0,0.0,0.0
2024-06-24,17.893,17.893,17.893,17.893,0,0.0,0.0,0.0,0.0,0.0,,0.0,0.0,0.0
2024-06-25,17.893,17.893,17.893,17.893,0,0.0,0.0,0.0,0.0,0.0,,0.0,0.0,0.0
2024-06-26,17.893,17.893,17.893,17.893,0,0.0,0.0,0.0,0.0,0.0,,0.0,0.0,0.0
2024-06-27,17.893,17.893,17.893,17.893,0,0.0,0.0,0.0,0.0,0.0,,0.0,0.0,0.0
2024-06-28,17.893,17.893,17.893,17.893,0,0.0,0.0,0.0,0.0,0.0,,0.0,0.0,0.0
2024-07-01,17.893,17.893,17.893,17.893,0,0.0,0.0,0.0,0.0,0.0,,0.0,0.0,0.0
2024-07-02,17.893,17.893,17.893,17.893,0,0.0,0.0,0.0,0.0,0.0,,0.0,0.0,0.0
2024-07-03,17.893,17.893,17.893,17.893,0,0.0,0.0,0.0,0.0,0.0,,0.0,0.0,0.0
2024-07-04,17.893,17.893,17.893,17.893,0,0.0,0.0,0.0,0.0,0.0,,0.0,0.0,0.0
2024-07-05,17.893,17.893,17.893,17.893,0,0.0,0.0,0.0,0.0,0.0,,0.0,0.0,0.0
2024-07-08,17.893,17.893,17.893,17.893,0,0.0,0.0,0.0,0.0,0.0,,0.0,0.0,0.0
2024-07-09,17.893,17.893,17.893,17.893,0,0.0,0.0,0.0,0.0,0.0,,0.0,0.0,0.0
2024-07-10,17.893,17.893,17.893,17.893,0,0.0,0.0,0.0,0.0,0.0,,0.0,0.0,0.0
2024-07-11,17.893,17.893,17.893,17.893,0,0.0,0.0,0.0,0.0,0.0,,0.0,0.0,0.0
2024-07-12,17.893,17.893,17.893,17.893,0,0.0,0.0,0.0,0.0,0.0,,0.0,0.0,0.0
2024-07-15,17.893,17.893,17.893,17.893,0,0.0,0.0,0.0,0.0,0.0,,0.0,0.0,0.0
2024-07-16,17.893,17.893,17.893,17.893,0,0.0,0.0,0.0,0.0,0.0,,0.0,0.0,0.0
2024-07-17,17.893,17.893,17.893,17.893,0,0.0,0.0,0.0,0.0,0.0,,0.0,0.0,0.0
2024-07-18,17.893,17.893,17.893,17.893,0,0.0,0.0,0.0,0.0,0.0,,0.0,0.0,0.0
2024-07-19,17.893,17.893,17.893,17.893,0,0.0,0.0,0.0,0.0,0.0,,0.0,0.0,0.0
2024-07-22,17.893,17.893,17.893,17.893,0,0.0,0.0,0.0,0.0,0.0,,0.0,0.0,0.0
2024-07-23,17.893,17.893,17.893,17.893,0,0.0,0.0,0.0,0.0,0.0,,0.0,0.0,0.0
2024-07-24,17.893,17.893,17.893,17.893,0,0.0,0.0,0.0,0.0,0.0,,0.0,0.0,0.0
2024-07-25,17.893,17.893,17.893,17.893,0,0.0,0.0,0.0,0.0,0.0,,0.0,0.0,0.0
2024-07-26,17.893,17.893,17.893,17.893,0,0.0,0.0,0.0,0.0,0.0,,0.0,0.0,0.0
2024-07-29,17.893,17.893,17.893,17.893,0,0.0,0.0,0.0,0.0,0.0,,0.0,0.0,0.0
2024-07-30,17.893,17.893,17.893,17.893,0,0.0,0.0,0.0,0.0,0.0,,0.0,0.0,0.0
2024-07-31,17.893,17.893,17.893,17.893,0,0.0,0.0,0.0,0.0,0.0,,0.0,0.0,0.0
2024-08-01,17.893,17.893,17.893,17.893,0,0.0,0.0,0.0,0.0,0.0,,0.0,0.0,0.0
2024-08-02,17.893,17.893,17.893,17.893,0,0.0,0.0,0.0,0.0,0.0,,0.0,0.0,0.0
2024-08-05,17.893,17.893,17.893,17.893,0,0.0,0.0,0.0,0.0,0.0,,0.0,0.0,0.0
2024-08-06,17.893,17.893,17.893,17.893,0,0.0,0.0,0.0,0.0,0.0,,0.0,0.0,0.0
2024-08-07,17.893,17.893,17.893,17.893,0,0.0,0.0,0.0,0.0,0.0,,0.0,0.0,0.0
2024-08-08,17.893,17.893,17.893,17.893,0,0.0,0.0,0.0,0.0,0.0,,0.0,0.0,0.0
2024-08-09,17.893,17.893,17.893,17.893,0,0.0,0.0,0.0,0.0,0.0,,0.0,0.0,0.0
2024-08-12,17.893,17.893,17.893,17.893,0,0.0,0.0,0.0,0.0,0.0,,0.0,0.0,0.0
2024-08-13,17.893,17.893,17.893,17.893,0,0.0,0.0,0.0,0.0,0.0,,0.0,0.0,0.0
2024-08-14,17.893,17.893,17.893,17.893,0,0.0,0.0,0.0,0.0,0.0,,0.0,0.0,0.0
2024-08-15,17.893,17.893,17.893,17.893,0,0.0,0.0,0.0,0.0,0.0,,0.0,0.0,0.0
2024-08-16,17.893,17.893,17.893,17.893,0,0.0,0.0,0.0,0.0,0.0,,0.0,0.0,0.0
2024-08-19,17.893,17.893,17.893,17.893,0,0.0,0.0,0.0,0.0,0.0,,0.0,0.0,0.0
2024-08-20,17.893,17.893,17.893,17.893,0,0.0,0.0,0.0,0.0,0.0,,0.0,0.0,0.0
2024-08-21,17.893,17.893,17.893,17.893,0,0.0,0.0,0.0,0.0,0.0,,0.0,0.0,0.0
2024-08-22,17.893,17.893,17.893,17.893,0,0.0,0.0,0.0,0.0,0.0,,0.0,0.0,0.0
2024-08-23,17.893,17.893,17.893,17.893,0,0.0,0.0,0.0,0.0,0.0,,0.0,0.0,0.0
2024-08-26,17.893,17.893,17.893,17.893,0,0.0,0.0,0.0,0.0,0.0,,0.0,0.0,0.0
2024-08-27,17.893,17.893,17.893,17.893,0,0.0,0.0,0.0,0.0,0.0,,0.0,0.0,0.0
2024-08-28,17.893,17.893,17.893,17.893,0,0.0,0.0,0.0,0.0,0.0,,0.0,0.0,0.0
2024-08-29,17.893,17.893,17.893,17.893,0,0.0,0.0,0.0,0.0,0.0,,0.0,0.0,0.0
2024-08-30,17.893,17.893,17.893,17.893,0,0.0,0.0,0.0,0.0,0.0,,0.0,0.0,0.0
2024-09-04,17.893,17.893,17.893,17.893,0,0.0,0.0,0.0,0.0,0.0,,0.0,0.0,0.0
2024-09-05,17.893,17.893,17.893,17.893,0,0.0,0.0,0.0,0.0,0.0,,0.0,0.0,0.0
2024-09-06,17.893,17.893,17.893,17.893,0,0.0,0.0,0.0,0.0,0.0,,0.0,0.0,0.0
2024-09-09,17.893,17.893,17.893,17.893,0,0.0,0.0,0.0,0.0,0.0,,0.0,0.0,0.0
2024-09-10,17.893,17.893,17.893,17.893,0,0.0,0.0,0.0,0.0,0.0,,0.0,0.0,0.0
2024-09-11,18.759,18.759,18.759,18.759,10000,187590.0,0.0,0.0,0.0,0.0,,0.0,0.0,0.0
2024-09-12,18.759,18.759,18.759,18.759,0,0.0,0.0,0.0,0.0,0.0,,0.0,0.0,0.0
2024-09-13,18.759,18.759,18.759,18.759,0,0.0,0.0,0.0,0.0,0.0,,0.0,0.0,0.0
2024-09-16,18.759,18.759,18.759,18.759,0,0.0,0.0,0.0,0.0,0.0,,0.0,0.0,0.0
2024-09-17,18.759,18.759,18.759,18.759,0,0.0,0.0,0.0,0.0,0.0,,0.0,0.0,0.0
2024-09-18,18.759,18.759,18.759,18.759,0,0.0,0.0,0.0,0.0,0.0,,0.0,0.0,0.0
2024-09-19,18.759,18.759,18.759,18.759,0,0.0,0.0,0.0,0.0,0.0,,0.0,0.0,0.0
2024-09-20,18.759,18.759,18.759,18.759,0,0.0,0.0,0.0,0.0,0.0,,0.0,0.0,0.0
2024-09-23,18.759,18.759,18.759,18.759,0,0.0,0.0,0.0,0.0,0.0,,0.0,0.0,0.0
2024-09-24,18.759,18.759,18.759,18.759,0,0.0,0.0,0.0,0.0,0.0,,0.0,0.0,0.0
2024-09-25,18.759,18.759,18.759,18.759,0,0.0,0.0,0.0,0.0,0.0,,0.0,0.0,0.0
2024-09-26,18.759,18.759,18.759,18.759,0,0.0,0.0,0.0,0.0,0.0,,0.0,0.0,0.0
2024-09-27,18.759,18.759,18.759,18.759,0,0.0,0.0,0.0,0.0,0.0,,0.0,0.0,0.0
2024-09-30,18.759,18.759,18.759,18.759,0,0.0,0.0,0.0,0.0,0.0,,0.0,0.0,0.0
2024-10-01,18.759,18.759,18.759,18.759,0,0.0,0.0,0.0,0.0,0.0,,0.0,0.0,0.0
2024-10-02,18.759,18.759,18.759,18.759,0,0.0,0.0,0.0,0.0,0.0,,0.0,0.0,0.0
2024-10-03,18.759,18.759,18.759,18.759,0,0.0,0.0,0.0,0.0,0.0,,0.0,0.0,0.0
2024-10-04,18.759,18.759,18.759,18.759,0,0.0,0.0,0.0,0.0,0.0,,0.0,0.0,0.0
2024-10-07,18.759,18.759,18.759,18.759,0,0.0,0.0,0.0,0.0,0.0,,0.0,0.0,0.0
2024-10-08,18.759,18.759,18.759,18.759,31600,592784.4,0.0,0.0,0.0,0.0,,0.0,0.0,0.0
2024-10-09,18.759,18.759,18.759,18.759,0,0.0,0.0,0.0,0.0,0.0,,0.0,0.0,0.0
2024-10-10,18.759,18.759,18.759,18.759,52800,990475.2,0.0,0.0,0.0,0.0,,0.0,0.0,0.0
2024-10-11,18.759,18.759,18.759,18.759,0,0.0,0.0,0.0,0.0,0.0,,0.0,0.0,0.0
2024-10-14,18.759,18.759,18.759,18.759,3200,60028.8,0.0,0.0,0.0,0.0,,0.0,0.0,0.0
2024-10-15,18.759,18.759,18.759,18.759,0,0.0,0.0,0.0,0.0,0.0,,0.0,0.0,0.0
2024-10-16,18.759,18.759,18.759,18.759,0,0.0,0.0,0.0,0.0,0.0,,0.0,0.0,0.0
2024-10-17,18.759,18.759,18.759,18.759,0,0.0,0.0,0.0,0.0,0.0,,0.0,0.0,0.0
2024-10-18,18.759,18.759,18.759,18.759,0,0.0,0.0,0.0,0.0,0.0,,0.0,0.0,0.0
2024-10-21,18.759,18.759,18.759,18.759,0,0.0,0.0,0.0,0.0,0.0,,0.0,0.0,0.0
2024-10-22,18.759,18.759,18.759,18.759,0,0.0,0.0,0.0,0.0,0.0,,0.0,0.0,0.0
2024-10-23,18.759,18.759,18.759,18.759,2000,37518.0,0.0,0.0,0.0,0.0,,0.0,0.0,0.0
2024-10-24,18.759,18.759,18.759,18.759,0,0.0,0.0,0.0,0.0,0.0,,0.0,0.0,0.0
2024-10-25,18.759,18.759,18.759,18.759,0,0.0,0.0,0.0,0.0,0.0,,0.0,0.0,0.0
2024-10-28,18.759,18.759,18.759,18.759,0,0.0,0.0,0.0,0.0,0.0,,0.0,0.0,0.0
2024-10-29,18.759,18.759,18.759,18.759,0,0.0,0.0,0.0,0.0,0.0,,0.0,0.0,0.0
2024-10-30,18.759,18.759,18.759,18.759,0,0.0,0.0,0.0,0.0,0.0,,0.0,0.0,0.0
2024-10-31,18.759,18.759,18.759,18.759,0,0.0,0.0,0.0,0.0,0.0,,0.0,0.0,0.0
2024-11-01,18.759,18.759,18.759,18.759,0,0.0,0.0,0.0,0.0,0.0,,0.0,0.0,0.0
2024-11-04,18.759,18.759,18.759,18.759,400,7503.6,0.0,0.0,0.0,0.0,,0.0,0.0,0.0
2024-11-05,18.759,18.759,18.759,18.759,0,0.0,0.0,0.0,0.0,0.0,,0.0,0.0,0.0
2024-11-06,18.759,18.759,18.759,18.759,0,0.0,0.0,0.0,0.0,0.0,,0.0,0.0,0.0
2024-11-07,18.759,18.759,18.759,18.759,0,0.0,0.0,0.0,0.0,0.0,,0.0,0.0,0.0
2024-11-08,18.759,18.759,18.759,18.759,0,0.0,0.0,0.0,0.0,0.0,,0.0,0.0,0.0
2024-11-11,18.759,18.759,18.759,18.759,0,0.0,0.0,0.0,0.0,0.0,,0.0,0.0,0.0
2024-11-12,18.759,18.759,18.759,18.759,450,8441.55,0.0,0.0,0.0,0.0,,0.0,0.0,0.0
2024-11-13,18.759,18.759,18.759,18.759,0,0.0,0.0,0.0,0.0,0.0,,0.0,0.0,0.0
2024-11-14,19.24,19.24,19.24,19.24,500,9620.0,0.0,0.0,0.0,0.0,,0.0,0.0,0.0
2024-11-15,19.24,19.24,19.24,19.24,0,0.0,0.0,0.0,0.0,0.0,,0.0,0.0,0.0
2024-11-18,19.24,19.24,19.24,19.24,0,0.0,0.0,0.0,0.0,0.0,,0.0,0.0,0.0
2024-11-19,19.24,19.24,19.24,19.24,0,0.0,0.0,0.0,0.0,0.0,,0.0,0.0,0.0
2024-11-20,19.24,19.24,19.24,19.24,0,0.0,0.0,0.0,0.0,0.0,,0.0,0.0,0.0
2024-11-21,19.24,19.24,19.24,19.24,0,0.0,0.0,0.0,0.0,0.0,,0.0,0.0,0.0
2024-11-22,19.24,19.24,19.24,19.24,0,0.0,0.0,0.0,0.0,0.0,,0.0,0.0,0.0
2024-11-25,19.24,19.24,19.24,19.24,0,0.0,0.0,0.0,0.0,0.0,,0.0,0.0,0.0
2024-11-26,19.24,19.24,19.24,19.24,1,19.24,0.0,0.0,0.0,0.0,,0.0,0.0,0.0
2024-11-27,19.24,19.24,19.24,19.24,0,0.0,0.0,0.0,0.0,0.0,,0.0,0.0,0.0
2024-11-28,19.24,19.24,19.24,19.24,0,0.0,0.0,0.0,0.0,0.0,,0.0,0.0,0.0
2024-11-29,19.24,19.24,19.24,19.24,0,0.0,0.0,0.0,0.0,0.0,,0.0,0.0,0.0
2024-12-02,19.24,19.24,19.24,19.24,0,0.0,0.0,0.0,0.0,0.0,,0.0,0.0,0.0
2024-12-03,19.24,19.24,19.24,19.24,0,0.0,0.0,0.0,0.0,0.0,,0.0,0.0,0.0
2024-12-04,22.126,22.126,22.126,22.126,12018,265910.26800000004,0.0,0.0,0.0,0.0,,0.0,0.0,0.0
2024-12-05,22.126,22.126,22.126,22.126,1000,22126.0,0.0,0.0,0.0,0.0,,0.0,0.0,0.0
2024-12-06,22.126,22.126,22.126,22.126,0,0.0,0.0,0.0,0.0,0.0,,0.0,0.0,0.0
2024-12-09,22.126,22.126,22.126,22.126,101,2234.726,0.0,0.0,0.0,0.0,,0.0,0.0,0.0
2024-12-10,22.126,23.088,22.126,23.088,13000,300144.0,0.0,0.0,0.0,0.0,,0.0,0.0,0.0
2024-12-11,23.088,23.088,23.088,23.088,6400,147763.2,0.0,0.0,0.0,0.0,,0.0,0.0,0.0
2024-12-12,23.088,23.088,23.088,23.088,0,0.0,0.0,0.0,0.0,0.0,,0.0,0.0,0.0
2024-12-13,23.088,23.088,23.088,23.088,0,0.0,0.0,0.0,0.0,0.0,,0.0,0.0,0.0
2024-12-16,23.088,23.088,23.088,23.088,0,0.0,0.0,0.0,0.0,0.0,,0.0,0.0,0.0
2024-12-17,23.088,23.088,23.088,23.088,50000,1154400.0,0.0,0.0,0.0,0.0,,0.0,0.0,0.0
2024-12-18,19.625,19.625,19.625,19.625,100,1962.5,0.0,0.0,0.0,0.0,,0.0,0.0,0.0
2024-12-19,19.625,19.625,19.625,19.625,0,0.0,0.0,0.0,0.0,0.0,,0.0,0.0,0.0
2024-12-20,19.625,19.625,19.625,19.625,0,0.0,0.0,0.0,0.0,0.0,,0.0,0.0,0.0
2024-12-23,22.511,22.511,22.511,22.511,4015,90381.665,0.0,0.0,0.0,0.0,,0.0,0.0,0.0
2024-12-24,22.511,22.511,22.511,22.511,0,0.0,0.0,0.0,0.0,0.0,,0.0,0.0,0.0
2024-12-25,22.511,22.511,22.511,22.511,0,0.0,0.0,0.0,0.0,0.0,,0.0,0.0,0.0
2024-12-26,22.511,22.511,22.511,22.511,0,0.0,0.0,0.0,0.0,0.0,,0.0,0.0,0.0
2024-12-27,22.511,22.511,22.511,22.511,0,0.0,0.0,0.0,0.0,0.0,,0.0,0.0,0.0
2024-12-30,22.511,22.511,22.511,22.511,0,0.0,0.0,0.0,0.0,0.0,,0.0,0.0,0.0
2024-12-31,22.511,22.511,22.511,22.511,0,0.0,0.0,0.0,0.0,0.0,,0.0,0.0,0.0
2025-01-02,22.511,22.511,22.511,22.511,0,0.0,0.0,0.0,0.0,0.0,,0.0,0.0,0.0
2025-01-03,22.511,22.511,22.511,22.511,0,0.0,0.0,0.0,0.0,0.0,,0.0,0.0,0.0
2025-01-06,22.511,22.511,22.511,22.511,0,0.0,0.0,0.0,0.0,0.0,,0.0,0.0,0.0
2025-01-07,22.511,22.511,22.511,22.511,0,0.0,0.0,0.0,0.0,0.0,,0.0,0.0,0.0
2025-01-08,22.511,22.511,22.511,22.511,0,0.0,0.0,0.0,0.0,0.0,,0.0,0.0,0.0
2025-01-09,22.511,22.511,22.511,22.511,0,0.0,0.0,0.0,0.0,0.0,,0.0,0.0,0.0
2025-01-10,22.511,22.511,22.511,22.511,0,0.0,0.0,0.0,0.0,0.0,,0.0,0.0,0.0
2025-01-13,22.511,22.511,22.511,22.511,0,0.0,0.0,0.0,0.0,0.0,,0.0,0.0,0.0
2025-01-14,22.511,22.511,22.511,22.511,0,0.0,0.0,0.0,0.0,0.0,,0.0,0.0,0.0
2025-01-15,22.511,22.511,22.511,22.511,0,0.0,0.0,0.0,0.0,0.0,,0.0,0.0,0.0
2025-01-16,22.511,22.511,22.511,22.511,0,0.0,0.0,0.0,0.0,0.0,,0.0,0.0,0.0
2025-01-17,22.511,22.511,22.511,22.511,0,0.0,0.0,0.0,0.0,0.0,,0.0,0.0,0.0
2025-01-20,22.511,22.511,22.511,22.511,0,0.0,0.0,0.0,0.0,0.0,,0.0,0.0,0.0
2025-01-21,22.511,22.511,22.511,22.511,0,0.0,0.0,0.0,0.0,0.0,,0.0,0.0,0.0
2025-01-22,22.511,22.511,22.511,22.511,0,0.0,0.0,0.0,0.0,0.0,,0.0,0.0,0.0
2025-01-23,22.511,22.511,22.511,22.511,0,0.0,0.0,0.0,0.0,0.0,,0.0,0.0,0.0
2025-01-24,22.511,22.511,22.511,22.511,0,0.0,0.0,0.0,0.0,0.0,,0.0,0.0,0.0
2025-02-03,22.511,22.511,22.511,22.511,0,0.0,0.0,0.0,0.0,0.0,,0.0,0.0,0.0
2025-02-04,22.511,22.511,22.511,22.511,0,0.0,0.0,0.0,0.0,0.0,,0.0,0.0,0.0
2025-02-05,22.511,22.511,22.511,22.511,0,0.0,0.0,0.0,0.0,0.0,,0.0,0.0,0.0
2025-02-06,22.511,22.511,22.511,22.511,0,0.0,0.0,0.0,0.0,0.0,,0.0,0.0,0.0
2025-02-07,22.511,22.511,22.511,22.511,0,0.0,0.0,0.0,0.0,0.0,,0.0,0.0,0.0
2025-02-10,13.564,13.564,13.564,13.564,100,1356.4,0.0,0.0,0.0,0.0,,0.0,0.0,0.0
2025-02-11,13.564,13.564,13.564,13.564,0,0.0,0.0,0.0,0.0,0.0,,0.0,0.0,0.0
2025-02-12,13.564,13.564,13.564,13.564,0,0.0,0.0,0.0,0.0,0.0,,0.0,0.0,0.0
2025-02-13,11.544,11.544,11.544,11.544,100,1154.4,0.0,0.0,0.0,0.0,,0.0,0.0,0.0
2025-02-14,11.544,11.544,11.544,11.544,0,0.0,0.0,0.0,0.0,0.0,,0.0,0.0,0.0
2025-02-17,11.544,11.544,11.544,11.544,0,0.0,0.0,0.0,0.0,0.0,,0.0,0.0,0.0
2025-02-18,11.544,11.544,11.544,11.544,0,0.0,0.0,0.0,0.0,0.0,,0.0,0.0,0.0
2025-02-19,11.544,11.544,11.544,11.544,0,0.0,0.0,0.0,0.0,0.0,,0.0,0.0,0.0
2025-02-20,11.544,11.544,11.544,11.544,0,0.0,0.0,0.0,0.0,0.0,,0.0,0.0,0.0
2025-02-21,11.544,11.544,11.544,11.544,0,0.0,0.0,0.0,0.0,0.0,,0.0,0.0,0.0
2025-02-24,11.544,11.544,11.544,11.544,0,0.0,0.0,0.0,0.0,0.0,,0.0,0.0,0.0
2025-02-25,11.544,11.544,11.544,11.544,0,0.0,0.0,0.0,0.0,0.0,,0.0,0.0,0.0
2025-02-26,11.544,11.544,11.544,11.544,0,0.0,0.0,0.0,0.0,0.0,,0.0,0.0,0.0
2025-02-27,11.544,11.544,11.544,11.544,0,0.0,0.0,0.0,0.0,0.0,,0.0,0.0,0.0
2025-02-28,11.544,11.544,11.544,11.544,0,0.0,0.0,0.0,0.0,0.0,,0.0,0.0,0.0
2025-03-03,11.544,11.544,11.544,11.544,0,0.0,0.0,0.0,0.0,0.0,,0.0,0.0,0.0
2025-03-04,11.544,11.544,11.544,11.544,0,0.0,0.0,0.0,0.0,0.0,,0.0,0.0,0.0
2025-03-05,11.544,11.544,11.544,11.544,0,0.0,0.0,0.0,0.0,0.0,,0.0,0.0,0.0
2025-03-06,11.544,11.544,11.544,11.544,0,0.0,0.0,0.0,0.0,0.0,,0.0,0.0,0.0
2025-03-07,13.276,13.276,13.276,13.276,25000,331900.0,0.0,0.0,0.0,0.0,,0.0,0.0,0.0
2025-03-10,13.276,13.276,13.276,13.276,0,0.0,0.0,0.0,0.0,0.0,,0.0,0.0,0.0
2025-03-11,15.2,15.2,15.2,15.2,100,1520.0,0.0,0.0,0.0,0.0,,0.0,0.0,0.0
2025-03-12,17.412,17.412,17.412,17.412,2100,36565.2,0.0,0.0,0.0,0.0,,0.0,0.0,0.0
2025-03-13,20.01,20.01,19.24,19.24,600,11543.999999999998,0.0,0.0,0.0,0.0,,0.0,0.0,0.0
2025-03-14,22.222,22.222,22.222,22.222,100,2222.2000000000003,0.0,0.0,0.0,0.0,,0.0,0.0,0.0
2025-03-17,25.493,25.493,25.493,25.493,100,2549.3,0.0,0.0,0.0,0.0,,0.0,0.0,0.0
2025-03-18,29.245,29.245,28.86,28.86,2945,84992.7,0.0,0.0,0.0,0.0,,0.0,0.0,0.0
2025-03-19,33.093,33.093,32.708,33.093,500,16546.5,0.0,0.0,0.0,0.0,,0.0,0.0,0.0
2025-03-20,32.708,32.708,32.708,32.708,600,19624.8,0.0,0.0,0.0,0.0,,0.0,0.0,0.0
2025-03-21,32.708,32.708,32.708,32.708,0,0.0,0.0,0.0,0.0,0.0,,0.0,0.0,0.0
2025-03-24,32.708,32.708,32.708,32.708,11,359.788,0.0,0.0,0.0,0.0,,0.0,0.0,0.0
2025-03-25,32.708,32.708,32.708,32.708,0,0.0,0.0,0.0,0.0,0.0,,0.0,0.0,0.0
2025-03-26,32.708,32.708,32.708,32.708,0,0.0,0.0,0.0,0.0,0.0,,0.0,0.0,0.0
2025-03-27,32.708,32.708,32.708,32.708,3,98.124,0.0,0.0,0.0,0.0,,0.0,0.0,0.0
2025-03-28,32.708,32.708,32.708,32.708,0,0.0,0.0,0.0,0.0,0.0,,0.0,0.0,0.0
2025-03-31,37.614,37.614,27.802,27.802,1585,44066.17,0.0,0.0,0.0,0.0,,0.0,0.0,0.0
2025-04-01,25.301,25.301,25.301,25.301,251,6350.551,0.0,0.0,0.0,0.0,,0.0,0.0,0.0
2025-04-02,21.6,29.0,21.6,29.0,2885,83665.0,0.0,0.0,0.0,0.0,,0.0,0.0,0.0
2025-04-03,25.6,25.6,25.0,25.0,400,10000.0,0.0,0.0,0.0,0.0,,0.0,0.0,0.0
2025-04-04,27.8,27.8,27.8,27.8,100,2780.0,0.0,0.0,0.0,0.0,,0.0,0.0,0.0
2025-04-08,23.7,27.4,23.7,23.7,26401,625703.7,0.0,0.0,0.0,0.0,,0.0,0.0,0.0
2025-04-09,23.8,23.8,23.8,23.8,103,2451.4,0.0,0.0,0.0,0.0,,0.0,0.0,0.0
2025-04-10,26.8,26.8,26.8,26.8,100,2680.0,0.0,0.0,0.0,0.0,,0.0,0.0,0.0
2025-04-11,26.5,27.2,26.5,26.8,2400,64320.0,0.0,0.0,0.0,0.0,,0.0,0.0,0.0
2025-04-14,27.0,27.0,27.0,27.0,101,2727.0,0.0,0.0,0.0,0.0,,0.0,0.0,0.0
2025-04-15,27.1,27.1,27.1,27.1,100,2710.0,0.0,0.0,0.0,0.0,,0.0,0.0,0.0
2025-04-16,27.1,27.1,27.1,27.1,100,2710.0,0.0,0.0,0.0,0.0,,0.0,0.0,0.0
2025-04-17,27.1,27.1,27.0,27.0,201,5427.0,0.0,0.0,0.0,0.0,,0.0,0.0,0.0
2025-04-18,27.1,27.1,27.1,27.1,1,27.1,0.0,0.0,0.0,0.0,,0.0,0.0,0.0
2025-04-21,27.1,27.1,27.1,27.1,0,0.0,0.0,0.0,0.0,0.0,,0.0,0.0,0.0
2025-04-22,27.1,27.1,27.1,27.1,0,0.0,0.0,0.0,0.0,0.0,,0.0,0.0,0.0
2025-04-23,27.1,27.1,27.1,27.1,0,0.0,0.0,0.0,0.0,0.0,,0.0,0.0,0.0
2025-04-24,27.1,27.1,27.1,27.1,0,0.0,0.0,0.0,0.0,0.0,,0.0,0.0,0.0
2025-04-25,27.1,27.1,27.1,27.1,2,54.2,0.0,0.0,0.0,0.0,,0.0,0.0,0.0
2025-04-28,27.1,27.1,27.1,27.1,5,135.5,0.0,0.0,0.0,0.0,,0.0,0.0,0.0
2025-04-29,27.1,27.1,27.1,27.1,0,0.0,0.0,0.0,0.0,0.0,,0.0,0.0,0.0
2025-05-05,30.0,30.0,30.0,30.0,22250,667500.0,0.0,0.0,0.0,0.0,,0.0,0.0,0.0
2025-05-06,29.9,29.9,29.9,29.9,300,8970.0,0.0,0.0,0.0,0.0,,0.0,0.0,0.0
2025-05-07,30.0,30.0,30.0,30.0,500,15000.0,0.0,0.0,0.0,0.0,,0.0,0.0,0.0
2025-05-08,30.0,30.0,30.0,30.0,1,30.0,0.0,0.0,0.0,0.0,,0.0,0.0,0.0
2025-05-09,30.0,30.0,30.0,30.0,1400,42000.0,0.0,0.0,0.0,0.0,,0.0,0.0,0.0
2025-05-12,30.0,30.0,30.0,30.0,0,0.0,0.0,0.0,0.0,0.0,,0.0,0.0,0.0
2025-05-13,30.0,30.0,30.0,30.0,17850,535500.0,0.0,0.0,0.0,0.0,,0.0,0.0,0.0
2025-05-14,30.0,30.0,30.0,30.0,6000,180000.0,0.0,0.0,0.0,0.0,,0.0,0.0,0.0
2025-05-15,28.0,28.0,28.0,28.0,5000,140000.0,0.0,0.0,0.0,0.0,,0.0,0.0,0.0
2025-05-16,28.0,28.0,28.0,28.0,0,0.0,0.0,0.0,0.0,0.0,,0.0,0.0,0.0
2025-05-19,28.0,28.0,28.0,28.0,30,840.0,0.0,0.0,0.0,0.0,,0.0,0.0,0.0
2025-05-20,29.1,29.1,28.7,28.7,1000,28700.0,0.0,0.0,0.0,0.0,,0.0,0.0,0.0
2025-05-21,28.9,30.0,28.9,30.0,16800,504000.0,0.0,0.0,0.0,0.0,,0.0,0.0,0.0
2025-05-22,30.0,30.0,30.0,30.0,0,0.0,0.0,0.0,0.0,0.0,,0.0,0.0,0.0
2025-05-23,30.0,30.0,30.0,30.0,400,12000.0,0.0,0.0,0.0,0.0,,0.0,0.0,0.0
2025-05-26,30.0,30.0,30.0,30.0,2100,63000.0,0.0,0.0,0.0,0.0,,0.0,0.0,0.0
2025-05-27,30.0,30.0,30.0,30.0,0,0.0,0.0,0.0,0.0,0.0,,0.0,0.0,0.0
2025-05-28,30.0,30.0,30.0,30.0,5000,150000.0,0.0,0.0,0.0,0.0,,0.0,0.0,0.0
2025-05-29,30.0,30.0,30.0,30.0,9400,282000.0,0.0,0.0,0.0,0.0,,0.0,0.0,0.0
2025-05-30,30.0,30.0,30.0,30.0,7000,210000.0,0.0,0.0,0.0,0.0,,0.0,0.0,0.0
2025-06-02,30.0,30.0,30.0,30.0,0,0.0,0.0,0.0,0.0,0.0,,0.0,0.0,0.0
2025-06-03,30.0,30.0,30.0,30.0,3000,90000.0,0.0,0.0,0.0,0.0,,0.0,0.0,0.0
2025-06-04,30.0,30.0,30.0,30.0,6000,180000.0,0.0,0.0,0.0,0.0,,0.0,0.0,0.0
2025-06-05,29.0,29.0,29.0,29.0,3000,87000.0,0.0,0.0,0.0,0.0,,0.0,0.0,0.0
2025-06-06,29.0,30.0,29.0,30.0,7000,210000.0,0.0,0.0,0.0,0.0,,0.0,0.0,0.0
2025-06-09,30.0,30.0,30.0,30.0,4900,147000.0,0.0,0.0,0.0,0.0,,0.0,0.0,0.0
2025-06-10,30.0,30.0,30.0,30.0,5000,150000.0,0.0,0.0,0.0,0.0,,0.0,0.0,0.0
2025-06-11,30.0,30.0,30.0,30.0,3000,90000.0,0.0,0.0,0.0,0.0,,0.0,0.0,0.0
2025-06-12,30.0,30.0,30.0,30.0,0,0.0,0.0,0.0,0.0,0.0,,0.0,0.0,0.0
2025-06-13,30.0,30.0,30.0,30.0,0,0.0,0.0,0.0,0.0,0.0,,0.0,0.0,0.0
2025-06-16,30.0,30.0,30.0,30.0,12850,385500.0,0.0,0.0,0.0,0.0,,0.0,0.0,0.0
2025-06-17,30.0,30.0,30.0,30.0,30,900.0,0.0,0.0,0.0,0.0,,0.0,0.0,0.0
2025-06-18,30.0,30.0,30.0,30.0,5300,159000.0,0.0,0.0,0.0,0.0,,0.0,0.0,0.0
2025-06-19,30.0,30.0,30.0,30.0,0,0.0,0.0,0.0,0.0,0.0,,0.0,0.0,0.0
2025-06-20,30.0,30.0,30.0,30.0,0,0.0,0.0,0.0,0.0,0.0,,0.0,0.0,0.0
2025-06-23,30.0,30.0,30.0,30.0,1651,49530.0,0.0,0.0,0.0,0.0,,0.0,0.0,0.0
2025-06-24,29.0,29.0,29.0,29.0,650,18850.0,0.0,0.0,0.0,0.0,,0.0,0.0,0.0
2025-06-25,29.0,29.0,29.0,29.0,0,0.0,0.0,0.0,0.0,0.0,,0.0,0.0,0.0
2025-06-26,29.0,29.0,29.0,29.0,0,0.0,0.0,0.0,0.0,0.0,,0.0,0.0,0.0
2025-06-27,29.0,29.0,29.0,29.0,0,0.0,0.0,0.0,0.0,0.0,,0.0,0.0,0.0
2025-06-30,30.0,30.0,30.0,30.0,1000,30000.0,0.0,0.0,0.0,0.0,,0.0,0.0,0.0
2025-07-01,30.0,30.0,30.0,30.0,1,30.0,0.0,0.0,0.0,0.0,,0.0,0.0,0.0
2025-07-02,30.0,30.0,30.0,30.0,2000,60000.0,0.0,0.0,0.0,0.0,,0.0,0.0,0.0
2025-07-03,30.0,30.0,30.0,30.0,0,0.0,0.0,0.0,0.0,0.0,,0.0,0.0,0.0
2025-07-04,30.0,30.0,30.0,30.0,0,0.0,0.0,0.0,0.0,0.0,,0.0,0.0,0.0
2025-07-07,30.0,30.0,30.0,30.0,0,0.0,0.0,0.0,0.0,0.0,,0.0,0.0,0.0
2025-07-08,30.0,30.0,30.0,30.0,2500,75000.0,0.0,0.0,0.0,0.0,,0.0,0.0,0.0
2025-07-09,30.0,30.0,30.0,30.0,13000,390000.0,0.0,0.0,0.0,0.0,,0.0,0.0,0.0
2025-07-10,30.0,30.0,30.0,30.0,7400,222000.0,0.0,0.0,0.0,0.0,,0.0,0.0,0.0
2025-07-11,30.0,30.0,30.0,30.0,0,0.0,0.0,0.0,0.0,0.0,,0.0,0.0,0.0
2025-07-14,30.0,30.0,30.0,30.0,0,0.0,0.0,0.0,0.0,0.0,,0.0,0.0,0.0
2025-07-15,30.0,30.0,30.0,30.0,0,0.0,0.0,0.0,0.0,0.0,,0.0,0.0,0.0
2025-07-16,34.5,34.5,34.5,34.5,100,3450.0,0.0,0.0,0.0,0.0,,0.0,0.0,0.0
2025-07-17,34.5,34.5,34.5,34.5,0,0.0,0.0,0.0,0.0,0.0,,0.0,0.0,0.0
2025-07-18,34.5,34.5,34.5,34.5,0,0.0,0.0,0.0,0.0,0.0,,0.0,0.0,0.0
2025-07-21,39.6,39.6,39.6,39.6,1000,39600.0,0.0,0.0,0.0,0.0,,0.0,0.0,0.0
2025-07-22,39.6,39.6,39.6,39.6,0,0.0,0.0,0.0,0.0,0.0,,0.0,0.0,0.0
2025-07-23,39.6,39.6,39.6,39.6,0,0.0,0.0,0.0,0.0,0.0,,0.0,0.0,0.0
2025-07-24,39.6,39.6,39.6,39.6,0,0.0,0.0,0.0,0.0,0.0,,0.0,0.0,0.0
2025-07-25,39.6,39.6,39.6,39.6,0,0.0,0.0,0.0,0.0,0.0,,0.0,0.0,0.0
2025-07-28,45.0,45.0,45.0,45.0,100,4500.0,0.0,0.0,0.0,0.0,,0.0,0.0,0.0
2025-07-29,45.0,45.0,45.0,45.0,0,0.0,0.0,0.0,0.0,0.0,,0.0,0.0,0.0
2025-07-30,45.0,45.0,45.0,45.0,0,0.0,0.0,0.0,0.0,0.0,,0.0,0.0,0.0
2025-07-31,45.0,45.0,45.0,45.0,0,0.0,0.0,0.0,0.0,0.0,,0.0,0.0,0.0
2025-08-01,45.0,45.0,45.0,45.0,0,0.0,0.0,0.0,0.0,0.0,,0.0,0.0,0.0
2025-08-04,45.0,45.0,45.0,45.0,0,0.0,0.0,0.0,0.0,0.0,,0.0,0.0,0.0
2025-08-05,45.0,45.0,45.0,45.0,300,13500.0,0.0,0.0,0.0,0.0,,0.0,0.0,0.0
2025-08-06,45.0,45.0,45.0,45.0,0,0.0,0.0,0.0,0.0,0.0,,0.0,0.0,0.0
2025-08-07,45.0,45.0,45.0,45.0,0,0.0,0.0,0.0,0.0,0.0,,0.0,0.0,0.0
2025-08-08,45.0,45.0,45.0,45.0,0,0.0,0.0,0.0,0.0,0.0,,0.0,0.0,0.0
2025-08-11,45.0,45.0,45.0,45.0,0,0.0,0.0,0.0,0.0,0.0,,0.0,0.0,0.0
2025-08-12,45.0,45.0,45.0,45.0,0,0.0,0.0,0.0,0.0,0.0,,0.0,0.0,0.0
2025-08-13,45.0,45.0,45.0,45.0,0,0.0,0.0,0.0,0.0,0.0,,0.0,0.0,0.0
2025-08-14,45.0,45.0,45.0,45.0,0,0.0,0.0,0.0,0.0,0.0,,0.0,0.0,0.0
2025-08-15,45.0,45.0,45.0,45.0,0,0.0,0.0,0.0,0.0,0.0,,0.0,0.0,0.0
2025-08-18,45.0,45.0,45.0,45.0,0,0.0,0.0,0.0,0.0,0.0,,0.0,0.0,0.0
2025-08-19,45.0,45.0,45.0,45.0,0,0.0,0.0,0.0,0.0,0.0,,0.0,0.0,0.0
2025-08-20,45.0,45.0,45.0,45.0,0,0.0,0.0,0.0,0.0,0.0,,0.0,0.0,0.0
2025-08-21,45.0,45.0,45.0,45.0,0,0.0,0.0,0.0,0.0,0.0,,0.0,0.0,0.0
2025-08-22,45.0,45.0,45.0,45.0,0,0.0,0.0,0.0,0.0,0.0,,0.0,0.0,0.0
2025-08-25,45.0,45.0,45.0,45.0,0,0.0,0.0,0.0,0.0,0.0,,0.0,0.0,0.0
2025-08-26,45.0,45.0,45.0,45.0,0,0.0,0.0,0.0,0.0,0.0,,0.0,0.0,0.0
2025-08-27,45.0,45.0,45.0,45.0,0,0.0,0.0,0.0,0.0,0.0,,0.0,0.0,0.0
2025-08-28,45.0,45.0,45.0,45.0,0,0.0,0.0,0.0,0.0,0.0,,0.0,0.0,0.0
2025-08-29,45.0,45.0,45.0,45.0,0,0.0,0.0,0.0,0.0,0.0,,0.0,0.0,0.0
2025-09-03,45.0,45.0,45.0,45.0,0,0.0,0.0,0.0,0.0,0.0,,0.0,0.0,0.0
2025-09-04,45.0,45.0,45.0,45.0,1,45.0,0.0,0.0,0.0,0.0,,0.0,0.0,0.0
2025-09-05,45.0,45.0,45.0,45.0,0,0.0,0.0,0.0,0.0,0.0,,0.0,0.0,0.0
2025-09-08,45.0,45.0,45.0,45.0,0,0.0,0.0,0.0,0.0,0.0,,0.0,0.0,0.0
2025-09-09,45.0,45.0,45.0,45.0,0,0.0,0.0,0.0,0.0,0.0,,0.0,0.0,0.0
2025-09-10,45.0,45.0,45.0,45.0,0,0.0,0.0,0.0,0.0,0.0,,0.0,0.0,0.0
2025-09-11,45.0,45.0,45.0,45.0,0,0.0,0.0,0.0,0.0,0.0,,0.0,0.0,0.0
2025-09-12,45.0,45.0,45.0,45.0,1,45.0,0.0,0.0,0.0,0.0,,0.0,0.0,0.0
2025-09-15,45.0,45.0,45.0,45.0,0,0.0,0.0,0.0,0.0,0.0,,0.0,0.0,0.0
2025-09-16,45.0,45.0,45.0,45.0,0,0.0,0.0,0.0,0.0,0.0,,0.0,0.0,0.0
2025-09-17,45.0,45.0,45.0,45.0,0,0.0,0.0,0.0,0.0,0.0,,0.0,0.0,0.0
2025-09-18,45.0,45.0,45.0,45.0,0,0.0,0.0,0.0,0.0,0.0,,0.0,0.0,0.0
2025-09-19,27.0,27.0,27.0,27.0,100,2700.0,0.0,0.0,0.0,0.0,,0.0,0.0,0.0
2025-09-22,27.0,27.0,27.0,27.0,0,0.0,0.0,0.0,0.0,0.0,,0.0,0.0,0.0
2025-09-23,27.0,27.0,27.0,27.0,0,0.0,0.0,0.0,0.0,0.0,,0.0,0.0,0.0
2025-09-24,27.0,27.0,27.0,27.0,0,0.0,0.0,0.0,0.0,0.0,,0.0,0.0,0.0
2025-09-25,27.0,27.0,27.0,27.0,1,27.0,0.0,0.0,0.0,0.0,,0.0,0.0,0.0
2025-09-26,27.0,27.0,27.0,27.0,0,0.0,0.0,0.0,0.0,0.0,,0.0,0.0,0.0
2025-09-29,27.0,27.0,27.0,27.0,0,0.0,0.0,0.0,0.0,0.0,,0.0,0.0,0.0
2025-09-30,27.0,27.0,27.0,27.0,0,0.0,0.0,0.0,0.0,0.0,,0.0,0.0,0.0
2025-10-01,27.0,27.0,27.0,27.0,0,0.0,0.0,0.0,0.0,0.0,,0.0,0.0,0.0
2025-10-02,27.0,27.0,27.0,27.0,0,0.0,0.0,0.0,0.0,0.0,,0.0,0.0,0.0
2025-10-03,27.0,27.0,27.0,27.0,0,0.0,0.0,0.0,0.0,0.0,,0.0,0.0,0.0
2025-10-06,27.0,27.0,27.0,27.0,0,0.0,0.0,0.0,0.0,0.0,,0.0,0.0,0.0
2025-10-07,27.0,27.0,27.0,27.0,0,0.0,0.0,0.0,0.0,0.0,,0.0,0.0,0.0
2025-10-08,27.0,27.0,27.0,27.0,0,0.0,0.0,0.0,0.0,0.0,,0.0,0.0,0.0
2025-10-09,,0.0,0.0,0.0,0,0.0,0.0,0.0,0.0,0.0,0.0,0.0,0.0,0.0
2025-10-10,,0.0,0.0,0.0,0,0.0,0.0,0.0,0.0,0.0,0.0,0.0,0.0,0.0
2025-10-13,,0.0,0.0,0.0,0,0.0,0.0,0.0,0.0,0.0,0.0,0.0,0.0,0.0
2025-10-14,,0.0,0.0,0.0,0,0.0,0.0,0.0,0.0,0.0,0.0,0.0,0.0,0.0
2025-10-15,23.5,23.5,23.5,23.5,100,2350.0,0.0,0.0,0.0,0.0,0.0,0.0,0.0,0.0
2025-10-16,,0.0,0.0,0.0,0,0.0,0.0,0.0,0.0,0.0,0.0,0.0,0.0,0.0
2025-10-17,,0.0,0.0,0.0,0,0.0,0.0,0.0,0.0,0.0,0.0,0.0,0.0,0.0
2025-10-20,,0.0,0.0,0.0,0,0.0,0.0,0.0,0.0,0.0,0.0,0.0,0.0,0.0
2025-10-21,,0.0,0.0,0.0,0,0.0,0.0,0.0,0.0,0.0,0.0,0.0,0.0,0.0
2025-10-22,,0.0,0.0,0.0,0,0.0,0.0,0.0,0.0,0.0,0.0,0.0,0.0,0.0
2025-10-23,,0.0,0.0,0.0,0,0.0,0.0,0.0,0.0,0.0,0.0,0.0,0.0,0.0
2025-10-24,,0.0,0.0,0.0,0,0.0,0.0,0.0,0.0,0.0,0.0,0.0,0.0,0.0
2025-10-27,,0.0,0.0,0.0,0,0.0,0.0,0.0,0.0,0.0,0.0,0.0,0.0,0.0
2025-10-28,,0.0,0.0,0.0,0,0.0,0.0,0.0,0.0,0.0,0.0,0.0,0.0,0.0
2025-10-29,,0.0,0.0,0.0,0,0.0,0.0,0.0,0.0,0.0,0.0,0.0,0.0,0.0
2025-10-30,,0.0,0.0,0.0,0,0.0,0.0,0.0,0.0,0.0,0.0,0.0,0.0,0.0
2025-10-31,,0.0,0.0,0.0,0,0.0,0.0,0.0,0.0,0.0,0.0,0.0,0.0,0.0
2025-11-03,,0.0,0.0,0.0,0,0.0,0.0,0.0,0.0,0.0,0.0,0.0,0.0,0.0
2025-11-04,,0.0,0.0,0.0,0,0.0,0.0,0.0,0.0,0.0,0.0,0.0,0.0,0.0
2025-11-05,,0.0,0.0,0.0,0,0.0,0.0,0.0,0.0,0.0,0.0,0.0,0.0,0.0
2025-11-06,,0.0,0.0,0.0,0,0.0,0.0,0.0,0.0,0.0,0.0,0.0,0.0,0.0
2025-11-07,,0.0,0.0,0.0,0,0.0,0.0,0.0,0.0,0.0,0.0,0.0,0.0,0.0
2025-11-10,,0.0,0.0,0.0,0,0.0,0.0,0.0,0.0,0.0,0.0,0.0,0.0,0.0
2025-11-11,,0.0,0.0,0.0,0,0.0,0.0,0.0,0.0,0.0,0.0,0.0,0.0,0.0
2025-11-12,,0.0,0.0,0.0,0,0.0,0.0,0.0,0.0,0.0,0.0,0.0,0.0,0.0
2025-11-14,,0.0,0.0,0.0,0,0.0,0.0,0.0,0.0,0.0,0.0,0.0,0.0,0.0
2025-11-17,,0.0,0.0,0.0,0,0.0,0.0,0.0,0.0,0.0,0.0,0.0,0.0,0.0
2025-11-18,,0.0,0.0,0.0,0,0.0,0.0,0.0,0.0,0.0,0.0,0.0,0.0,0.0
2025-11-19,,0.0,0.0,0.0,0,0.0,0.0,0.0,0.0,0.0,0.0,0.0,0.0,0.0
2025-11-20,,0.0,0.0,0.0,0,0.0,0.0,0.0,0.0,0.0,0.0,0.0,0.0,0.0
2025-11-25,,0.0,0.0,0.0,0,0.0,0.0,0.0,0.0,0.0,0.0,0.0,0.0,0.0
2025-11-26,,0.0,0.0,0.0,0,0.0,0.0,0.0,0.0,0.0,0.0,0.0,0.0,0.0
2025-11-27,,0.0,0.0,0.0,0,0.0,0.0,0.0,0.0,0.0,0.0,0.0,0.0,0.0
2025-11-28,,0.0,0.0,0.0,0,0.0,0.0,0.0,0.0,0.0,0.0,0.0,0.0,0.0
2025-12-01,,0.0,0.0,0.0,0,0.0,0.0,0.0,0.0,0.0,0.0,0.0,0.0,0.0
2025-12-02,,0.0,0.0,0.0,0,0.0,0.0,0.0,0.0,0.0,0.0,0.0,0.0,0.0
2025-12-03,,0.0,0.0,0.0,0,0.0,0.0,0.0,0.0,0.0,0.0,0.0,0.0,0.0
2025-12-04,,0.0,0.0,0.0,0,0.0,0.0,0.0,0.0,0.0,0.0,0.0,0.0,0.0
2025-12-05,,0.0,0.0,0.0,0,0.0,0.0,0.0,0.0,0.0,0.0,0.0,0.0,0.0
2025-12-08,,0.0,0.0,0.0,0,0.0,0.0,0.0,0.0,0.0,0.0,0.0,0.0,0.0
2025-12-10,,0.0,0.0,0.0,0,0.0,0.0,0.0,0.0,0.0,0.0,0.0,0.0,0.0
2025-12-11,,0.0,0.0,0.0,0,0.0,0.0,0.0,0.0,0.0,0.0,0.0,0.0,0.0
2025-12-12,,0.0,0.0,0.0,0,0.0,0.0,0.0,0.0,0.0,0.0,0.0,0.0,0.0
2025-12-15,,0.0,0.0,0.0,0,0.0,0.0,0.0,0.0,0.0,0.0,0.0,0.0,0.0
2025-12-23,,0.0,0.0,0.0,0,0.0,0.0,0.0,0.0,0.0,0.0,0.0,0.0,0.0
2025-12-24,,0.0,0.0,0.0,0,0.0,0.0,0.0,0.0,0.0,0.0,0.0,0.0,0.0
2025-12-25,,0.0,0.0,0.0,0,0.0,0.0,0.0,0.0,0.0,0.0,0.0,0.0,0.0
2025-12-26,,0.0,0.0,0.0,0,0.0,0.0,0.0,0.0,0.0,0.0,0.0,0.0,0.0
2025-12-29,,0.0,0.0,0.0,0,0.0,0.0,0.0,0.0,0.0,0.0,0.0,0.0,0.0
2025-12-30,,0.0,0.0,0.0,0,0.0,0.0,0.0,0.0,0.0,0.0,0.0,0.0,0.0
2025-12-31,,0.0,0.0,0.0,0,0.0,0.0,0.0,0.0,0.0,0.0,0.0,0.0,0.0
2026-03-23,23.0,23.5,23.0,23.5,1300,30550.0,0.0,0.0,0.0,0.0,0.0,0.0,0.0,0.0
2026-03-24,23.5,23.5,23.2,23.2,700,16240.0,0.0,0.0,0.0,0.0,0.0,0.0,0.0,0.0
2026-03-25,,0.0,0.0,0.0,0,0.0,0.0,0.0,0.0,0.0,0.0,0.0,0.0,0.0
