time,open,high,low,close,volume,value,foreign_buy_vol,foreign_sell_vol,foreign_buy_val,foreign_sell_val,foreign_room,foreign_ownership_pct,foreign_buy_value_bn,foreign_sell_value_bn
2017-04-18,3.932,3.932,3.932,3.932,0,0.0,,,,,,,,
2017-04-19,3.932,3.932,3.932,3.932,0,0.0,,,,,,,,
2017-04-20,3.932,3.932,3.932,3.932,0,0.0,,,,,,,,
2017-04-21,3.932,3.932,3.932,3.932,0,0.0,,,,,,,,
2017-04-24,3.932,3.932,3.932,3.932,0,0.0,,,,,,,,
2017-04-25,3.932,3.932,3.932,3.932,0,0.0,,,,,,,,
2017-04-26,3.932,3.932,3.932,3.932,0,0.0,,,,,,,,
2017-04-27,3.932,3.932,3.932,3.932,0,0.0,,,,,,,,
2017-04-28,3.932,3.932,3.932,3.932,0,0.0,,,,,,,,
2017-05-03,3.932,3.932,3.932,3.932,0,0.0,,,,,,,,
2017-05-04,3.932,3.932,3.932,3.932,0,0.0,,,,,,,,
2017-05-05,3.932,3.932,3.932,3.932,0,0.0,,,,,,,,
2017-05-08,3.932,3.932,3.932,3.932,0,0.0,,,,,,,,
2017-05-09,3.932,3.932,3.932,3.932,0,0.0,,,,,,,,
2017-05-10,3.932,3.932,3.932,3.932,0,0.0,,,,,,,,
2017-05-11,3.932,3.932,3.932,3.932,0,0.0,,,,,,,,
2017-05-12,3.932,3.932,3.932,3.932,0,0.0,,,,,,,,
2017-05-15,3.932,3.932,3.932,3.932,0,0.0,,,,,,,,
2017-05-16,3.932,3.932,3.932,3.932,0,0.0,,,,,,,,
2017-05-17,3.932,3.932,3.932,3.932,0,0.0,,,,,,,,
2017-05-18,3.932,3.932,3.932,3.932,0,0.0,,,,,,,,
2017-05-19,3.932,3.932,3.932,3.932,0,0.0,,,,,,,,
2017-05-22,3.932,3.932,3.932,3.932,0,0.0,,,,,,,,
2017-05-23,3.932,3.932,3.932,3.932,0,0.0,,,,,,,,
2017-05-24,3.932,3.932,3.932,3.932,0,0.0,,,,,,,,
2017-05-25,3.932,3.932,3.932,3.932,0,0.0,,,,,,,,
2017-05-26,3.932,3.932,3.932,3.932,0,0.0,,,,,,,,
2017-05-29,3.932,3.932,3.932,3.932,0,0.0,,,,,,,,
2017-05-30,3.932,3.932,3.932,3.932,0,0.0,,,,,,,,
2017-05-31,3.932,3.932,3.932,3.932,0,0.0,,,,,,,,
2017-06-01,3.932,3.932,3.932,3.932,0,0.0,,,,,,,,
2017-06-02,3.932,3.932,3.932,3.932,0,0.0,,,,,,,,
2017-06-05,3.932,3.932,3.932,3.932,0,0.0,,,,,,,,
2017-06-06,3.932,3.932,3.932,3.932,0,0.0,,,,,,,,
2017-06-07,3.932,3.932,3.932,3.932,0,0.0,,,,,,,,
2017-06-08,3.932,3.932,3.932,3.932,0,0.0,,,,,,,,
2017-06-09,3.932,3.932,3.932,3.932,0,0.0,,,,,,,,
2017-06-12,3.932,3.932,3.932,3.932,0,0.0,,,,,,,,
2017-06-13,3.932,3.932,3.932,3.932,0,0.0,,,,,,,,
2017-06-14,3.932,3.932,3.932,3.932,0,0.0,,,,,,,,
2017-06-15,3.932,3.932,3.932,3.932,0,0.0,,,,,,,,
2017-06-16,3.932,3.932,3.932,3.932,0,0.0,,,,,,,,
2017-06-19,3.932,3.932,3.932,3.932,0,0.0,,,,,,,,
2017-06-20,3.932,3.932,3.932,3.932,0,0.0,,,,,,,,
2017-06-21,3.932,3.932,3.932,3.932,0,0.0,,,,,,,,
2017-06-22,3.932,3.932,3.932,3.932,0,0.0,,,,,,,,
2017-06-23,3.932,3.932,3.932,3.932,0,0.0,,,,,,,,
2017-06-26,3.932,3.932,3.932,3.932,0,0.0,,,,,,,,
2017-06-27,3.932,3.932,3.932,3.932,0,0.0,,,,,,,,
2017-06-28,3.932,3.932,3.932,3.932,0,0.0,,,,,,,,
2017-06-29,3.932,3.932,3.932,3.932,0,0.0,,,,,,,,
2017-06-30,3.932,3.932,3.932,3.932,0,0.0,,,,,,,,
2017-07-03,3.932,3.932,3.932,3.932,0,0.0,,,,,,,,
2017-07-04,3.932,3.932,3.932,3.932,0,0.0,,,,,,,,
2017-07-05,3.932,3.932,3.932,3.932,0,0.0,,,,,,,,
2017-07-06,3.932,3.932,3.932,3.932,0,0.0,,,,,,,,
2017-07-07,3.932,3.932,3.932,3.932,0,0.0,,,,,,,,
2017-07-10,3.932,3.932,3.932,3.932,0,0.0,,,,,,,,
2017-07-11,3.932,3.932,3.932,3.932,0,0.0,,,,,,,,
2017-07-12,3.932,3.932,3.932,3.932,0,0.0,,,,,,,,
2017-07-13,3.932,3.932,3.932,3.932,0,0.0,,,,,,,,
2017-07-14,3.932,3.932,3.932,3.932,0,0.0,,,,,,,,
2017-07-17,3.932,3.932,3.932,3.932,0,0.0,,,,,,,,
2017-07-18,3.932,3.932,3.932,3.932,0,0.0,,,,,,,,
2017-07-19,3.932,3.932,3.932,3.932,0,0.0,,,,,,,,
2017-07-20,3.932,3.932,3.932,3.932,0,0.0,,,,,,,,
2017-07-21,3.932,3.932,3.932,3.932,0,0.0,,,,,,,,
2017-07-24,3.932,3.932,3.932,3.932,0,0.0,,,,,,,,
2017-07-25,3.932,3.932,3.932,3.932,0,0.0,,,,,,,,
2017-07-26,3.932,3.932,3.932,3.932,0,0.0,,,,,,,,
2017-07-27,3.932,3.932,3.932,3.932,0,0.0,,,,,,,,
2017-07-28,3.932,3.932,3.932,3.932,0,0.0,,,,,,,,
2017-07-31,3.932,3.932,3.932,3.932,0,0.0,,,,,,,,
2017-08-01,3.932,3.932,3.932,3.932,0,0.0,,,,,,,,
2017-08-02,3.932,3.932,3.932,3.932,0,0.0,,,,,,,,
2017-08-03,3.932,3.932,3.932,3.932,0,0.0,,,,,,,,
2017-08-04,3.932,3.932,3.932,3.932,0,0.0,,,,,,,,
2017-08-07,3.932,3.932,3.932,3.932,0,0.0,,,,,,,,
2017-08-08,3.932,3.932,3.932,3.932,0,0.0,,,,,,,,
2017-08-09,3.932,3.932,3.932,3.932,0,0.0,,,,,,,,
2017-08-10,3.932,3.932,3.932,3.932,0,0.0,,,,,,,,
2017-08-11,3.932,3.932,3.932,3.932,0,0.0,,,,,,,,
2017-08-14,3.932,3.932,3.932,3.932,0,0.0,,,,,,,,
2017-08-15,3.932,3.932,3.932,3.932,0,0.0,,,,,,,,
2017-08-16,3.932,3.932,3.932,3.932,0,0.0,,,,,,,,
2017-08-17,3.932,3.932,3.932,3.932,0,0.0,,,,,,,,
2017-08-18,3.932,3.932,3.932,3.932,0,0.0,,,,,,,,
2017-08-21,3.932,3.932,3.932,3.932,0,0.0,,,,,,,,
2017-08-22,3.932,3.932,3.932,3.932,0,0.0,,,,,,,,
2017-08-23,3.932,3.932,3.932,3.932,0,0.0,,,,,,,,
2017-08-24,3.932,3.932,3.932,3.932,0,0.0,,,,,,,,
2017-08-25,3.932,3.932,3.932,3.932,0,0.0,,,,,,,,
2017-08-28,3.932,3.932,3.932,3.932,0,0.0,,,,,,,,
2017-08-29,3.932,3.932,3.932,3.932,0,0.0,,,,,,,,
2017-08-30,3.932,3.932,3.932,3.932,0,0.0,,,,,,,,
2017-08-31,3.932,3.932,3.932,3.932,0,0.0,,,,,,,,
2017-09-01,3.932,3.932,3.932,3.932,0,0.0,,,,,,,,
2017-09-05,3.932,3.932,3.932,3.932,0,0.0,,,,,,,,
2017-09-06,3.932,3.932,3.932,3.932,0,0.0,,,,,,,,
2017-09-07,3.932,3.932,3.932,3.932,0,0.0,,,,,,,,
2017-09-08,3.932,3.932,3.932,3.932,0,0.0,,,,,,,,
2017-09-11,3.932,3.932,3.932,3.932,0,0.0,,,,,,,,
2017-09-12,3.932,3.932,3.932,3.932,0,0.0,,,,,,,,
2017-09-13,3.932,3.932,3.932,3.932,0,0.0,,,,,,,,
2017-09-14,3.932,3.932,3.932,3.932,0,0.0,,,,,,,,
2017-09-15,3.932,3.932,3.932,3.932,0,0.0,,,,,,,,
2017-09-18,3.932,3.932,3.932,3.932,0,0.0,,,,,,,,
2017-09-19,3.932,3.932,3.932,3.932,0,0.0,,,,,,,,
2017-09-20,3.932,3.932,3.932,3.932,0,0.0,,,,,,,,
2017-09-21,3.932,3.932,3.932,3.932,0,0.0,,,,,,,,
2017-09-22,3.932,3.932,3.932,3.932,0,0.0,,,,,,,,
2017-09-25,3.932,3.932,3.932,3.932,0,0.0,,,,,,,,
2017-09-26,3.932,3.932,3.932,3.932,0,0.0,,,,,,,,
2017-09-27,3.932,3.932,3.932,3.932,0,0.0,,,,,,,,
2017-09-28,3.932,3.932,3.932,3.932,0,0.0,,,,,,,,
2017-09-29,3.932,3.932,3.932,3.932,0,0.0,,,,,,,,
2017-10-02,3.932,3.932,3.932,3.932,0,0.0,,,,,,,,
2017-10-03,3.932,3.932,3.932,3.932,0,0.0,,,,,,,,
2017-10-04,3.932,3.932,3.932,3.932,0,0.0,,,,,,,,
2017-10-05,3.932,3.932,3.932,3.932,0,0.0,,,,,,,,
2017-10-06,3.932,3.932,3.932,3.932,0,0.0,,,,,,,,
2017-10-09,3.932,3.932,3.932,3.932,0,0.0,,,,,,,,
2017-10-10,3.932,3.932,3.932,3.932,0,0.0,,,,,,,,
2017-10-11,3.932,3.932,3.932,3.932,0,0.0,,,,,,,,
2017-10-12,3.932,3.932,3.932,3.932,0,0.0,,,,,,,,
2017-10-13,3.932,3.932,3.932,3.932,0,0.0,,,,,,,,
2017-10-16,3.932,3.932,3.932,3.932,0,0.0,,,,,,,,
2017-10-17,3.932,3.932,3.932,3.932,0,0.0,,,,,,,,
2017-10-18,3.932,3.932,3.932,3.932,0,0.0,,,,,,,,
2017-10-19,3.932,3.932,3.932,3.932,0,0.0,,,,,,,,
2017-10-20,3.932,3.932,3.932,3.932,0,0.0,,,,,,,,
2017-10-23,3.932,3.932,3.932,3.932,0,0.0,,,,,,,,
2017-10-24,3.932,3.932,3.932,3.932,0,0.0,,,,,,,,
2017-10-25,3.932,3.932,3.932,3.932,0,0.0,,,,,,,,
2017-10-26,3.932,3.932,3.932,3.932,0,0.0,,,,,,,,
2017-10-27,3.932,3.932,3.932,3.932,0,0.0,,,,,,,,
2017-10-30,3.932,3.932,3.932,3.932,0,0.0,,,,,,,,
2017-10-31,3.932,3.932,3.932,3.932,0,0.0,,,,,,,,
2017-11-01,3.932,3.932,3.932,3.932,0,0.0,,,,,,,,
2017-11-02,3.932,3.932,3.932,3.932,0,0.0,,,,,,,,
2017-11-03,3.932,3.932,3.932,3.932,0,0.0,,,,,,,,
2017-11-06,3.932,3.932,3.932,3.932,0,0.0,,,,,,,,
2017-11-07,3.932,3.932,3.932,3.932,0,0.0,,,,,,,,
2017-11-08,3.932,3.932,3.932,3.932,0,0.0,,,,,,,,
2017-11-09,3.932,3.932,3.932,3.932,0,0.0,,,,,,,,
2017-11-10,3.932,3.932,3.932,3.932,0,0.0,,,,,,,,
2017-11-13,3.932,3.932,3.932,3.932,0,0.0,,,,,,,,
2017-11-14,3.932,3.932,3.932,3.932,0,0.0,,,,,,,,
2017-11-15,3.932,3.932,3.932,3.932,0,0.0,,,,,,,,
2017-11-16,3.932,3.932,3.932,3.932,0,0.0,,,,,,,,
2017-11-17,3.932,3.932,3.932,3.932,0,0.0,,,,,,,,
2017-11-20,3.932,3.932,3.932,3.932,0,0.0,,,,,,,,
2017-11-21,3.932,3.932,3.932,3.932,0,0.0,,,,,,,,
2017-11-22,3.932,3.932,3.932,3.932,0,0.0,,,,,,,,
2017-11-23,3.932,3.932,3.932,3.932,0,0.0,,,,,,,,
2017-11-24,3.932,3.932,3.932,3.932,0,0.0,,,,,,,,
2017-11-27,3.932,3.932,3.932,3.932,0,0.0,,,,,,,,
2017-11-28,3.932,3.932,3.932,3.932,0,0.0,,,,,,,,
2017-11-29,3.932,3.932,3.932,3.932,0,0.0,,,,,,,,
2017-11-30,3.932,3.932,3.932,3.932,0,0.0,,,,,,,,
2017-12-01,3.932,3.932,3.932,3.932,0,0.0,,,,,,,,
2017-12-04,3.932,3.932,3.932,3.932,0,0.0,,,,,,,,
2017-12-05,3.932,3.932,3.932,3.932,0,0.0,,,,,,,,
2017-12-06,3.932,3.932,3.932,3.932,0,0.0,,,,,,,,
2017-12-07,3.932,3.932,3.932,3.932,0,0.0,,,,,,,,
2017-12-08,3.932,3.932,3.932,3.932,0,0.0,,,,,,,,
2017-12-11,3.932,3.932,3.932,3.932,0,0.0,,,,,,,,
2017-12-12,3.932,3.932,3.932,3.932,0,0.0,,,,,,,,
2017-12-13,3.932,3.932,3.932,3.932,0,0.0,,,,,,,,
2017-12-14,3.932,3.932,3.932,3.932,0,0.0,,,,,,,,
2017-12-15,3.932,3.932,3.932,3.932,0,0.0,,,,,,,,
2017-12-18,3.932,3.932,3.932,3.932,0,0.0,,,,,,,,
2017-12-19,3.932,3.932,3.932,3.932,0,0.0,,,,,,,,
2017-12-20,3.932,3.932,3.932,3.932,0,0.0,,,,,,,,
2017-12-21,3.932,3.932,3.932,3.932,0,0.0,,,,,,,,
2017-12-22,3.932,3.932,3.932,3.932,0,0.0,,,,,,,,
2017-12-25,3.932,3.932,3.932,3.932,0,0.0,,,,,,,,
2017-12-26,3.932,3.932,3.932,3.932,0,0.0,,,,,,,,
2017-12-27,3.932,3.932,3.932,3.932,0,0.0,,,,,,,,
2017-12-28,3.932,3.932,3.932,3.932,0,0.0,,,,,,,,
2017-12-29,3.932,3.932,3.932,3.932,0,0.0,,,,,,,,
2018-01-02,3.932,3.932,3.932,3.932,0,0.0,0.0,0.0,0.0,0.0,,0.36,0.0,0.0
2018-01-03,3.932,3.932,3.932,3.932,0,0.0,0.0,0.0,0.0,0.0,,0.36,0.0,0.0
2018-01-04,3.932,3.932,3.932,3.932,0,0.0,0.0,0.0,0.0,0.0,,0.36,0.0,0.0
2018-01-05,3.932,3.932,3.932,3.932,0,0.0,0.0,0.0,0.0,0.0,,0.36,0.0,0.0
2018-01-08,3.932,3.932,3.932,3.932,0,0.0,0.0,0.0,0.0,0.0,,0.36,0.0,0.0
2018-01-09,3.932,3.932,3.932,3.932,0,0.0,0.0,0.0,0.0,0.0,,0.36,0.0,0.0
2018-01-10,3.932,3.932,3.932,3.932,0,0.0,0.0,0.0,0.0,0.0,,0.36,0.0,0.0
2018-01-11,3.932,3.932,3.932,3.932,0,0.0,0.0,0.0,0.0,0.0,,0.36,0.0,0.0
2018-01-12,3.932,3.932,3.932,3.932,0,0.0,0.0,0.0,0.0,0.0,,0.36,0.0,0.0
2018-01-15,3.932,3.932,3.932,3.932,0,0.0,0.0,0.0,0.0,0.0,,0.36,0.0,0.0
2018-01-16,3.932,3.932,3.932,3.932,0,0.0,0.0,0.0,0.0,0.0,,0.36,0.0,0.0
2018-01-17,3.932,3.932,3.932,3.932,0,0.0,0.0,0.0,0.0,0.0,,0.36,0.0,0.0
2018-01-18,3.932,3.932,3.932,3.932,0,0.0,0.0,0.0,0.0,0.0,,0.36,0.0,0.0
2018-01-19,3.932,3.932,3.932,3.932,0,0.0,0.0,0.0,0.0,0.0,,0.36,0.0,0.0
2018-01-22,3.932,3.932,3.932,3.932,0,0.0,0.0,0.0,0.0,0.0,,0.36,0.0,0.0
2018-01-23,3.932,3.932,3.932,3.932,0,0.0,0.0,0.0,0.0,0.0,,0.36,0.0,0.0
2018-01-24,3.932,3.932,3.932,3.932,0,0.0,0.0,0.0,0.0,0.0,,0.36,0.0,0.0
2018-01-25,3.932,3.932,3.932,3.932,0,0.0,0.0,0.0,0.0,0.0,,0.36,0.0,0.0
2018-01-26,3.932,3.932,3.932,3.932,0,0.0,0.0,0.0,0.0,0.0,,0.36,0.0,0.0
2018-01-29,3.932,3.932,3.932,3.932,0,0.0,0.0,0.0,0.0,0.0,,0.36,0.0,0.0
2018-01-30,3.932,3.932,3.932,3.932,0,0.0,0.0,0.0,0.0,0.0,,0.36,0.0,0.0
2018-01-31,3.932,3.932,3.932,3.932,0,0.0,0.0,0.0,0.0,0.0,,0.36,0.0,0.0
2018-02-01,3.932,3.932,3.932,3.932,0,0.0,0.0,0.0,0.0,0.0,,0.36,0.0,0.0
2018-02-02,3.932,3.932,3.932,3.932,0,0.0,0.0,0.0,0.0,0.0,,0.36,0.0,0.0
2018-02-05,3.932,3.932,3.932,3.932,0,0.0,0.0,0.0,0.0,0.0,,0.36,0.0,0.0
2018-02-06,3.932,3.932,3.932,3.932,0,0.0,0.0,0.0,0.0,0.0,,0.36,0.0,0.0
2018-02-07,3.932,3.932,3.932,3.932,0,0.0,0.0,0.0,0.0,0.0,,0.36,0.0,0.0
2018-02-08,3.932,3.932,3.932,3.932,0,0.0,0.0,0.0,0.0,0.0,,0.36,0.0,0.0
2018-02-09,3.932,3.932,3.932,3.932,0,0.0,0.0,0.0,0.0,0.0,,0.36,0.0,0.0
2018-02-12,3.932,3.932,3.932,3.932,0,0.0,0.0,0.0,0.0,0.0,,0.36,0.0,0.0
2018-02-13,3.932,3.932,3.932,3.932,0,0.0,0.0,0.0,0.0,0.0,,0.36,0.0,0.0
2018-02-21,3.932,3.932,3.932,3.932,0,0.0,0.0,0.0,0.0,0.0,,0.36,0.0,0.0
2018-02-22,3.932,3.932,3.932,3.932,0,0.0,0.0,0.0,0.0,0.0,,0.36,0.0,0.0
2018-02-23,3.932,3.932,3.932,3.932,0,0.0,0.0,0.0,0.0,0.0,,0.36,0.0,0.0
2018-02-26,3.932,3.932,3.932,3.932,0,0.0,0.0,0.0,0.0,0.0,,0.36,0.0,0.0
2018-02-27,3.932,3.932,3.932,3.932,0,0.0,0.0,0.0,0.0,0.0,,0.36,0.0,0.0
2018-02-28,3.932,3.932,3.932,3.932,0,0.0,0.0,0.0,0.0,0.0,,0.36,0.0,0.0
2018-03-01,3.932,3.932,3.932,3.932,0,0.0,0.0,0.0,0.0,0.0,,0.36,0.0,0.0
2018-03-02,3.932,3.932,3.932,3.932,0,0.0,0.0,0.0,0.0,0.0,,0.36,0.0,0.0
2018-03-05,3.932,3.932,3.932,3.932,0,0.0,0.0,0.0,0.0,0.0,,0.36,0.0,0.0
2018-03-06,3.932,3.932,3.932,3.932,0,0.0,0.0,0.0,0.0,0.0,,0.36,0.0,0.0
2018-03-07,3.932,3.932,3.932,3.932,0,0.0,0.0,0.0,0.0,0.0,,0.36,0.0,0.0
2018-03-08,3.932,3.932,3.932,3.932,0,0.0,0.0,0.0,0.0,0.0,,0.36,0.0,0.0
2018-03-09,3.932,3.932,3.932,3.932,0,0.0,0.0,0.0,0.0,0.0,,0.36,0.0,0.0
2018-03-12,3.932,3.932,3.932,3.932,0,0.0,0.0,0.0,0.0,0.0,,0.36,0.0,0.0
2018-03-13,3.932,3.932,3.932,3.932,0,0.0,0.0,0.0,0.0,0.0,,0.36,0.0,0.0
2018-03-14,3.932,3.932,3.932,3.932,0,0.0,0.0,0.0,0.0,0.0,,0.36,0.0,0.0
2018-03-15,3.932,3.932,3.932,3.932,0,0.0,0.0,0.0,0.0,0.0,,0.36,0.0,0.0
2018-03-16,3.932,3.932,3.932,3.932,0,0.0,0.0,0.0,0.0,0.0,,0.36,0.0,0.0
2018-03-19,3.932,3.932,3.932,3.932,0,0.0,0.0,0.0,0.0,0.0,,0.36,0.0,0.0
2018-03-20,3.932,3.932,3.932,3.932,0,0.0,0.0,0.0,0.0,0.0,,0.36,0.0,0.0
2018-03-21,3.932,3.932,3.932,3.932,0,0.0,0.0,0.0,0.0,0.0,,0.36,0.0,0.0
2018-03-22,3.932,3.932,3.932,3.932,0,0.0,0.0,0.0,0.0,0.0,,0.36,0.0,0.0
2018-03-23,3.932,3.932,3.932,3.932,0,0.0,0.0,0.0,0.0,0.0,,0.36,0.0,0.0
2018-03-26,3.932,3.932,3.932,3.932,0,0.0,0.0,0.0,0.0,0.0,,0.36,0.0,0.0
2018-03-27,3.932,3.932,3.932,3.932,0,0.0,0.0,0.0,0.0,0.0,,0.36,0.0,0.0
2018-03-28,3.932,3.932,3.932,3.932,0,0.0,0.0,0.0,0.0,0.0,,0.36,0.0,0.0
2018-03-29,3.932,3.932,3.932,3.932,0,0.0,0.0,0.0,0.0,0.0,,0.36,0.0,0.0
2018-03-30,3.932,3.932,3.932,3.932,0,0.0,0.0,0.0,0.0,0.0,,0.36,0.0,0.0
2018-04-02,3.932,3.932,3.932,3.932,0,0.0,0.0,0.0,0.0,0.0,,0.36,0.0,0.0
2018-04-03,3.932,3.932,3.932,3.932,0,0.0,0.0,0.0,0.0,0.0,,0.36,0.0,0.0
2018-04-04,3.932,3.932,3.932,3.932,0,0.0,0.0,0.0,0.0,0.0,,0.36,0.0,0.0
2018-04-05,4.256,4.256,4.256,4.256,100,425.6,0.0,0.0,0.0,0.0,,0.36,0.0,0.0
2018-04-06,4.256,4.256,4.256,4.256,0,0.0,0.0,0.0,0.0,0.0,,0.36,0.0,0.0
2018-04-09,4.256,4.256,4.256,4.256,0,0.0,0.0,0.0,0.0,0.0,,0.36,0.0,0.0
2018-04-10,4.256,4.256,4.256,4.256,0,0.0,0.0,0.0,0.0,0.0,,0.36,0.0,0.0
2018-04-11,4.256,4.256,4.256,4.256,0,0.0,0.0,0.0,0.0,0.0,,0.36,0.0,0.0
2018-04-12,4.256,4.256,4.256,4.256,0,0.0,0.0,0.0,0.0,0.0,,0.36,0.0,0.0
2018-04-13,4.256,4.256,4.256,4.256,0,0.0,0.0,0.0,0.0,0.0,,0.36,0.0,0.0
2018-04-16,4.256,4.256,4.256,4.256,0,0.0,0.0,0.0,0.0,0.0,,0.36,0.0,0.0
2018-04-17,4.256,4.256,4.256,4.256,0,0.0,0.0,0.0,0.0,0.0,,0.36,0.0,0.0
2018-04-18,4.256,4.256,4.256,4.256,0,0.0,0.0,0.0,0.0,0.0,,0.36,0.0,0.0
2018-04-19,4.256,4.256,4.256,4.256,0,0.0,0.0,0.0,0.0,0.0,,0.36,0.0,0.0
2018-04-20,4.256,4.256,4.256,4.256,0,0.0,0.0,0.0,0.0,0.0,,0.36,0.0,0.0
2018-04-23,4.256,4.256,4.256,4.256,0,0.0,0.0,0.0,0.0,0.0,,0.36,0.0,0.0
2018-04-24,4.256,4.256,4.256,4.256,0,0.0,0.0,0.0,0.0,0.0,,0.36,0.0,0.0
2018-04-26,4.256,4.256,4.256,4.256,0,0.0,0.0,0.0,0.0,0.0,,0.36,0.0,0.0
2018-04-27,4.256,4.256,4.256,4.256,0,0.0,0.0,0.0,0.0,0.0,,0.36,0.0,0.0
2018-05-02,4.256,4.256,4.256,4.256,0,0.0,0.0,0.0,0.0,0.0,,0.36,0.0,0.0
2018-05-03,4.256,4.256,4.256,4.256,0,0.0,0.0,0.0,0.0,0.0,,0.36,0.0,0.0
2018-05-04,4.256,4.256,4.256,4.256,0,0.0,0.0,0.0,0.0,0.0,,0.36,0.0,0.0
2018-05-07,4.256,4.256,4.256,4.256,0,0.0,0.0,0.0,0.0,0.0,,0.36,0.0,0.0
2018-05-08,4.256,4.256,4.256,4.256,0,0.0,0.0,0.0,0.0,0.0,,0.36,0.0,0.0
2018-05-09,4.256,4.256,4.256,4.256,0,0.0,0.0,0.0,0.0,0.0,,0.36,0.0,0.0
2018-05-10,4.256,4.256,4.256,4.256,0,0.0,0.0,0.0,0.0,0.0,,0.36,0.0,0.0
2018-05-11,4.256,4.256,4.256,4.256,0,0.0,0.0,0.0,0.0,0.0,,0.36,0.0,0.0
2018-05-14,4.256,4.256,4.256,4.256,0,0.0,0.0,0.0,0.0,0.0,,0.36,0.0,0.0
2018-05-15,4.256,4.256,4.256,4.256,0,0.0,0.0,0.0,0.0,0.0,,0.36,0.0,0.0
2018-05-16,4.256,4.256,4.256,4.256,0,0.0,0.0,0.0,0.0,0.0,,0.36,0.0,0.0
2018-05-17,4.256,4.256,4.256,4.256,0,0.0,0.0,0.0,0.0,0.0,,0.36,0.0,0.0
2018-05-18,4.256,4.256,4.256,4.256,0,0.0,0.0,0.0,0.0,0.0,,0.36,0.0,0.0
2018-05-21,4.256,4.256,4.256,4.256,0,0.0,0.0,0.0,0.0,0.0,,0.36,0.0,0.0
2018-05-22,4.256,4.256,4.256,4.256,0,0.0,0.0,0.0,0.0,0.0,,0.36,0.0,0.0
2018-05-23,4.256,4.256,4.256,4.256,0,0.0,0.0,0.0,0.0,0.0,,0.36,0.0,0.0
2018-05-24,4.256,4.256,4.256,4.256,0,0.0,0.0,0.0,0.0,0.0,,0.36,0.0,0.0
2018-05-25,4.256,4.256,4.256,4.256,0,0.0,0.0,0.0,0.0,0.0,,0.36,0.0,0.0
2018-05-28,4.256,4.256,4.256,4.256,0,0.0,0.0,0.0,0.0,0.0,,0.36,0.0,0.0
2018-05-29,4.256,4.256,4.256,4.256,0,0.0,0.0,0.0,0.0,0.0,,0.36,0.0,0.0
2018-05-30,4.256,4.256,4.256,4.256,0,0.0,0.0,0.0,0.0,0.0,,0.36,0.0,0.0
2018-05-31,4.256,4.256,4.256,4.256,0,0.0,0.0,0.0,0.0,0.0,,0.36,0.0,0.0
2018-06-01,4.256,4.256,4.256,4.256,0,0.0,0.0,0.0,0.0,0.0,,0.36,0.0,0.0
2018-06-04,4.256,4.256,4.256,4.256,0,0.0,0.0,0.0,0.0,0.0,,0.36,0.0,0.0
2018-06-05,4.256,4.256,4.256,4.256,0,0.0,0.0,0.0,0.0,0.0,,0.36,0.0,0.0
2018-06-06,4.256,4.256,4.256,4.256,0,0.0,0.0,0.0,0.0,0.0,,0.36,0.0,0.0
2018-06-07,4.256,4.256,4.256,4.256,0,0.0,0.0,0.0,0.0,0.0,,0.36,0.0,0.0
2018-06-08,4.256,4.256,4.256,4.256,0,0.0,0.0,0.0,0.0,0.0,,0.36,0.0,0.0
2018-06-11,4.256,4.256,4.256,4.256,0,0.0,0.0,0.0,0.0,0.0,,0.36,0.0,0.0
2018-06-12,4.256,4.256,4.256,4.256,0,0.0,0.0,0.0,0.0,0.0,,0.36,0.0,0.0
2018-06-13,4.256,4.256,4.256,4.256,0,0.0,0.0,0.0,0.0,0.0,,0.36,0.0,0.0
2018-06-14,4.256,4.256,4.256,4.256,0,0.0,0.0,0.0,0.0,0.0,,0.36,0.0,0.0
2018-06-15,4.256,4.256,4.256,4.256,0,0.0,0.0,0.0,0.0,0.0,,0.36,0.0,0.0
2018-06-18,4.256,4.256,4.256,4.256,0,0.0,0.0,0.0,0.0,0.0,,0.36,0.0,0.0
2018-06-19,4.256,4.256,4.256,4.256,0,0.0,0.0,0.0,0.0,0.0,,0.36,0.0,0.0
2018-06-20,4.256,4.256,4.256,4.256,0,0.0,0.0,0.0,0.0,0.0,,0.36,0.0,0.0
2018-06-21,4.256,4.256,4.256,4.256,0,0.0,0.0,0.0,0.0,0.0,,0.36,0.0,0.0
2018-06-22,4.256,4.256,4.256,4.256,0,0.0,0.0,0.0,0.0,0.0,,0.36,0.0,0.0
2018-06-25,4.256,4.256,4.256,4.256,0,0.0,0.0,0.0,0.0,0.0,,0.36,0.0,0.0
2018-06-26,4.256,4.256,4.256,4.256,0,0.0,0.0,0.0,0.0,0.0,,0.36,0.0,0.0
2018-06-27,4.256,4.256,4.256,4.256,0,0.0,0.0,0.0,0.0,0.0,,0.36,0.0,0.0
2018-06-28,4.257,4.257,4.257,4.257,0,0.0,0.0,0.0,0.0,0.0,,0.36,0.0,0.0
2018-06-29,4.257,4.257,4.257,4.257,0,0.0,0.0,0.0,0.0,0.0,,0.36,0.0,0.0
2018-07-02,4.257,4.257,4.257,4.257,0,0.0,0.0,0.0,0.0,0.0,,0.36,0.0,0.0
2018-07-03,4.257,4.257,4.257,4.257,0,0.0,0.0,0.0,0.0,0.0,,0.36,0.0,0.0
2018-07-04,4.257,4.257,4.257,4.257,0,0.0,0.0,0.0,0.0,0.0,,0.36,0.0,0.0
2018-07-05,4.257,4.257,4.257,4.257,0,0.0,0.0,0.0,0.0,0.0,,0.36,0.0,0.0
2018-07-06,4.257,4.257,4.257,4.257,0,0.0,0.0,0.0,0.0,0.0,,0.36,0.0,0.0
2018-07-09,4.257,4.257,4.257,4.257,0,0.0,0.0,0.0,0.0,0.0,,0.36,0.0,0.0
2018-07-10,4.257,4.257,4.257,4.257,0,0.0,0.0,0.0,0.0,0.0,,0.36,0.0,0.0
2018-07-11,4.257,4.257,4.257,4.257,0,0.0,0.0,0.0,0.0,0.0,,0.36,0.0,0.0
2018-07-12,4.257,4.257,4.257,4.257,0,0.0,0.0,0.0,0.0,0.0,,0.36,0.0,0.0
2018-07-13,4.257,4.257,4.257,4.257,0,0.0,0.0,0.0,0.0,0.0,,0.36,0.0,0.0
2018-07-16,4.257,4.257,4.257,4.257,0,0.0,0.0,0.0,0.0,0.0,,0.36,0.0,0.0
2018-07-17,4.257,4.257,4.257,4.257,0,0.0,0.0,0.0,0.0,0.0,,0.36,0.0,0.0
2018-07-18,4.257,4.257,4.257,4.257,0,0.0,0.0,0.0,0.0,0.0,,0.36,0.0,0.0
2018-07-19,4.257,4.257,4.257,4.257,0,0.0,0.0,0.0,0.0,0.0,,0.36,0.0,0.0
2018-07-20,4.257,4.257,4.257,4.257,0,0.0,0.0,0.0,0.0,0.0,,0.36,0.0,0.0
2018-07-23,4.257,4.257,4.257,4.257,0,0.0,0.0,0.0,0.0,0.0,,0.36,0.0,0.0
2018-07-24,4.257,4.257,4.257,4.257,0,0.0,0.0,0.0,0.0,0.0,,0.36,0.0,0.0
2018-07-25,4.257,4.257,4.257,4.257,0,0.0,0.0,0.0,0.0,0.0,,0.36,0.0,0.0
2018-07-26,4.257,4.257,4.257,4.257,0,0.0,0.0,0.0,0.0,0.0,,0.36,0.0,0.0
2018-07-27,4.755,4.755,4.755,4.755,11800,56109.0,0.0,0.0,0.0,0.0,,0.36,0.0,0.0
2018-07-30,4.755,4.755,4.755,4.755,0,0.0,0.0,0.0,0.0,0.0,,0.36,0.0,0.0
2018-07-31,4.755,4.755,4.755,4.755,0,0.0,0.0,0.0,0.0,0.0,,0.36,0.0,0.0
2018-08-01,4.755,4.755,4.755,4.755,0,0.0,0.0,0.0,0.0,0.0,,0.36,0.0,0.0
2018-08-02,4.755,4.755,4.755,4.755,0,0.0,0.0,0.0,0.0,0.0,,0.36,0.0,0.0
2018-08-03,4.755,4.755,4.755,4.755,0,0.0,0.0,0.0,0.0,0.0,,0.36,0.0,0.0
2018-08-06,4.755,4.755,4.755,4.755,0,0.0,0.0,0.0,0.0,0.0,,0.36,0.0,0.0
2018-08-07,4.755,4.755,4.755,4.755,0,0.0,0.0,0.0,0.0,0.0,,0.36,0.0,0.0
2018-08-08,4.755,4.755,4.755,4.755,0,0.0,0.0,0.0,0.0,0.0,,0.36,0.0,0.0
2018-08-09,4.755,4.755,4.755,4.755,0,0.0,0.0,0.0,0.0,0.0,,0.36,0.0,0.0
2018-08-10,4.755,4.755,4.755,4.755,0,0.0,0.0,0.0,0.0,0.0,,0.36,0.0,0.0
2018-08-13,4.755,4.755,4.755,4.755,0,0.0,0.0,0.0,0.0,0.0,,0.36,0.0,0.0
2018-08-14,4.755,4.755,4.755,4.755,0,0.0,0.0,0.0,0.0,0.0,,0.36,0.0,0.0
2018-08-15,4.755,4.755,4.755,4.755,0,0.0,0.0,0.0,0.0,0.0,,0.36,0.0,0.0
2018-08-16,4.755,4.755,4.755,4.755,0,0.0,0.0,0.0,0.0,0.0,,0.36,0.0,0.0
2018-08-17,4.755,4.755,4.755,4.755,0,0.0,0.0,0.0,0.0,0.0,,0.36,0.0,0.0
2018-08-20,4.755,4.755,4.755,4.755,0,0.0,0.0,0.0,0.0,0.0,,0.36,0.0,0.0
2018-08-21,4.755,4.755,4.755,4.755,0,0.0,0.0,0.0,0.0,0.0,,0.36,0.0,0.0
2018-08-22,4.755,4.755,4.755,4.755,0,0.0,0.0,0.0,0.0,0.0,,0.36,0.0,0.0
2018-08-23,4.755,4.755,4.755,4.755,0,0.0,0.0,0.0,0.0,0.0,,0.36,0.0,0.0
2018-08-24,4.755,4.755,4.755,4.755,0,0.0,0.0,0.0,0.0,0.0,,0.36,0.0,0.0
2018-08-27,4.755,4.755,4.755,4.755,0,0.0,0.0,0.0,0.0,0.0,,0.36,0.0,0.0
2018-08-28,4.755,4.755,4.755,4.755,0,0.0,0.0,0.0,0.0,0.0,,0.36,0.0,0.0
2018-08-29,4.076,4.076,4.076,4.076,5800,23640.8,0.0,0.0,0.0,0.0,,0.36,0.0,0.0
2018-08-30,4.076,4.076,4.076,4.076,0,0.0,0.0,0.0,0.0,0.0,,0.36,0.0,0.0
2018-08-31,4.076,4.076,4.076,4.076,0,0.0,0.0,0.0,0.0,0.0,,0.36,0.0,0.0
2018-09-04,4.076,4.076,4.076,4.076,0,0.0,0.0,0.0,0.0,0.0,,0.36,0.0,0.0
2018-09-05,4.076,4.076,4.076,4.076,0,0.0,0.0,0.0,0.0,0.0,,0.36,0.0,0.0
2018-09-06,4.076,4.076,4.076,4.076,0,0.0,0.0,0.0,0.0,0.0,,0.36,0.0,0.0
2018-09-07,4.076,4.076,4.076,4.076,0,0.0,0.0,0.0,0.0,0.0,,0.36,0.0,0.0
2018-09-10,4.076,4.076,4.076,4.076,0,0.0,0.0,0.0,0.0,0.0,,0.36,0.0,0.0
2018-09-11,4.076,4.076,4.076,4.076,0,0.0,0.0,0.0,0.0,0.0,,0.36,0.0,0.0
2018-09-12,4.076,4.076,4.076,4.076,0,0.0,0.0,0.0,0.0,0.0,,0.36,0.0,0.0
2018-09-13,4.076,4.076,4.076,4.076,0,0.0,0.0,0.0,0.0,0.0,,0.36,0.0,0.0
2018-09-14,4.076,4.076,4.076,4.076,0,0.0,0.0,0.0,0.0,0.0,,0.36,0.0,0.0
2018-09-17,3.487,3.487,3.487,3.487,400,1394.8,0.0,0.0,0.0,0.0,,0.36,0.0,0.0
2018-09-18,3.487,3.487,3.487,3.487,0,0.0,0.0,0.0,0.0,0.0,,0.36,0.0,0.0
2018-09-19,3.487,3.487,3.487,3.487,0,0.0,0.0,0.0,0.0,0.0,,0.36,0.0,0.0
2018-09-20,3.487,3.487,3.487,3.487,0,0.0,0.0,0.0,0.0,0.0,,0.36,0.0,0.0
2018-09-21,3.487,3.487,3.487,3.487,0,0.0,0.0,0.0,0.0,0.0,,0.36,0.0,0.0
2018-09-24,3.487,3.487,3.487,3.487,0,0.0,0.0,0.0,0.0,0.0,,0.36,0.0,0.0
2018-09-25,3.487,3.487,3.487,3.487,0,0.0,0.0,0.0,0.0,0.0,,0.36,0.0,0.0
2018-09-26,3.487,3.487,3.487,3.487,0,0.0,0.0,0.0,0.0,0.0,,0.36,0.0,0.0
2018-09-27,3.487,3.487,3.487,3.487,0,0.0,0.0,0.0,0.0,0.0,,0.36,0.0,0.0
2018-09-28,3.623,3.623,3.623,3.623,3300,11955.9,0.0,0.0,0.0,0.0,,0.36,0.0,0.0
2018-10-01,3.623,3.623,3.623,3.623,0,0.0,0.0,0.0,0.0,0.0,,0.36,0.0,0.0
2018-10-02,3.623,3.623,3.623,3.623,0,0.0,0.0,0.0,0.0,0.0,,0.36,0.0,0.0
2018-10-03,3.623,3.623,3.623,3.623,0,0.0,0.0,0.0,0.0,0.0,,0.36,0.0,0.0
2018-10-04,3.623,3.623,3.623,3.623,0,0.0,0.0,0.0,0.0,0.0,,0.36,0.0,0.0
2018-10-05,3.623,3.623,3.623,3.623,0,0.0,0.0,0.0,0.0,0.0,,0.36,0.0,0.0
2018-10-08,3.849,3.849,3.849,3.849,1200,4618.8,0.0,0.0,0.0,0.0,,0.36,0.0,0.0
2018-10-09,3.849,3.849,3.849,3.849,0,0.0,0.0,0.0,0.0,0.0,,0.36,0.0,0.0
2018-10-10,3.849,3.849,3.849,3.849,0,0.0,0.0,0.0,0.0,0.0,,0.36,0.0,0.0
2018-10-11,3.849,3.849,3.849,3.849,0,0.0,0.0,0.0,0.0,0.0,,0.36,0.0,0.0
2018-10-12,3.849,3.849,3.849,3.849,0,0.0,0.0,0.0,0.0,0.0,,0.36,0.0,0.0
2018-10-15,3.849,3.849,3.849,3.849,0,0.0,0.0,0.0,0.0,0.0,,0.36,0.0,0.0
2018-10-16,3.849,3.849,3.849,3.849,0,0.0,0.0,0.0,0.0,0.0,,0.36,0.0,0.0
2018-10-17,3.849,3.849,3.849,3.849,0,0.0,0.0,0.0,0.0,0.0,,0.36,0.0,0.0
2018-10-18,3.849,3.849,3.849,3.849,0,0.0,0.0,0.0,0.0,0.0,,0.36,0.0,0.0
2018-10-19,3.849,3.849,3.849,3.849,0,0.0,0.0,0.0,0.0,0.0,,0.36,0.0,0.0
2018-10-22,3.849,3.849,3.849,3.849,0,0.0,0.0,0.0,0.0,0.0,,0.36,0.0,0.0
2018-10-23,3.849,3.849,3.849,3.849,0,0.0,0.0,0.0,0.0,0.0,,0.36,0.0,0.0
2018-10-24,3.849,3.849,3.849,3.849,0,0.0,0.0,0.0,0.0,0.0,,0.36,0.0,0.0
2018-10-25,3.849,3.849,3.849,3.849,0,0.0,0.0,0.0,0.0,0.0,,0.36,0.0,0.0
2018-10-26,3.849,3.849,3.849,3.849,0,0.0,0.0,0.0,0.0,0.0,,0.36,0.0,0.0
2018-10-29,3.849,3.849,3.849,3.849,0,0.0,0.0,0.0,0.0,0.0,,0.36,0.0,0.0
2018-10-30,3.849,3.849,3.849,3.849,0,0.0,0.0,0.0,0.0,0.0,,0.36,0.0,0.0
2018-10-31,3.849,3.849,3.849,3.849,0,0.0,0.0,0.0,0.0,0.0,,0.36,0.0,0.0
2018-11-01,3.849,3.849,3.849,3.849,0,0.0,0.0,0.0,0.0,0.0,,0.36,0.0,0.0
2018-11-02,3.849,3.849,3.849,3.849,0,0.0,0.0,0.0,0.0,0.0,,0.36,0.0,0.0
2018-11-05,3.849,3.849,3.849,3.849,0,0.0,0.0,0.0,0.0,0.0,,0.36,0.0,0.0
2018-11-06,3.849,3.849,3.849,3.849,0,0.0,0.0,0.0,0.0,0.0,,0.36,0.0,0.0
2018-11-07,3.849,3.849,3.849,3.849,0,0.0,0.0,0.0,0.0,0.0,,0.36,0.0,0.0
2018-11-08,3.849,3.849,3.849,3.849,0,0.0,0.0,0.0,0.0,0.0,,0.36,0.0,0.0
2018-11-09,3.849,3.849,3.849,3.849,0,0.0,0.0,0.0,0.0,0.0,,0.36,0.0,0.0
2018-11-12,3.849,3.849,3.849,3.849,0,0.0,0.0,0.0,0.0,0.0,,0.36,0.0,0.0
2018-11-13,3.849,3.849,3.849,3.849,0,0.0,0.0,0.0,0.0,0.0,,0.36,0.0,0.0
2018-11-14,3.849,3.849,3.849,3.849,0,0.0,0.0,0.0,0.0,0.0,,0.36,0.0,0.0
2018-11-15,3.849,3.849,3.849,3.849,0,0.0,0.0,0.0,0.0,0.0,,0.36,0.0,0.0
2018-11-16,3.849,3.849,3.849,3.849,0,0.0,0.0,0.0,0.0,0.0,,0.36,0.0,0.0
2018-11-19,3.849,3.849,3.849,3.849,0,0.0,0.0,0.0,0.0,0.0,,0.36,0.0,0.0
2018-11-20,5.389,5.389,5.389,5.389,100,538.9,0.0,0.0,0.0,0.0,,0.36,0.0,0.0
2018-11-21,5.389,5.389,5.389,5.389,0,0.0,0.0,0.0,0.0,0.0,,0.36,0.0,0.0
2018-11-22,5.389,5.389,5.389,5.389,0,0.0,0.0,0.0,0.0,0.0,,0.36,0.0,0.0
2018-11-23,5.389,5.389,5.389,5.389,0,0.0,0.0,0.0,0.0,0.0,,0.36,0.0,0.0
2018-11-26,5.389,5.389,5.389,5.389,0,0.0,0.0,0.0,0.0,0.0,,0.36,0.0,0.0
2018-11-27,5.389,5.389,5.389,5.389,0,0.0,0.0,0.0,0.0,0.0,,0.36,0.0,0.0
2018-11-28,5.389,5.389,5.389,5.389,0,0.0,0.0,0.0,0.0,0.0,,0.36,0.0,0.0
2018-11-29,5.389,5.389,5.389,5.389,0,0.0,0.0,0.0,0.0,0.0,,0.36,0.0,0.0
2018-11-30,5.389,5.389,5.389,5.389,0,0.0,0.0,0.0,0.0,0.0,,0.36,0.0,0.0
2018-12-03,5.389,5.389,5.389,5.389,18,97.002,0.0,0.0,0.0,0.0,,0.36,0.0,0.0
2018-12-04,5.389,5.389,5.389,5.389,0,0.0,0.0,0.0,0.0,0.0,,0.36,0.0,0.0
2018-12-05,5.389,5.389,5.389,5.389,0,0.0,0.0,0.0,0.0,0.0,,0.36,0.0,0.0
2018-12-06,5.389,5.389,5.389,5.389,0,0.0,0.0,0.0,0.0,0.0,,0.36,0.0,0.0
2018-12-07,5.389,5.389,5.389,5.389,0,0.0,0.0,0.0,0.0,0.0,,0.36,0.0,0.0
2018-12-10,5.389,5.389,5.389,5.389,0,0.0,0.0,0.0,0.0,0.0,,0.36,0.0,0.0
2018-12-11,5.389,5.389,5.389,5.389,0,0.0,0.0,0.0,0.0,0.0,,0.36,0.0,0.0
2018-12-12,5.389,5.389,5.389,5.389,0,0.0,0.0,0.0,0.0,0.0,,0.36,0.0,0.0
2018-12-13,5.389,5.389,5.389,5.389,0,0.0,0.0,0.0,0.0,0.0,,0.36,0.0,0.0
2018-12-14,5.389,5.389,5.389,5.389,0,0.0,0.0,0.0,0.0,0.0,,0.36,0.0,0.0
2018-12-17,5.389,5.389,5.389,5.389,0,0.0,0.0,0.0,0.0,0.0,,0.36,0.0,0.0
2018-12-18,5.389,5.389,5.389,5.389,0,0.0,0.0,0.0,0.0,0.0,,0.36,0.0,0.0
2018-12-19,5.389,5.389,5.389,5.389,0,0.0,0.0,0.0,0.0,0.0,,0.36,0.0,0.0
2018-12-20,5.389,5.389,5.389,5.389,0,0.0,0.0,0.0,0.0,0.0,,0.36,0.0,0.0
2018-12-21,5.389,5.389,5.389,5.389,0,0.0,0.0,0.0,0.0,0.0,,0.36,0.0,0.0
2018-12-24,5.389,5.389,5.389,5.389,0,0.0,0.0,0.0,0.0,0.0,,0.36,0.0,0.0
2018-12-25,5.389,5.389,5.389,5.389,0,0.0,0.0,0.0,0.0,0.0,,0.36,0.0,0.0
2018-12-26,5.389,5.389,5.389,5.389,0,0.0,0.0,0.0,0.0,0.0,,0.36,0.0,0.0
2018-12-27,5.389,5.389,5.389,5.389,0,0.0,0.0,0.0,0.0,0.0,,0.36,0.0,0.0
2018-12-28,5.389,5.389,5.389,5.389,0,0.0,0.0,0.0,0.0,0.0,,0.36,0.0,0.0
2019-01-02,5.389,5.389,5.389,5.389,0,0.0,0.0,0.0,0.0,0.0,,0.36,0.0,0.0
2019-01-03,5.389,5.389,5.389,5.389,0,0.0,0.0,0.0,0.0,0.0,,0.36,0.0,0.0
2019-01-04,5.389,5.389,5.389,5.389,0,0.0,0.0,0.0,0.0,0.0,,0.36,0.0,0.0
2019-01-07,5.389,5.389,5.389,5.389,0,0.0,0.0,0.0,0.0,0.0,,0.36,0.0,0.0
2019-01-08,5.389,5.389,5.389,5.389,0,0.0,0.0,0.0,0.0,0.0,,0.36,0.0,0.0
2019-01-09,5.389,5.389,5.389,5.389,0,0.0,0.0,0.0,0.0,0.0,,0.36,0.0,0.0
2019-01-10,5.389,5.389,5.389,5.389,0,0.0,0.0,0.0,0.0,0.0,,0.36,0.0,0.0
2019-01-11,5.389,5.389,5.389,5.389,0,0.0,0.0,0.0,0.0,0.0,,0.36,0.0,0.0
2019-01-14,5.389,5.389,5.389,5.389,0,0.0,0.0,0.0,0.0,0.0,,0.36,0.0,0.0
2019-01-15,5.389,5.389,5.389,5.389,0,0.0,0.0,0.0,0.0,0.0,,0.36,0.0,0.0
2019-01-16,5.389,5.389,5.389,5.389,0,0.0,0.0,0.0,0.0,0.0,,0.36,0.0,0.0
2019-01-17,5.389,5.389,5.389,5.389,0,0.0,0.0,0.0,0.0,0.0,,0.36,0.0,0.0
2019-01-18,5.389,5.389,5.389,5.389,0,0.0,0.0,0.0,0.0,0.0,,0.36,0.0,0.0
2019-01-21,5.389,5.389,5.389,5.389,0,0.0,0.0,0.0,0.0,0.0,,0.36,0.0,0.0
2019-01-22,5.389,5.389,5.389,5.389,0,0.0,0.0,0.0,0.0,0.0,,0.36,0.0,0.0
2019-01-23,5.389,5.389,5.389,5.389,0,0.0,0.0,0.0,0.0,0.0,,0.36,0.0,0.0
2019-01-24,5.389,5.389,5.389,5.389,0,0.0,0.0,0.0,0.0,0.0,,0.36,0.0,0.0
2019-01-25,5.389,5.389,5.389,5.389,0,0.0,0.0,0.0,0.0,0.0,,0.36,0.0,0.0
2019-01-28,5.389,5.389,5.389,5.389,0,0.0,0.0,0.0,0.0,0.0,,0.36,0.0,0.0
2019-01-29,5.389,5.389,5.389,5.389,0,0.0,0.0,0.0,0.0,0.0,,0.36,0.0,0.0
2019-01-30,5.389,5.389,5.389,5.389,0,0.0,0.0,0.0,0.0,0.0,,0.36,0.0,0.0
2019-01-31,5.389,5.389,5.389,5.389,0,0.0,0.0,0.0,0.0,0.0,,0.36,0.0,0.0
2019-02-01,5.389,5.389,5.389,5.389,0,0.0,0.0,0.0,0.0,0.0,,0.36,0.0,0.0
2019-02-11,5.389,5.389,5.389,5.389,0,0.0,0.0,0.0,0.0,0.0,,0.36,0.0,0.0
2019-02-12,5.389,5.389,5.389,5.389,0,0.0,0.0,0.0,0.0,0.0,,0.36,0.0,0.0
2019-02-13,5.389,5.389,5.389,5.389,0,0.0,0.0,0.0,0.0,0.0,,0.36,0.0,0.0
2019-02-14,5.389,5.389,5.389,5.389,0,0.0,0.0,0.0,0.0,0.0,,0.36,0.0,0.0
2019-02-15,5.389,5.389,5.389,5.389,0,0.0,0.0,0.0,0.0,0.0,,0.36,0.0,0.0
2019-02-18,5.389,5.389,5.389,5.389,0,0.0,0.0,0.0,0.0,0.0,,0.36,0.0,0.0
2019-02-19,5.389,5.389,5.389,5.389,0,0.0,0.0,0.0,0.0,0.0,,0.36,0.0,0.0
2019-02-20,5.389,5.389,5.389,5.389,0,0.0,0.0,0.0,0.0,0.0,,0.36,0.0,0.0
2019-02-21,5.389,5.389,5.389,5.389,0,0.0,0.0,0.0,0.0,0.0,,0.36,0.0,0.0
2019-02-22,5.389,5.389,5.389,5.389,0,0.0,0.0,0.0,0.0,0.0,,0.36,0.0,0.0
2019-02-25,5.389,5.389,5.389,5.389,0,0.0,0.0,0.0,0.0,0.0,,0.36,0.0,0.0
2019-02-26,5.389,5.389,5.389,5.389,0,0.0,0.0,0.0,0.0,0.0,,0.36,0.0,0.0
2019-02-27,5.389,5.389,5.389,5.389,0,0.0,0.0,0.0,0.0,0.0,,0.36,0.0,0.0
2019-02-28,5.389,5.389,5.389,5.389,0,0.0,0.0,0.0,0.0,0.0,,0.36,0.0,0.0
2019-03-01,5.389,5.389,5.389,5.389,0,0.0,0.0,0.0,0.0,0.0,,0.36,0.0,0.0
2019-03-04,5.389,5.389,5.389,5.389,0,0.0,0.0,0.0,0.0,0.0,,0.36,0.0,0.0
2019-03-05,5.389,5.389,5.389,5.389,0,0.0,0.0,0.0,0.0,0.0,,0.36,0.0,0.0
2019-03-06,5.389,5.389,5.389,5.389,0,0.0,0.0,0.0,0.0,0.0,,0.36,0.0,0.0
2019-03-07,5.389,5.389,5.389,5.389,0,0.0,0.0,0.0,0.0,0.0,,0.36,0.0,0.0
2019-03-08,5.389,5.389,5.389,5.389,0,0.0,0.0,0.0,0.0,0.0,,0.36,0.0,0.0
2019-03-11,5.389,5.389,5.389,5.389,0,0.0,0.0,0.0,0.0,0.0,,0.36,0.0,0.0
2019-03-12,5.389,5.389,5.389,5.389,0,0.0,0.0,0.0,0.0,0.0,,0.36,0.0,0.0
2019-03-13,5.389,5.389,5.389,5.389,0,0.0,0.0,0.0,0.0,0.0,,0.36,0.0,0.0
2019-03-14,5.389,5.389,5.389,5.389,0,0.0,0.0,0.0,0.0,0.0,,0.36,0.0,0.0
2019-03-15,5.389,5.389,5.389,5.389,0,0.0,0.0,0.0,0.0,0.0,,0.36,0.0,0.0
2019-03-18,5.389,5.389,5.389,5.389,0,0.0,0.0,0.0,0.0,0.0,,0.36,0.0,0.0
2019-03-19,5.389,5.389,5.389,5.389,0,0.0,0.0,0.0,0.0,0.0,,0.36,0.0,0.0
2019-03-20,5.389,5.389,5.389,5.389,0,0.0,0.0,0.0,0.0,0.0,,0.36,0.0,0.0
2019-03-21,5.389,5.389,5.389,5.389,0,0.0,0.0,0.0,0.0,0.0,,0.36,0.0,0.0
2019-03-22,4.302,4.302,4.302,4.302,2000,8604.0,0.0,0.0,0.0,0.0,,0.36,0.0,0.0
2019-03-25,4.302,4.302,4.302,4.302,0,0.0,0.0,0.0,0.0,0.0,,0.36,0.0,0.0
2019-03-26,4.302,4.302,4.302,4.302,0,0.0,0.0,0.0,0.0,0.0,,0.36,0.0,0.0
2019-03-27,4.302,4.302,4.302,4.302,0,0.0,0.0,0.0,0.0,0.0,,0.36,0.0,0.0
2019-03-28,4.302,4.302,4.302,4.302,0,0.0,0.0,0.0,0.0,0.0,,0.36,0.0,0.0
2019-03-29,4.302,4.302,4.302,4.302,0,0.0,0.0,0.0,0.0,0.0,,0.36,0.0,0.0
2019-04-01,4.302,4.302,4.302,4.302,0,0.0,0.0,0.0,0.0,0.0,,0.36,0.0,0.0
2019-04-02,4.302,4.302,4.302,4.302,0,0.0,0.0,0.0,0.0,0.0,,0.36,0.0,0.0
2019-04-03,4.302,4.302,4.302,4.302,0,0.0,0.0,0.0,0.0,0.0,,0.36,0.0,0.0
2019-04-04,4.302,4.302,4.302,4.302,0,0.0,0.0,0.0,0.0,0.0,,0.36,0.0,0.0
2019-04-05,4.302,4.302,4.302,4.302,0,0.0,0.0,0.0,0.0,0.0,,0.36,0.0,0.0
2019-04-08,4.302,4.302,4.302,4.302,0,0.0,0.0,0.0,0.0,0.0,,0.36,0.0,0.0
2019-04-09,4.302,4.302,4.302,4.302,0,0.0,0.0,0.0,0.0,0.0,,0.36,0.0,0.0
2019-04-10,4.302,4.302,4.302,4.302,0,0.0,0.0,0.0,0.0,0.0,,0.36,0.0,0.0
2019-04-11,4.302,4.302,4.302,4.302,0,0.0,0.0,0.0,0.0,0.0,,0.36,0.0,0.0
2019-04-12,4.302,4.302,4.302,4.302,0,0.0,0.0,0.0,0.0,0.0,,0.36,0.0,0.0
2019-04-16,4.302,4.302,4.302,4.302,0,0.0,0.0,0.0,0.0,0.0,,0.36,0.0,0.0
2019-04-17,4.302,4.302,4.302,4.302,0,0.0,0.0,0.0,0.0,0.0,,0.36,0.0,0.0
2019-04-18,4.302,4.302,4.302,4.302,0,0.0,0.0,0.0,0.0,0.0,,0.36,0.0,0.0
2019-04-19,4.302,4.302,4.302,4.302,0,0.0,0.0,0.0,0.0,0.0,,0.36,0.0,0.0
2019-04-22,4.302,4.302,4.302,4.302,0,0.0,0.0,0.0,0.0,0.0,,0.36,0.0,0.0
2019-04-23,4.302,4.302,4.302,4.302,0,0.0,0.0,0.0,0.0,0.0,,0.36,0.0,0.0
2019-04-24,4.302,4.302,4.302,4.302,0,0.0,0.0,0.0,0.0,0.0,,0.36,0.0,0.0
2019-04-25,4.302,4.302,4.302,4.302,0,0.0,0.0,0.0,0.0,0.0,,0.36,0.0,0.0
2019-04-26,4.302,4.302,4.302,4.302,0,0.0,0.0,0.0,0.0,0.0,,0.36,0.0,0.0
2019-05-02,4.302,4.302,4.302,4.302,0,0.0,0.0,0.0,0.0,0.0,,0.36,0.0,0.0
2019-05-03,4.302,4.302,4.302,4.302,0,0.0,0.0,0.0,0.0,0.0,,0.36,0.0,0.0
2019-05-06,4.302,4.302,4.302,4.302,0,0.0,0.0,0.0,0.0,0.0,,0.36,0.0,0.0
2019-05-07,4.302,4.302,4.302,4.302,0,0.0,0.0,0.0,0.0,0.0,,0.36,0.0,0.0
2019-05-08,4.302,4.302,4.302,4.302,0,0.0,0.0,0.0,0.0,0.0,,0.36,0.0,0.0
2019-05-09,4.302,4.302,4.302,4.302,0,0.0,0.0,0.0,0.0,0.0,,0.36,0.0,0.0
2019-05-10,4.302,4.302,4.302,4.302,0,0.0,0.0,0.0,0.0,0.0,,0.36,0.0,0.0
2019-05-13,4.302,4.302,4.302,4.302,0,0.0,0.0,0.0,0.0,0.0,,0.36,0.0,0.0
2019-05-14,4.302,4.302,4.302,4.302,0,0.0,0.0,0.0,0.0,0.0,,0.36,0.0,0.0
2019-05-15,4.302,4.302,4.302,4.302,0,0.0,0.0,0.0,0.0,0.0,,0.36,0.0,0.0
2019-05-16,4.302,4.302,4.302,4.302,0,0.0,0.0,0.0,0.0,0.0,,0.36,0.0,0.0
2019-05-17,4.302,4.302,4.302,4.302,0,0.0,0.0,0.0,0.0,0.0,,0.36,0.0,0.0
2019-05-20,4.302,4.302,4.302,4.302,0,0.0,0.0,0.0,0.0,0.0,,0.36,0.0,0.0
2019-05-21,4.302,4.302,4.302,4.302,1600,6883.199999999999,0.0,0.0,0.0,0.0,,0.36,0.0,0.0
2019-05-22,4.302,4.302,4.302,4.302,0,0.0,0.0,0.0,0.0,0.0,,0.36,0.0,0.0
2019-05-23,4.302,4.302,4.302,4.302,0,0.0,0.0,0.0,0.0,0.0,,0.36,0.0,0.0
2019-05-24,4.302,4.302,4.302,4.302,0,0.0,0.0,0.0,0.0,0.0,,0.36,0.0,0.0
2019-05-27,4.302,4.302,4.302,4.302,0,0.0,0.0,0.0,0.0,0.0,,0.36,0.0,0.0
2019-05-28,4.302,4.302,4.302,4.302,0,0.0,0.0,0.0,0.0,0.0,,0.36,0.0,0.0
2019-05-29,4.302,4.302,4.302,4.302,0,0.0,0.0,0.0,0.0,0.0,,0.36,0.0,0.0
2019-05-30,4.302,4.302,4.302,4.302,0,0.0,0.0,0.0,0.0,0.0,,0.36,0.0,0.0
2019-05-31,4.302,4.302,4.302,4.302,0,0.0,0.0,0.0,0.0,0.0,,0.36,0.0,0.0
2019-06-03,4.302,4.302,4.302,4.302,1600,6883.199999999999,0.0,0.0,0.0,0.0,,0.36,0.0,0.0
2019-06-04,4.302,4.393,4.302,4.393,3200,14057.6,0.0,0.0,0.0,0.0,,0.36,0.0,0.0
2019-06-05,4.302,4.302,4.302,4.302,0,0.0,0.0,0.0,0.0,0.0,,0.36,0.0,0.0
2019-06-06,4.302,4.302,4.302,4.302,0,0.0,0.0,0.0,0.0,0.0,,0.36,0.0,0.0
2019-06-07,4.302,4.302,4.302,4.302,0,0.0,0.0,0.0,0.0,0.0,,0.36,0.0,0.0
2019-06-10,4.302,4.302,4.302,4.302,0,0.0,0.0,0.0,0.0,0.0,,0.36,0.0,0.0
2019-06-11,4.302,4.302,4.302,4.302,0,0.0,0.0,0.0,0.0,0.0,,0.36,0.0,0.0
2019-06-12,4.302,4.302,4.302,4.302,0,0.0,0.0,0.0,0.0,0.0,,0.36,0.0,0.0
2019-06-13,4.302,4.302,4.302,4.302,0,0.0,0.0,0.0,0.0,0.0,,0.36,0.0,0.0
2019-06-14,4.302,4.302,4.302,4.302,0,0.0,0.0,0.0,0.0,0.0,,0.36,0.0,0.0
2019-06-17,4.302,4.302,4.302,4.302,0,0.0,0.0,0.0,0.0,0.0,,0.36,0.0,0.0
2019-06-18,4.302,4.302,4.302,4.302,0,0.0,0.0,0.0,0.0,0.0,,0.36,0.0,0.0
2019-06-19,4.302,4.302,4.302,4.302,0,0.0,0.0,0.0,0.0,0.0,,0.36,0.0,0.0
2019-06-20,4.302,4.302,4.302,4.302,0,0.0,0.0,0.0,0.0,0.0,,0.36,0.0,0.0
2019-06-21,4.302,4.302,4.302,4.302,0,0.0,0.0,0.0,0.0,0.0,,0.36,0.0,0.0
2019-06-24,4.302,4.302,4.302,4.302,0,0.0,0.0,0.0,0.0,0.0,,0.36,0.0,0.0
2019-06-25,4.302,4.302,4.302,4.302,0,0.0,0.0,0.0,0.0,0.0,,0.36,0.0,0.0
2019-06-26,4.302,4.302,4.302,4.302,0,0.0,0.0,0.0,0.0,0.0,,0.36,0.0,0.0
2019-06-27,4.302,4.302,4.302,4.302,0,0.0,0.0,0.0,0.0,0.0,,0.36,0.0,0.0
2019-06-28,4.302,4.302,4.302,4.302,0,0.0,0.0,0.0,0.0,0.0,,0.36,0.0,0.0
2019-07-01,4.302,4.302,4.302,4.302,0,0.0,0.0,0.0,0.0,0.0,,0.36,0.0,0.0
2019-07-02,4.302,4.302,4.302,4.302,0,0.0,0.0,0.0,0.0,0.0,,0.36,0.0,0.0
2019-07-03,4.302,4.302,4.302,4.302,0,0.0,0.0,0.0,0.0,0.0,,0.36,0.0,0.0
2019-07-04,4.302,4.302,4.302,4.302,0,0.0,0.0,0.0,0.0,0.0,,0.36,0.0,0.0
2019-07-05,4.302,4.302,4.302,4.302,0,0.0,0.0,0.0,0.0,0.0,,0.36,0.0,0.0
2019-07-08,4.302,4.302,4.302,4.302,0,0.0,0.0,0.0,0.0,0.0,,0.36,0.0,0.0
2019-07-09,4.302,4.302,4.302,4.302,0,0.0,0.0,0.0,0.0,0.0,,0.36,0.0,0.0
2019-07-10,4.302,4.302,4.302,4.302,0,0.0,0.0,0.0,0.0,0.0,,0.36,0.0,0.0
2019-07-11,4.302,4.302,4.302,4.302,0,0.0,0.0,0.0,0.0,0.0,,0.36,0.0,0.0
2019-07-12,4.302,4.302,4.302,4.302,0,0.0,0.0,0.0,0.0,0.0,,0.36,0.0,0.0
2019-07-15,4.302,4.302,4.302,4.302,0,0.0,0.0,0.0,0.0,0.0,,0.36,0.0,0.0
2019-07-16,4.302,4.302,4.302,4.302,0,0.0,0.0,0.0,0.0,0.0,,0.36,0.0,0.0
2019-07-17,4.302,4.302,4.302,4.302,0,0.0,0.0,0.0,0.0,0.0,,0.36,0.0,0.0
2019-07-18,4.661,4.661,4.661,4.661,100,466.1,0.0,0.0,0.0,0.0,,0.36,0.0,0.0
2019-07-19,4.661,4.661,4.661,4.661,0,0.0,0.0,0.0,0.0,0.0,,0.36,0.0,0.0
2019-07-22,4.712,4.712,4.712,4.712,5000,23560.0,0.0,0.0,0.0,0.0,,0.36,0.0,0.0
2019-07-23,4.712,4.712,4.712,4.712,0,0.0,0.0,0.0,0.0,0.0,,0.36,0.0,0.0
2019-07-24,4.712,4.712,4.712,4.712,0,0.0,0.0,0.0,0.0,0.0,,0.36,0.0,0.0
2019-07-25,4.712,4.712,4.712,4.712,0,0.0,0.0,0.0,0.0,0.0,,0.36,0.0,0.0
2019-07-26,4.712,4.712,4.712,4.712,0,0.0,0.0,0.0,0.0,0.0,,0.36,0.0,0.0
2019-07-29,4.712,4.712,4.712,4.712,0,0.0,0.0,0.0,0.0,0.0,,0.36,0.0,0.0
2019-07-30,4.712,4.712,4.712,4.712,0,0.0,0.0,0.0,0.0,0.0,,0.36,0.0,0.0
2019-07-31,4.712,4.712,4.712,4.712,0,0.0,0.0,0.0,0.0,0.0,,0.36,0.0,0.0
2019-08-01,4.712,4.712,4.712,4.712,0,0.0,0.0,0.0,0.0,0.0,,0.36,0.0,0.0
2019-08-02,4.712,4.712,4.712,4.712,0,0.0,0.0,0.0,0.0,0.0,,0.36,0.0,0.0
2019-08-05,4.712,4.712,4.712,4.712,0,0.0,0.0,0.0,0.0,0.0,,0.36,0.0,0.0
2019-08-06,4.712,4.712,4.712,4.712,0,0.0,0.0,0.0,0.0,0.0,,0.36,0.0,0.0
2019-08-07,4.712,4.712,4.712,4.712,0,0.0,0.0,0.0,0.0,0.0,,0.36,0.0,0.0
2019-08-08,4.712,4.712,4.712,4.712,0,0.0,0.0,0.0,0.0,0.0,,0.36,0.0,0.0
2019-08-09,4.712,4.712,4.712,4.712,0,0.0,0.0,0.0,0.0,0.0,,0.36,0.0,0.0
2019-08-12,4.712,4.712,4.712,4.712,0,0.0,0.0,0.0,0.0,0.0,,0.36,0.0,0.0
2019-08-13,4.712,4.712,4.712,4.712,0,0.0,0.0,0.0,0.0,0.0,,0.36,0.0,0.0
2019-08-14,4.712,4.712,4.712,4.712,0,0.0,0.0,0.0,0.0,0.0,,0.36,0.0,0.0
2019-08-15,4.712,4.712,4.712,4.712,0,0.0,0.0,0.0,0.0,0.0,,0.36,0.0,0.0
2019-08-16,4.712,4.712,4.712,4.712,0,0.0,0.0,0.0,0.0,0.0,,0.36,0.0,0.0
2019-08-19,4.712,4.712,4.712,4.712,0,0.0,0.0,0.0,0.0,0.0,,0.36,0.0,0.0
2019-08-20,4.712,4.712,4.712,4.712,0,0.0,0.0,0.0,0.0,0.0,,0.36,0.0,0.0
2019-08-21,4.712,4.712,4.712,4.712,0,0.0,0.0,0.0,0.0,0.0,,0.36,0.0,0.0
2019-08-22,4.712,4.712,4.712,4.712,0,0.0,0.0,0.0,0.0,0.0,,0.36,0.0,0.0
2019-08-23,4.712,4.712,4.712,4.712,0,0.0,0.0,0.0,0.0,0.0,,0.36,0.0,0.0
2019-08-26,4.712,4.712,4.712,4.712,0,0.0,0.0,0.0,0.0,0.0,,0.36,0.0,0.0
2019-08-27,4.712,4.712,4.712,4.712,0,0.0,0.0,0.0,0.0,0.0,,0.36,0.0,0.0
2019-08-28,4.712,4.712,4.712,4.712,0,0.0,0.0,0.0,0.0,0.0,,0.36,0.0,0.0
2019-08-29,4.712,4.712,4.712,4.712,0,0.0,0.0,0.0,0.0,0.0,,0.36,0.0,0.0
2019-08-30,4.712,4.712,4.712,4.712,0,0.0,0.0,0.0,0.0,0.0,,0.36,0.0,0.0
2019-09-03,4.712,4.712,4.712,4.712,0,0.0,0.0,0.0,0.0,0.0,,0.36,0.0,0.0
2019-09-04,4.712,4.712,4.712,4.712,1300,6125.599999999999,0.0,0.0,0.0,0.0,,0.36,0.0,0.0
2019-09-05,4.712,4.712,4.712,4.712,0,0.0,0.0,0.0,0.0,0.0,,0.36,0.0,0.0
2019-09-06,4.712,4.712,4.712,4.712,0,0.0,0.0,0.0,0.0,0.0,,0.36,0.0,0.0
2019-09-09,4.712,4.712,4.712,4.712,0,0.0,0.0,0.0,0.0,0.0,,0.36,0.0,0.0
2019-09-10,4.712,4.712,4.712,4.712,0,0.0,0.0,0.0,0.0,0.0,,0.36,0.0,0.0
2019-09-11,4.712,4.712,4.712,4.712,0,0.0,0.0,0.0,0.0,0.0,,0.36,0.0,0.0
2019-09-12,4.712,4.712,4.712,4.712,0,0.0,0.0,0.0,0.0,0.0,,0.36,0.0,0.0
2019-09-13,4.712,4.712,4.712,4.712,0,0.0,0.0,0.0,0.0,0.0,,0.36,0.0,0.0
2019-09-16,4.712,4.712,4.712,4.712,0,0.0,0.0,0.0,0.0,0.0,,0.36,0.0,0.0
2019-09-17,4.712,4.712,4.712,4.712,0,0.0,0.0,0.0,0.0,0.0,,0.36,0.0,0.0
2019-09-18,4.712,4.712,4.712,4.712,0,0.0,0.0,0.0,0.0,0.0,,0.36,0.0,0.0
2019-09-19,4.712,4.712,4.712,4.712,0,0.0,0.0,0.0,0.0,0.0,,0.36,0.0,0.0
2019-09-20,4.712,4.712,4.712,4.712,0,0.0,0.0,0.0,0.0,0.0,,0.36,0.0,0.0
2019-09-23,4.712,4.712,4.712,4.712,0,0.0,0.0,0.0,0.0,0.0,,0.36,0.0,0.0
2019-09-24,4.712,4.712,4.712,4.712,0,0.0,0.0,0.0,0.0,0.0,,0.36,0.0,0.0
2019-09-25,4.712,4.712,4.712,4.712,0,0.0,0.0,0.0,0.0,0.0,,0.36,0.0,0.0
2019-09-26,4.712,4.712,4.712,4.712,0,0.0,0.0,0.0,0.0,0.0,,0.36,0.0,0.0
2019-09-27,4.712,4.712,4.712,4.712,0,0.0,0.0,0.0,0.0,0.0,,0.36,0.0,0.0
2019-09-30,4.712,4.712,4.712,4.712,0,0.0,0.0,0.0,0.0,0.0,,0.36,0.0,0.0
2019-10-01,4.712,4.712,4.712,4.712,0,0.0,0.0,0.0,0.0,0.0,,0.36,0.0,0.0
2019-10-02,4.865,4.865,4.865,4.865,1600,7784.0,0.0,0.0,0.0,0.0,,0.36,0.0,0.0
2019-10-03,4.865,4.865,4.865,4.865,2000,9730.0,0.0,0.0,0.0,0.0,,0.36,0.0,0.0
2019-10-04,4.865,4.865,4.865,4.865,400,1946.0,0.0,0.0,0.0,0.0,,0.36,0.0,0.0
2019-10-07,4.865,4.865,4.865,4.865,0,0.0,0.0,0.0,0.0,0.0,,0.36,0.0,0.0
2019-10-08,4.865,4.865,4.865,4.865,0,0.0,0.0,0.0,0.0,0.0,,0.36,0.0,0.0
2019-10-09,4.865,4.865,4.865,4.865,0,0.0,0.0,0.0,0.0,0.0,,0.36,0.0,0.0
2019-10-10,4.865,4.865,4.865,4.865,0,0.0,0.0,0.0,0.0,0.0,,0.36,0.0,0.0
2019-10-11,4.865,4.865,4.865,4.865,0,0.0,0.0,0.0,0.0,0.0,,0.36,0.0,0.0
2019-10-14,4.865,4.865,4.865,4.865,0,0.0,0.0,0.0,0.0,0.0,,0.36,0.0,0.0
2019-10-15,4.865,4.865,4.865,4.865,0,0.0,0.0,0.0,0.0,0.0,,0.36,0.0,0.0
2019-10-16,4.865,4.865,4.865,4.865,0,0.0,0.0,0.0,0.0,0.0,,0.36,0.0,0.0
2019-10-17,4.865,4.865,4.865,4.865,0,0.0,0.0,0.0,0.0,0.0,,0.36,0.0,0.0
2019-10-18,4.865,4.865,4.865,4.865,0,0.0,0.0,0.0,0.0,0.0,,0.36,0.0,0.0
2019-10-21,4.865,4.865,4.865,4.865,0,0.0,0.0,0.0,0.0,0.0,,0.36,0.0,0.0
2019-10-22,4.865,4.865,4.865,4.865,0,0.0,0.0,0.0,0.0,0.0,,0.36,0.0,0.0
2019-10-23,4.865,4.865,4.865,4.865,0,0.0,0.0,0.0,0.0,0.0,,0.36,0.0,0.0
2019-10-24,4.865,4.865,4.865,4.865,0,0.0,0.0,0.0,0.0,0.0,,0.36,0.0,0.0
2019-10-25,4.865,4.865,4.865,4.865,0,0.0,0.0,0.0,0.0,0.0,,0.36,0.0,0.0
2019-10-28,4.865,4.865,4.865,4.865,0,0.0,0.0,0.0,0.0,0.0,,0.36,0.0,0.0
2019-10-29,4.865,4.865,4.865,4.865,0,0.0,0.0,0.0,0.0,0.0,,0.36,0.0,0.0
2019-10-30,4.865,4.865,4.865,4.865,0,0.0,0.0,0.0,0.0,0.0,,0.36,0.0,0.0
2019-10-31,4.865,4.865,4.865,4.865,0,0.0,0.0,0.0,0.0,0.0,,0.36,0.0,0.0
2019-11-01,4.865,4.865,4.865,4.865,0,0.0,0.0,0.0,0.0,0.0,,0.36,0.0,0.0
2019-11-04,4.865,4.865,4.865,4.865,0,0.0,0.0,0.0,0.0,0.0,,0.36,0.0,0.0
2019-11-05,4.865,4.865,4.865,4.865,0,0.0,0.0,0.0,0.0,0.0,,0.36,0.0,0.0
2019-11-06,4.865,4.865,4.865,4.865,0,0.0,0.0,0.0,0.0,0.0,,0.36,0.0,0.0
2019-11-07,4.865,4.865,4.865,4.865,0,0.0,0.0,0.0,0.0,0.0,,0.36,0.0,0.0
2019-11-08,4.865,4.865,4.865,4.865,0,0.0,0.0,0.0,0.0,0.0,,0.36,0.0,0.0
2019-11-11,4.865,4.865,4.865,4.865,0,0.0,0.0,0.0,0.0,0.0,,0.36,0.0,0.0
2019-11-12,4.865,4.865,4.865,4.865,0,0.0,0.0,0.0,0.0,0.0,,0.36,0.0,0.0
2019-11-13,4.865,4.865,4.865,4.865,0,0.0,0.0,0.0,0.0,0.0,,0.36,0.0,0.0
2019-11-14,4.865,4.865,4.865,4.865,0,0.0,0.0,0.0,0.0,0.0,,0.36,0.0,0.0
2019-11-15,4.865,4.865,4.865,4.865,0,0.0,0.0,0.0,0.0,0.0,,0.36,0.0,0.0
2019-11-18,4.865,4.865,4.865,4.865,0,0.0,0.0,0.0,0.0,0.0,,0.36,0.0,0.0
2019-11-19,4.865,4.865,4.865,4.865,0,0.0,0.0,0.0,0.0,0.0,,0.36,0.0,0.0
2019-11-20,4.865,4.865,4.865,4.865,0,0.0,0.0,0.0,0.0,0.0,,0.36,0.0,0.0
2019-11-21,4.865,4.865,4.865,4.865,0,0.0,0.0,0.0,0.0,0.0,,0.36,0.0,0.0
2019-11-22,4.865,4.865,4.865,4.865,0,0.0,0.0,0.0,0.0,0.0,,0.36,0.0,0.0
2019-11-25,4.865,4.865,4.865,4.865,0,0.0,0.0,0.0,0.0,0.0,,0.36,0.0,0.0
2019-11-26,4.865,4.865,4.865,4.865,0,0.0,0.0,0.0,0.0,0.0,,0.36,0.0,0.0
2019-11-27,4.865,4.865,4.865,4.865,0,0.0,0.0,0.0,0.0,0.0,,0.36,0.0,0.0
2019-11-28,4.865,4.865,4.865,4.865,0,0.0,0.0,0.0,0.0,0.0,,0.36,0.0,0.0
2019-11-29,4.865,4.865,4.865,4.865,0,0.0,0.0,0.0,0.0,0.0,,0.36,0.0,0.0
2019-12-02,4.865,4.865,4.865,4.865,0,0.0,0.0,0.0,0.0,0.0,,0.36,0.0,0.0
2019-12-03,4.865,4.865,4.865,4.865,0,0.0,0.0,0.0,0.0,0.0,,0.36,0.0,0.0
2019-12-04,4.865,4.865,4.865,4.865,0,0.0,0.0,0.0,0.0,0.0,,0.36,0.0,0.0
2019-12-05,4.865,4.865,4.865,4.865,0,0.0,0.0,0.0,0.0,0.0,,0.36,0.0,0.0
2019-12-06,4.865,4.865,4.865,4.865,0,0.0,0.0,0.0,0.0,0.0,,0.36,0.0,0.0
2019-12-09,4.865,4.865,4.865,4.865,0,0.0,0.0,0.0,0.0,0.0,,0.36,0.0,0.0
2019-12-10,4.865,4.865,4.865,4.865,0,0.0,0.0,0.0,0.0,0.0,,0.36,0.0,0.0
2019-12-11,4.865,4.865,4.865,4.865,0,0.0,0.0,0.0,0.0,0.0,,0.36,0.0,0.0
2019-12-12,4.865,4.865,4.865,4.865,0,0.0,0.0,0.0,0.0,0.0,,0.36,0.0,0.0
2019-12-13,4.865,4.865,4.865,4.865,0,0.0,0.0,0.0,0.0,0.0,,0.36,0.0,0.0
2019-12-16,4.865,4.865,4.865,4.865,0,0.0,0.0,0.0,0.0,0.0,,0.36,0.0,0.0
2019-12-17,4.865,4.865,4.865,4.865,0,0.0,0.0,0.0,0.0,0.0,,0.36,0.0,0.0
2019-12-18,4.865,4.865,4.865,4.865,0,0.0,0.0,0.0,0.0,0.0,,0.36,0.0,0.0
2019-12-19,4.865,4.865,4.865,4.865,0,0.0,0.0,0.0,0.0,0.0,,0.36,0.0,0.0
2019-12-20,4.865,4.865,4.865,4.865,0,0.0,0.0,0.0,0.0,0.0,,0.36,0.0,0.0
2019-12-23,4.865,4.865,4.865,4.865,0,0.0,0.0,0.0,0.0,0.0,,0.36,0.0,0.0
2019-12-24,4.865,4.865,4.865,4.865,0,0.0,0.0,0.0,0.0,0.0,,0.36,0.0,0.0
2019-12-25,4.865,4.865,4.865,4.865,0,0.0,0.0,0.0,0.0,0.0,,0.36,0.0,0.0
2019-12-26,4.865,4.865,4.865,4.865,0,0.0,0.0,0.0,0.0,0.0,,0.36,0.0,0.0
2019-12-27,4.865,4.865,4.865,4.865,0,0.0,0.0,0.0,0.0,0.0,,0.36,0.0,0.0
2019-12-30,4.865,4.865,4.865,4.865,0,0.0,0.0,0.0,0.0,0.0,,0.36,0.0,0.0
2019-12-31,4.865,4.865,4.865,4.865,0,0.0,0.0,0.0,0.0,0.0,,0.36,0.0,0.0
2020-01-02,4.865,4.865,4.865,4.865,0,0.0,0.0,0.0,0.0,0.0,,0.36,0.0,0.0
2020-01-03,4.865,4.865,4.865,4.865,0,0.0,0.0,0.0,0.0,0.0,,0.36,0.0,0.0
2020-01-06,4.865,4.865,4.865,4.865,0,0.0,0.0,0.0,0.0,0.0,,0.36,0.0,0.0
2020-01-07,4.865,4.865,4.865,4.865,0,0.0,0.0,0.0,0.0,0.0,,0.36,0.0,0.0
2020-01-08,4.865,4.865,4.865,4.865,0,0.0,0.0,0.0,0.0,0.0,,0.36,0.0,0.0
2020-01-09,4.865,4.865,4.865,4.865,0,0.0,0.0,0.0,0.0,0.0,,0.36,0.0,0.0
2020-01-10,4.865,4.865,4.865,4.865,0,0.0,0.0,0.0,0.0,0.0,,0.36,0.0,0.0
2020-01-13,4.865,4.865,4.865,4.865,0,0.0,0.0,0.0,0.0,0.0,,0.36,0.0,0.0
2020-01-14,4.865,4.865,4.865,4.865,0,0.0,0.0,0.0,0.0,0.0,,0.36,0.0,0.0
2020-01-15,4.865,4.865,4.865,4.865,0,0.0,0.0,0.0,0.0,0.0,,0.36,0.0,0.0
2020-01-16,4.865,4.865,4.865,4.865,0,0.0,0.0,0.0,0.0,0.0,,0.36,0.0,0.0
2020-01-17,4.865,4.865,4.865,4.865,0,0.0,0.0,0.0,0.0,0.0,,0.36,0.0,0.0
2020-01-20,4.865,4.865,4.865,4.865,0,0.0,0.0,0.0,0.0,0.0,,0.36,0.0,0.0
2020-01-21,4.865,4.865,4.865,4.865,0,0.0,0.0,0.0,0.0,0.0,,0.36,0.0,0.0
2020-01-22,4.865,4.865,4.865,4.865,0,0.0,0.0,0.0,0.0,0.0,,0.36,0.0,0.0
2020-01-30,4.865,4.865,4.865,4.865,0,0.0,0.0,0.0,0.0,0.0,,0.36,0.0,0.0
2020-01-31,4.865,4.865,4.865,4.865,0,0.0,0.0,0.0,0.0,0.0,,0.36,0.0,0.0
2020-02-03,4.865,4.865,4.865,4.865,0,0.0,0.0,0.0,0.0,0.0,,0.36,0.0,0.0
2020-02-04,4.865,4.865,4.865,4.865,0,0.0,0.0,0.0,0.0,0.0,,0.36,0.0,0.0
2020-02-05,4.865,4.865,4.865,4.865,0,0.0,0.0,0.0,0.0,0.0,,0.36,0.0,0.0
2020-02-06,4.865,4.865,2.919,2.919,3200,9340.8,0.0,0.0,0.0,0.0,,0.36,0.0,0.0
2020-02-07,2.97,2.97,2.97,2.97,0,0.0,0.0,0.0,0.0,0.0,,0.36,0.0,0.0
2020-02-10,2.97,2.97,2.97,2.97,0,0.0,0.0,0.0,0.0,0.0,,0.36,0.0,0.0
2020-02-11,2.97,2.97,2.97,2.97,0,0.0,0.0,0.0,0.0,0.0,,0.36,0.0,0.0
2020-02-12,2.97,2.97,2.97,2.97,0,0.0,0.0,0.0,0.0,0.0,,0.36,0.0,0.0
2020-02-13,2.97,2.97,2.97,2.97,0,0.0,0.0,0.0,0.0,0.0,,0.36,0.0,0.0
2020-02-14,2.97,2.97,2.97,2.97,0,0.0,0.0,0.0,0.0,0.0,,0.36,0.0,0.0
2020-02-17,2.97,2.97,2.97,2.97,0,0.0,0.0,0.0,0.0,0.0,,0.36,0.0,0.0
2020-02-18,2.97,2.97,2.97,2.97,0,0.0,0.0,0.0,0.0,0.0,,0.36,0.0,0.0
2020-02-19,2.97,2.97,2.97,2.97,0,0.0,0.0,0.0,0.0,0.0,,0.36,0.0,0.0
2020-02-20,2.97,2.97,2.97,2.97,0,0.0,0.0,0.0,0.0,0.0,,0.36,0.0,0.0
2020-02-21,2.97,2.97,2.97,2.97,0,0.0,0.0,0.0,0.0,0.0,,0.36,0.0,0.0
2020-02-24,2.97,2.97,2.97,2.97,0,0.0,0.0,0.0,0.0,0.0,,0.36,0.0,0.0
2020-02-25,2.97,2.97,2.97,2.97,0,0.0,0.0,0.0,0.0,0.0,,0.36,0.0,0.0
2020-02-26,2.97,2.97,2.97,2.97,0,0.0,0.0,0.0,0.0,0.0,,0.36,0.0,0.0
2020-02-27,2.97,2.97,2.97,2.97,0,0.0,0.0,0.0,0.0,0.0,,0.36,0.0,0.0
2020-02-28,2.97,2.97,2.97,2.97,0,0.0,0.0,0.0,0.0,0.0,,0.36,0.0,0.0
2020-03-02,2.97,2.97,2.97,2.97,0,0.0,0.0,0.0,0.0,0.0,,0.36,0.0,0.0
2020-03-03,2.97,2.97,2.97,2.97,0,0.0,0.0,0.0,0.0,0.0,,0.36,0.0,0.0
2020-03-04,2.97,2.97,2.97,2.97,0,0.0,0.0,0.0,0.0,0.0,,0.36,0.0,0.0
2020-03-05,2.97,2.97,2.97,2.97,0,0.0,0.0,0.0,0.0,0.0,,0.36,0.0,0.0
2020-03-06,2.97,2.97,2.97,2.97,0,0.0,0.0,0.0,0.0,0.0,,0.36,0.0,0.0
2020-03-09,2.97,2.97,2.97,2.97,0,0.0,0.0,0.0,0.0,0.0,,0.36,0.0,0.0
2020-03-10,2.97,2.97,2.97,2.97,0,0.0,0.0,0.0,0.0,0.0,,0.36,0.0,0.0
2020-03-11,2.97,2.97,2.97,2.97,0,0.0,0.0,0.0,0.0,0.0,,0.36,0.0,0.0
2020-03-12,2.97,2.97,2.97,2.97,0,0.0,0.0,0.0,0.0,0.0,,0.36,0.0,0.0
2020-03-13,2.97,2.97,2.97,2.97,0,0.0,0.0,0.0,0.0,0.0,,0.36,0.0,0.0
2020-03-16,2.97,2.97,2.97,2.97,0,0.0,0.0,0.0,0.0,0.0,,0.36,0.0,0.0
2020-03-17,2.97,2.97,2.97,2.97,0,0.0,0.0,0.0,0.0,0.0,,0.36,0.0,0.0
2020-03-18,2.97,2.97,2.97,2.97,0,0.0,0.0,0.0,0.0,0.0,,0.36,0.0,0.0
2020-03-19,2.97,2.97,2.97,2.97,0,0.0,0.0,0.0,0.0,0.0,,0.36,0.0,0.0
2020-03-20,2.97,2.97,2.97,2.97,0,0.0,0.0,0.0,0.0,0.0,,0.36,0.0,0.0
2020-03-23,2.97,2.97,2.97,2.97,0,0.0,0.0,0.0,0.0,0.0,,0.36,0.0,0.0
2020-03-24,2.97,2.97,2.97,2.97,0,0.0,0.0,0.0,0.0,0.0,,0.36,0.0,0.0
2020-03-25,2.97,2.97,2.97,2.97,0,0.0,0.0,0.0,0.0,0.0,,0.36,0.0,0.0
2020-03-26,2.97,2.97,2.97,2.97,0,0.0,0.0,0.0,0.0,0.0,,0.36,0.0,0.0
2020-03-27,2.97,2.97,2.97,2.97,0,0.0,0.0,0.0,0.0,0.0,,0.36,0.0,0.0
2020-03-30,2.97,2.97,2.97,2.97,0,0.0,0.0,0.0,0.0,0.0,,0.36,0.0,0.0
2020-03-31,2.97,2.97,2.97,2.97,0,0.0,0.0,0.0,0.0,0.0,,0.36,0.0,0.0
2020-04-01,2.97,2.97,2.97,2.97,0,0.0,0.0,0.0,0.0,0.0,,0.36,0.0,0.0
2020-04-03,2.97,2.97,2.97,2.97,0,0.0,0.0,0.0,0.0,0.0,,0.36,0.0,0.0
2020-04-06,2.97,2.97,2.97,2.97,0,0.0,0.0,0.0,0.0,0.0,,0.36,0.0,0.0
2020-04-07,2.97,2.97,2.97,2.97,0,0.0,0.0,0.0,0.0,0.0,,0.36,0.0,0.0
2020-04-08,2.97,2.97,2.97,2.97,0,0.0,0.0,0.0,0.0,0.0,,0.36,0.0,0.0
2020-04-09,2.97,2.97,2.97,2.97,0,0.0,0.0,0.0,0.0,0.0,,0.36,0.0,0.0
2020-04-10,2.97,2.97,2.97,2.97,0,0.0,0.0,0.0,0.0,0.0,,0.36,0.0,0.0
2020-04-13,2.97,2.97,2.97,2.97,0,0.0,0.0,0.0,0.0,0.0,,0.36,0.0,0.0
2020-04-14,2.97,2.97,2.97,2.97,0,0.0,0.0,0.0,0.0,0.0,,0.36,0.0,0.0
2020-04-15,2.97,2.97,2.97,2.97,0,0.0,0.0,0.0,0.0,0.0,,0.36,0.0,0.0
2020-04-16,2.97,2.97,2.97,2.97,0,0.0,0.0,0.0,0.0,0.0,,0.36,0.0,0.0
2020-04-17,2.97,2.97,2.97,2.97,0,0.0,0.0,0.0,0.0,0.0,,0.36,0.0,0.0
2020-04-20,2.97,2.97,2.97,2.97,0,0.0,0.0,0.0,0.0,0.0,,0.36,0.0,0.0
2020-04-21,2.97,2.97,2.97,2.97,0,0.0,0.0,0.0,0.0,0.0,,0.36,0.0,0.0
2020-04-22,2.97,2.97,2.97,2.97,0,0.0,0.0,0.0,0.0,0.0,,0.36,0.0,0.0
2020-04-23,2.97,2.97,2.97,2.97,0,0.0,0.0,0.0,0.0,0.0,,0.36,0.0,0.0
2020-04-24,2.97,2.97,2.97,2.97,0,0.0,0.0,0.0,0.0,0.0,,0.36,0.0,0.0
2020-04-27,2.97,2.97,2.97,2.97,0,0.0,0.0,0.0,0.0,0.0,,0.36,0.0,0.0
2020-04-28,2.97,2.97,2.97,2.97,0,0.0,0.0,0.0,0.0,0.0,,0.36,0.0,0.0
2020-04-29,2.97,2.97,2.97,2.97,0,0.0,0.0,0.0,0.0,0.0,,0.36,0.0,0.0
2020-05-04,2.97,2.97,2.97,2.97,0,0.0,0.0,0.0,0.0,0.0,,0.36,0.0,0.0
2020-05-05,2.97,2.97,2.97,2.97,0,0.0,0.0,0.0,0.0,0.0,,0.36,0.0,0.0
2020-05-06,2.97,2.97,2.97,2.97,0,0.0,0.0,0.0,0.0,0.0,,0.36,0.0,0.0
2020-05-07,2.97,2.97,2.97,2.97,0,0.0,0.0,0.0,0.0,0.0,,0.36,0.0,0.0
2020-05-08,2.97,2.97,2.97,2.97,0,0.0,0.0,0.0,0.0,0.0,,0.36,0.0,0.0
2020-05-11,3.175,3.175,3.175,3.175,100,317.5,0.0,0.0,0.0,0.0,,0.36,0.0,0.0
2020-05-12,3.175,3.175,3.175,3.175,0,0.0,0.0,0.0,0.0,0.0,,0.36,0.0,0.0
2020-05-13,3.175,3.175,3.175,3.175,0,0.0,0.0,0.0,0.0,0.0,,0.36,0.0,0.0
2020-05-14,3.175,3.175,3.175,3.175,0,0.0,0.0,0.0,0.0,0.0,,0.36,0.0,0.0
2020-05-15,3.175,3.175,3.175,3.175,0,0.0,0.0,0.0,0.0,0.0,,0.36,0.0,0.0
2020-05-18,3.175,3.175,3.175,3.175,0,0.0,0.0,0.0,0.0,0.0,,0.36,0.0,0.0
2020-05-19,3.175,3.175,3.175,3.175,0,0.0,0.0,0.0,0.0,0.0,,0.36,0.0,0.0
2020-05-20,3.175,3.175,3.175,3.175,0,0.0,0.0,0.0,0.0,0.0,,0.36,0.0,0.0
2020-05-21,3.175,3.175,3.175,3.175,0,0.0,0.0,0.0,0.0,0.0,,0.36,0.0,0.0
2020-05-22,3.175,3.175,3.175,3.175,0,0.0,0.0,0.0,0.0,0.0,,0.36,0.0,0.0
2020-05-25,3.175,3.175,3.175,3.175,0,0.0,0.0,0.0,0.0,0.0,,0.36,0.0,0.0
2020-05-26,3.175,3.175,3.175,3.175,0,0.0,0.0,0.0,0.0,0.0,,0.36,0.0,0.0
2020-05-27,3.175,3.175,3.175,3.175,0,0.0,0.0,0.0,0.0,0.0,,0.36,0.0,0.0
2020-05-28,3.175,3.175,3.175,3.175,0,0.0,0.0,0.0,0.0,0.0,,0.36,0.0,0.0
2020-05-29,3.175,3.175,3.175,3.175,0,0.0,0.0,0.0,0.0,0.0,,0.36,0.0,0.0
2020-06-01,3.175,3.175,3.175,3.175,0,0.0,0.0,0.0,0.0,0.0,,0.36,0.0,0.0
2020-06-02,3.175,3.175,3.175,3.175,0,0.0,0.0,0.0,0.0,0.0,,0.36,0.0,0.0
2020-06-03,3.175,3.175,3.175,3.175,0,0.0,0.0,0.0,0.0,0.0,,0.36,0.0,0.0
2020-06-04,3.175,3.175,3.175,3.175,0,0.0,0.0,0.0,0.0,0.0,,0.36,0.0,0.0
2020-06-05,3.175,3.175,3.175,3.175,0,0.0,0.0,0.0,0.0,0.0,,0.36,0.0,0.0
2020-06-08,3.175,3.175,3.175,3.175,0,0.0,0.0,0.0,0.0,0.0,,0.36,0.0,0.0
2020-06-09,3.175,3.175,3.175,3.175,0,0.0,0.0,0.0,0.0,0.0,,0.36,0.0,0.0
2020-06-10,3.175,3.175,3.175,3.175,0,0.0,0.0,0.0,0.0,0.0,,0.36,0.0,0.0
2020-06-11,3.175,3.175,3.175,3.175,0,0.0,0.0,0.0,0.0,0.0,,0.36,0.0,0.0
2020-06-12,3.175,3.175,3.175,3.175,0,0.0,0.0,0.0,0.0,0.0,,0.36,0.0,0.0
2020-06-15,3.175,3.175,3.175,3.175,0,0.0,0.0,0.0,0.0,0.0,,0.36,0.0,0.0
2020-06-16,3.175,3.175,3.175,3.175,0,0.0,0.0,0.0,0.0,0.0,,0.36,0.0,0.0
2020-06-17,3.175,3.175,3.175,3.175,0,0.0,0.0,0.0,0.0,0.0,,0.36,0.0,0.0
2020-06-18,3.175,3.175,3.175,3.175,0,0.0,0.0,0.0,0.0,0.0,,0.36,0.0,0.0
2020-06-19,3.175,3.175,3.175,3.175,0,0.0,0.0,0.0,0.0,0.0,,0.36,0.0,0.0
2020-06-22,3.175,3.175,3.175,3.175,0,0.0,0.0,0.0,0.0,0.0,,0.36,0.0,0.0
2020-06-23,3.175,3.175,3.175,3.175,0,0.0,0.0,0.0,0.0,0.0,,0.36,0.0,0.0
2020-06-24,3.687,3.687,3.687,3.687,100,368.7,0.0,0.0,0.0,0.0,,0.36,0.0,0.0
2020-06-25,3.687,3.687,3.687,3.687,0,0.0,0.0,0.0,0.0,0.0,,0.36,0.0,0.0
2020-06-26,3.687,3.687,3.687,3.687,0,0.0,0.0,0.0,0.0,0.0,,0.36,0.0,0.0
2020-06-29,3.687,3.687,3.687,3.687,0,0.0,0.0,0.0,0.0,0.0,,0.36,0.0,0.0
2020-06-30,3.687,3.687,3.687,3.687,0,0.0,0.0,0.0,0.0,0.0,,0.36,0.0,0.0
2020-07-01,3.687,3.687,3.687,3.687,0,0.0,0.0,0.0,0.0,0.0,,0.36,0.0,0.0
2020-07-02,3.687,3.687,3.687,3.687,0,0.0,0.0,0.0,0.0,0.0,,0.36,0.0,0.0
2020-07-03,3.687,3.687,3.687,3.687,0,0.0,0.0,0.0,0.0,0.0,,0.36,0.0,0.0
2020-07-06,3.687,3.687,3.687,3.687,0,0.0,0.0,0.0,0.0,0.0,,0.36,0.0,0.0
2020-07-07,3.687,3.687,3.687,3.687,0,0.0,0.0,0.0,0.0,0.0,,0.36,0.0,0.0
2020-07-08,3.687,3.687,3.687,3.687,0,0.0,0.0,0.0,0.0,0.0,,0.36,0.0,0.0
2020-07-09,3.687,3.687,3.687,3.687,0,0.0,0.0,0.0,0.0,0.0,,0.36,0.0,0.0
2020-07-10,3.687,3.687,3.687,3.687,0,0.0,0.0,0.0,0.0,0.0,,0.36,0.0,0.0
2020-07-13,3.687,3.687,3.687,3.687,0,0.0,0.0,0.0,0.0,0.0,,0.36,0.0,0.0
2020-07-14,3.687,3.687,3.687,3.687,0,0.0,0.0,0.0,0.0,0.0,,0.36,0.0,0.0
2020-07-15,3.687,3.687,3.687,3.687,0,0.0,0.0,0.0,0.0,0.0,,0.36,0.0,0.0
2020-07-16,3.687,3.687,3.687,3.687,0,0.0,0.0,0.0,0.0,0.0,,0.36,0.0,0.0
2020-07-17,3.687,3.687,3.687,3.687,0,0.0,0.0,0.0,0.0,0.0,,0.36,0.0,0.0
2020-07-20,3.687,3.687,3.687,3.687,0,0.0,0.0,0.0,0.0,0.0,,0.36,0.0,0.0
2020-07-21,3.687,3.687,3.687,3.687,0,0.0,0.0,0.0,0.0,0.0,,0.36,0.0,0.0
2020-07-22,3.687,3.687,3.687,3.687,0,0.0,0.0,0.0,0.0,0.0,,0.36,0.0,0.0
2020-07-23,3.687,3.687,3.687,3.687,0,0.0,0.0,0.0,0.0,0.0,,0.36,0.0,0.0
2020-07-24,3.687,3.687,3.687,3.687,0,0.0,0.0,0.0,0.0,0.0,,0.36,0.0,0.0
2020-07-27,3.687,3.687,3.687,3.687,0,0.0,0.0,0.0,0.0,0.0,,0.36,0.0,0.0
2020-07-28,3.687,3.687,3.687,3.687,0,0.0,0.0,0.0,0.0,0.0,,0.36,0.0,0.0
2020-07-29,3.687,3.687,3.687,3.687,0,0.0,0.0,0.0,0.0,0.0,,0.36,0.0,0.0
2020-07-30,3.687,3.687,3.687,3.687,0,0.0,0.0,0.0,0.0,0.0,,0.36,0.0,0.0
2020-07-31,3.687,3.687,3.687,3.687,0,0.0,0.0,0.0,0.0,0.0,,0.36,0.0,0.0
2020-08-03,3.687,3.687,3.687,3.687,0,0.0,0.0,0.0,0.0,0.0,,0.36,0.0,0.0
2020-08-04,3.687,3.687,3.687,3.687,0,0.0,0.0,0.0,0.0,0.0,,0.36,0.0,0.0
2020-08-05,3.687,3.687,3.687,3.687,0,0.0,0.0,0.0,0.0,0.0,,0.36,0.0,0.0
2020-08-06,3.687,3.687,3.687,3.687,0,0.0,0.0,0.0,0.0,0.0,,0.36,0.0,0.0
2020-08-07,4.214,4.214,4.214,4.214,100,421.4,0.0,0.0,0.0,0.0,,0.36,0.0,0.0
2020-08-10,4.214,4.214,4.214,4.214,0,0.0,0.0,0.0,0.0,0.0,,0.36,0.0,0.0
2020-08-11,4.214,4.214,4.214,4.214,0,0.0,0.0,0.0,0.0,0.0,,0.36,0.0,0.0
2020-08-12,4.214,4.214,4.214,4.214,0,0.0,0.0,0.0,0.0,0.0,,0.36,0.0,0.0
2020-08-13,4.214,4.214,4.214,4.214,0,0.0,0.0,0.0,0.0,0.0,,0.36,0.0,0.0
2020-08-14,4.214,4.214,4.214,4.214,0,0.0,0.0,0.0,0.0,0.0,,0.36,0.0,0.0
2020-08-17,4.214,4.214,4.214,4.214,0,0.0,0.0,0.0,0.0,0.0,,0.36,0.0,0.0
2020-08-18,4.214,4.214,4.214,4.214,0,0.0,0.0,0.0,0.0,0.0,,0.36,0.0,0.0
2020-08-19,4.214,4.214,4.214,4.214,0,0.0,0.0,0.0,0.0,0.0,,0.36,0.0,0.0
2020-08-20,4.807,4.807,4.807,4.807,100,480.7000000000001,0.0,0.0,0.0,0.0,,0.36,0.0,0.0
2020-08-21,5.465,5.465,5.465,5.465,100,546.5,0.0,0.0,0.0,0.0,,0.36,0.0,0.0
2020-08-24,6.255,6.255,6.255,6.255,3600,22518.0,0.0,0.0,0.0,0.0,,0.36,0.0,0.0
2020-08-25,6.255,6.255,6.255,6.255,0,0.0,0.0,0.0,0.0,0.0,,0.36,0.0,0.0
2020-08-26,7.177,7.177,7.177,7.177,200,1435.4,0.0,0.0,0.0,0.0,,0.36,0.0,0.0
2020-08-27,6.585,6.585,6.585,6.585,100,658.5,0.0,0.0,0.0,0.0,,0.36,0.0,0.0
2020-08-28,6.585,6.585,6.585,6.585,0,0.0,0.0,0.0,0.0,0.0,,0.36,0.0,0.0
2020-08-31,6.585,6.585,6.585,6.585,0,0.0,0.0,0.0,0.0,0.0,,0.36,0.0,0.0
2020-09-01,6.585,6.585,6.585,6.585,0,0.0,0.0,0.0,0.0,0.0,,0.36,0.0,0.0
2020-09-03,6.585,6.585,6.585,6.585,0,0.0,0.0,0.0,0.0,0.0,,0.36,0.0,0.0
2020-09-04,6.585,6.585,6.585,6.585,0,0.0,0.0,0.0,0.0,0.0,,0.36,0.0,0.0
2020-09-07,6.585,6.585,6.585,6.585,0,0.0,0.0,0.0,0.0,0.0,,0.36,0.0,0.0
2020-09-08,6.585,6.585,6.585,6.585,0,0.0,0.0,0.0,0.0,0.0,,0.36,0.0,0.0
2020-09-09,6.585,6.585,6.585,6.585,0,0.0,0.0,0.0,0.0,0.0,,0.36,0.0,0.0
2020-09-10,6.585,6.585,6.585,6.585,0,0.0,0.0,0.0,0.0,0.0,,0.36,0.0,0.0
2020-09-11,6.585,6.585,6.585,6.585,0,0.0,0.0,0.0,0.0,0.0,,0.36,0.0,0.0
2020-09-14,6.585,6.585,6.585,6.585,0,0.0,0.0,0.0,0.0,0.0,,0.36,0.0,0.0
2020-09-15,6.585,6.585,6.585,6.585,0,0.0,0.0,0.0,0.0,0.0,,0.36,0.0,0.0
2020-09-16,6.585,6.585,6.585,6.585,1400,9219.0,0.0,0.0,0.0,0.0,,0.36,0.0,0.0
2020-09-17,6.585,6.585,6.585,6.585,0,0.0,0.0,0.0,0.0,0.0,,0.36,0.0,0.0
2020-09-18,6.585,6.585,6.585,6.585,0,0.0,0.0,0.0,0.0,0.0,,0.36,0.0,0.0
2020-09-21,6.585,6.585,6.585,6.585,0,0.0,0.0,0.0,0.0,0.0,,0.36,0.0,0.0
2020-09-22,7.572,7.572,7.572,7.572,100,757.2,0.0,0.0,0.0,0.0,,0.36,0.0,0.0
2020-09-23,7.572,7.572,7.572,7.572,0,0.0,0.0,0.0,0.0,0.0,,0.36,0.0,0.0
2020-09-24,7.572,7.572,7.572,7.572,0,0.0,0.0,0.0,0.0,0.0,,0.36,0.0,0.0
2020-09-25,6.585,6.65,6.585,6.65,4600,30590.0,800.0,0.0,10000.0,0.0,,0.36,0.01,0.0
2020-09-28,6.585,6.585,6.585,6.585,0,0.0,0.0,0.0,0.0,0.0,,0.36,0.0,0.0
2020-09-29,6.585,6.585,6.585,6.585,0,0.0,0.0,0.0,0.0,0.0,,0.36,0.0,0.0
2020-09-30,6.585,6.585,6.585,6.585,0,0.0,0.0,0.0,0.0,0.0,,0.36,0.0,0.0
2020-10-01,6.585,6.585,6.585,6.585,0,0.0,0.0,0.0,0.0,0.0,,0.36,0.0,0.0
2020-10-02,6.585,6.585,6.585,6.585,0,0.0,0.0,0.0,0.0,0.0,,0.36,0.0,0.0
2020-10-05,6.585,6.585,6.585,6.585,0,0.0,0.0,0.0,0.0,0.0,,0.36,0.0,0.0
2020-10-06,6.585,6.585,6.585,6.585,0,0.0,0.0,0.0,0.0,0.0,,0.36,0.0,0.0
2020-10-07,6.585,6.585,6.585,6.585,0,0.0,0.0,0.0,0.0,0.0,,0.36,0.0,0.0
2020-10-08,6.585,6.585,6.585,6.585,0,0.0,0.0,0.0,0.0,0.0,,0.36,0.0,0.0
2020-10-09,6.585,6.585,6.585,6.585,0,0.0,0.0,0.0,0.0,0.0,,0.36,0.0,0.0
2020-10-12,6.585,6.585,6.585,6.585,0,0.0,0.0,0.0,0.0,0.0,,0.36,0.0,0.0
2020-10-13,6.585,6.585,6.585,6.585,0,0.0,0.0,0.0,0.0,0.0,,0.36,0.0,0.0
2020-10-14,6.585,6.585,6.585,6.585,0,0.0,0.0,0.0,0.0,0.0,,0.36,0.0,0.0
2020-10-15,6.585,6.585,6.585,6.585,0,0.0,0.0,0.0,0.0,0.0,,0.36,0.0,0.0
2020-10-16,6.585,6.585,6.585,6.585,0,0.0,0.0,0.0,0.0,0.0,,0.36,0.0,0.0
2020-10-19,6.585,6.585,6.585,6.585,0,0.0,0.0,0.0,0.0,0.0,,0.36,0.0,0.0
2020-10-20,6.585,6.585,6.585,6.585,0,0.0,0.0,0.0,0.0,0.0,,0.36,0.0,0.0
2020-10-21,6.585,6.585,6.585,6.585,0,0.0,0.0,0.0,0.0,0.0,,0.36,0.0,0.0
2020-10-22,6.585,6.585,6.585,6.585,0,0.0,0.0,0.0,0.0,0.0,,0.36,0.0,0.0
2020-10-23,6.585,6.585,6.585,6.585,5000,32925.0,0.0,0.0,0.0,0.0,,0.36,0.0,0.0
2020-10-26,6.585,6.585,6.585,6.585,0,0.0,0.0,0.0,0.0,0.0,,0.36,0.0,0.0
2020-10-27,6.585,6.585,6.585,6.585,0,0.0,0.0,0.0,0.0,0.0,,0.36,0.0,0.0
2020-10-28,6.585,6.585,6.585,6.585,0,0.0,0.0,0.0,0.0,0.0,,0.36,0.0,0.0
2020-10-29,6.585,6.585,6.585,6.585,0,0.0,0.0,0.0,0.0,0.0,,0.36,0.0,0.0
2020-10-30,6.585,6.585,6.585,6.585,0,0.0,0.0,0.0,0.0,0.0,,0.36,0.0,0.0
2020-11-02,6.585,6.585,6.585,6.585,0,0.0,0.0,0.0,0.0,0.0,,0.36,0.0,0.0
2020-11-03,6.585,6.585,6.585,6.585,0,0.0,0.0,0.0,0.0,0.0,,0.36,0.0,0.0
2020-11-04,6.585,6.585,6.585,6.585,0,0.0,0.0,0.0,0.0,0.0,,0.36,0.0,0.0
2020-11-05,6.585,6.585,6.585,6.585,0,0.0,0.0,0.0,0.0,0.0,,0.36,0.0,0.0
2020-11-06,6.585,6.585,6.585,6.585,0,0.0,0.0,0.0,0.0,0.0,,0.36,0.0,0.0
2020-11-09,6.585,6.585,6.585,6.585,0,0.0,0.0,0.0,0.0,0.0,,0.36,0.0,0.0
2020-11-10,6.585,6.585,6.585,6.585,0,0.0,0.0,0.0,0.0,0.0,,0.36,0.0,0.0
2020-11-11,6.585,6.585,6.585,6.585,0,0.0,0.0,0.0,0.0,0.0,,0.36,0.0,0.0
2020-11-12,6.585,6.585,6.585,6.585,0,0.0,0.0,0.0,0.0,0.0,,0.36,0.0,0.0
2020-11-13,6.585,6.585,6.585,6.585,2000,13170.0,0.0,0.0,0.0,0.0,,0.36,0.0,0.0
2020-11-16,6.585,6.585,6.585,6.585,0,0.0,0.0,0.0,0.0,0.0,,0.36,0.0,0.0
2020-11-17,6.585,6.585,6.585,6.585,0,0.0,0.0,0.0,0.0,0.0,,0.36,0.0,0.0
2020-11-18,6.585,6.585,6.585,6.585,0,0.0,0.0,0.0,0.0,0.0,,0.36,0.0,0.0
2020-11-19,6.585,6.585,6.585,6.585,0,0.0,0.0,0.0,0.0,0.0,,0.36,0.0,0.0
2020-11-20,6.585,6.585,6.585,6.585,0,0.0,0.0,0.0,0.0,0.0,,0.36,0.0,0.0
2020-11-23,6.585,6.585,6.585,6.585,0,0.0,0.0,0.0,0.0,0.0,,0.36,0.0,0.0
2020-11-24,6.585,6.585,6.585,6.585,300,1975.5,0.0,0.0,0.0,0.0,,0.36,0.0,0.0
2020-11-25,6.585,6.585,6.585,6.585,0,0.0,0.0,0.0,0.0,0.0,,0.36,0.0,0.0
2020-11-26,6.585,6.585,6.585,6.585,0,0.0,0.0,0.0,0.0,0.0,,0.36,0.0,0.0
2020-11-27,6.585,6.585,6.585,6.585,0,0.0,0.0,0.0,0.0,0.0,,0.36,0.0,0.0
2020-11-30,6.585,6.585,6.585,6.585,0,0.0,0.0,0.0,0.0,0.0,,0.36,0.0,0.0
2020-12-01,6.585,6.585,6.585,6.585,0,0.0,0.0,0.0,0.0,0.0,,0.36,0.0,0.0
2020-12-02,6.585,6.585,6.585,6.585,0,0.0,0.0,0.0,0.0,0.0,,0.36,0.0,0.0
2020-12-03,6.585,6.585,6.585,6.585,0,0.0,0.0,0.0,0.0,0.0,,0.36,0.0,0.0
2020-12-04,6.585,6.585,6.585,6.585,0,0.0,0.0,0.0,0.0,0.0,,0.36,0.0,0.0
2020-12-07,6.585,6.585,6.585,6.585,0,0.0,0.0,0.0,0.0,0.0,,0.36,0.0,0.0
2020-12-08,6.585,6.585,6.585,6.585,0,0.0,0.0,0.0,0.0,0.0,,0.36,0.0,0.0
2020-12-09,6.585,6.585,6.585,6.585,0,0.0,0.0,0.0,0.0,0.0,,0.36,0.0,0.0
2020-12-10,6.585,6.585,6.585,6.585,0,0.0,0.0,0.0,0.0,0.0,,0.36,0.0,0.0
2020-12-11,7.375,7.572,7.375,7.572,5500,41646.0,0.0,0.0,0.0,0.0,,0.36,0.0,0.0
2020-12-14,7.506,7.506,7.506,7.506,0,0.0,0.0,0.0,0.0,0.0,,0.36,0.0,0.0
2020-12-15,7.506,7.506,7.506,7.506,0,0.0,0.0,0.0,0.0,0.0,,0.36,0.0,0.0
2020-12-16,7.506,7.506,7.506,7.506,0,0.0,0.0,0.0,0.0,0.0,,0.36,0.0,0.0
2020-12-17,7.506,7.506,7.506,7.506,0,0.0,0.0,0.0,0.0,0.0,,0.36,0.0,0.0
2020-12-18,7.506,7.506,7.506,7.506,0,0.0,0.0,0.0,0.0,0.0,,0.36,0.0,0.0
2020-12-21,7.506,7.506,7.506,7.506,0,0.0,0.0,0.0,0.0,0.0,,0.36,0.0,0.0
2020-12-22,7.506,7.506,7.506,7.506,0,0.0,0.0,0.0,0.0,0.0,,0.36,0.0,0.0
2020-12-23,6.387,6.387,6.387,6.387,1500,9580.5,0.0,0.0,0.0,0.0,,0.36,0.0,0.0
2020-12-24,7.243,7.243,7.243,7.243,3100,22453.3,0.0,0.0,0.0,0.0,,0.36,0.0,0.0
2020-12-25,7.243,7.243,7.243,7.243,0,0.0,0.0,0.0,0.0,0.0,,0.36,0.0,0.0
2020-12-28,7.243,7.243,7.243,7.243,0,0.0,0.0,0.0,0.0,0.0,,0.36,0.0,0.0
2020-12-29,7.243,7.243,7.243,7.243,0,0.0,0.0,0.0,0.0,0.0,,0.36,0.0,0.0
2020-12-30,7.243,7.243,7.243,7.243,0,0.0,0.0,0.0,0.0,0.0,,0.36,0.0,0.0
2020-12-31,7.309,7.309,7.309,7.309,600,4385.400000000001,0.0,0.0,0.0,0.0,,0.36,0.0,0.0
2021-01-04,7.309,7.309,7.309,7.309,0,0.0,0.0,0.0,0.0,0.0,,0.36,0.0,0.0
2021-01-05,7.309,7.309,7.309,7.309,0,0.0,0.0,0.0,0.0,0.0,,0.36,0.0,0.0
2021-01-06,7.309,7.309,7.309,7.309,0,0.0,0.0,0.0,0.0,0.0,,0.36,0.0,0.0
2021-01-07,7.309,7.309,7.309,7.309,0,0.0,0.0,0.0,0.0,0.0,,0.36,0.0,0.0
2021-01-08,7.309,7.309,7.309,7.309,0,0.0,0.0,0.0,0.0,0.0,,0.36,0.0,0.0
2021-01-11,7.309,7.309,7.309,7.309,0,0.0,0.0,0.0,0.0,0.0,,0.36,0.0,0.0
2021-01-12,7.309,7.309,7.309,7.309,0,0.0,0.0,0.0,0.0,0.0,,0.36,0.0,0.0
2021-01-13,7.309,7.309,7.309,7.309,0,0.0,0.0,0.0,0.0,0.0,,0.36,0.0,0.0
2021-01-14,7.309,7.309,7.309,7.309,0,0.0,0.0,0.0,0.0,0.0,,0.36,0.0,0.0
2021-01-15,7.309,7.309,7.309,7.309,0,0.0,0.0,0.0,0.0,0.0,,0.36,0.0,0.0
2021-01-18,7.309,7.309,7.309,7.309,0,0.0,0.0,0.0,0.0,0.0,,0.36,0.0,0.0
2021-01-19,7.309,7.309,7.309,7.309,0,0.0,0.0,0.0,0.0,0.0,,0.36,0.0,0.0
2021-01-20,7.309,7.309,7.309,7.309,0,0.0,0.0,0.0,0.0,0.0,,0.36,0.0,0.0
2021-01-21,7.901,7.901,7.901,7.901,800,6320.8,0.0,0.0,0.0,0.0,,0.36,0.0,0.0
2021-01-22,7.901,8.033,7.901,8.033,6300,50607.9,6300.0,0.0,80000.0,0.0,,0.36,0.08,0.0
2021-01-25,7.967,7.967,7.967,7.967,0,0.0,0.0,0.0,0.0,0.0,,0.36,0.0,0.0
2021-01-26,7.967,7.967,7.967,7.967,0,0.0,0.0,0.0,0.0,0.0,,0.36,0.0,0.0
2021-01-27,7.967,7.967,7.967,7.967,0,0.0,0.0,0.0,0.0,0.0,,0.36,0.0,0.0
2021-01-28,8.231,8.231,8.231,8.231,1500,12346.5,0.0,0.0,0.0,0.0,,0.36,0.0,0.0
2021-01-29,8.231,8.231,8.231,8.231,0,0.0,0.0,0.0,0.0,0.0,,0.36,0.0,0.0
2021-02-01,8.231,8.231,8.231,8.231,0,0.0,0.0,0.0,0.0,0.0,,0.36,0.0,0.0
2021-02-02,8.231,8.231,8.231,8.231,0,0.0,0.0,0.0,0.0,0.0,,0.36,0.0,0.0
2021-02-03,8.231,8.231,8.231,8.231,0,0.0,0.0,0.0,0.0,0.0,,0.36,0.0,0.0
2021-02-04,8.231,8.231,8.231,8.231,0,0.0,0.0,0.0,0.0,0.0,,0.36,0.0,0.0
2021-02-05,8.231,8.231,8.231,8.231,0,0.0,0.0,0.0,0.0,0.0,,0.36,0.0,0.0
2021-02-08,8.231,8.231,8.231,8.231,0,0.0,0.0,0.0,0.0,0.0,,0.36,0.0,0.0
2021-02-09,8.231,8.231,8.231,8.231,0,0.0,0.0,0.0,0.0,0.0,,0.36,0.0,0.0
2021-02-17,8.231,8.231,8.231,8.231,0,0.0,0.0,0.0,0.0,0.0,,0.36,0.0,0.0
2021-02-18,8.231,8.231,8.231,8.231,0,0.0,0.0,0.0,0.0,0.0,,0.36,0.0,0.0
2021-02-19,8.231,8.231,8.231,8.231,0,0.0,0.0,0.0,0.0,0.0,,0.36,0.0,0.0
2021-02-22,8.231,8.231,8.231,8.231,0,0.0,0.0,0.0,0.0,0.0,,0.36,0.0,0.0
2021-02-23,8.231,8.231,8.231,8.231,0,0.0,0.0,0.0,0.0,0.0,,0.36,0.0,0.0
2021-02-24,8.231,8.231,8.231,8.231,0,0.0,0.0,0.0,0.0,0.0,,0.36,0.0,0.0
2021-02-25,8.231,8.231,8.231,8.231,0,0.0,0.0,0.0,0.0,0.0,,0.36,0.0,0.0
2021-02-26,8.231,8.231,8.231,8.231,0,0.0,0.0,0.0,0.0,0.0,,0.36,0.0,0.0
2021-03-01,8.231,8.231,8.231,8.231,0,0.0,0.0,0.0,0.0,0.0,,0.36,0.0,0.0
2021-03-02,8.231,8.231,8.231,8.231,0,0.0,0.0,0.0,0.0,0.0,,0.36,0.0,0.0
2021-03-03,8.231,8.231,8.231,8.231,0,0.0,0.0,0.0,0.0,0.0,,0.36,0.0,0.0
2021-03-04,8.231,8.231,8.231,8.231,0,0.0,0.0,0.0,0.0,0.0,,0.36,0.0,0.0
2021-03-05,8.231,8.231,8.231,8.231,0,0.0,0.0,0.0,0.0,0.0,,0.36,0.0,0.0
2021-03-08,8.231,8.231,8.231,8.231,0,0.0,0.0,0.0,0.0,0.0,,0.36,0.0,0.0
2021-03-09,8.231,8.231,8.231,8.231,0,0.0,0.0,0.0,0.0,0.0,,0.36,0.0,0.0
2021-03-10,8.231,8.231,8.231,8.231,0,0.0,0.0,0.0,0.0,0.0,,0.36,0.0,0.0
2021-03-11,8.231,8.231,8.231,8.231,0,0.0,0.0,0.0,0.0,0.0,,0.36,0.0,0.0
2021-03-12,8.231,8.231,8.231,8.231,0,0.0,0.0,0.0,0.0,0.0,,0.36,0.0,0.0
2021-03-15,8.231,8.231,8.231,8.231,0,0.0,0.0,0.0,0.0,0.0,,0.36,0.0,0.0
2021-03-16,8.231,8.231,8.231,8.231,0,0.0,0.0,0.0,0.0,0.0,,0.36,0.0,0.0
2021-03-17,8.231,8.231,8.231,8.231,0,0.0,0.0,0.0,0.0,0.0,,0.36,0.0,0.0
2021-03-18,8.231,8.231,8.231,8.231,0,0.0,0.0,0.0,0.0,0.0,,0.36,0.0,0.0
2021-03-19,8.231,8.231,8.231,8.231,0,0.0,0.0,0.0,0.0,0.0,,0.36,0.0,0.0
2021-03-22,8.231,8.231,8.231,8.231,0,0.0,0.0,0.0,0.0,0.0,,0.36,0.0,0.0
2021-03-23,8.231,8.231,8.231,8.231,0,0.0,0.0,0.0,0.0,0.0,,0.36,0.0,0.0
2021-03-24,8.231,8.231,8.231,8.231,0,0.0,0.0,0.0,0.0,0.0,,0.36,0.0,0.0
2021-03-25,8.231,8.231,8.231,8.231,0,0.0,0.0,0.0,0.0,0.0,,0.36,0.0,0.0
2021-03-26,8.231,8.231,8.231,8.231,0,0.0,0.0,0.0,0.0,0.0,,0.36,0.0,0.0
2021-03-29,8.231,8.231,8.231,8.231,0,0.0,0.0,0.0,0.0,0.0,,0.36,0.0,0.0
2021-03-30,5.926,5.926,5.926,5.926,400,2370.4,0.0,0.0,0.0,0.0,,0.36,0.0,0.0
2021-03-31,5.926,5.926,5.926,5.926,0,0.0,0.0,0.0,0.0,0.0,,0.36,0.0,0.0
2021-04-01,5.926,5.926,5.926,5.926,0,0.0,0.0,0.0,0.0,0.0,,0.36,0.0,0.0
2021-04-02,5.926,5.926,5.926,5.926,0,0.0,0.0,0.0,0.0,0.0,,0.36,0.0,0.0
2021-04-05,5.926,5.926,5.926,5.926,0,0.0,0.0,0.0,0.0,0.0,,0.36,0.0,0.0
2021-04-06,5.926,5.926,5.926,5.926,0,0.0,0.0,0.0,0.0,0.0,,0.36,0.0,0.0
2021-04-07,6.782,6.782,6.782,6.782,100,678.2,0.0,0.0,0.0,0.0,,0.36,0.0,0.0
2021-04-08,6.782,6.782,6.782,6.782,0,0.0,0.0,0.0,0.0,0.0,,0.36,0.0,0.0
2021-04-09,6.782,6.782,6.782,6.782,0,0.0,0.0,0.0,0.0,0.0,,0.36,0.0,0.0
2021-04-12,5.992,5.992,5.992,5.992,200,1198.4,0.0,0.0,0.0,0.0,,0.36,0.0,0.0
2021-04-13,5.992,5.992,5.992,5.992,0,0.0,0.0,0.0,0.0,0.0,,0.36,0.0,0.0
2021-04-14,5.992,5.992,5.992,5.992,0,0.0,0.0,0.0,0.0,0.0,,0.36,0.0,0.0
2021-04-15,5.992,5.992,5.992,5.992,0,0.0,0.0,0.0,0.0,0.0,,0.36,0.0,0.0
2021-04-16,5.992,5.992,5.992,5.992,0,0.0,0.0,0.0,0.0,0.0,,0.36,0.0,0.0
2021-04-19,5.992,5.992,5.992,5.992,0,0.0,0.0,0.0,0.0,0.0,,0.36,0.0,0.0
2021-04-20,5.992,5.992,5.992,5.992,0,0.0,0.0,0.0,0.0,0.0,,0.36,0.0,0.0
2021-04-22,5.992,5.992,5.992,5.992,0,0.0,0.0,0.0,0.0,0.0,,0.36,0.0,0.0
2021-04-23,5.992,5.992,5.992,5.992,0,0.0,0.0,0.0,0.0,0.0,,0.36,0.0,0.0
2021-04-26,5.992,5.992,5.992,5.992,0,0.0,0.0,0.0,0.0,0.0,,0.36,0.0,0.0
2021-04-27,5.992,5.992,5.992,5.992,0,0.0,0.0,0.0,0.0,0.0,,0.36,0.0,0.0
2021-04-28,6.782,6.782,6.782,6.782,1900,12885.8,0.0,0.0,0.0,0.0,,0.36,0.0,0.0
2021-04-29,6.782,6.782,6.782,6.782,0,0.0,0.0,0.0,0.0,0.0,,0.36,0.0,0.0
2021-05-04,6.782,6.782,6.782,6.782,0,0.0,0.0,0.0,0.0,0.0,,0.36,0.0,0.0
2021-05-05,6.782,6.782,6.782,6.782,0,0.0,0.0,0.0,0.0,0.0,,0.36,0.0,0.0
2021-05-06,6.782,6.782,6.782,6.782,0,0.0,0.0,0.0,0.0,0.0,,0.36,0.0,0.0
2021-05-07,6.782,6.782,6.782,6.782,0,0.0,0.0,0.0,0.0,0.0,,0.36,0.0,0.0
2021-05-10,6.782,6.782,6.782,6.782,0,0.0,0.0,0.0,0.0,0.0,,0.36,0.0,0.0
2021-05-11,6.782,6.782,6.782,6.782,0,0.0,0.0,0.0,0.0,0.0,,0.36,0.0,0.0
2021-05-12,6.782,6.782,6.782,6.782,0,0.0,0.0,0.0,0.0,0.0,,0.36,0.0,0.0
2021-05-13,6.782,6.782,6.782,6.782,0,0.0,0.0,0.0,0.0,0.0,,0.36,0.0,0.0
2021-05-14,6.782,6.782,6.782,6.782,0,0.0,0.0,0.0,0.0,0.0,,0.36,0.0,0.0
2021-05-17,6.782,6.782,6.782,6.782,0,0.0,0.0,0.0,0.0,0.0,,0.36,0.0,0.0
2021-05-18,6.782,6.782,6.782,6.782,100,678.2,0.0,0.0,0.0,0.0,,0.36,0.0,0.0
2021-05-19,6.782,6.782,6.782,6.782,0,0.0,0.0,0.0,0.0,0.0,,0.36,0.0,0.0
2021-05-20,6.914,6.914,6.914,6.914,2100,14519.4,0.0,0.0,0.0,0.0,,0.36,0.0,0.0
2021-05-21,6.914,6.914,6.914,6.914,0,0.0,0.0,0.0,0.0,0.0,,0.36,0.0,0.0
2021-05-24,6.914,6.914,6.914,6.914,0,0.0,0.0,0.0,0.0,0.0,,0.36,0.0,0.0
2021-05-25,6.914,6.914,6.914,6.914,0,0.0,0.0,0.0,0.0,0.0,,0.36,0.0,0.0
2021-05-26,6.914,6.914,6.914,6.914,0,0.0,0.0,0.0,0.0,0.0,,0.36,0.0,0.0
2021-05-27,6.914,6.914,6.914,6.914,0,0.0,0.0,0.0,0.0,0.0,,0.36,0.0,0.0
2021-05-28,6.914,6.914,6.914,6.914,0,0.0,0.0,0.0,0.0,0.0,,0.36,0.0,0.0
2021-05-31,6.914,6.914,6.914,6.914,0,0.0,0.0,0.0,0.0,0.0,,0.36,0.0,0.0
2021-06-01,6.914,6.914,6.914,6.914,0,0.0,0.0,0.0,0.0,0.0,,0.36,0.0,0.0
2021-06-02,6.914,6.914,6.914,6.914,0,0.0,0.0,0.0,0.0,0.0,,0.36,0.0,0.0
2021-06-03,6.914,6.914,6.914,6.914,0,0.0,0.0,0.0,0.0,0.0,,0.36,0.0,0.0
2021-06-04,6.914,6.914,6.914,6.914,0,0.0,0.0,0.0,0.0,0.0,,0.36,0.0,0.0
2021-06-07,6.914,6.914,6.914,6.914,0,0.0,0.0,0.0,0.0,0.0,,0.36,0.0,0.0
2021-06-08,6.914,6.914,6.914,6.914,0,0.0,0.0,0.0,0.0,0.0,,0.36,0.0,0.0
2021-06-09,6.914,6.914,6.914,6.914,0,0.0,0.0,0.0,0.0,0.0,,0.36,0.0,0.0
2021-06-10,6.914,6.914,6.914,6.914,0,0.0,0.0,0.0,0.0,0.0,,0.36,0.0,0.0
2021-06-11,6.914,6.914,6.914,6.914,0,0.0,0.0,0.0,0.0,0.0,,0.36,0.0,0.0
2021-06-14,7.243,7.243,7.243,7.243,100,724.3000000000001,0.0,0.0,0.0,0.0,,0.36,0.0,0.0
2021-06-15,7.243,7.243,7.243,7.243,0,0.0,0.0,0.0,0.0,0.0,,0.36,0.0,0.0
2021-06-16,7.243,7.243,7.243,7.243,0,0.0,0.0,0.0,0.0,0.0,,0.36,0.0,0.0
2021-06-17,7.243,7.243,7.243,7.243,0,0.0,0.0,0.0,0.0,0.0,,0.36,0.0,0.0
2021-06-18,7.243,7.243,7.243,7.243,0,0.0,0.0,0.0,0.0,0.0,,0.36,0.0,0.0
2021-06-21,7.243,7.243,7.243,7.243,0,0.0,0.0,0.0,0.0,0.0,,0.36,0.0,0.0
2021-06-22,7.243,7.243,7.243,7.243,0,0.0,0.0,0.0,0.0,0.0,,0.36,0.0,0.0
2021-06-23,7.243,7.243,7.243,7.243,0,0.0,0.0,0.0,0.0,0.0,,0.36,0.0,0.0
2021-06-24,7.243,7.243,7.243,7.243,0,0.0,0.0,0.0,0.0,0.0,,0.36,0.0,0.0
2021-06-25,7.243,7.243,7.243,7.243,0,0.0,0.0,0.0,0.0,0.0,,0.36,0.0,0.0
2021-06-28,7.243,7.243,7.243,7.243,0,0.0,0.0,0.0,0.0,0.0,,0.36,0.0,0.0
2021-06-29,7.243,7.243,7.243,7.243,0,0.0,0.0,0.0,0.0,0.0,,0.36,0.0,0.0
2021-06-30,7.243,7.243,7.243,7.243,0,0.0,0.0,0.0,0.0,0.0,,0.36,0.0,0.0
2021-07-01,7.243,7.243,7.243,7.243,0,0.0,0.0,0.0,0.0,0.0,,0.36,0.0,0.0
2021-07-02,7.243,7.243,7.243,7.243,0,0.0,0.0,0.0,0.0,0.0,,0.36,0.0,0.0
2021-07-05,7.243,7.243,7.243,7.243,0,0.0,0.0,0.0,0.0,0.0,,0.36,0.0,0.0
2021-07-06,7.243,7.243,7.243,7.243,0,0.0,0.0,0.0,0.0,0.0,,0.36,0.0,0.0
2021-07-07,7.391,7.391,7.391,7.391,300,2217.3,0.0,0.0,0.0,0.0,,0.36,0.0,0.0
2021-07-08,7.391,7.391,7.391,7.391,0,0.0,0.0,0.0,0.0,0.0,,0.36,0.0,0.0
2021-07-09,7.465,7.465,7.465,7.465,600,4479.0,0.0,0.0,0.0,0.0,,0.36,0.0,0.0
2021-07-12,7.465,7.465,7.465,7.465,0,0.0,0.0,0.0,0.0,0.0,,0.36,0.0,0.0
2021-07-13,7.465,7.465,7.465,7.465,0,0.0,0.0,0.0,0.0,0.0,,0.36,0.0,0.0
2021-07-14,7.465,7.465,7.465,7.465,0,0.0,0.0,0.0,0.0,0.0,,0.36,0.0,0.0
2021-07-15,7.465,7.465,7.465,7.465,0,0.0,0.0,0.0,0.0,0.0,,0.36,0.0,0.0
2021-07-16,7.465,7.465,7.465,7.465,0,0.0,0.0,0.0,0.0,0.0,,0.36,0.0,0.0
2021-07-19,7.465,7.465,7.465,7.465,0,0.0,0.0,0.0,0.0,0.0,,0.36,0.0,0.0
2021-07-20,7.465,7.465,7.465,7.465,0,0.0,0.0,0.0,0.0,0.0,,0.36,0.0,0.0
2021-07-21,8.573,8.573,8.573,8.573,2100,18003.3,0.0,0.0,0.0,0.0,,0.36,0.0,0.0
2021-07-22,8.573,8.573,8.573,8.573,100,857.3000000000001,0.0,0.0,0.0,0.0,,0.36,0.0,0.0
2021-07-23,8.573,8.573,8.573,8.573,0,0.0,0.0,0.0,0.0,0.0,,0.36,0.0,0.0
2021-07-26,8.573,8.573,8.573,8.573,0,0.0,0.0,0.0,0.0,0.0,,0.36,0.0,0.0
2021-07-27,8.573,8.573,8.573,8.573,0,0.0,0.0,0.0,0.0,0.0,,0.36,0.0,0.0
2021-07-28,7.391,7.391,7.391,7.391,100,739.1,0.0,0.0,0.0,0.0,,0.36,0.0,0.0
2021-07-29,7.391,7.391,7.391,7.391,0,0.0,0.0,0.0,0.0,0.0,,0.36,0.0,0.0
2021-07-30,7.391,7.391,7.391,7.391,0,0.0,0.0,0.0,0.0,0.0,,0.36,0.0,0.0
2021-08-02,7.391,7.391,7.391,7.391,0,0.0,0.0,0.0,0.0,0.0,,0.36,0.0,0.0
2021-08-03,7.391,7.391,7.391,7.391,0,0.0,0.0,0.0,0.0,0.0,,0.36,0.0,0.0
2021-08-04,7.391,7.391,7.391,7.391,100,739.1,0.0,0.0,0.0,0.0,,0.36,0.0,0.0
2021-08-05,7.391,7.391,7.391,7.391,0,0.0,0.0,0.0,0.0,0.0,,0.36,0.0,0.0
2021-08-06,7.391,7.391,7.391,7.391,0,0.0,0.0,0.0,0.0,0.0,,0.36,0.0,0.0
2021-08-09,7.391,7.391,7.391,7.391,0,0.0,0.0,0.0,0.0,0.0,,0.36,0.0,0.0
2021-08-10,7.391,7.391,7.391,7.391,0,0.0,0.0,0.0,0.0,0.0,,0.36,0.0,0.0
2021-08-11,7.391,7.391,7.391,7.391,0,0.0,0.0,0.0,0.0,0.0,,0.36,0.0,0.0
2021-08-12,7.76,7.76,7.76,7.76,100,776.0,0.0,0.0,0.0,0.0,,0.36,0.0,0.0
2021-08-13,7.76,8.278,7.76,8.278,1700,14072.6,0.0,0.0,0.0,0.0,,0.36,0.0,0.0
2021-08-16,8.13,8.278,8.13,8.278,5600,46356.8,0.0,0.0,0.0,0.0,,0.36,0.0,0.0
2021-08-17,8.13,8.13,8.13,8.13,500,4065.000000000001,0.0,0.0,0.0,0.0,,0.36,0.0,0.0
2021-08-18,8.13,8.13,8.13,8.13,2400,19512.000000000004,0.0,0.0,0.0,0.0,,0.36,0.0,0.0
2021-08-19,7.317,7.317,7.317,7.317,100,731.7,0.0,0.0,0.0,0.0,,0.36,0.0,0.0
2021-08-20,8.13,8.13,8.13,8.13,1500,12195.000000000002,0.0,0.0,0.0,0.0,,0.36,0.0,0.0
2021-08-23,7.391,7.391,7.391,7.391,100,739.1,0.0,0.0,0.0,0.0,,0.36,0.0,0.0
2021-08-24,7.391,7.391,7.391,7.391,0,0.0,0.0,0.0,0.0,0.0,,0.36,0.0,0.0
2021-08-25,7.982,8.056,7.982,8.056,1100,8861.599999999999,0.0,0.0,0.0,0.0,,0.36,0.0,0.0
2021-08-26,8.056,8.056,8.056,8.056,800,6444.799999999999,0.0,0.0,0.0,0.0,,0.36,0.0,0.0
2021-08-27,8.13,8.13,8.13,8.13,500,4065.000000000001,0.0,0.0,0.0,0.0,,0.36,0.0,0.0
2021-08-30,8.13,8.13,8.13,8.13,0,0.0,0.0,0.0,0.0,0.0,,0.36,0.0,0.0
2021-08-31,8.13,8.13,8.13,8.13,0,0.0,0.0,0.0,0.0,0.0,,0.36,0.0,0.0
2021-09-01,8.13,8.13,8.13,8.13,0,0.0,0.0,0.0,0.0,0.0,,0.36,0.0,0.0
2021-09-06,7.76,7.76,7.76,7.76,11900,92344.0,0.0,0.0,0.0,0.0,,0.36,0.0,0.0
2021-09-07,7.76,7.76,7.76,7.76,50700,393432.0,3000.0,0.0,30000.0,0.0,,0.36,0.03,0.0
2021-09-08,7.76,7.76,7.76,7.76,2200,17072.0,0.0,0.0,0.0,0.0,,0.36,0.0,0.0
2021-09-09,8.278,8.278,8.278,8.278,1000,8278.0,0.0,0.0,0.0,0.0,,0.36,0.0,0.0
2021-09-10,9.239,9.239,7.76,7.76,3900,30264.0,2000.0,0.0,20000.0,0.0,,0.36,0.02,0.0
2021-09-13,8.13,8.13,7.539,7.539,15400,116100.6,0.0,0.0,0.0,0.0,,0.36,0.0,0.0
2021-09-14,8.056,8.13,7.686,7.686,3500,26901.0,0.0,0.0,0.0,0.0,,0.36,0.0,0.0
2021-09-15,7.465,8.647,7.465,8.647,11800,102034.6,0.0,0.0,0.0,0.0,,0.36,0.0,0.0
2021-09-16,8.499,8.499,8.499,8.499,0,0.0,0.0,0.0,0.0,0.0,,0.36,0.0,0.0
2021-09-17,8.426,8.426,8.426,8.426,300,2527.8,0.0,0.0,0.0,0.0,,0.36,0.0,0.0
2021-09-20,9.682,9.682,7.76,7.76,300,2328.0,0.0,0.0,0.0,0.0,,0.36,0.0,0.0
2021-09-21,9.682,9.682,9.682,9.682,400,3872.8,0.0,0.0,0.0,0.0,,0.36,0.0,0.0
2021-09-22,11.086,11.086,11.012,11.086,18100,200656.6,0.0,0.0,0.0,0.0,,0.36,0.0,0.0
2021-09-23,12.712,12.712,12.712,12.712,100,1271.2,0.0,0.0,0.0,0.0,,0.36,0.0,0.0
2021-09-24,10.865,10.865,10.865,10.865,1700,18470.5,0.0,0.0,0.0,0.0,,0.36,0.0,0.0
2021-09-27,12.491,12.491,12.491,12.491,100,1249.1,0.0,0.0,0.0,0.0,,0.36,0.0,0.0
2021-09-28,10.643,10.643,10.643,10.643,300,3192.9,0.0,0.0,0.0,0.0,,0.36,0.0,0.0
2021-09-29,12.195,12.195,12.195,12.195,100,1219.5,0.0,0.0,0.0,0.0,,0.36,0.0,0.0
2021-09-30,10.421,10.421,10.421,10.421,2300,23968.3,0.0,0.0,0.0,0.0,,0.36,0.0,0.0
2021-10-01,11.973,11.973,11.973,11.973,100,1197.3000000000002,0.0,0.0,0.0,0.0,,0.36,0.0,0.0
2021-10-04,10.273,10.273,10.199,10.199,900,9179.1,0.0,0.0,0.0,0.0,,0.36,0.0,0.0
2021-10-05,10.199,10.199,10.199,10.199,500,5099.5,500.0,0.0,10000.0,0.0,,0.36,0.01,0.0
2021-10-06,10.199,10.199,10.199,10.199,0,0.0,0.0,0.0,0.0,0.0,,0.36,0.0,0.0
2021-10-07,11.604,11.604,10.347,10.347,200,2069.4,0.0,0.0,0.0,0.0,,0.36,0.0,0.0
2021-10-08,11.012,11.012,11.012,11.012,0,0.0,0.0,0.0,0.0,0.0,,0.36,0.0,0.0
2021-10-11,11.012,11.012,11.012,11.012,0,0.0,0.0,0.0,0.0,0.0,,0.36,0.0,0.0
2021-10-12,9.608,11.012,9.608,11.012,2200,24226.4,0.0,0.0,0.0,0.0,,0.36,0.0,0.0
2021-10-13,10.938,10.938,10.938,10.938,100,1093.8,0.0,0.0,0.0,0.0,,0.36,0.0,0.0
2021-10-14,10.938,10.938,10.938,10.938,1800,19688.4,0.0,0.0,0.0,0.0,,0.36,0.0,0.0
2021-10-15,10.938,10.938,10.938,10.938,0,0.0,0.0,0.0,0.0,0.0,,0.36,0.0,0.0
2021-10-18,9.534,9.534,9.534,9.534,1000,9534.0,0.0,0.0,0.0,0.0,,0.36,0.0,0.0
2021-10-19,10.865,10.865,10.865,10.865,100,1086.5,0.0,0.0,0.0,0.0,,0.36,0.0,0.0
2021-10-20,9.608,9.608,9.534,9.608,3100,29784.800000000003,0.0,0.0,0.0,0.0,,0.36,0.0,0.0
2021-10-21,9.608,9.608,9.386,9.386,300,2815.8,0.0,0.0,0.0,0.0,,0.36,0.0,0.0
2021-10-22,9.386,9.386,9.386,9.386,100,938.6,0.0,0.0,0.0,0.0,,0.36,0.0,0.0
2021-10-25,9.904,9.904,9.904,9.904,100,990.4,0.0,0.0,0.0,0.0,,0.36,0.0,0.0
2021-10-26,9.904,9.904,9.904,9.904,0,0.0,0.0,0.0,0.0,0.0,,0.36,0.0,0.0
2021-10-27,9.534,9.534,9.46,9.46,2600,24596.000000000004,0.0,0.0,0.0,0.0,,0.36,0.0,0.0
2021-10-28,9.46,9.46,9.46,9.46,0,0.0,0.0,0.0,0.0,0.0,,0.36,0.0,0.0
2021-10-29,9.312,9.312,9.312,9.312,1100,10243.2,0.0,0.0,0.0,0.0,,0.36,0.0,0.0
2021-11-01,9.312,9.83,9.312,9.83,16700,164161.0,16600.0,0.0,220000.0,0.0,,0.36,0.22,0.0
2021-11-02,9.978,9.978,9.608,9.978,3835,38265.63,3800.0,0.0,50000.0,0.0,,0.36,0.05,0.0
2021-11-03,9.978,9.978,9.608,9.978,1800,17960.399999999998,800.0,0.0,10000.0,0.0,,0.36,0.01,0.0
2021-11-04,9.978,10.347,9.978,10.347,3900,40353.3,1800.0,0.0,20000.0,0.0,,0.36,0.02,0.0
2021-11-05,11.382,11.382,11.382,11.382,130,1479.66,0.0,0.0,0.0,0.0,,0.36,0.0,0.0
2021-11-08,12.417,12.417,12.417,12.417,5700,70776.9,0.0,0.0,0.0,0.0,,0.36,0.0,0.0
2021-11-09,13.895,13.895,13.895,13.895,100,1389.5,0.0,0.0,0.0,0.0,,0.36,0.0,0.0
2021-11-10,11.825,11.825,11.825,11.825,1500,17737.5,0.0,0.0,0.0,0.0,,0.36,0.0,0.0
2021-11-11,13.525,13.525,13.525,13.525,100,1352.5,0.0,0.0,0.0,0.0,,0.36,0.0,0.0
2021-11-12,11.53,11.53,11.53,11.53,800,9224.0,0.0,0.0,0.0,0.0,,0.36,0.0,0.0
2021-11-15,12.491,12.491,12.491,12.491,100,1249.1,0.0,0.0,0.0,0.0,,0.36,0.0,0.0
2021-11-16,11.456,12.195,10.717,12.195,9000,109755.0,0.0,0.0,0.0,0.0,,0.36,0.0,0.0
2021-11-17,11.308,11.308,11.308,11.308,11800,133434.4,0.0,0.0,0.0,0.0,,0.36,0.0,0.0
2021-11-18,11.308,11.308,11.234,11.234,2400,26961.6,0.0,0.0,0.0,0.0,,0.36,0.0,0.0
2021-11-19,9.608,12.047,9.608,12.047,200,2409.4,0.0,0.0,0.0,0.0,,0.36,0.0,0.0
2021-11-22,11.973,11.973,11.973,11.973,100,1197.3000000000002,0.0,0.0,0.0,0.0,,0.36,0.0,0.0
2021-11-23,11.973,11.973,11.973,11.973,0,0.0,0.0,0.0,0.0,0.0,,0.36,0.0,0.0
2021-11-24,11.973,11.973,11.973,11.973,0,0.0,0.0,0.0,0.0,0.0,,0.36,0.0,0.0
2021-11-25,11.973,11.973,11.973,11.973,0,0.0,0.0,0.0,0.0,0.0,,0.36,0.0,0.0
2021-11-26,11.973,11.973,11.973,11.973,0,0.0,0.0,0.0,0.0,0.0,,0.36,0.0,0.0
2021-11-29,13.082,13.082,11.973,11.973,400,4789.200000000001,0.0,0.0,0.0,0.0,,0.36,0.0,0.0
2021-11-30,10.495,10.495,10.495,10.495,2100,22039.5,0.0,0.0,0.0,0.0,,0.36,0.0,0.0
2021-12-01,10.495,10.495,9.312,10.495,3000,31485.0,0.0,0.0,0.0,0.0,,0.36,0.0,0.0
2021-12-02,10.125,10.125,10.125,10.125,0,0.0,0.0,0.0,0.0,0.0,,0.36,0.0,0.0
2021-12-03,11.382,11.382,11.382,11.382,100,1138.2,0.0,0.0,0.0,0.0,,0.36,0.0,0.0
2021-12-06,11.382,11.382,11.382,11.382,200,2276.4,0.0,0.0,0.0,0.0,,0.36,0.0,0.0
2021-12-07,12.934,12.934,12.934,12.934,100,1293.4,0.0,0.0,0.0,0.0,,0.36,0.0,0.0
2021-12-08,11.012,11.012,11.012,11.012,5400,59464.8,0.0,0.0,0.0,0.0,,0.36,0.0,0.0
2021-12-09,12.343,12.343,12.343,12.343,100,1234.3,0.0,0.0,0.0,0.0,,0.36,0.0,0.0
2021-12-10,10.495,10.495,10.495,10.495,3300,34633.5,800.0,0.0,10000.0,0.0,,0.36,0.01,0.0
2021-12-13,10.495,10.495,10.495,10.495,0,0.0,0.0,0.0,0.0,0.0,,0.36,0.0,0.0
2021-12-14,10.495,10.495,10.495,10.495,200,2099.0,200.0,0.0,0.0,0.0,,0.36,0.0,0.0
2021-12-15,10.495,10.495,10.495,10.495,0,0.0,0.0,0.0,0.0,0.0,,0.36,0.0,0.0
2021-12-16,10.495,10.495,10.495,10.495,100,1049.5,0.0,0.0,0.0,0.0,,0.36,0.0,0.0
2021-12-17,10.495,10.495,10.495,10.495,0,0.0,0.0,0.0,0.0,0.0,,0.36,0.0,0.0
2021-12-20,10.495,10.495,10.495,10.495,0,0.0,0.0,0.0,0.0,0.0,,0.36,0.0,0.0
2021-12-21,10.495,10.495,10.495,10.495,100,1049.5,0.0,0.0,0.0,0.0,,0.36,0.0,0.0
2021-12-22,10.495,10.495,10.495,10.495,0,0.0,0.0,0.0,0.0,0.0,,0.36,0.0,0.0
2021-12-23,10.495,10.495,10.495,10.495,0,0.0,0.0,0.0,0.0,0.0,,0.36,0.0,0.0
2021-12-24,10.495,10.495,10.495,10.495,0,0.0,0.0,0.0,0.0,0.0,,0.36,0.0,0.0
2021-12-27,10.495,10.495,10.495,10.495,0,0.0,0.0,0.0,0.0,0.0,,0.36,0.0,0.0
2021-12-28,10.495,10.495,10.495,10.495,0,0.0,0.0,0.0,0.0,0.0,,0.36,0.0,0.0
2021-12-29,10.495,10.495,10.495,10.495,0,0.0,0.0,0.0,0.0,0.0,,0.36,0.0,0.0
2021-12-30,10.495,10.495,10.495,10.495,0,0.0,0.0,0.0,0.0,0.0,,0.36,0.0,0.0
2021-12-31,10.495,10.569,10.495,10.495,4100,43029.5,4000.0,0.0,60000.0,0.0,,0.36,0.06,0.0
2022-01-04,10.495,10.495,10.495,10.495,0,0.0,0.0,0.0,0.0,0.0,,0.36,0.0,0.0
2022-01-05,10.495,10.495,10.495,10.495,0,0.0,0.0,0.0,0.0,0.0,,0.36,0.0,0.0
2022-01-06,10.495,10.495,10.495,10.495,0,0.0,0.0,0.0,0.0,0.0,,0.36,0.0,0.0
2022-01-07,10.495,10.495,10.495,10.495,0,0.0,0.0,0.0,0.0,0.0,,0.36,0.0,0.0
2022-01-10,10.347,10.347,10.347,10.347,700,7242.9,700.0,0.0,10000.0,0.0,,0.36,0.01,0.0
2022-01-11,10.347,10.347,10.347,10.347,0,0.0,0.0,0.0,0.0,0.0,,0.36,0.0,0.0
2022-01-12,10.347,10.347,10.347,10.347,0,0.0,0.0,0.0,0.0,0.0,,0.36,0.0,0.0
2022-01-13,10.347,10.347,10.347,10.347,0,0.0,0.0,0.0,0.0,0.0,,0.36,0.0,0.0
2022-01-14,10.347,10.347,10.347,10.347,0,0.0,0.0,0.0,0.0,0.0,,0.36,0.0,0.0
2022-01-17,10.347,10.347,10.347,10.347,0,0.0,0.0,0.0,0.0,0.0,,0.36,0.0,0.0
2022-01-18,10.347,10.347,10.347,10.347,0,0.0,0.0,0.0,0.0,0.0,,0.36,0.0,0.0
2022-01-19,10.347,10.347,10.347,10.347,0,0.0,0.0,0.0,0.0,0.0,,0.36,0.0,0.0
2022-01-20,10.347,10.347,10.347,10.347,0,0.0,0.0,0.0,0.0,0.0,,0.36,0.0,0.0
2022-01-21,10.347,10.347,10.347,10.347,0,0.0,0.0,0.0,0.0,0.0,,0.36,0.0,0.0
2022-01-24,10.347,10.347,10.347,10.347,0,0.0,0.0,0.0,0.0,0.0,,0.36,0.0,0.0
2022-01-25,10.347,10.347,10.347,10.347,0,0.0,0.0,0.0,0.0,0.0,,0.36,0.0,0.0
2022-01-26,10.347,10.347,10.347,10.347,0,0.0,0.0,0.0,0.0,0.0,,0.36,0.0,0.0
2022-01-27,10.347,10.347,10.347,10.347,0,0.0,0.0,0.0,0.0,0.0,,0.36,0.0,0.0
2022-01-28,10.347,10.347,10.347,10.347,0,0.0,0.0,0.0,0.0,0.0,,0.36,0.0,0.0
2022-02-07,10.347,10.347,10.347,10.347,0,0.0,0.0,0.0,0.0,0.0,,0.36,0.0,0.0
2022-02-08,11.604,11.604,11.604,11.604,200,2320.8,0.0,0.0,0.0,0.0,,0.36,0.0,0.0
2022-02-09,11.604,11.604,11.604,11.604,0,0.0,0.0,0.0,0.0,0.0,,0.36,0.0,0.0
2022-02-10,11.604,11.604,11.604,11.604,0,0.0,0.0,0.0,0.0,0.0,,0.36,0.0,0.0
2022-02-11,11.604,11.604,11.604,11.604,0,0.0,0.0,0.0,0.0,0.0,,0.36,0.0,0.0
2022-02-14,11.604,11.604,11.604,11.604,0,0.0,0.0,0.0,0.0,0.0,,0.36,0.0,0.0
2022-02-15,11.604,11.604,11.604,11.604,0,0.0,0.0,0.0,0.0,0.0,,0.36,0.0,0.0
2022-02-16,11.604,11.604,11.604,11.604,0,0.0,0.0,0.0,0.0,0.0,,0.36,0.0,0.0
2022-02-17,11.604,11.604,11.604,11.604,0,0.0,0.0,0.0,0.0,0.0,,0.36,0.0,0.0
2022-02-18,11.604,11.604,11.604,11.604,0,0.0,0.0,0.0,0.0,0.0,,0.36,0.0,0.0
2022-02-21,11.604,11.604,11.604,11.604,0,0.0,0.0,0.0,0.0,0.0,,0.36,0.0,0.0
2022-02-22,11.604,11.604,11.604,11.604,0,0.0,0.0,0.0,0.0,0.0,,0.36,0.0,0.0
2022-02-23,11.604,11.604,11.604,11.604,0,0.0,0.0,0.0,0.0,0.0,,0.36,0.0,0.0
2022-02-24,9.978,10.052,9.978,9.978,2500,24945.0,2200.0,0.0,30000.0,0.0,,0.36,0.03,0.0
2022-02-25,9.978,9.978,9.978,9.978,0,0.0,0.0,0.0,0.0,0.0,,0.36,0.0,0.0
2022-02-28,9.978,9.978,9.978,9.978,0,0.0,0.0,0.0,0.0,0.0,,0.36,0.0,0.0
2022-03-01,9.978,9.978,9.978,9.978,0,0.0,0.0,0.0,0.0,0.0,,0.36,0.0,0.0
2022-03-02,9.608,9.608,9.608,9.608,3000,28824.0,0.0,0.0,0.0,0.0,,0.36,0.0,0.0
2022-03-03,9.682,9.682,9.682,9.682,2200,21300.4,0.0,0.0,0.0,0.0,,0.36,0.0,0.0
2022-03-04,10.717,10.717,10.717,10.717,100,1071.7,0.0,0.0,0.0,0.0,,0.36,0.0,0.0
2022-03-07,10.717,10.717,10.717,10.717,0,0.0,0.0,0.0,0.0,0.0,,0.36,0.0,0.0
2022-03-08,10.717,10.717,10.717,10.717,0,0.0,0.0,0.0,0.0,0.0,,0.36,0.0,0.0
2022-03-09,10.717,10.717,10.717,10.717,0,0.0,0.0,0.0,0.0,0.0,,0.36,0.0,0.0
2022-03-10,10.717,10.717,10.717,10.717,0,0.0,0.0,0.0,0.0,0.0,,0.36,0.0,0.0
2022-03-11,10.717,10.717,10.717,10.717,0,0.0,0.0,0.0,0.0,0.0,,0.36,0.0,0.0
2022-03-14,10.717,10.717,10.717,10.717,0,0.0,0.0,0.0,0.0,0.0,,0.36,0.0,0.0
2022-03-15,10.717,10.717,10.717,10.717,0,0.0,0.0,0.0,0.0,0.0,,0.36,0.0,0.0
2022-03-16,10.717,10.717,10.717,10.717,0,0.0,0.0,0.0,0.0,0.0,,0.36,0.0,0.0
2022-03-17,10.717,10.717,10.717,10.717,0,0.0,0.0,0.0,0.0,0.0,,0.36,0.0,0.0
2022-03-18,10.717,10.717,10.717,10.717,0,0.0,0.0,0.0,0.0,0.0,,0.36,0.0,0.0
2022-03-21,10.717,10.717,10.717,10.717,0,0.0,0.0,0.0,0.0,0.0,,0.36,0.0,0.0
2022-03-22,10.717,10.717,10.717,10.717,0,0.0,0.0,0.0,0.0,0.0,,0.36,0.0,0.0
2022-03-23,10.717,10.717,10.717,10.717,0,0.0,0.0,0.0,0.0,0.0,,0.36,0.0,0.0
2022-03-24,10.717,10.717,10.717,10.717,0,0.0,0.0,0.0,0.0,0.0,,0.36,0.0,0.0
2022-03-25,10.717,10.717,10.717,10.717,0,0.0,0.0,0.0,0.0,0.0,,0.36,0.0,0.0
2022-03-28,10.717,10.717,10.717,10.717,0,0.0,0.0,0.0,0.0,0.0,,0.36,0.0,0.0
2022-03-29,10.717,10.717,10.717,10.717,0,0.0,0.0,0.0,0.0,0.0,,0.36,0.0,0.0
2022-03-30,10.717,10.717,10.717,10.717,0,0.0,0.0,0.0,0.0,0.0,,0.36,0.0,0.0
2022-03-31,10.717,10.717,10.717,10.717,0,0.0,0.0,0.0,0.0,0.0,,0.36,0.0,0.0
2022-04-01,10.717,10.717,10.717,10.717,0,0.0,0.0,0.0,0.0,0.0,,0.36,0.0,0.0
2022-04-04,10.717,10.717,10.717,10.717,0,0.0,0.0,0.0,0.0,0.0,,0.36,0.0,0.0
2022-04-05,10.717,10.717,10.717,10.717,0,0.0,0.0,0.0,0.0,0.0,,0.36,0.0,0.0
2022-04-06,10.717,10.717,10.717,10.717,0,0.0,0.0,0.0,0.0,0.0,,0.36,0.0,0.0
2022-04-07,10.717,10.717,10.717,10.717,0,0.0,0.0,0.0,0.0,0.0,,0.36,0.0,0.0
2022-04-08,10.717,10.717,10.717,10.717,0,0.0,0.0,0.0,0.0,0.0,,0.36,0.0,0.0
2022-04-12,10.717,10.717,10.717,10.717,0,0.0,0.0,0.0,0.0,0.0,,0.36,0.0,0.0
2022-04-13,10.717,10.717,10.717,10.717,500,5358.5,500.0,0.0,10000.0,0.0,,0.36,0.01,0.0
2022-04-14,10.717,10.717,10.717,10.717,0,0.0,0.0,0.0,0.0,0.0,,0.36,0.0,0.0
2022-04-15,10.717,10.717,10.717,10.717,0,0.0,0.0,0.0,0.0,0.0,,0.36,0.0,0.0
2022-04-18,10.717,10.717,10.717,10.717,0,0.0,0.0,0.0,0.0,0.0,,0.36,0.0,0.0
2022-04-19,10.717,10.717,10.717,10.717,0,0.0,0.0,0.0,0.0,0.0,,0.36,0.0,0.0
2022-04-20,10.717,10.717,10.717,10.717,0,0.0,0.0,0.0,0.0,0.0,,0.36,0.0,0.0
2022-04-21,10.717,10.717,10.717,10.717,0,0.0,0.0,0.0,0.0,0.0,,0.36,0.0,0.0
2022-04-22,10.717,10.717,10.717,10.717,0,0.0,0.0,0.0,0.0,0.0,,0.36,0.0,0.0
2022-04-25,10.717,10.717,10.717,10.717,300,3215.1000000000004,300.0,0.0,0.0,0.0,,0.36,0.0,0.0
2022-04-26,10.717,10.717,10.717,10.717,0,0.0,0.0,0.0,0.0,0.0,,0.36,0.0,0.0
2022-04-27,10.717,10.717,10.717,10.717,0,0.0,0.0,0.0,0.0,0.0,,0.36,0.0,0.0
2022-04-28,10.717,10.717,10.717,10.717,0,0.0,0.0,0.0,0.0,0.0,,0.36,0.0,0.0
2022-04-29,10.717,10.717,10.717,10.717,0,0.0,0.0,0.0,0.0,0.0,,0.36,0.0,0.0
2022-05-04,10.717,10.717,10.717,10.717,0,0.0,0.0,0.0,0.0,0.0,,0.36,0.0,0.0
2022-05-05,10.717,10.717,10.717,10.717,0,0.0,0.0,0.0,0.0,0.0,,0.36,0.0,0.0
2022-05-06,10.717,10.717,10.717,10.717,0,0.0,0.0,0.0,0.0,0.0,,0.36,0.0,0.0
2022-05-09,10.717,10.717,10.717,10.717,0,0.0,0.0,0.0,0.0,0.0,,0.36,0.0,0.0
2022-05-10,10.717,10.717,10.717,10.717,0,0.0,0.0,0.0,0.0,0.0,,0.36,0.0,0.0
2022-05-11,10.717,10.717,10.717,10.717,0,0.0,0.0,0.0,0.0,0.0,,0.36,0.0,0.0
2022-05-12,10.717,10.717,10.717,10.717,0,0.0,0.0,0.0,0.0,0.0,,0.36,0.0,0.0
2022-05-13,10.717,10.717,10.717,10.717,0,0.0,0.0,0.0,0.0,0.0,,0.36,0.0,0.0
2022-05-16,10.717,10.717,10.717,10.717,0,0.0,0.0,0.0,0.0,0.0,,0.36,0.0,0.0
2022-05-17,10.717,10.717,10.717,10.717,0,0.0,0.0,0.0,0.0,0.0,,0.36,0.0,0.0
2022-05-18,10.717,10.717,10.717,10.717,0,0.0,0.0,0.0,0.0,0.0,,0.36,0.0,0.0
2022-05-19,10.717,10.717,10.717,10.717,0,0.0,0.0,0.0,0.0,0.0,,0.36,0.0,0.0
2022-05-20,10.717,10.717,10.717,10.717,46,492.982,0.0,0.0,0.0,0.0,,0.36,0.0,0.0
2022-05-23,10.717,10.717,10.717,10.717,0,0.0,0.0,0.0,0.0,0.0,,0.36,0.0,0.0
2022-05-24,10.717,10.717,10.717,10.717,0,0.0,0.0,0.0,0.0,0.0,,0.36,0.0,0.0
2022-05-25,10.717,10.717,10.717,10.717,15,160.755,0.0,0.0,0.0,0.0,,0.36,0.0,0.0
2022-05-26,10.717,10.717,10.717,10.717,0,0.0,0.0,0.0,0.0,0.0,,0.36,0.0,0.0
2022-05-27,10.717,10.717,10.717,10.717,0,0.0,0.0,0.0,0.0,0.0,,0.36,0.0,0.0
2022-05-30,10.717,10.717,10.717,10.717,0,0.0,0.0,0.0,0.0,0.0,,0.36,0.0,0.0
2022-05-31,12.269,12.269,12.269,12.269,600,7361.4,0.0,0.0,0.0,0.0,,0.36,0.0,0.0
2022-06-01,12.269,12.269,12.269,12.269,0,0.0,0.0,0.0,0.0,0.0,,0.36,0.0,0.0
2022-06-02,12.269,12.269,12.269,12.269,0,0.0,0.0,0.0,0.0,0.0,,0.36,0.0,0.0
2022-06-03,12.269,12.269,12.269,12.269,0,0.0,0.0,0.0,0.0,0.0,,0.36,0.0,0.0
2022-06-06,12.269,12.269,12.269,12.269,0,0.0,0.0,0.0,0.0,0.0,,0.36,0.0,0.0
2022-06-07,12.269,12.269,12.269,12.269,0,0.0,0.0,0.0,0.0,0.0,,0.36,0.0,0.0
2022-06-08,12.269,12.269,12.269,12.269,0,0.0,0.0,0.0,0.0,0.0,,0.36,0.0,0.0
2022-06-09,12.269,12.269,12.269,12.269,0,0.0,0.0,0.0,0.0,0.0,,0.36,0.0,0.0
2022-06-10,12.269,12.269,12.269,12.269,0,0.0,0.0,0.0,0.0,0.0,,0.36,0.0,0.0
2022-06-13,12.269,12.269,12.269,12.269,0,0.0,0.0,0.0,0.0,0.0,,0.36,0.0,0.0
2022-06-14,12.269,12.269,12.269,12.269,0,0.0,0.0,0.0,0.0,0.0,,0.36,0.0,0.0
2022-06-15,12.269,12.269,12.269,12.269,0,0.0,0.0,0.0,0.0,0.0,,0.36,0.0,0.0
2022-06-16,12.269,12.269,12.269,12.269,0,0.0,0.0,0.0,0.0,0.0,,0.36,0.0,0.0
2022-06-17,12.269,12.269,12.269,12.269,0,0.0,0.0,0.0,0.0,0.0,,0.36,0.0,0.0
2022-06-20,12.269,12.269,12.269,12.269,0,0.0,0.0,0.0,0.0,0.0,,0.36,0.0,0.0
2022-06-21,10.495,10.495,10.495,10.495,500,5247.5,500.0,0.0,10000.0,0.0,,0.36,0.01,0.0
2022-06-22,10.495,10.495,10.495,10.495,0,0.0,0.0,0.0,0.0,0.0,,0.36,0.0,0.0
2022-06-23,10.495,10.495,10.495,10.495,0,0.0,0.0,0.0,0.0,0.0,,0.36,0.0,0.0
2022-06-24,10.495,10.495,10.495,10.495,0,0.0,0.0,0.0,0.0,0.0,,0.36,0.0,0.0
2022-06-27,10.495,10.495,10.495,10.495,0,0.0,0.0,0.0,0.0,0.0,,0.36,0.0,0.0
2022-06-28,10.495,10.495,10.495,10.495,0,0.0,0.0,0.0,0.0,0.0,,0.36,0.0,0.0
2022-06-29,10.495,10.495,10.495,10.495,0,0.0,0.0,0.0,0.0,0.0,,0.36,0.0,0.0
2022-06-30,10.495,10.495,10.495,10.495,0,0.0,0.0,0.0,0.0,0.0,,0.36,0.0,0.0
2022-07-01,10.495,10.495,10.495,10.495,0,0.0,0.0,0.0,0.0,0.0,,0.36,0.0,0.0
2022-07-04,10.495,10.495,10.495,10.495,0,0.0,0.0,0.0,0.0,0.0,,0.36,0.0,0.0
2022-07-05,10.495,10.495,10.495,10.495,0,0.0,0.0,0.0,0.0,0.0,,0.36,0.0,0.0
2022-07-06,10.495,10.495,10.495,10.495,0,0.0,0.0,0.0,0.0,0.0,,0.36,0.0,0.0
2022-07-07,10.495,10.495,10.495,10.495,0,0.0,0.0,0.0,0.0,0.0,,0.36,0.0,0.0
2022-07-08,10.495,10.495,10.495,10.495,0,0.0,0.0,0.0,0.0,0.0,,0.36,0.0,0.0
2022-07-11,10.495,10.495,10.495,10.495,0,0.0,0.0,0.0,0.0,0.0,,0.36,0.0,0.0
2022-07-12,10.495,10.495,10.495,10.495,0,0.0,0.0,0.0,0.0,0.0,,0.36,0.0,0.0
2022-07-13,10.495,10.495,10.495,10.495,0,0.0,0.0,0.0,0.0,0.0,,0.36,0.0,0.0
2022-07-14,10.495,10.495,10.495,10.495,0,0.0,0.0,0.0,0.0,0.0,,0.36,0.0,0.0
2022-07-15,10.495,10.495,10.495,10.495,0,0.0,0.0,0.0,0.0,0.0,,0.36,0.0,0.0
2022-07-18,10.495,10.495,10.495,10.495,0,0.0,0.0,0.0,0.0,0.0,,0.36,0.0,0.0
2022-07-19,10.495,10.495,10.495,10.495,0,0.0,0.0,0.0,0.0,0.0,,0.36,0.0,0.0
2022-07-20,10.495,10.495,10.495,10.495,0,0.0,0.0,0.0,0.0,0.0,,0.36,0.0,0.0
2022-07-21,10.495,10.495,10.495,10.495,0,0.0,0.0,0.0,0.0,0.0,,0.36,0.0,0.0
2022-07-22,10.495,10.495,10.495,10.495,0,0.0,0.0,0.0,0.0,0.0,,0.36,0.0,0.0
2022-07-25,10.495,10.495,10.495,10.495,0,0.0,0.0,0.0,0.0,0.0,,0.36,0.0,0.0
2022-07-26,10.495,10.495,10.495,10.495,0,0.0,0.0,0.0,0.0,0.0,,0.36,0.0,0.0
2022-07-27,10.495,10.495,10.495,10.495,0,0.0,0.0,0.0,0.0,0.0,,0.36,0.0,0.0
2022-07-28,10.495,10.495,10.495,10.495,0,0.0,0.0,0.0,0.0,0.0,,0.36,0.0,0.0
2022-07-29,10.495,10.495,10.495,10.495,0,0.0,0.0,0.0,0.0,0.0,,0.36,0.0,0.0
2022-08-01,10.495,10.495,10.495,10.495,0,0.0,0.0,0.0,0.0,0.0,,0.36,0.0,0.0
2022-08-02,10.495,10.495,10.495,10.495,0,0.0,0.0,0.0,0.0,0.0,,0.36,0.0,0.0
2022-08-03,10.495,10.495,10.495,10.495,0,0.0,0.0,0.0,0.0,0.0,,0.36,0.0,0.0
2022-08-04,10.495,10.495,10.495,10.495,0,0.0,0.0,0.0,0.0,0.0,,0.36,0.0,0.0
2022-08-05,7.391,7.391,7.391,7.391,3000,22173.0,0.0,0.0,0.0,0.0,,0.36,0.0,0.0
2022-08-08,7.391,7.391,7.391,7.391,0,0.0,0.0,0.0,0.0,0.0,,0.36,0.0,0.0
2022-08-09,7.391,7.391,7.391,7.391,0,0.0,0.0,0.0,0.0,0.0,,0.36,0.0,0.0
2022-08-10,7.391,7.391,7.391,7.391,3100,22912.1,0.0,0.0,0.0,0.0,,0.36,0.0,0.0
2022-08-11,7.539,7.539,7.391,7.391,700,5173.7,0.0,0.0,0.0,0.0,,0.36,0.0,0.0
2022-08-12,7.465,7.465,7.465,7.465,0,0.0,0.0,0.0,0.0,0.0,,0.36,0.0,0.0
2022-08-15,7.465,7.465,7.465,7.465,0,0.0,0.0,0.0,0.0,0.0,,0.36,0.0,0.0
2022-08-16,7.465,7.465,7.465,7.465,0,0.0,0.0,0.0,0.0,0.0,,0.36,0.0,0.0
2022-08-17,8.573,8.573,8.573,8.573,200,1714.6,0.0,0.0,0.0,0.0,,0.36,0.0,0.0
2022-08-18,9.756,9.756,9.756,9.756,500,4878.0,0.0,0.0,0.0,0.0,,0.36,0.0,0.0
2022-08-19,9.756,9.756,9.756,9.756,0,0.0,0.0,0.0,0.0,0.0,,0.36,0.0,0.0
2022-08-22,9.756,9.756,9.756,9.756,0,0.0,0.0,0.0,0.0,0.0,,0.36,0.0,0.0
2022-08-23,9.756,9.756,9.756,9.756,0,0.0,0.0,0.0,0.0,0.0,,0.36,0.0,0.0
2022-08-24,9.756,9.756,9.756,9.756,0,0.0,0.0,0.0,0.0,0.0,,0.36,0.0,0.0
2022-08-25,9.756,9.756,9.756,9.756,0,0.0,0.0,0.0,0.0,0.0,,0.36,0.0,0.0
2022-08-26,9.756,9.756,9.756,9.756,0,0.0,0.0,0.0,0.0,0.0,,0.36,0.0,0.0
2022-08-29,9.756,9.756,9.756,9.756,0,0.0,0.0,0.0,0.0,0.0,,0.36,0.0,0.0
2022-08-30,9.756,9.756,9.756,9.756,0,0.0,0.0,0.0,0.0,0.0,,0.36,0.0,0.0
2022-08-31,9.756,9.756,9.756,9.756,0,0.0,0.0,0.0,0.0,0.0,,0.36,0.0,0.0
2022-09-05,9.756,9.756,9.756,9.756,0,0.0,0.0,0.0,0.0,0.0,,0.36,0.0,0.0
2022-09-06,9.756,9.756,9.756,9.756,0,0.0,0.0,0.0,0.0,0.0,,0.36,0.0,0.0
2022-09-07,9.756,9.756,9.756,9.756,0,0.0,0.0,0.0,0.0,0.0,,0.36,0.0,0.0
2022-09-08,9.756,9.756,9.756,9.756,0,0.0,0.0,0.0,0.0,0.0,,0.36,0.0,0.0
2022-09-09,9.756,9.756,9.756,9.756,0,0.0,0.0,0.0,0.0,0.0,,0.36,0.0,0.0
2022-09-12,8.304,8.304,8.304,8.304,400,3321.6,0.0,0.0,0.0,0.0,,0.36,0.0,0.0
2022-09-13,8.304,8.304,8.304,8.304,0,0.0,0.0,0.0,0.0,0.0,,0.36,0.0,0.0
2022-09-14,8.304,8.304,8.304,8.304,0,0.0,0.0,0.0,0.0,0.0,,0.36,0.0,0.0
2022-09-15,8.304,8.304,8.304,8.304,0,0.0,0.0,0.0,0.0,0.0,,0.36,0.0,0.0
2022-09-16,8.304,8.304,8.304,8.304,0,0.0,0.0,0.0,0.0,0.0,,0.36,0.0,0.0
2022-09-19,8.304,8.304,8.304,8.304,0,0.0,0.0,0.0,0.0,0.0,,0.36,0.0,0.0
2022-09-20,8.304,8.304,8.304,8.304,0,0.0,0.0,0.0,0.0,0.0,,0.36,0.0,0.0
2022-09-21,8.304,8.304,8.304,8.304,0,0.0,0.0,0.0,0.0,0.0,,0.36,0.0,0.0
2022-09-22,8.304,8.304,8.304,8.304,0,0.0,0.0,0.0,0.0,0.0,,0.36,0.0,0.0
2022-09-23,8.304,8.304,8.304,8.304,0,0.0,0.0,0.0,0.0,0.0,,0.36,0.0,0.0
2022-09-26,8.304,8.304,8.304,8.304,0,0.0,0.0,0.0,0.0,0.0,,0.36,0.0,0.0
2022-09-27,8.304,8.304,8.304,8.304,0,0.0,0.0,0.0,0.0,0.0,,0.36,0.0,0.0
2022-09-28,8.304,8.304,8.304,8.304,0,0.0,0.0,0.0,0.0,0.0,,0.36,0.0,0.0
2022-09-29,8.304,8.304,8.304,8.304,0,0.0,0.0,0.0,0.0,0.0,,0.36,0.0,0.0
2022-09-30,8.304,8.304,8.304,8.304,0,0.0,0.0,0.0,0.0,0.0,,0.36,0.0,0.0
2022-10-03,8.304,8.304,8.304,8.304,0,0.0,0.0,0.0,0.0,0.0,,0.36,0.0,0.0
2022-10-04,8.304,8.304,8.304,8.304,0,0.0,0.0,0.0,0.0,0.0,,0.36,0.0,0.0
2022-10-05,8.304,8.304,8.304,8.304,0,0.0,0.0,0.0,0.0,0.0,,0.36,0.0,0.0
2022-10-06,8.304,8.304,8.304,8.304,0,0.0,0.0,0.0,0.0,0.0,,0.36,0.0,0.0
2022-10-07,8.304,8.304,8.304,8.304,0,0.0,0.0,0.0,0.0,0.0,,0.36,0.0,0.0
2022-10-10,8.304,8.304,8.304,8.304,0,0.0,0.0,0.0,0.0,0.0,,0.36,0.0,0.0
2022-10-11,8.304,8.304,8.304,8.304,0,0.0,0.0,0.0,0.0,0.0,,0.36,0.0,0.0
2022-10-12,8.304,8.304,8.304,8.304,0,0.0,0.0,0.0,0.0,0.0,,0.36,0.0,0.0
2022-10-13,8.304,8.304,8.304,8.304,0,0.0,0.0,0.0,0.0,0.0,,0.36,0.0,0.0
2022-10-14,8.304,8.304,8.304,8.304,0,0.0,0.0,0.0,0.0,0.0,,0.36,0.0,0.0
2022-10-17,8.304,8.304,8.304,8.304,0,0.0,0.0,0.0,0.0,0.0,,0.36,0.0,0.0
2022-10-18,8.304,8.304,8.304,8.304,0,0.0,0.0,0.0,0.0,0.0,,0.36,0.0,0.0
2022-10-19,8.304,8.304,8.304,8.304,0,0.0,0.0,0.0,0.0,0.0,,0.36,0.0,0.0
2022-10-20,8.304,8.304,8.304,8.304,0,0.0,0.0,0.0,0.0,0.0,,0.36,0.0,0.0
2022-10-21,8.304,8.304,8.304,8.304,0,0.0,0.0,0.0,0.0,0.0,,0.36,0.0,0.0
2022-10-24,8.304,8.304,8.304,8.304,0,0.0,0.0,0.0,0.0,0.0,,0.36,0.0,0.0
2022-10-25,8.304,8.304,8.304,8.304,0,0.0,0.0,0.0,0.0,0.0,,0.36,0.0,0.0
2022-10-26,9.675,9.675,9.675,9.675,400,3870.000000000001,0.0,0.0,0.0,0.0,,0.36,0.0,0.0
2022-10-27,11.126,11.126,11.126,11.126,100,1112.6,0.0,0.0,0.0,0.0,,0.36,0.0,0.0
2022-10-28,11.126,11.126,11.126,11.126,0,0.0,0.0,0.0,0.0,0.0,,0.36,0.0,0.0
2022-10-31,11.126,11.126,11.126,11.126,0,0.0,0.0,0.0,0.0,0.0,,0.36,0.0,0.0
2022-11-01,11.126,11.126,11.126,11.126,0,0.0,0.0,0.0,0.0,0.0,,0.36,0.0,0.0
2022-11-02,11.126,11.126,11.126,11.126,0,0.0,0.0,0.0,0.0,0.0,,0.36,0.0,0.0
2022-11-03,11.126,11.126,11.126,11.126,0,0.0,0.0,0.0,0.0,0.0,,0.36,0.0,0.0
2022-11-04,11.126,11.126,11.126,11.126,0,0.0,0.0,0.0,0.0,0.0,,0.36,0.0,0.0
2022-11-07,11.126,11.126,11.126,11.126,0,0.0,0.0,0.0,0.0,0.0,,0.36,0.0,0.0
2022-11-08,11.126,11.126,11.126,11.126,0,0.0,0.0,0.0,0.0,0.0,,0.36,0.0,0.0
2022-11-09,11.126,11.126,11.126,11.126,0,0.0,0.0,0.0,0.0,0.0,,0.36,0.0,0.0
2022-11-10,9.514,9.514,9.514,9.514,2300,21882.2,2300.0,0.0,30000.0,0.0,,0.36,0.03,0.0
2022-11-11,9.514,9.514,9.514,9.514,0,0.0,0.0,0.0,0.0,0.0,,0.36,0.0,0.0
2022-11-14,9.514,9.514,9.514,9.514,0,0.0,0.0,0.0,0.0,0.0,,0.36,0.0,0.0
2022-11-15,9.514,9.514,9.514,9.514,0,0.0,0.0,0.0,0.0,0.0,,0.36,0.0,0.0
2022-11-16,9.514,9.514,9.514,9.514,0,0.0,0.0,0.0,0.0,0.0,,0.36,0.0,0.0
2022-11-17,9.514,9.514,9.514,9.514,0,0.0,0.0,0.0,0.0,0.0,,0.36,0.0,0.0
2022-11-18,9.514,9.514,9.514,9.514,0,0.0,0.0,0.0,0.0,0.0,,0.36,0.0,0.0
2022-11-21,9.514,9.514,9.514,9.514,0,0.0,0.0,0.0,0.0,0.0,,0.36,0.0,0.0
2022-11-22,9.514,9.514,9.514,9.514,0,0.0,0.0,0.0,0.0,0.0,,0.36,0.0,0.0
2022-11-23,9.514,9.514,9.514,9.514,0,0.0,0.0,0.0,0.0,0.0,,0.36,0.0,0.0
2022-11-24,9.514,9.514,9.514,9.514,0,0.0,0.0,0.0,0.0,0.0,,0.36,0.0,0.0
2022-11-25,9.514,9.514,9.514,9.514,0,0.0,0.0,0.0,0.0,0.0,,0.36,0.0,0.0
2022-11-28,9.514,9.514,9.514,9.514,0,0.0,0.0,0.0,0.0,0.0,,0.36,0.0,0.0
2022-11-29,9.514,9.514,9.514,9.514,0,0.0,0.0,0.0,0.0,0.0,,0.36,0.0,0.0
2022-11-30,9.514,9.514,9.514,9.514,0,0.0,0.0,0.0,0.0,0.0,,0.36,0.0,0.0
2022-12-01,9.514,9.514,9.514,9.514,0,0.0,0.0,0.0,0.0,0.0,,0.36,0.0,0.0
2022-12-02,9.514,9.514,9.514,9.514,0,0.0,0.0,0.0,0.0,0.0,,0.36,0.0,0.0
2022-12-05,9.514,9.514,9.514,9.514,0,0.0,0.0,0.0,0.0,0.0,,0.36,0.0,0.0
2022-12-06,9.514,9.514,9.514,9.514,0,0.0,0.0,0.0,0.0,0.0,,0.36,0.0,0.0
2022-12-07,10.32,10.32,10.32,10.32,200,2064.0,0.0,0.0,0.0,0.0,,0.36,0.0,0.0
2022-12-08,10.32,10.32,10.32,10.32,0,0.0,0.0,0.0,0.0,0.0,,0.36,0.0,0.0
2022-12-09,10.32,10.32,10.32,10.32,0,0.0,0.0,0.0,0.0,0.0,,0.36,0.0,0.0
2022-12-12,10.32,10.32,10.32,10.32,0,0.0,0.0,0.0,0.0,0.0,,0.36,0.0,0.0
2022-12-13,10.32,10.32,10.32,10.32,0,0.0,0.0,0.0,0.0,0.0,,0.36,0.0,0.0
2022-12-14,10.32,10.32,10.32,10.32,0,0.0,0.0,0.0,0.0,0.0,,0.36,0.0,0.0
2022-12-15,10.32,10.32,10.32,10.32,0,0.0,0.0,0.0,0.0,0.0,,0.36,0.0,0.0
2022-12-16,10.32,10.32,10.32,10.32,0,0.0,0.0,0.0,0.0,0.0,,0.36,0.0,0.0
2022-12-19,10.32,10.32,10.32,10.32,0,0.0,0.0,0.0,0.0,0.0,,0.36,0.0,0.0
2022-12-20,10.32,10.32,10.32,10.32,0,0.0,0.0,0.0,0.0,0.0,,0.36,0.0,0.0
2022-12-21,10.32,10.32,10.32,10.32,0,0.0,0.0,0.0,0.0,0.0,,0.36,0.0,0.0
2022-12-22,10.32,10.32,10.32,10.32,0,0.0,0.0,0.0,0.0,0.0,,0.36,0.0,0.0
2022-12-23,10.32,10.32,10.32,10.32,0,0.0,0.0,0.0,0.0,0.0,,0.36,0.0,0.0
2022-12-26,8.788,8.788,8.788,8.788,3000,26364.0,0.0,0.0,0.0,0.0,,0.36,0.0,0.0
2022-12-27,7.579,7.579,7.579,7.579,4500,34105.5,0.0,0.0,0.0,0.0,,0.36,0.0,0.0
2022-12-28,7.579,7.659,7.579,7.659,800,6127.2,0.0,0.0,0.0,0.0,,0.36,0.0,0.0
2022-12-29,8.062,8.062,8.062,8.062,1000,8061.999999999999,0.0,0.0,0.0,0.0,,0.36,0.0,0.0
2022-12-30,8.062,8.062,8.062,8.062,0,0.0,0.0,0.0,0.0,0.0,,0.36,0.0,0.0
2023-01-03,8.062,8.062,8.062,8.062,0,0.0,0.0,0.0,0.0,0.0,,0.36,0.0,0.0
2023-01-04,8.062,8.062,8.062,8.062,0,0.0,0.0,0.0,0.0,0.0,,0.36,0.0,0.0
2023-01-05,8.062,8.062,8.062,8.062,0,0.0,0.0,0.0,0.0,0.0,,0.36,0.0,0.0
2023-01-06,8.062,8.062,8.062,8.062,0,0.0,0.0,0.0,0.0,0.0,,0.36,0.0,0.0
2023-01-09,8.062,8.062,8.062,8.062,0,0.0,0.0,0.0,0.0,0.0,,0.36,0.0,0.0
2023-01-10,8.062,8.062,8.062,8.062,0,0.0,0.0,0.0,0.0,0.0,,0.36,0.0,0.0
2023-01-11,8.062,8.062,8.062,8.062,0,0.0,0.0,0.0,0.0,0.0,,0.36,0.0,0.0
2023-01-12,8.062,8.062,8.062,8.062,0,0.0,0.0,0.0,0.0,0.0,,0.36,0.0,0.0
2023-01-13,8.062,8.062,8.062,8.062,0,0.0,0.0,0.0,0.0,0.0,,0.36,0.0,0.0
2023-01-16,8.062,8.062,8.062,8.062,0,0.0,0.0,0.0,0.0,0.0,,0.36,0.0,0.0
2023-01-17,8.062,8.062,8.062,8.062,0,0.0,0.0,0.0,0.0,0.0,,0.36,0.0,0.0
2023-01-18,8.062,8.062,8.062,8.062,0,0.0,0.0,0.0,0.0,0.0,,0.36,0.0,0.0
2023-01-19,8.062,8.062,8.062,8.062,0,0.0,0.0,0.0,0.0,0.0,,0.36,0.0,0.0
2023-01-27,8.062,8.062,8.062,8.062,0,0.0,0.0,0.0,0.0,0.0,,0.36,0.0,0.0
2023-01-30,8.062,8.062,8.062,8.062,0,0.0,0.0,0.0,0.0,0.0,,0.36,0.0,0.0
2023-01-31,8.062,8.062,8.062,8.062,0,0.0,0.0,0.0,0.0,0.0,,0.36,0.0,0.0
2023-02-01,8.062,8.062,8.062,8.062,0,0.0,0.0,0.0,0.0,0.0,,0.36,0.0,0.0
2023-02-02,8.062,8.062,8.062,8.062,0,0.0,0.0,0.0,0.0,0.0,,0.36,0.0,0.0
2023-02-03,8.062,8.062,8.062,8.062,0,0.0,0.0,0.0,0.0,0.0,,0.36,0.0,0.0
2023-02-06,8.062,8.062,8.062,8.062,0,0.0,0.0,0.0,0.0,0.0,,0.36,0.0,0.0
2023-02-07,8.546,8.546,8.546,8.546,100,854.5999999999999,0.0,0.0,0.0,0.0,,0.36,0.0,0.0
2023-02-08,8.546,8.546,8.546,8.546,0,0.0,0.0,0.0,0.0,0.0,,0.36,0.0,0.0
2023-02-09,8.546,8.546,8.546,8.546,0,0.0,0.0,0.0,0.0,0.0,,0.36,0.0,0.0
2023-02-10,8.546,8.546,8.546,8.546,0,0.0,0.0,0.0,0.0,0.0,,0.36,0.0,0.0
2023-02-13,8.546,8.546,8.546,8.546,0,0.0,0.0,0.0,0.0,0.0,,0.36,0.0,0.0
2023-02-14,8.546,8.546,8.546,8.546,0,0.0,0.0,0.0,0.0,0.0,,0.36,0.0,0.0
2023-02-15,8.546,8.546,8.546,8.546,0,0.0,0.0,0.0,0.0,0.0,,0.36,0.0,0.0
2023-02-16,8.546,8.546,8.546,8.546,0,0.0,0.0,0.0,0.0,0.0,,0.36,0.0,0.0
2023-02-17,8.546,8.546,8.546,8.546,0,0.0,0.0,0.0,0.0,0.0,,0.36,0.0,0.0
2023-02-20,8.546,8.546,8.546,8.546,0,0.0,0.0,0.0,0.0,0.0,,0.36,0.0,0.0
2023-02-21,8.546,8.546,8.546,8.546,0,0.0,0.0,0.0,0.0,0.0,,0.36,0.0,0.0
2023-02-22,8.546,8.546,8.546,8.546,0,0.0,0.0,0.0,0.0,0.0,,0.36,0.0,0.0
2023-02-23,8.546,8.546,8.546,8.546,0,0.0,0.0,0.0,0.0,0.0,,0.36,0.0,0.0
2023-02-24,8.546,8.546,8.546,8.546,0,0.0,0.0,0.0,0.0,0.0,,0.36,0.0,0.0
2023-02-27,9.675,9.675,9.675,9.675,500,4837.5,0.0,0.0,0.0,0.0,,0.36,0.0,0.0
2023-02-28,9.675,9.675,9.675,9.675,0,0.0,0.0,0.0,0.0,0.0,,0.36,0.0,0.0
2023-03-01,9.917,9.917,9.917,9.917,500,4958.5,0.0,0.0,0.0,0.0,,0.36,0.0,0.0
2023-03-02,9.917,9.917,9.917,9.917,0,0.0,0.0,0.0,0.0,0.0,,0.36,0.0,0.0
2023-03-03,9.917,9.917,9.917,9.917,0,0.0,0.0,0.0,0.0,0.0,,0.36,0.0,0.0
2023-03-06,9.917,9.917,9.917,9.917,0,0.0,0.0,0.0,0.0,0.0,,0.36,0.0,0.0
2023-03-07,9.917,9.917,9.917,9.917,0,0.0,0.0,0.0,0.0,0.0,,0.36,0.0,0.0
2023-03-08,9.917,9.917,9.917,9.917,0,0.0,0.0,0.0,0.0,0.0,,0.36,0.0,0.0
2023-03-09,9.917,9.917,9.917,9.917,0,0.0,0.0,0.0,0.0,0.0,,0.36,0.0,0.0
2023-03-10,9.917,9.917,9.917,9.917,0,0.0,0.0,0.0,0.0,0.0,,0.36,0.0,0.0
2023-03-13,9.675,9.675,9.675,9.675,200,1935.0,0.0,0.0,0.0,0.0,,0.36,0.0,0.0
2023-03-14,9.675,9.675,9.675,9.675,0,0.0,0.0,0.0,0.0,0.0,,0.36,0.0,0.0
2023-03-15,9.675,9.675,9.675,9.675,0,0.0,0.0,0.0,0.0,0.0,,0.36,0.0,0.0
2023-03-16,9.675,9.675,9.675,9.675,0,0.0,0.0,0.0,0.0,0.0,,0.36,0.0,0.0
2023-03-17,9.675,9.675,9.675,9.675,0,0.0,0.0,0.0,0.0,0.0,,0.36,0.0,0.0
2023-03-20,9.675,9.675,9.675,9.675,0,0.0,0.0,0.0,0.0,0.0,,0.36,0.0,0.0
2023-03-21,9.675,9.675,9.675,9.675,0,0.0,0.0,0.0,0.0,0.0,,0.36,0.0,0.0
2023-03-22,9.675,9.675,9.675,9.675,0,0.0,0.0,0.0,0.0,0.0,,0.36,0.0,0.0
2023-03-23,9.675,9.675,9.675,9.675,0,0.0,0.0,0.0,0.0,0.0,,0.36,0.0,0.0
2023-03-24,11.126,11.126,11.126,11.126,100,1112.6,0.0,0.0,0.0,0.0,,0.36,0.0,0.0
2023-03-27,11.126,11.126,11.126,11.126,0,0.0,0.0,0.0,0.0,0.0,,0.36,0.0,0.0
2023-03-28,11.126,11.126,11.126,11.126,0,0.0,0.0,0.0,0.0,0.0,,0.36,0.0,0.0
2023-03-29,9.514,9.514,9.514,9.514,200,1902.8,0.0,0.0,0.0,0.0,,0.36,0.0,0.0
2023-03-30,9.514,9.514,9.514,9.514,0,0.0,0.0,0.0,0.0,0.0,,0.36,0.0,0.0
2023-03-31,9.514,9.514,9.514,9.514,0,0.0,0.0,0.0,0.0,0.0,,0.36,0.0,0.0
2023-04-03,9.514,9.514,9.514,9.514,0,0.0,0.0,0.0,0.0,0.0,,0.36,0.0,0.0
2023-04-04,9.514,9.514,9.514,9.514,0,0.0,0.0,0.0,0.0,0.0,,0.36,0.0,0.0
2023-04-05,9.514,9.514,9.514,9.514,0,0.0,0.0,0.0,0.0,0.0,,0.36,0.0,0.0
2023-04-06,9.514,9.514,9.514,9.514,0,0.0,0.0,0.0,0.0,0.0,,0.36,0.0,0.0
2023-04-07,9.514,9.514,9.514,9.514,0,0.0,0.0,0.0,0.0,0.0,,0.36,0.0,0.0
2023-04-10,9.514,9.514,9.514,9.514,0,0.0,0.0,0.0,0.0,0.0,,0.36,0.0,0.0
2023-04-11,9.514,9.514,9.514,9.514,0,0.0,0.0,0.0,0.0,0.0,,0.36,0.0,0.0
2023-04-12,9.514,9.514,9.514,9.514,0,0.0,0.0,0.0,0.0,0.0,,0.36,0.0,0.0
2023-04-13,9.514,9.514,9.514,9.514,0,0.0,0.0,0.0,0.0,0.0,,0.36,0.0,0.0
2023-04-14,9.514,9.514,9.514,9.514,0,0.0,0.0,0.0,0.0,0.0,,0.36,0.0,0.0
2023-04-17,9.514,9.514,9.514,9.514,0,0.0,0.0,0.0,0.0,0.0,,0.36,0.0,0.0
2023-04-18,9.514,9.514,9.514,9.514,0,0.0,0.0,0.0,0.0,0.0,,0.36,0.0,0.0
2023-04-19,9.514,9.514,9.514,9.514,0,0.0,0.0,0.0,0.0,0.0,,0.36,0.0,0.0
2023-04-20,10.884,10.884,10.884,10.884,100,1088.4,0.0,0.0,0.0,0.0,,0.36,0.0,0.0
2023-04-21,10.884,10.884,10.884,10.884,0,0.0,0.0,0.0,0.0,0.0,,0.36,0.0,0.0
2023-04-24,9.272,9.272,9.272,9.272,1600,14835.2,1500.0,0.0,20000.0,0.0,,0.36,0.02,0.0
2023-04-25,9.272,9.272,9.272,9.272,0,0.0,0.0,0.0,0.0,0.0,,0.36,0.0,0.0
2023-04-26,9.272,9.272,9.272,9.272,0,0.0,0.0,0.0,0.0,0.0,,0.36,0.0,0.0
2023-04-27,9.272,9.272,9.272,9.272,0,0.0,0.0,0.0,0.0,0.0,,0.36,0.0,0.0
2023-04-28,9.272,9.272,9.272,9.272,0,0.0,0.0,0.0,0.0,0.0,,0.36,0.0,0.0
2023-05-04,9.272,9.272,9.272,9.272,0,0.0,0.0,0.0,0.0,0.0,,0.36,0.0,0.0
2023-05-05,9.272,9.272,9.272,9.272,0,0.0,0.0,0.0,0.0,0.0,,0.36,0.0,0.0
2023-05-08,9.272,9.272,9.272,9.272,0,0.0,0.0,0.0,0.0,0.0,,0.36,0.0,0.0
2023-05-09,9.272,9.272,9.272,9.272,0,0.0,0.0,0.0,0.0,0.0,,0.36,0.0,0.0
2023-05-10,9.272,9.272,9.272,9.272,0,0.0,0.0,0.0,0.0,0.0,,0.36,0.0,0.0
2023-05-11,9.272,9.272,9.272,9.272,0,0.0,0.0,0.0,0.0,0.0,,0.36,0.0,0.0
2023-05-12,9.272,9.272,9.272,9.272,0,0.0,0.0,0.0,0.0,0.0,,0.36,0.0,0.0
2023-05-15,9.272,9.272,9.272,9.272,0,0.0,0.0,0.0,0.0,0.0,,0.36,0.0,0.0
2023-05-16,9.272,9.272,9.272,9.272,0,0.0,0.0,0.0,0.0,0.0,,0.36,0.0,0.0
2023-05-17,9.272,9.272,9.272,9.272,0,0.0,0.0,0.0,0.0,0.0,,0.36,0.0,0.0
2023-05-18,9.272,9.272,9.272,9.272,1,9.272,0.0,0.0,0.0,0.0,,0.36,0.0,0.0
2023-05-19,9.272,9.272,9.272,9.272,0,0.0,0.0,0.0,0.0,0.0,,0.36,0.0,0.0
2023-05-22,9.272,9.272,9.272,9.272,0,0.0,0.0,0.0,0.0,0.0,,0.36,0.0,0.0
2023-05-23,9.111,9.111,9.111,9.111,500,4555.5,0.0,0.0,0.0,0.0,,0.36,0.0,0.0
2023-05-24,9.111,9.111,9.111,9.111,0,0.0,0.0,0.0,0.0,0.0,,0.36,0.0,0.0
2023-05-25,9.111,9.111,9.111,9.111,0,0.0,0.0,0.0,0.0,0.0,,0.36,0.0,0.0
2023-05-26,9.111,9.111,9.111,9.111,0,0.0,0.0,0.0,0.0,0.0,,0.36,0.0,0.0
2023-05-29,9.111,9.111,9.111,9.111,2,18.222,0.0,0.0,0.0,0.0,,0.36,0.0,0.0
2023-05-30,9.111,9.111,9.111,9.111,0,0.0,0.0,0.0,0.0,0.0,,0.36,0.0,0.0
2023-05-31,9.111,9.111,9.111,9.111,0,0.0,0.0,0.0,0.0,0.0,,0.36,0.0,0.0
2023-06-01,9.111,9.111,9.111,9.111,0,0.0,0.0,0.0,0.0,0.0,,0.36,0.0,0.0
2023-06-02,9.111,9.111,9.111,9.111,0,0.0,0.0,0.0,0.0,0.0,,0.36,0.0,0.0
2023-06-05,9.111,9.111,9.111,9.111,0,0.0,0.0,0.0,0.0,0.0,,0.36,0.0,0.0
2023-06-06,9.111,9.111,9.111,9.111,0,0.0,0.0,0.0,0.0,0.0,,0.36,0.0,0.0
2023-06-07,9.111,9.111,9.111,9.111,0,0.0,0.0,0.0,0.0,0.0,,0.36,0.0,0.0
2023-06-08,9.111,9.111,9.111,9.111,0,0.0,0.0,0.0,0.0,0.0,,0.36,0.0,0.0
2023-06-09,9.111,9.111,9.111,9.111,0,0.0,0.0,0.0,0.0,0.0,,0.36,0.0,0.0
2023-06-12,9.111,9.111,9.111,9.111,0,0.0,0.0,0.0,0.0,0.0,,0.36,0.0,0.0
2023-06-13,9.111,9.111,9.111,9.111,0,0.0,0.0,0.0,0.0,0.0,,0.36,0.0,0.0
2023-06-14,9.111,9.111,9.111,9.111,0,0.0,0.0,0.0,0.0,0.0,,0.36,0.0,0.0
2023-06-15,9.111,9.111,9.111,9.111,3,27.333,0.0,0.0,0.0,0.0,,0.36,0.0,0.0
2023-06-16,9.111,9.111,9.111,9.111,0,0.0,0.0,0.0,0.0,0.0,,0.36,0.0,0.0
2023-06-19,9.111,9.111,9.111,9.111,0,0.0,0.0,0.0,0.0,0.0,,0.36,0.0,0.0
2023-06-20,9.111,9.111,9.111,9.111,0,0.0,0.0,0.0,0.0,0.0,,0.36,0.0,0.0
2023-06-21,9.111,9.111,9.111,9.111,0,0.0,0.0,0.0,0.0,0.0,,0.36,0.0,0.0
2023-06-22,9.111,9.111,9.111,9.111,0,0.0,0.0,0.0,0.0,0.0,,0.36,0.0,0.0
2023-06-23,9.111,9.111,9.111,9.111,0,0.0,0.0,0.0,0.0,0.0,,0.36,0.0,0.0
2023-06-26,9.111,9.111,9.111,9.111,0,0.0,0.0,0.0,0.0,0.0,,0.36,0.0,0.0
2023-06-27,9.111,9.111,9.111,9.111,1,9.111,0.0,0.0,0.0,0.0,,0.36,0.0,0.0
2023-06-28,10.401,10.401,10.401,10.401,130,1352.13,0.0,0.0,0.0,0.0,,0.36,0.0,0.0
2023-06-29,11.932,11.932,11.932,11.932,14502,173037.864,0.0,0.0,0.0,0.0,,0.36,0.0,0.0
2023-06-30,11.932,11.932,11.932,11.932,302,3603.464,0.0,0.0,0.0,0.0,,0.36,0.0,0.0
2023-07-03,11.932,11.932,11.932,11.932,4700,56080.4,0.0,0.0,0.0,0.0,,0.36,0.0,0.0
2023-07-04,10.159,10.159,10.159,10.159,202,2052.118,0.0,0.0,0.0,0.0,,0.36,0.0,0.0
2023-07-05,11.61,11.61,11.61,11.61,5200,60372.0,0.0,0.0,0.0,0.0,,0.36,0.0,0.0
2023-07-06,13.342,13.342,12.562,12.562,14400,180892.8,0.0,0.0,0.0,0.0,,0.36,0.0,0.0
2023-07-07,11.349,12.129,11.349,12.129,600,7277.4,0.0,0.0,0.0,0.0,,0.36,0.0,0.0
2023-07-10,11.176,11.176,11.176,11.176,215,2402.84,0.0,0.0,0.0,0.0,,0.36,0.0,0.0
2023-07-11,11.349,11.349,11.263,11.263,2310,26017.53,0.0,0.0,0.0,0.0,,0.36,0.0,0.0
2023-07-12,11.263,11.263,11.263,11.263,15,168.945,0.0,0.0,0.0,0.0,,0.36,0.0,0.0
2023-07-13,11.263,11.263,11.263,11.263,0,0.0,0.0,0.0,0.0,0.0,,0.36,0.0,0.0
2023-07-14,11.263,11.263,11.263,11.263,0,0.0,0.0,0.0,0.0,0.0,,0.36,0.0,0.0
2023-07-17,11.263,11.263,11.263,11.263,0,0.0,0.0,0.0,0.0,0.0,,0.36,0.0,0.0
2023-07-18,11.263,11.263,11.263,11.263,0,0.0,0.0,0.0,0.0,0.0,,0.36,0.0,0.0
2023-07-19,11.263,11.263,11.263,11.263,0,0.0,0.0,0.0,0.0,0.0,,0.36,0.0,0.0
2023-07-20,11.176,11.176,11.176,11.176,200,2235.2,0.0,0.0,0.0,0.0,,0.36,0.0,0.0
2023-07-21,11.09,11.263,11.09,11.263,3800,42799.4,0.0,0.0,0.0,0.0,,0.36,0.0,0.0
2023-07-24,11.176,11.176,11.09,11.09,2300,25507.0,0.0,0.0,0.0,0.0,,0.36,0.0,0.0
2023-07-25,11.263,11.263,11.263,11.263,2100,23652.3,0.0,0.0,0.0,0.0,,0.36,0.0,0.0
2023-07-26,11.263,11.263,11.263,11.263,0,0.0,0.0,0.0,0.0,0.0,,0.36,0.0,0.0
2023-07-27,11.176,11.176,11.176,11.176,1000,11176.0,0.0,0.0,0.0,0.0,,0.36,0.0,0.0
2023-07-28,11.176,11.176,11.176,11.176,10800,120700.8,0.0,0.0,0.0,0.0,,0.36,0.0,0.0
2023-07-31,11.176,11.176,11.176,11.176,1000,11176.0,0.0,0.0,0.0,0.0,,0.36,0.0,0.0
2023-08-01,11.176,11.176,11.176,11.176,0,0.0,0.0,0.0,0.0,0.0,,0.36,0.0,0.0
2023-08-02,11.176,11.176,11.176,11.176,0,0.0,0.0,0.0,0.0,0.0,,0.36,0.0,0.0
2023-08-03,11.176,11.176,11.176,11.176,1000,11176.0,0.0,0.0,0.0,0.0,,0.36,0.0,0.0
2023-08-04,11.176,11.176,11.176,11.176,0,0.0,0.0,0.0,0.0,0.0,,0.36,0.0,0.0
2023-08-07,10.743,10.743,10.743,10.743,2200,23634.6,0.0,0.0,0.0,0.0,,0.36,0.0,0.0
2023-08-08,10.743,10.743,10.743,10.743,0,0.0,0.0,0.0,0.0,0.0,,0.36,0.0,0.0
2023-08-09,10.743,10.743,10.656,10.656,2000,21312.0,0.0,0.0,0.0,0.0,,0.36,0.0,0.0
2023-08-10,10.656,10.656,10.656,10.656,0,0.0,0.0,0.0,0.0,0.0,,0.36,0.0,0.0
2023-08-11,10.656,10.656,10.656,10.656,0,0.0,0.0,0.0,0.0,0.0,,0.36,0.0,0.0
2023-08-14,10.656,10.656,10.656,10.656,0,0.0,0.0,0.0,0.0,0.0,,0.36,0.0,0.0
2023-08-15,10.656,10.656,10.656,10.656,0,0.0,0.0,0.0,0.0,0.0,,0.36,0.0,0.0
2023-08-16,10.656,10.656,10.656,10.656,0,0.0,0.0,0.0,0.0,0.0,,0.36,0.0,0.0
2023-08-17,10.656,10.656,10.656,10.656,0,0.0,0.0,0.0,0.0,0.0,,0.36,0.0,0.0
2023-08-18,10.656,10.656,10.656,10.656,0,0.0,0.0,0.0,0.0,0.0,,0.36,0.0,0.0
2023-08-21,10.656,10.656,10.656,10.656,0,0.0,0.0,0.0,0.0,0.0,,0.36,0.0,0.0
2023-08-22,10.83,10.83,10.83,10.83,500,5415.0,0.0,0.0,0.0,0.0,,0.36,0.0,0.0
2023-08-23,10.83,10.83,10.83,10.83,0,0.0,0.0,0.0,0.0,0.0,,0.36,0.0,0.0
2023-08-24,10.83,10.83,10.83,10.83,0,0.0,0.0,0.0,0.0,0.0,,0.36,0.0,0.0
2023-08-25,10.83,10.83,10.83,10.83,0,0.0,0.0,0.0,0.0,0.0,,0.36,0.0,0.0
2023-08-28,10.83,10.83,10.83,10.83,0,0.0,0.0,0.0,0.0,0.0,,0.36,0.0,0.0
2023-08-29,9.27,9.27,9.27,9.27,200,1854.0,0.0,0.0,0.0,0.0,,0.36,0.0,0.0
2023-08-30,10.656,10.656,10.656,10.656,100,1065.6,0.0,0.0,0.0,0.0,,0.36,0.0,0.0
2023-08-31,10.656,10.656,10.656,10.656,0,0.0,0.0,0.0,0.0,0.0,,0.36,0.0,0.0
2023-09-05,11.436,11.436,11.436,11.436,500,5718.0,0.0,0.0,0.0,0.0,,0.36,0.0,0.0
2023-09-06,9.79,9.79,9.79,9.79,200,1958.0,0.0,0.0,0.0,0.0,,0.36,0.0,0.0
2023-09-07,11.176,11.176,11.176,11.176,200,2235.2,200.0,0.0,0.0,0.0,,0.36,0.0,0.0
2023-09-08,10.83,10.83,10.83,10.83,500,5415.0,0.0,0.0,0.0,0.0,,0.36,0.0,0.0
2023-09-11,10.83,10.83,10.83,10.83,0,0.0,0.0,0.0,0.0,0.0,,0.36,0.0,0.0
2023-09-12,10.83,10.83,10.83,10.83,0,0.0,0.0,0.0,0.0,0.0,,0.36,0.0,0.0
2023-09-13,10.83,10.83,10.83,10.83,0,0.0,0.0,0.0,0.0,0.0,,0.36,0.0,0.0
2023-09-14,10.83,10.83,10.83,10.83,0,0.0,0.0,0.0,0.0,0.0,,0.36,0.0,0.0
2023-09-15,10.83,10.83,10.83,10.83,1,10.83,0.0,0.0,0.0,0.0,,0.36,0.0,0.0
2023-09-18,10.83,10.83,10.83,10.83,0,0.0,0.0,0.0,0.0,0.0,,0.36,0.0,0.0
2023-09-19,10.83,10.83,10.83,10.83,0,0.0,0.0,0.0,0.0,0.0,,0.36,0.0,0.0
2023-09-20,10.83,10.83,10.83,10.83,1,10.83,0.0,0.0,0.0,0.0,,0.36,0.0,0.0
2023-09-21,11.696,11.696,11.696,11.696,100,1169.6,0.0,0.0,0.0,0.0,,0.36,0.0,0.0
2023-09-22,11.696,11.696,11.696,11.696,0,0.0,0.0,0.0,0.0,0.0,,0.36,0.0,0.0
2023-09-25,11.696,11.696,11.696,11.696,0,0.0,0.0,0.0,0.0,0.0,,0.36,0.0,0.0
2023-09-26,11.696,11.696,11.696,11.696,0,0.0,0.0,0.0,0.0,0.0,,0.36,0.0,0.0
2023-09-27,11.696,11.696,11.696,11.696,0,0.0,0.0,0.0,0.0,0.0,,0.36,0.0,0.0
2023-09-28,11.696,11.696,11.696,11.696,0,0.0,0.0,0.0,0.0,0.0,,0.36,0.0,0.0
2023-09-29,11.696,11.696,11.696,11.696,0,0.0,0.0,0.0,0.0,0.0,,0.36,0.0,0.0
2023-10-02,11.696,11.696,11.696,11.696,0,0.0,0.0,0.0,0.0,0.0,,0.36,0.0,0.0
2023-10-03,11.696,11.696,11.696,11.696,0,0.0,0.0,0.0,0.0,0.0,,0.36,0.0,0.0
2023-10-04,11.696,11.696,11.696,11.696,0,0.0,0.0,0.0,0.0,0.0,,0.36,0.0,0.0
2023-10-05,11.696,11.696,11.696,11.696,0,0.0,0.0,0.0,0.0,0.0,,0.36,0.0,0.0
2023-10-06,11.696,11.696,11.696,11.696,0,0.0,0.0,0.0,0.0,0.0,,0.36,0.0,0.0
2023-10-09,11.696,11.696,11.696,11.696,0,0.0,0.0,0.0,0.0,0.0,,0.36,0.0,0.0
2023-10-10,11.696,11.696,11.696,11.696,0,0.0,0.0,0.0,0.0,0.0,,0.36,0.0,0.0
2023-10-11,10.05,10.05,10.05,10.05,1800,18090.0,0.0,0.0,0.0,0.0,,0.36,0.0,0.0
2023-10-12,10.05,10.05,10.05,10.05,0,0.0,0.0,0.0,0.0,0.0,,0.36,0.0,0.0
2023-10-13,10.05,10.05,10.05,10.05,0,0.0,0.0,0.0,0.0,0.0,,0.36,0.0,0.0
2023-10-16,10.05,10.05,10.05,10.05,0,0.0,0.0,0.0,0.0,0.0,,0.36,0.0,0.0
2023-10-17,10.05,10.05,10.05,10.05,0,0.0,0.0,0.0,0.0,0.0,,0.36,0.0,0.0
2023-10-18,10.05,10.05,10.05,10.05,0,0.0,0.0,0.0,0.0,0.0,,0.36,0.0,0.0
2023-10-19,10.05,10.05,10.05,10.05,0,0.0,0.0,0.0,0.0,0.0,,0.36,0.0,0.0
2023-10-20,10.05,10.05,10.05,10.05,0,0.0,0.0,0.0,0.0,0.0,,0.36,0.0,0.0
2023-10-23,10.05,10.05,10.05,10.05,0,0.0,0.0,0.0,0.0,0.0,,0.36,0.0,0.0
2023-10-24,10.05,10.05,10.05,10.05,0,0.0,0.0,0.0,0.0,0.0,,0.36,0.0,0.0
2023-10-25,10.05,10.05,10.05,10.05,0,0.0,0.0,0.0,0.0,0.0,,0.36,0.0,0.0
2023-10-26,10.05,10.05,10.05,10.05,0,0.0,0.0,0.0,0.0,0.0,,0.36,0.0,0.0
2023-10-27,10.05,10.05,10.05,10.05,0,0.0,0.0,0.0,0.0,0.0,,0.36,0.0,0.0
2023-10-30,10.05,10.05,10.05,10.05,0,0.0,0.0,0.0,0.0,0.0,,0.36,0.0,0.0
2023-10-31,10.05,10.05,10.05,10.05,0,0.0,0.0,0.0,0.0,0.0,,0.36,0.0,0.0
2023-11-01,10.05,10.05,10.05,10.05,0,0.0,0.0,0.0,0.0,0.0,,0.36,0.0,0.0
2023-11-02,10.05,10.05,10.05,10.05,0,0.0,0.0,0.0,0.0,0.0,,0.36,0.0,0.0
2023-11-03,10.05,10.05,10.05,10.05,0,0.0,0.0,0.0,0.0,0.0,,0.36,0.0,0.0
2023-11-06,10.05,10.05,10.05,10.05,0,0.0,0.0,0.0,0.0,0.0,,0.36,0.0,0.0
2023-11-07,11.523,11.523,11.523,11.523,100,1152.3,0.0,0.0,0.0,0.0,,0.36,0.0,0.0
2023-11-08,11.609,11.609,11.609,11.609,300,3482.7,0.0,0.0,0.0,0.0,,0.36,0.0,0.0
2023-11-09,11.609,11.609,11.609,11.609,0,0.0,0.0,0.0,0.0,0.0,,0.36,0.0,0.0
2023-11-10,11.609,11.609,11.609,11.609,0,0.0,0.0,0.0,0.0,0.0,,0.36,0.0,0.0
2023-11-13,11.609,11.609,11.609,11.609,0,0.0,0.0,0.0,0.0,0.0,,0.36,0.0,0.0
2023-11-14,11.609,11.609,11.609,11.609,0,0.0,0.0,0.0,0.0,0.0,,0.36,0.0,0.0
2023-11-15,11.609,11.609,11.609,11.609,0,0.0,0.0,0.0,0.0,0.0,,0.36,0.0,0.0
2023-11-16,11.609,11.609,11.609,11.609,0,0.0,0.0,0.0,0.0,0.0,,0.36,0.0,0.0
2023-11-17,11.609,11.609,11.609,11.609,1,11.609,0.0,0.0,0.0,0.0,,0.36,0.0,0.0
2023-11-20,11.609,11.609,11.609,11.609,0,0.0,0.0,0.0,0.0,0.0,,0.36,0.0,0.0
2023-11-21,11.609,11.609,11.609,11.609,0,0.0,0.0,0.0,0.0,0.0,,0.36,0.0,0.0
2023-11-22,11.609,11.609,11.609,11.609,1,11.609,0.0,0.0,0.0,0.0,,0.36,0.0,0.0
2023-11-23,11.609,11.609,11.609,11.609,0,0.0,0.0,0.0,0.0,0.0,,0.36,0.0,0.0
2023-11-24,11.609,11.609,11.609,11.609,0,0.0,0.0,0.0,0.0,0.0,,0.36,0.0,0.0
2023-11-27,11.609,11.609,11.609,11.609,0,0.0,0.0,0.0,0.0,0.0,,0.36,0.0,0.0
2023-11-28,11.609,11.609,11.609,11.609,0,0.0,0.0,0.0,0.0,0.0,,0.36,0.0,0.0
2023-11-29,11.609,11.609,11.609,11.609,0,0.0,0.0,0.0,0.0,0.0,,0.36,0.0,0.0
2023-11-30,11.609,11.609,11.609,11.609,0,0.0,0.0,0.0,0.0,0.0,,0.36,0.0,0.0
2023-12-01,11.609,11.609,11.609,11.609,0,0.0,0.0,0.0,0.0,0.0,,0.36,0.0,0.0
2023-12-04,11.609,11.609,11.609,11.609,1300,15091.7,0.0,0.0,0.0,0.0,,0.36,0.0,0.0
2023-12-05,11.609,11.609,11.609,11.609,0,0.0,0.0,0.0,0.0,0.0,,0.36,0.0,0.0
2023-12-06,11.609,11.609,11.609,11.609,0,0.0,0.0,0.0,0.0,0.0,,0.36,0.0,0.0
2023-12-07,11.609,11.609,11.609,11.609,0,0.0,0.0,0.0,0.0,0.0,,0.36,0.0,0.0
2023-12-08,11.609,11.609,11.609,11.609,0,0.0,0.0,0.0,0.0,0.0,,0.36,0.0,0.0
2023-12-11,11.609,11.609,11.609,11.609,0,0.0,0.0,0.0,0.0,0.0,,0.36,0.0,0.0
2023-12-12,11.609,11.609,11.609,11.609,0,0.0,0.0,0.0,0.0,0.0,,0.36,0.0,0.0
2023-12-13,11.609,11.609,11.609,11.609,0,0.0,0.0,0.0,0.0,0.0,,0.36,0.0,0.0
2023-12-14,11.609,11.609,11.609,11.609,0,0.0,0.0,0.0,0.0,0.0,,0.36,0.0,0.0
2023-12-15,11.609,11.609,11.609,11.609,0,0.0,0.0,0.0,0.0,0.0,,0.36,0.0,0.0
2023-12-18,11.609,11.609,11.609,11.609,0,0.0,0.0,0.0,0.0,0.0,,0.36,0.0,0.0
2023-12-19,11.609,11.609,11.609,11.609,0,0.0,0.0,0.0,0.0,0.0,,0.36,0.0,0.0
2023-12-20,11.609,11.609,11.609,11.609,0,0.0,0.0,0.0,0.0,0.0,,0.36,0.0,0.0
2023-12-21,11.609,11.609,11.609,11.609,0,0.0,0.0,0.0,0.0,0.0,,0.36,0.0,0.0
2023-12-22,11.609,11.609,11.609,11.609,0,0.0,0.0,0.0,0.0,0.0,,0.36,0.0,0.0
2023-12-25,11.609,11.609,11.609,11.609,0,0.0,0.0,0.0,0.0,0.0,,0.36,0.0,0.0
2023-12-26,10.916,10.916,10.916,10.916,200,2183.2000000000003,0.0,0.0,0.0,0.0,,0.36,0.0,0.0
2023-12-27,10.916,10.916,10.916,10.916,0,0.0,0.0,0.0,0.0,0.0,,0.36,0.0,0.0
2023-12-28,10.916,10.916,10.916,10.916,100,1091.6,0.0,0.0,0.0,0.0,,0.36,0.0,0.0
2023-12-29,10.137,10.137,10.137,10.137,1000,10137.0,0.0,0.0,0.0,0.0,,0.36,0.0,0.0
2024-01-02,11.609,11.609,11.609,11.609,500,5804.5,0.0,0.0,0.0,0.0,,0.36,0.0,0.0
2024-01-03,11.609,11.696,11.609,11.696,900,10526.4,0.0,0.0,0.0,0.0,,0.36,0.0,0.0
2024-01-04,11.696,11.696,11.696,11.696,0,0.0,0.0,0.0,0.0,0.0,,0.36,0.0,0.0
2024-01-05,11.696,11.696,11.696,11.696,0,0.0,0.0,0.0,0.0,0.0,,0.36,0.0,0.0
2024-01-08,12.996,12.996,12.996,12.996,300,3898.8,0.0,0.0,0.0,0.0,,0.36,0.0,0.0
2024-01-09,12.996,12.996,12.996,12.996,0,0.0,0.0,0.0,0.0,0.0,,0.36,0.0,0.0
2024-01-10,12.996,12.996,12.996,12.996,0,0.0,0.0,0.0,0.0,0.0,,0.36,0.0,0.0
2024-01-11,12.996,12.996,12.996,12.996,0,0.0,0.0,0.0,0.0,0.0,,0.36,0.0,0.0
2024-01-12,12.996,12.996,12.996,12.996,0,0.0,0.0,0.0,0.0,0.0,,0.36,0.0,0.0
2024-01-15,12.996,12.996,12.996,12.996,0,0.0,0.0,0.0,0.0,0.0,,0.36,0.0,0.0
2024-01-16,12.996,12.996,12.996,12.996,0,0.0,0.0,0.0,0.0,0.0,,0.36,0.0,0.0
2024-01-17,12.996,12.996,12.996,12.996,0,0.0,0.0,0.0,0.0,0.0,,0.36,0.0,0.0
2024-01-18,12.996,12.996,12.996,12.996,0,0.0,0.0,0.0,0.0,0.0,,0.36,0.0,0.0
2024-01-19,12.996,12.996,12.996,12.996,1,12.996,0.0,0.0,0.0,0.0,,0.36,0.0,0.0
2024-01-22,12.996,12.996,12.996,12.996,0,0.0,0.0,0.0,0.0,0.0,,0.36,0.0,0.0
2024-01-23,12.562,12.562,12.562,12.562,200,2512.4,0.0,0.0,0.0,0.0,,0.36,0.0,0.0
2024-01-24,12.562,12.562,12.562,12.562,1,12.562,0.0,0.0,0.0,0.0,,0.36,0.0,0.0
2024-01-25,12.476,12.476,12.476,12.476,100,1247.6,0.0,0.0,0.0,0.0,,0.36,0.0,0.0
2024-01-26,12.476,12.476,12.476,12.476,0,0.0,0.0,0.0,0.0,0.0,,0.36,0.0,0.0
2024-01-29,12.476,12.476,12.476,12.476,0,0.0,0.0,0.0,0.0,0.0,,0.36,0.0,0.0
2024-01-30,12.476,12.909,12.476,12.909,200,2581.8,0.0,0.0,0.0,0.0,,0.36,0.0,0.0
2024-01-31,12.736,12.736,12.736,12.736,0,0.0,0.0,0.0,0.0,0.0,,0.36,0.0,0.0
2024-02-01,12.736,12.736,12.736,12.736,0,0.0,0.0,0.0,0.0,0.0,,0.36,0.0,0.0
2024-02-02,12.736,12.736,12.736,12.736,0,0.0,0.0,0.0,0.0,0.0,,0.36,0.0,0.0
2024-02-05,12.736,12.736,12.736,12.736,0,0.0,0.0,0.0,0.0,0.0,,0.36,0.0,0.0
2024-02-06,12.736,12.736,12.736,12.736,0,0.0,0.0,0.0,0.0,0.0,,0.36,0.0,0.0
2024-02-07,12.736,12.736,12.736,12.736,0,0.0,0.0,0.0,0.0,0.0,,0.36,0.0,0.0
2024-02-15,12.996,12.996,12.996,12.996,300,3898.8,0.0,0.0,0.0,0.0,,0.36,0.0,0.0
2024-02-16,12.996,12.996,12.996,12.996,0,0.0,0.0,0.0,0.0,0.0,,0.36,0.0,0.0
2024-02-19,12.996,12.996,12.996,12.996,0,0.0,0.0,0.0,0.0,0.0,,0.36,0.0,0.0
2024-02-20,12.996,12.996,12.996,12.996,0,0.0,0.0,0.0,0.0,0.0,,0.36,0.0,0.0
2024-02-21,12.996,12.996,12.996,12.996,0,0.0,0.0,0.0,0.0,0.0,,0.36,0.0,0.0
2024-02-22,12.996,12.996,12.996,12.996,0,0.0,0.0,0.0,0.0,0.0,,0.36,0.0,0.0
2024-02-23,12.996,12.996,12.996,12.996,0,0.0,0.0,0.0,0.0,0.0,,0.36,0.0,0.0
2024-02-26,12.996,12.996,12.996,12.996,0,0.0,0.0,0.0,0.0,0.0,,0.36,0.0,0.0
2024-02-27,12.996,12.996,12.996,12.996,0,0.0,0.0,0.0,0.0,0.0,,0.36,0.0,0.0
2024-02-28,12.996,12.996,12.996,12.996,0,0.0,0.0,0.0,0.0,0.0,,0.36,0.0,0.0
2024-02-29,12.996,12.996,12.996,12.996,0,0.0,0.0,0.0,0.0,0.0,,0.36,0.0,0.0
2024-03-01,12.996,12.996,12.996,12.996,0,0.0,0.0,0.0,0.0,0.0,,0.36,0.0,0.0
2024-03-04,12.996,12.996,12.996,12.996,0,0.0,0.0,0.0,0.0,0.0,,0.36,0.0,0.0
2024-03-05,12.996,12.996,12.996,12.996,0,0.0,0.0,0.0,0.0,0.0,,0.36,0.0,0.0
2024-03-06,12.996,12.996,12.996,12.996,0,0.0,0.0,0.0,0.0,0.0,,0.36,0.0,0.0
2024-03-07,12.996,12.996,12.996,12.996,0,0.0,0.0,0.0,0.0,0.0,,0.36,0.0,0.0
2024-03-08,12.996,12.996,12.996,12.996,0,0.0,0.0,0.0,0.0,0.0,,0.36,0.0,0.0
2024-03-11,12.649,12.649,12.649,12.649,100,1264.9,0.0,0.0,0.0,0.0,,0.36,0.0,0.0
2024-03-12,12.649,12.649,12.649,12.649,0,0.0,0.0,0.0,0.0,0.0,,0.36,0.0,0.0
2024-03-13,12.649,12.822,12.649,12.822,400,5128.799999999999,0.0,0.0,0.0,0.0,,0.36,0.0,0.0
2024-03-14,12.736,12.736,12.736,12.736,0,0.0,0.0,0.0,0.0,0.0,,0.36,0.0,0.0
2024-03-15,12.736,12.736,12.736,12.736,0,0.0,0.0,0.0,0.0,0.0,,0.36,0.0,0.0
2024-03-18,12.736,12.736,12.736,12.736,0,0.0,0.0,0.0,0.0,0.0,,0.36,0.0,0.0
2024-03-19,12.736,12.736,12.736,12.736,0,0.0,0.0,0.0,0.0,0.0,,0.36,0.0,0.0
2024-03-20,11.263,11.349,11.263,11.263,1200,13515.6,0.0,0.0,0.0,0.0,,0.36,0.0,0.0
2024-03-21,11.263,11.263,11.263,11.263,0,0.0,0.0,0.0,0.0,0.0,,0.36,0.0,0.0
2024-03-22,12.909,12.909,12.129,12.129,2500,30322.5,0.0,0.0,0.0,0.0,,0.36,0.0,0.0
2024-03-25,12.476,12.476,12.476,12.476,0,0.0,0.0,0.0,0.0,0.0,,0.36,0.0,0.0
2024-03-26,12.476,12.476,12.476,12.476,0,0.0,0.0,0.0,0.0,0.0,,0.36,0.0,0.0
2024-03-27,12.476,12.476,12.476,12.476,0,0.0,0.0,0.0,0.0,0.0,,0.36,0.0,0.0
2024-03-28,12.476,12.476,12.476,12.476,0,0.0,0.0,0.0,0.0,0.0,,0.36,0.0,0.0
2024-03-29,14.295,14.295,14.295,14.295,400,5718.0,0.0,0.0,0.0,0.0,,0.36,0.0,0.0
2024-04-01,16.374,16.374,12.562,12.562,400,5024.8,0.0,0.0,0.0,0.0,,0.36,0.0,0.0
2024-04-02,15.508,15.508,15.508,15.508,100,1550.8,0.0,0.0,0.0,0.0,,0.36,0.0,0.0
2024-04-03,17.761,17.761,14.728,14.728,600,8836.8,0.0,0.0,0.0,0.0,,0.36,0.0,0.0
2024-04-04,12.996,17.501,12.996,15.162,1500,22743.0,0.0,0.0,0.0,0.0,,0.36,0.0,0.0
2024-04-05,14.035,14.035,14.035,14.035,0,0.0,0.0,0.0,0.0,0.0,,0.36,0.0,0.0
2024-04-08,14.035,14.035,14.035,14.035,0,0.0,0.0,0.0,0.0,0.0,,0.36,0.0,0.0
2024-04-09,11.956,16.115,11.956,16.115,900,14503.499999999998,0.0,0.0,0.0,0.0,,0.36,0.0,0.0
2024-04-10,13.255,13.255,13.255,13.255,0,0.0,0.0,0.0,0.0,0.0,,0.36,0.0,0.0
2024-04-11,13.255,13.255,13.255,13.255,0,0.0,0.0,0.0,0.0,0.0,,0.36,0.0,0.0
2024-04-12,13.255,13.255,13.255,13.255,0,0.0,0.0,0.0,0.0,0.0,,0.36,0.0,0.0
2024-04-15,12.996,12.996,12.996,12.996,200,2599.2000000000003,0.0,0.0,0.0,0.0,,0.36,0.0,0.0
2024-04-16,12.129,12.129,12.129,12.129,100,1212.9,0.0,0.0,0.0,0.0,,0.36,0.0,0.0
2024-04-17,11.956,11.956,11.956,11.956,300,3586.8,0.0,0.0,0.0,0.0,,0.36,0.0,0.0
2024-04-19,11.696,11.696,11.696,11.696,200,2339.2,0.0,0.0,0.0,0.0,,0.36,0.0,0.0
2024-04-22,11.696,11.696,11.696,11.696,500,5848.0,0.0,0.0,0.0,0.0,,0.36,0.0,0.0
2024-04-23,11.696,11.696,11.696,11.696,0,0.0,0.0,0.0,0.0,0.0,,0.36,0.0,0.0
2024-04-24,11.696,11.696,11.696,11.696,0,0.0,0.0,0.0,0.0,0.0,,0.36,0.0,0.0
2024-04-25,11.696,11.696,11.696,11.696,700,8187.2,0.0,0.0,0.0,0.0,,0.36,0.0,0.0
2024-04-26,11.696,11.696,11.696,11.696,0,0.0,0.0,0.0,0.0,0.0,,0.36,0.0,0.0
2024-05-02,11.696,11.696,11.696,11.696,0,0.0,0.0,0.0,0.0,0.0,,0.36,0.0,0.0
2024-05-03,11.696,11.696,11.696,11.696,0,0.0,0.0,0.0,0.0,0.0,,0.36,0.0,0.0
2024-05-06,11.696,11.696,11.696,11.696,0,0.0,0.0,0.0,0.0,0.0,,0.36,0.0,0.0
2024-05-07,11.263,13.429,11.263,13.429,600,8057.400000000001,0.0,0.0,0.0,0.0,,0.36,0.0,0.0
2024-05-08,11.609,11.609,11.609,11.609,0,0.0,0.0,0.0,0.0,0.0,,0.36,0.0,0.0
2024-05-09,11.609,11.609,11.609,11.609,0,0.0,0.0,0.0,0.0,0.0,,0.36,0.0,0.0
2024-05-10,11.609,11.609,11.609,11.609,0,0.0,0.0,0.0,0.0,0.0,,0.36,0.0,0.0
2024-05-13,11.609,11.609,11.609,11.609,0,0.0,0.0,0.0,0.0,0.0,,0.36,0.0,0.0
2024-05-14,11.609,11.609,11.609,11.609,0,0.0,0.0,0.0,0.0,0.0,,0.36,0.0,0.0
2024-05-15,13.342,13.342,13.342,13.342,100,1334.2,0.0,0.0,0.0,0.0,,0.36,0.0,0.0
2024-05-16,15.335,15.335,15.335,15.335,200,3067.0,0.0,0.0,0.0,0.0,,0.36,0.0,0.0
2024-05-17,17.587,17.587,17.587,17.587,100,1758.7,0.0,0.0,0.0,0.0,,0.36,0.0,0.0
2024-05-20,17.587,17.587,17.587,17.587,0,0.0,0.0,0.0,0.0,0.0,,0.36,0.0,0.0
2024-05-21,17.587,17.587,17.587,17.587,0,0.0,0.0,0.0,0.0,0.0,,0.36,0.0,0.0
2024-05-22,14.988,14.988,14.988,14.988,300,4496.4,0.0,0.0,0.0,0.0,,0.36,0.0,0.0
2024-05-23,14.988,14.988,14.988,14.988,0,0.0,0.0,0.0,0.0,0.0,,0.36,0.0,0.0
2024-05-24,14.988,14.988,14.988,14.988,0,0.0,0.0,0.0,0.0,0.0,,0.36,0.0,0.0
2024-05-27,14.988,14.988,14.988,14.988,0,0.0,0.0,0.0,0.0,0.0,,0.36,0.0,0.0
2024-05-28,14.988,14.988,14.988,14.988,0,0.0,0.0,0.0,0.0,0.0,,0.36,0.0,0.0
2024-05-29,12.996,12.996,12.996,12.996,100,1299.6,0.0,0.0,0.0,0.0,,0.36,0.0,0.0
2024-05-30,12.996,12.996,12.996,12.996,0,0.0,0.0,0.0,0.0,0.0,,0.36,0.0,0.0
2024-05-31,12.996,12.996,12.996,12.996,400,5198.400000000001,0.0,0.0,0.0,0.0,,0.36,0.0,0.0
2024-06-03,12.996,12.996,12.996,12.996,100,1299.6,0.0,0.0,0.0,0.0,,0.36,0.0,0.0
2024-06-04,12.996,12.996,12.996,12.996,0,0.0,0.0,0.0,0.0,0.0,,0.36,0.0,0.0
2024-06-05,12.996,12.996,12.996,12.996,0,0.0,0.0,0.0,0.0,0.0,,0.36,0.0,0.0
2024-06-06,12.996,12.996,12.996,12.996,0,0.0,0.0,0.0,0.0,0.0,,0.36,0.0,0.0
2024-06-07,12.996,12.996,12.996,12.996,0,0.0,0.0,0.0,0.0,0.0,,0.36,0.0,0.0
2024-06-10,12.996,12.996,12.996,12.996,100,1299.6,0.0,0.0,0.0,0.0,,0.36,0.0,0.0
2024-06-11,12.996,12.996,12.996,12.996,0,0.0,0.0,0.0,0.0,0.0,,0.36,0.0,0.0
2024-06-12,12.996,12.996,12.996,12.996,0,0.0,0.0,0.0,0.0,0.0,,0.36,0.0,0.0
2024-06-13,12.996,12.996,12.996,12.996,200,2599.2000000000003,0.0,0.0,0.0,0.0,,0.36,0.0,0.0
2024-06-14,14.865,14.865,14.865,14.865,100,1486.5,0.0,0.0,0.0,0.0,,0.36,0.0,0.0
2024-06-17,14.865,14.865,14.865,14.865,0,0.0,0.0,0.0,0.0,0.0,,0.36,0.0,0.0
2024-06-18,14.958,16.828,14.958,16.828,300,5048.4,0.0,0.0,0.0,0.0,,0.36,0.0,0.0
2024-06-19,16.174,16.174,16.174,16.174,0,0.0,0.0,0.0,0.0,0.0,,0.36,0.0,0.0
2024-06-20,16.174,16.174,16.174,16.174,0,0.0,0.0,0.0,0.0,0.0,,0.36,0.0,0.0
2024-06-21,16.174,16.174,16.174,16.174,300,4852.2,0.0,0.0,0.0,0.0,,0.36,0.0,0.0
2024-06-24,16.174,16.174,16.174,16.174,100,1617.4,0.0,0.0,0.0,0.0,,0.36,0.0,0.0
2024-06-25,14.304,14.304,13.837,13.837,300,4151.1,0.0,0.0,0.0,0.0,,0.36,0.0,0.0
2024-06-26,16.08,16.08,16.08,16.08,1300,20904.0,0.0,0.0,0.0,0.0,,0.36,0.0,0.0
2024-06-27,16.828,16.828,16.828,16.828,300,5048.4,0.0,0.0,0.0,0.0,,0.36,0.0,0.0
2024-06-28,16.828,16.828,16.828,16.828,0,0.0,0.0,0.0,0.0,0.0,,0.36,0.0,0.0
2024-07-01,15.332,15.332,15.332,15.332,300,4599.6,0.0,0.0,0.0,0.0,,0.36,0.0,0.0
2024-07-02,15.332,15.332,15.332,15.332,0,0.0,0.0,0.0,0.0,0.0,,0.36,0.0,0.0
2024-07-03,15.332,15.332,15.332,15.332,0,0.0,0.0,0.0,0.0,0.0,,0.36,0.0,0.0
2024-07-04,15.332,15.332,15.332,15.332,0,0.0,0.0,0.0,0.0,0.0,,0.36,0.0,0.0
2024-07-05,15.332,15.332,15.332,15.332,0,0.0,0.0,0.0,0.0,0.0,,0.36,0.0,0.0
2024-07-08,14.958,14.958,14.958,14.958,201,3006.558,0.0,0.0,0.0,0.0,,0.36,0.0,0.0
2024-07-09,16.828,16.828,16.828,16.828,500,8414.0,0.0,0.0,0.0,0.0,,0.36,0.0,0.0
2024-07-10,16.828,16.828,16.828,16.828,0,0.0,0.0,0.0,0.0,0.0,,0.36,0.0,0.0
2024-07-11,15.052,15.052,15.052,15.052,300,4515.599999999999,0.0,0.0,0.0,0.0,,0.36,0.0,0.0
2024-07-12,15.052,15.052,15.052,15.052,0,0.0,0.0,0.0,0.0,0.0,,0.36,0.0,0.0
2024-07-15,15.052,15.052,15.052,15.052,0,0.0,0.0,0.0,0.0,0.0,,0.36,0.0,0.0
2024-07-16,15.052,15.052,15.052,15.052,0,0.0,0.0,0.0,0.0,0.0,,0.36,0.0,0.0
2024-07-17,15.052,15.052,15.052,15.052,0,0.0,0.0,0.0,0.0,0.0,,0.36,0.0,0.0
2024-07-18,15.052,15.052,15.052,15.052,0,0.0,0.0,0.0,0.0,0.0,,0.36,0.0,0.0
2024-07-19,15.052,15.052,15.052,15.052,0,0.0,0.0,0.0,0.0,0.0,,0.36,0.0,0.0
2024-07-22,12.808,12.808,12.808,12.808,300,3842.4,0.0,0.0,0.0,0.0,,0.36,0.0,0.0
2024-07-23,12.808,12.808,12.808,12.808,0,0.0,0.0,0.0,0.0,0.0,,0.36,0.0,0.0
2024-07-24,12.808,12.808,12.808,12.808,0,0.0,0.0,0.0,0.0,0.0,,0.36,0.0,0.0
2024-07-25,14.678,14.678,14.678,14.678,200,2935.6000000000004,0.0,0.0,0.0,0.0,,0.36,0.0,0.0
2024-07-26,14.678,14.678,14.678,14.678,0,0.0,0.0,0.0,0.0,0.0,,0.36,0.0,0.0
2024-07-29,14.678,14.678,14.678,14.678,0,0.0,0.0,0.0,0.0,0.0,,0.36,0.0,0.0
2024-07-30,14.678,14.678,14.678,14.678,0,0.0,0.0,0.0,0.0,0.0,,0.36,0.0,0.0
2024-07-31,14.678,14.678,14.678,14.678,0,0.0,0.0,0.0,0.0,0.0,,0.36,0.0,0.0
2024-08-01,14.678,14.678,14.678,14.678,0,0.0,0.0,0.0,0.0,0.0,,0.36,0.0,0.0
2024-08-02,14.678,14.678,14.678,14.678,0,0.0,0.0,0.0,0.0,0.0,,0.36,0.0,0.0
2024-08-05,14.678,14.678,14.678,14.678,0,0.0,0.0,0.0,0.0,0.0,,0.36,0.0,0.0
2024-08-06,14.678,14.678,14.678,14.678,0,0.0,0.0,0.0,0.0,0.0,,0.36,0.0,0.0
2024-08-07,14.678,14.678,14.678,14.678,0,0.0,0.0,0.0,0.0,0.0,,0.36,0.0,0.0
2024-08-08,14.678,14.678,14.678,14.678,0,0.0,0.0,0.0,0.0,0.0,,0.36,0.0,0.0
2024-08-09,15.987,15.987,15.987,15.987,400,6394.8,0.0,0.0,0.0,0.0,,0.36,0.0,0.0
2024-08-12,15.987,15.987,15.987,15.987,0,0.0,0.0,0.0,0.0,0.0,,0.36,0.0,0.0
2024-08-13,16.828,16.828,16.828,16.828,500,8414.0,0.0,0.0,0.0,0.0,,0.36,0.0,0.0
2024-08-14,15.426,15.426,15.426,15.426,500,7713.0,0.0,0.0,0.0,0.0,,0.36,0.0,0.0
2024-08-15,15.426,15.426,15.426,15.426,0,0.0,0.0,0.0,0.0,0.0,,0.36,0.0,0.0
2024-08-16,15.426,15.426,15.426,15.426,0,0.0,0.0,0.0,0.0,0.0,,0.36,0.0,0.0
2024-08-19,15.426,15.426,15.426,15.426,0,0.0,0.0,0.0,0.0,0.0,,0.36,0.0,0.0
2024-08-20,15.426,15.426,15.426,15.426,0,0.0,0.0,0.0,0.0,0.0,,0.36,0.0,0.0
2024-08-21,15.426,15.426,15.426,15.426,0,0.0,0.0,0.0,0.0,0.0,,0.36,0.0,0.0
2024-08-22,15.426,15.426,15.426,15.426,0,0.0,0.0,0.0,0.0,0.0,,0.36,0.0,0.0
2024-08-23,15.426,15.426,15.426,15.426,0,0.0,0.0,0.0,0.0,0.0,,0.36,0.0,0.0
2024-08-26,15.426,15.426,15.426,15.426,0,0.0,0.0,0.0,0.0,0.0,,0.36,0.0,0.0
2024-08-27,15.426,15.426,15.426,15.426,0,0.0,0.0,0.0,0.0,0.0,,0.36,0.0,0.0
2024-08-28,15.426,15.426,15.426,15.426,0,0.0,0.0,0.0,0.0,0.0,,0.36,0.0,0.0
2024-08-29,15.426,15.426,15.426,15.426,0,0.0,0.0,0.0,0.0,0.0,,0.36,0.0,0.0
2024-08-30,15.426,15.426,15.426,15.426,0,0.0,0.0,0.0,0.0,0.0,,0.36,0.0,0.0
2024-09-04,15.426,15.426,15.426,15.426,0,0.0,0.0,0.0,0.0,0.0,,0.36,0.0,0.0
2024-09-05,15.426,15.426,15.426,15.426,0,0.0,0.0,0.0,0.0,0.0,,0.36,0.0,0.0
2024-09-06,15.426,15.426,15.426,15.426,0,0.0,0.0,0.0,0.0,0.0,,0.36,0.0,0.0
2024-09-09,15.426,15.426,15.426,15.426,0,0.0,0.0,0.0,0.0,0.0,,0.36,0.0,0.0
2024-09-10,16.548,16.548,16.548,16.548,300,4964.4,0.0,0.0,0.0,0.0,,0.36,0.0,0.0
2024-09-11,16.548,16.548,16.548,16.548,0,0.0,0.0,0.0,0.0,0.0,,0.36,0.0,0.0
2024-09-12,15.426,15.426,15.426,15.426,800,12340.8,0.0,0.0,0.0,0.0,,0.36,0.0,0.0
2024-09-13,15.426,15.426,15.426,15.426,0,0.0,0.0,0.0,0.0,0.0,,0.36,0.0,0.0
2024-09-16,15.426,15.426,15.426,15.426,0,0.0,0.0,0.0,0.0,0.0,,0.36,0.0,0.0
2024-09-17,15.426,15.426,15.426,15.426,0,0.0,0.0,0.0,0.0,0.0,,0.36,0.0,0.0
2024-09-18,13.182,13.182,13.182,13.182,100,1318.2,0.0,0.0,0.0,0.0,,0.36,0.0,0.0
2024-09-19,13.182,13.182,13.182,13.182,0,0.0,0.0,0.0,0.0,0.0,,0.36,0.0,0.0
2024-09-20,13.182,13.182,13.182,13.182,0,0.0,0.0,0.0,0.0,0.0,,0.36,0.0,0.0
2024-09-23,13.182,13.182,13.182,13.182,0,0.0,0.0,0.0,0.0,0.0,,0.36,0.0,0.0
2024-09-24,15.145,15.145,15.145,15.145,100,1514.5,0.0,0.0,0.0,0.0,,0.36,0.0,0.0
2024-09-25,16.454,17.389,16.267,17.389,300,5216.7,0.0,0.0,0.0,0.0,,0.36,0.0,0.0
2024-09-26,15.052,16.361,14.958,16.361,700,11452.7,0.0,0.0,0.0,0.0,,0.36,0.0,0.0
2024-09-27,15.987,15.987,15.987,15.987,200,3197.4,0.0,0.0,0.0,0.0,,0.36,0.0,0.0
2024-09-30,15.987,15.987,15.987,15.987,0,0.0,0.0,0.0,0.0,0.0,,0.36,0.0,0.0
2024-10-01,15.987,15.987,15.987,15.987,0,0.0,0.0,0.0,0.0,0.0,,0.36,0.0,0.0
2024-10-02,15.987,15.987,15.987,15.987,0,0.0,0.0,0.0,0.0,0.0,,0.36,0.0,0.0
2024-10-03,15.426,15.426,15.426,15.426,200,3085.2,0.0,0.0,0.0,0.0,,0.36,0.0,0.0
2024-10-04,15.426,15.426,15.426,15.426,0,0.0,0.0,0.0,0.0,0.0,,0.36,0.0,0.0
2024-10-07,15.519,15.519,15.519,15.519,400,6207.6,0.0,0.0,0.0,0.0,,0.36,0.0,0.0
2024-10-08,15.519,15.519,15.519,15.519,0,0.0,0.0,0.0,0.0,0.0,,0.36,0.0,0.0
2024-10-09,15.519,15.519,15.519,15.519,0,0.0,0.0,0.0,0.0,0.0,,0.36,0.0,0.0
2024-10-10,15.519,15.519,15.519,15.519,0,0.0,0.0,0.0,0.0,0.0,,0.36,0.0,0.0
2024-10-11,15.519,15.519,15.519,15.519,0,0.0,0.0,0.0,0.0,0.0,,0.36,0.0,0.0
2024-10-14,16.828,16.828,16.828,16.828,2500,42070.0,0.0,1000.0,0.0,20000.0,,0.36,0.0,0.02
2024-10-15,16.828,16.828,16.828,16.828,0,0.0,0.0,0.0,0.0,0.0,,0.36,0.0,0.0
2024-10-16,16.828,16.828,16.828,16.828,0,0.0,0.0,0.0,0.0,0.0,,0.36,0.0,0.0
2024-10-17,16.828,16.828,16.828,16.828,3500,58898.0,0.0,1500.0,0.0,30000.0,,0.36,0.0,0.03
2024-10-18,16.828,16.828,16.828,16.828,1500,25242.0,0.0,1500.0,0.0,30000.0,,0.36,0.0,0.03
2024-10-21,16.828,16.828,16.828,16.828,2000,33656.0,0.0,0.0,0.0,0.0,,0.36,0.0,0.0
2024-10-22,16.828,16.828,16.828,16.828,2500,42070.0,0.0,0.0,0.0,0.0,,0.36,0.0,0.0
2024-10-23,16.828,16.828,16.828,16.828,2000,33656.0,0.0,0.0,0.0,0.0,,0.36,0.0,0.0
2024-10-24,16.828,16.828,16.828,16.828,0,0.0,0.0,0.0,0.0,0.0,,0.36,0.0,0.0
2024-10-25,16.828,16.828,16.828,16.828,0,0.0,0.0,0.0,0.0,0.0,,0.36,0.0,0.0
2024-10-28,16.828,16.828,16.828,16.828,100,1682.8,0.0,0.0,0.0,0.0,,0.36,0.0,0.0
2024-10-29,16.828,16.828,16.828,16.828,0,0.0,0.0,0.0,0.0,0.0,,0.36,0.0,0.0
2024-10-30,16.828,16.828,16.828,16.828,0,0.0,0.0,0.0,0.0,0.0,,0.36,0.0,0.0
2024-10-31,16.828,16.828,16.828,16.828,2,33.656,0.0,0.0,0.0,0.0,,0.36,0.0,0.0
2024-11-01,16.828,16.828,16.828,16.828,0,0.0,0.0,0.0,0.0,0.0,,0.36,0.0,0.0
2024-11-04,17.015,17.015,16.828,17.015,2300,39134.5,0.0,0.0,0.0,0.0,,0.36,0.0,0.0
2024-11-05,16.828,16.828,16.828,16.828,0,0.0,0.0,0.0,0.0,0.0,,0.36,0.0,0.0
2024-11-06,16.828,16.828,16.828,16.828,0,0.0,0.0,0.0,0.0,0.0,,0.36,0.0,0.0
2024-11-07,16.828,16.828,16.828,16.828,0,0.0,0.0,0.0,0.0,0.0,,0.36,0.0,0.0
2024-11-08,16.828,16.828,16.828,16.828,0,0.0,0.0,0.0,0.0,0.0,,0.36,0.0,0.0
2024-11-11,16.828,16.828,16.828,16.828,0,0.0,0.0,0.0,0.0,0.0,,0.36,0.0,0.0
2024-11-12,16.828,16.828,16.828,16.828,0,0.0,0.0,0.0,0.0,0.0,,0.36,0.0,0.0
2024-11-13,16.828,16.828,16.828,16.828,0,0.0,0.0,0.0,0.0,0.0,,0.36,0.0,0.0
2024-11-14,16.828,16.828,16.828,16.828,0,0.0,0.0,0.0,0.0,0.0,,0.36,0.0,0.0
2024-11-15,16.828,16.828,16.828,16.828,0,0.0,0.0,0.0,0.0,0.0,,0.36,0.0,0.0
2024-11-18,16.828,16.828,16.828,16.828,0,0.0,0.0,0.0,0.0,0.0,,0.36,0.0,0.0
2024-11-19,16.828,16.828,16.828,16.828,0,0.0,0.0,0.0,0.0,0.0,,0.36,0.0,0.0
2024-11-20,16.828,16.828,16.828,16.828,0,0.0,0.0,0.0,0.0,0.0,,0.36,0.0,0.0
2024-11-21,16.828,16.828,16.828,16.828,0,0.0,0.0,0.0,0.0,0.0,,0.36,0.0,0.0
2024-11-22,16.828,16.828,16.828,16.828,0,0.0,0.0,0.0,0.0,0.0,,0.36,0.0,0.0
2024-11-25,16.828,16.828,16.828,16.828,0,0.0,0.0,0.0,0.0,0.0,,0.36,0.0,0.0
2024-11-26,16.828,16.828,16.828,16.828,0,0.0,0.0,0.0,0.0,0.0,,0.36,0.0,0.0
2024-11-27,16.828,16.828,16.828,16.828,0,0.0,0.0,0.0,0.0,0.0,,0.36,0.0,0.0
2024-11-28,16.828,16.828,16.828,16.828,0,0.0,0.0,0.0,0.0,0.0,,0.36,0.0,0.0
2024-11-29,16.828,16.828,16.828,16.828,0,0.0,0.0,0.0,0.0,0.0,,0.36,0.0,0.0
2024-12-02,16.828,16.828,16.828,16.828,0,0.0,0.0,0.0,0.0,0.0,,0.36,0.0,0.0
2024-12-03,16.828,16.828,16.828,16.828,0,0.0,0.0,0.0,0.0,0.0,,0.36,0.0,0.0
2024-12-04,16.828,16.828,16.828,16.828,0,0.0,0.0,0.0,0.0,0.0,,0.36,0.0,0.0
2024-12-05,16.828,16.828,16.828,16.828,0,0.0,0.0,0.0,0.0,0.0,,0.36,0.0,0.0
2024-12-06,16.828,16.828,16.828,16.828,0,0.0,0.0,0.0,0.0,0.0,,0.36,0.0,0.0
2024-12-09,16.828,16.828,16.828,16.828,100,1682.8,0.0,0.0,0.0,0.0,,0.36,0.0,0.0
2024-12-10,16.828,16.828,16.828,16.828,0,0.0,0.0,0.0,0.0,0.0,,0.36,0.0,0.0
2024-12-11,16.828,16.828,16.828,16.828,0,0.0,0.0,0.0,0.0,0.0,,0.36,0.0,0.0
2024-12-12,16.828,16.828,16.828,16.828,1,16.828,0.0,0.0,0.0,0.0,,0.36,0.0,0.0
2024-12-13,16.828,16.828,16.828,16.828,0,0.0,0.0,0.0,0.0,0.0,,0.36,0.0,0.0
2024-12-16,16.828,16.828,16.828,16.828,0,0.0,0.0,0.0,0.0,0.0,,0.36,0.0,0.0
2024-12-17,16.828,16.828,16.828,16.828,0,0.0,0.0,0.0,0.0,0.0,,0.36,0.0,0.0
2024-12-18,16.828,16.828,16.828,16.828,0,0.0,0.0,0.0,0.0,0.0,,0.36,0.0,0.0
2024-12-19,16.828,16.828,16.828,16.828,200,3365.6,0.0,0.0,0.0,0.0,,0.36,0.0,0.0
2024-12-20,16.828,16.828,16.828,16.828,0,0.0,0.0,0.0,0.0,0.0,,0.36,0.0,0.0
2024-12-23,16.828,16.828,16.828,16.828,0,0.0,0.0,0.0,0.0,0.0,,0.36,0.0,0.0
2024-12-24,18.698,18.698,18.698,18.698,200,3739.6,0.0,200.0,0.0,0.0,,0.36,0.0,0.0
2024-12-25,18.698,18.698,18.698,18.698,3,56.094,0.0,0.0,0.0,0.0,,0.36,0.0,0.0
2024-12-26,16.828,16.828,16.828,16.828,2100,35338.8,0.0,0.0,0.0,0.0,,0.36,0.0,0.0
2024-12-27,16.828,16.828,16.828,16.828,0,0.0,0.0,0.0,0.0,0.0,,0.36,0.0,0.0
2024-12-30,16.828,16.828,16.828,16.828,0,0.0,0.0,0.0,0.0,0.0,,0.36,0.0,0.0
2024-12-31,18.605,18.698,18.605,18.698,39300,734831.4,0.0,38000.0,0.0,760000.0,,0.36,0.0,0.76
2025-01-02,18.698,18.698,18.698,18.698,0,0.0,0.0,0.0,0.0,0.0,,0.36,0.0,0.0
2025-01-03,18.698,18.698,18.698,18.698,0,0.0,0.0,0.0,0.0,0.0,,0.36,0.0,0.0
2025-01-06,18.698,18.698,18.698,18.698,0,0.0,0.0,0.0,0.0,0.0,,0.36,0.0,0.0
2025-01-07,18.885,18.885,18.885,18.885,200,3777.000000000001,0.0,0.0,0.0,0.0,,0.36,0.0,0.0
2025-01-08,18.885,18.885,18.885,18.885,0,0.0,0.0,0.0,0.0,0.0,,0.36,0.0,0.0
2025-01-09,18.885,18.885,18.885,18.885,3,56.655,0.0,0.0,0.0,0.0,,0.36,0.0,0.0
2025-01-10,18.885,18.885,18.885,18.885,0,0.0,0.0,0.0,0.0,0.0,,0.36,0.0,0.0
2025-01-13,18.885,18.885,18.885,18.885,0,0.0,0.0,0.0,0.0,0.0,,0.36,0.0,0.0
2025-01-14,18.885,18.885,18.885,18.885,0,0.0,0.0,0.0,0.0,0.0,,0.36,0.0,0.0
2025-01-15,18.885,18.885,18.885,18.885,0,0.0,0.0,0.0,0.0,0.0,,0.36,0.0,0.0
2025-01-16,18.885,18.885,18.885,18.885,0,0.0,0.0,0.0,0.0,0.0,,0.36,0.0,0.0
2025-01-17,18.885,18.885,18.885,18.885,0,0.0,0.0,0.0,0.0,0.0,,0.36,0.0,0.0
2025-01-20,18.885,18.885,18.885,18.885,0,0.0,0.0,0.0,0.0,0.0,,0.36,0.0,0.0
2025-01-21,18.698,18.698,18.698,18.698,300,5609.400000000001,0.0,0.0,0.0,0.0,,0.36,0.0,0.0
2025-01-22,18.698,18.698,18.698,18.698,0,0.0,0.0,0.0,0.0,0.0,,0.36,0.0,0.0
2025-01-23,18.698,18.698,18.698,18.698,0,0.0,0.0,0.0,0.0,0.0,,0.36,0.0,0.0
2025-01-24,18.698,18.885,18.698,18.791,4600,86438.6,0.0,0.0,0.0,0.0,,0.36,0.0,0.0
2025-02-03,18.791,18.791,18.791,18.791,1,18.791,0.0,0.0,0.0,0.0,,0.36,0.0,0.0
2025-02-04,18.791,18.791,18.791,18.791,0,0.0,0.0,0.0,0.0,0.0,,0.36,0.0,0.0
2025-02-05,18.605,18.698,18.605,18.698,900,16828.2,0.0,0.0,0.0,0.0,,0.36,0.0,0.0
2025-02-06,18.698,18.698,18.698,18.698,0,0.0,0.0,0.0,0.0,0.0,,0.36,0.0,0.0
2025-02-07,18.698,18.698,18.698,18.698,0,0.0,0.0,0.0,0.0,0.0,,0.36,0.0,0.0
2025-02-10,18.698,18.698,18.698,18.698,0,0.0,0.0,0.0,0.0,0.0,,0.36,0.0,0.0
2025-02-11,18.698,18.698,18.698,18.698,0,0.0,0.0,0.0,0.0,0.0,,0.36,0.0,0.0
2025-02-12,18.698,18.698,18.698,18.698,0,0.0,0.0,0.0,0.0,0.0,,0.36,0.0,0.0
2025-02-13,18.698,18.698,18.698,18.698,0,0.0,0.0,0.0,0.0,0.0,,0.36,0.0,0.0
2025-02-14,18.698,18.698,18.698,18.698,0,0.0,0.0,0.0,0.0,0.0,,0.36,0.0,0.0
2025-02-17,18.698,18.698,18.698,18.698,0,0.0,0.0,0.0,0.0,0.0,,0.36,0.0,0.0
2025-02-18,18.698,18.698,18.698,18.698,0,0.0,0.0,0.0,0.0,0.0,,0.36,0.0,0.0
2025-02-19,18.698,18.698,18.698,18.698,0,0.0,0.0,0.0,0.0,0.0,,0.36,0.0,0.0
2025-02-20,18.698,18.698,18.698,18.698,0,0.0,0.0,0.0,0.0,0.0,,0.36,0.0,0.0
2025-02-21,18.698,18.698,18.698,18.698,0,0.0,0.0,0.0,0.0,0.0,,0.36,0.0,0.0
2025-02-24,18.698,18.698,18.698,18.698,0,0.0,0.0,0.0,0.0,0.0,,0.36,0.0,0.0
2025-02-25,18.698,18.698,18.698,18.698,0,0.0,0.0,0.0,0.0,0.0,,0.36,0.0,0.0
2025-02-26,18.698,18.698,18.698,18.698,0,0.0,0.0,0.0,0.0,0.0,,0.36,0.0,0.0
2025-02-27,18.698,18.698,18.698,18.698,0,0.0,0.0,0.0,0.0,0.0,,0.36,0.0,0.0
2025-02-28,18.698,18.698,18.698,18.698,0,0.0,0.0,0.0,0.0,0.0,,0.36,0.0,0.0
2025-03-03,18.698,18.698,18.698,18.698,0,0.0,0.0,0.0,0.0,0.0,,0.36,0.0,0.0
2025-03-04,18.698,18.698,18.698,18.698,0,0.0,0.0,0.0,0.0,0.0,,0.36,0.0,0.0
2025-03-05,18.698,18.698,18.698,18.698,0,0.0,0.0,0.0,0.0,0.0,,0.36,0.0,0.0
2025-03-06,18.698,18.698,18.698,18.698,0,0.0,0.0,0.0,0.0,0.0,,0.36,0.0,0.0
2025-03-07,18.698,18.698,18.698,18.698,0,0.0,0.0,0.0,0.0,0.0,,0.36,0.0,0.0
2025-03-10,18.698,18.698,18.698,18.698,0,0.0,0.0,0.0,0.0,0.0,,0.36,0.0,0.0
2025-03-11,18.698,18.698,18.698,18.698,0,0.0,0.0,0.0,0.0,0.0,,0.36,0.0,0.0
2025-03-12,18.698,18.698,18.698,18.698,0,0.0,0.0,0.0,0.0,0.0,,0.36,0.0,0.0
2025-03-13,18.698,18.698,18.698,18.698,0,0.0,0.0,0.0,0.0,0.0,,0.36,0.0,0.0
2025-03-14,18.698,18.698,18.698,18.698,0,0.0,0.0,0.0,0.0,0.0,,0.36,0.0,0.0
2025-03-17,18.698,18.698,18.698,18.698,0,0.0,0.0,0.0,0.0,0.0,,0.36,0.0,0.0
2025-03-18,18.698,18.698,18.698,18.698,0,0.0,0.0,0.0,0.0,0.0,,0.36,0.0,0.0
2025-03-19,18.698,18.698,18.698,18.698,0,0.0,0.0,0.0,0.0,0.0,,0.36,0.0,0.0
2025-03-20,18.698,18.698,18.698,18.698,0,0.0,0.0,0.0,0.0,0.0,,0.36,0.0,0.0
2025-03-21,18.698,18.698,18.698,18.698,0,0.0,0.0,0.0,0.0,0.0,,0.36,0.0,0.0
2025-03-24,18.698,18.698,18.698,18.698,0,0.0,0.0,0.0,0.0,0.0,,0.36,0.0,0.0
2025-03-25,18.698,18.698,18.698,18.698,0,0.0,0.0,0.0,0.0,0.0,,0.36,0.0,0.0
2025-03-26,18.698,18.698,18.698,18.698,0,0.0,0.0,0.0,0.0,0.0,,0.36,0.0,0.0
2025-03-27,18.698,18.698,18.698,18.698,0,0.0,0.0,0.0,0.0,0.0,,0.36,0.0,0.0
2025-03-28,18.698,18.698,18.698,18.698,0,0.0,0.0,0.0,0.0,0.0,,0.36,0.0,0.0
2025-03-31,18.698,18.698,18.698,18.698,0,0.0,0.0,0.0,0.0,0.0,,0.36,0.0,0.0
2025-04-01,18.698,18.698,18.698,18.698,0,0.0,0.0,0.0,0.0,0.0,,0.36,0.0,0.0
2025-04-02,18.698,18.698,18.698,18.698,0,0.0,0.0,0.0,0.0,0.0,,0.36,0.0,0.0
2025-04-03,18.698,18.698,18.698,18.698,0,0.0,0.0,0.0,0.0,0.0,,0.36,0.0,0.0
2025-04-04,18.698,18.698,18.698,18.698,0,0.0,0.0,0.0,0.0,0.0,,0.36,0.0,0.0
2025-04-08,18.698,18.698,18.698,18.698,0,0.0,0.0,0.0,0.0,0.0,,0.36,0.0,0.0
2025-04-09,18.698,18.698,18.698,18.698,0,0.0,0.0,0.0,0.0,0.0,,0.36,0.0,0.0
2025-04-10,18.698,18.698,18.698,18.698,0,0.0,0.0,0.0,0.0,0.0,,0.36,0.0,0.0
2025-04-11,18.698,18.698,18.698,18.698,0,0.0,0.0,0.0,0.0,0.0,,0.36,0.0,0.0
2025-04-14,18.698,18.698,18.698,18.698,0,0.0,0.0,0.0,0.0,0.0,,0.36,0.0,0.0
2025-04-15,18.698,18.698,18.698,18.698,500,9349.0,0.0,500.0,0.0,10000.0,,0.36,0.0,0.01
2025-04-16,18.698,18.698,18.698,18.698,0,0.0,0.0,0.0,0.0,0.0,,0.36,0.0,0.0
2025-04-17,18.698,18.698,18.698,18.698,0,0.0,0.0,0.0,0.0,0.0,,0.36,0.0,0.0
2025-04-18,18.698,18.698,18.698,18.698,0,0.0,0.0,0.0,0.0,0.0,,0.36,0.0,0.0
2025-04-21,18.698,18.698,18.698,18.698,0,0.0,0.0,0.0,0.0,0.0,,0.36,0.0,0.0
2025-04-22,18.698,18.698,18.698,18.698,0,0.0,0.0,0.0,0.0,0.0,,0.36,0.0,0.0
2025-04-23,18.698,18.698,18.698,18.698,0,0.0,0.0,0.0,0.0,0.0,,0.36,0.0,0.0
2025-04-24,18.698,18.698,18.698,18.698,0,0.0,0.0,0.0,0.0,0.0,,0.36,0.0,0.0
2025-04-25,18.698,18.698,18.698,18.698,0,0.0,0.0,0.0,0.0,0.0,,0.36,0.0,0.0
2025-04-28,18.698,18.698,18.698,18.698,0,0.0,0.0,0.0,0.0,0.0,,0.36,0.0,0.0
2025-04-29,18.698,18.698,18.698,18.698,0,0.0,0.0,0.0,0.0,0.0,,0.36,0.0,0.0
2025-05-05,18.698,18.698,18.698,18.698,0,0.0,0.0,0.0,0.0,0.0,,0.36,0.0,0.0
2025-05-06,18.698,18.698,18.698,18.698,0,0.0,0.0,0.0,0.0,0.0,,0.36,0.0,0.0
2025-05-07,18.698,18.698,18.698,18.698,0,0.0,0.0,0.0,0.0,0.0,,0.36,0.0,0.0
2025-05-08,18.698,18.698,18.698,18.698,0,0.0,0.0,0.0,0.0,0.0,,0.36,0.0,0.0
2025-05-09,18.698,18.698,18.698,18.698,0,0.0,0.0,0.0,0.0,0.0,,0.36,0.0,0.0
2025-05-12,18.698,18.698,18.698,18.698,0,0.0,0.0,0.0,0.0,0.0,,0.36,0.0,0.0
2025-05-13,18.698,18.698,18.698,18.698,0,0.0,0.0,0.0,0.0,0.0,,0.36,0.0,0.0
2025-05-14,18.698,18.698,18.698,18.698,0,0.0,0.0,0.0,0.0,0.0,,0.36,0.0,0.0
2025-05-15,18.698,18.698,18.698,18.698,0,0.0,0.0,0.0,0.0,0.0,,0.36,0.0,0.0
2025-05-16,18.698,18.698,18.698,18.698,0,0.0,0.0,0.0,0.0,0.0,,0.36,0.0,0.0
2025-05-19,18.698,18.698,18.698,18.698,0,0.0,0.0,0.0,0.0,0.0,,0.36,0.0,0.0
2025-05-20,18.698,18.698,18.698,18.698,0,0.0,0.0,0.0,0.0,0.0,,0.36,0.0,0.0
2025-05-21,18.698,18.698,18.698,18.698,0,0.0,0.0,0.0,0.0,0.0,,0.36,0.0,0.0
2025-05-22,18.698,18.698,18.698,18.698,0,0.0,0.0,0.0,0.0,0.0,,0.36,0.0,0.0
2025-05-23,18.698,18.698,18.698,18.698,0,0.0,0.0,0.0,0.0,0.0,,0.36,0.0,0.0
2025-05-26,18.698,18.698,18.698,18.698,0,0.0,0.0,0.0,0.0,0.0,,0.36,0.0,0.0
2025-05-27,18.698,18.698,18.698,18.698,0,0.0,0.0,0.0,0.0,0.0,,0.36,0.0,0.0
2025-05-28,18.698,18.698,18.698,18.698,0,0.0,0.0,0.0,0.0,0.0,,0.36,0.0,0.0
2025-05-29,18.698,18.698,18.698,18.698,0,0.0,0.0,0.0,0.0,0.0,,0.36,0.0,0.0
2025-05-30,18.698,18.698,18.698,18.698,0,0.0,0.0,0.0,0.0,0.0,,0.36,0.0,0.0
2025-06-02,18.698,18.698,18.698,18.698,0,0.0,0.0,0.0,0.0,0.0,,0.36,0.0,0.0
2025-06-03,18.698,18.698,18.698,18.698,0,0.0,0.0,0.0,0.0,0.0,,0.36,0.0,0.0
2025-06-04,18.698,18.698,18.698,18.698,0,0.0,0.0,0.0,0.0,0.0,,0.36,0.0,0.0
2025-06-05,18.698,18.698,18.698,18.698,0,0.0,0.0,0.0,0.0,0.0,,0.36,0.0,0.0
2025-06-06,18.698,18.698,18.698,18.698,0,0.0,0.0,0.0,0.0,0.0,,0.36,0.0,0.0
2025-06-09,18.698,18.698,18.698,18.698,0,0.0,0.0,0.0,0.0,0.0,,0.36,0.0,0.0
2025-06-10,18.698,18.698,18.698,18.698,0,0.0,0.0,0.0,0.0,0.0,,0.36,0.0,0.0
2025-06-11,18.698,18.698,18.698,18.698,0,0.0,0.0,0.0,0.0,0.0,,0.36,0.0,0.0
2025-06-12,18.698,18.698,18.698,18.698,0,0.0,0.0,0.0,0.0,0.0,,0.36,0.0,0.0
2025-06-13,18.698,18.698,18.698,18.698,0,0.0,0.0,0.0,0.0,0.0,,0.36,0.0,0.0
2025-06-16,18.698,18.698,18.698,18.698,0,0.0,0.0,0.0,0.0,0.0,,0.36,0.0,0.0
2025-06-17,18.698,18.698,18.698,18.698,0,0.0,0.0,0.0,0.0,0.0,,0.36,0.0,0.0
2025-06-18,11.219,22.438,11.219,22.438,2900,65070.2,0.0,0.0,0.0,0.0,,0.36,0.0,0.0
2025-06-19,11.967,11.967,11.967,11.967,0,0.0,0.0,0.0,0.0,0.0,,0.36,0.0,0.0
2025-06-20,11.967,11.967,11.967,11.967,0,0.0,0.0,0.0,0.0,0.0,,0.36,0.0,0.0
2025-06-23,11.967,11.967,11.967,11.967,0,0.0,0.0,0.0,0.0,0.0,,0.36,0.0,0.0
2025-06-24,11.967,11.967,11.967,11.967,0,0.0,0.0,0.0,0.0,0.0,,0.36,0.0,0.0
2025-06-25,11.967,11.967,11.967,11.967,0,0.0,0.0,0.0,0.0,0.0,,0.36,0.0,0.0
2025-06-26,13.743,13.743,13.743,13.743,200,2748.6,0.0,0.0,0.0,0.0,,0.36,0.0,0.0
2025-06-27,13.743,13.743,13.743,13.743,0,0.0,0.0,0.0,0.0,0.0,,0.36,0.0,0.0
2025-06-30,13.743,13.743,13.743,13.743,0,0.0,0.0,0.0,0.0,0.0,,0.36,0.0,0.0
2025-07-01,15.8,15.8,15.8,15.8,200,3160.0,0.0,0.0,0.0,0.0,,0.36,0.0,0.0
2025-07-02,15.8,15.8,15.8,15.8,0,0.0,0.0,0.0,0.0,0.0,,0.36,0.0,0.0
2025-07-03,15.8,15.8,15.8,15.8,0,0.0,0.0,0.0,0.0,0.0,,0.36,0.0,0.0
2025-07-04,15.8,15.8,15.8,15.8,0,0.0,0.0,0.0,0.0,0.0,,0.36,0.0,0.0
2025-07-07,15.8,15.8,15.8,15.8,0,0.0,0.0,0.0,0.0,0.0,,0.36,0.0,0.0
2025-07-08,15.8,15.8,15.8,15.8,0,0.0,0.0,0.0,0.0,0.0,,0.36,0.0,0.0
2025-07-09,15.8,15.8,15.8,15.8,0,0.0,0.0,0.0,0.0,0.0,,0.36,0.0,0.0
2025-07-10,15.8,15.8,15.8,15.8,0,0.0,0.0,0.0,0.0,0.0,,0.36,0.0,0.0
2025-07-11,15.8,15.8,15.8,15.8,0,0.0,0.0,0.0,0.0,0.0,,0.36,0.0,0.0
2025-07-14,15.8,15.8,15.8,15.8,0,0.0,0.0,0.0,0.0,0.0,,0.36,0.0,0.0
2025-07-15,15.8,15.8,15.8,15.8,0,0.0,0.0,0.0,0.0,0.0,,0.36,0.0,0.0
2025-07-16,15.8,15.8,15.8,15.8,0,0.0,0.0,0.0,0.0,0.0,,0.36,0.0,0.0
2025-07-17,15.8,15.8,15.8,15.8,0,0.0,0.0,0.0,0.0,0.0,,0.36,0.0,0.0
2025-07-18,15.8,15.8,15.8,15.8,0,0.0,0.0,0.0,0.0,0.0,,0.36,0.0,0.0
2025-07-21,15.8,15.8,15.8,15.8,0,0.0,0.0,0.0,0.0,0.0,,0.36,0.0,0.0
2025-07-22,15.8,15.8,15.8,15.8,0,0.0,0.0,0.0,0.0,0.0,,0.36,0.0,0.0
2025-07-23,15.8,15.8,15.8,15.8,0,0.0,0.0,0.0,0.0,0.0,,0.36,0.0,0.0
2025-07-24,15.8,15.8,15.8,15.8,0,0.0,0.0,0.0,0.0,0.0,,0.36,0.0,0.0
2025-07-25,15.8,15.8,15.8,15.8,0,0.0,0.0,0.0,0.0,0.0,,0.36,0.0,0.0
2025-07-28,15.8,15.8,15.8,15.8,100,1580.0,0.0,0.0,0.0,0.0,,0.36,0.0,0.0
2025-07-29,15.8,15.8,15.8,15.8,0,0.0,0.0,0.0,0.0,0.0,,0.36,0.0,0.0
2025-07-30,15.8,15.8,15.8,15.8,0,0.0,0.0,0.0,0.0,0.0,,0.36,0.0,0.0
2025-07-31,15.8,15.8,15.8,15.8,0,0.0,0.0,0.0,0.0,0.0,,0.36,0.0,0.0
2025-08-01,15.8,15.8,15.8,15.8,0,0.0,0.0,0.0,0.0,0.0,,0.36,0.0,0.0
2025-08-04,15.8,15.8,15.8,15.8,0,0.0,0.0,0.0,0.0,0.0,,0.36,0.0,0.0
2025-08-05,15.8,15.8,15.8,15.8,0,0.0,0.0,0.0,0.0,0.0,,0.36,0.0,0.0
2025-08-06,15.8,15.8,15.8,15.8,1,15.8,0.0,0.0,0.0,0.0,,0.36,0.0,0.0
2025-08-07,15.8,15.8,15.8,15.8,0,0.0,0.0,0.0,0.0,0.0,,0.36,0.0,0.0
2025-08-08,15.8,15.8,15.8,15.8,0,0.0,0.0,0.0,0.0,0.0,,0.36,0.0,0.0
2025-08-11,15.8,15.8,15.8,15.8,0,0.0,0.0,0.0,0.0,0.0,,0.36,0.0,0.0
2025-08-12,15.8,15.8,15.8,15.8,0,0.0,0.0,0.0,0.0,0.0,,0.36,0.0,0.0
2025-08-13,15.8,15.8,15.8,15.8,0,0.0,0.0,0.0,0.0,0.0,,0.36,0.0,0.0
2025-08-14,15.8,15.8,15.8,15.8,0,0.0,0.0,0.0,0.0,0.0,,0.36,0.0,0.0
2025-08-15,15.8,15.8,15.8,15.8,0,0.0,0.0,0.0,0.0,0.0,,0.36,0.0,0.0
2025-08-18,15.8,15.8,15.8,15.8,0,0.0,0.0,0.0,0.0,0.0,,0.36,0.0,0.0
2025-08-19,15.8,15.8,15.8,15.8,0,0.0,0.0,0.0,0.0,0.0,,0.36,0.0,0.0
2025-08-20,15.8,15.8,15.8,15.8,0,0.0,0.0,0.0,0.0,0.0,,0.36,0.0,0.0
2025-08-21,15.8,15.8,15.8,15.8,0,0.0,0.0,0.0,0.0,0.0,,0.36,0.0,0.0
2025-08-22,15.8,15.8,15.8,15.8,0,0.0,0.0,0.0,0.0,0.0,,0.36,0.0,0.0
2025-08-25,15.8,15.8,15.8,15.8,0,0.0,0.0,0.0,0.0,0.0,,0.36,0.0,0.0
2025-08-26,15.8,15.8,15.8,15.8,0,0.0,0.0,0.0,0.0,0.0,,0.36,0.0,0.0
2025-08-27,15.8,15.8,15.8,15.8,0,0.0,0.0,0.0,0.0,0.0,,0.36,0.0,0.0
2025-08-28,15.8,15.8,15.8,15.8,0,0.0,0.0,0.0,0.0,0.0,,0.36,0.0,0.0
2025-08-29,15.8,15.8,15.8,15.8,0,0.0,0.0,0.0,0.0,0.0,,0.36,0.0,0.0
2025-09-03,15.8,15.8,15.8,15.8,0,0.0,0.0,0.0,0.0,0.0,,0.36,0.0,0.0
2025-09-04,15.8,15.8,15.8,15.8,0,0.0,0.0,0.0,0.0,0.0,,0.36,0.0,0.0
2025-09-05,16.0,16.0,10.0,10.0,3500,35000.0,0.0,0.0,0.0,0.0,,0.36,0.0,0.0
2025-09-08,10.2,10.2,10.2,10.2,0,0.0,0.0,0.0,0.0,0.0,,0.36,0.0,0.0
2025-09-09,10.2,10.2,10.2,10.2,4000,40800.0,0.0,0.0,0.0,0.0,,0.36,0.0,0.0
2025-09-10,10.2,10.2,10.2,10.2,0,0.0,0.0,0.0,0.0,0.0,,0.36,0.0,0.0
2025-09-11,10.2,10.2,10.2,10.2,0,0.0,0.0,0.0,0.0,0.0,,0.36,0.0,0.0
2025-09-12,10.2,10.2,10.2,10.2,0,0.0,0.0,0.0,0.0,0.0,,0.36,0.0,0.0
2025-09-15,10.2,10.2,10.2,10.2,0,0.0,0.0,0.0,0.0,0.0,,0.36,0.0,0.0
2025-09-16,10.2,10.2,10.2,10.2,0,0.0,0.0,0.0,0.0,0.0,,0.36,0.0,0.0
2025-09-17,10.2,10.2,10.2,10.2,2,20.4,0.0,0.0,0.0,0.0,,0.36,0.0,0.0
2025-09-18,10.2,10.2,10.2,10.2,0,0.0,0.0,0.0,0.0,0.0,,0.36,0.0,0.0
2025-09-19,10.2,10.2,10.2,10.2,0,0.0,0.0,0.0,0.0,0.0,,0.36,0.0,0.0
2025-09-22,10.2,10.2,10.2,10.2,0,0.0,0.0,0.0,0.0,0.0,,0.36,0.0,0.0
2025-09-23,10.2,10.2,10.2,10.2,0,0.0,0.0,0.0,0.0,0.0,,0.36,0.0,0.0
2025-09-24,10.2,10.2,10.2,10.2,0,0.0,0.0,0.0,0.0,0.0,,0.36,0.0,0.0
2025-09-25,10.2,10.2,10.2,10.2,0,0.0,0.0,0.0,0.0,0.0,,0.36,0.0,0.0
2025-09-26,10.2,10.2,10.2,10.2,0,0.0,0.0,0.0,0.0,0.0,,0.36,0.0,0.0
2025-09-29,10.2,10.2,10.2,10.2,0,0.0,0.0,0.0,0.0,0.0,,0.36,0.0,0.0
2025-09-30,10.2,10.2,10.2,10.2,0,0.0,0.0,0.0,0.0,0.0,,0.36,0.0,0.0
2025-10-01,10.2,10.2,10.2,10.2,0,0.0,0.0,0.0,0.0,0.0,,0.36,0.0,0.0
2025-10-02,10.2,10.2,10.2,10.2,1,10.2,0.0,0.0,0.0,0.0,,0.36,0.0,0.0
2025-10-03,10.2,10.2,10.2,10.2,0,0.0,0.0,0.0,0.0,0.0,,0.36,0.0,0.0
2025-10-06,10.2,10.2,10.2,10.2,0,0.0,0.0,0.0,0.0,0.0,,0.36,0.0,0.0
2025-10-07,10.2,10.2,10.2,10.2,0,0.0,0.0,0.0,0.0,0.0,,0.36,0.0,0.0
2025-10-08,11.7,11.7,11.7,11.7,100,1170.0,0.0,0.0,0.0,0.0,,0.36,0.0,0.0
2025-10-09,,0.0,0.0,0.0,0,0.0,0.0,0.0,0.0,0.0,149530.9,0.36,0.0,0.0
2025-10-10,13.4,13.4,13.3,13.3,200,2660.0,0.0,0.0,0.0,0.0,149530.9,0.36,0.0,0.0
2025-10-13,,0.0,0.0,0.0,0,0.0,0.0,0.0,0.0,0.0,149530.9,0.36,0.0,0.0
2025-10-14,,0.0,0.0,0.0,0,0.0,0.0,0.0,0.0,0.0,149530.9,0.36,0.0,0.0
2025-10-15,,0.0,0.0,0.0,0,0.0,0.0,0.0,0.0,0.0,149530.9,0.36,0.0,0.0
2025-10-16,,0.0,0.0,0.0,0,0.0,0.0,0.0,0.0,0.0,149530.9,0.36,0.0,0.0
2025-10-17,,0.0,0.0,0.0,0,0.0,0.0,0.0,0.0,0.0,149530.9,0.36,0.0,0.0
2025-10-20,,0.0,0.0,0.0,0,0.0,0.0,0.0,0.0,0.0,149530.9,0.36,0.0,0.0
2025-10-21,,0.0,0.0,0.0,0,0.0,0.0,0.0,0.0,0.0,149530.9,0.36,0.0,0.0
2025-10-22,,0.0,0.0,0.0,0,0.0,0.0,0.0,0.0,0.0,149530.9,0.36,0.0,0.0
2025-10-23,,0.0,0.0,0.0,0,0.0,0.0,0.0,0.0,0.0,149530.9,0.36,0.0,0.0
2025-10-24,,0.0,0.0,0.0,0,0.0,0.0,0.0,0.0,0.0,149530.9,0.36,0.0,0.0
2025-10-27,,0.0,0.0,0.0,0,0.0,0.0,0.0,0.0,0.0,149530.9,0.36,0.0,0.0
2025-10-28,,0.0,0.0,0.0,0,0.0,0.0,0.0,0.0,0.0,149530.9,0.36,0.0,0.0
2025-10-29,,0.0,0.0,0.0,0,0.0,0.0,0.0,0.0,0.0,149530.9,0.36,0.0,0.0
2025-10-30,,0.0,0.0,0.0,0,0.0,0.0,0.0,0.0,0.0,149530.9,0.36,0.0,0.0
2025-10-31,,0.0,0.0,0.0,0,0.0,0.0,0.0,0.0,0.0,149530.9,0.36,0.0,0.0
2025-11-03,,0.0,0.0,0.0,0,0.0,0.0,0.0,0.0,0.0,149530.9,0.36,0.0,0.0
2025-11-04,,0.0,0.0,0.0,0,0.0,0.0,0.0,0.0,0.0,149530.9,0.36,0.0,0.0
2025-11-05,,0.0,0.0,0.0,0,0.0,0.0,0.0,0.0,0.0,149530.9,0.36,0.0,0.0
2025-11-06,,0.0,0.0,0.0,0,0.0,0.0,0.0,0.0,0.0,149530.9,0.36,0.0,0.0
2025-11-07,,0.0,0.0,0.0,0,0.0,0.0,0.0,0.0,0.0,149530.9,0.36,0.0,0.0
2025-11-10,,0.0,0.0,0.0,0,0.0,0.0,0.0,0.0,0.0,149530.9,0.36,0.0,0.0
2025-11-11,,0.0,0.0,0.0,0,0.0,0.0,0.0,0.0,0.0,0.0,0.36,0.0,0.0
2025-11-12,,0.0,0.0,0.0,0,0.0,0.0,0.0,0.0,0.0,149530.9,0.36,0.0,0.0
2025-11-14,,0.0,0.0,0.0,0,0.0,0.0,0.0,0.0,0.0,149530.9,0.36,0.0,0.0
2025-11-17,,0.0,0.0,0.0,0,0.0,0.0,0.0,0.0,0.0,149530.9,0.36,0.0,0.0
2025-11-18,,0.0,0.0,0.0,0,0.0,0.0,0.0,0.0,0.0,149530.9,0.36,0.0,0.0
2025-11-19,,0.0,0.0,0.0,0,0.0,0.0,0.0,0.0,0.0,149530.9,0.36,0.0,0.0
2025-11-20,,0.0,0.0,0.0,0,0.0,0.0,0.0,0.0,0.0,149530.9,0.36,0.0,0.0
2025-11-25,,0.0,0.0,0.0,0,0.0,0.0,0.0,0.0,0.0,149530.9,0.36,0.0,0.0
2025-11-26,,0.0,0.0,0.0,0,0.0,0.0,0.0,0.0,0.0,149530.9,0.36,0.0,0.0
2025-11-27,,0.0,0.0,0.0,0,0.0,0.0,0.0,0.0,0.0,149530.9,0.36,0.0,0.0
2025-11-28,,0.0,0.0,0.0,0,0.0,0.0,0.0,0.0,0.0,149530.9,0.36,0.0,0.0
2025-12-01,,0.0,0.0,0.0,0,0.0,0.0,0.0,0.0,0.0,149530.9,0.36,0.0,0.0
2025-12-02,,0.0,0.0,0.0,0,0.0,0.0,0.0,0.0,0.0,149530.9,0.36,0.0,0.0
2025-12-03,,0.0,0.0,0.0,0,0.0,0.0,0.0,0.0,0.0,149530.9,0.36,0.0,0.0
2025-12-04,,0.0,0.0,0.0,0,0.0,0.0,0.0,0.0,0.0,149530.9,0.36,0.0,0.0
2025-12-05,11.5,11.5,11.5,11.5,1500,17250.0,0.0,0.0,0.0,0.0,149530.9,0.36,0.0,0.0
2025-12-08,,0.0,0.0,0.0,0,0.0,0.0,0.0,0.0,0.0,149530.9,0.36,0.0,0.0
2025-12-10,,0.0,0.0,0.0,0,0.0,0.0,0.0,0.0,0.0,149530.9,0.36,0.0,0.0
2025-12-11,,0.0,0.0,0.0,0,0.0,0.0,0.0,0.0,0.0,149530.9,0.36,0.0,0.0
2025-12-12,,0.0,0.0,0.0,0,0.0,0.0,0.0,0.0,0.0,149530.9,0.36,0.0,0.0
2025-12-15,,0.0,0.0,0.0,0,0.0,0.0,0.0,0.0,0.0,149530.9,0.36,0.0,0.0
2025-12-23,,0.0,0.0,0.0,0,0.0,0.0,0.0,0.0,0.0,149530.9,0.36,0.0,0.0
2025-12-24,,0.0,0.0,0.0,0,0.0,0.0,0.0,0.0,0.0,149530.9,0.36,0.0,0.0
2025-12-25,,0.0,0.0,0.0,0,0.0,0.0,0.0,0.0,0.0,149530.9,0.36,0.0,0.0
2025-12-26,,0.0,0.0,0.0,0,0.0,0.0,0.0,0.0,0.0,149530.9,0.36,0.0,0.0
2025-12-29,,0.0,0.0,0.0,0,0.0,0.0,0.0,0.0,0.0,149530.9,0.36,0.0,0.0
2025-12-30,,0.0,0.0,0.0,0,0.0,0.0,0.0,0.0,0.0,149530.9,0.36,0.0,0.0
2025-12-31,,0.0,0.0,0.0,0,0.0,0.0,0.0,0.0,0.0,149530.9,0.36,0.0,0.0
2026-03-30,10.0,10.0,10.0,10.0,2100,21000.0,0.0,0.0,0.0,0.0,149530.9,0.36,0.0,0.0
2026-03-31,,0.0,0.0,0.0,0,0.0,0.0,0.0,0.0,0.0,149530.9,0.36,0.0,0.0
