time,open,high,low,close,volume,value,foreign_buy_vol,foreign_sell_vol,foreign_buy_val,foreign_sell_val,foreign_room,foreign_ownership_pct,foreign_buy_value_bn,foreign_sell_value_bn
2006-03-13,3.89,4.5,3.77,4.2,6000,25200.0,,,,,,,,
2006-03-15,4.62,4.62,4.45,4.56,12300,56087.99999999999,,,,,,,,
2006-03-17,4.84,4.84,4.67,4.82,9800,47236.0,,,,,,,,
2006-03-20,4.9,5.12,4.9,5.0,23400,117000.0,,,,,,,,
2006-03-22,5.18,5.18,5.01,5.09,11900,60571.0,,,,,,,,
2006-03-24,5.17,5.29,5.03,5.12,17000,87040.0,,,,,,,,
2006-03-27,5.09,5.09,5.06,5.08,3800,19304.0,,,,,,,,
2006-03-29,5.07,5.07,4.62,4.98,18100,90138.0,,,,,,,,
2006-03-31,5.01,5.01,4.5,,7600,,,,,,,,,
2006-04-03,4.39,4.79,4.39,4.63,16300,75469.0,,,,,,,,
2006-04-05,4.39,4.5,4.34,4.4,14300,62920.00000000001,,,,,,,,
2006-04-07,4.56,4.56,4.36,4.43,13700,60690.99999999999,,,,,,,,
2006-04-10,4.45,4.45,4.39,4.41,1500,6615.0,,,,,,,,
2006-04-12,4.39,4.39,4.34,4.38,7800,34164.0,,,,,,,,
2006-04-14,4.34,4.4,4.34,4.37,6000,26220.0,,,,,,,,
2006-04-17,4.39,4.8,4.39,4.44,11800,52392.00000000001,,,,,,,,
2006-04-19,4.79,4.88,4.79,4.86,15900,77274.0,,,,,,,,
2006-04-21,5.35,5.35,5.02,5.21,21300,110973.0,,,,,,,,
2006-04-24,5.63,5.69,5.35,5.53,14400,79632.0,,,,,,,,
2006-04-26,5.86,6.08,5.63,5.81,19500,113295.0,,,,,,,,
2006-04-28,5.24,6.36,5.24,5.93,14400,85392.0,,,,,,,,
2006-05-03,5.91,5.91,5.74,5.86,6600,38676.0,,,,,,,,
2006-05-05,5.77,5.86,5.63,5.74,6300,36162.0,,,,,,,,
2006-05-08,5.29,5.41,5.29,5.34,12100,64614.0,,,,,,,,
2006-05-10,5.18,5.18,4.81,4.94,4000,19760.0,,,,,,,,
2006-05-12,5.07,5.43,5.07,5.2,13100,68120.0,,,,,,,,
2006-05-15,5.63,5.69,5.57,5.62,9100,51142.0,,,,,,,,
2006-05-17,5.63,5.63,5.18,5.43,5100,27693.0,,,,,,,,
2006-05-19,5.29,5.29,5.09,5.17,1500,7755.0,,,,,,,,
2006-05-22,5.18,5.18,4.79,4.91,2600,12766.0,,,,,,,,
2006-05-24,5.07,5.07,4.9,4.91,1800,8838.0,,,,,,,,
2006-05-26,4.79,4.84,4.56,4.67,4600,21482.0,,,,,,,,
2006-05-29,4.56,4.56,4.45,4.47,3300,14751.0,,,,,,,,
2006-05-31,4.67,4.67,4.34,4.55,3900,17745.0,,,,,,,,
2006-06-01,4.67,4.73,4.67,4.71,3500,16485.0,,,,,,,,
2006-06-02,4.62,4.62,4.62,4.62,3000,13860.0,,,,,,,,
2006-06-05,4.62,4.62,4.59,4.59,1500,6885.0,,,,,,,,
2006-06-06,4.62,4.62,4.56,4.62,4100,18942.0,,,,,,,,
2006-06-07,4.62,4.62,4.59,4.59,2000,9180.0,,,,,,,,
2006-06-08,4.62,4.62,4.62,4.59,1100,5049.0,,,,,,,,
2006-06-09,4.62,4.62,4.62,4.62,600,2772.0,,,,,,,,
2006-06-12,4.62,4.62,4.62,4.62,0,0.0,,,,,,,,
2006-06-13,4.56,4.56,4.56,4.56,1500,6839.999999999999,,,,,,,,
2006-06-14,4.16,4.16,4.16,4.16,1800,7488.0,,,,,,,,
2006-06-15,4.5,4.5,4.5,4.5,1000,4500.0,,,,,,,,
2006-06-16,4.5,4.5,4.5,4.5,100,450.0,,,,,,,,
2006-06-19,4.5,4.5,4.5,4.5,0,0.0,,,,,,,,
2006-06-20,4.28,4.28,4.28,4.28,600,2568.0,,,,,,,,
2006-06-21,4.28,4.28,4.28,4.28,0,0.0,,,,,,,,
2006-06-22,4.5,4.5,4.5,4.5,200,900.0,,,,,,,,
2006-06-23,4.5,4.5,4.5,4.5,0,0.0,,,,,,,,
2006-06-26,4.5,4.5,4.5,4.5,200,900.0,,,,,,,,
2006-06-27,4.39,4.39,4.39,4.39,2000,8780.0,,,,,,,,
2006-06-28,4.39,4.39,4.39,4.39,0,0.0,,,,,,,,
2006-06-29,4.39,4.39,4.39,4.39,0,0.0,,,,,,,,
2006-06-30,3.95,4.44,3.95,4.39,300,1317.0,,,,,,,,
2006-07-03,4.39,4.39,4.39,4.41,200,882.0,,,,,,,,
2006-07-04,4.4,4.41,4.4,4.41,300,1323.0,,,,,,,,
2006-07-05,4.41,4.41,4.41,4.41,0,0.0,,,,,,,,
2006-07-06,4.41,4.41,4.41,4.41,0,0.0,,,,,,,,
2006-07-07,4.4,4.4,4.4,4.4,100,440.00000000000006,,,,,,,,
2006-07-10,4.4,4.4,4.4,4.4,100,440.00000000000006,,,,,,,,
2006-07-11,4.28,4.39,4.28,4.4,1400,6160.000000000001,,,,,,,,
2006-07-12,4.4,4.4,4.4,4.4,0,0.0,,,,,,,,
2006-07-13,4.28,4.28,4.28,4.05,500,2025.0,,,,,,,,
2006-07-14,4.05,4.05,4.05,4.05,2000,8100.0,,,,,,,,
2006-07-17,4.0,4.01,4.0,4.01,5100,20451.0,,,,,,,,
2006-07-18,3.94,4.0,3.94,3.94,2800,11032.0,,,,,,,,
2006-07-19,3.83,3.83,3.6,3.6,3500,12600.0,,,,,,,,
2006-07-20,3.38,3.43,3.32,3.43,2300,7889.0,,,,,,,,
2006-07-21,3.72,3.72,3.49,3.6,600,2160.0,,,,,,,,
2006-07-24,3.32,3.48,3.28,3.28,3300,10824.0,,,,,,,,
2006-07-25,3.28,3.28,3.28,3.28,0,0.0,,,,,,,,
2006-07-26,3.38,3.38,3.27,3.27,500,1635.0,,,,,,,,
2006-07-27,3.27,3.27,3.27,3.27,0,0.0,,,,,,,,
2006-07-28,3.38,3.38,3.32,3.32,1400,4648.0,,,,,,,,
2006-07-31,3.38,3.38,3.27,3.27,600,1962.0,,,,,,,,
2006-08-01,3.27,3.27,3.22,3.22,2000,6440.0,,,,,,,,
2006-08-02,3.21,3.21,3.04,3.05,2700,8235.0,,,,,,,,
2006-08-03,3.06,3.3,3.06,3.3,1900,6270.0,,,,,,,,
2006-08-04,3.21,3.38,3.21,3.38,5400,18252.0,,,,,,,,
2006-08-07,3.32,3.43,3.32,3.43,1400,4802.0,,,,,,,,
2006-08-08,3.38,3.43,3.38,3.43,1200,4116.0,,,,,,,,
2006-08-09,3.49,3.49,3.49,3.49,100,349.0,,,,,,,,
2006-08-10,3.49,3.49,3.49,3.49,0,0.0,,,,,,,,
2006-08-11,3.49,3.49,3.49,3.49,200,698.0,,,,,,,,
2006-08-14,3.83,3.84,3.83,3.84,1200,4608.0,,,,,,,,
2006-08-15,3.84,3.84,3.84,3.84,0,0.0,,,,,,,,
2006-08-16,3.84,3.84,3.84,3.84,300,1152.0,,,,,,,,
2006-08-17,4.22,4.22,4.05,4.05,1200,4860.0,,,,,,,,
2006-08-18,4.17,4.17,4.17,4.17,500,2085.0,,,,,,,,
2006-08-21,4.05,4.05,4.05,4.05,100,405.0,,,,,,,,
2006-08-22,4.05,4.05,4.05,4.05,0,0.0,,,,,,,,
2006-08-23,3.65,3.72,3.65,3.72,800,2976.0,,,,,,,,
2006-08-24,3.72,3.72,3.72,3.72,0,0.0,,,,,,,,
2006-08-25,3.72,3.72,3.72,3.72,800,2976.0,,,,,,,,
2006-08-28,3.72,3.72,3.72,3.72,0,0.0,,,,,,,,
2006-08-29,3.72,3.72,3.72,3.72,0,0.0,,,,,,,,
2006-08-30,3.72,3.72,3.72,3.72,0,0.0,,,,,,,,
2006-08-31,3.72,3.72,3.68,3.68,200,736.0,,,,,,,,
2006-09-01,3.69,3.74,3.69,3.74,1400,5236.0,,,,,,,,
2006-09-05,4.0,4.0,4.0,4.0,100,400.0,,,,,,,,
2006-09-06,3.94,3.94,3.94,3.94,200,788.0,,,,,,,,
2006-09-07,3.89,3.89,3.89,3.89,1800,7002.0,,,,,,,,
2006-09-08,3.73,3.89,3.73,3.89,700,2723.0,,,,,,,,
2006-09-11,3.94,3.94,3.94,3.94,800,3152.0,,,,,,,,
2006-09-12,3.94,3.94,3.94,3.94,200,788.0,,,,,,,,
2006-09-13,3.94,3.94,3.94,3.94,100,394.0,,,,,,,,
2006-09-14,3.94,3.94,3.94,3.94,0,0.0,,,,,,,,
2006-09-15,3.94,3.94,3.94,3.94,0,0.0,,,,,,,,
2006-09-18,3.94,3.94,3.94,3.94,0,0.0,,,,,,,,
2006-09-19,3.72,3.91,3.72,3.9,1200,4680.0,,,,,,,,
2006-09-20,3.91,3.91,3.91,3.91,1500,5865.0,,,,,,,,
2006-09-21,3.91,3.91,3.89,3.89,400,1556.0,,,,,,,,
2006-09-22,3.83,3.83,3.83,3.83,800,3064.0,,,,,,,,
2006-09-25,3.83,3.83,3.83,3.83,0,0.0,,,,,,,,
2006-09-26,3.83,3.94,3.83,3.94,4900,19306.0,,,,,,,,
2006-09-27,3.84,3.89,3.83,3.89,1200,4668.0,,,,,,,,
2006-09-28,3.87,3.89,3.87,3.89,15000,58350.0,,,,,,,,
2006-09-29,3.89,3.9,3.89,3.89,3100,12059.0,,,,,,,,
2006-10-02,3.89,3.89,3.89,3.89,0,0.0,,,,,,,,
2006-10-03,3.83,3.91,3.83,3.91,1500,5865.0,,,,,,,,
2006-10-04,3.89,3.94,3.89,3.94,3100,12214.0,,,,,,,,
2006-10-05,3.94,3.96,3.89,3.96,3700,14652.0,,,,,,,,
2006-10-06,3.92,3.96,3.92,3.96,2000,7920.0,,,,,,,,
2006-10-09,3.96,3.96,3.96,3.96,100,396.0,,,,,,,,
2006-10-10,3.96,3.96,3.96,3.96,0,0.0,,,,,,,,
2006-10-11,3.96,3.96,3.96,3.96,0,0.0,,,,,,,,
2006-10-12,3.94,3.96,3.94,3.96,5600,22176.0,,,,,,,,
2006-10-13,3.95,3.96,3.95,3.96,4300,17028.0,,,,,,,,
2006-10-16,3.94,3.94,3.94,3.94,100,394.0,,,,,,,,
2006-10-17,3.94,3.96,3.94,3.96,2300,9108.0,,,,,,,,
2006-10-18,3.96,3.96,3.96,3.96,0,0.0,,,,,,,,
2006-10-19,4.0,4.0,3.94,3.95,2100,8295.0,,,,,,,,
2006-10-20,3.94,3.94,3.94,3.94,100,394.0,,,,,,,,
2006-10-23,3.94,3.94,3.94,3.94,100,394.0,,,,,,,,
2006-10-24,3.94,3.94,3.94,3.94,100,394.0,,,,,,,,
2006-10-25,3.94,3.96,3.83,3.96,2500,9900.0,,,,,,,,
2006-10-26,3.92,3.92,3.92,3.92,300,1176.0,,,,,,,,
2006-10-27,3.92,3.94,3.92,3.94,4700,18518.0,,,,,,,,
2006-10-30,3.92,3.94,3.92,3.94,12100,47674.0,,,,,,,,
2006-10-31,3.94,3.94,3.94,3.94,0,0.0,,,,,,,,
2006-11-01,3.92,3.92,3.92,3.92,1100,4312.0,,,,,,,,
2006-11-02,3.92,3.92,3.92,3.92,200,784.0,,,,,,,,
2006-11-03,3.89,3.89,3.89,3.89,1000,3890.0,,,,,,,,
2006-11-06,3.89,3.89,3.89,3.89,0,0.0,,,,,,,,
2006-11-07,3.89,3.89,3.89,3.89,0,0.0,,,,,,,,
2006-11-08,3.94,3.95,3.94,3.95,900,3555.0,,,,,,,,
2006-11-09,3.96,3.96,3.96,3.96,200,792.0,,,,,,,,
2006-11-10,3.94,3.94,3.94,3.94,200,788.0,,,,,,,,
2006-11-13,3.94,3.94,3.94,3.94,300,1182.0,,,,,,,,
2006-11-14,3.94,3.94,3.94,3.94,300,1182.0,,,,,,,,
2006-11-15,3.91,4.0,3.91,4.0,400,1600.0,,,,,,,,
2006-11-16,3.94,3.94,3.94,3.94,200,788.0,,,,,,,,
2006-11-17,3.94,3.98,3.94,3.98,2300,9154.0,,,,,,,,
2006-11-20,3.94,4.01,3.94,4.01,3100,12431.0,,,,,,,,
2006-11-21,4.0,4.0,4.0,4.0,1100,4400.0,,,,,,,,
2006-11-22,4.01,4.01,4.01,4.01,100,401.0,,,,,,,,
2006-11-23,4.02,4.22,4.02,4.03,2100,8463.0,,,,,,,,
2006-11-24,4.22,4.22,4.22,4.22,800,3376.0,,,,,,,,
2006-11-27,4.56,4.56,4.22,4.34,3200,13888.0,,,,,,,,
2006-11-28,4.34,4.34,4.32,4.34,1200,5208.0,,,,,,,,
2006-11-29,4.35,4.39,4.22,4.22,1300,5486.0,,,,,,,,
2006-11-30,4.26,4.26,4.22,4.22,400,1688.0,,,,,,,,
2006-12-01,4.28,4.28,4.28,4.28,200,856.0,,,,,,,,
2006-12-04,4.28,4.28,4.28,4.28,200,856.0,,,,,,,,
2006-12-05,4.27,4.28,4.14,4.14,5200,21528.0,,,,,,,,
2006-12-06,4.14,4.14,4.14,4.14,0,0.0,,,,,,,,
2006-12-07,4.17,4.22,4.17,4.22,2000,8440.0,,,,,,,,
2006-12-08,4.17,4.22,4.17,4.22,300,1266.0,,,,,,,,
2006-12-11,4.19,4.22,4.19,4.22,5100,21522.0,,,,,,,,
2006-12-12,4.39,4.39,4.17,4.17,1800,7506.0,,,,,,,,
2006-12-13,4.28,4.62,4.26,4.28,6600,28248.0,,,,,,,,
2006-12-14,4.98,4.98,4.62,4.98,9100,45318.00000000001,,,,,,,,
2006-12-15,4.96,5.45,4.96,5.63,7800,43914.0,,,,,,,,
2006-12-18,5.74,5.74,5.63,5.63,3900,21957.0,,,,,,,,
2006-12-19,6.25,6.25,5.74,5.63,5700,32091.0,,,,,,,,
2006-12-20,6.25,6.48,5.74,5.74,10700,61418.0,,,,,,,,
2006-12-21,6.77,6.77,5.74,5.74,8200,47068.0,,,,,,,,
2006-12-22,5.61,5.61,5.61,5.61,600,3366.0,,,,,,,,
2006-12-25,5.06,5.18,5.06,5.18,2200,11396.0,,,,,,,,
2006-12-26,5.09,5.09,5.09,5.09,1100,5599.0,,,,,,,,
2006-12-27,5.18,5.2,5.18,5.2,1300,6760.0,,,,,,,,
2006-12-28,5.32,5.41,5.32,5.2,3000,15600.0,,,,,,,,
2006-12-29,5.69,5.69,5.18,5.29,13800,73002.0,,,,,,,,
2007-01-02,5.46,5.89,5.46,5.29,8300,43907.0,,,,,,,,
2007-01-03,6.14,6.28,5.74,6.28,19300,121204.0,,,,,,,,
2007-01-04,6.72,6.72,6.21,6.31,16200,102222.0,,,,,,,,
2007-01-05,6.98,7.29,6.98,7.29,22800,166212.0,,,,,,,,
2007-01-08,7.97,7.97,7.32,7.97,22900,182513.0,,,,,,,,
2007-01-09,8.68,8.68,8.67,8.68,32400,281232.0,,,,,,,,
2007-01-10,9.55,9.55,9.55,9.55,15000,143250.0,,,,,,,,
2007-01-11,10.5,10.5,9.68,10.5,33100,347550.0,,,,,,,,
2007-01-12,11.49,11.5,11.37,11.49,32000,367680.0,,,,,,,,
2007-01-15,12.64,12.64,11.26,12.27,16400,201228.0,,,,,,,,
2007-01-16,12.27,12.33,11.6,11.71,15700,183847.0,,,,,,,,
2007-01-17,11.71,12.05,11.26,11.26,33100,372706.0,,,,,,,,
2007-01-18,11.26,11.26,10.46,10.46,5300,55438.00000000001,,,,,,,,
2007-01-19,9.48,11.58,9.48,10.19,9500,96805.0,,,,,,,,
2007-01-22,10.14,10.95,9.8,10.19,53400,544146.0,,,,,,,,
2007-01-23,10.81,11.06,10.7,10.81,32300,349163.0,,,,,,,,
2007-01-24,10.75,10.81,10.69,10.69,5600,59864.0,,,,,,,,
2007-01-25,10.14,10.36,10.14,10.35,1000,10350.0,,,,,,,,
2007-01-26,10.08,10.12,10.02,10.12,2200,22264.0,,,,,,,,
2007-01-29,10.08,10.14,9.8,10.14,3500,35490.0,,,,,,,,
2007-01-30,10.36,10.36,10.08,10.16,10900,110744.0,,,,,,,,
2007-01-31,10.47,10.59,10.23,10.47,17900,187413.0,,,,,,,,
2007-02-01,10.81,10.81,10.47,10.59,13200,139788.0,,,,,,,,
2007-02-02,11.26,11.26,10.36,10.59,5200,55068.0,,,,,,,,
2007-02-05,10.81,11.64,10.7,10.7,4300,46010.0,,,,,,,,
2007-02-06,10.7,10.7,10.19,10.19,2800,28532.0,,,,,,,,
2007-02-07,10.81,10.81,10.14,10.36,3900,40404.0,,,,,,,,
2007-02-08,10.59,10.59,10.36,10.36,1300,13468.0,,,,,,,,
2007-02-09,10.36,10.36,10.36,10.36,0,0.0,,,,,,,,
2007-02-12,10.36,10.47,9.43,9.43,3800,35834.0,,,,,,,,
2007-02-13,10.62,10.62,9.58,10.36,10100,104636.0,,,,,,,,
2007-02-14,10.7,10.7,10.14,10.36,8900,92204.0,,,,,,,,
2007-02-15,10.92,10.92,10.14,10.14,7400,75036.0,,,,,,,,
2007-02-26,10.25,10.25,10.08,10.14,13300,134862.0,,,,,,,,
2007-02-27,10.02,10.92,10.02,10.46,30200,315892.0,,,,,,,,
2007-02-28,10.72,11.37,10.35,10.7,10000,107000.0,,,,,,,,
2007-03-01,10.7,10.87,10.66,10.66,3900,41574.0,,,,,,,,
2007-03-02,10.69,10.69,10.47,10.66,900,9594.0,,,,,,,,
2007-03-05,10.59,10.6,9.47,10.3,3900,40170.0,,,,,,,,
2007-03-06,10.64,11.15,9.8,10.3,11200,115360.0,,,,,,,,
2007-03-07,10.47,10.7,10.02,10.02,9600,96192.0,,,,,,,,
2007-03-08,10.36,10.47,10.14,10.25,7700,78925.0,,,,,,,,
2007-03-09,10.59,10.59,10.1,10.14,7400,75036.0,,,,,,,,
2007-03-12,10.19,10.47,9.97,10.19,19000,193610.0,,,,,,,,
2007-03-13,10.14,10.47,10.14,10.14,12100,122694.0,,,,,,,,
2007-03-14,11.17,11.17,10.08,10.14,7400,75036.0,,,,,,,,
2007-03-15,10.02,10.02,9.68,9.68,800,7744.0,,,,,,,,
2007-03-16,10.02,10.81,10.02,10.37,24600,255102.0,,,,,,,,
2007-03-19,10.7,10.7,10.14,10.25,28700,294175.0,,,,,,,,
2007-03-20,10.47,10.7,10.36,10.47,27800,291066.0,,,,,,,,
2007-03-21,10.64,10.7,10.59,10.7,21800,233260.0,,,,,,,,
2007-03-22,10.81,11.04,10.81,10.81,19800,214038.0,,,,,,,,
2007-03-23,10.92,10.92,10.59,10.81,9800,105938.0,,,,,,,,
2007-03-26,10.81,11.26,10.36,10.81,21600,233496.0,,,,,,,,
2007-03-27,10.59,10.81,10.25,10.81,7500,81075.0,,,,,,,,
2007-03-28,10.14,10.25,10.02,10.14,5600,56784.0,,,,,,,,
2007-03-29,10.8,10.8,10.75,10.75,2000,21500.0,,,,,,,,
2007-03-30,10.7,10.75,9.72,10.75,7800,83850.0,,,,,,,,
2007-04-02,10.7,10.7,10.3,10.3,1500,15450.000000000002,,,,,,,,
2007-04-03,10.59,10.59,10.36,10.42,2500,26050.0,,,,,,,,
2007-04-04,10.42,10.59,10.36,10.47,7100,74337.0,,,,,,,,
2007-04-05,10.7,10.81,10.7,10.7,17300,185110.0,,,,,,,,
2007-04-06,10.7,11.04,10.7,10.98,29400,322812.0,,,,,,,,
2007-04-09,11.09,11.15,11.06,11.15,7300,81395.0,,,,,,,,
2007-04-10,11.26,11.82,11.26,11.82,15900,187938.0,,,,,,,,
2007-04-11,12.16,12.69,11.94,12.27,22700,278529.0,,,,,,,,
2007-04-12,13.18,13.51,12.38,12.53,12200,152866.0,,,,,,,,
2007-04-13,12.61,12.61,11.71,11.71,7600,88996.0,,,,,,,,
2007-04-16,11.82,12.39,10.83,11.82,23500,277770.0,,,,,,,,
2007-04-17,12.39,12.39,11.15,11.26,7700,86702.0,,,,,,,,
2007-04-18,11.26,11.37,11.15,11.37,11400,129618.0,,,,,,,,
2007-04-19,11.68,11.82,11.37,11.37,3000,34110.0,,,,,,,,
2007-04-20,11.71,11.82,11.26,11.26,3400,38284.0,,,,,,,,
2007-04-23,11.26,11.82,10.7,10.7,6300,67410.0,,,,,,,,
2007-04-24,10.7,11.09,10.7,10.7,700,7489.999999999999,,,,,,,,
2007-04-25,10.59,10.81,10.59,10.7,3600,38520.0,,,,,,,,
2007-05-02,11.37,11.37,11.26,11.26,11600,130616.0,,,,,,,,
2007-05-03,10.71,11.26,10.71,11.26,3400,38284.0,,,,,,,,
2007-05-04,11.04,11.15,11.04,11.04,6700,73968.0,,,,,,,,
2007-05-07,11.26,11.26,11.26,11.26,600,6756.0,,,,,,,,
2007-05-08,11.21,11.26,11.21,11.26,2000,22520.0,,,,,,,,
2007-05-09,11.49,11.77,11.37,11.49,23600,271164.0,,,,,,,,
2007-05-10,11.6,11.6,11.37,11.37,1100,12507.0,,,,,,,,
2007-05-11,11.26,11.49,11.26,11.49,3300,37917.0,,,,,,,,
2007-05-14,11.36,11.37,11.26,11.26,700,7882.0,,,,,,,,
2007-05-15,11.71,11.71,11.26,11.26,5700,64182.0,,,,,,,,
2007-05-16,11.23,11.26,11.19,11.19,9600,107424.0,,,,,,,,
2007-05-17,11.26,11.26,11.15,11.15,34700,386905.0,,,,,,,,
2007-05-18,11.49,11.49,10.98,11.02,11400,125628.0,,,,,,,,
2007-05-21,11.71,11.71,11.15,11.3,8500,96050.0,,,,,,,,
2007-05-22,11.71,11.71,11.59,11.63,13100,152353.0,,,,,,,,
2007-05-23,11.71,11.86,11.6,11.6,25400,294640.0,,,,,,,,
2007-05-24,11.6,11.66,11.54,11.54,9900,114246.0,,,,,,,,
2007-05-25,11.26,11.26,11.21,11.26,2500,28150.0,,,,,,,,
2007-05-28,11.09,11.26,11.09,11.14,5000,55700.0,,,,,,,,
2007-05-29,11.04,11.15,11.01,11.01,10000,110100.0,,,,,,,,
2007-05-30,11.04,11.26,11.04,11.26,11200,126112.0,,,,,,,,
2007-05-31,11.26,11.26,11.04,11.04,1000,11040.0,,,,,,,,
2007-06-01,11.04,11.04,10.7,10.7,400,4280.0,,,,,,,,
2007-06-04,10.7,10.75,10.7,10.75,5000,53750.0,,,,,,,,
2007-06-05,10.81,10.95,10.59,10.92,9300,101556.0,,,,,,,,
2007-06-06,10.92,10.92,10.87,10.87,1500,16304.999999999998,,,,,,,,
2007-06-07,9.83,10.92,9.83,10.87,2400,26088.0,,,,,,,,
2007-06-08,10.81,10.88,10.81,10.87,4700,51088.99999999999,,,,,,,,
2007-06-11,10.75,10.75,10.75,10.75,200,2150.0,,,,,,,,
2007-06-12,10.7,10.82,10.7,10.82,900,9738.0,,,,,,,,
2007-06-13,10.81,10.92,10.81,10.82,3300,35706.0,,,,,,,,
2007-06-14,10.81,10.81,10.75,10.75,2700,29025.0,,,,,,,,
2007-06-15,10.59,10.75,10.59,10.59,3800,40242.0,,,,,,,,
2007-06-18,10.71,10.71,10.7,10.7,600,6420.0,,,,,,,,
2007-06-19,10.14,10.7,10.14,10.7,4500,48150.0,,,,,,,,
2007-06-20,10.7,10.7,10.59,10.59,8500,90015.0,,,,,,,,
2007-06-21,10.02,10.02,10.02,10.02,1000,10020.0,,,,,,,,
2007-06-22,10.02,10.14,9.57,9.8,3000,29400.000000000004,,,,,,,,
2007-06-25,9.93,9.93,9.79,9.8,16200,158760.0,,,,,,,,
2007-06-26,9.68,9.74,9.68,9.74,400,3896.0,,,,,,,,
2007-06-27,6.98,6.98,6.87,9.29,500,4645.0,,,,,,,,
2007-06-28,9.01,9.01,9.01,9.01,400,3604.0,,,,,,,,
2007-06-29,6.64,6.64,6.64,9.01,500,4505.0,,,,,,,,
2007-07-02,6.76,6.76,6.64,9.04,2000,18080.0,,,,,,,,
2007-07-03,7.32,7.32,6.87,9.36,1700,15911.999999999998,,,,,,,,
2007-07-04,6.98,6.98,6.98,9.36,200,1872.0,,,,,,,,
2007-07-05,7.55,7.66,7.55,10.25,1100,11275.0,,,,,,,,
2007-07-06,8.33,8.33,7.66,10.36,600,6216.0,,,,,,,,
2007-07-09,7.77,10.51,10.51,10.51,0,0.0,,,,,,,,
2007-07-10,7.88,7.88,7.88,10.59,100,1059.0,,,,,,,,
2007-07-11,7.55,7.88,7.43,10.59,1200,12708.0,,,,,,,,
2007-07-12,7.77,7.77,7.66,10.35,200,2070.0,,,,,,,,
2007-07-13,7.88,7.88,7.88,10.59,1000,10590.0,,,,,,,,
2007-07-16,7.66,7.66,7.66,10.36,200,2072.0,,,,,,,,
2007-07-17,7.09,7.09,7.09,9.57,900,8613.0,,,,,,,,
2007-07-18,6.42,7.09,6.42,9.25,1900,17575.0,,,,,,,,
2007-07-19,6.87,9.32,9.32,9.32,0,0.0,,,,,,,,
2007-07-20,6.87,9.32,9.32,9.32,0,0.0,,,,,,,,
2007-07-23,7.09,7.09,7.09,9.63,28800,277344.0,,,,,,,,
2007-07-24,7.09,9.57,9.57,9.57,0,0.0,,,,,,,,
2007-07-25,6.98,6.98,6.98,9.35,2300,21505.0,,,,,,,,
2007-07-26,6.64,6.87,6.64,9.23,1800,16614.0,,,,,,,,
2007-07-27,6.87,6.87,6.87,9.23,1000,9230.0,,,,,,,,
2007-07-30,6.87,9.23,9.23,9.23,0,0.0,,,,,,,,
2007-07-31,7.43,7.43,7.43,10.02,100,1002.0,,,,,,,,
2007-08-01,7.77,7.77,7.21,9.68,1300,12584.0,,,,,,,,
2007-08-02,7.55,10.12,10.12,10.12,0,0.0,,,,,,,,
2007-08-03,7.55,7.55,6.87,9.25,2500,23125.0,,,,,,,,
2007-08-06,6.87,6.87,6.64,9.01,1600,14416.0,,,,,,,,
2007-08-07,6.64,6.64,6.64,8.98,1400,12572.0,,,,,,,,
2007-08-08,6.87,6.87,6.87,6.88,100,688.0,,,,,,,,
2007-08-09,7.09,7.09,7.09,7.09,500,3545.0,,,,,,,,
2007-08-10,7.32,7.43,7.32,7.43,1500,11145.0,,,,,,,,
2007-08-13,7.32,7.43,7.32,7.46,2000,14920.0,,,,,,,,
2007-08-14,7.43,7.55,7.43,7.43,6500,48295.0,,,,,,,,
2007-08-15,7.55,7.55,7.32,7.32,1500,10980.0,,,,,,,,
2007-08-16,7.43,7.47,7.47,7.47,0,0.0,,,,,,,,
2007-08-17,7.55,7.55,7.43,7.43,2500,18575.0,,,,,,,,
2007-08-20,7.55,7.5,7.5,7.5,0,0.0,,,,,,,,
2007-08-21,7.55,7.5,7.5,7.5,0,0.0,,,,,,,,
2007-08-22,6.76,6.76,6.76,6.76,500,3380.0,,,,,,,,
2007-08-23,7.21,7.21,7.21,7.21,100,721.0,,,,,,,,
2007-08-24,7.09,7.21,7.09,7.04,5200,36608.0,,,,,,,,
2007-08-27,6.87,7.09,6.87,7.13,1200,8556.0,,,,,,,,
2007-08-28,6.98,6.95,6.95,6.95,0,0.0,,,,,,,,
2007-08-29,6.98,6.95,6.95,6.95,0,0.0,,,,,,,,
2007-08-30,7.21,7.21,6.76,6.78,1300,8814.0,,,,,,,,
2007-08-31,6.87,6.98,6.87,6.98,1400,9772.0,,,,,,,,
2007-09-04,6.98,6.93,6.93,6.93,0,0.0,,,,,,,,
2007-09-05,6.98,6.93,6.93,6.93,0,0.0,,,,,,,,
2007-09-06,6.98,6.93,6.93,6.93,0,0.0,,,,,,,,
2007-09-07,6.87,6.87,6.87,6.81,300,2043.0,,,,,,,,
2007-09-10,6.98,6.98,6.98,6.98,300,2094.0,,,,,,,,
2007-09-11,6.98,6.98,6.98,6.98,0,0.0,,,,,,,,
2007-09-12,6.98,6.98,6.98,6.98,0,0.0,,,,,,,,
2007-09-13,6.98,6.98,6.98,6.98,0,0.0,,,,,,,,
2007-09-14,6.53,6.76,6.48,6.76,3100,20956.0,,,,,,,,
2007-09-17,6.53,6.53,6.42,6.53,3100,20243.0,,,,,,,,
2007-09-18,6.48,6.48,6.42,6.48,1600,10368.0,,,,,,,,
2007-09-19,6.53,6.59,6.53,6.57,1900,12483.0,,,,,,,,
2007-09-20,6.59,6.7,6.59,6.64,3700,24568.0,,,,,,,,
2007-09-21,6.66,6.66,6.64,6.64,3600,23904.0,,,,,,,,
2007-09-24,6.64,6.76,6.64,6.76,4800,32448.0,,,,,,,,
2007-09-25,6.64,6.81,6.64,6.81,700,4767.0,,,,,,,,
2007-09-26,6.76,6.87,6.76,6.87,900,6183.0,,,,,,,,
2007-09-27,6.88,7.27,6.87,7.27,5000,36350.0,,,,,,,,
2007-09-28,7.62,7.62,7.32,7.43,10300,76529.0,,,,,,,,
2007-10-01,7.55,8.28,7.55,8.22,24400,200568.00000000003,,,,,,,,
2007-10-02,8.56,8.73,8.0,8.28,11400,94392.0,,,,,,,,
2007-10-03,9.12,9.12,8.67,8.67,1300,11271.0,,,,,,,,
2007-10-04,8.0,8.67,7.96,8.56,2900,24824.0,,,,,,,,
2007-10-05,8.23,8.33,8.11,8.11,10800,87588.0,,,,,,,,
2007-10-08,8.22,8.22,7.66,7.66,3200,24512.0,,,,,,,,
2007-10-09,7.88,8.0,7.88,8.0,4200,33600.0,,,,,,,,
2007-10-10,7.88,8.22,7.88,8.05,7700,61985.00000000001,,,,,,,,
2007-10-11,8.16,8.22,8.11,8.11,1800,14597.999999999998,,,,,,,,
2007-10-12,8.11,8.16,8.05,8.1,9800,79380.0,,,,,,,,
2007-10-15,8.16,8.33,8.16,8.33,12200,101626.0,,,,,,,,
2007-10-16,8.25,8.67,8.25,8.67,12000,104040.0,,,,,,,,
2007-10-17,9.0,9.0,8.42,8.42,4600,38732.0,,,,,,,,
2007-10-18,8.56,8.56,8.11,8.11,1900,15408.999999999998,,,,,,,,
2007-10-19,8.16,8.33,8.16,8.33,3900,32487.0,,,,,,,,
2007-10-22,8.05,8.39,7.88,8.33,16500,137445.0,,,,,,,,
2007-10-23,8.13,8.13,8.0,8.09,3900,31551.0,,,,,,,,
2007-10-24,8.05,8.06,8.0,8.05,5000,40250.0,,,,,,,,
2007-10-25,8.05,8.09,8.0,8.0,6700,53600.0,,,,,,,,
2007-10-26,8.05,8.09,7.88,8.0,7300,58400.0,,,,,,,,
2007-10-29,8.45,8.45,7.91,8.0,5400,43200.0,,,,,,,,
2007-10-30,8.11,8.12,7.71,8.11,4100,33251.0,,,,,,,,
2007-10-31,8.11,8.11,8.0,8.0,3100,24800.0,,,,,,,,
2007-11-01,8.33,8.45,8.11,8.11,1100,8921.0,,,,,,,,
2007-11-02,8.24,8.24,8.05,8.1,4900,39690.0,,,,,,,,
2007-11-05,7.88,7.88,7.77,7.77,1900,14763.0,,,,,,,,
2007-11-06,7.77,7.77,7.55,7.6,1300,9880.0,,,,,,,,
2007-11-07,7.66,7.66,7.55,7.55,700,5285.0,,,,,,,,
2007-11-08,7.55,7.55,7.32,7.43,900,6687.0,,,,,,,,
2007-11-09,7.21,7.55,7.21,7.43,2600,19318.0,,,,,,,,
2007-11-12,7.43,7.43,7.09,7.09,600,4254.0,,,,,,,,
2007-11-13,6.76,6.76,6.57,6.57,2900,19053.0,,,,,,,,
2007-11-14,7.21,7.21,7.09,7.21,1200,8652.0,,,,,,,,
2007-11-15,7.21,7.21,7.21,7.21,0,0.0,,,,,,,,
2007-11-16,7.21,7.21,7.21,7.21,0,0.0,,,,,,,,
2007-11-19,7.21,7.77,7.21,7.66,700,5362.0,,,,,,,,
2007-11-20,7.66,7.66,7.66,7.66,0,0.0,,,,,,,,
2007-11-21,6.76,6.87,6.76,6.77,800,5416.0,,,,,,,,
2007-11-22,6.87,6.87,6.87,6.87,100,687.0,,,,,,,,
2007-11-23,7.15,7.15,7.04,7.04,1800,12672.0,,,,,,,,
2007-11-26,7.04,7.09,6.98,6.98,3200,22336.0,,,,,,,,
2007-11-27,6.99,6.99,6.99,6.99,1300,9087.0,,,,,,,,
2007-11-28,7.15,7.15,6.98,6.98,1200,8376.0,,,,,,,,
2007-11-29,7.15,7.21,7.09,7.21,3600,25956.0,,,,,,,,
2007-11-30,7.21,7.32,7.21,7.21,3400,24514.0,,,,,,,,
2007-12-03,7.15,7.15,7.15,7.15,800,5720.0,,,,,,,,
2007-12-04,7.26,7.49,7.26,7.48,1500,11220.0,,,,,,,,
2007-12-05,7.43,7.43,7.32,7.35,5500,40425.0,,,,,,,,
2007-12-06,7.66,7.66,7.55,7.55,7200,54360.0,,,,,,,,
2007-12-07,7.55,7.66,7.55,7.6,10500,79800.0,,,,,,,,
2007-12-10,6.98,6.98,6.95,6.95,1000,6950.0,,,,,,,,
2007-12-11,7.21,7.21,6.53,7.21,7400,53354.0,,,,,,,,
2007-12-12,7.59,7.59,7.04,7.04,700,4928.0,,,,,,,,
2007-12-13,6.76,7.43,6.67,7.43,12400,92132.0,,,,,,,,
2007-12-14,7.22,7.32,7.22,7.26,2400,17424.0,,,,,,,,
2007-12-17,7.32,7.55,7.32,7.51,3100,23281.0,,,,,,,,
2007-12-18,7.55,7.83,7.43,7.83,5900,46197.0,,,,,,,,
2007-12-19,7.83,8.11,7.83,7.88,4400,34672.0,,,,,,,,
2007-12-20,7.77,8.21,7.77,8.16,13000,106080.0,,,,,,,,
2007-12-21,7.94,7.94,7.88,8.16,1700,13872.0,,,,,,,,
2007-12-24,8.22,8.22,7.66,7.71,4300,33153.0,,,,,,,,
2007-12-25,7.55,7.55,7.55,7.55,200,1510.0,,,,,,,,
2007-12-26,7.21,7.21,7.04,7.04,10900,76736.0,,,,,,,,
2007-12-27,7.77,7.77,7.07,7.07,3600,25452.0,,,,,,,,
2007-12-28,7.15,7.15,6.81,6.81,9600,65375.99999999999,,,,,,,,
2008-01-02,6.98,7.32,6.89,7.32,3700,27084.0,,,,,,,,
2008-01-03,7.32,7.32,7.09,7.09,2000,14180.0,,,,,,,,
2008-01-04,7.32,7.77,7.32,7.55,3400,25670.0,,,,,,,,
2008-01-07,7.66,7.66,7.09,7.09,800,5672.0,,,,,,,,
2008-01-08,7.09,7.23,7.04,7.21,6000,43260.0,,,,,,,,
2008-01-09,7.09,7.09,7.08,7.08,400,2832.0,,,,,,,,
2008-01-10,6.99,7.0,6.98,6.98,1500,10470.0,,,,,,,,
2008-01-11,6.76,6.76,6.3,6.3,1100,6930.0,,,,,,,,
2008-01-14,6.31,6.31,5.75,6.19,2500,15475.000000000002,,,,,,,,
2008-01-15,6.63,6.63,6.31,6.31,1200,7571.999999999999,,,,,,,,
2008-01-16,6.08,6.98,6.02,6.98,4800,33504.0,,,,,,,,
2008-01-17,7.32,7.32,7.32,7.32,100,732.0,,,,,,,,
2008-01-18,6.98,6.98,6.64,6.76,2100,14196.0,,,,,,,,
2008-01-21,6.76,6.76,6.76,6.76,0,0.0,,,,,,,,
2008-01-22,6.76,6.76,6.76,6.76,0,0.0,,,,,,,,
2008-01-23,6.02,6.09,6.0,6.08,5300,32224.0,,,,,,,,
2008-01-24,6.52,6.52,6.02,6.02,1200,7223.999999999999,,,,,,,,
2008-01-25,5.69,6.52,5.69,5.97,1900,11343.0,,,,,,,,
2008-01-28,5.97,6.19,5.97,6.19,300,1857.0,,,,,,,,
2008-01-29,6.64,6.64,6.42,6.42,1600,10272.0,,,,,,,,
2008-01-30,6.08,7.09,6.08,6.93,4700,32571.0,,,,,,,,
2008-01-31,6.31,6.96,6.31,6.76,800,5408.0,,,,,,,,
2008-02-01,6.42,6.53,6.42,6.43,3900,25077.0,,,,,,,,
2008-02-12,6.66,6.66,6.66,6.66,100,666.0,,,,,,,,
2008-02-13,6.64,6.64,6.64,6.64,100,664.0,,,,,,,,
2008-02-14,6.63,6.64,6.63,6.64,700,4648.0,,,,,,,,
2008-02-15,6.53,6.53,6.53,6.53,400,2612.0,,,,,,,,
2008-02-18,6.76,6.76,5.97,5.97,1100,6567.0,,,,,,,,
2008-02-19,6.19,6.19,6.06,6.08,600,3648.0,,,,,,,,
2008-02-20,5.64,5.64,5.63,5.63,1500,8445.0,,,,,,,,
2008-02-21,5.08,5.08,5.07,5.07,10400,52728.0,,,,,,,,
2008-02-22,4.56,5.57,4.56,5.46,2400,13104.0,,,,,,,,
2008-02-25,5.07,5.14,5.07,5.14,2800,14392.0,,,,,,,,
2008-02-26,5.63,5.63,4.68,4.68,6600,30888.0,,,,,,,,
2008-02-27,4.62,4.84,4.62,4.84,2300,11132.0,,,,,,,,
2008-02-28,4.68,4.68,4.62,4.63,2100,9723.0,,,,,,,,
2008-02-29,4.73,4.73,4.5,4.52,1000,4520.0,,,,,,,,
2008-03-03,5.06,5.06,4.39,4.39,700,3073.0,,,,,,,,
2008-03-04,4.18,4.18,4.07,4.07,7900,32153.000000000004,,,,,,,,
2008-03-05,3.72,3.94,3.72,3.77,2000,7540.0,,,,,,,,
2008-03-06,4.12,4.12,4.12,4.12,200,824.0,,,,,,,,
2008-03-07,4.53,4.53,4.53,4.53,3100,14043.0,,,,,,,,
2008-03-10,4.98,4.98,4.53,4.97,8700,43239.0,,,,,,,,
2008-03-11,5.27,5.27,4.37,4.5,3200,14400.0,,,,,,,,
2008-03-12,4.5,4.84,4.5,4.5,2900,13050.0,,,,,,,,
2008-03-13,4.73,4.73,4.56,4.67,2500,11675.0,,,,,,,,
2008-03-14,4.67,4.73,4.45,4.73,3700,17501.0,,,,,,,,
2008-03-17,4.37,4.37,4.13,4.13,4400,18172.0,,,,,,,,
2008-03-18,4.04,4.04,3.78,3.78,6300,23814.0,,,,,,,,
2008-03-19,4.14,4.14,3.67,3.67,3200,11744.0,,,,,,,,
2008-03-20,3.6,3.77,3.55,3.56,5800,20648.0,,,,,,,,
2008-03-21,3.57,3.6,3.33,3.38,4800,16224.0,,,,,,,,
2008-03-24,3.15,3.15,3.07,3.07,2600,7982.0,,,,,,,,
2008-03-25,2.93,2.93,2.8,2.8,4600,12880.0,,,,,,,,
2008-03-26,2.82,2.83,2.8,2.82,36500,102930.0,,,,,,,,
2008-03-27,2.87,2.87,2.87,2.87,10000,28700.0,,,,,,,,
2008-03-28,2.93,2.93,2.93,2.93,7400,21682.0,,,,,,,,
2008-03-31,2.98,2.98,2.98,2.98,100,298.0,,,,,,,,
2008-04-01,3.04,3.04,3.04,3.04,100,304.0,,,,,,,,
2008-04-02,3.1,3.1,3.1,3.1,100,310.0,,,,,,,,
2008-04-03,3.15,3.15,3.15,3.15,100,315.0,,,,,,,,
2008-04-04,3.21,3.21,3.21,3.21,100,321.0,,,,,,,,
2008-04-07,3.3,3.3,3.3,3.3,400,1320.0,,,,,,,,
2008-04-08,3.39,3.39,3.21,3.3,44800,147840.0,,,,,,,,
2008-04-09,3.39,3.39,3.39,3.39,11500,38985.0,,,,,,,,
2008-04-10,3.49,3.49,3.43,3.49,17000,59330.0,,,,,,,,
2008-04-11,3.49,3.59,3.49,3.59,10900,39131.0,,,,,,,,
2008-04-16,3.64,3.64,3.64,3.64,1500,5460.0,,,,,,,,
2008-04-17,3.74,3.74,3.74,3.74,4300,16082.000000000002,,,,,,,,
2008-04-18,3.84,3.84,3.84,3.84,8000,30720.0,,,,,,,,
2008-04-21,3.95,3.95,3.95,3.95,500,1975.0,,,,,,,,
2008-04-22,4.07,4.07,4.07,4.07,4500,18315.0,,,,,,,,
2008-04-23,4.18,4.18,3.95,3.95,28500,112575.0,,,,,,,,
2008-04-24,4.0,4.11,4.0,4.05,12000,48600.0,,,,,,,,
2008-04-25,4.0,4.04,3.95,4.0,8000,32000.0,,,,,,,,
2008-04-28,3.94,4.11,3.94,4.11,12500,51375.00000000001,,,,,,,,
2008-04-29,4.14,4.14,4.05,4.14,10000,41400.0,,,,,,,,
2008-05-05,4.17,4.17,4.0,4.0,800,3200.0,,,,,,,,
2008-05-06,4.12,4.12,4.05,4.1,35100,143910.0,,,,,,,,
2008-05-07,3.98,4.11,3.98,4.09,19900,81391.0,,,,,,,,
2008-05-08,4.09,4.11,4.09,4.11,5200,21372.0,,,,,,,,
2008-05-09,4.09,4.09,4.04,4.04,6000,24240.0,,,,,,,,
2008-05-12,3.95,4.17,3.95,4.05,11400,46170.0,,,,,,,,
2008-05-13,3.9,3.9,3.9,3.9,15000,58500.0,,,,,,,,
2008-05-14,3.78,3.78,3.78,3.78,1000,3780.0,,,,,,,,
2008-05-15,3.67,3.67,3.67,3.67,2000,7340.0,,,,,,,,
2008-05-16,3.52,3.55,3.52,3.54,1500,5310.0,,,,,,,,
2008-05-19,3.43,3.61,3.42,3.61,4300,15523.0,,,,,,,,
2008-05-20,3.55,3.58,3.55,3.58,600,2148.0,,,,,,,,
2008-05-21,3.46,3.6,3.46,3.56,4100,14596.0,,,,,,,,
2008-05-22,3.37,3.37,3.37,3.37,300,1011.0,,,,,,,,
2008-05-23,3.28,3.28,3.28,3.28,200,656.0,,,,,,,,
2008-05-26,3.28,3.28,3.28,3.28,0,0.0,,,,,,,,
2008-05-27,3.19,3.37,3.19,3.19,1400,4466.0,,,,,,,,
2008-05-28,3.11,3.11,3.11,3.11,100,311.0,,,,,,,,
2008-05-29,3.02,3.02,3.02,3.02,100,302.0,,,,,,,,
2008-05-30,3.04,3.04,3.04,3.04,100,304.0,,,,,,,,
2008-06-02,3.04,3.04,3.04,3.04,0,0.0,,,,,,,,
2008-06-03,2.95,2.95,2.95,2.95,100,295.0,,,,,,,,
2008-06-04,2.98,3.03,2.87,2.87,1500,4305.0,,,,,,,,
2008-06-05,2.84,2.84,2.84,2.84,1800,5112.0,,,,,,,,
2008-06-06,2.76,2.76,2.76,2.76,2300,6347.999999999999,,,,,,,,
2008-06-09,2.68,2.68,2.68,2.68,200,536.0,,,,,,,,
2008-06-10,2.6,2.6,2.6,2.6,200,520.0,,,,,,,,
2008-06-11,2.6,2.67,2.6,2.67,5400,14418.0,,,,,,,,
2008-06-12,2.58,2.71,2.58,2.71,2200,5962.0,,,,,,,,
2008-06-13,2.71,2.71,2.71,2.71,2100,5691.0,,,,,,,,
2008-06-16,2.79,2.79,2.79,2.79,6400,17856.0,,,,,,,,
2008-06-17,2.87,2.87,2.87,2.87,200,574.0,,,,,,,,
2008-06-18,2.95,2.95,2.82,2.82,4500,12690.0,,,,,,,,
2008-06-19,2.8,3.03,2.8,2.8,1800,5040.0,,,,,,,,
2008-06-20,2.93,2.98,2.79,2.98,2400,7152.0,,,,,,,,
2008-06-23,2.98,2.98,2.98,2.98,1300,3874.0,,,,,,,,
2008-06-24,3.1,3.1,3.1,3.1,3900,12090.0,,,,,,,,
2008-06-25,3.22,3.22,3.22,3.22,2000,6440.0,,,,,,,,
2008-06-26,3.34,3.34,3.11,3.22,3100,9982.0,,,,,,,,
2008-06-27,3.3,3.3,3.19,3.19,200,638.0,,,,,,,,
2008-06-30,3.32,3.37,3.32,3.37,800,2696.0,,,,,,,,
2008-07-01,3.39,3.47,3.39,3.47,400,1388.0,,,,,,,,
2008-07-02,3.46,3.57,3.32,3.57,2400,8568.0,,,,,,,,
2008-07-03,3.61,3.61,3.52,3.55,31500,111825.0,,,,,,,,
2008-07-04,3.74,3.74,3.49,3.74,10900,40766.0,,,,,,,,
2008-07-07,3.72,3.72,3.69,3.69,3000,11070.0,,,,,,,,
2008-07-08,3.72,3.72,3.72,3.72,100,372.0,,,,,,,,
2008-07-09,3.66,3.66,3.6,3.6,2200,7920.0,,,,,,,,
2008-07-10,3.65,3.65,3.51,3.51,7900,27729.0,,,,,,,,
2008-07-11,3.49,3.49,3.38,3.38,21200,71656.0,,,,,,,,
2008-07-14,3.52,3.52,3.39,3.43,71200,244216.0,,,,,,,,
2008-07-15,3.63,3.63,3.55,3.63,89800,325974.0,,,,,,,,
2008-07-16,3.75,3.75,3.6,3.63,15400,55902.0,,,,,,,,
2008-07-17,3.57,3.81,3.57,3.6,10900,39240.0,,,,,,,,
2008-07-18,3.51,3.51,3.51,3.51,1000,3510.0,,,,,,,,
2008-07-21,3.51,3.51,3.51,3.51,0,0.0,,,,,,,,
2008-07-22,3.38,3.38,3.38,3.38,100,338.0,,,,,,,,
2008-07-23,3.14,3.14,3.14,3.14,200,628.0,,,,,,,,
2008-07-24,3.02,3.02,3.02,3.02,500,1510.0,,,,,,,,
2008-07-25,2.91,2.91,2.91,2.91,2000,5820.0,,,,,,,,
2008-07-28,2.98,2.98,2.79,2.91,35400,103014.0,,,,,,,,
2008-07-29,2.93,2.93,2.76,2.76,12000,33120.0,,,,,,,,
2008-07-30,2.75,2.75,2.75,2.75,700,1925.0,,,,,,,,
2008-07-31,2.65,2.85,2.65,2.85,23500,66975.0,,,,,,,,
2008-08-01,2.82,2.87,2.77,2.87,19300,55391.0,,,,,,,,
2008-08-04,2.7,2.82,2.7,2.82,11000,31020.0,,,,,,,,
2008-08-05,2.82,2.83,2.82,2.83,7800,22074.0,,,,,,,,
2008-08-06,2.94,2.94,2.94,2.94,100,294.0,,,,,,,,
2008-08-07,3.05,3.05,3.05,3.05,2500,7625.0,,,,,,,,
2008-08-08,3.16,3.16,3.16,3.16,1500,4740.0,,,,,,,,
2008-08-11,3.29,3.29,3.18,3.29,21100,69419.0,,,,,,,,
2008-08-12,3.4,3.4,3.4,3.4,13800,46920.0,,,,,,,,
2008-08-13,3.54,3.54,3.49,3.54,68000,240720.0,,,,,,,,
2008-08-14,3.65,3.65,3.65,3.65,47700,174105.0,,,,,,,,
2008-08-15,3.78,3.78,3.78,3.78,4400,16632.0,,,,,,,,
2008-08-18,4.04,4.04,4.04,4.04,18600,75144.0,,,,,,,,
2008-08-19,4.32,4.32,4.32,4.32,10500,45360.0,,,,,,,,
2008-08-20,4.62,4.62,4.62,4.62,17800,82236.0,,,,,,,,
2008-08-21,4.93,4.93,4.93,4.93,4800,23664.0,,,,,,,,
2008-08-22,5.27,5.27,5.27,5.27,1800,9486.0,,,,,,,,
2008-08-25,5.63,5.63,5.63,5.63,4400,24772.0,,,,,,,,
2008-08-26,6.02,6.02,6.02,6.02,8100,48762.0,,,,,,,,
2008-08-27,6.44,6.44,6.44,6.44,5700,36708.0,,,,,,,,
2008-08-28,6.81,6.89,5.99,6.31,174000,1097940.0,,,,,,,,
2008-08-29,7.3,7.3,6.35,6.35,17400,110490.0,,,,,,,,
2008-09-03,6.8,6.8,6.36,6.36,22700,144372.0,,,,,,,,
2008-09-04,7.21,7.24,6.76,6.76,21800,147368.0,,,,,,,,
2008-09-05,6.71,6.71,6.7,6.7,700,4690.0,,,,,,,,
2008-09-08,6.25,6.25,6.25,6.25,900,5625.0,,,,,,,,
2008-09-09,5.82,5.82,5.82,5.82,100,582.0,,,,,,,,
2008-09-10,5.42,5.42,5.42,5.42,700,3794.0,,,,,,,,
2008-09-11,5.05,5.05,5.05,5.05,200,1010.0,,,,,,,,
2008-09-12,4.7,4.7,4.7,4.7,100,470.0,,,,,,,,
2008-09-15,4.37,4.62,4.37,4.38,21000,91980.0,,,,,,,,
2008-09-16,4.17,4.19,4.11,4.17,17000,70890.0,,,,,,,,
2008-09-17,3.89,3.89,3.89,3.89,3300,12837.0,,,,,,,,
2008-09-18,3.61,3.61,3.61,3.61,400,1444.0,,,,,,,,
2008-09-19,3.37,3.86,3.37,3.86,1000,3860.0,,,,,,,,
2008-09-22,3.98,3.98,3.98,3.98,200,796.0,,,,,,,,
2008-09-23,4.25,4.25,3.98,4.25,16500,70125.0,,,,,,,,
2008-09-24,4.5,4.52,4.44,4.44,13200,58608.00000000001,,,,,,,,
2008-09-25,4.48,4.52,4.48,4.52,4700,21244.0,,,,,,,,
2008-09-26,4.39,4.56,4.39,4.49,3200,14368.0,,,,,,,,
2008-09-29,4.34,4.34,4.22,4.22,1200,5064.0,,,,,,,,
2008-09-30,4.02,4.61,4.02,4.61,18000,82980.0,,,,,,,,
2008-10-01,4.39,4.39,4.35,4.39,1600,7023.999999999999,,,,,,,,
2008-10-02,4.39,4.61,4.39,4.39,7100,31169.0,,,,,,,,
2008-10-03,4.62,4.62,4.62,4.62,100,462.0,,,,,,,,
2008-10-06,4.62,4.62,4.62,4.62,0,0.0,,,,,,,,
2008-10-07,4.3,4.3,4.3,4.3,1300,5590.0,,,,,,,,
2008-10-08,4.01,4.01,4.01,4.01,1500,6015.0,,,,,,,,
2008-10-09,3.74,3.77,3.74,3.74,19900,74426.0,,,,,,,,
2008-10-10,3.49,3.49,3.48,3.48,1700,5916.0,,,,,,,,
2008-10-13,3.24,3.24,3.24,3.24,9900,32076.000000000004,,,,,,,,
2008-10-14,3.47,3.47,3.47,3.47,33100,114857.0,,,,,,,,
2008-10-15,3.7,3.7,3.47,3.49,15900,55491.0,,,,,,,,
2008-10-16,3.31,3.38,3.3,3.38,7800,26364.0,,,,,,,,
2008-10-17,3.38,3.49,3.38,3.49,17100,59679.00000000001,,,,,,,,
2008-10-20,3.49,3.6,3.38,3.38,4800,16224.0,,,,,,,,
2008-10-21,3.41,3.65,3.37,3.56,45200,160912.0,,,,,,,,
2008-10-22,3.22,3.24,3.22,3.22,42800,137816.0,,,,,,,,
2008-10-23,3.0,3.0,3.0,3.0,26200,78600.0,,,,,,,,
2008-10-24,2.79,3.03,2.79,2.82,3700,10434.0,,,,,,,,
2008-10-27,2.66,2.7,2.65,2.66,9700,25802.0,,,,,,,,
2008-10-28,2.52,2.86,2.52,2.7,4200,11340.0,,,,,,,,
2008-10-29,2.84,2.84,2.82,2.84,5000,14200.0,,,,,,,,
2008-10-30,2.93,3.03,2.87,3.03,11200,33936.0,,,,,,,,
2008-10-31,3.05,3.15,3.04,3.15,9900,31185.0,,,,,,,,
2008-11-03,3.04,3.2,3.04,3.19,3700,11803.0,,,,,,,,
2008-11-04,3.22,3.33,3.22,3.33,10400,34632.0,,,,,,,,
2008-11-05,3.54,3.54,3.51,3.54,43700,154698.0,,,,,,,,
2008-11-06,3.3,3.3,3.3,3.3,7900,26070.0,,,,,,,,
2008-11-07,3.07,3.3,3.07,3.07,5200,15964.0,,,,,,,,
2008-11-10,3.09,3.09,2.98,3.04,5500,16720.0,,,,,,,,
2008-11-11,2.93,3.06,2.93,2.98,24700,73606.0,,,,,,,,
2008-11-12,2.98,3.04,2.98,3.04,3900,11856.0,,,,,,,,
2008-11-13,3.05,3.05,3.03,3.03,3000,9090.0,,,,,,,,
2008-11-14,3.15,3.15,3.04,3.04,3700,11248.0,,,,,,,,
2008-11-17,2.87,2.93,2.87,2.88,2800,8064.0,,,,,,,,
2008-11-18,2.89,2.96,2.89,2.89,9100,26299.0,,,,,,,,
2008-11-19,2.93,2.96,2.93,2.96,15000,44400.0,,,,,,,,
2008-11-20,2.88,2.95,2.82,2.95,22600,66670.0,,,,,,,,
2008-11-21,2.89,2.91,2.89,2.89,8500,24565.0,,,,,,,,
2008-11-24,2.93,2.93,2.89,2.93,8000,23440.0,,,,,,,,
2008-11-25,2.93,2.98,2.92,2.93,20500,60065.0,,,,,,,,
2008-11-26,2.95,2.95,2.92,2.92,15100,44092.0,,,,,,,,
2008-11-27,2.93,2.93,2.87,2.87,4700,13489.0,,,,,,,,
2008-11-28,2.98,3.09,2.98,3.09,171300,529317.0,,,,,,,,
2008-12-01,3.09,3.09,2.88,2.88,11300,32544.0,,,,,,,,
2008-12-02,3.04,3.04,2.93,2.93,300,879.0,,,,,,,,
2008-12-03,3.1,3.1,3.1,3.1,100,310.0,,,,,,,,
2008-12-04,2.97,2.97,2.88,2.88,12400,35712.0,,,,,,,,
2008-12-05,2.93,2.93,2.93,2.93,100,293.0,,,,,,,,
2008-12-08,2.93,2.93,2.74,2.74,31400,86036.0,,,,,,,,
2008-12-09,2.93,3.04,2.91,3.04,51600,156864.0,,,,,,,,
2008-12-10,3.02,3.02,2.96,2.96,89600,265216.0,,,,,,,,
2008-12-11,3.1,3.18,3.1,3.18,369700,1175646.0,,,,,,,,
2008-12-12,3.39,3.39,3.27,3.33,6400,21312.0,,,,,,,,
2008-12-15,3.34,3.57,3.15,3.36,31900,107184.0,,,,,,,,
2008-12-16,3.38,3.59,3.27,3.38,120300,406614.0,,,,,,,,
2008-12-17,3.38,3.6,3.38,3.6,86000,309600.0,,,,,,,,
2008-12-18,3.52,3.55,3.49,3.55,46700,165785.0,,,,,,,,
2008-12-19,3.47,3.52,3.47,3.51,33900,118989.0,,,,,,,,
2008-12-22,3.49,3.55,3.27,3.4,19100,64940.0,,,,,,,,
2008-12-23,3.27,3.47,3.24,3.27,32500,106275.0,,,,,,,,
2008-12-24,3.32,3.32,3.21,3.21,900,2889.0,,,,,,,,
2008-12-25,3.47,3.47,3.23,3.37,400,1348.0,,,,,,,,
2008-12-26,3.13,3.39,3.11,3.37,6100,20557.0,,,,,,,,
2008-12-29,3.37,3.37,3.37,3.37,0,0.0,,,,,,,,
2008-12-30,3.13,3.15,3.12,3.12,4600,14352.0,,,,,,,,
2008-12-31,3.04,3.27,3.04,3.15,900,2835.0,,,,,,,,
2009-01-02,3.36,3.36,3.18,3.18,300,954.0,,,,,,,,
2009-01-05,3.45,3.45,3.27,3.27,3000,9810.0,,,,,,,,
2009-01-06,3.15,3.4,3.15,3.21,400,1284.0,,,,,,,,
2009-01-07,3.21,3.23,3.16,3.16,4000,12640.0,,,,,,,,
2009-01-08,3.04,3.19,3.03,3.19,3500,11165.0,,,,,,,,
2009-01-09,3.1,3.23,3.05,3.23,2500,8075.0,,,,,,,,
2009-01-12,3.23,3.23,3.23,3.23,0,0.0,,,,,,,,
2009-01-13,3.04,3.13,3.04,3.13,500,1565.0,,,,,,,,
2009-01-14,3.04,3.04,2.93,2.98,3600,10728.0,,,,,,,,
2009-01-15,2.93,2.93,2.91,2.91,2200,6402.0,,,,,,,,
2009-01-16,2.87,2.88,2.82,2.82,3500,9870.0,,,,,,,,
2009-01-19,2.98,2.98,2.98,2.98,100,298.0,,,,,,,,
2009-01-20,2.98,3.15,2.82,3.15,3000,9450.0,,,,,,,,
2009-01-21,2.98,2.98,2.87,2.87,300,861.0,,,,,,,,
2009-01-22,2.91,2.98,2.91,2.95,2200,6490.0,,,,,,,,
2009-01-23,2.98,2.98,2.98,2.98,500,1490.0,,,,,,,,
2009-02-02,3.15,3.15,3.04,3.04,300,912.0,,,,,,,,
2009-02-03,3.07,3.07,2.93,2.93,200,586.0,,,,,,,,
2009-02-04,3.13,3.15,2.98,3.15,12600,39690.0,,,,,,,,
2009-02-05,3.2,3.2,3.1,3.19,24400,77836.0,,,,,,,,
2009-02-06,3.27,3.38,3.21,3.38,108700,367406.0,,,,,,,,
2009-02-09,3.49,3.49,3.49,3.49,100,349.0,,,,,,,,
2009-02-10,3.49,3.49,3.38,3.49,8500,29665.0,,,,,,,,
2009-02-11,3.24,3.49,3.24,3.47,35000,121450.0,,,,,,,,
2009-02-12,3.47,3.49,3.23,3.49,4700,16403.0,,,,,,,,
2009-02-13,3.33,3.47,3.32,3.45,3200,11040.0,,,,,,,,
2009-02-16,3.21,3.49,3.21,3.49,600,2094.0,,,,,,,,
2009-02-17,3.27,3.43,3.27,3.43,2900,9947.0,,,,,,,,
2009-02-18,3.4,3.4,3.23,3.36,7500,25200.0,,,,,,,,
2009-02-19,3.42,3.49,3.42,3.46,2400,8304.0,,,,,,,,
2009-02-20,3.49,3.49,3.27,3.27,1100,3597.0,,,,,,,,
2009-02-23,3.27,3.27,3.27,3.27,0,0.0,,,,,,,,
2009-02-24,3.13,3.13,3.13,3.13,100,313.0,,,,,,,,
2009-02-25,3.34,3.34,3.32,3.33,9000,29970.0,,,,,,,,
2009-02-26,3.57,3.57,3.43,3.43,7600,26068.0,,,,,,,,
2009-02-27,3.38,3.68,3.38,3.39,10500,35595.0,,,,,,,,
2009-03-02,3.66,3.72,3.6,3.6,6700,24120.0,,,,,,,,
2009-03-03,3.77,3.77,3.47,3.47,2200,7634.0,,,,,,,,
2009-03-04,3.77,3.77,3.54,3.54,2900,10266.0,,,,,,,,
2009-03-05,3.67,3.92,3.67,3.72,19400,72168.0,,,,,,,,
2009-03-06,3.83,3.83,3.77,3.83,3600,13788.0,,,,,,,,
2009-03-09,3.65,4.0,3.6,4.0,5800,23200.0,,,,,,,,
2009-03-10,4.05,4.05,3.77,4.05,10700,43335.0,,,,,,,,
2009-03-11,4.08,4.23,3.98,3.98,9000,35820.0,,,,,,,,
2009-03-12,4.11,4.22,3.83,3.83,5500,21065.0,,,,,,,,
2009-03-13,4.11,4.22,4.08,4.08,4500,18360.0,,,,,,,,
2009-03-16,4.28,4.34,4.05,4.05,6000,24300.0,,,,,,,,
2009-03-17,4.05,4.43,4.05,4.37,23300,101821.0,,,,,,,,
2009-03-18,4.5,4.52,4.32,4.45,17200,76540.0,,,,,,,,
2009-03-19,4.5,4.77,4.39,4.45,75000,333750.0,,,,,,,,
2009-03-20,4.45,4.53,4.28,4.28,8000,34240.0,,,,,,,,
2009-03-23,4.44,4.56,4.13,4.56,186700,851351.9999999999,,,,,,,,
2009-03-24,4.56,4.56,4.48,4.5,5600,25200.0,,,,,,,,
2009-03-25,4.22,4.29,4.2,4.2,5000,21000.0,,,,,,,,
2009-03-26,4.01,4.02,4.0,4.0,7600,30400.0,,,,,,,,
2009-03-27,3.78,3.91,3.73,3.73,15100,56323.0,,,,,,,,
2009-03-30,3.51,3.61,3.51,3.58,2000,7160.0,,,,,,,,
2009-03-31,3.49,3.55,3.49,3.52,1400,4928.0,,,,,,,,
2009-04-01,3.66,3.76,3.66,3.76,9700,36472.0,,,,,,,,
2009-04-02,3.83,3.83,3.72,3.72,14000,52080.0,,,,,,,,
2009-04-03,3.96,4.0,3.72,3.83,17100,65493.0,,,,,,,,
2009-04-07,3.87,3.94,3.77,3.94,13100,51614.0,,,,,,,,
2009-04-08,3.72,3.77,3.6,3.6,4300,15480.0,,,,,,,,
2009-04-09,3.5,3.55,3.42,3.42,42500,145350.0,,,,,,,,
2009-04-10,3.49,3.67,3.43,3.6,84000,302400.0,,,,,,,,
2009-04-13,3.87,3.87,3.72,3.87,88500,342495.0,,,,,,,,
2009-04-14,4.14,4.14,3.94,4.09,11900,48671.0,,,,,,,,
2009-04-15,4.17,4.17,3.83,3.83,12600,48258.0,,,,,,,,
2009-04-16,3.89,3.89,3.65,3.69,15800,58302.0,,,,,,,,
2009-04-17,3.89,3.89,3.43,3.45,40300,139035.0,,,,,,,,
2009-04-20,3.27,3.27,3.21,3.21,13900,44619.0,,,,,,,,
2009-04-21,3.0,3.1,3.0,3.1,27600,85560.0,,,,,,,,
2009-04-22,3.15,3.21,3.15,3.21,1600,5136.0,,,,,,,,
2009-04-23,3.38,3.38,3.2,3.24,5300,17172.0,,,,,,,,
2009-04-24,3.24,3.37,3.05,3.36,5600,18816.0,,,,,,,,
2009-04-27,3.37,3.38,3.3,3.38,3200,10816.0,,,,,,,,
2009-04-28,3.45,3.45,3.36,3.37,2600,8762.0,,,,,,,,
2009-04-29,3.34,3.34,3.22,3.32,9500,31540.0,,,,,,,,
2009-05-04,3.49,3.54,3.49,3.54,52500,185850.0,,,,,,,,
2009-05-05,3.77,3.77,3.54,3.6,32300,116280.0,,,,,,,,
2009-05-06,3.49,3.51,3.48,3.51,10300,36153.0,,,,,,,,
2009-05-07,3.49,3.66,3.49,3.65,14800,54020.0,,,,,,,,
2009-05-08,3.49,3.6,3.49,3.56,3200,11392.0,,,,,,,,
2009-05-11,3.73,3.74,3.52,3.54,17700,62658.0,,,,,,,,
2009-05-12,3.49,3.55,3.49,3.54,9000,31860.0,,,,,,,,
2009-05-13,3.54,3.54,3.49,3.54,6100,21594.0,,,,,,,,
2009-05-14,3.43,3.51,3.43,3.51,17700,62126.99999999999,,,,,,,,
2009-05-15,3.59,3.66,3.51,3.66,20700,75762.0,,,,,,,,
2009-05-18,3.66,3.72,3.6,3.66,13400,49044.0,,,,,,,,
2009-05-19,3.42,3.87,3.42,3.72,25200,93744.0,,,,,,,,
2009-05-20,3.83,3.89,3.66,3.72,11000,40920.0,,,,,,,,
2009-05-21,3.67,3.73,3.67,3.69,36000,132840.0,,,,,,,,
2009-05-22,3.7,3.7,3.45,3.46,10100,34946.0,,,,,,,,
2009-05-25,3.49,3.7,3.48,3.68,32500,119600.0,,,,,,,,
2009-05-26,3.63,3.87,3.63,3.87,57600,222912.0,,,,,,,,
2009-05-27,4.0,4.02,3.81,3.99,67700,270123.0,,,,,,,,
2009-05-28,3.98,3.98,3.7,3.7,26800,99160.0,,,,,,,,
2009-05-29,3.55,3.61,3.55,3.6,13500,48600.0,,,,,,,,
2009-06-01,3.59,3.69,3.55,3.6,24200,87120.0,,,,,,,,
2009-06-02,3.81,3.82,3.63,3.73,35700,133161.0,,,,,,,,
2009-06-03,3.83,3.83,3.72,3.73,19200,71616.0,,,,,,,,
2009-06-04,3.72,3.83,3.72,3.8,27100,102980.0,,,,,,,,
2009-06-05,3.89,4.05,3.87,4.05,225100,911655.0,,,,,,,,
2009-06-08,4.34,4.34,4.34,4.34,15800,68572.0,,,,,,,,
2009-06-09,4.63,4.63,4.11,4.39,86100,377979.0,,,,,,,,
2009-06-10,4.39,4.44,4.21,4.21,39900,167979.0,,,,,,,,
2009-06-11,4.18,4.45,4.05,4.39,39300,172527.0,,,,,,,,
2009-06-12,4.45,4.56,4.02,4.02,89800,360996.0,,,,,,,,
2009-06-15,4.22,4.22,3.95,4.17,79700,332349.0,,,,,,,,
2009-06-16,4.05,4.17,3.95,4.17,74000,308580.0,,,,,,,,
2009-06-17,4.14,4.36,4.05,4.36,800100,3488436.0000000005,,,,,,,,
2009-06-18,4.66,4.66,4.63,4.66,967900,4510414.0,,,,,,,,
2009-06-19,4.98,4.98,4.96,4.98,794700,3957606.000000001,,,,,,,,
2009-06-22,4.89,4.89,4.64,4.64,13300,61711.99999999999,,,,,,,,
2009-06-23,4.43,4.43,4.43,4.43,4700,20821.0,,,,,,,,
2009-06-24,4.12,4.12,4.12,4.12,83700,344844.0,,,,,,,,
2009-06-25,3.84,4.28,3.84,3.84,368000,1413120.0,,,,,,,,
2009-06-26,3.61,3.83,3.61,3.61,159100,574351.0,,,,,,,,
2009-06-29,3.63,3.63,3.38,3.43,374500,1284535.0,,,,,,,,
2009-06-30,3.55,3.64,3.27,3.36,171400,575904.0,,,,,,,,
2009-07-01,3.63,3.63,3.15,3.19,185100,590469.0,,,,,,,,
2009-07-02,3.27,3.32,3.16,3.29,85500,281295.0,,,,,,,,
2009-07-03,3.22,3.48,3.15,3.36,99000,332640.0,,,,,,,,
2009-07-06,3.38,3.52,3.32,3.52,55900,196768.0,,,,,,,,
2009-07-07,3.55,3.57,3.32,3.43,94600,324478.0,,,,,,,,
2009-07-08,3.38,3.43,3.36,3.38,111800,377884.0,,,,,,,,
2009-07-09,3.4,3.46,3.28,3.38,93800,317044.0,,,,,,,,
2009-07-10,3.36,3.36,3.19,3.22,96100,309442.0,,,,,,,,
2009-07-13,3.23,3.23,3.15,3.16,93000,293880.0,,,,,,,,
2009-07-14,3.21,3.21,3.1,3.12,59200,184704.0,,,,,,,,
2009-07-15,3.15,3.21,3.12,3.16,53000,167480.0,,,,,,,,
2009-07-16,3.27,3.27,3.19,3.19,23600,75284.0,,,,,,,,
2009-07-17,3.27,3.27,3.15,3.15,42400,133560.0,,,,,,,,
2009-07-20,3.15,3.19,3.02,3.1,35500,110050.0,,,,,,,,
2009-07-21,3.12,3.2,3.07,3.19,74800,238612.0,,,,,,,,
2009-07-22,3.18,3.2,3.11,3.14,31500,98910.0,,,,,,,,
2009-07-23,3.15,3.32,3.1,3.27,60500,197835.0,,,,,,,,
2009-07-24,3.32,3.4,3.32,3.4,37300,126820.0,,,,,,,,
2009-07-27,3.64,3.64,3.38,3.49,154700,539903.0,,,,,,,,
2009-07-28,3.77,3.77,3.38,3.38,105900,357942.0,,,,,,,,
2009-07-29,3.41,3.49,3.29,3.38,77600,262288.0,,,,,,,,
2009-07-30,3.21,3.27,3.21,3.23,14500,46835.0,,,,,,,,
2009-07-31,3.25,3.32,3.15,3.32,155700,516924.0,,,,,,,,
2009-08-03,3.28,3.31,3.21,3.28,70000,229600.0,,,,,,,,
2009-08-04,3.27,3.37,3.27,3.28,52200,171216.0,,,,,,,,
2009-08-05,3.32,3.39,3.3,3.38,66700,225446.0,,,,,,,,
2009-08-06,3.38,3.46,3.38,3.4,78100,265540.0,,,,,,,,
2009-08-07,3.38,3.38,3.33,3.38,35600,120328.0,,,,,,,,
2009-08-10,3.38,3.57,3.38,3.49,139400,486506.00000000006,,,,,,,,
2009-08-11,3.59,3.59,3.42,3.49,54300,189507.0,,,,,,,,
2009-08-12,3.59,3.59,3.38,3.49,68000,237320.0,,,,,,,,
2009-08-13,3.55,3.56,3.45,3.48,98900,344172.0,,,,,,,,
2009-08-14,3.55,3.6,3.49,3.48,215000,748200.0,,,,,,,,
2009-08-17,3.57,3.57,3.49,3.49,74200,258958.00000000003,,,,,,,,
2009-08-18,3.47,3.49,3.43,3.46,50600,175076.0,,,,,,,,
2009-08-19,3.49,3.6,3.49,3.57,139900,499443.0,,,,,,,,
2009-08-20,3.6,3.6,3.5,3.56,70300,250268.0,,,,,,,,
2009-08-21,3.6,3.6,3.43,3.49,66100,230689.0,,,,,,,,
2009-08-24,3.49,3.6,3.49,3.55,57200,203060.0,,,,,,,,
2009-08-25,3.55,3.55,3.5,3.5,86300,302050.0,,,,,,,,
2009-08-26,3.54,3.58,3.49,3.58,152900,547382.0,,,,,,,,
2009-08-27,3.55,3.58,3.51,3.57,162400,579768.0,,,,,,,,
2009-08-28,3.61,3.8,3.61,3.75,192100,720375.0,,,,,,,,
2009-08-31,3.94,3.94,3.74,3.86,76100,293746.0,,,,,,,,
2009-09-01,3.83,3.83,3.66,3.69,66900,246861.0,,,,,,,,
2009-09-03,3.77,3.77,3.65,3.66,36200,132492.0,,,,,,,,
2009-09-04,3.66,3.66,3.5,3.52,118800,418176.0,,,,,,,,
2009-09-07,3.43,3.55,3.43,3.48,84100,292668.0,,,,,,,,
2009-09-08,3.6,3.6,3.54,3.55,30600,108630.0,,,,,,,,
2009-09-09,3.51,3.56,3.5,3.55,48100,170755.0,,,,,,,,
2009-09-10,3.49,3.56,3.49,3.51,24100,84591.0,,,,,,,,
2009-09-11,3.55,3.58,3.54,3.57,44700,159579.0,,,,,,,,
2009-09-14,3.6,3.61,3.55,3.57,21800,77826.0,,,,,,,,
2009-09-15,3.6,3.6,3.51,3.56,22800,81168.0,,,,,,,,
2009-09-16,3.59,3.59,3.49,3.54,101600,359664.0,,,,,,,,
2009-09-17,3.56,3.58,3.51,3.51,66300,232713.0,,,,,,,,
2009-09-18,3.56,3.56,3.49,3.55,26900,95495.0,,,,,,,,
2009-09-21,3.59,3.59,3.52,3.54,57000,201780.0,,,,,,,,
2009-09-22,3.59,3.59,3.52,3.55,45900,162945.0,,,,,,,,
2009-09-23,3.54,3.6,3.52,3.54,59200,209568.0,,,,,,,,
2009-09-24,3.55,3.55,3.51,3.51,43400,152334.0,,,,,,,,
2009-09-25,3.54,3.55,3.52,3.54,25200,89208.0,,,,,,,,
2009-09-28,3.55,3.59,3.49,3.55,57000,202350.0,,,,,,,,
2009-09-29,3.55,3.55,3.5,3.52,94600,332992.0,,,,,,,,
2009-09-30,3.52,3.58,3.51,3.52,37100,130592.0,,,,,,,,
2009-10-01,3.52,3.56,3.32,3.52,74600,262592.0,,,,,,,,
2009-10-02,3.49,3.58,3.34,3.34,35200,117568.0,,,,,,,,
2009-10-05,3.3,3.49,3.3,3.38,10700,36166.0,,,,,,,,
2009-10-06,3.39,3.43,3.32,3.4,9400,31960.0,,,,,,,,
2009-10-07,3.38,3.47,3.38,3.45,18800,64860.0,,,,,,,,
2009-10-08,3.47,3.47,3.39,3.41,16000,54560.0,,,,,,,,
2009-10-09,3.49,3.49,3.38,3.43,20100,68943.0,,,,,,,,
2009-10-12,3.4,3.46,3.4,3.46,26100,90306.0,,,,,,,,
2009-10-13,3.48,3.48,3.4,3.4,14600,49640.0,,,,,,,,
2009-10-14,3.47,3.66,3.43,3.61,41400,149454.0,,,,,,,,
2009-10-15,3.74,3.75,3.56,3.66,125400,458964.0,,,,,,,,
2009-10-16,3.47,3.81,3.47,3.6,53400,192240.0,,,,,,,,
2009-10-19,3.6,3.65,3.49,3.51,17500,61424.99999999999,,,,,,,,
2009-10-20,3.59,3.6,3.51,3.57,35900,128163.0,,,,,,,,
2009-10-21,3.49,3.8,3.49,3.8,320200,1216760.0,,,,,,,,
2009-10-22,3.94,3.99,3.83,3.99,386700,1542933.0,,,,,,,,
2009-10-23,4.05,4.23,3.72,3.83,126600,484878.0,,,,,,,,
2009-10-26,3.94,3.98,3.7,3.72,77100,286812.0,,,,,,,,
2009-10-27,3.58,3.6,3.58,3.58,36400,130312.0,,,,,,,,
2009-10-28,3.61,3.64,3.55,3.59,41000,147190.0,,,,,,,,
2009-10-29,3.38,3.5,3.33,3.34,95200,317968.0,,,,,,,,
2009-10-30,3.55,3.57,3.27,3.38,109700,370786.0,,,,,,,,
2009-11-02,3.27,3.38,3.14,3.15,73500,231525.0,,,,,,,,
2009-11-03,3.27,3.27,3.04,3.13,63400,198442.0,,,,,,,,
2009-11-04,3.31,3.31,3.1,3.27,89800,293646.0,,,,,,,,
2009-11-05,3.28,3.41,3.27,3.41,21300,72633.0,,,,,,,,
2009-11-06,3.63,3.63,3.22,3.27,26200,85674.0,,,,,,,,
2009-11-09,3.27,3.38,3.25,3.38,75800,256204.0,,,,,,,,
2009-11-10,3.05,3.15,3.05,3.13,14500,45385.0,,,,,,,,
2009-11-11,3.23,3.25,3.15,3.25,11100,36075.0,,,,,,,,
2009-11-12,3.45,3.45,3.16,3.28,1100,3608.0,,,,,,,,
2009-11-13,3.28,3.32,3.1,3.1,23800,73780.0,,,,,,,,
2009-11-16,3.27,3.27,3.21,3.24,12500,40500.0,,,,,,,,
2009-11-17,3.23,3.27,3.15,3.21,7700,24717.0,,,,,,,,
2009-11-18,3.15,3.23,3.15,3.21,3600,11556.0,,,,,,,,
2009-11-19,3.19,3.27,3.19,3.27,15300,50031.0,,,,,,,,
2009-11-20,3.38,3.38,3.2,3.21,2500,8025.0,,,,,,,,
2009-11-23,3.15,3.19,3.15,3.19,2600,8294.0,,,,,,,,
2009-11-24,3.27,3.27,3.27,3.27,200,654.0,,,,,,,,
2009-11-25,3.04,3.23,3.04,3.04,24100,73264.0,,,,,,,,
2009-11-26,2.93,2.93,2.85,2.85,35300,100605.0,,,,,,,,
2009-11-27,2.67,2.87,2.67,2.83,36400,103012.0,,,,,,,,
2009-11-30,2.93,2.93,2.82,2.93,12000,35160.0,,,,,,,,
2009-12-01,3.1,3.11,3.05,3.05,14500,44225.0,,,,,,,,
2009-12-02,3.15,3.15,2.89,2.89,16600,47974.0,,,,,,,,
2009-12-03,2.87,2.88,2.87,2.88,3100,8928.0,,,,,,,,
2009-12-04,2.87,2.93,2.87,2.93,2400,7032.0,,,,,,,,
2009-12-07,3.11,3.11,2.74,2.87,10800,30996.0,,,,,,,,
2009-12-08,2.93,2.93,2.86,2.87,6100,17507.0,,,,,,,,
2009-12-09,2.87,2.87,2.71,2.71,8000,21680.0,,,,,,,,
2009-12-10,2.8,2.8,2.71,2.76,6000,16560.0,,,,,,,,
2009-12-11,2.79,2.79,2.57,2.57,13800,35466.0,,,,,,,,
2009-12-14,2.59,2.84,2.59,2.76,4800,13247.999999999998,,,,,,,,
2009-12-15,2.68,2.82,2.68,2.76,37000,102120.0,,,,,,,,
2009-12-16,2.76,2.76,2.59,2.61,12900,33669.0,,,,,,,,
2009-12-17,2.59,2.59,2.52,2.53,7800,19734.0,,,,,,,,
2009-12-18,2.59,2.71,2.59,2.7,6400,17280.0,,,,,,,,
2009-12-21,2.87,2.87,2.8,2.87,28500,81795.0,,,,,,,,
2009-12-22,2.89,2.93,2.75,2.77,5400,14958.0,,,,,,,,
2009-12-23,2.82,2.82,2.76,2.82,13600,38352.0,,,,,,,,
2009-12-24,2.82,2.84,2.76,2.84,31900,90596.0,,,,,,,,
2009-12-25,2.87,2.87,2.82,2.87,23900,68593.0,,,,,,,,
2009-12-28,2.98,2.98,2.82,2.82,12800,36096.0,,,,,,,,
2009-12-29,2.82,2.86,2.82,2.84,12000,34080.0,,,,,,,,
2009-12-30,2.86,2.86,2.76,2.76,19600,54095.99999999999,,,,,,,,
2009-12-31,2.85,2.85,2.76,2.82,13200,37224.0,,,,,,,,
2010-01-04,2.82,3.0,2.82,3.0,18800,56400.0,,,,,,,,
2010-01-05,3.13,3.14,3.05,3.05,63100,192455.0,,,,,,,,
2010-01-06,3.06,3.06,2.98,3.01,47400,142674.0,,,,,,,,
2010-01-07,3.03,3.03,2.93,2.93,7000,20510.0,,,,,,,,
2010-01-08,3.0,3.16,2.93,2.93,252000,738360.0,,,,,,,,
2010-01-11,2.98,2.98,2.87,2.93,30200,88486.0,,,,,,,,
2010-01-12,2.94,2.94,2.82,2.82,1700,4794.0,,,,,,,,
2010-01-13,2.88,2.93,2.82,2.93,9800,28714.0,,,,,,,,
2010-01-14,2.91,2.93,2.88,2.88,6300,18144.0,,,,,,,,
2010-01-15,3.09,3.09,2.82,2.82,23900,67398.0,,,,,,,,
2010-01-18,2.82,2.82,2.77,2.77,2800,7756.0,,,,,,,,
2010-01-19,2.98,2.98,2.91,2.91,200,582.0,,,,,,,,
2010-01-20,3.07,3.07,2.8,2.84,1600,4544.0,,,,,,,,
2010-01-21,2.76,2.82,2.7,2.7,7300,19710.0,,,,,,,,
2010-01-22,2.82,2.82,2.8,2.82,14700,41454.0,,,,,,,,
2010-01-25,2.82,2.82,2.71,2.71,2000,5420.0,,,,,,,,
2010-01-26,2.86,2.86,2.71,2.86,26600,76076.0,,,,,,,,
2010-01-27,2.93,2.93,2.76,2.76,400,1104.0,,,,,,,,
2010-01-28,2.91,2.91,2.7,2.7,6700,18090.0,,,,,,,,
2010-01-29,2.68,2.7,2.55,2.7,16600,44820.0,,,,,,,,
2010-02-01,2.59,2.77,2.59,2.77,6600,18282.0,,,,,,,,
2010-02-02,2.68,2.7,2.66,2.66,7200,19152.0,,,,,,,,
2010-02-03,2.7,2.73,2.7,2.7,4500,12150.0,,,,,,,,
2010-02-04,2.89,2.89,2.73,2.76,14800,40848.0,,,,,,,,
2010-02-05,2.76,2.76,2.7,2.7,4300,11610.0,,,,,,,,
2010-02-08,2.85,2.85,2.67,2.67,5500,14685.0,,,,,,,,
2010-02-09,2.71,2.71,2.7,2.7,8300,22410.0,,,,,,,,
2010-02-10,2.86,2.86,2.86,2.86,100,286.0,,,,,,,,
2010-02-11,2.82,2.84,2.82,2.84,7400,21016.0,,,,,,,,
2010-02-12,2.93,2.93,2.82,2.84,7200,20448.0,,,,,,,,
2010-02-22,2.84,2.84,2.84,2.84,600,1704.0,,,,,,,,
2010-02-23,2.84,2.84,2.66,2.7,12600,34020.0,,,,,,,,
2010-02-24,2.75,2.75,2.65,2.65,6600,17490.0,,,,,,,,
2010-02-25,2.7,2.7,2.7,2.7,1600,4320.0,,,,,,,,
2010-02-26,2.7,2.73,2.67,2.73,5000,13650.0,,,,,,,,
2010-03-01,2.74,2.74,2.7,2.73,29600,80808.0,,,,,,,,
2010-03-02,2.73,2.73,2.7,2.7,8500,22950.0,,,,,,,,
2010-03-03,2.73,2.89,2.71,2.89,54700,158083.0,,,,,,,,
2010-03-04,2.93,2.93,2.78,2.78,9600,26688.0,,,,,,,,
2010-03-05,2.82,2.82,2.8,2.82,2300,6486.0,,,,,,,,
2010-03-08,2.83,2.83,2.78,2.8,5700,15959.999999999998,,,,,,,,
2010-03-09,3.0,3.0,2.8,2.84,200600,569704.0,,,,,,,,
2010-03-10,3.02,3.02,2.79,2.79,62100,173259.0,,,,,,,,
2010-03-11,2.87,2.87,2.78,2.82,12200,34404.0,,,,,,,,
2010-03-12,2.8,2.82,2.79,2.82,9900,27918.0,,,,,,,,
2010-03-15,2.84,2.84,2.79,2.79,20000,55800.0,,,,,,,,
2010-03-16,2.76,2.82,2.68,2.68,11300,30284.0,,,,,,,,
2010-03-17,2.74,2.76,2.69,2.76,29700,81972.0,,,,,,,,
2010-03-18,2.76,2.76,2.7,2.75,8800,24200.0,,,,,,,,
2010-03-19,2.77,2.92,2.76,2.84,91600,260144.0,,,,,,,,
2010-03-22,2.82,2.87,2.79,2.82,33100,93342.0,,,,,,,,
2010-03-23,2.84,2.84,2.8,2.82,5300,14946.0,,,,,,,,
2010-03-24,2.91,2.92,2.84,2.85,10100,28785.0,,,,,,,,
2010-03-25,2.89,2.89,2.73,2.75,8400,23100.0,,,,,,,,
2010-03-26,2.79,2.79,2.71,2.71,39400,106774.0,,,,,,,,
2010-03-29,2.78,2.78,2.58,2.68,8700,23316.0,,,,,,,,
2010-03-30,2.65,2.71,2.65,2.71,11000,29810.0,,,,,,,,
2010-03-31,2.71,2.71,2.66,2.68,1700,4556.0,,,,,,,,
2010-04-01,2.68,2.73,2.68,2.7,10600,28620.000000000004,,,,,,,,
2010-04-02,2.73,2.73,2.71,2.72,11500,31280.000000000004,,,,,,,,
2010-04-05,2.79,2.84,2.79,2.84,38000,107920.0,,,,,,,,
2010-04-06,2.82,2.83,2.79,2.79,22600,63054.0,,,,,,,,
2010-04-07,2.79,2.8,2.77,2.79,42800,119412.0,,,,,,,,
2010-04-08,2.8,2.83,2.79,2.82,21300,60066.0,,,,,,,,
2010-04-09,2.85,2.85,2.79,2.82,34800,98136.0,,,,,,,,
2010-04-12,2.82,2.82,2.79,2.8,36500,102200.0,,,,,,,,
2010-04-13,2.8,2.84,2.8,2.82,57000,160740.0,,,,,,,,
2010-04-14,2.84,2.97,2.84,2.9,152200,441380.0,,,,,,,,
2010-04-15,2.89,2.89,2.84,2.87,177100,508277.0,,,,,,,,
2010-04-16,2.93,2.99,2.85,2.98,338200,1007836.0,,,,,,,,
2010-04-19,3.02,3.09,2.95,3.09,176800,546312.0,,,,,,,,
2010-04-20,3.14,3.26,3.14,3.23,150200,485146.0,,,,,,,,
2010-04-21,3.22,3.23,3.14,3.18,118100,375558.0,,,,,,,,
2010-04-22,3.14,3.15,3.07,3.12,178400,556608.0,,,,,,,,
2010-04-26,3.12,3.12,2.97,3.05,545300,1663165.0,,,,,,,,
2010-04-27,3.01,3.04,2.87,2.93,69400,203342.0,,,,,,,,
2010-04-28,2.99,2.99,2.91,2.93,58200,170526.0,,,,,,,,
2010-04-29,2.93,3.01,2.91,3.01,59500,179095.0,,,,,,,,
2010-05-04,3.13,3.16,3.02,3.02,28300,85466.0,,,,,,,,
2010-05-05,3.02,3.02,2.97,2.99,27700,82823.0,,,,,,,,
2010-05-06,2.99,3.02,2.97,3.02,48300,145866.0,,,,,,,,
2010-05-07,3.02,3.02,2.93,2.95,47900,141305.0,,,,,,,,
2010-05-10,2.95,2.97,2.9,2.92,52000,151840.0,,,,,,,,
2010-05-11,3.0,3.0,2.93,2.93,9200,26956.0,,,,,,,,
2010-05-12,2.97,2.97,2.77,2.84,37600,106784.0,,,,,,,,
2010-05-13,2.84,2.85,2.83,2.85,6900,19665.0,,,,,,,,
2010-05-14,2.85,2.87,2.83,2.87,20000,57400.0,,,,,,,,
2010-05-17,2.85,2.89,2.84,2.85,35900,102315.0,,,,,,,,
2010-05-18,2.85,2.86,2.82,2.82,81700,230394.0,,,,,,,,
2010-05-19,2.82,2.82,2.71,2.75,112900,310475.0,,,,,,,,
2010-05-20,2.69,2.84,2.66,2.8,54600,152880.0,,,,,,,,
2010-05-21,2.8,2.8,2.68,2.73,125600,342888.0,,,,,,,,
2010-05-24,2.79,2.85,2.76,2.79,59500,166005.0,,,,,,,,
2010-05-25,2.84,2.87,2.8,2.85,30100,85785.0,,,,,,,,
2010-05-26,2.85,2.86,2.79,2.85,16300,46455.0,,,,,,,,
2010-05-27,2.76,2.8,2.73,2.8,11800,33040.0,,,,,,,,
2010-05-28,2.85,2.89,2.78,2.86,33700,96382.0,,,,,,,,
2010-05-31,2.86,2.86,2.86,2.86,0,0.0,,,,,,,,
2010-06-01,2.73,2.76,2.73,2.76,2000,5520.0,,,,,,,,
2010-06-02,2.85,2.85,2.76,2.77,11300,31301.0,,,,,,,,
2010-06-03,2.84,2.84,2.79,2.79,600,1674.0,,,,,,,,
2010-06-04,2.89,2.91,2.76,2.82,11400,32148.0,,,,,,,,
2010-06-07,2.83,2.83,2.69,2.71,12500,33875.0,,,,,,,,
2010-06-08,2.73,2.75,2.69,2.75,3100,8525.0,,,,,,,,
2010-06-09,2.79,2.84,2.7,2.7,2900,7830.000000000001,,,,,,,,
2010-06-10,2.71,2.71,2.69,2.7,10100,27270.0,,,,,,,,
2010-06-11,2.73,2.76,2.73,2.75,4500,12375.0,,,,,,,,
2010-06-14,2.79,2.79,2.72,2.78,9300,25854.0,,,,,,,,
2010-06-15,2.75,2.75,2.73,2.75,5500,15125.0,,,,,,,,
2010-06-16,2.78,2.78,2.73,2.76,6600,18216.0,,,,,,,,
2010-06-17,2.75,2.75,2.72,2.72,2100,5712.0,,,,,,,,
2010-06-18,2.73,2.76,2.73,2.76,20100,55475.99999999999,,,,,,,,
2010-06-21,2.78,2.82,2.76,2.79,15600,43524.0,,,,,,,,
2010-06-22,2.83,2.83,2.77,2.79,19500,54405.0,,,,,,,,
2010-06-23,2.79,2.79,2.79,2.79,14800,41292.0,,,,,,,,
2010-06-24,2.79,2.83,2.78,2.83,30900,87447.0,,,,,,,,
2010-06-25,2.79,2.8,2.79,2.79,19400,54126.0,,,,,,,,
2010-06-28,2.79,2.82,2.79,2.8,10400,29120.0,,,,,,,,
2010-06-29,2.79,2.82,2.79,2.82,10000,28200.0,,,,,,,,
2010-06-30,2.79,2.79,2.79,2.79,17100,47709.0,,,,,,,,
2010-07-01,2.8,2.86,2.8,2.85,7100,20235.0,,,,,,,,
2010-07-02,2.85,2.85,2.79,2.85,21600,61560.0,,,,,,,,
2010-07-05,2.82,2.84,2.8,2.83,12000,33960.0,,,,,,,,
2010-07-06,2.84,2.84,2.78,2.78,12100,33638.0,,,,,,,,
2010-07-07,2.79,2.79,2.76,2.79,13300,37107.0,,,,,,,,
2010-07-08,2.79,2.79,2.79,2.79,7200,20088.0,,,,,,,,
2010-07-09,2.79,2.79,2.79,2.79,13500,37665.0,,,,,,,,
2010-07-12,2.83,2.86,2.83,2.84,19700,55948.0,,,,,,,,
2010-07-13,2.79,2.85,2.79,2.84,7500,21300.0,,,,,,,,
2010-07-14,2.85,2.85,2.84,2.84,3400,9656.0,,,,,,,,
2010-07-15,2.84,2.84,2.83,2.83,7900,22357.0,,,,,,,,
2010-07-16,2.83,2.85,2.82,2.85,32700,93195.0,,,,,,,,
2010-07-19,2.83,2.85,2.83,2.84,28300,80372.0,,,,,,,,
2010-07-20,2.84,2.85,2.83,2.83,13500,38205.0,,,,,,,,
2010-07-21,2.85,2.85,2.83,2.84,16700,47428.0,,,,,,,,
2010-07-22,2.84,2.85,2.83,2.84,19400,55096.0,,,,,,,,
2010-07-23,2.85,2.85,2.83,2.85,21500,61275.0,,,,,,,,
2010-07-26,2.84,2.85,2.83,2.84,4700,13348.0,,,,,,,,
2010-07-27,2.85,2.85,2.83,2.84,8800,24992.0,,,,,,,,
2010-07-28,2.84,2.84,2.83,2.83,32500,91975.0,,,,,,,,
2010-07-29,2.83,2.83,2.83,2.83,39100,110653.0,,,,,,,,
2010-07-30,2.83,2.83,2.82,2.82,20200,56964.0,,,,,,,,
2010-08-02,2.83,2.83,2.8,2.83,24000,67920.0,,,,,,,,
2010-08-03,2.83,2.83,2.83,2.83,8300,23489.0,,,,,,,,
2010-08-04,2.85,2.85,2.8,2.8,14700,41160.0,,,,,,,,
2010-08-05,2.76,2.79,2.76,2.79,12000,33480.0,,,,,,,,
2010-08-06,2.82,2.85,2.82,2.82,21200,59784.0,,,,,,,,
2010-08-09,2.84,2.84,2.82,2.82,31200,87984.0,,,,,,,,
2010-08-10,2.83,2.83,2.78,2.79,33600,93744.0,,,,,,,,
2010-08-11,2.79,2.79,2.73,2.79,13700,38223.0,,,,,,,,
2010-08-12,2.79,2.79,2.79,2.79,0,0.0,,,,,,,,
2010-08-13,2.73,2.75,2.73,2.75,2300,6325.0,,,,,,,,
2010-08-16,2.75,2.78,2.72,2.78,3200,8896.0,,,,,,,,
2010-08-17,2.68,2.79,2.68,2.79,200,558.0,,,,,,,,
2010-08-18,2.79,2.79,2.73,2.73,1100,3003.0,,,,,,,,
2010-08-19,2.73,2.73,2.73,2.73,1000,2730.0,,,,,,,,
2010-08-20,2.73,2.73,2.73,2.73,0,0.0,,,,,,,,
2010-08-23,2.73,2.73,2.73,2.73,15000,40950.0,,,,,,,,
2010-08-24,2.92,2.92,2.73,2.73,3200,8736.0,,,,,,,,
2010-08-25,2.75,2.75,2.61,2.61,19600,51156.0,,,,,,,,
2010-08-26,2.61,2.61,2.61,2.61,0,0.0,,,,,,,,
2010-08-27,2.68,2.73,2.56,2.73,8100,22113.0,,,,,,,,
2010-08-30,2.73,2.79,2.72,2.79,9500,26505.0,,,,,,,,
2010-08-31,2.73,2.75,2.71,2.73,13800,37674.0,,,,,,,,
2010-09-01,2.73,2.79,2.71,2.71,7200,19512.0,,,,,,,,
2010-09-06,2.73,2.87,2.73,2.87,6100,17507.0,,,,,,,,
2010-09-07,2.91,3.02,2.79,2.84,15400,43736.0,,,,,,,,
2010-09-08,2.91,2.91,2.88,2.91,3800,11058.0,,,,,,,,
2010-09-09,2.91,2.93,2.91,2.91,8700,25317.0,,,,,,,,
2010-09-10,3.11,3.11,2.93,2.94,32000,94080.0,,,,,,,,
2010-09-13,2.91,2.91,2.9,2.9,4800,13920.0,,,,,,,,
2010-09-14,2.91,2.91,2.9,2.91,14500,42195.0,,,,,,,,
2010-09-15,2.91,2.92,2.91,2.91,15400,44814.0,,,,,,,,
2010-09-16,2.88,2.88,2.88,2.88,3500,10080.0,,,,,,,,
2010-09-17,2.91,2.91,2.91,2.91,3600,10476.0,,,,,,,,
2010-09-20,2.91,2.91,2.91,2.91,9800,28518.0,,,,,,,,
2010-09-21,2.91,2.91,2.91,2.91,7300,21243.0,,,,,,,,
2010-09-22,2.93,2.93,2.92,2.93,10800,31644.0,,,,,,,,
2010-09-23,2.93,2.93,2.93,2.93,12000,35160.0,,,,,,,,
2010-09-24,2.91,2.91,2.91,2.91,3100,9021.0,,,,,,,,
2010-09-27,2.97,2.97,2.96,2.97,12200,36234.0,,,,,,,,
2010-09-28,3.03,3.18,2.98,3.04,32300,98192.0,,,,,,,,
2010-09-29,3.03,3.03,2.97,2.97,11200,33264.0,,,,,,,,
2010-09-30,3.11,3.11,3.11,3.11,100,311.0,,,,,,,,
2010-10-01,3.03,3.03,2.98,2.98,6900,20562.0,,,,,,,,
2010-10-04,3.1,3.1,2.99,3.03,31800,96354.0,,,,,,,,
2010-10-05,2.91,3.02,2.91,3.02,2300,6946.0,,,,,,,,
2010-10-06,2.97,3.03,2.97,3.03,2800,8484.0,,,,,,,,
2010-10-07,2.97,2.97,2.97,2.97,500,1485.0,,,,,,,,
2010-10-08,3.18,3.18,2.97,2.97,5800,17226.0,,,,,,,,
2010-10-11,3.01,3.01,3.01,3.01,1000,3010.0,,,,,,,,
2010-10-12,3.03,3.03,3.03,3.03,8600,26058.0,,,,,,,,
2010-10-13,3.03,3.03,3.02,3.03,34600,104838.0,,,,,,,,
2010-10-14,2.91,3.03,2.91,3.03,5100,15452.999999999998,,,,,,,,
2010-10-15,3.03,3.03,3.02,3.02,4200,12684.0,,,,,,,,
2010-10-18,3.03,3.03,3.03,3.03,6700,20301.0,,,,,,,,
2010-10-19,3.03,3.03,3.02,3.02,23600,71272.0,,,,,,,,
2010-10-20,2.9,2.91,2.9,2.9,4100,11890.0,,,,,,,,
2010-10-21,2.97,3.01,2.97,3.01,2000,6020.0,,,,,,,,
2010-10-22,3.03,3.03,3.02,3.03,16200,49086.0,,,,,,,,
2010-10-25,3.03,3.03,3.03,3.03,15000,45450.0,,,,,,,,
2010-10-26,3.03,3.03,3.03,3.03,12500,37875.0,,,,,,,,
2010-10-27,3.03,3.03,2.97,2.97,16000,47520.0,,,,,,,,
2010-10-28,3.03,3.03,3.02,3.02,6000,18120.0,,,,,,,,
2010-10-29,3.03,3.03,3.02,3.02,26100,78822.0,,,,,,,,
2010-11-01,3.03,3.05,3.03,3.04,62400,189696.0,,,,,,,,
2010-11-02,3.03,3.05,3.03,3.04,14500,44080.0,,,,,,,,
2010-11-03,3.05,3.15,3.05,3.11,9900,30789.0,,,,,,,,
2010-11-04,3.15,3.34,3.11,3.11,13600,42296.0,,,,,,,,
2010-11-05,3.39,3.41,3.16,3.16,53700,169692.0,,,,,,,,
2010-11-08,3.31,3.57,3.16,3.16,13700,43292.0,,,,,,,,
2010-11-09,3.45,3.5,3.45,3.5,8000,28000.0,,,,,,,,
2010-11-10,3.49,3.49,3.26,3.26,6700,21842.0,,,,,,,,
2010-11-11,3.22,3.22,3.22,3.22,200,644.0,,,,,,,,
2010-11-12,3.05,3.32,3.01,3.03,91700,277851.0,,,,,,,,
2010-11-15,3.21,3.21,3.08,3.09,23700,73233.0,,,,,,,,
2010-11-16,3.16,3.16,3.09,3.09,24100,74469.0,,,,,,,,
2010-11-17,3.14,3.14,3.14,3.14,200,628.0,,,,,,,,
2010-11-18,3.21,3.33,3.09,3.15,67700,213255.0,,,,,,,,
2010-11-19,3.15,3.15,3.09,3.14,55200,173328.0,,,,,,,,
2010-11-22,3.09,3.11,2.88,3.11,11600,36076.0,,,,,,,,
2010-11-23,3.08,3.09,3.08,3.08,8800,27104.0,,,,,,,,
2010-11-24,2.87,2.87,2.87,2.87,63900,183393.0,,,,,,,,
2010-11-25,3.07,3.07,3.04,3.04,3100,9424.0,,,,,,,,
2010-11-26,3.21,3.21,3.09,3.09,2200,6798.0,,,,,,,,
2010-11-29,3.15,3.15,3.09,3.09,3800,11742.0,,,,,,,,
2010-11-30,3.21,3.27,3.09,3.09,18200,56238.0,,,,,,,,
2010-12-01,3.21,3.45,3.21,3.25,72200,234650.0,,,,,,,,
2010-12-02,3.27,3.27,3.22,3.24,25100,81324.0,,,,,,,,
2010-12-03,3.21,3.27,3.21,3.22,5800,18676.0,,,,,,,,
2010-12-06,3.03,3.39,3.03,3.27,44200,144534.0,,,,,,,,
2010-12-07,2.98,3.09,2.98,3.09,73800,228042.0,,,,,,,,
2010-12-08,3.2,3.2,3.01,3.15,16100,50715.0,,,,,,,,
2010-12-09,3.37,3.37,3.1,3.11,17300,53803.0,,,,,,,,
2010-12-10,3.25,3.31,3.15,3.28,50000,164000.0,,,,,,,,
2010-12-13,3.49,3.49,3.27,3.27,61800,202086.0,,,,,,,,
2010-12-14,3.28,3.47,3.27,3.3,24700,81510.0,,,,,,,,
2010-12-15,3.37,3.57,3.21,3.21,30700,98547.0,,,,,,,,
2010-12-16,3.61,3.65,3.3,3.39,33900,114921.0,,,,,,,,
2010-12-17,3.64,3.88,3.38,3.51,53500,187785.0,,,,,,,,
2010-12-20,3.87,3.87,3.51,3.51,5800,20358.0,,,,,,,,
2010-12-21,3.49,3.49,3.49,3.49,1000,3490.0,,,,,,,,
2010-12-22,3.27,3.27,3.27,3.27,2000,6540.0,,,,,,,,
2010-12-23,3.44,3.49,3.1,3.21,39000,125190.0,,,,,,,,
2010-12-24,3.44,3.44,3.27,3.27,23800,77826.0,,,,,,,,
2010-12-27,3.27,3.27,3.27,3.27,0,0.0,,,,,,,,
2010-12-28,3.45,3.45,3.33,3.33,11200,37296.0,,,,,,,,
2010-12-29,3.47,3.57,3.15,3.27,35400,115758.0,,,,,,,,
2010-12-30,3.27,3.27,3.27,3.27,10000,32700.0,,,,,,,,
2010-12-31,3.05,3.44,3.05,3.21,78600,252306.0,,,,,,,,
2011-01-04,3.41,3.41,3.41,3.41,5000,17050.0,,,,,,,,
2011-01-05,3.39,3.61,3.39,3.39,6700,22713.0,,,,,,,,
2011-01-06,3.39,3.39,3.39,3.39,0,0.0,,,,,,,,
2011-01-07,3.64,3.74,3.32,3.32,12500,41500.0,,,,,,,,
2011-01-10,3.45,3.45,3.45,3.45,10000,34500.0,,,,,,,,
2011-01-11,3.22,3.45,3.22,3.28,20900,68552.0,,,,,,,,
2011-01-12,3.15,3.15,3.03,3.03,70300,213009.0,,,,,,,,
2011-01-13,3.22,3.24,3.22,3.24,5300,17172.0,,,,,,,,
2011-01-14,3.39,3.43,3.27,3.39,12200,41358.0,,,,,,,,
2011-01-17,3.57,3.57,3.44,3.45,7300,25185.0,,,,,,,,
2011-01-18,3.39,3.62,3.39,3.61,94800,342228.0,,,,,,,,
2011-01-19,3.39,3.39,3.36,3.39,11500,38985.0,,,,,,,,
2011-01-20,3.16,3.48,3.16,3.48,5400,18792.0,,,,,,,,
2011-01-21,3.1,3.38,3.1,3.21,6500,20865.0,,,,,,,,
2011-01-24,3.15,3.15,3.03,3.03,55200,167256.0,,,,,,,,
2011-01-25,3.25,3.25,3.25,3.25,11800,38350.0,,,,,,,,
2011-01-26,3.45,3.45,3.27,3.44,11800,40592.0,,,,,,,,
2011-01-27,3.51,3.61,3.21,3.55,17500,62125.0,,,,,,,,
2011-01-28,3.76,3.76,3.51,3.64,58400,212576.0,,,,,,,,
2011-02-08,3.62,3.62,3.42,3.42,12400,42408.0,,,,,,,,
2011-02-09,3.39,3.39,3.36,3.36,900,3024.0,,,,,,,,
2011-02-10,3.38,3.38,3.38,3.38,15300,51714.0,,,,,,,,
2011-02-11,3.21,3.21,3.15,3.18,60600,192708.0,,,,,,,,
2011-02-14,3.33,3.33,3.27,3.28,13700,44936.0,,,,,,,,
2011-02-15,3.45,3.45,3.27,3.33,8300,27639.0,,,,,,,,
2011-02-16,3.57,3.57,3.27,3.27,6900,22563.0,,,,,,,,
2011-02-17,3.39,3.62,3.25,3.33,76400,254412.0,,,,,,,,
2011-02-18,3.31,3.31,3.31,3.31,7400,24494.0,,,,,,,,
2011-02-21,3.1,3.1,3.08,3.08,31000,95480.0,,,,,,,,
2011-02-22,2.97,2.97,2.91,2.97,12100,35937.0,,,,,,,,
2011-02-23,3.15,3.18,2.76,2.91,75800,220578.0,,,,,,,,
2011-02-24,2.91,2.91,2.79,2.79,11300,31527.0,,,,,,,,
2011-02-25,2.85,2.91,2.79,2.91,3900,11349.0,,,,,,,,
2011-02-28,2.91,2.91,2.85,2.85,4500,12825.0,,,,,,,,
2011-03-01,3.09,3.09,2.75,2.82,45900,129438.0,,,,,,,,
2011-03-02,2.82,2.82,2.82,2.82,0,0.0,,,,,,,,
2011-03-03,2.96,2.96,2.96,2.96,500,1480.0,,,,,,,,
2011-03-04,2.96,2.96,2.96,2.96,0,0.0,,,,,,,,
2011-03-07,3.14,3.16,2.75,2.75,46900,128975.0,,,,,,,,
2011-03-08,2.91,2.91,2.79,2.79,1100,3069.0,,,,,,,,
2011-03-09,2.81,2.81,2.8,2.8,3200,8960.0,,,,,,,,
2011-03-10,2.8,2.99,2.79,2.91,11300,32883.0,,,,,,,,
2011-03-11,3.03,3.09,2.81,2.91,50000,145500.0,,,,,,,,
2011-03-14,2.91,2.91,2.85,2.85,1900,5415.0,,,,,,,,
2011-03-15,2.79,2.79,2.7,2.79,500,1395.0,,,,,,,,
2011-03-16,2.79,2.79,2.73,2.73,2400,6552.0,,,,,,,,
2011-03-17,2.61,2.61,2.58,2.58,16800,43344.0,,,,,,,,
2011-03-18,2.59,2.59,2.41,2.41,27000,65070.00000000001,,,,,,,,
2011-03-21,2.3,2.36,2.29,2.33,9400,21902.0,,,,,,,,
2011-03-22,2.42,2.47,2.42,2.47,3200,7904.000000000001,,,,,,,,
2011-03-23,2.61,2.61,2.61,2.61,1600,4176.0,,,,,,,,
2011-03-24,2.61,2.61,2.61,2.61,3400,8874.0,,,,,,,,
2011-03-25,2.54,2.61,2.53,2.56,6700,17152.0,,,,,,,,
2011-03-28,2.61,2.67,2.51,2.54,1400,3556.0,,,,,,,,
2011-03-29,2.5,2.5,2.48,2.48,1500,3720.0,,,,,,,,
2011-03-30,2.42,2.42,2.4,2.4,4200,10080.0,,,,,,,,
2011-03-31,2.42,2.53,2.42,2.53,600,1517.9999999999998,,,,,,,,
2011-04-01,2.45,2.46,2.44,2.45,2900,7105.000000000001,,,,,,,,
2011-04-04,2.45,2.45,2.44,2.44,2000,4880.0,,,,,,,,
2011-04-05,2.52,2.52,2.52,2.52,100,252.0,,,,,,,,
2011-04-06,2.52,2.52,2.52,2.52,900,2268.0,,,,,,,,
2011-04-07,2.52,2.52,2.52,2.52,0,0.0,,,,,,,,
2011-04-08,2.44,2.49,2.44,2.49,700,1743.0000000000002,,,,,,,,
2011-04-13,2.47,2.6,2.47,2.6,800,2080.0,,,,,,,,
2011-04-14,2.51,2.51,2.51,2.51,15000,37650.0,,,,,,,,
2011-04-15,2.49,2.49,2.46,2.47,11200,27664.000000000004,,,,,,,,
2011-04-18,2.46,2.46,2.44,2.46,14400,35424.0,,,,,,,,
2011-04-19,2.45,2.46,2.45,2.46,10200,25092.0,,,,,,,,
2011-04-20,2.46,2.62,2.46,2.46,7900,19434.0,,,,,,,,
2011-04-21,2.47,2.5,2.47,2.47,7400,18278.0,,,,,,,,
2011-04-22,2.47,2.47,2.46,2.47,34300,84721.0,,,,,,,,
2011-04-25,2.47,2.49,2.46,2.47,22000,54340.00000000001,,,,,,,,
2011-04-26,2.47,2.47,2.47,2.47,0,0.0,,,,,,,,
2011-04-27,2.59,2.59,2.4,2.4,10100,24240.0,,,,,,,,
2011-04-28,2.56,2.56,2.4,2.4,20800,49920.0,,,,,,,,
2011-04-29,2.45,2.45,2.45,2.45,500,1225.0,,,,,,,,
2011-05-04,2.52,2.59,2.52,2.59,5100,13209.0,,,,,,,,
2011-05-05,2.52,2.65,2.52,2.59,2400,6216.0,,,,,,,,
2011-05-06,2.65,2.65,2.59,2.59,7400,19166.0,,,,,,,,
2011-05-09,2.59,2.59,2.59,2.59,5300,13727.0,,,,,,,,
2011-05-10,2.54,2.54,2.54,2.54,500,1270.0,,,,,,,,
2011-05-11,2.54,2.6,2.54,2.6,6000,15600.0,,,,,,,,
2011-05-12,2.52,2.61,2.52,2.61,2300,6003.0,,,,,,,,
2011-05-13,2.54,2.54,2.52,2.52,20100,50652.0,,,,,,,,
2011-05-16,2.51,2.52,2.51,2.52,6000,15120.0,,,,,,,,
2011-05-17,2.5,2.52,2.5,2.5,9300,23250.0,,,,,,,,
2011-05-18,2.62,2.62,2.59,2.59,10600,27454.0,,,,,,,,
2011-05-19,2.59,2.59,2.59,2.59,7100,18389.0,,,,,,,,
2011-05-20,2.59,2.59,2.59,2.59,6500,16835.0,,,,,,,,
2011-05-23,2.46,2.52,2.46,2.46,10200,25092.0,,,,,,,,
2011-05-24,2.41,2.45,2.41,2.44,2300,5612.0,,,,,,,,
2011-05-25,2.4,2.44,2.4,2.44,18100,44164.0,,,,,,,,
2011-05-26,2.46,2.52,2.46,2.52,9900,24948.0,,,,,,,,
2011-05-27,2.46,2.59,2.46,2.59,5300,13727.0,,,,,,,,
2011-05-30,2.52,2.52,2.52,2.52,3000,7560.0,,,,,,,,
2011-05-31,2.42,2.42,2.41,2.41,1300,3133.0,,,,,,,,
2011-06-01,2.41,2.41,2.41,2.41,0,0.0,,,,,,,,
2011-06-02,2.46,2.46,2.46,2.46,1200,2952.0,,,,,,,,
2011-06-03,2.46,2.46,2.46,2.46,300,738.0,,,,,,,,
2011-06-06,2.49,2.49,2.46,2.49,2200,5478.000000000001,,,,,,,,
2011-06-07,2.52,2.59,2.52,2.59,8300,21497.0,,,,,,,,
2011-06-08,2.65,2.74,2.65,2.74,2100,5754.0,,,,,,,,
2011-06-09,2.52,2.59,2.52,2.59,1500,3885.0,,,,,,,,
2011-06-10,2.75,2.75,2.75,2.75,5000,13750.0,,,,,,,,
2011-06-13,2.81,2.94,2.81,2.94,2200,6468.0,,,,,,,,
2011-06-14,3.12,3.12,3.12,3.12,4200,13104.0,,,,,,,,
2011-06-15,3.24,3.24,3.12,3.12,2800,8736.0,,,,,,,,
2011-06-16,3.18,3.41,3.18,3.41,20000,68200.0,,,,,,,,
2011-06-17,3.53,3.58,3.53,3.58,2700,9666.0,,,,,,,,
2011-06-20,3.47,3.47,3.47,3.47,100,347.0,,,,,,,,
2011-06-21,3.24,3.24,3.24,3.24,200,648.0,,,,,,,,
2011-06-22,3.41,3.46,3.34,3.34,2500,8350.0,,,,,,,,
2011-06-23,3.18,3.18,3.18,3.18,1100,3498.0,,,,,,,,
2011-06-24,3.18,3.18,3.18,3.18,1600,5088.0,,,,,,,,
2011-06-27,3.39,3.39,3.34,3.34,4900,16366.0,,,,,,,,
2011-06-28,3.38,3.38,3.38,3.38,0,0.0,,,,,,,,
2011-06-29,3.58,3.58,3.58,3.58,100,358.0,,,,,,,,
2011-06-30,3.58,3.58,3.58,3.58,0,0.0,,,,,,,,
2011-07-01,3.58,3.58,3.58,3.58,0,0.0,,,,,,,,
2011-07-04,3.58,3.58,3.58,3.58,0,0.0,,,,,,,,
2011-07-05,3.58,3.58,3.58,3.58,0,0.0,,,,,,,,
2011-07-06,3.58,3.58,3.58,3.58,500,1790.0,,,,,,,,
2011-07-07,3.58,3.58,3.58,3.58,0,0.0,,,,,,,,
2011-07-08,3.58,3.58,3.58,3.58,0,0.0,,,,,,,,
2011-07-11,3.58,3.58,3.58,3.58,0,0.0,,,,,,,,
2011-07-12,3.58,3.58,3.58,3.58,0,0.0,,,,,,,,
2011-07-13,3.58,3.58,3.58,3.58,0,0.0,,,,,,,,
2011-07-14,3.58,3.58,3.58,3.58,0,0.0,,,,,,,,
2011-07-15,3.58,3.58,3.58,3.58,0,0.0,,,,,,,,
2011-07-18,3.34,3.34,3.34,3.34,100,334.0,,,,,,,,
2011-07-19,3.34,3.34,3.34,3.34,0,0.0,,,,,,,,
2011-07-20,3.34,3.34,3.34,3.34,0,0.0,,,,,,,,
2011-07-21,3.11,3.57,3.11,3.57,200,714.0,,,,,,,,
2011-07-22,3.11,3.11,3.11,3.11,100,311.0,,,,,,,,
2011-07-25,2.9,2.9,2.9,2.9,300,870.0,,,,,,,,
2011-07-26,2.71,2.71,2.71,2.71,200,542.0,,,,,,,,
2011-07-27,2.57,2.57,2.54,2.57,1000,2570.0,,,,,,,,
2011-07-28,2.73,2.73,2.73,2.73,100,273.0,,,,,,,,
2011-07-29,2.92,2.92,2.92,2.92,100,292.0,,,,,,,,
2011-08-01,2.92,2.92,2.92,2.92,0,0.0,,,,,,,,
2011-08-02,2.86,2.86,2.73,2.73,200,546.0,,,,,,,,
2011-08-03,2.61,2.61,2.61,2.61,200,522.0,,,,,,,,
2011-08-04,2.71,2.71,2.71,2.71,200,542.0,,,,,,,,
2011-08-05,2.57,2.57,2.57,2.57,100,257.0,,,,,,,,
2011-08-08,2.42,2.42,2.42,2.42,100,242.0,,,,,,,,
2011-08-09,2.33,2.54,2.33,2.54,200,508.0,,,,,,,,
2011-08-10,2.31,2.31,2.31,2.31,100,231.0,,,,,,,,
2011-08-11,2.38,2.38,2.29,2.29,200,458.0,,,,,,,,
2011-08-12,2.19,2.19,2.19,2.19,100,219.0,,,,,,,,
2011-08-15,2.19,2.19,2.19,2.19,0,0.0,,,,,,,,
2011-08-16,2.1,2.1,2.1,2.1,100,210.0,,,,,,,,
2011-08-17,2.19,2.19,2.19,2.19,22100,48399.0,,,,,,,,
2011-08-18,2.33,2.35,2.33,2.35,20000,47000.0,,,,,,,,
2011-08-19,2.35,2.35,2.35,2.35,0,0.0,,,,,,,,
2011-08-22,2.29,2.35,2.29,2.35,21700,50995.0,,,,,,,,
2011-08-23,2.29,2.35,2.29,2.35,20500,48175.0,,,,,,,,
2011-08-24,2.35,2.35,2.35,2.35,9000,21150.0,,,,,,,,
2011-08-25,2.5,2.5,2.5,2.5,200,500.0,,,,,,,,
2011-08-26,2.5,2.5,2.5,2.5,0,0.0,,,,,,,,
2011-08-29,2.46,2.46,2.46,2.46,200,492.0,,,,,,,,
2011-08-30,2.56,2.57,2.56,2.57,600,1542.0,,,,,,,,
2011-08-31,2.4,2.4,2.4,2.4,900,2160.0,,,,,,,,
2011-09-01,2.54,2.56,2.54,2.56,700,1792.0,,,,,,,,
2011-09-05,2.54,2.54,2.5,2.5,2800,7000.0,,,,,,,,
2011-09-06,2.44,2.48,2.44,2.46,600,1476.0,,,,,,,,
2011-09-07,2.56,2.57,2.56,2.57,1600,4112.0,,,,,,,,
2011-09-08,2.57,2.57,2.57,2.57,0,0.0,,,,,,,,
2011-09-09,2.73,2.73,2.52,2.52,200,504.0,,,,,,,,
2011-09-12,2.57,2.57,2.57,2.57,200,514.0,,,,,,,,
2011-09-13,2.69,2.69,2.69,2.69,100,269.0,,,,,,,,
2011-09-14,2.69,2.69,2.69,2.69,0,0.0,,,,,,,,
2011-09-15,2.54,2.54,2.52,2.52,400,1008.0,,,,,,,,
2011-09-16,2.42,2.42,2.36,2.38,81200,193256.0,,,,,,,,
2011-09-19,2.52,2.52,2.52,2.52,100,252.0,,,,,,,,
2011-09-20,2.67,2.67,2.67,2.67,100,267.0,,,,,,,,
2011-09-21,2.77,2.77,2.57,2.57,200,514.0,,,,,,,,
2011-09-22,2.73,2.75,2.5,2.5,15500,38750.0,,,,,,,,
2011-09-23,2.48,2.48,2.48,2.48,300,744.0,,,,,,,,
2011-09-26,2.36,2.36,2.31,2.31,5700,13167.0,,,,,,,,
2011-09-27,2.23,2.38,2.19,2.38,16100,38318.0,,,,,,,,
2011-09-28,2.29,2.38,2.27,2.31,6100,14091.0,,,,,,,,
2011-09-29,2.29,2.29,2.21,2.29,5400,12366.0,,,,,,,,
2011-09-30,2.42,2.42,2.27,2.4,44800,107520.0,,,,,,,,
2011-10-03,2.44,2.46,2.44,2.46,500,1230.0,,,,,,,,
2011-10-04,2.4,2.4,2.29,2.29,9100,20839.0,,,,,,,,
2011-10-05,2.42,2.48,2.42,2.48,300,744.0,,,,,,,,
2011-10-06,2.44,2.57,2.44,2.57,500,1285.0,,,,,,,,
2011-10-07,2.33,2.33,2.29,2.29,6600,15114.0,,,,,,,,
2011-10-10,2.38,2.38,2.38,2.38,100,238.0,,,,,,,,
2011-10-11,2.42,2.42,2.42,2.42,100,242.0,,,,,,,,
2011-10-12,2.29,2.29,2.27,2.29,4300,9847.0,,,,,,,,
2011-10-13,2.29,2.29,2.29,2.29,0,0.0,,,,,,,,
2011-10-14,2.29,2.29,2.29,2.29,1000,2290.0,,,,,,,,
2011-10-17,2.29,2.29,2.29,2.29,4200,9618.0,,,,,,,,
2011-10-18,2.29,2.29,2.29,2.29,6400,14656.0,,,,,,,,
2011-10-19,2.29,2.44,2.29,2.33,6800,15844.0,,,,,,,,
2011-10-20,2.33,2.33,2.33,2.33,0,0.0,,,,,,,,
2011-10-21,2.56,2.56,2.29,2.29,1200,2748.0,,,,,,,,
2011-10-24,2.36,2.38,2.31,2.31,6000,13860.0,,,,,,,,
2011-10-25,2.42,2.42,2.21,2.21,37900,83759.0,,,,,,,,
2011-10-26,2.1,2.14,2.1,2.14,2700,5778.0,,,,,,,,
2011-10-27,2.12,2.14,2.1,2.14,2000,4280.0,,,,,,,,
2011-10-28,2.19,2.19,2.19,2.19,100,219.0,,,,,,,,
2011-10-31,2.33,2.33,2.19,2.33,1200,2796.0,,,,,,,,
2011-11-01,2.06,2.1,2.06,2.1,900,1890.0,,,,,,,,
2011-11-02,2.19,2.19,1.98,1.98,4200,8316.0,,,,,,,,
2011-11-03,2.0,2.0,2.0,2.0,1700,3400.0,,,,,,,,
2011-11-04,2.0,2.0,2.0,2.0,3600,7200.0,,,,,,,,
2011-11-07,1.93,2.14,1.93,2.14,600,1284.0,,,,,,,,
2011-11-08,2.0,2.14,2.0,2.14,6100,13054.0,,,,,,,,
2011-11-09,2.12,2.14,2.12,2.14,6100,13054.0,,,,,,,,
2011-11-10,2.1,2.1,2.02,2.1,2000,4200.0,,,,,,,,
2011-11-11,2.1,2.1,2.1,2.1,100,210.0,,,,,,,,
2011-11-14,2.1,2.1,2.1,2.1,0,0.0,,,,,,,,
2011-11-15,2.1,2.17,2.1,2.17,200,434.0,,,,,,,,
2011-11-16,2.1,2.1,2.1,2.1,100,210.0,,,,,,,,
2011-11-17,2.17,2.17,2.17,2.17,100,217.0,,,,,,,,
2011-11-18,2.17,2.17,2.17,2.17,0,0.0,,,,,,,,
2011-11-21,2.17,2.25,2.17,2.17,4400,9548.0,,,,,,,,
2011-11-22,2.08,2.17,2.08,2.17,2200,4774.0,,,,,,,,
2011-11-23,2.0,2.17,2.0,2.17,3700,8029.0,,,,,,,,
2011-11-24,2.15,2.17,2.08,2.08,2900,6032.0,,,,,,,,
2011-11-25,2.08,2.08,2.08,2.08,0,0.0,,,,,,,,
2011-11-28,2.14,2.14,2.14,2.14,4400,9416.0,,,,,,,,
2011-11-29,2.14,2.14,2.14,2.14,0,0.0,,,,,,,,
2011-11-30,2.14,2.14,2.14,2.14,300,642.0,,,,,,,,
2011-12-01,2.14,2.17,2.14,2.14,17100,36594.0,,,,,,,,
2011-12-02,2.14,2.19,2.14,2.17,9700,21049.0,,,,,,,,
2011-12-05,2.28,2.28,2.28,2.28,100,228.0,,,,,,,,
2011-12-06,2.28,2.28,2.28,2.28,0,0.0,,,,,,,,
2011-12-07,2.28,2.28,2.28,2.28,0,0.0,,,,,,,,
2011-12-08,2.13,2.28,2.13,2.28,400,912.0,,,,,,,,
2011-12-09,2.26,2.26,2.07,2.07,7900,16352.999999999998,,,,,,,,
2011-12-12,2.24,2.24,2.13,2.13,1000,2130.0,,,,,,,,
2011-12-13,2.07,2.07,2.07,2.07,400,827.9999999999999,,,,,,,,
2011-12-14,2.09,2.09,2.07,2.07,500,1035.0,,,,,,,,
2011-12-15,2.05,2.05,1.96,1.96,2100,4116.0,,,,,,,,
2011-12-16,2.09,2.09,2.09,2.09,2600,5434.0,,,,,,,,
2011-12-19,2.19,2.19,2.19,2.19,100,219.0,,,,,,,,
2011-12-20,2.32,2.32,2.32,2.32,100,232.0,,,,,,,,
2011-12-21,2.19,2.19,2.19,2.19,700,1533.0,,,,,,,,
2011-12-22,2.19,2.19,2.19,2.19,4900,10731.0,,,,,,,,
2011-12-23,2.05,2.05,2.05,2.05,9900,20295.0,,,,,,,,
2011-12-26,2.05,2.05,2.05,2.05,0,0.0,,,,,,,,
2011-12-27,2.17,2.17,2.17,2.17,100,217.0,,,,,,,,
2011-12-28,2.17,2.17,2.17,2.17,5000,10850.0,,,,,,,,
2011-12-29,2.3,2.3,2.3,2.3,100,230.0,,,,,,,,
2011-12-30,2.15,2.15,2.15,2.15,3000,6450.0,,,,,,,,
2012-01-03,2.15,2.15,2.15,2.15,300,645.0,,,,,,,,
2012-01-04,2.15,2.28,2.15,2.15,1100,2365.0,,,,,,,,
2012-01-05,2.22,2.22,2.09,2.09,2600,5434.0,,,,,,,,
2012-01-06,2.09,2.09,2.09,2.09,0,0.0,,,,,,,,
2012-01-09,2.09,2.09,2.09,2.09,4500,9405.0,,,,,,,,
2012-01-10,2.09,2.09,2.01,2.09,9800,20482.0,,,,,,,,
2012-01-11,2.09,2.09,2.09,2.09,500,1045.0,,,,,,,,
2012-01-12,2.09,2.09,2.09,2.09,300,627.0,,,,,,,,
2012-01-13,2.15,2.15,2.09,2.09,4100,8569.0,,,,,,,,
2012-01-16,2.11,2.11,2.11,2.11,2200,4642.0,,,,,,,,
2012-01-17,2.11,2.11,2.11,2.11,0,0.0,,,,,,,,
2012-01-18,2.17,2.17,2.01,2.01,2000,4020.0,,,,,,,,
2012-01-19,2.09,2.09,2.09,2.09,11400,23826.0,,,,,,,,
2012-01-20,2.09,2.09,2.09,2.09,0,0.0,,,,,,,,
2012-01-30,2.11,2.17,2.11,2.17,1500,3255.0,,,,,,,,
2012-01-31,2.19,2.19,2.19,2.19,3100,6789.0,,,,,,,,
2012-02-01,2.24,2.24,2.24,2.24,3700,8288.0,,,,,,,,
2012-02-02,2.19,2.19,2.09,2.09,1700,3552.9999999999995,,,,,,,,
2012-02-03,2.17,2.28,2.17,2.28,1700,3876.0,,,,,,,,
2012-02-06,2.19,2.19,2.09,2.09,25000,52250.0,,,,,,,,
2012-02-07,2.13,2.13,2.13,2.13,400,852.0,,,,,,,,
2012-02-08,2.13,2.13,2.09,2.09,55500,115995.0,,,,,,,,
2012-02-09,2.15,2.15,2.09,2.09,13000,27170.0,,,,,,,,
2012-02-10,2.09,2.09,2.09,2.09,0,0.0,,,,,,,,
2012-02-13,2.07,2.15,2.07,2.15,5500,11825.0,,,,,,,,
2012-02-14,2.15,2.15,2.15,2.15,0,0.0,,,,,,,,
2012-02-15,2.13,2.13,2.13,2.13,24300,51759.0,,,,,,,,
2012-02-16,2.28,2.28,2.11,2.11,8900,18779.0,,,,,,,,
2012-02-17,2.15,2.15,2.13,2.13,20000,42600.0,,,,,,,,
2012-02-20,2.17,2.26,2.17,2.19,18200,39858.0,,,,,,,,
2012-02-21,2.19,2.19,2.17,2.17,13000,28210.0,,,,,,,,
2012-02-22,2.19,2.24,2.19,2.19,27000,59130.0,,,,,,,,
2012-02-23,2.24,2.34,2.24,2.34,18700,43758.0,,,,,,,,
2012-02-24,2.34,2.42,2.34,2.34,27600,64583.99999999999,,,,,,,,
2012-02-27,2.28,2.38,2.28,2.28,2500,5699.999999999999,,,,,,,,
2012-02-28,2.26,2.3,2.26,2.3,26000,59799.99999999999,,,,,,,,
2012-02-29,2.38,2.42,2.38,2.42,11100,26862.0,,,,,,,,
2012-03-01,2.4,2.51,2.4,2.51,10900,27359.0,,,,,,,,
2012-03-02,2.42,2.59,2.42,2.47,33600,82992.0,,,,,,,,
2012-03-05,2.61,2.68,2.61,2.68,16700,44756.0,,,,,,,,
2012-03-06,2.84,2.84,2.8,2.8,2400,6720.0,,,,,,,,
2012-03-07,2.93,2.93,2.68,2.86,23600,67496.0,,,,,,,,
2012-03-08,2.65,2.68,2.61,2.61,24600,64206.0,,,,,,,,
2012-03-09,2.51,2.53,2.47,2.47,25600,63232.00000000001,,,,,,,,
2012-03-12,2.61,2.61,2.4,2.57,12700,32639.0,,,,,,,,
2012-03-13,2.51,2.53,2.49,2.53,13100,33143.0,,,,,,,,
2012-03-14,2.61,2.61,2.61,2.61,600,1566.0,,,,,,,,
2012-03-15,2.61,2.61,2.59,2.59,1100,2849.0,,,,,,,,
2012-03-16,2.68,2.68,2.53,2.53,500,1265.0,,,,,,,,
2012-03-19,2.53,2.7,2.51,2.68,14800,39664.0,,,,,,,,
2012-03-20,2.61,2.61,2.61,2.61,500,1305.0,,,,,,,,
2012-03-21,2.59,2.61,2.59,2.61,4300,11223.0,,,,,,,,
2012-03-22,2.59,2.68,2.59,2.68,4500,12060.0,,,,,,,,
2012-03-23,2.68,2.76,2.68,2.76,13600,37536.0,,,,,,,,
2012-03-26,2.7,2.7,2.61,2.7,1500,4050.000000000001,,,,,,,,
2012-03-27,2.65,2.65,2.61,2.61,5600,14616.0,,,,,,,,
2012-03-28,2.63,2.63,2.59,2.63,3100,8153.0,,,,,,,,
2012-03-29,2.53,2.53,2.47,2.47,16600,41002.0,,,,,,,,
2012-03-30,2.47,2.47,2.47,2.47,6300,15561.000000000002,,,,,,,,
2012-04-03,2.51,2.62,2.47,2.53,17600,44528.0,,,,,,,,
2012-04-04,2.6,2.73,2.38,2.4,28600,68640.0,,,,,,,,
2012-04-05,2.34,2.53,2.34,2.36,12500,29500.0,,,,,,,,
2012-04-06,2.42,2.49,2.4,2.49,1100,2739.0000000000005,,,,,,,,
2012-04-09,2.42,2.6,2.42,2.6,19600,50960.0,,,,,,,,
2012-04-10,2.51,2.6,2.44,2.44,9900,24156.0,,,,,,,,
2012-04-11,2.44,2.58,2.44,2.53,23000,58189.99999999999,,,,,,,,
2012-04-12,2.53,2.71,2.53,2.64,79500,209880.0,,,,,,,,
2012-04-13,2.68,2.68,2.53,2.53,74100,187473.0,,,,,,,,
2012-04-16,2.71,2.71,2.68,2.71,50300,136313.0,,,,,,,,
2012-04-17,2.71,2.84,2.68,2.77,11200,31024.0,,,,,,,,
2012-04-18,2.84,2.84,2.68,2.68,13100,35108.0,,,,,,,,
2012-04-19,2.66,2.71,2.64,2.71,23600,63956.0,,,,,,,,
2012-04-20,2.66,2.73,2.62,2.62,68500,179470.0,,,,,,,,
2012-04-23,2.73,2.73,2.62,2.64,27200,71808.0,,,,,,,,
2012-04-24,2.64,2.64,2.64,2.64,3300,8712.0,,,,,,,,
2012-04-25,2.66,2.71,2.66,2.71,10400,28184.0,,,,,,,,
2012-04-26,2.71,2.73,2.53,2.55,67100,171105.0,,,,,,,,
2012-04-27,2.62,2.71,2.6,2.62,21900,57378.0,,,,,,,,
2012-05-02,2.62,2.77,2.62,2.77,131700,364809.0,,,,,,,,
2012-05-03,2.75,2.75,2.71,2.75,38100,104775.0,,,,,,,,
2012-05-04,2.84,2.92,2.84,2.9,167300,485170.0,,,,,,,,
2012-05-07,3.06,3.1,3.03,3.1,62000,192200.0,,,,,,,,
2012-05-08,3.1,3.19,2.95,3.19,66700,212773.0,,,,,,,,
2012-05-09,3.1,3.17,3.08,3.17,45600,144552.0,,,,,,,,
2012-05-10,3.17,3.17,3.03,3.03,96900,293607.0,,,,,,,,
2012-05-11,3.03,3.17,2.95,2.95,24100,71095.0,,,,,,,,
2012-05-14,2.97,2.97,2.77,2.88,49200,141696.0,,,,,,,,
2012-05-15,2.77,2.77,2.68,2.75,69300,190575.0,,,,,,,,
2012-05-16,2.88,2.88,2.71,2.79,14100,39339.0,,,,,,,,
2012-05-17,2.79,2.79,2.68,2.71,41700,113007.0,,,,,,,,
2012-05-18,2.71,2.71,2.55,2.55,130500,332775.0,,,,,,,,
2012-05-21,2.71,2.73,2.68,2.73,110400,301392.0,,,,,,,,
2012-05-22,2.71,2.71,2.62,2.71,86700,234957.0,,,,,,,,
2012-05-23,2.71,2.71,2.6,2.62,151500,396930.0,,,,,,,,
2012-05-24,2.66,2.66,2.58,2.62,65900,172658.0,,,,,,,,
2012-05-25,2.62,2.77,2.62,2.77,276200,765074.0,,,,,,,,
2012-05-28,2.75,2.75,2.62,2.62,117700,308374.0,,,,,,,,
2012-05-29,2.66,2.71,2.62,2.71,22900,62059.0,,,,,,,,
2012-05-30,2.71,2.73,2.66,2.68,6500,17420.0,,,,,,,,
2012-05-31,2.62,2.68,2.6,2.68,14600,39128.0,,,,,,,,
2012-06-01,2.68,2.68,2.62,2.66,25600,68096.0,,,,,,,,
2012-06-04,2.6,2.62,2.58,2.62,44900,117638.0,,,,,,,,
2012-06-05,2.62,2.66,2.6,2.66,16700,44422.0,,,,,,,,
2012-06-06,2.62,2.66,2.62,2.66,8700,23142.0,,,,,,,,
2012-06-07,2.84,2.84,2.66,2.75,14500,39875.0,,,,,,,,
2012-06-08,2.73,2.75,2.64,2.73,9300,25389.0,,,,,,,,
2012-06-11,2.71,2.71,2.71,2.71,4800,13008.0,,,,,,,,
2012-06-12,2.71,2.71,2.66,2.71,4000,10840.0,,,,,,,,
2012-06-13,2.73,2.73,2.62,2.71,38100,103251.0,,,,,,,,
2012-06-14,2.66,2.66,2.64,2.64,1000,2640.0,,,,,,,,
2012-06-15,2.64,2.71,2.62,2.71,900,2439.0,,,,,,,,
2012-06-18,2.71,2.71,2.62,2.66,8100,21546.0,,,,,,,,
2012-06-19,2.64,2.64,2.62,2.62,3000,7860.0,,,,,,,,
2012-06-20,2.62,2.64,2.62,2.64,7500,19800.0,,,,,,,,
2012-06-21,2.64,2.66,2.62,2.66,4500,11970.0,,,,,,,,
2012-06-22,2.71,2.71,2.64,2.64,6000,15840.0,,,,,,,,
2012-06-25,2.64,2.66,2.62,2.66,11600,30856.0,,,,,,,,
2012-06-26,2.62,2.66,2.62,2.62,8800,23056.0,,,,,,,,
2012-06-27,2.66,2.71,2.55,2.71,800,2168.0,,,,,,,,
2012-06-28,2.58,2.62,2.58,2.62,5400,14148.0,,,,,,,,
2012-06-29,2.75,2.75,2.62,2.68,6100,16348.000000000002,,,,,,,,
2012-07-02,2.68,2.73,2.66,2.66,17700,47082.0,,,,,,,,
2012-07-03,2.62,2.62,2.6,2.62,8700,22794.0,,,,,,,,
2012-07-04,2.64,2.64,2.62,2.62,2500,6550.0,,,,,,,,
2012-07-05,2.62,2.66,2.62,2.66,600,1596.0,,,,,,,,
2012-07-06,2.6,2.64,2.6,2.62,4600,12052.0,,,,,,,,
2012-07-09,2.68,2.68,2.68,2.68,8000,21440.0,,,,,,,,
2012-07-10,2.68,2.68,2.68,2.68,1500,4020.000000000001,,,,,,,,
2012-07-11,2.68,2.68,2.68,2.68,6300,16884.0,,,,,,,,
2012-07-12,2.66,2.66,2.6,2.6,6600,17160.0,,,,,,,,
2012-07-13,2.68,2.68,2.66,2.66,400,1064.0,,,,,,,,
2012-07-16,2.66,2.66,2.66,2.66,0,0.0,,,,,,,,
2012-07-17,2.62,2.68,2.62,2.68,200,536.0,,,,,,,,
2012-07-18,2.68,2.68,2.68,2.68,0,0.0,,,,,,,,
2012-07-19,2.68,2.86,2.68,2.77,21100,58447.0,,,,,,,,
2012-07-20,2.73,2.84,2.73,2.84,38000,107920.0,,,,,,,,
2012-07-23,2.77,2.84,2.77,2.84,60400,171536.0,,,,,,,,
2012-07-24,2.84,2.88,2.82,2.88,50600,145728.0,,,,,,,,
2012-07-25,2.73,2.73,2.73,2.73,1000,2730.0,,,,,,,,
2012-07-26,2.84,2.86,2.84,2.84,84300,239412.0,,,,,,,,
2012-07-27,2.84,2.92,2.84,2.9,50200,145580.0,,,,,,,,
2012-07-30,2.86,2.92,2.84,2.92,20300,59276.0,,,,,,,,
2012-07-31,2.95,2.95,2.95,2.95,100,295.0,,,,,,,,
2012-08-01,2.97,3.06,2.97,2.97,2300,6831.0,,,,,,,,
2012-08-02,2.97,2.99,2.95,2.95,15400,45430.0,,,,,,,,
2012-08-03,2.97,2.97,2.84,2.84,8300,23572.0,,,,,,,,
2012-08-06,2.84,2.95,2.84,2.95,6600,19470.0,,,,,,,,
2012-08-07,2.92,2.95,2.92,2.95,19800,58410.0,,,,,,,,
2012-08-08,2.97,2.97,2.84,2.95,31400,92630.0,,,,,,,,
2012-08-09,2.95,2.95,2.95,2.95,11000,32450.000000000004,,,,,,,,
2012-08-10,2.95,3.03,2.95,2.95,22200,65490.00000000001,,,,,,,,
2012-08-13,2.95,2.95,2.95,2.95,0,0.0,,,,,,,,
2012-08-14,2.95,2.95,2.95,2.95,0,0.0,,,,,,,,
2012-08-15,2.95,2.95,2.95,2.95,0,0.0,,,,,,,,
2012-08-16,2.95,2.95,2.95,2.95,0,0.0,,,,,,,,
2012-08-17,2.88,2.88,2.88,2.88,100,288.0,,,,,,,,
2012-08-20,2.95,2.97,2.95,2.95,35300,104135.0,,,,,,,,
2012-08-21,2.95,2.95,2.82,2.84,64500,183180.0,,,,,,,,
2012-08-22,2.84,2.84,2.84,2.84,2300,6532.0,,,,,,,,
2012-08-23,2.84,2.84,2.84,2.84,58000,164720.0,,,,,,,,
2012-08-24,2.84,2.84,2.82,2.84,29900,84916.0,,,,,,,,
2012-08-27,2.84,2.84,2.84,2.84,12000,34080.0,,,,,,,,
2012-08-28,2.84,2.84,2.84,2.84,0,0.0,,,,,,,,
2012-08-29,2.84,2.84,2.84,2.84,800,2272.0,,,,,,,,
2012-08-30,2.84,2.84,2.84,2.84,0,0.0,,,,,,,,
2012-08-31,2.84,2.84,2.84,2.84,0,0.0,,,,,,,,
2012-09-04,2.84,2.95,2.84,2.95,4600,13570.0,,,,,,,,
2012-09-05,2.82,2.82,2.82,2.82,100,282.0,,,,,,,,
2012-09-06,2.82,2.82,2.82,2.82,0,0.0,,,,,,,,
2012-09-07,2.79,2.88,2.79,2.88,800,2304.0,,,,,,,,
2012-09-10,2.88,2.88,2.88,2.88,0,0.0,,,,,,,,
2012-09-11,2.88,2.88,2.88,2.88,0,0.0,,,,,,,,
2012-09-12,2.84,2.86,2.77,2.79,2200,6138.0,,,,,,,,
2012-09-13,2.79,2.79,2.79,2.79,3400,9486.0,,,,,,,,
2012-09-14,2.82,2.97,2.79,2.97,6500,19305.0,,,,,,,,
2012-09-17,2.97,3.01,2.97,3.01,500,1505.0,,,,,,,,
2012-09-18,2.86,2.95,2.86,2.95,200,590.0,,,,,,,,
2012-09-19,2.99,3.01,2.88,2.88,10500,30240.0,,,,,,,,
2012-09-20,2.88,2.95,2.88,2.95,25000,73750.0,,,,,,,,
2012-09-21,2.95,2.95,2.95,2.95,10000,29500.0,,,,,,,,
2012-09-24,2.95,2.97,2.95,2.95,23300,68735.0,,,,,,,,
2012-09-25,2.95,2.97,2.95,2.97,8500,25245.0,,,,,,,,
2012-09-26,2.97,2.97,2.97,2.97,0,0.0,,,,,,,,
2012-09-27,2.95,2.95,2.95,2.95,2000,5900.0,,,,,,,,
2012-09-28,2.95,2.95,2.95,2.95,9100,26845.0,,,,,,,,
2012-10-01,2.95,2.95,2.95,2.95,0,0.0,,,,,,,,
2012-10-02,2.95,2.95,2.95,2.95,500,1475.0,,,,,,,,
2012-10-03,2.95,2.95,2.95,2.95,400,1180.0,,,,,,,,
2012-10-04,2.95,2.95,2.95,2.95,200,590.0,,,,,,,,
2012-10-05,2.95,2.95,2.95,2.95,200,590.0,,,,,,,,
2012-10-08,2.95,2.95,2.95,2.95,0,0.0,,,,,,,,
2012-10-09,3.03,3.03,3.03,3.03,100,303.0,,,,,,,,
2012-10-10,3.03,3.03,3.03,3.03,0,0.0,,,,,,,,
2012-10-11,2.97,2.97,2.95,2.95,900,2655.0,,,,,,,,
2012-10-12,2.95,2.95,2.95,2.95,11800,34810.0,,,,,,,,
2012-10-15,3.01,3.01,3.01,3.01,800,2408.0,,,,,,,,
2012-10-16,2.95,3.19,2.95,3.19,1300,4147.0,,,,,,,,
2012-10-17,3.19,3.19,3.19,3.19,0,0.0,,,,,,,,
2012-10-18,3.01,3.01,3.01,3.01,100,301.0,,,,,,,,
2012-10-19,2.95,2.95,2.95,2.95,700,2065.0,,,,,,,,
2012-10-22,3.1,3.1,2.95,3.06,7900,24174.0,,,,,,,,
2012-10-23,2.95,2.95,2.95,2.95,100,295.0,,,,,,,,
2012-10-24,3.06,3.06,3.06,3.06,500,1530.0,,,,,,,,
2012-10-25,3.06,3.06,3.06,3.06,200,612.0,,,,,,,,
2012-10-26,3.08,3.08,3.08,3.08,2000,6160.0,,,,,,,,
2012-10-29,3.08,3.08,3.08,3.08,0,0.0,,,,,,,,
2012-10-30,3.08,3.08,3.08,3.08,0,0.0,,,,,,,,
2012-10-31,3.06,3.06,3.06,3.06,1900,5814.0,,,,,,,,
2012-11-01,3.06,3.06,3.06,3.06,1300,3978.0,,,,,,,,
2012-11-02,3.06,3.08,2.86,3.06,10800,33048.0,,,,,,,,
2012-11-05,3.06,3.06,3.06,3.06,67900,207774.0,,,,,,,,
2012-11-06,3.06,3.06,3.06,3.06,69300,212058.0,,,,,,,,
2012-11-07,3.06,3.08,3.06,3.08,13100,40348.0,,,,,,,,
2012-11-08,3.1,3.1,3.1,3.1,2000,6200.0,,,,,,,,
2012-11-09,3.1,3.12,3.1,3.12,3900,12168.0,,,,,,,,
2012-11-12,3.12,3.12,3.12,3.12,0,0.0,,,,,,,,
2012-11-13,3.1,3.12,3.1,3.12,2000,6240.0,,,,,,,,
2012-11-14,3.12,3.12,3.12,3.12,0,0.0,,,,,,,,
2012-11-15,3.06,3.06,3.06,3.06,3700,11322.0,,,,,,,,
2012-11-16,3.22,3.27,3.22,3.27,16600,54282.0,,,,,,,,
2012-11-19,3.27,3.27,3.27,3.27,0,0.0,,,,,,,,
2012-11-20,3.27,3.27,3.27,3.27,0,0.0,,,,,,,,
2012-11-21,3.36,3.36,3.13,3.31,20800,68848.0,,,,,,,,
2012-11-22,3.38,3.38,3.38,3.38,100,338.0,,,,,,,,
2012-11-23,3.6,3.6,3.29,3.48,300,1044.0,,,,,,,,
2012-11-26,3.36,3.41,3.24,3.41,1400,4774.0,,,,,,,,
2012-11-27,3.24,3.41,3.17,3.41,300,1023.0,,,,,,,,
2012-11-28,3.22,3.29,3.17,3.29,700,2303.0,,,,,,,,
2012-11-29,3.17,3.41,3.08,3.41,1000,3410.0,,,,,,,,
2012-11-30,3.17,3.34,3.17,3.34,1100,3674.0,,,,,,,,
2012-12-03,3.34,3.34,3.34,3.34,0,0.0,,,,,,,,
2012-12-04,3.31,3.34,3.17,3.17,10300,32651.0,,,,,,,,
2012-12-05,3.17,3.36,3.17,3.36,3300,11088.0,,,,,,,,
2012-12-06,3.41,3.41,3.41,3.41,300,1023.0,,,,,,,,
2012-12-07,3.41,3.41,3.41,3.41,5000,17050.0,,,,,,,,
2012-12-10,3.29,3.29,3.29,3.29,100,329.0,,,,,,,,
2012-12-11,3.22,3.22,3.1,3.17,3800,12046.0,,,,,,,,
2012-12-12,3.38,3.38,3.38,3.38,5500,18590.0,,,,,,,,
2012-12-13,3.29,3.29,3.2,3.2,200,640.0,,,,,,,,
2012-12-14,3.2,3.38,3.17,3.2,7400,23680.0,,,,,,,,
2012-12-17,3.2,3.2,3.2,3.2,0,0.0,,,,,,,,
2012-12-18,3.22,3.41,3.22,3.24,6100,19764.0,,,,,,,,
2012-12-19,3.29,3.29,3.29,3.29,1000,3290.0,,,,,,,,
2012-12-20,3.29,3.29,3.29,3.29,0,0.0,,,,,,,,
2012-12-21,3.29,3.41,3.29,3.41,5000,17050.0,,,,,,,,
2012-12-24,3.41,3.41,3.41,3.41,0,0.0,,,,,,,,
2012-12-25,3.41,3.41,3.41,3.41,0,0.0,,,,,,,,
2012-12-26,3.29,3.41,3.29,3.41,15200,51832.0,,,,,,,,
2012-12-27,3.31,3.41,3.31,3.41,4500,15345.0,,,,,,,,
2012-12-28,3.29,3.29,3.29,3.29,100,329.0,,,,,,,,
2013-01-02,3.285,3.285,3.285,3.285,0,0.0,,,,,,,,
2013-01-03,3.215,3.215,3.215,3.215,1000,3215.0,,,,,,,,
2013-01-04,3.215,3.379,3.215,3.379,2100,7095.9,,,,,,,,
2013-01-07,3.238,3.238,3.238,3.238,3000,9714.0,,,,,,,,
2013-01-08,3.285,3.285,3.285,3.285,5400,17739.0,,,,,,,,
2013-01-09,3.332,3.332,3.332,3.332,14000,46648.0,,,,,,,,
2013-01-10,3.238,3.238,3.238,3.238,700,2266.6,,,,,,,,
2013-01-11,3.332,3.332,3.332,3.332,1300,4331.599999999999,,,,,,,,
2013-01-14,3.332,3.332,3.332,3.332,0,0.0,,,,,,,,
2013-01-15,3.309,3.309,3.309,3.309,1000,3309.0,,,,,,,,
2013-01-16,3.356,3.356,3.332,3.332,8100,26989.2,,,,,,,,
2013-01-17,3.285,3.356,3.285,3.356,800,2684.8,,,,,,,,
2013-01-18,3.402,3.567,3.402,3.567,10000,35670.0,,,,,,,,
2013-01-21,3.52,3.52,3.52,3.52,2400,8448.0,,,,,,,,
2013-01-22,3.52,3.52,3.473,3.52,19900,70048.0,,,,,,,,
2013-01-23,3.496,3.52,3.496,3.52,34700,122144.0,,,,,,,,
2013-01-24,3.52,3.52,3.496,3.496,49800,174100.8,,,,,,,,
2013-01-25,3.59,3.59,3.52,3.59,27200,97648.0,,,,,,,,
2013-01-28,3.59,3.684,3.59,3.684,15000,55260.0,,,,,,,,
2013-01-29,3.801,3.989,3.801,3.919,58500,229261.5,,,,,,,,
2013-01-30,3.989,4.294,3.989,4.294,134000,575396.0,,,,,,,,
2013-01-31,4.294,4.67,4.294,4.458,32100,143101.80000000002,,,,,,,,
2013-02-01,4.294,4.458,4.224,4.458,32800,146222.4,,,,,,,,
2013-02-04,4.224,4.458,4.013,4.224,28600,120806.4,,,,,,,,
2013-02-05,3.801,4.224,3.801,3.825,15100,57757.5,,,,,,,,
2013-02-06,3.754,4.2,3.754,4.2,3000,12600.0,,,,,,,,
2013-02-07,4.2,4.2,4.2,4.2,10900,45780.0,,,,,,,,
2013-02-08,4.2,4.2,4.177,4.2,22800,95760.0,,,,,,,,
2013-02-18,4.341,4.341,4.341,4.341,100,434.1,,,,,,,,
2013-02-19,4.341,4.341,4.341,4.341,5500,23875.5,,,,,,,,
2013-02-20,4.341,4.341,4.341,4.341,0,0.0,,,,,,,,
2013-02-21,4.013,4.036,3.966,3.966,41800,165778.80000000002,,,,,,,,
2013-02-22,4.224,4.224,4.224,4.224,100,422.4,,,,,,,,
2013-02-25,4.2,4.224,4.2,4.224,9100,38438.4,,,,,,,,
2013-02-26,4.224,4.224,4.224,4.224,0,0.0,,,,,,,,
2013-02-27,4.2,4.224,3.989,3.989,18000,71802.0,,,,,,,,
2013-02-28,3.872,4.224,3.872,4.224,300,1267.2,,,,,,,,
2013-03-01,3.989,4.224,3.989,4.224,11100,46886.4,,,,,,,,
2013-03-04,4.224,4.224,4.224,4.224,0,0.0,,,,,,,,
2013-03-05,3.872,3.989,3.872,3.989,10200,40687.8,,,,,,,,
2013-03-06,3.989,3.989,3.966,3.966,7100,28158.6,,,,,,,,
2013-03-07,4.2,4.2,3.966,3.966,200,793.2,,,,,,,,
2013-03-08,4.083,4.106,4.083,4.106,12000,49272.0,,,,,,,,
2013-03-11,4.106,4.106,4.106,4.106,0,0.0,,,,,,,,
2013-03-12,4.106,4.106,4.106,4.106,0,0.0,,,,,,,,
2013-03-13,4.458,4.458,4.458,4.458,100,445.8,,,,,,,,
2013-03-14,4.458,4.458,4.458,4.458,0,0.0,,,,,,,,
2013-03-15,4.036,4.693,4.013,4.013,2300,9229.9,,,,,,,,
2013-03-18,4.013,4.013,3.989,3.989,11900,47469.1,,,,,,,,
2013-03-19,3.989,4.06,3.989,4.06,700,2841.9999999999995,,,,,,,,
2013-03-20,3.942,3.989,3.942,3.942,2500,9855.0,,,,,,,,
2013-03-21,3.895,3.895,3.895,3.895,1200,4674.0,,,,,,,,
2013-03-22,3.872,3.872,3.872,3.872,5000,19360.0,,,,,,,,
2013-03-25,3.919,3.919,3.895,3.895,2500,9737.5,,,,,,,,
2013-03-26,4.2,4.271,4.2,4.224,2500,10560.0,,,,,,,,
2013-03-27,4.224,4.224,4.224,4.224,0,0.0,,,,,,,,
2013-03-28,4.036,4.036,3.989,3.989,6400,25529.6,,,,,,,,
2013-03-29,3.895,4.013,3.895,4.013,2000,8026.0,,,,,,,,
2013-04-01,3.919,3.989,3.919,3.989,1300,5185.7,,,,,,,,
2013-04-02,4.013,4.013,4.013,4.013,1000,4013.0,,,,,,,,
2013-04-03,4.013,4.013,4.013,4.013,0,0.0,,,,,,,,
2013-04-04,4.211,4.211,4.211,4.211,0,0.0,,,,,,,,
2013-04-05,4.211,4.211,4.211,4.211,0,0.0,,,,,,,,
2013-04-08,3.94,4.014,3.94,3.965,7100,28151.5,,,,,,,,
2013-04-09,3.965,4.063,3.965,4.039,8500,34331.5,,,,,,,,
2013-04-10,4.088,4.088,4.088,4.088,2400,9811.2,,,,,,,,
2013-04-11,4.063,4.137,4.063,4.137,2100,8687.699999999999,,,,,,,,
2013-04-12,4.137,4.26,4.137,4.26,10000,42600.0,,,,,,,,
2013-04-15,4.285,4.309,4.285,4.309,3200,13788.8,,,,,,,,
2013-04-16,4.309,4.383,4.309,4.383,6100,26736.3,,,,,,,,
2013-04-17,4.383,4.383,4.383,4.383,0,0.0,,,,,,,,
2013-04-18,4.383,4.383,4.383,4.383,4100,17970.3,,,,,,,,
2013-04-22,4.383,4.679,4.383,4.679,46700,218509.3,,,,,,,,
2013-04-23,4.703,4.974,4.679,4.974,150600,749084.4,,,,,,,,
2013-04-24,5.171,5.171,4.925,5.024,46300,232611.2,,,,,,,,
2013-04-25,5.024,5.024,4.753,4.925,33500,164987.5,,,,,,,,
2013-04-26,4.9,4.925,4.876,4.9,28800,141120.0,,,,,,,,
2013-05-02,4.925,4.925,4.925,4.925,0,0.0,,,,,,,,
2013-05-03,4.876,5.171,4.876,5.171,50000,258550.0,,,,,,,,
2013-05-06,5.147,5.171,5.147,5.171,50400,260618.4,,,,,,,,
2013-05-07,5.171,5.171,5.171,5.171,0,0.0,,,,,,,,
2013-05-08,5.171,5.171,5.171,5.171,5400,27923.4,,,,,,,,
2013-05-09,4.925,4.925,4.925,4.925,2000,9850.0,,,,,,,,
2013-05-10,4.433,4.925,4.433,4.925,200,985.0,,,,,,,,
2013-05-13,4.802,4.925,4.63,4.925,2600,12805.0,,,,,,,,
2013-05-14,4.925,4.925,4.925,4.925,0,0.0,,,,,,,,
2013-05-15,4.802,5.418,4.802,5.418,21300,115403.4,,,,,,,,
2013-05-16,5.245,5.91,5.245,5.91,30900,182619.0,,,,,,,,
2013-05-17,5.861,6.107,5.861,6.009,19300,115973.7,,,,,,,,
2013-05-20,5.91,6.279,5.91,6.279,20600,129347.4,,,,,,,,
2013-05-21,6.156,6.403,6.156,6.403,43300,277249.9,,,,,,,,
2013-05-22,6.403,6.87,6.403,6.87,104300,716541.0,,,,,,,,
2013-05-23,6.797,6.797,6.797,6.797,0,0.0,,,,,,,,
2013-05-24,6.181,6.181,6.132,6.132,1200,7358.4,,,,,,,,
2013-05-27,5.787,5.787,5.713,5.713,4400,25137.2,,,,,,,,
2013-05-28,5.664,5.762,5.664,5.762,10300,59348.6,,,,,,,,
2013-05-29,6.279,6.329,6.279,6.329,10000,63290.0,,,,,,,,
2013-05-30,6.329,6.329,6.329,6.329,4100,25948.9,,,,,,,,
2013-05-31,6.329,6.329,6.329,6.329,3200,20252.8,,,,,,,,
2013-06-03,6.403,6.403,6.107,6.181,24000,148344.0,,,,,,,,
2013-06-04,6.181,6.181,6.181,6.181,2400,14834.4,,,,,,,,
2013-06-05,5.812,6.181,5.787,6.181,5100,31523.1,,,,,,,,
2013-06-06,5.812,6.378,5.812,6.378,1200,7653.6,,,,,,,,
2013-06-07,6.378,6.378,6.378,6.378,0,0.0,,,,,,,,
2013-06-10,6.378,6.476,6.378,6.476,4100,26551.6,,,,,,,,
2013-06-11,6.403,6.403,6.033,6.156,10200,62791.2,,,,,,,,
2013-06-12,6.156,6.156,6.156,6.156,0,0.0,,,,,,,,
2013-06-13,6.156,6.156,6.156,6.156,0,0.0,,,,,,,,
2013-06-14,6.058,6.058,6.058,6.058,1000,6058.0,,,,,,,,
2013-06-17,5.91,5.91,5.91,5.91,1300,7683.0,,,,,,,,
2013-06-18,5.91,5.91,5.91,5.91,1400,8274.0,,,,,,,,
2013-06-19,6.255,6.403,6.255,6.403,27700,177363.09999999998,,,,,,,,
2013-06-20,6.403,6.403,6.403,6.403,0,0.0,,,,,,,,
2013-06-21,6.403,6.403,6.403,6.403,0,0.0,,,,,,,,
2013-06-24,6.403,6.403,6.403,6.403,0,0.0,,,,,,,,
2013-06-25,5.984,5.984,5.935,5.935,2600,15430.999999999998,,,,,,,,
2013-06-26,5.836,6.23,5.812,6.23,1400,8722.0,,,,,,,,
2013-06-27,5.91,6.403,5.91,6.403,23200,148549.59999999998,,,,,,,,
2013-06-28,6.403,6.403,5.91,6.403,1000,6403.0,,,,,,,,
2013-07-01,6.403,6.403,6.403,6.403,0,0.0,,,,,,,,
2013-07-02,6.403,6.403,6.403,6.403,0,0.0,,,,,,,,
2013-07-03,5.935,6.156,5.91,6.156,4000,24624.0,,,,,,,,
2013-07-04,6.156,6.206,6.156,6.206,5200,32271.2,,,,,,,,
2013-07-05,6.206,6.206,6.206,6.206,0,0.0,,,,,,,,
2013-07-08,6.156,6.156,6.156,6.156,100,615.6,,,,,,,,
2013-07-09,6.156,6.156,6.156,6.156,0,0.0,,,,,,,,
2013-07-10,6.156,6.156,6.156,6.156,0,0.0,,,,,,,,
2013-07-11,6.156,6.156,6.156,6.156,0,0.0,,,,,,,,
2013-07-12,6.033,6.107,6.033,6.058,900,5452.2,,,,,,,,
2013-07-15,6.156,6.156,6.033,6.058,7600,46040.8,,,,,,,,
2013-07-16,6.033,6.058,6.033,6.058,6700,40588.6,,,,,,,,
2013-07-17,6.058,6.058,6.058,6.058,0,0.0,,,,,,,,
2013-07-18,5.664,5.664,5.615,5.615,9000,50535.0,,,,,,,,
2013-07-19,5.812,5.812,5.812,5.812,100,581.2,,,,,,,,
2013-07-22,5.467,6.033,5.442,5.491,800,4392.799999999999,,,,,,,,
2013-07-23,5.418,5.885,5.418,5.885,27100,159483.5,,,,,,,,
2013-07-24,5.885,5.885,5.885,5.885,0,0.0,,,,,,,,
2013-07-25,5.885,5.91,5.393,5.393,2300,12403.9,,,,,,,,
2013-07-26,5.664,5.664,5.048,5.048,200,1009.6,,,,,,,,
2013-07-29,5.418,5.541,5.073,5.541,3600,19947.6,,,,,,,,
2013-07-30,6.033,6.033,6.033,6.033,1500,9049.5,,,,,,,,
2013-07-31,6.156,6.156,6.156,6.156,900,5540.4,,,,,,,,
2013-08-01,6.156,6.156,6.156,6.156,0,0.0,,,,,,,,
2013-08-02,6.156,6.156,6.156,6.156,0,0.0,,,,,,,,
2013-08-05,5.565,5.565,5.565,5.565,100,556.5,,,,,,,,
2013-08-06,5.541,5.541,5.541,5.541,500,2770.5,,,,,,,,
2013-08-07,5.097,5.097,5.097,5.097,100,509.7000000000001,,,,,,,,
2013-08-08,5.097,5.097,5.097,5.097,0,0.0,,,,,,,,
2013-08-09,5.097,5.097,5.097,5.097,0,0.0,,,,,,,,
2013-08-12,5.097,5.097,5.097,5.097,0,0.0,,,,,,,,
2013-08-13,5.097,5.097,5.097,5.097,0,0.0,,,,,,,,
2013-08-14,5.097,5.097,5.097,5.097,0,0.0,,,,,,,,
2013-08-15,5.073,5.59,5.073,5.59,300,1677.0,,,,,,,,
2013-08-16,6.033,6.033,6.033,6.033,100,603.3000000000001,,,,,,,,
2013-08-19,6.033,6.033,6.033,6.033,0,0.0,,,,,,,,
2013-08-20,6.033,6.033,6.033,6.033,0,0.0,,,,,,,,
2013-08-21,5.565,5.565,5.516,5.516,3000,16548.0,,,,,,,,
2013-08-22,5.048,6.009,5.048,6.009,8600,51677.4,,,,,,,,
2013-08-23,5.639,5.639,5.639,5.639,500,2819.5,,,,,,,,
2013-08-26,5.171,6.156,5.171,6.156,1900,11696.4,,,,,,,,
2013-08-27,6.156,6.156,6.156,6.156,0,0.0,,,,,,,,
2013-08-28,6.156,6.156,6.156,6.156,0,0.0,,,,,,,,
2013-08-29,6.156,6.156,6.156,6.156,0,0.0,,,,,,,,
2013-08-30,6.747,6.747,6.156,6.649,2000,13298.0,,,,,,,,
2013-09-03,6.649,6.649,6.649,6.649,0,0.0,,,,,,,,
2013-09-04,6.846,6.846,6.846,6.846,300,2053.8,,,,,,,,
2013-09-05,6.846,6.846,6.846,6.846,0,0.0,,,,,,,,
2013-09-06,6.846,6.846,6.846,6.846,0,0.0,,,,,,,,
2013-09-09,6.255,6.255,6.255,6.255,500,3127.5,,,,,,,,
2013-09-10,6.255,6.255,6.255,6.255,0,0.0,,,,,,,,
2013-09-11,6.255,6.255,6.255,6.255,0,0.0,,,,,,,,
2013-09-12,6.255,6.255,6.255,6.255,0,0.0,,,,,,,,
2013-09-13,5.664,5.664,5.664,5.664,2200,12460.8,,,,,,,,
2013-09-16,5.664,5.664,5.664,5.664,0,0.0,,,,,,,,
2013-09-17,5.664,5.664,5.664,5.664,0,0.0,,,,,,,,
2013-09-18,5.664,5.664,5.664,5.664,0,0.0,,,,,,,,
2013-09-19,5.664,5.664,5.664,5.664,0,0.0,,,,,,,,
2013-09-20,5.664,5.664,5.664,5.664,500,2832.0,,,,,,,,
2013-09-23,5.664,5.664,5.664,5.664,300,1699.1999999999998,,,,,,,,
2013-09-24,5.664,5.664,5.664,5.664,0,0.0,,,,,,,,
2013-09-25,5.664,5.664,5.664,5.664,5200,29452.8,,,,,,,,
2013-09-26,5.664,5.664,5.664,5.664,0,0.0,,,,,,,,
2013-09-27,5.664,5.664,5.664,5.664,0,0.0,,,,,,,,
2013-09-30,5.541,5.664,5.171,5.664,1200,6796.799999999999,,,,,,,,
2013-10-01,5.664,5.664,5.664,5.664,0,0.0,,,,,,,,
2013-10-02,5.664,5.664,5.639,5.639,14800,83457.2,,,,,,,,
2013-10-03,5.664,5.664,5.664,5.664,1000,5664.0,,,,,,,,
2013-10-04,5.664,5.664,5.664,5.664,0,0.0,,,,,,,,
2013-10-07,5.664,5.664,5.664,5.664,200,1132.8,,,,,,,,
2013-10-08,5.541,5.541,5.541,5.541,1200,6649.200000000001,,,,,,,,
2013-10-09,5.541,5.541,5.541,5.541,0,0.0,,,,,,,,
2013-10-10,5.615,5.664,5.615,5.664,8800,49843.2,,,,,,,,
2013-10-11,5.615,5.664,5.615,5.664,9500,53808.0,,,,,,,,
2013-10-14,5.615,5.664,5.615,5.664,13800,78163.2,,,,,,,,
2013-10-15,5.615,5.615,5.615,5.615,5000,28075.0,,,,,,,,
2013-10-16,5.738,5.738,5.615,5.615,18500,103877.5,,,,,,,,
2013-10-17,5.615,5.615,5.59,5.59,1100,6149.0,,,,,,,,
2013-10-18,5.615,5.615,5.048,5.59,9900,55341.0,,,,,,,,
2013-10-21,5.59,5.59,5.59,5.59,1300,7267.0,,,,,,,,
2013-10-22,5.122,5.59,5.097,5.59,3000,16770.0,,,,,,,,
2013-10-23,5.073,5.516,5.073,5.516,2300,12686.8,,,,,,,,
2013-10-24,5.467,5.491,5.467,5.491,6000,32946.0,,,,,,,,
2013-10-25,5.491,5.491,5.491,5.491,0,0.0,,,,,,,,
2013-10-28,5.467,5.467,5.418,5.418,300,1625.4,,,,,,,,
2013-10-29,5.418,5.59,5.418,5.59,1200,6708.0,,,,,,,,
2013-10-30,5.565,5.59,5.122,5.122,7685,39362.57,,,,,,,,
2013-10-31,5.59,5.59,5.073,5.565,600,3339.0000000000005,,,,,,,,
2013-11-01,5.516,5.59,5.516,5.565,1300,7234.500000000001,,,,,,,,
2013-11-04,5.319,5.615,5.294,5.59,6900,38571.0,,,,,,,,
2013-11-05,5.59,5.615,5.59,5.615,15400,86471.0,,,,,,,,
2013-11-06,5.59,5.615,5.565,5.59,8400,46956.0,,,,,,,,
2013-11-07,5.59,5.59,5.59,5.59,10000,55900.0,,,,,,,,
2013-11-08,5.565,5.59,5.541,5.541,1800,9973.8,,,,,,,,
2013-11-11,5.541,5.541,5.491,5.491,2300,12629.3,,,,,,,,
2013-11-12,5.516,5.516,5.516,5.516,100,551.6,,,,,,,,
2013-11-13,5.516,5.516,5.516,5.516,600,3309.6,,,,,,,,
2013-11-14,5.541,5.565,5.541,5.565,10800,60102.00000000001,,,,,,,,
2013-11-15,5.565,5.565,5.565,5.565,14000,77910.0,,,,,,,,
2013-11-18,5.565,5.59,5.565,5.565,15000,83475.0,,,,,,,,
2013-11-19,5.565,5.565,5.541,5.541,9900,54855.9,,,,,,,,
2013-11-20,5.541,5.541,5.541,5.541,3500,19393.5,,,,,,,,
2013-11-21,5.418,5.565,5.418,5.565,10500,58432.50000000001,,,,,,,,
2013-11-22,5.565,5.565,5.565,5.565,24300,135229.5,,,,,,,,
2013-11-25,5.565,5.565,5.565,5.565,21000,116865.0,,,,,,,,
2013-11-26,5.565,5.565,5.565,5.565,1100,6121.5,,,,,,,,
2013-11-27,5.565,5.565,5.541,5.565,11515,64080.975000000006,,,,,,,,
2013-11-28,5.565,5.565,5.516,5.565,30000,166950.0,,,,,,,,
2013-11-29,5.823,6.08,5.668,6.08,8400,51072.0,,,,,,,,
2013-12-02,5.926,5.926,5.694,5.797,9100,52752.7,,,,,,,,
2013-12-03,5.797,5.797,5.797,5.797,0,0.0,,,,,,,,
2013-12-04,5.668,5.668,5.668,5.668,3300,18704.4,,,,,,,,
2013-12-05,5.668,5.668,5.668,5.668,10815,61299.42,,,,,,,,
2013-12-06,5.668,5.745,5.668,5.745,22600,129837.0,,,,,,,,
2013-12-09,5.668,5.745,5.668,5.72,18810,107593.2,,,,,,,,
2013-12-10,5.874,5.874,5.539,5.874,1600,9398.4,,,,,,,,
2013-12-11,5.926,6.003,5.926,6.003,4300,25812.9,,,,,,,,
2013-12-12,6.003,6.003,6.003,6.003,0,0.0,,,,,,,,
2013-12-13,6.003,6.003,6.003,6.003,0,0.0,,,,,,,,
2013-12-16,5.668,5.694,5.668,5.694,2400,13665.6,,,,,,,,
2013-12-17,5.694,5.694,5.694,5.694,900,5124.6,,,,,,,,
2013-12-18,5.694,5.694,5.694,5.694,0,0.0,,,,,,,,
2013-12-19,5.668,5.668,5.668,5.668,3000,17004.0,,,,,,,,
2013-12-20,5.668,5.668,5.668,5.668,105,595.14,,,,,,,,
2013-12-23,5.72,5.72,5.72,5.72,700,4004.0,,,,,,,,
2013-12-24,5.72,5.745,5.694,5.694,6100,34733.4,,,,,,,,
2013-12-25,5.694,6.261,5.694,5.694,39000,222066.0,,,,,,,,
2013-12-26,5.694,5.694,5.694,5.694,80,455.52,,,,,,,,
2013-12-27,5.771,5.771,5.745,5.745,600,3447.0,,,,,,,,
2013-12-30,5.771,5.874,5.591,5.874,7100,41705.4,,,,,,,,
2013-12-31,5.874,5.874,5.874,5.874,2100,12335.4,,,,,,,,
2014-01-02,5.874,5.951,5.874,5.951,4100,24399.1,,,,,,,,
2014-01-03,6.029,6.029,6.029,6.029,100,602.9,,,,,,,,
2014-01-06,5.874,5.874,5.823,5.823,2330,13567.59,,,,,,,,
2014-01-07,5.823,5.823,5.72,5.72,5320,30430.4,,,,,,,,
2014-01-08,5.771,5.771,5.771,5.771,100,577.1,,,,,,,,
2014-01-09,6.183,6.183,6.132,6.183,15200,93981.6,,,,,,,,
2014-01-10,6.183,6.183,5.951,5.951,2600,15472.6,,,,,,,,
2014-01-13,5.926,6.183,5.797,6.183,12600,77905.8,,,,,,,,
2014-01-14,5.951,5.951,5.951,5.951,100,595.0999999999999,,,,,,,,
2014-01-15,6.235,6.312,6.183,6.183,2500,15457.5,,,,,,,,
2014-01-16,5.926,6.055,5.926,6.055,4600,27853.0,,,,,,,,
2014-01-17,5.926,6.158,5.926,6.158,300,1847.4,,,,,,,,
2014-01-20,6.183,6.57,6.183,6.183,14800,91508.4,,,,,,,,
2014-01-21,6.183,6.183,6.183,6.183,200,1236.6,,,,,,,,
2014-01-22,6.261,6.312,6.183,6.312,11600,73219.2,,,,,,,,
2014-01-23,6.235,6.235,6.235,6.235,4230,26374.050000000003,,,,,,,,
2014-01-24,6.57,6.57,6.57,6.57,1700,11169.0,,,,,,,,
2014-01-27,6.441,6.673,6.441,6.673,12700,84747.1,,,,,,,,
2014-02-06,6.57,6.57,6.57,6.57,100,657.0,,,,,,,,
2014-02-07,6.673,6.673,6.235,6.518,1660,10819.88,,,,,,,,
2014-02-10,6.389,6.389,6.183,6.183,10905,67425.615,,,,,,,,
2014-02-11,6.183,6.312,6.183,6.312,2600,16411.2,,,,,,,,
2014-02-12,6.441,6.441,6.441,6.441,2800,18034.8,,,,,,,,
2014-02-13,6.827,6.956,6.699,6.699,14700,98475.3,,,,,,,,
2014-02-14,6.699,6.699,6.57,6.699,2645,17718.855,,,,,,,,
2014-02-17,6.699,6.776,6.647,6.776,9500,64372.0,,,,,,,,
2014-02-18,6.827,7.343,6.827,7.343,16050,117855.15,,,,,,,,
2014-02-19,7.085,7.085,6.956,6.956,1800,12520.8,,,,,,,,
2014-02-20,6.956,6.956,6.75,6.75,2100,14175.0,,,,,,,,
2014-02-21,6.956,7.214,6.776,7.214,3600,25970.4,,,,,,,,
2014-02-24,6.956,7.188,6.673,7.188,9400,67567.2,,,,,,,,
2014-02-25,6.776,7.729,6.776,7.214,13500,97389.0,,,,,,,,
2014-02-26,7.214,7.214,6.956,7.034,4500,31653.0,,,,,,,,
2014-02-27,7.162,7.162,6.905,7.085,22700,160829.5,,,,,,,,
2014-02-28,6.956,7.472,6.75,7.472,8800,65753.6,,,,,,,,
2014-03-03,7.6,7.6,6.956,7.008,3611,25305.888,,,,,,,,
2014-03-04,6.802,6.802,6.673,6.673,10269,68525.037,,,,,,,,
2014-03-05,7.085,7.085,7.085,7.085,100,708.5,,,,,,,,
2014-03-06,6.827,6.956,6.827,6.956,11600,80689.6,,,,,,,,
2014-03-07,6.827,7.008,6.827,6.853,400,2741.2,,,,,,,,
2014-03-10,6.956,6.956,6.853,6.853,12300,84291.9,,,,,,,,
2014-03-11,6.853,6.956,6.853,6.956,7300,50778.8,,,,,,,,
2014-03-12,6.827,6.956,6.827,6.905,4600,31763.0,,,,,,,,
2014-03-13,6.956,6.982,6.956,6.982,12800,89369.6,,,,,,,,
2014-03-14,7.008,7.008,7.008,7.008,800,5606.4,,,,,,,,
2014-03-17,7.008,7.008,7.008,7.008,450,3153.6,,,,,,,,
2014-03-18,7.214,7.214,7.214,7.214,400,2885.6000000000004,,,,,,,,
2014-03-19,7.188,7.214,7.188,7.188,7510,53981.88,,,,,,,,
2014-03-20,7.343,7.446,7.162,7.162,8120,58155.44,,,,,,,,
2014-03-21,7.162,7.162,6.853,7.162,1000,7162.0,,,,,,,,
2014-03-24,7.162,7.343,7.162,7.343,59000,433237.0,,,,,,,,
2014-03-25,7.472,7.729,7.42,7.42,77100,572082.0,,,,,,,,
2014-03-26,7.6,8.141,7.6,8.141,119319,971375.979,,,,,,,,
2014-03-27,7.729,8.502,7.729,7.729,29410,227309.89,,,,,,,,
2014-03-28,7.729,8.013,7.729,8.013,11400,91348.2,,,,,,,,
2014-03-31,7.729,7.858,7.652,7.858,24000,188592.0,,,,,,,,
2014-04-01,7.858,7.858,7.214,7.703,4500,34663.5,,,,,,,,
2014-04-02,7.214,7.6,7.214,7.497,26900,201669.3,,,,,,,,
2014-04-03,7.343,7.858,7.343,7.858,12600,99010.8,,,,,,,,
2014-04-04,7.807,7.832,7.6,7.755,2600,20163.0,,,,,,,,
2014-04-07,7.832,7.987,7.214,7.291,36300,264663.3,,,,,,,,
2014-04-08,7.91,7.961,7.291,7.317,26300,192437.1,,,,,,,,
2014-04-10,7.343,7.755,7.291,7.343,10700,78570.1,,,,,,,,
2014-04-11,7.369,7.703,7.343,7.703,2400,18487.2,,,,,,,,
2014-04-14,7.343,7.832,7.214,7.703,11500,88584.5,,,,,,,,
2014-04-15,7.214,7.214,7.214,7.214,200,1442.8000000000002,,,,,,,,
2014-04-16,7.755,7.755,7.575,7.6,2700,20520.0,,,,,,,,
2014-04-17,7.549,7.549,6.879,7.446,13700,102010.2,,,,,,,,
2014-04-18,7.446,7.446,7.446,7.446,1000,7446.0,,,,,,,,
2014-04-21,7.42,7.42,7.42,7.42,2500,18550.0,,,,,,,,
2014-04-22,7.034,7.394,7.034,7.214,31300,225798.2,,,,,,,,
2014-04-23,6.699,7.214,6.57,6.724,800,5379.2,,,,,,,,
2014-04-24,7.214,7.214,7.034,7.137,700,4995.9,,,,,,,,
2014-04-25,6.956,7.472,6.956,7.472,9060,67696.32,,,,,,,,
2014-04-28,6.956,7.678,6.931,7.575,20100,152257.5,,,,,,,,
2014-04-29,7.549,7.6,7.008,7.6,2700,20520.0,,,,,,,,
2014-05-05,7.059,7.549,6.853,7.549,8200,61901.8,,,,,,,,
2014-05-06,6.802,7.343,6.802,7.343,1700,12483.1,,,,,,,,
2014-05-07,6.853,7.214,6.827,7.214,3600,25970.4,,,,,,,,
2014-05-08,6.853,6.853,6.493,6.493,2100,13635.3,,,,,,,,
2014-05-09,6.518,6.931,5.926,6.931,11300,78320.3,,,,,,,,
2014-05-12,6.931,6.956,6.261,6.956,9600,66777.6,,,,,,,,
2014-05-13,6.312,6.312,6.261,6.286,32200,202409.2,,,,,,,,
2014-05-14,6.055,6.75,6.055,6.75,7500,50625.0,,,,,,,,
2014-05-15,6.183,6.183,6.08,6.08,13520,82201.6,,,,,,,,
2014-05-16,6.621,6.673,6.621,6.673,1000,6673.0,,,,,,,,
2014-05-19,6.673,6.673,6.673,6.673,0,0.0,,,,,,,,
2014-05-20,6.673,6.673,6.673,6.673,0,0.0,,,,,,,,
2014-05-21,6.029,7.111,6.029,7.111,269,1912.859,,,,,,,,
2014-05-22,7.111,7.162,7.059,7.162,25300,181198.6,,,,,,,,
2014-05-23,7.162,7.162,7.162,7.162,6900,49417.8,,,,,,,,
2014-05-26,7.162,7.188,7.162,7.162,7740,55433.88,,,,,,,,
2014-05-27,7.214,7.265,7.085,7.265,600,4359.0,,,,,,,,
2014-05-28,7.111,7.42,6.982,7.369,1200,8842.8,,,,,,,,
2014-05-29,7.369,7.369,7.369,7.369,0,0.0,,,,,,,,
2014-05-30,6.827,7.472,6.827,7.42,424,3146.08,,,,,,,,
2014-06-02,7.42,7.42,7.42,7.42,500,3710.0,,,,,,,,
2014-06-03,7.42,7.42,7.42,7.42,0,0.0,,,,,,,,
2014-06-04,6.853,6.853,6.853,6.853,100,685.3,,,,,,,,
2014-06-05,6.853,6.853,6.853,6.853,7,47.971,,,,,,,,
2014-06-06,6.879,6.879,6.879,6.879,100,687.9,,,,,,,,
2014-06-09,6.879,6.905,6.699,6.724,6220,41823.28,,,,,,,,
2014-06-10,6.724,6.724,6.57,6.699,8000,53592.0,,,,,,,,
2014-06-11,6.699,6.699,6.699,6.699,0,0.0,,,,,,,,
2014-06-12,6.776,7.085,6.699,6.853,19600,134318.8,,,,,,,,
2014-06-13,7.137,7.137,7.137,7.137,300,2141.1,,,,,,,,
2014-06-16,6.802,7.214,6.802,7.214,200,1442.8000000000002,,,,,,,,
2014-06-17,6.75,7.162,6.75,7.162,200,1432.4,,,,,,,,
2014-06-18,6.879,7.137,6.827,7.137,1100,7850.7,,,,,,,,
2014-06-19,7.111,7.111,7.111,7.111,200,1422.2,,,,,,,,
2014-06-20,6.956,7.188,6.956,7.085,7100,50303.5,,,,,,,,
2014-06-23,7.111,7.291,7.111,7.265,34900,253548.5,,,,,,,,
2014-06-24,7.446,7.652,7.369,7.6,20620,156712.0,,,,,,,,
2014-06-25,7.6,7.6,7.343,7.523,4600,34605.8,,,,,,,,
2014-06-26,7.523,7.523,7.265,7.265,17300,125684.5,,,,,,,,
2014-06-27,7.394,7.394,6.827,7.317,19800,144876.6,,,,,,,,
2014-06-30,7.559,7.559,7.525,7.525,1000,7525.0,,,,,,,,
2014-07-01,7.317,7.421,7.282,7.282,7500,54615.0,,,,,,,,
2014-07-02,7.282,7.559,7.143,7.143,6400,45715.2,,,,,,,,
2014-07-03,7.49,7.49,6.935,7.317,4100,29999.7,,,,,,,,
2014-07-04,7.282,7.455,7.178,7.282,7400,53886.8,,,,,,,,
2014-07-07,6.97,7.004,6.935,6.97,9800,68306.0,,,,,,,,
2014-07-08,7.004,7.004,6.935,6.935,12700,88074.5,,,,,,,,
2014-07-09,7.109,7.109,6.762,6.762,26200,177164.4,,,,,,,,
2014-07-10,6.588,7.282,6.588,7.282,6100,44420.2,,,,,,,,
2014-07-11,6.796,6.935,6.762,6.935,6000,41610.0,,,,,,,,
2014-07-14,6.935,6.935,6.935,6.935,1200,8322.0,,,,,,,,
2014-07-15,7.109,7.247,7.109,7.247,5300,38409.1,,,,,,,,
2014-07-16,7.004,7.004,7.004,7.004,400,2801.6,,,,,,,,
2014-07-17,6.97,7.213,6.97,7.213,300,2163.9,,,,,,,,
2014-07-18,7.109,7.109,7.039,7.074,2900,20514.6,,,,,,,,
2014-07-21,7.213,7.213,7.004,7.004,17645,123585.58,,,,,,,,
2014-07-22,7.074,7.074,7.004,7.039,2200,15485.8,,,,,,,,
2014-07-23,6.935,7.039,6.935,7.039,300,2111.7,,,,,,,,
2014-07-24,6.935,7.039,6.935,7.004,12720,89090.87999999999,,,,,,,,
2014-07-25,6.762,6.9,6.623,6.9,2600,17940.0,,,,,,,,
2014-07-28,6.9,7.213,6.9,6.9,20300,140070.0,,,,,,,,
2014-07-29,6.762,6.9,6.762,6.9,700,4830.0,,,,,,,,
2014-07-30,6.9,6.9,6.9,6.9,0,0.0,,,,,,,,
2014-07-31,6.935,6.935,6.935,6.935,16300,113040.5,,,,,,,,
2014-08-01,6.935,6.935,6.935,6.935,0,0.0,,,,,,,,
2014-08-04,6.935,6.935,6.935,6.935,8000,55480.0,,,,,,,,
2014-08-05,6.935,6.935,6.935,6.935,3500,24272.5,,,,,,,,
2014-08-06,7.109,7.109,7.109,7.109,600,4265.4,,,,,,,,
2014-08-07,7.178,7.282,7.178,7.282,2000,14564.0,,,,,,,,
2014-08-08,7.109,7.109,7.109,7.109,800,5687.2,,,,,,,,
2014-08-11,7.039,7.039,6.97,6.97,2200,15334.0,,,,,,,,
2014-08-12,6.97,6.97,6.97,6.97,0,0.0,,,,,,,,
2014-08-13,6.935,6.97,6.935,6.935,1300,9015.5,,,,,,,,
2014-08-14,7.004,7.004,6.866,6.866,1400,9612.4,,,,,,,,
2014-08-15,6.866,6.9,6.866,6.9,9340,64446.0,,,,,,,,
2014-08-18,6.9,6.935,6.9,6.935,1400,9709.0,,,,,,,,
2014-08-19,6.935,6.935,6.935,6.935,0,0.0,,,,,,,,
2014-08-20,6.935,7.247,6.935,7.109,11050,78554.45,,,,,,,,
2014-08-21,7.282,7.594,7.282,7.559,17400,131526.6,,,,,,,,
2014-08-22,7.975,7.975,7.733,7.733,600,4639.8,,,,,,,,
2014-08-25,7.282,7.317,7.282,7.282,6300,45876.6,,,,,,,,
2014-08-26,7.282,7.282,7.282,7.282,1000,7282.0,,,,,,,,
2014-08-27,7.282,7.282,7.282,7.282,1900,13835.8,,,,,,,,
2014-08-28,7.282,7.282,7.282,7.282,100,728.2,,,,,,,,
2014-08-29,7.351,7.351,7.282,7.282,1000,7282.0,,,,,,,,
2014-09-03,7.421,7.455,7.282,7.282,1400,10194.8,,,,,,,,
2014-09-04,7.247,7.247,7.247,7.247,400,2898.8,,,,,,,,
2014-09-05,7.282,7.282,7.282,7.282,300,2184.6,,,,,,,,
2014-09-08,7.351,7.351,7.282,7.282,24300,176952.6,,,,,,,,
2014-09-09,7.109,7.282,7.109,7.213,51213,369399.369,,,,,,,,
2014-09-10,6.935,7.282,6.935,7.282,31800,231567.6,,,,,,,,
2014-09-11,7.109,7.213,7.109,7.213,50100,361371.3,,,,,,,,
2014-09-12,7.629,7.629,7.213,7.247,3665,26560.255,,,,,,,,
2014-09-15,7.282,7.282,7.213,7.213,4500,32458.5,,,,,,,,
2014-09-16,6.519,7.629,6.519,7.629,527,4020.483,,,,,,,,
2014-09-17,7.039,7.039,6.935,7.039,7723,54362.197,,,,,,,,
2014-09-18,7.109,7.213,7.109,7.213,64700,466681.1,,,,,,,,
2014-09-19,7.213,7.351,7.213,7.282,39700,289095.4,,,,,,,,
2014-09-22,7.282,7.282,7.247,7.247,18260,132330.22,,,,,,,,
2014-09-23,7.213,7.282,7.213,7.213,10500,75736.5,,,,,,,,
2014-09-24,7.282,7.317,7.282,7.282,12500,91025.0,,,,,,,,
2014-09-25,7.282,7.317,7.282,7.282,14630,106535.66,,,,,,,,
2014-09-26,7.317,7.351,7.317,7.351,9400,69099.4,,,,,,,,
2014-09-29,7.421,7.421,7.386,7.386,6700,49486.2,,,,,,,,
2014-09-30,7.386,7.975,7.386,7.975,22570,179995.75,,,,,,,,
2014-10-01,7.629,7.629,7.629,7.629,290,2212.41,,,,,,,,
2014-10-02,7.594,7.629,7.594,7.629,4300,32804.7,,,,,,,,
2014-10-03,7.594,7.629,7.594,7.629,900,6866.099999999999,,,,,,,,
2014-10-06,7.629,7.629,7.629,7.629,3000,22887.0,,,,,,,,
2014-10-07,7.282,7.629,6.935,7.629,400,3051.6,,,,,,,,
2014-10-08,7.629,7.629,7.629,7.629,0,0.0,,,,,,,,
2014-10-09,7.629,7.629,7.629,7.629,0,0.0,,,,,,,,
2014-10-10,7.594,7.629,7.594,7.629,4000,30516.0,,,,,,,,
2014-10-13,6.935,7.629,6.866,7.455,3900,29074.5,,,,,,,,
2014-10-14,7.629,7.629,7.143,7.143,250,1785.75,,,,,,,,
2014-10-15,7.178,7.178,6.935,7.109,4000,28436.0,,,,,,,,
2014-10-16,7.109,7.802,7.109,7.109,14200,100947.8,,,,,,,,
2014-10-17,6.866,6.866,6.831,6.866,1200,8239.199999999999,,,,,,,,
2014-10-20,6.207,7.49,6.207,7.109,900,6398.1,,,,,,,,
2014-10-21,7.421,7.421,7.421,7.421,100,742.1,,,,,,,,
2014-10-22,7.629,7.629,7.455,7.455,4500,33547.5,,,,,,,,
2014-10-23,7.455,7.455,7.247,7.247,2600,18842.2,,,,,,,,
2014-10-24,7.109,7.178,7.109,7.178,600,4306.8,,,,,,,,
2014-10-27,6.588,6.796,6.588,6.796,400,2718.4,,,,,,,,
2014-10-28,6.45,7.421,6.45,7.421,3050,22634.05,,,,,,,,
2014-10-29,7.386,7.455,7.109,7.109,22300,158530.7,,,,,,,,
2014-10-30,7.49,7.49,7.49,7.49,1500,11235.0,,,,,,,,
2014-10-31,7.282,7.386,6.935,7.282,7600,55343.2,,,,,,,,
2014-11-03,7.282,7.282,7.282,7.282,30,218.46,,,,,,,,
2014-11-04,6.935,7.282,6.935,7.282,1920,13981.44,,,,,,,,
2014-11-05,7.004,7.282,7.004,7.282,350,2548.7,,,,,,,,
2014-11-06,7.109,7.247,6.935,7.247,5300,38409.1,,,,,,,,
2014-11-07,6.935,6.935,6.935,6.935,5000,34675.0,,,,,,,,
2014-11-10,6.97,6.97,6.9,6.935,20100,139393.5,,,,,,,,
2014-11-11,7.004,7.039,7.004,7.039,39650,279096.35,,,,,,,,
2014-11-12,7.074,7.074,7.074,7.074,480,3395.52,,,,,,,,
2014-11-13,7.039,7.039,7.039,7.039,9060,63773.34,,,,,,,,
2014-11-14,7.109,7.109,7.109,7.109,4800,34123.2,,,,,,,,
2014-11-17,7.109,7.109,7.109,7.109,2400,17061.6,,,,,,,,
2014-11-18,7.109,7.386,7.109,7.386,25006,184694.316,,,,,,,,
2014-11-19,7.386,7.455,7.386,7.455,23500,175192.5,,,,,,,,
2014-11-20,7.455,7.455,7.455,7.455,0,0.0,,,,,,,,
2014-11-21,7.282,7.421,7.143,7.143,5100,36429.3,,,,,,,,
2014-11-24,7.178,7.178,7.178,7.178,2500,17945.0,,,,,,,,
2014-11-25,7.213,7.455,7.213,7.455,5600,41748.0,,,,,,,,
2014-11-26,7.455,7.455,7.455,7.455,22000,164010.0,,,,,,,,
2014-11-27,7.282,7.455,7.247,7.455,22000,164010.0,,,,,,,,
2014-11-28,7.455,7.455,7.455,7.455,1800,13419.0,,,,,,,,
2014-12-01,7.455,7.455,7.455,7.455,100,745.5,,,,,,,,
2014-12-02,7.282,7.282,7.247,7.247,10000,72470.0,,,,,,,,
2014-12-03,7.282,7.282,7.282,7.282,400,2912.8,,,,,,,,
2014-12-04,7.282,7.282,7.282,7.282,100,728.2,,,,,,,,
2014-12-05,7.282,7.282,7.282,7.282,2878,20957.596,,,,,,,,
2014-12-08,7.282,7.455,7.282,7.282,38600,281085.2,,,,,,,,
2014-12-09,7.282,7.282,7.282,7.282,10700,77917.4,,,,,,,,
2014-12-10,7.282,7.282,7.282,7.282,0,0.0,,,,,,,,
2014-12-11,7.282,7.282,7.282,7.282,0,0.0,,,,,,,,
2014-12-12,7.282,7.282,7.282,7.282,10300,75004.6,,,,,,,,
2014-12-15,7.282,7.282,7.282,7.282,0,0.0,,,,,,,,
2014-12-16,6.554,7.282,6.554,7.282,80736,587919.552,,,,,,,,
2014-12-17,7.109,7.109,7.109,7.109,2838,20175.342,,,,,,,,
2014-12-18,7.282,7.629,7.282,7.629,4900,37382.1,,,,,,,,
2014-12-19,7.282,7.629,7.282,7.629,13800,105280.2,,,,,,,,
2014-12-22,7.802,7.802,7.802,7.802,1600,12483.2,,,,,,,,
2014-12-23,7.629,7.802,7.629,7.802,11000,85822.0,,,,,,,,
2014-12-24,7.629,7.767,7.629,7.767,7830,60815.61,,,,,,,,
2014-12-25,7.629,8.045,7.629,8.045,4500,36202.5,,,,,,,,
2014-12-26,7.663,8.045,7.629,8.045,1700,13676.5,,,,,,,,
2014-12-29,8.669,8.669,8.669,8.669,4000,34676.0,,,,,,,,
2014-12-30,8.842,8.842,8.842,8.842,10000,88420.0,,,,,,,,
2014-12-31,8.669,8.773,8.322,8.773,5635,49435.855,,,,,,,,
2015-01-05,7.906,8.773,7.906,7.941,300,2382.3,,,,,,,,
2015-01-06,7.941,7.941,7.941,7.941,0,0.0,,,,,,,,
2015-01-07,7.941,7.941,7.941,7.941,14,111.174,,,,,,,,
2015-01-08,8.669,8.669,7.663,7.663,200,1532.6,,,,,,,,
2015-01-09,8.392,8.392,8.392,8.392,100,839.1999999999999,,,,,,,,
2015-01-12,8.392,8.392,8.392,8.392,1500,12588.0,,,,,,,,
2015-01-13,8.392,8.392,8.392,8.392,0,0.0,,,,,,,,
2015-01-14,8.392,8.392,8.392,8.392,0,0.0,,,,,,,,
2015-01-15,8.392,8.392,8.392,8.392,23,193.016,,,,,,,,
2015-01-16,8.392,8.392,8.392,8.392,0,0.0,,,,,,,,
2015-01-19,8.322,8.322,8.322,8.322,3000,24966.0,,,,,,,,
2015-01-20,8.322,8.322,8.253,8.253,2700,22283.1,,,,,,,,
2015-01-21,8.253,8.253,8.253,8.253,310,2558.43,,,,,,,,
2015-01-22,8.253,8.253,8.253,8.253,40,330.12,,,,,,,,
2015-01-23,7.455,8.322,7.455,8.322,425,3536.8499999999995,,,,,,,,
2015-01-26,7.975,8.6,7.975,8.6,1150,9890.0,,,,,,,,
2015-01-27,8.322,8.565,8.322,8.565,1100,9421.5,,,,,,,,
2015-01-28,7.733,8.565,7.733,8.565,2600,22269.0,,,,,,,,
2015-01-29,8.565,8.565,8.565,8.565,1000,8565.0,,,,,,,,
2015-01-30,7.837,8.426,7.733,8.426,1100,9268.6,,,,,,,,
2015-02-02,7.594,7.975,7.594,7.802,320,2496.64,,,,,,,,
2015-02-03,7.802,7.802,7.802,7.802,600,4681.2,,,,,,,,
2015-02-04,7.629,8.253,7.629,7.975,3209,25591.775,,,,,,,,
2015-02-05,8.322,8.322,8.322,8.322,100,832.1999999999999,,,,,,,,
2015-02-06,8.253,9.154,8.149,8.149,1500,12223.499999999998,,,,,,,,
2015-02-09,8.218,8.669,8.218,8.669,151565,1313916.985,,,,,,,,
2015-02-10,8.669,8.669,8.669,8.669,0,0.0,,,,,,,,
2015-02-11,8.669,8.669,8.669,8.669,0,0.0,,,,,,,,
2015-02-12,8.322,8.322,8.322,8.322,110,915.42,,,,,,,,
2015-02-13,8.322,8.322,8.322,8.322,0,0.0,,,,,,,,
2015-02-24,8.322,8.496,8.287,8.496,1910,16227.36,,,,,,,,
2015-02-25,8.322,8.634,8.322,8.634,11000,94974.0,,,,,,,,
2015-02-26,8.322,8.322,8.322,8.322,15523,129182.406,,,,,,,,
2015-02-27,8.322,8.322,8.322,8.322,3900,32455.8,,,,,,,,
2015-03-02,8.322,8.322,8.322,8.322,0,0.0,,,,,,,,
2015-03-03,8.6,8.6,8.6,8.6,100,860.0,,,,,,,,
2015-03-04,8.6,8.6,8.6,8.6,0,0.0,,,,,,,,
2015-03-05,8.322,8.322,8.322,8.322,400,3328.8,,,,,,,,
2015-03-06,8.6,8.6,8.322,8.6,59700,513420.0,,,,,,,,
2015-03-09,8.6,8.6,8.6,8.6,0,0.0,,,,,,,,
2015-03-10,8.6,8.704,8.6,8.669,53113,460436.597,,,,,,,,
2015-03-11,8.669,8.669,8.669,8.669,8,69.352,,,,,,,,
2015-03-12,8.669,8.669,8.669,8.669,18,156.042,,,,,,,,
2015-03-13,8.634,8.634,8.357,8.634,600,5180.400000000001,,,,,,,,
2015-03-16,8.634,8.842,7.802,8.842,2300,20336.6,,,,,,,,
2015-03-17,8.322,8.322,8.149,8.149,800,6519.199999999999,,,,,,,,
2015-03-18,8.218,8.218,8.218,8.218,1500,12327.0,,,,,,,,
2015-03-19,8.149,9.016,7.906,9.016,2600,23441.6,,,,,,,,
2015-03-20,9.016,9.016,9.016,9.016,0,0.0,,,,,,,,
2015-03-23,9.016,9.016,9.016,9.016,0,0.0,,,,,,,,
2015-03-24,8.218,8.218,8.114,8.149,2000,16297.999999999998,,,,,,,,
2015-03-25,8.634,8.634,8.634,8.634,3000,25902.0,,,,,,,,
2015-03-26,8.565,8.634,8.565,8.634,5400,46623.6,,,,,,,,
2015-03-27,8.634,8.634,8.634,8.634,0,0.0,,,,,,,,
2015-03-30,7.975,8.6,7.802,8.6,4000,34400.0,,,,,,,,
2015-03-31,8.634,9.016,8.634,9.016,500,4508.0,,,,,,,,
2015-04-01,9.016,9.016,9.016,9.016,0,0.0,,,,,,,,
2015-04-02,8.149,8.149,8.114,8.114,2100,17039.4,,,,,,,,
2015-04-03,8.149,8.149,8.149,8.149,200,1629.7999999999995,,,,,,,,
2015-04-06,8.426,8.53,7.455,7.975,2310,18422.25,,,,,,,,
2015-04-07,8.287,8.287,8.287,8.287,100,828.7,,,,,,,,
2015-04-08,8.287,8.287,8.287,8.287,0,0.0,,,,,,,,
2015-04-09,8.287,8.287,8.287,8.287,1800,14916.600000000002,,,,,,,,
2015-04-10,8.287,8.287,8.287,8.287,1500,12430.500000000002,,,,,,,,
2015-04-13,8.287,8.287,8.287,8.287,0,0.0,,,,,,,,
2015-04-14,7.975,7.975,7.525,7.975,2050,16348.75,,,,,,,,
2015-04-15,8.287,8.287,8.287,8.287,161,1334.207,,,,,,,,
2015-04-16,7.629,8.253,7.629,8.253,200,1650.6,,,,,,,,
2015-04-17,8.183,8.218,8.183,8.218,2100,17257.8,,,,,,,,
2015-04-20,8.357,8.357,8.114,8.114,4210,34159.94,,,,,,,,
2015-04-21,8.114,8.114,8.114,8.114,500,4057.000000000001,,,,,,,,
2015-04-22,8.114,8.114,8.114,8.114,16,129.824,,,,,,,,
2015-04-23,8.322,8.322,8.114,8.114,6500,52741.00000000001,,,,,,,,
2015-04-24,8.114,8.773,7.975,8.149,8100,66006.9,,,,,,,,
2015-04-27,7.975,7.975,7.975,7.975,500,3987.5,,,,,,,,
2015-05-04,7.975,8.287,7.802,8.287,3050,25275.35,,,,,,,,
2015-05-05,7.975,7.975,7.663,7.663,6500,49809.5,,,,,,,,
2015-05-06,7.663,7.663,7.663,7.663,3600,27586.8,,,,,,,,
2015-05-07,7.629,7.629,7.629,7.629,2000,15258.0,,,,,,,,
2015-05-08,7.906,8.045,7.906,8.045,600,4827.0,,,,,,,,
2015-05-11,7.941,8.01,7.941,8.01,1000,8010.0,,,,,,,,
2015-05-12,8.01,8.01,8.01,8.01,11000,88110.0,,,,,,,,
2015-05-13,8.01,8.01,8.01,8.01,200,1602.0,,,,,,,,
2015-05-14,8.01,8.01,8.01,8.01,0,0.0,,,,,,,,
2015-05-15,7.975,8.01,7.629,7.975,11200,89320.0,,,,,,,,
2015-05-18,8.322,8.322,7.975,7.975,5100,40672.5,,,,,,,,
2015-05-19,7.975,7.975,7.975,7.975,0,0.0,,,,,,,,
2015-05-20,7.975,7.975,7.975,7.975,0,0.0,,,,,,,,
2015-05-21,7.975,7.975,7.975,7.975,0,0.0,,,,,,,,
2015-05-22,7.837,8.045,7.802,8.045,5100,41029.5,,,,,,,,
2015-05-25,8.357,8.357,8.357,8.357,1200,10028.4,,,,,,,,
2015-05-26,8.218,8.253,8.01,8.253,1700,14030.1,,,,,,,,
2015-05-27,8.045,8.357,8.01,8.357,1600,13371.2,,,,,,,,
2015-05-28,8.357,9.016,8.357,9.016,6300,56800.8,,,,,,,,
2015-05-29,9.016,9.016,9.016,9.016,0,0.0,,,,,,,,
2015-06-01,8.669,8.669,8.669,8.669,1400,12136.6,,,,,,,,
2015-06-02,8.669,8.669,8.669,8.669,0,0.0,,,,,,,,
2015-06-03,8.669,8.669,8.669,8.669,0,0.0,,,,,,,,
2015-06-04,8.634,8.634,8.149,8.149,300,2444.7,,,,,,,,
2015-06-05,8.426,8.426,8.426,8.426,700,5898.2,,,,,,,,
2015-06-08,8.461,8.669,8.461,8.669,2000,17338.0,,,,,,,,
2015-06-09,8.392,8.392,8.392,8.392,100,839.1999999999999,,,,,,,,
2015-06-10,8.392,9.016,8.392,9.016,2000,18032.0,,,,,,,,
2015-06-11,8.912,9.362,8.912,9.016,2500,22540.0,,,,,,,,
2015-06-12,8.738,8.912,8.704,8.738,10300,90001.4,,,,,,,,
2015-06-15,8.183,8.738,8.183,8.738,200,1747.6,,,,,,,,
2015-06-16,9.217,9.217,8.591,8.591,200,1718.1999999999998,,,,,,,,
2015-06-17,8.627,8.627,8.627,8.627,100,862.7,,,,,,,,
2015-06-18,8.48,8.627,8.48,8.48,5300,44944.0,,,,,,,,
2015-06-19,9.217,9.217,8.296,8.48,4780,40534.4,,,,,,,,
2015-06-22,8.296,8.849,8.259,8.849,8420,74508.58,,,,,,,,
2015-06-23,8.48,9.217,8.48,9.217,5100,47006.7,,,,,,,,
2015-06-24,9.033,9.033,8.48,8.959,2300,20605.7,,,,,,,,
2015-06-25,9.217,9.586,8.48,8.517,5500,46843.5,,,,,,,,
2015-06-26,8.849,9.365,8.48,9.365,6700,62745.5,,,,,,,,
2015-06-29,9.365,9.365,8.849,9.217,8500,78344.5,,,,,,,,
2015-06-30,9.217,9.697,8.48,9.291,11200,104059.2,,,,,,,,
2015-07-01,8.517,9.033,8.48,8.48,3400,28832.0,,,,,,,,
2015-07-02,9.033,9.033,8.48,8.517,6200,52805.4,,,,,,,,
2015-07-03,8.517,9.107,8.517,9.033,6245,56411.085,,,,,,,,
2015-07-06,8.554,8.812,8.48,8.591,5600,48109.6,,,,,,,,
2015-07-07,8.591,8.775,8.591,8.591,6700,57559.7,,,,,,,,
2015-07-08,8.849,9.107,8.664,8.664,18710,162103.44,,,,,,,,
2015-07-09,8.627,8.627,8.48,8.48,7900,66992.0,,,,,,,,
2015-07-10,8.849,8.959,8.738,8.849,8400,74331.6,,,,,,,,
2015-07-13,8.849,9.734,8.849,9.365,99867,935254.455,,,,,,,,
2015-07-14,9.439,9.77,9.365,9.365,45978,430583.97,,,,,,,,
2015-07-15,9.328,9.365,8.996,8.996,10300,92658.8,,,,,,,,
2015-07-16,8.996,9.033,8.886,8.886,35100,311898.6,,,,,,,,
2015-07-17,8.849,8.922,8.664,8.664,81850,709148.4,,,,,,,,
2015-07-20,8.48,9.033,8.48,8.664,37740,326979.36,,,,,,,,
2015-07-21,8.664,8.664,8.48,8.48,36900,312912.0,,,,,,,,
2015-07-22,8.738,8.738,8.48,8.591,13600,116837.6,,,,,,,,
2015-07-23,8.48,8.554,8.48,8.48,4450,37736.0,,,,,,,,
2015-07-24,8.591,8.591,8.443,8.443,4900,41370.7,,,,,,,,
2015-07-27,8.406,8.406,8.406,8.406,700,5884.200000000001,,,,,,,,
2015-07-28,8.406,8.48,8.406,8.406,9600,80697.6,,,,,,,,
2015-07-29,8.369,8.369,8.369,8.369,1600,13390.4,,,,,,,,
2015-07-30,8.369,8.443,8.369,8.406,4400,36986.4,,,,,,,,
2015-07-31,8.332,8.406,8.332,8.369,2100,17574.899999999998,,,,,,,,
2015-08-03,7.779,8.332,7.743,8.332,2200,18330.4,,,,,,,,
2015-08-04,8.369,8.48,8.332,8.48,6400,54272.0,,,,,,,,
2015-08-05,8.664,9.033,8.48,8.775,900,7897.5,,,,,,,,
2015-08-06,8.48,8.627,7.927,8.627,3400,29331.800000000003,,,,,,,,
2015-08-07,8.627,8.775,8.627,8.775,400,3510.0,,,,,,,,
2015-08-10,8.48,8.775,8.48,8.775,2100,18427.5,,,,,,,,
2015-08-11,8.775,8.775,8.775,8.775,0,0.0,,,,,,,,
2015-08-12,8.775,8.775,8.775,8.775,0,0.0,,,,,,,,
2015-08-13,8.738,8.738,8.738,8.738,2500,21845.0,,,,,,,,
2015-08-14,8.369,9.217,8.369,9.217,600,5530.200000000001,,,,,,,,
2015-08-17,8.738,9.033,8.369,8.369,1900,15901.1,,,,,,,,
2015-08-18,8.849,8.849,8.849,8.849,100,884.9,,,,,,,,
2015-08-19,8.849,8.849,8.849,8.849,0,0.0,,,,,,,,
2015-08-20,8.849,8.849,8.849,8.849,0,0.0,,,,,,,,
2015-08-21,8.849,8.849,8.849,8.849,0,0.0,,,,,,,,
2015-08-24,7.964,8.443,7.964,8.443,200,1688.6,,,,,,,,
2015-08-25,8.443,8.443,7.964,8.406,2800,23536.800000000003,,,,,,,,
2015-08-26,8.406,8.664,8.406,8.554,1000,8554.0,,,,,,,,
2015-08-27,8.554,8.775,8.038,8.554,2300,19674.2,,,,,,,,
2015-08-28,8.554,8.554,8.554,8.554,1100,9409.4,,,,,,,,
2015-08-31,8.48,8.48,8.48,8.48,2000,16960.0,,,,,,,,
2015-09-01,8.48,8.48,8.48,8.48,100,848.0,,,,,,,,
2015-09-03,8.406,8.406,8.406,8.406,300,2521.8,,,,,,,,
2015-09-04,8.259,8.296,8.259,8.296,2000,16592.0,,,,,,,,
2015-09-07,8.296,8.296,8.296,8.296,0,0.0,,,,,,,,
2015-09-08,8.296,8.296,8.296,8.296,500,4148.0,,,,,,,,
2015-09-09,8.812,8.812,7.706,7.706,400,3082.4,,,,,,,,
2015-09-10,8.369,8.369,8.369,8.369,100,836.9,,,,,,,,
2015-09-11,8.369,8.369,8.369,8.369,1010,8452.69,,,,,,,,
2015-09-14,7.853,8.259,7.853,8.259,200,1651.8000000000002,,,,,,,,
2015-09-15,8.259,8.259,8.259,8.259,200,1651.8000000000002,,,,,,,,
2015-09-16,7.743,7.816,7.743,7.816,300,2344.8,,,,,,,,
2015-09-17,8.332,8.332,8.332,8.332,100,833.2,,,,,,,,
2015-09-18,7.779,8.443,7.779,8.443,900,7598.7,,,,,,,,
2015-09-21,8.406,8.554,8.406,8.554,200,1710.8,,,,,,,,
2015-09-22,7.853,8.48,7.853,8.48,200,1696.0,,,,,,,,
2015-09-23,8.406,8.406,8.406,8.406,240,2017.44,,,,,,,,
2015-09-24,8.369,8.369,8.369,8.369,300,2510.7,,,,,,,,
2015-09-25,8.406,8.406,8.406,8.406,300,2521.8,,,,,,,,
2015-09-28,8.259,8.259,8.259,8.259,100,825.9000000000001,,,,,,,,
2015-09-29,7.595,8.259,7.595,8.259,2600,21473.4,,,,,,,,
2015-09-30,8.48,8.48,7.595,8.296,1189,9863.944,,,,,,,,
2015-10-01,7.743,7.743,7.743,7.743,1100,8517.300000000001,,,,,,,,
2015-10-02,8.296,8.296,8.259,8.259,400,3303.6000000000004,,,,,,,,
2015-10-05,8.111,8.222,8.111,8.222,300,2466.6,,,,,,,,
2015-10-06,8.185,8.185,8.111,8.111,600,4866.6,,,,,,,,
2015-10-07,7.743,8.185,7.743,8.111,2315,18776.965,,,,,,,,
2015-10-08,8.111,8.148,8.111,8.148,1900,15481.2,,,,,,,,
2015-10-09,8.148,8.148,8.148,8.148,0,0.0,,,,,,,,
2015-10-12,7.927,7.927,7.779,7.779,1700,13224.3,,,,,,,,
2015-10-13,7.964,7.964,7.964,7.964,300,2389.2000000000003,,,,,,,,
2015-10-14,8.296,8.738,8.222,8.554,19900,170224.6,,,,,,,,
2015-10-15,8.664,8.664,8.664,8.664,100,866.4,,,,,,,,
2015-10-16,8.664,8.849,8.664,8.849,5000,44245.0,,,,,,,,
2015-10-19,8.111,8.554,8.111,8.554,6800,58167.2,,,,,,,,
2015-10-20,8.48,8.554,8.48,8.554,1000,8554.0,,,,,,,,
2015-10-21,8.148,8.554,8.148,8.48,419,3553.1200000000003,,,,,,,,
2015-10-22,8.406,8.48,8.406,8.48,2000,16960.0,,,,,,,,
2015-10-23,8.443,8.554,8.443,8.48,12900,109392.0,,,,,,,,
2015-10-26,8.406,8.406,8.406,8.406,1900,15971.4,,,,,,,,
2015-10-27,8.406,8.48,8.369,8.48,11200,94976.0,,,,,,,,
2015-10-28,8.332,8.48,8.332,8.48,900,7632.0,,,,,,,,
2015-10-29,8.48,8.48,8.48,8.48,600,5088.0,,,,,,,,
2015-10-30,8.332,8.48,8.222,8.48,8200,69536.0,,,,,,,,
2015-11-02,8.48,8.48,8.48,8.48,100,848.0,,,,,,,,
2015-11-03,8.48,8.849,8.259,8.664,2500,21660.0,,,,,,,,
2015-11-04,9.217,9.217,8.296,8.664,700,6064.8,,,,,,,,
2015-11-05,8.664,9.291,8.664,9.291,64700,601127.7000000001,,,,,,,,
2015-11-06,9.475,9.77,9.291,9.549,194500,1857280.5,,,,,,,,
2015-11-09,9.77,9.77,9.77,9.77,300,2931.0,,,,,,,,
2015-11-10,9.291,9.623,8.849,9.033,14900,134591.69999999998,,,,,,,,
2015-11-11,9.033,9.033,8.48,8.48,62600,530848.0,,,,,,,,
2015-11-12,8.111,9.033,7.632,8.849,5270,46634.23,,,,,,,,
2015-11-13,9.18,9.18,8.296,8.48,6800,57664.0,,,,,,,,
2015-11-16,8.296,8.812,8.111,8.259,4420,36504.78,,,,,,,,
2015-11-17,7.779,8.185,7.743,8.001,14500,116014.5,,,,,,,,
2015-11-18,8.148,8.554,8.001,8.038,7000,56266.0,,,,,,,,
2015-11-19,8.038,8.443,8.038,8.443,425,3588.275,,,,,,,,
2015-11-20,8.406,8.406,8.406,8.406,300,2521.8,,,,,,,,
2015-11-23,8.443,8.849,8.443,8.849,3200,28316.8,,,,,,,,
2015-11-24,8.591,8.775,8.48,8.738,6000,52428.0,,,,,,,,
2015-11-25,8.738,8.738,8.738,8.738,0,0.0,,,,,,,,
2015-11-26,8.443,8.443,8.443,8.443,2300,19418.9,,,,,,,,
2015-11-27,8.627,8.627,8.627,8.627,200,1725.4,,,,,,,,
2015-11-30,8.849,8.849,8.849,8.849,100,884.9,,,,,,,,
2015-12-01,8.296,8.296,8.296,8.296,910,7549.36,,,,,,,,
2015-12-02,8.406,8.406,8.406,8.406,110,924.66,,,,,,,,
2015-12-03,8.111,8.296,7.964,8.296,4200,34843.2,,,,,,,,
2015-12-04,8.369,8.554,8.369,8.554,3900,33360.6,,,,,,,,
2015-12-07,7.816,8.369,7.816,8.369,3800,31802.2,,,,,,,,
2015-12-08,8.369,8.369,8.369,8.369,0,0.0,,,,,,,,
2015-12-09,8.185,8.259,8.111,8.259,2100,17343.9,,,,,,,,
2015-12-10,8.111,8.111,7.964,8.074,1200,9688.8,,,,,,,,
2015-12-11,8.222,8.332,8.222,8.296,9200,76323.2,,,,,,,,
2015-12-14,8.296,8.296,8.296,8.296,0,0.0,,,,,,,,
2015-12-15,8.296,8.296,8.296,8.296,0,0.0,,,,,,,,
2015-12-16,7.927,8.111,7.816,8.111,3560,28875.160000000003,,,,,,,,
2015-12-17,7.89,8.111,7.743,8.074,4900,39562.6,,,,,,,,
2015-12-18,8.074,8.48,7.743,7.743,12000,92916.0,,,,,,,,
2015-12-21,7.743,7.964,7.743,7.964,5500,43802.0,,,,,,,,
2015-12-22,7.927,8.001,7.927,8.001,2100,16802.1,,,,,,,,
2015-12-23,8.001,8.001,8.001,8.001,0,0.0,,,,,,,,
2015-12-24,7.927,7.927,7.669,7.89,8400,66276.0,,,,,,,,
2015-12-25,8.001,8.001,7.116,7.743,9200,71235.6,,,,,,,,
2015-12-28,8.001,8.001,7.743,7.927,7400,58659.8,,,,,,,,
2015-12-29,7.374,7.853,7.374,7.853,1300,10208.9,,,,,,,,
2015-12-30,7.779,8.111,7.079,8.111,17300,140320.30000000002,,,,,,,,
2015-12-31,7.374,7.964,7.374,7.964,7666,61052.024000000005,,,,,,,,
2016-01-04,7.964,7.964,7.964,7.964,0,0.0,,,,,,,,
2016-01-05,7.484,7.779,7.484,7.595,10200,77469.0,,,,,,,,
2016-01-06,7.374,7.743,7.374,7.743,7400,57298.2,,,,,,,,
2016-01-07,7.558,7.706,7.484,7.706,27600,212685.6,,,,,,,,
2016-01-08,7.521,7.558,7.411,7.411,20900,154889.9,,,,,,,,
2016-01-11,7.411,7.669,7.411,7.448,4600,34260.8,,,,,,,,
2016-01-12,7.448,7.743,7.448,7.521,8400,63176.4,,,,,,,,
2016-01-13,7.521,7.89,7.374,7.374,208900,1540428.6,,,,,,,,
2016-01-14,7.448,7.448,7.374,7.374,352203,2597144.922,,,,,,,,
2016-01-15,6.636,7.558,6.636,7.374,30700,226381.8,,,,,,,,
2016-01-18,6.747,7.411,6.747,7.411,2900,21491.9,,,,,,,,
2016-01-19,7.374,7.374,7.3,7.3,51000,372300.0,,,,,,,,
2016-01-20,7.263,7.374,7.263,7.374,17800,131257.19999999998,,,,,,,,
2016-01-21,7.374,7.374,7.337,7.337,27000,198099.0,,,,,,,,
2016-01-22,7.337,7.337,7.337,7.337,26200,192229.4,,,,,,,,
2016-01-25,7.374,7.374,7.337,7.337,52000,381524.0,,,,,,,,
2016-01-26,7.3,7.337,7.3,7.337,16200,118859.4,,,,,,,,
2016-01-27,7.337,7.374,7.337,7.374,1300,9586.2,,,,,,,,
2016-01-28,7.337,7.374,7.337,7.337,9600,70435.2,,,,,,,,
2016-01-29,7.374,7.374,7.374,7.374,3100,22859.4,,,,,,,,
2016-02-01,7.337,7.337,7.337,7.337,1113,8166.081,,,,,,,,
2016-02-02,6.636,7.374,6.636,7.374,50200,370174.8,,,,,,,,
2016-02-03,7.374,7.669,7.374,7.669,50200,384983.8,,,,,,,,
2016-02-04,7.669,7.743,7.374,7.743,60600,469225.8000000001,,,,,,,,
2016-02-05,7.743,7.743,7.743,7.743,3313,25652.559,,,,,,,,
2016-02-15,7.558,7.558,7.374,7.374,3500,25809.0,,,,,,,,
2016-02-16,7.374,7.374,7.263,7.374,500,3687.0,,,,,,,,
2016-02-17,7.263,7.337,6.636,7.153,56010,400639.53,,,,,,,,
2016-02-18,7.226,7.226,7.226,7.226,1300,9393.8,,,,,,,,
2016-02-19,7.374,7.374,7.19,7.3,1400,10220.0,,,,,,,,
2016-02-22,7.226,7.263,7.079,7.226,23600,170533.6,,,,,,,,
2016-02-23,7.374,7.374,7.005,7.226,14600,105499.6,,,,,,,,
2016-02-24,7.263,7.263,7.263,7.263,100,726.3,,,,,,,,
2016-02-25,7.263,7.3,7.263,7.3,1900,13870.0,,,,,,,,
2016-02-26,7.226,7.263,7.226,7.263,1700,12347.1,,,,,,,,
2016-02-29,7.079,7.153,7.005,7.153,6600,47209.8,,,,,,,,
2016-03-01,7.005,7.153,6.636,7.005,12300,86161.5,,,,,,,,
2016-03-02,7.116,7.153,7.116,7.153,2000,14306.0,,,,,,,,
2016-03-03,7.263,7.263,7.19,7.19,3900,28041.0,,,,,,,,
2016-03-04,7.378,7.378,7.114,7.114,1600,11382.4,,,,,,,,
2016-03-07,7.416,7.416,7.341,7.341,500,3670.5,,,,,,,,
2016-03-08,7.038,7.303,7.0,7.303,28300,206674.9,,,,,,,,
2016-03-09,7.303,7.303,6.962,7.303,6109,44614.027,,,,,,,,
2016-03-10,7.189,7.189,7.0,7.189,22300,160314.7,,,,,,,,
2016-03-11,7.0,7.038,7.0,7.0,4300,30100.0,,,,,,,,
2016-03-14,7.189,7.189,7.0,7.151,1211,8659.860999999999,,,,,,,,
2016-03-15,7.0,7.114,6.962,6.962,2225,15490.45,,,,,,,,
2016-03-16,7.303,7.303,6.962,7.0,8100,56700.0,,,,,,,,
2016-03-17,6.924,7.227,6.887,7.0,22100,154700.0,,,,,,,,
2016-03-18,7.189,7.189,7.0,7.0,900,6300.0,,,,,,,,
2016-03-21,7.189,7.189,7.189,7.189,111,797.979,,,,,,,,
2016-03-22,7.0,7.0,6.811,6.962,24900,173353.8,,,,,,,,
2016-03-23,6.811,6.962,6.697,6.924,21700,150250.80000000002,,,,,,,,
2016-03-24,6.773,6.887,6.66,6.887,6700,46142.9,,,,,,,,
2016-03-25,6.622,6.924,6.47,6.546,55900,365921.4,,,,,,,,
2016-03-28,6.887,6.887,6.811,6.887,3600,24793.2,,,,,,,,
2016-03-29,6.887,7.151,6.887,7.0,7200,50400.0,,,,,,,,
2016-03-30,7.0,7.114,6.962,7.0,6800,47600.0,,,,,,,,
2016-03-31,7.0,7.0,6.849,7.0,5100,35700.0,,,,,,,,
2016-04-01,6.849,6.849,6.849,6.849,300,2054.7000000000003,,,,,,,,
2016-04-04,7.038,7.038,6.962,7.0,13500,94500.0,,,,,,,,
2016-04-05,6.962,7.0,6.962,7.0,400,2800.0,,,,,,,,
2016-04-06,6.887,6.887,6.773,6.887,7100,48897.7,,,,,,,,
2016-04-07,6.962,7.0,6.811,7.0,11200,78400.0,,,,,,,,
2016-04-08,6.962,6.962,6.962,6.962,2800,19493.6,,,,,,,,
2016-04-11,6.962,7.0,6.962,6.962,7200,50126.4,,,,,,,,
2016-04-12,6.811,7.53,6.281,7.189,112300,807324.7,,,,,,,,
2016-04-13,7.568,7.568,7.114,7.114,23610,167961.54,,,,,,,,
2016-04-14,7.189,7.189,7.114,7.114,13000,92482.0,,,,,,,,
2016-04-15,7.114,7.189,7.114,7.189,600,4313.4,,,,,,,,
2016-04-19,7.568,7.568,7.189,7.189,700,5032.3,,,,,,,,
2016-04-20,7.114,7.151,6.811,7.151,16700,119421.7,,,,,,,,
2016-04-21,7.114,7.114,7.114,7.114,40400,287405.6,,,,,,,,
2016-04-22,7.038,7.114,7.038,7.114,10800,76831.2,,,,,,,,
2016-04-25,7.076,7.114,7.0,7.114,3200,22764.8,,,,,,,,
2016-04-26,7.076,7.076,7.076,7.076,5000,35380.0,,,,,,,,
2016-04-27,7.076,7.076,6.962,6.962,95800,666959.6,,,,,,,,
2016-04-28,7.568,7.568,6.962,6.962,10100,70316.2,,,,,,,,
2016-04-29,7.0,7.0,7.0,7.0,7700,53900.0,,,,,,,,
2016-05-04,7.303,7.303,7.303,7.303,100,730.3,,,,,,,,
2016-05-05,7.0,7.189,7.0,7.189,10300,74046.7,,,,,,,,
2016-05-06,7.0,7.0,7.0,7.0,5500,38500.0,,,,,,,,
2016-05-09,7.0,7.0,6.811,6.962,19710,137221.02,,,,,,,,
2016-05-10,6.357,7.0,6.357,6.849,2200,15067.8,,,,,,,,
2016-05-11,6.811,6.811,6.773,6.773,5000,33865.0,,,,,,,,
2016-05-12,6.811,6.849,6.773,6.849,7200,49312.8,,,,,,,,
2016-05-13,6.849,6.849,6.849,6.849,0,0.0,,,,,,,,
2016-05-16,6.811,6.849,6.508,6.849,21500,147253.5,,,,,,,,
2016-05-17,6.849,6.849,6.849,6.849,0,0.0,,,,,,,,
2016-05-18,6.811,6.849,6.735,6.849,5300,36299.7,,,,,,,,
2016-05-19,6.811,6.811,6.811,6.811,500,3405.5,,,,,,,,
2016-05-20,6.811,6.849,6.811,6.811,65500,446120.5,,,,,,,,
2016-05-23,6.811,6.811,6.811,6.811,0,0.0,,,,,,,,
2016-05-24,6.811,6.811,6.811,6.811,100,681.1,,,,,,,,
2016-05-25,6.811,6.811,6.811,6.811,3400,23157.4,,,,,,,,
2016-05-26,6.622,6.811,6.622,6.697,5300,35494.1,,,,,,,,
2016-05-27,6.697,6.811,6.697,6.811,2800,19070.8,,,,,,,,
2016-05-30,6.811,6.811,6.773,6.773,2015,13647.595,,,,,,,,
2016-05-31,6.773,6.773,6.773,6.773,0,0.0,,,,,,,,
2016-06-01,6.773,6.811,6.773,6.811,6200,42228.2,,,,,,,,
2016-06-02,6.811,6.811,6.811,6.811,0,0.0,,,,,,,,
2016-06-03,6.962,6.962,6.697,6.773,7415,50221.795,,,,,,,,
2016-06-06,6.849,6.849,6.735,6.735,700,4714.5,,,,,,,,
2016-06-07,6.735,6.811,6.697,6.811,2000,13622.0,,,,,,,,
2016-06-08,6.811,6.811,6.811,6.811,16000,108976.0,,,,,,,,
2016-06-09,6.735,6.811,6.735,6.811,1100,7492.1,,,,,,,,
2016-06-10,6.811,6.811,6.811,6.811,1000,6811.0,,,,,,,,
2016-06-13,6.811,6.811,6.773,6.773,72911,493826.203,,,,,,,,
2016-06-14,6.811,6.811,6.735,6.735,11100,74758.5,,,,,,,,
2016-06-15,6.811,6.811,6.773,6.773,73600,498492.8,,,,,,,,
2016-06-16,6.773,6.773,6.773,6.773,10,67.72999999999999,,,,,,,,
2016-06-17,6.811,6.811,6.773,6.773,28800,195062.4,,,,,,,,
2016-06-20,6.811,6.811,6.811,6.811,214500,1460959.5,,,,,,,,
2016-06-21,6.811,7.0,6.773,6.962,523001,3641132.962,,,,,,,,
2016-06-22,6.962,7.227,6.924,7.038,916700,6451734.600000001,,,,,,,,
2016-06-23,7.198,7.598,7.198,7.518,214040,1609152.72,,,,,,,,
2016-06-24,7.398,7.678,6.918,7.198,271200,1952097.6,,,,,,,,
2016-06-27,7.198,7.318,6.958,7.198,336400,2421407.2,,,,,,,,
2016-06-28,7.078,7.278,6.998,7.078,93165,659421.87,,,,,,,,
2016-06-29,7.078,7.558,7.078,7.558,447325,3380882.35,,,,,,,,
2016-06-30,7.558,8.118,7.518,7.838,393077,3080937.526,,,,,,,,
2016-07-01,7.838,8.518,7.838,8.438,400170,3376634.4600000004,,,,,,,,
2016-07-04,8.398,8.598,8.278,8.278,337525,2794031.95,,,,,,,,
2016-07-05,8.238,8.558,7.998,8.038,456030,3665569.14,,,,,,,,
2016-07-06,8.078,8.358,7.918,8.158,413610,3374230.38,,,,,,,,
2016-07-07,8.158,8.518,8.158,8.518,411560,3505668.08,,,,,,,,
2016-07-08,8.558,8.918,8.518,8.598,470100,4041919.8,,,,,,,,
2016-07-11,8.758,8.758,8.078,8.198,253900,2081472.2,,,,,,,,
2016-07-12,8.278,8.278,7.958,8.038,252910,2032890.58,,,,,,,,
2016-07-13,8.078,8.478,8.078,8.238,202830,1670913.5399999998,,,,,,,,
2016-07-14,8.358,8.598,8.278,8.278,416910,3451180.98,,,,,,,,
2016-07-15,8.358,8.358,8.158,8.318,158650,1319650.7,,,,,,,,
2016-07-18,8.398,8.398,8.278,8.278,162710,1346913.38,,,,,,,,
2016-07-19,8.318,8.318,8.078,8.118,234430,1903102.74,,,,,,,,
2016-07-20,8.118,8.118,7.998,8.078,108040,872747.1199999999,,,,,,,,
2016-07-21,7.998,8.078,7.838,7.958,197720,1573455.76,,,,,,,,
2016-07-22,7.878,7.878,7.718,7.798,274700,2142110.6,,,,,,,,
2016-07-25,7.758,7.958,7.598,7.758,109200,847173.6,,,,,,,,
2016-07-26,7.958,7.958,7.758,7.798,36400,283847.2,,,,,,,,
2016-07-27,7.918,8.278,7.758,7.998,390900,3126418.2,,,,,,,,
2016-07-28,8.278,8.278,7.958,7.958,49520,394080.16,,,,,,,,
2016-07-29,7.958,7.998,7.958,7.958,29100,231577.8,,,,,,,,
2016-08-01,7.998,7.998,7.798,7.798,89000,694022.0,,,,,,,,
2016-08-02,7.758,7.758,7.438,7.598,334100,2538491.8,,,,,,,,
2016-08-03,7.598,7.678,7.598,7.638,74600,569794.8,,,,,,,,
2016-08-04,8.078,8.078,7.518,7.598,151600,1151856.8,,,,,,,,
2016-08-05,7.598,7.598,7.518,7.598,153600,1167052.8,,,,,,,,
2016-08-08,7.598,7.838,7.598,7.758,99700,773472.6,,,,,,,,
2016-08-09,7.838,7.838,7.678,7.718,174000,1342932.0,,,,,,,,
2016-08-10,8.078,8.078,7.638,7.838,119800,938992.4,,,,,,,,
2016-08-11,7.838,7.878,7.798,7.838,123800,970344.4,,,,,,,,
2016-08-12,7.838,7.878,7.838,7.838,88500,693663.0,,,,,,,,
2016-08-15,7.838,7.878,7.798,7.838,81800,641148.4,,,,,,,,
2016-08-16,7.998,7.998,7.798,7.798,95920,747984.16,,,,,,,,
2016-08-17,7.798,8.558,7.798,8.278,889810,7365847.180000001,,,,,,,,
2016-08-18,8.558,8.878,8.278,8.398,425200,3570829.6,,,,,,,,
2016-08-19,8.438,8.598,8.358,8.438,207760,1753078.88,,,,,,,,
2016-08-22,8.598,8.598,8.118,8.118,238310,1934600.58,,,,,,,,
2016-08-23,8.238,8.238,7.878,8.038,248350,1996237.3,,,,,,,,
2016-08-24,8.038,8.278,8.038,8.158,141100,1151093.7999999998,,,,,,,,
2016-08-25,8.158,8.238,8.118,8.158,145900,1190252.2,,,,,,,,
2016-08-26,8.438,8.438,8.198,8.278,259860,2151121.08,,,,,,,,
2016-08-29,8.398,8.478,8.278,8.278,551110,4562088.58,,,,,,,,
2016-08-30,8.478,8.518,8.278,8.358,312975,2615845.0500000003,,,,,,,,
2016-08-31,8.478,8.718,8.398,8.718,372120,3244142.16,,,,,,,,
2016-09-01,8.678,8.838,8.558,8.598,270250,2323609.5,,,,,,,,
2016-09-05,8.638,8.638,8.438,8.558,171890,1471034.62,,,,,,,,
2016-09-06,8.558,8.558,8.318,8.318,315300,2622665.4,,,,,,,,
2016-09-07,8.278,8.278,8.078,8.198,320085,2624056.83,,,,,,,,
2016-09-08,8.278,8.478,8.238,8.358,151210,1263813.1800000002,,,,,,,,
2016-09-09,8.318,8.518,8.318,8.398,145200,1219389.6,,,,,,,,
2016-09-12,8.398,8.438,8.238,8.278,125280,1037067.84,,,,,,,,
2016-09-13,8.358,8.438,8.278,8.358,116895,977008.41,,,,,,,,
2016-09-14,8.358,8.678,8.358,8.518,336885,2869586.43,,,,,,,,
2016-09-15,8.438,8.518,8.358,8.358,204700,1710882.6,,,,,,,,
2016-09-16,8.358,8.398,8.358,8.398,60200,505559.6,,,,,,,,
2016-09-19,8.398,8.438,8.278,8.438,139700,1178788.6,,,,,,,,
2016-09-20,8.478,8.478,8.358,8.398,153500,1289093.0,,,,,,,,
2016-09-21,8.398,8.718,8.398,8.678,260105,2257191.1900000004,,,,,,,,
2016-09-22,8.678,9.078,8.678,8.798,211985,1865044.03,,,,,,,,
2016-09-23,8.798,8.958,8.638,8.718,86410,753322.38,,,,,,,,
2016-09-26,8.718,8.718,8.558,8.678,73310,636184.18,,,,,,,,
2016-09-27,8.638,8.878,8.638,8.838,210945,1864331.91,,,,,,,,
2016-09-28,8.678,8.958,8.678,8.878,152782,1356398.596,,,,,,,,
2016-09-29,8.878,9.038,8.838,8.918,268970,2398674.46,,,,,,,,
2016-09-30,8.918,8.998,8.838,8.838,138320,1222472.16,,,,,,,,
2016-10-03,8.838,8.878,8.798,8.798,96710,850854.58,,,,,,,,
2016-10-04,8.798,8.998,8.798,8.838,245290,2167873.02,,,,,,,,
2016-10-05,8.798,8.878,8.798,8.798,134109,1179890.982,,,,,,,,
2016-10-06,8.798,8.878,8.798,8.798,110565,972750.87,,,,,,,,
2016-10-07,8.798,8.798,8.598,8.598,191680,1648064.64,,,,,,,,
2016-10-10,8.598,8.598,8.358,8.358,139301,1164277.758,,,,,,,,
2016-10-11,8.358,8.358,8.158,8.278,126905,1050519.59,,,,,,,,
2016-10-12,8.278,8.558,8.278,8.398,42180,354227.64,,,,,,,,
2016-10-13,8.398,8.438,8.398,8.398,151900,1275656.2,,,,,,,,
2016-10-14,8.358,8.398,8.278,8.358,105905,885153.9900000001,,,,,,,,
2016-10-17,8.358,8.438,8.238,8.238,177510,1462327.38,,,,,,,,
2016-10-18,8.238,8.438,8.238,8.438,392480,3311746.24,,,,,,,,
2016-10-19,8.318,8.318,8.198,8.198,63793,522975.014,,,,,,,,
2016-10-20,8.198,8.238,8.118,8.118,71700,582060.6,,,,,,,,
2016-10-21,8.158,8.158,8.078,8.078,114100,921699.8,,,,,,,,
2016-10-24,8.158,8.158,7.918,7.958,43463,345878.554,,,,,,,,
2016-10-25,7.878,7.998,7.878,7.958,95100,756805.8,,,,,,,,
2016-10-26,7.958,7.998,7.958,7.958,68800,547510.4,,,,,,,,
2016-10-27,7.918,7.998,7.918,7.958,23610,187888.38,,,,,,,,
2016-10-28,8.038,8.158,7.958,7.998,67540,540184.92,,,,,,,,
2016-10-31,8.078,8.278,8.038,8.038,115973,932190.974,,,,,,,,
2016-11-01,8.038,8.318,8.038,8.278,24665,204176.87,,,,,,,,
2016-11-02,8.318,8.438,8.158,8.398,291900,2451376.2,,,,,,,,
2016-11-03,8.278,8.438,8.198,8.198,283250,2322083.5,,,,,,,,
2016-11-04,8.398,8.398,8.198,8.238,129750,1068880.5,,,,,,,,
2016-11-07,8.238,8.398,8.198,8.398,116800,980886.4,,,,,,,,
2016-11-08,8.238,8.438,8.238,8.278,194917,1613522.926,,,,,,,,
2016-11-09,8.358,8.398,8.238,8.238,84100,692815.7999999999,,,,,,,,
2016-11-10,8.398,8.398,8.358,8.398,125310,1052353.38,,,,,,,,
2016-11-11,8.398,8.838,8.398,8.798,372484,3277114.232,,,,,,,,
2016-11-14,8.798,8.838,8.798,8.838,38300,338495.4,,,,,,,,
2016-11-15,8.838,8.838,8.678,8.718,51790,451505.22,,,,,,,,
2016-11-16,9.198,9.198,8.678,8.678,13514,117274.492,,,,,,,,
2016-11-17,8.718,8.718,8.638,8.638,6470,55887.86,,,,,,,,
2016-11-18,8.638,8.638,8.198,8.198,10790,88456.42,,,,,,,,
2016-11-21,8.358,8.478,8.318,8.318,33100,275325.8,,,,,,,,
2016-11-22,8.438,8.598,8.398,8.478,27300,231449.4,,,,,,,,
2016-11-23,8.478,8.558,8.318,8.318,21900,182164.2,,,,,,,,
2016-11-24,8.398,8.438,8.318,8.358,53300,445481.4,,,,,,,,
2016-11-25,8.438,8.438,8.318,8.398,33300,279653.4,,,,,,,,
2016-11-28,8.318,8.398,8.318,8.318,58600,487434.8,,,,,,,,
2016-11-29,8.358,8.398,8.198,8.198,36500,299227.0,,,,,,,,
2016-11-30,8.198,8.438,8.198,8.398,46800,393026.4,,,,,,,,
2016-12-01,8.398,8.398,8.358,8.358,44700,373602.6,,,,,,,,
2016-12-02,8.398,8.398,8.398,8.398,7000,58786.0,,,,,,,,
2016-12-05,8.398,8.398,8.198,8.198,19200,157401.6,,,,,,,,
2016-12-06,8.198,8.398,8.198,8.398,64700,543350.6,,,,,,,,
2016-12-07,8.278,8.398,8.238,8.398,28800,241862.4,,,,,,,,
2016-12-08,8.398,8.678,8.238,8.238,112867,929798.346,,,,,,,,
2016-12-09,8.398,8.398,8.238,8.238,28600,235606.8,,,,,,,,
2016-12-12,8.198,8.398,8.198,8.398,69600,584500.7999999999,,,,,,,,
2016-12-13,8.398,8.398,8.398,8.398,44900,377070.2,,,,,,,,
2016-12-14,8.398,8.438,8.398,8.438,22200,187323.6,,,,,,,,
2016-12-15,8.398,8.398,8.318,8.398,22800,191474.4,,,,,,,,
2016-12-16,8.398,8.438,8.398,8.398,8600,72222.8,,,,,,,,
2016-12-19,8.398,8.398,8.358,8.398,16400,137727.19999999998,,,,,,,,
2016-12-20,8.398,8.398,8.398,8.398,11827,99323.146,,,,,,,,
2016-12-21,8.398,8.398,8.398,8.398,8400,70543.2,,,,,,,,
2016-12-22,8.398,8.398,8.398,8.398,42100,353555.8,,,,,,,,
2016-12-23,8.358,8.358,8.358,8.358,500,4179.0,,,,,,,,
2016-12-26,8.398,8.398,8.398,8.398,7600,63824.8,,,,,,,,
2016-12-27,8.398,8.398,8.358,8.398,19127,160628.546,,,,,,,,
2016-12-28,8.398,8.478,8.398,8.398,20500,172159.0,,,,,,,,
2016-12-29,8.398,8.478,8.398,8.478,10770,91308.06,,,,,,,,
2016-12-30,8.478,8.478,8.398,8.478,21100,178885.8,,,,,,,,
2017-01-03,8.478,8.478,8.478,8.478,5000,42390.0,,,,,,,,
2017-01-04,8.598,8.798,8.598,8.798,113200,995933.6,,,,,,,,
2017-01-05,8.798,8.838,8.798,8.838,67200,593913.6,,,,,,,,
2017-01-06,8.838,8.838,8.838,8.838,127,1122.426,,,,,,,,
2017-01-09,8.798,8.798,8.798,8.798,7700,67744.6,,,,,,,,
2017-01-10,8.758,8.758,8.478,8.758,13200,115605.6,,,,,,,,
2017-01-11,8.598,8.758,7.998,8.758,80300,703267.3999999999,,,,,,,,
2017-01-12,8.758,9.198,8.758,9.198,105317,968705.766,,,,,,,,
2017-01-13,9.198,9.398,9.198,9.278,454500,4216851.0,,,,,,,,
2017-01-16,9.398,9.478,9.238,9.398,78810,740656.38,,,,,,,,
2017-01-17,9.398,10.077,9.398,10.077,179250,1806302.25,,,,,,,,
2017-01-18,10.077,10.397,10.077,10.237,2234407,22873624.459,,,,,,,,
2017-01-19,10.237,10.237,10.197,10.237,2644200,27068675.4,,,,,,,,
2017-01-20,10.237,10.277,10.237,10.277,524265,5387871.404999999,,,,,,,,
2017-01-23,10.237,10.517,10.237,10.277,189010,1942455.77,,,,,,,,
2017-01-24,10.237,10.237,10.237,10.237,35500,363413.5,,,,,,,,
2017-01-25,9.518,10.077,9.438,9.438,11250,106177.5,,,,,,,,
2017-02-02,9.797,9.797,9.438,9.438,13710,129394.98,,,,,,,,
2017-02-03,9.518,9.518,9.398,9.398,10000,93980.0,,,,,,,,
2017-02-06,9.438,9.478,8.878,8.878,8500,75463.0,,,,,,,,
2017-02-07,8.878,9.198,8.878,9.118,14000,127652.0,,,,,,,,
2017-02-08,9.198,9.198,9.198,9.198,1600,14716.8,,,,,,,,
2017-02-09,9.078,9.198,9.078,9.198,1300,11957.4,,,,,,,,
2017-02-10,9.198,9.278,9.198,9.278,1600,14844.8,,,,,,,,
2017-02-13,9.198,9.757,9.198,9.757,11300,110254.1,,,,,,,,
2017-02-14,9.158,9.198,9.118,9.118,6700,61090.600000000006,,,,,,,,
2017-02-15,9.118,9.118,9.118,9.118,0,0.0,,,,,,,,
2017-02-16,8.998,9.038,8.998,8.998,7300,65685.4,,,,,,,,
2017-02-17,9.038,9.038,8.998,8.998,17800,160164.4,,,,,,,,
2017-02-20,9.038,9.038,9.038,9.038,33300,300965.4,,,,,,,,
2017-02-21,9.078,9.078,8.958,8.958,35365,316799.67,,,,,,,,
2017-02-22,9.038,9.078,8.958,8.998,42900,386014.2,,,,,,,,
2017-02-23,8.998,8.998,8.958,8.958,12400,111079.2,,,,,,,,
2017-02-24,8.958,9.078,8.958,9.078,5600,50836.8,,,,,,,,
2017-02-27,8.958,9.038,8.918,9.038,2765,24990.07,,,,,,,,
2017-02-28,8.998,9.038,8.838,9.038,12900,116590.2,,,,,,,,
2017-03-01,8.998,8.998,8.958,8.998,9950,89530.09999999999,,,,,,,,
2017-03-02,8.958,8.998,8.798,8.798,9320,81997.36,,,,,,,,
2017-03-03,8.878,9.198,8.878,9.198,22800,209714.4,,,,,,,,
2017-03-06,9.158,9.158,9.078,9.078,5710,51835.38,,,,,,,,
2017-03-07,9.158,9.158,9.158,9.158,100,915.8,,,,,,,,
2017-03-08,8.798,9.118,8.798,9.078,21200,192453.6,,,,,,,,
2017-03-09,9.158,9.677,9.158,9.597,73800,708258.6,,,,,,,,
2017-03-10,9.597,9.797,9.557,9.797,66300,649541.1000000001,,,,,,,,
2017-03-13,9.597,9.597,9.478,9.478,1000,9478.0,,,,,,,,
2017-03-14,9.757,9.917,9.717,9.917,37400,370895.8,,,,,,,,
2017-03-15,9.917,10.077,9.917,10.077,62700,631827.9,,,,,,,,
2017-03-16,10.157,10.197,9.877,10.117,75000,758775.0000000001,,,,,,,,
2017-03-17,10.117,10.117,9.877,10.037,8500,85314.5,,,,,,,,
2017-03-20,9.917,9.997,9.637,9.797,35330,346128.01,,,,,,,,
2017-03-21,9.797,9.877,9.637,9.877,23310,230232.87,,,,,,,,
2017-03-22,9.797,9.997,9.597,9.997,21100,210936.7,,,,,,,,
2017-03-23,9.997,9.997,9.997,9.997,0,0.0,,,,,,,,
2017-03-24,9.997,9.997,9.917,9.997,39060,390482.82,,,,,,,,
2017-03-27,9.238,9.597,9.198,9.597,4100,39347.7,,,,,,,,
2017-03-28,9.398,9.797,9.278,9.797,11310,110804.07,,,,,,,,
2017-03-29,9.438,9.877,9.278,9.877,16305,161044.48500000002,,,,,,,,
2017-03-30,9.797,9.877,9.597,9.877,30400,300260.80000000005,,,,,,,,
2017-03-31,10.357,10.397,9.637,10.157,66300,673409.1,,,,,,,,
2017-04-03,10.157,10.157,9.877,9.877,200,1975.4,,,,,,,,
2017-04-04,9.797,9.997,9.637,9.997,2100,20993.7,,,,,,,,
2017-04-05,9.917,9.917,9.917,9.917,1000,9917.0,,,,,,,,
2017-04-07,9.917,9.917,9.917,9.917,0,0.0,,,,,,,,
2017-04-10,9.637,9.637,9.637,9.637,200,1927.4,,,,,,,,
2017-04-11,9.637,9.637,9.637,9.637,0,0.0,,,,,,,,
2017-04-12,9.597,9.597,9.518,9.518,1500,14277.000000000002,,,,,,,,
2017-04-13,9.518,9.557,9.518,9.557,5200,49696.4,,,,,,,,
2017-04-14,9.557,9.557,9.557,9.557,0,0.0,,,,,,,,
2017-04-17,9.518,9.518,9.478,9.478,1100,10425.8,,,,,,,,
2017-04-18,9.518,9.518,9.198,9.198,10500,96579.0,,,,,,,,
2017-04-19,9.318,9.318,9.158,9.318,9200,85725.59999999999,,,,,,,,
2017-04-20,9.358,9.398,9.358,9.398,6600,62026.8,,,,,,,,
2017-04-21,9.438,9.438,9.398,9.398,34200,321411.6,,,,,,,,
2017-04-24,9.478,9.478,9.398,9.438,9700,91548.6,,,,,,,,
2017-04-25,9.438,9.518,9.438,9.478,45800,434092.4,,,,,,,,
2017-04-26,9.597,9.997,9.597,9.997,39200,391882.4,,,,,,,,
2017-04-27,9.997,10.077,9.917,10.077,10840,109234.68,,,,,,,,
2017-04-28,9.997,10.077,9.997,10.077,27020,272280.54,,,,,,,,
2017-05-03,9.997,10.077,9.997,9.997,31000,309907.0,,,,,,,,
2017-05-04,9.518,9.518,9.198,9.198,1400,12877.2,,,,,,,,
2017-05-05,9.597,9.677,9.597,9.677,9100,88060.7,,,,,,,,
2017-05-08,9.997,10.397,9.757,9.797,95500,935613.5,,,,,,,,
2017-05-09,9.797,10.317,9.797,10.317,100630,1038199.71,,,,,,,,
2017-05-10,10.197,10.317,10.197,10.317,28500,294034.5,,,,,,,,
2017-05-11,10.197,10.317,10.197,10.317,22020,227180.34,,,,,,,,
2017-05-12,10.277,10.317,10.197,10.277,36700,377165.9,,,,,,,,
2017-05-15,10.197,10.277,10.197,10.277,25740,264529.98,,,,,,,,
2017-05-16,10.197,10.277,10.197,10.277,6700,68855.9,,,,,,,,
2017-05-17,10.237,10.277,10.237,10.277,6000,61661.99999999999,,,,,,,,
2017-05-18,10.037,10.237,10.037,10.237,6100,62445.7,,,,,,,,
2017-05-19,10.197,10.197,10.197,10.197,5500,56083.49999999999,,,,,,,,
2017-05-22,10.077,10.077,10.037,10.037,6500,65240.50000000001,,,,,,,,
2017-05-23,10.037,10.037,10.037,10.037,0,0.0,,,,,,,,
2017-05-24,10.037,10.037,10.037,10.037,0,0.0,,,,,,,,
2017-05-25,10.117,10.117,10.117,10.117,200,2023.4,,,,,,,,
2017-05-26,9.717,9.997,9.717,9.997,200,1999.4,,,,,,,,
2017-05-29,9.997,9.997,9.997,9.997,100,999.7,,,,,,,,
2017-05-30,9.917,9.997,9.917,9.917,400,3966.8,,,,,,,,
2017-05-31,10.506,10.506,10.296,10.296,400,4118.4,,,,,,,,
2017-06-01,9.96,9.96,9.96,9.96,320,3187.2000000000003,,,,,,,,
2017-06-02,9.96,10.296,9.96,10.296,2700,27799.2,,,,,,,,
2017-06-05,10.296,10.296,10.296,10.296,0,0.0,,,,,,,,
2017-06-06,10.296,10.296,10.296,10.296,0,0.0,,,,,,,,
2017-06-07,10.086,10.086,10.086,10.086,2000,20172.0,,,,,,,,
2017-06-08,9.371,10.086,9.371,10.086,18300,184573.8,,,,,,,,
2017-06-09,10.086,10.128,10.086,10.128,10000,101280.0,,,,,,,,
2017-06-12,10.086,10.086,10.086,10.086,1000,10086.0,,,,,,,,
2017-06-13,10.254,10.296,10.086,10.17,8200,83394.0,,,,,,,,
2017-06-14,10.086,10.212,10.086,10.086,6300,63541.8,,,,,,,,
2017-06-15,10.086,10.086,10.086,10.086,10,100.86,,,,,,,,
2017-06-16,10.17,10.17,10.17,10.17,1100,11187.0,,,,,,,,
2017-06-19,10.17,10.17,10.17,10.17,0,0.0,,,,,,,,
2017-06-20,10.044,10.086,10.044,10.086,1110,11195.46,,,,,,,,
2017-06-21,10.086,10.086,9.245,10.044,500,5022.0,,,,,,,,
2017-06-22,10.044,10.044,10.044,10.044,300,3013.2000000000003,,,,,,,,
2017-06-23,10.044,10.044,10.044,10.044,3050,30634.2,,,,,,,,
2017-06-26,10.044,10.044,10.044,10.044,0,0.0,,,,,,,,
2017-06-27,9.876,9.876,9.876,9.876,200,1975.2,,,,,,,,
2017-06-28,9.876,10.086,9.665,10.086,2264,22834.704,,,,,,,,
2017-06-29,11.094,11.094,9.707,10.086,17100,172470.6,,,,,,,,
2017-06-30,10.086,10.086,10.086,10.086,2636,26586.696,,,,,,,,
2017-07-03,10.086,10.086,10.086,10.086,0,0.0,,,,,,,,
2017-07-04,10.086,10.086,10.086,10.086,0,0.0,,,,,,,,
2017-07-05,10.002,10.254,10.002,10.17,22300,226791.0,,,,,,,,
2017-07-06,10.17,10.17,10.17,10.17,10120,102920.4,,,,,,,,
2017-07-07,10.17,10.17,10.17,10.17,0,0.0,,,,,,,,
2017-07-10,10.17,10.17,10.17,10.17,178,1810.26,,,,,,,,
2017-07-11,9.245,9.371,9.245,9.371,2100,19679.1,,,,,,,,
2017-07-12,9.371,9.371,9.371,9.371,0,0.0,,,,,,,,
2017-07-13,9.371,9.371,9.371,9.371,0,0.0,,,,,,,,
2017-07-14,10.128,10.128,10.128,10.128,100,1012.8,,,,,,,,
2017-07-17,9.665,9.665,9.665,9.665,210,2029.65,,,,,,,,
2017-07-18,9.539,9.539,9.539,9.539,510,4864.889999999999,,,,,,,,
2017-07-19,9.665,9.665,9.539,9.539,2700,25755.3,,,,,,,,
2017-07-20,9.96,9.96,9.665,9.665,905,8746.824999999999,,,,,,,,
2017-07-21,10.128,10.128,9.455,9.455,1877,17747.035,,,,,,,,
2017-07-24,9.455,10.128,9.455,9.497,4900,46535.3,,,,,,,,
2017-07-25,10.17,10.17,10.17,10.17,100,1017.0,,,,,,,,
2017-07-26,10.044,10.086,10.002,10.086,1720,17347.920000000002,,,,,,,,
2017-07-27,10.044,10.17,9.245,10.128,48100,487156.8,,,,,,,,
2017-07-28,10.086,10.506,10.086,10.506,1010,10611.06,,,,,,,,
2017-07-31,10.464,10.464,10.464,10.464,1010,10568.64,,,,,,,,
2017-08-01,10.338,10.338,10.338,10.338,1000,10338.0,,,,,,,,
2017-08-02,10.338,10.338,10.338,10.338,0,0.0,,,,,,,,
2017-08-03,10.044,10.044,9.918,9.918,4410,43738.38,,,,,,,,
2017-08-04,9.918,9.918,9.918,9.918,0,0.0,,,,,,,,
2017-08-07,9.918,9.918,9.918,9.918,160,1586.88,,,,,,,,
2017-08-08,9.918,10.002,9.665,9.665,4210,40689.65,,,,,,,,
2017-08-09,9.665,9.665,9.623,9.623,500,4811.5,,,,,,,,
2017-08-10,9.876,9.876,9.623,9.623,1110,10681.53,,,,,,,,
2017-08-11,9.665,9.665,9.455,9.455,1500,14182.5,,,,,,,,
2017-08-14,9.707,9.707,9.707,9.707,100,970.7,,,,,,,,
2017-08-15,9.707,9.707,9.707,9.707,10,97.07,,,,,,,,
2017-08-16,9.707,9.707,9.707,9.707,0,0.0,,,,,,,,
2017-08-17,10.422,10.422,9.581,9.581,200,1916.2,,,,,,,,
2017-08-18,9.876,9.876,9.833,9.833,430,4228.1900000000005,,,,,,,,
2017-08-21,9.833,9.918,9.833,9.833,15467,152087.011,,,,,,,,
2017-08-22,9.833,9.833,9.833,9.833,0,0.0,,,,,,,,
2017-08-23,9.96,9.96,9.96,9.96,100,996.0,,,,,,,,
2017-08-24,10.002,10.002,10.002,10.002,100,1000.2,,,,,,,,
2017-08-25,9.96,10.044,9.96,10.002,800,8001.6,,,,,,,,
2017-08-28,10.758,10.758,10.758,10.758,107,1151.106,,,,,,,,
2017-08-29,10.506,11.136,10.506,11.136,5140,57239.03999999999,,,,,,,,
2017-08-30,10.926,10.926,10.8,10.926,36900,403169.4,,,,,,,,
2017-08-31,11.304,11.304,11.304,11.304,5000,56520.0,,,,,,,,
2017-09-01,11.304,11.304,11.304,11.304,0,0.0,,,,,,,,
2017-09-05,11.304,11.304,11.304,11.304,0,0.0,,,,,,,,
2017-09-06,11.304,11.304,11.304,11.304,0,0.0,,,,,,,,
2017-09-07,11.094,11.094,11.094,11.094,400,4437.599999999999,,,,,,,,
2017-09-08,11.094,11.094,11.094,11.094,0,0.0,,,,,,,,
2017-09-11,11.094,11.094,11.094,11.094,0,0.0,,,,,,,,
2017-09-12,11.094,11.094,11.094,11.094,0,0.0,,,,,,,,
2017-09-13,10.296,11.136,10.296,11.136,290,3229.44,,,,,,,,
2017-09-14,10.926,10.926,10.926,10.926,240,2622.24,,,,,,,,
2017-09-15,9.876,9.876,9.876,9.876,500,4938.0,,,,,,,,
2017-09-18,10.506,10.506,10.506,10.506,600,6303.6,,,,,,,,
2017-09-19,10.128,10.128,10.044,10.044,1900,19083.6,,,,,,,,
2017-09-20,10.044,10.044,10.044,10.044,0,0.0,,,,,,,,
2017-09-21,10.086,10.506,10.086,10.506,3100,32568.6,,,,,,,,
2017-09-22,10.506,10.506,10.506,10.506,106,1113.636,,,,,,,,
2017-09-25,10.044,10.464,10.044,10.464,300,3139.2000000000003,,,,,,,,
2017-09-26,10.464,10.464,10.464,10.464,40,418.56,,,,,,,,
2017-09-27,10.464,10.464,10.464,10.464,2000,20928.0,,,,,,,,
2017-09-28,10.464,10.464,10.464,10.464,100,1046.4,,,,,,,,
2017-09-29,10.044,11.052,10.044,11.052,8400,92836.8,,,,,,,,
2017-10-02,10.842,10.842,10.716,10.716,400,4286.4,,,,,,,,
2017-10-03,10.716,10.716,10.716,10.716,0,0.0,,,,,,,,
2017-10-04,10.548,10.548,10.548,10.548,530,5590.44,,,,,,,,
2017-10-05,10.338,10.338,10.338,10.338,500,5169.0,,,,,,,,
2017-10-06,10.338,10.338,10.296,10.296,900,9266.4,,,,,,,,
2017-10-09,10.17,10.296,10.17,10.296,500,5148.0,,,,,,,,
2017-10-10,10.296,10.296,10.296,10.296,0,0.0,,,,,,,,
2017-10-11,10.296,10.296,10.296,10.296,0,0.0,,,,,,,,
2017-10-12,10.086,10.254,10.086,10.128,2500,25320.0,,,,,,,,
2017-10-13,10.086,10.086,10.086,10.086,1000,10086.0,,,,,,,,
2017-10-16,10.086,10.254,10.086,10.086,7800,78670.8,,,,,,,,
2017-10-17,10.212,10.254,10.086,10.086,7300,73627.8,,,,,,,,
2017-10-18,10.086,10.086,10.086,10.086,2085,21029.31,,,,,,,,
2017-10-19,10.254,10.254,10.086,10.086,9000,90774.0,,,,,,,,
2017-10-20,10.086,10.086,10.086,10.086,3900,39335.4,,,,,,,,
2017-10-23,10.086,10.086,10.086,10.086,3100,31266.6,,,,,,,,
2017-10-24,10.086,10.128,10.086,10.086,3700,37318.2,,,,,,,,
2017-10-25,10.086,10.086,10.086,10.086,9100,91782.6,,,,,,,,
2017-10-26,10.086,10.086,10.044,10.086,13500,136161.0,,,,,,,,
2017-10-27,10.086,10.128,10.086,10.128,56600,573244.8,,,,,,,,
2017-10-30,10.926,10.926,10.926,10.926,14051,153521.226,,,,,,,,
2017-10-31,10.17,10.842,10.17,10.842,28500,308997.0,,,,,,,,
2017-11-01,10.086,10.17,10.086,10.086,17800,179530.80000000002,,,,,,,,
2017-11-02,10.086,10.086,10.086,10.086,9000,90774.0,,,,,,,,
2017-11-03,10.086,10.086,10.086,10.086,5000,50430.0,,,,,,,,
2017-11-06,10.086,10.086,10.086,10.086,16000,161376.0,,,,,,,,
2017-11-07,10.086,10.086,10.086,10.086,5000,50430.0,,,,,,,,
2017-11-08,10.086,10.086,10.044,10.086,3900,39335.4,,,,,,,,
2017-11-09,10.086,10.086,9.665,9.665,19600,189434.0,,,,,,,,
2017-11-10,9.665,9.707,9.665,9.665,6200,59922.99999999999,,,,,,,,
2017-11-13,9.665,9.665,9.665,9.665,3192,30850.68,,,,,,,,
2017-11-14,9.707,9.707,9.665,9.665,400,3866.0,,,,,,,,
2017-11-15,9.707,10.002,9.707,10.002,6400,64012.8,,,,,,,,
2017-11-16,9.96,9.96,9.665,9.665,51100,493881.5,,,,,,,,
2017-11-17,9.665,9.665,9.665,9.665,76242,736878.9299999999,,,,,,,,
2017-11-20,9.665,9.665,9.665,9.665,38700,374035.5,,,,,,,,
2017-11-21,9.623,9.623,9.623,9.623,2864,27560.272,,,,,,,,
2017-11-22,9.623,9.623,9.581,9.623,12100,116438.3,,,,,,,,
2017-11-23,9.539,9.665,9.539,9.665,11700,113080.5,,,,,,,,
2017-11-24,9.623,9.623,9.623,9.623,110,1058.53,,,,,,,,
2017-11-27,9.581,9.623,9.581,9.623,1100,10585.3,,,,,,,,
2017-11-28,9.371,9.581,9.245,9.581,7800,74731.8,,,,,,,,
2017-11-29,9.581,9.665,9.581,9.665,118300,1143369.5,,,,,,,,
2017-11-30,9.665,9.665,9.665,9.665,8500,82152.5,,,,,,,,
2017-12-01,9.665,9.665,9.665,9.665,725,7007.124999999999,,,,,,,,
2017-12-04,9.665,9.665,9.623,9.665,12500,120812.5,,,,,,,,
2017-12-05,9.665,9.665,9.665,9.665,10900,105348.5,,,,,,,,
2017-12-06,9.665,9.665,9.665,9.665,31700,306380.5,,,,,,,,
2017-12-07,9.665,9.665,9.665,9.665,32310,312276.15,,,,,,,,
2017-12-08,9.623,9.623,9.623,9.623,1500,14434.499999999998,,,,,,,,
2017-12-11,9.623,9.665,9.623,9.665,56600,547039.0,,,,,,,,
2017-12-12,9.455,9.623,9.455,9.623,7320,70440.36,,,,,,,,
2017-12-13,9.623,9.623,9.623,9.623,9560,91995.88,,,,,,,,
2017-12-14,9.623,9.623,9.623,9.623,3710,35701.329999999994,,,,,,,,
2017-12-15,9.665,9.665,9.623,9.665,42040,406316.6,,,,,,,,
2017-12-18,9.665,9.665,9.623,9.665,18700,180735.5,,,,,,,,
2017-12-19,9.665,9.665,9.623,9.623,37630,362113.49,,,,,,,,
2017-12-20,9.623,9.623,9.497,9.623,7300,70247.9,,,,,,,,
2017-12-21,9.665,9.876,9.665,9.665,141600,1368563.9999999998,,,,,,,,
2017-12-22,9.665,9.665,9.665,9.665,18100,174936.49999999997,,,,,,,,
2017-12-25,9.665,9.665,9.455,9.665,30535,295120.775,,,,,,,,
2017-12-26,9.665,9.665,9.581,9.581,6600,63234.6,,,,,,,,
2017-12-27,9.623,9.665,9.623,9.623,50400,484999.2,,,,,,,,
2017-12-28,9.843,10.107,9.58,10.063,7047,70913.96100000001,,,,,,,,
2017-12-29,10.019,10.019,10.019,10.019,5008,50175.152,,,,,,,,
2018-01-02,10.019,10.019,9.624,9.668,2700,26103.6,1300.0,0.0,30000.0,0.0,,27.26,0.03,0.0
2018-01-03,9.843,9.887,9.843,9.843,13953,137339.379,920.0,0.0,20000.0,0.0,,27.26,0.02,0.0
2018-01-04,9.843,10.107,9.843,10.107,83500,843934.5,21900.0,48900.0,500000.0,1120000.0,,27.26,0.5,1.12
2018-01-05,10.063,10.063,9.712,10.019,27600,276524.4,7000.0,0.0,160000.0,0.0,,27.26,0.16,0.0
2018-01-08,10.107,10.107,9.975,9.975,20900,208477.5,6800.0,800.0,160000.0,20000.0,,27.26,0.16,0.02
2018-01-09,10.019,10.107,10.019,10.107,76310,771265.1699999999,9100.0,44400.0,210000.0,1020000.0,,27.26,0.21,1.02
2018-01-10,10.107,10.107,10.107,10.107,88600,895480.2,31000.0,88600.0,710000.0,2040000.0,,27.26,0.71,2.04
2018-01-11,10.107,10.107,10.063,10.063,34823,350423.84900000005,1000.0,29200.0,20000.0,670000.0,,27.26,0.02,0.67
2018-01-12,10.019,10.063,10.019,10.063,6400,64403.2,500.0,0.0,10000.0,0.0,,27.26,0.01,0.0
2018-01-15,9.887,10.063,9.887,10.019,8500,85161.5,0.0,0.0,0.0,0.0,,27.26,0.0,0.0
2018-01-16,9.931,10.019,9.887,10.019,7700,77146.3,0.0,0.0,0.0,0.0,,27.26,0.0,0.0
2018-01-17,9.887,9.887,9.756,9.799,6100,59773.9,0.0,0.0,0.0,0.0,,27.26,0.0,0.0
2018-01-18,9.756,9.887,9.668,9.887,9100,89971.7,2700.0,10.0,60000.0,0.0,,27.26,0.06,0.0
2018-01-19,9.756,9.931,9.756,9.931,1800,17875.8,0.0,500.0,0.0,10000.0,,27.26,0.0,0.01
2018-01-22,10.019,10.019,9.887,9.931,1310,13009.61,400.0,0.0,10000.0,0.0,,27.26,0.01,0.0
2018-01-23,9.931,9.931,9.931,9.931,400,3972.4,0.0,0.0,0.0,0.0,,27.26,0.0,0.0
2018-01-24,9.975,9.975,9.887,9.931,2700,26813.7,400.0,0.0,10000.0,0.0,,27.26,0.01,0.0
2018-01-25,9.931,10.019,9.624,10.019,3300,33062.7,2100.0,600.0,50000.0,10000.0,,27.26,0.05,0.01
2018-01-26,9.931,9.931,9.887,9.887,14000,138418.0,10000.0,0.0,220000.0,0.0,,27.26,0.22,0.0
2018-01-29,10.107,10.327,9.975,10.063,66300,667176.9,35300.0,40500.0,810000.0,930000.0,,27.26,0.81,0.93
2018-01-30,10.063,10.107,9.887,10.063,50100,504156.3000000001,36600.0,1500.0,840000.0,30000.0,,27.26,0.84,0.03
2018-01-31,10.063,10.063,9.975,10.063,13000,130819.0,0.0,0.0,0.0,0.0,,27.26,0.0,0.0
2018-02-01,9.887,9.931,9.887,9.931,13700,136054.69999999998,13000.0,0.0,290000.0,0.0,,27.26,0.29,0.0
2018-02-02,9.931,10.063,9.931,10.063,200,2012.6,0.0,0.0,0.0,0.0,,27.26,0.0,0.0
2018-02-05,10.063,10.063,9.887,9.887,15300,151271.1,15100.0,0.0,340000.0,0.0,,27.26,0.34,0.0
2018-02-06,9.887,9.887,9.316,9.316,13500,125766.0,10300.0,0.0,230000.0,0.0,,27.26,0.23,0.0
2018-02-07,10.239,10.239,9.492,10.107,525,5306.174999999999,200.0,25.0,0.0,0.0,,27.26,0.0,0.0
2018-02-08,10.019,10.019,10.019,10.019,100,1001.9,100.0,0.0,0.0,0.0,,27.26,0.0,0.0
2018-02-09,10.019,10.019,10.019,10.019,0,0.0,0.0,0.0,0.0,0.0,,27.26,0.0,0.0
2018-02-12,9.975,10.019,9.975,10.019,4300,43081.7,200.0,0.0,0.0,0.0,,27.26,0.0,0.0
2018-02-13,10.107,10.107,9.668,10.063,16865,169712.49500000002,200.0,7900.0,0.0,180000.0,,27.26,0.0,0.18
2018-02-21,10.063,10.063,9.931,10.063,2200,22138.6,1000.0,100.0,20000.0,0.0,,27.26,0.02,0.0
2018-02-22,10.063,10.063,10.063,10.063,5710,57459.73,0.0,0.0,0.0,0.0,,27.26,0.0,0.0
2018-02-23,9.975,10.107,9.975,10.107,504340,5097364.38,0.0,471240.0,0.0,10800000.0,,27.26,0.0,10.8
2018-02-26,10.107,11.118,10.107,10.634,353400,3758055.6,51000.0,338300.0,1170000.0,7790000.0,,27.26,1.17,7.79
2018-02-27,11.074,11.074,10.151,10.722,62400,669052.7999999999,15700.0,21200.0,380000.0,510000.0,,27.26,0.38,0.51
2018-02-28,10.547,10.986,10.327,10.547,140200,1478689.4,46300.0,54500.0,1110000.0,1310000.0,,27.26,1.11,1.31
2018-03-01,10.327,10.459,10.327,10.327,60700,626848.9,200.0,0.0,0.0,0.0,,27.26,0.0,0.0
2018-03-02,10.327,10.634,10.327,10.634,71255,757725.67,0.0,50245.0,0.0,1180000.0,,27.26,0.0,1.18
2018-03-05,10.634,10.634,10.459,10.503,145300,1526085.9,0.0,62700.0,0.0,1510000.0,,27.26,0.0,1.51
2018-03-06,10.547,10.766,10.547,10.59,133300,1411647.0,0.0,0.0,0.0,0.0,,27.26,0.0,0.0
2018-03-07,10.547,10.59,10.371,10.371,23500,243718.5,3400.0,300.0,80000.0,10000.0,,27.26,0.08,0.01
2018-03-08,10.415,10.634,10.327,10.327,26100,269534.7,9000.0,0.0,210000.0,0.0,,27.26,0.21,0.0
2018-03-09,10.59,10.59,10.327,10.547,4200,44297.4,0.0,100.0,0.0,0.0,,27.26,0.0,0.0
2018-03-12,11.118,11.118,10.722,10.722,2340,25089.48,0.0,0.0,0.0,0.0,,27.26,0.0,0.0
2018-03-13,10.503,10.503,10.503,10.503,500,5251.5,0.0,0.0,0.0,0.0,,27.26,0.0,0.0
2018-03-14,10.459,10.459,10.327,10.371,4500,46669.5,0.0,0.0,0.0,0.0,,27.26,0.0,0.0
2018-03-15,10.195,10.459,10.195,10.459,40500,423589.5,0.0,3200.0,0.0,70000.0,,27.26,0.0,0.07
2018-03-16,10.459,10.459,10.327,10.459,25500,266704.5,0.0,0.0,0.0,0.0,,27.26,0.0,0.0
2018-03-19,10.459,10.459,10.327,10.371,88100,913685.1,0.0,0.0,0.0,0.0,,27.26,0.0,0.0
2018-03-20,10.327,10.415,10.327,10.415,108300,1127944.5,0.0,0.0,0.0,0.0,,27.26,0.0,0.0
2018-03-21,10.459,10.459,10.283,10.415,3500,36452.5,0.0,0.0,0.0,0.0,,27.26,0.0,0.0
2018-03-22,10.415,10.415,10.283,10.327,24300,250946.1,2500.0,0.0,60000.0,0.0,,27.26,0.06,0.0
2018-03-23,10.327,10.327,10.327,10.327,48700,502924.9,0.0,0.0,0.0,0.0,,27.26,0.0,0.0
2018-03-26,10.327,10.327,10.327,10.327,2500,25817.5,0.0,0.0,0.0,0.0,,27.26,0.0,0.0
2018-03-27,10.019,10.327,10.019,10.327,46705,482322.535,0.0,11100.0,0.0,250000.0,,27.26,0.0,0.25
2018-03-28,10.327,10.327,10.327,10.327,68,702.236,0.0,0.0,0.0,0.0,,27.26,0.0,0.0
2018-03-29,10.327,10.327,10.327,10.327,0,0.0,0.0,0.0,0.0,0.0,,27.26,0.0,0.0
2018-03-30,10.327,10.371,10.327,10.371,15200,157639.2,0.0,0.0,0.0,0.0,,27.26,0.0,0.0
2018-04-02,10.634,10.634,10.547,10.547,4800,50625.600000000006,0.0,0.0,0.0,0.0,,27.26,0.0,0.0
2018-04-03,10.547,10.547,10.327,10.459,15200,158976.8,0.0,0.0,0.0,0.0,,27.26,0.0,0.0
2018-04-04,10.766,11.074,10.59,10.898,16700,181996.6,9400.0,0.0,230000.0,0.0,,27.26,0.23,0.0
2018-04-05,10.986,10.986,10.766,10.942,2300,25166.6,100.0,0.0,0.0,0.0,,27.26,0.0,0.0
2018-04-06,10.986,10.986,10.722,10.722,400,4288.8,0.0,0.0,0.0,0.0,,27.26,0.0,0.0
2018-04-09,10.722,10.722,10.327,10.678,4100,43779.8,0.0,0.0,0.0,0.0,,27.26,0.0,0.0
2018-04-10,10.678,10.678,10.678,10.678,100,1067.8000000000002,0.0,0.0,0.0,0.0,,27.26,0.0,0.0
2018-04-11,10.547,10.678,10.547,10.678,4300,45915.4,4300.0,0.0,100000.0,0.0,,27.26,0.1,0.0
2018-04-12,10.678,10.678,10.678,10.678,0,0.0,0.0,0.0,0.0,0.0,,27.26,0.0,0.0
2018-04-13,10.459,10.459,10.459,10.459,11600,121324.4,0.0,0.0,0.0,0.0,,27.26,0.0,0.0
2018-04-16,10.547,10.547,10.547,10.547,100,1054.7,0.0,0.0,0.0,0.0,,27.26,0.0,0.0
2018-04-17,10.195,10.195,10.195,10.195,21200,216134.0,0.0,0.0,0.0,0.0,,27.26,0.0,0.0
2018-04-18,10.547,10.547,10.547,10.547,100,1054.7,0.0,0.0,0.0,0.0,,27.26,0.0,0.0
2018-04-19,10.547,10.547,10.547,10.547,0,0.0,0.0,0.0,0.0,0.0,,27.26,0.0,0.0
2018-04-20,10.107,10.503,10.107,10.503,1600,16804.8,0.0,0.0,0.0,0.0,,27.26,0.0,0.0
2018-04-23,10.503,10.766,10.503,10.766,2003,21564.298,0.0,3.0,0.0,0.0,,27.26,0.0,0.0
2018-04-24,9.712,10.327,9.712,10.327,7100,73321.7,0.0,0.0,0.0,0.0,,27.26,0.0,0.0
2018-04-26,9.756,10.327,9.668,10.327,12600,130120.2,10500.0,1400.0,240000.0,30000.0,,27.26,0.24,0.03
2018-04-27,10.327,10.986,9.668,10.986,38100,418566.6,34600.0,9400.0,820000.0,220000.0,,27.26,0.82,0.22
2018-05-02,10.547,10.547,9.887,9.887,57703,570509.561,46600.0,6700.0,1050000.0,150000.0,,27.26,1.05,0.15
2018-05-03,9.668,9.975,9.668,9.975,5600,55860.0,0.0,0.0,0.0,0.0,,27.26,0.0,0.0
2018-05-04,10.063,10.063,9.712,10.019,2900,29055.1,0.0,0.0,0.0,0.0,,27.26,0.0,0.0
2018-05-07,10.063,10.327,10.019,10.327,5500,56798.5,0.0,3500.0,0.0,80000.0,,27.26,0.0,0.08
2018-05-08,10.327,10.327,10.327,10.327,0,0.0,0.0,0.0,0.0,0.0,,27.26,0.0,0.0
2018-05-09,9.799,10.283,9.799,10.283,200,2056.6,0.0,0.0,0.0,0.0,,27.26,0.0,0.0
2018-05-10,10.107,10.107,10.107,10.107,10000,101070.0,0.0,0.0,0.0,0.0,,27.26,0.0,0.0
2018-05-11,10.107,10.107,9.931,10.107,44000,444708.0,0.0,28700.0,0.0,660000.0,,27.26,0.0,0.66
2018-05-14,10.107,10.239,10.107,10.239,10100,103413.9,0.0,0.0,0.0,0.0,,27.26,0.0,0.0
2018-05-15,10.107,10.415,10.107,10.415,12100,126021.5,0.0,0.0,0.0,0.0,,27.26,0.0,0.0
2018-05-16,10.415,10.415,10.415,10.415,10100,105191.5,10100.0,0.0,240000.0,0.0,,27.26,0.24,0.0
2018-05-17,10.415,10.415,10.415,10.415,0,0.0,0.0,0.0,0.0,0.0,,27.26,0.0,0.0
2018-05-18,10.107,10.415,10.107,10.415,26100,271831.5,0.0,0.0,0.0,0.0,,27.26,0.0,0.0
2018-05-21,10.151,10.151,10.107,10.107,23230,234785.61,0.0,2200.0,0.0,50000.0,,27.26,0.0,0.05
2018-05-22,10.151,10.239,9.668,10.239,60200,616387.8,12200.0,12200.0,280000.0,280000.0,,27.26,0.28,0.28
2018-05-23,10.195,10.195,10.107,10.107,602,6084.414,0.0,0.0,0.0,0.0,,27.26,0.0,0.0
2018-05-24,10.195,10.195,10.107,10.195,19000,193705.0,100.0,0.0,0.0,0.0,,27.26,0.0,0.0
2018-05-25,10.107,10.107,10.107,10.107,6000,60641.99999999999,0.0,0.0,0.0,0.0,,27.26,0.0,0.0
2018-05-28,10.107,10.107,10.107,10.107,52000,525564.0,0.0,50100.0,0.0,1150000.0,,27.26,0.0,1.15
2018-05-29,10.107,10.151,10.107,10.107,133000,1344231.0,0.0,8000.0,0.0,180000.0,,27.26,0.0,0.18
2018-05-30,10.107,10.151,10.107,10.107,91000,919737.0,0.0,2000.0,0.0,50000.0,,27.26,0.0,0.05
2018-05-31,10.107,10.986,10.107,10.986,226000,2482836.0,20000.0,98000.0,460000.0,2270000.0,,27.26,0.46,2.27
2018-06-01,11.03,11.075,10.632,10.632,5900,62728.8,5800.0,0.0,140000.0,0.0,,27.26,0.14,0.0
2018-06-04,10.632,10.632,10.632,10.632,100,1063.2,0.0,0.0,0.0,0.0,,27.26,0.0,0.0
2018-06-05,10.233,10.233,10.233,10.233,100,1023.3,0.0,0.0,0.0,0.0,,27.26,0.0,0.0
2018-06-06,10.233,10.233,10.189,10.189,4103,41805.467,0.0,0.0,0.0,0.0,,27.26,0.0,0.0
2018-06-07,10.499,10.499,10.499,10.499,190,1994.81,0.0,0.0,0.0,0.0,,27.26,0.0,0.0
2018-06-08,10.499,10.499,10.499,10.499,30,314.97,0.0,0.0,0.0,0.0,,27.26,0.0,0.0
2018-06-11,10.499,10.499,10.499,10.499,0,0.0,0.0,0.0,0.0,0.0,,27.26,0.0,0.0
2018-06-12,10.189,10.41,10.189,10.41,1200,12492.0,0.0,0.0,0.0,0.0,,27.26,0.0,0.0
2018-06-13,10.189,10.189,10.189,10.189,16000,163024.0,0.0,0.0,0.0,0.0,,27.26,0.0,0.0
2018-06-14,10.189,10.233,10.189,10.233,5500,56281.5,0.0,5400.0,0.0,120000.0,,27.26,0.0,0.12
2018-06-15,10.189,10.366,10.189,10.366,7300,75671.8,0.0,5800.0,0.0,130000.0,,27.26,0.0,0.13
2018-06-18,10.366,10.366,10.366,10.366,0,0.0,0.0,0.0,0.0,0.0,,27.26,0.0,0.0
2018-06-19,10.189,10.189,9.834,9.834,10100,99323.4,0.0,0.0,0.0,0.0,,27.26,0.0,0.0
2018-06-20,9.568,10.543,9.568,10.543,7805,82288.11499999999,0.0,3705.0,0.0,80000.0,,27.26,0.0,0.08
2018-06-21,9.79,10.189,9.746,10.189,7900,80493.1,0.0,7200.0,0.0,160000.0,,27.26,0.0,0.16
2018-06-22,10.144,10.189,10.144,10.189,2500,25472.5,0.0,2200.0,0.0,50000.0,,27.26,0.0,0.05
2018-06-25,10.144,10.144,10.144,10.144,3000,30432.0,0.0,0.0,0.0,0.0,,27.26,0.0,0.0
2018-06-26,10.056,10.144,10.056,10.144,800,8115.2,0.0,500.0,0.0,10000.0,,27.26,0.0,0.01
2018-06-27,10.1,10.189,10.1,10.189,14200,144683.8,0.0,10500.0,0.0,240000.0,,27.26,0.0,0.24
2018-06-28,11.075,11.075,11.075,11.075,12200,135115.0,12200.0,5000.0,300000.0,120000.0,,27.26,0.3,0.12
2018-06-29,10.277,11.296,10.233,11.296,30475,344245.6,30000.0,3500.0,760000.0,90000.0,,27.26,0.76,0.09
2018-07-02,11.207,11.207,10.277,10.277,4000,41108.0,0.0,0.0,0.0,0.0,,27.26,0.0,0.0
2018-07-03,10.189,10.189,10.144,10.189,5800,59096.2,0.0,0.0,0.0,0.0,,27.26,0.0,0.0
2018-07-04,9.834,9.834,9.834,9.834,500,4917.0,0.0,0.0,0.0,0.0,,27.26,0.0,0.0
2018-07-05,9.746,10.1,9.746,10.1,4000,40400.0,0.0,0.0,0.0,0.0,,27.26,0.0,0.0
2018-07-06,10.1,10.1,10.1,10.1,0,0.0,0.0,0.0,0.0,0.0,,27.26,0.0,0.0
2018-07-09,10.366,10.366,10.056,10.056,300,3016.8,0.0,0.0,0.0,0.0,,27.26,0.0,0.0
2018-07-10,10.056,10.056,10.056,10.056,70,703.92,0.0,0.0,0.0,0.0,,27.26,0.0,0.0
2018-07-11,10.011,10.011,10.011,10.011,1300,13014.3,0.0,0.0,0.0,0.0,,27.26,0.0,0.0
2018-07-12,10.011,10.366,10.011,10.366,300,3109.8,0.0,0.0,0.0,0.0,,27.26,0.0,0.0
2018-07-13,10.189,10.277,10.189,10.277,1300,13360.1,0.0,0.0,0.0,0.0,,27.26,0.0,0.0
2018-07-16,10.189,10.189,10.189,10.189,2000,20378.0,0.0,2000.0,0.0,50000.0,,27.26,0.0,0.05
2018-07-17,10.011,10.011,10.011,10.011,3000,30033.0,0.0,0.0,0.0,0.0,,27.26,0.0,0.0
2018-07-18,9.878,10.144,9.878,10.144,200,2028.8,0.0,0.0,0.0,0.0,,27.26,0.0,0.0
2018-07-19,10.144,10.144,9.923,9.923,900,8930.7,0.0,200.0,0.0,0.0,,27.26,0.0,0.0
2018-07-20,9.878,10.144,9.746,9.834,11200,110140.8,0.0,0.0,0.0,0.0,,27.26,0.0,0.0
2018-07-23,9.967,10.1,9.746,10.1,1500,15150.0,0.0,0.0,0.0,0.0,,27.26,0.0,0.0
2018-07-24,10.1,10.1,10.1,10.1,400,4040.0,0.0,0.0,0.0,0.0,,27.26,0.0,0.0
2018-07-25,9.967,10.1,9.967,10.1,800,8080.0,0.0,0.0,0.0,0.0,,27.26,0.0,0.0
2018-07-26,10.1,10.1,9.746,10.1,22100,223210.0,0.0,0.0,0.0,0.0,,27.26,0.0,0.0
2018-07-27,9.967,10.1,9.967,10.1,7100,71710.0,0.0,0.0,0.0,0.0,,27.26,0.0,0.0
2018-07-30,10.1,10.1,10.1,10.1,6000,60600.0,0.0,0.0,0.0,0.0,,27.26,0.0,0.0
2018-07-31,9.967,10.189,9.967,10.189,49500,504355.5,30000.0,9000.0,680000.0,210000.0,,27.26,0.68,0.21
2018-08-01,10.144,10.144,9.967,9.967,3100,30897.7,0.0,0.0,0.0,0.0,,27.26,0.0,0.0
2018-08-02,9.967,9.967,9.967,9.967,0,0.0,0.0,0.0,0.0,0.0,,27.26,0.0,0.0
2018-08-03,10.1,10.1,10.1,10.1,100,1010.0,0.0,0.0,0.0,0.0,,27.26,0.0,0.0
2018-08-06,10.144,10.144,10.144,10.144,100,1014.4,0.0,0.0,0.0,0.0,,27.26,0.0,0.0
2018-08-07,9.834,10.144,9.79,10.144,500,5072.0,0.0,100.0,0.0,0.0,,27.26,0.0,0.0
2018-08-08,10.144,10.144,9.746,10.1,49500,499950.0,100.0,0.0,0.0,0.0,,27.26,0.0,0.0
2018-08-09,9.746,9.967,9.746,9.967,4000,39868.0,0.0,3000.0,0.0,70000.0,,27.26,0.0,0.07
2018-08-10,9.967,9.967,9.967,9.967,10,99.67,0.0,0.0,0.0,0.0,,27.26,0.0,0.0
2018-08-13,9.878,9.923,9.878,9.923,1300,12899.9,0.0,0.0,0.0,0.0,,27.26,0.0,0.0
2018-08-14,9.878,9.878,9.878,9.878,1000,9878.0,0.0,0.0,0.0,0.0,,27.26,0.0,0.0
2018-08-15,9.967,9.967,9.923,9.923,600,5953.8,0.0,100.0,0.0,0.0,,27.26,0.0,0.0
2018-08-16,9.746,9.923,9.746,9.923,1100,10915.3,0.0,0.0,0.0,0.0,,27.26,0.0,0.0
2018-08-17,9.834,9.923,9.746,9.746,29950,291892.7,0.0,29600.0,0.0,650000.0,,27.26,0.0,0.65
2018-08-20,9.746,9.746,9.701,9.701,8700,84398.70000000001,0.0,6800.0,0.0,150000.0,,27.26,0.0,0.15
2018-08-21,9.701,9.701,9.613,9.613,3100,29800.3,0.0,0.0,0.0,0.0,,27.26,0.0,0.0
2018-08-22,9.657,9.746,9.613,9.613,2100,20187.3,0.0,100.0,0.0,0.0,,27.26,0.0,0.0
2018-08-23,9.613,9.613,9.613,9.613,0,0.0,0.0,0.0,0.0,0.0,,27.26,0.0,0.0
2018-08-24,9.746,9.746,9.746,9.746,11000,107206.0,0.0,11000.0,0.0,240000.0,,27.26,0.0,0.24
2018-08-27,9.79,9.79,9.701,9.746,7910,77090.86,5000.0,6500.0,110000.0,140000.0,,27.26,0.11,0.14
2018-08-28,9.746,9.746,9.746,9.746,300,2923.8,0.0,0.0,0.0,0.0,,27.26,0.0,0.0
2018-08-29,9.657,9.746,9.657,9.657,15800,152580.6,5000.0,500.0,110000.0,10000.0,,27.26,0.11,0.01
2018-08-30,9.657,9.746,9.657,9.746,14100,137418.6,0.0,100.0,0.0,0.0,,27.26,0.0,0.0
2018-08-31,9.701,10.189,9.701,10.189,30300,308726.7,20000.0,7300.0,460000.0,170000.0,,27.26,0.46,0.17
2018-09-04,9.701,9.701,9.701,9.701,1560,15133.56,0.0,156.0,0.0,30000.0,,27.26,0.0,0.03
2018-09-05,9.657,9.834,9.657,9.834,3800,37369.2,3800.0,3800.0,80000.0,80000.0,,27.26,0.08,0.08
2018-09-06,9.834,9.834,9.746,9.746,2600,25339.6,100.0,2000.0,0.0,40000.0,,27.26,0.0,0.04
2018-09-07,9.746,9.746,9.746,9.746,300,2923.8,300.0,300.0,10000.0,10000.0,,27.26,0.01,0.01
2018-09-10,9.746,9.746,9.746,9.746,4600,44831.6,3600.0,4600.0,80000.0,100000.0,,27.26,0.08,0.1
2018-09-11,9.746,9.746,9.746,9.746,4400,42882.4,0.0,0.0,0.0,0.0,,27.26,0.0,0.0
2018-09-12,9.746,9.746,9.746,9.746,0,0.0,0.0,0.0,0.0,0.0,,27.26,0.0,0.0
2018-09-13,9.746,9.746,9.746,9.746,0,0.0,0.0,0.0,0.0,0.0,,27.26,0.0,0.0
2018-09-14,9.967,9.967,9.967,9.967,105,1046.535,0.0,5.0,0.0,0.0,,27.26,0.0,0.0
2018-09-17,9.701,9.746,9.701,9.746,1500,14619.0,0.0,800.0,0.0,20000.0,,27.26,0.0,0.02
2018-09-18,9.657,10.1,9.657,9.746,10700,104282.2,1200.0,0.0,30000.0,0.0,,27.26,0.03,0.0
2018-09-19,9.746,9.79,9.746,9.79,2100,20559.0,0.0,0.0,0.0,0.0,,27.26,0.0,0.0
2018-09-20,9.746,9.79,9.746,9.746,13710,133617.66,0.0,12200.0,0.0,270000.0,,27.26,0.0,0.27
2018-09-21,9.967,10.1,9.967,10.1,1700,17170.0,0.0,0.0,0.0,0.0,,27.26,0.0,0.0
2018-09-24,10.056,10.1,10.056,10.1,7800,78780.0,0.0,0.0,0.0,0.0,,27.26,0.0,0.0
2018-09-25,10.011,10.011,10.011,10.011,300,3003.3,0.0,0.0,0.0,0.0,,27.26,0.0,0.0
2018-09-26,10.011,10.011,10.011,10.011,0,0.0,0.0,0.0,0.0,0.0,,27.26,0.0,0.0
2018-09-27,9.746,10.1,9.746,10.1,770,7777.0,0.0,500.0,0.0,10000.0,,27.26,0.0,0.01
2018-09-28,10.011,10.189,10.011,10.189,39100,398389.9,19000.0,0.0,440000.0,0.0,,27.26,0.44,0.0
2018-10-01,10.144,10.144,10.144,10.144,100,1014.4,0.0,0.0,0.0,0.0,,27.26,0.0,0.0
2018-10-02,9.746,9.746,9.746,9.746,900,8771.4,0.0,0.0,0.0,0.0,,27.26,0.0,0.0
2018-10-03,9.923,9.923,9.923,9.923,2000,19846.0,0.0,0.0,0.0,0.0,,27.26,0.0,0.0
2018-10-04,9.834,9.834,9.746,9.746,200,1949.2,100.0,0.0,0.0,0.0,,27.26,0.0,0.0
2018-10-05,9.701,9.834,9.701,9.834,610,5998.74,0.0,0.0,0.0,0.0,,27.26,0.0,0.0
2018-10-08,9.746,9.746,9.746,9.746,2000,19492.0,0.0,0.0,0.0,0.0,,27.26,0.0,0.0
2018-10-09,9.746,9.746,9.746,9.746,0,0.0,0.0,0.0,0.0,0.0,,27.26,0.0,0.0
2018-10-10,9.79,10.056,9.746,10.056,2600,26145.6,0.0,0.0,0.0,0.0,,27.26,0.0,0.0
2018-10-11,9.79,9.923,9.524,9.746,7500,73095.0,6200.0,0.0,140000.0,0.0,,27.26,0.14,0.0
2018-10-12,9.746,9.746,9.746,9.746,1900,18517.4,0.0,0.0,0.0,0.0,,27.26,0.0,0.0
2018-10-15,9.746,9.746,9.746,9.746,5000,48730.0,0.0,0.0,0.0,0.0,,27.26,0.0,0.0
2018-10-16,9.657,9.746,9.657,9.746,5600,54577.600000000006,0.0,0.0,0.0,0.0,,27.26,0.0,0.0
2018-10-17,9.746,9.746,9.746,9.746,0,0.0,0.0,0.0,0.0,0.0,,27.26,0.0,0.0
2018-10-18,9.746,9.746,9.746,9.746,0,0.0,0.0,0.0,0.0,0.0,,27.26,0.0,0.0
2018-10-19,9.746,10.011,9.613,9.613,11100,106704.3,0.0,0.0,0.0,0.0,,27.26,0.0,0.0
2018-10-22,9.701,9.701,9.568,9.568,2010,19231.68,0.0,0.0,0.0,0.0,,27.26,0.0,0.0
2018-10-23,9.701,9.701,9.701,9.701,199,1930.499,0.0,0.0,0.0,0.0,,27.26,0.0,0.0
2018-10-24,9.657,9.746,9.524,9.746,14901,145225.146,0.0,0.0,0.0,0.0,,27.26,0.0,0.0
2018-10-25,9.125,9.746,9.125,9.746,2900,28263.4,0.0,2800.0,0.0,60000.0,,27.26,0.0,0.06
2018-10-26,9.746,9.746,9.746,9.746,0,0.0,0.0,0.0,0.0,0.0,,27.26,0.0,0.0
2018-10-29,9.524,9.701,9.524,9.701,4200,40744.2,100.0,2600.0,0.0,60000.0,,27.26,0.0,0.06
2018-10-30,9.568,9.701,9.48,9.701,3000,29103.0,0.0,0.0,0.0,0.0,,27.26,0.0,0.0
2018-10-31,9.701,9.746,9.701,9.746,1400,13644.4,0.0,0.0,0.0,0.0,,27.26,0.0,0.0
2018-11-01,9.746,9.746,9.746,9.746,0,0.0,0.0,0.0,0.0,0.0,,27.26,0.0,0.0
2018-11-02,9.701,9.746,9.701,9.746,1700,16568.2,0.0,100.0,0.0,0.0,,27.26,0.0,0.0
2018-11-05,9.125,9.746,8.993,9.347,3110,29069.17,0.0,0.0,0.0,0.0,,27.26,0.0,0.0
2018-11-06,9.746,9.746,9.746,9.746,100,974.6,0.0,0.0,0.0,0.0,,27.26,0.0,0.0
2018-11-07,9.746,9.746,9.746,9.746,0,0.0,0.0,0.0,0.0,0.0,,27.26,0.0,0.0
2018-11-08,9.701,9.701,9.657,9.657,500,4828.5,0.0,0.0,0.0,0.0,,27.26,0.0,0.0
2018-11-09,9.037,9.746,9.037,9.701,5300,51415.3,0.0,100.0,0.0,0.0,,27.26,0.0,0.0
2018-11-12,9.303,9.303,9.303,9.303,510,4744.530000000001,0.0,0.0,0.0,0.0,,27.26,0.0,0.0
2018-11-13,9.303,9.746,9.303,9.746,16400,159834.4,0.0,0.0,0.0,0.0,,27.26,0.0,0.0
2018-11-14,9.657,9.746,9.657,9.746,300,2923.8,0.0,0.0,0.0,0.0,,27.26,0.0,0.0
2018-11-15,9.746,9.746,9.746,9.746,0,0.0,0.0,0.0,0.0,0.0,,27.26,0.0,0.0
2018-11-16,9.524,10.189,9.524,10.189,400,4075.6,0.0,300.0,0.0,10000.0,,27.26,0.0,0.01
2018-11-19,10.1,10.144,10.1,10.144,3500,35504.0,0.0,0.0,0.0,0.0,,27.26,0.0,0.0
2018-11-20,9.878,9.967,9.524,9.967,13831,137853.57700000002,0.0,5600.0,0.0,120000.0,,27.26,0.0,0.12
2018-11-21,9.524,9.746,9.303,9.746,9700,94536.2,0.0,5400.0,0.0,120000.0,,27.26,0.0,0.12
2018-11-22,9.746,9.746,9.746,9.746,0,0.0,0.0,0.0,0.0,0.0,,27.26,0.0,0.0
2018-11-23,9.746,9.746,9.746,9.746,0,0.0,0.0,0.0,0.0,0.0,,27.26,0.0,0.0
2018-11-26,9.746,9.746,9.746,9.746,1000,9746.0,0.0,0.0,0.0,0.0,,27.26,0.0,0.0
2018-11-27,10.189,10.189,10.189,10.189,100,1018.9,0.0,100.0,0.0,0.0,,27.26,0.0,0.0
2018-11-28,10.189,10.189,10.189,10.189,0,0.0,0.0,0.0,0.0,0.0,,27.26,0.0,0.0
2018-11-29,9.258,9.923,9.214,9.923,1000,9923.0,0.0,800.0,0.0,20000.0,,27.26,0.0,0.02
2018-11-30,9.967,10.41,9.967,10.41,26700,277947.0,0.0,200.0,0.0,0.0,,27.26,0.0,0.0
2018-12-03,10.41,10.41,10.41,10.41,0,0.0,0.0,0.0,0.0,0.0,,27.26,0.0,0.0
2018-12-04,9.701,9.878,9.701,9.878,600,5926.8,0.0,0.0,0.0,0.0,,27.26,0.0,0.0
2018-12-05,9.746,9.746,9.746,9.746,400,3898.4,0.0,0.0,0.0,0.0,,27.26,0.0,0.0
2018-12-06,9.746,9.746,9.746,9.746,50,487.3,0.0,0.0,0.0,0.0,,27.26,0.0,0.0
2018-12-07,9.746,9.967,9.746,9.967,200,1993.4,0.0,0.0,0.0,0.0,,27.26,0.0,0.0
2018-12-10,9.967,9.967,9.967,9.967,0,0.0,0.0,0.0,0.0,0.0,,27.26,0.0,0.0
2018-12-11,9.967,9.967,9.967,9.967,9,89.703,0.0,0.0,0.0,0.0,,27.26,0.0,0.0
2018-12-12,10.676,10.676,10.676,10.676,100,1067.6,0.0,0.0,0.0,0.0,,27.26,0.0,0.0
2018-12-13,10.676,10.676,10.676,10.676,0,0.0,0.0,0.0,0.0,0.0,,27.26,0.0,0.0
2018-12-14,10.676,10.676,10.676,10.676,0,0.0,0.0,0.0,0.0,0.0,,27.26,0.0,0.0
2018-12-17,9.746,9.746,9.746,9.746,100,974.6,0.0,0.0,0.0,0.0,,27.26,0.0,0.0
2018-12-18,9.746,9.746,9.746,9.746,49400,481452.4,0.0,0.0,0.0,0.0,,27.26,0.0,0.0
2018-12-19,10.056,10.056,9.524,9.746,3400,33136.4,0.0,0.0,0.0,0.0,,27.26,0.0,0.0
2018-12-20,9.746,9.746,9.746,9.746,0,0.0,0.0,0.0,0.0,0.0,,27.26,0.0,0.0
2018-12-21,9.746,10.056,9.746,10.056,300,3016.8,0.0,0.0,0.0,0.0,,27.26,0.0,0.0
2018-12-24,10.056,10.056,10.056,10.056,0,0.0,0.0,0.0,0.0,0.0,,27.26,0.0,0.0
2018-12-25,10.056,10.056,10.056,10.056,0,0.0,0.0,0.0,0.0,0.0,,27.26,0.0,0.0
2018-12-26,10.056,10.056,10.056,10.056,0,0.0,0.0,0.0,0.0,0.0,,27.26,0.0,0.0
2018-12-27,9.347,10.144,9.303,10.144,490,4970.56,0.0,390.0,0.0,10000.0,,27.26,0.0,0.01
2018-12-28,10.543,10.543,10.543,10.543,33370,351819.91,15000.0,70.0,360000.0,0.0,,27.26,0.36,0.0
2019-01-02,10.543,10.543,10.543,10.543,0,0.0,0.0,0.0,0.0,0.0,,27.26,0.0,0.0
2019-01-03,9.657,9.657,9.657,9.657,200,1931.4,0.0,0.0,0.0,0.0,,27.26,0.0,0.0
2019-01-04,9.657,9.657,9.657,9.657,5800,56010.6,0.0,0.0,0.0,0.0,,27.26,0.0,0.0
2019-01-07,9.657,9.657,9.657,9.657,0,0.0,0.0,0.0,0.0,0.0,,27.26,0.0,0.0
2019-01-08,9.303,9.303,9.303,9.303,275,2558.3250000000003,0.0,200.0,0.0,0.0,,27.26,0.0,0.0
2019-01-09,9.347,9.347,9.347,9.347,5000,46735.0,0.0,0.0,0.0,0.0,,27.26,0.0,0.0
2019-01-10,9.214,9.657,9.17,9.657,7700,74358.9,0.0,7600.0,0.0,160000.0,,27.26,0.0,0.16
2019-01-11,9.657,9.657,9.657,9.657,0,0.0,0.0,0.0,0.0,0.0,,27.26,0.0,0.0
2019-01-14,9.657,9.657,9.657,9.657,0,0.0,0.0,0.0,0.0,0.0,,27.26,0.0,0.0
2019-01-15,9.613,9.878,9.613,9.878,6800,67170.4,6800.0,0.0,150000.0,0.0,,27.26,0.15,0.0
2019-01-16,9.524,9.524,9.524,9.524,500,4762.0,500.0,0.0,10000.0,0.0,,27.26,0.01,0.0
2019-01-17,9.524,9.524,9.524,9.524,0,0.0,0.0,0.0,0.0,0.0,,27.26,0.0,0.0
2019-01-18,9.48,9.613,9.303,9.613,8800,84594.4,500.0,8000.0,10000.0,170000.0,,27.26,0.01,0.17
2019-01-21,9.524,9.524,9.524,9.524,100,952.4,0.0,100.0,0.0,0.0,,27.26,0.0,0.0
2019-01-22,9.524,9.524,9.524,9.524,500,4762.0,500.0,0.0,10000.0,0.0,,27.26,0.01,0.0
2019-01-23,9.48,9.48,9.48,9.48,100,948.0,0.0,0.0,0.0,0.0,,27.26,0.0,0.0
2019-01-24,9.303,9.967,9.037,9.967,600,5980.200000000001,0.0,500.0,0.0,10000.0,,27.26,0.0,0.01
2019-01-25,9.125,9.125,9.125,9.125,6200,56575.0,0.0,6200.0,0.0,130000.0,,27.26,0.0,0.13
2019-01-28,9.701,9.746,9.701,9.746,1100,10720.6,0.0,0.0,0.0,0.0,,27.26,0.0,0.0
2019-01-29,9.081,9.746,8.86,9.701,82300,798392.3,100.0,80100.0,0.0,1610000.0,,27.26,0.0,1.61
2019-01-30,9.613,9.923,9.125,9.125,6300,57487.5,6200.0,0.0,140000.0,0.0,,27.26,0.14,0.0
2019-01-31,9.701,9.701,9.701,9.701,1110,10768.11,0.0,0.0,0.0,0.0,,27.26,0.0,0.0
2019-02-01,9.081,9.347,9.081,9.347,2200,20563.4,0.0,0.0,0.0,0.0,,27.26,0.0,0.0
2019-02-11,9.081,9.17,8.505,9.17,11400,104538.0,0.0,11300.0,0.0,220000.0,,27.26,0.0,0.22
2019-02-12,8.904,9.037,8.86,9.037,34500,311776.5,0.0,7100.0,0.0,140000.0,,27.26,0.0,0.14
2019-02-13,9.037,9.037,9.037,9.037,900,8133.300000000001,100.0,900.0,0.0,20000.0,,27.26,0.0,0.02
2019-02-14,8.993,8.993,8.948,8.993,7600,68346.8,5900.0,1700.0,120000.0,30000.0,,27.26,0.12,0.03
2019-02-15,8.904,8.904,8.904,8.904,1300,11575.2,0.0,0.0,0.0,0.0,,27.26,0.0,0.0
2019-02-18,8.86,8.86,8.815,8.86,66000,584760.0,0.0,65900.0,0.0,1320000.0,,27.26,0.0,1.32
2019-02-19,8.815,9.347,8.815,9.347,4000,37388.0,3700.0,3900.0,70000.0,80000.0,,27.26,0.07,0.08
2019-02-20,8.86,9.347,8.86,9.347,5500,51408.5,4700.0,800.0,100000.0,20000.0,,27.26,0.1,0.02
2019-02-21,8.86,9.347,8.815,9.347,8900,83188.3,5300.0,8500.0,110000.0,170000.0,,27.26,0.11,0.17
2019-02-22,8.86,9.214,8.86,9.214,200,1842.8,0.0,0.0,0.0,0.0,,27.26,0.0,0.0
2019-02-25,9.258,9.258,8.86,8.86,10500,93030.0,500.0,10000.0,10000.0,200000.0,,27.26,0.01,0.2
2019-02-26,8.86,8.904,8.86,8.904,13800,122875.2,0.0,0.0,0.0,0.0,,27.26,0.0,0.0
2019-02-27,8.904,8.904,8.904,8.904,0,0.0,0.0,0.0,0.0,0.0,,27.26,0.0,0.0
2019-02-28,9.17,9.258,8.86,8.86,7100,62905.99999999999,0.0,0.0,0.0,0.0,,27.26,0.0,0.0
2019-03-01,8.86,9.081,8.86,9.081,3185,28922.985,0.0,0.0,0.0,0.0,,27.26,0.0,0.0
2019-03-04,8.948,8.948,8.948,8.948,200,1789.6,0.0,0.0,0.0,0.0,,27.26,0.0,0.0
2019-03-05,8.948,8.948,8.948,8.948,0,0.0,0.0,0.0,0.0,0.0,,27.26,0.0,0.0
2019-03-06,8.904,8.904,8.904,8.904,300,2671.2,0.0,0.0,0.0,0.0,,27.26,0.0,0.0
2019-03-07,8.904,8.904,8.904,8.904,30000,267120.0,0.0,30000.0,0.0,600000.0,,27.26,0.0,0.6
2019-03-08,9.17,9.214,9.17,9.214,300,2764.2000000000003,0.0,0.0,0.0,0.0,,27.26,0.0,0.0
2019-03-11,9.214,9.214,9.214,9.214,0,0.0,0.0,0.0,0.0,0.0,,27.26,0.0,0.0
2019-03-12,9.214,9.214,9.214,9.214,0,0.0,0.0,0.0,0.0,0.0,,27.26,0.0,0.0
2019-03-13,9.081,9.081,9.081,9.081,900,8172.9,0.0,0.0,0.0,0.0,,27.26,0.0,0.0
2019-03-14,9.081,9.081,9.081,9.081,200,1816.2,0.0,0.0,0.0,0.0,,27.26,0.0,0.0
2019-03-15,8.948,9.258,8.948,9.258,200,1851.6,100.0,0.0,0.0,0.0,,27.26,0.0,0.0
2019-03-18,8.948,9.303,8.948,9.303,300,2790.9,0.0,0.0,0.0,0.0,,27.26,0.0,0.0
2019-03-19,9.303,9.303,9.303,9.303,25,232.575,0.0,0.0,0.0,0.0,,27.26,0.0,0.0
2019-03-20,9.081,9.081,9.081,9.081,120,1089.72,0.0,20.0,0.0,0.0,,27.26,0.0,0.0
2019-03-21,9.081,9.081,9.081,9.081,0,0.0,0.0,0.0,0.0,0.0,,27.26,0.0,0.0
2019-03-22,9.303,9.303,9.303,9.303,400,3721.2,0.0,0.0,0.0,0.0,,27.26,0.0,0.0
2019-03-25,8.904,9.303,8.86,8.86,3625,32117.5,625.0,0.0,10000.0,0.0,,27.26,0.01,0.0
2019-03-26,8.86,8.904,8.86,8.86,3350,29681.0,0.0,200.0,0.0,0.0,,27.26,0.0,0.0
2019-03-27,8.86,9.303,8.86,9.303,4800,44654.4,300.0,0.0,10000.0,0.0,,27.26,0.01,0.0
2019-03-28,9.303,9.303,9.303,9.303,0,0.0,0.0,0.0,0.0,0.0,,27.26,0.0,0.0
2019-03-29,9.347,9.347,9.347,9.347,20000,186940.0,0.0,0.0,0.0,0.0,,27.26,0.0,0.0
2019-04-01,9.347,9.347,9.347,9.347,100,934.7,0.0,100.0,0.0,0.0,,27.26,0.0,0.0
2019-04-02,9.347,9.347,9.347,9.347,0,0.0,0.0,0.0,0.0,0.0,,27.26,0.0,0.0
2019-04-03,9.347,9.347,9.347,9.347,0,0.0,0.0,0.0,0.0,0.0,,27.26,0.0,0.0
2019-04-04,9.347,9.347,9.347,9.347,0,0.0,0.0,0.0,0.0,0.0,,27.26,0.0,0.0
2019-04-05,9.347,9.347,9.347,9.347,200,1869.4,100.0,200.0,0.0,0.0,,27.26,0.0,0.0
2019-04-08,9.303,9.303,8.904,8.904,800,7123.2,0.0,0.0,0.0,0.0,,27.26,0.0,0.0
2019-04-09,9.303,9.303,9.303,9.303,100,930.3,0.0,0.0,0.0,0.0,,27.26,0.0,0.0
2019-04-10,9.125,9.303,9.125,9.303,600,5581.8,500.0,500.0,10000.0,10000.0,,27.26,0.01,0.01
2019-04-11,9.303,9.347,9.303,9.347,1800,16824.6,1700.0,1600.0,40000.0,30000.0,,27.26,0.04,0.03
2019-04-12,9.347,9.347,9.347,9.347,3300,30845.1,3300.0,3300.0,70000.0,70000.0,,27.26,0.07,0.07
2019-04-16,9.347,9.347,9.214,9.214,600,5528.400000000001,500.0,100.0,10000.0,0.0,,27.26,0.01,0.0
2019-04-17,9.081,9.967,9.081,9.967,5600,55815.2,5100.0,5300.0,110000.0,110000.0,,27.26,0.11,0.11
2019-04-18,9.967,9.967,9.967,9.967,0,0.0,0.0,0.0,0.0,0.0,,27.26,0.0,0.0
2019-04-19,9.967,9.967,9.967,9.967,0,0.0,0.0,0.0,0.0,0.0,,27.26,0.0,0.0
2019-04-22,9.967,9.967,9.967,9.967,0,0.0,0.0,0.0,0.0,0.0,,27.26,0.0,0.0
2019-04-23,9.967,9.967,9.967,9.967,0,0.0,0.0,0.0,0.0,0.0,,27.26,0.0,0.0
2019-04-24,9.303,9.79,9.303,9.79,9200,90067.99999999999,9000.0,9000.0,190000.0,190000.0,,27.26,0.19,0.19
2019-04-25,9.79,9.79,9.79,9.79,0,0.0,0.0,0.0,0.0,0.0,,27.26,0.0,0.0
2019-04-26,9.746,9.746,9.303,9.303,2600,24187.800000000003,1300.0,0.0,30000.0,0.0,,27.26,0.03,0.0
2019-05-02,9.347,9.347,9.303,9.303,1000,9303.0,200.0,0.0,0.0,0.0,,27.26,0.0,0.0
2019-05-03,9.303,9.303,9.303,9.303,2500,23257.500000000004,2500.0,2500.0,50000.0,50000.0,,27.26,0.05,0.05
2019-05-06,8.904,9.48,8.904,9.081,2170,19705.77,900.0,1170.0,20000.0,20000.0,,27.26,0.02,0.02
2019-05-07,9.081,9.746,9.081,9.746,200,1949.2,100.0,0.0,0.0,0.0,,27.26,0.0,0.0
2019-05-08,9.746,9.746,9.746,9.746,0,0.0,0.0,0.0,0.0,0.0,,27.26,0.0,0.0
2019-05-09,9.081,9.081,9.081,9.081,140,1271.34,0.0,0.0,0.0,0.0,,27.26,0.0,0.0
2019-05-10,9.214,9.214,9.214,9.214,200,1842.8,200.0,0.0,0.0,0.0,,27.26,0.0,0.0
2019-05-13,9.214,9.214,9.214,9.214,400,3685.6,0.0,100.0,0.0,0.0,,27.26,0.0,0.0
2019-05-14,9.214,9.214,9.214,9.214,800,7371.200000000001,600.0,0.0,10000.0,0.0,,27.26,0.01,0.0
2019-05-15,9.214,9.303,9.214,9.214,21000,193494.0,20000.0,20200.0,420000.0,420000.0,,27.26,0.42,0.42
2019-05-16,9.214,9.258,9.214,9.258,600,5554.799999999999,500.0,500.0,10000.0,10000.0,,27.26,0.01,0.01
2019-05-17,9.347,9.347,9.347,9.347,110,1028.1699999999998,0.0,0.0,0.0,0.0,,27.26,0.0,0.0
2019-05-20,9.347,9.347,9.347,9.347,60,560.8199999999999,0.0,0.0,0.0,0.0,,27.26,0.0,0.0
2019-05-21,9.391,9.524,9.303,9.524,10500,100002.0,0.0,7500.0,0.0,160000.0,,27.26,0.0,0.16
2019-05-22,9.524,9.524,9.524,9.524,110,1047.64,0.0,10.0,0.0,0.0,,27.26,0.0,0.0
2019-05-23,9.524,9.657,9.524,9.657,1200,11588.4,0.0,0.0,0.0,0.0,,27.26,0.0,0.0
2019-05-24,9.436,9.613,9.303,9.613,5500,52871.5,5100.0,0.0,110000.0,0.0,,27.26,0.11,0.0
2019-05-27,9.613,9.613,9.613,9.613,0,0.0,0.0,0.0,0.0,0.0,,27.26,0.0,0.0
2019-05-28,9.613,9.613,9.613,9.613,200,1922.6,0.0,0.0,0.0,0.0,,27.26,0.0,0.0
2019-05-29,9.613,9.613,9.613,9.613,0,0.0,0.0,0.0,0.0,0.0,,27.26,0.0,0.0
2019-05-30,9.613,9.613,9.613,9.613,0,0.0,0.0,0.0,0.0,0.0,,27.26,0.0,0.0
2019-05-31,9.613,9.613,9.613,9.613,0,0.0,0.0,0.0,0.0,0.0,,27.26,0.0,0.0
2019-06-03,9.613,9.613,9.303,9.303,2400,22327.2,2000.0,0.0,40000.0,0.0,,27.26,0.04,0.0
2019-06-04,9.303,9.303,9.303,9.303,50,465.15,0.0,0.0,0.0,0.0,,27.26,0.0,0.0
2019-06-05,9.303,9.303,9.303,9.303,210,1953.63,21.0,0.0,0.0,0.0,,27.26,0.0,0.0
2019-06-06,9.303,9.303,9.303,9.303,10,93.03,0.0,0.0,0.0,0.0,,27.26,0.0,0.0
2019-06-07,9.524,9.524,9.524,9.524,100,952.4,0.0,0.0,0.0,0.0,,27.26,0.0,0.0
2019-06-10,9.524,9.524,9.524,9.524,100,952.4,0.0,0.0,0.0,0.0,,27.26,0.0,0.0
2019-06-11,9.48,9.524,9.48,9.524,600,5714.4,0.0,0.0,0.0,0.0,,27.26,0.0,0.0
2019-06-12,9.436,9.436,9.436,9.436,500,4718.0,0.0,0.0,0.0,0.0,,27.26,0.0,0.0
2019-06-13,9.701,9.701,9.701,9.701,300,2910.3,0.0,0.0,0.0,0.0,,27.26,0.0,0.0
2019-06-14,9.701,9.701,9.701,9.701,0,0.0,0.0,0.0,0.0,0.0,,27.26,0.0,0.0
2019-06-17,9.701,9.746,9.701,9.746,610,5945.06,10.0,0.0,0.0,0.0,,27.26,0.0,0.0
2019-06-18,9.436,9.436,9.436,9.436,200,1887.2,0.0,0.0,0.0,0.0,,27.26,0.0,0.0
2019-06-19,9.524,9.524,9.524,9.524,600,5714.4,0.0,0.0,0.0,0.0,,27.26,0.0,0.0
2019-06-20,9.613,9.613,9.613,9.613,1020,9805.26,20.0,0.0,0.0,0.0,,27.26,0.0,0.0
2019-06-21,9.701,9.746,9.701,9.746,2600,25339.6,0.0,1300.0,0.0,30000.0,,27.26,0.0,0.03
2019-06-24,9.746,9.746,9.746,9.746,6800,66272.8,0.0,0.0,0.0,0.0,,27.26,0.0,0.0
2019-06-25,9.701,9.746,9.701,9.746,3320,32356.72,0.0,0.0,0.0,0.0,,27.26,0.0,0.0
2019-06-26,9.746,9.746,9.746,9.746,1100,10720.6,0.0,1100.0,0.0,20000.0,,27.26,0.0,0.02
2019-06-27,10.12,10.261,10.073,10.261,500,5130.5,0.0,0.0,0.0,0.0,,27.26,0.0,0.0
2019-06-28,10.026,10.026,9.277,9.277,7400,68649.79999999999,0.0,0.0,0.0,0.0,,27.26,0.0,0.0
2019-07-01,9.464,9.464,9.464,9.464,4600,43534.4,3000.0,0.0,60000.0,0.0,,27.26,0.06,0.0
2019-07-02,9.464,9.464,9.464,9.464,0,0.0,0.0,0.0,0.0,0.0,,27.26,0.0,0.0
2019-07-03,9.651,9.651,9.651,9.651,100,965.1,0.0,0.0,0.0,0.0,,27.26,0.0,0.0
2019-07-04,9.651,9.651,9.651,9.651,0,0.0,0.0,0.0,0.0,0.0,,27.26,0.0,0.0
2019-07-05,9.605,9.698,9.605,9.698,200,1939.6,0.0,0.0,0.0,0.0,,27.26,0.0,0.0
2019-07-08,9.698,9.698,9.698,9.698,0,0.0,0.0,0.0,0.0,0.0,,27.26,0.0,0.0
2019-07-09,9.745,9.745,9.698,9.698,400,3879.2,0.0,0.0,0.0,0.0,,27.26,0.0,0.0
2019-07-10,9.792,9.792,9.792,9.792,100,979.2,0.0,0.0,0.0,0.0,,27.26,0.0,0.0
2019-07-11,9.698,10.214,9.698,10.214,11400,116439.6,0.0,0.0,0.0,0.0,,27.26,0.0,0.0
2019-07-12,10.214,10.214,10.214,10.214,0,0.0,0.0,0.0,0.0,0.0,,27.26,0.0,0.0
2019-07-15,10.214,10.214,10.214,10.214,0,0.0,0.0,0.0,0.0,0.0,,27.26,0.0,0.0
2019-07-16,10.214,10.214,10.214,10.214,0,0.0,0.0,0.0,0.0,0.0,,27.26,0.0,0.0
2019-07-17,10.214,10.214,10.214,10.214,0,0.0,0.0,0.0,0.0,0.0,,27.26,0.0,0.0
2019-07-18,10.214,10.214,10.214,10.214,0,0.0,0.0,0.0,0.0,0.0,,27.26,0.0,0.0
2019-07-19,10.214,10.214,10.214,10.214,0,0.0,0.0,0.0,0.0,0.0,,27.26,0.0,0.0
2019-07-22,10.214,10.214,10.214,10.214,0,0.0,0.0,0.0,0.0,0.0,,27.26,0.0,0.0
2019-07-23,10.214,10.214,10.214,10.214,0,0.0,0.0,0.0,0.0,0.0,,27.26,0.0,0.0
2019-07-24,10.214,10.214,10.214,10.214,10,102.14,0.0,0.0,0.0,0.0,,27.26,0.0,0.0
2019-07-25,10.214,10.214,10.214,10.214,0,0.0,0.0,0.0,0.0,0.0,,27.26,0.0,0.0
2019-07-26,10.214,10.214,10.214,10.214,0,0.0,0.0,0.0,0.0,0.0,,27.26,0.0,0.0
2019-07-29,9.464,9.464,9.417,9.417,500,4708.5,0.0,0.0,0.0,0.0,,27.26,0.0,0.0
2019-07-30,9.839,9.839,9.417,9.417,10700,100761.9,500.0,10200.0,10000.0,210000.0,,27.26,0.01,0.21
2019-07-31,9.417,9.605,9.37,9.605,7475,71797.375,500.0,5500.0,10000.0,110000.0,,27.26,0.01,0.11
2019-08-01,9.417,9.417,9.417,9.417,176,1657.392,0.0,0.0,0.0,0.0,,27.26,0.0,0.0
2019-08-02,9.417,9.511,9.417,9.511,200,1902.2,0.0,100.0,0.0,0.0,,27.26,0.0,0.0
2019-08-05,9.745,9.745,9.745,9.745,100,974.5,100.0,0.0,0.0,0.0,,27.26,0.0,0.0
2019-08-06,9.417,9.417,9.37,9.37,500,4685.0,0.0,400.0,0.0,10000.0,,27.26,0.0,0.01
2019-08-07,9.37,9.417,9.37,9.417,1730,16291.41,0.0,600.0,0.0,10000.0,,27.26,0.0,0.01
2019-08-08,9.464,9.605,9.464,9.605,1100,10565.5,0.0,1000.0,0.0,20000.0,,27.26,0.0,0.02
2019-08-09,9.605,9.605,9.605,9.605,0,0.0,0.0,0.0,0.0,0.0,,27.26,0.0,0.0
2019-08-12,9.511,9.511,9.511,9.511,150,1426.65,0.0,100.0,0.0,0.0,,27.26,0.0,0.0
2019-08-13,9.464,9.464,9.37,9.37,2700,25299.0,0.0,2300.0,0.0,50000.0,,27.26,0.0,0.05
2019-08-14,9.37,9.37,9.323,9.323,5200,48479.6,400.0,0.0,10000.0,0.0,,27.26,0.01,0.0
2019-08-15,9.183,9.183,9.183,9.183,100,918.3,100.0,0.0,0.0,0.0,,27.26,0.0,0.0
2019-08-16,9.183,9.558,9.183,9.558,465,4444.47,300.0,0.0,10000.0,0.0,,27.26,0.01,0.0
2019-08-19,9.23,9.511,9.23,9.511,1300,12364.3,0.0,0.0,0.0,0.0,,27.26,0.0,0.0
2019-08-20,9.511,9.511,9.511,9.511,730,6943.03,0.0,0.0,0.0,0.0,,27.26,0.0,0.0
2019-08-21,9.23,9.277,9.23,9.277,910,8442.07,10.0,0.0,0.0,0.0,,27.26,0.0,0.0
2019-08-22,9.558,9.558,9.558,9.558,100,955.8,0.0,0.0,0.0,0.0,,27.26,0.0,0.0
2019-08-23,9.511,9.511,9.511,9.511,100,951.1,100.0,0.0,0.0,0.0,,27.26,0.0,0.0
2019-08-26,9.511,9.511,9.511,9.511,50,475.55,0.0,0.0,0.0,0.0,,27.26,0.0,0.0
2019-08-27,9.605,9.605,9.605,9.605,110,1056.55,10.0,0.0,0.0,0.0,,27.26,0.0,0.0
2019-08-28,9.605,9.605,9.605,9.605,100,960.5,100.0,0.0,0.0,0.0,,27.26,0.0,0.0
2019-08-29,9.558,9.558,9.558,9.558,200,1911.6,0.0,0.0,0.0,0.0,,27.26,0.0,0.0
2019-08-30,9.558,9.558,9.558,9.558,400,3823.2,0.0,0.0,0.0,0.0,,27.26,0.0,0.0
2019-09-03,9.558,9.558,9.558,9.558,816,7799.327999999999,6.0,0.0,0.0,0.0,,27.26,0.0,0.0
2019-09-04,9.558,9.558,9.558,9.558,0,0.0,0.0,0.0,0.0,0.0,,27.26,0.0,0.0
2019-09-05,9.558,9.558,9.558,9.558,300,2867.4,0.0,0.0,0.0,0.0,,27.26,0.0,0.0
2019-09-06,9.558,9.558,9.558,9.558,300,2867.4,0.0,0.0,0.0,0.0,,27.26,0.0,0.0
2019-09-09,9.558,9.558,9.558,9.558,600,5734.8,0.0,0.0,0.0,0.0,,27.26,0.0,0.0
2019-09-10,9.558,9.558,9.558,9.558,6,57.348,0.0,0.0,0.0,0.0,,27.26,0.0,0.0
2019-09-11,9.558,9.558,9.558,9.558,0,0.0,0.0,0.0,0.0,0.0,,27.26,0.0,0.0
2019-09-12,9.698,9.698,9.698,9.698,100,969.8,0.0,0.0,0.0,0.0,,27.26,0.0,0.0
2019-09-13,9.651,9.651,9.651,9.651,400,3860.4,0.0,0.0,0.0,0.0,,27.26,0.0,0.0
2019-09-16,9.651,9.651,9.651,9.651,6,57.906,0.0,0.0,0.0,0.0,,27.26,0.0,0.0
2019-09-17,9.792,9.792,9.23,9.792,1600,15667.2,0.0,0.0,0.0,0.0,,27.26,0.0,0.0
2019-09-18,9.792,9.792,9.792,9.792,0,0.0,0.0,0.0,0.0,0.0,,27.26,0.0,0.0
2019-09-19,9.839,9.839,9.23,9.698,3400,32973.200000000004,500.0,0.0,10000.0,0.0,,27.26,0.01,0.0
2019-09-20,9.37,9.37,9.37,9.37,100,937.0,100.0,0.0,0.0,0.0,,27.26,0.0,0.0
2019-09-23,9.37,9.37,9.37,9.37,0,0.0,0.0,0.0,0.0,0.0,,27.26,0.0,0.0
2019-09-24,9.37,9.37,9.23,9.23,2500,23075.0,1100.0,300.0,20000.0,10000.0,,27.26,0.02,0.01
2019-09-25,9.23,9.23,9.23,9.23,0,0.0,0.0,0.0,0.0,0.0,,27.26,0.0,0.0
2019-09-26,9.37,9.37,9.37,9.37,140,1311.8,0.0,0.0,0.0,0.0,,27.26,0.0,0.0
2019-09-27,9.323,9.323,9.323,9.323,285,2657.0550000000003,0.0,0.0,0.0,0.0,,27.26,0.0,0.0
2019-09-30,9.37,9.37,9.37,9.37,1300,12180.999999999998,0.0,0.0,0.0,0.0,,27.26,0.0,0.0
2019-10-01,9.183,9.323,9.183,9.183,3900,35813.7,0.0,2900.0,0.0,60000.0,,27.26,0.0,0.06
2019-10-02,9.136,9.136,9.136,9.136,1800,16444.8,600.0,800.0,10000.0,20000.0,,27.26,0.01,0.02
2019-10-03,9.089,9.277,8.996,8.996,900,8096.400000000001,0.0,300.0,0.0,10000.0,,27.26,0.0,0.01
2019-10-04,8.996,8.996,8.996,8.996,10,89.96000000000001,0.0,0.0,0.0,0.0,,27.26,0.0,0.0
2019-10-07,9.136,9.136,8.902,8.902,1800,16023.6,0.0,1800.0,0.0,30000.0,,27.26,0.0,0.03
2019-10-08,8.902,8.902,8.902,8.902,600,5341.2,0.0,600.0,0.0,10000.0,,27.26,0.0,0.01
2019-10-09,8.902,8.902,8.902,8.902,1685,14999.87,0.0,1600.0,0.0,30000.0,,27.26,0.0,0.03
2019-10-10,8.902,9.089,8.902,9.089,900,8180.1,0.0,0.0,0.0,0.0,,27.26,0.0,0.0
2019-10-11,9.089,9.089,9.089,9.089,0,0.0,0.0,0.0,0.0,0.0,,27.26,0.0,0.0
2019-10-14,8.808,8.808,8.808,8.808,100,880.8,0.0,0.0,0.0,0.0,,27.26,0.0,0.0
2019-10-15,9.37,9.37,8.668,8.902,2000,17804.0,900.0,1800.0,20000.0,30000.0,,27.26,0.02,0.03
2019-10-16,8.902,8.902,8.386,8.386,1900,15933.399999999998,400.0,1900.0,10000.0,30000.0,,27.26,0.01,0.03
2019-10-17,8.902,8.902,8.902,8.902,300,2670.6,200.0,0.0,0.0,0.0,,27.26,0.0,0.0
2019-10-18,8.902,8.902,8.902,8.902,0,0.0,0.0,0.0,0.0,0.0,,27.26,0.0,0.0
2019-10-21,8.761,8.855,8.48,8.48,800,6784.0,0.0,0.0,0.0,0.0,,27.26,0.0,0.0
2019-10-22,8.574,8.574,8.48,8.48,500,4240.0,0.0,0.0,0.0,0.0,,27.26,0.0,0.0
2019-10-23,8.48,8.48,8.48,8.48,0,0.0,0.0,0.0,0.0,0.0,,27.26,0.0,0.0
2019-10-24,8.761,8.761,8.761,8.761,100,876.0999999999999,0.0,0.0,0.0,0.0,,27.26,0.0,0.0
2019-10-25,8.761,8.761,8.761,8.761,0,0.0,0.0,0.0,0.0,0.0,,27.26,0.0,0.0
2019-10-28,8.714,8.761,8.714,8.761,300,2628.3,0.0,0.0,0.0,0.0,,27.26,0.0,0.0
2019-10-29,8.761,8.761,8.761,8.761,0,0.0,0.0,0.0,0.0,0.0,,27.26,0.0,0.0
2019-10-30,8.808,8.808,8.808,8.808,200,1761.6,0.0,0.0,0.0,0.0,,27.26,0.0,0.0
2019-10-31,8.902,8.902,8.902,8.902,904,8047.407999999999,100.0,0.0,0.0,0.0,,27.26,0.0,0.0
2019-11-01,9.605,9.605,9.605,9.605,100,960.5,0.0,0.0,0.0,0.0,,27.26,0.0,0.0
2019-11-04,9.605,9.605,9.605,9.605,0,0.0,0.0,0.0,0.0,0.0,,27.26,0.0,0.0
2019-11-05,9.605,9.605,9.605,9.605,0,0.0,0.0,0.0,0.0,0.0,,27.26,0.0,0.0
2019-11-06,8.902,8.902,8.902,8.902,1500,13352.999999999998,0.0,0.0,0.0,0.0,,27.26,0.0,0.0
2019-11-07,8.902,8.902,8.902,8.902,500,4451.0,0.0,500.0,0.0,10000.0,,27.26,0.0,0.01
2019-11-08,8.902,8.902,8.902,8.902,2000,17804.0,0.0,1000.0,0.0,20000.0,,27.26,0.0,0.02
2019-11-11,9.37,9.37,9.37,9.37,600,5621.999999999999,0.0,0.0,0.0,0.0,,27.26,0.0,0.0
2019-11-12,9.37,9.37,9.37,9.37,1410,13211.7,800.0,600.0,20000.0,10000.0,,27.26,0.02,0.01
2019-11-13,8.808,8.808,8.808,8.808,100,880.8,0.0,0.0,0.0,0.0,,27.26,0.0,0.0
2019-11-14,8.855,8.855,8.668,8.668,4200,36405.6,0.0,2700.0,0.0,50000.0,,27.26,0.0,0.05
2019-11-15,8.668,8.668,8.668,8.668,0,0.0,0.0,0.0,0.0,0.0,,27.26,0.0,0.0
2019-11-18,8.058,8.48,8.058,8.48,200,1696.0,0.0,0.0,0.0,0.0,,27.26,0.0,0.0
2019-11-19,8.48,8.48,8.48,8.48,0,0.0,0.0,0.0,0.0,0.0,,27.26,0.0,0.0
2019-11-20,8.48,8.48,8.48,8.48,0,0.0,0.0,0.0,0.0,0.0,,27.26,0.0,0.0
2019-11-21,8.105,8.433,8.105,8.433,300,2529.9,0.0,0.0,0.0,0.0,,27.26,0.0,0.0
2019-11-22,8.152,8.902,8.105,8.902,700,6231.4,0.0,100.0,0.0,0.0,,27.26,0.0,0.0
2019-11-25,8.902,8.902,8.902,8.902,0,0.0,0.0,0.0,0.0,0.0,,27.26,0.0,0.0
2019-11-26,8.902,8.902,8.902,8.902,0,0.0,0.0,0.0,0.0,0.0,,27.26,0.0,0.0
2019-11-27,8.902,8.902,8.902,8.902,0,0.0,0.0,0.0,0.0,0.0,,27.26,0.0,0.0
2019-11-28,8.996,8.996,8.668,8.668,600,5200.799999999999,0.0,0.0,0.0,0.0,,27.26,0.0,0.0
2019-11-29,9.089,9.089,8.433,8.433,2100,17709.3,0.0,0.0,0.0,0.0,,27.26,0.0,0.0
2019-12-02,8.105,8.246,7.965,8.246,1800,14842.8,0.0,0.0,0.0,0.0,,27.26,0.0,0.0
2019-12-03,8.246,8.246,8.246,8.246,0,0.0,0.0,0.0,0.0,0.0,,27.26,0.0,0.0
2019-12-04,8.34,8.34,7.965,7.965,1100,8761.5,0.0,0.0,0.0,0.0,,27.26,0.0,0.0
2019-12-05,8.012,8.012,7.965,7.965,8800,70092.0,0.0,0.0,0.0,0.0,,27.26,0.0,0.0
2019-12-06,7.965,7.965,7.965,7.965,300,2389.5,200.0,0.0,0.0,0.0,,27.26,0.0,0.0
2019-12-09,7.871,8.48,7.871,8.48,1100,9328.0,0.0,0.0,0.0,0.0,,27.26,0.0,0.0
2019-12-10,7.684,8.433,7.637,8.433,5000,42165.0,0.0,0.0,0.0,0.0,,27.26,0.0,0.0
2019-12-11,7.777,8.199,7.777,8.199,2900,23777.1,0.0,600.0,0.0,10000.0,,27.26,0.0,0.01
2019-12-12,7.965,8.199,7.965,8.199,5060,41486.94,0.0,0.0,0.0,0.0,,27.26,0.0,0.0
2019-12-13,7.918,8.199,7.918,8.199,4700,38535.3,0.0,0.0,0.0,0.0,,27.26,0.0,0.0
2019-12-16,7.965,8.199,7.965,8.199,17000,139383.0,0.0,0.0,0.0,0.0,,27.26,0.0,0.0
2019-12-17,8.293,8.433,8.199,8.199,48750,399701.25,0.0,10600.0,0.0,190000.0,,27.26,0.0,0.19
2019-12-18,8.199,8.246,8.199,8.199,56700,464883.3,0.0,34700.0,0.0,610000.0,,27.26,0.0,0.61
2019-12-19,8.199,8.293,8.199,8.246,51500,424669.0,0.0,49500.0,0.0,870000.0,,27.26,0.0,0.87
2019-12-20,8.293,8.34,8.199,8.293,28100,233033.3,0.0,13100.0,0.0,230000.0,,27.26,0.0,0.23
2019-12-23,8.199,8.293,7.965,8.293,20110,166772.22999999998,0.0,9600.0,0.0,170000.0,,27.26,0.0,0.17
2019-12-24,8.105,8.34,8.105,8.34,295,2460.3,0.0,100.0,0.0,0.0,,27.26,0.0,0.0
2019-12-25,8.34,9.136,8.34,8.902,27664,246264.928,0.0,6950.0,0.0,130000.0,,27.26,0.0,0.13
2019-12-26,8.761,9.37,8.761,9.37,11200,104944.0,0.0,0.0,0.0,0.0,,27.26,0.0,0.0
2019-12-27,9.37,9.417,9.37,9.417,45000,423765.0,0.0,33100.0,0.0,660000.0,,27.26,0.0,0.66
2019-12-30,8.902,9.511,8.527,9.511,51200,486963.2,100.0,23200.0,0.0,470000.0,,27.26,0.0,0.47
2019-12-31,9.417,10.307,9.37,10.307,322150,3320400.0500000003,0.0,134230.0,0.0,2850000.0,,27.26,0.0,2.85
2020-01-02,10.307,10.307,10.307,10.307,0,0.0,0.0,0.0,0.0,0.0,,27.26,0.0,0.0
2020-01-03,10.307,10.307,10.307,10.307,0,0.0,0.0,0.0,0.0,0.0,,27.26,0.0,0.0
2020-01-06,9.277,9.277,9.277,9.277,100,927.7,0.0,0.0,0.0,0.0,,27.26,0.0,0.0
2020-01-07,9.277,9.277,9.277,9.277,0,0.0,0.0,0.0,0.0,0.0,,27.26,0.0,0.0
2020-01-08,9.277,9.277,9.277,9.277,0,0.0,0.0,0.0,0.0,0.0,,27.26,0.0,0.0
2020-01-09,9.277,9.277,9.277,9.277,0,0.0,0.0,0.0,0.0,0.0,,27.26,0.0,0.0
2020-01-10,9.277,9.277,9.277,9.277,0,0.0,0.0,0.0,0.0,0.0,,27.26,0.0,0.0
2020-01-13,9.277,9.277,9.277,9.277,0,0.0,0.0,0.0,0.0,0.0,,27.26,0.0,0.0
2020-01-14,9.277,9.277,9.277,9.277,0,0.0,0.0,0.0,0.0,0.0,,27.26,0.0,0.0
2020-01-15,9.277,9.277,9.277,9.277,0,0.0,0.0,0.0,0.0,0.0,,27.26,0.0,0.0
2020-01-16,9.277,9.277,9.277,9.277,0,0.0,0.0,0.0,0.0,0.0,,27.26,0.0,0.0
2020-01-17,9.37,9.37,9.37,9.37,200,1874.0,0.0,200.0,0.0,0.0,,27.26,0.0,0.0
2020-01-20,8.48,9.464,8.433,9.464,1300,12303.2,0.0,1300.0,0.0,20000.0,,27.26,0.0,0.02
2020-01-21,9.464,9.464,9.464,9.464,0,0.0,0.0,0.0,0.0,0.0,,27.26,0.0,0.0
2020-01-22,9.464,9.464,9.464,9.464,600,5678.400000000001,0.0,600.0,0.0,10000.0,,27.26,0.0,0.01
2020-01-30,9.464,9.464,9.464,9.464,0,0.0,0.0,0.0,0.0,0.0,,27.26,0.0,0.0
2020-01-31,9.277,9.37,9.183,9.183,3600,33058.8,3100.0,600.0,60000.0,10000.0,,27.26,0.06,0.01
2020-02-03,9.183,9.183,9.183,9.183,0,0.0,0.0,0.0,0.0,0.0,,27.26,0.0,0.0
2020-02-04,9.183,9.183,9.183,9.183,0,0.0,0.0,0.0,0.0,0.0,,27.26,0.0,0.0
2020-02-05,9.183,9.183,9.183,9.183,0,0.0,0.0,0.0,0.0,0.0,,27.26,0.0,0.0
2020-02-06,9.183,9.183,9.183,9.183,0,0.0,0.0,0.0,0.0,0.0,,27.26,0.0,0.0
2020-02-07,9.183,9.183,9.183,9.183,100,918.3,0.0,0.0,0.0,0.0,,27.26,0.0,0.0
2020-02-10,9.183,9.183,9.183,9.183,0,0.0,0.0,0.0,0.0,0.0,,27.26,0.0,0.0
2020-02-11,8.433,8.433,8.433,8.433,200,1686.6,0.0,0.0,0.0,0.0,,27.26,0.0,0.0
2020-02-12,8.668,9.277,8.34,9.277,1700,15770.899999999998,700.0,1600.0,10000.0,30000.0,,27.26,0.01,0.03
2020-02-13,8.433,8.433,8.433,8.433,500,4216.5,0.0,0.0,0.0,0.0,,27.26,0.0,0.0
2020-02-14,8.433,8.433,8.433,8.433,0,0.0,0.0,0.0,0.0,0.0,,27.26,0.0,0.0
2020-02-17,8.012,8.012,8.012,8.012,200,1602.4,200.0,200.0,0.0,0.0,,27.26,0.0,0.0
2020-02-18,8.761,8.808,8.761,8.808,3900,34351.2,0.0,2200.0,0.0,40000.0,,27.26,0.0,0.04
2020-02-19,8.808,8.808,8.808,8.808,0,0.0,0.0,0.0,0.0,0.0,,27.26,0.0,0.0
2020-02-20,8.808,8.808,8.808,8.808,0,0.0,0.0,0.0,0.0,0.0,,27.26,0.0,0.0
2020-02-21,9.37,9.37,9.37,9.37,300,2810.9999999999995,0.0,0.0,0.0,0.0,,27.26,0.0,0.0
2020-02-24,9.37,9.37,8.48,8.48,1400,11872.0,0.0,900.0,0.0,20000.0,,27.26,0.0,0.02
2020-02-25,8.058,9.136,8.058,9.136,295,2695.12,0.0,195.0,0.0,0.0,,27.26,0.0,0.0
2020-02-26,9.183,9.183,9.183,9.183,1000,9183.0,0.0,500.0,0.0,10000.0,,27.26,0.0,0.01
2020-02-27,9.23,9.23,8.433,9.23,1100,10153.0,0.0,500.0,0.0,10000.0,,27.26,0.0,0.01
2020-02-28,9.558,9.558,9.558,9.558,100,955.8,0.0,0.0,0.0,0.0,,27.26,0.0,0.0
2020-03-02,9.558,9.558,9.558,9.558,0,0.0,0.0,0.0,0.0,0.0,,27.26,0.0,0.0
2020-03-03,9.558,9.605,9.558,9.605,3110,29871.550000000003,10.0,0.0,0.0,0.0,,27.26,0.0,0.0
2020-03-04,9.417,9.417,9.417,9.417,100,941.7,0.0,0.0,0.0,0.0,,27.26,0.0,0.0
2020-03-05,9.605,9.605,9.605,9.605,100,960.5,0.0,0.0,0.0,0.0,,27.26,0.0,0.0
2020-03-06,9.605,9.605,9.605,9.605,0,0.0,0.0,0.0,0.0,0.0,,27.26,0.0,0.0
2020-03-09,9.605,9.605,9.605,9.605,82,787.61,0.0,0.0,0.0,0.0,,27.26,0.0,0.0
2020-03-10,9.417,9.417,9.417,9.417,6400,60268.8,0.0,4200.0,0.0,80000.0,,27.26,0.0,0.08
2020-03-11,9.277,9.277,9.277,9.277,100,927.7,0.0,0.0,0.0,0.0,,27.26,0.0,0.0
2020-03-12,9.277,9.277,9.277,9.277,100,927.7,0.0,0.0,0.0,0.0,,27.26,0.0,0.0
2020-03-13,9.277,9.277,9.277,9.277,500,4638.5,0.0,0.0,0.0,0.0,,27.26,0.0,0.0
2020-03-16,9.277,9.277,9.277,9.277,0,0.0,0.0,0.0,0.0,0.0,,27.26,0.0,0.0
2020-03-17,9.277,9.277,9.277,9.277,0,0.0,0.0,0.0,0.0,0.0,,27.26,0.0,0.0
2020-03-18,9.277,9.277,9.277,9.277,0,0.0,0.0,0.0,0.0,0.0,,27.26,0.0,0.0
2020-03-19,9.277,9.277,9.277,9.277,0,0.0,0.0,0.0,0.0,0.0,,27.26,0.0,0.0
2020-03-20,9.37,9.37,9.37,9.37,100,937.0,0.0,0.0,0.0,0.0,,27.26,0.0,0.0
2020-03-23,8.902,8.902,8.902,8.902,700,6231.4,200.0,700.0,0.0,10000.0,,27.26,0.0,0.01
2020-03-24,8.902,8.902,8.902,8.902,0,0.0,0.0,0.0,0.0,0.0,,27.26,0.0,0.0
2020-03-25,8.433,9.136,8.433,9.136,3600,32889.6,0.0,2600.0,0.0,50000.0,,27.26,0.0,0.05
2020-03-26,9.37,9.37,9.37,9.37,111,1040.07,100.0,0.0,0.0,0.0,,27.26,0.0,0.0
2020-03-27,9.37,9.37,9.37,9.37,0,0.0,0.0,0.0,0.0,0.0,,27.26,0.0,0.0
2020-03-30,9.37,9.37,9.37,9.37,0,0.0,0.0,0.0,0.0,0.0,,27.26,0.0,0.0
2020-03-31,9.37,9.37,9.37,9.37,73,684.01,0.0,0.0,0.0,0.0,,27.26,0.0,0.0
2020-04-01,9.37,9.37,9.37,9.37,0,0.0,0.0,0.0,0.0,0.0,,27.26,0.0,0.0
2020-04-03,9.37,9.37,9.37,9.37,0,0.0,0.0,0.0,0.0,0.0,,27.26,0.0,0.0
2020-04-06,9.37,9.37,8.855,8.855,2173,19241.915,0.0,2000.0,0.0,40000.0,,27.26,0.0,0.04
2020-04-07,8.855,8.855,8.855,8.855,65,575.575,0.0,0.0,0.0,0.0,,27.26,0.0,0.0
2020-04-08,8.855,8.855,8.855,8.855,0,0.0,0.0,0.0,0.0,0.0,,27.26,0.0,0.0
2020-04-09,8.855,8.855,8.855,8.855,4020,35597.1,0.0,3700.0,0.0,70000.0,,27.26,0.0,0.07
2020-04-10,8.855,8.855,8.855,8.855,1000,8855.0,0.0,0.0,0.0,0.0,,27.26,0.0,0.0
2020-04-13,9.136,9.136,9.136,9.136,100,913.6,0.0,0.0,0.0,0.0,,27.26,0.0,0.0
2020-04-14,9.183,9.183,9.183,9.183,300,2754.9,0.0,0.0,0.0,0.0,,27.26,0.0,0.0
2020-04-15,9.37,9.37,9.323,9.37,310,2904.7,0.0,0.0,0.0,0.0,,27.26,0.0,0.0
2020-04-16,9.323,9.37,9.323,9.323,1200,11187.6,0.0,0.0,0.0,0.0,,27.26,0.0,0.0
2020-04-17,9.323,9.323,9.323,9.323,200,1864.6,0.0,0.0,0.0,0.0,,27.26,0.0,0.0
2020-04-20,8.714,9.277,8.714,9.277,200,1855.4,0.0,0.0,0.0,0.0,,27.26,0.0,0.0
2020-04-21,9.277,9.277,9.277,9.277,0,0.0,0.0,0.0,0.0,0.0,,27.26,0.0,0.0
2020-04-22,9.323,9.323,9.323,9.323,100,932.3,100.0,0.0,0.0,0.0,,27.26,0.0,0.0
2020-04-23,9.323,9.323,9.323,9.323,0,0.0,0.0,0.0,0.0,0.0,,27.26,0.0,0.0
2020-04-24,9.277,9.277,9.277,9.277,205,1901.785,0.0,0.0,0.0,0.0,,27.26,0.0,0.0
2020-04-27,8.668,8.668,8.668,8.668,100,866.8,0.0,0.0,0.0,0.0,,27.26,0.0,0.0
2020-04-28,8.668,8.668,8.668,8.668,0,0.0,0.0,0.0,0.0,0.0,,27.26,0.0,0.0
2020-04-29,8.668,8.668,8.668,8.668,0,0.0,0.0,0.0,0.0,0.0,,27.26,0.0,0.0
2020-05-04,8.668,8.714,8.668,8.714,1853,16147.042,0.0,0.0,0.0,0.0,,27.26,0.0,0.0
2020-05-05,8.714,8.714,8.714,8.714,0,0.0,0.0,0.0,0.0,0.0,,27.26,0.0,0.0
2020-05-06,9.277,9.277,9.277,9.277,100,927.7,0.0,0.0,0.0,0.0,,27.26,0.0,0.0
2020-05-07,9.37,9.37,9.37,9.37,100,937.0,0.0,0.0,0.0,0.0,,27.26,0.0,0.0
2020-05-08,9.323,9.323,9.323,9.323,100,932.3,0.0,0.0,0.0,0.0,,27.26,0.0,0.0
2020-05-11,9.323,9.323,9.323,9.323,400,3729.2,0.0,0.0,0.0,0.0,,27.26,0.0,0.0
2020-05-12,9.323,9.323,9.323,9.323,0,0.0,0.0,0.0,0.0,0.0,,27.26,0.0,0.0
2020-05-13,8.902,8.902,8.902,8.902,1200,10682.4,0.0,0.0,0.0,0.0,,27.26,0.0,0.0
2020-05-14,8.902,8.902,8.761,8.902,1100,9792.2,100.0,70.0,0.0,0.0,,27.26,0.0,0.0
2020-05-15,8.902,8.902,8.902,8.902,100,890.1999999999999,0.0,0.0,0.0,0.0,,27.26,0.0,0.0
2020-05-18,8.902,8.902,8.668,8.902,1000,8902.0,300.0,300.0,10000.0,10000.0,,27.26,0.01,0.01
2020-05-19,8.902,8.902,8.668,8.668,3600,31204.8,0.0,0.0,0.0,0.0,,27.26,0.0,0.0
2020-05-20,8.668,8.668,8.433,8.527,5200,44340.4,100.0,0.0,0.0,0.0,,27.26,0.0,0.0
2020-05-21,8.48,8.902,8.48,8.902,300,2670.6,100.0,0.0,0.0,0.0,,27.26,0.0,0.0
2020-05-22,8.902,8.902,8.902,8.902,0,0.0,0.0,0.0,0.0,0.0,,27.26,0.0,0.0
2020-05-25,8.761,8.902,8.574,8.668,2200,19069.6,0.0,100.0,0.0,0.0,,27.26,0.0,0.0
2020-05-26,8.574,8.574,8.574,8.574,400,3429.6,0.0,100.0,0.0,0.0,,27.26,0.0,0.0
2020-05-27,8.855,8.855,8.855,8.855,100,885.5,100.0,0.0,0.0,0.0,,27.26,0.0,0.0
2020-05-28,8.855,9.323,8.714,8.714,11700,101953.8,10000.0,0.0,200000.0,0.0,,27.26,0.2,0.0
2020-05-29,8.714,8.714,8.714,8.714,0,0.0,0.0,0.0,0.0,0.0,,27.26,0.0,0.0
2020-06-01,8.48,8.902,8.48,8.902,200,1780.4,0.0,0.0,0.0,0.0,,27.26,0.0,0.0
2020-06-02,8.902,8.996,8.855,8.996,720,6477.12,20.0,0.0,0.0,0.0,,27.26,0.0,0.0
2020-06-03,8.996,9.089,8.996,9.089,3500,31811.5,0.0,0.0,0.0,0.0,,27.26,0.0,0.0
2020-06-04,9.136,9.136,9.136,9.136,500,4568.0,0.0,0.0,0.0,0.0,,27.26,0.0,0.0
2020-06-05,9.136,9.277,9.136,9.277,1283,11902.391,0.0,0.0,0.0,0.0,,27.26,0.0,0.0
2020-06-08,9.277,9.277,9.277,9.277,0,0.0,0.0,0.0,0.0,0.0,,27.26,0.0,0.0
2020-06-09,9.277,9.323,9.277,9.323,7700,71787.1,0.0,0.0,0.0,0.0,,27.26,0.0,0.0
2020-06-10,9.136,9.323,9.136,9.323,2100,19578.3,0.0,0.0,0.0,0.0,,27.26,0.0,0.0
2020-06-11,9.323,9.464,9.136,9.136,4900,44766.4,0.0,1800.0,0.0,40000.0,,27.26,0.0,0.04
2020-06-12,9.136,9.323,9.136,9.323,4400,41021.2,0.0,0.0,0.0,0.0,,27.26,0.0,0.0
2020-06-15,8.902,9.323,8.902,9.323,1100,10255.3,0.0,0.0,0.0,0.0,,27.26,0.0,0.0
2020-06-16,9.323,9.323,9.323,9.323,0,0.0,0.0,0.0,0.0,0.0,,27.26,0.0,0.0
2020-06-17,9.323,9.323,9.323,9.323,0,0.0,0.0,0.0,0.0,0.0,,27.26,0.0,0.0
2020-06-18,9.37,10.073,9.37,9.839,11300,111180.7,6500.0,8600.0,130000.0,170000.0,,27.26,0.13,0.17
2020-06-19,9.839,10.542,9.417,10.542,40800,430113.6,0.0,700.0,0.0,20000.0,,27.26,0.0,0.02
2020-06-22,10.542,10.542,9.558,9.651,8700,83963.7,0.0,0.0,0.0,0.0,,27.26,0.0,0.0
2020-06-23,9.839,10.495,9.839,10.495,20920,219555.4,0.0,0.0,0.0,0.0,,27.26,0.0,0.0
2020-06-24,10.354,10.448,9.839,10.401,12200,126892.2,0.0,10100.0,0.0,210000.0,,27.26,0.0,0.21
2020-06-25,10.261,10.261,9.464,9.651,5800,55975.8,0.0,0.0,0.0,0.0,,27.26,0.0,0.0
2020-06-26,9.136,10.073,9.136,9.839,2900,28533.1,0.0,500.0,0.0,10000.0,,27.26,0.0,0.01
2020-06-29,9.838,9.838,9.838,9.838,0,0.0,0.0,0.0,0.0,0.0,,27.26,0.0,0.0
2020-06-30,9.787,9.787,9.58,9.631,3400,32745.4,0.0,0.0,0.0,0.0,,27.26,0.0,0.0
2020-07-01,9.838,9.838,9.838,9.838,1400,13773.2,1400.0,0.0,30000.0,0.0,,27.26,0.03,0.0
2020-07-02,9.838,9.838,9.838,9.838,0,0.0,0.0,0.0,0.0,0.0,,27.26,0.0,0.0
2020-07-03,9.838,9.838,9.838,9.838,65,639.4699999999999,0.0,0.0,0.0,0.0,,27.26,0.0,0.0
2020-07-06,9.787,10.356,9.787,10.356,10400,107702.4,10400.0,0.0,210000.0,0.0,,27.26,0.21,0.0
2020-07-07,10.356,10.356,10.356,10.356,0,0.0,0.0,0.0,0.0,0.0,,27.26,0.0,0.0
2020-07-08,10.356,10.356,10.356,10.356,0,0.0,0.0,0.0,0.0,0.0,,27.26,0.0,0.0
2020-07-09,9.838,9.89,9.838,9.89,3226,31905.140000000003,0.0,0.0,0.0,0.0,,27.26,0.0,0.0
2020-07-10,9.838,9.838,9.838,9.838,165,1623.2699999999998,0.0,0.0,0.0,0.0,,27.26,0.0,0.0
2020-07-13,9.269,9.424,9.269,9.424,1600,15078.4,0.0,400.0,0.0,10000.0,,27.26,0.0,0.01
2020-07-14,9.424,9.424,9.424,9.424,100,942.4,0.0,0.0,0.0,0.0,,27.26,0.0,0.0
2020-07-15,9.787,9.787,9.787,9.787,120,1174.44,0.0,0.0,0.0,0.0,,27.26,0.0,0.0
2020-07-16,9.58,9.58,9.58,9.58,306,2931.48,200.0,0.0,0.0,0.0,,27.26,0.0,0.0
2020-07-17,9.528,9.787,9.321,9.787,311,3043.757,100.0,0.0,0.0,0.0,,27.26,0.0,0.0
2020-07-20,9.787,9.787,9.787,9.787,0,0.0,0.0,0.0,0.0,0.0,,27.26,0.0,0.0
2020-07-21,9.787,9.787,9.787,9.787,0,0.0,0.0,0.0,0.0,0.0,,27.26,0.0,0.0
2020-07-22,9.683,9.683,9.683,9.683,500,4841.5,0.0,0.0,0.0,0.0,,27.26,0.0,0.0
2020-07-23,9.683,9.683,9.683,9.683,0,0.0,0.0,0.0,0.0,0.0,,27.26,0.0,0.0
2020-07-24,9.424,9.631,9.424,9.631,2800,26966.8,200.0,0.0,0.0,0.0,,27.26,0.0,0.0
2020-07-27,9.165,9.217,8.699,8.803,7901,69552.50300000001,2300.0,0.0,40000.0,0.0,,27.26,0.04,0.0
2020-07-28,9.062,9.476,9.062,9.476,2800,26532.800000000003,400.0,0.0,10000.0,0.0,,27.26,0.01,0.0
2020-07-29,9.476,9.476,9.476,9.476,0,0.0,0.0,0.0,0.0,0.0,,27.26,0.0,0.0
2020-07-30,9.269,9.269,9.269,9.269,1526,14144.494,0.0,0.0,0.0,0.0,,27.26,0.0,0.0
2020-07-31,9.062,9.321,8.803,9.321,1200,11185.2,0.0,0.0,0.0,0.0,,27.26,0.0,0.0
2020-08-03,9.321,9.58,9.321,9.58,500,4790.0,0.0,0.0,0.0,0.0,,27.26,0.0,0.0
2020-08-04,9.631,9.683,9.631,9.631,4410,42472.71,4200.0,0.0,80000.0,0.0,,27.26,0.08,0.0
2020-08-05,9.631,9.631,9.631,9.631,130,1252.03,0.0,0.0,0.0,0.0,,27.26,0.0,0.0
2020-08-06,9.787,9.838,9.787,9.838,1030,10133.14,0.0,0.0,0.0,0.0,,27.26,0.0,0.0
2020-08-07,9.838,9.838,9.838,9.838,0,0.0,0.0,0.0,0.0,0.0,,27.26,0.0,0.0
2020-08-10,9.838,9.838,9.838,9.838,0,0.0,0.0,0.0,0.0,0.0,,27.26,0.0,0.0
2020-08-11,9.838,9.838,9.838,9.838,0,0.0,0.0,0.0,0.0,0.0,,27.26,0.0,0.0
2020-08-12,9.838,9.838,9.838,9.838,0,0.0,0.0,0.0,0.0,0.0,,27.26,0.0,0.0
2020-08-13,9.787,9.787,9.787,9.787,110,1076.5700000000002,0.0,0.0,0.0,0.0,,27.26,0.0,0.0
2020-08-14,9.787,9.787,9.787,9.787,40,391.48,0.0,0.0,0.0,0.0,,27.26,0.0,0.0
2020-08-17,9.787,9.787,9.787,9.787,16,156.592,0.0,0.0,0.0,0.0,,27.26,0.0,0.0
2020-08-18,9.787,9.787,9.787,9.787,0,0.0,0.0,0.0,0.0,0.0,,27.26,0.0,0.0
2020-08-19,9.787,9.787,9.787,9.787,0,0.0,0.0,0.0,0.0,0.0,,27.26,0.0,0.0
2020-08-20,9.321,9.58,9.321,9.58,1200,11496.0,0.0,0.0,0.0,0.0,,27.26,0.0,0.0
2020-08-21,9.838,9.838,9.838,9.838,500,4919.0,0.0,0.0,0.0,0.0,,27.26,0.0,0.0
2020-08-24,9.838,9.838,9.838,9.838,0,0.0,0.0,0.0,0.0,0.0,,27.26,0.0,0.0
2020-08-25,9.838,9.838,9.838,9.838,1,9.838,0.0,0.0,0.0,0.0,,27.26,0.0,0.0
2020-08-26,9.735,9.735,9.735,9.735,4024,39173.64,0.0,0.0,0.0,0.0,,27.26,0.0,0.0
2020-08-27,9.735,9.838,9.735,9.838,2100,20659.8,0.0,0.0,0.0,0.0,,27.26,0.0,0.0
2020-08-28,9.787,9.787,9.787,9.787,100,978.7,0.0,0.0,0.0,0.0,,27.26,0.0,0.0
2020-08-31,9.787,9.787,9.787,9.787,1600,15659.2,0.0,0.0,0.0,0.0,,27.26,0.0,0.0
2020-09-01,9.838,9.838,9.838,9.838,1401,13783.038,0.0,0.0,0.0,0.0,,27.26,0.0,0.0
2020-09-03,9.838,9.838,9.838,9.838,1220,12002.36,1000.0,0.0,20000.0,0.0,,27.26,0.02,0.0
2020-09-04,9.838,9.838,9.838,9.838,3500,34433.0,3400.0,0.0,60000.0,0.0,,27.26,0.06,0.0
2020-09-07,9.838,9.838,9.838,9.838,0,0.0,0.0,0.0,0.0,0.0,,27.26,0.0,0.0
2020-09-08,9.838,9.838,9.838,9.838,300,2951.4,0.0,0.0,0.0,0.0,,27.26,0.0,0.0
2020-09-09,9.838,9.838,9.838,9.838,0,0.0,0.0,0.0,0.0,0.0,,27.26,0.0,0.0
2020-09-10,9.838,9.838,9.838,9.838,6800,66898.4,1700.0,0.0,30000.0,0.0,,27.26,0.03,0.0
2020-09-11,9.838,9.838,9.838,9.838,0,0.0,0.0,0.0,0.0,0.0,,27.26,0.0,0.0
2020-09-14,9.838,9.838,9.838,9.838,0,0.0,0.0,0.0,0.0,0.0,,27.26,0.0,0.0
2020-09-15,9.838,9.838,9.58,9.58,3100,29698.0,100.0,0.0,0.0,0.0,,27.26,0.0,0.0
2020-09-16,9.58,9.994,9.476,9.476,417,3951.492,300.0,0.0,10000.0,0.0,,27.26,0.01,0.0
2020-09-17,9.58,9.58,9.528,9.528,1600,15244.8,1300.0,0.0,20000.0,0.0,,27.26,0.02,0.0
2020-09-18,9.58,9.735,9.58,9.735,1100,10708.5,0.0,0.0,0.0,0.0,,27.26,0.0,0.0
2020-09-21,9.89,9.89,9.735,9.735,3000,29205.0,500.0,0.0,10000.0,0.0,,27.26,0.01,0.0
2020-09-22,9.58,9.58,9.58,9.58,3300,31614.0,2500.0,0.0,50000.0,0.0,,27.26,0.05,0.0
2020-09-23,9.735,9.735,9.735,9.735,110,1070.85,0.0,0.0,0.0,0.0,,27.26,0.0,0.0
2020-09-24,9.735,9.735,9.735,9.735,100,973.5,0.0,0.0,0.0,0.0,,27.26,0.0,0.0
2020-09-25,9.476,9.735,9.476,9.735,500,4867.5,400.0,0.0,10000.0,0.0,,27.26,0.01,0.0
2020-09-28,9.787,9.838,9.787,9.838,1175,11559.65,0.0,0.0,0.0,0.0,,27.26,0.0,0.0
2020-09-29,9.838,9.838,9.735,9.735,2300,22390.5,1600.0,0.0,30000.0,0.0,,27.26,0.03,0.0
2020-09-30,10.304,10.356,9.476,10.046,1220,12256.12,0.0,0.0,0.0,0.0,,27.26,0.0,0.0
2020-10-01,10.097,10.304,10.097,10.304,1100,11334.4,0.0,0.0,0.0,0.0,,27.26,0.0,0.0
2020-10-02,10.304,10.304,10.304,10.304,0,0.0,0.0,0.0,0.0,0.0,,27.26,0.0,0.0
2020-10-05,9.631,10.304,9.631,10.304,800,8243.2,300.0,0.0,10000.0,0.0,,27.26,0.01,0.0
2020-10-06,10.304,10.304,10.304,10.304,20,206.08,0.0,0.0,0.0,0.0,,27.26,0.0,0.0
2020-10-07,10.304,10.304,10.304,10.304,0,0.0,0.0,0.0,0.0,0.0,,27.26,0.0,0.0
2020-10-08,10.304,10.304,10.304,10.304,0,0.0,0.0,0.0,0.0,0.0,,27.26,0.0,0.0
2020-10-09,9.838,10.046,9.838,10.046,200,2009.2,0.0,0.0,0.0,0.0,,27.26,0.0,0.0
2020-10-12,10.046,10.046,10.046,10.046,10,100.46,0.0,0.0,0.0,0.0,,27.26,0.0,0.0
2020-10-13,10.046,10.046,10.046,10.046,0,0.0,0.0,0.0,0.0,0.0,,27.26,0.0,0.0
2020-10-14,9.631,10.149,9.476,10.149,3000,30447.0,0.0,0.0,0.0,0.0,,27.26,0.0,0.0
2020-10-15,10.253,10.253,10.253,10.253,100,1025.3,0.0,0.0,0.0,0.0,,27.26,0.0,0.0
2020-10-16,10.304,11.133,10.304,10.356,2900,30032.4,0.0,0.0,0.0,0.0,,27.26,0.0,0.0
2020-10-19,10.356,10.356,10.356,10.356,5,51.78,0.0,0.0,0.0,0.0,,27.26,0.0,0.0
2020-10-20,10.356,10.356,10.356,10.356,0,0.0,0.0,0.0,0.0,0.0,,27.26,0.0,0.0
2020-10-21,10.356,10.356,10.356,10.356,0,0.0,0.0,0.0,0.0,0.0,,27.26,0.0,0.0
2020-10-22,10.356,10.356,10.356,10.356,0,0.0,0.0,0.0,0.0,0.0,,27.26,0.0,0.0
2020-10-23,10.356,10.356,10.356,10.356,0,0.0,0.0,0.0,0.0,0.0,,27.26,0.0,0.0
2020-10-26,10.356,10.356,9.89,9.89,600,5934.0,500.0,0.0,10000.0,0.0,,27.26,0.01,0.0
2020-10-27,9.838,9.838,9.631,9.631,3600,34671.6,100.0,3600.0,0.0,70000.0,,27.26,0.0,0.07
2020-10-28,9.631,9.631,9.631,9.631,0,0.0,0.0,0.0,0.0,0.0,,27.26,0.0,0.0
2020-10-29,9.735,10.253,9.735,10.253,200,2050.6,0.0,100.0,0.0,0.0,,27.26,0.0,0.0
2020-10-30,10.253,10.253,10.253,10.253,0,0.0,0.0,0.0,0.0,0.0,,27.26,0.0,0.0
2020-11-02,10.253,10.253,10.253,10.253,0,0.0,0.0,0.0,0.0,0.0,,27.26,0.0,0.0
2020-11-03,10.253,10.253,10.253,10.253,0,0.0,0.0,0.0,0.0,0.0,,27.26,0.0,0.0
2020-11-04,10.253,10.253,10.253,10.253,200,2050.6,0.0,0.0,0.0,0.0,,27.26,0.0,0.0
2020-11-05,10.253,10.253,10.253,10.253,50,512.65,0.0,0.0,0.0,0.0,,27.26,0.0,0.0
2020-11-06,10.253,10.253,10.253,10.253,0,0.0,0.0,0.0,0.0,0.0,,27.26,0.0,0.0
2020-11-09,10.356,10.356,10.356,10.356,100,1035.6,0.0,0.0,0.0,0.0,,27.26,0.0,0.0
2020-11-10,10.356,10.356,10.304,10.356,1200,12427.2,800.0,0.0,20000.0,0.0,,27.26,0.02,0.0
2020-11-11,10.356,10.356,10.356,10.356,1000,10356.0,1000.0,0.0,20000.0,0.0,,27.26,0.02,0.0
2020-11-12,10.356,10.356,10.356,10.356,0,0.0,0.0,0.0,0.0,0.0,,27.26,0.0,0.0
2020-11-13,10.356,10.356,10.356,10.356,0,0.0,0.0,0.0,0.0,0.0,,27.26,0.0,0.0
2020-11-16,10.097,10.46,9.838,9.942,2000,19884.0,1500.0,0.0,30000.0,0.0,,27.26,0.03,0.0
2020-11-17,9.994,9.994,9.942,9.942,320,3181.44,0.0,0.0,0.0,0.0,,27.26,0.0,0.0
2020-11-18,9.942,10.097,9.838,10.097,1100,11106.7,400.0,0.0,10000.0,0.0,,27.26,0.01,0.0
2020-11-19,10.097,10.097,10.097,10.097,500,5048.5,0.0,0.0,0.0,0.0,,27.26,0.0,0.0
2020-11-20,10.253,10.304,9.838,9.838,20500,201679.0,3000.0,2000.0,60000.0,40000.0,,27.26,0.06,0.04
2020-11-23,9.735,10.304,9.735,10.304,1620,16692.48,1400.0,1100.0,30000.0,20000.0,,27.26,0.03,0.02
2020-11-24,10.304,10.304,10.304,10.304,0,0.0,0.0,0.0,0.0,0.0,,27.26,0.0,0.0
2020-11-25,10.304,10.304,10.304,10.304,0,0.0,0.0,0.0,0.0,0.0,,27.26,0.0,0.0
2020-11-26,10.304,10.304,10.304,10.304,0,0.0,0.0,0.0,0.0,0.0,,27.26,0.0,0.0
2020-11-27,10.304,10.304,10.304,10.304,0,0.0,0.0,0.0,0.0,0.0,,27.26,0.0,0.0
2020-11-30,10.304,10.304,10.304,10.304,0,0.0,0.0,0.0,0.0,0.0,,27.26,0.0,0.0
2020-12-01,10.304,10.304,10.304,10.304,0,0.0,0.0,0.0,0.0,0.0,,27.26,0.0,0.0
2020-12-02,9.787,10.253,9.787,10.253,22015,225719.795,300.0,16700.0,10000.0,320000.0,,27.26,0.01,0.32
2020-12-03,10.253,10.253,10.253,10.253,0,0.0,0.0,0.0,0.0,0.0,,27.26,0.0,0.0
2020-12-04,10.253,10.253,10.253,10.253,0,0.0,0.0,0.0,0.0,0.0,,27.26,0.0,0.0
2020-12-07,9.89,10.149,9.838,9.838,20600,202662.8,200.0,20200.0,0.0,380000.0,,27.26,0.0,0.38
2020-12-08,9.994,9.994,9.994,9.994,2010,20087.94,0.0,0.0,0.0,0.0,,27.26,0.0,0.0
2020-12-09,10.253,10.304,9.838,9.838,35500,349249.0,200.0,28300.0,0.0,550000.0,,27.26,0.0,0.55
2020-12-10,9.89,9.89,9.838,9.838,5000,49189.99999999999,0.0,0.0,0.0,0.0,,27.26,0.0,0.0
2020-12-11,9.838,10.201,9.838,10.201,940,9588.94,0.0,0.0,0.0,0.0,,27.26,0.0,0.0
2020-12-14,10.201,10.201,9.838,9.838,13800,135764.4,1000.0,10000.0,20000.0,190000.0,,27.26,0.02,0.19
2020-12-15,9.838,9.89,9.838,9.838,15660,154063.08,0.0,1566.0,0.0,300000.0,,27.26,0.0,0.3
2020-12-16,9.838,10.046,9.838,10.046,3110,31243.06,0.0,2600.0,0.0,50000.0,,27.26,0.0,0.05
2020-12-17,9.942,10.097,9.942,10.097,9000,90873.0,5400.0,6400.0,100000.0,120000.0,,27.26,0.1,0.12
2020-12-18,9.994,10.097,9.838,10.097,4212,42528.564,0.0,4090.0,0.0,80000.0,,27.26,0.0,0.08
2020-12-21,9.838,10.097,9.838,10.097,28900,291803.3,5000.0,25400.0,100000.0,490000.0,,27.26,0.1,0.49
2020-12-22,9.89,10.097,9.838,10.097,20100,202949.7,0.0,20000.0,0.0,380000.0,,27.26,0.0,0.38
2020-12-23,10.097,10.097,9.838,10.097,15630,157816.11,10.0,13200.0,0.0,250000.0,,27.26,0.0,0.25
2020-12-24,10.097,10.097,9.838,9.838,1695,16675.41,0.0,0.0,0.0,0.0,,27.26,0.0,0.0
2020-12-25,9.994,10.097,9.89,10.046,19258,193465.868,3100.0,14900.0,60000.0,290000.0,,27.26,0.06,0.29
2020-12-28,10.046,10.046,9.838,9.89,186300,1842507.0,400.0,185500.0,10000.0,3530000.0,,27.26,0.01,3.53
2020-12-29,9.994,9.994,9.838,9.994,220730,2205975.62,0.0,219000.0,0.0,4170000.0,,27.26,0.0,4.17
2020-12-30,9.994,10.356,9.838,10.356,265946,2754136.776,400.0,227000.0,10000.0,4400000.0,,27.26,0.01,4.4
2020-12-31,10.356,10.77,10.304,10.356,246628,2554079.568,0.0,195370.0,0.0,3920000.0,,27.26,0.0,3.92
2021-01-04,10.408,10.874,10.408,10.874,70357,765062.018,3700.0,0.0,80000.0,0.0,,27.26,0.08,0.0
2021-01-05,10.667,10.874,10.615,10.77,47810,514913.7,12300.0,0.0,260000.0,0.0,,27.26,0.26,0.0
2021-01-06,10.77,10.77,10.563,10.563,95300,1006653.9,4000.0,0.0,80000.0,0.0,,27.26,0.08,0.0
2021-01-07,10.563,11.599,10.563,11.599,274880,3188333.12,100.0,2300.0,0.0,50000.0,,27.26,0.0,0.05
2021-01-08,12.013,12.738,12.013,12.376,102510,1268663.76,3800.0,0.0,90000.0,0.0,,27.26,0.09,0.0
2021-01-11,12.427,12.427,12.117,12.376,34000,420784.0,200.0,4000.0,0.0,90000.0,,27.26,0.0,0.09
2021-01-12,12.427,12.686,12.117,12.376,162643,2012869.768,16100.0,24000.0,390000.0,570000.0,,27.26,0.39,0.57
2021-01-13,12.376,13.567,12.376,13.567,1079400,14644219.8,0.0,39000.0,0.0,990000.0,,27.26,0.0,0.99
2021-01-14,13.981,14.447,13.463,13.722,282660,3878660.52,3700.0,0.0,100000.0,0.0,,27.26,0.1,0.0
2021-01-15,13.67,13.826,12.997,13.618,130143,1772287.374,0.0,9200.0,0.0,240000.0,,27.26,0.0,0.24
2021-01-18,13.308,13.567,12.945,12.945,149345,1933271.025,0.0,15000.0,0.0,380000.0,,27.26,0.0,0.38
2021-01-19,12.945,12.945,11.651,11.91,216420,2577562.2,1100.0,0.0,30000.0,0.0,,27.26,0.03,0.0
2021-01-20,11.91,12.479,11.133,12.272,125200,1536454.4,700.0,4800.0,20000.0,110000.0,,27.26,0.02,0.11
2021-01-21,12.324,12.79,12.272,12.427,211900,2633281.3,0.0,18000.0,0.0,430000.0,,27.26,0.0,0.43
2021-01-22,12.065,12.686,11.91,11.961,127640,1526702.04,0.0,12000.0,0.0,280000.0,,27.26,0.0,0.28
2021-01-25,11.961,12.427,11.91,11.961,108000,1291788.0,500.0,0.0,10000.0,0.0,,27.26,0.01,0.0
2021-01-26,11.961,11.961,11.237,11.392,87320,994749.44,200.0,0.0,0.0,0.0,,27.26,0.0,0.0
2021-01-27,11.392,11.495,10.978,11.444,123400,1412189.6,800.0,0.0,20000.0,0.0,,27.26,0.02,0.0
2021-01-28,11.392,11.392,10.304,10.304,80200,826380.8,5500.0,0.0,110000.0,0.0,,27.26,0.11,0.0
2021-01-29,9.838,10.978,9.838,10.667,48802,520570.934,0.0,0.0,0.0,0.0,,27.26,0.0,0.0
2021-02-01,11.185,11.237,10.512,10.512,24400,256492.8,7200.0,0.0,150000.0,0.0,,27.26,0.15,0.0
2021-02-02,9.631,10.667,9.631,10.667,26500,282675.5,0.0,0.0,0.0,0.0,,27.26,0.0,0.0
2021-02-03,10.667,11.081,10.667,10.874,26800,291423.2,0.0,0.0,0.0,0.0,,27.26,0.0,0.0
2021-02-04,10.926,10.926,10.615,10.667,16520,176218.84,0.0,0.0,0.0,0.0,,27.26,0.0,0.0
2021-02-05,10.719,10.822,10.408,10.615,62100,659191.5,0.0,0.0,0.0,0.0,,27.26,0.0,0.0
2021-02-08,10.615,10.615,10.356,10.356,43030,445618.68,500.0,30.0,10000.0,0.0,,27.26,0.01,0.0
2021-02-09,10.356,10.615,10.356,10.563,17900,189077.7,0.0,0.0,0.0,0.0,,27.26,0.0,0.0
2021-02-17,10.563,10.874,10.563,10.822,18600,201289.2,4000.0,0.0,80000.0,0.0,,27.26,0.08,0.0
2021-02-18,10.822,10.822,10.615,10.667,31520,336223.84,2000.0,0.0,40000.0,0.0,,27.26,0.04,0.0
2021-02-19,10.822,11.495,10.667,11.133,43300,482058.9,800.0,0.0,20000.0,0.0,,27.26,0.02,0.0
2021-02-22,11.392,12.065,11.133,11.444,39000,446316.00000000006,0.0,0.0,0.0,0.0,,27.26,0.0,0.0
2021-02-23,11.651,11.806,11.444,11.703,42610,498664.83,0.0,0.0,0.0,0.0,,27.26,0.0,0.0
2021-02-24,11.806,11.806,11.392,11.547,34500,398371.5,0.0,0.0,0.0,0.0,,27.26,0.0,0.0
2021-02-25,11.392,11.444,11.133,11.133,31900,355142.69999999995,0.0,0.0,0.0,0.0,,27.26,0.0,0.0
2021-02-26,11.133,11.185,11.029,11.185,40020,447623.7,0.0,0.0,0.0,0.0,,27.26,0.0,0.0
2021-03-01,11.185,11.495,10.874,11.392,71310,812363.52,0.0,0.0,0.0,0.0,,27.26,0.0,0.0
2021-03-02,11.392,11.599,11.392,11.547,46600,538090.2000000001,5300.0,0.0,120000.0,0.0,,27.26,0.12,0.0
2021-03-03,11.547,11.806,11.547,11.599,38300,444241.7,2000.0,0.0,50000.0,0.0,,27.26,0.05,0.0
2021-03-04,11.651,11.754,11.392,11.599,36100,418723.9,0.0,0.0,0.0,0.0,,27.26,0.0,0.0
2021-03-05,11.599,11.703,11.392,11.703,47220,552615.6599999999,0.0,0.0,0.0,0.0,,27.26,0.0,0.0
2021-03-08,11.754,12.324,11.754,11.806,76650,904929.9,0.0,0.0,0.0,0.0,,27.26,0.0,0.0
2021-03-09,11.806,11.858,11.599,11.806,41501,489960.806,0.0,0.0,0.0,0.0,,27.26,0.0,0.0
2021-03-10,11.806,12.013,11.599,12.013,35910,431386.83,0.0,0.0,0.0,0.0,,27.26,0.0,0.0
2021-03-11,12.013,12.013,11.858,12.013,25690,308613.97,0.0,500.0,0.0,10000.0,,27.26,0.0,0.01
2021-03-12,11.806,12.013,11.599,11.858,29600,350996.8,0.0,5000.0,0.0,110000.0,,27.26,0.0,0.11
2021-03-15,11.91,11.91,11.651,11.858,34400,407915.2,1400.0,10.0,30000.0,0.0,,27.26,0.03,0.0
2021-03-16,11.858,12.376,11.651,11.91,53612,638518.92,0.0,0.0,0.0,0.0,,27.26,0.0,0.0
2021-03-17,12.013,12.013,11.754,11.91,53100,632421.0,2000.0,0.0,50000.0,0.0,,27.26,0.05,0.0
2021-03-18,11.91,11.91,11.703,11.754,62504,734672.016,0.0,0.0,0.0,0.0,,27.26,0.0,0.0
2021-03-19,11.754,12.22,11.754,12.22,64650,790023.0,0.0,5000.0,0.0,110000.0,,27.26,0.0,0.11
2021-03-22,12.22,12.945,12.22,12.635,137900,1742366.5,100.0,0.0,0.0,0.0,,27.26,0.0,0.0
2021-03-23,12.79,12.842,12.479,12.635,179239,2264684.765,100.0,0.0,0.0,0.0,,27.26,0.0,0.0
2021-03-24,12.531,12.531,12.117,12.324,75497,930425.028,700.0,0.0,20000.0,0.0,,27.26,0.02,0.0
2021-03-25,12.324,12.79,12.169,12.427,62320,774450.64,700.0,10000.0,20000.0,240000.0,,27.26,0.02,0.24
2021-03-26,12.427,12.427,11.858,12.272,31400,385340.8,0.0,0.0,0.0,0.0,,27.26,0.0,0.0
2021-03-29,12.272,12.738,12.272,12.583,35020,440656.66,1600.0,5000.0,40000.0,120000.0,,27.26,0.04,0.12
2021-03-30,12.686,12.686,12.427,12.427,33300,413819.1,1000.0,0.0,20000.0,0.0,,27.26,0.02,0.0
2021-03-31,12.427,12.427,12.013,12.272,28233,346475.376,3000.0,10000.0,70000.0,240000.0,,27.26,0.07,0.24
2021-04-01,12.272,12.479,12.22,12.427,50500,627563.5,0.0,0.0,0.0,0.0,,27.26,0.0,0.0
2021-04-02,12.427,12.479,12.427,12.427,44210,549397.6699999999,1000.0,0.0,20000.0,0.0,,27.26,0.02,0.0
2021-04-05,12.479,12.997,12.479,12.686,71320,904765.52,2100.0,100.0,50000.0,0.0,,27.26,0.05,0.0
2021-04-06,12.738,13.049,12.583,12.79,30400,388816.0,0.0,0.0,0.0,0.0,,27.26,0.0,0.0
2021-04-07,12.842,12.842,12.583,12.635,14900,188261.5,1100.0,0.0,30000.0,0.0,,27.26,0.03,0.0
2021-04-08,12.635,12.686,12.479,12.686,28200,357745.2,100.0,0.0,0.0,0.0,,27.26,0.0,0.0
2021-04-09,12.79,12.79,12.583,12.738,32210,410290.98,0.0,10000.0,0.0,240000.0,,27.26,0.0,0.24
2021-04-12,12.635,12.79,12.635,12.738,46700,594864.6,0.0,0.0,0.0,0.0,,27.26,0.0,0.0
2021-04-13,12.738,12.738,12.531,12.531,48445,607064.295,4000.0,0.0,100000.0,0.0,,27.26,0.1,0.0
2021-04-14,12.479,12.686,12.324,12.686,39175,496974.05,900.0,0.0,20000.0,0.0,,27.26,0.02,0.0
2021-04-15,12.583,12.583,12.376,12.479,21802,272067.158,0.0,0.0,0.0,0.0,,27.26,0.0,0.0
2021-04-16,12.479,12.686,12.22,12.427,93600,1163167.2,2300.0,0.0,60000.0,0.0,,27.26,0.06,0.0
2021-04-19,12.376,12.427,12.272,12.427,25100,311917.7,0.0,0.0,0.0,0.0,,27.26,0.0,0.0
2021-04-20,12.531,12.531,12.272,12.324,42526,524090.424,0.0,0.0,0.0,0.0,,27.26,0.0,0.0
2021-04-22,12.324,12.376,12.272,12.324,20800,256339.2,2000.0,0.0,50000.0,0.0,,27.26,0.05,0.0
2021-04-23,12.427,12.583,12.272,12.272,29100,357115.2,1000.0,3200.0,20000.0,80000.0,,27.26,0.02,0.08
2021-04-26,12.272,12.272,12.22,12.22,4800,58656.0,100.0,0.0,0.0,0.0,,27.26,0.0,0.0
2021-04-27,12.22,12.272,11.029,12.22,22500,274950.0,400.0,0.0,10000.0,0.0,,27.26,0.01,0.0
2021-04-28,12.22,12.427,12.22,12.376,13300,164600.8,1000.0,500.0,20000.0,10000.0,,27.26,0.02,0.01
2021-04-29,12.427,12.427,12.324,12.376,6600,81681.59999999999,900.0,500.0,20000.0,10000.0,,27.26,0.02,0.01
2021-05-04,12.376,12.427,12.376,12.427,7900,98173.3,600.0,0.0,10000.0,0.0,,27.26,0.01,0.0
2021-05-05,12.427,12.531,12.376,12.427,38050,472847.35,0.0,500.0,0.0,10000.0,,27.26,0.0,0.01
2021-05-06,12.531,12.531,12.272,12.272,27700,339934.4,1000.0,0.0,20000.0,0.0,,27.26,0.02,0.0
2021-05-07,12.22,12.22,12.117,12.169,40308,490508.052,1000.0,0.0,20000.0,0.0,,27.26,0.02,0.0
2021-05-10,12.117,12.169,12.065,12.169,29700,361419.3,1700.0,0.0,40000.0,0.0,,27.26,0.04,0.0
2021-05-11,12.065,12.272,12.065,12.272,11300,138673.6,0.0,0.0,0.0,0.0,,27.26,0.0,0.0
2021-05-12,12.117,12.272,12.117,12.272,12900,158308.80000000002,1000.0,0.0,20000.0,0.0,,27.26,0.02,0.0
2021-05-13,12.22,12.324,12.22,12.22,7300,89206.0,0.0,0.0,0.0,0.0,,27.26,0.0,0.0
2021-05-14,12.376,12.531,12.376,12.479,24500,305735.5,0.0,0.0,0.0,0.0,,27.26,0.0,0.0
2021-05-17,12.531,12.842,12.479,12.738,34500,439461.0,0.0,0.0,0.0,0.0,,27.26,0.0,0.0
2021-05-18,12.738,12.738,12.583,12.686,19700,249914.2,0.0,0.0,0.0,0.0,,27.26,0.0,0.0
2021-05-19,12.686,12.738,12.531,12.635,18900,238801.5,1500.0,0.0,40000.0,0.0,,27.26,0.04,0.0
2021-05-20,12.531,12.738,12.531,12.686,31300,397071.8,3100.0,1900.0,80000.0,50000.0,,27.26,0.08,0.05
2021-05-21,12.635,12.738,12.583,12.635,40000,505400.0,100.0,700.0,0.0,20000.0,,27.26,0.0,0.02
2021-05-24,12.583,12.686,12.583,12.686,46200,586093.2,0.0,0.0,0.0,0.0,,27.26,0.0,0.0
2021-05-25,12.686,12.738,12.583,12.738,57226,728944.788,400.0,0.0,10000.0,0.0,,27.26,0.01,0.0
2021-05-26,12.738,13.877,12.686,13.67,150224,2053562.08,0.0,0.0,0.0,0.0,,27.26,0.0,0.0
2021-05-27,13.67,14.395,13.308,13.411,40620,544754.82,100.0,0.0,0.0,0.0,,27.26,0.0,0.0
2021-05-28,13.411,13.567,13.411,13.463,77965,1049642.795,2900.0,0.0,80000.0,0.0,,27.26,0.08,0.0
2021-05-31,13.463,13.515,13.152,13.463,81700,1099927.1,100.0,0.0,0.0,0.0,,27.26,0.0,0.0
2021-06-01,13.463,13.826,13.36,13.722,160300,2199636.6,2300.0,15500.0,60000.0,410000.0,,27.26,0.06,0.41
2021-06-02,13.722,13.722,13.463,13.567,47560,645246.52,0.0,0.0,0.0,0.0,,27.26,0.0,0.0
2021-06-03,13.67,13.826,13.567,13.722,52415,719238.63,6400.0,4200.0,170000.0,110000.0,,27.26,0.17,0.11
2021-06-04,13.567,13.722,13.463,13.67,70000,956900.0,1000.0,0.0,30000.0,0.0,,27.26,0.03,0.0
2021-06-07,13.67,13.774,13.049,13.515,85930,1161343.95,1000.0,0.0,30000.0,0.0,,27.26,0.03,0.0
2021-06-08,13.515,13.774,13.463,13.463,92900,1250712.7,1500.0,0.0,40000.0,0.0,,27.26,0.04,0.0
2021-06-09,13.515,13.722,13.36,13.567,33900,459921.3,1200.0,0.0,30000.0,0.0,,27.26,0.03,0.0
2021-06-10,13.567,14.136,13.515,14.084,142110,2001477.24,500.0,10100.0,10000.0,270000.0,,27.26,0.01,0.27
2021-06-11,14.136,14.551,13.877,13.929,157410,2192563.89,2100.0,1900.0,60000.0,50000.0,,27.26,0.06,0.05
2021-06-14,13.929,14.343,13.929,14.24,108352,1542932.48,5100.0,0.0,140000.0,0.0,,27.26,0.14,0.0
2021-06-15,14.24,15.172,13.981,14.965,370501,5544547.465,6000.0,0.0,170000.0,0.0,,27.26,0.17,0.0
2021-06-16,15.017,15.12,14.861,14.913,187300,2793204.9,200.0,91700.0,10000.0,2650000.0,,27.26,0.01,2.65
2021-06-17,14.706,15.12,14.654,15.017,48500,728324.5,600.0,0.0,20000.0,0.0,,27.26,0.02,0.0
2021-06-18,14.913,15.69,14.861,15.431,123185,1900867.735,4500.0,0.0,130000.0,0.0,,27.26,0.13,0.0
2021-06-21,15.431,15.638,15.327,15.431,150759,2326362.129,11500.0,800.0,340000.0,20000.0,,27.26,0.34,0.02
2021-06-22,15.431,16.208,15.431,16.0,176062,2816992.0,200.0,29400.0,10000.0,900000.0,,27.26,0.01,0.9
2021-06-23,16.0,16.0,15.327,15.431,135490,2090746.19,500.0,0.0,20000.0,0.0,,27.26,0.02,0.0
2021-06-24,15.379,15.431,14.758,15.172,86739,1316004.108,0.0,0.0,0.0,0.0,,27.26,0.0,0.0
2021-06-25,15.172,16.052,15.017,15.224,53597,815960.728,300.0,0.0,10000.0,0.0,,27.26,0.01,0.0
2021-06-28,15.278,15.278,14.732,15.223,74000,1126502.0,200.0,11500.0,10000.0,310000.0,,27.26,0.01,0.31
2021-06-29,15.223,15.442,14.732,14.841,67300,998799.3,0.0,0.0,0.0,0.0,,27.26,0.0,0.0
2021-06-30,14.732,15.223,14.732,14.732,33140,488218.48,5900.0,500.0,160000.0,10000.0,,27.26,0.16,0.01
2021-07-01,14.841,15.005,14.787,15.005,49903,748794.515,0.0,0.0,0.0,0.0,,27.26,0.0,0.0
2021-07-02,15.005,15.005,14.732,14.841,67300,998799.3,1500.0,10000.0,40000.0,270000.0,,27.26,0.04,0.27
2021-07-05,14.732,14.787,14.514,14.623,75920,1110178.16,0.0,1400.0,0.0,40000.0,,27.26,0.0,0.04
2021-07-06,14.623,14.732,13.259,13.259,57004,755816.036,2000.0,0.0,50000.0,0.0,,27.26,0.05,0.0
2021-07-07,13.532,14.132,13.477,13.75,51304,705430.0,4700.0,0.0,120000.0,0.0,,27.26,0.12,0.0
2021-07-08,13.75,14.132,13.75,13.914,6200,86266.8,1300.0,400.0,30000.0,10000.0,,27.26,0.03,0.01
2021-07-09,13.914,14.187,13.095,13.641,56700,773444.7,0.0,0.0,0.0,0.0,,27.26,0.0,0.0
2021-07-12,13.314,13.477,13.095,13.259,79604,1055469.436,19900.0,0.0,480000.0,0.0,,27.26,0.48,0.0
2021-07-13,13.259,13.641,13.15,13.641,35365,482413.965,11700.0,70.0,280000.0,0.0,,27.26,0.28,0.0
2021-07-14,13.704,13.767,13.515,13.578,24409,331425.402,100.0,1300.0,0.0,30000.0,,27.26,0.0,0.03
2021-07-15,13.704,14.144,13.641,14.144,23400,330969.6,0.0,0.0,0.0,0.0,,27.26,0.0,0.0
2021-07-16,14.144,14.144,13.83,13.83,20200,279366.0,0.0,0.0,0.0,0.0,,27.26,0.0,0.0
2021-07-19,13.452,13.641,13.201,13.264,42300,561067.2,8200.0,0.0,180000.0,0.0,,27.26,0.18,0.0
2021-07-20,13.327,13.327,13.138,13.264,60040,796370.5599999999,16900.0,0.0,360000.0,0.0,,27.26,0.36,0.0
2021-07-21,13.264,13.327,13.138,13.201,101800,1343861.8,22100.0,0.0,460000.0,0.0,,27.26,0.46,0.0
2021-07-22,13.201,13.452,13.075,13.201,143100,1889063.1,5100.0,24100.0,110000.0,510000.0,,27.26,0.11,0.51
2021-07-23,13.201,13.39,13.138,13.327,19000,253213.0,5000.0,0.0,100000.0,0.0,,27.26,0.1,0.0
2021-07-26,13.138,13.452,13.138,13.452,40120,539694.24,14400.0,0.0,300000.0,0.0,,27.26,0.3,0.0
2021-07-27,13.452,13.83,13.452,13.704,62500,856500.0,0.0,0.0,0.0,0.0,,27.26,0.0,0.0
2021-07-28,13.515,13.892,13.515,13.892,23600,327851.2,0.0,3400.0,0.0,70000.0,,27.26,0.0,0.07
2021-07-29,14.081,14.207,13.955,14.018,66300,929393.4,17000.0,1900.0,380000.0,40000.0,,27.26,0.38,0.04
2021-07-30,13.892,13.892,13.767,13.767,20500,282223.5,2500.0,0.0,50000.0,0.0,,27.26,0.05,0.0
2021-08-02,13.704,14.018,13.704,14.018,11400,159805.2,5500.0,0.0,120000.0,0.0,,27.26,0.12,0.0
2021-08-03,14.018,14.018,13.83,14.018,3100,43455.8,0.0,0.0,0.0,0.0,,27.26,0.0,0.0
2021-08-04,14.018,14.081,13.83,13.83,27020,373686.6,100.0,100.0,0.0,0.0,,27.26,0.0,0.0
2021-08-05,13.83,13.892,13.767,13.892,32700,454268.4,7200.0,0.0,160000.0,0.0,,27.26,0.16,0.0
2021-08-06,13.767,13.955,13.641,13.955,66500,928007.5,0.0,0.0,0.0,0.0,,27.26,0.0,0.0
2021-08-09,13.955,13.955,13.83,13.955,10400,145132.0,900.0,0.0,20000.0,0.0,,27.26,0.02,0.0
2021-08-10,14.018,14.018,13.892,14.018,18100,253725.8,0.0,0.0,0.0,0.0,,27.26,0.0,0.0
2021-08-11,14.018,14.458,14.018,14.458,56175,812178.15,200.0,300.0,0.0,10000.0,,27.26,0.0,0.01
2021-08-12,14.458,14.71,14.207,14.458,29931,432742.398,0.0,0.0,0.0,0.0,,27.26,0.0,0.0
2021-08-13,14.458,14.458,14.27,14.458,14010,202556.58,0.0,10.0,0.0,0.0,,27.26,0.0,0.0
2021-08-16,14.395,14.458,14.395,14.458,23355,337666.59,0.0,40.0,0.0,0.0,,27.26,0.0,0.0
2021-08-17,14.458,14.458,13.83,14.081,26148,368189.988,430.0,0.0,10000.0,0.0,,27.26,0.01,0.0
2021-08-18,14.144,14.772,14.144,14.584,41300,602319.2,1800.0,0.0,40000.0,0.0,,27.26,0.04,0.0
2021-08-19,14.584,15.401,14.584,15.401,219900,3386679.9,0.0,0.0,0.0,0.0,,27.26,0.0,0.0
2021-08-20,15.213,15.401,14.772,14.961,40700,608912.7000000001,0.0,0.0,0.0,0.0,,27.26,0.0,0.0
2021-08-23,14.898,15.15,14.71,15.087,130455,1968174.585,1000.0,0.0,20000.0,0.0,,27.26,0.02,0.0
2021-08-24,14.835,15.527,14.772,15.401,130200,2005210.2,2500.0,0.0,60000.0,0.0,,27.26,0.06,0.0
2021-08-25,15.464,15.715,15.087,15.527,135600,2105461.2,1000.0,0.0,20000.0,0.0,,27.26,0.02,0.0
2021-08-26,15.778,15.778,15.401,15.401,21757,335079.557,40.0,0.0,0.0,0.0,,27.26,0.0,0.0
2021-08-27,15.213,16.093,15.213,15.59,157500,2455425.0,200.0,55300.0,0.0,1370000.0,,27.26,0.0,1.37
2021-08-30,16.344,17.036,15.59,16.91,295343,4994250.13,300.0,44800.0,10000.0,1170000.0,,27.26,0.01,1.17
2021-08-31,16.973,17.664,16.973,17.413,231567,4032276.171,2100.0,11000.0,60000.0,310000.0,,27.26,0.06,0.31
2021-09-01,17.413,17.664,17.098,17.601,186634,3284945.034,1000.0,19300.0,30000.0,540000.0,,27.26,0.03,0.54
2021-09-06,17.664,17.853,17.098,17.664,178000,3144192.0000000005,1300.0,1900.0,40000.0,50000.0,,27.26,0.04,0.05
2021-09-07,17.601,17.978,17.413,17.413,173510,3021329.63,3700.0,0.0,100000.0,0.0,,27.26,0.1,0.0
2021-09-08,17.413,17.601,16.847,16.973,192468,3266759.364,500.0,3400.0,10000.0,90000.0,,27.26,0.01,0.09
2021-09-09,16.973,17.538,16.973,17.224,60803,1047270.872,0.0,0.0,0.0,0.0,,27.26,0.0,0.0
2021-09-10,17.287,18.921,17.287,18.921,335651,6350852.571,2100.0,1200.0,60000.0,30000.0,,27.26,0.06,0.03
2021-09-13,18.921,20.807,18.921,20.807,245293,5103811.450999999,3600.0,3100.0,120000.0,100000.0,,27.26,0.12,0.1
2021-09-14,22.882,22.882,22.63,22.882,164160,3756309.12,0.0,11100.0,0.0,400000.0,,27.26,0.0,0.4
2021-09-15,25.145,25.145,22.882,24.139,603932,14578314.548,3900.0,41600.0,150000.0,1620000.0,,27.26,0.15,1.62
2021-09-16,24.83,25.145,24.139,25.145,196105,4931060.225,7700.0,7600.0,300000.0,300000.0,,27.26,0.3,0.3
2021-09-17,25.145,27.659,24.83,26.716,301455,8053671.78,14000.0,41300.0,600000.0,1760000.0,,27.26,0.6,1.76
2021-09-20,26.528,27.659,24.516,26.276,482886,12688312.536,1100.0,149100.0,50000.0,6270000.0,,27.26,0.05,6.27
2021-09-21,26.276,27.031,24.956,25.773,439545,11328393.285,100.0,177110.0,0.0,7240000.0,,27.26,0.0,7.24
2021-09-22,25.962,26.653,25.773,26.15,280578,7337114.699999999,1900.0,143460.0,80000.0,5990000.0,,27.26,0.08,5.99
2021-09-23,26.15,27.973,25.145,27.031,390662,10559984.522,2100.0,64800.0,90000.0,2750000.0,,27.26,0.09,2.75
2021-09-24,26.088,27.156,25.773,26.025,274941,7155339.524999999,300.0,100890.0,10000.0,4240000.0,,27.26,0.01,4.24
2021-09-27,26.402,26.402,24.83,25.082,235584,5908917.888,17000.0,56500.0,690000.0,2280000.0,,27.26,0.69,2.28
2021-09-28,23.887,24.956,23.699,24.642,274716,6769551.672,4100.0,600.0,160000.0,20000.0,,27.26,0.16,0.02
2021-09-29,24.642,24.956,24.202,24.642,96830,2386084.86,0.0,0.0,0.0,0.0,,27.26,0.0,0.0
2021-09-30,24.642,25.145,23.322,24.076,87047,2095743.572,200.0,17490.0,10000.0,680000.0,,27.26,0.01,0.68
2021-10-01,24.39,25.145,24.202,25.082,89430,2243083.26,36756.0,36756.0,14310000.0,14310000.0,,27.26,14.31,14.31
2021-10-04,25.145,25.773,25.082,25.648,114015,2924256.72,0.0,0.0,0.0,0.0,,27.26,0.0,0.0
2021-10-05,25.648,25.648,24.83,24.956,121489,3031879.484,300.0,41100.0,10000.0,1650000.0,,27.26,0.01,1.65
2021-10-06,25.019,25.019,24.139,24.202,177494,4295709.788000001,2400.0,54000.0,100000.0,2110000.0,,27.26,0.1,2.11
2021-10-07,24.202,24.39,23.95,24.202,124675,3017384.35,0.0,21300.0,0.0,820000.0,,27.26,0.0,0.82
2021-10-08,24.202,25.773,23.95,25.27,229535,5800349.45,30000.0,67700.0,1160000.0,2700000.0,,27.26,1.16,2.7
2021-10-11,24.956,26.213,24.705,25.145,64495,1621726.775,0.0,2500.0,0.0,100000.0,,27.26,0.0,0.1
2021-10-12,25.145,25.145,24.516,24.705,63293,1563653.565,0.0,9700.0,0.0,380000.0,,27.26,0.0,0.38
2021-10-13,24.705,25.145,24.327,25.082,200693,5033781.826,0.0,53100.0,0.0,2070000.0,,27.26,0.0,2.07
2021-10-14,25.019,25.145,24.768,24.768,79167,1960808.256,0.0,100.0,0.0,0.0,,27.26,0.0,0.0
2021-10-15,24.83,25.082,24.642,24.768,99217,2457406.656,1300.0,14900.0,50000.0,590000.0,,27.26,0.05,0.59
2021-10-18,24.453,25.019,24.265,24.327,137993,3356955.711,0.0,30000.0,0.0,1170000.0,,27.26,0.0,1.17
2021-10-19,24.327,26.088,24.139,24.956,290629,7252937.324,3000.0,61100.0,120000.0,2380000.0,,27.26,0.12,2.38
2021-10-20,25.019,25.019,24.516,24.893,61215,1523824.995,0.0,1200.0,0.0,50000.0,,27.26,0.0,0.05
2021-10-21,24.705,24.956,24.453,24.453,79000,1931787.0,0.0,8300.0,0.0,330000.0,,27.26,0.0,0.33
2021-10-22,24.453,24.642,24.202,24.516,102250,2506761.0,0.0,26400.0,0.0,1030000.0,,27.26,0.0,1.03
2021-10-25,24.83,26.968,24.83,26.968,555147,14971204.296,0.0,30000.0,0.0,1210000.0,,27.26,0.0,1.21
2021-10-26,28.916,28.916,26.088,26.213,142981,3747960.953,1800.0,4310.0,80000.0,180000.0,,27.26,0.08,0.18
2021-10-27,26.15,26.213,25.145,25.396,162822,4135027.512,0.0,400.0,0.0,20000.0,,27.26,0.0,0.02
2021-10-28,25.208,25.27,24.516,24.642,369683,9109728.486,400.0,1720.0,20000.0,70000.0,,27.26,0.02,0.07
2021-10-29,24.642,24.956,24.453,24.642,241669,5955207.498,3420.0,1800.0,130000.0,70000.0,,27.26,0.13,0.07
2021-11-01,24.202,24.83,24.202,24.39,183413,4473443.07,0.0,1700.0,0.0,70000.0,,27.26,0.0,0.07
2021-11-02,24.39,24.516,23.887,24.076,274002,6596872.152,0.0,46800.0,0.0,1790000.0,,27.26,0.0,1.79
2021-11-03,24.076,24.076,22.63,22.63,308641,6984545.83,0.0,9600.0,0.0,370000.0,,27.26,0.0,0.37
2021-11-04,22.63,23.385,22.63,22.945,127509,2925694.005,0.0,400.0,0.0,10000.0,,27.26,0.0,0.01
2021-11-05,22.945,24.265,22.693,24.265,148338,3599421.5700000003,0.0,19180.0,0.0,700000.0,,27.26,0.0,0.7
2021-11-08,24.265,24.579,24.139,24.202,205598,4975882.796,0.0,0.0,0.0,0.0,,27.26,0.0,0.0
2021-11-09,24.202,24.265,23.636,23.762,137415,3265255.23,0.0,100.0,0.0,0.0,,27.26,0.0,0.0
2021-11-10,23.762,23.762,23.259,23.385,78755,1841685.675,0.0,0.0,0.0,0.0,,27.26,0.0,0.0
2021-11-11,23.385,23.887,23.007,23.196,105898,2456410.0080000004,0.0,0.0,0.0,0.0,,27.26,0.0,0.0
2021-11-12,23.259,24.076,23.07,23.385,126304,2953619.04,1200.0,3500.0,40000.0,130000.0,,27.26,0.04,0.13
2021-11-15,23.385,24.265,23.322,23.825,176946,4215738.45,0.0,9700.0,0.0,360000.0,,27.26,0.0,0.36
2021-11-16,23.887,24.642,23.447,24.327,227494,5534246.538000001,0.0,5000.0,0.0,190000.0,,27.26,0.0,0.19
2021-11-17,24.893,24.893,24.013,24.076,113260,2726847.76,5010.0,0.0,200000.0,0.0,,27.26,0.2,0.0
2021-11-18,24.076,24.139,23.573,23.636,131418,3106195.848,0.0,3600.0,0.0,140000.0,,27.26,0.0,0.14
2021-11-19,23.636,23.636,22.63,23.259,221261,5146309.599,0.0,0.0,0.0,0.0,,27.26,0.0,0.0
2021-11-22,23.259,23.259,22.316,22.316,149265,3330997.74,0.0,50.0,0.0,0.0,,27.26,0.0,0.0
2021-11-23,22.316,22.945,22.127,22.504,80876,1820033.504,0.0,10.0,0.0,0.0,,27.26,0.0,0.0
2021-11-24,22.504,22.945,22.253,22.316,109625,2446391.5,0.0,0.0,0.0,0.0,,27.26,0.0,0.0
2021-11-25,22.819,22.882,22.19,22.379,84608,1893442.432,0.0,0.0,0.0,0.0,,27.26,0.0,0.0
2021-11-26,22.316,22.63,21.939,22.064,127420,2811394.88,1000.0,400.0,40000.0,10000.0,,27.26,0.04,0.01
2021-11-29,21.687,21.876,20.744,21.75,57914,1259629.5,2000.0,0.0,70000.0,0.0,,27.26,0.07,0.0
2021-11-30,22.316,22.316,21.436,21.562,77075,1661891.15,0.0,0.0,0.0,0.0,,27.26,0.0,0.0
2021-12-01,21.31,21.562,20.807,20.807,100678,2094807.146,0.0,420.0,0.0,10000.0,,27.26,0.0,0.01
2021-12-02,21.059,21.373,20.996,21.122,46603,984348.566,0.0,0.0,0.0,0.0,,27.26,0.0,0.0
2021-12-03,21.31,21.31,19.047,19.99,151600,3030483.9999999995,1800.0,0.0,60000.0,0.0,,27.26,0.06,0.0
2021-12-06,19.99,20.304,18.796,18.859,157218,2964974.262,4000.0,0.0,120000.0,0.0,,27.26,0.12,0.0
2021-12-07,18.859,19.487,18.733,19.487,94875,1848829.125,6100.0,1580.0,180000.0,50000.0,,27.26,0.18,0.05
2021-12-08,19.424,19.487,18.544,19.11,130402,2491982.22,0.0,0.0,0.0,0.0,,27.26,0.0,0.0
2021-12-09,18.921,19.487,18.859,19.424,96827,1880767.648,1000.0,0.0,30000.0,0.0,,27.26,0.03,0.0
2021-12-10,19.361,20.744,19.236,20.744,121555,2521536.92,500.0,0.0,20000.0,0.0,,27.26,0.02,0.0
2021-12-13,20.744,21.75,20.744,21.184,103200,2186188.8000000003,0.0,0.0,0.0,0.0,,27.26,0.0,0.0
2021-12-14,21.562,21.562,19.55,20.744,56400,1169961.6,0.0,0.0,0.0,0.0,,27.26,0.0,0.0
2021-12-15,20.43,20.996,20.367,20.367,29600,602863.2000000001,0.0,0.0,0.0,0.0,,27.26,0.0,0.0
2021-12-16,20.367,20.681,20.241,20.304,55579,1128476.0159999998,0.0,0.0,0.0,0.0,,27.26,0.0,0.0
2021-12-17,19.864,20.744,19.739,20.43,103127,2106884.61,0.0,0.0,0.0,0.0,,27.26,0.0,0.0
2021-12-20,20.493,21.687,20.493,20.744,82512,1711628.928,2000.0,0.0,70000.0,0.0,,27.26,0.07,0.0
2021-12-21,20.744,21.184,20.744,20.87,141220,2947261.4000000004,0.0,0.0,0.0,0.0,,27.26,0.0,0.0
2021-12-22,20.87,21.247,20.179,20.556,63100,1297083.6,0.0,0.0,0.0,0.0,,27.26,0.0,0.0
2021-12-23,20.556,20.556,19.487,20.116,108700,2186609.2,11400.0,1500.0,370000.0,50000.0,,27.26,0.37,0.05
2021-12-24,20.241,20.241,19.613,20.116,44700,899185.2,500.0,0.0,20000.0,0.0,,27.26,0.02,0.0
2021-12-27,20.116,20.116,19.487,19.487,70250,1368961.7499999998,0.0,500.0,0.0,20000.0,,27.26,0.0,0.02
2021-12-28,19.487,20.43,19.487,19.676,33470,658555.72,1600.0,0.0,50000.0,0.0,,27.26,0.05,0.0
2021-12-29,19.676,19.927,19.55,19.801,45159,894193.3589999999,1000.0,0.0,30000.0,0.0,,27.26,0.03,0.0
2021-12-30,19.801,20.116,19.676,19.927,56225,1120395.575,4600.0,0.0,140000.0,0.0,,27.26,0.14,0.0
2021-12-31,19.801,20.116,19.676,19.801,47801,946507.601,0.0,0.0,0.0,0.0,,27.26,0.0,0.0
2022-01-04,20.116,20.241,19.864,20.116,35359,711281.644,0.0,0.0,0.0,0.0,,27.26,0.0,0.0
2022-01-05,20.43,20.43,19.801,19.99,58400,1167416.0,0.0,0.0,0.0,0.0,,27.26,0.0,0.0
2022-01-06,19.801,20.367,19.676,19.801,112738,2232325.138,3000.0,0.0,90000.0,0.0,,27.26,0.09,0.0
2022-01-07,19.801,20.116,19.739,19.801,122424,2424117.624,2100.0,0.0,70000.0,0.0,,27.26,0.07,0.0
2022-01-10,19.801,19.927,19.487,19.487,100100,1950648.7,2200.0,0.0,70000.0,0.0,,27.26,0.07,0.0
2022-01-11,19.801,19.99,19.236,19.236,72650,1397495.4,0.0,0.0,0.0,0.0,,27.26,0.0,0.0
2022-01-12,19.739,19.739,18.796,19.487,94258,1836805.646,4600.0,1060.0,140000.0,30000.0,,27.26,0.14,0.03
2022-01-13,19.487,19.487,18.984,19.299,37700,727572.2999999999,0.0,6200.0,0.0,190000.0,,27.26,0.0,0.19
2022-01-14,19.236,19.236,18.859,18.859,78520,1480808.6800000002,0.0,0.0,0.0,0.0,,27.26,0.0,0.0
2022-01-17,19.11,19.11,17.098,17.098,73310,1253454.38,0.0,0.0,0.0,0.0,,27.26,0.0,0.0
2022-01-18,17.601,18.167,16.847,16.973,46968,797187.864,0.0,200.0,0.0,10000.0,,27.26,0.0,0.01
2022-01-19,18.67,18.67,16.847,16.973,38100,646671.2999999999,0.0,0.0,0.0,0.0,,27.26,0.0,0.0
2022-01-20,16.973,17.476,16.847,17.476,29900,522532.4,3400.0,0.0,90000.0,0.0,,27.26,0.09,0.0
2022-01-21,17.287,17.476,15.841,16.973,39803,675576.3189999999,1000.0,0.0,30000.0,0.0,,27.26,0.03,0.0
2022-01-24,16.973,17.538,16.344,16.973,51610,875976.5299999999,0.0,0.0,0.0,0.0,,27.26,0.0,0.0
2022-01-25,16.658,16.91,16.344,16.91,41815,707091.65,4000.0,0.0,110000.0,0.0,,27.26,0.11,0.0
2022-01-26,16.91,16.973,16.47,16.658,38800,646330.4,1000.0,0.0,30000.0,0.0,,27.26,0.03,0.0
2022-01-27,17.036,17.287,16.721,16.847,20400,343678.80000000005,0.0,0.0,0.0,0.0,,27.26,0.0,0.0
2022-01-28,16.847,17.538,16.847,17.538,34605,606902.49,0.0,0.0,0.0,0.0,,27.26,0.0,0.0
2022-02-07,17.538,18.041,17.538,17.601,19603,345032.403,0.0,100.0,0.0,0.0,,27.26,0.0,0.0
2022-02-08,17.601,18.167,17.601,18.041,16700,301284.7,1500.0,0.0,40000.0,0.0,,27.26,0.04,0.0
2022-02-09,18.167,18.796,17.916,18.481,24509,452950.829,2000.0,0.0,60000.0,0.0,,27.26,0.06,0.0
2022-02-10,18.796,18.796,18.23,18.481,9304,171947.22400000002,0.0,0.0,0.0,0.0,,27.26,0.0,0.0
2022-02-11,18.481,18.67,18.23,18.418,18700,344416.6,4000.0,0.0,120000.0,0.0,,27.26,0.12,0.0
2022-02-14,18.418,18.796,17.978,18.104,65430,1184544.72,0.0,5000.0,0.0,150000.0,,27.26,0.0,0.15
2022-02-15,18.104,18.23,17.601,17.916,22509,403271.244,0.0,0.0,0.0,0.0,,27.26,0.0,0.0
2022-02-16,18.356,18.356,17.727,17.916,25800,462232.8,0.0,0.0,0.0,0.0,,27.26,0.0,0.0
2022-02-17,17.978,18.293,17.916,18.23,50605,922529.15,2000.0,0.0,60000.0,0.0,,27.26,0.06,0.0
2022-02-18,18.418,18.607,18.041,18.418,51600,950368.8,0.0,0.0,0.0,0.0,,27.26,0.0,0.0
2022-02-21,18.23,18.733,18.167,18.418,56051,1032347.318,0.0,0.0,0.0,0.0,,27.26,0.0,0.0
2022-02-22,18.418,18.481,18.104,18.418,58600,1079294.8,0.0,0.0,0.0,0.0,,27.26,0.0,0.0
2022-02-23,18.418,18.544,18.23,18.544,115428,2140496.832,0.0,928.0,0.0,30000.0,,27.26,0.0,0.03
2022-02-24,18.607,19.613,18.607,19.55,193100,3775105.0,1200.0,0.0,40000.0,0.0,,27.26,0.04,0.0
2022-02-25,19.487,19.676,19.11,19.361,37017,716686.137,1000.0,0.0,30000.0,0.0,,27.26,0.03,0.0
2022-02-28,19.487,19.55,19.11,19.173,23415,448935.795,0.0,0.0,0.0,0.0,,27.26,0.0,0.0
2022-03-01,18.984,19.424,18.984,19.299,89942,1735790.658,1500.0,0.0,50000.0,0.0,,27.26,0.05,0.0
2022-03-02,19.299,19.487,18.921,19.424,18700,363228.8,0.0,0.0,0.0,0.0,,27.26,0.0,0.0
2022-03-03,19.424,19.424,18.984,19.11,42560,813321.6,1100.0,0.0,30000.0,0.0,,27.26,0.03,0.0
2022-03-04,19.361,19.424,19.047,19.299,73578,1419981.822,3500.0,0.0,110000.0,0.0,,27.26,0.11,0.0
2022-03-07,19.11,19.299,19.047,19.173,65400,1253914.2,6600.0,400.0,200000.0,10000.0,,27.26,0.2,0.01
2022-03-08,19.173,19.55,19.047,19.299,66300,1279523.7,2200.0,100.0,70000.0,0.0,,27.26,0.07,0.0
2022-03-09,19.676,19.676,19.047,19.299,63417,1223884.683,8300.0,0.0,250000.0,0.0,,27.26,0.25,0.0
2022-03-10,19.487,19.55,19.173,19.173,40100,768837.2999999999,2000.0,0.0,60000.0,0.0,,27.26,0.06,0.0
2022-03-11,19.424,19.424,18.984,19.173,70500,1351696.4999999998,1700.0,0.0,50000.0,0.0,,27.26,0.05,0.0
2022-03-14,19.173,19.173,18.544,18.733,82500,1545472.5,4400.0,0.0,130000.0,0.0,,27.26,0.13,0.0
2022-03-15,18.733,18.984,18.544,18.796,27709,520818.364,5000.0,0.0,150000.0,0.0,,27.26,0.15,0.0
2022-03-16,18.984,18.984,18.733,18.796,20600,387197.6,0.0,0.0,0.0,0.0,,27.26,0.0,0.0
2022-03-17,19.173,19.173,18.67,18.859,20389,384516.151,2900.0,0.0,90000.0,0.0,,27.26,0.09,0.0
2022-03-18,18.859,18.921,18.733,18.796,40406,759471.176,0.0,400.0,0.0,10000.0,,27.26,0.0,0.01
2022-03-21,18.859,19.801,18.733,19.487,225445,4393246.715,1300.0,0.0,40000.0,0.0,,27.26,0.04,0.0
2022-03-22,19.801,20.116,19.613,19.676,148166,2915314.2159999995,0.0,0.0,0.0,0.0,,27.26,0.0,0.0
2022-03-23,19.676,20.43,19.676,20.179,110900,2237851.1,0.0,2500.0,0.0,80000.0,,27.26,0.0,0.08
2022-03-24,20.179,20.681,19.99,20.556,179944,3698928.864,0.0,0.0,0.0,0.0,,27.26,0.0,0.0
2022-03-25,20.556,20.556,20.179,20.179,88761,1791108.2189999998,300.0,200.0,10000.0,10000.0,,27.26,0.01,0.01
2022-03-28,20.179,20.179,19.487,19.927,85633,1706408.791,0.0,0.0,0.0,0.0,,27.26,0.0,0.0
2022-03-29,19.801,21.373,19.676,20.87,112900,2356223.0,10200.0,1000.0,330000.0,30000.0,,27.26,0.33,0.03
2022-03-30,20.87,21.813,20.43,21.247,174046,3697955.362,1000.0,1000.0,30000.0,30000.0,,27.26,0.03,0.03
2022-03-31,21.247,21.373,20.87,20.996,46900,984712.4,6000.0,0.0,200000.0,0.0,,27.26,0.2,0.0
2022-04-01,20.996,21.373,20.556,21.184,56505,1197001.9200000002,1000.0,0.0,30000.0,0.0,,27.26,0.03,0.0
2022-04-04,21.184,22.002,21.184,21.624,142205,3075040.92,3100.0,700.0,110000.0,20000.0,,27.26,0.11,0.02
2022-04-05,21.687,21.687,21.247,21.562,56816,1225066.5920000002,0.0,0.0,0.0,0.0,,27.26,0.0,0.0
2022-04-06,21.122,21.562,20.744,20.744,70007,1452225.208,0.0,0.0,0.0,0.0,,27.26,0.0,0.0
2022-04-07,20.996,20.996,20.367,20.43,91305,1865361.15,1800.0,0.0,60000.0,0.0,,27.26,0.06,0.0
2022-04-08,20.744,20.744,19.801,19.801,81109,1606039.309,4100.0,2500.0,130000.0,80000.0,,27.26,0.13,0.08
2022-04-12,19.676,19.739,18.859,19.613,105721,2073505.973,1200.0,0.0,40000.0,0.0,,27.26,0.04,0.0
2022-04-13,19.236,20.116,18.921,20.116,77700,1563013.2,0.0,7700.0,0.0,240000.0,,27.26,0.0,0.24
2022-04-14,20.43,20.744,19.99,20.179,80910,1632682.89,0.0,0.0,0.0,0.0,,27.26,0.0,0.0
2022-04-15,20.179,21.687,20.116,21.373,220468,4712062.564,0.0,700.0,0.0,20000.0,,27.26,0.0,0.02
2022-04-18,21.373,21.687,20.304,20.744,100819,2091389.336,0.0,0.0,0.0,0.0,,27.26,0.0,0.0
2022-04-19,20.807,20.87,19.801,19.801,66200,1310826.2,100.0,0.0,0.0,0.0,,27.26,0.0,0.0
2022-04-20,19.236,19.801,17.853,18.418,126501,2329895.418,200.0,0.0,10000.0,0.0,,27.26,0.01,0.0
2022-04-21,18.23,18.418,16.973,18.418,83115,1530812.0699999998,0.0,0.0,0.0,0.0,,27.26,0.0,0.0
2022-04-22,18.418,18.859,17.538,18.167,43936,798185.312,0.0,0.0,0.0,0.0,,27.26,0.0,0.0
2022-04-25,18.167,18.167,16.407,16.407,108848,1785869.136,600.0,0.0,20000.0,0.0,,27.26,0.02,0.0
2022-04-26,14.772,16.847,14.772,16.847,84229,1419005.9630000002,800.0,0.0,20000.0,0.0,,27.26,0.02,0.0
2022-04-27,16.658,17.224,16.407,17.161,24710,424048.31000000006,0.0,0.0,0.0,0.0,,27.26,0.0,0.0
2022-04-28,16.721,17.476,16.721,16.847,39221,660756.187,0.0,0.0,0.0,0.0,,27.26,0.0,0.0
2022-04-29,17.224,17.224,16.344,17.098,46350,792492.2999999999,50.0,0.0,0.0,0.0,,27.26,0.0,0.0
2022-05-04,17.098,17.476,16.973,17.098,65921,1127117.258,4400.0,0.0,120000.0,0.0,,27.26,0.12,0.0
2022-05-05,17.036,17.036,16.533,16.91,37900,640889.0,0.0,0.0,0.0,0.0,,27.26,0.0,0.0
2022-05-06,16.847,16.973,16.344,16.847,33200,559320.4,0.0,0.0,0.0,0.0,,27.26,0.0,0.0
2022-05-09,16.47,16.47,15.213,15.213,171941,2615738.433,4400.0,0.0,110000.0,0.0,,27.26,0.11,0.0
2022-05-10,15.213,15.213,13.704,14.71,137300,2019683.0,3100.0,0.0,70000.0,0.0,,27.26,0.07,0.0
2022-05-11,16.03,16.03,14.71,15.338,69700,1069058.6,0.0,0.0,0.0,0.0,,27.26,0.0,0.0
2022-05-12,15.087,15.275,13.83,13.955,88825,1239552.875,1800.0,0.0,40000.0,0.0,,27.26,0.04,0.0
2022-05-13,12.572,14.395,12.572,13.515,87500,1182562.5,100.0,0.0,0.0,0.0,,27.26,0.0,0.0
2022-05-16,12.195,14.332,12.195,13.955,73165,1021017.575,100.0,0.0,0.0,0.0,,27.26,0.0,0.0
2022-05-17,13.955,15.087,13.83,15.087,145000,2187615.0,0.0,0.0,0.0,0.0,,27.26,0.0,0.0
2022-05-18,15.087,15.715,14.458,15.087,61800,932376.6,600.0,0.0,10000.0,0.0,,27.26,0.01,0.0
2022-05-19,14.898,15.213,14.332,15.213,71200,1083165.6,0.0,0.0,0.0,0.0,,27.26,0.0,0.0
2022-05-20,14.898,15.401,14.647,14.772,70200,1036994.4,3200.0,0.0,80000.0,0.0,,27.26,0.08,0.0
2022-05-23,14.772,15.213,14.71,14.71,40200,591342.0,0.0,0.0,0.0,0.0,,27.26,0.0,0.0
2022-05-24,15.024,15.087,14.458,14.647,26500,388145.5,300.0,0.0,10000.0,0.0,,27.26,0.01,0.0
2022-05-25,14.584,15.401,14.584,15.338,62800,963226.4,0.0,0.0,0.0,0.0,,27.26,0.0,0.0
2022-05-26,15.338,15.338,14.772,14.772,24725,365237.7,3000.0,4400.0,70000.0,110000.0,,27.26,0.07,0.11
2022-05-27,14.772,15.024,14.772,15.024,12319,185080.656,100.0,0.0,0.0,0.0,,27.26,0.0,0.0
2022-05-30,15.024,15.527,14.898,15.464,21600,334022.4,100.0,0.0,0.0,0.0,,27.26,0.0,0.0
2022-05-31,15.527,15.904,15.464,15.59,39600,617364.0,600.0,100.0,10000.0,0.0,,27.26,0.01,0.0
2022-06-01,15.59,16.281,15.59,16.281,20600,335388.6,0.0,0.0,0.0,0.0,,27.26,0.0,0.0
2022-06-02,16.281,16.784,16.281,16.281,38900,633330.8999999999,0.0,0.0,0.0,0.0,,27.26,0.0,0.0
2022-06-03,16.03,16.03,15.464,16.03,4300,68929.0,0.0,0.0,0.0,0.0,,27.26,0.0,0.0
2022-06-06,15.715,15.778,15.464,15.715,24900,391303.5,0.0,0.0,0.0,0.0,,27.26,0.0,0.0
2022-06-07,15.087,16.91,15.087,16.91,42500,718675.0,0.0,0.0,0.0,0.0,,27.26,0.0,0.0
2022-06-08,16.91,16.973,16.344,16.847,26421,445114.58700000006,4900.0,0.0,130000.0,0.0,,27.26,0.13,0.0
2022-06-09,16.847,16.91,16.03,16.03,45900,735777.0,4600.0,0.0,120000.0,0.0,,27.26,0.12,0.0
2022-06-10,16.093,16.093,15.527,15.527,50900,790324.2999999999,0.0,0.0,0.0,0.0,,27.26,0.0,0.0
2022-06-13,14.71,15.59,14.71,14.71,33400,491314.0,0.0,0.0,0.0,0.0,,27.26,0.0,0.0
2022-06-14,14.71,15.401,14.71,15.087,22800,343983.6,0.0,0.0,0.0,0.0,,27.26,0.0,0.0
2022-06-15,15.59,15.967,14.772,15.087,21600,325879.2,0.0,0.0,0.0,0.0,,27.26,0.0,0.0
2022-06-16,15.59,15.778,15.087,15.087,18900,285144.3,200.0,0.0,0.0,0.0,,27.26,0.0,0.0
2022-06-17,14.835,15.401,13.578,15.024,51300,770731.2,0.0,0.0,0.0,0.0,,27.26,0.0,0.0
2022-06-20,14.584,15.213,14.458,14.961,25521,381819.681,500.0,10000.0,10000.0,240000.0,,27.26,0.01,0.24
2022-06-21,15.087,15.087,14.584,15.087,52300,789050.1,400.0,0.0,10000.0,0.0,,27.26,0.01,0.0
2022-06-22,14.772,15.087,14.584,15.087,14300,215744.1,400.0,0.0,10000.0,0.0,,27.26,0.01,0.0
2022-06-23,15.087,15.15,14.772,15.15,6207,94036.05,500.0,0.0,10000.0,0.0,,27.26,0.01,0.0
2022-06-24,15.15,15.401,15.087,15.15,15910,241036.5,0.0,0.0,0.0,0.0,,27.26,0.0,0.0
2022-06-27,15.464,15.967,15.275,15.841,50610,801713.01,0.0,4400.0,0.0,110000.0,,27.26,0.0,0.11
2022-06-28,15.841,16.04,15.775,15.775,32808,517546.2,0.0,200.0,0.0,0.0,,27.26,0.0,0.0
2022-06-29,15.709,15.841,15.311,15.709,45900,721043.1,0.0,0.0,0.0,0.0,,27.26,0.0,0.0
2022-06-30,15.709,15.709,15.576,15.576,32800,510892.8,0.0,0.0,0.0,0.0,,27.26,0.0,0.0
2022-07-01,15.643,15.775,15.245,15.576,42000,654192.0,0.0,0.0,0.0,0.0,,27.26,0.0,0.0
2022-07-04,15.51,16.04,15.51,15.775,12900,203497.5,3100.0,0.0,70000.0,0.0,,27.26,0.07,0.0
2022-07-05,15.377,15.908,15.377,15.841,2000,31682.0,1100.0,0.0,30000.0,0.0,,27.26,0.03,0.0
2022-07-06,15.841,15.841,15.245,15.576,8500,132396.0,0.0,0.0,0.0,0.0,,27.26,0.0,0.0
2022-07-07,14.913,15.841,14.913,15.377,2425,37289.225,0.0,0.0,0.0,0.0,,27.26,0.0,0.0
2022-07-08,15.377,15.709,15.245,15.709,2800,43985.2,0.0,0.0,0.0,0.0,,27.26,0.0,0.0
2022-07-11,15.377,15.576,15.046,15.576,18369,286115.544,0.0,1569.0,0.0,40000.0,,27.26,0.0,0.04
2022-07-12,15.51,15.775,14.98,15.775,15923,251185.325,20.0,0.0,0.0,0.0,,27.26,0.0,0.0
2022-07-13,15.576,15.908,15.245,15.245,34500,525952.5,0.0,0.0,0.0,0.0,,27.26,0.0,0.0
2022-07-14,15.245,15.908,14.847,15.179,14802,224679.558,0.0,0.0,0.0,0.0,,27.26,0.0,0.0
2022-07-15,15.576,15.643,15.179,15.179,17500,265632.5,5000.0,0.0,120000.0,0.0,,27.26,0.12,0.0
2022-07-18,15.179,15.576,15.179,15.576,5800,90340.8,0.0,4000.0,0.0,90000.0,,27.26,0.0,0.09
2022-07-19,15.245,15.245,15.245,15.245,6602,100647.49,0.0,0.0,0.0,0.0,,27.26,0.0,0.0
2022-07-20,15.377,15.775,15.377,15.576,611,9516.936,0.0,0.0,0.0,0.0,,27.26,0.0,0.0
2022-07-21,15.179,15.576,15.112,15.576,7301,113720.376,0.0,0.0,0.0,0.0,,27.26,0.0,0.0
2022-07-22,15.576,15.576,14.98,15.51,3001,46545.51,500.0,0.0,10000.0,0.0,,27.26,0.01,0.0
2022-07-25,15.576,15.576,15.179,15.179,2680,40679.72,300.0,1.0,10000.0,0.0,,27.26,0.01,0.0
2022-07-26,15.179,15.444,14.98,15.179,17800,270186.2,10000.0,0.0,230000.0,0.0,,27.26,0.23,0.0
2022-07-27,15.245,15.245,14.98,15.245,5304,80859.48,1500.0,0.0,30000.0,0.0,,27.26,0.03,0.0
2022-07-28,15.576,15.576,15.179,15.51,11000,170610.0,0.0,2800.0,0.0,60000.0,,27.26,0.0,0.06
2022-07-29,15.51,15.576,15.377,15.576,12708,197939.808,0.0,0.0,0.0,0.0,,27.26,0.0,0.0
2022-08-01,15.576,16.04,15.311,15.908,58904,937044.832,1000.0,200.0,20000.0,0.0,,27.26,0.02,0.0
2022-08-02,15.908,16.703,15.841,16.703,92443,1544075.429,0.0,84.0,0.0,0.0,,27.26,0.0,0.0
2022-08-03,16.372,16.703,16.372,16.504,21300,351535.2,0.0,0.0,0.0,0.0,,27.26,0.0,0.0
2022-08-04,16.504,16.836,16.438,16.703,42831,715406.193,0.0,0.0,0.0,0.0,,27.26,0.0,0.0
2022-08-05,16.57,17.034,16.438,17.034,36941,629252.994,0.0,0.0,0.0,0.0,,27.26,0.0,0.0
2022-08-08,17.034,17.233,16.968,16.968,28901,490392.168,0.0,0.0,0.0,0.0,,27.26,0.0,0.0
2022-08-09,16.902,17.034,16.703,16.703,51337,857481.911,0.0,0.0,0.0,0.0,,27.26,0.0,0.0
2022-08-10,16.637,16.968,16.438,16.968,89501,1518652.968,1000.0,22000.0,30000.0,550000.0,,27.26,0.03,0.55
2022-08-11,17.167,17.432,17.034,17.034,51000,868734.0,6600.0,0.0,170000.0,0.0,,27.26,0.17,0.0
2022-08-12,16.703,17.101,16.703,17.034,20500,349197.0,0.0,0.0,0.0,0.0,,27.26,0.0,0.0
2022-08-15,17.034,17.233,16.968,17.034,42700,727351.7999999999,0.0,0.0,0.0,0.0,,27.26,0.0,0.0
2022-08-16,17.101,17.167,16.57,16.836,87300,1469782.7999999998,0.0,0.0,0.0,0.0,,27.26,0.0,0.0
2022-08-17,16.902,16.902,16.57,16.57,28800,477216.0,0.0,0.0,0.0,0.0,,27.26,0.0,0.0
2022-08-18,16.902,16.902,16.372,16.372,31600,517355.2,0.0,0.0,0.0,0.0,,27.26,0.0,0.0
2022-08-19,16.305,16.438,15.908,15.908,53793,855739.044,0.0,0.0,0.0,0.0,,27.26,0.0,0.0
2022-08-22,16.04,16.305,15.974,16.106,31800,512170.8000000001,900.0,0.0,20000.0,0.0,,27.26,0.02,0.0
2022-08-23,16.305,16.57,15.908,16.57,59000,977630.0,0.0,0.0,0.0,0.0,,27.26,0.0,0.0
2022-08-24,16.504,16.968,16.504,16.703,68301,1140831.603,0.0,0.0,0.0,0.0,,27.26,0.0,0.0
2022-08-25,16.836,16.968,16.57,16.57,43400,719138.0,0.0,0.0,0.0,0.0,,27.26,0.0,0.0
2022-08-26,16.902,16.902,16.57,16.57,29700,492129.0,0.0,0.0,0.0,0.0,,27.26,0.0,0.0
2022-08-29,16.57,16.769,16.305,16.504,43200,712972.8,100.0,0.0,0.0,0.0,,27.26,0.0,0.0
2022-08-30,16.57,16.57,16.504,16.504,4600,75918.40000000001,0.0,0.0,0.0,0.0,,27.26,0.0,0.0
2022-08-31,16.57,17.233,16.504,17.233,140389,2419323.637,0.0,0.0,0.0,0.0,,27.26,0.0,0.0
2022-09-05,17.233,18.36,17.233,18.36,198363,3641944.68,0.0,2000.0,0.0,50000.0,,27.26,0.0,0.05
2022-09-06,18.36,18.89,18.095,18.36,57750,1060290.0,0.0,0.0,0.0,0.0,,27.26,0.0,0.0
2022-09-07,18.36,18.36,17.498,17.498,42600,745414.8,0.0,0.0,0.0,0.0,,27.26,0.0,0.0
2022-09-08,17.565,18.161,17.101,17.697,82000,1451154.0,0.0,0.0,0.0,0.0,,27.26,0.0,0.0
2022-09-09,17.764,18.493,17.565,18.493,41400,765610.2,0.0,0.0,0.0,0.0,,27.26,0.0,0.0
2022-09-12,18.559,18.559,17.962,18.426,40929,754157.754,2300.0,0.0,60000.0,0.0,,27.26,0.06,0.0
2022-09-13,18.426,18.426,17.764,17.764,48951,869565.564,0.0,0.0,0.0,0.0,,27.26,0.0,0.0
2022-09-14,17.764,18.228,17.764,18.161,62134,1128415.574,0.0,0.0,0.0,0.0,,27.26,0.0,0.0
2022-09-15,18.228,18.89,17.83,18.36,197123,3619178.28,0.0,0.0,0.0,0.0,,27.26,0.0,0.0
2022-09-16,18.294,18.493,17.962,18.426,35164,647931.864,0.0,0.0,0.0,0.0,,27.26,0.0,0.0
2022-09-19,18.426,18.426,17.233,17.896,58331,1043891.576,0.0,4400.0,0.0,120000.0,,27.26,0.0,0.12
2022-09-20,17.498,18.228,17.233,17.962,39033,701110.746,0.0,0.0,0.0,0.0,,27.26,0.0,0.0
2022-09-21,17.962,18.029,17.366,17.764,33801,600440.9639999999,0.0,5601.0,0.0,150000.0,,27.26,0.0,0.15
2022-09-22,17.565,17.697,17.3,17.697,7900,139806.3,0.0,0.0,0.0,0.0,,27.26,0.0,0.0
2022-09-23,17.697,19.421,17.697,19.089,409834,7823321.226,0.0,1222.0,0.0,30000.0,,27.26,0.0,0.03
2022-09-26,19.089,19.155,18.228,18.691,74010,1383320.91,0.0,0.0,0.0,0.0,,27.26,0.0,0.0
2022-09-27,17.697,19.155,17.697,18.228,29206,532366.968,0.0,0.0,0.0,0.0,,27.26,0.0,0.0
2022-09-28,17.896,18.228,16.438,16.438,136520,2244115.76,100.0,0.0,0.0,0.0,,27.26,0.0,0.0
2022-09-29,16.836,17.101,16.438,16.504,66300,1094215.2000000002,0.0,0.0,0.0,0.0,,27.26,0.0,0.0
2022-09-30,16.504,16.902,14.913,16.438,86939,1429103.282,0.0,0.0,0.0,0.0,,27.26,0.0,0.0
2022-10-03,16.04,16.04,14.847,14.847,124865,1853870.655,100.0,0.0,0.0,0.0,,27.26,0.0,0.0
2022-10-04,15.179,15.179,14.317,14.98,59020,884119.6,0.0,0.0,0.0,0.0,,27.26,0.0,0.0
2022-10-05,15.046,16.239,15.046,16.106,49630,799340.78,0.0,3500.0,0.0,80000.0,,27.26,0.0,0.08
2022-10-06,15.709,15.841,14.516,15.841,66115,1047327.715,5000.0,0.0,110000.0,0.0,,27.26,0.11,0.0
2022-10-07,14.847,15.51,14.582,14.582,35119,512105.258,2200.0,3900.0,50000.0,90000.0,,27.26,0.05,0.09
2022-10-10,14.582,15.51,14.582,15.444,13700,211582.8,100.0,0.0,0.0,0.0,,27.26,0.0,0.0
2022-10-11,15.245,15.245,14.582,15.112,8927,134904.824,100.0,0.0,0.0,0.0,,27.26,0.0,0.0
2022-10-12,13.654,15.311,13.654,15.245,6338,96622.81,0.0,0.0,0.0,0.0,,27.26,0.0,0.0
2022-10-13,15.245,15.51,15.245,15.245,10205,155575.225,1000.0,0.0,20000.0,0.0,,27.26,0.02,0.0
2022-10-14,15.245,15.908,15.245,15.311,31803,486935.733,0.0,0.0,0.0,0.0,,27.26,0.0,0.0
2022-10-17,15.576,15.576,15.245,15.444,16906,261096.264,0.0,2006.0,0.0,50000.0,,27.26,0.0,0.05
2022-10-18,15.444,15.908,15.444,15.643,22145,346414.235,0.0,3940.0,0.0,90000.0,,27.26,0.0,0.09
2022-10-19,15.643,15.709,15.576,15.709,5048,79299.03199999999,0.0,0.0,0.0,0.0,,27.26,0.0,0.0
2022-10-20,15.709,15.709,15.51,15.709,9700,152377.3,0.0,0.0,0.0,0.0,,27.26,0.0,0.0
2022-10-21,15.643,15.643,14.98,14.98,66438,995241.24,0.0,0.0,0.0,0.0,,27.26,0.0,0.0
2022-10-24,14.913,14.913,14.118,14.118,49420,697711.56,0.0,0.0,0.0,0.0,,27.26,0.0,0.0
2022-10-25,14.118,14.781,14.052,14.781,14901,220251.681,0.0,0.0,0.0,0.0,,27.26,0.0,0.0
2022-10-26,13.323,14.98,13.323,14.913,8900,132725.7,0.0,0.0,0.0,0.0,,27.26,0.0,0.0
2022-10-27,15.179,15.444,14.516,15.444,7738,119505.672,0.0,2000.0,0.0,50000.0,,27.26,0.0,0.05
2022-10-28,15.444,15.444,14.781,15.444,6134,94733.496,0.0,0.0,0.0,0.0,,27.26,0.0,0.0
2022-10-31,15.377,15.377,14.582,15.377,17030,261870.31,0.0,0.0,0.0,0.0,,27.26,0.0,0.0
2022-11-01,15.245,15.245,14.582,14.715,23829,350643.735,19.0,0.0,0.0,0.0,,27.26,0.0,0.0
2022-11-02,14.648,15.046,14.648,15.046,3198,48117.108,0.0,0.0,0.0,0.0,,27.26,0.0,0.0
2022-11-03,14.648,14.781,14.648,14.715,3131,46072.665,31.0,0.0,0.0,0.0,,27.26,0.0,0.0
2022-11-04,14.648,14.648,14.251,14.317,18405,263504.385,0.0,0.0,0.0,0.0,,27.26,0.0,0.0
2022-11-07,13.256,14.184,13.256,13.919,33101,460732.819,22700.0,0.0,480000.0,0.0,,27.26,0.48,0.0
2022-11-08,13.588,14.184,13.455,13.919,22401,311799.51900000003,0.0,0.0,0.0,0.0,,27.26,0.0,0.0
2022-11-09,12.527,13.985,12.527,13.853,17000,235501.0,0.0,0.0,0.0,0.0,,27.26,0.0,0.0
2022-11-10,13.455,13.72,13.124,13.72,31800,436296.0,0.0,0.0,0.0,0.0,,27.26,0.0,0.0
2022-11-11,12.395,14.251,12.395,13.654,20305,277244.47,3800.0,0.0,80000.0,0.0,,27.26,0.08,0.0
2022-11-14,12.925,13.588,12.328,13.588,15700,213331.6,100.0,0.0,0.0,0.0,,27.26,0.0,0.0
2022-11-15,12.328,13.521,12.328,13.058,28402,370873.316,1800.0,0.0,30000.0,0.0,,27.26,0.03,0.0
2022-11-16,11.931,13.588,11.931,13.124,77890,1022228.36,600.0,0.0,10000.0,0.0,,27.26,0.01,0.0
2022-11-17,13.588,13.588,13.124,13.389,6407,85783.32299999999,100.0,0.0,0.0,0.0,,27.26,0.0,0.0
2022-11-18,13.389,13.455,12.991,13.389,13000,174057.0,1500.0,0.0,30000.0,0.0,,27.26,0.03,0.0
2022-11-21,13.853,14.582,13.588,13.787,33210,457866.27,11600.0,0.0,250000.0,0.0,,27.26,0.25,0.0
2022-11-22,13.787,14.516,13.787,13.787,37288,514089.656,2005.0,0.0,40000.0,0.0,,27.26,0.04,0.0
2022-11-23,14.251,14.251,13.256,13.256,20070,266047.92,0.0,0.0,0.0,0.0,,27.26,0.0,0.0
2022-11-24,13.72,13.72,13.72,13.72,167,2291.24,100.0,0.0,0.0,0.0,,27.26,0.0,0.0
2022-11-25,13.787,13.787,13.124,13.787,31000,427397.0,0.0,0.0,0.0,0.0,,27.26,0.0,0.0
2022-11-28,13.787,14.052,13.72,13.853,13900,192556.7,0.0,0.0,0.0,0.0,,27.26,0.0,0.0
2022-11-29,13.787,14.251,13.256,13.389,49110,657533.7899999999,0.0,0.0,0.0,0.0,,27.26,0.0,0.0
2022-11-30,13.853,13.853,13.588,13.588,21001,285361.588,0.0,0.0,0.0,0.0,,27.26,0.0,0.0
2022-12-01,13.588,13.985,13.455,13.654,42771,583995.2339999999,700.0,400.0,10000.0,10000.0,,27.26,0.01,0.01
2022-12-02,13.654,13.853,13.256,13.853,37725,522604.425,0.0,200.0,0.0,0.0,,27.26,0.0,0.0
2022-12-05,13.853,14.383,13.853,14.317,92008,1317278.536,4500.0,300.0,100000.0,10000.0,,27.26,0.1,0.01
2022-12-06,14.118,14.118,13.72,13.72,61000,836920.0,0.0,0.0,0.0,0.0,,27.26,0.0,0.0
2022-12-07,13.72,13.72,13.389,13.389,53600,717650.3999999999,0.0,7200.0,0.0,150000.0,,27.26,0.0,0.15
2022-12-08,13.389,14.052,13.389,13.588,35716,485309.008,100.0,0.0,0.0,0.0,,27.26,0.0,0.0
2022-12-09,13.588,13.654,13.521,13.588,4608,62613.50399999999,0.0,8.0,0.0,0.0,,27.26,0.0,0.0
2022-12-12,13.588,13.72,13.455,13.588,20430,277602.84,0.0,0.0,0.0,0.0,,27.26,0.0,0.0
2022-12-13,13.588,13.654,13.256,13.389,22615,302792.235,0.0,0.0,0.0,0.0,,27.26,0.0,0.0
2022-12-14,13.455,13.588,13.323,13.389,8312,111289.368,0.0,0.0,0.0,0.0,,27.26,0.0,0.0
2022-12-15,13.588,13.588,13.389,13.521,13700,185237.7,0.0,0.0,0.0,0.0,,27.26,0.0,0.0
2022-12-16,13.521,13.521,13.323,13.323,16124,214820.052,24.0,0.0,0.0,0.0,,27.26,0.0,0.0
2022-12-19,13.455,13.588,13.256,13.256,55485,735509.16,0.0,0.0,0.0,0.0,,27.26,0.0,0.0
2022-12-20,13.256,13.256,12.859,13.256,15600,206793.6,0.0,0.0,0.0,0.0,,27.26,0.0,0.0
2022-12-21,13.256,13.389,12.925,12.925,30800,398090.0,0.0,0.0,0.0,0.0,,27.26,0.0,0.0
2022-12-22,12.991,13.389,12.66,12.66,57131,723278.46,0.0,0.0,0.0,0.0,,27.26,0.0,0.0
2022-12-23,12.594,12.859,12.328,12.527,40095,502270.065,16.0,0.0,0.0,0.0,,27.26,0.0,0.0
2022-12-26,12.594,12.66,11.798,12.328,35100,432712.8,1500.0,0.0,30000.0,0.0,,27.26,0.03,0.0
2022-12-27,12.196,12.925,12.196,12.726,29103,370364.7780000001,0.0,100.0,0.0,0.0,,27.26,0.0,0.0
2022-12-28,12.594,12.925,12.594,12.792,12800,163737.6,0.0,0.0,0.0,0.0,,27.26,0.0,0.0
2022-12-29,12.859,13.124,12.726,12.991,14705,191032.655,0.0,0.0,0.0,0.0,,27.26,0.0,0.0
2022-12-30,13.124,13.124,12.792,12.991,2910,37803.81,0.0,0.0,0.0,0.0,,27.26,0.0,0.0
2023-01-03,12.991,13.124,12.792,13.124,17100,224420.4,0.0,0.0,0.0,0.0,,27.26,0.0,0.0
2023-01-04,12.925,13.124,12.925,13.124,27700,363534.8,0.0,0.0,0.0,0.0,,27.26,0.0,0.0
2023-01-05,13.124,13.19,13.058,13.19,38750,511112.5,50.0,0.0,0.0,0.0,,27.26,0.0,0.0
2023-01-06,13.19,13.323,13.124,13.19,54316,716428.0399999999,0.0,1000.0,0.0,20000.0,,27.26,0.0,0.02
2023-01-09,13.19,13.455,13.19,13.455,42133,566899.515,6000.0,0.0,120000.0,0.0,,27.26,0.12,0.0
2023-01-10,13.455,13.588,13.389,13.588,38401,521792.788,1200.0,0.0,20000.0,0.0,,27.26,0.02,0.0
2023-01-11,13.588,13.654,13.455,13.455,20516,276042.78,3000.0,0.0,60000.0,0.0,,27.26,0.06,0.0
2023-01-12,13.389,13.853,13.389,13.521,12600,170364.6,5000.0,0.0,100000.0,0.0,,27.26,0.1,0.0
2023-01-13,13.588,13.588,13.455,13.588,8200,111421.6,1500.0,0.0,30000.0,0.0,,27.26,0.03,0.0
2023-01-16,13.588,13.72,13.588,13.588,25175,342077.9,7100.0,0.0,150000.0,0.0,,27.26,0.15,0.0
2023-01-17,13.654,13.654,13.455,13.455,38215,514182.825,1800.0,0.0,40000.0,0.0,,27.26,0.04,0.0
2023-01-18,13.588,13.588,13.455,13.521,9913,134033.673,0.0,0.0,0.0,0.0,,27.26,0.0,0.0
2023-01-19,13.521,13.72,13.521,13.72,17550,240786.0,0.0,50.0,0.0,0.0,,27.26,0.0,0.0
2023-01-27,13.853,14.184,13.72,13.72,30971,424922.12,0.0,0.0,0.0,0.0,,27.26,0.0,0.0
2023-01-30,13.853,14.715,13.72,14.715,90708,1334768.22,0.0,106.0,0.0,0.0,,27.26,0.0,0.0
2023-01-31,14.516,14.781,14.516,14.715,23300,342859.5,0.0,0.0,0.0,0.0,,27.26,0.0,0.0
2023-02-01,15.377,15.444,14.715,15.112,76910,1162263.92,800.0,0.0,20000.0,0.0,,27.26,0.02,0.0
2023-02-02,14.582,15.245,14.582,15.245,61800,942141.0,0.0,0.0,0.0,0.0,,27.26,0.0,0.0
2023-02-03,15.112,15.576,14.913,15.576,73446,1143994.896,0.0,0.0,0.0,0.0,,27.26,0.0,0.0
2023-02-06,15.576,15.709,15.112,15.51,34912,541485.12,0.0,0.0,0.0,0.0,,27.26,0.0,0.0
2023-02-07,15.51,15.576,14.913,15.377,52105,801218.5850000001,500.0,0.0,10000.0,0.0,,27.26,0.01,0.0
2023-02-08,15.576,15.709,15.245,15.576,45800,713380.8,0.0,0.0,0.0,0.0,,27.26,0.0,0.0
2023-02-09,15.576,16.106,15.576,15.908,43711,695354.588,500.0,4500.0,10000.0,110000.0,,27.26,0.01,0.11
2023-02-10,15.908,15.974,15.576,15.841,16302,258239.982,0.0,0.0,0.0,0.0,,27.26,0.0,0.0
2023-02-13,15.908,15.908,15.046,15.311,24031,367938.641,0.0,0.0,0.0,0.0,,27.26,0.0,0.0
2023-02-14,15.444,15.709,15.377,15.709,2100,32988.9,0.0,0.0,0.0,0.0,,27.26,0.0,0.0
2023-02-15,15.51,16.239,15.444,16.04,56998,914247.92,0.0,100.0,0.0,0.0,,27.26,0.0,0.0
2023-02-16,16.04,16.04,15.775,16.04,66700,1069868.0,0.0,7000.0,0.0,170000.0,,27.26,0.0,0.17
2023-02-17,15.841,16.173,14.913,14.913,48100,717315.3,0.0,0.0,0.0,0.0,,27.26,0.0,0.0
2023-02-20,15.51,15.974,15.311,15.974,23710,378743.54,0.0,0.0,0.0,0.0,,27.26,0.0,0.0
2023-02-21,15.974,16.239,15.643,15.974,54418,869273.132,0.0,135.0,0.0,0.0,,27.26,0.0,0.0
2023-02-22,15.775,15.908,15.311,15.643,16928,264804.704,0.0,0.0,0.0,0.0,,27.26,0.0,0.0
2023-02-23,15.643,15.643,15.245,15.377,14403,221474.931,0.0,0.0,0.0,0.0,,27.26,0.0,0.0
2023-02-24,15.377,15.908,15.377,15.775,7720,121783.0,0.0,0.0,0.0,0.0,,27.26,0.0,0.0
2023-02-27,15.643,15.643,15.245,15.576,2572,40061.472,0.0,220.0,0.0,10000.0,,27.26,0.0,0.01
2023-02-28,15.576,15.576,15.046,15.245,7225,110145.125,0.0,4.0,0.0,0.0,,27.26,0.0,0.0
2023-03-01,15.112,15.444,14.582,15.377,14710,226195.67,0.0,0.0,0.0,0.0,,27.26,0.0,0.0
2023-03-02,15.046,15.377,15.046,15.377,6847,105286.319,0.0,0.0,0.0,0.0,,27.26,0.0,0.0
2023-03-03,15.046,15.179,14.98,15.179,3200,48572.8,0.0,0.0,0.0,0.0,,27.26,0.0,0.0
2023-03-06,15.179,15.245,14.913,14.913,15150,225931.95,0.0,0.0,0.0,0.0,,27.26,0.0,0.0
2023-03-07,15.245,15.245,14.847,14.98,13400,200732.0,0.0,0.0,0.0,0.0,,27.26,0.0,0.0
2023-03-08,14.781,15.245,14.648,15.245,7900,120435.5,0.0,0.0,0.0,0.0,,27.26,0.0,0.0
2023-03-09,15.245,15.51,15.046,15.179,22600,343045.4,0.0,0.0,0.0,0.0,,27.26,0.0,0.0
2023-03-10,15.245,15.311,14.98,15.179,5200,78930.8,200.0,0.0,0.0,0.0,,27.26,0.0,0.0
2023-03-13,15.046,15.112,15.046,15.112,8300,125429.6,0.0,0.0,0.0,0.0,,27.26,0.0,0.0
2023-03-14,15.112,15.112,14.582,14.913,14210,211913.73,0.0,0.0,0.0,0.0,,27.26,0.0,0.0
2023-03-15,15.245,15.576,15.179,15.51,88600,1374186.0,0.0,100.0,0.0,0.0,,27.26,0.0,0.0
2023-03-16,15.51,15.576,15.245,15.245,8707,132738.215,100.0,0.0,0.0,0.0,,27.26,0.0,0.0
2023-03-17,14.913,15.576,14.582,15.245,13413,204481.185,0.0,1500.0,0.0,30000.0,,27.26,0.0,0.03
2023-03-20,15.245,15.377,15.112,15.112,4206,63561.072,0.0,0.0,0.0,0.0,,27.26,0.0,0.0
2023-03-21,15.245,15.245,15.046,15.245,3903,59501.235,0.0,0.0,0.0,0.0,,27.26,0.0,0.0
2023-03-22,15.179,15.576,15.179,15.245,12608,192208.96,0.0,0.0,0.0,0.0,,27.26,0.0,0.0
2023-03-23,14.98,15.245,14.98,15.245,3124,47625.38,0.0,0.0,0.0,0.0,,27.26,0.0,0.0
2023-03-24,15.245,15.51,14.98,15.377,9300,143006.1,0.0,0.0,0.0,0.0,,27.26,0.0,0.0
2023-03-27,15.377,15.576,15.377,15.51,4900,75999.0,0.0,0.0,0.0,0.0,,27.26,0.0,0.0
2023-03-28,15.51,15.51,14.98,15.112,10900,164720.8,0.0,3200.0,0.0,70000.0,,27.26,0.0,0.07
2023-03-29,15.179,15.245,15.112,15.112,7000,105784.0,0.0,0.0,0.0,0.0,,27.26,0.0,0.0
2023-03-30,15.311,15.51,15.245,15.311,13400,205167.4,0.0,0.0,0.0,0.0,,27.26,0.0,0.0
2023-03-31,15.179,15.51,15.179,15.311,13000,199043.0,0.0,0.0,0.0,0.0,,27.26,0.0,0.0
2023-04-03,15.51,15.51,15.245,15.245,13932,212393.34,0.0,0.0,0.0,0.0,,27.26,0.0,0.0
2023-04-04,15.112,15.643,15.112,15.444,11800,182239.2,0.0,0.0,0.0,0.0,,27.26,0.0,0.0
2023-04-05,15.576,16.372,15.311,15.974,49051,783540.674,8000.0,12045.0,190000.0,290000.0,,27.26,0.19,0.29
2023-04-06,15.974,16.04,15.908,15.974,8407,134293.418,0.0,0.0,0.0,0.0,,27.26,0.0,0.0
2023-04-07,15.908,15.908,15.576,15.908,9165,145796.82,0.0,0.0,0.0,0.0,,27.26,0.0,0.0
2023-04-10,15.908,16.239,15.908,15.908,55501,882909.9079999999,4000.0,0.0,100000.0,0.0,,27.26,0.1,0.0
2023-04-11,15.908,16.04,15.576,16.04,21243,340737.72,1000.0,0.0,20000.0,0.0,,27.26,0.02,0.0
2023-04-12,15.908,16.239,15.775,16.173,27000,436671.0,0.0,4000.0,0.0,100000.0,,27.26,0.0,0.1
2023-04-13,16.173,16.57,15.709,16.04,11112,178236.47999999998,0.0,0.0,0.0,0.0,,27.26,0.0,0.0
2023-04-14,15.775,16.173,15.643,16.04,14709,235932.36,0.0,0.0,0.0,0.0,,27.26,0.0,0.0
2023-04-17,15.576,16.04,15.576,16.04,1614,25888.56,0.0,0.0,0.0,0.0,,27.26,0.0,0.0
2023-04-18,16.04,16.04,15.908,15.974,12507,199786.818,0.0,0.0,0.0,0.0,,27.26,0.0,0.0
2023-04-19,15.974,15.974,15.709,15.974,6410,102393.34,0.0,0.0,0.0,0.0,,27.26,0.0,0.0
2023-04-20,15.974,16.04,15.775,15.908,26300,418380.4,0.0,19900.0,0.0,480000.0,,27.26,0.0,0.48
2023-04-21,15.908,16.173,15.51,15.709,38606,606461.654,0.0,100.0,0.0,0.0,,27.26,0.0,0.0
2023-04-24,15.908,16.239,15.908,16.106,14509,233681.95400000003,0.0,0.0,0.0,0.0,,27.26,0.0,0.0
2023-04-25,15.908,16.04,15.643,15.974,10607,169436.218,0.0,0.0,0.0,0.0,,27.26,0.0,0.0
2023-04-26,15.908,15.974,15.576,15.908,8806,140085.848,5000.0,0.0,120000.0,0.0,,27.26,0.12,0.0
2023-04-27,15.841,15.908,15.775,15.908,6400,101811.2,0.0,0.0,0.0,0.0,,27.26,0.0,0.0
2023-04-28,15.775,15.775,15.576,15.643,19710,308323.53,0.0,0.0,0.0,0.0,,27.26,0.0,0.0
2023-05-04,15.709,15.841,15.51,15.841,14023,222138.343,0.0,0.0,0.0,0.0,,27.26,0.0,0.0
2023-05-05,16.04,17.366,16.04,17.034,130641,2225338.794,0.0,0.0,0.0,0.0,,27.26,0.0,0.0
2023-05-08,17.034,17.034,16.106,16.902,118316,1999777.032,200.0,4800.0,10000.0,120000.0,,27.26,0.01,0.12
2023-05-09,16.637,16.902,16.438,16.769,47942,803939.3979999999,0.0,5300.0,0.0,130000.0,,27.26,0.0,0.13
2023-05-10,16.769,17.034,16.438,16.438,53205,874583.7899999999,2200.0,0.0,60000.0,0.0,,27.26,0.06,0.0
2023-05-11,16.438,16.902,16.438,16.769,68402,1147033.1379999998,23100.0,8400.0,580000.0,210000.0,,27.26,0.58,0.21
2023-05-12,16.769,16.769,16.305,16.57,69307,1148416.99,200.0,1000.0,0.0,20000.0,,27.26,0.0,0.02
2023-05-15,16.968,16.968,15.908,16.239,76317,1239311.763,24300.0,0.0,600000.0,0.0,,27.26,0.6,0.0
2023-05-16,16.305,16.438,16.239,16.305,17911,292038.855,0.0,0.0,0.0,0.0,,27.26,0.0,0.0
2023-05-17,16.173,16.438,16.173,16.239,45515,739118.0850000001,32400.0,0.0,800000.0,0.0,,27.26,0.8,0.0
2023-05-18,16.239,16.239,16.173,16.173,13013,210459.249,0.0,0.0,0.0,0.0,,27.26,0.0,0.0
2023-05-19,16.173,17.101,16.173,16.239,29798,483889.722,0.0,283.0,0.0,10000.0,,27.26,0.0,0.01
2023-05-22,16.305,16.305,15.974,16.239,53020,860991.78,1400.0,0.0,30000.0,0.0,,27.26,0.03,0.0
2023-05-23,16.239,16.504,15.974,16.372,68400,1119844.8,900.0,0.0,20000.0,0.0,,27.26,0.02,0.0
2023-05-24,16.372,16.372,16.106,16.372,15500,253766.0,0.0,0.0,0.0,0.0,,27.26,0.0,0.0
2023-05-25,16.173,16.239,16.04,16.173,33316,538819.668,0.0,0.0,0.0,0.0,,27.26,0.0,0.0
2023-05-26,16.106,16.372,16.106,16.372,37605,615669.0599999999,1500.0,0.0,40000.0,0.0,,27.26,0.04,0.0
2023-05-29,16.372,16.438,16.239,16.438,29525,485331.95,13000.0,0.0,320000.0,0.0,,27.26,0.32,0.0
2023-05-30,16.438,16.57,16.239,16.239,32700,531015.3,0.0,300.0,0.0,10000.0,,27.26,0.0,0.01
2023-05-31,16.239,16.372,16.239,16.372,11740,192207.28,0.0,100.0,0.0,0.0,,27.26,0.0,0.0
2023-06-01,16.239,16.372,16.173,16.372,19900,325802.8,100.0,0.0,0.0,0.0,,27.26,0.0,0.0
2023-06-02,15.576,16.637,14.781,16.504,56400,930825.6,6400.0,4700.0,160000.0,120000.0,,27.26,0.16,0.12
2023-06-05,16.438,16.703,15.643,16.703,91310,1525150.93,4500.0,0.0,110000.0,0.0,,27.26,0.11,0.0
2023-06-06,16.57,16.902,16.57,16.836,13619,229289.484,400.0,519.0,10000.0,10000.0,,27.26,0.01,0.01
2023-06-07,16.703,16.769,16.438,16.57,23700,392709.0,0.0,0.0,0.0,0.0,,27.26,0.0,0.0
2023-06-08,16.57,16.769,16.438,16.703,23585,393940.255,0.0,85.0,0.0,0.0,,27.26,0.0,0.0
2023-06-09,16.836,16.902,16.57,16.703,22800,380828.4,0.0,0.0,0.0,0.0,,27.26,0.0,0.0
2023-06-12,16.703,16.902,16.504,16.769,40010,670927.69,0.0,0.0,0.0,0.0,,27.26,0.0,0.0
2023-06-13,16.769,16.902,16.769,16.902,32313,546154.326,0.0,0.0,0.0,0.0,,27.26,0.0,0.0
2023-06-14,16.504,17.233,15.974,16.968,24210,410795.28,0.0,0.0,0.0,0.0,,27.26,0.0,0.0
2023-06-15,16.902,16.902,16.637,16.836,16000,269376.0,0.0,0.0,0.0,0.0,,27.26,0.0,0.0
2023-06-16,16.836,17.101,16.769,16.902,22804,385433.208,400.0,200.0,10000.0,10000.0,,27.26,0.01,0.01
2023-06-19,16.57,16.769,16.57,16.703,4300,71822.9,0.0,1800.0,0.0,50000.0,,27.26,0.0,0.05
2023-06-20,16.769,16.769,16.637,16.769,5399,90535.831,0.0,99.0,0.0,0.0,,27.26,0.0,0.0
2023-06-21,16.769,16.902,16.57,16.902,52300,883974.6000000001,0.0,13000.0,0.0,330000.0,,27.26,0.0,0.33
2023-06-22,17.233,17.565,17.233,17.366,56881,987795.446,0.0,0.0,0.0,0.0,,27.26,0.0,0.0
2023-06-23,17.366,17.498,17.233,17.3,28096,486060.8000000001,1690.0,7706.0,40000.0,200000.0,,27.26,0.04,0.2
2023-06-26,17.3,17.565,16.769,17.233,23912,412075.496,0.0,0.0,0.0,0.0,,27.26,0.0,0.0
2023-06-27,17.167,17.233,17.034,17.101,9000,153909.0,0.0,0.0,0.0,0.0,,27.26,0.0,0.0
2023-06-28,17.233,17.233,17.034,17.101,21516,367945.116,0.0,0.0,0.0,0.0,,27.26,0.0,0.0
2023-06-29,17.101,17.101,16.968,17.101,29700,507899.7,0.0,6000.0,0.0,150000.0,,27.26,0.0,0.15
2023-06-30,17.233,17.233,16.968,17.034,33229,566022.786,0.0,229.0,0.0,10000.0,,27.26,0.0,0.01
2023-07-03,17.034,17.366,17.034,17.366,46003,798888.098,0.0,61.0,0.0,0.0,,27.26,0.0,0.0
2023-07-04,17.366,17.432,17.101,17.101,37200,636157.2,0.0,0.0,0.0,0.0,,27.26,0.0,0.0
2023-07-05,17.034,17.233,16.968,17.034,27700,471841.8,100.0,0.0,0.0,0.0,,27.26,0.0,0.0
2023-07-06,17.101,17.101,16.703,16.769,90405,1516001.4449999998,100.0,39000.0,0.0,990000.0,,27.26,0.0,0.99
2023-07-07,16.769,17.432,16.769,17.3,113293,1959968.9,55200.0,15600.0,1410000.0,400000.0,,27.26,1.41,0.4
2023-07-10,17.713,17.782,17.368,17.575,91624,1610291.8,48300.0,200.0,1230000.0,10000.0,,27.26,1.23,0.01
2023-07-11,17.575,17.713,17.506,17.506,45300,793021.8,24300.0,0.0,620000.0,0.0,,27.26,0.62,0.0
2023-07-12,17.575,17.92,17.506,17.851,25384,453129.784,13700.0,30.0,350000.0,0.0,,27.26,0.35,0.0
2023-07-13,17.851,17.989,17.782,17.989,24500,440730.5,10800.0,0.0,280000.0,0.0,,27.26,0.28,0.0
2023-07-14,17.92,18.195,17.92,18.195,26440,481075.8,16000.0,0.0,420000.0,0.0,,27.26,0.42,0.0
2023-07-17,18.195,18.264,18.057,18.057,28700,518235.9,16000.0,2300.0,420000.0,60000.0,,27.26,0.42,0.06
2023-07-18,18.057,18.264,17.713,18.126,30815,558552.6900000001,13100.0,1100.0,340000.0,30000.0,,27.26,0.34,0.03
2023-07-19,18.057,18.953,17.989,18.884,42922,810539.0480000001,19800.0,500.0,530000.0,10000.0,,27.26,0.53,0.01
2023-07-20,18.747,19.091,18.678,18.884,62309,1176643.156,22100.0,0.0,610000.0,0.0,,27.26,0.61,0.0
2023-07-21,18.884,19.022,18.884,19.022,47200,897838.3999999999,0.0,0.0,0.0,0.0,,27.26,0.0,0.0
2023-07-24,19.022,19.022,18.54,18.953,78306,1484133.618,34300.0,1600.0,930000.0,40000.0,,27.26,0.93,0.04
2023-07-25,18.953,18.953,18.678,18.816,30000,564480.0,15500.0,0.0,420000.0,0.0,,27.26,0.42,0.0
2023-07-26,18.747,18.747,18.609,18.747,33501,628043.247,14000.0,0.0,380000.0,0.0,,27.26,0.38,0.0
2023-07-27,18.747,19.022,18.747,18.953,23857,452161.721,12000.0,1000.0,330000.0,30000.0,,27.26,0.33,0.03
2023-07-28,18.953,19.712,18.953,19.367,40809,790347.903,9000.0,0.0,250000.0,0.0,,27.26,0.25,0.0
2023-07-31,19.229,19.849,19.229,19.849,62325,1237088.925,29200.0,0.0,830000.0,0.0,,27.26,0.83,0.0
2023-08-01,19.849,19.849,19.298,19.298,70965,1369482.5699999998,30000.0,0.0,850000.0,0.0,,27.26,0.85,0.0
2023-08-02,19.298,19.298,18.953,19.298,17200,331925.6,7200.0,2400.0,200000.0,70000.0,,27.26,0.2,0.07
2023-08-03,19.022,19.298,18.884,19.298,20065,387214.37,7700.0,17.0,210000.0,0.0,,27.26,0.21,0.0
2023-08-04,18.953,19.436,18.953,19.298,29859,576218.982,14000.0,0.0,390000.0,0.0,,27.26,0.39,0.0
2023-08-07,19.022,19.229,19.022,19.16,35818,686272.88,17018.0,0.0,470000.0,0.0,,27.26,0.47,0.0
2023-08-08,19.091,19.298,19.022,19.298,27500,530695.0,13400.0,500.0,370000.0,10000.0,,27.26,0.37,0.01
2023-08-09,19.298,19.298,18.747,18.747,36011,675098.217,17400.0,0.0,480000.0,0.0,,27.26,0.48,0.0
2023-08-10,18.747,19.298,18.747,18.953,151949,2879889.397,84100.0,0.0,2320000.0,0.0,,27.26,2.32,0.0
2023-08-11,18.953,19.091,18.884,19.091,42100,803731.1000000001,19500.0,0.0,540000.0,0.0,,27.26,0.54,0.0
2023-08-14,19.091,19.091,19.022,19.022,30786,585611.2919999999,17600.0,0.0,490000.0,0.0,,27.26,0.49,0.0
2023-08-15,18.816,19.022,18.609,18.884,34900,659051.6,10000.0,6400.0,270000.0,180000.0,,27.26,0.27,0.18
2023-08-16,18.884,19.091,18.54,19.091,76479,1460060.5890000002,33800.0,0.0,920000.0,0.0,,27.26,0.92,0.0
2023-08-17,18.953,19.091,18.884,19.022,12430,236443.46,6000.0,200.0,170000.0,10000.0,,27.26,0.17,0.01
2023-08-18,19.022,19.229,17.713,18.953,76700,1453695.1,37000.0,2300.0,1010000.0,60000.0,,27.26,1.01,0.06
2023-08-21,18.953,18.953,18.471,18.609,12551,233561.559,5400.0,0.0,150000.0,0.0,,27.26,0.15,0.0
2023-08-22,18.471,18.609,18.333,18.402,37400,688234.8,12100.0,0.0,320000.0,0.0,,27.26,0.32,0.0
2023-08-23,18.609,18.678,18.471,18.609,3516,65429.244000000006,1800.0,200.0,50000.0,10000.0,,27.26,0.05,0.01
2023-08-24,18.609,18.678,18.471,18.609,9700,180507.3,2100.0,0.0,60000.0,0.0,,27.26,0.06,0.0
2023-08-25,18.54,19.022,18.54,19.022,13705,260696.51,1000.0,0.0,30000.0,0.0,,27.26,0.03,0.0
2023-08-28,18.884,19.022,18.884,18.884,7201,135983.684,3000.0,0.0,80000.0,0.0,,27.26,0.08,0.0
2023-08-29,18.953,19.298,18.953,19.298,54929,1060019.842,34600.0,7000.0,960000.0,190000.0,,27.26,0.96,0.19
2023-08-30,19.298,19.643,19.298,19.574,36218,708931.1320000001,15600.0,0.0,440000.0,0.0,,27.26,0.44,0.0
2023-08-31,19.574,19.712,19.505,19.574,17951,351372.874,12700.0,0.0,360000.0,0.0,,27.26,0.36,0.0
2023-09-05,19.229,19.574,19.16,19.574,237928,4657202.672,117300.0,28200.0,3290000.0,790000.0,,27.26,3.29,0.79
2023-09-06,19.505,19.643,19.505,19.643,11610,228055.23,7700.0,0.0,220000.0,0.0,,27.26,0.22,0.0
2023-09-07,19.78,19.849,19.643,19.849,36901,732447.949,18100.0,0.0,520000.0,0.0,,27.26,0.52,0.0
2023-09-08,19.849,20.676,19.849,20.539,92442,1898666.238,32800.0,215.0,970000.0,10000.0,,27.26,0.97,0.01
2023-09-11,20.125,20.47,19.987,19.987,36600,731524.2,15400.0,0.0,450000.0,0.0,,27.26,0.45,0.0
2023-09-12,19.643,20.539,19.643,20.401,33000,673233.0,25300.0,0.0,740000.0,0.0,,27.26,0.74,0.0
2023-09-13,20.676,20.676,20.194,20.194,52930,1068868.42,34700.0,0.0,1030000.0,0.0,,27.26,1.03,0.0
2023-09-14,20.194,20.194,19.849,19.849,30803,611408.747,14300.0,3.0,410000.0,0.0,,27.26,0.41,0.0
2023-09-15,20.332,20.47,20.263,20.401,58802,1199619.602,33500.0,0.0,990000.0,0.0,,27.26,0.99,0.0
2023-09-18,20.332,20.401,20.194,20.332,15200,309046.4,9000.0,0.0,260000.0,0.0,,27.26,0.26,0.0
2023-09-19,20.194,20.194,19.987,20.194,109300,2207204.2,27600.0,18500.0,810000.0,540000.0,,27.26,0.81,0.54
2023-09-20,20.194,20.539,20.125,20.401,63735,1300257.735,42900.0,0.0,1270000.0,0.0,,27.26,1.27,0.0
2023-09-21,20.194,20.401,19.987,20.401,40401,824220.801,0.0,3000.0,0.0,90000.0,,27.26,0.0,0.09
2023-09-22,19.987,20.194,19.918,20.125,38206,768895.75,100.0,0.0,0.0,0.0,,27.26,0.0,0.0
2023-09-25,19.918,20.056,19.643,19.918,21624,430706.832,0.0,24.0,0.0,0.0,,27.26,0.0,0.0
2023-09-26,19.918,19.918,19.367,19.643,43407,852643.701,0.0,0.0,0.0,0.0,,27.26,0.0,0.0
2023-09-27,19.229,19.298,18.953,18.953,36025,682781.825,0.0,0.0,0.0,0.0,,27.26,0.0,0.0
2023-09-28,18.953,19.436,18.953,19.298,6200,119647.6,0.0,0.0,0.0,0.0,,27.26,0.0,0.0
2023-09-29,19.298,19.436,18.953,19.436,16200,314863.2,0.0,0.0,0.0,0.0,,27.26,0.0,0.0
2023-10-02,19.298,19.298,19.298,19.298,1000,19298.0,0.0,0.0,0.0,0.0,,27.26,0.0,0.0
2023-10-03,18.953,19.229,18.953,19.229,3400,65378.6,0.0,0.0,0.0,0.0,,27.26,0.0,0.0
2023-10-04,19.229,19.229,18.884,19.022,16100,306254.19999999995,600.0,0.0,20000.0,0.0,,27.26,0.02,0.0
2023-10-05,18.953,19.022,18.953,19.022,3600,68479.2,0.0,0.0,0.0,0.0,,27.26,0.0,0.0
2023-10-06,19.022,19.022,18.884,18.884,26100,492872.4,0.0,0.0,0.0,0.0,,27.26,0.0,0.0
2023-10-09,18.884,19.16,18.884,19.16,400,7664.0,0.0,0.0,0.0,0.0,,27.26,0.0,0.0
2023-10-10,19.16,19.16,19.022,19.16,18303,350685.48,0.0,0.0,0.0,0.0,,27.26,0.0,0.0
2023-10-11,19.16,19.298,19.16,19.298,13110,252996.78,0.0,0.0,0.0,0.0,,27.26,0.0,0.0
2023-10-12,19.298,19.367,19.298,19.367,11000,213037.0,0.0,0.0,0.0,0.0,,27.26,0.0,0.0
2023-10-13,19.505,19.505,18.953,19.436,41800,812424.8,0.0,0.0,0.0,0.0,,27.26,0.0,0.0
2023-10-16,19.436,19.505,19.298,19.298,15703,303036.49399999995,600.0,0.0,20000.0,0.0,,27.26,0.02,0.0
2023-10-17,19.298,19.643,19.298,19.436,22211,431692.996,0.0,0.0,0.0,0.0,,27.26,0.0,0.0
2023-10-18,19.298,19.367,18.953,19.229,39300,755699.7,0.0,3600.0,0.0,100000.0,,27.26,0.0,0.1
2023-10-19,19.305,19.305,18.245,18.85,6432,121243.2,0.0,0.0,0.0,0.0,,27.26,0.0,0.0
2023-10-20,18.926,18.926,18.321,18.85,85633,1614182.05,0.0,0.0,0.0,0.0,,27.26,0.0,0.0
2023-10-23,18.85,18.85,18.775,18.775,217,4074.175,0.0,100.0,0.0,0.0,,27.26,0.0,0.0
2023-10-24,18.775,18.775,18.396,18.775,12000,225300.0,0.0,2500.0,0.0,60000.0,,27.26,0.0,0.06
2023-10-25,18.321,18.775,18.321,18.623,3100,57731.3,0.0,0.0,0.0,0.0,,27.26,0.0,0.0
2023-10-26,18.245,18.245,18.018,18.169,11324,205745.756,0.0,0.0,0.0,0.0,,27.26,0.0,0.0
2023-10-27,18.169,18.169,17.791,17.791,3100,55152.1,0.0,1100.0,0.0,30000.0,,27.26,0.0,0.03
2023-10-30,17.563,18.169,17.412,17.791,16819,299226.829,0.0,700.0,0.0,20000.0,,27.26,0.0,0.02
2023-10-31,17.791,17.866,17.412,17.488,17200,300793.6,200.0,0.0,0.0,0.0,,27.26,0.0,0.0
2023-11-01,17.488,17.791,16.655,17.715,25426,450421.59,0.0,200.0,0.0,0.0,,27.26,0.0,0.0
2023-11-02,17.942,18.018,17.791,18.018,4600,82882.8,0.0,100.0,0.0,0.0,,27.26,0.0,0.0
2023-11-03,18.018,18.018,17.791,18.018,1500,27027.0,0.0,200.0,0.0,0.0,,27.26,0.0,0.0
2023-11-06,18.169,18.396,17.791,17.866,6600,117915.6,0.0,2000.0,0.0,50000.0,,27.26,0.0,0.05
2023-11-07,18.169,18.169,17.942,17.942,3400,61002.8,0.0,2200.0,0.0,50000.0,,27.26,0.0,0.05
2023-11-08,17.866,18.018,17.791,18.018,11600,209008.8,0.0,2700.0,0.0,60000.0,,27.26,0.0,0.06
2023-11-09,18.018,18.245,17.791,18.169,13400,243464.6,0.0,300.0,0.0,10000.0,,27.26,0.0,0.01
2023-11-10,18.169,18.169,17.791,18.093,9721,175882.053,0.0,2000.0,0.0,50000.0,,27.26,0.0,0.05
2023-11-13,17.791,18.093,17.488,18.018,27730,499639.14,0.0,0.0,0.0,0.0,,27.26,0.0,0.0
2023-11-14,18.169,18.169,17.866,17.942,5100,91504.2,0.0,0.0,0.0,0.0,,27.26,0.0,0.0
2023-11-15,17.942,18.169,17.942,17.942,2701,48461.342,0.0,1000.0,0.0,20000.0,,27.26,0.0,0.02
2023-11-16,17.942,18.018,17.942,18.018,6830,123062.94,2000.0,0.0,50000.0,0.0,,27.26,0.05,0.0
2023-11-17,18.018,18.018,17.942,18.018,4100,73873.8,100.0,0.0,0.0,0.0,,27.26,0.0,0.0
2023-11-20,17.791,18.018,17.715,18.018,5700,102702.6,0.0,2400.0,0.0,60000.0,,27.26,0.0,0.06
2023-11-21,17.791,18.018,17.791,18.018,2100,37837.8,0.0,0.0,0.0,0.0,,27.26,0.0,0.0
2023-11-22,17.791,17.791,17.791,17.791,2420,43054.22,0.0,0.0,0.0,0.0,,27.26,0.0,0.0
2023-11-23,17.715,17.715,17.563,17.563,16703,293354.789,0.0,0.0,0.0,0.0,,27.26,0.0,0.0
2023-11-24,17.563,17.791,16.958,17.791,11910,211890.81,0.0,0.0,0.0,0.0,,27.26,0.0,0.0
2023-11-27,17.185,17.488,17.185,17.412,11100,193273.2,0.0,0.0,0.0,0.0,,27.26,0.0,0.0
2023-11-28,17.639,17.639,17.412,17.563,2200,38638.6,0.0,0.0,0.0,0.0,,27.26,0.0,0.0
2023-11-29,17.563,17.563,17.336,17.488,4400,76947.2,0.0,0.0,0.0,0.0,,27.26,0.0,0.0
2023-11-30,17.488,17.639,17.412,17.488,29911,523083.568,0.0,0.0,0.0,0.0,,27.26,0.0,0.0
2023-12-01,17.488,17.791,17.488,17.791,1700,30244.7,0.0,0.0,0.0,0.0,,27.26,0.0,0.0
2023-12-04,17.791,17.866,17.715,17.791,24620,438014.42,0.0,0.0,0.0,0.0,,27.26,0.0,0.0
2023-12-05,17.791,17.866,17.791,17.866,3000,53598.0,0.0,0.0,0.0,0.0,,27.26,0.0,0.0
2023-12-06,17.791,17.866,17.715,17.866,4700,83970.2,0.0,1000.0,0.0,20000.0,,27.26,0.0,0.02
2023-12-07,17.866,17.866,17.715,17.791,1910,33980.81,0.0,0.0,0.0,0.0,,27.26,0.0,0.0
2023-12-08,17.639,17.866,17.563,17.866,11554,206423.764,20.0,0.0,0.0,0.0,,27.26,0.0,0.0
2023-12-11,17.715,17.866,17.563,17.866,1646,29407.436,0.0,0.0,0.0,0.0,,27.26,0.0,0.0
2023-12-12,17.639,17.639,17.412,17.412,40600,706927.2,1000.0,0.0,20000.0,0.0,,27.26,0.02,0.0
2023-12-13,17.866,17.866,17.412,17.563,3220,56552.85999999999,0.0,0.0,0.0,0.0,,27.26,0.0,0.0
2023-12-14,17.563,17.563,17.563,17.563,600,10537.8,0.0,0.0,0.0,0.0,,27.26,0.0,0.0
2023-12-15,17.563,17.639,17.412,17.639,5630,99307.57,0.0,0.0,0.0,0.0,,27.26,0.0,0.0
2023-12-18,17.639,17.639,17.185,17.185,6475,111272.875,0.0,4190.0,0.0,100000.0,,27.26,0.0,0.1
2023-12-19,17.488,17.488,17.034,17.034,4500,76653.0,0.0,0.0,0.0,0.0,,27.26,0.0,0.0
2023-12-20,17.109,17.336,17.109,17.336,1204,20872.544,0.0,0.0,0.0,0.0,,27.26,0.0,0.0
2023-12-21,17.261,17.261,17.261,17.261,301,5195.561,300.0,0.0,10000.0,0.0,,27.26,0.01,0.0
2023-12-22,17.412,17.412,17.261,17.412,7510,130764.12,0.0,400.0,0.0,10000.0,,27.26,0.0,0.01
2023-12-25,17.412,17.412,17.185,17.336,23508,407534.688,0.0,6850.0,0.0,160000.0,,27.26,0.0,0.16
2023-12-26,17.336,17.412,17.261,17.412,6180,107606.16,0.0,80.0,0.0,0.0,,27.26,0.0,0.0
2023-12-27,17.336,17.336,16.806,16.806,63353,1064710.5180000002,0.0,9220.0,0.0,210000.0,,27.26,0.0,0.21
2023-12-28,16.958,17.261,16.958,17.034,22910,390248.94,0.0,3900.0,0.0,90000.0,,27.26,0.0,0.09
2023-12-29,17.034,17.034,16.958,17.034,17522,298469.748,1900.0,0.0,40000.0,0.0,,27.26,0.04,0.0
2024-01-02,17.185,17.185,17.034,17.109,11940,204281.46,0.0,0.0,0.0,0.0,,27.26,0.0,0.0
2024-01-03,17.109,17.185,17.034,17.185,8317,142927.645,0.0,0.0,0.0,0.0,,27.26,0.0,0.0
2024-01-04,17.109,17.185,17.109,17.185,20710,355901.35,0.0,0.0,0.0,0.0,,27.26,0.0,0.0
2024-01-05,17.185,17.336,17.185,17.261,15472,267062.192,1400.0,100.0,30000.0,0.0,,27.26,0.03,0.0
2024-01-08,17.336,17.563,17.336,17.488,33011,577296.368,200.0,300.0,0.0,10000.0,,27.26,0.0,0.01
2024-01-09,17.488,17.639,17.488,17.639,3361,59284.679,750.0,0.0,20000.0,0.0,,27.26,0.02,0.0
2024-01-10,17.639,17.639,17.563,17.563,3900,68495.7,0.0,0.0,0.0,0.0,,27.26,0.0,0.0
2024-01-11,17.639,17.791,17.639,17.791,17872,317960.752,1000.0,500.0,20000.0,10000.0,,27.26,0.02,0.01
2024-01-12,17.715,17.942,17.488,17.639,14682,258975.798,0.0,1490.0,0.0,30000.0,,27.26,0.0,0.03
2024-01-15,17.639,17.791,17.109,17.109,37900,648431.1000000001,0.0,0.0,0.0,0.0,,27.26,0.0,0.0
2024-01-16,17.185,17.185,16.958,17.109,10420,178275.78000000003,0.0,0.0,0.0,0.0,,27.26,0.0,0.0
2024-01-17,17.109,17.261,17.109,17.261,3500,60413.5,0.0,0.0,0.0,0.0,,27.26,0.0,0.0
2024-01-18,17.336,17.488,17.336,17.488,11573,202388.624,200.0,0.0,0.0,0.0,,27.26,0.0,0.0
2024-01-19,17.488,17.715,17.412,17.412,5766,100397.592,300.0,220.0,10000.0,10000.0,,27.26,0.01,0.01
2024-01-22,17.412,17.412,17.261,17.261,11670,201435.87,0.0,0.0,0.0,0.0,,27.26,0.0,0.0
2024-01-23,17.261,17.488,17.261,17.488,7125,124602.0,0.0,100.0,0.0,0.0,,27.26,0.0,0.0
2024-01-24,17.412,17.563,17.412,17.488,5100,89188.8,0.0,0.0,0.0,0.0,,27.26,0.0,0.0
2024-01-25,17.412,17.488,17.185,17.261,7156,123519.716,0.0,0.0,0.0,0.0,,27.26,0.0,0.0
2024-01-26,17.261,17.412,17.261,17.261,11820,204025.02,0.0,0.0,0.0,0.0,,27.26,0.0,0.0
2024-01-29,17.336,17.639,17.336,17.488,1917,33524.496,100.0,0.0,0.0,0.0,,27.26,0.0,0.0
2024-01-30,17.563,17.639,17.412,17.412,16110,280507.32,0.0,0.0,0.0,0.0,,27.26,0.0,0.0
2024-01-31,17.563,17.563,17.336,17.488,10230,178902.24,100.0,0.0,0.0,0.0,,27.26,0.0,0.0
2024-02-01,17.488,17.488,17.261,17.336,29860,517652.96,0.0,0.0,0.0,0.0,,27.26,0.0,0.0
2024-02-02,17.336,17.639,17.336,17.639,4802,84702.478,0.0,0.0,0.0,0.0,,27.26,0.0,0.0
2024-02-05,17.639,17.942,17.639,17.791,13049,232154.759,0.0,0.0,0.0,0.0,,27.26,0.0,0.0
2024-02-06,17.791,17.791,17.639,17.715,11300,200179.5,0.0,0.0,0.0,0.0,,27.26,0.0,0.0
2024-02-07,17.639,17.866,17.639,17.791,8820,156916.62,0.0,0.0,0.0,0.0,,27.26,0.0,0.0
2024-02-15,17.639,17.866,17.639,17.866,18649,333183.034,0.0,400.0,0.0,10000.0,,27.26,0.0,0.01
2024-02-16,17.866,17.866,17.866,17.866,8081,144375.146,0.0,0.0,0.0,0.0,,27.26,0.0,0.0
2024-02-19,18.018,18.093,17.942,18.093,15727,284548.611,100.0,0.0,0.0,0.0,,27.26,0.0,0.0
2024-02-20,18.093,18.093,17.942,18.018,14891,268306.038,300.0,10.0,10000.0,0.0,,27.26,0.01,0.0
2024-02-21,18.018,18.093,17.866,18.018,11500,207207.0,0.0,0.0,0.0,0.0,,27.26,0.0,0.0
2024-02-22,17.942,18.018,17.942,18.018,8400,151351.2,0.0,0.0,0.0,0.0,,27.26,0.0,0.0
2024-02-23,17.942,18.018,17.791,17.791,32094,570984.354,0.0,340.0,0.0,10000.0,,27.26,0.0,0.01
2024-02-26,17.791,17.866,17.715,17.866,4200,75037.2,0.0,1000.0,0.0,20000.0,,27.26,0.0,0.02
2024-02-27,17.866,18.321,17.791,18.321,7010,128430.21,0.0,0.0,0.0,0.0,,27.26,0.0,0.0
2024-02-28,18.169,18.775,18.169,18.396,44143,812054.628,100.0,550.0,0.0,10000.0,,27.26,0.0,0.01
2024-02-29,18.245,18.623,18.245,18.623,21236,395478.0280000001,800.0,0.0,20000.0,0.0,,27.26,0.02,0.0
2024-03-01,18.321,18.699,18.245,18.548,7187,133304.476,0.0,100.0,0.0,0.0,,27.26,0.0,0.0
2024-03-04,18.548,18.623,18.548,18.548,2714,50339.272,100.0,0.0,0.0,0.0,,27.26,0.0,0.0
2024-03-05,18.548,18.548,17.791,18.093,13254,239804.622,100.0,8000.0,0.0,190000.0,,27.26,0.0,0.19
2024-03-06,18.093,18.472,18.018,18.093,7810,141306.33,0.0,10.0,0.0,0.0,,27.26,0.0,0.0
2024-03-07,18.396,18.396,18.245,18.396,13910,255888.36,0.0,0.0,0.0,0.0,,27.26,0.0,0.0
2024-03-08,18.396,18.472,18.169,18.396,18820,346212.72000000003,0.0,1000.0,0.0,20000.0,,27.26,0.0,0.02
2024-03-11,18.169,18.321,17.942,18.169,8330,151347.77,0.0,0.0,0.0,0.0,,27.26,0.0,0.0
2024-03-12,18.018,18.245,17.866,18.169,21820,396447.58,0.0,0.0,0.0,0.0,,27.26,0.0,0.0
2024-03-13,18.169,18.169,17.942,18.169,15498,281583.162,0.0,1560.0,0.0,40000.0,,27.26,0.0,0.04
2024-03-14,18.018,18.321,18.018,18.169,13908,252694.452,0.0,0.0,0.0,0.0,,27.26,0.0,0.0
2024-03-15,18.245,18.245,18.093,18.169,17860,324498.34,0.0,0.0,0.0,0.0,,27.26,0.0,0.0
2024-03-18,18.169,18.245,18.018,18.018,10590,190810.62,0.0,0.0,0.0,0.0,,27.26,0.0,0.0
2024-03-19,18.093,18.169,18.018,18.018,7320,131891.76,0.0,0.0,0.0,0.0,,27.26,0.0,0.0
2024-03-20,18.018,18.093,17.942,17.942,23024,413096.608,0.0,0.0,0.0,0.0,,27.26,0.0,0.0
2024-03-21,18.245,18.245,18.169,18.245,7057,128754.965,0.0,0.0,0.0,0.0,,27.26,0.0,0.0
2024-03-22,18.245,18.245,18.093,18.245,15456,281994.72000000003,0.0,0.0,0.0,0.0,,27.26,0.0,0.0
2024-03-25,18.169,18.245,18.093,18.245,9645,175973.02500000002,0.0,0.0,0.0,0.0,,27.26,0.0,0.0
2024-03-26,18.245,18.245,18.018,18.169,8020,145715.38,0.0,200.0,0.0,0.0,,27.26,0.0,0.0
2024-03-27,18.018,18.321,18.018,18.321,1822,33380.862,0.0,0.0,0.0,0.0,,27.26,0.0,0.0
2024-03-28,18.321,18.321,18.093,18.321,9962,182513.80200000005,0.0,0.0,0.0,0.0,,27.26,0.0,0.0
2024-03-29,18.245,18.623,18.245,18.623,19631,365588.113,0.0,0.0,0.0,0.0,,27.26,0.0,0.0
2024-04-01,18.623,18.623,18.472,18.623,17910,333537.93,400.0,0.0,10000.0,0.0,,27.26,0.01,0.0
2024-04-02,18.548,18.775,18.472,18.623,42420,789987.66,1000.0,0.0,20000.0,0.0,,27.26,0.02,0.0
2024-04-03,18.623,18.85,18.623,18.775,31450,590473.75,8900.0,5200.0,220000.0,130000.0,,27.26,0.22,0.13
2024-04-04,19.078,19.683,18.548,18.775,22695,426098.625,6000.0,100.0,150000.0,0.0,,27.26,0.15,0.0
2024-04-05,18.699,18.775,18.472,18.472,12136,224176.192,0.0,300.0,0.0,10000.0,,27.26,0.0,0.01
2024-04-08,18.472,18.548,17.791,18.018,20754,373945.572,0.0,500.0,0.0,10000.0,,27.26,0.0,0.01
2024-04-09,18.093,18.472,18.093,18.472,2100,38791.2,0.0,0.0,0.0,0.0,,27.26,0.0,0.0
2024-04-10,18.093,18.472,18.093,18.472,4113,75975.33600000001,0.0,500.0,0.0,10000.0,,27.26,0.0,0.01
2024-04-11,18.472,18.472,18.169,18.396,3030,55739.880000000005,0.0,0.0,0.0,0.0,,27.26,0.0,0.0
2024-04-12,18.396,18.396,18.169,18.169,20700,376098.3,0.0,0.0,0.0,0.0,,27.26,0.0,0.0
2024-04-15,18.169,18.169,17.639,17.639,46100,813157.9,0.0,8900.0,0.0,210000.0,,27.26,0.0,0.21
2024-04-16,17.715,17.715,17.412,17.715,84301,1493392.215,0.0,0.0,0.0,0.0,,27.26,0.0,0.0
2024-04-17,17.715,17.791,17.488,17.488,8900,155643.19999999998,0.0,0.0,0.0,0.0,,27.26,0.0,0.0
2024-04-19,17.412,17.488,17.261,17.336,36839,638640.904,1500.0,0.0,30000.0,0.0,,27.26,0.03,0.0
2024-04-22,17.412,17.488,17.336,17.488,28262,494245.856,100.0,0.0,0.0,0.0,,27.26,0.0,0.0
2024-04-23,17.488,17.563,17.488,17.563,24719,434139.797,0.0,0.0,0.0,0.0,,27.26,0.0,0.0
2024-04-24,17.639,17.942,17.488,17.715,23740,420554.1,0.0,0.0,0.0,0.0,,27.26,0.0,0.0
2024-04-25,17.942,17.942,17.791,17.942,8600,154301.2,0.0,100.0,0.0,0.0,,27.26,0.0,0.0
2024-04-26,17.942,17.942,17.488,17.488,32900,575355.2,0.0,0.0,0.0,0.0,,27.26,0.0,0.0
2024-05-02,17.488,17.639,17.412,17.639,36076,636344.564,200.0,9300.0,0.0,210000.0,,27.26,0.0,0.21
2024-05-03,17.488,18.018,17.488,18.018,5287,95261.166,0.0,200.0,0.0,0.0,,27.26,0.0,0.0
2024-05-06,18.093,18.169,18.018,18.093,14427,261027.711,0.0,0.0,0.0,0.0,,27.26,0.0,0.0
2024-05-07,18.245,18.245,18.018,18.093,13999,253283.907,100.0,0.0,0.0,0.0,,27.26,0.0,0.0
2024-05-08,18.018,18.321,18.018,18.321,10451,191472.771,0.0,0.0,0.0,0.0,,27.26,0.0,0.0
2024-05-09,18.321,18.321,18.321,18.321,6155,112765.755,0.0,200.0,0.0,0.0,,27.26,0.0,0.0
2024-05-10,18.396,18.548,18.321,18.321,7400,135575.40000000002,0.0,0.0,0.0,0.0,,27.26,0.0,0.0
2024-05-13,18.321,18.321,18.169,18.245,9220,168218.90000000002,0.0,200.0,0.0,0.0,,27.26,0.0,0.0
2024-05-14,18.245,18.245,18.093,18.245,6380,116403.1,0.0,200.0,0.0,0.0,,27.26,0.0,0.0
2024-05-15,18.169,18.245,18.093,18.093,9372,169567.596,700.0,0.0,20000.0,0.0,,27.26,0.02,0.0
2024-05-16,18.245,18.245,18.169,18.245,20500,374022.5,400.0,0.0,10000.0,0.0,,27.26,0.01,0.0
2024-05-17,18.396,18.396,18.245,18.245,3670,66959.15000000001,0.0,820.0,0.0,20000.0,,27.26,0.0,0.02
2024-05-20,18.321,18.699,18.245,18.699,34750,649790.25,0.0,0.0,0.0,0.0,,27.26,0.0,0.0
2024-05-21,18.775,18.775,18.321,18.699,24200,452515.8000000001,400.0,400.0,10000.0,10000.0,,27.26,0.01,0.01
2024-05-22,18.699,18.699,18.548,18.699,6603,123469.49700000002,0.0,250.0,0.0,10000.0,,27.26,0.0,0.01
2024-05-23,18.699,19.229,18.699,19.153,43966,842080.798,900.0,850.0,20000.0,20000.0,,27.26,0.02,0.02
2024-05-24,19.608,19.835,18.85,18.85,55559,1047287.15,200.0,400.0,10000.0,10000.0,,27.26,0.01,0.01
2024-05-27,18.85,19.38,18.396,19.305,55962,1080346.41,200.0,0.0,0.0,0.0,,27.26,0.0,0.0
2024-05-28,19.38,19.683,19.38,19.456,41971,816587.776,0.0,700.0,0.0,20000.0,,27.26,0.0,0.02
2024-05-29,19.456,19.456,19.078,19.305,19850,383204.25,2500.0,0.0,60000.0,0.0,,27.26,0.06,0.0
2024-05-30,19.305,19.38,18.926,19.305,24010,463513.05,1000.0,1100.0,30000.0,30000.0,,27.26,0.03,0.03
2024-05-31,19.456,19.456,19.078,19.38,16037,310797.06,0.0,0.0,0.0,0.0,,27.26,0.0,0.0
2024-06-03,19.683,19.683,19.38,19.683,18495,364037.085,2200.0,0.0,60000.0,0.0,,27.26,0.06,0.0
2024-06-04,19.532,19.683,19.305,19.683,29546,581553.918,100.0,3500.0,0.0,90000.0,,27.26,0.0,0.09
2024-06-05,19.683,20.062,19.608,19.835,64684,1283007.14,2000.0,0.0,50000.0,0.0,,27.26,0.05,0.0
2024-06-06,19.835,19.835,19.456,19.608,25970,509219.76,0.0,200.0,0.0,10000.0,,27.26,0.0,0.01
2024-06-07,19.38,19.835,19.305,19.608,21740,426277.92,200.0,10.0,10000.0,0.0,,27.26,0.01,0.0
2024-06-10,19.683,19.683,19.153,19.456,12730,247674.88,0.0,0.0,0.0,0.0,,27.26,0.0,0.0
2024-06-11,19.456,19.532,19.305,19.532,65216,1273798.912,1000.0,0.0,30000.0,0.0,,27.26,0.03,0.0
2024-06-12,19.608,19.986,19.456,19.759,51700,1021540.3,200.0,0.0,10000.0,0.0,,27.26,0.01,0.0
2024-06-13,19.986,20.137,19.835,20.062,19615,393516.13,3700.0,0.0,100000.0,0.0,,27.26,0.1,0.0
2024-06-14,20.062,20.062,19.683,19.91,10400,207064.0,300.0,600.0,10000.0,20000.0,,27.26,0.01,0.02
2024-06-17,19.91,19.91,19.153,19.683,13650,268672.95,900.0,600.0,20000.0,20000.0,,27.26,0.02,0.02
2024-06-18,19.683,19.835,19.683,19.683,7441,146461.203,2000.0,0.0,50000.0,0.0,,27.26,0.05,0.0
2024-06-19,19.759,19.91,19.38,19.759,20340,401898.06,300.0,5000.0,10000.0,130000.0,,27.26,0.01,0.13
2024-06-20,19.986,20.062,19.835,19.986,23145,462575.97,100.0,0.0,0.0,0.0,,27.26,0.0,0.0
2024-06-21,20.062,20.516,19.986,20.213,55243,1116626.759,200.0,2000.0,10000.0,50000.0,,27.26,0.01,0.05
2024-06-24,20.213,20.213,19.456,19.456,55809,1085819.904,1200.0,2700.0,30000.0,70000.0,,27.26,0.03,0.07
2024-06-25,19.456,19.759,19.305,19.759,12611,249180.749,0.0,400.0,0.0,10000.0,,27.26,0.0,0.01
2024-06-26,19.683,19.759,19.532,19.759,3520,69551.68000000001,0.0,0.0,0.0,0.0,,27.26,0.0,0.0
2024-06-27,19.759,20.819,19.759,19.759,43300,855564.7000000001,1300.0,1300.0,30000.0,30000.0,,27.26,0.03,0.03
2024-06-28,19.608,19.683,19.38,19.608,25151,493160.808,1300.0,0.0,30000.0,0.0,,27.26,0.03,0.0
2024-07-01,19.532,19.608,19.078,19.608,20850,408826.8,20.0,100.0,0.0,0.0,,27.26,0.0,0.0
2024-07-02,19.608,19.759,19.305,19.683,14709,289517.247,0.0,0.0,0.0,0.0,,27.26,0.0,0.0
2024-07-03,19.456,19.683,19.456,19.683,12600,248005.8,0.0,0.0,0.0,0.0,,27.26,0.0,0.0
2024-07-04,19.456,19.683,19.456,19.532,10400,203132.8,0.0,0.0,0.0,0.0,,27.26,0.0,0.0
2024-07-05,19.608,19.683,19.456,19.532,15110,295128.52,0.0,2600.0,0.0,70000.0,,27.26,0.0,0.07
2024-07-08,19.532,19.683,19.456,19.532,5451,106468.932,400.0,0.0,10000.0,0.0,,27.26,0.01,0.0
2024-07-09,19.532,19.91,19.532,19.608,10748,210746.784,500.0,0.0,10000.0,0.0,,27.26,0.01,0.0
2024-07-10,19.91,19.91,19.608,19.608,14747,289159.17600000004,2800.0,0.0,70000.0,0.0,,27.26,0.07,0.0
2024-07-11,19.683,19.759,19.683,19.759,4400,86939.6,0.0,0.0,0.0,0.0,,27.26,0.0,0.0
2024-07-12,19.759,19.759,19.456,19.683,11903,234286.749,100.0,0.0,0.0,0.0,,27.26,0.0,0.0
2024-07-15,19.759,19.759,19.608,19.608,8178,160354.22400000002,0.0,0.0,0.0,0.0,,27.26,0.0,0.0
2024-07-16,19.38,19.759,19.38,19.683,21470,422594.01,300.0,300.0,10000.0,10000.0,,27.26,0.01,0.01
2024-07-17,19.683,19.759,19.38,19.38,22850,442833.0,100.0,100.0,0.0,0.0,,27.26,0.0,0.0
2024-07-18,19.38,19.532,19.305,19.532,14351,280303.732,0.0,0.0,0.0,0.0,,27.26,0.0,0.0
2024-07-19,19.532,19.532,19.532,19.532,8101,158228.732,0.0,0.0,0.0,0.0,,27.26,0.0,0.0
2024-07-22,19.456,19.608,19.153,19.532,11701,228543.932,0.0,400.0,0.0,10000.0,,27.26,0.0,0.01
2024-07-23,19.229,19.456,19.153,19.456,11149,216914.944,0.0,0.0,0.0,0.0,,27.26,0.0,0.0
2024-07-24,19.456,19.456,19.153,19.456,22640,440483.84,200.0,0.0,10000.0,0.0,,27.26,0.01,0.0
2024-07-25,19.456,19.456,19.153,19.456,4512,87785.472,0.0,0.0,0.0,0.0,,27.26,0.0,0.0
2024-07-26,19.683,19.683,19.456,19.456,18000,350208.0,1000.0,0.0,30000.0,0.0,,27.26,0.03,0.0
2024-07-29,19.683,19.683,19.456,19.532,19302,377006.664,0.0,200.0,0.0,10000.0,,27.26,0.0,0.01
2024-07-30,19.532,19.683,19.532,19.608,8260,161962.08000000002,0.0,0.0,0.0,0.0,,27.26,0.0,0.0
2024-07-31,19.608,19.683,19.608,19.683,6125,120558.375,0.0,0.0,0.0,0.0,,27.26,0.0,0.0
2024-08-01,19.456,19.532,19.305,19.305,10700,206563.5,0.0,0.0,0.0,0.0,,27.26,0.0,0.0
2024-08-02,19.305,19.38,19.305,19.305,30000,579150.0,0.0,3800.0,0.0,100000.0,,27.26,0.0,0.1
2024-08-05,19.305,19.305,18.926,18.926,39400,745684.3999999999,600.0,0.0,20000.0,0.0,,27.26,0.02,0.0
2024-08-06,19.002,19.153,18.926,19.078,14616,278844.048,200.0,0.0,10000.0,0.0,,27.26,0.01,0.0
2024-08-07,19.153,19.153,19.002,19.002,3600,68407.2,100.0,0.0,0.0,0.0,,27.26,0.0,0.0
2024-08-08,19.002,19.153,19.002,19.002,9000,171018.0,0.0,0.0,0.0,0.0,,27.26,0.0,0.0
2024-08-09,19.002,19.002,18.169,19.002,108100,2054116.2,300.0,0.0,10000.0,0.0,,27.26,0.01,0.0
2024-08-12,19.002,19.078,19.002,19.078,6817,130054.726,0.0,0.0,0.0,0.0,,27.26,0.0,0.0
2024-08-13,19.078,19.078,19.078,19.078,1338,25526.364,0.0,0.0,0.0,0.0,,27.26,0.0,0.0
2024-08-14,19.153,19.229,19.153,19.153,1813,34724.389,0.0,0.0,0.0,0.0,,27.26,0.0,0.0
2024-08-15,19.078,19.153,19.002,19.078,4239,80871.64199999999,0.0,800.0,0.0,20000.0,,27.26,0.0,0.02
2024-08-16,19.002,19.456,19.002,19.456,26500,515584.0,300.0,100.0,10000.0,0.0,,27.26,0.01,0.0
2024-08-19,19.38,19.456,19.229,19.456,6541,127261.696,0.0,4000.0,0.0,100000.0,,27.26,0.0,0.1
2024-08-20,19.153,19.456,19.153,19.456,15849,308358.144,500.0,6140.0,10000.0,160000.0,,27.26,0.01,0.16
2024-08-21,19.229,19.608,19.229,19.608,22927,449552.616,0.0,0.0,0.0,0.0,,27.26,0.0,0.0
2024-08-22,19.456,19.759,19.456,19.683,7609,149767.947,10.0,0.0,0.0,0.0,,27.26,0.0,0.0
2024-08-23,19.683,19.759,19.456,19.683,10810,212773.23,0.0,0.0,0.0,0.0,,27.26,0.0,0.0
2024-08-26,19.683,19.683,19.532,19.683,11422,224819.226,0.0,0.0,0.0,0.0,,27.26,0.0,0.0
2024-08-27,19.38,19.532,19.153,19.532,20971,409605.572,0.0,0.0,0.0,0.0,,27.26,0.0,0.0
2024-08-28,19.38,19.683,19.38,19.683,14000,275562.0,0.0,5000.0,0.0,130000.0,,27.26,0.0,0.13
2024-08-29,19.683,19.683,19.456,19.683,6716,132191.028,0.0,0.0,0.0,0.0,,27.26,0.0,0.0
2024-08-30,19.683,19.683,19.532,19.683,4398,86565.834,100.0,100.0,0.0,0.0,,27.26,0.0,0.0
2024-09-04,19.683,19.759,19.305,19.608,27931,547671.0480000001,1200.0,700.0,30000.0,20000.0,,27.26,0.03,0.02
2024-09-05,19.608,19.683,19.456,19.683,10519,207045.477,1600.0,200.0,40000.0,10000.0,,27.26,0.04,0.01
2024-09-06,19.683,19.683,19.532,19.683,6315,124298.145,900.0,500.0,20000.0,10000.0,,27.26,0.02,0.01
2024-09-09,19.683,19.91,19.38,19.38,20102,389576.76,600.0,1100.0,20000.0,30000.0,,27.26,0.02,0.03
2024-09-10,19.38,19.532,18.926,19.532,49037,957790.684,0.0,30.0,0.0,0.0,,27.26,0.0,0.0
2024-09-11,19.139,19.454,19.139,19.454,1606,31243.124,0.0,0.0,0.0,0.0,,27.26,0.0,0.0
2024-09-12,19.06,19.375,18.903,19.375,13174,255246.25,100.0,500.0,0.0,10000.0,,27.26,0.0,0.01
2024-09-13,18.824,19.06,18.587,18.587,32000,594784.0,0.0,2100.0,0.0,50000.0,,27.26,0.0,0.05
2024-09-16,18.587,19.139,18.351,18.981,12147,230562.207,200.0,2000.0,0.0,50000.0,,27.26,0.0,0.05
2024-09-17,18.903,18.981,18.43,18.903,23600,446110.8,0.0,0.0,0.0,0.0,,27.26,0.0,0.0
2024-09-18,18.587,18.903,18.43,18.745,11300,211818.5,0.0,0.0,0.0,0.0,,27.26,0.0,0.0
2024-09-19,18.509,18.745,18.194,18.745,26007,487501.215,2900.0,0.0,70000.0,0.0,,27.26,0.07,0.0
2024-09-20,18.745,18.745,18.587,18.666,12125,226325.25,0.0,0.0,0.0,0.0,,27.26,0.0,0.0
2024-09-23,18.666,18.666,18.666,18.666,702,13103.532,0.0,200.0,0.0,0.0,,27.26,0.0,0.0
2024-09-24,18.745,18.745,18.745,18.745,102,1911.99,0.0,0.0,0.0,0.0,,27.26,0.0,0.0
2024-09-25,18.43,18.745,18.272,18.745,1394,26130.53,300.0,0.0,10000.0,0.0,,27.26,0.01,0.0
2024-09-26,18.509,18.903,18.43,18.903,19343,365640.729,700.0,0.0,20000.0,0.0,,27.26,0.02,0.0
2024-09-27,18.903,19.06,18.824,18.903,15272,288686.616,500.0,0.0,10000.0,0.0,,27.26,0.01,0.0
2024-09-30,18.903,19.69,18.587,18.903,8207,155136.921,2000.0,800.0,50000.0,20000.0,,27.26,0.05,0.02
2024-10-01,18.903,19.139,18.824,18.981,11031,209379.411,0.0,1300.0,0.0,30000.0,,27.26,0.0,0.03
2024-10-02,18.903,19.139,18.903,18.981,12313,233713.053,0.0,0.0,0.0,0.0,,27.26,0.0,0.0
2024-10-03,19.06,19.06,18.903,18.981,25300,480219.3000000001,1900.0,0.0,50000.0,0.0,,27.26,0.05,0.0
2024-10-04,18.903,18.981,18.903,18.981,17764,337178.48400000005,0.0,0.0,0.0,0.0,,27.26,0.0,0.0
2024-10-07,18.981,18.981,18.824,18.981,9578,181800.018,0.0,0.0,0.0,0.0,,27.26,0.0,0.0
2024-10-08,18.824,19.296,18.115,18.587,70267,1306052.729,1900.0,866.0,40000.0,20000.0,,27.26,0.04,0.02
2024-10-09,18.587,18.903,18.115,18.194,22701,413021.994,0.0,0.0,0.0,0.0,,27.26,0.0,0.0
2024-10-10,18.745,18.745,18.194,18.43,50476,930272.68,0.0,0.0,0.0,0.0,,27.26,0.0,0.0
2024-10-11,18.43,18.745,18.43,18.509,24011,444419.599,400.0,10.0,10000.0,0.0,,27.26,0.01,0.0
2024-10-14,18.509,18.509,18.43,18.43,3622,66753.45999999999,0.0,0.0,0.0,0.0,,27.26,0.0,0.0
2024-10-15,18.43,18.666,18.351,18.43,14224,262148.32,0.0,1800.0,0.0,40000.0,,27.26,0.0,0.04
2024-10-16,18.272,18.509,18.194,18.509,8701,161046.809,1000.0,0.0,20000.0,0.0,,27.26,0.02,0.0
2024-10-17,18.43,18.587,18.43,18.587,6704,124607.248,0.0,0.0,0.0,0.0,,27.26,0.0,0.0
2024-10-18,18.509,18.509,18.43,18.509,20400,377583.6,0.0,0.0,0.0,0.0,,27.26,0.0,0.0
2024-10-21,18.509,18.509,18.509,18.509,6120,113275.08,0.0,0.0,0.0,0.0,,27.26,0.0,0.0
2024-10-22,18.351,18.351,18.351,18.351,3888,71348.688,0.0,0.0,0.0,0.0,,27.26,0.0,0.0
2024-10-23,18.272,18.509,18.115,18.351,8450,155065.94999999998,0.0,0.0,0.0,0.0,,27.26,0.0,0.0
2024-10-24,18.272,18.272,18.115,18.272,3300,60297.6,100.0,300.0,0.0,10000.0,,27.26,0.0,0.01
2024-10-25,18.115,18.272,18.036,18.036,34812,627869.2320000001,0.0,0.0,0.0,0.0,,27.26,0.0,0.0
2024-10-28,18.036,18.036,17.8,18.036,19227,346778.172,1000.0,0.0,20000.0,0.0,,27.26,0.02,0.0
2024-10-29,18.115,18.351,18.115,18.272,6210,113469.12,200.0,0.0,0.0,0.0,,27.26,0.0,0.0
2024-10-30,18.272,18.272,18.036,18.194,56209,1022666.546,500.0,0.0,10000.0,0.0,,27.26,0.01,0.0
2024-10-31,18.115,18.115,18.036,18.115,15639,283300.485,1600.0,0.0,40000.0,0.0,,27.26,0.04,0.0
2024-11-01,18.272,18.351,18.115,18.115,12113,219426.995,200.0,0.0,0.0,0.0,,27.26,0.0,0.0
2024-11-04,17.957,18.194,17.957,18.194,10013,182176.522,800.0,0.0,20000.0,0.0,,27.26,0.02,0.0
2024-11-05,18.351,18.351,18.115,18.194,8698,158251.41199999998,0.0,1400.0,0.0,30000.0,,27.26,0.0,0.03
2024-11-06,18.115,18.194,18.115,18.194,8500,154649.0,1400.0,0.0,30000.0,0.0,,27.26,0.03,0.0
2024-11-07,18.194,18.194,18.036,18.194,7210,131178.74,1000.0,0.0,20000.0,0.0,,27.26,0.02,0.0
2024-11-08,18.272,18.272,17.957,18.194,14751,268379.694,100.0,0.0,0.0,0.0,,27.26,0.0,0.0
2024-11-11,18.194,18.194,17.957,18.115,12658,229299.67,100.0,0.0,0.0,0.0,,27.26,0.0,0.0
2024-11-12,17.957,18.115,17.879,18.115,5150,93292.25,50.0,0.0,0.0,0.0,,27.26,0.0,0.0
2024-11-13,18.036,18.115,17.721,18.115,30312,549101.88,1000.0,0.0,20000.0,0.0,,27.26,0.02,0.0
2024-11-14,17.957,17.957,17.8,17.8,9901,176237.80000000002,0.0,0.0,0.0,0.0,,27.26,0.0,0.0
2024-11-15,17.8,17.957,17.8,17.879,28410,507942.39,1000.0,200.0,20000.0,0.0,,27.26,0.02,0.0
2024-11-18,17.879,17.957,17.8,17.957,10600,190344.2,0.0,0.0,0.0,0.0,,27.26,0.0,0.0
2024-11-19,17.957,17.957,17.957,17.957,1504,27007.328,1400.0,0.0,30000.0,0.0,,27.26,0.03,0.0
2024-11-20,17.879,18.194,17.879,18.115,32405,587016.575,13700.0,0.0,310000.0,0.0,,27.26,0.31,0.0
2024-11-21,18.036,18.115,17.957,18.115,4700,85140.49999999999,2000.0,0.0,50000.0,0.0,,27.26,0.05,0.0
2024-11-22,18.115,18.272,17.957,17.957,13100,235236.7,9400.0,0.0,220000.0,0.0,,27.26,0.22,0.0
2024-11-25,17.957,17.957,17.879,17.957,27510,493997.07,13000.0,0.0,300000.0,0.0,,27.26,0.3,0.0
2024-11-26,17.957,17.957,17.879,17.957,19230,345313.11,13000.0,0.0,300000.0,0.0,,27.26,0.3,0.0
2024-11-27,17.957,18.036,17.879,18.036,24800,447292.8000000001,14800.0,0.0,340000.0,0.0,,27.26,0.34,0.0
2024-11-28,18.115,18.272,18.036,18.036,36906,665636.616,22100.0,300.0,510000.0,10000.0,,27.26,0.51,0.01
2024-11-29,18.272,19.375,18.194,18.587,55096,1024069.352,700.0,800.0,20000.0,20000.0,,27.26,0.02,0.02
2024-12-02,19.06,19.06,18.587,18.587,15905,295626.235,100.0,310.0,0.0,10000.0,,27.26,0.0,0.01
2024-12-03,18.587,19.139,18.351,18.745,74227,1391385.115,500.0,1900.0,10000.0,50000.0,,27.26,0.01,0.05
2024-12-04,18.745,18.745,18.43,18.666,29251,545999.166,0.0,200.0,0.0,0.0,,27.26,0.0,0.0
2024-12-05,18.587,18.981,18.587,18.745,59954,1123837.73,0.0,0.0,0.0,0.0,,27.26,0.0,0.0
2024-12-06,18.745,19.06,18.509,18.981,36539,693546.7590000001,0.0,1129.0,0.0,30000.0,,27.26,0.0,0.03
2024-12-09,19.06,19.06,18.587,18.587,43702,812289.074,800.0,0.0,20000.0,0.0,,27.26,0.02,0.0
2024-12-10,18.666,18.745,18.509,18.666,41274,770420.484,0.0,0.0,0.0,0.0,,27.26,0.0,0.0
2024-12-11,18.666,19.013,18.666,18.839,3907,73603.973,0.0,21.0,0.0,0.0,,27.26,0.0,0.0
2024-12-12,18.666,19.013,18.405,18.753,7422,139184.766,100.0,500.0,0.0,10000.0,,27.26,0.0,0.01
2024-12-13,18.753,18.753,18.405,18.666,12543,234127.638,700.0,200.0,10000.0,0.0,,27.26,0.01,0.0
2024-12-16,18.839,18.926,18.753,18.839,12092,227801.188,3000.0,0.0,70000.0,0.0,,27.26,0.07,0.0
2024-12-17,18.405,18.753,18.405,18.666,1081,20177.946,400.0,0.0,10000.0,0.0,,27.26,0.01,0.0
2024-12-18,18.579,18.753,18.579,18.753,5400,101266.2,0.0,0.0,0.0,0.0,,27.26,0.0,0.0
2024-12-19,18.405,18.839,18.405,18.839,6631,124921.409,0.0,0.0,0.0,0.0,,27.26,0.0,0.0
2024-12-20,18.839,18.839,18.666,18.839,46712,880007.3679999999,1200.0,0.0,30000.0,0.0,,27.26,0.03,0.0
2024-12-23,18.839,18.839,18.839,18.839,8196,154404.444,0.0,18.0,0.0,0.0,,27.26,0.0,0.0
2024-12-24,18.839,18.839,18.666,18.839,20200,380547.8,100.0,100.0,0.0,0.0,,27.26,0.0,0.0
2024-12-25,18.839,18.926,18.666,18.926,27301,516698.726,0.0,0.0,0.0,0.0,,27.26,0.0,0.0
2024-12-26,18.926,19.1,18.926,18.926,22502,425872.852,400.0,0.0,10000.0,0.0,,27.26,0.01,0.0
2024-12-27,18.666,18.926,18.666,18.926,38212,723200.3119999999,0.0,0.0,0.0,0.0,,27.26,0.0,0.0
2024-12-30,18.926,19.013,18.839,18.926,27601,522376.526,0.0,1000.0,0.0,20000.0,,27.26,0.0,0.02
2024-12-31,18.926,19.013,18.926,19.013,36633,696503.229,0.0,25733.0,0.0,560000.0,,27.26,0.0,0.56
2025-01-02,19.013,19.36,19.013,19.36,36551,707627.36,0.0,0.0,0.0,0.0,,27.26,0.0,0.0
2025-01-03,19.36,19.36,19.013,19.273,27601,531954.073,0.0,0.0,0.0,0.0,,27.26,0.0,0.0
2025-01-06,19.273,19.273,18.839,19.013,12304,233935.952,5100.0,0.0,110000.0,0.0,,27.26,0.11,0.0
2025-01-07,19.013,19.1,18.926,18.926,22851,432478.026,0.0,0.0,0.0,0.0,,27.26,0.0,0.0
2025-01-08,18.926,19.1,18.926,19.013,28101,534284.3130000001,2100.0,0.0,50000.0,0.0,,27.26,0.05,0.0
2025-01-09,19.013,19.013,18.926,19.013,3100,58940.3,100.0,0.0,0.0,0.0,,27.26,0.0,0.0
2025-01-10,19.013,19.1,18.926,19.013,3036,57723.46800000001,0.0,0.0,0.0,0.0,,27.26,0.0,0.0
2025-01-13,19.013,19.013,18.839,18.926,8190,155003.93999999997,0.0,0.0,0.0,0.0,,27.26,0.0,0.0
2025-01-14,19.013,19.013,18.926,18.926,5410,102389.66,0.0,0.0,0.0,0.0,,27.26,0.0,0.0
2025-01-15,18.926,18.926,18.926,18.926,17200,325527.19999999995,0.0,0.0,0.0,0.0,,27.26,0.0,0.0
2025-01-16,18.926,18.926,18.839,18.839,6906,130102.134,0.0,0.0,0.0,0.0,,27.26,0.0,0.0
2025-01-17,18.926,18.926,18.839,18.926,4310,81571.06,0.0,0.0,0.0,0.0,,27.26,0.0,0.0
2025-01-20,19.1,19.1,18.839,18.839,6849,129028.311,0.0,759.0,0.0,20000.0,,27.26,0.0,0.02
2025-01-21,18.839,19.1,18.839,19.013,7725,146875.42500000002,0.0,0.0,0.0,0.0,,27.26,0.0,0.0
2025-01-22,19.013,19.013,18.926,18.926,4470,84599.21999999999,0.0,0.0,0.0,0.0,,27.26,0.0,0.0
2025-01-23,18.926,19.1,18.926,19.1,1513,28898.300000000003,0.0,0.0,0.0,0.0,,27.26,0.0,0.0
2025-01-24,19.1,20.489,19.1,20.055,46530,933159.15,1000.0,3000.0,20000.0,70000.0,,27.26,0.02,0.07
2025-02-03,20.228,20.576,19.881,20.402,18580,379069.16,2600.0,200.0,60000.0,0.0,,27.26,0.06,0.0
2025-02-04,20.402,20.402,19.968,20.315,15111,306979.965,100.0,0.0,0.0,0.0,,27.26,0.0,0.0
2025-02-05,20.228,20.228,19.968,20.228,16830,340437.24000000005,0.0,0.0,0.0,0.0,,27.26,0.0,0.0
2025-02-06,20.315,20.576,20.228,20.489,25517,522817.813,0.0,2000.0,0.0,50000.0,,27.26,0.0,0.05
2025-02-07,20.315,20.836,20.315,20.489,24522,502431.258,0.0,400.0,0.0,10000.0,,27.26,0.0,0.01
2025-02-10,20.489,20.662,20.228,20.489,32248,660729.272,100.0,0.0,0.0,0.0,,27.26,0.0,0.0
2025-02-11,20.662,21.01,20.576,20.662,48290,997767.98,0.0,0.0,0.0,0.0,,27.26,0.0,0.0
2025-02-12,20.662,22.659,20.662,21.878,181699,3975210.722,100.0,1818.0,0.0,50000.0,,27.26,0.0,0.05
2025-02-13,22.052,22.572,21.791,22.138,62043,1373507.934,100.0,11937.0,0.0,310000.0,,27.26,0.0,0.31
2025-02-14,22.572,22.572,21.531,21.704,48908,1061499.232,100.0,600.0,0.0,20000.0,,27.26,0.0,0.02
2025-02-17,21.704,22.052,21.27,21.704,30545,662948.68,2650.0,0.0,70000.0,0.0,,27.26,0.07,0.0
2025-02-18,21.965,22.572,21.357,22.572,47969,1082756.268,1000.0,0.0,30000.0,0.0,,27.26,0.03,0.0
2025-02-19,22.572,22.572,21.965,22.225,18849,418919.025,0.0,115.0,0.0,0.0,,27.26,0.0,0.0
2025-02-20,22.225,22.225,22.052,22.138,13939,308581.582,100.0,0.0,0.0,0.0,,27.26,0.0,0.0
2025-02-21,22.052,22.052,21.704,21.791,18491,402937.381,0.0,600.0,0.0,20000.0,,27.26,0.0,0.02
2025-02-24,21.965,22.225,21.704,22.225,23042,512108.45,0.0,700.0,0.0,20000.0,,27.26,0.0,0.02
2025-02-25,22.225,22.225,21.617,21.878,24700,540386.6,900.0,1207.0,20000.0,30000.0,,27.26,0.02,0.03
2025-02-26,21.878,21.965,21.704,21.704,24034,521633.936,0.0,1200.0,0.0,30000.0,,27.26,0.0,0.03
2025-02-27,21.704,21.965,21.704,21.704,13952,302814.208,900.0,0.0,20000.0,0.0,,27.26,0.02,0.0
2025-02-28,21.704,21.791,21.27,21.617,10685,230977.645,0.0,0.0,0.0,0.0,,27.26,0.0,0.0
2025-03-03,21.617,21.791,21.531,21.617,28445,614895.5650000001,0.0,1400.0,0.0,30000.0,,27.26,0.0,0.03
2025-03-04,21.617,21.791,21.617,21.617,5978,129226.426,0.0,0.0,0.0,0.0,,27.26,0.0,0.0
2025-03-05,21.617,21.617,21.531,21.617,9948,215045.916,0.0,1000.0,0.0,20000.0,,27.26,0.0,0.02
2025-03-06,21.617,22.225,21.531,22.138,65535,1450813.83,200.0,200.0,10000.0,10000.0,,27.26,0.01,0.01
2025-03-07,22.399,22.399,21.791,21.791,8512,185484.992,0.0,500.0,0.0,10000.0,,27.26,0.0,0.01
2025-03-10,21.791,21.791,21.531,21.531,12714,273745.134,0.0,0.0,0.0,0.0,,27.26,0.0,0.0
2025-03-11,21.444,21.531,21.27,21.531,23372,503222.532,0.0,0.0,0.0,0.0,,27.26,0.0,0.0
2025-03-12,21.444,21.444,21.27,21.27,5007,106498.89,0.0,0.0,0.0,0.0,,27.26,0.0,0.0
2025-03-13,21.27,21.878,21.183,21.704,19945,432886.28,0.0,0.0,0.0,0.0,,27.26,0.0,0.0
2025-03-14,21.704,21.704,21.27,21.617,13907,300627.619,0.0,0.0,0.0,0.0,,27.26,0.0,0.0
2025-03-17,21.27,21.617,21.097,21.617,14900,322093.3,0.0,0.0,0.0,0.0,,27.26,0.0,0.0
2025-03-18,21.183,21.704,21.183,21.531,2781,59877.711,110.0,1500.0,0.0,40000.0,,27.26,0.0,0.04
2025-03-19,21.183,21.531,21.183,21.531,1910,41124.21,0.0,0.0,0.0,0.0,,27.26,0.0,0.0
2025-03-20,21.617,21.617,21.27,21.357,800,17085.6,0.0,0.0,0.0,0.0,,27.26,0.0,0.0
2025-03-21,21.27,21.27,21.01,21.097,6055,127742.335,0.0,9.0,0.0,0.0,,27.26,0.0,0.0
2025-03-24,21.097,21.531,21.01,21.531,7203,155087.793,100.0,0.0,0.0,0.0,,27.26,0.0,0.0
2025-03-25,21.097,21.531,21.01,21.531,14822,319132.482,500.0,0.0,10000.0,0.0,,27.26,0.01,0.0
2025-03-26,21.531,21.531,21.444,21.444,3401,72931.044,0.0,0.0,0.0,0.0,,27.26,0.0,0.0
2025-03-27,21.27,21.27,21.097,21.097,10508,221687.276,0.0,0.0,0.0,0.0,,27.26,0.0,0.0
2025-03-28,21.27,21.27,20.923,21.183,4460,94476.18,0.0,0.0,0.0,0.0,,27.26,0.0,0.0
2025-03-31,20.923,21.097,20.923,20.923,10910,228269.93,0.0,0.0,0.0,0.0,,27.26,0.0,0.0
2025-04-01,20.836,20.923,20.749,20.923,11712,245050.176,0.0,500.0,0.0,10000.0,,27.26,0.0,0.01
2025-04-02,20.923,21.27,20.923,21.27,8131,172946.37,0.0,0.0,0.0,0.0,,27.26,0.0,0.0
2025-04-03,20.749,20.923,19.273,20.228,41080,830966.2400000001,200.0,100.0,0.0,0.0,,27.26,0.0,0.0
2025-04-04,20.055,20.489,19.447,19.968,27018,539495.424,0.0,0.0,0.0,0.0,,27.26,0.0,0.0
2025-04-08,19.1,19.534,18.318,19.1,41198,786881.8,0.0,2800.0,0.0,60000.0,,27.26,0.0,0.06
2025-04-09,17.45,19.534,17.45,18.492,31689,585992.988,0.0,14000.0,0.0,300000.0,,27.26,0.0,0.3
2025-04-10,20.228,20.315,19.708,19.881,169345,3366747.945,1000.0,200.0,20000.0,0.0,,27.26,0.02,0.0
2025-04-11,19.881,19.881,19.534,19.881,23063,458515.503,0.0,0.0,0.0,0.0,,27.26,0.0,0.0
2025-04-14,19.881,19.881,19.534,19.794,6300,124702.2,0.0,0.0,0.0,0.0,,27.26,0.0,0.0
2025-04-15,19.794,19.794,19.36,19.621,24915,488857.215,0.0,0.0,0.0,0.0,,27.26,0.0,0.0
2025-04-16,19.794,19.968,19.534,19.968,62742,1252832.256,0.0,0.0,0.0,0.0,,27.26,0.0,0.0
2025-04-17,19.968,19.968,19.794,19.881,19412,385929.972,0.0,5000.0,0.0,110000.0,,27.26,0.0,0.11
2025-04-18,19.968,19.968,19.881,19.968,11423,228094.464,0.0,0.0,0.0,0.0,,27.26,0.0,0.0
2025-04-21,20.055,20.055,19.621,19.621,5322,104422.962,0.0,0.0,0.0,0.0,,27.26,0.0,0.0
2025-04-22,19.534,19.534,19.013,19.534,10639,207822.226,0.0,0.0,0.0,0.0,,27.26,0.0,0.0
2025-04-23,19.534,19.534,19.447,19.447,17725,344698.075,2100.0,100.0,50000.0,0.0,,27.26,0.05,0.0
2025-04-24,19.534,19.621,19.36,19.621,20115,394676.415,0.0,0.0,0.0,0.0,,27.26,0.0,0.0
2025-04-25,19.534,19.534,19.36,19.447,10730,208666.31,0.0,0.0,0.0,0.0,,27.26,0.0,0.0
2025-04-28,19.447,19.447,18.926,19.273,46008,886712.184,300.0,0.0,10000.0,0.0,,27.26,0.01,0.0
2025-04-29,19.447,19.534,19.187,19.273,3900,75164.7,0.0,0.0,0.0,0.0,,27.26,0.0,0.0
2025-05-05,19.273,19.273,18.926,19.187,22153,425049.611,0.0,0.0,0.0,0.0,,27.26,0.0,0.0
2025-05-06,19.187,19.621,19.1,19.1,23368,446328.8000000001,600.0,200.0,10000.0,0.0,,27.26,0.01,0.0
2025-05-07,19.187,19.36,19.1,19.36,7612,147368.32,0.0,0.0,0.0,0.0,,27.26,0.0,0.0
2025-05-08,19.447,19.621,19.273,19.447,10249,199312.303,0.0,0.0,0.0,0.0,,27.26,0.0,0.0
2025-05-09,19.447,19.447,19.273,19.273,6108,117719.484,100.0,0.0,0.0,0.0,,27.26,0.0,0.0
2025-05-12,19.273,19.36,19.1,19.36,57686,1116800.96,300.0,0.0,10000.0,0.0,,27.26,0.01,0.0
2025-05-13,19.36,19.36,19.1,19.187,16808,322495.096,0.0,0.0,0.0,0.0,,27.26,0.0,0.0
2025-05-14,19.187,19.36,19.1,19.36,15915,308114.4,100.0,0.0,0.0,0.0,,27.26,0.0,0.0
2025-05-15,19.187,19.36,19.187,19.187,12151,233141.237,0.0,0.0,0.0,0.0,,27.26,0.0,0.0
2025-05-16,19.273,19.621,19.187,19.36,17347,335837.92,0.0,0.0,0.0,0.0,,27.26,0.0,0.0
2025-05-19,19.36,19.36,19.1,19.1,44479,849548.9,0.0,15400.0,0.0,340000.0,,27.26,0.0,0.34
2025-05-20,19.187,19.273,19.1,19.187,21299,408663.913,0.0,10100.0,0.0,220000.0,,27.26,0.0,0.22
2025-05-21,19.1,19.273,19.1,19.1,64545,1232809.5,0.0,50800.0,0.0,1120000.0,,27.26,0.0,1.12
2025-05-22,19.1,19.187,19.1,19.1,24530,468523.00000000006,0.0,10200.0,0.0,220000.0,,27.26,0.0,0.22
2025-05-23,19.1,19.187,18.926,19.1,88206,1684734.6,2200.0,60300.0,50000.0,1330000.0,,27.26,0.05,1.33
2025-05-26,19.1,19.187,18.926,19.1,39696,758193.6000000001,0.0,23500.0,0.0,520000.0,,27.26,0.0,0.52
2025-05-27,19.1,19.1,18.666,19.013,142836,2715740.868,1000.0,104446.0,20000.0,2270000.0,,27.26,0.02,2.27
2025-05-28,19.013,19.013,18.839,18.839,70392,1326114.8879999998,1500.0,51900.0,30000.0,1130000.0,,27.26,0.03,1.13
2025-05-29,18.926,19.013,18.926,19.013,10290,195643.77,400.0,6390.0,10000.0,140000.0,,27.26,0.01,0.14
2025-05-30,19.013,19.013,18.839,18.839,7663,144363.25699999998,500.0,2000.0,10000.0,40000.0,,27.26,0.01,0.04
2025-06-02,18.839,18.839,18.666,18.753,81980,1537370.94,100.0,59300.0,0.0,1280000.0,,27.26,0.0,1.28
2025-06-03,18.926,18.926,18.753,18.926,9653,182692.678,0.0,5800.0,0.0,130000.0,,27.26,0.0,0.13
2025-06-04,18.926,19.013,18.579,18.753,81021,1519386.813,0.0,48700.0,0.0,1050000.0,,27.26,0.0,1.05
2025-06-05,18.753,18.926,18.753,18.926,22058,417469.708,0.0,14100.0,0.0,310000.0,,27.26,0.0,0.31
2025-06-06,18.926,19.013,18.839,18.839,83946,1581458.694,800.0,41926.0,20000.0,920000.0,,27.26,0.02,0.92
2025-06-09,19.013,19.36,18.926,19.013,160138,3044703.794,2400.0,88700.0,50000.0,1950000.0,,27.26,0.05,1.95
2025-06-10,19.187,19.534,19.1,19.534,58452,1141801.368,10000.0,32092.0,220000.0,710000.0,,27.26,0.22,0.71
2025-06-11,19.447,19.621,19.36,19.534,66803,1304929.802,0.0,30100.0,0.0,670000.0,,27.26,0.0,0.67
2025-06-12,19.534,19.534,19.36,19.447,59304,1153284.888,300.0,34700.0,10000.0,780000.0,,27.26,0.01,0.78
2025-06-13,19.273,19.447,19.273,19.36,91710,1775505.6,1000.0,45000.0,20000.0,1000000.0,,27.26,0.02,1.0
2025-06-16,19.447,19.881,19.273,19.881,56320,1119697.92,700.0,33000.0,20000.0,740000.0,,27.26,0.02,0.74
2025-06-17,19.794,20.489,19.273,19.534,90097,1759954.798,0.0,31821.0,0.0,720000.0,,27.26,0.0,0.72
2025-06-18,19.534,19.708,19.534,19.621,25125,492977.625,0.0,13700.0,0.0,310000.0,,27.26,0.0,0.31
2025-06-19,19.621,19.794,19.621,19.794,24895,492771.63,0.0,20995.0,0.0,470000.0,,27.26,0.0,0.47
2025-06-20,19.794,19.794,19.273,19.36,216711,4195524.96,0.0,214800.0,0.0,4790000.0,,27.26,0.0,4.79
2025-06-23,19.36,19.534,19.187,19.36,7802,151046.72,0.0,200.0,0.0,0.0,,27.26,0.0,0.0
2025-06-24,19.534,19.621,19.36,19.447,16591,322645.177,0.0,0.0,0.0,0.0,,27.26,0.0,0.0
2025-06-25,19.537,19.719,19.446,19.719,28785,567611.415,0.0,921.0,0.0,20000.0,,27.26,0.0,0.02
2025-06-26,19.719,19.719,19.537,19.537,17721,346215.177,0.0,1000.0,0.0,20000.0,,27.26,0.0,0.02
2025-06-27,19.537,19.537,19.355,19.537,30145,588942.865,0.0,0.0,0.0,0.0,,27.26,0.0,0.0
2025-06-30,19.537,19.537,19.264,19.446,24241,471390.486,0.0,0.0,0.0,0.0,,27.26,0.0,0.0
2025-07-01,19.446,19.446,19.355,19.446,12940,251631.24,0.0,0.0,0.0,0.0,,27.26,0.0,0.0
2025-07-02,19.446,19.537,19.264,19.537,39844,778432.228,4700.0,0.0,100000.0,0.0,,27.26,0.1,0.0
2025-07-03,19.537,19.537,19.264,19.355,14902,288428.21,0.0,300.0,0.0,10000.0,,27.26,0.0,0.01
2025-07-04,19.355,19.537,19.355,19.537,46856,915425.672,0.0,0.0,0.0,0.0,,27.26,0.0,0.0
2025-07-07,19.537,19.628,19.446,19.537,16971,331562.427,0.0,0.0,0.0,0.0,,27.26,0.0,0.0
2025-07-08,19.628,19.81,19.446,19.628,22450,440648.6,0.0,0.0,0.0,0.0,,27.26,0.0,0.0
2025-07-09,19.628,19.81,19.628,19.81,24068,476787.08,0.0,0.0,0.0,0.0,,27.26,0.0,0.0
2025-07-10,19.81,19.81,19.81,19.81,10442,206856.02,0.0,0.0,0.0,0.0,,27.26,0.0,0.0
2025-07-11,19.81,19.901,19.719,19.901,32851,653767.751,0.0,0.0,0.0,0.0,,27.26,0.0,0.0
2025-07-14,19.81,19.901,19.719,19.901,15345,305380.845,300.0,1641.0,10000.0,40000.0,,27.26,0.01,0.04
2025-07-15,19.901,19.991,19.81,19.991,10396,207826.436,3000.0,0.0,70000.0,0.0,,27.26,0.07,0.0
2025-07-16,19.991,20.082,19.991,19.991,6613,132200.483,100.0,0.0,0.0,0.0,,27.26,0.0,0.0
2025-07-17,19.991,19.991,19.81,19.901,39116,778447.516,300.0,0.0,10000.0,0.0,,27.26,0.01,0.0
2025-07-18,19.81,19.991,19.719,19.901,17674,351730.274,500.0,0.0,10000.0,0.0,,27.26,0.01,0.0
2025-07-21,20.5,20.7,20.0,20.1,18306,367950.6,2100.0,0.0,40000.0,0.0,,27.26,0.04,0.0
2025-07-22,20.2,20.3,20.1,20.2,20259,409231.8,0.0,1100.0,0.0,20000.0,,27.26,0.0,0.02
2025-07-23,20.2,20.2,20.1,20.1,40610,816261.0,0.0,352.0,0.0,10000.0,,27.26,0.0,0.01
2025-07-24,20.2,20.2,20.1,20.1,34969,702876.9,0.0,0.0,0.0,0.0,,27.26,0.0,0.0
2025-07-25,20.4,20.4,20.0,20.2,59583,1203576.6,11000.0,0.0,220000.0,0.0,,27.26,0.22,0.0
2025-07-28,20.3,20.5,20.3,20.5,57631,1181435.5,0.0,2100.0,0.0,40000.0,,27.26,0.0,0.04
2025-07-29,20.5,20.5,20.2,20.2,36343,734128.6,3000.0,0.0,60000.0,0.0,,27.26,0.06,0.0
2025-07-30,20.2,20.4,20.2,20.4,23984,489273.6,0.0,0.0,0.0,0.0,,27.26,0.0,0.0
2025-07-31,20.4,20.5,20.2,20.4,35981,734012.3999999999,0.0,6510.0,0.0,130000.0,,27.26,0.0,0.13
2025-08-01,20.4,20.4,20.2,20.3,6253,126935.9,100.0,0.0,0.0,0.0,,27.26,0.0,0.0
2025-08-04,20.3,20.8,20.3,20.8,28787,598769.6,0.0,6000.0,0.0,120000.0,,27.26,0.0,0.12
2025-08-05,20.8,20.9,20.0,20.8,25010,520208.0,0.0,0.0,0.0,0.0,,27.26,0.0,0.0
2025-08-06,20.3,21.0,20.2,20.8,66923,1391998.4,0.0,0.0,0.0,0.0,,27.26,0.0,0.0
2025-08-07,21.0,21.0,20.5,20.7,28918,598602.6,0.0,400.0,0.0,10000.0,,27.26,0.0,0.01
2025-08-08,20.8,21.1,20.7,20.7,28013,579869.1,0.0,1900.0,0.0,40000.0,,27.26,0.0,0.04
2025-08-11,20.9,22.0,20.9,21.3,32775,698107.5,0.0,0.0,0.0,0.0,,27.26,0.0,0.0
2025-08-12,21.2,21.8,21.1,21.5,6999,150478.5,0.0,0.0,0.0,0.0,,27.26,0.0,0.0
2025-08-13,21.5,21.8,21.4,21.8,32089,699540.2000000001,2000.0,10100.0,40000.0,220000.0,,27.26,0.04,0.22
2025-08-14,21.8,22.4,21.7,21.8,51659,1126166.2,0.0,0.0,0.0,0.0,,27.26,0.0,0.0
2025-08-15,21.8,21.8,21.1,21.6,11353,245224.8,0.0,300.0,0.0,10000.0,,27.26,0.0,0.01
2025-08-18,21.6,22.3,21.5,22.0,43549,958078.0,0.0,5400.0,0.0,120000.0,,27.26,0.0,0.12
2025-08-19,22.2,22.2,21.6,21.7,13227,287025.9,0.0,1200.0,0.0,30000.0,,27.26,0.0,0.03
2025-08-20,20.7,22.5,20.3,21.4,21456,459158.4,0.0,2344.0,0.0,50000.0,,27.26,0.0,0.05
2025-08-21,21.5,21.6,21.2,21.6,21158,457012.8000000001,0.0,0.0,0.0,0.0,,27.26,0.0,0.0
2025-08-22,21.2,21.6,21.1,21.6,7190,155304.0,0.0,0.0,0.0,0.0,,27.26,0.0,0.0
2025-08-25,21.6,21.6,20.9,21.3,44667,951407.1,200.0,100.0,0.0,0.0,,27.26,0.0,0.0
2025-08-26,21.0,21.4,20.9,21.4,13139,281174.6,0.0,0.0,0.0,0.0,,27.26,0.0,0.0
2025-08-27,21.4,21.6,21.0,21.4,72572,1553040.7999999998,4100.0,1900.0,90000.0,40000.0,,27.26,0.09,0.04
2025-08-28,21.4,21.4,21.0,21.0,19486,409206.0,100.0,0.0,0.0,0.0,,27.26,0.0,0.0
2025-08-29,21.1,21.2,21.0,21.0,36979,776559.0,0.0,0.0,0.0,0.0,,27.26,0.0,0.0
2025-09-03,21.3,21.3,20.9,21.2,23842,505450.4,0.0,0.0,0.0,0.0,,27.26,0.0,0.0
2025-09-04,21.2,21.2,20.9,21.0,27087,568827.0,0.0,0.0,0.0,0.0,,27.26,0.0,0.0
2025-09-05,21.1,21.1,21.0,21.0,85221,1789641.0,0.0,0.0,0.0,0.0,,27.26,0.0,0.0
2025-09-08,20.9,21.0,20.5,20.5,34799,713379.5,0.0,0.0,0.0,0.0,,27.26,0.0,0.0
2025-09-09,20.5,20.6,20.4,20.4,14605,297942.0,0.0,0.0,0.0,0.0,,27.26,0.0,0.0
2025-09-10,20.5,20.6,20.4,20.5,5413,110966.5,0.0,0.0,0.0,0.0,,27.26,0.0,0.0
2025-09-11,20.4,20.7,20.2,20.7,28987,600030.9,0.0,0.0,0.0,0.0,,27.26,0.0,0.0
2025-09-12,20.7,20.7,20.6,20.7,9200,190440.0,0.0,0.0,0.0,0.0,,27.26,0.0,0.0
2025-09-15,20.7,20.7,20.6,20.7,15866,328426.2,0.0,0.0,0.0,0.0,,27.26,0.0,0.0
2025-09-16,20.8,20.8,20.5,20.7,11120,230184.0,0.0,300.0,0.0,10000.0,,27.26,0.0,0.01
2025-09-17,20.7,20.7,20.5,20.5,8752,179416.0,100.0,0.0,0.0,0.0,,27.26,0.0,0.0
2025-09-18,20.7,20.7,20.4,20.5,6737,138108.5,100.0,200.0,0.0,0.0,,27.26,0.0,0.0
2025-09-19,20.5,20.6,20.2,20.6,13175,271405.0,0.0,600.0,0.0,10000.0,,27.26,0.0,0.01
2025-09-22,20.6,22.0,20.4,20.5,33718,691219.0,15000.0,5224.0,320000.0,110000.0,,27.26,0.32,0.11
2025-09-23,20.4,20.5,20.3,20.4,34312,699964.7999999999,0.0,0.0,0.0,0.0,,27.26,0.0,0.0
2025-09-24,20.4,20.4,20.0,20.4,10068,205387.2,0.0,6150.0,0.0,130000.0,,27.26,0.0,0.13
2025-09-25,20.4,20.4,20.4,20.4,11261,229724.4,0.0,0.0,0.0,0.0,,27.26,0.0,0.0
2025-09-26,20.4,20.5,20.4,20.5,11896,243868.0,0.0,0.0,0.0,0.0,,27.26,0.0,0.0
2025-09-29,20.6,20.7,20.4,20.4,5706,116402.4,2300.0,0.0,50000.0,0.0,,27.26,0.05,0.0
2025-09-30,20.5,20.6,20.2,20.4,22647,461998.8,0.0,200.0,0.0,0.0,,27.26,0.0,0.0
2025-10-01,20.4,20.5,20.3,20.4,7345,149838.0,900.0,0.0,20000.0,0.0,,27.26,0.02,0.0
2025-10-02,20.2,20.5,20.2,20.4,1863,38005.2,0.0,121.0,0.0,0.0,,27.26,0.0,0.0
2025-10-03,20.5,20.7,20.3,20.5,8080,165640.0,400.0,0.0,10000.0,0.0,,27.26,0.01,0.0
2025-10-06,20.7,20.7,20.1,20.5,31524,646242.0,200.0,0.0,0.0,0.0,,27.26,0.0,0.0
2025-10-07,20.2,20.5,20.2,20.5,9402,192741.0,200.0,0.0,0.0,0.0,,27.26,0.0,0.0
2025-10-08,20.3,20.5,20.2,20.5,5900,120950.0,100.0,0.0,0.0,0.0,,27.26,0.0,0.0
2025-10-09,20.5,20.5,20.3,20.5,2800,57400.0,0.0,0.0,0.0,0.0,4562902.8,27.26,0.0,0.0
2025-10-10,20.2,20.5,20.2,20.4,30500,622200.0,30.0,0.0,6150.0,0.0,4561652.8,27.26,0.01,0.0
2025-10-13,20.4,20.4,20.1,20.3,50400,1023120.0,0.0,500.0,0.0,100580.8,4562822.8,27.26,0.0,0.1
2025-10-14,20.2,20.4,20.1,20.2,27900,563580.0,0.0,0.0,0.0,0.0,4562872.8,27.26,0.0,0.0
2025-10-15,20.1,20.5,20.0,20.3,22600,458780.0,0.0,0.0,0.0,0.0,4562872.8,27.26,0.0,0.0
2025-10-16,20.3,20.6,20.0,20.1,18300,367830.0,0.0,210.0,0.0,42210.0,4563373.2,27.26,0.0,0.04
2025-10-17,20.1,20.5,20.1,20.2,6400,129280.0,0.0,20.0,0.0,4079.7,4563373.2,27.26,0.0,0.0
2025-10-20,20.2,20.2,19.7,19.7,50600,996820.0,20.0,100.0,4000.0,20100.0,4563193.2,27.26,0.0,0.02
2025-10-21,19.4,20.0,19.4,19.9,5400,107460.0,0.0,110.0,0.0,21700.0,4563573.2,27.26,0.0,0.02
2025-10-22,19.9,20.3,19.9,20.3,14700,298410.0,0.0,0.0,0.0,0.0,4563603.5,27.26,0.0,0.0
2025-10-23,20.2,21.3,20.0,21.3,32400,690120.0,0.0,0.0,0.0,0.0,4563683.5,27.26,0.0,0.0
2025-10-24,20.4,20.8,20.4,20.7,9800,202860.0,0.0,30.0,0.0,6220.0,4563603.5,27.26,0.0,0.01
2025-10-27,20.7,20.7,20.4,20.5,6200,127100.0,20.0,0.0,4100.0,0.0,4563773.5,27.26,0.0,0.0
2025-10-28,20.5,20.6,20.5,20.6,11200,230720.00000000003,280.0,10.0,57650.0,2060.0,4563493.5,27.26,0.06,0.0
2025-10-29,20.6,20.7,20.5,20.6,20000,412000.0,120.0,10.0,24660.0,2060.0,4563413.5,27.26,0.02,0.0
2025-10-30,20.6,20.7,20.5,20.5,10000,205000.0,0.0,0.0,0.0,0.0,4563423.5,27.26,0.0,0.0
2025-10-31,20.5,20.6,20.4,20.4,5500,112200.0,0.0,0.0,0.0,0.0,4563423.5,27.26,0.0,0.0
2025-11-03,20.4,21.3,20.4,20.6,57400,1182440.0,90.0,0.0,18360.0,0.0,4563323.5,27.26,0.02,0.0
2025-11-04,20.6,20.6,20.4,20.5,13000,266500.0,0.0,0.0,0.0,0.0,4563333.5,27.26,0.0,0.0
2025-11-05,20.5,20.7,20.2,20.4,32900,671160.0,60.0,0.0,12240.0,0.0,4562113.5,27.26,0.01,0.0
2025-11-06,20.4,20.4,20.2,20.2,17000,343400.0,0.0,0.0,0.0,0.0,4563263.5,27.26,0.0,0.0
2025-11-07,20.3,20.3,20.0,20.2,9100,183820.0,0.0,0.0,0.0,0.0,4563213.5,27.26,0.0,0.0
2025-11-10,20.0,20.4,20.0,20.4,55900,1140360.0,0.0,0.0,0.0,0.0,4563273.5,27.26,0.0,0.0
2025-11-11,,0.0,0.0,0.0,0,0.0,0.0,0.0,0.0,0.0,0.0,27.26,0.0,0.0
2025-11-14,20.4,20.5,20.4,20.5,1600,32800.0,0.0,0.0,0.0,0.0,4563263.5,27.26,0.0,0.0
2025-11-17,20.7,20.7,20.4,20.4,3500,71400.0,20.0,0.0,4100.0,0.0,4563243.5,27.26,0.0,0.0
2025-11-18,20.5,20.7,20.5,20.6,5400,111240.0,200.0,0.0,41300.0,0.0,4563043.5,27.26,0.04,0.0
2025-11-19,20.5,20.6,20.5,20.6,1000,20600.0,10.0,50.0,2060.0,10250.0,4563033.5,27.26,0.0,0.01
2025-11-20,20.5,20.5,20.4,20.5,5100,104550.0,0.0,0.0,0.0,0.0,4563043.5,27.26,0.0,0.0
2025-11-25,20.3,20.4,20.2,20.2,13400,270680.0,0.0,0.0,0.0,0.0,4563063.5,27.26,0.0,0.0
2025-11-26,20.3,20.3,20.2,20.3,1800,36540.0,0.0,0.0,0.0,0.0,4563063.5,27.26,0.0,0.0
2025-11-27,20.4,20.4,20.2,20.2,2700,54540.0,170.0,0.0,34680.0,0.0,4562893.5,27.26,0.03,0.0
2025-11-28,20.2,20.7,20.2,20.7,14500,300150.0,0.0,60.0,0.0,12420.0,4562893.5,27.26,0.0,0.01
2025-12-01,20.4,20.4,20.3,20.3,3200,64960.0,0.0,0.0,0.0,0.0,4562893.5,27.26,0.0,0.0
2025-12-02,20.2,20.3,20.2,20.3,2900,58870.0,0.0,0.0,0.0,0.0,4562893.5,27.26,0.0,0.0
2025-12-03,20.2,20.3,20.2,20.3,6800,138040.0,0.0,0.0,0.0,0.0,4562953.5,27.26,0.0,0.0
2025-12-04,20.2,20.3,20.0,20.3,22000,446600.0,0.0,0.0,0.0,0.0,4562953.5,27.26,0.0,0.0
2025-12-05,20.2,20.4,20.2,20.4,800,16319.999999999998,0.0,0.0,0.0,0.0,4562953.5,27.26,0.0,0.0
2025-12-08,20.4,20.4,20.3,20.3,3000,60900.0,30.0,0.0,6120.0,0.0,4562923.5,27.26,0.01,0.0
2025-12-10,20.1,20.5,20.1,20.5,1000,20500.0,0.0,0.0,0.0,0.0,4562923.5,27.26,0.0,0.0
2025-12-11,20.3,20.4,20.3,20.3,4500,91350.0,0.0,0.0,0.0,0.0,4562923.5,27.26,0.0,0.0
2025-12-12,20.4,20.5,20.2,20.2,42000,848400.0,0.0,0.0,0.0,0.0,4562923.5,27.26,0.0,0.0
2025-12-15,20.2,20.4,20.2,20.3,3200,64960.0,230.0,0.0,46880.0,0.0,4562683.5,27.26,0.05,0.0
2025-12-23,20.5,20.5,20.3,20.5,7600,155800.0,0.0,0.0,0.0,0.0,4562433.5,27.26,0.0,0.0
2025-12-24,20.5,20.5,20.3,20.3,7100,144130.0,0.0,0.0,0.0,0.0,4562433.5,27.26,0.0,0.0
2025-12-25,20.3,20.4,20.1,20.3,5800,117740.0,0.0,0.0,0.0,0.0,4562433.5,27.26,0.0,0.0
2025-12-26,20.6,20.6,20.3,20.5,2300,47150.0,0.0,0.0,0.0,0.0,4562433.5,27.26,0.0,0.0
2025-12-29,20.5,20.7,20.5,20.5,13000,266500.0,0.0,480.0,0.0,98880.0,4562433.5,27.26,0.0,0.1
2025-12-30,20.6,20.6,20.5,20.5,33700,690850.0,790.0,3080.0,162740.0,634480.0,4561613.5,27.26,0.16,0.63
2025-12-31,20.5,20.5,20.3,20.3,1500,30450.0,0.0,0.0,0.0,0.0,4562438.4,27.26,0.0,0.0
2026-01-05,20.4,20.4,20.3,20.3,12700,257810.0,0.0,0.0,0.0,0.0,4562918.4,27.26,0.0,0.0
2026-01-06,20.4,20.4,20.3,20.4,17600,359040.0,0.0,1470.0,0.0,299850.0,4565208.4,27.26,0.0,0.3
2026-01-07,20.4,21.1,20.4,20.6,71000,1462600.0,150.0,5002.0,30900.0,1020404.3,4564888.4,27.26,0.03,1.03
2026-01-08,20.9,21.9,20.9,21.0,55500,1165500.0,2425.0,250.0,513970.0,53110.0,4562683.4,27.26,0.52,0.05
2026-01-09,21.3,21.3,20.7,20.8,5500,114400.0,40.0,0.0,8360.0,0.0,4564463.4,27.26,0.01,0.0
2026-01-12,20.8,20.8,20.5,20.5,37000,758500.0,110.0,0.0,22580.0,0.0,4569185.4,27.26,0.02,0.0
2026-01-13,20.6,20.7,20.6,20.7,10900,225630.0,80.0,0.0,16490.0,0.0,4567595.4,27.26,0.02,0.0
2026-01-14,20.7,21.2,20.6,20.8,178100,3704480.0,20.0,10000.0,4140.0,2100000.0,4567585.4,27.26,0.0,2.1
2026-01-15,20.8,21.9,20.8,21.8,89400,1948920.0,240.0,160.0,50340.0,34000.0,4567195.4,27.26,0.05,0.03
2026-01-16,22.0,22.5,21.7,22.0,56700,1247400.0,140.0,70.0,30840.0,15680.0,4567305.4,27.26,0.03,0.02
2026-01-19,22.0,22.5,21.3,21.6,57900,1250640.0,3470.0,190.0,764340.0,41660.0,4575465.4,27.26,0.76,0.04
2026-01-20,21.6,21.6,21.0,21.1,38600,814460.0,210.0,0.0,44950.0,0.0,4574870.4,27.26,0.04,0.0
2026-01-21,21.1,21.3,21.0,21.1,8100,170910.0,140.0,50.0,29480.0,10600.0,4574915.4,27.26,0.03,0.01
2026-01-22,21.1,21.2,20.9,21.2,27300,578760.0,220.0,350.0,46630.0,74200.0,4575145.4,27.26,0.05,0.07
2026-01-23,21.2,21.2,20.5,20.7,16900,349830.0,0.0,19.0,0.0,4125.3,4575305.4,27.26,0.0,0.0
2026-01-26,20.7,20.7,20.5,20.7,10600,219420.0,90.0,0.0,18630.0,0.0,4575215.4,27.26,0.02,0.0
2026-01-27,20.7,21.0,20.7,20.8,11100,230880.0,0.0,0.0,0.0,0.0,4575405.4,27.26,0.0,0.0
2026-01-28,20.8,21.0,20.8,20.8,49000,1019200.0,90.0,0.0,18900.0,0.0,4575295.3,27.26,0.02,0.0
2026-01-29,21.2,21.7,20.9,21.1,19100,403010.0,320.0,80.0,68380.0,17040.0,4574995.3,27.26,0.07,0.02
2026-01-30,21.2,21.3,21.0,21.1,19400,409340.0,300.0,0.0,63630.0,0.0,4574785.3,27.26,0.06,0.0
2026-02-02,21.1,21.3,21.0,21.1,31200,658320.0,200.0,0.0,42020.0,0.0,4574585.3,27.26,0.04,0.0
2026-02-03,21.1,21.1,21.0,21.0,16700,350700.0,0.0,0.0,0.0,0.0,4574585.3,27.26,0.0,0.0
2026-02-04,21.2,22.0,21.1,21.3,89000,1895700.0,0.0,0.0,0.0,0.0,4574605.3,27.26,0.0,0.0
2026-02-05,21.8,22.0,21.2,21.3,66600,1418580.0,3120.0,190.0,677920.0,41500.0,4570985.3,27.26,0.67,0.04
2026-02-06,21.3,21.7,21.3,21.4,63200,1352480.0,20.0,0.0,4300.0,0.0,4571645.3,27.26,0.0,0.0
2026-02-09,21.8,21.8,21.3,21.5,10600,227900.0,200.0,0.0,43600.0,0.0,4571425.3,27.26,0.04,0.0
2026-02-10,21.5,21.5,21.1,21.1,18000,379800.0,0.0,20.0,0.0,4280.0,4571395.3,27.26,0.0,0.0
2026-02-11,20.5,21.4,19.0,21.4,35100,751140.0,0.0,160.0,0.0,31233.6,4571455.3,27.26,0.0,0.03
2026-02-12,23.5,23.5,21.0,21.1,18400,388240.0,0.0,0.0,0.0,0.0,4571455.3,27.26,0.0,0.0
2026-02-13,21.1,21.4,20.9,21.4,12000,256800.0,0.0,0.0,0.0,0.0,4571445.3,27.26,0.0,0.0
2026-02-23,21.4,21.4,21.0,21.1,34100,719510.0,0.0,0.0,0.0,0.0,4571635.7,27.26,0.0,0.0
2026-02-24,21.0,21.3,21.0,21.2,10300,218360.0,500.0,30.0,106000.0,6300.0,4571100.7,27.26,0.11,0.01
2026-02-25,21.1,21.3,21.1,21.3,29100,619830.0,30.0,0.0,6360.0,0.0,4571135.7,27.26,0.01,0.0
2026-02-26,21.3,21.4,21.1,21.3,17400,370620.0,110.0,70.0,23320.0,14850.0,4571025.7,27.26,0.02,0.01
2026-02-27,21.3,21.3,21.0,21.2,13600,288320.0,140.0,0.0,29540.0,0.0,4570874.6,27.26,0.03,0.0
2026-03-02,21.1,21.2,20.6,20.6,66200,1363720.0,690.0,714.0,144070.0,149703.8,4570145.7,27.26,0.14,0.15
2026-03-03,20.5,20.9,20.5,20.9,47000,982300.0,1510.0,0.0,312240.0,0.0,4569435.7,27.26,0.31,0.0
2026-03-04,20.9,21.0,20.4,21.0,50700,1064700.0,880.0,0.0,184400.0,0.0,4568145.7,27.26,0.18,0.0
2026-03-05,21.0,21.4,20.4,21.4,29100,622740.0,2300.0,895.0,486320.0,187060.9,4565780.3,27.26,0.48,0.19
2026-03-06,21.3,21.4,20.8,21.2,1300,27560.0,0.0,0.0,0.0,0.0,4566185.4,27.26,0.0,0.0
2026-03-09,21.2,21.2,20.0,20.4,88900,1813560.0,2090.0,270.0,422230.0,54830.0,4565085.4,27.26,0.42,0.05
2026-03-10,20.8,20.9,20.4,20.7,9300,192510.0,300.0,0.0,61500.0,0.0,4565005.4,27.26,0.06,0.0
2026-03-11,20.9,21.0,20.6,20.8,10800,224640.0,0.0,0.0,0.0,0.0,4564865.4,27.26,0.0,0.0
2026-03-12,20.8,20.9,20.4,20.9,27800,581020.0,330.0,0.0,68440.0,0.0,4564505.4,27.26,0.07,0.0
2026-03-13,20.6,21.0,20.6,20.9,2600,54339.99999999999,130.0,0.0,27130.0,0.0,4564605.4,27.26,0.03,0.0
2026-03-16,20.8,20.9,20.8,20.9,9700,202730.0,740.0,0.0,153920.0,0.0,4563425.4,27.26,0.15,0.0
2026-03-17,20.9,20.9,20.6,20.8,50600,1052480.0,440.0,0.0,91080.0,0.0,4562845.4,27.26,0.09,0.0
2026-03-18,20.8,20.9,20.6,20.9,17900,374110.0,0.0,0.0,0.0,0.0,4561905.4,27.26,0.0,0.0
2026-03-19,20.9,20.9,20.6,20.8,15000,312000.0,200.0,0.0,41400.0,0.0,4561705.4,27.26,0.04,0.0
2026-03-20,20.7,20.8,20.7,20.7,12000,248400.0,100.0,0.0,20700.0,0.0,4563080.4,27.26,0.02,0.0
2026-03-23,20.7,20.9,20.1,20.6,36000,741600.0,5.0,70.0,1020.0,14630.0,4563060.4,27.26,0.0,0.01
2026-03-24,20.8,20.9,20.5,20.5,8800,180400.0,30.0,0.0,6180.0,0.0,4562975.4,27.26,0.01,0.0
2026-03-25,20.6,20.6,20.5,20.5,39500,809750.0,420.0,0.0,86400.0,0.0,4562575.4,27.26,0.09,0.0
2026-03-26,20.5,20.8,20.5,20.8,25200,524160.0,200.0,0.0,41200.0,0.0,4562540.4,27.26,0.04,0.0
2026-03-27,20.7,20.8,20.5,20.8,31800,661440.0,190.0,100.0,39220.0,20500.0,4562170.4,27.26,0.04,0.02
2026-03-30,20.7,20.8,20.7,20.8,20400,424320.0,0.0,0.0,0.0,0.0,4562440.4,27.26,0.0,0.0
2026-03-31,20.9,20.9,20.7,20.8,17900,372320.0,0.0,20.0,0.0,4160.0,4562450.4,27.26,0.0,0.0
2026-04-01,20.9,21.0,20.8,20.8,20600,428480.0,0.0,0.0,0.0,0.0,0.0,27.26,0.0,0.0
2026-04-02,20.7,20.9,20.7,20.7,35600,736920.0,0.0,8100.0,0.0,0.17,0.0,27.26,0.0,0.17
2026-04-03,20.6,20.8,20.6,20.7,16600,343620.0,0.0,0.0,0.0,0.0,0.0,27.26,0.0,0.0
2026-04-06,20.7,20.9,20.7,20.7,12100,250470.0,0.0,0.0,0.0,0.0,0.0,27.26,0.0,0.0
2026-04-07,20.9,20.9,20.6,20.9,14100,294690.0,100.0,0.0,0.0,0.0,0.0,27.26,0.0,0.0
2026-04-08,21.0,21.2,20.7,21.0,14600,306600.0,2500.0,0.0,0.05,0.0,0.0,27.26,0.05,0.0
2026-04-09,20.9,20.9,20.7,20.8,11300,235040.0,400.0,0.0,0.01,0.0,0.0,27.26,0.01,0.0
2026-04-10,20.8,20.9,20.7,20.9,28000,585200.0,0.0,0.0,0.0,0.0,0.0,27.26,0.0,0.0
2026-04-13,20.9,20.9,20.7,20.7,4800,99360.0,90.0,0.0,18630.0,0.0,4562870.4,27.26,0.02,0.0
2026-04-14,20.7,20.8,20.7,20.8,3500,72800.0,0.0,0.0,0.0,0.0,4562890.4,27.26,0.0,0.0
2026-04-15,20.8,20.8,20.6,20.7,18600,385020.0,30.0,0.0,6210.0,0.0,4562860.4,27.26,0.01,0.0
2026-04-16,20.8,20.8,20.5,20.6,17700,364620.0,50.0,0.0,10310.0,0.0,4562750.4,27.26,0.01,0.0
2026-04-17,20.7,20.7,20.5,20.5,30500,625250.0,20.0,0.0,4140.0,0.0,4562790.4,27.26,0.0,0.0
2026-04-20,20.6,20.6,20.4,20.6,14200,292520.0,240.0,0.0,49440.0,0.0,4562550.4,,,
2026-04-21,20.7,20.7,20.7,20.7,30800,637560.0,0.0,0.0,0.0,0.0,4562550.4,,,
2026-04-22,20.6,20.9,20.6,20.8,12000,249600.0,60.0,0.0,12360.0,0.0,4562490.4,,,
2026-04-23,20.8,20.8,20.5,20.8,5000,104000.0,0.0,0.0,0.0,0.0,4562490.4,,,
2026-04-24,20.7,20.8,20.6,20.8,12500,260000.0,0.0,0.0,0.0,0.0,4562490.4,,,
2026-04-28,20.6,20.7,20.5,20.7,15300,316710.0,0.0,20.0,0.0,4120.0,4562490.4,,,
2026-04-29,20.6,20.7,20.5,20.7,13300,275310.0,0.0,0.0,0.0,0.0,4562490.4,,,
2026-05-04,20.6,20.8,20.6,20.8,16000,332800.0,100.0,100.0,20600.0,20600.0,4562370.4,,,
2026-05-05,20.7,20.8,20.6,20.8,38700,804960.0,20.0,280.0,4160.0,57960.0,4562490.4,,,
2026-05-06,20.8,21.0,20.8,20.8,12600,262080.0,0.0,0.0,0.0,0.0,4562510.4,,,
2026-05-07,20.8,20.8,20.7,20.8,9000,187200.0,0.0,0.0,0.0,0.0,4562510.4,,,
2026-05-08,20.6,20.8,20.6,20.7,14000,289800.0,0.0,0.0,0.0,0.0,4562750.4,,,
2026-05-11,20.7,20.8,20.5,20.7,9200,190440.0,0.0,0.0,0.0,0.0,4562710.4,,,
2026-05-12,20.6,20.7,20.5,20.5,17100,350550.0,0.0,0.0,0.0,0.0,4562760.4,,,
2026-05-13,20.6,20.6,20.5,20.6,7300,150380.0,160.0,0.0,32800.0,0.0,4562580.4,,,
2026-05-14,20.5,20.5,20.2,20.5,27400,561700.0,10.0,0.0,2040.0,0.0,4562560.4,,,
2026-05-18,20.5,20.6,20.5,20.6,2100,43260.0,0.0,0.0,0.0,0.0,4562580.3,,,
2026-05-19,20.6,20.6,20.4,20.5,20300,416150.0,0.0,0.0,0.0,0.0,4562600.3,,,
2026-05-20,20.5,20.6,20.1,20.5,22800,467400.0,30.0,0.0,6090.0,0.0,4562490.3,,,
2026-05-21,20.5,20.5,20.3,20.5,3200,65600.0,100.0,0.0,20350.0,0.0,4562360.3,,,
2026-05-22,20.5,20.5,20.1,20.5,16600,340300.0,0,0,0.0,0.0,4562460.30,,,
